22:00:20,969 - __main__ - INFO - ---------------------------------j1026_2.mm---------------------------------
22:00:21,114 - __main__ - INFO - Sample 0
Solution found proactively quantile
Reached infeasible reactive
22:00:26,664 - __main__ - INFO - Sample 1
Solution found proactively quantile
Reached infeasible reactive
22:00:28,147 - __main__ - INFO - Sample 2
Solution found proactively quantile
Reached infeasible reactive
22:00:29,548 - __main__ - INFO - Sample 3
Solution found proactively quantile
Reached infeasible reactive
22:00:30,963 - __main__ - INFO - Sample 4
Solution found proactively quantile
Reached infeasible reactive
22:00:32,411 - __main__ - INFO - Sample 5
Solution found proactively quantile
Reached infeasible reactive
22:00:33,738 - __main__ - INFO - Sample 6
Solution found proactively quantile
Reached infeasible reactive
22:00:35,321 - __main__ - INFO - Sample 7
Solution found proactively quantile
Reached infeasible reactive
22:00:37,168 - __main__ - INFO - Sample 8
Solution found proactively quantile
Reached infeasible reactive
22:00:38,819 - __main__ - INFO - Sample 9
Solution found proactively quantile
Reached infeasible reactive
22:00:40,423 - __main__ - INFO - ---------------------------------j1035_1.mm---------------------------------
22:00:40,629 - __main__ - INFO - Sample 0
Solution found proactively quantile
Reached infeasible reactive
22:00:40,812 - __main__ - INFO - The solution is infeasible
22:00:40,812 - __main__ - INFO - Sample 1
Solution found proactively quantile
Reached infeasible reactive
22:00:41,055 - __main__ - INFO - The solution is infeasible
22:00:41,055 - __main__ - INFO - Sample 2
Solution found proactively quantile
Reached infeasible reactive
22:00:41,287 - __main__ - INFO - The solution is infeasible
22:00:41,287 - __main__ - INFO - Sample 3
Solution found proactively quantile
Reached infeasible reactive
22:00:41,585 - __main__ - INFO - The solution is infeasible
22:00:41,585 - __main__ - INFO - Sample 4
Solution found proactively quantile
Reached infeasible reactive
22:00:41,835 - __main__ - INFO - The solution is infeasible
22:00:41,835 - __main__ - INFO - Sample 5
Solution found proactively quantile
Reached infeasible reactive
22:00:42,051 - __main__ - INFO - The solution is infeasible
22:00:42,051 - __main__ - INFO - Sample 6
Solution found proactively quantile
Reached infeasible reactive
22:00:42,376 - __main__ - INFO - The solution is infeasible
22:00:42,376 - __main__ - INFO - Sample 7
Solution found proactively quantile
Reached infeasible reactive
22:00:42,538 - __main__ - INFO - The solution is infeasible
22:00:42,538 - __main__ - INFO - Sample 8
Solution found proactively quantile
Reached infeasible reactive
22:00:42,917 - __main__ - INFO - The solution is infeasible
22:00:42,917 - __main__ - INFO - Sample 9
Solution found proactively quantile
Reached infeasible reactive
22:00:43,148 - __main__ - INFO - The solution is infeasible
22:00:43,148 - __main__ - INFO - ---------------------------------j1042_3.mm---------------------------------
22:00:43,222 - __main__ - INFO - Sample 0
Solution found proactively quantile
Reached infeasible reactive
22:00:44,605 - __main__ - INFO - Sample 1
Solution found proactively quantile
Reached infeasible reactive
22:00:46,195 - __main__ - INFO - Sample 2
Solution found proactively quantile
Reached infeasible reactive
22:00:47,554 - __main__ - INFO - Sample 3
Solution found proactively quantile
Reached infeasible reactive
22:00:48,990 - __main__ - INFO - Sample 4
Solution found proactively quantile
Reached infeasible reactive
22:00:50,304 - __main__ - INFO - Sample 5
Solution found proactively quantile
Reached infeasible reactive
22:00:51,698 - __main__ - INFO - Sample 6
Solution found proactively quantile
Reached infeasible reactive
22:00:52,961 - __main__ - INFO - Sample 7
Solution found proactively quantile
Reached infeasible reactive
22:00:54,421 - __main__ - INFO - Sample 8
Solution found proactively quantile
Reached infeasible reactive
22:00:55,778 - __main__ - INFO - Sample 9
Solution found proactively quantile
Reached infeasible reactive
22:00:57,075 - __main__ - INFO - ---------------------------------j1010_1.mm---------------------------------
22:00:57,266 - __main__ - INFO - Sample 0
Solution found proactively quantile
22:00:58,879 - __main__ - INFO - Sample 1
Solution found proactively quantile
Reached infeasible reactive
22:01:00,557 - __main__ - INFO - Sample 2
Solution found proactively quantile
Reached infeasible reactive
22:01:01,951 - __main__ - INFO - Sample 3
Solution found proactively quantile
Reached infeasible reactive
22:01:03,555 - __main__ - INFO - Sample 4
Solution found proactively quantile
Reached infeasible reactive
22:01:05,019 - __main__ - INFO - Sample 5
Solution found proactively quantile
Reached infeasible reactive
22:01:06,362 - __main__ - INFO - Sample 6
Solution found proactively quantile
Reached infeasible reactive
22:01:07,792 - __main__ - INFO - Sample 7
Solution found proactively quantile
Reached infeasible reactive
22:01:09,187 - __main__ - INFO - Sample 8
Solution found proactively quantile
Reached infeasible reactive
22:01:10,631 - __main__ - INFO - Sample 9
Solution found proactively quantile
Reached infeasible reactive
22:01:12,031 - __main__ - INFO - ---------------------------------j1054_5.mm---------------------------------
22:01:12,132 - __main__ - INFO - Sample 0
Solution found proactively quantile
Reached infeasible reactive
22:01:13,546 - __main__ - INFO - Sample 1
Solution found proactively quantile
Reached infeasible reactive
22:01:15,043 - __main__ - INFO - Sample 2
Solution found proactively quantile
Reached infeasible reactive
22:01:16,582 - __main__ - INFO - Sample 3
Solution found proactively quantile
Reached infeasible reactive
22:01:17,965 - __main__ - INFO - Sample 4
Solution found proactively quantile
Reached infeasible reactive
22:01:19,551 - __main__ - INFO - Sample 5
Solution found proactively quantile
Reached infeasible reactive
22:01:21,040 - __main__ - INFO - Sample 6
Solution found proactively quantile
Reached infeasible reactive
22:01:22,425 - __main__ - INFO - Sample 7
Solution found proactively quantile
22:01:24,096 - __main__ - INFO - Sample 8
Solution found proactively quantile
Reached infeasible reactive
22:01:25,666 - __main__ - INFO - Sample 9
Solution found proactively quantile
Reached infeasible reactive
22:01:27,065 - __main__ - INFO - ---------------------------------j1048_3.mm---------------------------------
22:01:27,135 - __main__ - INFO - Sample 0
Solution found proactively quantile
Reached infeasible reactive
22:01:28,764 - __main__ - INFO - Sample 1
Solution found proactively quantile
Reached infeasible reactive
22:01:30,202 - __main__ - INFO - Sample 2
Solution found proactively quantile
Reached infeasible reactive
22:01:31,601 - __main__ - INFO - Sample 3
Solution found proactively quantile
Reached infeasible reactive
22:01:33,043 - __main__ - INFO - Sample 4
Solution found proactively quantile
Reached infeasible reactive
22:01:34,351 - __main__ - INFO - Sample 5
Solution found proactively quantile
Reached infeasible reactive
22:01:35,870 - __main__ - INFO - Sample 6
Solution found proactively quantile
Reached infeasible reactive
22:01:37,186 - __main__ - INFO - Sample 7
Solution found proactively quantile
Reached infeasible reactive
22:01:38,645 - __main__ - INFO - Sample 8
Solution found proactively quantile
Reached infeasible reactive
22:01:40,135 - __main__ - INFO - Sample 9
Solution found proactively quantile
Reached infeasible reactive
22:01:41,563 - __main__ - INFO - ---------------------------------j1014_3.mm---------------------------------
22:01:41,604 - __main__ - INFO - Sample 0
Solution found proactively quantile
Reached infeasible reactive
22:01:41,717 - __main__ - INFO - The solution is infeasible
22:01:41,718 - __main__ - INFO - Sample 1
Solution found proactively quantile
Reached infeasible reactive
22:01:41,841 - __main__ - INFO - The solution is infeasible
22:01:41,841 - __main__ - INFO - Sample 2
Solution found proactively quantile
Reached infeasible reactive
22:01:41,969 - __main__ - INFO - The solution is infeasible
22:01:41,969 - __main__ - INFO - Sample 3
Solution found proactively quantile
Reached infeasible reactive
22:01:42,089 - __main__ - INFO - The solution is infeasible
22:01:42,089 - __main__ - INFO - Sample 4
Solution found proactively quantile
Reached infeasible reactive
22:01:42,219 - __main__ - INFO - The solution is infeasible
22:01:42,219 - __main__ - INFO - Sample 5
Solution found proactively quantile
Reached infeasible reactive
22:01:42,425 - __main__ - INFO - The solution is infeasible
22:01:42,425 - __main__ - INFO - Sample 6
Solution found proactively quantile
Reached infeasible reactive
22:01:42,553 - __main__ - INFO - The solution is infeasible
22:01:42,554 - __main__ - INFO - Sample 7
Solution found proactively quantile
Reached infeasible reactive
22:01:42,670 - __main__ - INFO - The solution is infeasible
22:01:42,671 - __main__ - INFO - Sample 8
Solution found proactively quantile
Reached infeasible reactive
22:01:42,792 - __main__ - INFO - The solution is infeasible
22:01:42,792 - __main__ - INFO - Sample 9
Solution found proactively quantile
Reached infeasible reactive
22:01:42,913 - __main__ - INFO - The solution is infeasible
22:01:42,913 - __main__ - INFO - ---------------------------------j1021_6.mm---------------------------------
22:01:42,971 - __main__ - INFO - Sample 0
Solution found proactively quantile
Reached infeasible reactive
22:01:44,313 - __main__ - INFO - Sample 1
Solution found proactively quantile
Reached infeasible reactive
22:01:45,720 - __main__ - INFO - Sample 2
Solution found proactively quantile
Reached infeasible reactive
22:01:47,156 - __main__ - INFO - Sample 3
Solution found proactively quantile
Reached infeasible reactive
22:01:48,415 - __main__ - INFO - Sample 4
Solution found proactively quantile
Reached infeasible reactive
22:01:49,898 - __main__ - INFO - Sample 5
Solution found proactively quantile
Reached infeasible reactive
22:01:51,166 - __main__ - INFO - Sample 6
Solution found proactively quantile
Reached infeasible reactive
22:01:52,528 - __main__ - INFO - Sample 7
Solution found proactively quantile
Reached infeasible reactive
22:01:53,854 - __main__ - INFO - Sample 8
Solution found proactively quantile
Reached infeasible reactive
22:01:55,319 - __main__ - INFO - Sample 9
Solution found proactively quantile
Reached infeasible reactive
22:01:56,639 - __main__ - INFO - ---------------------------------j1023_5.mm---------------------------------
22:01:56,776 - __main__ - INFO - Sample 0
Solution found proactively quantile
Reached infeasible reactive
22:01:58,191 - __main__ - INFO - Sample 1
Solution found proactively quantile
Reached infeasible reactive
22:01:59,708 - __main__ - INFO - Sample 2
Solution found proactively quantile
Reached infeasible reactive
22:02:01,219 - __main__ - INFO - Sample 3
Solution found proactively quantile
Reached infeasible reactive
22:02:02,723 - __main__ - INFO - Sample 4
Solution found proactively quantile
Reached infeasible reactive
22:02:04,435 - __main__ - INFO - Sample 5
Solution found proactively quantile
Reached infeasible reactive
22:02:05,887 - __main__ - INFO - Sample 6
Solution found proactively quantile
Reached infeasible reactive
22:02:07,456 - __main__ - INFO - Sample 7
Solution found proactively quantile
Reached infeasible reactive
22:02:08,804 - __main__ - INFO - Sample 8
Solution found proactively quantile
Reached infeasible reactive
22:02:10,254 - __main__ - INFO - Sample 9
Solution found proactively quantile
Reached infeasible reactive
22:02:11,817 - __main__ - INFO - ---------------------------------j1045_1.mm---------------------------------
22:02:11,867 - __main__ - INFO - Sample 0
Solution found proactively quantile
22:02:12,043 - __main__ - INFO - The solution is infeasible
22:02:12,221 - __main__ - INFO - The solution is infeasible
22:02:12,222 - __main__ - INFO - Sample 1
Solution found proactively quantile
22:02:12,397 - __main__ - INFO - The solution is infeasible
22:02:12,575 - __main__ - INFO - The solution is infeasible
22:02:12,576 - __main__ - INFO - Sample 2
Solution found proactively quantile
22:02:12,748 - __main__ - INFO - The solution is infeasible
22:02:12,925 - __main__ - INFO - The solution is infeasible
22:02:12,925 - __main__ - INFO - Sample 3
Solution found proactively quantile
22:02:13,098 - __main__ - INFO - The solution is infeasible
22:02:13,276 - __main__ - INFO - The solution is infeasible
22:02:13,277 - __main__ - INFO - Sample 4
Solution found proactively quantile
22:02:13,450 - __main__ - INFO - The solution is infeasible
22:02:13,631 - __main__ - INFO - The solution is infeasible
22:02:13,631 - __main__ - INFO - Sample 5
Solution found proactively quantile
22:02:13,803 - __main__ - INFO - The solution is infeasible
22:02:13,984 - __main__ - INFO - The solution is infeasible
22:02:13,984 - __main__ - INFO - Sample 6
Solution found proactively quantile
22:02:14,159 - __main__ - INFO - The solution is infeasible
22:02:14,340 - __main__ - INFO - The solution is infeasible
22:02:14,340 - __main__ - INFO - Sample 7
Solution found proactively quantile
22:02:14,513 - __main__ - INFO - The solution is infeasible
22:02:14,690 - __main__ - INFO - The solution is infeasible
22:02:14,691 - __main__ - INFO - Sample 8
Solution found proactively quantile
22:02:14,865 - __main__ - INFO - The solution is infeasible
22:02:15,046 - __main__ - INFO - The solution is infeasible
22:02:15,046 - __main__ - INFO - Sample 9
Solution found proactively quantile
22:02:15,219 - __main__ - INFO - The solution is infeasible
22:02:15,396 - __main__ - INFO - The solution is infeasible
22:02:15,396 - __main__ - INFO - ---------------------------------j1026_10.mm---------------------------------
22:02:15,475 - __main__ - INFO - Sample 0
Solution found proactively quantile
Reached infeasible reactive
22:02:15,614 - __main__ - INFO - The solution is infeasible
22:02:15,614 - __main__ - INFO - Sample 1
Solution found proactively quantile
Reached infeasible reactive
22:02:15,785 - __main__ - INFO - The solution is infeasible
22:02:15,785 - __main__ - INFO - Sample 2
Solution found proactively quantile
Reached infeasible reactive
22:02:16,008 - __main__ - INFO - The solution is infeasible
22:02:16,008 - __main__ - INFO - Sample 3
Solution found proactively quantile
Reached infeasible reactive
22:02:16,246 - __main__ - INFO - The solution is infeasible
22:02:16,246 - __main__ - INFO - Sample 4
Solution found proactively quantile
Reached infeasible reactive
22:02:16,489 - __main__ - INFO - The solution is infeasible
22:02:16,489 - __main__ - INFO - Sample 5
Solution found proactively quantile
Reached infeasible reactive
22:02:16,682 - __main__ - INFO - The solution is infeasible
22:02:16,682 - __main__ - INFO - Sample 6
Solution found proactively quantile
Reached infeasible reactive
22:02:16,879 - __main__ - INFO - The solution is infeasible
22:02:16,879 - __main__ - INFO - Sample 7
Solution found proactively quantile
Reached infeasible reactive
22:02:17,028 - __main__ - INFO - The solution is infeasible
22:02:17,028 - __main__ - INFO - Sample 8
Solution found proactively quantile
Reached infeasible reactive
22:02:17,269 - __main__ - INFO - The solution is infeasible
22:02:17,269 - __main__ - INFO - Sample 9
Solution found proactively quantile
Reached infeasible reactive
22:02:17,500 - __main__ - INFO - The solution is infeasible
22:02:17,501 - __main__ - INFO - ---------------------------------j1016_3.mm---------------------------------
22:02:17,664 - __main__ - INFO - Sample 0
Solution found proactively quantile
Reached infeasible reactive
22:02:19,042 - __main__ - INFO - Sample 1
Solution found proactively quantile
Reached infeasible reactive
22:02:20,424 - __main__ - INFO - Sample 2
Solution found proactively quantile
Reached infeasible reactive
22:02:21,635 - __main__ - INFO - Sample 3
Solution found proactively quantile
Reached infeasible reactive
22:02:23,016 - __main__ - INFO - Sample 4
Solution found proactively quantile
Reached infeasible reactive
22:02:24,267 - __main__ - INFO - Sample 5
Solution found proactively quantile
Reached infeasible reactive
22:02:25,437 - __main__ - INFO - Sample 6
Solution found proactively quantile
Reached infeasible reactive
22:02:26,678 - __main__ - INFO - Sample 7
Solution found proactively quantile
Reached infeasible reactive
22:02:28,016 - __main__ - INFO - Sample 8
Solution found proactively quantile
Reached infeasible reactive
22:02:29,306 - __main__ - INFO - Sample 9
Solution found proactively quantile
Reached infeasible reactive
22:02:30,469 - __main__ - INFO - ---------------------------------j102_5.mm---------------------------------
22:02:30,560 - __main__ - INFO - Sample 0
Solution found proactively quantile
Reached infeasible reactive
22:02:32,069 - __main__ - INFO - Sample 1
Solution found proactively quantile
Reached infeasible reactive
22:02:33,580 - __main__ - INFO - Sample 2
Solution found proactively quantile
Reached infeasible reactive
22:02:35,073 - __main__ - INFO - Sample 3
Solution found proactively quantile
Reached infeasible reactive
22:02:36,527 - __main__ - INFO - Sample 4
Solution found proactively quantile
Reached infeasible reactive
22:02:38,042 - __main__ - INFO - Sample 5
Solution found proactively quantile
Reached infeasible reactive
22:02:39,501 - __main__ - INFO - Sample 6
Solution found proactively quantile
Reached infeasible reactive
22:02:40,846 - __main__ - INFO - Sample 7
Solution found proactively quantile
Reached infeasible reactive
22:02:42,310 - __main__ - INFO - Sample 8
Solution found proactively quantile
Reached infeasible reactive
22:02:43,847 - __main__ - INFO - Sample 9
Solution found proactively quantile
Reached infeasible reactive
22:02:45,221 - __main__ - INFO - ---------------------------------j1064_5.mm---------------------------------
22:02:45,358 - __main__ - INFO - Sample 0
Solution found proactively quantile
Reached infeasible reactive
22:02:45,499 - __main__ - INFO - The solution is infeasible
22:02:45,499 - __main__ - INFO - Sample 1
Solution found proactively quantile
Reached infeasible reactive
22:02:45,647 - __main__ - INFO - The solution is infeasible
22:02:45,647 - __main__ - INFO - Sample 2
Solution found proactively quantile
Reached infeasible reactive
22:02:45,787 - __main__ - INFO - The solution is infeasible
22:02:45,787 - __main__ - INFO - Sample 3
Solution found proactively quantile
Reached infeasible reactive
22:02:45,920 - __main__ - INFO - The solution is infeasible
22:02:45,920 - __main__ - INFO - Sample 4
Solution found proactively quantile
Reached infeasible reactive
22:02:46,054 - __main__ - INFO - The solution is infeasible
22:02:46,054 - __main__ - INFO - Sample 5
Solution found proactively quantile
Reached infeasible reactive
22:02:46,188 - __main__ - INFO - The solution is infeasible
22:02:46,188 - __main__ - INFO - Sample 6
Solution found proactively quantile
Reached infeasible reactive
22:02:46,401 - __main__ - INFO - The solution is infeasible
22:02:46,401 - __main__ - INFO - Sample 7
Solution found proactively quantile
Reached infeasible reactive
22:02:46,538 - __main__ - INFO - The solution is infeasible
22:02:46,538 - __main__ - INFO - Sample 8
Solution found proactively quantile
Reached infeasible reactive
22:02:46,684 - __main__ - INFO - The solution is infeasible
22:02:46,684 - __main__ - INFO - Sample 9
Solution found proactively quantile
Reached infeasible reactive
22:02:46,896 - __main__ - INFO - The solution is infeasible
22:02:46,896 - __main__ - INFO - ---------------------------------j104_10.mm---------------------------------
22:02:46,972 - __main__ - INFO - Sample 0
Solution found proactively quantile
22:02:47,125 - __main__ - INFO - The solution is infeasible
22:02:47,281 - __main__ - INFO - The solution is infeasible
22:02:47,281 - __main__ - INFO - Sample 1
Solution found proactively quantile
22:02:47,434 - __main__ - INFO - The solution is infeasible
22:02:47,590 - __main__ - INFO - The solution is infeasible
22:02:47,590 - __main__ - INFO - Sample 2
Solution found proactively quantile
22:02:47,820 - __main__ - INFO - The solution is infeasible
22:02:47,975 - __main__ - INFO - The solution is infeasible
22:02:47,976 - __main__ - INFO - Sample 3
Solution found proactively quantile
22:02:48,128 - __main__ - INFO - The solution is infeasible
22:02:48,287 - __main__ - INFO - The solution is infeasible
22:02:48,287 - __main__ - INFO - Sample 4
Solution found proactively quantile
22:02:48,440 - __main__ - INFO - The solution is infeasible
22:02:48,598 - __main__ - INFO - The solution is infeasible
22:02:48,598 - __main__ - INFO - Sample 5
Solution found proactively quantile
22:02:48,751 - __main__ - INFO - The solution is infeasible
22:02:48,908 - __main__ - INFO - The solution is infeasible
22:02:48,908 - __main__ - INFO - Sample 6
Solution found proactively quantile
22:02:49,062 - __main__ - INFO - The solution is infeasible
22:02:49,220 - __main__ - INFO - The solution is infeasible
22:02:49,220 - __main__ - INFO - Sample 7
Solution found proactively quantile
22:02:49,372 - __main__ - INFO - The solution is infeasible
22:02:49,528 - __main__ - INFO - The solution is infeasible
22:02:49,528 - __main__ - INFO - Sample 8
Solution found proactively quantile
22:02:49,682 - __main__ - INFO - The solution is infeasible
22:02:49,840 - __main__ - INFO - The solution is infeasible
22:02:49,840 - __main__ - INFO - Sample 9
Solution found proactively quantile
22:02:49,995 - __main__ - INFO - The solution is infeasible
22:02:50,151 - __main__ - INFO - The solution is infeasible
22:02:50,152 - __main__ - INFO - ---------------------------------j1059_5.mm---------------------------------
22:02:50,198 - __main__ - INFO - Sample 0
Solution found proactively quantile
Reached infeasible reactive
22:02:51,681 - __main__ - INFO - Sample 1
Solution found proactively quantile
Reached infeasible reactive
22:02:53,006 - __main__ - INFO - Sample 2
Solution found proactively quantile
Reached infeasible reactive
22:02:54,350 - __main__ - INFO - Sample 3
Solution found proactively quantile
Reached infeasible reactive
22:02:55,745 - __main__ - INFO - Sample 4
Solution found proactively quantile
Reached infeasible reactive
22:02:57,006 - __main__ - INFO - Sample 5
Solution found proactively quantile
Reached infeasible reactive
22:02:58,384 - __main__ - INFO - Sample 6
Solution found proactively quantile
Reached infeasible reactive
22:02:59,705 - __main__ - INFO - Sample 7
Solution found proactively quantile
Reached infeasible reactive
22:03:01,084 - __main__ - INFO - Sample 8
Solution found proactively quantile
Reached infeasible reactive
22:03:02,424 - __main__ - INFO - Sample 9
Solution found proactively quantile
Reached infeasible reactive
22:03:03,854 - __main__ - INFO - ---------------------------------j1047_2.mm---------------------------------
22:03:03,893 - __main__ - INFO - Sample 0
Solution found proactively quantile
Reached infeasible reactive
22:03:05,309 - __main__ - INFO - Sample 1
Solution found proactively quantile
Reached infeasible reactive
22:03:06,734 - __main__ - INFO - Sample 2
Solution found proactively quantile
Reached infeasible reactive
22:03:08,182 - __main__ - INFO - Sample 3
Solution found proactively quantile
Reached infeasible reactive
22:03:09,570 - __main__ - INFO - Sample 4
Solution found proactively quantile
Reached infeasible reactive
22:03:10,998 - __main__ - INFO - Sample 5
Solution found proactively quantile
Reached infeasible reactive
22:03:12,402 - __main__ - INFO - Sample 6
Solution found proactively quantile
Reached infeasible reactive
22:03:13,997 - __main__ - INFO - Sample 7
Solution found proactively quantile
Reached infeasible reactive
22:03:15,540 - __main__ - INFO - Sample 8
Solution found proactively quantile
Reached infeasible reactive
22:03:16,947 - __main__ - INFO - Sample 9
Solution found proactively quantile
Reached infeasible reactive
22:03:18,465 - __main__ - INFO - ---------------------------------j1054_1.mm---------------------------------
22:03:18,504 - __main__ - INFO - Sample 0
Solution found proactively quantile
22:03:18,613 - __main__ - INFO - The solution is infeasible
22:03:18,700 - __main__ - INFO - The solution is infeasible
22:03:18,700 - __main__ - INFO - Sample 1
Solution found proactively quantile
22:03:18,808 - __main__ - INFO - The solution is infeasible
22:03:18,896 - __main__ - INFO - The solution is infeasible
22:03:18,896 - __main__ - INFO - Sample 2
Solution found proactively quantile
22:03:19,003 - __main__ - INFO - The solution is infeasible
22:03:19,089 - __main__ - INFO - The solution is infeasible
22:03:19,089 - __main__ - INFO - Sample 3
Solution found proactively quantile
22:03:19,197 - __main__ - INFO - The solution is infeasible
22:03:19,284 - __main__ - INFO - The solution is infeasible
22:03:19,284 - __main__ - INFO - Sample 4
Solution found proactively quantile
22:03:19,391 - __main__ - INFO - The solution is infeasible
22:03:19,477 - __main__ - INFO - The solution is infeasible
22:03:19,477 - __main__ - INFO - Sample 5
Solution found proactively quantile
22:03:19,586 - __main__ - INFO - The solution is infeasible
22:03:19,673 - __main__ - INFO - The solution is infeasible
22:03:19,673 - __main__ - INFO - Sample 6
Solution found proactively quantile
22:03:19,780 - __main__ - INFO - The solution is infeasible
22:03:19,867 - __main__ - INFO - The solution is infeasible
22:03:19,867 - __main__ - INFO - Sample 7
Solution found proactively quantile
22:03:19,975 - __main__ - INFO - The solution is infeasible
22:03:20,061 - __main__ - INFO - The solution is infeasible
22:03:20,061 - __main__ - INFO - Sample 8
Solution found proactively quantile
22:03:20,168 - __main__ - INFO - The solution is infeasible
22:03:20,256 - __main__ - INFO - The solution is infeasible
22:03:20,256 - __main__ - INFO - Sample 9
Solution found proactively quantile
22:03:20,364 - __main__ - INFO - The solution is infeasible
22:03:20,451 - __main__ - INFO - The solution is infeasible
22:03:20,451 - __main__ - INFO - ---------------------------------j1060_9.mm---------------------------------
22:03:20,596 - __main__ - INFO - Sample 0
Solution found proactively quantile
Reached infeasible reactive
22:03:21,918 - __main__ - INFO - Sample 1
Solution found proactively quantile
Reached infeasible reactive
22:03:23,344 - __main__ - INFO - Sample 2
Solution found proactively quantile
Reached infeasible reactive
22:03:24,771 - __main__ - INFO - Sample 3
Solution found proactively quantile
Reached infeasible reactive
22:03:26,068 - __main__ - INFO - Sample 4
Solution found proactively quantile
22:03:27,483 - __main__ - INFO - Sample 5
Solution found proactively quantile
Reached infeasible reactive
22:03:28,812 - __main__ - INFO - Sample 6
Solution found proactively quantile
Reached infeasible reactive
22:03:30,195 - __main__ - INFO - Sample 7
Solution found proactively quantile
Reached infeasible reactive
22:03:31,511 - __main__ - INFO - Sample 8
Solution found proactively quantile
Reached infeasible reactive
22:03:32,851 - __main__ - INFO - Sample 9
Solution found proactively quantile
Reached infeasible reactive
22:03:34,170 - __main__ - INFO - ---------------------------------j1015_10.mm---------------------------------
22:03:34,264 - __main__ - INFO - Sample 0
Solution found proactively quantile
Reached infeasible reactive
22:03:35,870 - __main__ - INFO - Sample 1
Solution found proactively quantile
Reached infeasible reactive
22:03:37,196 - __main__ - INFO - Sample 2
Solution found proactively quantile
Reached infeasible reactive
22:03:38,681 - __main__ - INFO - Sample 3
Solution found proactively quantile
Reached infeasible reactive
22:03:40,287 - __main__ - INFO - Sample 4
Solution found proactively quantile
Reached infeasible reactive
22:03:41,614 - __main__ - INFO - Sample 5
Solution found proactively quantile
Reached infeasible reactive
22:03:43,046 - __main__ - INFO - Sample 6
Solution found proactively quantile
Reached infeasible reactive
22:03:44,420 - __main__ - INFO - Sample 7
Solution found proactively quantile
Reached infeasible reactive
22:03:45,834 - __main__ - INFO - Sample 8
Solution found proactively quantile
Reached infeasible reactive
22:03:47,329 - __main__ - INFO - Sample 9
Solution found proactively quantile
Reached infeasible reactive
22:03:48,697 - __main__ - INFO - ---------------------------------j1062_10.mm---------------------------------
22:03:48,781 - __main__ - INFO - Sample 0
Solution found proactively quantile
Reached infeasible reactive
22:03:50,298 - __main__ - INFO - Sample 1
Solution found proactively quantile
Reached infeasible reactive
22:03:51,754 - __main__ - INFO - Sample 2
Solution found proactively quantile
Reached infeasible reactive
22:03:53,227 - __main__ - INFO - Sample 3
Solution found proactively quantile
Reached infeasible reactive
22:03:54,720 - __main__ - INFO - Sample 4
Solution found proactively quantile
Reached infeasible reactive
22:03:56,179 - __main__ - INFO - Sample 5
Solution found proactively quantile
Reached infeasible reactive
22:03:57,702 - __main__ - INFO - Sample 6
Solution found proactively quantile
Reached infeasible reactive
22:03:59,164 - __main__ - INFO - Sample 7
Solution found proactively quantile
Reached infeasible reactive
22:04:00,655 - __main__ - INFO - Sample 8
Solution found proactively quantile
Reached infeasible reactive
22:04:02,299 - __main__ - INFO - Sample 9
Solution found proactively quantile
Reached infeasible reactive
22:04:03,809 - __main__ - INFO - ---------------------------------j1058_7.mm---------------------------------
22:04:03,853 - __main__ - INFO - Sample 0
Solution found proactively quantile
Reached infeasible reactive
22:04:05,332 - __main__ - INFO - Sample 1
Solution found proactively quantile
Reached infeasible reactive
22:04:06,654 - __main__ - INFO - Sample 2
Solution found proactively quantile
Reached infeasible reactive
22:04:08,193 - __main__ - INFO - Sample 3
Solution found proactively quantile
Reached infeasible reactive
22:04:09,685 - __main__ - INFO - Sample 4
Solution found proactively quantile
22:04:11,120 - __main__ - INFO - Sample 5
Solution found proactively quantile
Reached infeasible reactive
22:04:12,524 - __main__ - INFO - Sample 6
Solution found proactively quantile
Reached infeasible reactive
22:04:13,882 - __main__ - INFO - Sample 7
Solution found proactively quantile
Reached infeasible reactive
22:04:15,339 - __main__ - INFO - Sample 8
Solution found proactively quantile
Reached infeasible reactive
22:04:16,695 - __main__ - INFO - Sample 9
Solution found proactively quantile
Reached infeasible reactive
22:04:18,212 - __main__ - INFO - ---------------------------------j1032_1.mm---------------------------------
22:04:18,267 - __main__ - INFO - Sample 0
Solution found proactively quantile
22:04:18,349 - __main__ - INFO - The solution is infeasible
22:04:18,430 - __main__ - INFO - The solution is infeasible
22:04:18,430 - __main__ - INFO - Sample 1
Solution found proactively quantile
22:04:18,513 - __main__ - INFO - The solution is infeasible
22:04:18,594 - __main__ - INFO - The solution is infeasible
22:04:18,594 - __main__ - INFO - Sample 2
Solution found proactively quantile
22:04:18,674 - __main__ - INFO - The solution is infeasible
22:04:18,756 - __main__ - INFO - The solution is infeasible
22:04:18,756 - __main__ - INFO - Sample 3
Solution found proactively quantile
22:04:18,837 - __main__ - INFO - The solution is infeasible
22:04:18,918 - __main__ - INFO - The solution is infeasible
22:04:18,919 - __main__ - INFO - Sample 4
Solution found proactively quantile
22:04:19,001 - __main__ - INFO - The solution is infeasible
22:04:19,081 - __main__ - INFO - The solution is infeasible
22:04:19,082 - __main__ - INFO - Sample 5
Solution found proactively quantile
22:04:19,161 - __main__ - INFO - The solution is infeasible
22:04:19,242 - __main__ - INFO - The solution is infeasible
22:04:19,242 - __main__ - INFO - Sample 6
Solution found proactively quantile
22:04:19,324 - __main__ - INFO - The solution is infeasible
22:04:19,405 - __main__ - INFO - The solution is infeasible
22:04:19,405 - __main__ - INFO - Sample 7
Solution found proactively quantile
22:04:19,486 - __main__ - INFO - The solution is infeasible
22:04:19,566 - __main__ - INFO - The solution is infeasible
22:04:19,567 - __main__ - INFO - Sample 8
Solution found proactively quantile
22:04:19,648 - __main__ - INFO - The solution is infeasible
22:04:19,728 - __main__ - INFO - The solution is infeasible
22:04:19,729 - __main__ - INFO - Sample 9
Solution found proactively quantile
22:04:19,809 - __main__ - INFO - The solution is infeasible
22:04:19,890 - __main__ - INFO - The solution is infeasible
22:04:19,890 - __main__ - INFO - ---------------------------------j1038_8.mm---------------------------------
22:04:19,991 - __main__ - INFO - Sample 0
Solution found proactively quantile
Reached infeasible reactive
22:04:20,230 - __main__ - INFO - The solution is infeasible
22:04:20,230 - __main__ - INFO - Sample 1
Solution found proactively quantile
Reached infeasible reactive
22:04:20,418 - __main__ - INFO - The solution is infeasible
22:04:20,418 - __main__ - INFO - Sample 2
Solution found proactively quantile
Reached infeasible reactive
22:04:20,651 - __main__ - INFO - The solution is infeasible
22:04:20,651 - __main__ - INFO - Sample 3
Solution found proactively quantile
Reached infeasible reactive
22:04:20,898 - __main__ - INFO - The solution is infeasible
22:04:20,899 - __main__ - INFO - Sample 4
Solution found proactively quantile
Reached infeasible reactive
22:04:21,132 - __main__ - INFO - The solution is infeasible
22:04:21,132 - __main__ - INFO - Sample 5
Solution found proactively quantile
Reached infeasible reactive
22:04:21,384 - __main__ - INFO - The solution is infeasible
22:04:21,384 - __main__ - INFO - Sample 6
Solution found proactively quantile
Reached infeasible reactive
22:04:21,605 - __main__ - INFO - The solution is infeasible
22:04:21,605 - __main__ - INFO - Sample 7
Solution found proactively quantile
Reached infeasible reactive
22:04:21,820 - __main__ - INFO - The solution is infeasible
22:04:21,820 - __main__ - INFO - Sample 8
Solution found proactively quantile
Reached infeasible reactive
22:04:22,036 - __main__ - INFO - The solution is infeasible
22:04:22,037 - __main__ - INFO - Sample 9
Solution found proactively quantile
Reached infeasible reactive
22:04:22,293 - __main__ - INFO - The solution is infeasible
22:04:22,293 - __main__ - INFO - ---------------------------------j1051_6.mm---------------------------------
22:04:22,417 - __main__ - INFO - Sample 0
Solution found proactively quantile
Reached infeasible reactive
22:04:23,626 - __main__ - INFO - Sample 1
Solution found proactively quantile
22:04:24,801 - __main__ - INFO - Sample 2
Solution found proactively quantile
Reached infeasible reactive
22:04:26,032 - __main__ - INFO - Sample 3
Solution found proactively quantile
22:04:27,259 - __main__ - INFO - Sample 4
Solution found proactively quantile
Reached infeasible reactive
22:04:28,481 - __main__ - INFO - Sample 5
Solution found proactively quantile
Reached infeasible reactive
22:04:29,730 - __main__ - INFO - Sample 6
Solution found proactively quantile
Reached infeasible reactive
22:04:31,061 - __main__ - INFO - Sample 7
Solution found proactively quantile
Reached infeasible reactive
22:04:32,205 - __main__ - INFO - Sample 8
Solution found proactively quantile
Reached infeasible reactive
22:04:33,471 - __main__ - INFO - Sample 9
Solution found proactively quantile
Reached infeasible reactive
22:04:34,584 - __main__ - INFO - ---------------------------------j1024_10.mm---------------------------------
22:04:34,628 - __main__ - INFO - Sample 0
Solution found proactively quantile
22:04:34,756 - __main__ - INFO - The solution is infeasible
22:04:34,880 - __main__ - INFO - The solution is infeasible
22:04:34,880 - __main__ - INFO - Sample 1
Solution found proactively quantile
22:04:35,008 - __main__ - INFO - The solution is infeasible
22:04:35,132 - __main__ - INFO - The solution is infeasible
22:04:35,132 - __main__ - INFO - Sample 2
Solution found proactively quantile
22:04:35,258 - __main__ - INFO - The solution is infeasible
22:04:35,382 - __main__ - INFO - The solution is infeasible
22:04:35,382 - __main__ - INFO - Sample 3
Solution found proactively quantile
22:04:35,510 - __main__ - INFO - The solution is infeasible
22:04:35,636 - __main__ - INFO - The solution is infeasible
22:04:35,637 - __main__ - INFO - Sample 4
Solution found proactively quantile
22:04:35,764 - __main__ - INFO - The solution is infeasible
22:04:35,890 - __main__ - INFO - The solution is infeasible
22:04:35,890 - __main__ - INFO - Sample 5
Solution found proactively quantile
22:04:36,017 - __main__ - INFO - The solution is infeasible
22:04:36,141 - __main__ - INFO - The solution is infeasible
22:04:36,141 - __main__ - INFO - Sample 6
Solution found proactively quantile
22:04:36,267 - __main__ - INFO - The solution is infeasible
22:04:36,393 - __main__ - INFO - The solution is infeasible
22:04:36,393 - __main__ - INFO - Sample 7
Solution found proactively quantile
22:04:36,519 - __main__ - INFO - The solution is infeasible
22:04:36,644 - __main__ - INFO - The solution is infeasible
22:04:36,644 - __main__ - INFO - Sample 8
Solution found proactively quantile
22:04:36,770 - __main__ - INFO - The solution is infeasible
22:04:36,894 - __main__ - INFO - The solution is infeasible
22:04:36,894 - __main__ - INFO - Sample 9
Solution found proactively quantile
22:04:37,020 - __main__ - INFO - The solution is infeasible
22:04:37,144 - __main__ - INFO - The solution is infeasible
22:04:37,145 - __main__ - INFO - ---------------------------------j1063_5.mm---------------------------------
22:04:37,201 - __main__ - INFO - Sample 0
Solution found proactively quantile
22:04:37,273 - __main__ - INFO - The solution is infeasible
22:04:37,419 - __main__ - INFO - The solution is infeasible
22:04:37,419 - __main__ - INFO - Sample 1
Solution found proactively quantile
22:04:37,493 - __main__ - INFO - The solution is infeasible
22:04:37,637 - __main__ - INFO - The solution is infeasible
22:04:37,637 - __main__ - INFO - Sample 2
Solution found proactively quantile
22:04:37,710 - __main__ - INFO - The solution is infeasible
22:04:37,854 - __main__ - INFO - The solution is infeasible
22:04:37,854 - __main__ - INFO - Sample 3
Solution found proactively quantile
22:04:37,927 - __main__ - INFO - The solution is infeasible
22:04:38,073 - __main__ - INFO - The solution is infeasible
22:04:38,073 - __main__ - INFO - Sample 4
Solution found proactively quantile
22:04:38,145 - __main__ - INFO - The solution is infeasible
22:04:38,290 - __main__ - INFO - The solution is infeasible
22:04:38,290 - __main__ - INFO - Sample 5
Solution found proactively quantile
22:04:38,363 - __main__ - INFO - The solution is infeasible
22:04:38,508 - __main__ - INFO - The solution is infeasible
22:04:38,508 - __main__ - INFO - Sample 6
Solution found proactively quantile
22:04:38,581 - __main__ - INFO - The solution is infeasible
22:04:38,808 - __main__ - INFO - The solution is infeasible
22:04:38,808 - __main__ - INFO - Sample 7
Solution found proactively quantile
22:04:38,882 - __main__ - INFO - The solution is infeasible
22:04:39,029 - __main__ - INFO - The solution is infeasible
22:04:39,029 - __main__ - INFO - Sample 8
Solution found proactively quantile
22:04:39,101 - __main__ - INFO - The solution is infeasible
22:04:39,247 - __main__ - INFO - The solution is infeasible
22:04:39,247 - __main__ - INFO - Sample 9
Solution found proactively quantile
22:04:39,321 - __main__ - INFO - The solution is infeasible
22:04:39,466 - __main__ - INFO - The solution is infeasible
22:04:39,466 - __main__ - INFO - ---------------------------------j103_6.mm---------------------------------
22:04:39,508 - __main__ - INFO - Sample 0
Solution found proactively quantile
22:04:39,581 - __main__ - INFO - The solution is infeasible
22:04:39,682 - __main__ - INFO - The solution is infeasible
22:04:39,682 - __main__ - INFO - Sample 1
Solution found proactively quantile
22:04:39,756 - __main__ - INFO - The solution is infeasible
22:04:39,857 - __main__ - INFO - The solution is infeasible
22:04:39,857 - __main__ - INFO - Sample 2
Solution found proactively quantile
22:04:39,929 - __main__ - INFO - The solution is infeasible
22:04:40,029 - __main__ - INFO - The solution is infeasible
22:04:40,029 - __main__ - INFO - Sample 3
Solution found proactively quantile
22:04:40,101 - __main__ - INFO - The solution is infeasible
22:04:40,202 - __main__ - INFO - The solution is infeasible
22:04:40,202 - __main__ - INFO - Sample 4
Solution found proactively quantile
22:04:40,274 - __main__ - INFO - The solution is infeasible
22:04:40,374 - __main__ - INFO - The solution is infeasible
22:04:40,374 - __main__ - INFO - Sample 5
Solution found proactively quantile
22:04:40,448 - __main__ - INFO - The solution is infeasible
22:04:40,547 - __main__ - INFO - The solution is infeasible
22:04:40,547 - __main__ - INFO - Sample 6
Solution found proactively quantile
22:04:40,620 - __main__ - INFO - The solution is infeasible
22:04:40,719 - __main__ - INFO - The solution is infeasible
22:04:40,719 - __main__ - INFO - Sample 7
Solution found proactively quantile
22:04:40,793 - __main__ - INFO - The solution is infeasible
22:04:40,893 - __main__ - INFO - The solution is infeasible
22:04:40,893 - __main__ - INFO - Sample 8
Solution found proactively quantile
22:04:40,967 - __main__ - INFO - The solution is infeasible
22:04:41,067 - __main__ - INFO - The solution is infeasible
22:04:41,067 - __main__ - INFO - Sample 9
Solution found proactively quantile
22:04:41,141 - __main__ - INFO - The solution is infeasible
22:04:41,242 - __main__ - INFO - The solution is infeasible
22:04:41,242 - __main__ - INFO - ---------------------------------j1027_7.mm---------------------------------
22:04:41,296 - __main__ - INFO - Sample 0
Solution found proactively quantile
Reached infeasible reactive
22:04:42,647 - __main__ - INFO - Sample 1
Solution found proactively quantile
Reached infeasible reactive
22:04:44,078 - __main__ - INFO - Sample 2
Solution found proactively quantile
Reached infeasible reactive
22:04:45,471 - __main__ - INFO - Sample 3
Solution found proactively quantile
Reached infeasible reactive
22:04:46,915 - __main__ - INFO - Sample 4
Solution found proactively quantile
Reached infeasible reactive
22:04:48,366 - __main__ - INFO - Sample 5
Solution found proactively quantile
Reached infeasible reactive
22:04:49,736 - __main__ - INFO - Sample 6
Solution found proactively quantile
Reached infeasible reactive
22:04:51,176 - __main__ - INFO - Sample 7
Solution found proactively quantile
Reached infeasible reactive
22:04:52,645 - __main__ - INFO - Sample 8
Solution found proactively quantile
Reached infeasible reactive
22:04:54,003 - __main__ - INFO - Sample 9
Solution found proactively quantile
Reached infeasible reactive
22:04:55,467 - __main__ - INFO - ---------------------------------j1012_5.mm---------------------------------
22:04:55,542 - __main__ - INFO - Sample 0
Solution found proactively quantile
Reached infeasible reactive
22:04:55,664 - __main__ - INFO - The solution is infeasible
22:04:55,664 - __main__ - INFO - Sample 1
Solution found proactively quantile
Reached infeasible reactive
22:04:55,790 - __main__ - INFO - The solution is infeasible
22:04:55,790 - __main__ - INFO - Sample 2
Solution found proactively quantile
Reached infeasible reactive
22:04:55,912 - __main__ - INFO - The solution is infeasible
22:04:55,912 - __main__ - INFO - Sample 3
Solution found proactively quantile
Reached infeasible reactive
22:04:56,036 - __main__ - INFO - The solution is infeasible
22:04:56,036 - __main__ - INFO - Sample 4
Solution found proactively quantile
Reached infeasible reactive
22:04:56,189 - __main__ - INFO - The solution is infeasible
22:04:56,189 - __main__ - INFO - Sample 5
Solution found proactively quantile
Reached infeasible reactive
22:04:56,317 - __main__ - INFO - The solution is infeasible
22:04:56,317 - __main__ - INFO - Sample 6
Solution found proactively quantile
Reached infeasible reactive
22:04:56,470 - __main__ - INFO - The solution is infeasible
22:04:56,470 - __main__ - INFO - Sample 7
Solution found proactively quantile
Reached infeasible reactive
22:04:56,595 - __main__ - INFO - The solution is infeasible
22:04:56,595 - __main__ - INFO - Sample 8
Solution found proactively quantile
Reached infeasible reactive
22:04:56,734 - __main__ - INFO - The solution is infeasible
22:04:56,734 - __main__ - INFO - Sample 9
Solution found proactively quantile
Reached infeasible reactive
22:04:56,872 - __main__ - INFO - The solution is infeasible
22:04:56,872 - __main__ - INFO - ---------------------------------j1022_5.mm---------------------------------
22:04:56,929 - __main__ - INFO - Sample 0
Solution found proactively quantile
Reached infeasible reactive
22:04:58,314 - __main__ - INFO - Sample 1
Solution found proactively quantile
Reached infeasible reactive
22:04:59,925 - __main__ - INFO - Sample 2
Solution found proactively quantile
Reached infeasible reactive
22:05:01,492 - __main__ - INFO - Sample 3
Solution found proactively quantile
Reached infeasible reactive
22:05:03,116 - __main__ - INFO - Sample 4
Solution found proactively quantile
Reached infeasible reactive
22:05:04,605 - __main__ - INFO - Sample 5
Solution found proactively quantile
Reached infeasible reactive
22:05:06,074 - __main__ - INFO - Sample 6
Solution found proactively quantile
Reached infeasible reactive
22:05:07,521 - __main__ - INFO - Sample 7
Solution found proactively quantile
Reached infeasible reactive
22:05:09,064 - __main__ - INFO - Sample 8
Solution found proactively quantile
Reached infeasible reactive
22:05:10,614 - __main__ - INFO - Sample 9
Solution found proactively quantile
Reached infeasible reactive
22:05:12,107 - __main__ - INFO - ---------------------------------j1054_3.mm---------------------------------
22:05:12,159 - __main__ - INFO - Sample 0
Solution found proactively quantile
22:05:12,266 - __main__ - INFO - The solution is infeasible
22:05:12,372 - __main__ - INFO - The solution is infeasible
22:05:12,372 - __main__ - INFO - Sample 1
Solution found proactively quantile
22:05:12,477 - __main__ - INFO - The solution is infeasible
22:05:12,581 - __main__ - INFO - The solution is infeasible
22:05:12,581 - __main__ - INFO - Sample 2
Solution found proactively quantile
22:05:12,686 - __main__ - INFO - The solution is infeasible
22:05:12,790 - __main__ - INFO - The solution is infeasible
22:05:12,791 - __main__ - INFO - Sample 3
Solution found proactively quantile
22:05:12,894 - __main__ - INFO - The solution is infeasible
22:05:12,998 - __main__ - INFO - The solution is infeasible
22:05:12,998 - __main__ - INFO - Sample 4
Solution found proactively quantile
22:05:13,102 - __main__ - INFO - The solution is infeasible
22:05:13,207 - __main__ - INFO - The solution is infeasible
22:05:13,207 - __main__ - INFO - Sample 5
Solution found proactively quantile
22:05:13,312 - __main__ - INFO - The solution is infeasible
22:05:13,416 - __main__ - INFO - The solution is infeasible
22:05:13,417 - __main__ - INFO - Sample 6
Solution found proactively quantile
22:05:13,522 - __main__ - INFO - The solution is infeasible
22:05:13,626 - __main__ - INFO - The solution is infeasible
22:05:13,626 - __main__ - INFO - Sample 7
Solution found proactively quantile
22:05:13,732 - __main__ - INFO - The solution is infeasible
22:05:13,835 - __main__ - INFO - The solution is infeasible
22:05:13,835 - __main__ - INFO - Sample 8
Solution found proactively quantile
22:05:13,941 - __main__ - INFO - The solution is infeasible
22:05:14,128 - __main__ - INFO - The solution is infeasible
22:05:14,128 - __main__ - INFO - Sample 9
Solution found proactively quantile
22:05:14,233 - __main__ - INFO - The solution is infeasible
22:05:14,339 - __main__ - INFO - The solution is infeasible
22:05:14,339 - __main__ - INFO - ---------------------------------j1032_6.mm---------------------------------
22:05:14,402 - __main__ - INFO - Sample 0
Solution found proactively quantile
Reached infeasible reactive
22:05:15,956 - __main__ - INFO - Sample 1
Solution found proactively quantile
Reached infeasible reactive
22:05:17,592 - __main__ - INFO - Sample 2
Solution found proactively quantile
Reached infeasible reactive
22:05:19,459 - __main__ - INFO - Sample 3
Solution found proactively quantile
Reached infeasible reactive
22:05:20,966 - __main__ - INFO - Sample 4
Solution found proactively quantile
Reached infeasible reactive
22:05:24,329 - __main__ - INFO - Sample 5
Solution found proactively quantile
Reached infeasible reactive
22:05:26,265 - __main__ - INFO - Sample 6
Solution found proactively quantile
Reached infeasible reactive
22:05:28,008 - __main__ - INFO - Sample 7
Solution found proactively quantile
Reached infeasible reactive
22:05:29,920 - __main__ - INFO - Sample 8
Solution found proactively quantile
Reached infeasible reactive
22:05:31,342 - __main__ - INFO - Sample 9
Solution found proactively quantile
Reached infeasible reactive
22:05:32,943 - __main__ - INFO - ---------------------------------j1064_9.mm---------------------------------
22:05:32,991 - __main__ - INFO - Sample 0
Solution found proactively quantile
22:05:33,098 - __main__ - INFO - The solution is infeasible
22:05:33,209 - __main__ - INFO - The solution is infeasible
22:05:33,209 - __main__ - INFO - Sample 1
Solution found proactively quantile
22:05:33,314 - __main__ - INFO - The solution is infeasible
22:05:33,427 - __main__ - INFO - The solution is infeasible
22:05:33,427 - __main__ - INFO - Sample 2
Solution found proactively quantile
22:05:33,532 - __main__ - INFO - The solution is infeasible
22:05:33,642 - __main__ - INFO - The solution is infeasible
22:05:33,642 - __main__ - INFO - Sample 3
Solution found proactively quantile
22:05:33,747 - __main__ - INFO - The solution is infeasible
22:05:33,858 - __main__ - INFO - The solution is infeasible
22:05:33,858 - __main__ - INFO - Sample 4
Solution found proactively quantile
22:05:33,964 - __main__ - INFO - The solution is infeasible
22:05:34,074 - __main__ - INFO - The solution is infeasible
22:05:34,074 - __main__ - INFO - Sample 5
Solution found proactively quantile
22:05:34,180 - __main__ - INFO - The solution is infeasible
22:05:34,292 - __main__ - INFO - The solution is infeasible
22:05:34,292 - __main__ - INFO - Sample 6
Solution found proactively quantile
22:05:34,397 - __main__ - INFO - The solution is infeasible
22:05:34,508 - __main__ - INFO - The solution is infeasible
22:05:34,508 - __main__ - INFO - Sample 7
Solution found proactively quantile
22:05:34,613 - __main__ - INFO - The solution is infeasible
22:05:34,722 - __main__ - INFO - The solution is infeasible
22:05:34,722 - __main__ - INFO - Sample 8
Solution found proactively quantile
22:05:34,828 - __main__ - INFO - The solution is infeasible
22:05:34,938 - __main__ - INFO - The solution is infeasible
22:05:34,938 - __main__ - INFO - Sample 9
Solution found proactively quantile
22:05:35,043 - __main__ - INFO - The solution is infeasible
22:05:35,152 - __main__ - INFO - The solution is infeasible
22:05:35,153 - __main__ - INFO - ---------------------------------j1024_9.mm---------------------------------
22:05:35,204 - __main__ - INFO - Sample 0
Solution found proactively quantile
Reached infeasible reactive
22:05:36,445 - __main__ - INFO - Sample 1
Solution found proactively quantile
Reached infeasible reactive
22:05:37,734 - __main__ - INFO - Sample 2
Solution found proactively quantile
Reached infeasible reactive
22:05:38,954 - __main__ - INFO - Sample 3
Solution found proactively quantile
Reached infeasible reactive
22:05:40,240 - __main__ - INFO - Sample 4
Solution found proactively quantile
Reached infeasible reactive
22:05:41,515 - __main__ - INFO - Sample 5
Solution found proactively quantile
Reached infeasible reactive
22:05:42,852 - __main__ - INFO - Sample 6
Solution found proactively quantile
Reached infeasible reactive
22:05:44,031 - __main__ - INFO - Sample 7
Solution found proactively quantile
Reached infeasible reactive
22:05:45,318 - __main__ - INFO - Sample 8
Solution found proactively quantile
Reached infeasible reactive
22:05:46,648 - __main__ - INFO - Sample 9
Solution found proactively quantile
Reached infeasible reactive
22:05:47,872 - __main__ - INFO - ---------------------------------j1024_1.mm---------------------------------
22:05:47,970 - __main__ - INFO - Sample 0
Solution found proactively quantile
22:05:48,093 - __main__ - INFO - The solution is infeasible
22:05:48,227 - __main__ - INFO - The solution is infeasible
22:05:48,228 - __main__ - INFO - Sample 1
Solution found proactively quantile
22:05:48,351 - __main__ - INFO - The solution is infeasible
22:05:48,483 - __main__ - INFO - The solution is infeasible
22:05:48,484 - __main__ - INFO - Sample 2
Solution found proactively quantile
22:05:48,607 - __main__ - INFO - The solution is infeasible
22:05:48,740 - __main__ - INFO - The solution is infeasible
22:05:48,740 - __main__ - INFO - Sample 3
Solution found proactively quantile
22:05:48,863 - __main__ - INFO - The solution is infeasible
22:05:48,996 - __main__ - INFO - The solution is infeasible
22:05:48,996 - __main__ - INFO - Sample 4
Solution found proactively quantile
22:05:49,118 - __main__ - INFO - The solution is infeasible
22:05:49,251 - __main__ - INFO - The solution is infeasible
22:05:49,251 - __main__ - INFO - Sample 5
Solution found proactively quantile
22:05:49,375 - __main__ - INFO - The solution is infeasible
22:05:49,507 - __main__ - INFO - The solution is infeasible
22:05:49,507 - __main__ - INFO - Sample 6
Solution found proactively quantile
22:05:49,631 - __main__ - INFO - The solution is infeasible
22:05:49,764 - __main__ - INFO - The solution is infeasible
22:05:49,764 - __main__ - INFO - Sample 7
Solution found proactively quantile
22:05:49,889 - __main__ - INFO - The solution is infeasible
22:05:50,022 - __main__ - INFO - The solution is infeasible
22:05:50,022 - __main__ - INFO - Sample 8
Solution found proactively quantile
22:05:50,145 - __main__ - INFO - The solution is infeasible
22:05:50,277 - __main__ - INFO - The solution is infeasible
22:05:50,277 - __main__ - INFO - Sample 9
Solution found proactively quantile
22:05:50,399 - __main__ - INFO - The solution is infeasible
22:05:50,534 - __main__ - INFO - The solution is infeasible
22:05:50,534 - __main__ - INFO - ---------------------------------j1058_4.mm---------------------------------
22:05:50,591 - __main__ - INFO - Sample 0
Solution found proactively quantile
Reached infeasible reactive
22:05:52,082 - __main__ - INFO - Sample 1
Solution found proactively quantile
Reached infeasible reactive
22:05:53,551 - __main__ - INFO - Sample 2
Solution found proactively quantile
Reached infeasible reactive
22:05:54,944 - __main__ - INFO - Sample 3
Solution found proactively quantile
Reached infeasible reactive
22:05:56,448 - __main__ - INFO - Sample 4
Solution found proactively quantile
Reached infeasible reactive
22:05:57,914 - __main__ - INFO - Sample 5
Solution found proactively quantile
Reached infeasible reactive
22:05:59,369 - __main__ - INFO - Sample 6
Solution found proactively quantile
Reached infeasible reactive
22:06:00,907 - __main__ - INFO - Sample 7
Solution found proactively quantile
Reached infeasible reactive
22:06:02,360 - __main__ - INFO - Sample 8
Solution found proactively quantile
Reached infeasible reactive
22:06:03,922 - __main__ - INFO - Sample 9
Solution found proactively quantile
Reached infeasible reactive
22:06:05,380 - __main__ - INFO - ---------------------------------j1060_7.mm---------------------------------
22:06:05,429 - __main__ - INFO - Sample 0
Solution found proactively quantile
22:06:05,550 - __main__ - INFO - The solution is infeasible
22:06:05,691 - __main__ - INFO - The solution is infeasible
22:06:05,691 - __main__ - INFO - Sample 1
Solution found proactively quantile
22:06:05,810 - __main__ - INFO - The solution is infeasible
22:06:05,953 - __main__ - INFO - The solution is infeasible
22:06:05,953 - __main__ - INFO - Sample 2
Solution found proactively quantile
22:06:06,075 - __main__ - INFO - The solution is infeasible
22:06:06,217 - __main__ - INFO - The solution is infeasible
22:06:06,217 - __main__ - INFO - Sample 3
Solution found proactively quantile
22:06:06,336 - __main__ - INFO - The solution is infeasible
22:06:06,479 - __main__ - INFO - The solution is infeasible
22:06:06,479 - __main__ - INFO - Sample 4
Solution found proactively quantile
22:06:06,600 - __main__ - INFO - The solution is infeasible
22:06:06,740 - __main__ - INFO - The solution is infeasible
22:06:06,740 - __main__ - INFO - Sample 5
Solution found proactively quantile
22:06:06,859 - __main__ - INFO - The solution is infeasible
22:06:07,002 - __main__ - INFO - The solution is infeasible
22:06:07,002 - __main__ - INFO - Sample 6
Solution found proactively quantile
22:06:07,121 - __main__ - INFO - The solution is infeasible
22:06:07,263 - __main__ - INFO - The solution is infeasible
22:06:07,264 - __main__ - INFO - Sample 7
Solution found proactively quantile
22:06:07,384 - __main__ - INFO - The solution is infeasible
22:06:07,527 - __main__ - INFO - The solution is infeasible
22:06:07,528 - __main__ - INFO - Sample 8
Solution found proactively quantile
22:06:07,647 - __main__ - INFO - The solution is infeasible
22:06:07,789 - __main__ - INFO - The solution is infeasible
22:06:07,789 - __main__ - INFO - Sample 9
Solution found proactively quantile
22:06:07,907 - __main__ - INFO - The solution is infeasible
22:06:08,047 - __main__ - INFO - The solution is infeasible
22:06:08,047 - __main__ - INFO - ---------------------------------j1043_3.mm---------------------------------
22:06:08,090 - __main__ - INFO - Sample 0
Solution found proactively quantile
Reached infeasible reactive
22:06:09,591 - __main__ - INFO - Sample 1
Solution found proactively quantile
Reached infeasible reactive
22:06:11,048 - __main__ - INFO - Sample 2
Solution found proactively quantile
Reached infeasible reactive
22:06:12,554 - __main__ - INFO - Sample 3
Solution found proactively quantile
Reached infeasible reactive
22:06:13,902 - __main__ - INFO - Sample 4
Solution found proactively quantile
Reached infeasible reactive
22:06:15,516 - __main__ - INFO - Sample 5
Solution found proactively quantile
Reached infeasible reactive
22:06:16,897 - __main__ - INFO - Sample 6
Solution found proactively quantile
Reached infeasible reactive
22:06:18,352 - __main__ - INFO - Sample 7
Solution found proactively quantile
Reached infeasible reactive
22:06:19,861 - __main__ - INFO - Sample 8
Solution found proactively quantile
Reached infeasible reactive
22:06:21,358 - __main__ - INFO - Sample 9
Solution found proactively quantile
Reached infeasible reactive
22:06:22,833 - __main__ - INFO - ---------------------------------j1037_6.mm---------------------------------
22:06:22,867 - __main__ - INFO - Sample 0
Solution found proactively quantile
Reached infeasible reactive
22:06:27,987 - __main__ - INFO - The solution is infeasible
22:06:27,987 - __main__ - INFO - Sample 1
Solution found proactively quantile
Reached infeasible reactive
22:06:33,104 - __main__ - INFO - The solution is infeasible
22:06:33,104 - __main__ - INFO - Sample 2
Solution found proactively quantile
Reached infeasible reactive
22:06:38,432 - __main__ - INFO - The solution is infeasible
22:06:38,432 - __main__ - INFO - Sample 3
Solution found proactively quantile
Reached infeasible reactive
22:06:43,644 - __main__ - INFO - The solution is infeasible
22:06:43,644 - __main__ - INFO - Sample 4
Solution found proactively quantile
Reached infeasible reactive
22:06:48,731 - __main__ - INFO - The solution is infeasible
22:06:48,731 - __main__ - INFO - Sample 5
Solution found proactively quantile
Reached infeasible reactive
22:06:53,976 - __main__ - INFO - The solution is infeasible
22:06:53,976 - __main__ - INFO - Sample 6
Solution found proactively quantile
Reached infeasible reactive
22:06:59,092 - __main__ - INFO - The solution is infeasible
22:06:59,092 - __main__ - INFO - Sample 7
Solution found proactively quantile
Reached infeasible reactive
22:07:04,210 - __main__ - INFO - The solution is infeasible
22:07:04,211 - __main__ - INFO - Sample 8
Solution found proactively quantile
Reached infeasible reactive
22:07:09,413 - __main__ - INFO - The solution is infeasible
22:07:09,413 - __main__ - INFO - Sample 9
Solution found proactively quantile
Reached infeasible reactive
22:07:14,556 - __main__ - INFO - The solution is infeasible
22:07:14,557 - __main__ - INFO - ---------------------------------j1030_10.mm---------------------------------
22:07:14,619 - __main__ - INFO - Sample 0
Solution found proactively quantile
22:07:14,736 - __main__ - INFO - The solution is infeasible
22:07:14,882 - __main__ - INFO - The solution is infeasible
22:07:14,882 - __main__ - INFO - Sample 1
Solution found proactively quantile
22:07:14,998 - __main__ - INFO - The solution is infeasible
22:07:15,149 - __main__ - INFO - The solution is infeasible
22:07:15,149 - __main__ - INFO - Sample 2
Solution found proactively quantile
22:07:15,265 - __main__ - INFO - The solution is infeasible
22:07:15,410 - __main__ - INFO - The solution is infeasible
22:07:15,410 - __main__ - INFO - Sample 3
Solution found proactively quantile
22:07:15,528 - __main__ - INFO - The solution is infeasible
22:07:15,674 - __main__ - INFO - The solution is infeasible
22:07:15,674 - __main__ - INFO - Sample 4
Solution found proactively quantile
22:07:15,790 - __main__ - INFO - The solution is infeasible
22:07:15,936 - __main__ - INFO - The solution is infeasible
22:07:15,937 - __main__ - INFO - Sample 5
Solution found proactively quantile
22:07:16,054 - __main__ - INFO - The solution is infeasible
22:07:16,201 - __main__ - INFO - The solution is infeasible
22:07:16,201 - __main__ - INFO - Sample 6
Solution found proactively quantile
22:07:16,318 - __main__ - INFO - The solution is infeasible
22:07:16,466 - __main__ - INFO - The solution is infeasible
22:07:16,466 - __main__ - INFO - Sample 7
Solution found proactively quantile
22:07:16,582 - __main__ - INFO - The solution is infeasible
22:07:16,728 - __main__ - INFO - The solution is infeasible
22:07:16,728 - __main__ - INFO - Sample 8
Solution found proactively quantile
22:07:16,844 - __main__ - INFO - The solution is infeasible
22:07:16,989 - __main__ - INFO - The solution is infeasible
22:07:16,989 - __main__ - INFO - Sample 9
Solution found proactively quantile
22:07:17,104 - __main__ - INFO - The solution is infeasible
22:07:17,249 - __main__ - INFO - The solution is infeasible
22:07:17,249 - __main__ - INFO - ---------------------------------j1027_6.mm---------------------------------
22:07:17,293 - __main__ - INFO - Sample 0
Solution found proactively quantile
Reached infeasible reactive
22:07:18,705 - __main__ - INFO - Sample 1
Solution found proactively quantile
Reached infeasible reactive
22:07:19,988 - __main__ - INFO - Sample 2
Solution found proactively quantile
Reached infeasible reactive
22:07:21,474 - __main__ - INFO - Sample 3
Solution found proactively quantile
Reached infeasible reactive
22:07:22,873 - __main__ - INFO - Sample 4
Solution found proactively quantile
Reached infeasible reactive
22:07:24,229 - __main__ - INFO - Sample 5
Solution found proactively quantile
Reached infeasible reactive
22:07:25,690 - __main__ - INFO - Sample 6
Solution found proactively quantile
Reached infeasible reactive
22:07:27,014 - __main__ - INFO - Sample 7
Solution found proactively quantile
Reached infeasible reactive
22:07:28,395 - __main__ - INFO - Sample 8
Solution found proactively quantile
Reached infeasible reactive
22:07:29,804 - __main__ - INFO - Sample 9
Solution found proactively quantile
Reached infeasible reactive
22:07:31,255 - __main__ - INFO - ---------------------------------j107_2.mm---------------------------------
22:07:31,320 - __main__ - INFO - Sample 0
Solution found proactively quantile
22:07:31,430 - __main__ - INFO - The solution is infeasible
22:07:31,545 - __main__ - INFO - The solution is infeasible
22:07:31,545 - __main__ - INFO - Sample 1
Solution found proactively quantile
22:07:31,656 - __main__ - INFO - The solution is infeasible
22:07:31,772 - __main__ - INFO - The solution is infeasible
22:07:31,773 - __main__ - INFO - Sample 2
Solution found proactively quantile
22:07:31,882 - __main__ - INFO - The solution is infeasible
22:07:31,994 - __main__ - INFO - The solution is infeasible
22:07:31,994 - __main__ - INFO - Sample 3
Solution found proactively quantile
22:07:32,105 - __main__ - INFO - The solution is infeasible
22:07:32,218 - __main__ - INFO - The solution is infeasible
22:07:32,218 - __main__ - INFO - Sample 4
Solution found proactively quantile
22:07:32,328 - __main__ - INFO - The solution is infeasible
22:07:32,443 - __main__ - INFO - The solution is infeasible
22:07:32,443 - __main__ - INFO - Sample 5
Solution found proactively quantile
22:07:32,551 - __main__ - INFO - The solution is infeasible
22:07:32,665 - __main__ - INFO - The solution is infeasible
22:07:32,665 - __main__ - INFO - Sample 6
Solution found proactively quantile
22:07:32,774 - __main__ - INFO - The solution is infeasible
22:07:32,888 - __main__ - INFO - The solution is infeasible
22:07:32,888 - __main__ - INFO - Sample 7
Solution found proactively quantile
22:07:32,997 - __main__ - INFO - The solution is infeasible
22:07:33,111 - __main__ - INFO - The solution is infeasible
22:07:33,111 - __main__ - INFO - Sample 8
Solution found proactively quantile
22:07:33,222 - __main__ - INFO - The solution is infeasible
22:07:33,335 - __main__ - INFO - The solution is infeasible
22:07:33,336 - __main__ - INFO - Sample 9
Solution found proactively quantile
22:07:33,445 - __main__ - INFO - The solution is infeasible
22:07:33,557 - __main__ - INFO - The solution is infeasible
22:07:33,557 - __main__ - INFO - ---------------------------------j1043_8.mm---------------------------------
22:07:33,602 - __main__ - INFO - Sample 0
Solution found proactively quantile
22:07:33,703 - __main__ - INFO - The solution is infeasible
22:07:33,885 - __main__ - INFO - The solution is infeasible
22:07:33,886 - __main__ - INFO - Sample 1
Solution found proactively quantile
22:07:33,985 - __main__ - INFO - The solution is infeasible
22:07:34,168 - __main__ - INFO - The solution is infeasible
22:07:34,168 - __main__ - INFO - Sample 2
Solution found proactively quantile
22:07:34,268 - __main__ - INFO - The solution is infeasible
22:07:34,450 - __main__ - INFO - The solution is infeasible
22:07:34,450 - __main__ - INFO - Sample 3
Solution found proactively quantile
22:07:34,549 - __main__ - INFO - The solution is infeasible
22:07:34,731 - __main__ - INFO - The solution is infeasible
22:07:34,731 - __main__ - INFO - Sample 4
Solution found proactively quantile
22:07:34,833 - __main__ - INFO - The solution is infeasible
22:07:35,016 - __main__ - INFO - The solution is infeasible
22:07:35,016 - __main__ - INFO - Sample 5
Solution found proactively quantile
22:07:35,116 - __main__ - INFO - The solution is infeasible
22:07:35,297 - __main__ - INFO - The solution is infeasible
22:07:35,297 - __main__ - INFO - Sample 6
Solution found proactively quantile
22:07:35,396 - __main__ - INFO - The solution is infeasible
22:07:35,578 - __main__ - INFO - The solution is infeasible
22:07:35,579 - __main__ - INFO - Sample 7
Solution found proactively quantile
22:07:35,680 - __main__ - INFO - The solution is infeasible
22:07:35,861 - __main__ - INFO - The solution is infeasible
22:07:35,861 - __main__ - INFO - Sample 8
Solution found proactively quantile
22:07:35,962 - __main__ - INFO - The solution is infeasible
22:07:36,146 - __main__ - INFO - The solution is infeasible
22:07:36,147 - __main__ - INFO - Sample 9
Solution found proactively quantile
22:07:36,247 - __main__ - INFO - The solution is infeasible
22:07:36,430 - __main__ - INFO - The solution is infeasible
22:07:36,430 - __main__ - INFO - ---------------------------------j1047_7.mm---------------------------------
22:07:36,466 - __main__ - INFO - Sample 0
Solution found proactively quantile
Reached infeasible reactive
22:07:36,689 - __main__ - INFO - The solution is infeasible
22:07:36,689 - __main__ - INFO - Sample 1
Solution found proactively quantile
Reached infeasible reactive
22:07:36,959 - __main__ - INFO - The solution is infeasible
22:07:36,959 - __main__ - INFO - Sample 2
Solution found proactively quantile
Reached infeasible reactive
22:07:37,121 - __main__ - INFO - The solution is infeasible
22:07:37,121 - __main__ - INFO - Sample 3
Solution found proactively quantile
Reached infeasible reactive
22:07:37,253 - __main__ - INFO - The solution is infeasible
22:07:37,253 - __main__ - INFO - Sample 4
Solution found proactively quantile
Reached infeasible reactive
22:07:37,473 - __main__ - INFO - The solution is infeasible
22:07:37,473 - __main__ - INFO - Sample 5
Solution found proactively quantile
Reached infeasible reactive
22:07:37,617 - __main__ - INFO - The solution is infeasible
22:07:37,617 - __main__ - INFO - Sample 6
Solution found proactively quantile
Reached infeasible reactive
22:07:37,750 - __main__ - INFO - The solution is infeasible
22:07:37,750 - __main__ - INFO - Sample 7
Solution found proactively quantile
Reached infeasible reactive
22:07:37,863 - __main__ - INFO - The solution is infeasible
22:07:37,863 - __main__ - INFO - Sample 8
Solution found proactively quantile
Reached infeasible reactive
22:07:37,985 - __main__ - INFO - The solution is infeasible
22:07:37,985 - __main__ - INFO - Sample 9
Solution found proactively quantile
Reached infeasible reactive
22:07:38,134 - __main__ - INFO - The solution is infeasible
22:07:38,134 - __main__ - INFO - ---------------------------------j1038_5.mm---------------------------------
22:07:38,182 - __main__ - INFO - Sample 0
Solution found proactively quantile
22:07:38,324 - __main__ - INFO - The solution is infeasible
22:07:38,466 - __main__ - INFO - The solution is infeasible
22:07:38,466 - __main__ - INFO - Sample 1
Solution found proactively quantile
22:07:38,607 - __main__ - INFO - The solution is infeasible
22:07:38,745 - __main__ - INFO - The solution is infeasible
22:07:38,746 - __main__ - INFO - Sample 2
Solution found proactively quantile
22:07:38,885 - __main__ - INFO - The solution is infeasible
22:07:39,023 - __main__ - INFO - The solution is infeasible
22:07:39,023 - __main__ - INFO - Sample 3
Solution found proactively quantile
22:07:39,162 - __main__ - INFO - The solution is infeasible
22:07:39,302 - __main__ - INFO - The solution is infeasible
22:07:39,302 - __main__ - INFO - Sample 4
Solution found proactively quantile
22:07:39,441 - __main__ - INFO - The solution is infeasible
22:07:39,582 - __main__ - INFO - The solution is infeasible
22:07:39,582 - __main__ - INFO - Sample 5
Solution found proactively quantile
22:07:39,721 - __main__ - INFO - The solution is infeasible
22:07:39,860 - __main__ - INFO - The solution is infeasible
22:07:39,860 - __main__ - INFO - Sample 6
Solution found proactively quantile
22:07:39,998 - __main__ - INFO - The solution is infeasible
22:07:40,138 - __main__ - INFO - The solution is infeasible
22:07:40,138 - __main__ - INFO - Sample 7
Solution found proactively quantile
22:07:40,276 - __main__ - INFO - The solution is infeasible
22:07:40,415 - __main__ - INFO - The solution is infeasible
22:07:40,415 - __main__ - INFO - Sample 8
Solution found proactively quantile
22:07:40,554 - __main__ - INFO - The solution is infeasible
22:07:40,694 - __main__ - INFO - The solution is infeasible
22:07:40,694 - __main__ - INFO - Sample 9
Solution found proactively quantile
22:07:40,833 - __main__ - INFO - The solution is infeasible
22:07:40,971 - __main__ - INFO - The solution is infeasible
22:07:40,971 - __main__ - INFO - ---------------------------------j1054_7.mm---------------------------------
22:07:41,021 - __main__ - INFO - Sample 0
Solution found proactively quantile
22:07:41,128 - __main__ - INFO - The solution is infeasible
22:07:41,306 - __main__ - INFO - The solution is infeasible
22:07:41,306 - __main__ - INFO - Sample 1
Solution found proactively quantile
22:07:41,412 - __main__ - INFO - The solution is infeasible
22:07:41,587 - __main__ - INFO - The solution is infeasible
22:07:41,587 - __main__ - INFO - Sample 2
Solution found proactively quantile
22:07:41,694 - __main__ - INFO - The solution is infeasible
22:07:41,873 - __main__ - INFO - The solution is infeasible
22:07:41,873 - __main__ - INFO - Sample 3
Solution found proactively quantile
22:07:41,980 - __main__ - INFO - The solution is infeasible
22:07:42,159 - __main__ - INFO - The solution is infeasible
22:07:42,159 - __main__ - INFO - Sample 4
Solution found proactively quantile
22:07:42,265 - __main__ - INFO - The solution is infeasible
22:07:42,441 - __main__ - INFO - The solution is infeasible
22:07:42,441 - __main__ - INFO - Sample 5
Solution found proactively quantile
22:07:42,548 - __main__ - INFO - The solution is infeasible
22:07:42,724 - __main__ - INFO - The solution is infeasible
22:07:42,725 - __main__ - INFO - Sample 6
Solution found proactively quantile
22:07:42,832 - __main__ - INFO - The solution is infeasible
22:07:43,009 - __main__ - INFO - The solution is infeasible
22:07:43,009 - __main__ - INFO - Sample 7
Solution found proactively quantile
22:07:43,114 - __main__ - INFO - The solution is infeasible
22:07:43,292 - __main__ - INFO - The solution is infeasible
22:07:43,292 - __main__ - INFO - Sample 8
Solution found proactively quantile
22:07:43,398 - __main__ - INFO - The solution is infeasible
22:07:43,574 - __main__ - INFO - The solution is infeasible
22:07:43,574 - __main__ - INFO - Sample 9
Solution found proactively quantile
22:07:43,679 - __main__ - INFO - The solution is infeasible
22:07:43,857 - __main__ - INFO - The solution is infeasible
22:07:43,857 - __main__ - INFO - ---------------------------------j1031_5.mm---------------------------------
22:07:43,915 - __main__ - INFO - Sample 0
Solution found proactively quantile
22:07:44,009 - __main__ - INFO - The solution is infeasible
22:07:44,112 - __main__ - INFO - The solution is infeasible
22:07:44,112 - __main__ - INFO - Sample 1
Solution found proactively quantile
22:07:44,206 - __main__ - INFO - The solution is infeasible
22:07:44,311 - __main__ - INFO - The solution is infeasible
22:07:44,311 - __main__ - INFO - Sample 2
Solution found proactively quantile
22:07:44,406 - __main__ - INFO - The solution is infeasible
22:07:44,509 - __main__ - INFO - The solution is infeasible
22:07:44,509 - __main__ - INFO - Sample 3
Solution found proactively quantile
22:07:44,607 - __main__ - INFO - The solution is infeasible
22:07:44,711 - __main__ - INFO - The solution is infeasible
22:07:44,711 - __main__ - INFO - Sample 4
Solution found proactively quantile
22:07:44,807 - __main__ - INFO - The solution is infeasible
22:07:44,910 - __main__ - INFO - The solution is infeasible
22:07:44,910 - __main__ - INFO - Sample 5
Solution found proactively quantile
22:07:45,005 - __main__ - INFO - The solution is infeasible
22:07:45,111 - __main__ - INFO - The solution is infeasible
22:07:45,111 - __main__ - INFO - Sample 6
Solution found proactively quantile
22:07:45,206 - __main__ - INFO - The solution is infeasible
22:07:45,311 - __main__ - INFO - The solution is infeasible
22:07:45,311 - __main__ - INFO - Sample 7
Solution found proactively quantile
22:07:45,407 - __main__ - INFO - The solution is infeasible
22:07:45,511 - __main__ - INFO - The solution is infeasible
22:07:45,511 - __main__ - INFO - Sample 8
Solution found proactively quantile
22:07:45,607 - __main__ - INFO - The solution is infeasible
22:07:45,710 - __main__ - INFO - The solution is infeasible
22:07:45,710 - __main__ - INFO - Sample 9
Solution found proactively quantile
22:07:45,805 - __main__ - INFO - The solution is infeasible
22:07:45,908 - __main__ - INFO - The solution is infeasible
22:07:45,908 - __main__ - INFO - ---------------------------------j1032_5.mm---------------------------------
22:07:45,963 - __main__ - INFO - Sample 0
Solution found proactively quantile
22:07:46,029 - __main__ - INFO - The solution is infeasible
22:07:46,156 - __main__ - INFO - The solution is infeasible
22:07:46,157 - __main__ - INFO - Sample 1
Solution found proactively quantile
22:07:46,221 - __main__ - INFO - The solution is infeasible
22:07:46,349 - __main__ - INFO - The solution is infeasible
22:07:46,349 - __main__ - INFO - Sample 2
Solution found proactively quantile
22:07:46,415 - __main__ - INFO - The solution is infeasible
22:07:46,545 - __main__ - INFO - The solution is infeasible
22:07:46,545 - __main__ - INFO - Sample 3
Solution found proactively quantile
22:07:46,611 - __main__ - INFO - The solution is infeasible
22:07:46,739 - __main__ - INFO - The solution is infeasible
22:07:46,740 - __main__ - INFO - Sample 4
Solution found proactively quantile
22:07:46,805 - __main__ - INFO - The solution is infeasible
22:07:46,933 - __main__ - INFO - The solution is infeasible
22:07:46,933 - __main__ - INFO - Sample 5
Solution found proactively quantile
22:07:46,997 - __main__ - INFO - The solution is infeasible
22:07:47,125 - __main__ - INFO - The solution is infeasible
22:07:47,125 - __main__ - INFO - Sample 6
Solution found proactively quantile
22:07:47,190 - __main__ - INFO - The solution is infeasible
22:07:47,319 - __main__ - INFO - The solution is infeasible
22:07:47,319 - __main__ - INFO - Sample 7
Solution found proactively quantile
22:07:47,385 - __main__ - INFO - The solution is infeasible
22:07:47,513 - __main__ - INFO - The solution is infeasible
22:07:47,514 - __main__ - INFO - Sample 8
Solution found proactively quantile
22:07:47,579 - __main__ - INFO - The solution is infeasible
22:07:47,710 - __main__ - INFO - The solution is infeasible
22:07:47,710 - __main__ - INFO - Sample 9
Solution found proactively quantile
22:07:47,774 - __main__ - INFO - The solution is infeasible
22:07:47,902 - __main__ - INFO - The solution is infeasible
22:07:47,902 - __main__ - INFO - ---------------------------------j107_4.mm---------------------------------
22:07:47,959 - __main__ - INFO - Sample 0
Solution found proactively quantile
Reached infeasible reactive
22:07:49,680 - __main__ - INFO - Sample 1
Solution found proactively quantile
Reached infeasible reactive
22:07:51,122 - __main__ - INFO - Sample 2
Solution found proactively quantile
Reached infeasible reactive
22:07:53,911 - __main__ - INFO - Sample 3
Solution found proactively quantile
Reached infeasible reactive
22:07:56,773 - __main__ - INFO - Sample 4
Solution found proactively quantile
Reached infeasible reactive
22:07:59,502 - __main__ - INFO - Sample 5
Solution found proactively quantile
Reached infeasible reactive
22:08:02,222 - __main__ - INFO - Sample 6
Solution found proactively quantile
Reached infeasible reactive
22:08:04,111 - __main__ - INFO - Sample 7
Solution found proactively quantile
Reached infeasible reactive
22:08:05,680 - __main__ - INFO - Sample 8
Solution found proactively quantile
Reached infeasible reactive
22:08:07,225 - __main__ - INFO - Sample 9
Solution found proactively quantile
Reached infeasible reactive
22:08:09,529 - __main__ - INFO - ---------------------------------j1047_4.mm---------------------------------
22:08:09,588 - __main__ - INFO - Sample 0
Solution found proactively quantile
Reached infeasible reactive
22:08:12,420 - __main__ - INFO - Sample 1
Solution found proactively quantile
Reached infeasible reactive
22:08:15,357 - __main__ - INFO - Sample 2
Solution found proactively quantile
Reached infeasible reactive
22:08:16,874 - __main__ - INFO - Sample 3
Solution found proactively quantile
Reached infeasible reactive
22:08:18,457 - __main__ - INFO - Sample 4
Solution found proactively quantile
Reached infeasible reactive
22:08:20,000 - __main__ - INFO - Sample 5
Solution found proactively quantile
Reached infeasible reactive
22:08:21,461 - __main__ - INFO - Sample 6
Solution found proactively quantile
Reached infeasible reactive
22:08:23,037 - __main__ - INFO - Sample 7
Solution found proactively quantile
Reached infeasible reactive
22:08:24,665 - __main__ - INFO - Sample 8
Solution found proactively quantile
Reached infeasible reactive
22:08:26,151 - __main__ - INFO - Sample 9
Solution found proactively quantile
Reached infeasible reactive
22:08:27,686 - __main__ - INFO - ---------------------------------j1021_1.mm---------------------------------
22:08:27,755 - __main__ - INFO - Sample 0
Solution found proactively quantile
Reached infeasible reactive
22:08:29,121 - __main__ - INFO - Sample 1
Solution found proactively quantile
Reached infeasible reactive
22:08:30,622 - __main__ - INFO - Sample 2
Solution found proactively quantile
Reached infeasible reactive
22:08:31,948 - __main__ - INFO - Sample 3
Solution found proactively quantile
Reached infeasible reactive
22:08:33,469 - __main__ - INFO - Sample 4
Solution found proactively quantile
22:08:35,164 - __main__ - INFO - Sample 5
Solution found proactively quantile
Reached infeasible reactive
22:08:36,568 - __main__ - INFO - Sample 6
Solution found proactively quantile
Reached infeasible reactive
22:08:38,007 - __main__ - INFO - Sample 7
Solution found proactively quantile
Reached infeasible reactive
22:08:39,393 - __main__ - INFO - Sample 8
Solution found proactively quantile
Reached infeasible reactive
22:08:40,814 - __main__ - INFO - Sample 9
Solution found proactively quantile
22:08:42,379 - __main__ - INFO - ---------------------------------j1047_1.mm---------------------------------
22:08:42,490 - __main__ - INFO - Sample 0
Solution found proactively quantile
Reached infeasible reactive
22:08:43,014 - __main__ - INFO - The solution is infeasible
22:08:43,014 - __main__ - INFO - Sample 1
Solution found proactively quantile
Reached infeasible reactive
22:08:43,426 - __main__ - INFO - The solution is infeasible
22:08:43,426 - __main__ - INFO - Sample 2
Solution found proactively quantile
Reached infeasible reactive
22:08:43,803 - __main__ - INFO - The solution is infeasible
22:08:43,803 - __main__ - INFO - Sample 3
Solution found proactively quantile
Reached infeasible reactive
22:08:44,036 - __main__ - INFO - The solution is infeasible
22:08:44,036 - __main__ - INFO - Sample 4
Solution found proactively quantile
Reached infeasible reactive
22:08:44,341 - __main__ - INFO - The solution is infeasible
22:08:44,341 - __main__ - INFO - Sample 5
Solution found proactively quantile
Reached infeasible reactive
22:08:44,628 - __main__ - INFO - The solution is infeasible
22:08:44,628 - __main__ - INFO - Sample 6
Solution found proactively quantile
Reached infeasible reactive
22:08:44,892 - __main__ - INFO - The solution is infeasible
22:08:44,892 - __main__ - INFO - Sample 7
Solution found proactively quantile
Reached infeasible reactive
22:08:45,225 - __main__ - INFO - The solution is infeasible
22:08:45,225 - __main__ - INFO - Sample 8
Solution found proactively quantile
Reached infeasible reactive
22:08:45,584 - __main__ - INFO - The solution is infeasible
22:08:45,584 - __main__ - INFO - Sample 9
Solution found proactively quantile
Reached infeasible reactive
22:08:45,883 - __main__ - INFO - The solution is infeasible
22:08:45,883 - __main__ - INFO - ---------------------------------j1060_8.mm---------------------------------
22:08:45,936 - __main__ - INFO - Sample 0
Solution found proactively quantile
Reached infeasible reactive
22:08:46,090 - __main__ - INFO - The solution is infeasible
22:08:46,090 - __main__ - INFO - Sample 1
Solution found proactively quantile
22:08:46,369 - __main__ - INFO - The solution is infeasible
22:08:46,369 - __main__ - INFO - Sample 2
Solution found proactively quantile
Reached infeasible reactive
22:08:46,534 - __main__ - INFO - The solution is infeasible
22:08:46,534 - __main__ - INFO - Sample 3
Solution found proactively quantile
Reached infeasible reactive
22:08:46,692 - __main__ - INFO - The solution is infeasible
22:08:46,693 - __main__ - INFO - Sample 4
Solution found proactively quantile
Reached infeasible reactive
22:08:46,863 - __main__ - INFO - The solution is infeasible
22:08:46,863 - __main__ - INFO - Sample 5
Solution found proactively quantile
Reached infeasible reactive
22:08:47,014 - __main__ - INFO - The solution is infeasible
22:08:47,014 - __main__ - INFO - Sample 6
Solution found proactively quantile
Reached infeasible reactive
22:08:47,180 - __main__ - INFO - The solution is infeasible
22:08:47,181 - __main__ - INFO - Sample 7
Solution found proactively quantile
Reached infeasible reactive
22:08:47,363 - __main__ - INFO - The solution is infeasible
22:08:47,363 - __main__ - INFO - Sample 8
Solution found proactively quantile
Reached infeasible reactive
22:08:47,529 - __main__ - INFO - The solution is infeasible
22:08:47,529 - __main__ - INFO - Sample 9
Solution found proactively quantile
Reached infeasible reactive
22:08:47,693 - __main__ - INFO - The solution is infeasible
22:08:47,693 - __main__ - INFO - ---------------------------------j1052_6.mm---------------------------------
22:08:47,738 - __main__ - INFO - Sample 0
Solution found proactively quantile
22:08:47,806 - __main__ - INFO - The solution is infeasible
22:08:47,908 - __main__ - INFO - The solution is infeasible
22:08:47,909 - __main__ - INFO - Sample 1
Solution found proactively quantile
22:08:47,977 - __main__ - INFO - The solution is infeasible
22:08:48,080 - __main__ - INFO - The solution is infeasible
22:08:48,080 - __main__ - INFO - Sample 2
Solution found proactively quantile
22:08:48,150 - __main__ - INFO - The solution is infeasible
22:08:48,254 - __main__ - INFO - The solution is infeasible
22:08:48,254 - __main__ - INFO - Sample 3
Solution found proactively quantile
22:08:48,323 - __main__ - INFO - The solution is infeasible
22:08:48,424 - __main__ - INFO - The solution is infeasible
22:08:48,424 - __main__ - INFO - Sample 4
Solution found proactively quantile
22:08:48,493 - __main__ - INFO - The solution is infeasible
22:08:48,596 - __main__ - INFO - The solution is infeasible
22:08:48,596 - __main__ - INFO - Sample 5
Solution found proactively quantile
22:08:48,665 - __main__ - INFO - The solution is infeasible
22:08:48,766 - __main__ - INFO - The solution is infeasible
22:08:48,766 - __main__ - INFO - Sample 6
Solution found proactively quantile
22:08:48,834 - __main__ - INFO - The solution is infeasible
22:08:48,935 - __main__ - INFO - The solution is infeasible
22:08:48,935 - __main__ - INFO - Sample 7
Solution found proactively quantile
22:08:49,003 - __main__ - INFO - The solution is infeasible
22:08:49,104 - __main__ - INFO - The solution is infeasible
22:08:49,105 - __main__ - INFO - Sample 8
Solution found proactively quantile
22:08:49,172 - __main__ - INFO - The solution is infeasible
22:08:49,274 - __main__ - INFO - The solution is infeasible
22:08:49,274 - __main__ - INFO - Sample 9
Solution found proactively quantile
22:08:49,342 - __main__ - INFO - The solution is infeasible
22:08:49,443 - __main__ - INFO - The solution is infeasible
22:08:49,443 - __main__ - INFO - ---------------------------------j1013_7.mm---------------------------------
22:08:49,493 - __main__ - INFO - Sample 0
Solution found proactively quantile
Reached infeasible reactive
22:08:50,924 - __main__ - INFO - Sample 1
Solution found proactively quantile
Reached infeasible reactive
22:08:52,258 - __main__ - INFO - Sample 2
Solution found proactively quantile
Reached infeasible reactive
22:08:53,665 - __main__ - INFO - Sample 3
Solution found proactively quantile
Reached infeasible reactive
22:08:55,013 - __main__ - INFO - Sample 4
Solution found proactively quantile
Reached infeasible reactive
22:08:56,470 - __main__ - INFO - Sample 5
Solution found proactively quantile
Reached infeasible reactive
22:08:57,892 - __main__ - INFO - Sample 6
Solution found proactively quantile
Reached infeasible reactive
22:08:59,222 - __main__ - INFO - Sample 7
Solution found proactively quantile
Reached infeasible reactive
22:09:00,658 - __main__ - INFO - Sample 8
Solution found proactively quantile
Reached infeasible reactive
22:09:02,051 - __main__ - INFO - Sample 9
Solution found proactively quantile
Reached infeasible reactive
22:09:03,519 - __main__ - INFO - ---------------------------------j1018_2.mm---------------------------------
22:09:03,580 - __main__ - INFO - Sample 0
Solution found proactively quantile
Reached infeasible reactive
22:09:05,124 - __main__ - INFO - Sample 1
Solution found proactively quantile
Reached infeasible reactive
22:09:06,545 - __main__ - INFO - Sample 2
Solution found proactively quantile
Reached infeasible reactive
22:09:07,901 - __main__ - INFO - Sample 3
Solution found proactively quantile
Reached infeasible reactive
22:09:09,327 - __main__ - INFO - Sample 4
Solution found proactively quantile
Reached infeasible reactive
22:09:10,749 - __main__ - INFO - Sample 5
Solution found proactively quantile
Reached infeasible reactive
22:09:12,082 - __main__ - INFO - Sample 6
Solution found proactively quantile
Reached infeasible reactive
22:09:13,594 - __main__ - INFO - Sample 7
Solution found proactively quantile
Reached infeasible reactive
22:09:14,980 - __main__ - INFO - Sample 8
Solution found proactively quantile
Reached infeasible reactive
22:09:16,386 - __main__ - INFO - Sample 9
Solution found proactively quantile
Reached infeasible reactive
22:09:17,696 - __main__ - INFO - ---------------------------------j1048_7.mm---------------------------------
22:09:17,732 - __main__ - INFO - Sample 0
Solution found proactively quantile
Reached infeasible reactive
22:09:17,869 - __main__ - INFO - The solution is infeasible
22:09:17,869 - __main__ - INFO - Sample 1
Solution found proactively quantile
Reached infeasible reactive
22:09:17,991 - __main__ - INFO - The solution is infeasible
22:09:17,991 - __main__ - INFO - Sample 2
Solution found proactively quantile
Reached infeasible reactive
22:09:18,172 - __main__ - INFO - The solution is infeasible
22:09:18,172 - __main__ - INFO - Sample 3
Solution found proactively quantile
Reached infeasible reactive
22:09:18,353 - __main__ - INFO - The solution is infeasible
22:09:18,353 - __main__ - INFO - Sample 4
Solution found proactively quantile
Reached infeasible reactive
22:09:18,495 - __main__ - INFO - The solution is infeasible
22:09:18,495 - __main__ - INFO - Sample 5
Solution found proactively quantile
Reached infeasible reactive
22:09:18,622 - __main__ - INFO - The solution is infeasible
22:09:18,622 - __main__ - INFO - Sample 6
Solution found proactively quantile
Reached infeasible reactive
22:09:18,786 - __main__ - INFO - The solution is infeasible
22:09:18,786 - __main__ - INFO - Sample 7
Solution found proactively quantile
Reached infeasible reactive
22:09:18,948 - __main__ - INFO - The solution is infeasible
22:09:18,948 - __main__ - INFO - Sample 8
Solution found proactively quantile
Reached infeasible reactive
22:09:19,088 - __main__ - INFO - The solution is infeasible
22:09:19,088 - __main__ - INFO - Sample 9
Solution found proactively quantile
Reached infeasible reactive
22:09:19,315 - __main__ - INFO - The solution is infeasible
22:09:19,315 - __main__ - INFO - ---------------------------------j1026_1.mm---------------------------------
22:09:19,351 - __main__ - INFO - Sample 0
Solution found proactively quantile
Reached infeasible reactive
22:09:19,534 - __main__ - INFO - The solution is infeasible
22:09:19,534 - __main__ - INFO - Sample 1
Solution found proactively quantile
Reached infeasible reactive
22:09:19,812 - __main__ - INFO - The solution is infeasible
22:09:19,812 - __main__ - INFO - Sample 2
Solution found proactively quantile
Reached infeasible reactive
22:09:19,980 - __main__ - INFO - The solution is infeasible
22:09:19,981 - __main__ - INFO - Sample 3
Solution found proactively quantile
Reached infeasible reactive
22:09:20,269 - __main__ - INFO - The solution is infeasible
22:09:20,269 - __main__ - INFO - Sample 4
Solution found proactively quantile
Reached infeasible reactive
22:09:20,561 - __main__ - INFO - The solution is infeasible
22:09:20,561 - __main__ - INFO - Sample 5
Solution found proactively quantile
Reached infeasible reactive
22:09:20,717 - __main__ - INFO - The solution is infeasible
22:09:20,717 - __main__ - INFO - Sample 6
Solution found proactively quantile
Reached infeasible reactive
22:09:20,899 - __main__ - INFO - The solution is infeasible
22:09:20,900 - __main__ - INFO - Sample 7
Solution found proactively quantile
Reached infeasible reactive
22:09:21,077 - __main__ - INFO - The solution is infeasible
22:09:21,077 - __main__ - INFO - Sample 8
Solution found proactively quantile
Reached infeasible reactive
22:09:21,240 - __main__ - INFO - The solution is infeasible
22:09:21,240 - __main__ - INFO - Sample 9
Solution found proactively quantile
Reached infeasible reactive
22:09:21,508 - __main__ - INFO - The solution is infeasible
22:09:21,508 - __main__ - INFO - ---------------------------------j1043_5.mm---------------------------------
22:09:21,583 - __main__ - INFO - Sample 0
Solution found proactively quantile
Reached infeasible reactive
22:09:22,892 - __main__ - INFO - Sample 1
Solution found proactively quantile
Reached infeasible reactive
22:09:24,453 - __main__ - INFO - Sample 2
Solution found proactively quantile
Reached infeasible reactive
22:09:26,031 - __main__ - INFO - Sample 3
Solution found proactively quantile
Reached infeasible reactive
22:09:27,294 - __main__ - INFO - Sample 4
Solution found proactively quantile
Reached infeasible reactive
22:09:28,690 - __main__ - INFO - Sample 5
Solution found proactively quantile
Reached infeasible reactive
22:09:29,974 - __main__ - INFO - Sample 6
Solution found proactively quantile
Reached infeasible reactive
22:09:31,459 - __main__ - INFO - Sample 7
Solution found proactively quantile
Reached infeasible reactive
22:09:32,737 - __main__ - INFO - Sample 8
Solution found proactively quantile
Reached infeasible reactive
22:09:34,220 - __main__ - INFO - Sample 9
Solution found proactively quantile
Reached infeasible reactive
22:09:35,728 - __main__ - INFO - ---------------------------------j1061_10.mm---------------------------------
22:09:35,773 - __main__ - INFO - Sample 0
Solution found proactively quantile
Reached infeasible reactive
22:09:37,001 - __main__ - INFO - Sample 1
Solution found proactively quantile
Reached infeasible reactive
22:09:38,137 - __main__ - INFO - Sample 2
Solution found proactively quantile
Reached infeasible reactive
22:09:39,395 - __main__ - INFO - Sample 3
Solution found proactively quantile
Reached infeasible reactive
22:09:40,589 - __main__ - INFO - Sample 4
Solution found proactively quantile
Reached infeasible reactive
22:09:41,874 - __main__ - INFO - Sample 5
Solution found proactively quantile
Reached infeasible reactive
22:09:43,166 - __main__ - INFO - Sample 6
Solution found proactively quantile
Reached infeasible reactive
22:09:44,394 - __main__ - INFO - Sample 7
Solution found proactively quantile
Reached infeasible reactive
22:09:45,690 - __main__ - INFO - Sample 8
Solution found proactively quantile
Reached infeasible reactive
22:09:46,950 - __main__ - INFO - Sample 9
Solution found proactively quantile
Reached infeasible reactive
22:09:48,366 - __main__ - INFO - ---------------------------------j1014_4.mm---------------------------------
22:09:48,456 - __main__ - INFO - Sample 0
Solution found proactively quantile
Reached infeasible reactive
22:09:49,827 - __main__ - INFO - Sample 1
Solution found proactively quantile
Reached infeasible reactive
22:09:51,268 - __main__ - INFO - Sample 2
Solution found proactively quantile
Reached infeasible reactive
22:09:52,593 - __main__ - INFO - Sample 3
Solution found proactively quantile
Reached infeasible reactive
22:09:54,004 - __main__ - INFO - Sample 4
Solution found proactively quantile
Reached infeasible reactive
22:09:55,397 - __main__ - INFO - Sample 5
Solution found proactively quantile
Reached infeasible reactive
22:09:56,840 - __main__ - INFO - Sample 6
Solution found proactively quantile
Reached infeasible reactive
22:09:58,267 - __main__ - INFO - Sample 7
Solution found proactively quantile
Reached infeasible reactive
22:09:59,540 - __main__ - INFO - Sample 8
Solution found proactively quantile
Reached infeasible reactive
22:10:01,019 - __main__ - INFO - Sample 9
Solution found proactively quantile
Reached infeasible reactive
22:10:02,349 - __main__ - INFO - ---------------------------------j1038_4.mm---------------------------------
22:10:02,402 - __main__ - INFO - Sample 0
Solution found proactively quantile
Reached infeasible reactive
22:10:03,916 - __main__ - INFO - Sample 1
Solution found proactively quantile
Reached infeasible reactive
22:10:05,189 - __main__ - INFO - Sample 2
Solution found proactively quantile
Reached infeasible reactive
22:10:06,534 - __main__ - INFO - Sample 3
Solution found proactively quantile
Reached infeasible reactive
22:10:07,878 - __main__ - INFO - Sample 4
Solution found proactively quantile
Reached infeasible reactive
22:10:09,165 - __main__ - INFO - Sample 5
Solution found proactively quantile
Reached infeasible reactive
22:10:10,425 - __main__ - INFO - Sample 6
Solution found proactively quantile
Reached infeasible reactive
22:10:11,812 - __main__ - INFO - Sample 7
Solution found proactively quantile
Reached infeasible reactive
22:10:13,050 - __main__ - INFO - Sample 8
Solution found proactively quantile
Reached infeasible reactive
22:10:14,526 - __main__ - INFO - Sample 9
Solution found proactively quantile
Reached infeasible reactive
22:10:15,868 - __main__ - INFO - ---------------------------------j1019_10.mm---------------------------------
22:10:15,904 - __main__ - INFO - Sample 0
Solution found proactively quantile
Reached infeasible reactive
22:10:17,356 - __main__ - INFO - Sample 1
Solution found proactively quantile
Reached infeasible reactive
22:10:18,739 - __main__ - INFO - Sample 2
Solution found proactively quantile
Reached infeasible reactive
22:10:20,188 - __main__ - INFO - Sample 3
Solution found proactively quantile
Reached infeasible reactive
22:10:21,691 - __main__ - INFO - Sample 4
Solution found proactively quantile
Reached infeasible reactive
22:10:23,055 - __main__ - INFO - Sample 5
Solution found proactively quantile
Reached infeasible reactive
22:10:24,570 - __main__ - INFO - Sample 6
Solution found proactively quantile
Reached infeasible reactive
22:10:26,081 - __main__ - INFO - Sample 7
Solution found proactively quantile
Reached infeasible reactive
22:10:28,055 - __main__ - INFO - Sample 8
Solution found proactively quantile
Reached infeasible reactive
22:10:29,562 - __main__ - INFO - Sample 9
Solution found proactively quantile
Reached infeasible reactive
22:10:30,928 - __main__ - INFO - ---------------------------------j1050_1.mm---------------------------------
22:10:30,961 - __main__ - INFO - Sample 0
Solution found proactively quantile
22:10:31,038 - __main__ - INFO - The solution is infeasible
22:10:31,176 - __main__ - INFO - The solution is infeasible
22:10:31,176 - __main__ - INFO - Sample 1
Solution found proactively quantile
22:10:31,252 - __main__ - INFO - The solution is infeasible
22:10:31,391 - __main__ - INFO - The solution is infeasible
22:10:31,391 - __main__ - INFO - Sample 2
Solution found proactively quantile
22:10:31,467 - __main__ - INFO - The solution is infeasible
22:10:31,619 - __main__ - INFO - The solution is infeasible
22:10:31,619 - __main__ - INFO - Sample 3
Solution found proactively quantile
22:10:31,704 - __main__ - INFO - The solution is infeasible
22:10:31,842 - __main__ - INFO - The solution is infeasible
22:10:31,843 - __main__ - INFO - Sample 4
Solution found proactively quantile
22:10:32,000 - __main__ - INFO - The solution is infeasible
22:10:32,142 - __main__ - INFO - The solution is infeasible
22:10:32,142 - __main__ - INFO - Sample 5
Solution found proactively quantile
22:10:32,220 - __main__ - INFO - The solution is infeasible
22:10:32,357 - __main__ - INFO - The solution is infeasible
22:10:32,358 - __main__ - INFO - Sample 6
Solution found proactively quantile
22:10:32,436 - __main__ - INFO - The solution is infeasible
22:10:32,575 - __main__ - INFO - The solution is infeasible
22:10:32,575 - __main__ - INFO - Sample 7
Solution found proactively quantile
22:10:32,653 - __main__ - INFO - The solution is infeasible
22:10:32,792 - __main__ - INFO - The solution is infeasible
22:10:32,792 - __main__ - INFO - Sample 8
Solution found proactively quantile
22:10:32,867 - __main__ - INFO - The solution is infeasible
22:10:33,006 - __main__ - INFO - The solution is infeasible
22:10:33,006 - __main__ - INFO - Sample 9
Solution found proactively quantile
22:10:33,083 - __main__ - INFO - The solution is infeasible
22:10:33,224 - __main__ - INFO - The solution is infeasible
22:10:33,224 - __main__ - INFO - ---------------------------------j1055_7.mm---------------------------------
22:10:33,277 - __main__ - INFO - Sample 0
Solution found proactively quantile
Reached infeasible reactive
22:10:34,735 - __main__ - INFO - Sample 1
Solution found proactively quantile
Reached infeasible reactive
22:10:36,599 - __main__ - INFO - Sample 2
Solution found proactively quantile
Reached infeasible reactive
22:10:38,251 - __main__ - INFO - Sample 3
Solution found proactively quantile
Reached infeasible reactive
22:10:39,958 - __main__ - INFO - Sample 4
Solution found proactively quantile
22:10:41,532 - __main__ - INFO - Sample 5
Solution found proactively quantile
Reached infeasible reactive
22:10:43,167 - __main__ - INFO - Sample 6
Solution found proactively quantile
Reached infeasible reactive
22:10:45,044 - __main__ - INFO - Sample 7
Solution found proactively quantile
Reached infeasible reactive
22:10:46,522 - __main__ - INFO - Sample 8
Solution found proactively quantile
Reached infeasible reactive
22:10:48,552 - __main__ - INFO - Sample 9
Solution found proactively quantile
Reached infeasible reactive
22:10:50,256 - __main__ - INFO - ---------------------------------j1014_7.mm---------------------------------
22:10:50,326 - __main__ - INFO - Sample 0
Solution found proactively quantile
Reached infeasible reactive
22:10:52,197 - __main__ - INFO - Sample 1
Solution found proactively quantile
Reached infeasible reactive
22:10:53,849 - __main__ - INFO - Sample 2
Solution found proactively quantile
Reached infeasible reactive
22:10:55,261 - __main__ - INFO - Sample 3
Solution found proactively quantile
Reached infeasible reactive
22:10:56,582 - __main__ - INFO - Sample 4
Solution found proactively quantile
Reached infeasible reactive
22:10:57,804 - __main__ - INFO - Sample 5
Solution found proactively quantile
Reached infeasible reactive
22:10:59,335 - __main__ - INFO - Sample 6
Solution found proactively quantile
Reached infeasible reactive
22:11:00,786 - __main__ - INFO - Sample 7
Solution found proactively quantile
Reached infeasible reactive
22:11:01,987 - __main__ - INFO - Sample 8
Solution found proactively quantile
Reached infeasible reactive
22:11:03,409 - __main__ - INFO - Sample 9
Solution found proactively quantile
Reached infeasible reactive
22:11:04,586 - __main__ - INFO - ---------------------------------j1061_7.mm---------------------------------
22:11:04,645 - __main__ - INFO - Sample 0
Solution found proactively quantile
Reached infeasible reactive
22:11:06,270 - __main__ - INFO - Sample 1
Solution found proactively quantile
Reached infeasible reactive
22:11:07,792 - __main__ - INFO - Sample 2
Solution found proactively quantile
Reached infeasible reactive
22:11:09,179 - __main__ - INFO - Sample 3
Solution found proactively quantile
Reached infeasible reactive
22:11:10,746 - __main__ - INFO - Sample 4
Solution found proactively quantile
Reached infeasible reactive
22:11:12,238 - __main__ - INFO - Sample 5
Solution found proactively quantile
Reached infeasible reactive
22:11:13,793 - __main__ - INFO - Sample 6
Solution found proactively quantile
Reached infeasible reactive
22:11:15,413 - __main__ - INFO - Sample 7
Solution found proactively quantile
Reached infeasible reactive
22:11:16,794 - __main__ - INFO - Sample 8
Solution found proactively quantile
Reached infeasible reactive
22:11:18,362 - __main__ - INFO - Sample 9
Solution found proactively quantile
Reached infeasible reactive
22:11:19,860 - __main__ - INFO - ---------------------------------j105_4.mm---------------------------------
22:11:19,955 - __main__ - INFO - Sample 0
Solution found proactively quantile
22:11:21,358 - __main__ - INFO - Sample 1
Solution found proactively quantile
Reached infeasible reactive
22:11:22,685 - __main__ - INFO - Sample 2
Solution found proactively quantile
Reached infeasible reactive
22:11:23,936 - __main__ - INFO - Sample 3
Solution found proactively quantile
Reached infeasible reactive
22:11:25,409 - __main__ - INFO - Sample 4
Solution found proactively quantile
Reached infeasible reactive
22:11:26,688 - __main__ - INFO - Sample 5
Solution found proactively quantile
Reached infeasible reactive
22:11:27,951 - __main__ - INFO - Sample 6
Solution found proactively quantile
Reached infeasible reactive
22:11:29,296 - __main__ - INFO - Sample 7
Solution found proactively quantile
Reached infeasible reactive
22:11:30,482 - __main__ - INFO - Sample 8
Solution found proactively quantile
Reached infeasible reactive
22:11:31,708 - __main__ - INFO - Sample 9
Solution found proactively quantile
Reached infeasible reactive
22:11:32,961 - __main__ - INFO - ---------------------------------j1029_7.mm---------------------------------
22:11:33,002 - __main__ - INFO - Sample 0
Solution found proactively quantile
Reached infeasible reactive
22:11:34,550 - __main__ - INFO - Sample 1
Solution found proactively quantile
Reached infeasible reactive
22:11:35,969 - __main__ - INFO - Sample 2
Solution found proactively quantile
Reached infeasible reactive
22:11:37,418 - __main__ - INFO - Sample 3
Solution found proactively quantile
Reached infeasible reactive
22:11:38,874 - __main__ - INFO - Sample 4
Solution found proactively quantile
Reached infeasible reactive
22:11:40,314 - __main__ - INFO - Sample 5
Solution found proactively quantile
Reached infeasible reactive
22:11:41,838 - __main__ - INFO - Sample 6
Solution found proactively quantile
Reached infeasible reactive
22:11:43,366 - __main__ - INFO - Sample 7
Solution found proactively quantile
Reached infeasible reactive
22:11:45,186 - __main__ - INFO - Sample 8
Solution found proactively quantile
Reached infeasible reactive
22:11:46,739 - __main__ - INFO - Sample 9
Solution found proactively quantile
Reached infeasible reactive
22:11:48,287 - __main__ - INFO - ---------------------------------j1016_6.mm---------------------------------
22:11:48,332 - __main__ - INFO - Sample 0
Solution found proactively quantile
Reached infeasible reactive
22:11:49,970 - __main__ - INFO - Sample 1
Solution found proactively quantile
Reached infeasible reactive
22:11:51,550 - __main__ - INFO - Sample 2
Solution found proactively quantile
Reached infeasible reactive
22:11:53,088 - __main__ - INFO - Sample 3
Solution found proactively quantile
Reached infeasible reactive
22:11:54,494 - __main__ - INFO - Sample 4
Solution found proactively quantile
Reached infeasible reactive
22:11:56,161 - __main__ - INFO - Sample 5
Solution found proactively quantile
Reached infeasible reactive
22:11:57,636 - __main__ - INFO - Sample 6
Solution found proactively quantile
Reached infeasible reactive
22:11:59,022 - __main__ - INFO - Sample 7
Solution found proactively quantile
Reached infeasible reactive
22:12:00,505 - __main__ - INFO - Sample 8
Solution found proactively quantile
Reached infeasible reactive
22:12:02,039 - __main__ - INFO - Sample 9
Solution found proactively quantile
Reached infeasible reactive
22:12:03,454 - __main__ - INFO - ---------------------------------j1012_6.mm---------------------------------
22:12:03,503 - __main__ - INFO - Sample 0
Solution found proactively quantile
Reached infeasible reactive
22:12:03,636 - __main__ - INFO - The solution is infeasible
22:12:03,636 - __main__ - INFO - Sample 1
Solution found proactively quantile
Reached infeasible reactive
22:12:03,747 - __main__ - INFO - The solution is infeasible
22:12:03,747 - __main__ - INFO - Sample 2
Solution found proactively quantile
Reached infeasible reactive
22:12:03,853 - __main__ - INFO - The solution is infeasible
22:12:03,854 - __main__ - INFO - Sample 3
Solution found proactively quantile
Reached infeasible reactive
22:12:03,963 - __main__ - INFO - The solution is infeasible
22:12:03,963 - __main__ - INFO - Sample 4
Solution found proactively quantile
Reached infeasible reactive
22:12:04,080 - __main__ - INFO - The solution is infeasible
22:12:04,081 - __main__ - INFO - Sample 5
Solution found proactively quantile
Reached infeasible reactive
22:12:04,191 - __main__ - INFO - The solution is infeasible
22:12:04,191 - __main__ - INFO - Sample 6
Solution found proactively quantile
Reached infeasible reactive
22:12:04,297 - __main__ - INFO - The solution is infeasible
22:12:04,297 - __main__ - INFO - Sample 7
Solution found proactively quantile
Reached infeasible reactive
22:12:04,422 - __main__ - INFO - The solution is infeasible
22:12:04,422 - __main__ - INFO - Sample 8
Solution found proactively quantile
Reached infeasible reactive
22:12:04,597 - __main__ - INFO - The solution is infeasible
22:12:04,598 - __main__ - INFO - Sample 9
Solution found proactively quantile
Reached infeasible reactive
22:12:04,710 - __main__ - INFO - The solution is infeasible
22:12:04,710 - __main__ - INFO - ---------------------------------j1036_2.mm---------------------------------
22:12:04,768 - __main__ - INFO - Sample 0
Solution found proactively quantile
22:12:04,920 - __main__ - INFO - The solution is infeasible
22:12:05,099 - __main__ - INFO - The solution is infeasible
22:12:05,099 - __main__ - INFO - Sample 1
Solution found proactively quantile
22:12:05,253 - __main__ - INFO - The solution is infeasible
22:12:05,434 - __main__ - INFO - The solution is infeasible
22:12:05,434 - __main__ - INFO - Sample 2
Solution found proactively quantile
22:12:05,583 - __main__ - INFO - The solution is infeasible
22:12:05,761 - __main__ - INFO - The solution is infeasible
22:12:05,761 - __main__ - INFO - Sample 3
Solution found proactively quantile
22:12:05,913 - __main__ - INFO - The solution is infeasible
22:12:06,091 - __main__ - INFO - The solution is infeasible
22:12:06,091 - __main__ - INFO - Sample 4
Solution found proactively quantile
22:12:06,241 - __main__ - INFO - The solution is infeasible
22:12:06,419 - __main__ - INFO - The solution is infeasible
22:12:06,419 - __main__ - INFO - Sample 5
Solution found proactively quantile
22:12:06,570 - __main__ - INFO - The solution is infeasible
22:12:06,749 - __main__ - INFO - The solution is infeasible
22:12:06,749 - __main__ - INFO - Sample 6
Solution found proactively quantile
22:12:06,901 - __main__ - INFO - The solution is infeasible
22:12:07,080 - __main__ - INFO - The solution is infeasible
22:12:07,080 - __main__ - INFO - Sample 7
Solution found proactively quantile
22:12:07,244 - __main__ - INFO - The solution is infeasible
22:12:07,423 - __main__ - INFO - The solution is infeasible
22:12:07,423 - __main__ - INFO - Sample 8
Solution found proactively quantile
22:12:07,573 - __main__ - INFO - The solution is infeasible
22:12:07,752 - __main__ - INFO - The solution is infeasible
22:12:07,752 - __main__ - INFO - Sample 9
Solution found proactively quantile
22:12:07,902 - __main__ - INFO - The solution is infeasible
22:12:08,081 - __main__ - INFO - The solution is infeasible
22:12:08,081 - __main__ - INFO - ---------------------------------j1043_10.mm---------------------------------
22:12:08,129 - __main__ - INFO - Sample 0
Solution found proactively quantile
Reached infeasible reactive
22:12:08,267 - __main__ - INFO - The solution is infeasible
22:12:08,267 - __main__ - INFO - Sample 1
Solution found proactively quantile
Reached infeasible reactive
22:12:08,418 - __main__ - INFO - The solution is infeasible
22:12:08,418 - __main__ - INFO - Sample 2
Solution found proactively quantile
Reached infeasible reactive
22:12:08,551 - __main__ - INFO - The solution is infeasible
22:12:08,551 - __main__ - INFO - Sample 3
Solution found proactively quantile
Reached infeasible reactive
22:12:08,785 - __main__ - INFO - The solution is infeasible
22:12:08,785 - __main__ - INFO - Sample 4
Solution found proactively quantile
Reached infeasible reactive
22:12:08,915 - __main__ - INFO - The solution is infeasible
22:12:08,915 - __main__ - INFO - Sample 5
Solution found proactively quantile
Reached infeasible reactive
22:12:09,087 - __main__ - INFO - The solution is infeasible
22:12:09,087 - __main__ - INFO - Sample 6
Solution found proactively quantile
Reached infeasible reactive
22:12:09,237 - __main__ - INFO - The solution is infeasible
22:12:09,237 - __main__ - INFO - Sample 7
Solution found proactively quantile
Reached infeasible reactive
22:12:09,365 - __main__ - INFO - The solution is infeasible
22:12:09,366 - __main__ - INFO - Sample 8
Solution found proactively quantile
Reached infeasible reactive
22:12:09,511 - __main__ - INFO - The solution is infeasible
22:12:09,511 - __main__ - INFO - Sample 9
Solution found proactively quantile
Reached infeasible reactive
22:12:09,713 - __main__ - INFO - The solution is infeasible
22:12:09,713 - __main__ - INFO - ---------------------------------j1055_8.mm---------------------------------
22:12:09,813 - __main__ - INFO - Sample 0
Solution found proactively quantile
Reached infeasible reactive
22:12:11,158 - __main__ - INFO - Sample 1
Solution found proactively quantile
Reached infeasible reactive
22:12:12,510 - __main__ - INFO - Sample 2
Solution found proactively quantile
Reached infeasible reactive
22:12:13,919 - __main__ - INFO - Sample 3
Solution found proactively quantile
Reached infeasible reactive
22:12:15,315 - __main__ - INFO - Sample 4
Solution found proactively quantile
Reached infeasible reactive
22:12:16,582 - __main__ - INFO - Sample 5
Solution found proactively quantile
Reached infeasible reactive
22:12:17,911 - __main__ - INFO - Sample 6
Solution found proactively quantile
Reached infeasible reactive
22:12:19,273 - __main__ - INFO - Sample 7
Solution found proactively quantile
Reached infeasible reactive
22:12:20,718 - __main__ - INFO - Sample 8
Solution found proactively quantile
Reached infeasible reactive
22:12:22,078 - __main__ - INFO - Sample 9
Solution found proactively quantile
Reached infeasible reactive
22:12:23,501 - __main__ - INFO - ---------------------------------j1044_4.mm---------------------------------
22:12:23,541 - __main__ - INFO - Sample 0
Solution found proactively quantile
Reached infeasible reactive
22:12:24,926 - __main__ - INFO - Sample 1
Solution found proactively quantile
Reached infeasible reactive
22:12:26,557 - __main__ - INFO - Sample 2
Solution found proactively quantile
Reached infeasible reactive
22:12:27,874 - __main__ - INFO - Sample 3
Solution found proactively quantile
Reached infeasible reactive
22:12:29,312 - __main__ - INFO - Sample 4
Solution found proactively quantile
Reached infeasible reactive
22:12:30,632 - __main__ - INFO - Sample 5
Solution found proactively quantile
Reached infeasible reactive
22:12:31,893 - __main__ - INFO - Sample 6
Solution found proactively quantile
Reached infeasible reactive
22:12:33,119 - __main__ - INFO - Sample 7
Solution found proactively quantile
Reached infeasible reactive
22:12:34,437 - __main__ - INFO - Sample 8
Solution found proactively quantile
Reached infeasible reactive
22:12:35,719 - __main__ - INFO - Sample 9
Solution found proactively quantile
Reached infeasible reactive
22:12:36,876 - __main__ - INFO - ---------------------------------j107_8.mm---------------------------------
22:12:36,923 - __main__ - INFO - Sample 0
Solution found proactively quantile
22:12:36,993 - __main__ - INFO - The solution is infeasible
22:12:37,152 - __main__ - INFO - The solution is infeasible
22:12:37,152 - __main__ - INFO - Sample 1
Solution found proactively quantile
22:12:37,219 - __main__ - INFO - The solution is infeasible
22:12:37,375 - __main__ - INFO - The solution is infeasible
22:12:37,375 - __main__ - INFO - Sample 2
Solution found proactively quantile
22:12:37,442 - __main__ - INFO - The solution is infeasible
22:12:37,598 - __main__ - INFO - The solution is infeasible
22:12:37,598 - __main__ - INFO - Sample 3
Solution found proactively quantile
22:12:37,666 - __main__ - INFO - The solution is infeasible
22:12:37,822 - __main__ - INFO - The solution is infeasible
22:12:37,822 - __main__ - INFO - Sample 4
Solution found proactively quantile
22:12:37,890 - __main__ - INFO - The solution is infeasible
22:12:38,136 - __main__ - INFO - The solution is infeasible
22:12:38,136 - __main__ - INFO - Sample 5
Solution found proactively quantile
22:12:38,204 - __main__ - INFO - The solution is infeasible
22:12:38,361 - __main__ - INFO - The solution is infeasible
22:12:38,361 - __main__ - INFO - Sample 6
Solution found proactively quantile
22:12:38,429 - __main__ - INFO - The solution is infeasible
22:12:38,586 - __main__ - INFO - The solution is infeasible
22:12:38,586 - __main__ - INFO - Sample 7
Solution found proactively quantile
22:12:38,653 - __main__ - INFO - The solution is infeasible
22:12:38,810 - __main__ - INFO - The solution is infeasible
22:12:38,810 - __main__ - INFO - Sample 8
Solution found proactively quantile
22:12:38,877 - __main__ - INFO - The solution is infeasible
22:12:39,033 - __main__ - INFO - The solution is infeasible
22:12:39,033 - __main__ - INFO - Sample 9
Solution found proactively quantile
22:12:39,101 - __main__ - INFO - The solution is infeasible
22:12:39,257 - __main__ - INFO - The solution is infeasible
22:12:39,257 - __main__ - INFO - ---------------------------------j1021_4.mm---------------------------------
22:12:39,315 - __main__ - INFO - Sample 0
Solution found proactively quantile
Reached infeasible reactive
22:12:40,868 - __main__ - INFO - Sample 1
Solution found proactively quantile
Reached infeasible reactive
22:12:42,351 - __main__ - INFO - Sample 2
Solution found proactively quantile
Reached infeasible reactive
22:12:43,970 - __main__ - INFO - Sample 3
Solution found proactively quantile
Reached infeasible reactive
22:12:45,474 - __main__ - INFO - Sample 4
Solution found proactively quantile
Reached infeasible reactive
22:12:47,283 - __main__ - INFO - Sample 5
Solution found proactively quantile
Reached infeasible reactive
22:12:48,786 - __main__ - INFO - Sample 6
Solution found proactively quantile
Reached infeasible reactive
22:12:50,318 - __main__ - INFO - Sample 7
Solution found proactively quantile
Reached infeasible reactive
22:12:51,952 - __main__ - INFO - Sample 8
Solution found proactively quantile
Reached infeasible reactive
22:12:53,459 - __main__ - INFO - Sample 9
Solution found proactively quantile
Reached infeasible reactive
22:12:55,124 - __main__ - INFO - ---------------------------------j107_6.mm---------------------------------
22:12:55,173 - __main__ - INFO - Sample 0
Solution found proactively quantile
22:12:55,261 - __main__ - INFO - The solution is infeasible
22:12:55,339 - __main__ - INFO - The solution is infeasible
22:12:55,340 - __main__ - INFO - Sample 1
Solution found proactively quantile
22:12:55,430 - __main__ - INFO - The solution is infeasible
22:12:55,506 - __main__ - INFO - The solution is infeasible
22:12:55,506 - __main__ - INFO - Sample 2
Solution found proactively quantile
22:12:55,593 - __main__ - INFO - The solution is infeasible
22:12:55,669 - __main__ - INFO - The solution is infeasible
22:12:55,670 - __main__ - INFO - Sample 3
Solution found proactively quantile
22:12:55,759 - __main__ - INFO - The solution is infeasible
22:12:55,835 - __main__ - INFO - The solution is infeasible
22:12:55,835 - __main__ - INFO - Sample 4
Solution found proactively quantile
22:12:55,922 - __main__ - INFO - The solution is infeasible
22:12:55,998 - __main__ - INFO - The solution is infeasible
22:12:55,998 - __main__ - INFO - Sample 5
Solution found proactively quantile
22:12:56,086 - __main__ - INFO - The solution is infeasible
22:12:56,163 - __main__ - INFO - The solution is infeasible
22:12:56,163 - __main__ - INFO - Sample 6
Solution found proactively quantile
22:12:56,251 - __main__ - INFO - The solution is infeasible
22:12:56,327 - __main__ - INFO - The solution is infeasible
22:12:56,328 - __main__ - INFO - Sample 7
Solution found proactively quantile
22:12:56,416 - __main__ - INFO - The solution is infeasible
22:12:56,493 - __main__ - INFO - The solution is infeasible
22:12:56,494 - __main__ - INFO - Sample 8
Solution found proactively quantile
22:12:56,584 - __main__ - INFO - The solution is infeasible
22:12:56,661 - __main__ - INFO - The solution is infeasible
22:12:56,662 - __main__ - INFO - Sample 9
Solution found proactively quantile
22:12:56,749 - __main__ - INFO - The solution is infeasible
22:12:56,826 - __main__ - INFO - The solution is infeasible
22:12:56,826 - __main__ - INFO - ---------------------------------j1011_2.mm---------------------------------
22:12:56,876 - __main__ - INFO - Sample 0
Solution found proactively quantile
Reached infeasible reactive
22:12:58,530 - __main__ - INFO - Sample 1
Solution found proactively quantile
Reached infeasible reactive
22:12:59,986 - __main__ - INFO - Sample 2
Solution found proactively quantile
Reached infeasible reactive
22:13:01,501 - __main__ - INFO - Sample 3
Solution found proactively quantile
Reached infeasible reactive
22:13:02,843 - __main__ - INFO - Sample 4
Solution found proactively quantile
Reached infeasible reactive
22:13:04,277 - __main__ - INFO - Sample 5
Solution found proactively quantile
Reached infeasible reactive
22:13:05,677 - __main__ - INFO - Sample 6
Solution found proactively quantile
Reached infeasible reactive
22:13:07,087 - __main__ - INFO - Sample 7
Solution found proactively quantile
Reached infeasible reactive
22:13:08,486 - __main__ - INFO - Sample 8
Solution found proactively quantile
Reached infeasible reactive
22:13:09,886 - __main__ - INFO - Sample 9
Solution found proactively quantile
Reached infeasible reactive
22:13:11,365 - __main__ - INFO - ---------------------------------j1026_5.mm---------------------------------
22:13:11,425 - __main__ - INFO - Sample 0
Solution found proactively quantile
Reached infeasible reactive
22:13:11,657 - __main__ - INFO - The solution is infeasible
22:13:11,658 - __main__ - INFO - Sample 1
Solution found proactively quantile
Reached infeasible reactive
22:13:11,917 - __main__ - INFO - The solution is infeasible
22:13:11,917 - __main__ - INFO - Sample 2
Solution found proactively quantile
22:13:12,261 - __main__ - INFO - The solution is infeasible
22:13:12,262 - __main__ - INFO - Sample 3
Solution found proactively quantile
Reached infeasible reactive
22:13:12,474 - __main__ - INFO - The solution is infeasible
22:13:12,474 - __main__ - INFO - Sample 4
Solution found proactively quantile
Reached infeasible reactive
22:13:12,691 - __main__ - INFO - The solution is infeasible
22:13:12,691 - __main__ - INFO - Sample 5
Solution found proactively quantile
Reached infeasible reactive
22:13:12,969 - __main__ - INFO - The solution is infeasible
22:13:12,969 - __main__ - INFO - Sample 6
Solution found proactively quantile
Reached infeasible reactive
22:13:13,214 - __main__ - INFO - The solution is infeasible
22:13:13,214 - __main__ - INFO - Sample 7
Solution found proactively quantile
Reached infeasible reactive
22:13:13,417 - __main__ - INFO - The solution is infeasible
22:13:13,417 - __main__ - INFO - Sample 8
Solution found proactively quantile
Reached infeasible reactive
22:13:13,628 - __main__ - INFO - The solution is infeasible
22:13:13,628 - __main__ - INFO - Sample 9
Solution found proactively quantile
Reached infeasible reactive
22:13:13,827 - __main__ - INFO - The solution is infeasible
22:13:13,827 - __main__ - INFO - ---------------------------------j1040_9.mm---------------------------------
22:13:13,876 - __main__ - INFO - Sample 0
Solution found proactively quantile
Reached infeasible reactive
22:13:15,609 - __main__ - INFO - Sample 1
Solution found proactively quantile
Reached infeasible reactive
22:13:17,109 - __main__ - INFO - Sample 2
Solution found proactively quantile
Reached infeasible reactive
22:13:18,999 - __main__ - INFO - Sample 3
Solution found proactively quantile
Reached infeasible reactive
22:13:20,655 - __main__ - INFO - Sample 4
Solution found proactively quantile
Reached infeasible reactive
22:13:22,422 - __main__ - INFO - Sample 5
Solution found proactively quantile
Reached infeasible reactive
22:13:24,255 - __main__ - INFO - Sample 6
Solution found proactively quantile
Reached infeasible reactive
22:13:25,895 - __main__ - INFO - Sample 7
Solution found proactively quantile
Reached infeasible reactive
22:13:27,820 - __main__ - INFO - Sample 8
Solution found proactively quantile
Reached infeasible reactive
22:13:29,690 - __main__ - INFO - Sample 9
Solution found proactively quantile
Reached infeasible reactive
22:13:31,343 - __main__ - INFO - ---------------------------------j1013_8.mm---------------------------------
22:13:31,385 - __main__ - INFO - Sample 0
Solution found proactively quantile
Reached infeasible reactive
22:13:32,652 - __main__ - INFO - Sample 1
Solution found proactively quantile
Reached infeasible reactive
22:13:34,054 - __main__ - INFO - Sample 2
Solution found proactively quantile
Reached infeasible reactive
22:13:35,287 - __main__ - INFO - Sample 3
Solution found proactively quantile
Reached infeasible reactive
22:13:36,468 - __main__ - INFO - Sample 4
Solution found proactively quantile
Reached infeasible reactive
22:13:37,857 - __main__ - INFO - Sample 5
Solution found proactively quantile
Reached infeasible reactive
22:13:39,111 - __main__ - INFO - Sample 6
Solution found proactively quantile
Reached infeasible reactive
22:13:40,428 - __main__ - INFO - Sample 7
Solution found proactively quantile
Reached infeasible reactive
22:13:41,617 - __main__ - INFO - Sample 8
Solution found proactively quantile
Reached infeasible reactive
22:13:42,928 - __main__ - INFO - Sample 9
Solution found proactively quantile
Reached infeasible reactive
22:13:44,187 - __main__ - INFO - ---------------------------------j1030_3.mm---------------------------------
22:13:44,229 - __main__ - INFO - Sample 0
Solution found proactively quantile
Reached infeasible reactive
22:13:45,667 - __main__ - INFO - Sample 1
Solution found proactively quantile
Reached infeasible reactive
22:13:47,027 - __main__ - INFO - Sample 2
Solution found proactively quantile
Reached infeasible reactive
22:13:48,397 - __main__ - INFO - Sample 3
Solution found proactively quantile
Reached infeasible reactive
22:13:49,679 - __main__ - INFO - Sample 4
Solution found proactively quantile
Reached infeasible reactive
22:13:51,051 - __main__ - INFO - Sample 5
Solution found proactively quantile
Reached infeasible reactive
22:13:52,391 - __main__ - INFO - Sample 6
Solution found proactively quantile
Reached infeasible reactive
22:13:53,755 - __main__ - INFO - Sample 7
Solution found proactively quantile
Reached infeasible reactive
22:13:55,152 - __main__ - INFO - Sample 8
Solution found proactively quantile
Reached infeasible reactive
22:13:56,588 - __main__ - INFO - Sample 9
Solution found proactively quantile
Reached infeasible reactive
22:13:57,865 - __main__ - INFO - ---------------------------------j1045_2.mm---------------------------------
22:13:57,896 - __main__ - INFO - Sample 0
Solution found proactively quantile
Reached infeasible reactive
22:13:58,057 - __main__ - INFO - The solution is infeasible
22:13:58,057 - __main__ - INFO - Sample 1
Solution found proactively quantile
Reached infeasible reactive
22:13:58,253 - __main__ - INFO - The solution is infeasible
22:13:58,253 - __main__ - INFO - Sample 2
Solution found proactively quantile
Reached infeasible reactive
22:13:58,614 - __main__ - INFO - The solution is infeasible
22:13:58,614 - __main__ - INFO - Sample 3
Solution found proactively quantile
Reached infeasible reactive
22:13:58,954 - __main__ - INFO - The solution is infeasible
22:13:58,954 - __main__ - INFO - Sample 4
Solution found proactively quantile
Reached infeasible reactive
22:13:59,138 - __main__ - INFO - The solution is infeasible
22:13:59,139 - __main__ - INFO - Sample 5
Solution found proactively quantile
Reached infeasible reactive
22:13:59,338 - __main__ - INFO - The solution is infeasible
22:13:59,338 - __main__ - INFO - Sample 6
Solution found proactively quantile
Reached infeasible reactive
22:13:59,651 - __main__ - INFO - The solution is infeasible
22:13:59,651 - __main__ - INFO - Sample 7
Solution found proactively quantile
Reached infeasible reactive
22:13:59,786 - __main__ - INFO - The solution is infeasible
22:13:59,786 - __main__ - INFO - Sample 8
Solution found proactively quantile
Reached infeasible reactive
22:13:59,955 - __main__ - INFO - The solution is infeasible
22:13:59,955 - __main__ - INFO - Sample 9
Solution found proactively quantile
Reached infeasible reactive
22:14:00,450 - __main__ - INFO - The solution is infeasible
22:14:00,451 - __main__ - INFO - ---------------------------------j1042_4.mm---------------------------------
22:14:00,504 - __main__ - INFO - Sample 0
Solution found proactively quantile
22:14:00,622 - __main__ - INFO - The solution is infeasible
22:14:00,792 - __main__ - INFO - The solution is infeasible
22:14:00,792 - __main__ - INFO - Sample 1
Solution found proactively quantile
22:14:00,910 - __main__ - INFO - The solution is infeasible
22:14:01,084 - __main__ - INFO - The solution is infeasible
22:14:01,084 - __main__ - INFO - Sample 2
Solution found proactively quantile
22:14:01,202 - __main__ - INFO - The solution is infeasible
22:14:01,374 - __main__ - INFO - The solution is infeasible
22:14:01,374 - __main__ - INFO - Sample 3
Solution found proactively quantile
22:14:01,496 - __main__ - INFO - The solution is infeasible
22:14:01,668 - __main__ - INFO - The solution is infeasible
22:14:01,668 - __main__ - INFO - Sample 4
Solution found proactively quantile
22:14:01,783 - __main__ - INFO - The solution is infeasible
22:14:01,955 - __main__ - INFO - The solution is infeasible
22:14:01,955 - __main__ - INFO - Sample 5
Solution found proactively quantile
22:14:02,072 - __main__ - INFO - The solution is infeasible
22:14:02,242 - __main__ - INFO - The solution is infeasible
22:14:02,242 - __main__ - INFO - Sample 6
Solution found proactively quantile
22:14:02,357 - __main__ - INFO - The solution is infeasible
22:14:02,527 - __main__ - INFO - The solution is infeasible
22:14:02,527 - __main__ - INFO - Sample 7
Solution found proactively quantile
22:14:02,644 - __main__ - INFO - The solution is infeasible
22:14:02,815 - __main__ - INFO - The solution is infeasible
22:14:02,816 - __main__ - INFO - Sample 8
Solution found proactively quantile
22:14:02,931 - __main__ - INFO - The solution is infeasible
22:14:03,101 - __main__ - INFO - The solution is infeasible
22:14:03,102 - __main__ - INFO - Sample 9
Solution found proactively quantile
22:14:03,217 - __main__ - INFO - The solution is infeasible
22:14:03,387 - __main__ - INFO - The solution is infeasible
22:14:03,387 - __main__ - INFO - ---------------------------------j1030_2.mm---------------------------------
22:14:03,451 - __main__ - INFO - Sample 0
Solution found proactively quantile
Reached infeasible reactive
22:14:04,710 - __main__ - INFO - Sample 1
Solution found proactively quantile
Reached infeasible reactive
22:14:05,929 - __main__ - INFO - Sample 2
Solution found proactively quantile
Reached infeasible reactive
22:14:07,067 - __main__ - INFO - Sample 3
Solution found proactively quantile
Reached infeasible reactive
22:14:08,351 - __main__ - INFO - Sample 4
Solution found proactively quantile
Reached infeasible reactive
22:14:09,541 - __main__ - INFO - Sample 5
Solution found proactively quantile
Reached infeasible reactive
22:14:10,656 - __main__ - INFO - Sample 6
Solution found proactively quantile
Reached infeasible reactive
22:14:11,877 - __main__ - INFO - Sample 7
Solution found proactively quantile
Reached infeasible reactive
22:14:13,025 - __main__ - INFO - Sample 8
Solution found proactively quantile
Reached infeasible reactive
22:14:14,144 - __main__ - INFO - Sample 9
Solution found proactively quantile
Reached infeasible reactive
22:14:15,386 - __main__ - INFO - ---------------------------------j1046_4.mm---------------------------------
22:14:15,434 - __main__ - INFO - Sample 0
Solution found proactively quantile
Reached infeasible reactive
22:14:16,807 - __main__ - INFO - Sample 1
Solution found proactively quantile
Reached infeasible reactive
22:14:18,291 - __main__ - INFO - Sample 2
Solution found proactively quantile
Reached infeasible reactive
22:14:19,905 - __main__ - INFO - Sample 3
Solution found proactively quantile
Reached infeasible reactive
22:14:21,522 - __main__ - INFO - Sample 4
Solution found proactively quantile
Reached infeasible reactive
22:14:23,051 - __main__ - INFO - Sample 5
Solution found proactively quantile
Reached infeasible reactive
22:14:24,401 - __main__ - INFO - Sample 6
Solution found proactively quantile
Reached infeasible reactive
22:14:25,939 - __main__ - INFO - Sample 7
Solution found proactively quantile
Reached infeasible reactive
22:14:27,583 - __main__ - INFO - Sample 8
Solution found proactively quantile
Reached infeasible reactive
22:14:29,055 - __main__ - INFO - Sample 9
Solution found proactively quantile
Reached infeasible reactive
22:14:30,576 - __main__ - INFO - ---------------------------------j1052_1.mm---------------------------------
22:14:30,618 - __main__ - INFO - Sample 0
Solution found proactively quantile
Reached infeasible reactive
22:14:31,853 - __main__ - INFO - Sample 1
Solution found proactively quantile
Reached infeasible reactive
22:14:33,092 - __main__ - INFO - Sample 2
Solution found proactively quantile
Reached infeasible reactive
22:14:34,327 - __main__ - INFO - Sample 3
Solution found proactively quantile
Reached infeasible reactive
22:14:35,582 - __main__ - INFO - Sample 4
Solution found proactively quantile
Reached infeasible reactive
22:14:36,779 - __main__ - INFO - Sample 5
Solution found proactively quantile
Reached infeasible reactive
22:14:38,114 - __main__ - INFO - Sample 6
Solution found proactively quantile
Reached infeasible reactive
22:14:39,345 - __main__ - INFO - Sample 7
Solution found proactively quantile
Reached infeasible reactive
22:14:40,527 - __main__ - INFO - Sample 8
Solution found proactively quantile
Reached infeasible reactive
22:14:41,767 - __main__ - INFO - Sample 9
Solution found proactively quantile
Reached infeasible reactive
22:14:42,995 - __main__ - INFO - ---------------------------------j102_2.mm---------------------------------
22:14:43,050 - __main__ - INFO - Sample 0
Solution found proactively quantile
22:14:43,192 - __main__ - INFO - The solution is infeasible
22:14:43,334 - __main__ - INFO - The solution is infeasible
22:14:43,334 - __main__ - INFO - Sample 1
Solution found proactively quantile
22:14:43,475 - __main__ - INFO - The solution is infeasible
22:14:43,617 - __main__ - INFO - The solution is infeasible
22:14:43,617 - __main__ - INFO - Sample 2
Solution found proactively quantile
22:14:43,758 - __main__ - INFO - The solution is infeasible
22:14:43,899 - __main__ - INFO - The solution is infeasible
22:14:43,899 - __main__ - INFO - Sample 3
Solution found proactively quantile
22:14:44,038 - __main__ - INFO - The solution is infeasible
22:14:44,181 - __main__ - INFO - The solution is infeasible
22:14:44,181 - __main__ - INFO - Sample 4
Solution found proactively quantile
22:14:44,321 - __main__ - INFO - The solution is infeasible
22:14:44,462 - __main__ - INFO - The solution is infeasible
22:14:44,462 - __main__ - INFO - Sample 5
Solution found proactively quantile
22:14:44,603 - __main__ - INFO - The solution is infeasible
22:14:44,744 - __main__ - INFO - The solution is infeasible
22:14:44,744 - __main__ - INFO - Sample 6
Solution found proactively quantile
22:14:44,886 - __main__ - INFO - The solution is infeasible
22:14:45,028 - __main__ - INFO - The solution is infeasible
22:14:45,029 - __main__ - INFO - Sample 7
Solution found proactively quantile
22:14:45,170 - __main__ - INFO - The solution is infeasible
22:14:45,311 - __main__ - INFO - The solution is infeasible
22:14:45,312 - __main__ - INFO - Sample 8
Solution found proactively quantile
22:14:45,452 - __main__ - INFO - The solution is infeasible
22:14:45,595 - __main__ - INFO - The solution is infeasible
22:14:45,595 - __main__ - INFO - Sample 9
Solution found proactively quantile
22:14:45,736 - __main__ - INFO - The solution is infeasible
22:14:45,878 - __main__ - INFO - The solution is infeasible
22:14:45,878 - __main__ - INFO - ---------------------------------j1061_3.mm---------------------------------
22:14:45,933 - __main__ - INFO - Sample 0
Solution found proactively quantile
22:14:46,104 - __main__ - INFO - The solution is infeasible
22:14:46,324 - __main__ - INFO - The solution is infeasible
22:14:46,324 - __main__ - INFO - Sample 1
Solution found proactively quantile
22:14:46,496 - __main__ - INFO - The solution is infeasible
22:14:46,713 - __main__ - INFO - The solution is infeasible
22:14:46,713 - __main__ - INFO - Sample 2
Solution found proactively quantile
22:14:46,883 - __main__ - INFO - The solution is infeasible
22:14:47,103 - __main__ - INFO - The solution is infeasible
22:14:47,103 - __main__ - INFO - Sample 3
Solution found proactively quantile
22:14:47,272 - __main__ - INFO - The solution is infeasible
22:14:47,588 - __main__ - INFO - The solution is infeasible
22:14:47,588 - __main__ - INFO - Sample 4
Solution found proactively quantile
22:14:47,758 - __main__ - INFO - The solution is infeasible
22:14:47,976 - __main__ - INFO - The solution is infeasible
22:14:47,976 - __main__ - INFO - Sample 5
Solution found proactively quantile
22:14:48,146 - __main__ - INFO - The solution is infeasible
22:14:48,365 - __main__ - INFO - The solution is infeasible
22:14:48,366 - __main__ - INFO - Sample 6
Solution found proactively quantile
22:14:48,532 - __main__ - INFO - The solution is infeasible
22:14:48,748 - __main__ - INFO - The solution is infeasible
22:14:48,749 - __main__ - INFO - Sample 7
Solution found proactively quantile
22:14:48,917 - __main__ - INFO - The solution is infeasible
22:14:49,133 - __main__ - INFO - The solution is infeasible
22:14:49,134 - __main__ - INFO - Sample 8
Solution found proactively quantile
22:14:49,302 - __main__ - INFO - The solution is infeasible
22:14:49,521 - __main__ - INFO - The solution is infeasible
22:14:49,521 - __main__ - INFO - Sample 9
Solution found proactively quantile
22:14:49,692 - __main__ - INFO - The solution is infeasible
22:14:49,906 - __main__ - INFO - The solution is infeasible
22:14:49,906 - __main__ - INFO - ---------------------------------j1040_1.mm---------------------------------
22:14:49,951 - __main__ - INFO - Sample 0
Solution found proactively quantile
Reached infeasible reactive
22:14:50,273 - __main__ - INFO - The solution is infeasible
22:14:50,273 - __main__ - INFO - Sample 1
Solution found proactively quantile
Reached infeasible reactive
22:14:50,448 - __main__ - INFO - The solution is infeasible
22:14:50,448 - __main__ - INFO - Sample 2
Solution found proactively quantile
Reached infeasible reactive
22:14:50,790 - __main__ - INFO - The solution is infeasible
22:14:50,790 - __main__ - INFO - Sample 3
Solution found proactively quantile
Reached infeasible reactive
22:14:51,089 - __main__ - INFO - The solution is infeasible
22:14:51,090 - __main__ - INFO - Sample 4
Solution found proactively quantile
Reached infeasible reactive
22:14:51,461 - __main__ - INFO - The solution is infeasible
22:14:51,462 - __main__ - INFO - Sample 5
Solution found proactively quantile
Reached infeasible reactive
22:14:51,636 - __main__ - INFO - The solution is infeasible
22:14:51,636 - __main__ - INFO - Sample 6
Solution found proactively quantile
Reached infeasible reactive
22:14:51,917 - __main__ - INFO - The solution is infeasible
22:14:51,917 - __main__ - INFO - Sample 7
Solution found proactively quantile
Reached infeasible reactive
22:14:52,102 - __main__ - INFO - The solution is infeasible
22:14:52,102 - __main__ - INFO - Sample 8
Solution found proactively quantile
Reached infeasible reactive
22:14:52,419 - __main__ - INFO - The solution is infeasible
22:14:52,419 - __main__ - INFO - Sample 9
Solution found proactively quantile
Reached infeasible reactive
22:14:52,579 - __main__ - INFO - The solution is infeasible
22:14:52,579 - __main__ - INFO - ---------------------------------j1055_9.mm---------------------------------
22:14:52,637 - __main__ - INFO - Sample 0
Solution found proactively quantile
Reached infeasible reactive
22:14:54,013 - __main__ - INFO - Sample 1
Solution found proactively quantile
Reached infeasible reactive
22:14:55,712 - __main__ - INFO - Sample 2
Solution found proactively quantile
Reached infeasible reactive
22:14:57,190 - __main__ - INFO - Sample 3
Solution found proactively quantile
Reached infeasible reactive
22:14:58,704 - __main__ - INFO - Sample 4
Solution found proactively quantile
Reached infeasible reactive
22:15:00,235 - __main__ - INFO - Sample 5
Solution found proactively quantile
Reached infeasible reactive
22:15:01,616 - __main__ - INFO - Sample 6
Solution found proactively quantile
Reached infeasible reactive
22:15:03,259 - __main__ - INFO - Sample 7
Solution found proactively quantile
Reached infeasible reactive
22:15:04,728 - __main__ - INFO - Sample 8
Solution found proactively quantile
Reached infeasible reactive
22:15:06,162 - __main__ - INFO - Sample 9
Solution found proactively quantile
Reached infeasible reactive
22:15:07,602 - __main__ - INFO - ---------------------------------j106_1.mm---------------------------------
22:15:07,647 - __main__ - INFO - Sample 0
Solution found proactively quantile
22:15:07,731 - __main__ - INFO - The solution is infeasible
22:15:07,924 - __main__ - INFO - The solution is infeasible
22:15:07,924 - __main__ - INFO - Sample 1
Solution found proactively quantile
22:15:08,005 - __main__ - INFO - The solution is infeasible
22:15:08,198 - __main__ - INFO - The solution is infeasible
22:15:08,198 - __main__ - INFO - Sample 2
Solution found proactively quantile
22:15:08,280 - __main__ - INFO - The solution is infeasible
22:15:08,476 - __main__ - INFO - The solution is infeasible
22:15:08,476 - __main__ - INFO - Sample 3
Solution found proactively quantile
22:15:08,556 - __main__ - INFO - The solution is infeasible
22:15:08,748 - __main__ - INFO - The solution is infeasible
22:15:08,748 - __main__ - INFO - Sample 4
Solution found proactively quantile
22:15:08,829 - __main__ - INFO - The solution is infeasible
22:15:09,023 - __main__ - INFO - The solution is infeasible
22:15:09,023 - __main__ - INFO - Sample 5
Solution found proactively quantile
22:15:09,103 - __main__ - INFO - The solution is infeasible
22:15:09,298 - __main__ - INFO - The solution is infeasible
22:15:09,299 - __main__ - INFO - Sample 6
Solution found proactively quantile
22:15:09,379 - __main__ - INFO - The solution is infeasible
22:15:09,574 - __main__ - INFO - The solution is infeasible
22:15:09,574 - __main__ - INFO - Sample 7
Solution found proactively quantile
22:15:09,654 - __main__ - INFO - The solution is infeasible
22:15:09,850 - __main__ - INFO - The solution is infeasible
22:15:09,850 - __main__ - INFO - Sample 8
Solution found proactively quantile
22:15:09,931 - __main__ - INFO - The solution is infeasible
22:15:10,125 - __main__ - INFO - The solution is infeasible
22:15:10,125 - __main__ - INFO - Sample 9
Solution found proactively quantile
22:15:10,206 - __main__ - INFO - The solution is infeasible
22:15:10,399 - __main__ - INFO - The solution is infeasible
22:15:10,399 - __main__ - INFO - ---------------------------------j1046_2.mm---------------------------------
22:15:10,451 - __main__ - INFO - Sample 0
Solution found proactively quantile
Reached infeasible reactive
22:15:10,620 - __main__ - INFO - The solution is infeasible
22:15:10,620 - __main__ - INFO - Sample 1
Solution found proactively quantile
Reached infeasible reactive
22:15:10,771 - __main__ - INFO - The solution is infeasible
22:15:10,771 - __main__ - INFO - Sample 2
Solution found proactively quantile
Reached infeasible reactive
22:15:10,963 - __main__ - INFO - The solution is infeasible
22:15:10,963 - __main__ - INFO - Sample 3
Solution found proactively quantile
Reached infeasible reactive
22:15:11,140 - __main__ - INFO - The solution is infeasible
22:15:11,140 - __main__ - INFO - Sample 4
Solution found proactively quantile
Reached infeasible reactive
22:15:11,317 - __main__ - INFO - The solution is infeasible
22:15:11,317 - __main__ - INFO - Sample 5
Solution found proactively quantile
Reached infeasible reactive
22:15:11,492 - __main__ - INFO - The solution is infeasible
22:15:11,492 - __main__ - INFO - Sample 6
Solution found proactively quantile
Reached infeasible reactive
22:15:11,667 - __main__ - INFO - The solution is infeasible
22:15:11,667 - __main__ - INFO - Sample 7
Solution found proactively quantile
Reached infeasible reactive
22:15:11,953 - __main__ - INFO - The solution is infeasible
22:15:11,953 - __main__ - INFO - Sample 8
Solution found proactively quantile
Reached infeasible reactive
22:15:12,115 - __main__ - INFO - The solution is infeasible
22:15:12,116 - __main__ - INFO - Sample 9
Solution found proactively quantile
Reached infeasible reactive
22:15:12,296 - __main__ - INFO - The solution is infeasible
22:15:12,296 - __main__ - INFO - ---------------------------------j103_10.mm---------------------------------
22:15:12,362 - __main__ - INFO - Sample 0
Solution found proactively quantile
22:15:12,490 - __main__ - INFO - The solution is infeasible
22:15:12,598 - __main__ - INFO - The solution is infeasible
22:15:12,598 - __main__ - INFO - Sample 1
Solution found proactively quantile
22:15:12,723 - __main__ - INFO - The solution is infeasible
22:15:12,831 - __main__ - INFO - The solution is infeasible
22:15:12,832 - __main__ - INFO - Sample 2
Solution found proactively quantile
22:15:12,958 - __main__ - INFO - The solution is infeasible
22:15:13,066 - __main__ - INFO - The solution is infeasible
22:15:13,066 - __main__ - INFO - Sample 3
Solution found proactively quantile
22:15:13,193 - __main__ - INFO - The solution is infeasible
22:15:13,302 - __main__ - INFO - The solution is infeasible
22:15:13,302 - __main__ - INFO - Sample 4
Solution found proactively quantile
22:15:13,429 - __main__ - INFO - The solution is infeasible
22:15:13,539 - __main__ - INFO - The solution is infeasible
22:15:13,539 - __main__ - INFO - Sample 5
Solution found proactively quantile
22:15:13,666 - __main__ - INFO - The solution is infeasible
22:15:13,774 - __main__ - INFO - The solution is infeasible
22:15:13,774 - __main__ - INFO - Sample 6
Solution found proactively quantile
22:15:13,902 - __main__ - INFO - The solution is infeasible
22:15:14,011 - __main__ - INFO - The solution is infeasible
22:15:14,011 - __main__ - INFO - Sample 7
Solution found proactively quantile
22:15:14,137 - __main__ - INFO - The solution is infeasible
22:15:14,248 - __main__ - INFO - The solution is infeasible
22:15:14,248 - __main__ - INFO - Sample 8
Solution found proactively quantile
22:15:14,374 - __main__ - INFO - The solution is infeasible
22:15:14,482 - __main__ - INFO - The solution is infeasible
22:15:14,482 - __main__ - INFO - Sample 9
Solution found proactively quantile
22:15:14,608 - __main__ - INFO - The solution is infeasible
22:15:14,716 - __main__ - INFO - The solution is infeasible
22:15:14,716 - __main__ - INFO - ---------------------------------j1019_3.mm---------------------------------
22:15:14,780 - __main__ - INFO - Sample 0
Solution found proactively quantile
Reached infeasible reactive
22:15:16,336 - __main__ - INFO - Sample 1
Solution found proactively quantile
Reached infeasible reactive
22:15:17,612 - __main__ - INFO - Sample 2
Solution found proactively quantile
Reached infeasible reactive
22:15:18,965 - __main__ - INFO - Sample 3
Solution found proactively quantile
Reached infeasible reactive
22:15:20,226 - __main__ - INFO - Sample 4
Solution found proactively quantile
Reached infeasible reactive
22:15:21,702 - __main__ - INFO - Sample 5
Solution found proactively quantile
Reached infeasible reactive
22:15:23,075 - __main__ - INFO - Sample 6
Solution found proactively quantile
Reached infeasible reactive
22:15:24,376 - __main__ - INFO - Sample 7
Solution found proactively quantile
Reached infeasible reactive
22:15:25,744 - __main__ - INFO - Sample 8
Solution found proactively quantile
Reached infeasible reactive
22:15:27,223 - __main__ - INFO - Sample 9
Solution found proactively quantile
Reached infeasible reactive
22:15:28,710 - __main__ - INFO - ---------------------------------j1061_8.mm---------------------------------
22:15:28,758 - __main__ - INFO - Sample 0
Solution found proactively quantile
Reached infeasible reactive
22:15:30,171 - __main__ - INFO - Sample 1
Solution found proactively quantile
Reached infeasible reactive
22:15:31,645 - __main__ - INFO - Sample 2
Solution found proactively quantile
Reached infeasible reactive
22:15:33,096 - __main__ - INFO - Sample 3
Solution found proactively quantile
22:15:34,555 - __main__ - INFO - Sample 4
Solution found proactively quantile
Reached infeasible reactive
22:15:35,943 - __main__ - INFO - Sample 5
Solution found proactively quantile
Reached infeasible reactive
22:15:37,329 - __main__ - INFO - Sample 6
Solution found proactively quantile
Reached infeasible reactive
22:15:38,670 - __main__ - INFO - Sample 7
Solution found proactively quantile
Reached infeasible reactive
22:15:40,156 - __main__ - INFO - Sample 8
Solution found proactively quantile
Reached infeasible reactive
22:15:41,748 - __main__ - INFO - Sample 9
Solution found proactively quantile
Reached infeasible reactive
22:15:43,171 - __main__ - INFO - ---------------------------------j1052_7.mm---------------------------------
22:15:43,246 - __main__ - INFO - Sample 0
Solution found proactively quantile
Reached infeasible reactive
22:15:44,490 - __main__ - INFO - Sample 1
Solution found proactively quantile
Reached infeasible reactive
22:15:45,833 - __main__ - INFO - Sample 2
Solution found proactively quantile
Reached infeasible reactive
22:15:47,202 - __main__ - INFO - Sample 3
Solution found proactively quantile
Reached infeasible reactive
22:15:48,465 - __main__ - INFO - Sample 4
Solution found proactively quantile
Reached infeasible reactive
22:15:49,609 - __main__ - INFO - Sample 5
Solution found proactively quantile
Reached infeasible reactive
22:15:50,885 - __main__ - INFO - Sample 6
Solution found proactively quantile
Reached infeasible reactive
22:15:52,109 - __main__ - INFO - Sample 7
Solution found proactively quantile
Reached infeasible reactive
22:15:53,362 - __main__ - INFO - Sample 8
Solution found proactively quantile
Reached infeasible reactive
22:15:54,566 - __main__ - INFO - Sample 9
Solution found proactively quantile
Reached infeasible reactive
22:15:55,890 - __main__ - INFO - ---------------------------------j1060_2.mm---------------------------------
22:15:55,934 - __main__ - INFO - Sample 0
Solution found proactively quantile
Reached infeasible reactive
22:15:57,388 - __main__ - INFO - Sample 1
Solution found proactively quantile
Reached infeasible reactive
22:15:58,707 - __main__ - INFO - Sample 2
Solution found proactively quantile
Reached infeasible reactive
22:16:00,064 - __main__ - INFO - Sample 3
Solution found proactively quantile
Reached infeasible reactive
22:16:01,435 - __main__ - INFO - Sample 4
Solution found proactively quantile
Reached infeasible reactive
22:16:02,876 - __main__ - INFO - Sample 5
Solution found proactively quantile
Reached infeasible reactive
22:16:04,206 - __main__ - INFO - Sample 6
Solution found proactively quantile
Reached infeasible reactive
22:16:05,605 - __main__ - INFO - Sample 7
Solution found proactively quantile
Reached infeasible reactive
22:16:07,117 - __main__ - INFO - Sample 8
Solution found proactively quantile
Reached infeasible reactive
22:16:08,458 - __main__ - INFO - Sample 9
Solution found proactively quantile
Reached infeasible reactive
22:16:09,807 - __main__ - INFO - ---------------------------------j1021_3.mm---------------------------------
22:16:09,822 - __main__ - INFO - ---------------------------------j2058_1.mm---------------------------------
22:16:09,882 - __main__ - INFO - Sample 0
Solution found proactively quantile
Reached infeasible reactive
22:16:11,707 - __main__ - INFO - Sample 1
Solution found proactively quantile
Reached infeasible reactive
22:16:13,513 - __main__ - INFO - Sample 2
Solution found proactively quantile
Reached infeasible reactive
22:16:15,190 - __main__ - INFO - Sample 3
Solution found proactively quantile
Reached infeasible reactive
22:16:16,925 - __main__ - INFO - Sample 4
Solution found proactively quantile
Reached infeasible reactive
22:16:18,759 - __main__ - INFO - Sample 5
Solution found proactively quantile
Reached infeasible reactive
22:16:20,563 - __main__ - INFO - Sample 6
Solution found proactively quantile
Reached infeasible reactive
22:16:22,370 - __main__ - INFO - Sample 7
Solution found proactively quantile
Reached infeasible reactive
22:16:24,057 - __main__ - INFO - Sample 8
Solution found proactively quantile
Reached infeasible reactive
22:16:25,832 - __main__ - INFO - Sample 9
Solution found proactively quantile
Reached infeasible reactive
22:16:27,670 - __main__ - INFO - ---------------------------------j2057_2.mm---------------------------------
22:16:27,767 - __main__ - INFO - Sample 0
Solution found proactively quantile
22:16:27,987 - __main__ - INFO - The solution is infeasible
22:16:28,381 - __main__ - INFO - The solution is infeasible
22:16:28,381 - __main__ - INFO - Sample 1
Solution found proactively quantile
22:16:28,606 - __main__ - INFO - The solution is infeasible
22:16:28,998 - __main__ - INFO - The solution is infeasible
22:16:28,998 - __main__ - INFO - Sample 2
Solution found proactively quantile
22:16:29,218 - __main__ - INFO - The solution is infeasible
22:16:29,609 - __main__ - INFO - The solution is infeasible
22:16:29,609 - __main__ - INFO - Sample 3
Solution found proactively quantile
22:16:29,829 - __main__ - INFO - The solution is infeasible
22:16:30,225 - __main__ - INFO - The solution is infeasible
22:16:30,225 - __main__ - INFO - Sample 4
Solution found proactively quantile
22:16:30,445 - __main__ - INFO - The solution is infeasible
22:16:30,842 - __main__ - INFO - The solution is infeasible
22:16:30,842 - __main__ - INFO - Sample 5
Solution found proactively quantile
22:16:31,062 - __main__ - INFO - The solution is infeasible
22:16:31,455 - __main__ - INFO - The solution is infeasible
22:16:31,455 - __main__ - INFO - Sample 6
Solution found proactively quantile
22:16:31,674 - __main__ - INFO - The solution is infeasible
22:16:32,069 - __main__ - INFO - The solution is infeasible
22:16:32,069 - __main__ - INFO - Sample 7
Solution found proactively quantile
22:16:32,291 - __main__ - INFO - The solution is infeasible
22:16:32,682 - __main__ - INFO - The solution is infeasible
22:16:32,683 - __main__ - INFO - Sample 8
Solution found proactively quantile
22:16:32,905 - __main__ - INFO - The solution is infeasible
22:16:33,301 - __main__ - INFO - The solution is infeasible
22:16:33,302 - __main__ - INFO - Sample 9
Solution found proactively quantile
22:16:33,522 - __main__ - INFO - The solution is infeasible
22:16:33,922 - __main__ - INFO - The solution is infeasible
22:16:33,922 - __main__ - INFO - ---------------------------------j2043_7.mm---------------------------------
22:16:34,080 - __main__ - INFO - Sample 0
Solution found proactively quantile
Reached infeasible reactive
22:16:36,048 - __main__ - INFO - Sample 1
Solution found proactively quantile
Reached infeasible reactive
22:16:37,903 - __main__ - INFO - Sample 2
Solution found proactively quantile
Reached infeasible reactive
22:16:39,867 - __main__ - INFO - Sample 3
Solution found proactively quantile
Reached infeasible reactive
22:16:41,861 - __main__ - INFO - Sample 4
Solution found proactively quantile
Reached infeasible reactive
22:16:43,888 - __main__ - INFO - Sample 5
Solution found proactively quantile
Reached infeasible reactive
22:16:45,924 - __main__ - INFO - Sample 6
Solution found proactively quantile
Reached infeasible reactive
22:16:47,769 - __main__ - INFO - Sample 7
Solution found proactively quantile
Reached infeasible reactive
22:16:49,701 - __main__ - INFO - Sample 8
Solution found proactively quantile
Reached infeasible reactive
22:16:51,756 - __main__ - INFO - Sample 9
Solution found proactively quantile
Reached infeasible reactive
22:16:53,728 - __main__ - INFO - ---------------------------------j2058_3.mm---------------------------------
22:16:53,839 - __main__ - INFO - Sample 0
Solution found proactively quantile
22:16:54,056 - __main__ - INFO - The solution is infeasible
22:16:54,462 - __main__ - INFO - The solution is infeasible
22:16:54,462 - __main__ - INFO - Sample 1
Solution found proactively quantile
22:16:54,681 - __main__ - INFO - The solution is infeasible
22:16:55,196 - __main__ - INFO - The solution is infeasible
22:16:55,196 - __main__ - INFO - Sample 2
Solution found proactively quantile
22:16:55,416 - __main__ - INFO - The solution is infeasible
22:16:55,826 - __main__ - INFO - The solution is infeasible
22:16:55,827 - __main__ - INFO - Sample 3
Solution found proactively quantile
22:16:56,045 - __main__ - INFO - The solution is infeasible
22:16:56,451 - __main__ - INFO - The solution is infeasible
22:16:56,451 - __main__ - INFO - Sample 4
Solution found proactively quantile
22:16:56,669 - __main__ - INFO - The solution is infeasible
22:16:57,079 - __main__ - INFO - The solution is infeasible
22:16:57,079 - __main__ - INFO - Sample 5
Solution found proactively quantile
22:16:57,308 - __main__ - INFO - The solution is infeasible
22:16:57,717 - __main__ - INFO - The solution is infeasible
22:16:57,717 - __main__ - INFO - Sample 6
Solution found proactively quantile
22:16:57,933 - __main__ - INFO - The solution is infeasible
22:16:58,344 - __main__ - INFO - The solution is infeasible
22:16:58,345 - __main__ - INFO - Sample 7
Solution found proactively quantile
22:16:58,564 - __main__ - INFO - The solution is infeasible
22:16:58,980 - __main__ - INFO - The solution is infeasible
22:16:58,981 - __main__ - INFO - Sample 8
Solution found proactively quantile
22:16:59,198 - __main__ - INFO - The solution is infeasible
22:16:59,601 - __main__ - INFO - The solution is infeasible
22:16:59,601 - __main__ - INFO - Sample 9
Solution found proactively quantile
22:16:59,817 - __main__ - INFO - The solution is infeasible
22:17:00,224 - __main__ - INFO - The solution is infeasible
22:17:00,224 - __main__ - INFO - ---------------------------------j2016_1.mm---------------------------------
22:17:00,302 - __main__ - INFO - Sample 0
Solution found proactively quantile
Reached infeasible reactive
22:17:00,585 - __main__ - INFO - The solution is infeasible
22:17:00,585 - __main__ - INFO - Sample 1
Solution found proactively quantile
Reached infeasible reactive
22:17:00,852 - __main__ - INFO - The solution is infeasible
22:17:00,853 - __main__ - INFO - Sample 2
Solution found proactively quantile
Reached infeasible reactive
22:17:01,129 - __main__ - INFO - The solution is infeasible
22:17:01,129 - __main__ - INFO - Sample 3
Solution found proactively quantile
Reached infeasible reactive
22:17:01,321 - __main__ - INFO - The solution is infeasible
22:17:01,321 - __main__ - INFO - Sample 4
Solution found proactively quantile
Reached infeasible reactive
22:17:01,560 - __main__ - INFO - The solution is infeasible
22:17:01,560 - __main__ - INFO - Sample 5
Solution found proactively quantile
Reached infeasible reactive
22:17:01,745 - __main__ - INFO - The solution is infeasible
22:17:01,745 - __main__ - INFO - Sample 6
Solution found proactively quantile
Reached infeasible reactive
22:17:01,956 - __main__ - INFO - The solution is infeasible
22:17:01,956 - __main__ - INFO - Sample 7
Solution found proactively quantile
Reached infeasible reactive
22:17:02,144 - __main__ - INFO - The solution is infeasible
22:17:02,144 - __main__ - INFO - Sample 8
Solution found proactively quantile
Reached infeasible reactive
22:17:02,452 - __main__ - INFO - The solution is infeasible
22:17:02,453 - __main__ - INFO - Sample 9
Solution found proactively quantile
Reached infeasible reactive
22:17:02,758 - __main__ - INFO - The solution is infeasible
22:17:02,758 - __main__ - INFO - ---------------------------------j2044_4.mm---------------------------------
22:17:02,875 - __main__ - INFO - Sample 0
Solution found proactively quantile
Reached infeasible reactive
22:17:04,907 - __main__ - INFO - Sample 1
Solution found proactively quantile
Reached infeasible reactive
22:17:06,916 - __main__ - INFO - Sample 2
Solution found proactively quantile
Reached infeasible reactive
22:17:08,895 - __main__ - INFO - Sample 3
Solution found proactively quantile
Reached infeasible reactive
22:17:10,892 - __main__ - INFO - Sample 4
Solution found proactively quantile
Reached infeasible reactive
22:17:12,857 - __main__ - INFO - Sample 5
Solution found proactively quantile
Reached infeasible reactive
22:17:14,777 - __main__ - INFO - Sample 6
Solution found proactively quantile
Reached infeasible reactive
22:17:16,821 - __main__ - INFO - Sample 7
Solution found proactively quantile
Reached infeasible reactive
22:17:18,764 - __main__ - INFO - Sample 8
Solution found proactively quantile
Reached infeasible reactive
22:17:20,775 - __main__ - INFO - Sample 9
Solution found proactively quantile
Reached infeasible reactive
22:17:22,709 - __main__ - INFO - ---------------------------------j2056_9.mm---------------------------------
22:17:22,788 - __main__ - INFO - Sample 0
Solution found proactively quantile
Reached infeasible reactive
22:17:24,891 - __main__ - INFO - Sample 1
Solution found proactively quantile
Reached infeasible reactive
22:17:26,865 - __main__ - INFO - Sample 2
Solution found proactively quantile
Reached infeasible reactive
22:17:28,884 - __main__ - INFO - Sample 3
Solution found proactively quantile
Reached infeasible reactive
22:17:30,898 - __main__ - INFO - Sample 4
Solution found proactively quantile
Reached infeasible reactive
22:17:32,829 - __main__ - INFO - Sample 5
Solution found proactively quantile
Reached infeasible reactive
22:17:34,832 - __main__ - INFO - Sample 6
Solution found proactively quantile
Reached infeasible reactive
22:17:36,963 - __main__ - INFO - Sample 7
Solution found proactively quantile
Reached infeasible reactive
22:17:38,989 - __main__ - INFO - Sample 8
Solution found proactively quantile
Reached infeasible reactive
22:17:41,025 - __main__ - INFO - Sample 9
Solution found proactively quantile
Reached infeasible reactive
22:17:43,033 - __main__ - INFO - ---------------------------------j2054_3.mm---------------------------------
22:17:43,133 - __main__ - INFO - Sample 0
Solution found proactively quantile
22:17:43,550 - __main__ - INFO - The solution is infeasible
22:17:43,979 - __main__ - INFO - The solution is infeasible
22:17:43,979 - __main__ - INFO - Sample 1
Solution found proactively quantile
22:17:44,392 - __main__ - INFO - The solution is infeasible
22:17:44,814 - __main__ - INFO - The solution is infeasible
22:17:44,814 - __main__ - INFO - Sample 2
Solution found proactively quantile
22:17:45,230 - __main__ - INFO - The solution is infeasible
22:17:45,657 - __main__ - INFO - The solution is infeasible
22:17:45,657 - __main__ - INFO - Sample 3
Solution found proactively quantile
22:17:46,075 - __main__ - INFO - The solution is infeasible
22:17:46,499 - __main__ - INFO - The solution is infeasible
22:17:46,499 - __main__ - INFO - Sample 4
Solution found proactively quantile
22:17:46,921 - __main__ - INFO - The solution is infeasible
22:17:47,346 - __main__ - INFO - The solution is infeasible
22:17:47,346 - __main__ - INFO - Sample 5
Solution found proactively quantile
22:17:47,761 - __main__ - INFO - The solution is infeasible
22:17:48,185 - __main__ - INFO - The solution is infeasible
22:17:48,185 - __main__ - INFO - Sample 6
Solution found proactively quantile
22:17:48,601 - __main__ - INFO - The solution is infeasible
22:17:49,021 - __main__ - INFO - The solution is infeasible
22:17:49,021 - __main__ - INFO - Sample 7
Solution found proactively quantile
22:17:49,434 - __main__ - INFO - The solution is infeasible
22:17:49,857 - __main__ - INFO - The solution is infeasible
22:17:49,857 - __main__ - INFO - Sample 8
Solution found proactively quantile
22:17:50,272 - __main__ - INFO - The solution is infeasible
22:17:50,692 - __main__ - INFO - The solution is infeasible
22:17:50,692 - __main__ - INFO - Sample 9
Solution found proactively quantile
22:17:51,113 - __main__ - INFO - The solution is infeasible
22:17:51,535 - __main__ - INFO - The solution is infeasible
22:17:51,535 - __main__ - INFO - ---------------------------------j2064_4.mm---------------------------------
22:17:51,614 - __main__ - INFO - Sample 0
Solution found proactively quantile
Reached infeasible reactive
22:17:53,645 - __main__ - INFO - Sample 1
Solution found proactively quantile
Reached infeasible reactive
22:17:55,655 - __main__ - INFO - Sample 2
Solution found proactively quantile
Reached infeasible reactive
22:17:57,708 - __main__ - INFO - Sample 3
Solution found proactively quantile
Reached infeasible reactive
22:17:59,643 - __main__ - INFO - Sample 4
Solution found proactively quantile
Reached infeasible reactive
22:18:01,579 - __main__ - INFO - Sample 5
Solution found proactively quantile
Reached infeasible reactive
22:18:03,519 - __main__ - INFO - Sample 6
Solution found proactively quantile
Reached infeasible reactive
22:18:05,415 - __main__ - INFO - Sample 7
Solution found proactively quantile
Reached infeasible reactive
22:18:07,381 - __main__ - INFO - Sample 8
Solution found proactively quantile
Reached infeasible reactive
22:18:09,325 - __main__ - INFO - Sample 9
Solution found proactively quantile
Reached infeasible reactive
22:18:11,185 - __main__ - INFO - ---------------------------------j2060_4.mm---------------------------------
22:18:11,281 - __main__ - INFO - Sample 0
Solution found proactively quantile
22:18:11,425 - __main__ - INFO - The solution is infeasible
22:18:11,609 - __main__ - INFO - The solution is infeasible
22:18:11,609 - __main__ - INFO - Sample 1
Solution found proactively quantile
22:18:11,750 - __main__ - INFO - The solution is infeasible
22:18:11,934 - __main__ - INFO - The solution is infeasible
22:18:11,934 - __main__ - INFO - Sample 2
Solution found proactively quantile
22:18:12,076 - __main__ - INFO - The solution is infeasible
22:18:12,258 - __main__ - INFO - The solution is infeasible
22:18:12,258 - __main__ - INFO - Sample 3
Solution found proactively quantile
22:18:12,400 - __main__ - INFO - The solution is infeasible
22:18:12,583 - __main__ - INFO - The solution is infeasible
22:18:12,583 - __main__ - INFO - Sample 4
Solution found proactively quantile
22:18:12,723 - __main__ - INFO - The solution is infeasible
22:18:12,906 - __main__ - INFO - The solution is infeasible
22:18:12,907 - __main__ - INFO - Sample 5
Solution found proactively quantile
22:18:13,051 - __main__ - INFO - The solution is infeasible
22:18:13,233 - __main__ - INFO - The solution is infeasible
22:18:13,233 - __main__ - INFO - Sample 6
Solution found proactively quantile
22:18:13,374 - __main__ - INFO - The solution is infeasible
22:18:13,556 - __main__ - INFO - The solution is infeasible
22:18:13,556 - __main__ - INFO - Sample 7
Solution found proactively quantile
22:18:13,699 - __main__ - INFO - The solution is infeasible
22:18:13,879 - __main__ - INFO - The solution is infeasible
22:18:13,879 - __main__ - INFO - Sample 8
Solution found proactively quantile
22:18:14,022 - __main__ - INFO - The solution is infeasible
22:18:14,206 - __main__ - INFO - The solution is infeasible
22:18:14,206 - __main__ - INFO - Sample 9
Solution found proactively quantile
22:18:14,351 - __main__ - INFO - The solution is infeasible
22:18:14,532 - __main__ - INFO - The solution is infeasible
22:18:14,532 - __main__ - INFO - ---------------------------------j2037_4.mm---------------------------------
22:18:14,596 - __main__ - INFO - Sample 0
Solution found proactively quantile
Reached infeasible reactive
22:18:16,676 - __main__ - INFO - Sample 1
Solution found proactively quantile
Reached infeasible reactive
22:18:18,857 - __main__ - INFO - Sample 2
Solution found proactively quantile
Reached infeasible reactive
22:18:20,893 - __main__ - INFO - Sample 3
Solution found proactively quantile
Reached infeasible reactive
22:18:22,943 - __main__ - INFO - Sample 4
Solution found proactively quantile
Reached infeasible reactive
22:18:25,077 - __main__ - INFO - Sample 5
Solution found proactively quantile
Reached infeasible reactive
22:18:27,139 - __main__ - INFO - Sample 6
Solution found proactively quantile
Reached infeasible reactive
22:18:29,090 - __main__ - INFO - Sample 7
Solution found proactively quantile
Reached infeasible reactive
22:18:31,254 - __main__ - INFO - Sample 8
Solution found proactively quantile
Reached infeasible reactive
22:18:33,358 - __main__ - INFO - Sample 9
Solution found proactively quantile
Reached infeasible reactive
22:18:35,434 - __main__ - INFO - ---------------------------------j2028_8.mm---------------------------------
22:18:35,508 - __main__ - INFO - Sample 0
Solution found proactively quantile
Reached infeasible reactive
22:18:35,853 - __main__ - INFO - The solution is infeasible
22:18:35,853 - __main__ - INFO - Sample 1
Solution found proactively quantile
Reached infeasible reactive
22:18:36,123 - __main__ - INFO - The solution is infeasible
22:18:36,124 - __main__ - INFO - Sample 2
Solution found proactively quantile
Reached infeasible reactive
22:18:36,495 - __main__ - INFO - The solution is infeasible
22:18:36,496 - __main__ - INFO - Sample 3
Solution found proactively quantile
Reached infeasible reactive
22:18:36,794 - __main__ - INFO - The solution is infeasible
22:18:36,794 - __main__ - INFO - Sample 4
Solution found proactively quantile
Reached infeasible reactive
22:18:37,110 - __main__ - INFO - The solution is infeasible
22:18:37,110 - __main__ - INFO - Sample 5
Solution found proactively quantile
Reached infeasible reactive
22:18:37,389 - __main__ - INFO - The solution is infeasible
22:18:37,390 - __main__ - INFO - Sample 6
Solution found proactively quantile
Reached infeasible reactive
22:18:37,684 - __main__ - INFO - The solution is infeasible
22:18:37,684 - __main__ - INFO - Sample 7
Solution found proactively quantile
Reached infeasible reactive
22:18:37,939 - __main__ - INFO - The solution is infeasible
22:18:37,939 - __main__ - INFO - Sample 8
Solution found proactively quantile
Reached infeasible reactive
22:18:38,208 - __main__ - INFO - The solution is infeasible
22:18:38,208 - __main__ - INFO - Sample 9
Solution found proactively quantile
Reached infeasible reactive
22:18:38,470 - __main__ - INFO - The solution is infeasible
22:18:38,470 - __main__ - INFO - ---------------------------------j2011_2.mm---------------------------------
22:18:38,538 - __main__ - INFO - Sample 0
Solution found proactively quantile
Reached infeasible reactive
22:18:40,340 - __main__ - INFO - Sample 1
Solution found proactively quantile
Reached infeasible reactive
22:18:42,313 - __main__ - INFO - Sample 2
Solution found proactively quantile
Reached infeasible reactive
22:18:44,130 - __main__ - INFO - Sample 3
Solution found proactively quantile
Reached infeasible reactive
22:18:45,912 - __main__ - INFO - Sample 4
Solution found proactively quantile
Reached infeasible reactive
22:18:47,747 - __main__ - INFO - Sample 5
Solution found proactively quantile
Reached infeasible reactive
22:18:49,569 - __main__ - INFO - Sample 6
Solution found proactively quantile
Reached infeasible reactive
22:18:51,446 - __main__ - INFO - Sample 7
Solution found proactively quantile
Reached infeasible reactive
22:18:53,276 - __main__ - INFO - Sample 8
Solution found proactively quantile
Reached infeasible reactive
22:18:55,172 - __main__ - INFO - Sample 9
Solution found proactively quantile
Reached infeasible reactive
22:18:56,986 - __main__ - INFO - ---------------------------------j2046_6.mm---------------------------------
22:18:57,060 - __main__ - INFO - Sample 0
Solution found proactively quantile
Reached infeasible reactive
22:18:59,190 - __main__ - INFO - Sample 1
Solution found proactively quantile
Reached infeasible reactive
22:19:01,370 - __main__ - INFO - Sample 2
Solution found proactively quantile
Reached infeasible reactive
22:19:03,648 - __main__ - INFO - Sample 3
Solution found proactively quantile
Reached infeasible reactive
22:19:05,700 - __main__ - INFO - Sample 4
Solution found proactively quantile
Reached infeasible reactive
22:19:07,822 - __main__ - INFO - Sample 5
Solution found proactively quantile
Reached infeasible reactive
22:19:09,997 - __main__ - INFO - Sample 6
Solution found proactively quantile
Reached infeasible reactive
22:19:12,271 - __main__ - INFO - Sample 7
Solution found proactively quantile
Reached infeasible reactive
22:19:14,441 - __main__ - INFO - Sample 8
Solution found proactively quantile
Reached infeasible reactive
22:19:16,900 - __main__ - INFO - Sample 9
Solution found proactively quantile
Reached infeasible reactive
22:19:19,037 - __main__ - INFO - ---------------------------------j2018_10.mm---------------------------------
22:19:19,128 - __main__ - INFO - Sample 0
Solution found proactively quantile
Reached infeasible reactive
22:19:20,741 - __main__ - INFO - Sample 1
Solution found proactively quantile
Reached infeasible reactive
22:19:22,236 - __main__ - INFO - Sample 2
Solution found proactively quantile
Reached infeasible reactive
22:19:23,889 - __main__ - INFO - Sample 3
Solution found proactively quantile
Reached infeasible reactive
22:19:25,511 - __main__ - INFO - Sample 4
Solution found proactively quantile
Reached infeasible reactive
22:19:27,142 - __main__ - INFO - Sample 5
Solution found proactively quantile
Reached infeasible reactive
22:19:28,853 - __main__ - INFO - Sample 6
Solution found proactively quantile
Reached infeasible reactive
22:19:30,477 - __main__ - INFO - Sample 7
Solution found proactively quantile
Reached infeasible reactive
22:19:32,126 - __main__ - INFO - Sample 8
Solution found proactively quantile
Reached infeasible reactive
22:19:33,650 - __main__ - INFO - Sample 9
Solution found proactively quantile
Reached infeasible reactive
22:19:35,233 - __main__ - INFO - ---------------------------------j2030_7.mm---------------------------------
22:19:35,351 - __main__ - INFO - Sample 0
Solution found proactively quantile
22:19:35,677 - __main__ - INFO - The solution is infeasible
22:19:36,080 - __main__ - INFO - The solution is infeasible
22:19:36,081 - __main__ - INFO - Sample 1
Solution found proactively quantile
22:19:36,406 - __main__ - INFO - The solution is infeasible
22:19:36,812 - __main__ - INFO - The solution is infeasible
22:19:36,812 - __main__ - INFO - Sample 2
Solution found proactively quantile
22:19:37,129 - __main__ - INFO - The solution is infeasible
22:19:37,534 - __main__ - INFO - The solution is infeasible
22:19:37,535 - __main__ - INFO - Sample 3
Solution found proactively quantile
22:19:37,853 - __main__ - INFO - The solution is infeasible
22:19:38,263 - __main__ - INFO - The solution is infeasible
22:19:38,264 - __main__ - INFO - Sample 4
Solution found proactively quantile
22:19:38,583 - __main__ - INFO - The solution is infeasible
22:19:38,983 - __main__ - INFO - The solution is infeasible
22:19:38,983 - __main__ - INFO - Sample 5
Solution found proactively quantile
22:19:39,304 - __main__ - INFO - The solution is infeasible
22:19:39,708 - __main__ - INFO - The solution is infeasible
22:19:39,708 - __main__ - INFO - Sample 6
Solution found proactively quantile
22:19:40,026 - __main__ - INFO - The solution is infeasible
22:19:40,428 - __main__ - INFO - The solution is infeasible
22:19:40,429 - __main__ - INFO - Sample 7
Solution found proactively quantile
22:19:40,753 - __main__ - INFO - The solution is infeasible
22:19:41,242 - __main__ - INFO - The solution is infeasible
22:19:41,242 - __main__ - INFO - Sample 8
Solution found proactively quantile
22:19:41,562 - __main__ - INFO - The solution is infeasible
22:19:41,972 - __main__ - INFO - The solution is infeasible
22:19:41,972 - __main__ - INFO - Sample 9
Solution found proactively quantile
22:19:42,296 - __main__ - INFO - The solution is infeasible
22:19:42,708 - __main__ - INFO - The solution is infeasible
22:19:42,708 - __main__ - INFO - ---------------------------------j2063_7.mm---------------------------------
22:19:42,765 - __main__ - INFO - Sample 0
Solution found proactively quantile
Reached infeasible reactive
22:19:43,182 - __main__ - INFO - The solution is infeasible
22:19:43,182 - __main__ - INFO - Sample 1
Solution found proactively quantile
Reached infeasible reactive
22:19:43,541 - __main__ - INFO - The solution is infeasible
22:19:43,541 - __main__ - INFO - Sample 2
Solution found proactively quantile
Reached infeasible reactive
22:19:43,838 - __main__ - INFO - The solution is infeasible
22:19:43,839 - __main__ - INFO - Sample 3
Solution found proactively quantile
Reached infeasible reactive
22:19:44,326 - __main__ - INFO - The solution is infeasible
22:19:44,326 - __main__ - INFO - Sample 4
Solution found proactively quantile
Reached infeasible reactive
22:19:44,627 - __main__ - INFO - The solution is infeasible
22:19:44,627 - __main__ - INFO - Sample 5
Solution found proactively quantile
Reached infeasible reactive
22:19:45,041 - __main__ - INFO - The solution is infeasible
22:19:45,041 - __main__ - INFO - Sample 6
Solution found proactively quantile
Reached infeasible reactive
22:19:45,360 - __main__ - INFO - The solution is infeasible
22:19:45,360 - __main__ - INFO - Sample 7
Solution found proactively quantile
Reached infeasible reactive
22:19:45,731 - __main__ - INFO - The solution is infeasible
22:19:45,731 - __main__ - INFO - Sample 8
Solution found proactively quantile
Reached infeasible reactive
22:19:46,049 - __main__ - INFO - The solution is infeasible
22:19:46,049 - __main__ - INFO - Sample 9
Solution found proactively quantile
Reached infeasible reactive
22:19:46,481 - __main__ - INFO - The solution is infeasible
22:19:46,481 - __main__ - INFO - ---------------------------------j2013_6.mm---------------------------------
22:19:46,543 - __main__ - INFO - Sample 0
Solution found proactively quantile
Reached infeasible reactive
22:19:48,391 - __main__ - INFO - Sample 1
Solution found proactively quantile
Reached infeasible reactive
22:19:50,369 - __main__ - INFO - Sample 2
Solution found proactively quantile
Reached infeasible reactive
22:19:52,246 - __main__ - INFO - Sample 3
Solution found proactively quantile
Reached infeasible reactive
22:19:54,126 - __main__ - INFO - Sample 4
Solution found proactively quantile
Reached infeasible reactive
22:19:56,004 - __main__ - INFO - Sample 5
Solution found proactively quantile
Reached infeasible reactive
22:19:57,899 - __main__ - INFO - Sample 6
Solution found proactively quantile
Reached infeasible reactive
22:19:59,730 - __main__ - INFO - Sample 7
Solution found proactively quantile
Reached infeasible reactive
22:20:01,659 - __main__ - INFO - Sample 8
Solution found proactively quantile
Reached infeasible reactive
22:20:03,838 - __main__ - INFO - Sample 9
Solution found proactively quantile
Reached infeasible reactive
22:20:05,788 - __main__ - INFO - ---------------------------------j2034_7.mm---------------------------------
22:20:05,901 - __main__ - INFO - Sample 0
Solution found proactively quantile
22:20:06,006 - __main__ - INFO - The solution is infeasible
22:20:06,160 - __main__ - INFO - The solution is infeasible
22:20:06,160 - __main__ - INFO - Sample 1
Solution found proactively quantile
22:20:06,264 - __main__ - INFO - The solution is infeasible
22:20:06,419 - __main__ - INFO - The solution is infeasible
22:20:06,419 - __main__ - INFO - Sample 2
Solution found proactively quantile
22:20:06,524 - __main__ - INFO - The solution is infeasible
22:20:06,678 - __main__ - INFO - The solution is infeasible
22:20:06,678 - __main__ - INFO - Sample 3
Solution found proactively quantile
22:20:06,781 - __main__ - INFO - The solution is infeasible
22:20:06,935 - __main__ - INFO - The solution is infeasible
22:20:06,936 - __main__ - INFO - Sample 4
Solution found proactively quantile
22:20:07,039 - __main__ - INFO - The solution is infeasible
22:20:07,196 - __main__ - INFO - The solution is infeasible
22:20:07,196 - __main__ - INFO - Sample 5
Solution found proactively quantile
22:20:07,301 - __main__ - INFO - The solution is infeasible
22:20:07,456 - __main__ - INFO - The solution is infeasible
22:20:07,456 - __main__ - INFO - Sample 6
Solution found proactively quantile
22:20:07,559 - __main__ - INFO - The solution is infeasible
22:20:07,716 - __main__ - INFO - The solution is infeasible
22:20:07,717 - __main__ - INFO - Sample 7
Solution found proactively quantile
22:20:07,917 - __main__ - INFO - The solution is infeasible
22:20:08,072 - __main__ - INFO - The solution is infeasible
22:20:08,073 - __main__ - INFO - Sample 8
Solution found proactively quantile
22:20:08,177 - __main__ - INFO - The solution is infeasible
22:20:08,333 - __main__ - INFO - The solution is infeasible
22:20:08,334 - __main__ - INFO - Sample 9
Solution found proactively quantile
22:20:08,437 - __main__ - INFO - The solution is infeasible
22:20:08,595 - __main__ - INFO - The solution is infeasible
22:20:08,595 - __main__ - INFO - ---------------------------------j2027_1.mm---------------------------------
22:20:08,699 - __main__ - INFO - Sample 0
Solution found proactively quantile
Reached infeasible reactive
22:20:10,384 - __main__ - INFO - Sample 1
Solution found proactively quantile
Reached infeasible reactive
22:20:12,019 - __main__ - INFO - Sample 2
Solution found proactively quantile
Reached infeasible reactive
22:20:13,748 - __main__ - INFO - Sample 3
Solution found proactively quantile
Reached infeasible reactive
22:20:15,476 - __main__ - INFO - Sample 4
Solution found proactively quantile
Reached infeasible reactive
22:20:17,173 - __main__ - INFO - Sample 5
Solution found proactively quantile
Reached infeasible reactive
22:20:18,846 - __main__ - INFO - Sample 6
Solution found proactively quantile
Reached infeasible reactive
22:20:20,377 - __main__ - INFO - Sample 7
Solution found proactively quantile
Reached infeasible reactive
22:20:22,097 - __main__ - INFO - Sample 8
Solution found proactively quantile
Reached infeasible reactive
22:20:23,786 - __main__ - INFO - Sample 9
Solution found proactively quantile
Reached infeasible reactive
22:20:25,429 - __main__ - INFO - ---------------------------------j2025_10.mm---------------------------------
22:20:25,542 - __main__ - INFO - Sample 0
Solution found proactively quantile
22:20:25,913 - __main__ - INFO - The solution is infeasible
22:20:26,303 - __main__ - INFO - The solution is infeasible
22:20:26,304 - __main__ - INFO - Sample 1
Solution found proactively quantile
22:20:26,675 - __main__ - INFO - The solution is infeasible
22:20:27,060 - __main__ - INFO - The solution is infeasible
22:20:27,060 - __main__ - INFO - Sample 2
Solution found proactively quantile
22:20:27,429 - __main__ - INFO - The solution is infeasible
22:20:27,811 - __main__ - INFO - The solution is infeasible
22:20:27,811 - __main__ - INFO - Sample 3
Solution found proactively quantile
22:20:28,183 - __main__ - INFO - The solution is infeasible
22:20:28,568 - __main__ - INFO - The solution is infeasible
22:20:28,569 - __main__ - INFO - Sample 4
Solution found proactively quantile
22:20:28,938 - __main__ - INFO - The solution is infeasible
22:20:29,320 - __main__ - INFO - The solution is infeasible
22:20:29,320 - __main__ - INFO - Sample 5
Solution found proactively quantile
22:20:29,692 - __main__ - INFO - The solution is infeasible
22:20:30,074 - __main__ - INFO - The solution is infeasible
22:20:30,074 - __main__ - INFO - Sample 6
Solution found proactively quantile
22:20:30,444 - __main__ - INFO - The solution is infeasible
22:20:30,826 - __main__ - INFO - The solution is infeasible
22:20:30,826 - __main__ - INFO - Sample 7
Solution found proactively quantile
22:20:31,191 - __main__ - INFO - The solution is infeasible
22:20:31,575 - __main__ - INFO - The solution is infeasible
22:20:31,575 - __main__ - INFO - Sample 8
Solution found proactively quantile
22:20:31,940 - __main__ - INFO - The solution is infeasible
22:20:32,325 - __main__ - INFO - The solution is infeasible
22:20:32,325 - __main__ - INFO - Sample 9
Solution found proactively quantile
22:20:32,691 - __main__ - INFO - The solution is infeasible
22:20:33,076 - __main__ - INFO - The solution is infeasible
22:20:33,076 - __main__ - INFO - ---------------------------------j2015_5.mm---------------------------------
22:20:33,195 - __main__ - INFO - Sample 0
Solution found proactively quantile
Reached infeasible reactive
22:20:33,407 - __main__ - INFO - The solution is infeasible
22:20:33,408 - __main__ - INFO - Sample 1
Solution found proactively quantile
Reached infeasible reactive
22:20:33,661 - __main__ - INFO - The solution is infeasible
22:20:33,661 - __main__ - INFO - Sample 2
Solution found proactively quantile
Reached infeasible reactive
22:20:33,862 - __main__ - INFO - The solution is infeasible
22:20:33,862 - __main__ - INFO - Sample 3
Solution found proactively quantile
Reached infeasible reactive
22:20:34,130 - __main__ - INFO - The solution is infeasible
22:20:34,130 - __main__ - INFO - Sample 4
Solution found proactively quantile
Reached infeasible reactive
22:20:34,439 - __main__ - INFO - The solution is infeasible
22:20:34,439 - __main__ - INFO - Sample 5
Solution found proactively quantile
Reached infeasible reactive
22:20:34,723 - __main__ - INFO - The solution is infeasible
22:20:34,724 - __main__ - INFO - Sample 6
Solution found proactively quantile
Reached infeasible reactive
22:20:34,928 - __main__ - INFO - The solution is infeasible
22:20:34,928 - __main__ - INFO - Sample 7
Solution found proactively quantile
Reached infeasible reactive
22:20:35,213 - __main__ - INFO - The solution is infeasible
22:20:35,213 - __main__ - INFO - Sample 8
Solution found proactively quantile
Reached infeasible reactive
22:20:35,417 - __main__ - INFO - The solution is infeasible
22:20:35,418 - __main__ - INFO - Sample 9
Solution found proactively quantile
Reached infeasible reactive
22:20:35,708 - __main__ - INFO - The solution is infeasible
22:20:35,709 - __main__ - INFO - ---------------------------------j2043_3.mm---------------------------------
22:20:35,786 - __main__ - INFO - Sample 0
Solution found proactively quantile
Reached infeasible reactive
22:20:36,341 - __main__ - INFO - The solution is infeasible
22:20:36,341 - __main__ - INFO - Sample 1
Solution found proactively quantile
Reached infeasible reactive
22:20:36,874 - __main__ - INFO - The solution is infeasible
22:20:36,874 - __main__ - INFO - Sample 2
Solution found proactively quantile
Reached infeasible reactive
22:20:37,428 - __main__ - INFO - The solution is infeasible
22:20:37,428 - __main__ - INFO - Sample 3
Solution found proactively quantile
Reached infeasible reactive
22:20:37,953 - __main__ - INFO - The solution is infeasible
22:20:37,953 - __main__ - INFO - Sample 4
Solution found proactively quantile
Reached infeasible reactive
22:20:38,475 - __main__ - INFO - The solution is infeasible
22:20:38,475 - __main__ - INFO - Sample 5
Solution found proactively quantile
Reached infeasible reactive
22:20:38,990 - __main__ - INFO - The solution is infeasible
22:20:38,991 - __main__ - INFO - Sample 6
Solution found proactively quantile
Reached infeasible reactive
22:20:39,520 - __main__ - INFO - The solution is infeasible
22:20:39,520 - __main__ - INFO - Sample 7
Solution found proactively quantile
Reached infeasible reactive
22:20:40,044 - __main__ - INFO - The solution is infeasible
22:20:40,044 - __main__ - INFO - Sample 8
Solution found proactively quantile
Reached infeasible reactive
22:20:40,550 - __main__ - INFO - The solution is infeasible
22:20:40,550 - __main__ - INFO - Sample 9
Solution found proactively quantile
Reached infeasible reactive
22:20:41,102 - __main__ - INFO - The solution is infeasible
22:20:41,102 - __main__ - INFO - ---------------------------------j2016_7.mm---------------------------------
22:20:41,170 - __main__ - INFO - Sample 0
Solution found proactively quantile
22:20:41,585 - __main__ - INFO - The solution is infeasible
22:20:42,018 - __main__ - INFO - The solution is infeasible
22:20:42,019 - __main__ - INFO - Sample 1
Solution found proactively quantile
22:20:42,435 - __main__ - INFO - The solution is infeasible
22:20:42,868 - __main__ - INFO - The solution is infeasible
22:20:42,868 - __main__ - INFO - Sample 2
Solution found proactively quantile
22:20:43,284 - __main__ - INFO - The solution is infeasible
22:20:43,712 - __main__ - INFO - The solution is infeasible
22:20:43,712 - __main__ - INFO - Sample 3
Solution found proactively quantile
22:20:44,127 - __main__ - INFO - The solution is infeasible
22:20:44,567 - __main__ - INFO - The solution is infeasible
22:20:44,567 - __main__ - INFO - Sample 4
Solution found proactively quantile
22:20:44,978 - __main__ - INFO - The solution is infeasible
22:20:45,409 - __main__ - INFO - The solution is infeasible
22:20:45,409 - __main__ - INFO - Sample 5
Solution found proactively quantile
22:20:45,822 - __main__ - INFO - The solution is infeasible
22:20:46,253 - __main__ - INFO - The solution is infeasible
22:20:46,253 - __main__ - INFO - Sample 6
Solution found proactively quantile
22:20:46,667 - __main__ - INFO - The solution is infeasible
22:20:47,104 - __main__ - INFO - The solution is infeasible
22:20:47,104 - __main__ - INFO - Sample 7
Solution found proactively quantile
22:20:47,520 - __main__ - INFO - The solution is infeasible
22:20:47,959 - __main__ - INFO - The solution is infeasible
22:20:47,959 - __main__ - INFO - Sample 8
Solution found proactively quantile
22:20:48,372 - __main__ - INFO - The solution is infeasible
22:20:48,803 - __main__ - INFO - The solution is infeasible
22:20:48,803 - __main__ - INFO - Sample 9
Solution found proactively quantile
22:20:49,220 - __main__ - INFO - The solution is infeasible
22:20:49,654 - __main__ - INFO - The solution is infeasible
22:20:49,655 - __main__ - INFO - ---------------------------------j2030_10.mm---------------------------------
22:20:49,738 - __main__ - INFO - Sample 0
Solution found proactively quantile
22:20:49,889 - __main__ - INFO - The solution is infeasible
22:20:50,152 - __main__ - INFO - The solution is infeasible
22:20:50,153 - __main__ - INFO - Sample 1
Solution found proactively quantile
22:20:50,304 - __main__ - INFO - The solution is infeasible
22:20:50,497 - __main__ - INFO - The solution is infeasible
22:20:50,497 - __main__ - INFO - Sample 2
Solution found proactively quantile
22:20:50,650 - __main__ - INFO - The solution is infeasible
22:20:50,845 - __main__ - INFO - The solution is infeasible
22:20:50,845 - __main__ - INFO - Sample 3
Solution found proactively quantile
22:20:50,999 - __main__ - INFO - The solution is infeasible
22:20:51,193 - __main__ - INFO - The solution is infeasible
22:20:51,193 - __main__ - INFO - Sample 4
Solution found proactively quantile
22:20:51,345 - __main__ - INFO - The solution is infeasible
22:20:51,538 - __main__ - INFO - The solution is infeasible
22:20:51,538 - __main__ - INFO - Sample 5
Solution found proactively quantile
22:20:51,688 - __main__ - INFO - The solution is infeasible
22:20:51,880 - __main__ - INFO - The solution is infeasible
22:20:51,881 - __main__ - INFO - Sample 6
Solution found proactively quantile
22:20:52,034 - __main__ - INFO - The solution is infeasible
22:20:52,228 - __main__ - INFO - The solution is infeasible
22:20:52,228 - __main__ - INFO - Sample 7
Solution found proactively quantile
22:20:52,380 - __main__ - INFO - The solution is infeasible
22:20:52,577 - __main__ - INFO - The solution is infeasible
22:20:52,577 - __main__ - INFO - Sample 8
Solution found proactively quantile
22:20:52,728 - __main__ - INFO - The solution is infeasible
22:20:52,922 - __main__ - INFO - The solution is infeasible
22:20:52,922 - __main__ - INFO - Sample 9
Solution found proactively quantile
22:20:53,073 - __main__ - INFO - The solution is infeasible
22:20:53,267 - __main__ - INFO - The solution is infeasible
22:20:53,267 - __main__ - INFO - ---------------------------------j2027_3.mm---------------------------------
22:20:53,364 - __main__ - INFO - Sample 0
Solution found proactively quantile
Reached infeasible reactive
22:20:53,587 - __main__ - INFO - The solution is infeasible
22:20:53,587 - __main__ - INFO - Sample 1
Solution found proactively quantile
Reached infeasible reactive
22:20:53,835 - __main__ - INFO - The solution is infeasible
22:20:53,835 - __main__ - INFO - Sample 2
Solution found proactively quantile
Reached infeasible reactive
22:20:54,115 - __main__ - INFO - The solution is infeasible
22:20:54,115 - __main__ - INFO - Sample 3
Solution found proactively quantile
Reached infeasible reactive
22:20:54,338 - __main__ - INFO - The solution is infeasible
22:20:54,338 - __main__ - INFO - Sample 4
Solution found proactively quantile
Reached infeasible reactive
22:20:54,585 - __main__ - INFO - The solution is infeasible
22:20:54,585 - __main__ - INFO - Sample 5
Solution found proactively quantile
Reached infeasible reactive
22:20:54,807 - __main__ - INFO - The solution is infeasible
22:20:54,807 - __main__ - INFO - Sample 6
Solution found proactively quantile
Reached infeasible reactive
22:20:55,093 - __main__ - INFO - The solution is infeasible
22:20:55,093 - __main__ - INFO - Sample 7
Solution found proactively quantile
Reached infeasible reactive
22:20:55,360 - __main__ - INFO - The solution is infeasible
22:20:55,360 - __main__ - INFO - Sample 8
Solution found proactively quantile
Reached infeasible reactive
22:20:55,609 - __main__ - INFO - The solution is infeasible
22:20:55,609 - __main__ - INFO - Sample 9
Solution found proactively quantile
Reached infeasible reactive
22:20:55,828 - __main__ - INFO - The solution is infeasible
22:20:55,828 - __main__ - INFO - ---------------------------------j2038_5.mm---------------------------------
22:20:55,900 - __main__ - INFO - Sample 0
Solution found proactively quantile
Reached infeasible reactive
22:20:57,867 - __main__ - INFO - Sample 1
Solution found proactively quantile
Reached infeasible reactive
22:20:59,843 - __main__ - INFO - Sample 2
Solution found proactively quantile
Reached infeasible reactive
22:21:01,817 - __main__ - INFO - Sample 3
Solution found proactively quantile
Reached infeasible reactive
22:21:03,759 - __main__ - INFO - Sample 4
Solution found proactively quantile
Reached infeasible reactive
22:21:05,741 - __main__ - INFO - Sample 5
Solution found proactively quantile
Reached infeasible reactive
22:21:07,713 - __main__ - INFO - Sample 6
Solution found proactively quantile
Reached infeasible reactive
22:21:09,668 - __main__ - INFO - Sample 7
Solution found proactively quantile
Reached infeasible reactive
22:21:11,634 - __main__ - INFO - Sample 8
Solution found proactively quantile
Reached infeasible reactive
22:21:13,612 - __main__ - INFO - Sample 9
Solution found proactively quantile
Reached infeasible reactive
22:21:15,593 - __main__ - INFO - ---------------------------------j2041_10.mm---------------------------------
22:21:15,658 - __main__ - INFO - Sample 0
Solution found proactively quantile
22:21:15,942 - __main__ - INFO - The solution is infeasible
22:21:16,299 - __main__ - INFO - The solution is infeasible
22:21:16,300 - __main__ - INFO - Sample 1
Solution found proactively quantile
22:21:16,580 - __main__ - INFO - The solution is infeasible
22:21:16,941 - __main__ - INFO - The solution is infeasible
22:21:16,941 - __main__ - INFO - Sample 2
Solution found proactively quantile
22:21:17,223 - __main__ - INFO - The solution is infeasible
22:21:17,573 - __main__ - INFO - The solution is infeasible
22:21:17,573 - __main__ - INFO - Sample 3
Solution found proactively quantile
22:21:17,860 - __main__ - INFO - The solution is infeasible
22:21:18,213 - __main__ - INFO - The solution is infeasible
22:21:18,214 - __main__ - INFO - Sample 4
Solution found proactively quantile
22:21:18,495 - __main__ - INFO - The solution is infeasible
22:21:18,849 - __main__ - INFO - The solution is infeasible
22:21:18,849 - __main__ - INFO - Sample 5
Solution found proactively quantile
22:21:19,135 - __main__ - INFO - The solution is infeasible
22:21:19,493 - __main__ - INFO - The solution is infeasible
22:21:19,493 - __main__ - INFO - Sample 6
Solution found proactively quantile
22:21:19,779 - __main__ - INFO - The solution is infeasible
22:21:20,136 - __main__ - INFO - The solution is infeasible
22:21:20,136 - __main__ - INFO - Sample 7
Solution found proactively quantile
22:21:20,418 - __main__ - INFO - The solution is infeasible
22:21:20,772 - __main__ - INFO - The solution is infeasible
22:21:20,773 - __main__ - INFO - Sample 8
Solution found proactively quantile
22:21:21,055 - __main__ - INFO - The solution is infeasible
22:21:21,411 - __main__ - INFO - The solution is infeasible
22:21:21,411 - __main__ - INFO - Sample 9
Solution found proactively quantile
22:21:21,698 - __main__ - INFO - The solution is infeasible
22:21:22,050 - __main__ - INFO - The solution is infeasible
22:21:22,050 - __main__ - INFO - ---------------------------------j2015_7.mm---------------------------------
22:21:22,143 - __main__ - INFO - Sample 0
Solution found proactively quantile
Reached infeasible reactive
22:21:23,978 - __main__ - INFO - Sample 1
Solution found proactively quantile
Reached infeasible reactive
22:21:25,944 - __main__ - INFO - Sample 2
Solution found proactively quantile
Reached infeasible reactive
22:21:27,727 - __main__ - INFO - Sample 3
Solution found proactively quantile
Reached infeasible reactive
22:21:29,490 - __main__ - INFO - Sample 4
Solution found proactively quantile
Reached infeasible reactive
22:21:31,372 - __main__ - INFO - Sample 5
Solution found proactively quantile
Reached infeasible reactive
22:21:33,245 - __main__ - INFO - Sample 6
Solution found proactively quantile
Reached infeasible reactive
22:21:35,113 - __main__ - INFO - Sample 7
Solution found proactively quantile
Reached infeasible reactive
22:21:36,993 - __main__ - INFO - Sample 8
Solution found proactively quantile
Reached infeasible reactive
22:21:38,917 - __main__ - INFO - Sample 9
Solution found proactively quantile
Reached infeasible reactive
22:21:40,813 - __main__ - INFO - ---------------------------------j2056_2.mm---------------------------------
22:21:40,897 - __main__ - INFO - Sample 0
Solution found proactively quantile
22:21:41,177 - __main__ - INFO - The solution is infeasible
22:21:41,536 - __main__ - INFO - The solution is infeasible
22:21:41,536 - __main__ - INFO - Sample 1
Solution found proactively quantile
22:21:41,813 - __main__ - INFO - The solution is infeasible
22:21:42,170 - __main__ - INFO - The solution is infeasible
22:21:42,170 - __main__ - INFO - Sample 2
Solution found proactively quantile
22:21:42,448 - __main__ - INFO - The solution is infeasible
22:21:42,806 - __main__ - INFO - The solution is infeasible
22:21:42,806 - __main__ - INFO - Sample 3
Solution found proactively quantile
22:21:43,086 - __main__ - INFO - The solution is infeasible
22:21:43,438 - __main__ - INFO - The solution is infeasible
22:21:43,438 - __main__ - INFO - Sample 4
Solution found proactively quantile
22:21:43,716 - __main__ - INFO - The solution is infeasible
22:21:44,074 - __main__ - INFO - The solution is infeasible
22:21:44,074 - __main__ - INFO - Sample 5
Solution found proactively quantile
22:21:44,354 - __main__ - INFO - The solution is infeasible
22:21:44,713 - __main__ - INFO - The solution is infeasible
22:21:44,713 - __main__ - INFO - Sample 6
Solution found proactively quantile
22:21:44,989 - __main__ - INFO - The solution is infeasible
22:21:45,345 - __main__ - INFO - The solution is infeasible
22:21:45,346 - __main__ - INFO - Sample 7
Solution found proactively quantile
22:21:45,626 - __main__ - INFO - The solution is infeasible
22:21:45,981 - __main__ - INFO - The solution is infeasible
22:21:45,981 - __main__ - INFO - Sample 8
Solution found proactively quantile
22:21:46,263 - __main__ - INFO - The solution is infeasible
22:21:46,617 - __main__ - INFO - The solution is infeasible
22:21:46,617 - __main__ - INFO - Sample 9
Solution found proactively quantile
22:21:46,898 - __main__ - INFO - The solution is infeasible
22:21:47,253 - __main__ - INFO - The solution is infeasible
22:21:47,253 - __main__ - INFO - ---------------------------------j2030_9.mm---------------------------------
22:21:47,305 - __main__ - INFO - Sample 0
Solution found proactively quantile
Reached infeasible reactive
22:21:49,231 - __main__ - INFO - Sample 1
Solution found proactively quantile
Reached infeasible reactive
22:21:51,016 - __main__ - INFO - Sample 2
Solution found proactively quantile
Reached infeasible reactive
22:21:52,915 - __main__ - INFO - Sample 3
Solution found proactively quantile
Reached infeasible reactive
22:21:54,741 - __main__ - INFO - Sample 4
Solution found proactively quantile
Reached infeasible reactive
22:21:56,620 - __main__ - INFO - Sample 5
Solution found proactively quantile
Reached infeasible reactive
22:21:58,502 - __main__ - INFO - Sample 6
Solution found proactively quantile
Reached infeasible reactive
22:22:00,322 - __main__ - INFO - Sample 7
Solution found proactively quantile
Reached infeasible reactive
22:22:02,318 - __main__ - INFO - Sample 8
Solution found proactively quantile
Reached infeasible reactive
22:22:04,084 - __main__ - INFO - Sample 9
Solution found proactively quantile
Reached infeasible reactive
22:22:06,040 - __main__ - INFO - ---------------------------------j2039_4.mm---------------------------------
22:22:06,141 - __main__ - INFO - Sample 0
Solution found proactively quantile
22:22:06,320 - __main__ - INFO - The solution is infeasible
22:22:06,517 - __main__ - INFO - The solution is infeasible
22:22:06,517 - __main__ - INFO - Sample 1
Solution found proactively quantile
22:22:06,696 - __main__ - INFO - The solution is infeasible
22:22:06,894 - __main__ - INFO - The solution is infeasible
22:22:06,894 - __main__ - INFO - Sample 2
Solution found proactively quantile
22:22:07,071 - __main__ - INFO - The solution is infeasible
22:22:07,268 - __main__ - INFO - The solution is infeasible
22:22:07,269 - __main__ - INFO - Sample 3
Solution found proactively quantile
22:22:07,450 - __main__ - INFO - The solution is infeasible
22:22:07,647 - __main__ - INFO - The solution is infeasible
22:22:07,647 - __main__ - INFO - Sample 4
Solution found proactively quantile
22:22:07,828 - __main__ - INFO - The solution is infeasible
22:22:08,023 - __main__ - INFO - The solution is infeasible
22:22:08,023 - __main__ - INFO - Sample 5
Solution found proactively quantile
22:22:08,202 - __main__ - INFO - The solution is infeasible
22:22:08,399 - __main__ - INFO - The solution is infeasible
22:22:08,399 - __main__ - INFO - Sample 6
Solution found proactively quantile
22:22:08,580 - __main__ - INFO - The solution is infeasible
22:22:08,778 - __main__ - INFO - The solution is infeasible
22:22:08,778 - __main__ - INFO - Sample 7
Solution found proactively quantile
22:22:08,958 - __main__ - INFO - The solution is infeasible
22:22:09,157 - __main__ - INFO - The solution is infeasible
22:22:09,157 - __main__ - INFO - Sample 8
Solution found proactively quantile
22:22:09,333 - __main__ - INFO - The solution is infeasible
22:22:09,529 - __main__ - INFO - The solution is infeasible
22:22:09,530 - __main__ - INFO - Sample 9
Solution found proactively quantile
22:22:09,706 - __main__ - INFO - The solution is infeasible
22:22:09,904 - __main__ - INFO - The solution is infeasible
22:22:09,904 - __main__ - INFO - ---------------------------------j2062_6.mm---------------------------------
22:22:09,957 - __main__ - INFO - Sample 0
Solution found proactively quantile
Reached infeasible reactive
22:22:11,570 - __main__ - INFO - Sample 1
Solution found proactively quantile
Reached infeasible reactive
22:22:13,259 - __main__ - INFO - Sample 2
Solution found proactively quantile
Reached infeasible reactive
22:22:15,059 - __main__ - INFO - Sample 3
Solution found proactively quantile
Reached infeasible reactive
22:22:16,762 - __main__ - INFO - Sample 4
Solution found proactively quantile
Reached infeasible reactive
22:22:18,322 - __main__ - INFO - Sample 5
Solution found proactively quantile
Reached infeasible reactive
22:22:19,936 - __main__ - INFO - Sample 6
Solution found proactively quantile
Reached infeasible reactive
22:22:21,645 - __main__ - INFO - Sample 7
Solution found proactively quantile
Reached infeasible reactive
22:22:23,263 - __main__ - INFO - Sample 8
Solution found proactively quantile
Reached infeasible reactive
22:22:24,806 - __main__ - INFO - Sample 9
Solution found proactively quantile
Reached infeasible reactive
22:22:26,478 - __main__ - INFO - ---------------------------------j2051_6.mm---------------------------------
22:22:26,539 - __main__ - INFO - Sample 0
Solution found proactively quantile
22:22:26,975 - __main__ - INFO - The solution is infeasible
22:22:27,417 - __main__ - INFO - The solution is infeasible
22:22:27,417 - __main__ - INFO - Sample 1
Solution found proactively quantile
22:22:27,856 - __main__ - INFO - The solution is infeasible
22:22:28,299 - __main__ - INFO - The solution is infeasible
22:22:28,299 - __main__ - INFO - Sample 2
Solution found proactively quantile
22:22:28,739 - __main__ - INFO - The solution is infeasible
22:22:29,180 - __main__ - INFO - The solution is infeasible
22:22:29,180 - __main__ - INFO - Sample 3
Solution found proactively quantile
22:22:29,618 - __main__ - INFO - The solution is infeasible
22:22:30,058 - __main__ - INFO - The solution is infeasible
22:22:30,059 - __main__ - INFO - Sample 4
Solution found proactively quantile
22:22:30,494 - __main__ - INFO - The solution is infeasible
22:22:31,026 - __main__ - INFO - The solution is infeasible
22:22:31,026 - __main__ - INFO - Sample 5
Solution found proactively quantile
22:22:31,473 - __main__ - INFO - The solution is infeasible
22:22:31,912 - __main__ - INFO - The solution is infeasible
22:22:31,912 - __main__ - INFO - Sample 6
Solution found proactively quantile
22:22:32,348 - __main__ - INFO - The solution is infeasible
22:22:32,787 - __main__ - INFO - The solution is infeasible
22:22:32,788 - __main__ - INFO - Sample 7
Solution found proactively quantile
22:22:33,227 - __main__ - INFO - The solution is infeasible
22:22:33,668 - __main__ - INFO - The solution is infeasible
22:22:33,668 - __main__ - INFO - Sample 8
Solution found proactively quantile
22:22:34,104 - __main__ - INFO - The solution is infeasible
22:22:34,541 - __main__ - INFO - The solution is infeasible
22:22:34,541 - __main__ - INFO - Sample 9
Solution found proactively quantile
22:22:34,977 - __main__ - INFO - The solution is infeasible
22:22:35,423 - __main__ - INFO - The solution is infeasible
22:22:35,423 - __main__ - INFO - ---------------------------------j2018_5.mm---------------------------------
22:22:35,495 - __main__ - INFO - Sample 0
Solution found proactively quantile
22:22:35,782 - __main__ - INFO - The solution is infeasible
22:22:36,072 - __main__ - INFO - The solution is infeasible
22:22:36,072 - __main__ - INFO - Sample 1
Solution found proactively quantile
22:22:36,361 - __main__ - INFO - The solution is infeasible
22:22:36,656 - __main__ - INFO - The solution is infeasible
22:22:36,657 - __main__ - INFO - Sample 2
Solution found proactively quantile
22:22:36,942 - __main__ - INFO - The solution is infeasible
22:22:37,234 - __main__ - INFO - The solution is infeasible
22:22:37,235 - __main__ - INFO - Sample 3
Solution found proactively quantile
22:22:37,518 - __main__ - INFO - The solution is infeasible
22:22:37,815 - __main__ - INFO - The solution is infeasible
22:22:37,815 - __main__ - INFO - Sample 4
Solution found proactively quantile
22:22:38,102 - __main__ - INFO - The solution is infeasible
22:22:38,395 - __main__ - INFO - The solution is infeasible
22:22:38,395 - __main__ - INFO - Sample 5
Solution found proactively quantile
22:22:38,681 - __main__ - INFO - The solution is infeasible
22:22:38,972 - __main__ - INFO - The solution is infeasible
22:22:38,972 - __main__ - INFO - Sample 6
Solution found proactively quantile
22:22:39,261 - __main__ - INFO - The solution is infeasible
22:22:39,555 - __main__ - INFO - The solution is infeasible
22:22:39,555 - __main__ - INFO - Sample 7
Solution found proactively quantile
22:22:39,838 - __main__ - INFO - The solution is infeasible
22:22:40,128 - __main__ - INFO - The solution is infeasible
22:22:40,128 - __main__ - INFO - Sample 8
Solution found proactively quantile
22:22:40,416 - __main__ - INFO - The solution is infeasible
22:22:40,711 - __main__ - INFO - The solution is infeasible
22:22:40,711 - __main__ - INFO - Sample 9
Solution found proactively quantile
22:22:40,996 - __main__ - INFO - The solution is infeasible
22:22:41,288 - __main__ - INFO - The solution is infeasible
22:22:41,288 - __main__ - INFO - ---------------------------------j2042_6.mm---------------------------------
22:22:41,354 - __main__ - INFO - Sample 0
Solution found proactively quantile
Reached infeasible reactive
22:22:43,268 - __main__ - INFO - Sample 1
Solution found proactively quantile
Reached infeasible reactive
22:22:45,201 - __main__ - INFO - Sample 2
Solution found proactively quantile
Reached infeasible reactive
22:22:47,241 - __main__ - INFO - Sample 3
Solution found proactively quantile
Reached infeasible reactive
22:22:49,310 - __main__ - INFO - Sample 4
Solution found proactively quantile
Reached infeasible reactive
22:22:51,447 - __main__ - INFO - Sample 5
Solution found proactively quantile
Reached infeasible reactive
22:22:53,501 - __main__ - INFO - Sample 6
Solution found proactively quantile
Reached infeasible reactive
22:22:55,469 - __main__ - INFO - Sample 7
Solution found proactively quantile
Reached infeasible reactive
22:22:57,606 - __main__ - INFO - Sample 8
Solution found proactively quantile
Reached infeasible reactive
22:22:59,696 - __main__ - INFO - Sample 9
Solution found proactively quantile
Reached infeasible reactive
22:23:01,878 - __main__ - INFO - ---------------------------------j2061_4.mm---------------------------------
22:23:01,957 - __main__ - INFO - Sample 0
Solution found proactively quantile
22:23:02,164 - __main__ - INFO - The solution is infeasible
22:23:02,485 - __main__ - INFO - The solution is infeasible
22:23:02,486 - __main__ - INFO - Sample 1
Solution found proactively quantile
22:23:02,692 - __main__ - INFO - The solution is infeasible
22:23:03,007 - __main__ - INFO - The solution is infeasible
22:23:03,007 - __main__ - INFO - Sample 2
Solution found proactively quantile
22:23:03,210 - __main__ - INFO - The solution is infeasible
22:23:03,526 - __main__ - INFO - The solution is infeasible
22:23:03,527 - __main__ - INFO - Sample 3
Solution found proactively quantile
22:23:03,731 - __main__ - INFO - The solution is infeasible
22:23:04,047 - __main__ - INFO - The solution is infeasible
22:23:04,047 - __main__ - INFO - Sample 4
Solution found proactively quantile
22:23:04,250 - __main__ - INFO - The solution is infeasible
22:23:04,563 - __main__ - INFO - The solution is infeasible
22:23:04,564 - __main__ - INFO - Sample 5
Solution found proactively quantile
22:23:04,767 - __main__ - INFO - The solution is infeasible
22:23:05,085 - __main__ - INFO - The solution is infeasible
22:23:05,085 - __main__ - INFO - Sample 6
Solution found proactively quantile
22:23:05,288 - __main__ - INFO - The solution is infeasible
22:23:05,604 - __main__ - INFO - The solution is infeasible
22:23:05,604 - __main__ - INFO - Sample 7
Solution found proactively quantile
22:23:05,810 - __main__ - INFO - The solution is infeasible
22:23:06,127 - __main__ - INFO - The solution is infeasible
22:23:06,128 - __main__ - INFO - Sample 8
Solution found proactively quantile
22:23:06,332 - __main__ - INFO - The solution is infeasible
22:23:06,651 - __main__ - INFO - The solution is infeasible
22:23:06,651 - __main__ - INFO - Sample 9
Solution found proactively quantile
22:23:06,855 - __main__ - INFO - The solution is infeasible
22:23:07,173 - __main__ - INFO - The solution is infeasible
22:23:07,174 - __main__ - INFO - ---------------------------------j2052_2.mm---------------------------------
22:23:07,243 - __main__ - INFO - Sample 0
Solution found proactively quantile
Reached infeasible reactive
22:23:09,311 - __main__ - INFO - Sample 1
Solution found proactively quantile
Reached infeasible reactive
22:23:11,386 - __main__ - INFO - Sample 2
Solution found proactively quantile
Reached infeasible reactive
22:23:13,622 - __main__ - INFO - Sample 3
Solution found proactively quantile
Reached infeasible reactive
22:23:15,731 - __main__ - INFO - Sample 4
Solution found proactively quantile
Reached infeasible reactive
22:23:17,886 - __main__ - INFO - Sample 5
Solution found proactively quantile
Reached infeasible reactive
22:23:20,026 - __main__ - INFO - Sample 6
Solution found proactively quantile
Reached infeasible reactive
22:23:22,070 - __main__ - INFO - Sample 7
Solution found proactively quantile
Reached infeasible reactive
22:23:24,351 - __main__ - INFO - Sample 8
Solution found proactively quantile
Reached infeasible reactive
22:23:26,480 - __main__ - INFO - Sample 9
Solution found proactively quantile
Reached infeasible reactive
22:23:28,604 - __main__ - INFO - ---------------------------------j2044_7.mm---------------------------------
22:23:28,665 - __main__ - INFO - Sample 0
Solution found proactively quantile
Reached infeasible reactive
22:23:29,032 - __main__ - INFO - The solution is infeasible
22:23:29,032 - __main__ - INFO - Sample 1
Solution found proactively quantile
Reached infeasible reactive
22:23:29,388 - __main__ - INFO - The solution is infeasible
22:23:29,388 - __main__ - INFO - Sample 2
Solution found proactively quantile
Reached infeasible reactive
22:23:29,752 - __main__ - INFO - The solution is infeasible
22:23:29,752 - __main__ - INFO - Sample 3
Solution found proactively quantile
Reached infeasible reactive
22:23:30,115 - __main__ - INFO - The solution is infeasible
22:23:30,115 - __main__ - INFO - Sample 4
Solution found proactively quantile
Reached infeasible reactive
22:23:30,575 - __main__ - INFO - The solution is infeasible
22:23:30,575 - __main__ - INFO - Sample 5
Solution found proactively quantile
Reached infeasible reactive
22:23:30,891 - __main__ - INFO - The solution is infeasible
22:23:30,892 - __main__ - INFO - Sample 6
Solution found proactively quantile
Reached infeasible reactive
22:23:31,287 - __main__ - INFO - The solution is infeasible
22:23:31,287 - __main__ - INFO - Sample 7
Solution found proactively quantile
Reached infeasible reactive
22:23:31,646 - __main__ - INFO - The solution is infeasible
22:23:31,646 - __main__ - INFO - Sample 8
Solution found proactively quantile
Reached infeasible reactive
22:23:31,991 - __main__ - INFO - The solution is infeasible
22:23:31,991 - __main__ - INFO - Sample 9
Solution found proactively quantile
Reached infeasible reactive
22:23:32,400 - __main__ - INFO - The solution is infeasible
22:23:32,401 - __main__ - INFO - ---------------------------------j2014_1.mm---------------------------------
22:23:32,479 - __main__ - INFO - Sample 0
Solution found proactively quantile
Reached infeasible reactive
22:23:32,766 - __main__ - INFO - The solution is infeasible
22:23:32,766 - __main__ - INFO - Sample 1
Solution found proactively quantile
Reached infeasible reactive
22:23:33,007 - __main__ - INFO - The solution is infeasible
22:23:33,007 - __main__ - INFO - Sample 2
Solution found proactively quantile
Reached infeasible reactive
22:23:33,289 - __main__ - INFO - The solution is infeasible
22:23:33,289 - __main__ - INFO - Sample 3
Solution found proactively quantile
Reached infeasible reactive
22:23:33,475 - __main__ - INFO - The solution is infeasible
22:23:33,476 - __main__ - INFO - Sample 4
Solution found proactively quantile
Reached infeasible reactive
22:23:33,694 - __main__ - INFO - The solution is infeasible
22:23:33,694 - __main__ - INFO - Sample 5
Solution found proactively quantile
Reached infeasible reactive
22:23:34,161 - __main__ - INFO - The solution is infeasible
22:23:34,161 - __main__ - INFO - Sample 6
Solution found proactively quantile
Reached infeasible reactive
22:23:34,493 - __main__ - INFO - The solution is infeasible
22:23:34,493 - __main__ - INFO - Sample 7
Solution found proactively quantile
Reached infeasible reactive
22:23:34,771 - __main__ - INFO - The solution is infeasible
22:23:34,771 - __main__ - INFO - Sample 8
Solution found proactively quantile
Reached infeasible reactive
22:23:35,085 - __main__ - INFO - The solution is infeasible
22:23:35,085 - __main__ - INFO - Sample 9
Solution found proactively quantile
Reached infeasible reactive
22:23:35,331 - __main__ - INFO - The solution is infeasible
22:23:35,331 - __main__ - INFO - ---------------------------------j2064_1.mm---------------------------------
22:23:35,393 - __main__ - INFO - Sample 0
Solution found proactively quantile
Reached infeasible reactive
22:23:37,189 - __main__ - INFO - Sample 1
Solution found proactively quantile
Reached infeasible reactive
22:23:39,018 - __main__ - INFO - Sample 2
Solution found proactively quantile
Reached infeasible reactive
22:23:40,843 - __main__ - INFO - Sample 3
Solution found proactively quantile
Reached infeasible reactive
22:23:42,634 - __main__ - INFO - Sample 4
Solution found proactively quantile
Reached infeasible reactive
22:23:44,397 - __main__ - INFO - Sample 5
Solution found proactively quantile
Reached infeasible reactive
22:23:46,114 - __main__ - INFO - Sample 6
Solution found proactively quantile
Reached infeasible reactive
22:23:47,827 - __main__ - INFO - Sample 7
Solution found proactively quantile
Reached infeasible reactive
22:23:49,659 - __main__ - INFO - Sample 8
Solution found proactively quantile
Reached infeasible reactive
22:23:51,486 - __main__ - INFO - Sample 9
Solution found proactively quantile
Reached infeasible reactive
22:23:53,246 - __main__ - INFO - ---------------------------------j2051_8.mm---------------------------------
22:23:53,304 - __main__ - INFO - Sample 0
Solution found proactively quantile
Reached infeasible reactive
22:23:55,276 - __main__ - INFO - Sample 1
Solution found proactively quantile
Reached infeasible reactive
22:23:57,207 - __main__ - INFO - Sample 2
Solution found proactively quantile
Reached infeasible reactive
22:23:59,189 - __main__ - INFO - Sample 3
Solution found proactively quantile
Reached infeasible reactive
22:24:01,299 - __main__ - INFO - Sample 4
Solution found proactively quantile
Reached infeasible reactive
22:24:03,345 - __main__ - INFO - Sample 5
Solution found proactively quantile
Reached infeasible reactive
22:24:05,473 - __main__ - INFO - Sample 6
Solution found proactively quantile
Reached infeasible reactive
22:24:07,411 - __main__ - INFO - Sample 7
Solution found proactively quantile
Reached infeasible reactive
22:24:09,387 - __main__ - INFO - Sample 8
Solution found proactively quantile
Reached infeasible reactive
22:24:11,305 - __main__ - INFO - Sample 9
Solution found proactively quantile
Reached infeasible reactive
22:24:13,258 - __main__ - INFO - ---------------------------------j2042_3.mm---------------------------------
22:24:13,379 - __main__ - INFO - Sample 0
Solution found proactively quantile
22:24:13,578 - __main__ - INFO - The solution is infeasible
22:24:13,967 - __main__ - INFO - The solution is infeasible
22:24:13,967 - __main__ - INFO - Sample 1
Solution found proactively quantile
22:24:14,169 - __main__ - INFO - The solution is infeasible
22:24:14,559 - __main__ - INFO - The solution is infeasible
22:24:14,559 - __main__ - INFO - Sample 2
Solution found proactively quantile
22:24:14,758 - __main__ - INFO - The solution is infeasible
22:24:15,143 - __main__ - INFO - The solution is infeasible
22:24:15,143 - __main__ - INFO - Sample 3
Solution found proactively quantile
22:24:15,347 - __main__ - INFO - The solution is infeasible
22:24:15,732 - __main__ - INFO - The solution is infeasible
22:24:15,732 - __main__ - INFO - Sample 4
Solution found proactively quantile
22:24:15,931 - __main__ - INFO - The solution is infeasible
22:24:16,318 - __main__ - INFO - The solution is infeasible
22:24:16,319 - __main__ - INFO - Sample 5
Solution found proactively quantile
22:24:16,517 - __main__ - INFO - The solution is infeasible
22:24:16,911 - __main__ - INFO - The solution is infeasible
22:24:16,911 - __main__ - INFO - Sample 6
Solution found proactively quantile
22:24:17,109 - __main__ - INFO - The solution is infeasible
22:24:17,499 - __main__ - INFO - The solution is infeasible
22:24:17,499 - __main__ - INFO - Sample 7
Solution found proactively quantile
22:24:17,699 - __main__ - INFO - The solution is infeasible
22:24:18,095 - __main__ - INFO - The solution is infeasible
22:24:18,096 - __main__ - INFO - Sample 8
Solution found proactively quantile
22:24:18,297 - __main__ - INFO - The solution is infeasible
22:24:18,692 - __main__ - INFO - The solution is infeasible
22:24:18,693 - __main__ - INFO - Sample 9
Solution found proactively quantile
22:24:18,889 - __main__ - INFO - The solution is infeasible
22:24:19,277 - __main__ - INFO - The solution is infeasible
22:24:19,277 - __main__ - INFO - ---------------------------------j2021_8.mm---------------------------------
22:24:19,345 - __main__ - INFO - Sample 0
Solution found proactively quantile
Reached infeasible reactive
22:24:25,186 - __main__ - INFO - Sample 1
Solution found proactively quantile
Reached infeasible reactive
22:24:29,161 - __main__ - INFO - Sample 2
Solution found proactively quantile
Reached infeasible reactive
22:24:32,767 - __main__ - INFO - Sample 3
Solution found proactively quantile
Reached infeasible reactive
22:24:35,326 - __main__ - INFO - Sample 4
Solution found proactively quantile
Reached infeasible reactive
22:24:39,120 - __main__ - INFO - Sample 5
Solution found proactively quantile
Reached infeasible reactive
22:24:44,355 - __main__ - INFO - The solution is infeasible
22:24:44,355 - __main__ - INFO - Sample 6
Solution found proactively quantile
Reached infeasible reactive
22:24:48,777 - __main__ - INFO - Sample 7
Solution found proactively quantile
Reached infeasible reactive
22:24:53,933 - __main__ - INFO - The solution is infeasible
22:24:53,933 - __main__ - INFO - Sample 8
Solution found proactively quantile
Reached infeasible reactive
22:25:00,204 - __main__ - INFO - Sample 9
Solution found proactively quantile
Reached infeasible reactive
22:25:02,619 - __main__ - INFO - ---------------------------------j2060_7.mm---------------------------------
22:25:02,700 - __main__ - INFO - Sample 0
Solution found proactively quantile
Reached infeasible reactive
22:25:02,955 - __main__ - INFO - The solution is infeasible
22:25:02,955 - __main__ - INFO - Sample 1
Solution found proactively quantile
Reached infeasible reactive
22:25:03,168 - __main__ - INFO - The solution is infeasible
22:25:03,168 - __main__ - INFO - Sample 2
Solution found proactively quantile
Reached infeasible reactive
22:25:03,382 - __main__ - INFO - The solution is infeasible
22:25:03,382 - __main__ - INFO - Sample 3
Solution found proactively quantile
Reached infeasible reactive
22:25:03,701 - __main__ - INFO - The solution is infeasible
22:25:03,701 - __main__ - INFO - Sample 4
Solution found proactively quantile
Reached infeasible reactive
22:25:04,030 - __main__ - INFO - The solution is infeasible
22:25:04,030 - __main__ - INFO - Sample 5
Solution found proactively quantile
Reached infeasible reactive
22:25:04,469 - __main__ - INFO - The solution is infeasible
22:25:04,469 - __main__ - INFO - Sample 6
Solution found proactively quantile
Reached infeasible reactive
22:25:04,748 - __main__ - INFO - The solution is infeasible
22:25:04,748 - __main__ - INFO - Sample 7
Solution found proactively quantile
Reached infeasible reactive
22:25:04,997 - __main__ - INFO - The solution is infeasible
22:25:04,997 - __main__ - INFO - Sample 8
Solution found proactively quantile
Reached infeasible reactive
22:25:05,245 - __main__ - INFO - The solution is infeasible
22:25:05,245 - __main__ - INFO - Sample 9
Solution found proactively quantile
Reached infeasible reactive
22:25:05,573 - __main__ - INFO - The solution is infeasible
22:25:05,573 - __main__ - INFO - ---------------------------------j2013_3.mm---------------------------------
22:25:05,629 - __main__ - INFO - Sample 0
Solution found proactively quantile
22:25:05,862 - __main__ - INFO - The solution is infeasible
22:25:06,114 - __main__ - INFO - The solution is infeasible
22:25:06,114 - __main__ - INFO - Sample 1
Solution found proactively quantile
22:25:06,343 - __main__ - INFO - The solution is infeasible
22:25:06,597 - __main__ - INFO - The solution is infeasible
22:25:06,597 - __main__ - INFO - Sample 2
Solution found proactively quantile
22:25:06,830 - __main__ - INFO - The solution is infeasible
22:25:07,085 - __main__ - INFO - The solution is infeasible
22:25:07,085 - __main__ - INFO - Sample 3
Solution found proactively quantile
22:25:07,313 - __main__ - INFO - The solution is infeasible
22:25:07,570 - __main__ - INFO - The solution is infeasible
22:25:07,571 - __main__ - INFO - Sample 4
Solution found proactively quantile
22:25:07,800 - __main__ - INFO - The solution is infeasible
22:25:08,056 - __main__ - INFO - The solution is infeasible
22:25:08,056 - __main__ - INFO - Sample 5
Solution found proactively quantile
22:25:08,288 - __main__ - INFO - The solution is infeasible
22:25:08,541 - __main__ - INFO - The solution is infeasible
22:25:08,541 - __main__ - INFO - Sample 6
Solution found proactively quantile
22:25:08,773 - __main__ - INFO - The solution is infeasible
22:25:09,030 - __main__ - INFO - The solution is infeasible
22:25:09,030 - __main__ - INFO - Sample 7
Solution found proactively quantile
22:25:09,260 - __main__ - INFO - The solution is infeasible
22:25:09,518 - __main__ - INFO - The solution is infeasible
22:25:09,518 - __main__ - INFO - Sample 8
Solution found proactively quantile
22:25:09,748 - __main__ - INFO - The solution is infeasible
22:25:10,005 - __main__ - INFO - The solution is infeasible
22:25:10,005 - __main__ - INFO - Sample 9
Solution found proactively quantile
22:25:10,234 - __main__ - INFO - The solution is infeasible
22:25:10,491 - __main__ - INFO - The solution is infeasible
22:25:10,492 - __main__ - INFO - ---------------------------------j2040_3.mm---------------------------------
22:25:10,563 - __main__ - INFO - Sample 0
Solution found proactively quantile
Reached infeasible reactive
22:25:12,479 - __main__ - INFO - Sample 1
Solution found proactively quantile
Reached infeasible reactive
22:25:14,345 - __main__ - INFO - Sample 2
Solution found proactively quantile
Reached infeasible reactive
22:25:16,338 - __main__ - INFO - Sample 3
Solution found proactively quantile
Reached infeasible reactive
22:25:18,449 - __main__ - INFO - Sample 4
Solution found proactively quantile
Reached infeasible reactive
22:25:20,324 - __main__ - INFO - Sample 5
Solution found proactively quantile
Reached infeasible reactive
22:25:22,309 - __main__ - INFO - Sample 6
Solution found proactively quantile
Reached infeasible reactive
22:25:24,934 - __main__ - INFO - Sample 7
Solution found proactively quantile
Reached infeasible reactive
22:25:26,787 - __main__ - INFO - Sample 8
Solution found proactively quantile
Reached infeasible reactive
22:25:28,691 - __main__ - INFO - Sample 9
Solution found proactively quantile
Reached infeasible reactive
22:25:30,746 - __main__ - INFO - ---------------------------------j2020_3.mm---------------------------------
22:25:30,807 - __main__ - INFO - Sample 0
Solution found proactively quantile
Reached infeasible reactive
22:25:31,063 - __main__ - INFO - The solution is infeasible
22:25:31,064 - __main__ - INFO - Sample 1
Solution found proactively quantile
Reached infeasible reactive
22:25:31,346 - __main__ - INFO - The solution is infeasible
22:25:31,347 - __main__ - INFO - Sample 2
Solution found proactively quantile
Reached infeasible reactive
22:25:31,850 - __main__ - INFO - The solution is infeasible
22:25:31,850 - __main__ - INFO - Sample 3
Solution found proactively quantile
Reached infeasible reactive
22:25:32,069 - __main__ - INFO - The solution is infeasible
22:25:32,069 - __main__ - INFO - Sample 4
Solution found proactively quantile
Reached infeasible reactive
22:25:32,485 - __main__ - INFO - The solution is infeasible
22:25:32,485 - __main__ - INFO - Sample 5
Solution found proactively quantile
Reached infeasible reactive
22:25:32,696 - __main__ - INFO - The solution is infeasible
22:25:32,697 - __main__ - INFO - Sample 6
Solution found proactively quantile
Reached infeasible reactive
22:25:33,113 - __main__ - INFO - The solution is infeasible
22:25:33,113 - __main__ - INFO - Sample 7
Solution found proactively quantile
Reached infeasible reactive
22:25:33,303 - __main__ - INFO - The solution is infeasible
22:25:33,303 - __main__ - INFO - Sample 8
Solution found proactively quantile
Reached infeasible reactive
22:25:33,574 - __main__ - INFO - The solution is infeasible
22:25:33,575 - __main__ - INFO - Sample 9
Solution found proactively quantile
Reached infeasible reactive
22:25:34,005 - __main__ - INFO - The solution is infeasible
22:25:34,005 - __main__ - INFO - ---------------------------------j2061_7.mm---------------------------------
22:25:34,072 - __main__ - INFO - Sample 0
Solution found proactively quantile
Reached infeasible reactive
22:25:34,521 - __main__ - INFO - The solution is infeasible
22:25:34,521 - __main__ - INFO - Sample 1
Solution found proactively quantile
Reached infeasible reactive
22:25:35,159 - __main__ - INFO - The solution is infeasible
22:25:35,159 - __main__ - INFO - Sample 2
Solution found proactively quantile
Reached infeasible reactive
22:25:35,788 - __main__ - INFO - The solution is infeasible
22:25:35,788 - __main__ - INFO - Sample 3
Solution found proactively quantile
Reached infeasible reactive
22:25:36,183 - __main__ - INFO - The solution is infeasible
22:25:36,184 - __main__ - INFO - Sample 4
Solution found proactively quantile
Reached infeasible reactive
22:25:36,618 - __main__ - INFO - The solution is infeasible
22:25:36,618 - __main__ - INFO - Sample 5
Solution found proactively quantile
Reached infeasible reactive
22:25:37,210 - __main__ - INFO - The solution is infeasible
22:25:37,210 - __main__ - INFO - Sample 6
Solution found proactively quantile
Reached infeasible reactive
22:25:37,701 - __main__ - INFO - The solution is infeasible
22:25:37,701 - __main__ - INFO - Sample 7
Solution found proactively quantile
Reached infeasible reactive
22:25:38,273 - __main__ - INFO - The solution is infeasible
22:25:38,274 - __main__ - INFO - Sample 8
Solution found proactively quantile
Reached infeasible reactive
22:25:39,249 - __main__ - INFO - The solution is infeasible
22:25:39,249 - __main__ - INFO - Sample 9
Solution found proactively quantile
Reached infeasible reactive
22:25:39,951 - __main__ - INFO - The solution is infeasible
22:25:39,951 - __main__ - INFO - ---------------------------------j2019_1.mm---------------------------------
22:25:40,021 - __main__ - INFO - Sample 0
Solution found proactively quantile
Reached infeasible reactive
22:25:41,559 - __main__ - INFO - Sample 1
Solution found proactively quantile
Reached infeasible reactive
22:25:43,184 - __main__ - INFO - Sample 2
Solution found proactively quantile
Reached infeasible reactive
22:25:44,841 - __main__ - INFO - Sample 3
Solution found proactively quantile
Reached infeasible reactive
22:25:46,438 - __main__ - INFO - Sample 4
Solution found proactively quantile
Reached infeasible reactive
22:25:48,203 - __main__ - INFO - Sample 5
Solution found proactively quantile
Reached infeasible reactive
22:25:50,005 - __main__ - INFO - Sample 6
Solution found proactively quantile
Reached infeasible reactive
22:25:51,780 - __main__ - INFO - Sample 7
Solution found proactively quantile
Reached infeasible reactive
22:25:53,476 - __main__ - INFO - Sample 8
Solution found proactively quantile
Reached infeasible reactive
22:25:55,356 - __main__ - INFO - Sample 9
Solution found proactively quantile
Reached infeasible reactive
22:25:57,400 - __main__ - INFO - ---------------------------------j2058_8.mm---------------------------------
22:25:57,456 - __main__ - INFO - Sample 0
Solution found proactively quantile
Reached infeasible reactive
22:25:59,514 - __main__ - INFO - Sample 1
Solution found proactively quantile
Reached infeasible reactive
22:26:01,342 - __main__ - INFO - Sample 2
Solution found proactively quantile
Reached infeasible reactive
22:26:03,564 - __main__ - INFO - Sample 3
Solution found proactively quantile
Reached infeasible reactive
22:26:05,479 - __main__ - INFO - Sample 4
Solution found proactively quantile
Reached infeasible reactive
22:26:07,405 - __main__ - INFO - Sample 5
Solution found proactively quantile
Reached infeasible reactive
22:26:09,479 - __main__ - INFO - Sample 6
Solution found proactively quantile
Reached infeasible reactive
22:26:11,475 - __main__ - INFO - Sample 7
Solution found proactively quantile
Reached infeasible reactive
22:26:13,315 - __main__ - INFO - Sample 8
Solution found proactively quantile
Reached infeasible reactive
22:26:20,596 - __main__ - INFO - Sample 9
Solution found proactively quantile
Reached infeasible reactive
22:26:24,089 - __main__ - INFO - ---------------------------------j2041_6.mm---------------------------------
22:26:24,157 - __main__ - INFO - Sample 0
Solution found proactively quantile
22:26:24,424 - __main__ - INFO - The solution is infeasible
22:26:24,842 - __main__ - INFO - The solution is infeasible
22:26:24,842 - __main__ - INFO - Sample 1
Solution found proactively quantile
22:26:25,105 - __main__ - INFO - The solution is infeasible
22:26:25,514 - __main__ - INFO - The solution is infeasible
22:26:25,514 - __main__ - INFO - Sample 2
Solution found proactively quantile
22:26:25,779 - __main__ - INFO - The solution is infeasible
22:26:26,187 - __main__ - INFO - The solution is infeasible
22:26:26,187 - __main__ - INFO - Sample 3
Solution found proactively quantile
22:26:26,448 - __main__ - INFO - The solution is infeasible
22:26:26,855 - __main__ - INFO - The solution is infeasible
22:26:26,856 - __main__ - INFO - Sample 4
Solution found proactively quantile
22:26:27,121 - __main__ - INFO - The solution is infeasible
22:26:27,533 - __main__ - INFO - The solution is infeasible
22:26:27,533 - __main__ - INFO - Sample 5
Solution found proactively quantile
22:26:27,797 - __main__ - INFO - The solution is infeasible
22:26:28,202 - __main__ - INFO - The solution is infeasible
22:26:28,202 - __main__ - INFO - Sample 6
Solution found proactively quantile
22:26:28,466 - __main__ - INFO - The solution is infeasible
22:26:28,884 - __main__ - INFO - The solution is infeasible
22:26:28,884 - __main__ - INFO - Sample 7
Solution found proactively quantile
22:26:29,146 - __main__ - INFO - The solution is infeasible
22:26:29,555 - __main__ - INFO - The solution is infeasible
22:26:29,555 - __main__ - INFO - Sample 8
Solution found proactively quantile
22:26:29,815 - __main__ - INFO - The solution is infeasible
22:26:30,226 - __main__ - INFO - The solution is infeasible
22:26:30,226 - __main__ - INFO - Sample 9
Solution found proactively quantile
22:26:30,564 - __main__ - INFO - The solution is infeasible
22:26:30,972 - __main__ - INFO - The solution is infeasible
22:26:30,972 - __main__ - INFO - ---------------------------------j2054_5.mm---------------------------------
22:26:31,035 - __main__ - INFO - Sample 0
Solution found proactively quantile
Reached infeasible reactive
22:26:33,083 - __main__ - INFO - Sample 1
Solution found proactively quantile
Reached infeasible reactive
22:26:35,085 - __main__ - INFO - Sample 2
Solution found proactively quantile
Reached infeasible reactive
22:26:37,111 - __main__ - INFO - Sample 3
Solution found proactively quantile
Reached infeasible reactive
22:26:38,964 - __main__ - INFO - Sample 4
Solution found proactively quantile
Reached infeasible reactive
22:26:40,864 - __main__ - INFO - Sample 5
Solution found proactively quantile
Reached infeasible reactive
22:26:43,010 - __main__ - INFO - Sample 6
Solution found proactively quantile
Reached infeasible reactive
22:26:44,899 - __main__ - INFO - Sample 7
Solution found proactively quantile
Reached infeasible reactive
22:26:46,884 - __main__ - INFO - Sample 8
Solution found proactively quantile
Reached infeasible reactive
22:26:48,951 - __main__ - INFO - Sample 9
Solution found proactively quantile
Reached infeasible reactive
22:26:50,779 - __main__ - INFO - ---------------------------------j2047_3.mm---------------------------------
22:26:50,844 - __main__ - INFO - Sample 0
Solution found proactively quantile
Reached infeasible reactive
22:26:52,743 - __main__ - INFO - Sample 1
Solution found proactively quantile
Reached infeasible reactive
22:26:54,568 - __main__ - INFO - Sample 2
Solution found proactively quantile
Reached infeasible reactive
22:26:56,527 - __main__ - INFO - Sample 3
Solution found proactively quantile
Reached infeasible reactive
22:26:58,437 - __main__ - INFO - Sample 4
Solution found proactively quantile
Reached infeasible reactive
22:27:00,303 - __main__ - INFO - Sample 5
Solution found proactively quantile
Reached infeasible reactive
22:27:02,234 - __main__ - INFO - Sample 6
Solution found proactively quantile
Reached infeasible reactive
22:27:04,148 - __main__ - INFO - Sample 7
Solution found proactively quantile
Reached infeasible reactive
22:27:05,954 - __main__ - INFO - Sample 8
Solution found proactively quantile
Reached infeasible reactive
22:27:07,958 - __main__ - INFO - Sample 9
Solution found proactively quantile
Reached infeasible reactive
22:27:09,887 - __main__ - INFO - ---------------------------------j2052_8.mm---------------------------------
22:27:09,965 - __main__ - INFO - Sample 0
Solution found proactively quantile
22:27:10,107 - __main__ - INFO - The solution is infeasible
22:27:10,355 - __main__ - INFO - The solution is infeasible
22:27:10,356 - __main__ - INFO - Sample 1
Solution found proactively quantile
22:27:10,497 - __main__ - INFO - The solution is infeasible
22:27:10,643 - __main__ - INFO - The solution is infeasible
22:27:10,643 - __main__ - INFO - Sample 2
Solution found proactively quantile
22:27:10,787 - __main__ - INFO - The solution is infeasible
22:27:10,930 - __main__ - INFO - The solution is infeasible
22:27:10,930 - __main__ - INFO - Sample 3
Solution found proactively quantile
22:27:11,072 - __main__ - INFO - The solution is infeasible
22:27:11,218 - __main__ - INFO - The solution is infeasible
22:27:11,219 - __main__ - INFO - Sample 4
Solution found proactively quantile
22:27:11,360 - __main__ - INFO - The solution is infeasible
22:27:11,504 - __main__ - INFO - The solution is infeasible
22:27:11,504 - __main__ - INFO - Sample 5
Solution found proactively quantile
22:27:11,646 - __main__ - INFO - The solution is infeasible
22:27:11,790 - __main__ - INFO - The solution is infeasible
22:27:11,790 - __main__ - INFO - Sample 6
Solution found proactively quantile
22:27:11,932 - __main__ - INFO - The solution is infeasible
22:27:12,075 - __main__ - INFO - The solution is infeasible
22:27:12,075 - __main__ - INFO - Sample 7
Solution found proactively quantile
22:27:12,217 - __main__ - INFO - The solution is infeasible
22:27:12,362 - __main__ - INFO - The solution is infeasible
22:27:12,362 - __main__ - INFO - Sample 8
Solution found proactively quantile
22:27:12,504 - __main__ - INFO - The solution is infeasible
22:27:12,649 - __main__ - INFO - The solution is infeasible
22:27:12,649 - __main__ - INFO - Sample 9
Solution found proactively quantile
22:27:12,791 - __main__ - INFO - The solution is infeasible
22:27:12,936 - __main__ - INFO - The solution is infeasible
22:27:12,937 - __main__ - INFO - ---------------------------------j2028_3.mm---------------------------------
22:27:13,011 - __main__ - INFO - Sample 0
Solution found proactively quantile
Reached infeasible reactive
22:27:14,913 - __main__ - INFO - Sample 1
Solution found proactively quantile
Reached infeasible reactive
22:27:16,729 - __main__ - INFO - Sample 2
Solution found proactively quantile
Reached infeasible reactive
22:27:18,500 - __main__ - INFO - Sample 3
Solution found proactively quantile
Reached infeasible reactive
22:27:20,362 - __main__ - INFO - Sample 4
Solution found proactively quantile
Reached infeasible reactive
22:27:22,223 - __main__ - INFO - Sample 5
Solution found proactively quantile
Reached infeasible reactive
22:27:24,227 - __main__ - INFO - Sample 6
Solution found proactively quantile
Reached infeasible reactive
22:27:26,279 - __main__ - INFO - Sample 7
Solution found proactively quantile
Reached infeasible reactive
22:27:28,124 - __main__ - INFO - Sample 8
Solution found proactively quantile
Reached infeasible reactive
22:27:30,093 - __main__ - INFO - Sample 9
Solution found proactively quantile
Reached infeasible reactive
22:27:31,864 - __main__ - INFO - ---------------------------------j2029_2.mm---------------------------------
22:27:31,936 - __main__ - INFO - Sample 0
Solution found proactively quantile
22:27:32,042 - __main__ - INFO - The solution is infeasible
22:27:32,269 - __main__ - INFO - The solution is infeasible
22:27:32,270 - __main__ - INFO - Sample 1
Solution found proactively quantile
22:27:32,376 - __main__ - INFO - The solution is infeasible
22:27:32,605 - __main__ - INFO - The solution is infeasible
22:27:32,606 - __main__ - INFO - Sample 2
Solution found proactively quantile
22:27:32,710 - __main__ - INFO - The solution is infeasible
22:27:32,936 - __main__ - INFO - The solution is infeasible
22:27:32,936 - __main__ - INFO - Sample 3
Solution found proactively quantile
22:27:33,041 - __main__ - INFO - The solution is infeasible
22:27:33,271 - __main__ - INFO - The solution is infeasible
22:27:33,271 - __main__ - INFO - Sample 4
Solution found proactively quantile
22:27:33,377 - __main__ - INFO - The solution is infeasible
22:27:33,605 - __main__ - INFO - The solution is infeasible
22:27:33,605 - __main__ - INFO - Sample 5
Solution found proactively quantile
22:27:33,709 - __main__ - INFO - The solution is infeasible
22:27:33,940 - __main__ - INFO - The solution is infeasible
22:27:33,940 - __main__ - INFO - Sample 6
Solution found proactively quantile
22:27:34,045 - __main__ - INFO - The solution is infeasible
22:27:34,274 - __main__ - INFO - The solution is infeasible
22:27:34,274 - __main__ - INFO - Sample 7
Solution found proactively quantile
22:27:34,380 - __main__ - INFO - The solution is infeasible
22:27:34,605 - __main__ - INFO - The solution is infeasible
22:27:34,605 - __main__ - INFO - Sample 8
Solution found proactively quantile
22:27:34,710 - __main__ - INFO - The solution is infeasible
22:27:34,939 - __main__ - INFO - The solution is infeasible
22:27:34,940 - __main__ - INFO - Sample 9
Solution found proactively quantile
22:27:35,045 - __main__ - INFO - The solution is infeasible
22:27:35,272 - __main__ - INFO - The solution is infeasible
22:27:35,273 - __main__ - INFO - ---------------------------------j2012_5.mm---------------------------------
22:27:35,342 - __main__ - INFO - Sample 0
Solution found proactively quantile
Reached infeasible reactive
22:27:37,380 - __main__ - INFO - Sample 1
Solution found proactively quantile
Reached infeasible reactive
22:27:39,310 - __main__ - INFO - Sample 2
Solution found proactively quantile
Reached infeasible reactive
22:27:41,313 - __main__ - INFO - Sample 3
Solution found proactively quantile
Reached infeasible reactive
22:27:43,239 - __main__ - INFO - Sample 4
Solution found proactively quantile
Reached infeasible reactive
22:27:45,210 - __main__ - INFO - Sample 5
Solution found proactively quantile
Reached infeasible reactive
22:27:47,220 - __main__ - INFO - Sample 6
Solution found proactively quantile
Reached infeasible reactive
22:27:49,423 - __main__ - INFO - Sample 7
Solution found proactively quantile
Reached infeasible reactive
22:27:51,548 - __main__ - INFO - Sample 8
Solution found proactively quantile
Reached infeasible reactive
22:27:53,656 - __main__ - INFO - Sample 9
Solution found proactively quantile
Reached infeasible reactive
22:27:55,836 - __main__ - INFO - ---------------------------------j2062_10.mm---------------------------------
22:27:55,900 - __main__ - INFO - Sample 0
Solution found proactively quantile
Reached infeasible reactive
22:27:56,180 - __main__ - INFO - The solution is infeasible
22:27:56,180 - __main__ - INFO - Sample 1
Solution found proactively quantile
Reached infeasible reactive
22:27:56,391 - __main__ - INFO - The solution is infeasible
22:27:56,392 - __main__ - INFO - Sample 2
Solution found proactively quantile
Reached infeasible reactive
22:27:56,608 - __main__ - INFO - The solution is infeasible
22:27:56,609 - __main__ - INFO - Sample 3
Solution found proactively quantile
Reached infeasible reactive
22:27:56,931 - __main__ - INFO - The solution is infeasible
22:27:56,931 - __main__ - INFO - Sample 4
Solution found proactively quantile
Reached infeasible reactive
22:27:57,224 - __main__ - INFO - The solution is infeasible
22:27:57,224 - __main__ - INFO - Sample 5
Solution found proactively quantile
Reached infeasible reactive
22:27:57,599 - __main__ - INFO - The solution is infeasible
22:27:57,599 - __main__ - INFO - Sample 6
Solution found proactively quantile
Reached infeasible reactive
22:27:57,902 - __main__ - INFO - The solution is infeasible
22:27:57,903 - __main__ - INFO - Sample 7
Solution found proactively quantile
Reached infeasible reactive
22:27:58,194 - __main__ - INFO - The solution is infeasible
22:27:58,194 - __main__ - INFO - Sample 8
Solution found proactively quantile
Reached infeasible reactive
22:27:58,406 - __main__ - INFO - The solution is infeasible
22:27:58,406 - __main__ - INFO - Sample 9
Solution found proactively quantile
Reached infeasible reactive
22:27:58,683 - __main__ - INFO - The solution is infeasible
22:27:58,683 - __main__ - INFO - ---------------------------------j2027_8.mm---------------------------------
22:27:58,752 - __main__ - INFO - Sample 0
Solution found proactively quantile
22:27:58,993 - __main__ - INFO - The solution is infeasible
22:27:59,251 - __main__ - INFO - The solution is infeasible
22:27:59,252 - __main__ - INFO - Sample 1
Solution found proactively quantile
22:27:59,490 - __main__ - INFO - The solution is infeasible
22:27:59,750 - __main__ - INFO - The solution is infeasible
22:27:59,751 - __main__ - INFO - Sample 2
Solution found proactively quantile
22:27:59,988 - __main__ - INFO - The solution is infeasible
22:28:00,252 - __main__ - INFO - The solution is infeasible
22:28:00,252 - __main__ - INFO - Sample 3
Solution found proactively quantile
22:28:00,489 - __main__ - INFO - The solution is infeasible
22:28:00,748 - __main__ - INFO - The solution is infeasible
22:28:00,749 - __main__ - INFO - Sample 4
Solution found proactively quantile
22:28:00,985 - __main__ - INFO - The solution is infeasible
22:28:01,247 - __main__ - INFO - The solution is infeasible
22:28:01,247 - __main__ - INFO - Sample 5
Solution found proactively quantile
22:28:01,486 - __main__ - INFO - The solution is infeasible
22:28:01,748 - __main__ - INFO - The solution is infeasible
22:28:01,748 - __main__ - INFO - Sample 6
Solution found proactively quantile
22:28:01,988 - __main__ - INFO - The solution is infeasible
22:28:02,244 - __main__ - INFO - The solution is infeasible
22:28:02,245 - __main__ - INFO - Sample 7
Solution found proactively quantile
22:28:02,481 - __main__ - INFO - The solution is infeasible
22:28:02,736 - __main__ - INFO - The solution is infeasible
22:28:02,737 - __main__ - INFO - Sample 8
Solution found proactively quantile
22:28:02,973 - __main__ - INFO - The solution is infeasible
22:28:03,231 - __main__ - INFO - The solution is infeasible
22:28:03,231 - __main__ - INFO - Sample 9
Solution found proactively quantile
22:28:03,466 - __main__ - INFO - The solution is infeasible
22:28:03,724 - __main__ - INFO - The solution is infeasible
22:28:03,724 - __main__ - INFO - ---------------------------------j2010_9.mm---------------------------------
22:28:03,797 - __main__ - INFO - Sample 0
Solution found proactively quantile
Reached infeasible reactive
22:28:05,877 - __main__ - INFO - Sample 1
Solution found proactively quantile
Reached infeasible reactive
22:28:08,188 - __main__ - INFO - Sample 2
Solution found proactively quantile
Reached infeasible reactive
22:28:10,527 - __main__ - INFO - Sample 3
Solution found proactively quantile
Reached infeasible reactive
22:28:12,651 - __main__ - INFO - Sample 4
Solution found proactively quantile
Reached infeasible reactive
22:28:14,786 - __main__ - INFO - Sample 5
Solution found proactively quantile
Reached infeasible reactive
22:28:16,946 - __main__ - INFO - Sample 6
Solution found proactively quantile
Reached infeasible reactive
22:28:19,211 - __main__ - INFO - Sample 7
Solution found proactively quantile
Reached infeasible reactive
22:28:21,409 - __main__ - INFO - Sample 8
Solution found proactively quantile
Reached infeasible reactive
22:28:23,587 - __main__ - INFO - Sample 9
Solution found proactively quantile
Reached infeasible reactive
22:28:25,618 - __main__ - INFO - ---------------------------------j2033_7.mm---------------------------------
22:28:25,686 - __main__ - INFO - Sample 0
Solution found proactively quantile
22:28:25,832 - __main__ - INFO - The solution is infeasible
22:28:26,000 - __main__ - INFO - The solution is infeasible
22:28:26,000 - __main__ - INFO - Sample 1
Solution found proactively quantile
22:28:26,145 - __main__ - INFO - The solution is infeasible
22:28:26,307 - __main__ - INFO - The solution is infeasible
22:28:26,308 - __main__ - INFO - Sample 2
Solution found proactively quantile
22:28:26,450 - __main__ - INFO - The solution is infeasible
22:28:26,613 - __main__ - INFO - The solution is infeasible
22:28:26,614 - __main__ - INFO - Sample 3
Solution found proactively quantile
22:28:26,759 - __main__ - INFO - The solution is infeasible
22:28:26,925 - __main__ - INFO - The solution is infeasible
22:28:26,926 - __main__ - INFO - Sample 4
Solution found proactively quantile
22:28:27,068 - __main__ - INFO - The solution is infeasible
22:28:27,235 - __main__ - INFO - The solution is infeasible
22:28:27,235 - __main__ - INFO - Sample 5
Solution found proactively quantile
22:28:27,380 - __main__ - INFO - The solution is infeasible
22:28:27,542 - __main__ - INFO - The solution is infeasible
22:28:27,543 - __main__ - INFO - Sample 6
Solution found proactively quantile
22:28:27,685 - __main__ - INFO - The solution is infeasible
22:28:27,850 - __main__ - INFO - The solution is infeasible
22:28:27,851 - __main__ - INFO - Sample 7
Solution found proactively quantile
22:28:27,993 - __main__ - INFO - The solution is infeasible
22:28:28,157 - __main__ - INFO - The solution is infeasible
22:28:28,157 - __main__ - INFO - Sample 8
Solution found proactively quantile
22:28:28,300 - __main__ - INFO - The solution is infeasible
22:28:28,465 - __main__ - INFO - The solution is infeasible
22:28:28,465 - __main__ - INFO - Sample 9
Solution found proactively quantile
22:28:28,608 - __main__ - INFO - The solution is infeasible
22:28:28,771 - __main__ - INFO - The solution is infeasible
22:28:28,771 - __main__ - INFO - ---------------------------------j2013_2.mm---------------------------------
22:28:28,827 - __main__ - INFO - Sample 0
Solution found proactively quantile
Reached infeasible reactive
22:28:29,225 - __main__ - INFO - The solution is infeasible
22:28:29,225 - __main__ - INFO - Sample 1
Solution found proactively quantile
Reached infeasible reactive
22:28:29,539 - __main__ - INFO - The solution is infeasible
22:28:29,539 - __main__ - INFO - Sample 2
Solution found proactively quantile
Reached infeasible reactive
22:28:29,990 - __main__ - INFO - The solution is infeasible
22:28:29,991 - __main__ - INFO - Sample 3
Solution found proactively quantile
Reached infeasible reactive
22:28:30,290 - __main__ - INFO - The solution is infeasible
22:28:30,290 - __main__ - INFO - Sample 4
Solution found proactively quantile
Reached infeasible reactive
22:28:30,607 - __main__ - INFO - The solution is infeasible
22:28:30,608 - __main__ - INFO - Sample 5
Solution found proactively quantile
Reached infeasible reactive
22:28:30,969 - __main__ - INFO - The solution is infeasible
22:28:30,969 - __main__ - INFO - Sample 6
Solution found proactively quantile
Reached infeasible reactive
22:28:31,275 - __main__ - INFO - The solution is infeasible
22:28:31,275 - __main__ - INFO - Sample 7
Solution found proactively quantile
Reached infeasible reactive
22:28:31,635 - __main__ - INFO - The solution is infeasible
22:28:31,636 - __main__ - INFO - Sample 8
Solution found proactively quantile
Reached infeasible reactive
22:28:32,225 - __main__ - INFO - The solution is infeasible
22:28:32,225 - __main__ - INFO - Sample 9
Solution found proactively quantile
Reached infeasible reactive
22:28:32,755 - __main__ - INFO - The solution is infeasible
22:28:32,755 - __main__ - INFO - ---------------------------------j2032_1.mm---------------------------------
22:28:32,843 - __main__ - INFO - Sample 0
Solution found proactively quantile
22:28:33,086 - __main__ - INFO - The solution is infeasible
22:28:33,519 - __main__ - INFO - The solution is infeasible
22:28:33,519 - __main__ - INFO - Sample 1
Solution found proactively quantile
22:28:33,679 - __main__ - INFO - The solution is infeasible
22:28:34,115 - __main__ - INFO - The solution is infeasible
22:28:34,116 - __main__ - INFO - Sample 2
Solution found proactively quantile
22:28:34,274 - __main__ - INFO - The solution is infeasible
22:28:34,706 - __main__ - INFO - The solution is infeasible
22:28:34,707 - __main__ - INFO - Sample 3
Solution found proactively quantile
22:28:34,867 - __main__ - INFO - The solution is infeasible
22:28:35,305 - __main__ - INFO - The solution is infeasible
22:28:35,306 - __main__ - INFO - Sample 4
Solution found proactively quantile
22:28:35,464 - __main__ - INFO - The solution is infeasible
22:28:35,900 - __main__ - INFO - The solution is infeasible
22:28:35,900 - __main__ - INFO - Sample 5
Solution found proactively quantile
22:28:36,060 - __main__ - INFO - The solution is infeasible
22:28:36,493 - __main__ - INFO - The solution is infeasible
22:28:36,494 - __main__ - INFO - Sample 6
Solution found proactively quantile
22:28:36,652 - __main__ - INFO - The solution is infeasible
22:28:37,091 - __main__ - INFO - The solution is infeasible
22:28:37,091 - __main__ - INFO - Sample 7
Solution found proactively quantile
22:28:37,252 - __main__ - INFO - The solution is infeasible
22:28:37,685 - __main__ - INFO - The solution is infeasible
22:28:37,685 - __main__ - INFO - Sample 8
Solution found proactively quantile
22:28:37,843 - __main__ - INFO - The solution is infeasible
22:28:38,278 - __main__ - INFO - The solution is infeasible
22:28:38,278 - __main__ - INFO - Sample 9
Solution found proactively quantile
22:28:38,436 - __main__ - INFO - The solution is infeasible
22:28:38,877 - __main__ - INFO - The solution is infeasible
22:28:38,877 - __main__ - INFO - ---------------------------------j2063_8.mm---------------------------------
22:28:38,957 - __main__ - INFO - Sample 0
Solution found proactively quantile
Reached infeasible reactive
22:28:39,499 - __main__ - INFO - The solution is infeasible
22:28:39,500 - __main__ - INFO - Sample 1
Solution found proactively quantile
Reached infeasible reactive
22:28:40,173 - __main__ - INFO - The solution is infeasible
22:28:40,173 - __main__ - INFO - Sample 2
Solution found proactively quantile
Reached infeasible reactive
22:28:40,702 - __main__ - INFO - The solution is infeasible
22:28:40,703 - __main__ - INFO - Sample 3
Solution found proactively quantile
Reached infeasible reactive
22:28:41,259 - __main__ - INFO - The solution is infeasible
22:28:41,259 - __main__ - INFO - Sample 4
Solution found proactively quantile
Reached infeasible reactive
22:28:41,857 - __main__ - INFO - The solution is infeasible
22:28:41,858 - __main__ - INFO - Sample 5
Solution found proactively quantile
Reached infeasible reactive
22:28:42,479 - __main__ - INFO - The solution is infeasible
22:28:42,479 - __main__ - INFO - Sample 6
Solution found proactively quantile
Reached infeasible reactive
22:28:42,983 - __main__ - INFO - The solution is infeasible
22:28:42,984 - __main__ - INFO - Sample 7
Solution found proactively quantile
Reached infeasible reactive
22:28:43,538 - __main__ - INFO - The solution is infeasible
22:28:43,538 - __main__ - INFO - Sample 8
Solution found proactively quantile
Reached infeasible reactive
22:28:44,049 - __main__ - INFO - The solution is infeasible
22:28:44,049 - __main__ - INFO - Sample 9
Solution found proactively quantile
Reached infeasible reactive
22:28:44,662 - __main__ - INFO - The solution is infeasible
22:28:44,662 - __main__ - INFO - ---------------------------------j2025_6.mm---------------------------------
22:28:44,729 - __main__ - INFO - Sample 0
Solution found proactively quantile
22:28:45,122 - __main__ - INFO - The solution is infeasible
22:28:45,524 - __main__ - INFO - The solution is infeasible
22:28:45,524 - __main__ - INFO - Sample 1
Solution found proactively quantile
22:28:45,917 - __main__ - INFO - The solution is infeasible
22:28:46,322 - __main__ - INFO - The solution is infeasible
22:28:46,322 - __main__ - INFO - Sample 2
Solution found proactively quantile
22:28:46,714 - __main__ - INFO - The solution is infeasible
22:28:47,115 - __main__ - INFO - The solution is infeasible
22:28:47,115 - __main__ - INFO - Sample 3
Solution found proactively quantile
22:28:47,507 - __main__ - INFO - The solution is infeasible
22:28:47,914 - __main__ - INFO - The solution is infeasible
22:28:47,914 - __main__ - INFO - Sample 4
Solution found proactively quantile
22:28:48,303 - __main__ - INFO - The solution is infeasible
22:28:48,706 - __main__ - INFO - The solution is infeasible
22:28:48,706 - __main__ - INFO - Sample 5
Solution found proactively quantile
22:28:49,100 - __main__ - INFO - The solution is infeasible
22:28:49,507 - __main__ - INFO - The solution is infeasible
22:28:49,507 - __main__ - INFO - Sample 6
Solution found proactively quantile
22:28:49,900 - __main__ - INFO - The solution is infeasible
22:28:50,306 - __main__ - INFO - The solution is infeasible
22:28:50,306 - __main__ - INFO - Sample 7
Solution found proactively quantile
22:28:50,695 - __main__ - INFO - The solution is infeasible
22:28:51,096 - __main__ - INFO - The solution is infeasible
22:28:51,097 - __main__ - INFO - Sample 8
Solution found proactively quantile
22:28:51,488 - __main__ - INFO - The solution is infeasible
22:28:51,889 - __main__ - INFO - The solution is infeasible
22:28:51,889 - __main__ - INFO - Sample 9
Solution found proactively quantile
22:28:52,287 - __main__ - INFO - The solution is infeasible
22:28:52,692 - __main__ - INFO - The solution is infeasible
22:28:52,692 - __main__ - INFO - ---------------------------------j2037_3.mm---------------------------------
22:28:52,778 - __main__ - INFO - Sample 0
Solution found proactively quantile
22:28:53,170 - __main__ - INFO - The solution is infeasible
22:28:53,673 - __main__ - INFO - The solution is infeasible
22:28:53,673 - __main__ - INFO - Sample 1
Solution found proactively quantile
22:28:54,068 - __main__ - INFO - The solution is infeasible
22:28:54,478 - __main__ - INFO - The solution is infeasible
22:28:54,478 - __main__ - INFO - Sample 2
Solution found proactively quantile
22:28:54,871 - __main__ - INFO - The solution is infeasible
22:28:55,283 - __main__ - INFO - The solution is infeasible
22:28:55,283 - __main__ - INFO - Sample 3
Solution found proactively quantile
22:28:55,679 - __main__ - INFO - The solution is infeasible
22:28:56,097 - __main__ - INFO - The solution is infeasible
22:28:56,097 - __main__ - INFO - Sample 4
Solution found proactively quantile
22:28:56,486 - __main__ - INFO - The solution is infeasible
22:28:56,897 - __main__ - INFO - The solution is infeasible
22:28:56,897 - __main__ - INFO - Sample 5
Solution found proactively quantile
22:28:57,292 - __main__ - INFO - The solution is infeasible
22:28:57,704 - __main__ - INFO - The solution is infeasible
22:28:57,704 - __main__ - INFO - Sample 6
Solution found proactively quantile
22:28:58,097 - __main__ - INFO - The solution is infeasible
22:28:58,507 - __main__ - INFO - The solution is infeasible
22:28:58,507 - __main__ - INFO - Sample 7
Solution found proactively quantile
22:28:58,901 - __main__ - INFO - The solution is infeasible
22:28:59,309 - __main__ - INFO - The solution is infeasible
22:28:59,310 - __main__ - INFO - Sample 8
Solution found proactively quantile
22:28:59,701 - __main__ - INFO - The solution is infeasible
22:29:00,109 - __main__ - INFO - The solution is infeasible
22:29:00,110 - __main__ - INFO - Sample 9
Solution found proactively quantile
22:29:00,502 - __main__ - INFO - The solution is infeasible
22:29:00,918 - __main__ - INFO - The solution is infeasible
22:29:00,918 - __main__ - INFO - ---------------------------------j2015_3.mm---------------------------------
22:29:00,995 - __main__ - INFO - Sample 0
Solution found proactively quantile
22:29:01,259 - __main__ - INFO - The solution is infeasible
22:29:01,519 - __main__ - INFO - The solution is infeasible
22:29:01,519 - __main__ - INFO - Sample 1
Solution found proactively quantile
22:29:01,789 - __main__ - INFO - The solution is infeasible
22:29:02,045 - __main__ - INFO - The solution is infeasible
22:29:02,046 - __main__ - INFO - Sample 2
Solution found proactively quantile
22:29:02,303 - __main__ - INFO - The solution is infeasible
22:29:02,562 - __main__ - INFO - The solution is infeasible
22:29:02,562 - __main__ - INFO - Sample 3
Solution found proactively quantile
22:29:02,821 - __main__ - INFO - The solution is infeasible
22:29:03,082 - __main__ - INFO - The solution is infeasible
22:29:03,082 - __main__ - INFO - Sample 4
Solution found proactively quantile
22:29:03,341 - __main__ - INFO - The solution is infeasible
22:29:03,599 - __main__ - INFO - The solution is infeasible
22:29:03,599 - __main__ - INFO - Sample 5
Solution found proactively quantile
22:29:03,860 - __main__ - INFO - The solution is infeasible
22:29:04,119 - __main__ - INFO - The solution is infeasible
22:29:04,120 - __main__ - INFO - Sample 6
Solution found proactively quantile
22:29:04,381 - __main__ - INFO - The solution is infeasible
22:29:04,639 - __main__ - INFO - The solution is infeasible
22:29:04,639 - __main__ - INFO - Sample 7
Solution found proactively quantile
22:29:04,896 - __main__ - INFO - The solution is infeasible
22:29:05,158 - __main__ - INFO - The solution is infeasible
22:29:05,158 - __main__ - INFO - Sample 8
Solution found proactively quantile
22:29:05,418 - __main__ - INFO - The solution is infeasible
22:29:05,675 - __main__ - INFO - The solution is infeasible
22:29:05,675 - __main__ - INFO - Sample 9
Solution found proactively quantile
22:29:05,934 - __main__ - INFO - The solution is infeasible
22:29:06,196 - __main__ - INFO - The solution is infeasible
22:29:06,197 - __main__ - INFO - ---------------------------------j2028_4.mm---------------------------------
22:29:06,279 - __main__ - INFO - Sample 0
Solution found proactively quantile
22:29:06,462 - __main__ - INFO - The solution is infeasible
22:29:06,820 - __main__ - INFO - The solution is infeasible
22:29:06,820 - __main__ - INFO - Sample 1
Solution found proactively quantile
22:29:07,003 - __main__ - INFO - The solution is infeasible
22:29:07,360 - __main__ - INFO - The solution is infeasible
22:29:07,361 - __main__ - INFO - Sample 2
Solution found proactively quantile
22:29:07,545 - __main__ - INFO - The solution is infeasible
22:29:07,896 - __main__ - INFO - The solution is infeasible
22:29:07,897 - __main__ - INFO - Sample 3
Solution found proactively quantile
22:29:08,082 - __main__ - INFO - The solution is infeasible
22:29:08,435 - __main__ - INFO - The solution is infeasible
22:29:08,435 - __main__ - INFO - Sample 4
Solution found proactively quantile
22:29:08,618 - __main__ - INFO - The solution is infeasible
22:29:08,971 - __main__ - INFO - The solution is infeasible
22:29:08,972 - __main__ - INFO - Sample 5
Solution found proactively quantile
22:29:09,156 - __main__ - INFO - The solution is infeasible
22:29:09,509 - __main__ - INFO - The solution is infeasible
22:29:09,509 - __main__ - INFO - Sample 6
Solution found proactively quantile
22:29:09,693 - __main__ - INFO - The solution is infeasible
22:29:10,044 - __main__ - INFO - The solution is infeasible
22:29:10,044 - __main__ - INFO - Sample 7
Solution found proactively quantile
22:29:10,226 - __main__ - INFO - The solution is infeasible
22:29:10,574 - __main__ - INFO - The solution is infeasible
22:29:10,575 - __main__ - INFO - Sample 8
Solution found proactively quantile
22:29:10,756 - __main__ - INFO - The solution is infeasible
22:29:11,105 - __main__ - INFO - The solution is infeasible
22:29:11,105 - __main__ - INFO - Sample 9
Solution found proactively quantile
22:29:11,290 - __main__ - INFO - The solution is infeasible
22:29:11,640 - __main__ - INFO - The solution is infeasible
22:29:11,640 - __main__ - INFO - ---------------------------------j2047_7.mm---------------------------------
22:29:11,713 - __main__ - INFO - Sample 0
Solution found proactively quantile
22:29:11,947 - __main__ - INFO - The solution is infeasible
22:29:12,293 - __main__ - INFO - The solution is infeasible
22:29:12,293 - __main__ - INFO - Sample 1
Solution found proactively quantile
22:29:12,522 - __main__ - INFO - The solution is infeasible
22:29:12,864 - __main__ - INFO - The solution is infeasible
22:29:12,865 - __main__ - INFO - Sample 2
Solution found proactively quantile
22:29:13,098 - __main__ - INFO - The solution is infeasible
22:29:13,442 - __main__ - INFO - The solution is infeasible
22:29:13,443 - __main__ - INFO - Sample 3
Solution found proactively quantile
22:29:13,674 - __main__ - INFO - The solution is infeasible
22:29:14,020 - __main__ - INFO - The solution is infeasible
22:29:14,020 - __main__ - INFO - Sample 4
Solution found proactively quantile
22:29:14,253 - __main__ - INFO - The solution is infeasible
22:29:14,593 - __main__ - INFO - The solution is infeasible
22:29:14,593 - __main__ - INFO - Sample 5
Solution found proactively quantile
22:29:14,829 - __main__ - INFO - The solution is infeasible
22:29:15,173 - __main__ - INFO - The solution is infeasible
22:29:15,174 - __main__ - INFO - Sample 6
Solution found proactively quantile
22:29:15,405 - __main__ - INFO - The solution is infeasible
22:29:15,748 - __main__ - INFO - The solution is infeasible
22:29:15,748 - __main__ - INFO - Sample 7
Solution found proactively quantile
22:29:15,984 - __main__ - INFO - The solution is infeasible
22:29:16,320 - __main__ - INFO - The solution is infeasible
22:29:16,320 - __main__ - INFO - Sample 8
Solution found proactively quantile
22:29:16,556 - __main__ - INFO - The solution is infeasible
22:29:16,892 - __main__ - INFO - The solution is infeasible
22:29:16,893 - __main__ - INFO - Sample 9
Solution found proactively quantile
22:29:17,125 - __main__ - INFO - The solution is infeasible
22:29:17,470 - __main__ - INFO - The solution is infeasible
22:29:17,470 - __main__ - INFO - ---------------------------------j2054_10.mm---------------------------------
22:29:17,531 - __main__ - INFO - Sample 0
Solution found proactively quantile
22:29:17,666 - __main__ - INFO - The solution is infeasible
22:29:17,851 - __main__ - INFO - The solution is infeasible
22:29:17,852 - __main__ - INFO - Sample 1
Solution found proactively quantile
22:29:17,988 - __main__ - INFO - The solution is infeasible
22:29:18,172 - __main__ - INFO - The solution is infeasible
22:29:18,172 - __main__ - INFO - Sample 2
Solution found proactively quantile
22:29:18,309 - __main__ - INFO - The solution is infeasible
22:29:18,492 - __main__ - INFO - The solution is infeasible
22:29:18,492 - __main__ - INFO - Sample 3
Solution found proactively quantile
22:29:18,628 - __main__ - INFO - The solution is infeasible
22:29:18,810 - __main__ - INFO - The solution is infeasible
22:29:18,810 - __main__ - INFO - Sample 4
Solution found proactively quantile
22:29:18,945 - __main__ - INFO - The solution is infeasible
22:29:19,130 - __main__ - INFO - The solution is infeasible
22:29:19,130 - __main__ - INFO - Sample 5
Solution found proactively quantile
22:29:19,267 - __main__ - INFO - The solution is infeasible
22:29:19,452 - __main__ - INFO - The solution is infeasible
22:29:19,452 - __main__ - INFO - Sample 6
Solution found proactively quantile
22:29:19,590 - __main__ - INFO - The solution is infeasible
22:29:19,774 - __main__ - INFO - The solution is infeasible
22:29:19,774 - __main__ - INFO - Sample 7
Solution found proactively quantile
22:29:19,909 - __main__ - INFO - The solution is infeasible
22:29:20,093 - __main__ - INFO - The solution is infeasible
22:29:20,094 - __main__ - INFO - Sample 8
Solution found proactively quantile
22:29:20,229 - __main__ - INFO - The solution is infeasible
22:29:20,416 - __main__ - INFO - The solution is infeasible
22:29:20,416 - __main__ - INFO - Sample 9
Solution found proactively quantile
22:29:20,638 - __main__ - INFO - The solution is infeasible
22:29:20,822 - __main__ - INFO - The solution is infeasible
22:29:20,823 - __main__ - INFO - ---------------------------------j2030_1.mm---------------------------------
22:29:20,916 - __main__ - INFO - Sample 0
Solution found proactively quantile
22:29:21,258 - __main__ - INFO - The solution is infeasible
22:29:21,684 - __main__ - INFO - The solution is infeasible
22:29:21,684 - __main__ - INFO - Sample 1
Solution found proactively quantile
22:29:22,026 - __main__ - INFO - The solution is infeasible
22:29:22,457 - __main__ - INFO - The solution is infeasible
22:29:22,457 - __main__ - INFO - Sample 2
Solution found proactively quantile
22:29:22,799 - __main__ - INFO - The solution is infeasible
22:29:23,224 - __main__ - INFO - The solution is infeasible
22:29:23,225 - __main__ - INFO - Sample 3
Solution found proactively quantile
22:29:23,564 - __main__ - INFO - The solution is infeasible
22:29:23,989 - __main__ - INFO - The solution is infeasible
22:29:23,989 - __main__ - INFO - Sample 4
Solution found proactively quantile
22:29:24,329 - __main__ - INFO - The solution is infeasible
22:29:24,753 - __main__ - INFO - The solution is infeasible
22:29:24,753 - __main__ - INFO - Sample 5
Solution found proactively quantile
22:29:25,093 - __main__ - INFO - The solution is infeasible
22:29:25,519 - __main__ - INFO - The solution is infeasible
22:29:25,520 - __main__ - INFO - Sample 6
Solution found proactively quantile
22:29:25,860 - __main__ - INFO - The solution is infeasible
22:29:26,289 - __main__ - INFO - The solution is infeasible
22:29:26,289 - __main__ - INFO - Sample 7
Solution found proactively quantile
22:29:26,631 - __main__ - INFO - The solution is infeasible
22:29:27,057 - __main__ - INFO - The solution is infeasible
22:29:27,057 - __main__ - INFO - Sample 8
Solution found proactively quantile
22:29:27,393 - __main__ - INFO - The solution is infeasible
22:29:27,815 - __main__ - INFO - The solution is infeasible
22:29:27,816 - __main__ - INFO - Sample 9
Solution found proactively quantile
22:29:28,157 - __main__ - INFO - The solution is infeasible
22:29:28,584 - __main__ - INFO - The solution is infeasible
22:29:28,585 - __main__ - INFO - ---------------------------------j2032_5.mm---------------------------------
22:29:28,662 - __main__ - INFO - Sample 0
Solution found proactively quantile
Reached infeasible reactive
22:29:30,696 - __main__ - INFO - Sample 1
Solution found proactively quantile
Reached infeasible reactive
22:29:32,659 - __main__ - INFO - Sample 2
Solution found proactively quantile
Reached infeasible reactive
22:29:34,678 - __main__ - INFO - Sample 3
Solution found proactively quantile
Reached infeasible reactive
22:29:36,739 - __main__ - INFO - Sample 4
Solution found proactively quantile
Reached infeasible reactive
22:29:38,807 - __main__ - INFO - Sample 5
Solution found proactively quantile
Reached infeasible reactive
22:29:40,818 - __main__ - INFO - Sample 6
Solution found proactively quantile
Reached infeasible reactive
22:29:42,877 - __main__ - INFO - Sample 7
Solution found proactively quantile
Reached infeasible reactive
22:29:44,908 - __main__ - INFO - Sample 8
Solution found proactively quantile
Reached infeasible reactive
22:29:46,893 - __main__ - INFO - Sample 9
Solution found proactively quantile
Reached infeasible reactive
22:29:48,852 - __main__ - INFO - ---------------------------------j2019_7.mm---------------------------------
22:29:48,919 - __main__ - INFO - Sample 0
Solution found proactively quantile
22:29:49,144 - __main__ - INFO - The solution is infeasible
22:29:49,389 - __main__ - INFO - The solution is infeasible
22:29:49,389 - __main__ - INFO - Sample 1
Solution found proactively quantile
22:29:49,611 - __main__ - INFO - The solution is infeasible
22:29:49,857 - __main__ - INFO - The solution is infeasible
22:29:49,857 - __main__ - INFO - Sample 2
Solution found proactively quantile
22:29:50,077 - __main__ - INFO - The solution is infeasible
22:29:50,327 - __main__ - INFO - The solution is infeasible
22:29:50,327 - __main__ - INFO - Sample 3
Solution found proactively quantile
22:29:50,546 - __main__ - INFO - The solution is infeasible
22:29:50,796 - __main__ - INFO - The solution is infeasible
22:29:50,796 - __main__ - INFO - Sample 4
Solution found proactively quantile
22:29:51,020 - __main__ - INFO - The solution is infeasible
22:29:51,267 - __main__ - INFO - The solution is infeasible
22:29:51,267 - __main__ - INFO - Sample 5
Solution found proactively quantile
22:29:51,488 - __main__ - INFO - The solution is infeasible
22:29:51,736 - __main__ - INFO - The solution is infeasible
22:29:51,737 - __main__ - INFO - Sample 6
Solution found proactively quantile
22:29:51,957 - __main__ - INFO - The solution is infeasible
22:29:52,206 - __main__ - INFO - The solution is infeasible
22:29:52,206 - __main__ - INFO - Sample 7
Solution found proactively quantile
22:29:52,429 - __main__ - INFO - The solution is infeasible
22:29:52,674 - __main__ - INFO - The solution is infeasible
22:29:52,675 - __main__ - INFO - Sample 8
Solution found proactively quantile
22:29:52,898 - __main__ - INFO - The solution is infeasible
22:29:53,145 - __main__ - INFO - The solution is infeasible
22:29:53,145 - __main__ - INFO - Sample 9
Solution found proactively quantile
22:29:53,446 - __main__ - INFO - The solution is infeasible
22:29:53,696 - __main__ - INFO - The solution is infeasible
22:29:53,696 - __main__ - INFO - ---------------------------------j2049_7.mm---------------------------------
22:29:53,764 - __main__ - INFO - Sample 0
Solution found proactively quantile
Reached infeasible reactive
22:29:54,147 - __main__ - INFO - The solution is infeasible
22:29:54,147 - __main__ - INFO - Sample 1
Solution found proactively quantile
Reached infeasible reactive
22:29:54,491 - __main__ - INFO - The solution is infeasible
22:29:54,492 - __main__ - INFO - Sample 2
Solution found proactively quantile
Reached infeasible reactive
22:29:54,845 - __main__ - INFO - The solution is infeasible
22:29:54,845 - __main__ - INFO - Sample 3
Solution found proactively quantile
Reached infeasible reactive
22:29:55,284 - __main__ - INFO - The solution is infeasible
22:29:55,285 - __main__ - INFO - Sample 4
Solution found proactively quantile
Reached infeasible reactive
22:29:55,622 - __main__ - INFO - The solution is infeasible
22:29:55,623 - __main__ - INFO - Sample 5
Solution found proactively quantile
Reached infeasible reactive
22:29:55,937 - __main__ - INFO - The solution is infeasible
22:29:55,938 - __main__ - INFO - Sample 6
Solution found proactively quantile
Reached infeasible reactive
22:29:56,236 - __main__ - INFO - The solution is infeasible
22:29:56,236 - __main__ - INFO - Sample 7
Solution found proactively quantile
Reached infeasible reactive
22:29:56,602 - __main__ - INFO - The solution is infeasible
22:29:56,602 - __main__ - INFO - Sample 8
Solution found proactively quantile
Reached infeasible reactive
22:29:57,082 - __main__ - INFO - The solution is infeasible
22:29:57,082 - __main__ - INFO - Sample 9
Solution found proactively quantile
Reached infeasible reactive
22:29:57,346 - __main__ - INFO - The solution is infeasible
22:29:57,346 - __main__ - INFO - ---------------------------------j2028_2.mm---------------------------------
22:29:57,421 - __main__ - INFO - Sample 0
Solution found proactively quantile
Reached infeasible reactive
22:29:57,971 - __main__ - INFO - The solution is infeasible
22:29:57,971 - __main__ - INFO - Sample 1
Solution found proactively quantile
Reached infeasible reactive
22:29:58,451 - __main__ - INFO - The solution is infeasible
22:29:58,451 - __main__ - INFO - Sample 2
Solution found proactively quantile
Reached infeasible reactive
22:29:58,915 - __main__ - INFO - The solution is infeasible
22:29:58,915 - __main__ - INFO - Sample 3
Solution found proactively quantile
Reached infeasible reactive
22:29:59,414 - __main__ - INFO - The solution is infeasible
22:29:59,414 - __main__ - INFO - Sample 4
Solution found proactively quantile
Reached infeasible reactive
22:29:59,841 - __main__ - INFO - The solution is infeasible
22:29:59,842 - __main__ - INFO - Sample 5
Solution found proactively quantile
Reached infeasible reactive
22:30:00,273 - __main__ - INFO - The solution is infeasible
22:30:00,273 - __main__ - INFO - Sample 6
Solution found proactively quantile
Reached infeasible reactive
22:30:00,776 - __main__ - INFO - The solution is infeasible
22:30:00,777 - __main__ - INFO - Sample 7
Solution found proactively quantile
Reached infeasible reactive
22:30:01,211 - __main__ - INFO - The solution is infeasible
22:30:01,212 - __main__ - INFO - Sample 8
Solution found proactively quantile
Reached infeasible reactive
22:30:01,703 - __main__ - INFO - The solution is infeasible
22:30:01,703 - __main__ - INFO - Sample 9
Solution found proactively quantile
Reached infeasible reactive
22:30:02,178 - __main__ - INFO - The solution is infeasible
22:30:02,178 - __main__ - INFO - ---------------------------------j2040_9.mm---------------------------------
22:30:02,272 - __main__ - INFO - Sample 0
Solution found proactively quantile
22:30:02,526 - __main__ - INFO - The solution is infeasible
22:30:02,897 - __main__ - INFO - The solution is infeasible
22:30:02,897 - __main__ - INFO - Sample 1
Solution found proactively quantile
22:30:03,148 - __main__ - INFO - The solution is infeasible
22:30:03,522 - __main__ - INFO - The solution is infeasible
22:30:03,522 - __main__ - INFO - Sample 2
Solution found proactively quantile
22:30:03,769 - __main__ - INFO - The solution is infeasible
22:30:04,139 - __main__ - INFO - The solution is infeasible
22:30:04,140 - __main__ - INFO - Sample 3
Solution found proactively quantile
22:30:04,387 - __main__ - INFO - The solution is infeasible
22:30:04,761 - __main__ - INFO - The solution is infeasible
22:30:04,762 - __main__ - INFO - Sample 4
Solution found proactively quantile
22:30:05,008 - __main__ - INFO - The solution is infeasible
22:30:05,382 - __main__ - INFO - The solution is infeasible
22:30:05,383 - __main__ - INFO - Sample 5
Solution found proactively quantile
22:30:05,628 - __main__ - INFO - The solution is infeasible
22:30:06,005 - __main__ - INFO - The solution is infeasible
22:30:06,006 - __main__ - INFO - Sample 6
Solution found proactively quantile
22:30:06,255 - __main__ - INFO - The solution is infeasible
22:30:06,629 - __main__ - INFO - The solution is infeasible
22:30:06,629 - __main__ - INFO - Sample 7
Solution found proactively quantile
22:30:06,878 - __main__ - INFO - The solution is infeasible
22:30:07,256 - __main__ - INFO - The solution is infeasible
22:30:07,257 - __main__ - INFO - Sample 8
Solution found proactively quantile
22:30:07,504 - __main__ - INFO - The solution is infeasible
22:30:07,876 - __main__ - INFO - The solution is infeasible
22:30:07,877 - __main__ - INFO - Sample 9
Solution found proactively quantile
22:30:08,125 - __main__ - INFO - The solution is infeasible
22:30:08,503 - __main__ - INFO - The solution is infeasible
22:30:08,503 - __main__ - INFO - ---------------------------------j2039_2.mm---------------------------------
22:30:08,580 - __main__ - INFO - Sample 0
Solution found proactively quantile
22:30:08,930 - __main__ - INFO - The solution is infeasible
22:30:09,340 - __main__ - INFO - The solution is infeasible
22:30:09,340 - __main__ - INFO - Sample 1
Solution found proactively quantile
22:30:09,692 - __main__ - INFO - The solution is infeasible
22:30:10,105 - __main__ - INFO - The solution is infeasible
22:30:10,106 - __main__ - INFO - Sample 2
Solution found proactively quantile
22:30:10,457 - __main__ - INFO - The solution is infeasible
22:30:10,867 - __main__ - INFO - The solution is infeasible
22:30:10,867 - __main__ - INFO - Sample 3
Solution found proactively quantile
22:30:11,311 - __main__ - INFO - The solution is infeasible
22:30:11,727 - __main__ - INFO - The solution is infeasible
22:30:11,727 - __main__ - INFO - Sample 4
Solution found proactively quantile
22:30:12,080 - __main__ - INFO - The solution is infeasible
22:30:12,491 - __main__ - INFO - The solution is infeasible
22:30:12,492 - __main__ - INFO - Sample 5
Solution found proactively quantile
22:30:12,843 - __main__ - INFO - The solution is infeasible
22:30:13,259 - __main__ - INFO - The solution is infeasible
22:30:13,259 - __main__ - INFO - Sample 6
Solution found proactively quantile
22:30:13,610 - __main__ - INFO - The solution is infeasible
22:30:14,022 - __main__ - INFO - The solution is infeasible
22:30:14,022 - __main__ - INFO - Sample 7
Solution found proactively quantile
22:30:14,372 - __main__ - INFO - The solution is infeasible
22:30:14,782 - __main__ - INFO - The solution is infeasible
22:30:14,782 - __main__ - INFO - Sample 8
Solution found proactively quantile
22:30:15,129 - __main__ - INFO - The solution is infeasible
22:30:15,539 - __main__ - INFO - The solution is infeasible
22:30:15,539 - __main__ - INFO - Sample 9
Solution found proactively quantile
22:30:15,893 - __main__ - INFO - The solution is infeasible
22:30:16,307 - __main__ - INFO - The solution is infeasible
22:30:16,307 - __main__ - INFO - ---------------------------------j2040_6.mm---------------------------------
22:30:16,368 - __main__ - INFO - Sample 0
Solution found proactively quantile
22:30:16,572 - __main__ - INFO - The solution is infeasible
22:30:16,929 - __main__ - INFO - The solution is infeasible
22:30:16,930 - __main__ - INFO - Sample 1
Solution found proactively quantile
22:30:17,136 - __main__ - INFO - The solution is infeasible
22:30:17,498 - __main__ - INFO - The solution is infeasible
22:30:17,499 - __main__ - INFO - Sample 2
Solution found proactively quantile
22:30:17,705 - __main__ - INFO - The solution is infeasible
22:30:18,066 - __main__ - INFO - The solution is infeasible
22:30:18,066 - __main__ - INFO - Sample 3
Solution found proactively quantile
22:30:18,270 - __main__ - INFO - The solution is infeasible
22:30:18,635 - __main__ - INFO - The solution is infeasible
22:30:18,635 - __main__ - INFO - Sample 4
Solution found proactively quantile
22:30:18,839 - __main__ - INFO - The solution is infeasible
22:30:19,205 - __main__ - INFO - The solution is infeasible
22:30:19,206 - __main__ - INFO - Sample 5
Solution found proactively quantile
22:30:19,409 - __main__ - INFO - The solution is infeasible
22:30:19,775 - __main__ - INFO - The solution is infeasible
22:30:19,775 - __main__ - INFO - Sample 6
Solution found proactively quantile
22:30:19,978 - __main__ - INFO - The solution is infeasible
22:30:20,346 - __main__ - INFO - The solution is infeasible
22:30:20,346 - __main__ - INFO - Sample 7
Solution found proactively quantile
22:30:20,548 - __main__ - INFO - The solution is infeasible
22:30:20,911 - __main__ - INFO - The solution is infeasible
22:30:20,911 - __main__ - INFO - Sample 8
Solution found proactively quantile
22:30:21,114 - __main__ - INFO - The solution is infeasible
22:30:21,480 - __main__ - INFO - The solution is infeasible
22:30:21,480 - __main__ - INFO - Sample 9
Solution found proactively quantile
22:30:21,683 - __main__ - INFO - The solution is infeasible
22:30:22,045 - __main__ - INFO - The solution is infeasible
22:30:22,046 - __main__ - INFO - ---------------------------------j2034_2.mm---------------------------------
22:30:22,126 - __main__ - INFO - Sample 0
Solution found proactively quantile
Reached infeasible reactive
22:30:22,397 - __main__ - INFO - The solution is infeasible
22:30:22,397 - __main__ - INFO - Sample 1
Solution found proactively quantile
Reached infeasible reactive
22:30:22,668 - __main__ - INFO - The solution is infeasible
22:30:22,668 - __main__ - INFO - Sample 2
Solution found proactively quantile
Reached infeasible reactive
22:30:23,082 - __main__ - INFO - The solution is infeasible
22:30:23,083 - __main__ - INFO - Sample 3
Solution found proactively quantile
Reached infeasible reactive
22:30:23,334 - __main__ - INFO - The solution is infeasible
22:30:23,334 - __main__ - INFO - Sample 4
Solution found proactively quantile
Reached infeasible reactive
22:30:23,589 - __main__ - INFO - The solution is infeasible
22:30:23,589 - __main__ - INFO - Sample 5
Solution found proactively quantile
Reached infeasible reactive
22:30:23,867 - __main__ - INFO - The solution is infeasible
22:30:23,868 - __main__ - INFO - Sample 6
Solution found proactively quantile
Reached infeasible reactive
22:30:24,189 - __main__ - INFO - The solution is infeasible
22:30:24,190 - __main__ - INFO - Sample 7
Solution found proactively quantile
Reached infeasible reactive
22:30:24,601 - __main__ - INFO - The solution is infeasible
22:30:24,601 - __main__ - INFO - Sample 8
Solution found proactively quantile
Reached infeasible reactive
22:30:24,883 - __main__ - INFO - The solution is infeasible
22:30:24,883 - __main__ - INFO - Sample 9
Solution found proactively quantile
Reached infeasible reactive
22:30:25,241 - __main__ - INFO - The solution is infeasible
22:30:25,242 - __main__ - INFO - ---------------------------------j2056_1.mm---------------------------------
22:30:25,300 - __main__ - INFO - Sample 0
Solution found proactively quantile
Reached infeasible reactive
22:30:27,392 - __main__ - INFO - Sample 1
Solution found proactively quantile
Reached infeasible reactive
22:30:29,442 - __main__ - INFO - Sample 2
Solution found proactively quantile
Reached infeasible reactive
22:30:31,446 - __main__ - INFO - Sample 3
Solution found proactively quantile
Reached infeasible reactive
22:30:33,402 - __main__ - INFO - Sample 4
Solution found proactively quantile
Reached infeasible reactive
22:30:35,413 - __main__ - INFO - Sample 5
Solution found proactively quantile
Reached infeasible reactive
22:30:37,448 - __main__ - INFO - Sample 6
Solution found proactively quantile
Reached infeasible reactive
22:30:39,570 - __main__ - INFO - Sample 7
Solution found proactively quantile
Reached infeasible reactive
22:30:41,477 - __main__ - INFO - Sample 8
Solution found proactively quantile
Reached infeasible reactive
22:30:43,376 - __main__ - INFO - Sample 9
Solution found proactively quantile
Reached infeasible reactive
22:30:45,329 - __main__ - INFO - ---------------------------------j2028_5.mm---------------------------------
22:30:45,403 - __main__ - INFO - Sample 0
Solution found proactively quantile
22:30:45,735 - __main__ - INFO - The solution is infeasible
22:30:46,109 - __main__ - INFO - The solution is infeasible
22:30:46,110 - __main__ - INFO - Sample 1
Solution found proactively quantile
22:30:46,438 - __main__ - INFO - The solution is infeasible
22:30:46,810 - __main__ - INFO - The solution is infeasible
22:30:46,810 - __main__ - INFO - Sample 2
Solution found proactively quantile
22:30:47,139 - __main__ - INFO - The solution is infeasible
22:30:47,512 - __main__ - INFO - The solution is infeasible
22:30:47,512 - __main__ - INFO - Sample 3
Solution found proactively quantile
22:30:47,841 - __main__ - INFO - The solution is infeasible
22:30:48,213 - __main__ - INFO - The solution is infeasible
22:30:48,213 - __main__ - INFO - Sample 4
Solution found proactively quantile
22:30:48,544 - __main__ - INFO - The solution is infeasible
22:30:48,916 - __main__ - INFO - The solution is infeasible
22:30:48,916 - __main__ - INFO - Sample 5
Solution found proactively quantile
22:30:49,248 - __main__ - INFO - The solution is infeasible
22:30:49,623 - __main__ - INFO - The solution is infeasible
22:30:49,624 - __main__ - INFO - Sample 6
Solution found proactively quantile
22:30:49,956 - __main__ - INFO - The solution is infeasible
22:30:50,325 - __main__ - INFO - The solution is infeasible
22:30:50,325 - __main__ - INFO - Sample 7
Solution found proactively quantile
22:30:50,655 - __main__ - INFO - The solution is infeasible
22:30:51,102 - __main__ - INFO - The solution is infeasible
22:30:51,102 - __main__ - INFO - Sample 8
Solution found proactively quantile
22:30:51,434 - __main__ - INFO - The solution is infeasible
22:30:51,808 - __main__ - INFO - The solution is infeasible
22:30:51,808 - __main__ - INFO - Sample 9
Solution found proactively quantile
22:30:52,146 - __main__ - INFO - The solution is infeasible
22:30:52,514 - __main__ - INFO - The solution is infeasible
22:30:52,514 - __main__ - INFO - ---------------------------------j2017_3.mm---------------------------------
22:30:52,595 - __main__ - INFO - Sample 0
Solution found proactively quantile
22:30:52,968 - __main__ - INFO - The solution is infeasible
22:30:53,345 - __main__ - INFO - The solution is infeasible
22:30:53,345 - __main__ - INFO - Sample 1
Solution found proactively quantile
22:30:53,722 - __main__ - INFO - The solution is infeasible
22:30:54,097 - __main__ - INFO - The solution is infeasible
22:30:54,097 - __main__ - INFO - Sample 2
Solution found proactively quantile
22:30:54,470 - __main__ - INFO - The solution is infeasible
22:30:54,851 - __main__ - INFO - The solution is infeasible
22:30:54,852 - __main__ - INFO - Sample 3
Solution found proactively quantile
22:30:55,227 - __main__ - INFO - The solution is infeasible
22:30:55,604 - __main__ - INFO - The solution is infeasible
22:30:55,604 - __main__ - INFO - Sample 4
Solution found proactively quantile
22:30:55,975 - __main__ - INFO - The solution is infeasible
22:30:56,357 - __main__ - INFO - The solution is infeasible
22:30:56,357 - __main__ - INFO - Sample 5
Solution found proactively quantile
22:30:56,728 - __main__ - INFO - The solution is infeasible
22:30:57,107 - __main__ - INFO - The solution is infeasible
22:30:57,107 - __main__ - INFO - Sample 6
Solution found proactively quantile
22:30:57,483 - __main__ - INFO - The solution is infeasible
22:30:57,860 - __main__ - INFO - The solution is infeasible
22:30:57,860 - __main__ - INFO - Sample 7
Solution found proactively quantile
22:30:58,232 - __main__ - INFO - The solution is infeasible
22:30:58,612 - __main__ - INFO - The solution is infeasible
22:30:58,613 - __main__ - INFO - Sample 8
Solution found proactively quantile
22:30:58,983 - __main__ - INFO - The solution is infeasible
22:30:59,359 - __main__ - INFO - The solution is infeasible
22:30:59,359 - __main__ - INFO - Sample 9
Solution found proactively quantile
22:30:59,732 - __main__ - INFO - The solution is infeasible
22:31:00,105 - __main__ - INFO - The solution is infeasible
22:31:00,105 - __main__ - INFO - ---------------------------------j2030_2.mm---------------------------------
22:31:00,167 - __main__ - INFO - Sample 0
Solution found proactively quantile
22:31:00,347 - __main__ - INFO - The solution is infeasible
22:31:00,573 - __main__ - INFO - The solution is infeasible
22:31:00,573 - __main__ - INFO - Sample 1
Solution found proactively quantile
22:31:00,754 - __main__ - INFO - The solution is infeasible
22:31:00,980 - __main__ - INFO - The solution is infeasible
22:31:00,980 - __main__ - INFO - Sample 2
Solution found proactively quantile
22:31:01,160 - __main__ - INFO - The solution is infeasible
22:31:01,389 - __main__ - INFO - The solution is infeasible
22:31:01,389 - __main__ - INFO - Sample 3
Solution found proactively quantile
22:31:01,568 - __main__ - INFO - The solution is infeasible
22:31:01,793 - __main__ - INFO - The solution is infeasible
22:31:01,794 - __main__ - INFO - Sample 4
Solution found proactively quantile
22:31:01,972 - __main__ - INFO - The solution is infeasible
22:31:02,202 - __main__ - INFO - The solution is infeasible
22:31:02,202 - __main__ - INFO - Sample 5
Solution found proactively quantile
22:31:02,382 - __main__ - INFO - The solution is infeasible
22:31:02,610 - __main__ - INFO - The solution is infeasible
22:31:02,610 - __main__ - INFO - Sample 6
Solution found proactively quantile
22:31:02,792 - __main__ - INFO - The solution is infeasible
22:31:03,018 - __main__ - INFO - The solution is infeasible
22:31:03,019 - __main__ - INFO - Sample 7
Solution found proactively quantile
22:31:03,198 - __main__ - INFO - The solution is infeasible
22:31:03,428 - __main__ - INFO - The solution is infeasible
22:31:03,428 - __main__ - INFO - Sample 8
Solution found proactively quantile
22:31:03,608 - __main__ - INFO - The solution is infeasible
22:31:03,836 - __main__ - INFO - The solution is infeasible
22:31:03,837 - __main__ - INFO - Sample 9
Solution found proactively quantile
22:31:04,020 - __main__ - INFO - The solution is infeasible
22:31:04,248 - __main__ - INFO - The solution is infeasible
22:31:04,248 - __main__ - INFO - ---------------------------------j2018_9.mm---------------------------------
22:31:04,325 - __main__ - INFO - Sample 0
Solution found proactively quantile
Reached infeasible reactive
22:31:04,640 - __main__ - INFO - The solution is infeasible
22:31:04,640 - __main__ - INFO - Sample 1
Solution found proactively quantile
Reached infeasible reactive
22:31:05,055 - __main__ - INFO - The solution is infeasible
22:31:05,055 - __main__ - INFO - Sample 2
Solution found proactively quantile
Reached infeasible reactive
22:31:05,376 - __main__ - INFO - The solution is infeasible
22:31:05,377 - __main__ - INFO - Sample 3
Solution found proactively quantile
Reached infeasible reactive
22:31:05,692 - __main__ - INFO - The solution is infeasible
22:31:05,693 - __main__ - INFO - Sample 4
Solution found proactively quantile
Reached infeasible reactive
22:31:06,018 - __main__ - INFO - The solution is infeasible
22:31:06,018 - __main__ - INFO - Sample 5
Solution found proactively quantile
Reached infeasible reactive
22:31:06,523 - __main__ - INFO - The solution is infeasible
22:31:06,524 - __main__ - INFO - Sample 6
Solution found proactively quantile
Reached infeasible reactive
22:31:06,865 - __main__ - INFO - The solution is infeasible
22:31:06,865 - __main__ - INFO - Sample 7
Solution found proactively quantile
Reached infeasible reactive
22:31:07,186 - __main__ - INFO - The solution is infeasible
22:31:07,187 - __main__ - INFO - Sample 8
Solution found proactively quantile
Reached infeasible reactive
22:31:07,593 - __main__ - INFO - The solution is infeasible
22:31:07,593 - __main__ - INFO - Sample 9
Solution found proactively quantile
Reached infeasible reactive
22:31:08,015 - __main__ - INFO - The solution is infeasible
22:31:08,016 - __main__ - INFO - ---------------------------------j2048_10.mm---------------------------------
22:31:08,089 - __main__ - INFO - Sample 0
Solution found proactively quantile
Reached infeasible reactive
22:31:09,671 - __main__ - INFO - Sample 1
Solution found proactively quantile
Reached infeasible reactive
22:31:11,280 - __main__ - INFO - Sample 2
Solution found proactively quantile
Reached infeasible reactive
22:31:12,811 - __main__ - INFO - Sample 3
Solution found proactively quantile
Reached infeasible reactive
22:31:14,471 - __main__ - INFO - Sample 4
Solution found proactively quantile
Reached infeasible reactive
22:31:16,292 - __main__ - INFO - Sample 5
Solution found proactively quantile
Reached infeasible reactive
22:31:17,865 - __main__ - INFO - Sample 6
Solution found proactively quantile
Reached infeasible reactive
22:31:19,423 - __main__ - INFO - Sample 7
Solution found proactively quantile
Reached infeasible reactive
22:31:21,071 - __main__ - INFO - Sample 8
Solution found proactively quantile
Reached infeasible reactive
22:31:22,815 - __main__ - INFO - Sample 9
Solution found proactively quantile
Reached infeasible reactive
22:31:24,362 - __main__ - INFO - ---------------------------------j2064_10.mm---------------------------------
22:31:24,526 - __main__ - INFO - Sample 0
Solution found proactively quantile
Reached infeasible reactive
22:31:26,616 - __main__ - INFO - Sample 1
Solution found proactively quantile
Reached infeasible reactive
22:31:28,693 - __main__ - INFO - Sample 2
Solution found proactively quantile
Reached infeasible reactive
22:31:30,863 - __main__ - INFO - Sample 3
Solution found proactively quantile
Reached infeasible reactive
22:31:32,997 - __main__ - INFO - Sample 4
Solution found proactively quantile
Reached infeasible reactive
22:31:35,029 - __main__ - INFO - Sample 5
Solution found proactively quantile
Reached infeasible reactive
22:31:37,036 - __main__ - INFO - Sample 6
Solution found proactively quantile
Reached infeasible reactive
22:31:39,086 - __main__ - INFO - Sample 7
Solution found proactively quantile
Reached infeasible reactive
22:31:41,217 - __main__ - INFO - Sample 8
Solution found proactively quantile
Reached infeasible reactive
22:31:43,374 - __main__ - INFO - Sample 9
Solution found proactively quantile
Reached infeasible reactive
22:31:45,446 - __main__ - INFO - ---------------------------------j2046_7.mm---------------------------------
22:31:45,512 - __main__ - INFO - Sample 0
Solution found proactively quantile
Reached infeasible reactive
22:31:47,853 - __main__ - INFO - Sample 1
Solution found proactively quantile
Reached infeasible reactive
22:31:50,054 - __main__ - INFO - Sample 2
Solution found proactively quantile
Reached infeasible reactive
22:31:52,221 - __main__ - INFO - Sample 3
Solution found proactively quantile
Reached infeasible reactive
22:31:54,345 - __main__ - INFO - Sample 4
Solution found proactively quantile
Reached infeasible reactive
22:31:56,358 - __main__ - INFO - Sample 5
Solution found proactively quantile
Reached infeasible reactive
22:31:58,364 - __main__ - INFO - Sample 6
Solution found proactively quantile
Reached infeasible reactive
22:32:00,395 - __main__ - INFO - Sample 7
Solution found proactively quantile
Reached infeasible reactive
22:32:02,580 - __main__ - INFO - Sample 8
Solution found proactively quantile
Reached infeasible reactive
22:32:04,605 - __main__ - INFO - Sample 9
Solution found proactively quantile
Reached infeasible reactive
22:32:07,023 - __main__ - INFO - ---------------------------------j2010_1.mm---------------------------------
22:32:07,091 - __main__ - INFO - Sample 0
Solution found proactively quantile
Reached infeasible reactive
22:32:09,198 - __main__ - INFO - Sample 1
Solution found proactively quantile
Reached infeasible reactive
22:32:11,056 - __main__ - INFO - Sample 2
Solution found proactively quantile
Reached infeasible reactive
22:32:12,931 - __main__ - INFO - Sample 3
Solution found proactively quantile
Reached infeasible reactive
22:32:14,811 - __main__ - INFO - Sample 4
Solution found proactively quantile
Reached infeasible reactive
22:32:16,803 - __main__ - INFO - Sample 5
Solution found proactively quantile
Reached infeasible reactive
22:32:18,679 - __main__ - INFO - Sample 6
Solution found proactively quantile
Reached infeasible reactive
22:32:20,553 - __main__ - INFO - Sample 7
Solution found proactively quantile
Reached infeasible reactive
22:32:22,557 - __main__ - INFO - Sample 8
Solution found proactively quantile
Reached infeasible reactive
22:32:24,505 - __main__ - INFO - Sample 9
Solution found proactively quantile
Reached infeasible reactive
22:32:26,535 - __main__ - INFO - ---------------------------------j2025_8.mm---------------------------------
22:32:26,628 - __main__ - INFO - Sample 0
Solution found proactively quantile
Reached infeasible reactive
22:32:27,061 - __main__ - INFO - The solution is infeasible
22:32:27,061 - __main__ - INFO - Sample 1
Solution found proactively quantile
Reached infeasible reactive
22:32:27,400 - __main__ - INFO - The solution is infeasible
22:32:27,400 - __main__ - INFO - Sample 2
Solution found proactively quantile
Reached infeasible reactive
22:32:27,753 - __main__ - INFO - The solution is infeasible
22:32:27,753 - __main__ - INFO - Sample 3
Solution found proactively quantile
Reached infeasible reactive
22:32:28,041 - __main__ - INFO - The solution is infeasible
22:32:28,042 - __main__ - INFO - Sample 4
Solution found proactively quantile
Reached infeasible reactive
22:32:28,335 - __main__ - INFO - The solution is infeasible
22:32:28,335 - __main__ - INFO - Sample 5
Solution found proactively quantile
Reached infeasible reactive
22:32:28,751 - __main__ - INFO - The solution is infeasible
22:32:28,751 - __main__ - INFO - Sample 6
Solution found proactively quantile
Reached infeasible reactive
22:32:29,166 - __main__ - INFO - The solution is infeasible
22:32:29,167 - __main__ - INFO - Sample 7
Solution found proactively quantile
Reached infeasible reactive
22:32:29,535 - __main__ - INFO - The solution is infeasible
22:32:29,535 - __main__ - INFO - Sample 8
Solution found proactively quantile
Reached infeasible reactive
22:32:29,826 - __main__ - INFO - The solution is infeasible
22:32:29,826 - __main__ - INFO - Sample 9
Solution found proactively quantile
Reached infeasible reactive
22:32:30,116 - __main__ - INFO - The solution is infeasible
22:32:30,117 - __main__ - INFO - ---------------------------------j2042_10.mm---------------------------------
22:32:30,272 - __main__ - INFO - Sample 0
Solution found proactively quantile
Reached infeasible reactive
22:32:32,861 - __main__ - INFO - Sample 1
Solution found proactively quantile
Reached infeasible reactive
22:32:35,124 - __main__ - INFO - Sample 2
Solution found proactively quantile
Reached infeasible reactive
22:32:37,463 - __main__ - INFO - Sample 3
Solution found proactively quantile
Reached infeasible reactive
22:32:39,550 - __main__ - INFO - Sample 4
Solution found proactively quantile
Reached infeasible reactive
22:32:41,820 - __main__ - INFO - Sample 5
Solution found proactively quantile
Reached infeasible reactive
22:32:44,205 - __main__ - INFO - Sample 6
Solution found proactively quantile
Reached infeasible reactive
22:32:46,316 - __main__ - INFO - Sample 7
Solution found proactively quantile
Reached infeasible reactive
22:32:48,492 - __main__ - INFO - Sample 8
Solution found proactively quantile
Reached infeasible reactive
22:32:50,739 - __main__ - INFO - Sample 9
Solution found proactively quantile
Reached infeasible reactive
22:32:52,896 - __main__ - INFO - ---------------------------------j2047_10.mm---------------------------------
22:32:52,968 - __main__ - INFO - Sample 0
Solution found proactively quantile
Reached infeasible reactive
22:32:55,163 - __main__ - INFO - Sample 1
Solution found proactively quantile
Reached infeasible reactive
22:32:57,349 - __main__ - INFO - Sample 2
Solution found proactively quantile
Reached infeasible reactive
22:32:59,663 - __main__ - INFO - Sample 3
Solution found proactively quantile
Reached infeasible reactive
22:33:01,941 - __main__ - INFO - Sample 4
Solution found proactively quantile
Reached infeasible reactive
22:33:03,914 - __main__ - INFO - Sample 5
Solution found proactively quantile
Reached infeasible reactive
22:33:06,084 - __main__ - INFO - Sample 6
Solution found proactively quantile
Reached infeasible reactive
22:33:08,016 - __main__ - INFO - Sample 7
Solution found proactively quantile
Reached infeasible reactive
22:33:10,148 - __main__ - INFO - Sample 8
Solution found proactively quantile
Reached infeasible reactive
22:33:12,343 - __main__ - INFO - Sample 9
Solution found proactively quantile
Reached infeasible reactive
22:33:14,518 - __main__ - INFO - ---------------------------------j2052_6.mm---------------------------------
22:33:14,599 - __main__ - INFO - Sample 0
Solution found proactively quantile
22:33:15,008 - __main__ - INFO - The solution is infeasible
22:33:15,385 - __main__ - INFO - The solution is infeasible
22:33:15,385 - __main__ - INFO - Sample 1
Solution found proactively quantile
22:33:15,786 - __main__ - INFO - The solution is infeasible
22:33:16,159 - __main__ - INFO - The solution is infeasible
22:33:16,159 - __main__ - INFO - Sample 2
Solution found proactively quantile
22:33:16,559 - __main__ - INFO - The solution is infeasible
22:33:17,067 - __main__ - INFO - The solution is infeasible
22:33:17,068 - __main__ - INFO - Sample 3
Solution found proactively quantile
22:33:17,475 - __main__ - INFO - The solution is infeasible
22:33:17,851 - __main__ - INFO - The solution is infeasible
22:33:17,852 - __main__ - INFO - Sample 4
Solution found proactively quantile
22:33:18,250 - __main__ - INFO - The solution is infeasible
22:33:18,623 - __main__ - INFO - The solution is infeasible
22:33:18,623 - __main__ - INFO - Sample 5
Solution found proactively quantile
22:33:19,030 - __main__ - INFO - The solution is infeasible
22:33:19,404 - __main__ - INFO - The solution is infeasible
22:33:19,404 - __main__ - INFO - Sample 6
Solution found proactively quantile
22:33:19,808 - __main__ - INFO - The solution is infeasible
22:33:20,186 - __main__ - INFO - The solution is infeasible
22:33:20,187 - __main__ - INFO - Sample 7
Solution found proactively quantile
22:33:20,594 - __main__ - INFO - The solution is infeasible
22:33:20,965 - __main__ - INFO - The solution is infeasible
22:33:20,966 - __main__ - INFO - Sample 8
Solution found proactively quantile
22:33:21,365 - __main__ - INFO - The solution is infeasible
22:33:21,738 - __main__ - INFO - The solution is infeasible
22:33:21,739 - __main__ - INFO - Sample 9
Solution found proactively quantile
22:33:22,133 - __main__ - INFO - The solution is infeasible
22:33:22,506 - __main__ - INFO - The solution is infeasible
22:33:22,507 - __main__ - INFO - ---------------------------------j2057_4.mm---------------------------------
22:33:22,580 - __main__ - INFO - Sample 0
Solution found proactively quantile
22:33:22,732 - __main__ - INFO - The solution is infeasible
22:33:22,888 - __main__ - INFO - The solution is infeasible
22:33:22,889 - __main__ - INFO - Sample 1
Solution found proactively quantile
22:33:23,042 - __main__ - INFO - The solution is infeasible
22:33:23,197 - __main__ - INFO - The solution is infeasible
22:33:23,198 - __main__ - INFO - Sample 2
Solution found proactively quantile
22:33:23,350 - __main__ - INFO - The solution is infeasible
22:33:23,505 - __main__ - INFO - The solution is infeasible
22:33:23,505 - __main__ - INFO - Sample 3
Solution found proactively quantile
22:33:23,658 - __main__ - INFO - The solution is infeasible
22:33:23,814 - __main__ - INFO - The solution is infeasible
22:33:23,815 - __main__ - INFO - Sample 4
Solution found proactively quantile
22:33:23,967 - __main__ - INFO - The solution is infeasible
22:33:24,124 - __main__ - INFO - The solution is infeasible
22:33:24,125 - __main__ - INFO - Sample 5
Solution found proactively quantile
22:33:24,277 - __main__ - INFO - The solution is infeasible
22:33:24,432 - __main__ - INFO - The solution is infeasible
22:33:24,433 - __main__ - INFO - Sample 6
Solution found proactively quantile
22:33:24,588 - __main__ - INFO - The solution is infeasible
22:33:24,745 - __main__ - INFO - The solution is infeasible
22:33:24,745 - __main__ - INFO - Sample 7
Solution found proactively quantile
22:33:24,899 - __main__ - INFO - The solution is infeasible
22:33:25,056 - __main__ - INFO - The solution is infeasible
22:33:25,056 - __main__ - INFO - Sample 8
Solution found proactively quantile
22:33:25,209 - __main__ - INFO - The solution is infeasible
22:33:25,364 - __main__ - INFO - The solution is infeasible
22:33:25,364 - __main__ - INFO - Sample 9
Solution found proactively quantile
22:33:25,517 - __main__ - INFO - The solution is infeasible
22:33:25,675 - __main__ - INFO - The solution is infeasible
22:33:25,675 - __main__ - INFO - ---------------------------------j2050_6.mm---------------------------------
22:33:25,740 - __main__ - INFO - Sample 0
Solution found proactively quantile
22:33:25,854 - __main__ - INFO - The solution is infeasible
22:33:26,243 - __main__ - INFO - The solution is infeasible
22:33:26,243 - __main__ - INFO - Sample 1
Solution found proactively quantile
22:33:26,356 - __main__ - INFO - The solution is infeasible
22:33:26,745 - __main__ - INFO - The solution is infeasible
22:33:26,746 - __main__ - INFO - Sample 2
Solution found proactively quantile
22:33:26,858 - __main__ - INFO - The solution is infeasible
22:33:27,251 - __main__ - INFO - The solution is infeasible
22:33:27,252 - __main__ - INFO - Sample 3
Solution found proactively quantile
22:33:27,363 - __main__ - INFO - The solution is infeasible
22:33:27,751 - __main__ - INFO - The solution is infeasible
22:33:27,752 - __main__ - INFO - Sample 4
Solution found proactively quantile
22:33:27,863 - __main__ - INFO - The solution is infeasible
22:33:28,253 - __main__ - INFO - The solution is infeasible
22:33:28,254 - __main__ - INFO - Sample 5
Solution found proactively quantile
22:33:28,366 - __main__ - INFO - The solution is infeasible
22:33:28,756 - __main__ - INFO - The solution is infeasible
22:33:28,756 - __main__ - INFO - Sample 6
Solution found proactively quantile
22:33:28,868 - __main__ - INFO - The solution is infeasible
22:33:29,256 - __main__ - INFO - The solution is infeasible
22:33:29,256 - __main__ - INFO - Sample 7
Solution found proactively quantile
22:33:29,368 - __main__ - INFO - The solution is infeasible
22:33:29,756 - __main__ - INFO - The solution is infeasible
22:33:29,756 - __main__ - INFO - Sample 8
Solution found proactively quantile
22:33:29,869 - __main__ - INFO - The solution is infeasible
22:33:30,256 - __main__ - INFO - The solution is infeasible
22:33:30,256 - __main__ - INFO - Sample 9
Solution found proactively quantile
22:33:30,369 - __main__ - INFO - The solution is infeasible
22:33:30,753 - __main__ - INFO - The solution is infeasible
22:33:30,754 - __main__ - INFO - ---------------------------------j2060_2.mm---------------------------------
22:33:30,834 - __main__ - INFO - Sample 0
Solution found proactively quantile
Reached infeasible reactive
22:33:31,222 - __main__ - INFO - The solution is infeasible
22:33:31,223 - __main__ - INFO - Sample 1
Solution found proactively quantile
Reached infeasible reactive
22:33:31,544 - __main__ - INFO - The solution is infeasible
22:33:31,545 - __main__ - INFO - Sample 2
Solution found proactively quantile
Reached infeasible reactive
22:33:31,930 - __main__ - INFO - The solution is infeasible
22:33:31,930 - __main__ - INFO - Sample 3
Solution found proactively quantile
Reached infeasible reactive
22:33:32,252 - __main__ - INFO - The solution is infeasible
22:33:32,252 - __main__ - INFO - Sample 4
Solution found proactively quantile
Reached infeasible reactive
22:33:32,597 - __main__ - INFO - The solution is infeasible
22:33:32,597 - __main__ - INFO - Sample 5
Solution found proactively quantile
Reached infeasible reactive
22:33:32,953 - __main__ - INFO - The solution is infeasible
22:33:32,954 - __main__ - INFO - Sample 6
Solution found proactively quantile
Reached infeasible reactive
22:33:33,273 - __main__ - INFO - The solution is infeasible
22:33:33,274 - __main__ - INFO - Sample 7
Solution found proactively quantile
Reached infeasible reactive
22:33:33,756 - __main__ - INFO - The solution is infeasible
22:33:33,756 - __main__ - INFO - Sample 8
Solution found proactively quantile
Reached infeasible reactive
22:33:34,092 - __main__ - INFO - The solution is infeasible
22:33:34,093 - __main__ - INFO - Sample 9
Solution found proactively quantile
Reached infeasible reactive
22:33:34,487 - __main__ - INFO - The solution is infeasible
22:33:34,487 - __main__ - INFO - ---------------------------------j2031_6.mm---------------------------------
22:33:34,539 - __main__ - INFO - Sample 0
Solution found proactively quantile
Reached infeasible reactive
22:33:36,160 - __main__ - INFO - Sample 1
Solution found proactively quantile
Reached infeasible reactive
22:33:37,836 - __main__ - INFO - Sample 2
Solution found proactively quantile
Reached infeasible reactive
22:33:39,634 - __main__ - INFO - Sample 3
Solution found proactively quantile
Reached infeasible reactive
22:33:41,119 - __main__ - INFO - Sample 4
Solution found proactively quantile
Reached infeasible reactive
22:33:42,738 - __main__ - INFO - Sample 5
Solution found proactively quantile
Reached infeasible reactive
22:33:44,329 - __main__ - INFO - Sample 6
Solution found proactively quantile
Reached infeasible reactive
22:33:45,957 - __main__ - INFO - Sample 7
Solution found proactively quantile
Reached infeasible reactive
22:33:47,531 - __main__ - INFO - Sample 8
Solution found proactively quantile
Reached infeasible reactive
22:33:49,099 - __main__ - INFO - Sample 9
Solution found proactively quantile
Reached infeasible reactive
22:33:50,740 - __main__ - INFO - ---------------------------------j2064_7.mm---------------------------------
22:33:50,870 - __main__ - INFO - Sample 0
Solution found proactively quantile
22:33:51,311 - __main__ - INFO - The solution is infeasible
22:33:51,747 - __main__ - INFO - The solution is infeasible
22:33:51,747 - __main__ - INFO - Sample 1
Solution found proactively quantile
22:33:52,196 - __main__ - INFO - The solution is infeasible
22:33:52,642 - __main__ - INFO - The solution is infeasible
22:33:52,642 - __main__ - INFO - Sample 2
Solution found proactively quantile
22:33:53,080 - __main__ - INFO - The solution is infeasible
22:33:53,518 - __main__ - INFO - The solution is infeasible
22:33:53,518 - __main__ - INFO - Sample 3
Solution found proactively quantile
22:33:53,961 - __main__ - INFO - The solution is infeasible
22:33:54,399 - __main__ - INFO - The solution is infeasible
22:33:54,400 - __main__ - INFO - Sample 4
Solution found proactively quantile
22:33:54,839 - __main__ - INFO - The solution is infeasible
22:33:55,280 - __main__ - INFO - The solution is infeasible
22:33:55,280 - __main__ - INFO - Sample 5
Solution found proactively quantile
22:33:55,722 - __main__ - INFO - The solution is infeasible
22:33:56,161 - __main__ - INFO - The solution is infeasible
22:33:56,162 - __main__ - INFO - Sample 6
Solution found proactively quantile
22:33:56,596 - __main__ - INFO - The solution is infeasible
22:33:57,032 - __main__ - INFO - The solution is infeasible
22:33:57,032 - __main__ - INFO - Sample 7
Solution found proactively quantile
22:33:57,478 - __main__ - INFO - The solution is infeasible
22:33:57,927 - __main__ - INFO - The solution is infeasible
22:33:57,927 - __main__ - INFO - Sample 8
Solution found proactively quantile
22:33:58,374 - __main__ - INFO - The solution is infeasible
22:33:58,817 - __main__ - INFO - The solution is infeasible
22:33:58,817 - __main__ - INFO - Sample 9
Solution found proactively quantile
22:33:59,261 - __main__ - INFO - The solution is infeasible
22:33:59,695 - __main__ - INFO - The solution is infeasible
22:33:59,695 - __main__ - INFO - ---------------------------------j2046_8.mm---------------------------------
22:33:59,755 - __main__ - INFO - Sample 0
Solution found proactively quantile
22:33:59,952 - __main__ - INFO - The solution is infeasible
22:34:00,168 - __main__ - INFO - The solution is infeasible
22:34:00,169 - __main__ - INFO - Sample 1
Solution found proactively quantile
22:34:00,363 - __main__ - INFO - The solution is infeasible
22:34:00,578 - __main__ - INFO - The solution is infeasible
22:34:00,578 - __main__ - INFO - Sample 2
Solution found proactively quantile
22:34:00,771 - __main__ - INFO - The solution is infeasible
22:34:01,066 - __main__ - INFO - The solution is infeasible
22:34:01,067 - __main__ - INFO - Sample 3
Solution found proactively quantile
22:34:01,259 - __main__ - INFO - The solution is infeasible
22:34:01,474 - __main__ - INFO - The solution is infeasible
22:34:01,475 - __main__ - INFO - Sample 4
Solution found proactively quantile
22:34:01,669 - __main__ - INFO - The solution is infeasible
22:34:01,884 - __main__ - INFO - The solution is infeasible
22:34:01,884 - __main__ - INFO - Sample 5
Solution found proactively quantile
22:34:02,078 - __main__ - INFO - The solution is infeasible
22:34:02,294 - __main__ - INFO - The solution is infeasible
22:34:02,295 - __main__ - INFO - Sample 6
Solution found proactively quantile
22:34:02,490 - __main__ - INFO - The solution is infeasible
22:34:02,706 - __main__ - INFO - The solution is infeasible
22:34:02,706 - __main__ - INFO - Sample 7
Solution found proactively quantile
22:34:02,899 - __main__ - INFO - The solution is infeasible
22:34:03,114 - __main__ - INFO - The solution is infeasible
22:34:03,114 - __main__ - INFO - Sample 8
Solution found proactively quantile
22:34:03,312 - __main__ - INFO - The solution is infeasible
22:34:03,529 - __main__ - INFO - The solution is infeasible
22:34:03,529 - __main__ - INFO - Sample 9
Solution found proactively quantile
22:34:03,727 - __main__ - INFO - The solution is infeasible
22:34:03,943 - __main__ - INFO - The solution is infeasible
22:34:03,943 - __main__ - INFO - ---------------------------------j2055_5.mm---------------------------------
22:34:04,037 - __main__ - INFO - Sample 0
Solution found proactively quantile
Reached infeasible reactive
22:34:04,428 - __main__ - INFO - The solution is infeasible
22:34:04,428 - __main__ - INFO - Sample 1
Solution found proactively quantile
Reached infeasible reactive
22:34:04,743 - __main__ - INFO - The solution is infeasible
22:34:04,743 - __main__ - INFO - Sample 2
Solution found proactively quantile
Reached infeasible reactive
22:34:05,125 - __main__ - INFO - The solution is infeasible
22:34:05,125 - __main__ - INFO - Sample 3
Solution found proactively quantile
Reached infeasible reactive
22:34:05,503 - __main__ - INFO - The solution is infeasible
22:34:05,504 - __main__ - INFO - Sample 4
Solution found proactively quantile
Reached infeasible reactive
22:34:05,827 - __main__ - INFO - The solution is infeasible
22:34:05,827 - __main__ - INFO - Sample 5
Solution found proactively quantile
Reached infeasible reactive
22:34:06,235 - __main__ - INFO - The solution is infeasible
22:34:06,235 - __main__ - INFO - Sample 6
Solution found proactively quantile
Reached infeasible reactive
22:34:06,551 - __main__ - INFO - The solution is infeasible
22:34:06,552 - __main__ - INFO - Sample 7
Solution found proactively quantile
Reached infeasible reactive
22:34:06,945 - __main__ - INFO - The solution is infeasible
22:34:06,945 - __main__ - INFO - Sample 8
Solution found proactively quantile
Reached infeasible reactive
22:34:07,313 - __main__ - INFO - The solution is infeasible
22:34:07,313 - __main__ - INFO - Sample 9
Solution found proactively quantile
Reached infeasible reactive
22:34:07,748 - __main__ - INFO - The solution is infeasible
22:34:07,748 - __main__ - INFO - ---------------------------------j2064_8.mm---------------------------------
22:34:07,760 - __main__ - INFO - ---------------------------------j1026_2.mm---------------------------------
22:34:07,862 - __main__ - INFO - Sample 0
Solution found proactively quantile
Reached infeasible reactive
22:34:09,415 - __main__ - INFO - Sample 1
Solution found proactively quantile
Reached infeasible reactive
22:34:10,831 - __main__ - INFO - Sample 2
Solution found proactively quantile
Reached infeasible reactive
22:34:12,260 - __main__ - INFO - Sample 3
Solution found proactively quantile
Reached infeasible reactive
22:34:13,867 - __main__ - INFO - Sample 4
Solution found proactively quantile
Reached infeasible reactive
22:34:15,354 - __main__ - INFO - Sample 5
Solution found proactively quantile
Reached infeasible reactive
22:34:16,987 - __main__ - INFO - Sample 6
Solution found proactively quantile
Reached infeasible reactive
22:34:18,733 - __main__ - INFO - Sample 7
Solution found proactively quantile
22:34:21,019 - __main__ - INFO - Sample 8
Solution found proactively quantile
Reached infeasible reactive
22:34:22,674 - __main__ - INFO - Sample 9
Solution found proactively quantile
Reached infeasible reactive
22:34:24,190 - __main__ - INFO - ---------------------------------j1035_1.mm---------------------------------
22:34:24,262 - __main__ - INFO - Sample 0
Solution found proactively quantile
22:35:24,473 - __main__ - INFO - The solution is infeasible
22:35:24,559 - __main__ - INFO - The solution is infeasible
22:35:24,559 - __main__ - INFO - Sample 1
Solution found proactively quantile
22:36:24,690 - __main__ - INFO - The solution is infeasible
22:36:24,783 - __main__ - INFO - The solution is infeasible
22:36:24,783 - __main__ - INFO - Sample 2
Solution found proactively quantile
22:37:24,800 - __main__ - INFO - The solution is infeasible
22:37:24,888 - __main__ - INFO - The solution is infeasible
22:37:24,888 - __main__ - INFO - Sample 3
Solution found proactively quantile
22:38:24,947 - __main__ - INFO - The solution is infeasible
22:38:25,040 - __main__ - INFO - The solution is infeasible
22:38:25,040 - __main__ - INFO - Sample 4
Solution found proactively quantile
22:39:25,235 - __main__ - INFO - The solution is infeasible
22:39:25,321 - __main__ - INFO - The solution is infeasible
22:39:25,321 - __main__ - INFO - Sample 5
Solution found proactively quantile
22:40:25,516 - __main__ - INFO - The solution is infeasible
22:40:25,602 - __main__ - INFO - The solution is infeasible
22:40:25,602 - __main__ - INFO - Sample 6
Solution found proactively quantile
22:41:25,630 - __main__ - INFO - The solution is infeasible
22:41:25,717 - __main__ - INFO - The solution is infeasible
22:41:25,717 - __main__ - INFO - Sample 7
Solution found proactively quantile
22:42:25,775 - __main__ - INFO - The solution is infeasible
22:42:25,861 - __main__ - INFO - The solution is infeasible
22:42:25,862 - __main__ - INFO - Sample 8
Solution found proactively quantile
22:43:26,083 - __main__ - INFO - The solution is infeasible
22:43:26,169 - __main__ - INFO - The solution is infeasible
22:43:26,169 - __main__ - INFO - Sample 9
Solution found proactively quantile
22:44:26,376 - __main__ - INFO - The solution is infeasible
22:44:26,463 - __main__ - INFO - The solution is infeasible
22:44:26,463 - __main__ - INFO - ---------------------------------j1042_3.mm---------------------------------
22:44:26,704 - __main__ - INFO - Sample 0
Solution found proactively quantile
Reached infeasible reactive
22:44:30,773 - __main__ - INFO - Sample 1
Solution found proactively quantile
Reached infeasible reactive
22:44:32,247 - __main__ - INFO - Sample 2
Solution found proactively quantile
Reached infeasible reactive
22:44:33,694 - __main__ - INFO - Sample 3
Solution found proactively quantile
Reached infeasible reactive
22:44:34,980 - __main__ - INFO - Sample 4
Solution found proactively quantile
Reached infeasible reactive
22:44:36,262 - __main__ - INFO - Sample 5
Solution found proactively quantile
Reached infeasible reactive
22:44:37,594 - __main__ - INFO - Sample 6
Solution found proactively quantile
Reached infeasible reactive
22:44:39,193 - __main__ - INFO - Sample 7
Solution found proactively quantile
Reached infeasible reactive
22:44:40,509 - __main__ - INFO - Sample 8
Solution found proactively quantile
Reached infeasible reactive
22:44:41,924 - __main__ - INFO - Sample 9
Solution found proactively quantile
Reached infeasible reactive
22:44:43,159 - __main__ - INFO - ---------------------------------j1010_1.mm---------------------------------
22:44:43,225 - __main__ - INFO - Sample 0
Solution found proactively quantile
Reached infeasible reactive
22:44:44,857 - __main__ - INFO - Sample 1
Solution found proactively quantile
Reached infeasible reactive
22:44:46,245 - __main__ - INFO - Sample 2
Solution found proactively quantile
Reached infeasible reactive
22:44:47,836 - __main__ - INFO - Sample 3
Solution found proactively quantile
Reached infeasible reactive
22:44:49,252 - __main__ - INFO - Sample 4
Solution found proactively quantile
Reached infeasible reactive
22:44:50,908 - __main__ - INFO - Sample 5
Solution found proactively quantile
Reached infeasible reactive
22:44:52,412 - __main__ - INFO - Sample 6
Solution found proactively quantile
Reached infeasible reactive
22:44:53,739 - __main__ - INFO - Sample 7
Solution found proactively quantile
Reached infeasible reactive
22:44:55,335 - __main__ - INFO - Sample 8
Solution found proactively quantile
Reached infeasible reactive
22:44:56,648 - __main__ - INFO - Sample 9
Solution found proactively quantile
Reached infeasible reactive
22:44:58,290 - __main__ - INFO - ---------------------------------j1054_5.mm---------------------------------
22:44:58,423 - __main__ - INFO - Sample 0
Solution found proactively quantile
Reached infeasible reactive
22:44:59,955 - __main__ - INFO - Sample 1
Solution found proactively quantile
Reached infeasible reactive
22:45:01,376 - __main__ - INFO - Sample 2
Solution found proactively quantile
Reached infeasible reactive
22:45:03,002 - __main__ - INFO - Sample 3
Solution found proactively quantile
Reached infeasible reactive
22:45:04,660 - __main__ - INFO - Sample 4
Solution found proactively quantile
22:45:06,258 - __main__ - INFO - Sample 5
Solution found proactively quantile
Reached infeasible reactive
22:45:07,792 - __main__ - INFO - Sample 6
Solution found proactively quantile
Reached infeasible reactive
22:45:09,274 - __main__ - INFO - Sample 7
Solution found proactively quantile
Reached infeasible reactive
22:45:10,871 - __main__ - INFO - Sample 8
Solution found proactively quantile
Reached infeasible reactive
22:45:12,438 - __main__ - INFO - Sample 9
Solution found proactively quantile
Reached infeasible reactive
22:45:13,933 - __main__ - INFO - ---------------------------------j1048_3.mm---------------------------------
22:45:14,057 - __main__ - INFO - Sample 0
Solution found proactively quantile
Reached infeasible reactive
22:45:14,245 - __main__ - INFO - The solution is infeasible
22:45:14,246 - __main__ - INFO - Sample 1
Solution found proactively quantile
Reached infeasible reactive
22:45:14,448 - __main__ - INFO - The solution is infeasible
22:45:14,448 - __main__ - INFO - Sample 2
Solution found proactively quantile
Reached infeasible reactive
22:45:14,624 - __main__ - INFO - The solution is infeasible
22:45:14,624 - __main__ - INFO - Sample 3
Solution found proactively quantile
Reached infeasible reactive
22:45:14,880 - __main__ - INFO - The solution is infeasible
22:45:14,880 - __main__ - INFO - Sample 4
Solution found proactively quantile
Reached infeasible reactive
22:45:15,065 - __main__ - INFO - The solution is infeasible
22:45:15,065 - __main__ - INFO - Sample 5
Solution found proactively quantile
Reached infeasible reactive
22:45:15,263 - __main__ - INFO - The solution is infeasible
22:45:15,263 - __main__ - INFO - Sample 6
Solution found proactively quantile
Reached infeasible reactive
22:45:15,445 - __main__ - INFO - The solution is infeasible
22:45:15,445 - __main__ - INFO - Sample 7
Solution found proactively quantile
Reached infeasible reactive
22:45:15,665 - __main__ - INFO - The solution is infeasible
22:45:15,665 - __main__ - INFO - Sample 8
Solution found proactively quantile
Reached infeasible reactive
22:45:15,901 - __main__ - INFO - The solution is infeasible
22:45:15,901 - __main__ - INFO - Sample 9
Solution found proactively quantile
Reached infeasible reactive
22:45:16,088 - __main__ - INFO - The solution is infeasible
22:45:16,088 - __main__ - INFO - ---------------------------------j1014_3.mm---------------------------------
22:45:16,130 - __main__ - INFO - Sample 0
Solution found proactively quantile
Reached infeasible reactive
22:45:16,319 - __main__ - INFO - The solution is infeasible
22:45:16,319 - __main__ - INFO - Sample 1
Solution found proactively quantile
Reached infeasible reactive
22:45:16,511 - __main__ - INFO - The solution is infeasible
22:45:16,511 - __main__ - INFO - Sample 2
Solution found proactively quantile
Reached infeasible reactive
22:45:16,691 - __main__ - INFO - The solution is infeasible
22:45:16,691 - __main__ - INFO - Sample 3
Solution found proactively quantile
Reached infeasible reactive
22:45:17,233 - __main__ - INFO - The solution is infeasible
22:45:17,233 - __main__ - INFO - Sample 4
Solution found proactively quantile
Reached infeasible reactive
22:45:17,360 - __main__ - INFO - The solution is infeasible
22:45:17,360 - __main__ - INFO - Sample 5
Solution found proactively quantile
Reached infeasible reactive
22:45:17,487 - __main__ - INFO - The solution is infeasible
22:45:17,487 - __main__ - INFO - Sample 6
Solution found proactively quantile
Reached infeasible reactive
22:45:17,732 - __main__ - INFO - The solution is infeasible
22:45:17,732 - __main__ - INFO - Sample 7
Solution found proactively quantile
Reached infeasible reactive
22:45:17,860 - __main__ - INFO - The solution is infeasible
22:45:17,860 - __main__ - INFO - Sample 8
Solution found proactively quantile
Reached infeasible reactive
22:45:18,004 - __main__ - INFO - The solution is infeasible
22:45:18,004 - __main__ - INFO - Sample 9
Solution found proactively quantile
Reached infeasible reactive
22:45:18,140 - __main__ - INFO - The solution is infeasible
22:45:18,140 - __main__ - INFO - ---------------------------------j1021_6.mm---------------------------------
22:45:18,213 - __main__ - INFO - Sample 0
Solution found proactively quantile
Reached infeasible reactive
22:45:19,601 - __main__ - INFO - Sample 1
Solution found proactively quantile
Reached infeasible reactive
22:45:20,893 - __main__ - INFO - Sample 2
Solution found proactively quantile
Reached infeasible reactive
22:45:22,236 - __main__ - INFO - Sample 3
Solution found proactively quantile
Reached infeasible reactive
22:45:23,607 - __main__ - INFO - Sample 4
Solution found proactively quantile
Reached infeasible reactive
22:45:24,935 - __main__ - INFO - Sample 5
Solution found proactively quantile
Reached infeasible reactive
22:45:26,216 - __main__ - INFO - Sample 6
Solution found proactively quantile
Reached infeasible reactive
22:45:27,580 - __main__ - INFO - Sample 7
Solution found proactively quantile
Reached infeasible reactive
22:45:28,931 - __main__ - INFO - Sample 8
Solution found proactively quantile
Reached infeasible reactive
22:45:30,277 - __main__ - INFO - Sample 9
Solution found proactively quantile
Reached infeasible reactive
22:45:31,566 - __main__ - INFO - ---------------------------------j1023_5.mm---------------------------------
22:45:31,614 - __main__ - INFO - Sample 0
Solution found proactively quantile
Reached infeasible reactive
22:45:33,175 - __main__ - INFO - Sample 1
Solution found proactively quantile
Reached infeasible reactive
22:45:34,655 - __main__ - INFO - Sample 2
Solution found proactively quantile
Reached infeasible reactive
22:45:36,140 - __main__ - INFO - Sample 3
Solution found proactively quantile
Reached infeasible reactive
22:45:37,658 - __main__ - INFO - Sample 4
Solution found proactively quantile
Reached infeasible reactive
22:45:39,047 - __main__ - INFO - Sample 5
Solution found proactively quantile
Reached infeasible reactive
22:45:40,618 - __main__ - INFO - Sample 6
Solution found proactively quantile
22:45:42,261 - __main__ - INFO - Sample 7
Solution found proactively quantile
Reached infeasible reactive
22:45:43,723 - __main__ - INFO - Sample 8
Solution found proactively quantile
Reached infeasible reactive
22:45:45,215 - __main__ - INFO - Sample 9
Solution found proactively quantile
Reached infeasible reactive
22:45:46,564 - __main__ - INFO - ---------------------------------j1045_1.mm---------------------------------
22:45:46,634 - __main__ - INFO - Sample 0
Solution found proactively quantile
22:45:46,786 - __main__ - INFO - The solution is infeasible
22:45:46,964 - __main__ - INFO - The solution is infeasible
22:45:46,964 - __main__ - INFO - Sample 1
Solution found proactively quantile
22:45:47,195 - __main__ - INFO - The solution is infeasible
22:45:47,379 - __main__ - INFO - The solution is infeasible
22:45:47,379 - __main__ - INFO - Sample 2
Solution found proactively quantile
22:45:47,532 - __main__ - INFO - The solution is infeasible
22:45:47,711 - __main__ - INFO - The solution is infeasible
22:45:47,711 - __main__ - INFO - Sample 3
Solution found proactively quantile
22:45:47,861 - __main__ - INFO - The solution is infeasible
22:45:48,043 - __main__ - INFO - The solution is infeasible
22:45:48,043 - __main__ - INFO - Sample 4
Solution found proactively quantile
22:45:48,196 - __main__ - INFO - The solution is infeasible
22:45:48,378 - __main__ - INFO - The solution is infeasible
22:45:48,378 - __main__ - INFO - Sample 5
Solution found proactively quantile
22:45:48,527 - __main__ - INFO - The solution is infeasible
22:45:48,706 - __main__ - INFO - The solution is infeasible
22:45:48,706 - __main__ - INFO - Sample 6
Solution found proactively quantile
22:45:48,856 - __main__ - INFO - The solution is infeasible
22:45:49,038 - __main__ - INFO - The solution is infeasible
22:45:49,038 - __main__ - INFO - Sample 7
Solution found proactively quantile
22:45:49,188 - __main__ - INFO - The solution is infeasible
22:45:49,365 - __main__ - INFO - The solution is infeasible
22:45:49,366 - __main__ - INFO - Sample 8
Solution found proactively quantile
22:45:49,515 - __main__ - INFO - The solution is infeasible
22:45:49,694 - __main__ - INFO - The solution is infeasible
22:45:49,694 - __main__ - INFO - Sample 9
Solution found proactively quantile
22:45:49,844 - __main__ - INFO - The solution is infeasible
22:45:50,024 - __main__ - INFO - The solution is infeasible
22:45:50,025 - __main__ - INFO - ---------------------------------j1026_10.mm---------------------------------
22:45:50,054 - __main__ - INFO - Sample 0
Solution found proactively quantile
22:45:50,153 - __main__ - INFO - The solution is infeasible
22:45:50,255 - __main__ - INFO - The solution is infeasible
22:45:50,255 - __main__ - INFO - Sample 1
Solution found proactively quantile
22:45:50,355 - __main__ - INFO - The solution is infeasible
22:45:50,456 - __main__ - INFO - The solution is infeasible
22:45:50,456 - __main__ - INFO - Sample 2
Solution found proactively quantile
22:45:50,555 - __main__ - INFO - The solution is infeasible
22:45:50,658 - __main__ - INFO - The solution is infeasible
22:45:50,658 - __main__ - INFO - Sample 3
Solution found proactively quantile
22:45:50,758 - __main__ - INFO - The solution is infeasible
22:45:50,860 - __main__ - INFO - The solution is infeasible
22:45:50,860 - __main__ - INFO - Sample 4
Solution found proactively quantile
22:45:50,961 - __main__ - INFO - The solution is infeasible
22:45:51,064 - __main__ - INFO - The solution is infeasible
22:45:51,064 - __main__ - INFO - Sample 5
Solution found proactively quantile
22:45:51,163 - __main__ - INFO - The solution is infeasible
22:45:51,265 - __main__ - INFO - The solution is infeasible
22:45:51,266 - __main__ - INFO - Sample 6
Solution found proactively quantile
22:45:51,365 - __main__ - INFO - The solution is infeasible
22:45:51,467 - __main__ - INFO - The solution is infeasible
22:45:51,467 - __main__ - INFO - Sample 7
Solution found proactively quantile
22:45:51,566 - __main__ - INFO - The solution is infeasible
22:45:51,668 - __main__ - INFO - The solution is infeasible
22:45:51,668 - __main__ - INFO - Sample 8
Solution found proactively quantile
22:45:51,769 - __main__ - INFO - The solution is infeasible
22:45:51,871 - __main__ - INFO - The solution is infeasible
22:45:51,871 - __main__ - INFO - Sample 9
Solution found proactively quantile
22:45:51,970 - __main__ - INFO - The solution is infeasible
22:45:52,074 - __main__ - INFO - The solution is infeasible
22:45:52,074 - __main__ - INFO - ---------------------------------j1016_3.mm---------------------------------
22:45:52,219 - __main__ - INFO - Sample 0
Solution found proactively quantile
Reached infeasible reactive
22:45:52,343 - __main__ - INFO - The solution is infeasible
22:45:52,344 - __main__ - INFO - Sample 1
Solution found proactively quantile
Reached infeasible reactive
22:45:52,479 - __main__ - INFO - The solution is infeasible
22:45:52,479 - __main__ - INFO - Sample 2
Solution found proactively quantile
Reached infeasible reactive
22:45:52,603 - __main__ - INFO - The solution is infeasible
22:45:52,603 - __main__ - INFO - Sample 3
Solution found proactively quantile
Reached infeasible reactive
22:45:52,707 - __main__ - INFO - The solution is infeasible
22:45:52,707 - __main__ - INFO - Sample 4
Solution found proactively quantile
Reached infeasible reactive
22:45:52,872 - __main__ - INFO - The solution is infeasible
22:45:52,873 - __main__ - INFO - Sample 5
Solution found proactively quantile
Reached infeasible reactive
22:45:52,983 - __main__ - INFO - The solution is infeasible
22:45:52,983 - __main__ - INFO - Sample 6
Solution found proactively quantile
Reached infeasible reactive
22:45:53,117 - __main__ - INFO - The solution is infeasible
22:45:53,118 - __main__ - INFO - Sample 7
Solution found proactively quantile
Reached infeasible reactive
22:45:53,251 - __main__ - INFO - The solution is infeasible
22:45:53,251 - __main__ - INFO - Sample 8
Solution found proactively quantile
Reached infeasible reactive
22:45:53,356 - __main__ - INFO - The solution is infeasible
22:45:53,357 - __main__ - INFO - Sample 9
Solution found proactively quantile
Reached infeasible reactive
22:45:53,498 - __main__ - INFO - The solution is infeasible
22:45:53,498 - __main__ - INFO - ---------------------------------j102_5.mm---------------------------------
22:45:53,558 - __main__ - INFO - Sample 0
Solution found proactively quantile
Reached infeasible reactive
22:45:55,232 - __main__ - INFO - Sample 1
Solution found proactively quantile
Reached infeasible reactive
22:45:56,948 - __main__ - INFO - Sample 2
Solution found proactively quantile
Reached infeasible reactive
22:45:58,751 - __main__ - INFO - Sample 3
Solution found proactively quantile
Reached infeasible reactive
22:46:00,635 - __main__ - INFO - Sample 4
Solution found proactively quantile
Reached infeasible reactive
22:46:02,436 - __main__ - INFO - Sample 5
Solution found proactively quantile
Reached infeasible reactive
22:46:04,073 - __main__ - INFO - Sample 6
Solution found proactively quantile
Reached infeasible reactive
22:46:05,896 - __main__ - INFO - Sample 7
Solution found proactively quantile
Reached infeasible reactive
22:46:07,696 - __main__ - INFO - Sample 8
Solution found proactively quantile
Reached infeasible reactive
22:46:09,591 - __main__ - INFO - Sample 9
Solution found proactively quantile
Reached infeasible reactive
22:46:11,074 - __main__ - INFO - ---------------------------------j1064_5.mm---------------------------------
22:46:11,171 - __main__ - INFO - Sample 0
Solution found proactively quantile
Reached infeasible reactive
22:46:11,348 - __main__ - INFO - The solution is infeasible
22:46:11,349 - __main__ - INFO - Sample 1
Solution found proactively quantile
Reached infeasible reactive
22:46:11,507 - __main__ - INFO - The solution is infeasible
22:46:11,507 - __main__ - INFO - Sample 2
Solution found proactively quantile
Reached infeasible reactive
22:46:11,751 - __main__ - INFO - The solution is infeasible
22:46:11,751 - __main__ - INFO - Sample 3
Solution found proactively quantile
Reached infeasible reactive
22:46:11,904 - __main__ - INFO - The solution is infeasible
22:46:11,904 - __main__ - INFO - Sample 4
Solution found proactively quantile
Reached infeasible reactive
22:46:12,074 - __main__ - INFO - The solution is infeasible
22:46:12,075 - __main__ - INFO - Sample 5
Solution found proactively quantile
Reached infeasible reactive
22:46:12,355 - __main__ - INFO - The solution is infeasible
22:46:12,355 - __main__ - INFO - Sample 6
Solution found proactively quantile
Reached infeasible reactive
22:46:12,511 - __main__ - INFO - The solution is infeasible
22:46:12,511 - __main__ - INFO - Sample 7
Solution found proactively quantile
Reached infeasible reactive
22:46:12,664 - __main__ - INFO - The solution is infeasible
22:46:12,664 - __main__ - INFO - Sample 8
Solution found proactively quantile
Reached infeasible reactive
22:46:12,817 - __main__ - INFO - The solution is infeasible
22:46:12,817 - __main__ - INFO - Sample 9
Solution found proactively quantile
Reached infeasible reactive
22:46:12,987 - __main__ - INFO - The solution is infeasible
22:46:12,987 - __main__ - INFO - ---------------------------------j104_10.mm---------------------------------
22:46:13,051 - __main__ - INFO - Sample 0
Solution found proactively quantile
22:46:13,211 - __main__ - INFO - The solution is infeasible
22:46:13,380 - __main__ - INFO - The solution is infeasible
22:46:13,380 - __main__ - INFO - Sample 1
Solution found proactively quantile
22:46:13,536 - __main__ - INFO - The solution is infeasible
22:46:13,707 - __main__ - INFO - The solution is infeasible
22:46:13,707 - __main__ - INFO - Sample 2
Solution found proactively quantile
22:46:13,961 - __main__ - INFO - The solution is infeasible
22:46:14,135 - __main__ - INFO - The solution is infeasible
22:46:14,135 - __main__ - INFO - Sample 3
Solution found proactively quantile
22:46:14,293 - __main__ - INFO - The solution is infeasible
22:46:14,463 - __main__ - INFO - The solution is infeasible
22:46:14,464 - __main__ - INFO - Sample 4
Solution found proactively quantile
22:46:14,622 - __main__ - INFO - The solution is infeasible
22:46:14,792 - __main__ - INFO - The solution is infeasible
22:46:14,793 - __main__ - INFO - Sample 5
Solution found proactively quantile
22:46:14,949 - __main__ - INFO - The solution is infeasible
22:46:15,119 - __main__ - INFO - The solution is infeasible
22:46:15,119 - __main__ - INFO - Sample 6
Solution found proactively quantile
22:46:15,279 - __main__ - INFO - The solution is infeasible
22:46:15,448 - __main__ - INFO - The solution is infeasible
22:46:15,448 - __main__ - INFO - Sample 7
Solution found proactively quantile
22:46:15,607 - __main__ - INFO - The solution is infeasible
22:46:15,775 - __main__ - INFO - The solution is infeasible
22:46:15,775 - __main__ - INFO - Sample 8
Solution found proactively quantile
22:46:15,932 - __main__ - INFO - The solution is infeasible
22:46:16,102 - __main__ - INFO - The solution is infeasible
22:46:16,102 - __main__ - INFO - Sample 9
Solution found proactively quantile
22:46:16,260 - __main__ - INFO - The solution is infeasible
22:46:16,426 - __main__ - INFO - The solution is infeasible
22:46:16,426 - __main__ - INFO - ---------------------------------j1059_5.mm---------------------------------
22:46:16,860 - __main__ - INFO - Sample 0
Solution found proactively quantile
Reached infeasible reactive
22:46:18,340 - __main__ - INFO - Sample 1
Solution found proactively quantile
Reached infeasible reactive
22:46:19,869 - __main__ - INFO - Sample 2
Solution found proactively quantile
Reached infeasible reactive
22:46:21,672 - __main__ - INFO - Sample 3
Solution found proactively quantile
Reached infeasible reactive
22:46:23,182 - __main__ - INFO - Sample 4
Solution found proactively quantile
Reached infeasible reactive
22:46:24,560 - __main__ - INFO - Sample 5
Solution found proactively quantile
Reached infeasible reactive
22:46:25,999 - __main__ - INFO - Sample 6
Solution found proactively quantile
Reached infeasible reactive
22:46:27,277 - __main__ - INFO - Sample 7
Solution found proactively quantile
Reached infeasible reactive
22:46:28,731 - __main__ - INFO - Sample 8
Solution found proactively quantile
Reached infeasible reactive
22:46:30,065 - __main__ - INFO - Sample 9
Solution found proactively quantile
Reached infeasible reactive
22:46:31,507 - __main__ - INFO - ---------------------------------j1047_2.mm---------------------------------
22:46:31,590 - __main__ - INFO - Sample 0
Solution found proactively quantile
Reached infeasible reactive
22:46:33,210 - __main__ - INFO - Sample 1
Solution found proactively quantile
Reached infeasible reactive
22:46:34,747 - __main__ - INFO - Sample 2
Solution found proactively quantile
Reached infeasible reactive
22:46:36,378 - __main__ - INFO - Sample 3
Solution found proactively quantile
Reached infeasible reactive
22:46:37,769 - __main__ - INFO - Sample 4
Solution found proactively quantile
Reached infeasible reactive
22:46:39,283 - __main__ - INFO - Sample 5
Solution found proactively quantile
Reached infeasible reactive
22:46:40,829 - __main__ - INFO - Sample 6
Solution found proactively quantile
Reached infeasible reactive
22:46:42,413 - __main__ - INFO - Sample 7
Solution found proactively quantile
Reached infeasible reactive
22:46:44,097 - __main__ - INFO - Sample 8
Solution found proactively quantile
Reached infeasible reactive
22:46:45,589 - __main__ - INFO - Sample 9
Solution found proactively quantile
Reached infeasible reactive
22:46:47,152 - __main__ - INFO - ---------------------------------j1054_1.mm---------------------------------
22:46:47,226 - __main__ - INFO - Sample 0
Solution found proactively quantile
22:46:47,336 - __main__ - INFO - The solution is infeasible
22:46:47,445 - __main__ - INFO - The solution is infeasible
22:46:47,446 - __main__ - INFO - Sample 1
Solution found proactively quantile
22:46:47,557 - __main__ - INFO - The solution is infeasible
22:46:47,666 - __main__ - INFO - The solution is infeasible
22:46:47,666 - __main__ - INFO - Sample 2
Solution found proactively quantile
22:46:47,773 - __main__ - INFO - The solution is infeasible
22:46:47,882 - __main__ - INFO - The solution is infeasible
22:46:47,883 - __main__ - INFO - Sample 3
Solution found proactively quantile
22:46:47,992 - __main__ - INFO - The solution is infeasible
22:46:48,101 - __main__ - INFO - The solution is infeasible
22:46:48,101 - __main__ - INFO - Sample 4
Solution found proactively quantile
22:46:48,212 - __main__ - INFO - The solution is infeasible
22:46:48,322 - __main__ - INFO - The solution is infeasible
22:46:48,322 - __main__ - INFO - Sample 5
Solution found proactively quantile
22:46:48,430 - __main__ - INFO - The solution is infeasible
22:46:48,540 - __main__ - INFO - The solution is infeasible
22:46:48,540 - __main__ - INFO - Sample 6
Solution found proactively quantile
22:46:48,650 - __main__ - INFO - The solution is infeasible
22:46:48,761 - __main__ - INFO - The solution is infeasible
22:46:48,762 - __main__ - INFO - Sample 7
Solution found proactively quantile
22:46:48,869 - __main__ - INFO - The solution is infeasible
22:46:48,979 - __main__ - INFO - The solution is infeasible
22:46:48,979 - __main__ - INFO - Sample 8
Solution found proactively quantile
22:46:49,087 - __main__ - INFO - The solution is infeasible
22:46:49,197 - __main__ - INFO - The solution is infeasible
22:46:49,197 - __main__ - INFO - Sample 9
Solution found proactively quantile
22:46:49,305 - __main__ - INFO - The solution is infeasible
22:46:49,414 - __main__ - INFO - The solution is infeasible
22:46:49,414 - __main__ - INFO - ---------------------------------j1060_9.mm---------------------------------
22:46:49,496 - __main__ - INFO - Sample 0
Solution found proactively quantile
Reached infeasible reactive
22:46:50,963 - __main__ - INFO - Sample 1
Solution found proactively quantile
22:46:52,388 - __main__ - INFO - Sample 2
Solution found proactively quantile
Reached infeasible reactive
22:46:53,985 - __main__ - INFO - Sample 3
Solution found proactively quantile
Reached infeasible reactive
22:46:55,408 - __main__ - INFO - Sample 4
Solution found proactively quantile
Reached infeasible reactive
22:46:56,919 - __main__ - INFO - Sample 5
Solution found proactively quantile
Reached infeasible reactive
22:46:58,208 - __main__ - INFO - Sample 6
Solution found proactively quantile
Reached infeasible reactive
22:46:59,596 - __main__ - INFO - Sample 7
Solution found proactively quantile
Reached infeasible reactive
22:47:00,996 - __main__ - INFO - Sample 8
Solution found proactively quantile
Reached infeasible reactive
22:47:02,557 - __main__ - INFO - Sample 9
Solution found proactively quantile
Reached infeasible reactive
22:47:03,938 - __main__ - INFO - ---------------------------------j1015_10.mm---------------------------------
22:47:03,991 - __main__ - INFO - Sample 0
Solution found proactively quantile
Reached infeasible reactive
22:47:05,549 - __main__ - INFO - Sample 1
Solution found proactively quantile
Reached infeasible reactive
22:47:07,039 - __main__ - INFO - Sample 2
Solution found proactively quantile
Reached infeasible reactive
22:47:08,606 - __main__ - INFO - Sample 3
Solution found proactively quantile
Reached infeasible reactive
22:47:10,131 - __main__ - INFO - Sample 4
Solution found proactively quantile
Reached infeasible reactive
22:47:11,635 - __main__ - INFO - Sample 5
Solution found proactively quantile
Reached infeasible reactive
22:47:13,277 - __main__ - INFO - Sample 6
Solution found proactively quantile
Reached infeasible reactive
22:47:14,725 - __main__ - INFO - Sample 7
Solution found proactively quantile
Reached infeasible reactive
22:47:16,254 - __main__ - INFO - Sample 8
Solution found proactively quantile
Reached infeasible reactive
22:47:17,826 - __main__ - INFO - Sample 9
Solution found proactively quantile
Reached infeasible reactive
22:47:19,240 - __main__ - INFO - ---------------------------------j1062_10.mm---------------------------------
22:47:19,295 - __main__ - INFO - Sample 0
Solution found proactively quantile
Reached infeasible reactive
22:47:19,513 - __main__ - INFO - The solution is infeasible
22:47:19,513 - __main__ - INFO - Sample 1
Solution found proactively quantile
22:47:19,797 - __main__ - INFO - The solution is infeasible
22:47:19,797 - __main__ - INFO - Sample 2
Solution found proactively quantile
Reached infeasible reactive
22:47:20,017 - __main__ - INFO - The solution is infeasible
22:47:20,017 - __main__ - INFO - Sample 3
Solution found proactively quantile
Reached infeasible reactive
22:47:20,188 - __main__ - INFO - The solution is infeasible
22:47:20,188 - __main__ - INFO - Sample 4
Solution found proactively quantile
Reached infeasible reactive
22:47:20,385 - __main__ - INFO - The solution is infeasible
22:47:20,385 - __main__ - INFO - Sample 5
Solution found proactively quantile
Reached infeasible reactive
22:47:20,539 - __main__ - INFO - The solution is infeasible
22:47:20,539 - __main__ - INFO - Sample 6
Solution found proactively quantile
Reached infeasible reactive
22:47:20,697 - __main__ - INFO - The solution is infeasible
22:47:20,697 - __main__ - INFO - Sample 7
Solution found proactively quantile
Reached infeasible reactive
22:47:20,863 - __main__ - INFO - The solution is infeasible
22:47:20,863 - __main__ - INFO - Sample 8
Solution found proactively quantile
Reached infeasible reactive
22:47:21,146 - __main__ - INFO - The solution is infeasible
22:47:21,146 - __main__ - INFO - Sample 9
Solution found proactively quantile
Reached infeasible reactive
22:47:21,375 - __main__ - INFO - The solution is infeasible
22:47:21,376 - __main__ - INFO - ---------------------------------j1058_7.mm---------------------------------
22:47:21,426 - __main__ - INFO - Sample 0
Solution found proactively quantile
Reached infeasible reactive
22:47:22,845 - __main__ - INFO - Sample 1
Solution found proactively quantile
Reached infeasible reactive
22:47:24,476 - __main__ - INFO - Sample 2
Solution found proactively quantile
Reached infeasible reactive
22:47:25,919 - __main__ - INFO - Sample 3
Solution found proactively quantile
Reached infeasible reactive
22:47:27,459 - __main__ - INFO - Sample 4
Solution found proactively quantile
Reached infeasible reactive
22:47:28,850 - __main__ - INFO - Sample 5
Solution found proactively quantile
Reached infeasible reactive
22:47:30,329 - __main__ - INFO - Sample 6
Solution found proactively quantile
Reached infeasible reactive
22:47:31,758 - __main__ - INFO - Sample 7
Solution found proactively quantile
Reached infeasible reactive
22:47:33,405 - __main__ - INFO - Sample 8
Solution found proactively quantile
Reached infeasible reactive
22:47:34,914 - __main__ - INFO - Sample 9
Solution found proactively quantile
Reached infeasible reactive
22:47:36,313 - __main__ - INFO - ---------------------------------j1032_1.mm---------------------------------
22:47:36,356 - __main__ - INFO - Sample 0
Solution found proactively quantile
22:47:36,441 - __main__ - INFO - The solution is infeasible
22:47:36,644 - __main__ - INFO - The solution is infeasible
22:47:36,644 - __main__ - INFO - Sample 1
Solution found proactively quantile
22:47:36,731 - __main__ - INFO - The solution is infeasible
22:47:36,932 - __main__ - INFO - The solution is infeasible
22:47:36,932 - __main__ - INFO - Sample 2
Solution found proactively quantile
22:47:37,015 - __main__ - INFO - The solution is infeasible
22:47:37,218 - __main__ - INFO - The solution is infeasible
22:47:37,219 - __main__ - INFO - Sample 3
Solution found proactively quantile
22:47:37,304 - __main__ - INFO - The solution is infeasible
22:47:37,505 - __main__ - INFO - The solution is infeasible
22:47:37,505 - __main__ - INFO - Sample 4
Solution found proactively quantile
22:47:37,588 - __main__ - INFO - The solution is infeasible
22:47:37,788 - __main__ - INFO - The solution is infeasible
22:47:37,789 - __main__ - INFO - Sample 5
Solution found proactively quantile
22:47:37,874 - __main__ - INFO - The solution is infeasible
22:47:38,076 - __main__ - INFO - The solution is infeasible
22:47:38,076 - __main__ - INFO - Sample 6
Solution found proactively quantile
22:47:38,160 - __main__ - INFO - The solution is infeasible
22:47:38,365 - __main__ - INFO - The solution is infeasible
22:47:38,365 - __main__ - INFO - Sample 7
Solution found proactively quantile
22:47:38,450 - __main__ - INFO - The solution is infeasible
22:47:38,651 - __main__ - INFO - The solution is infeasible
22:47:38,651 - __main__ - INFO - Sample 8
Solution found proactively quantile
22:47:38,735 - __main__ - INFO - The solution is infeasible
22:47:38,934 - __main__ - INFO - The solution is infeasible
22:47:38,934 - __main__ - INFO - Sample 9
Solution found proactively quantile
22:47:39,018 - __main__ - INFO - The solution is infeasible
22:47:39,217 - __main__ - INFO - The solution is infeasible
22:47:39,217 - __main__ - INFO - ---------------------------------j1038_8.mm---------------------------------
22:47:39,356 - __main__ - INFO - Sample 0
Solution found proactively quantile
22:47:39,487 - __main__ - INFO - The solution is infeasible
22:47:39,641 - __main__ - INFO - The solution is infeasible
22:47:39,641 - __main__ - INFO - Sample 1
Solution found proactively quantile
22:47:39,772 - __main__ - INFO - The solution is infeasible
22:47:39,927 - __main__ - INFO - The solution is infeasible
22:47:39,927 - __main__ - INFO - Sample 2
Solution found proactively quantile
22:47:40,058 - __main__ - INFO - The solution is infeasible
22:47:40,215 - __main__ - INFO - The solution is infeasible
22:47:40,215 - __main__ - INFO - Sample 3
Solution found proactively quantile
22:47:40,441 - __main__ - INFO - The solution is infeasible
22:47:40,600 - __main__ - INFO - The solution is infeasible
22:47:40,600 - __main__ - INFO - Sample 4
Solution found proactively quantile
22:47:40,731 - __main__ - INFO - The solution is infeasible
22:47:40,887 - __main__ - INFO - The solution is infeasible
22:47:40,887 - __main__ - INFO - Sample 5
Solution found proactively quantile
22:47:41,020 - __main__ - INFO - The solution is infeasible
22:47:41,176 - __main__ - INFO - The solution is infeasible
22:47:41,176 - __main__ - INFO - Sample 6
Solution found proactively quantile
22:47:41,310 - __main__ - INFO - The solution is infeasible
22:47:41,465 - __main__ - INFO - The solution is infeasible
22:47:41,465 - __main__ - INFO - Sample 7
Solution found proactively quantile
22:47:41,595 - __main__ - INFO - The solution is infeasible
22:47:41,751 - __main__ - INFO - The solution is infeasible
22:47:41,751 - __main__ - INFO - Sample 8
Solution found proactively quantile
22:47:41,881 - __main__ - INFO - The solution is infeasible
22:47:42,037 - __main__ - INFO - The solution is infeasible
22:47:42,037 - __main__ - INFO - Sample 9
Solution found proactively quantile
22:47:42,168 - __main__ - INFO - The solution is infeasible
22:47:42,326 - __main__ - INFO - The solution is infeasible
22:47:42,326 - __main__ - INFO - ---------------------------------j1051_6.mm---------------------------------
22:47:42,359 - __main__ - INFO - Sample 0
Solution found proactively quantile
Reached infeasible reactive
22:47:43,748 - __main__ - INFO - Sample 1
Solution found proactively quantile
Reached infeasible reactive
22:47:45,014 - __main__ - INFO - Sample 2
Solution found proactively quantile
Reached infeasible reactive
22:47:46,338 - __main__ - INFO - Sample 3
Solution found proactively quantile
Reached infeasible reactive
22:47:47,550 - __main__ - INFO - Sample 4
Solution found proactively quantile
Reached infeasible reactive
22:47:48,810 - __main__ - INFO - Sample 5
Solution found proactively quantile
Reached infeasible reactive
22:47:50,147 - __main__ - INFO - Sample 6
Solution found proactively quantile
Reached infeasible reactive
22:47:51,401 - __main__ - INFO - Sample 7
Solution found proactively quantile
Reached infeasible reactive
22:47:52,628 - __main__ - INFO - Sample 8
Solution found proactively quantile
Reached infeasible reactive
22:47:53,867 - __main__ - INFO - Sample 9
Solution found proactively quantile
Reached infeasible reactive
22:47:55,090 - __main__ - INFO - ---------------------------------j1024_10.mm---------------------------------
22:47:55,145 - __main__ - INFO - Sample 0
Solution found proactively quantile
22:47:55,380 - __main__ - INFO - The solution is infeasible
22:47:55,590 - __main__ - INFO - The solution is infeasible
22:47:55,590 - __main__ - INFO - Sample 1
Solution found proactively quantile
22:47:55,716 - __main__ - INFO - The solution is infeasible
22:47:55,927 - __main__ - INFO - The solution is infeasible
22:47:55,927 - __main__ - INFO - Sample 2
Solution found proactively quantile
22:47:56,053 - __main__ - INFO - The solution is infeasible
22:47:56,260 - __main__ - INFO - The solution is infeasible
22:47:56,260 - __main__ - INFO - Sample 3
Solution found proactively quantile
22:47:56,386 - __main__ - INFO - The solution is infeasible
22:47:56,592 - __main__ - INFO - The solution is infeasible
22:47:56,593 - __main__ - INFO - Sample 4
Solution found proactively quantile
22:47:56,719 - __main__ - INFO - The solution is infeasible
22:47:56,927 - __main__ - INFO - The solution is infeasible
22:47:56,927 - __main__ - INFO - Sample 5
Solution found proactively quantile
22:47:57,055 - __main__ - INFO - The solution is infeasible
22:47:57,263 - __main__ - INFO - The solution is infeasible
22:47:57,263 - __main__ - INFO - Sample 6
Solution found proactively quantile
22:47:57,389 - __main__ - INFO - The solution is infeasible
22:47:57,600 - __main__ - INFO - The solution is infeasible
22:47:57,600 - __main__ - INFO - Sample 7
Solution found proactively quantile
22:47:57,726 - __main__ - INFO - The solution is infeasible
22:47:57,933 - __main__ - INFO - The solution is infeasible
22:47:57,933 - __main__ - INFO - Sample 8
Solution found proactively quantile
22:47:58,061 - __main__ - INFO - The solution is infeasible
22:47:58,269 - __main__ - INFO - The solution is infeasible
22:47:58,269 - __main__ - INFO - Sample 9
Solution found proactively quantile
22:47:58,397 - __main__ - INFO - The solution is infeasible
22:47:58,603 - __main__ - INFO - The solution is infeasible
22:47:58,603 - __main__ - INFO - ---------------------------------j1063_5.mm---------------------------------
22:47:58,669 - __main__ - INFO - Sample 0
Solution found proactively quantile
22:47:58,737 - __main__ - INFO - The solution is infeasible
22:47:58,876 - __main__ - INFO - The solution is infeasible
22:47:58,876 - __main__ - INFO - Sample 1
Solution found proactively quantile
22:47:58,943 - __main__ - INFO - The solution is infeasible
22:47:59,081 - __main__ - INFO - The solution is infeasible
22:47:59,082 - __main__ - INFO - Sample 2
Solution found proactively quantile
22:47:59,149 - __main__ - INFO - The solution is infeasible
22:47:59,288 - __main__ - INFO - The solution is infeasible
22:47:59,288 - __main__ - INFO - Sample 3
Solution found proactively quantile
22:47:59,354 - __main__ - INFO - The solution is infeasible
22:47:59,495 - __main__ - INFO - The solution is infeasible
22:47:59,495 - __main__ - INFO - Sample 4
Solution found proactively quantile
22:47:59,563 - __main__ - INFO - The solution is infeasible
22:47:59,702 - __main__ - INFO - The solution is infeasible
22:47:59,702 - __main__ - INFO - Sample 5
Solution found proactively quantile
22:47:59,769 - __main__ - INFO - The solution is infeasible
22:47:59,907 - __main__ - INFO - The solution is infeasible
22:47:59,908 - __main__ - INFO - Sample 6
Solution found proactively quantile
22:47:59,975 - __main__ - INFO - The solution is infeasible
22:48:00,115 - __main__ - INFO - The solution is infeasible
22:48:00,115 - __main__ - INFO - Sample 7
Solution found proactively quantile
22:48:00,183 - __main__ - INFO - The solution is infeasible
22:48:00,321 - __main__ - INFO - The solution is infeasible
22:48:00,322 - __main__ - INFO - Sample 8
Solution found proactively quantile
22:48:00,388 - __main__ - INFO - The solution is infeasible
22:48:00,528 - __main__ - INFO - The solution is infeasible
22:48:00,528 - __main__ - INFO - Sample 9
Solution found proactively quantile
22:48:00,596 - __main__ - INFO - The solution is infeasible
22:48:00,734 - __main__ - INFO - The solution is infeasible
22:48:00,735 - __main__ - INFO - ---------------------------------j103_6.mm---------------------------------
22:48:00,792 - __main__ - INFO - Sample 0
Solution found proactively quantile
22:48:00,870 - __main__ - INFO - The solution is infeasible
22:48:01,017 - __main__ - INFO - The solution is infeasible
22:48:01,017 - __main__ - INFO - Sample 1
Solution found proactively quantile
22:48:01,094 - __main__ - INFO - The solution is infeasible
22:48:01,241 - __main__ - INFO - The solution is infeasible
22:48:01,241 - __main__ - INFO - Sample 2
Solution found proactively quantile
22:48:01,318 - __main__ - INFO - The solution is infeasible
22:48:01,467 - __main__ - INFO - The solution is infeasible
22:48:01,467 - __main__ - INFO - Sample 3
Solution found proactively quantile
22:48:01,543 - __main__ - INFO - The solution is infeasible
22:48:01,690 - __main__ - INFO - The solution is infeasible
22:48:01,690 - __main__ - INFO - Sample 4
Solution found proactively quantile
22:48:01,768 - __main__ - INFO - The solution is infeasible
22:48:01,915 - __main__ - INFO - The solution is infeasible
22:48:01,915 - __main__ - INFO - Sample 5
Solution found proactively quantile
22:48:01,993 - __main__ - INFO - The solution is infeasible
22:48:02,138 - __main__ - INFO - The solution is infeasible
22:48:02,139 - __main__ - INFO - Sample 6
Solution found proactively quantile
22:48:02,216 - __main__ - INFO - The solution is infeasible
22:48:02,364 - __main__ - INFO - The solution is infeasible
22:48:02,364 - __main__ - INFO - Sample 7
Solution found proactively quantile
22:48:02,442 - __main__ - INFO - The solution is infeasible
22:48:02,589 - __main__ - INFO - The solution is infeasible
22:48:02,589 - __main__ - INFO - Sample 8
Solution found proactively quantile
22:48:02,666 - __main__ - INFO - The solution is infeasible
22:48:02,812 - __main__ - INFO - The solution is infeasible
22:48:02,812 - __main__ - INFO - Sample 9
Solution found proactively quantile
22:48:02,890 - __main__ - INFO - The solution is infeasible
22:48:03,040 - __main__ - INFO - The solution is infeasible
22:48:03,040 - __main__ - INFO - ---------------------------------j1027_7.mm---------------------------------
22:48:03,116 - __main__ - INFO - Sample 0
Solution found proactively quantile
Reached infeasible reactive
22:48:04,750 - __main__ - INFO - Sample 1
Solution found proactively quantile
Reached infeasible reactive
22:48:06,189 - __main__ - INFO - Sample 2
Solution found proactively quantile
Reached infeasible reactive
22:48:07,680 - __main__ - INFO - Sample 3
Solution found proactively quantile
Reached infeasible reactive
22:48:09,147 - __main__ - INFO - Sample 4
Solution found proactively quantile
Reached infeasible reactive
22:48:10,674 - __main__ - INFO - Sample 5
Solution found proactively quantile
Reached infeasible reactive
22:48:12,090 - __main__ - INFO - Sample 6
Solution found proactively quantile
Reached infeasible reactive
22:48:13,578 - __main__ - INFO - Sample 7
Solution found proactively quantile
Reached infeasible reactive
22:48:15,025 - __main__ - INFO - Sample 8
Solution found proactively quantile
Reached infeasible reactive
22:48:16,406 - __main__ - INFO - Sample 9
Solution found proactively quantile
Reached infeasible reactive
22:48:17,796 - __main__ - INFO - ---------------------------------j1012_5.mm---------------------------------
22:48:17,837 - __main__ - INFO - Sample 0
Solution found proactively quantile
Reached infeasible reactive
22:48:18,063 - __main__ - INFO - The solution is infeasible
22:48:18,063 - __main__ - INFO - Sample 1
Solution found proactively quantile
Reached infeasible reactive
22:48:18,348 - __main__ - INFO - The solution is infeasible
22:48:18,348 - __main__ - INFO - Sample 2
Solution found proactively quantile
Reached infeasible reactive
22:48:18,517 - __main__ - INFO - The solution is infeasible
22:48:18,517 - __main__ - INFO - Sample 3
Solution found proactively quantile
Reached infeasible reactive
22:48:18,780 - __main__ - INFO - The solution is infeasible
22:48:18,780 - __main__ - INFO - Sample 4
Solution found proactively quantile
Reached infeasible reactive
22:48:18,971 - __main__ - INFO - The solution is infeasible
22:48:18,972 - __main__ - INFO - Sample 5
Solution found proactively quantile
Reached infeasible reactive
22:48:19,256 - __main__ - INFO - The solution is infeasible
22:48:19,256 - __main__ - INFO - Sample 6
Solution found proactively quantile
Reached infeasible reactive
22:48:19,516 - __main__ - INFO - The solution is infeasible
22:48:19,516 - __main__ - INFO - Sample 7
Solution found proactively quantile
Reached infeasible reactive
22:48:19,707 - __main__ - INFO - The solution is infeasible
22:48:19,707 - __main__ - INFO - Sample 8
Solution found proactively quantile
Reached infeasible reactive
22:48:20,007 - __main__ - INFO - The solution is infeasible
22:48:20,007 - __main__ - INFO - Sample 9
Solution found proactively quantile
Reached infeasible reactive
22:48:20,204 - __main__ - INFO - The solution is infeasible
22:48:20,204 - __main__ - INFO - ---------------------------------j1022_5.mm---------------------------------
22:48:20,333 - __main__ - INFO - Sample 0
Solution found proactively quantile
Reached infeasible reactive
22:48:21,947 - __main__ - INFO - Sample 1
Solution found proactively quantile
Reached infeasible reactive
22:48:23,355 - __main__ - INFO - Sample 2
Solution found proactively quantile
Reached infeasible reactive
22:48:24,998 - __main__ - INFO - Sample 3
Solution found proactively quantile
Reached infeasible reactive
22:48:26,498 - __main__ - INFO - Sample 4
Solution found proactively quantile
Reached infeasible reactive
22:48:27,927 - __main__ - INFO - Sample 5
Solution found proactively quantile
Reached infeasible reactive
22:48:29,402 - __main__ - INFO - Sample 6
Solution found proactively quantile
Reached infeasible reactive
22:48:31,056 - __main__ - INFO - Sample 7
Solution found proactively quantile
Reached infeasible reactive
22:48:32,563 - __main__ - INFO - Sample 8
Solution found proactively quantile
Reached infeasible reactive
22:48:34,164 - __main__ - INFO - Sample 9
Solution found proactively quantile
Reached infeasible reactive
22:48:35,801 - __main__ - INFO - ---------------------------------j1054_3.mm---------------------------------
22:48:35,855 - __main__ - INFO - Sample 0
Solution found proactively quantile
22:48:35,963 - __main__ - INFO - The solution is infeasible
22:48:36,071 - __main__ - INFO - The solution is infeasible
22:48:36,072 - __main__ - INFO - Sample 1
Solution found proactively quantile
22:48:36,177 - __main__ - INFO - The solution is infeasible
22:48:36,282 - __main__ - INFO - The solution is infeasible
22:48:36,282 - __main__ - INFO - Sample 2
Solution found proactively quantile
22:48:36,388 - __main__ - INFO - The solution is infeasible
22:48:36,495 - __main__ - INFO - The solution is infeasible
22:48:36,495 - __main__ - INFO - Sample 3
Solution found proactively quantile
22:48:36,602 - __main__ - INFO - The solution is infeasible
22:48:36,706 - __main__ - INFO - The solution is infeasible
22:48:36,706 - __main__ - INFO - Sample 4
Solution found proactively quantile
22:48:36,810 - __main__ - INFO - The solution is infeasible
22:48:36,916 - __main__ - INFO - The solution is infeasible
22:48:36,916 - __main__ - INFO - Sample 5
Solution found proactively quantile
22:48:37,021 - __main__ - INFO - The solution is infeasible
22:48:37,128 - __main__ - INFO - The solution is infeasible
22:48:37,128 - __main__ - INFO - Sample 6
Solution found proactively quantile
22:48:37,234 - __main__ - INFO - The solution is infeasible
22:48:37,341 - __main__ - INFO - The solution is infeasible
22:48:37,341 - __main__ - INFO - Sample 7
Solution found proactively quantile
22:48:37,445 - __main__ - INFO - The solution is infeasible
22:48:37,551 - __main__ - INFO - The solution is infeasible
22:48:37,551 - __main__ - INFO - Sample 8
Solution found proactively quantile
22:48:37,656 - __main__ - INFO - The solution is infeasible
22:48:37,761 - __main__ - INFO - The solution is infeasible
22:48:37,761 - __main__ - INFO - Sample 9
Solution found proactively quantile
22:48:37,866 - __main__ - INFO - The solution is infeasible
22:48:37,972 - __main__ - INFO - The solution is infeasible
22:48:37,972 - __main__ - INFO - ---------------------------------j1032_6.mm---------------------------------
22:48:38,025 - __main__ - INFO - Sample 0
Solution found proactively quantile
Reached infeasible reactive
22:48:39,610 - __main__ - INFO - Sample 1
Solution found proactively quantile
Reached infeasible reactive
22:48:41,258 - __main__ - INFO - Sample 2
Solution found proactively quantile
Reached infeasible reactive
22:48:42,944 - __main__ - INFO - Sample 3
Solution found proactively quantile
Reached infeasible reactive
22:48:44,393 - __main__ - INFO - Sample 4
Solution found proactively quantile
Reached infeasible reactive
22:48:45,973 - __main__ - INFO - Sample 5
Solution found proactively quantile
Reached infeasible reactive
22:48:47,475 - __main__ - INFO - Sample 6
Solution found proactively quantile
Reached infeasible reactive
22:48:49,044 - __main__ - INFO - Sample 7
Solution found proactively quantile
Reached infeasible reactive
22:48:50,579 - __main__ - INFO - Sample 8
Solution found proactively quantile
Reached infeasible reactive
22:48:52,006 - __main__ - INFO - Sample 9
Solution found proactively quantile
Reached infeasible reactive
22:48:53,571 - __main__ - INFO - ---------------------------------j1064_9.mm---------------------------------
22:48:53,629 - __main__ - INFO - Sample 0
Solution found proactively quantile
22:48:53,737 - __main__ - INFO - The solution is infeasible
22:48:53,847 - __main__ - INFO - The solution is infeasible
22:48:53,847 - __main__ - INFO - Sample 1
Solution found proactively quantile
22:48:53,959 - __main__ - INFO - The solution is infeasible
22:48:54,070 - __main__ - INFO - The solution is infeasible
22:48:54,070 - __main__ - INFO - Sample 2
Solution found proactively quantile
22:48:54,178 - __main__ - INFO - The solution is infeasible
22:48:54,290 - __main__ - INFO - The solution is infeasible
22:48:54,290 - __main__ - INFO - Sample 3
Solution found proactively quantile
22:48:54,398 - __main__ - INFO - The solution is infeasible
22:48:54,508 - __main__ - INFO - The solution is infeasible
22:48:54,509 - __main__ - INFO - Sample 4
Solution found proactively quantile
22:48:54,616 - __main__ - INFO - The solution is infeasible
22:48:54,727 - __main__ - INFO - The solution is infeasible
22:48:54,727 - __main__ - INFO - Sample 5
Solution found proactively quantile
22:48:54,835 - __main__ - INFO - The solution is infeasible
22:48:54,945 - __main__ - INFO - The solution is infeasible
22:48:54,946 - __main__ - INFO - Sample 6
Solution found proactively quantile
22:48:55,055 - __main__ - INFO - The solution is infeasible
22:48:55,165 - __main__ - INFO - The solution is infeasible
22:48:55,165 - __main__ - INFO - Sample 7
Solution found proactively quantile
22:48:55,273 - __main__ - INFO - The solution is infeasible
22:48:55,384 - __main__ - INFO - The solution is infeasible
22:48:55,384 - __main__ - INFO - Sample 8
Solution found proactively quantile
22:48:55,493 - __main__ - INFO - The solution is infeasible
22:48:55,604 - __main__ - INFO - The solution is infeasible
22:48:55,604 - __main__ - INFO - Sample 9
Solution found proactively quantile
22:48:55,715 - __main__ - INFO - The solution is infeasible
22:48:55,827 - __main__ - INFO - The solution is infeasible
22:48:55,827 - __main__ - INFO - ---------------------------------j1024_9.mm---------------------------------
22:48:55,875 - __main__ - INFO - Sample 0
Solution found proactively quantile
Reached infeasible reactive
22:48:57,141 - __main__ - INFO - Sample 1
Solution found proactively quantile
Reached infeasible reactive
22:48:58,409 - __main__ - INFO - Sample 2
Solution found proactively quantile
Reached infeasible reactive
22:48:59,711 - __main__ - INFO - Sample 3
Solution found proactively quantile
Reached infeasible reactive
22:49:00,914 - __main__ - INFO - Sample 4
Solution found proactively quantile
Reached infeasible reactive
22:49:02,283 - __main__ - INFO - Sample 5
Solution found proactively quantile
Reached infeasible reactive
22:49:03,695 - __main__ - INFO - Sample 6
Solution found proactively quantile
Reached infeasible reactive
22:49:04,902 - __main__ - INFO - Sample 7
Solution found proactively quantile
Reached infeasible reactive
22:49:06,229 - __main__ - INFO - Sample 8
Solution found proactively quantile
Reached infeasible reactive
22:49:07,429 - __main__ - INFO - Sample 9
Solution found proactively quantile
Reached infeasible reactive
22:49:08,749 - __main__ - INFO - ---------------------------------j1024_1.mm---------------------------------
22:49:08,808 - __main__ - INFO - Sample 0
Solution found proactively quantile
22:49:08,939 - __main__ - INFO - The solution is infeasible
22:49:09,069 - __main__ - INFO - The solution is infeasible
22:49:09,069 - __main__ - INFO - Sample 1
Solution found proactively quantile
22:49:09,200 - __main__ - INFO - The solution is infeasible
22:49:09,331 - __main__ - INFO - The solution is infeasible
22:49:09,332 - __main__ - INFO - Sample 2
Solution found proactively quantile
22:49:09,464 - __main__ - INFO - The solution is infeasible
22:49:09,595 - __main__ - INFO - The solution is infeasible
22:49:09,596 - __main__ - INFO - Sample 3
Solution found proactively quantile
22:49:09,725 - __main__ - INFO - The solution is infeasible
22:49:09,855 - __main__ - INFO - The solution is infeasible
22:49:09,855 - __main__ - INFO - Sample 4
Solution found proactively quantile
22:49:09,986 - __main__ - INFO - The solution is infeasible
22:49:10,120 - __main__ - INFO - The solution is infeasible
22:49:10,120 - __main__ - INFO - Sample 5
Solution found proactively quantile
22:49:10,251 - __main__ - INFO - The solution is infeasible
22:49:10,383 - __main__ - INFO - The solution is infeasible
22:49:10,383 - __main__ - INFO - Sample 6
Solution found proactively quantile
22:49:10,514 - __main__ - INFO - The solution is infeasible
22:49:10,646 - __main__ - INFO - The solution is infeasible
22:49:10,647 - __main__ - INFO - Sample 7
Solution found proactively quantile
22:49:10,776 - __main__ - INFO - The solution is infeasible
22:49:10,906 - __main__ - INFO - The solution is infeasible
22:49:10,906 - __main__ - INFO - Sample 8
Solution found proactively quantile
22:49:11,038 - __main__ - INFO - The solution is infeasible
22:49:11,170 - __main__ - INFO - The solution is infeasible
22:49:11,170 - __main__ - INFO - Sample 9
Solution found proactively quantile
22:49:11,301 - __main__ - INFO - The solution is infeasible
22:49:11,433 - __main__ - INFO - The solution is infeasible
22:49:11,433 - __main__ - INFO - ---------------------------------j1058_4.mm---------------------------------
22:49:11,533 - __main__ - INFO - Sample 0
Solution found proactively quantile
Reached infeasible reactive
22:49:13,008 - __main__ - INFO - Sample 1
Solution found proactively quantile
Reached infeasible reactive
22:49:14,683 - __main__ - INFO - Sample 2
Solution found proactively quantile
Reached infeasible reactive
22:49:16,389 - __main__ - INFO - Sample 3
Solution found proactively quantile
Reached infeasible reactive
22:49:17,946 - __main__ - INFO - Sample 4
Solution found proactively quantile
Reached infeasible reactive
22:49:19,666 - __main__ - INFO - Sample 5
Solution found proactively quantile
Reached infeasible reactive
22:49:21,217 - __main__ - INFO - Sample 6
Solution found proactively quantile
Reached infeasible reactive
22:49:22,837 - __main__ - INFO - Sample 7
Solution found proactively quantile
Reached infeasible reactive
22:49:24,407 - __main__ - INFO - Sample 8
Solution found proactively quantile
Reached infeasible reactive
22:49:26,021 - __main__ - INFO - Sample 9
Solution found proactively quantile
Reached infeasible reactive
22:49:27,867 - __main__ - INFO - ---------------------------------j1060_7.mm---------------------------------
22:49:27,913 - __main__ - INFO - Sample 0
Solution found proactively quantile
22:49:28,051 - __main__ - INFO - The solution is infeasible
22:49:28,224 - __main__ - INFO - The solution is infeasible
22:49:28,224 - __main__ - INFO - Sample 1
Solution found proactively quantile
22:49:28,366 - __main__ - INFO - The solution is infeasible
22:49:28,536 - __main__ - INFO - The solution is infeasible
22:49:28,536 - __main__ - INFO - Sample 2
Solution found proactively quantile
22:49:28,676 - __main__ - INFO - The solution is infeasible
22:49:28,848 - __main__ - INFO - The solution is infeasible
22:49:28,848 - __main__ - INFO - Sample 3
Solution found proactively quantile
22:49:28,986 - __main__ - INFO - The solution is infeasible
22:49:29,157 - __main__ - INFO - The solution is infeasible
22:49:29,157 - __main__ - INFO - Sample 4
Solution found proactively quantile
22:49:29,295 - __main__ - INFO - The solution is infeasible
22:49:29,468 - __main__ - INFO - The solution is infeasible
22:49:29,468 - __main__ - INFO - Sample 5
Solution found proactively quantile
22:49:29,605 - __main__ - INFO - The solution is infeasible
22:49:29,775 - __main__ - INFO - The solution is infeasible
22:49:29,775 - __main__ - INFO - Sample 6
Solution found proactively quantile
22:49:29,916 - __main__ - INFO - The solution is infeasible
22:49:30,086 - __main__ - INFO - The solution is infeasible
22:49:30,086 - __main__ - INFO - Sample 7
Solution found proactively quantile
22:49:30,224 - __main__ - INFO - The solution is infeasible
22:49:30,393 - __main__ - INFO - The solution is infeasible
22:49:30,393 - __main__ - INFO - Sample 8
Solution found proactively quantile
22:49:30,531 - __main__ - INFO - The solution is infeasible
22:49:30,703 - __main__ - INFO - The solution is infeasible
22:49:30,703 - __main__ - INFO - Sample 9
Solution found proactively quantile
22:49:30,844 - __main__ - INFO - The solution is infeasible
22:49:31,013 - __main__ - INFO - The solution is infeasible
22:49:31,013 - __main__ - INFO - ---------------------------------j1043_3.mm---------------------------------
22:49:31,096 - __main__ - INFO - Sample 0
Solution found proactively quantile
Reached infeasible reactive
22:49:32,732 - __main__ - INFO - Sample 1
Solution found proactively quantile
Reached infeasible reactive
22:49:34,227 - __main__ - INFO - Sample 2
Solution found proactively quantile
Reached infeasible reactive
22:49:35,814 - __main__ - INFO - Sample 3
Solution found proactively quantile
Reached infeasible reactive
22:49:37,456 - __main__ - INFO - Sample 4
Solution found proactively quantile
Reached infeasible reactive
22:49:38,894 - __main__ - INFO - Sample 5
Solution found proactively quantile
Reached infeasible reactive
22:49:40,430 - __main__ - INFO - Sample 6
Solution found proactively quantile
Reached infeasible reactive
22:49:41,900 - __main__ - INFO - Sample 7
Solution found proactively quantile
Reached infeasible reactive
22:49:43,567 - __main__ - INFO - Sample 8
Solution found proactively quantile
Reached infeasible reactive
22:49:45,107 - __main__ - INFO - Sample 9
Solution found proactively quantile
Reached infeasible reactive
22:49:46,636 - __main__ - INFO - ---------------------------------j1037_6.mm---------------------------------
22:49:46,683 - __main__ - INFO - Sample 0
Solution found proactively quantile
Reached infeasible reactive
22:49:46,930 - __main__ - INFO - The solution is infeasible
22:49:46,930 - __main__ - INFO - Sample 1
Solution found proactively quantile
Reached infeasible reactive
22:49:47,225 - __main__ - INFO - The solution is infeasible
22:49:47,225 - __main__ - INFO - Sample 2
Solution found proactively quantile
Reached infeasible reactive
22:49:47,482 - __main__ - INFO - The solution is infeasible
22:49:47,483 - __main__ - INFO - Sample 3
Solution found proactively quantile
Reached infeasible reactive
22:49:47,779 - __main__ - INFO - The solution is infeasible
22:49:47,779 - __main__ - INFO - Sample 4
Solution found proactively quantile
Reached infeasible reactive
22:49:48,104 - __main__ - INFO - The solution is infeasible
22:49:48,104 - __main__ - INFO - Sample 5
Solution found proactively quantile
Reached infeasible reactive
22:49:48,363 - __main__ - INFO - The solution is infeasible
22:49:48,363 - __main__ - INFO - Sample 6
Solution found proactively quantile
Reached infeasible reactive
22:49:48,742 - __main__ - INFO - The solution is infeasible
22:49:48,742 - __main__ - INFO - Sample 7
Solution found proactively quantile
Reached infeasible reactive
22:49:48,936 - __main__ - INFO - The solution is infeasible
22:49:48,936 - __main__ - INFO - Sample 8
Solution found proactively quantile
Reached infeasible reactive
22:49:49,207 - __main__ - INFO - The solution is infeasible
22:49:49,207 - __main__ - INFO - Sample 9
Solution found proactively quantile
Reached infeasible reactive
22:49:49,368 - __main__ - INFO - The solution is infeasible
22:49:49,368 - __main__ - INFO - ---------------------------------j1030_10.mm---------------------------------
22:49:49,419 - __main__ - INFO - Sample 0
Solution found proactively quantile
22:49:49,536 - __main__ - INFO - The solution is infeasible
22:49:49,738 - __main__ - INFO - The solution is infeasible
22:49:49,738 - __main__ - INFO - Sample 1
Solution found proactively quantile
22:49:49,858 - __main__ - INFO - The solution is infeasible
22:49:50,060 - __main__ - INFO - The solution is infeasible
22:49:50,060 - __main__ - INFO - Sample 2
Solution found proactively quantile
22:49:50,178 - __main__ - INFO - The solution is infeasible
22:49:50,473 - __main__ - INFO - The solution is infeasible
22:49:50,474 - __main__ - INFO - Sample 3
Solution found proactively quantile
22:49:50,594 - __main__ - INFO - The solution is infeasible
22:49:50,796 - __main__ - INFO - The solution is infeasible
22:49:50,796 - __main__ - INFO - Sample 4
Solution found proactively quantile
22:49:50,916 - __main__ - INFO - The solution is infeasible
22:49:51,119 - __main__ - INFO - The solution is infeasible
22:49:51,119 - __main__ - INFO - Sample 5
Solution found proactively quantile
22:49:51,236 - __main__ - INFO - The solution is infeasible
22:49:51,444 - __main__ - INFO - The solution is infeasible
22:49:51,444 - __main__ - INFO - Sample 6
Solution found proactively quantile
22:49:51,565 - __main__ - INFO - The solution is infeasible
22:49:51,773 - __main__ - INFO - The solution is infeasible
22:49:51,773 - __main__ - INFO - Sample 7
Solution found proactively quantile
22:49:51,891 - __main__ - INFO - The solution is infeasible
22:49:52,095 - __main__ - INFO - The solution is infeasible
22:49:52,095 - __main__ - INFO - Sample 8
Solution found proactively quantile
22:49:52,212 - __main__ - INFO - The solution is infeasible
22:49:52,419 - __main__ - INFO - The solution is infeasible
22:49:52,420 - __main__ - INFO - Sample 9
Solution found proactively quantile
22:49:52,538 - __main__ - INFO - The solution is infeasible
22:49:52,743 - __main__ - INFO - The solution is infeasible
22:49:52,744 - __main__ - INFO - ---------------------------------j1027_6.mm---------------------------------
22:49:52,807 - __main__ - INFO - Sample 0
Solution found proactively quantile
Reached infeasible reactive
22:49:52,990 - __main__ - INFO - The solution is infeasible
22:49:52,991 - __main__ - INFO - Sample 1
Solution found proactively quantile
Reached infeasible reactive
22:49:53,184 - __main__ - INFO - The solution is infeasible
22:49:53,184 - __main__ - INFO - Sample 2
Solution found proactively quantile
Reached infeasible reactive
22:49:53,495 - __main__ - INFO - The solution is infeasible
22:49:53,495 - __main__ - INFO - Sample 3
Solution found proactively quantile
Reached infeasible reactive
22:49:53,704 - __main__ - INFO - The solution is infeasible
22:49:53,705 - __main__ - INFO - Sample 4
Solution found proactively quantile
Reached infeasible reactive
22:49:53,907 - __main__ - INFO - The solution is infeasible
22:49:53,907 - __main__ - INFO - Sample 5
Solution found proactively quantile
Reached infeasible reactive
22:49:54,157 - __main__ - INFO - The solution is infeasible
22:49:54,157 - __main__ - INFO - Sample 6
Solution found proactively quantile
Reached infeasible reactive
22:49:54,434 - __main__ - INFO - The solution is infeasible
22:49:54,434 - __main__ - INFO - Sample 7
Solution found proactively quantile
Reached infeasible reactive
22:49:54,621 - __main__ - INFO - The solution is infeasible
22:49:54,621 - __main__ - INFO - Sample 8
Solution found proactively quantile
Reached infeasible reactive
22:49:54,901 - __main__ - INFO - The solution is infeasible
22:49:54,901 - __main__ - INFO - Sample 9
Solution found proactively quantile
Reached infeasible reactive
22:49:55,087 - __main__ - INFO - The solution is infeasible
22:49:55,087 - __main__ - INFO - ---------------------------------j107_2.mm---------------------------------
22:49:55,152 - __main__ - INFO - Sample 0
Solution found proactively quantile
22:49:55,263 - __main__ - INFO - The solution is infeasible
22:49:55,382 - __main__ - INFO - The solution is infeasible
22:49:55,382 - __main__ - INFO - Sample 1
Solution found proactively quantile
22:49:55,493 - __main__ - INFO - The solution is infeasible
22:49:55,612 - __main__ - INFO - The solution is infeasible
22:49:55,612 - __main__ - INFO - Sample 2
Solution found proactively quantile
22:49:55,723 - __main__ - INFO - The solution is infeasible
22:49:55,842 - __main__ - INFO - The solution is infeasible
22:49:55,842 - __main__ - INFO - Sample 3
Solution found proactively quantile
22:49:55,953 - __main__ - INFO - The solution is infeasible
22:49:56,071 - __main__ - INFO - The solution is infeasible
22:49:56,072 - __main__ - INFO - Sample 4
Solution found proactively quantile
22:49:56,182 - __main__ - INFO - The solution is infeasible
22:49:56,301 - __main__ - INFO - The solution is infeasible
22:49:56,302 - __main__ - INFO - Sample 5
Solution found proactively quantile
22:49:56,412 - __main__ - INFO - The solution is infeasible
22:49:56,529 - __main__ - INFO - The solution is infeasible
22:49:56,529 - __main__ - INFO - Sample 6
Solution found proactively quantile
22:49:56,640 - __main__ - INFO - The solution is infeasible
22:49:56,760 - __main__ - INFO - The solution is infeasible
22:49:56,760 - __main__ - INFO - Sample 7
Solution found proactively quantile
22:49:56,871 - __main__ - INFO - The solution is infeasible
22:49:56,989 - __main__ - INFO - The solution is infeasible
22:49:56,990 - __main__ - INFO - Sample 8
Solution found proactively quantile
22:49:57,099 - __main__ - INFO - The solution is infeasible
22:49:57,218 - __main__ - INFO - The solution is infeasible
22:49:57,219 - __main__ - INFO - Sample 9
Solution found proactively quantile
22:49:57,329 - __main__ - INFO - The solution is infeasible
22:49:57,449 - __main__ - INFO - The solution is infeasible
22:49:57,449 - __main__ - INFO - ---------------------------------j1043_8.mm---------------------------------
22:49:57,512 - __main__ - INFO - Sample 0
Solution found proactively quantile
22:49:57,667 - __main__ - INFO - The solution is infeasible
22:49:57,853 - __main__ - INFO - The solution is infeasible
22:49:57,853 - __main__ - INFO - Sample 1
Solution found proactively quantile
22:49:58,009 - __main__ - INFO - The solution is infeasible
22:49:58,194 - __main__ - INFO - The solution is infeasible
22:49:58,194 - __main__ - INFO - Sample 2
Solution found proactively quantile
22:49:58,349 - __main__ - INFO - The solution is infeasible
22:49:58,534 - __main__ - INFO - The solution is infeasible
22:49:58,535 - __main__ - INFO - Sample 3
Solution found proactively quantile
22:49:58,692 - __main__ - INFO - The solution is infeasible
22:49:58,876 - __main__ - INFO - The solution is infeasible
22:49:58,876 - __main__ - INFO - Sample 4
Solution found proactively quantile
22:49:59,031 - __main__ - INFO - The solution is infeasible
22:49:59,215 - __main__ - INFO - The solution is infeasible
22:49:59,215 - __main__ - INFO - Sample 5
Solution found proactively quantile
22:49:59,372 - __main__ - INFO - The solution is infeasible
22:49:59,555 - __main__ - INFO - The solution is infeasible
22:49:59,555 - __main__ - INFO - Sample 6
Solution found proactively quantile
22:49:59,709 - __main__ - INFO - The solution is infeasible
22:49:59,894 - __main__ - INFO - The solution is infeasible
22:49:59,895 - __main__ - INFO - Sample 7
Solution found proactively quantile
22:50:00,050 - __main__ - INFO - The solution is infeasible
22:50:00,235 - __main__ - INFO - The solution is infeasible
22:50:00,236 - __main__ - INFO - Sample 8
Solution found proactively quantile
22:50:00,390 - __main__ - INFO - The solution is infeasible
22:50:00,573 - __main__ - INFO - The solution is infeasible
22:50:00,574 - __main__ - INFO - Sample 9
Solution found proactively quantile
22:50:00,728 - __main__ - INFO - The solution is infeasible
22:50:00,912 - __main__ - INFO - The solution is infeasible
22:50:00,913 - __main__ - INFO - ---------------------------------j1047_7.mm---------------------------------
22:50:00,947 - __main__ - INFO - Sample 0
Solution found proactively quantile
Reached infeasible reactive
22:50:01,171 - __main__ - INFO - The solution is infeasible
22:50:01,171 - __main__ - INFO - Sample 1
Solution found proactively quantile
Reached infeasible reactive
22:50:01,416 - __main__ - INFO - The solution is infeasible
22:50:01,416 - __main__ - INFO - Sample 2
Solution found proactively quantile
Reached infeasible reactive
22:50:01,617 - __main__ - INFO - The solution is infeasible
22:50:01,618 - __main__ - INFO - Sample 3
Solution found proactively quantile
Reached infeasible reactive
22:50:01,936 - __main__ - INFO - The solution is infeasible
22:50:01,936 - __main__ - INFO - Sample 4
Solution found proactively quantile
Reached infeasible reactive
22:50:02,260 - __main__ - INFO - The solution is infeasible
22:50:02,260 - __main__ - INFO - Sample 5
Solution found proactively quantile
Reached infeasible reactive
22:50:02,475 - __main__ - INFO - The solution is infeasible
22:50:02,475 - __main__ - INFO - Sample 6
Solution found proactively quantile
Reached infeasible reactive
22:50:02,769 - __main__ - INFO - The solution is infeasible
22:50:02,769 - __main__ - INFO - Sample 7
Solution found proactively quantile
Reached infeasible reactive
22:50:02,991 - __main__ - INFO - The solution is infeasible
22:50:02,991 - __main__ - INFO - Sample 8
Solution found proactively quantile
Reached infeasible reactive
22:50:03,263 - __main__ - INFO - The solution is infeasible
22:50:03,264 - __main__ - INFO - Sample 9
Solution found proactively quantile
Reached infeasible reactive
22:50:03,546 - __main__ - INFO - The solution is infeasible
22:50:03,546 - __main__ - INFO - ---------------------------------j1038_5.mm---------------------------------
22:50:03,580 - __main__ - INFO - Sample 0
Solution found proactively quantile
22:50:03,753 - __main__ - INFO - The solution is infeasible
22:50:03,954 - __main__ - INFO - The solution is infeasible
22:50:03,955 - __main__ - INFO - Sample 1
Solution found proactively quantile
22:50:04,126 - __main__ - INFO - The solution is infeasible
22:50:04,328 - __main__ - INFO - The solution is infeasible
22:50:04,328 - __main__ - INFO - Sample 2
Solution found proactively quantile
22:50:04,499 - __main__ - INFO - The solution is infeasible
22:50:04,703 - __main__ - INFO - The solution is infeasible
22:50:04,703 - __main__ - INFO - Sample 3
Solution found proactively quantile
22:50:04,874 - __main__ - INFO - The solution is infeasible
22:50:05,074 - __main__ - INFO - The solution is infeasible
22:50:05,074 - __main__ - INFO - Sample 4
Solution found proactively quantile
22:50:05,247 - __main__ - INFO - The solution is infeasible
22:50:05,448 - __main__ - INFO - The solution is infeasible
22:50:05,448 - __main__ - INFO - Sample 5
Solution found proactively quantile
22:50:05,619 - __main__ - INFO - The solution is infeasible
22:50:05,818 - __main__ - INFO - The solution is infeasible
22:50:05,818 - __main__ - INFO - Sample 6
Solution found proactively quantile
22:50:05,990 - __main__ - INFO - The solution is infeasible
22:50:06,193 - __main__ - INFO - The solution is infeasible
22:50:06,194 - __main__ - INFO - Sample 7
Solution found proactively quantile
22:50:06,367 - __main__ - INFO - The solution is infeasible
22:50:06,568 - __main__ - INFO - The solution is infeasible
22:50:06,568 - __main__ - INFO - Sample 8
Solution found proactively quantile
22:50:06,738 - __main__ - INFO - The solution is infeasible
22:50:06,940 - __main__ - INFO - The solution is infeasible
22:50:06,940 - __main__ - INFO - Sample 9
Solution found proactively quantile
22:50:07,112 - __main__ - INFO - The solution is infeasible
22:50:07,312 - __main__ - INFO - The solution is infeasible
22:50:07,313 - __main__ - INFO - ---------------------------------j1054_7.mm---------------------------------
22:50:07,369 - __main__ - INFO - Sample 0
Solution found proactively quantile
22:50:07,479 - __main__ - INFO - The solution is infeasible
22:50:07,688 - __main__ - INFO - The solution is infeasible
22:50:07,688 - __main__ - INFO - Sample 1
Solution found proactively quantile
22:50:07,797 - __main__ - INFO - The solution is infeasible
22:50:08,002 - __main__ - INFO - The solution is infeasible
22:50:08,002 - __main__ - INFO - Sample 2
Solution found proactively quantile
22:50:08,110 - __main__ - INFO - The solution is infeasible
22:50:08,314 - __main__ - INFO - The solution is infeasible
22:50:08,314 - __main__ - INFO - Sample 3
Solution found proactively quantile
22:50:08,423 - __main__ - INFO - The solution is infeasible
22:50:08,627 - __main__ - INFO - The solution is infeasible
22:50:08,628 - __main__ - INFO - Sample 4
Solution found proactively quantile
22:50:08,738 - __main__ - INFO - The solution is infeasible
22:50:08,942 - __main__ - INFO - The solution is infeasible
22:50:08,943 - __main__ - INFO - Sample 5
Solution found proactively quantile
22:50:09,052 - __main__ - INFO - The solution is infeasible
22:50:09,257 - __main__ - INFO - The solution is infeasible
22:50:09,257 - __main__ - INFO - Sample 6
Solution found proactively quantile
22:50:09,367 - __main__ - INFO - The solution is infeasible
22:50:09,571 - __main__ - INFO - The solution is infeasible
22:50:09,571 - __main__ - INFO - Sample 7
Solution found proactively quantile
22:50:09,681 - __main__ - INFO - The solution is infeasible
22:50:09,886 - __main__ - INFO - The solution is infeasible
22:50:09,886 - __main__ - INFO - Sample 8
Solution found proactively quantile
22:50:09,996 - __main__ - INFO - The solution is infeasible
22:50:10,200 - __main__ - INFO - The solution is infeasible
22:50:10,200 - __main__ - INFO - Sample 9
Solution found proactively quantile
22:50:10,310 - __main__ - INFO - The solution is infeasible
22:50:10,516 - __main__ - INFO - The solution is infeasible
22:50:10,516 - __main__ - INFO - ---------------------------------j1031_5.mm---------------------------------
22:50:10,588 - __main__ - INFO - Sample 0
Solution found proactively quantile
22:50:10,698 - __main__ - INFO - The solution is infeasible
22:50:10,804 - __main__ - INFO - The solution is infeasible
22:50:10,804 - __main__ - INFO - Sample 1
Solution found proactively quantile
22:50:10,912 - __main__ - INFO - The solution is infeasible
22:50:11,020 - __main__ - INFO - The solution is infeasible
22:50:11,020 - __main__ - INFO - Sample 2
Solution found proactively quantile
22:50:11,127 - __main__ - INFO - The solution is infeasible
22:50:11,233 - __main__ - INFO - The solution is infeasible
22:50:11,233 - __main__ - INFO - Sample 3
Solution found proactively quantile
22:50:11,340 - __main__ - INFO - The solution is infeasible
22:50:11,445 - __main__ - INFO - The solution is infeasible
22:50:11,446 - __main__ - INFO - Sample 4
Solution found proactively quantile
22:50:11,554 - __main__ - INFO - The solution is infeasible
22:50:11,659 - __main__ - INFO - The solution is infeasible
22:50:11,659 - __main__ - INFO - Sample 5
Solution found proactively quantile
22:50:11,766 - __main__ - INFO - The solution is infeasible
22:50:11,872 - __main__ - INFO - The solution is infeasible
22:50:11,872 - __main__ - INFO - Sample 6
Solution found proactively quantile
22:50:11,980 - __main__ - INFO - The solution is infeasible
22:50:12,085 - __main__ - INFO - The solution is infeasible
22:50:12,086 - __main__ - INFO - Sample 7
Solution found proactively quantile
22:50:12,193 - __main__ - INFO - The solution is infeasible
22:50:12,300 - __main__ - INFO - The solution is infeasible
22:50:12,300 - __main__ - INFO - Sample 8
Solution found proactively quantile
22:50:12,408 - __main__ - INFO - The solution is infeasible
22:50:12,515 - __main__ - INFO - The solution is infeasible
22:50:12,515 - __main__ - INFO - Sample 9
Solution found proactively quantile
22:50:12,622 - __main__ - INFO - The solution is infeasible
22:50:12,727 - __main__ - INFO - The solution is infeasible
22:50:12,727 - __main__ - INFO - ---------------------------------j1032_5.mm---------------------------------
22:50:12,798 - __main__ - INFO - Sample 0
Solution found proactively quantile
22:50:12,872 - __main__ - INFO - The solution is infeasible
22:50:13,014 - __main__ - INFO - The solution is infeasible
22:50:13,014 - __main__ - INFO - Sample 1
Solution found proactively quantile
22:50:13,089 - __main__ - INFO - The solution is infeasible
22:50:13,231 - __main__ - INFO - The solution is infeasible
22:50:13,231 - __main__ - INFO - Sample 2
Solution found proactively quantile
22:50:13,305 - __main__ - INFO - The solution is infeasible
22:50:13,448 - __main__ - INFO - The solution is infeasible
22:50:13,448 - __main__ - INFO - Sample 3
Solution found proactively quantile
22:50:13,523 - __main__ - INFO - The solution is infeasible
22:50:13,662 - __main__ - INFO - The solution is infeasible
22:50:13,663 - __main__ - INFO - Sample 4
Solution found proactively quantile
22:50:13,737 - __main__ - INFO - The solution is infeasible
22:50:13,879 - __main__ - INFO - The solution is infeasible
22:50:13,879 - __main__ - INFO - Sample 5
Solution found proactively quantile
22:50:13,954 - __main__ - INFO - The solution is infeasible
22:50:14,097 - __main__ - INFO - The solution is infeasible
22:50:14,097 - __main__ - INFO - Sample 6
Solution found proactively quantile
22:50:14,173 - __main__ - INFO - The solution is infeasible
22:50:14,316 - __main__ - INFO - The solution is infeasible
22:50:14,316 - __main__ - INFO - Sample 7
Solution found proactively quantile
22:50:14,391 - __main__ - INFO - The solution is infeasible
22:50:14,535 - __main__ - INFO - The solution is infeasible
22:50:14,535 - __main__ - INFO - Sample 8
Solution found proactively quantile
22:50:14,610 - __main__ - INFO - The solution is infeasible
22:50:14,751 - __main__ - INFO - The solution is infeasible
22:50:14,751 - __main__ - INFO - Sample 9
Solution found proactively quantile
22:50:14,825 - __main__ - INFO - The solution is infeasible
22:50:14,968 - __main__ - INFO - The solution is infeasible
22:50:14,968 - __main__ - INFO - ---------------------------------j107_4.mm---------------------------------
22:50:15,006 - __main__ - INFO - Sample 0
Solution found proactively quantile
Reached infeasible reactive
22:50:16,645 - __main__ - INFO - Sample 1
Solution found proactively quantile
Reached infeasible reactive
22:50:18,333 - __main__ - INFO - Sample 2
Solution found proactively quantile
Reached infeasible reactive
22:50:19,995 - __main__ - INFO - Sample 3
Solution found proactively quantile
Reached infeasible reactive
22:50:21,748 - __main__ - INFO - Sample 4
Solution found proactively quantile
Reached infeasible reactive
22:50:23,496 - __main__ - INFO - Sample 5
Solution found proactively quantile
Reached infeasible reactive
22:50:24,984 - __main__ - INFO - Sample 6
Solution found proactively quantile
Reached infeasible reactive
22:50:26,681 - __main__ - INFO - Sample 7
Solution found proactively quantile
Reached infeasible reactive
22:50:28,471 - __main__ - INFO - Sample 8
Solution found proactively quantile
Reached infeasible reactive
22:50:30,168 - __main__ - INFO - Sample 9
Solution found proactively quantile
Reached infeasible reactive
22:50:31,772 - __main__ - INFO - ---------------------------------j1047_4.mm---------------------------------
22:50:31,828 - __main__ - INFO - Sample 0
Solution found proactively quantile
Reached infeasible reactive
22:50:31,982 - __main__ - INFO - The solution is infeasible
22:50:31,982 - __main__ - INFO - Sample 1
Solution found proactively quantile
Reached infeasible reactive
22:50:32,178 - __main__ - INFO - The solution is infeasible
22:50:32,178 - __main__ - INFO - Sample 2
Solution found proactively quantile
Reached infeasible reactive
22:50:32,308 - __main__ - INFO - The solution is infeasible
22:50:32,308 - __main__ - INFO - Sample 3
Solution found proactively quantile
Reached infeasible reactive
22:50:32,580 - __main__ - INFO - The solution is infeasible
22:50:32,581 - __main__ - INFO - Sample 4
Solution found proactively quantile
Reached infeasible reactive
22:50:32,763 - __main__ - INFO - The solution is infeasible
22:50:32,763 - __main__ - INFO - Sample 5
Solution found proactively quantile
Reached infeasible reactive
22:50:32,983 - __main__ - INFO - The solution is infeasible
22:50:32,983 - __main__ - INFO - Sample 6
Solution found proactively quantile
Reached infeasible reactive
22:50:33,365 - __main__ - INFO - The solution is infeasible
22:50:33,365 - __main__ - INFO - Sample 7
Solution found proactively quantile
Reached infeasible reactive
22:50:33,556 - __main__ - INFO - The solution is infeasible
22:50:33,556 - __main__ - INFO - Sample 8
Solution found proactively quantile
Reached infeasible reactive
22:50:33,724 - __main__ - INFO - The solution is infeasible
22:50:33,724 - __main__ - INFO - Sample 9
Solution found proactively quantile
Reached infeasible reactive
22:50:33,862 - __main__ - INFO - The solution is infeasible
22:50:33,863 - __main__ - INFO - ---------------------------------j1021_1.mm---------------------------------
22:50:33,905 - __main__ - INFO - Sample 0
Solution found proactively quantile
Reached infeasible reactive
22:50:35,370 - __main__ - INFO - Sample 1
Solution found proactively quantile
Reached infeasible reactive
22:50:36,884 - __main__ - INFO - Sample 2
Solution found proactively quantile
Reached infeasible reactive
22:50:38,343 - __main__ - INFO - Sample 3
Solution found proactively quantile
Reached infeasible reactive
22:50:39,927 - __main__ - INFO - Sample 4
Solution found proactively quantile
Reached infeasible reactive
22:50:41,415 - __main__ - INFO - Sample 5
Solution found proactively quantile
Reached infeasible reactive
22:50:42,806 - __main__ - INFO - Sample 6
Solution found proactively quantile
Reached infeasible reactive
22:50:44,314 - __main__ - INFO - Sample 7
Solution found proactively quantile
Reached infeasible reactive
22:50:45,662 - __main__ - INFO - Sample 8
Solution found proactively quantile
Reached infeasible reactive
22:50:47,217 - __main__ - INFO - Sample 9
Solution found proactively quantile
Reached infeasible reactive
22:50:48,718 - __main__ - INFO - ---------------------------------j1047_1.mm---------------------------------
22:50:48,896 - __main__ - INFO - Sample 0
Solution found proactively quantile
Reached infeasible reactive
22:50:49,194 - __main__ - INFO - The solution is infeasible
22:50:49,195 - __main__ - INFO - Sample 1
Solution found proactively quantile
Reached infeasible reactive
22:50:49,517 - __main__ - INFO - The solution is infeasible
22:50:49,517 - __main__ - INFO - Sample 2
Solution found proactively quantile
Reached infeasible reactive
22:50:49,649 - __main__ - INFO - The solution is infeasible
22:50:49,649 - __main__ - INFO - Sample 3
Solution found proactively quantile
Reached infeasible reactive
22:50:49,923 - __main__ - INFO - The solution is infeasible
22:50:49,924 - __main__ - INFO - Sample 4
Solution found proactively quantile
Reached infeasible reactive
22:50:50,209 - __main__ - INFO - The solution is infeasible
22:50:50,209 - __main__ - INFO - Sample 5
Solution found proactively quantile
Reached infeasible reactive
22:50:50,376 - __main__ - INFO - The solution is infeasible
22:50:50,376 - __main__ - INFO - Sample 6
Solution found proactively quantile
Reached infeasible reactive
22:50:50,617 - __main__ - INFO - The solution is infeasible
22:50:50,618 - __main__ - INFO - Sample 7
Solution found proactively quantile
Reached infeasible reactive
22:50:50,809 - __main__ - INFO - The solution is infeasible
22:50:50,809 - __main__ - INFO - Sample 8
Solution found proactively quantile
Reached infeasible reactive
22:50:51,136 - __main__ - INFO - The solution is infeasible
22:50:51,136 - __main__ - INFO - Sample 9
Solution found proactively quantile
Reached infeasible reactive
22:50:51,466 - __main__ - INFO - The solution is infeasible
22:50:51,467 - __main__ - INFO - ---------------------------------j1060_8.mm---------------------------------
22:50:51,527 - __main__ - INFO - Sample 0
Solution found proactively quantile
22:50:51,617 - __main__ - INFO - The solution is infeasible
22:50:51,728 - __main__ - INFO - The solution is infeasible
22:50:51,728 - __main__ - INFO - Sample 1
Solution found proactively quantile
22:50:51,818 - __main__ - INFO - The solution is infeasible
22:50:51,926 - __main__ - INFO - The solution is infeasible
22:50:51,927 - __main__ - INFO - Sample 2
Solution found proactively quantile
22:50:52,018 - __main__ - INFO - The solution is infeasible
22:50:52,129 - __main__ - INFO - The solution is infeasible
22:50:52,129 - __main__ - INFO - Sample 3
Solution found proactively quantile
22:50:52,219 - __main__ - INFO - The solution is infeasible
22:50:52,329 - __main__ - INFO - The solution is infeasible
22:50:52,330 - __main__ - INFO - Sample 4
Solution found proactively quantile
22:50:52,419 - __main__ - INFO - The solution is infeasible
22:50:52,529 - __main__ - INFO - The solution is infeasible
22:50:52,529 - __main__ - INFO - Sample 5
Solution found proactively quantile
22:50:52,621 - __main__ - INFO - The solution is infeasible
22:50:52,730 - __main__ - INFO - The solution is infeasible
22:50:52,730 - __main__ - INFO - Sample 6
Solution found proactively quantile
22:50:52,821 - __main__ - INFO - The solution is infeasible
22:50:52,930 - __main__ - INFO - The solution is infeasible
22:50:52,930 - __main__ - INFO - Sample 7
Solution found proactively quantile
22:50:53,021 - __main__ - INFO - The solution is infeasible
22:50:53,132 - __main__ - INFO - The solution is infeasible
22:50:53,132 - __main__ - INFO - Sample 8
Solution found proactively quantile
22:50:53,222 - __main__ - INFO - The solution is infeasible
22:50:53,334 - __main__ - INFO - The solution is infeasible
22:50:53,334 - __main__ - INFO - Sample 9
Solution found proactively quantile
22:50:53,424 - __main__ - INFO - The solution is infeasible
22:50:53,535 - __main__ - INFO - The solution is infeasible
22:50:53,535 - __main__ - INFO - ---------------------------------j1052_6.mm---------------------------------
22:50:53,583 - __main__ - INFO - Sample 0
Solution found proactively quantile
22:50:53,653 - __main__ - INFO - The solution is infeasible
22:50:53,758 - __main__ - INFO - The solution is infeasible
22:50:53,758 - __main__ - INFO - Sample 1
Solution found proactively quantile
22:50:53,828 - __main__ - INFO - The solution is infeasible
22:50:53,934 - __main__ - INFO - The solution is infeasible
22:50:53,934 - __main__ - INFO - Sample 2
Solution found proactively quantile
22:50:54,005 - __main__ - INFO - The solution is infeasible
22:50:54,110 - __main__ - INFO - The solution is infeasible
22:50:54,110 - __main__ - INFO - Sample 3
Solution found proactively quantile
22:50:54,180 - __main__ - INFO - The solution is infeasible
22:50:54,285 - __main__ - INFO - The solution is infeasible
22:50:54,285 - __main__ - INFO - Sample 4
Solution found proactively quantile
22:50:54,355 - __main__ - INFO - The solution is infeasible
22:50:54,461 - __main__ - INFO - The solution is infeasible
22:50:54,461 - __main__ - INFO - Sample 5
Solution found proactively quantile
22:50:54,531 - __main__ - INFO - The solution is infeasible
22:50:54,635 - __main__ - INFO - The solution is infeasible
22:50:54,635 - __main__ - INFO - Sample 6
Solution found proactively quantile
22:50:54,706 - __main__ - INFO - The solution is infeasible
22:50:54,812 - __main__ - INFO - The solution is infeasible
22:50:54,813 - __main__ - INFO - Sample 7
Solution found proactively quantile
22:50:54,882 - __main__ - INFO - The solution is infeasible
22:50:54,989 - __main__ - INFO - The solution is infeasible
22:50:54,989 - __main__ - INFO - Sample 8
Solution found proactively quantile
22:50:55,059 - __main__ - INFO - The solution is infeasible
22:50:55,164 - __main__ - INFO - The solution is infeasible
22:50:55,164 - __main__ - INFO - Sample 9
Solution found proactively quantile
22:50:55,235 - __main__ - INFO - The solution is infeasible
22:50:55,341 - __main__ - INFO - The solution is infeasible
22:50:55,341 - __main__ - INFO - ---------------------------------j1013_7.mm---------------------------------
22:50:55,405 - __main__ - INFO - Sample 0
Solution found proactively quantile
Reached infeasible reactive
22:50:56,883 - __main__ - INFO - Sample 1
Solution found proactively quantile
Reached infeasible reactive
22:50:58,285 - __main__ - INFO - Sample 2
Solution found proactively quantile
Reached infeasible reactive
22:50:59,733 - __main__ - INFO - Sample 3
Solution found proactively quantile
Reached infeasible reactive
22:51:01,152 - __main__ - INFO - Sample 4
Solution found proactively quantile
Reached infeasible reactive
22:51:02,691 - __main__ - INFO - Sample 5
Solution found proactively quantile
Reached infeasible reactive
22:51:04,131 - __main__ - INFO - Sample 6
Solution found proactively quantile
Reached infeasible reactive
22:51:05,662 - __main__ - INFO - Sample 7
Solution found proactively quantile
Reached infeasible reactive
22:51:07,102 - __main__ - INFO - Sample 8
Solution found proactively quantile
Reached infeasible reactive
22:51:08,415 - __main__ - INFO - Sample 9
Solution found proactively quantile
Reached infeasible reactive
22:51:09,904 - __main__ - INFO - ---------------------------------j1018_2.mm---------------------------------
22:51:09,961 - __main__ - INFO - Sample 0
Solution found proactively quantile
Reached infeasible reactive
22:51:10,115 - __main__ - INFO - The solution is infeasible
22:51:10,115 - __main__ - INFO - Sample 1
Solution found proactively quantile
22:51:10,407 - __main__ - INFO - The solution is infeasible
22:51:10,407 - __main__ - INFO - Sample 2
Solution found proactively quantile
Reached infeasible reactive
22:51:10,559 - __main__ - INFO - The solution is infeasible
22:51:10,560 - __main__ - INFO - Sample 3
Solution found proactively quantile
Reached infeasible reactive
22:51:10,693 - __main__ - INFO - The solution is infeasible
22:51:10,694 - __main__ - INFO - Sample 4
Solution found proactively quantile
Reached infeasible reactive
22:51:10,849 - __main__ - INFO - The solution is infeasible
22:51:10,849 - __main__ - INFO - Sample 5
Solution found proactively quantile
Reached infeasible reactive
22:51:11,028 - __main__ - INFO - The solution is infeasible
22:51:11,029 - __main__ - INFO - Sample 6
Solution found proactively quantile
Reached infeasible reactive
22:51:11,159 - __main__ - INFO - The solution is infeasible
22:51:11,159 - __main__ - INFO - Sample 7
Solution found proactively quantile
Reached infeasible reactive
22:51:11,305 - __main__ - INFO - The solution is infeasible
22:51:11,305 - __main__ - INFO - Sample 8
Solution found proactively quantile
Reached infeasible reactive
22:51:11,495 - __main__ - INFO - The solution is infeasible
22:51:11,496 - __main__ - INFO - Sample 9
Solution found proactively quantile
Reached infeasible reactive
22:51:11,664 - __main__ - INFO - The solution is infeasible
22:51:11,664 - __main__ - INFO - ---------------------------------j1048_7.mm---------------------------------
22:51:11,714 - __main__ - INFO - Sample 0
Solution found proactively quantile
22:51:11,787 - __main__ - INFO - The solution is infeasible
22:51:11,886 - __main__ - INFO - The solution is infeasible
22:51:11,886 - __main__ - INFO - Sample 1
Solution found proactively quantile
22:51:11,958 - __main__ - INFO - The solution is infeasible
22:51:12,058 - __main__ - INFO - The solution is infeasible
22:51:12,058 - __main__ - INFO - Sample 2
Solution found proactively quantile
22:51:12,130 - __main__ - INFO - The solution is infeasible
22:51:12,229 - __main__ - INFO - The solution is infeasible
22:51:12,229 - __main__ - INFO - Sample 3
Solution found proactively quantile
22:51:12,302 - __main__ - INFO - The solution is infeasible
22:51:12,399 - __main__ - INFO - The solution is infeasible
22:51:12,399 - __main__ - INFO - Sample 4
Solution found proactively quantile
22:51:12,472 - __main__ - INFO - The solution is infeasible
22:51:12,571 - __main__ - INFO - The solution is infeasible
22:51:12,572 - __main__ - INFO - Sample 5
Solution found proactively quantile
22:51:12,645 - __main__ - INFO - The solution is infeasible
22:51:12,743 - __main__ - INFO - The solution is infeasible
22:51:12,743 - __main__ - INFO - Sample 6
Solution found proactively quantile
22:51:12,817 - __main__ - INFO - The solution is infeasible
22:51:12,915 - __main__ - INFO - The solution is infeasible
22:51:12,915 - __main__ - INFO - Sample 7
Solution found proactively quantile
22:51:12,988 - __main__ - INFO - The solution is infeasible
22:51:13,087 - __main__ - INFO - The solution is infeasible
22:51:13,087 - __main__ - INFO - Sample 8
Solution found proactively quantile
22:51:13,160 - __main__ - INFO - The solution is infeasible
22:51:13,258 - __main__ - INFO - The solution is infeasible
22:51:13,259 - __main__ - INFO - Sample 9
Solution found proactively quantile
22:51:13,331 - __main__ - INFO - The solution is infeasible
22:51:13,428 - __main__ - INFO - The solution is infeasible
22:51:13,428 - __main__ - INFO - ---------------------------------j1026_1.mm---------------------------------
22:51:13,465 - __main__ - INFO - Sample 0
Solution found proactively quantile
22:51:13,571 - __main__ - INFO - The solution is infeasible
22:51:13,681 - __main__ - INFO - The solution is infeasible
22:51:13,682 - __main__ - INFO - Sample 1
Solution found proactively quantile
22:51:13,786 - __main__ - INFO - The solution is infeasible
22:51:13,897 - __main__ - INFO - The solution is infeasible
22:51:13,897 - __main__ - INFO - Sample 2
Solution found proactively quantile
22:51:14,003 - __main__ - INFO - The solution is infeasible
22:51:14,117 - __main__ - INFO - The solution is infeasible
22:51:14,118 - __main__ - INFO - Sample 3
Solution found proactively quantile
22:51:14,223 - __main__ - INFO - The solution is infeasible
22:51:14,333 - __main__ - INFO - The solution is infeasible
22:51:14,334 - __main__ - INFO - Sample 4
Solution found proactively quantile
22:51:14,438 - __main__ - INFO - The solution is infeasible
22:51:14,547 - __main__ - INFO - The solution is infeasible
22:51:14,547 - __main__ - INFO - Sample 5
Solution found proactively quantile
22:51:14,651 - __main__ - INFO - The solution is infeasible
22:51:14,760 - __main__ - INFO - The solution is infeasible
22:51:14,760 - __main__ - INFO - Sample 6
Solution found proactively quantile
22:51:14,864 - __main__ - INFO - The solution is infeasible
22:51:14,973 - __main__ - INFO - The solution is infeasible
22:51:14,973 - __main__ - INFO - Sample 7
Solution found proactively quantile
22:51:15,079 - __main__ - INFO - The solution is infeasible
22:51:15,188 - __main__ - INFO - The solution is infeasible
22:51:15,188 - __main__ - INFO - Sample 8
Solution found proactively quantile
22:51:15,293 - __main__ - INFO - The solution is infeasible
22:51:15,403 - __main__ - INFO - The solution is infeasible
22:51:15,403 - __main__ - INFO - Sample 9
Solution found proactively quantile
22:51:15,507 - __main__ - INFO - The solution is infeasible
22:51:15,619 - __main__ - INFO - The solution is infeasible
22:51:15,619 - __main__ - INFO - ---------------------------------j1043_5.mm---------------------------------
22:51:15,758 - __main__ - INFO - Sample 0
Solution found proactively quantile
Reached infeasible reactive
22:51:17,185 - __main__ - INFO - Sample 1
Solution found proactively quantile
Reached infeasible reactive
22:51:18,852 - __main__ - INFO - Sample 2
Solution found proactively quantile
Reached infeasible reactive
22:51:20,223 - __main__ - INFO - Sample 3
Solution found proactively quantile
Reached infeasible reactive
22:51:21,689 - __main__ - INFO - Sample 4
Solution found proactively quantile
Reached infeasible reactive
22:51:23,152 - __main__ - INFO - Sample 5
Solution found proactively quantile
Reached infeasible reactive
22:51:24,793 - __main__ - INFO - Sample 6
Solution found proactively quantile
Reached infeasible reactive
22:51:26,188 - __main__ - INFO - Sample 7
Solution found proactively quantile
Reached infeasible reactive
22:51:27,733 - __main__ - INFO - Sample 8
Solution found proactively quantile
Reached infeasible reactive
22:51:29,110 - __main__ - INFO - Sample 9
Solution found proactively quantile
Reached infeasible reactive
22:51:30,612 - __main__ - INFO - ---------------------------------j1061_10.mm---------------------------------
22:51:30,645 - __main__ - INFO - Sample 0
Solution found proactively quantile
Reached infeasible reactive
22:51:32,158 - __main__ - INFO - Sample 1
Solution found proactively quantile
Reached infeasible reactive
22:51:33,515 - __main__ - INFO - Sample 2
Solution found proactively quantile
Reached infeasible reactive
22:51:34,907 - __main__ - INFO - Sample 3
Solution found proactively quantile
Reached infeasible reactive
22:51:36,215 - __main__ - INFO - Sample 4
Solution found proactively quantile
Reached infeasible reactive
22:51:37,465 - __main__ - INFO - Sample 5
Solution found proactively quantile
Reached infeasible reactive
22:51:38,864 - __main__ - INFO - Sample 6
Solution found proactively quantile
Reached infeasible reactive
22:51:40,191 - __main__ - INFO - Sample 7
Solution found proactively quantile
Reached infeasible reactive
22:51:41,706 - __main__ - INFO - Sample 8
Solution found proactively quantile
Reached infeasible reactive
22:51:43,041 - __main__ - INFO - Sample 9
Solution found proactively quantile
Reached infeasible reactive
22:51:44,389 - __main__ - INFO - ---------------------------------j1014_4.mm---------------------------------
22:51:44,467 - __main__ - INFO - Sample 0
Solution found proactively quantile
Reached infeasible reactive
22:51:45,865 - __main__ - INFO - Sample 1
Solution found proactively quantile
Reached infeasible reactive
22:51:47,296 - __main__ - INFO - Sample 2
Solution found proactively quantile
Reached infeasible reactive
22:51:48,596 - __main__ - INFO - Sample 3
Solution found proactively quantile
22:51:50,185 - __main__ - INFO - Sample 4
Solution found proactively quantile
Reached infeasible reactive
22:51:51,575 - __main__ - INFO - Sample 5
Solution found proactively quantile
Reached infeasible reactive
22:51:53,155 - __main__ - INFO - Sample 6
Solution found proactively quantile
Reached infeasible reactive
22:51:54,498 - __main__ - INFO - Sample 7
Solution found proactively quantile
Reached infeasible reactive
22:51:56,007 - __main__ - INFO - Sample 8
Solution found proactively quantile
Reached infeasible reactive
22:51:57,583 - __main__ - INFO - Sample 9
Solution found proactively quantile
Reached infeasible reactive
22:51:58,985 - __main__ - INFO - ---------------------------------j1038_4.mm---------------------------------
22:51:59,055 - __main__ - INFO - Sample 0
Solution found proactively quantile
Reached infeasible reactive
22:52:00,595 - __main__ - INFO - Sample 1
Solution found proactively quantile
Reached infeasible reactive
22:52:02,061 - __main__ - INFO - Sample 2
Solution found proactively quantile
Reached infeasible reactive
22:52:03,601 - __main__ - INFO - Sample 3
Solution found proactively quantile
Reached infeasible reactive
22:52:05,021 - __main__ - INFO - Sample 4
Solution found proactively quantile
Reached infeasible reactive
22:52:06,584 - __main__ - INFO - Sample 5
Solution found proactively quantile
Reached infeasible reactive
22:52:08,158 - __main__ - INFO - Sample 6
Solution found proactively quantile
Reached infeasible reactive
22:52:09,656 - __main__ - INFO - Sample 7
Solution found proactively quantile
Reached infeasible reactive
22:52:11,268 - __main__ - INFO - Sample 8
Solution found proactively quantile
Reached infeasible reactive
22:52:12,849 - __main__ - INFO - Sample 9
Solution found proactively quantile
Reached infeasible reactive
22:52:14,311 - __main__ - INFO - ---------------------------------j1019_10.mm---------------------------------
22:52:14,363 - __main__ - INFO - Sample 0
Solution found proactively quantile
Reached infeasible reactive
22:52:14,491 - __main__ - INFO - The solution is infeasible
22:52:14,491 - __main__ - INFO - Sample 1
Solution found proactively quantile
Reached infeasible reactive
22:52:14,639 - __main__ - INFO - The solution is infeasible
22:52:14,639 - __main__ - INFO - Sample 2
Solution found proactively quantile
Reached infeasible reactive
22:52:14,797 - __main__ - INFO - The solution is infeasible
22:52:14,798 - __main__ - INFO - Sample 3
Solution found proactively quantile
Reached infeasible reactive
22:52:14,935 - __main__ - INFO - The solution is infeasible
22:52:14,935 - __main__ - INFO - Sample 4
Solution found proactively quantile
Reached infeasible reactive
22:52:15,054 - __main__ - INFO - The solution is infeasible
22:52:15,054 - __main__ - INFO - Sample 5
Solution found proactively quantile
Reached infeasible reactive
22:52:15,173 - __main__ - INFO - The solution is infeasible
22:52:15,173 - __main__ - INFO - Sample 6
Solution found proactively quantile
Reached infeasible reactive
22:52:15,432 - __main__ - INFO - The solution is infeasible
22:52:15,432 - __main__ - INFO - Sample 7
Solution found proactively quantile
Reached infeasible reactive
22:52:15,648 - __main__ - INFO - The solution is infeasible
22:52:15,648 - __main__ - INFO - Sample 8
Solution found proactively quantile
Reached infeasible reactive
22:52:15,771 - __main__ - INFO - The solution is infeasible
22:52:15,772 - __main__ - INFO - Sample 9
Solution found proactively quantile
Reached infeasible reactive
22:52:15,936 - __main__ - INFO - The solution is infeasible
22:52:15,936 - __main__ - INFO - ---------------------------------j1050_1.mm---------------------------------
22:52:15,989 - __main__ - INFO - Sample 0
Solution found proactively quantile
22:52:16,072 - __main__ - INFO - The solution is infeasible
22:52:16,217 - __main__ - INFO - The solution is infeasible
22:52:16,217 - __main__ - INFO - Sample 1
Solution found proactively quantile
22:52:16,300 - __main__ - INFO - The solution is infeasible
22:52:16,445 - __main__ - INFO - The solution is infeasible
22:52:16,445 - __main__ - INFO - Sample 2
Solution found proactively quantile
22:52:16,527 - __main__ - INFO - The solution is infeasible
22:52:16,674 - __main__ - INFO - The solution is infeasible
22:52:16,674 - __main__ - INFO - Sample 3
Solution found proactively quantile
22:52:16,756 - __main__ - INFO - The solution is infeasible
22:52:16,901 - __main__ - INFO - The solution is infeasible
22:52:16,901 - __main__ - INFO - Sample 4
Solution found proactively quantile
22:52:16,983 - __main__ - INFO - The solution is infeasible
22:52:17,127 - __main__ - INFO - The solution is infeasible
22:52:17,127 - __main__ - INFO - Sample 5
Solution found proactively quantile
22:52:17,209 - __main__ - INFO - The solution is infeasible
22:52:17,353 - __main__ - INFO - The solution is infeasible
22:52:17,353 - __main__ - INFO - Sample 6
Solution found proactively quantile
22:52:17,435 - __main__ - INFO - The solution is infeasible
22:52:17,579 - __main__ - INFO - The solution is infeasible
22:52:17,580 - __main__ - INFO - Sample 7
Solution found proactively quantile
22:52:17,662 - __main__ - INFO - The solution is infeasible
22:52:17,808 - __main__ - INFO - The solution is infeasible
22:52:17,808 - __main__ - INFO - Sample 8
Solution found proactively quantile
22:52:17,892 - __main__ - INFO - The solution is infeasible
22:52:18,037 - __main__ - INFO - The solution is infeasible
22:52:18,037 - __main__ - INFO - Sample 9
Solution found proactively quantile
22:52:18,119 - __main__ - INFO - The solution is infeasible
22:52:18,266 - __main__ - INFO - The solution is infeasible
22:52:18,266 - __main__ - INFO - ---------------------------------j1055_7.mm---------------------------------
22:52:18,333 - __main__ - INFO - Sample 0
Solution found proactively quantile
Reached infeasible reactive
22:52:19,826 - __main__ - INFO - Sample 1
Solution found proactively quantile
Reached infeasible reactive
22:52:21,389 - __main__ - INFO - Sample 2
Solution found proactively quantile
Reached infeasible reactive
22:52:22,945 - __main__ - INFO - Sample 3
Solution found proactively quantile
Reached infeasible reactive
22:52:24,505 - __main__ - INFO - Sample 4
Solution found proactively quantile
Reached infeasible reactive
22:52:26,026 - __main__ - INFO - Sample 5
Solution found proactively quantile
Reached infeasible reactive
22:52:27,642 - __main__ - INFO - Sample 6
Solution found proactively quantile
Reached infeasible reactive
22:52:29,269 - __main__ - INFO - Sample 7
Solution found proactively quantile
Reached infeasible reactive
22:52:30,775 - __main__ - INFO - Sample 8
Solution found proactively quantile
Reached infeasible reactive
22:52:32,432 - __main__ - INFO - Sample 9
Solution found proactively quantile
Reached infeasible reactive
22:52:33,995 - __main__ - INFO - ---------------------------------j1014_7.mm---------------------------------
22:52:34,040 - __main__ - INFO - Sample 0
Solution found proactively quantile
Reached infeasible reactive
22:52:35,524 - __main__ - INFO - Sample 1
Solution found proactively quantile
Reached infeasible reactive
22:52:36,802 - __main__ - INFO - Sample 2
Solution found proactively quantile
Reached infeasible reactive
22:52:38,244 - __main__ - INFO - Sample 3
Solution found proactively quantile
Reached infeasible reactive
22:52:39,569 - __main__ - INFO - Sample 4
Solution found proactively quantile
Reached infeasible reactive
22:52:40,922 - __main__ - INFO - Sample 5
Solution found proactively quantile
Reached infeasible reactive
22:52:42,181 - __main__ - INFO - Sample 6
Solution found proactively quantile
Reached infeasible reactive
22:52:43,640 - __main__ - INFO - Sample 7
Solution found proactively quantile
Reached infeasible reactive
22:52:44,876 - __main__ - INFO - Sample 8
Solution found proactively quantile
Reached infeasible reactive
22:52:46,298 - __main__ - INFO - Sample 9
Solution found proactively quantile
22:52:47,630 - __main__ - INFO - ---------------------------------j1061_7.mm---------------------------------
22:52:47,685 - __main__ - INFO - Sample 0
Solution found proactively quantile
Reached infeasible reactive
22:52:49,269 - __main__ - INFO - Sample 1
Solution found proactively quantile
22:52:50,850 - __main__ - INFO - Sample 2
Solution found proactively quantile
Reached infeasible reactive
22:52:52,377 - __main__ - INFO - Sample 3
Solution found proactively quantile
Reached infeasible reactive
22:52:53,968 - __main__ - INFO - Sample 4
Solution found proactively quantile
22:52:55,587 - __main__ - INFO - Sample 5
Solution found proactively quantile
Reached infeasible reactive
22:52:57,231 - __main__ - INFO - Sample 6
Solution found proactively quantile
Reached infeasible reactive
22:52:58,935 - __main__ - INFO - Sample 7
Solution found proactively quantile
Reached infeasible reactive
22:53:00,439 - __main__ - INFO - Sample 8
Solution found proactively quantile
Reached infeasible reactive
22:53:02,161 - __main__ - INFO - Sample 9
Solution found proactively quantile
Reached infeasible reactive
22:53:03,833 - __main__ - INFO - ---------------------------------j105_4.mm---------------------------------
22:53:04,028 - __main__ - INFO - Sample 0
Solution found proactively quantile
Reached infeasible reactive
22:53:05,338 - __main__ - INFO - Sample 1
Solution found proactively quantile
Reached infeasible reactive
22:53:06,631 - __main__ - INFO - Sample 2
Solution found proactively quantile
Reached infeasible reactive
22:53:07,929 - __main__ - INFO - Sample 3
Solution found proactively quantile
Reached infeasible reactive
22:53:09,285 - __main__ - INFO - Sample 4
Solution found proactively quantile
Reached infeasible reactive
22:53:10,682 - __main__ - INFO - Sample 5
Solution found proactively quantile
22:53:12,067 - __main__ - INFO - Sample 6
Solution found proactively quantile
Reached infeasible reactive
22:53:13,491 - __main__ - INFO - Sample 7
Solution found proactively quantile
Reached infeasible reactive
22:53:14,921 - __main__ - INFO - Sample 8
Solution found proactively quantile
Reached infeasible reactive
22:53:16,342 - __main__ - INFO - Sample 9
Solution found proactively quantile
22:53:17,706 - __main__ - INFO - ---------------------------------j1029_7.mm---------------------------------
22:53:17,762 - __main__ - INFO - Sample 0
Solution found proactively quantile
Reached infeasible reactive
22:53:19,280 - __main__ - INFO - Sample 1
Solution found proactively quantile
Reached infeasible reactive
22:53:20,805 - __main__ - INFO - Sample 2
Solution found proactively quantile
Reached infeasible reactive
22:53:22,581 - __main__ - INFO - Sample 3
Solution found proactively quantile
Reached infeasible reactive
22:53:24,183 - __main__ - INFO - Sample 4
Solution found proactively quantile
Reached infeasible reactive
22:53:25,788 - __main__ - INFO - Sample 5
Solution found proactively quantile
Reached infeasible reactive
22:53:27,324 - __main__ - INFO - Sample 6
Solution found proactively quantile
Reached infeasible reactive
22:53:28,792 - __main__ - INFO - Sample 7
Solution found proactively quantile
Reached infeasible reactive
22:53:30,323 - __main__ - INFO - Sample 8
Solution found proactively quantile
22:53:32,028 - __main__ - INFO - Sample 9
Solution found proactively quantile
Reached infeasible reactive
22:53:33,568 - __main__ - INFO - ---------------------------------j1016_6.mm---------------------------------
22:53:33,607 - __main__ - INFO - Sample 0
Solution found proactively quantile
Reached infeasible reactive
22:53:35,141 - __main__ - INFO - Sample 1
Solution found proactively quantile
Reached infeasible reactive
22:53:36,562 - __main__ - INFO - Sample 2
Solution found proactively quantile
Reached infeasible reactive
22:53:37,999 - __main__ - INFO - Sample 3
Solution found proactively quantile
Reached infeasible reactive
22:53:39,326 - __main__ - INFO - Sample 4
Solution found proactively quantile
Reached infeasible reactive
22:53:40,789 - __main__ - INFO - Sample 5
Solution found proactively quantile
Reached infeasible reactive
22:53:42,521 - __main__ - INFO - Sample 6
Solution found proactively quantile
Reached infeasible reactive
22:53:43,890 - __main__ - INFO - Sample 7
Solution found proactively quantile
Reached infeasible reactive
22:53:45,380 - __main__ - INFO - Sample 8
Solution found proactively quantile
Reached infeasible reactive
22:53:46,780 - __main__ - INFO - Sample 9
Solution found proactively quantile
Reached infeasible reactive
22:53:48,256 - __main__ - INFO - ---------------------------------j1012_6.mm---------------------------------
22:53:48,313 - __main__ - INFO - Sample 0
Solution found proactively quantile
Reached infeasible reactive
22:53:48,503 - __main__ - INFO - The solution is infeasible
22:53:48,503 - __main__ - INFO - Sample 1
Solution found proactively quantile
Reached infeasible reactive
22:53:48,662 - __main__ - INFO - The solution is infeasible
22:53:48,663 - __main__ - INFO - Sample 2
Solution found proactively quantile
Reached infeasible reactive
22:53:48,873 - __main__ - INFO - The solution is infeasible
22:53:48,873 - __main__ - INFO - Sample 3
Solution found proactively quantile
Reached infeasible reactive
22:53:49,001 - __main__ - INFO - The solution is infeasible
22:53:49,001 - __main__ - INFO - Sample 4
Solution found proactively quantile
22:53:49,224 - __main__ - INFO - The solution is infeasible
22:53:49,225 - __main__ - INFO - Sample 5
Solution found proactively quantile
Reached infeasible reactive
22:53:49,349 - __main__ - INFO - The solution is infeasible
22:53:49,349 - __main__ - INFO - Sample 6
Solution found proactively quantile
Reached infeasible reactive
22:53:49,518 - __main__ - INFO - The solution is infeasible
22:53:49,519 - __main__ - INFO - Sample 7
Solution found proactively quantile
Reached infeasible reactive
22:53:49,660 - __main__ - INFO - The solution is infeasible
22:53:49,660 - __main__ - INFO - Sample 8
Solution found proactively quantile
Reached infeasible reactive
22:53:49,813 - __main__ - INFO - The solution is infeasible
22:53:49,813 - __main__ - INFO - Sample 9
Solution found proactively quantile
Reached infeasible reactive
22:53:49,959 - __main__ - INFO - The solution is infeasible
22:53:49,959 - __main__ - INFO - ---------------------------------j1036_2.mm---------------------------------
22:53:49,991 - __main__ - INFO - Sample 0
Solution found proactively quantile
22:53:50,169 - __main__ - INFO - The solution is infeasible
22:53:50,350 - __main__ - INFO - The solution is infeasible
22:53:50,350 - __main__ - INFO - Sample 1
Solution found proactively quantile
22:53:50,530 - __main__ - INFO - The solution is infeasible
22:53:50,710 - __main__ - INFO - The solution is infeasible
22:53:50,710 - __main__ - INFO - Sample 2
Solution found proactively quantile
22:53:50,888 - __main__ - INFO - The solution is infeasible
22:53:51,070 - __main__ - INFO - The solution is infeasible
22:53:51,070 - __main__ - INFO - Sample 3
Solution found proactively quantile
22:53:51,249 - __main__ - INFO - The solution is infeasible
22:53:51,431 - __main__ - INFO - The solution is infeasible
22:53:51,431 - __main__ - INFO - Sample 4
Solution found proactively quantile
22:53:51,611 - __main__ - INFO - The solution is infeasible
22:53:51,793 - __main__ - INFO - The solution is infeasible
22:53:51,793 - __main__ - INFO - Sample 5
Solution found proactively quantile
22:53:51,971 - __main__ - INFO - The solution is infeasible
22:53:52,151 - __main__ - INFO - The solution is infeasible
22:53:52,151 - __main__ - INFO - Sample 6
Solution found proactively quantile
22:53:52,331 - __main__ - INFO - The solution is infeasible
22:53:52,514 - __main__ - INFO - The solution is infeasible
22:53:52,514 - __main__ - INFO - Sample 7
Solution found proactively quantile
22:53:52,692 - __main__ - INFO - The solution is infeasible
22:53:52,876 - __main__ - INFO - The solution is infeasible
22:53:52,876 - __main__ - INFO - Sample 8
Solution found proactively quantile
22:53:53,053 - __main__ - INFO - The solution is infeasible
22:53:53,234 - __main__ - INFO - The solution is infeasible
22:53:53,234 - __main__ - INFO - Sample 9
Solution found proactively quantile
22:53:53,413 - __main__ - INFO - The solution is infeasible
22:53:53,595 - __main__ - INFO - The solution is infeasible
22:53:53,595 - __main__ - INFO - ---------------------------------j1043_10.mm---------------------------------
22:53:53,627 - __main__ - INFO - Sample 0
Solution found proactively quantile
Reached infeasible reactive
22:53:53,838 - __main__ - INFO - The solution is infeasible
22:53:53,838 - __main__ - INFO - Sample 1
Solution found proactively quantile
Reached infeasible reactive
22:53:54,181 - __main__ - INFO - The solution is infeasible
22:53:54,181 - __main__ - INFO - Sample 2
Solution found proactively quantile
Reached infeasible reactive
22:53:54,411 - __main__ - INFO - The solution is infeasible
22:53:54,411 - __main__ - INFO - Sample 3
Solution found proactively quantile
Reached infeasible reactive
22:53:54,585 - __main__ - INFO - The solution is infeasible
22:53:54,586 - __main__ - INFO - Sample 4
Solution found proactively quantile
Reached infeasible reactive
22:53:54,940 - __main__ - INFO - The solution is infeasible
22:53:54,940 - __main__ - INFO - Sample 5
Solution found proactively quantile
Reached infeasible reactive
22:53:55,176 - __main__ - INFO - The solution is infeasible
22:53:55,176 - __main__ - INFO - Sample 6
Solution found proactively quantile
Reached infeasible reactive
22:53:55,538 - __main__ - INFO - The solution is infeasible
22:53:55,538 - __main__ - INFO - Sample 7
Solution found proactively quantile
Reached infeasible reactive
22:53:55,726 - __main__ - INFO - The solution is infeasible
22:53:55,726 - __main__ - INFO - Sample 8
Solution found proactively quantile
Reached infeasible reactive
22:53:55,897 - __main__ - INFO - The solution is infeasible
22:53:55,897 - __main__ - INFO - Sample 9
Solution found proactively quantile
Reached infeasible reactive
22:53:56,184 - __main__ - INFO - The solution is infeasible
22:53:56,184 - __main__ - INFO - ---------------------------------j1055_8.mm---------------------------------
22:53:56,213 - __main__ - INFO - Sample 0
Solution found proactively quantile
Reached infeasible reactive
22:53:57,707 - __main__ - INFO - Sample 1
Solution found proactively quantile
Reached infeasible reactive
22:53:59,060 - __main__ - INFO - Sample 2
Solution found proactively quantile
Reached infeasible reactive
22:54:00,552 - __main__ - INFO - Sample 3
Solution found proactively quantile
Reached infeasible reactive
22:54:01,990 - __main__ - INFO - Sample 4
Solution found proactively quantile
Reached infeasible reactive
22:54:04,049 - __main__ - INFO - Sample 5
Solution found proactively quantile
Reached infeasible reactive
22:54:05,518 - __main__ - INFO - Sample 6
Solution found proactively quantile
Reached infeasible reactive
22:54:07,064 - __main__ - INFO - Sample 7
Solution found proactively quantile
Reached infeasible reactive
22:54:08,505 - __main__ - INFO - Sample 8
Solution found proactively quantile
Reached infeasible reactive
22:54:09,848 - __main__ - INFO - Sample 9
Solution found proactively quantile
Reached infeasible reactive
22:54:11,371 - __main__ - INFO - ---------------------------------j1044_4.mm---------------------------------
22:54:11,463 - __main__ - INFO - Sample 0
Solution found proactively quantile
Reached infeasible reactive
22:54:13,202 - __main__ - INFO - Sample 1
Solution found proactively quantile
Reached infeasible reactive
22:54:15,364 - __main__ - INFO - Sample 2
Solution found proactively quantile
Reached infeasible reactive
22:54:16,713 - __main__ - INFO - Sample 3
Solution found proactively quantile
Reached infeasible reactive
22:54:18,273 - __main__ - INFO - Sample 4
Solution found proactively quantile
Reached infeasible reactive
22:54:19,669 - __main__ - INFO - Sample 5
Solution found proactively quantile
Reached infeasible reactive
22:54:20,991 - __main__ - INFO - Sample 6
Solution found proactively quantile
Reached infeasible reactive
22:54:22,643 - __main__ - INFO - Sample 7
Solution found proactively quantile
Reached infeasible reactive
22:54:24,020 - __main__ - INFO - Sample 8
Solution found proactively quantile
Reached infeasible reactive
22:54:25,584 - __main__ - INFO - Sample 9
Solution found proactively quantile
Reached infeasible reactive
22:54:27,126 - __main__ - INFO - ---------------------------------j107_8.mm---------------------------------
22:54:27,188 - __main__ - INFO - Sample 0
Solution found proactively quantile
22:54:27,258 - __main__ - INFO - The solution is infeasible
22:54:27,418 - __main__ - INFO - The solution is infeasible
22:54:27,419 - __main__ - INFO - Sample 1
Solution found proactively quantile
22:54:27,487 - __main__ - INFO - The solution is infeasible
22:54:27,644 - __main__ - INFO - The solution is infeasible
22:54:27,644 - __main__ - INFO - Sample 2
Solution found proactively quantile
22:54:27,713 - __main__ - INFO - The solution is infeasible
22:54:27,873 - __main__ - INFO - The solution is infeasible
22:54:27,873 - __main__ - INFO - Sample 3
Solution found proactively quantile
22:54:27,941 - __main__ - INFO - The solution is infeasible
22:54:28,099 - __main__ - INFO - The solution is infeasible
22:54:28,099 - __main__ - INFO - Sample 4
Solution found proactively quantile
22:54:28,168 - __main__ - INFO - The solution is infeasible
22:54:28,328 - __main__ - INFO - The solution is infeasible
22:54:28,328 - __main__ - INFO - Sample 5
Solution found proactively quantile
22:54:28,505 - __main__ - INFO - The solution is infeasible
22:54:28,663 - __main__ - INFO - The solution is infeasible
22:54:28,663 - __main__ - INFO - Sample 6
Solution found proactively quantile
22:54:28,733 - __main__ - INFO - The solution is infeasible
22:54:28,893 - __main__ - INFO - The solution is infeasible
22:54:28,893 - __main__ - INFO - Sample 7
Solution found proactively quantile
22:54:28,964 - __main__ - INFO - The solution is infeasible
22:54:29,124 - __main__ - INFO - The solution is infeasible
22:54:29,124 - __main__ - INFO - Sample 8
Solution found proactively quantile
22:54:29,194 - __main__ - INFO - The solution is infeasible
22:54:29,354 - __main__ - INFO - The solution is infeasible
22:54:29,354 - __main__ - INFO - Sample 9
Solution found proactively quantile
22:54:29,424 - __main__ - INFO - The solution is infeasible
22:54:29,583 - __main__ - INFO - The solution is infeasible
22:54:29,583 - __main__ - INFO - ---------------------------------j1021_4.mm---------------------------------
22:54:29,643 - __main__ - INFO - Sample 0
Solution found proactively quantile
Reached infeasible reactive
22:54:31,158 - __main__ - INFO - Sample 1
Solution found proactively quantile
Reached infeasible reactive
22:54:33,061 - __main__ - INFO - Sample 2
Solution found proactively quantile
Reached infeasible reactive
22:54:35,446 - __main__ - INFO - Sample 3
Solution found proactively quantile
Reached infeasible reactive
22:54:37,026 - __main__ - INFO - Sample 4
Solution found proactively quantile
Reached infeasible reactive
22:54:38,604 - __main__ - INFO - Sample 5
Solution found proactively quantile
Reached infeasible reactive
22:54:40,190 - __main__ - INFO - Sample 6
Solution found proactively quantile
Reached infeasible reactive
22:54:41,773 - __main__ - INFO - Sample 7
Solution found proactively quantile
Reached infeasible reactive
22:54:43,438 - __main__ - INFO - Sample 8
Solution found proactively quantile
Reached infeasible reactive
22:54:45,109 - __main__ - INFO - Sample 9
Solution found proactively quantile
Reached infeasible reactive
22:54:46,986 - __main__ - INFO - ---------------------------------j107_6.mm---------------------------------
22:54:47,056 - __main__ - INFO - Sample 0
Solution found proactively quantile
22:54:47,131 - __main__ - INFO - The solution is infeasible
22:54:47,215 - __main__ - INFO - The solution is infeasible
22:54:47,215 - __main__ - INFO - Sample 1
Solution found proactively quantile
22:54:47,290 - __main__ - INFO - The solution is infeasible
22:54:47,373 - __main__ - INFO - The solution is infeasible
22:54:47,373 - __main__ - INFO - Sample 2
Solution found proactively quantile
22:54:47,448 - __main__ - INFO - The solution is infeasible
22:54:47,530 - __main__ - INFO - The solution is infeasible
22:54:47,531 - __main__ - INFO - Sample 3
Solution found proactively quantile
22:54:47,606 - __main__ - INFO - The solution is infeasible
22:54:47,689 - __main__ - INFO - The solution is infeasible
22:54:47,689 - __main__ - INFO - Sample 4
Solution found proactively quantile
22:54:47,764 - __main__ - INFO - The solution is infeasible
22:54:47,845 - __main__ - INFO - The solution is infeasible
22:54:47,846 - __main__ - INFO - Sample 5
Solution found proactively quantile
22:54:47,921 - __main__ - INFO - The solution is infeasible
22:54:48,003 - __main__ - INFO - The solution is infeasible
22:54:48,003 - __main__ - INFO - Sample 6
Solution found proactively quantile
22:54:48,078 - __main__ - INFO - The solution is infeasible
22:54:48,161 - __main__ - INFO - The solution is infeasible
22:54:48,161 - __main__ - INFO - Sample 7
Solution found proactively quantile
22:54:48,237 - __main__ - INFO - The solution is infeasible
22:54:48,319 - __main__ - INFO - The solution is infeasible
22:54:48,319 - __main__ - INFO - Sample 8
Solution found proactively quantile
22:54:48,394 - __main__ - INFO - The solution is infeasible
22:54:48,478 - __main__ - INFO - The solution is infeasible
22:54:48,478 - __main__ - INFO - Sample 9
Solution found proactively quantile
22:54:48,552 - __main__ - INFO - The solution is infeasible
22:54:48,635 - __main__ - INFO - The solution is infeasible
22:54:48,635 - __main__ - INFO - ---------------------------------j1011_2.mm---------------------------------
22:54:48,723 - __main__ - INFO - Sample 0
Solution found proactively quantile
Reached infeasible reactive
22:54:50,229 - __main__ - INFO - Sample 1
Solution found proactively quantile
Reached infeasible reactive
22:54:51,659 - __main__ - INFO - Sample 2
Solution found proactively quantile
Reached infeasible reactive
22:54:53,132 - __main__ - INFO - Sample 3
Solution found proactively quantile
Reached infeasible reactive
22:54:54,587 - __main__ - INFO - Sample 4
Solution found proactively quantile
Reached infeasible reactive
22:54:56,266 - __main__ - INFO - Sample 5
Solution found proactively quantile
Reached infeasible reactive
22:54:57,838 - __main__ - INFO - Sample 6
Solution found proactively quantile
Reached infeasible reactive
22:54:59,185 - __main__ - INFO - Sample 7
Solution found proactively quantile
Reached infeasible reactive
22:55:00,662 - __main__ - INFO - Sample 8
Solution found proactively quantile
Reached infeasible reactive
22:55:02,069 - __main__ - INFO - Sample 9
Solution found proactively quantile
Reached infeasible reactive
22:55:03,509 - __main__ - INFO - ---------------------------------j1026_5.mm---------------------------------
22:55:03,563 - __main__ - INFO - Sample 0
Solution found proactively quantile
22:55:03,638 - __main__ - INFO - The solution is infeasible
22:55:03,822 - __main__ - INFO - The solution is infeasible
22:55:03,822 - __main__ - INFO - Sample 1
Solution found proactively quantile
22:55:03,893 - __main__ - INFO - The solution is infeasible
22:55:04,075 - __main__ - INFO - The solution is infeasible
22:55:04,075 - __main__ - INFO - Sample 2
Solution found proactively quantile
22:55:04,147 - __main__ - INFO - The solution is infeasible
22:55:04,328 - __main__ - INFO - The solution is infeasible
22:55:04,328 - __main__ - INFO - Sample 3
Solution found proactively quantile
22:55:04,400 - __main__ - INFO - The solution is infeasible
22:55:04,584 - __main__ - INFO - The solution is infeasible
22:55:04,584 - __main__ - INFO - Sample 4
Solution found proactively quantile
22:55:04,656 - __main__ - INFO - The solution is infeasible
22:55:04,839 - __main__ - INFO - The solution is infeasible
22:55:04,840 - __main__ - INFO - Sample 5
Solution found proactively quantile
22:55:04,910 - __main__ - INFO - The solution is infeasible
22:55:05,095 - __main__ - INFO - The solution is infeasible
22:55:05,095 - __main__ - INFO - Sample 6
Solution found proactively quantile
22:55:05,168 - __main__ - INFO - The solution is infeasible
22:55:05,350 - __main__ - INFO - The solution is infeasible
22:55:05,350 - __main__ - INFO - Sample 7
Solution found proactively quantile
22:55:05,420 - __main__ - INFO - The solution is infeasible
22:55:05,605 - __main__ - INFO - The solution is infeasible
22:55:05,605 - __main__ - INFO - Sample 8
Solution found proactively quantile
22:55:05,677 - __main__ - INFO - The solution is infeasible
22:55:05,859 - __main__ - INFO - The solution is infeasible
22:55:05,859 - __main__ - INFO - Sample 9
Solution found proactively quantile
22:55:05,930 - __main__ - INFO - The solution is infeasible
22:55:06,113 - __main__ - INFO - The solution is infeasible
22:55:06,113 - __main__ - INFO - ---------------------------------j1040_9.mm---------------------------------
22:55:06,147 - __main__ - INFO - Sample 0
Solution found proactively quantile
Reached infeasible reactive
22:55:11,623 - __main__ - INFO - The solution is infeasible
22:55:11,623 - __main__ - INFO - Sample 1
Solution found proactively quantile
Reached infeasible reactive
22:55:17,009 - __main__ - INFO - The solution is infeasible
22:55:17,010 - __main__ - INFO - Sample 2
Solution found proactively quantile
Reached infeasible reactive
22:55:22,705 - __main__ - INFO - The solution is infeasible
22:55:22,705 - __main__ - INFO - Sample 3
Solution found proactively quantile
Reached infeasible reactive
22:55:28,074 - __main__ - INFO - The solution is infeasible
22:55:28,074 - __main__ - INFO - Sample 4
Solution found proactively quantile
Reached infeasible reactive
22:55:33,426 - __main__ - INFO - The solution is infeasible
22:55:33,426 - __main__ - INFO - Sample 5
Solution found proactively quantile
Reached infeasible reactive
22:55:38,672 - __main__ - INFO - The solution is infeasible
22:55:38,672 - __main__ - INFO - Sample 6
Solution found proactively quantile
Reached infeasible reactive
22:55:43,884 - __main__ - INFO - The solution is infeasible
22:55:43,884 - __main__ - INFO - Sample 7
Solution found proactively quantile
Reached infeasible reactive
22:55:49,291 - __main__ - INFO - The solution is infeasible
22:55:49,292 - __main__ - INFO - Sample 8
Solution found proactively quantile
Reached infeasible reactive
22:55:54,612 - __main__ - INFO - The solution is infeasible
22:55:54,612 - __main__ - INFO - Sample 9
Solution found proactively quantile
Reached infeasible reactive
22:55:59,856 - __main__ - INFO - The solution is infeasible
22:55:59,856 - __main__ - INFO - ---------------------------------j1013_8.mm---------------------------------
22:55:59,897 - __main__ - INFO - Sample 0
Solution found proactively quantile
Reached infeasible reactive
22:56:01,251 - __main__ - INFO - Sample 1
Solution found proactively quantile
Reached infeasible reactive
22:56:02,502 - __main__ - INFO - Sample 2
Solution found proactively quantile
Reached infeasible reactive
22:56:03,807 - __main__ - INFO - Sample 3
Solution found proactively quantile
Reached infeasible reactive
22:56:05,027 - __main__ - INFO - Sample 4
Solution found proactively quantile
Reached infeasible reactive
22:56:06,382 - __main__ - INFO - Sample 5
Solution found proactively quantile
Reached infeasible reactive
22:56:07,578 - __main__ - INFO - Sample 6
Solution found proactively quantile
Reached infeasible reactive
22:56:08,866 - __main__ - INFO - Sample 7
Solution found proactively quantile
Reached infeasible reactive
22:56:10,200 - __main__ - INFO - Sample 8
Solution found proactively quantile
Reached infeasible reactive
22:56:11,468 - __main__ - INFO - Sample 9
Solution found proactively quantile
Reached infeasible reactive
22:56:12,801 - __main__ - INFO - ---------------------------------j1030_3.mm---------------------------------
22:56:12,839 - __main__ - INFO - Sample 0
Solution found proactively quantile
Reached infeasible reactive
22:56:14,248 - __main__ - INFO - Sample 1
Solution found proactively quantile
Reached infeasible reactive
22:56:15,753 - __main__ - INFO - Sample 2
Solution found proactively quantile
Reached infeasible reactive
22:56:17,228 - __main__ - INFO - Sample 3
Solution found proactively quantile
Reached infeasible reactive
22:56:18,640 - __main__ - INFO - Sample 4
Solution found proactively quantile
Reached infeasible reactive
22:56:20,039 - __main__ - INFO - Sample 5
Solution found proactively quantile
Reached infeasible reactive
22:56:21,460 - __main__ - INFO - Sample 6
Solution found proactively quantile
Reached infeasible reactive
22:56:22,978 - __main__ - INFO - Sample 7
Solution found proactively quantile
Reached infeasible reactive
22:56:24,464 - __main__ - INFO - Sample 8
Solution found proactively quantile
Reached infeasible reactive
22:56:25,909 - __main__ - INFO - Sample 9
Solution found proactively quantile
Reached infeasible reactive
22:56:27,229 - __main__ - INFO - ---------------------------------j1045_2.mm---------------------------------
22:56:27,261 - __main__ - INFO - Sample 0
Solution found proactively quantile
Reached infeasible reactive
22:56:27,444 - __main__ - INFO - The solution is infeasible
22:56:27,444 - __main__ - INFO - Sample 1
Solution found proactively quantile
Reached infeasible reactive
22:56:27,615 - __main__ - INFO - The solution is infeasible
22:56:27,616 - __main__ - INFO - Sample 2
Solution found proactively quantile
Reached infeasible reactive
22:56:27,841 - __main__ - INFO - The solution is infeasible
22:56:27,842 - __main__ - INFO - Sample 3
Solution found proactively quantile
Reached infeasible reactive
22:56:28,032 - __main__ - INFO - The solution is infeasible
22:56:28,032 - __main__ - INFO - Sample 4
Solution found proactively quantile
Reached infeasible reactive
22:56:28,198 - __main__ - INFO - The solution is infeasible
22:56:28,198 - __main__ - INFO - Sample 5
Solution found proactively quantile
Reached infeasible reactive
22:56:28,371 - __main__ - INFO - The solution is infeasible
22:56:28,372 - __main__ - INFO - Sample 6
Solution found proactively quantile
Reached infeasible reactive
22:56:28,629 - __main__ - INFO - The solution is infeasible
22:56:28,629 - __main__ - INFO - Sample 7
Solution found proactively quantile
Reached infeasible reactive
22:56:28,777 - __main__ - INFO - The solution is infeasible
22:56:28,777 - __main__ - INFO - Sample 8
Solution found proactively quantile
Reached infeasible reactive
22:56:28,916 - __main__ - INFO - The solution is infeasible
22:56:28,917 - __main__ - INFO - Sample 9
Solution found proactively quantile
Reached infeasible reactive
22:56:29,058 - __main__ - INFO - The solution is infeasible
22:56:29,058 - __main__ - INFO - ---------------------------------j1042_4.mm---------------------------------
22:56:29,108 - __main__ - INFO - Sample 0
Solution found proactively quantile
22:56:29,226 - __main__ - INFO - The solution is infeasible
22:56:29,424 - __main__ - INFO - The solution is infeasible
22:56:29,425 - __main__ - INFO - Sample 1
Solution found proactively quantile
22:56:29,543 - __main__ - INFO - The solution is infeasible
22:56:29,743 - __main__ - INFO - The solution is infeasible
22:56:29,743 - __main__ - INFO - Sample 2
Solution found proactively quantile
22:56:29,860 - __main__ - INFO - The solution is infeasible
22:56:30,058 - __main__ - INFO - The solution is infeasible
22:56:30,058 - __main__ - INFO - Sample 3
Solution found proactively quantile
22:56:30,266 - __main__ - INFO - The solution is infeasible
22:56:30,469 - __main__ - INFO - The solution is infeasible
22:56:30,469 - __main__ - INFO - Sample 4
Solution found proactively quantile
22:56:30,587 - __main__ - INFO - The solution is infeasible
22:56:30,786 - __main__ - INFO - The solution is infeasible
22:56:30,786 - __main__ - INFO - Sample 5
Solution found proactively quantile
22:56:30,905 - __main__ - INFO - The solution is infeasible
22:56:31,105 - __main__ - INFO - The solution is infeasible
22:56:31,105 - __main__ - INFO - Sample 6
Solution found proactively quantile
22:56:31,223 - __main__ - INFO - The solution is infeasible
22:56:31,420 - __main__ - INFO - The solution is infeasible
22:56:31,420 - __main__ - INFO - Sample 7
Solution found proactively quantile
22:56:31,539 - __main__ - INFO - The solution is infeasible
22:56:31,739 - __main__ - INFO - The solution is infeasible
22:56:31,740 - __main__ - INFO - Sample 8
Solution found proactively quantile
22:56:31,858 - __main__ - INFO - The solution is infeasible
22:56:32,060 - __main__ - INFO - The solution is infeasible
22:56:32,061 - __main__ - INFO - Sample 9
Solution found proactively quantile
22:56:32,178 - __main__ - INFO - The solution is infeasible
22:56:32,376 - __main__ - INFO - The solution is infeasible
22:56:32,376 - __main__ - INFO - ---------------------------------j1030_2.mm---------------------------------
22:56:32,454 - __main__ - INFO - Sample 0
Solution found proactively quantile
Reached infeasible reactive
22:56:33,657 - __main__ - INFO - Sample 1
Solution found proactively quantile
Reached infeasible reactive
22:56:34,808 - __main__ - INFO - Sample 2
Solution found proactively quantile
Reached infeasible reactive
22:56:36,145 - __main__ - INFO - Sample 3
Solution found proactively quantile
Reached infeasible reactive
22:56:37,262 - __main__ - INFO - Sample 4
Solution found proactively quantile
Reached infeasible reactive
22:56:38,723 - __main__ - INFO - Sample 5
Solution found proactively quantile
Reached infeasible reactive
22:56:40,053 - __main__ - INFO - Sample 6
Solution found proactively quantile
Reached infeasible reactive
22:56:41,181 - __main__ - INFO - Sample 7
Solution found proactively quantile
Reached infeasible reactive
22:56:42,487 - __main__ - INFO - Sample 8
Solution found proactively quantile
Reached infeasible reactive
22:56:43,636 - __main__ - INFO - Sample 9
Solution found proactively quantile
Reached infeasible reactive
22:56:45,018 - __main__ - INFO - ---------------------------------j1046_4.mm---------------------------------
22:56:45,063 - __main__ - INFO - Sample 0
Solution found proactively quantile
Reached infeasible reactive
22:56:45,376 - __main__ - INFO - The solution is infeasible
22:56:45,376 - __main__ - INFO - Sample 1
Solution found proactively quantile
Reached infeasible reactive
22:56:45,624 - __main__ - INFO - The solution is infeasible
22:56:45,625 - __main__ - INFO - Sample 2
Solution found proactively quantile
Reached infeasible reactive
22:56:45,814 - __main__ - INFO - The solution is infeasible
22:56:45,815 - __main__ - INFO - Sample 3
Solution found proactively quantile
Reached infeasible reactive
22:56:46,051 - __main__ - INFO - The solution is infeasible
22:56:46,051 - __main__ - INFO - Sample 4
Solution found proactively quantile
Reached infeasible reactive
22:56:46,245 - __main__ - INFO - The solution is infeasible
22:56:46,245 - __main__ - INFO - Sample 5
Solution found proactively quantile
Reached infeasible reactive
22:56:46,478 - __main__ - INFO - The solution is infeasible
22:56:46,478 - __main__ - INFO - Sample 6
Solution found proactively quantile
Reached infeasible reactive
22:56:46,662 - __main__ - INFO - The solution is infeasible
22:56:46,662 - __main__ - INFO - Sample 7
Solution found proactively quantile
Reached infeasible reactive
22:56:46,848 - __main__ - INFO - The solution is infeasible
22:56:46,849 - __main__ - INFO - Sample 8
Solution found proactively quantile
Reached infeasible reactive
22:56:47,030 - __main__ - INFO - The solution is infeasible
22:56:47,031 - __main__ - INFO - Sample 9
Solution found proactively quantile
Reached infeasible reactive
22:56:47,236 - __main__ - INFO - The solution is infeasible
22:56:47,236 - __main__ - INFO - ---------------------------------j1052_1.mm---------------------------------
22:56:47,285 - __main__ - INFO - Sample 0
Solution found proactively quantile
Reached infeasible reactive
22:56:48,529 - __main__ - INFO - Sample 1
Solution found proactively quantile
Reached infeasible reactive
22:56:49,826 - __main__ - INFO - Sample 2
Solution found proactively quantile
Reached infeasible reactive
22:56:51,024 - __main__ - INFO - Sample 3
Solution found proactively quantile
Reached infeasible reactive
22:56:52,350 - __main__ - INFO - Sample 4
Solution found proactively quantile
Reached infeasible reactive
22:56:53,563 - __main__ - INFO - Sample 5
Solution found proactively quantile
Reached infeasible reactive
22:56:54,811 - __main__ - INFO - Sample 6
Solution found proactively quantile
Reached infeasible reactive
22:56:56,102 - __main__ - INFO - Sample 7
Solution found proactively quantile
Reached infeasible reactive
22:56:57,337 - __main__ - INFO - Sample 8
Solution found proactively quantile
Reached infeasible reactive
22:56:58,664 - __main__ - INFO - Sample 9
Solution found proactively quantile
Reached infeasible reactive
22:56:59,906 - __main__ - INFO - ---------------------------------j102_2.mm---------------------------------
22:56:59,972 - __main__ - INFO - Sample 0
Solution found proactively quantile
22:57:00,114 - __main__ - INFO - The solution is infeasible
22:57:00,265 - __main__ - INFO - The solution is infeasible
22:57:00,265 - __main__ - INFO - Sample 1
Solution found proactively quantile
22:57:00,407 - __main__ - INFO - The solution is infeasible
22:57:00,557 - __main__ - INFO - The solution is infeasible
22:57:00,557 - __main__ - INFO - Sample 2
Solution found proactively quantile
22:57:00,700 - __main__ - INFO - The solution is infeasible
22:57:00,849 - __main__ - INFO - The solution is infeasible
22:57:00,849 - __main__ - INFO - Sample 3
Solution found proactively quantile
22:57:00,991 - __main__ - INFO - The solution is infeasible
22:57:01,142 - __main__ - INFO - The solution is infeasible
22:57:01,142 - __main__ - INFO - Sample 4
Solution found proactively quantile
22:57:01,283 - __main__ - INFO - The solution is infeasible
22:57:01,435 - __main__ - INFO - The solution is infeasible
22:57:01,435 - __main__ - INFO - Sample 5
Solution found proactively quantile
22:57:01,578 - __main__ - INFO - The solution is infeasible
22:57:01,725 - __main__ - INFO - The solution is infeasible
22:57:01,725 - __main__ - INFO - Sample 6
Solution found proactively quantile
22:57:01,867 - __main__ - INFO - The solution is infeasible
22:57:02,016 - __main__ - INFO - The solution is infeasible
22:57:02,016 - __main__ - INFO - Sample 7
Solution found proactively quantile
22:57:02,159 - __main__ - INFO - The solution is infeasible
22:57:02,308 - __main__ - INFO - The solution is infeasible
22:57:02,309 - __main__ - INFO - Sample 8
Solution found proactively quantile
22:57:02,452 - __main__ - INFO - The solution is infeasible
22:57:02,601 - __main__ - INFO - The solution is infeasible
22:57:02,602 - __main__ - INFO - Sample 9
Solution found proactively quantile
22:57:02,745 - __main__ - INFO - The solution is infeasible
22:57:02,894 - __main__ - INFO - The solution is infeasible
22:57:02,894 - __main__ - INFO - ---------------------------------j1061_3.mm---------------------------------
22:57:02,964 - __main__ - INFO - Sample 0
Solution found proactively quantile
22:57:03,181 - __main__ - INFO - The solution is infeasible
22:57:03,377 - __main__ - INFO - The solution is infeasible
22:57:03,377 - __main__ - INFO - Sample 1
Solution found proactively quantile
22:57:03,594 - __main__ - INFO - The solution is infeasible
22:57:03,891 - __main__ - INFO - The solution is infeasible
22:57:03,891 - __main__ - INFO - Sample 2
Solution found proactively quantile
22:57:04,108 - __main__ - INFO - The solution is infeasible
22:57:04,308 - __main__ - INFO - The solution is infeasible
22:57:04,308 - __main__ - INFO - Sample 3
Solution found proactively quantile
22:57:04,527 - __main__ - INFO - The solution is infeasible
22:57:04,728 - __main__ - INFO - The solution is infeasible
22:57:04,729 - __main__ - INFO - Sample 4
Solution found proactively quantile
22:57:04,947 - __main__ - INFO - The solution is infeasible
22:57:05,144 - __main__ - INFO - The solution is infeasible
22:57:05,144 - __main__ - INFO - Sample 5
Solution found proactively quantile
22:57:05,362 - __main__ - INFO - The solution is infeasible
22:57:05,561 - __main__ - INFO - The solution is infeasible
22:57:05,561 - __main__ - INFO - Sample 6
Solution found proactively quantile
22:57:05,779 - __main__ - INFO - The solution is infeasible
22:57:05,976 - __main__ - INFO - The solution is infeasible
22:57:05,976 - __main__ - INFO - Sample 7
Solution found proactively quantile
22:57:06,192 - __main__ - INFO - The solution is infeasible
22:57:06,391 - __main__ - INFO - The solution is infeasible
22:57:06,391 - __main__ - INFO - Sample 8
Solution found proactively quantile
22:57:06,610 - __main__ - INFO - The solution is infeasible
22:57:06,806 - __main__ - INFO - The solution is infeasible
22:57:06,807 - __main__ - INFO - Sample 9
Solution found proactively quantile
22:57:07,028 - __main__ - INFO - The solution is infeasible
22:57:07,227 - __main__ - INFO - The solution is infeasible
22:57:07,228 - __main__ - INFO - ---------------------------------j1040_1.mm---------------------------------
22:57:07,276 - __main__ - INFO - Sample 0
Solution found proactively quantile
Reached infeasible reactive
22:57:07,596 - __main__ - INFO - The solution is infeasible
22:57:07,596 - __main__ - INFO - Sample 1
Solution found proactively quantile
Reached infeasible reactive
22:57:07,917 - __main__ - INFO - The solution is infeasible
22:57:07,917 - __main__ - INFO - Sample 2
Solution found proactively quantile
Reached infeasible reactive
22:57:08,165 - __main__ - INFO - The solution is infeasible
22:57:08,165 - __main__ - INFO - Sample 3
Solution found proactively quantile
Reached infeasible reactive
22:57:08,330 - __main__ - INFO - The solution is infeasible
22:57:08,330 - __main__ - INFO - Sample 4
Solution found proactively quantile
Reached infeasible reactive
22:57:08,502 - __main__ - INFO - The solution is infeasible
22:57:08,502 - __main__ - INFO - Sample 5
Solution found proactively quantile
Reached infeasible reactive
22:57:08,799 - __main__ - INFO - The solution is infeasible
22:57:08,800 - __main__ - INFO - Sample 6
Solution found proactively quantile
Reached infeasible reactive
22:57:08,963 - __main__ - INFO - The solution is infeasible
22:57:08,963 - __main__ - INFO - Sample 7
Solution found proactively quantile
Reached infeasible reactive
22:57:09,279 - __main__ - INFO - The solution is infeasible
22:57:09,279 - __main__ - INFO - Sample 8
Solution found proactively quantile
Reached infeasible reactive
22:57:09,586 - __main__ - INFO - The solution is infeasible
22:57:09,586 - __main__ - INFO - Sample 9
Solution found proactively quantile
Reached infeasible reactive
22:57:09,751 - __main__ - INFO - The solution is infeasible
22:57:09,752 - __main__ - INFO - ---------------------------------j1055_9.mm---------------------------------
22:57:09,784 - __main__ - INFO - Sample 0
Solution found proactively quantile
Reached infeasible reactive
22:57:11,483 - __main__ - INFO - Sample 1
Solution found proactively quantile
Reached infeasible reactive
22:57:12,994 - __main__ - INFO - Sample 2
Solution found proactively quantile
Reached infeasible reactive
22:57:14,645 - __main__ - INFO - Sample 3
Solution found proactively quantile
Reached infeasible reactive
22:57:16,181 - __main__ - INFO - Sample 4
Solution found proactively quantile
Reached infeasible reactive
22:57:17,792 - __main__ - INFO - Sample 5
Solution found proactively quantile
Reached infeasible reactive
22:57:19,378 - __main__ - INFO - Sample 6
Solution found proactively quantile
Reached infeasible reactive
22:57:20,928 - __main__ - INFO - Sample 7
Solution found proactively quantile
Reached infeasible reactive
22:57:22,524 - __main__ - INFO - Sample 8
Solution found proactively quantile
Reached infeasible reactive
22:57:24,089 - __main__ - INFO - Sample 9
Solution found proactively quantile
Reached infeasible reactive
22:57:25,670 - __main__ - INFO - ---------------------------------j106_1.mm---------------------------------
22:57:25,718 - __main__ - INFO - Sample 0
Solution found proactively quantile
22:57:25,910 - __main__ - INFO - The solution is infeasible
22:57:26,106 - __main__ - INFO - The solution is infeasible
22:57:26,106 - __main__ - INFO - Sample 1
Solution found proactively quantile
22:57:26,303 - __main__ - INFO - The solution is infeasible
22:57:26,501 - __main__ - INFO - The solution is infeasible
22:57:26,502 - __main__ - INFO - Sample 2
Solution found proactively quantile
22:57:26,697 - __main__ - INFO - The solution is infeasible
22:57:26,893 - __main__ - INFO - The solution is infeasible
22:57:26,893 - __main__ - INFO - Sample 3
Solution found proactively quantile
22:57:27,086 - __main__ - INFO - The solution is infeasible
22:57:27,281 - __main__ - INFO - The solution is infeasible
22:57:27,281 - __main__ - INFO - Sample 4
Solution found proactively quantile
22:57:27,477 - __main__ - INFO - The solution is infeasible
22:57:27,669 - __main__ - INFO - The solution is infeasible
22:57:27,670 - __main__ - INFO - Sample 5
Solution found proactively quantile
22:57:27,865 - __main__ - INFO - The solution is infeasible
22:57:28,060 - __main__ - INFO - The solution is infeasible
22:57:28,060 - __main__ - INFO - Sample 6
Solution found proactively quantile
22:57:28,252 - __main__ - INFO - The solution is infeasible
22:57:28,448 - __main__ - INFO - The solution is infeasible
22:57:28,448 - __main__ - INFO - Sample 7
Solution found proactively quantile
22:57:28,642 - __main__ - INFO - The solution is infeasible
22:57:28,835 - __main__ - INFO - The solution is infeasible
22:57:28,835 - __main__ - INFO - Sample 8
Solution found proactively quantile
22:57:29,031 - __main__ - INFO - The solution is infeasible
22:57:29,226 - __main__ - INFO - The solution is infeasible
22:57:29,227 - __main__ - INFO - Sample 9
Solution found proactively quantile
22:57:29,424 - __main__ - INFO - The solution is infeasible
22:57:29,619 - __main__ - INFO - The solution is infeasible
22:57:29,619 - __main__ - INFO - ---------------------------------j1046_2.mm---------------------------------
22:57:29,733 - __main__ - INFO - Sample 0
Solution found proactively quantile
22:57:29,834 - __main__ - INFO - The solution is infeasible
22:57:29,943 - __main__ - INFO - The solution is infeasible
22:57:29,943 - __main__ - INFO - Sample 1
Solution found proactively quantile
22:57:30,044 - __main__ - INFO - The solution is infeasible
22:57:30,154 - __main__ - INFO - The solution is infeasible
22:57:30,154 - __main__ - INFO - Sample 2
Solution found proactively quantile
22:57:30,255 - __main__ - INFO - The solution is infeasible
22:57:30,366 - __main__ - INFO - The solution is infeasible
22:57:30,366 - __main__ - INFO - Sample 3
Solution found proactively quantile
22:57:30,468 - __main__ - INFO - The solution is infeasible
22:57:30,578 - __main__ - INFO - The solution is infeasible
22:57:30,578 - __main__ - INFO - Sample 4
Solution found proactively quantile
22:57:30,680 - __main__ - INFO - The solution is infeasible
22:57:30,788 - __main__ - INFO - The solution is infeasible
22:57:30,788 - __main__ - INFO - Sample 5
Solution found proactively quantile
22:57:30,980 - __main__ - INFO - The solution is infeasible
22:57:31,091 - __main__ - INFO - The solution is infeasible
22:57:31,091 - __main__ - INFO - Sample 6
Solution found proactively quantile
22:57:31,193 - __main__ - INFO - The solution is infeasible
22:57:31,301 - __main__ - INFO - The solution is infeasible
22:57:31,301 - __main__ - INFO - Sample 7
Solution found proactively quantile
22:57:31,402 - __main__ - INFO - The solution is infeasible
22:57:31,511 - __main__ - INFO - The solution is infeasible
22:57:31,512 - __main__ - INFO - Sample 8
Solution found proactively quantile
22:57:31,613 - __main__ - INFO - The solution is infeasible
22:57:31,721 - __main__ - INFO - The solution is infeasible
22:57:31,721 - __main__ - INFO - Sample 9
Solution found proactively quantile
22:57:31,822 - __main__ - INFO - The solution is infeasible
22:57:31,930 - __main__ - INFO - The solution is infeasible
22:57:31,930 - __main__ - INFO - ---------------------------------j103_10.mm---------------------------------
22:57:31,997 - __main__ - INFO - Sample 0
Solution found proactively quantile
22:57:32,108 - __main__ - INFO - The solution is infeasible
22:57:32,293 - __main__ - INFO - The solution is infeasible
22:57:32,294 - __main__ - INFO - Sample 1
Solution found proactively quantile
22:57:32,401 - __main__ - INFO - The solution is infeasible
22:57:32,587 - __main__ - INFO - The solution is infeasible
22:57:32,587 - __main__ - INFO - Sample 2
Solution found proactively quantile
22:57:32,695 - __main__ - INFO - The solution is infeasible
22:57:32,880 - __main__ - INFO - The solution is infeasible
22:57:32,880 - __main__ - INFO - Sample 3
Solution found proactively quantile
22:57:32,986 - __main__ - INFO - The solution is infeasible
22:57:33,171 - __main__ - INFO - The solution is infeasible
22:57:33,171 - __main__ - INFO - Sample 4
Solution found proactively quantile
22:57:33,279 - __main__ - INFO - The solution is infeasible
22:57:33,465 - __main__ - INFO - The solution is infeasible
22:57:33,466 - __main__ - INFO - Sample 5
Solution found proactively quantile
22:57:33,573 - __main__ - INFO - The solution is infeasible
22:57:33,759 - __main__ - INFO - The solution is infeasible
22:57:33,760 - __main__ - INFO - Sample 6
Solution found proactively quantile
22:57:33,866 - __main__ - INFO - The solution is infeasible
22:57:34,052 - __main__ - INFO - The solution is infeasible
22:57:34,052 - __main__ - INFO - Sample 7
Solution found proactively quantile
22:57:34,161 - __main__ - INFO - The solution is infeasible
22:57:34,347 - __main__ - INFO - The solution is infeasible
22:57:34,347 - __main__ - INFO - Sample 8
Solution found proactively quantile
22:57:34,453 - __main__ - INFO - The solution is infeasible
22:57:34,642 - __main__ - INFO - The solution is infeasible
22:57:34,642 - __main__ - INFO - Sample 9
Solution found proactively quantile
22:57:34,750 - __main__ - INFO - The solution is infeasible
22:57:34,935 - __main__ - INFO - The solution is infeasible
22:57:34,936 - __main__ - INFO - ---------------------------------j1019_3.mm---------------------------------
22:57:34,997 - __main__ - INFO - Sample 0
Solution found proactively quantile
Reached infeasible reactive
22:57:36,283 - __main__ - INFO - Sample 1
Solution found proactively quantile
Reached infeasible reactive
22:57:37,613 - __main__ - INFO - Sample 2
Solution found proactively quantile
Reached infeasible reactive
22:57:38,918 - __main__ - INFO - Sample 3
Solution found proactively quantile
Reached infeasible reactive
22:57:40,315 - __main__ - INFO - Sample 4
Solution found proactively quantile
Reached infeasible reactive
22:57:41,685 - __main__ - INFO - Sample 5
Solution found proactively quantile
Reached infeasible reactive
22:57:43,171 - __main__ - INFO - Sample 6
Solution found proactively quantile
Reached infeasible reactive
22:57:44,461 - __main__ - INFO - Sample 7
Solution found proactively quantile
Reached infeasible reactive
22:57:45,871 - __main__ - INFO - Sample 8
Solution found proactively quantile
Reached infeasible reactive
22:57:47,221 - __main__ - INFO - Sample 9
Solution found proactively quantile
Reached infeasible reactive
22:57:48,782 - __main__ - INFO - ---------------------------------j1061_8.mm---------------------------------
22:57:48,822 - __main__ - INFO - Sample 0
Solution found proactively quantile
Reached infeasible reactive
22:57:50,347 - __main__ - INFO - Sample 1
Solution found proactively quantile
22:57:51,929 - __main__ - INFO - Sample 2
Solution found proactively quantile
Reached infeasible reactive
22:57:53,302 - __main__ - INFO - Sample 3
Solution found proactively quantile
Reached infeasible reactive
22:57:54,812 - __main__ - INFO - Sample 4
Solution found proactively quantile
Reached infeasible reactive
22:57:56,261 - __main__ - INFO - Sample 5
Solution found proactively quantile
Reached infeasible reactive
22:57:57,636 - __main__ - INFO - Sample 6
Solution found proactively quantile
Reached infeasible reactive
22:57:59,302 - __main__ - INFO - Sample 7
Solution found proactively quantile
22:58:00,831 - __main__ - INFO - Sample 8
Solution found proactively quantile
Reached infeasible reactive
22:58:02,388 - __main__ - INFO - Sample 9
Solution found proactively quantile
Reached infeasible reactive
22:58:03,820 - __main__ - INFO - ---------------------------------j1052_7.mm---------------------------------
22:58:03,890 - __main__ - INFO - Sample 0
Solution found proactively quantile
Reached infeasible reactive
22:58:04,053 - __main__ - INFO - The solution is infeasible
22:58:04,053 - __main__ - INFO - Sample 1
Solution found proactively quantile
Reached infeasible reactive
22:58:04,197 - __main__ - INFO - The solution is infeasible
22:58:04,197 - __main__ - INFO - Sample 2
Solution found proactively quantile
Reached infeasible reactive
22:58:04,443 - __main__ - INFO - The solution is infeasible
22:58:04,444 - __main__ - INFO - Sample 3
Solution found proactively quantile
Reached infeasible reactive
22:58:04,592 - __main__ - INFO - The solution is infeasible
22:58:04,592 - __main__ - INFO - Sample 4
Solution found proactively quantile
Reached infeasible reactive
22:58:04,940 - __main__ - INFO - The solution is infeasible
22:58:04,940 - __main__ - INFO - Sample 5
Solution found proactively quantile
Reached infeasible reactive
22:58:05,144 - __main__ - INFO - The solution is infeasible
22:58:05,144 - __main__ - INFO - Sample 6
Solution found proactively quantile
Reached infeasible reactive
22:58:05,322 - __main__ - INFO - The solution is infeasible
22:58:05,323 - __main__ - INFO - Sample 7
Solution found proactively quantile
Reached infeasible reactive
22:58:05,599 - __main__ - INFO - The solution is infeasible
22:58:05,599 - __main__ - INFO - Sample 8
Solution found proactively quantile
Reached infeasible reactive
22:58:05,849 - __main__ - INFO - The solution is infeasible
22:58:05,850 - __main__ - INFO - Sample 9
Solution found proactively quantile
Reached infeasible reactive
22:58:06,092 - __main__ - INFO - The solution is infeasible
22:58:06,092 - __main__ - INFO - ---------------------------------j1060_2.mm---------------------------------
22:58:06,138 - __main__ - INFO - Sample 0
Solution found proactively quantile
Reached infeasible reactive
22:58:07,532 - __main__ - INFO - Sample 1
Solution found proactively quantile
Reached infeasible reactive
22:58:09,030 - __main__ - INFO - Sample 2
Solution found proactively quantile
Reached infeasible reactive
22:58:10,476 - __main__ - INFO - Sample 3
Solution found proactively quantile
Reached infeasible reactive
22:58:11,944 - __main__ - INFO - Sample 4
Solution found proactively quantile
Reached infeasible reactive
22:58:13,286 - __main__ - INFO - Sample 5
Solution found proactively quantile
Reached infeasible reactive
22:58:14,769 - __main__ - INFO - Sample 6
Solution found proactively quantile
Reached infeasible reactive
22:58:16,194 - __main__ - INFO - Sample 7
Solution found proactively quantile
Reached infeasible reactive
22:58:17,663 - __main__ - INFO - Sample 8
Solution found proactively quantile
Reached infeasible reactive
22:58:19,151 - __main__ - INFO - Sample 9
Solution found proactively quantile
Reached infeasible reactive
22:58:20,566 - __main__ - INFO - ---------------------------------j1021_3.mm---------------------------------
22:58:20,574 - __main__ - INFO - ---------------------------------j2058_1.mm---------------------------------
22:58:20,670 - __main__ - INFO - Sample 0
Solution found proactively quantile
Reached infeasible reactive
22:58:22,426 - __main__ - INFO - Sample 1
Solution found proactively quantile
Reached infeasible reactive
22:58:24,439 - __main__ - INFO - Sample 2
Solution found proactively quantile
Reached infeasible reactive
22:58:26,615 - __main__ - INFO - Sample 3
Solution found proactively quantile
Reached infeasible reactive
22:58:28,402 - __main__ - INFO - Sample 4
Solution found proactively quantile
Reached infeasible reactive
22:58:30,286 - __main__ - INFO - Sample 5
Solution found proactively quantile
Reached infeasible reactive
22:58:32,251 - __main__ - INFO - Sample 6
Solution found proactively quantile
Reached infeasible reactive
22:58:34,054 - __main__ - INFO - Sample 7
Solution found proactively quantile
Reached infeasible reactive
22:58:36,137 - __main__ - INFO - Sample 8
Solution found proactively quantile
Reached infeasible reactive
22:58:38,127 - __main__ - INFO - Sample 9
Solution found proactively quantile
Reached infeasible reactive
22:58:39,969 - __main__ - INFO - ---------------------------------j2057_2.mm---------------------------------
22:58:40,097 - __main__ - INFO - Sample 0
Solution found proactively quantile
22:58:40,434 - __main__ - INFO - The solution is infeasible
22:58:40,826 - __main__ - INFO - The solution is infeasible
22:58:40,826 - __main__ - INFO - Sample 1
Solution found proactively quantile
22:58:41,164 - __main__ - INFO - The solution is infeasible
22:58:41,554 - __main__ - INFO - The solution is infeasible
22:58:41,554 - __main__ - INFO - Sample 2
Solution found proactively quantile
22:58:41,890 - __main__ - INFO - The solution is infeasible
22:58:42,284 - __main__ - INFO - The solution is infeasible
22:58:42,284 - __main__ - INFO - Sample 3
Solution found proactively quantile
22:58:42,622 - __main__ - INFO - The solution is infeasible
22:58:43,028 - __main__ - INFO - The solution is infeasible
22:58:43,028 - __main__ - INFO - Sample 4
Solution found proactively quantile
22:58:43,363 - __main__ - INFO - The solution is infeasible
22:58:43,758 - __main__ - INFO - The solution is infeasible
22:58:43,758 - __main__ - INFO - Sample 5
Solution found proactively quantile
22:58:44,098 - __main__ - INFO - The solution is infeasible
22:58:44,501 - __main__ - INFO - The solution is infeasible
22:58:44,501 - __main__ - INFO - Sample 6
Solution found proactively quantile
22:58:44,840 - __main__ - INFO - The solution is infeasible
22:58:45,233 - __main__ - INFO - The solution is infeasible
22:58:45,234 - __main__ - INFO - Sample 7
Solution found proactively quantile
22:58:45,570 - __main__ - INFO - The solution is infeasible
22:58:45,965 - __main__ - INFO - The solution is infeasible
22:58:45,965 - __main__ - INFO - Sample 8
Solution found proactively quantile
22:58:46,302 - __main__ - INFO - The solution is infeasible
22:58:46,698 - __main__ - INFO - The solution is infeasible
22:58:46,699 - __main__ - INFO - Sample 9
Solution found proactively quantile
22:58:47,031 - __main__ - INFO - The solution is infeasible
22:58:47,427 - __main__ - INFO - The solution is infeasible
22:58:47,427 - __main__ - INFO - ---------------------------------j2043_7.mm---------------------------------
22:58:47,558 - __main__ - INFO - Sample 0
Solution found proactively quantile
Reached infeasible reactive
22:58:47,910 - __main__ - INFO - The solution is infeasible
22:58:47,911 - __main__ - INFO - Sample 1
Solution found proactively quantile
Reached infeasible reactive
22:58:48,346 - __main__ - INFO - The solution is infeasible
22:58:48,346 - __main__ - INFO - Sample 2
Solution found proactively quantile
Reached infeasible reactive
22:58:48,741 - __main__ - INFO - The solution is infeasible
22:58:48,741 - __main__ - INFO - Sample 3
Solution found proactively quantile
Reached infeasible reactive
22:58:49,082 - __main__ - INFO - The solution is infeasible
22:58:49,083 - __main__ - INFO - Sample 4
Solution found proactively quantile
Reached infeasible reactive
22:58:49,509 - __main__ - INFO - The solution is infeasible
22:58:49,509 - __main__ - INFO - Sample 5
Solution found proactively quantile
Reached infeasible reactive
22:58:49,875 - __main__ - INFO - The solution is infeasible
22:58:49,875 - __main__ - INFO - Sample 6
Solution found proactively quantile
Reached infeasible reactive
22:58:50,251 - __main__ - INFO - The solution is infeasible
22:58:50,252 - __main__ - INFO - Sample 7
Solution found proactively quantile
Reached infeasible reactive
22:58:50,597 - __main__ - INFO - The solution is infeasible
22:58:50,598 - __main__ - INFO - Sample 8
Solution found proactively quantile
Reached infeasible reactive
22:58:50,987 - __main__ - INFO - The solution is infeasible
22:58:50,988 - __main__ - INFO - Sample 9
Solution found proactively quantile
Reached infeasible reactive
22:58:51,450 - __main__ - INFO - The solution is infeasible
22:58:51,450 - __main__ - INFO - ---------------------------------j2058_3.mm---------------------------------
22:58:51,709 - __main__ - INFO - Sample 0
Solution found proactively quantile
22:58:52,008 - __main__ - INFO - The solution is infeasible
22:58:52,397 - __main__ - INFO - The solution is infeasible
22:58:52,398 - __main__ - INFO - Sample 1
Solution found proactively quantile
22:58:52,691 - __main__ - INFO - The solution is infeasible
22:58:53,091 - __main__ - INFO - The solution is infeasible
22:58:53,091 - __main__ - INFO - Sample 2
Solution found proactively quantile
22:58:53,386 - __main__ - INFO - The solution is infeasible
22:58:53,782 - __main__ - INFO - The solution is infeasible
22:58:53,782 - __main__ - INFO - Sample 3
Solution found proactively quantile
22:58:54,081 - __main__ - INFO - The solution is infeasible
22:58:54,474 - __main__ - INFO - The solution is infeasible
22:58:54,475 - __main__ - INFO - Sample 4
Solution found proactively quantile
22:58:54,770 - __main__ - INFO - The solution is infeasible
22:58:55,163 - __main__ - INFO - The solution is infeasible
22:58:55,163 - __main__ - INFO - Sample 5
Solution found proactively quantile
22:58:55,459 - __main__ - INFO - The solution is infeasible
22:58:55,855 - __main__ - INFO - The solution is infeasible
22:58:55,855 - __main__ - INFO - Sample 6
Solution found proactively quantile
22:58:56,153 - __main__ - INFO - The solution is infeasible
22:58:56,543 - __main__ - INFO - The solution is infeasible
22:58:56,544 - __main__ - INFO - Sample 7
Solution found proactively quantile
22:58:56,836 - __main__ - INFO - The solution is infeasible
22:58:57,233 - __main__ - INFO - The solution is infeasible
22:58:57,233 - __main__ - INFO - Sample 8
Solution found proactively quantile
22:58:57,525 - __main__ - INFO - The solution is infeasible
22:58:57,921 - __main__ - INFO - The solution is infeasible
22:58:57,921 - __main__ - INFO - Sample 9
Solution found proactively quantile
22:58:58,218 - __main__ - INFO - The solution is infeasible
22:58:58,617 - __main__ - INFO - The solution is infeasible
22:58:58,617 - __main__ - INFO - ---------------------------------j2016_1.mm---------------------------------
22:58:58,710 - __main__ - INFO - Sample 0
Solution found proactively quantile
Reached infeasible reactive
22:58:59,019 - __main__ - INFO - The solution is infeasible
22:58:59,019 - __main__ - INFO - Sample 1
Solution found proactively quantile
Reached infeasible reactive
22:58:59,324 - __main__ - INFO - The solution is infeasible
22:58:59,325 - __main__ - INFO - Sample 2
Solution found proactively quantile
Reached infeasible reactive
22:58:59,586 - __main__ - INFO - The solution is infeasible
22:58:59,587 - __main__ - INFO - Sample 3
Solution found proactively quantile
Reached infeasible reactive
22:58:59,821 - __main__ - INFO - The solution is infeasible
22:58:59,821 - __main__ - INFO - Sample 4
Solution found proactively quantile
Reached infeasible reactive
22:59:00,160 - __main__ - INFO - The solution is infeasible
22:59:00,160 - __main__ - INFO - Sample 5
Solution found proactively quantile
Reached infeasible reactive
22:59:00,476 - __main__ - INFO - The solution is infeasible
22:59:00,477 - __main__ - INFO - Sample 6
Solution found proactively quantile
Reached infeasible reactive
22:59:00,759 - __main__ - INFO - The solution is infeasible
22:59:00,759 - __main__ - INFO - Sample 7
Solution found proactively quantile
Reached infeasible reactive
22:59:01,061 - __main__ - INFO - The solution is infeasible
22:59:01,061 - __main__ - INFO - Sample 8
Solution found proactively quantile
Reached infeasible reactive
22:59:01,397 - __main__ - INFO - The solution is infeasible
22:59:01,397 - __main__ - INFO - Sample 9
Solution found proactively quantile
Reached infeasible reactive
22:59:01,630 - __main__ - INFO - The solution is infeasible
22:59:01,631 - __main__ - INFO - ---------------------------------j2044_4.mm---------------------------------
22:59:01,777 - __main__ - INFO - Sample 0
Solution found proactively quantile
Reached infeasible reactive
22:59:03,862 - __main__ - INFO - Sample 1
Solution found proactively quantile
Reached infeasible reactive
22:59:06,009 - __main__ - INFO - Sample 2
Solution found proactively quantile
Reached infeasible reactive
22:59:08,010 - __main__ - INFO - Sample 3
Solution found proactively quantile
Reached infeasible reactive
22:59:09,975 - __main__ - INFO - Sample 4
Solution found proactively quantile
Reached infeasible reactive
22:59:11,913 - __main__ - INFO - Sample 5
Solution found proactively quantile
Reached infeasible reactive
22:59:13,941 - __main__ - INFO - Sample 6
Solution found proactively quantile
Reached infeasible reactive
22:59:16,016 - __main__ - INFO - Sample 7
Solution found proactively quantile
Reached infeasible reactive
22:59:17,898 - __main__ - INFO - Sample 8
Solution found proactively quantile
Reached infeasible reactive
22:59:19,893 - __main__ - INFO - Sample 9
Solution found proactively quantile
Reached infeasible reactive
22:59:21,889 - __main__ - INFO - ---------------------------------j2056_9.mm---------------------------------
22:59:22,003 - __main__ - INFO - Sample 0
Solution found proactively quantile
Reached infeasible reactive
22:59:24,012 - __main__ - INFO - Sample 1
Solution found proactively quantile
Reached infeasible reactive
22:59:26,048 - __main__ - INFO - Sample 2
Solution found proactively quantile
Reached infeasible reactive
22:59:29,106 - __main__ - INFO - Sample 3
Solution found proactively quantile
Reached infeasible reactive
22:59:32,522 - __main__ - INFO - Sample 4
Solution found proactively quantile
Reached infeasible reactive
22:59:34,675 - __main__ - INFO - Sample 5
Solution found proactively quantile
Reached infeasible reactive
22:59:36,913 - __main__ - INFO - Sample 6
Solution found proactively quantile
Reached infeasible reactive
22:59:39,102 - __main__ - INFO - Sample 7
Solution found proactively quantile
Reached infeasible reactive
22:59:41,099 - __main__ - INFO - Sample 8
Solution found proactively quantile
Reached infeasible reactive
22:59:43,205 - __main__ - INFO - Sample 9
Solution found proactively quantile
Reached infeasible reactive
22:59:45,263 - __main__ - INFO - ---------------------------------j2054_3.mm---------------------------------
22:59:45,372 - __main__ - INFO - Sample 0
Solution found proactively quantile
22:59:45,797 - __main__ - INFO - The solution is infeasible
22:59:46,226 - __main__ - INFO - The solution is infeasible
22:59:46,226 - __main__ - INFO - Sample 1
Solution found proactively quantile
22:59:46,648 - __main__ - INFO - The solution is infeasible
22:59:47,077 - __main__ - INFO - The solution is infeasible
22:59:47,077 - __main__ - INFO - Sample 2
Solution found proactively quantile
22:59:47,493 - __main__ - INFO - The solution is infeasible
22:59:47,918 - __main__ - INFO - The solution is infeasible
22:59:47,919 - __main__ - INFO - Sample 3
Solution found proactively quantile
22:59:48,340 - __main__ - INFO - The solution is infeasible
22:59:48,773 - __main__ - INFO - The solution is infeasible
22:59:48,773 - __main__ - INFO - Sample 4
Solution found proactively quantile
22:59:49,293 - __main__ - INFO - The solution is infeasible
22:59:49,722 - __main__ - INFO - The solution is infeasible
22:59:49,723 - __main__ - INFO - Sample 5
Solution found proactively quantile
22:59:50,140 - __main__ - INFO - The solution is infeasible
22:59:50,565 - __main__ - INFO - The solution is infeasible
22:59:50,565 - __main__ - INFO - Sample 6
Solution found proactively quantile
22:59:50,985 - __main__ - INFO - The solution is infeasible
22:59:51,419 - __main__ - INFO - The solution is infeasible
22:59:51,419 - __main__ - INFO - Sample 7
Solution found proactively quantile
22:59:51,846 - __main__ - INFO - The solution is infeasible
22:59:52,275 - __main__ - INFO - The solution is infeasible
22:59:52,275 - __main__ - INFO - Sample 8
Solution found proactively quantile
22:59:52,697 - __main__ - INFO - The solution is infeasible
22:59:53,121 - __main__ - INFO - The solution is infeasible
22:59:53,121 - __main__ - INFO - Sample 9
Solution found proactively quantile
22:59:53,544 - __main__ - INFO - The solution is infeasible
22:59:53,970 - __main__ - INFO - The solution is infeasible
22:59:53,971 - __main__ - INFO - ---------------------------------j2064_4.mm---------------------------------
22:59:54,035 - __main__ - INFO - Sample 0
Solution found proactively quantile
Reached infeasible reactive
22:59:54,307 - __main__ - INFO - The solution is infeasible
22:59:54,307 - __main__ - INFO - Sample 1
Solution found proactively quantile
Reached infeasible reactive
22:59:54,664 - __main__ - INFO - The solution is infeasible
22:59:54,664 - __main__ - INFO - Sample 2
Solution found proactively quantile
Reached infeasible reactive
22:59:54,930 - __main__ - INFO - The solution is infeasible
22:59:54,930 - __main__ - INFO - Sample 3
Solution found proactively quantile
Reached infeasible reactive
22:59:55,342 - __main__ - INFO - The solution is infeasible
22:59:55,343 - __main__ - INFO - Sample 4
Solution found proactively quantile
Reached infeasible reactive
22:59:55,645 - __main__ - INFO - The solution is infeasible
22:59:55,646 - __main__ - INFO - Sample 5
Solution found proactively quantile
Reached infeasible reactive
22:59:55,916 - __main__ - INFO - The solution is infeasible
22:59:55,917 - __main__ - INFO - Sample 6
Solution found proactively quantile
Reached infeasible reactive
22:59:56,129 - __main__ - INFO - The solution is infeasible
22:59:56,129 - __main__ - INFO - Sample 7
Solution found proactively quantile
Reached infeasible reactive
22:59:56,394 - __main__ - INFO - The solution is infeasible
22:59:56,394 - __main__ - INFO - Sample 8
Solution found proactively quantile
Reached infeasible reactive
22:59:56,692 - __main__ - INFO - The solution is infeasible
22:59:56,693 - __main__ - INFO - Sample 9
Solution found proactively quantile
Reached infeasible reactive
22:59:56,957 - __main__ - INFO - The solution is infeasible
22:59:56,957 - __main__ - INFO - ---------------------------------j2060_4.mm---------------------------------
22:59:57,128 - __main__ - INFO - Sample 0
Solution found proactively quantile
22:59:57,278 - __main__ - INFO - The solution is infeasible
22:59:57,470 - __main__ - INFO - The solution is infeasible
22:59:57,470 - __main__ - INFO - Sample 1
Solution found proactively quantile
22:59:57,623 - __main__ - INFO - The solution is infeasible
22:59:57,814 - __main__ - INFO - The solution is infeasible
22:59:57,814 - __main__ - INFO - Sample 2
Solution found proactively quantile
22:59:57,964 - __main__ - INFO - The solution is infeasible
22:59:58,155 - __main__ - INFO - The solution is infeasible
22:59:58,155 - __main__ - INFO - Sample 3
Solution found proactively quantile
22:59:58,307 - __main__ - INFO - The solution is infeasible
22:59:58,498 - __main__ - INFO - The solution is infeasible
22:59:58,498 - __main__ - INFO - Sample 4
Solution found proactively quantile
22:59:58,646 - __main__ - INFO - The solution is infeasible
22:59:58,837 - __main__ - INFO - The solution is infeasible
22:59:58,837 - __main__ - INFO - Sample 5
Solution found proactively quantile
22:59:58,988 - __main__ - INFO - The solution is infeasible
22:59:59,178 - __main__ - INFO - The solution is infeasible
22:59:59,178 - __main__ - INFO - Sample 6
Solution found proactively quantile
22:59:59,329 - __main__ - INFO - The solution is infeasible
22:59:59,520 - __main__ - INFO - The solution is infeasible
22:59:59,520 - __main__ - INFO - Sample 7
Solution found proactively quantile
22:59:59,671 - __main__ - INFO - The solution is infeasible
22:59:59,863 - __main__ - INFO - The solution is infeasible
22:59:59,864 - __main__ - INFO - Sample 8
Solution found proactively quantile
23:00:00,017 - __main__ - INFO - The solution is infeasible
23:00:00,210 - __main__ - INFO - The solution is infeasible
23:00:00,210 - __main__ - INFO - Sample 9
Solution found proactively quantile
23:00:00,361 - __main__ - INFO - The solution is infeasible
23:00:00,553 - __main__ - INFO - The solution is infeasible
23:00:00,553 - __main__ - INFO - ---------------------------------j2037_4.mm---------------------------------
23:00:00,647 - __main__ - INFO - Sample 0
Solution found proactively quantile
Reached infeasible reactive
23:00:03,178 - __main__ - INFO - Sample 1
Solution found proactively quantile
Reached infeasible reactive
23:00:05,365 - __main__ - INFO - Sample 2
Solution found proactively quantile
Reached infeasible reactive
23:00:07,735 - __main__ - INFO - Sample 3
Solution found proactively quantile
Reached infeasible reactive
23:00:10,329 - __main__ - INFO - Sample 4
Solution found proactively quantile
Reached infeasible reactive
23:00:12,458 - __main__ - INFO - Sample 5
Solution found proactively quantile
Reached infeasible reactive
23:00:14,678 - __main__ - INFO - Sample 6
Solution found proactively quantile
Reached infeasible reactive
23:00:17,161 - __main__ - INFO - Sample 7
Solution found proactively quantile
Reached infeasible reactive
23:00:19,404 - __main__ - INFO - Sample 8
Solution found proactively quantile
Reached infeasible reactive
23:00:21,657 - __main__ - INFO - Sample 9
Solution found proactively quantile
Reached infeasible reactive
23:00:24,173 - __main__ - INFO - ---------------------------------j2028_8.mm---------------------------------
23:00:24,235 - __main__ - INFO - Sample 0
Solution found proactively quantile
23:00:24,397 - __main__ - INFO - The solution is infeasible
23:00:24,571 - __main__ - INFO - The solution is infeasible
23:00:24,571 - __main__ - INFO - Sample 1
Solution found proactively quantile
23:00:24,735 - __main__ - INFO - The solution is infeasible
23:00:24,907 - __main__ - INFO - The solution is infeasible
23:00:24,908 - __main__ - INFO - Sample 2
Solution found proactively quantile
23:00:25,070 - __main__ - INFO - The solution is infeasible
23:00:25,244 - __main__ - INFO - The solution is infeasible
23:00:25,244 - __main__ - INFO - Sample 3
Solution found proactively quantile
23:00:25,407 - __main__ - INFO - The solution is infeasible
23:00:25,580 - __main__ - INFO - The solution is infeasible
23:00:25,580 - __main__ - INFO - Sample 4
Solution found proactively quantile
23:00:25,742 - __main__ - INFO - The solution is infeasible
23:00:25,914 - __main__ - INFO - The solution is infeasible
23:00:25,914 - __main__ - INFO - Sample 5
Solution found proactively quantile
23:00:26,076 - __main__ - INFO - The solution is infeasible
23:00:26,251 - __main__ - INFO - The solution is infeasible
23:00:26,252 - __main__ - INFO - Sample 6
Solution found proactively quantile
23:00:26,415 - __main__ - INFO - The solution is infeasible
23:00:26,592 - __main__ - INFO - The solution is infeasible
23:00:26,593 - __main__ - INFO - Sample 7
Solution found proactively quantile
23:00:26,756 - __main__ - INFO - The solution is infeasible
23:00:26,928 - __main__ - INFO - The solution is infeasible
23:00:26,928 - __main__ - INFO - Sample 8
Solution found proactively quantile
23:00:27,091 - __main__ - INFO - The solution is infeasible
23:00:27,264 - __main__ - INFO - The solution is infeasible
23:00:27,264 - __main__ - INFO - Sample 9
Solution found proactively quantile
23:00:27,427 - __main__ - INFO - The solution is infeasible
23:00:27,603 - __main__ - INFO - The solution is infeasible
23:00:27,604 - __main__ - INFO - ---------------------------------j2011_2.mm---------------------------------
23:00:27,706 - __main__ - INFO - Sample 0
Solution found proactively quantile
Reached infeasible reactive
23:00:29,669 - __main__ - INFO - Sample 1
Solution found proactively quantile
Reached infeasible reactive
23:00:31,609 - __main__ - INFO - Sample 2
Solution found proactively quantile
Reached infeasible reactive
23:00:33,539 - __main__ - INFO - Sample 3
Solution found proactively quantile
Reached infeasible reactive
23:00:35,660 - __main__ - INFO - Sample 4
Solution found proactively quantile
Reached infeasible reactive
23:00:37,595 - __main__ - INFO - Sample 5
Solution found proactively quantile
Reached infeasible reactive
23:00:39,614 - __main__ - INFO - Sample 6
Solution found proactively quantile
Reached infeasible reactive
23:00:41,461 - __main__ - INFO - Sample 7
Solution found proactively quantile
Reached infeasible reactive
23:00:43,490 - __main__ - INFO - Sample 8
Solution found proactively quantile
Reached infeasible reactive
23:00:45,496 - __main__ - INFO - Sample 9
Solution found proactively quantile
Reached infeasible reactive
23:00:47,366 - __main__ - INFO - ---------------------------------j2046_6.mm---------------------------------
23:00:47,449 - __main__ - INFO - Sample 0
Solution found proactively quantile
Reached infeasible reactive
23:00:47,685 - __main__ - INFO - The solution is infeasible
23:00:47,686 - __main__ - INFO - Sample 1
Solution found proactively quantile
Reached infeasible reactive
23:00:48,050 - __main__ - INFO - The solution is infeasible
23:00:48,050 - __main__ - INFO - Sample 2
Solution found proactively quantile
Reached infeasible reactive
23:00:48,349 - __main__ - INFO - The solution is infeasible
23:00:48,349 - __main__ - INFO - Sample 3
Solution found proactively quantile
Reached infeasible reactive
23:00:48,899 - __main__ - INFO - The solution is infeasible
23:00:48,900 - __main__ - INFO - Sample 4
Solution found proactively quantile
Reached infeasible reactive
23:00:49,522 - __main__ - INFO - The solution is infeasible
23:00:49,522 - __main__ - INFO - Sample 5
Solution found proactively quantile
Reached infeasible reactive
23:00:50,159 - __main__ - INFO - The solution is infeasible
23:00:50,159 - __main__ - INFO - Sample 6
Solution found proactively quantile
Reached infeasible reactive
23:00:50,502 - __main__ - INFO - The solution is infeasible
23:00:50,503 - __main__ - INFO - Sample 7
Solution found proactively quantile
Reached infeasible reactive
23:00:50,746 - __main__ - INFO - The solution is infeasible
23:00:50,747 - __main__ - INFO - Sample 8
Solution found proactively quantile
Reached infeasible reactive
23:00:51,177 - __main__ - INFO - The solution is infeasible
23:00:51,177 - __main__ - INFO - Sample 9
Solution found proactively quantile
Reached infeasible reactive
23:00:51,710 - __main__ - INFO - The solution is infeasible
23:00:51,711 - __main__ - INFO - ---------------------------------j2018_10.mm---------------------------------
23:00:51,762 - __main__ - INFO - Sample 0
Solution found proactively quantile
Reached infeasible reactive
23:00:53,479 - __main__ - INFO - Sample 1
Solution found proactively quantile
Reached infeasible reactive
23:00:55,321 - __main__ - INFO - Sample 2
Solution found proactively quantile
Reached infeasible reactive
23:00:57,095 - __main__ - INFO - Sample 3
Solution found proactively quantile
Reached infeasible reactive
23:00:58,687 - __main__ - INFO - Sample 4
Solution found proactively quantile
Reached infeasible reactive
23:01:00,380 - __main__ - INFO - Sample 5
Solution found proactively quantile
Reached infeasible reactive
23:01:02,040 - __main__ - INFO - Sample 6
Solution found proactively quantile
Reached infeasible reactive
23:01:03,633 - __main__ - INFO - Sample 7
Solution found proactively quantile
Reached infeasible reactive
23:01:05,308 - __main__ - INFO - Sample 8
Solution found proactively quantile
Reached infeasible reactive
23:01:06,924 - __main__ - INFO - Sample 9
Solution found proactively quantile
Reached infeasible reactive
23:01:08,701 - __main__ - INFO - ---------------------------------j2030_7.mm---------------------------------
23:01:08,778 - __main__ - INFO - Sample 0
Solution found proactively quantile
23:01:09,131 - __main__ - INFO - The solution is infeasible
23:01:09,550 - __main__ - INFO - The solution is infeasible
23:01:09,551 - __main__ - INFO - Sample 1
Solution found proactively quantile
23:01:09,994 - __main__ - INFO - The solution is infeasible
23:01:10,415 - __main__ - INFO - The solution is infeasible
23:01:10,415 - __main__ - INFO - Sample 2
Solution found proactively quantile
23:01:10,766 - __main__ - INFO - The solution is infeasible
23:01:11,183 - __main__ - INFO - The solution is infeasible
23:01:11,184 - __main__ - INFO - Sample 3
Solution found proactively quantile
23:01:11,537 - __main__ - INFO - The solution is infeasible
23:01:11,957 - __main__ - INFO - The solution is infeasible
23:01:11,957 - __main__ - INFO - Sample 4
Solution found proactively quantile
23:01:12,308 - __main__ - INFO - The solution is infeasible
23:01:12,722 - __main__ - INFO - The solution is infeasible
23:01:12,723 - __main__ - INFO - Sample 5
Solution found proactively quantile
23:01:13,074 - __main__ - INFO - The solution is infeasible
23:01:13,491 - __main__ - INFO - The solution is infeasible
23:01:13,492 - __main__ - INFO - Sample 6
Solution found proactively quantile
23:01:13,845 - __main__ - INFO - The solution is infeasible
23:01:14,269 - __main__ - INFO - The solution is infeasible
23:01:14,269 - __main__ - INFO - Sample 7
Solution found proactively quantile
23:01:14,620 - __main__ - INFO - The solution is infeasible
23:01:15,038 - __main__ - INFO - The solution is infeasible
23:01:15,038 - __main__ - INFO - Sample 8
Solution found proactively quantile
23:01:15,387 - __main__ - INFO - The solution is infeasible
23:01:15,802 - __main__ - INFO - The solution is infeasible
23:01:15,802 - __main__ - INFO - Sample 9
Solution found proactively quantile
23:01:16,153 - __main__ - INFO - The solution is infeasible
23:01:16,570 - __main__ - INFO - The solution is infeasible
23:01:16,571 - __main__ - INFO - ---------------------------------j2063_7.mm---------------------------------
23:01:16,661 - __main__ - INFO - Sample 0
Solution found proactively quantile
Reached infeasible reactive
23:01:17,027 - __main__ - INFO - The solution is infeasible
23:01:17,027 - __main__ - INFO - Sample 1
Solution found proactively quantile
Reached infeasible reactive
23:01:17,396 - __main__ - INFO - The solution is infeasible
23:01:17,396 - __main__ - INFO - Sample 2
Solution found proactively quantile
Reached infeasible reactive
23:01:17,866 - __main__ - INFO - The solution is infeasible
23:01:17,866 - __main__ - INFO - Sample 3
Solution found proactively quantile
Reached infeasible reactive
23:01:18,218 - __main__ - INFO - The solution is infeasible
23:01:18,219 - __main__ - INFO - Sample 4
Solution found proactively quantile
Reached infeasible reactive
23:01:18,630 - __main__ - INFO - The solution is infeasible
23:01:18,631 - __main__ - INFO - Sample 5
Solution found proactively quantile
Reached infeasible reactive
23:01:19,098 - __main__ - INFO - The solution is infeasible
23:01:19,099 - __main__ - INFO - Sample 6
Solution found proactively quantile
Reached infeasible reactive
23:01:19,601 - __main__ - INFO - The solution is infeasible
23:01:19,601 - __main__ - INFO - Sample 7
Solution found proactively quantile
Reached infeasible reactive
23:01:20,057 - __main__ - INFO - The solution is infeasible
23:01:20,058 - __main__ - INFO - Sample 8
Solution found proactively quantile
Reached infeasible reactive
23:01:20,462 - __main__ - INFO - The solution is infeasible
23:01:20,463 - __main__ - INFO - Sample 9
Solution found proactively quantile
Reached infeasible reactive
23:01:20,820 - __main__ - INFO - The solution is infeasible
23:01:20,820 - __main__ - INFO - ---------------------------------j2013_6.mm---------------------------------
23:01:20,886 - __main__ - INFO - Sample 0
Solution found proactively quantile
Reached infeasible reactive
23:01:22,863 - __main__ - INFO - Sample 1
Solution found proactively quantile
Reached infeasible reactive
23:01:24,774 - __main__ - INFO - Sample 2
Solution found proactively quantile
Reached infeasible reactive
23:01:26,694 - __main__ - INFO - Sample 3
Solution found proactively quantile
Reached infeasible reactive
23:01:28,687 - __main__ - INFO - Sample 4
Solution found proactively quantile
Reached infeasible reactive
23:01:30,760 - __main__ - INFO - Sample 5
Solution found proactively quantile
Reached infeasible reactive
23:01:32,617 - __main__ - INFO - Sample 6
Solution found proactively quantile
Reached infeasible reactive
23:01:34,474 - __main__ - INFO - Sample 7
Solution found proactively quantile
Reached infeasible reactive
23:01:36,369 - __main__ - INFO - Sample 8
Solution found proactively quantile
Reached infeasible reactive
23:01:38,444 - __main__ - INFO - Sample 9
Solution found proactively quantile
Reached infeasible reactive
23:01:40,463 - __main__ - INFO - ---------------------------------j2034_7.mm---------------------------------
23:01:40,586 - __main__ - INFO - Sample 0
Solution found proactively quantile
23:01:40,700 - __main__ - INFO - The solution is infeasible
23:01:40,850 - __main__ - INFO - The solution is infeasible
23:01:40,850 - __main__ - INFO - Sample 1
Solution found proactively quantile
23:01:40,960 - __main__ - INFO - The solution is infeasible
23:01:41,107 - __main__ - INFO - The solution is infeasible
23:01:41,107 - __main__ - INFO - Sample 2
Solution found proactively quantile
23:01:41,219 - __main__ - INFO - The solution is infeasible
23:01:41,368 - __main__ - INFO - The solution is infeasible
23:01:41,368 - __main__ - INFO - Sample 3
Solution found proactively quantile
23:01:41,479 - __main__ - INFO - The solution is infeasible
23:01:41,626 - __main__ - INFO - The solution is infeasible
23:01:41,627 - __main__ - INFO - Sample 4
Solution found proactively quantile
23:01:41,738 - __main__ - INFO - The solution is infeasible
23:01:41,885 - __main__ - INFO - The solution is infeasible
23:01:41,885 - __main__ - INFO - Sample 5
Solution found proactively quantile
23:01:41,998 - __main__ - INFO - The solution is infeasible
23:01:42,145 - __main__ - INFO - The solution is infeasible
23:01:42,145 - __main__ - INFO - Sample 6
Solution found proactively quantile
23:01:42,377 - __main__ - INFO - The solution is infeasible
23:01:42,524 - __main__ - INFO - The solution is infeasible
23:01:42,524 - __main__ - INFO - Sample 7
Solution found proactively quantile
23:01:42,637 - __main__ - INFO - The solution is infeasible
23:01:42,782 - __main__ - INFO - The solution is infeasible
23:01:42,783 - __main__ - INFO - Sample 8
Solution found proactively quantile
23:01:42,893 - __main__ - INFO - The solution is infeasible
23:01:43,043 - __main__ - INFO - The solution is infeasible
23:01:43,044 - __main__ - INFO - Sample 9
Solution found proactively quantile
23:01:43,156 - __main__ - INFO - The solution is infeasible
23:01:43,306 - __main__ - INFO - The solution is infeasible
23:01:43,306 - __main__ - INFO - ---------------------------------j2027_1.mm---------------------------------
23:01:43,406 - __main__ - INFO - Sample 0
Solution found proactively quantile
Reached infeasible reactive
23:01:45,347 - __main__ - INFO - Sample 1
Solution found proactively quantile
Reached infeasible reactive
23:01:47,006 - __main__ - INFO - Sample 2
Solution found proactively quantile
Reached infeasible reactive
23:01:48,785 - __main__ - INFO - Sample 3
Solution found proactively quantile
Reached infeasible reactive
23:01:50,602 - __main__ - INFO - Sample 4
Solution found proactively quantile
Reached infeasible reactive
23:01:52,590 - __main__ - INFO - Sample 5
Solution found proactively quantile
Reached infeasible reactive
23:01:54,392 - __main__ - INFO - Sample 6
Solution found proactively quantile
Reached infeasible reactive
23:01:56,196 - __main__ - INFO - Sample 7
Solution found proactively quantile
Reached infeasible reactive
23:01:57,889 - __main__ - INFO - Sample 8
Solution found proactively quantile
Reached infeasible reactive
23:01:59,639 - __main__ - INFO - Sample 9
Solution found proactively quantile
Reached infeasible reactive
23:02:01,466 - __main__ - INFO - ---------------------------------j2025_10.mm---------------------------------
23:02:01,561 - __main__ - INFO - Sample 0
Solution found proactively quantile
23:02:01,901 - __main__ - INFO - The solution is infeasible
23:02:02,284 - __main__ - INFO - The solution is infeasible
23:02:02,284 - __main__ - INFO - Sample 1
Solution found proactively quantile
23:02:02,623 - __main__ - INFO - The solution is infeasible
23:02:03,009 - __main__ - INFO - The solution is infeasible
23:02:03,009 - __main__ - INFO - Sample 2
Solution found proactively quantile
23:02:03,344 - __main__ - INFO - The solution is infeasible
23:02:03,731 - __main__ - INFO - The solution is infeasible
23:02:03,732 - __main__ - INFO - Sample 3
Solution found proactively quantile
23:02:04,063 - __main__ - INFO - The solution is infeasible
23:02:04,449 - __main__ - INFO - The solution is infeasible
23:02:04,449 - __main__ - INFO - Sample 4
Solution found proactively quantile
23:02:04,784 - __main__ - INFO - The solution is infeasible
23:02:05,165 - __main__ - INFO - The solution is infeasible
23:02:05,165 - __main__ - INFO - Sample 5
Solution found proactively quantile
23:02:05,501 - __main__ - INFO - The solution is infeasible
23:02:05,883 - __main__ - INFO - The solution is infeasible
23:02:05,883 - __main__ - INFO - Sample 6
Solution found proactively quantile
23:02:06,220 - __main__ - INFO - The solution is infeasible
23:02:06,605 - __main__ - INFO - The solution is infeasible
23:02:06,605 - __main__ - INFO - Sample 7
Solution found proactively quantile
23:02:06,937 - __main__ - INFO - The solution is infeasible
23:02:07,325 - __main__ - INFO - The solution is infeasible
23:02:07,325 - __main__ - INFO - Sample 8
Solution found proactively quantile
23:02:07,659 - __main__ - INFO - The solution is infeasible
23:02:08,049 - __main__ - INFO - The solution is infeasible
23:02:08,049 - __main__ - INFO - Sample 9
Solution found proactively quantile
23:02:08,384 - __main__ - INFO - The solution is infeasible
23:02:08,771 - __main__ - INFO - The solution is infeasible
23:02:08,771 - __main__ - INFO - ---------------------------------j2015_5.mm---------------------------------
23:02:08,907 - __main__ - INFO - Sample 0
Solution found proactively quantile
Reached infeasible reactive
23:02:09,235 - __main__ - INFO - The solution is infeasible
23:02:09,235 - __main__ - INFO - Sample 1
Solution found proactively quantile
Reached infeasible reactive
23:02:09,512 - __main__ - INFO - The solution is infeasible
23:02:09,512 - __main__ - INFO - Sample 2
Solution found proactively quantile
Reached infeasible reactive
23:02:09,787 - __main__ - INFO - The solution is infeasible
23:02:09,787 - __main__ - INFO - Sample 3
Solution found proactively quantile
Reached infeasible reactive
23:02:10,021 - __main__ - INFO - The solution is infeasible
23:02:10,021 - __main__ - INFO - Sample 4
Solution found proactively quantile
Reached infeasible reactive
23:02:10,254 - __main__ - INFO - The solution is infeasible
23:02:10,255 - __main__ - INFO - Sample 5
Solution found proactively quantile
Reached infeasible reactive
23:02:10,585 - __main__ - INFO - The solution is infeasible
23:02:10,585 - __main__ - INFO - Sample 6
Solution found proactively quantile
Reached infeasible reactive
23:02:10,820 - __main__ - INFO - The solution is infeasible
23:02:10,820 - __main__ - INFO - Sample 7
Solution found proactively quantile
Reached infeasible reactive
23:02:11,174 - __main__ - INFO - The solution is infeasible
23:02:11,175 - __main__ - INFO - Sample 8
Solution found proactively quantile
Reached infeasible reactive
23:02:11,409 - __main__ - INFO - The solution is infeasible
23:02:11,409 - __main__ - INFO - Sample 9
Solution found proactively quantile
Reached infeasible reactive
23:02:11,751 - __main__ - INFO - The solution is infeasible
23:02:11,752 - __main__ - INFO - ---------------------------------j2043_3.mm---------------------------------
23:02:11,830 - __main__ - INFO - Sample 0
Solution found proactively quantile
23:02:12,082 - __main__ - INFO - The solution is infeasible
23:02:12,507 - __main__ - INFO - The solution is infeasible
23:02:12,508 - __main__ - INFO - Sample 1
Solution found proactively quantile
23:02:12,759 - __main__ - INFO - The solution is infeasible
23:02:13,190 - __main__ - INFO - The solution is infeasible
23:02:13,190 - __main__ - INFO - Sample 2
Solution found proactively quantile
23:02:13,442 - __main__ - INFO - The solution is infeasible
23:02:13,868 - __main__ - INFO - The solution is infeasible
23:02:13,869 - __main__ - INFO - Sample 3
Solution found proactively quantile
23:02:14,120 - __main__ - INFO - The solution is infeasible
23:02:14,547 - __main__ - INFO - The solution is infeasible
23:02:14,548 - __main__ - INFO - Sample 4
Solution found proactively quantile
23:02:14,794 - __main__ - INFO - The solution is infeasible
23:02:15,222 - __main__ - INFO - The solution is infeasible
23:02:15,222 - __main__ - INFO - Sample 5
Solution found proactively quantile
23:02:15,471 - __main__ - INFO - The solution is infeasible
23:02:15,899 - __main__ - INFO - The solution is infeasible
23:02:15,899 - __main__ - INFO - Sample 6
Solution found proactively quantile
23:02:16,151 - __main__ - INFO - The solution is infeasible
23:02:16,579 - __main__ - INFO - The solution is infeasible
23:02:16,579 - __main__ - INFO - Sample 7
Solution found proactively quantile
23:02:16,828 - __main__ - INFO - The solution is infeasible
23:02:17,256 - __main__ - INFO - The solution is infeasible
23:02:17,256 - __main__ - INFO - Sample 8
Solution found proactively quantile
23:02:17,506 - __main__ - INFO - The solution is infeasible
23:02:17,933 - __main__ - INFO - The solution is infeasible
23:02:17,934 - __main__ - INFO - Sample 9
Solution found proactively quantile
23:02:18,183 - __main__ - INFO - The solution is infeasible
23:02:18,609 - __main__ - INFO - The solution is infeasible
23:02:18,610 - __main__ - INFO - ---------------------------------j2016_7.mm---------------------------------
23:02:18,681 - __main__ - INFO - Sample 0
Solution found proactively quantile
23:02:19,117 - __main__ - INFO - The solution is infeasible
23:02:19,552 - __main__ - INFO - The solution is infeasible
23:02:19,552 - __main__ - INFO - Sample 1
Solution found proactively quantile
23:02:19,984 - __main__ - INFO - The solution is infeasible
23:02:20,420 - __main__ - INFO - The solution is infeasible
23:02:20,421 - __main__ - INFO - Sample 2
Solution found proactively quantile
23:02:20,854 - __main__ - INFO - The solution is infeasible
23:02:21,293 - __main__ - INFO - The solution is infeasible
23:02:21,294 - __main__ - INFO - Sample 3
Solution found proactively quantile
23:02:21,722 - __main__ - INFO - The solution is infeasible
23:02:22,167 - __main__ - INFO - The solution is infeasible
23:02:22,167 - __main__ - INFO - Sample 4
Solution found proactively quantile
23:02:22,601 - __main__ - INFO - The solution is infeasible
23:02:23,037 - __main__ - INFO - The solution is infeasible
23:02:23,038 - __main__ - INFO - Sample 5
Solution found proactively quantile
23:02:23,467 - __main__ - INFO - The solution is infeasible
23:02:23,899 - __main__ - INFO - The solution is infeasible
23:02:23,900 - __main__ - INFO - Sample 6
Solution found proactively quantile
23:02:24,333 - __main__ - INFO - The solution is infeasible
23:02:24,773 - __main__ - INFO - The solution is infeasible
23:02:24,773 - __main__ - INFO - Sample 7
Solution found proactively quantile
23:02:25,201 - __main__ - INFO - The solution is infeasible
23:02:25,634 - __main__ - INFO - The solution is infeasible
23:02:25,634 - __main__ - INFO - Sample 8
Solution found proactively quantile
23:02:26,076 - __main__ - INFO - The solution is infeasible
23:02:26,520 - __main__ - INFO - The solution is infeasible
23:02:26,521 - __main__ - INFO - Sample 9
Solution found proactively quantile
23:02:26,952 - __main__ - INFO - The solution is infeasible
23:02:27,388 - __main__ - INFO - The solution is infeasible
23:02:27,388 - __main__ - INFO - ---------------------------------j2030_10.mm---------------------------------
23:02:27,462 - __main__ - INFO - Sample 0
Solution found proactively quantile
23:02:27,621 - __main__ - INFO - The solution is infeasible
23:02:27,878 - __main__ - INFO - The solution is infeasible
23:02:27,879 - __main__ - INFO - Sample 1
Solution found proactively quantile
23:02:28,038 - __main__ - INFO - The solution is infeasible
23:02:28,293 - __main__ - INFO - The solution is infeasible
23:02:28,293 - __main__ - INFO - Sample 2
Solution found proactively quantile
23:02:28,454 - __main__ - INFO - The solution is infeasible
23:02:28,710 - __main__ - INFO - The solution is infeasible
23:02:28,710 - __main__ - INFO - Sample 3
Solution found proactively quantile
23:02:28,946 - __main__ - INFO - The solution is infeasible
23:02:29,201 - __main__ - INFO - The solution is infeasible
23:02:29,201 - __main__ - INFO - Sample 4
Solution found proactively quantile
23:02:29,362 - __main__ - INFO - The solution is infeasible
23:02:29,619 - __main__ - INFO - The solution is infeasible
23:02:29,620 - __main__ - INFO - Sample 5
Solution found proactively quantile
23:02:29,779 - __main__ - INFO - The solution is infeasible
23:02:30,039 - __main__ - INFO - The solution is infeasible
23:02:30,039 - __main__ - INFO - Sample 6
Solution found proactively quantile
23:02:30,197 - __main__ - INFO - The solution is infeasible
23:02:30,456 - __main__ - INFO - The solution is infeasible
23:02:30,457 - __main__ - INFO - Sample 7
Solution found proactively quantile
23:02:30,618 - __main__ - INFO - The solution is infeasible
23:02:30,874 - __main__ - INFO - The solution is infeasible
23:02:30,874 - __main__ - INFO - Sample 8
Solution found proactively quantile
23:02:31,036 - __main__ - INFO - The solution is infeasible
23:02:31,294 - __main__ - INFO - The solution is infeasible
23:02:31,295 - __main__ - INFO - Sample 9
Solution found proactively quantile
23:02:31,457 - __main__ - INFO - The solution is infeasible
23:02:31,711 - __main__ - INFO - The solution is infeasible
23:02:31,711 - __main__ - INFO - ---------------------------------j2027_3.mm---------------------------------
23:02:31,774 - __main__ - INFO - Sample 0
Solution found proactively quantile
Reached infeasible reactive
23:02:32,113 - __main__ - INFO - The solution is infeasible
23:02:32,113 - __main__ - INFO - Sample 1
Solution found proactively quantile
Reached infeasible reactive
23:02:32,519 - __main__ - INFO - The solution is infeasible
23:02:32,519 - __main__ - INFO - Sample 2
Solution found proactively quantile
Reached infeasible reactive
23:02:32,843 - __main__ - INFO - The solution is infeasible
23:02:32,843 - __main__ - INFO - Sample 3
Solution found proactively quantile
Reached infeasible reactive
23:02:33,162 - __main__ - INFO - The solution is infeasible
23:02:33,163 - __main__ - INFO - Sample 4
Solution found proactively quantile
Reached infeasible reactive
23:02:33,427 - __main__ - INFO - The solution is infeasible
23:02:33,427 - __main__ - INFO - Sample 5
Solution found proactively quantile
Reached infeasible reactive
23:02:33,777 - __main__ - INFO - The solution is infeasible
23:02:33,778 - __main__ - INFO - Sample 6
Solution found proactively quantile
Reached infeasible reactive
23:02:34,158 - __main__ - INFO - The solution is infeasible
23:02:34,159 - __main__ - INFO - Sample 7
Solution found proactively quantile
Reached infeasible reactive
23:02:34,596 - __main__ - INFO - The solution is infeasible
23:02:34,596 - __main__ - INFO - Sample 8
Solution found proactively quantile
Reached infeasible reactive
23:02:34,867 - __main__ - INFO - The solution is infeasible
23:02:34,867 - __main__ - INFO - Sample 9
Solution found proactively quantile
Reached infeasible reactive
23:02:35,194 - __main__ - INFO - The solution is infeasible
23:02:35,194 - __main__ - INFO - ---------------------------------j2038_5.mm---------------------------------
23:02:35,254 - __main__ - INFO - Sample 0
Solution found proactively quantile
Reached infeasible reactive
23:02:35,518 - __main__ - INFO - The solution is infeasible
23:02:35,519 - __main__ - INFO - Sample 1
Solution found proactively quantile
Reached infeasible reactive
23:02:35,835 - __main__ - INFO - The solution is infeasible
23:02:35,835 - __main__ - INFO - Sample 2
Solution found proactively quantile
Reached infeasible reactive
23:02:36,273 - __main__ - INFO - The solution is infeasible
23:02:36,274 - __main__ - INFO - Sample 3
Solution found proactively quantile
Reached infeasible reactive
23:02:36,662 - __main__ - INFO - The solution is infeasible
23:02:36,662 - __main__ - INFO - Sample 4
Solution found proactively quantile
Reached infeasible reactive
23:02:37,171 - __main__ - INFO - The solution is infeasible
23:02:37,171 - __main__ - INFO - Sample 5
Solution found proactively quantile
Reached infeasible reactive
23:02:37,580 - __main__ - INFO - The solution is infeasible
23:02:37,581 - __main__ - INFO - Sample 6
Solution found proactively quantile
Reached infeasible reactive
23:02:38,059 - __main__ - INFO - The solution is infeasible
23:02:38,059 - __main__ - INFO - Sample 7
Solution found proactively quantile
Reached infeasible reactive
23:02:38,701 - __main__ - INFO - The solution is infeasible
23:02:38,702 - __main__ - INFO - Sample 8
Solution found proactively quantile
Reached infeasible reactive
23:02:39,058 - __main__ - INFO - The solution is infeasible
23:02:39,058 - __main__ - INFO - Sample 9
Solution found proactively quantile
Reached infeasible reactive
23:02:39,389 - __main__ - INFO - The solution is infeasible
23:02:39,389 - __main__ - INFO - ---------------------------------j2041_10.mm---------------------------------
23:02:39,455 - __main__ - INFO - Sample 0
Solution found proactively quantile
23:02:39,822 - __main__ - INFO - The solution is infeasible
23:02:40,183 - __main__ - INFO - The solution is infeasible
23:02:40,183 - __main__ - INFO - Sample 1
Solution found proactively quantile
23:02:40,547 - __main__ - INFO - The solution is infeasible
23:02:40,911 - __main__ - INFO - The solution is infeasible
23:02:40,911 - __main__ - INFO - Sample 2
Solution found proactively quantile
23:02:41,273 - __main__ - INFO - The solution is infeasible
23:02:41,640 - __main__ - INFO - The solution is infeasible
23:02:41,641 - __main__ - INFO - Sample 3
Solution found proactively quantile
23:02:42,002 - __main__ - INFO - The solution is infeasible
23:02:42,366 - __main__ - INFO - The solution is infeasible
23:02:42,366 - __main__ - INFO - Sample 4
Solution found proactively quantile
23:02:42,727 - __main__ - INFO - The solution is infeasible
23:02:43,090 - __main__ - INFO - The solution is infeasible
23:02:43,091 - __main__ - INFO - Sample 5
Solution found proactively quantile
23:02:43,457 - __main__ - INFO - The solution is infeasible
23:02:43,821 - __main__ - INFO - The solution is infeasible
23:02:43,822 - __main__ - INFO - Sample 6
Solution found proactively quantile
23:02:44,187 - __main__ - INFO - The solution is infeasible
23:02:44,551 - __main__ - INFO - The solution is infeasible
23:02:44,552 - __main__ - INFO - Sample 7
Solution found proactively quantile
23:02:44,911 - __main__ - INFO - The solution is infeasible
23:02:45,276 - __main__ - INFO - The solution is infeasible
23:02:45,277 - __main__ - INFO - Sample 8
Solution found proactively quantile
23:02:45,638 - __main__ - INFO - The solution is infeasible
23:02:46,007 - __main__ - INFO - The solution is infeasible
23:02:46,007 - __main__ - INFO - Sample 9
Solution found proactively quantile
23:02:46,370 - __main__ - INFO - The solution is infeasible
23:02:46,739 - __main__ - INFO - The solution is infeasible
23:02:46,739 - __main__ - INFO - ---------------------------------j2015_7.mm---------------------------------
23:02:46,858 - __main__ - INFO - Sample 0
Solution found proactively quantile
Reached infeasible reactive
23:02:48,785 - __main__ - INFO - Sample 1
Solution found proactively quantile
Reached infeasible reactive
23:02:50,773 - __main__ - INFO - Sample 2
Solution found proactively quantile
Reached infeasible reactive
23:02:52,664 - __main__ - INFO - Sample 3
Solution found proactively quantile
Reached infeasible reactive
23:02:54,645 - __main__ - INFO - Sample 4
Solution found proactively quantile
Reached infeasible reactive
23:02:56,635 - __main__ - INFO - Sample 5
Solution found proactively quantile
Reached infeasible reactive
23:02:58,544 - __main__ - INFO - Sample 6
Solution found proactively quantile
Reached infeasible reactive
23:03:00,659 - __main__ - INFO - Sample 7
Solution found proactively quantile
Reached infeasible reactive
23:03:02,513 - __main__ - INFO - Sample 8
Solution found proactively quantile
Reached infeasible reactive
23:03:05,003 - __main__ - INFO - Sample 9
Solution found proactively quantile
Reached infeasible reactive
23:03:06,913 - __main__ - INFO - ---------------------------------j2056_2.mm---------------------------------
23:03:06,994 - __main__ - INFO - Sample 0
Solution found proactively quantile
23:03:07,290 - __main__ - INFO - The solution is infeasible
23:03:07,683 - __main__ - INFO - The solution is infeasible
23:03:07,683 - __main__ - INFO - Sample 1
Solution found proactively quantile
23:03:07,977 - __main__ - INFO - The solution is infeasible
23:03:08,367 - __main__ - INFO - The solution is infeasible
23:03:08,367 - __main__ - INFO - Sample 2
Solution found proactively quantile
23:03:08,660 - __main__ - INFO - The solution is infeasible
23:03:09,056 - __main__ - INFO - The solution is infeasible
23:03:09,056 - __main__ - INFO - Sample 3
Solution found proactively quantile
23:03:09,352 - __main__ - INFO - The solution is infeasible
23:03:09,744 - __main__ - INFO - The solution is infeasible
23:03:09,745 - __main__ - INFO - Sample 4
Solution found proactively quantile
23:03:10,039 - __main__ - INFO - The solution is infeasible
23:03:10,430 - __main__ - INFO - The solution is infeasible
23:03:10,430 - __main__ - INFO - Sample 5
Solution found proactively quantile
23:03:10,725 - __main__ - INFO - The solution is infeasible
23:03:11,121 - __main__ - INFO - The solution is infeasible
23:03:11,121 - __main__ - INFO - Sample 6
Solution found proactively quantile
23:03:11,418 - __main__ - INFO - The solution is infeasible
23:03:11,807 - __main__ - INFO - The solution is infeasible
23:03:11,807 - __main__ - INFO - Sample 7
Solution found proactively quantile
23:03:12,099 - __main__ - INFO - The solution is infeasible
23:03:12,499 - __main__ - INFO - The solution is infeasible
23:03:12,499 - __main__ - INFO - Sample 8
Solution found proactively quantile
23:03:12,790 - __main__ - INFO - The solution is infeasible
23:03:13,189 - __main__ - INFO - The solution is infeasible
23:03:13,189 - __main__ - INFO - Sample 9
Solution found proactively quantile
23:03:13,481 - __main__ - INFO - The solution is infeasible
23:03:13,877 - __main__ - INFO - The solution is infeasible
23:03:13,878 - __main__ - INFO - ---------------------------------j2030_9.mm---------------------------------
23:03:13,981 - __main__ - INFO - Sample 0
Solution found proactively quantile
Reached infeasible reactive
23:03:15,997 - __main__ - INFO - Sample 1
Solution found proactively quantile
Reached infeasible reactive
23:03:17,842 - __main__ - INFO - Sample 2
Solution found proactively quantile
Reached infeasible reactive
23:03:19,888 - __main__ - INFO - Sample 3
Solution found proactively quantile
Reached infeasible reactive
23:03:22,070 - __main__ - INFO - Sample 4
Solution found proactively quantile
Reached infeasible reactive
23:03:24,149 - __main__ - INFO - Sample 5
Solution found proactively quantile
Reached infeasible reactive
23:03:26,265 - __main__ - INFO - Sample 6
Solution found proactively quantile
Reached infeasible reactive
23:03:28,183 - __main__ - INFO - Sample 7
Solution found proactively quantile
Reached infeasible reactive
23:03:30,168 - __main__ - INFO - Sample 8
Solution found proactively quantile
Reached infeasible reactive
23:03:32,271 - __main__ - INFO - Sample 9
Solution found proactively quantile
Reached infeasible reactive
23:03:34,154 - __main__ - INFO - ---------------------------------j2039_4.mm---------------------------------
23:03:34,271 - __main__ - INFO - Sample 0
Solution found proactively quantile
23:03:34,455 - __main__ - INFO - The solution is infeasible
23:03:34,666 - __main__ - INFO - The solution is infeasible
23:03:34,666 - __main__ - INFO - Sample 1
Solution found proactively quantile
23:03:34,850 - __main__ - INFO - The solution is infeasible
23:03:35,061 - __main__ - INFO - The solution is infeasible
23:03:35,061 - __main__ - INFO - Sample 2
Solution found proactively quantile
23:03:35,243 - __main__ - INFO - The solution is infeasible
23:03:35,453 - __main__ - INFO - The solution is infeasible
23:03:35,453 - __main__ - INFO - Sample 3
Solution found proactively quantile
23:03:35,635 - __main__ - INFO - The solution is infeasible
23:03:35,844 - __main__ - INFO - The solution is infeasible
23:03:35,845 - __main__ - INFO - Sample 4
Solution found proactively quantile
23:03:36,027 - __main__ - INFO - The solution is infeasible
23:03:36,238 - __main__ - INFO - The solution is infeasible
23:03:36,238 - __main__ - INFO - Sample 5
Solution found proactively quantile
23:03:36,420 - __main__ - INFO - The solution is infeasible
23:03:36,629 - __main__ - INFO - The solution is infeasible
23:03:36,629 - __main__ - INFO - Sample 6
Solution found proactively quantile
23:03:36,812 - __main__ - INFO - The solution is infeasible
23:03:37,025 - __main__ - INFO - The solution is infeasible
23:03:37,025 - __main__ - INFO - Sample 7
Solution found proactively quantile
23:03:37,208 - __main__ - INFO - The solution is infeasible
23:03:37,417 - __main__ - INFO - The solution is infeasible
23:03:37,417 - __main__ - INFO - Sample 8
Solution found proactively quantile
23:03:37,602 - __main__ - INFO - The solution is infeasible
23:03:37,810 - __main__ - INFO - The solution is infeasible
23:03:37,810 - __main__ - INFO - Sample 9
Solution found proactively quantile
23:03:37,994 - __main__ - INFO - The solution is infeasible
23:03:38,206 - __main__ - INFO - The solution is infeasible
23:03:38,206 - __main__ - INFO - ---------------------------------j2062_6.mm---------------------------------
23:03:38,267 - __main__ - INFO - Sample 0
Solution found proactively quantile
Reached infeasible reactive
23:03:40,156 - __main__ - INFO - Sample 1
Solution found proactively quantile
Reached infeasible reactive
23:03:42,013 - __main__ - INFO - Sample 2
Solution found proactively quantile
Reached infeasible reactive
23:03:43,608 - __main__ - INFO - Sample 3
Solution found proactively quantile
Reached infeasible reactive
23:03:45,614 - __main__ - INFO - Sample 4
Solution found proactively quantile
Reached infeasible reactive
23:03:47,330 - __main__ - INFO - Sample 5
Solution found proactively quantile
Reached infeasible reactive
23:03:49,145 - __main__ - INFO - Sample 6
Solution found proactively quantile
Reached infeasible reactive
23:03:50,965 - __main__ - INFO - Sample 7
Solution found proactively quantile
Reached infeasible reactive
23:03:52,572 - __main__ - INFO - Sample 8
Solution found proactively quantile
Reached infeasible reactive
23:03:54,277 - __main__ - INFO - Sample 9
Solution found proactively quantile
Reached infeasible reactive
23:03:56,082 - __main__ - INFO - ---------------------------------j2051_6.mm---------------------------------
23:03:56,135 - __main__ - INFO - Sample 0
Solution found proactively quantile
23:03:56,576 - __main__ - INFO - The solution is infeasible
23:03:57,021 - __main__ - INFO - The solution is infeasible
23:03:57,022 - __main__ - INFO - Sample 1
Solution found proactively quantile
23:03:57,461 - __main__ - INFO - The solution is infeasible
23:03:57,902 - __main__ - INFO - The solution is infeasible
23:03:57,902 - __main__ - INFO - Sample 2
Solution found proactively quantile
23:03:58,343 - __main__ - INFO - The solution is infeasible
23:03:58,785 - __main__ - INFO - The solution is infeasible
23:03:58,786 - __main__ - INFO - Sample 3
Solution found proactively quantile
23:03:59,226 - __main__ - INFO - The solution is infeasible
23:03:59,665 - __main__ - INFO - The solution is infeasible
23:03:59,665 - __main__ - INFO - Sample 4
Solution found proactively quantile
23:04:00,109 - __main__ - INFO - The solution is infeasible
23:04:00,553 - __main__ - INFO - The solution is infeasible
23:04:00,553 - __main__ - INFO - Sample 5
Solution found proactively quantile
23:04:01,001 - __main__ - INFO - The solution is infeasible
23:04:01,443 - __main__ - INFO - The solution is infeasible
23:04:01,443 - __main__ - INFO - Sample 6
Solution found proactively quantile
23:04:01,884 - __main__ - INFO - The solution is infeasible
23:04:02,328 - __main__ - INFO - The solution is infeasible
23:04:02,329 - __main__ - INFO - Sample 7
Solution found proactively quantile
23:04:02,876 - __main__ - INFO - The solution is infeasible
23:04:03,323 - __main__ - INFO - The solution is infeasible
23:04:03,323 - __main__ - INFO - Sample 8
Solution found proactively quantile
23:04:03,765 - __main__ - INFO - The solution is infeasible
23:04:04,208 - __main__ - INFO - The solution is infeasible
23:04:04,209 - __main__ - INFO - Sample 9
Solution found proactively quantile
23:04:04,650 - __main__ - INFO - The solution is infeasible
23:04:05,090 - __main__ - INFO - The solution is infeasible
23:04:05,090 - __main__ - INFO - ---------------------------------j2018_5.mm---------------------------------
23:04:05,191 - __main__ - INFO - Sample 0
Solution found proactively quantile
23:04:05,484 - __main__ - INFO - The solution is infeasible
23:04:05,804 - __main__ - INFO - The solution is infeasible
23:04:05,804 - __main__ - INFO - Sample 1
Solution found proactively quantile
23:04:06,093 - __main__ - INFO - The solution is infeasible
23:04:06,412 - __main__ - INFO - The solution is infeasible
23:04:06,413 - __main__ - INFO - Sample 2
Solution found proactively quantile
23:04:06,705 - __main__ - INFO - The solution is infeasible
23:04:07,026 - __main__ - INFO - The solution is infeasible
23:04:07,027 - __main__ - INFO - Sample 3
Solution found proactively quantile
23:04:07,317 - __main__ - INFO - The solution is infeasible
23:04:07,632 - __main__ - INFO - The solution is infeasible
23:04:07,632 - __main__ - INFO - Sample 4
Solution found proactively quantile
23:04:07,924 - __main__ - INFO - The solution is infeasible
23:04:08,238 - __main__ - INFO - The solution is infeasible
23:04:08,238 - __main__ - INFO - Sample 5
Solution found proactively quantile
23:04:08,534 - __main__ - INFO - The solution is infeasible
23:04:08,850 - __main__ - INFO - The solution is infeasible
23:04:08,851 - __main__ - INFO - Sample 6
Solution found proactively quantile
23:04:09,144 - __main__ - INFO - The solution is infeasible
23:04:09,462 - __main__ - INFO - The solution is infeasible
23:04:09,463 - __main__ - INFO - Sample 7
Solution found proactively quantile
23:04:09,757 - __main__ - INFO - The solution is infeasible
23:04:10,079 - __main__ - INFO - The solution is infeasible
23:04:10,079 - __main__ - INFO - Sample 8
Solution found proactively quantile
23:04:10,371 - __main__ - INFO - The solution is infeasible
23:04:10,690 - __main__ - INFO - The solution is infeasible
23:04:10,690 - __main__ - INFO - Sample 9
Solution found proactively quantile
23:04:10,982 - __main__ - INFO - The solution is infeasible
23:04:11,296 - __main__ - INFO - The solution is infeasible
23:04:11,296 - __main__ - INFO - ---------------------------------j2042_6.mm---------------------------------
23:04:11,376 - __main__ - INFO - Sample 0
Solution found proactively quantile
Reached infeasible reactive
23:04:13,631 - __main__ - INFO - Sample 1
Solution found proactively quantile
Reached infeasible reactive
23:04:15,823 - __main__ - INFO - Sample 2
Solution found proactively quantile
Reached infeasible reactive
23:04:17,987 - __main__ - INFO - Sample 3
Solution found proactively quantile
Reached infeasible reactive
23:04:20,181 - __main__ - INFO - Sample 4
Solution found proactively quantile
Reached infeasible reactive
23:04:22,503 - __main__ - INFO - Sample 5
Solution found proactively quantile
Reached infeasible reactive
23:04:24,552 - __main__ - INFO - Sample 6
Solution found proactively quantile
Reached infeasible reactive
23:04:26,649 - __main__ - INFO - Sample 7
Solution found proactively quantile
Reached infeasible reactive
23:04:28,663 - __main__ - INFO - Sample 8
Solution found proactively quantile
Reached infeasible reactive
23:04:30,771 - __main__ - INFO - Sample 9
Solution found proactively quantile
Reached infeasible reactive
23:04:32,951 - __main__ - INFO - ---------------------------------j2061_4.mm---------------------------------
23:04:33,114 - __main__ - INFO - Sample 0
Solution found proactively quantile
23:04:33,434 - __main__ - INFO - The solution is infeasible
23:04:33,798 - __main__ - INFO - The solution is infeasible
23:04:33,798 - __main__ - INFO - Sample 1
Solution found proactively quantile
23:04:34,122 - __main__ - INFO - The solution is infeasible
23:04:34,480 - __main__ - INFO - The solution is infeasible
23:04:34,480 - __main__ - INFO - Sample 2
Solution found proactively quantile
23:04:34,802 - __main__ - INFO - The solution is infeasible
23:04:35,163 - __main__ - INFO - The solution is infeasible
23:04:35,163 - __main__ - INFO - Sample 3
Solution found proactively quantile
23:04:35,478 - __main__ - INFO - The solution is infeasible
23:04:35,838 - __main__ - INFO - The solution is infeasible
23:04:35,838 - __main__ - INFO - Sample 4
Solution found proactively quantile
23:04:36,159 - __main__ - INFO - The solution is infeasible
23:04:36,521 - __main__ - INFO - The solution is infeasible
23:04:36,521 - __main__ - INFO - Sample 5
Solution found proactively quantile
23:04:36,840 - __main__ - INFO - The solution is infeasible
23:04:37,205 - __main__ - INFO - The solution is infeasible
23:04:37,206 - __main__ - INFO - Sample 6
Solution found proactively quantile
23:04:37,524 - __main__ - INFO - The solution is infeasible
23:04:37,885 - __main__ - INFO - The solution is infeasible
23:04:37,885 - __main__ - INFO - Sample 7
Solution found proactively quantile
23:04:38,200 - __main__ - INFO - The solution is infeasible
23:04:38,562 - __main__ - INFO - The solution is infeasible
23:04:38,563 - __main__ - INFO - Sample 8
Solution found proactively quantile
23:04:38,883 - __main__ - INFO - The solution is infeasible
23:04:39,249 - __main__ - INFO - The solution is infeasible
23:04:39,250 - __main__ - INFO - Sample 9
Solution found proactively quantile
23:04:39,573 - __main__ - INFO - The solution is infeasible
23:04:39,927 - __main__ - INFO - The solution is infeasible
23:04:39,928 - __main__ - INFO - ---------------------------------j2052_2.mm---------------------------------
23:04:40,015 - __main__ - INFO - Sample 0
Solution found proactively quantile
Reached infeasible reactive
23:04:40,390 - __main__ - INFO - The solution is infeasible
23:04:40,391 - __main__ - INFO - Sample 1
Solution found proactively quantile
Reached infeasible reactive
23:04:40,693 - __main__ - INFO - The solution is infeasible
23:04:40,694 - __main__ - INFO - Sample 2
Solution found proactively quantile
Reached infeasible reactive
23:04:40,994 - __main__ - INFO - The solution is infeasible
23:04:40,995 - __main__ - INFO - Sample 3
Solution found proactively quantile
Reached infeasible reactive
23:04:41,312 - __main__ - INFO - The solution is infeasible
23:04:41,313 - __main__ - INFO - Sample 4
Solution found proactively quantile
Reached infeasible reactive
23:04:41,634 - __main__ - INFO - The solution is infeasible
23:04:41,634 - __main__ - INFO - Sample 5
Solution found proactively quantile
Reached infeasible reactive
23:04:41,965 - __main__ - INFO - The solution is infeasible
23:04:41,966 - __main__ - INFO - Sample 6
Solution found proactively quantile
Reached infeasible reactive
23:04:42,265 - __main__ - INFO - The solution is infeasible
23:04:42,265 - __main__ - INFO - Sample 7
Solution found proactively quantile
Reached infeasible reactive
23:04:42,572 - __main__ - INFO - The solution is infeasible
23:04:42,572 - __main__ - INFO - Sample 8
Solution found proactively quantile
Reached infeasible reactive
23:04:42,990 - __main__ - INFO - The solution is infeasible
23:04:42,991 - __main__ - INFO - Sample 9
Solution found proactively quantile
Reached infeasible reactive
23:04:43,314 - __main__ - INFO - The solution is infeasible
23:04:43,315 - __main__ - INFO - ---------------------------------j2044_7.mm---------------------------------
23:04:43,400 - __main__ - INFO - Sample 0
Solution found proactively quantile
Reached infeasible reactive
23:04:43,867 - __main__ - INFO - The solution is infeasible
23:04:43,868 - __main__ - INFO - Sample 1
Solution found proactively quantile
Reached infeasible reactive
23:04:44,309 - __main__ - INFO - The solution is infeasible
23:04:44,309 - __main__ - INFO - Sample 2
Solution found proactively quantile
Reached infeasible reactive
23:04:44,839 - __main__ - INFO - The solution is infeasible
23:04:44,840 - __main__ - INFO - Sample 3
Solution found proactively quantile
Reached infeasible reactive
23:04:45,416 - __main__ - INFO - The solution is infeasible
23:04:45,417 - __main__ - INFO - Sample 4
Solution found proactively quantile
Reached infeasible reactive
23:04:45,876 - __main__ - INFO - The solution is infeasible
23:04:45,877 - __main__ - INFO - Sample 5
Solution found proactively quantile
Reached infeasible reactive
23:04:46,418 - __main__ - INFO - The solution is infeasible
23:04:46,418 - __main__ - INFO - Sample 6
Solution found proactively quantile
Reached infeasible reactive
23:04:46,816 - __main__ - INFO - The solution is infeasible
23:04:46,816 - __main__ - INFO - Sample 7
Solution found proactively quantile
Reached infeasible reactive
23:04:47,199 - __main__ - INFO - The solution is infeasible
23:04:47,200 - __main__ - INFO - Sample 8
Solution found proactively quantile
Reached infeasible reactive
23:04:47,691 - __main__ - INFO - The solution is infeasible
23:04:47,691 - __main__ - INFO - Sample 9
Solution found proactively quantile
Reached infeasible reactive
23:04:48,259 - __main__ - INFO - The solution is infeasible
23:04:48,259 - __main__ - INFO - ---------------------------------j2014_1.mm---------------------------------
23:04:48,327 - __main__ - INFO - Sample 0
Solution found proactively quantile
Reached infeasible reactive
23:04:48,794 - __main__ - INFO - The solution is infeasible
23:04:48,794 - __main__ - INFO - Sample 1
Solution found proactively quantile
Reached infeasible reactive
23:04:49,077 - __main__ - INFO - The solution is infeasible
23:04:49,078 - __main__ - INFO - Sample 2
Solution found proactively quantile
Reached infeasible reactive
23:04:49,489 - __main__ - INFO - The solution is infeasible
23:04:49,489 - __main__ - INFO - Sample 3
Solution found proactively quantile
Reached infeasible reactive
23:04:49,788 - __main__ - INFO - The solution is infeasible
23:04:49,789 - __main__ - INFO - Sample 4
Solution found proactively quantile
Reached infeasible reactive
23:04:50,286 - __main__ - INFO - The solution is infeasible
23:04:50,286 - __main__ - INFO - Sample 5
Solution found proactively quantile
Reached infeasible reactive
23:04:50,867 - __main__ - INFO - The solution is infeasible
23:04:50,868 - __main__ - INFO - Sample 6
Solution found proactively quantile
Reached infeasible reactive
23:04:51,135 - __main__ - INFO - The solution is infeasible
23:04:51,136 - __main__ - INFO - Sample 7
Solution found proactively quantile
Reached infeasible reactive
23:04:51,686 - __main__ - INFO - The solution is infeasible
23:04:51,687 - __main__ - INFO - Sample 8
Solution found proactively quantile
Reached infeasible reactive
23:04:52,371 - __main__ - INFO - The solution is infeasible
23:04:52,372 - __main__ - INFO - Sample 9
Solution found proactively quantile
Reached infeasible reactive
23:04:52,616 - __main__ - INFO - The solution is infeasible
23:04:52,616 - __main__ - INFO - ---------------------------------j2064_1.mm---------------------------------
23:04:52,666 - __main__ - INFO - Sample 0
Solution found proactively quantile
Reached infeasible reactive
23:04:54,538 - __main__ - INFO - Sample 1
Solution found proactively quantile
Reached infeasible reactive
23:04:56,644 - __main__ - INFO - Sample 2
Solution found proactively quantile
Reached infeasible reactive
23:04:58,630 - __main__ - INFO - Sample 3
Solution found proactively quantile
Reached infeasible reactive
23:05:00,481 - __main__ - INFO - Sample 4
Solution found proactively quantile
Reached infeasible reactive
23:05:02,408 - __main__ - INFO - Sample 5
Solution found proactively quantile
Reached infeasible reactive
23:05:04,279 - __main__ - INFO - Sample 6
Solution found proactively quantile
Reached infeasible reactive
23:05:06,385 - __main__ - INFO - Sample 7
Solution found proactively quantile
Reached infeasible reactive
23:05:08,111 - __main__ - INFO - Sample 8
Solution found proactively quantile
Reached infeasible reactive
23:05:09,906 - __main__ - INFO - Sample 9
Solution found proactively quantile
Reached infeasible reactive
23:05:11,746 - __main__ - INFO - ---------------------------------j2051_8.mm---------------------------------
23:05:11,813 - __main__ - INFO - Sample 0
Solution found proactively quantile
Reached infeasible reactive
23:05:13,927 - __main__ - INFO - Sample 1
Solution found proactively quantile
Reached infeasible reactive
23:05:15,972 - __main__ - INFO - Sample 2
Solution found proactively quantile
Reached infeasible reactive
23:05:17,989 - __main__ - INFO - Sample 3
Solution found proactively quantile
Reached infeasible reactive
23:05:20,025 - __main__ - INFO - Sample 4
Solution found proactively quantile
Reached infeasible reactive
23:05:22,371 - __main__ - INFO - Sample 5
Solution found proactively quantile
Reached infeasible reactive
23:05:24,385 - __main__ - INFO - Sample 6
Solution found proactively quantile
Reached infeasible reactive
23:05:26,472 - __main__ - INFO - Sample 7
Solution found proactively quantile
Reached infeasible reactive
23:05:28,505 - __main__ - INFO - Sample 8
Solution found proactively quantile
Reached infeasible reactive
23:05:30,573 - __main__ - INFO - Sample 9
Solution found proactively quantile
Reached infeasible reactive
23:05:32,532 - __main__ - INFO - ---------------------------------j2042_3.mm---------------------------------
23:05:32,651 - __main__ - INFO - Sample 0
Solution found proactively quantile
23:05:32,993 - __main__ - INFO - The solution is infeasible
23:05:33,385 - __main__ - INFO - The solution is infeasible
23:05:33,385 - __main__ - INFO - Sample 1
Solution found proactively quantile
23:05:33,724 - __main__ - INFO - The solution is infeasible
23:05:34,111 - __main__ - INFO - The solution is infeasible
23:05:34,112 - __main__ - INFO - Sample 2
Solution found proactively quantile
23:05:34,450 - __main__ - INFO - The solution is infeasible
23:05:34,840 - __main__ - INFO - The solution is infeasible
23:05:34,840 - __main__ - INFO - Sample 3
Solution found proactively quantile
23:05:35,176 - __main__ - INFO - The solution is infeasible
23:05:35,565 - __main__ - INFO - The solution is infeasible
23:05:35,566 - __main__ - INFO - Sample 4
Solution found proactively quantile
23:05:35,902 - __main__ - INFO - The solution is infeasible
23:05:36,289 - __main__ - INFO - The solution is infeasible
23:05:36,289 - __main__ - INFO - Sample 5
Solution found proactively quantile
23:05:36,628 - __main__ - INFO - The solution is infeasible
23:05:37,015 - __main__ - INFO - The solution is infeasible
23:05:37,015 - __main__ - INFO - Sample 6
Solution found proactively quantile
23:05:37,350 - __main__ - INFO - The solution is infeasible
23:05:37,739 - __main__ - INFO - The solution is infeasible
23:05:37,739 - __main__ - INFO - Sample 7
Solution found proactively quantile
23:05:38,078 - __main__ - INFO - The solution is infeasible
23:05:38,464 - __main__ - INFO - The solution is infeasible
23:05:38,464 - __main__ - INFO - Sample 8
Solution found proactively quantile
23:05:38,802 - __main__ - INFO - The solution is infeasible
23:05:39,193 - __main__ - INFO - The solution is infeasible
23:05:39,193 - __main__ - INFO - Sample 9
Solution found proactively quantile
23:05:39,533 - __main__ - INFO - The solution is infeasible
23:05:39,920 - __main__ - INFO - The solution is infeasible
23:05:39,920 - __main__ - INFO - ---------------------------------j2021_8.mm---------------------------------
23:05:39,982 - __main__ - INFO - Sample 0
Solution found proactively quantile
Reached infeasible reactive
23:05:45,307 - __main__ - INFO - The solution is infeasible
23:05:45,307 - __main__ - INFO - Sample 1
Solution found proactively quantile
Reached infeasible reactive
23:05:50,485 - __main__ - INFO - The solution is infeasible
23:05:50,486 - __main__ - INFO - Sample 2
Solution found proactively quantile
Reached infeasible reactive
23:05:55,877 - __main__ - INFO - The solution is infeasible
23:05:55,877 - __main__ - INFO - Sample 3
Solution found proactively quantile
Reached infeasible reactive
23:06:01,145 - __main__ - INFO - The solution is infeasible
23:06:01,145 - __main__ - INFO - Sample 4
Solution found proactively quantile
Reached infeasible reactive
23:06:06,375 - __main__ - INFO - The solution is infeasible
23:06:06,376 - __main__ - INFO - Sample 5
Solution found proactively quantile
Reached infeasible reactive
23:06:11,954 - __main__ - INFO - The solution is infeasible
23:06:11,954 - __main__ - INFO - Sample 6
Solution found proactively quantile
Reached infeasible reactive
23:06:17,382 - __main__ - INFO - The solution is infeasible
23:06:17,382 - __main__ - INFO - Sample 7
Solution found proactively quantile
Reached infeasible reactive
23:06:22,609 - __main__ - INFO - The solution is infeasible
23:06:22,609 - __main__ - INFO - Sample 8
Solution found proactively quantile
Reached infeasible reactive
23:06:27,887 - __main__ - INFO - The solution is infeasible
23:06:27,887 - __main__ - INFO - Sample 9
Solution found proactively quantile
Reached infeasible reactive
23:06:33,130 - __main__ - INFO - The solution is infeasible
23:06:33,130 - __main__ - INFO - ---------------------------------j2060_7.mm---------------------------------
23:06:33,214 - __main__ - INFO - Sample 0
Solution found proactively quantile
Reached infeasible reactive
23:06:33,706 - __main__ - INFO - The solution is infeasible
23:06:33,706 - __main__ - INFO - Sample 1
Solution found proactively quantile
Reached infeasible reactive
23:06:34,043 - __main__ - INFO - The solution is infeasible
23:06:34,043 - __main__ - INFO - Sample 2
Solution found proactively quantile
Reached infeasible reactive
23:06:34,408 - __main__ - INFO - The solution is infeasible
23:06:34,409 - __main__ - INFO - Sample 3
Solution found proactively quantile
Reached infeasible reactive
23:06:34,762 - __main__ - INFO - The solution is infeasible
23:06:34,763 - __main__ - INFO - Sample 4
Solution found proactively quantile
Reached infeasible reactive
23:06:35,163 - __main__ - INFO - The solution is infeasible
23:06:35,163 - __main__ - INFO - Sample 5
Solution found proactively quantile
Reached infeasible reactive
23:06:35,576 - __main__ - INFO - The solution is infeasible
23:06:35,576 - __main__ - INFO - Sample 6
Solution found proactively quantile
Reached infeasible reactive
23:06:36,050 - __main__ - INFO - The solution is infeasible
23:06:36,051 - __main__ - INFO - Sample 7
Solution found proactively quantile
Reached infeasible reactive
23:06:36,445 - __main__ - INFO - The solution is infeasible
23:06:36,446 - __main__ - INFO - Sample 8
Solution found proactively quantile
Reached infeasible reactive
23:06:36,803 - __main__ - INFO - The solution is infeasible
23:06:36,803 - __main__ - INFO - Sample 9
Solution found proactively quantile
Reached infeasible reactive
23:06:37,187 - __main__ - INFO - The solution is infeasible
23:06:37,187 - __main__ - INFO - ---------------------------------j2013_3.mm---------------------------------
23:06:37,241 - __main__ - INFO - Sample 0
Solution found proactively quantile
23:06:37,523 - __main__ - INFO - The solution is infeasible
23:06:37,942 - __main__ - INFO - The solution is infeasible
23:06:37,942 - __main__ - INFO - Sample 1
Solution found proactively quantile
23:06:38,225 - __main__ - INFO - The solution is infeasible
23:06:38,639 - __main__ - INFO - The solution is infeasible
23:06:38,639 - __main__ - INFO - Sample 2
Solution found proactively quantile
23:06:38,922 - __main__ - INFO - The solution is infeasible
23:06:39,338 - __main__ - INFO - The solution is infeasible
23:06:39,339 - __main__ - INFO - Sample 3
Solution found proactively quantile
23:06:39,622 - __main__ - INFO - The solution is infeasible
23:06:40,043 - __main__ - INFO - The solution is infeasible
23:06:40,044 - __main__ - INFO - Sample 4
Solution found proactively quantile
23:06:40,329 - __main__ - INFO - The solution is infeasible
23:06:40,742 - __main__ - INFO - The solution is infeasible
23:06:40,742 - __main__ - INFO - Sample 5
Solution found proactively quantile
23:06:41,030 - __main__ - INFO - The solution is infeasible
23:06:41,445 - __main__ - INFO - The solution is infeasible
23:06:41,446 - __main__ - INFO - Sample 6
Solution found proactively quantile
23:06:41,724 - __main__ - INFO - The solution is infeasible
23:06:42,145 - __main__ - INFO - The solution is infeasible
23:06:42,146 - __main__ - INFO - Sample 7
Solution found proactively quantile
23:06:42,425 - __main__ - INFO - The solution is infeasible
23:06:42,842 - __main__ - INFO - The solution is infeasible
23:06:42,842 - __main__ - INFO - Sample 8
Solution found proactively quantile
23:06:43,122 - __main__ - INFO - The solution is infeasible
23:06:43,539 - __main__ - INFO - The solution is infeasible
23:06:43,539 - __main__ - INFO - Sample 9
Solution found proactively quantile
23:06:43,818 - __main__ - INFO - The solution is infeasible
23:06:44,236 - __main__ - INFO - The solution is infeasible
23:06:44,237 - __main__ - INFO - ---------------------------------j2040_3.mm---------------------------------
23:06:44,310 - __main__ - INFO - Sample 0
Solution found proactively quantile
Reached infeasible reactive
23:06:46,343 - __main__ - INFO - Sample 1
Solution found proactively quantile
Reached infeasible reactive
23:06:48,298 - __main__ - INFO - Sample 2
Solution found proactively quantile
Reached infeasible reactive
23:06:50,212 - __main__ - INFO - Sample 3
Solution found proactively quantile
Reached infeasible reactive
23:06:52,223 - __main__ - INFO - Sample 4
Solution found proactively quantile
Reached infeasible reactive
23:06:54,167 - __main__ - INFO - Sample 5
Solution found proactively quantile
Reached infeasible reactive
23:06:56,085 - __main__ - INFO - Sample 6
Solution found proactively quantile
Reached infeasible reactive
23:06:57,912 - __main__ - INFO - Sample 7
Solution found proactively quantile
Reached infeasible reactive
23:07:00,116 - __main__ - INFO - Sample 8
Solution found proactively quantile
Reached infeasible reactive
23:07:01,992 - __main__ - INFO - Sample 9
Solution found proactively quantile
Reached infeasible reactive
23:07:04,243 - __main__ - INFO - ---------------------------------j2020_3.mm---------------------------------
23:07:04,303 - __main__ - INFO - Sample 0
Solution found proactively quantile
Reached infeasible reactive
23:07:04,538 - __main__ - INFO - The solution is infeasible
23:07:04,538 - __main__ - INFO - Sample 1
Solution found proactively quantile
Reached infeasible reactive
23:07:04,869 - __main__ - INFO - The solution is infeasible
23:07:04,870 - __main__ - INFO - Sample 2
Solution found proactively quantile
Reached infeasible reactive
23:07:05,227 - __main__ - INFO - The solution is infeasible
23:07:05,228 - __main__ - INFO - Sample 3
Solution found proactively quantile
Reached infeasible reactive
23:07:05,508 - __main__ - INFO - The solution is infeasible
23:07:05,508 - __main__ - INFO - Sample 4
Solution found proactively quantile
Reached infeasible reactive
23:07:05,798 - __main__ - INFO - The solution is infeasible
23:07:05,799 - __main__ - INFO - Sample 5
Solution found proactively quantile
Reached infeasible reactive
23:07:06,071 - __main__ - INFO - The solution is infeasible
23:07:06,071 - __main__ - INFO - Sample 6
Solution found proactively quantile
Reached infeasible reactive
23:07:06,343 - __main__ - INFO - The solution is infeasible
23:07:06,343 - __main__ - INFO - Sample 7
Solution found proactively quantile
Reached infeasible reactive
23:07:06,594 - __main__ - INFO - The solution is infeasible
23:07:06,595 - __main__ - INFO - Sample 8
Solution found proactively quantile
Reached infeasible reactive
23:07:06,950 - __main__ - INFO - The solution is infeasible
23:07:06,950 - __main__ - INFO - Sample 9
Solution found proactively quantile
Reached infeasible reactive
23:07:07,359 - __main__ - INFO - The solution is infeasible
23:07:07,359 - __main__ - INFO - ---------------------------------j2061_7.mm---------------------------------
23:07:07,440 - __main__ - INFO - Sample 0
Solution found proactively quantile
23:08:07,503 - __main__ - INFO - The solution is infeasible
23:08:07,794 - __main__ - INFO - The solution is infeasible
23:08:07,795 - __main__ - INFO - Sample 1
Solution found proactively quantile
23:09:07,857 - __main__ - INFO - The solution is infeasible
23:09:08,153 - __main__ - INFO - The solution is infeasible
23:09:08,153 - __main__ - INFO - Sample 2
Solution found proactively quantile
23:10:08,217 - __main__ - INFO - The solution is infeasible
23:10:08,519 - __main__ - INFO - The solution is infeasible
23:10:08,519 - __main__ - INFO - Sample 3
Solution found proactively quantile
23:11:08,577 - __main__ - INFO - The solution is infeasible
23:11:08,865 - __main__ - INFO - The solution is infeasible
23:11:08,865 - __main__ - INFO - Sample 4
Solution found proactively quantile
23:12:08,941 - __main__ - INFO - The solution is infeasible
23:12:09,231 - __main__ - INFO - The solution is infeasible
23:12:09,231 - __main__ - INFO - Sample 5
Solution found proactively quantile
23:13:09,411 - __main__ - INFO - The solution is infeasible
23:13:09,699 - __main__ - INFO - The solution is infeasible
23:13:09,700 - __main__ - INFO - Sample 6
Solution found proactively quantile
23:14:09,771 - __main__ - INFO - The solution is infeasible
23:14:10,061 - __main__ - INFO - The solution is infeasible
23:14:10,061 - __main__ - INFO - Sample 7
Solution found proactively quantile
23:15:10,197 - __main__ - INFO - The solution is infeasible
23:15:10,494 - __main__ - INFO - The solution is infeasible
23:15:10,494 - __main__ - INFO - Sample 8
Solution found proactively quantile
23:16:10,546 - __main__ - INFO - The solution is infeasible
23:16:10,840 - __main__ - INFO - The solution is infeasible
23:16:10,841 - __main__ - INFO - Sample 9
Solution found proactively quantile
23:17:10,921 - __main__ - INFO - The solution is infeasible
23:17:11,220 - __main__ - INFO - The solution is infeasible
23:17:11,220 - __main__ - INFO - ---------------------------------j2019_1.mm---------------------------------
23:17:11,279 - __main__ - INFO - Sample 0
Solution found proactively quantile
Reached infeasible reactive
23:17:14,907 - __main__ - INFO - Sample 1
Solution found proactively quantile
Reached infeasible reactive
23:17:16,689 - __main__ - INFO - Sample 2
Solution found proactively quantile
Reached infeasible reactive
23:17:18,430 - __main__ - INFO - Sample 3
Solution found proactively quantile
Reached infeasible reactive
23:17:20,152 - __main__ - INFO - Sample 4
Solution found proactively quantile
Reached infeasible reactive
23:17:22,100 - __main__ - INFO - Sample 5
Solution found proactively quantile
Reached infeasible reactive
23:17:23,977 - __main__ - INFO - Sample 6
Solution found proactively quantile
Reached infeasible reactive
23:17:25,849 - __main__ - INFO - Sample 7
Solution found proactively quantile
Reached infeasible reactive
23:17:27,494 - __main__ - INFO - Sample 8
Solution found proactively quantile
Reached infeasible reactive
23:17:29,254 - __main__ - INFO - Sample 9
Solution found proactively quantile
Reached infeasible reactive
23:17:30,946 - __main__ - INFO - ---------------------------------j2058_8.mm---------------------------------
23:17:31,005 - __main__ - INFO - Sample 0
Solution found proactively quantile
Reached infeasible reactive
23:17:33,256 - __main__ - INFO - Sample 1
Solution found proactively quantile
Reached infeasible reactive
23:17:35,398 - __main__ - INFO - Sample 2
Solution found proactively quantile
Reached infeasible reactive
23:17:37,451 - __main__ - INFO - Sample 3
Solution found proactively quantile
Reached infeasible reactive
23:17:39,611 - __main__ - INFO - Sample 4
Solution found proactively quantile
Reached infeasible reactive
23:17:41,730 - __main__ - INFO - Sample 5
Solution found proactively quantile
Reached infeasible reactive
23:17:43,748 - __main__ - INFO - Sample 6
Solution found proactively quantile
Reached infeasible reactive
23:17:45,787 - __main__ - INFO - Sample 7
Solution found proactively quantile
Reached infeasible reactive
23:17:47,846 - __main__ - INFO - Sample 8
Solution found proactively quantile
Reached infeasible reactive
23:17:49,775 - __main__ - INFO - Sample 9
Solution found proactively quantile
Reached infeasible reactive
23:17:51,850 - __main__ - INFO - ---------------------------------j2041_6.mm---------------------------------
23:17:52,002 - __main__ - INFO - Sample 0
Solution found proactively quantile
23:17:52,412 - __main__ - INFO - The solution is infeasible
23:17:52,823 - __main__ - INFO - The solution is infeasible
23:17:52,823 - __main__ - INFO - Sample 1
Solution found proactively quantile
23:17:53,226 - __main__ - INFO - The solution is infeasible
23:17:53,636 - __main__ - INFO - The solution is infeasible
23:17:53,636 - __main__ - INFO - Sample 2
Solution found proactively quantile
23:17:54,042 - __main__ - INFO - The solution is infeasible
23:17:54,455 - __main__ - INFO - The solution is infeasible
23:17:54,455 - __main__ - INFO - Sample 3
Solution found proactively quantile
23:17:54,864 - __main__ - INFO - The solution is infeasible
23:17:55,275 - __main__ - INFO - The solution is infeasible
23:17:55,275 - __main__ - INFO - Sample 4
Solution found proactively quantile
23:17:55,684 - __main__ - INFO - The solution is infeasible
23:17:56,095 - __main__ - INFO - The solution is infeasible
23:17:56,095 - __main__ - INFO - Sample 5
Solution found proactively quantile
23:17:56,498 - __main__ - INFO - The solution is infeasible
23:17:56,906 - __main__ - INFO - The solution is infeasible
23:17:56,907 - __main__ - INFO - Sample 6
Solution found proactively quantile
23:17:57,315 - __main__ - INFO - The solution is infeasible
23:17:57,727 - __main__ - INFO - The solution is infeasible
23:17:57,727 - __main__ - INFO - Sample 7
Solution found proactively quantile
23:17:58,135 - __main__ - INFO - The solution is infeasible
23:17:58,552 - __main__ - INFO - The solution is infeasible
23:17:58,552 - __main__ - INFO - Sample 8
Solution found proactively quantile
23:17:58,961 - __main__ - INFO - The solution is infeasible
23:17:59,372 - __main__ - INFO - The solution is infeasible
23:17:59,372 - __main__ - INFO - Sample 9
Solution found proactively quantile
23:17:59,780 - __main__ - INFO - The solution is infeasible
23:18:00,197 - __main__ - INFO - The solution is infeasible
23:18:00,197 - __main__ - INFO - ---------------------------------j2054_5.mm---------------------------------
23:18:00,268 - __main__ - INFO - Sample 0
Solution found proactively quantile
Reached infeasible reactive
23:18:02,518 - __main__ - INFO - Sample 1
Solution found proactively quantile
Reached infeasible reactive
23:18:04,461 - __main__ - INFO - Sample 2
Solution found proactively quantile
Reached infeasible reactive
23:18:06,325 - __main__ - INFO - Sample 3
Solution found proactively quantile
Reached infeasible reactive
23:18:08,224 - __main__ - INFO - Sample 4
Solution found proactively quantile
Reached infeasible reactive
23:18:10,148 - __main__ - INFO - Sample 5
Solution found proactively quantile
Reached infeasible reactive
23:18:12,275 - __main__ - INFO - Sample 6
Solution found proactively quantile
Reached infeasible reactive
23:18:14,248 - __main__ - INFO - Sample 7
Solution found proactively quantile
Reached infeasible reactive
23:18:16,103 - __main__ - INFO - Sample 8
Solution found proactively quantile
Reached infeasible reactive
23:18:18,163 - __main__ - INFO - Sample 9
Solution found proactively quantile
Reached infeasible reactive
23:18:20,025 - __main__ - INFO - ---------------------------------j2047_3.mm---------------------------------
23:18:20,087 - __main__ - INFO - Sample 0
Solution found proactively quantile
Reached infeasible reactive
23:18:22,034 - __main__ - INFO - Sample 1
Solution found proactively quantile
Reached infeasible reactive
23:18:24,094 - __main__ - INFO - Sample 2
Solution found proactively quantile
Reached infeasible reactive
23:18:25,921 - __main__ - INFO - Sample 3
Solution found proactively quantile
Reached infeasible reactive
23:18:27,823 - __main__ - INFO - Sample 4
Solution found proactively quantile
Reached infeasible reactive
23:18:29,709 - __main__ - INFO - Sample 5
Solution found proactively quantile
Reached infeasible reactive
23:18:31,606 - __main__ - INFO - Sample 6
Solution found proactively quantile
Reached infeasible reactive
23:18:33,521 - __main__ - INFO - Sample 7
Solution found proactively quantile
Reached infeasible reactive
23:18:35,367 - __main__ - INFO - Sample 8
Solution found proactively quantile
Reached infeasible reactive
23:18:37,494 - __main__ - INFO - Sample 9
Solution found proactively quantile
Reached infeasible reactive
23:18:39,471 - __main__ - INFO - ---------------------------------j2052_8.mm---------------------------------
23:18:39,574 - __main__ - INFO - Sample 0
Solution found proactively quantile
23:18:39,718 - __main__ - INFO - The solution is infeasible
23:18:39,872 - __main__ - INFO - The solution is infeasible
23:18:39,872 - __main__ - INFO - Sample 1
Solution found proactively quantile
23:18:40,015 - __main__ - INFO - The solution is infeasible
23:18:40,170 - __main__ - INFO - The solution is infeasible
23:18:40,170 - __main__ - INFO - Sample 2
Solution found proactively quantile
23:18:40,314 - __main__ - INFO - The solution is infeasible
23:18:40,466 - __main__ - INFO - The solution is infeasible
23:18:40,466 - __main__ - INFO - Sample 3
Solution found proactively quantile
23:18:40,608 - __main__ - INFO - The solution is infeasible
23:18:40,761 - __main__ - INFO - The solution is infeasible
23:18:40,761 - __main__ - INFO - Sample 4
Solution found proactively quantile
23:18:40,904 - __main__ - INFO - The solution is infeasible
23:18:41,057 - __main__ - INFO - The solution is infeasible
23:18:41,057 - __main__ - INFO - Sample 5
Solution found proactively quantile
23:18:41,200 - __main__ - INFO - The solution is infeasible
23:18:41,352 - __main__ - INFO - The solution is infeasible
23:18:41,352 - __main__ - INFO - Sample 6
Solution found proactively quantile
23:18:41,495 - __main__ - INFO - The solution is infeasible
23:18:41,649 - __main__ - INFO - The solution is infeasible
23:18:41,649 - __main__ - INFO - Sample 7
Solution found proactively quantile
23:18:41,792 - __main__ - INFO - The solution is infeasible
23:18:41,947 - __main__ - INFO - The solution is infeasible
23:18:41,947 - __main__ - INFO - Sample 8
Solution found proactively quantile
23:18:42,089 - __main__ - INFO - The solution is infeasible
23:18:42,242 - __main__ - INFO - The solution is infeasible
23:18:42,242 - __main__ - INFO - Sample 9
Solution found proactively quantile
23:18:42,388 - __main__ - INFO - The solution is infeasible
23:18:42,542 - __main__ - INFO - The solution is infeasible
23:18:42,542 - __main__ - INFO - ---------------------------------j2028_3.mm---------------------------------
23:18:42,602 - __main__ - INFO - Sample 0
Solution found proactively quantile
Reached infeasible reactive
23:18:44,520 - __main__ - INFO - Sample 1
Solution found proactively quantile
Reached infeasible reactive
23:18:46,439 - __main__ - INFO - Sample 2
Solution found proactively quantile
Reached infeasible reactive
23:18:48,356 - __main__ - INFO - Sample 3
Solution found proactively quantile
Reached infeasible reactive
23:18:50,103 - __main__ - INFO - Sample 4
Solution found proactively quantile
Reached infeasible reactive
23:18:52,037 - __main__ - INFO - Sample 5
Solution found proactively quantile
Reached infeasible reactive
23:18:54,007 - __main__ - INFO - Sample 6
Solution found proactively quantile
Reached infeasible reactive
23:18:55,874 - __main__ - INFO - Sample 7
Solution found proactively quantile
Reached infeasible reactive
23:18:57,862 - __main__ - INFO - Sample 8
Solution found proactively quantile
Reached infeasible reactive
23:18:59,784 - __main__ - INFO - Sample 9
Solution found proactively quantile
Reached infeasible reactive
23:19:01,820 - __main__ - INFO - ---------------------------------j2029_2.mm---------------------------------
23:19:01,914 - __main__ - INFO - Sample 0
Solution found proactively quantile
23:19:02,039 - __main__ - INFO - The solution is infeasible
23:19:02,269 - __main__ - INFO - The solution is infeasible
23:19:02,269 - __main__ - INFO - Sample 1
Solution found proactively quantile
23:19:02,395 - __main__ - INFO - The solution is infeasible
23:19:02,626 - __main__ - INFO - The solution is infeasible
23:19:02,626 - __main__ - INFO - Sample 2
Solution found proactively quantile
23:19:02,750 - __main__ - INFO - The solution is infeasible
23:19:02,983 - __main__ - INFO - The solution is infeasible
23:19:02,984 - __main__ - INFO - Sample 3
Solution found proactively quantile
23:19:03,112 - __main__ - INFO - The solution is infeasible
23:19:03,343 - __main__ - INFO - The solution is infeasible
23:19:03,343 - __main__ - INFO - Sample 4
Solution found proactively quantile
23:19:03,466 - __main__ - INFO - The solution is infeasible
23:19:03,699 - __main__ - INFO - The solution is infeasible
23:19:03,699 - __main__ - INFO - Sample 5
Solution found proactively quantile
23:19:03,824 - __main__ - INFO - The solution is infeasible
23:19:04,057 - __main__ - INFO - The solution is infeasible
23:19:04,057 - __main__ - INFO - Sample 6
Solution found proactively quantile
23:19:04,181 - __main__ - INFO - The solution is infeasible
23:19:04,412 - __main__ - INFO - The solution is infeasible
23:19:04,412 - __main__ - INFO - Sample 7
Solution found proactively quantile
23:19:04,537 - __main__ - INFO - The solution is infeasible
23:19:04,767 - __main__ - INFO - The solution is infeasible
23:19:04,768 - __main__ - INFO - Sample 8
Solution found proactively quantile
23:19:04,893 - __main__ - INFO - The solution is infeasible
23:19:05,126 - __main__ - INFO - The solution is infeasible
23:19:05,126 - __main__ - INFO - Sample 9
Solution found proactively quantile
23:19:05,251 - __main__ - INFO - The solution is infeasible
23:19:05,484 - __main__ - INFO - The solution is infeasible
23:19:05,484 - __main__ - INFO - ---------------------------------j2012_5.mm---------------------------------
23:19:05,569 - __main__ - INFO - Sample 0
Solution found proactively quantile
Reached infeasible reactive
23:19:05,919 - __main__ - INFO - The solution is infeasible
23:19:05,919 - __main__ - INFO - Sample 1
Solution found proactively quantile
Reached infeasible reactive
23:19:06,180 - __main__ - INFO - The solution is infeasible
23:19:06,180 - __main__ - INFO - Sample 2
Solution found proactively quantile
Reached infeasible reactive
23:19:06,442 - __main__ - INFO - The solution is infeasible
23:19:06,442 - __main__ - INFO - Sample 3
Solution found proactively quantile
Reached infeasible reactive
23:19:06,721 - __main__ - INFO - The solution is infeasible
23:19:06,721 - __main__ - INFO - Sample 4
Solution found proactively quantile
Reached infeasible reactive
23:19:07,066 - __main__ - INFO - The solution is infeasible
23:19:07,067 - __main__ - INFO - Sample 5
Solution found proactively quantile
Reached infeasible reactive
23:19:07,301 - __main__ - INFO - The solution is infeasible
23:19:07,301 - __main__ - INFO - Sample 6
Solution found proactively quantile
Reached infeasible reactive
23:19:07,558 - __main__ - INFO - The solution is infeasible
23:19:07,559 - __main__ - INFO - Sample 7
Solution found proactively quantile
Reached infeasible reactive
23:19:07,817 - __main__ - INFO - The solution is infeasible
23:19:07,817 - __main__ - INFO - Sample 8
Solution found proactively quantile
Reached infeasible reactive
23:19:08,127 - __main__ - INFO - The solution is infeasible
23:19:08,127 - __main__ - INFO - Sample 9
Solution found proactively quantile
Reached infeasible reactive
23:19:08,479 - __main__ - INFO - The solution is infeasible
23:19:08,479 - __main__ - INFO - ---------------------------------j2062_10.mm---------------------------------
23:19:08,579 - __main__ - INFO - Sample 0
Solution found proactively quantile
Reached infeasible reactive
23:19:08,960 - __main__ - INFO - The solution is infeasible
23:19:08,961 - __main__ - INFO - Sample 1
Solution found proactively quantile
Reached infeasible reactive
23:19:09,215 - __main__ - INFO - The solution is infeasible
23:19:09,215 - __main__ - INFO - Sample 2
Solution found proactively quantile
Reached infeasible reactive
23:19:09,527 - __main__ - INFO - The solution is infeasible
23:19:09,528 - __main__ - INFO - Sample 3
Solution found proactively quantile
Reached infeasible reactive
23:19:09,736 - __main__ - INFO - The solution is infeasible
23:19:09,737 - __main__ - INFO - Sample 4
Solution found proactively quantile
Reached infeasible reactive
23:19:10,055 - __main__ - INFO - The solution is infeasible
23:19:10,055 - __main__ - INFO - Sample 5
Solution found proactively quantile
Reached infeasible reactive
23:19:10,295 - __main__ - INFO - The solution is infeasible
23:19:10,296 - __main__ - INFO - Sample 6
Solution found proactively quantile
Reached infeasible reactive
23:19:10,538 - __main__ - INFO - The solution is infeasible
23:19:10,538 - __main__ - INFO - Sample 7
Solution found proactively quantile
Reached infeasible reactive
23:19:10,820 - __main__ - INFO - The solution is infeasible
23:19:10,820 - __main__ - INFO - Sample 8
Solution found proactively quantile
Reached infeasible reactive
23:19:11,135 - __main__ - INFO - The solution is infeasible
23:19:11,135 - __main__ - INFO - Sample 9
Solution found proactively quantile
Reached infeasible reactive
23:19:11,432 - __main__ - INFO - The solution is infeasible
23:19:11,432 - __main__ - INFO - ---------------------------------j2027_8.mm---------------------------------
23:19:11,856 - __main__ - INFO - Sample 0
Solution found proactively quantile
23:19:12,095 - __main__ - INFO - The solution is infeasible
23:19:12,360 - __main__ - INFO - The solution is infeasible
23:19:12,360 - __main__ - INFO - Sample 1
Solution found proactively quantile
23:19:12,599 - __main__ - INFO - The solution is infeasible
23:19:12,867 - __main__ - INFO - The solution is infeasible
23:19:12,868 - __main__ - INFO - Sample 2
Solution found proactively quantile
23:19:13,107 - __main__ - INFO - The solution is infeasible
23:19:13,377 - __main__ - INFO - The solution is infeasible
23:19:13,377 - __main__ - INFO - Sample 3
Solution found proactively quantile
23:19:13,618 - __main__ - INFO - The solution is infeasible
23:19:13,884 - __main__ - INFO - The solution is infeasible
23:19:13,884 - __main__ - INFO - Sample 4
Solution found proactively quantile
23:19:14,121 - __main__ - INFO - The solution is infeasible
23:19:14,386 - __main__ - INFO - The solution is infeasible
23:19:14,386 - __main__ - INFO - Sample 5
Solution found proactively quantile
23:19:14,622 - __main__ - INFO - The solution is infeasible
23:19:14,889 - __main__ - INFO - The solution is infeasible
23:19:14,889 - __main__ - INFO - Sample 6
Solution found proactively quantile
23:19:15,125 - __main__ - INFO - The solution is infeasible
23:19:15,390 - __main__ - INFO - The solution is infeasible
23:19:15,391 - __main__ - INFO - Sample 7
Solution found proactively quantile
23:19:15,629 - __main__ - INFO - The solution is infeasible
23:19:15,896 - __main__ - INFO - The solution is infeasible
23:19:15,896 - __main__ - INFO - Sample 8
Solution found proactively quantile
23:19:16,136 - __main__ - INFO - The solution is infeasible
23:19:16,403 - __main__ - INFO - The solution is infeasible
23:19:16,403 - __main__ - INFO - Sample 9
Solution found proactively quantile
23:19:16,638 - __main__ - INFO - The solution is infeasible
23:19:16,906 - __main__ - INFO - The solution is infeasible
23:19:16,906 - __main__ - INFO - ---------------------------------j2010_9.mm---------------------------------
23:19:17,000 - __main__ - INFO - Sample 0
Solution found proactively quantile
Reached infeasible reactive
23:19:17,342 - __main__ - INFO - The solution is infeasible
23:19:17,342 - __main__ - INFO - Sample 1
Solution found proactively quantile
Reached infeasible reactive
23:19:17,748 - __main__ - INFO - The solution is infeasible
23:19:17,748 - __main__ - INFO - Sample 2
Solution found proactively quantile
Reached infeasible reactive
23:19:18,206 - __main__ - INFO - The solution is infeasible
23:19:18,206 - __main__ - INFO - Sample 3
Solution found proactively quantile
Reached infeasible reactive
23:19:18,525 - __main__ - INFO - The solution is infeasible
23:19:18,526 - __main__ - INFO - Sample 4
Solution found proactively quantile
Reached infeasible reactive
23:19:19,075 - __main__ - INFO - The solution is infeasible
23:19:19,076 - __main__ - INFO - Sample 5
Solution found proactively quantile
Reached infeasible reactive
23:19:19,424 - __main__ - INFO - The solution is infeasible
23:19:19,424 - __main__ - INFO - Sample 6
Solution found proactively quantile
Reached infeasible reactive
23:19:19,745 - __main__ - INFO - The solution is infeasible
23:19:19,745 - __main__ - INFO - Sample 7
Solution found proactively quantile
Reached infeasible reactive
23:19:20,207 - __main__ - INFO - The solution is infeasible
23:19:20,207 - __main__ - INFO - Sample 8
Solution found proactively quantile
Reached infeasible reactive
23:19:20,571 - __main__ - INFO - The solution is infeasible
23:19:20,571 - __main__ - INFO - Sample 9
Solution found proactively quantile
Reached infeasible reactive
23:19:20,929 - __main__ - INFO - The solution is infeasible
23:19:20,929 - __main__ - INFO - ---------------------------------j2033_7.mm---------------------------------
23:19:20,981 - __main__ - INFO - Sample 0
Solution found proactively quantile
23:19:21,225 - __main__ - INFO - The solution is infeasible
23:19:21,397 - __main__ - INFO - The solution is infeasible
23:19:21,397 - __main__ - INFO - Sample 1
Solution found proactively quantile
23:19:21,568 - __main__ - INFO - The solution is infeasible
23:19:21,736 - __main__ - INFO - The solution is infeasible
23:19:21,736 - __main__ - INFO - Sample 2
Solution found proactively quantile
23:19:21,911 - __main__ - INFO - The solution is infeasible
23:19:22,080 - __main__ - INFO - The solution is infeasible
23:19:22,080 - __main__ - INFO - Sample 3
Solution found proactively quantile
23:19:22,252 - __main__ - INFO - The solution is infeasible
23:19:22,420 - __main__ - INFO - The solution is infeasible
23:19:22,420 - __main__ - INFO - Sample 4
Solution found proactively quantile
23:19:22,590 - __main__ - INFO - The solution is infeasible
23:19:22,758 - __main__ - INFO - The solution is infeasible
23:19:22,758 - __main__ - INFO - Sample 5
Solution found proactively quantile
23:19:22,933 - __main__ - INFO - The solution is infeasible
23:19:23,101 - __main__ - INFO - The solution is infeasible
23:19:23,101 - __main__ - INFO - Sample 6
Solution found proactively quantile
23:19:23,272 - __main__ - INFO - The solution is infeasible
23:19:23,443 - __main__ - INFO - The solution is infeasible
23:19:23,444 - __main__ - INFO - Sample 7
Solution found proactively quantile
23:19:23,617 - __main__ - INFO - The solution is infeasible
23:19:23,786 - __main__ - INFO - The solution is infeasible
23:19:23,786 - __main__ - INFO - Sample 8
Solution found proactively quantile
23:19:23,960 - __main__ - INFO - The solution is infeasible
23:19:24,130 - __main__ - INFO - The solution is infeasible
23:19:24,130 - __main__ - INFO - Sample 9
Solution found proactively quantile
23:19:24,302 - __main__ - INFO - The solution is infeasible
23:19:24,473 - __main__ - INFO - The solution is infeasible
23:19:24,473 - __main__ - INFO - ---------------------------------j2013_2.mm---------------------------------
23:19:24,559 - __main__ - INFO - Sample 0
Solution found proactively quantile
Reached infeasible reactive
23:19:25,183 - __main__ - INFO - The solution is infeasible
23:19:25,184 - __main__ - INFO - Sample 1
Solution found proactively quantile
Reached infeasible reactive
23:19:25,752 - __main__ - INFO - The solution is infeasible
23:19:25,752 - __main__ - INFO - Sample 2
Solution found proactively quantile
Reached infeasible reactive
23:19:26,190 - __main__ - INFO - The solution is infeasible
23:19:26,190 - __main__ - INFO - Sample 3
Solution found proactively quantile
Reached infeasible reactive
23:19:26,624 - __main__ - INFO - The solution is infeasible
23:19:26,625 - __main__ - INFO - Sample 4
Solution found proactively quantile
Reached infeasible reactive
23:19:27,117 - __main__ - INFO - The solution is infeasible
23:19:27,118 - __main__ - INFO - Sample 5
Solution found proactively quantile
Reached infeasible reactive
23:19:27,816 - __main__ - INFO - The solution is infeasible
23:19:27,816 - __main__ - INFO - Sample 6
Solution found proactively quantile
Reached infeasible reactive
23:19:28,719 - __main__ - INFO - The solution is infeasible
23:19:28,719 - __main__ - INFO - Sample 7
Solution found proactively quantile
Reached infeasible reactive
23:19:29,393 - __main__ - INFO - The solution is infeasible
23:19:29,393 - __main__ - INFO - Sample 8
Solution found proactively quantile
Reached infeasible reactive
23:19:30,137 - __main__ - INFO - The solution is infeasible
23:19:30,137 - __main__ - INFO - Sample 9
Solution found proactively quantile
Reached infeasible reactive
23:19:30,734 - __main__ - INFO - The solution is infeasible
23:19:30,735 - __main__ - INFO - ---------------------------------j2032_1.mm---------------------------------
23:19:30,802 - __main__ - INFO - Sample 0
Solution found proactively quantile
23:19:31,210 - __main__ - INFO - The solution is infeasible
23:19:31,643 - __main__ - INFO - The solution is infeasible
23:19:31,643 - __main__ - INFO - Sample 1
Solution found proactively quantile
23:19:32,045 - __main__ - INFO - The solution is infeasible
23:19:32,476 - __main__ - INFO - The solution is infeasible
23:19:32,477 - __main__ - INFO - Sample 2
Solution found proactively quantile
23:19:32,877 - __main__ - INFO - The solution is infeasible
23:19:33,312 - __main__ - INFO - The solution is infeasible
23:19:33,313 - __main__ - INFO - Sample 3
Solution found proactively quantile
23:19:33,718 - __main__ - INFO - The solution is infeasible
23:19:34,154 - __main__ - INFO - The solution is infeasible
23:19:34,155 - __main__ - INFO - Sample 4
Solution found proactively quantile
23:19:34,555 - __main__ - INFO - The solution is infeasible
23:19:34,986 - __main__ - INFO - The solution is infeasible
23:19:34,986 - __main__ - INFO - Sample 5
Solution found proactively quantile
23:19:35,390 - __main__ - INFO - The solution is infeasible
23:19:35,820 - __main__ - INFO - The solution is infeasible
23:19:35,820 - __main__ - INFO - Sample 6
Solution found proactively quantile
23:19:36,219 - __main__ - INFO - The solution is infeasible
23:19:36,657 - __main__ - INFO - The solution is infeasible
23:19:36,657 - __main__ - INFO - Sample 7
Solution found proactively quantile
23:19:37,056 - __main__ - INFO - The solution is infeasible
23:19:37,489 - __main__ - INFO - The solution is infeasible
23:19:37,489 - __main__ - INFO - Sample 8
Solution found proactively quantile
23:19:37,887 - __main__ - INFO - The solution is infeasible
23:19:38,320 - __main__ - INFO - The solution is infeasible
23:19:38,320 - __main__ - INFO - Sample 9
Solution found proactively quantile
23:19:38,723 - __main__ - INFO - The solution is infeasible
23:19:39,156 - __main__ - INFO - The solution is infeasible
23:19:39,156 - __main__ - INFO - ---------------------------------j2063_8.mm---------------------------------
23:19:39,237 - __main__ - INFO - Sample 0
Solution found proactively quantile
23:19:39,364 - __main__ - INFO - The solution is infeasible
23:19:39,786 - __main__ - INFO - The solution is infeasible
23:19:39,786 - __main__ - INFO - Sample 1
Solution found proactively quantile
23:19:39,910 - __main__ - INFO - The solution is infeasible
23:19:40,336 - __main__ - INFO - The solution is infeasible
23:19:40,336 - __main__ - INFO - Sample 2
Solution found proactively quantile
23:19:40,460 - __main__ - INFO - The solution is infeasible
23:19:40,888 - __main__ - INFO - The solution is infeasible
23:19:40,888 - __main__ - INFO - Sample 3
Solution found proactively quantile
23:19:41,012 - __main__ - INFO - The solution is infeasible
23:19:41,441 - __main__ - INFO - The solution is infeasible
23:19:41,441 - __main__ - INFO - Sample 4
Solution found proactively quantile
23:19:41,567 - __main__ - INFO - The solution is infeasible
23:19:41,990 - __main__ - INFO - The solution is infeasible
23:19:41,991 - __main__ - INFO - Sample 5
Solution found proactively quantile
23:19:42,183 - __main__ - INFO - The solution is infeasible
23:19:42,609 - __main__ - INFO - The solution is infeasible
23:19:42,609 - __main__ - INFO - Sample 6
Solution found proactively quantile
23:19:42,733 - __main__ - INFO - The solution is infeasible
23:19:43,156 - __main__ - INFO - The solution is infeasible
23:19:43,156 - __main__ - INFO - Sample 7
Solution found proactively quantile
23:19:43,281 - __main__ - INFO - The solution is infeasible
23:19:43,705 - __main__ - INFO - The solution is infeasible
23:19:43,705 - __main__ - INFO - Sample 8
Solution found proactively quantile
23:19:43,830 - __main__ - INFO - The solution is infeasible
23:19:44,251 - __main__ - INFO - The solution is infeasible
23:19:44,251 - __main__ - INFO - Sample 9
Solution found proactively quantile
23:19:44,378 - __main__ - INFO - The solution is infeasible
23:19:44,798 - __main__ - INFO - The solution is infeasible
23:19:44,799 - __main__ - INFO - ---------------------------------j2025_6.mm---------------------------------
23:19:44,868 - __main__ - INFO - Sample 0
Solution found proactively quantile
23:19:45,256 - __main__ - INFO - The solution is infeasible
23:19:45,672 - __main__ - INFO - The solution is infeasible
23:19:45,672 - __main__ - INFO - Sample 1
Solution found proactively quantile
23:19:46,063 - __main__ - INFO - The solution is infeasible
23:19:46,471 - __main__ - INFO - The solution is infeasible
23:19:46,471 - __main__ - INFO - Sample 2
Solution found proactively quantile
23:19:46,860 - __main__ - INFO - The solution is infeasible
23:19:47,271 - __main__ - INFO - The solution is infeasible
23:19:47,272 - __main__ - INFO - Sample 3
Solution found proactively quantile
23:19:47,666 - __main__ - INFO - The solution is infeasible
23:19:48,077 - __main__ - INFO - The solution is infeasible
23:19:48,077 - __main__ - INFO - Sample 4
Solution found proactively quantile
23:19:48,470 - __main__ - INFO - The solution is infeasible
23:19:48,876 - __main__ - INFO - The solution is infeasible
23:19:48,876 - __main__ - INFO - Sample 5
Solution found proactively quantile
23:19:49,270 - __main__ - INFO - The solution is infeasible
23:19:49,679 - __main__ - INFO - The solution is infeasible
23:19:49,679 - __main__ - INFO - Sample 6
Solution found proactively quantile
23:19:50,075 - __main__ - INFO - The solution is infeasible
23:19:50,487 - __main__ - INFO - The solution is infeasible
23:19:50,487 - __main__ - INFO - Sample 7
Solution found proactively quantile
23:19:50,878 - __main__ - INFO - The solution is infeasible
23:19:51,289 - __main__ - INFO - The solution is infeasible
23:19:51,290 - __main__ - INFO - Sample 8
Solution found proactively quantile
23:19:51,677 - __main__ - INFO - The solution is infeasible
23:19:52,089 - __main__ - INFO - The solution is infeasible
23:19:52,089 - __main__ - INFO - Sample 9
Solution found proactively quantile
23:19:52,476 - __main__ - INFO - The solution is infeasible
23:19:52,885 - __main__ - INFO - The solution is infeasible
23:19:52,886 - __main__ - INFO - ---------------------------------j2037_3.mm---------------------------------
23:19:52,954 - __main__ - INFO - Sample 0
Solution found proactively quantile
23:19:53,361 - __main__ - INFO - The solution is infeasible
23:19:53,773 - __main__ - INFO - The solution is infeasible
23:19:53,773 - __main__ - INFO - Sample 1
Solution found proactively quantile
23:19:54,178 - __main__ - INFO - The solution is infeasible
23:19:54,589 - __main__ - INFO - The solution is infeasible
23:19:54,590 - __main__ - INFO - Sample 2
Solution found proactively quantile
23:19:55,001 - __main__ - INFO - The solution is infeasible
23:19:55,410 - __main__ - INFO - The solution is infeasible
23:19:55,411 - __main__ - INFO - Sample 3
Solution found proactively quantile
23:19:55,817 - __main__ - INFO - The solution is infeasible
23:19:56,234 - __main__ - INFO - The solution is infeasible
23:19:56,234 - __main__ - INFO - Sample 4
Solution found proactively quantile
23:19:56,647 - __main__ - INFO - The solution is infeasible
23:19:57,058 - __main__ - INFO - The solution is infeasible
23:19:57,058 - __main__ - INFO - Sample 5
Solution found proactively quantile
23:19:57,463 - __main__ - INFO - The solution is infeasible
23:19:57,873 - __main__ - INFO - The solution is infeasible
23:19:57,873 - __main__ - INFO - Sample 6
Solution found proactively quantile
23:19:58,277 - __main__ - INFO - The solution is infeasible
23:19:58,683 - __main__ - INFO - The solution is infeasible
23:19:58,683 - __main__ - INFO - Sample 7
Solution found proactively quantile
23:19:59,089 - __main__ - INFO - The solution is infeasible
23:19:59,496 - __main__ - INFO - The solution is infeasible
23:19:59,496 - __main__ - INFO - Sample 8
Solution found proactively quantile
23:19:59,905 - __main__ - INFO - The solution is infeasible
23:20:00,323 - __main__ - INFO - The solution is infeasible
23:20:00,323 - __main__ - INFO - Sample 9
Solution found proactively quantile
23:20:00,736 - __main__ - INFO - The solution is infeasible
23:20:01,146 - __main__ - INFO - The solution is infeasible
23:20:01,146 - __main__ - INFO - ---------------------------------j2015_3.mm---------------------------------
23:20:01,264 - __main__ - INFO - Sample 0
Solution found proactively quantile
23:20:01,523 - __main__ - INFO - The solution is infeasible
23:20:01,791 - __main__ - INFO - The solution is infeasible
23:20:01,791 - __main__ - INFO - Sample 1
Solution found proactively quantile
23:20:02,049 - __main__ - INFO - The solution is infeasible
23:20:02,316 - __main__ - INFO - The solution is infeasible
23:20:02,316 - __main__ - INFO - Sample 2
Solution found proactively quantile
23:20:02,575 - __main__ - INFO - The solution is infeasible
23:20:02,840 - __main__ - INFO - The solution is infeasible
23:20:02,840 - __main__ - INFO - Sample 3
Solution found proactively quantile
23:20:03,099 - __main__ - INFO - The solution is infeasible
23:20:03,366 - __main__ - INFO - The solution is infeasible
23:20:03,366 - __main__ - INFO - Sample 4
Solution found proactively quantile
23:20:03,626 - __main__ - INFO - The solution is infeasible
23:20:03,890 - __main__ - INFO - The solution is infeasible
23:20:03,890 - __main__ - INFO - Sample 5
Solution found proactively quantile
23:20:04,150 - __main__ - INFO - The solution is infeasible
23:20:04,416 - __main__ - INFO - The solution is infeasible
23:20:04,416 - __main__ - INFO - Sample 6
Solution found proactively quantile
23:20:04,674 - __main__ - INFO - The solution is infeasible
23:20:04,934 - __main__ - INFO - The solution is infeasible
23:20:04,934 - __main__ - INFO - Sample 7
Solution found proactively quantile
23:20:05,196 - __main__ - INFO - The solution is infeasible
23:20:05,462 - __main__ - INFO - The solution is infeasible
23:20:05,463 - __main__ - INFO - Sample 8
Solution found proactively quantile
23:20:05,721 - __main__ - INFO - The solution is infeasible
23:20:05,990 - __main__ - INFO - The solution is infeasible
23:20:05,990 - __main__ - INFO - Sample 9
Solution found proactively quantile
23:20:06,251 - __main__ - INFO - The solution is infeasible
23:20:06,520 - __main__ - INFO - The solution is infeasible
23:20:06,520 - __main__ - INFO - ---------------------------------j2028_4.mm---------------------------------
23:20:06,590 - __main__ - INFO - Sample 0
Solution found proactively quantile
23:20:06,913 - __main__ - INFO - The solution is infeasible
23:20:07,252 - __main__ - INFO - The solution is infeasible
23:20:07,252 - __main__ - INFO - Sample 1
Solution found proactively quantile
23:20:07,572 - __main__ - INFO - The solution is infeasible
23:20:07,918 - __main__ - INFO - The solution is infeasible
23:20:07,918 - __main__ - INFO - Sample 2
Solution found proactively quantile
23:20:08,239 - __main__ - INFO - The solution is infeasible
23:20:08,583 - __main__ - INFO - The solution is infeasible
23:20:08,583 - __main__ - INFO - Sample 3
Solution found proactively quantile
23:20:08,903 - __main__ - INFO - The solution is infeasible
23:20:09,239 - __main__ - INFO - The solution is infeasible
23:20:09,239 - __main__ - INFO - Sample 4
Solution found proactively quantile
23:20:09,560 - __main__ - INFO - The solution is infeasible
23:20:09,898 - __main__ - INFO - The solution is infeasible
23:20:09,898 - __main__ - INFO - Sample 5
Solution found proactively quantile
23:20:10,222 - __main__ - INFO - The solution is infeasible
23:20:10,562 - __main__ - INFO - The solution is infeasible
23:20:10,562 - __main__ - INFO - Sample 6
Solution found proactively quantile
23:20:10,885 - __main__ - INFO - The solution is infeasible
23:20:11,227 - __main__ - INFO - The solution is infeasible
23:20:11,227 - __main__ - INFO - Sample 7
Solution found proactively quantile
23:20:11,548 - __main__ - INFO - The solution is infeasible
23:20:11,895 - __main__ - INFO - The solution is infeasible
23:20:11,895 - __main__ - INFO - Sample 8
Solution found proactively quantile
23:20:12,214 - __main__ - INFO - The solution is infeasible
23:20:12,560 - __main__ - INFO - The solution is infeasible
23:20:12,561 - __main__ - INFO - Sample 9
Solution found proactively quantile
23:20:12,885 - __main__ - INFO - The solution is infeasible
23:20:13,305 - __main__ - INFO - The solution is infeasible
23:20:13,306 - __main__ - INFO - ---------------------------------j2047_7.mm---------------------------------
23:20:13,410 - __main__ - INFO - Sample 0
Solution found proactively quantile
23:20:13,672 - __main__ - INFO - The solution is infeasible
23:20:14,056 - __main__ - INFO - The solution is infeasible
23:20:14,056 - __main__ - INFO - Sample 1
Solution found proactively quantile
23:20:14,312 - __main__ - INFO - The solution is infeasible
23:20:14,693 - __main__ - INFO - The solution is infeasible
23:20:14,694 - __main__ - INFO - Sample 2
Solution found proactively quantile
23:20:14,952 - __main__ - INFO - The solution is infeasible
23:20:15,330 - __main__ - INFO - The solution is infeasible
23:20:15,330 - __main__ - INFO - Sample 3
Solution found proactively quantile
23:20:15,584 - __main__ - INFO - The solution is infeasible
23:20:15,963 - __main__ - INFO - The solution is infeasible
23:20:15,963 - __main__ - INFO - Sample 4
Solution found proactively quantile
23:20:16,221 - __main__ - INFO - The solution is infeasible
23:20:16,605 - __main__ - INFO - The solution is infeasible
23:20:16,606 - __main__ - INFO - Sample 5
Solution found proactively quantile
23:20:16,860 - __main__ - INFO - The solution is infeasible
23:20:17,244 - __main__ - INFO - The solution is infeasible
23:20:17,244 - __main__ - INFO - Sample 6
Solution found proactively quantile
23:20:17,503 - __main__ - INFO - The solution is infeasible
23:20:17,884 - __main__ - INFO - The solution is infeasible
23:20:17,884 - __main__ - INFO - Sample 7
Solution found proactively quantile
23:20:18,140 - __main__ - INFO - The solution is infeasible
23:20:18,523 - __main__ - INFO - The solution is infeasible
23:20:18,523 - __main__ - INFO - Sample 8
Solution found proactively quantile
23:20:18,779 - __main__ - INFO - The solution is infeasible
23:20:19,163 - __main__ - INFO - The solution is infeasible
23:20:19,163 - __main__ - INFO - Sample 9
Solution found proactively quantile
23:20:19,418 - __main__ - INFO - The solution is infeasible
23:20:19,795 - __main__ - INFO - The solution is infeasible
23:20:19,796 - __main__ - INFO - ---------------------------------j2054_10.mm---------------------------------
23:20:19,859 - __main__ - INFO - Sample 0
Solution found proactively quantile
23:20:20,040 - __main__ - INFO - The solution is infeasible
23:20:20,344 - __main__ - INFO - The solution is infeasible
23:20:20,344 - __main__ - INFO - Sample 1
Solution found proactively quantile
23:20:20,523 - __main__ - INFO - The solution is infeasible
23:20:20,827 - __main__ - INFO - The solution is infeasible
23:20:20,827 - __main__ - INFO - Sample 2
Solution found proactively quantile
23:20:21,010 - __main__ - INFO - The solution is infeasible
23:20:21,313 - __main__ - INFO - The solution is infeasible
23:20:21,313 - __main__ - INFO - Sample 3
Solution found proactively quantile
23:20:21,495 - __main__ - INFO - The solution is infeasible
23:20:21,799 - __main__ - INFO - The solution is infeasible
23:20:21,799 - __main__ - INFO - Sample 4
Solution found proactively quantile
23:20:21,984 - __main__ - INFO - The solution is infeasible
23:20:22,291 - __main__ - INFO - The solution is infeasible
23:20:22,291 - __main__ - INFO - Sample 5
Solution found proactively quantile
23:20:22,475 - __main__ - INFO - The solution is infeasible
23:20:22,782 - __main__ - INFO - The solution is infeasible
23:20:22,783 - __main__ - INFO - Sample 6
Solution found proactively quantile
23:20:22,964 - __main__ - INFO - The solution is infeasible
23:20:23,265 - __main__ - INFO - The solution is infeasible
23:20:23,266 - __main__ - INFO - Sample 7
Solution found proactively quantile
23:20:23,448 - __main__ - INFO - The solution is infeasible
23:20:23,752 - __main__ - INFO - The solution is infeasible
23:20:23,752 - __main__ - INFO - Sample 8
Solution found proactively quantile
23:20:23,933 - __main__ - INFO - The solution is infeasible
23:20:24,240 - __main__ - INFO - The solution is infeasible
23:20:24,240 - __main__ - INFO - Sample 9
Solution found proactively quantile
23:20:24,420 - __main__ - INFO - The solution is infeasible
23:20:24,724 - __main__ - INFO - The solution is infeasible
23:20:24,724 - __main__ - INFO - ---------------------------------j2030_1.mm---------------------------------
23:20:24,813 - __main__ - INFO - Sample 0
Solution found proactively quantile
23:20:25,196 - __main__ - INFO - The solution is infeasible
23:20:25,617 - __main__ - INFO - The solution is infeasible
23:20:25,617 - __main__ - INFO - Sample 1
Solution found proactively quantile
23:20:26,001 - __main__ - INFO - The solution is infeasible
23:20:26,428 - __main__ - INFO - The solution is infeasible
23:20:26,428 - __main__ - INFO - Sample 2
Solution found proactively quantile
23:20:26,816 - __main__ - INFO - The solution is infeasible
23:20:27,244 - __main__ - INFO - The solution is infeasible
23:20:27,244 - __main__ - INFO - Sample 3
Solution found proactively quantile
23:20:27,627 - __main__ - INFO - The solution is infeasible
23:20:28,052 - __main__ - INFO - The solution is infeasible
23:20:28,052 - __main__ - INFO - Sample 4
Solution found proactively quantile
23:20:28,434 - __main__ - INFO - The solution is infeasible
23:20:28,856 - __main__ - INFO - The solution is infeasible
23:20:28,856 - __main__ - INFO - Sample 5
Solution found proactively quantile
23:20:29,237 - __main__ - INFO - The solution is infeasible
23:20:29,664 - __main__ - INFO - The solution is infeasible
23:20:29,665 - __main__ - INFO - Sample 6
Solution found proactively quantile
23:20:30,050 - __main__ - INFO - The solution is infeasible
23:20:30,478 - __main__ - INFO - The solution is infeasible
23:20:30,479 - __main__ - INFO - Sample 7
Solution found proactively quantile
23:20:30,865 - __main__ - INFO - The solution is infeasible
23:20:31,292 - __main__ - INFO - The solution is infeasible
23:20:31,292 - __main__ - INFO - Sample 8
Solution found proactively quantile
23:20:31,675 - __main__ - INFO - The solution is infeasible
23:20:32,105 - __main__ - INFO - The solution is infeasible
23:20:32,106 - __main__ - INFO - Sample 9
Solution found proactively quantile
23:20:32,495 - __main__ - INFO - The solution is infeasible
23:20:32,919 - __main__ - INFO - The solution is infeasible
23:20:32,919 - __main__ - INFO - ---------------------------------j2032_5.mm---------------------------------
23:20:32,988 - __main__ - INFO - Sample 0
Solution found proactively quantile
Reached infeasible reactive
23:20:34,986 - __main__ - INFO - Sample 1
Solution found proactively quantile
Reached infeasible reactive
23:20:36,889 - __main__ - INFO - Sample 2
Solution found proactively quantile
Reached infeasible reactive
23:20:38,847 - __main__ - INFO - Sample 3
Solution found proactively quantile
Reached infeasible reactive
23:20:40,743 - __main__ - INFO - Sample 4
Solution found proactively quantile
Reached infeasible reactive
23:20:42,678 - __main__ - INFO - Sample 5
Solution found proactively quantile
Reached infeasible reactive
23:20:44,602 - __main__ - INFO - Sample 6
Solution found proactively quantile
Reached infeasible reactive
23:20:46,513 - __main__ - INFO - Sample 7
Solution found proactively quantile
Reached infeasible reactive
23:20:48,381 - __main__ - INFO - Sample 8
Solution found proactively quantile
Reached infeasible reactive
23:20:50,422 - __main__ - INFO - Sample 9
Solution found proactively quantile
Reached infeasible reactive
23:20:52,364 - __main__ - INFO - ---------------------------------j2019_7.mm---------------------------------
23:20:52,426 - __main__ - INFO - Sample 0
Solution found proactively quantile
23:20:52,647 - __main__ - INFO - The solution is infeasible
23:20:52,967 - __main__ - INFO - The solution is infeasible
23:20:52,967 - __main__ - INFO - Sample 1
Solution found proactively quantile
23:20:53,184 - __main__ - INFO - The solution is infeasible
23:20:53,499 - __main__ - INFO - The solution is infeasible
23:20:53,499 - __main__ - INFO - Sample 2
Solution found proactively quantile
23:20:53,716 - __main__ - INFO - The solution is infeasible
23:20:54,028 - __main__ - INFO - The solution is infeasible
23:20:54,028 - __main__ - INFO - Sample 3
Solution found proactively quantile
23:20:54,243 - __main__ - INFO - The solution is infeasible
23:20:54,560 - __main__ - INFO - The solution is infeasible
23:20:54,560 - __main__ - INFO - Sample 4
Solution found proactively quantile
23:20:54,778 - __main__ - INFO - The solution is infeasible
23:20:55,092 - __main__ - INFO - The solution is infeasible
23:20:55,092 - __main__ - INFO - Sample 5
Solution found proactively quantile
23:20:55,310 - __main__ - INFO - The solution is infeasible
23:20:55,623 - __main__ - INFO - The solution is infeasible
23:20:55,623 - __main__ - INFO - Sample 6
Solution found proactively quantile
23:20:55,839 - __main__ - INFO - The solution is infeasible
23:20:56,166 - __main__ - INFO - The solution is infeasible
23:20:56,166 - __main__ - INFO - Sample 7
Solution found proactively quantile
23:20:56,383 - __main__ - INFO - The solution is infeasible
23:20:56,699 - __main__ - INFO - The solution is infeasible
23:20:56,700 - __main__ - INFO - Sample 8
Solution found proactively quantile
23:20:56,921 - __main__ - INFO - The solution is infeasible
23:20:57,236 - __main__ - INFO - The solution is infeasible
23:20:57,236 - __main__ - INFO - Sample 9
Solution found proactively quantile
23:20:57,453 - __main__ - INFO - The solution is infeasible
23:20:57,768 - __main__ - INFO - The solution is infeasible
23:20:57,769 - __main__ - INFO - ---------------------------------j2049_7.mm---------------------------------
23:20:57,825 - __main__ - INFO - Sample 0
Solution found proactively quantile
23:20:57,907 - __main__ - INFO - The solution is infeasible
23:20:58,053 - __main__ - INFO - The solution is infeasible
23:20:58,054 - __main__ - INFO - Sample 1
Solution found proactively quantile
23:20:58,136 - __main__ - INFO - The solution is infeasible
23:20:58,282 - __main__ - INFO - The solution is infeasible
23:20:58,282 - __main__ - INFO - Sample 2
Solution found proactively quantile
23:20:58,363 - __main__ - INFO - The solution is infeasible
23:20:58,512 - __main__ - INFO - The solution is infeasible
23:20:58,512 - __main__ - INFO - Sample 3
Solution found proactively quantile
23:20:58,601 - __main__ - INFO - The solution is infeasible
23:20:58,750 - __main__ - INFO - The solution is infeasible
23:20:58,750 - __main__ - INFO - Sample 4
Solution found proactively quantile
23:20:58,831 - __main__ - INFO - The solution is infeasible
23:20:58,979 - __main__ - INFO - The solution is infeasible
23:20:58,979 - __main__ - INFO - Sample 5
Solution found proactively quantile
23:20:59,060 - __main__ - INFO - The solution is infeasible
23:20:59,209 - __main__ - INFO - The solution is infeasible
23:20:59,210 - __main__ - INFO - Sample 6
Solution found proactively quantile
23:20:59,291 - __main__ - INFO - The solution is infeasible
23:20:59,439 - __main__ - INFO - The solution is infeasible
23:20:59,439 - __main__ - INFO - Sample 7
Solution found proactively quantile
23:20:59,521 - __main__ - INFO - The solution is infeasible
23:20:59,671 - __main__ - INFO - The solution is infeasible
23:20:59,671 - __main__ - INFO - Sample 8
Solution found proactively quantile
23:20:59,751 - __main__ - INFO - The solution is infeasible
23:20:59,900 - __main__ - INFO - The solution is infeasible
23:20:59,901 - __main__ - INFO - Sample 9
Solution found proactively quantile
23:20:59,981 - __main__ - INFO - The solution is infeasible
23:21:00,129 - __main__ - INFO - The solution is infeasible
23:21:00,129 - __main__ - INFO - ---------------------------------j2028_2.mm---------------------------------
23:21:00,250 - __main__ - INFO - Sample 0
Solution found proactively quantile
23:21:00,435 - __main__ - INFO - The solution is infeasible
23:21:00,813 - __main__ - INFO - The solution is infeasible
23:21:00,814 - __main__ - INFO - Sample 1
Solution found proactively quantile
23:21:01,000 - __main__ - INFO - The solution is infeasible
23:21:01,378 - __main__ - INFO - The solution is infeasible
23:21:01,378 - __main__ - INFO - Sample 2
Solution found proactively quantile
23:21:01,562 - __main__ - INFO - The solution is infeasible
23:21:01,946 - __main__ - INFO - The solution is infeasible
23:21:01,946 - __main__ - INFO - Sample 3
Solution found proactively quantile
23:21:02,135 - __main__ - INFO - The solution is infeasible
23:21:02,516 - __main__ - INFO - The solution is infeasible
23:21:02,517 - __main__ - INFO - Sample 4
Solution found proactively quantile
23:21:02,701 - __main__ - INFO - The solution is infeasible
23:21:03,076 - __main__ - INFO - The solution is infeasible
23:21:03,076 - __main__ - INFO - Sample 5
Solution found proactively quantile
23:21:03,263 - __main__ - INFO - The solution is infeasible
23:21:03,641 - __main__ - INFO - The solution is infeasible
23:21:03,641 - __main__ - INFO - Sample 6
Solution found proactively quantile
23:21:03,824 - __main__ - INFO - The solution is infeasible
23:21:04,201 - __main__ - INFO - The solution is infeasible
23:21:04,201 - __main__ - INFO - Sample 7
Solution found proactively quantile
23:21:04,385 - __main__ - INFO - The solution is infeasible
23:21:04,765 - __main__ - INFO - The solution is infeasible
23:21:04,765 - __main__ - INFO - Sample 8
Solution found proactively quantile
23:21:04,953 - __main__ - INFO - The solution is infeasible
23:21:05,327 - __main__ - INFO - The solution is infeasible
23:21:05,328 - __main__ - INFO - Sample 9
Solution found proactively quantile
23:21:05,514 - __main__ - INFO - The solution is infeasible
23:21:05,893 - __main__ - INFO - The solution is infeasible
23:21:05,893 - __main__ - INFO - ---------------------------------j2040_9.mm---------------------------------
23:21:05,962 - __main__ - INFO - Sample 0
Solution found proactively quantile
23:21:06,222 - __main__ - INFO - The solution is infeasible
23:21:06,656 - __main__ - INFO - The solution is infeasible
23:21:06,656 - __main__ - INFO - Sample 1
Solution found proactively quantile
23:21:06,915 - __main__ - INFO - The solution is infeasible
23:21:07,350 - __main__ - INFO - The solution is infeasible
23:21:07,351 - __main__ - INFO - Sample 2
Solution found proactively quantile
23:21:07,613 - __main__ - INFO - The solution is infeasible
23:21:08,049 - __main__ - INFO - The solution is infeasible
23:21:08,049 - __main__ - INFO - Sample 3
Solution found proactively quantile
23:21:08,310 - __main__ - INFO - The solution is infeasible
23:21:08,745 - __main__ - INFO - The solution is infeasible
23:21:08,746 - __main__ - INFO - Sample 4
Solution found proactively quantile
23:21:09,006 - __main__ - INFO - The solution is infeasible
23:21:09,439 - __main__ - INFO - The solution is infeasible
23:21:09,439 - __main__ - INFO - Sample 5
Solution found proactively quantile
23:21:09,700 - __main__ - INFO - The solution is infeasible
23:21:10,134 - __main__ - INFO - The solution is infeasible
23:21:10,135 - __main__ - INFO - Sample 6
Solution found proactively quantile
23:21:10,393 - __main__ - INFO - The solution is infeasible
23:21:10,832 - __main__ - INFO - The solution is infeasible
23:21:10,832 - __main__ - INFO - Sample 7
Solution found proactively quantile
23:21:11,095 - __main__ - INFO - The solution is infeasible
23:21:11,529 - __main__ - INFO - The solution is infeasible
23:21:11,529 - __main__ - INFO - Sample 8
Solution found proactively quantile
23:21:11,789 - __main__ - INFO - The solution is infeasible
23:21:12,220 - __main__ - INFO - The solution is infeasible
23:21:12,220 - __main__ - INFO - Sample 9
Solution found proactively quantile
23:21:12,485 - __main__ - INFO - The solution is infeasible
23:21:12,922 - __main__ - INFO - The solution is infeasible
23:21:12,922 - __main__ - INFO - ---------------------------------j2039_2.mm---------------------------------
23:21:12,991 - __main__ - INFO - Sample 0
Solution found proactively quantile
23:21:13,337 - __main__ - INFO - The solution is infeasible
23:21:13,755 - __main__ - INFO - The solution is infeasible
23:21:13,755 - __main__ - INFO - Sample 1
Solution found proactively quantile
23:21:14,098 - __main__ - INFO - The solution is infeasible
23:21:14,515 - __main__ - INFO - The solution is infeasible
23:21:14,516 - __main__ - INFO - Sample 2
Solution found proactively quantile
23:21:14,858 - __main__ - INFO - The solution is infeasible
23:21:15,276 - __main__ - INFO - The solution is infeasible
23:21:15,276 - __main__ - INFO - Sample 3
Solution found proactively quantile
23:21:15,617 - __main__ - INFO - The solution is infeasible
23:21:16,034 - __main__ - INFO - The solution is infeasible
23:21:16,034 - __main__ - INFO - Sample 4
Solution found proactively quantile
23:21:16,377 - __main__ - INFO - The solution is infeasible
23:21:16,872 - __main__ - INFO - The solution is infeasible
23:21:16,873 - __main__ - INFO - Sample 5
Solution found proactively quantile
23:21:17,217 - __main__ - INFO - The solution is infeasible
23:21:17,631 - __main__ - INFO - The solution is infeasible
23:21:17,631 - __main__ - INFO - Sample 6
Solution found proactively quantile
23:21:17,974 - __main__ - INFO - The solution is infeasible
23:21:18,391 - __main__ - INFO - The solution is infeasible
23:21:18,392 - __main__ - INFO - Sample 7
Solution found proactively quantile
23:21:18,732 - __main__ - INFO - The solution is infeasible
23:21:19,153 - __main__ - INFO - The solution is infeasible
23:21:19,153 - __main__ - INFO - Sample 8
Solution found proactively quantile
23:21:19,495 - __main__ - INFO - The solution is infeasible
23:21:19,909 - __main__ - INFO - The solution is infeasible
23:21:19,909 - __main__ - INFO - Sample 9
Solution found proactively quantile
23:21:20,252 - __main__ - INFO - The solution is infeasible
23:21:20,665 - __main__ - INFO - The solution is infeasible
23:21:20,666 - __main__ - INFO - ---------------------------------j2040_6.mm---------------------------------
23:21:20,771 - __main__ - INFO - Sample 0
Solution found proactively quantile
23:21:21,067 - __main__ - INFO - The solution is infeasible
23:21:21,457 - __main__ - INFO - The solution is infeasible
23:21:21,457 - __main__ - INFO - Sample 1
Solution found proactively quantile
23:21:21,751 - __main__ - INFO - The solution is infeasible
23:21:22,143 - __main__ - INFO - The solution is infeasible
23:21:22,143 - __main__ - INFO - Sample 2
Solution found proactively quantile
23:21:22,440 - __main__ - INFO - The solution is infeasible
23:21:22,836 - __main__ - INFO - The solution is infeasible
23:21:22,836 - __main__ - INFO - Sample 3
Solution found proactively quantile
23:21:23,130 - __main__ - INFO - The solution is infeasible
23:21:23,528 - __main__ - INFO - The solution is infeasible
23:21:23,528 - __main__ - INFO - Sample 4
Solution found proactively quantile
23:21:23,824 - __main__ - INFO - The solution is infeasible
23:21:24,215 - __main__ - INFO - The solution is infeasible
23:21:24,215 - __main__ - INFO - Sample 5
Solution found proactively quantile
23:21:24,507 - __main__ - INFO - The solution is infeasible
23:21:24,904 - __main__ - INFO - The solution is infeasible
23:21:24,904 - __main__ - INFO - Sample 6
Solution found proactively quantile
23:21:25,201 - __main__ - INFO - The solution is infeasible
23:21:25,594 - __main__ - INFO - The solution is infeasible
23:21:25,594 - __main__ - INFO - Sample 7
Solution found proactively quantile
23:21:25,890 - __main__ - INFO - The solution is infeasible
23:21:26,285 - __main__ - INFO - The solution is infeasible
23:21:26,285 - __main__ - INFO - Sample 8
Solution found proactively quantile
23:21:26,580 - __main__ - INFO - The solution is infeasible
23:21:26,969 - __main__ - INFO - The solution is infeasible
23:21:26,969 - __main__ - INFO - Sample 9
Solution found proactively quantile
23:21:27,262 - __main__ - INFO - The solution is infeasible
23:21:27,653 - __main__ - INFO - The solution is infeasible
23:21:27,653 - __main__ - INFO - ---------------------------------j2034_2.mm---------------------------------
23:21:27,728 - __main__ - INFO - Sample 0
Solution found proactively quantile
Reached infeasible reactive
23:21:28,377 - __main__ - INFO - The solution is infeasible
23:21:28,377 - __main__ - INFO - Sample 1
Solution found proactively quantile
Reached infeasible reactive
23:21:29,007 - __main__ - INFO - The solution is infeasible
23:21:29,008 - __main__ - INFO - Sample 2
Solution found proactively quantile
Reached infeasible reactive
23:21:29,563 - __main__ - INFO - The solution is infeasible
23:21:29,564 - __main__ - INFO - Sample 3
Solution found proactively quantile
Reached infeasible reactive
23:21:30,143 - __main__ - INFO - The solution is infeasible
23:21:30,143 - __main__ - INFO - Sample 4
Solution found proactively quantile
Reached infeasible reactive
23:21:30,766 - __main__ - INFO - The solution is infeasible
23:21:30,766 - __main__ - INFO - Sample 5
Solution found proactively quantile
Reached infeasible reactive
23:21:31,324 - __main__ - INFO - The solution is infeasible
23:21:31,324 - __main__ - INFO - Sample 6
Solution found proactively quantile
Reached infeasible reactive
23:21:32,005 - __main__ - INFO - The solution is infeasible
23:21:32,006 - __main__ - INFO - Sample 7
Solution found proactively quantile
Reached infeasible reactive
23:21:32,553 - __main__ - INFO - The solution is infeasible
23:21:32,553 - __main__ - INFO - Sample 8
Solution found proactively quantile
Reached infeasible reactive
23:21:33,115 - __main__ - INFO - The solution is infeasible
23:21:33,116 - __main__ - INFO - Sample 9
Solution found proactively quantile
Reached infeasible reactive
23:21:33,760 - __main__ - INFO - The solution is infeasible
23:21:33,760 - __main__ - INFO - ---------------------------------j2056_1.mm---------------------------------
23:21:33,832 - __main__ - INFO - Sample 0
Solution found proactively quantile
Reached infeasible reactive
23:21:35,796 - __main__ - INFO - Sample 1
Solution found proactively quantile
Reached infeasible reactive
23:21:37,610 - __main__ - INFO - Sample 2
Solution found proactively quantile
Reached infeasible reactive
23:21:39,444 - __main__ - INFO - Sample 3
Solution found proactively quantile
Reached infeasible reactive
23:21:41,229 - __main__ - INFO - Sample 4
Solution found proactively quantile
Reached infeasible reactive
23:21:43,088 - __main__ - INFO - Sample 5
Solution found proactively quantile
Reached infeasible reactive
23:21:45,022 - __main__ - INFO - Sample 6
Solution found proactively quantile
Reached infeasible reactive
23:21:46,804 - __main__ - INFO - Sample 7
Solution found proactively quantile
Reached infeasible reactive
23:21:48,686 - __main__ - INFO - Sample 8
Solution found proactively quantile
Reached infeasible reactive
23:21:50,626 - __main__ - INFO - Sample 9
Solution found proactively quantile
Reached infeasible reactive
23:21:52,524 - __main__ - INFO - ---------------------------------j2028_5.mm---------------------------------
23:21:52,601 - __main__ - INFO - Sample 0
Solution found proactively quantile
23:21:52,933 - __main__ - INFO - The solution is infeasible
23:21:53,314 - __main__ - INFO - The solution is infeasible
23:21:53,314 - __main__ - INFO - Sample 1
Solution found proactively quantile
23:21:53,651 - __main__ - INFO - The solution is infeasible
23:21:54,032 - __main__ - INFO - The solution is infeasible
23:21:54,033 - __main__ - INFO - Sample 2
Solution found proactively quantile
23:21:54,364 - __main__ - INFO - The solution is infeasible
23:21:54,741 - __main__ - INFO - The solution is infeasible
23:21:54,741 - __main__ - INFO - Sample 3
Solution found proactively quantile
23:21:55,075 - __main__ - INFO - The solution is infeasible
23:21:55,455 - __main__ - INFO - The solution is infeasible
23:21:55,455 - __main__ - INFO - Sample 4
Solution found proactively quantile
23:21:55,785 - __main__ - INFO - The solution is infeasible
23:21:56,159 - __main__ - INFO - The solution is infeasible
23:21:56,159 - __main__ - INFO - Sample 5
Solution found proactively quantile
23:21:56,490 - __main__ - INFO - The solution is infeasible
23:21:56,865 - __main__ - INFO - The solution is infeasible
23:21:56,865 - __main__ - INFO - Sample 6
Solution found proactively quantile
23:21:57,194 - __main__ - INFO - The solution is infeasible
23:21:57,570 - __main__ - INFO - The solution is infeasible
23:21:57,570 - __main__ - INFO - Sample 7
Solution found proactively quantile
23:21:57,903 - __main__ - INFO - The solution is infeasible
23:21:58,346 - __main__ - INFO - The solution is infeasible
23:21:58,347 - __main__ - INFO - Sample 8
Solution found proactively quantile
23:21:58,671 - __main__ - INFO - The solution is infeasible
23:21:59,046 - __main__ - INFO - The solution is infeasible
23:21:59,046 - __main__ - INFO - Sample 9
Solution found proactively quantile
23:21:59,378 - __main__ - INFO - The solution is infeasible
23:21:59,757 - __main__ - INFO - The solution is infeasible
23:21:59,757 - __main__ - INFO - ---------------------------------j2017_3.mm---------------------------------
23:21:59,827 - __main__ - INFO - Sample 0
Solution found proactively quantile
23:22:00,198 - __main__ - INFO - The solution is infeasible
23:22:00,576 - __main__ - INFO - The solution is infeasible
23:22:00,576 - __main__ - INFO - Sample 1
Solution found proactively quantile
23:22:00,948 - __main__ - INFO - The solution is infeasible
23:22:01,320 - __main__ - INFO - The solution is infeasible
23:22:01,320 - __main__ - INFO - Sample 2
Solution found proactively quantile
23:22:01,694 - __main__ - INFO - The solution is infeasible
23:22:02,067 - __main__ - INFO - The solution is infeasible
23:22:02,067 - __main__ - INFO - Sample 3
Solution found proactively quantile
23:22:02,436 - __main__ - INFO - The solution is infeasible
23:22:02,810 - __main__ - INFO - The solution is infeasible
23:22:02,811 - __main__ - INFO - Sample 4
Solution found proactively quantile
23:22:03,182 - __main__ - INFO - The solution is infeasible
23:22:03,557 - __main__ - INFO - The solution is infeasible
23:22:03,557 - __main__ - INFO - Sample 5
Solution found proactively quantile
23:22:03,929 - __main__ - INFO - The solution is infeasible
23:22:04,304 - __main__ - INFO - The solution is infeasible
23:22:04,305 - __main__ - INFO - Sample 6
Solution found proactively quantile
23:22:04,679 - __main__ - INFO - The solution is infeasible
23:22:05,050 - __main__ - INFO - The solution is infeasible
23:22:05,051 - __main__ - INFO - Sample 7
Solution found proactively quantile
23:22:05,421 - __main__ - INFO - The solution is infeasible
23:22:05,794 - __main__ - INFO - The solution is infeasible
23:22:05,794 - __main__ - INFO - Sample 8
Solution found proactively quantile
23:22:06,165 - __main__ - INFO - The solution is infeasible
23:22:06,537 - __main__ - INFO - The solution is infeasible
23:22:06,537 - __main__ - INFO - Sample 9
Solution found proactively quantile
23:22:06,909 - __main__ - INFO - The solution is infeasible
23:22:07,283 - __main__ - INFO - The solution is infeasible
23:22:07,283 - __main__ - INFO - ---------------------------------j2030_2.mm---------------------------------
23:22:07,342 - __main__ - INFO - Sample 0
Solution found proactively quantile
23:22:07,562 - __main__ - INFO - The solution is infeasible
23:22:07,998 - __main__ - INFO - The solution is infeasible
23:22:07,998 - __main__ - INFO - Sample 1
Solution found proactively quantile
23:22:08,221 - __main__ - INFO - The solution is infeasible
23:22:08,650 - __main__ - INFO - The solution is infeasible
23:22:08,650 - __main__ - INFO - Sample 2
Solution found proactively quantile
23:22:08,874 - __main__ - INFO - The solution is infeasible
23:22:09,301 - __main__ - INFO - The solution is infeasible
23:22:09,301 - __main__ - INFO - Sample 3
Solution found proactively quantile
23:22:09,524 - __main__ - INFO - The solution is infeasible
23:22:09,954 - __main__ - INFO - The solution is infeasible
23:22:09,955 - __main__ - INFO - Sample 4
Solution found proactively quantile
23:22:10,175 - __main__ - INFO - The solution is infeasible
23:22:10,608 - __main__ - INFO - The solution is infeasible
23:22:10,608 - __main__ - INFO - Sample 5
Solution found proactively quantile
23:22:10,830 - __main__ - INFO - The solution is infeasible
23:22:11,260 - __main__ - INFO - The solution is infeasible
23:22:11,261 - __main__ - INFO - Sample 6
Solution found proactively quantile
23:22:11,484 - __main__ - INFO - The solution is infeasible
23:22:11,915 - __main__ - INFO - The solution is infeasible
23:22:11,915 - __main__ - INFO - Sample 7
Solution found proactively quantile
23:22:12,136 - __main__ - INFO - The solution is infeasible
23:22:12,564 - __main__ - INFO - The solution is infeasible
23:22:12,564 - __main__ - INFO - Sample 8
Solution found proactively quantile
23:22:12,787 - __main__ - INFO - The solution is infeasible
23:22:13,214 - __main__ - INFO - The solution is infeasible
23:22:13,214 - __main__ - INFO - Sample 9
Solution found proactively quantile
23:22:13,437 - __main__ - INFO - The solution is infeasible
23:22:13,863 - __main__ - INFO - The solution is infeasible
23:22:13,863 - __main__ - INFO - ---------------------------------j2018_9.mm---------------------------------
23:22:13,928 - __main__ - INFO - Sample 0
Solution found proactively quantile
Reached infeasible reactive
23:22:14,252 - __main__ - INFO - The solution is infeasible
23:22:14,252 - __main__ - INFO - Sample 1
Solution found proactively quantile
Reached infeasible reactive
23:22:14,635 - __main__ - INFO - The solution is infeasible
23:22:14,636 - __main__ - INFO - Sample 2
Solution found proactively quantile
Reached infeasible reactive
23:22:15,057 - __main__ - INFO - The solution is infeasible
23:22:15,057 - __main__ - INFO - Sample 3
Solution found proactively quantile
Reached infeasible reactive
23:22:15,455 - __main__ - INFO - The solution is infeasible
23:22:15,456 - __main__ - INFO - Sample 4
Solution found proactively quantile
Reached infeasible reactive
23:22:15,835 - __main__ - INFO - The solution is infeasible
23:22:15,835 - __main__ - INFO - Sample 5
Solution found proactively quantile
Reached infeasible reactive
23:22:16,193 - __main__ - INFO - The solution is infeasible
23:22:16,194 - __main__ - INFO - Sample 6
Solution found proactively quantile
Reached infeasible reactive
23:22:16,560 - __main__ - INFO - The solution is infeasible
23:22:16,560 - __main__ - INFO - Sample 7
Solution found proactively quantile
Reached infeasible reactive
23:22:16,940 - __main__ - INFO - The solution is infeasible
23:22:16,940 - __main__ - INFO - Sample 8
Solution found proactively quantile
Reached infeasible reactive
23:22:17,302 - __main__ - INFO - The solution is infeasible
23:22:17,302 - __main__ - INFO - Sample 9
Solution found proactively quantile
Reached infeasible reactive
23:22:17,644 - __main__ - INFO - The solution is infeasible
23:22:17,644 - __main__ - INFO - ---------------------------------j2048_10.mm---------------------------------
23:22:17,712 - __main__ - INFO - Sample 0
Solution found proactively quantile
Reached infeasible reactive
23:22:19,469 - __main__ - INFO - Sample 1
Solution found proactively quantile
Reached infeasible reactive
23:22:21,068 - __main__ - INFO - Sample 2
Solution found proactively quantile
Reached infeasible reactive
23:22:22,638 - __main__ - INFO - Sample 3
Solution found proactively quantile
Reached infeasible reactive
23:22:24,392 - __main__ - INFO - Sample 4
Solution found proactively quantile
Reached infeasible reactive
23:22:26,462 - __main__ - INFO - Sample 5
Solution found proactively quantile
Reached infeasible reactive
23:22:28,334 - __main__ - INFO - Sample 6
Solution found proactively quantile
Reached infeasible reactive
23:22:30,494 - __main__ - INFO - Sample 7
Solution found proactively quantile
Reached infeasible reactive
23:22:32,204 - __main__ - INFO - Sample 8
Solution found proactively quantile
Reached infeasible reactive
23:22:33,813 - __main__ - INFO - Sample 9
Solution found proactively quantile
Reached infeasible reactive
23:22:35,469 - __main__ - INFO - ---------------------------------j2064_10.mm---------------------------------
23:22:35,531 - __main__ - INFO - Sample 0
Solution found proactively quantile
Reached infeasible reactive
23:22:37,831 - __main__ - INFO - Sample 1
Solution found proactively quantile
Reached infeasible reactive
23:22:39,887 - __main__ - INFO - Sample 2
Solution found proactively quantile
Reached infeasible reactive
23:22:41,965 - __main__ - INFO - Sample 3
Solution found proactively quantile
Reached infeasible reactive
23:22:44,010 - __main__ - INFO - Sample 4
Solution found proactively quantile
Reached infeasible reactive
23:22:45,997 - __main__ - INFO - Sample 5
Solution found proactively quantile
Reached infeasible reactive
23:22:48,089 - __main__ - INFO - Sample 6
Solution found proactively quantile
Reached infeasible reactive
23:22:50,004 - __main__ - INFO - Sample 7
Solution found proactively quantile
Reached infeasible reactive
23:22:52,036 - __main__ - INFO - Sample 8
Solution found proactively quantile
Reached infeasible reactive
23:22:54,011 - __main__ - INFO - Sample 9
Solution found proactively quantile
Reached infeasible reactive
23:22:56,142 - __main__ - INFO - ---------------------------------j2046_7.mm---------------------------------
23:22:56,203 - __main__ - INFO - Sample 0
Solution found proactively quantile
Reached infeasible reactive
23:22:56,554 - __main__ - INFO - The solution is infeasible
23:22:56,554 - __main__ - INFO - Sample 1
Solution found proactively quantile
Reached infeasible reactive
23:22:57,132 - __main__ - INFO - The solution is infeasible
23:22:57,133 - __main__ - INFO - Sample 2
Solution found proactively quantile
Reached infeasible reactive
23:22:57,414 - __main__ - INFO - The solution is infeasible
23:22:57,414 - __main__ - INFO - Sample 3
Solution found proactively quantile
Reached infeasible reactive
23:22:57,830 - __main__ - INFO - The solution is infeasible
23:22:57,831 - __main__ - INFO - Sample 4
Solution found proactively quantile
Reached infeasible reactive
23:22:58,063 - __main__ - INFO - The solution is infeasible
23:22:58,064 - __main__ - INFO - Sample 5
Solution found proactively quantile
Reached infeasible reactive
23:22:58,411 - __main__ - INFO - The solution is infeasible
23:22:58,411 - __main__ - INFO - Sample 6
Solution found proactively quantile
Reached infeasible reactive
23:22:58,788 - __main__ - INFO - The solution is infeasible
23:22:58,789 - __main__ - INFO - Sample 7
Solution found proactively quantile
Reached infeasible reactive
23:22:59,140 - __main__ - INFO - The solution is infeasible
23:22:59,141 - __main__ - INFO - Sample 8
Solution found proactively quantile
Reached infeasible reactive
23:22:59,464 - __main__ - INFO - The solution is infeasible
23:22:59,465 - __main__ - INFO - Sample 9
Solution found proactively quantile
Reached infeasible reactive
23:22:59,794 - __main__ - INFO - The solution is infeasible
23:22:59,794 - __main__ - INFO - ---------------------------------j2010_1.mm---------------------------------
23:22:59,848 - __main__ - INFO - Sample 0
Solution found proactively quantile
Reached infeasible reactive
23:23:01,902 - __main__ - INFO - Sample 1
Solution found proactively quantile
Reached infeasible reactive
23:23:03,710 - __main__ - INFO - Sample 2
Solution found proactively quantile
Reached infeasible reactive
23:23:05,636 - __main__ - INFO - Sample 3
Solution found proactively quantile
Reached infeasible reactive
23:23:07,929 - __main__ - INFO - Sample 4
Solution found proactively quantile
Reached infeasible reactive
23:23:09,866 - __main__ - INFO - Sample 5
Solution found proactively quantile
Reached infeasible reactive
23:23:11,864 - __main__ - INFO - Sample 6
Solution found proactively quantile
Reached infeasible reactive
23:23:13,920 - __main__ - INFO - Sample 7
Solution found proactively quantile
Reached infeasible reactive
23:23:15,735 - __main__ - INFO - Sample 8
Solution found proactively quantile
Reached infeasible reactive
23:23:17,609 - __main__ - INFO - Sample 9
Solution found proactively quantile
Reached infeasible reactive
23:23:19,397 - __main__ - INFO - ---------------------------------j2025_8.mm---------------------------------
23:23:19,547 - __main__ - INFO - Sample 0
Solution found proactively quantile
Reached infeasible reactive
23:23:20,072 - __main__ - INFO - The solution is infeasible
23:23:20,072 - __main__ - INFO - Sample 1
Solution found proactively quantile
Reached infeasible reactive
23:23:20,457 - __main__ - INFO - The solution is infeasible
23:23:20,457 - __main__ - INFO - Sample 2
Solution found proactively quantile
Reached infeasible reactive
23:23:20,764 - __main__ - INFO - The solution is infeasible
23:23:20,765 - __main__ - INFO - Sample 3
Solution found proactively quantile
Reached infeasible reactive
23:23:21,126 - __main__ - INFO - The solution is infeasible
23:23:21,126 - __main__ - INFO - Sample 4
Solution found proactively quantile
Reached infeasible reactive
23:23:21,458 - __main__ - INFO - The solution is infeasible
23:23:21,458 - __main__ - INFO - Sample 5
Solution found proactively quantile
Reached infeasible reactive
23:23:21,768 - __main__ - INFO - The solution is infeasible
23:23:21,769 - __main__ - INFO - Sample 6
Solution found proactively quantile
Reached infeasible reactive
23:23:22,101 - __main__ - INFO - The solution is infeasible
23:23:22,101 - __main__ - INFO - Sample 7
Solution found proactively quantile
Reached infeasible reactive
23:23:22,430 - __main__ - INFO - The solution is infeasible
23:23:22,430 - __main__ - INFO - Sample 8
Solution found proactively quantile
Reached infeasible reactive
23:23:22,734 - __main__ - INFO - The solution is infeasible
23:23:22,734 - __main__ - INFO - Sample 9
Solution found proactively quantile
Reached infeasible reactive
23:23:23,172 - __main__ - INFO - The solution is infeasible
23:23:23,173 - __main__ - INFO - ---------------------------------j2042_10.mm---------------------------------
23:23:23,303 - __main__ - INFO - Sample 0
Solution found proactively quantile
Reached infeasible reactive
23:23:25,292 - __main__ - INFO - Sample 1
Solution found proactively quantile
Reached infeasible reactive
23:23:27,312 - __main__ - INFO - Sample 2
Solution found proactively quantile
Reached infeasible reactive
23:23:29,512 - __main__ - INFO - Sample 3
Solution found proactively quantile
Reached infeasible reactive
23:23:31,527 - __main__ - INFO - Sample 4
Solution found proactively quantile
Reached infeasible reactive
23:23:33,596 - __main__ - INFO - Sample 5
Solution found proactively quantile
Reached infeasible reactive
23:23:35,791 - __main__ - INFO - Sample 6
Solution found proactively quantile
Reached infeasible reactive
23:23:37,937 - __main__ - INFO - Sample 7
Solution found proactively quantile
Reached infeasible reactive
23:23:39,925 - __main__ - INFO - Sample 8
Solution found proactively quantile
Reached infeasible reactive
23:23:41,933 - __main__ - INFO - Sample 9
Solution found proactively quantile
Reached infeasible reactive
23:23:44,445 - __main__ - INFO - ---------------------------------j2047_10.mm---------------------------------
23:23:44,556 - __main__ - INFO - Sample 0
Solution found proactively quantile
Reached infeasible reactive
23:23:46,524 - __main__ - INFO - Sample 1
Solution found proactively quantile
Reached infeasible reactive
23:23:48,537 - __main__ - INFO - Sample 2
Solution found proactively quantile
Reached infeasible reactive
23:23:50,667 - __main__ - INFO - Sample 3
Solution found proactively quantile
Reached infeasible reactive
23:23:52,696 - __main__ - INFO - Sample 4
Solution found proactively quantile
Reached infeasible reactive
23:23:54,677 - __main__ - INFO - Sample 5
Solution found proactively quantile
Reached infeasible reactive
23:23:56,658 - __main__ - INFO - Sample 6
Solution found proactively quantile
Reached infeasible reactive
23:23:58,619 - __main__ - INFO - Sample 7
Solution found proactively quantile
Reached infeasible reactive
23:24:00,695 - __main__ - INFO - Sample 8
Solution found proactively quantile
Reached infeasible reactive
23:24:02,817 - __main__ - INFO - Sample 9
Solution found proactively quantile
Reached infeasible reactive
23:24:04,734 - __main__ - INFO - ---------------------------------j2052_6.mm---------------------------------
23:24:04,796 - __main__ - INFO - Sample 0
Solution found proactively quantile
23:24:05,194 - __main__ - INFO - The solution is infeasible
23:24:05,596 - __main__ - INFO - The solution is infeasible
23:24:05,596 - __main__ - INFO - Sample 1
Solution found proactively quantile
23:24:06,001 - __main__ - INFO - The solution is infeasible
23:24:06,401 - __main__ - INFO - The solution is infeasible
23:24:06,401 - __main__ - INFO - Sample 2
Solution found proactively quantile
23:24:06,802 - __main__ - INFO - The solution is infeasible
23:24:07,204 - __main__ - INFO - The solution is infeasible
23:24:07,204 - __main__ - INFO - Sample 3
Solution found proactively quantile
23:24:07,607 - __main__ - INFO - The solution is infeasible
23:24:08,009 - __main__ - INFO - The solution is infeasible
23:24:08,009 - __main__ - INFO - Sample 4
Solution found proactively quantile
23:24:08,407 - __main__ - INFO - The solution is infeasible
23:24:08,811 - __main__ - INFO - The solution is infeasible
23:24:08,812 - __main__ - INFO - Sample 5
Solution found proactively quantile
23:24:09,214 - __main__ - INFO - The solution is infeasible
23:24:09,616 - __main__ - INFO - The solution is infeasible
23:24:09,616 - __main__ - INFO - Sample 6
Solution found proactively quantile
23:24:10,022 - __main__ - INFO - The solution is infeasible
23:24:10,425 - __main__ - INFO - The solution is infeasible
23:24:10,425 - __main__ - INFO - Sample 7
Solution found proactively quantile
23:24:10,917 - __main__ - INFO - The solution is infeasible
23:24:11,322 - __main__ - INFO - The solution is infeasible
23:24:11,322 - __main__ - INFO - Sample 8
Solution found proactively quantile
23:24:11,725 - __main__ - INFO - The solution is infeasible
23:24:12,125 - __main__ - INFO - The solution is infeasible
23:24:12,125 - __main__ - INFO - Sample 9
Solution found proactively quantile
23:24:12,527 - __main__ - INFO - The solution is infeasible
23:24:12,924 - __main__ - INFO - The solution is infeasible
23:24:12,924 - __main__ - INFO - ---------------------------------j2057_4.mm---------------------------------
23:24:13,000 - __main__ - INFO - Sample 0
Solution found proactively quantile
23:24:13,148 - __main__ - INFO - The solution is infeasible
23:24:13,339 - __main__ - INFO - The solution is infeasible
23:24:13,339 - __main__ - INFO - Sample 1
Solution found proactively quantile
23:24:13,486 - __main__ - INFO - The solution is infeasible
23:24:13,677 - __main__ - INFO - The solution is infeasible
23:24:13,678 - __main__ - INFO - Sample 2
Solution found proactively quantile
23:24:13,822 - __main__ - INFO - The solution is infeasible
23:24:14,015 - __main__ - INFO - The solution is infeasible
23:24:14,016 - __main__ - INFO - Sample 3
Solution found proactively quantile
23:24:14,161 - __main__ - INFO - The solution is infeasible
23:24:14,356 - __main__ - INFO - The solution is infeasible
23:24:14,357 - __main__ - INFO - Sample 4
Solution found proactively quantile
23:24:14,502 - __main__ - INFO - The solution is infeasible
23:24:14,691 - __main__ - INFO - The solution is infeasible
23:24:14,692 - __main__ - INFO - Sample 5
Solution found proactively quantile
23:24:14,839 - __main__ - INFO - The solution is infeasible
23:24:15,029 - __main__ - INFO - The solution is infeasible
23:24:15,029 - __main__ - INFO - Sample 6
Solution found proactively quantile
23:24:15,174 - __main__ - INFO - The solution is infeasible
23:24:15,364 - __main__ - INFO - The solution is infeasible
23:24:15,364 - __main__ - INFO - Sample 7
Solution found proactively quantile
23:24:15,511 - __main__ - INFO - The solution is infeasible
23:24:15,704 - __main__ - INFO - The solution is infeasible
23:24:15,704 - __main__ - INFO - Sample 8
Solution found proactively quantile
23:24:15,849 - __main__ - INFO - The solution is infeasible
23:24:16,039 - __main__ - INFO - The solution is infeasible
23:24:16,039 - __main__ - INFO - Sample 9
Solution found proactively quantile
23:24:16,183 - __main__ - INFO - The solution is infeasible
23:24:16,374 - __main__ - INFO - The solution is infeasible
23:24:16,374 - __main__ - INFO - ---------------------------------j2050_6.mm---------------------------------
23:24:16,473 - __main__ - INFO - Sample 0
Solution found proactively quantile
23:24:16,694 - __main__ - INFO - The solution is infeasible
23:24:17,115 - __main__ - INFO - The solution is infeasible
23:24:17,115 - __main__ - INFO - Sample 1
Solution found proactively quantile
23:24:17,336 - __main__ - INFO - The solution is infeasible
23:24:17,759 - __main__ - INFO - The solution is infeasible
23:24:17,760 - __main__ - INFO - Sample 2
Solution found proactively quantile
23:24:17,980 - __main__ - INFO - The solution is infeasible
23:24:18,396 - __main__ - INFO - The solution is infeasible
23:24:18,396 - __main__ - INFO - Sample 3
Solution found proactively quantile
23:24:18,614 - __main__ - INFO - The solution is infeasible
23:24:19,030 - __main__ - INFO - The solution is infeasible
23:24:19,030 - __main__ - INFO - Sample 4
Solution found proactively quantile
23:24:19,249 - __main__ - INFO - The solution is infeasible
23:24:19,669 - __main__ - INFO - The solution is infeasible
23:24:19,669 - __main__ - INFO - Sample 5
Solution found proactively quantile
23:24:19,888 - __main__ - INFO - The solution is infeasible
23:24:20,309 - __main__ - INFO - The solution is infeasible
23:24:20,309 - __main__ - INFO - Sample 6
Solution found proactively quantile
23:24:20,527 - __main__ - INFO - The solution is infeasible
23:24:20,948 - __main__ - INFO - The solution is infeasible
23:24:20,949 - __main__ - INFO - Sample 7
Solution found proactively quantile
23:24:21,167 - __main__ - INFO - The solution is infeasible
23:24:21,584 - __main__ - INFO - The solution is infeasible
23:24:21,585 - __main__ - INFO - Sample 8
Solution found proactively quantile
23:24:21,801 - __main__ - INFO - The solution is infeasible
23:24:22,221 - __main__ - INFO - The solution is infeasible
23:24:22,221 - __main__ - INFO - Sample 9
Solution found proactively quantile
23:24:22,440 - __main__ - INFO - The solution is infeasible
23:24:22,865 - __main__ - INFO - The solution is infeasible
23:24:22,865 - __main__ - INFO - ---------------------------------j2060_2.mm---------------------------------
23:24:22,945 - __main__ - INFO - Sample 0
Solution found proactively quantile
23:24:23,071 - __main__ - INFO - The solution is infeasible
23:24:23,348 - __main__ - INFO - The solution is infeasible
23:24:23,348 - __main__ - INFO - Sample 1
Solution found proactively quantile
23:24:23,473 - __main__ - INFO - The solution is infeasible
23:24:23,747 - __main__ - INFO - The solution is infeasible
23:24:23,747 - __main__ - INFO - Sample 2
Solution found proactively quantile
23:24:23,872 - __main__ - INFO - The solution is infeasible
23:24:24,145 - __main__ - INFO - The solution is infeasible
23:24:24,146 - __main__ - INFO - Sample 3
Solution found proactively quantile
23:24:24,270 - __main__ - INFO - The solution is infeasible
23:24:24,545 - __main__ - INFO - The solution is infeasible
23:24:24,545 - __main__ - INFO - Sample 4
Solution found proactively quantile
23:24:24,670 - __main__ - INFO - The solution is infeasible
23:24:24,944 - __main__ - INFO - The solution is infeasible
23:24:24,945 - __main__ - INFO - Sample 5
Solution found proactively quantile
23:24:25,069 - __main__ - INFO - The solution is infeasible
23:24:25,341 - __main__ - INFO - The solution is infeasible
23:24:25,341 - __main__ - INFO - Sample 6
Solution found proactively quantile
23:24:25,465 - __main__ - INFO - The solution is infeasible
23:24:25,742 - __main__ - INFO - The solution is infeasible
23:24:25,743 - __main__ - INFO - Sample 7
Solution found proactively quantile
23:24:25,867 - __main__ - INFO - The solution is infeasible
23:24:26,143 - __main__ - INFO - The solution is infeasible
23:24:26,143 - __main__ - INFO - Sample 8
Solution found proactively quantile
23:24:26,266 - __main__ - INFO - The solution is infeasible
23:24:26,543 - __main__ - INFO - The solution is infeasible
23:24:26,543 - __main__ - INFO - Sample 9
Solution found proactively quantile
23:24:26,668 - __main__ - INFO - The solution is infeasible
23:24:26,940 - __main__ - INFO - The solution is infeasible
23:24:26,940 - __main__ - INFO - ---------------------------------j2031_6.mm---------------------------------
23:24:27,031 - __main__ - INFO - Sample 0
Solution found proactively quantile
Reached infeasible reactive
23:24:28,694 - __main__ - INFO - Sample 1
Solution found proactively quantile
Reached infeasible reactive
23:24:30,569 - __main__ - INFO - Sample 2
Solution found proactively quantile
Reached infeasible reactive
23:24:32,190 - __main__ - INFO - Sample 3
Solution found proactively quantile
Reached infeasible reactive
23:24:33,749 - __main__ - INFO - Sample 4
Solution found proactively quantile
Reached infeasible reactive
23:24:35,359 - __main__ - INFO - Sample 5
Solution found proactively quantile
Reached infeasible reactive
23:24:37,199 - __main__ - INFO - Sample 6
Solution found proactively quantile
Reached infeasible reactive
23:24:38,732 - __main__ - INFO - Sample 7
Solution found proactively quantile
Reached infeasible reactive
23:24:40,251 - __main__ - INFO - Sample 8
Solution found proactively quantile
Reached infeasible reactive
23:24:41,786 - __main__ - INFO - Sample 9
Solution found proactively quantile
Reached infeasible reactive
23:24:43,407 - __main__ - INFO - ---------------------------------j2064_7.mm---------------------------------
23:24:43,528 - __main__ - INFO - Sample 0
Solution found proactively quantile
23:24:43,971 - __main__ - INFO - The solution is infeasible
23:24:44,411 - __main__ - INFO - The solution is infeasible
23:24:44,411 - __main__ - INFO - Sample 1
Solution found proactively quantile
23:24:44,847 - __main__ - INFO - The solution is infeasible
23:24:45,284 - __main__ - INFO - The solution is infeasible
23:24:45,284 - __main__ - INFO - Sample 2
Solution found proactively quantile
23:24:45,730 - __main__ - INFO - The solution is infeasible
23:24:46,168 - __main__ - INFO - The solution is infeasible
23:24:46,168 - __main__ - INFO - Sample 3
Solution found proactively quantile
23:24:46,599 - __main__ - INFO - The solution is infeasible
23:24:47,039 - __main__ - INFO - The solution is infeasible
23:24:47,039 - __main__ - INFO - Sample 4
Solution found proactively quantile
23:24:47,477 - __main__ - INFO - The solution is infeasible
23:24:47,914 - __main__ - INFO - The solution is infeasible
23:24:47,914 - __main__ - INFO - Sample 5
Solution found proactively quantile
23:24:48,351 - __main__ - INFO - The solution is infeasible
23:24:48,790 - __main__ - INFO - The solution is infeasible
23:24:48,790 - __main__ - INFO - Sample 6
Solution found proactively quantile
23:24:49,233 - __main__ - INFO - The solution is infeasible
23:24:49,673 - __main__ - INFO - The solution is infeasible
23:24:49,674 - __main__ - INFO - Sample 7
Solution found proactively quantile
23:24:50,108 - __main__ - INFO - The solution is infeasible
23:24:50,549 - __main__ - INFO - The solution is infeasible
23:24:50,549 - __main__ - INFO - Sample 8
Solution found proactively quantile
23:24:50,989 - __main__ - INFO - The solution is infeasible
23:24:51,428 - __main__ - INFO - The solution is infeasible
23:24:51,429 - __main__ - INFO - Sample 9
Solution found proactively quantile
23:24:51,867 - __main__ - INFO - The solution is infeasible
23:24:52,309 - __main__ - INFO - The solution is infeasible
23:24:52,309 - __main__ - INFO - ---------------------------------j2046_8.mm---------------------------------
23:24:52,387 - __main__ - INFO - Sample 0
Solution found proactively quantile
23:24:52,589 - __main__ - INFO - The solution is infeasible
23:24:52,817 - __main__ - INFO - The solution is infeasible
23:24:52,817 - __main__ - INFO - Sample 1
Solution found proactively quantile
23:24:53,025 - __main__ - INFO - The solution is infeasible
23:24:53,249 - __main__ - INFO - The solution is infeasible
23:24:53,249 - __main__ - INFO - Sample 2
Solution found proactively quantile
23:24:53,457 - __main__ - INFO - The solution is infeasible
23:24:53,684 - __main__ - INFO - The solution is infeasible
23:24:53,684 - __main__ - INFO - Sample 3
Solution found proactively quantile
23:24:53,887 - __main__ - INFO - The solution is infeasible
23:24:54,111 - __main__ - INFO - The solution is infeasible
23:24:54,112 - __main__ - INFO - Sample 4
Solution found proactively quantile
23:24:54,316 - __main__ - INFO - The solution is infeasible
23:24:54,540 - __main__ - INFO - The solution is infeasible
23:24:54,540 - __main__ - INFO - Sample 5
Solution found proactively quantile
23:24:54,742 - __main__ - INFO - The solution is infeasible
23:24:54,965 - __main__ - INFO - The solution is infeasible
23:24:54,965 - __main__ - INFO - Sample 6
Solution found proactively quantile
23:24:55,168 - __main__ - INFO - The solution is infeasible
23:24:55,393 - __main__ - INFO - The solution is infeasible
23:24:55,393 - __main__ - INFO - Sample 7
Solution found proactively quantile
23:24:55,598 - __main__ - INFO - The solution is infeasible
23:24:55,823 - __main__ - INFO - The solution is infeasible
23:24:55,823 - __main__ - INFO - Sample 8
Solution found proactively quantile
23:24:56,025 - __main__ - INFO - The solution is infeasible
23:24:56,251 - __main__ - INFO - The solution is infeasible
23:24:56,251 - __main__ - INFO - Sample 9
Solution found proactively quantile
23:24:56,457 - __main__ - INFO - The solution is infeasible
23:24:56,685 - __main__ - INFO - The solution is infeasible
23:24:56,685 - __main__ - INFO - ---------------------------------j2055_5.mm---------------------------------
23:24:56,775 - __main__ - INFO - Sample 0
Solution found proactively quantile
Reached infeasible reactive
23:24:57,219 - __main__ - INFO - The solution is infeasible
23:24:57,219 - __main__ - INFO - Sample 1
Solution found proactively quantile
Reached infeasible reactive
23:24:57,651 - __main__ - INFO - The solution is infeasible
23:24:57,651 - __main__ - INFO - Sample 2
Solution found proactively quantile
Reached infeasible reactive
23:24:57,970 - __main__ - INFO - The solution is infeasible
23:24:57,971 - __main__ - INFO - Sample 3
Solution found proactively quantile
Reached infeasible reactive
23:24:58,302 - __main__ - INFO - The solution is infeasible
23:24:58,302 - __main__ - INFO - Sample 4
Solution found proactively quantile
Reached infeasible reactive
23:24:58,623 - __main__ - INFO - The solution is infeasible
23:24:58,624 - __main__ - INFO - Sample 5
Solution found proactively quantile
Reached infeasible reactive
23:24:59,085 - __main__ - INFO - The solution is infeasible
23:24:59,085 - __main__ - INFO - Sample 6
Solution found proactively quantile
Reached infeasible reactive
23:24:59,481 - __main__ - INFO - The solution is infeasible
23:24:59,481 - __main__ - INFO - Sample 7
Solution found proactively quantile
Reached infeasible reactive
23:24:59,796 - __main__ - INFO - The solution is infeasible
23:24:59,797 - __main__ - INFO - Sample 8
Solution found proactively quantile
Reached infeasible reactive
23:25:00,176 - __main__ - INFO - The solution is infeasible
23:25:00,177 - __main__ - INFO - Sample 9
Solution found proactively quantile
Reached infeasible reactive
23:25:00,533 - __main__ - INFO - The solution is infeasible
23:25:00,533 - __main__ - INFO - ---------------------------------j2064_8.mm---------------------------------
Number of infeasible samples: {'stnu': {1: {}, 2: {}}, 'proactive': {}, 'reactive': {}}
