instance_folder,noise_factor,method,time_limit,feasibility,obj,time_offline,time_online,start_times,real_durations
j10,1,proactive_quantile_0.9,600,True,32,0.40133047103881836,0.0007503032684326172,"[0, 0, 0, 0, 8, 15, 9, 23, 28, 15, 8, 0, 0, 0, 0, 0, 0, 0, 69]","""[0, 5, 6, 5, 5, 7, 2, 3, 3, 2, 7, 46, 15, 23, 34, 69, 49, 65, 0]"""
j10,1,reactive,600,True,31,0.40133047103881836,0.0675516128540039,"[0, 0, 0, 0, 8, 15, 9, 23, 28, 15, 8, 0, 0, 0, 0, 0, 0, 0, 31]","[0, 5, 6, 5, 5, 7, 2, 3, 3, 2, 7, 46, 15, 23, 34, 69, 49, 65, 0]"
j10,1,stnu,600,True,15,3.224283218383789,0.011891603469848633,"[0, 0, 0, 0, 2, 3, 2, 10, 13, 4, 3, 0, 0, 0, 0, 0, 0, 0, 15]","""[0, 2, 2, 2, 1, 7, 2, 3, 2, 1, 3, 46, 15, 23, 34, 69, 49, 65, 0]"""
j10,1,proactive_quantile_0.9,600,True,32,0.07439970970153809,0.0007777214050292969,"[0, 0, 0, 0, 8, 15, 9, 23, 28, 15, 8, 0, 0, 0, 0, 0, 0, 0, 69]","""[0, 3, 5, 5, 5, 8, 1, 4, 1, 1, 4, 46, 15, 23, 34, 69, 49, 65, 0]"""
j10,1,reactive,600,True,28,0.07439970970153809,0.0933685302734375,"[0, 0, 0, 0, 8, 15, 9, 23, 27, 15, 8, 0, 0, 0, 0, 0, 0, 0, 28]","[0, 3, 5, 5, 5, 8, 1, 4, 1, 1, 4, 46, 15, 23, 34, 69, 49, 65, 0]"
j10,1,stnu,600,True,23,0.7129702568054199,0.01202535629272461,"[0, 0, 0, 0, 5, 10, 5, 18, 22, 10, 5, 0, 0, 0, 0, 0, 0, 0, 23]","""[0, 3, 5, 5, 5, 8, 1, 4, 1, 1, 4, 46, 15, 23, 34, 69, 49, 65, 0]"""
j10,1,proactive_quantile_0.9,600,True,32,0.05654764175415039,0.0008170604705810547,"[0, 0, 0, 0, 8, 15, 9, 23, 28, 15, 8, 0, 0, 0, 0, 0, 0, 0, 69]","""[0, 3, 8, 6, 4, 7, 2, 4, 1, 3, 5, 46, 15, 23, 34, 69, 49, 65, 0]"""
j10,1,reactive,600,True,28,0.05654764175415039,0.08083343505859375,"[0, 0, 0, 0, 8, 15, 9, 23, 27, 15, 8, 0, 0, 0, 0, 0, 0, 0, 28]","[0, 3, 8, 6, 4, 7, 2, 4, 1, 3, 5, 46, 15, 23, 34, 69, 49, 65, 0]"
j10,1,stnu,600,True,22,0.7187652587890625,0.011312723159790039,"[0, 0, 0, 0, 6, 10, 8, 17, 21, 11, 6, 0, 0, 0, 0, 0, 0, 0, 22]","""[0, 3, 8, 6, 4, 7, 2, 4, 1, 3, 5, 46, 15, 23, 34, 69, 49, 65, 0]"""
j10,1,proactive_quantile_0.9,600,True,32,0.04517650604248047,0.0007641315460205078,"[0, 0, 0, 0, 8, 15, 9, 23, 28, 15, 8, 0, 0, 0, 0, 0, 0, 0, 69]","""[0, 4, 6, 6, 5, 5, 2, 3, 3, 1, 3, 46, 15, 23, 34, 69, 49, 65, 0]"""
j10,1,reactive,600,True,29,0.04517650604248047,0.20641756057739258,"[0, 0, 0, 0, 8, 15, 9, 23, 26, 15, 8, 0, 0, 0, 0, 0, 0, 0, 29]","[0, 4, 6, 6, 5, 5, 2, 3, 3, 1, 3, 46, 15, 23, 34, 69, 49, 65, 0]"
j10,1,stnu,600,True,22,0.6999170780181885,0.011262655258178711,"[0, 0, 0, 0, 6, 11, 6, 16, 19, 11, 6, 0, 0, 0, 0, 0, 0, 0, 22]","""[0, 4, 6, 6, 5, 5, 2, 3, 3, 1, 3, 46, 15, 23, 34, 69, 49, 65, 0]"""
j10,1,proactive_quantile_0.9,600,True,32,0.06022477149963379,0.0008206367492675781,"[0, 0, 0, 0, 8, 15, 9, 23, 28, 15, 8, 0, 0, 0, 0, 0, 0, 0, 69]","""[0, 6, 6, 7, 5, 7, 1, 2, 3, 2, 4, 46, 15, 23, 34, 69, 49, 65, 0]"""
j10,1,reactive,600,True,28,0.06022477149963379,0.1044468879699707,"[0, 0, 0, 0, 8, 15, 9, 23, 25, 15, 8, 0, 0, 0, 0, 0, 0, 0, 28]","[0, 6, 6, 7, 5, 7, 1, 2, 3, 2, 4, 46, 15, 23, 34, 69, 49, 65, 0]"
j10,1,stnu,600,True,24,0.6733758449554443,0.011316776275634766,"[0, 0, 0, 0, 7, 12, 7, 19, 21, 12, 7, 0, 0, 0, 0, 0, 0, 0, 24]","""[0, 6, 6, 7, 5, 7, 1, 2, 3, 2, 4, 46, 15, 23, 34, 69, 49, 65, 0]"""
j10,1,proactive_quantile_0.9,600,True,17,0.12741494178771973,0.0007653236389160156,"[0, 0, 0, 0, 2, 4, 4, 10, 15, 6, 4, 0, 0, 0, 0, 0, 0, 0, 69]","""[0, 2, 4, 1, 1, 7, 2, 3, 2, 2, 1, 46, 15, 23, 34, 69, 49, 65, 0]"""
j10,1,reactive,600,False,inf,inf,inf,null,"[0, 2, 4, 1, 1, 7, 2, 3, 2, 2, 1, 46, 15, 23, 34, 69, 49, 65, 0]"
j10,1,stnu,600,True,26,0.7170569896697998,0.011514902114868164,"[0, 0, 0, 0, 8, 12, 9, 20, 23, 14, 8, 0, 0, 0, 0, 0, 0, 0, 26]","""[0, 6, 9, 8, 4, 8, 1, 3, 3, 2, 6, 46, 15, 23, 34, 69, 49, 65, 0]"""
j10,1,proactive_quantile_0.9,600,True,16,0.08149433135986328,0.0007317066192626953,"[0, 0, 0, 0, 2, 4, 4, 10, 14, 6, 2, 0, 0, 0, 0, 0, 0, 0, 69]","""[0, 1, 3, 1, 1, 5, 1, 3, 1, 2, 6, 46, 15, 23, 34, 69, 49, 65, 0]"""
j10,1,reactive,600,True,14,0.08149433135986328,0.12007594108581543,"[0, 0, 0, 0, 2, 4, 4, 10, 13, 6, 2, 0, 0, 0, 0, 0, 0, 0, 14]","[0, 1, 3, 1, 1, 5, 1, 3, 1, 2, 6, 46, 15, 23, 34, 69, 49, 65, 0]"
j10,1,stnu,600,True,27,0.7081727981567383,0.011419296264648438,"[0, 0, 0, 0, 7, 13, 8, 20, 24, 13, 7, 0, 0, 0, 0, 0, 0, 0, 27]","""[0, 3, 8, 7, 6, 7, 2, 4, 3, 3, 6, 46, 15, 23, 34, 69, 49, 65, 0]"""
j10,1,proactive_quantile_0.9,600,True,32,0.06687164306640625,0.0008213520050048828,"[0, 0, 0, 0, 8, 15, 9, 23, 28, 15, 8, 0, 0, 0, 0, 0, 0, 0, 69]","""[0, 5, 7, 7, 4, 5, 2, 3, 3, 3, 6, 46, 15, 23, 34, 69, 49, 65, 0]"""
j10,1,reactive,600,True,29,0.06687164306640625,0.07965517044067383,"[0, 0, 0, 0, 8, 15, 9, 23, 26, 15, 8, 0, 0, 0, 0, 0, 0, 0, 29]","[0, 5, 7, 7, 4, 5, 2, 3, 3, 3, 6, 46, 15, 23, 34, 69, 49, 65, 0]"
j10,1,stnu,600,True,22,0.6735978126525879,0.01149606704711914,"[0, 0, 0, 0, 7, 11, 7, 16, 19, 13, 7, 0, 0, 0, 0, 0, 0, 0, 22]","""[0, 5, 7, 7, 4, 5, 2, 3, 3, 3, 6, 46, 15, 23, 34, 69, 49, 65, 0]"""
j10,1,proactive_quantile_0.9,600,True,32,0.045363664627075195,0.0007610321044921875,"[0, 0, 0, 0, 8, 15, 9, 23, 28, 15, 8, 0, 0, 0, 0, 0, 0, 0, 69]","""[0, 4, 7, 6, 5, 5, 1, 5, 3, 1, 6, 46, 15, 23, 34, 69, 49, 65, 0]"""
j10,1,reactive,600,True,31,0.045363664627075195,0.0894765853881836,"[0, 0, 0, 0, 8, 15, 9, 23, 28, 15, 8, 0, 0, 0, 0, 0, 0, 0, 31]","[0, 4, 7, 6, 5, 5, 1, 5, 3, 1, 6, 46, 15, 23, 34, 69, 49, 65, 0]"
j10,1,stnu,600,True,24,0.6625051498413086,0.011514902114868164,"[0, 0, 0, 0, 6, 11, 7, 16, 21, 12, 6, 0, 0, 0, 0, 0, 0, 0, 24]","""[0, 4, 7, 6, 5, 5, 1, 5, 3, 1, 6, 46, 15, 23, 34, 69, 49, 65, 0]"""
j10,1,proactive_quantile_0.9,600,True,32,0.06632590293884277,0.0007688999176025391,"[0, 0, 0, 0, 8, 15, 9, 23, 28, 15, 8, 0, 0, 0, 0, 0, 0, 0, 69]","""[0, 5, 7, 7, 5, 6, 2, 4, 3, 3, 5, 46, 15, 23, 34, 69, 49, 65, 0]"""
j10,1,reactive,600,True,31,0.06632590293884277,0.06460428237915039,"[0, 0, 0, 0, 8, 15, 9, 23, 28, 15, 8, 0, 0, 0, 0, 0, 0, 0, 31]","[0, 5, 7, 7, 5, 6, 2, 4, 3, 3, 5, 46, 15, 23, 34, 69, 49, 65, 0]"
j10,1,stnu,600,True,25,0.6604504585266113,0.01127481460571289,"[0, 0, 0, 0, 7, 12, 7, 18, 22, 12, 7, 0, 0, 0, 0, 0, 0, 0, 25]","""[0, 5, 7, 7, 5, 6, 2, 4, 3, 3, 5, 46, 15, 23, 34, 69, 49, 65, 0]"""
j10,1,proactive_quantile_0.9,600,True,33,0.05541038513183594,0.0002646446228027344,"[0, 0, 0, 4, 7, 10, 8, 15, 22, 20, 22, 0, 42]","""[0, 6, 3, 1, 1, 4, 4, 4, 7, 1, 9, 42, 0]"""
j10,1,reactive,600,True,31,0.05541038513183594,0.16779494285583496,"[0, 0, 0, 4, 7, 10, 8, 15, 22, 20, 22, 0, 31]","[0, 6, 3, 1, 1, 4, 4, 4, 7, 1, 9, 42, 0]"
j10,1,stnu,600,True,38,0.6692173480987549,0.0059223175048828125,"[0, 0, 3, 0, 12, 17, 12, 21, 21, 29, 29, 0, 38]","""[0, 12, 10, 3, 5, 4, 9, 7, 8, 4, 9, 42, 0]"""
j10,1,proactive_quantile_0.9,600,True,41,0.25545525550842285,0.00034618377685546875,"[0, 0, 4, 0, 7, 16, 7, 21, 33, 26, 26, 0, 42]","""[0, 6, 6, 3, 8, 4, 6, 4, 7, 4, 11, 42, 0]"""
j10,1,reactive,600,True,37,0.25545525550842285,0.17847228050231934,"[0, 0, 4, 0, 7, 16, 7, 21, 13, 26, 26, 0, 37]","[0, 6, 6, 3, 8, 4, 6, 4, 7, 4, 11, 42, 0]"
j10,1,stnu,600,True,29,0.6617593765258789,0.0059566497802734375,"[0, 0, 3, 0, 6, 8, 6, 12, 18, 16, 18, 0, 29]","""[0, 6, 2, 3, 2, 4, 5, 4, 7, 2, 11, 42, 0]"""
j10,1,proactive_quantile_0.9,600,True,40,0.0730440616607666,0.00031685829162597656,"[0, 0, 0, 10, 7, 17, 7, 24, 29, 29, 29, 0, 42]","""[0, 7, 9, 6, 3, 5, 8, 5, 10, 8, 9, 42, 0]"""
j10,1,reactive,600,True,39,0.0730440616607666,0.07290935516357422,"[0, 0, 0, 10, 7, 17, 7, 24, 29, 29, 29, 0, 39]","[0, 7, 9, 6, 3, 5, 8, 5, 10, 8, 9, 42, 0]"
j10,1,stnu,600,True,32,0.8166420459747314,0.006015300750732422,"[0, 0, 0, 3, 7, 13, 18, 18, 7, 23, 25, 0, 32]","""[0, 7, 3, 3, 6, 5, 4, 5, 6, 2, 7, 42, 0]"""
j10,1,proactive_quantile_0.9,600,True,33,0.07013082504272461,0.00026345252990722656,"[0, 0, 0, 4, 7, 10, 8, 15, 22, 20, 22, 0, 42]","""[0, 7, 3, 3, 3, 6, 4, 3, 4, 1, 9, 42, 0]"""
j10,1,reactive,600,False,inf,inf,inf,null,"[0, 7, 3, 3, 3, 6, 4, 3, 4, 1, 9, 42, 0]"
j10,1,stnu,600,True,29,0.7329518795013428,0.006071329116821289,"[0, 0, 3, 0, 7, 10, 7, 16, 20, 19, 20, 0, 29]","""[0, 7, 3, 3, 3, 6, 8, 3, 4, 1, 9, 42, 0]"""
j10,1,proactive_quantile_0.9,600,True,33,0.07081818580627441,0.00024008750915527344,"[0, 0, 0, 4, 7, 10, 8, 15, 22, 20, 22, 0, 42]","""[0, 7, 4, 3, 1, 4, 5, 5, 5, 1, 9, 42, 0]"""
j10,1,reactive,600,True,31,0.07081818580627441,0.09325480461120605,"[0, 0, 0, 4, 7, 10, 8, 15, 22, 20, 22, 0, 31]","[0, 7, 4, 3, 1, 4, 5, 5, 5, 1, 9, 42, 0]"
j10,1,stnu,600,True,27,0.6325826644897461,0.006005764007568359,"[0, 0, 3, 0, 7, 8, 7, 12, 18, 17, 18, 0, 27]","""[0, 7, 4, 3, 1, 4, 7, 5, 5, 1, 9, 42, 0]"""
j10,1,proactive_quantile_0.9,600,True,33,0.1649305820465088,0.00026869773864746094,"[0, 0, 0, 4, 7, 10, 8, 15, 22, 20, 22, 0, 42]","""[0, 5, 2, 4, 2, 4, 7, 3, 4, 2, 9, 42, 0]"""
j10,1,reactive,600,True,31,0.1649305820465088,0.25304412841796875,"[0, 0, 0, 4, 7, 10, 8, 15, 22, 20, 22, 0, 31]","[0, 5, 2, 4, 2, 4, 7, 3, 4, 2, 9, 42, 0]"
j10,1,stnu,600,True,33,0.636223554611206,0.005846738815307617,"[0, 0, 2, 0, 7, 13, 7, 17, 14, 24, 24, 0, 33]","""[0, 7, 9, 2, 6, 4, 7, 5, 10, 4, 9, 42, 0]"""
j10,1,proactive_quantile_0.9,600,True,33,0.0527644157409668,0.0002694129943847656,"[0, 0, 0, 4, 7, 10, 8, 15, 22, 20, 22, 0, 42]","""[0, 6, 4, 2, 3, 3, 5, 5, 8, 2, 10, 42, 0]"""
j10,1,reactive,600,True,32,0.0527644157409668,0.07269287109375,"[0, 0, 0, 4, 7, 10, 8, 15, 22, 20, 22, 0, 32]","[0, 6, 4, 2, 3, 3, 5, 5, 8, 2, 10, 42, 0]"
j10,1,stnu,600,True,33,0.6490449905395508,0.006010293960571289,"[0, 0, 5, 0, 8, 13, 8, 16, 16, 23, 23, 0, 33]","""[0, 8, 8, 5, 4, 3, 8, 7, 7, 3, 10, 42, 0]"""
j10,1,proactive_quantile_0.9,600,True,41,0.049286603927612305,0.0003159046173095703,"[0, 0, 5, 0, 11, 17, 22, 22, 11, 30, 30, 0, 42]","""[0, 10, 4, 5, 5, 4, 7, 8, 11, 6, 10, 42, 0]"""
j10,1,reactive,600,True,40,0.049286603927612305,0.0789792537689209,"[0, 0, 5, 0, 11, 17, 22, 22, 11, 30, 30, 0, 40]","[0, 10, 4, 5, 5, 4, 7, 8, 11, 6, 10, 42, 0]"
j10,1,stnu,600,True,29,0.7820146083831787,0.005968332290649414,"[0, 0, 2, 0, 6, 9, 6, 13, 19, 17, 19, 0, 29]","""[0, 6, 4, 2, 3, 4, 8, 4, 5, 2, 10, 42, 0]"""
j10,1,proactive_quantile_0.9,600,True,33,0.1717982292175293,0.00024199485778808594,"[0, 0, 0, 4, 7, 10, 8, 15, 22, 20, 22, 0, 42]","""[0, 6, 4, 2, 2, 5, 5, 5, 6, 2, 8, 42, 0]"""
j10,1,reactive,600,True,30,0.1717982292175293,0.10333824157714844,"[0, 0, 0, 4, 7, 10, 8, 15, 22, 20, 22, 0, 30]","[0, 6, 4, 2, 2, 5, 5, 5, 6, 2, 8, 42, 0]"
j10,1,stnu,600,True,28,0.6902422904968262,0.005949258804321289,"[0, 0, 2, 0, 6, 8, 6, 13, 20, 18, 20, 0, 28]","""[0, 6, 4, 2, 2, 5, 6, 5, 6, 2, 8, 42, 0]"""
j10,1,proactive_quantile_0.9,600,True,33,0.07048463821411133,0.0002627372741699219,"[0, 0, 0, 4, 7, 10, 8, 15, 22, 20, 22, 0, 42]","""[0, 5, 4, 2, 2, 5, 3, 3, 8, 1, 9, 42, 0]"""
j10,1,reactive,600,True,31,0.07048463821411133,0.11712908744812012,"[0, 0, 0, 4, 7, 10, 8, 15, 22, 20, 22, 0, 31]","[0, 5, 4, 2, 2, 5, 3, 3, 8, 1, 9, 42, 0]"
j10,1,stnu,600,True,26,0.8043317794799805,0.005898475646972656,"[0, 0, 2, 0, 6, 8, 6, 13, 17, 16, 17, 0, 26]","""[0, 5, 4, 2, 2, 5, 7, 3, 8, 1, 9, 42, 0]"""
j10,1,proactive_quantile_0.9,600,True,35,0.21384477615356445,0.0010209083557128906,"[0, 0, 0, 2, 2, 11, 15, 15, 27, 15, 4, 0, 0, 0, 0, 0, 0, 0, 0, 0, 70]","""[0, 2, 1, 1, 8, 3, 11, 1, 5, 3, 4, 70, 66, 45, 53, 15, 50, 37, 70, 33, 0]"""
j10,1,reactive,600,True,32,0.21384477615356445,0.10912179946899414,"[0, 0, 0, 2, 2, 11, 15, 15, 27, 15, 4, 0, 0, 0, 0, 0, 0, 0, 0, 0, 32]","[0, 2, 1, 1, 8, 3, 11, 1, 5, 3, 4, 70, 66, 45, 53, 15, 50, 37, 70, 33, 0]"
j10,1,stnu,600,True,20,0.7139813899993896,0.014061927795410156,"[0, 0, 0, 4, 2, 4, 7, 7, 12, 7, 7, 0, 0, 0, 0, 0, 0, 0, 0, 0, 20]","""[0, 2, 1, 1, 2, 3, 5, 1, 8, 3, 3, 70, 66, 45, 53, 15, 50, 37, 70, 33, 0]"""
j10,1,proactive_quantile_0.9,600,True,29,0.08497929573059082,0.0009710788726806641,"[0, 0, 0, 2, 8, 10, 15, 15, 21, 21, 15, 0, 0, 0, 0, 0, 0, 0, 0, 0, 70]","""[0, 1, 8, 2, 1, 4, 5, 1, 6, 1, 2, 70, 66, 45, 53, 15, 50, 37, 70, 33, 0]"""
j10,1,reactive,600,True,27,0.08497929573059082,0.1152184009552002,"[0, 0, 0, 2, 8, 10, 15, 15, 21, 21, 15, 0, 0, 0, 0, 0, 0, 0, 0, 0, 27]","[0, 1, 8, 2, 1, 4, 5, 1, 6, 1, 2, 70, 66, 45, 53, 15, 50, 37, 70, 33, 0]"
j10,1,stnu,600,True,16,0.7639310359954834,0.01389169692993164,"[0, 0, 0, 1, 1, 2, 5, 4, 10, 4, 3, 0, 0, 0, 0, 0, 0, 0, 0, 0, 16]","""[0, 1, 1, 2, 1, 2, 5, 1, 6, 3, 4, 70, 66, 45, 53, 15, 50, 37, 70, 33, 0]"""
j10,1,proactive_quantile_0.9,600,True,25,0.08746790885925293,0.0010395050048828125,"[0, 0, 0, 4, 2, 4, 8, 8, 14, 8, 8, 0, 0, 0, 0, 0, 0, 0, 0, 0, 70]","""[0, 2, 1, 1, 1, 1, 5, 3, 9, 5, 5, 70, 66, 45, 53, 15, 50, 37, 70, 33, 0]"""
j10,1,reactive,600,True,23,0.08746790885925293,0.0969994068145752,"[0, 0, 0, 4, 2, 4, 8, 8, 14, 8, 8, 0, 0, 0, 0, 0, 0, 0, 0, 0, 23]","[0, 2, 1, 1, 1, 1, 5, 3, 9, 5, 5, 70, 66, 45, 53, 15, 50, 37, 70, 33, 0]"
j10,1,stnu,600,True,18,0.7038846015930176,0.013950347900390625,"[0, 0, 0, 3, 2, 3, 4, 4, 9, 4, 4, 0, 0, 0, 0, 0, 0, 0, 0, 0, 18]","""[0, 2, 1, 1, 1, 1, 5, 3, 9, 5, 5, 70, 66, 45, 53, 15, 50, 37, 70, 33, 0]"""
j10,1,proactive_quantile_0.9,600,True,25,0.06514811515808105,0.0010440349578857422,"[0, 0, 0, 4, 2, 4, 8, 8, 14, 8, 8, 0, 0, 0, 0, 0, 0, 0, 0, 0, 70]","""[0, 1, 2, 1, 2, 2, 4, 3, 9, 6, 4, 70, 66, 45, 53, 15, 50, 37, 70, 33, 0]"""
j10,1,reactive,600,True,23,0.06514811515808105,0.06574249267578125,"[0, 0, 0, 4, 2, 4, 8, 8, 14, 8, 8, 0, 0, 0, 0, 0, 0, 0, 0, 0, 23]","[0, 1, 2, 1, 2, 2, 4, 3, 9, 6, 4, 70, 66, 45, 53, 15, 50, 37, 70, 33, 0]"
j10,1,stnu,600,True,21,0.7205245494842529,0.014026403427124023,"[0, 0, 0, 4, 2, 4, 6, 6, 12, 6, 6, 0, 0, 0, 0, 0, 0, 0, 0, 0, 21]","""[0, 1, 2, 1, 2, 2, 4, 3, 9, 6, 4, 70, 66, 45, 53, 15, 50, 37, 70, 33, 0]"""
j10,1,proactive_quantile_0.9,600,True,25,0.09906840324401855,0.0010042190551757812,"[0, 0, 0, 4, 2, 4, 8, 8, 14, 8, 8, 0, 0, 0, 0, 0, 0, 0, 0, 0, 70]","""[0, 2, 1, 2, 1, 2, 4, 2, 8, 5, 4, 70, 66, 45, 53, 15, 50, 37, 70, 33, 0]"""
j10,1,reactive,600,True,22,0.09906840324401855,0.0918428897857666,"[0, 0, 0, 4, 2, 4, 8, 8, 14, 8, 8, 0, 0, 0, 0, 0, 0, 0, 0, 0, 22]","[0, 2, 1, 2, 1, 2, 4, 2, 8, 5, 4, 70, 66, 45, 53, 15, 50, 37, 70, 33, 0]"
j10,1,stnu,600,True,17,0.8596293926239014,0.01398015022277832,"[0, 0, 0, 1, 2, 3, 8, 6, 12, 6, 3, 0, 0, 0, 0, 0, 0, 0, 0, 0, 17]","""[0, 2, 1, 2, 1, 3, 4, 2, 5, 5, 6, 70, 66, 45, 53, 15, 50, 37, 70, 33, 0]"""
j10,1,proactive_quantile_0.9,600,True,25,0.09318399429321289,0.0010166168212890625,"[0, 0, 0, 4, 2, 4, 8, 8, 14, 8, 8, 0, 0, 0, 0, 0, 0, 0, 0, 0, 70]","""[0, 1, 2, 2, 2, 3, 3, 2, 9, 4, 4, 70, 66, 45, 53, 15, 50, 37, 70, 33, 0]"""
j10,1,reactive,600,True,23,0.09318399429321289,0.07822942733764648,"[0, 0, 0, 4, 2, 4, 8, 8, 14, 8, 8, 0, 0, 0, 0, 0, 0, 0, 0, 0, 23]","[0, 1, 2, 2, 2, 3, 3, 2, 9, 4, 4, 70, 66, 45, 53, 15, 50, 37, 70, 33, 0]"
j10,1,stnu,600,True,15,0.7865738868713379,0.013802766799926758,"[0, 0, 0, 2, 2, 4, 7, 5, 10, 5, 4, 0, 0, 0, 0, 0, 0, 0, 0, 0, 15]","""[0, 1, 2, 2, 2, 1, 3, 2, 5, 4, 7, 70, 66, 45, 53, 15, 50, 37, 70, 33, 0]"""
j10,1,proactive_quantile_0.9,600,True,25,0.3069911003112793,0.0010523796081542969,"[0, 0, 0, 4, 2, 4, 8, 8, 14, 8, 8, 0, 0, 0, 0, 0, 0, 0, 0, 0, 70]","""[0, 2, 2, 2, 1, 4, 6, 2, 10, 4, 2, 70, 66, 45, 53, 15, 50, 37, 70, 33, 0]"""
j10,1,reactive,600,True,24,0.3069911003112793,0.06168365478515625,"[0, 0, 0, 4, 2, 4, 8, 8, 14, 8, 8, 0, 0, 0, 0, 0, 0, 0, 0, 0, 24]","[0, 2, 2, 2, 1, 4, 6, 2, 10, 4, 2, 70, 66, 45, 53, 15, 50, 37, 70, 33, 0]"
j10,1,stnu,600,True,23,0.69938063621521,0.0141448974609375,"[0, 0, 0, 3, 2, 3, 7, 7, 13, 7, 7, 0, 0, 0, 0, 0, 0, 0, 0, 0, 23]","""[0, 2, 2, 2, 1, 4, 6, 2, 10, 4, 2, 70, 66, 45, 53, 15, 50, 37, 70, 33, 0]"""
j10,1,proactive_quantile_0.9,600,True,25,0.0565485954284668,0.0010442733764648438,"[0, 0, 0, 4, 2, 4, 8, 8, 14, 8, 8, 0, 0, 0, 0, 0, 0, 0, 0, 0, 70]","""[0, 1, 1, 2, 2, 4, 2, 2, 9, 5, 4, 70, 66, 45, 53, 15, 50, 37, 70, 33, 0]"""
j10,1,reactive,600,True,23,0.0565485954284668,0.08351826667785645,"[0, 0, 0, 4, 2, 4, 8, 8, 14, 8, 8, 0, 0, 0, 0, 0, 0, 0, 0, 0, 23]","[0, 1, 1, 2, 2, 4, 2, 2, 9, 5, 4, 70, 66, 45, 53, 15, 50, 37, 70, 33, 0]"
j10,1,stnu,600,True,18,0.8368687629699707,0.013799905776977539,"[0, 0, 0, 1, 1, 3, 8, 6, 11, 6, 3, 0, 0, 0, 0, 0, 0, 0, 0, 0, 18]","""[0, 1, 1, 2, 2, 3, 2, 2, 7, 5, 5, 70, 66, 45, 53, 15, 50, 37, 70, 33, 0]"""
j10,1,proactive_quantile_0.9,600,True,25,0.06862568855285645,0.00104522705078125,"[0, 0, 0, 4, 2, 4, 8, 8, 14, 8, 8, 0, 0, 0, 0, 0, 0, 0, 0, 0, 70]","""[0, 1, 1, 1, 2, 1, 5, 1, 7, 5, 3, 70, 66, 45, 53, 15, 50, 37, 70, 33, 0]"""
j10,1,reactive,600,True,21,0.06862568855285645,0.10179853439331055,"[0, 0, 0, 4, 2, 4, 8, 8, 14, 8, 8, 0, 0, 0, 0, 0, 0, 0, 0, 0, 21]","[0, 1, 1, 1, 2, 1, 5, 1, 7, 5, 3, 70, 66, 45, 53, 15, 50, 37, 70, 33, 0]"
j10,1,stnu,600,True,18,0.7931265830993652,0.013560295104980469,"[0, 0, 0, 1, 1, 3, 7, 6, 12, 6, 4, 0, 0, 0, 0, 0, 0, 0, 0, 0, 18]","""[0, 1, 1, 3, 2, 3, 5, 1, 6, 5, 7, 70, 66, 45, 53, 15, 50, 37, 70, 33, 0]"""
j10,1,proactive_quantile_0.9,600,True,25,0.057765960693359375,0.001027822494506836,"[0, 0, 0, 4, 2, 4, 8, 8, 14, 8, 8, 0, 0, 0, 0, 0, 0, 0, 0, 0, 70]","""[0, 1, 1, 2, 1, 2, 3, 2, 10, 4, 4, 70, 66, 45, 53, 15, 50, 37, 70, 33, 0]"""
j10,1,reactive,600,True,24,0.057765960693359375,0.11460995674133301,"[0, 0, 0, 4, 2, 4, 8, 8, 14, 8, 8, 0, 0, 0, 0, 0, 0, 0, 0, 0, 24]","[0, 1, 1, 2, 1, 2, 3, 2, 10, 4, 4, 70, 66, 45, 53, 15, 50, 37, 70, 33, 0]"
j10,1,stnu,600,True,18,0.6842164993286133,0.013442754745483398,"[0, 0, 0, 2, 1, 2, 4, 4, 8, 4, 4, 0, 0, 0, 0, 0, 0, 0, 0, 0, 18]","""[0, 1, 1, 2, 1, 2, 3, 2, 10, 4, 4, 70, 66, 45, 53, 15, 50, 37, 70, 33, 0]"""
j10,1,proactive_quantile_0.9,600,True,44,0.05596208572387695,0.0012164115905761719,"[0, 0, 0, 0, 11, 11, 11, 22, 20, 33, 3, 0, 0, 0, 0, 0, 0, 0, 0, 0, 0, 84]","""[0, 13, 2, 8, 8, 5, 8, 8, 6, 7, 10, 68, 20, 84, 26, 19, 22, 72, 76, 56, 83, 0]"""
j10,1,reactive,600,True,40,0.05596208572387695,0.10836625099182129,"[0, 0, 0, 0, 11, 11, 11, 22, 20, 33, 3, 0, 0, 0, 0, 0, 0, 0, 0, 0, 0, 40]","[0, 13, 2, 8, 8, 5, 8, 8, 6, 7, 10, 68, 20, 84, 26, 19, 22, 72, 76, 56, 83, 0]"
j10,1,stnu,600,False,inf,0.6349198818206787,inf,[],"""[0, 13, 2, 8, 8, 5, 8, 8, 6, 7, 10, 68, 20, 84, 26, 19, 22, 72, 76, 56, 83, 0]"""
j10,1,proactive_quantile_0.9,600,False,inf,0.1309058666229248,inf,"[0, 0, 0, 0, 3, 3, 3, 8, 11, 17, 5, 0, 0, 0, 0, 0, 0, 0, 0, 0, 0, 84]","""[0, 10, 2, 2, 1, 6, 2, 7, 1, 3, 7, 68, 20, 84, 26, 19, 22, 72, 76, 56, 83, 0]"""
j10,1,reactive,600,False,inf,inf,inf,null,"[0, 10, 2, 2, 1, 6, 2, 7, 1, 3, 7, 68, 20, 84, 26, 19, 22, 72, 76, 56, 83, 0]"
j10,1,stnu,600,True,17,0.7202937602996826,0.014424562454223633,"[0, 0, 0, 0, 2, 2, 2, 4, 9, 14, 8, 0, 0, 0, 0, 0, 0, 0, 0, 0, 0, 17]","""[0, 9, 2, 2, 1, 6, 2, 10, 1, 3, 7, 68, 20, 84, 26, 19, 22, 72, 76, 56, 83, 0]"""
j10,1,proactive_quantile_0.9,600,True,18,0.06153607368469238,0.0011489391326904297,"[0, 0, 0, 0, 3, 3, 3, 5, 8, 14, 8, 0, 0, 0, 0, 0, 0, 0, 0, 0, 0, 84]","""[0, 7, 1, 1, 2, 3, 2, 8, 1, 2, 7, 68, 20, 84, 26, 19, 22, 72, 76, 56, 83, 0]"""
j10,1,reactive,600,True,16,0.06153607368469238,0.09205484390258789,"[0, 0, 0, 0, 3, 3, 3, 5, 8, 14, 8, 0, 0, 0, 0, 0, 0, 0, 0, 0, 0, 16]","[0, 7, 1, 1, 2, 3, 2, 8, 1, 2, 7, 68, 20, 84, 26, 19, 22, 72, 76, 56, 83, 0]"
j10,1,stnu,600,True,16,0.6903266906738281,0.014432668685913086,"[0, 0, 0, 0, 1, 1, 1, 3, 7, 13, 4, 0, 0, 0, 0, 0, 0, 0, 0, 0, 0, 16]","""[0, 7, 1, 1, 1, 3, 2, 10, 1, 3, 7, 68, 20, 84, 26, 19, 22, 72, 76, 56, 83, 0]"""
j10,1,proactive_quantile_0.9,600,True,18,0.05414128303527832,0.0012061595916748047,"[0, 0, 0, 0, 3, 3, 3, 5, 8, 14, 8, 0, 0, 0, 0, 0, 0, 0, 0, 0, 0, 84]","""[0, 7, 2, 1, 1, 5, 1, 7, 1, 3, 4, 68, 20, 84, 26, 19, 22, 72, 76, 56, 83, 0]"""
j10,1,reactive,600,True,17,0.05414128303527832,0.12151360511779785,"[0, 0, 0, 0, 3, 3, 3, 5, 8, 14, 8, 0, 0, 0, 0, 0, 0, 0, 0, 0, 0, 17]","[0, 7, 2, 1, 1, 5, 1, 7, 1, 3, 4, 68, 20, 84, 26, 19, 22, 72, 76, 56, 83, 0]"
j10,1,stnu,600,True,16,0.6902902126312256,0.014558792114257812,"[0, 0, 0, 0, 2, 2, 2, 4, 7, 14, 7, 0, 0, 0, 0, 0, 0, 0, 0, 0, 0, 16]","""[0, 7, 2, 2, 2, 5, 1, 10, 1, 2, 4, 68, 20, 84, 26, 19, 22, 72, 76, 56, 83, 0]"""
j10,1,proactive_quantile_0.9,600,True,18,0.05516791343688965,0.0011510848999023438,"[0, 0, 0, 0, 3, 3, 3, 5, 8, 14, 8, 0, 0, 0, 0, 0, 0, 0, 0, 0, 0, 84]","""[0, 7, 1, 2, 1, 4, 2, 9, 1, 3, 5, 68, 20, 84, 26, 19, 22, 72, 76, 56, 83, 0]"""
j10,1,reactive,600,True,17,0.05516791343688965,0.10682225227355957,"[0, 0, 0, 0, 3, 3, 3, 5, 8, 14, 8, 0, 0, 0, 0, 0, 0, 0, 0, 0, 0, 17]","[0, 7, 1, 2, 1, 4, 2, 9, 1, 3, 5, 68, 20, 84, 26, 19, 22, 72, 76, 56, 83, 0]"
j10,1,stnu,600,False,inf,0.6251204013824463,inf,[],"""[0, 10, 1, 10, 9, 6, 9, 9, 6, 11, 8, 68, 20, 84, 26, 19, 22, 72, 76, 56, 83, 0]"""
j10,1,proactive_quantile_0.9,600,False,inf,0.04698753356933594,inf,"[0, 0, 0, 0, 3, 3, 3, 5, 8, 14, 8, 0, 0, 0, 0, 0, 0, 0, 0, 0, 0, 84]","""[0, 5, 2, 1, 2, 6, 2, 7, 2, 2, 6, 68, 20, 84, 26, 19, 22, 72, 76, 56, 83, 0]"""
j10,1,reactive,600,False,inf,inf,inf,null,"[0, 5, 2, 1, 2, 6, 2, 7, 2, 2, 6, 68, 20, 84, 26, 19, 22, 72, 76, 56, 83, 0]"
j10,1,stnu,600,True,16,0.7957072257995605,0.014287710189819336,"[0, 0, 0, 0, 2, 2, 2, 4, 8, 14, 8, 0, 0, 0, 0, 0, 0, 0, 0, 0, 0, 16]","""[0, 5, 2, 2, 2, 6, 2, 10, 2, 2, 6, 68, 20, 84, 26, 19, 22, 72, 76, 56, 83, 0]"""
j10,1,proactive_quantile_0.9,600,True,44,0.06492257118225098,0.0012154579162597656,"[0, 0, 0, 0, 11, 11, 11, 22, 20, 33, 3, 0, 0, 0, 0, 0, 0, 0, 0, 0, 0, 84]","""[0, 10, 1, 8, 9, 6, 10, 11, 6, 9, 7, 68, 20, 84, 26, 19, 22, 72, 76, 56, 83, 0]"""
j10,1,reactive,600,True,42,0.06492257118225098,0.08423829078674316,"[0, 0, 0, 0, 11, 11, 11, 22, 20, 33, 3, 0, 0, 0, 0, 0, 0, 0, 0, 0, 0, 42]","[0, 10, 1, 8, 9, 6, 10, 11, 6, 9, 7, 68, 20, 84, 26, 19, 22, 72, 76, 56, 83, 0]"
j10,1,stnu,600,True,19,0.6879665851593018,0.014344453811645508,"[0, 0, 0, 0, 1, 1, 1, 3, 10, 10, 4, 0, 0, 0, 0, 0, 0, 0, 0, 0, 0, 19]","""[0, 10, 1, 1, 1, 3, 2, 7, 2, 9, 6, 68, 20, 84, 26, 19, 22, 72, 76, 56, 83, 0]"""
j10,1,proactive_quantile_0.9,600,True,44,0.05587887763977051,0.0012493133544921875,"[0, 0, 0, 0, 11, 11, 11, 22, 20, 33, 3, 0, 0, 0, 0, 0, 0, 0, 0, 0, 0, 84]","""[0, 11, 3, 11, 9, 5, 10, 10, 5, 8, 7, 68, 20, 84, 26, 19, 22, 72, 76, 56, 83, 0]"""
j10,1,reactive,600,True,41,0.05587887763977051,0.05955195426940918,"[0, 0, 0, 0, 11, 11, 11, 22, 20, 33, 3, 0, 0, 0, 0, 0, 0, 0, 0, 0, 0, 41]","[0, 11, 3, 11, 9, 5, 10, 10, 5, 8, 7, 68, 20, 84, 26, 19, 22, 72, 76, 56, 83, 0]"
j10,1,stnu,600,False,inf,0.5945491790771484,inf,[],"""[0, 11, 3, 11, 9, 5, 10, 10, 5, 8, 7, 68, 20, 84, 26, 19, 22, 72, 76, 56, 83, 0]"""
j10,1,proactive_quantile_0.9,600,True,18,0.05134153366088867,0.0011572837829589844,"[0, 0, 0, 0, 3, 3, 3, 5, 8, 14, 8, 0, 0, 0, 0, 0, 0, 0, 0, 0, 0, 84]","""[0, 7, 2, 2, 1, 3, 2, 8, 2, 2, 5, 68, 20, 84, 26, 19, 22, 72, 76, 56, 83, 0]"""
j10,1,reactive,600,True,16,0.05134153366088867,0.11561799049377441,"[0, 0, 0, 0, 3, 3, 3, 5, 8, 14, 8, 0, 0, 0, 0, 0, 0, 0, 0, 0, 0, 16]","[0, 7, 2, 2, 1, 3, 2, 8, 2, 2, 5, 68, 20, 84, 26, 19, 22, 72, 76, 56, 83, 0]"
j10,1,stnu,600,False,inf,0.6190669536590576,inf,[],"""[0, 9, 2, 8, 8, 5, 11, 9, 5, 8, 7, 68, 20, 84, 26, 19, 22, 72, 76, 56, 83, 0]"""
j10,1,proactive_quantile_0.9,600,True,44,0.0673370361328125,0.0013091564178466797,"[0, 0, 0, 0, 11, 11, 11, 22, 20, 33, 3, 0, 0, 0, 0, 0, 0, 0, 0, 0, 0, 84]","""[0, 11, 1, 11, 8, 7, 10, 9, 7, 9, 5, 68, 20, 84, 26, 19, 22, 72, 76, 56, 83, 0]"""
j10,1,reactive,600,True,42,0.0673370361328125,0.08864116668701172,"[0, 0, 0, 0, 11, 11, 11, 22, 20, 33, 3, 0, 0, 0, 0, 0, 0, 0, 0, 0, 0, 42]","[0, 11, 1, 11, 8, 7, 10, 9, 7, 9, 5, 68, 20, 84, 26, 19, 22, 72, 76, 56, 83, 0]"
j10,1,stnu,600,False,inf,0.6239707469940186,inf,[],"""[0, 11, 1, 11, 8, 7, 10, 9, 7, 9, 5, 68, 20, 84, 26, 19, 22, 72, 76, 56, 83, 0]"""
j10,1,proactive_quantile_0.9,600,True,29,0.07622194290161133,0.0006787776947021484,"[0, 0, 0, 3, 15, 9, 9, 11, 21, 17, 16, 0, 0, 0, 0, 0, 0, 0, 67]","""[0, 2, 9, 5, 4, 5, 5, 6, 8, 5, 2, 3, 15, 36, 67, 39, 26, 59, 0]"""
j10,1,reactive,600,True,29,0.07622194290161133,0.11114740371704102,"[0, 0, 0, 3, 15, 9, 9, 11, 21, 17, 16, 0, 0, 0, 0, 0, 0, 0, 29]","[0, 2, 9, 5, 4, 5, 5, 6, 8, 5, 2, 3, 15, 36, 67, 39, 26, 59, 0]"
j10,1,stnu,600,True,24,0.6423399448394775,0.010763883590698242,"[0, 0, 0, 2, 12, 7, 7, 9, 16, 15, 12, 0, 0, 0, 0, 0, 0, 0, 24]","""[0, 2, 9, 5, 4, 5, 5, 6, 8, 5, 2, 3, 15, 36, 67, 39, 26, 59, 0]"""
j10,1,proactive_quantile_0.9,600,True,29,0.06173586845397949,0.0006792545318603516,"[0, 0, 0, 3, 15, 9, 9, 11, 21, 17, 16, 0, 0, 0, 0, 0, 0, 0, 67]","""[0, 1, 11, 3, 5, 6, 4, 6, 8, 3, 1, 3, 15, 36, 67, 39, 26, 59, 0]"""
j10,1,reactive,600,True,28,0.06173586845397949,0.07897067070007324,"[0, 0, 0, 3, 15, 9, 9, 11, 20, 17, 16, 0, 0, 0, 0, 0, 0, 0, 28]","[0, 1, 11, 3, 5, 6, 4, 6, 8, 3, 1, 3, 15, 36, 67, 39, 26, 59, 0]"
j10,1,stnu,600,True,24,0.6675541400909424,0.010963916778564453,"[0, 0, 0, 1, 11, 5, 5, 11, 16, 17, 11, 0, 0, 0, 0, 0, 0, 0, 24]","""[0, 1, 11, 4, 5, 6, 4, 6, 8, 3, 1, 3, 15, 36, 67, 39, 26, 59, 0]"""
j10,1,proactive_quantile_0.9,600,True,21,0.15604734420776367,0.0006506443023681641,"[0, 0, 0, 0, 11, 7, 7, 15, 17, 18, 13, 0, 0, 0, 0, 0, 0, 0, 67]","""[0, 2, 9, 5, 5, 5, 4, 2, 4, 2, 2, 3, 15, 36, 67, 39, 26, 59, 0]"""
j10,1,reactive,600,True,20,0.15604734420776367,0.10350918769836426,"[0, 0, 0, 0, 11, 7, 7, 15, 16, 17, 13, 0, 0, 0, 0, 0, 0, 0, 20]","[0, 2, 9, 5, 5, 5, 4, 2, 4, 2, 2, 3, 15, 36, 67, 39, 26, 59, 0]"
j10,1,stnu,600,True,23,0.7412948608398438,0.010944366455078125,"[0, 0, 0, 3, 12, 8, 8, 11, 17, 15, 13, 0, 0, 0, 0, 0, 0, 0, 23]","""[0, 3, 11, 5, 5, 5, 4, 4, 6, 5, 1, 3, 15, 36, 67, 39, 26, 59, 0]"""
j10,1,proactive_quantile_0.9,600,True,21,0.15546822547912598,0.0007975101470947266,"[0, 0, 0, 0, 11, 7, 7, 15, 17, 18, 13, 0, 0, 0, 0, 0, 0, 0, 67]","""[0, 2, 11, 6, 3, 3, 4, 2, 4, 2, 1, 3, 15, 36, 67, 39, 26, 59, 0]"""
j10,1,reactive,600,True,18,0.15546822547912598,0.1473684310913086,"[0, 0, 0, 0, 11, 7, 7, 11, 14, 13, 13, 0, 0, 0, 0, 0, 0, 0, 18]","[0, 2, 11, 6, 3, 3, 4, 2, 4, 2, 1, 3, 15, 36, 67, 39, 26, 59, 0]"
j10,1,stnu,600,True,22,0.7704911231994629,0.010833263397216797,"[0, 0, 0, 3, 12, 8, 8, 9, 15, 15, 12, 0, 0, 0, 0, 0, 0, 0, 22]","""[0, 3, 9, 5, 3, 3, 4, 6, 7, 6, 2, 3, 15, 36, 67, 39, 26, 59, 0]"""
j10,1,proactive_quantile_0.9,600,True,29,0.06273150444030762,0.0006759166717529297,"[0, 0, 0, 3, 15, 9, 9, 11, 21, 17, 16, 0, 0, 0, 0, 0, 0, 0, 67]","""[0, 2, 10, 4, 3, 4, 6, 3, 5, 6, 2, 3, 15, 36, 67, 39, 26, 59, 0]"""
j10,1,reactive,600,True,26,0.06273150444030762,0.14728617668151855,"[0, 0, 0, 3, 15, 9, 9, 11, 21, 17, 16, 0, 0, 0, 0, 0, 0, 0, 26]","[0, 2, 10, 4, 3, 4, 6, 3, 5, 6, 2, 3, 15, 36, 67, 39, 26, 59, 0]"
j10,1,stnu,600,True,21,0.666785478591919,0.010900735855102539,"[0, 0, 0, 2, 13, 7, 7, 10, 16, 13, 13, 0, 0, 0, 0, 0, 0, 0, 21]","""[0, 2, 10, 5, 3, 4, 6, 3, 5, 6, 2, 3, 15, 36, 67, 39, 26, 59, 0]"""
j10,1,proactive_quantile_0.9,600,True,29,0.06443524360656738,0.0007123947143554688,"[0, 0, 0, 3, 15, 9, 9, 11, 21, 17, 16, 0, 0, 0, 0, 0, 0, 0, 67]","""[0, 2, 11, 4, 5, 7, 3, 6, 6, 5, 1, 3, 15, 36, 67, 39, 26, 59, 0]"""
j10,1,reactive,600,True,27,0.06443524360656738,0.0899820327758789,"[0, 0, 0, 3, 15, 9, 9, 11, 21, 17, 16, 0, 0, 0, 0, 0, 0, 0, 27]","[0, 2, 11, 4, 5, 7, 3, 6, 6, 5, 1, 3, 15, 36, 67, 39, 26, 59, 0]"
j10,1,stnu,600,True,22,0.8129045963287354,0.010762453079223633,"[0, 0, 0, 2, 11, 7, 7, 11, 16, 17, 14, 0, 0, 0, 0, 0, 0, 0, 22]","""[0, 2, 11, 5, 5, 7, 3, 6, 6, 5, 1, 3, 15, 36, 67, 39, 26, 59, 0]"""
j10,1,proactive_quantile_0.9,600,True,29,0.062325239181518555,0.0007071495056152344,"[0, 0, 0, 3, 15, 9, 9, 11, 21, 17, 16, 0, 0, 0, 0, 0, 0, 0, 67]","""[0, 2, 8, 5, 5, 6, 4, 3, 7, 6, 1, 3, 15, 36, 67, 39, 26, 59, 0]"""
j10,1,reactive,600,True,28,0.062325239181518555,0.15860509872436523,"[0, 0, 0, 3, 15, 9, 9, 11, 21, 17, 16, 0, 0, 0, 0, 0, 0, 0, 28]","[0, 2, 8, 5, 5, 6, 4, 3, 7, 6, 1, 3, 15, 36, 67, 39, 26, 59, 0]"
j10,1,stnu,600,True,25,0.6925475597381592,0.010883331298828125,"[0, 0, 0, 2, 13, 9, 9, 9, 18, 15, 15, 0, 0, 0, 0, 0, 0, 0, 25]","""[0, 2, 8, 7, 5, 6, 4, 3, 7, 6, 1, 3, 15, 36, 67, 39, 26, 59, 0]"""
j10,1,proactive_quantile_0.9,600,True,29,0.06002378463745117,0.0006971359252929688,"[0, 0, 0, 3, 15, 9, 9, 11, 21, 17, 16, 0, 0, 0, 0, 0, 0, 0, 67]","""[0, 2, 7, 5, 4, 6, 5, 7, 6, 6, 3, 3, 15, 36, 67, 39, 26, 59, 0]"""
j10,1,reactive,600,False,inf,inf,inf,null,"[0, 2, 7, 5, 4, 6, 5, 7, 6, 6, 3, 3, 15, 36, 67, 39, 26, 59, 0]"
j10,1,stnu,600,True,24,0.7699129581451416,0.01076507568359375,"[0, 0, 0, 2, 14, 9, 9, 9, 18, 16, 15, 0, 0, 0, 0, 0, 0, 0, 24]","""[0, 2, 7, 7, 4, 6, 5, 7, 6, 6, 3, 3, 15, 36, 67, 39, 26, 59, 0]"""
j10,1,proactive_quantile_0.9,600,True,29,0.06880354881286621,0.0006585121154785156,"[0, 0, 0, 3, 15, 9, 9, 11, 21, 17, 16, 0, 0, 0, 0, 0, 0, 0, 67]","""[0, 1, 9, 4, 2, 6, 6, 3, 5, 5, 1, 3, 15, 36, 67, 39, 26, 59, 0]"""
j10,1,reactive,600,True,26,0.06880354881286621,0.14540767669677734,"[0, 0, 0, 3, 15, 9, 9, 11, 21, 17, 16, 0, 0, 0, 0, 0, 0, 0, 26]","[0, 1, 9, 4, 2, 6, 6, 3, 5, 5, 1, 3, 15, 36, 67, 39, 26, 59, 0]"
j10,1,stnu,600,True,18,0.6625237464904785,0.010969400405883789,"[0, 0, 0, 1, 11, 5, 5, 9, 13, 12, 11, 0, 0, 0, 0, 0, 0, 0, 18]","""[0, 1, 9, 4, 2, 6, 6, 3, 5, 5, 1, 3, 15, 36, 67, 39, 26, 59, 0]"""
j10,1,proactive_quantile_0.9,600,True,21,0.10031008720397949,0.0006613731384277344,"[0, 0, 0, 0, 11, 7, 7, 15, 17, 18, 13, 0, 0, 0, 0, 0, 0, 0, 67]","""[0, 2, 7, 6, 5, 4, 5, 1, 4, 2, 2, 3, 15, 36, 67, 39, 26, 59, 0]"""
j10,1,reactive,600,True,20,0.10031008720397949,0.10390281677246094,"[0, 0, 0, 0, 11, 7, 7, 15, 16, 16, 13, 0, 0, 0, 0, 0, 0, 0, 20]","[0, 2, 7, 6, 5, 4, 5, 1, 4, 2, 2, 3, 15, 36, 67, 39, 26, 59, 0]"
j10,1,stnu,600,True,25,0.7513649463653564,0.010902166366577148,"[0, 0, 0, 3, 15, 10, 10, 10, 20, 15, 15, 0, 0, 0, 0, 0, 0, 0, 25]","""[0, 3, 7, 7, 5, 4, 5, 5, 5, 3, 1, 3, 15, 36, 67, 39, 26, 59, 0]"""
j10,1,proactive_quantile_0.9,600,True,46,0.052130937576293945,0.0004017353057861328,"[0, 0, 0, 0, 7, 11, 20, 11, 29, 20, 38, 0, 0, 0, 47]","""[0, 1, 4, 6, 2, 7, 8, 3, 6, 6, 9, 38, 15, 47, 0]"""
j10,1,reactive,600,True,47,0.052130937576293945,0.1396503448486328,"[0, 0, 0, 0, 7, 11, 20, 11, 29, 20, 38, 0, 0, 0, 47]","[0, 1, 4, 6, 2, 7, 8, 3, 6, 6, 9, 38, 15, 47, 0]"
j10,1,stnu,600,False,inf,0.6531517505645752,inf,[],"""[0, 3, 4, 1, 2, 1, 11, 3, 6, 4, 1, 38, 15, 47, 0]"""
j10,1,proactive_quantile_0.9,600,True,22,0.04253506660461426,0.00040531158447265625,"[0, 0, 0, 0, 7, 3, 3, 11, 15, 15, 15, 0, 0, 0, 47]","""[0, 1, 5, 2, 2, 2, 9, 2, 5, 6, 1, 38, 15, 47, 0]"""
j10,1,reactive,600,True,21,0.04253506660461426,0.1127166748046875,"[0, 0, 0, 0, 7, 3, 3, 11, 15, 15, 15, 0, 0, 0, 21]","[0, 1, 5, 2, 2, 2, 9, 2, 5, 6, 1, 38, 15, 47, 0]"
j10,1,stnu,600,False,inf,0.6489112377166748,inf,[],"""[0, 2, 7, 9, 2, 6, 7, 2, 7, 4, 7, 38, 15, 47, 0]"""
j10,1,proactive_quantile_0.9,600,True,26,0.14943885803222656,0.0003936290740966797,"[0, 0, 0, 0, 7, 3, 3, 11, 15, 15, 14, 0, 0, 0, 47]","""[0, 1, 4, 2, 3, 2, 10, 2, 12, 5, 7, 38, 15, 47, 0]"""
j10,1,reactive,600,True,27,0.14943885803222656,0.12647271156311035,"[0, 0, 0, 0, 7, 3, 3, 11, 15, 15, 14, 0, 0, 0, 27]","[0, 1, 4, 2, 3, 2, 10, 2, 12, 5, 7, 38, 15, 47, 0]"
j10,1,stnu,600,False,inf,0.6106464862823486,inf,[],"""[0, 1, 7, 6, 3, 6, 7, 2, 7, 4, 7, 38, 15, 47, 0]"""
j10,1,proactive_quantile_0.9,600,True,46,0.04909253120422363,0.00040030479431152344,"[0, 0, 0, 0, 7, 11, 20, 11, 29, 20, 38, 0, 0, 0, 47]","""[0, 2, 6, 7, 3, 5, 7, 2, 7, 7, 7, 38, 15, 47, 0]"""
j10,1,reactive,600,True,45,0.04909253120422363,0.12698888778686523,"[0, 0, 0, 0, 7, 11, 20, 11, 29, 20, 38, 0, 0, 0, 45]","[0, 2, 6, 7, 3, 5, 7, 2, 7, 7, 7, 38, 15, 47, 0]"
j10,1,stnu,600,False,inf,0.7122361660003662,inf,[],"""[0, 2, 9, 7, 3, 5, 7, 2, 7, 7, 7, 38, 15, 47, 0]"""
j10,1,proactive_quantile_0.9,600,True,46,0.05498075485229492,0.0004353523254394531,"[0, 0, 0, 0, 7, 11, 20, 11, 29, 20, 38, 0, 0, 0, 47]","""[0, 2, 6, 7, 2, 8, 8, 3, 8, 6, 8, 38, 15, 47, 0]"""
j10,1,reactive,600,True,45,0.05498075485229492,0.15153813362121582,"[0, 0, 0, 0, 7, 11, 20, 11, 29, 20, 37, 0, 0, 0, 45]","[0, 2, 6, 7, 2, 8, 8, 3, 8, 6, 8, 38, 15, 47, 0]"
j10,1,stnu,600,False,inf,0.6247167587280273,inf,[],"""[0, 2, 6, 7, 2, 8, 8, 3, 8, 6, 8, 38, 15, 47, 0]"""
j10,1,proactive_quantile_0.9,600,True,26,0.14829659461975098,0.0004181861877441406,"[0, 0, 0, 0, 7, 3, 3, 11, 15, 15, 14, 0, 0, 0, 47]","""[0, 1, 5, 3, 3, 3, 11, 4, 9, 4, 8, 38, 15, 47, 0]"""
j10,1,reactive,600,True,24,0.14829659461975098,0.06314444541931152,"[0, 0, 0, 0, 7, 3, 3, 11, 15, 15, 14, 0, 0, 0, 24]","[0, 1, 5, 3, 3, 3, 11, 4, 9, 4, 8, 38, 15, 47, 0]"
j10,1,stnu,600,False,inf,0.6021225452423096,inf,[],"""[0, 1, 5, 8, 3, 8, 8, 4, 8, 5, 8, 38, 15, 47, 0]"""
j10,1,proactive_quantile_0.9,600,True,26,0.14889264106750488,0.0003974437713623047,"[0, 0, 0, 0, 7, 3, 3, 11, 15, 15, 14, 0, 0, 0, 47]","""[0, 2, 5, 1, 3, 2, 8, 3, 10, 5, 7, 38, 15, 47, 0]"""
j10,1,reactive,600,True,25,0.14889264106750488,0.13492512702941895,"[0, 0, 0, 0, 7, 3, 3, 11, 15, 15, 14, 0, 0, 0, 25]","[0, 2, 5, 1, 3, 2, 8, 3, 10, 5, 7, 38, 15, 47, 0]"
j10,1,stnu,600,False,inf,0.5981197357177734,inf,[],"""[0, 2, 7, 7, 3, 7, 8, 3, 8, 7, 7, 38, 15, 47, 0]"""
j10,1,proactive_quantile_0.9,600,True,26,0.15692448616027832,0.00040149688720703125,"[0, 0, 0, 0, 7, 3, 3, 11, 15, 15, 14, 0, 0, 0, 47]","""[0, 2, 5, 3, 1, 3, 9, 2, 8, 4, 7, 38, 15, 47, 0]"""
j10,1,reactive,600,True,23,0.15692448616027832,0.10207843780517578,"[0, 0, 0, 0, 7, 3, 3, 11, 15, 15, 14, 0, 0, 0, 23]","[0, 2, 5, 3, 1, 3, 9, 2, 8, 4, 7, 38, 15, 47, 0]"
j10,1,stnu,600,False,inf,0.7387497425079346,inf,[],"""[0, 2, 5, 1, 1, 3, 9, 2, 5, 4, 2, 38, 15, 47, 0]"""
j10,1,proactive_quantile_0.9,600,True,26,0.158308744430542,0.000400543212890625,"[0, 0, 0, 0, 7, 3, 3, 11, 15, 15, 14, 0, 0, 0, 47]","""[0, 2, 4, 1, 3, 2, 8, 3, 9, 6, 5, 38, 15, 47, 0]"""
j10,1,reactive,600,True,24,0.158308744430542,0.10445475578308105,"[0, 0, 0, 0, 7, 3, 3, 11, 15, 15, 14, 0, 0, 0, 24]","[0, 2, 4, 1, 3, 2, 8, 3, 9, 6, 5, 38, 15, 47, 0]"
j10,1,stnu,600,False,inf,0.721571683883667,inf,[],"""[0, 3, 4, 2, 3, 2, 8, 3, 6, 6, 2, 38, 15, 47, 0]"""
j10,1,proactive_quantile_0.9,600,False,inf,0.050742149353027344,inf,"[0, 0, 0, 0, 7, 11, 20, 11, 29, 20, 38, 0, 0, 0, 47]","""[0, 2, 8, 6, 3, 7, 10, 2, 7, 6, 6, 38, 15, 47, 0]"""
j10,1,reactive,600,False,inf,inf,inf,null,"[0, 2, 8, 6, 3, 7, 10, 2, 7, 6, 6, 38, 15, 47, 0]"
j10,1,stnu,600,False,inf,0.6415286064147949,inf,[],"""[0, 2, 9, 6, 3, 7, 10, 2, 7, 6, 6, 38, 15, 47, 0]"""
j10,1,proactive_quantile_0.9,600,True,35,0.05542612075805664,0.00031447410583496094,"[0, 0, 0, 0, 4, 10, 14, 21, 10, 14, 28, 0, 61]","""[0, 1, 1, 4, 3, 2, 6, 6, 4, 5, 4, 61, 0]"""
j10,1,reactive,600,True,32,0.05542612075805664,0.13455438613891602,"[0, 0, 0, 0, 4, 10, 14, 21, 10, 14, 28, 0, 32]","[0, 1, 1, 4, 3, 2, 6, 6, 4, 5, 4, 61, 0]"
j10,1,stnu,600,True,22,0.6809978485107422,0.005630970001220703,"[0, 0, 0, 0, 1, 4, 6, 12, 4, 6, 18, 0, 22]","""[0, 1, 1, 4, 3, 2, 6, 6, 4, 5, 4, 61, 0]"""
j10,1,proactive_quantile_0.9,600,True,20,0.0633387565612793,0.00027942657470703125,"[0, 0, 0, 0, 3, 6, 10, 12, 6, 15, 15, 0, 61]","""[0, 2, 2, 3, 3, 3, 2, 2, 1, 4, 4, 61, 0]"""
j10,1,reactive,600,True,19,0.0633387565612793,0.10714554786682129,"[0, 0, 0, 0, 3, 6, 10, 12, 6, 15, 15, 0, 19]","[0, 2, 2, 3, 3, 3, 2, 2, 1, 4, 4, 61, 0]"
j10,1,stnu,600,True,29,0.6620779037475586,0.005589008331298828,"[0, 0, 0, 0, 3, 8, 11, 18, 8, 11, 23, 0, 29]","""[0, 3, 2, 4, 5, 3, 7, 5, 3, 7, 6, 61, 0]"""
j10,1,proactive_quantile_0.9,600,True,20,0.06316876411437988,0.0002987384796142578,"[0, 0, 0, 0, 3, 6, 10, 12, 6, 15, 15, 0, 61]","""[0, 2, 2, 3, 2, 4, 1, 2, 2, 4, 4, 61, 0]"""
j10,1,reactive,600,True,19,0.06316876411437988,0.1081705093383789,"[0, 0, 0, 0, 3, 6, 10, 12, 6, 15, 15, 0, 19]","[0, 2, 2, 3, 2, 4, 1, 2, 2, 4, 4, 61, 0]"
j10,1,stnu,600,True,29,0.6927440166473389,0.005494117736816406,"[0, 0, 0, 0, 3, 8, 12, 18, 8, 12, 24, 0, 29]","""[0, 3, 1, 3, 5, 4, 6, 6, 4, 5, 5, 61, 0]"""
j10,1,proactive_quantile_0.9,600,True,35,0.05725598335266113,0.0002994537353515625,"[0, 0, 0, 0, 4, 10, 14, 21, 10, 14, 28, 0, 61]","""[0, 4, 1, 4, 3, 3, 8, 6, 4, 4, 4, 61, 0]"""
j10,1,reactive,600,False,inf,inf,inf,null,"[0, 4, 1, 4, 3, 3, 8, 6, 4, 4, 4, 61, 0]"
j10,1,stnu,600,True,28,0.6521663665771484,0.00555872917175293,"[0, 0, 0, 0, 4, 7, 10, 18, 7, 10, 24, 0, 28]","""[0, 4, 1, 4, 3, 3, 8, 6, 4, 4, 4, 61, 0]"""
j10,1,proactive_quantile_0.9,600,True,35,0.06437277793884277,0.00029206275939941406,"[0, 0, 0, 0, 4, 10, 14, 21, 10, 14, 28, 0, 61]","""[0, 1, 2, 6, 4, 3, 5, 4, 4, 6, 6, 61, 0]"""
j10,1,reactive,600,True,34,0.06437277793884277,0.1264200210571289,"[0, 0, 0, 0, 4, 10, 14, 21, 10, 14, 28, 0, 34]","[0, 1, 2, 6, 4, 3, 5, 4, 4, 6, 6, 61, 0]"
j10,1,stnu,600,True,25,0.6432404518127441,0.005543708801269531,"[0, 0, 0, 0, 2, 6, 9, 15, 6, 9, 19, 0, 25]","""[0, 1, 2, 6, 4, 3, 5, 4, 4, 6, 6, 61, 0]"""
j10,1,proactive_quantile_0.9,600,True,35,0.06306910514831543,0.00028443336486816406,"[0, 0, 0, 0, 4, 10, 14, 21, 10, 14, 28, 0, 61]","""[0, 4, 2, 7, 3, 2, 4, 6, 4, 6, 8, 61, 0]"""
j10,1,reactive,600,True,36,0.06306910514831543,0.09886956214904785,"[0, 0, 0, 0, 4, 10, 14, 21, 10, 14, 28, 0, 36]","[0, 4, 2, 7, 3, 2, 4, 6, 4, 6, 8, 61, 0]"
j10,1,stnu,600,True,18,0.7741034030914307,0.005593538284301758,"[0, 0, 0, 0, 2, 4, 6, 8, 4, 10, 10, 0, 18]","""[0, 1, 2, 3, 2, 2, 2, 2, 2, 4, 8, 61, 0]"""
j10,1,proactive_quantile_0.9,600,True,25,0.1485748291015625,0.00027871131896972656,"[0, 0, 0, 0, 3, 6, 13, 15, 6, 13, 18, 0, 61]","""[0, 3, 2, 2, 2, 4, 2, 3, 5, 5, 4, 61, 0]"""
j10,1,reactive,600,True,22,0.1485748291015625,0.07925939559936523,"[0, 0, 0, 0, 3, 6, 13, 15, 6, 13, 18, 0, 22]","[0, 3, 2, 2, 2, 4, 2, 3, 5, 5, 4, 61, 0]"
j10,1,stnu,600,True,25,0.6339991092681885,0.0055844783782958984,"[0, 0, 0, 0, 3, 9, 12, 17, 9, 12, 21, 0, 25]","""[0, 3, 3, 7, 6, 3, 5, 4, 5, 5, 4, 61, 0]"""
j10,1,proactive_quantile_0.9,600,True,35,0.06568717956542969,0.00028967857360839844,"[0, 0, 0, 0, 4, 10, 14, 21, 10, 14, 28, 0, 61]","""[0, 1, 1, 5, 4, 2, 7, 5, 5, 6, 4, 61, 0]"""
j10,1,reactive,600,True,32,0.06568717956542969,0.11224174499511719,"[0, 0, 0, 0, 4, 10, 14, 21, 10, 14, 28, 0, 32]","[0, 1, 1, 5, 4, 2, 7, 5, 5, 6, 4, 61, 0]"
j10,1,stnu,600,True,23,0.6731901168823242,0.005551815032958984,"[0, 0, 0, 0, 1, 5, 7, 14, 5, 7, 19, 0, 23]","""[0, 1, 1, 5, 4, 2, 7, 5, 5, 6, 4, 61, 0]"""
j10,1,proactive_quantile_0.9,600,True,35,0.06369328498840332,0.0002944469451904297,"[0, 0, 0, 0, 4, 10, 14, 21, 10, 14, 28, 0, 61]","""[0, 3, 2, 5, 5, 1, 5, 5, 3, 5, 8, 61, 0]"""
j10,1,reactive,600,True,36,0.06369328498840332,0.1090540885925293,"[0, 0, 0, 0, 4, 10, 14, 21, 10, 14, 28, 0, 36]","[0, 3, 2, 5, 5, 1, 5, 5, 3, 5, 8, 61, 0]"
j10,1,stnu,600,True,27,0.7368173599243164,0.0055694580078125,"[0, 0, 0, 0, 3, 8, 9, 14, 8, 9, 19, 0, 27]","""[0, 3, 2, 5, 5, 1, 5, 5, 3, 5, 8, 61, 0]"""
j10,1,proactive_quantile_0.9,600,True,35,0.06614565849304199,0.00029540061950683594,"[0, 0, 0, 0, 4, 10, 14, 21, 10, 14, 28, 0, 61]","""[0, 2, 2, 4, 5, 2, 6, 5, 4, 4, 5, 61, 0]"""
j10,1,reactive,600,True,33,0.06614565849304199,0.11946940422058105,"[0, 0, 0, 0, 4, 10, 14, 21, 10, 14, 28, 0, 33]","[0, 2, 2, 4, 5, 2, 6, 5, 4, 4, 5, 61, 0]"
j10,1,stnu,600,True,25,0.7039542198181152,0.0055391788482666016,"[0, 0, 0, 0, 2, 7, 9, 15, 7, 9, 20, 0, 25]","""[0, 2, 2, 4, 5, 2, 6, 5, 4, 4, 5, 61, 0]"""
j10,1,proactive_quantile_0.9,600,True,29,0.051419973373413086,0.000484466552734375,"[0, 4, 0, 0, 12, 15, 4, 4, 18, 15, 7, 0, 0, 0, 84]","""[0, 7, 5, 4, 2, 1, 6, 9, 9, 4, 5, 51, 12, 84, 0]"""
j10,1,reactive,600,True,27,0.051419973373413086,0.06340360641479492,"[0, 4, 0, 0, 12, 15, 4, 4, 18, 15, 7, 0, 0, 0, 27]","[0, 7, 5, 4, 2, 1, 6, 9, 9, 4, 5, 51, 12, 84, 0]"
j10,1,stnu,600,False,inf,0.7675909996032715,inf,[],"""[0, 2, 3, 4, 2, 2, 6, 9, 3, 4, 2, 51, 12, 84, 0]"""
j10,1,proactive_quantile_0.9,600,True,29,0.053765058517456055,0.00048828125,"[0, 4, 0, 0, 12, 15, 4, 4, 18, 15, 7, 0, 0, 0, 84]","""[0, 6, 5, 3, 3, 3, 6, 9, 8, 3, 7, 51, 12, 84, 0]"""
j10,1,reactive,600,True,26,0.053765058517456055,0.06767964363098145,"[0, 4, 0, 0, 12, 15, 4, 4, 18, 15, 7, 0, 0, 0, 26]","[0, 6, 5, 3, 3, 3, 6, 9, 8, 3, 7, 51, 12, 84, 0]"
j10,1,stnu,600,True,29,0.7812402248382568,0.00670313835144043,"[0, 3, 0, 0, 9, 18, 3, 3, 21, 18, 5, 0, 0, 0, 29]","""[0, 6, 5, 3, 9, 3, 6, 8, 8, 3, 7, 51, 12, 84, 0]"""
j10,1,proactive_quantile_0.9,600,True,20,0.14230012893676758,0.00046443939208984375,"[0, 0, 0, 0, 8, 14, 4, 4, 16, 15, 4, 0, 0, 0, 84]","""[0, 5, 2, 3, 2, 1, 2, 10, 2, 3, 4, 51, 12, 84, 0]"""
j10,1,reactive,600,True,18,0.14230012893676758,0.14689397811889648,"[0, 0, 0, 0, 8, 14, 4, 4, 16, 15, 4, 0, 0, 0, 18]","[0, 5, 2, 3, 2, 1, 2, 10, 2, 3, 4, 51, 12, 84, 0]"
j10,1,stnu,600,True,25,0.6908912658691406,0.006829023361206055,"[0, 3, 0, 0, 8, 14, 3, 3, 17, 14, 4, 0, 0, 0, 25]","""[0, 5, 4, 3, 6, 3, 4, 9, 8, 4, 4, 51, 12, 84, 0]"""
j10,1,proactive_quantile_0.9,600,True,29,0.04648399353027344,0.0005116462707519531,"[0, 4, 0, 0, 12, 15, 4, 4, 18, 15, 7, 0, 0, 0, 84]","""[0, 8, 5, 2, 2, 3, 7, 7, 11, 5, 6, 51, 12, 84, 0]"""
j10,1,reactive,600,True,29,0.04648399353027344,0.06576776504516602,"[0, 4, 0, 0, 12, 15, 4, 4, 18, 15, 7, 0, 0, 0, 29]","[0, 8, 5, 2, 2, 3, 7, 7, 11, 5, 6, 51, 12, 84, 0]"
j10,1,stnu,600,True,34,0.6931884288787842,0.006845712661743164,"[0, 2, 0, 0, 10, 20, 2, 2, 23, 20, 5, 0, 0, 0, 34]","""[0, 8, 5, 2, 10, 3, 7, 9, 11, 5, 6, 51, 12, 84, 0]"""
j10,1,proactive_quantile_0.9,600,True,17,0.06075930595397949,0.0004687309265136719,"[0, 4, 0, 0, 7, 10, 4, 4, 12, 13, 4, 0, 0, 0, 84]","""[0, 3, 2, 2, 2, 1, 2, 7, 2, 4, 3, 51, 12, 84, 0]"""
j10,1,reactive,600,True,15,0.06075930595397949,0.0986640453338623,"[0, 4, 0, 0, 7, 10, 4, 4, 12, 11, 4, 0, 0, 0, 15]","[0, 3, 2, 2, 2, 1, 2, 7, 2, 4, 3, 51, 12, 84, 0]"
j10,1,stnu,600,True,28,0.6959643363952637,0.006803035736083984,"[0, 2, 0, 0, 9, 15, 2, 2, 17, 15, 6, 0, 0, 0, 28]","""[0, 7, 6, 2, 6, 2, 6, 8, 11, 4, 2, 51, 12, 84, 0]"""
j10,1,proactive_quantile_0.9,600,True,20,0.14995312690734863,0.0004811286926269531,"[0, 0, 0, 0, 8, 14, 4, 4, 16, 15, 4, 0, 0, 0, 84]","""[0, 6, 3, 3, 2, 1, 2, 10, 2, 4, 4, 51, 12, 84, 0]"""
j10,1,reactive,600,True,18,0.14995312690734863,0.12412047386169434,"[0, 0, 0, 0, 8, 10, 4, 4, 11, 14, 4, 0, 0, 0, 18]","[0, 6, 3, 3, 2, 1, 2, 10, 2, 4, 4, 51, 12, 84, 0]"
j10,1,stnu,600,False,inf,0.7485218048095703,inf,[],"""[0, 1, 3, 3, 2, 1, 5, 8, 2, 6, 3, 51, 12, 84, 0]"""
j10,1,proactive_quantile_0.9,600,True,29,0.04328608512878418,0.0004990100860595703,"[0, 4, 0, 0, 12, 15, 4, 4, 18, 15, 7, 0, 0, 0, 84]","""[0, 6, 7, 2, 1, 2, 5, 8, 8, 3, 4, 51, 12, 84, 0]"""
j10,1,reactive,600,True,26,0.04328608512878418,0.12056374549865723,"[0, 4, 0, 0, 12, 15, 4, 4, 18, 15, 7, 0, 0, 0, 26]","[0, 6, 7, 2, 1, 2, 5, 8, 8, 3, 4, 51, 12, 84, 0]"
j10,1,stnu,600,True,11,0.6783010959625244,0.006952047348022461,"[0, 2, 0, 0, 4, 5, 2, 2, 7, 10, 2, 0, 0, 0, 11]","""[0, 1, 2, 2, 1, 2, 2, 8, 2, 1, 2, 51, 12, 84, 0]"""
j10,1,proactive_quantile_0.9,600,True,29,0.04060077667236328,0.0004825592041015625,"[0, 4, 0, 0, 12, 15, 4, 4, 18, 15, 7, 0, 0, 0, 84]","""[0, 6, 4, 4, 3, 1, 5, 9, 9, 4, 4, 51, 12, 84, 0]"""
j10,1,reactive,600,True,27,0.04060077667236328,0.07237768173217773,"[0, 4, 0, 0, 12, 15, 4, 4, 18, 15, 7, 0, 0, 0, 27]","[0, 6, 4, 4, 3, 1, 5, 9, 9, 4, 4, 51, 12, 84, 0]"
j10,1,stnu,600,True,29,0.8157918453216553,0.006778240203857422,"[0, 4, 0, 0, 10, 19, 4, 4, 20, 19, 4, 0, 0, 0, 29]","""[0, 6, 4, 4, 9, 1, 5, 9, 9, 4, 4, 51, 12, 84, 0]"""
j10,1,proactive_quantile_0.9,600,True,29,0.06027817726135254,0.0005021095275878906,"[0, 4, 0, 0, 12, 15, 4, 4, 18, 15, 7, 0, 0, 0, 84]","""[0, 5, 6, 3, 1, 2, 3, 7, 11, 5, 6, 51, 12, 84, 0]"""
j10,1,reactive,600,True,29,0.06027817726135254,0.0938875675201416,"[0, 4, 0, 0, 12, 15, 4, 4, 18, 15, 7, 0, 0, 0, 29]","[0, 5, 6, 3, 1, 2, 3, 7, 11, 5, 6, 51, 12, 84, 0]"
j10,1,stnu,600,False,inf,0.744088888168335,inf,[],"""[0, 1, 2, 3, 1, 1, 3, 7, 3, 5, 1, 51, 12, 84, 0]"""
j10,1,proactive_quantile_0.9,600,True,17,0.05181598663330078,0.0004775524139404297,"[0, 4, 0, 0, 7, 10, 4, 4, 12, 13, 4, 0, 0, 0, 84]","""[0, 1, 4, 4, 2, 2, 3, 8, 4, 2, 1, 51, 12, 84, 0]"""
j10,1,reactive,600,True,16,0.05181598663330078,0.0832071304321289,"[0, 4, 0, 0, 7, 10, 4, 4, 12, 13, 4, 0, 0, 0, 16]","[0, 1, 4, 4, 2, 2, 3, 8, 4, 2, 1, 51, 12, 84, 0]"
j10,1,stnu,600,True,30,0.6160895824432373,0.0068933963775634766,"[0, 4, 0, 0, 10, 21, 4, 4, 22, 21, 7, 0, 0, 0, 30]","""[0, 6, 7, 4, 11, 1, 5, 8, 8, 5, 3, 51, 12, 84, 0]"""
j10,1,proactive_quantile_0.9,600,True,15,0.05329108238220215,0.0002193450927734375,"[0, 0, 4, 0, 4, 2, 4, 7, 9, 9, 9, 0, 0, 21]","""[0, 2, 3, 2, 2, 4, 2, 2, 4, 2, 5, 21, 21, 0]"""
j10,1,reactive,600,True,14,0.05329108238220215,0.09518623352050781,"[0, 0, 4, 0, 4, 2, 4, 7, 9, 9, 9, 0, 0, 14]","[0, 2, 3, 2, 2, 4, 2, 2, 4, 2, 5, 21, 21, 0]"
j10,1,stnu,600,True,12,0.902045726776123,0.006067752838134766,"[0, 0, 0, 0, 2, 2, 2, 6, 8, 4, 4, 0, 0, 12]","""[0, 2, 3, 2, 2, 4, 2, 2, 4, 2, 5, 21, 21, 0]"""
j10,1,proactive_quantile_0.9,600,False,inf,0.1601552963256836,inf,"[0, 0, 0, 0, 4, 4, 4, 9, 11, 6, 6, 0, 0, 21]","""[0, 2, 4, 1, 3, 3, 1, 1, 6, 6, 4, 21, 21, 0]"""
j10,1,reactive,600,False,inf,inf,inf,null,"[0, 2, 4, 1, 3, 3, 1, 1, 6, 6, 4, 21, 21, 0]"
j10,1,stnu,600,True,14,0.6630098819732666,0.006039857864379883,"[0, 0, 0, 0, 2, 2, 2, 7, 8, 5, 5, 0, 0, 14]","""[0, 2, 4, 1, 3, 3, 1, 1, 6, 2, 3, 21, 21, 0]"""
j10,1,proactive_quantile_0.9,600,True,16,0.1372079849243164,0.00023055076599121094,"[0, 0, 0, 0, 4, 4, 4, 9, 11, 6, 6, 0, 0, 21]","""[0, 2, 6, 1, 2, 5, 2, 2, 5, 4, 3, 21, 21, 0]"""
j10,1,reactive,600,True,16,0.1372079849243164,0.0780327320098877,"[0, 0, 0, 0, 4, 4, 4, 9, 11, 6, 6, 0, 0, 16]","[0, 2, 6, 1, 2, 5, 2, 2, 5, 4, 3, 21, 21, 0]"
j10,1,stnu,600,True,14,0.6634583473205566,0.006103515625,"[0, 0, 0, 0, 2, 2, 2, 7, 9, 6, 6, 0, 0, 14]","""[0, 2, 6, 1, 2, 5, 2, 2, 5, 1, 5, 21, 21, 0]"""
j10,1,proactive_quantile_0.9,600,True,15,0.0476987361907959,0.00021719932556152344,"[0, 0, 4, 0, 4, 2, 4, 7, 9, 9, 9, 0, 0, 21]","""[0, 2, 5, 1, 2, 5, 1, 1, 2, 1, 5, 21, 21, 0]"""
j10,1,reactive,600,True,14,0.0476987361907959,0.10361552238464355,"[0, 0, 4, 0, 4, 2, 4, 7, 9, 9, 9, 0, 0, 14]","[0, 2, 5, 1, 2, 5, 1, 1, 2, 1, 5, 21, 21, 0]"
j10,1,stnu,600,True,10,0.6708552837371826,0.0060651302337646484,"[0, 0, 0, 0, 2, 2, 2, 7, 8, 5, 5, 0, 0, 10]","""[0, 2, 5, 1, 2, 5, 1, 1, 2, 1, 5, 21, 21, 0]"""
j10,1,proactive_quantile_0.9,600,True,15,0.06162858009338379,0.00025177001953125,"[0, 0, 4, 0, 4, 2, 4, 7, 9, 9, 9, 0, 0, 21]","""[0, 2, 4, 2, 1, 5, 1, 1, 4, 1, 3, 21, 21, 0]"""
j10,1,reactive,600,True,13,0.06162858009338379,0.10462760925292969,"[0, 0, 4, 0, 4, 2, 4, 7, 9, 9, 9, 0, 0, 13]","[0, 2, 4, 2, 1, 5, 1, 1, 4, 1, 3, 21, 21, 0]"
j10,1,stnu,600,True,12,0.6370513439178467,0.006072521209716797,"[0, 0, 0, 0, 2, 2, 2, 7, 8, 4, 4, 0, 0, 12]","""[0, 2, 4, 2, 1, 5, 1, 1, 4, 1, 3, 21, 21, 0]"""
j10,1,proactive_quantile_0.9,600,True,15,0.05310702323913574,0.00022649765014648438,"[0, 0, 4, 0, 4, 2, 4, 7, 9, 9, 9, 0, 0, 21]","""[0, 3, 4, 2, 2, 3, 2, 2, 5, 2, 6, 21, 21, 0]"""
j10,1,reactive,600,True,14,0.05310702323913574,0.0478670597076416,"[0, 0, 4, 0, 4, 2, 4, 7, 9, 8, 8, 0, 0, 14]","[0, 3, 4, 2, 2, 3, 2, 2, 5, 2, 6, 21, 21, 0]"
j10,1,stnu,600,True,14,0.8337643146514893,0.006161689758300781,"[0, 0, 0, 0, 3, 3, 3, 7, 9, 5, 5, 0, 0, 14]","""[0, 3, 4, 2, 2, 3, 2, 2, 5, 2, 6, 21, 21, 0]"""
j10,1,proactive_quantile_0.9,600,True,16,0.1455061435699463,0.0002713203430175781,"[0, 0, 0, 0, 4, 4, 4, 9, 11, 6, 6, 0, 0, 21]","""[0, 3, 5, 2, 1, 4, 1, 1, 5, 3, 4, 21, 21, 0]"""
j10,1,reactive,600,True,15,0.1455061435699463,0.07539558410644531,"[0, 0, 0, 0, 4, 4, 4, 9, 10, 6, 6, 0, 0, 15]","[0, 3, 5, 2, 1, 4, 1, 1, 5, 3, 4, 21, 21, 0]"
j10,1,stnu,600,True,13,0.6719141006469727,0.006118059158325195,"[0, 0, 0, 0, 3, 3, 3, 7, 8, 5, 5, 0, 0, 13]","""[0, 3, 5, 2, 1, 4, 1, 1, 5, 2, 4, 21, 21, 0]"""
j10,1,proactive_quantile_0.9,600,True,15,0.05250692367553711,0.00021958351135253906,"[0, 0, 4, 0, 4, 2, 4, 7, 9, 9, 9, 0, 0, 21]","""[0, 2, 4, 2, 1, 4, 1, 2, 4, 2, 3, 21, 21, 0]"""
j10,1,reactive,600,True,13,0.05250692367553711,0.09453749656677246,"[0, 0, 4, 0, 4, 2, 4, 7, 9, 9, 9, 0, 0, 13]","[0, 2, 4, 2, 1, 4, 1, 2, 4, 2, 3, 21, 21, 0]"
j10,1,stnu,600,True,12,0.8063869476318359,0.00600123405456543,"[0, 0, 0, 0, 2, 2, 2, 6, 8, 4, 4, 0, 0, 12]","""[0, 2, 4, 2, 1, 4, 1, 2, 4, 2, 3, 21, 21, 0]"""
j10,1,proactive_quantile_0.9,600,True,16,0.23488235473632812,0.0002288818359375,"[0, 0, 0, 0, 4, 4, 4, 9, 11, 6, 6, 0, 0, 21]","""[0, 2, 6, 1, 3, 3, 1, 1, 3, 3, 5, 21, 21, 0]"""
j10,1,reactive,600,True,14,0.23488235473632812,0.1131296157836914,"[0, 0, 0, 0, 4, 4, 4, 9, 11, 6, 6, 0, 0, 14]","[0, 2, 6, 1, 3, 3, 1, 1, 3, 3, 5, 21, 21, 0]"
j10,1,stnu,600,True,12,0.7344651222229004,0.00611114501953125,"[0, 0, 0, 0, 2, 2, 2, 8, 9, 6, 6, 0, 0, 12]","""[0, 2, 6, 1, 3, 3, 1, 1, 3, 2, 4, 21, 21, 0]"""
j10,1,proactive_quantile_0.9,600,True,16,0.237457275390625,0.0002713203430175781,"[0, 0, 0, 0, 4, 4, 4, 9, 11, 6, 6, 0, 0, 21]","""[0, 2, 5, 2, 3, 3, 1, 2, 5, 3, 6, 21, 21, 0]"""
j10,1,reactive,600,True,14,0.237457275390625,0.0614619255065918,"[0, 0, 0, 0, 4, 4, 4, 7, 9, 6, 6, 0, 0, 14]","[0, 2, 5, 2, 3, 3, 1, 2, 5, 3, 6, 21, 21, 0]"
j10,1,stnu,600,True,14,0.6492793560028076,0.006099700927734375,"[0, 0, 0, 0, 2, 2, 2, 7, 9, 5, 5, 0, 0, 14]","""[0, 2, 5, 2, 3, 3, 1, 2, 5, 2, 5, 21, 21, 0]"""
j10,1,proactive_quantile_0.9,600,True,37,0.059774160385131836,0.0010721683502197266,"[0, 0, 0, 9, 4, 18, 4, 18, 18, 26, 35, 0, 0, 0, 0, 0, 0, 0, 0, 0, 73]","""[0, 9, 2, 9, 5, 1, 5, 8, 1, 7, 2, 69, 64, 35, 29, 36, 23, 73, 58, 68, 0]"""
j10,1,reactive,600,True,35,0.059774160385131836,0.0834355354309082,"[0, 0, 0, 9, 4, 18, 4, 18, 18, 26, 33, 0, 0, 0, 0, 0, 0, 0, 0, 0, 35]","[0, 9, 2, 9, 5, 1, 5, 8, 1, 7, 2, 69, 64, 35, 29, 36, 23, 73, 58, 68, 0]"
j10,1,stnu,600,True,33,0.728797197341919,0.013373374938964844,"[0, 0, 0, 7, 2, 16, 2, 16, 16, 24, 31, 0, 0, 0, 0, 0, 0, 0, 0, 0, 33]","""[0, 9, 2, 9, 5, 1, 5, 8, 1, 7, 2, 69, 64, 35, 29, 36, 23, 73, 58, 68, 0]"""
j10,1,proactive_quantile_0.9,600,True,37,0.06521248817443848,0.0011217594146728516,"[0, 0, 0, 9, 4, 18, 4, 18, 18, 26, 35, 0, 0, 0, 0, 0, 0, 0, 0, 0, 73]","""[0, 8, 2, 8, 7, 2, 4, 8, 3, 8, 2, 69, 64, 35, 29, 36, 23, 73, 58, 68, 0]"""
j10,1,reactive,600,True,36,0.06521248817443848,0.11327195167541504,"[0, 0, 0, 9, 4, 18, 4, 18, 18, 26, 34, 0, 0, 0, 0, 0, 0, 0, 0, 0, 36]","[0, 8, 2, 8, 7, 2, 4, 8, 3, 8, 2, 69, 64, 35, 29, 36, 23, 73, 58, 68, 0]"
j10,1,stnu,600,True,32,0.7859137058258057,0.013515949249267578,"[0, 0, 0, 6, 2, 14, 2, 14, 14, 22, 30, 0, 0, 0, 0, 0, 0, 0, 0, 0, 32]","""[0, 8, 2, 8, 7, 2, 4, 8, 3, 8, 2, 69, 64, 35, 29, 36, 23, 73, 58, 68, 0]"""
j10,1,proactive_quantile_0.9,600,False,inf,0.059313058853149414,inf,"[0, 0, 0, 9, 4, 18, 4, 18, 18, 26, 35, 0, 0, 0, 0, 0, 0, 0, 0, 0, 73]","""[0, 7, 1, 9, 3, 2, 6, 7, 3, 8, 2, 69, 64, 35, 29, 36, 23, 73, 58, 68, 0]"""
j10,1,reactive,600,False,inf,inf,inf,null,"[0, 7, 1, 9, 3, 2, 6, 7, 3, 8, 2, 69, 64, 35, 29, 36, 23, 73, 58, 68, 0]"
j10,1,stnu,600,True,33,0.7484471797943115,0.01354217529296875,"[0, 0, 0, 7, 1, 16, 1, 16, 16, 23, 31, 0, 0, 0, 0, 0, 0, 0, 0, 0, 33]","""[0, 7, 1, 9, 3, 2, 6, 7, 3, 8, 2, 69, 64, 35, 29, 36, 23, 73, 58, 68, 0]"""
j10,1,proactive_quantile_0.9,600,True,37,0.050733089447021484,0.0010602474212646484,"[0, 0, 0, 9, 4, 18, 4, 18, 18, 26, 35, 0, 0, 0, 0, 0, 0, 0, 0, 0, 73]","""[0, 7, 3, 9, 4, 4, 4, 7, 2, 9, 2, 69, 64, 35, 29, 36, 23, 73, 58, 68, 0]"""
j10,1,reactive,600,True,36,0.050733089447021484,0.1024785041809082,"[0, 0, 0, 9, 4, 18, 4, 18, 18, 25, 34, 0, 0, 0, 0, 0, 0, 0, 0, 0, 36]","[0, 7, 3, 9, 4, 4, 4, 7, 2, 9, 2, 69, 64, 35, 29, 36, 23, 73, 58, 68, 0]"
j10,1,stnu,600,True,34,0.7201626300811768,0.013329744338989258,"[0, 0, 0, 7, 3, 16, 3, 16, 16, 23, 32, 0, 0, 0, 0, 0, 0, 0, 0, 0, 34]","""[0, 7, 3, 9, 4, 4, 4, 7, 2, 9, 2, 69, 64, 35, 29, 36, 23, 73, 58, 68, 0]"""
j10,1,proactive_quantile_0.9,600,True,30,0.17854785919189453,0.0010857582092285156,"[0, 0, 0, 0, 8, 6, 4, 4, 17, 15, 19, 0, 0, 0, 0, 0, 0, 0, 0, 0, 73]","""[0, 6, 3, 4, 7, 2, 3, 12, 2, 3, 9, 69, 64, 35, 29, 36, 23, 73, 58, 68, 0]"""
j10,1,reactive,600,False,inf,inf,inf,null,"[0, 6, 3, 4, 7, 2, 3, 12, 2, 3, 9, 69, 64, 35, 29, 36, 23, 73, 58, 68, 0]"
j10,1,stnu,600,True,29,0.7722616195678711,0.013256311416625977,"[0, 0, 0, 0, 6, 6, 4, 11, 10, 23, 10, 0, 0, 0, 0, 0, 0, 0, 0, 0, 29]","""[0, 6, 3, 4, 4, 8, 2, 12, 1, 6, 9, 69, 64, 35, 29, 36, 23, 73, 58, 68, 0]"""
j10,1,proactive_quantile_0.9,600,True,37,0.049162864685058594,0.0010762214660644531,"[0, 0, 0, 9, 4, 18, 4, 18, 18, 26, 35, 0, 0, 0, 0, 0, 0, 0, 0, 0, 73]","""[0, 7, 4, 5, 4, 3, 3, 7, 2, 7, 2, 69, 64, 35, 29, 36, 23, 73, 58, 68, 0]"""
j10,1,reactive,600,True,33,0.049162864685058594,0.12622427940368652,"[0, 0, 0, 9, 4, 18, 4, 18, 18, 26, 14, 0, 0, 0, 0, 0, 0, 0, 0, 0, 33]","[0, 7, 4, 5, 4, 3, 3, 7, 2, 7, 2, 69, 64, 35, 29, 36, 23, 73, 58, 68, 0]"
j10,1,stnu,600,True,28,0.6760642528533936,0.013471603393554688,"[0, 0, 0, 7, 4, 12, 4, 12, 12, 19, 26, 0, 0, 0, 0, 0, 0, 0, 0, 0, 28]","""[0, 7, 4, 5, 4, 3, 3, 7, 2, 7, 2, 69, 64, 35, 29, 36, 23, 73, 58, 68, 0]"""
j10,1,proactive_quantile_0.9,600,True,37,0.06209993362426758,0.0010764598846435547,"[0, 0, 0, 9, 4, 18, 4, 18, 18, 26, 35, 0, 0, 0, 0, 0, 0, 0, 0, 0, 73]","""[0, 8, 2, 5, 5, 2, 4, 6, 1, 8, 1, 69, 64, 35, 29, 36, 23, 73, 58, 68, 0]"""
j10,1,reactive,600,True,34,0.06209993362426758,0.1642160415649414,"[0, 0, 0, 9, 4, 18, 4, 18, 18, 26, 14, 0, 0, 0, 0, 0, 0, 0, 0, 0, 34]","[0, 8, 2, 5, 5, 2, 4, 6, 1, 8, 1, 69, 64, 35, 29, 36, 23, 73, 58, 68, 0]"
j10,1,stnu,600,True,26,0.7392871379852295,0.013504505157470703,"[0, 0, 0, 6, 2, 11, 2, 11, 11, 17, 25, 0, 0, 0, 0, 0, 0, 0, 0, 0, 26]","""[0, 8, 2, 5, 5, 2, 4, 6, 1, 8, 1, 69, 64, 35, 29, 36, 23, 73, 58, 68, 0]"""
j10,1,proactive_quantile_0.9,600,True,37,0.04115557670593262,0.001085519790649414,"[0, 0, 0, 9, 4, 18, 4, 18, 18, 26, 35, 0, 0, 0, 0, 0, 0, 0, 0, 0, 73]","""[0, 8, 2, 9, 4, 2, 4, 7, 2, 6, 1, 69, 64, 35, 29, 36, 23, 73, 58, 68, 0]"""
j10,1,reactive,600,True,32,0.04115557670593262,0.1374661922454834,"[0, 0, 0, 9, 4, 18, 4, 18, 18, 26, 25, 0, 0, 0, 0, 0, 0, 0, 0, 0, 32]","[0, 8, 2, 9, 4, 2, 4, 7, 2, 6, 1, 69, 64, 35, 29, 36, 23, 73, 58, 68, 0]"
j10,1,stnu,600,True,29,0.7419195175170898,0.013357400894165039,"[0, 0, 0, 6, 2, 15, 2, 15, 15, 22, 28, 0, 0, 0, 0, 0, 0, 0, 0, 0, 29]","""[0, 8, 2, 9, 4, 2, 4, 7, 2, 6, 1, 69, 64, 35, 29, 36, 23, 73, 58, 68, 0]"""
j10,1,proactive_quantile_0.9,600,True,37,0.056542158126831055,0.0010361671447753906,"[0, 0, 0, 9, 4, 18, 4, 18, 18, 26, 35, 0, 0, 0, 0, 0, 0, 0, 0, 0, 73]","""[0, 8, 3, 7, 4, 3, 4, 7, 1, 9, 2, 69, 64, 35, 29, 36, 23, 73, 58, 68, 0]"""
j10,1,reactive,600,True,34,0.056542158126831055,0.13303065299987793,"[0, 0, 0, 9, 4, 18, 4, 18, 18, 25, 16, 0, 0, 0, 0, 0, 0, 0, 0, 0, 34]","[0, 8, 3, 7, 4, 3, 4, 7, 1, 9, 2, 69, 64, 35, 29, 36, 23, 73, 58, 68, 0]"
j10,1,stnu,600,True,29,1.1742467880249023,0.013334989547729492,"[0, 0, 0, 0, 7, 7, 3, 11, 9, 20, 9, 0, 0, 0, 0, 0, 0, 0, 0, 0, 29]","""[0, 3, 2, 3, 2, 9, 4, 9, 2, 9, 9, 69, 64, 35, 29, 36, 23, 73, 58, 68, 0]"""
j10,1,proactive_quantile_0.9,600,True,30,0.11922430992126465,0.0010559558868408203,"[0, 0, 0, 0, 8, 6, 4, 4, 17, 15, 19, 0, 0, 0, 0, 0, 0, 0, 0, 0, 73]","""[0, 5, 1, 3, 9, 2, 4, 10, 3, 2, 11, 69, 64, 35, 29, 36, 23, 73, 58, 68, 0]"""
j10,1,reactive,600,True,28,0.11922430992126465,0.08358597755432129,"[0, 0, 0, 0, 8, 6, 4, 4, 17, 15, 17, 0, 0, 0, 0, 0, 0, 0, 0, 0, 28]","[0, 5, 1, 3, 9, 2, 4, 10, 3, 2, 11, 69, 64, 35, 29, 36, 23, 73, 58, 68, 0]"
j10,1,stnu,600,True,31,0.8777852058410645,0.013278484344482422,"[0, 0, 0, 0, 6, 6, 3, 13, 11, 23, 11, 0, 0, 0, 0, 0, 0, 0, 0, 0, 31]","""[0, 5, 1, 3, 5, 6, 3, 10, 2, 8, 9, 69, 64, 35, 29, 36, 23, 73, 58, 68, 0]"""
j10,1,stnu,600,False,inf,0.7661802768707275,inf,[],"""[0, 2, 2, 6, 5, 1, 8, 3, 1, 4, 2, 57, 8, 47, 16, 47, 0]"""
j10,1,stnu,600,False,inf,0.6242125034332275,inf,[],"""[0, 2, 2, 5, 5, 2, 5, 5, 3, 4, 1, 57, 8, 47, 16, 47, 0]"""
j10,1,stnu,600,False,inf,0.6263713836669922,inf,[],"""[0, 2, 2, 6, 3, 1, 6, 2, 2, 5, 2, 57, 8, 47, 16, 47, 0]"""
j10,1,stnu,600,False,inf,0.6350400447845459,inf,[],"""[0, 1, 1, 6, 5, 1, 4, 1, 3, 4, 3, 57, 8, 47, 16, 47, 0]"""
j10,1,stnu,600,False,inf,0.6981751918792725,inf,[],"""[0, 2, 1, 5, 5, 2, 6, 2, 3, 4, 2, 57, 8, 47, 16, 47, 0]"""
j10,1,stnu,600,False,inf,0.7018318176269531,inf,[],"""[0, 1, 1, 4, 4, 2, 7, 2, 1, 6, 3, 57, 8, 47, 16, 47, 0]"""
j10,1,stnu,600,False,inf,0.7253596782684326,inf,[],"""[0, 1, 1, 5, 3, 2, 7, 2, 3, 3, 3, 57, 8, 47, 16, 47, 0]"""
j10,1,stnu,600,False,inf,0.6094505786895752,inf,[],"""[0, 2, 2, 4, 6, 1, 6, 2, 1, 4, 1, 57, 8, 47, 16, 47, 0]"""
j10,1,stnu,600,False,inf,0.58660888671875,inf,[],"""[0, 1, 1, 4, 4, 1, 7, 1, 1, 6, 2, 57, 8, 47, 16, 47, 0]"""
j10,1,stnu,600,False,inf,0.5929989814758301,inf,[],"""[0, 1, 1, 6, 3, 2, 5, 2, 2, 5, 2, 57, 8, 47, 16, 47, 0]"""
j10,1,proactive_quantile_0.9,600,True,22,0.05814027786254883,0.00028133392333984375,"[0, 0, 0, 0, 3, 2, 11, 3, 13, 11, 11, 0, 62]","""[0, 2, 1, 2, 1, 6, 2, 3, 2, 9, 2, 62, 0]"""
j10,1,reactive,600,True,20,0.05814027786254883,0.09438657760620117,"[0, 0, 0, 0, 3, 2, 11, 3, 13, 11, 11, 0, 20]","[0, 2, 1, 2, 1, 6, 2, 3, 2, 9, 2, 62, 0]"
j10,1,stnu,600,True,20,0.6604049205780029,0.005413055419921875,"[0, 0, 0, 0, 3, 3, 14, 3, 19, 14, 14, 0, 20]","""[0, 2, 3, 6, 4, 11, 5, 2, 1, 5, 5, 62, 0]"""
j10,1,proactive_quantile_0.9,600,True,22,0.05785036087036133,0.00031065940856933594,"[0, 0, 0, 0, 3, 2, 11, 3, 13, 11, 11, 0, 62]","""[0, 2, 2, 2, 2, 7, 2, 5, 2, 9, 4, 62, 0]"""
j10,1,reactive,600,True,20,0.05785036087036133,0.0546116828918457,"[0, 0, 0, 0, 3, 2, 11, 3, 13, 11, 11, 0, 20]","[0, 2, 2, 2, 2, 7, 2, 5, 2, 9, 4, 62, 0]"
j10,1,stnu,600,True,18,0.927830696105957,0.005418062210083008,"[0, 0, 0, 0, 2, 2, 9, 2, 11, 9, 9, 0, 18]","""[0, 2, 2, 2, 2, 7, 2, 5, 7, 5, 4, 62, 0]"""
j10,1,proactive_quantile_0.9,600,True,21,0.13864684104919434,0.00031304359436035156,"[0, 0, 0, 0, 3, 2, 11, 3, 13, 11, 13, 0, 62]","""[0, 2, 1, 2, 1, 7, 1, 6, 7, 5, 5, 62, 0]"""
j10,1,reactive,600,True,20,0.13864684104919434,0.08670568466186523,"[0, 0, 0, 0, 3, 2, 11, 3, 13, 11, 13, 0, 20]","[0, 2, 1, 2, 1, 7, 1, 6, 7, 5, 5, 62, 0]"
j10,1,stnu,600,True,20,0.5777792930603027,0.0050776004791259766,"[0, 0, 0, 0, 3, 3, 14, 3, 19, 14, 14, 0, 20]","""[0, 3, 3, 7, 4, 11, 3, 6, 1, 5, 5, 62, 0]"""
j10,1,proactive_quantile_0.9,600,True,29,0.04737687110900879,0.00031256675720214844,"[0, 0, 0, 0, 4, 4, 15, 4, 21, 15, 15, 0, 62]","""[0, 2, 2, 6, 6, 9, 4, 5, 6, 6, 4, 62, 0]"""
j10,1,reactive,600,True,27,0.04737687110900879,0.2136542797088623,"[0, 0, 0, 0, 4, 4, 15, 4, 21, 15, 15, 0, 27]","[0, 2, 2, 6, 6, 9, 4, 5, 6, 6, 4, 62, 0]"
j10,1,stnu,600,True,17,0.6368651390075684,0.005264759063720703,"[0, 0, 0, 0, 2, 2, 11, 2, 15, 11, 11, 0, 17]","""[0, 2, 2, 6, 6, 9, 4, 5, 2, 6, 4, 62, 0]"""
j10,1,proactive_quantile_0.9,600,True,22,0.03755831718444824,0.0003027915954589844,"[0, 0, 0, 0, 3, 2, 11, 3, 13, 11, 11, 0, 62]","""[0, 2, 1, 1, 2, 6, 2, 4, 3, 9, 3, 62, 0]"""
j10,1,reactive,600,True,20,0.03755831718444824,0.09668850898742676,"[0, 0, 0, 0, 3, 2, 11, 3, 13, 11, 11, 0, 20]","[0, 2, 1, 1, 2, 6, 2, 4, 3, 9, 3, 62, 0]"
j10,1,stnu,600,True,16,0.6764588356018066,0.005572319030761719,"[0, 0, 0, 0, 2, 1, 7, 2, 9, 7, 7, 0, 16]","""[0, 2, 1, 1, 2, 6, 2, 4, 7, 6, 3, 62, 0]"""
j10,1,proactive_quantile_0.9,600,True,29,0.05859780311584473,0.00032520294189453125,"[0, 0, 0, 0, 4, 4, 15, 4, 21, 15, 15, 0, 62]","""[0, 3, 2, 4, 5, 11, 6, 3, 7, 5, 5, 62, 0]"""
j10,1,reactive,600,True,28,0.05859780311584473,0.09849357604980469,"[0, 0, 0, 0, 4, 4, 15, 4, 21, 15, 15, 0, 28]","[0, 3, 2, 4, 5, 11, 6, 3, 7, 5, 5, 62, 0]"
j10,1,stnu,600,True,22,0.654470682144165,0.005371809005737305,"[0, 0, 0, 0, 3, 3, 14, 3, 20, 14, 14, 0, 22]","""[0, 3, 2, 4, 5, 11, 6, 3, 2, 5, 5, 62, 0]"""
j10,1,proactive_quantile_0.9,600,True,22,0.04196000099182129,0.0002887248992919922,"[0, 0, 0, 0, 3, 2, 11, 3, 13, 11, 11, 0, 62]","""[0, 1, 2, 2, 2, 6, 1, 2, 2, 8, 4, 62, 0]"""
j10,1,reactive,600,True,19,0.04196000099182129,0.07253098487854004,"[0, 0, 0, 0, 3, 2, 11, 3, 13, 11, 11, 0, 19]","[0, 1, 2, 2, 2, 6, 1, 2, 2, 8, 4, 62, 0]"
j10,1,stnu,600,True,17,0.7275640964508057,0.005462646484375,"[0, 0, 0, 0, 2, 2, 8, 2, 9, 8, 8, 0, 17]","""[0, 1, 2, 2, 2, 6, 1, 2, 8, 5, 4, 62, 0]"""
j10,1,proactive_quantile_0.9,600,True,22,0.05156207084655762,0.00028967857360839844,"[0, 0, 0, 0, 3, 2, 11, 3, 13, 11, 11, 0, 62]","""[0, 1, 1, 1, 2, 9, 1, 3, 2, 9, 5, 62, 0]"""
j10,1,reactive,600,True,20,0.05156207084655762,0.09422183036804199,"[0, 0, 0, 0, 3, 2, 11, 3, 13, 11, 11, 0, 20]","[0, 1, 1, 1, 2, 9, 1, 3, 2, 9, 5, 62, 0]"
j10,1,stnu,600,True,18,0.7134106159210205,0.005261898040771484,"[0, 0, 0, 0, 3, 3, 12, 3, 16, 12, 12, 0, 18]","""[0, 3, 2, 4, 5, 9, 4, 4, 2, 5, 4, 62, 0]"""
j10,1,proactive_quantile_0.9,600,True,29,0.054561614990234375,0.00032019615173339844,"[0, 0, 0, 0, 4, 4, 15, 4, 21, 15, 15, 0, 62]","""[0, 2, 3, 3, 5, 8, 4, 5, 5, 5, 4, 62, 0]"""
j10,1,reactive,600,True,26,0.054561614990234375,0.11479926109313965,"[0, 0, 0, 0, 4, 4, 15, 4, 21, 15, 15, 0, 26]","[0, 2, 3, 3, 5, 8, 4, 5, 5, 5, 4, 62, 0]"
j10,1,stnu,600,True,17,0.6669533252716064,0.005292415618896484,"[0, 0, 0, 0, 3, 3, 11, 3, 15, 11, 11, 0, 17]","""[0, 2, 3, 3, 5, 8, 4, 5, 2, 5, 4, 62, 0]"""
j10,1,proactive_quantile_0.9,600,True,22,0.06026124954223633,0.0003037452697753906,"[0, 0, 0, 0, 3, 2, 11, 3, 13, 11, 11, 0, 62]","""[0, 2, 1, 1, 1, 7, 2, 4, 3, 9, 5, 62, 0]"""
j10,1,reactive,600,True,20,0.06026124954223633,0.11115407943725586,"[0, 0, 0, 0, 3, 2, 11, 3, 13, 11, 11, 0, 20]","[0, 2, 1, 1, 1, 7, 2, 4, 3, 9, 5, 62, 0]"
j10,1,stnu,600,True,18,0.8685333728790283,0.005425930023193359,"[0, 0, 0, 0, 2, 1, 8, 2, 10, 8, 8, 0, 18]","""[0, 2, 1, 1, 1, 7, 2, 4, 8, 7, 5, 62, 0]"""
j10,1,proactive_quantile_0.9,600,True,28,0.060277462005615234,0.0009918212890625,"[0, 0, 0, 0, 11, 11, 11, 13, 22, 3, 20, 0, 0, 0, 0, 0, 0, 0, 0, 0, 74]","""[0, 1, 8, 5, 7, 2, 1, 7, 3, 6, 5, 25, 59, 74, 62, 16, 50, 48, 48, 34, 0]"""
j10,1,reactive,600,True,25,0.060277462005615234,0.13302850723266602,"[0, 0, 0, 0, 11, 11, 11, 13, 22, 3, 20, 0, 0, 0, 0, 0, 0, 0, 0, 0, 25]","[0, 1, 8, 5, 7, 2, 1, 7, 3, 6, 5, 25, 59, 74, 62, 16, 50, 48, 48, 34, 0]"
j10,1,stnu,600,True,21,0.7527258396148682,0.01373600959777832,"[0, 0, 0, 0, 8, 8, 10, 11, 18, 1, 14, 0, 0, 0, 0, 0, 0, 0, 0, 0, 21]","""[0, 1, 8, 5, 6, 2, 1, 7, 3, 9, 5, 25, 59, 74, 62, 16, 50, 48, 48, 34, 0]"""
j10,1,proactive_quantile_0.9,600,True,28,0.060695648193359375,0.0009701251983642578,"[0, 0, 0, 0, 11, 11, 11, 13, 22, 3, 20, 0, 0, 0, 0, 0, 0, 0, 0, 0, 74]","""[0, 2, 6, 8, 7, 2, 2, 6, 5, 6, 5, 25, 59, 74, 62, 16, 50, 48, 48, 34, 0]"""
j10,1,reactive,600,True,27,0.060695648193359375,0.13586711883544922,"[0, 0, 0, 0, 11, 11, 11, 13, 22, 3, 20, 0, 0, 0, 0, 0, 0, 0, 0, 0, 27]","[0, 2, 6, 8, 7, 2, 2, 6, 5, 6, 5, 25, 59, 74, 62, 16, 50, 48, 48, 34, 0]"
j10,1,stnu,600,True,23,0.7097306251525879,0.014048337936401367,"[0, 0, 0, 0, 8, 8, 10, 12, 18, 2, 14, 0, 0, 0, 0, 0, 0, 0, 0, 0, 23]","""[0, 2, 6, 8, 6, 2, 2, 6, 5, 8, 5, 25, 59, 74, 62, 16, 50, 48, 48, 34, 0]"""
j10,1,proactive_quantile_0.9,600,True,22,0.13678932189941406,0.0009801387786865234,"[0, 0, 0, 0, 5, 4, 4, 8, 17, 2, 13, 0, 0, 0, 0, 0, 0, 0, 0, 0, 74]","""[0, 2, 1, 4, 4, 3, 2, 6, 1, 10, 8, 25, 59, 74, 62, 16, 50, 48, 48, 34, 0]"""
j10,1,reactive,600,True,21,0.13678932189941406,0.12999367713928223,"[0, 0, 0, 0, 5, 4, 4, 8, 17, 2, 13, 0, 0, 0, 0, 0, 0, 0, 0, 0, 21]","[0, 2, 1, 4, 4, 3, 2, 6, 1, 10, 8, 25, 59, 74, 62, 16, 50, 48, 48, 34, 0]"
j10,1,stnu,600,True,23,0.7991058826446533,0.013541221618652344,"[0, 0, 0, 0, 8, 8, 11, 13, 19, 2, 13, 0, 0, 0, 0, 0, 0, 0, 0, 0, 23]","""[0, 2, 8, 8, 4, 3, 2, 6, 4, 7, 5, 25, 59, 74, 62, 16, 50, 48, 48, 34, 0]"""
j10,1,proactive_quantile_0.9,600,True,28,0.04757070541381836,0.0010030269622802734,"[0, 0, 0, 0, 11, 11, 11, 13, 22, 3, 20, 0, 0, 0, 0, 0, 0, 0, 0, 0, 74]","""[0, 1, 9, 6, 6, 4, 2, 5, 6, 6, 4, 25, 59, 74, 62, 16, 50, 48, 48, 34, 0]"""
j10,1,reactive,600,True,24,0.04757070541381836,0.09452557563781738,"[0, 0, 0, 0, 11, 11, 11, 13, 18, 3, 20, 0, 0, 0, 0, 0, 0, 0, 0, 0, 24]","[0, 1, 9, 6, 6, 4, 2, 5, 6, 6, 4, 25, 59, 74, 62, 16, 50, 48, 48, 34, 0]"
j10,1,stnu,600,True,26,0.6583657264709473,0.013601541519165039,"[0, 0, 0, 0, 9, 9, 13, 15, 20, 1, 15, 0, 0, 0, 0, 0, 0, 0, 0, 0, 26]","""[0, 1, 9, 6, 6, 4, 2, 5, 6, 10, 4, 25, 59, 74, 62, 16, 50, 48, 48, 34, 0]"""
j10,1,proactive_quantile_0.9,600,True,28,0.06164956092834473,0.0010075569152832031,"[0, 0, 0, 0, 11, 11, 11, 13, 22, 3, 20, 0, 0, 0, 0, 0, 0, 0, 0, 0, 74]","""[0, 1, 9, 7, 9, 3, 2, 7, 6, 4, 4, 25, 59, 74, 62, 16, 50, 48, 48, 34, 0]"""
j10,1,reactive,600,True,28,0.06164956092834473,0.10204458236694336,"[0, 0, 0, 0, 11, 11, 11, 13, 22, 3, 20, 0, 0, 0, 0, 0, 0, 0, 0, 0, 28]","[0, 1, 9, 7, 9, 3, 2, 7, 6, 4, 4, 25, 59, 74, 62, 16, 50, 48, 48, 34, 0]"
j10,1,stnu,600,True,19,0.7766804695129395,0.013296842575073242,"[0, 0, 0, 0, 4, 7, 4, 7, 14, 2, 13, 0, 0, 0, 0, 0, 0, 0, 0, 0, 19]","""[0, 2, 4, 4, 9, 3, 3, 7, 1, 4, 6, 25, 59, 74, 62, 16, 50, 48, 48, 34, 0]"""
j10,1,proactive_quantile_0.9,600,True,28,0.06624579429626465,0.0010325908660888672,"[0, 0, 0, 0, 11, 11, 11, 13, 22, 3, 20, 0, 0, 0, 0, 0, 0, 0, 0, 0, 74]","""[0, 2, 10, 6, 6, 1, 2, 8, 4, 7, 3, 25, 59, 74, 62, 16, 50, 48, 48, 34, 0]"""
j10,1,reactive,600,True,26,0.06624579429626465,0.09365987777709961,"[0, 0, 0, 0, 11, 11, 11, 13, 22, 3, 20, 0, 0, 0, 0, 0, 0, 0, 0, 0, 26]","[0, 2, 10, 6, 6, 1, 2, 8, 4, 7, 3, 25, 59, 74, 62, 16, 50, 48, 48, 34, 0]"
j10,1,stnu,600,True,25,0.8223607540130615,0.013475656509399414,"[0, 0, 0, 0, 10, 10, 11, 13, 21, 2, 16, 0, 0, 0, 0, 0, 0, 0, 0, 0, 25]","""[0, 2, 10, 6, 6, 1, 2, 8, 4, 8, 3, 25, 59, 74, 62, 16, 50, 48, 48, 34, 0]"""
j10,1,proactive_quantile_0.9,600,True,28,0.06742382049560547,0.0009753704071044922,"[0, 0, 0, 0, 11, 11, 11, 13, 22, 3, 20, 0, 0, 0, 0, 0, 0, 0, 0, 0, 74]","""[0, 1, 10, 7, 7, 3, 1, 8, 4, 4, 6, 25, 59, 74, 62, 16, 50, 48, 48, 34, 0]"""
j10,1,reactive,600,True,26,0.06742382049560547,0.11165142059326172,"[0, 0, 0, 0, 11, 11, 11, 13, 22, 3, 20, 0, 0, 0, 0, 0, 0, 0, 0, 0, 26]","[0, 1, 10, 7, 7, 3, 1, 8, 4, 4, 6, 25, 59, 74, 62, 16, 50, 48, 48, 34, 0]"
j10,1,stnu,600,True,26,0.6709973812103271,0.013799667358398438,"[0, 0, 0, 0, 10, 10, 13, 14, 22, 1, 17, 0, 0, 0, 0, 0, 0, 0, 0, 0, 26]","""[0, 1, 10, 7, 7, 3, 1, 8, 4, 9, 6, 25, 59, 74, 62, 16, 50, 48, 48, 34, 0]"""
j10,1,proactive_quantile_0.9,600,True,28,0.05545997619628906,0.0009679794311523438,"[0, 0, 0, 0, 11, 11, 11, 13, 22, 3, 20, 0, 0, 0, 0, 0, 0, 0, 0, 0, 74]","""[0, 3, 8, 9, 6, 1, 2, 5, 5, 5, 5, 25, 59, 74, 62, 16, 50, 48, 48, 34, 0]"""
j10,1,reactive,600,True,27,0.05545997619628906,0.07502508163452148,"[0, 0, 0, 0, 11, 11, 11, 13, 22, 3, 20, 0, 0, 0, 0, 0, 0, 0, 0, 0, 27]","[0, 3, 8, 9, 6, 1, 2, 5, 5, 5, 5, 25, 59, 74, 62, 16, 50, 48, 48, 34, 0]"
j10,1,stnu,600,True,23,0.7117729187011719,0.013708114624023438,"[0, 0, 0, 0, 9, 9, 11, 13, 18, 3, 17, 0, 0, 0, 0, 0, 0, 0, 0, 0, 23]","""[0, 3, 8, 9, 8, 1, 2, 5, 5, 8, 5, 25, 59, 74, 62, 16, 50, 48, 48, 34, 0]"""
j10,1,proactive_quantile_0.9,600,True,28,0.05559563636779785,0.0009946823120117188,"[0, 0, 0, 0, 11, 11, 11, 13, 22, 3, 20, 0, 0, 0, 0, 0, 0, 0, 0, 0, 74]","""[0, 3, 10, 7, 8, 3, 2, 7, 4, 5, 4, 25, 59, 74, 62, 16, 50, 48, 48, 34, 0]"""
j10,1,reactive,600,True,26,0.05559563636779785,0.0979764461517334,"[0, 0, 0, 0, 11, 11, 11, 13, 22, 3, 20, 0, 0, 0, 0, 0, 0, 0, 0, 0, 26]","[0, 3, 10, 7, 8, 3, 2, 7, 4, 5, 4, 25, 59, 74, 62, 16, 50, 48, 48, 34, 0]"
j10,1,stnu,600,True,26,0.6905982494354248,0.013689517974853516,"[0, 0, 0, 0, 10, 10, 13, 15, 22, 3, 17, 0, 0, 0, 0, 0, 0, 0, 0, 0, 26]","""[0, 3, 10, 7, 7, 3, 2, 7, 4, 8, 4, 25, 59, 74, 62, 16, 50, 48, 48, 34, 0]"""
j10,1,proactive_quantile_0.9,600,True,22,0.1348567008972168,0.0009751319885253906,"[0, 0, 0, 0, 5, 4, 4, 8, 17, 2, 13, 0, 0, 0, 0, 0, 0, 0, 0, 0, 74]","""[0, 2, 2, 4, 7, 2, 1, 5, 2, 10, 7, 25, 59, 74, 62, 16, 50, 48, 48, 34, 0]"""
j10,1,reactive,600,True,20,0.1348567008972168,0.11552238464355469,"[0, 0, 0, 0, 5, 4, 4, 8, 17, 2, 13, 0, 0, 0, 0, 0, 0, 0, 0, 0, 20]","[0, 2, 2, 4, 7, 2, 1, 5, 2, 10, 7, 25, 59, 74, 62, 16, 50, 48, 48, 34, 0]"
j10,1,stnu,600,True,15,0.6906204223632812,0.013111591339111328,"[0, 0, 0, 0, 3, 2, 2, 4, 13, 3, 11, 0, 0, 0, 0, 0, 0, 0, 0, 0, 15]","""[0, 2, 2, 4, 8, 2, 1, 9, 2, 8, 3, 25, 59, 74, 62, 16, 50, 48, 48, 34, 0]"""
j10,1,proactive_quantile_0.9,600,True,21,0.11316323280334473,0.00043201446533203125,"[0, 0, 0, 0, 5, 5, 12, 9, 15, 15, 5, 0, 0, 0, 60]","""[0, 4, 4, 5, 2, 5, 2, 3, 2, 6, 2, 60, 25, 55, 0]"""
j10,1,reactive,600,True,18,0.11316323280334473,0.061285972595214844,"[0, 0, 0, 0, 5, 5, 10, 9, 16, 12, 5, 0, 0, 0, 18]","[0, 4, 4, 5, 2, 5, 2, 3, 2, 6, 2, 60, 25, 55, 0]"
j10,1,stnu,600,True,19,0.7204811573028564,0.0069768428802490234,"[0, 0, 0, 0, 5, 5, 12, 7, 15, 12, 5, 0, 0, 0, 19]","""[0, 4, 4, 5, 2, 7, 3, 4, 4, 6, 4, 60, 25, 55, 0]"""
j10,1,proactive_quantile_0.9,600,True,25,0.05998659133911133,0.0004496574401855469,"[0, 0, 0, 0, 7, 7, 16, 11, 20, 17, 7, 0, 0, 0, 60]","""[0, 5, 3, 5, 3, 7, 1, 4, 2, 5, 3, 60, 25, 55, 0]"""
j10,1,reactive,600,True,22,0.05998659133911133,0.13132333755493164,"[0, 0, 0, 0, 7, 7, 16, 11, 20, 17, 7, 0, 0, 0, 22]","[0, 5, 3, 5, 3, 7, 1, 4, 2, 5, 3, 60, 25, 55, 0]"
j10,1,stnu,600,True,13,0.6622824668884277,0.006838798522949219,"[0, 0, 0, 0, 3, 3, 9, 6, 11, 8, 3, 0, 0, 0, 13]","""[0, 3, 3, 3, 3, 6, 2, 2, 2, 4, 1, 60, 25, 55, 0]"""
j10,1,proactive_quantile_0.9,600,True,25,0.04719376564025879,0.00046062469482421875,"[0, 0, 0, 0, 7, 7, 16, 11, 20, 17, 7, 0, 0, 0, 60]","""[0, 5, 2, 4, 2, 6, 3, 3, 3, 6, 5, 60, 25, 55, 0]"""
j10,1,reactive,600,True,23,0.04719376564025879,0.13616061210632324,"[0, 0, 0, 0, 7, 7, 16, 11, 20, 17, 7, 0, 0, 0, 23]","[0, 5, 2, 4, 2, 6, 3, 3, 3, 6, 5, 60, 25, 55, 0]"
j10,1,stnu,600,True,13,0.7515316009521484,0.00685572624206543,"[0, 0, 0, 0, 4, 4, 9, 6, 11, 9, 4, 0, 0, 0, 13]","""[0, 3, 2, 4, 2, 3, 2, 3, 2, 3, 1, 60, 25, 55, 0]"""
j10,1,proactive_quantile_0.9,600,True,21,0.11517596244812012,0.00041556358337402344,"[0, 0, 0, 0, 5, 5, 12, 9, 15, 15, 5, 0, 0, 0, 60]","""[0, 3, 2, 3, 1, 4, 2, 2, 1, 4, 1, 60, 25, 55, 0]"""
j10,1,reactive,600,True,15,0.11517596244812012,0.13153529167175293,"[0, 0, 0, 0, 5, 5, 12, 9, 14, 11, 5, 0, 0, 0, 15]","[0, 3, 2, 3, 1, 4, 2, 2, 1, 4, 1, 60, 25, 55, 0]"
j10,1,stnu,600,True,10,0.7412028312683105,0.0070171356201171875,"[0, 0, 0, 0, 3, 3, 7, 4, 9, 6, 3, 0, 0, 0, 10]","""[0, 3, 2, 3, 1, 4, 2, 2, 1, 4, 1, 60, 25, 55, 0]"""
j10,1,proactive_quantile_0.9,600,True,25,0.04466581344604492,0.0004935264587402344,"[0, 0, 0, 0, 7, 7, 16, 11, 20, 17, 7, 0, 0, 0, 60]","""[0, 6, 2, 7, 3, 10, 3, 4, 3, 6, 3, 60, 25, 55, 0]"""
j10,1,reactive,600,False,inf,inf,inf,null,"[0, 6, 2, 7, 3, 10, 3, 4, 3, 6, 3, 60, 25, 55, 0]"
j10,1,stnu,600,True,17,0.6208779811859131,0.006957530975341797,"[0, 0, 0, 0, 5, 5, 12, 8, 15, 12, 5, 0, 0, 0, 17]","""[0, 1, 2, 5, 3, 6, 3, 4, 1, 5, 1, 60, 25, 55, 0]"""
j10,1,proactive_quantile_0.9,600,True,19,0.0591733455657959,0.00045609474182128906,"[0, 0, 0, 0, 5, 5, 12, 9, 15, 13, 5, 0, 0, 0, 60]","""[0, 2, 4, 3, 4, 5, 3, 2, 2, 6, 3, 60, 25, 55, 0]"""
j10,1,reactive,600,True,17,0.0591733455657959,0.06847691535949707,"[0, 0, 0, 0, 5, 5, 10, 9, 15, 11, 5, 0, 0, 0, 17]","[0, 2, 4, 3, 4, 5, 3, 2, 2, 6, 3, 60, 25, 55, 0]"
j10,1,stnu,600,True,24,0.7709951400756836,0.0069580078125,"[0, 0, 0, 0, 6, 6, 17, 10, 19, 17, 6, 0, 0, 0, 24]","""[0, 5, 4, 6, 4, 6, 2, 7, 5, 5, 4, 60, 25, 55, 0]"""
j10,1,proactive_quantile_0.9,600,True,25,0.05306601524353027,0.0004725456237792969,"[0, 0, 0, 0, 7, 7, 16, 11, 20, 17, 7, 0, 0, 0, 60]","""[0, 6, 3, 4, 3, 8, 3, 4, 4, 7, 4, 60, 25, 55, 0]"""
j10,1,reactive,600,True,24,0.05306601524353027,0.129774808883667,"[0, 0, 0, 0, 7, 7, 16, 11, 20, 17, 7, 0, 0, 0, 24]","[0, 6, 3, 4, 3, 8, 3, 4, 4, 7, 4, 60, 25, 55, 0]"
j10,1,stnu,600,True,21,0.8512516021728516,0.007103919982910156,"[0, 0, 0, 0, 6, 6, 14, 9, 17, 14, 4, 0, 0, 0, 21]","""[0, 6, 3, 4, 3, 8, 3, 4, 4, 7, 4, 60, 25, 55, 0]"""
j10,1,proactive_quantile_0.9,600,True,25,0.05840444564819336,0.0004382133483886719,"[0, 0, 0, 0, 7, 7, 16, 11, 20, 17, 7, 0, 0, 0, 60]","""[0, 5, 1, 7, 3, 6, 2, 5, 4, 6, 3, 60, 25, 55, 0]"""
j10,1,reactive,600,True,24,0.05840444564819336,0.10054183006286621,"[0, 0, 0, 0, 7, 7, 16, 11, 20, 17, 7, 0, 0, 0, 24]","[0, 5, 1, 7, 3, 6, 2, 5, 4, 6, 3, 60, 25, 55, 0]"
j10,1,stnu,600,True,16,0.8145623207092285,0.006885528564453125,"[0, 0, 0, 0, 5, 5, 10, 8, 12, 9, 5, 0, 0, 0, 16]","""[0, 3, 1, 5, 3, 5, 2, 1, 2, 7, 2, 60, 25, 55, 0]"""
j10,1,proactive_quantile_0.9,600,True,25,0.06152534484863281,0.00045800209045410156,"[0, 0, 0, 0, 7, 7, 16, 11, 20, 17, 7, 0, 0, 0, 60]","""[0, 6, 3, 5, 2, 6, 2, 7, 3, 7, 4, 60, 25, 55, 0]"""
j10,1,reactive,600,False,inf,inf,inf,null,"[0, 6, 3, 5, 2, 6, 2, 7, 3, 7, 4, 60, 25, 55, 0]"
j10,1,stnu,600,True,22,0.6605188846588135,0.006987333297729492,"[0, 0, 0, 0, 6, 6, 15, 8, 17, 15, 5, 0, 0, 0, 22]","""[0, 6, 3, 5, 2, 6, 2, 7, 3, 7, 4, 60, 25, 55, 0]"""
j10,1,proactive_quantile_0.9,600,True,25,0.04511260986328125,0.0004825592041015625,"[0, 0, 0, 0, 7, 7, 16, 11, 20, 17, 7, 0, 0, 0, 60]","""[0, 5, 4, 8, 3, 6, 4, 4, 5, 6, 4, 60, 25, 55, 0]"""
j10,1,reactive,600,False,inf,inf,inf,null,"[0, 5, 4, 8, 3, 6, 4, 4, 5, 6, 4, 60, 25, 55, 0]"
j10,1,stnu,600,True,24,0.679570198059082,0.007044792175292969,"[0, 0, 0, 0, 8, 8, 15, 11, 19, 15, 8, 0, 0, 0, 24]","""[0, 5, 4, 8, 3, 6, 4, 4, 5, 6, 4, 60, 25, 55, 0]"""
j10,1,proactive_quantile_0.9,600,False,inf,0.12200331687927246,inf,"[0, 0, 0, 0, 4, 11, 11, 14, 22, 30, 22, 0, 0, 0, 0, 0, 75]","""[0, 1, 7, 3, 8, 3, 2, 5, 3, 2, 6, 40, 25, 60, 75, 71, 0]"""
j10,1,reactive,600,False,inf,inf,inf,null,"[0, 1, 7, 3, 8, 3, 2, 5, 3, 2, 6, 40, 25, 60, 75, 71, 0]"
j10,1,stnu,600,True,27,0.7421281337738037,0.00873112678527832,"[0, 0, 0, 0, 3, 11, 11, 14, 19, 25, 19, 0, 0, 0, 0, 0, 27]","""[0, 1, 7, 3, 8, 3, 2, 5, 8, 2, 6, 40, 25, 60, 75, 71, 0]"""
j10,1,proactive_quantile_0.9,600,False,inf,0.1782209873199463,inf,"[0, 0, 0, 0, 4, 11, 11, 14, 22, 30, 22, 0, 0, 0, 0, 0, 75]","""[0, 1, 5, 3, 6, 3, 2, 8, 4, 2, 9, 40, 25, 60, 75, 71, 0]"""
j10,1,reactive,600,False,inf,inf,inf,null,"[0, 1, 5, 3, 6, 3, 2, 8, 4, 2, 9, 40, 25, 60, 75, 71, 0]"
j10,1,stnu,600,True,31,0.7281739711761475,0.008885860443115234,"[0, 0, 0, 0, 3, 9, 9, 12, 20, 29, 20, 0, 0, 0, 0, 0, 31]","""[0, 1, 5, 3, 6, 3, 2, 8, 8, 2, 9, 40, 25, 60, 75, 71, 0]"""
j10,1,proactive_quantile_0.9,600,True,32,0.15012884140014648,0.0007104873657226562,"[0, 0, 0, 0, 4, 11, 11, 14, 22, 30, 22, 0, 0, 0, 0, 0, 75]","""[0, 1, 5, 2, 7, 2, 2, 7, 4, 2, 8, 40, 25, 60, 75, 71, 0]"""
j10,1,reactive,600,True,32,0.15012884140014648,0.11091327667236328,"[0, 0, 0, 0, 4, 11, 11, 14, 22, 30, 22, 0, 0, 0, 0, 0, 32]","[0, 1, 5, 2, 7, 2, 2, 7, 4, 2, 8, 40, 25, 60, 75, 71, 0]"
j10,1,stnu,600,True,28,0.7144110202789307,0.00881195068359375,"[0, 0, 0, 0, 2, 9, 9, 11, 18, 26, 18, 0, 0, 0, 0, 0, 28]","""[0, 1, 5, 2, 7, 2, 2, 7, 10, 2, 8, 40, 25, 60, 75, 71, 0]"""
j10,1,proactive_quantile_0.9,600,True,32,0.059207916259765625,0.0006818771362304688,"[0, 0, 0, 0, 4, 11, 11, 14, 22, 30, 22, 0, 0, 0, 0, 0, 75]","""[0, 2, 4, 4, 6, 1, 3, 8, 2, 2, 6, 40, 25, 60, 75, 71, 0]"""
j10,1,reactive,600,True,30,0.059207916259765625,0.07538366317749023,"[0, 0, 0, 0, 4, 11, 11, 14, 22, 28, 22, 0, 0, 0, 0, 0, 30]","[0, 2, 4, 4, 6, 1, 3, 8, 2, 2, 6, 40, 25, 60, 75, 71, 0]"
j10,1,stnu,600,True,29,0.6638495922088623,0.008794784545898438,"[0, 0, 0, 0, 4, 10, 10, 13, 21, 27, 21, 0, 0, 0, 0, 0, 29]","""[0, 2, 4, 4, 6, 1, 3, 8, 8, 2, 6, 40, 25, 60, 75, 71, 0]"""
j10,1,proactive_quantile_0.9,600,True,32,0.042658090591430664,0.0007066726684570312,"[0, 0, 0, 0, 4, 11, 11, 14, 22, 30, 22, 0, 0, 0, 0, 0, 75]","""[0, 1, 5, 3, 7, 2, 2, 7, 4, 1, 6, 40, 25, 60, 75, 71, 0]"""
j10,1,reactive,600,True,28,0.042658090591430664,0.21306157112121582,"[0, 0, 0, 0, 4, 11, 11, 14, 22, 21, 22, 0, 0, 0, 0, 0, 28]","[0, 1, 5, 3, 7, 2, 2, 7, 4, 1, 6, 40, 25, 60, 75, 71, 0]"
j10,1,stnu,600,True,28,0.6677827835083008,0.008772134780883789,"[0, 0, 0, 0, 3, 10, 10, 12, 19, 25, 19, 0, 0, 0, 0, 0, 28]","""[0, 1, 5, 3, 7, 2, 2, 7, 9, 1, 6, 40, 25, 60, 75, 71, 0]"""
j10,1,proactive_quantile_0.9,600,True,32,0.06185555458068848,0.0007052421569824219,"[0, 0, 0, 0, 4, 11, 11, 14, 22, 30, 22, 0, 0, 0, 0, 0, 75]","""[0, 1, 5, 2, 6, 2, 1, 6, 4, 2, 7, 40, 25, 60, 75, 71, 0]"""
j10,1,reactive,600,True,29,0.06185555458068848,0.13485217094421387,"[0, 0, 0, 0, 4, 11, 11, 14, 22, 20, 22, 0, 0, 0, 0, 0, 29]","[0, 1, 5, 2, 6, 2, 1, 6, 4, 2, 7, 40, 25, 60, 75, 71, 0]"
j10,1,stnu,600,True,25,0.6963210105895996,0.008839130401611328,"[0, 0, 0, 0, 2, 8, 8, 10, 16, 23, 16, 0, 0, 0, 0, 0, 25]","""[0, 1, 5, 2, 6, 2, 1, 6, 9, 2, 7, 40, 25, 60, 75, 71, 0]"""
j10,1,proactive_quantile_0.9,600,True,32,0.0587468147277832,0.0006771087646484375,"[0, 0, 0, 0, 4, 11, 11, 14, 22, 30, 22, 0, 0, 0, 0, 0, 75]","""[0, 2, 3, 2, 5, 2, 2, 7, 4, 1, 6, 40, 25, 60, 75, 71, 0]"""
j10,1,reactive,600,True,28,0.0587468147277832,0.11805248260498047,"[0, 0, 0, 0, 4, 11, 11, 14, 22, 21, 22, 0, 0, 0, 0, 0, 28]","[0, 2, 3, 2, 5, 2, 2, 7, 4, 1, 6, 40, 25, 60, 75, 71, 0]"
j10,1,stnu,600,True,27,0.698800802230835,0.008802175521850586,"[0, 0, 0, 0, 2, 7, 7, 9, 16, 22, 16, 0, 0, 0, 0, 0, 27]","""[0, 2, 3, 2, 5, 2, 2, 7, 11, 1, 6, 40, 25, 60, 75, 71, 0]"""
j10,1,proactive_quantile_0.9,600,True,32,0.050896406173706055,0.0006957054138183594,"[0, 0, 0, 0, 4, 11, 11, 14, 22, 30, 22, 0, 0, 0, 0, 0, 75]","""[0, 2, 7, 3, 6, 2, 2, 6, 3, 1, 7, 40, 25, 60, 75, 71, 0]"""
j10,1,reactive,600,True,29,0.050896406173706055,0.11107254028320312,"[0, 0, 0, 0, 4, 11, 11, 14, 22, 20, 22, 0, 0, 0, 0, 0, 29]","[0, 2, 7, 3, 6, 2, 2, 6, 3, 1, 7, 40, 25, 60, 75, 71, 0]"
j10,1,stnu,600,True,25,0.6613864898681641,0.008748054504394531,"[0, 0, 0, 0, 3, 9, 9, 11, 17, 24, 17, 0, 0, 0, 0, 0, 25]","""[0, 2, 7, 3, 6, 2, 2, 6, 8, 1, 7, 40, 25, 60, 75, 71, 0]"""
j10,1,proactive_quantile_0.9,600,True,32,0.06247544288635254,0.0006835460662841797,"[0, 0, 0, 0, 4, 11, 11, 14, 22, 30, 22, 0, 0, 0, 0, 0, 75]","""[0, 2, 7, 1, 4, 1, 2, 7, 5, 2, 6, 40, 25, 60, 75, 71, 0]"""
j10,1,reactive,600,True,30,0.06247544288635254,0.08880782127380371,"[0, 0, 0, 0, 4, 11, 11, 14, 22, 28, 22, 0, 0, 0, 0, 0, 30]","[0, 2, 7, 1, 4, 1, 2, 7, 5, 2, 6, 40, 25, 60, 75, 71, 0]"
j10,1,stnu,600,True,25,0.6494431495666504,0.00886988639831543,"[0, 0, 0, 0, 2, 7, 7, 9, 16, 22, 16, 0, 0, 0, 0, 0, 25]","""[0, 2, 7, 1, 4, 1, 2, 7, 9, 2, 6, 40, 25, 60, 75, 71, 0]"""
j10,1,proactive_quantile_0.9,600,True,32,0.15144133567810059,0.0006659030914306641,"[0, 0, 0, 0, 4, 11, 11, 14, 22, 30, 22, 0, 0, 0, 0, 0, 75]","""[0, 2, 6, 2, 4, 1, 2, 6, 6, 1, 5, 40, 25, 60, 75, 71, 0]"""
j10,1,reactive,600,True,28,0.15144133567810059,0.1262369155883789,"[0, 0, 0, 0, 4, 11, 11, 14, 22, 20, 22, 0, 0, 0, 0, 0, 28]","[0, 2, 6, 2, 4, 1, 2, 6, 6, 1, 5, 40, 25, 60, 75, 71, 0]"
j10,1,stnu,600,True,24,0.6946635246276855,0.008745431900024414,"[0, 0, 0, 0, 2, 6, 6, 8, 14, 19, 14, 0, 0, 0, 0, 0, 24]","""[0, 2, 6, 2, 4, 1, 2, 6, 10, 1, 5, 40, 25, 60, 75, 71, 0]"""
j10,1,proactive_quantile_0.9,600,True,21,0.061949968338012695,0.0008671283721923828,"[0, 0, 0, 0, 8, 8, 3, 10, 15, 8, 10, 0, 0, 0, 0, 0, 0, 0, 74]","""[0, 3, 2, 5, 4, 2, 3, 2, 4, 1, 2, 66, 57, 56, 60, 21, 28, 74, 0]"""
j10,1,reactive,600,True,19,0.061949968338012695,0.08449745178222656,"[0, 0, 0, 0, 8, 8, 3, 10, 15, 8, 10, 0, 0, 0, 0, 0, 0, 0, 19]","[0, 3, 2, 5, 4, 2, 3, 2, 4, 1, 2, 66, 57, 56, 60, 21, 28, 74, 0]"
j10,1,stnu,600,False,inf,0.650951623916626,inf,[],"""[0, 7, 4, 6, 4, 2, 5, 2, 6, 4, 3, 66, 57, 56, 60, 21, 28, 74, 0]"""
j10,1,proactive_quantile_0.9,600,True,28,0.06894636154174805,0.0008933544158935547,"[0, 0, 0, 0, 9, 9, 11, 17, 21, 11, 17, 0, 0, 0, 0, 0, 0, 0, 74]","""[0, 9, 5, 6, 5, 7, 6, 2, 5, 7, 2, 66, 57, 56, 60, 21, 28, 74, 0]"""
j10,1,reactive,600,True,26,0.06894636154174805,0.1009526252746582,"[0, 0, 0, 0, 9, 9, 11, 17, 21, 11, 17, 0, 0, 0, 0, 0, 0, 0, 26]","[0, 9, 5, 6, 5, 7, 6, 2, 5, 7, 2, 66, 57, 56, 60, 21, 28, 74, 0]"
j10,1,stnu,600,False,inf,0.6375846862792969,inf,[],"""[0, 9, 5, 6, 5, 2, 6, 2, 5, 7, 2, 66, 57, 56, 60, 21, 28, 74, 0]"""
j10,1,proactive_quantile_0.9,600,True,21,0.12018013000488281,0.0008625984191894531,"[0, 0, 0, 0, 8, 8, 3, 10, 15, 8, 10, 0, 0, 0, 0, 0, 0, 0, 74]","""[0, 1, 2, 6, 3, 2, 1, 1, 4, 2, 3, 66, 57, 56, 60, 21, 28, 74, 0]"""
j10,1,reactive,600,True,15,0.12018013000488281,0.10300302505493164,"[0, 0, 0, 0, 8, 8, 3, 10, 11, 8, 10, 0, 0, 0, 0, 0, 0, 0, 15]","[0, 1, 2, 6, 3, 2, 1, 1, 4, 2, 3, 66, 57, 56, 60, 21, 28, 74, 0]"
j10,1,stnu,600,False,inf,0.6802752017974854,inf,[],"""[0, 9, 3, 5, 3, 2, 8, 2, 4, 3, 2, 66, 57, 56, 60, 21, 28, 74, 0]"""
j10,1,proactive_quantile_0.9,600,True,21,0.04919719696044922,0.0008962154388427734,"[0, 0, 0, 0, 8, 8, 3, 10, 15, 8, 10, 0, 0, 0, 0, 0, 0, 0, 74]","""[0, 3, 2, 4, 6, 1, 2, 1, 4, 2, 3, 66, 57, 56, 60, 21, 28, 74, 0]"""
j10,1,reactive,600,True,19,0.04919719696044922,0.12717819213867188,"[0, 0, 0, 0, 8, 8, 3, 10, 15, 8, 10, 0, 0, 0, 0, 0, 0, 0, 19]","[0, 3, 2, 4, 6, 1, 2, 1, 4, 2, 3, 66, 57, 56, 60, 21, 28, 74, 0]"
j10,1,stnu,600,False,inf,0.7847511768341064,inf,[],"""[0, 10, 6, 7, 6, 1, 8, 3, 4, 6, 3, 66, 57, 56, 60, 21, 28, 74, 0]"""
j10,1,proactive_quantile_0.9,600,True,21,0.12762880325317383,0.0008668899536132812,"[0, 0, 0, 0, 8, 8, 3, 10, 15, 8, 10, 0, 0, 0, 0, 0, 0, 0, 74]","""[0, 1, 2, 6, 5, 2, 2, 2, 4, 1, 1, 66, 57, 56, 60, 21, 28, 74, 0]"""
j10,1,reactive,600,True,19,0.12762880325317383,0.10827517509460449,"[0, 0, 0, 0, 8, 8, 3, 10, 15, 8, 10, 0, 0, 0, 0, 0, 0, 0, 19]","[0, 1, 2, 6, 5, 2, 2, 2, 4, 1, 1, 66, 57, 56, 60, 21, 28, 74, 0]"
j10,1,stnu,600,False,inf,0.6629536151885986,inf,[],"""[0, 8, 4, 8, 5, 2, 6, 3, 6, 5, 1, 66, 57, 56, 60, 21, 28, 74, 0]"""
j10,1,proactive_quantile_0.9,600,True,28,0.05662369728088379,0.0009398460388183594,"[0, 0, 0, 0, 9, 9, 11, 17, 21, 11, 17, 0, 0, 0, 0, 0, 0, 0, 74]","""[0, 10, 4, 6, 7, 7, 6, 3, 7, 7, 3, 66, 57, 56, 60, 21, 28, 74, 0]"""
j10,1,reactive,600,True,27,0.05662369728088379,0.09071087837219238,"[0, 0, 0, 0, 9, 9, 11, 17, 20, 11, 17, 0, 0, 0, 0, 0, 0, 0, 27]","[0, 10, 4, 6, 7, 7, 6, 3, 7, 7, 3, 66, 57, 56, 60, 21, 28, 74, 0]"
j10,1,stnu,600,False,inf,0.6399688720703125,inf,[],"""[0, 10, 4, 6, 7, 2, 6, 3, 7, 7, 3, 66, 57, 56, 60, 21, 28, 74, 0]"""
j10,1,proactive_quantile_0.9,600,True,28,0.05614209175109863,0.0009522438049316406,"[0, 0, 0, 0, 9, 9, 11, 17, 21, 11, 17, 0, 0, 0, 0, 0, 0, 0, 74]","""[0, 8, 3, 7, 5, 8, 6, 4, 6, 7, 3, 66, 57, 56, 60, 21, 28, 74, 0]"""
j10,1,reactive,600,True,27,0.05614209175109863,0.09595370292663574,"[0, 0, 0, 0, 9, 9, 11, 17, 21, 11, 17, 0, 0, 0, 0, 0, 0, 0, 27]","[0, 8, 3, 7, 5, 8, 6, 4, 6, 7, 3, 66, 57, 56, 60, 21, 28, 74, 0]"
j10,1,stnu,600,True,17,0.7540113925933838,0.010633707046508789,"[0, 0, 0, 0, 6, 6, 2, 8, 11, 6, 8, 0, 0, 0, 0, 0, 0, 0, 17]","""[0, 1, 2, 6, 5, 1, 1, 1, 6, 2, 7, 66, 57, 56, 60, 21, 28, 74, 0]"""
j10,1,proactive_quantile_0.9,600,True,28,0.06736469268798828,0.0009126663208007812,"[0, 0, 0, 0, 9, 9, 11, 17, 21, 11, 17, 0, 0, 0, 0, 0, 0, 0, 74]","""[0, 7, 5, 8, 5, 6, 6, 3, 4, 6, 4, 66, 57, 56, 60, 21, 28, 74, 0]"""
j10,1,reactive,600,True,25,0.06736469268798828,0.09604263305664062,"[0, 0, 0, 0, 9, 9, 11, 17, 21, 11, 17, 0, 0, 0, 0, 0, 0, 0, 25]","[0, 7, 5, 8, 5, 6, 6, 3, 4, 6, 4, 66, 57, 56, 60, 21, 28, 74, 0]"
j10,1,stnu,600,False,inf,0.6237733364105225,inf,[],"""[0, 7, 5, 8, 5, 1, 6, 3, 4, 6, 4, 66, 57, 56, 60, 21, 28, 74, 0]"""
j10,1,proactive_quantile_0.9,600,True,21,0.0627436637878418,0.0008952617645263672,"[0, 0, 0, 0, 8, 8, 3, 10, 15, 8, 10, 0, 0, 0, 0, 0, 0, 0, 74]","""[0, 2, 1, 7, 6, 1, 2, 1, 3, 2, 1, 66, 57, 56, 60, 21, 28, 74, 0]"""
j10,1,reactive,600,True,18,0.0627436637878418,0.21764373779296875,"[0, 0, 0, 0, 8, 8, 3, 10, 15, 8, 10, 0, 0, 0, 0, 0, 0, 0, 18]","[0, 2, 1, 7, 6, 1, 2, 1, 3, 2, 1, 66, 57, 56, 60, 21, 28, 74, 0]"
j10,1,stnu,600,False,inf,0.6895143985748291,inf,[],"""[0, 9, 4, 7, 6, 1, 5, 4, 6, 5, 1, 66, 57, 56, 60, 21, 28, 74, 0]"""
j10,1,proactive_quantile_0.9,600,True,22,0.07312560081481934,0.0008580684661865234,"[0, 0, 0, 0, 8, 8, 3, 10, 15, 8, 10, 0, 0, 0, 0, 0, 0, 0, 74]","""[0, 2, 3, 6, 6, 1, 3, 2, 6, 2, 2, 66, 57, 56, 60, 21, 28, 74, 0]"""
j10,1,reactive,600,True,21,0.07312560081481934,0.08404994010925293,"[0, 0, 0, 0, 8, 8, 3, 10, 15, 8, 10, 0, 0, 0, 0, 0, 0, 0, 21]","[0, 2, 3, 6, 6, 1, 3, 2, 6, 2, 2, 66, 57, 56, 60, 21, 28, 74, 0]"
j10,1,stnu,600,False,inf,0.6329202651977539,inf,[],"""[0, 9, 4, 5, 6, 2, 7, 2, 6, 3, 2, 66, 57, 56, 60, 21, 28, 74, 0]"""
j10,1,proactive_quantile_0.9,600,True,30,0.05479025840759277,0.0005030632019042969,"[0, 0, 0, 0, 7, 7, 12, 12, 19, 19, 19, 0, 0, 0, 0, 70]","""[0, 6, 1, 6, 4, 1, 5, 4, 6, 7, 10, 18, 70, 50, 23, 0]"""
j10,1,reactive,600,True,29,0.05479025840759277,0.13380694389343262,"[0, 0, 0, 0, 7, 7, 12, 12, 19, 19, 19, 0, 0, 0, 0, 29]","[0, 6, 1, 6, 4, 1, 5, 4, 6, 7, 10, 18, 70, 50, 23, 0]"
j10,1,stnu,600,True,25,0.6638393402099609,0.007649660110473633,"[0, 0, 0, 0, 6, 6, 10, 10, 15, 15, 15, 0, 0, 0, 0, 25]","""[0, 6, 1, 6, 4, 1, 5, 4, 6, 7, 10, 18, 70, 50, 23, 0]"""
j10,1,proactive_quantile_0.9,600,True,17,0.11629438400268555,0.0004799365997314453,"[0, 0, 0, 0, 2, 2, 5, 5, 10, 10, 10, 0, 0, 0, 0, 70]","""[0, 7, 2, 1, 1, 4, 5, 4, 6, 3, 6, 18, 70, 50, 23, 0]"""
j10,1,reactive,600,True,16,0.11629438400268555,0.10093998908996582,"[0, 0, 0, 0, 2, 2, 5, 5, 10, 10, 10, 0, 0, 0, 0, 16]","[0, 7, 2, 1, 1, 4, 5, 4, 6, 3, 6, 18, 70, 50, 23, 0]"
j10,1,stnu,600,True,24,0.711923360824585,0.007647275924682617,"[0, 0, 0, 0, 5, 5, 10, 10, 14, 14, 14, 0, 0, 0, 0, 24]","""[0, 7, 2, 5, 5, 2, 4, 4, 6, 6, 10, 18, 70, 50, 23, 0]"""
j10,1,proactive_quantile_0.9,600,True,17,0.1310286521911621,0.0005028247833251953,"[0, 0, 0, 0, 2, 2, 5, 5, 10, 10, 10, 0, 0, 0, 0, 70]","""[0, 6, 2, 1, 3, 4, 3, 5, 7, 5, 7, 18, 70, 50, 23, 0]"""
j10,1,reactive,600,True,17,0.1310286521911621,0.041567325592041016,"[0, 0, 0, 0, 2, 2, 5, 5, 8, 10, 10, 0, 0, 0, 0, 17]","[0, 6, 2, 1, 3, 4, 3, 5, 7, 5, 7, 18, 70, 50, 23, 0]"
j10,1,stnu,600,True,24,0.7126731872558594,0.00782918930053711,"[0, 0, 0, 0, 4, 4, 10, 10, 15, 15, 15, 0, 0, 0, 0, 24]","""[0, 8, 2, 4, 6, 2, 5, 5, 7, 8, 9, 18, 70, 50, 23, 0]"""
j10,1,proactive_quantile_0.9,600,True,30,0.06005048751831055,0.0005369186401367188,"[0, 0, 0, 0, 7, 7, 12, 12, 19, 19, 19, 0, 0, 0, 0, 70]","""[0, 6, 2, 6, 4, 2, 5, 2, 5, 9, 9, 18, 70, 50, 23, 0]"""
j10,1,reactive,600,True,28,0.06005048751831055,0.09808754920959473,"[0, 0, 0, 0, 7, 7, 12, 12, 19, 19, 19, 0, 0, 0, 0, 28]","[0, 6, 2, 6, 4, 2, 5, 2, 5, 9, 9, 18, 70, 50, 23, 0]"
j10,1,stnu,600,True,24,0.8080234527587891,0.007721424102783203,"[0, 0, 0, 0, 6, 6, 10, 10, 15, 15, 15, 0, 0, 0, 0, 24]","""[0, 6, 2, 6, 4, 2, 5, 2, 5, 9, 9, 18, 70, 50, 23, 0]"""
j10,1,proactive_quantile_0.9,600,True,30,0.06273293495178223,0.0005521774291992188,"[0, 0, 0, 0, 7, 7, 12, 12, 19, 19, 19, 0, 0, 0, 0, 70]","""[0, 8, 2, 6, 4, 1, 7, 4, 6, 6, 8, 18, 70, 50, 23, 0]"""
j10,1,reactive,600,True,27,0.06273293495178223,0.10460615158081055,"[0, 0, 0, 0, 7, 7, 12, 12, 19, 19, 19, 0, 0, 0, 0, 27]","[0, 8, 2, 6, 4, 1, 7, 4, 6, 6, 8, 18, 70, 50, 23, 0]"
j10,1,stnu,600,True,25,0.6353108882904053,0.007712841033935547,"[0, 0, 0, 0, 6, 6, 10, 10, 17, 17, 17, 0, 0, 0, 0, 25]","""[0, 8, 2, 6, 4, 1, 7, 4, 6, 6, 8, 18, 70, 50, 23, 0]"""
j10,1,proactive_quantile_0.9,600,True,17,0.13851690292358398,0.0004990100860595703,"[0, 0, 0, 0, 2, 2, 5, 5, 10, 10, 10, 0, 0, 0, 0, 70]","""[0, 8, 2, 1, 1, 6, 5, 3, 7, 3, 4, 18, 70, 50, 23, 0]"""
j10,1,reactive,600,True,17,0.13851690292358398,0.07539606094360352,"[0, 0, 0, 0, 2, 2, 5, 5, 10, 10, 10, 0, 0, 0, 0, 17]","[0, 8, 2, 1, 1, 6, 5, 3, 7, 3, 4, 18, 70, 50, 23, 0]"
j10,1,stnu,600,True,21,0.698723316192627,0.007671356201171875,"[0, 0, 0, 0, 5, 5, 8, 8, 13, 13, 13, 0, 0, 0, 0, 21]","""[0, 7, 2, 5, 3, 3, 5, 3, 7, 7, 8, 18, 70, 50, 23, 0]"""
j10,1,proactive_quantile_0.9,600,True,17,0.04099154472351074,0.0004932880401611328,"[0, 0, 0, 0, 2, 2, 5, 5, 10, 10, 10, 0, 0, 0, 0, 70]","""[0, 6, 2, 1, 1, 2, 5, 2, 1, 5, 4, 18, 70, 50, 23, 0]"""
j10,1,reactive,600,True,15,0.04099154472351074,0.08300113677978516,"[0, 0, 0, 0, 2, 2, 5, 5, 10, 10, 10, 0, 0, 0, 0, 15]","[0, 6, 2, 1, 1, 2, 5, 2, 1, 5, 4, 18, 70, 50, 23, 0]"
j10,1,stnu,600,True,13,0.7737274169921875,0.007653951644897461,"[0, 0, 0, 0, 2, 2, 3, 3, 8, 8, 8, 0, 0, 0, 0, 13]","""[0, 6, 2, 1, 1, 4, 5, 2, 1, 5, 4, 18, 70, 50, 23, 0]"""
j10,1,proactive_quantile_0.9,600,True,30,0.05303502082824707,0.0005106925964355469,"[0, 0, 0, 0, 7, 7, 12, 12, 19, 19, 19, 0, 0, 0, 0, 70]","""[0, 7, 2, 7, 3, 3, 4, 4, 6, 5, 11, 18, 70, 50, 23, 0]"""
j10,1,reactive,600,True,30,0.05303502082824707,0.08784723281860352,"[0, 0, 0, 0, 7, 7, 12, 12, 19, 19, 19, 0, 0, 0, 0, 30]","[0, 7, 2, 7, 3, 3, 4, 4, 6, 5, 11, 18, 70, 50, 23, 0]"
j10,1,stnu,600,True,25,0.684553861618042,0.007690906524658203,"[0, 0, 0, 0, 7, 7, 10, 10, 14, 14, 14, 0, 0, 0, 0, 25]","""[0, 7, 2, 7, 3, 3, 4, 4, 6, 5, 11, 18, 70, 50, 23, 0]"""
j10,1,proactive_quantile_0.9,600,True,17,0.12277960777282715,0.0005090236663818359,"[0, 0, 0, 0, 2, 2, 5, 5, 10, 10, 10, 0, 0, 0, 0, 70]","""[0, 6, 2, 1, 2, 3, 4, 4, 5, 5, 8, 18, 70, 50, 23, 0]"""
j10,1,reactive,600,True,18,0.12277960777282715,0.1042788028717041,"[0, 0, 0, 0, 2, 2, 5, 5, 10, 10, 10, 0, 0, 0, 0, 18]","[0, 6, 2, 1, 2, 3, 4, 4, 5, 5, 8, 18, 70, 50, 23, 0]"
j10,1,stnu,600,True,23,0.6710047721862793,0.007736921310424805,"[0, 0, 0, 0, 3, 3, 9, 9, 14, 14, 14, 0, 0, 0, 0, 23]","""[0, 9, 2, 3, 4, 3, 5, 4, 5, 9, 8, 18, 70, 50, 23, 0]"""
j10,1,proactive_quantile_0.9,600,True,30,0.05544114112854004,0.0005116462707519531,"[0, 0, 0, 0, 7, 7, 12, 12, 19, 19, 19, 0, 0, 0, 0, 70]","""[0, 7, 2, 7, 3, 3, 5, 3, 7, 6, 7, 18, 70, 50, 23, 0]"""
j10,1,reactive,600,True,26,0.05544114112854004,0.08543586730957031,"[0, 0, 0, 0, 7, 7, 12, 12, 19, 19, 19, 0, 0, 0, 0, 26]","[0, 7, 2, 7, 3, 3, 5, 3, 7, 6, 7, 18, 70, 50, 23, 0]"
j10,1,stnu,600,True,22,0.6729705333709717,0.007684469223022461,"[0, 0, 0, 0, 7, 7, 10, 10, 15, 15, 15, 0, 0, 0, 0, 22]","""[0, 7, 2, 7, 3, 3, 5, 3, 7, 6, 7, 18, 70, 50, 23, 0]"""
j10,1,stnu,600,False,inf,0.8280987739562988,inf,[],"""[0, 1, 2, 5, 6, 3, 1, 6, 3, 2, 1, 2, 43, 71, 64, 53, 15, 43, 37, 46, 0]"""
j10,1,stnu,600,False,inf,0.6469740867614746,inf,[],"""[0, 2, 1, 5, 7, 5, 2, 7, 4, 2, 1, 2, 43, 71, 64, 53, 15, 43, 37, 46, 0]"""
j10,1,stnu,600,False,inf,0.6805613040924072,inf,[],"""[0, 2, 1, 5, 6, 4, 2, 7, 1, 2, 2, 2, 43, 71, 64, 53, 15, 43, 37, 46, 0]"""
j10,1,stnu,600,False,inf,0.8282454013824463,inf,[],"""[0, 3, 8, 3, 6, 5, 5, 8, 3, 1, 3, 2, 43, 71, 64, 53, 15, 43, 37, 46, 0]"""
j10,1,stnu,600,False,inf,0.611562967300415,inf,[],"""[0, 2, 1, 5, 7, 6, 2, 8, 2, 2, 1, 2, 43, 71, 64, 53, 15, 43, 37, 46, 0]"""
j10,1,stnu,600,False,inf,0.6684794425964355,inf,[],"""[0, 2, 7, 2, 7, 2, 4, 10, 4, 1, 6, 2, 43, 71, 64, 53, 15, 43, 37, 46, 0]"""
j10,1,stnu,600,False,inf,0.6304316520690918,inf,[],"""[0, 3, 8, 4, 7, 3, 3, 10, 3, 3, 4, 2, 43, 71, 64, 53, 15, 43, 37, 46, 0]"""
j10,1,stnu,600,False,inf,0.6358034610748291,inf,[],"""[0, 3, 1, 5, 5, 5, 2, 6, 3, 2, 1, 2, 43, 71, 64, 53, 15, 43, 37, 46, 0]"""
j10,1,stnu,600,False,inf,0.919959545135498,inf,[],"""[0, 3, 2, 5, 7, 5, 2, 6, 1, 3, 2, 2, 43, 71, 64, 53, 15, 43, 37, 46, 0]"""
j10,1,stnu,600,False,inf,0.7789726257324219,inf,[],"""[0, 2, 1, 5, 4, 3, 3, 7, 2, 3, 1, 2, 43, 71, 64, 53, 15, 43, 37, 46, 0]"""
j10,1,proactive_quantile_0.9,600,True,21,0.05779004096984863,0.0002460479736328125,"[0, 0, 0, 0, 4, 4, 7, 11, 13, 15, 15, 0, 0, 23]","""[0, 3, 7, 4, 8, 6, 1, 2, 1, 5, 2, 23, 13, 0]"""
j10,1,reactive,600,True,20,0.05779004096984863,0.11463761329650879,"[0, 0, 0, 0, 4, 4, 7, 11, 13, 15, 15, 0, 0, 20]","[0, 3, 7, 4, 8, 6, 1, 2, 1, 5, 2, 23, 13, 0]"
j10,1,stnu,600,True,18,0.6842269897460938,0.005873918533325195,"[0, 0, 0, 0, 4, 4, 7, 8, 12, 13, 13, 0, 0, 18]","""[0, 3, 7, 4, 8, 6, 1, 2, 1, 5, 2, 23, 13, 0]"""
j10,1,proactive_quantile_0.9,600,True,21,0.055193424224853516,0.00027370452880859375,"[0, 0, 0, 0, 4, 4, 7, 11, 13, 15, 15, 0, 0, 23]","""[0, 5, 7, 2, 9, 3, 2, 2, 1, 3, 2, 23, 13, 0]"""
j10,1,reactive,600,True,16,0.055193424224853516,0.09737181663513184,"[0, 0, 0, 0, 4, 4, 7, 11, 13, 13, 14, 0, 0, 16]","[0, 5, 7, 2, 9, 3, 2, 2, 1, 3, 2, 23, 13, 0]"
j10,1,stnu,600,True,15,0.6641299724578857,0.006024837493896484,"[0, 0, 0, 0, 2, 2, 7, 9, 11, 12, 12, 0, 0, 15]","""[0, 5, 7, 2, 9, 3, 2, 2, 1, 3, 2, 23, 13, 0]"""
j10,1,proactive_quantile_0.9,600,True,21,0.13906240463256836,0.00028204917907714844,"[0, 0, 0, 0, 4, 4, 7, 11, 13, 15, 15, 0, 0, 23]","""[0, 5, 6, 4, 7, 7, 2, 2, 1, 4, 2, 23, 13, 0]"""
j10,1,reactive,600,True,19,0.13906240463256836,0.10509538650512695,"[0, 0, 0, 0, 4, 4, 7, 11, 13, 15, 15, 0, 0, 19]","[0, 5, 6, 4, 7, 7, 2, 2, 1, 4, 2, 23, 13, 0]"
j10,1,stnu,600,True,16,0.9109139442443848,0.006056070327758789,"[0, 0, 0, 0, 4, 4, 6, 8, 11, 12, 12, 0, 0, 16]","""[0, 5, 6, 4, 7, 7, 2, 2, 1, 4, 2, 23, 13, 0]"""
j10,1,proactive_quantile_0.9,600,True,21,0.0568084716796875,0.000244140625,"[0, 0, 0, 0, 4, 4, 7, 11, 13, 15, 15, 0, 0, 23]","""[0, 5, 7, 3, 7, 5, 3, 3, 1, 4, 2, 23, 13, 0]"""
j10,1,reactive,600,True,19,0.0568084716796875,0.10158371925354004,"[0, 0, 0, 0, 4, 4, 7, 11, 13, 15, 15, 0, 0, 19]","[0, 5, 7, 3, 7, 5, 3, 3, 1, 4, 2, 23, 13, 0]"
j10,1,stnu,600,True,17,0.6824455261230469,0.005888462066650391,"[0, 0, 0, 0, 3, 3, 7, 10, 10, 13, 13, 0, 0, 17]","""[0, 5, 7, 3, 7, 5, 3, 3, 1, 4, 2, 23, 13, 0]"""
j10,1,proactive_quantile_0.9,600,True,21,0.05648183822631836,0.00024366378784179688,"[0, 0, 0, 0, 4, 4, 7, 11, 13, 15, 15, 0, 0, 23]","""[0, 2, 6, 3, 8, 6, 3, 2, 1, 6, 2, 23, 13, 0]"""
j10,1,reactive,600,True,19,0.05648183822631836,0.13073277473449707,"[0, 0, 0, 0, 4, 4, 7, 11, 13, 13, 14, 0, 0, 19]","[0, 2, 6, 3, 8, 6, 3, 2, 1, 6, 2, 23, 13, 0]"
j10,1,stnu,600,True,18,0.6684434413909912,0.005849123001098633,"[0, 0, 0, 0, 3, 3, 6, 9, 11, 12, 12, 0, 0, 18]","""[0, 2, 6, 3, 8, 6, 3, 2, 1, 6, 2, 23, 13, 0]"""
j10,1,proactive_quantile_0.9,600,True,21,0.0914609432220459,0.00024366378784179688,"[0, 0, 0, 0, 4, 4, 7, 11, 13, 15, 15, 0, 0, 23]","""[0, 5, 5, 3, 9, 5, 2, 4, 1, 5, 2, 23, 13, 0]"""
j10,1,reactive,600,True,20,0.0914609432220459,0.1006767749786377,"[0, 0, 0, 0, 4, 4, 7, 11, 13, 15, 15, 0, 0, 20]","[0, 5, 5, 3, 9, 5, 2, 4, 1, 5, 2, 23, 13, 0]"
j10,1,stnu,600,True,18,0.6647355556488037,0.005891084671020508,"[0, 0, 0, 0, 3, 3, 5, 7, 12, 13, 13, 0, 0, 18]","""[0, 5, 5, 3, 9, 5, 2, 4, 1, 5, 2, 23, 13, 0]"""
j10,1,proactive_quantile_0.9,600,True,21,0.06384634971618652,0.00023794174194335938,"[0, 0, 0, 0, 4, 4, 7, 11, 13, 15, 15, 0, 0, 23]","""[0, 6, 6, 3, 8, 5, 3, 3, 1, 4, 2, 23, 13, 0]"""
j10,1,reactive,600,True,19,0.06384634971618652,0.123321533203125,"[0, 0, 0, 0, 4, 4, 7, 11, 13, 15, 15, 0, 0, 19]","[0, 6, 6, 3, 8, 5, 3, 3, 1, 4, 2, 23, 13, 0]"
j10,1,stnu,600,True,16,0.662437915802002,0.00591588020324707,"[0, 0, 0, 0, 3, 3, 6, 9, 11, 12, 12, 0, 0, 16]","""[0, 6, 6, 3, 8, 5, 3, 3, 1, 4, 2, 23, 13, 0]"""
j10,1,proactive_quantile_0.9,600,True,21,0.12928056716918945,0.00027441978454589844,"[0, 0, 0, 0, 4, 4, 7, 11, 13, 15, 15, 0, 0, 23]","""[0, 4, 6, 3, 8, 4, 4, 3, 2, 3, 3, 23, 13, 0]"""
j10,1,reactive,600,True,18,0.12928056716918945,0.10147333145141602,"[0, 0, 0, 0, 4, 4, 7, 11, 13, 15, 15, 0, 0, 18]","[0, 4, 6, 3, 8, 4, 4, 3, 2, 3, 3, 23, 13, 0]"
j10,1,stnu,600,True,16,0.7178106307983398,0.0059969425201416016,"[0, 0, 0, 0, 3, 3, 6, 10, 11, 13, 13, 0, 0, 16]","""[0, 4, 6, 3, 8, 4, 4, 3, 2, 3, 3, 23, 13, 0]"""
j10,1,proactive_quantile_0.9,600,True,21,0.05477404594421387,0.00023126602172851562,"[0, 0, 0, 0, 4, 4, 7, 11, 13, 15, 15, 0, 0, 23]","""[0, 3, 7, 1, 8, 6, 2, 3, 1, 7, 2, 23, 13, 0]"""
j10,1,reactive,600,True,22,0.05477404594421387,0.11587190628051758,"[0, 0, 0, 0, 4, 4, 7, 11, 13, 15, 15, 0, 0, 22]","[0, 3, 7, 1, 8, 6, 2, 3, 1, 7, 2, 23, 13, 0]"
j10,1,stnu,600,True,19,0.6462311744689941,0.005834817886352539,"[0, 0, 0, 0, 1, 1, 7, 9, 9, 12, 12, 0, 0, 19]","""[0, 3, 7, 1, 8, 6, 2, 3, 1, 7, 2, 23, 13, 0]"""
j10,1,proactive_quantile_0.9,600,True,21,0.057738542556762695,0.00023555755615234375,"[0, 0, 0, 0, 4, 4, 7, 11, 13, 15, 15, 0, 0, 23]","""[0, 3, 6, 2, 7, 5, 3, 2, 2, 5, 3, 23, 13, 0]"""
j10,1,reactive,600,True,20,0.057738542556762695,0.12303566932678223,"[0, 0, 0, 0, 4, 4, 7, 11, 13, 15, 15, 0, 0, 20]","[0, 3, 6, 2, 7, 5, 3, 2, 2, 5, 3, 23, 13, 0]"
j10,1,stnu,600,True,16,0.6579642295837402,0.005865573883056641,"[0, 0, 0, 0, 2, 2, 6, 9, 9, 11, 11, 0, 0, 16]","""[0, 3, 6, 2, 7, 5, 3, 2, 2, 5, 3, 23, 13, 0]"""
j10,1,proactive_quantile_0.9,600,True,26,0.06934380531311035,0.0007417201995849609,"[0, 0, 0, 0, 5, 5, 9, 10, 16, 15, 5, 0, 0, 0, 0, 0, 0, 0, 69]","""[0, 3, 4, 4, 1, 4, 5, 3, 4, 9, 2, 69, 52, 33, 29, 12, 35, 64, 0]"""
j10,1,reactive,600,True,24,0.06934380531311035,0.1070854663848877,"[0, 0, 0, 0, 5, 5, 9, 10, 16, 15, 5, 0, 0, 0, 0, 0, 0, 0, 24]","[0, 3, 4, 4, 1, 4, 5, 3, 4, 9, 2, 69, 52, 33, 29, 12, 35, 64, 0]"
j10,1,stnu,600,True,20,0.8584823608398438,0.010492086410522461,"[0, 0, 0, 0, 4, 4, 6, 8, 11, 11, 4, 0, 0, 0, 0, 0, 0, 0, 20]","""[0, 3, 4, 4, 1, 4, 5, 3, 4, 9, 2, 69, 52, 33, 29, 12, 35, 64, 0]"""
j10,1,proactive_quantile_0.9,600,True,14,0.05781960487365723,0.0007379055023193359,"[0, 0, 0, 0, 4, 4, 6, 8, 8, 11, 4, 0, 0, 0, 0, 0, 0, 0, 69]","""[0, 2, 3, 2, 2, 4, 1, 3, 2, 2, 2, 69, 52, 33, 29, 12, 35, 64, 0]"""
j10,1,reactive,600,True,13,0.05781960487365723,0.05567312240600586,"[0, 0, 0, 0, 4, 4, 6, 8, 8, 11, 4, 0, 0, 0, 0, 0, 0, 0, 13]","[0, 2, 3, 2, 2, 4, 1, 3, 2, 2, 2, 69, 52, 33, 29, 12, 35, 64, 0]"
j10,1,stnu,600,True,22,0.7541773319244385,0.0105743408203125,"[0, 0, 0, 0, 4, 4, 6, 7, 13, 13, 4, 0, 0, 0, 0, 0, 0, 0, 22]","""[0, 2, 3, 4, 1, 3, 7, 6, 3, 9, 2, 69, 52, 33, 29, 12, 35, 64, 0]"""
j10,1,proactive_quantile_0.9,600,True,14,0.0571589469909668,0.0006952285766601562,"[0, 0, 0, 0, 4, 4, 6, 8, 8, 11, 4, 0, 0, 0, 0, 0, 0, 0, 69]","""[0, 3, 1, 2, 1, 1, 1, 2, 2, 2, 1, 69, 52, 33, 29, 12, 35, 64, 0]"""
j10,1,reactive,600,True,13,0.0571589469909668,0.1107487678527832,"[0, 0, 0, 0, 4, 4, 6, 8, 8, 11, 4, 0, 0, 0, 0, 0, 0, 0, 13]","[0, 3, 1, 2, 1, 1, 1, 2, 2, 2, 1, 69, 52, 33, 29, 12, 35, 64, 0]"
j10,1,stnu,600,True,22,0.7388584613800049,0.010516166687011719,"[0, 0, 0, 0, 4, 4, 6, 8, 12, 13, 4, 0, 0, 0, 0, 0, 0, 0, 22]","""[0, 2, 3, 4, 2, 4, 6, 5, 4, 9, 1, 69, 52, 33, 29, 12, 35, 64, 0]"""
j10,1,proactive_quantile_0.9,600,True,26,0.050017595291137695,0.0007691383361816406,"[0, 0, 0, 0, 5, 5, 9, 10, 16, 15, 5, 0, 0, 0, 0, 0, 0, 0, 69]","""[0, 4, 5, 4, 3, 4, 8, 3, 2, 9, 2, 69, 52, 33, 29, 12, 35, 64, 0]"""
j10,1,reactive,600,False,inf,inf,inf,null,"[0, 4, 5, 4, 3, 4, 8, 3, 2, 9, 2, 69, 52, 33, 29, 12, 35, 64, 0]"
j10,1,stnu,600,True,24,0.7268447875976562,0.010487556457519531,"[0, 0, 0, 0, 4, 5, 7, 9, 15, 15, 4, 0, 0, 0, 0, 0, 0, 0, 24]","""[0, 4, 5, 4, 3, 4, 8, 3, 2, 9, 2, 69, 52, 33, 29, 12, 35, 64, 0]"""
j10,1,proactive_quantile_0.9,600,True,16,0.07110905647277832,0.0007319450378417969,"[0, 0, 0, 0, 4, 4, 8, 10, 11, 13, 5, 0, 0, 0, 0, 0, 0, 0, 69]","""[0, 2, 2, 3, 3, 7, 1, 2, 5, 2, 1, 69, 52, 33, 29, 12, 35, 64, 0]"""
j10,1,reactive,600,False,inf,inf,inf,null,"[0, 2, 2, 3, 3, 7, 1, 2, 5, 2, 1, 69, 52, 33, 29, 12, 35, 64, 0]"
j10,1,stnu,600,True,22,0.7842800617218018,0.010457515716552734,"[0, 0, 0, 0, 4, 4, 7, 10, 13, 15, 4, 0, 0, 0, 0, 0, 0, 0, 22]","""[0, 3, 4, 4, 3, 6, 6, 5, 5, 7, 1, 69, 52, 33, 29, 12, 35, 64, 0]"""
j10,1,proactive_quantile_0.9,600,True,14,0.0447697639465332,0.0007045269012451172,"[0, 0, 0, 0, 4, 4, 6, 8, 8, 11, 4, 0, 0, 0, 0, 0, 0, 0, 69]","""[0, 1, 1, 3, 2, 2, 2, 2, 3, 2, 1, 69, 52, 33, 29, 12, 35, 64, 0]"""
j10,1,reactive,600,True,12,0.0447697639465332,0.08312869071960449,"[0, 0, 0, 0, 4, 4, 6, 8, 8, 10, 4, 0, 0, 0, 0, 0, 0, 0, 12]","[0, 1, 1, 3, 2, 2, 2, 2, 3, 2, 1, 69, 52, 33, 29, 12, 35, 64, 0]"
j10,1,stnu,600,True,18,0.6549746990203857,0.010477304458618164,"[0, 0, 0, 0, 3, 4, 5, 6, 11, 11, 3, 0, 0, 0, 0, 0, 0, 0, 18]","""[0, 2, 4, 3, 2, 2, 6, 5, 3, 7, 1, 69, 52, 33, 29, 12, 35, 64, 0]"""
j10,1,proactive_quantile_0.9,600,True,26,0.05747413635253906,0.0007963180541992188,"[0, 0, 0, 0, 5, 5, 9, 10, 16, 15, 5, 0, 0, 0, 0, 0, 0, 0, 69]","""[0, 2, 3, 4, 3, 4, 4, 4, 3, 7, 2, 69, 52, 33, 29, 12, 35, 64, 0]"""
j10,1,reactive,600,True,22,0.05747413635253906,0.10168027877807617,"[0, 0, 0, 0, 5, 5, 9, 10, 16, 15, 5, 0, 0, 0, 0, 0, 0, 0, 22]","[0, 2, 3, 4, 3, 4, 4, 4, 3, 7, 2, 69, 52, 33, 29, 12, 35, 64, 0]"
j10,1,stnu,600,True,19,0.6980562210083008,0.010820865631103516,"[0, 0, 0, 0, 4, 4, 7, 8, 11, 12, 4, 0, 0, 0, 0, 0, 0, 0, 19]","""[0, 2, 3, 4, 3, 4, 4, 4, 3, 7, 2, 69, 52, 33, 29, 12, 35, 64, 0]"""
j10,1,proactive_quantile_0.9,600,True,14,0.05922293663024902,0.0007381439208984375,"[0, 0, 0, 0, 4, 4, 6, 8, 8, 11, 4, 0, 0, 0, 0, 0, 0, 0, 69]","""[0, 1, 1, 1, 1, 3, 2, 3, 1, 1, 1, 69, 52, 33, 29, 12, 35, 64, 0]"""
j10,1,reactive,600,True,12,0.05922293663024902,0.08750081062316895,"[0, 0, 0, 0, 4, 4, 6, 8, 8, 11, 4, 0, 0, 0, 0, 0, 0, 0, 12]","[0, 1, 1, 1, 1, 3, 2, 3, 1, 1, 1, 69, 52, 33, 29, 12, 35, 64, 0]"
j10,1,stnu,600,True,22,0.6389825344085693,0.010413885116577148,"[0, 0, 0, 0, 3, 3, 6, 9, 12, 12, 3, 0, 0, 0, 0, 0, 0, 0, 22]","""[0, 3, 3, 2, 3, 6, 6, 3, 5, 10, 1, 69, 52, 33, 29, 12, 35, 64, 0]"""
j10,1,proactive_quantile_0.9,600,True,26,0.06178164482116699,0.0007345676422119141,"[0, 0, 0, 0, 5, 5, 9, 10, 16, 15, 5, 0, 0, 0, 0, 0, 0, 0, 69]","""[0, 3, 4, 5, 3, 3, 4, 3, 3, 11, 1, 69, 52, 33, 29, 12, 35, 64, 0]"""
j10,1,reactive,600,True,26,0.06178164482116699,0.08769536018371582,"[0, 0, 0, 0, 5, 5, 9, 10, 13, 15, 5, 0, 0, 0, 0, 0, 0, 0, 26]","[0, 3, 4, 5, 3, 3, 4, 3, 3, 11, 1, 69, 52, 33, 29, 12, 35, 64, 0]"
j10,1,stnu,600,True,12,0.6509027481079102,0.010293722152709961,"[0, 0, 0, 0, 4, 4, 6, 7, 7, 10, 4, 0, 0, 0, 0, 0, 0, 0, 12]","""[0, 2, 1, 4, 2, 3, 1, 3, 1, 2, 1, 69, 52, 33, 29, 12, 35, 64, 0]"""
j10,1,proactive_quantile_0.9,600,True,26,0.06077742576599121,0.0007424354553222656,"[0, 0, 0, 0, 5, 5, 9, 10, 16, 15, 5, 0, 0, 0, 0, 0, 0, 0, 69]","""[0, 2, 4, 4, 3, 4, 6, 4, 3, 10, 2, 69, 52, 33, 29, 12, 35, 64, 0]"""
j10,1,reactive,600,True,25,0.06077742576599121,0.10288810729980469,"[0, 0, 0, 0, 5, 5, 9, 10, 16, 15, 5, 0, 0, 0, 0, 0, 0, 0, 25]","[0, 2, 4, 4, 3, 4, 6, 4, 3, 10, 2, 69, 52, 33, 29, 12, 35, 64, 0]"
j10,1,stnu,600,True,11,0.853405237197876,0.010180473327636719,"[0, 0, 0, 0, 3, 2, 5, 4, 7, 8, 3, 0, 0, 0, 0, 0, 0, 0, 11]","""[0, 3, 2, 2, 2, 2, 2, 2, 1, 3, 2, 69, 52, 33, 29, 12, 35, 64, 0]"""
j10,1,proactive_quantile_0.9,600,True,16,0.0387415885925293,0.0001862049102783203,"[0, 0, 0, 0, 3, 5, 5, 8, 12, 12, 5, 0, 16]","""[0, 2, 3, 3, 2, 3, 5, 2, 2, 2, 8, 10, 0]"""
j10,1,reactive,600,True,14,0.0387415885925293,0.09273314476013184,"[0, 0, 0, 0, 3, 5, 5, 8, 12, 12, 5, 0, 14]","[0, 2, 3, 3, 2, 3, 5, 2, 2, 2, 8, 10, 0]"
j10,1,stnu,600,False,inf,0.6954233646392822,inf,[],"""[0, 2, 3, 3, 2, 3, 5, 2, 2, 2, 6, 10, 0]"""
j10,1,proactive_quantile_0.9,600,True,16,0.1333146095275879,0.00017499923706054688,"[0, 0, 0, 0, 3, 5, 5, 8, 12, 12, 5, 0, 16]","""[0, 2, 4, 4, 2, 1, 4, 2, 4, 2, 8, 10, 0]"""
j10,1,reactive,600,True,16,0.1333146095275879,0.08534979820251465,"[0, 0, 0, 0, 3, 5, 5, 8, 12, 12, 5, 0, 16]","[0, 2, 4, 4, 2, 1, 4, 2, 4, 2, 8, 10, 0]"
j10,1,stnu,600,False,inf,0.6481695175170898,inf,[],"""[0, 2, 4, 4, 2, 1, 4, 2, 4, 2, 6, 10, 0]"""
j10,1,proactive_quantile_0.9,600,True,16,0.05096125602722168,0.00019669532775878906,"[0, 0, 0, 0, 3, 5, 5, 8, 12, 13, 5, 0, 16]","""[0, 2, 3, 3, 1, 3, 4, 3, 2, 1, 10, 10, 0]"""
j10,1,reactive,600,True,15,0.05096125602722168,0.12314319610595703,"[0, 0, 0, 0, 3, 5, 5, 8, 12, 13, 5, 0, 15]","[0, 2, 3, 3, 1, 3, 4, 3, 2, 1, 10, 10, 0]"
j10,1,stnu,600,False,inf,0.7251169681549072,inf,[],"""[0, 2, 3, 3, 1, 3, 4, 3, 2, 1, 6, 10, 0]"""
j10,1,proactive_quantile_0.9,600,True,16,0.050672054290771484,0.00018668174743652344,"[0, 0, 0, 0, 3, 5, 5, 8, 12, 12, 5, 0, 16]","""[0, 1, 2, 5, 1, 2, 5, 4, 2, 2, 11, 10, 0]"""
j10,1,reactive,600,True,16,0.050672054290771484,0.08551621437072754,"[0, 0, 0, 0, 3, 5, 5, 8, 12, 12, 5, 0, 16]","[0, 1, 2, 5, 1, 2, 5, 4, 2, 2, 11, 10, 0]"
j10,1,stnu,600,False,inf,0.7103826999664307,inf,[],"""[0, 1, 2, 5, 1, 2, 5, 4, 2, 2, 6, 10, 0]"""
j10,1,proactive_quantile_0.9,600,True,16,0.03914475440979004,0.00017952919006347656,"[0, 0, 0, 0, 3, 5, 5, 8, 12, 12, 5, 0, 16]","""[0, 2, 3, 5, 1, 3, 3, 3, 4, 2, 11, 10, 0]"""
j10,1,reactive,600,True,16,0.03914475440979004,0.0984811782836914,"[0, 0, 0, 0, 3, 5, 5, 8, 12, 12, 5, 0, 16]","[0, 2, 3, 5, 1, 3, 3, 3, 4, 2, 11, 10, 0]"
j10,1,stnu,600,False,inf,0.6449892520904541,inf,[],"""[0, 2, 3, 5, 1, 3, 3, 3, 4, 2, 7, 10, 0]"""
j10,1,proactive_quantile_0.9,600,True,16,0.051096439361572266,0.00019741058349609375,"[0, 0, 0, 0, 3, 5, 5, 8, 12, 12, 5, 0, 16]","""[0, 2, 3, 5, 2, 3, 4, 4, 1, 2, 10, 10, 0]"""
j10,1,reactive,600,True,15,0.051096439361572266,0.07277560234069824,"[0, 0, 0, 0, 3, 5, 5, 8, 12, 12, 5, 0, 15]","[0, 2, 3, 5, 2, 3, 4, 4, 1, 2, 10, 10, 0]"
j10,1,stnu,600,False,inf,0.6590266227722168,inf,[],"""[0, 2, 3, 5, 2, 3, 4, 4, 1, 2, 7, 10, 0]"""
j10,1,proactive_quantile_0.9,600,True,16,0.05154991149902344,0.00018167495727539062,"[0, 0, 0, 0, 3, 5, 5, 8, 12, 12, 5, 0, 16]","""[0, 3, 3, 4, 2, 2, 4, 2, 1, 2, 9, 10, 0]"""
j10,1,reactive,600,True,14,0.05154991149902344,0.11412644386291504,"[0, 0, 0, 0, 3, 5, 5, 8, 12, 12, 5, 0, 14]","[0, 3, 3, 4, 2, 2, 4, 2, 1, 2, 9, 10, 0]"
j10,1,stnu,600,False,inf,0.7322077751159668,inf,[],"""[0, 3, 3, 4, 2, 2, 4, 2, 1, 2, 9, 10, 0]"""
j10,1,proactive_quantile_0.9,600,True,16,0.0639948844909668,0.00017642974853515625,"[0, 0, 0, 0, 3, 5, 5, 8, 12, 13, 5, 0, 16]","""[0, 1, 3, 2, 1, 2, 5, 2, 4, 1, 8, 10, 0]"""
j10,1,reactive,600,True,16,0.0639948844909668,0.1171576976776123,"[0, 0, 0, 0, 3, 5, 5, 8, 12, 10, 5, 0, 16]","[0, 1, 3, 2, 1, 2, 5, 2, 4, 1, 8, 10, 0]"
j10,1,stnu,600,False,inf,0.6326968669891357,inf,[],"""[0, 1, 3, 2, 1, 2, 5, 2, 4, 1, 5, 10, 0]"""
j10,1,proactive_quantile_0.9,600,True,16,0.05036139488220215,0.00018024444580078125,"[0, 0, 0, 0, 3, 5, 5, 8, 12, 12, 5, 0, 16]","""[0, 3, 2, 3, 2, 2, 5, 2, 2, 1, 11, 10, 0]"""
j10,1,reactive,600,True,16,0.05036139488220215,0.0689382553100586,"[0, 0, 0, 0, 3, 5, 5, 8, 10, 10, 5, 0, 16]","[0, 3, 2, 3, 2, 2, 5, 2, 2, 1, 11, 10, 0]"
j10,1,stnu,600,False,inf,0.6675658226013184,inf,[],"""[0, 3, 2, 3, 2, 2, 5, 2, 2, 1, 6, 10, 0]"""
j10,1,proactive_quantile_0.9,600,True,16,0.050919294357299805,0.0001735687255859375,"[0, 0, 0, 0, 3, 5, 5, 8, 12, 12, 5, 0, 16]","""[0, 2, 3, 4, 1, 3, 3, 4, 3, 2, 8, 10, 0]"""
j10,1,reactive,600,True,15,0.050919294357299805,0.11058783531188965,"[0, 0, 0, 0, 3, 5, 5, 8, 12, 12, 5, 0, 15]","[0, 2, 3, 4, 1, 3, 3, 4, 3, 2, 8, 10, 0]"
j10,1,stnu,600,False,inf,0.6347126960754395,inf,[],"""[0, 2, 3, 4, 1, 3, 3, 4, 3, 2, 7, 10, 0]"""
j10,1,proactive_quantile_0.9,600,True,17,0.0637366771697998,0.0010728836059570312,"[0, 0, 0, 0, 4, 5, 11, 5, 14, 11, 5, 0, 0, 0, 0, 0, 0, 0, 0, 0, 82]","""[0, 4, 2, 2, 6, 5, 2, 3, 2, 4, 3, 27, 10, 61, 70, 68, 27, 59, 82, 69, 0]"""
j10,1,reactive,600,True,16,0.0637366771697998,0.11608409881591797,"[0, 0, 0, 0, 4, 5, 11, 5, 14, 11, 5, 0, 0, 0, 0, 0, 0, 0, 0, 0, 16]","[0, 4, 2, 2, 6, 5, 2, 3, 2, 4, 3, 27, 10, 61, 70, 68, 27, 59, 82, 69, 0]"
j10,1,stnu,600,True,11,0.7831392288208008,0.012688875198364258,"[0, 0, 0, 0, 1, 4, 7, 4, 9, 7, 4, 0, 0, 0, 0, 0, 0, 0, 0, 0, 11]","""[0, 4, 2, 1, 6, 2, 1, 3, 2, 2, 3, 27, 10, 61, 70, 68, 27, 59, 82, 69, 0]"""
j10,1,proactive_quantile_0.9,600,True,25,0.04749035835266113,0.0011165142059326172,"[0, 0, 0, 0, 4, 6, 11, 9, 20, 20, 9, 0, 0, 0, 0, 0, 0, 0, 0, 0, 82]","""[0, 8, 4, 2, 3, 5, 2, 8, 3, 4, 5, 27, 10, 61, 70, 68, 27, 59, 82, 69, 0]"""
j10,1,reactive,600,True,24,0.04749035835266113,0.106109619140625,"[0, 0, 0, 0, 4, 6, 11, 9, 20, 20, 9, 0, 0, 0, 0, 0, 0, 0, 0, 0, 24]","[0, 8, 4, 2, 3, 5, 2, 8, 3, 4, 5, 27, 10, 61, 70, 68, 27, 59, 82, 69, 0]"
j10,1,stnu,600,True,20,0.7516589164733887,0.01255941390991211,"[0, 0, 0, 0, 2, 4, 11, 8, 16, 16, 8, 0, 0, 0, 0, 0, 0, 0, 0, 0, 20]","""[0, 8, 4, 2, 9, 5, 2, 8, 3, 4, 5, 27, 10, 61, 70, 68, 27, 59, 82, 69, 0]"""
j10,1,proactive_quantile_0.9,600,True,25,0.039830684661865234,0.0010983943939208984,"[0, 0, 0, 0, 4, 6, 11, 9, 20, 20, 9, 0, 0, 0, 0, 0, 0, 0, 0, 0, 82]","""[0, 9, 5, 2, 5, 5, 1, 8, 2, 5, 5, 27, 10, 61, 70, 68, 27, 59, 82, 69, 0]"""
j10,1,reactive,600,True,22,0.039830684661865234,0.08744144439697266,"[0, 0, 0, 0, 4, 6, 11, 9, 17, 17, 9, 0, 0, 0, 0, 0, 0, 0, 0, 0, 22]","[0, 9, 5, 2, 5, 5, 1, 8, 2, 5, 5, 27, 10, 61, 70, 68, 27, 59, 82, 69, 0]"
j10,1,stnu,600,True,22,0.6286156177520752,0.012621164321899414,"[0, 0, 0, 0, 2, 5, 12, 9, 17, 17, 9, 0, 0, 0, 0, 0, 0, 0, 0, 0, 22]","""[0, 9, 5, 2, 10, 5, 1, 8, 2, 5, 5, 27, 10, 61, 70, 68, 27, 59, 82, 69, 0]"""
j10,1,proactive_quantile_0.9,600,True,25,0.057558298110961914,0.0010786056518554688,"[0, 0, 0, 0, 4, 6, 11, 9, 20, 20, 9, 0, 0, 0, 0, 0, 0, 0, 0, 0, 82]","""[0, 7, 6, 3, 5, 4, 2, 10, 2, 4, 6, 27, 10, 61, 70, 68, 27, 59, 82, 69, 0]"""
j10,1,reactive,600,True,24,0.057558298110961914,0.09730744361877441,"[0, 0, 0, 0, 4, 6, 11, 9, 20, 20, 9, 0, 0, 0, 0, 0, 0, 0, 0, 0, 24]","[0, 7, 6, 3, 5, 4, 2, 10, 2, 4, 6, 27, 10, 61, 70, 68, 27, 59, 82, 69, 0]"
j10,1,stnu,600,True,21,0.6614971160888672,0.012656450271606445,"[0, 0, 0, 0, 3, 6, 12, 7, 17, 17, 7, 0, 0, 0, 0, 0, 0, 0, 0, 0, 21]","""[0, 7, 6, 3, 9, 4, 2, 10, 2, 4, 6, 27, 10, 61, 70, 68, 27, 59, 82, 69, 0]"""
j10,1,proactive_quantile_0.9,600,True,25,0.06169486045837402,0.0010824203491210938,"[0, 0, 0, 0, 4, 6, 11, 9, 20, 20, 9, 0, 0, 0, 0, 0, 0, 0, 0, 0, 82]","""[0, 7, 2, 4, 6, 6, 2, 9, 3, 4, 7, 27, 10, 61, 70, 68, 27, 59, 82, 69, 0]"""
j10,1,reactive,600,True,24,0.06169486045837402,0.0686345100402832,"[0, 0, 0, 0, 4, 6, 11, 9, 20, 20, 9, 0, 0, 0, 0, 0, 0, 0, 0, 0, 24]","[0, 7, 2, 4, 6, 6, 2, 9, 3, 4, 7, 27, 10, 61, 70, 68, 27, 59, 82, 69, 0]"
j10,1,stnu,600,True,14,0.7974038124084473,0.01278376579284668,"[0, 0, 0, 0, 4, 6, 10, 5, 12, 10, 5, 0, 0, 0, 0, 0, 0, 0, 0, 0, 14]","""[0, 5, 4, 4, 6, 2, 2, 2, 2, 1, 1, 27, 10, 61, 70, 68, 27, 59, 82, 69, 0]"""
j10,1,proactive_quantile_0.9,600,True,25,0.051598310470581055,0.0010776519775390625,"[0, 0, 0, 0, 4, 6, 11, 9, 20, 20, 9, 0, 0, 0, 0, 0, 0, 0, 0, 0, 82]","""[0, 7, 4, 1, 5, 5, 2, 9, 2, 6, 4, 27, 10, 61, 70, 68, 27, 59, 82, 69, 0]"""
j10,1,reactive,600,True,26,0.051598310470581055,0.1086733341217041,"[0, 0, 0, 0, 4, 6, 11, 9, 20, 20, 9, 0, 0, 0, 0, 0, 0, 0, 0, 0, 26]","[0, 7, 4, 1, 5, 5, 2, 9, 2, 6, 4, 27, 10, 61, 70, 68, 27, 59, 82, 69, 0]"
j10,1,stnu,600,True,22,0.655616044998169,0.012542486190795898,"[0, 0, 0, 0, 1, 4, 9, 7, 16, 16, 7, 0, 0, 0, 0, 0, 0, 0, 0, 0, 22]","""[0, 7, 4, 1, 7, 5, 2, 9, 2, 6, 4, 27, 10, 61, 70, 68, 27, 59, 82, 69, 0]"""
j10,1,proactive_quantile_0.9,600,True,25,0.07013559341430664,0.0012094974517822266,"[0, 0, 0, 0, 4, 6, 11, 9, 20, 20, 9, 0, 0, 0, 0, 0, 0, 0, 0, 0, 82]","""[0, 8, 5, 2, 5, 5, 2, 10, 3, 4, 6, 27, 10, 61, 70, 68, 27, 59, 82, 69, 0]"""
j10,1,reactive,600,True,24,0.07013559341430664,0.14756202697753906,"[0, 0, 0, 0, 4, 6, 11, 9, 20, 20, 9, 0, 0, 0, 0, 0, 0, 0, 0, 0, 24]","[0, 8, 5, 2, 5, 5, 2, 10, 3, 4, 6, 27, 10, 61, 70, 68, 27, 59, 82, 69, 0]"
j10,1,stnu,600,True,13,0.7272977828979492,0.012400150299072266,"[0, 0, 0, 0, 2, 5, 8, 5, 10, 8, 5, 0, 0, 0, 0, 0, 0, 0, 0, 0, 13]","""[0, 5, 5, 2, 5, 1, 2, 3, 3, 2, 6, 27, 10, 61, 70, 68, 27, 59, 82, 69, 0]"""
j10,1,proactive_quantile_0.9,600,True,25,0.05729103088378906,0.0011036396026611328,"[0, 0, 0, 0, 4, 6, 11, 9, 20, 20, 9, 0, 0, 0, 0, 0, 0, 0, 0, 0, 82]","""[0, 9, 5, 3, 5, 4, 2, 8, 3, 4, 5, 27, 10, 61, 70, 68, 27, 59, 82, 69, 0]"""
j10,1,reactive,600,True,24,0.05729103088378906,0.19681668281555176,"[0, 0, 0, 0, 4, 6, 11, 9, 20, 20, 9, 0, 0, 0, 0, 0, 0, 0, 0, 0, 24]","[0, 9, 5, 3, 5, 4, 2, 8, 3, 4, 5, 27, 10, 61, 70, 68, 27, 59, 82, 69, 0]"
j10,1,stnu,600,True,21,0.705836296081543,0.012691974639892578,"[0, 0, 0, 0, 3, 5, 13, 9, 17, 17, 9, 0, 0, 0, 0, 0, 0, 0, 0, 0, 21]","""[0, 9, 5, 3, 10, 4, 2, 8, 3, 4, 5, 27, 10, 61, 70, 68, 27, 59, 82, 69, 0]"""
j10,1,proactive_quantile_0.9,600,True,25,0.05742669105529785,0.0010993480682373047,"[0, 0, 0, 0, 4, 6, 11, 9, 20, 20, 9, 0, 0, 0, 0, 0, 0, 0, 0, 0, 82]","""[0, 7, 6, 4, 5, 3, 1, 10, 2, 4, 6, 27, 10, 61, 70, 68, 27, 59, 82, 69, 0]"""
j10,1,reactive,600,True,24,0.05742669105529785,0.07782196998596191,"[0, 0, 0, 0, 4, 6, 11, 9, 20, 20, 9, 0, 0, 0, 0, 0, 0, 0, 0, 0, 24]","[0, 7, 6, 4, 5, 3, 1, 10, 2, 4, 6, 27, 10, 61, 70, 68, 27, 59, 82, 69, 0]"
j10,1,stnu,600,True,21,0.6743934154510498,0.012647151947021484,"[0, 0, 0, 0, 4, 6, 13, 7, 17, 17, 7, 0, 0, 0, 0, 0, 0, 0, 0, 0, 21]","""[0, 7, 6, 4, 9, 3, 1, 10, 2, 4, 6, 27, 10, 61, 70, 68, 27, 59, 82, 69, 0]"""
j10,1,proactive_quantile_0.9,600,True,25,0.06414937973022461,0.0010576248168945312,"[0, 0, 0, 0, 4, 6, 11, 9, 20, 20, 9, 0, 0, 0, 0, 0, 0, 0, 0, 0, 82]","""[0, 7, 4, 4, 6, 2, 2, 9, 3, 4, 4, 27, 10, 61, 70, 68, 27, 59, 82, 69, 0]"""
j10,1,reactive,600,True,24,0.06414937973022461,0.09862208366394043,"[0, 0, 0, 0, 4, 6, 11, 9, 20, 20, 9, 0, 0, 0, 0, 0, 0, 0, 0, 0, 24]","[0, 7, 4, 4, 6, 2, 2, 9, 3, 4, 4, 27, 10, 61, 70, 68, 27, 59, 82, 69, 0]"
j10,1,stnu,600,True,12,0.7590830326080322,0.012573003768920898,"[0, 0, 0, 0, 4, 5, 10, 5, 11, 10, 5, 0, 0, 0, 0, 0, 0, 0, 0, 0, 12]","""[0, 5, 3, 4, 6, 1, 1, 1, 1, 1, 4, 27, 10, 61, 70, 68, 27, 59, 82, 69, 0]"""
j10,1,proactive_quantile_0.9,600,True,27,0.055867910385131836,0.0007476806640625,"[0, 0, 0, 0, 8, 14, 8, 14, 14, 14, 22, 0, 0, 0, 0, 0, 81]","""[0, 5, 9, 9, 4, 4, 4, 6, 7, 7, 4, 69, 24, 57, 49, 81, 0]"""
j10,1,reactive,600,False,inf,inf,inf,null,"[0, 5, 9, 9, 4, 4, 4, 6, 7, 7, 4, 69, 24, 57, 49, 81, 0]"
j10,1,stnu,600,True,19,0.8020575046539307,0.008385896682739258,"[0, 0, 0, 0, 4, 5, 4, 5, 5, 5, 11, 0, 0, 0, 0, 0, 19]","""[0, 2, 1, 4, 1, 4, 1, 6, 1, 4, 8, 69, 24, 57, 49, 81, 0]"""
j10,1,proactive_quantile_0.9,600,True,27,0.06272172927856445,0.0007379055023193359,"[0, 0, 0, 0, 8, 14, 8, 14, 14, 14, 22, 0, 0, 0, 0, 0, 81]","""[0, 3, 11, 5, 4, 5, 4, 7, 7, 7, 4, 69, 24, 57, 49, 81, 0]"""
j10,1,reactive,600,True,26,0.06272172927856445,0.07796144485473633,"[0, 0, 0, 0, 8, 14, 8, 14, 14, 14, 22, 0, 0, 0, 0, 0, 26]","[0, 3, 11, 5, 4, 5, 4, 7, 7, 7, 4, 69, 24, 57, 49, 81, 0]"
j10,1,stnu,600,True,23,0.8453474044799805,0.008309125900268555,"[0, 0, 0, 0, 5, 11, 5, 11, 9, 9, 18, 0, 0, 0, 0, 0, 23]","""[0, 3, 11, 5, 4, 5, 4, 7, 7, 7, 5, 69, 24, 57, 49, 81, 0]"""
j10,1,proactive_quantile_0.9,600,True,27,0.04747796058654785,0.0007321834564208984,"[0, 0, 0, 0, 8, 14, 8, 14, 14, 14, 22, 0, 0, 0, 0, 0, 81]","""[0, 4, 7, 7, 5, 5, 5, 5, 4, 6, 4, 69, 24, 57, 49, 81, 0]"""
j10,1,reactive,600,True,26,0.04747796058654785,0.10047149658203125,"[0, 0, 0, 0, 8, 14, 8, 14, 14, 14, 22, 0, 0, 0, 0, 0, 26]","[0, 4, 7, 7, 5, 5, 5, 5, 4, 6, 4, 69, 24, 57, 49, 81, 0]"
j10,1,stnu,600,True,23,0.6521551609039307,0.008286714553833008,"[0, 0, 0, 0, 7, 12, 7, 12, 12, 12, 17, 0, 0, 0, 0, 0, 23]","""[0, 4, 7, 7, 5, 5, 5, 5, 4, 6, 6, 69, 24, 57, 49, 81, 0]"""
j10,1,proactive_quantile_0.9,600,True,23,0.1341550350189209,0.00072479248046875,"[0, 0, 0, 0, 7, 9, 7, 9, 9, 9, 18, 0, 0, 0, 0, 0, 81]","""[0, 4, 10, 6, 1, 6, 1, 5, 1, 7, 5, 69, 24, 57, 49, 81, 0]"""
j10,1,reactive,600,True,20,0.1341550350189209,0.10070252418518066,"[0, 0, 0, 0, 7, 9, 7, 9, 9, 9, 15, 0, 0, 0, 0, 0, 20]","[0, 4, 10, 6, 1, 6, 1, 5, 1, 7, 5, 69, 24, 57, 49, 81, 0]"
j10,1,stnu,600,True,22,0.6259853839874268,0.008301019668579102,"[0, 0, 0, 0, 6, 7, 6, 7, 7, 7, 13, 0, 0, 0, 0, 0, 22]","""[0, 4, 2, 6, 1, 6, 1, 4, 1, 6, 9, 69, 24, 57, 49, 81, 0]"""
j10,1,proactive_quantile_0.9,600,True,21,0.0696706771850586,0.0007677078247070312,"[0, 0, 0, 0, 7, 9, 7, 9, 9, 9, 16, 0, 0, 0, 0, 0, 81]","""[0, 3, 2, 7, 2, 4, 1, 6, 1, 6, 2, 69, 24, 57, 49, 81, 0]"""
j10,1,reactive,600,True,18,0.0696706771850586,0.08005380630493164,"[0, 0, 0, 0, 7, 9, 7, 9, 9, 9, 16, 0, 0, 0, 0, 0, 18]","[0, 3, 2, 7, 2, 4, 1, 6, 1, 6, 2, 69, 24, 57, 49, 81, 0]"
j10,1,stnu,600,True,21,0.6540389060974121,0.008396387100219727,"[0, 0, 0, 0, 6, 10, 6, 10, 10, 10, 17, 0, 0, 0, 0, 0, 21]","""[0, 4, 10, 6, 4, 4, 4, 7, 5, 5, 4, 69, 24, 57, 49, 81, 0]"""
j10,1,proactive_quantile_0.9,600,True,27,0.054804325103759766,0.0007467269897460938,"[0, 0, 0, 0, 8, 14, 8, 14, 14, 14, 22, 0, 0, 0, 0, 0, 81]","""[0, 5, 11, 6, 4, 4, 5, 7, 4, 4, 3, 69, 24, 57, 49, 81, 0]"""
j10,1,reactive,600,True,25,0.054804325103759766,0.07892966270446777,"[0, 0, 0, 0, 8, 14, 8, 14, 14, 14, 22, 0, 0, 0, 0, 0, 25]","[0, 5, 11, 6, 4, 4, 5, 7, 4, 4, 3, 69, 24, 57, 49, 81, 0]"
j10,1,stnu,600,True,26,0.6853616237640381,0.008292913436889648,"[0, 0, 0, 0, 6, 11, 6, 11, 11, 11, 18, 0, 0, 0, 0, 0, 26]","""[0, 5, 11, 6, 4, 4, 5, 7, 4, 4, 8, 69, 24, 57, 49, 81, 0]"""
j10,1,proactive_quantile_0.9,600,True,21,0.03947019577026367,0.0006840229034423828,"[0, 0, 0, 0, 7, 9, 7, 9, 9, 9, 16, 0, 0, 0, 0, 0, 81]","""[0, 2, 1, 8, 1, 3, 2, 7, 1, 6, 3, 69, 24, 57, 49, 81, 0]"""
j10,1,reactive,600,False,inf,inf,inf,null,"[0, 2, 1, 8, 1, 3, 2, 7, 1, 6, 3, 69, 24, 57, 49, 81, 0]"
j10,1,stnu,600,True,25,0.7068886756896973,0.008335351943969727,"[0, 0, 0, 0, 6, 11, 6, 11, 11, 10, 18, 0, 0, 0, 0, 0, 25]","""[0, 5, 8, 6, 5, 7, 4, 7, 7, 7, 7, 69, 24, 57, 49, 81, 0]"""
j10,1,proactive_quantile_0.9,600,True,23,0.13034915924072266,0.0007054805755615234,"[0, 0, 0, 0, 7, 9, 7, 9, 9, 9, 18, 0, 0, 0, 0, 0, 81]","""[0, 3, 11, 5, 2, 5, 1, 7, 2, 7, 5, 69, 24, 57, 49, 81, 0]"""
j10,1,reactive,600,True,21,0.13034915924072266,0.06465411186218262,"[0, 0, 0, 0, 7, 9, 7, 9, 9, 9, 16, 0, 0, 0, 0, 0, 21]","[0, 3, 11, 5, 2, 5, 1, 7, 2, 7, 5, 69, 24, 57, 49, 81, 0]"
j10,1,stnu,600,True,24,0.668595552444458,0.008379697799682617,"[0, 0, 0, 0, 7, 11, 7, 11, 11, 11, 17, 0, 0, 0, 0, 0, 24]","""[0, 4, 8, 7, 4, 4, 4, 6, 6, 7, 7, 69, 24, 57, 49, 81, 0]"""
j10,1,proactive_quantile_0.9,600,True,27,0.05332684516906738,0.0007517337799072266,"[0, 0, 0, 0, 8, 14, 8, 14, 14, 14, 22, 0, 0, 0, 0, 0, 81]","""[0, 5, 8, 6, 4, 5, 4, 8, 4, 6, 4, 69, 24, 57, 49, 81, 0]"""
j10,1,reactive,600,True,26,0.05332684516906738,0.08016324043273926,"[0, 0, 0, 0, 8, 14, 8, 14, 14, 14, 22, 0, 0, 0, 0, 0, 26]","[0, 5, 8, 6, 4, 5, 4, 8, 4, 6, 4, 69, 24, 57, 49, 81, 0]"
j10,1,stnu,600,True,18,0.7328934669494629,0.008597373962402344,"[0, 0, 0, 0, 6, 8, 6, 8, 8, 8, 12, 0, 0, 0, 0, 0, 18]","""[0, 1, 1, 6, 2, 4, 2, 4, 1, 5, 6, 69, 24, 57, 49, 81, 0]"""
j10,1,proactive_quantile_0.9,600,True,27,0.06311178207397461,0.0007588863372802734,"[0, 0, 0, 0, 8, 14, 8, 14, 14, 14, 22, 0, 0, 0, 0, 0, 81]","""[0, 4, 9, 9, 3, 4, 6, 6, 5, 6, 5, 69, 24, 57, 49, 81, 0]"""
j10,1,reactive,600,False,inf,inf,inf,null,"[0, 4, 9, 9, 3, 4, 6, 6, 5, 6, 5, 69, 24, 57, 49, 81, 0]"
j10,1,stnu,600,True,20,0.8808915615081787,0.0084228515625,"[0, 0, 0, 0, 5, 6, 5, 6, 6, 6, 12, 0, 0, 0, 0, 0, 20]","""[0, 4, 2, 5, 1, 4, 1, 6, 1, 5, 8, 69, 24, 57, 49, 81, 0]"""
j10,1,proactive_quantile_0.9,600,True,30,0.06782293319702148,0.0002422332763671875,"[0, 0, 0, 0, 8, 16, 19, 16, 26, 24, 16, 0, 33]","""[0, 5, 8, 8, 5, 2, 4, 6, 2, 4, 5, 33, 0]"""
j10,1,reactive,600,True,28,0.06782293319702148,0.10406875610351562,"[0, 0, 0, 0, 8, 16, 19, 16, 26, 24, 16, 0, 28]","[0, 5, 8, 8, 5, 2, 4, 6, 2, 4, 5, 33, 0]"
j10,1,stnu,600,True,23,0.6715116500854492,0.005323171615600586,"[0, 0, 0, 0, 8, 13, 15, 13, 19, 19, 13, 0, 23]","""[0, 5, 8, 8, 5, 2, 4, 6, 2, 4, 5, 33, 0]"""
j10,1,proactive_quantile_0.9,600,True,30,0.15018296241760254,0.0002834796905517578,"[0, 0, 0, 0, 8, 16, 19, 16, 26, 24, 16, 0, 33]","""[0, 6, 7, 6, 8, 3, 6, 5, 1, 4, 7, 33, 0]"""
j10,1,reactive,600,True,28,0.15018296241760254,0.1055762767791748,"[0, 0, 0, 0, 8, 16, 19, 16, 26, 24, 16, 0, 28]","[0, 6, 7, 6, 8, 3, 6, 5, 1, 4, 7, 33, 0]"
j10,1,stnu,600,True,26,0.657336950302124,0.005377054214477539,"[0, 0, 0, 0, 7, 15, 18, 15, 24, 22, 15, 0, 26]","""[0, 6, 7, 6, 8, 3, 6, 5, 1, 4, 7, 33, 0]"""
j10,1,proactive_quantile_0.9,600,True,30,0.13335943222045898,0.00026798248291015625,"[0, 0, 0, 0, 8, 16, 19, 16, 26, 24, 16, 0, 33]","""[0, 7, 7, 7, 7, 2, 6, 7, 4, 3, 6, 33, 0]"""
j10,1,reactive,600,True,30,0.13335943222045898,0.10137462615966797,"[0, 0, 0, 0, 8, 16, 19, 16, 26, 24, 16, 0, 30]","[0, 7, 7, 7, 7, 2, 6, 7, 4, 3, 6, 33, 0]"
j10,1,stnu,600,True,26,0.607478141784668,0.005248069763183594,"[0, 0, 0, 0, 7, 14, 16, 14, 22, 21, 14, 0, 26]","""[0, 7, 7, 7, 7, 2, 6, 7, 4, 3, 6, 33, 0]"""
j10,1,proactive_quantile_0.9,600,True,30,0.12915396690368652,0.00027441978454589844,"[0, 0, 0, 0, 8, 16, 19, 16, 26, 24, 16, 0, 33]","""[0, 8, 6, 8, 6, 1, 6, 7, 4, 3, 7, 33, 0]"""
j10,1,reactive,600,True,29,0.12915396690368652,0.10395455360412598,"[0, 0, 0, 0, 8, 16, 19, 16, 25, 24, 16, 0, 29]","[0, 8, 6, 8, 6, 1, 6, 7, 4, 3, 7, 33, 0]"
j10,1,stnu,600,True,25,0.6472141742706299,0.005133628845214844,"[0, 0, 0, 0, 8, 14, 15, 14, 21, 21, 14, 0, 25]","""[0, 8, 6, 8, 6, 1, 6, 7, 4, 3, 7, 33, 0]"""
j10,1,proactive_quantile_0.9,600,True,30,0.060224294662475586,0.0002512931823730469,"[0, 0, 0, 0, 8, 16, 19, 16, 26, 24, 16, 0, 33]","""[0, 7, 5, 6, 8, 3, 4, 5, 1, 2, 6, 33, 0]"""
j10,1,reactive,600,True,24,0.060224294662475586,0.08695793151855469,"[0, 0, 0, 0, 8, 16, 19, 16, 23, 21, 16, 0, 24]","[0, 7, 5, 6, 8, 3, 4, 5, 1, 2, 6, 33, 0]"
j10,1,stnu,600,True,23,0.6543378829956055,0.005219697952270508,"[0, 0, 0, 0, 7, 15, 18, 15, 22, 21, 15, 0, 23]","""[0, 7, 5, 6, 8, 3, 4, 5, 1, 2, 6, 33, 0]"""
j10,1,proactive_quantile_0.9,600,True,30,0.06819677352905273,0.0002522468566894531,"[0, 0, 0, 0, 8, 16, 19, 16, 26, 24, 16, 0, 33]","""[0, 7, 5, 7, 6, 3, 7, 6, 3, 4, 7, 33, 0]"""
j10,1,reactive,600,True,29,0.06819677352905273,0.20241880416870117,"[0, 0, 0, 0, 8, 16, 19, 16, 26, 24, 16, 0, 29]","[0, 7, 5, 7, 6, 3, 7, 6, 3, 4, 7, 33, 0]"
j10,1,stnu,600,True,26,0.6351559162139893,0.0053730010986328125,"[0, 0, 0, 0, 7, 13, 16, 13, 23, 20, 13, 0, 26]","""[0, 7, 5, 7, 6, 3, 7, 6, 3, 4, 7, 33, 0]"""
j10,1,proactive_quantile_0.9,600,True,30,0.05494952201843262,0.000286102294921875,"[0, 0, 0, 0, 8, 16, 19, 16, 26, 24, 16, 0, 33]","""[0, 5, 7, 8, 6, 1, 6, 5, 2, 4, 5, 33, 0]"""
j10,1,reactive,600,True,28,0.05494952201843262,0.11668157577514648,"[0, 0, 0, 0, 8, 16, 19, 16, 26, 24, 16, 0, 28]","[0, 5, 7, 8, 6, 1, 6, 5, 2, 4, 5, 33, 0]"
j10,1,stnu,600,True,21,0.750607967376709,0.005213022232055664,"[0, 0, 4, 0, 6, 12, 14, 12, 16, 14, 12, 0, 21]","""[0, 3, 2, 4, 6, 1, 2, 2, 5, 4, 5, 33, 0]"""
j10,1,proactive_quantile_0.9,600,True,30,0.054174184799194336,0.00029659271240234375,"[0, 0, 0, 0, 8, 16, 19, 16, 26, 24, 16, 0, 33]","""[0, 6, 7, 8, 4, 2, 4, 8, 4, 3, 8, 33, 0]"""
j10,1,reactive,600,True,30,0.054174184799194336,0.08966279029846191,"[0, 0, 0, 0, 8, 16, 19, 16, 26, 24, 16, 0, 30]","[0, 6, 7, 8, 4, 2, 4, 8, 4, 3, 8, 33, 0]"
j10,1,stnu,600,True,23,0.7898991107940674,0.005180835723876953,"[0, 0, 0, 0, 7, 11, 13, 11, 19, 19, 11, 0, 23]","""[0, 6, 7, 8, 4, 2, 4, 8, 4, 3, 8, 33, 0]"""
j10,1,proactive_quantile_0.9,600,True,30,0.055754661560058594,0.0002872943878173828,"[0, 0, 0, 0, 8, 16, 19, 16, 26, 24, 16, 0, 33]","""[0, 6, 7, 8, 7, 3, 4, 7, 3, 3, 7, 33, 0]"""
j10,1,reactive,600,True,29,0.055754661560058594,0.11027693748474121,"[0, 0, 0, 0, 8, 16, 19, 16, 26, 24, 16, 0, 29]","[0, 6, 7, 8, 7, 3, 4, 7, 3, 3, 7, 33, 0]"
j10,1,stnu,600,True,24,0.6456115245819092,0.005205869674682617,"[0, 0, 0, 0, 7, 14, 17, 14, 21, 21, 14, 0, 24]","""[0, 6, 7, 8, 7, 3, 4, 7, 3, 3, 7, 33, 0]"""
j10,1,proactive_quantile_0.9,600,True,30,0.04397726058959961,0.0002646446228027344,"[0, 0, 0, 0, 8, 16, 19, 16, 26, 24, 16, 0, 33]","""[0, 6, 6, 7, 6, 1, 5, 6, 3, 4, 6, 33, 0]"""
j10,1,reactive,600,True,29,0.04397726058959961,0.11301350593566895,"[0, 0, 0, 0, 8, 16, 19, 16, 26, 24, 16, 0, 29]","[0, 6, 6, 7, 6, 1, 5, 6, 3, 4, 6, 33, 0]"
j10,1,stnu,600,True,22,0.6495044231414795,0.005207061767578125,"[0, 0, 0, 0, 6, 12, 13, 12, 18, 18, 12, 0, 22]","""[0, 6, 6, 7, 6, 1, 5, 6, 3, 4, 6, 33, 0]"""
j10,1,proactive_quantile_0.9,600,True,20,0.1233365535736084,0.0008420944213867188,"[0, 0, 0, 0, 3, 3, 7, 8, 11, 7, 15, 0, 0, 0, 0, 0, 0, 0, 75]","""[0, 2, 3, 1, 2, 2, 3, 4, 7, 3, 1, 49, 31, 31, 75, 72, 52, 34, 0]"""
j10,1,reactive,600,True,18,0.1233365535736084,0.11892557144165039,"[0, 0, 0, 0, 3, 3, 7, 8, 11, 7, 15, 0, 0, 0, 0, 0, 0, 0, 18]","[0, 2, 3, 1, 2, 2, 3, 4, 7, 3, 1, 49, 31, 31, 75, 72, 52, 34, 0]"
j10,1,stnu,600,True,21,0.7179164886474609,0.010812520980834961,"[0, 0, 0, 0, 4, 4, 10, 11, 13, 10, 16, 0, 0, 0, 0, 0, 0, 0, 21]","""[0, 3, 4, 6, 6, 7, 3, 5, 8, 5, 1, 49, 31, 31, 75, 72, 52, 34, 0]"""
j10,1,proactive_quantile_0.9,600,True,26,0.0655972957611084,0.0008578300476074219,"[0, 0, 0, 0, 4, 4, 12, 13, 17, 12, 21, 0, 0, 0, 0, 0, 0, 0, 75]","""[0, 2, 2, 5, 7, 7, 4, 5, 8, 4, 2, 49, 31, 31, 75, 72, 52, 34, 0]"""
j10,1,reactive,600,True,25,0.0655972957611084,0.1296231746673584,"[0, 0, 0, 0, 4, 4, 12, 13, 17, 12, 21, 0, 0, 0, 0, 0, 0, 0, 25]","[0, 2, 2, 5, 7, 7, 4, 5, 8, 4, 2, 49, 31, 31, 75, 72, 52, 34, 0]"
j10,1,stnu,600,True,23,0.6587834358215332,0.010667800903320312,"[0, 0, 0, 0, 2, 2, 9, 9, 13, 9, 14, 0, 0, 0, 0, 0, 0, 0, 23]","""[0, 2, 2, 5, 7, 7, 4, 5, 10, 4, 2, 49, 31, 31, 75, 72, 52, 34, 0]"""
j10,1,proactive_quantile_0.9,600,True,20,0.13993501663208008,0.0008718967437744141,"[0, 0, 0, 0, 3, 3, 7, 8, 11, 7, 13, 0, 0, 0, 0, 0, 0, 0, 75]","""[0, 3, 2, 3, 4, 6, 2, 4, 10, 1, 2, 49, 31, 31, 75, 72, 52, 34, 0]"""
j10,1,reactive,600,False,inf,inf,inf,null,"[0, 3, 2, 3, 4, 6, 2, 4, 10, 1, 2, 49, 31, 31, 75, 72, 52, 34, 0]"
j10,1,stnu,600,True,22,0.643932580947876,0.010670661926269531,"[0, 0, 0, 0, 3, 3, 10, 10, 13, 10, 16, 0, 0, 0, 0, 0, 0, 0, 22]","""[0, 3, 3, 5, 7, 7, 3, 6, 9, 3, 3, 49, 31, 31, 75, 72, 52, 34, 0]"""
j10,1,proactive_quantile_0.9,600,True,26,0.05919241905212402,0.0008490085601806641,"[0, 0, 0, 0, 4, 4, 12, 13, 17, 12, 21, 0, 0, 0, 0, 0, 0, 0, 75]","""[0, 3, 2, 7, 7, 8, 5, 7, 6, 5, 1, 49, 31, 31, 75, 72, 52, 34, 0]"""
j10,1,reactive,600,True,23,0.05919241905212402,0.11315751075744629,"[0, 0, 0, 0, 4, 4, 12, 13, 17, 12, 21, 0, 0, 0, 0, 0, 0, 0, 23]","[0, 3, 2, 7, 7, 8, 5, 7, 6, 5, 1, 49, 31, 31, 75, 72, 52, 34, 0]"
j10,1,stnu,600,True,23,0.6990482807159424,0.01067209243774414,"[0, 0, 0, 0, 3, 3, 10, 11, 15, 10, 18, 0, 0, 0, 0, 0, 0, 0, 23]","""[0, 3, 2, 7, 7, 8, 5, 7, 8, 5, 1, 49, 31, 31, 75, 72, 52, 34, 0]"""
j10,1,proactive_quantile_0.9,600,True,20,0.05945730209350586,0.0008118152618408203,"[0, 0, 0, 0, 3, 3, 7, 8, 11, 7, 13, 0, 0, 0, 0, 0, 0, 0, 75]","""[0, 2, 2, 2, 1, 5, 3, 3, 8, 4, 1, 49, 31, 31, 75, 72, 52, 34, 0]"""
j10,1,reactive,600,True,19,0.05945730209350586,0.1006464958190918,"[0, 0, 0, 0, 3, 3, 7, 8, 11, 7, 13, 0, 0, 0, 0, 0, 0, 0, 19]","[0, 2, 2, 2, 1, 5, 3, 3, 8, 4, 1, 49, 31, 31, 75, 72, 52, 34, 0]"
j10,1,stnu,600,True,15,0.7060644626617432,0.01090383529663086,"[0, 0, 0, 0, 2, 2, 3, 7, 7, 3, 10, 0, 0, 0, 0, 0, 0, 0, 15]","""[0, 2, 2, 2, 1, 5, 3, 3, 8, 4, 1, 49, 31, 31, 75, 72, 52, 34, 0]"""
j10,1,proactive_quantile_0.9,600,True,20,0.05593705177307129,0.0008063316345214844,"[0, 0, 0, 0, 3, 3, 7, 8, 11, 7, 13, 0, 0, 0, 0, 0, 0, 0, 75]","""[0, 2, 3, 1, 3, 4, 2, 3, 7, 1, 2, 49, 31, 31, 75, 72, 52, 34, 0]"""
j10,1,reactive,600,True,18,0.05593705177307129,0.11578893661499023,"[0, 0, 0, 0, 3, 3, 7, 8, 11, 7, 13, 0, 0, 0, 0, 0, 0, 0, 18]","[0, 2, 3, 1, 3, 4, 2, 3, 7, 1, 2, 49, 31, 31, 75, 72, 52, 34, 0]"
j10,1,stnu,600,True,24,0.6272070407867432,0.010741472244262695,"[0, 0, 0, 0, 3, 3, 10, 11, 14, 10, 18, 0, 0, 0, 0, 0, 0, 0, 24]","""[0, 2, 3, 5, 7, 8, 4, 7, 10, 5, 3, 49, 31, 31, 75, 72, 52, 34, 0]"""
j10,1,proactive_quantile_0.9,600,True,20,0.06450939178466797,0.0008349418640136719,"[0, 0, 0, 0, 3, 3, 7, 8, 11, 7, 13, 0, 0, 0, 0, 0, 0, 0, 75]","""[0, 2, 2, 1, 2, 4, 4, 4, 9, 2, 1, 49, 31, 31, 75, 72, 52, 34, 0]"""
j10,1,reactive,600,True,20,0.06450939178466797,0.11323308944702148,"[0, 0, 0, 0, 3, 3, 7, 8, 11, 7, 12, 0, 0, 0, 0, 0, 0, 0, 20]","[0, 2, 2, 1, 2, 4, 4, 4, 9, 2, 1, 49, 31, 31, 75, 72, 52, 34, 0]"
j10,1,stnu,600,True,23,0.735431432723999,0.011079788208007812,"[0, 0, 0, 0, 2, 2, 9, 10, 13, 9, 16, 0, 0, 0, 0, 0, 0, 0, 23]","""[0, 2, 2, 4, 7, 8, 4, 6, 10, 5, 3, 49, 31, 31, 75, 72, 52, 34, 0]"""
j10,1,proactive_quantile_0.9,600,True,26,0.056778669357299805,0.0008680820465087891,"[0, 0, 0, 0, 4, 4, 12, 13, 17, 12, 21, 0, 0, 0, 0, 0, 0, 0, 75]","""[0, 1, 3, 4, 5, 7, 5, 5, 7, 4, 1, 49, 31, 31, 75, 72, 52, 34, 0]"""
j10,1,reactive,600,True,24,0.056778669357299805,0.11272120475769043,"[0, 0, 0, 0, 4, 4, 12, 13, 17, 12, 21, 0, 0, 0, 0, 0, 0, 0, 24]","[0, 1, 3, 4, 5, 7, 5, 5, 7, 4, 1, 49, 31, 31, 75, 72, 52, 34, 0]"
j10,1,stnu,600,True,21,0.8342764377593994,0.01078486442565918,"[0, 0, 0, 0, 3, 3, 8, 10, 13, 8, 15, 0, 0, 0, 0, 0, 0, 0, 21]","""[0, 1, 3, 4, 5, 7, 5, 5, 8, 4, 1, 49, 31, 31, 75, 72, 52, 34, 0]"""
j10,1,proactive_quantile_0.9,600,True,26,0.05582141876220703,0.0008702278137207031,"[0, 0, 0, 0, 4, 4, 12, 13, 17, 12, 21, 0, 0, 0, 0, 0, 0, 0, 75]","""[0, 2, 2, 6, 7, 7, 4, 7, 8, 6, 2, 49, 31, 31, 75, 72, 52, 34, 0]"""
j10,1,reactive,600,True,25,0.05582141876220703,0.1143331527709961,"[0, 0, 0, 0, 4, 4, 12, 13, 17, 12, 21, 0, 0, 0, 0, 0, 0, 0, 25]","[0, 2, 2, 6, 7, 7, 4, 7, 8, 6, 2, 49, 31, 31, 75, 72, 52, 34, 0]"
j10,1,stnu,600,True,23,0.6565687656402588,0.010619401931762695,"[0, 0, 0, 0, 2, 2, 9, 9, 13, 9, 16, 0, 0, 0, 0, 0, 0, 0, 23]","""[0, 2, 2, 6, 7, 7, 4, 7, 10, 6, 2, 49, 31, 31, 75, 72, 52, 34, 0]"""
j10,1,proactive_quantile_0.9,600,True,26,0.06453371047973633,0.0008656978607177734,"[0, 0, 0, 0, 4, 4, 12, 13, 17, 12, 21, 0, 0, 0, 0, 0, 0, 0, 75]","""[0, 2, 3, 7, 5, 8, 4, 8, 8, 2, 3, 49, 31, 31, 75, 72, 52, 34, 0]"""
j10,1,reactive,600,True,25,0.06453371047973633,0.11360430717468262,"[0, 0, 0, 0, 4, 4, 12, 13, 17, 12, 21, 0, 0, 0, 0, 0, 0, 0, 25]","[0, 2, 3, 7, 5, 8, 4, 8, 8, 2, 3, 49, 31, 31, 75, 72, 52, 34, 0]"
j10,1,stnu,600,True,22,0.6923527717590332,0.010840177536010742,"[0, 0, 0, 0, 3, 3, 8, 11, 12, 8, 19, 0, 0, 0, 0, 0, 0, 0, 22]","""[0, 2, 3, 7, 5, 8, 4, 8, 8, 2, 3, 49, 31, 31, 75, 72, 52, 34, 0]"""
j10,1,proactive_quantile_0.9,600,True,38,0.06871151924133301,0.0007810592651367188,"[0, 0, 8, 0, 11, 11, 20, 19, 29, 29, 24, 0, 0, 0, 0, 0, 0, 74]","""[0, 8, 6, 7, 7, 7, 7, 5, 3, 8, 1, 22, 17, 49, 74, 73, 30, 0]"""
j10,1,reactive,600,True,37,0.06871151924133301,0.1349961757659912,"[0, 0, 8, 0, 11, 11, 20, 19, 29, 29, 24, 0, 0, 0, 0, 0, 0, 37]","[0, 8, 6, 7, 7, 7, 7, 5, 3, 8, 1, 22, 17, 49, 74, 73, 30, 0]"
j10,1,stnu,600,True,22,0.7473142147064209,0.009846925735473633,"[0, 0, 0, 3, 1, 1, 12, 3, 14, 14, 17, 0, 0, 0, 0, 0, 0, 22]","""[0, 1, 2, 4, 2, 11, 2, 8, 3, 8, 1, 22, 17, 49, 74, 73, 30, 0]"""
j10,1,proactive_quantile_0.9,600,True,25,0.06810235977172852,0.0006763935089111328,"[0, 0, 0, 9, 2, 2, 13, 4, 21, 17, 13, 0, 0, 0, 0, 0, 0, 74]","""[0, 1, 2, 3, 2, 7, 3, 5, 2, 4, 4, 22, 17, 49, 74, 73, 30, 0]"""
j10,1,reactive,600,True,21,0.06810235977172852,0.13946151733398438,"[0, 0, 0, 9, 2, 2, 13, 4, 16, 17, 13, 0, 0, 0, 0, 0, 0, 21]","[0, 1, 2, 3, 2, 7, 3, 5, 2, 4, 4, 22, 17, 49, 74, 73, 30, 0]"
j10,1,stnu,600,True,20,0.668541669845581,0.009890079498291016,"[0, 0, 0, 3, 1, 1, 8, 3, 13, 13, 15, 0, 0, 0, 0, 0, 0, 20]","""[0, 1, 2, 3, 2, 7, 3, 10, 2, 7, 3, 22, 17, 49, 74, 73, 30, 0]"""
j10,1,proactive_quantile_0.9,600,True,25,0.060700416564941406,0.0006849765777587891,"[0, 0, 0, 9, 2, 2, 13, 4, 21, 17, 13, 0, 0, 0, 0, 0, 0, 74]","""[0, 2, 1, 1, 2, 12, 3, 3, 1, 4, 8, 22, 17, 49, 74, 73, 30, 0]"""
j10,1,reactive,600,False,inf,inf,inf,null,"[0, 2, 1, 1, 2, 12, 3, 3, 1, 4, 8, 22, 17, 49, 74, 73, 30, 0]"
j10,1,stnu,600,True,24,0.7564361095428467,0.009884119033813477,"[0, 0, 0, 4, 2, 2, 14, 4, 17, 17, 18, 0, 0, 0, 0, 0, 0, 24]","""[0, 2, 2, 1, 2, 12, 3, 8, 1, 7, 3, 22, 17, 49, 74, 73, 30, 0]"""
j10,1,proactive_quantile_0.9,600,True,25,0.056441545486450195,0.0006871223449707031,"[0, 0, 0, 9, 2, 2, 13, 4, 21, 17, 13, 0, 0, 0, 0, 0, 0, 74]","""[0, 2, 1, 4, 2, 7, 2, 5, 2, 4, 5, 22, 17, 49, 74, 73, 30, 0]"""
j10,1,reactive,600,True,21,0.056441545486450195,0.07878923416137695,"[0, 0, 0, 9, 2, 2, 13, 4, 15, 17, 13, 0, 0, 0, 0, 0, 0, 21]","[0, 2, 1, 4, 2, 7, 2, 5, 2, 4, 5, 22, 17, 49, 74, 73, 30, 0]"
j10,1,stnu,600,True,20,0.6549341678619385,0.009936332702636719,"[0, 0, 0, 4, 2, 2, 9, 4, 13, 13, 15, 0, 0, 0, 0, 0, 0, 20]","""[0, 2, 3, 4, 2, 7, 2, 9, 2, 7, 2, 22, 17, 49, 74, 73, 30, 0]"""
j10,1,proactive_quantile_0.9,600,True,38,0.045931100845336914,0.0006916522979736328,"[0, 0, 8, 0, 11, 11, 20, 19, 29, 29, 24, 0, 0, 0, 0, 0, 0, 74]","""[0, 10, 6, 5, 7, 8, 7, 4, 3, 5, 2, 22, 17, 49, 74, 73, 30, 0]"""
j10,1,reactive,600,True,34,0.045931100845336914,0.112640380859375,"[0, 0, 8, 0, 11, 11, 20, 19, 29, 29, 24, 0, 0, 0, 0, 0, 0, 34]","[0, 10, 6, 5, 7, 8, 7, 4, 3, 5, 2, 22, 17, 49, 74, 73, 30, 0]"
j10,1,stnu,600,True,17,0.6057960987091064,0.009720087051391602,"[0, 0, 0, 3, 1, 1, 9, 3, 12, 12, 15, 0, 0, 0, 0, 0, 0, 17]","""[0, 1, 1, 2, 2, 8, 1, 9, 3, 5, 2, 22, 17, 49, 74, 73, 30, 0]"""
j10,1,proactive_quantile_0.9,600,True,25,0.06197333335876465,0.0006899833679199219,"[0, 0, 0, 9, 2, 2, 13, 4, 21, 17, 13, 0, 0, 0, 0, 0, 0, 74]","""[0, 2, 2, 2, 2, 8, 1, 5, 4, 7, 8, 22, 17, 49, 74, 73, 30, 0]"""
j10,1,reactive,600,True,25,0.06197333335876465,0.07807040214538574,"[0, 0, 0, 9, 2, 2, 13, 4, 21, 17, 13, 0, 0, 0, 0, 0, 0, 25]","[0, 2, 2, 2, 2, 8, 1, 5, 4, 7, 8, 22, 17, 49, 74, 73, 30, 0]"
j10,1,stnu,600,True,22,0.6255478858947754,0.00976872444152832,"[0, 0, 0, 4, 2, 2, 10, 4, 16, 16, 20, 0, 0, 0, 0, 0, 0, 22]","""[0, 2, 1, 2, 2, 8, 1, 12, 4, 6, 2, 22, 17, 49, 74, 73, 30, 0]"""
j10,1,proactive_quantile_0.9,600,True,25,0.056928396224975586,0.0006971359252929688,"[0, 0, 0, 9, 2, 2, 13, 4, 21, 17, 13, 0, 0, 0, 0, 0, 0, 74]","""[0, 1, 2, 2, 1, 12, 4, 5, 3, 5, 8, 22, 17, 49, 74, 73, 30, 0]"""
j10,1,reactive,600,False,inf,inf,inf,null,"[0, 1, 2, 2, 1, 12, 4, 5, 3, 5, 8, 22, 17, 49, 74, 73, 30, 0]"
j10,1,stnu,600,True,23,0.6822926998138428,0.009847879409790039,"[0, 0, 0, 2, 1, 1, 13, 2, 17, 17, 20, 0, 0, 0, 0, 0, 0, 23]","""[0, 1, 2, 2, 1, 12, 4, 8, 3, 6, 1, 22, 17, 49, 74, 73, 30, 0]"""
j10,1,proactive_quantile_0.9,600,True,38,0.047637224197387695,0.0007600784301757812,"[0, 0, 8, 0, 11, 11, 20, 19, 29, 29, 24, 0, 0, 0, 0, 0, 0, 74]","""[0, 7, 5, 6, 6, 8, 9, 5, 3, 9, 2, 22, 17, 49, 74, 73, 30, 0]"""
j10,1,reactive,600,True,38,0.047637224197387695,0.11275100708007812,"[0, 0, 8, 0, 11, 11, 20, 19, 29, 29, 24, 0, 0, 0, 0, 0, 0, 38]","[0, 7, 5, 6, 6, 8, 9, 5, 3, 9, 2, 22, 17, 49, 74, 73, 30, 0]"
j10,1,stnu,600,True,24,0.7679808139801025,0.009886741638183594,"[0, 0, 0, 3, 2, 2, 12, 3, 15, 15, 18, 0, 0, 0, 0, 0, 0, 24]","""[0, 2, 1, 2, 1, 10, 3, 8, 3, 9, 2, 22, 17, 49, 74, 73, 30, 0]"""
j10,1,proactive_quantile_0.9,600,True,25,0.1390066146850586,0.0007045269012451172,"[0, 0, 0, 9, 2, 2, 13, 4, 21, 17, 13, 0, 0, 0, 0, 0, 0, 74]","""[0, 2, 1, 3, 2, 9, 1, 4, 2, 5, 7, 22, 17, 49, 74, 73, 30, 0]"""
j10,1,reactive,600,True,23,0.1390066146850586,0.1114511489868164,"[0, 0, 0, 9, 2, 2, 13, 4, 21, 17, 13, 0, 0, 0, 0, 0, 0, 23]","[0, 2, 1, 3, 2, 9, 1, 4, 2, 5, 7, 22, 17, 49, 74, 73, 30, 0]"
j10,1,stnu,600,True,20,0.8738346099853516,0.00971078872680664,"[0, 0, 0, 4, 2, 2, 11, 4, 13, 13, 15, 0, 0, 0, 0, 0, 0, 20]","""[0, 2, 1, 3, 2, 9, 1, 9, 2, 7, 2, 22, 17, 49, 74, 73, 30, 0]"""
j10,1,proactive_quantile_0.9,600,True,25,0.057031869888305664,0.0006966590881347656,"[0, 0, 0, 9, 2, 2, 13, 4, 21, 17, 13, 0, 0, 0, 0, 0, 0, 74]","""[0, 2, 1, 2, 2, 7, 3, 5, 3, 5, 7, 22, 17, 49, 74, 73, 30, 0]"""
j10,1,reactive,600,True,24,0.057031869888305664,0.09387731552124023,"[0, 0, 0, 9, 2, 2, 13, 4, 21, 17, 13, 0, 0, 0, 0, 0, 0, 24]","[0, 2, 1, 2, 2, 7, 3, 5, 3, 5, 7, 22, 17, 49, 74, 73, 30, 0]"
j10,1,stnu,600,True,22,0.8316633701324463,0.009810209274291992,"[0, 0, 0, 4, 2, 2, 9, 4, 13, 13, 16, 0, 0, 0, 0, 0, 0, 22]","""[0, 2, 2, 2, 2, 7, 3, 9, 3, 9, 1, 22, 17, 49, 74, 73, 30, 0]"""
j10,1,proactive_quantile_0.9,600,True,34,0.5389797687530518,0.00040602684020996094,"[0, 0, 0, 8, 27, 11, 18, 21, 16, 29, 29, 0, 0, 0, 45]","""[0, 7, 10, 3, 1, 2, 3, 6, 1, 1, 4, 32, 18, 45, 0]"""
j10,1,reactive,600,True,33,0.5389797687530518,0.1361691951751709,"[0, 0, 0, 8, 27, 11, 18, 21, 16, 29, 29, 0, 0, 0, 33]","[0, 7, 10, 3, 1, 2, 3, 6, 1, 1, 4, 32, 18, 45, 0]"
j10,1,stnu,600,False,inf,0.7135651111602783,inf,[],"""[0, 3, 6, 1, 1, 2, 3, 6, 1, 1, 4, 32, 18, 45, 0]"""
j10,1,proactive_quantile_0.9,600,False,inf,0.08235573768615723,inf,"[0, 0, 0, 8, 27, 11, 18, 21, 16, 29, 29, 0, 0, 0, 45]","""[0, 6, 10, 2, 1, 6, 2, 4, 1, 2, 5, 32, 18, 45, 0]"""
j10,1,reactive,600,False,inf,inf,inf,null,"[0, 6, 10, 2, 1, 6, 2, 4, 1, 2, 5, 32, 18, 45, 0]"
j10,1,stnu,600,False,inf,0.6640481948852539,inf,[],"""[0, 6, 10, 2, 1, 6, 2, 4, 1, 1, 4, 32, 18, 45, 0]"""
j10,1,proactive_quantile_0.9,600,True,34,0.08947372436523438,0.0003268718719482422,"[0, 0, 0, 8, 27, 11, 18, 21, 16, 29, 29, 0, 0, 0, 45]","""[0, 7, 9, 3, 1, 4, 2, 5, 2, 2, 5, 32, 18, 45, 0]"""
j10,1,reactive,600,True,31,0.08947372436523438,0.1363668441772461,"[0, 0, 0, 8, 15, 11, 18, 21, 16, 20, 26, 0, 0, 0, 31]","[0, 7, 9, 3, 1, 4, 2, 5, 2, 2, 5, 32, 18, 45, 0]"
j10,1,stnu,600,False,inf,0.7709696292877197,inf,[],"""[0, 7, 9, 1, 1, 4, 2, 5, 2, 1, 5, 32, 18, 45, 0]"""
j10,1,proactive_quantile_0.9,600,True,34,0.06978321075439453,0.0003829002380371094,"[0, 0, 0, 8, 27, 11, 18, 21, 16, 29, 29, 0, 0, 0, 45]","""[0, 8, 10, 3, 2, 5, 2, 3, 2, 2, 4, 32, 18, 45, 0]"""
j10,1,reactive,600,True,33,0.06978321075439453,0.08582615852355957,"[0, 0, 0, 8, 27, 11, 18, 21, 16, 29, 29, 0, 0, 0, 33]","[0, 8, 10, 3, 2, 5, 2, 3, 2, 2, 4, 32, 18, 45, 0]"
j10,1,stnu,600,False,inf,0.8024318218231201,inf,[],"""[0, 8, 10, 1, 2, 5, 2, 3, 2, 1, 4, 32, 18, 45, 0]"""
j10,1,proactive_quantile_0.9,600,True,34,0.1435408592224121,0.0003781318664550781,"[0, 0, 0, 8, 27, 11, 18, 21, 16, 29, 29, 0, 0, 0, 45]","""[0, 8, 8, 1, 2, 5, 3, 4, 2, 2, 4, 32, 18, 45, 0]"""
j10,1,reactive,600,True,33,0.1435408592224121,0.0961310863494873,"[0, 0, 0, 8, 27, 11, 18, 21, 16, 29, 29, 0, 0, 0, 33]","[0, 8, 8, 1, 2, 5, 3, 4, 2, 2, 4, 32, 18, 45, 0]"
j10,1,stnu,600,False,inf,0.6541793346405029,inf,[],"""[0, 8, 8, 2, 2, 5, 3, 4, 2, 2, 5, 32, 18, 45, 0]"""
j10,1,proactive_quantile_0.9,600,True,34,0.06392979621887207,0.00038123130798339844,"[0, 0, 0, 8, 27, 11, 18, 21, 16, 29, 29, 0, 0, 0, 45]","""[0, 5, 8, 2, 1, 5, 1, 6, 2, 2, 3, 32, 18, 45, 0]"""
j10,1,reactive,600,True,32,0.06392979621887207,0.1518690586090088,"[0, 0, 0, 8, 27, 11, 18, 21, 16, 29, 29, 0, 0, 0, 32]","[0, 5, 8, 2, 1, 5, 1, 6, 2, 2, 3, 32, 18, 45, 0]"
j10,1,stnu,600,False,inf,0.705390214920044,inf,[],"""[0, 5, 8, 2, 7, 5, 2, 6, 2, 2, 4, 32, 18, 45, 0]"""
j10,1,proactive_quantile_0.9,600,True,34,0.06114840507507324,0.0003917217254638672,"[0, 0, 0, 8, 27, 11, 18, 21, 16, 29, 29, 0, 0, 0, 45]","""[0, 7, 8, 1, 2, 3, 2, 6, 2, 2, 4, 32, 18, 45, 0]"""
j10,1,reactive,600,True,33,0.06114840507507324,0.14948248863220215,"[0, 0, 0, 8, 27, 11, 18, 21, 16, 29, 29, 0, 0, 0, 33]","[0, 7, 8, 1, 2, 3, 2, 6, 2, 2, 4, 32, 18, 45, 0]"
j10,1,stnu,600,False,inf,1.0805559158325195,inf,[],"""[0, 7, 8, 2, 2, 3, 2, 6, 2, 2, 5, 32, 18, 45, 0]"""
j10,1,proactive_quantile_0.9,600,False,inf,0.15947914123535156,inf,"[0, 0, 0, 8, 27, 11, 18, 21, 16, 29, 29, 0, 0, 0, 45]","""[0, 7, 9, 1, 1, 6, 3, 5, 1, 2, 3, 32, 18, 45, 0]"""
j10,1,reactive,600,False,inf,inf,inf,null,"[0, 7, 9, 1, 1, 6, 3, 5, 1, 2, 3, 32, 18, 45, 0]"
j10,1,stnu,600,False,inf,0.9246201515197754,inf,[],"""[0, 7, 9, 2, 1, 6, 3, 5, 1, 1, 4, 32, 18, 45, 0]"""
j10,1,proactive_quantile_0.9,600,False,inf,0.2819786071777344,inf,"[0, 0, 0, 18, 32, 11, 21, 26, 16, 34, 36, 0, 0, 0, 45]","""[0, 7, 9, 2, 1, 6, 5, 3, 2, 1, 5, 32, 18, 45, 0]"""
j10,1,reactive,600,False,inf,inf,inf,null,"[0, 7, 9, 2, 1, 6, 5, 3, 2, 1, 5, 32, 18, 45, 0]"
j10,1,stnu,600,False,inf,0.83083176612854,inf,[],"""[0, 8, 9, 1, 1, 6, 3, 3, 2, 1, 5, 32, 18, 45, 0]"""
j10,1,proactive_quantile_0.9,600,True,34,0.13503146171569824,0.0003600120544433594,"[0, 0, 0, 8, 27, 11, 18, 21, 16, 29, 29, 0, 0, 0, 45]","""[0, 6, 8, 2, 1, 4, 2, 4, 2, 2, 3, 32, 18, 45, 0]"""
j10,1,reactive,600,True,31,0.13503146171569824,0.17711353302001953,"[0, 0, 0, 8, 27, 11, 18, 21, 16, 28, 28, 0, 0, 0, 31]","[0, 6, 8, 2, 1, 4, 2, 4, 2, 2, 3, 32, 18, 45, 0]"
j10,1,stnu,600,False,inf,0.6399838924407959,inf,[],"""[0, 6, 8, 2, 1, 4, 2, 4, 2, 1, 5, 32, 18, 45, 0]"""
j10,1,proactive_quantile_0.9,600,True,18,0.0694265365600586,0.0009064674377441406,"[0, 0, 0, 0, 3, 8, 3, 8, 12, 8, 12, 0, 0, 0, 0, 0, 0, 0, 0, 0, 68]","""[0, 3, 7, 1, 2, 2, 6, 2, 3, 1, 4, 44, 38, 66, 56, 68, 12, 25, 12, 31, 0]"""
j10,1,reactive,600,True,16,0.0694265365600586,0.09878039360046387,"[0, 0, 0, 0, 3, 8, 3, 8, 12, 8, 12, 0, 0, 0, 0, 0, 0, 0, 0, 0, 16]","[0, 3, 7, 1, 2, 2, 6, 2, 3, 1, 4, 44, 38, 66, 56, 68, 12, 25, 12, 31, 0]"
j10,1,stnu,600,False,inf,0.6273858547210693,inf,[],"""[0, 3, 8, 3, 2, 2, 6, 2, 3, 1, 4, 44, 38, 66, 56, 68, 12, 25, 12, 31, 0]"""
j10,1,proactive_quantile_0.9,600,True,19,0.0539398193359375,0.0009176731109619141,"[0, 0, 0, 0, 5, 9, 3, 9, 12, 9, 13, 0, 0, 0, 0, 0, 0, 0, 0, 0, 68]","""[0, 2, 8, 5, 3, 3, 6, 3, 2, 1, 5, 44, 38, 66, 56, 68, 12, 25, 12, 31, 0]"""
j10,1,reactive,600,True,18,0.0539398193359375,0.0813436508178711,"[0, 0, 0, 0, 5, 9, 3, 9, 12, 9, 13, 0, 0, 0, 0, 0, 0, 0, 0, 0, 18]","[0, 2, 8, 5, 3, 3, 6, 3, 2, 1, 5, 44, 38, 66, 56, 68, 12, 25, 12, 31, 0]"
j10,1,stnu,600,False,inf,0.6101133823394775,inf,[],"""[0, 2, 8, 5, 3, 3, 6, 3, 2, 1, 5, 44, 38, 66, 56, 68, 12, 25, 12, 31, 0]"""
j10,1,proactive_quantile_0.9,600,True,19,0.05395913124084473,0.0008606910705566406,"[0, 0, 0, 0, 5, 9, 3, 9, 12, 9, 13, 0, 0, 0, 0, 0, 0, 0, 0, 0, 68]","""[0, 2, 8, 4, 3, 2, 6, 2, 3, 1, 5, 44, 38, 66, 56, 68, 12, 25, 12, 31, 0]"""
j10,1,reactive,600,True,18,0.05395913124084473,0.1134033203125,"[0, 0, 0, 0, 5, 9, 3, 9, 12, 9, 13, 0, 0, 0, 0, 0, 0, 0, 0, 0, 18]","[0, 2, 8, 4, 3, 2, 6, 2, 3, 1, 5, 44, 38, 66, 56, 68, 12, 25, 12, 31, 0]"
j10,1,stnu,600,True,15,0.7043335437774658,0.0125732421875,"[0, 0, 0, 0, 2, 8, 1, 8, 9, 8, 10, 0, 0, 0, 0, 0, 0, 0, 0, 0, 15]","""[0, 1, 8, 2, 2, 2, 6, 2, 1, 1, 5, 44, 38, 66, 56, 68, 12, 25, 12, 31, 0]"""
j10,1,proactive_quantile_0.9,600,True,18,0.04230809211730957,0.0008497238159179688,"[0, 0, 0, 0, 3, 8, 3, 8, 11, 8, 12, 0, 0, 0, 0, 0, 0, 0, 0, 0, 68]","""[0, 1, 5, 1, 1, 2, 7, 2, 1, 2, 5, 44, 38, 66, 56, 68, 12, 25, 12, 31, 0]"""
j10,1,reactive,600,True,17,0.04230809211730957,0.2314281463623047,"[0, 0, 0, 0, 3, 8, 3, 8, 11, 8, 12, 0, 0, 0, 0, 0, 0, 0, 0, 0, 17]","[0, 1, 5, 1, 1, 2, 7, 2, 1, 2, 5, 44, 38, 66, 56, 68, 12, 25, 12, 31, 0]"
j10,1,stnu,600,False,inf,0.6341683864593506,inf,[],"""[0, 1, 7, 3, 2, 2, 8, 2, 1, 2, 5, 44, 38, 66, 56, 68, 12, 25, 12, 31, 0]"""
j10,1,proactive_quantile_0.9,600,True,18,0.04310345649719238,0.0008547306060791016,"[0, 0, 0, 0, 3, 8, 3, 8, 11, 8, 12, 0, 0, 0, 0, 0, 0, 0, 0, 0, 68]","""[0, 2, 6, 2, 2, 4, 7, 1, 2, 2, 6, 44, 38, 66, 56, 68, 12, 25, 12, 31, 0]"""
j10,1,reactive,600,True,18,0.04310345649719238,0.048792123794555664,"[0, 0, 0, 0, 3, 8, 3, 8, 10, 8, 12, 0, 0, 0, 0, 0, 0, 0, 0, 0, 18]","[0, 2, 6, 2, 2, 4, 7, 1, 2, 2, 6, 44, 38, 66, 56, 68, 12, 25, 12, 31, 0]"
j10,1,stnu,600,False,inf,0.6349387168884277,inf,[],"""[0, 1, 8, 6, 3, 4, 7, 1, 1, 2, 6, 44, 38, 66, 56, 68, 12, 25, 12, 31, 0]"""
j10,1,proactive_quantile_0.9,600,True,21,0.12279868125915527,0.0008752346038818359,"[0, 0, 0, 0, 3, 8, 3, 8, 11, 10, 16, 0, 0, 0, 0, 0, 0, 0, 0, 0, 68]","""[0, 2, 6, 1, 1, 6, 8, 3, 4, 1, 4, 44, 38, 66, 56, 68, 12, 25, 12, 31, 0]"""
j10,1,reactive,600,True,20,0.12279868125915527,0.09752178192138672,"[0, 0, 0, 0, 3, 8, 3, 8, 11, 10, 16, 0, 0, 0, 0, 0, 0, 0, 0, 0, 20]","[0, 2, 6, 1, 1, 6, 8, 3, 4, 1, 4, 44, 38, 66, 56, 68, 12, 25, 12, 31, 0]"
j10,1,stnu,600,False,inf,0.63283371925354,inf,[],"""[0, 2, 8, 5, 1, 4, 8, 3, 4, 1, 5, 44, 38, 66, 56, 68, 12, 25, 12, 31, 0]"""
j10,1,proactive_quantile_0.9,600,True,18,0.047857046127319336,0.0008881092071533203,"[0, 0, 0, 0, 3, 8, 3, 8, 11, 8, 12, 0, 0, 0, 0, 0, 0, 0, 0, 0, 68]","""[0, 1, 7, 1, 2, 2, 6, 2, 2, 2, 6, 44, 38, 66, 56, 68, 12, 25, 12, 31, 0]"""
j10,1,reactive,600,True,16,0.047857046127319336,0.07729101181030273,"[0, 0, 0, 0, 3, 8, 3, 8, 9, 8, 10, 0, 0, 0, 0, 0, 0, 0, 0, 0, 16]","[0, 1, 7, 1, 2, 2, 6, 2, 2, 2, 6, 44, 38, 66, 56, 68, 12, 25, 12, 31, 0]"
j10,1,stnu,600,True,15,0.6695396900177002,0.012541532516479492,"[0, 0, 0, 0, 1, 7, 1, 7, 9, 7, 9, 0, 0, 0, 0, 0, 0, 0, 0, 0, 15]","""[0, 1, 7, 1, 2, 2, 6, 2, 2, 2, 6, 44, 38, 66, 56, 68, 12, 25, 12, 31, 0]"""
j10,1,proactive_quantile_0.9,600,True,18,0.12098097801208496,0.0008783340454101562,"[0, 0, 0, 0, 3, 8, 3, 8, 12, 8, 12, 0, 0, 0, 0, 0, 0, 0, 0, 0, 68]","""[0, 2, 8, 1, 2, 1, 8, 2, 3, 2, 4, 44, 38, 66, 56, 68, 12, 25, 12, 31, 0]"""
j10,1,reactive,600,True,16,0.12098097801208496,0.0916604995727539,"[0, 0, 0, 0, 3, 8, 3, 8, 12, 8, 12, 0, 0, 0, 0, 0, 0, 0, 0, 0, 16]","[0, 2, 8, 1, 2, 1, 8, 2, 3, 2, 4, 44, 38, 66, 56, 68, 12, 25, 12, 31, 0]"
j10,1,stnu,600,False,inf,0.6284403800964355,inf,[],"""[0, 2, 7, 3, 2, 1, 8, 2, 3, 2, 4, 44, 38, 66, 56, 68, 12, 25, 12, 31, 0]"""
j10,1,proactive_quantile_0.9,600,True,21,0.233612060546875,0.0008633136749267578,"[0, 0, 0, 0, 3, 8, 3, 8, 11, 10, 16, 0, 0, 0, 0, 0, 0, 0, 0, 0, 68]","""[0, 1, 5, 2, 2, 6, 6, 3, 2, 2, 2, 44, 38, 66, 56, 68, 12, 25, 12, 31, 0]"""
j10,1,reactive,600,True,16,0.233612060546875,0.0767977237701416,"[0, 0, 0, 0, 3, 8, 3, 8, 11, 10, 14, 0, 0, 0, 0, 0, 0, 0, 0, 0, 16]","[0, 1, 5, 2, 2, 6, 6, 3, 2, 2, 2, 44, 38, 66, 56, 68, 12, 25, 12, 31, 0]"
j10,1,stnu,600,True,13,0.7081408500671387,0.012664794921875,"[0, 0, 0, 0, 3, 5, 3, 5, 9, 5, 9, 0, 0, 0, 0, 0, 0, 0, 0, 0, 13]","""[0, 3, 5, 2, 2, 4, 6, 3, 2, 2, 4, 44, 38, 66, 56, 68, 12, 25, 12, 31, 0]"""
j10,1,proactive_quantile_0.9,600,True,21,0.1148374080657959,0.0008711814880371094,"[0, 0, 0, 0, 3, 8, 3, 8, 11, 10, 16, 0, 0, 0, 0, 0, 0, 0, 0, 0, 68]","""[0, 2, 7, 1, 1, 5, 6, 2, 4, 1, 5, 44, 38, 66, 56, 68, 12, 25, 12, 31, 0]"""
j10,1,reactive,600,True,20,0.1148374080657959,0.10917043685913086,"[0, 0, 0, 0, 3, 8, 3, 8, 11, 10, 15, 0, 0, 0, 0, 0, 0, 0, 0, 0, 20]","[0, 2, 7, 1, 1, 5, 6, 2, 4, 1, 5, 44, 38, 66, 56, 68, 12, 25, 12, 31, 0]"
j10,1,stnu,600,False,inf,0.6348080635070801,inf,[],"""[0, 3, 6, 6, 2, 2, 8, 2, 4, 1, 4, 44, 38, 66, 56, 68, 12, 25, 12, 31, 0]"""
j10,1,proactive_quantile_0.9,600,True,33,0.130035400390625,0.0014622211456298828,"[0, 0, 0, 0, 5, 5, 14, 18, 14, 18, 26, 0, 0, 0, 0, 0, 0, 0, 0, 0, 0, 89]","""[0, 3, 4, 7, 2, 6, 2, 6, 1, 3, 5, 63, 54, 45, 84, 79, 46, 83, 87, 89, 48, 0]"""
j10,1,reactive,600,True,31,0.130035400390625,0.14343929290771484,"[0, 0, 0, 0, 5, 5, 14, 18, 14, 18, 26, 0, 0, 0, 0, 0, 0, 0, 0, 0, 0, 31]","[0, 3, 4, 7, 2, 6, 2, 6, 1, 3, 5, 63, 54, 45, 84, 79, 46, 83, 87, 89, 48, 0]"
j10,1,stnu,600,True,16,0.7215793132781982,0.014750480651855469,"[0, 0, 0, 0, 7, 4, 9, 10, 9, 14, 12, 0, 0, 0, 0, 0, 0, 0, 0, 0, 0, 16]","""[0, 1, 4, 7, 2, 3, 1, 2, 1, 2, 2, 63, 54, 45, 84, 79, 46, 83, 87, 89, 48, 0]"""
j10,1,proactive_quantile_0.9,600,True,28,0.16510534286499023,0.0014362335205078125,"[0, 0, 0, 0, 5, 8, 16, 18, 16, 6, 26, 0, 0, 0, 0, 0, 0, 0, 0, 0, 0, 89]","""[0, 1, 6, 4, 2, 3, 2, 7, 7, 3, 1, 63, 54, 45, 84, 79, 46, 83, 87, 89, 48, 0]"""
j10,1,reactive,600,False,inf,inf,inf,null,"[0, 1, 6, 4, 2, 3, 2, 7, 7, 3, 1, 63, 54, 45, 84, 79, 46, 83, 87, 89, 48, 0]"
j10,1,stnu,600,True,20,0.7425696849822998,0.014625310897827148,"[0, 0, 0, 0, 9, 6, 11, 13, 11, 18, 17, 0, 0, 0, 0, 0, 0, 0, 0, 0, 0, 20]","""[0, 1, 6, 4, 2, 3, 2, 4, 1, 2, 1, 63, 54, 45, 84, 79, 46, 83, 87, 89, 48, 0]"""
j10,1,proactive_quantile_0.9,600,True,33,0.18509316444396973,0.0013892650604248047,"[0, 0, 0, 0, 5, 5, 14, 18, 14, 18, 26, 0, 0, 0, 0, 0, 0, 0, 0, 0, 0, 89]","""[0, 3, 3, 4, 3, 7, 2, 7, 2, 5, 8, 63, 54, 45, 84, 79, 46, 83, 87, 89, 48, 0]"""
j10,1,reactive,600,True,34,0.18509316444396973,0.0994269847869873,"[0, 0, 0, 0, 5, 5, 14, 18, 14, 18, 26, 0, 0, 0, 0, 0, 0, 0, 0, 0, 0, 34]","[0, 3, 3, 4, 3, 7, 2, 7, 2, 5, 8, 63, 54, 45, 84, 79, 46, 83, 87, 89, 48, 0]"
j10,1,stnu,600,False,inf,0.677093505859375,inf,[],"""[0, 3, 3, 4, 9, 7, 2, 7, 10, 5, 8, 63, 54, 45, 84, 79, 46, 83, 87, 89, 48, 0]"""
j10,1,proactive_quantile_0.9,600,False,inf,0.044640541076660156,inf,"[0, 0, 0, 0, 5, 5, 14, 18, 14, 18, 26, 0, 0, 0, 0, 0, 0, 0, 0, 0, 0, 89]","""[0, 3, 5, 4, 2, 10, 3, 4, 1, 4, 7, 63, 54, 45, 84, 79, 46, 83, 87, 89, 48, 0]"""
j10,1,reactive,600,False,inf,inf,inf,null,"[0, 3, 5, 4, 2, 10, 3, 4, 1, 4, 7, 63, 54, 45, 84, 79, 46, 83, 87, 89, 48, 0]"
j10,1,stnu,600,True,16,0.8060882091522217,0.01500701904296875,"[0, 0, 0, 0, 8, 5, 10, 12, 10, 15, 14, 0, 0, 0, 0, 0, 0, 0, 0, 0, 0, 16]","""[0, 1, 5, 4, 2, 3, 2, 2, 1, 1, 1, 63, 54, 45, 84, 79, 46, 83, 87, 89, 48, 0]"""
j10,1,proactive_quantile_0.9,600,True,33,0.1794729232788086,0.001504659652709961,"[0, 0, 0, 0, 5, 5, 14, 18, 14, 18, 26, 0, 0, 0, 0, 0, 0, 0, 0, 0, 0, 89]","""[0, 3, 4, 4, 2, 7, 3, 5, 2, 4, 5, 63, 54, 45, 84, 79, 46, 83, 87, 89, 48, 0]"""
j10,1,reactive,600,True,31,0.1794729232788086,0.13291120529174805,"[0, 0, 0, 0, 5, 5, 14, 18, 14, 18, 26, 0, 0, 0, 0, 0, 0, 0, 0, 0, 0, 31]","[0, 3, 4, 4, 2, 7, 3, 5, 2, 4, 5, 63, 54, 45, 84, 79, 46, 83, 87, 89, 48, 0]"
j10,1,stnu,600,False,inf,0.6591293811798096,inf,[],"""[0, 3, 4, 4, 11, 7, 3, 5, 11, 4, 5, 63, 54, 45, 84, 79, 46, 83, 87, 89, 48, 0]"""
j10,1,proactive_quantile_0.9,600,True,33,0.05933022499084473,0.0013799667358398438,"[0, 0, 0, 0, 5, 5, 14, 18, 14, 18, 26, 0, 0, 0, 0, 0, 0, 0, 0, 0, 0, 89]","""[0, 3, 4, 4, 1, 6, 2, 7, 1, 5, 5, 63, 54, 45, 84, 79, 46, 83, 87, 89, 48, 0]"""
j10,1,reactive,600,True,31,0.05933022499084473,0.12764573097229004,"[0, 0, 0, 0, 5, 5, 14, 18, 14, 18, 26, 0, 0, 0, 0, 0, 0, 0, 0, 0, 0, 31]","[0, 3, 4, 4, 1, 6, 2, 7, 1, 5, 5, 63, 54, 45, 84, 79, 46, 83, 87, 89, 48, 0]"
j10,1,stnu,600,False,inf,0.7562212944030762,inf,[],"""[0, 3, 4, 4, 7, 6, 2, 7, 10, 5, 5, 63, 54, 45, 84, 79, 46, 83, 87, 89, 48, 0]"""
j10,1,proactive_quantile_0.9,600,True,33,0.1882941722869873,0.0013628005981445312,"[0, 0, 0, 0, 5, 5, 14, 18, 14, 18, 26, 0, 0, 0, 0, 0, 0, 0, 0, 0, 0, 89]","""[0, 3, 4, 5, 1, 8, 2, 6, 2, 4, 7, 63, 54, 45, 84, 79, 46, 83, 87, 89, 48, 0]"""
j10,1,reactive,600,True,31,0.1882941722869873,0.11878561973571777,"[0, 0, 0, 0, 5, 5, 14, 18, 14, 18, 24, 0, 0, 0, 0, 0, 0, 0, 0, 0, 0, 31]","[0, 3, 4, 5, 1, 8, 2, 6, 2, 4, 7, 63, 54, 45, 84, 79, 46, 83, 87, 89, 48, 0]"
j10,1,stnu,600,False,inf,0.6202301979064941,inf,[],"""[0, 3, 4, 5, 6, 8, 2, 6, 8, 4, 7, 63, 54, 45, 84, 79, 46, 83, 87, 89, 48, 0]"""
j10,1,proactive_quantile_0.9,600,True,33,0.06098318099975586,0.0014812946319580078,"[0, 0, 0, 0, 5, 5, 14, 18, 14, 18, 26, 0, 0, 0, 0, 0, 0, 0, 0, 0, 0, 89]","""[0, 2, 3, 6, 3, 9, 3, 7, 1, 3, 6, 63, 54, 45, 84, 79, 46, 83, 87, 89, 48, 0]"""
j10,1,reactive,600,True,32,0.06098318099975586,0.09289216995239258,"[0, 0, 0, 0, 5, 5, 14, 18, 14, 18, 26, 0, 0, 0, 0, 0, 0, 0, 0, 0, 0, 32]","[0, 2, 3, 6, 3, 9, 3, 7, 1, 3, 6, 63, 54, 45, 84, 79, 46, 83, 87, 89, 48, 0]"
j10,1,stnu,600,True,18,0.7250580787658691,0.014640569686889648,"[0, 0, 0, 0, 6, 3, 9, 11, 9, 15, 14, 0, 0, 0, 0, 0, 0, 0, 0, 0, 0, 18]","""[0, 1, 3, 6, 3, 3, 2, 3, 1, 3, 1, 63, 54, 45, 84, 79, 46, 83, 87, 89, 48, 0]"""
j10,1,proactive_quantile_0.9,600,True,33,0.0664675235748291,0.0014214515686035156,"[0, 0, 0, 0, 5, 5, 14, 18, 14, 18, 26, 0, 0, 0, 0, 0, 0, 0, 0, 0, 0, 89]","""[0, 4, 4, 6, 2, 6, 2, 5, 1, 4, 5, 63, 54, 45, 84, 79, 46, 83, 87, 89, 48, 0]"""
j10,1,reactive,600,True,31,0.0664675235748291,0.09514760971069336,"[0, 0, 0, 0, 5, 5, 14, 18, 14, 18, 26, 0, 0, 0, 0, 0, 0, 0, 0, 0, 0, 31]","[0, 4, 4, 6, 2, 6, 2, 5, 1, 4, 5, 63, 54, 45, 84, 79, 46, 83, 87, 89, 48, 0]"
j10,1,stnu,600,True,18,0.8179347515106201,0.014830350875854492,"[0, 0, 0, 0, 9, 4, 11, 13, 11, 17, 15, 0, 0, 0, 0, 0, 0, 0, 0, 0, 0, 18]","""[0, 1, 4, 6, 2, 5, 2, 2, 1, 1, 2, 63, 54, 45, 84, 79, 46, 83, 87, 89, 48, 0]"""
j10,1,proactive_quantile_0.9,600,True,33,0.0464472770690918,0.0013968944549560547,"[0, 0, 0, 0, 5, 5, 14, 18, 14, 18, 26, 0, 0, 0, 0, 0, 0, 0, 0, 0, 0, 89]","""[0, 2, 4, 5, 2, 7, 3, 6, 1, 4, 5, 63, 54, 45, 84, 79, 46, 83, 87, 89, 48, 0]"""
j10,1,reactive,600,True,31,0.0464472770690918,0.12148714065551758,"[0, 0, 0, 0, 5, 5, 14, 18, 14, 18, 26, 0, 0, 0, 0, 0, 0, 0, 0, 0, 0, 31]","[0, 2, 4, 5, 2, 7, 3, 6, 1, 4, 5, 63, 54, 45, 84, 79, 46, 83, 87, 89, 48, 0]"
j10,1,stnu,600,False,inf,0.6520333290100098,inf,[],"""[0, 2, 4, 5, 10, 7, 3, 6, 8, 4, 5, 63, 54, 45, 84, 79, 46, 83, 87, 89, 48, 0]"""
j10,1,proactive_quantile_0.9,600,True,38,0.2898263931274414,0.0010838508605957031,"[0, 0, 0, 2, 11, 5, 8, 16, 27, 32, 27, 0, 0, 0, 0, 0, 0, 0, 0, 0, 83]","""[0, 5, 1, 3, 4, 2, 2, 7, 11, 1, 5, 11, 51, 83, 70, 18, 64, 51, 42, 32, 0]"""
j10,1,reactive,600,True,38,0.2898263931274414,0.11051392555236816,"[0, 0, 0, 2, 11, 5, 8, 16, 27, 10, 27, 0, 0, 0, 0, 0, 0, 0, 0, 0, 38]","[0, 5, 1, 3, 4, 2, 2, 7, 11, 1, 5, 11, 51, 83, 70, 18, 64, 51, 42, 32, 0]"
j10,1,stnu,600,False,inf,0.705723762512207,inf,[],"""[0, 3, 1, 3, 4, 2, 2, 7, 5, 1, 8, 11, 51, 83, 70, 18, 64, 51, 42, 32, 0]"""
j10,1,proactive_quantile_0.9,600,True,38,0.10740089416503906,0.0010082721710205078,"[0, 0, 0, 2, 11, 5, 8, 16, 27, 32, 27, 0, 0, 0, 0, 0, 0, 0, 0, 0, 83]","""[0, 6, 1, 1, 4, 2, 2, 10, 10, 1, 3, 11, 51, 83, 70, 18, 64, 51, 42, 32, 0]"""
j10,1,reactive,600,True,37,0.10740089416503906,0.15989470481872559,"[0, 0, 0, 2, 11, 5, 8, 16, 27, 32, 27, 0, 0, 0, 0, 0, 0, 0, 0, 0, 37]","[0, 6, 1, 1, 4, 2, 2, 10, 10, 1, 3, 11, 51, 83, 70, 18, 64, 51, 42, 32, 0]"
j10,1,stnu,600,False,inf,0.6725189685821533,inf,[],"""[0, 4, 1, 1, 4, 2, 2, 8, 5, 1, 8, 11, 51, 83, 70, 18, 64, 51, 42, 32, 0]"""
j10,1,proactive_quantile_0.9,600,True,38,0.09867382049560547,0.0009837150573730469,"[0, 0, 0, 2, 11, 5, 8, 16, 27, 32, 27, 0, 0, 0, 0, 0, 0, 0, 0, 0, 83]","""[0, 6, 1, 2, 2, 2, 1, 9, 7, 2, 4, 11, 51, 83, 70, 18, 64, 51, 42, 32, 0]"""
j10,1,reactive,600,True,34,0.09867382049560547,0.3167896270751953,"[0, 0, 0, 2, 11, 5, 8, 16, 27, 32, 27, 0, 0, 0, 0, 0, 0, 0, 0, 0, 34]","[0, 6, 1, 2, 2, 2, 1, 9, 7, 2, 4, 11, 51, 83, 70, 18, 64, 51, 42, 32, 0]"
j10,1,stnu,600,False,inf,0.8137226104736328,inf,[],"""[0, 4, 1, 2, 2, 2, 1, 8, 7, 2, 6, 11, 51, 83, 70, 18, 64, 51, 42, 32, 0]"""
j10,1,proactive_quantile_0.9,600,True,38,0.06104588508605957,0.0010037422180175781,"[0, 0, 0, 2, 11, 5, 8, 16, 27, 32, 27, 0, 0, 0, 0, 0, 0, 0, 0, 0, 83]","""[0, 4, 1, 3, 4, 3, 2, 9, 10, 2, 5, 11, 51, 83, 70, 18, 64, 51, 42, 32, 0]"""
j10,1,reactive,600,True,37,0.06104588508605957,0.10790729522705078,"[0, 0, 0, 2, 11, 5, 8, 16, 27, 32, 27, 0, 0, 0, 0, 0, 0, 0, 0, 0, 37]","[0, 4, 1, 3, 4, 3, 2, 9, 10, 2, 5, 11, 51, 83, 70, 18, 64, 51, 42, 32, 0]"
j10,1,stnu,600,False,inf,0.873110294342041,inf,[],"""[0, 5, 1, 3, 4, 3, 2, 6, 4, 2, 6, 11, 51, 83, 70, 18, 64, 51, 42, 32, 0]"""
j10,1,proactive_quantile_0.9,600,True,38,0.2848372459411621,0.0009868144989013672,"[0, 0, 0, 2, 11, 5, 8, 16, 27, 32, 27, 0, 0, 0, 0, 0, 0, 0, 0, 0, 83]","""[0, 5, 1, 2, 5, 1, 3, 10, 12, 1, 4, 11, 51, 83, 70, 18, 64, 51, 42, 32, 0]"""
j10,1,reactive,600,True,39,0.2848372459411621,0.13072657585144043,"[0, 0, 0, 2, 11, 5, 8, 16, 27, 32, 27, 0, 0, 0, 0, 0, 0, 0, 0, 0, 39]","[0, 5, 1, 2, 5, 1, 3, 10, 12, 1, 4, 11, 51, 83, 70, 18, 64, 51, 42, 32, 0]"
j10,1,stnu,600,False,inf,0.8065428733825684,inf,[],"""[0, 5, 1, 2, 5, 1, 3, 9, 6, 1, 8, 11, 51, 83, 70, 18, 64, 51, 42, 32, 0]"""
j10,1,proactive_quantile_0.9,600,True,38,0.1677100658416748,0.0010478496551513672,"[0, 0, 0, 2, 11, 5, 8, 16, 27, 32, 27, 0, 0, 0, 0, 0, 0, 0, 0, 0, 83]","""[0, 3, 2, 3, 4, 3, 1, 10, 11, 2, 4, 11, 51, 83, 70, 18, 64, 51, 42, 32, 0]"""
j10,1,reactive,600,True,38,0.1677100658416748,0.09535551071166992,"[0, 0, 0, 2, 11, 5, 8, 16, 27, 9, 27, 0, 0, 0, 0, 0, 0, 0, 0, 0, 38]","[0, 3, 2, 3, 4, 3, 1, 10, 11, 2, 4, 11, 51, 83, 70, 18, 64, 51, 42, 32, 0]"
j10,1,stnu,600,False,inf,0.72833251953125,inf,[],"""[0, 2, 2, 3, 4, 3, 1, 9, 6, 2, 6, 11, 51, 83, 70, 18, 64, 51, 42, 32, 0]"""
j10,1,proactive_quantile_0.9,600,True,38,0.10877013206481934,0.0010077953338623047,"[0, 0, 0, 2, 11, 5, 8, 16, 27, 32, 27, 0, 0, 0, 0, 0, 0, 0, 0, 0, 83]","""[0, 3, 1, 1, 3, 2, 2, 10, 10, 1, 3, 11, 51, 83, 70, 18, 64, 51, 42, 32, 0]"""
j10,1,reactive,600,True,37,0.10877013206481934,0.20330381393432617,"[0, 0, 0, 2, 11, 5, 8, 16, 27, 32, 27, 0, 0, 0, 0, 0, 0, 0, 0, 0, 37]","[0, 3, 1, 1, 3, 2, 2, 10, 10, 1, 3, 11, 51, 83, 70, 18, 64, 51, 42, 32, 0]"
j10,1,stnu,600,False,inf,0.877164363861084,inf,[],"""[0, 4, 1, 1, 3, 2, 2, 7, 5, 1, 7, 11, 51, 83, 70, 18, 64, 51, 42, 32, 0]"""
j10,1,proactive_quantile_0.9,600,True,38,0.06369996070861816,0.0010347366333007812,"[0, 0, 0, 2, 11, 5, 8, 16, 27, 32, 27, 0, 0, 0, 0, 0, 0, 0, 0, 0, 83]","""[0, 3, 1, 3, 2, 2, 3, 9, 11, 2, 5, 11, 51, 83, 70, 18, 64, 51, 42, 32, 0]"""
j10,1,reactive,600,True,33,0.06369996070861816,0.10386347770690918,"[0, 0, 0, 2, 11, 5, 8, 13, 22, 27, 22, 0, 0, 0, 0, 0, 0, 0, 0, 0, 33]","[0, 3, 1, 3, 2, 2, 3, 9, 11, 2, 5, 11, 51, 83, 70, 18, 64, 51, 42, 32, 0]"
j10,1,stnu,600,False,inf,0.6556499004364014,inf,[],"""[0, 3, 1, 3, 2, 2, 3, 7, 5, 2, 8, 11, 51, 83, 70, 18, 64, 51, 42, 32, 0]"""
j10,1,proactive_quantile_0.9,600,True,36,0.1869642734527588,0.001009225845336914,"[0, 0, 5, 0, 6, 3, 14, 14, 25, 31, 25, 0, 0, 0, 0, 0, 0, 0, 0, 0, 83]","""[0, 4, 4, 2, 6, 2, 3, 8, 10, 1, 5, 11, 51, 83, 70, 18, 64, 51, 42, 32, 0]"""
j10,1,reactive,600,True,35,0.1869642734527588,0.17911887168884277,"[0, 0, 5, 0, 6, 3, 14, 14, 25, 31, 25, 0, 0, 0, 0, 0, 0, 0, 0, 0, 35]","[0, 4, 4, 2, 6, 2, 3, 8, 10, 1, 5, 11, 51, 83, 70, 18, 64, 51, 42, 32, 0]"
j10,1,stnu,600,False,inf,0.6562957763671875,inf,[],"""[0, 4, 2, 2, 5, 2, 1, 8, 4, 1, 5, 11, 51, 83, 70, 18, 64, 51, 42, 32, 0]"""
j10,1,proactive_quantile_0.9,600,True,38,0.06246829032897949,0.0010039806365966797,"[0, 0, 0, 2, 11, 5, 8, 16, 27, 32, 27, 0, 0, 0, 0, 0, 0, 0, 0, 0, 83]","""[0, 4, 1, 1, 5, 1, 2, 9, 10, 1, 3, 11, 51, 83, 70, 18, 64, 51, 42, 32, 0]"""
j10,1,reactive,600,True,37,0.06246829032897949,0.21175765991210938,"[0, 0, 0, 2, 11, 5, 8, 16, 27, 32, 27, 0, 0, 0, 0, 0, 0, 0, 0, 0, 37]","[0, 4, 1, 1, 5, 1, 2, 9, 10, 1, 3, 11, 51, 83, 70, 18, 64, 51, 42, 32, 0]"
j10,1,stnu,600,False,inf,0.7800743579864502,inf,[],"""[0, 3, 1, 1, 5, 1, 2, 6, 7, 1, 4, 11, 51, 83, 70, 18, 64, 51, 42, 32, 0]"""
j10,1,proactive_quantile_0.9,600,True,21,0.044110774993896484,0.0009453296661376953,"[0, 0, 0, 0, 2, 6, 6, 15, 15, 2, 19, 0, 0, 0, 0, 0, 0, 0, 0, 66]","""[0, 1, 6, 6, 6, 1, 8, 4, 2, 2, 1, 54, 36, 66, 65, 55, 56, 20, 43, 0]"""
j10,1,reactive,600,True,20,0.044110774993896484,0.0706632137298584,"[0, 0, 0, 0, 2, 6, 6, 15, 15, 2, 19, 0, 0, 0, 0, 0, 0, 0, 0, 20]","[0, 1, 6, 6, 6, 1, 8, 4, 2, 2, 1, 54, 36, 66, 65, 55, 56, 20, 43, 0]"
j10,1,stnu,600,True,25,0.6950149536132812,0.011814117431640625,"[0, 0, 0, 0, 3, 6, 6, 14, 14, 3, 18, 0, 0, 0, 0, 0, 0, 0, 0, 25]","""[0, 3, 6, 5, 7, 4, 8, 3, 4, 2, 7, 54, 36, 66, 65, 55, 56, 20, 43, 0]"""
j10,1,proactive_quantile_0.9,600,True,21,0.05245780944824219,0.0009865760803222656,"[0, 0, 0, 0, 2, 6, 6, 15, 15, 2, 19, 0, 0, 0, 0, 0, 0, 0, 0, 66]","""[0, 2, 6, 4, 7, 1, 8, 1, 2, 1, 1, 54, 36, 66, 65, 55, 56, 20, 43, 0]"""
j10,1,reactive,600,True,17,0.05245780944824219,0.06981110572814941,"[0, 0, 0, 0, 2, 6, 6, 15, 15, 2, 16, 0, 0, 0, 0, 0, 0, 0, 0, 17]","[0, 2, 6, 4, 7, 1, 8, 1, 2, 1, 1, 54, 36, 66, 65, 55, 56, 20, 43, 0]"
j10,1,stnu,600,True,23,0.7763218879699707,0.012082338333129883,"[0, 0, 0, 0, 2, 7, 6, 17, 17, 2, 22, 0, 0, 0, 0, 0, 0, 0, 0, 23]","""[0, 2, 6, 4, 5, 1, 11, 5, 2, 1, 1, 54, 36, 66, 65, 55, 56, 20, 43, 0]"""
j10,1,proactive_quantile_0.9,600,True,28,0.047508955001831055,0.0009970664978027344,"[0, 0, 0, 0, 5, 6, 6, 15, 15, 5, 22, 0, 0, 0, 0, 0, 0, 0, 0, 66]","""[0, 3, 6, 3, 5, 3, 7, 7, 3, 3, 3, 54, 36, 66, 65, 55, 56, 20, 43, 0]"""
j10,1,reactive,600,True,25,0.047508955001831055,0.09145092964172363,"[0, 0, 0, 0, 5, 6, 6, 15, 15, 5, 22, 0, 0, 0, 0, 0, 0, 0, 0, 25]","[0, 3, 6, 3, 5, 3, 7, 7, 3, 3, 3, 54, 36, 66, 65, 55, 56, 20, 43, 0]"
j10,1,stnu,600,True,23,0.7721736431121826,0.011880874633789062,"[0, 0, 0, 0, 3, 6, 6, 13, 13, 3, 20, 0, 0, 0, 0, 0, 0, 0, 0, 23]","""[0, 3, 6, 3, 5, 3, 7, 7, 3, 3, 3, 54, 36, 66, 65, 55, 56, 20, 43, 0]"""
j10,1,proactive_quantile_0.9,600,True,28,0.0564885139465332,0.0009579658508300781,"[0, 0, 0, 0, 5, 6, 6, 15, 15, 5, 22, 0, 0, 0, 0, 0, 0, 0, 0, 66]","""[0, 4, 3, 4, 4, 3, 8, 7, 3, 4, 4, 54, 36, 66, 65, 55, 56, 20, 43, 0]"""
j10,1,reactive,600,True,26,0.0564885139465332,0.099212646484375,"[0, 0, 0, 0, 5, 6, 6, 15, 15, 5, 22, 0, 0, 0, 0, 0, 0, 0, 0, 26]","[0, 4, 3, 4, 4, 3, 8, 7, 3, 4, 4, 54, 36, 66, 65, 55, 56, 20, 43, 0]"
j10,1,stnu,600,True,16,0.6359801292419434,0.011913776397705078,"[0, 0, 0, 0, 2, 5, 4, 12, 12, 2, 15, 0, 0, 0, 0, 0, 0, 0, 0, 16]","""[0, 2, 3, 4, 5, 1, 8, 3, 1, 3, 1, 54, 36, 66, 65, 55, 56, 20, 43, 0]"""
j10,1,proactive_quantile_0.9,600,True,21,0.04837226867675781,0.0009429454803466797,"[0, 0, 0, 0, 2, 6, 6, 15, 15, 2, 19, 0, 0, 0, 0, 0, 0, 0, 0, 66]","""[0, 1, 6, 5, 5, 2, 8, 2, 1, 1, 1, 54, 36, 66, 65, 55, 56, 20, 43, 0]"""
j10,1,reactive,600,True,18,0.04837226867675781,0.10278797149658203,"[0, 0, 0, 0, 2, 6, 6, 15, 15, 2, 17, 0, 0, 0, 0, 0, 0, 0, 0, 18]","[0, 1, 6, 5, 5, 2, 8, 2, 1, 1, 1, 54, 36, 66, 65, 55, 56, 20, 43, 0]"
j10,1,stnu,600,True,24,0.6723990440368652,0.011636734008789062,"[0, 0, 0, 0, 4, 6, 6, 14, 14, 4, 20, 0, 0, 0, 0, 0, 0, 0, 0, 24]","""[0, 4, 6, 5, 6, 4, 8, 6, 3, 1, 4, 54, 36, 66, 65, 55, 56, 20, 43, 0]"""
j10,1,proactive_quantile_0.9,600,True,21,0.040374755859375,0.0009248256683349609,"[0, 0, 0, 0, 2, 6, 6, 15, 15, 2, 19, 0, 0, 0, 0, 0, 0, 0, 0, 66]","""[0, 1, 5, 3, 6, 2, 7, 3, 1, 3, 2, 54, 36, 66, 65, 55, 56, 20, 43, 0]"""
j10,1,reactive,600,True,20,0.040374755859375,0.08785700798034668,"[0, 0, 0, 0, 2, 6, 6, 15, 15, 2, 18, 0, 0, 0, 0, 0, 0, 0, 0, 20]","[0, 1, 5, 3, 6, 2, 7, 3, 1, 3, 2, 54, 36, 66, 65, 55, 56, 20, 43, 0]"
j10,1,stnu,600,True,21,0.6581788063049316,0.012149572372436523,"[0, 0, 0, 0, 4, 5, 5, 12, 12, 4, 18, 0, 0, 0, 0, 0, 0, 0, 0, 21]","""[0, 4, 5, 5, 6, 5, 7, 6, 1, 3, 3, 54, 36, 66, 65, 55, 56, 20, 43, 0]"""
j10,1,proactive_quantile_0.9,600,True,28,0.05206871032714844,0.000946044921875,"[0, 0, 0, 0, 5, 6, 6, 15, 15, 5, 22, 0, 0, 0, 0, 0, 0, 0, 0, 66]","""[0, 4, 4, 6, 7, 3, 9, 6, 3, 3, 6, 54, 36, 66, 65, 55, 56, 20, 43, 0]"""
j10,1,reactive,600,True,27,0.05206871032714844,0.06408500671386719,"[0, 0, 0, 0, 5, 6, 6, 15, 15, 5, 21, 0, 0, 0, 0, 0, 0, 0, 0, 27]","[0, 4, 4, 6, 7, 3, 9, 6, 3, 3, 6, 54, 36, 66, 65, 55, 56, 20, 43, 0]"
j10,1,stnu,600,True,27,0.7238788604736328,0.011942148208618164,"[0, 0, 0, 0, 4, 6, 6, 15, 15, 4, 21, 0, 0, 0, 0, 0, 0, 0, 0, 27]","""[0, 4, 4, 6, 7, 3, 9, 6, 3, 3, 6, 54, 36, 66, 65, 55, 56, 20, 43, 0]"""
j10,1,proactive_quantile_0.9,600,True,23,0.14159393310546875,0.0009503364562988281,"[0, 0, 0, 0, 2, 6, 6, 17, 17, 2, 21, 0, 0, 0, 0, 0, 0, 0, 0, 66]","""[0, 2, 6, 3, 4, 2, 9, 3, 2, 3, 2, 54, 36, 66, 65, 55, 56, 20, 43, 0]"""
j10,1,reactive,600,True,22,0.14159393310546875,0.06290793418884277,"[0, 0, 0, 0, 2, 6, 6, 17, 17, 2, 20, 0, 0, 0, 0, 0, 0, 0, 0, 22]","[0, 2, 6, 3, 4, 2, 9, 3, 2, 3, 2, 54, 36, 66, 65, 55, 56, 20, 43, 0]"
j10,1,stnu,600,True,21,0.7882571220397949,0.011774063110351562,"[0, 0, 0, 0, 3, 6, 6, 14, 14, 3, 18, 0, 0, 0, 0, 0, 0, 0, 0, 21]","""[0, 3, 6, 5, 7, 5, 8, 4, 1, 1, 3, 54, 36, 66, 65, 55, 56, 20, 43, 0]"""
j10,1,proactive_quantile_0.9,600,True,28,0.06356644630432129,0.0009489059448242188,"[0, 0, 0, 0, 5, 6, 6, 15, 15, 5, 22, 0, 0, 0, 0, 0, 0, 0, 0, 66]","""[0, 2, 4, 6, 5, 4, 7, 6, 4, 2, 6, 54, 36, 66, 65, 55, 56, 20, 43, 0]"""
j10,1,reactive,600,True,27,0.06356644630432129,0.09227275848388672,"[0, 0, 0, 0, 5, 6, 6, 15, 15, 5, 21, 0, 0, 0, 0, 0, 0, 0, 0, 27]","[0, 2, 4, 6, 5, 4, 7, 6, 4, 2, 6, 54, 36, 66, 65, 55, 56, 20, 43, 0]"
j10,1,stnu,600,True,15,0.776066780090332,0.011897802352905273,"[0, 0, 0, 0, 2, 4, 4, 11, 11, 2, 14, 0, 0, 0, 0, 0, 0, 0, 0, 15]","""[0, 2, 4, 3, 5, 1, 7, 3, 1, 2, 1, 54, 36, 66, 65, 55, 56, 20, 43, 0]"""
j10,1,proactive_quantile_0.9,600,True,21,0.04490971565246582,0.0009691715240478516,"[0, 0, 0, 0, 2, 6, 6, 15, 15, 2, 19, 0, 0, 0, 0, 0, 0, 0, 0, 66]","""[0, 1, 6, 4, 4, 3, 9, 3, 1, 4, 1, 54, 36, 66, 65, 55, 56, 20, 43, 0]"""
j10,1,reactive,600,True,19,0.04490971565246582,0.06908345222473145,"[0, 0, 0, 0, 2, 6, 6, 15, 15, 2, 18, 0, 0, 0, 0, 0, 0, 0, 0, 19]","[0, 1, 6, 4, 4, 3, 9, 3, 1, 4, 1, 54, 36, 66, 65, 55, 56, 20, 43, 0]"
j10,1,stnu,600,True,26,0.6789209842681885,0.011863231658935547,"[0, 0, 0, 0, 4, 6, 6, 15, 15, 4, 21, 0, 0, 0, 0, 0, 0, 0, 0, 26]","""[0, 4, 6, 5, 7, 5, 9, 6, 1, 4, 5, 54, 36, 66, 65, 55, 56, 20, 43, 0]"""
j10,1,proactive_quantile_0.9,600,False,inf,0.09467101097106934,inf,"[0, 5, 0, 0, 12, 15, 24, 26, 17, 28, 17, 0, 0, 0, 0, 0, 0, 0, 0, 0, 77]","""[0, 8, 3, 11, 2, 1, 1, 1, 3, 1, 6, 77, 53, 27, 43, 58, 47, 36, 35, 24, 0]"""
j10,1,reactive,600,False,inf,inf,inf,null,"[0, 8, 3, 11, 2, 1, 1, 1, 3, 1, 6, 77, 53, 27, 43, 58, 47, 36, 35, 24, 0]"
j10,1,stnu,600,False,inf,0.6836090087890625,inf,[],"""[0, 8, 5, 11, 2, 1, 1, 8, 3, 1, 6, 77, 53, 27, 43, 58, 47, 36, 35, 24, 0]"""
j10,1,proactive_quantile_0.9,600,True,39,0.21549630165100098,0.0009868144989013672,"[0, 0, 7, 0, 12, 15, 17, 26, 17, 28, 17, 0, 0, 0, 0, 0, 0, 0, 0, 0, 77]","""[0, 4, 3, 8, 2, 1, 7, 1, 9, 10, 6, 77, 53, 27, 43, 58, 47, 36, 35, 24, 0]"""
j10,1,reactive,600,True,38,0.21549630165100098,0.19373607635498047,"[0, 0, 7, 0, 12, 15, 17, 26, 17, 28, 17, 0, 0, 0, 0, 0, 0, 0, 0, 0, 38]","[0, 4, 3, 8, 2, 1, 7, 1, 9, 10, 6, 77, 53, 27, 43, 58, 47, 36, 35, 24, 0]"
j10,1,stnu,600,False,inf,0.7961883544921875,inf,[],"""[0, 4, 4, 8, 2, 1, 1, 8, 2, 1, 6, 77, 53, 27, 43, 58, 47, 36, 35, 24, 0]"""
j10,1,proactive_quantile_0.9,600,True,30,0.1604914665222168,0.0009679794311523438,"[0, 5, 0, 0, 12, 15, 24, 26, 17, 28, 17, 0, 0, 0, 0, 0, 0, 0, 0, 0, 77]","""[0, 5, 4, 10, 1, 2, 2, 1, 2, 2, 5, 77, 53, 27, 43, 58, 47, 36, 35, 24, 0]"""
j10,1,reactive,600,True,29,0.1604914665222168,0.14573907852172852,"[0, 5, 0, 0, 12, 15, 24, 26, 17, 27, 17, 0, 0, 0, 0, 0, 0, 0, 0, 0, 29]","[0, 5, 4, 10, 1, 2, 2, 1, 2, 2, 5, 77, 53, 27, 43, 58, 47, 36, 35, 24, 0]"
j10,1,stnu,600,False,inf,0.691124439239502,inf,[],"""[0, 5, 5, 10, 1, 2, 2, 6, 2, 2, 5, 77, 53, 27, 43, 58, 47, 36, 35, 24, 0]"""
j10,1,proactive_quantile_0.9,600,True,30,0.17962050437927246,0.0009393692016601562,"[0, 5, 0, 0, 12, 15, 24, 26, 17, 28, 17, 0, 0, 0, 0, 0, 0, 0, 0, 0, 77]","""[0, 5, 3, 9, 3, 2, 2, 2, 3, 2, 7, 77, 53, 27, 43, 58, 47, 36, 35, 24, 0]"""
j10,1,reactive,600,True,28,0.17962050437927246,0.07369613647460938,"[0, 5, 0, 0, 10, 13, 22, 24, 15, 26, 15, 0, 0, 0, 0, 0, 0, 0, 0, 0, 28]","[0, 5, 3, 9, 3, 2, 2, 2, 3, 2, 7, 77, 53, 27, 43, 58, 47, 36, 35, 24, 0]"
j10,1,stnu,600,False,inf,0.6526217460632324,inf,[],"""[0, 5, 2, 9, 3, 2, 2, 8, 3, 2, 7, 77, 53, 27, 43, 58, 47, 36, 35, 24, 0]"""
j10,1,proactive_quantile_0.9,600,True,30,0.10165071487426758,0.0009539127349853516,"[0, 5, 0, 0, 12, 15, 24, 26, 17, 28, 17, 0, 0, 0, 0, 0, 0, 0, 0, 0, 77]","""[0, 6, 5, 11, 3, 1, 1, 1, 2, 1, 5, 77, 53, 27, 43, 58, 47, 36, 35, 24, 0]"""
j10,1,reactive,600,True,24,0.10165071487426758,0.12447667121887207,"[0, 5, 0, 0, 12, 15, 16, 22, 17, 23, 17, 0, 0, 0, 0, 0, 0, 0, 0, 0, 24]","[0, 6, 5, 11, 3, 1, 1, 1, 2, 1, 5, 77, 53, 27, 43, 58, 47, 36, 35, 24, 0]"
j10,1,stnu,600,False,inf,0.7972433567047119,inf,[],"""[0, 6, 2, 11, 3, 1, 1, 8, 2, 1, 5, 77, 53, 27, 43, 58, 47, 36, 35, 24, 0]"""
j10,1,proactive_quantile_0.9,600,True,30,0.06530475616455078,0.0009427070617675781,"[0, 5, 0, 0, 12, 15, 24, 26, 17, 28, 17, 0, 0, 0, 0, 0, 0, 0, 0, 0, 77]","""[0, 6, 4, 10, 2, 2, 2, 2, 2, 2, 5, 77, 53, 27, 43, 58, 47, 36, 35, 24, 0]"""
j10,1,reactive,600,True,28,0.06530475616455078,0.11208486557006836,"[0, 5, 0, 0, 12, 15, 22, 24, 17, 26, 17, 0, 0, 0, 0, 0, 0, 0, 0, 0, 28]","[0, 6, 4, 10, 2, 2, 2, 2, 2, 2, 5, 77, 53, 27, 43, 58, 47, 36, 35, 24, 0]"
j10,1,stnu,600,False,inf,0.7276222705841064,inf,[],"""[0, 6, 3, 10, 2, 2, 2, 8, 2, 2, 5, 77, 53, 27, 43, 58, 47, 36, 35, 24, 0]"""
j10,1,proactive_quantile_0.9,600,True,30,0.05330014228820801,0.000993967056274414,"[0, 5, 0, 0, 12, 15, 24, 26, 17, 28, 17, 0, 0, 0, 0, 0, 0, 0, 0, 0, 77]","""[0, 6, 3, 8, 2, 2, 1, 2, 3, 1, 5, 77, 53, 27, 43, 58, 47, 36, 35, 24, 0]"""
j10,1,reactive,600,True,28,0.05330014228820801,0.12215542793273926,"[0, 5, 0, 0, 12, 15, 24, 25, 17, 27, 17, 0, 0, 0, 0, 0, 0, 0, 0, 0, 28]","[0, 6, 3, 8, 2, 2, 1, 2, 3, 1, 5, 77, 53, 27, 43, 58, 47, 36, 35, 24, 0]"
j10,1,stnu,600,False,inf,0.65785813331604,inf,[],"""[0, 6, 5, 8, 2, 2, 1, 6, 3, 1, 5, 77, 53, 27, 43, 58, 47, 36, 35, 24, 0]"""
j10,1,proactive_quantile_0.9,600,True,30,0.07099461555480957,0.0009407997131347656,"[0, 5, 0, 0, 12, 15, 24, 26, 17, 28, 17, 0, 0, 0, 0, 0, 0, 0, 0, 0, 77]","""[0, 6, 4, 11, 2, 2, 2, 2, 1, 2, 5, 77, 53, 27, 43, 58, 47, 36, 35, 24, 0]"""
j10,1,reactive,600,True,28,0.07099461555480957,0.10014939308166504,"[0, 5, 0, 0, 12, 15, 22, 24, 17, 26, 17, 0, 0, 0, 0, 0, 0, 0, 0, 0, 28]","[0, 6, 4, 11, 2, 2, 2, 2, 1, 2, 5, 77, 53, 27, 43, 58, 47, 36, 35, 24, 0]"
j10,1,stnu,600,False,inf,0.699059247970581,inf,[],"""[0, 6, 5, 11, 2, 2, 2, 5, 1, 2, 5, 77, 53, 27, 43, 58, 47, 36, 35, 24, 0]"""
j10,1,proactive_quantile_0.9,600,False,inf,0.19538140296936035,inf,"[0, 5, 0, 0, 12, 15, 24, 26, 17, 28, 17, 0, 0, 0, 0, 0, 0, 0, 0, 0, 77]","""[0, 6, 6, 11, 2, 1, 1, 1, 3, 1, 5, 77, 53, 27, 43, 58, 47, 36, 35, 24, 0]"""
j10,1,reactive,600,False,inf,inf,inf,null,"[0, 6, 6, 11, 2, 1, 1, 1, 3, 1, 5, 77, 53, 27, 43, 58, 47, 36, 35, 24, 0]"
j10,1,stnu,600,False,inf,0.802192211151123,inf,[],"""[0, 6, 4, 11, 2, 1, 1, 6, 3, 1, 5, 77, 53, 27, 43, 58, 47, 36, 35, 24, 0]"""
j10,1,proactive_quantile_0.9,600,True,30,0.20144176483154297,0.0010077953338623047,"[0, 5, 0, 0, 12, 15, 24, 26, 17, 28, 17, 0, 0, 0, 0, 0, 0, 0, 0, 0, 77]","""[0, 6, 4, 11, 2, 1, 2, 2, 3, 1, 5, 77, 53, 27, 43, 58, 47, 36, 35, 24, 0]"""
j10,1,reactive,600,True,29,0.20144176483154297,0.10201096534729004,"[0, 5, 0, 0, 12, 15, 24, 26, 17, 28, 17, 0, 0, 0, 0, 0, 0, 0, 0, 0, 29]","[0, 6, 4, 11, 2, 1, 2, 2, 3, 1, 5, 77, 53, 27, 43, 58, 47, 36, 35, 24, 0]"
j10,1,stnu,600,False,inf,0.7438979148864746,inf,[],"""[0, 6, 4, 11, 2, 1, 2, 6, 3, 1, 5, 77, 53, 27, 43, 58, 47, 36, 35, 24, 0]"""
j10,1,proactive_quantile_0.9,600,True,17,0.04631185531616211,0.0009691715240478516,"[0, 0, 0, 0, 2, 2, 7, 7, 5, 2, 12, 0, 0, 0, 0, 0, 0, 0, 0, 0, 66]","""[0, 2, 2, 1, 2, 5, 1, 5, 5, 10, 4, 17, 32, 17, 59, 41, 56, 54, 66, 60, 0]"""
j10,1,reactive,600,True,16,0.04631185531616211,0.07991838455200195,"[0, 0, 0, 0, 2, 2, 7, 7, 5, 2, 12, 0, 0, 0, 0, 0, 0, 0, 0, 0, 16]","[0, 2, 2, 1, 2, 5, 1, 5, 5, 10, 4, 17, 32, 17, 59, 41, 56, 54, 66, 60, 0]"
j10,1,stnu,600,True,37,0.7072408199310303,0.013647794723510742,"[0, 0, 4, 0, 4, 5, 14, 18, 6, 11, 30, 0, 0, 0, 0, 0, 0, 0, 0, 0, 37]","""[0, 4, 4, 5, 2, 9, 1, 12, 5, 7, 7, 17, 32, 17, 59, 41, 56, 54, 66, 60, 0]"""
j10,1,proactive_quantile_0.9,600,True,17,0.06830787658691406,0.0009899139404296875,"[0, 0, 0, 0, 2, 2, 7, 7, 5, 2, 12, 0, 0, 0, 0, 0, 0, 0, 0, 0, 66]","""[0, 2, 2, 2, 2, 2, 2, 3, 5, 9, 5, 17, 32, 17, 59, 41, 56, 54, 66, 60, 0]"""
j10,1,reactive,600,True,15,0.06830787658691406,0.06892013549804688,"[0, 0, 0, 0, 2, 2, 7, 7, 5, 2, 10, 0, 0, 0, 0, 0, 0, 0, 0, 0, 15]","[0, 2, 2, 2, 2, 2, 2, 3, 5, 9, 5, 17, 32, 17, 59, 41, 56, 54, 66, 60, 0]"
j10,1,stnu,600,True,14,0.7239644527435303,0.012659549713134766,"[0, 0, 0, 0, 2, 2, 4, 4, 4, 2, 9, 0, 0, 0, 0, 0, 0, 0, 0, 0, 14]","""[0, 2, 2, 2, 2, 2, 2, 3, 5, 9, 5, 17, 32, 17, 59, 41, 56, 54, 66, 60, 0]"""
j10,1,proactive_quantile_0.9,600,True,17,0.05776476860046387,0.0009293556213378906,"[0, 0, 0, 0, 2, 2, 7, 7, 5, 2, 12, 0, 0, 0, 0, 0, 0, 0, 0, 0, 66]","""[0, 1, 2, 1, 2, 4, 1, 4, 4, 11, 4, 17, 32, 17, 59, 41, 56, 54, 66, 60, 0]"""
j10,1,reactive,600,True,16,0.05776476860046387,0.12157034873962402,"[0, 0, 0, 0, 2, 2, 7, 7, 5, 2, 12, 0, 0, 0, 0, 0, 0, 0, 0, 0, 16]","[0, 1, 2, 1, 2, 4, 1, 4, 4, 11, 4, 17, 32, 17, 59, 41, 56, 54, 66, 60, 0]"
j10,1,stnu,600,True,13,0.802452564239502,0.012874841690063477,"[0, 0, 0, 0, 1, 1, 5, 5, 3, 1, 9, 0, 0, 0, 0, 0, 0, 0, 0, 0, 13]","""[0, 1, 2, 1, 2, 4, 1, 4, 4, 11, 4, 17, 32, 17, 59, 41, 56, 54, 66, 60, 0]"""
j10,1,proactive_quantile_0.9,600,True,40,0.07549071311950684,0.0009958744049072266,"[0, 0, 5, 0, 5, 6, 15, 21, 8, 13, 32, 0, 0, 0, 0, 0, 0, 0, 0, 0, 66]","""[0, 4, 5, 5, 3, 7, 1, 9, 5, 5, 7, 17, 32, 17, 59, 41, 56, 54, 66, 60, 0]"""
j10,1,reactive,600,True,39,0.07549071311950684,0.10094618797302246,"[0, 0, 5, 0, 5, 6, 15, 21, 8, 13, 32, 0, 0, 0, 0, 0, 0, 0, 0, 0, 39]","[0, 4, 5, 5, 3, 7, 1, 9, 5, 5, 7, 17, 32, 17, 59, 41, 56, 54, 66, 60, 0]"
j10,1,stnu,600,True,15,0.7843139171600342,0.012859106063842773,"[0, 0, 0, 0, 2, 2, 6, 6, 5, 1, 11, 0, 0, 0, 0, 0, 0, 0, 0, 0, 15]","""[0, 2, 2, 1, 3, 4, 1, 5, 5, 11, 4, 17, 32, 17, 59, 41, 56, 54, 66, 60, 0]"""
j10,1,proactive_quantile_0.9,600,True,40,0.05536937713623047,0.0009698867797851562,"[0, 0, 5, 0, 5, 6, 15, 21, 8, 13, 32, 0, 0, 0, 0, 0, 0, 0, 0, 0, 66]","""[0, 4, 4, 7, 2, 6, 1, 9, 4, 7, 7, 17, 32, 17, 59, 41, 56, 54, 66, 60, 0]"""
j10,1,reactive,600,False,inf,inf,inf,null,"[0, 4, 4, 7, 2, 6, 1, 9, 4, 7, 7, 17, 32, 17, 59, 41, 56, 54, 66, 60, 0]"
j10,1,stnu,600,True,15,0.6892361640930176,0.012873411178588867,"[0, 0, 0, 0, 2, 2, 6, 6, 4, 2, 10, 0, 0, 0, 0, 0, 0, 0, 0, 0, 15]","""[0, 1, 2, 2, 2, 4, 1, 4, 4, 8, 5, 17, 32, 17, 59, 41, 56, 54, 66, 60, 0]"""
j10,1,proactive_quantile_0.9,600,True,17,0.10532641410827637,0.0009436607360839844,"[0, 0, 0, 0, 2, 2, 7, 7, 5, 2, 12, 0, 0, 0, 0, 0, 0, 0, 0, 0, 66]","""[0, 2, 1, 1, 3, 5, 1, 6, 5, 7, 3, 17, 32, 17, 59, 41, 56, 54, 66, 60, 0]"""
j10,1,reactive,600,False,inf,inf,inf,null,"[0, 2, 1, 1, 3, 5, 1, 6, 5, 7, 3, 17, 32, 17, 59, 41, 56, 54, 66, 60, 0]"
j10,1,stnu,600,True,16,0.7043116092681885,0.012738943099975586,"[0, 0, 0, 0, 2, 2, 7, 7, 5, 1, 13, 0, 0, 0, 0, 0, 0, 0, 0, 0, 16]","""[0, 2, 1, 1, 3, 5, 1, 6, 5, 7, 3, 17, 32, 17, 59, 41, 56, 54, 66, 60, 0]"""
j10,1,proactive_quantile_0.9,600,True,17,0.05198311805725098,0.0009417533874511719,"[0, 0, 0, 0, 2, 2, 7, 7, 5, 2, 12, 0, 0, 0, 0, 0, 0, 0, 0, 0, 66]","""[0, 2, 2, 1, 1, 4, 1, 3, 4, 10, 3, 17, 32, 17, 59, 41, 56, 54, 66, 60, 0]"""
j10,1,reactive,600,True,15,0.05198311805725098,0.11459875106811523,"[0, 0, 0, 0, 2, 2, 7, 7, 5, 2, 12, 0, 0, 0, 0, 0, 0, 0, 0, 0, 15]","[0, 2, 2, 1, 1, 4, 1, 3, 4, 10, 3, 17, 32, 17, 59, 41, 56, 54, 66, 60, 0]"
j10,1,stnu,600,True,30,0.7519776821136475,0.013293981552124023,"[0, 0, 3, 0, 3, 5, 14, 15, 5, 9, 25, 0, 0, 0, 0, 0, 0, 0, 0, 0, 30]","""[0, 3, 4, 5, 1, 9, 1, 10, 4, 6, 5, 17, 32, 17, 59, 41, 56, 54, 66, 60, 0]"""
j10,1,proactive_quantile_0.9,600,True,17,0.07537460327148438,0.0010364055633544922,"[0, 0, 0, 0, 2, 2, 7, 7, 5, 2, 12, 0, 0, 0, 0, 0, 0, 0, 0, 0, 66]","""[0, 1, 3, 2, 3, 4, 1, 4, 3, 10, 3, 17, 32, 17, 59, 41, 56, 54, 66, 60, 0]"""
j10,1,reactive,600,True,15,0.07537460327148438,0.07946538925170898,"[0, 0, 0, 0, 2, 2, 7, 7, 5, 2, 12, 0, 0, 0, 0, 0, 0, 0, 0, 0, 15]","[0, 1, 3, 2, 3, 4, 1, 4, 3, 10, 3, 17, 32, 17, 59, 41, 56, 54, 66, 60, 0]"
j10,1,stnu,600,True,35,0.7608604431152344,0.013357877731323242,"[0, 0, 3, 0, 3, 5, 12, 17, 6, 9, 28, 0, 0, 0, 0, 0, 0, 0, 0, 0, 35]","""[0, 3, 2, 5, 3, 7, 1, 11, 3, 8, 7, 17, 32, 17, 59, 41, 56, 54, 66, 60, 0]"""
j10,1,proactive_quantile_0.9,600,True,40,0.0574038028717041,0.0009465217590332031,"[0, 0, 5, 0, 5, 6, 15, 21, 8, 13, 32, 0, 0, 0, 0, 0, 0, 0, 0, 0, 66]","""[0, 4, 2, 3, 2, 8, 2, 9, 4, 8, 8, 17, 32, 17, 59, 41, 56, 54, 66, 60, 0]"""
j10,1,reactive,600,True,38,0.0574038028717041,0.10536861419677734,"[0, 0, 5, 0, 5, 6, 15, 21, 8, 13, 30, 0, 0, 0, 0, 0, 0, 0, 0, 0, 38]","[0, 4, 2, 3, 2, 8, 2, 9, 4, 8, 8, 17, 32, 17, 59, 41, 56, 54, 66, 60, 0]"
j10,1,stnu,600,True,13,0.7251052856445312,0.012863874435424805,"[0, 0, 0, 0, 2, 2, 7, 7, 4, 1, 10, 0, 0, 0, 0, 0, 0, 0, 0, 0, 13]","""[0, 2, 2, 1, 2, 5, 2, 3, 4, 11, 3, 17, 32, 17, 59, 41, 56, 54, 66, 60, 0]"""
j10,1,proactive_quantile_0.9,600,True,17,0.15648627281188965,0.0009701251983642578,"[0, 0, 0, 0, 2, 2, 7, 7, 5, 2, 12, 0, 0, 0, 0, 0, 0, 0, 0, 0, 66]","""[0, 2, 1, 1, 1, 2, 2, 4, 3, 9, 5, 17, 32, 17, 59, 41, 56, 54, 66, 60, 0]"""
j10,1,reactive,600,True,16,0.15648627281188965,0.08405447006225586,"[0, 0, 0, 0, 2, 2, 7, 7, 5, 2, 11, 0, 0, 0, 0, 0, 0, 0, 0, 0, 16]","[0, 2, 1, 1, 1, 2, 2, 4, 3, 9, 5, 17, 32, 17, 59, 41, 56, 54, 66, 60, 0]"
j10,1,stnu,600,True,27,0.7102928161621094,0.013292551040649414,"[0, 0, 4, 0, 4, 2, 10, 14, 5, 8, 23, 0, 0, 0, 0, 0, 0, 0, 0, 0, 27]","""[0, 4, 4, 2, 1, 8, 2, 9, 3, 6, 4, 17, 32, 17, 59, 41, 56, 54, 66, 60, 0]"""
j10,1,proactive_quantile_0.9,600,True,20,0.05509495735168457,0.0004839897155761719,"[0, 0, 0, 0, 6, 6, 10, 10, 10, 14, 16, 0, 0, 0, 0, 0, 45]","""[0, 4, 2, 5, 3, 3, 3, 1, 1, 1, 2, 35, 42, 42, 45, 22, 0]"""
j10,1,reactive,600,True,17,0.05509495735168457,0.11193251609802246,"[0, 0, 0, 0, 6, 6, 10, 10, 10, 14, 15, 0, 0, 0, 0, 0, 17]","[0, 4, 2, 5, 3, 3, 3, 1, 1, 1, 2, 35, 42, 42, 45, 22, 0]"
j10,1,stnu,600,False,inf,0.6926167011260986,inf,[],"""[0, 9, 4, 5, 5, 3, 8, 4, 1, 4, 2, 35, 42, 42, 45, 22, 0]"""
j10,1,proactive_quantile_0.9,600,True,20,0.16527414321899414,0.0005533695220947266,"[0, 0, 0, 0, 6, 6, 10, 10, 10, 14, 16, 0, 0, 0, 0, 0, 45]","""[0, 4, 2, 5, 1, 2, 2, 3, 2, 2, 4, 35, 42, 42, 45, 22, 0]"""
j10,1,reactive,600,True,19,0.16527414321899414,0.09444284439086914,"[0, 0, 0, 0, 6, 6, 10, 10, 10, 17, 13, 0, 0, 0, 0, 0, 19]","[0, 4, 2, 5, 1, 2, 2, 3, 2, 2, 4, 35, 42, 42, 45, 22, 0]"
j10,1,stnu,600,False,inf,0.6804115772247314,inf,[],"""[0, 11, 2, 5, 3, 5, 7, 6, 2, 9, 4, 35, 42, 42, 45, 22, 0]"""
j10,1,proactive_quantile_0.9,600,True,20,0.05237412452697754,0.0005338191986083984,"[0, 0, 0, 0, 6, 6, 10, 10, 10, 14, 16, 0, 0, 0, 0, 0, 45]","""[0, 5, 2, 5, 3, 2, 1, 4, 2, 2, 2, 35, 42, 42, 45, 22, 0]"""
j10,1,reactive,600,True,18,0.05237412452697754,0.0829305648803711,"[0, 0, 0, 0, 6, 6, 10, 10, 10, 16, 14, 0, 0, 0, 0, 0, 18]","[0, 5, 2, 5, 3, 2, 1, 4, 2, 2, 2, 35, 42, 42, 45, 22, 0]"
j10,1,stnu,600,False,inf,0.6745145320892334,inf,[],"""[0, 11, 1, 5, 4, 2, 4, 3, 2, 4, 2, 35, 42, 42, 45, 22, 0]"""
j10,1,proactive_quantile_0.9,600,True,20,0.1106557846069336,0.0005445480346679688,"[0, 0, 0, 0, 6, 6, 10, 10, 10, 14, 16, 0, 0, 0, 0, 0, 45]","""[0, 4, 2, 4, 3, 3, 1, 2, 2, 1, 4, 35, 42, 42, 45, 22, 0]"""
j10,1,reactive,600,True,20,0.1106557846069336,0.10388755798339844,"[0, 0, 0, 0, 6, 6, 10, 10, 10, 14, 16, 0, 0, 0, 0, 0, 20]","[0, 4, 2, 4, 3, 3, 1, 2, 2, 1, 4, 35, 42, 42, 45, 22, 0]"
j10,1,stnu,600,True,14,0.9300756454467773,0.008618831634521484,"[0, 0, 0, 0, 4, 4, 7, 7, 7, 9, 10, 0, 0, 0, 0, 0, 14]","""[0, 4, 2, 4, 3, 3, 1, 2, 2, 1, 4, 35, 42, 42, 45, 22, 0]"""
j10,1,proactive_quantile_0.9,600,True,20,0.06484127044677734,0.0005657672882080078,"[0, 0, 0, 0, 6, 6, 10, 10, 10, 14, 16, 0, 0, 0, 0, 0, 45]","""[0, 5, 1, 5, 3, 3, 3, 2, 2, 1, 2, 35, 42, 42, 45, 22, 0]"""
j10,1,reactive,600,True,17,0.06484127044677734,0.11007475852966309,"[0, 0, 0, 0, 6, 6, 10, 10, 10, 14, 15, 0, 0, 0, 0, 0, 17]","[0, 5, 1, 5, 3, 3, 3, 2, 2, 1, 2, 35, 42, 42, 45, 22, 0]"
j10,1,stnu,600,True,14,0.6762044429779053,0.008693218231201172,"[0, 0, 0, 0, 5, 5, 8, 8, 8, 11, 12, 0, 0, 0, 0, 0, 14]","""[0, 5, 1, 5, 3, 3, 3, 2, 2, 1, 2, 35, 42, 42, 45, 22, 0]"""
j10,1,proactive_quantile_0.9,600,True,20,0.18404579162597656,0.0005292892456054688,"[0, 0, 0, 0, 6, 6, 10, 10, 10, 14, 16, 0, 0, 0, 0, 0, 45]","""[0, 5, 1, 4, 2, 2, 2, 2, 2, 2, 2, 35, 42, 42, 45, 22, 0]"""
j10,1,reactive,600,True,16,0.18404579162597656,0.13361120223999023,"[0, 0, 0, 0, 6, 6, 10, 10, 10, 14, 12, 0, 0, 0, 0, 0, 16]","[0, 5, 1, 4, 2, 2, 2, 2, 2, 2, 2, 35, 42, 42, 45, 22, 0]"
j10,1,stnu,600,False,inf,0.6357343196868896,inf,[],"""[0, 9, 1, 4, 4, 5, 8, 4, 2, 6, 2, 35, 42, 42, 45, 22, 0]"""
j10,1,proactive_quantile_0.9,600,True,20,0.047138214111328125,0.0005300045013427734,"[0, 0, 0, 0, 6, 6, 10, 10, 10, 14, 16, 0, 0, 0, 0, 0, 45]","""[0, 6, 2, 5, 3, 2, 1, 4, 2, 2, 4, 35, 42, 42, 45, 22, 0]"""
j10,1,reactive,600,True,18,0.047138214111328125,0.07989048957824707,"[0, 0, 0, 0, 6, 6, 8, 8, 9, 16, 12, 0, 0, 0, 0, 0, 18]","[0, 6, 2, 5, 3, 2, 1, 4, 2, 2, 4, 35, 42, 42, 45, 22, 0]"
j10,1,stnu,600,True,18,0.7932512760162354,0.00894784927368164,"[0, 0, 0, 0, 5, 5, 7, 8, 8, 12, 14, 0, 0, 0, 0, 0, 18]","""[0, 6, 2, 5, 3, 2, 1, 4, 2, 2, 4, 35, 42, 42, 45, 22, 0]"""
j10,1,proactive_quantile_0.9,600,True,20,0.05401301383972168,0.0005459785461425781,"[0, 0, 0, 0, 6, 6, 10, 10, 10, 14, 16, 0, 0, 0, 0, 0, 45]","""[0, 3, 1, 5, 2, 4, 2, 1, 1, 1, 1, 35, 42, 42, 45, 22, 0]"""
j10,1,reactive,600,True,13,0.05401301383972168,0.1293199062347412,"[0, 0, 0, 0, 6, 6, 10, 10, 10, 11, 12, 0, 0, 0, 0, 0, 13]","[0, 3, 1, 5, 2, 4, 2, 1, 1, 1, 1, 35, 42, 42, 45, 22, 0]"
j10,1,stnu,600,False,inf,0.6425809860229492,inf,[],"""[0, 9, 3, 5, 3, 6, 8, 6, 1, 7, 1, 35, 42, 42, 45, 22, 0]"""
j10,1,proactive_quantile_0.9,600,True,20,0.1635885238647461,0.0005402565002441406,"[0, 0, 0, 0, 6, 6, 10, 10, 10, 14, 16, 0, 0, 0, 0, 0, 45]","""[0, 7, 1, 5, 4, 4, 3, 2, 1, 2, 3, 35, 42, 42, 45, 22, 0]"""
j10,1,reactive,600,True,19,0.1635885238647461,0.07334280014038086,"[0, 0, 0, 0, 6, 6, 10, 10, 10, 14, 16, 0, 0, 0, 0, 0, 19]","[0, 7, 1, 5, 4, 4, 3, 2, 1, 2, 3, 35, 42, 42, 45, 22, 0]"
j10,1,stnu,600,False,inf,0.6627066135406494,inf,[],"""[0, 8, 2, 5, 4, 2, 8, 4, 1, 6, 3, 35, 42, 42, 45, 22, 0]"""
j10,1,proactive_quantile_0.9,600,True,20,0.05382490158081055,0.0005517005920410156,"[0, 0, 0, 0, 6, 6, 10, 10, 10, 14, 16, 0, 0, 0, 0, 0, 45]","""[0, 5, 1, 7, 2, 3, 1, 1, 2, 1, 3, 35, 42, 42, 45, 22, 0]"""
j10,1,reactive,600,False,inf,inf,inf,null,"[0, 5, 1, 7, 2, 3, 1, 1, 2, 1, 3, 35, 42, 42, 45, 22, 0]"
j10,1,stnu,600,True,16,0.6991746425628662,0.008679389953613281,"[0, 0, 0, 0, 7, 7, 10, 10, 10, 12, 13, 0, 0, 0, 0, 0, 16]","""[0, 5, 1, 7, 2, 3, 1, 1, 2, 1, 3, 35, 42, 42, 45, 22, 0]"""
j10,1,stnu,600,False,inf,0.7480478286743164,inf,[],"""[0, 11, 1, 2, 3, 4, 1, 3, 3, 1, 3, 56, 56, 46, 36, 70, 7, 69, 77, 74, 0]"""
j10,1,stnu,600,False,inf,0.7642383575439453,inf,[],"""[0, 8, 2, 2, 2, 3, 3, 4, 1, 2, 3, 56, 56, 46, 36, 70, 7, 69, 77, 74, 0]"""
j10,1,stnu,600,False,inf,0.6554229259490967,inf,[],"""[0, 8, 1, 2, 3, 4, 3, 5, 4, 5, 11, 56, 56, 46, 36, 70, 7, 69, 77, 74, 0]"""
j10,1,stnu,600,False,inf,0.7372009754180908,inf,[],"""[0, 11, 1, 1, 1, 3, 3, 5, 6, 6, 9, 56, 56, 46, 36, 70, 7, 69, 77, 74, 0]"""
j10,1,stnu,600,False,inf,0.6149005889892578,inf,[],"""[0, 5, 1, 3, 1, 9, 2, 8, 5, 1, 4, 56, 56, 46, 36, 70, 7, 69, 77, 74, 0]"""
j10,1,stnu,600,False,inf,0.6127324104309082,inf,[],"""[0, 4, 1, 3, 2, 10, 1, 7, 4, 2, 2, 56, 56, 46, 36, 70, 7, 69, 77, 74, 0]"""
j10,1,stnu,600,False,inf,0.6735773086547852,inf,[],"""[0, 4, 1, 3, 1, 8, 1, 7, 3, 1, 3, 56, 56, 46, 36, 70, 7, 69, 77, 74, 0]"""
j10,1,stnu,600,False,inf,0.5921726226806641,inf,[],"""[0, 7, 1, 3, 1, 11, 3, 7, 3, 1, 5, 56, 56, 46, 36, 70, 7, 69, 77, 74, 0]"""
j10,1,stnu,600,False,inf,0.6521086692810059,inf,[],"""[0, 6, 1, 3, 3, 8, 3, 7, 4, 1, 3, 56, 56, 46, 36, 70, 7, 69, 77, 74, 0]"""
j10,1,stnu,600,False,inf,0.6275022029876709,inf,[],"""[0, 5, 1, 3, 2, 8, 3, 8, 4, 2, 4, 56, 56, 46, 36, 70, 7, 69, 77, 74, 0]"""
j10,1,proactive_quantile_0.9,600,True,35,0.06484174728393555,0.00044465065002441406,"[0, 0, 5, 0, 7, 13, 7, 24, 16, 15, 31, 0, 0, 71]","""[0, 6, 9, 4, 5, 10, 6, 6, 6, 8, 2, 48, 71, 0]"""
j10,1,reactive,600,True,33,0.06484174728393555,0.1352686882019043,"[0, 0, 5, 0, 7, 13, 7, 24, 16, 15, 31, 0, 0, 33]","[0, 6, 9, 4, 5, 10, 6, 6, 6, 8, 2, 48, 71, 0]"
j10,1,stnu,600,True,29,0.7938942909240723,0.006101369857788086,"[0, 0, 5, 0, 5, 16, 5, 21, 7, 10, 27, 0, 0, 29]","""[0, 5, 7, 4, 5, 5, 2, 6, 2, 6, 2, 48, 71, 0]"""
j10,1,proactive_quantile_0.9,600,True,35,0.06993913650512695,0.0004379749298095703,"[0, 0, 5, 0, 7, 13, 7, 24, 16, 15, 31, 0, 0, 71]","""[0, 6, 7, 4, 4, 8, 8, 5, 4, 7, 2, 48, 71, 0]"""
j10,1,reactive,600,True,31,0.06993913650512695,0.2214803695678711,"[0, 0, 5, 0, 7, 13, 7, 24, 16, 15, 29, 0, 0, 31]","[0, 6, 7, 4, 4, 8, 8, 5, 4, 7, 2, 48, 71, 0]"
j10,1,stnu,600,True,31,0.6568052768707275,0.006123542785644531,"[0, 0, 4, 0, 6, 18, 6, 24, 14, 10, 29, 0, 0, 31]","""[0, 6, 7, 4, 4, 6, 8, 5, 4, 7, 2, 48, 71, 0]"""
j10,1,proactive_quantile_0.9,600,True,35,0.056975364685058594,0.0004367828369140625,"[0, 0, 5, 0, 7, 13, 7, 24, 16, 15, 31, 0, 0, 71]","""[0, 5, 7, 3, 5, 9, 7, 4, 6, 9, 3, 48, 71, 0]"""
j10,1,reactive,600,True,31,0.056975364685058594,0.13275551795959473,"[0, 0, 5, 0, 7, 13, 7, 24, 16, 15, 28, 0, 0, 31]","[0, 5, 7, 3, 5, 9, 7, 4, 6, 9, 3, 48, 71, 0]"
j10,1,stnu,600,True,30,0.7293357849121094,0.006338596343994141,"[0, 0, 3, 0, 5, 19, 5, 23, 12, 10, 27, 0, 0, 30]","""[0, 5, 7, 3, 5, 4, 7, 4, 6, 9, 3, 48, 71, 0]"""
j10,1,proactive_quantile_0.9,600,True,35,0.06948232650756836,0.0004742145538330078,"[0, 0, 5, 0, 7, 13, 7, 24, 16, 15, 31, 0, 0, 71]","""[0, 6, 10, 5, 4, 9, 7, 6, 7, 7, 3, 48, 71, 0]"""
j10,1,reactive,600,True,34,0.06948232650756836,0.1205451488494873,"[0, 0, 5, 0, 7, 13, 7, 24, 16, 15, 31, 0, 0, 34]","[0, 6, 10, 5, 4, 9, 7, 6, 7, 7, 3, 48, 71, 0]"
j10,1,stnu,600,True,34,0.6818711757659912,0.006280660629272461,"[0, 0, 5, 0, 6, 20, 6, 25, 13, 10, 31, 0, 0, 34]","""[0, 6, 10, 5, 4, 5, 7, 6, 7, 7, 3, 48, 71, 0]"""
j10,1,proactive_quantile_0.9,600,True,35,0.06934738159179688,0.0004665851593017578,"[0, 0, 5, 0, 7, 13, 7, 24, 16, 15, 31, 0, 0, 71]","""[0, 6, 8, 4, 5, 11, 7, 5, 4, 7, 1, 48, 71, 0]"""
j10,1,reactive,600,True,30,0.06934738159179688,0.13635540008544922,"[0, 0, 5, 0, 7, 13, 7, 24, 16, 15, 29, 0, 0, 30]","[0, 6, 8, 4, 5, 11, 7, 5, 4, 7, 1, 48, 71, 0]"
j10,1,stnu,600,True,28,0.6699264049530029,0.006387233734130859,"[0, 0, 4, 0, 6, 18, 6, 22, 13, 11, 27, 0, 0, 28]","""[0, 6, 8, 4, 5, 4, 7, 5, 4, 7, 1, 48, 71, 0]"""
j10,1,proactive_quantile_0.9,600,True,35,0.05806541442871094,0.0004508495330810547,"[0, 0, 5, 0, 7, 13, 7, 24, 16, 15, 31, 0, 0, 71]","""[0, 6, 10, 4, 6, 9, 8, 7, 7, 6, 3, 48, 71, 0]"""
j10,1,reactive,600,True,34,0.05806541442871094,0.0917515754699707,"[0, 0, 5, 0, 7, 13, 7, 24, 16, 15, 31, 0, 0, 34]","[0, 6, 10, 4, 6, 9, 8, 7, 7, 6, 3, 48, 71, 0]"
j10,1,stnu,600,True,33,0.663346529006958,0.0061838626861572266,"[0, 0, 4, 0, 6, 21, 6, 23, 14, 12, 30, 0, 0, 33]","""[0, 6, 10, 4, 6, 2, 8, 7, 7, 6, 3, 48, 71, 0]"""
j10,1,proactive_quantile_0.9,600,False,inf,0.054918766021728516,inf,"[0, 0, 5, 0, 7, 13, 7, 24, 16, 15, 31, 0, 0, 71]","""[0, 7, 8, 6, 4, 9, 6, 6, 4, 8, 3, 48, 71, 0]"""
j10,1,reactive,600,False,inf,inf,inf,null,"[0, 7, 8, 6, 4, 9, 6, 6, 4, 8, 3, 48, 71, 0]"
j10,1,stnu,600,True,29,0.726356029510498,0.006292104721069336,"[0, 0, 4, 0, 6, 15, 6, 20, 8, 12, 26, 0, 0, 29]","""[0, 4, 11, 6, 4, 5, 2, 6, 4, 3, 3, 48, 71, 0]"""
j10,1,proactive_quantile_0.9,600,True,35,0.04831719398498535,0.00046825408935546875,"[0, 0, 5, 0, 7, 13, 7, 24, 16, 15, 31, 0, 0, 71]","""[0, 6, 9, 5, 5, 9, 6, 7, 6, 7, 3, 48, 71, 0]"""
j10,1,reactive,600,True,34,0.04831719398498535,0.11284995079040527,"[0, 0, 5, 0, 7, 13, 7, 24, 16, 15, 31, 0, 0, 34]","[0, 6, 9, 5, 5, 9, 6, 7, 6, 7, 3, 48, 71, 0]"
j10,1,stnu,600,True,32,0.6589224338531494,0.006204366683959961,"[0, 0, 5, 0, 6, 18, 6, 22, 12, 11, 29, 0, 0, 32]","""[0, 6, 9, 5, 5, 4, 6, 7, 6, 7, 3, 48, 71, 0]"""
j10,1,proactive_quantile_0.9,600,True,31,0.1640796661376953,0.0004181861877441406,"[0, 0, 8, 0, 5, 9, 5, 15, 16, 22, 19, 0, 0, 71]","""[0, 3, 8, 2, 4, 3, 1, 3, 3, 7, 1, 48, 71, 0]"""
j10,1,reactive,600,True,29,0.1640796661376953,0.25212574005126953,"[0, 0, 8, 0, 5, 9, 5, 15, 16, 22, 19, 0, 0, 29]","[0, 3, 8, 2, 4, 3, 1, 3, 3, 7, 1, 48, 71, 0]"
j10,1,stnu,600,True,27,0.6808738708496094,0.0061342716217041016,"[0, 0, 5, 0, 7, 17, 7, 20, 13, 10, 25, 0, 0, 27]","""[0, 7, 8, 5, 3, 3, 6, 5, 3, 7, 2, 48, 71, 0]"""
j10,1,proactive_quantile_0.9,600,True,35,0.05570268630981445,0.00044989585876464844,"[0, 0, 5, 0, 7, 13, 7, 24, 16, 15, 31, 0, 0, 71]","""[0, 5, 9, 2, 5, 11, 8, 6, 6, 8, 3, 48, 71, 0]"""
j10,1,reactive,600,True,34,0.05570268630981445,0.09400606155395508,"[0, 0, 5, 0, 7, 13, 7, 24, 16, 15, 31, 0, 0, 34]","[0, 5, 9, 2, 5, 11, 8, 6, 6, 8, 3, 48, 71, 0]"
j10,1,stnu,600,True,28,0.7118194103240967,0.006094455718994141,"[0, 0, 4, 0, 4, 14, 4, 19, 6, 10, 25, 0, 0, 28]","""[0, 4, 10, 2, 5, 5, 2, 6, 4, 4, 3, 48, 71, 0]"""
j10,1,proactive_quantile_0.9,600,True,41,0.05468010902404785,0.0001990795135498047,"[0, 0, 0, 0, 9, 11, 19, 22, 22, 30, 19, 0, 41]","""[0, 6, 2, 2, 2, 6, 2, 6, 3, 10, 2, 18, 0]"""
j10,1,reactive,600,True,40,0.05468010902404785,0.10683870315551758,"[0, 0, 0, 0, 9, 11, 19, 22, 22, 30, 19, 0, 40]","[0, 6, 2, 2, 2, 6, 2, 6, 3, 10, 2, 18, 0]"
j10,1,stnu,600,True,33,0.7377104759216309,0.005349636077880859,"[0, 0, 0, 0, 6, 8, 15, 17, 17, 23, 15, 0, 33]","""[0, 6, 2, 2, 2, 7, 2, 6, 3, 10, 2, 18, 0]"""
j10,1,proactive_quantile_0.9,600,True,41,0.04434943199157715,0.0001933574676513672,"[0, 0, 0, 0, 9, 11, 19, 22, 22, 30, 19, 0, 41]","""[0, 6, 2, 2, 1, 5, 2, 6, 1, 10, 1, 18, 0]"""
j10,1,reactive,600,True,40,0.04434943199157715,0.1147470474243164,"[0, 0, 0, 0, 9, 11, 19, 22, 22, 30, 19, 0, 40]","[0, 6, 2, 2, 1, 5, 2, 6, 1, 10, 1, 18, 0]"
j10,1,stnu,600,True,32,0.6799106597900391,0.00540471076965332,"[0, 0, 0, 0, 8, 9, 14, 16, 16, 22, 14, 0, 32]","""[0, 8, 2, 2, 1, 5, 2, 6, 1, 10, 1, 18, 0]"""
j10,1,proactive_quantile_0.9,600,True,41,0.06557321548461914,0.0002162456512451172,"[0, 0, 0, 0, 9, 11, 19, 22, 22, 30, 19, 0, 41]","""[0, 8, 2, 2, 1, 5, 1, 7, 1, 10, 2, 18, 0]"""
j10,1,reactive,600,True,40,0.06557321548461914,0.10622620582580566,"[0, 0, 0, 0, 9, 11, 19, 22, 22, 30, 19, 0, 40]","[0, 8, 2, 2, 1, 5, 1, 7, 1, 10, 2, 18, 0]"
j10,1,stnu,600,True,33,0.654747724533081,0.0054819583892822266,"[0, 0, 0, 0, 8, 9, 15, 16, 20, 23, 15, 0, 33]","""[0, 8, 5, 2, 1, 6, 1, 7, 1, 10, 5, 18, 0]"""
j10,1,proactive_quantile_0.9,600,True,41,0.1372389793395996,0.0002040863037109375,"[0, 0, 0, 0, 9, 11, 19, 22, 22, 30, 19, 0, 41]","""[0, 9, 2, 2, 1, 7, 1, 6, 2, 11, 2, 18, 0]"""
j10,1,reactive,600,True,39,0.1372389793395996,0.07948541641235352,"[0, 0, 0, 0, 9, 11, 19, 22, 22, 28, 19, 0, 39]","[0, 9, 2, 2, 1, 7, 1, 6, 2, 11, 2, 18, 0]"
j10,1,stnu,600,True,33,0.6528582572937012,0.005482912063598633,"[0, 0, 0, 0, 8, 9, 16, 17, 20, 23, 16, 0, 33]","""[0, 7, 8, 4, 1, 7, 1, 6, 2, 10, 4, 18, 0]"""
j10,1,proactive_quantile_0.9,600,True,41,0.05182027816772461,0.0002269744873046875,"[0, 0, 0, 0, 9, 11, 19, 22, 24, 30, 19, 0, 41]","""[0, 6, 7, 2, 2, 8, 1, 7, 4, 9, 4, 18, 0]"""
j10,1,reactive,600,True,39,0.05182027816772461,0.12008881568908691,"[0, 0, 0, 0, 9, 11, 19, 22, 24, 30, 19, 0, 39]","[0, 6, 7, 2, 2, 8, 1, 7, 4, 9, 4, 18, 0]"
j10,1,stnu,600,True,34,0.7906169891357422,0.0053060054779052734,"[0, 0, 0, 0, 8, 10, 17, 18, 18, 25, 17, 0, 34]","""[0, 8, 2, 1, 2, 7, 1, 7, 4, 9, 1, 18, 0]"""
j10,1,proactive_quantile_0.9,600,True,41,0.053624868392944336,0.0002200603485107422,"[0, 0, 0, 0, 9, 11, 19, 22, 22, 30, 19, 0, 41]","""[0, 7, 1, 1, 2, 8, 2, 8, 4, 9, 2, 18, 0]"""
j10,1,reactive,600,True,39,0.053624868392944336,0.0936274528503418,"[0, 0, 0, 0, 9, 11, 19, 22, 22, 30, 19, 0, 39]","[0, 7, 1, 1, 2, 8, 2, 8, 4, 9, 2, 18, 0]"
j10,1,stnu,600,True,36,0.7559700012207031,0.005303621292114258,"[0, 0, 0, 0, 7, 9, 17, 19, 19, 27, 17, 0, 36]","""[0, 7, 1, 1, 2, 8, 2, 8, 4, 9, 2, 18, 0]"""
j10,1,proactive_quantile_0.9,600,True,41,0.0637216567993164,0.0002090930938720703,"[0, 0, 0, 0, 9, 11, 19, 22, 22, 30, 19, 0, 41]","""[0, 8, 2, 2, 1, 6, 3, 7, 2, 9, 2, 18, 0]"""
j10,1,reactive,600,True,39,0.0637216567993164,0.09339499473571777,"[0, 0, 0, 0, 9, 11, 19, 22, 22, 30, 19, 0, 39]","[0, 8, 2, 2, 1, 6, 3, 7, 2, 9, 2, 18, 0]"
j10,1,stnu,600,True,33,0.6614480018615723,0.005349874496459961,"[0, 0, 0, 0, 8, 9, 14, 17, 17, 24, 14, 0, 33]","""[0, 8, 2, 2, 1, 5, 3, 7, 2, 9, 2, 18, 0]"""
j10,1,proactive_quantile_0.9,600,True,41,0.05638384819030762,0.0002167224884033203,"[0, 0, 0, 0, 9, 11, 19, 22, 22, 30, 19, 0, 41]","""[0, 6, 2, 2, 1, 7, 2, 5, 2, 9, 2, 18, 0]"""
j10,1,reactive,600,True,39,0.05638384819030762,0.11199593544006348,"[0, 0, 0, 0, 9, 11, 19, 22, 22, 30, 19, 0, 39]","[0, 6, 2, 2, 1, 7, 2, 5, 2, 9, 2, 18, 0]"
j10,1,stnu,600,True,31,0.6613852977752686,0.005490779876708984,"[0, 0, 0, 0, 6, 7, 15, 17, 17, 22, 15, 0, 31]","""[0, 6, 2, 2, 1, 8, 2, 5, 2, 9, 2, 18, 0]"""
j10,1,proactive_quantile_0.9,600,True,41,0.11963963508605957,0.00024819374084472656,"[0, 0, 0, 0, 9, 11, 19, 22, 22, 30, 27, 0, 41]","""[0, 6, 5, 2, 2, 6, 1, 7, 5, 10, 2, 18, 0]"""
j10,1,reactive,600,True,40,0.11963963508605957,0.12532377243041992,"[0, 0, 0, 0, 9, 11, 19, 22, 22, 30, 27, 0, 40]","[0, 6, 5, 2, 2, 6, 1, 7, 5, 10, 2, 18, 0]"
j10,1,stnu,600,True,32,0.6595265865325928,0.0055658817291259766,"[0, 0, 0, 0, 6, 8, 14, 15, 16, 22, 14, 0, 32]","""[0, 6, 5, 2, 2, 6, 1, 7, 2, 10, 2, 18, 0]"""
j10,1,proactive_quantile_0.9,600,True,41,0.14403295516967773,0.0003559589385986328,"[0, 0, 0, 0, 9, 11, 19, 22, 22, 30, 19, 0, 41]","""[0, 6, 1, 2, 2, 8, 3, 9, 2, 7, 3, 18, 0]"""
j10,1,reactive,600,False,inf,inf,inf,null,"[0, 6, 1, 2, 2, 8, 3, 9, 2, 7, 3, 18, 0]"
j10,1,stnu,600,True,37,0.668182373046875,0.005388736724853516,"[0, 0, 0, 0, 6, 8, 16, 19, 19, 28, 16, 0, 37]","""[0, 6, 1, 2, 2, 8, 3, 9, 2, 9, 3, 18, 0]"""
j10,1,proactive_quantile_0.9,600,True,26,0.049719810485839844,0.0006670951843261719,"[0, 0, 0, 0, 7, 3, 8, 12, 17, 17, 12, 0, 0, 0, 0, 0, 0, 0, 0, 56]","""[0, 6, 3, 6, 3, 5, 1, 3, 7, 5, 2, 26, 44, 17, 28, 11, 56, 36, 26, 0]"""
j10,1,reactive,600,True,24,0.049719810485839844,0.0931253433227539,"[0, 0, 0, 0, 7, 3, 8, 12, 17, 17, 12, 0, 0, 0, 0, 0, 0, 0, 0, 24]","[0, 6, 3, 6, 3, 5, 1, 3, 7, 5, 2, 26, 44, 17, 28, 11, 56, 36, 26, 0]"
j10,1,stnu,600,True,21,0.6758415699005127,0.01220703125,"[0, 0, 0, 0, 8, 3, 8, 11, 14, 14, 11, 0, 0, 0, 0, 0, 0, 0, 0, 21]","""[0, 6, 3, 6, 3, 5, 1, 3, 7, 5, 2, 26, 44, 17, 28, 11, 56, 36, 26, 0]"""
j10,1,proactive_quantile_0.9,600,False,inf,0.0633852481842041,inf,"[0, 0, 0, 0, 7, 3, 8, 12, 17, 17, 12, 0, 0, 0, 0, 0, 0, 0, 0, 56]","""[0, 7, 2, 5, 2, 5, 2, 6, 7, 7, 2, 26, 44, 17, 28, 11, 56, 36, 26, 0]"""
j10,1,reactive,600,False,inf,inf,inf,null,"[0, 7, 2, 5, 2, 5, 2, 6, 7, 7, 2, 26, 44, 17, 28, 11, 56, 36, 26, 0]"
j10,1,stnu,600,True,22,0.6385045051574707,0.011874675750732422,"[0, 0, 0, 0, 7, 2, 7, 9, 15, 15, 9, 0, 0, 0, 0, 0, 0, 0, 0, 22]","""[0, 7, 2, 5, 2, 5, 2, 6, 7, 7, 2, 26, 44, 17, 28, 11, 56, 36, 26, 0]"""
j10,1,proactive_quantile_0.9,600,True,26,0.04527091979980469,0.0006687641143798828,"[0, 0, 0, 0, 7, 3, 8, 12, 17, 17, 12, 0, 0, 0, 0, 0, 0, 0, 0, 56]","""[0, 8, 1, 4, 3, 6, 2, 3, 5, 7, 2, 26, 44, 17, 28, 11, 56, 36, 26, 0]"""
j10,1,reactive,600,True,24,0.04527091979980469,0.08373212814331055,"[0, 0, 0, 0, 7, 3, 8, 12, 17, 17, 12, 0, 0, 0, 0, 0, 0, 0, 0, 24]","[0, 8, 1, 4, 3, 6, 2, 3, 5, 7, 2, 26, 44, 17, 28, 11, 56, 36, 26, 0]"
j10,1,stnu,600,True,20,0.679008960723877,0.012071371078491211,"[0, 0, 0, 0, 7, 1, 8, 10, 13, 13, 10, 0, 0, 0, 0, 0, 0, 0, 0, 20]","""[0, 8, 1, 4, 3, 6, 2, 3, 5, 7, 2, 26, 44, 17, 28, 11, 56, 36, 26, 0]"""
j10,1,proactive_quantile_0.9,600,True,26,0.053005218505859375,0.0006513595581054688,"[0, 0, 0, 0, 7, 3, 8, 12, 17, 17, 12, 0, 0, 0, 0, 0, 0, 0, 0, 56]","""[0, 6, 1, 5, 3, 5, 2, 3, 6, 8, 2, 26, 44, 17, 28, 11, 56, 36, 26, 0]"""
j10,1,reactive,600,True,25,0.053005218505859375,0.10961222648620605,"[0, 0, 0, 0, 7, 3, 8, 12, 17, 17, 12, 0, 0, 0, 0, 0, 0, 0, 0, 25]","[0, 6, 1, 5, 3, 5, 2, 3, 6, 8, 2, 26, 44, 17, 28, 11, 56, 36, 26, 0]"
j10,1,stnu,600,True,20,0.6625096797943115,0.011811256408691406,"[0, 0, 0, 0, 6, 1, 6, 9, 12, 12, 9, 0, 0, 0, 0, 0, 0, 0, 0, 20]","""[0, 6, 1, 5, 3, 5, 2, 3, 6, 8, 2, 26, 44, 17, 28, 11, 56, 36, 26, 0]"""
j10,1,proactive_quantile_0.9,600,True,26,0.11279773712158203,0.0006866455078125,"[0, 0, 0, 0, 7, 3, 8, 12, 17, 17, 12, 0, 0, 0, 0, 0, 0, 0, 0, 56]","""[0, 7, 2, 6, 3, 4, 1, 5, 7, 8, 2, 26, 44, 17, 28, 11, 56, 36, 26, 0]"""
j10,1,reactive,600,True,25,0.11279773712158203,0.11705374717712402,"[0, 0, 0, 0, 7, 3, 8, 12, 17, 17, 12, 0, 0, 0, 0, 0, 0, 0, 0, 25]","[0, 7, 2, 6, 3, 4, 1, 5, 7, 8, 2, 26, 44, 17, 28, 11, 56, 36, 26, 0]"
j10,1,stnu,600,True,22,0.7535169124603271,0.011884927749633789,"[0, 0, 0, 0, 6, 2, 7, 9, 14, 14, 9, 0, 0, 0, 0, 0, 0, 0, 0, 22]","""[0, 7, 2, 6, 3, 4, 1, 5, 7, 8, 2, 26, 44, 17, 28, 11, 56, 36, 26, 0]"""
j10,1,proactive_quantile_0.9,600,True,26,0.12766504287719727,0.0006940364837646484,"[0, 0, 0, 0, 7, 3, 8, 12, 17, 17, 12, 0, 0, 0, 0, 0, 0, 0, 0, 56]","""[0, 6, 2, 6, 4, 2, 1, 4, 5, 9, 2, 26, 44, 17, 28, 11, 56, 36, 26, 0]"""
j10,1,reactive,600,True,26,0.12766504287719727,0.12915253639221191,"[0, 0, 0, 0, 7, 3, 8, 12, 17, 17, 12, 0, 0, 0, 0, 0, 0, 0, 0, 26]","[0, 6, 2, 6, 4, 2, 1, 4, 5, 9, 2, 26, 44, 17, 28, 11, 56, 36, 26, 0]"
j10,1,stnu,600,True,23,0.7182185649871826,0.011976003646850586,"[0, 0, 0, 0, 6, 2, 6, 10, 14, 14, 10, 0, 0, 0, 0, 0, 0, 0, 0, 23]","""[0, 6, 2, 6, 4, 2, 1, 4, 5, 9, 2, 26, 44, 17, 28, 11, 56, 36, 26, 0]"""
j10,1,proactive_quantile_0.9,600,True,26,0.21535110473632812,0.000659942626953125,"[0, 0, 0, 0, 7, 3, 8, 12, 17, 17, 12, 0, 0, 0, 0, 0, 0, 0, 0, 56]","""[0, 6, 1, 4, 5, 3, 2, 4, 7, 7, 1, 26, 44, 17, 28, 11, 56, 36, 26, 0]"""
j10,1,reactive,600,True,24,0.21535110473632812,0.10385298728942871,"[0, 0, 0, 0, 7, 3, 8, 12, 17, 17, 12, 0, 0, 0, 0, 0, 0, 0, 0, 24]","[0, 6, 1, 4, 5, 3, 2, 4, 7, 7, 1, 26, 44, 17, 28, 11, 56, 36, 26, 0]"
j10,1,stnu,600,True,20,0.7449014186859131,0.01200103759765625,"[0, 0, 0, 0, 4, 1, 6, 9, 13, 13, 9, 0, 0, 0, 0, 0, 0, 0, 0, 20]","""[0, 6, 1, 4, 5, 3, 2, 4, 7, 7, 1, 26, 44, 17, 28, 11, 56, 36, 26, 0]"""
j10,1,proactive_quantile_0.9,600,True,26,0.1584479808807373,0.0006694793701171875,"[0, 0, 0, 0, 7, 3, 8, 12, 17, 17, 12, 0, 0, 0, 0, 0, 0, 0, 0, 56]","""[0, 7, 1, 4, 4, 5, 2, 4, 4, 7, 1, 26, 44, 17, 28, 11, 56, 36, 26, 0]"""
j10,1,reactive,600,True,24,0.1584479808807373,0.11186051368713379,"[0, 0, 0, 0, 7, 3, 8, 12, 17, 17, 12, 0, 0, 0, 0, 0, 0, 0, 0, 24]","[0, 7, 1, 4, 4, 5, 2, 4, 4, 7, 1, 26, 44, 17, 28, 11, 56, 36, 26, 0]"
j10,1,stnu,600,True,21,0.7094109058380127,0.012103080749511719,"[0, 0, 0, 0, 6, 1, 7, 10, 14, 14, 10, 0, 0, 0, 0, 0, 0, 0, 0, 21]","""[0, 7, 1, 4, 4, 5, 2, 4, 4, 7, 1, 26, 44, 17, 28, 11, 56, 36, 26, 0]"""
j10,1,proactive_quantile_0.9,600,True,26,0.07122230529785156,0.0006589889526367188,"[0, 0, 0, 0, 7, 3, 8, 12, 17, 17, 12, 0, 0, 0, 0, 0, 0, 0, 0, 56]","""[0, 7, 2, 6, 3, 5, 1, 4, 8, 7, 1, 26, 44, 17, 28, 11, 56, 36, 26, 0]"""
j10,1,reactive,600,True,25,0.07122230529785156,0.12384152412414551,"[0, 0, 0, 0, 7, 3, 8, 12, 17, 17, 12, 0, 0, 0, 0, 0, 0, 0, 0, 25]","[0, 7, 2, 6, 3, 5, 1, 4, 8, 7, 1, 26, 44, 17, 28, 11, 56, 36, 26, 0]"
j10,1,stnu,600,True,22,0.6997108459472656,0.0118255615234375,"[0, 0, 0, 0, 7, 2, 7, 10, 14, 14, 10, 0, 0, 0, 0, 0, 0, 0, 0, 22]","""[0, 7, 2, 6, 3, 5, 1, 4, 8, 7, 1, 26, 44, 17, 28, 11, 56, 36, 26, 0]"""
j10,1,proactive_quantile_0.9,600,True,26,0.06461238861083984,0.0006780624389648438,"[0, 0, 0, 0, 7, 3, 8, 12, 17, 17, 12, 0, 0, 0, 0, 0, 0, 0, 0, 56]","""[0, 7, 2, 4, 5, 6, 1, 2, 7, 8, 2, 26, 44, 17, 28, 11, 56, 36, 26, 0]"""
j10,1,reactive,600,True,25,0.06461238861083984,0.1112828254699707,"[0, 0, 0, 0, 7, 3, 8, 12, 17, 17, 12, 0, 0, 0, 0, 0, 0, 0, 0, 25]","[0, 7, 2, 4, 5, 6, 1, 2, 7, 8, 2, 26, 44, 17, 28, 11, 56, 36, 26, 0]"
j10,1,stnu,600,True,23,0.6710262298583984,0.011981725692749023,"[0, 0, 0, 0, 8, 2, 8, 13, 15, 15, 13, 0, 0, 0, 0, 0, 0, 0, 0, 23]","""[0, 7, 2, 4, 5, 6, 1, 2, 7, 8, 2, 26, 44, 17, 28, 11, 56, 36, 26, 0]"""
j10,1,proactive_quantile_0.9,600,True,39,0.053029537200927734,0.0003445148468017578,"[0, 0, 9, 0, 12, 21, 4, 3, 28, 21, 32, 0, 0, 41]","""[0, 4, 2, 1, 8, 7, 3, 5, 4, 10, 7, 41, 26, 0]"""
j10,1,reactive,600,True,38,0.053029537200927734,0.1145939826965332,"[0, 0, 9, 0, 12, 21, 4, 3, 28, 21, 31, 0, 0, 38]","[0, 4, 2, 1, 8, 7, 3, 5, 4, 10, 7, 41, 26, 0]"
j10,1,stnu,600,True,21,0.6556694507598877,0.006373167037963867,"[0, 0, 1, 0, 3, 8, 8, 2, 20, 13, 11, 0, 0, 21]","""[0, 2, 2, 1, 5, 12, 3, 5, 1, 6, 2, 41, 26, 0]"""
j10,1,proactive_quantile_0.9,600,True,37,0.12768888473510742,0.00029206275939941406,"[0, 0, 0, 12, 3, 10, 19, 15, 27, 29, 24, 0, 0, 41]","""[0, 2, 1, 3, 6, 1, 3, 3, 1, 5, 1, 41, 26, 0]"""
j10,1,reactive,600,True,30,0.12768888473510742,0.18775415420532227,"[0, 0, 0, 12, 3, 10, 19, 15, 18, 25, 24, 0, 0, 30]","[0, 2, 1, 3, 6, 1, 3, 3, 1, 5, 1, 41, 26, 0]"
j10,1,stnu,600,True,22,0.6789977550506592,0.006317615509033203,"[0, 0, 3, 0, 4, 10, 10, 3, 21, 14, 13, 0, 0, 22]","""[0, 2, 1, 3, 6, 10, 3, 6, 1, 7, 1, 41, 26, 0]"""
j10,1,proactive_quantile_0.9,600,True,37,0.17251372337341309,0.0003123283386230469,"[0, 0, 0, 12, 3, 10, 19, 15, 27, 29, 24, 0, 0, 41]","""[0, 4, 1, 3, 6, 2, 5, 1, 1, 6, 2, 41, 26, 0]"""
j10,1,reactive,600,True,32,0.17251372337341309,0.09769845008850098,"[0, 0, 0, 12, 3, 10, 19, 15, 16, 26, 24, 0, 0, 32]","[0, 4, 1, 3, 6, 2, 5, 1, 1, 6, 2, 41, 26, 0]"
j10,1,stnu,600,True,25,0.6518268585205078,0.0061931610107421875,"[0, 0, 3, 0, 4, 10, 10, 4, 24, 17, 15, 0, 0, 25]","""[0, 4, 1, 3, 6, 7, 5, 5, 1, 7, 2, 41, 26, 0]"""
j10,1,proactive_quantile_0.9,600,True,37,0.16863679885864258,0.00029087066650390625,"[0, 0, 0, 12, 3, 10, 19, 15, 27, 29, 24, 0, 0, 41]","""[0, 2, 2, 1, 7, 2, 4, 2, 1, 8, 1, 41, 26, 0]"""
j10,1,reactive,600,True,33,0.16863679885864258,0.12255859375,"[0, 0, 0, 12, 3, 10, 19, 15, 13, 25, 24, 0, 0, 33]","[0, 2, 2, 1, 7, 2, 4, 2, 1, 8, 1, 41, 26, 0]"
j10,1,stnu,600,True,21,0.712146520614624,0.006278276443481445,"[0, 0, 1, 0, 3, 10, 10, 2, 20, 15, 14, 0, 0, 21]","""[0, 2, 2, 1, 7, 8, 4, 3, 1, 5, 1, 41, 26, 0]"""
j10,1,proactive_quantile_0.9,600,True,39,0.055132389068603516,0.0003173351287841797,"[0, 0, 9, 0, 12, 21, 4, 3, 28, 21, 32, 0, 0, 41]","""[0, 1, 2, 1, 9, 3, 5, 6, 3, 11, 5, 41, 26, 0]"""
j10,1,reactive,600,True,37,0.055132389068603516,0.11058831214904785,"[0, 0, 9, 0, 12, 21, 4, 3, 28, 21, 32, 0, 0, 37]","[0, 1, 2, 1, 9, 3, 5, 6, 3, 11, 5, 41, 26, 0]"
j10,1,stnu,600,True,25,0.6512093544006348,0.006345987319946289,"[0, 0, 1, 0, 3, 9, 9, 3, 24, 17, 14, 0, 0, 25]","""[0, 3, 2, 1, 5, 9, 5, 6, 1, 7, 3, 41, 26, 0]"""
j10,1,proactive_quantile_0.9,600,True,37,0.16960525512695312,0.0002930164337158203,"[0, 0, 0, 12, 3, 10, 19, 15, 27, 29, 24, 0, 0, 41]","""[0, 3, 1, 3, 6, 2, 4, 1, 2, 6, 1, 41, 26, 0]"""
j10,1,reactive,600,True,31,0.16960525512695312,0.1460249423980713,"[0, 0, 0, 12, 3, 10, 19, 15, 16, 25, 24, 0, 0, 31]","[0, 3, 1, 3, 6, 2, 4, 1, 2, 6, 1, 41, 26, 0]"
j10,1,stnu,600,True,21,0.8197438716888428,0.006308794021606445,"[0, 0, 3, 0, 4, 10, 10, 3, 19, 15, 14, 0, 0, 21]","""[0, 3, 1, 3, 6, 8, 4, 3, 2, 4, 1, 41, 26, 0]"""
j10,1,proactive_quantile_0.9,600,False,inf,0.06227588653564453,inf,"[0, 0, 0, 12, 3, 10, 19, 15, 27, 29, 24, 0, 0, 41]","""[0, 2, 2, 2, 3, 2, 6, 3, 2, 6, 3, 41, 26, 0]"""
j10,1,reactive,600,False,inf,inf,inf,null,"[0, 2, 2, 2, 3, 2, 6, 3, 2, 6, 3, 41, 26, 0]"
j10,1,stnu,600,True,25,0.7223925590515137,0.006245851516723633,"[0, 0, 2, 0, 4, 7, 7, 2, 23, 16, 13, 0, 0, 25]","""[0, 2, 2, 2, 3, 10, 6, 4, 2, 7, 3, 41, 26, 0]"""
j10,1,proactive_quantile_0.9,600,True,37,0.14859509468078613,0.00026679039001464844,"[0, 0, 0, 12, 3, 10, 19, 15, 27, 29, 24, 0, 0, 41]","""[0, 3, 2, 3, 6, 1, 4, 2, 1, 7, 3, 41, 26, 0]"""
j10,1,reactive,600,True,35,0.14859509468078613,0.1515188217163086,"[0, 0, 0, 12, 3, 10, 19, 15, 27, 28, 24, 0, 0, 35]","[0, 3, 2, 3, 6, 1, 4, 2, 1, 7, 3, 41, 26, 0]"
j10,1,stnu,600,True,37,0.7000617980957031,0.006540536880493164,"[0, 0, 21, 0, 23, 32, 10, 10, 36, 23, 33, 0, 0, 37]","""[0, 2, 2, 10, 9, 1, 11, 5, 1, 7, 3, 41, 26, 0]"""
j10,1,proactive_quantile_0.9,600,True,37,0.12532305717468262,0.0002961158752441406,"[0, 0, 0, 12, 3, 10, 19, 15, 27, 29, 24, 0, 0, 41]","""[0, 2, 2, 3, 6, 2, 4, 3, 2, 6, 2, 41, 26, 0]"""
j10,1,reactive,600,True,35,0.12532305717468262,0.13551545143127441,"[0, 0, 0, 12, 3, 10, 19, 15, 27, 29, 24, 0, 0, 35]","[0, 2, 2, 3, 6, 2, 4, 3, 2, 6, 2, 41, 26, 0]"
j10,1,stnu,600,True,27,0.6751265525817871,0.006276369094848633,"[0, 0, 3, 0, 5, 11, 11, 3, 25, 17, 15, 0, 0, 27]","""[0, 2, 2, 3, 6, 9, 4, 6, 2, 8, 2, 41, 26, 0]"""
j10,1,proactive_quantile_0.9,600,True,37,0.14935970306396484,0.00030159950256347656,"[0, 0, 0, 12, 3, 10, 19, 15, 27, 29, 24, 0, 0, 41]","""[0, 2, 1, 1, 5, 1, 5, 2, 1, 5, 2, 41, 26, 0]"""
j10,1,reactive,600,True,33,0.14935970306396484,0.1802520751953125,"[0, 0, 0, 12, 3, 10, 19, 15, 27, 28, 24, 0, 0, 33]","[0, 2, 1, 1, 5, 1, 5, 2, 1, 5, 2, 41, 26, 0]"
j10,1,stnu,600,True,31,0.6888136863708496,0.006533622741699219,"[0, 0, 17, 0, 18, 27, 9, 9, 30, 18, 28, 0, 0, 31]","""[0, 4, 1, 9, 9, 1, 8, 5, 1, 5, 2, 41, 26, 0]"""
j10,1,proactive_quantile_0.9,600,True,15,0.17070698738098145,0.0009357929229736328,"[0, 0, 0, 0, 2, 4, 10, 3, 4, 10, 12, 0, 0, 0, 0, 0, 0, 0, 0, 91]","""[0, 2, 2, 3, 1, 4, 2, 5, 6, 3, 2, 60, 84, 77, 34, 27, 12, 91, 22, 0]"""
j10,1,reactive,600,True,14,0.17070698738098145,0.0910651683807373,"[0, 0, 0, 0, 2, 4, 10, 3, 4, 10, 12, 0, 0, 0, 0, 0, 0, 0, 0, 14]","[0, 2, 2, 3, 1, 4, 2, 5, 6, 3, 2, 60, 84, 77, 34, 27, 12, 91, 22, 0]"
j10,1,stnu,600,True,11,0.707331657409668,0.01118612289428711,"[0, 0, 0, 0, 2, 3, 7, 3, 3, 8, 9, 0, 0, 0, 0, 0, 0, 0, 0, 11]","""[0, 2, 2, 3, 1, 4, 2, 5, 6, 3, 2, 60, 84, 77, 34, 27, 12, 91, 22, 0]"""
j10,1,proactive_quantile_0.9,600,True,15,0.06297659873962402,0.0009453296661376953,"[0, 0, 0, 0, 2, 4, 10, 3, 4, 10, 12, 0, 0, 0, 0, 0, 0, 0, 0, 91]","""[0, 2, 2, 3, 2, 3, 2, 5, 4, 5, 1, 60, 84, 77, 34, 27, 12, 91, 22, 0]"""
j10,1,reactive,600,True,15,0.06297659873962402,0.20525836944580078,"[0, 0, 0, 0, 2, 4, 10, 3, 4, 10, 12, 0, 0, 0, 0, 0, 0, 0, 0, 15]","[0, 2, 2, 3, 2, 3, 2, 5, 4, 5, 1, 60, 84, 77, 34, 27, 12, 91, 22, 0]"
j10,1,stnu,600,False,inf,0.6314914226531982,inf,[],"""[0, 4, 5, 10, 2, 3, 6, 5, 9, 8, 5, 60, 84, 77, 34, 27, 12, 91, 22, 0]"""
j10,1,proactive_quantile_0.9,600,True,15,0.058408498764038086,0.0009658336639404297,"[0, 0, 0, 0, 2, 4, 10, 3, 4, 10, 12, 0, 0, 0, 0, 0, 0, 0, 0, 91]","""[0, 3, 2, 3, 1, 6, 1, 5, 5, 5, 2, 60, 84, 77, 34, 27, 12, 91, 22, 0]"""
j10,1,reactive,600,True,15,0.058408498764038086,0.06306219100952148,"[0, 0, 0, 0, 2, 4, 10, 3, 4, 10, 11, 0, 0, 0, 0, 0, 0, 0, 0, 15]","[0, 3, 2, 3, 1, 6, 1, 5, 5, 5, 2, 60, 84, 77, 34, 27, 12, 91, 22, 0]"
j10,1,stnu,600,True,14,0.6876728534698486,0.01127314567565918,"[0, 0, 0, 0, 2, 3, 9, 3, 3, 9, 10, 0, 0, 0, 0, 0, 0, 0, 0, 14]","""[0, 3, 2, 3, 1, 6, 1, 5, 5, 5, 2, 60, 84, 77, 34, 27, 12, 91, 22, 0]"""
j10,1,proactive_quantile_0.9,600,True,15,0.0630025863647461,0.0010132789611816406,"[0, 0, 0, 0, 2, 4, 10, 3, 4, 10, 12, 0, 0, 0, 0, 0, 0, 0, 0, 91]","""[0, 1, 1, 3, 1, 5, 1, 3, 6, 5, 1, 60, 84, 77, 34, 27, 12, 91, 22, 0]"""
j10,1,reactive,600,True,15,0.0630025863647461,0.10659933090209961,"[0, 0, 0, 0, 2, 4, 10, 3, 4, 10, 12, 0, 0, 0, 0, 0, 0, 0, 0, 15]","[0, 1, 1, 3, 1, 5, 1, 3, 6, 5, 1, 60, 84, 77, 34, 27, 12, 91, 22, 0]"
j10,1,stnu,600,True,12,0.7110171318054199,0.011214017868041992,"[0, 0, 0, 0, 1, 2, 7, 2, 3, 7, 8, 0, 0, 0, 0, 0, 0, 0, 0, 12]","""[0, 1, 1, 3, 1, 5, 1, 3, 6, 5, 1, 60, 84, 77, 34, 27, 12, 91, 22, 0]"""
j10,1,proactive_quantile_0.9,600,True,15,0.17332148551940918,0.0009248256683349609,"[0, 0, 0, 0, 2, 4, 10, 3, 4, 10, 12, 0, 0, 0, 0, 0, 0, 0, 0, 91]","""[0, 3, 1, 2, 1, 5, 1, 5, 6, 2, 1, 60, 84, 77, 34, 27, 12, 91, 22, 0]"""
j10,1,reactive,600,True,12,0.17332148551940918,0.10616326332092285,"[0, 0, 0, 0, 2, 4, 10, 3, 4, 10, 11, 0, 0, 0, 0, 0, 0, 0, 0, 12]","[0, 3, 1, 2, 1, 5, 1, 5, 6, 2, 1, 60, 84, 77, 34, 27, 12, 91, 22, 0]"
j10,1,stnu,600,True,10,0.6659412384033203,0.011310577392578125,"[0, 0, 0, 0, 1, 3, 8, 2, 2, 8, 9, 0, 0, 0, 0, 0, 0, 0, 0, 10]","""[0, 3, 1, 2, 1, 5, 1, 5, 6, 2, 1, 60, 84, 77, 34, 27, 12, 91, 22, 0]"""
j10,1,proactive_quantile_0.9,600,True,15,0.18834257125854492,0.0009250640869140625,"[0, 0, 0, 0, 2, 4, 10, 3, 4, 10, 12, 0, 0, 0, 0, 0, 0, 0, 0, 91]","""[0, 2, 2, 1, 2, 4, 1, 6, 5, 3, 2, 60, 84, 77, 34, 27, 12, 91, 22, 0]"""
j10,1,reactive,600,True,13,0.18834257125854492,0.06844210624694824,"[0, 0, 0, 0, 2, 4, 10, 3, 4, 10, 11, 0, 0, 0, 0, 0, 0, 0, 0, 13]","[0, 2, 2, 1, 2, 4, 1, 6, 5, 3, 2, 60, 84, 77, 34, 27, 12, 91, 22, 0]"
j10,1,stnu,600,True,13,0.6231288909912109,0.011353254318237305,"[0, 0, 0, 0, 2, 4, 8, 4, 2, 10, 10, 0, 0, 0, 0, 0, 0, 0, 0, 13]","""[0, 2, 2, 1, 2, 4, 1, 6, 5, 3, 2, 60, 84, 77, 34, 27, 12, 91, 22, 0]"""
j10,1,proactive_quantile_0.9,600,True,32,0.09256291389465332,0.0009632110595703125,"[0, 0, 0, 0, 2, 4, 20, 2, 4, 15, 25, 0, 0, 0, 0, 0, 0, 0, 0, 91]","""[0, 7, 2, 2, 1, 10, 4, 4, 5, 3, 7, 60, 84, 77, 34, 27, 12, 91, 22, 0]"""
j10,1,reactive,600,True,29,0.09256291389465332,0.10329818725585938,"[0, 0, 0, 0, 2, 4, 18, 2, 4, 15, 22, 0, 0, 0, 0, 0, 0, 0, 0, 29]","[0, 7, 2, 2, 1, 10, 4, 4, 5, 3, 7, 60, 84, 77, 34, 27, 12, 91, 22, 0]"
j10,1,stnu,600,False,inf,0.6176493167877197,inf,[],"""[0, 2, 5, 8, 1, 5, 4, 4, 8, 5, 7, 60, 84, 77, 34, 27, 12, 91, 22, 0]"""
j10,1,proactive_quantile_0.9,600,True,15,0.07618570327758789,0.0009112358093261719,"[0, 0, 0, 0, 2, 4, 10, 3, 4, 10, 12, 0, 0, 0, 0, 0, 0, 0, 0, 91]","""[0, 1, 2, 3, 2, 5, 2, 6, 8, 3, 2, 60, 84, 77, 34, 27, 12, 91, 22, 0]"""
j10,1,reactive,600,True,14,0.07618570327758789,0.06135821342468262,"[0, 0, 0, 0, 2, 4, 10, 3, 4, 10, 12, 0, 0, 0, 0, 0, 0, 0, 0, 14]","[0, 1, 2, 3, 2, 5, 2, 6, 8, 3, 2, 60, 84, 77, 34, 27, 12, 91, 22, 0]"
j10,1,stnu,600,True,13,0.6763906478881836,0.011463165283203125,"[0, 0, 0, 0, 2, 4, 9, 4, 3, 10, 11, 0, 0, 0, 0, 0, 0, 0, 0, 13]","""[0, 1, 2, 3, 2, 5, 2, 6, 8, 3, 2, 60, 84, 77, 34, 27, 12, 91, 22, 0]"""
j10,1,proactive_quantile_0.9,600,True,15,0.061866044998168945,0.0009374618530273438,"[0, 0, 0, 0, 2, 4, 10, 3, 4, 10, 12, 0, 0, 0, 0, 0, 0, 0, 0, 91]","""[0, 2, 1, 4, 1, 4, 1, 4, 6, 5, 2, 60, 84, 77, 34, 27, 12, 91, 22, 0]"""
j10,1,reactive,600,True,13,0.061866044998168945,0.08938884735107422,"[0, 0, 0, 0, 2, 4, 8, 3, 4, 8, 11, 0, 0, 0, 0, 0, 0, 0, 0, 13]","[0, 2, 1, 4, 1, 4, 1, 4, 6, 5, 2, 60, 84, 77, 34, 27, 12, 91, 22, 0]"
j10,1,stnu,600,False,inf,0.6374099254608154,inf,[],"""[0, 4, 5, 6, 1, 4, 4, 4, 8, 5, 6, 60, 84, 77, 34, 27, 12, 91, 22, 0]"""
j10,1,proactive_quantile_0.9,600,True,15,0.05988168716430664,0.0009326934814453125,"[0, 0, 0, 0, 2, 4, 10, 3, 4, 10, 12, 0, 0, 0, 0, 0, 0, 0, 0, 91]","""[0, 1, 2, 4, 2, 4, 1, 4, 6, 5, 1, 60, 84, 77, 34, 27, 12, 91, 22, 0]"""
j10,1,reactive,600,True,15,0.05988168716430664,0.06472992897033691,"[0, 0, 0, 0, 2, 4, 10, 3, 4, 10, 11, 0, 0, 0, 0, 0, 0, 0, 0, 15]","[0, 1, 2, 4, 2, 4, 1, 4, 6, 5, 1, 60, 84, 77, 34, 27, 12, 91, 22, 0]"
j10,1,stnu,600,True,13,0.7080283164978027,0.011091470718383789,"[0, 0, 0, 0, 2, 4, 8, 2, 4, 8, 9, 0, 0, 0, 0, 0, 0, 0, 0, 13]","""[0, 6, 2, 4, 2, 4, 1, 4, 6, 5, 1, 60, 84, 77, 34, 27, 12, 91, 22, 0]"""
j10,1,proactive_quantile_0.9,600,True,25,0.04494524002075195,0.0005402565002441406,"[0, 0, 0, 0, 3, 5, 11, 7, 13, 18, 18, 0, 0, 0, 81]","""[0, 2, 10, 3, 1, 1, 1, 12, 2, 5, 7, 68, 81, 40, 0]"""
j10,1,reactive,600,False,inf,inf,inf,null,"[0, 2, 10, 3, 1, 1, 1, 12, 2, 5, 7, 68, 81, 40, 0]"
j10,1,stnu,600,True,18,0.6606817245483398,0.007269144058227539,"[0, 0, 0, 0, 3, 4, 10, 5, 15, 10, 11, 0, 0, 0, 18]","""[0, 2, 10, 3, 1, 1, 1, 5, 2, 5, 7, 68, 81, 40, 0]"""
j10,1,proactive_quantile_0.9,600,True,25,0.03624987602233887,0.0005280971527099609,"[0, 0, 0, 0, 3, 5, 11, 7, 13, 18, 18, 0, 0, 0, 81]","""[0, 1, 8, 2, 2, 2, 2, 10, 2, 5, 5, 68, 81, 40, 0]"""
j10,1,reactive,600,True,23,0.03624987602233887,0.09140229225158691,"[0, 0, 0, 0, 3, 5, 11, 7, 13, 18, 18, 0, 0, 0, 23]","[0, 1, 8, 2, 2, 2, 2, 10, 2, 5, 5, 68, 81, 40, 0]"
j10,1,stnu,600,False,inf,0.5706806182861328,inf,[],"""[0, 2, 5, 5, 6, 3, 5, 5, 2, 2, 9, 68, 81, 40, 0]"""
j10,1,proactive_quantile_0.9,600,True,32,0.054099321365356445,0.0005612373352050781,"[0, 0, 4, 0, 7, 15, 10, 18, 16, 25, 25, 0, 0, 0, 81]","""[0, 3, 5, 6, 7, 2, 6, 7, 3, 2, 4, 68, 81, 40, 0]"""
j10,1,reactive,600,True,29,0.054099321365356445,0.07619094848632812,"[0, 0, 4, 0, 7, 15, 10, 18, 16, 25, 25, 0, 0, 0, 29]","[0, 3, 5, 6, 7, 2, 6, 7, 3, 2, 4, 68, 81, 40, 0]"
j10,1,stnu,600,False,inf,0.5740616321563721,inf,[],"""[0, 3, 5, 6, 7, 2, 6, 7, 3, 2, 9, 68, 81, 40, 0]"""
j10,1,proactive_quantile_0.9,600,True,25,0.14958548545837402,0.0005502700805664062,"[0, 0, 0, 0, 3, 5, 11, 7, 13, 18, 18, 0, 0, 0, 81]","""[0, 2, 9, 2, 2, 1, 1, 9, 1, 5, 5, 68, 81, 40, 0]"""
j10,1,reactive,600,True,23,0.14958548545837402,0.12571930885314941,"[0, 0, 0, 0, 3, 5, 11, 7, 13, 18, 18, 0, 0, 0, 23]","[0, 2, 9, 2, 2, 1, 1, 9, 1, 5, 5, 68, 81, 40, 0]"
j10,1,stnu,600,True,16,0.6400208473205566,0.0070209503173828125,"[0, 0, 0, 0, 2, 4, 10, 5, 15, 10, 11, 0, 0, 0, 16]","""[0, 2, 9, 2, 2, 1, 1, 5, 1, 5, 5, 68, 81, 40, 0]"""
j10,1,proactive_quantile_0.9,600,True,25,0.05425262451171875,0.0005323886871337891,"[0, 0, 0, 0, 3, 5, 11, 7, 13, 18, 18, 0, 0, 0, 81]","""[0, 1, 10, 1, 2, 2, 2, 10, 1, 6, 7, 68, 81, 40, 0]"""
j10,1,reactive,600,True,24,0.05425262451171875,0.06471395492553711,"[0, 0, 0, 0, 3, 5, 11, 7, 13, 17, 17, 0, 0, 0, 24]","[0, 1, 10, 1, 2, 2, 2, 10, 1, 6, 7, 68, 81, 40, 0]"
j10,1,stnu,600,True,19,0.6459157466888428,0.007070779800415039,"[0, 0, 0, 0, 1, 3, 10, 5, 16, 10, 12, 0, 0, 0, 19]","""[0, 1, 10, 1, 2, 2, 2, 5, 1, 6, 7, 68, 81, 40, 0]"""
j10,1,proactive_quantile_0.9,600,True,32,0.0655372142791748,0.0005342960357666016,"[0, 0, 4, 0, 7, 15, 10, 18, 16, 25, 25, 0, 0, 0, 81]","""[0, 4, 5, 6, 6, 2, 5, 5, 3, 1, 6, 68, 81, 40, 0]"""
j10,1,reactive,600,True,31,0.0655372142791748,0.10529685020446777,"[0, 0, 4, 0, 7, 15, 10, 18, 16, 25, 25, 0, 0, 0, 31]","[0, 4, 5, 6, 6, 2, 5, 5, 3, 1, 6, 68, 81, 40, 0]"
j10,1,stnu,600,False,inf,0.6412050724029541,inf,[],"""[0, 4, 5, 6, 6, 2, 5, 5, 3, 1, 9, 68, 81, 40, 0]"""
j10,1,proactive_quantile_0.9,600,True,25,0.19489598274230957,0.0005290508270263672,"[0, 0, 0, 0, 3, 5, 11, 7, 13, 18, 18, 0, 0, 0, 81]","""[0, 1, 11, 2, 1, 2, 2, 9, 3, 4, 3, 68, 81, 40, 0]"""
j10,1,reactive,600,True,22,0.19489598274230957,0.0851442813873291,"[0, 0, 0, 0, 3, 5, 11, 7, 13, 18, 18, 0, 0, 0, 22]","[0, 1, 11, 2, 1, 2, 2, 9, 3, 4, 3, 68, 81, 40, 0]"
j10,1,stnu,600,True,18,0.6940183639526367,0.0070972442626953125,"[0, 0, 0, 0, 2, 3, 11, 5, 15, 11, 13, 0, 0, 0, 18]","""[0, 1, 11, 2, 1, 2, 2, 5, 3, 4, 3, 68, 81, 40, 0]"""
j10,1,proactive_quantile_0.9,600,True,25,0.05517268180847168,0.0005252361297607422,"[0, 0, 0, 0, 3, 5, 11, 7, 13, 18, 18, 0, 0, 0, 81]","""[0, 3, 10, 2, 2, 2, 2, 8, 2, 5, 5, 68, 81, 40, 0]"""
j10,1,reactive,600,True,23,0.05517268180847168,0.0716707706451416,"[0, 0, 0, 0, 3, 5, 11, 7, 13, 18, 18, 0, 0, 0, 23]","[0, 3, 10, 2, 2, 2, 2, 8, 2, 5, 5, 68, 81, 40, 0]"
j10,1,stnu,600,True,22,0.6838779449462891,0.007097959518432617,"[0, 0, 0, 0, 3, 5, 15, 7, 20, 15, 17, 0, 0, 0, 22]","""[0, 3, 10, 2, 2, 2, 2, 8, 2, 5, 5, 68, 81, 40, 0]"""
j10,1,proactive_quantile_0.9,600,True,32,0.11571931838989258,0.0005311965942382812,"[0, 0, 4, 0, 7, 15, 10, 18, 16, 25, 25, 0, 0, 0, 81]","""[0, 2, 5, 7, 4, 3, 5, 6, 2, 2, 4, 68, 81, 40, 0]"""
j10,1,reactive,600,True,29,0.11571931838989258,0.09324479103088379,"[0, 0, 4, 0, 7, 15, 10, 18, 16, 25, 25, 0, 0, 0, 29]","[0, 2, 5, 7, 4, 3, 5, 6, 2, 2, 4, 68, 81, 40, 0]"
j10,1,stnu,600,True,19,0.6829574108123779,0.00710749626159668,"[0, 0, 0, 0, 3, 5, 13, 7, 17, 13, 14, 0, 0, 0, 19]","""[0, 2, 8, 3, 2, 2, 1, 6, 2, 4, 4, 68, 81, 40, 0]"""
j10,1,proactive_quantile_0.9,600,True,32,0.06363606452941895,0.0005481243133544922,"[0, 0, 4, 0, 7, 15, 10, 18, 16, 25, 25, 0, 0, 0, 81]","""[0, 3, 6, 5, 7, 2, 5, 7, 3, 2, 6, 68, 81, 40, 0]"""
j10,1,reactive,600,True,31,0.06363606452941895,0.10060238838195801,"[0, 0, 4, 0, 7, 15, 10, 18, 16, 25, 25, 0, 0, 0, 31]","[0, 3, 6, 5, 7, 2, 5, 7, 3, 2, 6, 68, 81, 40, 0]"
j10,1,stnu,600,False,inf,0.6497359275817871,inf,[],"""[0, 3, 6, 5, 7, 2, 5, 7, 3, 2, 11, 68, 81, 40, 0]"""
j10,1,proactive_quantile_0.9,600,True,31,0.0648336410522461,0.00031280517578125,"[0, 0, 0, 0, 11, 6, 10, 17, 24, 20, 20, 0, 52]","""[0, 4, 10, 4, 9, 3, 8, 5, 2, 4, 7, 52, 0]"""
j10,1,reactive,600,False,inf,inf,inf,null,"[0, 4, 10, 4, 9, 3, 8, 5, 2, 4, 7, 52, 0]"
j10,1,stnu,600,True,31,0.6239733695983887,0.005229473114013672,"[0, 0, 0, 0, 18, 4, 7, 18, 27, 27, 23, 0, 31]","""[0, 4, 10, 4, 9, 3, 11, 5, 2, 4, 7, 52, 0]"""
j10,1,proactive_quantile_0.9,600,True,20,0.14281296730041504,0.0002636909484863281,"[0, 0, 0, 0, 6, 2, 4, 11, 15, 17, 15, 0, 52]","""[0, 3, 6, 2, 5, 2, 5, 3, 2, 2, 3, 52, 0]"""
j10,1,reactive,600,True,16,0.14281296730041504,0.06587886810302734,"[0, 0, 0, 0, 6, 2, 4, 11, 14, 11, 9, 0, 16]","[0, 3, 6, 2, 5, 2, 5, 3, 2, 2, 3, 52, 0]"
j10,1,stnu,600,True,30,0.7913112640380859,0.005526542663574219,"[0, 0, 0, 0, 14, 5, 7, 14, 20, 20, 20, 0, 30]","""[0, 5, 9, 4, 5, 2, 7, 6, 3, 5, 10, 52, 0]"""
j10,1,proactive_quantile_0.9,600,True,31,0.0671534538269043,0.00030493736267089844,"[0, 0, 0, 0, 11, 6, 10, 17, 24, 20, 20, 0, 52]","""[0, 3, 11, 5, 6, 4, 7, 6, 2, 4, 7, 52, 0]"""
j10,1,reactive,600,True,27,0.0671534538269043,0.08633661270141602,"[0, 0, 0, 0, 11, 6, 10, 17, 24, 20, 20, 0, 27]","[0, 3, 11, 5, 6, 4, 7, 6, 2, 4, 7, 52, 0]"
j10,1,stnu,600,True,30,0.6878983974456787,0.0054132938385009766,"[0, 0, 0, 0, 17, 5, 9, 17, 23, 23, 23, 0, 30]","""[0, 3, 11, 5, 6, 4, 8, 6, 2, 4, 7, 52, 0]"""
j10,1,proactive_quantile_0.9,600,False,inf,0.0661163330078125,inf,"[0, 0, 0, 0, 11, 6, 10, 17, 24, 20, 20, 0, 52]","""[0, 3, 9, 7, 8, 2, 6, 6, 3, 4, 8, 52, 0]"""
j10,1,reactive,600,False,inf,inf,inf,null,"[0, 3, 9, 7, 8, 2, 6, 6, 3, 4, 8, 52, 0]"
j10,1,stnu,600,True,33,0.771345853805542,0.005216121673583984,"[0, 0, 0, 0, 19, 7, 9, 19, 27, 27, 25, 0, 33]","""[0, 3, 9, 7, 8, 2, 10, 6, 3, 4, 8, 52, 0]"""
j10,1,proactive_quantile_0.9,600,True,31,0.07074213027954102,0.000347137451171875,"[0, 0, 0, 0, 11, 6, 10, 17, 24, 20, 20, 0, 52]","""[0, 4, 9, 4, 8, 2, 5, 6, 2, 5, 8, 52, 0]"""
j10,1,reactive,600,True,28,0.07074213027954102,0.13289237022399902,"[0, 0, 0, 0, 11, 6, 10, 17, 24, 20, 20, 0, 28]","[0, 4, 9, 4, 8, 2, 5, 6, 2, 5, 8, 52, 0]"
j10,1,stnu,600,True,20,0.7568333148956299,0.005025625228881836,"[0, 0, 0, 0, 3, 2, 3, 12, 18, 8, 12, 0, 20]","""[0, 2, 3, 2, 5, 1, 9, 6, 2, 5, 3, 52, 0]"""
j10,1,proactive_quantile_0.9,600,True,20,0.14518308639526367,0.0002548694610595703,"[0, 0, 0, 0, 6, 2, 4, 11, 15, 17, 15, 0, 52]","""[0, 3, 4, 1, 9, 1, 6, 1, 2, 2, 2, 52, 0]"""
j10,1,reactive,600,True,19,0.14518308639526367,0.0985262393951416,"[0, 0, 0, 0, 6, 2, 4, 11, 15, 17, 15, 0, 19]","[0, 3, 4, 1, 9, 1, 6, 1, 2, 2, 2, 52, 0]"
j10,1,stnu,600,True,27,0.8263864517211914,0.005214214324951172,"[0, 0, 0, 0, 15, 5, 7, 15, 24, 24, 20, 0, 27]","""[0, 4, 9, 5, 9, 2, 8, 5, 3, 3, 6, 52, 0]"""
j10,1,proactive_quantile_0.9,600,True,31,0.06769442558288574,0.00029730796813964844,"[0, 0, 0, 0, 11, 6, 10, 17, 24, 20, 20, 0, 52]","""[0, 2, 11, 5, 9, 3, 6, 5, 2, 4, 11, 52, 0]"""
j10,1,reactive,600,True,31,0.06769442558288574,0.09374737739562988,"[0, 0, 0, 0, 11, 6, 10, 17, 22, 20, 20, 0, 31]","[0, 2, 11, 5, 9, 3, 6, 5, 2, 4, 11, 52, 0]"
j10,1,stnu,600,True,16,0.7975606918334961,0.00500035285949707,"[0, 0, 0, 0, 5, 1, 2, 10, 15, 9, 10, 0, 16]","""[0, 2, 5, 1, 4, 1, 8, 5, 1, 4, 3, 52, 0]"""
j10,1,proactive_quantile_0.9,600,True,31,0.06732773780822754,0.0003044605255126953,"[0, 0, 0, 0, 11, 6, 10, 17, 24, 20, 20, 0, 52]","""[0, 6, 10, 6, 8, 4, 7, 7, 4, 5, 8, 52, 0]"""
j10,1,reactive,600,True,28,0.06732773780822754,0.04903244972229004,"[0, 0, 0, 0, 11, 6, 10, 17, 24, 20, 20, 0, 28]","[0, 6, 10, 6, 8, 4, 7, 7, 4, 5, 8, 52, 0]"
j10,1,stnu,600,True,34,0.6776928901672363,0.005436420440673828,"[0, 0, 0, 0, 19, 6, 10, 19, 27, 27, 26, 0, 34]","""[0, 6, 10, 6, 8, 4, 9, 7, 4, 5, 8, 52, 0]"""
j10,1,proactive_quantile_0.9,600,True,31,0.055843353271484375,0.00029015541076660156,"[0, 0, 0, 0, 11, 6, 10, 17, 24, 20, 20, 0, 52]","""[0, 5, 8, 3, 7, 2, 5, 5, 2, 4, 10, 52, 0]"""
j10,1,reactive,600,True,30,0.055843353271484375,0.12200140953063965,"[0, 0, 0, 0, 11, 6, 10, 17, 24, 20, 20, 0, 30]","[0, 5, 8, 3, 7, 2, 5, 5, 2, 4, 10, 52, 0]"
j10,1,stnu,600,True,18,0.7855136394500732,0.005071163177490234,"[0, 0, 0, 0, 6, 1, 3, 12, 17, 9, 12, 0, 18]","""[0, 3, 6, 1, 3, 2, 9, 5, 1, 4, 3, 52, 0]"""
j10,1,proactive_quantile_0.9,600,True,31,0.06090497970581055,0.00031256675720214844,"[0, 0, 0, 0, 11, 6, 10, 17, 24, 20, 20, 0, 52]","""[0, 4, 7, 6, 9, 2, 4, 5, 2, 3, 10, 52, 0]"""
j10,1,reactive,600,True,30,0.06090497970581055,0.1072239875793457,"[0, 0, 0, 0, 11, 6, 10, 17, 24, 20, 20, 0, 30]","[0, 4, 7, 6, 9, 2, 4, 5, 2, 3, 10, 52, 0]"
j10,1,stnu,600,True,20,0.787175178527832,0.0048978328704833984,"[0, 0, 0, 0, 3, 1, 3, 13, 18, 10, 13, 0, 20]","""[0, 1, 3, 1, 7, 2, 10, 5, 2, 3, 4, 52, 0]"""
j10,1,proactive_quantile_0.9,600,True,15,0.054662227630615234,0.0005550384521484375,"[0, 0, 0, 0, 6, 2, 6, 6, 8, 6, 9, 0, 0, 0, 0, 86]","""[0, 1, 5, 4, 1, 2, 2, 2, 4, 1, 4, 86, 13, 86, 46, 0]"""
j10,1,reactive,600,True,13,0.054662227630615234,0.12877631187438965,"[0, 0, 0, 0, 6, 2, 6, 6, 8, 6, 9, 0, 0, 0, 0, 13]","[0, 1, 5, 4, 1, 2, 2, 2, 4, 1, 4, 86, 13, 86, 46, 0]"
j10,1,stnu,600,True,24,0.6883504390716553,0.007710456848144531,"[0, 0, 0, 0, 9, 6, 6, 9, 19, 11, 11, 0, 0, 0, 0, 24]","""[0, 6, 9, 5, 2, 5, 2, 8, 5, 8, 5, 86, 13, 86, 46, 0]"""
j10,1,proactive_quantile_0.9,600,True,15,0.12108302116394043,0.0005548000335693359,"[0, 0, 0, 0, 6, 2, 6, 6, 8, 6, 9, 0, 0, 0, 0, 86]","""[0, 1, 6, 3, 2, 3, 2, 2, 4, 1, 2, 86, 13, 86, 46, 0]"""
j10,1,reactive,600,True,12,0.12108302116394043,0.2326183319091797,"[0, 0, 0, 0, 6, 2, 6, 6, 8, 6, 9, 0, 0, 0, 0, 12]","[0, 1, 6, 3, 2, 3, 2, 2, 4, 1, 2, 86, 13, 86, 46, 0]"
j10,1,stnu,600,True,27,0.6407821178436279,0.0075871944427490234,"[0, 0, 0, 0, 9, 7, 7, 9, 21, 13, 10, 0, 0, 0, 0, 27]","""[0, 7, 8, 7, 1, 6, 2, 12, 6, 5, 7, 86, 13, 86, 46, 0]"""
j10,1,proactive_quantile_0.9,600,False,inf,0.05400490760803223,inf,"[0, 0, 0, 0, 6, 2, 6, 6, 8, 6, 9, 0, 0, 0, 0, 86]","""[0, 1, 4, 7, 1, 1, 1, 2, 4, 2, 4, 86, 13, 86, 46, 0]"""
j10,1,reactive,600,False,inf,inf,inf,null,"[0, 1, 4, 7, 1, 1, 1, 2, 4, 2, 4, 86, 13, 86, 46, 0]"
j10,1,stnu,600,True,22,0.7283625602722168,0.007727146148681641,"[0, 0, 0, 0, 9, 7, 7, 9, 18, 10, 11, 0, 0, 0, 0, 22]","""[0, 7, 9, 6, 2, 3, 1, 9, 4, 8, 5, 86, 13, 86, 46, 0]"""
j10,1,proactive_quantile_0.9,600,True,15,0.12830305099487305,0.0005621910095214844,"[0, 0, 0, 0, 6, 2, 6, 6, 8, 6, 9, 0, 0, 0, 0, 86]","""[0, 2, 4, 6, 2, 3, 1, 2, 4, 1, 4, 86, 13, 86, 46, 0]"""
j10,1,reactive,600,True,13,0.12830305099487305,0.07726097106933594,"[0, 0, 0, 0, 6, 2, 6, 6, 8, 6, 9, 0, 0, 0, 0, 13]","[0, 2, 4, 6, 2, 3, 1, 2, 4, 1, 4, 86, 13, 86, 46, 0]"
j10,1,stnu,600,True,26,0.6952290534973145,0.0075702667236328125,"[0, 0, 0, 0, 11, 7, 7, 11, 20, 11, 13, 0, 0, 0, 0, 26]","""[0, 4, 11, 7, 2, 4, 1, 9, 6, 7, 6, 86, 13, 86, 46, 0]"""
j10,1,proactive_quantile_0.9,600,True,22,0.06446528434753418,0.0005953311920166016,"[0, 0, 0, 0, 11, 8, 8, 11, 14, 13, 14, 0, 0, 0, 0, 86]","""[0, 6, 10, 6, 2, 4, 2, 1, 4, 6, 5, 86, 13, 86, 46, 0]"""
j10,1,reactive,600,True,19,0.06446528434753418,0.12048077583312988,"[0, 0, 0, 0, 11, 8, 8, 11, 14, 13, 14, 0, 0, 0, 0, 19]","[0, 6, 10, 6, 2, 4, 2, 1, 4, 6, 5, 86, 13, 86, 46, 0]"
j10,1,stnu,600,True,23,0.7868480682373047,0.007703304290771484,"[0, 0, 0, 0, 10, 6, 6, 10, 19, 10, 12, 0, 0, 0, 0, 23]","""[0, 6, 10, 6, 2, 4, 2, 9, 4, 6, 5, 86, 13, 86, 46, 0]"""
j10,1,proactive_quantile_0.9,600,True,15,0.06097102165222168,0.0006191730499267578,"[0, 0, 0, 0, 6, 2, 6, 6, 8, 6, 9, 0, 0, 0, 0, 86]","""[0, 1, 6, 5, 2, 3, 2, 2, 4, 1, 5, 86, 13, 86, 46, 0]"""
j10,1,reactive,600,True,14,0.06097102165222168,0.09435200691223145,"[0, 0, 0, 0, 6, 2, 6, 6, 8, 6, 9, 0, 0, 0, 0, 14]","[0, 1, 6, 5, 2, 3, 2, 2, 4, 1, 5, 86, 13, 86, 46, 0]"
j10,1,stnu,600,True,28,0.6392822265625,0.007859468460083008,"[0, 0, 0, 0, 11, 6, 6, 11, 21, 11, 14, 0, 0, 0, 0, 28]","""[0, 6, 11, 4, 3, 3, 2, 10, 7, 6, 4, 86, 13, 86, 46, 0]"""
j10,1,proactive_quantile_0.9,600,True,15,0.10181188583374023,0.0005643367767333984,"[0, 0, 0, 0, 6, 2, 6, 6, 8, 6, 9, 0, 0, 0, 0, 86]","""[0, 2, 5, 4, 2, 2, 2, 1, 4, 1, 6, 86, 13, 86, 46, 0]"""
j10,1,reactive,600,True,15,0.10181188583374023,0.11279177665710449,"[0, 0, 0, 0, 6, 2, 6, 6, 8, 6, 9, 0, 0, 0, 0, 15]","[0, 2, 5, 4, 2, 2, 2, 1, 4, 1, 6, 86, 13, 86, 46, 0]"
j10,1,stnu,600,True,23,0.7570490837097168,0.007537364959716797,"[0, 0, 0, 0, 9, 7, 7, 9, 17, 12, 11, 0, 0, 0, 0, 23]","""[0, 6, 9, 7, 2, 5, 2, 7, 6, 5, 6, 86, 13, 86, 46, 0]"""
j10,1,proactive_quantile_0.9,600,True,22,0.05280590057373047,0.0006151199340820312,"[0, 0, 0, 0, 11, 8, 8, 11, 14, 13, 14, 0, 0, 0, 0, 86]","""[0, 7, 13, 7, 3, 4, 3, 2, 4, 6, 6, 86, 13, 86, 46, 0]"""
j10,1,reactive,600,False,inf,inf,inf,null,"[0, 7, 13, 7, 3, 4, 3, 2, 4, 6, 6, 86, 13, 86, 46, 0]"
j10,1,stnu,600,True,26,0.684995174407959,0.007556438446044922,"[0, 0, 0, 0, 13, 7, 7, 13, 22, 13, 16, 0, 0, 0, 0, 26]","""[0, 7, 13, 7, 3, 4, 3, 9, 4, 6, 6, 86, 13, 86, 46, 0]"""
j10,1,proactive_quantile_0.9,600,True,15,0.0607609748840332,0.0005753040313720703,"[0, 0, 0, 0, 6, 2, 6, 6, 8, 6, 9, 0, 0, 0, 0, 86]","""[0, 2, 3, 4, 2, 3, 2, 2, 4, 2, 4, 86, 13, 86, 46, 0]"""
j10,1,reactive,600,True,13,0.0607609748840332,0.08965492248535156,"[0, 0, 0, 0, 6, 2, 6, 6, 8, 6, 9, 0, 0, 0, 0, 13]","[0, 2, 3, 4, 2, 3, 2, 2, 4, 2, 4, 86, 13, 86, 46, 0]"
j10,1,stnu,600,True,24,0.6516969203948975,0.007588863372802734,"[0, 0, 0, 0, 10, 7, 7, 10, 20, 13, 12, 0, 0, 0, 0, 24]","""[0, 7, 10, 5, 2, 6, 2, 9, 4, 7, 5, 86, 13, 86, 46, 0]"""
j10,1,proactive_quantile_0.9,600,True,15,0.061382293701171875,0.0005638599395751953,"[0, 0, 0, 0, 6, 2, 6, 6, 8, 6, 9, 0, 0, 0, 0, 86]","""[0, 2, 6, 6, 2, 4, 2, 1, 3, 1, 5, 86, 13, 86, 46, 0]"""
j10,1,reactive,600,True,14,0.061382293701171875,0.051587581634521484,"[0, 0, 0, 0, 6, 2, 6, 6, 8, 6, 9, 0, 0, 0, 0, 14]","[0, 2, 6, 6, 2, 4, 2, 1, 3, 1, 5, 86, 13, 86, 46, 0]"
j10,1,stnu,600,True,25,0.687018871307373,0.007643461227416992,"[0, 0, 0, 0, 9, 7, 7, 9, 19, 12, 12, 0, 0, 0, 0, 25]","""[0, 6, 8, 7, 3, 5, 2, 8, 6, 7, 6, 86, 13, 86, 46, 0]"""
j10,1,proactive_quantile_0.9,600,True,20,0.05505847930908203,0.0002448558807373047,"[0, 0, 0, 0, 7, 10, 13, 10, 18, 15, 13, 0, 34]","""[0, 4, 4, 9, 2, 1, 1, 2, 1, 2, 4, 34, 0]"""
j10,1,reactive,600,True,17,0.05505847930908203,0.15463614463806152,"[0, 0, 0, 0, 7, 10, 13, 10, 12, 15, 13, 0, 17]","[0, 4, 4, 9, 2, 1, 1, 2, 1, 2, 4, 34, 0]"
j10,1,stnu,600,True,21,0.7916295528411865,0.005502223968505859,"[0, 0, 0, 11, 4, 4, 16, 6, 8, 17, 8, 0, 21]","""[0, 4, 4, 5, 2, 4, 1, 2, 1, 4, 3, 34, 0]"""
j10,1,proactive_quantile_0.9,600,True,20,0.1639242172241211,0.00021505355834960938,"[0, 0, 0, 0, 7, 10, 13, 10, 18, 15, 13, 0, 34]","""[0, 5, 5, 10, 2, 2, 2, 2, 1, 3, 4, 34, 0]"""
j10,1,reactive,600,True,18,0.1639242172241211,0.11456155776977539,"[0, 0, 0, 0, 7, 10, 13, 10, 12, 15, 13, 0, 18]","[0, 5, 5, 10, 2, 2, 2, 2, 1, 3, 4, 34, 0]"
j10,1,stnu,600,True,21,0.7561495304107666,0.00558161735534668,"[0, 0, 0, 11, 5, 5, 15, 8, 10, 17, 8, 0, 21]","""[0, 5, 5, 4, 3, 3, 2, 2, 1, 4, 3, 34, 0]"""
j10,1,proactive_quantile_0.9,600,True,20,0.08260822296142578,0.00022077560424804688,"[0, 0, 0, 0, 7, 10, 13, 10, 18, 15, 13, 0, 34]","""[0, 5, 3, 7, 1, 2, 1, 1, 2, 2, 5, 34, 0]"""
j10,1,reactive,600,True,19,0.08260822296142578,0.14732909202575684,"[0, 0, 0, 0, 7, 10, 8, 10, 17, 17, 12, 0, 19]","[0, 5, 3, 7, 1, 2, 1, 1, 2, 2, 5, 34, 0]"
j10,1,stnu,600,True,29,0.6634669303894043,0.005543708801269531,"[0, 0, 6, 0, 6, 13, 13, 7, 27, 22, 16, 0, 29]","""[0, 6, 7, 3, 1, 3, 2, 2, 2, 5, 6, 34, 0]"""
j10,1,proactive_quantile_0.9,600,True,20,0.16775274276733398,0.00023412704467773438,"[0, 0, 0, 0, 7, 10, 13, 10, 18, 15, 13, 0, 34]","""[0, 5, 7, 9, 2, 3, 2, 1, 1, 3, 4, 34, 0]"""
j10,1,reactive,600,True,18,0.16775274276733398,0.10446286201477051,"[0, 0, 0, 0, 7, 10, 13, 10, 17, 15, 13, 0, 18]","[0, 5, 7, 9, 2, 3, 2, 1, 1, 3, 4, 34, 0]"
j10,1,stnu,600,True,27,0.7062337398529053,0.005720853805541992,"[0, 0, 5, 0, 6, 12, 12, 8, 26, 21, 15, 0, 27]","""[0, 5, 7, 6, 2, 3, 2, 3, 1, 5, 6, 34, 0]"""
j10,1,proactive_quantile_0.9,600,True,30,0.1770308017730713,0.00026917457580566406,"[0, 0, 13, 0, 7, 7, 25, 11, 22, 27, 11, 0, 34]","""[0, 7, 8, 4, 3, 1, 2, 1, 6, 2, 4, 34, 0]"""
j10,1,reactive,600,True,29,0.1770308017730713,0.10345315933227539,"[0, 0, 13, 0, 7, 7, 25, 11, 22, 27, 11, 0, 29]","[0, 7, 8, 4, 3, 1, 2, 1, 6, 2, 4, 34, 0]"
j10,1,stnu,600,True,31,0.5895698070526123,0.005591392517089844,"[0, 0, 7, 0, 7, 14, 14, 10, 30, 25, 18, 0, 31]","""[0, 7, 7, 4, 3, 4, 2, 1, 1, 5, 7, 34, 0]"""
j10,1,proactive_quantile_0.9,600,True,20,0.05822896957397461,0.00022721290588378906,"[0, 0, 0, 0, 7, 10, 13, 10, 18, 15, 13, 0, 34]","""[0, 4, 5, 11, 2, 1, 1, 1, 2, 1, 4, 34, 0]"""
j10,1,reactive,600,True,17,0.05822896957397461,0.12541437149047852,"[0, 0, 0, 0, 7, 10, 13, 10, 11, 14, 13, 0, 17]","[0, 4, 5, 11, 2, 1, 1, 1, 2, 1, 4, 34, 0]"
j10,1,stnu,600,True,30,0.8121654987335205,0.005562543869018555,"[0, 0, 8, 0, 8, 16, 16, 9, 28, 25, 21, 0, 30]","""[0, 8, 8, 6, 1, 5, 1, 2, 2, 3, 4, 34, 0]"""
j10,1,proactive_quantile_0.9,600,True,20,0.055036306381225586,0.00022554397583007812,"[0, 0, 0, 0, 7, 10, 13, 10, 18, 15, 13, 0, 34]","""[0, 5, 4, 11, 1, 2, 1, 1, 2, 1, 3, 34, 0]"""
j10,1,reactive,600,True,18,0.055036306381225586,0.11638689041137695,"[0, 0, 0, 0, 7, 10, 13, 10, 16, 14, 13, 0, 18]","[0, 5, 4, 11, 1, 2, 1, 1, 2, 1, 3, 34, 0]"
j10,1,stnu,600,True,28,0.683037519454956,0.005544900894165039,"[0, 0, 6, 0, 6, 12, 12, 9, 26, 21, 16, 0, 28]","""[0, 6, 6, 6, 3, 4, 3, 1, 2, 5, 5, 34, 0]"""
j10,1,proactive_quantile_0.9,600,False,inf,0.03955197334289551,inf,"[0, 0, 0, 0, 7, 10, 13, 10, 18, 15, 13, 0, 34]","""[0, 6, 5, 10, 2, 3, 2, 1, 2, 1, 6, 34, 0]"""
j10,1,reactive,600,False,inf,inf,inf,null,"[0, 6, 5, 10, 2, 3, 2, 1, 2, 1, 6, 34, 0]"
j10,1,stnu,600,True,25,0.7354471683502197,0.005575656890869141,"[0, 0, 4, 0, 4, 11, 11, 6, 23, 20, 15, 0, 25]","""[0, 4, 7, 3, 2, 4, 3, 2, 2, 3, 5, 34, 0]"""
j10,1,proactive_quantile_0.9,600,False,inf,0.1372692584991455,inf,"[0, 0, 0, 0, 7, 10, 13, 10, 18, 15, 13, 0, 34]","""[0, 4, 4, 9, 2, 2, 1, 1, 1, 2, 6, 34, 0]"""
j10,1,reactive,600,False,inf,inf,inf,null,"[0, 4, 4, 9, 2, 2, 1, 1, 1, 2, 6, 34, 0]"
j10,1,stnu,600,True,28,0.7441694736480713,0.00562739372253418,"[0, 0, 5, 0, 5, 12, 12, 9, 27, 22, 15, 0, 28]","""[0, 5, 7, 5, 4, 3, 2, 3, 1, 5, 7, 34, 0]"""
j10,1,proactive_quantile_0.9,600,True,20,0.06493735313415527,0.00023508071899414062,"[0, 0, 0, 0, 7, 10, 13, 10, 18, 15, 13, 0, 34]","""[0, 5, 5, 10, 2, 2, 1, 1, 2, 3, 5, 34, 0]"""
j10,1,reactive,600,True,19,0.06493735313415527,0.12221455574035645,"[0, 0, 0, 0, 7, 10, 12, 10, 17, 16, 12, 0, 19]","[0, 5, 5, 10, 2, 2, 1, 1, 2, 3, 5, 34, 0]"
j10,1,stnu,600,True,27,0.7259442806243896,0.0055997371673583984,"[0, 0, 6, 0, 6, 13, 13, 8, 25, 20, 16, 0, 27]","""[0, 6, 7, 3, 2, 3, 2, 2, 2, 5, 4, 34, 0]"""
j10,1,proactive_quantile_0.9,600,True,17,0.05204963684082031,0.0008821487426757812,"[0, 0, 0, 0, 2, 7, 10, 4, 10, 13, 10, 0, 0, 0, 0, 0, 0, 0, 0, 79]","""[0, 1, 4, 5, 1, 2, 1, 3, 2, 1, 6, 79, 31, 41, 26, 18, 62, 69, 77, 0]"""
j10,1,reactive,600,True,16,0.05204963684082031,0.12417030334472656,"[0, 0, 0, 0, 2, 7, 10, 4, 10, 13, 10, 0, 0, 0, 0, 0, 0, 0, 0, 16]","[0, 1, 4, 5, 1, 2, 1, 3, 2, 1, 6, 79, 31, 41, 26, 18, 62, 69, 77, 0]"
j10,1,stnu,600,True,13,0.736464262008667,0.011994361877441406,"[0, 0, 0, 0, 1, 5, 7, 2, 7, 9, 7, 0, 0, 0, 0, 0, 0, 0, 0, 13]","""[0, 1, 4, 5, 1, 2, 1, 3, 2, 1, 6, 79, 31, 41, 26, 18, 62, 69, 77, 0]"""
j10,1,proactive_quantile_0.9,600,True,17,0.06490325927734375,0.0008919239044189453,"[0, 0, 0, 0, 2, 7, 10, 4, 10, 13, 10, 0, 0, 0, 0, 0, 0, 0, 0, 79]","""[0, 2, 5, 5, 2, 3, 2, 4, 1, 1, 7, 79, 31, 41, 26, 18, 62, 69, 77, 0]"""
j10,1,reactive,600,True,17,0.06490325927734375,0.05734562873840332,"[0, 0, 0, 0, 2, 7, 10, 4, 10, 12, 10, 0, 0, 0, 0, 0, 0, 0, 0, 17]","[0, 2, 5, 5, 2, 3, 2, 4, 1, 1, 7, 79, 31, 41, 26, 18, 62, 69, 77, 0]"
j10,1,stnu,600,False,inf,0.6842677593231201,inf,[],"""[0, 5, 5, 6, 9, 4, 2, 4, 5, 1, 7, 79, 31, 41, 26, 18, 62, 69, 77, 0]"""
j10,1,proactive_quantile_0.9,600,True,17,0.1554875373840332,0.0008857250213623047,"[0, 0, 0, 0, 2, 7, 10, 4, 10, 13, 10, 0, 0, 0, 0, 0, 0, 0, 0, 79]","""[0, 2, 6, 5, 2, 1, 2, 2, 2, 2, 5, 79, 31, 41, 26, 18, 62, 69, 77, 0]"""
j10,1,reactive,600,True,15,0.1554875373840332,0.16613531112670898,"[0, 0, 0, 0, 2, 7, 10, 4, 10, 12, 10, 0, 0, 0, 0, 0, 0, 0, 0, 15]","[0, 2, 6, 5, 2, 1, 2, 2, 2, 2, 5, 79, 31, 41, 26, 18, 62, 69, 77, 0]"
j10,1,stnu,600,False,inf,0.6832523345947266,inf,[],"""[0, 4, 6, 5, 9, 5, 2, 4, 6, 2, 5, 79, 31, 41, 26, 18, 62, 69, 77, 0]"""
j10,1,proactive_quantile_0.9,600,True,17,0.1528031826019287,0.00087738037109375,"[0, 0, 0, 0, 2, 7, 10, 4, 10, 13, 10, 0, 0, 0, 0, 0, 0, 0, 0, 79]","""[0, 1, 5, 4, 1, 1, 3, 2, 1, 1, 6, 79, 31, 41, 26, 18, 62, 69, 77, 0]"""
j10,1,reactive,600,True,16,0.1528031826019287,0.11828255653381348,"[0, 0, 0, 0, 2, 7, 10, 4, 10, 13, 10, 0, 0, 0, 0, 0, 0, 0, 0, 16]","[0, 1, 5, 4, 1, 1, 3, 2, 1, 1, 6, 79, 31, 41, 26, 18, 62, 69, 77, 0]"
j10,1,stnu,600,False,inf,0.6786284446716309,inf,[],"""[0, 4, 5, 6, 10, 6, 3, 5, 6, 1, 6, 79, 31, 41, 26, 18, 62, 69, 77, 0]"""
j10,1,proactive_quantile_0.9,600,True,17,0.04829120635986328,0.0008933544158935547,"[0, 0, 0, 0, 2, 7, 10, 4, 10, 13, 10, 0, 0, 0, 0, 0, 0, 0, 0, 79]","""[0, 1, 7, 5, 2, 1, 1, 3, 2, 2, 7, 79, 31, 41, 26, 18, 62, 69, 77, 0]"""
j10,1,reactive,600,True,15,0.04829120635986328,0.06084179878234863,"[0, 0, 0, 0, 2, 7, 8, 4, 8, 13, 8, 0, 0, 0, 0, 0, 0, 0, 0, 15]","[0, 1, 7, 5, 2, 1, 1, 3, 2, 2, 7, 79, 31, 41, 26, 18, 62, 69, 77, 0]"
j10,1,stnu,600,False,inf,0.6587460041046143,inf,[],"""[0, 3, 7, 4, 8, 5, 1, 5, 4, 2, 7, 79, 31, 41, 26, 18, 62, 69, 77, 0]"""
j10,1,proactive_quantile_0.9,600,True,17,0.05613589286804199,0.0008745193481445312,"[0, 0, 0, 0, 2, 7, 10, 4, 10, 13, 10, 0, 0, 0, 0, 0, 0, 0, 0, 79]","""[0, 2, 6, 2, 1, 3, 3, 3, 2, 2, 5, 79, 31, 41, 26, 18, 62, 69, 77, 0]"""
j10,1,reactive,600,True,15,0.05613589286804199,0.06401515007019043,"[0, 0, 0, 0, 2, 7, 10, 4, 10, 13, 10, 0, 0, 0, 0, 0, 0, 0, 0, 15]","[0, 2, 6, 2, 1, 3, 3, 3, 2, 2, 5, 79, 31, 41, 26, 18, 62, 69, 77, 0]"
j10,1,stnu,600,False,inf,0.636019229888916,inf,[],"""[0, 5, 6, 6, 9, 3, 3, 6, 4, 2, 5, 79, 31, 41, 26, 18, 62, 69, 77, 0]"""
j10,1,proactive_quantile_0.9,600,True,17,0.0506892204284668,0.0008974075317382812,"[0, 0, 0, 0, 2, 7, 10, 4, 10, 13, 10, 0, 0, 0, 0, 0, 0, 0, 0, 79]","""[0, 1, 5, 4, 2, 2, 2, 3, 2, 2, 4, 79, 31, 41, 26, 18, 62, 69, 77, 0]"""
j10,1,reactive,600,True,14,0.0506892204284668,0.08478331565856934,"[0, 0, 0, 0, 2, 7, 10, 4, 10, 12, 10, 0, 0, 0, 0, 0, 0, 0, 0, 14]","[0, 1, 5, 4, 2, 2, 2, 3, 2, 2, 4, 79, 31, 41, 26, 18, 62, 69, 77, 0]"
j10,1,stnu,600,True,12,0.7426583766937256,0.011915206909179688,"[0, 0, 0, 0, 1, 6, 8, 3, 8, 10, 8, 0, 0, 0, 0, 0, 0, 0, 0, 12]","""[0, 1, 5, 4, 2, 2, 2, 3, 2, 2, 4, 79, 31, 41, 26, 18, 62, 69, 77, 0]"""
j10,1,proactive_quantile_0.9,600,True,17,0.14679312705993652,0.0009229183197021484,"[0, 0, 0, 0, 2, 7, 10, 4, 10, 13, 10, 0, 0, 0, 0, 0, 0, 0, 0, 79]","""[0, 2, 5, 6, 2, 3, 3, 2, 2, 2, 5, 79, 31, 41, 26, 18, 62, 69, 77, 0]"""
j10,1,reactive,600,True,15,0.14679312705993652,0.03207588195800781,"[0, 0, 0, 0, 2, 7, 10, 4, 10, 13, 10, 0, 0, 0, 0, 0, 0, 0, 0, 15]","[0, 2, 5, 6, 2, 3, 3, 2, 2, 2, 5, 79, 31, 41, 26, 18, 62, 69, 77, 0]"
j10,1,stnu,600,False,inf,0.622314453125,inf,[],"""[0, 4, 5, 6, 7, 7, 3, 6, 5, 2, 5, 79, 31, 41, 26, 18, 62, 69, 77, 0]"""
j10,1,proactive_quantile_0.9,600,True,17,0.05677437782287598,0.0009140968322753906,"[0, 0, 0, 0, 2, 7, 10, 4, 10, 13, 10, 0, 0, 0, 0, 0, 0, 0, 0, 79]","""[0, 2, 7, 3, 1, 3, 3, 2, 1, 2, 5, 79, 31, 41, 26, 18, 62, 69, 77, 0]"""
j10,1,reactive,600,True,15,0.05677437782287598,0.06202197074890137,"[0, 0, 0, 0, 2, 7, 10, 4, 10, 13, 10, 0, 0, 0, 0, 0, 0, 0, 0, 15]","[0, 2, 7, 3, 1, 3, 3, 2, 1, 2, 5, 79, 31, 41, 26, 18, 62, 69, 77, 0]"
j10,1,stnu,600,True,15,0.7053918838500977,0.012067079544067383,"[0, 0, 0, 0, 2, 7, 10, 3, 10, 13, 10, 0, 0, 0, 0, 0, 0, 0, 0, 15]","""[0, 2, 7, 3, 1, 3, 3, 2, 1, 2, 5, 79, 31, 41, 26, 18, 62, 69, 77, 0]"""
j10,1,proactive_quantile_0.9,600,True,17,0.14160943031311035,0.0009350776672363281,"[0, 0, 0, 0, 2, 7, 10, 4, 10, 13, 10, 0, 0, 0, 0, 0, 0, 0, 0, 79]","""[0, 2, 6, 5, 2, 2, 2, 4, 2, 1, 5, 79, 31, 41, 26, 18, 62, 69, 77, 0]"""
j10,1,reactive,600,True,15,0.14160943031311035,0.05886030197143555,"[0, 0, 0, 0, 2, 7, 10, 4, 10, 13, 10, 0, 0, 0, 0, 0, 0, 0, 0, 15]","[0, 2, 6, 5, 2, 2, 2, 4, 2, 1, 5, 79, 31, 41, 26, 18, 62, 69, 77, 0]"
j10,1,stnu,600,True,15,0.640125036239624,0.011915206909179688,"[0, 0, 0, 0, 2, 8, 10, 4, 10, 12, 10, 0, 0, 0, 0, 0, 0, 0, 0, 15]","""[0, 2, 6, 5, 2, 2, 2, 4, 2, 1, 5, 79, 31, 41, 26, 18, 62, 69, 77, 0]"""
j10,1,proactive_quantile_0.9,600,True,36,0.059822797775268555,0.0003209114074707031,"[0, 0, 7, 0, 13, 18, 13, 18, 25, 25, 25, 0, 73]","""[0, 5, 5, 7, 3, 3, 8, 5, 9, 8, 1, 73, 0]"""
j10,1,reactive,600,True,34,0.059822797775268555,0.13719773292541504,"[0, 0, 7, 0, 13, 18, 13, 18, 25, 25, 25, 0, 34]","[0, 5, 5, 7, 3, 3, 8, 5, 9, 8, 1, 73, 0]"
j10,1,stnu,600,True,27,0.6402461528778076,0.0053408145904541016,"[0, 5, 0, 0, 10, 5, 8, 13, 18, 18, 8, 0, 27]","""[0, 5, 5, 7, 3, 3, 8, 5, 9, 8, 1, 73, 0]"""
j10,1,proactive_quantile_0.9,600,True,36,0.06567788124084473,0.00034928321838378906,"[0, 0, 7, 0, 13, 18, 13, 18, 25, 25, 25, 0, 73]","""[0, 7, 5, 8, 4, 1, 10, 7, 9, 11, 1, 73, 0]"""
j10,1,reactive,600,True,36,0.06567788124084473,0.08548378944396973,"[0, 0, 7, 0, 13, 18, 13, 18, 25, 25, 25, 0, 36]","[0, 7, 5, 8, 4, 1, 10, 7, 9, 11, 1, 73, 0]"
j10,1,stnu,600,True,26,0.6584146022796631,0.005508899688720703,"[0, 0, 0, 0, 6, 4, 4, 13, 17, 16, 5, 0, 26]","""[0, 5, 4, 2, 7, 1, 10, 3, 9, 1, 1, 73, 0]"""
j10,1,proactive_quantile_0.9,600,True,36,0.05069327354431152,0.00032830238342285156,"[0, 0, 7, 0, 13, 18, 13, 18, 25, 25, 25, 0, 73]","""[0, 6, 4, 7, 4, 2, 9, 6, 9, 8, 2, 73, 0]"""
j10,1,reactive,600,True,34,0.05069327354431152,0.11929869651794434,"[0, 0, 7, 0, 13, 18, 13, 18, 25, 25, 25, 0, 34]","[0, 6, 4, 7, 4, 2, 9, 6, 9, 8, 2, 73, 0]"
j10,1,stnu,600,True,32,0.6796338558197021,0.005505084991455078,"[0, 0, 0, 0, 7, 2, 2, 14, 21, 20, 3, 0, 32]","""[0, 7, 2, 2, 7, 1, 9, 6, 11, 1, 2, 73, 0]"""
j10,1,proactive_quantile_0.9,600,True,32,0.056308746337890625,0.0003113746643066406,"[0, 0, 0, 0, 8, 5, 5, 16, 21, 21, 7, 0, 73]","""[0, 7, 4, 1, 7, 2, 9, 3, 8, 3, 2, 73, 0]"""
j10,1,reactive,600,True,29,0.056308746337890625,0.09196949005126953,"[0, 0, 0, 0, 8, 5, 5, 16, 21, 21, 7, 0, 29]","[0, 7, 4, 1, 7, 2, 9, 3, 8, 3, 2, 73, 0]"
j10,1,stnu,600,True,28,0.6744115352630615,0.00524592399597168,"[0, 5, 0, 0, 11, 5, 7, 15, 19, 19, 7, 0, 28]","""[0, 6, 5, 7, 4, 2, 9, 4, 8, 9, 1, 73, 0]"""
j10,1,proactive_quantile_0.9,600,False,inf,0.0652151107788086,inf,"[0, 0, 7, 0, 13, 18, 13, 18, 25, 25, 25, 0, 73]","""[0, 6, 4, 7, 3, 2, 10, 8, 11, 8, 1, 73, 0]"""
j10,1,reactive,600,False,inf,inf,inf,null,"[0, 6, 4, 7, 3, 2, 10, 8, 11, 8, 1, 73, 0]"
j10,1,stnu,600,True,28,0.6730551719665527,0.00548863410949707,"[0, 0, 0, 0, 8, 3, 3, 13, 19, 17, 4, 0, 28]","""[0, 8, 3, 1, 5, 1, 10, 4, 9, 2, 1, 73, 0]"""
j10,1,proactive_quantile_0.9,600,True,36,0.06312990188598633,0.0003466606140136719,"[0, 0, 7, 0, 13, 18, 13, 18, 25, 25, 25, 0, 73]","""[0, 6, 5, 5, 5, 3, 10, 6, 9, 8, 2, 73, 0]"""
j10,1,reactive,600,True,34,0.06312990188598633,0.10685968399047852,"[0, 0, 7, 0, 13, 18, 13, 18, 25, 25, 25, 0, 34]","[0, 6, 5, 5, 5, 3, 10, 6, 9, 8, 2, 73, 0]"
j10,1,stnu,600,True,28,0.74212646484375,0.005509376525878906,"[0, 0, 0, 0, 8, 5, 5, 15, 21, 19, 6, 0, 28]","""[0, 7, 5, 1, 7, 1, 10, 4, 7, 2, 2, 73, 0]"""
j10,1,proactive_quantile_0.9,600,True,32,0.06746125221252441,0.00032138824462890625,"[0, 0, 0, 0, 8, 5, 5, 16, 21, 21, 7, 0, 73]","""[0, 5, 5, 2, 7, 2, 7, 5, 9, 2, 1, 73, 0]"""
j10,1,reactive,600,True,30,0.06746125221252441,0.08172750473022461,"[0, 0, 0, 0, 8, 5, 5, 16, 21, 21, 7, 0, 30]","[0, 5, 5, 2, 7, 2, 7, 5, 9, 2, 1, 73, 0]"
j10,1,stnu,600,True,29,0.7829422950744629,0.005226850509643555,"[0, 4, 0, 0, 9, 4, 7, 14, 19, 19, 7, 0, 29]","""[0, 5, 4, 6, 5, 3, 7, 5, 9, 10, 2, 73, 0]"""
j10,1,proactive_quantile_0.9,600,True,32,0.052644968032836914,0.0003159046173095703,"[0, 0, 0, 0, 8, 5, 5, 16, 21, 21, 7, 0, 73]","""[0, 6, 3, 2, 6, 1, 9, 2, 9, 1, 1, 73, 0]"""
j10,1,reactive,600,True,30,0.052644968032836914,0.12286543846130371,"[0, 0, 0, 0, 8, 5, 5, 16, 21, 21, 7, 0, 30]","[0, 6, 3, 2, 6, 1, 9, 2, 9, 1, 1, 73, 0]"
j10,1,stnu,600,True,29,0.6655559539794922,0.005335569381713867,"[0, 6, 0, 0, 10, 6, 10, 13, 19, 19, 10, 0, 29]","""[0, 4, 6, 8, 3, 4, 9, 5, 9, 10, 2, 73, 0]"""
j10,1,proactive_quantile_0.9,600,True,33,0.15109753608703613,0.000339508056640625,"[0, 0, 0, 0, 7, 7, 11, 12, 22, 17, 11, 0, 73]","""[0, 7, 5, 7, 4, 2, 9, 4, 10, 1, 1, 73, 0]"""
j10,1,reactive,600,True,32,0.15109753608703613,0.1064760684967041,"[0, 0, 0, 0, 7, 7, 11, 12, 22, 17, 11, 0, 32]","[0, 7, 5, 7, 4, 2, 9, 4, 10, 1, 1, 73, 0]"
j10,1,stnu,600,True,31,0.6575510501861572,0.005517482757568359,"[0, 0, 0, 0, 9, 3, 3, 17, 24, 21, 5, 0, 31]","""[0, 9, 3, 1, 8, 2, 9, 4, 7, 3, 1, 73, 0]"""
j10,1,proactive_quantile_0.9,600,True,32,0.06537437438964844,0.0003333091735839844,"[0, 0, 0, 0, 8, 5, 5, 16, 21, 21, 7, 0, 73]","""[0, 6, 5, 2, 5, 2, 12, 3, 11, 3, 2, 73, 0]"""
j10,1,reactive,600,True,30,0.06537437438964844,0.044883012771606445,"[0, 0, 0, 0, 8, 5, 5, 16, 19, 19, 7, 0, 30]","[0, 6, 5, 2, 5, 2, 12, 3, 11, 3, 2, 73, 0]"
j10,1,stnu,600,True,29,0.6603395938873291,0.005575656890869141,"[0, 0, 0, 0, 8, 5, 5, 13, 20, 17, 7, 0, 29]","""[0, 6, 5, 2, 5, 2, 12, 3, 9, 3, 1, 73, 0]"""
j10,1,proactive_quantile_0.9,600,True,30,0.05435037612915039,0.0005049705505371094,"[0, 0, 0, 0, 5, 12, 5, 10, 18, 23, 5, 0, 0, 0, 0, 71]","""[0, 3, 4, 11, 6, 7, 3, 6, 3, 8, 5, 55, 18, 71, 24, 0]"""
j10,1,reactive,600,True,31,0.05435037612915039,0.08510541915893555,"[0, 0, 0, 0, 5, 12, 5, 10, 18, 23, 5, 0, 0, 0, 0, 31]","[0, 3, 4, 11, 6, 7, 3, 6, 3, 8, 5, 55, 18, 71, 24, 0]"
j10,1,stnu,600,False,inf,0.5968978404998779,inf,[],"""[0, 3, 4, 11, 4, 7, 3, 6, 3, 8, 5, 55, 18, 71, 24, 0]"""
j10,1,proactive_quantile_0.9,600,False,inf,0.0551755428314209,inf,"[0, 0, 0, 0, 5, 12, 5, 10, 18, 23, 5, 0, 0, 0, 0, 71]","""[0, 4, 5, 8, 6, 10, 4, 8, 7, 6, 6, 55, 18, 71, 24, 0]"""
j10,1,reactive,600,False,inf,0.0551755428314209,0.07141709327697754,"[0, 0, 0, 0, 5, 12, 5, 10, 18, 23, 5, 0, 0, 0, 0, 29]","[0, 4, 5, 8, 6, 10, 4, 8, 7, 6, 6, 55, 18, 71, 24, 0]"
j10,1,stnu,600,False,inf,0.6724019050598145,inf,[],"""[0, 4, 5, 8, 5, 10, 4, 8, 7, 6, 6, 55, 18, 71, 24, 0]"""
j10,1,proactive_quantile_0.9,600,True,30,0.05405902862548828,0.0005185604095458984,"[0, 0, 0, 0, 5, 12, 5, 10, 18, 23, 5, 0, 0, 0, 0, 71]","""[0, 5, 4, 6, 8, 9, 3, 8, 6, 6, 4, 55, 18, 71, 24, 0]"""
j10,1,reactive,600,False,inf,inf,inf,null,"[0, 5, 4, 6, 8, 9, 3, 8, 6, 6, 4, 55, 18, 71, 24, 0]"
j10,1,stnu,600,False,inf,0.6224648952484131,inf,[],"""[0, 5, 4, 6, 2, 9, 3, 8, 6, 6, 4, 55, 18, 71, 24, 0]"""
j10,1,proactive_quantile_0.9,600,False,inf,0.05517888069152832,inf,"[0, 0, 0, 0, 5, 12, 5, 10, 18, 23, 5, 0, 0, 0, 0, 71]","""[0, 2, 5, 9, 6, 9, 4, 6, 7, 5, 4, 55, 18, 71, 24, 0]"""
j10,1,reactive,600,False,inf,0.05517888069152832,0.09626889228820801,"[0, 0, 0, 0, 5, 12, 5, 10, 18, 23, 5, 0, 0, 0, 0, 28]","[0, 2, 5, 9, 6, 9, 4, 6, 7, 5, 4, 55, 18, 71, 24, 0]"
j10,1,stnu,600,False,inf,0.6148900985717773,inf,[],"""[0, 2, 5, 9, 4, 9, 4, 6, 7, 5, 4, 55, 18, 71, 24, 0]"""
j10,1,proactive_quantile_0.9,600,False,inf,0.05282115936279297,inf,"[0, 0, 0, 0, 5, 12, 5, 10, 18, 23, 5, 0, 0, 0, 0, 71]","""[0, 3, 3, 9, 6, 10, 6, 5, 7, 6, 7, 55, 18, 71, 24, 0]"""
j10,1,reactive,600,False,inf,inf,inf,null,"[0, 3, 3, 9, 6, 10, 6, 5, 7, 6, 7, 55, 18, 71, 24, 0]"
j10,1,stnu,600,False,inf,0.6371715068817139,inf,[],"""[0, 3, 3, 9, 3, 10, 6, 5, 7, 6, 7, 55, 18, 71, 24, 0]"""
j10,1,proactive_quantile_0.9,600,True,30,0.051526784896850586,0.0005815029144287109,"[0, 0, 0, 0, 5, 12, 5, 10, 18, 23, 5, 0, 0, 0, 0, 71]","""[0, 5, 4, 8, 7, 10, 3, 8, 6, 6, 4, 55, 18, 71, 24, 0]"""
j10,1,reactive,600,True,29,0.051526784896850586,0.06567549705505371,"[0, 0, 0, 0, 5, 12, 5, 10, 18, 23, 5, 0, 0, 0, 0, 29]","[0, 5, 4, 8, 7, 10, 3, 8, 6, 6, 4, 55, 18, 71, 24, 0]"
j10,1,stnu,600,False,inf,0.6840269565582275,inf,[],"""[0, 5, 4, 8, 6, 10, 3, 8, 6, 6, 4, 55, 18, 71, 24, 0]"""
j10,1,proactive_quantile_0.9,600,True,30,0.04790353775024414,0.0005078315734863281,"[0, 0, 0, 0, 5, 12, 5, 10, 18, 23, 5, 0, 0, 0, 0, 71]","""[0, 4, 4, 10, 5, 10, 3, 6, 5, 6, 6, 55, 18, 71, 24, 0]"""
j10,1,reactive,600,True,29,0.04790353775024414,0.08596992492675781,"[0, 0, 0, 0, 5, 12, 5, 10, 18, 23, 5, 0, 0, 0, 0, 29]","[0, 4, 4, 10, 5, 10, 3, 6, 5, 6, 6, 55, 18, 71, 24, 0]"
j10,1,stnu,600,False,inf,0.7029931545257568,inf,[],"""[0, 4, 4, 10, 4, 10, 3, 6, 5, 6, 6, 55, 18, 71, 24, 0]"""
j10,1,proactive_quantile_0.9,600,True,30,0.0498812198638916,0.0005116462707519531,"[0, 0, 0, 0, 5, 12, 5, 10, 18, 23, 5, 0, 0, 0, 0, 71]","""[0, 4, 5, 12, 5, 8, 5, 6, 5, 5, 3, 55, 18, 71, 24, 0]"""
j10,1,reactive,600,True,28,0.0498812198638916,0.0834808349609375,"[0, 0, 0, 0, 5, 12, 5, 10, 18, 23, 5, 0, 0, 0, 0, 28]","[0, 4, 5, 12, 5, 8, 5, 6, 5, 5, 3, 55, 18, 71, 24, 0]"
j10,1,stnu,600,False,inf,0.6716048717498779,inf,[],"""[0, 4, 5, 12, 4, 8, 5, 6, 5, 5, 3, 55, 18, 71, 24, 0]"""
j10,1,proactive_quantile_0.9,600,True,30,0.05762791633605957,0.0005447864532470703,"[0, 0, 0, 0, 5, 12, 5, 10, 18, 23, 5, 0, 0, 0, 0, 71]","""[0, 4, 5, 11, 4, 8, 3, 8, 6, 6, 4, 55, 18, 71, 24, 0]"""
j10,1,reactive,600,True,29,0.05762791633605957,0.06556344032287598,"[0, 0, 0, 0, 5, 12, 5, 10, 18, 23, 5, 0, 0, 0, 0, 29]","[0, 4, 5, 11, 4, 8, 3, 8, 6, 6, 4, 55, 18, 71, 24, 0]"
j10,1,stnu,600,False,inf,0.6377153396606445,inf,[],"""[0, 4, 5, 11, 4, 8, 3, 8, 6, 6, 4, 55, 18, 71, 24, 0]"""
j10,1,proactive_quantile_0.9,600,True,30,0.05429649353027344,0.0005125999450683594,"[0, 0, 0, 0, 5, 12, 5, 10, 18, 23, 5, 0, 0, 0, 0, 71]","""[0, 4, 4, 9, 6, 9, 4, 6, 5, 6, 5, 55, 18, 71, 24, 0]"""
j10,1,reactive,600,True,29,0.05429649353027344,0.11112022399902344,"[0, 0, 0, 0, 5, 12, 5, 10, 18, 23, 5, 0, 0, 0, 0, 29]","[0, 4, 4, 9, 6, 9, 4, 6, 5, 6, 5, 55, 18, 71, 24, 0]"
j10,1,stnu,600,False,inf,0.637415885925293,inf,[],"""[0, 4, 4, 9, 3, 9, 4, 6, 5, 6, 5, 55, 18, 71, 24, 0]"""
j10,1,stnu,600,False,inf,0.7438292503356934,inf,[],"""[0, 2, 2, 1, 2, 2, 8, 6, 8, 3, 8, 28, 19, 11, 59, 0]"""
j10,1,stnu,600,False,inf,0.784034013748169,inf,[],"""[0, 3, 2, 2, 1, 2, 8, 8, 7, 4, 9, 28, 19, 11, 59, 0]"""
j10,1,stnu,600,False,inf,0.637873649597168,inf,[],"""[0, 2, 2, 2, 3, 1, 8, 6, 9, 3, 11, 28, 19, 11, 59, 0]"""
j10,1,stnu,600,False,inf,0.6699223518371582,inf,[],"""[0, 2, 3, 1, 2, 1, 7, 6, 9, 6, 8, 28, 19, 11, 59, 0]"""
j10,1,stnu,600,False,inf,0.7402420043945312,inf,[],"""[0, 2, 2, 1, 4, 1, 7, 7, 7, 5, 10, 28, 19, 11, 59, 0]"""
j10,1,stnu,600,False,inf,0.661665678024292,inf,[],"""[0, 1, 1, 3, 3, 2, 8, 5, 10, 6, 10, 28, 19, 11, 59, 0]"""
j10,1,stnu,600,False,inf,0.7722790241241455,inf,[],"""[0, 3, 2, 1, 2, 2, 6, 4, 9, 4, 9, 28, 19, 11, 59, 0]"""
j10,1,stnu,600,False,inf,0.7912075519561768,inf,[],"""[0, 2, 3, 3, 4, 1, 6, 5, 8, 4, 8, 28, 19, 11, 59, 0]"""
j10,1,stnu,600,False,inf,0.7624163627624512,inf,[],"""[0, 3, 1, 3, 3, 2, 9, 7, 8, 5, 11, 28, 19, 11, 59, 0]"""
j10,1,stnu,600,False,inf,0.8386468887329102,inf,[],"""[0, 3, 3, 3, 3, 2, 9, 5, 8, 4, 9, 28, 19, 11, 59, 0]"""
j10,1,proactive_quantile_0.9,600,True,32,0.053885459899902344,0.0003323554992675781,"[0, 0, 3, 0, 13, 10, 15, 10, 21, 18, 19, 0, 0, 65]","""[0, 3, 4, 3, 4, 3, 3, 2, 7, 3, 3, 32, 65, 0]"""
j10,1,reactive,600,True,28,0.053885459899902344,0.09337830543518066,"[0, 0, 3, 0, 13, 10, 15, 10, 21, 18, 19, 0, 0, 28]","[0, 3, 4, 3, 4, 3, 3, 2, 7, 3, 3, 32, 65, 0]"
j10,1,stnu,600,True,21,0.6892035007476807,0.006090641021728516,"[0, 0, 0, 3, 6, 6, 12, 10, 13, 10, 15, 0, 0, 21]","""[0, 3, 2, 3, 4, 3, 3, 2, 6, 3, 6, 32, 65, 0]"""
j10,1,proactive_quantile_0.9,600,True,32,0.05869174003601074,0.0003421306610107422,"[0, 0, 3, 0, 13, 10, 15, 10, 21, 18, 19, 0, 0, 65]","""[0, 2, 7, 3, 4, 4, 2, 2, 7, 2, 3, 32, 65, 0]"""
j10,1,reactive,600,True,28,0.05869174003601074,0.11501884460449219,"[0, 0, 3, 0, 13, 10, 15, 10, 21, 18, 19, 0, 0, 28]","[0, 2, 7, 3, 4, 4, 2, 2, 7, 2, 3, 32, 65, 0]"
j10,1,stnu,600,True,19,0.7409095764160156,0.006078481674194336,"[0, 0, 0, 2, 5, 5, 11, 9, 11, 9, 13, 0, 0, 19]","""[0, 2, 3, 3, 4, 4, 2, 2, 8, 2, 5, 32, 65, 0]"""
j10,1,proactive_quantile_0.9,600,True,29,0.14679503440856934,0.00037932395935058594,"[0, 0, 0, 0, 7, 7, 13, 17, 14, 14, 21, 0, 0, 65]","""[0, 4, 5, 8, 7, 5, 2, 3, 9, 5, 6, 32, 65, 0]"""
j10,1,reactive,600,True,27,0.14679503440856934,0.08756542205810547,"[0, 0, 0, 0, 7, 7, 13, 17, 14, 14, 21, 0, 0, 27]","[0, 4, 5, 8, 7, 5, 2, 3, 9, 5, 6, 32, 65, 0]"
j10,1,stnu,600,True,19,0.6415205001831055,0.006070613861083984,"[0, 0, 0, 1, 3, 3, 11, 8, 11, 8, 13, 0, 0, 19]","""[0, 1, 3, 2, 3, 5, 2, 3, 6, 3, 6, 32, 65, 0]"""
j10,1,proactive_quantile_0.9,600,True,32,0.16350340843200684,0.0003714561462402344,"[0, 0, 3, 0, 13, 10, 15, 10, 21, 18, 19, 0, 0, 65]","""[0, 1, 5, 1, 4, 4, 3, 3, 10, 2, 2, 32, 65, 0]"""
j10,1,reactive,600,True,31,0.16350340843200684,0.11500930786132812,"[0, 0, 3, 0, 13, 10, 15, 10, 21, 18, 19, 0, 0, 31]","[0, 1, 5, 1, 4, 4, 3, 3, 10, 2, 2, 32, 65, 0]"
j10,1,stnu,600,True,28,0.7045598030090332,0.006267070770263672,"[0, 1, 0, 0, 5, 5, 18, 9, 11, 18, 23, 0, 0, 28]","""[0, 3, 5, 1, 6, 4, 5, 9, 6, 4, 5, 32, 65, 0]"""
j10,1,proactive_quantile_0.9,600,True,32,0.0649099349975586,0.000370025634765625,"[0, 0, 3, 0, 13, 10, 15, 10, 21, 18, 19, 0, 0, 65]","""[0, 2, 6, 2, 3, 3, 3, 3, 9, 2, 2, 32, 65, 0]"""
j10,1,reactive,600,True,30,0.0649099349975586,0.13451862335205078,"[0, 0, 3, 0, 13, 10, 15, 10, 21, 18, 19, 0, 0, 30]","[0, 2, 6, 2, 3, 3, 3, 3, 9, 2, 2, 32, 65, 0]"
j10,1,stnu,600,True,22,0.6568412780761719,0.006086587905883789,"[0, 0, 0, 2, 5, 5, 11, 8, 11, 8, 14, 0, 0, 22]","""[0, 2, 5, 2, 3, 3, 3, 3, 6, 2, 8, 32, 65, 0]"""
j10,1,proactive_quantile_0.9,600,True,33,0.04128289222717285,0.0003705024719238281,"[0, 3, 0, 0, 9, 7, 21, 12, 16, 24, 28, 0, 0, 65]","""[0, 5, 5, 1, 5, 2, 5, 8, 8, 4, 6, 32, 65, 0]"""
j10,1,reactive,600,True,34,0.04128289222717285,0.1383049488067627,"[0, 3, 0, 0, 9, 7, 21, 12, 16, 24, 28, 0, 0, 34]","[0, 5, 5, 1, 5, 2, 5, 8, 8, 4, 6, 32, 65, 0]"
j10,1,stnu,600,True,19,0.7395360469818115,0.006177186965942383,"[0, 0, 0, 1, 3, 3, 9, 7, 10, 7, 11, 0, 0, 19]","""[0, 1, 3, 1, 4, 2, 2, 2, 8, 3, 8, 32, 65, 0]"""
j10,1,proactive_quantile_0.9,600,True,32,0.06264758110046387,0.000347137451171875,"[0, 0, 3, 0, 13, 10, 15, 10, 21, 18, 19, 0, 0, 65]","""[0, 3, 5, 2, 4, 3, 3, 2, 9, 2, 4, 32, 65, 0]"""
j10,1,reactive,600,True,30,0.06264758110046387,0.11049652099609375,"[0, 0, 3, 0, 13, 10, 15, 10, 21, 18, 19, 0, 0, 30]","[0, 3, 5, 2, 4, 3, 3, 2, 9, 2, 4, 32, 65, 0]"
j10,1,stnu,600,True,19,0.6468594074249268,0.006149768829345703,"[0, 0, 0, 3, 5, 5, 11, 9, 11, 9, 14, 0, 0, 19]","""[0, 3, 4, 2, 4, 3, 3, 2, 5, 2, 5, 32, 65, 0]"""
j10,1,proactive_quantile_0.9,600,True,32,0.06825590133666992,0.0003688335418701172,"[0, 0, 3, 0, 13, 10, 15, 10, 21, 18, 19, 0, 0, 65]","""[0, 1, 3, 3, 4, 2, 3, 3, 10, 1, 3, 32, 65, 0]"""
j10,1,reactive,600,True,31,0.06825590133666992,0.13947248458862305,"[0, 0, 3, 0, 13, 10, 15, 10, 21, 18, 19, 0, 0, 31]","[0, 1, 3, 3, 4, 2, 3, 3, 10, 1, 3, 32, 65, 0]"
j10,1,stnu,600,True,21,0.6737873554229736,0.0062901973724365234,"[0, 0, 0, 1, 4, 4, 11, 8, 11, 8, 14, 0, 0, 21]","""[0, 1, 2, 3, 4, 2, 3, 3, 5, 1, 7, 32, 65, 0]"""
j10,1,proactive_quantile_0.9,600,True,32,0.05246996879577637,0.0003445148468017578,"[0, 0, 3, 0, 13, 10, 15, 10, 21, 18, 19, 0, 0, 65]","""[0, 1, 6, 2, 5, 2, 1, 1, 9, 2, 2, 32, 65, 0]"""
j10,1,reactive,600,True,30,0.05246996879577637,0.1443777084350586,"[0, 0, 3, 0, 13, 10, 15, 10, 21, 18, 19, 0, 0, 30]","[0, 1, 6, 2, 5, 2, 1, 1, 9, 2, 2, 32, 65, 0]"
j10,1,stnu,600,True,18,0.6975374221801758,0.006082296371459961,"[0, 0, 0, 1, 4, 4, 10, 9, 11, 9, 11, 0, 0, 18]","""[0, 1, 4, 2, 5, 2, 1, 1, 7, 2, 7, 32, 65, 0]"""
j10,1,proactive_quantile_0.9,600,True,29,0.14690518379211426,0.0003571510314941406,"[0, 0, 0, 0, 7, 7, 13, 17, 14, 14, 21, 0, 0, 65]","""[0, 5, 4, 6, 6, 3, 1, 2, 6, 6, 7, 32, 65, 0]"""
j10,1,reactive,600,True,28,0.14690518379211426,0.14806842803955078,"[0, 0, 0, 0, 7, 7, 13, 17, 14, 14, 21, 0, 0, 28]","[0, 5, 4, 6, 6, 3, 1, 2, 6, 6, 7, 32, 65, 0]"
j10,1,stnu,600,True,25,0.6280794143676758,0.0062961578369140625,"[0, 2, 0, 0, 7, 4, 15, 7, 13, 19, 20, 0, 0, 25]","""[0, 5, 4, 2, 6, 3, 5, 8, 6, 6, 4, 32, 65, 0]"""
j10,1,proactive_quantile_0.9,600,True,38,0.10376477241516113,0.00028634071350097656,"[0, 6, 0, 0, 7, 21, 17, 14, 24, 23, 30, 0, 42]","""[0, 7, 4, 6, 4, 3, 3, 5, 8, 7, 6, 42, 0]"""
j10,1,reactive,600,True,36,0.10376477241516113,0.11142468452453613,"[0, 6, 0, 0, 7, 21, 17, 14, 24, 23, 30, 0, 36]","[0, 7, 4, 6, 4, 3, 3, 5, 8, 7, 6, 42, 0]"
j10,1,stnu,600,True,31,0.8329901695251465,0.005313396453857422,"[0, 4, 0, 0, 6, 15, 11, 10, 18, 18, 25, 0, 31]","""[0, 7, 4, 6, 4, 3, 3, 5, 8, 7, 6, 42, 0]"""
j10,1,proactive_quantile_0.9,600,True,38,0.045380592346191406,0.0002779960632324219,"[0, 6, 0, 0, 7, 21, 17, 14, 24, 23, 30, 0, 42]","""[0, 10, 5, 6, 6, 1, 3, 4, 8, 6, 7, 42, 0]"""
j10,1,reactive,600,True,37,0.045380592346191406,0.14060020446777344,"[0, 6, 0, 0, 7, 21, 17, 14, 24, 23, 30, 0, 37]","[0, 10, 5, 6, 6, 1, 3, 4, 8, 6, 7, 42, 0]"
j10,1,stnu,600,True,31,0.7075924873352051,0.005360603332519531,"[0, 5, 0, 0, 6, 16, 15, 12, 18, 18, 24, 0, 31]","""[0, 10, 5, 6, 6, 1, 3, 4, 8, 6, 7, 42, 0]"""
j10,1,proactive_quantile_0.9,600,True,38,0.05148577690124512,0.00028896331787109375,"[0, 6, 0, 0, 7, 21, 17, 14, 24, 23, 30, 0, 42]","""[0, 11, 5, 6, 7, 1, 7, 6, 9, 6, 8, 42, 0]"""
j10,1,reactive,600,False,inf,inf,inf,null,"[0, 11, 5, 6, 7, 1, 7, 6, 9, 6, 8, 42, 0]"
j10,1,stnu,600,True,37,0.6927990913391113,0.0054509639739990234,"[0, 5, 0, 0, 6, 19, 16, 13, 23, 23, 29, 0, 37]","""[0, 11, 5, 6, 7, 1, 7, 6, 9, 6, 8, 42, 0]"""
j10,1,proactive_quantile_0.9,600,True,38,0.16617655754089355,0.0003056526184082031,"[0, 6, 0, 0, 7, 21, 17, 14, 24, 23, 30, 0, 42]","""[0, 9, 5, 5, 5, 2, 6, 7, 10, 6, 6, 42, 0]"""
j10,1,reactive,600,True,36,0.16617655754089355,0.10882711410522461,"[0, 6, 0, 0, 7, 21, 17, 14, 24, 23, 30, 0, 36]","[0, 9, 5, 5, 5, 2, 6, 7, 10, 6, 6, 42, 0]"
j10,1,stnu,600,True,32,0.6240725517272949,0.0053806304931640625,"[0, 5, 0, 0, 5, 17, 14, 10, 20, 20, 26, 0, 32]","""[0, 9, 5, 5, 5, 2, 6, 7, 10, 6, 6, 42, 0]"""
j10,1,proactive_quantile_0.9,600,True,38,0.05373859405517578,0.0002803802490234375,"[0, 6, 0, 0, 7, 21, 17, 14, 24, 23, 30, 0, 42]","""[0, 9, 5, 4, 6, 2, 7, 6, 9, 6, 7, 42, 0]"""
j10,1,reactive,600,False,inf,inf,inf,null,"[0, 9, 5, 4, 6, 2, 7, 6, 9, 6, 7, 42, 0]"
j10,1,stnu,600,True,34,0.670576810836792,0.005521059036254883,"[0, 5, 0, 0, 5, 17, 14, 11, 21, 21, 27, 0, 34]","""[0, 9, 5, 4, 6, 2, 7, 6, 9, 6, 7, 42, 0]"""
j10,1,proactive_quantile_0.9,600,True,38,0.16344976425170898,0.00028777122497558594,"[0, 6, 0, 0, 7, 21, 17, 14, 24, 23, 30, 0, 42]","""[0, 10, 4, 7, 7, 2, 7, 6, 10, 4, 7, 42, 0]"""
j10,1,reactive,600,False,inf,inf,inf,null,"[0, 10, 4, 7, 7, 2, 7, 6, 10, 4, 7, 42, 0]"
j10,1,stnu,600,True,33,0.7037811279296875,0.005506753921508789,"[0, 4, 0, 0, 7, 20, 14, 14, 22, 22, 26, 0, 33]","""[0, 10, 4, 7, 7, 2, 7, 6, 10, 4, 7, 42, 0]"""
j10,1,proactive_quantile_0.9,600,False,inf,0.1666109561920166,inf,"[0, 6, 0, 0, 7, 21, 17, 14, 24, 23, 30, 0, 42]","""[0, 13, 5, 6, 7, 1, 3, 6, 8, 6, 7, 42, 0]"""
j10,1,reactive,600,False,inf,inf,inf,null,"[0, 13, 5, 6, 7, 1, 3, 6, 8, 6, 7, 42, 0]"
j10,1,stnu,600,True,34,0.7747418880462646,0.0053615570068359375,"[0, 5, 0, 0, 6, 19, 18, 13, 21, 21, 27, 0, 34]","""[0, 13, 5, 6, 7, 1, 3, 6, 8, 6, 7, 42, 0]"""
j10,1,proactive_quantile_0.9,600,True,38,0.050585269927978516,0.00028896331787109375,"[0, 6, 0, 0, 7, 21, 17, 14, 24, 23, 30, 0, 42]","""[0, 11, 5, 5, 5, 2, 3, 5, 9, 6, 8, 42, 0]"""
j10,1,reactive,600,True,37,0.050585269927978516,0.1267848014831543,"[0, 6, 0, 0, 7, 21, 17, 14, 24, 23, 29, 0, 37]","[0, 11, 5, 5, 5, 2, 3, 5, 9, 6, 8, 42, 0]"
j10,1,stnu,600,True,33,0.6878759860992432,0.0053348541259765625,"[0, 5, 0, 0, 5, 15, 16, 10, 19, 19, 25, 0, 33]","""[0, 11, 5, 5, 5, 2, 3, 5, 9, 6, 8, 42, 0]"""
j10,1,proactive_quantile_0.9,600,True,38,0.04502987861633301,0.00031876564025878906,"[0, 6, 0, 0, 7, 21, 17, 14, 24, 23, 30, 0, 42]","""[0, 10, 3, 5, 4, 2, 5, 5, 10, 7, 8, 42, 0]"""
j10,1,reactive,600,True,38,0.04502987861633301,0.12818574905395508,"[0, 6, 0, 0, 7, 21, 17, 14, 24, 23, 30, 0, 38]","[0, 10, 3, 5, 4, 2, 5, 5, 10, 7, 8, 42, 0]"
j10,1,stnu,600,True,33,0.7784135341644287,0.005417823791503906,"[0, 3, 0, 0, 5, 14, 13, 9, 18, 18, 25, 0, 33]","""[0, 10, 3, 5, 4, 2, 5, 5, 10, 7, 8, 42, 0]"""
j10,1,proactive_quantile_0.9,600,True,38,0.05391120910644531,0.0002779960632324219,"[0, 6, 0, 0, 7, 21, 17, 14, 24, 23, 30, 0, 42]","""[0, 9, 4, 5, 7, 2, 7, 4, 9, 4, 5, 42, 0]"""
j10,1,reactive,600,False,inf,inf,inf,null,"[0, 9, 4, 5, 7, 2, 7, 4, 9, 4, 5, 42, 0]"
j10,1,stnu,600,True,29,0.7982733249664307,0.0053827762603759766,"[0, 4, 0, 0, 5, 16, 13, 12, 20, 20, 24, 0, 29]","""[0, 9, 4, 5, 7, 2, 7, 4, 9, 4, 5, 42, 0]"""
j10,1,proactive_quantile_0.9,600,True,26,0.0708765983581543,0.0010192394256591797,"[0, 0, 0, 0, 3, 7, 10, 6, 18, 18, 18, 0, 0, 0, 0, 0, 0, 0, 0, 0, 80]","""[0, 2, 7, 3, 6, 7, 5, 4, 6, 6, 1, 59, 14, 35, 45, 80, 34, 75, 69, 40, 0]"""
j10,1,reactive,600,True,24,0.0708765983581543,0.08823442459106445,"[0, 0, 0, 0, 3, 7, 10, 6, 18, 18, 18, 0, 0, 0, 0, 0, 0, 0, 0, 0, 24]","[0, 2, 7, 3, 6, 7, 5, 4, 6, 6, 1, 59, 14, 35, 45, 80, 34, 75, 69, 40, 0]"
j10,1,stnu,600,True,12,0.7367393970489502,0.013148069381713867,"[0, 0, 0, 0, 1, 5, 5, 2, 9, 9, 9, 0, 0, 0, 0, 0, 0, 0, 0, 0, 12]","""[0, 1, 5, 2, 4, 4, 2, 1, 3, 3, 2, 59, 14, 35, 45, 80, 34, 75, 69, 40, 0]"""
j10,1,proactive_quantile_0.9,600,True,35,0.0652315616607666,0.0010178089141845703,"[0, 0, 0, 0, 4, 11, 13, 11, 24, 24, 24, 0, 0, 0, 0, 0, 0, 0, 0, 0, 80]","""[0, 3, 8, 10, 6, 10, 8, 2, 10, 7, 9, 59, 14, 35, 45, 80, 34, 75, 69, 40, 0]"""
j10,1,reactive,600,True,34,0.0652315616607666,0.10212087631225586,"[0, 0, 0, 0, 4, 11, 13, 11, 24, 24, 24, 0, 0, 0, 0, 0, 0, 0, 0, 0, 34]","[0, 3, 8, 10, 6, 10, 8, 2, 10, 7, 9, 59, 14, 35, 45, 80, 34, 75, 69, 40, 0]"
j10,1,stnu,600,True,19,0.9818861484527588,0.013249635696411133,"[0, 0, 0, 0, 2, 5, 6, 3, 12, 12, 12, 0, 0, 0, 0, 0, 0, 0, 0, 0, 19]","""[0, 2, 5, 3, 4, 6, 6, 5, 6, 7, 3, 59, 14, 35, 45, 80, 34, 75, 69, 40, 0]"""
j10,1,proactive_quantile_0.9,600,True,26,0.048590898513793945,0.0010373592376708984,"[0, 0, 0, 0, 3, 7, 10, 6, 18, 18, 18, 0, 0, 0, 0, 0, 0, 0, 0, 0, 80]","""[0, 2, 7, 4, 7, 3, 5, 7, 7, 6, 3, 59, 14, 35, 45, 80, 34, 75, 69, 40, 0]"""
j10,1,reactive,600,True,25,0.048590898513793945,0.0693209171295166,"[0, 0, 0, 0, 3, 7, 10, 6, 18, 18, 18, 0, 0, 0, 0, 0, 0, 0, 0, 0, 25]","[0, 2, 7, 4, 7, 3, 5, 7, 7, 6, 3, 59, 14, 35, 45, 80, 34, 75, 69, 40, 0]"
j10,1,stnu,600,True,21,0.6417617797851562,0.013145923614501953,"[0, 0, 0, 0, 2, 7, 9, 4, 14, 14, 14, 0, 0, 0, 0, 0, 0, 0, 0, 0, 21]","""[0, 2, 7, 4, 7, 3, 5, 7, 7, 6, 3, 59, 14, 35, 45, 80, 34, 75, 69, 40, 0]"""
j10,1,proactive_quantile_0.9,600,True,16,0.14908885955810547,0.0009431838989257812,"[0, 0, 0, 0, 2, 6, 7, 3, 12, 12, 12, 0, 0, 0, 0, 0, 0, 0, 0, 0, 80]","""[0, 2, 4, 3, 3, 4, 4, 1, 2, 2, 2, 59, 14, 35, 45, 80, 34, 75, 69, 40, 0]"""
j10,1,reactive,600,True,14,0.14908885955810547,0.07392597198486328,"[0, 0, 0, 0, 2, 6, 7, 3, 12, 12, 12, 0, 0, 0, 0, 0, 0, 0, 0, 0, 14]","[0, 2, 4, 3, 3, 4, 4, 1, 2, 2, 2, 59, 14, 35, 45, 80, 34, 75, 69, 40, 0]"
j10,1,stnu,600,True,21,0.6634347438812256,0.013422012329101562,"[0, 0, 0, 0, 2, 7, 8, 3, 14, 14, 14, 0, 0, 0, 0, 0, 0, 0, 0, 0, 21]","""[0, 2, 7, 3, 6, 5, 6, 4, 7, 6, 1, 59, 14, 35, 45, 80, 34, 75, 69, 40, 0]"""
j10,1,proactive_quantile_0.9,600,True,26,0.06813478469848633,0.001007080078125,"[0, 0, 0, 0, 3, 7, 10, 6, 18, 18, 18, 0, 0, 0, 0, 0, 0, 0, 0, 0, 80]","""[0, 2, 5, 4, 6, 6, 7, 5, 5, 7, 2, 59, 14, 35, 45, 80, 34, 75, 69, 40, 0]"""
j10,1,reactive,600,True,25,0.06813478469848633,0.1106863021850586,"[0, 0, 0, 0, 3, 7, 10, 6, 18, 18, 18, 0, 0, 0, 0, 0, 0, 0, 0, 0, 25]","[0, 2, 5, 4, 6, 6, 7, 5, 5, 7, 2, 59, 14, 35, 45, 80, 34, 75, 69, 40, 0]"
j10,1,stnu,600,True,22,0.7195889949798584,0.01314234733581543,"[0, 0, 0, 0, 2, 5, 8, 4, 15, 15, 15, 0, 0, 0, 0, 0, 0, 0, 0, 0, 22]","""[0, 2, 5, 4, 6, 6, 7, 5, 5, 7, 2, 59, 14, 35, 45, 80, 34, 75, 69, 40, 0]"""
j10,1,proactive_quantile_0.9,600,True,16,0.06005978584289551,0.0009598731994628906,"[0, 0, 0, 0, 2, 6, 7, 3, 12, 12, 12, 0, 0, 0, 0, 0, 0, 0, 0, 0, 80]","""[0, 2, 6, 2, 3, 3, 4, 2, 2, 3, 1, 59, 14, 35, 45, 80, 34, 75, 69, 40, 0]"""
j10,1,reactive,600,True,15,0.06005978584289551,0.07696986198425293,"[0, 0, 0, 0, 2, 6, 7, 3, 12, 12, 12, 0, 0, 0, 0, 0, 0, 0, 0, 0, 15]","[0, 2, 6, 2, 3, 3, 4, 2, 2, 3, 1, 59, 14, 35, 45, 80, 34, 75, 69, 40, 0]"
j10,1,stnu,600,True,25,0.7212643623352051,0.013011693954467773,"[0, 0, 0, 0, 3, 5, 9, 5, 17, 17, 17, 0, 0, 0, 0, 0, 0, 0, 0, 0, 25]","""[0, 3, 5, 5, 6, 5, 8, 5, 6, 8, 1, 59, 14, 35, 45, 80, 34, 75, 69, 40, 0]"""
j10,1,proactive_quantile_0.9,600,True,26,0.0574498176574707,0.0009989738464355469,"[0, 0, 0, 0, 3, 7, 10, 6, 18, 18, 18, 0, 0, 0, 0, 0, 0, 0, 0, 0, 80]","""[0, 1, 7, 5, 7, 4, 4, 7, 8, 7, 2, 59, 14, 35, 45, 80, 34, 75, 69, 40, 0]"""
j10,1,reactive,600,True,26,0.0574498176574707,0.18008756637573242,"[0, 0, 0, 0, 3, 7, 10, 6, 18, 18, 18, 0, 0, 0, 0, 0, 0, 0, 0, 0, 26]","[0, 1, 7, 5, 7, 4, 4, 7, 8, 7, 2, 59, 14, 35, 45, 80, 34, 75, 69, 40, 0]"
j10,1,stnu,600,True,20,0.6844618320465088,0.012987136840820312,"[0, 0, 0, 0, 1, 7, 8, 5, 12, 12, 12, 0, 0, 0, 0, 0, 0, 0, 0, 0, 20]","""[0, 1, 7, 5, 7, 4, 4, 7, 8, 7, 2, 59, 14, 35, 45, 80, 34, 75, 69, 40, 0]"""
j10,1,proactive_quantile_0.9,600,True,26,0.05744743347167969,0.0010416507720947266,"[0, 0, 0, 0, 3, 7, 10, 6, 18, 18, 18, 0, 0, 0, 0, 0, 0, 0, 0, 0, 80]","""[0, 3, 4, 4, 5, 5, 5, 5, 6, 4, 3, 59, 14, 35, 45, 80, 34, 75, 69, 40, 0]"""
j10,1,reactive,600,True,24,0.05744743347167969,0.09230494499206543,"[0, 0, 0, 0, 3, 7, 10, 6, 18, 18, 18, 0, 0, 0, 0, 0, 0, 0, 0, 0, 24]","[0, 3, 4, 4, 5, 5, 5, 5, 6, 4, 3, 59, 14, 35, 45, 80, 34, 75, 69, 40, 0]"
j10,1,stnu,600,True,18,0.7693266868591309,0.012695789337158203,"[0, 0, 0, 0, 1, 3, 3, 2, 8, 7, 8, 0, 0, 0, 0, 0, 0, 0, 0, 0, 18]","""[0, 1, 2, 2, 2, 5, 4, 6, 10, 3, 3, 59, 14, 35, 45, 80, 34, 75, 69, 40, 0]"""
j10,1,proactive_quantile_0.9,600,True,26,0.06119823455810547,0.0010027885437011719,"[0, 0, 0, 0, 3, 7, 10, 6, 18, 18, 18, 0, 0, 0, 0, 0, 0, 0, 0, 0, 80]","""[0, 2, 8, 4, 6, 7, 8, 6, 5, 5, 2, 59, 14, 35, 45, 80, 34, 75, 69, 40, 0]"""
j10,1,reactive,600,False,inf,inf,inf,null,"[0, 2, 8, 4, 6, 7, 8, 6, 5, 5, 2, 59, 14, 35, 45, 80, 34, 75, 69, 40, 0]"
j10,1,stnu,600,True,21,0.6793479919433594,0.013338565826416016,"[0, 0, 0, 0, 2, 8, 8, 4, 16, 16, 16, 0, 0, 0, 0, 0, 0, 0, 0, 0, 21]","""[0, 2, 8, 4, 6, 7, 8, 6, 5, 5, 2, 59, 14, 35, 45, 80, 34, 75, 69, 40, 0]"""
j10,1,proactive_quantile_0.9,600,True,23,0.08243632316589355,0.0009806156158447266,"[0, 0, 0, 0, 2, 6, 7, 3, 12, 12, 12, 0, 0, 0, 0, 0, 0, 0, 0, 0, 80]","""[0, 2, 5, 1, 2, 2, 2, 1, 5, 3, 8, 59, 14, 35, 45, 80, 34, 75, 69, 40, 0]"""
j10,1,reactive,600,True,20,0.08243632316589355,0.12203145027160645,"[0, 0, 0, 0, 2, 6, 7, 3, 12, 12, 12, 0, 0, 0, 0, 0, 0, 0, 0, 0, 20]","[0, 2, 5, 1, 2, 2, 2, 1, 5, 3, 8, 59, 14, 35, 45, 80, 34, 75, 69, 40, 0]"
j10,1,stnu,600,True,10,0.7900400161743164,0.013195991516113281,"[0, 0, 0, 0, 2, 5, 5, 2, 7, 7, 7, 0, 0, 0, 0, 0, 0, 0, 0, 0, 10]","""[0, 2, 5, 1, 2, 2, 2, 1, 2, 3, 2, 59, 14, 35, 45, 80, 34, 75, 69, 40, 0]"""
j10,1,proactive_quantile_0.9,600,True,16,0.06307697296142578,0.0006906986236572266,"[0, 0, 0, 0, 2, 7, 7, 7, 12, 13, 3, 0, 0, 0, 0, 0, 0, 61]","""[0, 2, 1, 1, 6, 2, 3, 1, 2, 2, 1, 30, 52, 59, 15, 48, 61, 0]"""
j10,1,reactive,600,False,inf,inf,inf,null,"[0, 2, 1, 1, 6, 2, 3, 1, 2, 2, 1, 30, 52, 59, 15, 48, 61, 0]"
j10,1,stnu,600,False,inf,0.6434340476989746,inf,[],"""[0, 6, 2, 5, 3, 2, 3, 2, 2, 2, 7, 30, 52, 59, 15, 48, 61, 0]"""
j10,1,proactive_quantile_0.9,600,False,inf,0.06537675857543945,inf,"[0, 0, 0, 0, 5, 13, 11, 11, 18, 18, 5, 0, 0, 0, 0, 0, 0, 61]","""[0, 2, 2, 4, 5, 5, 4, 3, 2, 2, 9, 30, 52, 59, 15, 48, 61, 0]"""
j10,1,reactive,600,False,inf,inf,inf,null,"[0, 2, 2, 4, 5, 5, 4, 3, 2, 2, 9, 30, 52, 59, 15, 48, 61, 0]"
j10,1,stnu,600,False,inf,0.748694896697998,inf,[],"""[0, 2, 2, 4, 5, 5, 4, 3, 2, 2, 9, 30, 52, 59, 15, 48, 61, 0]"""
j10,1,proactive_quantile_0.9,600,False,inf,0.05427360534667969,inf,"[0, 0, 0, 0, 5, 13, 11, 11, 18, 18, 5, 0, 0, 0, 0, 0, 0, 61]","""[0, 5, 1, 4, 3, 6, 3, 2, 3, 1, 7, 30, 52, 59, 15, 48, 61, 0]"""
j10,1,reactive,600,False,inf,inf,inf,null,"[0, 5, 1, 4, 3, 6, 3, 2, 3, 1, 7, 30, 52, 59, 15, 48, 61, 0]"
j10,1,stnu,600,True,13,0.6434447765350342,0.009613990783691406,"[0, 0, 0, 0, 2, 5, 5, 5, 11, 11, 3, 0, 0, 0, 0, 0, 0, 13]","""[0, 3, 2, 1, 3, 6, 3, 1, 2, 1, 1, 30, 52, 59, 15, 48, 61, 0]"""
j10,1,proactive_quantile_0.9,600,True,16,0.062041521072387695,0.0006220340728759766,"[0, 0, 0, 0, 2, 7, 7, 7, 12, 13, 3, 0, 0, 0, 0, 0, 0, 61]","""[0, 2, 2, 2, 4, 3, 3, 1, 2, 1, 2, 30, 52, 59, 15, 48, 61, 0]"""
j10,1,reactive,600,True,12,0.062041521072387695,0.09101724624633789,"[0, 0, 0, 0, 2, 7, 7, 7, 10, 10, 3, 0, 0, 0, 0, 0, 0, 12]","[0, 2, 2, 2, 4, 3, 3, 1, 2, 1, 2, 30, 52, 59, 15, 48, 61, 0]"
j10,1,stnu,600,False,inf,0.6059248447418213,inf,[],"""[0, 2, 3, 5, 3, 3, 3, 2, 2, 1, 6, 30, 52, 59, 15, 48, 61, 0]"""
j10,1,proactive_quantile_0.9,600,True,16,0.08308219909667969,0.0006270408630371094,"[0, 0, 0, 0, 2, 7, 7, 7, 12, 13, 3, 0, 0, 0, 0, 0, 0, 61]","""[0, 3, 1, 1, 5, 3, 4, 2, 3, 2, 1, 30, 52, 59, 15, 48, 61, 0]"""
j10,1,reactive,600,True,15,0.08308219909667969,0.06850242614746094,"[0, 0, 0, 0, 2, 7, 7, 7, 12, 11, 3, 0, 0, 0, 0, 0, 0, 15]","[0, 3, 1, 1, 5, 3, 4, 2, 3, 2, 1, 30, 52, 59, 15, 48, 61, 0]"
j10,1,stnu,600,False,inf,0.5939910411834717,inf,[],"""[0, 2, 1, 4, 5, 3, 4, 1, 3, 2, 6, 30, 52, 59, 15, 48, 61, 0]"""
j10,1,proactive_quantile_0.9,600,True,15,0.09795522689819336,0.0007109642028808594,"[0, 0, 0, 0, 2, 7, 7, 7, 12, 12, 3, 0, 0, 0, 0, 0, 0, 61]","""[0, 2, 1, 2, 4, 4, 4, 2, 2, 3, 1, 30, 52, 59, 15, 48, 61, 0]"""
j10,1,reactive,600,True,15,0.09795522689819336,0.09727811813354492,"[0, 0, 0, 0, 2, 7, 7, 7, 12, 12, 3, 0, 0, 0, 0, 0, 0, 15]","[0, 2, 1, 2, 4, 4, 4, 2, 2, 3, 1, 30, 52, 59, 15, 48, 61, 0]"
j10,1,stnu,600,False,inf,0.6193673610687256,inf,[],"""[0, 4, 2, 6, 4, 4, 3, 2, 2, 3, 6, 30, 52, 59, 15, 48, 61, 0]"""
j10,1,proactive_quantile_0.9,600,True,16,0.04478883743286133,0.0006947517395019531,"[0, 0, 0, 0, 2, 7, 7, 7, 12, 13, 3, 0, 0, 0, 0, 0, 0, 61]","""[0, 2, 2, 2, 6, 4, 5, 2, 2, 2, 2, 30, 52, 59, 15, 48, 61, 0]"""
j10,1,reactive,600,False,inf,inf,inf,null,"[0, 2, 2, 2, 6, 4, 5, 2, 2, 2, 2, 30, 52, 59, 15, 48, 61, 0]"
j10,1,stnu,600,False,inf,0.6323826313018799,inf,[],"""[0, 4, 2, 5, 3, 4, 5, 2, 2, 2, 6, 30, 52, 59, 15, 48, 61, 0]"""
j10,1,proactive_quantile_0.9,600,True,16,0.1459965705871582,0.0006487369537353516,"[0, 0, 0, 0, 2, 7, 7, 7, 12, 12, 3, 0, 0, 0, 0, 0, 0, 61]","""[0, 1, 2, 2, 5, 3, 5, 1, 1, 4, 2, 30, 52, 59, 15, 48, 61, 0]"""
j10,1,reactive,600,True,16,0.1459965705871582,0.04771590232849121,"[0, 0, 0, 0, 2, 7, 7, 7, 10, 12, 3, 0, 0, 0, 0, 0, 0, 16]","[0, 1, 2, 2, 5, 3, 5, 1, 1, 4, 2, 30, 52, 59, 15, 48, 61, 0]"
j10,1,stnu,600,False,inf,0.6484119892120361,inf,[],"""[0, 3, 3, 3, 6, 3, 5, 2, 4, 2, 6, 30, 52, 59, 15, 48, 61, 0]"""
j10,1,proactive_quantile_0.9,600,True,22,0.054105281829833984,0.0006289482116699219,"[0, 0, 0, 0, 5, 13, 11, 11, 18, 18, 5, 0, 0, 0, 0, 0, 0, 61]","""[0, 3, 3, 2, 4, 3, 4, 1, 2, 2, 8, 30, 52, 59, 15, 48, 61, 0]"""
j10,1,reactive,600,True,18,0.054105281829833984,0.11024045944213867,"[0, 0, 0, 0, 5, 13, 11, 11, 16, 16, 5, 0, 0, 0, 0, 0, 0, 18]","[0, 3, 3, 2, 4, 3, 4, 1, 2, 2, 8, 30, 52, 59, 15, 48, 61, 0]"
j10,1,stnu,600,True,13,0.8115122318267822,0.009589910507202148,"[0, 0, 0, 0, 2, 7, 7, 7, 10, 11, 3, 0, 0, 0, 0, 0, 0, 13]","""[0, 3, 2, 2, 5, 3, 4, 1, 2, 2, 2, 30, 52, 59, 15, 48, 61, 0]"""
j10,1,proactive_quantile_0.9,600,True,22,0.06867551803588867,0.0006833076477050781,"[0, 0, 0, 0, 5, 13, 11, 11, 18, 18, 5, 0, 0, 0, 0, 0, 0, 61]","""[0, 4, 2, 5, 5, 3, 3, 3, 4, 2, 5, 30, 52, 59, 15, 48, 61, 0]"""
j10,1,reactive,600,True,20,0.06867551803588867,0.1038656234741211,"[0, 0, 0, 0, 5, 13, 11, 11, 16, 16, 5, 0, 0, 0, 0, 0, 0, 20]","[0, 4, 2, 5, 5, 3, 3, 3, 4, 2, 5, 30, 52, 59, 15, 48, 61, 0]"
j10,1,stnu,600,False,inf,0.6685225963592529,inf,[],"""[0, 4, 2, 5, 5, 3, 3, 3, 4, 2, 5, 30, 52, 59, 15, 48, 61, 0]"""
j10,1,proactive_quantile_0.9,600,True,32,0.0776824951171875,0.0007455348968505859,"[0, 0, 7, 16, 11, 13, 23, 21, 16, 29, 26, 0, 0, 0, 0, 0, 0, 0, 0, 78]","""[0, 5, 2, 3, 1, 2, 1, 1, 4, 2, 2, 10, 68, 21, 13, 78, 25, 54, 57, 0]"""
j10,1,reactive,600,True,26,0.0776824951171875,0.34707021713256836,"[0, 0, 7, 16, 11, 13, 15, 21, 16, 22, 24, 0, 0, 0, 0, 0, 0, 0, 0, 26]","[0, 5, 2, 3, 1, 2, 1, 1, 4, 2, 2, 10, 68, 21, 13, 78, 25, 54, 57, 0]"
j10,1,stnu,600,False,inf,0.7068710327148438,inf,[],"""[0, 1, 2, 8, 3, 2, 2, 1, 4, 2, 2, 10, 68, 21, 13, 78, 25, 54, 57, 0]"""
j10,1,proactive_quantile_0.9,600,True,32,0.07464194297790527,0.0007555484771728516,"[0, 0, 7, 16, 11, 13, 23, 21, 16, 29, 26, 0, 0, 0, 0, 0, 0, 0, 0, 78]","""[0, 7, 2, 5, 2, 1, 2, 2, 3, 2, 1, 10, 68, 21, 13, 78, 25, 54, 57, 0]"""
j10,1,reactive,600,True,29,0.07464194297790527,0.11320161819458008,"[0, 0, 7, 16, 11, 13, 23, 21, 16, 27, 26, 0, 0, 0, 0, 0, 0, 0, 0, 29]","[0, 7, 2, 5, 2, 1, 2, 2, 3, 2, 1, 10, 68, 21, 13, 78, 25, 54, 57, 0]"
j10,1,stnu,600,False,inf,1.627173900604248,inf,[],"""[0, 3, 2, 7, 2, 1, 3, 2, 3, 2, 1, 10, 68, 21, 13, 78, 25, 54, 57, 0]"""
j10,1,proactive_quantile_0.9,600,False,inf,0.11248970031738281,inf,"[0, 0, 7, 16, 11, 13, 23, 21, 16, 29, 26, 0, 0, 0, 0, 0, 0, 0, 0, 78]","""[0, 8, 3, 6, 2, 1, 3, 2, 2, 2, 1, 10, 68, 21, 13, 78, 25, 54, 57, 0]"""
j10,1,reactive,600,False,inf,inf,inf,null,"[0, 8, 3, 6, 2, 1, 3, 2, 2, 2, 1, 10, 68, 21, 13, 78, 25, 54, 57, 0]"
j10,1,stnu,600,False,inf,0.7715616226196289,inf,[],"""[0, 2, 3, 6, 2, 1, 4, 2, 2, 2, 1, 10, 68, 21, 13, 78, 25, 54, 57, 0]"""
j10,1,proactive_quantile_0.9,600,True,39,0.06439971923828125,0.0007798671722412109,"[0, 0, 4, 10, 8, 15, 33, 18, 18, 22, 36, 0, 0, 0, 0, 0, 0, 0, 0, 78]","""[0, 2, 3, 4, 1, 2, 3, 1, 2, 11, 2, 10, 68, 21, 13, 78, 25, 54, 57, 0]"""
j10,1,reactive,600,True,38,0.06439971923828125,0.1740729808807373,"[0, 0, 4, 10, 8, 15, 33, 18, 18, 22, 36, 0, 0, 0, 0, 0, 0, 0, 0, 38]","[0, 2, 3, 4, 1, 2, 3, 1, 2, 11, 2, 10, 68, 21, 13, 78, 25, 54, 57, 0]"
j10,1,stnu,600,False,inf,0.7064695358276367,inf,[],"""[0, 2, 3, 7, 3, 2, 2, 1, 2, 2, 2, 10, 68, 21, 13, 78, 25, 54, 57, 0]"""
j10,1,proactive_quantile_0.9,600,True,42,0.10806894302368164,0.0007922649383544922,"[0, 0, 4, 16, 8, 11, 27, 16, 20, 21, 31, 0, 0, 0, 0, 0, 0, 0, 0, 78]","""[0, 3, 4, 4, 2, 3, 2, 2, 5, 5, 8, 10, 68, 21, 13, 78, 25, 54, 57, 0]"""
j10,1,reactive,600,True,39,0.10806894302368164,0.251065731048584,"[0, 0, 4, 16, 8, 11, 27, 16, 20, 21, 31, 0, 0, 0, 0, 0, 0, 0, 0, 39]","[0, 3, 4, 4, 2, 3, 2, 2, 5, 5, 8, 10, 68, 21, 13, 78, 25, 54, 57, 0]"
j10,1,stnu,600,False,inf,0.8062481880187988,inf,[],"""[0, 3, 4, 7, 2, 1, 2, 2, 1, 1, 1, 10, 68, 21, 13, 78, 25, 54, 57, 0]"""
j10,1,proactive_quantile_0.9,600,True,32,0.07254576683044434,0.0007655620574951172,"[0, 0, 7, 16, 11, 13, 23, 21, 16, 29, 26, 0, 0, 0, 0, 0, 0, 0, 0, 78]","""[0, 6, 3, 4, 1, 2, 2, 1, 3, 2, 2, 10, 68, 21, 13, 78, 25, 54, 57, 0]"""
j10,1,reactive,600,True,30,0.07254576683044434,0.410585880279541,"[0, 0, 7, 16, 11, 13, 23, 21, 16, 28, 26, 0, 0, 0, 0, 0, 0, 0, 0, 30]","[0, 6, 3, 4, 1, 2, 2, 1, 3, 2, 2, 10, 68, 21, 13, 78, 25, 54, 57, 0]"
j10,1,stnu,600,False,inf,0.8268420696258545,inf,[],"""[0, 4, 3, 7, 1, 2, 2, 1, 3, 2, 2, 10, 68, 21, 13, 78, 25, 54, 57, 0]"""
j10,1,proactive_quantile_0.9,600,True,31,0.20180535316467285,0.0008294582366943359,"[0, 0, 4, 10, 8, 15, 25, 18, 18, 22, 28, 0, 0, 0, 0, 0, 0, 0, 0, 78]","""[0, 4, 3, 3, 2, 2, 1, 1, 2, 1, 2, 10, 68, 21, 13, 78, 25, 54, 57, 0]"""
j10,1,reactive,600,True,23,0.20180535316467285,0.183685302734375,"[0, 0, 4, 10, 8, 15, 17, 18, 18, 22, 20, 0, 0, 0, 0, 0, 0, 0, 0, 23]","[0, 4, 3, 3, 2, 2, 1, 1, 2, 1, 2, 10, 68, 21, 13, 78, 25, 54, 57, 0]"
j10,1,stnu,600,False,inf,0.6346135139465332,inf,[],"""[0, 4, 3, 7, 2, 2, 4, 1, 2, 1, 2, 10, 68, 21, 13, 78, 25, 54, 57, 0]"""
j10,1,proactive_quantile_0.9,600,False,inf,0.06506705284118652,inf,"[0, 0, 7, 16, 11, 13, 23, 21, 16, 29, 26, 0, 0, 0, 0, 0, 0, 0, 0, 78]","""[0, 5, 2, 6, 2, 3, 2, 2, 3, 3, 1, 10, 68, 21, 13, 78, 25, 54, 57, 0]"""
j10,1,reactive,600,False,inf,inf,inf,null,"[0, 5, 2, 6, 2, 3, 2, 2, 3, 3, 1, 10, 68, 21, 13, 78, 25, 54, 57, 0]"
j10,1,stnu,600,False,inf,0.6436343193054199,inf,[],"""[0, 1, 2, 6, 2, 3, 1, 2, 3, 3, 1, 10, 68, 21, 13, 78, 25, 54, 57, 0]"""
j10,1,proactive_quantile_0.9,600,True,32,0.06789612770080566,0.0007505416870117188,"[0, 0, 7, 16, 11, 13, 23, 21, 16, 29, 26, 0, 0, 0, 0, 0, 0, 0, 0, 78]","""[0, 5, 3, 3, 2, 1, 3, 2, 3, 3, 3, 10, 68, 21, 13, 78, 25, 54, 57, 0]"""
j10,1,reactive,600,True,28,0.06789612770080566,0.2479701042175293,"[0, 0, 7, 16, 11, 13, 19, 14, 16, 22, 25, 0, 0, 0, 0, 0, 0, 0, 0, 28]","[0, 5, 3, 3, 2, 1, 3, 2, 3, 3, 3, 10, 68, 21, 13, 78, 25, 54, 57, 0]"
j10,1,stnu,600,True,30,0.7393372058868408,0.012640953063964844,"[0, 0, 2, 7, 5, 10, 24, 11, 11, 14, 27, 0, 0, 0, 0, 0, 0, 0, 0, 30]","""[0, 2, 3, 3, 2, 1, 3, 2, 3, 10, 3, 10, 68, 21, 13, 78, 25, 54, 57, 0]"""
j10,1,proactive_quantile_0.9,600,False,inf,0.30619168281555176,inf,"[0, 0, 7, 16, 11, 13, 23, 21, 16, 29, 26, 0, 0, 0, 0, 0, 0, 0, 0, 78]","""[0, 5, 2, 6, 1, 3, 2, 2, 2, 1, 2, 10, 68, 21, 13, 78, 25, 54, 57, 0]"""
j10,1,reactive,600,False,inf,inf,inf,null,"[0, 5, 2, 6, 1, 3, 2, 2, 2, 1, 2, 10, 68, 21, 13, 78, 25, 54, 57, 0]"
j10,1,stnu,600,False,inf,0.9031460285186768,inf,[],"""[0, 3, 2, 7, 2, 3, 2, 2, 2, 1, 2, 10, 68, 21, 13, 78, 25, 54, 57, 0]"""
j10,1,proactive_quantile_0.9,600,True,13,0.05425262451171875,0.00026702880859375,"[0, 0, 0, 0, 5, 5, 3, 3, 11, 7, 8, 0, 39]","""[0, 5, 10, 3, 2, 2, 3, 2, 2, 3, 3, 39, 0]"""
j10,1,reactive,600,True,12,0.05425262451171875,0.042948007583618164,"[0, 0, 0, 0, 5, 5, 3, 3, 10, 7, 8, 0, 12]","[0, 5, 10, 3, 2, 2, 3, 2, 2, 3, 3, 39, 0]"
j10,1,stnu,600,True,21,0.6434516906738281,0.005231380462646484,"[0, 0, 0, 0, 6, 8, 8, 6, 13, 13, 11, 0, 21]","""[0, 4, 7, 6, 2, 5, 3, 2, 2, 8, 9, 39, 0]"""
j10,1,proactive_quantile_0.9,600,True,24,0.06393146514892578,0.00026154518127441406,"[0, 0, 0, 0, 6, 9, 11, 5, 16, 16, 16, 0, 39]","""[0, 4, 9, 4, 2, 5, 5, 4, 1, 6, 8, 39, 0]"""
j10,1,reactive,600,True,24,0.06393146514892578,0.0722353458404541,"[0, 0, 0, 0, 6, 9, 11, 5, 16, 16, 16, 0, 24]","[0, 4, 9, 4, 2, 5, 5, 4, 1, 6, 8, 39, 0]"
j10,1,stnu,600,True,22,0.6544022560119629,0.005270242691040039,"[0, 0, 0, 0, 4, 9, 9, 4, 14, 14, 14, 0, 22]","""[0, 4, 9, 4, 2, 5, 5, 4, 1, 6, 8, 39, 0]"""
j10,1,proactive_quantile_0.9,600,True,24,0.05150437355041504,0.0002503395080566406,"[0, 0, 0, 0, 6, 9, 11, 5, 16, 16, 16, 0, 39]","""[0, 5, 7, 4, 1, 6, 4, 4, 2, 5, 5, 39, 0]"""
j10,1,reactive,600,True,21,0.05150437355041504,0.10171341896057129,"[0, 0, 0, 0, 6, 9, 11, 5, 16, 16, 16, 0, 21]","[0, 5, 7, 4, 1, 6, 4, 4, 2, 5, 5, 39, 0]"
j10,1,stnu,600,True,18,0.7229640483856201,0.005247354507446289,"[0, 0, 0, 0, 5, 7, 8, 4, 13, 13, 12, 0, 18]","""[0, 5, 7, 4, 1, 6, 4, 4, 2, 5, 5, 39, 0]"""
j10,1,proactive_quantile_0.9,600,True,24,0.06375408172607422,0.0002639293670654297,"[0, 0, 0, 0, 6, 9, 11, 5, 16, 16, 16, 0, 39]","""[0, 3, 8, 2, 1, 6, 5, 6, 1, 4, 5, 39, 0]"""
j10,1,reactive,600,True,21,0.06375408172607422,0.11278676986694336,"[0, 0, 0, 0, 6, 9, 11, 5, 16, 16, 16, 0, 21]","[0, 3, 8, 2, 1, 6, 5, 6, 1, 4, 5, 39, 0]"
j10,1,stnu,600,True,11,0.6647303104400635,0.00514674186706543,"[0, 0, 0, 0, 4, 4, 1, 1, 10, 6, 6, 0, 11]","""[0, 4, 9, 1, 2, 1, 5, 2, 1, 4, 5, 39, 0]"""
j10,1,proactive_quantile_0.9,600,True,24,0.05619359016418457,0.00023603439331054688,"[0, 0, 0, 0, 6, 9, 11, 5, 16, 16, 16, 0, 39]","""[0, 6, 7, 6, 2, 6, 3, 5, 2, 5, 8, 39, 0]"""
j10,1,reactive,600,False,inf,inf,inf,null,"[0, 6, 7, 6, 2, 6, 3, 5, 2, 5, 8, 39, 0]"
j10,1,stnu,600,True,22,0.7880380153656006,0.005178928375244141,"[0, 0, 0, 0, 6, 8, 11, 6, 14, 14, 14, 0, 22]","""[0, 6, 7, 6, 2, 6, 3, 5, 2, 5, 8, 39, 0]"""
j10,1,proactive_quantile_0.9,600,True,24,0.0621495246887207,0.0002574920654296875,"[0, 0, 0, 0, 6, 9, 11, 5, 16, 16, 16, 0, 39]","""[0, 4, 8, 4, 1, 7, 6, 4, 2, 6, 7, 39, 0]"""
j10,1,reactive,600,False,inf,inf,inf,null,"[0, 4, 8, 4, 1, 7, 6, 4, 2, 6, 7, 39, 0]"
j10,1,stnu,600,True,12,0.6453988552093506,0.00522613525390625,"[0, 0, 0, 0, 4, 4, 2, 2, 10, 6, 8, 0, 12]","""[0, 4, 8, 2, 1, 2, 6, 2, 2, 4, 4, 39, 0]"""
j10,1,proactive_quantile_0.9,600,True,24,0.04501199722290039,0.00025963783264160156,"[0, 0, 0, 0, 6, 9, 11, 5, 16, 16, 16, 0, 39]","""[0, 6, 7, 5, 1, 7, 3, 4, 2, 5, 5, 39, 0]"""
j10,1,reactive,600,True,21,0.04501199722290039,0.0797126293182373,"[0, 0, 0, 0, 6, 9, 11, 5, 16, 16, 16, 0, 21]","[0, 6, 7, 5, 1, 7, 3, 4, 2, 5, 5, 39, 0]"
j10,1,stnu,600,True,11,0.6727843284606934,0.005019187927246094,"[0, 0, 0, 0, 4, 4, 2, 2, 9, 6, 6, 0, 11]","""[0, 4, 7, 2, 2, 2, 3, 2, 2, 3, 3, 39, 0]"""
j10,1,proactive_quantile_0.9,600,True,24,0.0635671615600586,0.00023365020751953125,"[0, 0, 0, 0, 6, 9, 11, 5, 16, 16, 16, 0, 39]","""[0, 3, 6, 3, 2, 6, 6, 6, 2, 6, 7, 39, 0]"""
j10,1,reactive,600,False,inf,inf,inf,null,"[0, 3, 6, 3, 2, 6, 6, 6, 2, 6, 7, 39, 0]"
j10,1,stnu,600,True,19,0.7751603126525879,0.005228281021118164,"[0, 0, 0, 0, 3, 3, 3, 5, 9, 5, 9, 0, 19]","""[0, 2, 3, 3, 2, 2, 6, 2, 10, 4, 5, 39, 0]"""
j10,1,proactive_quantile_0.9,600,True,24,0.05877232551574707,0.00027108192443847656,"[0, 0, 0, 0, 6, 9, 11, 5, 16, 16, 16, 0, 39]","""[0, 5, 8, 4, 1, 4, 5, 4, 1, 7, 8, 39, 0]"""
j10,1,reactive,600,True,24,0.05877232551574707,0.09990358352661133,"[0, 0, 0, 0, 6, 9, 11, 5, 16, 16, 16, 0, 24]","[0, 5, 8, 4, 1, 4, 5, 4, 1, 7, 8, 39, 0]"
j10,1,stnu,600,True,12,0.7611851692199707,0.005109310150146484,"[0, 0, 0, 0, 3, 3, 2, 2, 11, 5, 7, 0, 12]","""[0, 3, 7, 2, 2, 2, 5, 1, 1, 6, 3, 39, 0]"""
j10,1,proactive_quantile_0.9,600,True,13,0.04952383041381836,0.0002334117889404297,"[0, 0, 0, 0, 5, 5, 3, 3, 11, 7, 8, 0, 39]","""[0, 4, 8, 2, 1, 2, 3, 2, 1, 4, 3, 39, 0]"""
j10,1,reactive,600,True,11,0.04952383041381836,0.09859108924865723,"[0, 0, 0, 0, 5, 5, 3, 3, 8, 7, 8, 0, 11]","[0, 4, 8, 2, 1, 2, 3, 2, 1, 4, 3, 39, 0]"
j10,1,stnu,600,True,19,0.6380455493927002,0.005257129669189453,"[0, 0, 0, 0, 4, 6, 9, 4, 12, 12, 12, 0, 19]","""[0, 3, 6, 4, 2, 5, 3, 5, 1, 6, 7, 39, 0]"""
j10,1,proactive_quantile_0.9,600,True,28,0.053057193756103516,0.00042939186096191406,"[0, 0, 0, 0, 2, 2, 2, 13, 13, 20, 9, 0, 0, 0, 65]","""[0, 5, 4, 1, 8, 3, 8, 5, 2, 8, 7, 65, 52, 23, 0]"""
j10,1,reactive,600,False,inf,inf,inf,null,"[0, 5, 4, 1, 8, 3, 8, 5, 2, 8, 7, 65, 52, 23, 0]"
j10,1,stnu,600,True,24,0.66237473487854,0.006754636764526367,"[0, 0, 0, 0, 1, 1, 1, 9, 9, 16, 9, 0, 0, 0, 24]","""[0, 5, 4, 1, 8, 3, 8, 5, 2, 8, 7, 65, 52, 23, 0]"""
j10,1,proactive_quantile_0.9,600,True,28,0.04500603675842285,0.00043845176696777344,"[0, 0, 0, 0, 2, 2, 2, 13, 13, 20, 9, 0, 0, 0, 65]","""[0, 3, 2, 2, 5, 2, 7, 6, 1, 7, 7, 65, 52, 23, 0]"""
j10,1,reactive,600,True,27,0.04500603675842285,0.10031485557556152,"[0, 0, 0, 0, 2, 2, 2, 13, 13, 20, 9, 0, 0, 0, 27]","[0, 3, 2, 2, 5, 2, 7, 6, 1, 7, 7, 65, 52, 23, 0]"
j10,1,stnu,600,True,22,0.6800920963287354,0.0070037841796875,"[0, 0, 0, 0, 2, 2, 2, 9, 9, 15, 7, 0, 0, 0, 22]","""[0, 3, 2, 2, 5, 2, 7, 6, 1, 7, 7, 65, 52, 23, 0]"""
j10,1,proactive_quantile_0.9,600,True,21,0.047737836837768555,0.00042819976806640625,"[0, 0, 0, 0, 2, 2, 2, 11, 11, 17, 6, 0, 0, 0, 65]","""[0, 3, 2, 1, 3, 3, 8, 4, 1, 4, 5, 65, 52, 23, 0]"""
j10,1,reactive,600,True,19,0.047737836837768555,0.0856316089630127,"[0, 0, 0, 0, 2, 2, 2, 11, 11, 15, 6, 0, 0, 0, 19]","[0, 3, 2, 1, 3, 3, 8, 4, 1, 4, 5, 65, 52, 23, 0]"
j10,1,stnu,600,True,20,0.633232831954956,0.006916522979736328,"[0, 0, 0, 0, 1, 1, 1, 9, 9, 14, 6, 0, 0, 0, 20]","""[0, 5, 3, 1, 5, 3, 8, 5, 1, 6, 8, 65, 52, 23, 0]"""
j10,1,proactive_quantile_0.9,600,True,28,0.042406320571899414,0.00043892860412597656,"[0, 0, 0, 0, 2, 2, 2, 13, 13, 20, 9, 0, 0, 0, 65]","""[0, 5, 1, 1, 5, 1, 7, 5, 1, 7, 6, 65, 52, 23, 0]"""
j10,1,reactive,600,True,27,0.042406320571899414,0.10351014137268066,"[0, 0, 0, 0, 2, 2, 2, 13, 13, 20, 9, 0, 0, 0, 27]","[0, 5, 1, 1, 5, 1, 7, 5, 1, 7, 6, 65, 52, 23, 0]"
j10,1,stnu,600,True,20,0.6516036987304688,0.0067691802978515625,"[0, 0, 0, 0, 1, 1, 1, 8, 8, 13, 6, 0, 0, 0, 20]","""[0, 5, 1, 1, 5, 1, 7, 5, 1, 7, 6, 65, 52, 23, 0]"""
j10,1,proactive_quantile_0.9,600,True,28,0.06098508834838867,0.0004596710205078125,"[0, 0, 0, 0, 2, 2, 2, 13, 13, 20, 9, 0, 0, 0, 65]","""[0, 3, 2, 2, 4, 2, 8, 6, 1, 8, 7, 65, 52, 23, 0]"""
j10,1,reactive,600,True,27,0.06098508834838867,0.08868622779846191,"[0, 0, 0, 0, 2, 2, 2, 13, 13, 19, 9, 0, 0, 0, 27]","[0, 3, 2, 2, 4, 2, 8, 6, 1, 8, 7, 65, 52, 23, 0]"
j10,1,stnu,600,True,24,0.6859645843505859,0.006990194320678711,"[0, 0, 0, 0, 2, 2, 2, 10, 10, 16, 6, 0, 0, 0, 24]","""[0, 3, 2, 2, 4, 2, 8, 6, 1, 8, 7, 65, 52, 23, 0]"""
j10,1,proactive_quantile_0.9,600,True,28,0.05948352813720703,0.0004336833953857422,"[0, 0, 0, 0, 2, 2, 2, 13, 13, 20, 9, 0, 0, 0, 65]","""[0, 4, 3, 1, 4, 2, 9, 5, 2, 5, 9, 65, 52, 23, 0]"""
j10,1,reactive,600,True,25,0.05948352813720703,0.08405065536499023,"[0, 0, 0, 0, 2, 2, 2, 13, 13, 20, 9, 0, 0, 0, 25]","[0, 4, 3, 1, 4, 2, 9, 5, 2, 5, 9, 65, 52, 23, 0]"
j10,1,stnu,600,True,14,0.7266488075256348,0.006865262985229492,"[0, 0, 0, 0, 1, 1, 1, 8, 8, 12, 3, 0, 0, 0, 14]","""[0, 2, 2, 1, 2, 2, 7, 4, 2, 2, 4, 65, 52, 23, 0]"""
j10,1,proactive_quantile_0.9,600,True,21,0.05751490592956543,0.0004138946533203125,"[0, 0, 0, 0, 2, 2, 2, 11, 11, 17, 6, 0, 0, 0, 65]","""[0, 3, 2, 1, 1, 2, 9, 5, 2, 3, 4, 65, 52, 23, 0]"""
j10,1,reactive,600,True,20,0.05751490592956543,0.07985591888427734,"[0, 0, 0, 0, 2, 2, 2, 11, 11, 17, 6, 0, 0, 0, 20]","[0, 3, 2, 1, 1, 2, 9, 5, 2, 3, 4, 65, 52, 23, 0]"
j10,1,stnu,600,True,20,0.6327040195465088,0.00671076774597168,"[0, 0, 0, 0, 1, 1, 1, 9, 9, 14, 7, 0, 0, 0, 20]","""[0, 5, 3, 1, 6, 2, 8, 5, 2, 6, 7, 65, 52, 23, 0]"""
j10,1,proactive_quantile_0.9,600,True,28,0.042730093002319336,0.00044035911560058594,"[0, 0, 0, 0, 2, 2, 2, 13, 13, 20, 9, 0, 0, 0, 65]","""[0, 4, 2, 1, 5, 3, 9, 5, 2, 9, 8, 65, 52, 23, 0]"""
j10,1,reactive,600,True,29,0.042730093002319336,0.08879566192626953,"[0, 0, 0, 0, 2, 2, 2, 13, 13, 20, 9, 0, 0, 0, 29]","[0, 4, 2, 1, 5, 3, 9, 5, 2, 9, 8, 65, 52, 23, 0]"
j10,1,stnu,600,True,24,0.6066122055053711,0.006957054138183594,"[0, 0, 0, 0, 1, 1, 1, 10, 10, 15, 6, 0, 0, 0, 24]","""[0, 4, 2, 1, 5, 3, 9, 5, 2, 9, 8, 65, 52, 23, 0]"""
j10,1,proactive_quantile_0.9,600,True,28,0.05134749412536621,0.0004436969757080078,"[0, 0, 0, 0, 2, 2, 2, 13, 13, 20, 9, 0, 0, 0, 65]","""[0, 6, 1, 2, 5, 3, 11, 7, 1, 6, 8, 65, 52, 23, 0]"""
j10,1,reactive,600,True,26,0.05134749412536621,0.07094860076904297,"[0, 0, 0, 0, 2, 2, 2, 13, 13, 20, 9, 0, 0, 0, 26]","[0, 6, 1, 2, 5, 3, 11, 7, 1, 6, 8, 65, 52, 23, 0]"
j10,1,stnu,600,True,26,0.5878608226776123,0.0068323612213134766,"[0, 0, 0, 0, 2, 2, 2, 13, 13, 20, 7, 0, 0, 0, 26]","""[0, 6, 1, 2, 5, 3, 11, 7, 1, 6, 8, 65, 52, 23, 0]"""
j10,1,proactive_quantile_0.9,600,True,21,0.05402994155883789,0.0004036426544189453,"[0, 0, 0, 0, 2, 2, 2, 11, 11, 17, 6, 0, 0, 0, 65]","""[0, 1, 3, 1, 2, 4, 9, 4, 2, 2, 4, 65, 52, 23, 0]"""
j10,1,reactive,600,True,17,0.05402994155883789,0.14495277404785156,"[0, 0, 0, 0, 2, 2, 2, 11, 11, 15, 6, 0, 0, 0, 17]","[0, 1, 3, 1, 2, 4, 9, 4, 2, 2, 4, 65, 52, 23, 0]"
j10,1,stnu,600,True,22,0.6030774116516113,0.006810426712036133,"[0, 0, 0, 0, 1, 1, 1, 11, 11, 17, 9, 0, 0, 0, 22]","""[0, 4, 3, 1, 8, 4, 10, 6, 2, 5, 7, 65, 52, 23, 0]"""
j10,1,stnu,600,False,inf,0.6171135902404785,inf,[],"""[0, 2, 2, 1, 2, 6, 2, 1, 1, 4, 5, 39, 64, 12, 16, 0]"""
j10,1,stnu,600,False,inf,0.6135730743408203,inf,[],"""[0, 2, 3, 1, 1, 6, 2, 2, 2, 2, 4, 39, 64, 12, 16, 0]"""
j10,1,stnu,600,False,inf,0.5753872394561768,inf,[],"""[0, 2, 1, 1, 1, 6, 2, 2, 2, 2, 4, 39, 64, 12, 16, 0]"""
j10,1,stnu,600,False,inf,0.726327657699585,inf,[],"""[0, 3, 1, 1, 2, 6, 1, 1, 2, 4, 3, 39, 64, 12, 16, 0]"""
j10,1,stnu,600,False,inf,0.633925199508667,inf,[],"""[0, 3, 1, 2, 2, 7, 2, 1, 2, 2, 6, 39, 64, 12, 16, 0]"""
j10,1,stnu,600,False,inf,0.6422653198242188,inf,[],"""[0, 3, 2, 1, 2, 5, 2, 1, 2, 3, 3, 39, 64, 12, 16, 0]"""
j10,1,stnu,600,False,inf,0.5878560543060303,inf,[],"""[0, 2, 2, 1, 2, 5, 1, 2, 1, 4, 5, 39, 64, 12, 16, 0]"""
j10,1,stnu,600,False,inf,0.7536203861236572,inf,[],"""[0, 2, 2, 1, 3, 9, 2, 1, 1, 2, 5, 39, 64, 12, 16, 0]"""
j10,1,stnu,600,False,inf,0.6939194202423096,inf,[],"""[0, 2, 2, 1, 2, 6, 1, 2, 2, 4, 5, 39, 64, 12, 16, 0]"""
j10,1,stnu,600,False,inf,0.6856224536895752,inf,[],"""[0, 3, 1, 2, 2, 7, 2, 1, 1, 2, 4, 39, 64, 12, 16, 0]"""
j10,1,proactive_quantile_0.9,600,True,25,0.06124234199523926,0.00021505355834960938,"[0, 0, 0, 0, 4, 4, 10, 12, 16, 18, 16, 0, 26]","""[0, 1, 2, 6, 8, 5, 5, 2, 7, 4, 6, 26, 0]"""
j10,1,reactive,600,True,23,0.06124234199523926,0.08560633659362793,"[0, 0, 0, 0, 4, 4, 10, 12, 16, 18, 16, 0, 23]","[0, 1, 2, 6, 8, 5, 5, 2, 7, 4, 6, 26, 0]"
j10,1,stnu,600,True,19,0.6202099323272705,0.005040645599365234,"[0, 0, 0, 0, 2, 2, 7, 10, 12, 12, 12, 0, 19]","""[0, 1, 2, 6, 8, 5, 5, 2, 7, 4, 6, 26, 0]"""
j10,1,proactive_quantile_0.9,600,True,25,0.05658912658691406,0.00023102760314941406,"[0, 0, 0, 0, 4, 4, 10, 12, 16, 18, 16, 0, 26]","""[0, 1, 4, 6, 5, 6, 7, 3, 6, 5, 7, 26, 0]"""
j10,1,reactive,600,True,23,0.05658912658691406,0.07417869567871094,"[0, 0, 0, 0, 4, 4, 10, 12, 16, 18, 16, 0, 23]","[0, 1, 4, 6, 5, 6, 7, 3, 6, 5, 7, 26, 0]"
j10,1,stnu,600,True,22,0.5804061889648438,0.0050966739654541016,"[0, 0, 0, 0, 4, 4, 10, 10, 13, 17, 13, 0, 22]","""[0, 1, 4, 6, 5, 6, 7, 3, 6, 5, 7, 26, 0]"""
j10,1,proactive_quantile_0.9,600,True,21,0.053134918212890625,0.0002079010009765625,"[0, 0, 0, 0, 3, 2, 5, 6, 9, 10, 9, 0, 26]","""[0, 2, 2, 2, 2, 1, 3, 1, 2, 8, 4, 26, 0]"""
j10,1,reactive,600,True,18,0.053134918212890625,0.07907629013061523,"[0, 0, 0, 0, 3, 2, 5, 6, 9, 10, 9, 0, 18]","[0, 2, 2, 2, 2, 1, 3, 1, 2, 8, 4, 26, 0]"
j10,1,stnu,600,True,20,0.6601178646087646,0.0049974918365478516,"[0, 0, 0, 0, 3, 3, 10, 12, 14, 15, 14, 0, 20]","""[0, 3, 3, 7, 9, 7, 5, 2, 6, 5, 6, 26, 0]"""
j10,1,proactive_quantile_0.9,600,True,21,0.05890536308288574,0.00020837783813476562,"[0, 0, 0, 0, 3, 2, 5, 6, 9, 10, 9, 0, 26]","""[0, 1, 2, 2, 3, 2, 4, 3, 2, 9, 3, 26, 0]"""
j10,1,reactive,600,True,19,0.05890536308288574,0.08068966865539551,"[0, 0, 0, 0, 3, 2, 5, 6, 9, 10, 9, 0, 19]","[0, 1, 2, 2, 3, 2, 4, 3, 2, 9, 3, 26, 0]"
j10,1,stnu,600,True,18,0.5994863510131836,0.004993915557861328,"[0, 0, 0, 0, 4, 4, 7, 8, 9, 13, 9, 0, 18]","""[0, 4, 3, 3, 4, 3, 6, 1, 6, 5, 9, 26, 0]"""
j10,1,proactive_quantile_0.9,600,True,19,0.13294053077697754,0.00020551681518554688,"[0, 0, 0, 0, 3, 2, 5, 7, 10, 10, 10, 0, 26]","""[0, 1, 2, 5, 3, 3, 5, 3, 8, 6, 5, 26, 0]"""
j10,1,reactive,600,True,18,0.13294053077697754,0.17933249473571777,"[0, 0, 0, 0, 3, 2, 5, 7, 10, 10, 10, 0, 18]","[0, 1, 2, 5, 3, 3, 5, 3, 8, 6, 5, 26, 0]"
j10,1,stnu,600,True,21,0.6329481601715088,0.00494837760925293,"[0, 0, 0, 0, 2, 2, 7, 10, 13, 14, 13, 0, 21]","""[0, 2, 2, 6, 8, 5, 7, 3, 8, 6, 8, 26, 0]"""
j10,1,proactive_quantile_0.9,600,True,15,0.141646146774292,0.00020384788513183594,"[0, 0, 0, 0, 3, 2, 5, 6, 9, 10, 9, 0, 26]","""[0, 2, 1, 4, 3, 2, 3, 2, 3, 2, 6, 26, 0]"""
j10,1,reactive,600,True,15,0.141646146774292,0.05370211601257324,"[0, 0, 0, 0, 3, 2, 5, 6, 9, 8, 9, 0, 15]","[0, 2, 1, 4, 3, 2, 3, 2, 3, 2, 6, 26, 0]"
j10,1,stnu,600,True,20,0.6072099208831787,0.005060434341430664,"[0, 0, 0, 0, 2, 2, 7, 8, 11, 12, 11, 0, 20]","""[0, 2, 2, 6, 6, 5, 5, 3, 7, 2, 9, 26, 0]"""
j10,1,proactive_quantile_0.9,600,True,19,0.13234305381774902,0.00020456314086914062,"[0, 0, 0, 0, 3, 2, 5, 7, 10, 10, 10, 0, 26]","""[0, 2, 1, 7, 2, 1, 4, 3, 6, 6, 3, 26, 0]"""
j10,1,reactive,600,True,16,0.13234305381774902,0.07275867462158203,"[0, 0, 0, 0, 3, 2, 5, 7, 10, 10, 10, 0, 16]","[0, 2, 1, 7, 2, 1, 4, 3, 6, 6, 3, 26, 0]"
j10,1,stnu,600,True,22,0.6354379653930664,0.005022525787353516,"[0, 0, 0, 0, 3, 3, 8, 10, 13, 16, 13, 0, 22]","""[0, 3, 2, 5, 7, 5, 8, 3, 6, 6, 9, 26, 0]"""
j10,1,proactive_quantile_0.9,600,True,21,0.05845308303833008,0.00022459030151367188,"[0, 0, 0, 0, 3, 2, 5, 6, 9, 10, 9, 0, 26]","""[0, 2, 1, 2, 1, 2, 5, 2, 3, 8, 5, 26, 0]"""
j10,1,reactive,600,True,18,0.05845308303833008,0.07375025749206543,"[0, 0, 0, 0, 3, 2, 5, 6, 9, 10, 9, 0, 18]","[0, 2, 1, 2, 1, 2, 5, 2, 3, 8, 5, 26, 0]"
j10,1,stnu,600,True,26,0.6190645694732666,0.005006551742553711,"[0, 0, 0, 0, 3, 3, 10, 10, 12, 19, 12, 0, 26]","""[0, 3, 2, 5, 5, 7, 9, 2, 5, 7, 8, 26, 0]"""
j10,1,proactive_quantile_0.9,600,True,21,0.04267621040344238,0.0001957416534423828,"[0, 0, 0, 0, 3, 2, 5, 6, 9, 10, 9, 0, 26]","""[0, 1, 2, 2, 2, 1, 2, 3, 2, 10, 5, 26, 0]"""
j10,1,reactive,600,True,20,0.04267621040344238,0.09352993965148926,"[0, 0, 0, 0, 3, 2, 5, 6, 9, 10, 9, 0, 20]","[0, 1, 2, 2, 2, 1, 2, 3, 2, 10, 5, 26, 0]"
j10,1,stnu,600,True,19,0.6093490123748779,0.004984140396118164,"[0, 0, 0, 0, 3, 3, 6, 10, 12, 12, 12, 0, 19]","""[0, 3, 3, 6, 7, 3, 6, 2, 7, 3, 7, 26, 0]"""
j10,1,proactive_quantile_0.9,600,True,25,0.06333732604980469,0.00026988983154296875,"[0, 0, 0, 0, 4, 4, 10, 12, 16, 18, 16, 0, 26]","""[0, 3, 2, 5, 7, 5, 6, 2, 8, 7, 9, 26, 0]"""
j10,1,reactive,600,True,25,0.06333732604980469,0.0947721004486084,"[0, 0, 0, 0, 4, 4, 10, 12, 16, 18, 16, 0, 25]","[0, 3, 2, 5, 7, 5, 6, 2, 8, 7, 9, 26, 0]"
j10,1,stnu,600,True,21,0.6236588954925537,0.005080461502075195,"[0, 0, 0, 0, 3, 3, 8, 10, 12, 14, 12, 0, 21]","""[0, 3, 2, 5, 7, 5, 6, 2, 8, 7, 9, 26, 0]"""
j10,1,proactive_quantile_0.9,600,True,37,0.04881691932678223,0.0005693435668945312,"[0, 0, 0, 8, 11, 4, 11, 19, 14, 23, 29, 0, 0, 0, 0, 78]","""[0, 3, 5, 3, 7, 5, 2, 3, 6, 3, 5, 5, 78, 70, 76, 0]"""
j10,1,reactive,600,True,31,0.04881691932678223,0.13918304443359375,"[0, 0, 0, 8, 11, 4, 11, 19, 14, 23, 26, 0, 0, 0, 0, 31]","[0, 3, 5, 3, 7, 5, 2, 3, 6, 3, 5, 5, 78, 70, 76, 0]"
j10,1,stnu,600,True,24,0.7215611934661865,0.007981061935424805,"[0, 0, 0, 5, 8, 3, 8, 15, 10, 16, 19, 0, 0, 0, 0, 24]","""[0, 3, 5, 3, 7, 5, 2, 3, 6, 3, 5, 5, 78, 70, 76, 0]"""
j10,1,proactive_quantile_0.9,600,True,37,0.05860137939453125,0.0005879402160644531,"[0, 0, 0, 8, 11, 4, 11, 19, 14, 23, 29, 0, 0, 0, 0, 78]","""[0, 3, 7, 2, 7, 6, 1, 3, 8, 4, 7, 5, 78, 70, 76, 0]"""
j10,1,reactive,600,True,34,0.05860137939453125,0.15880846977233887,"[0, 0, 0, 8, 11, 4, 11, 19, 14, 23, 27, 0, 0, 0, 0, 34]","[0, 3, 7, 2, 7, 6, 1, 3, 8, 4, 7, 5, 78, 70, 76, 0]"
j10,1,stnu,600,True,19,0.5985667705535889,0.0077631473541259766,"[0, 0, 0, 3, 9, 5, 5, 7, 11, 10, 10, 0, 0, 0, 0, 19]","""[0, 3, 5, 2, 1, 6, 2, 2, 5, 9, 3, 5, 78, 70, 76, 0]"""
j10,1,proactive_quantile_0.9,600,True,37,0.06869745254516602,0.0005772113800048828,"[0, 0, 0, 8, 11, 4, 11, 19, 14, 23, 29, 0, 0, 0, 0, 78]","""[0, 1, 7, 1, 6, 6, 2, 6, 8, 4, 6, 5, 78, 70, 76, 0]"""
j10,1,reactive,600,True,35,0.06869745254516602,0.1641688346862793,"[0, 0, 0, 8, 11, 4, 11, 19, 14, 23, 29, 0, 0, 0, 0, 35]","[0, 1, 7, 1, 6, 6, 2, 6, 8, 4, 6, 5, 78, 70, 76, 0]"
j10,1,stnu,600,True,28,0.6542019844055176,0.0077495574951171875,"[0, 0, 0, 7, 8, 1, 8, 14, 10, 18, 22, 0, 0, 0, 0, 28]","""[0, 1, 7, 1, 6, 6, 2, 6, 8, 4, 6, 5, 78, 70, 76, 0]"""
j10,1,proactive_quantile_0.9,600,True,37,0.05872178077697754,0.0005745887756347656,"[0, 0, 0, 8, 11, 4, 11, 19, 14, 23, 29, 0, 0, 0, 0, 78]","""[0, 1, 7, 2, 6, 6, 2, 3, 7, 3, 6, 5, 78, 70, 76, 0]"""
j10,1,reactive,600,True,35,0.05872178077697754,0.14215636253356934,"[0, 0, 0, 8, 11, 4, 11, 19, 14, 23, 29, 0, 0, 0, 0, 35]","[0, 1, 7, 2, 6, 6, 2, 3, 7, 3, 6, 5, 78, 70, 76, 0]"
j10,1,stnu,600,True,19,0.6734564304351807,0.007807731628417969,"[0, 0, 0, 1, 8, 3, 4, 5, 11, 11, 11, 0, 0, 0, 0, 19]","""[0, 1, 4, 2, 3, 6, 1, 3, 6, 8, 3, 5, 78, 70, 76, 0]"""
j10,1,proactive_quantile_0.9,600,True,29,0.06549525260925293,0.0005917549133300781,"[0, 0, 0, 4, 10, 7, 5, 7, 13, 18, 18, 0, 0, 0, 0, 78]","""[0, 2, 5, 2, 7, 4, 2, 2, 9, 7, 8, 5, 78, 70, 76, 0]"""
j10,1,reactive,600,True,26,0.06549525260925293,0.10802364349365234,"[0, 0, 0, 4, 10, 7, 5, 7, 13, 18, 18, 0, 0, 0, 0, 26]","[0, 2, 5, 2, 7, 4, 2, 2, 9, 7, 8, 5, 78, 70, 76, 0]"
j10,1,stnu,600,True,30,0.7200961112976074,0.007768392562866211,"[0, 0, 0, 6, 8, 2, 8, 15, 9, 17, 24, 0, 0, 0, 0, 30]","""[0, 2, 6, 2, 7, 6, 1, 6, 8, 7, 6, 5, 78, 70, 76, 0]"""
j10,1,proactive_quantile_0.9,600,True,37,0.15279054641723633,0.0006163120269775391,"[0, 0, 0, 8, 11, 4, 11, 19, 14, 23, 29, 0, 0, 0, 0, 78]","""[0, 2, 6, 2, 8, 6, 2, 4, 7, 4, 4, 5, 78, 70, 76, 0]"""
j10,1,reactive,600,True,33,0.15279054641723633,0.18277430534362793,"[0, 0, 0, 8, 11, 4, 11, 19, 14, 23, 29, 0, 0, 0, 0, 33]","[0, 2, 6, 2, 8, 6, 2, 4, 7, 4, 4, 5, 78, 70, 76, 0]"
j10,1,stnu,600,True,24,0.7510294914245605,0.007719278335571289,"[0, 0, 0, 2, 4, 5, 4, 5, 16, 21, 12, 0, 0, 0, 0, 24]","""[0, 2, 4, 2, 8, 11, 1, 2, 5, 3, 8, 5, 78, 70, 76, 0]"""
j10,1,proactive_quantile_0.9,600,True,37,0.06825494766235352,0.0005846023559570312,"[0, 0, 0, 8, 11, 4, 11, 19, 14, 23, 29, 0, 0, 0, 0, 78]","""[0, 3, 5, 2, 6, 5, 2, 4, 6, 3, 5, 5, 78, 70, 76, 0]"""
j10,1,reactive,600,True,31,0.06825494766235352,0.17046904563903809,"[0, 0, 0, 8, 11, 4, 11, 19, 14, 23, 26, 0, 0, 0, 0, 31]","[0, 3, 5, 2, 6, 5, 2, 4, 6, 3, 5, 5, 78, 70, 76, 0]"
j10,1,stnu,600,True,24,0.6541781425476074,0.007878780364990234,"[0, 0, 0, 5, 8, 3, 8, 14, 10, 16, 19, 0, 0, 0, 0, 24]","""[0, 3, 5, 2, 6, 5, 2, 4, 6, 3, 5, 5, 78, 70, 76, 0]"""
j10,1,proactive_quantile_0.9,600,True,37,0.1197209358215332,0.0005781650543212891,"[0, 0, 0, 8, 11, 4, 11, 19, 14, 23, 29, 0, 0, 0, 0, 78]","""[0, 2, 5, 2, 7, 5, 2, 4, 9, 4, 5, 5, 78, 70, 76, 0]"""
j10,1,reactive,600,True,32,0.1197209358215332,0.16025280952453613,"[0, 0, 0, 8, 11, 4, 11, 19, 14, 23, 27, 0, 0, 0, 0, 32]","[0, 2, 5, 2, 7, 5, 2, 4, 9, 4, 5, 5, 78, 70, 76, 0]"
j10,1,stnu,600,True,27,0.6387958526611328,0.007757902145385742,"[0, 0, 0, 5, 7, 2, 7, 14, 9, 18, 22, 0, 0, 0, 0, 27]","""[0, 2, 5, 2, 7, 5, 2, 4, 9, 4, 5, 5, 78, 70, 76, 0]"""
j10,1,proactive_quantile_0.9,600,True,37,0.054517269134521484,0.0006132125854492188,"[0, 0, 0, 8, 11, 4, 11, 19, 14, 23, 29, 0, 0, 0, 0, 78]","""[0, 3, 7, 3, 7, 5, 3, 3, 8, 4, 7, 5, 78, 70, 76, 0]"""
j10,1,reactive,600,True,34,0.054517269134521484,0.12607145309448242,"[0, 0, 0, 8, 11, 4, 11, 19, 14, 23, 27, 0, 0, 0, 0, 34]","[0, 3, 7, 3, 7, 5, 3, 3, 8, 4, 7, 5, 78, 70, 76, 0]"
j10,1,stnu,600,True,32,0.628772497177124,0.007876157760620117,"[0, 0, 0, 7, 10, 3, 10, 17, 13, 21, 25, 0, 0, 0, 0, 32]","""[0, 3, 7, 3, 7, 5, 3, 3, 8, 4, 7, 5, 78, 70, 76, 0]"""
j10,1,proactive_quantile_0.9,600,True,37,0.0995171070098877,0.0005726814270019531,"[0, 0, 0, 8, 11, 4, 11, 19, 14, 23, 29, 0, 0, 0, 0, 78]","""[0, 3, 5, 1, 6, 4, 2, 6, 9, 4, 5, 5, 78, 70, 76, 0]"""
j10,1,reactive,600,True,32,0.0995171070098877,0.16011619567871094,"[0, 0, 0, 8, 11, 4, 11, 19, 14, 23, 27, 0, 0, 0, 0, 32]","[0, 3, 5, 1, 6, 4, 2, 6, 9, 4, 5, 5, 78, 70, 76, 0]"
j10,1,stnu,600,True,26,0.7468185424804688,0.007801055908203125,"[0, 0, 0, 3, 5, 6, 5, 6, 14, 21, 13, 0, 0, 0, 0, 26]","""[0, 3, 5, 1, 8, 8, 1, 2, 7, 5, 10, 5, 78, 70, 76, 0]"""
j10,1,proactive_quantile_0.9,600,False,inf,0.056047916412353516,inf,"[0, 0, 0, 0, 3, 5, 9, 10, 16, 11, 17, 0, 0, 47]","""[0, 7, 6, 3, 6, 2, 6, 5, 3, 4, 9, 47, 29, 0]"""
j10,1,reactive,600,False,inf,inf,inf,null,"[0, 7, 6, 3, 6, 2, 6, 5, 3, 4, 9, 47, 29, 0]"
j10,1,stnu,600,False,inf,0.6077995300292969,inf,[],"""[0, 7, 6, 3, 6, 2, 6, 5, 3, 4, 9, 47, 29, 0]"""
j10,1,proactive_quantile_0.9,600,True,28,0.05986356735229492,0.0003349781036376953,"[0, 0, 0, 0, 3, 5, 9, 10, 16, 11, 17, 0, 0, 47]","""[0, 8, 4, 2, 6, 3, 6, 5, 4, 4, 11, 47, 29, 0]"""
j10,1,reactive,600,True,26,0.05986356735229492,0.12831664085388184,"[0, 0, 0, 0, 3, 5, 9, 10, 15, 11, 15, 0, 0, 26]","[0, 8, 4, 2, 6, 3, 6, 5, 4, 4, 11, 47, 29, 0]"
j10,1,stnu,600,False,inf,0.6206724643707275,inf,[],"""[0, 8, 4, 2, 6, 3, 6, 5, 4, 4, 11, 47, 29, 0]"""
j10,1,proactive_quantile_0.9,600,True,28,0.049451589584350586,0.00031280517578125,"[0, 0, 0, 0, 3, 5, 9, 10, 16, 11, 17, 0, 0, 47]","""[0, 10, 5, 2, 5, 3, 6, 7, 5, 4, 7, 47, 29, 0]"""
j10,1,reactive,600,True,24,0.049451589584350586,0.10930562019348145,"[0, 0, 0, 0, 3, 5, 9, 10, 16, 11, 17, 0, 0, 24]","[0, 10, 5, 2, 5, 3, 6, 7, 5, 4, 7, 47, 29, 0]"
j10,1,stnu,600,False,inf,0.58176589012146,inf,[],"""[0, 10, 5, 2, 5, 3, 6, 7, 5, 4, 7, 47, 29, 0]"""
j10,1,proactive_quantile_0.9,600,True,28,0.05661821365356445,0.000339508056640625,"[0, 0, 0, 0, 3, 5, 9, 10, 16, 11, 17, 0, 0, 47]","""[0, 10, 3, 2, 7, 4, 6, 7, 6, 4, 8, 47, 29, 0]"""
j10,1,reactive,600,True,25,0.05661821365356445,0.0786445140838623,"[0, 0, 0, 0, 3, 5, 9, 10, 16, 11, 17, 0, 0, 25]","[0, 10, 3, 2, 7, 4, 6, 7, 6, 4, 8, 47, 29, 0]"
j10,1,stnu,600,False,inf,0.8259634971618652,inf,[],"""[0, 10, 3, 2, 7, 4, 6, 7, 6, 4, 8, 47, 29, 0]"""
j10,1,proactive_quantile_0.9,600,True,28,0.0448765754699707,0.0003039836883544922,"[0, 0, 0, 0, 3, 5, 9, 10, 16, 11, 17, 0, 0, 47]","""[0, 9, 3, 2, 5, 3, 6, 6, 6, 5, 9, 47, 29, 0]"""
j10,1,reactive,600,True,26,0.0448765754699707,0.21778202056884766,"[0, 0, 0, 0, 3, 5, 9, 10, 16, 11, 17, 0, 0, 26]","[0, 9, 3, 2, 5, 3, 6, 6, 6, 5, 9, 47, 29, 0]"
j10,1,stnu,600,False,inf,0.565474271774292,inf,[],"""[0, 9, 3, 2, 5, 3, 6, 6, 6, 5, 9, 47, 29, 0]"""
j10,1,proactive_quantile_0.9,600,False,inf,0.06277132034301758,inf,"[0, 0, 0, 0, 3, 5, 9, 10, 16, 11, 17, 0, 0, 47]","""[0, 7, 6, 1, 7, 2, 7, 5, 7, 3, 8, 47, 29, 0]"""
j10,1,reactive,600,False,inf,inf,inf,null,"[0, 7, 6, 1, 7, 2, 7, 5, 7, 3, 8, 47, 29, 0]"
j10,1,stnu,600,False,inf,0.5805370807647705,inf,[],"""[0, 7, 6, 1, 7, 2, 7, 5, 7, 3, 8, 47, 29, 0]"""
j10,1,proactive_quantile_0.9,600,True,28,0.05304551124572754,0.00036644935607910156,"[0, 0, 0, 0, 3, 5, 9, 10, 16, 11, 17, 0, 0, 47]","""[0, 11, 4, 2, 4, 4, 5, 5, 6, 5, 10, 47, 29, 0]"""
j10,1,reactive,600,True,27,0.05304551124572754,0.08038139343261719,"[0, 0, 0, 0, 3, 5, 9, 10, 16, 11, 17, 0, 0, 27]","[0, 11, 4, 2, 4, 4, 5, 5, 6, 5, 10, 47, 29, 0]"
j10,1,stnu,600,False,inf,0.5804328918457031,inf,[],"""[0, 11, 4, 2, 4, 4, 5, 5, 6, 5, 10, 47, 29, 0]"""
j10,1,proactive_quantile_0.9,600,True,28,0.07059907913208008,0.00034618377685546875,"[0, 0, 0, 0, 3, 5, 9, 10, 16, 11, 17, 0, 0, 47]","""[0, 8, 4, 2, 4, 2, 7, 6, 4, 5, 10, 47, 29, 0]"""
j10,1,reactive,600,True,27,0.07059907913208008,0.12864899635314941,"[0, 0, 0, 0, 3, 5, 9, 10, 16, 11, 17, 0, 0, 27]","[0, 8, 4, 2, 4, 2, 7, 6, 4, 5, 10, 47, 29, 0]"
j10,1,stnu,600,False,inf,0.6101531982421875,inf,[],"""[0, 8, 4, 2, 4, 2, 7, 6, 4, 5, 10, 47, 29, 0]"""
j10,1,proactive_quantile_0.9,600,False,inf,0.05532646179199219,inf,"[0, 0, 0, 0, 3, 5, 9, 10, 16, 11, 17, 0, 0, 47]","""[0, 7, 6, 2, 7, 2, 7, 6, 4, 4, 11, 47, 29, 0]"""
j10,1,reactive,600,False,inf,inf,inf,null,"[0, 7, 6, 2, 7, 2, 7, 6, 4, 4, 11, 47, 29, 0]"
j10,1,stnu,600,False,inf,0.5498733520507812,inf,[],"""[0, 7, 6, 2, 7, 2, 7, 6, 4, 4, 11, 47, 29, 0]"""
j10,1,proactive_quantile_0.9,600,True,28,0.04718589782714844,0.0003650188446044922,"[0, 0, 0, 0, 3, 5, 9, 10, 16, 11, 17, 0, 0, 47]","""[0, 10, 4, 3, 6, 2, 5, 4, 6, 5, 8, 47, 29, 0]"""
j10,1,reactive,600,True,25,0.04718589782714844,0.08396697044372559,"[0, 0, 0, 0, 3, 5, 9, 10, 16, 11, 17, 0, 0, 25]","[0, 10, 4, 3, 6, 2, 5, 4, 6, 5, 8, 47, 29, 0]"
j10,1,stnu,600,False,inf,0.543567419052124,inf,[],"""[0, 10, 4, 3, 6, 2, 5, 4, 6, 5, 8, 47, 29, 0]"""
j10,1,stnu,600,False,inf,0.705573558807373,inf,[],"""[0, 3, 6, 2, 4, 2, 8, 3, 8, 6, 1, 65, 23, 77, 18, 6, 65, 58, 0]"""
j10,1,stnu,600,False,inf,0.835850715637207,inf,[],"""[0, 2, 5, 2, 4, 2, 10, 3, 7, 7, 3, 65, 23, 77, 18, 6, 65, 58, 0]"""
j10,1,stnu,600,False,inf,0.6768701076507568,inf,[],"""[0, 2, 7, 1, 1, 1, 4, 2, 2, 2, 2, 65, 23, 77, 18, 6, 65, 58, 0]"""
j10,1,stnu,600,False,inf,0.6045405864715576,inf,[],"""[0, 1, 5, 2, 3, 2, 5, 2, 2, 2, 1, 65, 23, 77, 18, 6, 65, 58, 0]"""
j10,1,stnu,600,False,inf,0.7971913814544678,inf,[],"""[0, 1, 4, 2, 2, 2, 8, 2, 1, 1, 2, 65, 23, 77, 18, 6, 65, 58, 0]"""
j10,1,stnu,600,False,inf,0.6073384284973145,inf,[],"""[0, 2, 5, 1, 2, 2, 2, 1, 1, 2, 1, 65, 23, 77, 18, 6, 65, 58, 0]"""
j10,1,stnu,600,False,inf,0.7050588130950928,inf,[],"""[0, 1, 3, 2, 2, 2, 8, 3, 1, 1, 2, 65, 23, 77, 18, 6, 65, 58, 0]"""
j10,1,stnu,600,False,inf,0.7920587062835693,inf,[],"""[0, 3, 5, 2, 4, 1, 7, 1, 7, 5, 2, 65, 23, 77, 18, 6, 65, 58, 0]"""
j10,1,stnu,600,False,inf,0.6316087245941162,inf,[],"""[0, 2, 6, 1, 2, 2, 4, 1, 1, 1, 3, 65, 23, 77, 18, 6, 65, 58, 0]"""
j10,1,stnu,600,False,inf,0.8577964305877686,inf,[],"""[0, 1, 4, 1, 2, 2, 9, 1, 2, 2, 3, 65, 23, 77, 18, 6, 65, 58, 0]"""
j10,1,proactive_quantile_0.9,600,True,22,0.12528324127197266,0.00083160400390625,"[0, 0, 0, 0, 4, 9, 4, 11, 11, 14, 9, 0, 0, 0, 0, 0, 0, 0, 0, 71]","""[0, 3, 8, 2, 6, 1, 5, 1, 9, 1, 4, 71, 15, 34, 69, 51, 24, 69, 29, 0]"""
j10,1,reactive,600,True,20,0.12528324127197266,0.08902883529663086,"[0, 0, 0, 0, 4, 9, 4, 11, 11, 14, 9, 0, 0, 0, 0, 0, 0, 0, 0, 20]","[0, 3, 8, 2, 6, 1, 5, 1, 9, 1, 4, 71, 15, 34, 69, 51, 24, 69, 29, 0]"
j10,1,stnu,600,True,13,0.6969237327575684,0.011687755584716797,"[0, 0, 0, 0, 3, 8, 3, 9, 10, 12, 8, 0, 0, 0, 0, 0, 0, 0, 0, 13]","""[0, 3, 8, 2, 9, 1, 5, 1, 3, 1, 4, 71, 15, 34, 69, 51, 24, 69, 29, 0]"""
j10,1,proactive_quantile_0.9,600,True,23,0.07115554809570312,0.0008482933044433594,"[0, 0, 0, 5, 7, 8, 5, 12, 12, 17, 13, 0, 0, 0, 0, 0, 0, 0, 0, 71]","""[0, 5, 6, 1, 5, 2, 7, 6, 11, 4, 5, 71, 15, 34, 69, 51, 24, 69, 29, 0]"""
j10,1,reactive,600,False,inf,inf,inf,null,"[0, 5, 6, 1, 5, 2, 7, 6, 11, 4, 5, 71, 15, 34, 69, 51, 24, 69, 29, 0]"
j10,1,stnu,600,True,23,0.6770524978637695,0.011771917343139648,"[0, 0, 0, 5, 6, 6, 5, 12, 12, 18, 12, 0, 0, 0, 0, 0, 0, 0, 0, 23]","""[0, 5, 6, 1, 5, 2, 7, 6, 11, 4, 5, 71, 15, 34, 69, 51, 24, 69, 29, 0]"""
j10,1,proactive_quantile_0.9,600,True,22,0.08319258689880371,0.000823974609375,"[0, 0, 0, 0, 4, 9, 4, 11, 11, 14, 9, 0, 0, 0, 0, 0, 0, 0, 0, 71]","""[0, 1, 9, 1, 4, 2, 5, 3, 12, 2, 3, 71, 15, 34, 69, 51, 24, 69, 29, 0]"""
j10,1,reactive,600,True,23,0.08319258689880371,0.06589818000793457,"[0, 0, 0, 0, 4, 9, 4, 11, 11, 14, 9, 0, 0, 0, 0, 0, 0, 0, 0, 23]","[0, 1, 9, 1, 4, 2, 5, 3, 12, 2, 3, 71, 15, 34, 69, 51, 24, 69, 29, 0]"
j10,1,stnu,600,True,20,0.6713848114013672,0.011712789535522461,"[0, 0, 0, 5, 7, 7, 5, 10, 10, 16, 11, 0, 0, 0, 0, 0, 0, 0, 0, 20]","""[0, 5, 6, 2, 4, 3, 5, 6, 9, 4, 3, 71, 15, 34, 69, 51, 24, 69, 29, 0]"""
j10,1,proactive_quantile_0.9,600,True,23,0.060115814208984375,0.0008504390716552734,"[0, 0, 0, 5, 7, 8, 5, 12, 12, 17, 13, 0, 0, 0, 0, 0, 0, 0, 0, 71]","""[0, 4, 5, 1, 4, 2, 4, 4, 11, 4, 5, 71, 15, 34, 69, 51, 24, 69, 29, 0]"""
j10,1,reactive,600,True,23,0.060115814208984375,0.10587763786315918,"[0, 0, 0, 5, 7, 8, 5, 12, 12, 17, 13, 0, 0, 0, 0, 0, 0, 0, 0, 23]","[0, 4, 5, 1, 4, 2, 4, 4, 11, 4, 5, 71, 15, 34, 69, 51, 24, 69, 29, 0]"
j10,1,stnu,600,True,19,0.7162034511566162,0.01178598403930664,"[0, 0, 0, 4, 5, 5, 4, 8, 8, 12, 9, 0, 0, 0, 0, 0, 0, 0, 0, 19]","""[0, 4, 5, 1, 4, 2, 4, 4, 11, 4, 5, 71, 15, 34, 69, 51, 24, 69, 29, 0]"""
j10,1,proactive_quantile_0.9,600,True,23,0.054343223571777344,0.0008134841918945312,"[0, 0, 0, 5, 7, 8, 5, 12, 12, 17, 13, 0, 0, 0, 0, 0, 0, 0, 0, 71]","""[0, 3, 6, 1, 4, 1, 6, 5, 8, 5, 3, 71, 15, 34, 69, 51, 24, 69, 29, 0]"""
j10,1,reactive,600,True,22,0.054343223571777344,0.1016850471496582,"[0, 0, 0, 5, 7, 8, 5, 12, 12, 17, 13, 0, 0, 0, 0, 0, 0, 0, 0, 22]","[0, 3, 6, 1, 4, 1, 6, 5, 8, 5, 3, 71, 15, 34, 69, 51, 24, 69, 29, 0]"
j10,1,stnu,600,True,19,0.6473917961120605,0.011855840682983398,"[0, 0, 0, 3, 6, 6, 3, 9, 9, 14, 10, 0, 0, 0, 0, 0, 0, 0, 0, 19]","""[0, 3, 6, 1, 4, 1, 6, 5, 8, 5, 3, 71, 15, 34, 69, 51, 24, 69, 29, 0]"""
j10,1,proactive_quantile_0.9,600,True,22,0.14654064178466797,0.000850677490234375,"[0, 0, 0, 0, 4, 9, 4, 11, 11, 14, 9, 0, 0, 0, 0, 0, 0, 0, 0, 71]","""[0, 2, 8, 2, 5, 1, 4, 3, 9, 2, 5, 71, 15, 34, 69, 51, 24, 69, 29, 0]"""
j10,1,reactive,600,True,20,0.14654064178466797,0.09695672988891602,"[0, 0, 0, 0, 4, 9, 4, 11, 11, 14, 9, 0, 0, 0, 0, 0, 0, 0, 0, 20]","[0, 2, 8, 2, 5, 1, 4, 3, 9, 2, 5, 71, 15, 34, 69, 51, 24, 69, 29, 0]"
j10,1,stnu,600,True,20,0.6792702674865723,0.011763572692871094,"[0, 0, 0, 4, 6, 6, 4, 10, 10, 15, 11, 0, 0, 0, 0, 0, 0, 0, 0, 20]","""[0, 4, 5, 2, 5, 1, 6, 5, 8, 5, 5, 71, 15, 34, 69, 51, 24, 69, 29, 0]"""
j10,1,proactive_quantile_0.9,600,True,23,0.05013895034790039,0.0008332729339599609,"[0, 0, 0, 5, 7, 8, 5, 12, 12, 17, 13, 0, 0, 0, 0, 0, 0, 0, 0, 71]","""[0, 5, 6, 2, 5, 2, 5, 4, 8, 4, 3, 71, 15, 34, 69, 51, 24, 69, 29, 0]"""
j10,1,reactive,600,True,21,0.05013895034790039,0.10857796669006348,"[0, 0, 0, 5, 7, 8, 5, 12, 12, 17, 13, 0, 0, 0, 0, 0, 0, 0, 0, 21]","[0, 5, 6, 2, 5, 2, 5, 4, 8, 4, 3, 71, 15, 34, 69, 51, 24, 69, 29, 0]"
j10,1,stnu,600,True,18,0.6629631519317627,0.011795282363891602,"[0, 0, 0, 5, 7, 7, 5, 10, 10, 14, 12, 0, 0, 0, 0, 0, 0, 0, 0, 18]","""[0, 5, 6, 2, 5, 2, 5, 4, 8, 4, 3, 71, 15, 34, 69, 51, 24, 69, 29, 0]"""
j10,1,proactive_quantile_0.9,600,True,23,0.050537109375,0.0008552074432373047,"[0, 0, 0, 5, 7, 8, 5, 12, 12, 17, 13, 0, 0, 0, 0, 0, 0, 0, 0, 71]","""[0, 4, 6, 3, 2, 2, 7, 4, 10, 5, 3, 71, 15, 34, 69, 51, 24, 69, 29, 0]"""
j10,1,reactive,600,True,22,0.050537109375,0.09068512916564941,"[0, 0, 0, 5, 7, 8, 5, 12, 12, 17, 13, 0, 0, 0, 0, 0, 0, 0, 0, 22]","[0, 4, 6, 3, 2, 2, 7, 4, 10, 5, 3, 71, 15, 34, 69, 51, 24, 69, 29, 0]"
j10,1,stnu,600,True,21,0.6999270915985107,0.011839151382446289,"[0, 0, 0, 4, 7, 7, 4, 11, 11, 15, 11, 0, 0, 0, 0, 0, 0, 0, 0, 21]","""[0, 4, 6, 3, 2, 2, 7, 4, 10, 5, 3, 71, 15, 34, 69, 51, 24, 69, 29, 0]"""
j10,1,proactive_quantile_0.9,600,True,23,0.06645894050598145,0.0008332729339599609,"[0, 0, 0, 4, 9, 7, 4, 9, 12, 12, 12, 0, 0, 0, 0, 0, 0, 0, 0, 71]","""[0, 4, 6, 1, 3, 2, 4, 3, 9, 2, 1, 71, 15, 34, 69, 51, 24, 69, 29, 0]"""
j10,1,reactive,600,True,21,0.06645894050598145,0.07795977592468262,"[0, 0, 0, 4, 9, 7, 4, 9, 12, 12, 12, 0, 0, 0, 0, 0, 0, 0, 0, 21]","[0, 4, 6, 1, 3, 2, 4, 3, 9, 2, 1, 71, 15, 34, 69, 51, 24, 69, 29, 0]"
j10,1,stnu,600,True,17,0.6472866535186768,0.012285947799682617,"[0, 0, 0, 4, 6, 6, 4, 9, 9, 14, 9, 0, 0, 0, 0, 0, 0, 0, 0, 17]","""[0, 4, 6, 2, 3, 1, 5, 5, 8, 3, 4, 71, 15, 34, 69, 51, 24, 69, 29, 0]"""
j10,1,proactive_quantile_0.9,600,True,23,0.06983375549316406,0.0008649826049804688,"[0, 0, 0, 5, 7, 8, 5, 12, 12, 17, 13, 0, 0, 0, 0, 0, 0, 0, 0, 71]","""[0, 5, 6, 3, 6, 3, 5, 6, 9, 4, 6, 71, 15, 34, 69, 51, 24, 69, 29, 0]"""
j10,1,reactive,600,False,inf,inf,inf,null,"[0, 5, 6, 3, 6, 3, 5, 6, 9, 4, 6, 71, 15, 34, 69, 51, 24, 69, 29, 0]"
j10,1,stnu,600,True,16,0.7293665409088135,0.011714935302734375,"[0, 0, 0, 0, 3, 8, 3, 9, 11, 14, 8, 0, 0, 0, 0, 0, 0, 0, 0, 16]","""[0, 3, 8, 1, 11, 1, 5, 2, 4, 2, 6, 71, 15, 34, 69, 51, 24, 69, 29, 0]"""
j10,1,stnu,600,False,inf,0.5951285362243652,inf,[],"""[0, 3, 1, 3, 1, 2, 3, 4, 10, 4, 10, 14, 59, 3, 27, 52, 20, 24, 0]"""
j10,1,stnu,600,False,inf,0.6378071308135986,inf,[],"""[0, 1, 3, 3, 1, 2, 4, 3, 2, 1, 1, 14, 59, 3, 27, 52, 20, 24, 0]"""
j10,1,stnu,600,False,inf,0.5834910869598389,inf,[],"""[0, 3, 1, 3, 1, 2, 4, 2, 8, 3, 9, 14, 59, 3, 27, 52, 20, 24, 0]"""
j10,1,stnu,600,False,inf,0.5255711078643799,inf,[],"""[0, 2, 2, 1, 1, 2, 5, 2, 8, 5, 8, 14, 59, 3, 27, 52, 20, 24, 0]"""
j10,1,stnu,600,False,inf,0.9459688663482666,inf,[],"""[0, 3, 1, 2, 2, 2, 6, 2, 10, 3, 10, 14, 59, 3, 27, 52, 20, 24, 0]"""
j10,1,stnu,600,False,inf,0.7118220329284668,inf,[],"""[0, 1, 3, 3, 1, 1, 4, 3, 5, 2, 1, 14, 59, 3, 27, 52, 20, 24, 0]"""
j10,1,stnu,600,False,inf,0.5956439971923828,inf,[],"""[0, 3, 2, 2, 2, 2, 4, 3, 10, 4, 12, 14, 59, 3, 27, 52, 20, 24, 0]"""
j10,1,stnu,600,False,inf,0.5922789573669434,inf,[],"""[0, 1, 2, 2, 1, 2, 5, 2, 6, 1, 1, 14, 59, 3, 27, 52, 20, 24, 0]"""
j10,1,stnu,600,False,inf,0.5493564605712891,inf,[],"""[0, 2, 3, 2, 1, 3, 5, 2, 9, 5, 9, 14, 59, 3, 27, 52, 20, 24, 0]"""
j10,1,stnu,600,False,inf,0.7324650287628174,inf,[],"""[0, 4, 2, 2, 2, 1, 5, 2, 9, 5, 9, 14, 59, 3, 27, 52, 20, 24, 0]"""
j10,1,proactive_quantile_0.9,600,True,41,0.04454827308654785,0.0003190040588378906,"[0, 0, 0, 0, 16, 8, 17, 8, 25, 22, 33, 0, 56]","""[0, 3, 7, 3, 7, 9, 5, 7, 5, 9, 6, 56, 0]"""
j10,1,reactive,600,True,39,0.04454827308654785,0.11058330535888672,"[0, 0, 0, 0, 16, 8, 17, 8, 25, 22, 33, 0, 39]","[0, 3, 7, 3, 7, 9, 5, 7, 5, 9, 6, 56, 0]"
j10,1,stnu,600,True,36,0.6766507625579834,0.0052204132080078125,"[0, 0, 0, 0, 14, 7, 16, 7, 21, 21, 30, 0, 36]","""[0, 3, 7, 3, 7, 9, 5, 7, 5, 9, 6, 56, 0]"""
j10,1,proactive_quantile_0.9,600,True,31,0.047617197036743164,0.00028061866760253906,"[0, 0, 0, 0, 7, 7, 14, 7, 20, 17, 20, 0, 56]","""[0, 2, 5, 5, 2, 5, 3, 1, 8, 1, 11, 56, 0]"""
j10,1,reactive,600,True,31,0.047617197036743164,0.09740972518920898,"[0, 0, 0, 0, 7, 7, 14, 7, 20, 17, 20, 0, 31]","[0, 2, 5, 5, 2, 5, 3, 1, 8, 1, 11, 56, 0]"
j10,1,stnu,600,True,32,0.6114487648010254,0.005251407623291016,"[0, 0, 0, 0, 12, 6, 14, 6, 18, 19, 27, 0, 32]","""[0, 5, 6, 5, 6, 8, 5, 6, 3, 8, 5, 56, 0]"""
j10,1,proactive_quantile_0.9,600,True,41,0.0621495246887207,0.0003018379211425781,"[0, 0, 0, 0, 16, 8, 17, 8, 25, 22, 33, 0, 56]","""[0, 4, 6, 2, 9, 8, 4, 6, 3, 10, 6, 56, 0]"""
j10,1,reactive,600,True,39,0.0621495246887207,0.1192939281463623,"[0, 0, 0, 0, 16, 8, 17, 8, 25, 22, 33, 0, 39]","[0, 4, 6, 2, 9, 8, 4, 6, 3, 10, 6, 56, 0]"
j10,1,stnu,600,True,34,0.616567850112915,0.005227327346801758,"[0, 0, 0, 0, 12, 6, 14, 6, 21, 18, 28, 0, 34]","""[0, 4, 6, 2, 9, 8, 4, 6, 3, 10, 6, 56, 0]"""
j10,1,proactive_quantile_0.9,600,True,41,0.049109697341918945,0.00030922889709472656,"[0, 0, 0, 0, 16, 8, 17, 8, 25, 22, 33, 0, 56]","""[0, 2, 8, 6, 8, 9, 3, 6, 3, 9, 4, 56, 0]"""
j10,1,reactive,600,True,37,0.049109697341918945,0.08153843879699707,"[0, 0, 0, 0, 16, 8, 17, 8, 25, 22, 33, 0, 37]","[0, 2, 8, 6, 8, 9, 3, 6, 3, 9, 4, 56, 0]"
j10,1,stnu,600,True,33,0.619671106338501,0.005269765853881836,"[0, 0, 0, 0, 14, 8, 17, 8, 22, 20, 29, 0, 33]","""[0, 2, 8, 6, 8, 9, 3, 6, 3, 9, 4, 56, 0]"""
j10,1,proactive_quantile_0.9,600,True,41,0.05998969078063965,0.0003116130828857422,"[0, 0, 0, 0, 16, 8, 17, 8, 25, 22, 33, 0, 56]","""[0, 5, 6, 4, 6, 7, 3, 6, 6, 9, 6, 56, 0]"""
j10,1,reactive,600,True,39,0.05998969078063965,0.1221778392791748,"[0, 0, 0, 0, 16, 8, 17, 8, 25, 22, 33, 0, 39]","[0, 5, 6, 4, 6, 7, 3, 6, 6, 9, 6, 56, 0]"
j10,1,stnu,600,True,31,0.6403999328613281,0.005254507064819336,"[0, 0, 0, 0, 12, 6, 13, 6, 18, 16, 25, 0, 31]","""[0, 5, 6, 4, 6, 7, 3, 6, 6, 9, 6, 56, 0]"""
j10,1,proactive_quantile_0.9,600,True,41,0.06613373756408691,0.00031256675720214844,"[0, 0, 0, 0, 16, 8, 17, 8, 25, 22, 33, 0, 56]","""[0, 4, 9, 5, 8, 8, 3, 8, 4, 10, 7, 56, 0]"""
j10,1,reactive,600,False,inf,inf,inf,null,"[0, 4, 9, 5, 8, 8, 3, 8, 4, 10, 7, 56, 0]"
j10,1,stnu,600,True,37,0.6103386878967285,0.0052835941314697266,"[0, 0, 0, 0, 17, 9, 17, 9, 25, 20, 30, 0, 37]","""[0, 4, 9, 5, 8, 8, 3, 8, 4, 10, 7, 56, 0]"""
j10,1,proactive_quantile_0.9,600,True,41,0.13483572006225586,0.00031495094299316406,"[0, 0, 0, 0, 16, 8, 17, 8, 25, 22, 33, 0, 56]","""[0, 4, 7, 6, 9, 9, 3, 6, 8, 9, 7, 56, 0]"""
j10,1,reactive,600,True,40,0.13483572006225586,0.08689260482788086,"[0, 0, 0, 0, 16, 8, 17, 8, 25, 22, 33, 0, 40]","[0, 4, 7, 6, 9, 9, 3, 6, 8, 9, 7, 56, 0]"
j10,1,stnu,600,True,37,0.584528923034668,0.005252838134765625,"[0, 0, 0, 0, 13, 7, 16, 7, 22, 19, 30, 0, 37]","""[0, 4, 7, 6, 9, 9, 3, 6, 8, 9, 7, 56, 0]"""
j10,1,proactive_quantile_0.9,600,True,31,0.04288887977600098,0.0002872943878173828,"[0, 0, 0, 0, 7, 7, 14, 7, 20, 17, 20, 0, 56]","""[0, 1, 6, 5, 2, 5, 2, 1, 7, 3, 9, 56, 0]"""
j10,1,reactive,600,True,29,0.04288887977600098,0.12320423126220703,"[0, 0, 0, 0, 7, 7, 14, 7, 20, 17, 20, 0, 29]","[0, 1, 6, 5, 2, 5, 2, 1, 7, 3, 9, 56, 0]"
j10,1,stnu,600,True,35,0.6098842620849609,0.005240678787231445,"[0, 0, 0, 0, 13, 6, 13, 6, 20, 16, 28, 0, 35]","""[0, 5, 6, 5, 7, 7, 3, 7, 8, 8, 7, 56, 0]"""
j10,1,proactive_quantile_0.9,600,True,41,0.060539960861206055,0.00031447410583496094,"[0, 0, 0, 0, 16, 8, 17, 8, 25, 22, 33, 0, 56]","""[0, 4, 7, 5, 8, 8, 6, 6, 8, 8, 5, 56, 0]"""
j10,1,reactive,600,False,inf,inf,inf,null,"[0, 4, 7, 5, 8, 8, 6, 6, 8, 8, 5, 56, 0]"
j10,1,stnu,600,True,34,0.55104660987854,0.005152702331542969,"[0, 0, 0, 0, 13, 7, 15, 7, 21, 21, 29, 0, 34]","""[0, 4, 7, 5, 8, 8, 6, 6, 8, 8, 5, 56, 0]"""
j10,1,proactive_quantile_0.9,600,True,31,0.0906980037689209,0.00027251243591308594,"[0, 0, 0, 0, 7, 7, 14, 7, 20, 17, 20, 0, 56]","""[0, 1, 6, 5, 3, 4, 3, 3, 6, 1, 8, 56, 0]"""
j10,1,reactive,600,True,28,0.0906980037689209,0.09652829170227051,"[0, 0, 0, 0, 7, 7, 14, 7, 20, 17, 20, 0, 28]","[0, 1, 6, 5, 3, 4, 3, 3, 6, 1, 8, 56, 0]"
j10,1,stnu,600,True,21,0.6972463130950928,0.004872560501098633,"[0, 0, 0, 0, 6, 6, 10, 6, 9, 13, 13, 0, 21]","""[0, 1, 6, 5, 3, 4, 3, 3, 6, 2, 8, 56, 0]"""
j10,1,proactive_quantile_0.9,600,True,33,0.05357241630554199,0.0004470348358154297,"[0, 0, 0, 0, 8, 16, 22, 16, 22, 8, 26, 0, 0, 0, 72]","""[0, 4, 5, 3, 5, 4, 3, 5, 4, 2, 6, 72, 48, 27, 0]"""
j10,1,reactive,600,True,32,0.05357241630554199,0.1254568099975586,"[0, 0, 0, 0, 8, 16, 22, 16, 22, 8, 26, 0, 0, 0, 32]","[0, 4, 5, 3, 5, 4, 3, 5, 4, 2, 6, 72, 48, 27, 0]"
j10,1,stnu,600,True,23,0.6607475280761719,0.007014274597167969,"[0, 0, 0, 0, 5, 10, 14, 10, 15, 5, 17, 0, 0, 0, 23]","""[0, 4, 5, 3, 5, 4, 3, 5, 4, 2, 6, 72, 48, 27, 0]"""
j10,1,proactive_quantile_0.9,600,True,33,0.05764055252075195,0.0004258155822753906,"[0, 0, 0, 0, 8, 16, 22, 16, 22, 8, 26, 0, 0, 0, 72]","""[0, 3, 6, 4, 7, 6, 1, 4, 5, 3, 7, 72, 48, 27, 0]"""
j10,1,reactive,600,True,33,0.05764055252075195,0.11945390701293945,"[0, 0, 0, 0, 8, 16, 22, 16, 22, 8, 26, 0, 0, 0, 33]","[0, 3, 6, 4, 7, 6, 1, 4, 5, 3, 7, 72, 48, 27, 0]"
j10,1,stnu,600,True,19,0.7510616779327393,0.0069065093994140625,"[0, 0, 0, 0, 6, 8, 11, 8, 12, 6, 12, 0, 0, 0, 19]","""[0, 3, 6, 1, 2, 3, 1, 4, 2, 1, 7, 72, 48, 27, 0]"""
j10,1,proactive_quantile_0.9,600,True,33,0.06731772422790527,0.0004775524139404297,"[0, 0, 0, 0, 8, 16, 22, 16, 22, 8, 26, 0, 0, 0, 72]","""[0, 5, 6, 6, 5, 5, 3, 3, 5, 2, 6, 72, 48, 27, 0]"""
j10,1,reactive,600,True,32,0.06731772422790527,0.12377357482910156,"[0, 0, 0, 0, 8, 16, 22, 16, 22, 8, 26, 0, 0, 0, 32]","[0, 5, 6, 6, 5, 5, 3, 3, 5, 2, 6, 72, 48, 27, 0]"
j10,1,stnu,600,True,19,0.6901977062225342,0.007338285446166992,"[0, 0, 0, 0, 6, 8, 12, 8, 13, 6, 13, 0, 0, 0, 19]","""[0, 5, 6, 1, 2, 4, 1, 3, 2, 1, 6, 72, 48, 27, 0]"""
j10,1,proactive_quantile_0.9,600,True,25,0.07445335388183594,0.0004737377166748047,"[0, 0, 0, 0, 8, 11, 16, 11, 17, 8, 18, 0, 0, 0, 72]","""[0, 6, 6, 3, 2, 4, 1, 5, 3, 2, 7, 72, 48, 27, 0]"""
j10,1,reactive,600,True,23,0.07445335388183594,0.09076523780822754,"[0, 0, 0, 0, 8, 11, 15, 11, 16, 8, 16, 0, 0, 0, 23]","[0, 6, 6, 3, 2, 4, 1, 5, 3, 2, 7, 72, 48, 27, 0]"
j10,1,stnu,600,True,20,0.7056434154510498,0.007111787796020508,"[0, 0, 0, 0, 6, 8, 12, 8, 13, 6, 13, 0, 0, 0, 20]","""[0, 4, 6, 3, 2, 4, 1, 5, 3, 2, 7, 72, 48, 27, 0]"""
j10,1,proactive_quantile_0.9,600,True,33,0.07588934898376465,0.0004830360412597656,"[0, 0, 0, 0, 8, 16, 22, 16, 22, 8, 26, 0, 0, 0, 72]","""[0, 3, 7, 3, 7, 4, 3, 4, 5, 3, 5, 72, 48, 27, 0]"""
j10,1,reactive,600,True,31,0.07588934898376465,0.1480412483215332,"[0, 0, 0, 0, 8, 16, 22, 16, 22, 8, 26, 0, 0, 0, 31]","[0, 3, 7, 3, 7, 4, 3, 4, 5, 3, 5, 72, 48, 27, 0]"
j10,1,stnu,600,True,19,0.8294126987457275,0.007171630859375,"[0, 0, 0, 0, 7, 9, 12, 9, 14, 7, 14, 0, 0, 0, 19]","""[0, 3, 7, 2, 2, 3, 2, 4, 2, 2, 5, 72, 48, 27, 0]"""
j10,1,proactive_quantile_0.9,600,True,25,0.05796027183532715,0.0004665851593017578,"[0, 0, 0, 0, 8, 11, 16, 11, 17, 8, 18, 0, 0, 0, 72]","""[0, 4, 9, 2, 3, 4, 1, 5, 2, 1, 7, 72, 48, 27, 0]"""
j10,1,reactive,600,False,inf,inf,inf,null,"[0, 4, 9, 2, 3, 4, 1, 5, 2, 1, 7, 72, 48, 27, 0]"
j10,1,stnu,600,True,32,0.6885299682617188,0.0071926116943359375,"[0, 0, 0, 0, 9, 15, 21, 15, 21, 9, 25, 0, 0, 0, 32]","""[0, 4, 9, 5, 6, 6, 4, 5, 7, 2, 7, 72, 48, 27, 0]"""
j10,1,proactive_quantile_0.9,600,False,inf,0.045738935470581055,inf,"[0, 0, 0, 0, 8, 16, 22, 16, 22, 8, 26, 0, 0, 0, 72]","""[0, 4, 6, 5, 9, 3, 2, 4, 4, 2, 6, 72, 48, 27, 0]"""
j10,1,reactive,600,False,inf,inf,inf,null,"[0, 4, 6, 5, 9, 3, 2, 4, 4, 2, 6, 72, 48, 27, 0]"
j10,1,stnu,600,True,26,0.6369369029998779,0.007141828536987305,"[0, 0, 0, 0, 6, 15, 18, 15, 19, 6, 20, 0, 0, 0, 26]","""[0, 4, 6, 5, 9, 3, 2, 4, 4, 2, 6, 72, 48, 27, 0]"""
j10,1,proactive_quantile_0.9,600,True,25,0.05272483825683594,0.00045108795166015625,"[0, 0, 0, 0, 8, 11, 16, 11, 17, 8, 18, 0, 0, 0, 72]","""[0, 4, 6, 3, 3, 2, 1, 4, 1, 1, 5, 72, 48, 27, 0]"""
j10,1,reactive,600,True,23,0.05272483825683594,0.11360716819763184,"[0, 0, 0, 0, 8, 11, 16, 11, 17, 8, 18, 0, 0, 0, 23]","[0, 4, 6, 3, 3, 2, 1, 4, 1, 1, 5, 72, 48, 27, 0]"
j10,1,stnu,600,True,24,0.625267744064331,0.007186174392700195,"[0, 0, 0, 0, 6, 11, 17, 11, 17, 6, 19, 0, 0, 0, 24]","""[0, 5, 6, 4, 5, 6, 2, 4, 7, 1, 5, 72, 48, 27, 0]"""
j10,1,proactive_quantile_0.9,600,True,33,0.07012224197387695,0.00045180320739746094,"[0, 0, 0, 0, 8, 16, 22, 16, 22, 8, 26, 0, 0, 0, 72]","""[0, 2, 6, 3, 5, 4, 2, 5, 5, 3, 5, 72, 48, 27, 0]"""
j10,1,reactive,600,True,31,0.07012224197387695,0.29338955879211426,"[0, 0, 0, 0, 8, 16, 22, 16, 22, 8, 26, 0, 0, 0, 31]","[0, 2, 6, 3, 5, 4, 2, 5, 5, 3, 5, 72, 48, 27, 0]"
j10,1,stnu,600,True,22,0.6590700149536133,0.007126331329345703,"[0, 0, 0, 0, 6, 11, 15, 11, 16, 6, 17, 0, 0, 0, 22]","""[0, 2, 6, 3, 5, 4, 2, 5, 5, 3, 5, 72, 48, 27, 0]"""
j10,1,proactive_quantile_0.9,600,True,33,0.06792521476745605,0.00047659873962402344,"[0, 0, 0, 0, 8, 16, 22, 16, 22, 8, 26, 0, 0, 0, 72]","""[0, 4, 5, 4, 7, 6, 2, 4, 8, 2, 7, 72, 48, 27, 0]"""
j10,1,reactive,600,True,33,0.06792521476745605,0.1288766860961914,"[0, 0, 0, 0, 8, 16, 22, 16, 22, 8, 26, 0, 0, 0, 33]","[0, 4, 5, 4, 7, 6, 2, 4, 8, 2, 7, 72, 48, 27, 0]"
j10,1,stnu,600,True,19,0.6689021587371826,0.00690770149230957,"[0, 0, 0, 0, 5, 7, 11, 7, 12, 5, 12, 0, 0, 0, 19]","""[0, 4, 5, 2, 2, 4, 1, 4, 2, 1, 7, 72, 48, 27, 0]"""
j10,1,proactive_quantile_0.9,600,False,inf,0.1675400733947754,inf,"[0, 0, 0, 2, 3, 13, 8, 19, 11, 11, 21, 0, 0, 30]","""[0, 2, 2, 8, 3, 7, 6, 2, 3, 1, 3, 10, 30, 0]"""
j10,1,reactive,600,False,inf,inf,inf,null,"[0, 2, 2, 8, 3, 7, 6, 2, 3, 1, 3, 10, 30, 0]"
j10,1,stnu,600,True,22,0.6763603687286377,0.00633692741394043,"[0, 0, 0, 2, 2, 10, 6, 17, 12, 5, 19, 0, 0, 22]","""[0, 2, 2, 8, 3, 7, 6, 2, 3, 1, 3, 10, 30, 0]"""
j10,1,proactive_quantile_0.9,600,True,27,0.044651031494140625,0.00026679039001464844,"[0, 0, 0, 3, 4, 12, 10, 20, 15, 15, 22, 0, 0, 30]","""[0, 1, 2, 7, 4, 8, 4, 2, 3, 5, 4, 10, 30, 0]"""
j10,1,reactive,600,True,26,0.044651031494140625,0.12463998794555664,"[0, 0, 0, 3, 4, 12, 10, 20, 15, 15, 22, 0, 0, 26]","[0, 1, 2, 7, 4, 8, 4, 2, 3, 5, 4, 10, 30, 0]"
j10,1,stnu,600,False,inf,0.6066491603851318,inf,[],"""[0, 1, 2, 7, 4, 8, 4, 2, 3, 5, 4, 10, 30, 0]"""
j10,1,proactive_quantile_0.9,600,True,26,0.05518603324890137,0.00022101402282714844,"[0, 0, 0, 2, 3, 13, 8, 19, 11, 11, 21, 0, 0, 30]","""[0, 2, 1, 9, 4, 6, 3, 1, 3, 2, 3, 10, 30, 0]"""
j10,1,reactive,600,True,24,0.05518603324890137,0.11508536338806152,"[0, 0, 0, 2, 3, 13, 8, 19, 11, 11, 21, 0, 0, 24]","[0, 2, 1, 9, 4, 6, 3, 1, 3, 2, 3, 10, 30, 0]"
j10,1,stnu,600,False,inf,0.5964674949645996,inf,[],"""[0, 2, 3, 6, 3, 8, 3, 1, 3, 3, 3, 10, 30, 0]"""
j10,1,proactive_quantile_0.9,600,False,inf,0.05377602577209473,inf,"[0, 0, 0, 2, 3, 13, 8, 19, 11, 11, 21, 0, 0, 30]","""[0, 3, 1, 9, 6, 6, 6, 2, 3, 2, 3, 10, 30, 0]"""
j10,1,reactive,600,False,inf,inf,inf,null,"[0, 3, 1, 9, 6, 6, 6, 2, 3, 2, 3, 10, 30, 0]"
j10,1,stnu,600,True,23,0.7014510631561279,0.006310701370239258,"[0, 0, 0, 1, 3, 11, 11, 17, 17, 9, 20, 0, 0, 23]","""[0, 3, 1, 9, 6, 6, 6, 2, 3, 2, 3, 10, 30, 0]"""
j10,1,proactive_quantile_0.9,600,False,inf,0.05315423011779785,inf,"[0, 0, 0, 2, 3, 13, 8, 19, 11, 11, 21, 0, 0, 30]","""[0, 2, 1, 7, 6, 4, 3, 2, 3, 2, 4, 10, 30, 0]"""
j10,1,reactive,600,False,inf,inf,inf,null,"[0, 2, 1, 7, 6, 4, 3, 2, 3, 2, 4, 10, 30, 0]"
j10,1,stnu,600,False,inf,0.6960029602050781,inf,[],"""[0, 2, 2, 8, 5, 6, 3, 2, 3, 5, 4, 10, 30, 0]"""
j10,1,proactive_quantile_0.9,600,True,26,0.05260586738586426,0.0002675056457519531,"[0, 0, 0, 2, 3, 13, 8, 19, 11, 11, 21, 0, 0, 30]","""[0, 3, 2, 9, 3, 4, 6, 2, 2, 2, 3, 10, 30, 0]"""
j10,1,reactive,600,True,24,0.05260586738586426,0.09193611145019531,"[0, 0, 0, 2, 3, 13, 8, 19, 11, 11, 21, 0, 0, 24]","[0, 3, 2, 9, 3, 4, 6, 2, 2, 2, 3, 10, 30, 0]"
j10,1,stnu,600,True,20,0.8950259685516357,0.006415128707885742,"[0, 0, 0, 2, 3, 11, 8, 15, 14, 6, 17, 0, 0, 20]","""[0, 3, 2, 9, 3, 4, 6, 2, 2, 2, 3, 10, 30, 0]"""
j10,1,proactive_quantile_0.9,600,True,27,0.05569291114807129,0.00025773048400878906,"[0, 0, 0, 3, 4, 12, 10, 20, 15, 15, 22, 0, 0, 30]","""[0, 1, 2, 9, 5, 6, 4, 2, 3, 5, 4, 10, 30, 0]"""
j10,1,reactive,600,True,26,0.05569291114807129,0.1315169334411621,"[0, 0, 0, 3, 4, 12, 10, 20, 15, 15, 22, 0, 0, 26]","[0, 1, 2, 9, 5, 6, 4, 2, 3, 5, 4, 10, 30, 0]"
j10,1,stnu,600,False,inf,1.1074142456054688,inf,[],"""[0, 1, 2, 9, 5, 6, 4, 2, 3, 5, 4, 10, 30, 0]"""
j10,1,proactive_quantile_0.9,600,True,26,0.0559382438659668,0.0002574920654296875,"[0, 0, 0, 2, 3, 13, 8, 19, 11, 11, 21, 0, 0, 30]","""[0, 2, 1, 8, 5, 5, 3, 2, 3, 2, 4, 10, 30, 0]"""
j10,1,reactive,600,True,25,0.0559382438659668,0.1355135440826416,"[0, 0, 0, 2, 3, 13, 8, 19, 11, 11, 21, 0, 0, 25]","[0, 2, 1, 8, 5, 5, 3, 2, 3, 2, 4, 10, 30, 0]"
j10,1,stnu,600,False,inf,0.6903972625732422,inf,[],"""[0, 2, 4, 8, 3, 9, 3, 2, 3, 3, 4, 10, 30, 0]"""
j10,1,proactive_quantile_0.9,600,True,26,0.07058477401733398,0.0002601146697998047,"[0, 0, 0, 2, 3, 13, 8, 19, 11, 11, 21, 0, 0, 30]","""[0, 2, 2, 7, 5, 2, 4, 2, 3, 3, 2, 10, 30, 0]"""
j10,1,reactive,600,True,19,0.07058477401733398,0.10465884208679199,"[0, 0, 0, 2, 3, 13, 8, 15, 11, 11, 17, 0, 0, 19]","[0, 2, 2, 7, 5, 2, 4, 2, 3, 3, 2, 10, 30, 0]"
j10,1,stnu,600,True,19,0.8858308792114258,0.006381034851074219,"[0, 0, 0, 2, 2, 10, 10, 14, 14, 7, 17, 0, 0, 19]","""[0, 2, 2, 7, 5, 2, 4, 2, 3, 3, 2, 10, 30, 0]"""
j10,1,proactive_quantile_0.9,600,True,26,0.056629180908203125,0.0003077983856201172,"[0, 0, 0, 2, 3, 13, 8, 19, 11, 11, 21, 0, 0, 30]","""[0, 2, 2, 8, 4, 3, 4, 1, 3, 2, 5, 10, 30, 0]"""
j10,1,reactive,600,True,22,0.056629180908203125,0.13355708122253418,"[0, 0, 0, 2, 3, 13, 8, 16, 11, 11, 17, 0, 0, 22]","[0, 2, 2, 8, 4, 3, 4, 1, 3, 2, 5, 10, 30, 0]"
j10,1,stnu,600,False,inf,0.6875631809234619,inf,[],"""[0, 2, 2, 8, 5, 6, 4, 1, 3, 4, 5, 10, 30, 0]"""
j10,1,proactive_quantile_0.9,600,True,27,0.13123106956481934,0.0005204677581787109,"[0, 0, 0, 0, 2, 10, 10, 10, 16, 16, 16, 0, 0, 0, 0, 66]","""[0, 1, 2, 2, 7, 5, 3, 6, 2, 8, 8, 31, 39, 66, 37, 0]"""
j10,1,reactive,600,True,24,0.13123106956481934,0.0807180404663086,"[0, 0, 0, 0, 2, 10, 10, 10, 16, 16, 16, 0, 0, 0, 0, 24]","[0, 1, 2, 2, 7, 5, 3, 6, 2, 8, 8, 31, 39, 66, 37, 0]"
j10,1,stnu,600,True,24,0.8729732036590576,0.007778167724609375,"[0, 0, 0, 0, 2, 9, 9, 9, 15, 15, 15, 0, 0, 0, 0, 24]","""[0, 1, 2, 2, 7, 1, 3, 6, 2, 5, 9, 31, 39, 66, 37, 0]"""
j10,1,proactive_quantile_0.9,600,True,23,0.13887548446655273,0.0005142688751220703,"[0, 0, 0, 0, 2, 10, 10, 10, 16, 16, 16, 0, 0, 0, 0, 66]","""[0, 2, 2, 1, 8, 2, 6, 2, 2, 4, 8, 31, 39, 66, 37, 0]"""
j10,1,reactive,600,True,24,0.13887548446655273,0.05197572708129883,"[0, 0, 0, 0, 2, 10, 10, 10, 16, 16, 16, 0, 0, 0, 0, 24]","[0, 2, 2, 1, 8, 2, 6, 2, 2, 4, 8, 31, 39, 66, 37, 0]"
j10,1,stnu,600,True,27,0.8791067600250244,0.007683753967285156,"[0, 0, 0, 0, 3, 12, 12, 12, 19, 19, 19, 0, 0, 0, 0, 27]","""[0, 2, 2, 3, 9, 5, 7, 5, 2, 4, 8, 31, 39, 66, 37, 0]"""
j10,1,proactive_quantile_0.9,600,True,28,0.07444620132446289,0.0005121231079101562,"[0, 0, 0, 0, 5, 14, 14, 14, 21, 21, 21, 0, 0, 0, 0, 66]","""[0, 1, 3, 3, 7, 3, 7, 5, 1, 4, 4, 31, 39, 66, 37, 0]"""
j10,1,reactive,600,True,25,0.07444620132446289,0.12401127815246582,"[0, 0, 0, 0, 5, 14, 14, 14, 21, 21, 21, 0, 0, 0, 0, 25]","[0, 1, 3, 3, 7, 3, 7, 5, 1, 4, 4, 31, 39, 66, 37, 0]"
j10,1,stnu,600,True,24,0.738410472869873,0.007496833801269531,"[0, 0, 0, 0, 1, 9, 9, 9, 14, 14, 14, 0, 0, 0, 0, 24]","""[0, 1, 1, 1, 8, 2, 5, 4, 1, 4, 10, 31, 39, 66, 37, 0]"""
j10,1,proactive_quantile_0.9,600,True,28,0.06370902061462402,0.0005059242248535156,"[0, 0, 0, 0, 5, 14, 14, 14, 21, 21, 21, 0, 0, 0, 0, 66]","""[0, 2, 3, 5, 9, 5, 7, 7, 1, 5, 5, 31, 39, 66, 37, 0]"""
j10,1,reactive,600,True,26,0.06370902061462402,0.05461406707763672,"[0, 0, 0, 0, 5, 14, 14, 14, 21, 21, 21, 0, 0, 0, 0, 26]","[0, 2, 3, 5, 9, 5, 7, 7, 1, 5, 5, 31, 39, 66, 37, 0]"
j10,1,stnu,600,True,26,0.6922924518585205,0.007519960403442383,"[0, 0, 0, 0, 5, 14, 14, 14, 21, 21, 21, 0, 0, 0, 0, 26]","""[0, 2, 3, 5, 9, 5, 7, 7, 1, 5, 5, 31, 39, 66, 37, 0]"""
j10,1,proactive_quantile_0.9,600,True,28,0.0655210018157959,0.000507354736328125,"[0, 0, 0, 0, 5, 14, 14, 14, 21, 21, 21, 0, 0, 0, 0, 66]","""[0, 1, 3, 3, 7, 4, 6, 5, 1, 7, 5, 31, 39, 66, 37, 0]"""
j10,1,reactive,600,True,28,0.0655210018157959,0.11350464820861816,"[0, 0, 0, 0, 5, 14, 14, 14, 21, 21, 21, 0, 0, 0, 0, 28]","[0, 1, 3, 3, 7, 4, 6, 5, 1, 7, 5, 31, 39, 66, 37, 0]"
j10,1,stnu,600,True,18,0.6589782238006592,0.007702827453613281,"[0, 0, 0, 0, 2, 9, 9, 9, 13, 13, 13, 0, 0, 0, 0, 18]","""[0, 2, 1, 2, 7, 1, 4, 4, 1, 5, 5, 31, 39, 66, 37, 0]"""
j10,1,proactive_quantile_0.9,600,True,27,0.11510205268859863,0.0005049705505371094,"[0, 0, 0, 0, 2, 10, 10, 10, 16, 16, 16, 0, 0, 0, 0, 66]","""[0, 1, 1, 2, 6, 5, 4, 4, 1, 9, 6, 31, 39, 66, 37, 0]"""
j10,1,reactive,600,True,25,0.11510205268859863,0.10625004768371582,"[0, 0, 0, 0, 2, 10, 10, 10, 16, 16, 16, 0, 0, 0, 0, 25]","[0, 1, 1, 2, 6, 5, 4, 4, 1, 9, 6, 31, 39, 66, 37, 0]"
j10,1,stnu,600,True,23,0.7090418338775635,0.0077152252197265625,"[0, 0, 0, 0, 5, 11, 11, 11, 17, 17, 17, 0, 0, 0, 0, 23]","""[0, 2, 3, 5, 6, 5, 5, 6, 1, 6, 6, 31, 39, 66, 37, 0]"""
j10,1,proactive_quantile_0.9,600,True,28,0.06927299499511719,0.0005064010620117188,"[0, 0, 0, 0, 5, 14, 14, 14, 21, 21, 21, 0, 0, 0, 0, 66]","""[0, 2, 3, 4, 8, 5, 4, 5, 1, 5, 6, 31, 39, 66, 37, 0]"""
j10,1,reactive,600,True,27,0.06927299499511719,0.12656140327453613,"[0, 0, 0, 0, 5, 14, 14, 14, 21, 21, 21, 0, 0, 0, 0, 27]","[0, 2, 3, 4, 8, 5, 4, 5, 1, 5, 6, 31, 39, 66, 37, 0]"
j10,1,stnu,600,True,19,0.7801730632781982,0.007825851440429688,"[0, 0, 0, 0, 2, 7, 7, 7, 13, 13, 13, 0, 0, 0, 0, 19]","""[0, 1, 1, 2, 5, 2, 6, 5, 1, 4, 6, 31, 39, 66, 37, 0]"""
j10,1,proactive_quantile_0.9,600,True,28,0.06849551200866699,0.000507354736328125,"[0, 0, 0, 0, 5, 14, 14, 14, 21, 21, 21, 0, 0, 0, 0, 66]","""[0, 1, 1, 6, 7, 3, 4, 7, 1, 3, 4, 31, 39, 66, 37, 0]"""
j10,1,reactive,600,False,inf,inf,inf,null,"[0, 1, 1, 6, 7, 3, 4, 7, 1, 3, 4, 31, 39, 66, 37, 0]"
j10,1,stnu,600,True,24,0.7578732967376709,0.007870197296142578,"[0, 0, 0, 0, 6, 13, 13, 13, 20, 20, 20, 0, 0, 0, 0, 24]","""[0, 1, 1, 6, 7, 3, 4, 7, 1, 3, 4, 31, 39, 66, 37, 0]"""
j10,1,proactive_quantile_0.9,600,True,28,0.06929159164428711,0.0005090236663818359,"[0, 0, 0, 0, 5, 14, 14, 14, 21, 21, 21, 0, 0, 0, 0, 66]","""[0, 2, 4, 4, 6, 4, 3, 5, 1, 4, 7, 31, 39, 66, 37, 0]"""
j10,1,reactive,600,True,28,0.06929159164428711,0.11019730567932129,"[0, 0, 0, 0, 5, 14, 14, 14, 21, 21, 21, 0, 0, 0, 0, 28]","[0, 2, 4, 4, 6, 4, 3, 5, 1, 4, 7, 31, 39, 66, 37, 0]"
j10,1,stnu,600,True,22,0.940460205078125,0.0078029632568359375,"[0, 0, 0, 0, 4, 10, 10, 10, 15, 15, 15, 0, 0, 0, 0, 22]","""[0, 2, 4, 4, 6, 4, 3, 5, 1, 4, 7, 31, 39, 66, 37, 0]"""
j10,1,proactive_quantile_0.9,600,True,28,0.09549522399902344,0.0005855560302734375,"[0, 0, 0, 0, 5, 14, 14, 14, 21, 21, 21, 0, 0, 0, 0, 66]","""[0, 2, 2, 3, 8, 6, 3, 6, 1, 5, 5, 31, 39, 66, 37, 0]"""
j10,1,reactive,600,True,26,0.09549522399902344,0.09982633590698242,"[0, 0, 0, 0, 5, 14, 14, 14, 21, 21, 21, 0, 0, 0, 0, 26]","[0, 2, 2, 3, 8, 6, 3, 6, 1, 5, 5, 31, 39, 66, 37, 0]"
j10,1,stnu,600,True,20,0.8082764148712158,0.007838249206542969,"[0, 0, 0, 0, 2, 8, 8, 8, 13, 13, 13, 0, 0, 0, 0, 20]","""[0, 1, 2, 2, 6, 1, 4, 5, 1, 5, 7, 31, 39, 66, 37, 0]"""
j20,1,proactive_quantile_0.9,600,True,58,0.0859217643737793,0.0006043910980224609,"[0, 0, 0, 0, 11, 20, 9, 19, 23, 9, 20, 23, 28, 31, 28, 37, 43, 43, 40, 54, 43, 0, 0, 117]","""[0, 6, 4, 9, 8, 5, 1, 3, 6, 7, 2, 5, 5, 7, 7, 3, 6, 3, 3, 3, 4, 117, 51, 0]"""
j20,1,reactive,600,True,52,0.0859217643737793,0.29087066650390625,"[0, 0, 0, 0, 11, 20, 9, 19, 23, 9, 20, 23, 28, 31, 28, 37, 43, 43, 40, 49, 43, 0, 0, 52]","[0, 6, 4, 9, 8, 5, 1, 3, 6, 7, 2, 5, 5, 7, 7, 3, 6, 3, 3, 3, 4, 117, 51, 0]"
j20,1,stnu,600,True,55,0.804598331451416,0.024216175079345703,"[0, 0, 0, 0, 10, 18, 9, 18, 21, 9, 23, 31, 36, 27, 36, 43, 46, 46, 43, 52, 46, 0, 0, 55]","""[0, 6, 4, 9, 8, 5, 1, 3, 6, 7, 8, 5, 5, 7, 7, 3, 6, 3, 3, 3, 4, 117, 51, 0]"""
j20,1,proactive_quantile_0.9,600,True,58,0.08821415901184082,0.0006556510925292969,"[0, 0, 0, 0, 11, 20, 9, 19, 23, 9, 20, 23, 28, 31, 28, 37, 43, 43, 40, 54, 43, 0, 0, 117]","""[0, 6, 5, 9, 5, 3, 2, 2, 5, 11, 3, 5, 4, 8, 7, 4, 11, 3, 3, 3, 3, 117, 51, 0]"""
j20,1,reactive,600,True,57,0.08821415901184082,0.2455589771270752,"[0, 0, 0, 0, 11, 20, 9, 19, 23, 9, 20, 23, 28, 31, 28, 37, 43, 43, 40, 54, 43, 0, 0, 57]","[0, 6, 5, 9, 5, 3, 2, 2, 5, 11, 3, 5, 4, 8, 7, 4, 11, 3, 3, 3, 3, 117, 51, 0]"
j20,1,stnu,600,True,62,0.7406585216522217,0.02352142333984375,"[0, 0, 0, 0, 11, 20, 9, 16, 18, 9, 23, 32, 37, 23, 37, 44, 48, 48, 44, 59, 48, 0, 0, 62]","""[0, 6, 5, 9, 5, 3, 2, 2, 5, 11, 9, 5, 4, 8, 7, 4, 11, 3, 3, 3, 3, 117, 51, 0]"""
j20,1,proactive_quantile_0.9,600,True,58,0.2267293930053711,0.0006437301635742188,"[0, 0, 0, 0, 11, 20, 9, 19, 23, 9, 20, 23, 28, 31, 28, 37, 43, 43, 40, 54, 43, 0, 0, 117]","""[0, 9, 4, 9, 6, 3, 1, 4, 7, 9, 2, 5, 3, 8, 7, 5, 10, 1, 5, 1, 4, 117, 51, 0]"""
j20,1,reactive,600,True,54,0.2267293930053711,0.301283597946167,"[0, 0, 0, 0, 11, 20, 9, 19, 23, 9, 20, 23, 28, 31, 28, 37, 43, 43, 40, 53, 43, 0, 0, 54]","[0, 9, 4, 9, 6, 3, 1, 4, 7, 9, 2, 5, 3, 8, 7, 5, 10, 1, 5, 1, 4, 117, 51, 0]"
j20,1,stnu,600,True,58,0.8264150619506836,0.02428603172302246,"[0, 0, 0, 0, 10, 18, 9, 16, 20, 9, 21, 29, 35, 27, 35, 42, 47, 47, 42, 57, 47, 0, 0, 58]","""[0, 9, 4, 9, 6, 3, 1, 4, 7, 9, 8, 5, 3, 8, 7, 5, 10, 1, 5, 1, 4, 117, 51, 0]"""
j20,1,proactive_quantile_0.9,600,True,58,0.09335732460021973,0.0006251335144042969,"[0, 0, 0, 0, 11, 20, 9, 19, 23, 9, 20, 23, 28, 31, 28, 37, 43, 43, 40, 54, 43, 0, 0, 117]","""[0, 6, 2, 9, 6, 3, 1, 1, 7, 8, 2, 5, 4, 7, 6, 5, 9, 1, 4, 2, 4, 117, 51, 0]"""
j20,1,reactive,600,True,54,0.09335732460021973,0.5170469284057617,"[0, 0, 0, 0, 11, 20, 9, 19, 23, 9, 20, 23, 28, 31, 28, 37, 43, 43, 40, 52, 43, 0, 0, 54]","[0, 6, 2, 9, 6, 3, 1, 1, 7, 8, 2, 5, 4, 7, 6, 5, 9, 1, 4, 2, 4, 117, 51, 0]"
j20,1,stnu,600,True,57,0.7398996353149414,0.024233341217041016,"[0, 0, 0, 0, 10, 17, 9, 16, 17, 9, 20, 30, 35, 24, 35, 41, 46, 46, 41, 55, 46, 0, 0, 57]","""[0, 6, 2, 9, 6, 3, 1, 1, 7, 8, 10, 5, 4, 7, 6, 5, 9, 1, 4, 2, 4, 117, 51, 0]"""
j20,1,proactive_quantile_0.9,600,True,58,0.12696051597595215,0.0006499290466308594,"[0, 0, 0, 0, 11, 20, 9, 19, 23, 9, 20, 23, 28, 31, 28, 37, 43, 43, 40, 54, 43, 0, 0, 117]","""[0, 8, 5, 7, 6, 5, 2, 1, 7, 10, 2, 5, 4, 8, 7, 5, 12, 1, 4, 3, 3, 117, 51, 0]"""
j20,1,reactive,600,False,inf,inf,inf,null,"[0, 8, 5, 7, 6, 5, 2, 1, 7, 10, 2, 5, 4, 8, 7, 5, 12, 1, 4, 3, 3, 117, 51, 0]"
j20,1,stnu,600,True,64,0.7250449657440186,0.02412128448486328,"[0, 0, 0, 0, 10, 18, 8, 16, 17, 8, 23, 32, 37, 24, 37, 44, 49, 49, 44, 61, 49, 0, 0, 64]","""[0, 8, 5, 7, 6, 5, 2, 1, 7, 10, 9, 5, 4, 8, 7, 5, 12, 1, 4, 3, 3, 117, 51, 0]"""
j20,1,proactive_quantile_0.9,600,True,58,0.08762907981872559,0.0006334781646728516,"[0, 0, 0, 0, 11, 20, 9, 19, 23, 9, 20, 23, 28, 31, 28, 37, 43, 43, 40, 54, 43, 0, 0, 117]","""[0, 7, 5, 8, 4, 4, 2, 3, 6, 8, 1, 4, 3, 7, 10, 4, 8, 3, 5, 3, 5, 117, 51, 0]"""
j20,1,reactive,600,False,inf,inf,inf,null,"[0, 7, 5, 8, 4, 4, 2, 3, 6, 8, 1, 4, 3, 7, 10, 4, 8, 3, 5, 3, 5, 117, 51, 0]"
j20,1,stnu,600,True,50,0.904261589050293,0.023925065994262695,"[0, 0, 0, 0, 8, 17, 8, 17, 19, 8, 16, 19, 26, 24, 26, 35, 40, 38, 35, 44, 38, 0, 0, 50]","""[0, 7, 2, 8, 9, 2, 2, 1, 5, 8, 1, 7, 2, 6, 9, 3, 4, 2, 2, 6, 7, 117, 51, 0]"""
j20,1,proactive_quantile_0.9,600,True,58,0.08955550193786621,0.0006685256958007812,"[0, 0, 0, 0, 11, 20, 9, 19, 23, 9, 20, 23, 28, 31, 28, 37, 43, 43, 40, 54, 43, 0, 0, 117]","""[0, 8, 4, 8, 8, 5, 1, 2, 8, 8, 2, 5, 4, 8, 7, 6, 9, 3, 5, 3, 3, 117, 51, 0]"""
j20,1,reactive,600,True,57,0.08955550193786621,0.4280128479003906,"[0, 0, 0, 0, 11, 20, 9, 19, 23, 9, 20, 23, 28, 31, 28, 37, 43, 43, 40, 54, 43, 0, 0, 57]","[0, 8, 4, 8, 8, 5, 1, 2, 8, 8, 2, 5, 4, 8, 7, 6, 9, 3, 5, 3, 3, 117, 51, 0]"
j20,1,stnu,600,True,61,0.9163942337036133,0.02428293228149414,"[0, 0, 0, 0, 9, 17, 8, 17, 19, 8, 22, 31, 36, 27, 36, 43, 49, 49, 43, 58, 49, 0, 0, 61]","""[0, 8, 4, 8, 8, 5, 1, 2, 8, 8, 9, 5, 4, 8, 7, 6, 9, 3, 5, 3, 3, 117, 51, 0]"""
j20,1,proactive_quantile_0.9,600,True,58,0.11573457717895508,0.0007252693176269531,"[0, 0, 0, 0, 11, 20, 9, 19, 23, 9, 20, 23, 28, 31, 28, 37, 43, 43, 40, 54, 43, 0, 0, 117]","""[0, 8, 2, 7, 6, 4, 1, 4, 6, 9, 3, 4, 5, 7, 5, 5, 7, 1, 4, 2, 6, 117, 51, 0]"""
j20,1,reactive,600,True,52,0.11573457717895508,0.5585484504699707,"[0, 0, 0, 0, 11, 20, 9, 19, 23, 9, 20, 23, 28, 31, 28, 37, 43, 43, 40, 50, 43, 0, 0, 52]","[0, 8, 2, 7, 6, 4, 1, 4, 6, 9, 3, 4, 5, 7, 5, 5, 7, 1, 4, 2, 6, 117, 51, 0]"
j20,1,stnu,600,True,54,0.943922758102417,0.024179935455322266,"[0, 0, 0, 0, 8, 16, 8, 17, 20, 8, 17, 20, 29, 25, 29, 37, 43, 41, 37, 48, 41, 0, 0, 54]","""[0, 8, 1, 7, 8, 1, 1, 2, 5, 9, 3, 9, 1, 6, 8, 4, 5, 2, 3, 6, 6, 117, 51, 0]"""
j20,1,proactive_quantile_0.9,600,True,58,0.07713127136230469,0.0006566047668457031,"[0, 0, 0, 0, 11, 20, 9, 19, 23, 9, 20, 23, 28, 31, 28, 37, 43, 43, 40, 54, 43, 0, 0, 117]","""[0, 7, 2, 9, 6, 4, 2, 3, 8, 7, 2, 3, 3, 9, 7, 5, 11, 2, 3, 2, 3, 117, 51, 0]"""
j20,1,reactive,600,True,56,0.07713127136230469,0.45064425468444824,"[0, 0, 0, 0, 11, 20, 9, 19, 23, 9, 20, 23, 28, 31, 28, 37, 43, 43, 40, 54, 43, 0, 0, 56]","[0, 7, 2, 9, 6, 4, 2, 3, 8, 7, 2, 3, 3, 9, 7, 5, 11, 2, 3, 2, 3, 117, 51, 0]"
j20,1,stnu,600,True,62,0.8215875625610352,0.02428603172302246,"[0, 0, 0, 0, 11, 17, 9, 17, 20, 9, 21, 29, 37, 28, 37, 44, 49, 49, 44, 60, 49, 0, 0, 62]","""[0, 7, 2, 9, 6, 4, 2, 3, 8, 7, 8, 3, 3, 9, 7, 5, 11, 2, 3, 2, 3, 117, 51, 0]"""
j20,1,proactive_quantile_0.9,600,True,58,0.17975640296936035,0.0006172657012939453,"[0, 0, 0, 0, 11, 20, 9, 19, 23, 9, 20, 23, 28, 31, 28, 37, 43, 43, 40, 54, 43, 0, 0, 117]","""[0, 7, 6, 8, 6, 3, 1, 2, 7, 10, 2, 5, 3, 7, 7, 4, 10, 2, 3, 2, 4, 117, 51, 0]"""
j20,1,reactive,600,True,56,0.17975640296936035,0.5389668941497803,"[0, 0, 0, 0, 11, 20, 9, 19, 23, 9, 20, 23, 28, 31, 28, 37, 43, 43, 40, 54, 43, 0, 0, 56]","[0, 7, 6, 8, 6, 3, 1, 2, 7, 10, 2, 5, 3, 7, 7, 4, 10, 2, 3, 2, 4, 117, 51, 0]"
j20,1,stnu,600,True,56,0.7769560813903809,0.023676395416259766,"[0, 0, 0, 0, 9, 18, 8, 15, 17, 8, 21, 28, 33, 24, 33, 40, 44, 44, 40, 54, 44, 0, 0, 56]","""[0, 7, 6, 8, 6, 3, 1, 2, 7, 10, 7, 5, 3, 7, 7, 4, 10, 2, 3, 2, 4, 117, 51, 0]"""
j20,1,proactive_quantile_0.9,600,True,23,0.1029973030090332,0.0014109611511230469,"[0, 0, 0, 0, 2, 4, 2, 4, 8, 10, 11, 8, 14, 15, 5, 14, 17, 8, 21, 21, 14, 0, 0, 0, 0, 0, 0, 0, 158]","""[0, 2, 2, 3, 3, 6, 2, 2, 2, 3, 3, 5, 2, 1, 2, 4, 4, 3, 1, 1, 2, 5, 33, 158, 128, 84, 96, 156, 0]"""
j20,1,reactive,600,True,22,0.1029973030090332,0.36014795303344727,"[0, 0, 0, 0, 2, 4, 2, 4, 8, 10, 11, 8, 14, 15, 5, 14, 17, 8, 21, 21, 14, 0, 0, 0, 0, 0, 0, 0, 22]","[0, 2, 2, 3, 3, 6, 2, 2, 2, 3, 3, 5, 2, 1, 2, 4, 4, 3, 1, 1, 2, 5, 33, 158, 128, 84, 96, 156, 0]"
j20,1,stnu,600,True,35,0.8613095283508301,0.03112173080444336,"[0, 0, 0, 0, 5, 2, 5, 2, 7, 9, 9, 7, 14, 17, 7, 14, 19, 19, 29, 29, 12, 0, 0, 0, 0, 0, 0, 0, 35]","""[0, 2, 5, 6, 4, 6, 2, 4, 4, 5, 8, 5, 6, 2, 7, 4, 10, 3, 1, 6, 2, 5, 33, 158, 128, 84, 96, 156, 0]"""
j20,1,proactive_quantile_0.9,600,True,39,0.1784064769744873,0.0014770030975341797,"[0, 0, 0, 0, 2, 4, 2, 4, 8, 7, 11, 8, 14, 15, 5, 13, 19, 8, 30, 30, 14, 0, 0, 0, 0, 0, 0, 0, 158]","""[0, 3, 2, 2, 4, 6, 2, 3, 4, 2, 3, 4, 6, 3, 2, 6, 11, 3, 1, 8, 7, 5, 33, 158, 128, 84, 96, 156, 0]"""
j20,1,reactive,600,True,38,0.1784064769744873,0.38191771507263184,"[0, 0, 0, 0, 2, 4, 2, 4, 8, 7, 11, 8, 14, 15, 5, 13, 19, 8, 30, 30, 14, 0, 0, 0, 0, 0, 0, 0, 38]","[0, 3, 2, 2, 4, 6, 2, 3, 4, 2, 3, 4, 6, 3, 2, 6, 11, 3, 1, 8, 7, 5, 33, 158, 128, 84, 96, 156, 0]"
j20,1,stnu,600,True,37,0.9559402465820312,0.031139612197875977,"[0, 0, 0, 0, 6, 3, 6, 3, 9, 10, 10, 9, 20, 20, 9, 20, 23, 23, 31, 31, 16, 0, 0, 0, 0, 0, 0, 0, 37]","""[0, 3, 6, 6, 4, 5, 3, 5, 4, 5, 8, 7, 6, 3, 11, 5, 8, 5, 3, 6, 1, 5, 33, 158, 128, 84, 96, 156, 0]"""
j20,1,proactive_quantile_0.9,600,True,39,0.17433667182922363,0.0014302730560302734,"[0, 0, 0, 0, 2, 4, 2, 4, 8, 7, 11, 8, 14, 15, 5, 13, 19, 8, 30, 30, 14, 0, 0, 0, 0, 0, 0, 0, 158]","""[0, 3, 2, 1, 2, 5, 2, 1, 5, 2, 4, 5, 7, 3, 1, 5, 9, 1, 2, 10, 7, 5, 33, 158, 128, 84, 96, 156, 0]"""
j20,1,reactive,600,True,40,0.17433667182922363,0.32614803314208984,"[0, 0, 0, 0, 2, 4, 2, 4, 8, 7, 11, 8, 14, 15, 5, 13, 19, 8, 30, 30, 14, 0, 0, 0, 0, 0, 0, 0, 40]","[0, 3, 2, 1, 2, 5, 2, 1, 5, 2, 4, 5, 7, 3, 1, 5, 9, 1, 2, 10, 7, 5, 33, 158, 128, 84, 96, 156, 0]"
j20,1,stnu,600,True,17,0.888986349105835,0.031401872634887695,"[0, 0, 0, 0, 2, 4, 2, 4, 5, 7, 9, 5, 10, 13, 4, 9, 14, 5, 15, 15, 10, 0, 0, 0, 0, 0, 0, 0, 17]","""[0, 3, 2, 1, 2, 5, 2, 1, 2, 2, 4, 5, 3, 1, 1, 5, 1, 1, 2, 1, 2, 5, 33, 158, 128, 84, 96, 156, 0]"""
j20,1,proactive_quantile_0.9,600,True,23,0.1087942123413086,0.0013587474822998047,"[0, 0, 0, 0, 2, 4, 2, 4, 8, 10, 11, 8, 14, 15, 5, 14, 17, 8, 21, 21, 14, 0, 0, 0, 0, 0, 0, 0, 158]","""[0, 3, 1, 1, 4, 5, 2, 1, 2, 1, 1, 4, 2, 2, 2, 4, 1, 3, 2, 1, 2, 5, 33, 158, 128, 84, 96, 156, 0]"""
j20,1,reactive,600,True,20,0.1087942123413086,0.3835306167602539,"[0, 0, 0, 0, 2, 4, 2, 4, 8, 10, 11, 8, 14, 15, 5, 14, 17, 8, 18, 19, 14, 0, 0, 0, 0, 0, 0, 0, 20]","[0, 3, 1, 1, 4, 5, 2, 1, 2, 1, 1, 4, 2, 2, 2, 4, 1, 3, 2, 1, 2, 5, 33, 158, 128, 84, 96, 156, 0]"
j20,1,stnu,600,True,34,0.9082403182983398,0.030024051666259766,"[0, 0, 0, 0, 4, 3, 4, 3, 8, 11, 11, 8, 18, 18, 8, 18, 21, 21, 28, 28, 13, 0, 0, 0, 0, 0, 0, 0, 34]","""[0, 3, 4, 5, 6, 8, 2, 5, 3, 5, 6, 5, 6, 3, 10, 4, 7, 5, 2, 6, 3, 5, 33, 158, 128, 84, 96, 156, 0]"""
j20,1,proactive_quantile_0.9,600,True,39,0.16645455360412598,0.0015263557434082031,"[0, 0, 0, 0, 2, 4, 2, 4, 8, 7, 11, 8, 14, 15, 5, 13, 19, 8, 30, 30, 14, 0, 0, 0, 0, 0, 0, 0, 158]","""[0, 4, 1, 3, 3, 3, 1, 2, 4, 2, 1, 2, 6, 3, 2, 8, 10, 1, 1, 8, 7, 5, 33, 158, 128, 84, 96, 156, 0]"""
j20,1,reactive,600,True,38,0.16645455360412598,0.5372698307037354,"[0, 0, 0, 0, 2, 4, 2, 4, 8, 7, 11, 8, 14, 15, 5, 13, 19, 8, 30, 30, 14, 0, 0, 0, 0, 0, 0, 0, 38]","[0, 4, 1, 3, 3, 3, 1, 2, 4, 2, 1, 2, 6, 3, 2, 8, 10, 1, 1, 8, 7, 5, 33, 158, 128, 84, 96, 156, 0]"
j20,1,stnu,600,True,36,0.7495479583740234,0.03025674819946289,"[0, 0, 0, 0, 4, 4, 4, 4, 8, 13, 13, 8, 19, 21, 7, 19, 24, 24, 32, 32, 16, 0, 0, 0, 0, 0, 0, 0, 36]","""[0, 4, 4, 8, 6, 9, 2, 3, 4, 6, 8, 8, 6, 3, 11, 6, 8, 7, 2, 4, 2, 5, 33, 158, 128, 84, 96, 156, 0]"""
j20,1,proactive_quantile_0.9,600,True,39,0.1706857681274414,0.0015099048614501953,"[0, 0, 0, 0, 2, 4, 2, 4, 8, 7, 11, 8, 14, 15, 5, 13, 19, 8, 30, 30, 14, 0, 0, 0, 0, 0, 0, 0, 158]","""[0, 2, 1, 3, 4, 7, 1, 3, 5, 3, 2, 7, 4, 1, 1, 6, 10, 3, 1, 6, 7, 5, 33, 158, 128, 84, 96, 156, 0]"""
j20,1,reactive,600,False,inf,inf,inf,null,"[0, 2, 1, 3, 4, 7, 1, 3, 5, 3, 2, 7, 4, 1, 1, 6, 10, 3, 1, 6, 7, 5, 33, 158, 128, 84, 96, 156, 0]"
j20,1,stnu,600,True,31,0.7965266704559326,0.03154897689819336,"[0, 0, 0, 0, 4, 2, 4, 2, 6, 9, 9, 6, 16, 17, 6, 16, 18, 18, 26, 26, 11, 0, 0, 0, 0, 0, 0, 0, 31]","""[0, 2, 4, 5, 4, 7, 2, 3, 5, 7, 8, 5, 4, 1, 10, 5, 8, 5, 2, 5, 1, 5, 33, 158, 128, 84, 96, 156, 0]"""
j20,1,proactive_quantile_0.9,600,True,39,0.15876460075378418,0.0014853477478027344,"[0, 0, 0, 0, 2, 4, 2, 4, 8, 7, 11, 8, 14, 15, 5, 13, 19, 8, 30, 30, 14, 0, 0, 0, 0, 0, 0, 0, 158]","""[0, 3, 1, 2, 4, 7, 2, 4, 3, 3, 3, 5, 6, 3, 1, 6, 13, 3, 1, 8, 8, 5, 33, 158, 128, 84, 96, 156, 0]"""
j20,1,reactive,600,False,inf,inf,inf,null,"[0, 3, 1, 2, 4, 7, 2, 4, 3, 3, 3, 5, 6, 3, 1, 6, 13, 3, 1, 8, 8, 5, 33, 158, 128, 84, 96, 156, 0]"
j20,1,stnu,600,True,34,0.8168840408325195,0.031062841415405273,"[0, 0, 0, 0, 6, 3, 6, 3, 9, 9, 9, 9, 17, 17, 9, 17, 20, 20, 29, 29, 13, 0, 0, 0, 0, 0, 0, 0, 34]","""[0, 3, 6, 5, 3, 5, 2, 6, 3, 4, 8, 4, 6, 3, 8, 5, 9, 7, 2, 5, 1, 5, 33, 158, 128, 84, 96, 156, 0]"""
j20,1,proactive_quantile_0.9,600,True,39,0.15744400024414062,0.0014433860778808594,"[0, 0, 0, 0, 2, 4, 2, 4, 8, 7, 11, 8, 14, 15, 5, 13, 19, 8, 30, 30, 14, 0, 0, 0, 0, 0, 0, 0, 158]","""[0, 4, 2, 2, 4, 6, 2, 3, 3, 4, 3, 5, 4, 2, 2, 6, 9, 3, 1, 5, 7, 5, 33, 158, 128, 84, 96, 156, 0]"""
j20,1,reactive,600,True,35,0.15744400024414062,0.30074357986450195,"[0, 0, 0, 0, 2, 4, 2, 4, 8, 7, 11, 8, 14, 15, 5, 13, 19, 8, 30, 30, 14, 0, 0, 0, 0, 0, 0, 0, 35]","[0, 4, 2, 2, 4, 6, 2, 3, 3, 4, 3, 5, 4, 2, 2, 6, 9, 3, 1, 5, 7, 5, 33, 158, 128, 84, 96, 156, 0]"
j20,1,stnu,600,True,20,0.8376991748809814,0.031778573989868164,"[0, 0, 0, 0, 2, 4, 2, 4, 7, 9, 13, 7, 13, 16, 4, 13, 17, 6, 19, 19, 12, 0, 0, 0, 0, 0, 0, 0, 20]","""[0, 4, 2, 2, 4, 6, 2, 3, 2, 4, 3, 5, 2, 1, 2, 3, 2, 3, 1, 1, 3, 5, 33, 158, 128, 84, 96, 156, 0]"""
j20,1,proactive_quantile_0.9,600,False,inf,0.08001160621643066,inf,"[0, 0, 0, 0, 6, 4, 6, 4, 9, 12, 12, 9, 19, 21, 9, 19, 25, 12, 29, 29, 17, 0, 0, 0, 0, 0, 0, 0, 158]","""[0, 3, 6, 6, 4, 8, 3, 6, 3, 4, 8, 6, 7, 1, 2, 3, 2, 6, 1, 5, 4, 5, 33, 158, 128, 84, 96, 156, 0]"""
j20,1,reactive,600,False,inf,inf,inf,null,"[0, 3, 6, 6, 4, 8, 3, 6, 3, 4, 8, 6, 7, 1, 2, 3, 2, 6, 1, 5, 4, 5, 33, 158, 128, 84, 96, 156, 0]"
j20,1,stnu,600,True,20,0.7595856189727783,0.030851364135742188,"[0, 0, 0, 0, 2, 5, 2, 5, 7, 9, 13, 7, 13, 15, 5, 13, 16, 7, 18, 18, 10, 0, 0, 0, 0, 0, 0, 0, 20]","""[0, 3, 2, 2, 5, 8, 3, 2, 1, 2, 2, 3, 2, 1, 2, 3, 2, 2, 2, 2, 2, 5, 33, 158, 128, 84, 96, 156, 0]"""
j20,1,proactive_quantile_0.9,600,True,35,0.12061810493469238,0.0014727115631103516,"[0, 0, 0, 0, 6, 4, 6, 4, 9, 12, 12, 9, 19, 21, 9, 19, 25, 12, 29, 29, 17, 0, 0, 0, 0, 0, 0, 0, 158]","""[0, 2, 3, 6, 4, 8, 1, 3, 4, 5, 7, 5, 5, 2, 3, 5, 2, 4, 2, 5, 2, 5, 33, 158, 128, 84, 96, 156, 0]"""
j20,1,reactive,600,True,34,0.12061810493469238,0.3847041130065918,"[0, 0, 0, 0, 6, 4, 6, 4, 9, 12, 12, 9, 19, 21, 9, 19, 25, 12, 29, 29, 17, 0, 0, 0, 0, 0, 0, 0, 34]","[0, 2, 3, 6, 4, 8, 1, 3, 4, 5, 7, 5, 5, 2, 3, 5, 2, 4, 2, 5, 2, 5, 33, 158, 128, 84, 96, 156, 0]"
j20,1,stnu,600,True,35,0.834733247756958,0.03088855743408203,"[0, 0, 0, 0, 3, 2, 3, 2, 6, 10, 10, 6, 15, 17, 5, 15, 19, 19, 30, 30, 11, 0, 0, 0, 0, 0, 0, 0, 35]","""[0, 2, 3, 6, 4, 8, 1, 3, 4, 5, 7, 5, 5, 2, 10, 5, 11, 4, 2, 5, 2, 5, 33, 158, 128, 84, 96, 156, 0]"""
j20,1,stnu,600,False,inf,0.8282549381256104,inf,[],"""[0, 1, 2, 2, 3, 2, 3, 1, 3, 1, 2, 6, 6, 3, 2, 4, 5, 6, 2, 6, 2, 110, 113, 6, 105, 114, 0]"""
j20,1,stnu,600,False,inf,0.7619190216064453,inf,[],"""[0, 2, 4, 1, 2, 2, 1, 2, 2, 1, 1, 8, 4, 3, 2, 4, 4, 6, 2, 4, 3, 110, 113, 6, 105, 114, 0]"""
j20,1,stnu,600,False,inf,0.6997027397155762,inf,[],"""[0, 2, 4, 2, 2, 2, 3, 1, 3, 1, 2, 8, 7, 2, 3, 5, 6, 7, 2, 6, 2, 110, 113, 6, 105, 114, 0]"""
j20,1,stnu,600,False,inf,0.8654618263244629,inf,[],"""[0, 2, 4, 2, 2, 2, 2, 2, 2, 2, 2, 8, 6, 3, 2, 4, 2, 4, 3, 5, 2, 110, 113, 6, 105, 114, 0]"""
j20,1,stnu,600,False,inf,0.7781052589416504,inf,[],"""[0, 1, 4, 1, 3, 2, 3, 1, 3, 1, 2, 9, 5, 2, 1, 3, 4, 4, 3, 4, 1, 110, 113, 6, 105, 114, 0]"""
j20,1,stnu,600,False,inf,0.7970988750457764,inf,[],"""[0, 2, 3, 2, 3, 2, 1, 2, 2, 1, 1, 7, 6, 1, 1, 5, 5, 4, 2, 5, 2, 110, 113, 6, 105, 114, 0]"""
j20,1,stnu,600,False,inf,0.7780368328094482,inf,[],"""[0, 1, 3, 1, 4, 1, 1, 2, 2, 1, 1, 6, 4, 3, 2, 2, 5, 2, 1, 5, 1, 110, 113, 6, 105, 114, 0]"""
j20,1,stnu,600,False,inf,0.7699177265167236,inf,[],"""[0, 2, 6, 3, 3, 3, 2, 2, 2, 3, 3, 9, 3, 5, 2, 6, 9, 6, 6, 7, 6, 110, 113, 6, 105, 114, 0]"""
j20,1,stnu,600,False,inf,0.8449552059173584,inf,[],"""[0, 1, 4, 2, 4, 3, 3, 2, 1, 2, 1, 8, 6, 3, 1, 3, 4, 4, 3, 4, 3, 110, 113, 6, 105, 114, 0]"""
j20,1,stnu,600,False,inf,0.7480535507202148,inf,[],"""[0, 3, 9, 2, 3, 4, 2, 2, 4, 4, 3, 11, 7, 5, 2, 5, 7, 7, 6, 6, 4, 110, 113, 6, 105, 114, 0]"""
j20,1,proactive_quantile_0.9,600,True,31,0.17430448532104492,0.0019571781158447266,"[0, 0, 0, 0, 2, 6, 4, 7, 11, 2, 7, 12, 12, 19, 17, 21, 17, 6, 23, 27, 21, 0, 0, 0, 0, 0, 0, 0, 0, 0, 0, 0, 0, 150]","""[0, 2, 3, 4, 2, 2, 2, 3, 6, 5, 4, 3, 1, 4, 2, 1, 3, 3, 1, 2, 3, 15, 143, 33, 150, 111, 67, 64, 98, 85, 44, 48, 106, 0]"""
j20,1,reactive,600,True,25,0.17430448532104492,0.3836538791656494,"[0, 0, 0, 0, 2, 6, 4, 7, 11, 2, 7, 12, 12, 19, 17, 21, 17, 6, 23, 23, 21, 0, 0, 0, 0, 0, 0, 0, 0, 0, 0, 0, 0, 25]","[0, 2, 3, 4, 2, 2, 2, 3, 6, 5, 4, 3, 1, 4, 2, 1, 3, 3, 1, 2, 3, 15, 143, 33, 150, 111, 67, 64, 98, 85, 44, 48, 106, 0]"
j20,1,stnu,600,False,inf,1.219754934310913,inf,[],"""[0, 4, 3, 7, 9, 4, 2, 7, 6, 7, 6, 5, 3, 4, 8, 8, 7, 8, 3, 5, 4, 15, 143, 33, 150, 111, 67, 64, 98, 85, 44, 48, 106, 0]"""
j20,1,proactive_quantile_0.9,600,True,31,0.09579253196716309,0.0019159317016601562,"[0, 0, 0, 0, 2, 6, 4, 7, 11, 2, 7, 12, 12, 19, 17, 21, 17, 6, 23, 27, 21, 0, 0, 0, 0, 0, 0, 0, 0, 0, 0, 0, 0, 150]","""[0, 1, 2, 4, 2, 3, 3, 2, 7, 7, 2, 4, 1, 4, 4, 1, 5, 6, 1, 2, 1, 15, 143, 33, 150, 111, 67, 64, 98, 85, 44, 48, 106, 0]"""
j20,1,reactive,600,True,25,0.09579253196716309,0.30765295028686523,"[0, 0, 0, 0, 2, 6, 4, 7, 11, 2, 7, 12, 12, 19, 17, 21, 17, 6, 23, 23, 21, 0, 0, 0, 0, 0, 0, 0, 0, 0, 0, 0, 0, 25]","[0, 1, 2, 4, 2, 3, 3, 2, 7, 7, 2, 4, 1, 4, 4, 1, 5, 6, 1, 2, 1, 15, 143, 33, 150, 111, 67, 64, 98, 85, 44, 48, 106, 0]"
j20,1,stnu,600,False,inf,0.8095650672912598,inf,[],"""[0, 5, 4, 7, 8, 4, 3, 6, 7, 10, 5, 7, 2, 4, 6, 4, 6, 10, 6, 4, 5, 15, 143, 33, 150, 111, 67, 64, 98, 85, 44, 48, 106, 0]"""
j20,1,proactive_quantile_0.9,600,True,31,0.10200786590576172,0.0019385814666748047,"[0, 0, 0, 0, 2, 6, 4, 7, 11, 2, 7, 12, 12, 19, 17, 21, 17, 6, 23, 27, 21, 0, 0, 0, 0, 0, 0, 0, 0, 0, 0, 0, 0, 150]","""[0, 1, 1, 5, 3, 2, 1, 3, 4, 7, 2, 3, 2, 8, 2, 2, 3, 4, 1, 2, 2, 15, 143, 33, 150, 111, 67, 64, 98, 85, 44, 48, 106, 0]"""
j20,1,reactive,600,True,29,0.10200786590576172,0.47531628608703613,"[0, 0, 0, 0, 2, 6, 4, 7, 11, 2, 7, 12, 12, 19, 17, 21, 17, 6, 23, 27, 21, 0, 0, 0, 0, 0, 0, 0, 0, 0, 0, 0, 0, 29]","[0, 1, 1, 5, 3, 2, 1, 3, 4, 7, 2, 3, 2, 8, 2, 2, 3, 4, 1, 2, 2, 15, 143, 33, 150, 111, 67, 64, 98, 85, 44, 48, 106, 0]"
j20,1,stnu,600,False,inf,0.753556489944458,inf,[],"""[0, 6, 4, 7, 8, 3, 1, 6, 4, 7, 4, 7, 2, 8, 7, 4, 5, 8, 6, 7, 7, 15, 143, 33, 150, 111, 67, 64, 98, 85, 44, 48, 106, 0]"""
j20,1,proactive_quantile_0.9,600,True,31,0.09567880630493164,0.001966238021850586,"[0, 0, 0, 0, 2, 6, 4, 7, 11, 2, 7, 12, 12, 19, 17, 21, 17, 6, 23, 27, 21, 0, 0, 0, 0, 0, 0, 0, 0, 0, 0, 0, 0, 150]","""[0, 1, 3, 5, 1, 2, 2, 2, 9, 4, 4, 4, 1, 5, 2, 1, 5, 2, 2, 2, 1, 15, 143, 33, 150, 111, 67, 64, 98, 85, 44, 48, 106, 0]"""
j20,1,reactive,600,False,inf,inf,inf,null,"[0, 1, 3, 5, 1, 2, 2, 2, 9, 4, 4, 4, 1, 5, 2, 1, 5, 2, 2, 2, 1, 15, 143, 33, 150, 111, 67, 64, 98, 85, 44, 48, 106, 0]"
j20,1,stnu,600,True,23,1.0083019733428955,0.0424952507019043,"[0, 0, 0, 0, 1, 5, 3, 5, 7, 1, 5, 9, 9, 16, 15, 17, 15, 3, 18, 21, 17, 0, 0, 0, 0, 0, 0, 0, 0, 0, 0, 0, 0, 23]","""[0, 1, 3, 5, 1, 2, 2, 2, 9, 4, 4, 6, 2, 5, 2, 1, 5, 2, 2, 2, 2, 15, 143, 33, 150, 111, 67, 64, 98, 85, 44, 48, 106, 0]"""
j20,1,proactive_quantile_0.9,600,True,31,0.09854245185852051,0.0019202232360839844,"[0, 0, 0, 0, 2, 6, 4, 7, 11, 2, 7, 12, 12, 19, 17, 21, 17, 6, 23, 27, 21, 0, 0, 0, 0, 0, 0, 0, 0, 0, 0, 0, 0, 150]","""[0, 2, 3, 5, 1, 2, 2, 3, 7, 5, 5, 4, 1, 6, 2, 2, 5, 5, 1, 3, 3, 15, 143, 33, 150, 111, 67, 64, 98, 85, 44, 48, 106, 0]"""
j20,1,reactive,600,True,30,0.09854245185852051,0.3041038513183594,"[0, 0, 0, 0, 2, 6, 4, 7, 11, 2, 7, 12, 12, 19, 17, 21, 17, 6, 23, 27, 21, 0, 0, 0, 0, 0, 0, 0, 0, 0, 0, 0, 0, 30]","[0, 2, 3, 5, 1, 2, 2, 3, 7, 5, 5, 4, 1, 6, 2, 2, 5, 5, 1, 3, 3, 15, 143, 33, 150, 111, 67, 64, 98, 85, 44, 48, 106, 0]"
j20,1,stnu,600,True,24,0.8785288333892822,0.04106307029724121,"[0, 0, 0, 0, 2, 5, 3, 5, 8, 2, 5, 10, 10, 15, 14, 16, 14, 3, 18, 21, 16, 0, 0, 0, 0, 0, 0, 0, 0, 0, 0, 0, 0, 24]","""[0, 2, 3, 5, 1, 2, 2, 3, 7, 5, 5, 4, 1, 6, 2, 2, 5, 5, 1, 3, 1, 15, 143, 33, 150, 111, 67, 64, 98, 85, 44, 48, 106, 0]"""
j20,1,proactive_quantile_0.9,600,True,31,0.15406584739685059,0.0019037723541259766,"[0, 0, 0, 0, 2, 6, 4, 7, 11, 2, 7, 12, 12, 19, 17, 21, 17, 6, 23, 27, 21, 0, 0, 0, 0, 0, 0, 0, 0, 0, 0, 0, 0, 150]","""[0, 1, 2, 5, 1, 3, 1, 3, 5, 6, 3, 4, 2, 9, 1, 2, 4, 4, 2, 3, 2, 15, 143, 33, 150, 111, 67, 64, 98, 85, 44, 48, 106, 0]"""
j20,1,reactive,600,False,inf,inf,inf,null,"[0, 1, 2, 5, 1, 3, 1, 3, 5, 6, 3, 4, 2, 9, 1, 2, 4, 4, 2, 3, 2, 15, 143, 33, 150, 111, 67, 64, 98, 85, 44, 48, 106, 0]"
j20,1,stnu,600,False,inf,0.7569286823272705,inf,[],"""[0, 2, 4, 9, 9, 3, 1, 9, 5, 7, 7, 5, 4, 9, 8, 7, 6, 7, 7, 6, 5, 15, 143, 33, 150, 111, 67, 64, 98, 85, 44, 48, 106, 0]"""
j20,1,proactive_quantile_0.9,600,True,31,0.06706452369689941,0.0018184185028076172,"[0, 0, 0, 0, 2, 6, 4, 7, 11, 2, 7, 12, 12, 19, 17, 21, 17, 6, 23, 27, 21, 0, 0, 0, 0, 0, 0, 0, 0, 0, 0, 0, 0, 150]","""[0, 1, 3, 4, 2, 2, 3, 1, 6, 5, 4, 5, 2, 6, 1, 2, 3, 4, 1, 3, 2, 15, 143, 33, 150, 111, 67, 64, 98, 85, 44, 48, 106, 0]"""
j20,1,reactive,600,True,30,0.06706452369689941,0.3982977867126465,"[0, 0, 0, 0, 2, 6, 4, 7, 11, 2, 7, 12, 12, 19, 17, 21, 17, 6, 23, 27, 21, 0, 0, 0, 0, 0, 0, 0, 0, 0, 0, 0, 0, 30]","[0, 1, 3, 4, 2, 2, 3, 1, 6, 5, 4, 5, 2, 6, 1, 2, 3, 4, 1, 3, 2, 15, 143, 33, 150, 111, 67, 64, 98, 85, 44, 48, 106, 0]"
j20,1,stnu,600,True,23,0.8628356456756592,0.040587663650512695,"[0, 0, 0, 0, 1, 4, 3, 6, 7, 1, 6, 10, 10, 14, 14, 15, 14, 3, 17, 20, 15, 0, 0, 0, 0, 0, 0, 0, 0, 0, 0, 0, 0, 23]","""[0, 1, 3, 4, 2, 2, 3, 1, 6, 5, 4, 4, 2, 6, 1, 2, 3, 4, 1, 3, 3, 15, 143, 33, 150, 111, 67, 64, 98, 85, 44, 48, 106, 0]"""
j20,1,proactive_quantile_0.9,600,True,31,0.10932421684265137,0.0018796920776367188,"[0, 0, 0, 0, 2, 6, 4, 7, 11, 2, 7, 12, 12, 19, 17, 21, 17, 6, 23, 27, 21, 0, 0, 0, 0, 0, 0, 0, 0, 0, 0, 0, 0, 150]","""[0, 2, 3, 4, 3, 2, 2, 1, 7, 6, 4, 5, 2, 7, 3, 1, 5, 5, 2, 3, 2, 15, 143, 33, 150, 111, 67, 64, 98, 85, 44, 48, 106, 0]"""
j20,1,reactive,600,True,30,0.10932421684265137,0.31458520889282227,"[0, 0, 0, 0, 2, 6, 4, 7, 11, 2, 7, 12, 12, 19, 17, 21, 17, 6, 23, 27, 21, 0, 0, 0, 0, 0, 0, 0, 0, 0, 0, 0, 0, 30]","[0, 2, 3, 4, 3, 2, 2, 1, 7, 6, 4, 5, 2, 7, 3, 1, 5, 5, 2, 3, 2, 15, 143, 33, 150, 111, 67, 64, 98, 85, 44, 48, 106, 0]"
j20,1,stnu,600,False,inf,0.6663174629211426,inf,[],"""[0, 4, 4, 10, 9, 5, 2, 7, 7, 5, 3, 5, 2, 7, 10, 4, 4, 9, 6, 4, 5, 15, 143, 33, 150, 111, 67, 64, 98, 85, 44, 48, 106, 0]"""
j20,1,proactive_quantile_0.9,600,True,31,0.08069801330566406,0.0019583702087402344,"[0, 0, 0, 0, 2, 6, 4, 7, 11, 2, 7, 12, 12, 19, 17, 21, 17, 6, 23, 27, 21, 0, 0, 0, 0, 0, 0, 0, 0, 0, 0, 0, 0, 150]","""[0, 2, 3, 5, 4, 2, 3, 4, 6, 5, 3, 4, 1, 7, 3, 1, 5, 5, 2, 3, 2, 15, 143, 33, 150, 111, 67, 64, 98, 85, 44, 48, 106, 0]"""
j20,1,reactive,600,True,30,0.08069801330566406,0.25557708740234375,"[0, 0, 0, 0, 2, 6, 4, 7, 11, 2, 7, 12, 12, 19, 17, 21, 17, 6, 23, 27, 21, 0, 0, 0, 0, 0, 0, 0, 0, 0, 0, 0, 0, 30]","[0, 2, 3, 5, 4, 2, 3, 4, 6, 5, 3, 4, 1, 7, 3, 1, 5, 5, 2, 3, 2, 15, 143, 33, 150, 111, 67, 64, 98, 85, 44, 48, 106, 0]"
j20,1,stnu,600,False,inf,0.7416303157806396,inf,[],"""[0, 3, 3, 7, 9, 4, 3, 4, 6, 9, 5, 8, 4, 7, 8, 6, 5, 7, 7, 6, 5, 15, 143, 33, 150, 111, 67, 64, 98, 85, 44, 48, 106, 0]"""
j20,1,proactive_quantile_0.9,600,True,31,0.08638215065002441,0.0018887519836425781,"[0, 0, 0, 0, 2, 6, 4, 7, 11, 2, 7, 12, 12, 19, 17, 21, 17, 6, 23, 27, 21, 0, 0, 0, 0, 0, 0, 0, 0, 0, 0, 0, 0, 150]","""[0, 1, 2, 6, 4, 1, 2, 3, 7, 4, 4, 3, 1, 8, 4, 2, 3, 5, 2, 3, 2, 15, 143, 33, 150, 111, 67, 64, 98, 85, 44, 48, 106, 0]"""
j20,1,reactive,600,True,30,0.08638215065002441,0.2928595542907715,"[0, 0, 0, 0, 2, 6, 4, 7, 11, 2, 7, 12, 12, 19, 17, 21, 17, 6, 23, 27, 21, 0, 0, 0, 0, 0, 0, 0, 0, 0, 0, 0, 0, 30]","[0, 1, 2, 6, 4, 1, 2, 3, 7, 4, 4, 3, 1, 8, 4, 2, 3, 5, 2, 3, 2, 15, 143, 33, 150, 111, 67, 64, 98, 85, 44, 48, 106, 0]"
j20,1,stnu,600,False,inf,0.7325899600982666,inf,[],"""[0, 4, 4, 7, 8, 5, 2, 5, 7, 6, 2, 6, 3, 8, 8, 7, 3, 6, 5, 6, 6, 15, 143, 33, 150, 111, 67, 64, 98, 85, 44, 48, 106, 0]"""
j20,1,proactive_quantile_0.9,600,True,31,0.16607236862182617,0.002593994140625,"[0, 0, 0, 0, 2, 8, 2, 2, 13, 4, 13, 15, 11, 3, 8, 21, 14, 18, 18, 29, 23, 0, 0, 0, 0, 0, 0, 0, 0, 0, 0, 0, 0, 0, 0, 0, 0, 0, 146]","""[0, 5, 1, 1, 4, 4, 2, 5, 2, 5, 2, 5, 1, 2, 6, 1, 2, 8, 2, 2, 1, 127, 133, 43, 62, 146, 36, 42, 84, 108, 119, 37, 62, 102, 44, 64, 48, 119, 0]"""
j20,1,reactive,600,True,28,0.16607236862182617,0.30217766761779785,"[0, 0, 0, 0, 2, 8, 2, 2, 13, 4, 13, 15, 11, 3, 8, 21, 14, 18, 18, 26, 23, 0, 0, 0, 0, 0, 0, 0, 0, 0, 0, 0, 0, 0, 0, 0, 0, 0, 28]","[0, 5, 1, 1, 4, 4, 2, 5, 2, 5, 2, 5, 1, 2, 6, 1, 2, 8, 2, 2, 1, 127, 133, 43, 62, 146, 36, 42, 84, 108, 119, 37, 62, 102, 44, 64, 48, 119, 0]"
j20,1,stnu,600,True,48,0.9541785717010498,0.057981014251708984,"[0, 0, 0, 0, 8, 15, 8, 8, 21, 12, 24, 29, 24, 1, 15, 38, 25, 29, 29, 38, 45, 0, 0, 0, 0, 0, 0, 0, 0, 0, 0, 0, 0, 0, 0, 0, 0, 0, 48]","""[0, 10, 1, 8, 7, 6, 4, 8, 2, 12, 5, 9, 1, 2, 6, 7, 3, 8, 2, 3, 3, 127, 133, 43, 62, 146, 36, 42, 84, 108, 119, 37, 62, 102, 44, 64, 48, 119, 0]"""
j20,1,proactive_quantile_0.9,600,True,31,0.1596050262451172,0.0025081634521484375,"[0, 0, 0, 0, 2, 8, 2, 2, 13, 4, 13, 15, 11, 3, 8, 21, 14, 18, 18, 29, 23, 0, 0, 0, 0, 0, 0, 0, 0, 0, 0, 0, 0, 0, 0, 0, 0, 0, 146]","""[0, 4, 1, 2, 5, 4, 1, 6, 1, 6, 2, 4, 2, 2, 4, 2, 3, 8, 2, 2, 2, 127, 133, 43, 62, 146, 36, 42, 84, 108, 119, 37, 62, 102, 44, 64, 48, 119, 0]"""
j20,1,reactive,600,True,28,0.1596050262451172,0.4569547176361084,"[0, 0, 0, 0, 2, 8, 2, 2, 13, 4, 13, 15, 11, 3, 8, 21, 14, 18, 18, 26, 23, 0, 0, 0, 0, 0, 0, 0, 0, 0, 0, 0, 0, 0, 0, 0, 0, 0, 28]","[0, 4, 1, 2, 5, 4, 1, 6, 1, 6, 2, 4, 2, 2, 4, 2, 3, 8, 2, 2, 2, 127, 133, 43, 62, 146, 36, 42, 84, 108, 119, 37, 62, 102, 44, 64, 48, 119, 0]"
j20,1,stnu,600,True,24,0.9367284774780273,0.05773353576660156,"[0, 0, 0, 0, 2, 7, 2, 2, 11, 3, 11, 13, 9, 3, 7, 17, 11, 14, 14, 22, 18, 0, 0, 0, 0, 0, 0, 0, 0, 0, 0, 0, 0, 0, 0, 0, 0, 0, 24]","""[0, 4, 1, 2, 5, 4, 1, 6, 1, 6, 2, 4, 2, 2, 4, 1, 3, 8, 2, 2, 2, 127, 133, 43, 62, 146, 36, 42, 84, 108, 119, 37, 62, 102, 44, 64, 48, 119, 0]"""
j20,1,proactive_quantile_0.9,600,True,32,0.1264033317565918,0.00270843505859375,"[0, 0, 0, 0, 2, 8, 2, 2, 13, 4, 13, 15, 11, 3, 8, 21, 14, 19, 19, 30, 23, 0, 0, 0, 0, 0, 0, 0, 0, 0, 0, 0, 0, 0, 0, 0, 0, 0, 146]","""[0, 6, 1, 2, 3, 6, 1, 8, 4, 6, 1, 3, 1, 4, 4, 2, 4, 10, 2, 2, 2, 127, 133, 43, 62, 146, 36, 42, 84, 108, 119, 37, 62, 102, 44, 64, 48, 119, 0]"""
j20,1,reactive,600,False,inf,inf,inf,null,"[0, 6, 1, 2, 3, 6, 1, 8, 4, 6, 1, 3, 1, 4, 4, 2, 4, 10, 2, 2, 2, 127, 133, 43, 62, 146, 36, 42, 84, 108, 119, 37, 62, 102, 44, 64, 48, 119, 0]"
j20,1,stnu,600,True,42,0.8593168258666992,0.05931663513183594,"[0, 0, 0, 0, 5, 11, 5, 5, 18, 10, 21, 25, 21, 1, 11, 31, 22, 26, 26, 36, 37, 0, 0, 0, 0, 0, 0, 0, 0, 0, 0, 0, 0, 0, 0, 0, 0, 0, 42]","""[0, 10, 1, 5, 6, 7, 3, 8, 4, 11, 4, 6, 1, 4, 4, 6, 4, 10, 2, 6, 2, 127, 133, 43, 62, 146, 36, 42, 84, 108, 119, 37, 62, 102, 44, 64, 48, 119, 0]"""
j20,1,proactive_quantile_0.9,600,True,31,0.0992593765258789,0.0025637149810791016,"[0, 0, 0, 0, 2, 8, 2, 2, 13, 4, 13, 15, 11, 3, 8, 21, 14, 18, 18, 29, 23, 0, 0, 0, 0, 0, 0, 0, 0, 0, 0, 0, 0, 0, 0, 0, 0, 0, 146]","""[0, 5, 3, 1, 7, 2, 2, 3, 1, 6, 1, 6, 2, 1, 5, 2, 1, 9, 1, 2, 1, 127, 133, 43, 62, 146, 36, 42, 84, 108, 119, 37, 62, 102, 44, 64, 48, 119, 0]"""
j20,1,reactive,600,False,inf,inf,inf,null,"[0, 5, 3, 1, 7, 2, 2, 3, 1, 6, 1, 6, 2, 1, 5, 2, 1, 9, 1, 2, 1, 127, 133, 43, 62, 146, 36, 42, 84, 108, 119, 37, 62, 102, 44, 64, 48, 119, 0]"
j20,1,stnu,600,True,27,1.0266430377960205,0.05787253379821777,"[0, 0, 0, 0, 1, 8, 1, 1, 11, 3, 11, 12, 11, 3, 8, 20, 13, 14, 22, 25, 21, 0, 0, 0, 0, 0, 0, 0, 0, 0, 0, 0, 0, 0, 0, 0, 0, 0, 27]","""[0, 11, 3, 1, 7, 2, 2, 3, 1, 6, 1, 8, 2, 1, 5, 1, 1, 9, 3, 2, 1, 127, 133, 43, 62, 146, 36, 42, 84, 108, 119, 37, 62, 102, 44, 64, 48, 119, 0]"""
j20,1,proactive_quantile_0.9,600,True,31,0.08100676536560059,0.002676725387573242,"[0, 0, 0, 0, 2, 8, 2, 2, 13, 4, 13, 15, 11, 3, 8, 21, 14, 18, 18, 29, 23, 0, 0, 0, 0, 0, 0, 0, 0, 0, 0, 0, 0, 0, 0, 0, 0, 0, 146]","""[0, 7, 3, 1, 3, 3, 2, 6, 3, 6, 2, 5, 1, 1, 3, 1, 2, 9, 2, 2, 1, 127, 133, 43, 62, 146, 36, 42, 84, 108, 119, 37, 62, 102, 44, 64, 48, 119, 0]"""
j20,1,reactive,600,True,29,0.08100676536560059,0.34236717224121094,"[0, 0, 0, 0, 2, 8, 2, 2, 13, 4, 13, 15, 11, 3, 8, 21, 14, 18, 18, 27, 23, 0, 0, 0, 0, 0, 0, 0, 0, 0, 0, 0, 0, 0, 0, 0, 0, 0, 29]","[0, 7, 3, 1, 3, 3, 2, 6, 3, 6, 2, 5, 1, 1, 3, 1, 2, 9, 2, 2, 1, 127, 133, 43, 62, 146, 36, 42, 84, 108, 119, 37, 62, 102, 44, 64, 48, 119, 0]"
j20,1,stnu,600,True,27,0.9344470500946045,0.0558319091796875,"[0, 0, 0, 0, 1, 4, 1, 1, 11, 3, 11, 13, 11, 3, 4, 20, 13, 15, 23, 25, 22, 0, 0, 0, 0, 0, 0, 0, 0, 0, 0, 0, 0, 0, 0, 0, 0, 0, 27]","""[0, 11, 3, 1, 3, 3, 2, 6, 3, 6, 2, 7, 1, 1, 4, 2, 2, 9, 2, 2, 1, 127, 133, 43, 62, 146, 36, 42, 84, 108, 119, 37, 62, 102, 44, 64, 48, 119, 0]"""
j20,1,proactive_quantile_0.9,600,True,50,0.08906817436218262,0.0026311874389648438,"[0, 0, 0, 0, 8, 16, 8, 8, 24, 14, 24, 29, 21, 3, 16, 38, 24, 29, 29, 40, 46, 0, 0, 0, 0, 0, 0, 0, 0, 0, 0, 0, 0, 0, 0, 0, 0, 0, 146]","""[0, 9, 2, 6, 8, 6, 5, 8, 2, 6, 2, 9, 2, 4, 5, 6, 3, 10, 2, 5, 4, 127, 133, 43, 62, 146, 36, 42, 84, 108, 119, 37, 62, 102, 44, 64, 48, 119, 0]"""
j20,1,reactive,600,True,48,0.08906817436218262,0.2889091968536377,"[0, 0, 0, 0, 8, 16, 8, 8, 24, 14, 24, 29, 21, 3, 16, 38, 24, 29, 29, 40, 44, 0, 0, 0, 0, 0, 0, 0, 0, 0, 0, 0, 0, 0, 0, 0, 0, 0, 48]","[0, 9, 2, 6, 8, 6, 5, 8, 2, 6, 2, 9, 2, 4, 5, 6, 3, 10, 2, 5, 4, 127, 133, 43, 62, 146, 36, 42, 84, 108, 119, 37, 62, 102, 44, 64, 48, 119, 0]"
j20,1,stnu,600,True,28,1.0470805168151855,0.05724763870239258,"[0, 0, 0, 0, 2, 8, 2, 2, 12, 4, 13, 14, 10, 4, 8, 18, 12, 15, 15, 26, 20, 0, 0, 0, 0, 0, 0, 0, 0, 0, 0, 0, 0, 0, 0, 0, 0, 0, 28]","""[0, 4, 2, 2, 6, 4, 2, 4, 1, 6, 1, 4, 2, 1, 5, 2, 3, 11, 2, 2, 2, 127, 133, 43, 62, 146, 36, 42, 84, 108, 119, 37, 62, 102, 44, 64, 48, 119, 0]"""
j20,1,proactive_quantile_0.9,600,True,31,0.14863038063049316,0.002523183822631836,"[0, 0, 0, 0, 2, 8, 2, 2, 13, 4, 13, 15, 11, 3, 8, 21, 14, 18, 18, 29, 23, 0, 0, 0, 0, 0, 0, 0, 0, 0, 0, 0, 0, 0, 0, 0, 0, 0, 146]","""[0, 6, 3, 1, 5, 3, 1, 4, 3, 5, 1, 5, 2, 1, 3, 2, 2, 9, 2, 2, 1, 127, 133, 43, 62, 146, 36, 42, 84, 108, 119, 37, 62, 102, 44, 64, 48, 119, 0]"""
j20,1,reactive,600,True,29,0.14863038063049316,0.46083807945251465,"[0, 0, 0, 0, 2, 8, 2, 2, 13, 4, 13, 15, 11, 3, 8, 21, 14, 18, 18, 27, 23, 0, 0, 0, 0, 0, 0, 0, 0, 0, 0, 0, 0, 0, 0, 0, 0, 0, 29]","[0, 6, 3, 1, 5, 3, 1, 4, 3, 5, 1, 5, 2, 1, 3, 2, 2, 9, 2, 2, 1, 127, 133, 43, 62, 146, 36, 42, 84, 108, 119, 37, 62, 102, 44, 64, 48, 119, 0]"
j20,1,stnu,600,True,22,0.8085856437683105,0.05743098258972168,"[0, 0, 0, 0, 1, 6, 1, 1, 9, 3, 10, 11, 8, 3, 6, 16, 10, 12, 12, 20, 18, 0, 0, 0, 0, 0, 0, 0, 0, 0, 0, 0, 0, 0, 0, 0, 0, 0, 22]","""[0, 6, 3, 1, 5, 3, 1, 4, 3, 5, 1, 5, 2, 1, 3, 2, 2, 8, 2, 2, 1, 127, 133, 43, 62, 146, 36, 42, 84, 108, 119, 37, 62, 102, 44, 64, 48, 119, 0]"""
j20,1,proactive_quantile_0.9,600,True,31,0.16702818870544434,0.0026543140411376953,"[0, 0, 0, 0, 2, 8, 2, 2, 13, 4, 13, 15, 11, 3, 8, 21, 14, 18, 18, 29, 23, 0, 0, 0, 0, 0, 0, 0, 0, 0, 0, 0, 0, 0, 0, 0, 0, 0, 146]","""[0, 5, 2, 2, 3, 4, 2, 7, 4, 5, 2, 3, 3, 1, 4, 2, 3, 8, 2, 1, 1, 127, 133, 43, 62, 146, 36, 42, 84, 108, 119, 37, 62, 102, 44, 64, 48, 119, 0]"""
j20,1,reactive,600,True,27,0.16702818870544434,0.2951233386993408,"[0, 0, 0, 0, 2, 8, 2, 2, 13, 4, 13, 15, 11, 3, 8, 21, 14, 18, 18, 26, 23, 0, 0, 0, 0, 0, 0, 0, 0, 0, 0, 0, 0, 0, 0, 0, 0, 0, 27]","[0, 5, 2, 2, 3, 4, 2, 7, 4, 5, 2, 3, 3, 1, 4, 2, 3, 8, 2, 1, 1, 127, 133, 43, 62, 146, 36, 42, 84, 108, 119, 37, 62, 102, 44, 64, 48, 119, 0]"
j20,1,stnu,600,True,44,0.9227397441864014,0.05898165702819824,"[0, 0, 0, 0, 5, 12, 5, 5, 21, 10, 21, 27, 21, 2, 12, 34, 24, 30, 30, 38, 41, 0, 0, 0, 0, 0, 0, 0, 0, 0, 0, 0, 0, 0, 0, 0, 0, 0, 44]","""[0, 9, 2, 5, 7, 9, 5, 7, 3, 9, 6, 7, 3, 3, 5, 7, 6, 8, 2, 6, 3, 127, 133, 43, 62, 146, 36, 42, 84, 108, 119, 37, 62, 102, 44, 64, 48, 119, 0]"""
j20,1,proactive_quantile_0.9,600,True,31,0.16320562362670898,0.0025572776794433594,"[0, 0, 0, 0, 2, 8, 2, 2, 13, 4, 13, 15, 11, 3, 8, 21, 14, 18, 18, 29, 23, 0, 0, 0, 0, 0, 0, 0, 0, 0, 0, 0, 0, 0, 0, 0, 0, 0, 146]","""[0, 9, 1, 2, 4, 4, 2, 4, 2, 6, 1, 4, 1, 2, 4, 2, 2, 10, 1, 2, 2, 127, 133, 43, 62, 146, 36, 42, 84, 108, 119, 37, 62, 102, 44, 64, 48, 119, 0]"""
j20,1,reactive,600,True,30,0.16320562362670898,0.3286478519439697,"[0, 0, 0, 0, 2, 8, 2, 2, 13, 4, 13, 15, 11, 3, 8, 21, 14, 18, 18, 28, 23, 0, 0, 0, 0, 0, 0, 0, 0, 0, 0, 0, 0, 0, 0, 0, 0, 0, 30]","[0, 9, 1, 2, 4, 4, 2, 4, 2, 6, 1, 4, 1, 2, 4, 2, 2, 10, 1, 2, 2, 127, 133, 43, 62, 146, 36, 42, 84, 108, 119, 37, 62, 102, 44, 64, 48, 119, 0]"
j20,1,stnu,600,True,43,0.9535322189331055,0.05941033363342285,"[0, 0, 0, 0, 6, 13, 6, 6, 21, 11, 21, 26, 21, 1, 13, 32, 22, 27, 27, 37, 38, 0, 0, 0, 0, 0, 0, 0, 0, 0, 0, 0, 0, 0, 0, 0, 0, 0, 43]","""[0, 10, 1, 6, 7, 8, 5, 6, 5, 9, 2, 6, 1, 2, 4, 6, 5, 10, 1, 6, 2, 127, 133, 43, 62, 146, 36, 42, 84, 108, 119, 37, 62, 102, 44, 64, 48, 119, 0]"""
j20,1,proactive_quantile_0.9,600,True,31,0.19235920906066895,0.0026586055755615234,"[0, 0, 0, 0, 2, 8, 2, 2, 13, 4, 13, 15, 11, 3, 8, 21, 14, 18, 18, 29, 23, 0, 0, 0, 0, 0, 0, 0, 0, 0, 0, 0, 0, 0, 0, 0, 0, 0, 146]","""[0, 9, 3, 1, 4, 4, 2, 4, 3, 5, 1, 5, 2, 1, 4, 1, 3, 11, 1, 2, 1, 127, 133, 43, 62, 146, 36, 42, 84, 108, 119, 37, 62, 102, 44, 64, 48, 119, 0]"""
j20,1,reactive,600,True,31,0.19235920906066895,0.3639068603515625,"[0, 0, 0, 0, 2, 8, 2, 2, 13, 4, 13, 15, 11, 3, 8, 21, 14, 18, 18, 29, 23, 0, 0, 0, 0, 0, 0, 0, 0, 0, 0, 0, 0, 0, 0, 0, 0, 0, 31]","[0, 9, 3, 1, 4, 4, 2, 4, 3, 5, 1, 5, 2, 1, 4, 1, 3, 11, 1, 2, 1, 127, 133, 43, 62, 146, 36, 42, 84, 108, 119, 37, 62, 102, 44, 64, 48, 119, 0]"
j20,1,stnu,600,True,42,1.0155847072601318,0.058870553970336914,"[0, 0, 0, 0, 8, 15, 8, 8, 20, 12, 22, 24, 22, 3, 15, 31, 24, 28, 28, 39, 39, 0, 0, 0, 0, 0, 0, 0, 0, 0, 0, 0, 0, 0, 0, 0, 0, 0, 42]","""[0, 11, 3, 8, 7, 5, 4, 8, 4, 10, 2, 7, 2, 2, 5, 7, 4, 11, 1, 3, 3, 127, 133, 43, 62, 146, 36, 42, 84, 108, 119, 37, 62, 102, 44, 64, 48, 119, 0]"""
j20,1,proactive_quantile_0.9,600,True,38,0.09039306640625,0.0017650127410888672,"[0, 0, 0, 0, 5, 8, 8, 8, 16, 10, 18, 15, 15, 19, 24, 15, 23, 24, 23, 30, 26, 0, 0, 0, 0, 0, 0, 0, 0, 0, 0, 0, 0, 138]","""[0, 8, 3, 4, 2, 5, 1, 6, 1, 6, 1, 7, 3, 1, 2, 7, 3, 6, 3, 7, 7, 71, 94, 19, 51, 40, 61, 82, 26, 90, 138, 85, 81, 0]"""
j20,1,reactive,600,False,inf,inf,inf,null,"[0, 8, 3, 4, 2, 5, 1, 6, 1, 6, 1, 7, 3, 1, 2, 7, 3, 6, 3, 7, 7, 71, 94, 19, 51, 40, 61, 82, 26, 90, 138, 85, 81, 0]"
j20,1,stnu,600,False,inf,0.7489936351776123,inf,[],"""[0, 8, 3, 3, 2, 5, 3, 6, 1, 6, 1, 7, 3, 6, 2, 7, 3, 6, 3, 7, 7, 71, 94, 19, 51, 40, 61, 82, 26, 90, 138, 85, 81, 0]"""
j20,1,proactive_quantile_0.9,600,True,38,0.1880781650543213,0.0017876625061035156,"[0, 0, 0, 0, 5, 8, 8, 8, 16, 10, 18, 15, 15, 19, 24, 15, 23, 24, 23, 30, 26, 0, 0, 0, 0, 0, 0, 0, 0, 0, 0, 0, 0, 138]","""[0, 7, 4, 4, 2, 5, 2, 7, 2, 3, 3, 7, 3, 1, 2, 6, 2, 4, 4, 8, 3, 71, 94, 19, 51, 40, 61, 82, 26, 90, 138, 85, 81, 0]"""
j20,1,reactive,600,True,36,0.1880781650543213,0.3802621364593506,"[0, 0, 0, 0, 5, 8, 8, 8, 16, 10, 18, 15, 15, 19, 24, 15, 23, 24, 23, 28, 26, 0, 0, 0, 0, 0, 0, 0, 0, 0, 0, 0, 0, 36]","[0, 7, 4, 4, 2, 5, 2, 7, 2, 3, 3, 7, 3, 1, 2, 6, 2, 4, 4, 8, 3, 71, 94, 19, 51, 40, 61, 82, 26, 90, 138, 85, 81, 0]"
j20,1,stnu,600,False,inf,0.7638676166534424,inf,[],"""[0, 7, 4, 1, 2, 5, 3, 7, 2, 3, 3, 7, 3, 5, 2, 6, 2, 4, 4, 8, 3, 71, 94, 19, 51, 40, 61, 82, 26, 90, 138, 85, 81, 0]"""
j20,1,proactive_quantile_0.9,600,True,27,0.1738600730895996,0.0017952919006347656,"[0, 0, 0, 0, 3, 6, 6, 6, 14, 8, 17, 11, 11, 16, 20, 11, 15, 16, 18, 18, 22, 0, 0, 0, 0, 0, 0, 0, 0, 0, 0, 0, 0, 138]","""[0, 5, 1, 2, 1, 6, 2, 6, 1, 2, 2, 5, 3, 2, 2, 2, 2, 2, 3, 4, 5, 71, 94, 19, 51, 40, 61, 82, 26, 90, 138, 85, 81, 0]"""
j20,1,reactive,600,False,inf,inf,inf,null,"[0, 5, 1, 2, 1, 6, 2, 6, 1, 2, 2, 5, 3, 2, 2, 2, 2, 2, 3, 4, 5, 71, 94, 19, 51, 40, 61, 82, 26, 90, 138, 85, 81, 0]"
j20,1,stnu,600,False,inf,0.8413136005401611,inf,[],"""[0, 8, 5, 2, 1, 7, 5, 6, 2, 3, 3, 8, 3, 7, 2, 8, 4, 5, 3, 9, 4, 71, 94, 19, 51, 40, 61, 82, 26, 90, 138, 85, 81, 0]"""
j20,1,proactive_quantile_0.9,600,True,27,0.1869361400604248,0.0016939640045166016,"[0, 0, 0, 0, 3, 6, 6, 6, 14, 8, 17, 11, 11, 16, 20, 11, 15, 16, 18, 18, 22, 0, 0, 0, 0, 0, 0, 0, 0, 0, 0, 0, 0, 138]","""[0, 5, 1, 2, 1, 4, 2, 8, 1, 1, 1, 4, 4, 1, 1, 3, 2, 1, 2, 3, 5, 71, 94, 19, 51, 40, 61, 82, 26, 90, 138, 85, 81, 0]"""
j20,1,reactive,600,True,26,0.1869361400604248,0.4449281692504883,"[0, 0, 0, 0, 3, 6, 6, 6, 14, 8, 17, 11, 11, 16, 20, 11, 15, 16, 18, 18, 21, 0, 0, 0, 0, 0, 0, 0, 0, 0, 0, 0, 0, 26]","[0, 5, 1, 2, 1, 4, 2, 8, 1, 1, 1, 4, 4, 1, 1, 3, 2, 1, 2, 3, 5, 71, 94, 19, 51, 40, 61, 82, 26, 90, 138, 85, 81, 0]"
j20,1,stnu,600,True,19,1.1025986671447754,0.04302573204040527,"[0, 0, 0, 0, 2, 3, 3, 3, 11, 5, 12, 6, 7, 12, 13, 7, 10, 11, 11, 12, 14, 0, 0, 0, 0, 0, 0, 0, 0, 0, 0, 0, 0, 19]","""[0, 5, 1, 2, 1, 4, 2, 8, 1, 1, 1, 4, 1, 1, 1, 3, 2, 1, 2, 3, 5, 71, 94, 19, 51, 40, 61, 82, 26, 90, 138, 85, 81, 0]"""
j20,1,proactive_quantile_0.9,600,True,27,0.12614059448242188,0.0017631053924560547,"[0, 0, 0, 0, 3, 6, 6, 6, 14, 8, 17, 11, 11, 16, 20, 11, 15, 16, 18, 18, 22, 0, 0, 0, 0, 0, 0, 0, 0, 0, 0, 0, 0, 138]","""[0, 6, 1, 1, 2, 5, 1, 5, 2, 3, 2, 4, 4, 2, 1, 3, 2, 2, 2, 5, 6, 71, 94, 19, 51, 40, 61, 82, 26, 90, 138, 85, 81, 0]"""
j20,1,reactive,600,True,28,0.12614059448242188,0.36318445205688477,"[0, 0, 0, 0, 3, 6, 6, 6, 14, 8, 17, 11, 11, 16, 20, 11, 15, 16, 18, 18, 22, 0, 0, 0, 0, 0, 0, 0, 0, 0, 0, 0, 0, 28]","[0, 6, 1, 1, 2, 5, 1, 5, 2, 3, 2, 4, 4, 2, 1, 3, 2, 2, 2, 5, 6, 71, 94, 19, 51, 40, 61, 82, 26, 90, 138, 85, 81, 0]"
j20,1,stnu,600,True,22,1.0420331954956055,0.04237818717956543,"[0, 0, 0, 0, 1, 3, 3, 3, 11, 4, 13, 7, 8, 13, 15, 8, 11, 11, 11, 13, 16, 0, 0, 0, 0, 0, 0, 0, 0, 0, 0, 0, 0, 22]","""[0, 6, 1, 1, 2, 5, 1, 5, 1, 3, 2, 4, 2, 2, 1, 3, 2, 2, 2, 5, 6, 71, 94, 19, 51, 40, 61, 82, 26, 90, 138, 85, 81, 0]"""
j20,1,proactive_quantile_0.9,600,True,38,0.08841967582702637,0.0017135143280029297,"[0, 0, 0, 0, 5, 8, 8, 8, 16, 10, 18, 15, 15, 19, 24, 15, 23, 24, 23, 30, 26, 0, 0, 0, 0, 0, 0, 0, 0, 0, 0, 0, 0, 138]","""[0, 6, 3, 3, 1, 5, 1, 7, 1, 5, 2, 5, 4, 1, 1, 5, 3, 5, 4, 7, 3, 71, 94, 19, 51, 40, 61, 82, 26, 90, 138, 85, 81, 0]"""
j20,1,reactive,600,True,37,0.08841967582702637,0.5620222091674805,"[0, 0, 0, 0, 5, 8, 8, 8, 16, 10, 18, 15, 15, 19, 24, 15, 23, 24, 23, 30, 26, 0, 0, 0, 0, 0, 0, 0, 0, 0, 0, 0, 0, 37]","[0, 6, 3, 3, 1, 5, 1, 7, 1, 5, 2, 5, 4, 1, 1, 5, 3, 5, 4, 7, 3, 71, 94, 19, 51, 40, 61, 82, 26, 90, 138, 85, 81, 0]"
j20,1,stnu,600,False,inf,0.7554047107696533,inf,[],"""[0, 6, 3, 2, 1, 5, 5, 7, 1, 5, 2, 5, 4, 7, 1, 5, 3, 5, 4, 7, 3, 71, 94, 19, 51, 40, 61, 82, 26, 90, 138, 85, 81, 0]"""
j20,1,proactive_quantile_0.9,600,True,27,0.09531879425048828,0.001712799072265625,"[0, 0, 0, 0, 3, 6, 6, 6, 14, 8, 17, 11, 11, 16, 20, 11, 15, 16, 18, 18, 22, 0, 0, 0, 0, 0, 0, 0, 0, 0, 0, 0, 0, 138]","""[0, 6, 1, 2, 2, 4, 1, 7, 2, 1, 3, 4, 3, 1, 2, 3, 1, 1, 2, 4, 4, 71, 94, 19, 51, 40, 61, 82, 26, 90, 138, 85, 81, 0]"""
j20,1,reactive,600,True,26,0.09531879425048828,0.44747376441955566,"[0, 0, 0, 0, 3, 6, 6, 6, 14, 8, 17, 11, 11, 16, 20, 11, 15, 16, 18, 18, 22, 0, 0, 0, 0, 0, 0, 0, 0, 0, 0, 0, 0, 26]","[0, 6, 1, 2, 2, 4, 1, 7, 2, 1, 3, 4, 3, 1, 2, 3, 1, 1, 2, 4, 4, 71, 94, 19, 51, 40, 61, 82, 26, 90, 138, 85, 81, 0]"
j20,1,stnu,600,False,inf,0.7283432483673096,inf,[],"""[0, 8, 3, 2, 2, 7, 4, 6, 1, 3, 1, 8, 3, 8, 2, 6, 3, 5, 3, 8, 3, 71, 94, 19, 51, 40, 61, 82, 26, 90, 138, 85, 81, 0]"""
j20,1,proactive_quantile_0.9,600,True,27,0.0968937873840332,0.0017123222351074219,"[0, 0, 0, 0, 3, 6, 6, 6, 14, 8, 17, 11, 11, 16, 20, 11, 15, 16, 18, 18, 22, 0, 0, 0, 0, 0, 0, 0, 0, 0, 0, 0, 0, 138]","""[0, 3, 2, 1, 2, 2, 1, 7, 2, 1, 1, 6, 2, 1, 2, 2, 1, 1, 2, 2, 3, 71, 94, 19, 51, 40, 61, 82, 26, 90, 138, 85, 81, 0]"""
j20,1,reactive,600,False,inf,inf,inf,null,"[0, 3, 2, 1, 2, 2, 1, 7, 2, 1, 1, 6, 2, 1, 2, 2, 1, 1, 2, 2, 3, 71, 94, 19, 51, 40, 61, 82, 26, 90, 138, 85, 81, 0]"
j20,1,stnu,600,False,inf,0.7729623317718506,inf,[],"""[0, 7, 4, 1, 2, 4, 4, 7, 1, 2, 1, 8, 2, 7, 2, 5, 2, 3, 2, 7, 4, 71, 94, 19, 51, 40, 61, 82, 26, 90, 138, 85, 81, 0]"""
j20,1,proactive_quantile_0.9,600,True,27,0.09500908851623535,0.0017268657684326172,"[0, 0, 0, 0, 3, 6, 6, 6, 14, 8, 17, 11, 11, 16, 20, 11, 15, 16, 18, 18, 22, 0, 0, 0, 0, 0, 0, 0, 0, 0, 0, 0, 0, 138]","""[0, 6, 1, 2, 2, 6, 1, 7, 2, 2, 1, 5, 3, 1, 2, 1, 2, 1, 2, 3, 5, 71, 94, 19, 51, 40, 61, 82, 26, 90, 138, 85, 81, 0]"""
j20,1,reactive,600,False,inf,inf,inf,null,"[0, 6, 1, 2, 2, 6, 1, 7, 2, 2, 1, 5, 3, 1, 2, 1, 2, 1, 2, 3, 5, 71, 94, 19, 51, 40, 61, 82, 26, 90, 138, 85, 81, 0]"
j20,1,stnu,600,False,inf,0.711968183517456,inf,[],"""[0, 8, 2, 2, 2, 7, 5, 6, 2, 6, 3, 7, 3, 5, 2, 9, 1, 6, 3, 6, 7, 71, 94, 19, 51, 40, 61, 82, 26, 90, 138, 85, 81, 0]"""
j20,1,proactive_quantile_0.9,600,True,27,0.09622049331665039,0.0017549991607666016,"[0, 0, 0, 0, 3, 6, 6, 6, 14, 8, 17, 11, 11, 16, 20, 11, 15, 16, 18, 18, 22, 0, 0, 0, 0, 0, 0, 0, 0, 0, 0, 0, 0, 138]","""[0, 7, 1, 2, 2, 3, 1, 8, 2, 3, 2, 4, 3, 1, 2, 2, 2, 1, 3, 5, 5, 71, 94, 19, 51, 40, 61, 82, 26, 90, 138, 85, 81, 0]"""
j20,1,reactive,600,True,26,0.09622049331665039,0.41051268577575684,"[0, 0, 0, 0, 3, 6, 6, 6, 14, 8, 17, 11, 11, 16, 19, 11, 15, 16, 17, 17, 21, 0, 0, 0, 0, 0, 0, 0, 0, 0, 0, 0, 0, 26]","[0, 7, 1, 2, 2, 3, 1, 8, 2, 3, 2, 4, 3, 1, 2, 2, 2, 1, 3, 5, 5, 71, 94, 19, 51, 40, 61, 82, 26, 90, 138, 85, 81, 0]"
j20,1,stnu,600,False,inf,0.7291741371154785,inf,[],"""[0, 6, 3, 2, 2, 4, 5, 7, 2, 3, 2, 7, 3, 7, 2, 6, 3, 4, 2, 8, 3, 71, 94, 19, 51, 40, 61, 82, 26, 90, 138, 85, 81, 0]"""
j20,1,proactive_quantile_0.9,600,True,58,0.20838665962219238,0.0025866031646728516,"[0, 3, 0, 0, 19, 6, 27, 15, 14, 25, 15, 41, 15, 23, 33, 31, 34, 47, 47, 51, 42, 0, 0, 0, 0, 0, 0, 0, 0, 0, 0, 0, 0, 0, 0, 0, 153]","""[0, 12, 3, 2, 4, 7, 4, 5, 4, 6, 2, 5, 4, 3, 8, 2, 6, 2, 4, 7, 3, 53, 57, 76, 94, 102, 37, 100, 135, 153, 68, 57, 81, 62, 111, 128, 0]"""
j20,1,reactive,600,True,56,0.20838665962219238,0.9853856563568115,"[0, 3, 0, 0, 19, 6, 27, 15, 14, 25, 15, 41, 15, 23, 33, 31, 34, 47, 47, 49, 42, 0, 0, 0, 0, 0, 0, 0, 0, 0, 0, 0, 0, 0, 0, 0, 56]","[0, 12, 3, 2, 4, 7, 4, 5, 4, 6, 2, 5, 4, 3, 8, 2, 6, 2, 4, 7, 3, 53, 57, 76, 94, 102, 37, 100, 135, 153, 68, 57, 81, 62, 111, 128, 0]"
j20,1,stnu,600,True,46,1.2970073223114014,0.055350303649902344,"[0, 7, 0, 0, 3, 2, 19, 11, 19, 23, 11, 31, 13, 16, 29, 29, 17, 37, 40, 39, 37, 0, 0, 0, 0, 0, 0, 0, 0, 0, 0, 0, 0, 0, 0, 0, 46]","""[0, 12, 3, 2, 4, 9, 4, 5, 4, 6, 2, 5, 4, 3, 8, 2, 6, 2, 4, 7, 3, 53, 57, 76, 94, 102, 37, 100, 135, 153, 68, 57, 81, 62, 111, 128, 0]"""
j20,1,proactive_quantile_0.9,600,True,58,0.19888758659362793,0.002592325210571289,"[0, 3, 0, 0, 19, 6, 27, 15, 14, 25, 15, 41, 15, 23, 33, 31, 34, 47, 47, 51, 42, 0, 0, 0, 0, 0, 0, 0, 0, 0, 0, 0, 0, 0, 0, 0, 153]","""[0, 8, 6, 3, 2, 9, 4, 6, 3, 2, 2, 5, 6, 3, 8, 1, 6, 3, 3, 6, 3, 53, 57, 76, 94, 102, 37, 100, 135, 153, 68, 57, 81, 62, 111, 128, 0]"""
j20,1,reactive,600,True,57,0.19888758659362793,0.9327974319458008,"[0, 3, 0, 0, 19, 6, 27, 15, 14, 25, 15, 41, 15, 23, 33, 31, 34, 47, 47, 51, 42, 0, 0, 0, 0, 0, 0, 0, 0, 0, 0, 0, 0, 0, 0, 0, 57]","[0, 8, 6, 3, 2, 9, 4, 6, 3, 2, 2, 5, 6, 3, 8, 1, 6, 3, 3, 6, 3, 53, 57, 76, 94, 102, 37, 100, 135, 153, 68, 57, 81, 62, 111, 128, 0]"
j20,1,stnu,600,True,46,1.2729895114898682,0.0549163818359375,"[0, 8, 0, 0, 6, 3, 23, 14, 16, 27, 14, 30, 16, 20, 29, 29, 22, 37, 40, 40, 37, 0, 0, 0, 0, 0, 0, 0, 0, 0, 0, 0, 0, 0, 0, 0, 46]","""[0, 8, 6, 3, 2, 11, 4, 6, 3, 2, 2, 5, 6, 3, 8, 1, 6, 3, 3, 6, 3, 53, 57, 76, 94, 102, 37, 100, 135, 153, 68, 57, 81, 62, 111, 128, 0]"""
j20,1,proactive_quantile_0.9,600,True,58,0.10318827629089355,0.0025162696838378906,"[0, 3, 0, 0, 19, 6, 27, 15, 14, 25, 15, 41, 15, 23, 33, 31, 34, 47, 47, 51, 42, 0, 0, 0, 0, 0, 0, 0, 0, 0, 0, 0, 0, 0, 0, 0, 153]","""[0, 9, 4, 3, 4, 6, 6, 7, 5, 3, 1, 5, 5, 2, 8, 3, 7, 2, 4, 4, 3, 53, 57, 76, 94, 102, 37, 100, 135, 153, 68, 57, 81, 62, 111, 128, 0]"""
j20,1,reactive,600,True,55,0.10318827629089355,0.7225093841552734,"[0, 3, 0, 0, 19, 6, 27, 15, 14, 25, 15, 41, 15, 23, 33, 31, 34, 47, 47, 51, 42, 0, 0, 0, 0, 0, 0, 0, 0, 0, 0, 0, 0, 0, 0, 0, 55]","[0, 9, 4, 3, 4, 6, 6, 7, 5, 3, 1, 5, 5, 2, 8, 3, 7, 2, 4, 4, 3, 53, 57, 76, 94, 102, 37, 100, 135, 153, 68, 57, 81, 62, 111, 128, 0]"
j20,1,stnu,600,True,45,0.8247089385986328,0.054303884506225586,"[0, 8, 0, 0, 4, 3, 21, 12, 17, 27, 12, 33, 13, 19, 30, 30, 19, 38, 41, 40, 38, 0, 0, 0, 0, 0, 0, 0, 0, 0, 0, 0, 0, 0, 0, 0, 45]","""[0, 9, 4, 3, 4, 9, 6, 7, 5, 3, 1, 5, 5, 2, 8, 3, 7, 2, 4, 4, 3, 53, 57, 76, 94, 102, 37, 100, 135, 153, 68, 57, 81, 62, 111, 128, 0]"""
j20,1,proactive_quantile_0.9,600,True,58,0.10735511779785156,0.0025777816772460938,"[0, 3, 0, 0, 19, 6, 27, 15, 14, 25, 15, 41, 15, 23, 33, 31, 34, 47, 47, 51, 42, 0, 0, 0, 0, 0, 0, 0, 0, 0, 0, 0, 0, 0, 0, 0, 153]","""[0, 9, 4, 3, 3, 8, 4, 6, 3, 3, 3, 6, 6, 3, 6, 2, 7, 3, 4, 4, 5, 53, 57, 76, 94, 102, 37, 100, 135, 153, 68, 57, 81, 62, 111, 128, 0]"""
j20,1,reactive,600,True,55,0.10735511779785156,0.7063319683074951,"[0, 3, 0, 0, 19, 6, 27, 15, 14, 25, 15, 41, 15, 23, 33, 31, 34, 47, 47, 51, 42, 0, 0, 0, 0, 0, 0, 0, 0, 0, 0, 0, 0, 0, 0, 0, 55]","[0, 9, 4, 3, 3, 8, 4, 6, 3, 3, 3, 6, 6, 3, 6, 2, 7, 3, 4, 4, 5, 53, 57, 76, 94, 102, 37, 100, 135, 153, 68, 57, 81, 62, 111, 128, 0]"
j20,1,stnu,600,True,44,0.9040756225585938,0.05468297004699707,"[0, 7, 0, 0, 4, 3, 20, 11, 16, 24, 11, 29, 14, 17, 27, 27, 20, 35, 40, 38, 35, 0, 0, 0, 0, 0, 0, 0, 0, 0, 0, 0, 0, 0, 0, 0, 44]","""[0, 9, 4, 3, 3, 8, 4, 6, 3, 3, 3, 6, 6, 3, 6, 2, 7, 3, 4, 4, 5, 53, 57, 76, 94, 102, 37, 100, 135, 153, 68, 57, 81, 62, 111, 128, 0]"""
j20,1,proactive_quantile_0.9,600,False,inf,0.20171666145324707,inf,"[0, 3, 0, 0, 19, 6, 27, 15, 14, 25, 15, 41, 15, 23, 33, 31, 34, 47, 47, 51, 42, 0, 0, 0, 0, 0, 0, 0, 0, 0, 0, 0, 0, 0, 0, 0, 153]","""[0, 10, 5, 3, 2, 8, 6, 6, 6, 6, 1, 3, 6, 2, 8, 3, 8, 3, 4, 7, 5, 53, 57, 76, 94, 102, 37, 100, 135, 153, 68, 57, 81, 62, 111, 128, 0]"""
j20,1,reactive,600,False,inf,inf,inf,null,"[0, 10, 5, 3, 2, 8, 6, 6, 6, 6, 1, 3, 6, 2, 8, 3, 8, 3, 4, 7, 5, 53, 57, 76, 94, 102, 37, 100, 135, 153, 68, 57, 81, 62, 111, 128, 0]"
j20,1,stnu,600,True,51,0.8329122066497803,0.05480194091796875,"[0, 7, 0, 0, 5, 3, 21, 13, 17, 27, 13, 36, 14, 19, 33, 33, 20, 41, 46, 44, 41, 0, 0, 0, 0, 0, 0, 0, 0, 0, 0, 0, 0, 0, 0, 0, 51]","""[0, 10, 5, 3, 2, 10, 6, 6, 6, 6, 1, 3, 6, 2, 8, 3, 8, 3, 4, 7, 5, 53, 57, 76, 94, 102, 37, 100, 135, 153, 68, 57, 81, 62, 111, 128, 0]"""
j20,1,proactive_quantile_0.9,600,False,inf,0.09823012351989746,inf,"[0, 3, 0, 0, 19, 6, 27, 15, 14, 25, 15, 41, 15, 23, 33, 31, 34, 47, 47, 51, 42, 0, 0, 0, 0, 0, 0, 0, 0, 0, 0, 0, 0, 0, 0, 0, 153]","""[0, 7, 6, 2, 4, 8, 6, 8, 5, 4, 2, 7, 6, 2, 8, 2, 9, 2, 4, 4, 3, 53, 57, 76, 94, 102, 37, 100, 135, 153, 68, 57, 81, 62, 111, 128, 0]"""
j20,1,reactive,600,False,inf,inf,inf,null,"[0, 7, 6, 2, 4, 8, 6, 8, 5, 4, 2, 7, 6, 2, 8, 2, 9, 2, 4, 4, 3, 53, 57, 76, 94, 102, 37, 100, 135, 153, 68, 57, 81, 62, 111, 128, 0]"
j20,1,stnu,600,True,47,1.2661902904510498,0.05502820014953613,"[0, 10, 0, 0, 6, 2, 21, 11, 17, 27, 11, 33, 13, 19, 31, 31, 19, 40, 43, 42, 40, 0, 0, 0, 0, 0, 0, 0, 0, 0, 0, 0, 0, 0, 0, 0, 47]","""[0, 7, 6, 2, 4, 9, 6, 8, 5, 4, 2, 7, 6, 2, 8, 2, 9, 2, 4, 4, 3, 53, 57, 76, 94, 102, 37, 100, 135, 153, 68, 57, 81, 62, 111, 128, 0]"""
j20,1,proactive_quantile_0.9,600,False,inf,0.2118544578552246,inf,"[0, 3, 0, 0, 19, 6, 27, 15, 14, 25, 15, 41, 15, 23, 33, 31, 34, 47, 47, 51, 42, 0, 0, 0, 0, 0, 0, 0, 0, 0, 0, 0, 0, 0, 0, 0, 153]","""[0, 7, 5, 1, 4, 9, 6, 9, 3, 7, 3, 5, 6, 3, 5, 1, 6, 3, 6, 6, 3, 53, 57, 76, 94, 102, 37, 100, 135, 153, 68, 57, 81, 62, 111, 128, 0]"""
j20,1,reactive,600,False,inf,inf,inf,null,"[0, 7, 5, 1, 4, 9, 6, 9, 3, 7, 3, 5, 6, 3, 5, 1, 6, 3, 6, 6, 3, 53, 57, 76, 94, 102, 37, 100, 135, 153, 68, 57, 81, 62, 111, 128, 0]"
j20,1,stnu,600,True,52,1.027494192123413,0.053313493728637695,"[0, 9, 0, 0, 5, 1, 24, 12, 16, 30, 12, 38, 15, 21, 37, 37, 21, 43, 46, 46, 43, 0, 0, 0, 0, 0, 0, 0, 0, 0, 0, 0, 0, 0, 0, 0, 52]","""[0, 7, 5, 1, 4, 11, 6, 9, 3, 7, 3, 5, 6, 3, 5, 1, 6, 3, 6, 6, 3, 53, 57, 76, 94, 102, 37, 100, 135, 153, 68, 57, 81, 62, 111, 128, 0]"""
j20,1,proactive_quantile_0.9,600,True,58,0.09199357032775879,0.002466440200805664,"[0, 3, 0, 0, 19, 6, 27, 15, 14, 25, 15, 41, 15, 23, 33, 31, 34, 47, 47, 51, 42, 0, 0, 0, 0, 0, 0, 0, 0, 0, 0, 0, 0, 0, 0, 0, 153]","""[0, 11, 4, 2, 3, 7, 3, 8, 3, 6, 1, 4, 6, 4, 7, 2, 5, 3, 5, 6, 3, 53, 57, 76, 94, 102, 37, 100, 135, 153, 68, 57, 81, 62, 111, 128, 0]"""
j20,1,reactive,600,True,57,0.09199357032775879,0.6551692485809326,"[0, 3, 0, 0, 19, 6, 27, 15, 14, 25, 15, 41, 15, 23, 33, 31, 34, 47, 47, 51, 42, 0, 0, 0, 0, 0, 0, 0, 0, 0, 0, 0, 0, 0, 0, 0, 57]","[0, 11, 4, 2, 3, 7, 3, 8, 3, 6, 1, 4, 6, 4, 7, 2, 5, 3, 5, 6, 3, 53, 57, 76, 94, 102, 37, 100, 135, 153, 68, 57, 81, 62, 111, 128, 0]"
j20,1,stnu,600,True,49,0.9666953086853027,0.05526542663574219,"[0, 7, 0, 0, 4, 2, 24, 12, 18, 27, 12, 35, 13, 20, 33, 33, 20, 40, 43, 43, 40, 0, 0, 0, 0, 0, 0, 0, 0, 0, 0, 0, 0, 0, 0, 0, 49]","""[0, 11, 4, 2, 3, 10, 3, 8, 3, 6, 1, 4, 6, 4, 7, 2, 5, 3, 5, 6, 3, 53, 57, 76, 94, 102, 37, 100, 135, 153, 68, 57, 81, 62, 111, 128, 0]"""
j20,1,proactive_quantile_0.9,600,False,inf,0.11288189888000488,inf,"[0, 3, 0, 0, 19, 6, 27, 15, 14, 25, 15, 41, 15, 23, 33, 31, 34, 47, 47, 51, 42, 0, 0, 0, 0, 0, 0, 0, 0, 0, 0, 0, 0, 0, 0, 0, 153]","""[0, 8, 5, 2, 3, 10, 5, 8, 2, 3, 2, 5, 7, 2, 8, 2, 7, 3, 5, 7, 4, 53, 57, 76, 94, 102, 37, 100, 135, 153, 68, 57, 81, 62, 111, 128, 0]"""
j20,1,reactive,600,False,inf,inf,inf,null,"[0, 8, 5, 2, 3, 10, 5, 8, 2, 3, 2, 5, 7, 2, 8, 2, 7, 3, 5, 7, 4, 53, 57, 76, 94, 102, 37, 100, 135, 153, 68, 57, 81, 62, 111, 128, 0]"
j20,1,stnu,600,True,47,0.94696044921875,0.054491281509399414,"[0, 8, 0, 0, 5, 2, 21, 11, 16, 26, 11, 31, 13, 19, 29, 29, 20, 37, 41, 40, 37, 0, 0, 0, 0, 0, 0, 0, 0, 0, 0, 0, 0, 0, 0, 0, 47]","""[0, 8, 5, 2, 3, 9, 5, 8, 2, 3, 2, 5, 7, 2, 8, 2, 7, 3, 5, 7, 4, 53, 57, 76, 94, 102, 37, 100, 135, 153, 68, 57, 81, 62, 111, 128, 0]"""
j20,1,proactive_quantile_0.9,600,True,58,0.17879939079284668,0.0025391578674316406,"[0, 3, 0, 0, 19, 6, 27, 15, 14, 25, 15, 41, 15, 23, 33, 31, 34, 47, 47, 51, 42, 0, 0, 0, 0, 0, 0, 0, 0, 0, 0, 0, 0, 0, 0, 0, 153]","""[0, 7, 6, 2, 6, 6, 6, 6, 4, 5, 1, 5, 4, 2, 8, 3, 6, 1, 5, 5, 3, 53, 57, 76, 94, 102, 37, 100, 135, 153, 68, 57, 81, 62, 111, 128, 0]"""
j20,1,reactive,600,True,56,0.17879939079284668,0.7844092845916748,"[0, 3, 0, 0, 19, 6, 27, 15, 14, 25, 15, 41, 15, 23, 33, 31, 34, 47, 47, 51, 42, 0, 0, 0, 0, 0, 0, 0, 0, 0, 0, 0, 0, 0, 0, 0, 56]","[0, 7, 6, 2, 6, 6, 6, 6, 4, 5, 1, 5, 4, 2, 8, 3, 6, 1, 5, 5, 3, 53, 57, 76, 94, 102, 37, 100, 135, 153, 68, 57, 81, 62, 111, 128, 0]"
j20,1,stnu,600,True,47,1.011744737625122,0.05550217628479004,"[0, 12, 0, 0, 6, 2, 20, 12, 19, 26, 9, 34, 10, 18, 31, 31, 18, 39, 42, 40, 39, 0, 0, 0, 0, 0, 0, 0, 0, 0, 0, 0, 0, 0, 0, 0, 47]","""[0, 7, 6, 2, 6, 7, 6, 6, 4, 5, 1, 5, 4, 2, 8, 3, 6, 1, 5, 5, 3, 53, 57, 76, 94, 102, 37, 100, 135, 153, 68, 57, 81, 62, 111, 128, 0]"""
j20,1,stnu,600,False,inf,0.8573546409606934,inf,[],"""[0, 2, 1, 2, 3, 4, 4, 3, 1, 7, 2, 5, 5, 1, 2, 3, 6, 5, 2, 2, 1, 34, 4, 33, 112, 149, 0]"""
j20,1,stnu,600,False,inf,0.8323018550872803,inf,[],"""[0, 3, 3, 3, 4, 8, 3, 2, 4, 4, 1, 9, 9, 2, 2, 5, 5, 9, 9, 5, 3, 34, 4, 33, 112, 149, 0]"""
j20,1,stnu,600,False,inf,0.6507406234741211,inf,[],"""[0, 2, 4, 1, 4, 9, 3, 2, 5, 6, 1, 7, 13, 2, 2, 4, 4, 8, 7, 4, 5, 34, 4, 33, 112, 149, 0]"""
j20,1,stnu,600,False,inf,0.6740939617156982,inf,[],"""[0, 4, 4, 2, 3, 8, 4, 3, 6, 6, 1, 8, 9, 2, 3, 5, 4, 6, 10, 4, 6, 34, 4, 33, 112, 149, 0]"""
j20,1,stnu,600,False,inf,0.7139997482299805,inf,[],"""[0, 2, 2, 2, 3, 6, 4, 2, 2, 5, 2, 3, 6, 2, 2, 3, 5, 4, 2, 2, 2, 34, 4, 33, 112, 149, 0]"""
j20,1,stnu,600,False,inf,0.8038496971130371,inf,[],"""[0, 1, 2, 3, 3, 5, 3, 1, 1, 6, 2, 5, 8, 1, 2, 4, 4, 5, 1, 2, 1, 34, 4, 33, 112, 149, 0]"""
j20,1,stnu,600,False,inf,0.6855523586273193,inf,[],"""[0, 2, 3, 2, 3, 2, 2, 2, 1, 6, 2, 2, 7, 2, 3, 6, 5, 3, 2, 3, 2, 34, 4, 33, 112, 149, 0]"""
j20,1,stnu,600,False,inf,0.8197190761566162,inf,[],"""[0, 1, 2, 3, 1, 5, 3, 2, 2, 6, 2, 3, 7, 2, 2, 4, 6, 4, 1, 3, 2, 34, 4, 33, 112, 149, 0]"""
j20,1,stnu,600,False,inf,0.8109662532806396,inf,[],"""[0, 1, 2, 2, 3, 4, 2, 1, 2, 5, 1, 4, 7, 1, 2, 4, 7, 4, 2, 2, 2, 34, 4, 33, 112, 149, 0]"""
j20,1,stnu,600,False,inf,0.6329786777496338,inf,[],"""[0, 4, 3, 3, 3, 9, 2, 1, 3, 4, 2, 8, 10, 2, 1, 3, 5, 7, 8, 4, 4, 34, 4, 33, 112, 149, 0]"""
j20,1,proactive_quantile_0.9,600,True,24,0.18046879768371582,0.0014255046844482422,"[0, 0, 0, 0, 5, 5, 7, 4, 10, 7, 4, 11, 14, 7, 13, 7, 11, 6, 19, 12, 19, 0, 0, 0, 0, 0, 0, 0, 138]","""[0, 3, 3, 3, 2, 4, 1, 1, 2, 3, 1, 2, 4, 4, 4, 1, 3, 5, 4, 2, 2, 36, 68, 73, 137, 138, 95, 109, 0]"""
j20,1,reactive,600,True,23,0.18046879768371582,0.2988252639770508,"[0, 0, 0, 0, 5, 5, 7, 4, 10, 7, 4, 11, 14, 7, 13, 7, 11, 6, 19, 12, 19, 0, 0, 0, 0, 0, 0, 0, 23]","[0, 3, 3, 3, 2, 4, 1, 1, 2, 3, 1, 2, 4, 4, 4, 1, 3, 5, 4, 2, 2, 36, 68, 73, 137, 138, 95, 109, 0]"
j20,1,stnu,600,True,19,0.8971490859985352,0.02693033218383789,"[0, 0, 0, 0, 4, 4, 6, 3, 9, 4, 3, 9, 11, 6, 10, 4, 8, 4, 15, 11, 15, 0, 0, 0, 0, 0, 0, 0, 19]","""[0, 3, 3, 3, 2, 4, 1, 1, 2, 3, 1, 2, 4, 4, 4, 1, 3, 5, 4, 2, 2, 36, 68, 73, 137, 138, 95, 109, 0]"""
j20,1,proactive_quantile_0.9,600,True,24,0.17755794525146484,0.0013546943664550781,"[0, 0, 0, 0, 5, 5, 7, 4, 10, 7, 4, 11, 14, 7, 13, 7, 11, 6, 19, 12, 19, 0, 0, 0, 0, 0, 0, 0, 138]","""[0, 5, 2, 1, 1, 4, 2, 3, 1, 2, 2, 2, 5, 5, 1, 1, 5, 4, 3, 4, 1, 36, 68, 73, 137, 138, 95, 109, 0]"""
j20,1,reactive,600,True,22,0.17755794525146484,0.26324033737182617,"[0, 0, 0, 0, 5, 5, 7, 4, 10, 7, 4, 11, 14, 7, 13, 7, 11, 6, 19, 12, 19, 0, 0, 0, 0, 0, 0, 0, 22]","[0, 5, 2, 1, 1, 4, 2, 3, 1, 2, 2, 2, 5, 5, 1, 1, 5, 4, 3, 4, 1, 36, 68, 73, 137, 138, 95, 109, 0]"
j20,1,stnu,600,True,30,0.811295747756958,0.028537750244140625,"[0, 0, 0, 0, 8, 8, 9, 6, 12, 13, 6, 17, 22, 9, 17, 13, 20, 9, 25, 14, 25, 0, 0, 0, 0, 0, 0, 0, 30]","""[0, 8, 6, 2, 1, 4, 2, 7, 8, 4, 3, 5, 3, 5, 1, 1, 5, 5, 5, 5, 1, 36, 68, 73, 137, 138, 95, 109, 0]"""
j20,1,proactive_quantile_0.9,600,True,24,0.14577507972717285,0.0014154911041259766,"[0, 0, 0, 0, 5, 5, 7, 4, 10, 7, 4, 11, 14, 7, 13, 7, 11, 6, 19, 12, 19, 0, 0, 0, 0, 0, 0, 0, 138]","""[0, 3, 3, 3, 1, 5, 2, 1, 2, 4, 2, 2, 5, 5, 4, 2, 4, 5, 4, 3, 2, 36, 68, 73, 137, 138, 95, 109, 0]"""
j20,1,reactive,600,True,23,0.14577507972717285,0.24804019927978516,"[0, 0, 0, 0, 5, 5, 7, 4, 10, 7, 4, 11, 14, 7, 13, 7, 11, 6, 19, 12, 19, 0, 0, 0, 0, 0, 0, 0, 23]","[0, 3, 3, 3, 1, 5, 2, 1, 2, 4, 2, 2, 5, 5, 4, 2, 4, 5, 4, 3, 2, 36, 68, 73, 137, 138, 95, 109, 0]"
j20,1,stnu,600,True,26,0.8941075801849365,0.028249740600585938,"[0, 0, 0, 0, 6, 6, 7, 4, 10, 10, 4, 15, 20, 7, 15, 10, 17, 7, 23, 13, 23, 0, 0, 0, 0, 0, 0, 0, 26]","""[0, 6, 4, 3, 1, 4, 2, 6, 7, 5, 3, 5, 3, 5, 4, 2, 6, 6, 3, 4, 2, 36, 68, 73, 137, 138, 95, 109, 0]"""
j20,1,proactive_quantile_0.9,600,True,24,0.1916344165802002,0.001425027847290039,"[0, 0, 0, 0, 5, 5, 7, 4, 10, 7, 4, 11, 14, 7, 13, 7, 11, 6, 19, 12, 19, 0, 0, 0, 0, 0, 0, 0, 138]","""[0, 4, 1, 2, 1, 6, 2, 3, 1, 1, 1, 1, 5, 5, 1, 1, 3, 2, 5, 2, 2, 36, 68, 73, 137, 138, 95, 109, 0]"""
j20,1,reactive,600,False,inf,inf,inf,null,"[0, 4, 1, 2, 1, 6, 2, 3, 1, 1, 1, 1, 5, 5, 1, 1, 3, 2, 5, 2, 2, 36, 68, 73, 137, 138, 95, 109, 0]"
j20,1,stnu,600,True,21,0.9216136932373047,0.027842998504638672,"[0, 0, 0, 0, 4, 4, 5, 1, 10, 4, 2, 10, 11, 5, 10, 4, 10, 4, 16, 11, 16, 0, 0, 0, 0, 0, 0, 0, 21]","""[0, 4, 1, 2, 1, 6, 2, 3, 1, 1, 1, 1, 5, 5, 1, 1, 3, 2, 5, 2, 2, 36, 68, 73, 137, 138, 95, 109, 0]"""
j20,1,proactive_quantile_0.9,600,True,24,0.1883687973022461,0.0014216899871826172,"[0, 0, 0, 0, 5, 5, 7, 4, 10, 7, 4, 11, 14, 7, 13, 7, 11, 6, 19, 12, 19, 0, 0, 0, 0, 0, 0, 0, 138]","""[0, 4, 3, 1, 2, 2, 2, 1, 2, 1, 1, 2, 4, 3, 3, 1, 5, 5, 5, 3, 2, 36, 68, 73, 137, 138, 95, 109, 0]"""
j20,1,reactive,600,True,23,0.1883687973022461,0.3489384651184082,"[0, 0, 0, 0, 5, 5, 7, 4, 10, 7, 4, 11, 14, 7, 13, 7, 11, 6, 18, 12, 18, 0, 0, 0, 0, 0, 0, 0, 23]","[0, 4, 3, 1, 2, 2, 2, 1, 2, 1, 1, 2, 4, 3, 3, 1, 5, 5, 5, 3, 2, 36, 68, 73, 137, 138, 95, 109, 0]"
j20,1,stnu,600,True,32,0.8308453559875488,0.028412342071533203,"[0, 0, 0, 0, 8, 8, 10, 6, 10, 14, 6, 19, 24, 10, 19, 14, 19, 11, 27, 15, 27, 0, 0, 0, 0, 0, 0, 0, 32]","""[0, 8, 6, 1, 2, 2, 1, 8, 8, 5, 5, 5, 3, 3, 3, 1, 7, 4, 5, 4, 2, 36, 68, 73, 137, 138, 95, 109, 0]"""
j20,1,proactive_quantile_0.9,600,True,24,0.07440710067749023,0.0014047622680664062,"[0, 0, 0, 0, 5, 5, 7, 4, 10, 7, 4, 11, 14, 7, 13, 7, 11, 6, 19, 12, 19, 0, 0, 0, 0, 0, 0, 0, 138]","""[0, 4, 3, 2, 1, 3, 1, 2, 2, 3, 1, 2, 5, 4, 2, 1, 2, 2, 4, 2, 1, 36, 68, 73, 137, 138, 95, 109, 0]"""
j20,1,reactive,600,True,23,0.07440710067749023,0.37825894355773926,"[0, 0, 0, 0, 5, 5, 7, 4, 10, 7, 4, 11, 14, 7, 13, 7, 11, 6, 19, 12, 19, 0, 0, 0, 0, 0, 0, 0, 23]","[0, 4, 3, 2, 1, 3, 1, 2, 2, 3, 1, 2, 5, 4, 2, 1, 2, 2, 4, 2, 1, 36, 68, 73, 137, 138, 95, 109, 0]"
j20,1,stnu,600,True,34,0.723994255065918,0.027517080307006836,"[0, 0, 0, 0, 6, 6, 7, 6, 10, 13, 6, 17, 24, 7, 17, 13, 17, 10, 28, 13, 28, 0, 0, 0, 0, 0, 0, 0, 34]","""[0, 6, 6, 1, 1, 4, 3, 7, 6, 4, 4, 7, 4, 4, 2, 1, 5, 2, 6, 3, 3, 36, 68, 73, 137, 138, 95, 109, 0]"""
j20,1,proactive_quantile_0.9,600,True,24,0.08417510986328125,0.001336812973022461,"[0, 0, 0, 0, 5, 5, 7, 4, 10, 7, 4, 11, 14, 7, 13, 7, 11, 6, 19, 12, 19, 0, 0, 0, 0, 0, 0, 0, 138]","""[0, 5, 1, 3, 2, 3, 3, 2, 1, 2, 2, 3, 2, 4, 2, 2, 5, 4, 3, 2, 1, 36, 68, 73, 137, 138, 95, 109, 0]"""
j20,1,reactive,600,True,19,0.08417510986328125,0.23927807807922363,"[0, 0, 0, 0, 5, 5, 7, 4, 10, 7, 4, 11, 14, 7, 13, 7, 11, 6, 16, 12, 16, 0, 0, 0, 0, 0, 0, 0, 19]","[0, 5, 1, 3, 2, 3, 3, 2, 1, 2, 2, 3, 2, 4, 2, 2, 5, 4, 3, 2, 1, 36, 68, 73, 137, 138, 95, 109, 0]"
j20,1,stnu,600,True,32,0.7385420799255371,0.02831244468688965,"[0, 0, 0, 0, 6, 6, 8, 6, 11, 13, 6, 18, 22, 8, 18, 13, 18, 11, 28, 14, 28, 0, 0, 0, 0, 0, 0, 0, 32]","""[0, 6, 6, 1, 2, 5, 4, 7, 7, 5, 5, 4, 6, 4, 2, 2, 6, 3, 4, 3, 2, 36, 68, 73, 137, 138, 95, 109, 0]"""
j20,1,proactive_quantile_0.9,600,True,24,0.07614541053771973,0.0014071464538574219,"[0, 0, 0, 0, 5, 5, 7, 4, 10, 7, 4, 11, 14, 7, 13, 7, 11, 6, 19, 12, 19, 0, 0, 0, 0, 0, 0, 0, 138]","""[0, 4, 3, 2, 1, 5, 2, 3, 2, 2, 2, 2, 4, 4, 3, 3, 4, 4, 4, 4, 1, 36, 68, 73, 137, 138, 95, 109, 0]"""
j20,1,reactive,600,True,23,0.07614541053771973,0.2573227882385254,"[0, 0, 0, 0, 5, 5, 7, 4, 10, 7, 4, 11, 14, 7, 13, 7, 11, 6, 19, 12, 19, 0, 0, 0, 0, 0, 0, 0, 23]","[0, 4, 3, 2, 1, 5, 2, 3, 2, 2, 2, 2, 4, 4, 3, 3, 4, 4, 4, 4, 1, 36, 68, 73, 137, 138, 95, 109, 0]"
j20,1,stnu,600,True,33,0.769493579864502,0.02759408950805664,"[0, 0, 0, 0, 8, 8, 9, 5, 10, 13, 5, 19, 24, 9, 19, 13, 19, 9, 29, 13, 29, 0, 0, 0, 0, 0, 0, 0, 33]","""[0, 8, 5, 2, 1, 2, 2, 8, 7, 6, 4, 5, 5, 4, 3, 3, 8, 4, 4, 2, 2, 36, 68, 73, 137, 138, 95, 109, 0]"""
j20,1,proactive_quantile_0.9,600,True,24,0.0893559455871582,0.0013568401336669922,"[0, 0, 0, 0, 5, 5, 7, 4, 10, 7, 4, 11, 14, 7, 13, 7, 11, 6, 19, 12, 19, 0, 0, 0, 0, 0, 0, 0, 138]","""[0, 3, 3, 1, 2, 4, 2, 2, 1, 2, 1, 2, 3, 3, 2, 3, 4, 3, 3, 3, 2, 36, 68, 73, 137, 138, 95, 109, 0]"""
j20,1,reactive,600,True,22,0.0893559455871582,0.3263511657714844,"[0, 0, 0, 0, 5, 5, 7, 4, 10, 7, 4, 11, 14, 7, 13, 7, 11, 6, 19, 12, 19, 0, 0, 0, 0, 0, 0, 0, 22]","[0, 3, 3, 1, 2, 4, 2, 2, 1, 2, 1, 2, 3, 3, 2, 3, 4, 3, 3, 3, 2, 36, 68, 73, 137, 138, 95, 109, 0]"
j20,1,stnu,600,True,33,0.7448508739471436,0.027564287185668945,"[0, 0, 0, 0, 6, 6, 8, 5, 12, 12, 5, 17, 24, 8, 17, 12, 20, 8, 29, 12, 29, 0, 0, 0, 0, 0, 0, 0, 33]","""[0, 6, 5, 2, 2, 6, 3, 5, 8, 5, 3, 7, 4, 3, 2, 3, 9, 4, 4, 5, 3, 36, 68, 73, 137, 138, 95, 109, 0]"""
j20,1,proactive_quantile_0.9,600,True,40,0.07822108268737793,0.0014882087707519531,"[0, 0, 0, 0, 9, 9, 11, 7, 15, 15, 7, 21, 28, 11, 21, 15, 23, 12, 34, 18, 34, 0, 0, 0, 0, 0, 0, 0, 138]","""[0, 7, 7, 2, 2, 4, 2, 5, 8, 4, 4, 5, 5, 4, 3, 2, 5, 4, 4, 3, 3, 36, 68, 73, 137, 138, 95, 109, 0]"""
j20,1,reactive,600,True,38,0.07822108268737793,0.31737732887268066,"[0, 0, 0, 0, 9, 9, 11, 7, 15, 15, 7, 21, 28, 11, 21, 15, 23, 12, 34, 18, 34, 0, 0, 0, 0, 0, 0, 0, 38]","[0, 7, 7, 2, 2, 4, 2, 5, 8, 4, 4, 5, 5, 4, 3, 2, 5, 4, 4, 3, 3, 36, 68, 73, 137, 138, 95, 109, 0]"
j20,1,stnu,600,True,20,0.9018032550811768,0.027718067169189453,"[0, 0, 0, 0, 4, 4, 6, 3, 9, 6, 3, 9, 11, 6, 10, 6, 9, 4, 17, 10, 17, 0, 0, 0, 0, 0, 0, 0, 20]","""[0, 4, 3, 2, 2, 5, 1, 3, 1, 2, 1, 2, 6, 4, 3, 2, 5, 3, 3, 3, 2, 36, 68, 73, 137, 138, 95, 109, 0]"""
j20,1,proactive_quantile_0.9,600,False,inf,0.20456171035766602,inf,"[0, 0, 0, 0, 7, 26, 8, 8, 16, 37, 15, 24, 13, 37, 24, 27, 26, 46, 42, 49, 38, 0, 0, 0, 0, 0, 0, 0, 0, 0, 174]","""[0, 7, 4, 6, 4, 11, 6, 7, 7, 8, 10, 1, 3, 3, 1, 9, 9, 1, 6, 3, 3, 174, 28, 80, 51, 27, 118, 26, 131, 103, 0]"""
j20,1,reactive,600,False,inf,inf,inf,null,"[0, 7, 4, 6, 4, 11, 6, 7, 7, 8, 10, 1, 3, 3, 1, 9, 9, 1, 6, 3, 3, 174, 28, 80, 51, 27, 118, 26, 131, 103, 0]"
j20,1,stnu,600,False,inf,0.8003499507904053,inf,[],"""[0, 7, 4, 6, 4, 11, 6, 11, 1, 8, 10, 1, 3, 3, 1, 9, 9, 1, 6, 3, 3, 174, 28, 80, 51, 27, 118, 26, 131, 103, 0]"""
j20,1,proactive_quantile_0.9,600,True,54,0.19594120979309082,0.0017695426940917969,"[0, 0, 0, 0, 7, 26, 8, 8, 16, 37, 15, 24, 13, 37, 24, 27, 26, 46, 42, 49, 38, 0, 0, 0, 0, 0, 0, 0, 0, 0, 174]","""[0, 6, 7, 6, 4, 11, 4, 3, 6, 9, 9, 2, 3, 4, 1, 8, 11, 1, 8, 3, 4, 174, 28, 80, 51, 27, 118, 26, 131, 103, 0]"""
j20,1,reactive,600,True,52,0.19594120979309082,0.5924019813537598,"[0, 0, 0, 0, 7, 26, 8, 8, 16, 37, 15, 24, 13, 37, 24, 27, 26, 46, 42, 49, 38, 0, 0, 0, 0, 0, 0, 0, 0, 0, 52]","[0, 6, 7, 6, 4, 11, 4, 3, 6, 9, 9, 2, 3, 4, 1, 8, 11, 1, 8, 3, 4, 174, 28, 80, 51, 27, 118, 26, 131, 103, 0]"
j20,1,stnu,600,False,inf,0.7751057147979736,inf,[],"""[0, 6, 7, 6, 4, 11, 4, 12, 2, 9, 10, 2, 3, 4, 1, 8, 11, 1, 8, 3, 4, 174, 28, 80, 51, 27, 118, 26, 131, 103, 0]"""
j20,1,proactive_quantile_0.9,600,True,54,0.09433102607727051,0.0016188621520996094,"[0, 0, 0, 0, 7, 26, 8, 8, 16, 37, 15, 24, 13, 37, 24, 27, 26, 46, 42, 49, 38, 0, 0, 0, 0, 0, 0, 0, 0, 0, 174]","""[0, 8, 7, 6, 4, 9, 3, 5, 6, 8, 7, 2, 1, 5, 1, 10, 9, 2, 7, 4, 4, 174, 28, 80, 51, 27, 118, 26, 131, 103, 0]"""
j20,1,reactive,600,True,53,0.09433102607727051,0.7088832855224609,"[0, 0, 0, 0, 7, 26, 8, 8, 16, 37, 15, 24, 13, 37, 24, 27, 26, 46, 42, 49, 38, 0, 0, 0, 0, 0, 0, 0, 0, 0, 53]","[0, 8, 7, 6, 4, 9, 3, 5, 6, 8, 7, 2, 1, 5, 1, 10, 9, 2, 7, 4, 4, 174, 28, 80, 51, 27, 118, 26, 131, 103, 0]"
j20,1,stnu,600,False,inf,0.9106676578521729,inf,[],"""[0, 8, 7, 6, 4, 9, 3, 10, 2, 8, 11, 2, 1, 5, 1, 10, 9, 2, 7, 4, 4, 174, 28, 80, 51, 27, 118, 26, 131, 103, 0]"""
j20,1,proactive_quantile_0.9,600,True,54,0.09684252738952637,0.0016927719116210938,"[0, 0, 0, 0, 7, 26, 8, 8, 16, 37, 15, 24, 13, 37, 24, 27, 26, 46, 42, 49, 38, 0, 0, 0, 0, 0, 0, 0, 0, 0, 174]","""[0, 6, 6, 4, 5, 8, 5, 6, 7, 7, 9, 2, 2, 4, 1, 9, 7, 1, 8, 5, 4, 174, 28, 80, 51, 27, 118, 26, 131, 103, 0]"""
j20,1,reactive,600,True,54,0.09684252738952637,0.4677159786224365,"[0, 0, 0, 0, 7, 26, 8, 8, 16, 37, 15, 24, 13, 37, 24, 27, 26, 46, 42, 49, 38, 0, 0, 0, 0, 0, 0, 0, 0, 0, 54]","[0, 6, 6, 4, 5, 8, 5, 6, 7, 7, 9, 2, 2, 4, 1, 9, 7, 1, 8, 5, 4, 174, 28, 80, 51, 27, 118, 26, 131, 103, 0]"
j20,1,stnu,600,False,inf,0.8776745796203613,inf,[],"""[0, 6, 6, 4, 5, 8, 5, 10, 1, 7, 11, 2, 2, 4, 1, 9, 7, 1, 8, 5, 4, 174, 28, 80, 51, 27, 118, 26, 131, 103, 0]"""
j20,1,proactive_quantile_0.9,600,True,54,0.09627127647399902,0.0016682147979736328,"[0, 0, 0, 0, 7, 26, 8, 8, 16, 37, 15, 24, 13, 37, 24, 27, 26, 46, 42, 49, 38, 0, 0, 0, 0, 0, 0, 0, 0, 0, 174]","""[0, 7, 7, 6, 3, 10, 4, 5, 6, 6, 9, 2, 2, 4, 1, 10, 9, 2, 7, 3, 3, 174, 28, 80, 51, 27, 118, 26, 131, 103, 0]"""
j20,1,reactive,600,True,51,0.09627127647399902,0.5458333492279053,"[0, 0, 0, 0, 7, 26, 8, 8, 16, 37, 15, 24, 13, 37, 24, 27, 26, 46, 42, 48, 38, 0, 0, 0, 0, 0, 0, 0, 0, 0, 51]","[0, 7, 7, 6, 3, 10, 4, 5, 6, 6, 9, 2, 2, 4, 1, 10, 9, 2, 7, 3, 3, 174, 28, 80, 51, 27, 118, 26, 131, 103, 0]"
j20,1,stnu,600,False,inf,0.8050696849822998,inf,[],"""[0, 7, 7, 6, 3, 10, 4, 8, 2, 6, 12, 2, 2, 4, 1, 10, 9, 2, 7, 3, 3, 174, 28, 80, 51, 27, 118, 26, 131, 103, 0]"""
j20,1,proactive_quantile_0.9,600,True,54,0.09134078025817871,0.0016856193542480469,"[0, 0, 0, 0, 7, 26, 8, 8, 16, 37, 15, 24, 13, 37, 24, 27, 26, 46, 42, 49, 38, 0, 0, 0, 0, 0, 0, 0, 0, 0, 174]","""[0, 5, 5, 6, 5, 8, 5, 6, 5, 9, 8, 2, 2, 5, 2, 7, 10, 2, 7, 4, 4, 174, 28, 80, 51, 27, 118, 26, 131, 103, 0]"""
j20,1,reactive,600,True,53,0.09134078025817871,0.5029251575469971,"[0, 0, 0, 0, 7, 26, 8, 8, 16, 37, 15, 24, 13, 37, 24, 27, 26, 46, 42, 49, 38, 0, 0, 0, 0, 0, 0, 0, 0, 0, 53]","[0, 5, 5, 6, 5, 8, 5, 6, 5, 9, 8, 2, 2, 5, 2, 7, 10, 2, 7, 4, 4, 174, 28, 80, 51, 27, 118, 26, 131, 103, 0]"
j20,1,stnu,600,False,inf,0.9253063201904297,inf,[],"""[0, 5, 5, 6, 5, 8, 5, 11, 1, 9, 8, 2, 2, 5, 2, 7, 10, 2, 7, 4, 4, 174, 28, 80, 51, 27, 118, 26, 131, 103, 0]"""
j20,1,proactive_quantile_0.9,600,True,54,0.08965945243835449,0.0016570091247558594,"[0, 0, 0, 0, 7, 26, 8, 8, 16, 37, 15, 24, 13, 37, 24, 27, 26, 46, 42, 49, 38, 0, 0, 0, 0, 0, 0, 0, 0, 0, 174]","""[0, 8, 7, 6, 3, 8, 3, 5, 5, 7, 8, 1, 2, 2, 2, 11, 9, 3, 8, 5, 5, 174, 28, 80, 51, 27, 118, 26, 131, 103, 0]"""
j20,1,reactive,600,True,54,0.08965945243835449,0.4527902603149414,"[0, 0, 0, 0, 7, 26, 8, 8, 16, 37, 15, 24, 13, 37, 24, 27, 26, 46, 42, 49, 38, 0, 0, 0, 0, 0, 0, 0, 0, 0, 54]","[0, 8, 7, 6, 3, 8, 3, 5, 5, 7, 8, 1, 2, 2, 2, 11, 9, 3, 8, 5, 5, 174, 28, 80, 51, 27, 118, 26, 131, 103, 0]"
j20,1,stnu,600,False,inf,0.7936758995056152,inf,[],"""[0, 8, 7, 6, 3, 8, 3, 7, 2, 7, 9, 1, 2, 2, 2, 11, 9, 3, 8, 5, 5, 174, 28, 80, 51, 27, 118, 26, 131, 103, 0]"""
j20,1,proactive_quantile_0.9,600,True,54,0.08864903450012207,0.0015702247619628906,"[0, 0, 0, 0, 7, 26, 8, 8, 16, 37, 15, 24, 13, 37, 24, 27, 26, 46, 42, 49, 38, 0, 0, 0, 0, 0, 0, 0, 0, 0, 174]","""[0, 6, 6, 5, 4, 10, 3, 6, 7, 6, 9, 2, 1, 5, 1, 8, 11, 1, 8, 3, 3, 174, 28, 80, 51, 27, 118, 26, 131, 103, 0]"""
j20,1,reactive,600,True,52,0.08864903450012207,0.4521205425262451,"[0, 0, 0, 0, 7, 26, 8, 8, 16, 37, 15, 24, 13, 37, 24, 27, 26, 46, 42, 49, 38, 0, 0, 0, 0, 0, 0, 0, 0, 0, 52]","[0, 6, 6, 5, 4, 10, 3, 6, 7, 6, 9, 2, 1, 5, 1, 8, 11, 1, 8, 3, 3, 174, 28, 80, 51, 27, 118, 26, 131, 103, 0]"
j20,1,stnu,600,False,inf,0.7434887886047363,inf,[],"""[0, 6, 6, 5, 4, 10, 3, 9, 2, 6, 11, 2, 1, 5, 1, 8, 11, 1, 8, 3, 3, 174, 28, 80, 51, 27, 118, 26, 131, 103, 0]"""
j20,1,proactive_quantile_0.9,600,True,54,0.1522979736328125,0.0016705989837646484,"[0, 0, 0, 0, 7, 26, 8, 8, 16, 37, 15, 24, 13, 37, 24, 27, 26, 46, 42, 49, 38, 0, 0, 0, 0, 0, 0, 0, 0, 0, 174]","""[0, 6, 7, 7, 6, 8, 3, 5, 5, 9, 9, 1, 1, 5, 1, 9, 8, 1, 7, 4, 4, 174, 28, 80, 51, 27, 118, 26, 131, 103, 0]"""
j20,1,reactive,600,True,53,0.1522979736328125,0.3740863800048828,"[0, 0, 0, 0, 7, 26, 8, 8, 16, 37, 15, 24, 13, 37, 24, 27, 26, 46, 42, 49, 38, 0, 0, 0, 0, 0, 0, 0, 0, 0, 53]","[0, 6, 7, 7, 6, 8, 3, 5, 5, 9, 9, 1, 1, 5, 1, 9, 8, 1, 7, 4, 4, 174, 28, 80, 51, 27, 118, 26, 131, 103, 0]"
j20,1,stnu,600,False,inf,0.9153342247009277,inf,[],"""[0, 6, 7, 7, 6, 8, 3, 6, 1, 9, 12, 1, 1, 5, 1, 9, 8, 1, 7, 4, 4, 174, 28, 80, 51, 27, 118, 26, 131, 103, 0]"""
j20,1,proactive_quantile_0.9,600,True,54,0.2023472785949707,0.001651763916015625,"[0, 0, 0, 0, 7, 26, 8, 8, 16, 37, 15, 24, 13, 37, 24, 27, 26, 46, 42, 49, 38, 0, 0, 0, 0, 0, 0, 0, 0, 0, 174]","""[0, 7, 6, 5, 3, 8, 4, 5, 6, 6, 8, 1, 1, 5, 1, 8, 7, 1, 7, 5, 4, 174, 28, 80, 51, 27, 118, 26, 131, 103, 0]"""
j20,1,reactive,600,True,52,0.2023472785949707,0.9260501861572266,"[0, 0, 0, 0, 7, 26, 8, 8, 16, 37, 15, 24, 13, 37, 24, 27, 26, 46, 42, 47, 38, 0, 0, 0, 0, 0, 0, 0, 0, 0, 52]","[0, 7, 6, 5, 3, 8, 4, 5, 6, 6, 8, 1, 1, 5, 1, 8, 7, 1, 7, 5, 4, 174, 28, 80, 51, 27, 118, 26, 131, 103, 0]"
j20,1,stnu,600,False,inf,0.6984531879425049,inf,[],"""[0, 7, 6, 5, 3, 8, 4, 9, 2, 6, 7, 1, 1, 5, 1, 8, 7, 1, 7, 5, 4, 174, 28, 80, 51, 27, 118, 26, 131, 103, 0]"""
j20,1,proactive_quantile_0.9,600,True,36,0.0885164737701416,0.0003979206085205078,"[0, 0, 0, 0, 2, 2, 2, 7, 4, 10, 13, 13, 13, 9, 16, 18, 20, 28, 34, 25, 16, 0, 77]","""[0, 2, 2, 4, 2, 1, 8, 2, 5, 1, 4, 3, 3, 2, 8, 1, 7, 5, 2, 1, 2, 77, 0]"""
j20,1,reactive,600,True,35,0.0885164737701416,0.2617640495300293,"[0, 0, 0, 0, 2, 2, 2, 7, 4, 10, 13, 13, 13, 9, 16, 18, 20, 28, 33, 25, 16, 0, 35]","[0, 2, 2, 4, 2, 1, 8, 2, 5, 1, 4, 3, 3, 2, 8, 1, 7, 5, 2, 1, 2, 77, 0]"
j20,1,stnu,600,True,31,0.8537807464599609,0.018693208694458008,"[0, 0, 0, 0, 2, 2, 2, 7, 4, 9, 11, 11, 13, 9, 16, 16, 17, 24, 29, 24, 11, 0, 31]","""[0, 2, 2, 7, 2, 1, 8, 2, 5, 1, 4, 3, 3, 2, 8, 1, 7, 5, 2, 5, 2, 77, 0]"""
j20,1,proactive_quantile_0.9,600,True,36,0.0936281681060791,0.00042438507080078125,"[0, 0, 0, 0, 2, 2, 2, 7, 4, 10, 13, 13, 13, 9, 16, 18, 20, 28, 34, 25, 16, 0, 77]","""[0, 2, 2, 6, 1, 1, 6, 1, 5, 2, 6, 1, 2, 2, 9, 1, 7, 5, 2, 1, 1, 77, 0]"""
j20,1,reactive,600,False,inf,inf,inf,null,"[0, 2, 2, 6, 1, 1, 6, 1, 5, 2, 6, 1, 2, 2, 9, 1, 7, 5, 2, 1, 1, 77, 0]"
j20,1,stnu,600,True,42,0.8787055015563965,0.019454479217529297,"[0, 0, 0, 0, 7, 7, 8, 8, 8, 16, 18, 18, 18, 9, 22, 23, 26, 33, 40, 31, 16, 0, 42]","""[0, 6, 7, 7, 1, 1, 5, 1, 8, 2, 5, 2, 4, 3, 9, 3, 7, 7, 2, 5, 3, 77, 0]"""
j20,1,proactive_quantile_0.9,600,True,36,0.2065274715423584,0.0004057884216308594,"[0, 0, 0, 0, 2, 2, 2, 7, 4, 10, 13, 13, 13, 9, 16, 18, 20, 28, 34, 25, 16, 0, 77]","""[0, 1, 2, 6, 2, 2, 5, 2, 5, 2, 4, 2, 1, 3, 9, 2, 6, 4, 1, 2, 1, 77, 0]"""
j20,1,reactive,600,True,33,0.2065274715423584,0.27380895614624023,"[0, 0, 0, 0, 2, 2, 2, 7, 4, 10, 13, 13, 13, 9, 16, 18, 20, 28, 32, 25, 16, 0, 33]","[0, 1, 2, 6, 2, 2, 5, 2, 5, 2, 4, 2, 1, 3, 9, 2, 6, 4, 1, 2, 1, 77, 0]"
j20,1,stnu,600,True,28,0.9460976123809814,0.01940321922302246,"[0, 0, 0, 0, 2, 2, 2, 4, 4, 9, 11, 11, 11, 6, 13, 15, 17, 23, 27, 22, 9, 0, 28]","""[0, 1, 2, 4, 2, 2, 5, 2, 5, 2, 4, 2, 1, 3, 9, 2, 6, 4, 1, 3, 1, 77, 0]"""
j20,1,proactive_quantile_0.9,600,False,inf,0.1868271827697754,inf,"[0, 0, 0, 0, 2, 2, 2, 7, 4, 10, 13, 13, 13, 9, 16, 18, 20, 28, 34, 25, 16, 0, 77]","""[0, 2, 2, 6, 2, 2, 9, 1, 6, 2, 4, 3, 3, 1, 9, 2, 5, 7, 1, 1, 1, 77, 0]"""
j20,1,reactive,600,False,inf,inf,inf,null,"[0, 2, 2, 6, 2, 2, 9, 1, 6, 2, 4, 3, 3, 1, 9, 2, 5, 7, 1, 1, 1, 77, 0]"
j20,1,stnu,600,True,38,0.8795511722564697,0.01926875114440918,"[0, 0, 0, 0, 6, 7, 8, 9, 8, 15, 17, 17, 17, 10, 22, 23, 25, 31, 36, 31, 15, 0, 38]","""[0, 7, 6, 7, 2, 2, 6, 1, 7, 2, 6, 3, 5, 5, 9, 2, 5, 5, 2, 4, 2, 77, 0]"""
j20,1,proactive_quantile_0.9,600,True,36,0.1615755558013916,0.000446319580078125,"[0, 0, 0, 0, 2, 2, 2, 7, 4, 10, 13, 13, 13, 9, 16, 18, 20, 28, 34, 25, 16, 0, 77]","""[0, 2, 2, 6, 2, 2, 8, 2, 5, 2, 3, 2, 1, 3, 7, 2, 7, 5, 1, 2, 2, 77, 0]"""
j20,1,reactive,600,True,34,0.1615755558013916,0.24471235275268555,"[0, 0, 0, 0, 2, 2, 2, 7, 4, 10, 13, 13, 13, 9, 16, 18, 20, 28, 33, 25, 16, 0, 34]","[0, 2, 2, 6, 2, 2, 8, 2, 5, 2, 3, 2, 1, 3, 7, 2, 7, 5, 1, 2, 2, 77, 0]"
j20,1,stnu,600,True,41,0.966843843460083,0.019449949264526367,"[0, 0, 0, 0, 6, 7, 8, 9, 8, 15, 17, 17, 17, 11, 21, 23, 26, 33, 38, 28, 17, 0, 41]","""[0, 7, 6, 7, 2, 2, 4, 2, 7, 2, 6, 4, 3, 6, 7, 3, 7, 5, 3, 3, 1, 77, 0]"""
j20,1,proactive_quantile_0.9,600,True,36,0.07802391052246094,0.0004024505615234375,"[0, 0, 0, 0, 2, 2, 2, 7, 4, 10, 13, 13, 13, 9, 16, 18, 20, 28, 34, 25, 16, 0, 77]","""[0, 2, 2, 5, 2, 1, 8, 2, 2, 2, 3, 3, 2, 2, 8, 2, 5, 4, 2, 1, 2, 77, 0]"""
j20,1,reactive,600,True,34,0.07802391052246094,0.2521355152130127,"[0, 0, 0, 0, 2, 2, 2, 7, 4, 10, 13, 13, 13, 9, 16, 18, 20, 28, 32, 25, 16, 0, 34]","[0, 2, 2, 5, 2, 1, 8, 2, 2, 2, 3, 3, 2, 2, 8, 2, 5, 4, 2, 1, 2, 77, 0]"
j20,1,stnu,600,True,28,0.7359628677368164,0.01891326904296875,"[0, 0, 0, 0, 2, 2, 2, 5, 4, 6, 10, 10, 12, 7, 14, 14, 16, 22, 26, 22, 10, 0, 28]","""[0, 2, 2, 5, 2, 1, 8, 2, 2, 2, 3, 3, 2, 2, 8, 2, 5, 4, 2, 3, 2, 77, 0]"""
j20,1,proactive_quantile_0.9,600,True,50,0.07659697532653809,0.0004425048828125,"[0, 0, 0, 0, 8, 8, 10, 12, 10, 18, 21, 21, 21, 14, 26, 28, 32, 40, 47, 35, 20, 0, 77]","""[0, 8, 6, 9, 2, 3, 6, 1, 5, 2, 3, 2, 4, 4, 7, 2, 8, 7, 2, 5, 2, 77, 0]"""
j20,1,reactive,600,True,49,0.07659697532653809,0.31982874870300293,"[0, 0, 0, 0, 8, 8, 10, 12, 10, 18, 21, 21, 21, 14, 26, 28, 32, 40, 47, 35, 20, 0, 49]","[0, 8, 6, 9, 2, 3, 6, 1, 5, 2, 3, 2, 4, 4, 7, 2, 8, 7, 2, 5, 2, 77, 0]"
j20,1,stnu,600,True,32,0.8463666439056396,0.019407987594604492,"[0, 0, 0, 0, 1, 1, 1, 7, 3, 8, 10, 10, 12, 8, 14, 15, 17, 25, 30, 21, 10, 0, 32]","""[0, 1, 1, 7, 2, 2, 8, 1, 5, 2, 5, 3, 2, 2, 7, 2, 8, 5, 2, 5, 2, 77, 0]"""
j20,1,proactive_quantile_0.9,600,True,36,0.15193700790405273,0.0004584789276123047,"[0, 0, 0, 0, 2, 2, 2, 7, 4, 10, 13, 13, 13, 9, 16, 18, 20, 28, 34, 25, 16, 0, 77]","""[0, 2, 2, 6, 1, 2, 8, 2, 5, 2, 5, 3, 1, 3, 10, 1, 6, 4, 1, 2, 1, 77, 0]"""
j20,1,reactive,600,False,inf,inf,inf,null,"[0, 2, 2, 6, 1, 2, 8, 2, 5, 2, 5, 3, 1, 3, 10, 1, 6, 4, 1, 2, 1, 77, 0]"
j20,1,stnu,600,True,39,0.6855299472808838,0.019312143325805664,"[0, 0, 0, 0, 7, 7, 8, 9, 8, 14, 16, 16, 16, 11, 20, 23, 27, 33, 38, 30, 16, 0, 39]","""[0, 6, 7, 7, 1, 2, 4, 2, 6, 2, 7, 3, 4, 5, 10, 4, 6, 5, 1, 5, 3, 77, 0]"""
j20,1,proactive_quantile_0.9,600,True,36,0.2632877826690674,0.0004048347473144531,"[0, 0, 0, 0, 2, 2, 2, 7, 4, 10, 13, 13, 13, 9, 16, 18, 20, 28, 34, 25, 16, 0, 77]","""[0, 1, 1, 6, 1, 1, 8, 1, 4, 2, 6, 1, 2, 2, 8, 1, 6, 3, 1, 1, 1, 77, 0]"""
j20,1,reactive,600,False,inf,inf,inf,null,"[0, 1, 1, 6, 1, 1, 8, 1, 4, 2, 6, 1, 2, 2, 8, 1, 6, 3, 1, 1, 1, 77, 0]"
j20,1,stnu,600,True,26,0.7399780750274658,0.018706560134887695,"[0, 0, 0, 0, 1, 1, 1, 6, 2, 6, 9, 9, 10, 7, 12, 15, 16, 22, 25, 20, 9, 0, 26]","""[0, 1, 1, 6, 1, 1, 8, 1, 4, 2, 6, 1, 2, 2, 8, 1, 6, 3, 1, 2, 1, 77, 0]"""
j20,1,proactive_quantile_0.9,600,False,inf,0.18690013885498047,inf,"[0, 0, 0, 0, 2, 2, 2, 7, 4, 10, 13, 13, 13, 9, 16, 18, 20, 28, 34, 25, 16, 0, 77]","""[0, 1, 2, 4, 2, 2, 7, 2, 5, 2, 4, 2, 3, 3, 7, 2, 9, 7, 1, 2, 1, 77, 0]"""
j20,1,reactive,600,False,inf,inf,inf,null,"[0, 1, 2, 4, 2, 2, 7, 2, 5, 2, 4, 2, 3, 3, 7, 2, 9, 7, 1, 2, 1, 77, 0]"
j20,1,stnu,600,True,34,0.921736478805542,0.018747329711914062,"[0, 0, 0, 0, 2, 2, 2, 4, 4, 9, 12, 12, 12, 9, 17, 17, 19, 26, 33, 26, 19, 0, 34]","""[0, 1, 2, 4, 2, 2, 7, 2, 5, 3, 3, 5, 4, 3, 9, 2, 7, 7, 1, 2, 1, 77, 0]"""
j20,1,proactive_quantile_0.9,600,True,49,0.17555689811706543,0.0025177001953125,"[0, 0, 0, 0, 6, 7, 14, 14, 11, 21, 19, 14, 18, 27, 33, 18, 33, 38, 27, 38, 42, 0, 0, 0, 0, 0, 0, 0, 0, 0, 0, 0, 0, 0, 0, 163]","""[0, 3, 4, 4, 3, 6, 5, 4, 5, 5, 7, 2, 9, 4, 7, 6, 4, 2, 6, 6, 7, 118, 11, 38, 112, 102, 38, 63, 142, 118, 129, 59, 65, 94, 163, 0]"""
j20,1,reactive,600,True,49,0.17555689811706543,0.4430110454559326,"[0, 0, 0, 0, 6, 7, 14, 14, 11, 21, 19, 14, 18, 27, 33, 18, 33, 38, 27, 38, 42, 0, 0, 0, 0, 0, 0, 0, 0, 0, 0, 0, 0, 0, 0, 49]","[0, 3, 4, 4, 3, 6, 5, 4, 5, 5, 7, 2, 9, 4, 7, 6, 4, 2, 6, 6, 7, 118, 11, 38, 112, 102, 38, 63, 142, 118, 129, 59, 65, 94, 163, 0]"
j20,1,stnu,600,False,inf,0.8356170654296875,inf,[],"""[0, 3, 4, 4, 3, 6, 5, 4, 5, 5, 7, 2, 9, 4, 7, 6, 4, 2, 6, 9, 7, 118, 11, 38, 112, 102, 38, 63, 142, 118, 129, 59, 65, 94, 163, 0]"""
j20,1,proactive_quantile_0.9,600,True,49,0.09875679016113281,0.0024962425231933594,"[0, 0, 0, 0, 6, 7, 14, 14, 11, 21, 19, 14, 18, 27, 33, 18, 33, 38, 27, 38, 42, 0, 0, 0, 0, 0, 0, 0, 0, 0, 0, 0, 0, 0, 0, 163]","""[0, 6, 4, 6, 2, 7, 7, 5, 6, 4, 9, 2, 6, 5, 5, 5, 4, 3, 6, 7, 6, 118, 11, 38, 112, 102, 38, 63, 142, 118, 129, 59, 65, 94, 163, 0]"""
j20,1,reactive,600,True,48,0.09875679016113281,0.45664167404174805,"[0, 0, 0, 0, 6, 7, 14, 14, 11, 21, 19, 14, 18, 27, 33, 18, 33, 38, 27, 38, 42, 0, 0, 0, 0, 0, 0, 0, 0, 0, 0, 0, 0, 0, 0, 48]","[0, 6, 4, 6, 2, 7, 7, 5, 6, 4, 9, 2, 6, 5, 5, 5, 4, 3, 6, 7, 6, 118, 11, 38, 112, 102, 38, 63, 142, 118, 129, 59, 65, 94, 163, 0]"
j20,1,stnu,600,False,inf,0.847482442855835,inf,[],"""[0, 6, 4, 6, 2, 7, 7, 5, 6, 4, 9, 2, 6, 5, 5, 5, 4, 3, 6, 7, 6, 118, 11, 38, 112, 102, 38, 63, 142, 118, 129, 59, 65, 94, 163, 0]"""
j20,1,proactive_quantile_0.9,600,True,49,0.18614840507507324,0.0025413036346435547,"[0, 0, 0, 0, 6, 7, 14, 14, 11, 21, 19, 14, 18, 27, 33, 18, 33, 38, 27, 38, 42, 0, 0, 0, 0, 0, 0, 0, 0, 0, 0, 0, 0, 0, 0, 163]","""[0, 5, 3, 6, 4, 3, 7, 3, 6, 4, 5, 1, 7, 4, 6, 7, 3, 2, 5, 7, 5, 118, 11, 38, 112, 102, 38, 63, 142, 118, 129, 59, 65, 94, 163, 0]"""
j20,1,reactive,600,True,47,0.18614840507507324,0.47757649421691895,"[0, 0, 0, 0, 6, 7, 14, 14, 11, 21, 19, 14, 18, 27, 33, 18, 33, 38, 27, 38, 42, 0, 0, 0, 0, 0, 0, 0, 0, 0, 0, 0, 0, 0, 0, 47]","[0, 5, 3, 6, 4, 3, 7, 3, 6, 4, 5, 1, 7, 4, 6, 7, 3, 2, 5, 7, 5, 118, 11, 38, 112, 102, 38, 63, 142, 118, 129, 59, 65, 94, 163, 0]"
j20,1,stnu,600,False,inf,0.7622873783111572,inf,[],"""[0, 5, 3, 6, 4, 3, 7, 3, 6, 4, 5, 1, 7, 4, 6, 7, 3, 2, 5, 9, 5, 118, 11, 38, 112, 102, 38, 63, 142, 118, 129, 59, 65, 94, 163, 0]"""
j20,1,proactive_quantile_0.9,600,True,49,0.09917473793029785,0.002475738525390625,"[0, 0, 0, 0, 6, 7, 14, 14, 11, 21, 19, 14, 18, 27, 33, 18, 33, 38, 27, 38, 42, 0, 0, 0, 0, 0, 0, 0, 0, 0, 0, 0, 0, 0, 0, 163]","""[0, 5, 3, 6, 4, 5, 6, 4, 5, 5, 5, 2, 8, 3, 6, 7, 5, 3, 6, 7, 5, 118, 11, 38, 112, 102, 38, 63, 142, 118, 129, 59, 65, 94, 163, 0]"""
j20,1,reactive,600,True,47,0.09917473793029785,0.48639369010925293,"[0, 0, 0, 0, 6, 7, 14, 14, 11, 21, 19, 14, 18, 27, 33, 18, 33, 38, 27, 38, 42, 0, 0, 0, 0, 0, 0, 0, 0, 0, 0, 0, 0, 0, 0, 47]","[0, 5, 3, 6, 4, 5, 6, 4, 5, 5, 5, 2, 8, 3, 6, 7, 5, 3, 6, 7, 5, 118, 11, 38, 112, 102, 38, 63, 142, 118, 129, 59, 65, 94, 163, 0]"
j20,1,stnu,600,False,inf,0.950127124786377,inf,[],"""[0, 5, 3, 6, 4, 5, 6, 4, 5, 5, 5, 2, 8, 3, 6, 7, 5, 3, 6, 11, 5, 118, 11, 38, 112, 102, 38, 63, 142, 118, 129, 59, 65, 94, 163, 0]"""
j20,1,proactive_quantile_0.9,600,False,inf,0.09638714790344238,inf,"[0, 0, 0, 0, 6, 7, 14, 14, 11, 21, 19, 14, 18, 27, 33, 18, 33, 38, 27, 38, 42, 0, 0, 0, 0, 0, 0, 0, 0, 0, 0, 0, 0, 0, 0, 163]","""[0, 5, 4, 7, 6, 4, 7, 5, 6, 5, 9, 1, 8, 4, 6, 5, 4, 2, 4, 7, 5, 118, 11, 38, 112, 102, 38, 63, 142, 118, 129, 59, 65, 94, 163, 0]"""
j20,1,reactive,600,False,inf,inf,inf,null,"[0, 5, 4, 7, 6, 4, 7, 5, 6, 5, 9, 1, 8, 4, 6, 5, 4, 2, 4, 7, 5, 118, 11, 38, 112, 102, 38, 63, 142, 118, 129, 59, 65, 94, 163, 0]"
j20,1,stnu,600,False,inf,0.8019251823425293,inf,[],"""[0, 5, 4, 7, 6, 4, 7, 5, 6, 5, 9, 1, 8, 4, 6, 5, 4, 2, 4, 11, 5, 118, 11, 38, 112, 102, 38, 63, 142, 118, 129, 59, 65, 94, 163, 0]"""
j20,1,proactive_quantile_0.9,600,True,49,0.19055414199829102,0.0024285316467285156,"[0, 0, 0, 0, 6, 7, 14, 14, 11, 21, 19, 14, 18, 27, 33, 18, 33, 38, 27, 38, 42, 0, 0, 0, 0, 0, 0, 0, 0, 0, 0, 0, 0, 0, 0, 163]","""[0, 3, 6, 6, 5, 4, 6, 5, 6, 5, 8, 1, 8, 5, 6, 6, 4, 3, 6, 7, 5, 118, 11, 38, 112, 102, 38, 63, 142, 118, 129, 59, 65, 94, 163, 0]"""
j20,1,reactive,600,True,47,0.19055414199829102,0.44124460220336914,"[0, 0, 0, 0, 6, 7, 14, 14, 11, 21, 19, 14, 18, 27, 33, 18, 33, 38, 27, 38, 42, 0, 0, 0, 0, 0, 0, 0, 0, 0, 0, 0, 0, 0, 0, 47]","[0, 3, 6, 6, 5, 4, 6, 5, 6, 5, 8, 1, 8, 5, 6, 6, 4, 3, 6, 7, 5, 118, 11, 38, 112, 102, 38, 63, 142, 118, 129, 59, 65, 94, 163, 0]"
j20,1,stnu,600,False,inf,0.8640143871307373,inf,[],"""[0, 3, 6, 6, 5, 4, 6, 5, 6, 5, 8, 1, 8, 5, 6, 6, 4, 3, 6, 10, 5, 118, 11, 38, 112, 102, 38, 63, 142, 118, 129, 59, 65, 94, 163, 0]"""
j20,1,proactive_quantile_0.9,600,True,49,0.12420129776000977,0.0025141239166259766,"[0, 0, 0, 0, 6, 7, 14, 14, 11, 21, 19, 14, 18, 27, 33, 18, 33, 38, 27, 38, 42, 0, 0, 0, 0, 0, 0, 0, 0, 0, 0, 0, 0, 0, 0, 163]","""[0, 4, 4, 6, 4, 5, 5, 4, 4, 4, 5, 1, 7, 3, 4, 7, 5, 2, 4, 9, 5, 118, 11, 38, 112, 102, 38, 63, 142, 118, 129, 59, 65, 94, 163, 0]"""
j20,1,reactive,600,True,47,0.12420129776000977,0.5223867893218994,"[0, 0, 0, 0, 6, 7, 14, 14, 11, 21, 19, 14, 18, 27, 33, 18, 33, 38, 27, 38, 42, 0, 0, 0, 0, 0, 0, 0, 0, 0, 0, 0, 0, 0, 0, 47]","[0, 4, 4, 6, 4, 5, 5, 4, 4, 4, 5, 1, 7, 3, 4, 7, 5, 2, 4, 9, 5, 118, 11, 38, 112, 102, 38, 63, 142, 118, 129, 59, 65, 94, 163, 0]"
j20,1,stnu,600,False,inf,0.8894808292388916,inf,[],"""[0, 4, 4, 6, 4, 5, 5, 4, 4, 4, 5, 1, 7, 3, 4, 7, 5, 2, 4, 11, 5, 118, 11, 38, 112, 102, 38, 63, 142, 118, 129, 59, 65, 94, 163, 0]"""
j20,1,proactive_quantile_0.9,600,True,49,0.09697270393371582,0.002418041229248047,"[0, 0, 0, 0, 6, 7, 14, 14, 11, 21, 19, 14, 18, 27, 33, 18, 33, 38, 27, 38, 42, 0, 0, 0, 0, 0, 0, 0, 0, 0, 0, 0, 0, 0, 0, 163]","""[0, 3, 6, 7, 4, 5, 6, 4, 6, 6, 8, 2, 9, 3, 8, 6, 4, 3, 5, 7, 5, 118, 11, 38, 112, 102, 38, 63, 142, 118, 129, 59, 65, 94, 163, 0]"""
j20,1,reactive,600,True,47,0.09697270393371582,0.32791566848754883,"[0, 0, 0, 0, 6, 7, 14, 14, 11, 21, 19, 14, 18, 27, 33, 18, 33, 38, 27, 38, 42, 0, 0, 0, 0, 0, 0, 0, 0, 0, 0, 0, 0, 0, 0, 47]","[0, 3, 6, 7, 4, 5, 6, 4, 6, 6, 8, 2, 9, 3, 8, 6, 4, 3, 5, 7, 5, 118, 11, 38, 112, 102, 38, 63, 142, 118, 129, 59, 65, 94, 163, 0]"
j20,1,stnu,600,False,inf,0.7518134117126465,inf,[],"""[0, 3, 6, 7, 4, 5, 6, 4, 6, 6, 8, 2, 9, 3, 8, 6, 4, 3, 5, 10, 5, 118, 11, 38, 112, 102, 38, 63, 142, 118, 129, 59, 65, 94, 163, 0]"""
j20,1,proactive_quantile_0.9,600,False,inf,0.18222761154174805,inf,"[0, 0, 0, 0, 6, 7, 14, 14, 11, 21, 19, 14, 18, 27, 33, 18, 33, 38, 27, 38, 42, 0, 0, 0, 0, 0, 0, 0, 0, 0, 0, 0, 0, 0, 0, 163]","""[0, 4, 3, 6, 6, 8, 5, 4, 7, 4, 8, 4, 6, 5, 5, 6, 4, 3, 4, 7, 6, 118, 11, 38, 112, 102, 38, 63, 142, 118, 129, 59, 65, 94, 163, 0]"""
j20,1,reactive,600,False,inf,inf,inf,null,"[0, 4, 3, 6, 6, 8, 5, 4, 7, 4, 8, 4, 6, 5, 5, 6, 4, 3, 4, 7, 6, 118, 11, 38, 112, 102, 38, 63, 142, 118, 129, 59, 65, 94, 163, 0]"
j20,1,stnu,600,False,inf,0.7613325119018555,inf,[],"""[0, 4, 3, 6, 6, 8, 5, 4, 7, 4, 8, 4, 6, 5, 5, 6, 4, 3, 4, 8, 6, 118, 11, 38, 112, 102, 38, 63, 142, 118, 129, 59, 65, 94, 163, 0]"""
j20,1,proactive_quantile_0.9,600,False,inf,0.18440985679626465,inf,"[0, 0, 0, 0, 6, 7, 14, 14, 11, 21, 19, 14, 18, 27, 33, 18, 33, 38, 27, 38, 42, 0, 0, 0, 0, 0, 0, 0, 0, 0, 0, 0, 0, 0, 0, 163]","""[0, 3, 4, 4, 4, 7, 8, 4, 7, 5, 6, 3, 7, 5, 5, 7, 5, 3, 6, 6, 6, 118, 11, 38, 112, 102, 38, 63, 142, 118, 129, 59, 65, 94, 163, 0]"""
j20,1,reactive,600,False,inf,inf,inf,null,"[0, 3, 4, 4, 4, 7, 8, 4, 7, 5, 6, 3, 7, 5, 5, 7, 5, 3, 6, 6, 6, 118, 11, 38, 112, 102, 38, 63, 142, 118, 129, 59, 65, 94, 163, 0]"
j20,1,stnu,600,False,inf,0.7932896614074707,inf,[],"""[0, 3, 4, 4, 4, 7, 8, 4, 7, 5, 6, 3, 7, 5, 5, 7, 5, 3, 6, 7, 6, 118, 11, 38, 112, 102, 38, 63, 142, 118, 129, 59, 65, 94, 163, 0]"""
j20,1,proactive_quantile_0.9,600,True,72,0.10680747032165527,0.0019397735595703125,"[0, 0, 30, 0, 7, 10, 7, 24, 21, 23, 18, 53, 47, 38, 30, 38, 44, 53, 65, 56, 44, 0, 0, 0, 0, 0, 0, 0, 0, 0, 0, 0, 117]","""[0, 4, 6, 6, 1, 11, 9, 2, 1, 5, 5, 3, 4, 3, 2, 5, 9, 2, 5, 8, 2, 69, 70, 50, 30, 62, 59, 96, 117, 115, 78, 88, 0]"""
j20,1,reactive,600,True,70,0.10680747032165527,0.8299620151519775,"[0, 0, 30, 0, 7, 10, 7, 24, 21, 23, 18, 53, 47, 38, 30, 38, 44, 53, 65, 56, 44, 0, 0, 0, 0, 0, 0, 0, 0, 0, 0, 0, 70]","[0, 4, 6, 6, 1, 11, 9, 2, 1, 5, 5, 3, 4, 3, 2, 5, 9, 2, 5, 8, 2, 69, 70, 50, 30, 62, 59, 96, 117, 115, 78, 88, 0]"
j20,1,stnu,600,True,54,0.8013372421264648,0.04369068145751953,"[0, 0, 21, 0, 6, 8, 6, 19, 19, 20, 8, 38, 34, 27, 25, 27, 32, 41, 49, 41, 32, 0, 0, 0, 0, 0, 0, 0, 0, 0, 0, 0, 54]","""[0, 4, 6, 6, 1, 11, 2, 2, 1, 5, 5, 3, 4, 3, 2, 5, 9, 2, 5, 8, 2, 69, 70, 50, 30, 62, 59, 96, 117, 115, 78, 88, 0]"""
j20,1,proactive_quantile_0.9,600,True,72,0.2957923412322998,0.0017521381378173828,"[0, 0, 30, 0, 7, 10, 7, 24, 21, 23, 18, 53, 47, 38, 30, 38, 44, 53, 65, 56, 44, 0, 0, 0, 0, 0, 0, 0, 0, 0, 0, 0, 117]","""[0, 7, 7, 7, 1, 11, 10, 4, 2, 5, 5, 1, 6, 4, 3, 5, 6, 3, 7, 7, 1, 69, 70, 50, 30, 62, 59, 96, 117, 115, 78, 88, 0]"""
j20,1,reactive,600,True,70,0.2957923412322998,0.37557363510131836,"[0, 0, 30, 0, 7, 10, 7, 24, 21, 23, 18, 53, 47, 38, 30, 38, 44, 53, 63, 56, 44, 0, 0, 0, 0, 0, 0, 0, 0, 0, 0, 0, 70]","[0, 7, 7, 7, 1, 11, 10, 4, 2, 5, 5, 1, 6, 4, 3, 5, 6, 3, 7, 7, 1, 69, 70, 50, 30, 62, 59, 96, 117, 115, 78, 88, 0]"
j20,1,stnu,600,True,57,0.8438940048217773,0.04520559310913086,"[0, 0, 23, 0, 7, 8, 7, 19, 19, 21, 8, 42, 36, 30, 26, 30, 35, 42, 50, 43, 35, 0, 0, 0, 0, 0, 0, 0, 0, 0, 0, 0, 57]","""[0, 7, 7, 7, 1, 11, 1, 4, 2, 5, 5, 1, 6, 4, 3, 5, 6, 3, 7, 7, 1, 69, 70, 50, 30, 62, 59, 96, 117, 115, 78, 88, 0]"""
j20,1,proactive_quantile_0.9,600,True,72,0.13342070579528809,0.0017635822296142578,"[0, 0, 30, 0, 7, 10, 7, 24, 21, 23, 18, 53, 47, 38, 30, 38, 44, 53, 65, 56, 44, 0, 0, 0, 0, 0, 0, 0, 0, 0, 0, 0, 117]","""[0, 4, 7, 5, 1, 9, 10, 5, 2, 4, 6, 2, 4, 5, 3, 4, 7, 3, 7, 8, 3, 69, 70, 50, 30, 62, 59, 96, 117, 115, 78, 88, 0]"""
j20,1,reactive,600,True,71,0.13342070579528809,0.5277256965637207,"[0, 0, 30, 0, 7, 10, 7, 24, 21, 23, 18, 53, 47, 38, 30, 38, 44, 53, 64, 56, 44, 0, 0, 0, 0, 0, 0, 0, 0, 0, 0, 0, 71]","[0, 4, 7, 5, 1, 9, 10, 5, 2, 4, 6, 2, 4, 5, 3, 4, 7, 3, 7, 8, 3, 69, 70, 50, 30, 62, 59, 96, 117, 115, 78, 88, 0]"
j20,1,stnu,600,True,57,0.8945033550262451,0.04513955116271973,"[0, 0, 21, 0, 5, 7, 5, 16, 16, 18, 7, 40, 36, 28, 22, 28, 33, 40, 50, 42, 33, 0, 0, 0, 0, 0, 0, 0, 0, 0, 0, 0, 57]","""[0, 4, 7, 5, 1, 9, 2, 5, 2, 4, 6, 2, 4, 5, 3, 4, 7, 3, 7, 8, 3, 69, 70, 50, 30, 62, 59, 96, 117, 115, 78, 88, 0]"""
j20,1,proactive_quantile_0.9,600,True,72,0.10179328918457031,0.0017397403717041016,"[0, 0, 30, 0, 7, 10, 7, 24, 21, 23, 18, 53, 47, 38, 30, 38, 44, 53, 65, 56, 44, 0, 0, 0, 0, 0, 0, 0, 0, 0, 0, 0, 117]","""[0, 6, 8, 4, 3, 11, 8, 3, 1, 4, 5, 2, 6, 4, 3, 5, 7, 1, 5, 8, 2, 69, 70, 50, 30, 62, 59, 96, 117, 115, 78, 88, 0]"""
j20,1,reactive,600,True,70,0.10179328918457031,0.5212345123291016,"[0, 0, 30, 0, 7, 10, 7, 24, 21, 23, 18, 53, 47, 38, 30, 38, 44, 53, 65, 56, 44, 0, 0, 0, 0, 0, 0, 0, 0, 0, 0, 0, 70]","[0, 6, 8, 4, 3, 11, 8, 3, 1, 4, 5, 2, 6, 4, 3, 5, 7, 1, 5, 8, 2, 69, 70, 50, 30, 62, 59, 96, 117, 115, 78, 88, 0]"
j20,1,stnu,600,True,59,0.9484179019927979,0.04546523094177246,"[0, 0, 23, 0, 6, 9, 6, 20, 20, 21, 9, 44, 38, 31, 25, 31, 36, 44, 54, 46, 36, 0, 0, 0, 0, 0, 0, 0, 0, 0, 0, 0, 59]","""[0, 6, 8, 4, 3, 11, 1, 3, 1, 4, 5, 2, 6, 4, 3, 5, 7, 1, 5, 8, 2, 69, 70, 50, 30, 62, 59, 96, 117, 115, 78, 88, 0]"""
j20,1,proactive_quantile_0.9,600,False,inf,0.13076019287109375,inf,"[0, 0, 30, 0, 7, 10, 7, 24, 21, 23, 18, 53, 47, 38, 30, 38, 44, 53, 65, 56, 44, 0, 0, 0, 0, 0, 0, 0, 0, 0, 0, 0, 117]","""[0, 7, 6, 6, 1, 9, 8, 4, 1, 4, 7, 2, 5, 6, 2, 5, 7, 2, 4, 7, 2, 69, 70, 50, 30, 62, 59, 96, 117, 115, 78, 88, 0]"""
j20,1,reactive,600,False,inf,inf,inf,null,"[0, 7, 6, 6, 1, 9, 8, 4, 1, 4, 7, 2, 5, 6, 2, 5, 7, 2, 4, 7, 2, 69, 70, 50, 30, 62, 59, 96, 117, 115, 78, 88, 0]"
j20,1,stnu,600,True,54,1.0396018028259277,0.04492449760437012,"[0, 0, 22, 0, 7, 9, 7, 18, 18, 19, 9, 41, 36, 28, 23, 28, 34, 41, 50, 43, 34, 0, 0, 0, 0, 0, 0, 0, 0, 0, 0, 0, 54]","""[0, 7, 6, 6, 1, 9, 2, 4, 1, 4, 7, 2, 5, 6, 2, 5, 7, 2, 4, 7, 2, 69, 70, 50, 30, 62, 59, 96, 117, 115, 78, 88, 0]"""
j20,1,proactive_quantile_0.9,600,True,72,0.13920259475708008,0.0018444061279296875,"[0, 0, 30, 0, 7, 10, 7, 24, 21, 23, 18, 53, 47, 38, 30, 38, 44, 53, 65, 56, 44, 0, 0, 0, 0, 0, 0, 0, 0, 0, 0, 0, 117]","""[0, 5, 7, 7, 1, 11, 7, 5, 2, 4, 4, 2, 6, 5, 3, 3, 9, 3, 6, 7, 2, 69, 70, 50, 30, 62, 59, 96, 117, 115, 78, 88, 0]"""
j20,1,reactive,600,True,71,0.13920259475708008,0.40541958808898926,"[0, 0, 30, 0, 7, 10, 7, 24, 21, 23, 18, 53, 47, 38, 30, 38, 44, 53, 65, 56, 44, 0, 0, 0, 0, 0, 0, 0, 0, 0, 0, 0, 71]","[0, 5, 7, 7, 1, 11, 7, 5, 2, 4, 4, 2, 6, 5, 3, 3, 9, 3, 6, 7, 2, 69, 70, 50, 30, 62, 59, 96, 117, 115, 78, 88, 0]"
j20,1,stnu,600,True,59,0.7834088802337646,0.04369783401489258,"[0, 0, 24, 0, 7, 8, 7, 19, 19, 21, 8, 44, 38, 31, 25, 31, 36, 45, 53, 46, 36, 0, 0, 0, 0, 0, 0, 0, 0, 0, 0, 0, 59]","""[0, 5, 7, 7, 1, 11, 1, 5, 2, 4, 4, 2, 6, 5, 3, 3, 9, 3, 6, 7, 2, 69, 70, 50, 30, 62, 59, 96, 117, 115, 78, 88, 0]"""
j20,1,proactive_quantile_0.9,600,True,72,0.16964197158813477,0.0017838478088378906,"[0, 0, 30, 0, 7, 10, 7, 24, 21, 23, 18, 53, 47, 38, 30, 38, 44, 53, 65, 56, 44, 0, 0, 0, 0, 0, 0, 0, 0, 0, 0, 0, 117]","""[0, 6, 8, 7, 1, 8, 11, 5, 1, 5, 4, 1, 5, 4, 2, 4, 8, 3, 8, 8, 2, 69, 70, 50, 30, 62, 59, 96, 117, 115, 78, 88, 0]"""
j20,1,reactive,600,True,73,0.16964197158813477,0.6470606327056885,"[0, 0, 30, 0, 7, 10, 7, 24, 21, 23, 18, 53, 47, 38, 30, 38, 44, 53, 65, 56, 44, 0, 0, 0, 0, 0, 0, 0, 0, 0, 0, 0, 73]","[0, 6, 8, 7, 1, 8, 11, 5, 1, 5, 4, 1, 5, 4, 2, 4, 8, 3, 8, 8, 2, 69, 70, 50, 30, 62, 59, 96, 117, 115, 78, 88, 0]"
j20,1,stnu,600,True,57,0.883575439453125,0.04443669319152832,"[0, 0, 21, 0, 7, 8, 7, 16, 16, 17, 8, 40, 35, 29, 22, 29, 33, 41, 49, 41, 33, 0, 0, 0, 0, 0, 0, 0, 0, 0, 0, 0, 57]","""[0, 6, 8, 7, 1, 8, 1, 5, 1, 5, 4, 1, 5, 4, 2, 4, 8, 3, 8, 8, 2, 69, 70, 50, 30, 62, 59, 96, 117, 115, 78, 88, 0]"""
j20,1,proactive_quantile_0.9,600,True,72,0.0981893539428711,0.0017549991607666016,"[0, 0, 30, 0, 7, 10, 7, 24, 21, 23, 18, 53, 47, 38, 30, 38, 44, 53, 65, 56, 44, 0, 0, 0, 0, 0, 0, 0, 0, 0, 0, 0, 117]","""[0, 6, 7, 6, 2, 9, 9, 5, 1, 3, 3, 2, 5, 6, 2, 5, 6, 2, 6, 9, 1, 69, 70, 50, 30, 62, 59, 96, 117, 115, 78, 88, 0]"""
j20,1,reactive,600,True,71,0.0981893539428711,0.5760922431945801,"[0, 0, 30, 0, 7, 10, 7, 24, 21, 23, 18, 53, 47, 38, 30, 38, 44, 53, 65, 56, 44, 0, 0, 0, 0, 0, 0, 0, 0, 0, 0, 0, 71]","[0, 6, 7, 6, 2, 9, 9, 5, 1, 3, 3, 2, 5, 6, 2, 5, 6, 2, 6, 9, 1, 69, 70, 50, 30, 62, 59, 96, 117, 115, 78, 88, 0]"
j20,1,stnu,600,True,58,0.9429090023040771,0.04366350173950195,"[0, 0, 22, 0, 6, 8, 6, 17, 17, 18, 8, 41, 36, 29, 22, 29, 35, 41, 52, 43, 35, 0, 0, 0, 0, 0, 0, 0, 0, 0, 0, 0, 58]","""[0, 6, 7, 6, 2, 9, 2, 5, 1, 3, 3, 2, 5, 6, 2, 5, 6, 2, 6, 9, 1, 69, 70, 50, 30, 62, 59, 96, 117, 115, 78, 88, 0]"""
j20,1,proactive_quantile_0.9,600,False,inf,0.2350785732269287,inf,"[0, 0, 30, 0, 7, 10, 7, 24, 21, 23, 18, 53, 47, 38, 30, 38, 44, 53, 65, 56, 44, 0, 0, 0, 0, 0, 0, 0, 0, 0, 0, 0, 117]","""[0, 5, 9, 6, 3, 9, 11, 6, 1, 5, 2, 3, 6, 3, 3, 5, 7, 3, 7, 6, 2, 69, 70, 50, 30, 62, 59, 96, 117, 115, 78, 88, 0]"""
j20,1,reactive,600,False,inf,inf,inf,null,"[0, 5, 9, 6, 3, 9, 11, 6, 1, 5, 2, 3, 6, 3, 3, 5, 7, 3, 7, 6, 2, 69, 70, 50, 30, 62, 59, 96, 117, 115, 78, 88, 0]"
j20,1,stnu,600,True,62,1.0009772777557373,0.04534602165222168,"[0, 0, 24, 0, 6, 9, 6, 18, 18, 19, 9, 46, 40, 33, 24, 33, 38, 46, 55, 49, 38, 0, 0, 0, 0, 0, 0, 0, 0, 0, 0, 0, 62]","""[0, 5, 9, 6, 3, 9, 1, 6, 1, 5, 2, 3, 6, 3, 3, 5, 7, 3, 7, 6, 2, 69, 70, 50, 30, 62, 59, 96, 117, 115, 78, 88, 0]"""
j20,1,proactive_quantile_0.9,600,True,72,0.22232818603515625,0.0017888545989990234,"[0, 0, 30, 0, 7, 10, 7, 24, 21, 23, 18, 53, 47, 38, 30, 38, 44, 53, 65, 56, 44, 0, 0, 0, 0, 0, 0, 0, 0, 0, 0, 0, 117]","""[0, 7, 5, 3, 3, 10, 7, 4, 1, 5, 3, 1, 4, 6, 3, 3, 9, 3, 6, 9, 2, 69, 70, 50, 30, 62, 59, 96, 117, 115, 78, 88, 0]"""
j20,1,reactive,600,True,71,0.22232818603515625,0.45899200439453125,"[0, 0, 30, 0, 7, 10, 7, 24, 21, 23, 18, 53, 47, 38, 30, 38, 44, 53, 65, 56, 44, 0, 0, 0, 0, 0, 0, 0, 0, 0, 0, 0, 71]","[0, 7, 5, 3, 3, 10, 7, 4, 1, 5, 3, 1, 4, 6, 3, 3, 9, 3, 6, 9, 2, 69, 70, 50, 30, 62, 59, 96, 117, 115, 78, 88, 0]"
j20,1,stnu,600,True,57,1.054940938949585,0.04502129554748535,"[0, 0, 24, 0, 7, 10, 7, 20, 20, 21, 10, 41, 37, 29, 26, 29, 35, 44, 51, 42, 35, 0, 0, 0, 0, 0, 0, 0, 0, 0, 0, 0, 57]","""[0, 7, 5, 3, 3, 10, 2, 4, 1, 5, 3, 1, 4, 6, 3, 3, 9, 3, 6, 9, 2, 69, 70, 50, 30, 62, 59, 96, 117, 115, 78, 88, 0]"""
j20,1,proactive_quantile_0.9,600,True,35,0.33408474922180176,0.0007517337799072266,"[0, 0, 0, 0, 2, 2, 3, 2, 9, 3, 7, 12, 6, 10, 10, 14, 20, 20, 20, 29, 12, 0, 0, 118]","""[0, 1, 2, 2, 3, 2, 6, 2, 1, 1, 2, 5, 3, 4, 7, 4, 9, 2, 10, 4, 4, 118, 116, 0]"""
j20,1,reactive,600,True,33,0.33408474922180176,0.3020665645599365,"[0, 0, 0, 0, 2, 2, 3, 2, 9, 3, 7, 12, 6, 10, 10, 14, 20, 20, 20, 29, 12, 0, 0, 33]","[0, 1, 2, 2, 3, 2, 6, 2, 1, 1, 2, 5, 3, 4, 7, 4, 9, 2, 10, 4, 4, 118, 116, 0]"
j20,1,stnu,600,True,22,0.9553377628326416,0.019674301147460938,"[0, 0, 0, 0, 2, 2, 1, 2, 5, 2, 5, 6, 6, 8, 8, 10, 17, 13, 17, 19, 7, 0, 0, 22]","""[0, 1, 2, 2, 3, 2, 1, 2, 1, 4, 2, 3, 2, 2, 5, 3, 2, 4, 5, 3, 4, 118, 116, 0]"""
j20,1,proactive_quantile_0.9,600,False,inf,0.3209035396575928,inf,"[0, 0, 0, 0, 3, 3, 4, 3, 10, 7, 14, 17, 13, 17, 17, 21, 28, 27, 28, 32, 21, 0, 0, 118]","""[0, 2, 1, 6, 5, 11, 6, 6, 8, 4, 4, 6, 3, 3, 9, 5, 3, 3, 4, 5, 5, 118, 116, 0]"""
j20,1,reactive,600,False,inf,inf,inf,null,"[0, 2, 1, 6, 5, 11, 6, 6, 8, 4, 4, 6, 3, 3, 9, 5, 3, 3, 4, 5, 5, 118, 116, 0]"
j20,1,stnu,600,True,20,0.7398989200592041,0.019139766693115234,"[0, 0, 0, 0, 2, 2, 2, 2, 6, 1, 6, 8, 6, 7, 7, 9, 16, 12, 16, 18, 9, 0, 0, 20]","""[0, 1, 2, 1, 1, 4, 2, 2, 1, 1, 3, 6, 1, 1, 9, 3, 2, 2, 4, 2, 4, 118, 116, 0]"""
j20,1,proactive_quantile_0.9,600,True,22,0.0834357738494873,0.0006551742553710938,"[0, 0, 0, 0, 2, 2, 5, 2, 7, 3, 6, 10, 6, 8, 8, 10, 16, 14, 16, 18, 10, 0, 0, 118]","""[0, 3, 1, 1, 2, 3, 2, 3, 2, 2, 2, 5, 1, 2, 8, 2, 2, 2, 5, 2, 3, 118, 116, 0]"""
j20,1,reactive,600,True,21,0.0834357738494873,0.42003583908081055,"[0, 0, 0, 0, 2, 2, 5, 2, 7, 3, 6, 10, 6, 8, 8, 10, 16, 14, 16, 18, 10, 0, 0, 21]","[0, 3, 1, 1, 2, 3, 2, 3, 2, 2, 2, 5, 1, 2, 8, 2, 2, 2, 5, 2, 3, 118, 116, 0]"
j20,1,stnu,600,True,20,0.9302778244018555,0.019717931747436523,"[0, 0, 0, 0, 1, 1, 5, 1, 7, 3, 4, 10, 7, 8, 8, 10, 15, 12, 15, 17, 9, 0, 0, 20]","""[0, 3, 1, 1, 2, 3, 2, 3, 2, 2, 2, 5, 1, 2, 6, 2, 2, 2, 5, 2, 3, 118, 116, 0]"""
j20,1,proactive_quantile_0.9,600,True,22,0.09548711776733398,0.0007085800170898438,"[0, 0, 0, 0, 2, 2, 5, 2, 7, 3, 6, 10, 6, 8, 8, 10, 16, 14, 16, 18, 10, 0, 0, 118]","""[0, 2, 2, 1, 1, 2, 2, 1, 3, 2, 2, 5, 2, 2, 9, 3, 1, 1, 5, 2, 2, 118, 116, 0]"""
j20,1,reactive,600,False,inf,inf,inf,null,"[0, 2, 2, 1, 1, 2, 2, 1, 3, 2, 2, 5, 2, 2, 9, 3, 1, 1, 5, 2, 2, 118, 116, 0]"
j20,1,stnu,600,True,32,0.967573881149292,0.019367694854736328,"[0, 0, 0, 0, 2, 2, 3, 2, 9, 6, 12, 17, 9, 13, 13, 19, 23, 23, 25, 27, 19, 0, 0, 32]","""[0, 3, 2, 6, 4, 10, 6, 4, 4, 3, 7, 8, 2, 4, 5, 4, 3, 4, 6, 5, 4, 118, 116, 0]"""
j20,1,proactive_quantile_0.9,600,True,22,0.08331036567687988,0.0007073879241943359,"[0, 0, 0, 0, 2, 2, 5, 2, 7, 3, 6, 10, 6, 8, 8, 10, 16, 14, 16, 18, 10, 0, 0, 118]","""[0, 3, 1, 2, 3, 3, 2, 4, 2, 2, 4, 4, 1, 2, 7, 3, 1, 1, 4, 3, 6, 118, 116, 0]"""
j20,1,reactive,600,True,21,0.08331036567687988,0.21294236183166504,"[0, 0, 0, 0, 2, 2, 5, 2, 7, 3, 6, 10, 6, 8, 8, 10, 16, 14, 16, 18, 10, 0, 0, 21]","[0, 3, 1, 2, 3, 3, 2, 4, 2, 2, 4, 4, 1, 2, 7, 3, 1, 1, 4, 3, 6, 118, 116, 0]"
j20,1,stnu,600,True,32,0.8882930278778076,0.019288301467895508,"[0, 0, 0, 0, 2, 2, 4, 2, 8, 7, 11, 18, 12, 15, 15, 19, 25, 25, 26, 29, 19, 0, 0, 32]","""[0, 4, 2, 7, 3, 9, 4, 6, 5, 5, 8, 8, 3, 3, 6, 6, 4, 3, 6, 3, 6, 118, 116, 0]"""
j20,1,proactive_quantile_0.9,600,True,22,0.12186837196350098,0.0006768703460693359,"[0, 0, 0, 0, 2, 2, 5, 2, 7, 3, 6, 10, 6, 8, 8, 10, 16, 14, 16, 18, 10, 0, 0, 118]","""[0, 3, 1, 2, 2, 3, 1, 1, 2, 1, 3, 5, 2, 1, 6, 3, 1, 2, 7, 2, 6, 118, 116, 0]"""
j20,1,reactive,600,True,23,0.12186837196350098,0.3548007011413574,"[0, 0, 0, 0, 2, 2, 5, 2, 7, 3, 6, 10, 6, 8, 8, 10, 16, 14, 16, 18, 10, 0, 0, 23]","[0, 3, 1, 2, 2, 3, 1, 1, 2, 1, 3, 5, 2, 1, 6, 3, 1, 2, 7, 2, 6, 118, 116, 0]"
j20,1,stnu,600,True,22,1.2784783840179443,0.01947021484375,"[0, 0, 0, 0, 2, 2, 3, 2, 5, 3, 5, 7, 7, 9, 9, 10, 15, 13, 15, 16, 8, 0, 0, 22]","""[0, 3, 1, 2, 2, 3, 1, 1, 2, 4, 3, 5, 2, 1, 6, 3, 1, 2, 7, 3, 6, 118, 116, 0]"""
j20,1,proactive_quantile_0.9,600,True,38,0.08154773712158203,0.0007536411285400391,"[0, 0, 0, 0, 3, 3, 4, 3, 10, 7, 14, 17, 13, 17, 17, 21, 28, 27, 28, 32, 21, 0, 0, 118]","""[0, 1, 2, 7, 4, 9, 5, 7, 5, 5, 6, 6, 4, 4, 9, 5, 1, 1, 5, 4, 6, 118, 116, 0]"""
j20,1,reactive,600,True,36,0.08154773712158203,0.29346609115600586,"[0, 0, 0, 0, 3, 3, 4, 3, 10, 7, 14, 17, 13, 17, 17, 21, 28, 27, 28, 32, 21, 0, 0, 36]","[0, 1, 2, 7, 4, 9, 5, 7, 5, 5, 6, 6, 4, 4, 9, 5, 1, 1, 5, 4, 6, 118, 116, 0]"
j20,1,stnu,600,True,31,0.7543680667877197,0.019948720932006836,"[0, 0, 0, 0, 2, 2, 1, 2, 7, 7, 11, 20, 12, 16, 16, 20, 25, 25, 26, 26, 17, 0, 0, 31]","""[0, 1, 2, 7, 4, 9, 5, 7, 5, 5, 6, 6, 4, 4, 8, 5, 1, 1, 5, 4, 6, 118, 116, 0]"""
j20,1,proactive_quantile_0.9,600,True,22,0.10407280921936035,0.0006868839263916016,"[0, 0, 0, 0, 2, 2, 5, 2, 7, 3, 6, 10, 6, 8, 8, 10, 16, 14, 16, 18, 10, 0, 0, 118]","""[0, 3, 1, 2, 3, 3, 2, 3, 2, 2, 2, 3, 1, 2, 6, 2, 2, 2, 5, 2, 4, 118, 116, 0]"""
j20,1,reactive,600,True,21,0.10407280921936035,0.2907252311706543,"[0, 0, 0, 0, 2, 2, 5, 2, 7, 3, 6, 10, 6, 8, 8, 10, 16, 14, 16, 18, 10, 0, 0, 21]","[0, 3, 1, 2, 3, 3, 2, 3, 2, 2, 2, 3, 1, 2, 6, 2, 2, 2, 5, 2, 4, 118, 116, 0]"
j20,1,stnu,600,True,28,0.7888481616973877,0.019974946975708008,"[0, 0, 0, 0, 2, 2, 3, 2, 7, 4, 10, 16, 10, 14, 14, 17, 21, 21, 23, 24, 17, 0, 0, 28]","""[0, 3, 2, 4, 5, 8, 4, 6, 6, 6, 7, 7, 4, 2, 5, 4, 3, 2, 5, 4, 5, 118, 116, 0]"""
j20,1,proactive_quantile_0.9,600,True,38,0.09023833274841309,0.0007770061492919922,"[0, 0, 0, 0, 3, 3, 4, 3, 10, 7, 14, 17, 13, 17, 17, 21, 28, 27, 28, 32, 21, 0, 0, 118]","""[0, 1, 2, 8, 4, 9, 6, 7, 5, 5, 8, 6, 3, 2, 11, 5, 3, 2, 6, 5, 4, 118, 116, 0]"""
j20,1,reactive,600,False,inf,inf,inf,null,"[0, 1, 2, 8, 4, 9, 6, 7, 5, 5, 8, 6, 3, 2, 11, 5, 3, 2, 6, 5, 4, 118, 116, 0]"
j20,1,stnu,600,True,32,0.7850348949432373,0.019896507263183594,"[0, 0, 0, 0, 2, 2, 1, 2, 8, 8, 11, 18, 13, 16, 16, 19, 24, 24, 24, 27, 19, 0, 0, 32]","""[0, 1, 2, 8, 4, 9, 6, 7, 5, 5, 8, 6, 3, 2, 7, 5, 3, 2, 6, 5, 4, 118, 116, 0]"""
j20,1,proactive_quantile_0.9,600,True,22,0.09842872619628906,0.0006763935089111328,"[0, 0, 0, 0, 2, 2, 5, 2, 7, 3, 6, 10, 6, 8, 8, 10, 16, 14, 16, 18, 10, 0, 0, 118]","""[0, 2, 1, 2, 3, 2, 1, 3, 3, 2, 4, 5, 2, 1, 7, 2, 2, 1, 6, 1, 5, 118, 116, 0]"""
j20,1,reactive,600,True,22,0.09842872619628906,0.2762017250061035,"[0, 0, 0, 0, 2, 2, 5, 2, 7, 3, 6, 10, 6, 8, 8, 10, 16, 14, 16, 18, 10, 0, 0, 22]","[0, 2, 1, 2, 3, 2, 1, 3, 3, 2, 4, 5, 2, 1, 7, 2, 2, 1, 6, 1, 5, 118, 116, 0]"
j20,1,stnu,600,True,31,0.885880708694458,0.019782543182373047,"[0, 0, 0, 0, 3, 3, 2, 3, 8, 8, 12, 17, 11, 14, 14, 17, 23, 23, 25, 26, 17, 0, 0, 31]","""[0, 2, 3, 8, 4, 9, 4, 5, 5, 3, 5, 8, 3, 3, 7, 6, 2, 3, 5, 5, 6, 118, 116, 0]"""
j20,1,proactive_quantile_0.9,600,True,37,0.17337822914123535,0.0021703243255615234,"[0, 0, 0, 0, 2, 4, 4, 7, 7, 12, 2, 4, 13, 6, 15, 15, 17, 20, 26, 26, 22, 0, 0, 0, 0, 0, 0, 0, 0, 0, 0, 0, 0, 0, 169]","""[0, 2, 4, 3, 1, 2, 2, 4, 8, 2, 10, 1, 5, 11, 3, 2, 4, 3, 11, 1, 5, 118, 23, 100, 92, 159, 35, 41, 129, 64, 26, 169, 133, 42, 0]"""
j20,1,reactive,600,True,37,0.17337822914123535,0.28734564781188965,"[0, 0, 0, 0, 2, 4, 4, 7, 7, 12, 2, 4, 13, 6, 15, 15, 17, 20, 26, 26, 22, 0, 0, 0, 0, 0, 0, 0, 0, 0, 0, 0, 0, 0, 37]","[0, 2, 4, 3, 1, 2, 2, 4, 8, 2, 10, 1, 5, 11, 3, 2, 4, 3, 11, 1, 5, 118, 23, 100, 92, 159, 35, 41, 129, 64, 26, 169, 133, 42, 0]"
j20,1,stnu,600,False,inf,0.7065911293029785,inf,[],"""[0, 2, 5, 5, 1, 2, 2, 6, 8, 4, 10, 3, 8, 5, 3, 6, 12, 7, 6, 7, 5, 118, 23, 100, 92, 159, 35, 41, 129, 64, 26, 169, 133, 42, 0]"""
j20,1,proactive_quantile_0.9,600,False,inf,0.08594560623168945,inf,"[0, 0, 0, 0, 2, 6, 4, 7, 7, 13, 2, 6, 13, 10, 15, 18, 15, 20, 26, 26, 22, 0, 0, 0, 0, 0, 0, 0, 0, 0, 0, 0, 0, 0, 169]","""[0, 2, 3, 5, 1, 4, 2, 3, 5, 4, 9, 4, 10, 4, 2, 5, 3, 3, 4, 7, 4, 118, 23, 100, 92, 159, 35, 41, 129, 64, 26, 169, 133, 42, 0]"""
j20,1,reactive,600,False,inf,inf,inf,null,"[0, 2, 3, 5, 1, 4, 2, 3, 5, 4, 9, 4, 10, 4, 2, 5, 3, 3, 4, 7, 4, 118, 23, 100, 92, 159, 35, 41, 129, 64, 26, 169, 133, 42, 0]"
j20,1,stnu,600,False,inf,0.6870810985565186,inf,[],"""[0, 2, 3, 5, 1, 4, 2, 3, 5, 4, 9, 4, 10, 4, 2, 5, 9, 7, 4, 7, 4, 118, 23, 100, 92, 159, 35, 41, 129, 64, 26, 169, 133, 42, 0]"""
j20,1,proactive_quantile_0.9,600,True,37,0.1942894458770752,0.0022115707397460938,"[0, 0, 0, 0, 2, 4, 4, 7, 7, 12, 2, 4, 13, 6, 15, 15, 17, 20, 26, 26, 22, 0, 0, 0, 0, 0, 0, 0, 0, 0, 0, 0, 0, 0, 169]","""[0, 1, 2, 3, 1, 1, 2, 2, 6, 2, 10, 1, 5, 8, 4, 2, 4, 4, 10, 2, 4, 118, 23, 100, 92, 159, 35, 41, 129, 64, 26, 169, 133, 42, 0]"""
j20,1,reactive,600,True,36,0.1942894458770752,0.41327595710754395,"[0, 0, 0, 0, 2, 4, 4, 7, 7, 12, 2, 4, 13, 6, 15, 15, 17, 20, 26, 26, 22, 0, 0, 0, 0, 0, 0, 0, 0, 0, 0, 0, 0, 0, 36]","[0, 1, 2, 3, 1, 1, 2, 2, 6, 2, 10, 1, 5, 8, 4, 2, 4, 4, 10, 2, 4, 118, 23, 100, 92, 159, 35, 41, 129, 64, 26, 169, 133, 42, 0]"
j20,1,stnu,600,False,inf,0.6758370399475098,inf,[],"""[0, 1, 2, 6, 1, 4, 2, 5, 6, 3, 9, 4, 7, 3, 4, 4, 8, 7, 6, 8, 4, 118, 23, 100, 92, 159, 35, 41, 129, 64, 26, 169, 133, 42, 0]"""
j20,1,proactive_quantile_0.9,600,False,inf,0.14548015594482422,inf,"[0, 0, 0, 0, 2, 4, 4, 7, 7, 12, 2, 4, 13, 6, 15, 15, 17, 20, 26, 26, 22, 0, 0, 0, 0, 0, 0, 0, 0, 0, 0, 0, 0, 0, 169]","""[0, 2, 3, 2, 2, 2, 3, 6, 9, 2, 9, 2, 4, 8, 5, 1, 4, 3, 10, 1, 5, 118, 23, 100, 92, 159, 35, 41, 129, 64, 26, 169, 133, 42, 0]"""
j20,1,reactive,600,False,inf,inf,inf,null,"[0, 2, 3, 2, 2, 2, 3, 6, 9, 2, 9, 2, 4, 8, 5, 1, 4, 3, 10, 1, 5, 118, 23, 100, 92, 159, 35, 41, 129, 64, 26, 169, 133, 42, 0]"
j20,1,stnu,600,False,inf,0.6906406879425049,inf,[],"""[0, 2, 2, 5, 2, 4, 3, 5, 9, 4, 9, 6, 8, 3, 5, 7, 9, 6, 6, 9, 5, 118, 23, 100, 92, 159, 35, 41, 129, 64, 26, 169, 133, 42, 0]"""
j20,1,proactive_quantile_0.9,600,True,37,0.08246970176696777,0.0022077560424804688,"[0, 0, 0, 0, 2, 4, 4, 7, 7, 12, 2, 4, 13, 6, 15, 15, 17, 20, 26, 26, 22, 0, 0, 0, 0, 0, 0, 0, 0, 0, 0, 0, 0, 0, 169]","""[0, 2, 3, 3, 2, 1, 2, 4, 8, 3, 10, 1, 5, 11, 5, 2, 3, 2, 8, 1, 5, 118, 23, 100, 92, 159, 35, 41, 129, 64, 26, 169, 133, 42, 0]"""
j20,1,reactive,600,True,34,0.08246970176696777,0.26182126998901367,"[0, 0, 0, 0, 2, 4, 4, 7, 7, 12, 2, 4, 13, 6, 15, 15, 17, 20, 26, 26, 22, 0, 0, 0, 0, 0, 0, 0, 0, 0, 0, 0, 0, 0, 34]","[0, 2, 3, 3, 2, 1, 2, 4, 8, 3, 10, 1, 5, 11, 5, 2, 3, 2, 8, 1, 5, 118, 23, 100, 92, 159, 35, 41, 129, 64, 26, 169, 133, 42, 0]"
j20,1,stnu,600,False,inf,0.7336339950561523,inf,[],"""[0, 2, 5, 5, 2, 4, 2, 5, 8, 3, 9, 5, 6, 5, 5, 6, 7, 6, 4, 6, 5, 118, 23, 100, 92, 159, 35, 41, 129, 64, 26, 169, 133, 42, 0]"""
j20,1,proactive_quantile_0.9,600,False,inf,0.19050002098083496,inf,"[0, 0, 0, 0, 2, 4, 4, 7, 7, 12, 2, 4, 13, 6, 15, 15, 17, 20, 26, 26, 22, 0, 0, 0, 0, 0, 0, 0, 0, 0, 0, 0, 0, 0, 169]","""[0, 1, 3, 2, 1, 2, 2, 3, 5, 2, 11, 2, 5, 10, 3, 2, 3, 7, 11, 1, 6, 118, 23, 100, 92, 159, 35, 41, 129, 64, 26, 169, 133, 42, 0]"""
j20,1,reactive,600,False,inf,inf,inf,null,"[0, 1, 3, 2, 1, 2, 2, 3, 5, 2, 11, 2, 5, 10, 3, 2, 3, 7, 11, 1, 6, 118, 23, 100, 92, 159, 35, 41, 129, 64, 26, 169, 133, 42, 0]"
j20,1,stnu,600,False,inf,0.6349303722381592,inf,[],"""[0, 1, 5, 5, 1, 2, 2, 4, 5, 5, 10, 5, 9, 3, 3, 6, 12, 9, 5, 6, 6, 118, 23, 100, 92, 159, 35, 41, 129, 64, 26, 169, 133, 42, 0]"""
j20,1,proactive_quantile_0.9,600,True,37,0.18693757057189941,0.0022585391998291016,"[0, 0, 0, 0, 2, 4, 4, 7, 7, 12, 2, 4, 13, 6, 15, 15, 17, 20, 26, 26, 22, 0, 0, 0, 0, 0, 0, 0, 0, 0, 0, 0, 0, 0, 169]","""[0, 1, 3, 4, 2, 3, 1, 4, 7, 2, 9, 2, 5, 11, 3, 1, 3, 6, 10, 1, 4, 118, 23, 100, 92, 159, 35, 41, 129, 64, 26, 169, 133, 42, 0]"""
j20,1,reactive,600,True,36,0.18693757057189941,0.29195594787597656,"[0, 0, 0, 0, 2, 4, 4, 7, 7, 12, 2, 4, 13, 6, 15, 15, 17, 20, 26, 26, 22, 0, 0, 0, 0, 0, 0, 0, 0, 0, 0, 0, 0, 0, 36]","[0, 1, 3, 4, 2, 3, 1, 4, 7, 2, 9, 2, 5, 11, 3, 1, 3, 6, 10, 1, 4, 118, 23, 100, 92, 159, 35, 41, 129, 64, 26, 169, 133, 42, 0]"
j20,1,stnu,600,False,inf,0.8500924110412598,inf,[],"""[0, 2, 3, 4, 2, 3, 1, 4, 8, 2, 9, 2, 5, 4, 3, 1, 3, 6, 5, 1, 5, 118, 23, 100, 92, 159, 35, 41, 129, 64, 26, 169, 133, 42, 0]"""
j20,1,proactive_quantile_0.9,600,True,37,0.07466268539428711,0.0022003650665283203,"[0, 0, 0, 0, 2, 4, 4, 7, 7, 12, 2, 4, 13, 6, 15, 15, 17, 20, 26, 26, 22, 0, 0, 0, 0, 0, 0, 0, 0, 0, 0, 0, 0, 0, 169]","""[0, 2, 3, 3, 2, 1, 1, 5, 7, 3, 10, 2, 4, 9, 6, 1, 3, 6, 7, 1, 3, 118, 23, 100, 92, 159, 35, 41, 129, 64, 26, 169, 133, 42, 0]"""
j20,1,reactive,600,False,inf,inf,inf,null,"[0, 2, 3, 3, 2, 1, 1, 5, 7, 3, 10, 2, 4, 9, 6, 1, 3, 6, 7, 1, 3, 118, 23, 100, 92, 159, 35, 41, 129, 64, 26, 169, 133, 42, 0]"
j20,1,stnu,600,False,inf,0.7642295360565186,inf,[],"""[0, 2, 5, 4, 2, 2, 1, 4, 7, 6, 12, 3, 5, 5, 6, 4, 9, 7, 5, 7, 3, 118, 23, 100, 92, 159, 35, 41, 129, 64, 26, 169, 133, 42, 0]"""
j20,1,proactive_quantile_0.9,600,True,37,0.11389803886413574,0.0022661685943603516,"[0, 0, 0, 0, 2, 4, 4, 7, 7, 12, 2, 4, 13, 6, 15, 15, 17, 20, 26, 26, 22, 0, 0, 0, 0, 0, 0, 0, 0, 0, 0, 0, 0, 0, 169]","""[0, 1, 3, 3, 2, 1, 2, 3, 8, 1, 9, 2, 5, 9, 3, 2, 3, 5, 8, 1, 5, 118, 23, 100, 92, 159, 35, 41, 129, 64, 26, 169, 133, 42, 0]"""
j20,1,reactive,600,True,34,0.11389803886413574,0.39760732650756836,"[0, 0, 0, 0, 2, 4, 4, 7, 7, 12, 2, 4, 13, 6, 15, 15, 17, 20, 26, 26, 22, 0, 0, 0, 0, 0, 0, 0, 0, 0, 0, 0, 0, 0, 34]","[0, 1, 3, 3, 2, 1, 2, 3, 8, 1, 9, 2, 5, 9, 3, 2, 3, 5, 8, 1, 5, 118, 23, 100, 92, 159, 35, 41, 129, 64, 26, 169, 133, 42, 0]"
j20,1,stnu,600,False,inf,0.765920877456665,inf,[],"""[0, 1, 5, 4, 2, 3, 2, 4, 8, 3, 9, 5, 8, 5, 3, 7, 10, 7, 5, 6, 5, 118, 23, 100, 92, 159, 35, 41, 129, 64, 26, 169, 133, 42, 0]"""
j20,1,proactive_quantile_0.9,600,True,37,0.09317302703857422,0.002307891845703125,"[0, 0, 0, 0, 2, 4, 4, 7, 7, 12, 2, 4, 13, 6, 15, 15, 17, 20, 26, 26, 22, 0, 0, 0, 0, 0, 0, 0, 0, 0, 0, 0, 0, 0, 169]","""[0, 1, 2, 1, 2, 1, 2, 4, 6, 2, 11, 1, 4, 9, 4, 2, 4, 3, 10, 2, 5, 118, 23, 100, 92, 159, 35, 41, 129, 64, 26, 169, 133, 42, 0]"""
j20,1,reactive,600,True,36,0.09317302703857422,0.3852353096008301,"[0, 0, 0, 0, 2, 4, 4, 7, 7, 12, 2, 4, 13, 6, 15, 15, 17, 20, 26, 26, 22, 0, 0, 0, 0, 0, 0, 0, 0, 0, 0, 0, 0, 0, 36]","[0, 1, 2, 1, 2, 1, 2, 4, 6, 2, 11, 1, 4, 9, 4, 2, 4, 3, 10, 2, 5, 118, 23, 100, 92, 159, 35, 41, 129, 64, 26, 169, 133, 42, 0]"
j20,1,stnu,600,False,inf,0.875206708908081,inf,[],"""[0, 1, 4, 4, 2, 2, 2, 5, 6, 6, 10, 3, 8, 5, 4, 5, 9, 6, 6, 8, 5, 118, 23, 100, 92, 159, 35, 41, 129, 64, 26, 169, 133, 42, 0]"""
j20,1,proactive_quantile_0.9,600,True,48,0.10277032852172852,0.0023903846740722656,"[0, 0, 0, 0, 9, 6, 9, 11, 17, 19, 17, 27, 27, 9, 23, 26, 33, 33, 20, 41, 33, 0, 0, 0, 0, 0, 0, 0, 0, 0, 0, 0, 0, 0, 0, 153]","""[0, 6, 4, 8, 5, 5, 7, 7, 1, 8, 5, 4, 7, 4, 2, 5, 5, 9, 2, 7, 4, 17, 122, 62, 21, 153, 125, 51, 54, 58, 49, 145, 74, 139, 144, 0]"""
j20,1,reactive,600,False,inf,inf,inf,null,"[0, 6, 4, 8, 5, 5, 7, 7, 1, 8, 5, 4, 7, 4, 2, 5, 5, 9, 2, 7, 4, 17, 122, 62, 21, 153, 125, 51, 54, 58, 49, 145, 74, 139, 144, 0]"
j20,1,stnu,600,False,inf,0.823131799697876,inf,[],"""[0, 6, 4, 8, 5, 5, 7, 7, 1, 9, 5, 4, 7, 4, 2, 5, 5, 9, 2, 7, 8, 17, 122, 62, 21, 153, 125, 51, 54, 58, 49, 145, 74, 139, 144, 0]"""
j20,1,proactive_quantile_0.9,600,True,30,0.3207414150238037,0.0022819042205810547,"[0, 0, 0, 0, 5, 5, 5, 10, 9, 11, 9, 19, 19, 5, 13, 15, 21, 21, 19, 28, 21, 0, 0, 0, 0, 0, 0, 0, 0, 0, 0, 0, 0, 0, 0, 153]","""[0, 3, 3, 4, 1, 3, 2, 7, 1, 5, 1, 1, 1, 5, 2, 2, 2, 6, 2, 1, 4, 17, 122, 62, 21, 153, 125, 51, 54, 58, 49, 145, 74, 139, 144, 0]"""
j20,1,reactive,600,True,28,0.3207414150238037,0.36401844024658203,"[0, 0, 0, 0, 5, 5, 5, 10, 9, 11, 9, 19, 19, 5, 13, 15, 21, 21, 19, 27, 21, 0, 0, 0, 0, 0, 0, 0, 0, 0, 0, 0, 0, 0, 0, 28]","[0, 3, 3, 4, 1, 3, 2, 7, 1, 5, 1, 1, 1, 5, 2, 2, 2, 6, 2, 1, 4, 17, 122, 62, 21, 153, 125, 51, 54, 58, 49, 145, 74, 139, 144, 0]"
j20,1,stnu,600,False,inf,0.8132016658782959,inf,[],"""[0, 6, 6, 5, 4, 3, 6, 7, 1, 8, 4, 4, 5, 7, 1, 4, 5, 6, 2, 6, 8, 17, 122, 62, 21, 153, 125, 51, 54, 58, 49, 145, 74, 139, 144, 0]"""
j20,1,proactive_quantile_0.9,600,True,30,0.09558534622192383,0.0023279190063476562,"[0, 0, 0, 0, 5, 5, 5, 10, 9, 11, 9, 19, 19, 5, 13, 15, 21, 21, 19, 28, 21, 0, 0, 0, 0, 0, 0, 0, 0, 0, 0, 0, 0, 0, 0, 153]","""[0, 1, 4, 4, 2, 4, 2, 7, 2, 5, 3, 1, 2, 5, 1, 4, 2, 4, 1, 1, 4, 17, 122, 62, 21, 153, 125, 51, 54, 58, 49, 145, 74, 139, 144, 0]"""
j20,1,reactive,600,True,26,0.09558534622192383,0.3220813274383545,"[0, 0, 0, 0, 5, 5, 5, 10, 9, 11, 9, 19, 19, 5, 13, 15, 21, 21, 19, 25, 21, 0, 0, 0, 0, 0, 0, 0, 0, 0, 0, 0, 0, 0, 0, 26]","[0, 1, 4, 4, 2, 4, 2, 7, 2, 5, 3, 1, 2, 5, 1, 4, 2, 4, 1, 1, 4, 17, 122, 62, 21, 153, 125, 51, 54, 58, 49, 145, 74, 139, 144, 0]"
j20,1,stnu,600,False,inf,0.7098233699798584,inf,[],"""[0, 6, 5, 5, 5, 4, 6, 7, 2, 10, 4, 4, 5, 5, 3, 7, 5, 6, 1, 5, 8, 17, 122, 62, 21, 153, 125, 51, 54, 58, 49, 145, 74, 139, 144, 0]"""
j20,1,proactive_quantile_0.9,600,True,30,0.18619823455810547,0.0025739669799804688,"[0, 0, 0, 0, 5, 5, 5, 10, 9, 11, 9, 19, 19, 5, 13, 15, 21, 21, 19, 28, 21, 0, 0, 0, 0, 0, 0, 0, 0, 0, 0, 0, 0, 0, 0, 153]","""[0, 3, 5, 4, 2, 5, 2, 8, 1, 4, 3, 1, 1, 2, 2, 3, 2, 6, 1, 1, 7, 17, 122, 62, 21, 153, 125, 51, 54, 58, 49, 145, 74, 139, 144, 0]"""
j20,1,reactive,600,True,28,0.18619823455810547,0.3606898784637451,"[0, 0, 0, 0, 5, 5, 5, 10, 9, 11, 9, 19, 19, 5, 13, 15, 21, 21, 19, 27, 21, 0, 0, 0, 0, 0, 0, 0, 0, 0, 0, 0, 0, 0, 0, 28]","[0, 3, 5, 4, 2, 5, 2, 8, 1, 4, 3, 1, 1, 2, 2, 3, 2, 6, 1, 1, 7, 17, 122, 62, 21, 153, 125, 51, 54, 58, 49, 145, 74, 139, 144, 0]"
j20,1,stnu,600,False,inf,0.8751535415649414,inf,[],"""[0, 5, 5, 8, 7, 5, 8, 8, 1, 9, 4, 2, 4, 3, 2, 6, 5, 7, 1, 5, 11, 17, 122, 62, 21, 153, 125, 51, 54, 58, 49, 145, 74, 139, 144, 0]"""
j20,1,proactive_quantile_0.9,600,False,inf,0.0919349193572998,inf,"[0, 0, 0, 0, 5, 5, 5, 10, 9, 11, 9, 19, 19, 5, 13, 15, 21, 21, 19, 28, 21, 0, 0, 0, 0, 0, 0, 0, 0, 0, 0, 0, 0, 0, 0, 153]","""[0, 2, 4, 6, 1, 4, 3, 8, 2, 6, 2, 2, 2, 5, 2, 4, 3, 7, 2, 2, 5, 17, 122, 62, 21, 153, 125, 51, 54, 58, 49, 145, 74, 139, 144, 0]"""
j20,1,reactive,600,False,inf,inf,inf,null,"[0, 2, 4, 6, 1, 4, 3, 8, 2, 6, 2, 2, 2, 5, 2, 4, 3, 7, 2, 2, 5, 17, 122, 62, 21, 153, 125, 51, 54, 58, 49, 145, 74, 139, 144, 0]"
j20,1,stnu,600,False,inf,0.6438422203063965,inf,[],"""[0, 2, 4, 4, 1, 4, 3, 8, 2, 6, 2, 2, 2, 5, 2, 4, 3, 7, 2, 2, 5, 17, 122, 62, 21, 153, 125, 51, 54, 58, 49, 145, 74, 139, 144, 0]"""
j20,1,proactive_quantile_0.9,600,True,30,0.08279967308044434,0.0022847652435302734,"[0, 0, 0, 0, 5, 5, 5, 10, 9, 11, 9, 19, 19, 5, 13, 15, 21, 21, 19, 28, 21, 0, 0, 0, 0, 0, 0, 0, 0, 0, 0, 0, 0, 0, 0, 153]","""[0, 3, 3, 5, 2, 5, 3, 7, 1, 5, 3, 2, 1, 3, 1, 3, 2, 6, 2, 2, 5, 17, 122, 62, 21, 153, 125, 51, 54, 58, 49, 145, 74, 139, 144, 0]"""
j20,1,reactive,600,True,29,0.08279967308044434,0.2315826416015625,"[0, 0, 0, 0, 5, 5, 5, 10, 9, 11, 9, 19, 19, 5, 13, 15, 21, 21, 19, 27, 21, 0, 0, 0, 0, 0, 0, 0, 0, 0, 0, 0, 0, 0, 0, 29]","[0, 3, 3, 5, 2, 5, 3, 7, 1, 5, 3, 2, 1, 3, 1, 3, 2, 6, 2, 2, 5, 17, 122, 62, 21, 153, 125, 51, 54, 58, 49, 145, 74, 139, 144, 0]"
j20,1,stnu,600,False,inf,0.9044589996337891,inf,[],"""[0, 3, 3, 3, 2, 5, 3, 7, 1, 5, 3, 2, 1, 3, 1, 3, 2, 6, 2, 2, 5, 17, 122, 62, 21, 153, 125, 51, 54, 58, 49, 145, 74, 139, 144, 0]"""
j20,1,proactive_quantile_0.9,600,True,30,0.1666431427001953,0.0022897720336914062,"[0, 0, 0, 0, 5, 5, 5, 10, 9, 11, 9, 19, 19, 5, 13, 15, 21, 21, 19, 28, 21, 0, 0, 0, 0, 0, 0, 0, 0, 0, 0, 0, 0, 0, 0, 153]","""[0, 2, 5, 4, 2, 4, 2, 10, 2, 6, 2, 2, 1, 4, 1, 5, 1, 7, 2, 2, 5, 17, 122, 62, 21, 153, 125, 51, 54, 58, 49, 145, 74, 139, 144, 0]"""
j20,1,reactive,600,False,inf,inf,inf,null,"[0, 2, 5, 4, 2, 4, 2, 10, 2, 6, 2, 2, 1, 4, 1, 5, 1, 7, 2, 2, 5, 17, 122, 62, 21, 153, 125, 51, 54, 58, 49, 145, 74, 139, 144, 0]"
j20,1,stnu,600,False,inf,0.6804611682891846,inf,[],"""[0, 2, 5, 5, 2, 4, 2, 10, 2, 6, 2, 2, 1, 4, 1, 5, 1, 7, 2, 2, 5, 17, 122, 62, 21, 153, 125, 51, 54, 58, 49, 145, 74, 139, 144, 0]"""
j20,1,proactive_quantile_0.9,600,True,30,0.10678553581237793,0.0023412704467773438,"[0, 0, 0, 0, 5, 5, 5, 10, 9, 11, 9, 19, 19, 5, 13, 15, 21, 21, 19, 28, 21, 0, 0, 0, 0, 0, 0, 0, 0, 0, 0, 0, 0, 0, 0, 153]","""[0, 2, 3, 4, 1, 5, 3, 7, 2, 7, 1, 2, 2, 2, 1, 4, 3, 6, 1, 1, 5, 17, 122, 62, 21, 153, 125, 51, 54, 58, 49, 145, 74, 139, 144, 0]"""
j20,1,reactive,600,True,28,0.10678553581237793,0.2942190170288086,"[0, 0, 0, 0, 5, 5, 5, 10, 9, 11, 9, 19, 19, 5, 13, 15, 21, 21, 19, 27, 21, 0, 0, 0, 0, 0, 0, 0, 0, 0, 0, 0, 0, 0, 0, 28]","[0, 2, 3, 4, 1, 5, 3, 7, 2, 7, 1, 2, 2, 2, 1, 4, 3, 6, 1, 1, 5, 17, 122, 62, 21, 153, 125, 51, 54, 58, 49, 145, 74, 139, 144, 0]"
j20,1,stnu,600,False,inf,0.7776365280151367,inf,[],"""[0, 6, 3, 9, 4, 5, 7, 7, 2, 8, 6, 5, 5, 5, 2, 7, 5, 4, 1, 5, 9, 17, 122, 62, 21, 153, 125, 51, 54, 58, 49, 145, 74, 139, 144, 0]"""
j20,1,proactive_quantile_0.9,600,True,48,0.06753659248352051,0.0024254322052001953,"[0, 0, 0, 0, 9, 6, 9, 11, 17, 19, 17, 27, 27, 9, 23, 26, 33, 33, 20, 41, 33, 0, 0, 0, 0, 0, 0, 0, 0, 0, 0, 0, 0, 0, 0, 153]","""[0, 4, 6, 7, 5, 4, 7, 7, 1, 8, 4, 4, 3, 5, 3, 4, 5, 7, 2, 5, 4, 17, 122, 62, 21, 153, 125, 51, 54, 58, 49, 145, 74, 139, 144, 0]"""
j20,1,reactive,600,True,46,0.06753659248352051,0.3454897403717041,"[0, 0, 0, 0, 9, 6, 9, 11, 17, 19, 17, 27, 27, 9, 23, 26, 33, 33, 20, 41, 33, 0, 0, 0, 0, 0, 0, 0, 0, 0, 0, 0, 0, 0, 0, 46]","[0, 4, 6, 7, 5, 4, 7, 7, 1, 8, 4, 4, 3, 5, 3, 4, 5, 7, 2, 5, 4, 17, 122, 62, 21, 153, 125, 51, 54, 58, 49, 145, 74, 139, 144, 0]"
j20,1,stnu,600,False,inf,0.7774569988250732,inf,[],"""[0, 3, 4, 4, 1, 4, 2, 7, 1, 8, 1, 2, 1, 5, 2, 5, 3, 5, 2, 2, 4, 17, 122, 62, 21, 153, 125, 51, 54, 58, 49, 145, 74, 139, 144, 0]"""
j20,1,proactive_quantile_0.9,600,True,30,0.08777761459350586,0.0023009777069091797,"[0, 0, 0, 0, 5, 5, 5, 10, 9, 11, 9, 19, 19, 5, 13, 15, 21, 21, 19, 28, 21, 0, 0, 0, 0, 0, 0, 0, 0, 0, 0, 0, 0, 0, 0, 153]","""[0, 2, 5, 2, 1, 6, 2, 8, 2, 6, 3, 2, 2, 5, 2, 4, 1, 5, 2, 1, 6, 17, 122, 62, 21, 153, 125, 51, 54, 58, 49, 145, 74, 139, 144, 0]"""
j20,1,reactive,600,False,inf,inf,inf,null,"[0, 2, 5, 2, 1, 6, 2, 8, 2, 6, 3, 2, 2, 5, 2, 4, 1, 5, 2, 1, 6, 17, 122, 62, 21, 153, 125, 51, 54, 58, 49, 145, 74, 139, 144, 0]"
j20,1,stnu,600,False,inf,0.8692588806152344,inf,[],"""[0, 2, 5, 4, 1, 6, 2, 8, 2, 6, 3, 2, 2, 5, 2, 4, 1, 5, 2, 1, 6, 17, 122, 62, 21, 153, 125, 51, 54, 58, 49, 145, 74, 139, 144, 0]"""
j20,1,proactive_quantile_0.9,600,True,57,0.08787822723388672,0.0015816688537597656,"[0, 0, 0, 0, 9, 4, 12, 12, 27, 15, 6, 19, 26, 26, 21, 33, 44, 20, 53, 33, 44, 0, 0, 0, 0, 0, 0, 0, 0, 0, 0, 148]","""[0, 3, 5, 1, 3, 1, 7, 9, 1, 4, 6, 6, 4, 5, 4, 8, 6, 5, 4, 6, 9, 85, 148, 8, 39, 22, 111, 84, 50, 72, 68, 0]"""
j20,1,reactive,600,True,54,0.08787822723388672,0.45111918449401855,"[0, 0, 0, 0, 9, 4, 12, 12, 27, 15, 6, 19, 26, 26, 21, 33, 44, 20, 50, 33, 44, 0, 0, 0, 0, 0, 0, 0, 0, 0, 0, 54]","[0, 3, 5, 1, 3, 1, 7, 9, 1, 4, 6, 6, 4, 5, 4, 8, 6, 5, 4, 6, 9, 85, 148, 8, 39, 22, 111, 84, 50, 72, 68, 0]"
j20,1,stnu,600,True,34,0.9290947914123535,0.03981971740722656,"[0, 0, 0, 0, 7, 1, 10, 10, 12, 12, 5, 18, 16, 25, 16, 21, 25, 14, 30, 18, 30, 0, 0, 0, 0, 0, 0, 0, 0, 0, 0, 34]","""[0, 5, 7, 1, 3, 2, 2, 6, 1, 2, 6, 7, 4, 5, 1, 3, 4, 4, 2, 3, 4, 85, 148, 8, 39, 22, 111, 84, 50, 72, 68, 0]"""
j20,1,proactive_quantile_0.9,600,False,inf,0.11673521995544434,inf,"[0, 0, 0, 0, 9, 3, 12, 12, 16, 6, 5, 20, 20, 40, 23, 27, 33, 29, 40, 34, 47, 0, 0, 0, 0, 0, 0, 0, 0, 0, 0, 148]","""[0, 5, 7, 1, 1, 2, 3, 6, 6, 1, 5, 10, 6, 4, 1, 3, 5, 4, 1, 5, 4, 85, 148, 8, 39, 22, 111, 84, 50, 72, 68, 0]"""
j20,1,reactive,600,False,inf,inf,inf,null,"[0, 5, 7, 1, 1, 2, 3, 6, 6, 1, 5, 10, 6, 4, 1, 3, 5, 4, 1, 5, 4, 85, 148, 8, 39, 22, 111, 84, 50, 72, 68, 0]"
j20,1,stnu,600,True,34,0.8142216205596924,0.039286136627197266,"[0, 0, 0, 0, 6, 3, 7, 7, 10, 10, 5, 16, 13, 23, 13, 21, 24, 12, 30, 16, 30, 0, 0, 0, 0, 0, 0, 0, 0, 0, 0, 34]","""[0, 5, 6, 3, 1, 2, 3, 6, 2, 1, 5, 7, 6, 7, 1, 3, 5, 4, 1, 5, 4, 85, 148, 8, 39, 22, 111, 84, 50, 72, 68, 0]"""
j20,1,proactive_quantile_0.9,600,True,53,0.13140153884887695,0.0015366077423095703,"[0, 0, 0, 0, 9, 3, 12, 12, 16, 6, 5, 20, 20, 40, 23, 27, 33, 29, 40, 34, 47, 0, 0, 0, 0, 0, 0, 0, 0, 0, 0, 148]","""[0, 5, 9, 2, 3, 3, 2, 6, 5, 2, 6, 6, 5, 4, 2, 4, 4, 5, 1, 6, 2, 85, 148, 8, 39, 22, 111, 84, 50, 72, 68, 0]"""
j20,1,reactive,600,True,46,0.13140153884887695,0.38819122314453125,"[0, 0, 0, 0, 9, 3, 12, 12, 16, 6, 5, 20, 20, 40, 23, 27, 33, 29, 40, 34, 44, 0, 0, 0, 0, 0, 0, 0, 0, 0, 0, 46]","[0, 5, 9, 2, 3, 3, 2, 6, 5, 2, 6, 6, 5, 4, 2, 4, 4, 5, 1, 6, 2, 85, 148, 8, 39, 22, 111, 84, 50, 72, 68, 0]"
j20,1,stnu,600,False,inf,0.7736430168151855,inf,[],"""[0, 3, 9, 4, 3, 2, 5, 6, 1, 5, 10, 3, 5, 6, 4, 9, 7, 6, 3, 5, 10, 85, 148, 8, 39, 22, 111, 84, 50, 72, 68, 0]"""
j20,1,proactive_quantile_0.9,600,True,53,0.18949198722839355,0.0014965534210205078,"[0, 0, 0, 0, 9, 3, 12, 12, 16, 6, 5, 20, 20, 40, 23, 27, 33, 29, 40, 34, 47, 0, 0, 0, 0, 0, 0, 0, 0, 0, 0, 148]","""[0, 3, 5, 2, 1, 3, 3, 6, 5, 2, 7, 8, 5, 6, 1, 4, 4, 4, 2, 3, 4, 85, 148, 8, 39, 22, 111, 84, 50, 72, 68, 0]"""
j20,1,reactive,600,True,50,0.18949198722839355,0.5906233787536621,"[0, 0, 0, 0, 9, 3, 12, 12, 16, 6, 5, 20, 20, 40, 23, 27, 33, 29, 40, 34, 46, 0, 0, 0, 0, 0, 0, 0, 0, 0, 0, 50]","[0, 3, 5, 2, 1, 3, 3, 6, 5, 2, 7, 8, 5, 6, 1, 4, 4, 4, 2, 3, 4, 85, 148, 8, 39, 22, 111, 84, 50, 72, 68, 0]"
j20,1,stnu,600,False,inf,0.7647476196289062,inf,[],"""[0, 5, 5, 2, 1, 3, 6, 8, 1, 3, 6, 5, 5, 5, 4, 7, 7, 5, 2, 8, 7, 85, 148, 8, 39, 22, 111, 84, 50, 72, 68, 0]"""
j20,1,proactive_quantile_0.9,600,True,57,0.08936762809753418,0.0015604496002197266,"[0, 0, 0, 0, 9, 4, 12, 12, 27, 15, 6, 19, 26, 26, 21, 33, 44, 20, 53, 33, 44, 0, 0, 0, 0, 0, 0, 0, 0, 0, 0, 148]","""[0, 5, 8, 3, 1, 2, 4, 8, 2, 3, 8, 4, 7, 5, 3, 10, 7, 6, 3, 6, 10, 85, 148, 8, 39, 22, 111, 84, 50, 72, 68, 0]"""
j20,1,reactive,600,True,56,0.08936762809753418,0.5342133045196533,"[0, 0, 0, 0, 9, 4, 12, 12, 27, 15, 6, 19, 26, 26, 21, 33, 44, 20, 53, 33, 44, 0, 0, 0, 0, 0, 0, 0, 0, 0, 0, 56]","[0, 5, 8, 3, 1, 2, 4, 8, 2, 3, 8, 4, 7, 5, 3, 10, 7, 6, 3, 6, 10, 85, 148, 8, 39, 22, 111, 84, 50, 72, 68, 0]"
j20,1,stnu,600,False,inf,0.7381150722503662,inf,[],"""[0, 5, 8, 3, 1, 2, 4, 8, 2, 3, 8, 4, 7, 5, 3, 10, 7, 6, 3, 6, 10, 85, 148, 8, 39, 22, 111, 84, 50, 72, 68, 0]"""
j20,1,proactive_quantile_0.9,600,True,53,0.17351055145263672,0.0015184879302978516,"[0, 0, 0, 0, 9, 3, 12, 12, 16, 6, 5, 20, 20, 40, 23, 27, 33, 29, 40, 34, 47, 0, 0, 0, 0, 0, 0, 0, 0, 0, 0, 148]","""[0, 3, 7, 1, 3, 1, 2, 7, 6, 1, 4, 8, 6, 4, 2, 3, 7, 4, 2, 4, 6, 85, 148, 8, 39, 22, 111, 84, 50, 72, 68, 0]"""
j20,1,reactive,600,True,44,0.17351055145263672,0.9262723922729492,"[0, 0, 0, 0, 9, 3, 12, 12, 16, 6, 5, 20, 20, 30, 23, 27, 33, 29, 40, 40, 34, 0, 0, 0, 0, 0, 0, 0, 0, 0, 0, 44]","[0, 3, 7, 1, 3, 1, 2, 7, 6, 1, 4, 8, 6, 4, 2, 3, 7, 4, 2, 4, 6, 85, 148, 8, 39, 22, 111, 84, 50, 72, 68, 0]"
j20,1,stnu,600,False,inf,0.8125326633453369,inf,[],"""[0, 4, 7, 4, 3, 2, 6, 6, 1, 5, 10, 4, 6, 8, 5, 9, 6, 5, 3, 7, 10, 85, 148, 8, 39, 22, 111, 84, 50, 72, 68, 0]"""
j20,1,proactive_quantile_0.9,600,False,inf,0.08694005012512207,inf,"[0, 0, 0, 0, 9, 4, 12, 12, 27, 15, 6, 19, 26, 26, 21, 33, 44, 20, 53, 33, 44, 0, 0, 0, 0, 0, 0, 0, 0, 0, 0, 148]","""[0, 4, 8, 2, 2, 2, 5, 9, 1, 5, 10, 5, 4, 7, 6, 9, 8, 5, 4, 5, 11, 85, 148, 8, 39, 22, 111, 84, 50, 72, 68, 0]"""
j20,1,reactive,600,False,inf,inf,inf,null,"[0, 4, 8, 2, 2, 2, 5, 9, 1, 5, 10, 5, 4, 7, 6, 9, 8, 5, 4, 5, 11, 85, 148, 8, 39, 22, 111, 84, 50, 72, 68, 0]"
j20,1,stnu,600,False,inf,0.8006713390350342,inf,[],"""[0, 4, 8, 2, 2, 2, 5, 9, 1, 5, 10, 5, 4, 7, 6, 9, 8, 5, 4, 5, 11, 85, 148, 8, 39, 22, 111, 84, 50, 72, 68, 0]"""
j20,1,proactive_quantile_0.9,600,True,57,0.09383773803710938,0.0015952587127685547,"[0, 0, 0, 0, 9, 4, 12, 12, 27, 15, 6, 19, 26, 26, 21, 33, 44, 20, 53, 33, 44, 0, 0, 0, 0, 0, 0, 0, 0, 0, 0, 148]","""[0, 4, 6, 2, 2, 2, 5, 6, 1, 4, 8, 7, 5, 8, 6, 12, 8, 3, 4, 5, 10, 85, 148, 8, 39, 22, 111, 84, 50, 72, 68, 0]"""
j20,1,reactive,600,False,inf,inf,inf,null,"[0, 4, 6, 2, 2, 2, 5, 6, 1, 4, 8, 7, 5, 8, 6, 12, 8, 3, 4, 5, 10, 85, 148, 8, 39, 22, 111, 84, 50, 72, 68, 0]"
j20,1,stnu,600,True,35,0.9633212089538574,0.03995966911315918,"[0, 0, 0, 0, 4, 2, 6, 6, 9, 9, 3, 14, 11, 22, 11, 19, 23, 10, 30, 14, 30, 0, 0, 0, 0, 0, 0, 0, 0, 0, 0, 35]","""[0, 3, 4, 2, 2, 2, 3, 5, 1, 1, 6, 8, 5, 8, 1, 4, 6, 4, 1, 5, 5, 85, 148, 8, 39, 22, 111, 84, 50, 72, 68, 0]"""
j20,1,proactive_quantile_0.9,600,True,57,0.09265398979187012,0.001538991928100586,"[0, 0, 0, 0, 9, 4, 12, 12, 27, 15, 6, 19, 26, 26, 21, 33, 44, 20, 53, 33, 44, 0, 0, 0, 0, 0, 0, 0, 0, 0, 0, 148]","""[0, 5, 8, 2, 1, 1, 4, 9, 2, 4, 9, 6, 7, 6, 4, 10, 7, 6, 3, 6, 10, 85, 148, 8, 39, 22, 111, 84, 50, 72, 68, 0]"""
j20,1,reactive,600,True,56,0.09265398979187012,0.4267277717590332,"[0, 0, 0, 0, 9, 4, 12, 12, 27, 15, 6, 19, 26, 26, 21, 33, 44, 20, 53, 33, 44, 0, 0, 0, 0, 0, 0, 0, 0, 0, 0, 56]","[0, 5, 8, 2, 1, 1, 4, 9, 2, 4, 9, 6, 7, 6, 4, 10, 7, 6, 3, 6, 10, 85, 148, 8, 39, 22, 111, 84, 50, 72, 68, 0]"
j20,1,stnu,600,False,inf,0.9464871883392334,inf,[],"""[0, 5, 8, 2, 1, 1, 4, 9, 2, 4, 9, 6, 7, 6, 4, 10, 7, 6, 3, 6, 10, 85, 148, 8, 39, 22, 111, 84, 50, 72, 68, 0]"""
j20,1,proactive_quantile_0.9,600,False,inf,0.10544276237487793,inf,"[0, 0, 0, 0, 9, 3, 12, 12, 16, 6, 5, 20, 20, 40, 23, 27, 33, 29, 40, 34, 47, 0, 0, 0, 0, 0, 0, 0, 0, 0, 0, 148]","""[0, 4, 6, 2, 3, 3, 2, 8, 6, 1, 6, 10, 4, 6, 1, 5, 4, 5, 2, 5, 6, 85, 148, 8, 39, 22, 111, 84, 50, 72, 68, 0]"""
j20,1,reactive,600,False,inf,inf,inf,null,"[0, 4, 6, 2, 3, 3, 2, 8, 6, 1, 6, 10, 4, 6, 1, 5, 4, 5, 2, 5, 6, 85, 148, 8, 39, 22, 111, 84, 50, 72, 68, 0]"
j20,1,stnu,600,False,inf,0.7654869556427002,inf,[],"""[0, 4, 6, 2, 3, 2, 5, 7, 1, 2, 8, 6, 4, 7, 4, 10, 9, 6, 3, 7, 10, 85, 148, 8, 39, 22, 111, 84, 50, 72, 68, 0]"""
j20,1,proactive_quantile_0.9,600,False,inf,0.15446972846984863,inf,"[0, 0, 0, 0, 11, 11, 6, 10, 12, 4, 8, 18, 12, 18, 18, 16, 20, 26, 30, 26, 10, 0, 0, 0, 0, 0, 0, 0, 139]","""[0, 2, 4, 10, 3, 4, 2, 2, 5, 2, 2, 5, 7, 5, 2, 5, 1, 3, 7, 2, 4, 139, 31, 102, 45, 77, 124, 51, 0]"""
j20,1,reactive,600,False,inf,inf,inf,null,"[0, 2, 4, 10, 3, 4, 2, 2, 5, 2, 2, 5, 7, 5, 2, 5, 1, 3, 7, 2, 4, 139, 31, 102, 45, 77, 124, 51, 0]"
j20,1,stnu,600,True,27,1.0694901943206787,0.03176546096801758,"[0, 0, 0, 0, 10, 10, 4, 6, 10, 2, 4, 14, 6, 13, 17, 12, 13, 19, 21, 19, 6, 0, 0, 0, 0, 0, 0, 0, 27]","""[0, 2, 4, 10, 2, 2, 2, 2, 5, 2, 2, 4, 7, 5, 2, 5, 1, 2, 6, 2, 2, 139, 31, 102, 45, 77, 124, 51, 0]"""
j20,1,proactive_quantile_0.9,600,False,inf,0.15925979614257812,inf,"[0, 0, 0, 0, 11, 11, 6, 10, 12, 4, 8, 18, 12, 18, 18, 16, 20, 26, 30, 26, 10, 0, 0, 0, 0, 0, 0, 0, 139]","""[0, 2, 5, 8, 4, 4, 2, 1, 7, 2, 3, 6, 3, 5, 1, 3, 1, 2, 7, 1, 4, 139, 31, 102, 45, 77, 124, 51, 0]"""
j20,1,reactive,600,False,inf,inf,inf,null,"[0, 2, 5, 8, 4, 4, 2, 1, 7, 2, 3, 6, 3, 5, 1, 3, 1, 2, 7, 1, 4, 139, 31, 102, 45, 77, 124, 51, 0]"
j20,1,stnu,600,True,26,0.9532952308654785,0.03144240379333496,"[0, 0, 0, 0, 10, 10, 5, 7, 10, 2, 5, 13, 8, 12, 17, 11, 12, 19, 21, 19, 8, 0, 0, 0, 0, 0, 0, 0, 26]","""[0, 2, 5, 8, 1, 2, 2, 1, 7, 2, 3, 5, 3, 5, 2, 3, 1, 2, 5, 2, 2, 139, 31, 102, 45, 77, 124, 51, 0]"""
j20,1,proactive_quantile_0.9,600,True,39,0.17260432243347168,0.0013377666473388672,"[0, 0, 0, 0, 11, 11, 6, 10, 12, 4, 8, 18, 12, 18, 18, 16, 20, 26, 30, 26, 10, 0, 0, 0, 0, 0, 0, 0, 139]","""[0, 3, 4, 11, 5, 5, 3, 1, 4, 2, 1, 8, 6, 6, 1, 3, 2, 1, 8, 3, 6, 139, 31, 102, 45, 77, 124, 51, 0]"""
j20,1,reactive,600,True,38,0.17260432243347168,0.3028256893157959,"[0, 0, 0, 0, 11, 11, 6, 10, 12, 4, 8, 18, 12, 18, 18, 16, 20, 26, 30, 26, 10, 0, 0, 0, 0, 0, 0, 0, 38]","[0, 3, 4, 11, 5, 5, 3, 1, 4, 2, 1, 8, 6, 6, 1, 3, 2, 1, 8, 3, 6, 139, 31, 102, 45, 77, 124, 51, 0]"
j20,1,stnu,600,True,28,0.9002585411071777,0.032158613204956055,"[0, 0, 0, 0, 11, 11, 5, 8, 11, 3, 5, 16, 8, 14, 16, 13, 14, 21, 23, 21, 8, 0, 0, 0, 0, 0, 0, 0, 28]","""[0, 3, 4, 11, 2, 2, 3, 1, 4, 2, 1, 5, 6, 6, 2, 3, 2, 1, 5, 2, 1, 139, 31, 102, 45, 77, 124, 51, 0]"""
j20,1,proactive_quantile_0.9,600,True,39,0.16116762161254883,0.0013353824615478516,"[0, 0, 0, 0, 11, 11, 6, 10, 12, 4, 8, 18, 12, 18, 18, 16, 20, 26, 30, 26, 10, 0, 0, 0, 0, 0, 0, 0, 139]","""[0, 3, 4, 9, 4, 4, 4, 1, 4, 1, 2, 7, 4, 3, 2, 4, 1, 2, 8, 1, 6, 139, 31, 102, 45, 77, 124, 51, 0]"""
j20,1,reactive,600,True,38,0.16116762161254883,0.3749125003814697,"[0, 0, 0, 0, 11, 11, 6, 10, 12, 4, 8, 18, 12, 18, 18, 16, 20, 26, 30, 26, 10, 0, 0, 0, 0, 0, 0, 0, 38]","[0, 3, 4, 9, 4, 4, 4, 1, 4, 1, 2, 7, 4, 3, 2, 4, 1, 2, 8, 1, 6, 139, 31, 102, 45, 77, 124, 51, 0]"
j20,1,stnu,600,True,41,1.007981300354004,0.03157234191894531,"[0, 0, 0, 0, 10, 10, 8, 12, 17, 5, 10, 21, 18, 18, 26, 14, 23, 28, 35, 28, 12, 0, 0, 0, 0, 0, 0, 0, 41]","""[0, 5, 8, 10, 4, 3, 4, 5, 7, 5, 6, 7, 5, 7, 9, 7, 3, 2, 6, 3, 6, 139, 31, 102, 45, 77, 124, 51, 0]"""
j20,1,proactive_quantile_0.9,600,True,50,0.08003830909729004,0.0013320446014404297,"[0, 0, 0, 0, 11, 11, 11, 15, 22, 5, 12, 21, 21, 24, 31, 16, 28, 32, 42, 32, 15, 0, 0, 0, 0, 0, 0, 0, 139]","""[0, 4, 10, 9, 6, 4, 3, 6, 7, 5, 7, 6, 6, 6, 7, 8, 1, 3, 7, 2, 3, 139, 31, 102, 45, 77, 124, 51, 0]"""
j20,1,reactive,600,False,inf,inf,inf,null,"[0, 4, 10, 9, 6, 4, 3, 6, 7, 5, 7, 6, 6, 6, 7, 8, 1, 3, 7, 2, 3, 139, 31, 102, 45, 77, 124, 51, 0]"
j20,1,stnu,600,True,27,1.082002878189087,0.03221321105957031,"[0, 0, 0, 0, 11, 11, 6, 9, 11, 3, 6, 15, 9, 14, 17, 12, 14, 19, 22, 19, 9, 0, 0, 0, 0, 0, 0, 0, 27]","""[0, 3, 4, 9, 1, 3, 3, 2, 6, 3, 2, 4, 4, 5, 2, 5, 1, 3, 5, 1, 1, 139, 31, 102, 45, 77, 124, 51, 0]"""
j20,1,proactive_quantile_0.9,600,True,50,0.08988571166992188,0.0013871192932128906,"[0, 0, 0, 0, 11, 11, 11, 15, 22, 5, 12, 21, 21, 24, 31, 16, 28, 32, 42, 32, 15, 0, 0, 0, 0, 0, 0, 0, 139]","""[0, 5, 8, 8, 3, 7, 1, 5, 7, 4, 6, 5, 5, 7, 11, 7, 2, 2, 8, 3, 4, 139, 31, 102, 45, 77, 124, 51, 0]"""
j20,1,reactive,600,True,50,0.08988571166992188,0.5676417350769043,"[0, 0, 0, 0, 11, 11, 11, 15, 22, 5, 12, 21, 21, 24, 31, 16, 28, 32, 42, 32, 15, 0, 0, 0, 0, 0, 0, 0, 50]","[0, 5, 8, 8, 3, 7, 1, 5, 7, 4, 6, 5, 5, 7, 11, 7, 2, 2, 8, 3, 4, 139, 31, 102, 45, 77, 124, 51, 0]"
j20,1,stnu,600,True,30,0.914484977722168,0.03215622901916504,"[0, 0, 0, 0, 11, 11, 3, 4, 11, 2, 3, 15, 6, 14, 18, 13, 14, 21, 24, 21, 6, 0, 0, 0, 0, 0, 0, 0, 30]","""[0, 2, 3, 11, 2, 3, 1, 2, 4, 1, 3, 6, 4, 3, 1, 5, 1, 1, 6, 3, 1, 139, 31, 102, 45, 77, 124, 51, 0]"""
j20,1,proactive_quantile_0.9,600,True,50,0.1207740306854248,0.0013763904571533203,"[0, 0, 0, 0, 11, 11, 11, 15, 22, 5, 12, 21, 21, 24, 31, 16, 28, 32, 42, 32, 15, 0, 0, 0, 0, 0, 0, 0, 139]","""[0, 4, 8, 9, 3, 6, 2, 5, 7, 7, 9, 6, 7, 7, 8, 5, 2, 2, 6, 3, 3, 139, 31, 102, 45, 77, 124, 51, 0]"""
j20,1,reactive,600,True,48,0.1207740306854248,0.355008602142334,"[0, 0, 0, 0, 11, 11, 11, 15, 22, 5, 12, 21, 21, 24, 31, 16, 28, 32, 42, 32, 15, 0, 0, 0, 0, 0, 0, 0, 48]","[0, 4, 8, 9, 3, 6, 2, 5, 7, 7, 9, 6, 7, 7, 8, 5, 2, 2, 6, 3, 3, 139, 31, 102, 45, 77, 124, 51, 0]"
j20,1,stnu,600,True,43,0.7399017810821533,0.030232667922973633,"[0, 0, 0, 0, 11, 11, 8, 10, 15, 4, 11, 20, 20, 20, 29, 14, 27, 29, 37, 29, 11, 0, 0, 0, 0, 0, 0, 0, 43]","""[0, 4, 8, 9, 3, 3, 2, 5, 7, 7, 9, 6, 7, 7, 8, 5, 2, 2, 6, 3, 3, 139, 31, 102, 45, 77, 124, 51, 0]"""
j20,1,proactive_quantile_0.9,600,True,50,0.08498167991638184,0.0013873577117919922,"[0, 0, 0, 0, 11, 11, 11, 15, 22, 5, 12, 21, 21, 24, 31, 16, 28, 32, 42, 32, 15, 0, 0, 0, 0, 0, 0, 0, 139]","""[0, 5, 8, 10, 5, 6, 4, 7, 7, 5, 8, 7, 5, 6, 10, 7, 1, 1, 6, 3, 3, 139, 31, 102, 45, 77, 124, 51, 0]"""
j20,1,reactive,600,True,48,0.08498167991638184,0.31065797805786133,"[0, 0, 0, 0, 11, 11, 11, 15, 22, 5, 12, 21, 21, 24, 31, 16, 28, 32, 42, 32, 15, 0, 0, 0, 0, 0, 0, 0, 48]","[0, 5, 8, 10, 5, 6, 4, 7, 7, 5, 8, 7, 5, 6, 10, 7, 1, 1, 6, 3, 3, 139, 31, 102, 45, 77, 124, 51, 0]"
j20,1,stnu,600,True,42,0.7541742324829102,0.030795574188232422,"[0, 0, 0, 0, 10, 10, 8, 12, 19, 5, 10, 22, 19, 19, 26, 15, 24, 29, 36, 29, 12, 0, 0, 0, 0, 0, 0, 0, 42]","""[0, 5, 8, 10, 5, 2, 4, 7, 7, 5, 8, 7, 5, 6, 10, 7, 1, 1, 6, 3, 3, 139, 31, 102, 45, 77, 124, 51, 0]"""
j20,1,proactive_quantile_0.9,600,True,50,0.0989832878112793,0.0013887882232666016,"[0, 0, 0, 0, 11, 11, 11, 15, 22, 5, 12, 21, 21, 24, 31, 16, 28, 32, 42, 32, 15, 0, 0, 0, 0, 0, 0, 0, 139]","""[0, 4, 10, 9, 4, 5, 4, 6, 6, 5, 7, 5, 4, 4, 10, 5, 3, 2, 6, 3, 3, 139, 31, 102, 45, 77, 124, 51, 0]"""
j20,1,reactive,600,True,48,0.0989832878112793,0.3881051540374756,"[0, 0, 0, 0, 11, 11, 11, 15, 22, 5, 12, 21, 21, 24, 31, 16, 28, 32, 42, 32, 15, 0, 0, 0, 0, 0, 0, 0, 48]","[0, 4, 10, 9, 4, 5, 4, 6, 6, 5, 7, 5, 4, 4, 10, 5, 3, 2, 6, 3, 3, 139, 31, 102, 45, 77, 124, 51, 0]"
j20,1,stnu,600,True,43,0.7777383327484131,0.031006813049316406,"[0, 0, 0, 0, 10, 10, 10, 14, 20, 4, 10, 19, 20, 20, 27, 14, 24, 27, 37, 27, 14, 0, 0, 0, 0, 0, 0, 0, 43]","""[0, 4, 10, 9, 4, 4, 4, 6, 6, 5, 7, 5, 4, 4, 10, 5, 3, 2, 6, 3, 3, 139, 31, 102, 45, 77, 124, 51, 0]"""
j20,1,proactive_quantile_0.9,600,True,50,0.09074568748474121,0.001371145248413086,"[0, 0, 0, 0, 11, 11, 11, 15, 22, 5, 12, 21, 21, 24, 31, 16, 28, 32, 42, 32, 15, 0, 0, 0, 0, 0, 0, 0, 139]","""[0, 5, 9, 8, 3, 6, 1, 4, 9, 6, 8, 8, 6, 8, 9, 7, 3, 2, 7, 3, 5, 139, 31, 102, 45, 77, 124, 51, 0]"""
j20,1,reactive,600,True,49,0.09074568748474121,0.34069156646728516,"[0, 0, 0, 0, 11, 11, 11, 15, 22, 5, 12, 21, 21, 24, 31, 16, 28, 32, 42, 32, 15, 0, 0, 0, 0, 0, 0, 0, 49]","[0, 5, 9, 8, 3, 6, 1, 4, 9, 6, 8, 8, 6, 8, 9, 7, 3, 2, 7, 3, 5, 139, 31, 102, 45, 77, 124, 51, 0]"
j20,1,stnu,600,True,30,0.8096981048583984,0.031357526779174805,"[0, 0, 0, 0, 11, 11, 4, 5, 11, 2, 4, 15, 8, 14, 19, 13, 14, 21, 24, 21, 8, 0, 0, 0, 0, 0, 0, 0, 30]","""[0, 2, 4, 11, 2, 3, 1, 2, 7, 1, 4, 3, 4, 5, 2, 6, 1, 3, 6, 1, 1, 139, 31, 102, 45, 77, 124, 51, 0]"""
j20,1,proactive_quantile_0.9,600,True,66,0.1856369972229004,0.0007815361022949219,"[0, 7, 0, 0, 8, 17, 19, 27, 8, 34, 34, 27, 41, 19, 22, 17, 47, 41, 49, 49, 58, 0, 0, 0, 131]","""[0, 9, 6, 7, 7, 2, 7, 4, 3, 6, 6, 7, 6, 1, 5, 3, 5, 6, 8, 7, 6, 131, 19, 75, 0]"""
j20,1,reactive,600,True,64,0.1856369972229004,0.4742865562438965,"[0, 7, 0, 0, 8, 17, 19, 27, 8, 34, 34, 27, 41, 19, 22, 17, 47, 41, 49, 49, 58, 0, 0, 0, 64]","[0, 9, 6, 7, 7, 2, 7, 4, 3, 6, 6, 7, 6, 1, 5, 3, 5, 6, 8, 7, 6, 131, 19, 75, 0]"
j20,1,stnu,600,True,40,1.000880241394043,0.02664780616760254,"[0, 0, 7, 0, 2, 7, 9, 17, 9, 26, 19, 13, 19, 12, 14, 20, 25, 33, 25, 37, 34, 0, 0, 0, 40]","""[0, 1, 2, 2, 5, 2, 4, 2, 3, 7, 1, 1, 6, 2, 3, 3, 4, 1, 1, 3, 3, 131, 19, 75, 0]"""
j20,1,proactive_quantile_0.9,600,True,49,0.19990944862365723,0.0006444454193115234,"[0, 0, 10, 0, 3, 10, 12, 19, 13, 30, 21, 19, 21, 17, 23, 13, 27, 37, 27, 43, 39, 0, 0, 0, 131]","""[0, 3, 2, 3, 5, 2, 5, 2, 2, 5, 1, 2, 3, 1, 3, 2, 6, 1, 2, 5, 4, 131, 19, 75, 0]"""
j20,1,reactive,600,True,48,0.19990944862365723,0.3954622745513916,"[0, 0, 10, 0, 3, 10, 12, 19, 13, 30, 21, 19, 21, 17, 23, 13, 27, 37, 27, 43, 39, 0, 0, 0, 48]","[0, 3, 2, 3, 5, 2, 5, 2, 2, 5, 1, 2, 3, 1, 3, 2, 6, 1, 2, 5, 4, 131, 19, 75, 0]"
j20,1,stnu,600,True,52,0.9893486499786377,0.026187419891357422,"[0, 5, 0, 0, 6, 13, 14, 21, 6, 21, 27, 27, 27, 14, 15, 13, 35, 31, 38, 38, 46, 0, 0, 0, 52]","""[0, 8, 5, 6, 7, 1, 7, 6, 2, 5, 8, 4, 3, 1, 4, 4, 3, 5, 8, 8, 6, 131, 19, 75, 0]"""
j20,1,proactive_quantile_0.9,600,False,inf,0.21058988571166992,inf,"[0, 0, 10, 0, 3, 10, 12, 19, 13, 30, 21, 19, 21, 17, 23, 13, 27, 37, 27, 43, 39, 0, 0, 0, 131]","""[0, 2, 2, 2, 5, 1, 6, 1, 3, 6, 2, 1, 7, 2, 2, 2, 6, 1, 3, 4, 3, 131, 19, 75, 0]"""
j20,1,reactive,600,False,inf,inf,inf,null,"[0, 2, 2, 2, 5, 1, 6, 1, 3, 6, 2, 1, 7, 2, 2, 2, 6, 1, 3, 4, 3, 131, 19, 75, 0]"
j20,1,stnu,600,True,59,1.2287821769714355,0.026304244995117188,"[0, 6, 0, 0, 6, 14, 16, 25, 6, 25, 30, 31, 31, 18, 20, 14, 38, 38, 41, 45, 52, 0, 0, 0, 59]","""[0, 12, 6, 6, 8, 2, 7, 5, 3, 6, 7, 3, 7, 2, 5, 3, 3, 7, 7, 7, 7, 131, 19, 75, 0]"""
j20,1,proactive_quantile_0.9,600,False,inf,0.16854238510131836,inf,"[0, 7, 0, 0, 8, 17, 19, 27, 8, 34, 34, 27, 41, 19, 22, 17, 47, 41, 49, 49, 58, 0, 0, 0, 131]","""[0, 11, 4, 6, 10, 1, 5, 6, 3, 5, 8, 6, 4, 3, 4, 3, 3, 6, 6, 9, 5, 131, 19, 75, 0]"""
j20,1,reactive,600,False,inf,inf,inf,null,"[0, 11, 4, 6, 10, 1, 5, 6, 3, 5, 8, 6, 4, 3, 4, 3, 3, 6, 6, 9, 5, 131, 19, 75, 0]"
j20,1,stnu,600,True,38,1.2691917419433594,0.026981115341186523,"[0, 0, 9, 0, 2, 9, 11, 18, 11, 25, 20, 18, 20, 14, 15, 21, 24, 30, 24, 33, 31, 0, 0, 0, 38]","""[0, 2, 2, 2, 7, 2, 7, 2, 3, 4, 1, 2, 4, 1, 2, 3, 6, 1, 1, 5, 2, 131, 19, 75, 0]"""
j20,1,proactive_quantile_0.9,600,True,49,0.16233062744140625,0.0006532669067382812,"[0, 0, 10, 0, 3, 10, 12, 19, 13, 30, 21, 19, 21, 17, 23, 13, 27, 37, 27, 43, 39, 0, 0, 0, 131]","""[0, 2, 1, 2, 5, 2, 4, 1, 3, 6, 2, 1, 3, 2, 1, 2, 5, 1, 3, 4, 2, 131, 19, 75, 0]"""
j20,1,reactive,600,True,45,0.16233062744140625,0.5207018852233887,"[0, 0, 10, 0, 3, 10, 12, 19, 13, 30, 21, 19, 21, 17, 23, 13, 27, 37, 27, 41, 39, 0, 0, 0, 45]","[0, 2, 1, 2, 5, 2, 4, 1, 3, 6, 2, 1, 3, 2, 1, 2, 5, 1, 3, 4, 2, 131, 19, 75, 0]"
j20,1,stnu,600,True,52,0.9897615909576416,0.026257753372192383,"[0, 7, 0, 0, 7, 16, 17, 23, 7, 23, 26, 29, 29, 17, 18, 16, 33, 34, 36, 39, 47, 0, 0, 0, 52]","""[0, 10, 7, 7, 9, 1, 6, 3, 3, 6, 7, 5, 3, 1, 4, 3, 3, 5, 8, 8, 5, 131, 19, 75, 0]"""
j20,1,proactive_quantile_0.9,600,True,66,0.0831608772277832,0.0007698535919189453,"[0, 7, 0, 0, 8, 17, 19, 27, 8, 34, 34, 27, 41, 19, 22, 17, 47, 41, 49, 49, 58, 0, 0, 0, 131]","""[0, 10, 4, 7, 7, 2, 7, 5, 2, 6, 6, 5, 3, 2, 4, 3, 5, 6, 8, 8, 7, 131, 19, 75, 0]"""
j20,1,reactive,600,True,65,0.0831608772277832,0.5368046760559082,"[0, 7, 0, 0, 8, 17, 19, 27, 8, 34, 34, 27, 41, 19, 22, 17, 47, 41, 49, 49, 58, 0, 0, 0, 65]","[0, 10, 4, 7, 7, 2, 7, 5, 2, 6, 6, 5, 3, 2, 4, 3, 5, 6, 8, 8, 7, 131, 19, 75, 0]"
j20,1,stnu,600,True,55,1.0091750621795654,0.0264589786529541,"[0, 4, 0, 0, 7, 14, 16, 23, 7, 23, 28, 29, 29, 16, 18, 14, 34, 34, 39, 40, 48, 0, 0, 0, 55]","""[0, 10, 4, 7, 7, 2, 7, 5, 2, 6, 6, 5, 3, 2, 4, 3, 5, 6, 8, 8, 7, 131, 19, 75, 0]"""
j20,1,proactive_quantile_0.9,600,True,49,0.12383317947387695,0.0006244182586669922,"[0, 0, 10, 0, 3, 10, 12, 19, 13, 30, 21, 19, 21, 17, 23, 13, 27, 37, 27, 43, 39, 0, 0, 0, 131]","""[0, 3, 2, 1, 6, 2, 3, 1, 2, 5, 2, 1, 4, 1, 3, 1, 4, 2, 2, 4, 3, 131, 19, 75, 0]"""
j20,1,reactive,600,True,46,0.12383317947387695,0.5784921646118164,"[0, 0, 10, 0, 3, 10, 12, 19, 13, 30, 21, 19, 21, 17, 23, 13, 27, 37, 27, 42, 39, 0, 0, 0, 46]","[0, 3, 2, 1, 6, 2, 3, 1, 2, 5, 2, 1, 4, 1, 3, 1, 4, 2, 2, 4, 3, 131, 19, 75, 0]"
j20,1,stnu,600,True,60,0.7781386375427246,0.025384902954101562,"[0, 6, 0, 0, 6, 15, 17, 25, 6, 25, 31, 31, 31, 17, 18, 15, 38, 37, 42, 43, 51, 0, 0, 0, 60]","""[0, 11, 6, 6, 9, 2, 8, 6, 2, 5, 7, 6, 4, 1, 6, 5, 4, 6, 8, 8, 9, 131, 19, 75, 0]"""
j20,1,proactive_quantile_0.9,600,True,66,0.08997631072998047,0.0007157325744628906,"[0, 7, 0, 0, 8, 17, 19, 27, 8, 34, 34, 27, 41, 19, 22, 17, 47, 41, 49, 49, 58, 0, 0, 0, 131]","""[0, 10, 5, 7, 6, 2, 8, 4, 2, 4, 9, 7, 4, 2, 5, 4, 3, 6, 6, 7, 6, 131, 19, 75, 0]"""
j20,1,reactive,600,True,64,0.08997631072998047,0.8788051605224609,"[0, 7, 0, 0, 8, 17, 19, 27, 8, 34, 34, 27, 41, 19, 22, 17, 47, 41, 49, 49, 58, 0, 0, 0, 64]","[0, 10, 5, 7, 6, 2, 8, 4, 2, 4, 9, 7, 4, 2, 5, 4, 3, 6, 6, 7, 6, 131, 19, 75, 0]"
j20,1,stnu,600,True,38,0.989666223526001,0.0264132022857666,"[0, 0, 10, 0, 3, 10, 12, 17, 12, 26, 19, 17, 19, 14, 15, 20, 24, 33, 24, 36, 35, 0, 0, 0, 38]","""[0, 2, 2, 3, 7, 2, 5, 2, 2, 7, 1, 1, 4, 1, 1, 4, 4, 2, 2, 2, 1, 131, 19, 75, 0]"""
j20,1,proactive_quantile_0.9,600,True,66,0.2842378616333008,0.0007615089416503906,"[0, 7, 0, 0, 8, 17, 19, 27, 8, 34, 34, 27, 41, 19, 22, 17, 47, 41, 49, 49, 58, 0, 0, 0, 131]","""[0, 9, 4, 7, 7, 1, 6, 6, 2, 6, 8, 7, 4, 2, 6, 3, 3, 8, 8, 6, 9, 131, 19, 75, 0]"""
j20,1,reactive,600,True,67,0.2842378616333008,0.5567970275878906,"[0, 7, 0, 0, 8, 17, 19, 27, 8, 34, 34, 27, 41, 19, 22, 17, 47, 41, 49, 49, 58, 0, 0, 0, 67]","[0, 9, 4, 7, 7, 1, 6, 6, 2, 6, 8, 7, 4, 2, 6, 3, 3, 8, 8, 6, 9, 131, 19, 75, 0]"
j20,1,stnu,600,True,37,0.8498814105987549,0.02612924575805664,"[0, 0, 10, 0, 3, 10, 11, 18, 12, 25, 20, 18, 20, 14, 15, 21, 24, 29, 24, 33, 30, 0, 0, 0, 37]","""[0, 1, 2, 3, 7, 1, 7, 2, 2, 4, 1, 1, 4, 1, 2, 3, 4, 1, 1, 4, 3, 131, 19, 75, 0]"""
j20,1,proactive_quantile_0.9,600,True,49,0.19831204414367676,0.0006604194641113281,"[0, 0, 10, 0, 3, 10, 12, 19, 13, 30, 21, 19, 21, 17, 23, 13, 27, 37, 27, 43, 39, 0, 0, 0, 131]","""[0, 1, 3, 3, 5, 2, 5, 2, 1, 5, 1, 2, 5, 1, 1, 1, 5, 2, 1, 2, 2, 131, 19, 75, 0]"""
j20,1,reactive,600,True,43,0.19831204414367676,0.5669095516204834,"[0, 0, 10, 0, 3, 10, 12, 19, 13, 30, 21, 19, 21, 17, 23, 13, 27, 37, 27, 41, 39, 0, 0, 0, 43]","[0, 1, 3, 3, 5, 2, 5, 2, 1, 5, 1, 2, 5, 1, 1, 1, 5, 2, 1, 2, 2, 131, 19, 75, 0]"
j20,1,stnu,600,True,58,0.7720401287078857,0.026082992553710938,"[0, 5, 0, 0, 6, 14, 15, 24, 6, 24, 29, 29, 29, 15, 17, 14, 38, 34, 42, 42, 51, 0, 0, 0, 58]","""[0, 10, 5, 6, 8, 1, 9, 5, 1, 5, 9, 5, 5, 2, 3, 3, 4, 5, 9, 7, 7, 131, 19, 75, 0]"""
j20,1,proactive_quantile_0.9,600,True,35,0.17862224578857422,0.0006518363952636719,"[0, 0, 0, 0, 11, 11, 3, 8, 10, 16, 15, 23, 3, 21, 23, 26, 26, 17, 28, 29, 30, 0, 0, 89]","""[0, 6, 8, 1, 3, 4, 6, 2, 6, 5, 5, 6, 6, 1, 2, 1, 2, 8, 4, 6, 3, 89, 82, 0]"""
j20,1,reactive,600,True,35,0.17862224578857422,0.6021513938903809,"[0, 0, 0, 0, 11, 11, 3, 8, 10, 16, 15, 23, 3, 21, 23, 26, 26, 17, 28, 29, 30, 0, 0, 35]","[0, 6, 8, 1, 3, 4, 6, 2, 6, 5, 5, 6, 6, 1, 2, 1, 2, 8, 4, 6, 3, 89, 82, 0]"
j20,1,stnu,600,True,31,0.9144892692565918,0.023269176483154297,"[0, 0, 0, 0, 11, 8, 1, 7, 7, 14, 14, 19, 1, 22, 9, 19, 23, 14, 22, 25, 25, 0, 0, 31]","""[0, 6, 8, 1, 3, 4, 6, 2, 6, 5, 5, 6, 6, 1, 2, 1, 2, 8, 4, 6, 3, 89, 82, 0]"""
j20,1,proactive_quantile_0.9,600,True,35,0.0997622013092041,0.0006525516510009766,"[0, 0, 0, 0, 11, 11, 3, 8, 10, 16, 15, 23, 3, 21, 23, 26, 26, 17, 28, 29, 30, 0, 0, 89]","""[0, 6, 7, 2, 3, 6, 6, 3, 4, 5, 4, 6, 7, 2, 3, 2, 2, 8, 8, 5, 2, 89, 82, 0]"""
j20,1,reactive,600,True,36,0.0997622013092041,0.39568471908569336,"[0, 0, 0, 0, 11, 11, 3, 8, 10, 16, 15, 23, 3, 21, 23, 26, 26, 17, 28, 29, 30, 0, 0, 36]","[0, 6, 7, 2, 3, 6, 6, 3, 4, 5, 4, 6, 7, 2, 3, 2, 2, 8, 8, 5, 2, 89, 82, 0]"
j20,1,stnu,600,True,35,0.7864959239959717,0.023200273513793945,"[0, 0, 0, 0, 15, 7, 2, 9, 9, 18, 18, 22, 2, 26, 12, 23, 28, 18, 26, 30, 30, 0, 0, 35]","""[0, 6, 7, 2, 3, 6, 6, 3, 4, 5, 4, 6, 7, 2, 3, 2, 2, 8, 8, 5, 2, 89, 82, 0]"""
j20,1,proactive_quantile_0.9,600,True,35,0.0985250473022461,0.0006146430969238281,"[0, 0, 0, 0, 11, 11, 3, 8, 10, 16, 15, 23, 3, 21, 23, 26, 26, 17, 28, 29, 30, 0, 0, 89]","""[0, 6, 10, 1, 1, 5, 8, 2, 3, 4, 4, 5, 4, 2, 1, 1, 2, 6, 6, 5, 2, 89, 82, 0]"""
j20,1,reactive,600,False,inf,inf,inf,null,"[0, 6, 10, 1, 1, 5, 8, 2, 3, 4, 4, 5, 4, 2, 1, 1, 2, 6, 6, 5, 2, 89, 82, 0]"
j20,1,stnu,600,True,30,0.8650305271148682,0.0229189395904541,"[0, 0, 0, 0, 10, 10, 1, 6, 9, 12, 12, 16, 1, 21, 9, 16, 23, 15, 21, 25, 25, 0, 0, 30]","""[0, 6, 10, 1, 1, 5, 8, 2, 3, 4, 4, 5, 4, 2, 1, 1, 2, 6, 6, 5, 2, 89, 82, 0]"""
j20,1,proactive_quantile_0.9,600,True,35,0.07763314247131348,0.0006158351898193359,"[0, 0, 0, 0, 11, 11, 3, 8, 10, 16, 15, 23, 3, 21, 23, 26, 26, 17, 28, 29, 30, 0, 0, 89]","""[0, 7, 10, 2, 2, 3, 5, 1, 4, 6, 3, 6, 6, 2, 3, 2, 1, 6, 6, 4, 2, 89, 82, 0]"""
j20,1,reactive,600,True,34,0.07763314247131348,0.5774834156036377,"[0, 0, 0, 0, 11, 11, 3, 8, 10, 16, 15, 23, 3, 21, 23, 26, 26, 17, 28, 29, 30, 0, 0, 34]","[0, 7, 10, 2, 2, 3, 5, 1, 4, 6, 3, 6, 6, 2, 3, 2, 1, 6, 6, 4, 2, 89, 82, 0]"
j20,1,stnu,600,True,29,0.7755546569824219,0.023003101348876953,"[0, 0, 0, 0, 12, 10, 2, 8, 8, 14, 14, 17, 2, 22, 9, 20, 24, 14, 22, 25, 25, 0, 0, 29]","""[0, 7, 10, 2, 2, 3, 5, 1, 4, 6, 3, 6, 6, 2, 3, 2, 1, 6, 6, 4, 2, 89, 82, 0]"""
j20,1,proactive_quantile_0.9,600,False,inf,0.09317564964294434,inf,"[0, 0, 0, 0, 11, 11, 3, 8, 10, 16, 15, 23, 3, 21, 23, 26, 26, 17, 28, 29, 30, 0, 0, 89]","""[0, 7, 8, 2, 1, 3, 5, 1, 3, 5, 5, 6, 3, 1, 3, 1, 3, 10, 3, 6, 1, 89, 82, 0]"""
j20,1,reactive,600,False,inf,inf,inf,null,"[0, 7, 8, 2, 1, 3, 5, 1, 3, 5, 5, 6, 3, 1, 3, 1, 3, 10, 3, 6, 1, 89, 82, 0]"
j20,1,stnu,600,True,32,0.8543808460235596,0.02338242530822754,"[0, 0, 0, 0, 11, 8, 2, 7, 7, 12, 12, 17, 2, 22, 8, 17, 23, 12, 22, 26, 26, 0, 0, 32]","""[0, 7, 8, 2, 1, 3, 5, 1, 3, 5, 5, 6, 3, 1, 3, 1, 3, 10, 3, 6, 1, 89, 82, 0]"""
j20,1,proactive_quantile_0.9,600,False,inf,0.17397737503051758,inf,"[0, 0, 0, 0, 11, 11, 3, 8, 10, 16, 15, 23, 3, 21, 23, 26, 26, 17, 28, 29, 30, 0, 0, 89]","""[0, 7, 9, 2, 3, 7, 7, 1, 5, 7, 5, 6, 4, 2, 3, 2, 2, 7, 4, 3, 3, 89, 82, 0]"""
j20,1,reactive,600,False,inf,inf,inf,null,"[0, 7, 9, 2, 3, 7, 7, 1, 5, 7, 5, 6, 4, 2, 3, 2, 2, 7, 4, 3, 3, 89, 82, 0]"
j20,1,stnu,600,True,31,1.247880458831787,0.022918701171875,"[0, 0, 0, 0, 12, 9, 2, 7, 9, 15, 15, 20, 2, 24, 9, 22, 26, 16, 24, 28, 28, 0, 0, 31]","""[0, 7, 9, 2, 3, 7, 7, 1, 5, 7, 5, 6, 4, 2, 3, 2, 2, 7, 4, 3, 3, 89, 82, 0]"""
j20,1,proactive_quantile_0.9,600,True,35,0.09745287895202637,0.0006039142608642578,"[0, 0, 0, 0, 11, 11, 3, 8, 10, 16, 15, 23, 3, 21, 23, 26, 26, 17, 28, 29, 30, 0, 0, 89]","""[0, 6, 10, 2, 3, 4, 5, 2, 4, 5, 3, 5, 3, 2, 2, 2, 2, 7, 6, 5, 2, 89, 82, 0]"""
j20,1,reactive,600,True,34,0.09745287895202637,0.5023055076599121,"[0, 0, 0, 0, 11, 11, 3, 8, 10, 16, 15, 23, 3, 21, 23, 26, 26, 17, 28, 29, 30, 0, 0, 34]","[0, 6, 10, 2, 3, 4, 5, 2, 4, 5, 3, 5, 3, 2, 2, 2, 2, 7, 6, 5, 2, 89, 82, 0]"
j20,1,stnu,600,True,30,0.8880164623260498,0.02225780487060547,"[0, 0, 0, 0, 10, 10, 2, 6, 7, 13, 13, 16, 2, 21, 8, 18, 23, 14, 21, 25, 25, 0, 0, 30]","""[0, 6, 10, 2, 3, 4, 5, 2, 4, 5, 3, 5, 3, 2, 2, 2, 2, 7, 6, 5, 2, 89, 82, 0]"""
j20,1,proactive_quantile_0.9,600,False,inf,0.09862995147705078,inf,"[0, 0, 0, 0, 11, 11, 3, 8, 10, 16, 15, 23, 3, 21, 23, 26, 26, 17, 28, 29, 30, 0, 0, 89]","""[0, 8, 12, 2, 2, 5, 7, 2, 4, 5, 7, 5, 5, 1, 2, 1, 2, 6, 4, 4, 3, 89, 82, 0]"""
j20,1,reactive,600,False,inf,inf,inf,null,"[0, 8, 12, 2, 2, 5, 7, 2, 4, 5, 7, 5, 5, 1, 2, 1, 2, 6, 4, 4, 3, 89, 82, 0]"
j20,1,stnu,600,True,30,0.8491437435150146,0.022564172744750977,"[0, 0, 0, 0, 12, 12, 2, 8, 9, 14, 14, 21, 2, 23, 10, 21, 24, 17, 23, 26, 26, 0, 0, 30]","""[0, 8, 12, 2, 2, 5, 7, 2, 4, 5, 7, 5, 5, 1, 2, 1, 2, 6, 4, 4, 3, 89, 82, 0]"""
j20,1,proactive_quantile_0.9,600,True,35,0.17973828315734863,0.0006480216979980469,"[0, 0, 0, 0, 11, 11, 3, 8, 10, 16, 15, 23, 3, 21, 23, 26, 26, 17, 28, 29, 30, 0, 0, 89]","""[0, 7, 8, 2, 4, 4, 5, 2, 5, 6, 4, 4, 5, 1, 2, 2, 1, 8, 6, 5, 3, 89, 82, 0]"""
j20,1,reactive,600,True,34,0.17973828315734863,0.6281301975250244,"[0, 0, 0, 0, 11, 11, 3, 8, 10, 16, 15, 23, 3, 21, 23, 26, 26, 17, 28, 29, 30, 0, 0, 34]","[0, 7, 8, 2, 4, 4, 5, 2, 5, 6, 4, 4, 5, 1, 2, 2, 1, 8, 6, 5, 3, 89, 82, 0]"
j20,1,stnu,600,True,30,0.8364572525024414,0.023188352584838867,"[0, 0, 0, 0, 11, 8, 2, 7, 7, 15, 15, 19, 2, 23, 9, 21, 24, 15, 23, 25, 25, 0, 0, 30]","""[0, 7, 8, 2, 4, 4, 5, 2, 5, 6, 4, 4, 5, 1, 2, 2, 1, 8, 6, 5, 3, 89, 82, 0]"""
j20,1,proactive_quantile_0.9,600,True,35,0.07995033264160156,0.0006420612335205078,"[0, 0, 0, 0, 11, 11, 3, 8, 10, 16, 15, 23, 3, 21, 23, 26, 26, 17, 28, 29, 30, 0, 0, 89]","""[0, 7, 8, 2, 2, 6, 7, 2, 3, 6, 4, 7, 4, 2, 2, 2, 3, 6, 7, 4, 3, 89, 82, 0]"""
j20,1,reactive,600,True,35,0.07995033264160156,0.6254513263702393,"[0, 0, 0, 0, 11, 11, 3, 8, 10, 16, 15, 23, 3, 21, 23, 26, 26, 17, 28, 29, 30, 0, 0, 35]","[0, 7, 8, 2, 2, 6, 7, 2, 3, 6, 4, 7, 4, 2, 2, 2, 3, 6, 7, 4, 3, 89, 82, 0]"
j20,1,stnu,600,True,30,0.8479657173156738,0.02354264259338379,"[0, 0, 0, 0, 11, 8, 2, 7, 9, 13, 13, 17, 2, 21, 9, 19, 23, 14, 21, 26, 26, 0, 0, 30]","""[0, 7, 8, 2, 2, 6, 7, 2, 3, 6, 4, 7, 4, 2, 2, 2, 3, 6, 7, 4, 3, 89, 82, 0]"""
j20,1,proactive_quantile_0.9,600,True,41,0.09494304656982422,0.0009701251983642578,"[0, 0, 0, 0, 7, 7, 13, 13, 13, 18, 19, 22, 19, 13, 21, 19, 30, 22, 30, 36, 30, 0, 0, 0, 0, 162]","""[0, 5, 2, 6, 4, 4, 5, 2, 5, 2, 2, 6, 1, 8, 3, 9, 3, 1, 2, 4, 2, 34, 114, 67, 162, 0]"""
j20,1,reactive,600,True,40,0.09494304656982422,0.44815659523010254,"[0, 0, 0, 0, 7, 7, 13, 13, 13, 18, 19, 22, 19, 13, 21, 19, 30, 22, 30, 36, 30, 0, 0, 0, 0, 40]","[0, 5, 2, 6, 4, 4, 5, 2, 5, 2, 2, 6, 1, 8, 3, 9, 3, 1, 2, 4, 2, 34, 114, 67, 162, 0]"
j20,1,stnu,600,True,31,0.8181815147399902,0.025932788848876953,"[0, 0, 0, 0, 6, 6, 10, 10, 10, 15, 15, 18, 15, 10, 16, 15, 24, 18, 24, 27, 24, 0, 0, 0, 0, 31]","""[0, 5, 2, 6, 4, 4, 5, 2, 5, 2, 2, 6, 1, 8, 3, 9, 3, 1, 2, 4, 2, 34, 114, 67, 162, 0]"""
j20,1,proactive_quantile_0.9,600,True,41,0.11313462257385254,0.0009772777557373047,"[0, 0, 0, 0, 7, 7, 13, 13, 13, 18, 19, 22, 19, 13, 21, 19, 30, 22, 30, 36, 30, 0, 0, 0, 0, 162]","""[0, 6, 1, 6, 4, 5, 5, 2, 4, 2, 2, 5, 1, 7, 4, 7, 5, 1, 2, 5, 3, 34, 114, 67, 162, 0]"""
j20,1,reactive,600,True,40,0.11313462257385254,0.4043276309967041,"[0, 0, 0, 0, 7, 7, 13, 13, 13, 18, 19, 22, 19, 13, 21, 19, 30, 22, 30, 35, 30, 0, 0, 0, 0, 40]","[0, 6, 1, 6, 4, 5, 5, 2, 4, 2, 2, 5, 1, 7, 4, 7, 5, 1, 2, 5, 3, 34, 114, 67, 162, 0]"
j20,1,stnu,600,True,33,0.976729154586792,0.026065826416015625,"[0, 0, 0, 0, 6, 6, 11, 11, 11, 15, 16, 18, 16, 11, 17, 16, 23, 18, 23, 28, 23, 0, 0, 0, 0, 33]","""[0, 6, 1, 6, 4, 5, 5, 2, 4, 2, 2, 5, 1, 7, 4, 7, 5, 1, 2, 5, 3, 34, 114, 67, 162, 0]"""
j20,1,proactive_quantile_0.9,600,True,41,0.10283994674682617,0.0009794235229492188,"[0, 0, 0, 0, 7, 7, 13, 13, 13, 18, 19, 22, 19, 13, 21, 19, 30, 22, 30, 36, 30, 0, 0, 0, 0, 162]","""[0, 5, 2, 6, 6, 4, 4, 1, 6, 2, 2, 6, 1, 7, 1, 9, 4, 2, 1, 4, 2, 34, 114, 67, 162, 0]"""
j20,1,reactive,600,False,inf,inf,inf,null,"[0, 5, 2, 6, 6, 4, 4, 1, 6, 2, 2, 6, 1, 7, 1, 9, 4, 2, 1, 4, 2, 34, 114, 67, 162, 0]"
j20,1,stnu,600,True,35,0.9750983715057373,0.02633190155029297,"[0, 0, 0, 0, 6, 6, 12, 12, 12, 18, 18, 20, 18, 10, 19, 18, 27, 20, 27, 31, 27, 0, 0, 0, 0, 35]","""[0, 5, 2, 6, 6, 4, 4, 1, 6, 2, 2, 6, 1, 7, 1, 9, 4, 2, 1, 4, 2, 34, 114, 67, 162, 0]"""
j20,1,proactive_quantile_0.9,600,True,41,0.1146550178527832,0.000982522964477539,"[0, 0, 0, 0, 7, 7, 13, 13, 13, 18, 19, 22, 19, 13, 21, 19, 30, 22, 30, 36, 30, 0, 0, 0, 0, 162]","""[0, 4, 1, 6, 2, 6, 3, 1, 3, 4, 2, 5, 1, 7, 2, 10, 5, 2, 3, 6, 2, 34, 114, 67, 162, 0]"""
j20,1,reactive,600,True,42,0.1146550178527832,0.38088369369506836,"[0, 0, 0, 0, 7, 7, 13, 13, 13, 18, 19, 22, 19, 13, 21, 19, 30, 22, 30, 36, 30, 0, 0, 0, 0, 42]","[0, 4, 1, 6, 2, 6, 3, 1, 3, 4, 2, 5, 1, 7, 2, 10, 5, 2, 3, 6, 2, 34, 114, 67, 162, 0]"
j20,1,stnu,600,True,36,0.7796163558959961,0.02605271339416504,"[0, 0, 0, 0, 6, 6, 12, 12, 12, 15, 15, 19, 15, 12, 16, 15, 25, 19, 25, 30, 25, 0, 0, 0, 0, 36]","""[0, 4, 1, 6, 2, 6, 3, 1, 3, 4, 2, 5, 1, 7, 2, 10, 5, 2, 3, 6, 2, 34, 114, 67, 162, 0]"""
j20,1,proactive_quantile_0.9,600,True,41,0.1873779296875,0.0010046958923339844,"[0, 0, 0, 0, 7, 7, 13, 13, 13, 18, 19, 22, 19, 13, 21, 19, 30, 22, 30, 36, 30, 0, 0, 0, 0, 162]","""[0, 7, 2, 5, 4, 3, 3, 2, 4, 2, 2, 4, 1, 7, 2, 8, 5, 1, 3, 3, 3, 34, 114, 67, 162, 0]"""
j20,1,reactive,600,True,39,0.1873779296875,0.4276888370513916,"[0, 0, 0, 0, 7, 7, 13, 13, 13, 18, 19, 22, 19, 13, 21, 19, 30, 22, 30, 36, 30, 0, 0, 0, 0, 39]","[0, 7, 2, 5, 4, 3, 3, 2, 4, 2, 2, 4, 1, 7, 2, 8, 5, 1, 3, 3, 3, 34, 114, 67, 162, 0]"
j20,1,stnu,600,True,52,1.0628092288970947,0.026714324951171875,"[0, 0, 0, 0, 7, 7, 15, 15, 15, 23, 24, 28, 24, 15, 31, 24, 39, 28, 39, 46, 32, 0, 0, 0, 0, 52]","""[0, 7, 6, 5, 4, 8, 9, 8, 6, 4, 4, 4, 1, 8, 8, 7, 7, 1, 7, 6, 5, 34, 114, 67, 162, 0]"""
j20,1,proactive_quantile_0.9,600,True,41,0.07175588607788086,0.000980377197265625,"[0, 0, 0, 0, 7, 7, 13, 13, 13, 18, 19, 22, 19, 13, 21, 19, 30, 22, 30, 36, 30, 0, 0, 0, 0, 162]","""[0, 5, 2, 4, 4, 5, 5, 1, 4, 1, 3, 6, 2, 7, 3, 11, 3, 1, 3, 4, 2, 34, 114, 67, 162, 0]"""
j20,1,reactive,600,True,40,0.07175588607788086,0.3361785411834717,"[0, 0, 0, 0, 7, 7, 13, 13, 13, 18, 19, 22, 19, 13, 21, 19, 30, 22, 30, 36, 30, 0, 0, 0, 0, 40]","[0, 5, 2, 4, 4, 5, 5, 1, 4, 1, 3, 6, 2, 7, 3, 11, 3, 1, 3, 4, 2, 34, 114, 67, 162, 0]"
j20,1,stnu,600,True,33,0.9368016719818115,0.025725126266479492,"[0, 0, 0, 0, 5, 5, 10, 10, 10, 14, 15, 18, 15, 10, 17, 15, 26, 18, 26, 29, 26, 0, 0, 0, 0, 33]","""[0, 5, 2, 4, 4, 5, 5, 1, 4, 1, 3, 6, 2, 7, 3, 11, 3, 1, 3, 4, 2, 34, 114, 67, 162, 0]"""
j20,1,proactive_quantile_0.9,600,True,41,0.11247873306274414,0.00093841552734375,"[0, 0, 0, 0, 7, 7, 13, 13, 13, 18, 19, 22, 19, 13, 21, 19, 30, 22, 30, 36, 30, 0, 0, 0, 0, 162]","""[0, 5, 1, 6, 3, 4, 4, 1, 3, 4, 2, 7, 1, 7, 2, 9, 4, 2, 1, 5, 1, 34, 114, 67, 162, 0]"""
j20,1,reactive,600,True,39,0.11247873306274414,0.39685797691345215,"[0, 0, 0, 0, 7, 7, 13, 13, 13, 18, 19, 22, 19, 13, 21, 19, 30, 22, 30, 34, 30, 0, 0, 0, 0, 39]","[0, 5, 1, 6, 3, 4, 4, 1, 3, 4, 2, 7, 1, 7, 2, 9, 4, 2, 1, 5, 1, 34, 114, 67, 162, 0]"
j20,1,stnu,600,True,33,0.9682552814483643,0.02596449851989746,"[0, 0, 0, 0, 6, 6, 10, 10, 10, 13, 14, 17, 14, 10, 15, 14, 24, 17, 24, 28, 24, 0, 0, 0, 0, 33]","""[0, 5, 1, 6, 3, 4, 4, 1, 3, 4, 2, 7, 1, 7, 2, 9, 4, 2, 1, 5, 1, 34, 114, 67, 162, 0]"""
j20,1,proactive_quantile_0.9,600,True,58,0.13350892066955566,0.0010342597961425781,"[0, 0, 0, 0, 8, 7, 14, 14, 14, 22, 25, 29, 25, 14, 34, 25, 42, 29, 42, 49, 37, 0, 0, 0, 0, 162]","""[0, 6, 6, 4, 4, 5, 9, 7, 4, 4, 3, 7, 3, 7, 5, 8, 7, 2, 8, 9, 5, 34, 114, 67, 162, 0]"""
j20,1,reactive,600,True,55,0.13350892066955566,0.5430216789245605,"[0, 0, 0, 0, 8, 7, 14, 14, 14, 22, 25, 29, 25, 14, 34, 25, 39, 29, 42, 46, 37, 0, 0, 0, 0, 55]","[0, 6, 6, 4, 4, 5, 9, 7, 4, 4, 3, 7, 3, 7, 5, 8, 7, 2, 8, 9, 5, 34, 114, 67, 162, 0]"
j20,1,stnu,600,True,51,0.8692092895507812,0.027100324630737305,"[0, 0, 0, 0, 6, 6, 11, 11, 11, 18, 20, 23, 20, 11, 28, 20, 35, 23, 35, 42, 30, 0, 0, 0, 0, 51]","""[0, 6, 6, 4, 4, 5, 9, 7, 4, 4, 3, 7, 3, 7, 5, 8, 7, 2, 8, 9, 5, 34, 114, 67, 162, 0]"""
j20,1,proactive_quantile_0.9,600,True,41,0.10931253433227539,0.0010254383087158203,"[0, 0, 0, 0, 7, 7, 13, 13, 13, 18, 19, 22, 19, 13, 21, 19, 30, 22, 30, 36, 30, 0, 0, 0, 0, 162]","""[0, 7, 1, 6, 4, 4, 4, 2, 4, 1, 2, 5, 2, 8, 4, 7, 4, 1, 2, 3, 1, 34, 114, 67, 162, 0]"""
j20,1,reactive,600,True,37,0.10931253433227539,0.3256862163543701,"[0, 0, 0, 0, 7, 7, 13, 13, 13, 18, 19, 22, 19, 13, 21, 19, 30, 22, 30, 34, 30, 0, 0, 0, 0, 37]","[0, 7, 1, 6, 4, 4, 4, 2, 4, 1, 2, 5, 2, 8, 4, 7, 4, 1, 2, 3, 1, 34, 114, 67, 162, 0]"
j20,1,stnu,600,True,49,0.7836508750915527,0.027007102966308594,"[0, 0, 0, 0, 7, 7, 13, 13, 13, 20, 22, 24, 22, 13, 30, 22, 36, 24, 36, 42, 30, 0, 0, 0, 0, 49]","""[0, 7, 7, 6, 4, 6, 9, 7, 7, 4, 2, 6, 2, 6, 6, 8, 6, 1, 7, 7, 2, 34, 114, 67, 162, 0]"""
j20,1,proactive_quantile_0.9,600,True,41,0.11873602867126465,0.0010342597961425781,"[0, 0, 0, 0, 7, 7, 13, 13, 13, 18, 19, 22, 19, 13, 21, 19, 30, 22, 30, 36, 30, 0, 0, 0, 0, 162]","""[0, 7, 2, 6, 5, 3, 6, 2, 5, 4, 2, 6, 2, 8, 3, 9, 5, 1, 2, 6, 2, 34, 114, 67, 162, 0]"""
j20,1,reactive,600,True,42,0.11873602867126465,0.26758861541748047,"[0, 0, 0, 0, 7, 7, 13, 13, 13, 18, 19, 22, 19, 13, 21, 19, 30, 22, 30, 36, 30, 0, 0, 0, 0, 42]","[0, 7, 2, 6, 5, 3, 6, 2, 5, 4, 2, 6, 2, 8, 3, 9, 5, 1, 2, 6, 2, 34, 114, 67, 162, 0]"
j20,1,stnu,600,True,50,0.9010534286499023,0.027470827102661133,"[0, 0, 0, 0, 6, 6, 12, 12, 12, 18, 21, 25, 21, 12, 30, 21, 36, 25, 36, 42, 31, 0, 0, 0, 0, 50]","""[0, 6, 6, 6, 5, 6, 9, 6, 5, 4, 3, 6, 4, 7, 6, 9, 6, 3, 8, 8, 4, 34, 114, 67, 162, 0]"""
j20,1,proactive_quantile_0.9,600,True,29,0.17655491828918457,0.003544330596923828,"[0, 0, 0, 0, 2, 7, 7, 9, 2, 9, 7, 9, 11, 9, 15, 13, 21, 21, 13, 24, 25, 0, 0, 0, 0, 0, 0, 0, 0, 0, 0, 0, 0, 0, 0, 0, 0, 0, 0, 0, 0, 168]","""[0, 2, 6, 2, 3, 2, 2, 2, 2, 1, 4, 1, 2, 3, 6, 7, 2, 3, 4, 2, 2, 71, 113, 22, 71, 161, 168, 100, 159, 126, 90, 26, 78, 23, 150, 122, 124, 78, 25, 55, 45, 0]"""
j20,1,reactive,600,True,27,0.17655491828918457,0.28290367126464844,"[0, 0, 0, 0, 2, 7, 7, 9, 2, 9, 7, 9, 11, 9, 15, 13, 21, 21, 13, 24, 25, 0, 0, 0, 0, 0, 0, 0, 0, 0, 0, 0, 0, 0, 0, 0, 0, 0, 0, 0, 0, 27]","[0, 2, 6, 2, 3, 2, 2, 2, 2, 1, 4, 1, 2, 3, 6, 7, 2, 3, 4, 2, 2, 71, 113, 22, 71, 161, 168, 100, 159, 126, 90, 26, 78, 23, 150, 122, 124, 78, 25, 55, 45, 0]"
j20,1,stnu,600,False,inf,0.9540293216705322,inf,[],"""[0, 3, 8, 2, 3, 6, 4, 7, 2, 7, 4, 6, 2, 6, 10, 8, 2, 7, 6, 4, 4, 71, 113, 22, 71, 161, 168, 100, 159, 126, 90, 26, 78, 23, 150, 122, 124, 78, 25, 55, 45, 0]"""
j20,1,proactive_quantile_0.9,600,True,29,0.17856144905090332,0.0033621788024902344,"[0, 0, 0, 0, 2, 7, 7, 9, 2, 9, 7, 9, 11, 9, 15, 13, 21, 21, 13, 24, 25, 0, 0, 0, 0, 0, 0, 0, 0, 0, 0, 0, 0, 0, 0, 0, 0, 0, 0, 0, 0, 168]","""[0, 2, 5, 1, 4, 2, 2, 2, 3, 2, 4, 1, 4, 2, 9, 7, 2, 2, 4, 1, 1, 71, 113, 22, 71, 161, 168, 100, 159, 126, 90, 26, 78, 23, 150, 122, 124, 78, 25, 55, 45, 0]"""
j20,1,reactive,600,True,25,0.17856144905090332,0.26548027992248535,"[0, 0, 0, 0, 2, 7, 7, 9, 2, 9, 7, 9, 11, 9, 15, 13, 21, 21, 13, 24, 24, 0, 0, 0, 0, 0, 0, 0, 0, 0, 0, 0, 0, 0, 0, 0, 0, 0, 0, 0, 0, 25]","[0, 2, 5, 1, 4, 2, 2, 2, 3, 2, 4, 1, 4, 2, 9, 7, 2, 2, 4, 1, 1, 71, 113, 22, 71, 161, 168, 100, 159, 126, 90, 26, 78, 23, 150, 122, 124, 78, 25, 55, 45, 0]"
j20,1,stnu,600,True,23,0.9130749702453613,0.06661462783813477,"[0, 0, 0, 0, 2, 6, 6, 8, 2, 8, 8, 8, 10, 8, 14, 10, 17, 17, 14, 21, 21, 0, 0, 0, 0, 0, 0, 0, 0, 0, 0, 0, 0, 0, 0, 0, 0, 0, 0, 0, 0, 23]","""[0, 2, 5, 1, 4, 2, 2, 2, 3, 2, 4, 1, 4, 2, 7, 7, 2, 2, 4, 2, 1, 71, 113, 22, 71, 161, 168, 100, 159, 126, 90, 26, 78, 23, 150, 122, 124, 78, 25, 55, 45, 0]"""
j20,1,proactive_quantile_0.9,600,True,29,0.15396404266357422,0.0032606124877929688,"[0, 0, 0, 0, 2, 7, 7, 9, 2, 9, 7, 9, 11, 9, 15, 13, 21, 21, 13, 24, 25, 0, 0, 0, 0, 0, 0, 0, 0, 0, 0, 0, 0, 0, 0, 0, 0, 0, 0, 0, 0, 168]","""[0, 1, 6, 2, 4, 2, 1, 2, 2, 1, 5, 2, 2, 1, 6, 7, 3, 3, 6, 2, 1, 71, 113, 22, 71, 161, 168, 100, 159, 126, 90, 26, 78, 23, 150, 122, 124, 78, 25, 55, 45, 0]"""
j20,1,reactive,600,True,26,0.15396404266357422,0.27936339378356934,"[0, 0, 0, 0, 2, 7, 7, 9, 2, 9, 7, 9, 11, 9, 15, 13, 21, 21, 13, 24, 25, 0, 0, 0, 0, 0, 0, 0, 0, 0, 0, 0, 0, 0, 0, 0, 0, 0, 0, 0, 0, 26]","[0, 1, 6, 2, 4, 2, 1, 2, 2, 1, 5, 2, 2, 1, 6, 7, 3, 3, 6, 2, 1, 71, 113, 22, 71, 161, 168, 100, 159, 126, 90, 26, 78, 23, 150, 122, 124, 78, 25, 55, 45, 0]"
j20,1,stnu,600,False,inf,0.6965138912200928,inf,[],"""[0, 3, 6, 1, 4, 6, 6, 7, 2, 6, 5, 6, 2, 5, 8, 6, 3, 6, 7, 4, 6, 71, 113, 22, 71, 161, 168, 100, 159, 126, 90, 26, 78, 23, 150, 122, 124, 78, 25, 55, 45, 0]"""
j20,1,proactive_quantile_0.9,600,True,29,0.06958198547363281,0.0032532215118408203,"[0, 0, 0, 0, 2, 7, 7, 9, 2, 9, 7, 9, 11, 9, 15, 13, 21, 21, 13, 24, 25, 0, 0, 0, 0, 0, 0, 0, 0, 0, 0, 0, 0, 0, 0, 0, 0, 0, 0, 0, 0, 168]","""[0, 1, 4, 1, 3, 1, 1, 2, 2, 2, 4, 1, 3, 2, 6, 9, 2, 2, 4, 3, 2, 71, 113, 22, 71, 161, 168, 100, 159, 126, 90, 26, 78, 23, 150, 122, 124, 78, 25, 55, 45, 0]"""
j20,1,reactive,600,False,inf,inf,inf,null,"[0, 1, 4, 1, 3, 1, 1, 2, 2, 2, 4, 1, 3, 2, 6, 9, 2, 2, 4, 3, 2, 71, 113, 22, 71, 161, 168, 100, 159, 126, 90, 26, 78, 23, 150, 122, 124, 78, 25, 55, 45, 0]"
j20,1,stnu,600,True,20,1.160064697265625,0.06575655937194824,"[0, 0, 0, 0, 1, 4, 4, 5, 1, 5, 5, 5, 6, 5, 9, 7, 16, 16, 9, 18, 18, 0, 0, 0, 0, 0, 0, 0, 0, 0, 0, 0, 0, 0, 0, 0, 0, 0, 0, 0, 0, 20]","""[0, 1, 4, 1, 3, 1, 1, 2, 2, 1, 4, 1, 3, 2, 6, 9, 2, 2, 4, 2, 2, 71, 113, 22, 71, 161, 168, 100, 159, 126, 90, 26, 78, 23, 150, 122, 124, 78, 25, 55, 45, 0]"""
j20,1,proactive_quantile_0.9,600,True,43,0.09137916564941406,0.003223896026611328,"[0, 0, 0, 0, 3, 8, 8, 13, 3, 14, 8, 13, 20, 14, 24, 21, 30, 30, 15, 37, 37, 0, 0, 0, 0, 0, 0, 0, 0, 0, 0, 0, 0, 0, 0, 0, 0, 0, 0, 0, 0, 168]","""[0, 1, 5, 1, 5, 4, 3, 7, 1, 6, 4, 7, 2, 7, 10, 7, 3, 7, 6, 6, 5, 71, 113, 22, 71, 161, 168, 100, 159, 126, 90, 26, 78, 23, 150, 122, 124, 78, 25, 55, 45, 0]"""
j20,1,reactive,600,True,43,0.09137916564941406,0.27487730979919434,"[0, 0, 0, 0, 3, 8, 8, 13, 3, 14, 8, 13, 20, 14, 24, 21, 30, 30, 15, 37, 37, 0, 0, 0, 0, 0, 0, 0, 0, 0, 0, 0, 0, 0, 0, 0, 0, 0, 0, 0, 0, 43]","[0, 1, 5, 1, 5, 4, 3, 7, 1, 6, 4, 7, 2, 7, 10, 7, 3, 7, 6, 6, 5, 71, 113, 22, 71, 161, 168, 100, 159, 126, 90, 26, 78, 23, 150, 122, 124, 78, 25, 55, 45, 0]"
j20,1,stnu,600,False,inf,0.7251672744750977,inf,[],"""[0, 1, 5, 1, 5, 4, 3, 7, 1, 6, 4, 7, 2, 7, 10, 7, 3, 7, 6, 6, 5, 71, 113, 22, 71, 161, 168, 100, 159, 126, 90, 26, 78, 23, 150, 122, 124, 78, 25, 55, 45, 0]"""
j20,1,proactive_quantile_0.9,600,True,29,0.15662217140197754,0.003117799758911133,"[0, 0, 0, 0, 2, 7, 7, 9, 2, 9, 7, 9, 11, 9, 15, 13, 21, 21, 13, 24, 25, 0, 0, 0, 0, 0, 0, 0, 0, 0, 0, 0, 0, 0, 0, 0, 0, 0, 0, 0, 0, 168]","""[0, 2, 7, 1, 4, 1, 1, 3, 2, 2, 4, 2, 1, 2, 5, 4, 2, 3, 5, 1, 2, 71, 113, 22, 71, 161, 168, 100, 159, 126, 90, 26, 78, 23, 150, 122, 124, 78, 25, 55, 45, 0]"""
j20,1,reactive,600,True,27,0.15662217140197754,0.2589852809906006,"[0, 0, 0, 0, 2, 7, 7, 9, 2, 9, 7, 9, 11, 9, 15, 13, 21, 21, 13, 24, 25, 0, 0, 0, 0, 0, 0, 0, 0, 0, 0, 0, 0, 0, 0, 0, 0, 0, 0, 0, 0, 27]","[0, 2, 7, 1, 4, 1, 1, 3, 2, 2, 4, 2, 1, 2, 5, 4, 2, 3, 5, 1, 2, 71, 113, 22, 71, 161, 168, 100, 159, 126, 90, 26, 78, 23, 150, 122, 124, 78, 25, 55, 45, 0]"
j20,1,stnu,600,False,inf,0.7030823230743408,inf,[],"""[0, 2, 6, 2, 4, 4, 5, 6, 2, 6, 5, 5, 1, 5, 9, 9, 2, 3, 6, 5, 4, 71, 113, 22, 71, 161, 168, 100, 159, 126, 90, 26, 78, 23, 150, 122, 124, 78, 25, 55, 45, 0]"""
j20,1,proactive_quantile_0.9,600,True,29,0.09427833557128906,0.0035867691040039062,"[0, 0, 0, 0, 2, 7, 7, 9, 2, 9, 7, 9, 11, 9, 15, 13, 21, 21, 13, 24, 25, 0, 0, 0, 0, 0, 0, 0, 0, 0, 0, 0, 0, 0, 0, 0, 0, 0, 0, 0, 0, 168]","""[0, 1, 4, 1, 5, 1, 2, 1, 3, 1, 4, 2, 3, 1, 6, 6, 4, 2, 5, 2, 3, 71, 113, 22, 71, 161, 168, 100, 159, 126, 90, 26, 78, 23, 150, 122, 124, 78, 25, 55, 45, 0]"""
j20,1,reactive,600,True,28,0.09427833557128906,0.35444045066833496,"[0, 0, 0, 0, 2, 7, 7, 9, 2, 9, 7, 9, 11, 9, 15, 13, 21, 21, 13, 24, 25, 0, 0, 0, 0, 0, 0, 0, 0, 0, 0, 0, 0, 0, 0, 0, 0, 0, 0, 0, 0, 28]","[0, 1, 4, 1, 5, 1, 2, 1, 3, 1, 4, 2, 3, 1, 6, 6, 4, 2, 5, 2, 3, 71, 113, 22, 71, 161, 168, 100, 159, 126, 90, 26, 78, 23, 150, 122, 124, 78, 25, 55, 45, 0]"
j20,1,stnu,600,True,23,1.086472988128662,0.06797122955322266,"[0, 0, 0, 0, 1, 6, 6, 8, 1, 8, 8, 8, 10, 8, 13, 10, 16, 16, 13, 18, 20, 0, 0, 0, 0, 0, 0, 0, 0, 0, 0, 0, 0, 0, 0, 0, 0, 0, 0, 0, 0, 23]","""[0, 1, 4, 1, 5, 1, 2, 1, 3, 1, 4, 2, 3, 1, 5, 6, 4, 2, 5, 1, 3, 71, 113, 22, 71, 161, 168, 100, 159, 126, 90, 26, 78, 23, 150, 122, 124, 78, 25, 55, 45, 0]"""
j20,1,proactive_quantile_0.9,600,True,43,0.10363149642944336,0.0034542083740234375,"[0, 0, 0, 0, 3, 8, 8, 13, 3, 14, 8, 13, 20, 14, 24, 21, 30, 30, 15, 37, 37, 0, 0, 0, 0, 0, 0, 0, 0, 0, 0, 0, 0, 0, 0, 0, 0, 0, 0, 0, 0, 168]","""[0, 3, 6, 2, 5, 6, 3, 7, 1, 7, 7, 5, 3, 5, 11, 9, 1, 4, 5, 4, 5, 71, 113, 22, 71, 161, 168, 100, 159, 126, 90, 26, 78, 23, 150, 122, 124, 78, 25, 55, 45, 0]"""
j20,1,reactive,600,True,42,0.10363149642944336,0.23611974716186523,"[0, 0, 0, 0, 3, 8, 8, 13, 3, 14, 8, 13, 20, 14, 24, 21, 30, 30, 15, 37, 37, 0, 0, 0, 0, 0, 0, 0, 0, 0, 0, 0, 0, 0, 0, 0, 0, 0, 0, 0, 0, 42]","[0, 3, 6, 2, 5, 6, 3, 7, 1, 7, 7, 5, 3, 5, 11, 9, 1, 4, 5, 4, 5, 71, 113, 22, 71, 161, 168, 100, 159, 126, 90, 26, 78, 23, 150, 122, 124, 78, 25, 55, 45, 0]"
j20,1,stnu,600,True,25,1.2010447978973389,0.06898331642150879,"[0, 0, 0, 0, 2, 7, 7, 9, 2, 9, 9, 8, 11, 9, 14, 12, 19, 19, 14, 22, 22, 0, 0, 0, 0, 0, 0, 0, 0, 0, 0, 0, 0, 0, 0, 0, 0, 0, 0, 0, 0, 25]","""[0, 2, 5, 1, 5, 2, 1, 3, 1, 2, 5, 2, 3, 1, 6, 7, 1, 3, 4, 2, 3, 71, 113, 22, 71, 161, 168, 100, 159, 126, 90, 26, 78, 23, 150, 122, 124, 78, 25, 55, 45, 0]"""
j20,1,proactive_quantile_0.9,600,True,29,0.18520259857177734,0.0032880306243896484,"[0, 0, 0, 0, 2, 7, 7, 9, 2, 9, 7, 9, 11, 9, 15, 13, 21, 21, 13, 24, 25, 0, 0, 0, 0, 0, 0, 0, 0, 0, 0, 0, 0, 0, 0, 0, 0, 0, 0, 0, 0, 168]","""[0, 1, 6, 1, 5, 1, 2, 2, 2, 2, 3, 1, 3, 2, 7, 4, 2, 2, 5, 2, 2, 71, 113, 22, 71, 161, 168, 100, 159, 126, 90, 26, 78, 23, 150, 122, 124, 78, 25, 55, 45, 0]"""
j20,1,reactive,600,True,26,0.18520259857177734,0.33646130561828613,"[0, 0, 0, 0, 2, 7, 7, 9, 2, 9, 7, 9, 11, 9, 15, 13, 21, 21, 13, 24, 23, 0, 0, 0, 0, 0, 0, 0, 0, 0, 0, 0, 0, 0, 0, 0, 0, 0, 0, 0, 0, 26]","[0, 1, 6, 1, 5, 1, 2, 2, 2, 2, 3, 1, 3, 2, 7, 4, 2, 2, 5, 2, 2, 71, 113, 22, 71, 161, 168, 100, 159, 126, 90, 26, 78, 23, 150, 122, 124, 78, 25, 55, 45, 0]"
j20,1,stnu,600,False,inf,1.0577633380889893,inf,[],"""[0, 1, 6, 1, 5, 1, 2, 8, 2, 1, 3, 1, 8, 2, 11, 4, 2, 6, 5, 2, 3, 71, 113, 22, 71, 161, 168, 100, 159, 126, 90, 26, 78, 23, 150, 122, 124, 78, 25, 55, 45, 0]"""
j20,1,proactive_quantile_0.9,600,True,29,0.17430925369262695,0.0033559799194335938,"[0, 0, 0, 0, 2, 7, 7, 9, 2, 9, 7, 9, 11, 9, 15, 13, 21, 21, 13, 24, 25, 0, 0, 0, 0, 0, 0, 0, 0, 0, 0, 0, 0, 0, 0, 0, 0, 0, 0, 0, 0, 168]","""[0, 2, 7, 2, 3, 1, 2, 2, 3, 1, 4, 1, 2, 4, 7, 7, 2, 2, 5, 2, 3, 71, 113, 22, 71, 161, 168, 100, 159, 126, 90, 26, 78, 23, 150, 122, 124, 78, 25, 55, 45, 0]"""
j20,1,reactive,600,True,28,0.17430925369262695,0.308168888092041,"[0, 0, 0, 0, 2, 7, 7, 9, 2, 9, 7, 9, 11, 9, 15, 13, 21, 21, 13, 24, 25, 0, 0, 0, 0, 0, 0, 0, 0, 0, 0, 0, 0, 0, 0, 0, 0, 0, 0, 0, 0, 28]","[0, 2, 7, 2, 3, 1, 2, 2, 3, 1, 4, 1, 2, 4, 7, 7, 2, 2, 5, 2, 3, 71, 113, 22, 71, 161, 168, 100, 159, 126, 90, 26, 78, 23, 150, 122, 124, 78, 25, 55, 45, 0]"
j20,1,stnu,600,False,inf,0.8360240459442139,inf,[],"""[0, 3, 7, 3, 3, 4, 6, 5, 3, 6, 5, 7, 2, 4, 8, 8, 2, 7, 9, 4, 4, 71, 113, 22, 71, 161, 168, 100, 159, 126, 90, 26, 78, 23, 150, 122, 124, 78, 25, 55, 45, 0]"""
j20,1,proactive_quantile_0.9,600,True,32,0.12760663032531738,0.0026650428771972656,"[0, 0, 0, 0, 7, 5, 7, 10, 9, 12, 12, 15, 17, 17, 22, 21, 16, 20, 29, 29, 22, 0, 0, 0, 0, 0, 0, 0, 0, 0, 0, 0, 0, 0, 0, 0, 0, 0, 0, 0, 0, 148]","""[0, 1, 3, 4, 2, 1, 3, 6, 1, 1, 1, 2, 3, 5, 1, 5, 2, 2, 1, 2, 5, 36, 139, 52, 9, 7, 64, 53, 139, 73, 76, 42, 81, 137, 148, 32, 22, 48, 81, 82, 66, 0]"""
j20,1,reactive,600,True,28,0.12760663032531738,0.3399810791015625,"[0, 0, 0, 0, 7, 5, 7, 10, 9, 12, 12, 15, 17, 17, 22, 21, 16, 20, 26, 26, 22, 0, 0, 0, 0, 0, 0, 0, 0, 0, 0, 0, 0, 0, 0, 0, 0, 0, 0, 0, 0, 28]","[0, 1, 3, 4, 2, 1, 3, 6, 1, 1, 1, 2, 3, 5, 1, 5, 2, 2, 1, 2, 5, 36, 139, 52, 9, 7, 64, 53, 139, 73, 76, 42, 81, 137, 148, 32, 22, 48, 81, 82, 66, 0]"
j20,1,stnu,600,False,inf,1.202782154083252,inf,[],"""[0, 1, 3, 4, 2, 1, 3, 6, 1, 1, 1, 2, 3, 5, 1, 5, 4, 2, 1, 1, 5, 36, 139, 52, 9, 7, 64, 53, 139, 73, 76, 42, 81, 137, 148, 32, 22, 48, 81, 82, 66, 0]"""
j20,1,proactive_quantile_0.9,600,True,32,0.1133260726928711,0.0026595592498779297,"[0, 0, 0, 0, 7, 5, 7, 10, 9, 12, 12, 15, 17, 17, 22, 21, 16, 20, 29, 29, 22, 0, 0, 0, 0, 0, 0, 0, 0, 0, 0, 0, 0, 0, 0, 0, 0, 0, 0, 0, 0, 148]","""[0, 3, 5, 5, 1, 1, 2, 5, 3, 3, 1, 1, 1, 4, 1, 7, 2, 1, 2, 2, 5, 36, 139, 52, 9, 7, 64, 53, 139, 73, 76, 42, 81, 137, 148, 32, 22, 48, 81, 82, 66, 0]"""
j20,1,reactive,600,True,31,0.1133260726928711,0.36876964569091797,"[0, 0, 0, 0, 7, 5, 7, 10, 9, 12, 12, 15, 17, 17, 22, 21, 16, 20, 29, 29, 22, 0, 0, 0, 0, 0, 0, 0, 0, 0, 0, 0, 0, 0, 0, 0, 0, 0, 0, 0, 0, 31]","[0, 3, 5, 5, 1, 1, 2, 5, 3, 3, 1, 1, 1, 4, 1, 7, 2, 1, 2, 2, 5, 36, 139, 52, 9, 7, 64, 53, 139, 73, 76, 42, 81, 137, 148, 32, 22, 48, 81, 82, 66, 0]"
j20,1,stnu,600,False,inf,0.8964755535125732,inf,[],"""[0, 3, 5, 5, 1, 1, 2, 5, 3, 3, 1, 1, 1, 4, 1, 7, 1, 1, 2, 1, 5, 36, 139, 52, 9, 7, 64, 53, 139, 73, 76, 42, 81, 137, 148, 32, 22, 48, 81, 82, 66, 0]"""
j20,1,proactive_quantile_0.9,600,True,32,0.09313559532165527,0.0026464462280273438,"[0, 0, 0, 0, 7, 5, 7, 10, 9, 12, 12, 15, 17, 17, 22, 21, 16, 20, 29, 29, 22, 0, 0, 0, 0, 0, 0, 0, 0, 0, 0, 0, 0, 0, 0, 0, 0, 0, 0, 0, 0, 148]","""[0, 2, 6, 2, 1, 2, 2, 4, 2, 3, 2, 2, 3, 2, 2, 4, 3, 2, 3, 2, 2, 36, 139, 52, 9, 7, 64, 53, 139, 73, 76, 42, 81, 137, 148, 32, 22, 48, 81, 82, 66, 0]"""
j20,1,reactive,600,True,28,0.09313559532165527,0.31912803649902344,"[0, 0, 0, 0, 7, 5, 7, 10, 9, 12, 12, 15, 17, 17, 22, 21, 16, 20, 25, 25, 22, 0, 0, 0, 0, 0, 0, 0, 0, 0, 0, 0, 0, 0, 0, 0, 0, 0, 0, 0, 0, 28]","[0, 2, 6, 2, 1, 2, 2, 4, 2, 3, 2, 2, 3, 2, 2, 4, 3, 2, 3, 2, 2, 36, 139, 52, 9, 7, 64, 53, 139, 73, 76, 42, 81, 137, 148, 32, 22, 48, 81, 82, 66, 0]"
j20,1,stnu,600,False,inf,0.74324631690979,inf,[],"""[0, 7, 8, 2, 1, 2, 2, 4, 2, 3, 5, 1, 7, 7, 1, 9, 6, 5, 6, 4, 6, 36, 139, 52, 9, 7, 64, 53, 139, 73, 76, 42, 81, 137, 148, 32, 22, 48, 81, 82, 66, 0]"""
j20,1,proactive_quantile_0.9,600,True,32,0.09757733345031738,0.002613067626953125,"[0, 0, 0, 0, 7, 5, 7, 10, 9, 12, 12, 15, 17, 17, 22, 21, 16, 20, 29, 29, 22, 0, 0, 0, 0, 0, 0, 0, 0, 0, 0, 0, 0, 0, 0, 0, 0, 0, 0, 0, 0, 148]","""[0, 1, 5, 4, 1, 2, 2, 5, 1, 3, 1, 2, 4, 4, 2, 7, 3, 1, 1, 2, 3, 36, 139, 52, 9, 7, 64, 53, 139, 73, 76, 42, 81, 137, 148, 32, 22, 48, 81, 82, 66, 0]"""
j20,1,reactive,600,True,30,0.09757733345031738,0.3487281799316406,"[0, 0, 0, 0, 7, 5, 7, 10, 9, 12, 12, 15, 17, 17, 22, 21, 16, 20, 28, 28, 22, 0, 0, 0, 0, 0, 0, 0, 0, 0, 0, 0, 0, 0, 0, 0, 0, 0, 0, 0, 0, 30]","[0, 1, 5, 4, 1, 2, 2, 5, 1, 3, 1, 2, 4, 4, 2, 7, 3, 1, 1, 2, 3, 36, 139, 52, 9, 7, 64, 53, 139, 73, 76, 42, 81, 137, 148, 32, 22, 48, 81, 82, 66, 0]"
j20,1,stnu,600,False,inf,0.8075473308563232,inf,[],"""[0, 3, 6, 4, 1, 3, 2, 5, 1, 3, 2, 3, 5, 7, 1, 8, 4, 5, 5, 5, 4, 36, 139, 52, 9, 7, 64, 53, 139, 73, 76, 42, 81, 137, 148, 32, 22, 48, 81, 82, 66, 0]"""
j20,1,proactive_quantile_0.9,600,False,inf,0.09065103530883789,inf,"[0, 0, 0, 0, 7, 5, 7, 10, 9, 12, 12, 15, 17, 19, 27, 23, 16, 22, 32, 32, 27, 0, 0, 0, 0, 0, 0, 0, 0, 0, 0, 0, 0, 0, 0, 0, 0, 0, 0, 0, 0, 148]","""[0, 4, 7, 4, 1, 1, 1, 5, 1, 3, 2, 3, 4, 6, 2, 8, 7, 6, 7, 4, 6, 36, 139, 52, 9, 7, 64, 53, 139, 73, 76, 42, 81, 137, 148, 32, 22, 48, 81, 82, 66, 0]"""
j20,1,reactive,600,False,inf,inf,inf,null,"[0, 4, 7, 4, 1, 1, 1, 5, 1, 3, 2, 3, 4, 6, 2, 8, 7, 6, 7, 4, 6, 36, 139, 52, 9, 7, 64, 53, 139, 73, 76, 42, 81, 137, 148, 32, 22, 48, 81, 82, 66, 0]"
j20,1,stnu,600,False,inf,0.9104130268096924,inf,[],"""[0, 2, 7, 4, 1, 1, 1, 5, 1, 3, 2, 2, 2, 5, 2, 6, 3, 1, 1, 2, 4, 36, 139, 52, 9, 7, 64, 53, 139, 73, 76, 42, 81, 137, 148, 32, 22, 48, 81, 82, 66, 0]"""
j20,1,proactive_quantile_0.9,600,True,32,0.09428954124450684,0.0026569366455078125,"[0, 0, 0, 0, 7, 5, 7, 10, 9, 12, 12, 15, 17, 17, 22, 21, 16, 20, 29, 29, 22, 0, 0, 0, 0, 0, 0, 0, 0, 0, 0, 0, 0, 0, 0, 0, 0, 0, 0, 0, 0, 148]","""[0, 1, 6, 4, 2, 2, 1, 4, 2, 3, 2, 2, 3, 4, 1, 6, 1, 1, 3, 1, 4, 36, 139, 52, 9, 7, 64, 53, 139, 73, 76, 42, 81, 137, 148, 32, 22, 48, 81, 82, 66, 0]"""
j20,1,reactive,600,True,30,0.09428954124450684,0.3142063617706299,"[0, 0, 0, 0, 7, 5, 7, 10, 9, 12, 12, 15, 17, 17, 22, 21, 16, 20, 27, 27, 22, 0, 0, 0, 0, 0, 0, 0, 0, 0, 0, 0, 0, 0, 0, 0, 0, 0, 0, 0, 0, 30]","[0, 1, 6, 4, 2, 2, 1, 4, 2, 3, 2, 2, 3, 4, 1, 6, 1, 1, 3, 1, 4, 36, 139, 52, 9, 7, 64, 53, 139, 73, 76, 42, 81, 137, 148, 32, 22, 48, 81, 82, 66, 0]"
j20,1,stnu,600,False,inf,0.690453290939331,inf,[],"""[0, 1, 6, 4, 2, 2, 1, 4, 2, 3, 2, 2, 3, 4, 1, 6, 2, 1, 3, 2, 4, 36, 139, 52, 9, 7, 64, 53, 139, 73, 76, 42, 81, 137, 148, 32, 22, 48, 81, 82, 66, 0]"""
j20,1,proactive_quantile_0.9,600,True,32,0.185746431350708,0.002605915069580078,"[0, 0, 0, 0, 7, 5, 7, 10, 9, 12, 12, 15, 17, 17, 22, 21, 16, 20, 29, 29, 22, 0, 0, 0, 0, 0, 0, 0, 0, 0, 0, 0, 0, 0, 0, 0, 0, 0, 0, 0, 0, 148]","""[0, 2, 5, 3, 2, 2, 2, 5, 2, 2, 2, 2, 2, 3, 1, 8, 3, 2, 1, 2, 3, 36, 139, 52, 9, 7, 64, 53, 139, 73, 76, 42, 81, 137, 148, 32, 22, 48, 81, 82, 66, 0]"""
j20,1,reactive,600,True,31,0.185746431350708,0.26724672317504883,"[0, 0, 0, 0, 7, 5, 7, 10, 9, 12, 12, 15, 17, 17, 22, 21, 16, 20, 29, 29, 22, 0, 0, 0, 0, 0, 0, 0, 0, 0, 0, 0, 0, 0, 0, 0, 0, 0, 0, 0, 0, 31]","[0, 2, 5, 3, 2, 2, 2, 5, 2, 2, 2, 2, 2, 3, 1, 8, 3, 2, 1, 2, 3, 36, 139, 52, 9, 7, 64, 53, 139, 73, 76, 42, 81, 137, 148, 32, 22, 48, 81, 82, 66, 0]"
j20,1,stnu,600,False,inf,0.7276492118835449,inf,[],"""[0, 2, 5, 3, 2, 2, 2, 5, 2, 2, 2, 2, 2, 3, 1, 8, 3, 2, 1, 2, 3, 36, 139, 52, 9, 7, 64, 53, 139, 73, 76, 42, 81, 137, 148, 32, 22, 48, 81, 82, 66, 0]"""
j20,1,proactive_quantile_0.9,600,True,32,0.0932919979095459,0.002519845962524414,"[0, 0, 0, 0, 7, 5, 7, 10, 9, 12, 12, 15, 17, 17, 22, 21, 16, 20, 29, 29, 22, 0, 0, 0, 0, 0, 0, 0, 0, 0, 0, 0, 0, 0, 0, 0, 0, 0, 0, 0, 0, 148]","""[0, 1, 6, 5, 2, 1, 3, 4, 2, 3, 2, 1, 3, 3, 2, 7, 2, 1, 3, 1, 3, 36, 139, 52, 9, 7, 64, 53, 139, 73, 76, 42, 81, 137, 148, 32, 22, 48, 81, 82, 66, 0]"""
j20,1,reactive,600,True,31,0.0932919979095459,0.28245997428894043,"[0, 0, 0, 0, 7, 5, 7, 10, 9, 12, 12, 15, 17, 17, 22, 21, 16, 20, 28, 28, 22, 0, 0, 0, 0, 0, 0, 0, 0, 0, 0, 0, 0, 0, 0, 0, 0, 0, 0, 0, 0, 31]","[0, 1, 6, 5, 2, 1, 3, 4, 2, 3, 2, 1, 3, 3, 2, 7, 2, 1, 3, 1, 3, 36, 139, 52, 9, 7, 64, 53, 139, 73, 76, 42, 81, 137, 148, 32, 22, 48, 81, 82, 66, 0]"
j20,1,stnu,600,False,inf,0.8910412788391113,inf,[],"""[0, 1, 6, 5, 2, 1, 3, 4, 2, 3, 2, 1, 3, 3, 2, 7, 2, 1, 3, 2, 3, 36, 139, 52, 9, 7, 64, 53, 139, 73, 76, 42, 81, 137, 148, 32, 22, 48, 81, 82, 66, 0]"""
j20,1,proactive_quantile_0.9,600,True,32,0.19967126846313477,0.0026335716247558594,"[0, 0, 0, 0, 7, 5, 7, 10, 9, 12, 12, 15, 17, 17, 22, 21, 16, 20, 29, 29, 22, 0, 0, 0, 0, 0, 0, 0, 0, 0, 0, 0, 0, 0, 0, 0, 0, 0, 0, 0, 0, 148]","""[0, 1, 7, 4, 2, 1, 2, 6, 3, 3, 2, 1, 2, 4, 1, 7, 2, 2, 1, 2, 3, 36, 139, 52, 9, 7, 64, 53, 139, 73, 76, 42, 81, 137, 148, 32, 22, 48, 81, 82, 66, 0]"""
j20,1,reactive,600,True,30,0.19967126846313477,0.3254578113555908,"[0, 0, 0, 0, 7, 5, 7, 10, 9, 12, 12, 15, 17, 17, 22, 21, 16, 20, 28, 28, 22, 0, 0, 0, 0, 0, 0, 0, 0, 0, 0, 0, 0, 0, 0, 0, 0, 0, 0, 0, 0, 30]","[0, 1, 7, 4, 2, 1, 2, 6, 3, 3, 2, 1, 2, 4, 1, 7, 2, 2, 1, 2, 3, 36, 139, 52, 9, 7, 64, 53, 139, 73, 76, 42, 81, 137, 148, 32, 22, 48, 81, 82, 66, 0]"
j20,1,stnu,600,False,inf,0.6991047859191895,inf,[],"""[0, 4, 6, 4, 2, 2, 2, 6, 3, 3, 4, 1, 4, 7, 2, 7, 4, 5, 8, 5, 4, 36, 139, 52, 9, 7, 64, 53, 139, 73, 76, 42, 81, 137, 148, 32, 22, 48, 81, 82, 66, 0]"""
j20,1,proactive_quantile_0.9,600,True,40,0.21713876724243164,0.0025169849395751953,"[0, 0, 0, 0, 7, 5, 7, 10, 9, 12, 12, 15, 17, 19, 27, 23, 16, 22, 32, 32, 27, 0, 0, 0, 0, 0, 0, 0, 0, 0, 0, 0, 0, 0, 0, 0, 0, 0, 0, 0, 0, 148]","""[0, 4, 4, 3, 2, 2, 2, 5, 2, 2, 2, 2, 3, 6, 2, 8, 3, 3, 8, 4, 7, 36, 139, 52, 9, 7, 64, 53, 139, 73, 76, 42, 81, 137, 148, 32, 22, 48, 81, 82, 66, 0]"""
j20,1,reactive,600,True,40,0.21713876724243164,0.28711414337158203,"[0, 0, 0, 0, 7, 5, 7, 10, 9, 12, 12, 15, 17, 19, 27, 23, 16, 22, 32, 32, 27, 0, 0, 0, 0, 0, 0, 0, 0, 0, 0, 0, 0, 0, 0, 0, 0, 0, 0, 0, 0, 40]","[0, 4, 4, 3, 2, 2, 2, 5, 2, 2, 2, 2, 3, 6, 2, 8, 3, 3, 8, 4, 7, 36, 139, 52, 9, 7, 64, 53, 139, 73, 76, 42, 81, 137, 148, 32, 22, 48, 81, 82, 66, 0]"
j20,1,stnu,600,False,inf,0.8107142448425293,inf,[],"""[0, 4, 5, 3, 2, 3, 2, 5, 2, 2, 2, 2, 3, 6, 2, 8, 3, 3, 8, 4, 7, 36, 139, 52, 9, 7, 64, 53, 139, 73, 76, 42, 81, 137, 148, 32, 22, 48, 81, 82, 66, 0]"""
j20,1,proactive_quantile_0.9,600,False,inf,0.3097646236419678,inf,"[0, 0, 0, 0, 2, 2, 6, 6, 9, 11, 9, 5, 11, 18, 5, 13, 13, 20, 16, 22, 16, 0, 0, 0, 0, 0, 123]","""[0, 2, 5, 1, 3, 2, 2, 2, 2, 6, 2, 9, 6, 1, 8, 1, 1, 1, 3, 5, 1, 86, 119, 117, 123, 82, 0]"""
j20,1,reactive,600,False,inf,inf,inf,null,"[0, 2, 5, 1, 3, 2, 2, 2, 2, 6, 2, 9, 6, 1, 8, 1, 1, 1, 3, 5, 1, 86, 119, 117, 123, 82, 0]"
j20,1,stnu,600,True,30,1.0299768447875977,0.02795863151550293,"[0, 0, 0, 0, 2, 1, 5, 5, 7, 9, 9, 3, 11, 17, 5, 12, 15, 18, 15, 22, 15, 0, 0, 0, 0, 0, 30]","""[0, 2, 5, 1, 3, 2, 2, 2, 2, 6, 2, 9, 6, 1, 8, 1, 7, 1, 5, 8, 1, 86, 119, 117, 123, 82, 0]"""
j20,1,proactive_quantile_0.9,600,True,29,0.31677961349487305,0.0012171268463134766,"[0, 0, 0, 0, 2, 2, 6, 6, 9, 11, 9, 5, 11, 18, 5, 13, 13, 20, 16, 22, 16, 0, 0, 0, 0, 0, 123]","""[0, 2, 4, 1, 2, 1, 2, 2, 2, 4, 1, 7, 5, 1, 5, 1, 2, 2, 3, 5, 2, 86, 119, 117, 123, 82, 0]"""
j20,1,reactive,600,True,27,0.31677961349487305,0.38182830810546875,"[0, 0, 0, 0, 2, 2, 6, 6, 9, 11, 9, 5, 11, 18, 5, 13, 13, 20, 16, 22, 16, 0, 0, 0, 0, 0, 27]","[0, 2, 4, 1, 2, 1, 2, 2, 2, 4, 1, 7, 5, 1, 5, 1, 2, 2, 3, 5, 2, 86, 119, 117, 123, 82, 0]"
j20,1,stnu,600,True,48,0.8661289215087891,0.028841257095336914,"[0, 0, 0, 0, 4, 4, 9, 9, 12, 17, 17, 9, 24, 30, 9, 16, 16, 37, 24, 41, 22, 0, 0, 0, 0, 0, 48]","""[0, 4, 4, 4, 5, 5, 8, 3, 2, 5, 7, 6, 6, 7, 7, 2, 7, 4, 5, 7, 2, 86, 119, 117, 123, 82, 0]"""
j20,1,proactive_quantile_0.9,600,True,59,0.09365653991699219,0.0012950897216796875,"[0, 0, 0, 0, 6, 6, 12, 12, 18, 22, 20, 14, 28, 36, 14, 22, 22, 43, 28, 50, 28, 0, 0, 0, 0, 0, 123]","""[0, 4, 4, 5, 6, 8, 7, 4, 2, 4, 6, 7, 4, 5, 7, 2, 6, 6, 2, 9, 1, 86, 119, 117, 123, 82, 0]"""
j20,1,reactive,600,True,58,0.09365653991699219,0.38394975662231445,"[0, 0, 0, 0, 6, 6, 12, 12, 18, 22, 20, 14, 28, 36, 14, 22, 22, 43, 28, 49, 28, 0, 0, 0, 0, 0, 58]","[0, 4, 4, 5, 6, 8, 7, 4, 2, 4, 6, 7, 4, 5, 7, 2, 6, 6, 2, 9, 1, 86, 119, 117, 123, 82, 0]"
j20,1,stnu,600,True,28,1.041855812072754,0.027811765670776367,"[0, 0, 0, 0, 2, 1, 3, 3, 6, 8, 8, 2, 10, 17, 3, 10, 11, 18, 11, 19, 11, 0, 0, 0, 0, 0, 28]","""[0, 2, 3, 1, 1, 1, 2, 3, 2, 3, 2, 6, 7, 1, 3, 1, 6, 1, 4, 9, 2, 86, 119, 117, 123, 82, 0]"""
j20,1,proactive_quantile_0.9,600,True,29,0.11602926254272461,0.0012314319610595703,"[0, 0, 0, 0, 2, 2, 6, 6, 9, 11, 9, 5, 11, 18, 5, 13, 13, 20, 16, 22, 16, 0, 0, 0, 0, 0, 123]","""[0, 1, 4, 1, 2, 3, 3, 1, 1, 4, 2, 8, 6, 1, 5, 1, 2, 1, 3, 5, 1, 86, 119, 117, 123, 82, 0]"""
j20,1,reactive,600,True,27,0.11602926254272461,0.35947155952453613,"[0, 0, 0, 0, 2, 2, 6, 6, 9, 11, 9, 5, 11, 18, 5, 13, 13, 20, 16, 22, 16, 0, 0, 0, 0, 0, 27]","[0, 1, 4, 1, 2, 3, 3, 1, 1, 4, 2, 8, 6, 1, 5, 1, 2, 1, 3, 5, 1, 86, 119, 117, 123, 82, 0]"
j20,1,stnu,600,True,23,0.8741867542266846,0.02741217613220215,"[0, 0, 0, 0, 1, 1, 4, 3, 4, 7, 7, 4, 9, 16, 4, 12, 13, 17, 13, 18, 13, 0, 0, 0, 0, 0, 23]","""[0, 1, 4, 1, 2, 3, 3, 1, 1, 4, 2, 8, 6, 1, 5, 1, 2, 1, 3, 5, 1, 86, 119, 117, 123, 82, 0]"""
j20,1,proactive_quantile_0.9,600,True,29,0.08742475509643555,0.0011293888092041016,"[0, 0, 0, 0, 2, 2, 6, 6, 9, 11, 9, 5, 11, 18, 5, 13, 13, 20, 16, 22, 16, 0, 0, 0, 0, 0, 123]","""[0, 1, 5, 2, 2, 2, 2, 2, 1, 3, 1, 8, 5, 1, 7, 1, 2, 2, 2, 7, 2, 86, 119, 117, 123, 82, 0]"""
j20,1,reactive,600,True,26,0.08742475509643555,0.29523205757141113,"[0, 0, 0, 0, 2, 2, 6, 6, 9, 11, 9, 5, 11, 16, 5, 13, 13, 17, 16, 19, 16, 0, 0, 0, 0, 0, 26]","[0, 1, 5, 2, 2, 2, 2, 2, 1, 3, 1, 8, 5, 1, 7, 1, 2, 2, 2, 7, 2, 86, 119, 117, 123, 82, 0]"
j20,1,stnu,600,True,45,0.8277959823608398,0.02767658233642578,"[0, 0, 0, 0, 6, 4, 11, 11, 17, 20, 16, 11, 25, 33, 11, 20, 20, 36, 25, 39, 25, 0, 0, 0, 0, 0, 45]","""[0, 6, 4, 2, 5, 7, 5, 6, 3, 5, 6, 5, 8, 3, 8, 2, 9, 3, 4, 6, 2, 86, 119, 117, 123, 82, 0]"""
j20,1,proactive_quantile_0.9,600,True,29,0.28658199310302734,0.0011217594146728516,"[0, 0, 0, 0, 2, 2, 6, 6, 9, 11, 9, 5, 11, 18, 5, 13, 13, 20, 16, 22, 16, 0, 0, 0, 0, 0, 123]","""[0, 1, 5, 1, 2, 1, 2, 3, 2, 5, 1, 5, 6, 1, 6, 1, 2, 1, 1, 4, 2, 86, 119, 117, 123, 82, 0]"""
j20,1,reactive,600,True,26,0.28658199310302734,0.29994988441467285,"[0, 0, 0, 0, 2, 2, 6, 6, 9, 11, 9, 5, 11, 18, 5, 13, 13, 20, 16, 22, 16, 0, 0, 0, 0, 0, 26]","[0, 1, 5, 1, 2, 1, 2, 3, 2, 5, 1, 5, 6, 1, 6, 1, 2, 1, 1, 4, 2, 86, 119, 117, 123, 82, 0]"
j20,1,stnu,600,True,21,0.9281561374664307,0.027677536010742188,"[0, 0, 0, 0, 1, 1, 5, 3, 6, 8, 8, 2, 9, 15, 5, 9, 13, 16, 13, 17, 13, 0, 0, 0, 0, 0, 21]","""[0, 1, 5, 1, 2, 1, 2, 3, 2, 5, 1, 5, 6, 1, 6, 1, 2, 1, 1, 4, 2, 86, 119, 117, 123, 82, 0]"""
j20,1,proactive_quantile_0.9,600,True,59,0.0834202766418457,0.0012500286102294922,"[0, 0, 0, 0, 6, 6, 12, 12, 18, 22, 20, 14, 28, 36, 14, 22, 22, 43, 28, 50, 28, 0, 0, 0, 0, 0, 123]","""[0, 2, 6, 4, 3, 5, 8, 4, 2, 3, 7, 6, 6, 5, 5, 1, 6, 7, 4, 8, 1, 86, 119, 117, 123, 82, 0]"""
j20,1,reactive,600,True,58,0.0834202766418457,0.3629164695739746,"[0, 0, 0, 0, 6, 6, 12, 12, 18, 22, 20, 14, 28, 36, 14, 22, 22, 43, 28, 50, 28, 0, 0, 0, 0, 0, 58]","[0, 2, 6, 4, 3, 5, 8, 4, 2, 3, 7, 6, 6, 5, 5, 1, 6, 7, 4, 8, 1, 86, 119, 117, 123, 82, 0]"
j20,1,stnu,600,True,50,0.753307580947876,0.02831554412841797,"[0, 0, 0, 0, 6, 6, 9, 9, 13, 17, 17, 11, 24, 30, 11, 17, 17, 35, 24, 42, 20, 0, 0, 0, 0, 0, 50]","""[0, 2, 6, 4, 3, 5, 8, 4, 2, 3, 7, 6, 6, 5, 5, 1, 6, 7, 4, 8, 1, 86, 119, 117, 123, 82, 0]"""
j20,1,proactive_quantile_0.9,600,True,29,0.2930295467376709,0.0011034011840820312,"[0, 0, 0, 0, 2, 2, 6, 6, 9, 11, 9, 5, 11, 18, 5, 13, 13, 20, 16, 22, 16, 0, 0, 0, 0, 0, 123]","""[0, 1, 5, 2, 1, 2, 2, 2, 1, 3, 1, 5, 4, 2, 3, 2, 3, 2, 1, 7, 1, 86, 119, 117, 123, 82, 0]"""
j20,1,reactive,600,True,26,0.2930295467376709,0.2905113697052002,"[0, 0, 0, 0, 2, 2, 6, 6, 9, 11, 9, 5, 11, 15, 5, 13, 13, 17, 15, 19, 15, 0, 0, 0, 0, 0, 26]","[0, 1, 5, 2, 1, 2, 2, 2, 1, 3, 1, 5, 4, 2, 3, 2, 3, 2, 1, 7, 1, 86, 119, 117, 123, 82, 0]"
j20,1,stnu,600,True,46,0.7645201683044434,0.02817702293395996,"[0, 0, 0, 0, 5, 5, 8, 8, 13, 15, 15, 11, 22, 28, 11, 18, 18, 33, 22, 40, 21, 0, 0, 0, 0, 0, 46]","""[0, 5, 5, 5, 3, 6, 7, 5, 2, 6, 7, 4, 6, 5, 7, 1, 8, 7, 4, 6, 2, 86, 119, 117, 123, 82, 0]"""
j20,1,proactive_quantile_0.9,600,True,59,0.08477139472961426,0.0012860298156738281,"[0, 0, 0, 0, 6, 6, 12, 12, 18, 22, 20, 14, 28, 36, 14, 22, 22, 43, 28, 50, 28, 0, 0, 0, 0, 0, 123]","""[0, 4, 5, 5, 5, 5, 6, 5, 3, 3, 5, 8, 6, 4, 7, 2, 7, 3, 4, 7, 3, 86, 119, 117, 123, 82, 0]"""
j20,1,reactive,600,True,53,0.08477139472961426,0.3909797668457031,"[0, 0, 0, 0, 6, 6, 12, 12, 18, 22, 20, 14, 28, 36, 14, 22, 22, 43, 28, 46, 28, 0, 0, 0, 0, 0, 53]","[0, 4, 5, 5, 5, 5, 6, 5, 3, 3, 5, 8, 6, 4, 7, 2, 7, 3, 4, 7, 3, 86, 119, 117, 123, 82, 0]"
j20,1,stnu,600,True,20,0.9103138446807861,0.027419090270996094,"[0, 0, 0, 0, 2, 1, 5, 4, 5, 7, 7, 4, 8, 13, 5, 10, 11, 14, 11, 15, 11, 0, 0, 0, 0, 0, 20]","""[0, 2, 5, 1, 2, 3, 1, 1, 2, 4, 1, 6, 4, 1, 5, 1, 2, 1, 1, 5, 1, 86, 119, 117, 123, 82, 0]"""
j20,1,proactive_quantile_0.9,600,True,29,0.10288214683532715,0.0011718273162841797,"[0, 0, 0, 0, 2, 2, 6, 6, 9, 11, 9, 5, 11, 18, 5, 13, 13, 20, 16, 22, 16, 0, 0, 0, 0, 0, 123]","""[0, 2, 5, 1, 2, 1, 2, 1, 2, 4, 2, 6, 4, 1, 6, 2, 2, 2, 4, 6, 1, 86, 119, 117, 123, 82, 0]"""
j20,1,reactive,600,True,28,0.10288214683532715,0.3003072738647461,"[0, 0, 0, 0, 2, 2, 6, 6, 9, 11, 9, 5, 11, 18, 5, 13, 13, 20, 16, 22, 16, 0, 0, 0, 0, 0, 28]","[0, 2, 5, 1, 2, 1, 2, 1, 2, 4, 2, 6, 4, 1, 6, 2, 2, 2, 4, 6, 1, 86, 119, 117, 123, 82, 0]"
j20,1,stnu,600,True,24,1.05360746383667,0.027486801147460938,"[0, 0, 0, 0, 2, 1, 5, 4, 5, 7, 7, 2, 9, 15, 5, 9, 11, 16, 11, 18, 11, 0, 0, 0, 0, 0, 24]","""[0, 2, 5, 1, 2, 1, 2, 1, 2, 4, 2, 6, 4, 1, 6, 2, 2, 2, 4, 6, 1, 86, 119, 117, 123, 82, 0]"""
j20,1,proactive_quantile_0.9,600,True,32,0.10919451713562012,0.0013022422790527344,"[0, 0, 0, 0, 7, 5, 10, 7, 7, 14, 11, 7, 14, 23, 11, 23, 16, 14, 28, 18, 16, 0, 0, 0, 0, 0, 0, 0, 151]","""[0, 7, 6, 4, 1, 3, 2, 3, 1, 2, 3, 1, 9, 4, 3, 2, 1, 2, 3, 6, 1, 11, 30, 151, 57, 81, 89, 150, 0]"""
j20,1,reactive,600,True,31,0.10919451713562012,0.31600022315979004,"[0, 0, 0, 0, 7, 5, 10, 7, 7, 14, 11, 7, 14, 23, 11, 23, 16, 14, 28, 18, 16, 0, 0, 0, 0, 0, 0, 0, 31]","[0, 7, 6, 4, 1, 3, 2, 3, 1, 2, 3, 1, 9, 4, 3, 2, 1, 2, 3, 6, 1, 11, 30, 151, 57, 81, 89, 150, 0]"
j20,1,stnu,600,True,40,0.9155993461608887,0.030980825424194336,"[0, 0, 0, 0, 5, 5, 10, 10, 10, 14, 17, 10, 14, 23, 17, 23, 26, 26, 30, 28, 21, 0, 0, 0, 0, 0, 0, 0, 40]","""[0, 10, 5, 5, 9, 3, 4, 7, 2, 2, 9, 4, 9, 5, 4, 5, 4, 2, 10, 7, 8, 11, 30, 151, 57, 81, 89, 150, 0]"""
j20,1,proactive_quantile_0.9,600,True,40,0.18137764930725098,0.0013394355773925781,"[0, 0, 0, 0, 6, 5, 11, 7, 7, 16, 11, 10, 16, 24, 11, 24, 27, 22, 29, 29, 27, 0, 0, 0, 0, 0, 0, 0, 151]","""[0, 5, 4, 4, 1, 5, 4, 3, 3, 11, 8, 3, 8, 4, 3, 2, 2, 5, 1, 11, 9, 11, 30, 151, 57, 81, 89, 150, 0]"""
j20,1,reactive,600,True,40,0.18137764930725098,0.374680757522583,"[0, 0, 0, 0, 6, 5, 11, 7, 7, 16, 11, 10, 16, 24, 11, 24, 27, 22, 29, 29, 27, 0, 0, 0, 0, 0, 0, 0, 40]","[0, 5, 4, 4, 1, 5, 4, 3, 3, 11, 8, 3, 8, 4, 3, 2, 2, 5, 1, 11, 9, 11, 30, 151, 57, 81, 89, 150, 0]"
j20,1,stnu,600,True,39,0.8606123924255371,0.029814958572387695,"[0, 0, 0, 0, 6, 6, 11, 9, 11, 15, 16, 9, 15, 20, 16, 20, 24, 24, 28, 26, 20, 0, 0, 0, 0, 0, 0, 0, 39]","""[0, 9, 6, 5, 10, 5, 4, 7, 3, 1, 8, 4, 5, 6, 4, 2, 4, 2, 11, 6, 8, 11, 30, 151, 57, 81, 89, 150, 0]"""
j20,1,proactive_quantile_0.9,600,True,40,0.13677525520324707,0.0013570785522460938,"[0, 0, 0, 0, 6, 5, 11, 7, 7, 16, 11, 10, 16, 24, 11, 24, 27, 22, 29, 29, 27, 0, 0, 0, 0, 0, 0, 0, 151]","""[0, 7, 4, 3, 2, 4, 4, 1, 2, 11, 9, 3, 8, 3, 4, 1, 2, 5, 3, 11, 9, 11, 30, 151, 57, 81, 89, 150, 0]"""
j20,1,reactive,600,True,40,0.13677525520324707,0.2733476161956787,"[0, 0, 0, 0, 6, 5, 11, 7, 7, 16, 11, 10, 16, 24, 11, 24, 27, 22, 29, 29, 27, 0, 0, 0, 0, 0, 0, 0, 40]","[0, 7, 4, 3, 2, 4, 4, 1, 2, 11, 9, 3, 8, 3, 4, 1, 2, 5, 3, 11, 9, 11, 30, 151, 57, 81, 89, 150, 0]"
j20,1,stnu,600,True,29,0.8631513118743896,0.031317710876464844,"[0, 0, 0, 0, 7, 3, 9, 7, 7, 13, 9, 7, 13, 23, 9, 23, 15, 11, 26, 17, 15, 0, 0, 0, 0, 0, 0, 0, 29]","""[0, 7, 4, 3, 2, 4, 4, 1, 1, 2, 2, 3, 7, 3, 4, 1, 2, 1, 3, 6, 1, 11, 30, 151, 57, 81, 89, 150, 0]"""
j20,1,proactive_quantile_0.9,600,False,inf,0.14116907119750977,inf,"[0, 0, 0, 0, 6, 5, 11, 7, 7, 16, 11, 10, 16, 24, 11, 24, 27, 22, 29, 29, 27, 0, 0, 0, 0, 0, 0, 0, 151]","""[0, 8, 4, 5, 3, 6, 4, 2, 1, 8, 9, 2, 7, 3, 3, 3, 1, 6, 4, 9, 10, 11, 30, 151, 57, 81, 89, 150, 0]"""
j20,1,reactive,600,False,inf,inf,inf,null,"[0, 8, 4, 5, 3, 6, 4, 2, 1, 8, 9, 2, 7, 3, 3, 3, 1, 6, 4, 9, 10, 11, 30, 151, 57, 81, 89, 150, 0]"
j20,1,stnu,600,True,29,0.9862732887268066,0.03162336349487305,"[0, 0, 0, 0, 8, 5, 11, 8, 8, 14, 11, 8, 14, 22, 11, 22, 16, 12, 25, 17, 16, 0, 0, 0, 0, 0, 0, 0, 29]","""[0, 8, 4, 5, 3, 3, 2, 2, 2, 2, 1, 2, 7, 3, 3, 3, 1, 2, 4, 5, 1, 11, 30, 151, 57, 81, 89, 150, 0]"""
j20,1,proactive_quantile_0.9,600,True,40,0.16026711463928223,0.0012977123260498047,"[0, 0, 0, 0, 6, 5, 11, 7, 7, 16, 11, 10, 16, 24, 11, 24, 27, 22, 29, 29, 27, 0, 0, 0, 0, 0, 0, 0, 151]","""[0, 4, 5, 5, 3, 5, 5, 1, 2, 12, 9, 2, 6, 2, 4, 1, 2, 6, 2, 9, 8, 11, 30, 151, 57, 81, 89, 150, 0]"""
j20,1,reactive,600,False,inf,inf,inf,null,"[0, 4, 5, 5, 3, 5, 5, 1, 2, 12, 9, 2, 6, 2, 4, 1, 2, 6, 2, 9, 8, 11, 30, 151, 57, 81, 89, 150, 0]"
j20,1,stnu,600,True,39,0.8356418609619141,0.030849218368530273,"[0, 0, 0, 0, 6, 7, 10, 8, 10, 15, 17, 8, 15, 23, 17, 23, 26, 26, 29, 27, 21, 0, 0, 0, 0, 0, 0, 0, 39]","""[0, 8, 6, 7, 10, 3, 5, 6, 2, 2, 9, 4, 8, 5, 4, 3, 3, 1, 10, 4, 8, 11, 30, 151, 57, 81, 89, 150, 0]"""
j20,1,proactive_quantile_0.9,600,True,35,0.07556700706481934,0.0013303756713867188,"[0, 0, 0, 0, 7, 5, 10, 11, 11, 15, 11, 11, 15, 24, 15, 24, 17, 18, 31, 21, 21, 0, 0, 0, 0, 0, 0, 0, 151]","""[0, 9, 3, 6, 4, 6, 5, 6, 3, 2, 3, 4, 8, 5, 5, 5, 4, 1, 2, 8, 9, 11, 30, 151, 57, 81, 89, 150, 0]"""
j20,1,reactive,600,False,inf,inf,inf,null,"[0, 9, 3, 6, 4, 6, 5, 6, 3, 2, 3, 4, 8, 5, 5, 5, 4, 1, 2, 8, 9, 11, 30, 151, 57, 81, 89, 150, 0]"
j20,1,stnu,600,True,29,0.8322935104370117,0.032097578048706055,"[0, 0, 0, 0, 7, 6, 12, 7, 7, 15, 12, 7, 15, 23, 12, 23, 17, 15, 27, 18, 17, 0, 0, 0, 0, 0, 0, 0, 29]","""[0, 7, 4, 6, 4, 6, 2, 3, 2, 2, 3, 4, 8, 4, 3, 1, 1, 1, 2, 5, 1, 11, 30, 151, 57, 81, 89, 150, 0]"""
j20,1,proactive_quantile_0.9,600,True,40,0.16354727745056152,0.001329183578491211,"[0, 0, 0, 0, 6, 5, 11, 7, 7, 16, 11, 10, 16, 24, 11, 24, 27, 22, 29, 29, 27, 0, 0, 0, 0, 0, 0, 0, 151]","""[0, 4, 6, 4, 4, 5, 3, 3, 2, 9, 8, 2, 7, 4, 3, 2, 2, 7, 1, 8, 10, 11, 30, 151, 57, 81, 89, 150, 0]"""
j20,1,reactive,600,True,37,0.16354727745056152,0.31038594245910645,"[0, 0, 0, 0, 6, 5, 11, 7, 7, 16, 11, 10, 16, 24, 11, 24, 27, 22, 29, 29, 27, 0, 0, 0, 0, 0, 0, 0, 37]","[0, 4, 6, 4, 4, 5, 3, 3, 2, 9, 8, 2, 7, 4, 3, 2, 2, 7, 1, 8, 10, 11, 30, 151, 57, 81, 89, 150, 0]"
j20,1,stnu,600,True,39,0.8100807666778564,0.031084537506103516,"[0, 0, 0, 0, 7, 7, 10, 10, 10, 13, 17, 10, 13, 23, 17, 23, 25, 25, 30, 28, 22, 0, 0, 0, 0, 0, 0, 0, 39]","""[0, 10, 7, 5, 10, 3, 3, 4, 2, 1, 8, 3, 10, 6, 5, 5, 5, 3, 9, 5, 5, 11, 30, 151, 57, 81, 89, 150, 0]"""
j20,1,proactive_quantile_0.9,600,True,40,0.20056581497192383,0.00131988525390625,"[0, 0, 0, 0, 6, 5, 11, 7, 7, 16, 11, 10, 16, 24, 11, 24, 27, 22, 29, 29, 27, 0, 0, 0, 0, 0, 0, 0, 151]","""[0, 5, 3, 4, 2, 4, 3, 2, 2, 10, 7, 2, 6, 4, 4, 2, 2, 5, 2, 10, 9, 11, 30, 151, 57, 81, 89, 150, 0]"""
j20,1,reactive,600,True,39,0.20056581497192383,0.3618009090423584,"[0, 0, 0, 0, 6, 5, 11, 7, 7, 16, 11, 10, 16, 24, 11, 24, 27, 22, 29, 29, 27, 0, 0, 0, 0, 0, 0, 0, 39]","[0, 5, 3, 4, 2, 4, 3, 2, 2, 10, 7, 2, 6, 4, 4, 2, 2, 5, 2, 10, 9, 11, 30, 151, 57, 81, 89, 150, 0]"
j20,1,stnu,600,True,37,0.7477355003356934,0.030033588409423828,"[0, 0, 0, 0, 6, 6, 10, 10, 10, 14, 16, 10, 14, 21, 16, 21, 23, 23, 29, 26, 21, 0, 0, 0, 0, 0, 0, 0, 37]","""[0, 10, 6, 6, 10, 3, 3, 6, 2, 2, 7, 4, 7, 7, 5, 5, 4, 1, 8, 6, 8, 11, 30, 151, 57, 81, 89, 150, 0]"""
j20,1,proactive_quantile_0.9,600,True,32,0.08528780937194824,0.0012171268463134766,"[0, 0, 0, 0, 7, 5, 10, 7, 7, 14, 11, 7, 14, 23, 11, 23, 16, 14, 28, 18, 16, 0, 0, 0, 0, 0, 0, 0, 151]","""[0, 5, 5, 5, 4, 3, 4, 2, 2, 1, 1, 3, 7, 2, 3, 2, 1, 3, 2, 5, 1, 11, 30, 151, 57, 81, 89, 150, 0]"""
j20,1,reactive,600,True,27,0.08528780937194824,0.280336856842041,"[0, 0, 0, 0, 7, 5, 10, 7, 7, 14, 11, 7, 14, 23, 11, 23, 16, 14, 25, 18, 16, 0, 0, 0, 0, 0, 0, 0, 27]","[0, 5, 5, 5, 4, 3, 4, 2, 2, 1, 1, 3, 7, 2, 3, 2, 1, 3, 2, 5, 1, 11, 30, 151, 57, 81, 89, 150, 0]"
j20,1,stnu,600,True,36,0.8675596714019775,0.030870676040649414,"[0, 0, 0, 0, 3, 5, 8, 7, 8, 12, 13, 7, 12, 19, 13, 19, 23, 23, 29, 26, 17, 0, 0, 0, 0, 0, 0, 0, 36]","""[0, 7, 3, 5, 9, 3, 4, 3, 4, 1, 10, 3, 7, 7, 4, 5, 6, 3, 7, 7, 7, 11, 30, 151, 57, 81, 89, 150, 0]"""
j20,1,proactive_quantile_0.9,600,True,32,0.09030556678771973,0.0013091564178466797,"[0, 0, 0, 0, 7, 5, 10, 7, 7, 14, 11, 7, 14, 23, 11, 23, 16, 14, 28, 18, 16, 0, 0, 0, 0, 0, 0, 0, 151]","""[0, 5, 6, 2, 3, 3, 3, 2, 1, 2, 3, 1, 5, 3, 3, 2, 2, 2, 3, 4, 2, 11, 30, 151, 57, 81, 89, 150, 0]"""
j20,1,reactive,600,True,29,0.09030556678771973,0.3514111042022705,"[0, 0, 0, 0, 7, 5, 10, 7, 7, 14, 11, 7, 14, 23, 11, 23, 16, 14, 26, 18, 16, 0, 0, 0, 0, 0, 0, 0, 29]","[0, 5, 6, 2, 3, 3, 3, 2, 1, 2, 3, 1, 5, 3, 3, 2, 2, 2, 3, 4, 2, 11, 30, 151, 57, 81, 89, 150, 0]"
j20,1,stnu,600,True,42,0.9008193016052246,0.03109455108642578,"[0, 0, 0, 0, 5, 5, 9, 9, 9, 13, 16, 9, 13, 18, 16, 18, 28, 28, 34, 30, 20, 0, 0, 0, 0, 0, 0, 0, 42]","""[0, 9, 5, 5, 11, 3, 4, 4, 2, 2, 12, 4, 5, 6, 4, 5, 6, 2, 8, 7, 10, 11, 30, 151, 57, 81, 89, 150, 0]"""
j20,1,proactive_quantile_0.9,600,True,50,0.15938115119934082,0.0034110546112060547,"[0, 0, 16, 0, 4, 12, 10, 19, 21, 7, 19, 7, 13, 23, 28, 34, 32, 28, 41, 39, 34, 0, 0, 0, 0, 0, 0, 0, 0, 0, 0, 0, 0, 0, 0, 0, 0, 0, 0, 170]","""[0, 4, 2, 7, 1, 3, 2, 2, 6, 2, 3, 4, 4, 3, 4, 3, 1, 3, 9, 3, 6, 40, 124, 51, 22, 162, 95, 165, 125, 168, 63, 79, 78, 170, 54, 153, 152, 62, 41, 0]"""
j20,1,reactive,600,True,50,0.15938115119934082,2.7898170948028564,"[0, 0, 16, 0, 4, 12, 10, 19, 21, 7, 19, 7, 13, 23, 28, 34, 32, 28, 41, 39, 34, 0, 0, 0, 0, 0, 0, 0, 0, 0, 0, 0, 0, 0, 0, 0, 0, 0, 0, 50]","[0, 4, 2, 7, 1, 3, 2, 2, 6, 2, 3, 4, 4, 3, 4, 3, 1, 3, 9, 3, 6, 40, 124, 51, 22, 162, 95, 165, 125, 168, 63, 79, 78, 170, 54, 153, 152, 62, 41, 0]"
j20,1,stnu,600,False,inf,1.1769006252288818,inf,[],"""[0, 4, 2, 7, 1, 3, 2, 2, 6, 2, 3, 4, 4, 3, 4, 3, 1, 4, 10, 4, 6, 40, 124, 51, 22, 162, 95, 165, 125, 168, 63, 79, 78, 170, 54, 153, 152, 62, 41, 0]"""
j20,1,proactive_quantile_0.9,600,True,50,0.12217044830322266,0.0031943321228027344,"[0, 0, 16, 0, 4, 12, 10, 19, 21, 7, 19, 7, 13, 23, 28, 34, 32, 28, 41, 39, 34, 0, 0, 0, 0, 0, 0, 0, 0, 0, 0, 0, 0, 0, 0, 0, 0, 0, 0, 170]","""[0, 3, 3, 3, 2, 2, 2, 1, 5, 1, 3, 4, 5, 2, 2, 2, 1, 5, 7, 4, 3, 40, 124, 51, 22, 162, 95, 165, 125, 168, 63, 79, 78, 170, 54, 153, 152, 62, 41, 0]"""
j20,1,reactive,600,True,48,0.12217044830322266,7.854203701019287,"[0, 0, 16, 0, 4, 12, 10, 19, 21, 7, 19, 7, 13, 23, 28, 34, 32, 28, 41, 39, 34, 0, 0, 0, 0, 0, 0, 0, 0, 0, 0, 0, 0, 0, 0, 0, 0, 0, 0, 48]","[0, 3, 3, 3, 2, 2, 2, 1, 5, 1, 3, 4, 5, 2, 2, 2, 1, 5, 7, 4, 3, 40, 124, 51, 22, 162, 95, 165, 125, 168, 63, 79, 78, 170, 54, 153, 152, 62, 41, 0]"
j20,1,stnu,600,False,inf,0.9507555961608887,inf,[],"""[0, 3, 3, 3, 2, 2, 2, 1, 5, 1, 3, 4, 5, 2, 2, 2, 1, 6, 8, 5, 3, 40, 124, 51, 22, 162, 95, 165, 125, 168, 63, 79, 78, 170, 54, 153, 152, 62, 41, 0]"""
j20,1,proactive_quantile_0.9,600,False,inf,0.12236905097961426,inf,"[0, 0, 16, 0, 4, 12, 10, 19, 21, 7, 19, 7, 13, 23, 28, 34, 32, 28, 41, 39, 34, 0, 0, 0, 0, 0, 0, 0, 0, 0, 0, 0, 0, 0, 0, 0, 0, 0, 0, 170]","""[0, 3, 2, 4, 2, 3, 2, 1, 8, 2, 3, 6, 6, 4, 3, 3, 2, 5, 8, 3, 6, 40, 124, 51, 22, 162, 95, 165, 125, 168, 63, 79, 78, 170, 54, 153, 152, 62, 41, 0]"""
j20,1,reactive,600,False,inf,inf,inf,null,"[0, 3, 2, 4, 2, 3, 2, 1, 8, 2, 3, 6, 6, 4, 3, 3, 2, 5, 8, 3, 6, 40, 124, 51, 22, 162, 95, 165, 125, 168, 63, 79, 78, 170, 54, 153, 152, 62, 41, 0]"
j20,1,stnu,600,False,inf,0.8457512855529785,inf,[],"""[0, 3, 2, 4, 2, 3, 2, 1, 8, 2, 3, 6, 6, 4, 3, 3, 2, 6, 8, 5, 6, 40, 124, 51, 22, 162, 95, 165, 125, 168, 63, 79, 78, 170, 54, 153, 152, 62, 41, 0]"""
j20,1,proactive_quantile_0.9,600,False,inf,0.12088966369628906,inf,"[0, 0, 16, 0, 4, 12, 10, 19, 21, 7, 19, 7, 13, 23, 28, 34, 32, 28, 41, 39, 34, 0, 0, 0, 0, 0, 0, 0, 0, 0, 0, 0, 0, 0, 0, 0, 0, 0, 0, 170]","""[0, 2, 1, 6, 2, 3, 1, 1, 4, 2, 2, 4, 5, 3, 2, 6, 2, 4, 8, 4, 6, 40, 124, 51, 22, 162, 95, 165, 125, 168, 63, 79, 78, 170, 54, 153, 152, 62, 41, 0]"""
j20,1,reactive,600,False,inf,inf,inf,null,"[0, 2, 1, 6, 2, 3, 1, 1, 4, 2, 2, 4, 5, 3, 2, 6, 2, 4, 8, 4, 6, 40, 124, 51, 22, 162, 95, 165, 125, 168, 63, 79, 78, 170, 54, 153, 152, 62, 41, 0]"
j20,1,stnu,600,False,inf,0.8465921878814697,inf,[],"""[0, 2, 1, 6, 2, 3, 1, 1, 4, 2, 2, 4, 5, 3, 2, 6, 2, 7, 9, 2, 6, 40, 124, 51, 22, 162, 95, 165, 125, 168, 63, 79, 78, 170, 54, 153, 152, 62, 41, 0]"""
j20,1,proactive_quantile_0.9,600,True,50,0.10604691505432129,0.0031757354736328125,"[0, 0, 16, 0, 4, 12, 10, 19, 21, 7, 19, 7, 13, 23, 28, 34, 32, 28, 41, 39, 34, 0, 0, 0, 0, 0, 0, 0, 0, 0, 0, 0, 0, 0, 0, 0, 0, 0, 0, 170]","""[0, 2, 2, 5, 2, 2, 1, 1, 6, 1, 3, 5, 5, 3, 3, 2, 2, 5, 6, 4, 6, 40, 124, 51, 22, 162, 95, 165, 125, 168, 63, 79, 78, 170, 54, 153, 152, 62, 41, 0]"""
j20,1,reactive,600,True,47,0.10604691505432129,7.629388093948364,"[0, 0, 16, 0, 4, 12, 10, 19, 21, 7, 19, 7, 13, 23, 28, 34, 32, 28, 41, 39, 34, 0, 0, 0, 0, 0, 0, 0, 0, 0, 0, 0, 0, 0, 0, 0, 0, 0, 0, 47]","[0, 2, 2, 5, 2, 2, 1, 1, 6, 1, 3, 5, 5, 3, 3, 2, 2, 5, 6, 4, 6, 40, 124, 51, 22, 162, 95, 165, 125, 168, 63, 79, 78, 170, 54, 153, 152, 62, 41, 0]"
j20,1,stnu,600,False,inf,0.9357585906982422,inf,[],"""[0, 2, 2, 5, 2, 2, 1, 1, 6, 1, 3, 5, 5, 3, 3, 2, 2, 4, 12, 4, 6, 40, 124, 51, 22, 162, 95, 165, 125, 168, 63, 79, 78, 170, 54, 153, 152, 62, 41, 0]"""
j20,1,proactive_quantile_0.9,600,True,50,0.14159178733825684,0.003276824951171875,"[0, 0, 16, 0, 4, 12, 10, 19, 21, 7, 19, 7, 13, 23, 28, 34, 32, 28, 41, 39, 34, 0, 0, 0, 0, 0, 0, 0, 0, 0, 0, 0, 0, 0, 0, 0, 0, 0, 0, 170]","""[0, 2, 1, 7, 2, 3, 2, 1, 6, 1, 3, 5, 6, 1, 2, 3, 1, 4, 7, 7, 4, 40, 124, 51, 22, 162, 95, 165, 125, 168, 63, 79, 78, 170, 54, 153, 152, 62, 41, 0]"""
j20,1,reactive,600,True,48,0.14159178733825684,5.081156492233276,"[0, 0, 16, 0, 4, 12, 10, 19, 21, 7, 19, 7, 13, 23, 28, 34, 32, 28, 41, 39, 34, 0, 0, 0, 0, 0, 0, 0, 0, 0, 0, 0, 0, 0, 0, 0, 0, 0, 0, 48]","[0, 2, 1, 7, 2, 3, 2, 1, 6, 1, 3, 5, 6, 1, 2, 3, 1, 4, 7, 7, 4, 40, 124, 51, 22, 162, 95, 165, 125, 168, 63, 79, 78, 170, 54, 153, 152, 62, 41, 0]"
j20,1,stnu,600,False,inf,0.8678510189056396,inf,[],"""[0, 2, 1, 7, 2, 3, 2, 1, 6, 1, 3, 5, 6, 1, 2, 3, 1, 7, 9, 4, 4, 40, 124, 51, 22, 162, 95, 165, 125, 168, 63, 79, 78, 170, 54, 153, 152, 62, 41, 0]"""
j20,1,proactive_quantile_0.9,600,True,50,0.11637020111083984,0.003200531005859375,"[0, 0, 16, 0, 4, 12, 10, 19, 21, 7, 19, 7, 13, 23, 28, 34, 32, 28, 41, 39, 34, 0, 0, 0, 0, 0, 0, 0, 0, 0, 0, 0, 0, 0, 0, 0, 0, 0, 0, 170]","""[0, 3, 2, 4, 1, 4, 2, 2, 4, 1, 2, 5, 4, 2, 3, 5, 1, 6, 8, 5, 6, 40, 124, 51, 22, 162, 95, 165, 125, 168, 63, 79, 78, 170, 54, 153, 152, 62, 41, 0]"""
j20,1,reactive,600,True,49,0.11637020111083984,5.381408452987671,"[0, 0, 16, 0, 4, 12, 10, 19, 21, 7, 19, 7, 13, 23, 28, 34, 32, 28, 41, 39, 34, 0, 0, 0, 0, 0, 0, 0, 0, 0, 0, 0, 0, 0, 0, 0, 0, 0, 0, 49]","[0, 3, 2, 4, 1, 4, 2, 2, 4, 1, 2, 5, 4, 2, 3, 5, 1, 6, 8, 5, 6, 40, 124, 51, 22, 162, 95, 165, 125, 168, 63, 79, 78, 170, 54, 153, 152, 62, 41, 0]"
j20,1,stnu,600,False,inf,0.8507084846496582,inf,[],"""[0, 3, 2, 4, 1, 4, 2, 2, 4, 1, 2, 5, 4, 2, 3, 5, 1, 6, 8, 5, 6, 40, 124, 51, 22, 162, 95, 165, 125, 168, 63, 79, 78, 170, 54, 153, 152, 62, 41, 0]"""
j20,1,proactive_quantile_0.9,600,True,50,0.20751214027404785,0.003371715545654297,"[0, 0, 16, 0, 4, 12, 10, 19, 21, 7, 19, 7, 13, 23, 28, 34, 32, 28, 41, 39, 34, 0, 0, 0, 0, 0, 0, 0, 0, 0, 0, 0, 0, 0, 0, 0, 0, 0, 0, 170]","""[0, 2, 3, 6, 2, 2, 1, 2, 5, 2, 3, 3, 5, 3, 4, 4, 1, 5, 7, 7, 6, 40, 124, 51, 22, 162, 95, 165, 125, 168, 63, 79, 78, 170, 54, 153, 152, 62, 41, 0]"""
j20,1,reactive,600,True,48,0.20751214027404785,8.790022134780884,"[0, 0, 16, 0, 4, 12, 10, 19, 21, 7, 19, 7, 13, 23, 28, 34, 32, 28, 41, 39, 34, 0, 0, 0, 0, 0, 0, 0, 0, 0, 0, 0, 0, 0, 0, 0, 0, 0, 0, 48]","[0, 2, 3, 6, 2, 2, 1, 2, 5, 2, 3, 3, 5, 3, 4, 4, 1, 5, 7, 7, 6, 40, 124, 51, 22, 162, 95, 165, 125, 168, 63, 79, 78, 170, 54, 153, 152, 62, 41, 0]"
j20,1,stnu,600,False,inf,0.9929828643798828,inf,[],"""[0, 2, 3, 6, 2, 2, 1, 2, 5, 2, 3, 3, 5, 3, 4, 4, 1, 6, 9, 4, 6, 40, 124, 51, 22, 162, 95, 165, 125, 168, 63, 79, 78, 170, 54, 153, 152, 62, 41, 0]"""
j20,1,proactive_quantile_0.9,600,True,50,0.1344454288482666,0.0034062862396240234,"[0, 0, 16, 0, 4, 12, 10, 19, 21, 7, 19, 7, 13, 23, 28, 34, 32, 28, 41, 39, 34, 0, 0, 0, 0, 0, 0, 0, 0, 0, 0, 0, 0, 0, 0, 0, 0, 0, 0, 170]","""[0, 2, 2, 5, 2, 3, 2, 2, 6, 1, 3, 6, 4, 1, 2, 4, 1, 5, 7, 5, 4, 40, 124, 51, 22, 162, 95, 165, 125, 168, 63, 79, 78, 170, 54, 153, 152, 62, 41, 0]"""
j20,1,reactive,600,True,48,0.1344454288482666,6.660529613494873,"[0, 0, 16, 0, 4, 12, 10, 19, 21, 7, 19, 7, 13, 23, 28, 34, 32, 28, 41, 39, 34, 0, 0, 0, 0, 0, 0, 0, 0, 0, 0, 0, 0, 0, 0, 0, 0, 0, 0, 48]","[0, 2, 2, 5, 2, 3, 2, 2, 6, 1, 3, 6, 4, 1, 2, 4, 1, 5, 7, 5, 4, 40, 124, 51, 22, 162, 95, 165, 125, 168, 63, 79, 78, 170, 54, 153, 152, 62, 41, 0]"
j20,1,stnu,600,False,inf,0.8186595439910889,inf,[],"""[0, 2, 2, 5, 2, 3, 2, 2, 6, 1, 3, 6, 4, 1, 2, 4, 1, 5, 12, 4, 4, 40, 124, 51, 22, 162, 95, 165, 125, 168, 63, 79, 78, 170, 54, 153, 152, 62, 41, 0]"""
j20,1,proactive_quantile_0.9,600,True,50,0.2375173568725586,0.0032579898834228516,"[0, 0, 16, 0, 4, 12, 10, 19, 21, 7, 19, 7, 13, 23, 28, 34, 32, 28, 41, 39, 34, 0, 0, 0, 0, 0, 0, 0, 0, 0, 0, 0, 0, 0, 0, 0, 0, 0, 0, 170]","""[0, 2, 3, 6, 2, 3, 2, 1, 5, 2, 4, 3, 4, 3, 3, 3, 1, 4, 7, 3, 7, 40, 124, 51, 22, 162, 95, 165, 125, 168, 63, 79, 78, 170, 54, 153, 152, 62, 41, 0]"""
j20,1,reactive,600,True,48,0.2375173568725586,5.808666229248047,"[0, 0, 16, 0, 4, 12, 10, 19, 21, 7, 19, 7, 13, 23, 28, 34, 32, 28, 41, 39, 34, 0, 0, 0, 0, 0, 0, 0, 0, 0, 0, 0, 0, 0, 0, 0, 0, 0, 0, 48]","[0, 2, 3, 6, 2, 3, 2, 1, 5, 2, 4, 3, 4, 3, 3, 3, 1, 4, 7, 3, 7, 40, 124, 51, 22, 162, 95, 165, 125, 168, 63, 79, 78, 170, 54, 153, 152, 62, 41, 0]"
j20,1,stnu,600,False,inf,0.8314547538757324,inf,[],"""[0, 2, 3, 6, 2, 3, 2, 1, 5, 2, 4, 3, 4, 3, 3, 3, 1, 4, 9, 5, 7, 40, 124, 51, 22, 162, 95, 165, 125, 168, 63, 79, 78, 170, 54, 153, 152, 62, 41, 0]"""
j20,1,stnu,600,False,inf,0.8494579792022705,inf,[],"""[0, 1, 4, 6, 7, 1, 8, 2, 7, 4, 2, 2, 5, 7, 2, 3, 3, 3, 4, 5, 2, 114, 108, 136, 98, 49, 138, 76, 95, 80, 21, 36, 0]"""
j20,1,stnu,600,False,inf,0.7260584831237793,inf,[],"""[0, 3, 1, 6, 1, 1, 6, 1, 9, 2, 3, 3, 5, 2, 2, 3, 1, 1, 6, 1, 1, 114, 108, 136, 98, 49, 138, 76, 95, 80, 21, 36, 0]"""
j20,1,stnu,600,False,inf,0.7234656810760498,inf,[],"""[0, 2, 1, 6, 2, 1, 6, 2, 9, 2, 3, 3, 3, 2, 1, 1, 2, 2, 7, 2, 1, 114, 108, 136, 98, 49, 138, 76, 95, 80, 21, 36, 0]"""
j20,1,stnu,600,False,inf,0.8132779598236084,inf,[],"""[0, 2, 1, 5, 1, 1, 6, 1, 9, 2, 2, 2, 5, 2, 1, 2, 2, 1, 7, 2, 2, 114, 108, 136, 98, 49, 138, 76, 95, 80, 21, 36, 0]"""
j20,1,stnu,600,False,inf,0.9311070442199707,inf,[],"""[0, 2, 5, 7, 9, 2, 6, 2, 10, 3, 2, 1, 5, 6, 3, 2, 3, 2, 5, 6, 2, 114, 108, 136, 98, 49, 138, 76, 95, 80, 21, 36, 0]"""
j20,1,stnu,600,False,inf,0.7253775596618652,inf,[],"""[0, 3, 2, 7, 1, 3, 6, 1, 7, 1, 3, 2, 5, 2, 2, 1, 2, 2, 7, 4, 1, 114, 108, 136, 98, 49, 138, 76, 95, 80, 21, 36, 0]"""
j20,1,stnu,600,False,inf,0.8999154567718506,inf,[],"""[0, 2, 2, 5, 2, 2, 4, 1, 6, 2, 2, 2, 5, 1, 2, 2, 2, 3, 5, 2, 1, 114, 108, 136, 98, 49, 138, 76, 95, 80, 21, 36, 0]"""
j20,1,stnu,600,False,inf,1.8017282485961914,inf,[],"""[0, 3, 2, 6, 1, 2, 3, 1, 9, 1, 2, 3, 5, 2, 2, 2, 2, 1, 7, 1, 1, 114, 108, 136, 98, 49, 138, 76, 95, 80, 21, 36, 0]"""
j20,1,stnu,600,False,inf,1.3972411155700684,inf,[],"""[0, 3, 1, 7, 3, 2, 5, 1, 7, 1, 1, 2, 4, 2, 1, 1, 1, 1, 7, 4, 2, 114, 108, 136, 98, 49, 138, 76, 95, 80, 21, 36, 0]"""
j20,1,stnu,600,False,inf,1.3615989685058594,inf,[],"""[0, 3, 1, 6, 2, 2, 5, 2, 9, 1, 3, 3, 4, 2, 1, 2, 2, 2, 8, 4, 1, 114, 108, 136, 98, 49, 138, 76, 95, 80, 21, 36, 0]"""
j20,1,proactive_quantile_0.9,600,True,51,0.14755511283874512,0.0011401176452636719,"[0, 0, 0, 0, 7, 15, 15, 15, 23, 9, 23, 7, 23, 34, 30, 30, 26, 35, 42, 34, 15, 0, 0, 0, 0, 0, 136]","""[0, 6, 5, 7, 9, 7, 6, 6, 5, 6, 9, 1, 2, 6, 3, 3, 4, 4, 9, 5, 9, 106, 27, 43, 109, 136, 0]"""
j20,1,reactive,600,False,inf,inf,inf,null,"[0, 6, 5, 7, 9, 7, 6, 6, 5, 6, 9, 1, 2, 6, 3, 3, 4, 4, 9, 5, 9, 106, 27, 43, 109, 136, 0]"
j20,1,stnu,600,True,33,1.476776361465454,0.02627730369567871,"[0, 0, 0, 0, 2, 7, 7, 7, 14, 7, 14, 2, 14, 21, 19, 11, 16, 23, 29, 21, 11, 0, 0, 0, 0, 0, 33]","""[0, 6, 2, 2, 5, 7, 6, 4, 5, 4, 7, 1, 2, 2, 3, 2, 4, 6, 4, 1, 2, 106, 27, 43, 109, 136, 0]"""
j20,1,proactive_quantile_0.9,600,True,40,0.1596989631652832,0.0009942054748535156,"[0, 0, 0, 0, 2, 8, 8, 8, 15, 7, 15, 2, 15, 23, 22, 13, 18, 25, 33, 24, 12, 0, 0, 0, 0, 0, 136]","""[0, 6, 2, 1, 4, 7, 5, 3, 5, 5, 7, 1, 2, 1, 3, 2, 2, 7, 6, 3, 2, 106, 27, 43, 109, 136, 0]"""
j20,1,reactive,600,True,39,0.1596989631652832,0.34777307510375977,"[0, 0, 0, 0, 2, 8, 8, 8, 15, 7, 15, 2, 15, 23, 22, 13, 18, 25, 33, 24, 12, 0, 0, 0, 0, 0, 39]","[0, 6, 2, 1, 4, 7, 5, 3, 5, 5, 7, 1, 2, 1, 3, 2, 2, 7, 6, 3, 2, 106, 27, 43, 109, 136, 0]"
j20,1,stnu,600,True,34,0.8414230346679688,0.025681734085083008,"[0, 0, 0, 0, 1, 6, 6, 5, 12, 6, 13, 1, 13, 20, 17, 11, 15, 21, 28, 20, 11, 0, 0, 0, 0, 0, 34]","""[0, 6, 2, 1, 4, 6, 5, 3, 5, 5, 7, 1, 2, 1, 3, 2, 2, 7, 6, 3, 1, 106, 27, 43, 109, 136, 0]"""
j20,1,proactive_quantile_0.9,600,True,51,0.08182859420776367,0.0011053085327148438,"[0, 0, 0, 0, 7, 15, 15, 15, 23, 9, 23, 7, 23, 34, 30, 30, 26, 35, 42, 34, 15, 0, 0, 0, 0, 0, 136]","""[0, 7, 6, 5, 4, 8, 5, 7, 5, 4, 9, 2, 2, 5, 5, 4, 3, 3, 8, 7, 10, 106, 27, 43, 109, 136, 0]"""
j20,1,reactive,600,True,50,0.08182859420776367,0.45721960067749023,"[0, 0, 0, 0, 7, 15, 15, 15, 23, 9, 23, 7, 23, 34, 30, 30, 26, 35, 42, 34, 15, 0, 0, 0, 0, 0, 50]","[0, 7, 6, 5, 4, 8, 5, 7, 5, 4, 9, 2, 2, 5, 5, 4, 3, 3, 8, 7, 10, 106, 27, 43, 109, 136, 0]"
j20,1,stnu,600,True,47,0.8666181564331055,0.02806687355041504,"[0, 0, 0, 0, 6, 11, 11, 11, 19, 7, 19, 6, 19, 31, 31, 21, 21, 36, 39, 31, 11, 0, 0, 0, 0, 0, 47]","""[0, 7, 6, 5, 4, 8, 5, 7, 12, 4, 9, 2, 2, 5, 5, 4, 3, 3, 8, 7, 10, 106, 27, 43, 109, 136, 0]"""
j20,1,proactive_quantile_0.9,600,True,51,0.08934140205383301,0.001112222671508789,"[0, 0, 0, 0, 7, 15, 15, 15, 23, 9, 23, 7, 23, 34, 30, 30, 26, 35, 42, 34, 15, 0, 0, 0, 0, 0, 136]","""[0, 6, 5, 5, 6, 5, 7, 7, 7, 5, 8, 3, 2, 4, 4, 2, 5, 6, 7, 7, 13, 106, 27, 43, 109, 136, 0]"""
j20,1,reactive,600,True,49,0.08934140205383301,0.45492076873779297,"[0, 0, 0, 0, 7, 15, 15, 15, 23, 9, 23, 7, 23, 34, 30, 30, 26, 35, 42, 34, 15, 0, 0, 0, 0, 0, 49]","[0, 6, 5, 5, 6, 5, 7, 7, 7, 5, 8, 3, 2, 4, 4, 2, 5, 6, 7, 7, 13, 106, 27, 43, 109, 136, 0]"
j20,1,stnu,600,True,45,0.8721926212310791,0.028171062469482422,"[0, 0, 0, 0, 5, 11, 11, 11, 18, 6, 18, 5, 18, 28, 28, 24, 20, 32, 38, 28, 11, 0, 0, 0, 0, 0, 45]","""[0, 6, 5, 5, 6, 5, 7, 7, 10, 5, 8, 3, 2, 4, 4, 2, 5, 6, 7, 7, 13, 106, 27, 43, 109, 136, 0]"""
j20,1,proactive_quantile_0.9,600,True,40,0.09592175483703613,0.0010879039764404297,"[0, 0, 0, 0, 2, 8, 8, 8, 15, 7, 15, 2, 15, 23, 22, 13, 18, 25, 33, 24, 12, 0, 0, 0, 0, 0, 136]","""[0, 4, 3, 1, 3, 5, 5, 4, 6, 5, 5, 3, 2, 2, 2, 2, 4, 8, 5, 4, 2, 106, 27, 43, 109, 136, 0]"""
j20,1,reactive,600,True,38,0.09592175483703613,0.3343987464904785,"[0, 0, 0, 0, 2, 8, 8, 8, 15, 7, 15, 2, 15, 23, 22, 13, 18, 25, 33, 24, 12, 0, 0, 0, 0, 0, 38]","[0, 4, 3, 1, 3, 5, 5, 4, 6, 5, 5, 3, 2, 2, 2, 2, 4, 8, 5, 4, 2, 106, 27, 43, 109, 136, 0]"
j20,1,stnu,600,True,48,0.8233463764190674,0.02821183204650879,"[0, 0, 0, 0, 5, 12, 12, 12, 19, 6, 19, 5, 19, 29, 29, 21, 21, 33, 40, 29, 11, 0, 0, 0, 0, 0, 48]","""[0, 6, 5, 4, 7, 7, 5, 7, 7, 5, 10, 3, 2, 4, 4, 3, 4, 7, 8, 7, 8, 106, 27, 43, 109, 136, 0]"""
j20,1,proactive_quantile_0.9,600,False,inf,0.09080362319946289,inf,"[0, 0, 0, 0, 2, 8, 8, 8, 15, 7, 15, 2, 15, 23, 22, 13, 18, 25, 33, 24, 12, 0, 0, 0, 0, 0, 136]","""[0, 4, 2, 1, 3, 4, 8, 4, 5, 6, 7, 2, 1, 2, 2, 1, 3, 5, 5, 3, 2, 106, 27, 43, 109, 136, 0]"""
j20,1,reactive,600,False,inf,inf,inf,null,"[0, 4, 2, 1, 3, 4, 8, 4, 5, 6, 7, 2, 1, 2, 2, 1, 3, 5, 5, 3, 2, 106, 27, 43, 109, 136, 0]"
j20,1,stnu,600,True,31,0.7857022285461426,0.02639937400817871,"[0, 0, 0, 0, 1, 4, 4, 4, 12, 4, 12, 1, 12, 19, 17, 10, 13, 21, 26, 19, 10, 0, 0, 0, 0, 0, 31]","""[0, 4, 2, 1, 3, 5, 8, 4, 5, 6, 7, 2, 1, 2, 2, 1, 3, 5, 5, 3, 2, 106, 27, 43, 109, 136, 0]"""
j20,1,proactive_quantile_0.9,600,True,43,0.1834094524383545,0.0010707378387451172,"[0, 0, 0, 0, 2, 8, 8, 8, 15, 7, 15, 2, 15, 23, 22, 13, 18, 28, 36, 24, 12, 0, 0, 0, 0, 0, 136]","""[0, 5, 1, 2, 5, 4, 7, 5, 5, 4, 6, 2, 3, 1, 4, 1, 3, 6, 5, 3, 1, 106, 27, 43, 109, 136, 0]"""
j20,1,reactive,600,True,41,0.1834094524383545,0.3547074794769287,"[0, 0, 0, 0, 2, 8, 8, 8, 15, 7, 15, 2, 15, 23, 22, 13, 18, 28, 36, 24, 12, 0, 0, 0, 0, 0, 41]","[0, 5, 1, 2, 5, 4, 7, 5, 5, 4, 6, 2, 3, 1, 4, 1, 3, 6, 5, 3, 1, 106, 27, 43, 109, 136, 0]"
j20,1,stnu,600,True,49,0.7994418144226074,0.027271747589111328,"[0, 0, 0, 0, 6, 12, 12, 12, 20, 8, 20, 6, 20, 29, 29, 23, 23, 34, 41, 29, 11, 0, 0, 0, 0, 0, 49]","""[0, 8, 6, 6, 6, 5, 7, 8, 9, 3, 9, 2, 3, 2, 5, 1, 3, 7, 8, 7, 11, 106, 27, 43, 109, 136, 0]"""
j20,1,proactive_quantile_0.9,600,True,40,0.16176199913024902,0.0010235309600830078,"[0, 0, 0, 0, 2, 8, 8, 8, 15, 7, 15, 2, 15, 23, 22, 13, 18, 25, 33, 24, 12, 0, 0, 0, 0, 0, 136]","""[0, 6, 3, 1, 3, 3, 5, 4, 5, 4, 6, 1, 2, 2, 2, 1, 6, 7, 5, 4, 2, 106, 27, 43, 109, 136, 0]"""
j20,1,reactive,600,True,38,0.16176199913024902,0.38857054710388184,"[0, 0, 0, 0, 2, 8, 8, 8, 15, 7, 15, 2, 15, 23, 22, 13, 18, 25, 33, 24, 12, 0, 0, 0, 0, 0, 38]","[0, 6, 3, 1, 3, 3, 5, 4, 5, 4, 6, 1, 2, 2, 2, 1, 6, 7, 5, 4, 2, 106, 27, 43, 109, 136, 0]"
j20,1,stnu,600,True,33,0.8217220306396484,0.025833845138549805,"[0, 0, 0, 0, 1, 6, 6, 4, 13, 6, 13, 1, 13, 19, 18, 10, 15, 21, 28, 21, 10, 0, 0, 0, 0, 0, 33]","""[0, 6, 3, 1, 3, 7, 5, 4, 5, 4, 6, 1, 2, 2, 2, 1, 6, 7, 5, 4, 3, 106, 27, 43, 109, 136, 0]"""
j20,1,proactive_quantile_0.9,600,False,inf,0.10951781272888184,inf,"[0, 0, 0, 0, 2, 8, 8, 8, 15, 7, 15, 2, 15, 23, 22, 13, 18, 25, 33, 24, 12, 0, 0, 0, 0, 0, 136]","""[0, 6, 2, 1, 7, 6, 6, 5, 7, 4, 6, 3, 2, 2, 2, 2, 4, 5, 6, 1, 1, 106, 27, 43, 109, 136, 0]"""
j20,1,reactive,600,False,inf,inf,inf,null,"[0, 6, 2, 1, 7, 6, 6, 5, 7, 4, 6, 3, 2, 2, 2, 2, 4, 5, 6, 1, 1, 106, 27, 43, 109, 136, 0]"
j20,1,stnu,600,True,35,0.8123135566711426,0.02570962905883789,"[0, 0, 0, 0, 1, 8, 8, 8, 15, 8, 15, 1, 15, 22, 22, 13, 17, 24, 29, 22, 13, 0, 0, 0, 0, 0, 35]","""[0, 6, 2, 1, 7, 7, 6, 5, 7, 4, 6, 3, 2, 2, 2, 2, 4, 5, 6, 1, 2, 106, 27, 43, 109, 136, 0]"""
j20,1,proactive_quantile_0.9,600,True,40,0.09459543228149414,0.0010762214660644531,"[0, 0, 0, 0, 2, 8, 8, 8, 15, 7, 15, 2, 15, 23, 22, 13, 18, 25, 33, 24, 12, 0, 0, 0, 0, 0, 136]","""[0, 6, 2, 2, 5, 6, 5, 3, 5, 3, 7, 2, 2, 2, 1, 2, 4, 6, 6, 4, 1, 106, 27, 43, 109, 136, 0]"""
j20,1,reactive,600,True,39,0.09459543228149414,0.39007019996643066,"[0, 0, 0, 0, 2, 8, 8, 8, 15, 7, 15, 2, 15, 23, 22, 13, 18, 25, 33, 24, 12, 0, 0, 0, 0, 0, 39]","[0, 6, 2, 2, 5, 6, 5, 3, 5, 3, 7, 2, 2, 2, 1, 2, 4, 6, 6, 4, 1, 106, 27, 43, 109, 136, 0]"
j20,1,stnu,600,True,47,0.7586941719055176,0.027595043182373047,"[0, 0, 0, 0, 8, 14, 14, 14, 22, 7, 22, 8, 22, 32, 32, 24, 24, 36, 41, 32, 11, 0, 0, 0, 0, 0, 47]","""[0, 7, 8, 7, 6, 7, 5, 8, 10, 4, 8, 2, 2, 5, 4, 1, 4, 5, 6, 5, 12, 106, 27, 43, 109, 136, 0]"""
j20,1,stnu,600,False,inf,0.8126358985900879,inf,[],"""[0, 2, 9, 2, 1, 5, 6, 4, 6, 3, 1, 10, 6, 1, 7, 8, 5, 11, 4, 3, 1, 27, 94, 137, 120, 35, 98, 21, 43, 101, 0]"""
j20,1,stnu,600,False,inf,0.6709225177764893,inf,[],"""[0, 2, 6, 2, 2, 7, 4, 1, 3, 2, 2, 1, 2, 2, 5, 4, 3, 8, 3, 1, 1, 27, 94, 137, 120, 35, 98, 21, 43, 101, 0]"""
j20,1,stnu,600,False,inf,0.6724870204925537,inf,[],"""[0, 3, 5, 1, 2, 5, 5, 2, 2, 1, 1, 3, 2, 3, 5, 5, 5, 7, 5, 1, 2, 27, 94, 137, 120, 35, 98, 21, 43, 101, 0]"""
j20,1,stnu,600,False,inf,0.7000179290771484,inf,[],"""[0, 2, 4, 1, 1, 3, 5, 1, 2, 2, 1, 2, 3, 2, 3, 3, 6, 7, 3, 1, 1, 27, 94, 137, 120, 35, 98, 21, 43, 101, 0]"""
j20,1,stnu,600,False,inf,0.8012938499450684,inf,[],"""[0, 3, 8, 2, 2, 5, 8, 5, 7, 4, 1, 8, 6, 1, 5, 7, 6, 10, 5, 2, 2, 27, 94, 137, 120, 35, 98, 21, 43, 101, 0]"""
j20,1,stnu,600,False,inf,0.7113733291625977,inf,[],"""[0, 3, 7, 2, 1, 6, 7, 5, 8, 3, 1, 10, 5, 1, 6, 7, 4, 9, 5, 2, 1, 27, 94, 137, 120, 35, 98, 21, 43, 101, 0]"""
j20,1,stnu,600,False,inf,0.8522601127624512,inf,[],"""[0, 2, 5, 2, 1, 4, 5, 3, 3, 1, 2, 2, 3, 3, 4, 3, 4, 6, 3, 1, 1, 27, 94, 137, 120, 35, 98, 21, 43, 101, 0]"""
j20,1,stnu,600,False,inf,0.7776265144348145,inf,[],"""[0, 4, 4, 1, 2, 4, 5, 2, 1, 2, 2, 3, 2, 3, 5, 5, 6, 7, 3, 1, 2, 27, 94, 137, 120, 35, 98, 21, 43, 101, 0]"""
j20,1,stnu,600,False,inf,0.8907885551452637,inf,[],"""[0, 1, 5, 1, 1, 5, 5, 1, 1, 2, 1, 3, 1, 3, 4, 6, 4, 8, 3, 2, 2, 27, 94, 137, 120, 35, 98, 21, 43, 101, 0]"""
j20,1,stnu,600,False,inf,0.7024891376495361,inf,[],"""[0, 2, 9, 2, 2, 7, 5, 5, 7, 4, 2, 10, 4, 3, 5, 5, 4, 8, 5, 2, 2, 27, 94, 137, 120, 35, 98, 21, 43, 101, 0]"""
j20,1,proactive_quantile_0.9,600,True,33,0.15460753440856934,0.0009474754333496094,"[0, 0, 0, 0, 6, 2, 9, 6, 6, 2, 10, 10, 12, 2, 18, 6, 17, 25, 19, 28, 12, 0, 0, 0, 0, 0, 0, 87]","""[0, 2, 6, 1, 3, 1, 8, 3, 1, 4, 1, 2, 5, 1, 6, 3, 1, 1, 8, 3, 9, 24, 87, 60, 48, 48, 79, 0]"""
j20,1,reactive,600,True,31,0.15460753440856934,0.28262925148010254,"[0, 0, 0, 0, 6, 2, 9, 6, 6, 2, 10, 10, 12, 2, 18, 6, 17, 25, 19, 28, 12, 0, 0, 0, 0, 0, 0, 31]","[0, 2, 6, 1, 3, 1, 8, 3, 1, 4, 1, 2, 5, 1, 6, 3, 1, 1, 8, 3, 9, 24, 87, 60, 48, 48, 79, 0]"
j20,1,stnu,600,True,27,0.9398996829986572,0.026364803314208984,"[0, 0, 0, 0, 6, 2, 9, 3, 6, 2, 6, 6, 8, 1, 17, 3, 13, 23, 14, 24, 9, 0, 0, 0, 0, 0, 0, 27]","""[0, 2, 6, 1, 3, 1, 8, 3, 1, 4, 2, 2, 5, 1, 6, 3, 1, 1, 8, 3, 5, 24, 87, 60, 48, 48, 79, 0]"""
j20,1,proactive_quantile_0.9,600,True,33,0.08031535148620605,0.000881195068359375,"[0, 0, 0, 0, 6, 2, 9, 6, 6, 2, 10, 10, 12, 2, 18, 6, 17, 25, 19, 28, 12, 0, 0, 0, 0, 0, 0, 87]","""[0, 1, 5, 2, 2, 2, 8, 1, 1, 3, 1, 2, 4, 1, 7, 4, 1, 2, 9, 2, 7, 24, 87, 60, 48, 48, 79, 0]"""
j20,1,reactive,600,True,30,0.08031535148620605,0.29412078857421875,"[0, 0, 0, 0, 6, 2, 9, 6, 6, 2, 10, 10, 12, 2, 18, 6, 17, 25, 19, 28, 12, 0, 0, 0, 0, 0, 0, 30]","[0, 1, 5, 2, 2, 2, 8, 1, 1, 3, 1, 2, 4, 1, 7, 4, 1, 2, 9, 2, 7, 24, 87, 60, 48, 48, 79, 0]"
j20,1,stnu,600,True,38,0.6799790859222412,0.026010751724243164,"[0, 0, 0, 0, 5, 4, 9, 6, 6, 4, 13, 13, 17, 11, 17, 6, 21, 24, 29, 26, 17, 0, 0, 0, 0, 0, 0, 38]","""[0, 4, 5, 11, 3, 2, 8, 5, 1, 5, 1, 4, 4, 2, 7, 6, 8, 2, 9, 2, 5, 24, 87, 60, 48, 48, 79, 0]"""
j20,1,proactive_quantile_0.9,600,True,33,0.1772782802581787,0.0009286403656005859,"[0, 0, 0, 0, 6, 2, 9, 6, 6, 2, 10, 10, 12, 2, 18, 6, 17, 25, 19, 28, 12, 0, 0, 0, 0, 0, 0, 87]","""[0, 2, 2, 1, 2, 4, 8, 3, 2, 2, 2, 1, 5, 2, 4, 4, 2, 2, 8, 3, 8, 24, 87, 60, 48, 48, 79, 0]"""
j20,1,reactive,600,True,30,0.1772782802581787,0.24473834037780762,"[0, 0, 0, 0, 6, 2, 9, 6, 6, 2, 10, 10, 12, 2, 18, 6, 17, 25, 19, 27, 12, 0, 0, 0, 0, 0, 0, 30]","[0, 2, 2, 1, 2, 4, 8, 3, 2, 2, 2, 1, 5, 2, 4, 4, 2, 2, 8, 3, 8, 24, 87, 60, 48, 48, 79, 0]"
j20,1,stnu,600,True,41,0.7094306945800781,0.026296138763427734,"[0, 0, 0, 0, 7, 4, 13, 8, 8, 4, 15, 15, 20, 10, 21, 8, 25, 30, 33, 32, 21, 0, 0, 0, 0, 0, 0, 41]","""[0, 4, 7, 10, 6, 4, 8, 7, 2, 5, 2, 5, 5, 2, 9, 4, 8, 2, 8, 3, 6, 24, 87, 60, 48, 48, 79, 0]"""
j20,1,proactive_quantile_0.9,600,True,33,0.07203984260559082,0.0010035037994384766,"[0, 0, 0, 0, 6, 2, 9, 6, 6, 2, 10, 10, 12, 2, 18, 6, 17, 25, 19, 28, 12, 0, 0, 0, 0, 0, 0, 87]","""[0, 2, 3, 2, 2, 4, 8, 3, 2, 2, 2, 2, 5, 2, 6, 5, 1, 2, 9, 4, 8, 24, 87, 60, 48, 48, 79, 0]"""
j20,1,reactive,600,True,32,0.07203984260559082,0.25775671005249023,"[0, 0, 0, 0, 6, 2, 9, 6, 6, 2, 10, 10, 12, 2, 18, 6, 17, 25, 19, 28, 12, 0, 0, 0, 0, 0, 0, 32]","[0, 2, 3, 2, 2, 4, 8, 3, 2, 2, 2, 2, 5, 2, 6, 5, 1, 2, 9, 4, 8, 24, 87, 60, 48, 48, 79, 0]"
j20,1,stnu,600,True,39,0.804398775100708,0.026981353759765625,"[0, 0, 0, 0, 6, 4, 10, 8, 8, 4, 13, 13, 18, 10, 18, 8, 23, 26, 30, 28, 18, 0, 0, 0, 0, 0, 0, 39]","""[0, 4, 6, 6, 4, 4, 8, 5, 2, 4, 2, 5, 5, 1, 8, 4, 7, 2, 9, 4, 3, 24, 87, 60, 48, 48, 79, 0]"""
j20,1,proactive_quantile_0.9,600,True,33,0.0787045955657959,0.000972747802734375,"[0, 0, 0, 0, 6, 2, 9, 6, 6, 2, 10, 10, 12, 2, 18, 6, 17, 25, 19, 28, 12, 0, 0, 0, 0, 0, 0, 87]","""[0, 1, 4, 2, 2, 3, 7, 2, 1, 4, 2, 2, 4, 2, 7, 4, 1, 1, 7, 5, 10, 24, 87, 60, 48, 48, 79, 0]"""
j20,1,reactive,600,True,31,0.0787045955657959,0.4181082248687744,"[0, 0, 0, 0, 6, 2, 9, 6, 6, 2, 10, 10, 12, 2, 18, 6, 17, 25, 19, 26, 12, 0, 0, 0, 0, 0, 0, 31]","[0, 1, 4, 2, 2, 3, 7, 2, 1, 4, 2, 2, 4, 2, 7, 4, 1, 1, 7, 5, 10, 24, 87, 60, 48, 48, 79, 0]"
j20,1,stnu,600,True,27,0.8925433158874512,0.0270993709564209,"[0, 0, 0, 0, 5, 2, 7, 5, 6, 2, 7, 7, 9, 2, 14, 5, 13, 21, 14, 22, 9, 0, 0, 0, 0, 0, 0, 27]","""[0, 1, 4, 2, 2, 3, 7, 2, 1, 4, 1, 2, 4, 2, 7, 4, 1, 1, 7, 5, 3, 24, 87, 60, 48, 48, 79, 0]"""
j20,1,proactive_quantile_0.9,600,True,33,0.153411865234375,0.0009191036224365234,"[0, 0, 0, 0, 6, 2, 9, 6, 6, 2, 10, 10, 12, 2, 18, 6, 17, 25, 19, 28, 12, 0, 0, 0, 0, 0, 0, 87]","""[0, 1, 2, 1, 2, 3, 8, 1, 2, 2, 2, 2, 6, 1, 4, 5, 1, 2, 8, 3, 9, 24, 87, 60, 48, 48, 79, 0]"""
j20,1,reactive,600,False,inf,inf,inf,null,"[0, 1, 2, 1, 2, 3, 8, 1, 2, 2, 2, 2, 6, 1, 4, 5, 1, 2, 8, 3, 9, 24, 87, 60, 48, 48, 79, 0]"
j20,1,stnu,600,True,27,1.1902668476104736,0.02725076675415039,"[0, 0, 0, 0, 4, 1, 6, 4, 4, 1, 5, 5, 7, 1, 14, 4, 13, 22, 14, 24, 7, 0, 0, 0, 0, 0, 0, 27]","""[0, 1, 2, 1, 2, 3, 8, 1, 2, 2, 2, 2, 6, 1, 4, 5, 1, 2, 8, 3, 7, 24, 87, 60, 48, 48, 79, 0]"""
j20,1,proactive_quantile_0.9,600,True,45,0.08144426345825195,0.0009539127349853516,"[0, 0, 0, 0, 7, 6, 13, 10, 10, 6, 17, 17, 23, 2, 22, 10, 28, 31, 36, 34, 23, 0, 0, 0, 0, 0, 0, 87]","""[0, 6, 6, 1, 4, 1, 7, 5, 1, 3, 2, 5, 5, 3, 8, 6, 6, 1, 8, 5, 4, 24, 87, 60, 48, 48, 79, 0]"""
j20,1,reactive,600,True,44,0.08144426345825195,0.3304433822631836,"[0, 0, 0, 0, 7, 6, 13, 10, 10, 6, 17, 17, 23, 2, 22, 10, 28, 31, 36, 34, 23, 0, 0, 0, 0, 0, 0, 44]","[0, 6, 6, 1, 4, 1, 7, 5, 1, 3, 2, 5, 5, 3, 8, 6, 6, 1, 8, 5, 4, 24, 87, 60, 48, 48, 79, 0]"
j20,1,stnu,600,True,37,0.9688806533813477,0.027029991149902344,"[0, 0, 0, 0, 6, 6, 10, 7, 7, 6, 12, 13, 18, 9, 17, 7, 23, 25, 29, 26, 18, 0, 0, 0, 0, 0, 0, 37]","""[0, 6, 6, 8, 4, 1, 7, 5, 1, 3, 2, 5, 5, 3, 8, 6, 6, 1, 8, 5, 4, 24, 87, 60, 48, 48, 79, 0]"""
j20,1,proactive_quantile_0.9,600,True,45,0.10686254501342773,0.0009796619415283203,"[0, 0, 0, 0, 7, 6, 13, 10, 10, 6, 17, 17, 23, 2, 22, 10, 28, 31, 36, 34, 23, 0, 0, 0, 0, 0, 0, 87]","""[0, 4, 5, 1, 3, 4, 7, 7, 1, 4, 1, 5, 3, 2, 9, 4, 6, 2, 8, 4, 3, 24, 87, 60, 48, 48, 79, 0]"""
j20,1,reactive,600,True,44,0.10686254501342773,0.37242841720581055,"[0, 0, 0, 0, 7, 6, 13, 10, 10, 6, 17, 17, 23, 2, 22, 10, 28, 31, 36, 34, 23, 0, 0, 0, 0, 0, 0, 44]","[0, 4, 5, 1, 3, 4, 7, 7, 1, 4, 1, 5, 3, 2, 9, 4, 6, 2, 8, 4, 3, 24, 87, 60, 48, 48, 79, 0]"
j20,1,stnu,600,True,37,0.8479170799255371,0.027043819427490234,"[0, 0, 0, 0, 5, 4, 8, 8, 8, 4, 15, 15, 20, 11, 16, 8, 23, 25, 29, 27, 20, 0, 0, 0, 0, 0, 0, 37]","""[0, 4, 5, 11, 3, 4, 7, 7, 1, 4, 1, 5, 3, 2, 9, 4, 6, 2, 8, 4, 3, 24, 87, 60, 48, 48, 79, 0]"""
j20,1,proactive_quantile_0.9,600,True,33,0.08016753196716309,0.0009584426879882812,"[0, 0, 0, 0, 6, 2, 9, 6, 6, 2, 10, 10, 12, 2, 18, 6, 17, 25, 19, 28, 12, 0, 0, 0, 0, 0, 0, 87]","""[0, 2, 7, 2, 3, 2, 9, 3, 2, 3, 1, 1, 3, 1, 5, 3, 2, 1, 8, 5, 11, 24, 87, 60, 48, 48, 79, 0]"""
j20,1,reactive,600,False,inf,inf,inf,null,"[0, 2, 7, 2, 3, 2, 9, 3, 2, 3, 1, 1, 3, 1, 5, 3, 2, 1, 8, 5, 11, 24, 87, 60, 48, 48, 79, 0]"
j20,1,stnu,600,True,35,0.7254593372344971,0.026240825653076172,"[0, 0, 0, 0, 6, 4, 11, 6, 6, 4, 11, 13, 17, 8, 20, 6, 20, 26, 27, 27, 20, 0, 0, 0, 0, 0, 0, 35]","""[0, 4, 6, 7, 5, 2, 9, 5, 2, 2, 1, 4, 3, 3, 6, 7, 7, 1, 8, 5, 6, 24, 87, 60, 48, 48, 79, 0]"""
j20,1,proactive_quantile_0.9,600,True,33,0.10193800926208496,0.0009191036224365234,"[0, 0, 0, 0, 6, 2, 9, 6, 6, 2, 10, 10, 12, 2, 18, 6, 17, 25, 19, 28, 12, 0, 0, 0, 0, 0, 0, 87]","""[0, 2, 7, 2, 1, 2, 8, 3, 1, 2, 2, 1, 3, 1, 5, 4, 2, 2, 9, 3, 11, 24, 87, 60, 48, 48, 79, 0]"""
j20,1,reactive,600,False,inf,inf,inf,null,"[0, 2, 7, 2, 1, 2, 8, 3, 1, 2, 2, 1, 3, 1, 5, 4, 2, 2, 9, 3, 11, 24, 87, 60, 48, 48, 79, 0]"
j20,1,stnu,600,True,40,0.6810824871063232,0.025960445404052734,"[0, 0, 0, 0, 7, 7, 12, 9, 9, 7, 15, 15, 19, 10, 20, 9, 22, 28, 31, 30, 20, 0, 0, 0, 0, 0, 0, 40]","""[0, 7, 4, 9, 5, 2, 8, 6, 1, 3, 2, 4, 3, 3, 8, 5, 9, 2, 9, 3, 5, 24, 87, 60, 48, 48, 79, 0]"""
j20,1,proactive_quantile_0.9,600,True,59,0.07531952857971191,0.0005755424499511719,"[0, 0, 0, 0, 8, 16, 16, 8, 24, 7, 16, 24, 12, 7, 35, 43, 24, 30, 31, 52, 35, 0, 153]","""[0, 6, 3, 2, 8, 6, 3, 8, 10, 4, 1, 4, 5, 2, 6, 5, 4, 3, 2, 7, 4, 153, 0]"""
j20,1,reactive,600,True,55,0.07531952857971191,0.32790184020996094,"[0, 0, 0, 0, 8, 16, 16, 8, 24, 7, 16, 24, 12, 7, 35, 43, 24, 30, 31, 48, 35, 0, 55]","[0, 6, 3, 2, 8, 6, 3, 8, 10, 4, 1, 4, 5, 2, 6, 5, 4, 3, 2, 7, 4, 153, 0]"
j20,1,stnu,600,True,25,0.8158054351806641,0.02052903175354004,"[0, 0, 0, 0, 3, 5, 5, 3, 8, 3, 6, 8, 5, 3, 14, 15, 8, 12, 12, 21, 14, 0, 25]","""[0, 3, 3, 2, 2, 3, 1, 2, 6, 1, 1, 4, 1, 3, 1, 6, 1, 2, 2, 4, 3, 153, 0]"""
j20,1,proactive_quantile_0.9,600,True,36,0.30245256423950195,0.0005640983581542969,"[0, 0, 0, 0, 7, 9, 9, 11, 13, 7, 9, 13, 9, 7, 20, 22, 13, 17, 17, 29, 20, 0, 153]","""[0, 6, 6, 4, 1, 4, 2, 5, 6, 2, 1, 2, 3, 2, 2, 4, 4, 2, 1, 6, 3, 153, 0]"""
j20,1,reactive,600,True,35,0.30245256423950195,0.30324745178222656,"[0, 0, 0, 0, 7, 9, 9, 11, 13, 7, 9, 13, 9, 7, 20, 22, 13, 17, 17, 29, 20, 0, 35]","[0, 6, 6, 4, 1, 4, 2, 5, 6, 2, 1, 2, 3, 2, 2, 4, 4, 2, 1, 6, 3, 153, 0]"
j20,1,stnu,600,True,47,0.8741469383239746,0.021270275115966797,"[0, 0, 0, 0, 6, 12, 12, 6, 18, 6, 12, 18, 11, 6, 28, 33, 18, 22, 23, 41, 26, 0, 47]","""[0, 6, 6, 4, 6, 6, 4, 5, 10, 5, 1, 4, 5, 2, 5, 8, 5, 4, 10, 6, 7, 153, 0]"""
j20,1,proactive_quantile_0.9,600,True,34,0.291414737701416,0.0005412101745605469,"[0, 0, 0, 0, 7, 9, 10, 7, 13, 7, 9, 13, 12, 7, 20, 22, 16, 17, 20, 29, 20, 0, 153]","""[0, 5, 5, 3, 1, 3, 1, 2, 5, 1, 1, 3, 2, 5, 2, 5, 2, 1, 11, 5, 4, 153, 0]"""
j20,1,reactive,600,True,32,0.291414737701416,0.4801969528198242,"[0, 0, 0, 0, 7, 9, 10, 7, 13, 7, 9, 13, 12, 7, 20, 22, 16, 17, 20, 27, 20, 0, 32]","[0, 5, 5, 3, 1, 3, 1, 2, 5, 1, 1, 3, 2, 5, 2, 5, 2, 1, 11, 5, 4, 153, 0]"
j20,1,stnu,600,True,49,0.7632260322570801,0.02054738998413086,"[0, 0, 0, 0, 7, 14, 14, 7, 20, 5, 14, 20, 8, 5, 29, 37, 20, 25, 26, 44, 28, 0, 49]","""[0, 7, 5, 3, 7, 6, 1, 6, 9, 3, 1, 5, 7, 2, 5, 7, 6, 3, 11, 5, 6, 153, 0]"""
j20,1,proactive_quantile_0.9,600,True,36,0.11646008491516113,0.0005178451538085938,"[0, 0, 0, 0, 7, 9, 9, 11, 13, 7, 9, 13, 9, 7, 20, 22, 13, 17, 17, 29, 20, 0, 153]","""[0, 5, 5, 2, 2, 2, 1, 7, 5, 2, 2, 2, 2, 2, 2, 6, 2, 2, 3, 5, 5, 153, 0]"""
j20,1,reactive,600,True,34,0.11646008491516113,0.30402135848999023,"[0, 0, 0, 0, 7, 9, 9, 11, 13, 7, 9, 13, 9, 7, 20, 22, 13, 17, 17, 29, 20, 0, 34]","[0, 5, 5, 2, 2, 2, 1, 7, 5, 2, 2, 2, 2, 2, 2, 6, 2, 2, 3, 5, 5, 153, 0]"
j20,1,stnu,600,True,49,0.7177574634552002,0.02047276496887207,"[0, 0, 0, 0, 7, 15, 15, 7, 21, 5, 15, 21, 10, 5, 30, 36, 21, 26, 27, 44, 30, 0, 49]","""[0, 7, 5, 2, 8, 6, 4, 7, 9, 5, 2, 5, 6, 3, 6, 8, 6, 4, 8, 5, 5, 153, 0]"""
j20,1,proactive_quantile_0.9,600,True,36,0.2994818687438965,0.0005118846893310547,"[0, 0, 0, 0, 7, 9, 9, 11, 13, 7, 9, 13, 9, 7, 20, 22, 13, 17, 17, 29, 20, 0, 153]","""[0, 5, 5, 1, 2, 3, 1, 5, 3, 2, 3, 3, 3, 2, 2, 4, 2, 3, 2, 5, 4, 153, 0]"""
j20,1,reactive,600,True,34,0.2994818687438965,0.2951338291168213,"[0, 0, 0, 0, 7, 9, 9, 11, 13, 7, 9, 13, 9, 7, 20, 22, 13, 17, 17, 29, 20, 0, 34]","[0, 5, 5, 1, 2, 3, 1, 5, 3, 2, 3, 3, 3, 2, 2, 4, 2, 3, 2, 5, 4, 153, 0]"
j20,1,stnu,600,True,50,0.8006587028503418,0.021731138229370117,"[0, 0, 0, 0, 7, 13, 13, 7, 19, 5, 13, 19, 9, 5, 29, 37, 19, 24, 27, 45, 28, 0, 50]","""[0, 7, 5, 1, 6, 6, 3, 5, 10, 4, 3, 5, 6, 1, 6, 8, 8, 4, 10, 5, 7, 153, 0]"""
j20,1,proactive_quantile_0.9,600,True,36,0.3134171962738037,0.0005729198455810547,"[0, 0, 0, 0, 7, 9, 9, 11, 13, 7, 9, 13, 9, 7, 20, 22, 13, 17, 17, 29, 20, 0, 153]","""[0, 5, 6, 4, 2, 2, 1, 6, 4, 2, 2, 2, 3, 1, 2, 6, 4, 1, 1, 5, 3, 153, 0]"""
j20,1,reactive,600,True,34,0.3134171962738037,0.3403024673461914,"[0, 0, 0, 0, 7, 9, 9, 11, 13, 7, 9, 13, 9, 7, 20, 22, 13, 17, 17, 29, 20, 0, 34]","[0, 5, 6, 4, 2, 2, 1, 6, 4, 2, 2, 2, 3, 1, 2, 6, 4, 1, 1, 5, 3, 153, 0]"
j20,1,stnu,600,True,27,0.8624231815338135,0.02121114730834961,"[0, 0, 0, 0, 6, 8, 8, 6, 11, 6, 9, 11, 8, 6, 16, 18, 11, 15, 15, 24, 16, 0, 27]","""[0, 5, 6, 4, 2, 2, 1, 2, 4, 2, 2, 2, 3, 1, 2, 6, 4, 1, 1, 3, 3, 153, 0]"""
j20,1,proactive_quantile_0.9,600,True,36,0.28867101669311523,0.0005710124969482422,"[0, 0, 0, 0, 7, 9, 9, 11, 13, 7, 9, 13, 9, 7, 20, 22, 13, 17, 17, 29, 20, 0, 153]","""[0, 8, 5, 2, 1, 3, 2, 5, 4, 2, 2, 3, 3, 2, 2, 6, 2, 3, 2, 4, 5, 153, 0]"""
j20,1,reactive,600,False,inf,inf,inf,null,"[0, 8, 5, 2, 1, 3, 2, 5, 4, 2, 2, 3, 3, 2, 2, 6, 2, 3, 2, 4, 5, 153, 0]"
j20,1,stnu,600,True,30,0.9925343990325928,0.021209239959716797,"[0, 0, 0, 0, 8, 9, 9, 8, 12, 5, 11, 13, 9, 5, 18, 20, 13, 16, 16, 26, 19, 0, 30]","""[0, 8, 5, 2, 1, 3, 2, 2, 4, 2, 2, 3, 3, 2, 2, 6, 2, 3, 2, 4, 5, 153, 0]"""
j20,1,proactive_quantile_0.9,600,True,36,0.10031819343566895,0.0005593299865722656,"[0, 0, 0, 0, 7, 9, 9, 11, 13, 7, 9, 13, 9, 7, 20, 22, 13, 17, 17, 29, 20, 0, 153]","""[0, 7, 5, 4, 1, 3, 1, 7, 3, 1, 1, 3, 4, 2, 1, 6, 3, 3, 1, 8, 4, 153, 0]"""
j20,1,reactive,600,True,37,0.10031819343566895,0.35775065422058105,"[0, 0, 0, 0, 7, 9, 9, 11, 13, 7, 9, 13, 9, 7, 20, 22, 13, 17, 17, 29, 20, 0, 37]","[0, 7, 5, 4, 1, 3, 1, 7, 3, 1, 1, 3, 4, 2, 1, 6, 3, 3, 1, 8, 4, 153, 0]"
j20,1,stnu,600,True,55,0.8627967834472656,0.021221160888671875,"[0, 0, 0, 0, 8, 16, 16, 8, 23, 5, 16, 23, 8, 5, 32, 40, 23, 27, 30, 47, 31, 0, 55]","""[0, 8, 5, 4, 8, 7, 3, 7, 9, 3, 1, 4, 8, 2, 5, 7, 7, 4, 10, 8, 5, 153, 0]"""
j20,1,proactive_quantile_0.9,600,True,36,0.30130910873413086,0.0005755424499511719,"[0, 0, 0, 0, 7, 9, 9, 11, 13, 7, 9, 13, 9, 7, 20, 22, 13, 17, 17, 29, 20, 0, 153]","""[0, 7, 6, 3, 2, 1, 1, 7, 6, 2, 3, 2, 3, 2, 2, 5, 3, 2, 3, 7, 3, 153, 0]"""
j20,1,reactive,600,True,34,0.30130910873413086,0.2673759460449219,"[0, 0, 0, 0, 7, 9, 9, 11, 13, 7, 9, 13, 9, 7, 20, 22, 13, 17, 17, 27, 20, 0, 34]","[0, 7, 6, 3, 2, 1, 1, 7, 6, 2, 3, 2, 3, 2, 2, 5, 3, 2, 3, 7, 3, 153, 0]"
j20,1,stnu,600,True,30,0.8405590057373047,0.02111029624938965,"[0, 0, 0, 0, 7, 9, 9, 7, 12, 6, 10, 13, 9, 6, 19, 21, 13, 16, 16, 26, 19, 0, 30]","""[0, 7, 6, 3, 2, 1, 1, 2, 6, 2, 3, 2, 3, 2, 2, 5, 3, 2, 3, 4, 3, 153, 0]"""
j20,1,proactive_quantile_0.9,600,True,36,0.309736967086792,0.000514984130859375,"[0, 0, 0, 0, 7, 9, 9, 11, 13, 7, 9, 13, 9, 7, 20, 22, 13, 17, 17, 29, 20, 0, 153]","""[0, 5, 6, 3, 1, 3, 2, 5, 6, 2, 2, 2, 2, 2, 2, 6, 3, 1, 3, 5, 4, 153, 0]"""
j20,1,reactive,600,True,34,0.309736967086792,0.3209500312805176,"[0, 0, 0, 0, 7, 9, 9, 11, 13, 7, 9, 13, 9, 7, 20, 22, 13, 17, 17, 29, 20, 0, 34]","[0, 5, 6, 3, 1, 3, 2, 5, 6, 2, 2, 2, 2, 2, 2, 6, 3, 1, 3, 5, 4, 153, 0]"
j20,1,stnu,600,True,46,0.732792854309082,0.02032780647277832,"[0, 0, 0, 0, 6, 11, 11, 6, 16, 6, 10, 16, 9, 6, 27, 33, 16, 20, 20, 41, 24, 0, 46]","""[0, 6, 6, 3, 4, 5, 2, 5, 11, 3, 2, 4, 6, 3, 6, 8, 3, 4, 8, 5, 6, 153, 0]"""
j20,1,proactive_quantile_0.9,600,True,37,0.17958569526672363,0.0010302066802978516,"[0, 0, 0, 0, 3, 19, 2, 3, 8, 6, 12, 12, 10, 12, 12, 27, 27, 18, 15, 20, 34, 0, 0, 0, 0, 0, 146]","""[0, 2, 1, 2, 5, 7, 3, 7, 3, 4, 10, 3, 1, 1, 4, 4, 5, 1, 2, 3, 3, 55, 146, 146, 58, 46, 0]"""
j20,1,reactive,600,True,35,0.17958569526672363,0.3985135555267334,"[0, 0, 0, 0, 3, 19, 2, 3, 8, 6, 12, 12, 10, 12, 12, 27, 27, 18, 15, 20, 32, 0, 0, 0, 0, 0, 35]","[0, 2, 1, 2, 5, 7, 3, 7, 3, 4, 10, 3, 1, 1, 4, 4, 5, 1, 2, 3, 3, 55, 146, 146, 58, 46, 0]"
j20,1,stnu,600,False,inf,0.7609281539916992,inf,[],"""[0, 6, 1, 9, 4, 9, 4, 7, 4, 4, 7, 2, 4, 8, 7, 5, 6, 1, 6, 9, 3, 55, 146, 146, 58, 46, 0]"""
j20,1,proactive_quantile_0.9,600,True,41,0.113006591796875,0.0010797977447509766,"[0, 0, 0, 0, 7, 9, 2, 7, 16, 2, 21, 18, 16, 22, 22, 28, 22, 31, 31, 35, 36, 0, 0, 0, 0, 0, 146]","""[0, 7, 1, 8, 5, 8, 6, 6, 3, 3, 7, 2, 4, 7, 8, 6, 6, 2, 5, 5, 3, 55, 146, 146, 58, 46, 0]"""
j20,1,reactive,600,True,40,0.113006591796875,0.41156816482543945,"[0, 0, 0, 0, 7, 9, 2, 7, 16, 2, 21, 18, 16, 22, 22, 28, 22, 31, 31, 35, 36, 0, 0, 0, 0, 0, 40]","[0, 7, 1, 8, 5, 8, 6, 6, 3, 3, 7, 2, 4, 7, 8, 6, 6, 2, 5, 5, 3, 55, 146, 146, 58, 46, 0]"
j20,1,stnu,600,False,inf,0.7290303707122803,inf,[],"""[0, 7, 1, 8, 5, 8, 6, 6, 3, 3, 7, 2, 4, 7, 8, 6, 6, 2, 5, 8, 3, 55, 146, 146, 58, 46, 0]"""
j20,1,proactive_quantile_0.9,600,False,inf,0.13685274124145508,inf,"[0, 0, 0, 0, 7, 9, 2, 7, 16, 2, 21, 18, 16, 22, 22, 28, 22, 31, 31, 35, 36, 0, 0, 0, 0, 0, 146]","""[0, 5, 1, 7, 4, 7, 7, 7, 4, 2, 7, 1, 4, 8, 9, 5, 10, 2, 5, 4, 6, 55, 146, 146, 58, 46, 0]"""
j20,1,reactive,600,False,inf,inf,inf,null,"[0, 5, 1, 7, 4, 7, 7, 7, 4, 2, 7, 1, 4, 8, 9, 5, 10, 2, 5, 4, 6, 55, 146, 146, 58, 46, 0]"
j20,1,stnu,600,False,inf,0.6484560966491699,inf,[],"""[0, 5, 1, 7, 4, 7, 7, 7, 4, 2, 7, 1, 4, 8, 9, 5, 10, 2, 5, 10, 6, 55, 146, 146, 58, 46, 0]"""
j20,1,proactive_quantile_0.9,600,True,37,0.161515474319458,0.0010483264923095703,"[0, 0, 0, 0, 3, 19, 2, 3, 8, 6, 12, 12, 10, 12, 12, 27, 27, 18, 15, 20, 34, 0, 0, 0, 0, 0, 146]","""[0, 1, 2, 2, 4, 5, 2, 7, 2, 3, 10, 1, 2, 1, 3, 6, 6, 1, 2, 4, 2, 55, 146, 146, 58, 46, 0]"""
j20,1,reactive,600,True,36,0.161515474319458,0.447770357131958,"[0, 0, 0, 0, 3, 19, 2, 3, 8, 6, 12, 12, 10, 12, 12, 27, 27, 18, 15, 20, 34, 0, 0, 0, 0, 0, 36]","[0, 1, 2, 2, 4, 5, 2, 7, 2, 3, 10, 1, 2, 1, 3, 6, 6, 1, 2, 4, 2, 55, 146, 146, 58, 46, 0]"
j20,1,stnu,600,False,inf,0.6962225437164307,inf,[],"""[0, 5, 2, 7, 4, 10, 7, 7, 4, 3, 6, 2, 3, 6, 9, 7, 8, 2, 3, 7, 2, 55, 146, 146, 58, 46, 0]"""
j20,1,proactive_quantile_0.9,600,True,41,0.10246658325195312,0.0012440681457519531,"[0, 0, 0, 0, 7, 9, 2, 7, 16, 2, 21, 18, 16, 22, 22, 28, 22, 31, 31, 35, 36, 0, 0, 0, 0, 0, 146]","""[0, 5, 1, 7, 8, 8, 6, 9, 4, 3, 5, 2, 4, 9, 8, 8, 8, 2, 4, 2, 4, 55, 146, 146, 58, 46, 0]"""
j20,1,reactive,600,True,40,0.10246658325195312,0.45865893363952637,"[0, 0, 0, 0, 7, 9, 2, 7, 16, 2, 21, 18, 16, 22, 22, 28, 22, 31, 31, 35, 36, 0, 0, 0, 0, 0, 40]","[0, 5, 1, 7, 8, 8, 6, 9, 4, 3, 5, 2, 4, 9, 8, 8, 8, 2, 4, 2, 4, 55, 146, 146, 58, 46, 0]"
j20,1,stnu,600,False,inf,0.859015941619873,inf,[],"""[0, 5, 1, 7, 8, 8, 6, 9, 4, 3, 5, 2, 4, 9, 8, 8, 8, 2, 4, 10, 4, 55, 146, 146, 58, 46, 0]"""
j20,1,proactive_quantile_0.9,600,True,41,0.0846405029296875,0.0011241436004638672,"[0, 0, 0, 0, 7, 9, 2, 7, 16, 2, 21, 18, 16, 22, 22, 28, 22, 31, 31, 35, 36, 0, 0, 0, 0, 0, 146]","""[0, 7, 2, 7, 7, 8, 7, 9, 4, 5, 4, 3, 6, 7, 7, 5, 5, 3, 4, 3, 5, 55, 146, 146, 58, 46, 0]"""
j20,1,reactive,600,True,41,0.0846405029296875,0.26421308517456055,"[0, 0, 0, 0, 7, 9, 2, 7, 16, 2, 21, 18, 16, 22, 22, 28, 22, 31, 31, 35, 36, 0, 0, 0, 0, 0, 41]","[0, 7, 2, 7, 7, 8, 7, 9, 4, 5, 4, 3, 6, 7, 7, 5, 5, 3, 4, 3, 5, 55, 146, 146, 58, 46, 0]"
j20,1,stnu,600,False,inf,0.7907118797302246,inf,[],"""[0, 7, 2, 7, 7, 8, 7, 9, 4, 5, 4, 3, 6, 7, 7, 5, 5, 3, 4, 10, 5, 55, 146, 146, 58, 46, 0]"""
j20,1,proactive_quantile_0.9,600,True,37,0.1517016887664795,0.0010867118835449219,"[0, 0, 0, 0, 3, 19, 2, 3, 8, 6, 12, 12, 10, 12, 12, 27, 27, 18, 15, 20, 34, 0, 0, 0, 0, 0, 146]","""[0, 2, 1, 2, 4, 7, 3, 6, 2, 3, 10, 3, 1, 2, 5, 3, 7, 2, 1, 4, 1, 55, 146, 146, 58, 46, 0]"""
j20,1,reactive,600,True,35,0.1517016887664795,0.5339457988739014,"[0, 0, 0, 0, 3, 19, 2, 3, 8, 6, 12, 12, 10, 12, 12, 27, 27, 18, 15, 20, 34, 0, 0, 0, 0, 0, 35]","[0, 2, 1, 2, 4, 7, 3, 6, 2, 3, 10, 3, 1, 2, 5, 3, 7, 2, 1, 4, 1, 55, 146, 146, 58, 46, 0]"
j20,1,stnu,600,False,inf,1.2502365112304688,inf,[],"""[0, 6, 1, 9, 4, 10, 5, 6, 3, 3, 6, 2, 4, 8, 9, 6, 7, 3, 5, 12, 6, 55, 146, 146, 58, 46, 0]"""
j20,1,proactive_quantile_0.9,600,True,41,0.087158203125,0.0012178421020507812,"[0, 0, 0, 0, 7, 9, 2, 7, 16, 2, 21, 18, 16, 22, 22, 28, 22, 31, 31, 35, 36, 0, 0, 0, 0, 0, 146]","""[0, 5, 2, 8, 6, 7, 7, 8, 6, 4, 5, 3, 4, 6, 8, 7, 7, 1, 5, 4, 4, 55, 146, 146, 58, 46, 0]"""
j20,1,reactive,600,True,40,0.087158203125,0.4535353183746338,"[0, 0, 0, 0, 7, 9, 2, 7, 16, 2, 21, 18, 16, 22, 22, 28, 22, 31, 31, 35, 36, 0, 0, 0, 0, 0, 40]","[0, 5, 2, 8, 6, 7, 7, 8, 6, 4, 5, 3, 4, 6, 8, 7, 7, 1, 5, 4, 4, 55, 146, 146, 58, 46, 0]"
j20,1,stnu,600,False,inf,0.9402914047241211,inf,[],"""[0, 5, 2, 8, 6, 7, 7, 8, 6, 4, 5, 3, 4, 6, 8, 7, 7, 1, 5, 10, 4, 55, 146, 146, 58, 46, 0]"""
j20,1,proactive_quantile_0.9,600,True,37,0.1996002197265625,0.0013322830200195312,"[0, 0, 0, 0, 3, 19, 2, 3, 8, 6, 12, 12, 10, 12, 12, 27, 27, 18, 15, 20, 34, 0, 0, 0, 0, 0, 146]","""[0, 2, 1, 3, 4, 6, 2, 8, 3, 3, 9, 2, 1, 2, 7, 3, 6, 2, 2, 4, 1, 55, 146, 146, 58, 46, 0]"""
j20,1,reactive,600,False,inf,inf,inf,null,"[0, 2, 1, 3, 4, 6, 2, 8, 3, 3, 9, 2, 1, 2, 7, 3, 6, 2, 2, 4, 1, 55, 146, 146, 58, 46, 0]"
j20,1,stnu,600,False,inf,0.735274076461792,inf,[],"""[0, 6, 1, 7, 5, 9, 5, 8, 3, 3, 5, 1, 5, 7, 8, 8, 9, 3, 5, 9, 5, 55, 146, 146, 58, 46, 0]"""
j20,1,proactive_quantile_0.9,600,True,37,0.1869945526123047,0.0011360645294189453,"[0, 0, 0, 0, 3, 19, 2, 3, 8, 6, 12, 12, 10, 12, 12, 27, 27, 18, 15, 20, 34, 0, 0, 0, 0, 0, 146]","""[0, 1, 1, 3, 3, 6, 3, 7, 3, 2, 10, 2, 1, 1, 3, 5, 6, 1, 2, 5, 2, 55, 146, 146, 58, 46, 0]"""
j20,1,reactive,600,True,36,0.1869945526123047,0.545903205871582,"[0, 0, 0, 0, 3, 19, 2, 3, 8, 6, 12, 12, 10, 12, 12, 27, 27, 18, 15, 20, 34, 0, 0, 0, 0, 0, 36]","[0, 1, 1, 3, 3, 6, 3, 7, 3, 2, 10, 2, 1, 1, 3, 5, 6, 1, 2, 5, 2, 55, 146, 146, 58, 46, 0]"
j20,1,stnu,600,False,inf,0.7398853302001953,inf,[],"""[0, 6, 1, 7, 6, 7, 6, 7, 3, 3, 5, 2, 5, 8, 8, 6, 6, 2, 3, 9, 5, 55, 146, 146, 58, 46, 0]"""
j20,1,proactive_quantile_0.9,600,True,24,0.27464818954467773,0.0010149478912353516,"[0, 0, 0, 0, 2, 4, 2, 8, 8, 13, 10, 13, 13, 4, 11, 5, 8, 8, 20, 15, 21, 0, 0, 0, 0, 144]","""[0, 1, 8, 4, 1, 3, 5, 4, 3, 2, 1, 1, 6, 2, 7, 1, 2, 2, 1, 2, 2, 76, 94, 114, 144, 0]"""
j20,1,reactive,600,True,21,0.27464818954467773,0.3486318588256836,"[0, 0, 0, 0, 2, 4, 2, 8, 8, 13, 10, 13, 13, 4, 11, 5, 8, 8, 20, 15, 19, 0, 0, 0, 0, 21]","[0, 1, 8, 4, 1, 3, 5, 4, 3, 2, 1, 1, 6, 2, 7, 1, 2, 2, 1, 2, 2, 76, 94, 114, 144, 0]"
j20,1,stnu,600,True,35,0.7970328330993652,0.02506852149963379,"[0, 0, 0, 0, 9, 17, 9, 6, 23, 24, 23, 19, 17, 17, 24, 17, 19, 23, 32, 29, 29, 0, 0, 0, 0, 35]","""[0, 7, 6, 9, 8, 5, 5, 7, 1, 4, 6, 2, 6, 2, 8, 2, 4, 6, 3, 5, 2, 76, 94, 114, 144, 0]"""
j20,1,proactive_quantile_0.9,600,True,24,0.3050575256347656,0.00098419189453125,"[0, 0, 0, 0, 2, 4, 2, 8, 8, 13, 10, 13, 13, 4, 11, 5, 8, 8, 20, 15, 21, 0, 0, 0, 0, 144]","""[0, 1, 5, 3, 2, 1, 4, 3, 1, 2, 1, 2, 7, 1, 8, 3, 3, 1, 1, 2, 1, 76, 94, 114, 144, 0]"""
j20,1,reactive,600,True,21,0.3050575256347656,0.44793224334716797,"[0, 0, 0, 0, 2, 4, 2, 8, 8, 13, 10, 13, 13, 4, 11, 5, 8, 8, 20, 15, 20, 0, 0, 0, 0, 21]","[0, 1, 5, 3, 2, 1, 4, 3, 1, 2, 1, 2, 7, 1, 8, 3, 3, 1, 1, 2, 1, 76, 94, 114, 144, 0]"
j20,1,stnu,600,True,36,0.9451236724853516,0.024636268615722656,"[0, 0, 0, 0, 9, 13, 9, 6, 20, 24, 20, 14, 13, 13, 24, 13, 14, 20, 34, 25, 28, 0, 0, 0, 0, 36]","""[0, 9, 6, 7, 4, 7, 4, 7, 4, 4, 4, 4, 7, 1, 10, 1, 4, 5, 2, 5, 1, 76, 94, 114, 144, 0]"""
j20,1,proactive_quantile_0.9,600,True,24,0.08116698265075684,0.000997781753540039,"[0, 0, 0, 0, 2, 4, 2, 8, 8, 13, 10, 13, 13, 4, 11, 5, 8, 8, 20, 15, 21, 0, 0, 0, 0, 144]","""[0, 2, 7, 3, 2, 2, 4, 4, 2, 1, 2, 2, 6, 1, 5, 3, 2, 1, 1, 2, 2, 76, 94, 114, 144, 0]"""
j20,1,reactive,600,True,21,0.08116698265075684,0.3328402042388916,"[0, 0, 0, 0, 2, 4, 2, 8, 8, 13, 10, 13, 13, 4, 11, 5, 8, 8, 20, 15, 19, 0, 0, 0, 0, 21]","[0, 2, 7, 3, 2, 2, 4, 4, 2, 1, 2, 2, 6, 1, 5, 3, 2, 1, 1, 2, 2, 76, 94, 114, 144, 0]"
j20,1,stnu,600,True,25,1.1003758907318115,0.02540111541748047,"[0, 0, 0, 0, 2, 4, 2, 12, 10, 17, 8, 17, 17, 7, 12, 4, 8, 8, 19, 15, 23, 0, 0, 0, 0, 25]","""[0, 2, 9, 3, 2, 2, 4, 4, 2, 1, 2, 2, 6, 1, 5, 3, 7, 1, 1, 2, 2, 76, 94, 114, 144, 0]"""
j20,1,proactive_quantile_0.9,600,True,24,0.09044170379638672,0.001005411148071289,"[0, 0, 0, 0, 2, 4, 2, 8, 8, 13, 10, 13, 13, 4, 11, 5, 8, 8, 20, 15, 21, 0, 0, 0, 0, 144]","""[0, 1, 6, 3, 1, 3, 4, 3, 2, 1, 2, 1, 7, 2, 9, 3, 1, 1, 2, 3, 2, 76, 94, 114, 144, 0]"""
j20,1,reactive,600,True,23,0.09044170379638672,0.4363391399383545,"[0, 0, 0, 0, 2, 4, 2, 8, 8, 13, 10, 13, 13, 4, 11, 5, 8, 8, 20, 15, 21, 0, 0, 0, 0, 23]","[0, 1, 6, 3, 1, 3, 4, 3, 2, 1, 2, 1, 7, 2, 9, 3, 1, 1, 2, 3, 2, 76, 94, 114, 144, 0]"
j20,1,stnu,600,True,25,0.9105303287506104,0.02573251724243164,"[0, 0, 0, 0, 1, 2, 1, 11, 9, 16, 7, 16, 16, 5, 11, 2, 7, 7, 20, 13, 23, 0, 0, 0, 0, 25]","""[0, 1, 8, 3, 1, 3, 4, 3, 2, 1, 2, 1, 7, 2, 9, 3, 6, 1, 2, 3, 2, 76, 94, 114, 144, 0]"""
j20,1,proactive_quantile_0.9,600,True,24,0.07588338851928711,0.0010437965393066406,"[0, 0, 0, 0, 2, 4, 2, 8, 8, 13, 10, 13, 13, 4, 11, 5, 8, 8, 20, 15, 21, 0, 0, 0, 0, 144]","""[0, 1, 7, 3, 1, 2, 4, 4, 2, 2, 2, 2, 8, 1, 8, 2, 1, 1, 2, 4, 2, 76, 94, 114, 144, 0]"""
j20,1,reactive,600,True,23,0.07588338851928711,0.5226142406463623,"[0, 0, 0, 0, 2, 4, 2, 8, 8, 13, 10, 13, 13, 4, 11, 5, 8, 8, 20, 15, 21, 0, 0, 0, 0, 23]","[0, 1, 7, 3, 1, 2, 4, 4, 2, 2, 2, 2, 8, 1, 8, 2, 1, 1, 2, 4, 2, 76, 94, 114, 144, 0]"
j20,1,stnu,600,True,24,0.8627173900604248,0.024576902389526367,"[0, 0, 0, 0, 1, 2, 1, 10, 7, 14, 5, 14, 14, 4, 9, 2, 5, 5, 17, 10, 22, 0, 0, 0, 0, 24]","""[0, 1, 10, 3, 1, 2, 4, 4, 2, 2, 2, 2, 8, 1, 8, 2, 5, 1, 2, 4, 2, 76, 94, 114, 144, 0]"""
j20,1,proactive_quantile_0.9,600,True,24,0.29463982582092285,0.0009739398956298828,"[0, 0, 0, 0, 2, 4, 2, 8, 8, 13, 10, 13, 13, 4, 11, 5, 8, 8, 20, 15, 21, 0, 0, 0, 0, 144]","""[0, 1, 8, 4, 2, 4, 5, 3, 1, 1, 1, 2, 6, 1, 9, 1, 4, 2, 1, 2, 2, 76, 94, 114, 144, 0]"""
j20,1,reactive,600,True,21,0.29463982582092285,0.4091784954071045,"[0, 0, 0, 0, 2, 4, 2, 8, 8, 13, 10, 13, 13, 4, 11, 5, 8, 8, 20, 15, 19, 0, 0, 0, 0, 21]","[0, 1, 8, 4, 2, 4, 5, 3, 1, 1, 1, 2, 6, 1, 9, 1, 4, 2, 1, 2, 2, 76, 94, 114, 144, 0]"
j20,1,stnu,600,True,33,0.7775068283081055,0.025597810745239258,"[0, 0, 0, 0, 8, 13, 8, 5, 19, 21, 19, 14, 13, 13, 21, 12, 15, 19, 31, 26, 26, 0, 0, 0, 0, 33]","""[0, 8, 5, 8, 3, 6, 5, 7, 2, 3, 7, 2, 6, 1, 10, 3, 4, 7, 2, 3, 2, 76, 94, 114, 144, 0]"""
j20,1,proactive_quantile_0.9,600,True,24,0.10524368286132812,0.0010380744934082031,"[0, 0, 0, 0, 2, 4, 2, 8, 8, 13, 10, 13, 13, 4, 11, 5, 8, 8, 20, 15, 21, 0, 0, 0, 0, 144]","""[0, 2, 5, 4, 1, 2, 4, 3, 2, 2, 1, 1, 5, 1, 9, 1, 2, 1, 2, 2, 1, 76, 94, 114, 144, 0]"""
j20,1,reactive,600,True,22,0.10524368286132812,0.5053534507751465,"[0, 0, 0, 0, 2, 4, 2, 8, 8, 13, 10, 13, 13, 4, 11, 5, 8, 8, 20, 15, 18, 0, 0, 0, 0, 22]","[0, 2, 5, 4, 1, 2, 4, 3, 2, 2, 1, 1, 5, 1, 9, 1, 2, 1, 2, 2, 1, 76, 94, 114, 144, 0]"
j20,1,stnu,600,True,32,0.894035816192627,0.025287628173828125,"[0, 0, 0, 0, 9, 13, 9, 6, 19, 21, 19, 14, 13, 13, 21, 13, 15, 19, 31, 25, 25, 0, 0, 0, 0, 32]","""[0, 9, 6, 7, 4, 6, 4, 7, 2, 3, 6, 4, 5, 1, 10, 2, 4, 6, 1, 6, 1, 76, 94, 114, 144, 0]"""
j20,1,proactive_quantile_0.9,600,False,inf,0.14447546005249023,inf,"[0, 0, 0, 0, 2, 4, 2, 8, 8, 13, 10, 13, 13, 4, 11, 5, 8, 8, 20, 15, 21, 0, 0, 0, 0, 144]","""[0, 1, 7, 4, 1, 4, 3, 6, 2, 3, 2, 1, 6, 2, 8, 1, 3, 2, 1, 3, 3, 76, 94, 114, 144, 0]"""
j20,1,reactive,600,False,inf,inf,inf,null,"[0, 1, 7, 4, 1, 4, 3, 6, 2, 3, 2, 1, 6, 2, 8, 1, 3, 2, 1, 3, 3, 76, 94, 114, 144, 0]"
j20,1,stnu,600,True,32,0.799720287322998,0.025634765625,"[0, 0, 0, 0, 8, 13, 8, 5, 19, 21, 19, 15, 13, 13, 21, 13, 15, 19, 30, 26, 26, 0, 0, 0, 0, 32]","""[0, 7, 5, 8, 5, 6, 3, 5, 2, 5, 4, 3, 6, 2, 9, 2, 5, 7, 2, 4, 3, 76, 94, 114, 144, 0]"""
j20,1,proactive_quantile_0.9,600,True,24,0.3133370876312256,0.0010342597961425781,"[0, 0, 0, 0, 2, 4, 2, 8, 8, 13, 10, 13, 13, 4, 11, 5, 8, 8, 20, 15, 21, 0, 0, 0, 0, 144]","""[0, 2, 7, 5, 2, 3, 6, 4, 1, 3, 1, 1, 7, 2, 6, 2, 4, 1, 1, 4, 2, 76, 94, 114, 144, 0]"""
j20,1,reactive,600,True,23,0.3133370876312256,0.3478667736053467,"[0, 0, 0, 0, 2, 4, 2, 8, 8, 13, 10, 13, 13, 4, 11, 5, 8, 8, 20, 15, 21, 0, 0, 0, 0, 23]","[0, 2, 7, 5, 2, 3, 6, 4, 1, 3, 1, 1, 7, 2, 6, 2, 4, 1, 1, 4, 2, 76, 94, 114, 144, 0]"
j20,1,stnu,600,True,28,0.9515845775604248,0.025716304779052734,"[0, 0, 0, 0, 2, 4, 2, 10, 9, 19, 8, 19, 19, 6, 10, 4, 8, 8, 20, 15, 26, 0, 0, 0, 0, 28]","""[0, 2, 9, 5, 2, 3, 6, 4, 1, 3, 1, 1, 7, 2, 6, 2, 7, 1, 1, 4, 2, 76, 94, 114, 144, 0]"""
j20,1,proactive_quantile_0.9,600,True,24,0.3021416664123535,0.0010843276977539062,"[0, 0, 0, 0, 2, 4, 2, 8, 8, 13, 10, 13, 13, 4, 11, 5, 8, 8, 20, 15, 21, 0, 0, 0, 0, 144]","""[0, 2, 7, 3, 2, 2, 3, 2, 3, 3, 2, 1, 5, 1, 7, 2, 2, 1, 2, 4, 2, 76, 94, 114, 144, 0]"""
j20,1,reactive,600,True,20,0.3021416664123535,0.37395286560058594,"[0, 0, 0, 0, 2, 4, 2, 8, 8, 13, 10, 13, 13, 4, 11, 5, 8, 8, 18, 15, 18, 0, 0, 0, 0, 20]","[0, 2, 7, 3, 2, 2, 3, 2, 3, 3, 2, 1, 5, 1, 7, 2, 2, 1, 2, 4, 2, 76, 94, 114, 144, 0]"
j20,1,stnu,600,True,34,0.8444669246673584,0.02555060386657715,"[0, 0, 0, 0, 9, 17, 9, 9, 22, 25, 22, 18, 17, 17, 25, 17, 19, 22, 32, 30, 30, 0, 0, 0, 0, 34]","""[0, 6, 9, 7, 7, 5, 3, 8, 3, 4, 6, 2, 5, 1, 7, 2, 6, 8, 2, 3, 2, 76, 94, 114, 144, 0]"""
j20,1,proactive_quantile_0.9,600,True,22,0.08085942268371582,0.001911163330078125,"[0, 0, 0, 0, 2, 5, 10, 6, 6, 10, 2, 13, 9, 5, 13, 10, 15, 15, 17, 18, 13, 0, 0, 0, 0, 0, 0, 0, 0, 0, 0, 136]","""[0, 2, 4, 6, 2, 5, 3, 1, 1, 2, 7, 2, 2, 2, 2, 2, 2, 1, 1, 2, 5, 58, 136, 103, 120, 35, 56, 111, 79, 81, 131, 0]"""
j20,1,reactive,600,True,20,0.08085942268371582,0.24591994285583496,"[0, 0, 0, 0, 2, 5, 10, 6, 6, 10, 2, 13, 9, 5, 13, 10, 15, 15, 17, 18, 13, 0, 0, 0, 0, 0, 0, 0, 0, 0, 0, 20]","[0, 2, 4, 6, 2, 5, 3, 1, 1, 2, 7, 2, 2, 2, 2, 2, 2, 1, 1, 2, 5, 58, 136, 103, 120, 35, 56, 111, 79, 81, 131, 0]"
j20,1,stnu,600,True,29,0.7997822761535645,0.03320479393005371,"[0, 0, 0, 0, 1, 5, 12, 5, 5, 6, 1, 10, 7, 5, 12, 7, 17, 17, 19, 21, 17, 0, 0, 0, 0, 0, 0, 0, 0, 0, 0, 29]","""[0, 1, 5, 5, 5, 6, 5, 5, 1, 2, 6, 5, 10, 5, 4, 5, 4, 2, 10, 6, 9, 58, 136, 103, 120, 35, 56, 111, 79, 81, 131, 0]"""
j20,1,proactive_quantile_0.9,600,True,30,0.18382048606872559,0.0017266273498535156,"[0, 0, 0, 0, 2, 5, 10, 6, 6, 10, 2, 13, 9, 5, 13, 10, 15, 15, 19, 19, 13, 0, 0, 0, 0, 0, 0, 0, 0, 0, 0, 136]","""[0, 1, 3, 2, 3, 5, 2, 1, 2, 2, 5, 2, 2, 3, 3, 1, 3, 1, 9, 6, 9, 58, 136, 103, 120, 35, 56, 111, 79, 81, 131, 0]"""
j20,1,reactive,600,True,28,0.18382048606872559,0.3299558162689209,"[0, 0, 0, 0, 2, 5, 10, 6, 6, 10, 2, 13, 9, 5, 13, 10, 15, 15, 19, 19, 13, 0, 0, 0, 0, 0, 0, 0, 0, 0, 0, 28]","[0, 1, 3, 2, 3, 5, 2, 1, 2, 2, 5, 2, 2, 3, 3, 1, 3, 1, 9, 6, 9, 58, 136, 103, 120, 35, 56, 111, 79, 81, 131, 0]"
j20,1,stnu,600,True,33,0.9520061016082764,0.03359341621398926,"[0, 0, 0, 0, 2, 7, 16, 6, 6, 10, 2, 12, 8, 7, 16, 10, 16, 20, 24, 19, 19, 0, 0, 0, 0, 0, 0, 0, 0, 0, 0, 33]","""[0, 2, 7, 6, 8, 7, 4, 4, 2, 2, 5, 4, 8, 4, 3, 6, 3, 4, 9, 6, 9, 58, 136, 103, 120, 35, 56, 111, 79, 81, 131, 0]"""
j20,1,proactive_quantile_0.9,600,True,22,0.1576371192932129,0.001840353012084961,"[0, 0, 0, 0, 2, 5, 10, 6, 6, 10, 2, 13, 9, 5, 13, 10, 15, 15, 17, 18, 13, 0, 0, 0, 0, 0, 0, 0, 0, 0, 0, 136]","""[0, 1, 4, 4, 4, 5, 3, 1, 2, 1, 5, 1, 3, 1, 2, 2, 2, 1, 2, 3, 6, 58, 136, 103, 120, 35, 56, 111, 79, 81, 131, 0]"""
j20,1,reactive,600,True,21,0.1576371192932129,0.2898721694946289,"[0, 0, 0, 0, 2, 5, 10, 6, 6, 10, 2, 13, 9, 5, 13, 10, 15, 15, 17, 18, 13, 0, 0, 0, 0, 0, 0, 0, 0, 0, 0, 21]","[0, 1, 4, 4, 4, 5, 3, 1, 2, 1, 5, 1, 3, 1, 2, 2, 2, 1, 2, 3, 6, 58, 136, 103, 120, 35, 56, 111, 79, 81, 131, 0]"
j20,1,stnu,600,True,36,1.9601263999938965,0.033865928649902344,"[0, 0, 0, 0, 2, 6, 14, 7, 7, 10, 2, 12, 10, 6, 14, 10, 19, 22, 27, 21, 21, 0, 0, 0, 0, 0, 0, 0, 0, 0, 0, 36]","""[0, 2, 6, 7, 5, 7, 8, 7, 3, 2, 6, 6, 9, 3, 7, 2, 2, 5, 9, 5, 10, 58, 136, 103, 120, 35, 56, 111, 79, 81, 131, 0]"""
j20,1,proactive_quantile_0.9,600,True,40,0.08506560325622559,0.0018372535705566406,"[0, 0, 0, 0, 3, 8, 16, 7, 7, 11, 3, 15, 11, 8, 15, 11, 22, 24, 29, 26, 22, 0, 0, 0, 0, 0, 0, 0, 0, 0, 0, 136]","""[0, 2, 6, 8, 8, 6, 6, 7, 1, 2, 6, 5, 9, 4, 4, 4, 2, 4, 9, 6, 9, 58, 136, 103, 120, 35, 56, 111, 79, 81, 131, 0]"""
j20,1,reactive,600,False,inf,inf,inf,null,"[0, 2, 6, 8, 8, 6, 6, 7, 1, 2, 6, 5, 9, 4, 4, 4, 2, 4, 9, 6, 9, 58, 136, 103, 120, 35, 56, 111, 79, 81, 131, 0]"
j20,1,stnu,600,True,18,1.2522754669189453,0.03387761116027832,"[0, 0, 0, 0, 1, 4, 7, 4, 4, 7, 1, 9, 5, 2, 9, 7, 11, 11, 13, 13, 9, 0, 0, 0, 0, 0, 0, 0, 0, 0, 0, 18]","""[0, 1, 2, 4, 3, 3, 2, 1, 3, 1, 4, 2, 1, 2, 2, 2, 2, 2, 1, 2, 9, 58, 136, 103, 120, 35, 56, 111, 79, 81, 131, 0]"""
j20,1,proactive_quantile_0.9,600,True,22,0.1877899169921875,0.0018208026885986328,"[0, 0, 0, 0, 2, 5, 10, 6, 6, 10, 2, 13, 9, 5, 13, 10, 15, 15, 17, 18, 13, 0, 0, 0, 0, 0, 0, 0, 0, 0, 0, 136]","""[0, 1, 5, 3, 2, 4, 2, 1, 4, 3, 7, 2, 3, 1, 2, 1, 2, 2, 1, 2, 6, 58, 136, 103, 120, 35, 56, 111, 79, 81, 131, 0]"""
j20,1,reactive,600,True,20,0.1877899169921875,0.2501814365386963,"[0, 0, 0, 0, 2, 5, 10, 6, 6, 10, 2, 13, 9, 5, 13, 10, 15, 15, 17, 18, 13, 0, 0, 0, 0, 0, 0, 0, 0, 0, 0, 20]","[0, 1, 5, 3, 2, 4, 2, 1, 4, 3, 7, 2, 3, 1, 2, 1, 2, 2, 1, 2, 6, 58, 136, 103, 120, 35, 56, 111, 79, 81, 131, 0]"
j20,1,stnu,600,True,34,1.0913996696472168,0.03331637382507324,"[0, 0, 0, 0, 2, 8, 16, 5, 5, 9, 2, 12, 8, 8, 14, 9, 19, 22, 26, 22, 19, 0, 0, 0, 0, 0, 0, 0, 0, 0, 0, 34]","""[0, 2, 8, 5, 7, 8, 6, 6, 2, 2, 6, 4, 11, 4, 4, 5, 3, 4, 8, 6, 9, 58, 136, 103, 120, 35, 56, 111, 79, 81, 131, 0]"""
j20,1,proactive_quantile_0.9,600,True,22,0.1375410556793213,0.001967906951904297,"[0, 0, 0, 0, 2, 5, 10, 6, 6, 10, 2, 13, 9, 5, 13, 10, 15, 15, 17, 18, 13, 0, 0, 0, 0, 0, 0, 0, 0, 0, 0, 136]","""[0, 1, 2, 5, 3, 2, 1, 1, 1, 2, 5, 1, 3, 1, 3, 1, 2, 2, 2, 2, 5, 58, 136, 103, 120, 35, 56, 111, 79, 81, 131, 0]"""
j20,1,reactive,600,True,20,0.1375410556793213,0.3902263641357422,"[0, 0, 0, 0, 2, 5, 10, 6, 6, 10, 2, 13, 9, 5, 13, 10, 15, 15, 17, 18, 13, 0, 0, 0, 0, 0, 0, 0, 0, 0, 0, 20]","[0, 1, 2, 5, 3, 2, 1, 1, 1, 2, 5, 1, 3, 1, 3, 1, 2, 2, 2, 2, 5, 58, 136, 103, 120, 35, 56, 111, 79, 81, 131, 0]"
j20,1,stnu,600,True,14,0.9717650413513184,0.03400731086730957,"[0, 0, 0, 0, 1, 4, 6, 5, 5, 6, 1, 9, 6, 2, 8, 6, 10, 10, 12, 12, 9, 0, 0, 0, 0, 0, 0, 0, 0, 0, 0, 14]","""[0, 1, 2, 5, 3, 2, 1, 1, 1, 2, 5, 1, 3, 1, 3, 1, 2, 2, 1, 2, 5, 58, 136, 103, 120, 35, 56, 111, 79, 81, 131, 0]"""
j20,1,proactive_quantile_0.9,600,True,22,0.08358120918273926,0.0017743110656738281,"[0, 0, 0, 0, 2, 5, 10, 6, 6, 10, 2, 13, 9, 5, 13, 10, 15, 15, 17, 18, 13, 0, 0, 0, 0, 0, 0, 0, 0, 0, 0, 136]","""[0, 1, 4, 3, 3, 5, 1, 2, 3, 2, 6, 1, 2, 3, 3, 2, 1, 2, 1, 2, 7, 58, 136, 103, 120, 35, 56, 111, 79, 81, 131, 0]"""
j20,1,reactive,600,True,20,0.08358120918273926,0.28707265853881836,"[0, 0, 0, 0, 2, 5, 10, 6, 6, 10, 2, 13, 9, 5, 13, 10, 15, 15, 17, 18, 13, 0, 0, 0, 0, 0, 0, 0, 0, 0, 0, 20]","[0, 1, 4, 3, 3, 5, 1, 2, 3, 2, 6, 1, 2, 3, 3, 2, 1, 2, 1, 2, 7, 58, 136, 103, 120, 35, 56, 111, 79, 81, 131, 0]"
j20,1,stnu,600,True,36,0.8704097270965576,0.03317856788635254,"[0, 0, 0, 0, 1, 7, 13, 4, 4, 6, 1, 12, 9, 7, 13, 9, 20, 21, 25, 22, 20, 0, 0, 0, 0, 0, 0, 0, 0, 0, 0, 36]","""[0, 1, 7, 4, 4, 5, 8, 8, 2, 1, 8, 4, 11, 5, 4, 4, 2, 4, 11, 7, 10, 58, 136, 103, 120, 35, 56, 111, 79, 81, 131, 0]"""
j20,1,proactive_quantile_0.9,600,True,22,0.16352343559265137,0.0017778873443603516,"[0, 0, 0, 0, 2, 5, 10, 6, 6, 10, 2, 13, 9, 5, 13, 10, 15, 15, 17, 18, 13, 0, 0, 0, 0, 0, 0, 0, 0, 0, 0, 136]","""[0, 2, 5, 7, 3, 4, 1, 1, 3, 2, 5, 2, 3, 1, 4, 2, 3, 2, 2, 2, 7, 58, 136, 103, 120, 35, 56, 111, 79, 81, 131, 0]"""
j20,1,reactive,600,False,inf,inf,inf,null,"[0, 2, 5, 7, 3, 4, 1, 1, 3, 2, 5, 2, 3, 1, 4, 2, 3, 2, 2, 2, 7, 58, 136, 103, 120, 35, 56, 111, 79, 81, 131, 0]"
j20,1,stnu,600,True,19,0.8738346099853516,0.034055471420288086,"[0, 0, 0, 0, 2, 5, 10, 7, 7, 10, 2, 12, 8, 5, 12, 10, 14, 14, 17, 17, 12, 0, 0, 0, 0, 0, 0, 0, 0, 0, 0, 19]","""[0, 2, 5, 7, 3, 4, 1, 1, 3, 2, 5, 2, 3, 1, 4, 2, 3, 2, 2, 2, 7, 58, 136, 103, 120, 35, 56, 111, 79, 81, 131, 0]"""
j20,1,proactive_quantile_0.9,600,True,22,0.0656590461730957,0.0017714500427246094,"[0, 0, 0, 0, 2, 5, 10, 6, 6, 10, 2, 13, 9, 5, 13, 10, 15, 15, 17, 18, 13, 0, 0, 0, 0, 0, 0, 0, 0, 0, 0, 136]","""[0, 2, 4, 5, 4, 4, 3, 2, 3, 1, 5, 2, 2, 2, 3, 2, 3, 2, 1, 2, 5, 58, 136, 103, 120, 35, 56, 111, 79, 81, 131, 0]"""
j20,1,reactive,600,True,20,0.0656590461730957,0.2577214241027832,"[0, 0, 0, 0, 2, 5, 10, 6, 6, 10, 2, 13, 9, 5, 13, 10, 15, 15, 17, 18, 13, 0, 0, 0, 0, 0, 0, 0, 0, 0, 0, 20]","[0, 2, 4, 5, 4, 4, 3, 2, 3, 1, 5, 2, 2, 2, 3, 2, 3, 2, 1, 2, 5, 58, 136, 103, 120, 35, 56, 111, 79, 81, 131, 0]"
j20,1,stnu,600,True,17,1.1587507724761963,0.03509926795959473,"[0, 0, 0, 0, 2, 6, 10, 5, 5, 8, 2, 10, 7, 4, 10, 8, 12, 13, 15, 15, 10, 0, 0, 0, 0, 0, 0, 0, 0, 0, 0, 17]","""[0, 2, 4, 5, 4, 4, 3, 2, 3, 1, 5, 2, 2, 2, 3, 2, 3, 2, 1, 2, 5, 58, 136, 103, 120, 35, 56, 111, 79, 81, 131, 0]"""
j20,1,proactive_quantile_0.9,600,True,22,0.07691574096679688,0.0018460750579833984,"[0, 0, 0, 0, 2, 5, 10, 6, 6, 10, 2, 13, 9, 5, 13, 10, 15, 15, 17, 18, 13, 0, 0, 0, 0, 0, 0, 0, 0, 0, 0, 136]","""[0, 2, 4, 5, 3, 3, 2, 1, 2, 3, 7, 2, 3, 3, 2, 2, 2, 1, 2, 2, 6, 58, 136, 103, 120, 35, 56, 111, 79, 81, 131, 0]"""
j20,1,reactive,600,True,20,0.07691574096679688,0.44711780548095703,"[0, 0, 0, 0, 2, 5, 10, 6, 6, 10, 2, 13, 9, 5, 13, 10, 15, 15, 17, 18, 13, 0, 0, 0, 0, 0, 0, 0, 0, 0, 0, 20]","[0, 2, 4, 5, 3, 3, 2, 1, 2, 3, 7, 2, 3, 3, 2, 2, 2, 1, 2, 2, 6, 58, 136, 103, 120, 35, 56, 111, 79, 81, 131, 0]"
j20,1,stnu,600,True,18,1.9707388877868652,0.035069942474365234,"[0, 0, 0, 0, 2, 5, 8, 5, 5, 9, 2, 12, 9, 4, 12, 7, 14, 14, 16, 16, 12, 0, 0, 0, 0, 0, 0, 0, 0, 0, 0, 18]","""[0, 2, 4, 5, 3, 3, 2, 1, 2, 3, 7, 2, 3, 3, 2, 2, 2, 1, 2, 2, 6, 58, 136, 103, 120, 35, 56, 111, 79, 81, 131, 0]"""
j20,1,proactive_quantile_0.9,600,True,29,0.1864333152770996,0.0018570423126220703,"[0, 0, 0, 0, 3, 5, 6, 6, 5, 10, 3, 10, 10, 15, 17, 9, 12, 15, 25, 15, 18, 0, 0, 0, 0, 0, 0, 0, 0, 0, 0, 0, 0, 154]","""[0, 4, 2, 4, 2, 1, 2, 3, 4, 1, 2, 1, 3, 1, 8, 1, 2, 2, 3, 1, 1, 82, 105, 135, 33, 50, 18, 146, 80, 65, 42, 154, 22, 0]"""
j20,1,reactive,600,True,28,0.1864333152770996,0.3305513858795166,"[0, 0, 0, 0, 3, 5, 6, 6, 5, 10, 3, 10, 10, 15, 17, 9, 12, 15, 25, 15, 18, 0, 0, 0, 0, 0, 0, 0, 0, 0, 0, 0, 0, 28]","[0, 4, 2, 4, 2, 1, 2, 3, 4, 1, 2, 1, 3, 1, 8, 1, 2, 2, 3, 1, 1, 82, 105, 135, 33, 50, 18, 146, 80, 65, 42, 154, 22, 0]"
j20,1,stnu,600,True,27,0.9521069526672363,0.04112863540649414,"[0, 0, 0, 0, 2, 4, 4, 4, 4, 7, 2, 8, 9, 14, 16, 8, 9, 14, 24, 14, 16, 0, 0, 0, 0, 0, 0, 0, 0, 0, 0, 0, 0, 27]","""[0, 4, 2, 4, 2, 1, 2, 3, 4, 1, 2, 1, 5, 2, 8, 1, 2, 2, 3, 1, 1, 82, 105, 135, 33, 50, 18, 146, 80, 65, 42, 154, 22, 0]"""
j20,1,proactive_quantile_0.9,600,True,29,0.06983566284179688,0.0018763542175292969,"[0, 0, 0, 0, 3, 5, 6, 6, 5, 10, 3, 10, 10, 15, 17, 9, 12, 15, 25, 15, 18, 0, 0, 0, 0, 0, 0, 0, 0, 0, 0, 0, 0, 154]","""[0, 6, 2, 5, 1, 3, 2, 3, 4, 1, 2, 2, 4, 2, 8, 2, 4, 2, 3, 3, 1, 82, 105, 135, 33, 50, 18, 146, 80, 65, 42, 154, 22, 0]"""
j20,1,reactive,600,True,28,0.06983566284179688,0.24082469940185547,"[0, 0, 0, 0, 3, 5, 6, 6, 5, 10, 3, 10, 10, 15, 17, 9, 12, 15, 25, 15, 18, 0, 0, 0, 0, 0, 0, 0, 0, 0, 0, 0, 0, 28]","[0, 6, 2, 5, 1, 3, 2, 3, 4, 1, 2, 2, 4, 2, 8, 2, 4, 2, 3, 3, 1, 82, 105, 135, 33, 50, 18, 146, 80, 65, 42, 154, 22, 0]"
j20,1,stnu,600,False,inf,2.7805306911468506,inf,[],"""[0, 6, 3, 7, 1, 10, 4, 3, 4, 3, 7, 2, 3, 2, 7, 10, 4, 4, 3, 2, 1, 82, 105, 135, 33, 50, 18, 146, 80, 65, 42, 154, 22, 0]"""
j20,1,proactive_quantile_0.9,600,True,29,0.23824119567871094,0.0018167495727539062,"[0, 0, 0, 0, 3, 5, 6, 6, 5, 10, 3, 10, 10, 15, 17, 9, 12, 15, 25, 15, 18, 0, 0, 0, 0, 0, 0, 0, 0, 0, 0, 0, 0, 154]","""[0, 6, 1, 4, 2, 2, 2, 3, 3, 2, 2, 1, 5, 2, 6, 2, 3, 2, 3, 2, 1, 82, 105, 135, 33, 50, 18, 146, 80, 65, 42, 154, 22, 0]"""
j20,1,reactive,600,True,28,0.23824119567871094,0.2520778179168701,"[0, 0, 0, 0, 3, 5, 6, 6, 5, 10, 3, 10, 10, 15, 17, 9, 12, 15, 25, 15, 18, 0, 0, 0, 0, 0, 0, 0, 0, 0, 0, 0, 0, 28]","[0, 6, 1, 4, 2, 2, 2, 3, 3, 2, 2, 1, 5, 2, 6, 2, 3, 2, 3, 2, 1, 82, 105, 135, 33, 50, 18, 146, 80, 65, 42, 154, 22, 0]"
j20,1,stnu,600,False,inf,1.5183892250061035,inf,[],"""[0, 6, 4, 7, 2, 9, 4, 3, 5, 2, 6, 1, 5, 1, 9, 8, 3, 3, 2, 3, 1, 82, 105, 135, 33, 50, 18, 146, 80, 65, 42, 154, 22, 0]"""
j20,1,proactive_quantile_0.9,600,True,29,0.368741512298584,0.0018646717071533203,"[0, 0, 0, 0, 3, 5, 6, 6, 5, 10, 3, 10, 10, 15, 17, 9, 12, 15, 25, 15, 18, 0, 0, 0, 0, 0, 0, 0, 0, 0, 0, 0, 0, 154]","""[0, 5, 1, 5, 1, 3, 2, 2, 5, 1, 1, 2, 6, 2, 7, 3, 2, 2, 3, 2, 2, 82, 105, 135, 33, 50, 18, 146, 80, 65, 42, 154, 22, 0]"""
j20,1,reactive,600,False,inf,inf,inf,null,"[0, 5, 1, 5, 1, 3, 2, 2, 5, 1, 1, 2, 6, 2, 7, 3, 2, 2, 3, 2, 2, 82, 105, 135, 33, 50, 18, 146, 80, 65, 42, 154, 22, 0]"
j20,1,stnu,600,True,25,0.8214483261108398,0.040934085845947266,"[0, 0, 0, 0, 1, 2, 5, 5, 2, 7, 1, 7, 9, 13, 15, 7, 10, 13, 22, 13, 15, 0, 0, 0, 0, 0, 0, 0, 0, 0, 0, 0, 0, 25]","""[0, 5, 1, 5, 1, 3, 2, 2, 5, 1, 1, 2, 4, 2, 7, 3, 2, 2, 3, 2, 2, 82, 105, 135, 33, 50, 18, 146, 80, 65, 42, 154, 22, 0]"""
j20,1,proactive_quantile_0.9,600,True,29,0.20794200897216797,0.0020492076873779297,"[0, 0, 0, 0, 3, 5, 6, 6, 5, 10, 3, 10, 10, 15, 17, 9, 12, 15, 25, 15, 18, 0, 0, 0, 0, 0, 0, 0, 0, 0, 0, 0, 0, 154]","""[0, 3, 1, 3, 2, 4, 2, 3, 4, 1, 2, 2, 2, 2, 5, 1, 4, 2, 2, 2, 1, 82, 105, 135, 33, 50, 18, 146, 80, 65, 42, 154, 22, 0]"""
j20,1,reactive,600,True,24,0.20794200897216797,0.31287384033203125,"[0, 0, 0, 0, 3, 5, 6, 6, 5, 10, 3, 10, 10, 15, 17, 9, 12, 15, 22, 15, 18, 0, 0, 0, 0, 0, 0, 0, 0, 0, 0, 0, 0, 24]","[0, 3, 1, 3, 2, 4, 2, 3, 4, 1, 2, 2, 2, 2, 5, 1, 4, 2, 2, 2, 1, 82, 105, 135, 33, 50, 18, 146, 80, 65, 42, 154, 22, 0]"
j20,1,stnu,600,True,21,1.0303504467010498,0.041057586669921875,"[0, 0, 0, 0, 1, 3, 3, 3, 3, 7, 1, 7, 9, 13, 14, 7, 9, 13, 19, 13, 15, 0, 0, 0, 0, 0, 0, 0, 0, 0, 0, 0, 0, 21]","""[0, 3, 1, 3, 2, 4, 2, 3, 4, 1, 2, 2, 4, 1, 5, 1, 4, 2, 2, 2, 1, 82, 105, 135, 33, 50, 18, 146, 80, 65, 42, 154, 22, 0]"""
j20,1,proactive_quantile_0.9,600,True,29,0.191436767578125,0.001967906951904297,"[0, 0, 0, 0, 3, 5, 6, 6, 5, 10, 3, 10, 10, 15, 17, 9, 12, 15, 25, 15, 18, 0, 0, 0, 0, 0, 0, 0, 0, 0, 0, 0, 0, 154]","""[0, 4, 2, 3, 2, 2, 3, 2, 5, 1, 2, 1, 6, 1, 5, 3, 3, 2, 3, 3, 1, 82, 105, 135, 33, 50, 18, 146, 80, 65, 42, 154, 22, 0]"""
j20,1,reactive,600,False,inf,inf,inf,null,"[0, 4, 2, 3, 2, 2, 3, 2, 5, 1, 2, 1, 6, 1, 5, 3, 3, 2, 3, 3, 1, 82, 105, 135, 33, 50, 18, 146, 80, 65, 42, 154, 22, 0]"
j20,1,stnu,600,False,inf,0.9827656745910645,inf,[],"""[0, 4, 2, 3, 2, 10, 3, 2, 5, 1, 2, 1, 5, 1, 5, 3, 2, 2, 3, 4, 1, 82, 105, 135, 33, 50, 18, 146, 80, 65, 42, 154, 22, 0]"""
j20,1,proactive_quantile_0.9,600,True,29,0.08928990364074707,0.0019097328186035156,"[0, 0, 0, 0, 3, 5, 6, 6, 5, 10, 3, 10, 10, 15, 17, 9, 12, 15, 25, 15, 18, 0, 0, 0, 0, 0, 0, 0, 0, 0, 0, 0, 0, 154]","""[0, 5, 2, 5, 1, 2, 3, 1, 3, 2, 2, 1, 3, 2, 9, 2, 3, 1, 1, 1, 2, 82, 105, 135, 33, 50, 18, 146, 80, 65, 42, 154, 22, 0]"""
j20,1,reactive,600,False,inf,inf,inf,null,"[0, 5, 2, 5, 1, 2, 3, 1, 3, 2, 2, 1, 3, 2, 9, 2, 3, 1, 1, 1, 2, 82, 105, 135, 33, 50, 18, 146, 80, 65, 42, 154, 22, 0]"
j20,1,stnu,600,False,inf,0.7587020397186279,inf,[],"""[0, 6, 2, 7, 1, 8, 5, 1, 7, 2, 9, 1, 2, 2, 8, 10, 5, 4, 4, 4, 2, 82, 105, 135, 33, 50, 18, 146, 80, 65, 42, 154, 22, 0]"""
j20,1,proactive_quantile_0.9,600,True,29,0.20345664024353027,0.0020287036895751953,"[0, 0, 0, 0, 3, 5, 6, 6, 5, 10, 3, 10, 10, 15, 17, 9, 12, 15, 25, 15, 18, 0, 0, 0, 0, 0, 0, 0, 0, 0, 0, 0, 0, 154]","""[0, 5, 2, 4, 2, 2, 2, 3, 3, 1, 1, 2, 6, 2, 7, 3, 4, 2, 1, 1, 1, 82, 105, 135, 33, 50, 18, 146, 80, 65, 42, 154, 22, 0]"""
j20,1,reactive,600,False,inf,inf,inf,null,"[0, 5, 2, 4, 2, 2, 2, 3, 3, 1, 1, 2, 6, 2, 7, 3, 4, 2, 1, 1, 1, 82, 105, 135, 33, 50, 18, 146, 80, 65, 42, 154, 22, 0]"
j20,1,stnu,600,False,inf,0.8278148174285889,inf,[],"""[0, 8, 1, 8, 2, 11, 3, 3, 6, 2, 9, 2, 2, 3, 8, 11, 3, 4, 4, 4, 1, 82, 105, 135, 33, 50, 18, 146, 80, 65, 42, 154, 22, 0]"""
j20,1,proactive_quantile_0.9,600,False,inf,0.15675997734069824,inf,"[0, 0, 0, 0, 3, 5, 6, 6, 5, 10, 3, 10, 10, 15, 17, 9, 12, 15, 25, 15, 18, 0, 0, 0, 0, 0, 0, 0, 0, 0, 0, 0, 0, 154]","""[0, 4, 3, 6, 1, 4, 3, 2, 6, 2, 2, 1, 3, 2, 7, 2, 4, 2, 2, 3, 1, 82, 105, 135, 33, 50, 18, 146, 80, 65, 42, 154, 22, 0]"""
j20,1,reactive,600,False,inf,inf,inf,null,"[0, 4, 3, 6, 1, 4, 3, 2, 6, 2, 2, 1, 3, 2, 7, 2, 4, 2, 2, 3, 1, 82, 105, 135, 33, 50, 18, 146, 80, 65, 42, 154, 22, 0]"
j20,1,stnu,600,False,inf,0.7611844539642334,inf,[],"""[0, 8, 2, 6, 1, 10, 5, 2, 5, 3, 8, 1, 3, 1, 11, 7, 6, 5, 4, 2, 1, 82, 105, 135, 33, 50, 18, 146, 80, 65, 42, 154, 22, 0]"""
j20,1,proactive_quantile_0.9,600,True,29,0.1848456859588623,0.0018486976623535156,"[0, 0, 0, 0, 3, 5, 6, 6, 5, 10, 3, 10, 10, 15, 17, 9, 12, 15, 25, 15, 18, 0, 0, 0, 0, 0, 0, 0, 0, 0, 0, 0, 0, 154]","""[0, 4, 1, 4, 1, 2, 2, 2, 6, 2, 1, 2, 3, 1, 6, 1, 2, 3, 2, 1, 2, 82, 105, 135, 33, 50, 18, 146, 80, 65, 42, 154, 22, 0]"""
j20,1,reactive,600,False,inf,inf,inf,null,"[0, 4, 1, 4, 1, 2, 2, 2, 6, 2, 1, 2, 3, 1, 6, 1, 2, 3, 2, 1, 2, 82, 105, 135, 33, 50, 18, 146, 80, 65, 42, 154, 22, 0]"
j20,1,stnu,600,True,22,0.8698968887329102,0.04117274284362793,"[0, 0, 0, 0, 1, 2, 4, 4, 2, 6, 1, 8, 10, 12, 14, 8, 10, 12, 20, 12, 15, 0, 0, 0, 0, 0, 0, 0, 0, 0, 0, 0, 0, 22]","""[0, 4, 1, 4, 1, 2, 2, 2, 6, 2, 1, 2, 2, 2, 6, 1, 2, 3, 2, 1, 2, 82, 105, 135, 33, 50, 18, 146, 80, 65, 42, 154, 22, 0]"""
j20,1,stnu,600,False,inf,0.7852742671966553,inf,[],"""[0, 5, 6, 2, 3, 3, 3, 2, 3, 2, 1, 6, 4, 4, 4, 4, 3, 6, 2, 6, 1, 26, 9, 167, 159, 116, 164, 0]"""
j20,1,stnu,600,False,inf,0.7627172470092773,inf,[],"""[0, 4, 6, 3, 3, 3, 3, 2, 4, 1, 2, 6, 2, 3, 5, 6, 4, 5, 2, 6, 1, 26, 9, 167, 159, 116, 164, 0]"""
j20,1,stnu,600,False,inf,0.7251787185668945,inf,[],"""[0, 5, 4, 2, 2, 2, 3, 2, 6, 1, 1, 7, 3, 4, 4, 3, 3, 4, 2, 8, 1, 26, 9, 167, 159, 116, 164, 0]"""
j20,1,stnu,600,False,inf,0.8209507465362549,inf,[],"""[0, 8, 8, 3, 2, 1, 5, 2, 8, 7, 2, 8, 8, 8, 6, 7, 8, 6, 9, 7, 8, 26, 9, 167, 159, 116, 164, 0]"""
j20,1,stnu,600,False,inf,0.7321329116821289,inf,[],"""[0, 6, 7, 2, 2, 1, 3, 2, 8, 2, 2, 7, 3, 3, 6, 2, 1, 3, 2, 7, 1, 26, 9, 167, 159, 116, 164, 0]"""
j20,1,stnu,600,False,inf,0.7353677749633789,inf,[],"""[0, 6, 6, 2, 2, 2, 3, 2, 7, 1, 1, 6, 3, 4, 5, 4, 4, 4, 3, 8, 1, 26, 9, 167, 159, 116, 164, 0]"""
j20,1,stnu,600,False,inf,0.7592983245849609,inf,[],"""[0, 8, 8, 1, 2, 2, 2, 2, 7, 1, 1, 3, 5, 6, 3, 6, 5, 7, 10, 6, 5, 26, 9, 167, 159, 116, 164, 0]"""
j20,1,stnu,600,False,inf,0.8113937377929688,inf,[],"""[0, 9, 7, 2, 2, 1, 3, 2, 6, 2, 2, 5, 7, 5, 5, 6, 7, 6, 8, 5, 7, 26, 9, 167, 159, 116, 164, 0]"""
j20,1,stnu,600,False,inf,0.8253405094146729,inf,[],"""[0, 5, 4, 2, 2, 2, 2, 1, 6, 2, 2, 7, 3, 3, 6, 3, 2, 3, 2, 6, 2, 26, 9, 167, 159, 116, 164, 0]"""
j20,1,stnu,600,False,inf,0.698662519454956,inf,[],"""[0, 5, 6, 2, 1, 1, 3, 1, 8, 1, 2, 8, 4, 4, 4, 5, 2, 4, 3, 6, 1, 26, 9, 167, 159, 116, 164, 0]"""
j20,1,proactive_quantile_0.9,600,True,39,0.08402395248413086,0.0016453266143798828,"[0, 0, 0, 0, 6, 6, 10, 14, 10, 17, 6, 23, 12, 24, 10, 17, 12, 17, 30, 28, 26, 0, 0, 0, 0, 0, 0, 0, 0, 0, 0, 0, 0, 0, 0, 139]","""[0, 2, 4, 5, 2, 3, 3, 2, 2, 5, 3, 3, 2, 1, 2, 4, 8, 5, 5, 10, 2, 133, 74, 10, 60, 78, 19, 15, 9, 139, 136, 30, 27, 58, 31, 0]"""
j20,1,reactive,600,True,38,0.08402395248413086,0.32335686683654785,"[0, 0, 0, 0, 6, 6, 10, 14, 10, 17, 6, 23, 12, 24, 10, 17, 12, 17, 30, 28, 26, 0, 0, 0, 0, 0, 0, 0, 0, 0, 0, 0, 0, 0, 0, 38]","[0, 2, 4, 5, 2, 3, 3, 2, 2, 5, 3, 3, 2, 1, 2, 4, 8, 5, 5, 10, 2, 133, 74, 10, 60, 78, 19, 15, 9, 139, 136, 30, 27, 58, 31, 0]"
j20,1,stnu,600,False,inf,1.037092924118042,inf,[],"""[0, 2, 2, 5, 2, 3, 3, 7, 9, 5, 3, 3, 2, 1, 2, 4, 8, 5, 5, 10, 2, 133, 74, 10, 60, 78, 19, 15, 9, 139, 136, 30, 27, 58, 31, 0]"""
j20,1,proactive_quantile_0.9,600,True,39,0.10564470291137695,0.0017464160919189453,"[0, 0, 0, 0, 6, 6, 10, 14, 10, 17, 6, 23, 12, 24, 10, 17, 12, 17, 30, 28, 26, 0, 0, 0, 0, 0, 0, 0, 0, 0, 0, 0, 0, 0, 0, 139]","""[0, 1, 4, 7, 2, 2, 4, 2, 1, 5, 2, 6, 2, 1, 2, 5, 8, 5, 4, 8, 2, 133, 74, 10, 60, 78, 19, 15, 9, 139, 136, 30, 27, 58, 31, 0]"""
j20,1,reactive,600,False,inf,inf,inf,null,"[0, 1, 4, 7, 2, 2, 4, 2, 1, 5, 2, 6, 2, 1, 2, 5, 8, 5, 4, 8, 2, 133, 74, 10, 60, 78, 19, 15, 9, 139, 136, 30, 27, 58, 31, 0]"
j20,1,stnu,600,False,inf,0.9161684513092041,inf,[],"""[0, 1, 2, 7, 2, 2, 4, 8, 7, 5, 2, 6, 2, 1, 2, 5, 8, 5, 4, 8, 2, 133, 74, 10, 60, 78, 19, 15, 9, 139, 136, 30, 27, 58, 31, 0]"""
j20,1,proactive_quantile_0.9,600,True,39,0.22594714164733887,0.0018126964569091797,"[0, 0, 0, 0, 6, 6, 10, 14, 10, 17, 6, 23, 12, 24, 10, 17, 12, 17, 30, 28, 26, 0, 0, 0, 0, 0, 0, 0, 0, 0, 0, 0, 0, 0, 0, 139]","""[0, 2, 5, 4, 3, 3, 3, 3, 1, 5, 2, 2, 2, 1, 2, 5, 5, 7, 4, 10, 3, 133, 74, 10, 60, 78, 19, 15, 9, 139, 136, 30, 27, 58, 31, 0]"""
j20,1,reactive,600,True,38,0.22594714164733887,0.45047831535339355,"[0, 0, 0, 0, 6, 6, 10, 14, 10, 17, 6, 23, 12, 24, 10, 17, 12, 17, 30, 28, 26, 0, 0, 0, 0, 0, 0, 0, 0, 0, 0, 0, 0, 0, 0, 38]","[0, 2, 5, 4, 3, 3, 3, 3, 1, 5, 2, 2, 2, 1, 2, 5, 5, 7, 4, 10, 3, 133, 74, 10, 60, 78, 19, 15, 9, 139, 136, 30, 27, 58, 31, 0]"
j20,1,stnu,600,False,inf,0.9596107006072998,inf,[],"""[0, 2, 3, 1, 3, 3, 3, 3, 1, 4, 2, 2, 2, 1, 2, 3, 2, 7, 1, 2, 2, 133, 74, 10, 60, 78, 19, 15, 9, 139, 136, 30, 27, 58, 31, 0]"""
j20,1,proactive_quantile_0.9,600,True,39,0.0954740047454834,0.0017693042755126953,"[0, 0, 0, 0, 6, 6, 10, 14, 10, 17, 6, 23, 12, 24, 10, 17, 12, 17, 30, 28, 26, 0, 0, 0, 0, 0, 0, 0, 0, 0, 0, 0, 0, 0, 0, 139]","""[0, 1, 5, 4, 1, 2, 3, 2, 1, 5, 1, 2, 1, 1, 2, 4, 6, 7, 4, 8, 2, 133, 74, 10, 60, 78, 19, 15, 9, 139, 136, 30, 27, 58, 31, 0]"""
j20,1,reactive,600,True,36,0.0954740047454834,0.5494003295898438,"[0, 0, 0, 0, 6, 6, 10, 14, 10, 17, 6, 23, 12, 24, 10, 17, 12, 17, 30, 28, 26, 0, 0, 0, 0, 0, 0, 0, 0, 0, 0, 0, 0, 0, 0, 36]","[0, 1, 5, 4, 1, 2, 3, 2, 1, 5, 1, 2, 1, 1, 2, 4, 6, 7, 4, 8, 2, 133, 74, 10, 60, 78, 19, 15, 9, 139, 136, 30, 27, 58, 31, 0]"
j20,1,stnu,600,False,inf,1.0656781196594238,inf,[],"""[0, 1, 3, 4, 1, 2, 3, 5, 8, 5, 1, 2, 1, 1, 2, 4, 6, 7, 4, 8, 2, 133, 74, 10, 60, 78, 19, 15, 9, 139, 136, 30, 27, 58, 31, 0]"""
j20,1,proactive_quantile_0.9,600,True,39,0.25278258323669434,0.0016808509826660156,"[0, 0, 0, 0, 6, 6, 10, 14, 10, 17, 6, 23, 12, 24, 10, 17, 12, 17, 30, 28, 26, 0, 0, 0, 0, 0, 0, 0, 0, 0, 0, 0, 0, 0, 0, 139]","""[0, 1, 3, 4, 1, 2, 3, 2, 2, 5, 1, 5, 2, 1, 2, 4, 8, 8, 4, 10, 2, 133, 74, 10, 60, 78, 19, 15, 9, 139, 136, 30, 27, 58, 31, 0]"""
j20,1,reactive,600,True,38,0.25278258323669434,0.4476041793823242,"[0, 0, 0, 0, 6, 6, 10, 14, 10, 17, 6, 23, 12, 24, 10, 17, 12, 17, 30, 28, 26, 0, 0, 0, 0, 0, 0, 0, 0, 0, 0, 0, 0, 0, 0, 38]","[0, 1, 3, 4, 1, 2, 3, 2, 2, 5, 1, 5, 2, 1, 2, 4, 8, 8, 4, 10, 2, 133, 74, 10, 60, 78, 19, 15, 9, 139, 136, 30, 27, 58, 31, 0]"
j20,1,stnu,600,False,inf,0.9265410900115967,inf,[],"""[0, 1, 3, 4, 1, 2, 3, 5, 8, 5, 1, 5, 2, 1, 2, 4, 8, 8, 4, 10, 2, 133, 74, 10, 60, 78, 19, 15, 9, 139, 136, 30, 27, 58, 31, 0]"""
j20,1,proactive_quantile_0.9,600,True,39,0.09775233268737793,0.0017600059509277344,"[0, 0, 0, 0, 6, 6, 10, 14, 10, 17, 6, 23, 12, 24, 10, 17, 12, 17, 30, 28, 26, 0, 0, 0, 0, 0, 0, 0, 0, 0, 0, 0, 0, 0, 0, 139]","""[0, 2, 3, 4, 1, 1, 3, 2, 2, 5, 2, 3, 1, 2, 2, 4, 7, 8, 5, 10, 3, 133, 74, 10, 60, 78, 19, 15, 9, 139, 136, 30, 27, 58, 31, 0]"""
j20,1,reactive,600,True,38,0.09775233268737793,0.37578439712524414,"[0, 0, 0, 0, 6, 6, 10, 14, 10, 17, 6, 23, 12, 24, 10, 17, 12, 17, 30, 28, 26, 0, 0, 0, 0, 0, 0, 0, 0, 0, 0, 0, 0, 0, 0, 38]","[0, 2, 3, 4, 1, 1, 3, 2, 2, 5, 2, 3, 1, 2, 2, 4, 7, 8, 5, 10, 3, 133, 74, 10, 60, 78, 19, 15, 9, 139, 136, 30, 27, 58, 31, 0]"
j20,1,stnu,600,False,inf,0.8075530529022217,inf,[],"""[0, 2, 1, 2, 1, 1, 3, 2, 2, 6, 2, 3, 1, 2, 2, 3, 2, 8, 2, 1, 3, 133, 74, 10, 60, 78, 19, 15, 9, 139, 136, 30, 27, 58, 31, 0]"""
j20,1,proactive_quantile_0.9,600,True,39,0.10197687149047852,0.001708984375,"[0, 0, 0, 0, 6, 6, 10, 14, 10, 17, 6, 23, 12, 24, 10, 17, 12, 17, 30, 28, 26, 0, 0, 0, 0, 0, 0, 0, 0, 0, 0, 0, 0, 0, 0, 139]","""[0, 2, 6, 4, 2, 3, 2, 1, 2, 6, 2, 4, 1, 2, 2, 5, 6, 7, 4, 8, 3, 133, 74, 10, 60, 78, 19, 15, 9, 139, 136, 30, 27, 58, 31, 0]"""
j20,1,reactive,600,True,36,0.10197687149047852,0.3799161911010742,"[0, 0, 0, 0, 6, 6, 10, 14, 10, 17, 6, 23, 12, 24, 10, 17, 12, 17, 30, 28, 26, 0, 0, 0, 0, 0, 0, 0, 0, 0, 0, 0, 0, 0, 0, 36]","[0, 2, 6, 4, 2, 3, 2, 1, 2, 6, 2, 4, 1, 2, 2, 5, 6, 7, 4, 8, 3, 133, 74, 10, 60, 78, 19, 15, 9, 139, 136, 30, 27, 58, 31, 0]"
j20,1,stnu,600,False,inf,0.8849458694458008,inf,[],"""[0, 2, 2, 4, 2, 3, 2, 5, 7, 6, 2, 4, 1, 2, 2, 5, 6, 7, 4, 8, 3, 133, 74, 10, 60, 78, 19, 15, 9, 139, 136, 30, 27, 58, 31, 0]"""
j20,1,proactive_quantile_0.9,600,True,39,0.09063553810119629,0.0016696453094482422,"[0, 0, 0, 0, 6, 6, 10, 14, 10, 17, 6, 23, 12, 24, 10, 17, 12, 17, 30, 28, 26, 0, 0, 0, 0, 0, 0, 0, 0, 0, 0, 0, 0, 0, 0, 139]","""[0, 1, 5, 5, 3, 2, 2, 1, 2, 8, 1, 4, 1, 1, 2, 6, 6, 7, 5, 11, 2, 133, 74, 10, 60, 78, 19, 15, 9, 139, 136, 30, 27, 58, 31, 0]"""
j20,1,reactive,600,False,inf,inf,inf,null,"[0, 1, 5, 5, 3, 2, 2, 1, 2, 8, 1, 4, 1, 1, 2, 6, 6, 7, 5, 11, 2, 133, 74, 10, 60, 78, 19, 15, 9, 139, 136, 30, 27, 58, 31, 0]"
j20,1,stnu,600,False,inf,0.7143902778625488,inf,[],"""[0, 1, 3, 1, 3, 2, 2, 1, 2, 3, 1, 4, 1, 1, 2, 4, 3, 7, 1, 1, 2, 133, 74, 10, 60, 78, 19, 15, 9, 139, 136, 30, 27, 58, 31, 0]"""
j20,1,proactive_quantile_0.9,600,False,inf,0.23835110664367676,inf,"[0, 0, 0, 0, 6, 6, 10, 14, 10, 17, 6, 23, 12, 24, 10, 17, 12, 17, 30, 28, 26, 0, 0, 0, 0, 0, 0, 0, 0, 0, 0, 0, 0, 0, 0, 139]","""[0, 2, 6, 4, 3, 3, 2, 1, 2, 4, 2, 2, 2, 1, 2, 7, 6, 7, 4, 10, 1, 133, 74, 10, 60, 78, 19, 15, 9, 139, 136, 30, 27, 58, 31, 0]"""
j20,1,reactive,600,False,inf,inf,inf,null,"[0, 2, 6, 4, 3, 3, 2, 1, 2, 4, 2, 2, 2, 1, 2, 7, 6, 7, 4, 10, 1, 133, 74, 10, 60, 78, 19, 15, 9, 139, 136, 30, 27, 58, 31, 0]"
j20,1,stnu,600,False,inf,0.7516686916351318,inf,[],"""[0, 2, 3, 1, 3, 2, 2, 1, 2, 4, 2, 2, 2, 1, 2, 5, 2, 7, 3, 2, 2, 133, 74, 10, 60, 78, 19, 15, 9, 139, 136, 30, 27, 58, 31, 0]"""
j20,1,proactive_quantile_0.9,600,True,39,0.09185957908630371,0.0016939640045166016,"[0, 0, 0, 0, 6, 6, 10, 14, 10, 17, 6, 23, 12, 24, 10, 17, 12, 17, 30, 28, 26, 0, 0, 0, 0, 0, 0, 0, 0, 0, 0, 0, 0, 0, 0, 139]","""[0, 1, 3, 5, 3, 2, 2, 1, 2, 5, 1, 4, 2, 2, 2, 4, 6, 7, 4, 12, 2, 133, 74, 10, 60, 78, 19, 15, 9, 139, 136, 30, 27, 58, 31, 0]"""
j20,1,reactive,600,True,40,0.09185957908630371,0.4286623001098633,"[0, 0, 0, 0, 6, 6, 10, 14, 10, 17, 6, 23, 12, 24, 10, 17, 12, 17, 30, 28, 26, 0, 0, 0, 0, 0, 0, 0, 0, 0, 0, 0, 0, 0, 0, 40]","[0, 1, 3, 5, 3, 2, 2, 1, 2, 5, 1, 4, 2, 2, 2, 4, 6, 7, 4, 12, 2, 133, 74, 10, 60, 78, 19, 15, 9, 139, 136, 30, 27, 58, 31, 0]"
j20,1,stnu,600,False,inf,0.7020125389099121,inf,[],"""[0, 1, 3, 2, 3, 1, 2, 1, 2, 3, 1, 4, 2, 2, 2, 3, 3, 7, 3, 2, 2, 133, 74, 10, 60, 78, 19, 15, 9, 139, 136, 30, 27, 58, 31, 0]"""
j20,1,proactive_quantile_0.9,600,True,27,0.11197161674499512,0.0015540122985839844,"[0, 0, 0, 0, 2, 2, 4, 8, 7, 9, 9, 11, 11, 13, 2, 14, 16, 18, 22, 22, 18, 0, 0, 0, 0, 160]","""[0, 8, 2, 2, 2, 4, 1, 2, 1, 2, 8, 3, 1, 1, 2, 4, 6, 3, 2, 3, 4, 136, 150, 160, 70, 0]"""
j20,1,reactive,600,True,25,0.11197161674499512,0.45540952682495117,"[0, 0, 0, 0, 2, 2, 4, 8, 7, 9, 9, 11, 11, 13, 2, 14, 16, 18, 22, 22, 18, 0, 0, 0, 0, 25]","[0, 8, 2, 2, 2, 4, 1, 2, 1, 2, 8, 3, 1, 1, 2, 4, 6, 3, 2, 3, 4, 136, 150, 160, 70, 0]"
j20,1,stnu,600,True,25,3.6563899517059326,0.025977611541748047,"[0, 0, 0, 0, 2, 2, 4, 6, 5, 8, 6, 8, 8, 10, 2, 10, 14, 14, 20, 20, 14, 0, 0, 0, 0, 25]","""[0, 8, 2, 2, 2, 4, 1, 2, 1, 2, 8, 3, 1, 1, 2, 4, 6, 3, 2, 5, 4, 136, 150, 160, 70, 0]"""
j20,1,proactive_quantile_0.9,600,True,46,0.07092690467834473,0.0012350082397460938,"[0, 0, 0, 0, 6, 6, 9, 14, 16, 9, 21, 23, 23, 23, 6, 28, 28, 35, 42, 35, 30, 0, 0, 0, 0, 160]","""[0, 7, 4, 6, 3, 8, 4, 9, 3, 3, 7, 5, 5, 6, 4, 4, 5, 5, 3, 4, 6, 136, 150, 160, 70, 0]"""
j20,1,reactive,600,True,45,0.07092690467834473,0.3148796558380127,"[0, 0, 0, 0, 6, 6, 9, 14, 16, 9, 21, 23, 23, 23, 6, 28, 28, 35, 42, 35, 30, 0, 0, 0, 0, 45]","[0, 7, 4, 6, 3, 8, 4, 9, 3, 3, 7, 5, 5, 6, 4, 4, 5, 5, 3, 4, 6, 136, 150, 160, 70, 0]"
j20,1,stnu,600,True,49,0.7871053218841553,0.025324344635009766,"[0, 0, 0, 0, 6, 6, 9, 14, 14, 7, 17, 23, 23, 23, 6, 28, 28, 33, 39, 33, 28, 0, 0, 0, 0, 49]","""[0, 7, 4, 6, 3, 8, 4, 9, 3, 3, 9, 5, 5, 6, 4, 4, 5, 5, 10, 4, 11, 136, 150, 160, 70, 0]"""
j20,1,proactive_quantile_0.9,600,True,27,0.08936262130737305,0.0011937618255615234,"[0, 0, 0, 0, 2, 2, 4, 8, 7, 9, 9, 11, 11, 13, 2, 14, 16, 18, 22, 22, 18, 0, 0, 0, 0, 160]","""[0, 7, 2, 2, 1, 5, 1, 1, 1, 1, 9, 4, 2, 2, 1, 2, 4, 2, 3, 4, 3, 136, 150, 160, 70, 0]"""
j20,1,reactive,600,True,26,0.08936262130737305,0.40053820610046387,"[0, 0, 0, 0, 2, 2, 4, 8, 7, 9, 9, 11, 11, 13, 2, 14, 16, 18, 22, 22, 18, 0, 0, 0, 0, 26]","[0, 7, 2, 2, 1, 5, 1, 1, 1, 1, 9, 4, 2, 2, 1, 2, 4, 2, 3, 4, 3, 136, 150, 160, 70, 0]"
j20,1,stnu,600,True,27,0.9383504390716553,0.026065826416015625,"[0, 0, 0, 0, 2, 2, 3, 7, 5, 8, 7, 8, 8, 10, 2, 10, 16, 16, 20, 20, 16, 0, 0, 0, 0, 27]","""[0, 7, 2, 2, 1, 5, 2, 1, 2, 1, 9, 4, 2, 2, 1, 2, 4, 2, 3, 7, 3, 136, 150, 160, 70, 0]"""
j20,1,proactive_quantile_0.9,600,True,27,0.09785580635070801,0.001214742660522461,"[0, 0, 0, 0, 2, 2, 4, 8, 7, 9, 9, 11, 11, 13, 2, 14, 16, 18, 22, 22, 18, 0, 0, 0, 0, 160]","""[0, 7, 1, 3, 1, 6, 2, 2, 2, 1, 7, 4, 1, 2, 2, 1, 4, 2, 2, 4, 5, 136, 150, 160, 70, 0]"""
j20,1,reactive,600,True,26,0.09785580635070801,0.3049123287200928,"[0, 0, 0, 0, 2, 2, 4, 8, 7, 9, 9, 11, 11, 13, 2, 14, 16, 18, 22, 22, 18, 0, 0, 0, 0, 26]","[0, 7, 1, 3, 1, 6, 2, 2, 2, 1, 7, 4, 1, 2, 2, 1, 4, 2, 2, 4, 5, 136, 150, 160, 70, 0]"
j20,1,stnu,600,True,27,0.8361151218414307,0.02605152130126953,"[0, 0, 0, 0, 1, 1, 3, 7, 6, 9, 8, 9, 9, 10, 1, 10, 15, 15, 20, 20, 15, 0, 0, 0, 0, 27]","""[0, 7, 1, 3, 1, 6, 3, 2, 2, 1, 7, 4, 1, 2, 2, 1, 4, 2, 2, 7, 5, 136, 150, 160, 70, 0]"""
j20,1,proactive_quantile_0.9,600,True,27,0.0872504711151123,0.0011792182922363281,"[0, 0, 0, 0, 2, 2, 4, 8, 7, 9, 9, 11, 11, 13, 2, 14, 16, 18, 22, 22, 18, 0, 0, 0, 0, 160]","""[0, 8, 2, 2, 2, 5, 2, 3, 2, 1, 7, 4, 1, 1, 2, 3, 3, 4, 4, 6, 5, 136, 150, 160, 70, 0]"""
j20,1,reactive,600,True,28,0.0872504711151123,0.2402048110961914,"[0, 0, 0, 0, 2, 2, 4, 8, 7, 9, 9, 11, 11, 13, 2, 14, 16, 18, 22, 22, 18, 0, 0, 0, 0, 28]","[0, 8, 2, 2, 2, 5, 2, 3, 2, 1, 7, 4, 1, 1, 2, 3, 3, 4, 4, 6, 5, 136, 150, 160, 70, 0]"
j20,1,stnu,600,True,24,0.8907368183135986,0.025205612182617188,"[0, 0, 0, 0, 2, 2, 4, 7, 6, 10, 7, 10, 10, 11, 2, 11, 14, 14, 19, 19, 14, 0, 0, 0, 0, 24]","""[0, 8, 2, 2, 2, 5, 2, 3, 1, 1, 7, 4, 1, 1, 2, 3, 3, 4, 4, 5, 5, 136, 150, 160, 70, 0]"""
j20,1,proactive_quantile_0.9,600,True,27,0.0869894027709961,0.0012006759643554688,"[0, 0, 0, 0, 2, 2, 4, 8, 7, 9, 9, 11, 11, 13, 2, 14, 16, 18, 22, 22, 18, 0, 0, 0, 0, 160]","""[0, 8, 2, 3, 2, 4, 3, 1, 2, 2, 7, 4, 2, 2, 2, 2, 6, 2, 3, 5, 5, 136, 150, 160, 70, 0]"""
j20,1,reactive,600,True,27,0.0869894027709961,0.19696974754333496,"[0, 0, 0, 0, 2, 2, 4, 8, 7, 9, 9, 11, 11, 13, 2, 14, 16, 18, 22, 22, 18, 0, 0, 0, 0, 27]","[0, 8, 2, 3, 2, 4, 3, 1, 2, 2, 7, 4, 2, 2, 2, 2, 6, 2, 3, 5, 5, 136, 150, 160, 70, 0]"
j20,1,stnu,600,True,25,0.7408866882324219,0.025577068328857422,"[0, 0, 0, 0, 2, 2, 4, 6, 5, 8, 6, 8, 8, 10, 2, 10, 13, 13, 19, 19, 13, 0, 0, 0, 0, 25]","""[0, 8, 2, 3, 2, 4, 1, 1, 1, 2, 7, 4, 2, 2, 2, 2, 6, 2, 3, 6, 5, 136, 150, 160, 70, 0]"""
j20,1,proactive_quantile_0.9,600,True,27,0.14493918418884277,0.0011625289916992188,"[0, 0, 0, 0, 2, 2, 4, 8, 7, 9, 9, 11, 11, 13, 2, 14, 16, 18, 22, 22, 18, 0, 0, 0, 0, 160]","""[0, 6, 2, 3, 2, 4, 1, 2, 2, 2, 8, 4, 2, 1, 1, 2, 3, 2, 2, 4, 4, 136, 150, 160, 70, 0]"""
j20,1,reactive,600,True,26,0.14493918418884277,0.317608118057251,"[0, 0, 0, 0, 2, 2, 4, 8, 7, 9, 9, 11, 11, 13, 2, 14, 16, 18, 22, 22, 18, 0, 0, 0, 0, 26]","[0, 6, 2, 3, 2, 4, 1, 2, 2, 2, 8, 4, 2, 1, 1, 2, 3, 2, 2, 4, 4, 136, 150, 160, 70, 0]"
j20,1,stnu,600,True,45,1.0162250995635986,0.02499842643737793,"[0, 0, 0, 0, 5, 5, 7, 13, 13, 6, 18, 22, 22, 22, 5, 26, 26, 32, 38, 32, 28, 0, 0, 0, 0, 45]","""[0, 6, 5, 4, 2, 8, 4, 9, 5, 5, 10, 2, 4, 4, 4, 6, 5, 6, 7, 4, 9, 136, 150, 160, 70, 0]"""
j20,1,proactive_quantile_0.9,600,True,46,0.08442807197570801,0.0011777877807617188,"[0, 0, 0, 0, 6, 6, 9, 14, 16, 9, 21, 23, 23, 23, 6, 28, 28, 35, 42, 35, 30, 0, 0, 0, 0, 160]","""[0, 5, 5, 5, 1, 5, 7, 8, 3, 3, 7, 5, 4, 7, 7, 5, 7, 4, 2, 4, 5, 136, 150, 160, 70, 0]"""
j20,1,reactive,600,True,41,0.08442807197570801,0.27947282791137695,"[0, 0, 0, 0, 6, 6, 9, 14, 16, 9, 21, 23, 23, 23, 6, 28, 28, 35, 39, 35, 30, 0, 0, 0, 0, 41]","[0, 5, 5, 5, 1, 5, 7, 8, 3, 3, 7, 5, 4, 7, 7, 5, 7, 4, 2, 4, 5, 136, 150, 160, 70, 0]"
j20,1,stnu,600,True,45,1.2708759307861328,0.02444171905517578,"[0, 0, 0, 0, 5, 5, 6, 12, 13, 5, 16, 20, 20, 20, 5, 25, 25, 32, 36, 32, 24, 0, 0, 0, 0, 45]","""[0, 5, 5, 5, 1, 5, 7, 8, 3, 3, 8, 5, 4, 7, 7, 5, 7, 4, 9, 4, 7, 136, 150, 160, 70, 0]"""
j20,1,proactive_quantile_0.9,600,True,27,0.15723776817321777,0.0011310577392578125,"[0, 0, 0, 0, 2, 2, 4, 8, 7, 9, 9, 11, 11, 13, 2, 14, 16, 18, 22, 22, 18, 0, 0, 0, 0, 160]","""[0, 7, 2, 3, 2, 3, 2, 2, 1, 2, 9, 4, 2, 2, 1, 2, 5, 4, 3, 5, 6, 136, 150, 160, 70, 0]"""
j20,1,reactive,600,True,27,0.15723776817321777,0.43883657455444336,"[0, 0, 0, 0, 2, 2, 4, 8, 7, 9, 9, 11, 11, 13, 2, 14, 16, 18, 22, 22, 18, 0, 0, 0, 0, 27]","[0, 7, 2, 3, 2, 3, 2, 2, 1, 2, 9, 4, 2, 2, 1, 2, 5, 4, 3, 5, 6, 136, 150, 160, 70, 0]"
j20,1,stnu,600,True,47,0.738323450088501,0.02462005615234375,"[0, 0, 0, 0, 5, 5, 8, 13, 14, 7, 18, 22, 22, 22, 5, 26, 26, 32, 40, 32, 27, 0, 0, 0, 0, 47]","""[0, 7, 5, 3, 3, 8, 6, 9, 4, 4, 9, 4, 3, 5, 6, 3, 6, 8, 7, 5, 11, 136, 150, 160, 70, 0]"""
j20,1,proactive_quantile_0.9,600,False,inf,0.08287787437438965,inf,"[0, 0, 0, 0, 6, 6, 9, 14, 16, 9, 21, 23, 23, 23, 6, 28, 28, 35, 42, 35, 30, 0, 0, 0, 0, 160]","""[0, 5, 4, 3, 2, 7, 4, 7, 6, 3, 8, 5, 6, 6, 6, 5, 7, 7, 3, 5, 6, 136, 150, 160, 70, 0]"""
j20,1,reactive,600,False,inf,inf,inf,null,"[0, 5, 4, 3, 2, 7, 4, 7, 6, 3, 8, 5, 6, 6, 6, 5, 7, 7, 3, 5, 6, 136, 150, 160, 70, 0]"
j20,1,stnu,600,True,46,0.7229857444763184,0.024608850479125977,"[0, 0, 0, 0, 4, 4, 6, 11, 11, 5, 17, 18, 18, 18, 4, 24, 24, 31, 38, 31, 27, 0, 0, 0, 0, 46]","""[0, 5, 4, 3, 2, 7, 4, 7, 6, 3, 10, 5, 6, 6, 6, 5, 7, 7, 8, 5, 9, 136, 150, 160, 70, 0]"""
j20,1,stnu,600,False,inf,0.8392889499664307,inf,[],"""[0, 1, 6, 1, 2, 2, 2, 2, 2, 3, 2, 2, 2, 2, 3, 3, 2, 1, 2, 3, 2, 27, 8, 82, 11, 93, 38, 154, 128, 99, 55, 9, 89, 41, 53, 51, 22, 0]"""
j20,1,stnu,600,False,inf,0.9922304153442383,inf,[],"""[0, 1, 7, 1, 2, 2, 2, 1, 4, 1, 6, 4, 1, 5, 2, 2, 3, 5, 5, 4, 2, 27, 8, 82, 11, 93, 38, 154, 128, 99, 55, 9, 89, 41, 53, 51, 22, 0]"""
j20,1,stnu,600,False,inf,0.8318989276885986,inf,[],"""[0, 1, 6, 1, 2, 2, 3, 2, 5, 1, 5, 2, 2, 5, 1, 3, 2, 4, 5, 3, 3, 27, 8, 82, 11, 93, 38, 154, 128, 99, 55, 9, 89, 41, 53, 51, 22, 0]"""
j20,1,stnu,600,False,inf,0.7213194370269775,inf,[],"""[0, 2, 7, 1, 4, 1, 2, 2, 4, 2, 6, 2, 2, 5, 1, 3, 2, 6, 5, 6, 3, 27, 8, 82, 11, 93, 38, 154, 128, 99, 55, 9, 89, 41, 53, 51, 22, 0]"""
j20,1,stnu,600,False,inf,0.8178164958953857,inf,[],"""[0, 2, 6, 1, 3, 2, 4, 2, 4, 2, 4, 2, 1, 6, 2, 1, 3, 5, 5, 6, 1, 27, 8, 82, 11, 93, 38, 154, 128, 99, 55, 9, 89, 41, 53, 51, 22, 0]"""
j20,1,stnu,600,False,inf,0.7620792388916016,inf,[],"""[0, 1, 5, 2, 2, 1, 3, 2, 6, 2, 2, 1, 2, 4, 3, 2, 4, 3, 2, 2, 2, 27, 8, 82, 11, 93, 38, 154, 128, 99, 55, 9, 89, 41, 53, 51, 22, 0]"""
j20,1,stnu,600,False,inf,0.9118180274963379,inf,[],"""[0, 1, 6, 2, 3, 1, 1, 1, 6, 2, 3, 4, 2, 8, 3, 2, 4, 6, 4, 3, 3, 27, 8, 82, 11, 93, 38, 154, 128, 99, 55, 9, 89, 41, 53, 51, 22, 0]"""
j20,1,stnu,600,False,inf,0.8050434589385986,inf,[],"""[0, 2, 6, 2, 3, 1, 3, 1, 3, 2, 5, 2, 2, 7, 3, 2, 4, 5, 4, 3, 3, 27, 8, 82, 11, 93, 38, 154, 128, 99, 55, 9, 89, 41, 53, 51, 22, 0]"""
j20,1,stnu,600,False,inf,0.8197841644287109,inf,[],"""[0, 2, 4, 2, 2, 1, 4, 2, 3, 3, 7, 3, 1, 5, 2, 2, 3, 4, 3, 3, 3, 27, 8, 82, 11, 93, 38, 154, 128, 99, 55, 9, 89, 41, 53, 51, 22, 0]"""
j20,1,stnu,600,False,inf,0.8035364151000977,inf,[],"""[0, 2, 5, 1, 2, 1, 3, 2, 7, 2, 1, 2, 1, 2, 2, 2, 4, 2, 3, 2, 2, 27, 8, 82, 11, 93, 38, 154, 128, 99, 55, 9, 89, 41, 53, 51, 22, 0]"""
j20,1,proactive_quantile_0.9,600,True,32,0.09717273712158203,0.0006766319274902344,"[0, 0, 0, 0, 5, 2, 7, 11, 10, 14, 11, 14, 18, 18, 7, 11, 17, 16, 20, 21, 20, 0, 0, 147]","""[0, 4, 4, 2, 2, 8, 1, 1, 2, 3, 2, 2, 2, 1, 1, 5, 1, 2, 4, 8, 8, 40, 147, 0]"""
j20,1,reactive,600,True,29,0.09717273712158203,0.3237900733947754,"[0, 0, 0, 0, 5, 2, 7, 11, 10, 14, 11, 14, 18, 18, 7, 11, 17, 16, 20, 21, 20, 0, 0, 29]","[0, 4, 4, 2, 2, 8, 1, 1, 2, 3, 2, 2, 2, 1, 1, 5, 1, 2, 4, 8, 8, 40, 147, 0]"
j20,1,stnu,600,True,27,1.3352911472320557,0.023078203201293945,"[0, 0, 0, 0, 4, 2, 6, 7, 10, 12, 10, 12, 17, 17, 6, 10, 15, 15, 18, 19, 18, 0, 0, 27]","""[0, 4, 4, 2, 2, 8, 1, 1, 2, 3, 2, 2, 2, 1, 1, 5, 1, 2, 5, 8, 8, 40, 147, 0]"""
j20,1,proactive_quantile_0.9,600,True,32,0.17847037315368652,0.0007038116455078125,"[0, 0, 0, 0, 5, 2, 7, 11, 10, 14, 11, 14, 18, 18, 7, 11, 17, 16, 20, 21, 20, 0, 0, 147]","""[0, 4, 3, 2, 2, 7, 2, 2, 4, 3, 2, 3, 2, 1, 1, 3, 2, 2, 7, 11, 6, 40, 147, 0]"""
j20,1,reactive,600,True,32,0.17847037315368652,0.3051011562347412,"[0, 0, 0, 0, 5, 2, 7, 11, 10, 14, 11, 14, 18, 18, 7, 11, 17, 16, 20, 21, 20, 0, 0, 32]","[0, 4, 3, 2, 2, 7, 2, 2, 4, 3, 2, 3, 2, 1, 1, 3, 2, 2, 7, 11, 6, 40, 147, 0]"
j20,1,stnu,600,True,39,0.9506280422210693,0.022893190383911133,"[0, 0, 0, 0, 5, 6, 10, 14, 13, 21, 14, 21, 24, 24, 10, 15, 28, 21, 30, 28, 28, 0, 0, 39]","""[0, 5, 6, 6, 5, 7, 4, 5, 8, 3, 3, 5, 4, 2, 5, 4, 2, 5, 7, 11, 6, 40, 147, 0]"""
j20,1,proactive_quantile_0.9,600,True,32,0.09093236923217773,0.0006253719329833984,"[0, 0, 0, 0, 5, 2, 7, 11, 10, 14, 11, 14, 18, 18, 7, 11, 17, 16, 20, 21, 20, 0, 0, 147]","""[0, 5, 2, 2, 2, 6, 2, 3, 3, 4, 1, 3, 1, 2, 2, 5, 2, 1, 4, 9, 7, 40, 147, 0]"""
j20,1,reactive,600,True,30,0.09093236923217773,0.25601696968078613,"[0, 0, 0, 0, 5, 2, 7, 11, 10, 14, 11, 14, 18, 18, 7, 11, 17, 16, 20, 21, 20, 0, 0, 30]","[0, 5, 2, 2, 2, 6, 2, 3, 3, 4, 1, 3, 1, 2, 2, 5, 2, 1, 4, 9, 7, 40, 147, 0]"
j20,1,stnu,600,True,41,0.949164867401123,0.02282428741455078,"[0, 0, 0, 0, 4, 7, 10, 15, 15, 23, 15, 23, 26, 26, 10, 17, 30, 24, 34, 30, 30, 0, 0, 41]","""[0, 4, 7, 6, 6, 8, 5, 7, 8, 3, 4, 5, 4, 2, 7, 7, 4, 6, 4, 11, 8, 40, 147, 0]"""
j20,1,proactive_quantile_0.9,600,True,32,0.09045028686523438,0.0006389617919921875,"[0, 0, 0, 0, 5, 2, 7, 11, 10, 14, 11, 14, 18, 18, 7, 11, 17, 16, 20, 21, 20, 0, 0, 147]","""[0, 4, 1, 1, 2, 7, 2, 3, 3, 4, 1, 3, 2, 2, 2, 5, 2, 1, 5, 8, 9, 40, 147, 0]"""
j20,1,reactive,600,True,29,0.09045028686523438,0.502206563949585,"[0, 0, 0, 0, 5, 2, 7, 11, 10, 14, 11, 14, 18, 18, 7, 11, 17, 16, 20, 21, 20, 0, 0, 29]","[0, 4, 1, 1, 2, 7, 2, 3, 3, 4, 1, 3, 2, 2, 2, 5, 2, 1, 5, 8, 9, 40, 147, 0]"
j20,1,stnu,600,True,40,0.9124064445495605,0.022901296615600586,"[0, 0, 0, 0, 5, 6, 13, 18, 16, 24, 18, 24, 27, 27, 13, 18, 32, 24, 35, 29, 32, 0, 0, 40]","""[0, 5, 4, 6, 8, 10, 5, 4, 8, 3, 4, 8, 2, 2, 5, 5, 3, 4, 5, 11, 7, 40, 147, 0]"""
j20,1,proactive_quantile_0.9,600,True,32,0.182952880859375,0.0006756782531738281,"[0, 0, 0, 0, 5, 2, 7, 11, 10, 14, 11, 14, 18, 18, 7, 11, 17, 16, 20, 21, 20, 0, 0, 147]","""[0, 5, 2, 1, 1, 7, 2, 2, 3, 3, 2, 1, 2, 1, 1, 3, 2, 2, 5, 8, 5, 40, 147, 0]"""
j20,1,reactive,600,True,29,0.182952880859375,0.612046480178833,"[0, 0, 0, 0, 5, 2, 7, 11, 10, 14, 11, 14, 18, 18, 7, 11, 17, 16, 20, 21, 20, 0, 0, 29]","[0, 5, 2, 1, 1, 7, 2, 2, 3, 3, 2, 1, 2, 1, 1, 3, 2, 2, 5, 8, 5, 40, 147, 0]"
j20,1,stnu,600,True,40,0.847440242767334,0.02271437644958496,"[0, 0, 0, 0, 5, 7, 11, 16, 14, 22, 16, 23, 26, 26, 11, 16, 30, 23, 34, 30, 30, 0, 0, 40]","""[0, 5, 6, 7, 6, 7, 5, 7, 8, 4, 4, 6, 4, 3, 5, 6, 4, 5, 5, 10, 9, 40, 147, 0]"""
j20,1,proactive_quantile_0.9,600,True,32,0.17180705070495605,0.0006096363067626953,"[0, 0, 0, 0, 5, 2, 7, 11, 10, 14, 11, 14, 18, 18, 7, 11, 17, 16, 20, 21, 20, 0, 0, 147]","""[0, 5, 3, 1, 2, 5, 2, 1, 3, 3, 2, 1, 1, 2, 1, 3, 3, 2, 5, 10, 8, 40, 147, 0]"""
j20,1,reactive,600,True,31,0.17180705070495605,0.3414771556854248,"[0, 0, 0, 0, 5, 2, 7, 11, 10, 14, 11, 14, 18, 18, 7, 11, 17, 16, 20, 21, 20, 0, 0, 31]","[0, 5, 3, 1, 2, 5, 2, 1, 3, 3, 2, 1, 1, 2, 1, 3, 3, 2, 5, 10, 8, 40, 147, 0]"
j20,1,stnu,600,True,38,0.7022495269775391,0.022232770919799805,"[0, 0, 0, 0, 4, 5, 10, 14, 13, 21, 14, 21, 25, 25, 10, 16, 28, 21, 33, 28, 28, 0, 0, 38]","""[0, 4, 5, 5, 6, 8, 4, 7, 8, 4, 4, 6, 3, 3, 6, 4, 5, 4, 5, 8, 9, 40, 147, 0]"""
j20,1,proactive_quantile_0.9,600,True,32,0.16895341873168945,0.0005660057067871094,"[0, 0, 0, 0, 5, 2, 7, 11, 10, 14, 11, 14, 18, 18, 7, 11, 17, 16, 20, 21, 20, 0, 0, 147]","""[0, 4, 4, 1, 1, 7, 1, 2, 1, 3, 2, 3, 2, 2, 3, 4, 2, 1, 5, 8, 7, 40, 147, 0]"""
j20,1,reactive,600,True,29,0.16895341873168945,0.32148313522338867,"[0, 0, 0, 0, 5, 2, 7, 11, 10, 14, 11, 14, 18, 18, 7, 11, 17, 16, 20, 21, 20, 0, 0, 29]","[0, 4, 4, 1, 1, 7, 1, 2, 1, 3, 2, 3, 2, 2, 3, 4, 2, 1, 5, 8, 7, 40, 147, 0]"
j20,1,stnu,600,True,41,0.7105884552001953,0.022231578826904297,"[0, 0, 0, 0, 4, 7, 10, 15, 15, 23, 15, 23, 27, 27, 10, 18, 31, 25, 35, 31, 31, 0, 0, 41]","""[0, 4, 3, 7, 6, 8, 4, 7, 8, 4, 4, 5, 2, 4, 8, 7, 4, 5, 5, 10, 6, 40, 147, 0]"""
j20,1,proactive_quantile_0.9,600,True,30,0.14398455619812012,0.0006077289581298828,"[0, 0, 0, 0, 5, 2, 7, 11, 10, 14, 11, 14, 18, 18, 7, 11, 17, 16, 20, 21, 20, 0, 0, 147]","""[0, 6, 3, 2, 1, 7, 4, 2, 3, 3, 1, 1, 2, 1, 3, 3, 2, 1, 5, 7, 7, 40, 147, 0]"""
j20,1,reactive,600,False,inf,inf,inf,null,"[0, 6, 3, 2, 1, 7, 4, 2, 3, 3, 1, 1, 2, 1, 3, 3, 2, 1, 5, 7, 7, 40, 147, 0]"
j20,1,stnu,600,True,27,0.7843918800354004,0.02219414710998535,"[0, 0, 0, 0, 6, 2, 7, 11, 10, 13, 11, 13, 16, 16, 7, 11, 14, 14, 17, 18, 17, 0, 0, 27]","""[0, 6, 3, 2, 1, 7, 4, 2, 3, 3, 1, 1, 2, 1, 3, 3, 2, 1, 5, 9, 7, 40, 147, 0]"""
j20,1,proactive_quantile_0.9,600,True,32,0.08559989929199219,0.0005824565887451172,"[0, 0, 0, 0, 5, 2, 7, 11, 10, 14, 11, 14, 18, 18, 7, 11, 17, 16, 20, 21, 20, 0, 0, 147]","""[0, 3, 1, 2, 2, 7, 3, 2, 2, 1, 1, 1, 2, 1, 2, 4, 2, 1, 6, 11, 8, 40, 147, 0]"""
j20,1,reactive,600,True,32,0.08559989929199219,0.3695201873779297,"[0, 0, 0, 0, 5, 2, 7, 11, 10, 14, 11, 14, 18, 18, 7, 11, 17, 16, 20, 21, 20, 0, 0, 32]","[0, 3, 1, 2, 2, 7, 3, 2, 2, 1, 1, 1, 2, 1, 2, 4, 2, 1, 6, 11, 8, 40, 147, 0]"
j20,1,stnu,600,True,39,0.7166526317596436,0.02208399772644043,"[0, 0, 0, 0, 6, 6, 14, 17, 14, 23, 17, 23, 26, 26, 14, 18, 28, 23, 33, 28, 28, 0, 0, 39]","""[0, 6, 3, 5, 8, 8, 3, 6, 6, 3, 6, 5, 2, 1, 4, 5, 5, 3, 6, 9, 7, 40, 147, 0]"""
j20,1,proactive_quantile_0.9,600,True,32,0.13001799583435059,0.0006239414215087891,"[0, 0, 0, 0, 5, 2, 7, 11, 10, 14, 11, 14, 18, 18, 7, 11, 17, 16, 20, 21, 20, 0, 0, 147]","""[0, 4, 2, 2, 2, 5, 3, 2, 2, 3, 2, 3, 2, 1, 1, 3, 2, 1, 5, 11, 7, 40, 147, 0]"""
j20,1,reactive,600,True,32,0.13001799583435059,0.32422494888305664,"[0, 0, 0, 0, 5, 2, 7, 11, 10, 14, 11, 14, 18, 18, 7, 11, 17, 16, 20, 21, 20, 0, 0, 32]","[0, 4, 2, 2, 2, 5, 3, 2, 2, 3, 2, 3, 2, 1, 1, 3, 2, 1, 5, 11, 7, 40, 147, 0]"
j20,1,stnu,600,True,39,1.0606858730316162,0.022222042083740234,"[0, 0, 0, 0, 4, 5, 11, 15, 13, 22, 15, 22, 26, 26, 11, 16, 30, 23, 34, 30, 30, 0, 0, 39]","""[0, 4, 5, 5, 7, 8, 4, 7, 9, 4, 4, 7, 3, 4, 5, 7, 4, 3, 5, 9, 7, 40, 147, 0]"""
j20,1,proactive_quantile_0.9,600,True,34,0.10712933540344238,0.00043892860412597656,"[0, 0, 0, 0, 6, 2, 14, 6, 11, 18, 6, 17, 22, 18, 17, 22, 25, 25, 29, 20, 24, 0, 0, 66]","""[0, 3, 1, 4, 7, 5, 2, 4, 3, 2, 9, 1, 1, 5, 2, 2, 3, 3, 4, 7, 2, 22, 66, 0]"""
j20,1,reactive,600,True,33,0.10712933540344238,0.3529996871948242,"[0, 0, 0, 0, 6, 2, 14, 6, 11, 18, 6, 17, 22, 18, 17, 22, 25, 25, 29, 20, 24, 0, 0, 33]","[0, 3, 1, 4, 7, 5, 2, 4, 3, 2, 9, 1, 1, 5, 2, 2, 3, 3, 4, 7, 2, 22, 66, 0]"
j20,1,stnu,600,True,41,0.7862682342529297,0.022559642791748047,"[0, 0, 0, 0, 8, 5, 15, 8, 13, 20, 8, 17, 27, 20, 17, 27, 27, 32, 35, 20, 32, 0, 0, 41]","""[0, 8, 5, 3, 7, 5, 5, 5, 4, 5, 9, 3, 5, 7, 2, 5, 5, 3, 6, 4, 5, 22, 66, 0]"""
j20,1,proactive_quantile_0.9,600,True,43,0.14919829368591309,0.0004334449768066406,"[0, 0, 0, 0, 9, 2, 17, 9, 14, 21, 9, 20, 25, 21, 20, 25, 29, 30, 34, 23, 27, 0, 0, 66]","""[0, 7, 1, 2, 7, 4, 2, 5, 2, 2, 8, 3, 1, 7, 2, 2, 1, 2, 8, 5, 2, 22, 66, 0]"""
j20,1,reactive,600,True,42,0.14919829368591309,0.3968851566314697,"[0, 0, 0, 0, 9, 2, 17, 9, 14, 21, 9, 20, 25, 21, 20, 25, 29, 30, 34, 23, 27, 0, 0, 42]","[0, 7, 1, 2, 7, 4, 2, 5, 2, 2, 8, 3, 1, 7, 2, 2, 1, 2, 8, 5, 2, 22, 66, 0]"
j20,1,stnu,600,True,42,0.7465505599975586,0.0223696231842041,"[0, 0, 0, 0, 7, 6, 14, 7, 13, 20, 7, 17, 28, 20, 17, 28, 27, 33, 35, 20, 33, 0, 0, 42]","""[0, 7, 6, 4, 7, 7, 6, 4, 4, 8, 7, 3, 5, 7, 2, 4, 5, 2, 7, 5, 2, 22, 66, 0]"""
j20,1,proactive_quantile_0.9,600,True,51,0.0821843147277832,0.0005006790161132812,"[0, 0, 0, 0, 9, 7, 17, 9, 16, 24, 9, 20, 33, 24, 21, 33, 32, 39, 43, 25, 38, 0, 0, 66]","""[0, 7, 6, 4, 8, 4, 6, 6, 2, 8, 10, 3, 6, 7, 4, 3, 4, 3, 8, 7, 6, 22, 66, 0]"""
j20,1,reactive,600,False,inf,inf,inf,null,"[0, 7, 6, 4, 8, 4, 6, 6, 2, 8, 10, 3, 6, 7, 4, 3, 4, 3, 8, 7, 6, 22, 66, 0]"
j20,1,stnu,600,True,32,0.8586063385009766,0.02197742462158203,"[0, 0, 0, 0, 3, 1, 9, 3, 7, 12, 3, 13, 14, 13, 13, 15, 20, 17, 23, 15, 16, 0, 0, 32]","""[0, 3, 1, 3, 6, 2, 3, 4, 2, 2, 10, 1, 2, 6, 2, 2, 3, 3, 9, 8, 4, 22, 66, 0]"""
j20,1,proactive_quantile_0.9,600,True,34,0.08978652954101562,0.0004706382751464844,"[0, 0, 0, 0, 6, 2, 14, 6, 11, 18, 6, 17, 22, 18, 17, 22, 25, 25, 29, 20, 24, 0, 0, 66]","""[0, 5, 2, 2, 6, 4, 2, 5, 2, 3, 10, 3, 2, 6, 2, 1, 3, 2, 3, 10, 3, 22, 66, 0]"""
j20,1,reactive,600,True,32,0.08978652954101562,0.44576048851013184,"[0, 0, 0, 0, 6, 2, 14, 6, 11, 18, 6, 17, 22, 18, 17, 22, 25, 25, 29, 20, 24, 0, 0, 32]","[0, 5, 2, 2, 6, 4, 2, 5, 2, 3, 10, 3, 2, 6, 2, 1, 3, 2, 3, 10, 3, 22, 66, 0]"
j20,1,stnu,600,True,35,1.1384620666503906,0.021883249282836914,"[0, 0, 0, 0, 6, 2, 13, 6, 11, 15, 6, 16, 19, 16, 16, 19, 24, 21, 27, 19, 21, 0, 0, 35]","""[0, 5, 2, 2, 6, 4, 2, 5, 2, 3, 10, 3, 2, 6, 2, 1, 3, 2, 8, 10, 3, 22, 66, 0]"""
j20,1,proactive_quantile_0.9,600,True,34,0.16096997261047363,0.00047206878662109375,"[0, 0, 0, 0, 6, 2, 14, 6, 11, 18, 6, 17, 22, 18, 17, 22, 25, 25, 29, 20, 24, 0, 0, 66]","""[0, 5, 1, 4, 7, 5, 3, 5, 2, 3, 11, 2, 2, 6, 2, 2, 1, 2, 3, 9, 2, 22, 66, 0]"""
j20,1,reactive,600,True,32,0.16096997261047363,0.3096482753753662,"[0, 0, 0, 0, 6, 2, 14, 6, 11, 18, 6, 17, 22, 18, 17, 22, 25, 25, 29, 20, 24, 0, 0, 32]","[0, 5, 1, 4, 7, 5, 3, 5, 2, 3, 11, 2, 2, 6, 2, 2, 1, 2, 3, 9, 2, 22, 66, 0]"
j20,1,stnu,600,True,43,1.1465978622436523,0.02216506004333496,"[0, 0, 0, 0, 8, 7, 16, 8, 13, 20, 8, 19, 28, 22, 19, 28, 28, 33, 35, 22, 33, 0, 0, 43]","""[0, 8, 7, 3, 8, 6, 4, 5, 2, 8, 11, 3, 5, 6, 3, 4, 4, 2, 8, 4, 4, 22, 66, 0]"""
j20,1,proactive_quantile_0.9,600,True,34,0.06567239761352539,0.0004551410675048828,"[0, 0, 0, 0, 6, 2, 14, 6, 11, 18, 6, 17, 22, 18, 17, 22, 25, 25, 29, 20, 24, 0, 0, 66]","""[0, 4, 2, 4, 6, 4, 3, 5, 1, 2, 10, 1, 2, 5, 2, 1, 2, 2, 3, 8, 2, 22, 66, 0]"""
j20,1,reactive,600,True,32,0.06567239761352539,0.30956315994262695,"[0, 0, 0, 0, 6, 2, 14, 6, 11, 18, 6, 17, 22, 18, 17, 22, 25, 25, 29, 20, 24, 0, 0, 32]","[0, 4, 2, 4, 6, 4, 3, 5, 1, 2, 10, 1, 2, 5, 2, 1, 2, 2, 3, 8, 2, 22, 66, 0]"
j20,1,stnu,600,True,30,0.7267208099365234,0.022268295288085938,"[0, 0, 0, 0, 6, 2, 12, 6, 11, 15, 6, 15, 17, 15, 12, 17, 21, 19, 23, 16, 19, 0, 0, 30]","""[0, 4, 2, 4, 6, 4, 3, 5, 1, 2, 6, 1, 2, 5, 2, 1, 2, 2, 7, 8, 2, 22, 66, 0]"""
j20,1,proactive_quantile_0.9,600,True,34,0.1688997745513916,0.0004355907440185547,"[0, 0, 0, 0, 6, 2, 14, 6, 11, 18, 6, 17, 22, 18, 17, 22, 25, 25, 29, 20, 24, 0, 0, 66]","""[0, 4, 2, 2, 7, 6, 3, 4, 2, 2, 9, 2, 1, 4, 2, 1, 3, 2, 3, 10, 2, 22, 66, 0]"""
j20,1,reactive,600,True,32,0.1688997745513916,0.4106261730194092,"[0, 0, 0, 0, 6, 2, 14, 6, 11, 18, 6, 17, 22, 18, 17, 22, 25, 25, 29, 20, 24, 0, 0, 32]","[0, 4, 2, 2, 7, 6, 3, 4, 2, 2, 9, 2, 1, 4, 2, 1, 3, 2, 3, 10, 2, 22, 66, 0]"
j20,1,stnu,600,True,46,0.7323071956634521,0.022359609603881836,"[0, 0, 0, 0, 7, 5, 14, 7, 10, 21, 7, 16, 30, 21, 16, 30, 30, 35, 37, 21, 34, 0, 0, 46]","""[0, 7, 4, 5, 7, 5, 7, 3, 5, 6, 9, 2, 4, 9, 3, 5, 2, 2, 9, 5, 5, 22, 66, 0]"""
j20,1,proactive_quantile_0.9,600,True,34,0.1723783016204834,0.000457763671875,"[0, 0, 0, 0, 6, 2, 14, 6, 11, 18, 6, 17, 22, 18, 17, 22, 25, 25, 29, 20, 24, 0, 0, 66]","""[0, 4, 1, 1, 7, 4, 2, 4, 2, 2, 11, 3, 2, 7, 2, 3, 2, 2, 4, 9, 2, 22, 66, 0]"""
j20,1,reactive,600,True,33,0.1723783016204834,0.32718682289123535,"[0, 0, 0, 0, 6, 2, 14, 6, 11, 18, 6, 17, 22, 18, 17, 22, 25, 25, 29, 20, 24, 0, 0, 33]","[0, 4, 1, 1, 7, 4, 2, 4, 2, 2, 11, 3, 2, 7, 2, 3, 2, 2, 4, 9, 2, 22, 66, 0]"
j20,1,stnu,600,True,43,0.728473424911499,0.022211074829101562,"[0, 0, 0, 0, 9, 4, 18, 9, 13, 22, 9, 20, 29, 22, 20, 29, 29, 35, 37, 22, 35, 0, 0, 43]","""[0, 9, 4, 4, 9, 3, 4, 4, 5, 7, 11, 2, 5, 7, 2, 2, 6, 2, 6, 7, 5, 22, 66, 0]"""
j20,1,proactive_quantile_0.9,600,True,34,0.15765094757080078,0.00043582916259765625,"[0, 0, 0, 0, 6, 2, 14, 6, 11, 18, 6, 17, 22, 18, 17, 22, 25, 25, 29, 20, 24, 0, 0, 66]","""[0, 3, 2, 2, 6, 5, 2, 6, 3, 2, 8, 1, 1, 3, 3, 2, 3, 3, 5, 6, 2, 22, 66, 0]"""
j20,1,reactive,600,False,inf,inf,inf,null,"[0, 3, 2, 2, 6, 5, 2, 6, 3, 2, 8, 1, 1, 3, 3, 2, 3, 3, 5, 6, 2, 22, 66, 0]"
j20,1,stnu,600,True,40,0.7715978622436523,0.022487163543701172,"[0, 0, 0, 0, 7, 4, 13, 7, 11, 18, 7, 15, 26, 18, 15, 26, 25, 31, 34, 18, 31, 0, 0, 40]","""[0, 7, 4, 4, 6, 5, 5, 4, 3, 8, 8, 2, 5, 7, 1, 4, 3, 3, 6, 6, 3, 22, 66, 0]"""
j20,1,proactive_quantile_0.9,600,True,51,0.10111474990844727,0.0005786418914794922,"[0, 0, 0, 0, 9, 7, 17, 9, 16, 24, 9, 20, 33, 24, 21, 33, 32, 39, 43, 25, 38, 0, 0, 66]","""[0, 6, 7, 3, 7, 4, 5, 6, 4, 9, 9, 2, 4, 5, 3, 5, 4, 3, 7, 5, 3, 22, 66, 0]"""
j20,1,reactive,600,True,50,0.10111474990844727,0.47881627082824707,"[0, 0, 0, 0, 9, 7, 17, 9, 16, 24, 9, 20, 33, 24, 21, 33, 32, 39, 43, 25, 38, 0, 0, 50]","[0, 6, 7, 3, 7, 4, 5, 6, 4, 9, 9, 2, 4, 5, 3, 5, 4, 3, 7, 5, 3, 22, 66, 0]"
j20,1,stnu,600,True,35,1.2318294048309326,0.02268838882446289,"[0, 0, 0, 0, 7, 2, 14, 7, 11, 17, 7, 17, 18, 17, 16, 18, 24, 21, 27, 18, 20, 0, 0, 35]","""[0, 6, 2, 4, 6, 5, 3, 4, 3, 1, 9, 1, 2, 5, 1, 3, 3, 3, 8, 8, 4, 22, 66, 0]"""
j20,1,proactive_quantile_0.9,600,True,40,0.09284615516662598,0.0027518272399902344,"[0, 0, 0, 0, 8, 8, 13, 4, 19, 8, 19, 8, 19, 25, 28, 8, 21, 28, 34, 32, 24, 0, 0, 0, 0, 0, 0, 0, 0, 0, 0, 0, 0, 0, 0, 0, 0, 149]","""[0, 6, 2, 7, 4, 11, 5, 3, 4, 9, 8, 2, 2, 6, 4, 4, 2, 2, 3, 6, 4, 81, 67, 100, 25, 71, 102, 113, 86, 140, 56, 138, 127, 16, 54, 116, 149, 0]"""
j20,1,reactive,600,True,38,0.09284615516662598,0.43079352378845215,"[0, 0, 0, 0, 8, 8, 13, 4, 19, 8, 19, 8, 19, 25, 28, 8, 21, 28, 34, 32, 24, 0, 0, 0, 0, 0, 0, 0, 0, 0, 0, 0, 0, 0, 0, 0, 0, 38]","[0, 6, 2, 7, 4, 11, 5, 3, 4, 9, 8, 2, 2, 6, 4, 4, 2, 2, 3, 6, 4, 81, 67, 100, 25, 71, 102, 113, 86, 140, 56, 138, 127, 16, 54, 116, 149, 0]"
j20,1,stnu,600,True,20,1.172191858291626,0.05499005317687988,"[0, 0, 0, 0, 3, 3, 6, 3, 6, 2, 9, 5, 9, 9, 14, 2, 8, 14, 17, 17, 9, 0, 0, 0, 0, 0, 0, 0, 0, 0, 0, 0, 0, 0, 0, 0, 0, 20]","""[0, 1, 3, 2, 2, 2, 2, 2, 2, 7, 5, 1, 2, 2, 2, 2, 1, 3, 1, 3, 1, 81, 67, 100, 25, 71, 102, 113, 86, 140, 56, 138, 127, 16, 54, 116, 149, 0]"""
j20,1,proactive_quantile_0.9,600,True,31,0.170668363571167,0.0027871131896972656,"[0, 0, 0, 0, 4, 4, 8, 4, 8, 3, 11, 7, 11, 11, 19, 3, 11, 19, 25, 22, 13, 0, 0, 0, 0, 0, 0, 0, 0, 0, 0, 0, 0, 0, 0, 0, 0, 149]","""[0, 1, 3, 2, 2, 3, 1, 1, 2, 8, 7, 2, 1, 4, 5, 2, 1, 1, 3, 7, 8, 81, 67, 100, 25, 71, 102, 113, 86, 140, 56, 138, 127, 16, 54, 116, 149, 0]"""
j20,1,reactive,600,True,29,0.170668363571167,0.5415289402008057,"[0, 0, 0, 0, 4, 4, 8, 4, 8, 3, 11, 7, 11, 11, 19, 3, 11, 19, 25, 22, 13, 0, 0, 0, 0, 0, 0, 0, 0, 0, 0, 0, 0, 0, 0, 0, 0, 29]","[0, 1, 3, 2, 2, 3, 1, 1, 2, 8, 7, 2, 1, 4, 5, 2, 1, 1, 3, 7, 8, 81, 67, 100, 25, 71, 102, 113, 86, 140, 56, 138, 127, 16, 54, 116, 149, 0]"
j20,1,stnu,600,True,36,0.9377353191375732,0.05586695671081543,"[0, 0, 0, 0, 8, 8, 13, 2, 18, 8, 18, 4, 18, 22, 25, 5, 19, 25, 30, 27, 21, 0, 0, 0, 0, 0, 0, 0, 0, 0, 0, 0, 0, 0, 0, 0, 0, 36]","""[0, 8, 2, 5, 5, 10, 6, 2, 4, 10, 7, 2, 4, 4, 5, 4, 2, 2, 6, 8, 4, 81, 67, 100, 25, 71, 102, 113, 86, 140, 56, 138, 127, 16, 54, 116, 149, 0]"""
j20,1,proactive_quantile_0.9,600,True,30,0.15767502784729004,0.0027272701263427734,"[0, 0, 0, 0, 4, 4, 8, 4, 8, 3, 11, 7, 11, 11, 19, 3, 10, 19, 23, 22, 12, 0, 0, 0, 0, 0, 0, 0, 0, 0, 0, 0, 0, 0, 0, 0, 0, 149]","""[0, 1, 4, 3, 2, 3, 1, 2, 3, 6, 7, 2, 1, 3, 2, 2, 1, 2, 2, 6, 2, 81, 67, 100, 25, 71, 102, 113, 86, 140, 56, 138, 127, 16, 54, 116, 149, 0]"""
j20,1,reactive,600,True,28,0.15767502784729004,0.3191049098968506,"[0, 0, 0, 0, 4, 4, 8, 4, 8, 3, 11, 7, 11, 11, 19, 3, 10, 19, 23, 22, 12, 0, 0, 0, 0, 0, 0, 0, 0, 0, 0, 0, 0, 0, 0, 0, 0, 28]","[0, 1, 4, 3, 2, 3, 1, 2, 3, 6, 7, 2, 1, 3, 2, 2, 1, 2, 2, 6, 2, 81, 67, 100, 25, 71, 102, 113, 86, 140, 56, 138, 127, 16, 54, 116, 149, 0]"
j20,1,stnu,600,True,33,0.8325421810150146,0.055647850036621094,"[0, 0, 0, 0, 7, 7, 12, 4, 19, 7, 16, 5, 16, 24, 25, 7, 19, 25, 28, 27, 20, 0, 0, 0, 0, 0, 0, 0, 0, 0, 0, 0, 0, 0, 0, 0, 0, 33]","""[0, 7, 4, 7, 5, 12, 7, 1, 5, 9, 7, 2, 3, 3, 3, 5, 1, 2, 4, 6, 5, 81, 67, 100, 25, 71, 102, 113, 86, 140, 56, 138, 127, 16, 54, 116, 149, 0]"""
j20,1,proactive_quantile_0.9,600,True,30,0.1408848762512207,0.0025682449340820312,"[0, 0, 0, 0, 4, 4, 8, 4, 8, 3, 11, 7, 11, 11, 19, 3, 10, 19, 23, 22, 12, 0, 0, 0, 0, 0, 0, 0, 0, 0, 0, 0, 0, 0, 0, 0, 0, 149]","""[0, 2, 2, 1, 2, 2, 1, 3, 3, 7, 6, 1, 1, 2, 3, 1, 1, 3, 2, 8, 2, 81, 67, 100, 25, 71, 102, 113, 86, 140, 56, 138, 127, 16, 54, 116, 149, 0]"""
j20,1,reactive,600,True,30,0.1408848762512207,0.3056778907775879,"[0, 0, 0, 0, 4, 4, 8, 4, 8, 3, 11, 7, 11, 11, 19, 3, 10, 19, 23, 22, 12, 0, 0, 0, 0, 0, 0, 0, 0, 0, 0, 0, 0, 0, 0, 0, 0, 30]","[0, 2, 2, 1, 2, 2, 1, 3, 3, 7, 6, 1, 1, 2, 3, 1, 1, 3, 2, 8, 2, 81, 67, 100, 25, 71, 102, 113, 86, 140, 56, 138, 127, 16, 54, 116, 149, 0]"
j20,1,stnu,600,True,35,0.7902646064758301,0.054443359375,"[0, 0, 0, 0, 6, 6, 9, 2, 15, 6, 15, 4, 15, 20, 23, 5, 16, 23, 28, 27, 18, 0, 0, 0, 0, 0, 0, 0, 0, 0, 0, 0, 0, 0, 0, 0, 0, 35]","""[0, 6, 2, 5, 3, 9, 7, 2, 4, 9, 7, 3, 5, 6, 5, 3, 2, 4, 5, 8, 5, 81, 67, 100, 25, 71, 102, 113, 86, 140, 56, 138, 127, 16, 54, 116, 149, 0]"""
j20,1,proactive_quantile_0.9,600,True,30,0.08631038665771484,0.0026671886444091797,"[0, 0, 0, 0, 4, 4, 8, 4, 8, 3, 11, 7, 11, 11, 19, 3, 10, 19, 23, 22, 12, 0, 0, 0, 0, 0, 0, 0, 0, 0, 0, 0, 0, 0, 0, 0, 0, 149]","""[0, 1, 2, 3, 2, 1, 1, 3, 1, 6, 4, 2, 1, 1, 3, 2, 2, 3, 2, 6, 1, 81, 67, 100, 25, 71, 102, 113, 86, 140, 56, 138, 127, 16, 54, 116, 149, 0]"""
j20,1,reactive,600,True,28,0.08631038665771484,0.3132476806640625,"[0, 0, 0, 0, 4, 4, 8, 4, 8, 3, 11, 7, 11, 11, 19, 3, 10, 19, 23, 22, 12, 0, 0, 0, 0, 0, 0, 0, 0, 0, 0, 0, 0, 0, 0, 0, 0, 28]","[0, 1, 2, 3, 2, 1, 1, 3, 1, 6, 4, 2, 1, 1, 3, 2, 2, 3, 2, 6, 1, 81, 67, 100, 25, 71, 102, 113, 86, 140, 56, 138, 127, 16, 54, 116, 149, 0]"
j20,1,stnu,600,True,35,0.953087568283081,0.05392098426818848,"[0, 0, 0, 0, 7, 7, 10, 2, 17, 7, 15, 5, 15, 21, 25, 7, 16, 25, 31, 28, 19, 0, 0, 0, 0, 0, 0, 0, 0, 0, 0, 0, 0, 0, 0, 0, 0, 35]","""[0, 7, 2, 7, 3, 10, 6, 3, 4, 8, 10, 3, 5, 5, 6, 3, 3, 3, 4, 6, 3, 81, 67, 100, 25, 71, 102, 113, 86, 140, 56, 138, 127, 16, 54, 116, 149, 0]"""
j20,1,proactive_quantile_0.9,600,True,30,0.16708898544311523,0.0025663375854492188,"[0, 0, 0, 0, 4, 4, 8, 4, 8, 3, 11, 7, 11, 11, 19, 3, 10, 19, 23, 22, 12, 0, 0, 0, 0, 0, 0, 0, 0, 0, 0, 0, 0, 0, 0, 0, 0, 149]","""[0, 1, 3, 2, 4, 1, 2, 2, 2, 6, 7, 1, 1, 3, 3, 1, 1, 3, 2, 5, 2, 81, 67, 100, 25, 71, 102, 113, 86, 140, 56, 138, 127, 16, 54, 116, 149, 0]"""
j20,1,reactive,600,True,27,0.16708898544311523,0.528428316116333,"[0, 0, 0, 0, 4, 4, 8, 4, 8, 3, 11, 7, 11, 11, 19, 3, 10, 19, 23, 22, 12, 0, 0, 0, 0, 0, 0, 0, 0, 0, 0, 0, 0, 0, 0, 0, 0, 27]","[0, 1, 3, 2, 4, 1, 2, 2, 2, 6, 7, 1, 1, 3, 3, 1, 1, 3, 2, 5, 2, 81, 67, 100, 25, 71, 102, 113, 86, 140, 56, 138, 127, 16, 54, 116, 149, 0]"
j20,1,stnu,600,True,32,0.8434560298919678,0.05459308624267578,"[0, 0, 0, 0, 6, 6, 10, 3, 17, 6, 16, 4, 16, 22, 24, 6, 16, 24, 28, 27, 17, 0, 0, 0, 0, 0, 0, 0, 0, 0, 0, 0, 0, 0, 0, 0, 0, 32]","""[0, 6, 3, 6, 4, 11, 6, 1, 5, 10, 8, 3, 3, 5, 4, 3, 1, 3, 4, 5, 6, 81, 67, 100, 25, 71, 102, 113, 86, 140, 56, 138, 127, 16, 54, 116, 149, 0]"""
j20,1,proactive_quantile_0.9,600,True,30,0.12158632278442383,0.002614259719848633,"[0, 0, 0, 0, 4, 4, 8, 4, 8, 3, 11, 7, 11, 11, 19, 3, 10, 19, 23, 22, 12, 0, 0, 0, 0, 0, 0, 0, 0, 0, 0, 0, 0, 0, 0, 0, 0, 149]","""[0, 1, 2, 3, 2, 2, 2, 2, 2, 7, 6, 1, 1, 4, 4, 2, 2, 1, 2, 6, 2, 81, 67, 100, 25, 71, 102, 113, 86, 140, 56, 138, 127, 16, 54, 116, 149, 0]"""
j20,1,reactive,600,True,28,0.12158632278442383,0.3171870708465576,"[0, 0, 0, 0, 4, 4, 8, 4, 8, 3, 11, 7, 11, 11, 19, 3, 10, 19, 23, 22, 12, 0, 0, 0, 0, 0, 0, 0, 0, 0, 0, 0, 0, 0, 0, 0, 0, 28]","[0, 1, 2, 3, 2, 2, 2, 2, 2, 7, 6, 1, 1, 4, 4, 2, 2, 1, 2, 6, 2, 81, 67, 100, 25, 71, 102, 113, 86, 140, 56, 138, 127, 16, 54, 116, 149, 0]"
j20,1,stnu,600,True,34,0.8448083400726318,0.05445051193237305,"[0, 0, 0, 0, 8, 8, 12, 2, 19, 8, 17, 4, 17, 23, 25, 6, 17, 25, 29, 28, 19, 0, 0, 0, 0, 0, 0, 0, 0, 0, 0, 0, 0, 0, 0, 0, 0, 34]","""[0, 8, 2, 6, 4, 11, 5, 2, 4, 9, 8, 2, 4, 2, 4, 3, 2, 3, 4, 6, 2, 81, 67, 100, 25, 71, 102, 113, 86, 140, 56, 138, 127, 16, 54, 116, 149, 0]"""
j20,1,proactive_quantile_0.9,600,True,40,0.09063005447387695,0.002707958221435547,"[0, 0, 0, 0, 8, 8, 13, 4, 19, 8, 19, 8, 19, 25, 28, 8, 21, 28, 34, 32, 24, 0, 0, 0, 0, 0, 0, 0, 0, 0, 0, 0, 0, 0, 0, 0, 0, 149]","""[0, 5, 2, 6, 4, 8, 5, 2, 5, 7, 9, 2, 4, 6, 5, 4, 1, 3, 6, 8, 3, 81, 67, 100, 25, 71, 102, 113, 86, 140, 56, 138, 127, 16, 54, 116, 149, 0]"""
j20,1,reactive,600,True,40,0.09063005447387695,0.3916952610015869,"[0, 0, 0, 0, 8, 8, 13, 4, 19, 8, 19, 8, 19, 25, 28, 8, 21, 28, 34, 32, 24, 0, 0, 0, 0, 0, 0, 0, 0, 0, 0, 0, 0, 0, 0, 0, 0, 40]","[0, 5, 2, 6, 4, 8, 5, 2, 5, 7, 9, 2, 4, 6, 5, 4, 1, 3, 6, 8, 3, 81, 67, 100, 25, 71, 102, 113, 86, 140, 56, 138, 127, 16, 54, 116, 149, 0]"
j20,1,stnu,600,True,33,0.8058314323425293,0.05401802062988281,"[0, 0, 0, 0, 6, 6, 10, 2, 14, 6, 13, 4, 13, 19, 22, 6, 15, 22, 27, 25, 16, 0, 0, 0, 0, 0, 0, 0, 0, 0, 0, 0, 0, 0, 0, 0, 0, 33]","""[0, 5, 2, 6, 4, 8, 5, 2, 5, 7, 9, 2, 4, 6, 5, 4, 1, 3, 6, 8, 3, 81, 67, 100, 25, 71, 102, 113, 86, 140, 56, 138, 127, 16, 54, 116, 149, 0]"""
j20,1,proactive_quantile_0.9,600,True,30,0.16845035552978516,0.0026748180389404297,"[0, 0, 0, 0, 4, 4, 8, 4, 8, 3, 11, 7, 11, 11, 19, 3, 10, 19, 23, 22, 12, 0, 0, 0, 0, 0, 0, 0, 0, 0, 0, 0, 0, 0, 0, 0, 0, 149]","""[0, 2, 2, 1, 4, 3, 1, 2, 3, 7, 7, 2, 2, 1, 2, 2, 1, 3, 2, 6, 1, 81, 67, 100, 25, 71, 102, 113, 86, 140, 56, 138, 127, 16, 54, 116, 149, 0]"""
j20,1,reactive,600,True,28,0.16845035552978516,0.27954936027526855,"[0, 0, 0, 0, 4, 4, 8, 4, 8, 3, 11, 7, 11, 11, 19, 3, 10, 19, 23, 22, 12, 0, 0, 0, 0, 0, 0, 0, 0, 0, 0, 0, 0, 0, 0, 0, 0, 28]","[0, 2, 2, 1, 4, 3, 1, 2, 3, 7, 7, 2, 2, 1, 2, 2, 1, 3, 2, 6, 1, 81, 67, 100, 25, 71, 102, 113, 86, 140, 56, 138, 127, 16, 54, 116, 149, 0]"
j20,1,stnu,600,True,35,0.9131453037261963,0.05485367774963379,"[0, 0, 0, 0, 7, 7, 10, 2, 18, 7, 18, 5, 18, 22, 25, 6, 17, 25, 31, 28, 19, 0, 0, 0, 0, 0, 0, 0, 0, 0, 0, 0, 0, 0, 0, 0, 0, 35]","""[0, 7, 2, 6, 3, 9, 7, 3, 4, 11, 7, 1, 2, 4, 6, 5, 2, 3, 4, 6, 3, 81, 67, 100, 25, 71, 102, 113, 86, 140, 56, 138, 127, 16, 54, 116, 149, 0]"""
j20,1,proactive_quantile_0.9,600,True,30,0.16452980041503906,0.002663850784301758,"[0, 0, 0, 0, 4, 4, 8, 4, 8, 3, 11, 7, 11, 11, 19, 3, 10, 19, 23, 22, 12, 0, 0, 0, 0, 0, 0, 0, 0, 0, 0, 0, 0, 0, 0, 0, 0, 149]","""[0, 1, 3, 2, 3, 2, 2, 1, 1, 6, 6, 1, 1, 3, 2, 2, 1, 2, 1, 5, 2, 81, 67, 100, 25, 71, 102, 113, 86, 140, 56, 138, 127, 16, 54, 116, 149, 0]"""
j20,1,reactive,600,True,27,0.16452980041503906,0.3404843807220459,"[0, 0, 0, 0, 4, 4, 8, 4, 8, 3, 11, 7, 11, 11, 19, 3, 10, 19, 23, 22, 12, 0, 0, 0, 0, 0, 0, 0, 0, 0, 0, 0, 0, 0, 0, 0, 0, 27]","[0, 1, 3, 2, 3, 2, 2, 1, 1, 6, 6, 1, 1, 3, 2, 2, 1, 2, 1, 5, 2, 81, 67, 100, 25, 71, 102, 113, 86, 140, 56, 138, 127, 16, 54, 116, 149, 0]"
j20,1,stnu,600,True,21,1.0158884525299072,0.05306673049926758,"[0, 0, 0, 0, 2, 2, 5, 2, 5, 2, 9, 4, 9, 8, 15, 2, 7, 15, 17, 16, 9, 0, 0, 0, 0, 0, 0, 0, 0, 0, 0, 0, 0, 0, 0, 0, 0, 21]","""[0, 1, 2, 2, 3, 2, 2, 1, 1, 7, 6, 1, 1, 3, 2, 2, 1, 1, 1, 5, 2, 81, 67, 100, 25, 71, 102, 113, 86, 140, 56, 138, 127, 16, 54, 116, 149, 0]"""
j20,1,proactive_quantile_0.9,600,True,43,0.09050917625427246,0.0019390583038330078,"[0, 0, 7, 0, 3, 10, 4, 19, 5, 7, 6, 12, 23, 9, 23, 25, 31, 25, 12, 36, 26, 0, 0, 0, 0, 0, 0, 0, 0, 0, 0, 0, 0, 0, 0, 139]","""[0, 1, 2, 1, 2, 9, 1, 2, 1, 2, 2, 9, 3, 2, 1, 5, 3, 8, 5, 4, 2, 114, 17, 25, 139, 71, 65, 49, 68, 51, 47, 113, 19, 139, 59, 0]"""
j20,1,reactive,600,True,40,0.09050917625427246,0.3772919178009033,"[0, 0, 7, 0, 3, 10, 4, 19, 5, 7, 6, 12, 23, 9, 23, 25, 31, 25, 12, 36, 26, 0, 0, 0, 0, 0, 0, 0, 0, 0, 0, 0, 0, 0, 0, 40]","[0, 1, 2, 1, 2, 9, 1, 2, 1, 2, 2, 9, 3, 2, 1, 5, 3, 8, 5, 4, 2, 114, 17, 25, 139, 71, 65, 49, 68, 51, 47, 113, 19, 139, 59, 0]"
j20,1,stnu,600,False,inf,0.7960231304168701,inf,[],"""[0, 6, 4, 2, 2, 5, 1, 2, 1, 2, 2, 10, 5, 1, 5, 9, 2, 4, 4, 7, 6, 114, 17, 25, 139, 71, 65, 49, 68, 51, 47, 113, 19, 139, 59, 0]"""
j20,1,proactive_quantile_0.9,600,True,45,0.17711877822875977,0.002023458480834961,"[0, 0, 7, 0, 3, 8, 5, 17, 4, 6, 7, 19, 24, 10, 21, 24, 35, 23, 13, 38, 30, 0, 0, 0, 0, 0, 0, 0, 0, 0, 0, 0, 0, 0, 0, 139]","""[0, 2, 3, 1, 2, 8, 2, 3, 1, 2, 1, 5, 4, 3, 1, 9, 2, 7, 4, 5, 10, 114, 17, 25, 139, 71, 65, 49, 68, 51, 47, 113, 19, 139, 59, 0]"""
j20,1,reactive,600,True,43,0.17711877822875977,0.3054378032684326,"[0, 0, 7, 0, 3, 8, 5, 17, 4, 6, 7, 19, 24, 10, 21, 24, 35, 23, 13, 38, 30, 0, 0, 0, 0, 0, 0, 0, 0, 0, 0, 0, 0, 0, 0, 43]","[0, 2, 3, 1, 2, 8, 2, 3, 1, 2, 1, 5, 4, 3, 1, 9, 2, 7, 4, 5, 10, 114, 17, 25, 139, 71, 65, 49, 68, 51, 47, 113, 19, 139, 59, 0]"
j20,1,stnu,600,False,inf,0.7905375957489014,inf,[],"""[0, 6, 4, 3, 3, 3, 1, 3, 1, 2, 1, 10, 4, 3, 6, 10, 3, 3, 4, 5, 5, 114, 17, 25, 139, 71, 65, 49, 68, 51, 47, 113, 19, 139, 59, 0]"""
j20,1,proactive_quantile_0.9,600,False,inf,0.29506349563598633,inf,"[0, 0, 6, 0, 3, 7, 4, 18, 5, 7, 6, 12, 23, 9, 24, 35, 46, 35, 12, 53, 35, 0, 0, 0, 0, 0, 0, 0, 0, 0, 0, 0, 0, 0, 0, 139]","""[0, 3, 2, 1, 1, 7, 2, 5, 1, 1, 1, 10, 6, 1, 12, 9, 5, 10, 4, 6, 9, 114, 17, 25, 139, 71, 65, 49, 68, 51, 47, 113, 19, 139, 59, 0]"""
j20,1,reactive,600,False,inf,inf,inf,null,"[0, 3, 2, 1, 1, 7, 2, 5, 1, 1, 1, 10, 6, 1, 12, 9, 5, 10, 4, 6, 9, 114, 17, 25, 139, 71, 65, 49, 68, 51, 47, 113, 19, 139, 59, 0]"
j20,1,stnu,600,False,inf,0.7319867610931396,inf,[],"""[0, 6, 2, 1, 2, 4, 1, 2, 1, 1, 1, 9, 7, 3, 7, 10, 2, 5, 4, 7, 8, 114, 17, 25, 139, 71, 65, 49, 68, 51, 47, 113, 19, 139, 59, 0]"""
j20,1,proactive_quantile_0.9,600,True,45,0.15330839157104492,0.002004384994506836,"[0, 0, 7, 0, 3, 8, 5, 17, 4, 6, 7, 19, 24, 10, 21, 24, 35, 23, 13, 38, 30, 0, 0, 0, 0, 0, 0, 0, 0, 0, 0, 0, 0, 0, 0, 139]","""[0, 3, 3, 3, 1, 8, 2, 2, 1, 2, 1, 4, 5, 1, 1, 9, 3, 10, 6, 6, 7, 114, 17, 25, 139, 71, 65, 49, 68, 51, 47, 113, 19, 139, 59, 0]"""
j20,1,reactive,600,True,44,0.15330839157104492,0.35013651847839355,"[0, 0, 7, 0, 3, 8, 5, 17, 4, 6, 7, 19, 24, 10, 21, 24, 35, 23, 13, 38, 30, 0, 0, 0, 0, 0, 0, 0, 0, 0, 0, 0, 0, 0, 0, 44]","[0, 3, 3, 3, 1, 8, 2, 2, 1, 2, 1, 4, 5, 1, 1, 9, 3, 10, 6, 6, 7, 114, 17, 25, 139, 71, 65, 49, 68, 51, 47, 113, 19, 139, 59, 0]"
j20,1,stnu,600,False,inf,0.9300212860107422,inf,[],"""[0, 5, 2, 3, 2, 5, 2, 2, 1, 2, 1, 8, 5, 1, 5, 8, 1, 5, 6, 7, 7, 114, 17, 25, 139, 71, 65, 49, 68, 51, 47, 113, 19, 139, 59, 0]"""
j20,1,proactive_quantile_0.9,600,True,43,0.0913083553314209,0.0019011497497558594,"[0, 0, 7, 0, 3, 10, 4, 19, 5, 7, 6, 12, 23, 9, 23, 25, 31, 25, 12, 36, 26, 0, 0, 0, 0, 0, 0, 0, 0, 0, 0, 0, 0, 0, 0, 139]","""[0, 2, 2, 1, 2, 8, 2, 1, 1, 1, 1, 9, 1, 3, 1, 3, 3, 8, 5, 4, 4, 114, 17, 25, 139, 71, 65, 49, 68, 51, 47, 113, 19, 139, 59, 0]"""
j20,1,reactive,600,True,40,0.0913083553314209,0.5354404449462891,"[0, 0, 7, 0, 3, 10, 4, 19, 5, 7, 6, 12, 23, 9, 23, 25, 31, 25, 12, 36, 26, 0, 0, 0, 0, 0, 0, 0, 0, 0, 0, 0, 0, 0, 0, 40]","[0, 2, 2, 1, 2, 8, 2, 1, 1, 1, 1, 9, 1, 3, 1, 3, 3, 8, 5, 4, 4, 114, 17, 25, 139, 71, 65, 49, 68, 51, 47, 113, 19, 139, 59, 0]"
j20,1,stnu,600,False,inf,0.7968606948852539,inf,[],"""[0, 6, 7, 3, 2, 5, 2, 1, 1, 1, 1, 8, 7, 3, 8, 7, 3, 4, 3, 7, 6, 114, 17, 25, 139, 71, 65, 49, 68, 51, 47, 113, 19, 139, 59, 0]"""
j20,1,proactive_quantile_0.9,600,True,60,0.30996036529541016,0.0019521713256835938,"[0, 0, 6, 0, 3, 7, 4, 18, 5, 7, 6, 12, 23, 9, 24, 35, 46, 35, 12, 53, 35, 0, 0, 0, 0, 0, 0, 0, 0, 0, 0, 0, 0, 0, 0, 139]","""[0, 3, 5, 2, 1, 6, 1, 6, 1, 2, 1, 8, 8, 3, 9, 11, 7, 9, 5, 6, 7, 114, 17, 25, 139, 71, 65, 49, 68, 51, 47, 113, 19, 139, 59, 0]"""
j20,1,reactive,600,True,59,0.30996036529541016,0.43013978004455566,"[0, 0, 6, 0, 3, 7, 4, 18, 5, 7, 6, 12, 23, 9, 24, 35, 46, 35, 12, 53, 35, 0, 0, 0, 0, 0, 0, 0, 0, 0, 0, 0, 0, 0, 0, 59]","[0, 3, 5, 2, 1, 6, 1, 6, 1, 2, 1, 8, 8, 3, 9, 11, 7, 9, 5, 6, 7, 114, 17, 25, 139, 71, 65, 49, 68, 51, 47, 113, 19, 139, 59, 0]"
j20,1,stnu,600,False,inf,0.7449748516082764,inf,[],"""[0, 7, 5, 3, 1, 4, 1, 3, 1, 2, 1, 9, 4, 1, 7, 9, 3, 5, 5, 7, 6, 114, 17, 25, 139, 71, 65, 49, 68, 51, 47, 113, 19, 139, 59, 0]"""
j20,1,proactive_quantile_0.9,600,True,45,0.11062908172607422,0.0019004344940185547,"[0, 0, 7, 0, 3, 8, 5, 17, 4, 6, 7, 19, 24, 10, 21, 24, 35, 23, 13, 38, 30, 0, 0, 0, 0, 0, 0, 0, 0, 0, 0, 0, 0, 0, 0, 139]","""[0, 2, 3, 3, 2, 8, 1, 1, 2, 2, 2, 3, 4, 3, 1, 11, 3, 8, 4, 5, 11, 114, 17, 25, 139, 71, 65, 49, 68, 51, 47, 113, 19, 139, 59, 0]"""
j20,1,reactive,600,True,43,0.11062908172607422,0.3409271240234375,"[0, 0, 7, 0, 3, 8, 5, 17, 4, 6, 7, 19, 24, 10, 21, 24, 35, 23, 13, 38, 30, 0, 0, 0, 0, 0, 0, 0, 0, 0, 0, 0, 0, 0, 0, 43]","[0, 2, 3, 3, 2, 8, 1, 1, 2, 2, 2, 3, 4, 3, 1, 11, 3, 8, 4, 5, 11, 114, 17, 25, 139, 71, 65, 49, 68, 51, 47, 113, 19, 139, 59, 0]"
j20,1,stnu,600,False,inf,0.7689926624298096,inf,[],"""[0, 6, 6, 3, 1, 4, 2, 1, 2, 2, 2, 9, 4, 2, 6, 7, 3, 6, 4, 7, 8, 114, 17, 25, 139, 71, 65, 49, 68, 51, 47, 113, 19, 139, 59, 0]"""
j20,1,proactive_quantile_0.9,600,True,45,0.23171162605285645,0.0020084381103515625,"[0, 0, 7, 0, 3, 8, 5, 17, 4, 6, 7, 19, 24, 10, 21, 24, 35, 23, 13, 38, 30, 0, 0, 0, 0, 0, 0, 0, 0, 0, 0, 0, 0, 0, 0, 139]","""[0, 3, 2, 2, 1, 7, 1, 1, 2, 2, 1, 3, 4, 1, 1, 9, 2, 7, 6, 7, 10, 114, 17, 25, 139, 71, 65, 49, 68, 51, 47, 113, 19, 139, 59, 0]"""
j20,1,reactive,600,True,45,0.23171162605285645,0.5000896453857422,"[0, 0, 7, 0, 3, 8, 5, 17, 4, 6, 7, 19, 24, 10, 21, 24, 35, 23, 13, 38, 30, 0, 0, 0, 0, 0, 0, 0, 0, 0, 0, 0, 0, 0, 0, 45]","[0, 3, 2, 2, 1, 7, 1, 1, 2, 2, 1, 3, 4, 1, 1, 9, 2, 7, 6, 7, 10, 114, 17, 25, 139, 71, 65, 49, 68, 51, 47, 113, 19, 139, 59, 0]"
j20,1,stnu,600,False,inf,0.7948780059814453,inf,[],"""[0, 8, 7, 2, 2, 3, 1, 1, 2, 2, 1, 10, 4, 1, 7, 10, 2, 4, 6, 7, 6, 114, 17, 25, 139, 71, 65, 49, 68, 51, 47, 113, 19, 139, 59, 0]"""
j20,1,proactive_quantile_0.9,600,True,45,0.3425300121307373,0.001935720443725586,"[0, 0, 7, 0, 3, 8, 5, 17, 4, 6, 7, 19, 24, 10, 21, 24, 35, 23, 13, 38, 30, 0, 0, 0, 0, 0, 0, 0, 0, 0, 0, 0, 0, 0, 0, 139]","""[0, 2, 2, 2, 1, 7, 1, 2, 1, 1, 2, 5, 5, 3, 1, 8, 2, 9, 4, 7, 12, 114, 17, 25, 139, 71, 65, 49, 68, 51, 47, 113, 19, 139, 59, 0]"""
j20,1,reactive,600,True,45,0.3425300121307373,0.5180490016937256,"[0, 0, 7, 0, 3, 8, 5, 17, 4, 6, 7, 19, 24, 10, 21, 24, 35, 23, 13, 38, 30, 0, 0, 0, 0, 0, 0, 0, 0, 0, 0, 0, 0, 0, 0, 45]","[0, 2, 2, 2, 1, 7, 1, 2, 1, 1, 2, 5, 5, 3, 1, 8, 2, 9, 4, 7, 12, 114, 17, 25, 139, 71, 65, 49, 68, 51, 47, 113, 19, 139, 59, 0]"
j20,1,stnu,600,False,inf,0.8001329898834229,inf,[],"""[0, 7, 3, 3, 1, 3, 1, 2, 1, 1, 2, 11, 5, 2, 7, 10, 3, 5, 4, 5, 8, 114, 17, 25, 139, 71, 65, 49, 68, 51, 47, 113, 19, 139, 59, 0]"""
j20,1,proactive_quantile_0.9,600,False,inf,0.08954477310180664,inf,"[0, 0, 7, 0, 3, 10, 4, 19, 5, 7, 6, 12, 23, 9, 23, 25, 31, 25, 12, 36, 26, 0, 0, 0, 0, 0, 0, 0, 0, 0, 0, 0, 0, 0, 0, 139]","""[0, 4, 2, 3, 2, 6, 2, 4, 1, 1, 1, 12, 1, 2, 2, 5, 2, 8, 5, 6, 5, 114, 17, 25, 139, 71, 65, 49, 68, 51, 47, 113, 19, 139, 59, 0]"""
j20,1,reactive,600,False,inf,inf,inf,null,"[0, 4, 2, 3, 2, 6, 2, 4, 1, 1, 1, 12, 1, 2, 2, 5, 2, 8, 5, 6, 5, 114, 17, 25, 139, 71, 65, 49, 68, 51, 47, 113, 19, 139, 59, 0]"
j20,1,stnu,600,False,inf,0.6661536693572998,inf,[],"""[0, 8, 4, 3, 3, 4, 2, 4, 1, 1, 1, 8, 4, 2, 4, 8, 2, 4, 4, 7, 5, 114, 17, 25, 139, 71, 65, 49, 68, 51, 47, 113, 19, 139, 59, 0]"""
j20,1,proactive_quantile_0.9,600,True,35,0.12671256065368652,0.0012359619140625,"[0, 3, 0, 0, 3, 5, 3, 9, 3, 11, 8, 8, 15, 15, 3, 9, 20, 18, 31, 23, 23, 0, 0, 0, 0, 0, 0, 0, 0, 139]","""[0, 5, 3, 3, 1, 3, 3, 1, 3, 8, 3, 5, 3, 2, 3, 2, 11, 3, 4, 4, 2, 40, 91, 103, 139, 83, 42, 46, 24, 0]"""
j20,1,reactive,600,True,35,0.12671256065368652,0.26189160346984863,"[0, 3, 0, 0, 3, 5, 3, 9, 3, 11, 8, 8, 15, 15, 3, 9, 20, 18, 31, 23, 23, 0, 0, 0, 0, 0, 0, 0, 0, 35]","[0, 5, 3, 3, 1, 3, 3, 1, 3, 8, 3, 5, 3, 2, 3, 2, 11, 3, 4, 4, 2, 40, 91, 103, 139, 83, 42, 46, 24, 0]"
j20,1,stnu,600,True,31,0.7353460788726807,0.030773639678955078,"[0, 3, 0, 0, 3, 4, 3, 7, 3, 8, 8, 8, 13, 13, 3, 7, 16, 16, 27, 19, 19, 0, 0, 0, 0, 0, 0, 0, 0, 31]","""[0, 5, 3, 3, 1, 3, 3, 1, 3, 8, 3, 5, 3, 2, 3, 2, 11, 3, 4, 4, 2, 40, 91, 103, 139, 83, 42, 46, 24, 0]"""
j20,1,proactive_quantile_0.9,600,True,31,0.35107851028442383,0.0013675689697265625,"[0, 0, 0, 0, 3, 5, 3, 7, 3, 13, 9, 12, 19, 19, 2, 7, 24, 21, 27, 26, 27, 0, 0, 0, 0, 0, 0, 0, 0, 139]","""[0, 3, 3, 1, 2, 2, 3, 2, 3, 9, 2, 7, 3, 1, 1, 1, 1, 4, 2, 1, 3, 40, 91, 103, 139, 83, 42, 46, 24, 0]"""
j20,1,reactive,600,True,28,0.35107851028442383,0.3907203674316406,"[0, 0, 0, 0, 3, 5, 3, 7, 3, 13, 9, 12, 19, 19, 2, 7, 24, 21, 25, 26, 25, 0, 0, 0, 0, 0, 0, 0, 0, 28]","[0, 3, 3, 1, 2, 2, 3, 2, 3, 9, 2, 7, 3, 1, 1, 1, 1, 4, 2, 1, 3, 40, 91, 103, 139, 83, 42, 46, 24, 0]"
j20,1,stnu,600,True,31,0.9119918346405029,0.031386613845825195,"[0, 3, 0, 0, 3, 5, 3, 8, 3, 9, 6, 9, 16, 16, 2, 8, 19, 19, 29, 23, 23, 0, 0, 0, 0, 0, 0, 0, 0, 31]","""[0, 3, 3, 2, 2, 3, 3, 1, 3, 9, 3, 7, 3, 3, 4, 3, 8, 4, 2, 6, 2, 40, 91, 103, 139, 83, 42, 46, 24, 0]"""
j20,1,proactive_quantile_0.9,600,True,31,0.33185529708862305,0.0012197494506835938,"[0, 0, 0, 0, 3, 5, 3, 7, 3, 13, 9, 12, 19, 19, 2, 7, 24, 21, 27, 26, 27, 0, 0, 0, 0, 0, 0, 0, 0, 139]","""[0, 2, 1, 2, 1, 1, 3, 3, 3, 6, 4, 6, 3, 1, 1, 1, 3, 5, 2, 1, 2, 40, 91, 103, 139, 83, 42, 46, 24, 0]"""
j20,1,reactive,600,True,29,0.33185529708862305,0.40175843238830566,"[0, 0, 0, 0, 3, 5, 3, 7, 3, 13, 9, 12, 19, 19, 2, 7, 24, 21, 27, 26, 27, 0, 0, 0, 0, 0, 0, 0, 0, 29]","[0, 2, 1, 2, 1, 1, 3, 3, 3, 6, 4, 6, 3, 1, 1, 1, 3, 5, 2, 1, 2, 40, 91, 103, 139, 83, 42, 46, 24, 0]"
j20,1,stnu,600,True,29,0.8835935592651367,0.030311107635498047,"[0, 1, 0, 0, 1, 2, 1, 5, 1, 7, 5, 7, 13, 13, 1, 5, 16, 16, 27, 21, 21, 0, 0, 0, 0, 0, 0, 0, 0, 29]","""[0, 4, 1, 1, 1, 3, 2, 2, 3, 6, 4, 6, 3, 3, 4, 5, 9, 5, 2, 6, 1, 40, 91, 103, 139, 83, 42, 46, 24, 0]"""
j20,1,proactive_quantile_0.9,600,False,inf,0.19559764862060547,inf,"[0, 0, 0, 0, 3, 5, 3, 7, 3, 13, 9, 12, 19, 19, 2, 7, 24, 21, 27, 26, 27, 0, 0, 0, 0, 0, 0, 0, 0, 139]","""[0, 2, 2, 2, 1, 2, 4, 3, 2, 9, 2, 8, 4, 2, 2, 2, 1, 3, 3, 2, 2, 40, 91, 103, 139, 83, 42, 46, 24, 0]"""
j20,1,reactive,600,False,inf,inf,inf,null,"[0, 2, 2, 2, 1, 2, 4, 3, 2, 9, 2, 8, 4, 2, 2, 2, 1, 3, 3, 2, 2, 40, 91, 103, 139, 83, 42, 46, 24, 0]"
j20,1,stnu,600,False,inf,0.6691617965698242,inf,[],"""[0, 2, 2, 2, 1, 2, 4, 2, 2, 5, 2, 4, 4, 2, 2, 2, 1, 2, 1, 2, 3, 40, 91, 103, 139, 83, 42, 46, 24, 0]"""
j20,1,proactive_quantile_0.9,600,False,inf,0.2658116817474365,inf,"[0, 0, 0, 0, 3, 5, 3, 7, 4, 9, 7, 9, 15, 15, 2, 7, 20, 17, 23, 20, 20, 0, 0, 0, 0, 0, 0, 0, 0, 139]","""[0, 1, 2, 2, 2, 1, 3, 2, 1, 12, 4, 6, 5, 2, 2, 2, 1, 2, 3, 2, 2, 40, 91, 103, 139, 83, 42, 46, 24, 0]"""
j20,1,reactive,600,False,inf,inf,inf,null,"[0, 1, 2, 2, 2, 1, 3, 2, 1, 12, 4, 6, 5, 2, 2, 2, 1, 2, 3, 2, 2, 40, 91, 103, 139, 83, 42, 46, 24, 0]"
j20,1,stnu,600,True,34,0.889854907989502,0.03037714958190918,"[0, 2, 0, 0, 2, 4, 1, 7, 1, 9, 6, 9, 16, 16, 2, 7, 21, 17, 31, 22, 22, 0, 0, 0, 0, 0, 0, 0, 0, 34]","""[0, 3, 1, 2, 2, 3, 4, 2, 3, 7, 4, 7, 5, 1, 4, 3, 10, 5, 3, 6, 2, 40, 91, 103, 139, 83, 42, 46, 24, 0]"""
j20,1,proactive_quantile_0.9,600,True,31,0.14537811279296875,0.0012433528900146484,"[0, 0, 0, 0, 3, 5, 3, 7, 3, 13, 9, 12, 19, 19, 2, 7, 24, 21, 27, 26, 27, 0, 0, 0, 0, 0, 0, 0, 0, 139]","""[0, 1, 1, 2, 1, 2, 2, 1, 4, 6, 3, 5, 3, 1, 1, 2, 2, 3, 4, 1, 1, 40, 91, 103, 139, 83, 42, 46, 24, 0]"""
j20,1,reactive,600,True,30,0.14537811279296875,0.5316851139068604,"[0, 0, 0, 0, 3, 5, 3, 7, 3, 13, 9, 12, 19, 19, 2, 7, 24, 21, 26, 25, 24, 0, 0, 0, 0, 0, 0, 0, 0, 30]","[0, 1, 1, 2, 1, 2, 2, 1, 4, 6, 3, 5, 3, 1, 1, 2, 2, 3, 4, 1, 1, 40, 91, 103, 139, 83, 42, 46, 24, 0]"
j20,1,stnu,600,True,29,0.7272779941558838,0.030417442321777344,"[0, 2, 0, 0, 2, 3, 1, 5, 1, 7, 6, 7, 12, 12, 2, 5, 15, 14, 25, 17, 17, 0, 0, 0, 0, 0, 0, 0, 0, 29]","""[0, 4, 1, 2, 1, 2, 4, 2, 4, 6, 5, 5, 3, 2, 3, 5, 10, 3, 4, 5, 2, 40, 91, 103, 139, 83, 42, 46, 24, 0]"""
j20,1,proactive_quantile_0.9,600,True,27,0.10465717315673828,0.0012273788452148438,"[0, 0, 0, 0, 3, 5, 3, 7, 4, 9, 7, 9, 15, 15, 2, 7, 20, 17, 23, 20, 20, 0, 0, 0, 0, 0, 0, 0, 0, 139]","""[0, 2, 2, 2, 1, 1, 3, 1, 1, 11, 4, 3, 4, 2, 1, 1, 2, 2, 2, 1, 2, 40, 91, 103, 139, 83, 42, 46, 24, 0]"""
j20,1,reactive,600,True,25,0.10465717315673828,0.5373661518096924,"[0, 0, 0, 0, 3, 5, 3, 7, 4, 9, 7, 9, 15, 15, 2, 7, 20, 17, 23, 20, 20, 0, 0, 0, 0, 0, 0, 0, 0, 25]","[0, 2, 2, 2, 1, 1, 3, 1, 1, 11, 4, 3, 4, 2, 1, 1, 2, 2, 2, 1, 2, 40, 91, 103, 139, 83, 42, 46, 24, 0]"
j20,1,stnu,600,False,inf,0.6838827133178711,inf,[],"""[0, 2, 2, 2, 1, 1, 3, 1, 4, 3, 4, 3, 4, 2, 1, 1, 3, 2, 1, 1, 2, 40, 91, 103, 139, 83, 42, 46, 24, 0]"""
j20,1,proactive_quantile_0.9,600,True,27,0.0953681468963623,0.0012311935424804688,"[0, 0, 0, 0, 3, 5, 3, 7, 4, 9, 7, 9, 15, 15, 2, 7, 20, 17, 23, 20, 20, 0, 0, 0, 0, 0, 0, 0, 0, 139]","""[0, 1, 2, 1, 2, 2, 3, 2, 3, 8, 3, 4, 5, 1, 1, 2, 1, 3, 3, 1, 3, 40, 91, 103, 139, 83, 42, 46, 24, 0]"""
j20,1,reactive,600,True,26,0.0953681468963623,0.2792935371398926,"[0, 0, 0, 0, 3, 5, 3, 7, 4, 9, 7, 9, 15, 15, 2, 7, 20, 17, 23, 20, 20, 0, 0, 0, 0, 0, 0, 0, 0, 26]","[0, 1, 2, 1, 2, 2, 3, 2, 3, 8, 3, 4, 5, 1, 1, 2, 1, 3, 3, 1, 3, 40, 91, 103, 139, 83, 42, 46, 24, 0]"
j20,1,stnu,600,True,30,0.7151880264282227,0.030676603317260742,"[0, 2, 0, 0, 2, 4, 1, 5, 1, 7, 7, 7, 12, 12, 2, 5, 17, 15, 27, 19, 19, 0, 0, 0, 0, 0, 0, 0, 0, 30]","""[0, 5, 1, 2, 2, 1, 4, 2, 3, 8, 3, 5, 5, 2, 3, 4, 10, 4, 3, 4, 3, 40, 91, 103, 139, 83, 42, 46, 24, 0]"""
j20,1,proactive_quantile_0.9,600,True,27,0.30541372299194336,0.0013124942779541016,"[0, 0, 0, 0, 3, 5, 3, 7, 4, 9, 7, 9, 15, 15, 2, 7, 20, 17, 23, 20, 20, 0, 0, 0, 0, 0, 0, 0, 0, 139]","""[0, 3, 2, 2, 1, 2, 2, 1, 1, 10, 4, 3, 3, 2, 1, 2, 3, 2, 3, 2, 2, 40, 91, 103, 139, 83, 42, 46, 24, 0]"""
j20,1,reactive,600,True,26,0.30541372299194336,0.28133463859558105,"[0, 0, 0, 0, 3, 5, 3, 7, 4, 9, 7, 9, 15, 15, 2, 7, 20, 17, 23, 20, 20, 0, 0, 0, 0, 0, 0, 0, 0, 26]","[0, 3, 2, 2, 1, 2, 2, 1, 1, 10, 4, 3, 3, 2, 1, 2, 3, 2, 3, 2, 2, 40, 91, 103, 139, 83, 42, 46, 24, 0]"
j20,1,stnu,600,True,28,0.704409122467041,0.03033304214477539,"[0, 3, 0, 0, 3, 4, 2, 7, 2, 8, 8, 8, 13, 13, 3, 8, 16, 16, 25, 20, 20, 0, 0, 0, 0, 0, 0, 0, 0, 28]","""[0, 5, 2, 3, 1, 3, 5, 1, 2, 8, 4, 5, 3, 2, 5, 3, 9, 4, 3, 4, 2, 40, 91, 103, 139, 83, 42, 46, 24, 0]"""
j20,1,proactive_quantile_0.9,600,True,27,0.09422159194946289,0.0012202262878417969,"[0, 0, 0, 0, 3, 5, 3, 7, 4, 9, 7, 9, 15, 15, 2, 7, 20, 17, 23, 20, 20, 0, 0, 0, 0, 0, 0, 0, 0, 139]","""[0, 1, 3, 1, 2, 2, 2, 1, 2, 9, 3, 5, 3, 2, 2, 2, 2, 3, 4, 2, 2, 40, 91, 103, 139, 83, 42, 46, 24, 0]"""
j20,1,reactive,600,True,26,0.09422159194946289,0.20327329635620117,"[0, 0, 0, 0, 3, 5, 3, 7, 4, 9, 7, 9, 15, 15, 2, 7, 20, 17, 22, 20, 20, 0, 0, 0, 0, 0, 0, 0, 0, 26]","[0, 1, 3, 1, 2, 2, 2, 1, 2, 9, 3, 5, 3, 2, 2, 2, 2, 3, 4, 2, 2, 40, 91, 103, 139, 83, 42, 46, 24, 0]"
j20,1,stnu,600,True,30,0.6625576019287109,0.03019261360168457,"[0, 2, 0, 0, 2, 4, 2, 5, 2, 7, 7, 7, 12, 12, 2, 6, 15, 15, 26, 19, 19, 0, 0, 0, 0, 0, 0, 0, 0, 30]","""[0, 5, 2, 2, 2, 1, 4, 1, 2, 8, 3, 5, 3, 1, 4, 5, 9, 4, 4, 7, 2, 40, 91, 103, 139, 83, 42, 46, 24, 0]"""
j20,1,proactive_quantile_0.9,600,True,32,0.0877983570098877,0.0008418560028076172,"[0, 0, 0, 0, 2, 5, 5, 2, 8, 5, 11, 5, 8, 12, 11, 19, 10, 19, 27, 11, 23, 0, 0, 0, 162]","""[0, 1, 1, 3, 1, 5, 2, 1, 1, 1, 6, 3, 2, 4, 7, 3, 1, 7, 3, 7, 8, 40, 130, 162, 0]"""
j20,1,reactive,600,True,31,0.0877983570098877,0.37219858169555664,"[0, 0, 0, 0, 2, 5, 5, 2, 8, 5, 11, 5, 8, 12, 11, 19, 10, 19, 27, 11, 23, 0, 0, 0, 31]","[0, 1, 1, 3, 1, 5, 2, 1, 1, 1, 6, 3, 2, 4, 7, 3, 1, 7, 3, 7, 8, 40, 130, 162, 0]"
j20,1,stnu,600,True,47,0.7603855133056641,0.024075984954833984,"[0, 9, 0, 0, 5, 9, 11, 5, 13, 9, 14, 7, 22, 23, 14, 22, 32, 35, 42, 14, 27, 0, 0, 0, 47]","""[0, 1, 5, 7, 2, 5, 2, 4, 4, 2, 8, 8, 1, 9, 8, 5, 3, 7, 5, 6, 8, 40, 130, 162, 0]"""
j20,1,proactive_quantile_0.9,600,True,32,0.10773038864135742,0.0008666515350341797,"[0, 0, 0, 0, 2, 5, 5, 2, 8, 5, 11, 5, 8, 12, 11, 19, 10, 19, 27, 11, 23, 0, 0, 0, 162]","""[0, 1, 2, 4, 2, 4, 2, 2, 1, 2, 7, 3, 1, 5, 6, 1, 1, 7, 2, 8, 7, 40, 130, 162, 0]"""
j20,1,reactive,600,True,30,0.10773038864135742,0.3107779026031494,"[0, 0, 0, 0, 2, 5, 5, 2, 8, 5, 11, 5, 8, 12, 11, 19, 10, 19, 27, 11, 23, 0, 0, 0, 30]","[0, 1, 2, 4, 2, 4, 2, 2, 1, 2, 7, 3, 1, 5, 6, 1, 1, 7, 2, 8, 7, 40, 130, 162, 0]"
j20,1,stnu,600,True,43,0.8720636367797852,0.024100542068481445,"[0, 10, 0, 0, 3, 10, 11, 3, 13, 10, 14, 7, 19, 21, 14, 21, 30, 32, 39, 14, 24, 0, 0, 0, 43]","""[0, 1, 3, 10, 4, 4, 2, 4, 4, 1, 5, 7, 2, 9, 7, 3, 2, 7, 4, 5, 7, 40, 130, 162, 0]"""
j20,1,proactive_quantile_0.9,600,True,32,0.08600378036499023,0.000873565673828125,"[0, 0, 0, 0, 2, 5, 5, 2, 8, 5, 11, 5, 8, 12, 11, 19, 10, 19, 27, 11, 23, 0, 0, 0, 162]","""[0, 1, 2, 4, 1, 6, 3, 2, 2, 2, 8, 3, 2, 4, 5, 3, 1, 6, 4, 6, 7, 40, 130, 162, 0]"""
j20,1,reactive,600,True,31,0.08600378036499023,0.22526264190673828,"[0, 0, 0, 0, 2, 5, 5, 2, 8, 5, 11, 5, 8, 12, 11, 19, 10, 19, 27, 11, 23, 0, 0, 0, 31]","[0, 1, 2, 4, 1, 6, 3, 2, 2, 2, 8, 3, 2, 4, 5, 3, 1, 6, 4, 6, 7, 40, 130, 162, 0]"
j20,1,stnu,600,True,48,0.9770987033843994,0.024993419647216797,"[0, 8, 0, 0, 4, 8, 11, 4, 14, 8, 14, 6, 22, 24, 14, 22, 35, 37, 43, 14, 26, 0, 0, 0, 48]","""[0, 1, 4, 8, 2, 6, 3, 4, 3, 3, 8, 11, 2, 11, 6, 4, 2, 6, 5, 7, 7, 40, 130, 162, 0]"""
j20,1,proactive_quantile_0.9,600,True,32,0.12290477752685547,0.0009365081787109375,"[0, 0, 0, 0, 2, 5, 5, 2, 8, 5, 11, 5, 8, 12, 11, 19, 10, 19, 27, 11, 23, 0, 0, 0, 162]","""[0, 3, 1, 5, 3, 4, 3, 3, 1, 3, 7, 2, 2, 5, 6, 4, 2, 8, 3, 6, 8, 40, 130, 162, 0]"""
j20,1,reactive,600,True,31,0.12290477752685547,0.37680602073669434,"[0, 0, 0, 0, 2, 5, 5, 2, 8, 5, 11, 5, 8, 12, 11, 19, 10, 19, 27, 11, 23, 0, 0, 0, 31]","[0, 3, 1, 5, 3, 4, 3, 3, 1, 3, 7, 2, 2, 5, 6, 4, 2, 8, 3, 6, 8, 40, 130, 162, 0]"
j20,1,stnu,600,True,49,0.8387751579284668,0.02477097511291504,"[0, 8, 0, 0, 3, 8, 11, 3, 14, 8, 12, 7, 21, 23, 12, 22, 31, 34, 42, 14, 26, 0, 0, 0, 49]","""[0, 3, 3, 7, 4, 4, 3, 5, 6, 3, 9, 9, 2, 8, 8, 4, 1, 8, 7, 8, 8, 40, 130, 162, 0]"""
j20,1,proactive_quantile_0.9,600,True,32,0.30429959297180176,0.0009167194366455078,"[0, 0, 0, 0, 2, 5, 5, 2, 8, 5, 11, 5, 8, 12, 11, 19, 10, 19, 27, 11, 23, 0, 0, 0, 162]","""[0, 1, 2, 5, 2, 6, 2, 2, 1, 3, 6, 1, 2, 3, 6, 4, 2, 8, 2, 6, 9, 40, 130, 162, 0]"""
j20,1,reactive,600,True,32,0.30429959297180176,0.2666616439819336,"[0, 0, 0, 0, 2, 5, 5, 2, 8, 5, 11, 5, 8, 12, 11, 19, 10, 19, 27, 11, 23, 0, 0, 0, 32]","[0, 1, 2, 5, 2, 6, 2, 2, 1, 3, 6, 1, 2, 3, 6, 4, 2, 8, 2, 6, 9, 40, 130, 162, 0]"
j20,1,stnu,600,True,30,0.895653247833252,0.024387598037719727,"[0, 0, 0, 0, 2, 5, 5, 2, 8, 5, 11, 4, 5, 9, 11, 17, 8, 17, 25, 11, 21, 0, 0, 0, 30]","""[0, 1, 2, 5, 2, 6, 2, 2, 1, 3, 5, 1, 2, 3, 6, 4, 2, 8, 2, 6, 9, 40, 130, 162, 0]"""
j20,1,proactive_quantile_0.9,600,True,43,0.2939159870147705,0.0009281635284423828,"[0, 0, 0, 0, 5, 5, 9, 5, 12, 5, 11, 9, 20, 23, 11, 20, 23, 28, 36, 12, 25, 0, 0, 0, 162]","""[0, 2, 4, 3, 2, 4, 2, 4, 3, 3, 7, 8, 3, 5, 10, 4, 1, 6, 5, 7, 9, 40, 130, 162, 0]"""
j20,1,reactive,600,False,inf,inf,inf,null,"[0, 2, 4, 3, 2, 4, 2, 4, 3, 3, 7, 8, 3, 5, 10, 4, 1, 6, 5, 7, 9, 40, 130, 162, 0]"
j20,1,stnu,600,True,28,0.9090664386749268,0.02410578727722168,"[0, 0, 0, 0, 1, 5, 3, 1, 6, 3, 9, 3, 5, 8, 9, 17, 6, 17, 23, 9, 19, 0, 0, 0, 28]","""[0, 2, 1, 3, 2, 4, 2, 2, 2, 3, 6, 2, 1, 5, 8, 2, 1, 6, 3, 8, 9, 40, 130, 162, 0]"""
j20,1,proactive_quantile_0.9,600,True,43,0.08156824111938477,0.0009562969207763672,"[0, 0, 0, 0, 5, 5, 9, 5, 12, 5, 11, 9, 20, 23, 11, 20, 23, 28, 36, 12, 25, 0, 0, 0, 162]","""[0, 3, 4, 5, 2, 4, 3, 4, 3, 2, 8, 9, 2, 4, 7, 4, 2, 5, 5, 5, 7, 40, 130, 162, 0]"""
j20,1,reactive,600,True,41,0.08156824111938477,0.3308894634246826,"[0, 0, 0, 0, 5, 5, 9, 5, 12, 5, 11, 9, 20, 23, 11, 20, 23, 28, 36, 12, 25, 0, 0, 0, 41]","[0, 3, 4, 5, 2, 4, 3, 4, 3, 2, 8, 9, 2, 4, 7, 4, 2, 5, 5, 5, 7, 40, 130, 162, 0]"
j20,1,stnu,600,True,42,0.7163181304931641,0.02406907081604004,"[0, 9, 0, 0, 4, 9, 12, 4, 15, 9, 13, 6, 21, 23, 13, 21, 29, 32, 37, 15, 25, 0, 0, 0, 42]","""[0, 3, 4, 9, 2, 4, 3, 4, 3, 2, 8, 9, 2, 6, 7, 4, 2, 5, 5, 5, 7, 40, 130, 162, 0]"""
j20,1,proactive_quantile_0.9,600,False,inf,0.11877250671386719,inf,"[0, 0, 0, 0, 5, 5, 9, 5, 12, 5, 11, 9, 20, 23, 11, 20, 23, 28, 36, 12, 25, 0, 0, 0, 162]","""[0, 3, 6, 4, 3, 4, 2, 6, 4, 3, 7, 10, 2, 3, 6, 4, 1, 7, 8, 8, 6, 40, 130, 162, 0]"""
j20,1,reactive,600,False,inf,inf,inf,null,"[0, 3, 6, 4, 3, 4, 2, 6, 4, 3, 7, 10, 2, 3, 6, 4, 1, 7, 8, 8, 6, 40, 130, 162, 0]"
j20,1,stnu,600,True,26,0.7308220863342285,0.02339768409729004,"[0, 0, 0, 0, 2, 5, 4, 2, 7, 4, 9, 4, 5, 9, 9, 17, 7, 17, 24, 9, 20, 0, 0, 0, 26]","""[0, 3, 2, 4, 2, 4, 2, 1, 2, 1, 7, 1, 2, 3, 8, 3, 2, 7, 2, 6, 6, 40, 130, 162, 0]"""
j20,1,proactive_quantile_0.9,600,True,32,0.30822300910949707,0.0009646415710449219,"[0, 0, 0, 0, 2, 5, 5, 2, 8, 5, 11, 5, 8, 12, 11, 19, 10, 19, 27, 11, 23, 0, 0, 0, 162]","""[0, 3, 1, 4, 3, 5, 2, 3, 2, 3, 6, 3, 2, 5, 7, 2, 2, 6, 2, 6, 9, 40, 130, 162, 0]"""
j20,1,reactive,600,True,32,0.30822300910949707,0.18824219703674316,"[0, 0, 0, 0, 2, 5, 5, 2, 8, 5, 11, 5, 8, 12, 11, 19, 10, 19, 25, 11, 23, 0, 0, 0, 32]","[0, 3, 1, 4, 3, 5, 2, 3, 2, 3, 6, 3, 2, 5, 7, 2, 2, 6, 2, 6, 9, 40, 130, 162, 0]"
j20,1,stnu,600,True,49,0.7528979778289795,0.023959875106811523,"[0, 10, 0, 0, 4, 10, 13, 4, 15, 10, 15, 6, 21, 24, 15, 24, 34, 38, 44, 15, 29, 0, 0, 0, 49]","""[0, 3, 4, 10, 2, 5, 2, 3, 4, 3, 6, 7, 2, 10, 6, 5, 3, 6, 5, 9, 9, 40, 130, 162, 0]"""
j20,1,proactive_quantile_0.9,600,True,32,0.08511567115783691,0.0008385181427001953,"[0, 0, 0, 0, 2, 5, 5, 2, 8, 5, 11, 5, 8, 12, 11, 19, 10, 19, 27, 11, 23, 0, 0, 0, 162]","""[0, 3, 2, 5, 2, 4, 3, 1, 2, 2, 7, 3, 1, 5, 6, 3, 2, 6, 3, 7, 7, 40, 130, 162, 0]"""
j20,1,reactive,600,True,30,0.08511567115783691,0.22080278396606445,"[0, 0, 0, 0, 2, 5, 5, 2, 8, 5, 11, 5, 8, 12, 11, 19, 10, 19, 27, 11, 23, 0, 0, 0, 30]","[0, 3, 2, 5, 2, 4, 3, 1, 2, 2, 7, 3, 1, 5, 6, 3, 2, 6, 3, 7, 7, 40, 130, 162, 0]"
j20,1,stnu,600,True,47,0.733644962310791,0.024166584014892578,"[0, 9, 0, 0, 6, 9, 12, 6, 15, 9, 13, 7, 19, 24, 13, 24, 32, 36, 42, 15, 29, 0, 0, 0, 47]","""[0, 3, 6, 9, 1, 4, 3, 2, 4, 3, 6, 9, 1, 8, 6, 5, 2, 6, 5, 9, 7, 40, 130, 162, 0]"""
j20,1,proactive_quantile_0.9,600,True,51,0.12198519706726074,0.0015985965728759766,"[0, 0, 0, 0, 6, 5, 13, 13, 6, 21, 6, 18, 15, 28, 27, 36, 22, 28, 33, 43, 43, 0, 0, 0, 0, 0, 0, 0, 0, 142]","""[0, 4, 4, 4, 6, 5, 6, 3, 10, 4, 9, 8, 5, 6, 4, 7, 4, 4, 7, 6, 6, 97, 92, 42, 94, 132, 130, 33, 142, 0]"""
j20,1,reactive,600,False,inf,inf,inf,null,"[0, 4, 4, 4, 6, 5, 6, 3, 10, 4, 9, 8, 5, 6, 4, 7, 4, 4, 7, 6, 6, 97, 92, 42, 94, 132, 130, 33, 142, 0]"
j20,1,stnu,600,False,inf,0.6751537322998047,inf,[],"""[0, 4, 4, 4, 6, 5, 6, 3, 10, 4, 9, 8, 5, 6, 4, 7, 4, 4, 7, 6, 6, 97, 92, 42, 94, 132, 130, 33, 142, 0]"""
j20,1,proactive_quantile_0.9,600,True,43,0.29343438148498535,0.0016009807586669922,"[0, 0, 0, 0, 4, 5, 9, 9, 5, 12, 3, 12, 9, 22, 18, 29, 14, 21, 23, 32, 32, 0, 0, 0, 0, 0, 0, 0, 0, 142]","""[0, 3, 5, 5, 7, 3, 1, 2, 1, 4, 3, 2, 3, 6, 5, 3, 6, 9, 5, 10, 3, 97, 92, 42, 94, 132, 130, 33, 142, 0]"""
j20,1,reactive,600,True,42,0.29343438148498535,0.32959699630737305,"[0, 0, 0, 0, 4, 5, 9, 9, 5, 12, 3, 12, 9, 22, 18, 29, 14, 21, 23, 32, 32, 0, 0, 0, 0, 0, 0, 0, 0, 42]","[0, 3, 5, 5, 7, 3, 1, 2, 1, 4, 3, 2, 3, 6, 5, 3, 6, 9, 5, 10, 3, 97, 92, 42, 94, 132, 130, 33, 142, 0]"
j20,1,stnu,600,False,inf,0.8343095779418945,inf,[],"""[0, 5, 5, 5, 7, 6, 8, 4, 9, 4, 6, 7, 5, 6, 4, 5, 4, 3, 5, 7, 6, 97, 92, 42, 94, 132, 130, 33, 142, 0]"""
j20,1,proactive_quantile_0.9,600,False,inf,0.09883522987365723,inf,"[0, 0, 0, 0, 6, 5, 13, 13, 6, 21, 6, 18, 15, 28, 27, 36, 22, 28, 33, 43, 43, 0, 0, 0, 0, 0, 0, 0, 0, 142]","""[0, 4, 7, 5, 6, 5, 5, 4, 9, 5, 6, 5, 6, 6, 6, 8, 3, 5, 7, 7, 4, 97, 92, 42, 94, 132, 130, 33, 142, 0]"""
j20,1,reactive,600,False,inf,inf,inf,null,"[0, 4, 7, 5, 6, 5, 5, 4, 9, 5, 6, 5, 6, 6, 6, 8, 3, 5, 7, 7, 4, 97, 92, 42, 94, 132, 130, 33, 142, 0]"
j20,1,stnu,600,False,inf,0.6510128974914551,inf,[],"""[0, 4, 7, 5, 6, 5, 5, 4, 9, 5, 6, 5, 6, 6, 6, 8, 3, 5, 7, 7, 4, 97, 92, 42, 94, 132, 130, 33, 142, 0]"""
j20,1,proactive_quantile_0.9,600,True,51,0.06888031959533691,0.0016300678253173828,"[0, 0, 0, 0, 6, 5, 13, 13, 6, 21, 6, 18, 15, 28, 27, 36, 22, 28, 33, 43, 43, 0, 0, 0, 0, 0, 0, 0, 0, 142]","""[0, 4, 6, 6, 6, 6, 7, 4, 8, 4, 8, 6, 5, 5, 5, 7, 3, 5, 5, 5, 6, 97, 92, 42, 94, 132, 130, 33, 142, 0]"""
j20,1,reactive,600,False,inf,inf,inf,null,"[0, 4, 6, 6, 6, 6, 7, 4, 8, 4, 8, 6, 5, 5, 5, 7, 3, 5, 5, 5, 6, 97, 92, 42, 94, 132, 130, 33, 142, 0]"
j20,1,stnu,600,False,inf,0.8992869853973389,inf,[],"""[0, 4, 6, 6, 6, 6, 7, 4, 8, 4, 8, 6, 5, 5, 5, 7, 3, 5, 5, 5, 6, 97, 92, 42, 94, 132, 130, 33, 142, 0]"""
j20,1,proactive_quantile_0.9,600,True,51,0.09051012992858887,0.001680135726928711,"[0, 0, 0, 0, 6, 5, 13, 13, 6, 21, 6, 18, 15, 28, 27, 36, 22, 28, 33, 43, 43, 0, 0, 0, 0, 0, 0, 0, 0, 142]","""[0, 4, 7, 3, 6, 6, 6, 4, 8, 4, 6, 8, 6, 9, 6, 5, 3, 7, 6, 7, 5, 97, 92, 42, 94, 132, 130, 33, 142, 0]"""
j20,1,reactive,600,False,inf,inf,inf,null,"[0, 4, 7, 3, 6, 6, 6, 4, 8, 4, 6, 8, 6, 9, 6, 5, 3, 7, 6, 7, 5, 97, 92, 42, 94, 132, 130, 33, 142, 0]"
j20,1,stnu,600,False,inf,0.647590160369873,inf,[],"""[0, 4, 7, 3, 6, 6, 6, 4, 8, 4, 6, 8, 6, 9, 6, 5, 3, 7, 6, 7, 5, 97, 92, 42, 94, 132, 130, 33, 142, 0]"""
j20,1,proactive_quantile_0.9,600,True,43,0.29532790184020996,0.0015172958374023438,"[0, 0, 0, 0, 4, 5, 9, 9, 5, 12, 3, 12, 9, 22, 18, 29, 14, 21, 23, 32, 32, 0, 0, 0, 0, 0, 0, 0, 0, 142]","""[0, 1, 3, 4, 7, 2, 2, 2, 1, 5, 4, 1, 2, 3, 4, 2, 5, 10, 3, 9, 3, 97, 92, 42, 94, 132, 130, 33, 142, 0]"""
j20,1,reactive,600,True,41,0.29532790184020996,0.4374375343322754,"[0, 0, 0, 0, 4, 5, 9, 9, 5, 12, 3, 12, 9, 22, 18, 29, 14, 21, 23, 32, 32, 0, 0, 0, 0, 0, 0, 0, 0, 41]","[0, 1, 3, 4, 7, 2, 2, 2, 1, 5, 4, 1, 2, 3, 4, 2, 5, 10, 3, 9, 3, 97, 92, 42, 94, 132, 130, 33, 142, 0]"
j20,1,stnu,600,False,inf,0.6621081829071045,inf,[],"""[0, 6, 5, 4, 7, 6, 7, 6, 7, 5, 9, 7, 5, 7, 4, 6, 5, 6, 4, 8, 5, 97, 92, 42, 94, 132, 130, 33, 142, 0]"""
j20,1,proactive_quantile_0.9,600,True,43,0.30285167694091797,0.0015864372253417969,"[0, 0, 0, 0, 4, 5, 9, 9, 5, 12, 3, 12, 9, 22, 18, 29, 14, 21, 23, 32, 32, 0, 0, 0, 0, 0, 0, 0, 0, 142]","""[0, 3, 2, 2, 8, 3, 2, 2, 1, 5, 5, 2, 4, 8, 3, 2, 7, 9, 5, 9, 5, 97, 92, 42, 94, 132, 130, 33, 142, 0]"""
j20,1,reactive,600,False,inf,inf,inf,null,"[0, 3, 2, 2, 8, 3, 2, 2, 1, 5, 5, 2, 4, 8, 3, 2, 7, 9, 5, 9, 5, 97, 92, 42, 94, 132, 130, 33, 142, 0]"
j20,1,stnu,600,False,inf,0.6561551094055176,inf,[],"""[0, 5, 6, 2, 8, 5, 8, 4, 7, 5, 9, 8, 7, 6, 5, 5, 3, 4, 7, 7, 4, 97, 92, 42, 94, 132, 130, 33, 142, 0]"""
j20,1,proactive_quantile_0.9,600,True,43,0.301419734954834,0.0015575885772705078,"[0, 0, 0, 0, 4, 5, 9, 9, 5, 12, 3, 12, 9, 22, 18, 29, 14, 21, 23, 32, 32, 0, 0, 0, 0, 0, 0, 0, 0, 142]","""[0, 2, 4, 4, 6, 2, 2, 2, 2, 7, 4, 2, 4, 7, 5, 1, 4, 8, 5, 8, 4, 97, 92, 42, 94, 132, 130, 33, 142, 0]"""
j20,1,reactive,600,False,inf,inf,inf,null,"[0, 2, 4, 4, 6, 2, 2, 2, 2, 7, 4, 2, 4, 7, 5, 1, 4, 8, 5, 8, 4, 97, 92, 42, 94, 132, 130, 33, 142, 0]"
j20,1,stnu,600,False,inf,0.6808669567108154,inf,[],"""[0, 4, 6, 4, 6, 5, 6, 4, 7, 7, 8, 8, 5, 6, 4, 5, 3, 6, 5, 6, 6, 97, 92, 42, 94, 132, 130, 33, 142, 0]"""
j20,1,proactive_quantile_0.9,600,False,inf,0.304196834564209,inf,"[0, 0, 0, 0, 4, 5, 9, 9, 5, 12, 3, 12, 9, 22, 18, 29, 14, 21, 23, 32, 32, 0, 0, 0, 0, 0, 0, 0, 0, 142]","""[0, 2, 3, 2, 5, 3, 2, 2, 2, 3, 5, 1, 5, 5, 6, 3, 5, 10, 3, 7, 4, 97, 92, 42, 94, 132, 130, 33, 142, 0]"""
j20,1,reactive,600,False,inf,inf,inf,null,"[0, 2, 3, 2, 5, 3, 2, 2, 2, 3, 5, 1, 5, 5, 6, 3, 5, 10, 3, 7, 4, 97, 92, 42, 94, 132, 130, 33, 142, 0]"
j20,1,stnu,600,False,inf,0.9325928688049316,inf,[],"""[0, 5, 6, 2, 5, 8, 7, 2, 7, 3, 8, 10, 6, 8, 4, 5, 5, 4, 5, 7, 5, 97, 92, 42, 94, 132, 130, 33, 142, 0]"""
j20,1,proactive_quantile_0.9,600,True,51,0.08579587936401367,0.0016837120056152344,"[0, 0, 0, 0, 6, 5, 13, 13, 6, 21, 6, 18, 15, 28, 27, 36, 22, 28, 33, 43, 43, 0, 0, 0, 0, 0, 0, 0, 0, 142]","""[0, 3, 5, 4, 4, 6, 7, 3, 6, 4, 7, 9, 6, 7, 4, 7, 5, 6, 7, 8, 4, 97, 92, 42, 94, 132, 130, 33, 142, 0]"""
j20,1,reactive,600,True,51,0.08579587936401367,0.44568753242492676,"[0, 0, 0, 0, 6, 5, 13, 13, 6, 21, 6, 18, 15, 28, 27, 36, 22, 28, 33, 43, 43, 0, 0, 0, 0, 0, 0, 0, 0, 51]","[0, 3, 5, 4, 4, 6, 7, 3, 6, 4, 7, 9, 6, 7, 4, 7, 5, 6, 7, 8, 4, 97, 92, 42, 94, 132, 130, 33, 142, 0]"
j20,1,stnu,600,False,inf,0.6717212200164795,inf,[],"""[0, 3, 5, 4, 4, 6, 7, 3, 6, 4, 7, 9, 6, 7, 4, 7, 5, 6, 7, 8, 4, 97, 92, 42, 94, 132, 130, 33, 142, 0]"""
j20,1,proactive_quantile_0.9,600,True,48,0.07912921905517578,0.0007243156433105469,"[0, 0, 0, 0, 6, 18, 10, 4, 10, 6, 18, 19, 23, 25, 25, 28, 12, 33, 37, 33, 33, 0, 0, 0, 0, 68]","""[0, 10, 4, 2, 2, 5, 8, 3, 7, 5, 7, 3, 6, 6, 3, 5, 4, 3, 11, 7, 9, 48, 68, 34, 68, 0]"""
j20,1,reactive,600,False,inf,inf,inf,null,"[0, 10, 4, 2, 2, 5, 8, 3, 7, 5, 7, 3, 6, 6, 3, 5, 4, 3, 11, 7, 9, 48, 68, 34, 68, 0]"
j20,1,stnu,600,True,30,0.9726555347442627,0.02770066261291504,"[0, 0, 0, 0, 3, 4, 3, 3, 10, 6, 16, 6, 8, 8, 9, 14, 9, 16, 19, 10, 19, 0, 0, 0, 0, 30]","""[0, 2, 3, 2, 1, 2, 3, 3, 6, 2, 2, 2, 6, 1, 1, 5, 4, 3, 11, 3, 1, 48, 68, 34, 68, 0]"""
j20,1,proactive_quantile_0.9,600,True,38,0.17194795608520508,0.0006515979766845703,"[0, 0, 0, 0, 3, 5, 3, 3, 14, 7, 23, 6, 9, 11, 9, 15, 9, 15, 27, 14, 23, 0, 0, 0, 0, 68]","""[0, 1, 3, 2, 2, 1, 2, 5, 8, 2, 2, 2, 4, 3, 2, 5, 5, 1, 9, 2, 3, 48, 68, 34, 68, 0]"""
j20,1,reactive,600,True,36,0.17194795608520508,0.33138489723205566,"[0, 0, 0, 0, 3, 5, 3, 3, 14, 7, 23, 6, 9, 11, 9, 15, 9, 15, 27, 14, 23, 0, 0, 0, 0, 36]","[0, 1, 3, 2, 2, 1, 2, 5, 8, 2, 2, 2, 4, 3, 2, 5, 5, 1, 9, 2, 3, 48, 68, 34, 68, 0]"
j20,1,stnu,600,True,30,0.9262440204620361,0.026996612548828125,"[0, 0, 0, 0, 3, 5, 3, 3, 13, 6, 17, 6, 8, 8, 11, 15, 11, 17, 20, 13, 20, 0, 0, 0, 0, 30]","""[0, 1, 3, 2, 2, 1, 2, 5, 4, 2, 2, 2, 4, 3, 2, 5, 5, 2, 10, 2, 3, 48, 68, 34, 68, 0]"""
j20,1,proactive_quantile_0.9,600,True,38,0.1588120460510254,0.0006761550903320312,"[0, 0, 0, 0, 3, 5, 3, 3, 14, 7, 23, 6, 9, 11, 9, 15, 9, 15, 27, 14, 23, 0, 0, 0, 0, 68]","""[0, 3, 1, 1, 1, 1, 2, 5, 8, 2, 4, 2, 4, 2, 1, 5, 3, 2, 10, 3, 1, 48, 68, 34, 68, 0]"""
j20,1,reactive,600,True,37,0.1588120460510254,0.37480592727661133,"[0, 0, 0, 0, 3, 5, 3, 3, 14, 7, 23, 6, 9, 11, 9, 15, 9, 15, 27, 14, 23, 0, 0, 0, 0, 37]","[0, 3, 1, 1, 1, 1, 2, 5, 8, 2, 4, 2, 4, 2, 1, 5, 3, 2, 10, 3, 1, 48, 68, 34, 68, 0]"
j20,1,stnu,600,True,27,0.7628538608551025,0.02693796157836914,"[0, 0, 0, 0, 3, 4, 3, 1, 10, 5, 14, 5, 7, 7, 9, 13, 9, 14, 18, 10, 18, 0, 0, 0, 0, 27]","""[0, 3, 1, 1, 1, 1, 2, 5, 4, 2, 4, 2, 4, 2, 1, 5, 3, 2, 9, 3, 2, 48, 68, 34, 68, 0]"""
j20,1,proactive_quantile_0.9,600,True,38,0.15650653839111328,0.0006861686706542969,"[0, 0, 0, 0, 3, 5, 3, 3, 14, 7, 23, 6, 9, 11, 9, 15, 9, 15, 27, 14, 23, 0, 0, 0, 0, 68]","""[0, 1, 2, 3, 2, 2, 2, 3, 8, 2, 4, 2, 4, 3, 1, 4, 5, 4, 9, 3, 2, 48, 68, 34, 68, 0]"""
j20,1,reactive,600,True,36,0.15650653839111328,0.32216334342956543,"[0, 0, 0, 0, 3, 5, 3, 3, 14, 7, 23, 6, 9, 11, 9, 15, 9, 15, 27, 14, 23, 0, 0, 0, 0, 36]","[0, 1, 2, 3, 2, 2, 2, 3, 8, 2, 4, 2, 4, 3, 1, 4, 5, 4, 9, 3, 2, 48, 68, 34, 68, 0]"
j20,1,stnu,600,True,28,0.830219030380249,0.02677011489868164,"[0, 0, 0, 0, 3, 5, 2, 3, 13, 7, 17, 7, 9, 9, 12, 16, 12, 17, 21, 13, 20, 0, 0, 0, 0, 28]","""[0, 1, 2, 3, 2, 2, 2, 3, 4, 2, 4, 2, 4, 3, 1, 4, 5, 1, 7, 3, 2, 48, 68, 34, 68, 0]"""
j20,1,proactive_quantile_0.9,600,True,48,0.07805681228637695,0.0007083415985107422,"[0, 0, 0, 0, 6, 18, 10, 4, 10, 6, 18, 19, 23, 25, 25, 28, 12, 33, 37, 33, 33, 0, 0, 0, 0, 68]","""[0, 10, 5, 2, 1, 5, 8, 5, 6, 6, 5, 2, 3, 7, 2, 5, 4, 4, 11, 10, 9, 48, 68, 34, 68, 0]"""
j20,1,reactive,600,True,48,0.07805681228637695,0.5601189136505127,"[0, 0, 0, 0, 6, 18, 10, 4, 10, 6, 18, 19, 23, 25, 25, 28, 12, 33, 37, 33, 33, 0, 0, 0, 0, 48]","[0, 10, 5, 2, 1, 5, 8, 5, 6, 6, 5, 2, 3, 7, 2, 5, 4, 4, 11, 10, 9, 48, 68, 34, 68, 0]"
j20,1,stnu,600,True,29,0.7930493354797363,0.02693009376525879,"[0, 0, 0, 0, 2, 3, 2, 2, 10, 5, 15, 5, 7, 6, 9, 12, 9, 15, 18, 10, 17, 0, 0, 0, 0, 29]","""[0, 2, 1, 2, 1, 2, 2, 5, 5, 1, 3, 2, 3, 3, 1, 5, 4, 2, 11, 2, 2, 48, 68, 34, 68, 0]"""
j20,1,proactive_quantile_0.9,600,True,38,0.2441859245300293,0.0006470680236816406,"[0, 0, 0, 0, 3, 5, 3, 3, 14, 7, 23, 6, 9, 11, 9, 15, 9, 15, 27, 14, 23, 0, 0, 0, 0, 68]","""[0, 3, 3, 1, 1, 1, 2, 4, 10, 1, 3, 3, 3, 2, 2, 5, 4, 4, 9, 2, 2, 48, 68, 34, 68, 0]"""
j20,1,reactive,600,False,inf,inf,inf,null,"[0, 3, 3, 1, 1, 1, 2, 4, 10, 1, 3, 3, 3, 2, 2, 5, 4, 4, 9, 2, 2, 48, 68, 34, 68, 0]"
j20,1,stnu,600,True,26,0.8667550086975098,0.026946067810058594,"[0, 0, 0, 0, 3, 4, 3, 3, 10, 5, 16, 5, 8, 6, 8, 12, 8, 16, 19, 10, 18, 0, 0, 0, 0, 26]","""[0, 3, 3, 1, 1, 1, 2, 4, 6, 1, 3, 3, 3, 2, 2, 5, 4, 2, 7, 2, 3, 48, 68, 34, 68, 0]"""
j20,1,proactive_quantile_0.9,600,False,inf,0.10991621017456055,inf,"[0, 0, 0, 0, 3, 5, 3, 3, 14, 7, 23, 6, 9, 11, 9, 15, 9, 15, 27, 14, 23, 0, 0, 0, 0, 68]","""[0, 1, 1, 2, 2, 2, 2, 3, 8, 1, 2, 3, 5, 2, 1, 5, 7, 3, 8, 2, 2, 48, 68, 34, 68, 0]"""
j20,1,reactive,600,False,inf,inf,inf,null,"[0, 1, 1, 2, 2, 2, 2, 3, 8, 1, 2, 3, 5, 2, 1, 5, 7, 3, 8, 2, 2, 48, 68, 34, 68, 0]"
j20,1,stnu,600,True,29,1.0226352214813232,0.028543949127197266,"[0, 0, 0, 0, 2, 4, 1, 2, 10, 6, 16, 6, 9, 7, 9, 14, 9, 16, 19, 10, 19, 0, 0, 0, 0, 29]","""[0, 1, 1, 2, 2, 2, 2, 3, 4, 1, 2, 3, 5, 2, 1, 5, 7, 1, 10, 2, 2, 48, 68, 34, 68, 0]"""
j20,1,proactive_quantile_0.9,600,True,38,0.1079092025756836,0.0007684230804443359,"[0, 0, 0, 0, 3, 5, 3, 3, 14, 7, 23, 6, 9, 11, 9, 15, 9, 15, 27, 14, 23, 0, 0, 0, 0, 68]","""[0, 2, 2, 2, 1, 1, 1, 3, 6, 2, 4, 1, 3, 2, 1, 5, 5, 2, 9, 2, 1, 48, 68, 34, 68, 0]"""
j20,1,reactive,600,True,36,0.1079092025756836,0.5452878475189209,"[0, 0, 0, 0, 3, 5, 3, 3, 14, 7, 23, 6, 9, 11, 9, 15, 9, 15, 27, 14, 23, 0, 0, 0, 0, 36]","[0, 2, 2, 2, 1, 1, 1, 3, 6, 2, 4, 1, 3, 2, 1, 5, 5, 2, 9, 2, 1, 48, 68, 34, 68, 0]"
j20,1,stnu,600,True,25,0.9778652191162109,0.02744269371032715,"[0, 0, 0, 0, 2, 3, 2, 2, 9, 4, 13, 4, 6, 6, 8, 11, 8, 13, 17, 9, 16, 0, 0, 0, 0, 25]","""[0, 2, 2, 2, 1, 1, 1, 3, 3, 2, 4, 1, 3, 2, 1, 5, 5, 2, 8, 2, 2, 48, 68, 34, 68, 0]"""
j20,1,proactive_quantile_0.9,600,True,38,0.09646725654602051,0.0006937980651855469,"[0, 0, 0, 0, 3, 5, 3, 3, 14, 7, 23, 6, 9, 11, 9, 15, 9, 15, 27, 14, 23, 0, 0, 0, 0, 68]","""[0, 3, 3, 2, 1, 2, 3, 6, 8, 2, 3, 1, 3, 1, 2, 3, 3, 2, 8, 3, 2, 48, 68, 34, 68, 0]"""
j20,1,reactive,600,True,35,0.09646725654602051,0.2861013412475586,"[0, 0, 0, 0, 3, 5, 3, 3, 14, 7, 23, 6, 9, 11, 9, 15, 9, 15, 27, 14, 23, 0, 0, 0, 0, 35]","[0, 3, 3, 2, 1, 2, 3, 6, 8, 2, 3, 1, 3, 1, 2, 3, 3, 2, 8, 3, 2, 48, 68, 34, 68, 0]"
j20,1,stnu,600,True,27,0.8895981311798096,0.027402877807617188,"[0, 0, 0, 0, 3, 4, 3, 3, 11, 6, 14, 6, 8, 8, 9, 14, 9, 14, 17, 11, 17, 0, 0, 0, 0, 27]","""[0, 3, 3, 2, 1, 2, 3, 6, 3, 2, 3, 1, 3, 1, 2, 3, 3, 2, 10, 3, 2, 48, 68, 34, 68, 0]"""
j20,1,proactive_quantile_0.9,600,True,48,0.07950377464294434,0.0007939338684082031,"[0, 0, 0, 0, 6, 18, 10, 4, 10, 6, 18, 19, 23, 25, 25, 28, 12, 33, 37, 33, 33, 0, 0, 0, 0, 68]","""[0, 9, 4, 3, 2, 7, 8, 4, 6, 6, 5, 3, 3, 6, 1, 3, 6, 2, 8, 8, 11, 48, 68, 34, 68, 0]"""
j20,1,reactive,600,True,45,0.07950377464294434,0.6093926429748535,"[0, 0, 0, 0, 6, 18, 10, 4, 10, 6, 18, 19, 23, 25, 25, 28, 12, 33, 37, 33, 33, 0, 0, 0, 0, 45]","[0, 9, 4, 3, 2, 7, 8, 4, 6, 6, 5, 3, 3, 6, 1, 3, 6, 2, 8, 8, 11, 48, 68, 34, 68, 0]"
j20,1,stnu,600,True,28,0.9442245960235596,0.027613401412963867,"[0, 0, 0, 0, 3, 4, 3, 3, 11, 6, 16, 6, 8, 8, 10, 13, 10, 16, 20, 11, 17, 0, 0, 0, 0, 28]","""[0, 2, 3, 3, 1, 2, 3, 4, 5, 2, 4, 1, 3, 2, 1, 3, 6, 1, 8, 2, 2, 48, 68, 34, 68, 0]"""
j20,1,stnu,600,False,inf,0.8064939975738525,inf,[],"""[0, 2, 4, 3, 1, 2, 1, 4, 2, 2, 10, 3, 2, 3, 2, 2, 1, 1, 2, 6, 1, 108, 138, 6, 44, 130, 164, 108, 55, 98, 153, 112, 26, 125, 110, 108, 124, 0]"""
j20,1,stnu,600,False,inf,0.8494415283203125,inf,[],"""[0, 5, 2, 5, 2, 3, 5, 4, 6, 7, 7, 7, 6, 5, 4, 2, 2, 2, 3, 6, 9, 108, 138, 6, 44, 130, 164, 108, 55, 98, 153, 112, 26, 125, 110, 108, 124, 0]"""
j20,1,stnu,600,False,inf,0.7488112449645996,inf,[],"""[0, 2, 1, 4, 1, 2, 1, 3, 3, 5, 9, 4, 1, 2, 2, 2, 1, 2, 3, 6, 2, 108, 138, 6, 44, 130, 164, 108, 55, 98, 153, 112, 26, 125, 110, 108, 124, 0]"""
j20,1,stnu,600,False,inf,0.7468998432159424,inf,[],"""[0, 1, 3, 1, 2, 4, 1, 5, 3, 4, 8, 5, 1, 2, 3, 1, 1, 2, 1, 10, 1, 108, 138, 6, 44, 130, 164, 108, 55, 98, 153, 112, 26, 125, 110, 108, 124, 0]"""
j20,1,stnu,600,False,inf,0.7969908714294434,inf,[],"""[0, 1, 3, 3, 2, 2, 2, 6, 3, 4, 10, 3, 2, 1, 2, 1, 1, 2, 2, 6, 2, 108, 138, 6, 44, 130, 164, 108, 55, 98, 153, 112, 26, 125, 110, 108, 124, 0]"""
j20,1,stnu,600,False,inf,0.7739388942718506,inf,[],"""[0, 2, 2, 3, 1, 3, 2, 3, 2, 3, 10, 5, 2, 2, 1, 2, 2, 2, 2, 6, 2, 108, 138, 6, 44, 130, 164, 108, 55, 98, 153, 112, 26, 125, 110, 108, 124, 0]"""
j20,1,stnu,600,False,inf,0.6995656490325928,inf,[],"""[0, 5, 3, 3, 3, 3, 2, 6, 6, 4, 4, 6, 3, 4, 4, 2, 1, 1, 2, 8, 8, 108, 138, 6, 44, 130, 164, 108, 55, 98, 153, 112, 26, 125, 110, 108, 124, 0]"""
j20,1,stnu,600,False,inf,0.8085474967956543,inf,[],"""[0, 1, 4, 3, 1, 2, 2, 5, 1, 3, 7, 3, 2, 2, 3, 1, 2, 2, 3, 7, 1, 108, 138, 6, 44, 130, 164, 108, 55, 98, 153, 112, 26, 125, 110, 108, 124, 0]"""
j20,1,stnu,600,False,inf,0.7312798500061035,inf,[],"""[0, 1, 2, 2, 2, 3, 1, 4, 2, 3, 8, 5, 1, 2, 2, 2, 2, 2, 2, 8, 2, 108, 138, 6, 44, 130, 164, 108, 55, 98, 153, 112, 26, 125, 110, 108, 124, 0]"""
j20,1,stnu,600,False,inf,1.0172967910766602,inf,[],"""[0, 1, 2, 2, 2, 4, 1, 5, 3, 3, 8, 5, 2, 3, 2, 2, 1, 2, 2, 6, 1, 108, 138, 6, 44, 130, 164, 108, 55, 98, 153, 112, 26, 125, 110, 108, 124, 0]"""
j10,2,proactive_quantile_0.9,600,True,36,0.05691385269165039,0.0007119178771972656,"[0, 0, 0, 0, 9, 16, 10, 25, 31, 16, 9, 0, 0, 0, 0, 0, 0, 0, 69]","""[0, 5, 7, 6, 5, 6, 2, 4, 3, 3, 4, 46, 15, 23, 34, 69, 49, 65, 0]"""
j10,2,reactive,600,True,34,0.05691385269165039,0.10178804397583008,"[0, 0, 0, 0, 9, 16, 10, 25, 31, 16, 9, 0, 0, 0, 0, 0, 0, 0, 34]","[0, 5, 7, 6, 5, 6, 2, 4, 3, 3, 4, 46, 15, 23, 34, 69, 49, 65, 0]"
j10,2,stnu,600,True,24,0.6517131328582764,0.010659456253051758,"[0, 0, 0, 0, 6, 11, 7, 17, 21, 11, 6, 0, 0, 0, 0, 0, 0, 0, 24]","""[0, 5, 7, 6, 5, 6, 2, 4, 3, 3, 4, 46, 15, 23, 34, 69, 49, 65, 0]"""
j10,2,proactive_quantile_0.9,600,True,23,0.14606142044067383,0.0007128715515136719,"[0, 0, 0, 0, 3, 6, 5, 13, 18, 8, 5, 0, 0, 0, 0, 0, 0, 0, 69]","""[0, 2, 4, 2, 3, 4, 2, 3, 4, 2, 3, 46, 15, 23, 34, 69, 49, 65, 0]"""
j10,2,reactive,600,True,20,0.14606142044067383,0.10893034934997559,"[0, 0, 0, 0, 3, 6, 5, 13, 16, 8, 5, 0, 0, 0, 0, 0, 0, 0, 20]","[0, 2, 4, 2, 3, 4, 2, 3, 4, 2, 3, 46, 15, 23, 34, 69, 49, 65, 0]"
j10,2,stnu,600,True,28,0.6349024772644043,0.010508060455322266,"[0, 0, 0, 0, 7, 13, 9, 20, 24, 13, 7, 0, 0, 0, 0, 0, 0, 0, 28]","""[0, 2, 9, 7, 6, 7, 2, 4, 4, 2, 4, 46, 15, 23, 34, 69, 49, 65, 0]"""
j10,2,proactive_quantile_0.9,600,True,36,0.05472064018249512,0.0007157325744628906,"[0, 0, 0, 0, 9, 16, 10, 25, 31, 16, 9, 0, 0, 0, 0, 0, 0, 0, 69]","""[0, 5, 6, 4, 4, 7, 2, 6, 3, 3, 7, 46, 15, 23, 34, 69, 49, 65, 0]"""
j10,2,reactive,600,True,34,0.05472064018249512,0.07119154930114746,"[0, 0, 0, 0, 9, 16, 10, 25, 31, 16, 9, 0, 0, 0, 0, 0, 0, 0, 34]","[0, 5, 6, 4, 4, 7, 2, 6, 3, 3, 7, 46, 15, 23, 34, 69, 49, 65, 0]"
j10,2,stnu,600,True,19,0.7237372398376465,0.010366678237915039,"[0, 0, 0, 0, 2, 4, 2, 10, 16, 4, 2, 0, 0, 0, 0, 0, 0, 0, 19]","""[0, 2, 2, 2, 2, 6, 2, 6, 3, 2, 7, 46, 15, 23, 34, 69, 49, 65, 0]"""
j10,2,proactive_quantile_0.9,600,True,23,0.16054654121398926,0.0007076263427734375,"[0, 0, 0, 0, 3, 6, 5, 13, 18, 8, 5, 0, 0, 0, 0, 0, 0, 0, 69]","""[0, 1, 4, 1, 2, 4, 2, 3, 2, 3, 1, 46, 15, 23, 34, 69, 49, 65, 0]"""
j10,2,reactive,600,True,18,0.16054654121398926,0.2422802448272705,"[0, 0, 0, 0, 3, 6, 5, 13, 16, 8, 5, 0, 0, 0, 0, 0, 0, 0, 18]","[0, 1, 4, 1, 2, 4, 2, 3, 2, 3, 1, 46, 15, 23, 34, 69, 49, 65, 0]"
j10,2,stnu,600,True,17,0.7523736953735352,0.010392189025878906,"[0, 0, 0, 0, 1, 3, 4, 9, 15, 6, 1, 0, 0, 0, 0, 0, 0, 0, 17]","""[0, 1, 4, 1, 2, 4, 2, 6, 2, 3, 5, 46, 15, 23, 34, 69, 49, 65, 0]"""
j10,2,proactive_quantile_0.9,600,True,36,0.05355262756347656,0.0007231235504150391,"[0, 0, 0, 0, 9, 16, 10, 25, 31, 16, 9, 0, 0, 0, 0, 0, 0, 0, 69]","""[0, 4, 6, 5, 3, 8, 2, 5, 3, 2, 7, 46, 15, 23, 34, 69, 49, 65, 0]"""
j10,2,reactive,600,True,34,0.05355262756347656,0.0945441722869873,"[0, 0, 0, 0, 9, 16, 10, 25, 31, 16, 9, 0, 0, 0, 0, 0, 0, 0, 34]","[0, 4, 6, 5, 3, 8, 2, 5, 3, 2, 7, 46, 15, 23, 34, 69, 49, 65, 0]"
j10,2,stnu,600,True,24,0.6401140689849854,0.01059579849243164,"[0, 0, 0, 0, 5, 8, 6, 16, 21, 12, 5, 0, 0, 0, 0, 0, 0, 0, 24]","""[0, 4, 6, 5, 3, 8, 2, 5, 3, 2, 7, 46, 15, 23, 34, 69, 49, 65, 0]"""
j10,2,proactive_quantile_0.9,600,True,23,0.1038362979888916,0.00067901611328125,"[0, 0, 0, 0, 3, 6, 5, 13, 18, 8, 5, 0, 0, 0, 0, 0, 0, 0, 69]","""[0, 2, 2, 1, 1, 4, 2, 3, 5, 1, 2, 46, 15, 23, 34, 69, 49, 65, 0]"""
j10,2,reactive,600,True,18,0.1038362979888916,0.1316533088684082,"[0, 0, 0, 0, 3, 6, 5, 10, 13, 8, 5, 0, 0, 0, 0, 0, 0, 0, 18]","[0, 2, 2, 1, 1, 4, 2, 3, 5, 1, 2, 46, 15, 23, 34, 69, 49, 65, 0]"
j10,2,stnu,600,True,31,0.7596616744995117,0.01111149787902832,"[0, 0, 0, 0, 8, 15, 9, 23, 26, 15, 8, 0, 0, 0, 0, 0, 0, 0, 31]","""[0, 6, 9, 8, 7, 8, 2, 3, 5, 3, 3, 46, 15, 23, 34, 69, 49, 65, 0]"""
j10,2,proactive_quantile_0.9,600,True,23,0.17652177810668945,0.0007536411285400391,"[0, 0, 0, 0, 3, 6, 5, 13, 18, 8, 5, 0, 0, 0, 0, 0, 0, 0, 69]","""[0, 1, 3, 2, 2, 5, 3, 2, 4, 2, 3, 46, 15, 23, 34, 69, 49, 65, 0]"""
j10,2,reactive,600,True,19,0.17652177810668945,0.12529659271240234,"[0, 0, 0, 0, 3, 6, 5, 13, 15, 8, 5, 0, 0, 0, 0, 0, 0, 0, 19]","[0, 1, 3, 2, 2, 5, 3, 2, 4, 2, 3, 46, 15, 23, 34, 69, 49, 65, 0]"
j10,2,stnu,600,True,17,0.747809886932373,0.010579347610473633,"[0, 0, 0, 0, 2, 4, 3, 9, 14, 6, 4, 0, 0, 0, 0, 0, 0, 0, 17]","""[0, 1, 3, 2, 2, 5, 3, 5, 3, 2, 3, 46, 15, 23, 34, 69, 49, 65, 0]"""
j10,2,proactive_quantile_0.9,600,True,36,0.056212425231933594,0.0007452964782714844,"[0, 0, 0, 0, 9, 16, 10, 25, 31, 16, 9, 0, 0, 0, 0, 0, 0, 0, 69]","""[0, 6, 10, 7, 9, 3, 3, 6, 4, 2, 8, 46, 15, 23, 34, 69, 49, 65, 0]"""
j10,2,reactive,600,False,inf,inf,inf,null,"[0, 6, 10, 7, 9, 3, 3, 6, 4, 2, 8, 46, 15, 23, 34, 69, 49, 65, 0]"
j10,2,stnu,600,True,29,0.6490979194641113,0.010499000549316406,"[0, 0, 0, 0, 7, 16, 10, 19, 25, 16, 7, 0, 0, 0, 0, 0, 0, 0, 29]","""[0, 6, 10, 7, 9, 3, 3, 6, 4, 2, 8, 46, 15, 23, 34, 69, 49, 65, 0]"""
j10,2,proactive_quantile_0.9,600,True,36,0.05385446548461914,0.0007543563842773438,"[0, 0, 0, 0, 9, 16, 10, 25, 31, 16, 9, 0, 0, 0, 0, 0, 0, 0, 69]","""[0, 4, 5, 9, 6, 6, 1, 5, 4, 3, 5, 46, 15, 23, 34, 69, 49, 65, 0]"""
j10,2,reactive,600,True,35,0.05385446548461914,0.24547171592712402,"[0, 0, 0, 0, 9, 16, 10, 25, 31, 16, 9, 0, 0, 0, 0, 0, 0, 0, 35]","[0, 4, 5, 9, 6, 6, 1, 5, 4, 3, 5, 46, 15, 23, 34, 69, 49, 65, 0]"
j10,2,stnu,600,True,30,0.6521768569946289,0.010658502578735352,"[0, 0, 0, 0, 9, 15, 9, 21, 26, 15, 9, 0, 0, 0, 0, 0, 0, 0, 30]","""[0, 4, 5, 9, 6, 6, 1, 5, 4, 3, 5, 46, 15, 23, 34, 69, 49, 65, 0]"""
j10,2,proactive_quantile_0.9,600,True,23,0.14576101303100586,0.00069427490234375,"[0, 0, 0, 0, 3, 6, 5, 13, 18, 8, 5, 0, 0, 0, 0, 0, 0, 0, 69]","""[0, 2, 4, 1, 1, 5, 2, 4, 3, 3, 2, 46, 15, 23, 34, 69, 49, 65, 0]"""
j10,2,reactive,600,True,21,0.14576101303100586,0.11603903770446777,"[0, 0, 0, 0, 3, 6, 5, 13, 18, 8, 5, 0, 0, 0, 0, 0, 0, 0, 21]","[0, 2, 4, 1, 1, 5, 2, 4, 3, 3, 2, 46, 15, 23, 34, 69, 49, 65, 0]"
j10,2,stnu,600,True,17,0.6454973220825195,0.01043558120727539,"[0, 0, 0, 0, 1, 2, 4, 11, 15, 5, 2, 0, 0, 0, 0, 0, 0, 0, 17]","""[0, 2, 4, 1, 1, 5, 1, 4, 2, 3, 9, 46, 15, 23, 34, 69, 49, 65, 0]"""
j10,2,proactive_quantile_0.9,600,True,37,0.05897116661071777,0.00027680397033691406,"[0, 0, 5, 0, 7, 11, 7, 17, 26, 23, 26, 0, 42]","""[0, 5, 5, 3, 2, 4, 7, 4, 6, 2, 10, 42, 0]"""
j10,2,reactive,600,True,36,0.05897116661071777,0.15178322792053223,"[0, 0, 5, 0, 7, 11, 7, 17, 26, 23, 26, 0, 36]","[0, 5, 5, 3, 2, 4, 7, 4, 6, 2, 10, 42, 0]"
j10,2,stnu,600,True,28,0.7622427940368652,0.005620241165161133,"[0, 0, 0, 5, 5, 8, 8, 12, 18, 16, 18, 0, 28]","""[0, 5, 5, 3, 2, 4, 2, 4, 6, 2, 10, 42, 0]"""
j10,2,proactive_quantile_0.9,600,False,inf,0.056662559509277344,inf,"[0, 0, 5, 0, 7, 11, 7, 17, 26, 23, 26, 0, 42]","""[0, 6, 4, 6, 2, 5, 7, 5, 7, 2, 9, 42, 0]"""
j10,2,reactive,600,False,inf,inf,inf,null,"[0, 6, 4, 6, 2, 5, 7, 5, 7, 2, 9, 42, 0]"
j10,2,stnu,600,True,31,0.8319480419158936,0.00547337532043457,"[0, 0, 0, 4, 6, 10, 10, 15, 22, 20, 22, 0, 31]","""[0, 6, 4, 6, 2, 5, 4, 5, 7, 2, 9, 42, 0]"""
j10,2,proactive_quantile_0.9,600,True,37,0.1531352996826172,0.0002589225769042969,"[0, 0, 5, 0, 7, 11, 7, 17, 26, 23, 26, 0, 42]","""[0, 3, 2, 2, 3, 5, 9, 5, 6, 1, 11, 42, 0]"""
j10,2,reactive,600,True,37,0.1531352996826172,0.16902971267700195,"[0, 0, 5, 0, 7, 11, 7, 17, 26, 23, 26, 0, 37]","[0, 3, 2, 2, 3, 5, 9, 5, 6, 1, 11, 42, 0]"
j10,2,stnu,600,True,28,0.5753557682037354,0.005481719970703125,"[0, 0, 0, 2, 3, 6, 4, 11, 17, 16, 17, 0, 28]","""[0, 3, 2, 2, 3, 5, 3, 5, 6, 1, 11, 42, 0]"""
j10,2,proactive_quantile_0.9,600,True,37,0.05787801742553711,0.0002770423889160156,"[0, 0, 5, 0, 7, 11, 7, 17, 26, 23, 26, 0, 42]","""[0, 7, 5, 3, 3, 5, 11, 6, 5, 2, 9, 42, 0]"""
j10,2,reactive,600,True,35,0.05787801742553711,0.10762691497802734,"[0, 0, 5, 0, 7, 11, 7, 17, 26, 23, 26, 0, 35]","[0, 7, 5, 3, 3, 5, 11, 6, 5, 2, 9, 42, 0]"
j10,2,stnu,600,True,32,0.8689277172088623,0.005529642105102539,"[0, 0, 0, 5, 7, 10, 8, 15, 23, 21, 23, 0, 32]","""[0, 7, 5, 3, 3, 5, 5, 6, 5, 2, 9, 42, 0]"""
j10,2,proactive_quantile_0.9,600,True,37,0.1689436435699463,0.0002903938293457031,"[0, 0, 5, 0, 7, 11, 7, 17, 26, 23, 26, 0, 42]","""[0, 4, 4, 4, 4, 6, 2, 5, 3, 2, 12, 42, 0]"""
j10,2,reactive,600,True,38,0.1689436435699463,0.15152215957641602,"[0, 0, 5, 0, 7, 11, 7, 17, 26, 23, 26, 0, 38]","[0, 4, 4, 4, 4, 6, 2, 5, 3, 2, 12, 42, 0]"
j10,2,stnu,600,True,33,0.638434886932373,0.0053746700286865234,"[0, 0, 4, 0, 8, 12, 18, 18, 8, 24, 24, 0, 33]","""[0, 6, 4, 4, 4, 6, 6, 5, 3, 7, 9, 42, 0]"""
j10,2,proactive_quantile_0.9,600,True,37,0.11840462684631348,0.0002827644348144531,"[0, 0, 5, 0, 7, 11, 7, 17, 26, 23, 26, 0, 42]","""[0, 7, 4, 4, 4, 3, 6, 6, 9, 2, 8, 42, 0]"""
j10,2,reactive,600,True,35,0.11840462684631348,0.10142064094543457,"[0, 0, 5, 0, 7, 11, 7, 17, 26, 23, 26, 0, 35]","[0, 7, 4, 4, 4, 3, 6, 6, 9, 2, 8, 42, 0]"
j10,2,stnu,600,True,31,0.7606630325317383,0.005444765090942383,"[0, 0, 0, 4, 7, 11, 8, 14, 22, 20, 22, 0, 31]","""[0, 7, 4, 4, 4, 3, 6, 6, 9, 2, 8, 42, 0]"""
j10,2,proactive_quantile_0.9,600,True,37,0.16634535789489746,0.0002827644348144531,"[0, 0, 5, 0, 7, 11, 7, 17, 26, 23, 26, 0, 42]","""[0, 5, 4, 4, 2, 8, 8, 4, 8, 2, 8, 42, 0]"""
j10,2,reactive,600,False,inf,inf,inf,null,"[0, 5, 4, 4, 2, 8, 8, 4, 8, 2, 8, 42, 0]"
j10,2,stnu,600,True,30,0.7591097354888916,0.005482196807861328,"[0, 0, 0, 4, 5, 8, 8, 16, 22, 20, 22, 0, 30]","""[0, 5, 4, 4, 2, 8, 4, 4, 8, 2, 8, 42, 0]"""
j10,2,proactive_quantile_0.9,600,True,37,0.057328224182128906,0.0002560615539550781,"[0, 0, 5, 0, 7, 11, 7, 17, 26, 23, 26, 0, 42]","""[0, 6, 4, 5, 2, 4, 8, 4, 8, 2, 6, 42, 0]"""
j10,2,reactive,600,True,34,0.057328224182128906,0.13453984260559082,"[0, 0, 5, 0, 7, 11, 7, 17, 26, 23, 26, 0, 34]","[0, 6, 4, 5, 2, 4, 8, 4, 8, 2, 6, 42, 0]"
j10,2,stnu,600,True,29,0.8729112148284912,0.005498170852661133,"[0, 0, 0, 4, 6, 9, 9, 15, 21, 19, 21, 0, 29]","""[0, 6, 4, 5, 2, 4, 6, 4, 8, 2, 6, 42, 0]"""
j10,2,proactive_quantile_0.9,600,True,37,0.177412748336792,0.00026607513427734375,"[0, 0, 5, 0, 7, 11, 7, 17, 26, 23, 26, 0, 42]","""[0, 3, 5, 3, 1, 3, 9, 3, 6, 2, 8, 42, 0]"""
j10,2,reactive,600,True,34,0.177412748336792,0.16580939292907715,"[0, 0, 5, 0, 7, 11, 7, 17, 26, 23, 26, 0, 34]","[0, 3, 5, 3, 1, 3, 9, 3, 6, 2, 8, 42, 0]"
j10,2,stnu,600,True,27,0.644155740737915,0.005566120147705078,"[0, 0, 0, 5, 5, 8, 8, 14, 19, 17, 19, 0, 27]","""[0, 3, 5, 3, 1, 3, 6, 3, 6, 2, 8, 42, 0]"""
j10,2,proactive_quantile_0.9,600,True,42,0.050202369689941406,0.0002918243408203125,"[0, 0, 6, 0, 11, 18, 11, 24, 20, 33, 33, 0, 42]","""[0, 6, 6, 3, 7, 5, 6, 6, 9, 6, 6, 42, 0]"""
j10,2,reactive,600,True,39,0.050202369689941406,0.13062524795532227,"[0, 0, 6, 0, 11, 18, 11, 24, 20, 33, 33, 0, 39]","[0, 6, 6, 3, 7, 5, 6, 6, 9, 6, 6, 42, 0]"
j10,2,stnu,600,True,31,0.8846592903137207,0.005497455596923828,"[0, 0, 0, 1, 5, 9, 6, 14, 21, 18, 21, 0, 31]","""[0, 5, 1, 5, 4, 5, 8, 4, 8, 3, 10, 42, 0]"""
j10,2,proactive_quantile_0.9,600,True,30,0.28581714630126953,0.0009608268737792969,"[0, 0, 0, 3, 3, 6, 11, 11, 20, 11, 7, 0, 0, 0, 0, 0, 0, 0, 0, 0, 70]","""[0, 2, 3, 3, 2, 2, 5, 7, 6, 3, 4, 70, 66, 45, 53, 15, 50, 37, 70, 33, 0]"""
j10,2,reactive,600,True,26,0.28581714630126953,0.11655664443969727,"[0, 0, 0, 3, 3, 6, 11, 11, 20, 11, 7, 0, 0, 0, 0, 0, 0, 0, 0, 0, 26]","[0, 2, 3, 3, 2, 2, 5, 7, 6, 3, 4, 70, 66, 45, 53, 15, 50, 37, 70, 33, 0]"
j10,2,stnu,600,True,21,0.6857283115386963,0.013222217559814453,"[0, 0, 0, 5, 3, 5, 8, 8, 13, 8, 8, 0, 0, 0, 0, 0, 0, 0, 0, 0, 21]","""[0, 2, 3, 2, 2, 3, 5, 2, 8, 4, 5, 70, 66, 45, 53, 15, 50, 37, 70, 33, 0]"""
j10,2,proactive_quantile_0.9,600,True,30,0.18935799598693848,0.0011065006256103516,"[0, 0, 0, 3, 3, 6, 11, 11, 20, 11, 7, 0, 0, 0, 0, 0, 0, 0, 0, 0, 70]","""[0, 1, 2, 2, 2, 2, 6, 4, 7, 4, 6, 70, 66, 45, 53, 15, 50, 37, 70, 33, 0]"""
j10,2,reactive,600,True,27,0.18935799598693848,0.23751235008239746,"[0, 0, 0, 3, 3, 6, 11, 11, 20, 11, 7, 0, 0, 0, 0, 0, 0, 0, 0, 0, 27]","[0, 1, 2, 2, 2, 2, 6, 4, 7, 4, 6, 70, 66, 45, 53, 15, 50, 37, 70, 33, 0]"
j10,2,stnu,600,True,21,1.0555620193481445,0.013270139694213867,"[0, 0, 0, 2, 2, 4, 6, 6, 14, 6, 4, 0, 0, 0, 0, 0, 0, 0, 0, 0, 21]","""[0, 1, 2, 2, 2, 2, 8, 3, 7, 3, 6, 70, 66, 45, 53, 15, 50, 37, 70, 33, 0]"""
j10,2,proactive_quantile_0.9,600,True,32,0.04441118240356445,0.0010199546813964844,"[0, 3, 0, 0, 6, 9, 14, 14, 21, 14, 14, 0, 0, 0, 0, 0, 0, 0, 0, 0, 70]","""[0, 2, 2, 1, 1, 3, 5, 2, 9, 5, 4, 70, 66, 45, 53, 15, 50, 37, 70, 33, 0]"""
j10,2,reactive,600,True,30,0.04441118240356445,0.14419126510620117,"[0, 3, 0, 0, 6, 9, 14, 14, 21, 14, 14, 0, 0, 0, 0, 0, 0, 0, 0, 0, 30]","[0, 2, 2, 1, 1, 3, 5, 2, 9, 5, 4, 70, 66, 45, 53, 15, 50, 37, 70, 33, 0]"
j10,2,stnu,600,True,23,0.8292927742004395,0.013241291046142578,"[0, 0, 0, 2, 2, 3, 6, 6, 14, 6, 4, 0, 0, 0, 0, 0, 0, 0, 0, 0, 23]","""[0, 2, 2, 2, 1, 3, 8, 2, 9, 2, 6, 70, 66, 45, 53, 15, 50, 37, 70, 33, 0]"""
j10,2,proactive_quantile_0.9,600,True,32,0.05912971496582031,0.0009999275207519531,"[0, 3, 0, 0, 6, 9, 14, 14, 21, 14, 14, 0, 0, 0, 0, 0, 0, 0, 0, 0, 70]","""[0, 1, 3, 2, 3, 5, 4, 3, 7, 5, 3, 70, 66, 45, 53, 15, 50, 37, 70, 33, 0]"""
j10,2,reactive,600,True,28,0.05912971496582031,0.08360934257507324,"[0, 3, 0, 0, 6, 9, 14, 14, 21, 14, 14, 0, 0, 0, 0, 0, 0, 0, 0, 0, 28]","[0, 1, 3, 2, 3, 5, 4, 3, 7, 5, 3, 70, 66, 45, 53, 15, 50, 37, 70, 33, 0]"
j10,2,stnu,600,True,23,0.655358076095581,0.013376712799072266,"[0, 0, 0, 6, 3, 6, 11, 11, 16, 11, 11, 0, 0, 0, 0, 0, 0, 0, 0, 0, 23]","""[0, 1, 3, 2, 3, 5, 4, 3, 7, 5, 3, 70, 66, 45, 53, 15, 50, 37, 70, 33, 0]"""
j10,2,proactive_quantile_0.9,600,True,32,0.06947135925292969,0.0010044574737548828,"[0, 3, 0, 0, 6, 9, 14, 14, 21, 14, 14, 0, 0, 0, 0, 0, 0, 0, 0, 0, 70]","""[0, 1, 2, 2, 2, 2, 8, 3, 5, 5, 4, 70, 66, 45, 53, 15, 50, 37, 70, 33, 0]"""
j10,2,reactive,600,False,inf,inf,inf,null,"[0, 1, 2, 2, 2, 2, 8, 3, 5, 5, 4, 70, 66, 45, 53, 15, 50, 37, 70, 33, 0]"
j10,2,stnu,600,True,19,0.7883017063140869,0.013424158096313477,"[0, 0, 0, 4, 2, 4, 6, 6, 14, 6, 6, 0, 0, 0, 0, 0, 0, 0, 0, 0, 19]","""[0, 1, 2, 2, 2, 2, 8, 3, 5, 5, 4, 70, 66, 45, 53, 15, 50, 37, 70, 33, 0]"""
j10,2,proactive_quantile_0.9,600,True,30,0.1606130599975586,0.0010478496551513672,"[0, 0, 0, 3, 3, 6, 11, 11, 20, 11, 7, 0, 0, 0, 0, 0, 0, 0, 0, 0, 70]","""[0, 1, 1, 2, 2, 2, 6, 6, 5, 3, 7, 70, 66, 45, 53, 15, 50, 37, 70, 33, 0]"""
j10,2,reactive,600,True,25,0.1606130599975586,0.13706398010253906,"[0, 0, 0, 3, 3, 6, 11, 11, 20, 11, 7, 0, 0, 0, 0, 0, 0, 0, 0, 0, 25]","[0, 1, 1, 2, 2, 2, 6, 6, 5, 3, 7, 70, 66, 45, 53, 15, 50, 37, 70, 33, 0]"
j10,2,stnu,600,True,23,0.7354249954223633,0.01345062255859375,"[0, 0, 0, 3, 1, 3, 7, 7, 13, 7, 7, 0, 0, 0, 0, 0, 0, 0, 0, 0, 23]","""[0, 1, 1, 1, 2, 4, 6, 3, 10, 5, 5, 70, 66, 45, 53, 15, 50, 37, 70, 33, 0]"""
j10,2,proactive_quantile_0.9,600,True,32,0.059786319732666016,0.001026153564453125,"[0, 3, 0, 0, 6, 9, 14, 14, 21, 14, 14, 0, 0, 0, 0, 0, 0, 0, 0, 0, 70]","""[0, 3, 2, 3, 2, 4, 5, 4, 10, 3, 6, 70, 66, 45, 53, 15, 50, 37, 70, 33, 0]"""
j10,2,reactive,600,True,31,0.059786319732666016,0.08128905296325684,"[0, 3, 0, 0, 6, 9, 14, 14, 21, 14, 14, 0, 0, 0, 0, 0, 0, 0, 0, 0, 31]","[0, 3, 2, 3, 2, 4, 5, 4, 10, 3, 6, 70, 66, 45, 53, 15, 50, 37, 70, 33, 0]"
j10,2,stnu,600,False,inf,0.7306966781616211,inf,[],"""[0, 3, 2, 3, 2, 4, 8, 6, 10, 5, 6, 70, 66, 45, 53, 15, 50, 37, 70, 33, 0]"""
j10,2,proactive_quantile_0.9,600,True,30,0.19048190116882324,0.001066446304321289,"[0, 0, 0, 3, 3, 6, 11, 11, 20, 11, 7, 0, 0, 0, 0, 0, 0, 0, 0, 0, 70]","""[0, 3, 1, 4, 3, 4, 4, 11, 8, 3, 7, 70, 66, 45, 53, 15, 50, 37, 70, 33, 0]"""
j10,2,reactive,600,False,inf,inf,inf,null,"[0, 3, 1, 4, 3, 4, 4, 11, 8, 3, 7, 70, 66, 45, 53, 15, 50, 37, 70, 33, 0]"
j10,2,stnu,600,True,20,0.6897196769714355,0.01355886459350586,"[0, 0, 0, 6, 3, 6, 10, 10, 14, 10, 10, 0, 0, 0, 0, 0, 0, 0, 0, 0, 20]","""[0, 3, 1, 2, 3, 4, 4, 1, 6, 4, 3, 70, 66, 45, 53, 15, 50, 37, 70, 33, 0]"""
j10,2,proactive_quantile_0.9,600,True,30,0.08165764808654785,0.0009562969207763672,"[0, 0, 0, 3, 3, 6, 11, 11, 20, 11, 7, 0, 0, 0, 0, 0, 0, 0, 0, 0, 70]","""[0, 3, 2, 3, 3, 4, 3, 6, 6, 2, 6, 70, 66, 45, 53, 15, 50, 37, 70, 33, 0]"""
j10,2,reactive,600,True,26,0.08165764808654785,0.07987427711486816,"[0, 0, 0, 3, 3, 6, 11, 11, 20, 11, 7, 0, 0, 0, 0, 0, 0, 0, 0, 0, 26]","[0, 3, 2, 3, 3, 4, 3, 6, 6, 2, 6, 70, 66, 45, 53, 15, 50, 37, 70, 33, 0]"
j10,2,stnu,600,True,23,0.740584135055542,0.01306915283203125,"[0, 0, 0, 6, 3, 6, 10, 10, 15, 10, 10, 0, 0, 0, 0, 0, 0, 0, 0, 0, 23]","""[0, 3, 2, 3, 3, 4, 3, 3, 8, 5, 5, 70, 66, 45, 53, 15, 50, 37, 70, 33, 0]"""
j10,2,proactive_quantile_0.9,600,True,32,0.04441523551940918,0.0009696483612060547,"[0, 3, 0, 0, 6, 9, 14, 14, 21, 14, 14, 0, 0, 0, 0, 0, 0, 0, 0, 0, 70]","""[0, 2, 3, 2, 2, 4, 5, 3, 7, 5, 3, 70, 66, 45, 53, 15, 50, 37, 70, 33, 0]"""
j10,2,reactive,600,True,28,0.04441523551940918,0.10864830017089844,"[0, 3, 0, 0, 6, 9, 14, 14, 21, 14, 14, 0, 0, 0, 0, 0, 0, 0, 0, 0, 28]","[0, 2, 3, 2, 2, 4, 5, 3, 7, 5, 3, 70, 66, 45, 53, 15, 50, 37, 70, 33, 0]"
j10,2,stnu,600,True,21,0.6351268291473389,0.01339101791381836,"[0, 0, 0, 5, 3, 5, 9, 9, 14, 9, 9, 0, 0, 0, 0, 0, 0, 0, 0, 0, 21]","""[0, 2, 3, 2, 2, 4, 5, 3, 7, 5, 3, 70, 66, 45, 53, 15, 50, 37, 70, 33, 0]"""
j10,2,proactive_quantile_0.9,600,True,22,0.06377100944519043,0.0010809898376464844,"[0, 0, 0, 0, 4, 4, 4, 7, 10, 17, 9, 0, 0, 0, 0, 0, 0, 0, 0, 0, 0, 84]","""[0, 5, 3, 1, 3, 3, 3, 5, 1, 5, 7, 68, 20, 84, 26, 19, 22, 72, 76, 56, 83, 0]"""
j10,2,reactive,600,True,17,0.06377100944519043,0.0841360092163086,"[0, 0, 0, 0, 4, 4, 4, 7, 10, 12, 9, 0, 0, 0, 0, 0, 0, 0, 0, 0, 0, 17]","[0, 5, 3, 1, 3, 3, 3, 5, 1, 5, 7, 68, 20, 84, 26, 19, 22, 72, 76, 56, 83, 0]"
j10,2,stnu,600,True,27,0.6489839553833008,0.013872385025024414,"[0, 0, 0, 0, 3, 3, 2, 13, 11, 20, 3, 0, 0, 0, 0, 0, 0, 0, 0, 0, 0, 27]","""[0, 11, 3, 2, 6, 7, 11, 7, 7, 7, 8, 68, 20, 84, 26, 19, 22, 72, 76, 56, 83, 0]"""
j10,2,proactive_quantile_0.9,600,True,37,0.048753976821899414,0.0011425018310546875,"[0, 0, 0, 0, 4, 4, 4, 15, 14, 26, 4, 0, 0, 0, 0, 0, 0, 0, 0, 0, 0, 84]","""[0, 10, 2, 4, 8, 6, 11, 8, 7, 10, 7, 68, 20, 84, 26, 19, 22, 72, 76, 56, 83, 0]"""
j10,2,reactive,600,True,36,0.048753976821899414,0.08292078971862793,"[0, 0, 0, 0, 4, 4, 4, 15, 14, 26, 4, 0, 0, 0, 0, 0, 0, 0, 0, 0, 0, 36]","[0, 10, 2, 4, 8, 6, 11, 8, 7, 10, 7, 68, 20, 84, 26, 19, 22, 72, 76, 56, 83, 0]"
j10,2,stnu,600,True,31,0.8021738529205322,0.013944625854492188,"[0, 0, 0, 0, 2, 2, 2, 13, 10, 21, 2, 0, 0, 0, 0, 0, 0, 0, 0, 0, 0, 31]","""[0, 10, 2, 2, 8, 6, 11, 8, 7, 10, 7, 68, 20, 84, 26, 19, 22, 72, 76, 56, 83, 0]"""
j10,2,proactive_quantile_0.9,600,True,37,0.06649398803710938,0.001130819320678711,"[0, 0, 0, 0, 4, 4, 4, 15, 14, 26, 4, 0, 0, 0, 0, 0, 0, 0, 0, 0, 0, 84]","""[0, 9, 3, 4, 8, 6, 8, 12, 3, 11, 8, 68, 20, 84, 26, 19, 22, 72, 76, 56, 83, 0]"""
j10,2,reactive,600,True,38,0.06649398803710938,0.08225727081298828,"[0, 0, 0, 0, 4, 4, 4, 15, 14, 27, 4, 0, 0, 0, 0, 0, 0, 0, 0, 0, 0, 38]","[0, 9, 3, 4, 8, 6, 8, 12, 3, 11, 8, 68, 20, 84, 26, 19, 22, 72, 76, 56, 83, 0]"
j10,2,stnu,600,True,34,0.6287834644317627,0.013887643814086914,"[0, 0, 0, 0, 3, 3, 2, 11, 11, 23, 3, 0, 0, 0, 0, 0, 0, 0, 0, 0, 0, 34]","""[0, 9, 3, 2, 8, 6, 8, 12, 3, 11, 8, 68, 20, 84, 26, 19, 22, 72, 76, 56, 83, 0]"""
j10,2,proactive_quantile_0.9,600,True,28,0.12212681770324707,0.0011532306671142578,"[0, 0, 0, 0, 4, 4, 4, 7, 12, 17, 10, 0, 0, 0, 0, 0, 0, 0, 0, 0, 0, 84]","""[0, 12, 4, 3, 2, 4, 2, 7, 6, 9, 6, 68, 20, 84, 26, 19, 22, 72, 76, 56, 83, 0]"""
j10,2,reactive,600,True,26,0.12212681770324707,0.10520005226135254,"[0, 0, 0, 0, 4, 4, 4, 7, 12, 17, 10, 0, 0, 0, 0, 0, 0, 0, 0, 0, 0, 26]","[0, 12, 4, 3, 2, 4, 2, 7, 6, 9, 6, 68, 20, 84, 26, 19, 22, 72, 76, 56, 83, 0]"
j10,2,stnu,600,True,29,0.6497647762298584,0.013814210891723633,"[0, 0, 0, 0, 4, 4, 3, 12, 11, 20, 4, 0, 0, 0, 0, 0, 0, 0, 0, 0, 0, 29]","""[0, 9, 4, 3, 7, 7, 9, 8, 6, 9, 6, 68, 20, 84, 26, 19, 22, 72, 76, 56, 83, 0]"""
j10,2,proactive_quantile_0.9,600,True,22,0.04036426544189453,0.0011606216430664062,"[0, 0, 0, 0, 4, 4, 4, 7, 10, 17, 9, 0, 0, 0, 0, 0, 0, 0, 0, 0, 0, 84]","""[0, 7, 3, 2, 1, 4, 3, 8, 3, 3, 4, 68, 20, 84, 26, 19, 22, 72, 76, 56, 83, 0]"""
j10,2,reactive,600,True,20,0.04036426544189453,0.10965299606323242,"[0, 0, 0, 0, 4, 4, 4, 7, 10, 17, 9, 0, 0, 0, 0, 0, 0, 0, 0, 0, 0, 20]","[0, 7, 3, 2, 1, 4, 3, 8, 3, 3, 4, 68, 20, 84, 26, 19, 22, 72, 76, 56, 83, 0]"
j10,2,stnu,600,True,31,0.7187597751617432,0.013615608215332031,"[0, 0, 0, 0, 3, 3, 3, 12, 10, 20, 3, 0, 0, 0, 0, 0, 0, 0, 0, 0, 0, 31]","""[0, 7, 3, 3, 7, 7, 9, 8, 5, 11, 9, 68, 20, 84, 26, 19, 22, 72, 76, 56, 83, 0]"""
j10,2,proactive_quantile_0.9,600,True,22,0.061486005783081055,0.0011320114135742188,"[0, 0, 0, 0, 4, 4, 4, 7, 10, 17, 9, 0, 0, 0, 0, 0, 0, 0, 0, 0, 0, 84]","""[0, 7, 2, 3, 2, 4, 3, 5, 1, 3, 4, 68, 20, 84, 26, 19, 22, 72, 76, 56, 83, 0]"""
j10,2,reactive,600,True,15,0.061486005783081055,0.10104846954345703,"[0, 0, 0, 0, 4, 4, 4, 7, 10, 12, 9, 0, 0, 0, 0, 0, 0, 0, 0, 0, 0, 15]","[0, 7, 2, 3, 2, 4, 3, 5, 1, 3, 4, 68, 20, 84, 26, 19, 22, 72, 76, 56, 83, 0]"
j10,2,stnu,600,True,16,0.6318538188934326,0.013631820678710938,"[0, 0, 0, 0, 3, 3, 3, 7, 10, 13, 7, 0, 0, 0, 0, 0, 0, 0, 0, 0, 0, 16]","""[0, 9, 7, 3, 7, 6, 3, 6, 1, 3, 4, 68, 20, 84, 26, 19, 22, 72, 76, 56, 83, 0]"""
j10,2,proactive_quantile_0.9,600,True,22,0.058547258377075195,0.0010976791381835938,"[0, 0, 0, 0, 4, 4, 4, 7, 10, 17, 9, 0, 0, 0, 0, 0, 0, 0, 0, 0, 0, 84]","""[0, 6, 4, 2, 2, 3, 1, 9, 2, 4, 6, 68, 20, 84, 26, 19, 22, 72, 76, 56, 83, 0]"""
j10,2,reactive,600,True,21,0.058547258377075195,0.12801718711853027,"[0, 0, 0, 0, 4, 4, 4, 7, 10, 17, 9, 0, 0, 0, 0, 0, 0, 0, 0, 0, 0, 21]","[0, 6, 4, 2, 2, 3, 1, 9, 2, 4, 6, 68, 20, 84, 26, 19, 22, 72, 76, 56, 83, 0]"
j10,2,stnu,600,True,30,0.669687032699585,0.014033079147338867,"[0, 0, 0, 0, 4, 4, 2, 13, 13, 21, 4, 0, 0, 0, 0, 0, 0, 0, 0, 0, 0, 30]","""[0, 9, 4, 2, 9, 6, 10, 8, 7, 9, 10, 68, 20, 84, 26, 19, 22, 72, 76, 56, 83, 0]"""
j10,2,proactive_quantile_0.9,600,False,inf,0.16855263710021973,inf,"[0, 0, 0, 0, 4, 4, 4, 7, 10, 17, 9, 0, 0, 0, 0, 0, 0, 0, 0, 0, 0, 84]","""[0, 4, 2, 1, 2, 7, 1, 9, 3, 4, 6, 68, 20, 84, 26, 19, 22, 72, 76, 56, 83, 0]"""
j10,2,reactive,600,False,inf,inf,inf,null,"[0, 4, 2, 1, 2, 7, 1, 9, 3, 4, 6, 68, 20, 84, 26, 19, 22, 72, 76, 56, 83, 0]"
j10,2,stnu,600,True,31,0.6509714126586914,0.01385354995727539,"[0, 0, 0, 0, 3, 3, 3, 13, 8, 21, 3, 0, 0, 0, 0, 0, 0, 0, 0, 0, 0, 31]","""[0, 8, 2, 3, 5, 4, 10, 8, 7, 10, 10, 68, 20, 84, 26, 19, 22, 72, 76, 56, 83, 0]"""
j10,2,proactive_quantile_0.9,600,True,22,0.07907795906066895,0.0011005401611328125,"[0, 0, 0, 0, 4, 4, 4, 7, 10, 17, 9, 0, 0, 0, 0, 0, 0, 0, 0, 0, 0, 84]","""[0, 8, 2, 3, 2, 1, 3, 6, 2, 2, 6, 68, 20, 84, 26, 19, 22, 72, 76, 56, 83, 0]"""
j10,2,reactive,600,True,15,0.07907795906066895,0.10935068130493164,"[0, 0, 0, 0, 4, 4, 4, 7, 10, 13, 9, 0, 0, 0, 0, 0, 0, 0, 0, 0, 0, 15]","[0, 8, 2, 3, 2, 1, 3, 6, 2, 2, 6, 68, 20, 84, 26, 19, 22, 72, 76, 56, 83, 0]"
j10,2,stnu,600,True,31,0.6597671508789062,0.013824939727783203,"[0, 0, 0, 0, 3, 3, 3, 11, 10, 20, 3, 0, 0, 0, 0, 0, 0, 0, 0, 0, 0, 31]","""[0, 8, 2, 3, 7, 6, 8, 9, 4, 11, 6, 68, 20, 84, 26, 19, 22, 72, 76, 56, 83, 0]"""
j10,2,proactive_quantile_0.9,600,True,22,0.05642056465148926,0.001087188720703125,"[0, 0, 0, 0, 4, 4, 4, 7, 10, 17, 9, 0, 0, 0, 0, 0, 0, 0, 0, 0, 0, 84]","""[0, 6, 3, 3, 1, 3, 3, 9, 1, 4, 3, 68, 20, 84, 26, 19, 22, 72, 76, 56, 83, 0]"""
j10,2,reactive,600,True,21,0.05642056465148926,0.13110589981079102,"[0, 0, 0, 0, 4, 4, 4, 7, 10, 17, 9, 0, 0, 0, 0, 0, 0, 0, 0, 0, 0, 21]","[0, 6, 3, 3, 1, 3, 3, 9, 1, 4, 3, 68, 20, 84, 26, 19, 22, 72, 76, 56, 83, 0]"
j10,2,stnu,600,True,19,0.728468656539917,0.013642311096191406,"[0, 0, 0, 0, 3, 3, 3, 4, 10, 13, 4, 0, 0, 0, 0, 0, 0, 0, 0, 0, 0, 19]","""[0, 10, 3, 3, 1, 5, 1, 9, 1, 6, 3, 68, 20, 84, 26, 19, 22, 72, 76, 56, 83, 0]"""
j10,2,stnu,600,False,inf,0.7405898571014404,inf,[],"""[0, 1, 7, 4, 5, 9, 4, 8, 7, 4, 1, 3, 15, 36, 67, 39, 26, 59, 0]"""
j10,2,stnu,600,False,inf,0.6555252075195312,inf,[],"""[0, 3, 8, 3, 6, 6, 4, 5, 6, 5, 4, 3, 15, 36, 67, 39, 26, 59, 0]"""
j10,2,stnu,600,False,inf,0.6486036777496338,inf,[],"""[0, 3, 11, 8, 7, 7, 6, 5, 8, 6, 1, 3, 15, 36, 67, 39, 26, 59, 0]"""
j10,2,stnu,600,False,inf,0.7204790115356445,inf,[],"""[0, 2, 9, 6, 10, 1, 4, 7, 11, 2, 3, 3, 15, 36, 67, 39, 26, 59, 0]"""
j10,2,stnu,600,False,inf,0.7640576362609863,inf,[],"""[0, 2, 8, 5, 8, 5, 6, 4, 5, 5, 2, 3, 15, 36, 67, 39, 26, 59, 0]"""
j10,2,stnu,600,False,inf,0.7146854400634766,inf,[],"""[0, 3, 10, 5, 5, 3, 6, 3, 6, 5, 3, 3, 15, 36, 67, 39, 26, 59, 0]"""
j10,2,stnu,600,False,inf,0.613835334777832,inf,[],"""[0, 3, 9, 5, 5, 6, 4, 5, 6, 7, 2, 3, 15, 36, 67, 39, 26, 59, 0]"""
j10,2,stnu,600,False,inf,0.7318675518035889,inf,[],"""[0, 2, 9, 9, 6, 3, 4, 6, 5, 8, 2, 3, 15, 36, 67, 39, 26, 59, 0]"""
j10,2,stnu,600,False,inf,1.0087664127349854,inf,[],"""[0, 1, 7, 7, 8, 1, 3, 6, 9, 2, 2, 3, 15, 36, 67, 39, 26, 59, 0]"""
j10,2,stnu,600,False,inf,0.6296067237854004,inf,[],"""[0, 1, 10, 2, 5, 4, 4, 6, 4, 6, 3, 3, 15, 36, 67, 39, 26, 59, 0]"""
j10,2,proactive_quantile_0.9,600,True,35,0.14530277252197266,0.0002903938293457031,"[0, 0, 0, 0, 4, 8, 17, 20, 8, 13, 24, 0, 61]","""[0, 1, 2, 5, 2, 2, 2, 3, 4, 4, 9, 61, 0]"""
j10,2,reactive,600,True,33,0.14530277252197266,0.1279134750366211,"[0, 0, 0, 0, 4, 8, 17, 20, 8, 13, 24, 0, 33]","[0, 1, 2, 5, 2, 2, 2, 3, 4, 4, 9, 61, 0]"
j10,2,stnu,600,True,26,0.6224865913391113,0.005463123321533203,"[0, 0, 0, 0, 4, 9, 11, 17, 9, 11, 23, 0, 26]","""[0, 4, 2, 4, 5, 2, 6, 6, 4, 5, 3, 61, 0]"""
j10,2,proactive_quantile_0.9,600,True,38,0.07235002517700195,0.00029921531677246094,"[0, 0, 0, 0, 5, 12, 17, 24, 12, 17, 31, 0, 61]","""[0, 5, 2, 5, 7, 5, 6, 7, 6, 4, 6, 61, 0]"""
j10,2,reactive,600,True,37,0.07235002517700195,0.06179523468017578,"[0, 0, 0, 0, 5, 12, 17, 24, 12, 17, 31, 0, 37]","[0, 5, 2, 5, 7, 5, 6, 7, 6, 4, 6, 61, 0]"
j10,2,stnu,600,True,36,0.661980390548706,0.005295276641845703,"[0, 0, 0, 0, 5, 12, 17, 23, 12, 17, 30, 0, 36]","""[0, 5, 2, 5, 7, 5, 6, 7, 6, 4, 6, 61, 0]"""
j10,2,proactive_quantile_0.9,600,True,38,0.053345680236816406,0.0003197193145751953,"[0, 0, 0, 0, 5, 12, 17, 24, 12, 17, 31, 0, 61]","""[0, 2, 3, 4, 5, 4, 8, 6, 4, 6, 4, 61, 0]"""
j10,2,reactive,600,False,inf,inf,inf,null,"[0, 2, 3, 4, 5, 4, 8, 6, 4, 6, 4, 61, 0]"
j10,2,stnu,600,True,30,0.6413953304290771,0.0053253173828125,"[0, 0, 0, 0, 3, 8, 12, 20, 8, 12, 26, 0, 30]","""[0, 2, 3, 4, 5, 4, 8, 6, 4, 6, 4, 61, 0]"""
j10,2,proactive_quantile_0.9,600,True,26,0.06735777854919434,0.00027489662170410156,"[0, 0, 0, 0, 4, 8, 13, 16, 8, 13, 20, 0, 61]","""[0, 2, 2, 7, 3, 4, 2, 1, 2, 7, 3, 61, 0]"""
j10,2,reactive,600,True,20,0.06735777854919434,0.09160852432250977,"[0, 0, 0, 0, 4, 8, 13, 16, 8, 13, 17, 0, 20]","[0, 2, 2, 7, 3, 4, 2, 1, 2, 7, 3, 61, 0]"
j10,2,stnu,600,True,29,0.6107995510101318,0.005424022674560547,"[0, 0, 0, 0, 2, 6, 10, 17, 7, 10, 23, 0, 29]","""[0, 2, 2, 7, 4, 4, 7, 6, 4, 7, 6, 61, 0]"""
j10,2,proactive_quantile_0.9,600,True,38,0.06974148750305176,0.0003001689910888672,"[0, 0, 0, 0, 5, 12, 17, 24, 12, 17, 31, 0, 61]","""[0, 2, 3, 4, 5, 5, 4, 5, 4, 6, 6, 61, 0]"""
j10,2,reactive,600,True,37,0.06974148750305176,0.1214742660522461,"[0, 0, 0, 0, 5, 12, 17, 24, 12, 17, 31, 0, 37]","[0, 2, 3, 4, 5, 5, 4, 5, 4, 6, 6, 61, 0]"
j10,2,stnu,600,True,30,0.6355006694793701,0.005341291427612305,"[0, 0, 0, 0, 3, 8, 13, 19, 8, 13, 24, 0, 30]","""[0, 2, 3, 4, 5, 5, 4, 5, 4, 6, 6, 61, 0]"""
j10,2,proactive_quantile_0.9,600,True,38,0.0667123794555664,0.0003116130828857422,"[0, 0, 0, 0, 5, 12, 17, 24, 12, 17, 31, 0, 61]","""[0, 3, 3, 8, 4, 4, 7, 6, 4, 6, 4, 61, 0]"""
j10,2,reactive,600,True,35,0.0667123794555664,0.11757493019104004,"[0, 0, 0, 0, 5, 12, 17, 24, 12, 17, 31, 0, 35]","[0, 3, 3, 8, 4, 4, 7, 6, 4, 6, 4, 61, 0]"
j10,2,stnu,600,True,28,0.6172881126403809,0.005293369293212891,"[0, 0, 0, 0, 3, 7, 11, 18, 8, 11, 24, 0, 28]","""[0, 3, 3, 8, 4, 4, 7, 6, 4, 6, 4, 61, 0]"""
j10,2,proactive_quantile_0.9,600,True,26,0.05331563949584961,0.000278472900390625,"[0, 0, 0, 0, 4, 8, 13, 16, 8, 13, 20, 0, 61]","""[0, 2, 2, 8, 1, 5, 2, 3, 3, 7, 4, 61, 0]"""
j10,2,reactive,600,True,24,0.05331563949584961,0.08915996551513672,"[0, 0, 0, 0, 4, 8, 13, 16, 8, 13, 20, 0, 24]","[0, 2, 2, 8, 1, 5, 2, 3, 3, 7, 4, 61, 0]"
j10,2,stnu,600,True,27,0.6151626110076904,0.0053806304931640625,"[0, 0, 0, 0, 3, 7, 12, 19, 8, 12, 24, 0, 27]","""[0, 3, 2, 8, 4, 5, 5, 5, 6, 7, 3, 61, 0]"""
j10,2,proactive_quantile_0.9,600,True,26,0.14659976959228516,0.0003142356872558594,"[0, 0, 0, 0, 4, 8, 13, 16, 11, 20, 20, 0, 61]","""[0, 4, 2, 12, 3, 3, 1, 2, 8, 5, 1, 61, 0]"""
j10,2,reactive,600,False,inf,inf,inf,null,"[0, 4, 2, 12, 3, 3, 1, 2, 8, 5, 1, 61, 0]"
j10,2,stnu,600,True,33,0.6612696647644043,0.005338191986083984,"[0, 0, 0, 0, 5, 11, 14, 20, 11, 14, 28, 0, 33]","""[0, 5, 3, 4, 6, 3, 5, 8, 8, 6, 5, 61, 0]"""
j10,2,proactive_quantile_0.9,600,True,38,0.07705521583557129,0.00030112266540527344,"[0, 0, 0, 0, 5, 12, 17, 24, 12, 17, 31, 0, 61]","""[0, 5, 2, 7, 5, 2, 5, 4, 5, 5, 3, 61, 0]"""
j10,2,reactive,600,True,31,0.07705521583557129,0.09872627258300781,"[0, 0, 0, 0, 5, 12, 17, 24, 12, 17, 28, 0, 31]","[0, 5, 2, 7, 5, 2, 5, 4, 5, 5, 3, 61, 0]"
j10,2,stnu,600,True,24,0.8042011260986328,0.00530695915222168,"[0, 0, 0, 0, 5, 10, 12, 17, 10, 12, 21, 0, 24]","""[0, 5, 2, 7, 5, 2, 5, 4, 5, 5, 3, 61, 0]"""
j10,2,proactive_quantile_0.9,600,True,26,0.05127239227294922,0.00027823448181152344,"[0, 0, 0, 0, 4, 8, 13, 16, 8, 13, 20, 0, 61]","""[0, 4, 3, 7, 2, 3, 3, 3, 1, 7, 5, 61, 0]"""
j10,2,reactive,600,True,25,0.05127239227294922,0.06287980079650879,"[0, 0, 0, 0, 4, 8, 13, 16, 8, 13, 20, 0, 25]","[0, 4, 3, 7, 2, 3, 3, 3, 1, 7, 5, 61, 0]"
j10,2,stnu,600,True,31,0.6183884143829346,0.00529789924621582,"[0, 0, 0, 0, 5, 10, 13, 20, 10, 13, 26, 0, 31]","""[0, 5, 3, 7, 5, 3, 7, 6, 6, 7, 5, 61, 0]"""
j10,2,proactive_quantile_0.9,600,True,40,0.06174802780151367,0.00047087669372558594,"[0, 5, 0, 0, 14, 25, 5, 5, 29, 25, 7, 0, 0, 0, 84]","""[0, 4, 6, 4, 12, 2, 7, 10, 8, 3, 4, 51, 12, 84, 0]"""
j10,2,reactive,600,False,inf,inf,inf,null,"[0, 4, 6, 4, 12, 2, 7, 10, 8, 3, 4, 51, 12, 84, 0]"
j10,2,stnu,600,True,30,0.7929897308349609,0.0066144466400146484,"[0, 4, 0, 0, 8, 20, 4, 4, 22, 20, 6, 0, 0, 0, 30]","""[0, 4, 6, 4, 12, 2, 3, 10, 8, 3, 4, 51, 12, 84, 0]"""
j10,2,proactive_quantile_0.9,600,True,40,0.05642127990722656,0.00048804283142089844,"[0, 5, 0, 0, 14, 25, 5, 5, 29, 25, 7, 0, 0, 0, 84]","""[0, 6, 2, 3, 12, 2, 2, 8, 10, 5, 2, 51, 12, 84, 0]"""
j10,2,reactive,600,False,inf,inf,inf,null,"[0, 6, 2, 3, 12, 2, 2, 8, 10, 5, 2, 51, 12, 84, 0]"
j10,2,stnu,600,True,33,0.611290693283081,0.006677150726318359,"[0, 3, 0, 0, 9, 21, 3, 3, 23, 21, 3, 0, 0, 0, 33]","""[0, 6, 2, 3, 12, 2, 3, 8, 10, 5, 2, 51, 12, 84, 0]"""
j10,2,proactive_quantile_0.9,600,True,30,0.07580804824829102,0.00047469139099121094,"[0, 0, 0, 0, 12, 16, 5, 6, 19, 16, 5, 0, 0, 0, 84]","""[0, 5, 1, 3, 2, 3, 5, 8, 10, 6, 8, 51, 12, 84, 0]"""
j10,2,reactive,600,True,29,0.07580804824829102,0.12021064758300781,"[0, 0, 0, 0, 12, 16, 5, 6, 19, 16, 5, 0, 0, 0, 29]","[0, 5, 1, 3, 2, 3, 5, 8, 10, 6, 8, 51, 12, 84, 0]"
j10,2,stnu,600,True,17,0.6549968719482422,0.006613016128540039,"[0, 3, 0, 0, 6, 8, 3, 3, 11, 11, 6, 0, 0, 0, 17]","""[0, 3, 1, 3, 2, 3, 3, 8, 3, 6, 8, 51, 12, 84, 0]"""
j10,2,proactive_quantile_0.9,600,True,27,0.14922380447387695,0.00045108795166015625,"[0, 0, 0, 0, 9, 13, 5, 9, 16, 19, 5, 0, 0, 0, 84]","""[0, 7, 4, 4, 4, 2, 3, 6, 7, 5, 2, 51, 12, 84, 0]"""
j10,2,reactive,600,True,24,0.14922380447387695,0.11847543716430664,"[0, 0, 0, 0, 9, 13, 5, 9, 16, 19, 5, 0, 0, 0, 24]","[0, 7, 4, 4, 4, 2, 3, 6, 7, 5, 2, 51, 12, 84, 0]"
j10,2,stnu,600,True,30,0.6014716625213623,0.006563425064086914,"[0, 4, 0, 0, 11, 20, 4, 4, 23, 20, 5, 0, 0, 0, 30]","""[0, 7, 5, 4, 9, 3, 6, 9, 7, 5, 6, 51, 12, 84, 0]"""
j10,2,proactive_quantile_0.9,600,True,40,0.056418418884277344,0.0004718303680419922,"[0, 5, 0, 0, 14, 25, 5, 5, 29, 25, 7, 0, 0, 0, 84]","""[0, 5, 5, 1, 11, 1, 7, 7, 9, 5, 7, 51, 12, 84, 0]"""
j10,2,reactive,600,True,38,0.056418418884277344,0.10048723220825195,"[0, 5, 0, 0, 14, 25, 5, 5, 29, 25, 7, 0, 0, 0, 38]","[0, 5, 5, 1, 11, 1, 7, 7, 9, 5, 7, 51, 12, 84, 0]"
j10,2,stnu,600,True,27,0.6138863563537598,0.006543636322021484,"[0, 1, 0, 0, 6, 17, 1, 1, 18, 17, 5, 0, 0, 0, 27]","""[0, 5, 5, 1, 11, 1, 2, 7, 9, 5, 7, 51, 12, 84, 0]"""
j10,2,proactive_quantile_0.9,600,True,21,0.03854250907897949,0.0004322528839111328,"[0, 5, 0, 0, 9, 13, 5, 5, 16, 15, 5, 0, 0, 0, 84]","""[0, 4, 4, 3, 2, 1, 3, 8, 2, 3, 2, 51, 12, 84, 0]"""
j10,2,reactive,600,True,18,0.03854250907897949,0.1198129653930664,"[0, 5, 0, 0, 9, 13, 5, 5, 14, 15, 5, 0, 0, 0, 18]","[0, 4, 4, 3, 2, 1, 3, 8, 2, 3, 2, 51, 12, 84, 0]"
j10,2,stnu,600,True,27,0.6188795566558838,0.006597280502319336,"[0, 3, 0, 0, 7, 15, 3, 3, 17, 15, 5, 0, 0, 0, 27]","""[0, 4, 5, 3, 8, 2, 3, 5, 10, 3, 5, 51, 12, 84, 0]"""
j10,2,proactive_quantile_0.9,600,True,21,0.04652118682861328,0.0005195140838623047,"[0, 5, 0, 0, 9, 13, 5, 5, 16, 15, 5, 0, 0, 0, 84]","""[0, 2, 4, 3, 2, 3, 4, 9, 3, 3, 3, 51, 12, 84, 0]"""
j10,2,reactive,600,True,19,0.04652118682861328,0.1654198169708252,"[0, 5, 0, 0, 9, 13, 5, 5, 16, 15, 5, 0, 0, 0, 19]","[0, 2, 4, 3, 2, 3, 4, 9, 3, 3, 3, 51, 12, 84, 0]"
j10,2,stnu,600,True,29,0.8930284976959229,0.00679326057434082,"[0, 3, 0, 0, 9, 18, 3, 3, 21, 18, 9, 0, 0, 0, 29]","""[0, 5, 9, 3, 9, 3, 4, 11, 8, 5, 5, 51, 12, 84, 0]"""
j10,2,proactive_quantile_0.9,600,True,27,0.15011310577392578,0.0004780292510986328,"[0, 0, 0, 0, 9, 13, 5, 9, 16, 19, 5, 0, 0, 0, 84]","""[0, 5, 4, 3, 3, 1, 4, 7, 11, 3, 4, 51, 12, 84, 0]"""
j10,2,reactive,600,True,27,0.15011310577392578,0.11598992347717285,"[0, 0, 0, 0, 9, 13, 5, 9, 16, 16, 5, 0, 0, 0, 27]","[0, 5, 4, 3, 3, 1, 4, 7, 11, 3, 4, 51, 12, 84, 0]"
j10,2,stnu,600,True,34,0.6802389621734619,0.006793022155761719,"[0, 3, 0, 0, 11, 20, 3, 3, 23, 20, 5, 0, 0, 0, 34]","""[0, 8, 5, 3, 9, 3, 5, 6, 11, 3, 6, 51, 12, 84, 0]"""
j10,2,proactive_quantile_0.9,600,True,21,0.18754911422729492,0.0005033016204833984,"[0, 5, 0, 0, 9, 13, 5, 5, 16, 15, 5, 0, 0, 0, 84]","""[0, 3, 3, 4, 2, 2, 6, 5, 4, 4, 2, 51, 12, 84, 0]"""
j10,2,reactive,600,True,20,0.18754911422729492,0.14563441276550293,"[0, 5, 0, 0, 9, 13, 5, 5, 16, 15, 5, 0, 0, 0, 20]","[0, 3, 3, 4, 2, 2, 6, 5, 4, 4, 2, 51, 12, 84, 0]"
j10,2,stnu,600,True,33,0.7285561561584473,0.006749868392944336,"[0, 4, 0, 0, 11, 20, 4, 4, 22, 20, 4, 0, 0, 0, 33]","""[0, 7, 4, 4, 9, 2, 6, 11, 11, 6, 5, 51, 12, 84, 0]"""
j10,2,proactive_quantile_0.9,600,True,21,0.04478740692138672,0.0004405975341796875,"[0, 5, 0, 0, 9, 13, 5, 5, 16, 15, 5, 0, 0, 0, 84]","""[0, 2, 4, 3, 2, 2, 5, 8, 5, 2, 3, 51, 12, 84, 0]"""
j10,2,reactive,600,True,20,0.04478740692138672,0.10572052001953125,"[0, 5, 0, 0, 9, 13, 5, 5, 15, 13, 5, 0, 0, 0, 20]","[0, 2, 4, 3, 2, 2, 5, 8, 5, 2, 3, 51, 12, 84, 0]"
j10,2,stnu,600,True,34,0.6562845706939697,0.006734371185302734,"[0, 3, 0, 0, 10, 23, 3, 3, 25, 23, 6, 0, 0, 0, 34]","""[0, 7, 6, 3, 13, 2, 5, 9, 9, 4, 4, 51, 12, 84, 0]"""
j10,2,proactive_quantile_0.9,600,True,19,0.16501283645629883,0.0002377033233642578,"[0, 0, 0, 0, 5, 3, 5, 9, 12, 12, 12, 0, 0, 21]","""[0, 4, 12, 2, 5, 2, 3, 2, 4, 2, 6, 21, 21, 0]"""
j10,2,reactive,600,True,18,0.16501283645629883,0.09308552742004395,"[0, 0, 0, 0, 5, 3, 5, 9, 12, 12, 12, 0, 0, 18]","[0, 4, 12, 2, 5, 2, 3, 2, 4, 2, 6, 21, 21, 0]"
j10,2,stnu,600,False,inf,0.7296707630157471,inf,[],"""[0, 4, 7, 2, 1, 2, 3, 2, 5, 2, 6, 21, 21, 0]"""
j10,2,proactive_quantile_0.9,600,True,20,0.050603628158569336,0.00023126602172851562,"[0, 0, 0, 0, 5, 5, 5, 11, 14, 8, 8, 0, 0, 21]","""[0, 3, 4, 2, 2, 3, 2, 2, 4, 2, 3, 21, 21, 0]"""
j10,2,reactive,600,True,17,0.050603628158569336,0.11049866676330566,"[0, 0, 0, 0, 5, 5, 5, 11, 13, 8, 8, 0, 0, 17]","[0, 3, 4, 2, 2, 3, 2, 2, 4, 2, 3, 21, 21, 0]"
j10,2,stnu,600,False,inf,0.5283181667327881,inf,[],"""[0, 3, 4, 2, 2, 3, 2, 2, 4, 2, 3, 21, 21, 0]"""
j10,2,proactive_quantile_0.9,600,True,19,0.2539370059967041,0.0002505779266357422,"[0, 0, 0, 0, 5, 3, 5, 9, 12, 12, 12, 0, 0, 21]","""[0, 4, 9, 3, 4, 6, 1, 3, 3, 3, 8, 21, 21, 0]"""
j10,2,reactive,600,True,20,0.2539370059967041,0.06126523017883301,"[0, 0, 0, 0, 5, 3, 5, 9, 12, 12, 12, 0, 0, 20]","[0, 4, 9, 3, 4, 6, 1, 3, 3, 3, 8, 21, 21, 0]"
j10,2,stnu,600,False,inf,0.5707108974456787,inf,[],"""[0, 4, 5, 3, 3, 6, 1, 3, 3, 6, 8, 21, 21, 0]"""
j10,2,proactive_quantile_0.9,600,True,20,0.054050445556640625,0.00024390220642089844,"[0, 0, 0, 0, 5, 5, 5, 11, 14, 8, 8, 0, 0, 21]","""[0, 3, 5, 2, 3, 4, 1, 2, 4, 3, 5, 21, 21, 0]"""
j10,2,reactive,600,True,18,0.054050445556640625,0.10985922813415527,"[0, 0, 0, 0, 5, 5, 5, 11, 14, 8, 8, 0, 0, 18]","[0, 3, 5, 2, 3, 4, 1, 2, 4, 3, 5, 21, 21, 0]"
j10,2,stnu,600,False,inf,0.6185121536254883,inf,[],"""[0, 3, 5, 2, 3, 4, 1, 2, 4, 3, 5, 21, 21, 0]"""
j10,2,proactive_quantile_0.9,600,True,20,0.051241159439086914,0.00023365020751953125,"[0, 0, 0, 0, 5, 5, 5, 11, 14, 8, 8, 0, 0, 21]","""[0, 5, 6, 2, 3, 4, 2, 2, 6, 2, 4, 21, 21, 0]"""
j10,2,reactive,600,True,19,0.051241159439086914,0.07657241821289062,"[0, 0, 0, 0, 5, 5, 5, 11, 13, 8, 8, 0, 0, 19]","[0, 5, 6, 2, 3, 4, 2, 2, 6, 2, 4, 21, 21, 0]"
j10,2,stnu,600,False,inf,0.6182494163513184,inf,[],"""[0, 5, 6, 2, 3, 4, 2, 2, 6, 2, 4, 21, 21, 0]"""
j10,2,proactive_quantile_0.9,600,True,19,0.2873728275299072,0.00026226043701171875,"[0, 0, 0, 0, 5, 3, 5, 9, 12, 12, 12, 0, 0, 21]","""[0, 3, 11, 3, 7, 3, 1, 1, 5, 2, 4, 21, 21, 0]"""
j10,2,reactive,600,True,17,0.2873728275299072,0.09082770347595215,"[0, 0, 0, 0, 5, 3, 5, 9, 12, 12, 12, 0, 0, 17]","[0, 3, 11, 3, 7, 3, 1, 1, 5, 2, 4, 21, 21, 0]"
j10,2,stnu,600,False,inf,0.5771820545196533,inf,[],"""[0, 3, 4, 3, 1, 3, 1, 1, 4, 2, 4, 21, 21, 0]"""
j10,2,proactive_quantile_0.9,600,True,19,0.26575326919555664,0.00022649765014648438,"[0, 0, 0, 0, 5, 3, 5, 9, 12, 12, 12, 0, 0, 21]","""[0, 6, 10, 3, 4, 2, 3, 3, 2, 3, 3, 21, 21, 0]"""
j10,2,reactive,600,False,inf,inf,inf,null,"[0, 6, 10, 3, 4, 2, 3, 3, 2, 3, 3, 21, 21, 0]"
j10,2,stnu,600,False,inf,0.6010777950286865,inf,[],"""[0, 6, 6, 3, 3, 2, 3, 3, 4, 3, 3, 21, 21, 0]"""
j10,2,proactive_quantile_0.9,600,True,19,0.16058135032653809,0.0002491474151611328,"[0, 0, 0, 0, 5, 3, 5, 9, 12, 12, 12, 0, 0, 21]","""[0, 4, 12, 3, 6, 5, 1, 3, 4, 2, 5, 21, 21, 0]"""
j10,2,reactive,600,True,17,0.16058135032653809,0.06729912757873535,"[0, 0, 0, 0, 5, 3, 5, 9, 12, 12, 12, 0, 0, 17]","[0, 4, 12, 3, 6, 5, 1, 3, 4, 2, 5, 21, 21, 0]"
j10,2,stnu,600,False,inf,0.6766011714935303,inf,[],"""[0, 4, 5, 3, 2, 5, 1, 3, 3, 2, 5, 21, 21, 0]"""
j10,2,proactive_quantile_0.9,600,True,20,0.051033735275268555,0.00024247169494628906,"[0, 0, 0, 0, 5, 5, 5, 11, 14, 8, 8, 0, 0, 21]","""[0, 5, 4, 2, 2, 4, 1, 3, 3, 2, 7, 21, 21, 0]"""
j10,2,reactive,600,True,17,0.051033735275268555,0.07885336875915527,"[0, 0, 0, 0, 5, 5, 5, 11, 14, 8, 8, 0, 0, 17]","[0, 5, 4, 2, 2, 4, 1, 3, 3, 2, 7, 21, 21, 0]"
j10,2,stnu,600,False,inf,0.5788538455963135,inf,[],"""[0, 5, 4, 2, 2, 4, 1, 3, 3, 2, 7, 21, 21, 0]"""
j10,2,proactive_quantile_0.9,600,True,20,0.050260066986083984,0.00021958351135253906,"[0, 0, 0, 0, 5, 5, 5, 11, 14, 8, 8, 0, 0, 21]","""[0, 3, 3, 3, 2, 7, 1, 3, 5, 3, 3, 21, 21, 0]"""
j10,2,reactive,600,False,inf,inf,inf,null,"[0, 3, 3, 3, 2, 7, 1, 3, 5, 3, 3, 21, 21, 0]"
j10,2,stnu,600,False,inf,0.5753576755523682,inf,[],"""[0, 3, 3, 3, 2, 7, 1, 3, 5, 3, 3, 21, 21, 0]"""
j10,2,proactive_quantile_0.9,600,True,43,0.06930160522460938,0.0010085105895996094,"[0, 0, 0, 11, 5, 21, 5, 21, 21, 30, 40, 0, 0, 0, 0, 0, 0, 0, 0, 0, 73]","""[0, 6, 4, 7, 5, 3, 5, 6, 1, 7, 3, 69, 64, 35, 29, 36, 23, 73, 58, 68, 0]"""
j10,2,reactive,600,True,37,0.06930160522460938,0.1444251537322998,"[0, 0, 0, 11, 5, 21, 5, 21, 21, 30, 18, 0, 0, 0, 0, 0, 0, 0, 0, 0, 37]","[0, 6, 4, 7, 5, 3, 5, 6, 1, 7, 3, 69, 64, 35, 29, 36, 23, 73, 58, 68, 0]"
j10,2,stnu,600,True,32,0.7032644748687744,0.013122081756591797,"[0, 0, 0, 9, 4, 16, 4, 16, 16, 22, 29, 0, 0, 0, 0, 0, 0, 0, 0, 0, 32]","""[0, 6, 4, 7, 5, 3, 5, 6, 1, 7, 3, 69, 64, 35, 29, 36, 23, 73, 58, 68, 0]"""
j10,2,proactive_quantile_0.9,600,False,inf,0.20040273666381836,inf,"[0, 0, 0, 0, 15, 10, 5, 5, 25, 20, 25, 0, 0, 0, 0, 0, 0, 0, 0, 0, 73]","""[0, 4, 3, 6, 9, 9, 3, 10, 2, 5, 2, 69, 64, 35, 29, 36, 23, 73, 58, 68, 0]"""
j10,2,reactive,600,False,inf,inf,inf,null,"[0, 4, 3, 6, 9, 9, 3, 10, 2, 5, 2, 69, 64, 35, 29, 36, 23, 73, 58, 68, 0]"
j10,2,stnu,600,False,inf,0.7449867725372314,inf,[],"""[0, 4, 3, 6, 9, 10, 3, 10, 6, 5, 10, 69, 64, 35, 29, 36, 23, 73, 58, 68, 0]"""
j10,2,proactive_quantile_0.9,600,True,29,0.18730568885803223,0.0010256767272949219,"[0, 0, 0, 0, 15, 10, 5, 5, 25, 20, 25, 0, 0, 0, 0, 0, 0, 0, 0, 0, 73]","""[0, 4, 3, 4, 10, 6, 3, 6, 3, 2, 1, 69, 64, 35, 29, 36, 23, 73, 58, 68, 0]"""
j10,2,reactive,600,True,28,0.18730568885803223,0.13185691833496094,"[0, 0, 0, 0, 15, 10, 5, 5, 25, 20, 25, 0, 0, 0, 0, 0, 0, 0, 0, 0, 28]","[0, 4, 3, 4, 10, 6, 3, 6, 3, 2, 1, 69, 64, 35, 29, 36, 23, 73, 58, 68, 0]"
j10,2,stnu,600,True,33,0.6446669101715088,0.013174057006835938,"[0, 0, 0, 8, 3, 16, 3, 16, 16, 24, 32, 0, 0, 0, 0, 0, 0, 0, 0, 0, 33]","""[0, 8, 3, 8, 4, 2, 5, 8, 3, 8, 1, 69, 64, 35, 29, 36, 23, 73, 58, 68, 0]"""
j10,2,proactive_quantile_0.9,600,True,29,0.1881561279296875,0.0009822845458984375,"[0, 0, 0, 0, 15, 10, 5, 5, 25, 20, 25, 0, 0, 0, 0, 0, 0, 0, 0, 0, 73]","""[0, 6, 5, 2, 5, 6, 4, 11, 2, 3, 2, 69, 64, 35, 29, 36, 23, 73, 58, 68, 0]"""
j10,2,reactive,600,True,25,0.1881561279296875,0.10860538482666016,"[0, 0, 0, 0, 15, 10, 5, 5, 20, 20, 23, 0, 0, 0, 0, 0, 0, 0, 0, 0, 25]","[0, 6, 5, 2, 5, 6, 4, 11, 2, 3, 2, 69, 64, 35, 29, 36, 23, 73, 58, 68, 0]"
j10,2,stnu,600,True,32,0.6628820896148682,0.013190984725952148,"[0, 0, 0, 9, 3, 17, 3, 17, 17, 22, 30, 0, 0, 0, 0, 0, 0, 0, 0, 0, 32]","""[0, 8, 3, 8, 6, 3, 6, 5, 2, 8, 2, 69, 64, 35, 29, 36, 23, 73, 58, 68, 0]"""
j10,2,proactive_quantile_0.9,600,True,38,0.11889457702636719,0.0010037422180175781,"[0, 0, 0, 0, 20, 10, 5, 5, 26, 20, 26, 0, 0, 0, 0, 0, 0, 0, 0, 0, 73]","""[0, 5, 5, 4, 4, 9, 4, 8, 2, 4, 7, 69, 64, 35, 29, 36, 23, 73, 58, 68, 0]"""
j10,2,reactive,600,True,31,0.11889457702636719,0.13792777061462402,"[0, 0, 0, 0, 20, 10, 5, 5, 24, 20, 24, 0, 0, 0, 0, 0, 0, 0, 0, 0, 31]","[0, 5, 5, 4, 4, 9, 4, 8, 2, 4, 7, 69, 64, 35, 29, 36, 23, 73, 58, 68, 0]"
j10,2,stnu,600,True,33,0.667067289352417,0.013025522232055664,"[0, 0, 0, 5, 1, 14, 1, 14, 14, 21, 30, 0, 0, 0, 0, 0, 0, 0, 0, 0, 33]","""[0, 8, 1, 9, 5, 3, 4, 7, 3, 9, 3, 69, 64, 35, 29, 36, 23, 73, 58, 68, 0]"""
j10,2,proactive_quantile_0.9,600,True,27,0.056182146072387695,0.0010156631469726562,"[0, 0, 0, 4, 4, 13, 10, 15, 18, 22, 10, 0, 0, 0, 0, 0, 0, 0, 0, 0, 73]","""[0, 9, 1, 3, 5, 4, 3, 5, 2, 2, 2, 69, 64, 35, 29, 36, 23, 73, 58, 68, 0]"""
j10,2,reactive,600,True,22,0.056182146072387695,0.14031171798706055,"[0, 0, 0, 4, 4, 13, 10, 15, 18, 20, 10, 0, 0, 0, 0, 0, 0, 0, 0, 0, 22]","[0, 9, 1, 3, 5, 4, 3, 5, 2, 2, 2, 69, 64, 35, 29, 36, 23, 73, 58, 68, 0]"
j10,2,stnu,600,True,26,0.6781408786773682,0.013082742691040039,"[0, 0, 0, 6, 3, 13, 3, 13, 13, 17, 24, 0, 0, 0, 0, 0, 0, 0, 0, 0, 26]","""[0, 9, 3, 7, 4, 4, 3, 4, 4, 7, 2, 69, 64, 35, 29, 36, 23, 73, 58, 68, 0]"""
j10,2,proactive_quantile_0.9,600,True,29,0.18309903144836426,0.0010089874267578125,"[0, 0, 0, 0, 15, 10, 5, 5, 25, 20, 25, 0, 0, 0, 0, 0, 0, 0, 0, 0, 73]","""[0, 7, 3, 4, 9, 7, 3, 11, 3, 3, 2, 69, 64, 35, 29, 36, 23, 73, 58, 68, 0]"""
j10,2,reactive,600,True,28,0.18309903144836426,0.09792375564575195,"[0, 0, 0, 0, 15, 10, 5, 5, 25, 20, 25, 0, 0, 0, 0, 0, 0, 0, 0, 0, 28]","[0, 7, 3, 4, 9, 7, 3, 11, 3, 3, 2, 69, 64, 35, 29, 36, 23, 73, 58, 68, 0]"
j10,2,stnu,600,True,27,0.6210925579071045,0.013126611709594727,"[0, 0, 0, 10, 6, 16, 6, 16, 16, 21, 25, 0, 0, 0, 0, 0, 0, 0, 0, 0, 27]","""[0, 6, 6, 6, 6, 5, 4, 5, 3, 4, 2, 69, 64, 35, 29, 36, 23, 73, 58, 68, 0]"""
j10,2,proactive_quantile_0.9,600,False,inf,0.06458234786987305,inf,"[0, 0, 0, 4, 4, 13, 10, 15, 18, 22, 10, 0, 0, 0, 0, 0, 0, 0, 0, 0, 73]","""[0, 7, 2, 5, 7, 3, 5, 7, 3, 3, 1, 69, 64, 35, 29, 36, 23, 73, 58, 68, 0]"""
j10,2,reactive,600,False,inf,inf,inf,null,"[0, 7, 2, 5, 7, 3, 5, 7, 3, 3, 1, 69, 64, 35, 29, 36, 23, 73, 58, 68, 0]"
j10,2,stnu,600,True,31,0.6745107173919678,0.013036251068115234,"[0, 0, 0, 7, 4, 16, 4, 16, 16, 23, 30, 0, 0, 0, 0, 0, 0, 0, 0, 0, 31]","""[0, 7, 4, 9, 5, 3, 3, 7, 1, 7, 1, 69, 64, 35, 29, 36, 23, 73, 58, 68, 0]"""
j10,2,proactive_quantile_0.9,600,True,29,0.1717982292175293,0.0010652542114257812,"[0, 0, 0, 0, 15, 10, 5, 5, 25, 20, 25, 0, 0, 0, 0, 0, 0, 0, 0, 0, 73]","""[0, 5, 5, 3, 9, 5, 1, 11, 2, 3, 3, 69, 64, 35, 29, 36, 23, 73, 58, 68, 0]"""
j10,2,reactive,600,True,28,0.1717982292175293,0.08700418472290039,"[0, 0, 0, 0, 15, 10, 5, 5, 25, 20, 25, 0, 0, 0, 0, 0, 0, 0, 0, 0, 28]","[0, 5, 5, 3, 9, 5, 1, 11, 2, 3, 3, 69, 64, 35, 29, 36, 23, 73, 58, 68, 0]"
j10,2,stnu,600,True,33,0.6748034954071045,0.013050556182861328,"[0, 0, 0, 7, 2, 14, 2, 14, 14, 21, 30, 0, 0, 0, 0, 0, 0, 0, 0, 0, 33]","""[0, 7, 2, 7, 2, 5, 5, 7, 2, 9, 3, 69, 64, 35, 29, 36, 23, 73, 58, 68, 0]"""
j10,2,proactive_quantile_0.9,600,True,29,0.18348193168640137,0.0010590553283691406,"[0, 0, 0, 0, 15, 10, 5, 5, 25, 20, 25, 0, 0, 0, 0, 0, 0, 0, 0, 0, 73]","""[0, 5, 4, 3, 8, 10, 3, 11, 2, 3, 2, 69, 64, 35, 29, 36, 23, 73, 58, 68, 0]"""
j10,2,reactive,600,True,25,0.18348193168640137,0.11153793334960938,"[0, 0, 0, 0, 15, 10, 5, 5, 23, 20, 23, 0, 0, 0, 0, 0, 0, 0, 0, 0, 25]","[0, 5, 4, 3, 8, 10, 3, 11, 2, 3, 2, 69, 64, 35, 29, 36, 23, 73, 58, 68, 0]"
j10,2,stnu,600,False,inf,0.6904399394989014,inf,[],"""[0, 5, 4, 3, 8, 8, 3, 11, 10, 3, 10, 69, 64, 35, 29, 36, 23, 73, 58, 68, 0]"""
j10,2,proactive_quantile_0.9,600,True,21,0.0875093936920166,0.0002834796905517578,"[0, 0, 0, 0, 4, 3, 13, 4, 16, 13, 13, 0, 62]","""[0, 3, 1, 1, 8, 10, 1, 6, 4, 2, 5, 62, 0]"""
j10,2,reactive,600,True,20,0.0875093936920166,0.11547493934631348,"[0, 0, 0, 0, 4, 3, 13, 4, 16, 13, 13, 0, 20]","[0, 3, 1, 1, 8, 10, 1, 6, 4, 2, 5, 62, 0]"
j10,2,stnu,600,True,26,0.6724622249603271,0.005062580108642578,"[0, 0, 0, 0, 4, 4, 14, 4, 20, 14, 14, 0, 26]","""[0, 1, 4, 5, 8, 10, 6, 6, 6, 7, 5, 62, 0]"""
j10,2,proactive_quantile_0.9,600,True,32,0.05340695381164551,0.00034117698669433594,"[0, 0, 0, 0, 5, 5, 16, 5, 23, 16, 16, 0, 62]","""[0, 3, 2, 5, 5, 5, 6, 3, 8, 6, 8, 62, 0]"""
j10,2,reactive,600,True,31,0.05340695381164551,0.4365990161895752,"[0, 0, 0, 0, 5, 5, 16, 5, 23, 16, 16, 0, 31]","[0, 3, 2, 5, 5, 5, 6, 3, 8, 6, 8, 62, 0]"
j10,2,stnu,600,True,16,0.9259543418884277,0.005265712738037109,"[0, 0, 0, 0, 2, 2, 8, 2, 11, 8, 8, 0, 16]","""[0, 2, 2, 2, 2, 6, 3, 4, 5, 3, 8, 62, 0]"""
j10,2,proactive_quantile_0.9,600,True,25,0.042688846588134766,0.0003123283386230469,"[0, 0, 0, 0, 4, 3, 13, 4, 16, 13, 13, 0, 62]","""[0, 4, 1, 3, 2, 9, 2, 5, 5, 11, 4, 62, 0]"""
j10,2,reactive,600,True,24,0.042688846588134766,0.07854127883911133,"[0, 0, 0, 0, 4, 3, 13, 4, 16, 13, 13, 0, 24]","[0, 4, 1, 3, 2, 9, 2, 5, 5, 11, 4, 62, 0]"
j10,2,stnu,600,True,23,0.6341488361358643,0.005034685134887695,"[0, 0, 0, 0, 4, 4, 13, 4, 19, 13, 13, 0, 23]","""[0, 3, 4, 3, 6, 9, 6, 7, 4, 4, 3, 62, 0]"""
j10,2,proactive_quantile_0.9,600,True,25,0.0418550968170166,0.0002841949462890625,"[0, 0, 0, 0, 4, 3, 13, 4, 16, 13, 13, 0, 62]","""[0, 3, 1, 2, 2, 9, 1, 2, 3, 7, 4, 62, 0]"""
j10,2,reactive,600,True,20,0.0418550968170166,0.13411855697631836,"[0, 0, 0, 0, 4, 3, 13, 4, 16, 13, 13, 0, 20]","[0, 3, 1, 2, 2, 9, 1, 2, 3, 7, 4, 62, 0]"
j10,2,stnu,600,True,26,0.5926151275634766,0.005045413970947266,"[0, 0, 0, 0, 4, 4, 16, 4, 21, 16, 16, 0, 26]","""[0, 3, 4, 7, 8, 12, 5, 6, 5, 4, 4, 62, 0]"""
j10,2,proactive_quantile_0.9,600,True,25,0.053014278411865234,0.00028514862060546875,"[0, 0, 0, 0, 4, 3, 13, 4, 16, 13, 13, 0, 62]","""[0, 3, 1, 3, 3, 7, 1, 5, 3, 10, 3, 62, 0]"""
j10,2,reactive,600,True,23,0.053014278411865234,0.09128665924072266,"[0, 0, 0, 0, 4, 3, 13, 4, 16, 13, 13, 0, 23]","[0, 3, 1, 3, 3, 7, 1, 5, 3, 10, 3, 62, 0]"
j10,2,stnu,600,True,21,0.6771435737609863,0.0049550533294677734,"[0, 0, 0, 0, 5, 5, 12, 5, 18, 12, 12, 0, 21]","""[0, 4, 5, 5, 3, 7, 6, 7, 3, 5, 4, 62, 0]"""
j10,2,proactive_quantile_0.9,600,True,21,0.09339547157287598,0.00029850006103515625,"[0, 0, 0, 0, 4, 3, 13, 4, 16, 13, 13, 0, 62]","""[0, 4, 1, 2, 7, 9, 1, 9, 4, 2, 5, 62, 0]"""
j10,2,reactive,600,True,20,0.09339547157287598,0.10713982582092285,"[0, 0, 0, 0, 4, 3, 13, 4, 16, 13, 13, 0, 20]","[0, 4, 1, 2, 7, 9, 1, 9, 4, 2, 5, 62, 0]"
j10,2,stnu,600,True,24,0.5996026992797852,0.0052301883697509766,"[0, 0, 0, 0, 6, 6, 15, 6, 20, 15, 15, 0, 24]","""[0, 2, 6, 4, 7, 9, 5, 9, 4, 6, 5, 62, 0]"""
j10,2,proactive_quantile_0.9,600,True,32,0.052376747131347656,0.00030684471130371094,"[0, 0, 0, 0, 5, 5, 16, 5, 23, 16, 16, 0, 62]","""[0, 4, 1, 2, 4, 7, 5, 6, 9, 3, 5, 62, 0]"""
j10,2,reactive,600,True,30,0.052376747131347656,0.11039924621582031,"[0, 0, 0, 0, 5, 5, 16, 5, 21, 16, 16, 0, 30]","[0, 4, 1, 2, 4, 7, 5, 6, 9, 3, 5, 62, 0]"
j10,2,stnu,600,True,19,0.6245050430297852,0.004981517791748047,"[0, 0, 0, 0, 4, 4, 11, 4, 16, 11, 11, 0, 19]","""[0, 4, 1, 2, 4, 7, 5, 6, 3, 3, 5, 62, 0]"""
j10,2,proactive_quantile_0.9,600,True,21,0.1236565113067627,0.00028228759765625,"[0, 0, 0, 0, 4, 3, 13, 4, 16, 13, 13, 0, 62]","""[0, 3, 2, 2, 7, 6, 3, 8, 3, 3, 6, 62, 0]"""
j10,2,reactive,600,True,19,0.1236565113067627,0.10433483123779297,"[0, 0, 0, 0, 4, 3, 13, 4, 16, 13, 13, 0, 19]","[0, 3, 2, 2, 7, 6, 3, 8, 3, 3, 6, 62, 0]"
j10,2,stnu,600,True,20,0.5918121337890625,0.00497889518737793,"[0, 0, 0, 0, 4, 4, 12, 4, 18, 12, 12, 0, 20]","""[0, 2, 4, 6, 7, 8, 5, 8, 2, 5, 6, 62, 0]"""
j10,2,proactive_quantile_0.9,600,True,32,0.06201052665710449,0.0003204345703125,"[0, 0, 0, 0, 5, 5, 16, 5, 23, 16, 16, 0, 62]","""[0, 3, 4, 6, 4, 8, 5, 4, 6, 6, 6, 62, 0]"""
j10,2,reactive,600,True,29,0.06201052665710449,0.10611915588378906,"[0, 0, 0, 0, 5, 5, 16, 5, 23, 16, 16, 0, 29]","[0, 3, 4, 6, 4, 8, 5, 4, 6, 6, 6, 62, 0]"
j10,2,stnu,600,True,18,0.6564991474151611,0.005143404006958008,"[0, 0, 0, 0, 3, 3, 12, 3, 14, 12, 12, 0, 18]","""[0, 3, 3, 3, 2, 9, 2, 6, 4, 1, 6, 62, 0]"""
j10,2,proactive_quantile_0.9,600,True,32,0.05784916877746582,0.0002949237823486328,"[0, 0, 0, 0, 5, 5, 16, 5, 23, 16, 16, 0, 62]","""[0, 2, 4, 5, 6, 6, 2, 6, 9, 5, 3, 62, 0]"""
j10,2,reactive,600,True,22,0.05784916877746582,0.11890125274658203,"[0, 0, 0, 0, 5, 5, 11, 5, 13, 11, 11, 0, 22]","[0, 2, 4, 5, 6, 6, 2, 6, 9, 5, 3, 62, 0]"
j10,2,stnu,600,True,16,0.5925872325897217,0.004948139190673828,"[0, 0, 0, 0, 4, 4, 10, 4, 13, 10, 10, 0, 16]","""[0, 2, 4, 5, 6, 6, 2, 6, 3, 5, 3, 62, 0]"""
j10,2,proactive_quantile_0.9,600,True,36,0.05798220634460449,0.0009992122650146484,"[0, 0, 0, 0, 11, 11, 16, 19, 29, 4, 20, 0, 0, 0, 0, 0, 0, 0, 0, 0, 74]","""[0, 4, 9, 7, 7, 5, 1, 8, 4, 7, 3, 25, 59, 74, 62, 16, 50, 48, 48, 34, 0]"""
j10,2,reactive,600,True,33,0.05798220634460449,0.11105036735534668,"[0, 0, 0, 0, 11, 11, 16, 19, 29, 4, 20, 0, 0, 0, 0, 0, 0, 0, 0, 0, 33]","[0, 4, 9, 7, 7, 5, 1, 8, 4, 7, 3, 25, 59, 74, 62, 16, 50, 48, 48, 34, 0]"
j10,2,stnu,600,True,22,0.6835253238677979,0.012826919555664062,"[0, 0, 0, 0, 7, 6, 6, 7, 17, 7, 16, 0, 0, 0, 0, 0, 0, 0, 0, 0, 22]","""[0, 1, 6, 6, 9, 5, 1, 10, 1, 5, 6, 25, 59, 74, 62, 16, 50, 48, 48, 34, 0]"""
j10,2,proactive_quantile_0.9,600,False,inf,0.10041236877441406,inf,"[0, 0, 0, 0, 5, 9, 5, 10, 18, 3, 15, 0, 0, 0, 0, 0, 0, 0, 0, 0, 74]","""[0, 3, 2, 8, 7, 2, 3, 7, 3, 8, 5, 25, 59, 74, 62, 16, 50, 48, 48, 34, 0]"""
j10,2,reactive,600,False,inf,inf,inf,null,"[0, 3, 2, 8, 7, 2, 3, 7, 3, 8, 5, 25, 59, 74, 62, 16, 50, 48, 48, 34, 0]"
j10,2,stnu,600,True,17,0.6763782501220703,0.012789487838745117,"[0, 0, 0, 0, 5, 3, 3, 6, 14, 6, 12, 0, 0, 0, 0, 0, 0, 0, 0, 0, 17]","""[0, 3, 2, 6, 7, 6, 2, 8, 3, 8, 5, 25, 59, 74, 62, 16, 50, 48, 48, 34, 0]"""
j10,2,proactive_quantile_0.9,600,False,inf,0.21734094619750977,inf,"[0, 0, 0, 0, 11, 11, 16, 19, 29, 4, 20, 0, 0, 0, 0, 0, 0, 0, 0, 0, 74]","""[0, 3, 8, 6, 8, 6, 2, 9, 7, 9, 6, 25, 59, 74, 62, 16, 50, 48, 48, 34, 0]"""
j10,2,reactive,600,False,inf,inf,inf,null,"[0, 3, 8, 6, 8, 6, 2, 9, 7, 9, 6, 25, 59, 74, 62, 16, 50, 48, 48, 34, 0]"
j10,2,stnu,600,False,inf,0.7136349678039551,inf,[],"""[0, 2, 2, 5, 5, 2, 3, 3, 7, 5, 4, 25, 59, 74, 62, 16, 50, 48, 48, 34, 0]"""
j10,2,proactive_quantile_0.9,600,True,36,0.05999445915222168,0.0009613037109375,"[0, 0, 0, 0, 11, 11, 16, 19, 29, 4, 20, 0, 0, 0, 0, 0, 0, 0, 0, 0, 74]","""[0, 3, 8, 5, 6, 4, 2, 8, 5, 7, 6, 25, 59, 74, 62, 16, 50, 48, 48, 34, 0]"""
j10,2,reactive,600,True,34,0.05999445915222168,0.16808748245239258,"[0, 0, 0, 0, 11, 11, 16, 19, 29, 4, 20, 0, 0, 0, 0, 0, 0, 0, 0, 0, 34]","[0, 3, 8, 5, 6, 4, 2, 8, 5, 7, 6, 25, 59, 74, 62, 16, 50, 48, 48, 34, 0]"
j10,2,stnu,600,False,inf,0.6166176795959473,inf,[],"""[0, 3, 8, 5, 7, 4, 2, 8, 5, 7, 6, 25, 59, 74, 62, 16, 50, 48, 48, 34, 0]"""
j10,2,proactive_quantile_0.9,600,True,36,0.04680609703063965,0.0009624958038330078,"[0, 0, 0, 0, 11, 11, 16, 19, 29, 4, 20, 0, 0, 0, 0, 0, 0, 0, 0, 0, 74]","""[0, 3, 7, 7, 7, 3, 2, 7, 5, 9, 3, 25, 59, 74, 62, 16, 50, 48, 48, 34, 0]"""
j10,2,reactive,600,True,34,0.04680609703063965,0.16940999031066895,"[0, 0, 0, 0, 11, 11, 16, 19, 29, 4, 20, 0, 0, 0, 0, 0, 0, 0, 0, 0, 34]","[0, 3, 7, 7, 7, 3, 2, 7, 5, 9, 3, 25, 59, 74, 62, 16, 50, 48, 48, 34, 0]"
j10,2,stnu,600,True,19,0.6699411869049072,0.012859344482421875,"[0, 0, 0, 0, 5, 3, 3, 5, 16, 5, 15, 0, 0, 0, 0, 0, 0, 0, 0, 0, 19]","""[0, 3, 3, 4, 10, 3, 2, 11, 2, 5, 4, 25, 59, 74, 62, 16, 50, 48, 48, 34, 0]"""
j10,2,proactive_quantile_0.9,600,True,36,0.07207894325256348,0.0009617805480957031,"[0, 0, 0, 0, 11, 11, 16, 19, 29, 4, 20, 0, 0, 0, 0, 0, 0, 0, 0, 0, 74]","""[0, 3, 8, 10, 5, 5, 3, 9, 6, 9, 4, 25, 59, 74, 62, 16, 50, 48, 48, 34, 0]"""
j10,2,reactive,600,True,35,0.07207894325256348,0.10325312614440918,"[0, 0, 0, 0, 11, 11, 16, 19, 29, 4, 20, 0, 0, 0, 0, 0, 0, 0, 0, 0, 35]","[0, 3, 8, 10, 5, 5, 3, 9, 6, 9, 4, 25, 59, 74, 62, 16, 50, 48, 48, 34, 0]"
j10,2,stnu,600,True,17,0.7774178981781006,0.012781381607055664,"[0, 0, 0, 0, 6, 3, 3, 6, 14, 6, 11, 0, 0, 0, 0, 0, 0, 0, 0, 0, 17]","""[0, 2, 3, 4, 5, 5, 3, 8, 3, 5, 3, 25, 59, 74, 62, 16, 50, 48, 48, 34, 0]"""
j10,2,proactive_quantile_0.9,600,True,36,0.06669235229492188,0.0009300708770751953,"[0, 0, 0, 0, 11, 11, 16, 19, 29, 4, 20, 0, 0, 0, 0, 0, 0, 0, 0, 0, 74]","""[0, 2, 9, 7, 7, 4, 3, 6, 6, 9, 2, 25, 59, 74, 62, 16, 50, 48, 48, 34, 0]"""
j10,2,reactive,600,True,35,0.06669235229492188,0.14696621894836426,"[0, 0, 0, 0, 11, 11, 16, 19, 29, 4, 20, 0, 0, 0, 0, 0, 0, 0, 0, 0, 35]","[0, 2, 9, 7, 7, 4, 3, 6, 6, 9, 2, 25, 59, 74, 62, 16, 50, 48, 48, 34, 0]"
j10,2,stnu,600,True,23,0.6826612949371338,0.012827873229980469,"[0, 0, 0, 0, 7, 4, 4, 7, 19, 7, 17, 0, 0, 0, 0, 0, 0, 0, 0, 0, 23]","""[0, 1, 4, 3, 10, 4, 3, 12, 4, 6, 4, 25, 59, 74, 62, 16, 50, 48, 48, 34, 0]"""
j10,2,proactive_quantile_0.9,600,True,36,0.042893171310424805,0.000993490219116211,"[0, 0, 0, 0, 11, 11, 16, 19, 29, 4, 20, 0, 0, 0, 0, 0, 0, 0, 0, 0, 74]","""[0, 3, 11, 9, 3, 4, 3, 9, 6, 8, 5, 25, 59, 74, 62, 16, 50, 48, 48, 34, 0]"""
j10,2,reactive,600,True,35,0.042893171310424805,0.12045168876647949,"[0, 0, 0, 0, 11, 11, 16, 19, 29, 4, 20, 0, 0, 0, 0, 0, 0, 0, 0, 0, 35]","[0, 3, 11, 9, 3, 4, 3, 9, 6, 8, 5, 25, 59, 74, 62, 16, 50, 48, 48, 34, 0]"
j10,2,stnu,600,False,inf,0.5890326499938965,inf,[],"""[0, 3, 11, 9, 9, 3, 3, 9, 6, 8, 5, 25, 59, 74, 62, 16, 50, 48, 48, 34, 0]"""
j10,2,proactive_quantile_0.9,600,True,36,0.05850625038146973,0.0009546279907226562,"[0, 0, 0, 0, 11, 11, 16, 19, 29, 4, 20, 0, 0, 0, 0, 0, 0, 0, 0, 0, 74]","""[0, 3, 8, 6, 5, 5, 3, 8, 7, 10, 5, 25, 59, 74, 62, 16, 50, 48, 48, 34, 0]"""
j10,2,reactive,600,True,34,0.05850625038146973,0.10005450248718262,"[0, 0, 0, 0, 11, 11, 16, 19, 27, 4, 20, 0, 0, 0, 0, 0, 0, 0, 0, 0, 34]","[0, 3, 8, 6, 5, 5, 3, 8, 7, 10, 5, 25, 59, 74, 62, 16, 50, 48, 48, 34, 0]"
j10,2,stnu,600,True,18,0.6425631046295166,0.012780427932739258,"[0, 0, 0, 0, 5, 2, 2, 6, 15, 6, 11, 0, 0, 0, 0, 0, 0, 0, 0, 0, 18]","""[0, 2, 2, 6, 6, 5, 3, 9, 3, 5, 7, 25, 59, 74, 62, 16, 50, 48, 48, 34, 0]"""
j10,2,proactive_quantile_0.9,600,True,24,0.150160551071167,0.0009191036224365234,"[0, 0, 0, 0, 5, 5, 10, 13, 20, 3, 15, 0, 0, 0, 0, 0, 0, 0, 0, 0, 74]","""[0, 1, 1, 6, 9, 4, 1, 6, 3, 5, 5, 25, 59, 74, 62, 16, 50, 48, 48, 34, 0]"""
j10,2,reactive,600,True,23,0.150160551071167,0.13353395462036133,"[0, 0, 0, 0, 5, 5, 10, 13, 20, 3, 15, 0, 0, 0, 0, 0, 0, 0, 0, 0, 23]","[0, 1, 1, 6, 9, 4, 1, 6, 3, 5, 5, 25, 59, 74, 62, 16, 50, 48, 48, 34, 0]"
j10,2,stnu,600,False,inf,0.6900951862335205,inf,[],"""[0, 2, 10, 9, 9, 3, 1, 7, 6, 9, 5, 25, 59, 74, 62, 16, 50, 48, 48, 34, 0]"""
j10,2,proactive_quantile_0.9,600,True,23,0.05886030197143555,0.0004246234893798828,"[0, 0, 0, 0, 6, 6, 13, 11, 17, 16, 6, 0, 0, 0, 60]","""[0, 4, 2, 6, 4, 4, 2, 3, 2, 4, 2, 60, 25, 55, 0]"""
j10,2,reactive,600,True,20,0.05886030197143555,0.11977934837341309,"[0, 0, 0, 0, 6, 6, 13, 11, 17, 16, 6, 0, 0, 0, 20]","[0, 4, 2, 6, 4, 4, 2, 3, 2, 4, 2, 60, 25, 55, 0]"
j10,2,stnu,600,True,20,0.629396915435791,0.007028818130493164,"[0, 0, 0, 0, 5, 5, 11, 9, 14, 17, 5, 0, 0, 0, 20]","""[0, 4, 2, 5, 4, 6, 3, 8, 4, 3, 5, 60, 25, 55, 0]"""
j10,2,proactive_quantile_0.9,600,False,inf,0.04823017120361328,inf,"[0, 0, 0, 0, 7, 7, 17, 12, 22, 19, 7, 0, 0, 0, 60]","""[0, 8, 5, 7, 3, 8, 3, 5, 3, 13, 5, 60, 25, 55, 0]"""
j10,2,reactive,600,False,inf,inf,inf,null,"[0, 8, 5, 7, 3, 8, 3, 5, 3, 13, 5, 60, 25, 55, 0]"
j10,2,stnu,600,True,22,0.6709787845611572,0.006902217864990234,"[0, 0, 0, 0, 8, 8, 16, 11, 19, 16, 7, 0, 0, 0, 22]","""[0, 8, 5, 7, 3, 8, 3, 5, 3, 6, 5, 60, 25, 55, 0]"""
j10,2,proactive_quantile_0.9,600,True,31,0.055620431900024414,0.0004897117614746094,"[0, 0, 0, 0, 7, 7, 17, 12, 22, 19, 7, 0, 0, 0, 60]","""[0, 6, 4, 6, 5, 9, 3, 4, 7, 10, 7, 60, 25, 55, 0]"""
j10,2,reactive,600,True,29,0.055620431900024414,0.1031637191772461,"[0, 0, 0, 0, 7, 7, 17, 12, 22, 19, 7, 0, 0, 0, 29]","[0, 6, 4, 6, 5, 9, 3, 4, 7, 10, 7, 60, 25, 55, 0]"
j10,2,stnu,600,True,25,0.6581428050994873,0.006891727447509766,"[0, 0, 0, 0, 6, 6, 15, 11, 18, 15, 6, 0, 0, 0, 25]","""[0, 6, 4, 6, 5, 9, 3, 4, 7, 6, 7, 60, 25, 55, 0]"""
j10,2,proactive_quantile_0.9,600,True,31,0.05663633346557617,0.00048232078552246094,"[0, 0, 0, 0, 7, 7, 17, 12, 22, 19, 7, 0, 0, 0, 60]","""[0, 6, 3, 6, 3, 6, 3, 3, 7, 11, 4, 60, 25, 55, 0]"""
j10,2,reactive,600,True,30,0.05663633346557617,0.1269669532775879,"[0, 0, 0, 0, 7, 7, 17, 12, 22, 19, 7, 0, 0, 0, 30]","[0, 6, 3, 6, 3, 6, 3, 3, 7, 11, 4, 60, 25, 55, 0]"
j10,2,stnu,600,True,22,0.6732549667358398,0.006949901580810547,"[0, 0, 0, 0, 6, 6, 12, 9, 15, 12, 6, 0, 0, 0, 22]","""[0, 6, 3, 6, 3, 6, 3, 3, 7, 7, 4, 60, 25, 55, 0]"""
j10,2,proactive_quantile_0.9,600,True,23,0.06202387809753418,0.00044465065002441406,"[0, 0, 0, 0, 6, 6, 13, 11, 17, 16, 6, 0, 0, 0, 60]","""[0, 4, 1, 3, 3, 9, 3, 2, 2, 6, 4, 60, 25, 55, 0]"""
j10,2,reactive,600,False,inf,inf,inf,null,"[0, 4, 1, 3, 3, 9, 3, 2, 2, 6, 4, 60, 25, 55, 0]"
j10,2,stnu,600,True,21,0.651599645614624,0.006944894790649414,"[0, 0, 0, 0, 6, 6, 15, 9, 19, 15, 6, 0, 0, 0, 21]","""[0, 6, 1, 6, 3, 9, 4, 6, 2, 5, 6, 60, 25, 55, 0]"""
j10,2,proactive_quantile_0.9,600,True,23,0.05898761749267578,0.00043129920959472656,"[0, 0, 0, 0, 6, 6, 13, 11, 17, 16, 6, 0, 0, 0, 60]","""[0, 2, 4, 3, 2, 3, 1, 2, 1, 4, 3, 60, 25, 55, 0]"""
j10,2,reactive,600,True,17,0.05898761749267578,0.16358160972595215,"[0, 0, 0, 0, 6, 6, 13, 11, 14, 13, 6, 0, 0, 0, 17]","[0, 2, 4, 3, 2, 3, 1, 2, 1, 4, 3, 60, 25, 55, 0]"
j10,2,stnu,600,True,23,0.6553614139556885,0.00709080696105957,"[0, 0, 0, 0, 7, 7, 14, 9, 17, 14, 7, 0, 0, 0, 23]","""[0, 5, 4, 7, 2, 7, 3, 3, 6, 5, 6, 60, 25, 55, 0]"""
j10,2,proactive_quantile_0.9,600,True,23,0.0574488639831543,0.00045037269592285156,"[0, 0, 0, 0, 6, 6, 13, 11, 17, 16, 6, 0, 0, 0, 60]","""[0, 2, 4, 5, 2, 5, 3, 1, 3, 4, 2, 60, 25, 55, 0]"""
j10,2,reactive,600,True,19,0.0574488639831543,0.12894415855407715,"[0, 0, 0, 0, 6, 6, 13, 11, 16, 12, 6, 0, 0, 0, 19]","[0, 2, 4, 5, 2, 5, 3, 1, 3, 4, 2, 60, 25, 55, 0]"
j10,2,stnu,600,True,20,0.6467883586883545,0.007076263427734375,"[0, 0, 0, 0, 7, 7, 14, 9, 16, 14, 5, 0, 0, 0, 20]","""[0, 7, 4, 5, 2, 7, 2, 4, 3, 6, 5, 60, 25, 55, 0]"""
j10,2,proactive_quantile_0.9,600,True,31,0.05742311477661133,0.0004572868347167969,"[0, 0, 0, 0, 7, 7, 17, 12, 22, 19, 7, 0, 0, 0, 60]","""[0, 4, 3, 5, 5, 5, 5, 5, 6, 8, 3, 60, 25, 55, 0]"""
j10,2,reactive,600,True,28,0.05742311477661133,0.09622502326965332,"[0, 0, 0, 0, 7, 7, 17, 12, 22, 19, 7, 0, 0, 0, 28]","[0, 4, 3, 5, 5, 5, 5, 5, 6, 8, 3, 60, 25, 55, 0]"
j10,2,stnu,600,True,21,0.7921538352966309,0.006854534149169922,"[0, 0, 0, 0, 5, 5, 10, 10, 15, 15, 5, 0, 0, 0, 21]","""[0, 4, 3, 5, 5, 5, 5, 5, 6, 3, 3, 60, 25, 55, 0]"""
j10,2,proactive_quantile_0.9,600,False,inf,0.05344891548156738,inf,"[0, 0, 0, 0, 7, 7, 17, 12, 22, 19, 7, 0, 0, 0, 60]","""[0, 8, 5, 4, 3, 7, 3, 2, 6, 8, 4, 60, 25, 55, 0]"""
j10,2,reactive,600,False,inf,inf,inf,null,"[0, 8, 5, 4, 3, 7, 3, 2, 6, 8, 4, 60, 25, 55, 0]"
j10,2,stnu,600,True,19,0.7138051986694336,0.006773471832275391,"[0, 0, 0, 0, 5, 5, 14, 8, 16, 10, 5, 0, 0, 0, 19]","""[0, 3, 5, 5, 3, 9, 2, 2, 3, 4, 1, 60, 25, 55, 0]"""
j10,2,proactive_quantile_0.9,600,True,23,0.07003998756408691,0.0004665851593017578,"[0, 0, 0, 0, 6, 6, 13, 11, 17, 16, 6, 0, 0, 0, 60]","""[0, 3, 3, 5, 4, 6, 3, 3, 3, 3, 2, 60, 25, 55, 0]"""
j10,2,reactive,600,True,19,0.07003998756408691,0.26109862327575684,"[0, 0, 0, 0, 6, 6, 13, 11, 16, 16, 6, 0, 0, 0, 19]","[0, 3, 3, 5, 4, 6, 3, 3, 3, 3, 2, 60, 25, 55, 0]"
j10,2,stnu,600,True,18,0.7007429599761963,0.007035970687866211,"[0, 0, 0, 0, 4, 4, 10, 8, 14, 12, 3, 0, 0, 0, 18]","""[0, 4, 3, 3, 4, 6, 4, 4, 3, 6, 5, 60, 25, 55, 0]"""
j10,2,proactive_quantile_0.9,600,True,37,0.1528782844543457,0.0007331371307373047,"[0, 0, 0, 0, 5, 12, 12, 16, 25, 34, 25, 0, 0, 0, 0, 0, 75]","""[0, 2, 6, 3, 4, 2, 3, 3, 10, 1, 7, 40, 25, 60, 75, 71, 0]"""
j10,2,reactive,600,True,35,0.1528782844543457,0.166306734085083,"[0, 0, 0, 0, 5, 12, 12, 16, 25, 34, 25, 0, 0, 0, 0, 0, 35]","[0, 2, 6, 3, 4, 2, 3, 3, 10, 1, 7, 40, 25, 60, 75, 71, 0]"
j10,2,stnu,600,True,23,0.7492337226867676,0.009034156799316406,"[0, 0, 0, 0, 3, 7, 7, 10, 13, 20, 13, 0, 0, 0, 0, 0, 23]","""[0, 2, 6, 3, 4, 2, 3, 3, 10, 1, 7, 40, 25, 60, 75, 71, 0]"""
j10,2,proactive_quantile_0.9,600,True,37,0.0737764835357666,0.0006928443908691406,"[0, 0, 0, 0, 5, 12, 12, 16, 25, 34, 25, 0, 0, 0, 0, 0, 75]","""[0, 3, 5, 4, 4, 1, 4, 6, 7, 3, 5, 40, 25, 60, 75, 71, 0]"""
j10,2,reactive,600,True,32,0.0737764835357666,0.12207984924316406,"[0, 0, 0, 0, 5, 12, 12, 16, 25, 22, 25, 0, 0, 0, 0, 0, 32]","[0, 3, 5, 4, 4, 1, 4, 6, 7, 3, 5, 40, 25, 60, 75, 71, 0]"
j10,2,stnu,600,True,40,0.7444510459899902,0.008722305297851562,"[0, 0, 0, 0, 3, 13, 13, 16, 22, 22, 28, 0, 0, 0, 0, 0, 40]","""[0, 3, 2, 4, 10, 1, 3, 6, 6, 8, 12, 40, 25, 60, 75, 71, 0]"""
j10,2,proactive_quantile_0.9,600,True,37,0.06743311882019043,0.0006706714630126953,"[0, 0, 0, 0, 5, 12, 12, 16, 25, 34, 25, 0, 0, 0, 0, 0, 75]","""[0, 2, 7, 3, 5, 3, 1, 6, 13, 3, 4, 40, 25, 60, 75, 71, 0]"""
j10,2,reactive,600,True,38,0.06743311882019043,0.11773204803466797,"[0, 0, 0, 0, 5, 12, 12, 16, 25, 34, 25, 0, 0, 0, 0, 0, 38]","[0, 2, 7, 3, 5, 3, 1, 6, 13, 3, 4, 40, 25, 60, 75, 71, 0]"
j10,2,stnu,600,True,26,0.65268874168396,0.008837699890136719,"[0, 0, 0, 0, 3, 4, 4, 7, 13, 13, 16, 0, 0, 0, 0, 0, 26]","""[0, 2, 2, 3, 1, 3, 2, 6, 13, 3, 4, 40, 25, 60, 75, 71, 0]"""
j10,2,proactive_quantile_0.9,600,True,37,0.055077552795410156,0.0006768703460693359,"[0, 0, 0, 0, 5, 12, 12, 16, 25, 34, 25, 0, 0, 0, 0, 0, 75]","""[0, 2, 9, 3, 3, 4, 3, 6, 10, 3, 7, 40, 25, 60, 75, 71, 0]"""
j10,2,reactive,600,True,37,0.055077552795410156,0.11842536926269531,"[0, 0, 0, 0, 5, 12, 12, 16, 25, 34, 25, 0, 0, 0, 0, 0, 37]","[0, 2, 9, 3, 3, 4, 3, 6, 10, 3, 7, 40, 25, 60, 75, 71, 0]"
j10,2,stnu,600,True,29,0.6302242279052734,0.008794546127319336,"[0, 0, 0, 0, 3, 9, 9, 13, 19, 26, 19, 0, 0, 0, 0, 0, 29]","""[0, 2, 9, 3, 3, 4, 3, 6, 10, 3, 7, 40, 25, 60, 75, 71, 0]"""
j10,2,proactive_quantile_0.9,600,True,37,0.04623007774353027,0.0006797313690185547,"[0, 0, 0, 0, 5, 12, 12, 16, 25, 34, 25, 0, 0, 0, 0, 0, 75]","""[0, 2, 7, 4, 5, 2, 3, 6, 9, 1, 6, 40, 25, 60, 75, 71, 0]"""
j10,2,reactive,600,True,34,0.04623007774353027,0.23699283599853516,"[0, 0, 0, 0, 5, 12, 12, 16, 25, 22, 25, 0, 0, 0, 0, 0, 34]","[0, 2, 7, 4, 5, 2, 3, 6, 9, 1, 6, 40, 25, 60, 75, 71, 0]"
j10,2,stnu,600,True,22,0.6388039588928223,0.00885009765625,"[0, 0, 0, 0, 4, 5, 5, 7, 13, 13, 14, 0, 0, 0, 0, 0, 22]","""[0, 2, 1, 4, 1, 2, 2, 6, 9, 1, 6, 40, 25, 60, 75, 71, 0]"""
j10,2,proactive_quantile_0.9,600,True,37,0.08773016929626465,0.0006809234619140625,"[0, 0, 0, 0, 5, 12, 12, 16, 25, 34, 25, 0, 0, 0, 0, 0, 75]","""[0, 2, 6, 3, 5, 4, 4, 10, 10, 2, 6, 40, 25, 60, 75, 71, 0]"""
j10,2,reactive,600,False,inf,inf,inf,null,"[0, 2, 6, 3, 5, 4, 4, 10, 10, 2, 6, 40, 25, 60, 75, 71, 0]"
j10,2,stnu,600,True,29,0.6632685661315918,0.008876800537109375,"[0, 0, 0, 0, 3, 5, 5, 9, 19, 19, 21, 0, 0, 0, 0, 0, 29]","""[0, 2, 3, 3, 2, 4, 2, 10, 10, 2, 6, 40, 25, 60, 75, 71, 0]"""
j10,2,proactive_quantile_0.9,600,True,37,0.06706714630126953,0.0006587505340576172,"[0, 0, 0, 0, 5, 12, 12, 16, 25, 34, 25, 0, 0, 0, 0, 0, 75]","""[0, 2, 6, 5, 5, 1, 4, 8, 10, 2, 5, 40, 25, 60, 75, 71, 0]"""
j10,2,reactive,600,True,36,0.06706714630126953,0.10834574699401855,"[0, 0, 0, 0, 5, 12, 12, 16, 25, 34, 25, 0, 0, 0, 0, 0, 36]","[0, 2, 6, 5, 5, 1, 4, 8, 10, 2, 5, 40, 25, 60, 75, 71, 0]"
j10,2,stnu,600,True,32,0.6754786968231201,0.008831262588500977,"[0, 0, 0, 0, 5, 10, 10, 14, 22, 27, 22, 0, 0, 0, 0, 0, 32]","""[0, 2, 6, 5, 5, 1, 4, 8, 10, 2, 5, 40, 25, 60, 75, 71, 0]"""
j10,2,proactive_quantile_0.9,600,False,inf,0.06341791152954102,inf,"[0, 0, 0, 0, 5, 12, 12, 16, 25, 34, 25, 0, 0, 0, 0, 0, 75]","""[0, 2, 4, 4, 8, 1, 1, 6, 11, 2, 5, 40, 25, 60, 75, 71, 0]"""
j10,2,reactive,600,False,inf,inf,inf,null,"[0, 2, 4, 4, 8, 1, 1, 6, 11, 2, 5, 40, 25, 60, 75, 71, 0]"
j10,2,stnu,600,True,34,0.7766637802124023,0.008765935897827148,"[0, 0, 0, 0, 2, 11, 11, 13, 19, 19, 24, 0, 0, 0, 0, 0, 34]","""[0, 2, 2, 6, 9, 1, 2, 6, 5, 8, 10, 40, 25, 60, 75, 71, 0]"""
j10,2,proactive_quantile_0.9,600,True,37,0.05529189109802246,0.0006592273712158203,"[0, 0, 0, 0, 5, 12, 12, 16, 25, 34, 25, 0, 0, 0, 0, 0, 75]","""[0, 2, 7, 3, 5, 2, 2, 7, 7, 2, 7, 40, 25, 60, 75, 71, 0]"""
j10,2,reactive,600,True,32,0.05529189109802246,0.12367844581604004,"[0, 0, 0, 0, 5, 12, 12, 16, 25, 23, 25, 0, 0, 0, 0, 0, 32]","[0, 2, 7, 3, 5, 2, 2, 7, 7, 2, 7, 40, 25, 60, 75, 71, 0]"
j10,2,stnu,600,True,26,0.6708047389984131,0.008841276168823242,"[0, 0, 0, 0, 3, 8, 8, 10, 17, 24, 17, 0, 0, 0, 0, 0, 26]","""[0, 2, 7, 3, 5, 2, 2, 7, 7, 2, 7, 40, 25, 60, 75, 71, 0]"""
j10,2,proactive_quantile_0.9,600,True,37,0.05067753791809082,0.0006692409515380859,"[0, 0, 0, 0, 5, 12, 12, 16, 25, 34, 25, 0, 0, 0, 0, 0, 75]","""[0, 2, 5, 3, 6, 4, 2, 6, 8, 1, 7, 40, 25, 60, 75, 71, 0]"""
j10,2,reactive,600,True,33,0.05067753791809082,0.15176844596862793,"[0, 0, 0, 0, 5, 12, 12, 16, 25, 22, 25, 0, 0, 0, 0, 0, 33]","[0, 2, 5, 3, 6, 4, 2, 6, 8, 1, 7, 40, 25, 60, 75, 71, 0]"
j10,2,stnu,600,True,24,0.7177817821502686,0.00885152816772461,"[0, 0, 0, 0, 3, 6, 6, 10, 16, 16, 17, 0, 0, 0, 0, 0, 24]","""[0, 2, 3, 3, 3, 4, 3, 6, 8, 1, 7, 40, 25, 60, 75, 71, 0]"""
j10,2,proactive_quantile_0.9,600,True,26,0.11721491813659668,0.0008268356323242188,"[0, 0, 0, 0, 9, 9, 4, 12, 19, 9, 12, 0, 0, 0, 0, 0, 0, 0, 74]","""[0, 3, 4, 7, 6, 3, 2, 5, 4, 5, 5, 66, 57, 56, 60, 21, 28, 74, 0]"""
j10,2,reactive,600,True,23,0.11721491813659668,0.0894625186920166,"[0, 0, 0, 0, 9, 9, 4, 12, 19, 9, 12, 0, 0, 0, 0, 0, 0, 0, 23]","[0, 3, 4, 7, 6, 3, 2, 5, 4, 5, 5, 66, 57, 56, 60, 21, 28, 74, 0]"
j10,2,stnu,600,False,inf,0.610236644744873,inf,[],"""[0, 3, 4, 7, 3, 3, 2, 3, 4, 1, 2, 66, 57, 56, 60, 21, 28, 74, 0]"""
j10,2,proactive_quantile_0.9,600,True,27,0.0551300048828125,0.0008490085601806641,"[0, 0, 0, 0, 10, 10, 11, 13, 20, 17, 17, 0, 0, 0, 0, 0, 0, 0, 74]","""[0, 8, 5, 7, 3, 2, 5, 2, 4, 5, 5, 66, 57, 56, 60, 21, 28, 74, 0]"""
j10,2,reactive,600,True,22,0.0551300048828125,0.16364693641662598,"[0, 0, 0, 0, 10, 10, 11, 13, 16, 17, 17, 0, 0, 0, 0, 0, 0, 0, 22]","[0, 8, 5, 7, 3, 2, 5, 2, 4, 5, 5, 66, 57, 56, 60, 21, 28, 74, 0]"
j10,2,stnu,600,False,inf,0.5882449150085449,inf,[],"""[0, 3, 1, 5, 4, 1, 3, 2, 4, 1, 4, 66, 57, 56, 60, 21, 28, 74, 0]"""
j10,2,proactive_quantile_0.9,600,True,27,0.05592608451843262,0.0008320808410644531,"[0, 0, 0, 0, 10, 10, 11, 13, 20, 17, 17, 0, 0, 0, 0, 0, 0, 0, 74]","""[0, 8, 3, 4, 7, 1, 7, 4, 4, 6, 2, 66, 57, 56, 60, 21, 28, 74, 0]"""
j10,2,reactive,600,True,24,0.05592608451843262,0.14560699462890625,"[0, 0, 0, 0, 10, 10, 11, 13, 20, 17, 17, 0, 0, 0, 0, 0, 0, 0, 24]","[0, 8, 3, 4, 7, 1, 7, 4, 4, 6, 2, 66, 57, 56, 60, 21, 28, 74, 0]"
j10,2,stnu,600,False,inf,0.548907995223999,inf,[],"""[0, 2, 3, 4, 7, 1, 7, 4, 5, 6, 2, 66, 57, 56, 60, 21, 28, 74, 0]"""
j10,2,proactive_quantile_0.9,600,True,23,0.05535078048706055,0.0007867813110351562,"[0, 0, 0, 0, 9, 9, 4, 12, 16, 9, 12, 0, 0, 0, 0, 0, 0, 0, 74]","""[0, 1, 1, 5, 5, 1, 2, 2, 4, 2, 3, 66, 57, 56, 60, 21, 28, 74, 0]"""
j10,2,reactive,600,True,20,0.05535078048706055,0.23487091064453125,"[0, 0, 0, 0, 9, 9, 4, 12, 16, 9, 12, 0, 0, 0, 0, 0, 0, 0, 20]","[0, 1, 1, 5, 5, 1, 2, 2, 4, 2, 3, 66, 57, 56, 60, 21, 28, 74, 0]"
j10,2,stnu,600,False,inf,0.5544931888580322,inf,[],"""[0, 1, 5, 8, 7, 2, 8, 2, 6, 3, 5, 66, 57, 56, 60, 21, 28, 74, 0]"""
j10,2,proactive_quantile_0.9,600,True,23,0.07964682579040527,0.0008652210235595703,"[0, 0, 0, 0, 9, 9, 4, 12, 16, 9, 12, 0, 0, 0, 0, 0, 0, 0, 74]","""[0, 3, 3, 5, 6, 2, 2, 1, 6, 2, 2, 66, 57, 56, 60, 21, 28, 74, 0]"""
j10,2,reactive,600,True,22,0.07964682579040527,0.17615556716918945,"[0, 0, 0, 0, 9, 9, 4, 12, 16, 9, 12, 0, 0, 0, 0, 0, 0, 0, 22]","[0, 3, 3, 5, 6, 2, 2, 1, 6, 2, 2, 66, 57, 56, 60, 21, 28, 74, 0]"
j10,2,stnu,600,False,inf,0.5810055732727051,inf,[],"""[0, 3, 4, 7, 7, 2, 7, 4, 8, 3, 4, 66, 57, 56, 60, 21, 28, 74, 0]"""
j10,2,proactive_quantile_0.9,600,True,26,0.12156176567077637,0.0008146762847900391,"[0, 0, 0, 0, 9, 9, 4, 12, 19, 9, 12, 0, 0, 0, 0, 0, 0, 0, 74]","""[0, 2, 3, 9, 5, 1, 2, 6, 3, 4, 4, 66, 57, 56, 60, 21, 28, 74, 0]"""
j10,2,reactive,600,True,22,0.12156176567077637,0.0998389720916748,"[0, 0, 0, 0, 9, 9, 4, 12, 19, 9, 12, 0, 0, 0, 0, 0, 0, 0, 22]","[0, 2, 3, 9, 5, 1, 2, 6, 3, 4, 4, 66, 57, 56, 60, 21, 28, 74, 0]"
j10,2,stnu,600,False,inf,0.5784039497375488,inf,[],"""[0, 2, 4, 7, 5, 1, 7, 1, 6, 4, 4, 66, 57, 56, 60, 21, 28, 74, 0]"""
j10,2,proactive_quantile_0.9,600,True,23,0.05615663528442383,0.0008156299591064453,"[0, 0, 0, 0, 9, 9, 4, 12, 16, 9, 12, 0, 0, 0, 0, 0, 0, 0, 74]","""[0, 3, 3, 5, 7, 1, 4, 2, 6, 1, 1, 66, 57, 56, 60, 21, 28, 74, 0]"""
j10,2,reactive,600,True,22,0.05615663528442383,0.13370943069458008,"[0, 0, 0, 0, 9, 9, 4, 12, 16, 9, 12, 0, 0, 0, 0, 0, 0, 0, 22]","[0, 3, 3, 5, 7, 1, 4, 2, 6, 1, 1, 66, 57, 56, 60, 21, 28, 74, 0]"
j10,2,stnu,600,False,inf,0.6020619869232178,inf,[],"""[0, 3, 4, 8, 4, 2, 4, 3, 4, 4, 3, 66, 57, 56, 60, 21, 28, 74, 0]"""
j10,2,proactive_quantile_0.9,600,True,27,0.056703805923461914,0.0009071826934814453,"[0, 0, 0, 0, 10, 10, 11, 13, 20, 17, 17, 0, 0, 0, 0, 0, 0, 0, 74]","""[0, 8, 3, 8, 6, 2, 5, 3, 5, 7, 4, 66, 57, 56, 60, 21, 28, 74, 0]"""
j10,2,reactive,600,True,25,0.056703805923461914,0.1396489143371582,"[0, 0, 0, 0, 10, 10, 11, 13, 20, 17, 17, 0, 0, 0, 0, 0, 0, 0, 25]","[0, 8, 3, 8, 6, 2, 5, 3, 5, 7, 4, 66, 57, 56, 60, 21, 28, 74, 0]"
j10,2,stnu,600,False,inf,0.6448652744293213,inf,[],"""[0, 2, 3, 8, 6, 3, 5, 3, 5, 7, 4, 66, 57, 56, 60, 21, 28, 74, 0]"""
j10,2,proactive_quantile_0.9,600,True,23,0.0688636302947998,0.0008170604705810547,"[0, 0, 0, 0, 9, 9, 4, 12, 16, 9, 12, 0, 0, 0, 0, 0, 0, 0, 74]","""[0, 4, 3, 8, 4, 2, 2, 2, 5, 2, 4, 66, 57, 56, 60, 21, 28, 74, 0]"""
j10,2,reactive,600,True,21,0.0688636302947998,0.09558558464050293,"[0, 0, 0, 0, 9, 9, 4, 12, 16, 9, 12, 0, 0, 0, 0, 0, 0, 0, 21]","[0, 4, 3, 8, 4, 2, 2, 2, 5, 2, 4, 66, 57, 56, 60, 21, 28, 74, 0]"
j10,2,stnu,600,False,inf,0.6316158771514893,inf,[],"""[0, 4, 4, 11, 6, 1, 8, 6, 4, 5, 3, 66, 57, 56, 60, 21, 28, 74, 0]"""
j10,2,proactive_quantile_0.9,600,True,23,0.05832934379577637,0.0008311271667480469,"[0, 0, 0, 0, 9, 9, 4, 12, 16, 9, 12, 0, 0, 0, 0, 0, 0, 0, 74]","""[0, 2, 1, 5, 5, 3, 2, 2, 5, 2, 3, 66, 57, 56, 60, 21, 28, 74, 0]"""
j10,2,reactive,600,True,21,0.05832934379577637,0.12519264221191406,"[0, 0, 0, 0, 9, 9, 4, 12, 16, 9, 12, 0, 0, 0, 0, 0, 0, 0, 21]","[0, 2, 1, 5, 5, 3, 2, 2, 5, 2, 3, 66, 57, 56, 60, 21, 28, 74, 0]"
j10,2,stnu,600,False,inf,0.610088586807251,inf,[],"""[0, 2, 5, 6, 4, 3, 6, 1, 7, 4, 4, 66, 57, 56, 60, 21, 28, 74, 0]"""
j10,2,proactive_quantile_0.9,600,True,31,0.05332684516906738,0.0005452632904052734,"[0, 0, 0, 0, 7, 7, 13, 13, 20, 20, 20, 0, 0, 0, 0, 70]","""[0, 8, 3, 7, 4, 4, 5, 3, 5, 9, 11, 18, 70, 50, 23, 0]"""
j10,2,reactive,600,True,31,0.05332684516906738,0.08631777763366699,"[0, 0, 0, 0, 7, 7, 13, 13, 20, 20, 20, 0, 0, 0, 0, 31]","[0, 8, 3, 7, 4, 4, 5, 3, 5, 9, 11, 18, 70, 50, 23, 0]"
j10,2,stnu,600,True,27,0.6462903022766113,0.007651329040527344,"[0, 0, 0, 0, 7, 7, 11, 11, 16, 16, 16, 0, 0, 0, 0, 27]","""[0, 8, 3, 7, 4, 4, 5, 3, 5, 9, 11, 18, 70, 50, 23, 0]"""
j10,2,proactive_quantile_0.9,600,True,20,0.11105799674987793,0.0004825592041015625,"[0, 0, 0, 0, 3, 3, 7, 7, 13, 13, 13, 0, 0, 0, 0, 70]","""[0, 7, 3, 1, 4, 4, 3, 5, 6, 5, 3, 18, 70, 50, 23, 0]"""
j10,2,reactive,600,True,19,0.11105799674987793,0.10402417182922363,"[0, 0, 0, 0, 3, 3, 7, 7, 13, 13, 13, 0, 0, 0, 0, 19]","[0, 7, 3, 1, 4, 4, 3, 5, 6, 5, 3, 18, 70, 50, 23, 0]"
j10,2,stnu,600,True,29,0.6125733852386475,0.0075931549072265625,"[0, 0, 0, 0, 7, 7, 13, 13, 21, 21, 21, 0, 0, 0, 0, 29]","""[0, 7, 3, 7, 6, 3, 8, 5, 6, 8, 6, 18, 70, 50, 23, 0]"""
j10,2,proactive_quantile_0.9,600,True,31,0.06140899658203125,0.0004906654357910156,"[0, 0, 0, 0, 7, 7, 13, 13, 20, 20, 20, 0, 0, 0, 0, 70]","""[0, 6, 2, 7, 6, 4, 4, 3, 8, 9, 9, 18, 70, 50, 23, 0]"""
j10,2,reactive,600,True,29,0.06140899658203125,0.0984954833984375,"[0, 0, 0, 0, 7, 7, 13, 13, 20, 20, 20, 0, 0, 0, 0, 29]","[0, 6, 2, 7, 6, 4, 4, 3, 8, 9, 9, 18, 70, 50, 23, 0]"
j10,2,stnu,600,True,26,0.70766282081604,0.008030414581298828,"[0, 0, 0, 0, 7, 7, 13, 13, 17, 17, 17, 0, 0, 0, 0, 26]","""[0, 6, 2, 7, 6, 4, 4, 3, 8, 9, 9, 18, 70, 50, 23, 0]"""
j10,2,proactive_quantile_0.9,600,True,31,0.07327723503112793,0.0005478858947753906,"[0, 0, 0, 0, 7, 7, 13, 13, 20, 20, 20, 0, 0, 0, 0, 70]","""[0, 7, 2, 6, 5, 6, 7, 3, 5, 6, 8, 18, 70, 50, 23, 0]"""
j10,2,reactive,600,True,28,0.07327723503112793,0.15067672729492188,"[0, 0, 0, 0, 7, 7, 13, 13, 20, 20, 20, 0, 0, 0, 0, 28]","[0, 7, 2, 6, 5, 6, 7, 3, 5, 6, 8, 18, 70, 50, 23, 0]"
j10,2,stnu,600,True,26,0.6438801288604736,0.007894754409790039,"[0, 0, 0, 0, 6, 6, 11, 12, 18, 18, 18, 0, 0, 0, 0, 26]","""[0, 7, 2, 6, 5, 6, 7, 3, 5, 6, 8, 18, 70, 50, 23, 0]"""
j10,2,proactive_quantile_0.9,600,True,26,0.10434794425964355,0.0004956722259521484,"[0, 0, 0, 0, 7, 7, 13, 13, 19, 19, 19, 0, 0, 0, 0, 70]","""[0, 7, 3, 5, 5, 4, 3, 3, 5, 6, 5, 18, 70, 50, 23, 0]"""
j10,2,reactive,600,True,25,0.10434794425964355,0.09589314460754395,"[0, 0, 0, 0, 7, 7, 13, 13, 19, 19, 19, 0, 0, 0, 0, 25]","[0, 7, 3, 5, 5, 4, 3, 3, 5, 6, 5, 18, 70, 50, 23, 0]"
j10,2,stnu,600,True,27,0.8348977565765381,0.007862329483032227,"[0, 0, 0, 0, 5, 5, 10, 10, 18, 18, 18, 0, 0, 0, 0, 27]","""[0, 8, 1, 5, 5, 2, 8, 3, 5, 9, 8, 18, 70, 50, 23, 0]"""
j10,2,proactive_quantile_0.9,600,True,31,0.05463552474975586,0.0005009174346923828,"[0, 0, 0, 0, 7, 7, 13, 13, 20, 20, 20, 0, 0, 0, 0, 70]","""[0, 8, 1, 7, 3, 2, 5, 3, 5, 8, 7, 18, 70, 50, 23, 0]"""
j10,2,reactive,600,True,28,0.05463552474975586,0.11621665954589844,"[0, 0, 0, 0, 7, 7, 13, 13, 20, 20, 20, 0, 0, 0, 0, 28]","[0, 8, 1, 7, 3, 2, 5, 3, 5, 8, 7, 18, 70, 50, 23, 0]"
j10,2,stnu,600,True,19,0.6561887264251709,0.007521629333496094,"[0, 0, 0, 0, 3, 3, 6, 6, 12, 12, 12, 0, 0, 0, 0, 19]","""[0, 8, 3, 2, 3, 2, 6, 2, 1, 3, 7, 18, 70, 50, 23, 0]"""
j10,2,proactive_quantile_0.9,600,True,31,0.06175494194030762,0.00048089027404785156,"[0, 0, 0, 0, 7, 7, 13, 13, 20, 20, 20, 0, 0, 0, 0, 70]","""[0, 5, 3, 5, 5, 4, 7, 6, 6, 6, 5, 18, 70, 50, 23, 0]"""
j10,2,reactive,600,True,26,0.06175494194030762,0.09927034378051758,"[0, 0, 0, 0, 7, 7, 13, 13, 20, 20, 20, 0, 0, 0, 0, 26]","[0, 5, 3, 5, 5, 4, 7, 6, 6, 6, 5, 18, 70, 50, 23, 0]"
j10,2,stnu,600,True,23,0.583087682723999,0.007567882537841797,"[0, 0, 0, 0, 5, 5, 10, 10, 17, 17, 17, 0, 0, 0, 0, 23]","""[0, 5, 3, 5, 5, 4, 7, 6, 6, 6, 5, 18, 70, 50, 23, 0]"""
j10,2,proactive_quantile_0.9,600,True,31,0.07042884826660156,0.0005283355712890625,"[0, 0, 0, 0, 7, 7, 13, 13, 20, 20, 20, 0, 0, 0, 0, 70]","""[0, 11, 3, 5, 7, 5, 5, 4, 5, 7, 12, 18, 70, 50, 23, 0]"""
j10,2,reactive,600,False,inf,inf,inf,null,"[0, 11, 3, 5, 7, 5, 5, 4, 5, 7, 12, 18, 70, 50, 23, 0]"
j10,2,stnu,600,True,17,0.696669340133667,0.007527589797973633,"[0, 0, 0, 0, 2, 2, 3, 3, 8, 10, 10, 0, 0, 0, 0, 17]","""[0, 10, 2, 2, 1, 3, 5, 4, 5, 7, 7, 18, 70, 50, 23, 0]"""
j10,2,proactive_quantile_0.9,600,True,20,0.05876564979553223,0.00046896934509277344,"[0, 0, 0, 0, 3, 3, 7, 7, 13, 13, 13, 0, 0, 0, 0, 70]","""[0, 5, 1, 3, 4, 4, 6, 2, 3, 4, 7, 18, 70, 50, 23, 0]"""
j10,2,reactive,600,True,20,0.05876564979553223,0.06045651435852051,"[0, 0, 0, 0, 3, 3, 7, 7, 13, 13, 13, 0, 0, 0, 0, 20]","[0, 5, 1, 3, 4, 4, 6, 2, 3, 4, 7, 18, 70, 50, 23, 0]"
j10,2,stnu,600,True,31,0.6103875637054443,0.007712841033935547,"[0, 0, 0, 0, 7, 7, 15, 15, 23, 23, 23, 0, 0, 0, 0, 31]","""[0, 10, 3, 7, 8, 4, 8, 6, 1, 8, 6, 18, 70, 50, 23, 0]"""
j10,2,proactive_quantile_0.9,600,True,20,0.05376124382019043,0.00049591064453125,"[0, 0, 0, 0, 3, 3, 7, 7, 13, 13, 13, 0, 0, 0, 0, 70]","""[0, 5, 3, 2, 2, 4, 3, 2, 3, 6, 6, 18, 70, 50, 23, 0]"""
j10,2,reactive,600,True,19,0.05376124382019043,0.09324455261230469,"[0, 0, 0, 0, 3, 3, 7, 7, 13, 13, 13, 0, 0, 0, 0, 19]","[0, 5, 3, 2, 2, 4, 3, 2, 3, 6, 6, 18, 70, 50, 23, 0]"
j10,2,stnu,600,True,28,0.6081860065460205,0.007527351379394531,"[0, 0, 0, 0, 6, 6, 10, 10, 19, 19, 19, 0, 0, 0, 0, 28]","""[0, 6, 2, 6, 4, 4, 9, 3, 4, 8, 9, 18, 70, 50, 23, 0]"""
j10,2,proactive_quantile_0.9,600,True,22,0.06334233283996582,0.00024890899658203125,"[0, 0, 0, 0, 7, 5, 6, 9, 12, 12, 12, 0, 0, 23]","""[0, 5, 4, 4, 2, 6, 3, 2, 3, 2, 10, 23, 13, 0]"""
j10,2,reactive,600,True,22,0.06334233283996582,0.1111302375793457,"[0, 0, 0, 0, 7, 5, 6, 9, 12, 12, 12, 0, 0, 22]","[0, 5, 4, 4, 2, 6, 3, 2, 3, 2, 10, 23, 13, 0]"
j10,2,stnu,600,True,16,0.6484839916229248,0.0058820247650146484,"[0, 7, 0, 0, 4, 4, 4, 7, 15, 12, 12, 0, 0, 16]","""[0, 4, 4, 4, 6, 3, 3, 5, 1, 3, 3, 23, 13, 0]"""
j10,2,proactive_quantile_0.9,600,True,23,0.05218386650085449,0.00021910667419433594,"[0, 0, 0, 0, 5, 6, 6, 11, 15, 16, 18, 0, 0, 23]","""[0, 5, 6, 4, 3, 5, 4, 5, 2, 2, 3, 23, 13, 0]"""
j10,2,reactive,600,True,21,0.05218386650085449,0.10973286628723145,"[0, 0, 0, 0, 5, 6, 6, 11, 15, 16, 18, 0, 0, 21]","[0, 5, 6, 4, 3, 5, 4, 5, 2, 2, 3, 23, 13, 0]"
j10,2,stnu,600,True,17,0.7681934833526611,0.005955219268798828,"[0, 0, 0, 0, 4, 6, 6, 7, 8, 9, 9, 0, 0, 17]","""[0, 6, 6, 4, 2, 2, 1, 2, 3, 2, 8, 23, 13, 0]"""
j10,2,proactive_quantile_0.9,600,False,inf,0.0518033504486084,inf,"[0, 0, 0, 0, 5, 6, 6, 11, 15, 16, 18, 0, 0, 23]","""[0, 3, 4, 3, 8, 9, 3, 4, 2, 6, 1, 23, 13, 0]"""
j10,2,reactive,600,False,inf,0.0518033504486084,0.13483786582946777,"[0, 0, 0, 0, 5, 6, 6, 11, 15, 16, 18, 0, 0, 22]","[0, 3, 4, 3, 8, 9, 3, 4, 2, 6, 1, 23, 13, 0]"
j10,2,stnu,600,True,11,0.6420609951019287,0.005989789962768555,"[0, 5, 0, 0, 3, 3, 4, 6, 6, 9, 9, 0, 0, 11]","""[0, 3, 4, 3, 2, 2, 2, 3, 2, 2, 1, 23, 13, 0]"""
j10,2,proactive_quantile_0.9,600,True,23,0.13517355918884277,0.000232696533203125,"[0, 0, 0, 0, 5, 6, 6, 11, 15, 16, 18, 0, 0, 23]","""[0, 3, 4, 4, 8, 4, 4, 3, 2, 6, 5, 23, 13, 0]"""
j10,2,reactive,600,True,23,0.13517355918884277,0.13738203048706055,"[0, 0, 0, 0, 5, 6, 6, 11, 15, 16, 18, 0, 0, 23]","[0, 3, 4, 4, 8, 4, 4, 3, 2, 6, 5, 23, 13, 0]"
j10,2,stnu,600,True,19,0.7895376682281494,0.0059282779693603516,"[0, 7, 0, 0, 4, 4, 4, 6, 17, 10, 12, 0, 0, 19]","""[0, 3, 4, 4, 8, 3, 2, 3, 2, 6, 5, 23, 13, 0]"""
j10,2,proactive_quantile_0.9,600,False,inf,0.04253745079040527,inf,"[0, 0, 0, 0, 5, 6, 6, 11, 15, 16, 18, 0, 0, 23]","""[0, 8, 3, 2, 7, 4, 3, 2, 1, 4, 4, 23, 13, 0]"""
j10,2,reactive,600,False,inf,inf,inf,null,"[0, 8, 3, 2, 7, 4, 3, 2, 1, 4, 4, 23, 13, 0]"
j10,2,stnu,600,True,13,0.6110529899597168,0.0059468746185302734,"[0, 5, 0, 0, 2, 2, 3, 6, 6, 9, 9, 0, 0, 13]","""[0, 3, 3, 2, 3, 1, 3, 3, 1, 3, 4, 23, 13, 0]"""
j10,2,proactive_quantile_0.9,600,True,23,0.14429044723510742,0.0002422332763671875,"[0, 0, 0, 0, 5, 6, 6, 11, 15, 16, 18, 0, 0, 23]","""[0, 6, 6, 3, 7, 6, 2, 2, 3, 6, 4, 23, 13, 0]"""
j10,2,reactive,600,True,22,0.14429044723510742,0.08903026580810547,"[0, 0, 0, 0, 5, 6, 6, 11, 15, 16, 18, 0, 0, 22]","[0, 6, 6, 3, 7, 6, 2, 2, 3, 6, 4, 23, 13, 0]"
j10,2,stnu,600,True,19,0.5882503986358643,0.005966901779174805,"[0, 6, 0, 0, 3, 3, 6, 9, 16, 12, 12, 0, 0, 19]","""[0, 6, 6, 3, 7, 3, 3, 2, 3, 6, 4, 23, 13, 0]"""
j10,2,proactive_quantile_0.9,600,True,23,0.13897967338562012,0.00022459030151367188,"[0, 0, 0, 0, 5, 6, 6, 11, 15, 16, 18, 0, 0, 23]","""[0, 2, 4, 4, 7, 3, 5, 5, 1, 5, 4, 23, 13, 0]"""
j10,2,reactive,600,True,22,0.13897967338562012,0.1112830638885498,"[0, 0, 0, 0, 5, 6, 6, 11, 15, 16, 18, 0, 0, 22]","[0, 2, 4, 4, 7, 3, 5, 5, 1, 5, 4, 23, 13, 0]"
j10,2,stnu,600,True,16,0.5707521438598633,0.0059549808502197266,"[0, 6, 0, 0, 4, 4, 4, 5, 15, 10, 11, 0, 0, 16]","""[0, 2, 4, 4, 7, 2, 1, 5, 1, 5, 4, 23, 13, 0]"""
j10,2,proactive_quantile_0.9,600,False,inf,0.05691337585449219,inf,"[0, 0, 0, 0, 5, 6, 6, 11, 15, 16, 18, 0, 0, 23]","""[0, 5, 4, 5, 8, 8, 5, 3, 2, 6, 4, 23, 13, 0]"""
j10,2,reactive,600,False,inf,0.05691337585449219,0.10737085342407227,"[0, 0, 0, 0, 5, 6, 6, 11, 15, 16, 18, 0, 0, 22]","[0, 5, 4, 5, 8, 8, 5, 3, 2, 6, 4, 23, 13, 0]"
j10,2,stnu,600,True,14,0.6041955947875977,0.005930423736572266,"[0, 8, 0, 0, 5, 5, 5, 8, 8, 11, 10, 0, 0, 14]","""[0, 3, 4, 5, 3, 2, 2, 2, 2, 1, 4, 23, 13, 0]"""
j10,2,proactive_quantile_0.9,600,True,23,0.1429896354675293,0.00023293495178222656,"[0, 0, 0, 0, 5, 6, 6, 11, 15, 16, 18, 0, 0, 23]","""[0, 5, 6, 3, 6, 4, 3, 4, 2, 6, 3, 23, 13, 0]"""
j10,2,reactive,600,True,22,0.1429896354675293,0.11722469329833984,"[0, 0, 0, 0, 5, 6, 6, 11, 15, 16, 18, 0, 0, 22]","[0, 5, 6, 3, 6, 4, 3, 4, 2, 6, 3, 23, 13, 0]"
j10,2,stnu,600,True,14,0.9602043628692627,0.006312131881713867,"[0, 6, 0, 0, 3, 3, 6, 8, 8, 11, 11, 0, 0, 14]","""[0, 5, 6, 3, 2, 3, 2, 3, 2, 3, 3, 23, 13, 0]"""
j10,2,proactive_quantile_0.9,600,True,23,0.1425328254699707,0.00024771690368652344,"[0, 0, 0, 0, 5, 6, 6, 11, 15, 16, 18, 0, 0, 23]","""[0, 5, 5, 5, 7, 4, 5, 5, 1, 5, 3, 23, 13, 0]"""
j10,2,reactive,600,True,21,0.1425328254699707,0.10367965698242188,"[0, 0, 0, 0, 5, 6, 6, 11, 15, 16, 18, 0, 0, 21]","[0, 5, 5, 5, 7, 4, 5, 5, 1, 5, 3, 23, 13, 0]"
j10,2,stnu,600,True,15,0.7218480110168457,0.006083250045776367,"[0, 0, 0, 0, 5, 5, 5, 8, 8, 10, 10, 0, 0, 15]","""[0, 4, 5, 5, 3, 2, 2, 2, 2, 2, 5, 23, 13, 0]"""
j10,2,proactive_quantile_0.9,600,True,18,0.05659794807434082,0.0006854534149169922,"[0, 0, 0, 0, 5, 5, 8, 10, 11, 14, 5, 0, 0, 0, 0, 0, 0, 0, 69]","""[0, 1, 2, 3, 2, 4, 2, 3, 2, 2, 2, 69, 52, 33, 29, 12, 35, 64, 0]"""
j10,2,reactive,600,True,16,0.05659794807434082,0.11724519729614258,"[0, 0, 0, 0, 5, 5, 8, 10, 11, 14, 5, 0, 0, 0, 0, 0, 0, 0, 16]","[0, 1, 2, 3, 2, 4, 2, 3, 2, 2, 2, 69, 52, 33, 29, 12, 35, 64, 0]"
j10,2,stnu,600,False,inf,0.6053011417388916,inf,[],"""[0, 4, 5, 4, 2, 4, 9, 3, 4, 7, 2, 69, 52, 33, 29, 12, 35, 64, 0]"""
j10,2,proactive_quantile_0.9,600,False,inf,0.05693244934082031,inf,"[0, 0, 0, 0, 6, 6, 11, 12, 18, 18, 6, 0, 0, 0, 0, 0, 0, 0, 69]","""[0, 5, 5, 4, 4, 7, 5, 3, 4, 11, 1, 69, 52, 33, 29, 12, 35, 64, 0]"""
j10,2,reactive,600,False,inf,inf,inf,null,"[0, 5, 5, 4, 4, 7, 5, 3, 4, 11, 1, 69, 52, 33, 29, 12, 35, 64, 0]"
j10,2,stnu,600,True,12,0.7387645244598389,0.010859012603759766,"[0, 0, 0, 0, 3, 3, 4, 6, 6, 10, 3, 0, 0, 0, 0, 0, 0, 0, 12]","""[0, 2, 3, 3, 1, 3, 2, 2, 4, 2, 1, 69, 52, 33, 29, 12, 35, 64, 0]"""
j10,2,proactive_quantile_0.9,600,True,29,0.06578516960144043,0.0007131099700927734,"[0, 0, 0, 0, 6, 6, 11, 12, 18, 18, 6, 0, 0, 0, 0, 0, 0, 0, 69]","""[0, 5, 4, 4, 4, 6, 3, 5, 5, 6, 3, 69, 52, 33, 29, 12, 35, 64, 0]"""
j10,2,reactive,600,True,24,0.06578516960144043,0.07631421089172363,"[0, 0, 0, 0, 6, 6, 11, 12, 18, 18, 6, 0, 0, 0, 0, 0, 0, 0, 24]","[0, 5, 4, 4, 4, 6, 3, 5, 5, 6, 3, 69, 52, 33, 29, 12, 35, 64, 0]"
j10,2,stnu,600,False,inf,0.5881397724151611,inf,[],"""[0, 5, 4, 4, 4, 5, 3, 5, 5, 6, 3, 69, 52, 33, 29, 12, 35, 64, 0]"""
j10,2,proactive_quantile_0.9,600,True,29,0.061437368392944336,0.0007207393646240234,"[0, 0, 0, 0, 6, 6, 11, 12, 18, 18, 6, 0, 0, 0, 0, 0, 0, 0, 69]","""[0, 4, 7, 4, 4, 3, 4, 6, 4, 8, 2, 69, 52, 33, 29, 12, 35, 64, 0]"""
j10,2,reactive,600,False,inf,inf,inf,null,"[0, 4, 7, 4, 4, 3, 4, 6, 4, 8, 2, 69, 52, 33, 29, 12, 35, 64, 0]"
j10,2,stnu,600,True,14,0.6099159717559814,0.01060032844543457,"[0, 0, 0, 0, 4, 4, 6, 9, 9, 11, 4, 0, 0, 0, 0, 0, 0, 0, 14]","""[0, 1, 3, 4, 2, 3, 3, 2, 2, 3, 2, 69, 52, 33, 29, 12, 35, 64, 0]"""
j10,2,proactive_quantile_0.9,600,True,29,0.06468915939331055,0.0007216930389404297,"[0, 0, 0, 0, 6, 6, 11, 12, 18, 18, 6, 0, 0, 0, 0, 0, 0, 0, 69]","""[0, 5, 3, 6, 4, 3, 6, 3, 6, 11, 3, 69, 52, 33, 29, 12, 35, 64, 0]"""
j10,2,reactive,600,True,26,0.06468915939331055,0.05239129066467285,"[0, 0, 0, 0, 6, 6, 11, 12, 17, 15, 6, 0, 0, 0, 0, 0, 0, 0, 26]","[0, 5, 3, 6, 4, 3, 6, 3, 6, 11, 3, 69, 52, 33, 29, 12, 35, 64, 0]"
j10,2,stnu,600,True,11,0.6316828727722168,0.010628461837768555,"[0, 0, 0, 0, 4, 4, 7, 8, 8, 9, 4, 0, 0, 0, 0, 0, 0, 0, 11]","""[0, 2, 2, 4, 1, 2, 1, 1, 1, 2, 3, 69, 52, 33, 29, 12, 35, 64, 0]"""
j10,2,proactive_quantile_0.9,600,True,18,0.04925942420959473,0.0007240772247314453,"[0, 0, 0, 0, 5, 5, 8, 10, 11, 14, 5, 0, 0, 0, 0, 0, 0, 0, 69]","""[0, 2, 3, 3, 2, 5, 3, 1, 2, 2, 1, 69, 52, 33, 29, 12, 35, 64, 0]"""
j10,2,reactive,600,True,13,0.04925942420959473,0.09563589096069336,"[0, 0, 0, 0, 5, 5, 8, 10, 11, 11, 5, 0, 0, 0, 0, 0, 0, 0, 13]","[0, 2, 3, 3, 2, 5, 3, 1, 2, 2, 1, 69, 52, 33, 29, 12, 35, 64, 0]"
j10,2,stnu,600,False,inf,0.5658504962921143,inf,[],"""[0, 4, 4, 4, 5, 5, 8, 6, 4, 10, 1, 69, 52, 33, 29, 12, 35, 64, 0]"""
j10,2,proactive_quantile_0.9,600,True,29,0.060564517974853516,0.0007011890411376953,"[0, 0, 0, 0, 6, 6, 11, 12, 18, 18, 6, 0, 0, 0, 0, 0, 0, 0, 69]","""[0, 2, 6, 4, 3, 6, 6, 3, 5, 6, 1, 69, 52, 33, 29, 12, 35, 64, 0]"""
j10,2,reactive,600,True,24,0.060564517974853516,0.09084796905517578,"[0, 0, 0, 0, 6, 6, 11, 12, 18, 18, 6, 0, 0, 0, 0, 0, 0, 0, 24]","[0, 2, 6, 4, 3, 6, 6, 3, 5, 6, 1, 69, 52, 33, 29, 12, 35, 64, 0]"
j10,2,stnu,600,True,13,0.7416853904724121,0.010771512985229492,"[0, 0, 0, 0, 4, 4, 6, 8, 8, 10, 4, 0, 0, 0, 0, 0, 0, 0, 13]","""[0, 2, 3, 4, 2, 4, 1, 1, 2, 3, 1, 69, 52, 33, 29, 12, 35, 64, 0]"""
j10,2,proactive_quantile_0.9,600,True,18,0.04946494102478027,0.0006668567657470703,"[0, 0, 0, 0, 5, 5, 8, 10, 11, 14, 5, 0, 0, 0, 0, 0, 0, 0, 69]","""[0, 1, 3, 5, 3, 4, 2, 4, 2, 2, 2, 69, 52, 33, 29, 12, 35, 64, 0]"""
j10,2,reactive,600,True,16,0.04946494102478027,0.0767362117767334,"[0, 0, 0, 0, 5, 5, 8, 10, 11, 14, 5, 0, 0, 0, 0, 0, 0, 0, 16]","[0, 1, 3, 5, 3, 4, 2, 4, 2, 2, 2, 69, 52, 33, 29, 12, 35, 64, 0]"
j10,2,stnu,600,False,inf,0.5930752754211426,inf,[],"""[0, 2, 4, 5, 2, 4, 4, 5, 3, 12, 2, 69, 52, 33, 29, 12, 35, 64, 0]"""
j10,2,proactive_quantile_0.9,600,True,29,0.05617570877075195,0.0007302761077880859,"[0, 0, 0, 0, 6, 6, 11, 12, 18, 18, 6, 0, 0, 0, 0, 0, 0, 0, 69]","""[0, 4, 5, 7, 3, 5, 6, 4, 2, 11, 2, 69, 52, 33, 29, 12, 35, 64, 0]"""
j10,2,reactive,600,False,inf,inf,inf,null,"[0, 4, 5, 7, 3, 5, 6, 4, 2, 11, 2, 69, 52, 33, 29, 12, 35, 64, 0]"
j10,2,stnu,600,True,14,0.6526186466217041,0.010623455047607422,"[0, 0, 0, 0, 5, 5, 7, 8, 8, 11, 5, 0, 0, 0, 0, 0, 0, 0, 14]","""[0, 1, 1, 5, 2, 1, 1, 3, 1, 3, 2, 69, 52, 33, 29, 12, 35, 64, 0]"""
j10,2,proactive_quantile_0.9,600,False,inf,0.06179618835449219,inf,"[0, 0, 0, 0, 6, 6, 11, 12, 18, 18, 6, 0, 0, 0, 0, 0, 0, 0, 69]","""[0, 4, 5, 4, 1, 8, 6, 2, 1, 9, 2, 69, 52, 33, 29, 12, 35, 64, 0]"""
j10,2,reactive,600,False,inf,inf,inf,null,"[0, 4, 5, 4, 1, 8, 6, 2, 1, 9, 2, 69, 52, 33, 29, 12, 35, 64, 0]"
j10,2,stnu,600,True,12,0.6539254188537598,0.010521173477172852,"[0, 0, 0, 0, 3, 3, 6, 8, 8, 9, 2, 0, 0, 0, 0, 0, 0, 0, 12]","""[0, 2, 3, 2, 3, 3, 2, 1, 1, 3, 3, 69, 52, 33, 29, 12, 35, 64, 0]"""
j10,2,proactive_quantile_0.9,600,True,19,0.13762354850769043,0.0010006427764892578,"[0, 0, 0, 0, 5, 6, 12, 6, 15, 12, 6, 0, 0, 0, 0, 0, 0, 0, 0, 0, 82]","""[0, 4, 5, 3, 5, 2, 1, 5, 3, 6, 6, 27, 10, 61, 70, 68, 27, 59, 82, 69, 0]"""
j10,2,reactive,600,True,18,0.13762354850769043,0.09905862808227539,"[0, 0, 0, 0, 5, 6, 12, 6, 15, 12, 6, 0, 0, 0, 0, 0, 0, 0, 0, 0, 18]","[0, 4, 5, 3, 5, 2, 1, 5, 3, 6, 6, 27, 10, 61, 70, 68, 27, 59, 82, 69, 0]"
j10,2,stnu,600,True,22,0.6917839050292969,0.012570619583129883,"[0, 0, 0, 0, 3, 7, 13, 8, 16, 16, 8, 0, 0, 0, 0, 0, 0, 0, 0, 0, 22]","""[0, 8, 7, 3, 10, 4, 3, 4, 4, 6, 6, 27, 10, 61, 70, 68, 27, 59, 82, 69, 0]"""
j10,2,proactive_quantile_0.9,600,True,19,0.04162311553955078,0.0009839534759521484,"[0, 0, 0, 0, 5, 6, 12, 6, 15, 12, 9, 0, 0, 0, 0, 0, 0, 0, 0, 0, 82]","""[0, 4, 6, 3, 6, 1, 1, 3, 3, 3, 2, 27, 10, 61, 70, 68, 27, 59, 82, 69, 0]"""
j10,2,reactive,600,True,18,0.04162311553955078,0.11957311630249023,"[0, 0, 0, 0, 5, 6, 12, 6, 15, 12, 9, 0, 0, 0, 0, 0, 0, 0, 0, 0, 18]","[0, 4, 6, 3, 6, 1, 1, 3, 3, 3, 2, 27, 10, 61, 70, 68, 27, 59, 82, 69, 0]"
j10,2,stnu,600,True,20,0.7242691516876221,0.012566804885864258,"[0, 0, 0, 0, 3, 7, 14, 10, 17, 17, 10, 0, 0, 0, 0, 0, 0, 0, 0, 0, 20]","""[0, 10, 7, 3, 6, 7, 3, 5, 1, 3, 5, 27, 10, 61, 70, 68, 27, 59, 82, 69, 0]"""
j10,2,proactive_quantile_0.9,600,True,27,0.06544160842895508,0.0010428428649902344,"[0, 0, 0, 0, 5, 7, 16, 10, 21, 21, 10, 0, 0, 0, 0, 0, 0, 0, 0, 0, 82]","""[0, 8, 6, 5, 7, 6, 2, 11, 3, 5, 6, 27, 10, 61, 70, 68, 27, 59, 82, 69, 0]"""
j10,2,reactive,600,True,26,0.06544160842895508,0.08455419540405273,"[0, 0, 0, 0, 5, 7, 16, 10, 21, 21, 10, 0, 0, 0, 0, 0, 0, 0, 0, 0, 26]","[0, 8, 6, 5, 7, 6, 2, 11, 3, 5, 6, 27, 10, 61, 70, 68, 27, 59, 82, 69, 0]"
j10,2,stnu,600,True,24,0.8397953510284424,0.012593984603881836,"[0, 0, 0, 0, 5, 6, 12, 8, 19, 19, 8, 0, 0, 0, 0, 0, 0, 0, 0, 0, 24]","""[0, 8, 6, 5, 7, 6, 2, 11, 3, 5, 6, 27, 10, 61, 70, 68, 27, 59, 82, 69, 0]"""
j10,2,proactive_quantile_0.9,600,True,27,0.06962108612060547,0.0010292530059814453,"[0, 0, 0, 0, 5, 7, 16, 10, 21, 21, 10, 0, 0, 0, 0, 0, 0, 0, 0, 0, 82]","""[0, 5, 5, 3, 12, 5, 3, 11, 6, 4, 4, 27, 10, 61, 70, 68, 27, 59, 82, 69, 0]"""
j10,2,reactive,600,False,inf,inf,inf,null,"[0, 5, 5, 3, 12, 5, 3, 11, 6, 4, 4, 27, 10, 61, 70, 68, 27, 59, 82, 69, 0]"
j10,2,stnu,600,True,24,0.633868932723999,0.01254582405090332,"[0, 0, 0, 0, 3, 5, 15, 5, 18, 18, 5, 0, 0, 0, 0, 0, 0, 0, 0, 0, 24]","""[0, 5, 5, 3, 12, 5, 3, 11, 6, 4, 4, 27, 10, 61, 70, 68, 27, 59, 82, 69, 0]"""
j10,2,proactive_quantile_0.9,600,True,27,0.06290745735168457,0.0010459423065185547,"[0, 0, 0, 0, 5, 7, 16, 10, 21, 21, 10, 0, 0, 0, 0, 0, 0, 0, 0, 0, 82]","""[0, 9, 3, 3, 9, 7, 4, 5, 2, 6, 6, 27, 10, 61, 70, 68, 27, 59, 82, 69, 0]"""
j10,2,reactive,600,True,22,0.06290745735168457,0.08120226860046387,"[0, 0, 0, 0, 5, 7, 16, 10, 20, 15, 10, 0, 0, 0, 0, 0, 0, 0, 0, 0, 22]","[0, 9, 3, 3, 9, 7, 4, 5, 2, 6, 6, 27, 10, 61, 70, 68, 27, 59, 82, 69, 0]"
j10,2,stnu,600,True,16,0.8046059608459473,0.012862443923950195,"[0, 0, 0, 0, 3, 6, 10, 6, 12, 10, 8, 0, 0, 0, 0, 0, 0, 0, 0, 0, 16]","""[0, 6, 4, 3, 5, 2, 2, 4, 1, 6, 2, 27, 10, 61, 70, 68, 27, 59, 82, 69, 0]"""
j10,2,proactive_quantile_0.9,600,True,19,0.15358352661132812,0.0010273456573486328,"[0, 0, 0, 0, 5, 6, 12, 6, 15, 12, 6, 0, 0, 0, 0, 0, 0, 0, 0, 0, 82]","""[0, 6, 3, 5, 4, 2, 2, 4, 3, 5, 2, 27, 10, 61, 70, 68, 27, 59, 82, 69, 0]"""
j10,2,reactive,600,True,18,0.15358352661132812,0.08403539657592773,"[0, 0, 0, 0, 5, 6, 12, 6, 15, 12, 6, 0, 0, 0, 0, 0, 0, 0, 0, 0, 18]","[0, 6, 3, 5, 4, 2, 2, 4, 3, 5, 2, 27, 10, 61, 70, 68, 27, 59, 82, 69, 0]"
j10,2,stnu,600,True,25,0.7170984745025635,0.012359857559204102,"[0, 0, 0, 0, 3, 3, 11, 8, 20, 20, 8, 0, 0, 0, 0, 0, 0, 0, 0, 0, 25]","""[0, 8, 3, 3, 8, 4, 1, 12, 2, 5, 2, 27, 10, 61, 70, 68, 27, 59, 82, 69, 0]"""
j10,2,proactive_quantile_0.9,600,True,27,0.05584979057312012,0.0010237693786621094,"[0, 0, 0, 0, 5, 7, 16, 10, 21, 21, 10, 0, 0, 0, 0, 0, 0, 0, 0, 0, 82]","""[0, 8, 4, 2, 7, 3, 2, 10, 5, 7, 7, 27, 10, 61, 70, 68, 27, 59, 82, 69, 0]"""
j10,2,reactive,600,True,28,0.05584979057312012,0.08936548233032227,"[0, 0, 0, 0, 5, 7, 16, 10, 21, 21, 10, 0, 0, 0, 0, 0, 0, 0, 0, 0, 28]","[0, 8, 4, 2, 7, 3, 2, 10, 5, 7, 7, 27, 10, 61, 70, 68, 27, 59, 82, 69, 0]"
j10,2,stnu,600,True,25,0.6539497375488281,0.012705087661743164,"[0, 0, 0, 0, 2, 4, 9, 8, 18, 18, 8, 0, 0, 0, 0, 0, 0, 0, 0, 0, 25]","""[0, 8, 4, 2, 7, 3, 2, 10, 5, 7, 7, 27, 10, 61, 70, 68, 27, 59, 82, 69, 0]"""
j10,2,proactive_quantile_0.9,600,True,19,0.12940335273742676,0.001013040542602539,"[0, 0, 0, 0, 5, 6, 12, 6, 15, 12, 6, 0, 0, 0, 0, 0, 0, 0, 0, 0, 82]","""[0, 5, 6, 1, 7, 3, 3, 6, 2, 5, 7, 27, 10, 61, 70, 68, 27, 59, 82, 69, 0]"""
j10,2,reactive,600,True,17,0.12940335273742676,0.05660438537597656,"[0, 0, 0, 0, 5, 6, 12, 6, 15, 12, 6, 0, 0, 0, 0, 0, 0, 0, 0, 0, 17]","[0, 5, 6, 1, 7, 3, 3, 6, 2, 5, 7, 27, 10, 61, 70, 68, 27, 59, 82, 69, 0]"
j10,2,stnu,600,True,22,0.6099121570587158,0.012510538101196289,"[0, 0, 0, 0, 3, 4, 10, 7, 17, 17, 7, 0, 0, 0, 0, 0, 0, 0, 0, 0, 22]","""[0, 7, 4, 3, 7, 2, 2, 10, 4, 5, 7, 27, 10, 61, 70, 68, 27, 59, 82, 69, 0]"""
j10,2,proactive_quantile_0.9,600,True,19,0.0567626953125,0.0010685920715332031,"[0, 0, 0, 0, 5, 6, 12, 6, 15, 12, 9, 0, 0, 0, 0, 0, 0, 0, 0, 0, 82]","""[0, 4, 3, 4, 5, 2, 1, 3, 4, 5, 2, 27, 10, 61, 70, 68, 27, 59, 82, 69, 0]"""
j10,2,reactive,600,True,17,0.0567626953125,0.1682264804840088,"[0, 0, 0, 0, 5, 6, 12, 6, 13, 12, 9, 0, 0, 0, 0, 0, 0, 0, 0, 0, 17]","[0, 4, 3, 4, 5, 2, 1, 3, 4, 5, 2, 27, 10, 61, 70, 68, 27, 59, 82, 69, 0]"
j10,2,stnu,600,True,16,1.108241081237793,0.012931346893310547,"[0, 0, 0, 0, 4, 6, 9, 4, 11, 11, 6, 0, 0, 0, 0, 0, 0, 0, 0, 0, 16]","""[0, 4, 6, 4, 5, 5, 1, 3, 5, 5, 2, 27, 10, 61, 70, 68, 27, 59, 82, 69, 0]"""
j10,2,proactive_quantile_0.9,600,True,27,0.06419658660888672,0.0010139942169189453,"[0, 0, 0, 0, 5, 7, 16, 10, 21, 21, 10, 0, 0, 0, 0, 0, 0, 0, 0, 0, 82]","""[0, 4, 4, 1, 8, 5, 3, 7, 3, 4, 7, 27, 10, 61, 70, 68, 27, 59, 82, 69, 0]"""
j10,2,reactive,600,True,25,0.06419658660888672,0.10568523406982422,"[0, 0, 0, 0, 5, 7, 16, 10, 21, 21, 10, 0, 0, 0, 0, 0, 0, 0, 0, 0, 25]","[0, 4, 4, 1, 8, 5, 3, 7, 3, 4, 7, 27, 10, 61, 70, 68, 27, 59, 82, 69, 0]"
j10,2,stnu,600,True,16,0.6491134166717529,0.012523651123046875,"[0, 0, 0, 0, 1, 4, 9, 4, 12, 12, 4, 0, 0, 0, 0, 0, 0, 0, 0, 0, 16]","""[0, 4, 4, 1, 8, 5, 3, 7, 3, 4, 7, 27, 10, 61, 70, 68, 27, 59, 82, 69, 0]"""
j10,2,proactive_quantile_0.9,600,True,23,0.10585784912109375,0.0006957054138183594,"[0, 0, 0, 0, 7, 10, 7, 10, 10, 10, 17, 0, 0, 0, 0, 0, 81]","""[0, 4, 2, 7, 3, 6, 3, 6, 5, 6, 7, 69, 24, 57, 49, 81, 0]"""
j10,2,reactive,600,True,24,0.10585784912109375,0.05981779098510742,"[0, 0, 0, 0, 7, 10, 7, 10, 10, 10, 17, 0, 0, 0, 0, 0, 24]","[0, 4, 2, 7, 3, 6, 3, 6, 5, 6, 7, 69, 24, 57, 49, 81, 0]"
j10,2,stnu,600,True,27,0.646752119064331,0.008351564407348633,"[0, 0, 0, 0, 7, 13, 7, 13, 13, 13, 22, 0, 0, 0, 0, 0, 27]","""[0, 6, 10, 7, 6, 3, 6, 9, 5, 5, 5, 69, 24, 57, 49, 81, 0]"""
j10,2,proactive_quantile_0.9,600,True,23,0.0822751522064209,0.0006549358367919922,"[0, 0, 0, 0, 7, 10, 7, 10, 10, 10, 17, 0, 0, 0, 0, 0, 81]","""[0, 3, 1, 2, 1, 4, 1, 7, 6, 7, 3, 69, 24, 57, 49, 81, 0]"""
j10,2,reactive,600,True,20,0.0822751522064209,0.08344459533691406,"[0, 0, 0, 0, 7, 10, 7, 10, 10, 10, 17, 0, 0, 0, 0, 0, 20]","[0, 3, 1, 2, 1, 4, 1, 7, 6, 7, 3, 69, 24, 57, 49, 81, 0]"
j10,2,stnu,600,True,24,0.6550841331481934,0.00829172134399414,"[0, 0, 0, 0, 6, 10, 6, 12, 12, 12, 18, 0, 0, 0, 0, 0, 24]","""[0, 4, 10, 6, 4, 5, 6, 6, 6, 6, 6, 69, 24, 57, 49, 81, 0]"""
j10,2,proactive_quantile_0.9,600,True,23,0.12868309020996094,0.0006804466247558594,"[0, 0, 0, 0, 7, 10, 7, 10, 10, 10, 17, 0, 0, 0, 0, 0, 81]","""[0, 3, 2, 5, 3, 6, 3, 7, 5, 3, 5, 69, 24, 57, 49, 81, 0]"""
j10,2,reactive,600,True,22,0.12868309020996094,0.06331729888916016,"[0, 0, 0, 0, 7, 10, 7, 10, 10, 10, 17, 0, 0, 0, 0, 0, 22]","[0, 3, 2, 5, 3, 6, 3, 7, 5, 3, 5, 69, 24, 57, 49, 81, 0]"
j10,2,stnu,600,True,23,0.6569263935089111,0.0083770751953125,"[0, 0, 0, 0, 6, 10, 6, 11, 11, 11, 18, 0, 0, 0, 0, 0, 23]","""[0, 6, 6, 5, 4, 3, 5, 7, 5, 6, 5, 69, 24, 57, 49, 81, 0]"""
j10,2,proactive_quantile_0.9,600,True,23,0.13527750968933105,0.0006551742553710938,"[0, 0, 0, 0, 7, 10, 7, 10, 10, 10, 17, 0, 0, 0, 0, 0, 81]","""[0, 1, 3, 5, 2, 5, 2, 4, 4, 4, 2, 69, 24, 57, 49, 81, 0]"""
j10,2,reactive,600,True,17,0.13527750968933105,0.09016299247741699,"[0, 0, 0, 0, 7, 10, 7, 10, 10, 10, 15, 0, 0, 0, 0, 0, 17]","[0, 1, 3, 5, 2, 5, 2, 4, 4, 4, 2, 69, 24, 57, 49, 81, 0]"
j10,2,stnu,600,True,24,0.6429212093353271,0.00827479362487793,"[0, 0, 0, 0, 6, 11, 6, 11, 11, 11, 19, 0, 0, 0, 0, 0, 24]","""[0, 6, 7, 4, 5, 5, 5, 8, 4, 5, 5, 69, 24, 57, 49, 81, 0]"""
j10,2,proactive_quantile_0.9,600,True,23,0.13055658340454102,0.0006799697875976562,"[0, 0, 0, 0, 7, 10, 7, 10, 10, 10, 17, 0, 0, 0, 0, 0, 81]","""[0, 5, 3, 4, 2, 6, 2, 6, 6, 5, 4, 69, 24, 57, 49, 81, 0]"""
j10,2,reactive,600,True,21,0.13055658340454102,0.06768274307250977,"[0, 0, 0, 0, 7, 10, 7, 10, 10, 10, 17, 0, 0, 0, 0, 0, 21]","[0, 5, 3, 4, 2, 6, 2, 6, 6, 5, 4, 69, 24, 57, 49, 81, 0]"
j10,2,stnu,600,True,30,0.6685144901275635,0.008502006530761719,"[0, 0, 0, 0, 12, 18, 12, 18, 18, 16, 23, 0, 0, 0, 0, 0, 30]","""[0, 3, 11, 12, 6, 5, 4, 5, 6, 5, 7, 69, 24, 57, 49, 81, 0]"""
j10,2,proactive_quantile_0.9,600,True,23,0.1318225860595703,0.0006871223449707031,"[0, 0, 0, 0, 7, 10, 7, 10, 10, 10, 17, 0, 0, 0, 0, 0, 81]","""[0, 4, 2, 6, 2, 8, 2, 5, 3, 6, 5, 69, 24, 57, 49, 81, 0]"""
j10,2,reactive,600,False,inf,inf,inf,null,"[0, 4, 2, 6, 2, 8, 2, 5, 3, 6, 5, 69, 24, 57, 49, 81, 0]"
j10,2,stnu,600,True,23,0.6152727603912354,0.008298158645629883,"[0, 0, 0, 0, 6, 10, 6, 12, 12, 12, 17, 0, 0, 0, 0, 0, 23]","""[0, 2, 10, 6, 4, 5, 6, 5, 3, 6, 6, 69, 24, 57, 49, 81, 0]"""
j10,2,proactive_quantile_0.9,600,True,31,0.05397176742553711,0.0007052421569824219,"[0, 0, 0, 0, 9, 16, 9, 16, 16, 16, 25, 0, 0, 0, 0, 0, 81]","""[0, 7, 8, 8, 4, 6, 6, 7, 5, 5, 4, 69, 24, 57, 49, 81, 0]"""
j10,2,reactive,600,True,29,0.05397176742553711,0.10020732879638672,"[0, 0, 0, 0, 9, 16, 9, 16, 16, 16, 25, 0, 0, 0, 0, 0, 29]","[0, 7, 8, 8, 4, 6, 6, 7, 5, 5, 4, 69, 24, 57, 49, 81, 0]"
j10,2,stnu,600,True,19,0.6927828788757324,0.008466720581054688,"[0, 0, 0, 0, 4, 6, 4, 6, 6, 6, 13, 0, 0, 0, 0, 0, 19]","""[0, 4, 2, 4, 2, 4, 2, 7, 2, 6, 6, 69, 24, 57, 49, 81, 0]"""
j10,2,proactive_quantile_0.9,600,True,31,0.04475736618041992,0.0006999969482421875,"[0, 0, 0, 0, 9, 16, 9, 16, 16, 16, 25, 0, 0, 0, 0, 0, 81]","""[0, 5, 11, 5, 4, 6, 3, 5, 6, 9, 5, 69, 24, 57, 49, 81, 0]"""
j10,2,reactive,600,True,30,0.04475736618041992,0.07703065872192383,"[0, 0, 0, 0, 9, 16, 9, 16, 16, 16, 25, 0, 0, 0, 0, 0, 30]","[0, 5, 11, 5, 4, 6, 3, 5, 6, 9, 5, 69, 24, 57, 49, 81, 0]"
j10,2,stnu,600,True,24,0.7504074573516846,0.00818014144897461,"[0, 0, 0, 0, 5, 11, 5, 11, 9, 8, 17, 0, 0, 0, 0, 0, 24]","""[0, 5, 11, 5, 4, 6, 3, 5, 6, 9, 7, 69, 24, 57, 49, 81, 0]"""
j10,2,proactive_quantile_0.9,600,True,31,0.05553936958312988,0.0007054805755615234,"[0, 0, 0, 0, 9, 16, 9, 16, 16, 16, 25, 0, 0, 0, 0, 0, 81]","""[0, 4, 10, 6, 4, 3, 4, 7, 6, 4, 5, 69, 24, 57, 49, 81, 0]"""
j10,2,reactive,600,True,30,0.05553936958312988,0.09665870666503906,"[0, 0, 0, 0, 9, 16, 9, 16, 16, 16, 25, 0, 0, 0, 0, 0, 30]","[0, 4, 10, 6, 4, 3, 4, 7, 6, 4, 5, 69, 24, 57, 49, 81, 0]"
j10,2,stnu,600,True,23,0.5968246459960938,0.008255481719970703,"[0, 0, 0, 0, 6, 10, 6, 10, 10, 10, 17, 0, 0, 0, 0, 0, 23]","""[0, 4, 10, 6, 4, 3, 4, 7, 6, 4, 6, 69, 24, 57, 49, 81, 0]"""
j10,2,proactive_quantile_0.9,600,True,31,0.05245089530944824,0.0006961822509765625,"[0, 0, 0, 0, 9, 16, 9, 16, 16, 16, 25, 0, 0, 0, 0, 0, 81]","""[0, 5, 11, 4, 6, 5, 3, 7, 7, 7, 5, 69, 24, 57, 49, 81, 0]"""
j10,2,reactive,600,True,30,0.05245089530944824,0.07021355628967285,"[0, 0, 0, 0, 9, 16, 9, 16, 16, 16, 25, 0, 0, 0, 0, 0, 30]","[0, 5, 11, 4, 6, 5, 3, 7, 7, 7, 5, 69, 24, 57, 49, 81, 0]"
j10,2,stnu,600,True,24,0.6882684230804443,0.008291482925415039,"[0, 0, 0, 0, 5, 11, 5, 11, 11, 8, 18, 0, 0, 0, 0, 0, 24]","""[0, 5, 11, 4, 6, 5, 3, 7, 7, 7, 6, 69, 24, 57, 49, 81, 0]"""
j10,2,proactive_quantile_0.9,600,True,26,0.13318252563476562,0.0002090930938720703,"[0, 0, 5, 0, 10, 13, 17, 13, 22, 22, 13, 0, 33]","""[0, 4, 5, 1, 2, 1, 3, 6, 2, 2, 8, 33, 0]"""
j10,2,reactive,600,True,22,0.13318252563476562,0.11776351928710938,"[0, 0, 5, 0, 10, 13, 17, 13, 20, 19, 13, 0, 22]","[0, 4, 5, 1, 2, 1, 3, 6, 2, 2, 8, 33, 0]"
j10,2,stnu,600,True,25,0.6441478729248047,0.005237579345703125,"[0, 5, 0, 0, 5, 12, 14, 12, 20, 20, 12, 0, 25]","""[0, 7, 5, 6, 6, 2, 5, 6, 5, 4, 8, 33, 0]"""
j10,2,proactive_quantile_0.9,600,True,22,0.05454277992248535,0.0002071857452392578,"[0, 5, 0, 0, 5, 8, 12, 8, 16, 12, 16, 0, 33]","""[0, 4, 3, 5, 1, 2, 3, 1, 3, 3, 5, 33, 0]"""
j10,2,reactive,600,True,21,0.05454277992248535,0.11353111267089844,"[0, 5, 0, 0, 5, 8, 12, 8, 16, 12, 16, 0, 21]","[0, 4, 3, 5, 1, 2, 3, 1, 3, 3, 5, 33, 0]"
j10,2,stnu,600,True,15,0.768458366394043,0.005326271057128906,"[0, 0, 0, 3, 3, 8, 10, 8, 13, 10, 4, 0, 15]","""[0, 4, 3, 5, 1, 2, 3, 1, 2, 2, 5, 33, 0]"""
j10,2,proactive_quantile_0.9,600,True,26,0.13246774673461914,0.0002143383026123047,"[0, 0, 5, 0, 10, 13, 17, 13, 22, 22, 13, 0, 33]","""[0, 4, 5, 4, 1, 1, 2, 5, 2, 3, 5, 33, 0]"""
j10,2,reactive,600,True,21,0.13246774673461914,0.13768696784973145,"[0, 0, 5, 0, 10, 13, 17, 13, 19, 18, 13, 0, 21]","[0, 4, 5, 4, 1, 1, 2, 5, 2, 3, 5, 33, 0]"
j10,2,stnu,600,True,22,0.6645717620849609,0.005384206771850586,"[0, 5, 0, 0, 5, 13, 15, 13, 20, 18, 13, 0, 22]","""[0, 8, 5, 6, 8, 2, 5, 5, 1, 4, 5, 33, 0]"""
j10,2,proactive_quantile_0.9,600,True,22,0.03780508041381836,0.00021076202392578125,"[0, 5, 0, 0, 5, 8, 12, 8, 16, 12, 16, 0, 33]","""[0, 3, 5, 3, 1, 4, 2, 2, 4, 3, 5, 33, 0]"""
j10,2,reactive,600,True,19,0.03780508041381836,0.11019468307495117,"[0, 5, 0, 0, 5, 8, 12, 8, 14, 12, 14, 0, 19]","[0, 3, 5, 3, 1, 4, 2, 2, 4, 3, 5, 33, 0]"
j10,2,stnu,600,True,14,0.6936790943145752,0.005158185958862305,"[0, 5, 0, 0, 5, 6, 8, 6, 10, 8, 8, 0, 14]","""[0, 3, 5, 3, 1, 2, 2, 2, 4, 2, 5, 33, 0]"""
j10,2,proactive_quantile_0.9,600,True,22,0.05612635612487793,0.0002448558807373047,"[0, 5, 0, 0, 5, 8, 12, 8, 16, 12, 16, 0, 33]","""[0, 5, 3, 3, 1, 3, 2, 2, 3, 5, 6, 33, 0]"""
j10,2,reactive,600,True,22,0.05612635612487793,0.10223722457885742,"[0, 5, 0, 0, 5, 8, 12, 8, 16, 12, 16, 0, 22]","[0, 5, 3, 3, 1, 3, 2, 2, 3, 5, 6, 33, 0]"
j10,2,stnu,600,True,12,0.9205131530761719,0.005384683609008789,"[0, 0, 0, 3, 3, 6, 9, 6, 11, 9, 5, 0, 12]","""[0, 5, 3, 3, 1, 3, 2, 2, 1, 2, 6, 33, 0]"""
j10,2,proactive_quantile_0.9,600,True,22,0.05894827842712402,0.0002079010009765625,"[0, 5, 0, 0, 5, 8, 12, 8, 16, 12, 16, 0, 33]","""[0, 4, 2, 1, 2, 4, 2, 2, 4, 5, 4, 33, 0]"""
j10,2,reactive,600,True,20,0.05894827842712402,0.11493945121765137,"[0, 5, 0, 0, 5, 8, 12, 8, 16, 12, 16, 0, 20]","[0, 4, 2, 1, 2, 4, 2, 2, 4, 5, 4, 33, 0]"
j10,2,stnu,600,True,12,0.6979668140411377,0.005143642425537109,"[0, 2, 0, 0, 2, 4, 6, 4, 8, 6, 6, 0, 12]","""[0, 4, 2, 1, 2, 2, 2, 2, 4, 2, 4, 33, 0]"""
j10,2,proactive_quantile_0.9,600,True,26,0.1434471607208252,0.00030803680419921875,"[0, 0, 5, 0, 10, 13, 17, 13, 22, 22, 13, 0, 33]","""[0, 5, 4, 5, 3, 2, 1, 7, 3, 3, 4, 33, 0]"""
j10,2,reactive,600,True,25,0.1434471607208252,0.07880854606628418,"[0, 0, 5, 0, 10, 13, 17, 13, 22, 22, 13, 0, 25]","[0, 5, 4, 5, 3, 2, 1, 7, 3, 3, 4, 33, 0]"
j10,2,stnu,600,True,15,0.6769580841064453,0.0053369998931884766,"[0, 5, 0, 0, 5, 8, 10, 8, 11, 10, 10, 0, 15]","""[0, 5, 4, 5, 3, 2, 1, 2, 3, 3, 5, 33, 0]"""
j10,2,proactive_quantile_0.9,600,True,26,0.13823652267456055,0.0002491474151611328,"[0, 0, 5, 0, 10, 13, 17, 13, 22, 22, 13, 0, 33]","""[0, 5, 5, 3, 3, 3, 3, 10, 2, 3, 7, 33, 0]"""
j10,2,reactive,600,False,inf,inf,inf,null,"[0, 5, 5, 3, 3, 3, 3, 10, 2, 3, 7, 33, 0]"
j10,2,stnu,600,True,29,0.6902520656585693,0.005349159240722656,"[0, 5, 0, 0, 5, 14, 16, 14, 23, 24, 14, 0, 29]","""[0, 9, 5, 5, 9, 2, 7, 10, 5, 5, 7, 33, 0]"""
j10,2,proactive_quantile_0.9,600,True,30,0.05417132377624512,0.0002532005310058594,"[0, 5, 0, 0, 5, 14, 18, 14, 25, 23, 14, 0, 33]","""[0, 4, 3, 9, 8, 1, 7, 8, 5, 6, 9, 33, 0]"""
j10,2,reactive,600,True,30,0.05417132377624512,0.0792853832244873,"[0, 5, 0, 0, 5, 14, 18, 14, 25, 22, 14, 0, 30]","[0, 4, 3, 9, 8, 1, 7, 8, 5, 6, 9, 33, 0]"
j10,2,stnu,600,True,26,0.6533100605010986,0.005388021469116211,"[0, 3, 0, 0, 3, 11, 12, 11, 20, 20, 11, 0, 26]","""[0, 4, 3, 9, 8, 1, 7, 8, 5, 6, 9, 33, 0]"""
j10,2,proactive_quantile_0.9,600,True,26,0.1446223258972168,0.0002605915069580078,"[0, 0, 5, 0, 10, 13, 17, 13, 22, 22, 13, 0, 33]","""[0, 1, 3, 3, 3, 2, 3, 8, 2, 3, 10, 33, 0]"""
j10,2,reactive,600,True,25,0.1446223258972168,0.12188959121704102,"[0, 0, 5, 0, 10, 13, 17, 13, 22, 22, 13, 0, 25]","[0, 1, 3, 3, 3, 2, 3, 8, 2, 3, 10, 33, 0]"
j10,2,stnu,600,True,13,0.6727499961853027,0.00527191162109375,"[0, 3, 0, 0, 3, 6, 8, 6, 11, 8, 8, 0, 13]","""[0, 1, 3, 3, 3, 2, 3, 1, 2, 3, 2, 33, 0]"""
j10,2,proactive_quantile_0.9,600,False,inf,0.054132938385009766,inf,"[0, 0, 0, 0, 4, 4, 9, 10, 14, 9, 16, 0, 0, 0, 0, 0, 0, 0, 75]","""[0, 3, 3, 3, 6, 5, 4, 8, 7, 2, 3, 49, 31, 31, 75, 72, 52, 34, 0]"""
j10,2,reactive,600,False,inf,inf,inf,null,"[0, 3, 3, 3, 6, 5, 4, 8, 7, 2, 3, 49, 31, 31, 75, 72, 52, 34, 0]"
j10,2,stnu,600,False,inf,0.6348874568939209,inf,[],"""[0, 4, 3, 4, 5, 5, 3, 4, 11, 4, 4, 49, 31, 31, 75, 72, 52, 34, 0]"""
j10,2,proactive_quantile_0.9,600,True,31,0.05455780029296875,0.0008320808410644531,"[0, 0, 0, 0, 5, 5, 14, 15, 20, 14, 24, 0, 0, 0, 0, 0, 0, 0, 75]","""[0, 5, 3, 5, 7, 7, 3, 7, 9, 3, 1, 49, 31, 31, 75, 72, 52, 34, 0]"""
j10,2,reactive,600,True,29,0.05455780029296875,0.11118364334106445,"[0, 0, 0, 0, 5, 5, 14, 15, 20, 14, 24, 0, 0, 0, 0, 0, 0, 0, 29]","[0, 5, 3, 5, 7, 7, 3, 7, 9, 3, 1, 49, 31, 31, 75, 72, 52, 34, 0]"
j10,2,stnu,600,False,inf,0.6019423007965088,inf,[],"""[0, 5, 3, 5, 7, 7, 3, 7, 9, 3, 1, 49, 31, 31, 75, 72, 52, 34, 0]"""
j10,2,proactive_quantile_0.9,600,True,31,0.06509232521057129,0.0008306503295898438,"[0, 0, 0, 0, 5, 5, 14, 15, 20, 14, 24, 0, 0, 0, 0, 0, 0, 0, 75]","""[0, 4, 4, 8, 7, 7, 3, 5, 8, 4, 4, 49, 31, 31, 75, 72, 52, 34, 0]"""
j10,2,reactive,600,True,28,0.06509232521057129,0.13140630722045898,"[0, 0, 0, 0, 5, 5, 14, 15, 20, 14, 24, 0, 0, 0, 0, 0, 0, 0, 28]","[0, 4, 4, 8, 7, 7, 3, 5, 8, 4, 4, 49, 31, 31, 75, 72, 52, 34, 0]"
j10,2,stnu,600,False,inf,0.6910006999969482,inf,[],"""[0, 4, 4, 8, 7, 7, 3, 5, 8, 4, 4, 49, 31, 31, 75, 72, 52, 34, 0]"""
j10,2,proactive_quantile_0.9,600,True,31,0.07170462608337402,0.0009157657623291016,"[0, 0, 0, 0, 5, 5, 14, 15, 20, 14, 24, 0, 0, 0, 0, 0, 0, 0, 75]","""[0, 3, 3, 6, 8, 7, 4, 8, 9, 6, 4, 49, 31, 31, 75, 72, 52, 34, 0]"""
j10,2,reactive,600,True,29,0.07170462608337402,0.1345384120941162,"[0, 0, 0, 0, 5, 5, 14, 15, 20, 14, 24, 0, 0, 0, 0, 0, 0, 0, 29]","[0, 3, 3, 6, 8, 7, 4, 8, 9, 6, 4, 49, 31, 31, 75, 72, 52, 34, 0]"
j10,2,stnu,600,False,inf,0.6184992790222168,inf,[],"""[0, 3, 3, 6, 8, 7, 4, 8, 9, 6, 4, 49, 31, 31, 75, 72, 52, 34, 0]"""
j10,2,proactive_quantile_0.9,600,False,inf,0.1211550235748291,inf,"[0, 0, 0, 0, 4, 4, 9, 10, 14, 9, 16, 0, 0, 0, 0, 0, 0, 0, 75]","""[0, 3, 3, 4, 4, 7, 2, 3, 5, 2, 4, 49, 31, 31, 75, 72, 52, 34, 0]"""
j10,2,reactive,600,False,inf,inf,inf,null,"[0, 3, 3, 4, 4, 7, 2, 3, 5, 2, 4, 49, 31, 31, 75, 72, 52, 34, 0]"
j10,2,stnu,600,True,20,0.7183442115783691,0.01077127456665039,"[0, 0, 0, 0, 4, 4, 8, 11, 11, 8, 17, 0, 0, 0, 0, 0, 0, 0, 20]","""[0, 3, 3, 4, 4, 7, 2, 6, 5, 2, 3, 49, 31, 31, 75, 72, 52, 34, 0]"""
j10,2,proactive_quantile_0.9,600,False,inf,0.0528867244720459,inf,"[0, 0, 0, 0, 4, 4, 9, 10, 14, 9, 16, 0, 0, 0, 0, 0, 0, 0, 75]","""[0, 4, 3, 2, 3, 7, 3, 5, 8, 5, 4, 49, 31, 31, 75, 72, 52, 34, 0]"""
j10,2,reactive,600,False,inf,inf,inf,null,"[0, 4, 3, 2, 3, 7, 3, 5, 8, 5, 4, 49, 31, 31, 75, 72, 52, 34, 0]"
j10,2,stnu,600,False,inf,0.6109580993652344,inf,[],"""[0, 4, 6, 7, 6, 8, 6, 6, 10, 4, 5, 49, 31, 31, 75, 72, 52, 34, 0]"""
j10,2,proactive_quantile_0.9,600,True,24,0.07718467712402344,0.0007905960083007812,"[0, 0, 0, 0, 4, 4, 9, 10, 14, 9, 16, 0, 0, 0, 0, 0, 0, 0, 75]","""[0, 3, 2, 3, 3, 4, 4, 4, 7, 5, 4, 49, 31, 31, 75, 72, 52, 34, 0]"""
j10,2,reactive,600,True,21,0.07718467712402344,0.10815739631652832,"[0, 0, 0, 0, 4, 4, 9, 10, 14, 9, 16, 0, 0, 0, 0, 0, 0, 0, 21]","[0, 3, 2, 3, 3, 4, 4, 4, 7, 5, 4, 49, 31, 31, 75, 72, 52, 34, 0]"
j10,2,stnu,600,False,inf,0.6518845558166504,inf,[],"""[0, 4, 4, 6, 10, 6, 4, 7, 8, 5, 3, 49, 31, 31, 75, 72, 52, 34, 0]"""
j10,2,proactive_quantile_0.9,600,True,31,0.06915807723999023,0.0008547306060791016,"[0, 0, 0, 0, 5, 5, 14, 15, 20, 14, 24, 0, 0, 0, 0, 0, 0, 0, 75]","""[0, 3, 4, 9, 6, 5, 5, 6, 11, 6, 3, 49, 31, 31, 75, 72, 52, 34, 0]"""
j10,2,reactive,600,True,31,0.06915807723999023,0.21578335762023926,"[0, 0, 0, 0, 5, 5, 14, 15, 20, 14, 21, 0, 0, 0, 0, 0, 0, 0, 31]","[0, 3, 4, 9, 6, 5, 5, 6, 11, 6, 3, 49, 31, 31, 75, 72, 52, 34, 0]"
j10,2,stnu,600,False,inf,0.6012182235717773,inf,[],"""[0, 3, 4, 9, 6, 5, 5, 6, 11, 6, 3, 49, 31, 31, 75, 72, 52, 34, 0]"""
j10,2,proactive_quantile_0.9,600,True,31,0.07010126113891602,0.0008096694946289062,"[0, 0, 0, 0, 5, 5, 14, 15, 20, 14, 24, 0, 0, 0, 0, 0, 0, 0, 75]","""[0, 4, 4, 6, 8, 7, 4, 6, 9, 4, 3, 49, 31, 31, 75, 72, 52, 34, 0]"""
j10,2,reactive,600,True,29,0.07010126113891602,0.11934399604797363,"[0, 0, 0, 0, 5, 5, 14, 15, 20, 14, 24, 0, 0, 0, 0, 0, 0, 0, 29]","[0, 4, 4, 6, 8, 7, 4, 6, 9, 4, 3, 49, 31, 31, 75, 72, 52, 34, 0]"
j10,2,stnu,600,True,17,0.6350698471069336,0.011190652847290039,"[0, 0, 0, 0, 3, 3, 5, 7, 9, 5, 11, 0, 0, 0, 0, 0, 0, 0, 17]","""[0, 3, 1, 3, 2, 4, 2, 4, 8, 4, 2, 49, 31, 31, 75, 72, 52, 34, 0]"""
j10,2,proactive_quantile_0.9,600,True,31,0.061716556549072266,0.0008158683776855469,"[0, 0, 0, 0, 5, 5, 14, 15, 20, 14, 24, 0, 0, 0, 0, 0, 0, 0, 75]","""[0, 4, 2, 6, 4, 4, 7, 8, 11, 6, 2, 49, 31, 31, 75, 72, 52, 34, 0]"""
j10,2,reactive,600,False,inf,inf,inf,null,"[0, 4, 2, 6, 4, 4, 7, 8, 11, 6, 2, 49, 31, 31, 75, 72, 52, 34, 0]"
j10,2,stnu,600,False,inf,0.5704078674316406,inf,[],"""[0, 4, 2, 6, 4, 4, 7, 8, 11, 6, 2, 49, 31, 31, 75, 72, 52, 34, 0]"""
j10,2,proactive_quantile_0.9,600,False,inf,0.197709321975708,inf,"[0, 0, 12, 16, 3, 3, 25, 13, 35, 35, 25, 0, 0, 0, 0, 0, 0, 74]","""[0, 1, 3, 9, 8, 6, 12, 6, 5, 7, 3, 22, 17, 49, 74, 73, 30, 0]"""
j10,2,reactive,600,False,inf,inf,inf,null,"[0, 1, 3, 9, 8, 6, 12, 6, 5, 7, 3, 22, 17, 49, 74, 73, 30, 0]"
j10,2,stnu,600,False,inf,0.5781934261322021,inf,[],"""[0, 1, 3, 4, 2, 7, 4, 6, 5, 7, 6, 22, 17, 49, 74, 73, 30, 0]"""
j10,2,proactive_quantile_0.9,600,True,31,0.05580449104309082,0.0006630420684814453,"[0, 0, 0, 6, 3, 3, 14, 6, 26, 19, 18, 0, 0, 0, 0, 0, 0, 74]","""[0, 2, 2, 2, 3, 9, 2, 11, 4, 4, 8, 22, 17, 49, 74, 73, 30, 0]"""
j10,2,reactive,600,True,27,0.05580449104309082,0.12815117835998535,"[0, 0, 0, 6, 3, 3, 14, 6, 23, 19, 18, 0, 0, 0, 0, 0, 0, 27]","[0, 2, 2, 2, 3, 9, 2, 11, 4, 4, 8, 22, 17, 49, 74, 73, 30, 0]"
j10,2,stnu,600,False,inf,0.5755472183227539,inf,[],"""[0, 2, 2, 2, 3, 9, 2, 11, 4, 4, 8, 22, 17, 49, 74, 73, 30, 0]"""
j10,2,proactive_quantile_0.9,600,True,31,0.05438065528869629,0.0006771087646484375,"[0, 0, 0, 6, 3, 3, 14, 6, 26, 19, 18, 0, 0, 0, 0, 0, 0, 74]","""[0, 1, 3, 4, 2, 12, 2, 12, 5, 5, 8, 22, 17, 49, 74, 73, 30, 0]"""
j10,2,reactive,600,False,inf,inf,inf,null,"[0, 1, 3, 4, 2, 12, 2, 12, 5, 5, 8, 22, 17, 49, 74, 73, 30, 0]"
j10,2,stnu,600,False,inf,0.581695556640625,inf,[],"""[0, 1, 3, 4, 2, 12, 2, 12, 5, 5, 8, 22, 17, 49, 74, 73, 30, 0]"""
j10,2,proactive_quantile_0.9,600,True,31,0.058945655822753906,0.0007238388061523438,"[0, 0, 0, 6, 3, 3, 14, 6, 26, 19, 18, 0, 0, 0, 0, 0, 0, 74]","""[0, 2, 3, 4, 2, 12, 3, 10, 3, 4, 6, 22, 17, 49, 74, 73, 30, 0]"""
j10,2,reactive,600,False,inf,inf,inf,null,"[0, 2, 3, 4, 2, 12, 3, 10, 3, 4, 6, 22, 17, 49, 74, 73, 30, 0]"
j10,2,stnu,600,False,inf,0.5975658893585205,inf,[],"""[0, 2, 3, 4, 2, 12, 3, 10, 3, 4, 6, 22, 17, 49, 74, 73, 30, 0]"""
j10,2,proactive_quantile_0.9,600,True,31,0.058641910552978516,0.0006647109985351562,"[0, 0, 0, 6, 3, 3, 14, 6, 26, 19, 18, 0, 0, 0, 0, 0, 0, 74]","""[0, 1, 1, 5, 2, 7, 4, 10, 1, 5, 7, 22, 17, 49, 74, 73, 30, 0]"""
j10,2,reactive,600,True,25,0.058641910552978516,0.16932058334350586,"[0, 0, 0, 6, 3, 3, 14, 6, 18, 19, 18, 0, 0, 0, 0, 0, 0, 25]","[0, 1, 1, 5, 2, 7, 4, 10, 1, 5, 7, 22, 17, 49, 74, 73, 30, 0]"
j10,2,stnu,600,False,inf,0.595095157623291,inf,[],"""[0, 1, 1, 5, 2, 7, 4, 10, 1, 5, 7, 22, 17, 49, 74, 73, 30, 0]"""
j10,2,proactive_quantile_0.9,600,True,31,0.13484978675842285,0.0006589889526367188,"[0, 0, 0, 6, 3, 3, 14, 6, 26, 19, 18, 0, 0, 0, 0, 0, 0, 74]","""[0, 1, 3, 3, 2, 5, 4, 10, 3, 6, 8, 22, 17, 49, 74, 73, 30, 0]"""
j10,2,reactive,600,True,29,0.13484978675842285,0.15894484519958496,"[0, 0, 0, 6, 3, 3, 14, 6, 26, 19, 18, 0, 0, 0, 0, 0, 0, 29]","[0, 1, 3, 3, 2, 5, 4, 10, 3, 6, 8, 22, 17, 49, 74, 73, 30, 0]"
j10,2,stnu,600,False,inf,0.6454503536224365,inf,[],"""[0, 1, 3, 3, 2, 5, 4, 10, 3, 6, 8, 22, 17, 49, 74, 73, 30, 0]"""
j10,2,proactive_quantile_0.9,600,True,31,0.05876803398132324,0.0006592273712158203,"[0, 0, 0, 6, 3, 3, 14, 6, 26, 19, 18, 0, 0, 0, 0, 0, 0, 74]","""[0, 2, 2, 4, 1, 7, 2, 9, 4, 4, 6, 22, 17, 49, 74, 73, 30, 0]"""
j10,2,reactive,600,True,30,0.05876803398132324,0.15027928352355957,"[0, 0, 0, 6, 3, 3, 14, 6, 26, 19, 18, 0, 0, 0, 0, 0, 0, 30]","[0, 2, 2, 4, 1, 7, 2, 9, 4, 4, 6, 22, 17, 49, 74, 73, 30, 0]"
j10,2,stnu,600,False,inf,0.6014425754547119,inf,[],"""[0, 2, 2, 4, 1, 7, 2, 9, 4, 4, 6, 22, 17, 49, 74, 73, 30, 0]"""
j10,2,proactive_quantile_0.9,600,True,31,0.0624997615814209,0.0006623268127441406,"[0, 0, 0, 6, 3, 3, 14, 6, 26, 19, 18, 0, 0, 0, 0, 0, 0, 74]","""[0, 1, 1, 3, 1, 12, 5, 5, 4, 5, 8, 22, 17, 49, 74, 73, 30, 0]"""
j10,2,reactive,600,False,inf,inf,inf,null,"[0, 1, 1, 3, 1, 12, 5, 5, 4, 5, 8, 22, 17, 49, 74, 73, 30, 0]"
j10,2,stnu,600,False,inf,0.5925307273864746,inf,[],"""[0, 1, 1, 3, 1, 12, 5, 5, 4, 5, 8, 22, 17, 49, 74, 73, 30, 0]"""
j10,2,proactive_quantile_0.9,600,True,31,0.06220555305480957,0.0006821155548095703,"[0, 0, 0, 6, 3, 3, 14, 6, 26, 19, 18, 0, 0, 0, 0, 0, 0, 74]","""[0, 2, 2, 5, 2, 9, 3, 9, 5, 4, 7, 22, 17, 49, 74, 73, 30, 0]"""
j10,2,reactive,600,True,28,0.06220555305480957,0.1125333309173584,"[0, 0, 0, 6, 3, 3, 14, 6, 23, 19, 18, 0, 0, 0, 0, 0, 0, 28]","[0, 2, 2, 5, 2, 9, 3, 9, 5, 4, 7, 22, 17, 49, 74, 73, 30, 0]"
j10,2,stnu,600,False,inf,0.6357886791229248,inf,[],"""[0, 2, 2, 9, 8, 8, 9, 10, 5, 8, 4, 22, 17, 49, 74, 73, 30, 0]"""
j10,2,proactive_quantile_0.9,600,True,31,0.0587007999420166,0.0006799697875976562,"[0, 0, 0, 6, 3, 3, 14, 6, 26, 19, 18, 0, 0, 0, 0, 0, 0, 74]","""[0, 3, 4, 4, 1, 10, 4, 10, 2, 4, 8, 22, 17, 49, 74, 73, 30, 0]"""
j10,2,reactive,600,True,26,0.0587007999420166,0.11191201210021973,"[0, 0, 0, 6, 3, 3, 14, 6, 23, 19, 18, 0, 0, 0, 0, 0, 0, 26]","[0, 3, 4, 4, 1, 10, 4, 10, 2, 4, 8, 22, 17, 49, 74, 73, 30, 0]"
j10,2,stnu,600,False,inf,0.6450271606445312,inf,[],"""[0, 3, 4, 4, 1, 10, 4, 10, 2, 4, 8, 22, 17, 49, 74, 73, 30, 0]"""
j10,2,proactive_quantile_0.9,600,True,31,0.06532645225524902,0.0013070106506347656,"[0, 0, 0, 0, 12, 6, 16, 19, 16, 7, 28, 0, 0, 0, 0, 0, 0, 0, 0, 0, 0, 89]","""[0, 2, 3, 6, 3, 8, 2, 6, 2, 4, 1, 63, 54, 45, 84, 79, 46, 83, 87, 89, 48, 0]"""
j10,2,reactive,600,True,26,0.06532645225524902,0.13823890686035156,"[0, 0, 0, 0, 12, 6, 16, 19, 16, 7, 25, 0, 0, 0, 0, 0, 0, 0, 0, 0, 0, 26]","[0, 2, 3, 6, 3, 8, 2, 6, 2, 4, 1, 63, 54, 45, 84, 79, 46, 83, 87, 89, 48, 0]"
j10,2,stnu,600,True,21,0.7919661998748779,0.014448165893554688,"[0, 0, 0, 0, 3, 3, 14, 15, 9, 6, 20, 0, 0, 0, 0, 0, 0, 0, 0, 0, 0, 21]","""[0, 2, 3, 6, 3, 6, 1, 5, 12, 8, 1, 63, 54, 45, 84, 79, 46, 83, 87, 89, 48, 0]"""
j10,2,proactive_quantile_0.9,600,False,inf,0.08899831771850586,inf,"[0, 0, 0, 0, 12, 6, 16, 19, 16, 7, 28, 0, 0, 0, 0, 0, 0, 0, 0, 0, 0, 89]","""[0, 1, 5, 6, 3, 11, 2, 8, 1, 2, 3, 63, 54, 45, 84, 79, 46, 83, 87, 89, 48, 0]"""
j10,2,reactive,600,False,inf,inf,inf,null,"[0, 1, 5, 6, 3, 11, 2, 8, 1, 2, 3, 63, 54, 45, 84, 79, 46, 83, 87, 89, 48, 0]"
j10,2,stnu,600,True,24,0.90289306640625,0.015035629272460938,"[0, 0, 0, 0, 5, 5, 15, 18, 14, 6, 21, 0, 0, 0, 0, 0, 0, 0, 0, 0, 0, 24]","""[0, 1, 5, 6, 3, 9, 3, 3, 9, 9, 3, 63, 54, 45, 84, 79, 46, 83, 87, 89, 48, 0]"""
j10,2,proactive_quantile_0.9,600,True,48,0.05668210983276367,0.0014188289642333984,"[0, 0, 0, 0, 16, 6, 27, 32, 27, 32, 41, 0, 0, 0, 0, 0, 0, 0, 0, 0, 0, 89]","""[0, 4, 6, 7, 7, 9, 4, 5, 10, 3, 3, 63, 54, 45, 84, 79, 46, 83, 87, 89, 48, 0]"""
j10,2,reactive,600,True,40,0.05668210983276367,0.11157393455505371,"[0, 0, 0, 0, 16, 6, 27, 32, 27, 32, 37, 0, 0, 0, 0, 0, 0, 0, 0, 0, 0, 40]","[0, 4, 6, 7, 7, 9, 4, 5, 10, 3, 3, 63, 54, 45, 84, 79, 46, 83, 87, 89, 48, 0]"
j10,2,stnu,600,True,23,0.7054738998413086,0.01515650749206543,"[0, 0, 0, 0, 11, 6, 15, 17, 15, 7, 21, 0, 0, 0, 0, 0, 0, 0, 0, 0, 0, 23]","""[0, 2, 6, 7, 2, 9, 2, 4, 3, 4, 2, 63, 54, 45, 84, 79, 46, 83, 87, 89, 48, 0]"""
j10,2,proactive_quantile_0.9,600,True,42,0.16193270683288574,0.001348257064819336,"[0, 0, 0, 0, 7, 7, 19, 24, 19, 7, 35, 0, 0, 0, 0, 0, 0, 0, 0, 0, 0, 89]","""[0, 3, 4, 4, 1, 11, 3, 12, 7, 11, 4, 63, 54, 45, 84, 79, 46, 83, 87, 89, 48, 0]"""
j10,2,reactive,600,False,inf,inf,inf,null,"[0, 3, 4, 4, 1, 11, 3, 12, 7, 11, 4, 63, 54, 45, 84, 79, 46, 83, 87, 89, 48, 0]"
j10,2,stnu,600,True,21,0.7878494262695312,0.014749288558959961,"[0, 0, 0, 0, 10, 6, 12, 15, 12, 6, 19, 0, 0, 0, 0, 0, 0, 0, 0, 0, 0, 21]","""[0, 2, 6, 4, 1, 6, 3, 4, 2, 4, 2, 63, 54, 45, 84, 79, 46, 83, 87, 89, 48, 0]"""
j10,2,proactive_quantile_0.9,600,False,inf,0.050414323806762695,inf,"[0, 0, 0, 0, 16, 6, 27, 32, 27, 32, 41, 0, 0, 0, 0, 0, 0, 0, 0, 0, 0, 89]","""[0, 4, 5, 6, 9, 12, 3, 5, 9, 6, 8, 63, 54, 45, 84, 79, 46, 83, 87, 89, 48, 0]"""
j10,2,reactive,600,False,inf,inf,inf,null,"[0, 4, 5, 6, 9, 12, 3, 5, 9, 6, 8, 63, 54, 45, 84, 79, 46, 83, 87, 89, 48, 0]"
j10,2,stnu,600,True,28,0.8216018676757812,0.014700651168823242,"[0, 0, 0, 0, 5, 5, 16, 19, 16, 6, 21, 0, 0, 0, 0, 0, 0, 0, 0, 0, 0, 28]","""[0, 2, 5, 6, 2, 11, 3, 2, 12, 6, 1, 63, 54, 45, 84, 79, 46, 83, 87, 89, 48, 0]"""
j10,2,proactive_quantile_0.9,600,True,31,0.06077146530151367,0.0013895034790039062,"[0, 0, 0, 0, 12, 6, 16, 19, 16, 7, 28, 0, 0, 0, 0, 0, 0, 0, 0, 0, 0, 89]","""[0, 2, 3, 6, 2, 4, 3, 9, 2, 3, 2, 63, 54, 45, 84, 79, 46, 83, 87, 89, 48, 0]"""
j10,2,reactive,600,True,30,0.06077146530151367,0.1275341510772705,"[0, 0, 0, 0, 12, 6, 16, 19, 16, 7, 28, 0, 0, 0, 0, 0, 0, 0, 0, 0, 0, 30]","[0, 2, 3, 6, 2, 4, 3, 9, 2, 3, 2, 63, 54, 45, 84, 79, 46, 83, 87, 89, 48, 0]"
j10,2,stnu,600,True,25,0.813967227935791,0.014568567276000977,"[0, 0, 0, 0, 3, 3, 16, 19, 14, 6, 23, 0, 0, 0, 0, 0, 0, 0, 0, 0, 0, 25]","""[0, 2, 3, 6, 2, 11, 3, 4, 11, 10, 2, 63, 54, 45, 84, 79, 46, 83, 87, 89, 48, 0]"""
j10,2,proactive_quantile_0.9,600,True,31,0.06624960899353027,0.0013275146484375,"[0, 0, 0, 0, 12, 6, 16, 19, 16, 7, 28, 0, 0, 0, 0, 0, 0, 0, 0, 0, 0, 89]","""[0, 2, 6, 5, 3, 5, 2, 8, 2, 2, 1, 63, 54, 45, 84, 79, 46, 83, 87, 89, 48, 0]"""
j10,2,reactive,600,True,28,0.06624960899353027,0.11696839332580566,"[0, 0, 0, 0, 12, 6, 16, 19, 16, 7, 27, 0, 0, 0, 0, 0, 0, 0, 0, 0, 0, 28]","[0, 2, 6, 5, 3, 5, 2, 8, 2, 2, 1, 63, 54, 45, 84, 79, 46, 83, 87, 89, 48, 0]"
j10,2,stnu,600,True,26,0.9660401344299316,0.014471054077148438,"[0, 0, 0, 0, 6, 6, 15, 19, 15, 6, 22, 0, 0, 0, 0, 0, 0, 0, 0, 0, 0, 26]","""[0, 2, 6, 5, 3, 9, 4, 3, 11, 9, 1, 63, 54, 45, 84, 79, 46, 83, 87, 89, 48, 0]"""
j10,2,proactive_quantile_0.9,600,True,31,0.05888819694519043,0.00131988525390625,"[0, 0, 0, 0, 12, 6, 16, 19, 16, 7, 28, 0, 0, 0, 0, 0, 0, 0, 0, 0, 0, 89]","""[0, 3, 4, 6, 3, 8, 3, 4, 2, 3, 3, 63, 54, 45, 84, 79, 46, 83, 87, 89, 48, 0]"""
j10,2,reactive,600,True,26,0.05888819694519043,0.09697818756103516,"[0, 0, 0, 0, 12, 6, 16, 19, 16, 7, 23, 0, 0, 0, 0, 0, 0, 0, 0, 0, 0, 26]","[0, 3, 4, 6, 3, 8, 3, 4, 2, 3, 3, 63, 54, 45, 84, 79, 46, 83, 87, 89, 48, 0]"
j10,2,stnu,600,True,22,0.644303560256958,0.014638423919677734,"[0, 0, 0, 0, 9, 4, 12, 15, 12, 6, 19, 0, 0, 0, 0, 0, 0, 0, 0, 0, 0, 22]","""[0, 3, 4, 6, 3, 8, 3, 4, 2, 3, 3, 63, 54, 45, 84, 79, 46, 83, 87, 89, 48, 0]"""
j10,2,proactive_quantile_0.9,600,True,31,0.07548046112060547,0.0013439655303955078,"[0, 0, 0, 0, 12, 6, 16, 19, 16, 7, 28, 0, 0, 0, 0, 0, 0, 0, 0, 0, 0, 89]","""[0, 2, 2, 4, 2, 6, 2, 5, 1, 4, 1, 63, 54, 45, 84, 79, 46, 83, 87, 89, 48, 0]"""
j10,2,reactive,600,True,25,0.07548046112060547,0.1322650909423828,"[0, 0, 0, 0, 12, 6, 16, 19, 16, 7, 24, 0, 0, 0, 0, 0, 0, 0, 0, 0, 0, 25]","[0, 2, 2, 4, 2, 6, 2, 5, 1, 4, 1, 63, 54, 45, 84, 79, 46, 83, 87, 89, 48, 0]"
j10,2,stnu,600,True,23,0.7484619617462158,0.01428985595703125,"[0, 0, 0, 0, 2, 2, 13, 18, 13, 4, 22, 0, 0, 0, 0, 0, 0, 0, 0, 0, 0, 23]","""[0, 2, 2, 4, 2, 11, 5, 4, 10, 8, 1, 63, 54, 45, 84, 79, 46, 83, 87, 89, 48, 0]"""
j10,2,proactive_quantile_0.9,600,True,31,0.06827139854431152,0.0013155937194824219,"[0, 0, 0, 0, 12, 6, 16, 19, 16, 7, 28, 0, 0, 0, 0, 0, 0, 0, 0, 0, 0, 89]","""[0, 1, 4, 7, 3, 6, 1, 7, 2, 4, 2, 63, 54, 45, 84, 79, 46, 83, 87, 89, 48, 0]"""
j10,2,reactive,600,True,28,0.06827139854431152,0.12379217147827148,"[0, 0, 0, 0, 12, 6, 16, 19, 16, 7, 26, 0, 0, 0, 0, 0, 0, 0, 0, 0, 0, 28]","[0, 1, 4, 7, 3, 6, 1, 7, 2, 4, 2, 63, 54, 45, 84, 79, 46, 83, 87, 89, 48, 0]"
j10,2,stnu,600,True,25,0.7578573226928711,0.014550447463989258,"[0, 0, 0, 0, 4, 4, 15, 19, 13, 7, 23, 0, 0, 0, 0, 0, 0, 0, 0, 0, 0, 25]","""[0, 1, 4, 7, 3, 9, 4, 4, 9, 8, 2, 63, 54, 45, 84, 79, 46, 83, 87, 89, 48, 0]"""
j10,2,proactive_quantile_0.9,600,True,42,0.07254457473754883,0.0009539127349853516,"[0, 0, 0, 3, 6, 12, 16, 16, 32, 39, 26, 0, 0, 0, 0, 0, 0, 0, 0, 0, 83]","""[0, 2, 1, 1, 1, 1, 2, 7, 6, 1, 3, 11, 51, 83, 70, 18, 64, 51, 42, 32, 0]"""
j10,2,reactive,600,True,35,0.07254457473754883,0.21481800079345703,"[0, 0, 0, 3, 6, 12, 16, 16, 29, 23, 26, 0, 0, 0, 0, 0, 0, 0, 0, 0, 35]","[0, 2, 1, 1, 1, 1, 2, 7, 6, 1, 3, 11, 51, 83, 70, 18, 64, 51, 42, 32, 0]"
j10,2,stnu,600,False,inf,0.6934695243835449,inf,[],"""[0, 3, 1, 1, 1, 1, 2, 7, 6, 1, 3, 11, 51, 83, 70, 18, 64, 51, 42, 32, 0]"""
j10,2,proactive_quantile_0.9,600,True,42,0.06228351593017578,0.0009124279022216797,"[0, 0, 0, 3, 6, 12, 16, 16, 32, 39, 26, 0, 0, 0, 0, 0, 0, 0, 0, 0, 83]","""[0, 5, 2, 3, 5, 2, 3, 6, 6, 3, 3, 11, 51, 83, 70, 18, 64, 51, 42, 32, 0]"""
j10,2,reactive,600,True,35,0.06228351593017578,0.13192391395568848,"[0, 0, 0, 3, 6, 12, 16, 16, 29, 22, 26, 0, 0, 0, 0, 0, 0, 0, 0, 0, 35]","[0, 5, 2, 3, 5, 2, 3, 6, 6, 3, 3, 11, 51, 83, 70, 18, 64, 51, 42, 32, 0]"
j10,2,stnu,600,False,inf,0.7587192058563232,inf,[],"""[0, 5, 2, 3, 5, 2, 3, 6, 6, 3, 3, 11, 51, 83, 70, 18, 64, 51, 42, 32, 0]"""
j10,2,proactive_quantile_0.9,600,True,42,0.06809568405151367,0.0009319782257080078,"[0, 0, 0, 3, 6, 12, 16, 16, 32, 39, 26, 0, 0, 0, 0, 0, 0, 0, 0, 0, 83]","""[0, 3, 2, 2, 5, 2, 2, 5, 5, 3, 3, 11, 51, 83, 70, 18, 64, 51, 42, 32, 0]"""
j10,2,reactive,600,True,32,0.06809568405151367,0.18766474723815918,"[0, 0, 0, 3, 6, 12, 16, 16, 21, 26, 29, 0, 0, 0, 0, 0, 0, 0, 0, 0, 32]","[0, 3, 2, 2, 5, 2, 2, 5, 5, 3, 3, 11, 51, 83, 70, 18, 64, 51, 42, 32, 0]"
j10,2,stnu,600,False,inf,0.6189954280853271,inf,[],"""[0, 6, 2, 2, 5, 2, 2, 5, 5, 3, 3, 11, 51, 83, 70, 18, 64, 51, 42, 32, 0]"""
j10,2,proactive_quantile_0.9,600,True,42,0.057720184326171875,0.0009469985961914062,"[0, 0, 0, 3, 6, 12, 16, 16, 32, 39, 26, 0, 0, 0, 0, 0, 0, 0, 0, 0, 83]","""[0, 3, 2, 3, 5, 3, 3, 9, 5, 1, 4, 11, 51, 83, 70, 18, 64, 51, 42, 32, 0]"""
j10,2,reactive,600,True,37,0.057720184326171875,0.18564653396606445,"[0, 0, 0, 3, 6, 12, 16, 16, 32, 25, 26, 0, 0, 0, 0, 0, 0, 0, 0, 0, 37]","[0, 3, 2, 3, 5, 3, 3, 9, 5, 1, 4, 11, 51, 83, 70, 18, 64, 51, 42, 32, 0]"
j10,2,stnu,600,False,inf,0.6229448318481445,inf,[],"""[0, 3, 2, 3, 5, 3, 3, 9, 5, 1, 4, 11, 51, 83, 70, 18, 64, 51, 42, 32, 0]"""
j10,2,proactive_quantile_0.9,600,True,42,0.19029998779296875,0.0009329319000244141,"[0, 0, 0, 3, 6, 12, 16, 16, 32, 39, 26, 0, 0, 0, 0, 0, 0, 0, 0, 0, 83]","""[0, 4, 2, 3, 4, 3, 3, 9, 3, 2, 3, 11, 51, 83, 70, 18, 64, 51, 42, 32, 0]"""
j10,2,reactive,600,True,34,0.19029998779296875,0.17414379119873047,"[0, 0, 0, 3, 6, 12, 16, 16, 29, 32, 26, 0, 0, 0, 0, 0, 0, 0, 0, 0, 34]","[0, 4, 2, 3, 4, 3, 3, 9, 3, 2, 3, 11, 51, 83, 70, 18, 64, 51, 42, 32, 0]"
j10,2,stnu,600,False,inf,0.708045244216919,inf,[],"""[0, 4, 2, 3, 4, 3, 3, 9, 3, 2, 3, 11, 51, 83, 70, 18, 64, 51, 42, 32, 0]"""
j10,2,proactive_quantile_0.9,600,True,42,0.06954455375671387,0.0009329319000244141,"[0, 0, 0, 3, 6, 12, 16, 16, 32, 39, 26, 0, 0, 0, 0, 0, 0, 0, 0, 0, 83]","""[0, 5, 3, 2, 6, 3, 3, 8, 4, 2, 3, 11, 51, 83, 70, 18, 64, 51, 42, 32, 0]"""
j10,2,reactive,600,True,36,0.06954455375671387,0.13972091674804688,"[0, 0, 0, 3, 6, 12, 16, 16, 32, 24, 26, 0, 0, 0, 0, 0, 0, 0, 0, 0, 36]","[0, 5, 3, 2, 6, 3, 3, 8, 4, 2, 3, 11, 51, 83, 70, 18, 64, 51, 42, 32, 0]"
j10,2,stnu,600,False,inf,0.8618204593658447,inf,[],"""[0, 4, 3, 2, 6, 3, 3, 8, 4, 2, 3, 11, 51, 83, 70, 18, 64, 51, 42, 32, 0]"""
j10,2,proactive_quantile_0.9,600,True,42,0.17933130264282227,0.0009434223175048828,"[0, 0, 0, 3, 6, 12, 16, 16, 32, 39, 26, 0, 0, 0, 0, 0, 0, 0, 0, 0, 83]","""[0, 5, 2, 3, 5, 3, 2, 7, 4, 2, 4, 11, 51, 83, 70, 18, 64, 51, 42, 32, 0]"""
j10,2,reactive,600,True,34,0.17933130264282227,0.1901416778564453,"[0, 0, 0, 3, 6, 12, 16, 16, 30, 23, 26, 0, 0, 0, 0, 0, 0, 0, 0, 0, 34]","[0, 5, 2, 3, 5, 3, 2, 7, 4, 2, 4, 11, 51, 83, 70, 18, 64, 51, 42, 32, 0]"
j10,2,stnu,600,False,inf,0.8383424282073975,inf,[],"""[0, 6, 2, 3, 5, 3, 2, 7, 4, 2, 4, 11, 51, 83, 70, 18, 64, 51, 42, 32, 0]"""
j10,2,proactive_quantile_0.9,600,True,42,0.07108092308044434,0.0009555816650390625,"[0, 0, 0, 3, 6, 12, 16, 16, 32, 39, 26, 0, 0, 0, 0, 0, 0, 0, 0, 0, 83]","""[0, 6, 1, 2, 5, 2, 3, 7, 7, 2, 5, 11, 51, 83, 70, 18, 64, 51, 42, 32, 0]"""
j10,2,reactive,600,True,39,0.07108092308044434,0.15990710258483887,"[0, 0, 0, 3, 6, 12, 16, 16, 32, 23, 26, 0, 0, 0, 0, 0, 0, 0, 0, 0, 39]","[0, 6, 1, 2, 5, 2, 3, 7, 7, 2, 5, 11, 51, 83, 70, 18, 64, 51, 42, 32, 0]"
j10,2,stnu,600,False,inf,0.628436803817749,inf,[],"""[0, 4, 3, 2, 5, 2, 4, 7, 7, 4, 5, 11, 51, 83, 70, 18, 64, 51, 42, 32, 0]"""
j10,2,proactive_quantile_0.9,600,False,inf,0.26380324363708496,inf,"[0, 0, 0, 3, 6, 12, 16, 16, 32, 39, 26, 0, 0, 0, 0, 0, 0, 0, 0, 0, 83]","""[0, 6, 2, 2, 7, 2, 3, 7, 3, 1, 4, 11, 51, 83, 70, 18, 64, 51, 42, 32, 0]"""
j10,2,reactive,600,False,inf,inf,inf,null,"[0, 6, 2, 2, 7, 2, 3, 7, 3, 1, 4, 11, 51, 83, 70, 18, 64, 51, 42, 32, 0]"
j10,2,stnu,600,False,inf,0.6560535430908203,inf,[],"""[0, 5, 2, 2, 7, 2, 3, 7, 3, 1, 4, 11, 51, 83, 70, 18, 64, 51, 42, 32, 0]"""
j10,2,proactive_quantile_0.9,600,True,38,0.21961236000061035,0.0009646415710449219,"[0, 0, 4, 0, 6, 12, 16, 16, 26, 32, 26, 0, 0, 0, 0, 0, 0, 0, 0, 0, 83]","""[0, 6, 1, 3, 4, 3, 3, 8, 8, 4, 5, 11, 51, 83, 70, 18, 64, 51, 42, 32, 0]"""
j10,2,reactive,600,True,36,0.21961236000061035,0.17157983779907227,"[0, 0, 4, 0, 6, 12, 16, 16, 26, 32, 26, 0, 0, 0, 0, 0, 0, 0, 0, 0, 36]","[0, 6, 1, 3, 4, 3, 3, 8, 8, 4, 5, 11, 51, 83, 70, 18, 64, 51, 42, 32, 0]"
j10,2,stnu,600,False,inf,0.854710578918457,inf,[],"""[0, 4, 1, 3, 4, 3, 3, 8, 5, 3, 5, 11, 51, 83, 70, 18, 64, 51, 42, 32, 0]"""
j10,2,proactive_quantile_0.9,600,True,34,0.10786008834838867,0.0009438991546630859,"[0, 0, 0, 0, 3, 7, 7, 17, 17, 3, 23, 0, 0, 0, 0, 0, 0, 0, 0, 66]","""[0, 1, 3, 6, 5, 2, 8, 3, 3, 4, 10, 54, 36, 66, 65, 55, 56, 20, 43, 0]"""
j10,2,reactive,600,True,33,0.10786008834838867,0.11513280868530273,"[0, 0, 0, 0, 3, 7, 7, 17, 17, 3, 23, 0, 0, 0, 0, 0, 0, 0, 0, 33]","[0, 1, 3, 6, 5, 2, 8, 3, 3, 4, 10, 54, 36, 66, 65, 55, 56, 20, 43, 0]"
j10,2,stnu,600,True,29,0.7869060039520264,0.011663198471069336,"[0, 0, 0, 0, 1, 6, 6, 18, 18, 1, 26, 0, 0, 0, 0, 0, 0, 0, 0, 29]","""[0, 1, 6, 5, 6, 6, 12, 8, 3, 4, 3, 54, 36, 66, 65, 55, 56, 20, 43, 0]"""
j10,2,proactive_quantile_0.9,600,True,31,0.06819772720336914,0.0009338855743408203,"[0, 0, 0, 0, 6, 7, 7, 17, 17, 6, 24, 0, 0, 0, 0, 0, 0, 0, 0, 66]","""[0, 3, 7, 7, 9, 7, 5, 7, 3, 5, 5, 54, 36, 66, 65, 55, 56, 20, 43, 0]"""
j10,2,reactive,600,True,29,0.06819772720336914,0.08284592628479004,"[0, 0, 0, 0, 6, 7, 7, 17, 17, 6, 24, 0, 0, 0, 0, 0, 0, 0, 0, 29]","[0, 3, 7, 7, 9, 7, 5, 7, 3, 5, 5, 54, 36, 66, 65, 55, 56, 20, 43, 0]"
j10,2,stnu,600,True,26,0.7068145275115967,0.01187443733215332,"[0, 0, 0, 0, 3, 7, 7, 14, 14, 3, 21, 0, 0, 0, 0, 0, 0, 0, 0, 26]","""[0, 3, 7, 3, 3, 7, 5, 7, 3, 5, 5, 54, 36, 66, 65, 55, 56, 20, 43, 0]"""
j10,2,proactive_quantile_0.9,600,True,31,0.06464290618896484,0.0009715557098388672,"[0, 0, 0, 0, 6, 7, 7, 17, 17, 6, 24, 0, 0, 0, 0, 0, 0, 0, 0, 66]","""[0, 6, 6, 6, 8, 5, 8, 7, 2, 6, 8, 54, 36, 66, 65, 55, 56, 20, 43, 0]"""
j10,2,reactive,600,True,32,0.06464290618896484,0.07555627822875977,"[0, 0, 0, 0, 6, 7, 7, 17, 17, 6, 24, 0, 0, 0, 0, 0, 0, 0, 0, 32]","[0, 6, 6, 6, 8, 5, 8, 7, 2, 6, 8, 54, 36, 66, 65, 55, 56, 20, 43, 0]"
j10,2,stnu,600,True,29,0.6570932865142822,0.012440204620361328,"[0, 0, 0, 0, 6, 6, 6, 14, 14, 6, 21, 0, 0, 0, 0, 0, 0, 0, 0, 29]","""[0, 6, 6, 5, 4, 5, 8, 7, 2, 6, 8, 54, 36, 66, 65, 55, 56, 20, 43, 0]"""
j10,2,proactive_quantile_0.9,600,True,31,0.05256986618041992,0.0010457038879394531,"[0, 0, 0, 0, 6, 7, 7, 17, 17, 6, 24, 0, 0, 0, 0, 0, 0, 0, 0, 66]","""[0, 5, 5, 4, 7, 3, 7, 7, 4, 4, 6, 54, 36, 66, 65, 55, 56, 20, 43, 0]"""
j10,2,reactive,600,True,30,0.05256986618041992,0.16408038139343262,"[0, 0, 0, 0, 6, 7, 7, 17, 17, 6, 24, 0, 0, 0, 0, 0, 0, 0, 0, 30]","[0, 5, 5, 4, 7, 3, 7, 7, 4, 4, 6, 54, 36, 66, 65, 55, 56, 20, 43, 0]"
j10,2,stnu,600,True,25,0.6495680809020996,0.011708498001098633,"[0, 0, 0, 0, 5, 5, 5, 12, 12, 5, 19, 0, 0, 0, 0, 0, 0, 0, 0, 25]","""[0, 5, 5, 5, 7, 3, 7, 7, 4, 4, 6, 54, 36, 66, 65, 55, 56, 20, 43, 0]"""
j10,2,proactive_quantile_0.9,600,True,31,0.07053351402282715,0.0009944438934326172,"[0, 0, 0, 0, 6, 7, 7, 17, 17, 6, 24, 0, 0, 0, 0, 0, 0, 0, 0, 66]","""[0, 4, 3, 5, 7, 4, 6, 7, 4, 3, 5, 54, 36, 66, 65, 55, 56, 20, 43, 0]"""
j10,2,reactive,600,True,29,0.07053351402282715,0.11565470695495605,"[0, 0, 0, 0, 6, 7, 7, 17, 17, 6, 24, 0, 0, 0, 0, 0, 0, 0, 0, 29]","[0, 4, 3, 5, 7, 4, 6, 7, 4, 3, 5, 54, 36, 66, 65, 55, 56, 20, 43, 0]"
j10,2,stnu,600,True,26,0.6651594638824463,0.012197732925415039,"[0, 0, 0, 0, 4, 8, 8, 14, 14, 4, 21, 0, 0, 0, 0, 0, 0, 0, 0, 26]","""[0, 4, 3, 8, 6, 4, 6, 7, 4, 3, 5, 54, 36, 66, 65, 55, 56, 20, 43, 0]"""
j10,2,proactive_quantile_0.9,600,True,25,0.0637354850769043,0.0009436607360839844,"[0, 0, 0, 0, 3, 7, 7, 17, 17, 3, 22, 0, 0, 0, 0, 0, 0, 0, 0, 66]","""[0, 1, 4, 6, 4, 2, 10, 4, 3, 3, 2, 54, 36, 66, 65, 55, 56, 20, 43, 0]"""
j10,2,reactive,600,True,24,0.0637354850769043,0.08693194389343262,"[0, 0, 0, 0, 3, 7, 7, 17, 17, 3, 22, 0, 0, 0, 0, 0, 0, 0, 0, 24]","[0, 1, 4, 6, 4, 2, 10, 4, 3, 3, 2, 54, 36, 66, 65, 55, 56, 20, 43, 0]"
j10,2,stnu,600,True,28,0.689685583114624,0.012278318405151367,"[0, 0, 0, 0, 4, 5, 5, 15, 15, 4, 21, 0, 0, 0, 0, 0, 0, 0, 0, 28]","""[0, 4, 4, 5, 5, 4, 10, 2, 6, 3, 7, 54, 36, 66, 65, 55, 56, 20, 43, 0]"""
j10,2,proactive_quantile_0.9,600,True,31,0.06843805313110352,0.0009379386901855469,"[0, 0, 0, 0, 6, 7, 7, 17, 17, 6, 24, 0, 0, 0, 0, 0, 0, 0, 0, 66]","""[0, 6, 6, 5, 9, 3, 6, 7, 3, 1, 4, 54, 36, 66, 65, 55, 56, 20, 43, 0]"""
j10,2,reactive,600,True,28,0.06843805313110352,0.14088129997253418,"[0, 0, 0, 0, 6, 7, 7, 17, 17, 6, 24, 0, 0, 0, 0, 0, 0, 0, 0, 28]","[0, 6, 6, 5, 9, 3, 6, 7, 3, 1, 4, 54, 36, 66, 65, 55, 56, 20, 43, 0]"
j10,2,stnu,600,True,23,0.6631805896759033,0.011844873428344727,"[0, 0, 0, 0, 6, 6, 6, 12, 12, 6, 19, 0, 0, 0, 0, 0, 0, 0, 0, 23]","""[0, 6, 6, 4, 5, 3, 6, 7, 3, 1, 4, 54, 36, 66, 65, 55, 56, 20, 43, 0]"""
j10,2,proactive_quantile_0.9,600,True,41,0.13086771965026855,0.0009262561798095703,"[0, 0, 0, 0, 3, 8, 7, 19, 19, 3, 30, 0, 0, 0, 0, 0, 0, 0, 0, 66]","""[0, 1, 5, 1, 7, 2, 12, 10, 5, 3, 8, 54, 36, 66, 65, 55, 56, 20, 43, 0]"""
j10,2,reactive,600,True,38,0.13086771965026855,0.09870195388793945,"[0, 0, 0, 0, 3, 8, 7, 19, 19, 3, 30, 0, 0, 0, 0, 0, 0, 0, 0, 38]","[0, 1, 5, 1, 7, 2, 12, 10, 5, 3, 8, 54, 36, 66, 65, 55, 56, 20, 43, 0]"
j10,2,stnu,600,True,24,0.7719097137451172,0.011741876602172852,"[0, 0, 0, 0, 2, 5, 5, 11, 11, 2, 18, 0, 0, 0, 0, 0, 0, 0, 0, 24]","""[0, 2, 5, 3, 6, 6, 6, 7, 4, 3, 6, 54, 36, 66, 65, 55, 56, 20, 43, 0]"""
j10,2,proactive_quantile_0.9,600,True,31,0.059403419494628906,0.0009615421295166016,"[0, 0, 0, 0, 6, 7, 7, 17, 17, 6, 24, 0, 0, 0, 0, 0, 0, 0, 0, 66]","""[0, 4, 6, 7, 6, 5, 8, 9, 4, 3, 3, 54, 36, 66, 65, 55, 56, 20, 43, 0]"""
j10,2,reactive,600,False,inf,inf,inf,null,"[0, 4, 6, 7, 6, 5, 8, 9, 4, 3, 3, 54, 36, 66, 65, 55, 56, 20, 43, 0]"
j10,2,stnu,600,True,26,0.6595873832702637,0.011942863464355469,"[0, 0, 0, 0, 4, 6, 6, 14, 14, 4, 23, 0, 0, 0, 0, 0, 0, 0, 0, 26]","""[0, 4, 6, 2, 5, 5, 8, 9, 4, 3, 3, 54, 36, 66, 65, 55, 56, 20, 43, 0]"""
j10,2,proactive_quantile_0.9,600,True,41,0.13982868194580078,0.0009515285491943359,"[0, 0, 0, 0, 3, 8, 7, 19, 19, 3, 30, 0, 0, 0, 0, 0, 0, 0, 0, 66]","""[0, 2, 4, 4, 7, 3, 7, 9, 5, 3, 10, 54, 36, 66, 65, 55, 56, 20, 43, 0]"""
j10,2,reactive,600,True,40,0.13982868194580078,0.11940598487854004,"[0, 0, 0, 0, 3, 8, 7, 19, 19, 3, 30, 0, 0, 0, 0, 0, 0, 0, 0, 40]","[0, 2, 4, 4, 7, 3, 7, 9, 5, 3, 10, 54, 36, 66, 65, 55, 56, 20, 43, 0]"
j10,2,stnu,600,True,28,0.6713318824768066,0.01224517822265625,"[0, 0, 0, 0, 5, 6, 6, 15, 15, 5, 22, 0, 0, 0, 0, 0, 0, 0, 0, 28]","""[0, 5, 4, 6, 9, 4, 9, 7, 6, 4, 6, 54, 36, 66, 65, 55, 56, 20, 43, 0]"""
j10,2,proactive_quantile_0.9,600,True,21,0.05815553665161133,0.0008950233459472656,"[0, 0, 0, 0, 3, 3, 9, 9, 7, 3, 15, 0, 0, 0, 0, 0, 0, 0, 0, 0, 66]","""[0, 3, 4, 2, 3, 5, 2, 4, 5, 9, 4, 17, 32, 17, 59, 41, 56, 54, 66, 60, 0]"""
j10,2,reactive,600,True,19,0.05815553665161133,0.09285783767700195,"[0, 0, 0, 0, 3, 3, 9, 9, 7, 3, 15, 0, 0, 0, 0, 0, 0, 0, 0, 0, 19]","[0, 3, 4, 2, 3, 5, 2, 4, 5, 9, 4, 17, 32, 17, 59, 41, 56, 54, 66, 60, 0]"
j10,2,stnu,600,True,16,4.044161796569824,0.012643098831176758,"[0, 0, 0, 0, 3, 3, 8, 8, 6, 2, 12, 0, 0, 0, 0, 0, 0, 0, 0, 0, 16]","""[0, 3, 4, 2, 3, 5, 2, 4, 5, 9, 4, 17, 32, 17, 59, 41, 56, 54, 66, 60, 0]"""
j10,2,proactive_quantile_0.9,600,True,46,0.05272841453552246,0.0009198188781738281,"[0, 0, 6, 0, 6, 7, 17, 25, 10, 16, 37, 0, 0, 0, 0, 0, 0, 0, 0, 0, 66]","""[0, 5, 4, 4, 4, 9, 3, 9, 5, 7, 5, 17, 32, 17, 59, 41, 56, 54, 66, 60, 0]"""
j10,2,reactive,600,True,39,0.05272841453552246,0.20189952850341797,"[0, 0, 6, 0, 6, 7, 17, 25, 10, 16, 34, 0, 0, 0, 0, 0, 0, 0, 0, 0, 39]","[0, 5, 4, 4, 4, 9, 3, 9, 5, 7, 5, 17, 32, 17, 59, 41, 56, 54, 66, 60, 0]"
j10,2,stnu,600,True,35,0.6865417957305908,0.013190746307373047,"[0, 0, 5, 0, 5, 4, 14, 21, 9, 14, 30, 0, 0, 0, 0, 0, 0, 0, 0, 0, 35]","""[0, 5, 4, 4, 4, 9, 3, 9, 5, 7, 5, 17, 32, 17, 59, 41, 56, 54, 66, 60, 0]"""
j10,2,proactive_quantile_0.9,600,True,46,0.07039356231689453,0.0009272098541259766,"[0, 0, 6, 0, 6, 7, 17, 25, 10, 16, 37, 0, 0, 0, 0, 0, 0, 0, 0, 0, 66]","""[0, 6, 4, 6, 3, 8, 2, 11, 3, 3, 8, 17, 32, 17, 59, 41, 56, 54, 66, 60, 0]"""
j10,2,reactive,600,True,45,0.07039356231689453,0.11883997917175293,"[0, 0, 6, 0, 6, 7, 17, 25, 10, 16, 37, 0, 0, 0, 0, 0, 0, 0, 0, 0, 45]","[0, 6, 4, 6, 3, 8, 2, 11, 3, 3, 8, 17, 32, 17, 59, 41, 56, 54, 66, 60, 0]"
j10,2,stnu,600,True,35,0.6691761016845703,0.013283491134643555,"[0, 0, 6, 0, 6, 6, 14, 16, 9, 12, 27, 0, 0, 0, 0, 0, 0, 0, 0, 0, 35]","""[0, 6, 4, 6, 3, 8, 2, 11, 3, 3, 8, 17, 32, 17, 59, 41, 56, 54, 66, 60, 0]"""
j10,2,proactive_quantile_0.9,600,True,21,0.14695215225219727,0.0008974075317382812,"[0, 0, 0, 0, 3, 3, 9, 9, 7, 3, 15, 0, 0, 0, 0, 0, 0, 0, 0, 0, 66]","""[0, 3, 3, 3, 2, 4, 3, 5, 4, 9, 6, 17, 32, 17, 59, 41, 56, 54, 66, 60, 0]"""
j10,2,reactive,600,True,20,0.14695215225219727,0.08147144317626953,"[0, 0, 0, 0, 3, 3, 9, 9, 7, 3, 14, 0, 0, 0, 0, 0, 0, 0, 0, 0, 20]","[0, 3, 3, 3, 2, 4, 3, 5, 4, 9, 6, 17, 32, 17, 59, 41, 56, 54, 66, 60, 0]"
j10,2,stnu,600,True,18,0.806164026260376,0.012555122375488281,"[0, 0, 0, 0, 3, 3, 7, 7, 5, 3, 12, 0, 0, 0, 0, 0, 0, 0, 0, 0, 18]","""[0, 3, 3, 3, 2, 4, 3, 5, 4, 9, 6, 17, 32, 17, 59, 41, 56, 54, 66, 60, 0]"""
j10,2,proactive_quantile_0.9,600,True,46,0.07031798362731934,0.0009000301361083984,"[0, 0, 6, 0, 6, 7, 17, 25, 10, 16, 37, 0, 0, 0, 0, 0, 0, 0, 0, 0, 66]","""[0, 6, 3, 3, 2, 11, 1, 9, 3, 4, 7, 17, 32, 17, 59, 41, 56, 54, 66, 60, 0]"""
j10,2,reactive,600,False,inf,inf,inf,null,"[0, 6, 3, 3, 2, 11, 1, 9, 3, 4, 7, 17, 32, 17, 59, 41, 56, 54, 66, 60, 0]"
j10,2,stnu,600,True,14,0.9340131282806396,0.012587785720825195,"[0, 0, 0, 0, 2, 2, 4, 4, 4, 1, 9, 0, 0, 0, 0, 0, 0, 0, 0, 0, 14]","""[0, 2, 2, 1, 2, 2, 1, 5, 3, 8, 5, 17, 32, 17, 59, 41, 56, 54, 66, 60, 0]"""
j10,2,proactive_quantile_0.9,600,True,21,0.05874013900756836,0.0009088516235351562,"[0, 0, 0, 0, 3, 3, 9, 9, 7, 3, 15, 0, 0, 0, 0, 0, 0, 0, 0, 0, 66]","""[0, 2, 2, 1, 4, 5, 2, 5, 3, 10, 2, 17, 32, 17, 59, 41, 56, 54, 66, 60, 0]"""
j10,2,reactive,600,True,17,0.05874013900756836,0.1230475902557373,"[0, 0, 0, 0, 3, 3, 9, 9, 7, 3, 15, 0, 0, 0, 0, 0, 0, 0, 0, 0, 17]","[0, 2, 2, 1, 4, 5, 2, 5, 3, 10, 2, 17, 32, 17, 59, 41, 56, 54, 66, 60, 0]"
j10,2,stnu,600,True,31,0.6838836669921875,0.013140678405761719,"[0, 0, 3, 0, 3, 5, 10, 17, 7, 10, 24, 0, 0, 0, 0, 0, 0, 0, 0, 0, 31]","""[0, 3, 6, 5, 4, 5, 2, 7, 3, 7, 7, 17, 32, 17, 59, 41, 56, 54, 66, 60, 0]"""
j10,2,proactive_quantile_0.9,600,True,46,0.07480454444885254,0.0009207725524902344,"[0, 0, 6, 0, 6, 7, 17, 25, 10, 16, 37, 0, 0, 0, 0, 0, 0, 0, 0, 0, 66]","""[0, 5, 4, 3, 2, 9, 2, 8, 5, 6, 8, 17, 32, 17, 59, 41, 56, 54, 66, 60, 0]"""
j10,2,reactive,600,True,45,0.07480454444885254,0.14172601699829102,"[0, 0, 6, 0, 6, 7, 17, 25, 10, 16, 37, 0, 0, 0, 0, 0, 0, 0, 0, 0, 45]","[0, 5, 4, 3, 2, 9, 2, 8, 5, 6, 8, 17, 32, 17, 59, 41, 56, 54, 66, 60, 0]"
j10,2,stnu,600,True,34,0.6459746360778809,0.013218402862548828,"[0, 0, 5, 0, 5, 3, 12, 18, 7, 12, 26, 0, 0, 0, 0, 0, 0, 0, 0, 0, 34]","""[0, 5, 4, 3, 2, 9, 2, 8, 5, 6, 8, 17, 32, 17, 59, 41, 56, 54, 66, 60, 0]"""
j10,2,proactive_quantile_0.9,600,True,21,0.0571136474609375,0.0009200572967529297,"[0, 0, 0, 0, 3, 3, 9, 9, 7, 3, 15, 0, 0, 0, 0, 0, 0, 0, 0, 0, 66]","""[0, 3, 3, 2, 3, 7, 1, 5, 7, 12, 6, 17, 32, 17, 59, 41, 56, 54, 66, 60, 0]"""
j10,2,reactive,600,False,inf,inf,inf,null,"[0, 3, 3, 2, 3, 7, 1, 5, 7, 12, 6, 17, 32, 17, 59, 41, 56, 54, 66, 60, 0]"
j10,2,stnu,600,True,21,0.6983234882354736,0.012714862823486328,"[0, 0, 0, 0, 3, 3, 10, 10, 6, 2, 15, 0, 0, 0, 0, 0, 0, 0, 0, 0, 21]","""[0, 3, 3, 2, 3, 7, 1, 5, 7, 12, 6, 17, 32, 17, 59, 41, 56, 54, 66, 60, 0]"""
j10,2,proactive_quantile_0.9,600,True,21,0.05785226821899414,0.0008947849273681641,"[0, 0, 0, 0, 3, 3, 9, 9, 7, 3, 15, 0, 0, 0, 0, 0, 0, 0, 0, 0, 66]","""[0, 2, 2, 2, 2, 4, 3, 6, 6, 9, 7, 17, 32, 17, 59, 41, 56, 54, 66, 60, 0]"""
j10,2,reactive,600,True,22,0.05785226821899414,0.10071873664855957,"[0, 0, 0, 0, 3, 3, 9, 9, 7, 3, 15, 0, 0, 0, 0, 0, 0, 0, 0, 0, 22]","[0, 2, 2, 2, 2, 4, 3, 6, 6, 9, 7, 17, 32, 17, 59, 41, 56, 54, 66, 60, 0]"
j10,2,stnu,600,True,33,0.8001971244812012,0.013179540634155273,"[0, 0, 2, 0, 2, 5, 13, 16, 5, 11, 27, 0, 0, 0, 0, 0, 0, 0, 0, 0, 33]","""[0, 2, 3, 5, 2, 8, 3, 11, 6, 5, 6, 17, 32, 17, 59, 41, 56, 54, 66, 60, 0]"""
j10,2,proactive_quantile_0.9,600,True,46,0.07405257225036621,0.0009441375732421875,"[0, 0, 6, 0, 6, 7, 17, 25, 10, 16, 37, 0, 0, 0, 0, 0, 0, 0, 0, 0, 66]","""[0, 4, 6, 7, 2, 8, 3, 10, 5, 7, 5, 17, 32, 17, 59, 41, 56, 54, 66, 60, 0]"""
j10,2,reactive,600,True,42,0.07405257225036621,0.10428023338317871,"[0, 0, 6, 0, 6, 7, 17, 25, 10, 16, 37, 0, 0, 0, 0, 0, 0, 0, 0, 0, 42]","[0, 4, 6, 7, 2, 8, 3, 10, 5, 7, 5, 17, 32, 17, 59, 41, 56, 54, 66, 60, 0]"
j10,2,stnu,600,True,21,0.8517856597900391,0.012610197067260742,"[0, 0, 0, 0, 3, 3, 7, 7, 5, 3, 14, 0, 0, 0, 0, 0, 0, 0, 0, 0, 21]","""[0, 2, 3, 3, 2, 4, 3, 4, 5, 11, 7, 17, 32, 17, 59, 41, 56, 54, 66, 60, 0]"""
j10,2,proactive_quantile_0.9,600,True,26,0.049963951110839844,0.0005171298980712891,"[0, 0, 0, 0, 7, 7, 12, 12, 13, 17, 17, 0, 0, 0, 0, 0, 45]","""[0, 8, 4, 4, 4, 4, 3, 2, 2, 9, 3, 35, 42, 42, 45, 22, 0]"""
j10,2,reactive,600,True,26,0.049963951110839844,0.11710166931152344,"[0, 0, 0, 0, 7, 7, 12, 12, 13, 17, 17, 0, 0, 0, 0, 0, 26]","[0, 8, 4, 4, 4, 4, 3, 2, 2, 9, 3, 35, 42, 42, 45, 22, 0]"
j10,2,proactive_quantile_0.9,600,True,26,0.04044795036315918,0.0005249977111816406,"[0, 0, 0, 0, 7, 7, 12, 12, 13, 17, 17, 0, 0, 0, 0, 0, 45]","""[0, 9, 3, 5, 4, 5, 1, 3, 2, 8, 4, 35, 42, 42, 45, 22, 0]"""
j10,2,reactive,600,True,25,0.04044795036315918,0.1083836555480957,"[0, 0, 0, 0, 7, 7, 12, 12, 13, 17, 17, 0, 0, 0, 0, 0, 25]","[0, 9, 3, 5, 4, 5, 1, 3, 2, 8, 4, 35, 42, 42, 45, 22, 0]"
j10,2,proactive_quantile_0.9,600,True,26,0.04023861885070801,0.0005013942718505859,"[0, 0, 0, 0, 7, 7, 12, 12, 13, 17, 17, 0, 0, 0, 0, 0, 45]","""[0, 8, 3, 3, 5, 5, 2, 3, 2, 5, 2, 35, 42, 42, 45, 22, 0]"""
j10,2,reactive,600,True,22,0.04023861885070801,0.10559272766113281,"[0, 0, 0, 0, 7, 7, 12, 12, 13, 17, 17, 0, 0, 0, 0, 0, 22]","[0, 8, 3, 3, 5, 5, 2, 3, 2, 5, 2, 35, 42, 42, 45, 22, 0]"
j10,2,proactive_quantile_0.9,600,True,26,0.04239225387573242,0.0005171298980712891,"[0, 0, 0, 0, 7, 7, 12, 12, 13, 17, 17, 0, 0, 0, 0, 0, 45]","""[0, 8, 4, 4, 4, 5, 2, 3, 2, 7, 4, 35, 42, 42, 45, 22, 0]"""
j10,2,reactive,600,True,24,0.04239225387573242,0.10256552696228027,"[0, 0, 0, 0, 7, 7, 12, 12, 13, 17, 17, 0, 0, 0, 0, 0, 24]","[0, 8, 4, 4, 4, 5, 2, 3, 2, 7, 4, 35, 42, 42, 45, 22, 0]"
j10,2,proactive_quantile_0.9,600,True,26,0.03970217704772949,0.0005483627319335938,"[0, 0, 0, 0, 7, 7, 12, 12, 13, 17, 17, 0, 0, 0, 0, 0, 45]","""[0, 10, 4, 8, 3, 4, 3, 2, 1, 6, 3, 35, 42, 42, 45, 22, 0]"""
j10,2,reactive,600,False,inf,inf,inf,null,"[0, 10, 4, 8, 3, 4, 3, 2, 1, 6, 3, 35, 42, 42, 45, 22, 0]"
j10,2,proactive_quantile_0.9,600,True,26,0.039124250411987305,0.0005273818969726562,"[0, 0, 0, 0, 7, 7, 12, 12, 13, 17, 17, 0, 0, 0, 0, 0, 45]","""[0, 11, 5, 5, 3, 2, 3, 2, 1, 8, 4, 35, 42, 42, 45, 22, 0]"""
j10,2,reactive,600,True,25,0.039124250411987305,0.1014547348022461,"[0, 0, 0, 0, 7, 7, 12, 12, 13, 17, 17, 0, 0, 0, 0, 0, 25]","[0, 11, 5, 5, 3, 2, 3, 2, 1, 8, 4, 35, 42, 42, 45, 22, 0]"
j10,2,proactive_quantile_0.9,600,True,26,0.038721323013305664,0.0005104541778564453,"[0, 0, 0, 0, 7, 7, 12, 12, 13, 17, 17, 0, 0, 0, 0, 0, 45]","""[0, 12, 4, 6, 4, 4, 2, 5, 3, 7, 4, 35, 42, 42, 45, 22, 0]"""
j10,2,reactive,600,True,24,0.038721323013305664,0.10323548316955566,"[0, 0, 0, 0, 7, 7, 12, 12, 13, 17, 17, 0, 0, 0, 0, 0, 24]","[0, 12, 4, 6, 4, 4, 2, 5, 3, 7, 4, 35, 42, 42, 45, 22, 0]"
j10,2,proactive_quantile_0.9,600,True,26,0.04033088684082031,0.0005197525024414062,"[0, 0, 0, 0, 7, 7, 12, 12, 13, 17, 17, 0, 0, 0, 0, 0, 45]","""[0, 9, 2, 6, 5, 4, 2, 4, 3, 8, 4, 35, 42, 42, 45, 22, 0]"""
j10,2,reactive,600,True,25,0.04033088684082031,0.1138153076171875,"[0, 0, 0, 0, 7, 7, 12, 12, 13, 17, 17, 0, 0, 0, 0, 0, 25]","[0, 9, 2, 6, 5, 4, 2, 4, 3, 8, 4, 35, 42, 42, 45, 22, 0]"
j10,2,proactive_quantile_0.9,600,True,26,0.039360761642456055,0.0005209445953369141,"[0, 0, 0, 0, 7, 7, 12, 12, 13, 17, 17, 0, 0, 0, 0, 0, 45]","""[0, 9, 3, 5, 3, 3, 2, 5, 2, 10, 5, 35, 42, 42, 45, 22, 0]"""
j10,2,reactive,600,True,27,0.039360761642456055,0.10712957382202148,"[0, 0, 0, 0, 7, 7, 12, 12, 13, 17, 17, 0, 0, 0, 0, 0, 27]","[0, 9, 3, 5, 3, 3, 2, 5, 2, 10, 5, 35, 42, 42, 45, 22, 0]"
j10,2,proactive_quantile_0.9,600,True,26,0.039154052734375,0.0005271434783935547,"[0, 0, 0, 0, 7, 7, 12, 12, 13, 17, 17, 0, 0, 0, 0, 0, 45]","""[0, 10, 4, 6, 7, 3, 3, 2, 2, 7, 2, 35, 42, 42, 45, 22, 0]"""
j10,2,reactive,600,False,inf,inf,inf,null,"[0, 10, 4, 6, 7, 3, 3, 2, 2, 7, 2, 35, 42, 42, 45, 22, 0]"
j10,2,proactive_quantile_0.9,600,True,42,0.0760650634765625,0.0004978179931640625,"[0, 0, 6, 0, 7, 23, 7, 30, 16, 14, 37, 0, 0, 71]","""[0, 7, 7, 3, 5, 5, 5, 7, 6, 8, 6, 48, 71, 0]"""
j10,2,reactive,600,True,43,0.0760650634765625,0.15811514854431152,"[0, 0, 6, 0, 7, 23, 7, 30, 16, 14, 37, 0, 0, 43]","[0, 7, 7, 3, 5, 5, 5, 7, 6, 8, 6, 48, 71, 0]"
j10,2,stnu,600,True,25,0.8814060688018799,0.006181955337524414,"[0, 0, 2, 0, 4, 13, 4, 18, 13, 9, 20, 0, 0, 25]","""[0, 4, 11, 2, 5, 5, 6, 2, 7, 8, 5, 48, 71, 0]"""
j10,2,proactive_quantile_0.9,600,True,42,0.06944704055786133,0.0004353523254394531,"[0, 0, 6, 0, 7, 23, 7, 30, 16, 14, 37, 0, 0, 71]","""[0, 5, 8, 5, 2, 5, 7, 6, 6, 8, 3, 48, 71, 0]"""
j10,2,reactive,600,True,40,0.06944704055786133,0.1395277976989746,"[0, 0, 6, 0, 7, 23, 7, 30, 16, 14, 37, 0, 0, 40]","[0, 5, 8, 5, 2, 5, 7, 6, 6, 8, 3, 48, 71, 0]"
j10,2,stnu,600,True,30,0.6828675270080566,0.006092548370361328,"[0, 0, 3, 0, 6, 15, 6, 20, 13, 8, 24, 0, 0, 30]","""[0, 6, 10, 3, 2, 5, 9, 4, 6, 8, 6, 48, 71, 0]"""
j10,2,proactive_quantile_0.9,600,True,42,0.04710841178894043,0.0004286766052246094,"[0, 0, 6, 0, 7, 23, 7, 30, 16, 14, 37, 0, 0, 71]","""[0, 5, 10, 4, 4, 4, 6, 5, 7, 9, 2, 48, 71, 0]"""
j10,2,reactive,600,True,37,0.04710841178894043,0.14076924324035645,"[0, 0, 6, 0, 7, 23, 7, 30, 16, 14, 35, 0, 0, 37]","[0, 5, 10, 4, 4, 4, 6, 5, 7, 9, 2, 48, 71, 0]"
j10,2,stnu,600,True,29,0.5965495109558105,0.006171464920043945,"[0, 0, 4, 0, 5, 18, 5, 22, 11, 9, 27, 0, 0, 29]","""[0, 5, 10, 4, 4, 4, 6, 5, 7, 9, 2, 48, 71, 0]"""
j10,2,proactive_quantile_0.9,600,True,42,0.058550357818603516,0.00042748451232910156,"[0, 0, 6, 0, 7, 23, 7, 30, 16, 14, 37, 0, 0, 71]","""[0, 6, 7, 3, 4, 7, 6, 5, 5, 9, 4, 48, 71, 0]"""
j10,2,reactive,600,True,41,0.058550357818603516,0.15375876426696777,"[0, 0, 6, 0, 7, 23, 7, 30, 16, 14, 37, 0, 0, 41]","[0, 6, 7, 3, 4, 7, 6, 5, 5, 9, 4, 48, 71, 0]"
j10,2,stnu,600,True,35,0.6805233955383301,0.006213665008544922,"[0, 0, 3, 0, 6, 19, 6, 26, 12, 10, 31, 0, 0, 35]","""[0, 6, 7, 3, 4, 7, 6, 5, 5, 9, 4, 48, 71, 0]"""
j10,2,proactive_quantile_0.9,600,True,42,0.05610918998718262,0.00044083595275878906,"[0, 0, 6, 0, 7, 23, 7, 30, 16, 14, 37, 0, 0, 71]","""[0, 7, 6, 6, 6, 6, 6, 8, 6, 5, 2, 48, 71, 0]"""
j10,2,reactive,600,False,inf,inf,inf,null,"[0, 7, 6, 6, 6, 6, 6, 8, 6, 5, 2, 48, 71, 0]"
j10,2,stnu,600,True,35,0.7006444931030273,0.006230592727661133,"[0, 0, 6, 0, 7, 19, 7, 25, 13, 13, 33, 0, 0, 35]","""[0, 7, 6, 6, 6, 6, 6, 8, 6, 5, 2, 48, 71, 0]"""
j10,2,proactive_quantile_0.9,600,True,42,0.0760805606842041,0.0005097389221191406,"[0, 0, 6, 0, 7, 23, 7, 30, 16, 14, 37, 0, 0, 71]","""[0, 7, 9, 4, 5, 5, 3, 8, 7, 9, 3, 48, 71, 0]"""
j10,2,reactive,600,False,inf,inf,inf,null,"[0, 7, 9, 4, 5, 5, 3, 8, 7, 9, 3, 48, 71, 0]"
j10,2,stnu,600,True,37,0.7072272300720215,0.0062847137451171875,"[0, 0, 4, 0, 7, 21, 7, 26, 12, 12, 34, 0, 0, 37]","""[0, 7, 9, 4, 5, 5, 3, 8, 7, 9, 3, 48, 71, 0]"""
j10,2,proactive_quantile_0.9,600,False,inf,0.07171463966369629,inf,"[0, 0, 6, 0, 7, 23, 7, 30, 16, 14, 37, 0, 0, 71]","""[0, 7, 11, 7, 6, 7, 5, 8, 6, 9, 5, 48, 71, 0]"""
j10,2,reactive,600,False,inf,inf,inf,null,"[0, 7, 11, 7, 6, 7, 5, 8, 6, 9, 5, 48, 71, 0]"
j10,2,stnu,600,True,25,0.7655858993530273,0.005908012390136719,"[0, 0, 1, 0, 2, 10, 2, 17, 10, 8, 21, 0, 0, 25]","""[0, 2, 9, 1, 6, 7, 8, 4, 4, 9, 4, 48, 71, 0]"""
j10,2,proactive_quantile_0.9,600,True,42,0.05144309997558594,0.0004410743713378906,"[0, 0, 6, 0, 7, 23, 7, 30, 16, 14, 37, 0, 0, 71]","""[0, 5, 10, 7, 6, 7, 6, 8, 7, 6, 2, 48, 71, 0]"""
j10,2,reactive,600,False,inf,inf,inf,null,"[0, 5, 10, 7, 6, 7, 6, 8, 7, 6, 2, 48, 71, 0]"
j10,2,stnu,600,True,37,0.6519467830657959,0.006172657012939453,"[0, 0, 7, 0, 5, 20, 7, 27, 13, 11, 35, 0, 0, 37]","""[0, 5, 10, 7, 6, 7, 6, 8, 7, 6, 2, 48, 71, 0]"""
j10,2,proactive_quantile_0.9,600,True,42,0.0663602352142334,0.00040459632873535156,"[0, 0, 6, 0, 7, 23, 7, 30, 16, 14, 37, 0, 0, 71]","""[0, 6, 7, 4, 5, 4, 8, 2, 9, 9, 3, 48, 71, 0]"""
j10,2,reactive,600,True,35,0.0663602352142334,0.13722777366638184,"[0, 0, 6, 0, 7, 23, 7, 30, 16, 14, 32, 0, 0, 35]","[0, 6, 7, 4, 5, 4, 8, 2, 9, 9, 3, 48, 71, 0]"
j10,2,stnu,600,True,32,0.6070497035980225,0.006037473678588867,"[0, 0, 4, 0, 6, 23, 6, 27, 14, 11, 29, 0, 0, 32]","""[0, 6, 7, 4, 5, 4, 8, 2, 9, 9, 3, 48, 71, 0]"""
j10,2,proactive_quantile_0.9,600,True,38,0.1465909481048584,0.0004355907440185547,"[0, 0, 4, 0, 8, 13, 16, 26, 7, 20, 33, 0, 0, 71]","""[0, 3, 12, 3, 4, 4, 11, 5, 4, 10, 3, 48, 71, 0]"""
j10,2,reactive,600,False,inf,inf,inf,null,"[0, 3, 12, 3, 4, 4, 11, 5, 4, 10, 3, 48, 71, 0]"
j10,2,stnu,600,True,31,0.5991201400756836,0.006102085113525391,"[0, 0, 3, 0, 3, 19, 3, 23, 9, 9, 28, 0, 0, 31]","""[0, 3, 11, 3, 6, 4, 5, 5, 7, 10, 3, 48, 71, 0]"""
j10,2,proactive_quantile_0.9,600,True,46,0.13276219367980957,0.0002162456512451172,"[0, 0, 0, 0, 10, 13, 22, 26, 26, 35, 22, 0, 46]","""[0, 6, 1, 2, 3, 5, 3, 6, 5, 9, 3, 18, 0]"""
j10,2,reactive,600,True,44,0.13276219367980957,0.12449789047241211,"[0, 0, 0, 0, 10, 13, 22, 26, 26, 35, 22, 0, 44]","[0, 6, 1, 2, 3, 5, 3, 6, 5, 9, 3, 18, 0]"
j10,2,stnu,600,True,33,0.7271692752838135,0.005259275436401367,"[0, 0, 0, 0, 6, 9, 16, 19, 19, 25, 16, 0, 33]","""[0, 6, 1, 2, 3, 7, 3, 6, 5, 8, 3, 18, 0]"""
j10,2,proactive_quantile_0.9,600,True,46,0.05118203163146973,0.00019669532775878906,"[0, 0, 0, 0, 10, 13, 22, 26, 26, 35, 22, 0, 46]","""[0, 6, 3, 1, 2, 8, 2, 7, 5, 9, 3, 18, 0]"""
j10,2,reactive,600,True,44,0.05118203163146973,0.11298155784606934,"[0, 0, 0, 0, 10, 13, 22, 26, 26, 35, 22, 0, 44]","[0, 6, 3, 1, 2, 8, 2, 7, 5, 9, 3, 18, 0]"
j10,2,stnu,600,True,32,0.8112468719482422,0.005311727523803711,"[0, 0, 0, 0, 6, 8, 14, 17, 17, 24, 14, 0, 32]","""[0, 6, 3, 1, 2, 6, 2, 7, 5, 8, 3, 18, 0]"""
j10,2,proactive_quantile_0.9,600,True,46,0.131683349609375,0.0001971721649169922,"[0, 0, 0, 0, 10, 13, 22, 26, 26, 35, 22, 0, 46]","""[0, 6, 3, 3, 2, 8, 3, 4, 3, 10, 2, 18, 0]"""
j10,2,reactive,600,True,45,0.131683349609375,0.10781145095825195,"[0, 0, 0, 0, 10, 13, 22, 26, 26, 35, 22, 0, 45]","[0, 6, 3, 3, 2, 8, 3, 4, 3, 10, 2, 18, 0]"
j10,2,stnu,600,True,35,0.6094141006469727,0.005346536636352539,"[0, 0, 0, 0, 8, 10, 17, 20, 22, 25, 17, 0, 35]","""[0, 7, 8, 2, 2, 7, 3, 4, 3, 10, 5, 18, 0]"""
j10,2,proactive_quantile_0.9,600,False,inf,0.051332950592041016,inf,"[0, 0, 0, 0, 10, 13, 22, 26, 28, 35, 22, 0, 46]","""[0, 6, 7, 2, 2, 6, 4, 8, 2, 11, 7, 18, 0]"""
j10,2,reactive,600,False,inf,inf,inf,null,"[0, 6, 7, 2, 2, 6, 4, 8, 2, 11, 7, 18, 0]"
j10,2,stnu,600,True,36,0.7686202526092529,0.005205392837524414,"[0, 0, 0, 0, 9, 11, 17, 21, 21, 29, 17, 0, 36]","""[0, 9, 3, 3, 2, 6, 4, 8, 2, 7, 3, 18, 0]"""
j10,2,proactive_quantile_0.9,600,True,46,0.04758453369140625,0.00021195411682128906,"[0, 0, 0, 0, 10, 13, 22, 26, 28, 35, 22, 0, 46]","""[0, 8, 8, 5, 2, 7, 3, 5, 4, 10, 5, 18, 0]"""
j10,2,reactive,600,True,45,0.04758453369140625,0.10968184471130371,"[0, 0, 0, 0, 10, 13, 22, 26, 28, 35, 22, 0, 45]","[0, 8, 8, 5, 2, 7, 3, 5, 4, 10, 5, 18, 0]"
j10,2,stnu,600,True,33,0.662506103515625,0.00525665283203125,"[0, 0, 0, 0, 8, 10, 17, 20, 20, 25, 17, 0, 33]","""[0, 8, 3, 1, 2, 7, 3, 5, 4, 8, 3, 18, 0]"""
j10,2,proactive_quantile_0.9,600,True,46,0.1255323886871338,0.00018715858459472656,"[0, 0, 0, 0, 10, 13, 22, 26, 26, 35, 22, 0, 46]","""[0, 6, 2, 1, 2, 8, 3, 6, 3, 7, 1, 18, 0]"""
j10,2,reactive,600,True,42,0.1255323886871338,0.1509871482849121,"[0, 0, 0, 0, 10, 13, 22, 26, 26, 35, 22, 0, 42]","[0, 6, 2, 1, 2, 8, 3, 6, 3, 7, 1, 18, 0]"
j10,2,stnu,600,True,30,0.6103973388671875,0.005445718765258789,"[0, 0, 0, 0, 6, 8, 13, 16, 16, 22, 13, 0, 30]","""[0, 6, 2, 1, 2, 5, 3, 6, 3, 8, 1, 18, 0]"""
j10,2,proactive_quantile_0.9,600,True,46,0.100372314453125,0.0002696514129638672,"[0, 0, 0, 0, 10, 13, 22, 26, 26, 35, 22, 0, 46]","""[0, 7, 1, 1, 2, 6, 1, 8, 4, 12, 2, 18, 0]"""
j10,2,reactive,600,True,46,0.100372314453125,0.14663100242614746,"[0, 0, 0, 0, 10, 13, 22, 26, 26, 34, 22, 0, 45]","[0, 7, 1, 1, 2, 6, 1, 8, 4, 12, 2, 18, 0]"
j10,2,stnu,600,True,37,0.6452000141143799,0.00539851188659668,"[0, 0, 0, 0, 9, 11, 16, 17, 20, 25, 16, 0, 37]","""[0, 9, 8, 3, 2, 5, 1, 8, 4, 12, 4, 18, 0]"""
j10,2,proactive_quantile_0.9,600,True,46,0.06063556671142578,0.00020432472229003906,"[0, 0, 0, 0, 10, 13, 22, 26, 26, 35, 22, 0, 46]","""[0, 8, 2, 2, 1, 7, 1, 4, 4, 8, 3, 18, 0]"""
j10,2,reactive,600,True,43,0.06063556671142578,0.1429443359375,"[0, 0, 0, 0, 10, 13, 22, 26, 26, 35, 22, 0, 43]","[0, 8, 2, 2, 1, 7, 1, 4, 4, 8, 3, 18, 0]"
j10,2,stnu,600,True,32,0.7653429508209229,0.005361795425415039,"[0, 0, 0, 0, 9, 10, 17, 18, 20, 24, 17, 0, 32]","""[0, 9, 6, 4, 1, 7, 1, 4, 4, 8, 3, 18, 0]"""
j10,2,proactive_quantile_0.9,600,True,46,0.17626309394836426,0.0002028942108154297,"[0, 0, 0, 0, 10, 13, 22, 26, 26, 35, 22, 0, 46]","""[0, 8, 2, 1, 1, 8, 1, 6, 5, 10, 3, 18, 0]"""
j10,2,reactive,600,True,45,0.17626309394836426,0.14876937866210938,"[0, 0, 0, 0, 10, 13, 22, 26, 26, 35, 22, 0, 45]","[0, 8, 2, 1, 1, 8, 1, 6, 5, 10, 3, 18, 0]"
j10,2,stnu,600,True,36,0.6919190883636475,0.005247354507446289,"[0, 0, 0, 0, 8, 9, 17, 20, 20, 26, 17, 0, 36]","""[0, 8, 2, 1, 1, 8, 1, 6, 4, 10, 3, 18, 0]"""
j10,2,proactive_quantile_0.9,600,True,46,0.134232759475708,0.00020623207092285156,"[0, 0, 0, 0, 10, 13, 22, 26, 26, 35, 22, 0, 46]","""[0, 8, 1, 2, 2, 6, 2, 6, 5, 8, 1, 18, 0]"""
j10,2,reactive,600,True,43,0.134232759475708,0.13310837745666504,"[0, 0, 0, 0, 10, 13, 22, 26, 26, 35, 22, 0, 43]","[0, 8, 1, 2, 2, 6, 2, 6, 5, 8, 1, 18, 0]"
j10,2,stnu,600,True,32,0.693021297454834,0.0053212642669677734,"[0, 0, 0, 0, 8, 10, 14, 16, 16, 22, 14, 0, 32]","""[0, 8, 1, 2, 2, 4, 2, 6, 5, 10, 1, 18, 0]"""
j10,2,proactive_quantile_0.9,600,True,33,0.05356597900390625,0.0006394386291503906,"[0, 0, 0, 4, 11, 4, 4, 17, 23, 23, 17, 0, 0, 0, 0, 0, 0, 0, 0, 56]","""[0, 3, 3, 7, 5, 5, 2, 3, 4, 7, 3, 26, 44, 17, 28, 11, 56, 36, 26, 0]"""
j10,2,reactive,600,True,30,0.05356597900390625,0.12143778800964355,"[0, 0, 0, 4, 11, 4, 4, 17, 23, 23, 17, 0, 0, 0, 0, 0, 0, 0, 0, 30]","[0, 3, 3, 7, 5, 5, 2, 3, 4, 7, 3, 26, 44, 17, 28, 11, 56, 36, 26, 0]"
j10,2,stnu,600,False,inf,0.762467622756958,inf,[],"""[0, 3, 3, 7, 3, 2, 2, 3, 1, 10, 3, 26, 44, 17, 28, 11, 56, 36, 26, 0]"""
j10,2,proactive_quantile_0.9,600,True,33,0.16119647026062012,0.0006439685821533203,"[0, 0, 0, 4, 11, 3, 5, 16, 22, 22, 15, 0, 0, 0, 0, 0, 0, 0, 0, 56]","""[0, 3, 2, 5, 2, 7, 5, 5, 10, 12, 3, 26, 44, 17, 28, 11, 56, 36, 26, 0]"""
j10,2,reactive,600,True,34,0.16119647026062012,0.13063621520996094,"[0, 0, 0, 4, 11, 3, 5, 16, 22, 22, 15, 0, 0, 0, 0, 0, 0, 0, 0, 34]","[0, 3, 2, 5, 2, 7, 5, 5, 10, 12, 3, 26, 44, 17, 28, 11, 56, 36, 26, 0]"
j10,2,stnu,600,False,inf,0.6605613231658936,inf,[],"""[0, 3, 2, 5, 2, 4, 1, 5, 3, 12, 3, 26, 44, 17, 28, 11, 56, 36, 26, 0]"""
j10,2,proactive_quantile_0.9,600,True,33,0.05537676811218262,0.0006151199340820312,"[0, 0, 0, 4, 11, 4, 4, 17, 23, 23, 17, 0, 0, 0, 0, 0, 0, 0, 0, 56]","""[0, 2, 3, 6, 3, 2, 3, 5, 6, 7, 1, 26, 44, 17, 28, 11, 56, 36, 26, 0]"""
j10,2,reactive,600,True,30,0.05537676811218262,0.13651132583618164,"[0, 0, 0, 4, 11, 4, 4, 17, 23, 23, 17, 0, 0, 0, 0, 0, 0, 0, 0, 30]","[0, 2, 3, 6, 3, 2, 3, 5, 6, 7, 1, 26, 44, 17, 28, 11, 56, 36, 26, 0]"
j10,2,stnu,600,False,inf,0.6120643615722656,inf,[],"""[0, 2, 1, 6, 3, 3, 3, 5, 2, 11, 1, 26, 44, 17, 28, 11, 56, 36, 26, 0]"""
j10,2,proactive_quantile_0.9,600,True,33,0.057861328125,0.0006277561187744141,"[0, 0, 0, 4, 11, 4, 4, 17, 23, 23, 17, 0, 0, 0, 0, 0, 0, 0, 0, 56]","""[0, 2, 2, 4, 5, 7, 1, 5, 6, 8, 3, 26, 44, 17, 28, 11, 56, 36, 26, 0]"""
j10,2,reactive,600,True,31,0.057861328125,0.1278088092803955,"[0, 0, 0, 4, 11, 4, 4, 17, 23, 23, 17, 0, 0, 0, 0, 0, 0, 0, 0, 31]","[0, 2, 2, 4, 5, 7, 1, 5, 6, 8, 3, 26, 44, 17, 28, 11, 56, 36, 26, 0]"
j10,2,stnu,600,False,inf,0.7444469928741455,inf,[],"""[0, 2, 2, 4, 3, 3, 1, 5, 3, 9, 3, 26, 44, 17, 28, 11, 56, 36, 26, 0]"""
j10,2,proactive_quantile_0.9,600,False,inf,0.12279438972473145,inf,"[0, 0, 0, 4, 11, 3, 5, 16, 22, 22, 15, 0, 0, 0, 0, 0, 0, 0, 0, 56]","""[0, 2, 3, 8, 2, 6, 7, 4, 10, 11, 2, 26, 44, 17, 28, 11, 56, 36, 26, 0]"""
j10,2,reactive,600,False,inf,inf,inf,null,"[0, 2, 3, 8, 2, 6, 7, 4, 10, 11, 2, 26, 44, 17, 28, 11, 56, 36, 26, 0]"
j10,2,stnu,600,False,inf,0.7034070491790771,inf,[],"""[0, 2, 3, 4, 2, 5, 3, 4, 3, 11, 2, 26, 44, 17, 28, 11, 56, 36, 26, 0]"""
j10,2,proactive_quantile_0.9,600,True,32,0.057793617248535156,0.0006170272827148438,"[0, 0, 0, 4, 11, 3, 4, 15, 21, 21, 15, 0, 0, 0, 0, 0, 0, 0, 0, 56]","""[0, 3, 3, 6, 3, 3, 1, 6, 2, 8, 3, 26, 44, 17, 28, 11, 56, 36, 26, 0]"""
j10,2,reactive,600,True,29,0.057793617248535156,0.10286426544189453,"[0, 0, 0, 4, 11, 3, 4, 15, 21, 21, 15, 0, 0, 0, 0, 0, 0, 0, 0, 29]","[0, 3, 3, 6, 3, 3, 1, 6, 2, 8, 3, 26, 44, 17, 28, 11, 56, 36, 26, 0]"
j10,2,stnu,600,False,inf,0.6392707824707031,inf,[],"""[0, 3, 3, 6, 3, 3, 1, 6, 2, 8, 3, 26, 44, 17, 28, 11, 56, 36, 26, 0]"""
j10,2,proactive_quantile_0.9,600,True,33,0.05861258506774902,0.0006327629089355469,"[0, 0, 0, 4, 11, 4, 4, 17, 23, 23, 17, 0, 0, 0, 0, 0, 0, 0, 0, 56]","""[0, 3, 3, 6, 6, 3, 2, 4, 7, 8, 1, 26, 44, 17, 28, 11, 56, 36, 26, 0]"""
j10,2,reactive,600,True,31,0.05861258506774902,0.10845136642456055,"[0, 0, 0, 4, 11, 4, 4, 17, 23, 23, 17, 0, 0, 0, 0, 0, 0, 0, 0, 31]","[0, 3, 3, 6, 6, 3, 2, 4, 7, 8, 1, 26, 44, 17, 28, 11, 56, 36, 26, 0]"
j10,2,stnu,600,False,inf,0.8903255462646484,inf,[],"""[0, 3, 2, 6, 3, 5, 2, 4, 3, 8, 1, 26, 44, 17, 28, 11, 56, 36, 26, 0]"""
j10,2,proactive_quantile_0.9,600,True,33,0.05916547775268555,0.0006387233734130859,"[0, 0, 0, 4, 11, 4, 4, 17, 23, 23, 17, 0, 0, 0, 0, 0, 0, 0, 0, 56]","""[0, 1, 3, 5, 5, 4, 3, 5, 9, 6, 4, 26, 44, 17, 28, 11, 56, 36, 26, 0]"""
j10,2,reactive,600,True,32,0.05916547775268555,0.10780024528503418,"[0, 0, 0, 4, 11, 4, 4, 17, 23, 23, 17, 0, 0, 0, 0, 0, 0, 0, 0, 32]","[0, 1, 3, 5, 5, 4, 3, 5, 9, 6, 4, 26, 44, 17, 28, 11, 56, 36, 26, 0]"
j10,2,stnu,600,False,inf,1.1941006183624268,inf,[],"""[0, 1, 2, 5, 2, 3, 3, 5, 2, 9, 4, 26, 44, 17, 28, 11, 56, 36, 26, 0]"""
j10,2,proactive_quantile_0.9,600,True,32,0.06537961959838867,0.0006189346313476562,"[0, 0, 0, 4, 11, 3, 4, 15, 21, 21, 15, 0, 0, 0, 0, 0, 0, 0, 0, 56]","""[0, 4, 1, 6, 2, 3, 2, 4, 2, 8, 3, 26, 44, 17, 28, 11, 56, 36, 26, 0]"""
j10,2,reactive,600,True,29,0.06537961959838867,0.10863137245178223,"[0, 0, 0, 4, 11, 3, 4, 15, 21, 21, 15, 0, 0, 0, 0, 0, 0, 0, 0, 29]","[0, 4, 1, 6, 2, 3, 2, 4, 2, 8, 3, 26, 44, 17, 28, 11, 56, 36, 26, 0]"
j10,2,stnu,600,False,inf,0.9054241180419922,inf,[],"""[0, 4, 1, 6, 2, 3, 2, 4, 2, 8, 3, 26, 44, 17, 28, 11, 56, 36, 26, 0]"""
j10,2,proactive_quantile_0.9,600,False,inf,0.056201934814453125,inf,"[0, 0, 0, 4, 11, 4, 4, 17, 23, 23, 17, 0, 0, 0, 0, 0, 0, 0, 0, 56]","""[0, 2, 3, 6, 5, 3, 1, 7, 4, 7, 3, 26, 44, 17, 28, 11, 56, 36, 26, 0]"""
j10,2,reactive,600,False,inf,inf,inf,null,"[0, 2, 3, 6, 5, 3, 1, 7, 4, 7, 3, 26, 44, 17, 28, 11, 56, 36, 26, 0]"
j10,2,stnu,600,False,inf,1.068289041519165,inf,[],"""[0, 2, 2, 6, 2, 5, 1, 7, 4, 9, 3, 26, 44, 17, 28, 11, 56, 36, 26, 0]"""
j10,2,proactive_quantile_0.9,600,False,inf,0.09923768043518066,inf,"[0, 0, 0, 11, 4, 11, 15, 24, 18, 31, 26, 0, 0, 41]","""[0, 4, 3, 4, 8, 7, 6, 4, 3, 5, 4, 41, 26, 0]"""
j10,2,reactive,600,False,inf,inf,inf,null,"[0, 4, 3, 4, 8, 7, 6, 4, 3, 5, 4, 41, 26, 0]"
j10,2,stnu,600,True,41,1.2292640209197998,0.0063970088958740234,"[0, 0, 4, 0, 7, 32, 15, 7, 38, 23, 34, 0, 0, 41]","""[0, 5, 3, 4, 8, 2, 8, 4, 3, 9, 4, 41, 26, 0]"""
j10,2,proactive_quantile_0.9,600,True,40,0.19128918647766113,0.00032067298889160156,"[0, 0, 0, 11, 4, 11, 15, 24, 18, 31, 26, 0, 0, 41]","""[0, 4, 3, 4, 7, 6, 10, 7, 3, 7, 2, 41, 26, 0]"""
j10,2,reactive,600,True,38,0.19128918647766113,0.10538625717163086,"[0, 0, 0, 11, 4, 11, 15, 24, 18, 31, 26, 0, 0, 38]","[0, 4, 3, 4, 7, 6, 10, 7, 3, 7, 2, 41, 26, 0]"
j10,2,stnu,600,True,34,0.9111742973327637,0.006409168243408203,"[0, 0, 4, 0, 7, 26, 14, 7, 31, 20, 29, 0, 0, 34]","""[0, 6, 3, 4, 7, 3, 6, 4, 3, 6, 2, 41, 26, 0]"""
j10,2,proactive_quantile_0.9,600,True,40,0.09379100799560547,0.0004010200500488281,"[0, 0, 0, 11, 4, 11, 15, 24, 18, 31, 26, 0, 0, 41]","""[0, 2, 3, 2, 4, 5, 8, 5, 6, 6, 3, 41, 26, 0]"""
j10,2,reactive,600,True,37,0.09379100799560547,0.18362045288085938,"[0, 0, 0, 11, 4, 11, 15, 24, 18, 31, 26, 0, 0, 37]","[0, 2, 3, 2, 4, 5, 8, 5, 6, 6, 3, 41, 26, 0]"
j10,2,stnu,600,False,inf,0.9084789752960205,inf,[],"""[0, 2, 3, 2, 4, 2, 7, 5, 3, 6, 3, 41, 26, 0]"""
j10,2,proactive_quantile_0.9,600,True,40,0.1766350269317627,0.0003001689910888672,"[0, 0, 0, 11, 4, 11, 15, 24, 18, 31, 26, 0, 0, 41]","""[0, 3, 1, 2, 5, 7, 8, 4, 5, 3, 2, 41, 26, 0]"""
j10,2,reactive,600,True,31,0.1766350269317627,0.16612529754638672,"[0, 0, 0, 11, 4, 11, 15, 24, 18, 28, 26, 0, 0, 31]","[0, 3, 1, 2, 5, 7, 8, 4, 5, 3, 2, 41, 26, 0]"
j10,2,stnu,600,False,inf,2.8197734355926514,inf,[],"""[0, 3, 1, 2, 5, 3, 5, 4, 3, 3, 2, 41, 26, 0]"""
j10,2,proactive_quantile_0.9,600,True,40,0.21879148483276367,0.0003712177276611328,"[0, 0, 4, 0, 11, 34, 12, 7, 37, 18, 30, 0, 0, 41]","""[0, 7, 4, 4, 12, 2, 2, 4, 2, 6, 3, 41, 26, 0]"""
j10,2,reactive,600,True,31,0.21879148483276367,0.12790584564208984,"[0, 0, 4, 0, 11, 24, 12, 7, 29, 18, 26, 0, 0, 31]","[0, 7, 4, 4, 12, 2, 2, 4, 2, 6, 3, 41, 26, 0]"
j10,2,stnu,600,True,32,0.790367603302002,0.006493091583251953,"[0, 0, 4, 0, 7, 19, 7, 9, 30, 21, 27, 0, 0, 32]","""[0, 7, 3, 4, 12, 2, 2, 4, 2, 6, 3, 41, 26, 0]"""
j10,2,proactive_quantile_0.9,600,True,40,0.18094420433044434,0.00032329559326171875,"[0, 0, 0, 11, 4, 11, 15, 24, 18, 31, 26, 0, 0, 41]","""[0, 4, 3, 3, 6, 5, 10, 3, 5, 6, 1, 41, 26, 0]"""
j10,2,reactive,600,True,37,0.18094420433044434,0.18491649627685547,"[0, 0, 0, 11, 4, 11, 15, 24, 18, 31, 26, 0, 0, 37]","[0, 4, 3, 3, 6, 5, 10, 3, 5, 6, 1, 41, 26, 0]"
j10,2,stnu,600,True,30,0.8140933513641357,0.006257057189941406,"[0, 0, 3, 0, 6, 14, 6, 13, 27, 17, 26, 0, 0, 30]","""[0, 3, 3, 3, 8, 1, 7, 4, 3, 9, 1, 41, 26, 0]"""
j10,2,proactive_quantile_0.9,600,True,40,0.07296562194824219,0.0002930164337158203,"[0, 0, 0, 11, 4, 11, 15, 24, 18, 31, 26, 0, 0, 41]","""[0, 1, 2, 4, 5, 7, 6, 3, 5, 4, 2, 41, 26, 0]"""
j10,2,reactive,600,True,32,0.07296562194824219,0.15294456481933594,"[0, 0, 0, 11, 4, 11, 15, 24, 18, 28, 26, 0, 0, 32]","[0, 1, 2, 4, 5, 7, 6, 3, 5, 4, 2, 41, 26, 0]"
j10,2,stnu,600,False,inf,0.9818830490112305,inf,[],"""[0, 1, 2, 4, 5, 1, 4, 3, 7, 4, 2, 41, 26, 0]"""
j10,2,proactive_quantile_0.9,600,False,inf,0.18079614639282227,inf,"[0, 0, 0, 11, 4, 11, 15, 24, 18, 31, 26, 0, 0, 41]","""[0, 4, 2, 3, 5, 4, 11, 4, 7, 5, 1, 41, 26, 0]"""
j10,2,reactive,600,False,inf,inf,inf,null,"[0, 4, 2, 3, 5, 4, 11, 4, 7, 5, 1, 41, 26, 0]"
j10,2,stnu,600,True,31,0.6533873081207275,0.006260871887207031,"[0, 0, 0, 2, 5, 18, 5, 16, 22, 20, 17, 0, 0, 31]","""[0, 4, 2, 3, 12, 4, 11, 4, 7, 11, 1, 41, 26, 0]"""
j10,2,proactive_quantile_0.9,600,True,40,0.18221282958984375,0.00030159950256347656,"[0, 0, 0, 11, 4, 11, 15, 24, 18, 31, 26, 0, 0, 41]","""[0, 3, 3, 4, 3, 5, 9, 5, 3, 6, 3, 41, 26, 0]"""
j10,2,reactive,600,True,37,0.18221282958984375,0.15485310554504395,"[0, 0, 0, 11, 4, 11, 15, 24, 18, 31, 26, 0, 0, 37]","[0, 3, 3, 4, 3, 5, 9, 5, 3, 6, 3, 41, 26, 0]"
j10,2,stnu,600,True,30,0.6879611015319824,0.006384611129760742,"[0, 0, 4, 0, 7, 23, 10, 7, 28, 15, 25, 0, 0, 30]","""[0, 4, 3, 4, 3, 2, 5, 3, 2, 8, 3, 41, 26, 0]"""
j10,2,proactive_quantile_0.9,600,True,40,0.19099187850952148,0.0002770423889160156,"[0, 0, 0, 11, 4, 11, 15, 24, 18, 31, 26, 0, 0, 41]","""[0, 4, 2, 2, 6, 6, 7, 5, 2, 9, 3, 41, 26, 0]"""
j10,2,reactive,600,True,38,0.19099187850952148,0.14361786842346191,"[0, 0, 0, 11, 4, 11, 15, 24, 18, 29, 22, 0, 0, 38]","[0, 4, 2, 2, 6, 6, 7, 5, 2, 9, 3, 41, 26, 0]"
j10,2,stnu,600,True,29,0.8040504455566406,0.00646519660949707,"[0, 0, 2, 0, 4, 22, 10, 6, 27, 14, 24, 0, 0, 29]","""[0, 6, 2, 2, 6, 2, 4, 4, 2, 8, 3, 41, 26, 0]"""
j10,2,proactive_quantile_0.9,600,True,26,0.14315509796142578,0.0009202957153320312,"[0, 0, 0, 0, 3, 6, 13, 3, 5, 13, 19, 0, 0, 0, 0, 0, 0, 0, 0, 91]","""[0, 6, 3, 5, 2, 2, 6, 5, 6, 4, 3, 60, 84, 77, 34, 27, 12, 91, 22, 0]"""
j10,2,reactive,600,True,22,0.14315509796142578,0.07918763160705566,"[0, 0, 0, 0, 3, 6, 13, 3, 5, 13, 19, 0, 0, 0, 0, 0, 0, 0, 0, 22]","[0, 6, 3, 5, 2, 2, 6, 5, 6, 4, 3, 60, 84, 77, 34, 27, 12, 91, 22, 0]"
j10,2,stnu,600,False,inf,0.6796214580535889,inf,[],"""[0, 5, 3, 6, 2, 2, 6, 5, 6, 4, 3, 60, 84, 77, 34, 27, 12, 91, 22, 0]"""
j10,2,proactive_quantile_0.9,600,True,19,0.04727649688720703,0.0008985996246337891,"[0, 0, 0, 0, 3, 6, 13, 4, 5, 13, 16, 0, 0, 0, 0, 0, 0, 0, 0, 91]","""[0, 1, 2, 4, 3, 6, 2, 6, 7, 4, 3, 60, 84, 77, 34, 27, 12, 91, 22, 0]"""
j10,2,reactive,600,True,19,0.04727649688720703,0.09700798988342285,"[0, 0, 0, 0, 3, 6, 13, 4, 5, 13, 16, 0, 0, 0, 0, 0, 0, 0, 0, 19]","[0, 1, 2, 4, 3, 6, 2, 6, 7, 4, 3, 60, 84, 77, 34, 27, 12, 91, 22, 0]"
j10,2,stnu,600,False,inf,0.5861189365386963,inf,[],"""[0, 4, 2, 9, 3, 6, 5, 6, 10, 5, 5, 60, 84, 77, 34, 27, 12, 91, 22, 0]"""
j10,2,proactive_quantile_0.9,600,True,19,0.056824445724487305,0.0009286403656005859,"[0, 0, 0, 0, 3, 6, 13, 4, 5, 13, 16, 0, 0, 0, 0, 0, 0, 0, 0, 91]","""[0, 3, 3, 3, 2, 5, 2, 6, 10, 6, 3, 60, 84, 77, 34, 27, 12, 91, 22, 0]"""
j10,2,reactive,600,True,19,0.056824445724487305,0.09372162818908691,"[0, 0, 0, 0, 3, 6, 13, 4, 5, 13, 15, 0, 0, 0, 0, 0, 0, 0, 0, 19]","[0, 3, 3, 3, 2, 5, 2, 6, 10, 6, 3, 60, 84, 77, 34, 27, 12, 91, 22, 0]"
j10,2,stnu,600,False,inf,0.6046853065490723,inf,[],"""[0, 4, 3, 5, 2, 5, 6, 6, 11, 5, 4, 60, 84, 77, 34, 27, 12, 91, 22, 0]"""
j10,2,proactive_quantile_0.9,600,True,32,0.08207511901855469,0.0009355545043945312,"[0, 0, 0, 0, 3, 6, 13, 3, 5, 16, 25, 0, 0, 0, 0, 0, 0, 0, 0, 91]","""[0, 6, 2, 4, 3, 7, 10, 5, 6, 5, 6, 60, 84, 77, 34, 27, 12, 91, 22, 0]"""
j10,2,reactive,600,True,31,0.08207511901855469,0.08287644386291504,"[0, 0, 0, 0, 3, 6, 13, 3, 5, 16, 25, 0, 0, 0, 0, 0, 0, 0, 0, 31]","[0, 6, 2, 4, 3, 7, 10, 5, 6, 5, 6, 60, 84, 77, 34, 27, 12, 91, 22, 0]"
j10,2,stnu,600,False,inf,0.7212281227111816,inf,[],"""[0, 3, 2, 6, 3, 7, 5, 5, 10, 9, 6, 60, 84, 77, 34, 27, 12, 91, 22, 0]"""
j10,2,proactive_quantile_0.9,600,False,inf,0.07116293907165527,inf,"[0, 0, 0, 0, 3, 6, 13, 3, 5, 16, 25, 0, 0, 0, 0, 0, 0, 0, 0, 91]","""[0, 7, 3, 3, 3, 6, 11, 6, 5, 8, 8, 60, 84, 77, 34, 27, 12, 91, 22, 0]"""
j10,2,reactive,600,False,inf,0.07116293907165527,0.09206867218017578,"[0, 0, 0, 0, 3, 6, 13, 3, 5, 16, 25, 0, 0, 0, 0, 0, 0, 0, 0, 33]","[0, 7, 3, 3, 3, 6, 11, 6, 5, 8, 8, 60, 84, 77, 34, 27, 12, 91, 22, 0]"
j10,2,stnu,600,False,inf,0.646298885345459,inf,[],"""[0, 2, 3, 7, 3, 6, 7, 6, 5, 8, 8, 60, 84, 77, 34, 27, 12, 91, 22, 0]"""
j10,2,proactive_quantile_0.9,600,False,inf,0.13995599746704102,inf,"[0, 0, 0, 0, 3, 6, 13, 3, 5, 13, 19, 0, 0, 0, 0, 0, 0, 0, 0, 91]","""[0, 6, 2, 3, 1, 8, 3, 4, 4, 6, 7, 60, 84, 77, 34, 27, 12, 91, 22, 0]"""
j10,2,reactive,600,False,inf,inf,inf,null,"[0, 6, 2, 3, 1, 8, 3, 4, 4, 6, 7, 60, 84, 77, 34, 27, 12, 91, 22, 0]"
j10,2,stnu,600,False,inf,0.6008889675140381,inf,[],"""[0, 5, 2, 7, 1, 8, 3, 4, 8, 6, 7, 60, 84, 77, 34, 27, 12, 91, 22, 0]"""
j10,2,proactive_quantile_0.9,600,True,19,0.05459260940551758,0.0009019374847412109,"[0, 0, 0, 0, 3, 6, 13, 4, 5, 13, 16, 0, 0, 0, 0, 0, 0, 0, 0, 91]","""[0, 2, 3, 3, 2, 5, 1, 3, 6, 3, 2, 60, 84, 77, 34, 27, 12, 91, 22, 0]"""
j10,2,reactive,600,True,16,0.05459260940551758,0.11141562461853027,"[0, 0, 0, 0, 3, 6, 13, 4, 5, 13, 14, 0, 0, 0, 0, 0, 0, 0, 0, 16]","[0, 2, 3, 3, 2, 5, 1, 3, 6, 3, 2, 60, 84, 77, 34, 27, 12, 91, 22, 0]"
j10,2,stnu,600,False,inf,0.5743410587310791,inf,[],"""[0, 4, 3, 7, 2, 5, 4, 3, 8, 7, 4, 60, 84, 77, 34, 27, 12, 91, 22, 0]"""
j10,2,proactive_quantile_0.9,600,True,19,0.06979036331176758,0.0008976459503173828,"[0, 0, 0, 0, 3, 6, 13, 4, 5, 13, 16, 0, 0, 0, 0, 0, 0, 0, 0, 91]","""[0, 2, 2, 4, 2, 5, 2, 6, 4, 4, 2, 60, 84, 77, 34, 27, 12, 91, 22, 0]"""
j10,2,reactive,600,True,18,0.06979036331176758,0.11902880668640137,"[0, 0, 0, 0, 3, 6, 13, 4, 5, 13, 16, 0, 0, 0, 0, 0, 0, 0, 0, 18]","[0, 2, 2, 4, 2, 5, 2, 6, 4, 4, 2, 60, 84, 77, 34, 27, 12, 91, 22, 0]"
j10,2,stnu,600,False,inf,0.8405306339263916,inf,[],"""[0, 4, 2, 9, 2, 5, 5, 6, 9, 8, 6, 60, 84, 77, 34, 27, 12, 91, 22, 0]"""
j10,2,proactive_quantile_0.9,600,True,19,0.05526089668273926,0.0008904933929443359,"[0, 0, 0, 0, 3, 6, 13, 4, 5, 13, 16, 0, 0, 0, 0, 0, 0, 0, 0, 91]","""[0, 3, 1, 3, 2, 3, 2, 7, 5, 5, 2, 60, 84, 77, 34, 27, 12, 91, 22, 0]"""
j10,2,reactive,600,True,18,0.05526089668273926,0.12045812606811523,"[0, 0, 0, 0, 3, 6, 13, 4, 5, 13, 16, 0, 0, 0, 0, 0, 0, 0, 0, 18]","[0, 3, 1, 3, 2, 3, 2, 7, 5, 5, 2, 60, 84, 77, 34, 27, 12, 91, 22, 0]"
j10,2,stnu,600,False,inf,0.7016665935516357,inf,[],"""[0, 3, 1, 10, 2, 3, 5, 7, 6, 7, 7, 60, 84, 77, 34, 27, 12, 91, 22, 0]"""
j10,2,proactive_quantile_0.9,600,True,26,0.1209864616394043,0.0009512901306152344,"[0, 0, 0, 0, 3, 6, 13, 3, 5, 13, 19, 0, 0, 0, 0, 0, 0, 0, 0, 91]","""[0, 8, 2, 4, 3, 5, 5, 5, 4, 8, 5, 60, 84, 77, 34, 27, 12, 91, 22, 0]"""
j10,2,reactive,600,True,24,0.1209864616394043,0.10119390487670898,"[0, 0, 0, 0, 3, 6, 13, 3, 5, 13, 19, 0, 0, 0, 0, 0, 0, 0, 0, 24]","[0, 8, 2, 4, 3, 5, 5, 5, 4, 8, 5, 60, 84, 77, 34, 27, 12, 91, 22, 0]"
j10,2,stnu,600,False,inf,0.6260457038879395,inf,[],"""[0, 2, 2, 5, 3, 5, 5, 5, 6, 8, 5, 60, 84, 77, 34, 27, 12, 91, 22, 0]"""
j10,2,proactive_quantile_0.9,600,True,25,0.1539456844329834,0.0005819797515869141,"[0, 0, 0, 0, 4, 7, 11, 10, 14, 13, 18, 0, 0, 0, 81]","""[0, 2, 9, 2, 2, 2, 2, 1, 3, 6, 4, 68, 81, 40, 0]"""
j10,2,reactive,600,True,22,0.1539456844329834,0.153594970703125,"[0, 0, 0, 0, 4, 7, 11, 10, 14, 13, 18, 0, 0, 0, 22]","[0, 2, 9, 2, 2, 2, 2, 1, 3, 6, 4, 68, 81, 40, 0]"
j10,2,stnu,600,False,inf,1.0456666946411133,inf,[],"""[0, 5, 4, 2, 7, 2, 4, 5, 3, 4, 11, 68, 81, 40, 0]"""
j10,2,proactive_quantile_0.9,600,False,inf,0.1673736572265625,inf,"[0, 0, 5, 0, 7, 16, 12, 20, 19, 27, 27, 0, 0, 0, 81]","""[0, 4, 7, 6, 10, 3, 7, 7, 1, 3, 10, 68, 81, 40, 0]"""
j10,2,reactive,600,False,inf,inf,inf,null,"[0, 4, 7, 6, 10, 3, 7, 7, 1, 3, 10, 68, 81, 40, 0]"
j10,2,stnu,600,False,inf,1.3091833591461182,inf,[],"""[0, 4, 7, 4, 10, 3, 7, 7, 1, 3, 10, 68, 81, 40, 0]"""
j10,2,proactive_quantile_0.9,600,True,25,0.05530548095703125,0.0004973411560058594,"[0, 0, 0, 0, 4, 7, 11, 10, 14, 13, 18, 0, 0, 0, 81]","""[0, 3, 11, 1, 2, 2, 1, 2, 3, 5, 5, 68, 81, 40, 0]"""
j10,2,reactive,600,True,23,0.05530548095703125,0.12979984283447266,"[0, 0, 0, 0, 4, 7, 11, 10, 14, 13, 18, 0, 0, 0, 23]","[0, 3, 11, 1, 2, 2, 1, 2, 3, 5, 5, 68, 81, 40, 0]"
j10,2,stnu,600,False,inf,0.623328447341919,inf,[],"""[0, 2, 5, 1, 7, 3, 4, 4, 3, 5, 9, 68, 81, 40, 0]"""
j10,2,proactive_quantile_0.9,600,True,25,0.06811761856079102,0.0005002021789550781,"[0, 0, 0, 0, 4, 7, 11, 10, 14, 13, 18, 0, 0, 0, 81]","""[0, 4, 8, 2, 2, 2, 2, 1, 2, 8, 6, 68, 81, 40, 0]"""
j10,2,reactive,600,True,24,0.06811761856079102,0.12739872932434082,"[0, 0, 0, 0, 4, 7, 11, 10, 14, 13, 18, 0, 0, 0, 24]","[0, 4, 8, 2, 2, 2, 2, 1, 2, 8, 6, 68, 81, 40, 0]"
j10,2,stnu,600,True,19,0.8935790061950684,0.007028818130493164,"[0, 0, 0, 0, 4, 6, 9, 8, 11, 9, 13, 0, 0, 0, 19]","""[0, 4, 8, 2, 2, 2, 2, 1, 2, 8, 6, 68, 81, 40, 0]"""
j10,2,proactive_quantile_0.9,600,True,38,0.15096402168273926,0.0005693435668945312,"[0, 0, 5, 0, 7, 16, 12, 20, 19, 27, 27, 0, 0, 0, 81]","""[0, 2, 6, 3, 7, 2, 6, 7, 3, 4, 12, 68, 81, 40, 0]"""
j10,2,reactive,600,True,39,0.15096402168273926,0.1053159236907959,"[0, 0, 5, 0, 7, 16, 12, 20, 19, 27, 27, 0, 0, 0, 39]","[0, 2, 6, 3, 7, 2, 6, 7, 3, 4, 12, 68, 81, 40, 0]"
j10,2,stnu,600,True,20,0.6189191341400146,0.00696563720703125,"[0, 0, 0, 0, 3, 5, 9, 7, 11, 9, 14, 0, 0, 0, 20]","""[0, 3, 9, 3, 2, 2, 2, 1, 3, 5, 6, 68, 81, 40, 0]"""
j10,2,proactive_quantile_0.9,600,True,25,0.05782461166381836,0.0004994869232177734,"[0, 0, 0, 0, 4, 7, 11, 10, 14, 13, 18, 0, 0, 0, 81]","""[0, 3, 7, 1, 1, 3, 2, 3, 2, 6, 6, 68, 81, 40, 0]"""
j10,2,reactive,600,True,24,0.05782461166381836,0.1206059455871582,"[0, 0, 0, 0, 4, 7, 11, 10, 14, 13, 18, 0, 0, 0, 24]","[0, 3, 7, 1, 1, 3, 2, 3, 2, 6, 6, 68, 81, 40, 0]"
j10,2,stnu,600,False,inf,0.5990085601806641,inf,[],"""[0, 3, 6, 1, 10, 3, 5, 5, 2, 3, 9, 68, 81, 40, 0]"""
j10,2,proactive_quantile_0.9,600,True,25,0.054827213287353516,0.0004906654357910156,"[0, 0, 0, 0, 4, 7, 11, 10, 14, 13, 18, 0, 0, 0, 81]","""[0, 3, 9, 4, 1, 2, 3, 2, 3, 5, 6, 68, 81, 40, 0]"""
j10,2,reactive,600,True,24,0.054827213287353516,0.1079399585723877,"[0, 0, 0, 0, 4, 7, 11, 10, 14, 13, 18, 0, 0, 0, 24]","[0, 3, 9, 4, 1, 2, 3, 2, 3, 5, 6, 68, 81, 40, 0]"
j10,2,stnu,600,True,21,0.6237268447875977,0.007100105285644531,"[0, 0, 0, 0, 4, 5, 9, 7, 12, 9, 15, 0, 0, 0, 21]","""[0, 3, 9, 4, 1, 2, 3, 2, 3, 5, 6, 68, 81, 40, 0]"""
j10,2,proactive_quantile_0.9,600,True,25,0.0653228759765625,0.0005064010620117188,"[0, 0, 0, 0, 4, 7, 11, 10, 14, 13, 18, 0, 0, 0, 81]","""[0, 2, 9, 3, 2, 3, 1, 2, 3, 3, 5, 68, 81, 40, 0]"""
j10,2,reactive,600,True,23,0.0653228759765625,0.1340043544769287,"[0, 0, 0, 0, 4, 7, 11, 10, 14, 13, 18, 0, 0, 0, 23]","[0, 2, 9, 3, 2, 3, 1, 2, 3, 3, 5, 68, 81, 40, 0]"
j10,2,stnu,600,False,inf,0.6136085987091064,inf,[],"""[0, 6, 5, 3, 7, 2, 3, 7, 3, 3, 10, 68, 81, 40, 0]"""
j10,2,proactive_quantile_0.9,600,True,25,0.0799875259399414,0.0004968643188476562,"[0, 0, 0, 0, 4, 7, 11, 10, 14, 13, 18, 0, 0, 0, 81]","""[0, 4, 7, 2, 3, 2, 2, 3, 3, 6, 7, 68, 81, 40, 0]"""
j10,2,reactive,600,True,25,0.0799875259399414,0.08376264572143555,"[0, 0, 0, 0, 4, 7, 11, 10, 14, 13, 18, 0, 0, 0, 25]","[0, 4, 7, 2, 3, 2, 2, 3, 3, 6, 7, 68, 81, 40, 0]"
j10,2,stnu,600,False,inf,0.6815710067749023,inf,[],"""[0, 4, 4, 2, 4, 3, 7, 7, 3, 3, 5, 68, 81, 40, 0]"""
j10,2,proactive_quantile_0.9,600,False,inf,0.05668473243713379,inf,"[0, 0, 0, 0, 4, 7, 11, 10, 14, 13, 18, 0, 0, 0, 81]","""[0, 4, 12, 4, 2, 2, 3, 3, 2, 5, 6, 68, 81, 40, 0]"""
j10,2,reactive,600,False,inf,inf,inf,null,"[0, 4, 12, 4, 2, 2, 3, 3, 2, 5, 6, 68, 81, 40, 0]"
j10,2,stnu,600,True,23,0.7356748580932617,0.006994724273681641,"[0, 0, 0, 0, 4, 6, 12, 8, 15, 12, 17, 0, 0, 0, 23]","""[0, 4, 12, 4, 2, 2, 3, 3, 2, 5, 6, 68, 81, 40, 0]"""
j10,2,proactive_quantile_0.9,600,True,26,0.04176616668701172,0.00025463104248046875,"[0, 0, 0, 0, 7, 3, 6, 13, 18, 17, 21, 0, 52]","""[0, 3, 4, 2, 8, 2, 4, 3, 2, 3, 3, 52, 0]"""
j10,2,reactive,600,True,20,0.04176616668701172,0.14871597290039062,"[0, 0, 0, 0, 7, 3, 6, 13, 16, 17, 10, 0, 20]","[0, 3, 4, 2, 8, 2, 4, 3, 2, 3, 3, 52, 0]"
j10,2,stnu,600,True,25,0.7733805179595947,0.004897356033325195,"[0, 0, 0, 0, 4, 2, 4, 14, 17, 10, 14, 0, 25]","""[0, 3, 4, 2, 6, 2, 10, 3, 8, 13, 3, 52, 0]"""
j10,2,proactive_quantile_0.9,600,True,41,0.06680965423583984,0.0002944469451904297,"[0, 0, 0, 0, 23, 7, 12, 23, 33, 33, 30, 0, 52]","""[0, 4, 8, 5, 8, 4, 10, 5, 2, 6, 8, 52, 0]"""
j10,2,reactive,600,True,39,0.06680965423583984,0.12370848655700684,"[0, 0, 0, 0, 23, 7, 12, 23, 33, 33, 30, 0, 39]","[0, 4, 8, 5, 8, 4, 10, 5, 2, 6, 8, 52, 0]"
j10,2,stnu,600,True,33,0.7448413372039795,0.005354642868041992,"[0, 0, 0, 0, 19, 5, 9, 19, 27, 27, 24, 0, 33]","""[0, 4, 8, 5, 8, 4, 10, 5, 2, 6, 8, 52, 0]"""
j10,2,proactive_quantile_0.9,600,True,41,0.04666757583618164,0.0003032684326171875,"[0, 0, 0, 0, 23, 7, 12, 23, 33, 33, 30, 0, 52]","""[0, 5, 9, 6, 8, 3, 7, 5, 2, 5, 12, 52, 0]"""
j10,2,reactive,600,True,42,0.04666757583618164,0.1404891014099121,"[0, 0, 0, 0, 23, 7, 12, 23, 33, 33, 30, 0, 42]","[0, 5, 9, 6, 8, 3, 7, 5, 2, 5, 12, 52, 0]"
j10,2,stnu,600,True,33,1.1730051040649414,0.005609273910522461,"[0, 0, 0, 0, 16, 6, 9, 16, 24, 24, 21, 0, 33]","""[0, 5, 9, 6, 8, 3, 7, 5, 2, 5, 12, 52, 0]"""
j10,2,proactive_quantile_0.9,600,True,26,0.0607905387878418,0.00026535987854003906,"[0, 0, 0, 0, 7, 3, 6, 13, 18, 17, 21, 0, 52]","""[0, 3, 5, 1, 9, 1, 2, 3, 2, 2, 4, 52, 0]"""
j10,2,reactive,600,True,20,0.0607905387878418,0.15933823585510254,"[0, 0, 0, 0, 7, 3, 6, 13, 18, 17, 8, 0, 20]","[0, 3, 5, 1, 9, 1, 2, 3, 2, 2, 4, 52, 0]"
j10,2,stnu,600,True,36,0.7604391574859619,0.005339860916137695,"[0, 0, 0, 0, 22, 5, 11, 22, 31, 31, 29, 0, 36]","""[0, 5, 9, 5, 9, 6, 11, 7, 4, 5, 7, 52, 0]"""
j10,2,proactive_quantile_0.9,600,True,26,0.1489732265472412,0.00027680397033691406,"[0, 0, 0, 0, 7, 3, 6, 13, 18, 17, 21, 0, 52]","""[0, 2, 2, 2, 9, 1, 5, 3, 2, 2, 4, 52, 0]"""
j10,2,reactive,600,True,23,0.1489732265472412,0.164475679397583,"[0, 0, 0, 0, 7, 3, 6, 13, 18, 17, 19, 0, 23]","[0, 2, 2, 2, 9, 1, 5, 3, 2, 2, 4, 52, 0]"
j10,2,stnu,600,True,33,0.6440536975860596,0.005425453186035156,"[0, 0, 0, 0, 17, 7, 10, 17, 26, 26, 24, 0, 33]","""[0, 7, 10, 6, 9, 2, 7, 7, 3, 5, 9, 52, 0]"""
j10,2,proactive_quantile_0.9,600,True,41,0.07278037071228027,0.0003218650817871094,"[0, 0, 0, 0, 23, 7, 12, 23, 33, 33, 30, 0, 52]","""[0, 4, 9, 6, 8, 4, 10, 6, 5, 4, 6, 52, 0]"""
j10,2,reactive,600,True,38,0.07278037071228027,0.13658499717712402,"[0, 0, 0, 0, 23, 7, 12, 23, 33, 33, 30, 0, 38]","[0, 4, 9, 6, 8, 4, 10, 6, 5, 4, 6, 52, 0]"
j10,2,stnu,600,True,33,0.6388769149780273,0.005295276641845703,"[0, 0, 0, 0, 20, 6, 10, 20, 28, 28, 26, 0, 33]","""[0, 4, 9, 6, 8, 4, 10, 6, 5, 4, 6, 52, 0]"""
j10,2,proactive_quantile_0.9,600,True,41,0.05598926544189453,0.0003020763397216797,"[0, 0, 0, 0, 23, 7, 12, 23, 33, 33, 30, 0, 52]","""[0, 3, 8, 5, 4, 2, 7, 5, 4, 6, 11, 52, 0]"""
j10,2,reactive,600,True,41,0.05598926544189453,0.12780404090881348,"[0, 0, 0, 0, 23, 7, 12, 23, 28, 27, 30, 0, 41]","[0, 3, 8, 5, 4, 2, 7, 5, 4, 6, 11, 52, 0]"
j10,2,stnu,600,True,31,0.6071817874908447,0.005293607711791992,"[0, 0, 0, 0, 15, 5, 8, 15, 20, 20, 20, 0, 31]","""[0, 3, 8, 5, 4, 2, 7, 5, 4, 6, 11, 52, 0]"""
j10,2,proactive_quantile_0.9,600,False,inf,0.06829476356506348,inf,"[0, 0, 0, 0, 23, 7, 12, 23, 33, 33, 30, 0, 52]","""[0, 5, 9, 4, 10, 1, 6, 8, 4, 5, 11, 52, 0]"""
j10,2,reactive,600,False,inf,inf,inf,null,"[0, 5, 9, 4, 10, 1, 6, 8, 4, 5, 11, 52, 0]"
j10,2,stnu,600,True,34,0.5727572441101074,0.0052089691162109375,"[0, 0, 0, 0, 15, 5, 9, 15, 25, 25, 23, 0, 34]","""[0, 5, 9, 4, 10, 1, 6, 8, 4, 5, 11, 52, 0]"""
j10,2,proactive_quantile_0.9,600,True,41,0.055953025817871094,0.0002963542938232422,"[0, 0, 0, 0, 23, 7, 12, 23, 33, 33, 30, 0, 52]","""[0, 4, 9, 4, 5, 4, 8, 8, 2, 4, 8, 52, 0]"""
j10,2,reactive,600,True,38,0.055953025817871094,0.12229156494140625,"[0, 0, 0, 0, 23, 7, 12, 23, 33, 33, 30, 0, 38]","[0, 4, 9, 4, 5, 4, 8, 8, 2, 4, 8, 52, 0]"
j10,2,stnu,600,True,33,0.5835511684417725,0.005204677581787109,"[0, 0, 0, 0, 17, 4, 9, 17, 25, 25, 25, 0, 33]","""[0, 4, 9, 4, 5, 4, 8, 8, 2, 4, 8, 52, 0]"""
j10,2,proactive_quantile_0.9,600,True,41,0.06732034683227539,0.0003104209899902344,"[0, 0, 0, 0, 23, 7, 12, 23, 33, 33, 30, 0, 52]","""[0, 5, 10, 4, 5, 2, 8, 6, 4, 5, 10, 52, 0]"""
j10,2,reactive,600,True,40,0.06732034683227539,0.12253713607788086,"[0, 0, 0, 0, 23, 7, 12, 23, 33, 33, 30, 0, 40]","[0, 5, 10, 4, 5, 2, 8, 6, 4, 5, 10, 52, 0]"
j10,2,stnu,600,True,34,0.596505880355835,0.005354642868041992,"[0, 0, 0, 0, 18, 5, 10, 18, 24, 24, 24, 0, 34]","""[0, 5, 10, 4, 5, 2, 8, 6, 4, 5, 10, 52, 0]"""
j10,2,proactive_quantile_0.9,600,True,25,0.05853986740112305,0.0005803108215332031,"[0, 0, 0, 0, 9, 9, 9, 7, 18, 15, 13, 0, 0, 0, 0, 86]","""[0, 5, 3, 4, 3, 7, 2, 11, 4, 6, 6, 86, 13, 86, 46, 0]"""
j10,2,reactive,600,False,inf,inf,inf,null,"[0, 5, 3, 4, 3, 7, 2, 11, 4, 6, 6, 86, 13, 86, 46, 0]"
j10,2,stnu,600,True,15,0.6882071495056152,0.00744938850402832,"[0, 0, 0, 0, 6, 2, 6, 6, 9, 6, 9, 0, 0, 0, 0, 15]","""[0, 2, 3, 5, 3, 4, 2, 3, 6, 3, 3, 86, 13, 86, 46, 0]"""
j10,2,proactive_quantile_0.9,600,True,18,0.12485909461975098,0.0005741119384765625,"[0, 0, 0, 0, 7, 3, 7, 7, 10, 8, 11, 0, 0, 0, 0, 86]","""[0, 2, 5, 4, 2, 3, 2, 2, 5, 2, 5, 86, 13, 86, 46, 0]"""
j10,2,reactive,600,True,16,0.12485909461975098,0.14188170433044434,"[0, 0, 0, 0, 7, 3, 7, 7, 10, 8, 11, 0, 0, 0, 0, 16]","[0, 2, 5, 4, 2, 3, 2, 2, 5, 2, 5, 86, 13, 86, 46, 0]"
j10,2,stnu,600,True,12,0.639746904373169,0.0073359012603759766,"[0, 0, 0, 0, 5, 2, 5, 5, 7, 5, 7, 0, 0, 0, 0, 12]","""[0, 2, 5, 4, 2, 3, 2, 2, 5, 2, 5, 86, 13, 86, 46, 0]"""
j10,2,proactive_quantile_0.9,600,True,18,0.061257123947143555,0.0005738735198974609,"[0, 0, 0, 0, 7, 3, 7, 7, 10, 8, 11, 0, 0, 0, 0, 86]","""[0, 1, 7, 5, 3, 3, 1, 2, 7, 1, 5, 86, 13, 86, 46, 0]"""
j10,2,reactive,600,True,17,0.061257123947143555,0.10785317420959473,"[0, 0, 0, 0, 7, 3, 7, 7, 10, 8, 11, 0, 0, 0, 0, 17]","[0, 1, 7, 5, 3, 3, 1, 2, 7, 1, 5, 86, 13, 86, 46, 0]"
j10,2,stnu,600,False,inf,0.6085643768310547,inf,[],"""[0, 5, 7, 5, 2, 5, 1, 7, 6, 6, 8, 86, 13, 86, 46, 0]"""
j10,2,proactive_quantile_0.9,600,True,25,0.05069994926452637,0.0006010532379150391,"[0, 0, 0, 0, 9, 9, 9, 7, 18, 15, 13, 0, 0, 0, 0, 86]","""[0, 5, 3, 7, 4, 5, 3, 9, 6, 5, 14, 86, 13, 86, 46, 0]"""
j10,2,reactive,600,True,27,0.05069994926452637,0.10217094421386719,"[0, 0, 0, 0, 9, 9, 9, 7, 18, 15, 13, 0, 0, 0, 0, 27]","[0, 5, 3, 7, 4, 5, 3, 9, 6, 5, 14, 86, 13, 86, 46, 0]"
j10,2,stnu,600,False,inf,0.7051622867584229,inf,[],"""[0, 5, 3, 7, 4, 5, 3, 9, 6, 5, 6, 86, 13, 86, 46, 0]"""
j10,2,proactive_quantile_0.9,600,True,25,0.06119966506958008,0.0006127357482910156,"[0, 0, 0, 0, 9, 9, 9, 7, 18, 15, 13, 0, 0, 0, 0, 86]","""[0, 5, 4, 8, 2, 6, 1, 10, 7, 11, 10, 86, 13, 86, 46, 0]"""
j10,2,reactive,600,True,26,0.06119966506958008,0.12039399147033691,"[0, 0, 0, 0, 9, 9, 9, 7, 18, 15, 13, 0, 0, 0, 0, 26]","[0, 5, 4, 8, 2, 6, 1, 10, 7, 11, 10, 86, 13, 86, 46, 0]"
j10,2,stnu,600,True,14,0.6477310657501221,0.0074558258056640625,"[0, 0, 0, 0, 6, 1, 6, 6, 7, 6, 7, 0, 0, 0, 0, 14]","""[0, 1, 4, 3, 1, 5, 1, 1, 5, 3, 7, 86, 13, 86, 46, 0]"""
j10,2,proactive_quantile_0.9,600,True,25,0.05509185791015625,0.000644683837890625,"[0, 0, 0, 0, 9, 9, 9, 7, 18, 15, 13, 0, 0, 0, 0, 86]","""[0, 6, 7, 7, 3, 4, 4, 8, 6, 10, 11, 86, 13, 86, 46, 0]"""
j10,2,reactive,600,True,25,0.05509185791015625,0.06602931022644043,"[0, 0, 0, 0, 9, 9, 9, 7, 18, 15, 13, 0, 0, 0, 0, 25]","[0, 6, 7, 7, 3, 4, 4, 8, 6, 10, 11, 86, 13, 86, 46, 0]"
j10,2,stnu,600,False,inf,0.57936692237854,inf,[],"""[0, 6, 7, 7, 3, 4, 4, 8, 6, 10, 6, 86, 13, 86, 46, 0]"""
j10,2,proactive_quantile_0.9,600,True,20,0.15296435356140137,0.0005714893341064453,"[0, 0, 0, 0, 7, 3, 7, 7, 10, 8, 13, 0, 0, 0, 0, 86]","""[0, 1, 3, 7, 1, 3, 4, 2, 6, 2, 8, 86, 13, 86, 46, 0]"""
j10,2,reactive,600,True,21,0.15296435356140137,0.11751103401184082,"[0, 0, 0, 0, 7, 3, 7, 7, 10, 8, 13, 0, 0, 0, 0, 21]","[0, 1, 3, 7, 1, 3, 4, 2, 6, 2, 8, 86, 13, 86, 46, 0]"
j10,2,stnu,600,False,inf,0.5957446098327637,inf,[],"""[0, 5, 3, 7, 3, 7, 1, 9, 8, 8, 8, 86, 13, 86, 46, 0]"""
j10,2,proactive_quantile_0.9,600,True,25,0.05231451988220215,0.0006000995635986328,"[0, 0, 0, 0, 9, 9, 9, 7, 18, 15, 13, 0, 0, 0, 0, 86]","""[0, 5, 7, 3, 3, 7, 3, 8, 5, 6, 10, 86, 13, 86, 46, 0]"""
j10,2,reactive,600,False,inf,inf,inf,null,"[0, 5, 7, 3, 3, 7, 3, 8, 5, 6, 10, 86, 13, 86, 46, 0]"
j10,2,stnu,600,True,16,0.6329660415649414,0.0074310302734375,"[0, 0, 0, 0, 7, 2, 7, 7, 10, 7, 10, 0, 0, 0, 0, 16]","""[0, 2, 7, 6, 3, 3, 3, 2, 5, 2, 6, 86, 13, 86, 46, 0]"""
j10,2,proactive_quantile_0.9,600,True,18,0.05598807334899902,0.0005860328674316406,"[0, 0, 0, 0, 7, 3, 7, 7, 10, 8, 11, 0, 0, 0, 0, 86]","""[0, 2, 4, 4, 2, 5, 1, 3, 5, 1, 5, 86, 13, 86, 46, 0]"""
j10,2,reactive,600,True,16,0.05598807334899902,0.10722184181213379,"[0, 0, 0, 0, 7, 3, 7, 7, 10, 8, 11, 0, 0, 0, 0, 16]","[0, 2, 4, 4, 2, 5, 1, 3, 5, 1, 5, 86, 13, 86, 46, 0]"
j10,2,stnu,600,False,inf,0.5711307525634766,inf,[],"""[0, 7, 4, 4, 1, 4, 1, 8, 3, 8, 7, 86, 13, 86, 46, 0]"""
j10,2,proactive_quantile_0.9,600,True,25,0.050977230072021484,0.0006105899810791016,"[0, 0, 0, 0, 9, 9, 9, 7, 18, 15, 13, 0, 0, 0, 0, 86]","""[0, 5, 5, 5, 4, 4, 4, 10, 6, 9, 11, 86, 13, 86, 46, 0]"""
j10,2,reactive,600,True,24,0.050977230072021484,0.09819626808166504,"[0, 0, 0, 0, 9, 9, 9, 7, 18, 15, 13, 0, 0, 0, 0, 24]","[0, 5, 5, 5, 4, 4, 4, 10, 6, 9, 11, 86, 13, 86, 46, 0]"
j10,2,stnu,600,True,16,0.7416367530822754,0.007401704788208008,"[0, 0, 0, 0, 7, 3, 7, 7, 9, 7, 11, 0, 0, 0, 0, 16]","""[0, 3, 5, 4, 2, 4, 4, 2, 4, 1, 5, 86, 13, 86, 46, 0]"""
j10,2,proactive_quantile_0.9,600,True,25,0.06955814361572266,0.00020742416381835938,"[0, 0, 11, 0, 7, 7, 18, 15, 12, 21, 15, 0, 34]","""[0, 5, 5, 6, 4, 3, 2, 2, 2, 4, 1, 34, 0]"""
j10,2,reactive,600,True,22,0.06955814361572266,0.1286938190460205,"[0, 0, 11, 0, 7, 7, 16, 15, 12, 18, 15, 0, 22]","[0, 5, 5, 6, 4, 3, 2, 2, 2, 4, 1, 34, 0]"
j10,2,stnu,600,True,21,0.6144089698791504,0.005512714385986328,"[0, 0, 9, 0, 6, 6, 13, 10, 14, 16, 10, 0, 21]","""[0, 5, 4, 6, 4, 3, 2, 3, 2, 5, 4, 34, 0]"""
j10,2,proactive_quantile_0.9,600,True,25,0.08099102973937988,0.0002148151397705078,"[0, 0, 11, 0, 7, 7, 18, 15, 12, 21, 15, 0, 34]","""[0, 7, 3, 5, 4, 4, 3, 3, 2, 2, 4, 34, 0]"""
j10,2,reactive,600,True,23,0.08099102973937988,0.0805351734161377,"[0, 0, 11, 0, 7, 7, 18, 15, 12, 21, 15, 0, 23]","[0, 7, 3, 5, 4, 4, 3, 3, 2, 2, 4, 34, 0]"
j10,2,stnu,600,True,25,0.5885114669799805,0.0052716732025146484,"[0, 0, 11, 0, 7, 7, 16, 11, 17, 19, 11, 0, 25]","""[0, 7, 5, 5, 4, 4, 3, 2, 2, 6, 6, 34, 0]"""
j10,2,proactive_quantile_0.9,600,True,27,0.17238974571228027,0.0002949237823486328,"[0, 0, 0, 0, 7, 11, 12, 18, 21, 22, 18, 0, 34]","""[0, 6, 6, 6, 10, 3, 4, 3, 3, 3, 4, 34, 0]"""
j10,2,reactive,600,True,25,0.17238974571228027,0.13829922676086426,"[0, 0, 0, 0, 7, 11, 12, 18, 21, 22, 18, 0, 25]","[0, 6, 6, 6, 10, 3, 4, 3, 3, 3, 4, 34, 0]"
j10,2,stnu,600,True,19,0.6033987998962402,0.005361795425415039,"[0, 0, 8, 0, 5, 5, 13, 9, 14, 15, 9, 0, 19]","""[0, 5, 5, 4, 4, 3, 1, 1, 1, 4, 5, 34, 0]"""
j10,2,proactive_quantile_0.9,600,True,27,0.16677355766296387,0.0002315044403076172,"[0, 0, 0, 0, 7, 11, 12, 18, 21, 22, 18, 0, 34]","""[0, 7, 3, 9, 9, 4, 6, 1, 7, 3, 5, 34, 0]"""
j10,2,reactive,600,True,28,0.16677355766296387,0.08870124816894531,"[0, 0, 0, 0, 7, 11, 12, 18, 21, 22, 18, 0, 28]","[0, 7, 3, 9, 9, 4, 6, 1, 7, 3, 5, 34, 0]"
j10,2,stnu,600,True,24,0.699763298034668,0.005429983139038086,"[0, 0, 10, 0, 6, 6, 15, 11, 17, 19, 11, 0, 24]","""[0, 4, 5, 6, 5, 4, 3, 2, 2, 5, 6, 34, 0]"""
j10,2,proactive_quantile_0.9,600,True,27,0.1724090576171875,0.0002715587615966797,"[0, 0, 0, 0, 7, 11, 12, 18, 21, 22, 18, 0, 34]","""[0, 5, 5, 12, 10, 3, 6, 1, 4, 4, 3, 34, 0]"""
j10,2,reactive,600,True,26,0.1724090576171875,0.0919644832611084,"[0, 0, 0, 0, 7, 11, 12, 18, 21, 22, 18, 0, 26]","[0, 5, 5, 12, 10, 3, 6, 1, 4, 4, 3, 34, 0]"
j10,2,stnu,600,True,25,0.6476733684539795,0.005303621292114258,"[0, 0, 11, 0, 8, 8, 20, 12, 20, 22, 12, 0, 25]","""[0, 8, 9, 7, 4, 3, 2, 4, 2, 3, 5, 34, 0]"""
j10,2,proactive_quantile_0.9,600,False,inf,0.08280515670776367,inf,"[0, 0, 11, 0, 7, 7, 18, 15, 12, 21, 15, 0, 34]","""[0, 8, 5, 6, 4, 3, 2, 1, 3, 4, 4, 34, 0]"""
j10,2,reactive,600,False,inf,inf,inf,null,"[0, 8, 5, 6, 4, 3, 2, 1, 3, 4, 4, 34, 0]"
j10,2,stnu,600,True,26,0.6524457931518555,0.005394935607910156,"[0, 0, 11, 0, 8, 8, 18, 12, 18, 21, 12, 0, 26]","""[0, 8, 7, 6, 4, 3, 2, 2, 3, 5, 4, 34, 0]"""
j10,2,proactive_quantile_0.9,600,True,25,0.06129312515258789,0.0002410411834716797,"[0, 0, 11, 0, 7, 7, 18, 15, 12, 21, 15, 0, 34]","""[0, 6, 5, 2, 4, 3, 2, 1, 2, 3, 6, 34, 0]"""
j10,2,reactive,600,True,23,0.06129312515258789,0.11793661117553711,"[0, 0, 11, 0, 7, 7, 18, 15, 12, 20, 15, 0, 23]","[0, 6, 5, 2, 4, 3, 2, 1, 2, 3, 6, 34, 0]"
j10,2,stnu,600,True,22,0.8837296962738037,0.005343914031982422,"[0, 0, 9, 0, 6, 6, 14, 10, 16, 18, 10, 0, 22]","""[0, 6, 5, 2, 4, 3, 2, 3, 2, 4, 6, 34, 0]"""
j10,2,proactive_quantile_0.9,600,True,27,0.17072844505310059,0.0002505779266357422,"[0, 0, 0, 0, 7, 11, 12, 18, 21, 22, 18, 0, 34]","""[0, 6, 2, 9, 9, 4, 3, 2, 2, 2, 4, 34, 0]"""
j10,2,reactive,600,True,23,0.17072844505310059,0.1323988437652588,"[0, 0, 0, 0, 7, 11, 12, 18, 21, 20, 18, 0, 23]","[0, 6, 2, 9, 9, 4, 3, 2, 2, 2, 4, 34, 0]"
j10,2,stnu,600,True,25,0.7396073341369629,0.0053253173828125,"[0, 0, 6, 0, 6, 9, 13, 16, 18, 18, 16, 0, 25]","""[0, 6, 5, 3, 3, 4, 3, 2, 7, 2, 6, 34, 0]"""
j10,2,proactive_quantile_0.9,600,False,inf,0.06600570678710938,inf,"[0, 0, 11, 0, 7, 7, 18, 15, 12, 21, 15, 0, 34]","""[0, 8, 3, 5, 4, 3, 3, 2, 2, 2, 4, 34, 0]"""
j10,2,reactive,600,False,inf,inf,inf,null,"[0, 8, 3, 5, 4, 3, 3, 2, 2, 2, 4, 34, 0]"
j10,2,stnu,600,True,21,0.7169225215911865,0.005399465560913086,"[0, 0, 6, 0, 6, 8, 13, 16, 18, 18, 16, 0, 21]","""[0, 5, 7, 6, 2, 3, 3, 2, 3, 2, 2, 34, 0]"""
j10,2,proactive_quantile_0.9,600,True,27,0.16239380836486816,0.0002231597900390625,"[0, 0, 0, 0, 7, 11, 12, 18, 21, 22, 18, 0, 34]","""[0, 5, 4, 10, 6, 3, 5, 1, 3, 2, 4, 34, 0]"""
j10,2,reactive,600,True,22,0.16239380836486816,0.14263176918029785,"[0, 0, 0, 0, 7, 11, 12, 18, 14, 19, 18, 0, 22]","[0, 5, 4, 10, 6, 3, 5, 1, 3, 2, 4, 34, 0]"
j10,2,stnu,600,True,21,0.767181396484375,0.0052983760833740234,"[0, 0, 5, 0, 5, 6, 15, 16, 17, 17, 16, 0, 21]","""[0, 5, 10, 4, 1, 3, 1, 1, 4, 2, 5, 34, 0]"""
j10,2,proactive_quantile_0.9,600,True,18,0.052420854568481445,0.0008971691131591797,"[0, 0, 0, 0, 3, 7, 11, 6, 11, 15, 11, 0, 0, 0, 0, 0, 0, 0, 0, 79]","""[0, 2, 8, 4, 1, 3, 2, 5, 2, 2, 5, 79, 31, 41, 26, 18, 62, 69, 77, 0]"""
j10,2,reactive,600,False,inf,inf,inf,null,"[0, 2, 8, 4, 1, 3, 2, 5, 2, 2, 5, 79, 31, 41, 26, 18, 62, 69, 77, 0]"
j10,2,stnu,600,False,inf,0.8532235622406006,inf,[],"""[0, 2, 8, 4, 1, 3, 2, 5, 2, 7, 8, 79, 31, 41, 26, 18, 62, 69, 77, 0]"""
j10,2,proactive_quantile_0.9,600,True,23,0.057768821716308594,0.0009129047393798828,"[0, 0, 0, 0, 6, 7, 14, 9, 16, 18, 14, 0, 0, 0, 0, 0, 0, 0, 0, 79]","""[0, 6, 5, 2, 3, 4, 2, 4, 6, 2, 3, 79, 31, 41, 26, 18, 62, 69, 77, 0]"""
j10,2,reactive,600,True,22,0.057768821716308594,0.09905242919921875,"[0, 0, 0, 0, 6, 7, 14, 9, 16, 18, 14, 0, 0, 0, 0, 0, 0, 0, 0, 22]","[0, 6, 5, 2, 3, 4, 2, 4, 6, 2, 3, 79, 31, 41, 26, 18, 62, 69, 77, 0]"
j10,2,stnu,600,False,inf,0.6631596088409424,inf,[],"""[0, 3, 5, 2, 3, 2, 2, 3, 3, 6, 7, 79, 31, 41, 26, 18, 62, 69, 77, 0]"""
j10,2,proactive_quantile_0.9,600,True,23,0.060578346252441406,0.0008974075317382812,"[0, 0, 0, 0, 6, 7, 14, 9, 16, 18, 14, 0, 0, 0, 0, 0, 0, 0, 0, 79]","""[0, 5, 5, 5, 3, 5, 4, 4, 8, 2, 7, 79, 31, 41, 26, 18, 62, 69, 77, 0]"""
j10,2,reactive,600,True,24,0.060578346252441406,0.08855104446411133,"[0, 0, 0, 0, 6, 7, 14, 9, 16, 18, 14, 0, 0, 0, 0, 0, 0, 0, 0, 24]","[0, 5, 5, 5, 3, 5, 4, 4, 8, 2, 7, 79, 31, 41, 26, 18, 62, 69, 77, 0]"
j10,2,stnu,600,False,inf,0.8506054878234863,inf,[],"""[0, 2, 5, 5, 3, 3, 4, 4, 2, 8, 8, 79, 31, 41, 26, 18, 62, 69, 77, 0]"""
j10,2,proactive_quantile_0.9,600,True,29,0.06418466567993164,0.0008840560913085938,"[0, 0, 0, 0, 3, 7, 11, 15, 22, 15, 11, 0, 0, 0, 0, 0, 0, 0, 0, 79]","""[0, 2, 3, 4, 11, 3, 4, 6, 6, 1, 6, 79, 31, 41, 26, 18, 62, 69, 77, 0]"""
j10,2,reactive,600,True,28,0.06418466567993164,0.10990333557128906,"[0, 0, 0, 0, 3, 7, 11, 15, 22, 15, 11, 0, 0, 0, 0, 0, 0, 0, 0, 28]","[0, 2, 3, 4, 11, 3, 4, 6, 6, 1, 6, 79, 31, 41, 26, 18, 62, 69, 77, 0]"
j10,2,stnu,600,True,26,0.812669038772583,0.011865854263305664,"[0, 0, 0, 0, 3, 3, 6, 14, 20, 14, 6, 0, 0, 0, 0, 0, 0, 0, 0, 26]","""[0, 3, 3, 5, 11, 3, 4, 6, 6, 1, 8, 79, 31, 41, 26, 18, 62, 69, 77, 0]"""
j10,2,proactive_quantile_0.9,600,True,23,0.060891151428222656,0.0009822845458984375,"[0, 0, 0, 0, 6, 7, 14, 9, 16, 18, 14, 0, 0, 0, 0, 0, 0, 0, 0, 79]","""[0, 6, 5, 6, 1, 2, 4, 5, 4, 2, 5, 79, 31, 41, 26, 18, 62, 69, 77, 0]"""
j10,2,reactive,600,True,20,0.060891151428222656,0.16170287132263184,"[0, 0, 0, 0, 6, 7, 14, 9, 16, 18, 14, 0, 0, 0, 0, 0, 0, 0, 0, 20]","[0, 6, 5, 6, 1, 2, 4, 5, 4, 2, 5, 79, 31, 41, 26, 18, 62, 69, 77, 0]"
j10,2,stnu,600,False,inf,0.8608396053314209,inf,[],"""[0, 3, 5, 6, 1, 3, 4, 5, 1, 7, 5, 79, 31, 41, 26, 18, 62, 69, 77, 0]"""
j10,2,proactive_quantile_0.9,600,True,18,0.06204867362976074,0.0009024143218994141,"[0, 0, 0, 0, 3, 7, 11, 6, 11, 15, 11, 0, 0, 0, 0, 0, 0, 0, 0, 79]","""[0, 2, 4, 5, 2, 1, 3, 4, 2, 2, 6, 79, 31, 41, 26, 18, 62, 69, 77, 0]"""
j10,2,reactive,600,True,17,0.06204867362976074,0.14278841018676758,"[0, 0, 0, 0, 3, 7, 11, 6, 11, 15, 11, 0, 0, 0, 0, 0, 0, 0, 0, 17]","[0, 2, 4, 5, 2, 1, 3, 4, 2, 2, 6, 79, 31, 41, 26, 18, 62, 69, 77, 0]"
j10,2,stnu,600,True,24,0.6646394729614258,0.012024164199829102,"[0, 0, 0, 0, 5, 5, 7, 13, 19, 13, 7, 0, 0, 0, 0, 0, 0, 0, 0, 24]","""[0, 5, 4, 7, 8, 1, 3, 6, 5, 2, 6, 79, 31, 41, 26, 18, 62, 69, 77, 0]"""
j10,2,proactive_quantile_0.9,600,True,23,0.06511926651000977,0.0008950233459472656,"[0, 0, 0, 0, 6, 7, 14, 9, 16, 18, 14, 0, 0, 0, 0, 0, 0, 0, 0, 79]","""[0, 3, 5, 6, 2, 4, 2, 7, 5, 3, 5, 79, 31, 41, 26, 18, 62, 69, 77, 0]"""
j10,2,reactive,600,True,21,0.06511926651000977,0.11172676086425781,"[0, 0, 0, 0, 6, 7, 14, 9, 16, 18, 14, 0, 0, 0, 0, 0, 0, 0, 0, 21]","[0, 3, 5, 6, 2, 4, 2, 7, 5, 3, 5, 79, 31, 41, 26, 18, 62, 69, 77, 0]"
j10,2,stnu,600,True,26,0.6142196655273438,0.011612653732299805,"[0, 0, 0, 0, 3, 5, 9, 14, 21, 14, 9, 0, 0, 0, 0, 0, 0, 0, 0, 26]","""[0, 3, 5, 7, 11, 4, 2, 7, 5, 3, 5, 79, 31, 41, 26, 18, 62, 69, 77, 0]"""
j10,2,proactive_quantile_0.9,600,True,25,0.11017537117004395,0.0009288787841796875,"[0, 0, 0, 0, 3, 7, 11, 6, 11, 15, 11, 0, 0, 0, 0, 0, 0, 0, 0, 79]","""[0, 3, 5, 5, 1, 3, 4, 4, 8, 6, 8, 79, 31, 41, 26, 18, 62, 69, 77, 0]"""
j10,2,reactive,600,True,21,0.11017537117004395,0.10610032081604004,"[0, 0, 0, 0, 3, 7, 11, 6, 11, 15, 11, 0, 0, 0, 0, 0, 0, 0, 0, 21]","[0, 3, 5, 5, 1, 3, 4, 4, 8, 6, 8, 79, 31, 41, 26, 18, 62, 69, 77, 0]"
j10,2,stnu,600,True,20,1.0717928409576416,0.011569738388061523,"[0, 0, 0, 0, 4, 5, 8, 12, 17, 12, 8, 0, 0, 0, 0, 0, 0, 0, 0, 20]","""[0, 4, 5, 5, 8, 3, 4, 5, 3, 2, 8, 79, 31, 41, 26, 18, 62, 69, 77, 0]"""
j10,2,proactive_quantile_0.9,600,True,18,0.05177927017211914,0.0009019374847412109,"[0, 0, 0, 0, 3, 7, 11, 6, 11, 15, 11, 0, 0, 0, 0, 0, 0, 0, 0, 79]","""[0, 2, 4, 6, 3, 2, 3, 2, 1, 2, 6, 79, 31, 41, 26, 18, 62, 69, 77, 0]"""
j10,2,reactive,600,True,17,0.05177927017211914,0.1066596508026123,"[0, 0, 0, 0, 3, 7, 11, 6, 11, 15, 11, 0, 0, 0, 0, 0, 0, 0, 0, 17]","[0, 2, 4, 6, 3, 2, 3, 2, 1, 2, 6, 79, 31, 41, 26, 18, 62, 69, 77, 0]"
j10,2,stnu,600,False,inf,0.6626651287078857,inf,[],"""[0, 2, 4, 6, 3, 2, 3, 2, 1, 9, 8, 79, 31, 41, 26, 18, 62, 69, 77, 0]"""
j10,2,proactive_quantile_0.9,600,True,18,0.05165576934814453,0.0009007453918457031,"[0, 0, 0, 0, 3, 7, 11, 6, 11, 15, 11, 0, 0, 0, 0, 0, 0, 0, 0, 79]","""[0, 2, 3, 3, 3, 2, 3, 4, 2, 3, 7, 79, 31, 41, 26, 18, 62, 69, 77, 0]"""
j10,2,reactive,600,True,18,0.05165576934814453,0.11184501647949219,"[0, 0, 0, 0, 3, 7, 11, 6, 11, 14, 11, 0, 0, 0, 0, 0, 0, 0, 0, 18]","[0, 2, 3, 3, 3, 2, 3, 4, 2, 3, 7, 79, 31, 41, 26, 18, 62, 69, 77, 0]"
j10,2,stnu,600,True,24,0.765408992767334,0.011615276336669922,"[0, 0, 0, 0, 4, 4, 6, 11, 18, 11, 6, 0, 0, 0, 0, 0, 0, 0, 0, 24]","""[0, 4, 3, 4, 7, 2, 3, 7, 6, 3, 7, 79, 31, 41, 26, 18, 62, 69, 77, 0]"""
j10,2,proactive_quantile_0.9,600,True,34,0.14980173110961914,0.0003039836883544922,"[0, 0, 0, 0, 7, 7, 10, 16, 22, 22, 10, 0, 73]","""[0, 5, 4, 2, 8, 3, 6, 5, 8, 2, 2, 73, 0]"""
j10,2,reactive,600,True,30,0.14980173110961914,0.13093042373657227,"[0, 0, 0, 0, 7, 7, 10, 16, 22, 22, 10, 0, 30]","[0, 5, 4, 2, 8, 3, 6, 5, 8, 2, 2, 73, 0]"
j10,2,stnu,600,True,35,0.6938207149505615,0.005316495895385742,"[0, 0, 5, 0, 11, 16, 11, 16, 22, 22, 22, 0, 35]","""[0, 5, 6, 2, 5, 3, 11, 3, 8, 13, 2, 73, 0]"""
j10,2,proactive_quantile_0.9,600,True,34,0.16529202461242676,0.00032591819763183594,"[0, 0, 0, 0, 7, 7, 10, 16, 22, 22, 10, 0, 73]","""[0, 5, 6, 7, 8, 3, 4, 3, 11, 3, 2, 73, 0]"""
j10,2,reactive,600,True,33,0.16529202461242676,0.13219070434570312,"[0, 0, 0, 0, 7, 7, 10, 16, 22, 22, 10, 0, 33]","[0, 5, 6, 7, 8, 3, 4, 3, 11, 3, 2, 73, 0]"
j10,2,stnu,600,True,27,0.6266765594482422,0.005362033843994141,"[0, 0, 0, 0, 5, 6, 6, 13, 20, 17, 9, 0, 27]","""[0, 5, 6, 3, 8, 3, 11, 3, 7, 3, 3, 73, 0]"""
j10,2,proactive_quantile_0.9,600,True,34,0.13822364807128906,0.00032019615173339844,"[0, 0, 0, 0, 7, 7, 10, 16, 22, 22, 10, 0, 73]","""[0, 4, 6, 6, 7, 2, 6, 2, 8, 2, 2, 73, 0]"""
j10,2,reactive,600,True,30,0.13822364807128906,0.15002107620239258,"[0, 0, 0, 0, 7, 7, 10, 16, 22, 22, 10, 0, 30]","[0, 4, 6, 6, 7, 2, 6, 2, 8, 2, 2, 73, 0]"
j10,2,stnu,600,True,31,0.6088995933532715,0.00529026985168457,"[0, 0, 4, 0, 11, 16, 11, 16, 23, 23, 23, 0, 31]","""[0, 4, 7, 6, 5, 3, 8, 7, 8, 5, 2, 73, 0]"""
j10,2,proactive_quantile_0.9,600,False,inf,0.046605587005615234,inf,"[0, 0, 9, 0, 7, 15, 15, 15, 27, 22, 22, 0, 73]","""[0, 8, 4, 7, 3, 4, 10, 10, 10, 9, 2, 73, 0]"""
j10,2,reactive,600,False,inf,inf,inf,null,"[0, 8, 4, 7, 3, 4, 10, 10, 10, 9, 2, 73, 0]"
j10,2,stnu,600,True,31,0.6140594482421875,0.005386829376220703,"[0, 0, 0, 0, 7, 4, 4, 13, 22, 20, 6, 0, 31]","""[0, 7, 4, 1, 6, 2, 10, 7, 9, 2, 2, 73, 0]"""
j10,2,proactive_quantile_0.9,600,True,39,0.06560349464416504,0.0003383159637451172,"[0, 0, 9, 0, 7, 15, 15, 15, 27, 22, 22, 0, 73]","""[0, 4, 6, 7, 5, 4, 11, 5, 11, 12, 1, 73, 0]"""
j10,2,reactive,600,True,38,0.06560349464416504,0.11088013648986816,"[0, 0, 9, 0, 7, 15, 15, 15, 27, 22, 22, 0, 38]","[0, 4, 6, 7, 5, 4, 11, 5, 11, 12, 1, 73, 0]"
j10,2,stnu,600,True,26,0.6669309139251709,0.005357980728149414,"[0, 0, 0, 0, 4, 6, 6, 13, 19, 17, 9, 0, 26]","""[0, 4, 6, 3, 9, 3, 11, 4, 7, 2, 1, 73, 0]"""
j10,2,proactive_quantile_0.9,600,True,39,0.04886794090270996,0.00033855438232421875,"[0, 0, 9, 0, 7, 15, 15, 15, 27, 22, 22, 0, 73]","""[0, 4, 6, 5, 2, 3, 12, 6, 8, 9, 2, 73, 0]"""
j10,2,reactive,600,True,35,0.04886794090270996,0.10191988945007324,"[0, 0, 9, 0, 7, 15, 15, 15, 27, 22, 22, 0, 35]","[0, 4, 6, 5, 2, 3, 12, 6, 8, 9, 2, 73, 0]"
j10,2,stnu,600,True,31,0.5950818061828613,0.005276203155517578,"[0, 0, 4, 0, 10, 12, 10, 12, 22, 22, 22, 0, 31]","""[0, 4, 6, 5, 2, 3, 12, 6, 8, 9, 2, 73, 0]"""
j10,2,proactive_quantile_0.9,600,True,39,0.05459451675415039,0.0003466606140136719,"[0, 0, 9, 0, 7, 15, 15, 15, 27, 22, 22, 0, 73]","""[0, 6, 4, 9, 4, 5, 11, 5, 11, 7, 2, 73, 0]"""
j10,2,reactive,600,True,38,0.05459451675415039,0.09486961364746094,"[0, 0, 9, 0, 7, 15, 15, 15, 27, 22, 22, 0, 38]","[0, 6, 4, 9, 4, 5, 11, 5, 11, 7, 2, 73, 0]"
j10,2,stnu,600,True,31,0.7183103561401367,0.00516819953918457,"[0, 0, 6, 0, 9, 13, 9, 13, 20, 20, 20, 0, 31]","""[0, 6, 3, 9, 4, 5, 11, 5, 11, 7, 2, 73, 0]"""
j10,2,proactive_quantile_0.9,600,True,34,0.1660017967224121,0.0003819465637207031,"[0, 0, 0, 0, 7, 7, 10, 16, 22, 22, 10, 0, 73]","""[0, 9, 4, 8, 9, 2, 4, 4, 13, 2, 2, 73, 0]"""
j10,2,reactive,600,False,inf,inf,inf,null,"[0, 9, 4, 8, 9, 2, 4, 4, 13, 2, 2, 73, 0]"
j10,2,stnu,600,True,37,0.9919345378875732,0.005295753479003906,"[0, 0, 9, 0, 14, 19, 14, 19, 24, 24, 24, 0, 37]","""[0, 9, 5, 8, 5, 5, 9, 2, 13, 9, 2, 73, 0]"""
j10,2,proactive_quantile_0.9,600,True,34,0.16391801834106445,0.00036215782165527344,"[0, 0, 0, 0, 7, 7, 10, 16, 22, 22, 10, 0, 73]","""[0, 6, 5, 8, 7, 2, 1, 4, 10, 2, 2, 73, 0]"""
j10,2,reactive,600,True,32,0.16391801834106445,0.14689874649047852,"[0, 0, 0, 0, 7, 7, 10, 16, 22, 22, 10, 0, 32]","[0, 6, 5, 8, 7, 2, 1, 4, 10, 2, 2, 73, 0]"
j10,2,stnu,600,True,31,0.6753745079040527,0.005456686019897461,"[0, 0, 6, 0, 12, 17, 12, 17, 21, 21, 21, 0, 31]","""[0, 6, 6, 8, 5, 2, 8, 4, 10, 6, 2, 73, 0]"""
j10,2,proactive_quantile_0.9,600,True,34,0.12990427017211914,0.0003345012664794922,"[0, 0, 0, 0, 7, 7, 10, 16, 22, 22, 10, 0, 73]","""[0, 5, 4, 8, 7, 1, 6, 5, 9, 1, 1, 73, 0]"""
j10,2,reactive,600,True,31,0.12990427017211914,0.1515645980834961,"[0, 0, 0, 0, 7, 7, 10, 16, 22, 22, 10, 0, 31]","[0, 5, 4, 8, 7, 1, 6, 5, 9, 1, 1, 73, 0]"
j10,2,stnu,600,True,35,0.6152887344360352,0.005257129669189453,"[0, 0, 5, 0, 11, 17, 11, 17, 26, 26, 26, 0, 35]","""[0, 5, 6, 8, 6, 4, 9, 9, 9, 9, 2, 73, 0]"""
j10,2,proactive_quantile_0.9,600,True,28,0.13855576515197754,0.0003685951232910156,"[0, 0, 0, 10, 6, 12, 18, 6, 12, 23, 23, 0, 0, 65]","""[0, 3, 6, 3, 5, 6, 2, 3, 8, 3, 6, 32, 65, 0]"""
j10,2,reactive,600,True,29,0.13855576515197754,0.13783812522888184,"[0, 0, 0, 10, 6, 12, 18, 6, 12, 23, 23, 0, 0, 29]","[0, 3, 6, 3, 5, 6, 2, 3, 8, 3, 6, 32, 65, 0]"
j10,2,stnu,600,True,34,0.686253547668457,0.006044626235961914,"[0, 3, 0, 0, 7, 7, 22, 13, 13, 22, 28, 0, 0, 34]","""[0, 4, 7, 3, 6, 6, 6, 9, 7, 4, 6, 32, 65, 0]"""
j10,2,proactive_quantile_0.9,600,True,28,0.06160545349121094,0.0003440380096435547,"[0, 0, 0, 10, 6, 12, 18, 6, 12, 23, 23, 0, 0, 65]","""[0, 3, 6, 1, 5, 4, 5, 2, 6, 2, 2, 32, 65, 0]"""
j10,2,reactive,600,True,25,0.06160545349121094,0.11620950698852539,"[0, 0, 0, 10, 6, 12, 18, 6, 12, 23, 23, 0, 0, 25]","[0, 3, 6, 1, 5, 4, 5, 2, 6, 2, 2, 32, 65, 0]"
j10,2,stnu,600,True,27,0.9607675075531006,0.005824089050292969,"[0, 0, 0, 13, 6, 11, 18, 6, 11, 15, 23, 0, 0, 27]","""[0, 11, 6, 5, 5, 4, 5, 7, 6, 2, 4, 32, 65, 0]"""
j10,2,proactive_quantile_0.9,600,True,28,0.05787086486816406,0.00034046173095703125,"[0, 0, 0, 10, 6, 12, 18, 6, 12, 23, 23, 0, 0, 65]","""[0, 2, 4, 4, 4, 1, 4, 2, 10, 2, 4, 32, 65, 0]"""
j10,2,reactive,600,True,27,0.05787086486816406,0.13570547103881836,"[0, 0, 0, 10, 6, 12, 18, 6, 12, 23, 23, 0, 0, 27]","[0, 2, 4, 4, 4, 1, 4, 2, 10, 2, 4, 32, 65, 0]"
j10,2,stnu,600,True,23,0.6427242755889893,0.006030082702636719,"[0, 4, 0, 0, 6, 6, 12, 10, 12, 10, 16, 0, 0, 23]","""[0, 2, 4, 4, 4, 1, 4, 2, 8, 2, 7, 32, 65, 0]"""
j10,2,proactive_quantile_0.9,600,True,28,0.053619384765625,0.0003399848937988281,"[0, 0, 0, 10, 6, 12, 18, 6, 12, 23, 23, 0, 0, 65]","""[0, 2, 6, 3, 3, 3, 5, 2, 10, 4, 2, 32, 65, 0]"""
j10,2,reactive,600,True,27,0.053619384765625,0.09467363357543945,"[0, 0, 0, 10, 6, 12, 18, 6, 12, 23, 23, 0, 0, 27]","[0, 2, 6, 3, 3, 3, 5, 2, 10, 4, 2, 32, 65, 0]"
j10,2,stnu,600,True,20,0.6329700946807861,0.0059773921966552734,"[0, 3, 0, 0, 6, 6, 11, 9, 13, 9, 16, 0, 0, 20]","""[0, 2, 6, 3, 3, 3, 5, 2, 6, 4, 4, 32, 65, 0]"""
j10,2,proactive_quantile_0.9,600,False,inf,0.08379077911376953,inf,"[0, 0, 0, 10, 6, 12, 18, 6, 12, 23, 23, 0, 0, 65]","""[0, 3, 4, 3, 4, 6, 4, 3, 13, 2, 4, 32, 65, 0]"""
j10,2,reactive,600,False,inf,inf,inf,null,"[0, 3, 4, 3, 4, 6, 4, 3, 13, 2, 4, 32, 65, 0]"
j10,2,stnu,600,True,27,0.5922062397003174,0.006051778793334961,"[0, 3, 0, 0, 6, 6, 15, 12, 15, 12, 19, 0, 0, 27]","""[0, 3, 4, 3, 4, 6, 4, 3, 7, 2, 8, 32, 65, 0]"""
j10,2,proactive_quantile_0.9,600,True,28,0.13769984245300293,0.00034427642822265625,"[0, 0, 0, 10, 6, 12, 18, 6, 12, 23, 23, 0, 0, 65]","""[0, 2, 4, 3, 4, 4, 2, 4, 8, 1, 1, 32, 65, 0]"""
j10,2,reactive,600,True,21,0.13769984245300293,0.1282792091369629,"[0, 0, 0, 10, 6, 12, 18, 6, 12, 16, 20, 0, 0, 21]","[0, 2, 4, 3, 4, 4, 2, 4, 8, 1, 1, 32, 65, 0]"
j10,2,stnu,600,True,20,0.6052846908569336,0.0060269832611083984,"[0, 3, 0, 0, 5, 5, 13, 9, 13, 9, 15, 0, 0, 20]","""[0, 2, 4, 3, 4, 4, 2, 4, 5, 1, 5, 32, 65, 0]"""
j10,2,proactive_quantile_0.9,600,True,28,0.05665707588195801,0.0003402233123779297,"[0, 0, 0, 10, 6, 12, 18, 6, 12, 23, 23, 0, 0, 65]","""[0, 3, 4, 3, 6, 3, 3, 3, 5, 4, 3, 32, 65, 0]"""
j10,2,reactive,600,True,24,0.05665707588195801,0.12827134132385254,"[0, 0, 0, 10, 6, 12, 18, 6, 12, 15, 21, 0, 0, 24]","[0, 3, 4, 3, 6, 3, 3, 3, 5, 4, 3, 32, 65, 0]"
j10,2,stnu,600,True,32,0.8804337978363037,0.0059430599212646484,"[0, 3, 0, 0, 8, 8, 21, 11, 11, 21, 27, 0, 0, 32]","""[0, 5, 8, 3, 3, 3, 6, 10, 8, 6, 5, 32, 65, 0]"""
j10,2,proactive_quantile_0.9,600,True,28,0.09430742263793945,0.0003533363342285156,"[0, 0, 0, 10, 6, 12, 18, 6, 12, 23, 23, 0, 0, 65]","""[0, 2, 6, 2, 5, 4, 2, 2, 9, 3, 4, 32, 65, 0]"""
j10,2,reactive,600,True,27,0.09430742263793945,0.14092230796813965,"[0, 0, 0, 10, 6, 12, 18, 6, 12, 23, 23, 0, 0, 27]","[0, 2, 6, 2, 5, 4, 2, 2, 9, 3, 4, 32, 65, 0]"
j10,2,stnu,600,True,23,0.616140604019165,0.006064891815185547,"[0, 2, 0, 0, 6, 6, 13, 11, 14, 11, 15, 0, 0, 23]","""[0, 2, 6, 2, 5, 4, 2, 2, 6, 3, 8, 32, 65, 0]"""
j10,2,proactive_quantile_0.9,600,True,28,0.19346928596496582,0.000362396240234375,"[0, 0, 0, 10, 6, 12, 18, 6, 12, 23, 23, 0, 0, 65]","""[0, 4, 6, 3, 4, 5, 4, 3, 7, 3, 4, 32, 65, 0]"""
j10,2,reactive,600,True,27,0.19346928596496582,0.11608099937438965,"[0, 0, 0, 10, 6, 12, 18, 6, 12, 23, 23, 0, 0, 27]","[0, 4, 6, 3, 4, 5, 4, 3, 7, 3, 4, 32, 65, 0]"
j10,2,stnu,600,True,24,0.6214709281921387,0.006002664566040039,"[0, 3, 0, 0, 7, 7, 15, 12, 15, 12, 19, 0, 0, 24]","""[0, 4, 6, 3, 4, 5, 4, 3, 5, 3, 5, 32, 65, 0]"""
j10,2,proactive_quantile_0.9,600,True,28,0.13840150833129883,0.00035452842712402344,"[0, 0, 0, 10, 6, 12, 18, 6, 12, 23, 23, 0, 0, 65]","""[0, 3, 4, 2, 1, 6, 4, 3, 10, 2, 4, 32, 65, 0]"""
j10,2,reactive,600,True,27,0.13840150833129883,0.13773560523986816,"[0, 0, 0, 10, 6, 12, 18, 6, 12, 23, 23, 0, 0, 27]","[0, 3, 4, 2, 1, 6, 4, 3, 10, 2, 4, 32, 65, 0]"
j10,2,stnu,600,True,30,0.6540431976318359,0.006029367446899414,"[0, 2, 0, 0, 5, 5, 18, 11, 11, 18, 26, 0, 0, 30]","""[0, 3, 5, 2, 6, 6, 8, 7, 4, 5, 4, 32, 65, 0]"""
j10,2,proactive_quantile_0.9,600,True,42,0.05372190475463867,0.0002887248992919922,"[0, 7, 0, 0, 7, 21, 14, 19, 26, 26, 33, 0, 42]","""[0, 10, 3, 6, 6, 3, 3, 5, 11, 5, 5, 42, 0]"""
j10,2,reactive,600,True,38,0.05372190475463867,0.14777112007141113,"[0, 7, 0, 0, 7, 21, 14, 19, 26, 26, 33, 0, 38]","[0, 10, 3, 6, 6, 3, 3, 5, 11, 5, 5, 42, 0]"
j10,2,stnu,600,False,inf,0.7312994003295898,inf,[],"""[0, 10, 5, 6, 5, 2, 3, 5, 11, 5, 5, 42, 0]"""
j10,2,proactive_quantile_0.9,600,True,42,0.10118961334228516,0.0002951622009277344,"[0, 7, 0, 0, 7, 21, 14, 19, 26, 26, 33, 0, 42]","""[0, 11, 6, 6, 6, 3, 5, 6, 15, 4, 9, 42, 0]"""
j10,2,reactive,600,True,42,0.10118961334228516,0.13409161567687988,"[0, 7, 0, 0, 7, 21, 14, 19, 26, 26, 33, 0, 42]","[0, 11, 6, 6, 6, 3, 5, 6, 15, 4, 9, 42, 0]"
j10,2,stnu,600,False,inf,0.6057381629943848,inf,[],"""[0, 9, 4, 6, 3, 1, 5, 6, 15, 4, 9, 42, 0]"""
j10,2,proactive_quantile_0.9,600,True,42,0.06461000442504883,0.00028014183044433594,"[0, 7, 0, 0, 7, 21, 14, 19, 26, 26, 33, 0, 42]","""[0, 9, 3, 7, 7, 2, 5, 5, 11, 6, 6, 42, 0]"""
j10,2,reactive,600,True,39,0.06461000442504883,0.11253523826599121,"[0, 7, 0, 0, 7, 21, 14, 19, 26, 26, 33, 0, 39]","[0, 9, 3, 7, 7, 2, 5, 5, 11, 6, 6, 42, 0]"
j10,2,stnu,600,False,inf,0.6948807239532471,inf,[],"""[0, 6, 7, 7, 4, 1, 5, 5, 11, 6, 6, 42, 0]"""
j10,2,proactive_quantile_0.9,600,True,42,0.16225433349609375,0.0002865791320800781,"[0, 7, 0, 0, 7, 21, 14, 19, 26, 26, 33, 0, 42]","""[0, 8, 5, 7, 3, 2, 5, 5, 7, 4, 8, 42, 0]"""
j10,2,reactive,600,True,41,0.16225433349609375,0.13154172897338867,"[0, 7, 0, 0, 7, 21, 14, 19, 26, 26, 33, 0, 41]","[0, 8, 5, 7, 3, 2, 5, 5, 7, 4, 8, 42, 0]"
j10,2,stnu,600,False,inf,0.5702102184295654,inf,[],"""[0, 7, 6, 7, 3, 1, 5, 5, 7, 4, 8, 42, 0]"""
j10,2,proactive_quantile_0.9,600,True,42,0.05397987365722656,0.0002856254577636719,"[0, 7, 0, 0, 7, 21, 14, 19, 26, 26, 33, 0, 42]","""[0, 9, 5, 8, 4, 2, 6, 7, 10, 7, 6, 42, 0]"""
j10,2,reactive,600,False,inf,inf,inf,null,"[0, 9, 5, 8, 4, 2, 6, 7, 10, 7, 6, 42, 0]"
j10,2,stnu,600,False,inf,0.5739450454711914,inf,[],"""[0, 10, 7, 8, 3, 2, 6, 7, 10, 7, 6, 42, 0]"""
j10,2,proactive_quantile_0.9,600,False,inf,0.07147789001464844,inf,"[0, 7, 0, 0, 7, 21, 14, 19, 26, 26, 33, 0, 42]","""[0, 10, 4, 5, 9, 2, 4, 7, 6, 6, 4, 42, 0]"""
j10,2,reactive,600,False,inf,inf,inf,null,"[0, 10, 4, 5, 9, 2, 4, 7, 6, 6, 4, 42, 0]"
j10,2,stnu,600,False,inf,0.6010148525238037,inf,[],"""[0, 9, 4, 5, 4, 1, 4, 7, 6, 6, 4, 42, 0]"""
j10,2,proactive_quantile_0.9,600,True,42,0.05196666717529297,0.0002799034118652344,"[0, 7, 0, 0, 7, 21, 14, 19, 26, 26, 33, 0, 42]","""[0, 12, 7, 3, 6, 2, 6, 6, 7, 6, 7, 42, 0]"""
j10,2,reactive,600,True,40,0.05196666717529297,0.11503148078918457,"[0, 7, 0, 0, 7, 21, 14, 19, 26, 26, 33, 0, 40]","[0, 12, 7, 3, 6, 2, 6, 6, 7, 6, 7, 42, 0]"
j10,2,stnu,600,False,inf,0.5578806400299072,inf,[],"""[0, 7, 5, 3, 3, 1, 6, 6, 7, 6, 7, 42, 0]"""
j10,2,proactive_quantile_0.9,600,True,42,0.05182075500488281,0.0003287792205810547,"[0, 7, 0, 0, 7, 21, 14, 19, 26, 26, 33, 0, 42]","""[0, 10, 7, 4, 4, 2, 5, 7, 10, 7, 8, 42, 0]"""
j10,2,reactive,600,True,41,0.05182075500488281,0.12217950820922852,"[0, 7, 0, 0, 7, 21, 14, 19, 26, 26, 33, 0, 41]","[0, 10, 7, 4, 4, 2, 5, 7, 10, 7, 8, 42, 0]"
j10,2,stnu,600,False,inf,0.780909538269043,inf,[],"""[0, 6, 5, 4, 3, 3, 5, 7, 10, 7, 8, 42, 0]"""
j10,2,proactive_quantile_0.9,600,True,42,0.06443500518798828,0.0002777576446533203,"[0, 7, 0, 0, 7, 21, 14, 19, 26, 26, 33, 0, 42]","""[0, 13, 3, 6, 2, 3, 3, 5, 7, 5, 4, 42, 0]"""
j10,2,reactive,600,False,inf,inf,inf,null,"[0, 13, 3, 6, 2, 3, 3, 5, 7, 5, 4, 42, 0]"
j10,2,stnu,600,False,inf,0.5935473442077637,inf,[],"""[0, 9, 4, 6, 4, 3, 3, 5, 7, 5, 4, 42, 0]"""
j10,2,proactive_quantile_0.9,600,False,inf,0.06080365180969238,inf,"[0, 7, 0, 0, 7, 21, 14, 19, 26, 26, 33, 0, 42]","""[0, 6, 3, 5, 7, 3, 8, 4, 10, 7, 7, 42, 0]"""
j10,2,reactive,600,False,inf,inf,inf,null,"[0, 6, 3, 5, 7, 3, 8, 4, 10, 7, 7, 42, 0]"
j10,2,stnu,600,False,inf,0.5763745307922363,inf,[],"""[0, 6, 2, 5, 5, 2, 8, 4, 10, 7, 7, 42, 0]"""
j10,2,proactive_quantile_0.9,600,True,32,0.05026388168334961,0.0009913444519042969,"[0, 0, 0, 0, 7, 7, 14, 7, 23, 23, 23, 0, 0, 0, 0, 0, 0, 0, 0, 0, 80]","""[0, 3, 2, 3, 3, 3, 4, 1, 3, 7, 5, 59, 14, 35, 45, 80, 34, 75, 69, 40, 0]"""
j10,2,reactive,600,True,30,0.05026388168334961,0.11272859573364258,"[0, 0, 0, 0, 7, 7, 14, 7, 23, 23, 23, 0, 0, 0, 0, 0, 0, 0, 0, 0, 30]","[0, 3, 2, 3, 3, 3, 4, 1, 3, 7, 5, 59, 14, 35, 45, 80, 34, 75, 69, 40, 0]"
j10,2,stnu,600,True,19,0.6681857109069824,0.013009309768676758,"[0, 0, 0, 0, 3, 7, 7, 3, 12, 12, 12, 0, 0, 0, 0, 0, 0, 0, 0, 0, 19]","""[0, 3, 7, 3, 3, 3, 4, 9, 3, 7, 5, 59, 14, 35, 45, 80, 34, 75, 69, 40, 0]"""
j10,2,proactive_quantile_0.9,600,True,24,0.13703465461730957,0.0009703636169433594,"[0, 0, 0, 0, 3, 7, 9, 4, 15, 15, 15, 0, 0, 0, 0, 0, 0, 0, 0, 0, 80]","""[0, 2, 4, 2, 4, 5, 6, 1, 4, 5, 4, 59, 14, 35, 45, 80, 34, 75, 69, 40, 0]"""
j10,2,reactive,600,True,20,0.13703465461730957,0.09189414978027344,"[0, 0, 0, 0, 3, 7, 9, 4, 15, 15, 15, 0, 0, 0, 0, 0, 0, 0, 0, 0, 20]","[0, 2, 4, 2, 4, 5, 6, 1, 4, 5, 4, 59, 14, 35, 45, 80, 34, 75, 69, 40, 0]"
j10,2,stnu,600,True,18,0.6252343654632568,0.012811899185180664,"[0, 0, 0, 0, 4, 6, 8, 6, 13, 13, 13, 0, 0, 0, 0, 0, 0, 0, 0, 0, 18]","""[0, 4, 4, 6, 4, 5, 5, 5, 5, 5, 4, 59, 14, 35, 45, 80, 34, 75, 69, 40, 0]"""
j10,2,proactive_quantile_0.9,600,True,32,0.06910562515258789,0.0009894371032714844,"[0, 0, 0, 0, 7, 7, 14, 7, 23, 23, 23, 0, 0, 0, 0, 0, 0, 0, 0, 0, 80]","""[0, 3, 5, 5, 6, 5, 9, 2, 4, 9, 3, 59, 14, 35, 45, 80, 34, 75, 69, 40, 0]"""
j10,2,reactive,600,True,32,0.06910562515258789,0.09593367576599121,"[0, 0, 0, 0, 7, 7, 14, 7, 23, 23, 23, 0, 0, 0, 0, 0, 0, 0, 0, 0, 32]","[0, 3, 5, 5, 6, 5, 9, 2, 4, 9, 3, 59, 14, 35, 45, 80, 34, 75, 69, 40, 0]"
j10,2,stnu,600,True,27,0.7080948352813721,0.012870311737060547,"[0, 0, 0, 0, 3, 5, 9, 5, 18, 18, 18, 0, 0, 0, 0, 0, 0, 0, 0, 0, 27]","""[0, 3, 4, 5, 6, 5, 9, 5, 4, 9, 3, 59, 14, 35, 45, 80, 34, 75, 69, 40, 0]"""
j10,2,proactive_quantile_0.9,600,True,32,0.07965493202209473,0.0009813308715820312,"[0, 0, 0, 0, 7, 7, 14, 7, 23, 23, 23, 0, 0, 0, 0, 0, 0, 0, 0, 0, 80]","""[0, 2, 4, 5, 5, 4, 6, 2, 7, 7, 3, 59, 14, 35, 45, 80, 34, 75, 69, 40, 0]"""
j10,2,reactive,600,True,30,0.07965493202209473,0.10558605194091797,"[0, 0, 0, 0, 7, 7, 14, 7, 23, 23, 23, 0, 0, 0, 0, 0, 0, 0, 0, 0, 30]","[0, 2, 4, 5, 5, 4, 6, 2, 7, 7, 3, 59, 14, 35, 45, 80, 34, 75, 69, 40, 0]"
j10,2,stnu,600,True,20,0.5999984741210938,0.012875080108642578,"[0, 0, 0, 0, 2, 7, 7, 5, 13, 13, 13, 0, 0, 0, 0, 0, 0, 0, 0, 0, 20]","""[0, 2, 7, 5, 5, 4, 6, 5, 7, 7, 3, 59, 14, 35, 45, 80, 34, 75, 69, 40, 0]"""
j10,2,proactive_quantile_0.9,600,True,24,0.13403749465942383,0.0009543895721435547,"[0, 0, 0, 0, 3, 7, 9, 4, 15, 15, 15, 0, 0, 0, 0, 0, 0, 0, 0, 0, 80]","""[0, 2, 6, 3, 4, 4, 6, 3, 2, 6, 3, 59, 14, 35, 45, 80, 34, 75, 69, 40, 0]"""
j10,2,reactive,600,True,21,0.13403749465942383,0.09169936180114746,"[0, 0, 0, 0, 3, 7, 9, 4, 15, 15, 15, 0, 0, 0, 0, 0, 0, 0, 0, 0, 21]","[0, 2, 6, 3, 4, 4, 6, 3, 2, 6, 3, 59, 14, 35, 45, 80, 34, 75, 69, 40, 0]"
j10,2,stnu,600,True,22,0.6164455413818359,0.012799978256225586,"[0, 0, 0, 0, 3, 6, 10, 3, 15, 15, 15, 0, 0, 0, 0, 0, 0, 0, 0, 0, 22]","""[0, 3, 6, 3, 7, 8, 5, 6, 7, 6, 3, 59, 14, 35, 45, 80, 34, 75, 69, 40, 0]"""
j10,2,proactive_quantile_0.9,600,True,32,0.056260108947753906,0.001041412353515625,"[0, 0, 0, 0, 7, 7, 14, 7, 23, 23, 23, 0, 0, 0, 0, 0, 0, 0, 0, 0, 80]","""[0, 1, 6, 6, 5, 6, 5, 2, 5, 7, 5, 59, 14, 35, 45, 80, 34, 75, 69, 40, 0]"""
j10,2,reactive,600,True,30,0.056260108947753906,0.10668134689331055,"[0, 0, 0, 0, 7, 7, 14, 7, 23, 23, 23, 0, 0, 0, 0, 0, 0, 0, 0, 0, 30]","[0, 1, 6, 6, 5, 6, 5, 2, 5, 7, 5, 59, 14, 35, 45, 80, 34, 75, 69, 40, 0]"
j10,2,stnu,600,True,14,0.6304512023925781,0.012916326522827148,"[0, 0, 0, 0, 1, 6, 8, 3, 11, 11, 11, 0, 0, 0, 0, 0, 0, 0, 0, 0, 14]","""[0, 1, 6, 3, 7, 3, 3, 2, 3, 3, 3, 59, 14, 35, 45, 80, 34, 75, 69, 40, 0]"""
j10,2,proactive_quantile_0.9,600,True,32,0.05513286590576172,0.0010216236114501953,"[0, 0, 0, 0, 7, 7, 14, 7, 23, 23, 23, 0, 0, 0, 0, 0, 0, 0, 0, 0, 80]","""[0, 3, 5, 5, 7, 3, 7, 2, 3, 7, 4, 59, 14, 35, 45, 80, 34, 75, 69, 40, 0]"""
j10,2,reactive,600,True,30,0.05513286590576172,0.10397958755493164,"[0, 0, 0, 0, 7, 7, 14, 7, 23, 23, 23, 0, 0, 0, 0, 0, 0, 0, 0, 0, 30]","[0, 3, 5, 5, 7, 3, 7, 2, 3, 7, 4, 59, 14, 35, 45, 80, 34, 75, 69, 40, 0]"
j10,2,stnu,600,True,24,0.6180806159973145,0.012962102890014648,"[0, 0, 0, 0, 3, 6, 10, 5, 17, 17, 17, 0, 0, 0, 0, 0, 0, 0, 0, 0, 24]","""[0, 3, 6, 5, 7, 3, 7, 3, 3, 7, 4, 59, 14, 35, 45, 80, 34, 75, 69, 40, 0]"""
j10,2,proactive_quantile_0.9,600,True,32,0.049077749252319336,0.0009768009185791016,"[0, 0, 0, 0, 7, 7, 14, 7, 23, 23, 23, 0, 0, 0, 0, 0, 0, 0, 0, 0, 80]","""[0, 1, 5, 4, 6, 5, 6, 3, 7, 10, 2, 59, 14, 35, 45, 80, 34, 75, 69, 40, 0]"""
j10,2,reactive,600,True,33,0.049077749252319336,0.0895986557006836,"[0, 0, 0, 0, 7, 7, 14, 7, 23, 23, 23, 0, 0, 0, 0, 0, 0, 0, 0, 0, 33]","[0, 1, 5, 4, 6, 5, 6, 3, 7, 10, 2, 59, 14, 35, 45, 80, 34, 75, 69, 40, 0]"
j10,2,stnu,600,True,23,0.6637682914733887,0.01301884651184082,"[0, 0, 0, 0, 1, 5, 7, 4, 13, 13, 13, 0, 0, 0, 0, 0, 0, 0, 0, 0, 23]","""[0, 1, 5, 4, 6, 5, 6, 5, 7, 10, 2, 59, 14, 35, 45, 80, 34, 75, 69, 40, 0]"""
j10,2,proactive_quantile_0.9,600,True,24,0.1340794563293457,0.0009713172912597656,"[0, 0, 0, 0, 3, 7, 9, 4, 15, 15, 15, 0, 0, 0, 0, 0, 0, 0, 0, 0, 80]","""[0, 2, 4, 1, 6, 4, 3, 2, 4, 6, 3, 59, 14, 35, 45, 80, 34, 75, 69, 40, 0]"""
j10,2,reactive,600,True,21,0.1340794563293457,0.09550023078918457,"[0, 0, 0, 0, 3, 7, 9, 4, 15, 15, 15, 0, 0, 0, 0, 0, 0, 0, 0, 0, 21]","[0, 2, 4, 1, 6, 4, 3, 2, 4, 6, 3, 59, 14, 35, 45, 80, 34, 75, 69, 40, 0]"
j10,2,stnu,600,True,20,0.6008644104003906,0.012850284576416016,"[0, 0, 0, 0, 3, 4, 9, 4, 13, 13, 13, 0, 0, 0, 0, 0, 0, 0, 0, 0, 20]","""[0, 3, 4, 4, 6, 5, 4, 5, 7, 6, 3, 59, 14, 35, 45, 80, 34, 75, 69, 40, 0]"""
j10,2,proactive_quantile_0.9,600,True,32,0.05001497268676758,0.00099945068359375,"[0, 0, 0, 0, 7, 7, 14, 7, 23, 23, 23, 0, 0, 0, 0, 0, 0, 0, 0, 0, 80]","""[0, 4, 6, 6, 4, 6, 6, 2, 4, 10, 4, 59, 14, 35, 45, 80, 34, 75, 69, 40, 0]"""
j10,2,reactive,600,True,33,0.05001497268676758,0.09521341323852539,"[0, 0, 0, 0, 7, 7, 14, 7, 23, 23, 23, 0, 0, 0, 0, 0, 0, 0, 0, 0, 33]","[0, 4, 6, 6, 4, 6, 6, 2, 4, 10, 4, 59, 14, 35, 45, 80, 34, 75, 69, 40, 0]"
j10,2,stnu,600,True,23,0.6910068988800049,0.013123273849487305,"[0, 0, 0, 0, 2, 6, 6, 3, 11, 11, 11, 0, 0, 0, 0, 0, 0, 0, 0, 0, 23]","""[0, 2, 6, 3, 4, 2, 5, 2, 4, 10, 12, 59, 14, 35, 45, 80, 34, 75, 69, 40, 0]"""
j10,2,proactive_quantile_0.9,600,True,20,0.05104470252990723,0.0006308555603027344,"[0, 0, 0, 0, 3, 9, 9, 9, 15, 16, 4, 0, 0, 0, 0, 0, 0, 61]","""[0, 2, 3, 2, 5, 4, 4, 2, 2, 2, 2, 30, 52, 59, 15, 48, 61, 0]"""
j10,2,reactive,600,True,15,0.05104470252990723,0.10411882400512695,"[0, 0, 0, 0, 3, 9, 9, 9, 13, 13, 4, 0, 0, 0, 0, 0, 0, 15]","[0, 2, 3, 2, 5, 4, 4, 2, 2, 2, 2, 30, 52, 59, 15, 48, 61, 0]"
j10,2,stnu,600,False,inf,0.6039459705352783,inf,[],"""[0, 4, 3, 2, 4, 4, 4, 4, 4, 2, 8, 30, 52, 59, 15, 48, 61, 0]"""
j10,2,proactive_quantile_0.9,600,True,20,0.05431509017944336,0.0006415843963623047,"[0, 0, 0, 0, 3, 9, 9, 9, 15, 16, 4, 0, 0, 0, 0, 0, 0, 61]","""[0, 3, 3, 3, 4, 5, 5, 2, 3, 4, 1, 30, 52, 59, 15, 48, 61, 0]"""
j10,2,reactive,600,True,20,0.05431509017944336,0.07932925224304199,"[0, 0, 0, 0, 3, 9, 9, 9, 15, 16, 4, 0, 0, 0, 0, 0, 0, 20]","[0, 3, 3, 3, 4, 5, 5, 2, 3, 4, 1, 30, 52, 59, 15, 48, 61, 0]"
j10,2,stnu,600,False,inf,0.5830609798431396,inf,[],"""[0, 5, 2, 3, 3, 5, 5, 4, 4, 4, 6, 30, 52, 59, 15, 48, 61, 0]"""
j10,2,proactive_quantile_0.9,600,True,20,0.05035233497619629,0.0006239414215087891,"[0, 0, 0, 0, 3, 9, 9, 9, 15, 16, 4, 0, 0, 0, 0, 0, 0, 61]","""[0, 1, 2, 3, 5, 5, 5, 2, 4, 4, 2, 30, 52, 59, 15, 48, 61, 0]"""
j10,2,reactive,600,True,18,0.05035233497619629,0.0827629566192627,"[0, 0, 0, 0, 3, 9, 9, 9, 14, 14, 4, 0, 0, 0, 0, 0, 0, 18]","[0, 1, 2, 3, 5, 5, 5, 2, 4, 4, 2, 30, 52, 59, 15, 48, 61, 0]"
j10,2,stnu,600,True,17,0.6356561183929443,0.009291410446166992,"[0, 0, 0, 0, 3, 8, 8, 8, 13, 13, 3, 0, 0, 0, 0, 0, 0, 17]","""[0, 1, 2, 3, 5, 5, 5, 2, 4, 4, 2, 30, 52, 59, 15, 48, 61, 0]"""
j10,2,proactive_quantile_0.9,600,True,20,0.06199073791503906,0.0006527900695800781,"[0, 0, 0, 0, 3, 9, 9, 9, 15, 16, 4, 0, 0, 0, 0, 0, 0, 61]","""[0, 1, 2, 2, 3, 6, 5, 1, 2, 2, 2, 30, 52, 59, 15, 48, 61, 0]"""
j10,2,reactive,600,True,18,0.06199073791503906,0.1158599853515625,"[0, 0, 0, 0, 3, 9, 9, 9, 15, 16, 4, 0, 0, 0, 0, 0, 0, 18]","[0, 1, 2, 2, 3, 6, 5, 1, 2, 2, 2, 30, 52, 59, 15, 48, 61, 0]"
j10,2,stnu,600,False,inf,0.584115743637085,inf,[],"""[0, 5, 3, 2, 4, 6, 5, 2, 6, 2, 6, 30, 52, 59, 15, 48, 61, 0]"""
j10,2,proactive_quantile_0.9,600,True,20,0.050063371658325195,0.0006177425384521484,"[0, 0, 0, 0, 3, 9, 9, 9, 15, 16, 4, 0, 0, 0, 0, 0, 0, 61]","""[0, 2, 1, 3, 5, 1, 5, 1, 3, 3, 1, 30, 52, 59, 15, 48, 61, 0]"""
j10,2,reactive,600,True,19,0.050063371658325195,0.09424495697021484,"[0, 0, 0, 0, 3, 9, 9, 9, 15, 16, 4, 0, 0, 0, 0, 0, 0, 19]","[0, 2, 1, 3, 5, 1, 5, 1, 3, 3, 1, 30, 52, 59, 15, 48, 61, 0]"
j10,2,stnu,600,False,inf,0.7647991180419922,inf,[],"""[0, 4, 1, 3, 5, 1, 5, 6, 6, 3, 8, 30, 52, 59, 15, 48, 61, 0]"""
j10,2,proactive_quantile_0.9,600,True,20,0.050972700119018555,0.0006186962127685547,"[0, 0, 0, 0, 3, 9, 9, 9, 15, 16, 4, 0, 0, 0, 0, 0, 0, 61]","""[0, 3, 2, 2, 3, 3, 6, 2, 2, 1, 2, 30, 52, 59, 15, 48, 61, 0]"""
j10,2,reactive,600,True,17,0.050972700119018555,0.13620877265930176,"[0, 0, 0, 0, 3, 9, 9, 9, 15, 15, 4, 0, 0, 0, 0, 0, 0, 17]","[0, 3, 2, 2, 3, 3, 6, 2, 2, 1, 2, 30, 52, 59, 15, 48, 61, 0]"
j10,2,stnu,600,False,inf,0.6046805381774902,inf,[],"""[0, 5, 2, 2, 7, 3, 6, 4, 4, 1, 5, 30, 52, 59, 15, 48, 61, 0]"""
j10,2,proactive_quantile_0.9,600,True,20,0.053137779235839844,0.0006620883941650391,"[0, 0, 0, 0, 3, 9, 9, 9, 15, 16, 4, 0, 0, 0, 0, 0, 0, 61]","""[0, 3, 3, 2, 4, 4, 4, 1, 2, 2, 2, 30, 52, 59, 15, 48, 61, 0]"""
j10,2,reactive,600,True,15,0.053137779235839844,0.11038661003112793,"[0, 0, 0, 0, 3, 9, 9, 9, 13, 13, 4, 0, 0, 0, 0, 0, 0, 15]","[0, 3, 3, 2, 4, 4, 4, 1, 2, 2, 2, 30, 52, 59, 15, 48, 61, 0]"
j10,2,stnu,600,False,inf,0.5992207527160645,inf,[],"""[0, 8, 2, 2, 3, 4, 4, 4, 4, 2, 7, 30, 52, 59, 15, 48, 61, 0]"""
j10,2,proactive_quantile_0.9,600,True,20,0.1603076457977295,0.0006146430969238281,"[0, 0, 0, 0, 3, 9, 9, 9, 15, 15, 4, 0, 0, 0, 0, 0, 0, 61]","""[0, 1, 2, 2, 5, 5, 5, 1, 3, 4, 2, 30, 52, 59, 15, 48, 61, 0]"""
j10,2,reactive,600,True,19,0.1603076457977295,0.13958263397216797,"[0, 0, 0, 0, 3, 9, 9, 9, 15, 15, 4, 0, 0, 0, 0, 0, 0, 19]","[0, 1, 2, 2, 5, 5, 5, 1, 3, 4, 2, 30, 52, 59, 15, 48, 61, 0]"
j10,2,stnu,600,False,inf,0.5993731021881104,inf,[],"""[0, 3, 2, 2, 4, 5, 7, 5, 4, 4, 8, 30, 52, 59, 15, 48, 61, 0]"""
j10,2,proactive_quantile_0.9,600,True,20,0.08794856071472168,0.0006349086761474609,"[0, 0, 0, 0, 3, 9, 9, 9, 15, 16, 4, 0, 0, 0, 0, 0, 0, 61]","""[0, 2, 2, 1, 4, 4, 5, 1, 3, 3, 3, 30, 52, 59, 15, 48, 61, 0]"""
j10,2,reactive,600,True,19,0.08794856071472168,0.11436128616333008,"[0, 0, 0, 0, 3, 9, 9, 9, 15, 16, 4, 0, 0, 0, 0, 0, 0, 19]","[0, 2, 2, 1, 4, 4, 5, 1, 3, 3, 3, 30, 52, 59, 15, 48, 61, 0]"
j10,2,stnu,600,False,inf,0.5941431522369385,inf,[],"""[0, 2, 2, 1, 4, 4, 5, 3, 1, 3, 6, 30, 52, 59, 15, 48, 61, 0]"""
j10,2,proactive_quantile_0.9,600,True,20,0.05462384223937988,0.0006458759307861328,"[0, 0, 0, 0, 3, 9, 9, 9, 15, 16, 4, 0, 0, 0, 0, 0, 0, 61]","""[0, 2, 2, 3, 6, 5, 7, 1, 4, 3, 2, 30, 52, 59, 15, 48, 61, 0]"""
j10,2,reactive,600,True,19,0.05462384223937988,0.07845807075500488,"[0, 0, 0, 0, 3, 9, 9, 9, 15, 16, 4, 0, 0, 0, 0, 0, 0, 19]","[0, 2, 2, 3, 6, 5, 7, 1, 4, 3, 2, 30, 52, 59, 15, 48, 61, 0]"
j10,2,stnu,600,True,19,0.8514211177825928,0.00935816764831543,"[0, 0, 0, 0, 3, 9, 9, 9, 14, 16, 3, 0, 0, 0, 0, 0, 0, 19]","""[0, 2, 2, 3, 6, 5, 7, 1, 4, 3, 2, 30, 52, 59, 15, 48, 61, 0]"""
j10,2,stnu,600,False,inf,3.6746084690093994,inf,[],"""[0, 3, 3, 4, 2, 2, 3, 3, 5, 2, 1, 10, 68, 21, 13, 78, 25, 54, 57, 0]"""
j10,2,stnu,600,False,inf,1.3201632499694824,inf,[],"""[0, 4, 4, 7, 1, 2, 3, 3, 9, 2, 1, 10, 68, 21, 13, 78, 25, 54, 57, 0]"""
j10,2,stnu,600,False,inf,2.6048169136047363,inf,[],"""[0, 3, 4, 7, 2, 4, 2, 2, 6, 2, 2, 10, 68, 21, 13, 78, 25, 54, 57, 0]"""
j10,2,stnu,600,False,inf,2.0858919620513916,inf,[],"""[0, 5, 2, 3, 2, 3, 3, 3, 7, 7, 3, 10, 68, 21, 13, 78, 25, 54, 57, 0]"""
