instance_folder,noise_factor,method,time_limit,feasibility,obj,time_offline,time_online,start_times,real_durations
j10,1,proactive_robust,600,True,36,0.10767650604248047,0.0007359981536865234,"[0, 0, 0, 0, 9, 17, 10, 26, 32, 17, 9, 0, 0, 0, 0, 0, 0, 0, 69]","""[0, 6, 8, 9, 7, 9, 1, 6, 3, 1, 8, 46, 15, 23, 34, 69, 49, 65, 0]"""
j10,1,reactive,600,True,35,0.10767650604248047,0.047641754150390625,"[0, 0, 0, 0, 9, 17, 10, 26, 32, 17, 9, 0, 0, 0, 0, 0, 0, 0, 35]","[0, 6, 8, 9, 7, 9, 1, 6, 3, 1, 8, 46, 15, 23, 34, 69, 49, 65, 0]"
j10,1,stnu,600,True,34,1.5094826221466064,0.011936187744140625,"[0, 0, 0, 0, 9, 16, 9, 25, 31, 17, 9, 0, 0, 0, 0, 0, 0, 0, 34]","""[0, 6, 8, 9, 7, 9, 1, 6, 3, 1, 8, 46, 15, 23, 34, 69, 49, 65, 0]"""
j10,1,proactive_robust,600,True,36,0.05797767639160156,0.0007297992706298828,"[0, 0, 0, 0, 9, 17, 10, 26, 32, 17, 9, 0, 0, 0, 0, 0, 0, 0, 69]","""[0, 4, 7, 9, 4, 9, 1, 5, 1, 2, 4, 46, 15, 23, 34, 69, 49, 65, 0]"""
j10,1,reactive,600,True,32,0.05797767639160156,0.06937980651855469,"[0, 0, 0, 0, 9, 17, 10, 26, 31, 17, 9, 0, 0, 0, 0, 0, 0, 0, 32]","[0, 4, 7, 9, 4, 9, 1, 5, 1, 2, 4, 46, 15, 23, 34, 69, 49, 65, 0]"
j10,1,stnu,600,True,28,0.8199248313903809,0.011780023574829102,"[0, 0, 0, 0, 9, 13, 9, 22, 27, 13, 9, 0, 0, 0, 0, 0, 0, 0, 28]","""[0, 4, 7, 9, 4, 9, 1, 5, 1, 2, 4, 46, 15, 23, 34, 69, 49, 65, 0]"""
j10,1,proactive_robust,600,True,36,0.058161020278930664,0.0007367134094238281,"[0, 0, 0, 0, 9, 17, 10, 26, 32, 17, 9, 0, 0, 0, 0, 0, 0, 0, 69]","""[0, 2, 8, 9, 7, 6, 2, 5, 3, 3, 3, 46, 15, 23, 34, 69, 49, 65, 0]"""
j10,1,reactive,600,True,35,0.058161020278930664,0.06694984436035156,"[0, 0, 0, 0, 9, 17, 10, 26, 32, 17, 9, 0, 0, 0, 0, 0, 0, 0, 35]","[0, 2, 8, 9, 7, 6, 2, 5, 3, 3, 3, 46, 15, 23, 34, 69, 49, 65, 0]"
j10,1,stnu,600,True,30,0.7584061622619629,0.011290788650512695,"[0, 0, 0, 0, 9, 16, 9, 22, 27, 16, 9, 0, 0, 0, 0, 0, 0, 0, 30]","""[0, 2, 8, 9, 7, 6, 2, 5, 3, 3, 3, 46, 15, 23, 34, 69, 49, 65, 0]"""
j10,1,proactive_robust,600,True,36,0.04988503456115723,0.0007326602935791016,"[0, 0, 0, 0, 9, 17, 10, 26, 32, 17, 9, 0, 0, 0, 0, 0, 0, 0, 69]","""[0, 6, 9, 4, 5, 4, 2, 5, 3, 1, 8, 46, 15, 23, 34, 69, 49, 65, 0]"""
j10,1,reactive,600,True,34,0.04988503456115723,0.15872693061828613,"[0, 0, 0, 0, 9, 17, 10, 26, 31, 17, 9, 0, 0, 0, 0, 0, 0, 0, 34]","[0, 6, 9, 4, 5, 4, 2, 5, 3, 1, 8, 46, 15, 23, 34, 69, 49, 65, 0]"
j10,1,stnu,600,True,23,0.7888226509094238,0.011141300201416016,"[0, 0, 0, 0, 6, 11, 9, 15, 20, 12, 4, 0, 0, 0, 0, 0, 0, 0, 23]","""[0, 6, 9, 4, 5, 4, 2, 5, 3, 1, 8, 46, 15, 23, 34, 69, 49, 65, 0]"""
j10,1,proactive_robust,600,True,36,0.053955078125,0.0007333755493164062,"[0, 0, 0, 0, 9, 17, 10, 26, 32, 17, 9, 0, 0, 0, 0, 0, 0, 0, 69]","""[0, 5, 8, 8, 5, 5, 2, 2, 2, 1, 6, 46, 15, 23, 34, 69, 49, 65, 0]"""
j10,1,reactive,600,True,26,0.053955078125,0.08915042877197266,"[0, 0, 0, 0, 9, 17, 10, 22, 24, 17, 9, 0, 0, 0, 0, 0, 0, 0, 26]","[0, 5, 8, 8, 5, 5, 2, 2, 2, 1, 6, 46, 15, 23, 34, 69, 49, 65, 0]"
j10,1,stnu,600,True,22,0.7547614574432373,0.011239290237426758,"[0, 0, 0, 0, 8, 13, 8, 18, 20, 14, 8, 0, 0, 0, 0, 0, 0, 0, 22]","""[0, 5, 8, 8, 5, 5, 2, 2, 2, 1, 6, 46, 15, 23, 34, 69, 49, 65, 0]"""
j10,1,proactive_robust,600,True,36,0.05915498733520508,0.0007033348083496094,"[0, 0, 0, 0, 9, 17, 10, 26, 32, 17, 9, 0, 0, 0, 0, 0, 0, 0, 69]","""[0, 6, 7, 5, 5, 6, 1, 4, 1, 1, 3, 46, 15, 23, 34, 69, 49, 65, 0]"""
j10,1,reactive,600,True,31,0.05915498733520508,0.07821249961853027,"[0, 0, 0, 0, 9, 17, 10, 26, 30, 17, 9, 0, 0, 0, 0, 0, 0, 0, 31]","[0, 6, 7, 5, 5, 6, 1, 4, 1, 1, 3, 46, 15, 23, 34, 69, 49, 65, 0]"
j10,1,stnu,600,True,22,0.7796707153320312,0.01127934455871582,"[0, 0, 0, 0, 6, 11, 7, 17, 21, 11, 5, 0, 0, 0, 0, 0, 0, 0, 22]","""[0, 6, 7, 5, 5, 6, 1, 4, 1, 1, 3, 46, 15, 23, 34, 69, 49, 65, 0]"""
j10,1,proactive_robust,600,True,36,0.05529356002807617,0.0007174015045166016,"[0, 0, 0, 0, 9, 17, 10, 26, 32, 17, 9, 0, 0, 0, 0, 0, 0, 0, 69]","""[0, 5, 5, 7, 7, 6, 1, 2, 2, 1, 6, 46, 15, 23, 34, 69, 49, 65, 0]"""
j10,1,reactive,600,True,30,0.05529356002807617,0.0924527645111084,"[0, 0, 0, 0, 9, 17, 10, 26, 28, 17, 9, 0, 0, 0, 0, 0, 0, 0, 30]","[0, 5, 5, 7, 7, 6, 1, 2, 2, 1, 6, 46, 15, 23, 34, 69, 49, 65, 0]"
j10,1,stnu,600,True,24,0.7730844020843506,0.011223316192626953,"[0, 0, 0, 0, 7, 14, 7, 20, 22, 14, 7, 0, 0, 0, 0, 0, 0, 0, 24]","""[0, 5, 5, 7, 7, 6, 1, 2, 2, 1, 6, 46, 15, 23, 34, 69, 49, 65, 0]"""
j10,1,proactive_robust,600,True,36,0.0527341365814209,0.0007293224334716797,"[0, 0, 0, 0, 9, 17, 10, 26, 32, 17, 9, 0, 0, 0, 0, 0, 0, 0, 69]","""[0, 6, 9, 4, 5, 6, 2, 6, 4, 2, 4, 46, 15, 23, 34, 69, 49, 65, 0]"""
j10,1,reactive,600,True,30,0.0527341365814209,0.05618000030517578,"[0, 0, 0, 0, 9, 14, 10, 20, 26, 14, 9, 0, 0, 0, 0, 0, 0, 0, 30]","[0, 6, 9, 4, 5, 6, 2, 6, 4, 2, 4, 46, 15, 23, 34, 69, 49, 65, 0]"
j10,1,stnu,600,True,27,0.7723958492279053,0.01112985610961914,"[0, 0, 0, 0, 6, 11, 9, 17, 23, 11, 4, 0, 0, 0, 0, 0, 0, 0, 27]","""[0, 6, 9, 4, 5, 6, 2, 6, 4, 2, 4, 46, 15, 23, 34, 69, 49, 65, 0]"""
j10,1,proactive_robust,600,True,36,0.15127325057983398,0.0007240772247314453,"[0, 0, 0, 0, 9, 17, 10, 26, 32, 17, 9, 0, 0, 0, 0, 0, 0, 0, 69]","""[0, 4, 9, 9, 3, 4, 2, 5, 2, 3, 5, 46, 15, 23, 34, 69, 49, 65, 0]"""
j10,1,reactive,600,True,33,0.15127325057983398,0.07109975814819336,"[0, 0, 0, 0, 9, 17, 10, 26, 31, 17, 9, 0, 0, 0, 0, 0, 0, 0, 33]","[0, 4, 9, 9, 3, 4, 2, 5, 2, 3, 5, 46, 15, 23, 34, 69, 49, 65, 0]"
j10,1,stnu,600,True,24,0.7739112377166748,0.011257171630859375,"[0, 0, 0, 0, 9, 12, 9, 17, 22, 14, 9, 0, 0, 0, 0, 0, 0, 0, 24]","""[0, 4, 9, 9, 3, 4, 2, 5, 2, 3, 5, 46, 15, 23, 34, 69, 49, 65, 0]"""
j10,1,proactive_robust,600,True,36,0.059981584548950195,0.0007350444793701172,"[0, 0, 0, 0, 9, 17, 10, 26, 32, 17, 9, 0, 0, 0, 0, 0, 0, 0, 69]","""[0, 6, 8, 6, 8, 5, 1, 3, 1, 3, 6, 46, 15, 23, 34, 69, 49, 65, 0]"""
j10,1,reactive,600,True,26,0.059981584548950195,0.06383728981018066,"[0, 0, 0, 0, 9, 17, 10, 22, 25, 17, 9, 0, 0, 0, 0, 0, 0, 0, 26]","[0, 6, 8, 6, 8, 5, 1, 3, 1, 3, 6, 46, 15, 23, 34, 69, 49, 65, 0]"
j10,1,stnu,600,True,23,0.759655237197876,0.011321544647216797,"[0, 0, 0, 0, 6, 14, 8, 19, 22, 14, 6, 0, 0, 0, 0, 0, 0, 0, 23]","""[0, 6, 8, 6, 8, 5, 1, 3, 1, 3, 6, 46, 15, 23, 34, 69, 49, 65, 0]"""
j10,1,proactive_robust,600,True,42,0.059719085693359375,0.0003032684326171875,"[0, 0, 4, 0, 12, 21, 12, 27, 14, 33, 33, 0, 42]","""[0, 11, 10, 1, 4, 3, 9, 6, 9, 7, 6, 42, 0]"""
j10,1,reactive,600,True,40,0.059719085693359375,0.12865066528320312,"[0, 0, 4, 0, 12, 21, 12, 27, 14, 33, 33, 0, 40]","[0, 11, 10, 1, 4, 3, 9, 6, 9, 7, 6, 42, 0]"
j10,1,stnu,600,True,36,0.7458462715148926,0.0055446624755859375,"[0, 0, 1, 0, 11, 20, 11, 23, 11, 29, 29, 0, 36]","""[0, 11, 10, 1, 4, 3, 9, 6, 9, 7, 6, 42, 0]"""
j10,1,proactive_robust,600,True,42,0.057463645935058594,0.000293731689453125,"[0, 0, 4, 0, 12, 21, 12, 27, 14, 33, 33, 0, 42]","""[0, 8, 10, 4, 4, 3, 9, 6, 6, 5, 9, 42, 0]"""
j10,1,reactive,600,True,42,0.057463645935058594,0.101409912109375,"[0, 0, 4, 0, 12, 21, 12, 27, 14, 33, 33, 0, 42]","[0, 8, 10, 4, 4, 3, 9, 6, 6, 5, 9, 42, 0]"
j10,1,stnu,600,True,35,0.8206818103790283,0.00551915168762207,"[0, 0, 4, 0, 8, 17, 8, 20, 14, 26, 26, 0, 35]","""[0, 8, 10, 4, 4, 3, 9, 6, 6, 5, 9, 42, 0]"""
j10,1,proactive_robust,600,True,42,0.060643911361694336,0.0002899169921875,"[0, 0, 4, 0, 12, 21, 12, 27, 14, 33, 33, 0, 42]","""[0, 12, 7, 1, 4, 6, 5, 2, 12, 9, 5, 42, 0]"""
j10,1,reactive,600,True,42,0.060643911361694336,0.10308241844177246,"[0, 0, 4, 0, 12, 21, 12, 27, 14, 33, 33, 0, 42]","[0, 12, 7, 1, 4, 6, 5, 2, 12, 9, 5, 42, 0]"
j10,1,stnu,600,True,35,0.7614855766296387,0.0056056976318359375,"[0, 0, 1, 0, 12, 17, 12, 24, 12, 26, 26, 0, 35]","""[0, 12, 7, 1, 4, 6, 5, 2, 12, 9, 5, 42, 0]"""
j10,1,proactive_robust,600,True,42,0.05773282051086426,0.00028777122497558594,"[0, 0, 4, 0, 12, 21, 12, 27, 14, 33, 33, 0, 42]","""[0, 9, 9, 4, 3, 6, 4, 2, 9, 9, 4, 42, 0]"""
j10,1,reactive,600,True,38,0.05773282051086426,0.13091421127319336,"[0, 0, 4, 0, 12, 21, 12, 27, 14, 29, 29, 0, 38]","[0, 9, 9, 4, 3, 6, 4, 2, 9, 9, 4, 42, 0]"
j10,1,stnu,600,True,33,0.8475592136383057,0.005528688430786133,"[0, 0, 4, 0, 9, 13, 9, 22, 13, 24, 24, 0, 33]","""[0, 9, 9, 4, 3, 6, 4, 2, 9, 9, 4, 42, 0]"""
j10,1,proactive_robust,600,True,42,0.056913137435913086,0.00029087066650390625,"[0, 0, 4, 0, 12, 21, 12, 27, 14, 33, 33, 0, 42]","""[0, 8, 5, 2, 6, 6, 7, 6, 11, 8, 6, 42, 0]"""
j10,1,reactive,600,True,41,0.056913137435913086,0.1504828929901123,"[0, 0, 4, 0, 12, 21, 12, 27, 14, 33, 33, 0, 41]","[0, 8, 5, 2, 6, 6, 7, 6, 11, 8, 6, 42, 0]"
j10,1,stnu,600,True,35,0.7325353622436523,0.00562739372253418,"[0, 0, 2, 0, 8, 15, 8, 21, 8, 27, 27, 0, 35]","""[0, 8, 5, 2, 6, 6, 7, 6, 11, 8, 6, 42, 0]"""
j10,1,proactive_robust,600,True,42,0.05696916580200195,0.00027823448181152344,"[0, 0, 4, 0, 12, 21, 12, 27, 14, 33, 33, 0, 42]","""[0, 12, 7, 3, 3, 3, 6, 2, 6, 4, 8, 42, 0]"""
j10,1,reactive,600,True,41,0.05696916580200195,0.15987801551818848,"[0, 0, 4, 0, 12, 21, 12, 27, 14, 33, 33, 0, 41]","[0, 12, 7, 3, 3, 3, 6, 2, 6, 4, 8, 42, 0]"
j10,1,stnu,600,True,31,0.8494789600372314,0.005547285079956055,"[0, 0, 3, 0, 12, 18, 12, 21, 12, 23, 23, 0, 31]","""[0, 12, 7, 3, 3, 3, 6, 2, 6, 4, 8, 42, 0]"""
j10,1,proactive_robust,600,True,42,0.06330132484436035,0.0002665519714355469,"[0, 0, 4, 0, 12, 21, 12, 27, 14, 33, 33, 0, 42]","""[0, 10, 5, 2, 6, 2, 7, 4, 8, 6, 8, 42, 0]"""
j10,1,reactive,600,True,41,0.06330132484436035,0.18270492553710938,"[0, 0, 4, 0, 12, 21, 12, 27, 14, 33, 33, 0, 41]","[0, 10, 5, 2, 6, 2, 7, 4, 8, 6, 8, 42, 0]"
j10,1,stnu,600,True,31,0.7430803775787354,0.005612373352050781,"[0, 0, 2, 0, 10, 17, 10, 19, 10, 23, 23, 0, 31]","""[0, 10, 5, 2, 6, 2, 7, 4, 8, 6, 8, 42, 0]"""
j10,1,proactive_robust,600,True,42,0.058458566665649414,0.00027251243591308594,"[0, 0, 4, 0, 12, 21, 12, 27, 14, 33, 33, 0, 42]","""[0, 7, 6, 3, 6, 2, 4, 5, 11, 4, 5, 42, 0]"""
j10,1,reactive,600,True,38,0.058458566665649414,0.18738436698913574,"[0, 0, 4, 0, 12, 21, 12, 27, 14, 33, 33, 0, 38]","[0, 7, 6, 3, 6, 2, 4, 5, 11, 4, 5, 42, 0]"
j10,1,stnu,600,True,30,0.8529603481292725,0.005611896514892578,"[0, 0, 3, 0, 7, 13, 7, 20, 9, 25, 25, 0, 30]","""[0, 7, 6, 3, 6, 2, 4, 5, 11, 4, 5, 42, 0]"""
j10,1,proactive_robust,600,True,42,0.059787750244140625,0.0002949237823486328,"[0, 0, 4, 0, 12, 21, 12, 27, 14, 33, 33, 0, 42]","""[0, 10, 10, 2, 7, 3, 7, 6, 6, 6, 6, 42, 0]"""
j10,1,reactive,600,True,39,0.059787750244140625,0.12023782730102539,"[0, 0, 4, 0, 12, 21, 12, 27, 14, 33, 33, 0, 39]","[0, 10, 10, 2, 7, 3, 7, 6, 6, 6, 6, 42, 0]"
j10,1,stnu,600,True,32,0.7164361476898193,0.0055048465728759766,"[0, 0, 2, 0, 10, 17, 10, 20, 12, 26, 26, 0, 32]","""[0, 10, 10, 2, 7, 3, 7, 6, 6, 6, 6, 42, 0]"""
j10,1,proactive_robust,600,True,42,0.05747365951538086,0.00027942657470703125,"[0, 0, 4, 0, 12, 21, 12, 27, 14, 33, 33, 0, 42]","""[0, 9, 7, 1, 4, 4, 4, 5, 8, 4, 5, 42, 0]"""
j10,1,reactive,600,True,38,0.05747365951538086,0.17832040786743164,"[0, 0, 4, 0, 12, 21, 12, 27, 14, 33, 33, 0, 38]","[0, 9, 7, 1, 4, 4, 4, 5, 8, 4, 5, 42, 0]"
j10,1,stnu,600,True,27,0.7335543632507324,0.005555391311645508,"[0, 0, 1, 0, 9, 13, 9, 17, 9, 22, 22, 0, 27]","""[0, 9, 7, 1, 4, 4, 4, 5, 8, 4, 5, 42, 0]"""
j10,1,proactive_robust,600,True,29,0.07373881340026855,0.0009438991546630859,"[0, 2, 0, 0, 4, 6, 10, 10, 17, 10, 4, 0, 0, 0, 0, 0, 0, 0, 0, 0, 70]","""[0, 1, 2, 1, 1, 3, 2, 3, 11, 6, 2, 70, 66, 45, 53, 15, 50, 37, 70, 33, 0]"""
j10,1,reactive,600,True,28,0.07373881340026855,0.11520242691040039,"[0, 2, 0, 0, 4, 6, 10, 10, 17, 10, 4, 0, 0, 0, 0, 0, 0, 0, 0, 0, 28]","[0, 1, 2, 1, 1, 3, 2, 3, 11, 6, 2, 70, 66, 45, 53, 15, 50, 37, 70, 33, 0]"
j10,1,stnu,600,True,24,0.8437252044677734,0.014091730117797852,"[0, 2, 0, 0, 3, 4, 7, 7, 13, 7, 3, 0, 0, 0, 0, 0, 0, 0, 0, 0, 24]","""[0, 1, 2, 1, 1, 3, 2, 3, 11, 6, 2, 70, 66, 45, 53, 15, 50, 37, 70, 33, 0]"""
j10,1,proactive_robust,600,True,29,0.07127237319946289,0.0009746551513671875,"[0, 2, 0, 0, 4, 6, 10, 10, 17, 10, 4, 0, 0, 0, 0, 0, 0, 0, 0, 0, 70]","""[0, 1, 1, 2, 1, 4, 4, 2, 9, 4, 4, 70, 66, 45, 53, 15, 50, 37, 70, 33, 0]"""
j10,1,reactive,600,True,26,0.07127237319946289,0.19974923133850098,"[0, 2, 0, 0, 4, 6, 10, 10, 17, 10, 4, 0, 0, 0, 0, 0, 0, 0, 0, 0, 26]","[0, 1, 1, 2, 1, 4, 4, 2, 9, 4, 4, 70, 66, 45, 53, 15, 50, 37, 70, 33, 0]"
j10,1,stnu,600,True,21,0.7935268878936768,0.014010906219482422,"[0, 2, 0, 0, 3, 4, 8, 8, 12, 8, 3, 0, 0, 0, 0, 0, 0, 0, 0, 0, 21]","""[0, 1, 1, 2, 1, 4, 4, 2, 9, 4, 4, 70, 66, 45, 53, 15, 50, 37, 70, 33, 0]"""
j10,1,proactive_robust,600,True,29,0.07000064849853516,0.0009353160858154297,"[0, 2, 0, 0, 4, 6, 10, 10, 17, 10, 4, 0, 0, 0, 0, 0, 0, 0, 0, 0, 70]","""[0, 2, 1, 2, 1, 1, 3, 2, 6, 4, 2, 70, 66, 45, 53, 15, 50, 37, 70, 33, 0]"""
j10,1,reactive,600,True,23,0.07000064849853516,0.1049354076385498,"[0, 2, 0, 0, 4, 6, 10, 10, 17, 10, 4, 0, 0, 0, 0, 0, 0, 0, 0, 0, 23]","[0, 2, 1, 2, 1, 1, 3, 2, 6, 4, 2, 70, 66, 45, 53, 15, 50, 37, 70, 33, 0]"
j10,1,stnu,600,True,16,0.8130066394805908,0.014098167419433594,"[0, 2, 0, 0, 4, 5, 6, 6, 10, 6, 4, 0, 0, 0, 0, 0, 0, 0, 0, 0, 16]","""[0, 2, 1, 2, 1, 1, 3, 2, 6, 4, 2, 70, 66, 45, 53, 15, 50, 37, 70, 33, 0]"""
j10,1,proactive_robust,600,True,29,0.07211422920227051,0.0009431838989257812,"[0, 2, 0, 0, 4, 6, 10, 10, 17, 10, 4, 0, 0, 0, 0, 0, 0, 0, 0, 0, 70]","""[0, 1, 2, 2, 2, 2, 3, 1, 7, 3, 6, 70, 66, 45, 53, 15, 50, 37, 70, 33, 0]"""
j10,1,reactive,600,True,24,0.07211422920227051,0.06441950798034668,"[0, 2, 0, 0, 4, 6, 10, 10, 17, 10, 4, 0, 0, 0, 0, 0, 0, 0, 0, 0, 24]","[0, 1, 2, 2, 2, 2, 3, 1, 7, 3, 6, 70, 66, 45, 53, 15, 50, 37, 70, 33, 0]"
j10,1,stnu,600,True,19,0.803624153137207,0.014078140258789062,"[0, 2, 0, 0, 3, 5, 7, 7, 12, 9, 3, 0, 0, 0, 0, 0, 0, 0, 0, 0, 19]","""[0, 1, 2, 2, 2, 2, 3, 1, 7, 3, 6, 70, 66, 45, 53, 15, 50, 37, 70, 33, 0]"""
j10,1,proactive_robust,600,True,29,0.0674586296081543,0.0009601116180419922,"[0, 2, 0, 0, 4, 6, 10, 10, 17, 10, 4, 0, 0, 0, 0, 0, 0, 0, 0, 0, 70]","""[0, 2, 2, 1, 1, 1, 2, 3, 12, 2, 2, 70, 66, 45, 53, 15, 50, 37, 70, 33, 0]"""
j10,1,reactive,600,True,22,0.0674586296081543,0.08876395225524902,"[0, 2, 0, 0, 4, 6, 7, 7, 10, 7, 4, 0, 0, 0, 0, 0, 0, 0, 0, 0, 22]","[0, 2, 2, 1, 1, 1, 2, 3, 12, 2, 2, 70, 66, 45, 53, 15, 50, 37, 70, 33, 0]"
j10,1,stnu,600,True,21,0.8947207927703857,0.01388406753540039,"[0, 2, 0, 0, 4, 5, 6, 6, 9, 6, 4, 0, 0, 0, 0, 0, 0, 0, 0, 0, 21]","""[0, 2, 2, 1, 1, 1, 2, 3, 12, 2, 2, 70, 66, 45, 53, 15, 50, 37, 70, 33, 0]"""
j10,1,proactive_robust,600,True,29,0.06609749794006348,0.0009591579437255859,"[0, 2, 0, 0, 4, 6, 10, 10, 17, 10, 4, 0, 0, 0, 0, 0, 0, 0, 0, 0, 70]","""[0, 1, 1, 2, 1, 2, 7, 1, 6, 3, 3, 70, 66, 45, 53, 15, 50, 37, 70, 33, 0]"""
j10,1,reactive,600,True,23,0.06609749794006348,0.10169816017150879,"[0, 2, 0, 0, 4, 6, 10, 10, 17, 10, 4, 0, 0, 0, 0, 0, 0, 0, 0, 0, 23]","[0, 1, 1, 2, 1, 2, 7, 1, 6, 3, 3, 70, 66, 45, 53, 15, 50, 37, 70, 33, 0]"
j10,1,stnu,600,True,19,0.8449456691741943,0.014089345932006836,"[0, 2, 0, 0, 3, 4, 6, 6, 13, 6, 3, 0, 0, 0, 0, 0, 0, 0, 0, 0, 19]","""[0, 1, 1, 2, 1, 2, 7, 1, 6, 3, 3, 70, 66, 45, 53, 15, 50, 37, 70, 33, 0]"""
j10,1,proactive_robust,600,True,29,0.07115721702575684,0.0009391307830810547,"[0, 2, 0, 0, 4, 6, 10, 10, 17, 10, 4, 0, 0, 0, 0, 0, 0, 0, 0, 0, 70]","""[0, 2, 2, 1, 1, 1, 4, 1, 8, 2, 4, 70, 66, 45, 53, 15, 50, 37, 70, 33, 0]"""
j10,1,reactive,600,True,25,0.07115721702575684,0.10362744331359863,"[0, 2, 0, 0, 4, 6, 10, 10, 17, 10, 4, 0, 0, 0, 0, 0, 0, 0, 0, 0, 25]","[0, 2, 2, 1, 1, 1, 4, 1, 8, 2, 4, 70, 66, 45, 53, 15, 50, 37, 70, 33, 0]"
j10,1,stnu,600,True,18,0.8094074726104736,0.014020204544067383,"[0, 2, 0, 0, 4, 5, 6, 6, 10, 8, 4, 0, 0, 0, 0, 0, 0, 0, 0, 0, 18]","""[0, 2, 2, 1, 1, 1, 4, 1, 8, 2, 4, 70, 66, 45, 53, 15, 50, 37, 70, 33, 0]"""
j10,1,proactive_robust,600,True,29,0.07072043418884277,0.0009198188781738281,"[0, 2, 0, 0, 4, 6, 10, 10, 17, 10, 4, 0, 0, 0, 0, 0, 0, 0, 0, 0, 70]","""[0, 2, 1, 1, 1, 1, 2, 2, 8, 2, 3, 70, 66, 45, 53, 15, 50, 37, 70, 33, 0]"""
j10,1,reactive,600,True,20,0.07072043418884277,0.11862587928771973,"[0, 2, 0, 0, 4, 6, 10, 10, 12, 10, 4, 0, 0, 0, 0, 0, 0, 0, 0, 0, 20]","[0, 2, 1, 1, 1, 1, 2, 2, 8, 2, 3, 70, 66, 45, 53, 15, 50, 37, 70, 33, 0]"
j10,1,stnu,600,True,16,0.8219387531280518,0.014041662216186523,"[0, 1, 0, 0, 3, 4, 5, 5, 8, 6, 3, 0, 0, 0, 0, 0, 0, 0, 0, 0, 16]","""[0, 2, 1, 1, 1, 1, 2, 2, 8, 2, 3, 70, 66, 45, 53, 15, 50, 37, 70, 33, 0]"""
j10,1,proactive_robust,600,True,29,0.07155489921569824,0.0009539127349853516,"[0, 2, 0, 0, 4, 6, 10, 10, 17, 10, 4, 0, 0, 0, 0, 0, 0, 0, 0, 0, 70]","""[0, 1, 1, 2, 1, 2, 4, 1, 11, 4, 6, 70, 66, 45, 53, 15, 50, 37, 70, 33, 0]"""
j10,1,reactive,600,True,28,0.07155489921569824,0.10655975341796875,"[0, 2, 0, 0, 4, 6, 10, 10, 17, 10, 4, 0, 0, 0, 0, 0, 0, 0, 0, 0, 28]","[0, 1, 1, 2, 1, 2, 4, 1, 11, 4, 6, 70, 66, 45, 53, 15, 50, 37, 70, 33, 0]"
j10,1,stnu,600,True,24,0.7939145565032959,0.013761520385742188,"[0, 2, 0, 0, 3, 4, 6, 6, 13, 9, 3, 0, 0, 0, 0, 0, 0, 0, 0, 0, 24]","""[0, 1, 1, 2, 1, 2, 4, 1, 11, 4, 6, 70, 66, 45, 53, 15, 50, 37, 70, 33, 0]"""
j10,1,proactive_robust,600,True,29,0.06886839866638184,0.0009543895721435547,"[0, 2, 0, 0, 4, 6, 10, 10, 17, 10, 4, 0, 0, 0, 0, 0, 0, 0, 0, 0, 70]","""[0, 1, 2, 1, 2, 4, 2, 2, 7, 6, 3, 70, 66, 45, 53, 15, 50, 37, 70, 33, 0]"""
j10,1,reactive,600,True,24,0.06886839866638184,0.1673908233642578,"[0, 2, 0, 0, 4, 6, 10, 10, 17, 10, 4, 0, 0, 0, 0, 0, 0, 0, 0, 0, 24]","[0, 1, 2, 1, 2, 4, 2, 2, 7, 6, 3, 70, 66, 45, 53, 15, 50, 37, 70, 33, 0]"
j10,1,stnu,600,True,22,0.7983391284942627,0.013451099395751953,"[0, 2, 0, 0, 3, 5, 9, 9, 15, 9, 3, 0, 0, 0, 0, 0, 0, 0, 0, 0, 22]","""[0, 1, 2, 1, 2, 4, 2, 2, 7, 6, 3, 70, 66, 45, 53, 15, 50, 37, 70, 33, 0]"""
j10,1,proactive_robust,600,True,39,0.057761430740356445,0.0011439323425292969,"[0, 0, 0, 0, 3, 3, 3, 15, 13, 27, 3, 0, 0, 0, 0, 0, 0, 0, 0, 0, 0, 84]","""[0, 8, 3, 1, 6, 4, 8, 12, 9, 10, 9, 68, 20, 84, 26, 19, 22, 72, 76, 56, 83, 0]"""
j10,1,reactive,600,True,37,0.057761430740356445,0.07539081573486328,"[0, 0, 0, 0, 3, 3, 3, 15, 13, 27, 3, 0, 0, 0, 0, 0, 0, 0, 0, 0, 0, 37]","[0, 8, 3, 1, 6, 4, 8, 12, 9, 10, 9, 68, 20, 84, 26, 19, 22, 72, 76, 56, 83, 0]"
j10,1,stnu,600,True,31,0.7795565128326416,0.014129161834716797,"[0, 0, 0, 0, 3, 3, 1, 9, 9, 21, 3, 0, 0, 0, 0, 0, 0, 0, 0, 0, 0, 31]","""[0, 8, 3, 1, 6, 4, 8, 12, 9, 10, 9, 68, 20, 84, 26, 19, 22, 72, 76, 56, 83, 0]"""
j10,1,proactive_robust,600,True,39,0.05321526527404785,0.0011539459228515625,"[0, 0, 0, 0, 3, 3, 3, 15, 13, 27, 3, 0, 0, 0, 0, 0, 0, 0, 0, 0, 0, 84]","""[0, 13, 1, 3, 10, 4, 12, 11, 5, 10, 8, 68, 20, 84, 26, 19, 22, 72, 76, 56, 83, 0]"""
j10,1,reactive,600,True,37,0.05321526527404785,0.06244349479675293,"[0, 0, 0, 0, 3, 3, 3, 15, 13, 27, 3, 0, 0, 0, 0, 0, 0, 0, 0, 0, 0, 37]","[0, 13, 1, 3, 10, 4, 12, 11, 5, 10, 8, 68, 20, 84, 26, 19, 22, 72, 76, 56, 83, 0]"
j10,1,stnu,600,True,36,0.7676079273223877,0.014118194580078125,"[0, 0, 0, 0, 3, 3, 3, 15, 13, 26, 1, 0, 0, 0, 0, 0, 0, 0, 0, 0, 0, 36]","""[0, 13, 1, 3, 10, 4, 12, 11, 5, 10, 8, 68, 20, 84, 26, 19, 22, 72, 76, 56, 83, 0]"""
j10,1,proactive_robust,600,True,39,0.06075644493103027,0.0011560916900634766,"[0, 0, 0, 0, 3, 3, 3, 15, 13, 27, 3, 0, 0, 0, 0, 0, 0, 0, 0, 0, 0, 84]","""[0, 10, 2, 3, 8, 7, 12, 11, 8, 9, 9, 68, 20, 84, 26, 19, 22, 72, 76, 56, 83, 0]"""
j10,1,reactive,600,True,36,0.06075644493103027,0.17263317108154297,"[0, 0, 0, 0, 3, 3, 3, 15, 13, 27, 3, 0, 0, 0, 0, 0, 0, 0, 0, 0, 0, 36]","[0, 10, 2, 3, 8, 7, 12, 11, 8, 9, 9, 68, 20, 84, 26, 19, 22, 72, 76, 56, 83, 0]"
j10,1,stnu,600,True,35,0.7732961177825928,0.01397705078125,"[0, 0, 0, 0, 3, 3, 3, 15, 11, 26, 2, 0, 0, 0, 0, 0, 0, 0, 0, 0, 0, 35]","""[0, 10, 2, 3, 8, 7, 12, 11, 8, 9, 9, 68, 20, 84, 26, 19, 22, 72, 76, 56, 83, 0]"""
j10,1,proactive_robust,600,True,39,0.05582928657531738,0.001146078109741211,"[0, 0, 0, 0, 3, 3, 3, 15, 13, 27, 3, 0, 0, 0, 0, 0, 0, 0, 0, 0, 0, 84]","""[0, 13, 3, 3, 7, 6, 7, 6, 8, 10, 8, 68, 20, 84, 26, 19, 22, 72, 76, 56, 83, 0]"""
j10,1,reactive,600,True,37,0.05582928657531738,0.06565070152282715,"[0, 0, 0, 0, 3, 3, 3, 15, 13, 27, 3, 0, 0, 0, 0, 0, 0, 0, 0, 0, 0, 37]","[0, 13, 3, 3, 7, 6, 7, 6, 8, 10, 8, 68, 20, 84, 26, 19, 22, 72, 76, 56, 83, 0]"
j10,1,stnu,600,True,31,0.8128321170806885,0.01409459114074707,"[0, 0, 0, 0, 3, 3, 3, 13, 13, 21, 3, 0, 0, 0, 0, 0, 0, 0, 0, 0, 0, 31]","""[0, 13, 3, 3, 7, 6, 7, 6, 8, 10, 8, 68, 20, 84, 26, 19, 22, 72, 76, 56, 83, 0]"""
j10,1,proactive_robust,600,True,39,0.05494117736816406,0.0011715888977050781,"[0, 0, 0, 0, 3, 3, 3, 15, 13, 27, 3, 0, 0, 0, 0, 0, 0, 0, 0, 0, 0, 84]","""[0, 13, 3, 3, 6, 4, 10, 6, 6, 6, 7, 68, 20, 84, 26, 19, 22, 72, 76, 56, 83, 0]"""
j10,1,reactive,600,True,27,0.05494117736816406,0.06280875205993652,"[0, 0, 0, 0, 3, 3, 3, 15, 13, 21, 3, 0, 0, 0, 0, 0, 0, 0, 0, 0, 0, 27]","[0, 13, 3, 3, 6, 4, 10, 6, 6, 6, 7, 68, 20, 84, 26, 19, 22, 72, 76, 56, 83, 0]"
j10,1,stnu,600,True,25,0.7731571197509766,0.014113187789916992,"[0, 0, 0, 0, 3, 3, 3, 13, 13, 19, 3, 0, 0, 0, 0, 0, 0, 0, 0, 0, 0, 25]","""[0, 13, 3, 3, 6, 4, 10, 6, 6, 6, 7, 68, 20, 84, 26, 19, 22, 72, 76, 56, 83, 0]"""
j10,1,proactive_robust,600,True,39,0.055325984954833984,0.0011434555053710938,"[0, 0, 0, 0, 3, 3, 3, 15, 13, 27, 3, 0, 0, 0, 0, 0, 0, 0, 0, 0, 0, 84]","""[0, 9, 3, 3, 5, 6, 11, 8, 4, 7, 8, 68, 20, 84, 26, 19, 22, 72, 76, 56, 83, 0]"""
j10,1,reactive,600,True,34,0.055325984954833984,0.07449865341186523,"[0, 0, 0, 0, 3, 3, 3, 15, 13, 27, 3, 0, 0, 0, 0, 0, 0, 0, 0, 0, 0, 34]","[0, 9, 3, 3, 5, 6, 11, 8, 4, 7, 8, 68, 20, 84, 26, 19, 22, 72, 76, 56, 83, 0]"
j10,1,stnu,600,True,29,0.7724401950836182,0.014078855514526367,"[0, 0, 0, 0, 3, 3, 3, 14, 9, 22, 3, 0, 0, 0, 0, 0, 0, 0, 0, 0, 0, 29]","""[0, 9, 3, 3, 5, 6, 11, 8, 4, 7, 8, 68, 20, 84, 26, 19, 22, 72, 76, 56, 83, 0]"""
j10,1,proactive_robust,600,True,39,0.05804133415222168,0.0011858940124511719,"[0, 0, 0, 0, 3, 3, 3, 15, 13, 27, 3, 0, 0, 0, 0, 0, 0, 0, 0, 0, 0, 84]","""[0, 10, 2, 3, 9, 7, 12, 7, 8, 11, 7, 68, 20, 84, 26, 19, 22, 72, 76, 56, 83, 0]"""
j10,1,reactive,600,True,38,0.05804133415222168,0.07748079299926758,"[0, 0, 0, 0, 3, 3, 3, 15, 13, 27, 3, 0, 0, 0, 0, 0, 0, 0, 0, 0, 0, 38]","[0, 10, 2, 3, 9, 7, 12, 7, 8, 11, 7, 68, 20, 84, 26, 19, 22, 72, 76, 56, 83, 0]"
j10,1,stnu,600,True,33,0.7959246635437012,0.01416468620300293,"[0, 0, 0, 0, 3, 3, 3, 15, 12, 22, 2, 0, 0, 0, 0, 0, 0, 0, 0, 0, 0, 33]","""[0, 10, 2, 3, 9, 7, 12, 7, 8, 11, 7, 68, 20, 84, 26, 19, 22, 72, 76, 56, 83, 0]"""
j10,1,proactive_robust,600,True,39,0.05953693389892578,0.0011363029479980469,"[0, 0, 0, 0, 3, 3, 3, 15, 13, 27, 3, 0, 0, 0, 0, 0, 0, 0, 0, 0, 0, 84]","""[0, 11, 1, 2, 9, 4, 6, 12, 8, 7, 6, 68, 20, 84, 26, 19, 22, 72, 76, 56, 83, 0]"""
j10,1,reactive,600,True,34,0.05953693389892578,0.10123944282531738,"[0, 0, 0, 0, 3, 3, 3, 15, 13, 27, 3, 0, 0, 0, 0, 0, 0, 0, 0, 0, 0, 34]","[0, 11, 1, 2, 9, 4, 6, 12, 8, 7, 6, 68, 20, 84, 26, 19, 22, 72, 76, 56, 83, 0]"
j10,1,stnu,600,True,30,0.9004924297332764,0.014083623886108398,"[0, 0, 0, 0, 2, 2, 2, 11, 11, 23, 1, 0, 0, 0, 0, 0, 0, 0, 0, 0, 0, 30]","""[0, 11, 1, 2, 9, 4, 6, 12, 8, 7, 6, 68, 20, 84, 26, 19, 22, 72, 76, 56, 83, 0]"""
j10,1,proactive_robust,600,True,39,0.05833578109741211,0.0011646747589111328,"[0, 0, 0, 0, 3, 3, 3, 15, 13, 27, 3, 0, 0, 0, 0, 0, 0, 0, 0, 0, 0, 84]","""[0, 10, 3, 3, 10, 8, 10, 9, 9, 9, 9, 68, 20, 84, 26, 19, 22, 72, 76, 56, 83, 0]"""
j10,1,reactive,600,True,36,0.05833578109741211,0.05646920204162598,"[0, 0, 0, 0, 3, 3, 3, 15, 13, 27, 3, 0, 0, 0, 0, 0, 0, 0, 0, 0, 0, 36]","[0, 10, 3, 3, 10, 8, 10, 9, 9, 9, 9, 68, 20, 84, 26, 19, 22, 72, 76, 56, 83, 0]"
j10,1,stnu,600,True,31,0.7573518753051758,0.01403951644897461,"[0, 0, 0, 0, 3, 3, 3, 13, 13, 22, 3, 0, 0, 0, 0, 0, 0, 0, 0, 0, 0, 31]","""[0, 10, 3, 3, 10, 8, 10, 9, 9, 9, 9, 68, 20, 84, 26, 19, 22, 72, 76, 56, 83, 0]"""
j10,1,proactive_robust,600,True,39,0.057466745376586914,0.0011417865753173828,"[0, 0, 0, 0, 3, 3, 3, 15, 13, 27, 3, 0, 0, 0, 0, 0, 0, 0, 0, 0, 0, 84]","""[0, 9, 1, 1, 6, 4, 6, 9, 9, 7, 9, 68, 20, 84, 26, 19, 22, 72, 76, 56, 83, 0]"""
j10,1,reactive,600,True,34,0.057466745376586914,0.09877967834472656,"[0, 0, 0, 0, 3, 3, 3, 15, 13, 27, 3, 0, 0, 0, 0, 0, 0, 0, 0, 0, 0, 34]","[0, 9, 1, 1, 6, 4, 6, 9, 9, 7, 9, 68, 20, 84, 26, 19, 22, 72, 76, 56, 83, 0]"
j10,1,stnu,600,True,25,0.8717184066772461,0.01623702049255371,"[0, 0, 0, 0, 1, 1, 1, 9, 9, 18, 1, 0, 0, 0, 0, 0, 0, 0, 0, 0, 0, 25]","""[0, 9, 1, 1, 6, 4, 6, 9, 9, 7, 9, 68, 20, 84, 26, 19, 22, 72, 76, 56, 83, 0]"""
j10,1,proactive_robust,600,True,34,0.06310129165649414,0.0006365776062011719,"[0, 0, 0, 3, 18, 11, 11, 12, 25, 19, 19, 0, 0, 0, 0, 0, 0, 0, 67]","""[0, 1, 8, 3, 5, 5, 2, 7, 7, 5, 3, 3, 15, 36, 67, 39, 26, 59, 0]"""
j10,1,reactive,600,True,32,0.06310129165649414,0.1580948829650879,"[0, 0, 0, 3, 18, 11, 11, 12, 25, 19, 19, 0, 0, 0, 0, 0, 0, 0, 32]","[0, 1, 8, 3, 5, 5, 2, 7, 7, 5, 3, 3, 15, 36, 67, 39, 26, 59, 0]"
j10,1,stnu,600,True,25,0.7820348739624023,0.011134624481201172,"[0, 0, 0, 1, 8, 4, 4, 8, 18, 15, 15, 0, 0, 0, 0, 0, 0, 0, 25]","""[0, 1, 8, 3, 5, 5, 2, 7, 7, 5, 3, 3, 15, 36, 67, 39, 26, 59, 0]"""
j10,1,proactive_robust,600,True,34,0.06260800361633301,0.0006256103515625,"[0, 0, 0, 3, 18, 11, 11, 12, 25, 19, 19, 0, 0, 0, 0, 0, 0, 0, 67]","""[0, 2, 6, 7, 2, 8, 2, 4, 7, 6, 1, 3, 15, 36, 67, 39, 26, 59, 0]"""
j10,1,reactive,600,True,32,0.06260800361633301,0.16506338119506836,"[0, 0, 0, 3, 18, 11, 11, 12, 25, 19, 19, 0, 0, 0, 0, 0, 0, 0, 32]","[0, 2, 6, 7, 2, 8, 2, 4, 7, 6, 1, 3, 15, 36, 67, 39, 26, 59, 0]"
j10,1,stnu,600,True,25,0.7960360050201416,0.011099815368652344,"[0, 0, 0, 2, 11, 9, 9, 9, 18, 17, 17, 0, 0, 0, 0, 0, 0, 0, 25]","""[0, 2, 6, 7, 2, 8, 2, 4, 7, 6, 1, 3, 15, 36, 67, 39, 26, 59, 0]"""
j10,1,proactive_robust,600,True,34,0.06073141098022461,0.0006256103515625,"[0, 0, 0, 3, 18, 11, 11, 12, 25, 19, 19, 0, 0, 0, 0, 0, 0, 0, 67]","""[0, 3, 10, 5, 3, 7, 2, 7, 8, 3, 3, 3, 15, 36, 67, 39, 26, 59, 0]"""
j10,1,reactive,600,True,33,0.06073141098022461,0.11539316177368164,"[0, 0, 0, 3, 18, 11, 11, 12, 25, 19, 19, 0, 0, 0, 0, 0, 0, 0, 33]","[0, 3, 10, 5, 3, 7, 2, 7, 8, 3, 3, 3, 15, 36, 67, 39, 26, 59, 0]"
j10,1,stnu,600,True,28,0.7893869876861572,0.010859251022338867,"[0, 0, 0, 3, 10, 8, 8, 10, 20, 17, 17, 0, 0, 0, 0, 0, 0, 0, 28]","""[0, 3, 10, 5, 3, 7, 2, 7, 8, 3, 3, 3, 15, 36, 67, 39, 26, 59, 0]"""
j10,1,proactive_robust,600,True,34,0.06626558303833008,0.0006492137908935547,"[0, 0, 0, 3, 18, 11, 11, 12, 25, 19, 19, 0, 0, 0, 0, 0, 0, 0, 67]","""[0, 2, 12, 5, 6, 6, 7, 5, 9, 6, 3, 3, 15, 36, 67, 39, 26, 59, 0]"""
j10,1,reactive,600,True,33,0.06626558303833008,0.0949559211730957,"[0, 0, 0, 3, 18, 11, 11, 12, 24, 19, 19, 0, 0, 0, 0, 0, 0, 0, 33]","[0, 2, 12, 5, 6, 6, 7, 5, 9, 6, 3, 3, 15, 36, 67, 39, 26, 59, 0]"
j10,1,stnu,600,True,29,0.8092501163482666,0.011001348495483398,"[0, 0, 0, 2, 14, 7, 7, 12, 20, 17, 17, 0, 0, 0, 0, 0, 0, 0, 29]","""[0, 2, 12, 5, 6, 6, 7, 5, 9, 6, 3, 3, 15, 36, 67, 39, 26, 59, 0]"""
j10,1,proactive_robust,600,True,34,0.06360721588134766,0.0006277561187744141,"[0, 0, 0, 3, 18, 11, 11, 12, 25, 19, 19, 0, 0, 0, 0, 0, 0, 0, 67]","""[0, 2, 6, 4, 2, 3, 6, 2, 9, 5, 1, 3, 15, 36, 67, 39, 26, 59, 0]"""
j10,1,reactive,600,True,29,0.06360721588134766,0.17882919311523438,"[0, 0, 0, 3, 18, 11, 11, 12, 20, 19, 19, 0, 0, 0, 0, 0, 0, 0, 29]","[0, 2, 6, 4, 2, 3, 6, 2, 9, 5, 1, 3, 15, 36, 67, 39, 26, 59, 0]"
j10,1,stnu,600,True,23,0.860314130783081,0.010985136032104492,"[0, 0, 0, 2, 12, 6, 6, 6, 14, 12, 12, 0, 0, 0, 0, 0, 0, 0, 23]","""[0, 2, 6, 4, 2, 3, 6, 2, 9, 5, 1, 3, 15, 36, 67, 39, 26, 59, 0]"""
j10,1,proactive_robust,600,True,34,0.0616459846496582,0.0006289482116699219,"[0, 0, 0, 3, 18, 11, 11, 12, 25, 19, 19, 0, 0, 0, 0, 0, 0, 0, 67]","""[0, 1, 7, 5, 5, 3, 5, 6, 5, 4, 3, 3, 15, 36, 67, 39, 26, 59, 0]"""
j10,1,reactive,600,True,28,0.0616459846496582,0.18018054962158203,"[0, 0, 0, 3, 18, 11, 11, 12, 23, 19, 19, 0, 0, 0, 0, 0, 0, 0, 28]","[0, 1, 7, 5, 5, 3, 5, 6, 5, 4, 3, 3, 15, 36, 67, 39, 26, 59, 0]"
j10,1,stnu,600,True,21,0.7719886302947998,0.010966300964355469,"[0, 0, 0, 1, 11, 6, 6, 7, 16, 13, 13, 0, 0, 0, 0, 0, 0, 0, 21]","""[0, 1, 7, 5, 5, 3, 5, 6, 5, 4, 3, 3, 15, 36, 67, 39, 26, 59, 0]"""
j10,1,proactive_robust,600,True,34,0.058614492416381836,0.000640869140625,"[0, 0, 0, 3, 18, 11, 11, 12, 25, 19, 19, 0, 0, 0, 0, 0, 0, 0, 67]","""[0, 2, 10, 7, 4, 3, 5, 5, 6, 8, 2, 3, 15, 36, 67, 39, 26, 59, 0]"""
j10,1,reactive,600,True,28,0.058614492416381836,0.13292717933654785,"[0, 0, 0, 3, 18, 11, 11, 12, 22, 19, 19, 0, 0, 0, 0, 0, 0, 0, 28]","[0, 2, 10, 7, 4, 3, 5, 5, 6, 8, 2, 3, 15, 36, 67, 39, 26, 59, 0]"
j10,1,stnu,600,True,24,0.7694342136383057,0.010946512222290039,"[0, 0, 0, 2, 14, 9, 9, 10, 18, 15, 15, 0, 0, 0, 0, 0, 0, 0, 24]","""[0, 2, 10, 7, 4, 3, 5, 5, 6, 8, 2, 3, 15, 36, 67, 39, 26, 59, 0]"""
j10,1,proactive_robust,600,True,34,0.06629037857055664,0.0006394386291503906,"[0, 0, 0, 3, 18, 11, 11, 12, 25, 19, 19, 0, 0, 0, 0, 0, 0, 0, 67]","""[0, 2, 7, 6, 6, 5, 7, 7, 8, 6, 1, 3, 15, 36, 67, 39, 26, 59, 0]"""
j10,1,reactive,600,True,33,0.06629037857055664,0.12447094917297363,"[0, 0, 0, 3, 18, 11, 11, 12, 25, 19, 19, 0, 0, 0, 0, 0, 0, 0, 33]","[0, 2, 7, 6, 6, 5, 7, 7, 8, 6, 1, 3, 15, 36, 67, 39, 26, 59, 0]"
j10,1,stnu,600,True,29,0.8105382919311523,0.010997533798217773,"[0, 0, 0, 2, 15, 8, 8, 8, 21, 15, 15, 0, 0, 0, 0, 0, 0, 0, 29]","""[0, 2, 7, 6, 6, 5, 7, 7, 8, 6, 1, 3, 15, 36, 67, 39, 26, 59, 0]"""
j10,1,proactive_robust,600,True,34,0.06209897994995117,0.0006213188171386719,"[0, 0, 0, 3, 18, 11, 11, 12, 25, 19, 19, 0, 0, 0, 0, 0, 0, 0, 67]","""[0, 2, 10, 3, 4, 7, 2, 6, 4, 5, 3, 3, 15, 36, 67, 39, 26, 59, 0]"""
j10,1,reactive,600,True,26,0.06209897994995117,0.16084790229797363,"[0, 0, 0, 3, 18, 11, 11, 12, 22, 19, 19, 0, 0, 0, 0, 0, 0, 0, 26]","[0, 2, 10, 3, 4, 7, 2, 6, 4, 5, 3, 3, 15, 36, 67, 39, 26, 59, 0]"
j10,1,stnu,600,True,23,0.8219320774078369,0.011059284210205078,"[0, 0, 0, 2, 10, 5, 5, 10, 19, 16, 16, 0, 0, 0, 0, 0, 0, 0, 23]","""[0, 2, 10, 3, 4, 7, 2, 6, 4, 5, 3, 3, 15, 36, 67, 39, 26, 59, 0]"""
j10,1,proactive_robust,600,True,34,0.060013771057128906,0.0006504058837890625,"[0, 0, 0, 3, 18, 11, 11, 12, 25, 19, 19, 0, 0, 0, 0, 0, 0, 0, 67]","""[0, 3, 6, 8, 4, 6, 3, 6, 9, 8, 2, 3, 15, 36, 67, 39, 26, 59, 0]"""
j10,1,reactive,600,True,26,0.060013771057128906,0.10969233512878418,"[0, 0, 0, 3, 6, 11, 11, 12, 17, 18, 14, 0, 0, 0, 0, 0, 0, 0, 26]","[0, 3, 6, 8, 4, 6, 3, 6, 9, 8, 2, 3, 15, 36, 67, 39, 26, 59, 0]"
j10,1,stnu,600,True,28,0.9116475582122803,0.010940313339233398,"[0, 0, 0, 3, 14, 11, 11, 11, 19, 17, 17, 0, 0, 0, 0, 0, 0, 0, 28]","""[0, 3, 6, 8, 4, 6, 3, 6, 9, 8, 2, 3, 15, 36, 67, 39, 26, 59, 0]"""
j10,1,proactive_robust,600,True,39,0.0567166805267334,0.0003001689910888672,"[0, 0, 0, 0, 4, 11, 15, 23, 11, 15, 31, 0, 61]","""[0, 2, 2, 6, 6, 2, 8, 6, 6, 4, 8, 61, 0]"""
j10,1,reactive,600,True,37,0.0567166805267334,0.09889459609985352,"[0, 0, 0, 0, 4, 11, 15, 23, 11, 15, 29, 0, 37]","[0, 2, 2, 6, 6, 2, 8, 6, 6, 4, 8, 61, 0]"
j10,1,stnu,600,True,32,0.7764544486999512,0.00543212890625,"[0, 0, 0, 0, 2, 8, 10, 18, 8, 10, 24, 0, 32]","""[0, 2, 2, 6, 6, 2, 8, 6, 6, 4, 8, 61, 0]"""
j10,1,proactive_robust,600,True,39,0.06031322479248047,0.00028443336486816406,"[0, 0, 0, 0, 4, 11, 15, 23, 11, 15, 31, 0, 61]","""[0, 3, 2, 8, 4, 4, 6, 4, 2, 5, 5, 61, 0]"""
j10,1,reactive,600,True,36,0.06031322479248047,0.11107230186462402,"[0, 0, 0, 0, 4, 11, 15, 23, 11, 15, 31, 0, 36]","[0, 3, 2, 8, 4, 4, 6, 4, 2, 5, 5, 61, 0]"
j10,1,stnu,600,True,26,0.7347769737243652,0.0055315494537353516,"[0, 0, 0, 0, 3, 7, 11, 17, 8, 11, 21, 0, 26]","""[0, 3, 2, 8, 4, 4, 6, 4, 2, 5, 5, 61, 0]"""
j10,1,proactive_robust,600,True,39,0.0572667121887207,0.0002899169921875,"[0, 0, 0, 0, 4, 11, 15, 23, 11, 15, 31, 0, 61]","""[0, 2, 1, 3, 3, 2, 8, 7, 5, 6, 4, 61, 0]"""
j10,1,reactive,600,True,35,0.0572667121887207,0.12984442710876465,"[0, 0, 0, 0, 4, 11, 15, 23, 11, 15, 31, 0, 35]","[0, 2, 1, 3, 3, 2, 8, 7, 5, 6, 4, 61, 0]"
j10,1,stnu,600,True,26,0.7306783199310303,0.005519390106201172,"[0, 0, 0, 0, 2, 5, 7, 15, 5, 7, 22, 0, 26]","""[0, 2, 1, 3, 3, 2, 8, 7, 5, 6, 4, 61, 0]"""
j10,1,proactive_robust,600,True,39,0.05851459503173828,0.00027823448181152344,"[0, 0, 0, 0, 4, 11, 15, 23, 11, 15, 31, 0, 61]","""[0, 3, 1, 6, 4, 2, 6, 3, 5, 4, 4, 61, 0]"""
j10,1,reactive,600,True,30,0.05851459503173828,0.13855957984924316,"[0, 0, 0, 0, 4, 11, 15, 23, 11, 15, 26, 0, 30]","[0, 3, 1, 6, 4, 2, 6, 3, 5, 4, 4, 61, 0]"
j10,1,stnu,600,True,22,0.7550461292266846,0.00550532341003418,"[0, 0, 0, 0, 3, 7, 9, 15, 7, 9, 18, 0, 22]","""[0, 3, 1, 6, 4, 2, 6, 3, 5, 4, 4, 61, 0]"""
j10,1,proactive_robust,600,True,39,0.05316472053527832,0.0002892017364501953,"[0, 0, 0, 0, 4, 11, 15, 23, 11, 15, 31, 0, 61]","""[0, 4, 1, 3, 7, 3, 4, 4, 3, 6, 8, 61, 0]"""
j10,1,reactive,600,True,31,0.05316472053527832,0.08233857154846191,"[0, 0, 0, 0, 4, 11, 15, 19, 11, 15, 23, 0, 31]","[0, 4, 1, 3, 7, 3, 4, 4, 3, 6, 8, 61, 0]"
j10,1,stnu,600,True,32,0.7608315944671631,0.00547480583190918,"[0, 0, 0, 0, 4, 11, 14, 20, 11, 14, 24, 0, 32]","""[0, 4, 1, 3, 7, 3, 4, 4, 3, 6, 8, 61, 0]"""
j10,1,proactive_robust,600,True,39,0.08837127685546875,0.000274658203125,"[0, 0, 0, 0, 4, 11, 15, 23, 11, 15, 31, 0, 61]","""[0, 1, 2, 7, 2, 1, 3, 8, 5, 3, 3, 61, 0]"""
j10,1,reactive,600,True,34,0.08837127685546875,0.14717769622802734,"[0, 0, 0, 0, 4, 11, 15, 23, 11, 15, 31, 0, 34]","[0, 1, 2, 7, 2, 1, 3, 8, 5, 3, 3, 61, 0]"
j10,1,stnu,600,True,21,0.7284200191497803,0.005442619323730469,"[0, 0, 0, 0, 2, 4, 7, 10, 7, 7, 18, 0, 21]","""[0, 1, 2, 7, 2, 1, 3, 8, 5, 3, 3, 61, 0]"""
j10,1,proactive_robust,600,True,39,0.055418968200683594,0.0002677440643310547,"[0, 0, 0, 0, 4, 11, 15, 23, 11, 15, 31, 0, 61]","""[0, 1, 1, 3, 7, 1, 4, 3, 2, 7, 3, 61, 0]"""
j10,1,reactive,600,True,29,0.055418968200683594,0.11563301086425781,"[0, 0, 0, 0, 4, 11, 15, 23, 11, 15, 26, 0, 29]","[0, 1, 1, 3, 7, 1, 4, 3, 2, 7, 3, 61, 0]"
j10,1,stnu,600,True,22,0.7347733974456787,0.005552530288696289,"[0, 0, 0, 0, 1, 8, 9, 16, 8, 9, 19, 0, 22]","""[0, 1, 1, 3, 7, 1, 4, 3, 2, 7, 3, 61, 0]"""
j10,1,proactive_robust,600,True,39,0.058104753494262695,0.00027751922607421875,"[0, 0, 0, 0, 4, 11, 15, 23, 11, 15, 31, 0, 61]","""[0, 1, 3, 4, 4, 4, 4, 4, 3, 6, 4, 61, 0]"""
j10,1,reactive,600,True,31,0.058104753494262695,0.11098146438598633,"[0, 0, 0, 0, 4, 11, 15, 23, 11, 15, 27, 0, 31]","[0, 1, 3, 4, 4, 4, 4, 4, 3, 6, 4, 61, 0]"
j10,1,stnu,600,True,25,0.7758870124816895,0.00555109977722168,"[0, 0, 0, 0, 3, 7, 11, 17, 7, 11, 21, 0, 25]","""[0, 1, 3, 4, 4, 4, 4, 4, 3, 6, 4, 61, 0]"""
j10,1,proactive_robust,600,True,39,0.05621623992919922,0.0003097057342529297,"[0, 0, 0, 0, 4, 11, 15, 23, 11, 15, 31, 0, 61]","""[0, 3, 3, 5, 5, 4, 7, 7, 4, 3, 6, 61, 0]"""
j10,1,reactive,600,True,37,0.05621623992919922,0.10440802574157715,"[0, 0, 0, 0, 4, 11, 15, 23, 11, 15, 31, 0, 37]","[0, 3, 3, 5, 5, 4, 7, 7, 4, 3, 6, 61, 0]"
j10,1,stnu,600,True,32,0.8284828662872314,0.005442142486572266,"[0, 0, 0, 0, 3, 8, 12, 19, 8, 12, 26, 0, 32]","""[0, 3, 3, 5, 5, 4, 7, 7, 4, 3, 6, 61, 0]"""
j10,1,proactive_robust,600,True,39,0.06200242042541504,0.00030350685119628906,"[0, 0, 0, 0, 4, 11, 15, 23, 11, 15, 31, 0, 61]","""[0, 3, 3, 5, 3, 4, 7, 6, 6, 8, 5, 61, 0]"""
j10,1,reactive,600,True,36,0.06200242042541504,0.07947635650634766,"[0, 0, 0, 0, 4, 11, 15, 23, 11, 15, 31, 0, 36]","[0, 3, 3, 5, 3, 4, 7, 6, 6, 8, 5, 61, 0]"
j10,1,stnu,600,True,29,0.7333166599273682,0.005539417266845703,"[0, 0, 0, 0, 3, 6, 10, 18, 6, 10, 24, 0, 29]","""[0, 3, 3, 5, 3, 4, 7, 6, 6, 8, 5, 61, 0]"""
j10,1,proactive_robust,600,True,40,0.06267523765563965,0.00046515464782714844,"[0, 4, 0, 0, 13, 25, 4, 4, 28, 25, 8, 0, 0, 0, 84]","""[0, 8, 8, 1, 9, 1, 7, 12, 9, 2, 3, 51, 12, 84, 0]"""
j10,1,reactive,600,True,37,0.06267523765563965,0.07024502754211426,"[0, 4, 0, 0, 13, 25, 4, 4, 28, 25, 8, 0, 0, 0, 37]","[0, 8, 8, 1, 9, 1, 7, 12, 9, 2, 3, 51, 12, 84, 0]"
j10,1,stnu,600,True,28,0.8876714706420898,0.006770610809326172,"[0, 1, 0, 0, 9, 18, 1, 1, 19, 18, 8, 0, 0, 0, 28]","""[0, 8, 8, 1, 9, 1, 7, 12, 9, 2, 3, 51, 12, 84, 0]"""
j10,1,proactive_robust,600,True,40,0.06349349021911621,0.00046706199645996094,"[0, 4, 0, 0, 13, 25, 4, 4, 28, 25, 8, 0, 0, 0, 84]","""[0, 9, 3, 2, 8, 1, 3, 10, 8, 7, 2, 51, 12, 84, 0]"""
j10,1,reactive,600,True,36,0.06349349021911621,0.09048748016357422,"[0, 4, 0, 0, 13, 25, 4, 4, 28, 25, 8, 0, 0, 0, 36]","[0, 9, 3, 2, 8, 1, 3, 10, 8, 7, 2, 51, 12, 84, 0]"
j10,1,stnu,600,True,28,0.7563035488128662,0.006756305694580078,"[0, 2, 0, 0, 11, 19, 2, 2, 20, 19, 3, 0, 0, 0, 28]","""[0, 9, 3, 2, 8, 1, 3, 10, 8, 7, 2, 51, 12, 84, 0]"""
j10,1,proactive_robust,600,True,40,0.058950185775756836,0.0004668235778808594,"[0, 4, 0, 0, 13, 25, 4, 4, 28, 25, 8, 0, 0, 0, 84]","""[0, 4, 4, 2, 11, 3, 3, 10, 10, 3, 7, 51, 12, 84, 0]"""
j10,1,reactive,600,True,38,0.058950185775756836,0.0908968448638916,"[0, 4, 0, 0, 13, 25, 4, 4, 28, 25, 8, 0, 0, 0, 38]","[0, 4, 4, 2, 11, 3, 3, 10, 10, 3, 7, 51, 12, 84, 0]"
j10,1,stnu,600,True,30,0.747460126876831,0.006693601608276367,"[0, 2, 0, 0, 6, 17, 2, 2, 20, 17, 4, 0, 0, 0, 30]","""[0, 4, 4, 2, 11, 3, 3, 10, 10, 3, 7, 51, 12, 84, 0]"""
j10,1,proactive_robust,600,True,40,0.05984950065612793,0.0004565715789794922,"[0, 4, 0, 0, 13, 25, 4, 4, 28, 25, 8, 0, 0, 0, 84]","""[0, 6, 3, 1, 6, 2, 3, 6, 9, 7, 3, 51, 12, 84, 0]"""
j10,1,reactive,600,True,37,0.05984950065612793,0.10730123519897461,"[0, 4, 0, 0, 13, 25, 4, 4, 28, 25, 8, 0, 0, 0, 37]","[0, 6, 3, 1, 6, 2, 3, 6, 9, 7, 3, 51, 12, 84, 0]"
j10,1,stnu,600,True,24,0.7504003047943115,0.006741523742675781,"[0, 1, 0, 0, 7, 13, 1, 1, 15, 13, 3, 0, 0, 0, 24]","""[0, 6, 3, 1, 6, 2, 3, 6, 9, 7, 3, 51, 12, 84, 0]"""
j10,1,proactive_robust,600,True,40,0.061342716217041016,0.00046181678771972656,"[0, 4, 0, 0, 13, 25, 4, 4, 28, 25, 8, 0, 0, 0, 84]","""[0, 7, 6, 4, 11, 2, 7, 8, 8, 5, 2, 51, 12, 84, 0]"""
j10,1,reactive,600,True,36,0.061342716217041016,0.07492971420288086,"[0, 4, 0, 0, 13, 25, 4, 4, 28, 25, 8, 0, 0, 0, 36]","[0, 7, 6, 4, 11, 2, 7, 8, 8, 5, 2, 51, 12, 84, 0]"
j10,1,stnu,600,True,32,0.737023115158081,0.006879568099975586,"[0, 4, 0, 0, 11, 22, 4, 4, 24, 22, 6, 0, 0, 0, 32]","""[0, 7, 6, 4, 11, 2, 7, 8, 8, 5, 2, 51, 12, 84, 0]"""
j10,1,proactive_robust,600,True,40,0.06044602394104004,0.0004699230194091797,"[0, 4, 0, 0, 13, 25, 4, 4, 28, 25, 8, 0, 0, 0, 84]","""[0, 9, 3, 2, 6, 1, 4, 7, 12, 7, 3, 51, 12, 84, 0]"""
j10,1,reactive,600,True,32,0.06044602394104004,0.07858085632324219,"[0, 4, 0, 0, 13, 19, 4, 4, 20, 19, 8, 0, 0, 0, 32]","[0, 9, 3, 2, 6, 1, 4, 7, 12, 7, 3, 51, 12, 84, 0]"
j10,1,stnu,600,True,30,0.7239983081817627,0.0066912174224853516,"[0, 2, 0, 0, 11, 17, 2, 2, 18, 17, 3, 0, 0, 0, 30]","""[0, 9, 3, 2, 6, 1, 4, 7, 12, 7, 3, 51, 12, 84, 0]"""
j10,1,proactive_robust,600,True,40,0.06264305114746094,0.00045108795166015625,"[0, 4, 0, 0, 13, 25, 4, 4, 28, 25, 8, 0, 0, 0, 84]","""[0, 6, 4, 3, 7, 1, 4, 11, 6, 3, 6, 51, 12, 84, 0]"""
j10,1,reactive,600,True,32,0.06264305114746094,0.1117253303527832,"[0, 4, 0, 0, 13, 25, 4, 4, 26, 25, 8, 0, 0, 0, 32]","[0, 6, 4, 3, 7, 1, 4, 11, 6, 3, 6, 51, 12, 84, 0]"
j10,1,stnu,600,True,23,0.7242496013641357,0.006811618804931641,"[0, 3, 0, 0, 9, 16, 3, 3, 17, 16, 4, 0, 0, 0, 23]","""[0, 6, 4, 3, 7, 1, 4, 11, 6, 3, 6, 51, 12, 84, 0]"""
j10,1,proactive_robust,600,True,40,0.05932497978210449,0.0004572868347167969,"[0, 4, 0, 0, 13, 25, 4, 4, 28, 25, 8, 0, 0, 0, 84]","""[0, 6, 4, 2, 7, 3, 6, 8, 10, 5, 4, 51, 12, 84, 0]"""
j10,1,reactive,600,True,38,0.05932497978210449,0.10140204429626465,"[0, 4, 0, 0, 13, 25, 4, 4, 28, 25, 8, 0, 0, 0, 38]","[0, 6, 4, 2, 7, 3, 6, 8, 10, 5, 4, 51, 12, 84, 0]"
j10,1,stnu,600,True,28,0.7347338199615479,0.0067179203033447266,"[0, 2, 0, 0, 8, 15, 2, 2, 18, 15, 4, 0, 0, 0, 28]","""[0, 6, 4, 2, 7, 3, 6, 8, 10, 5, 4, 51, 12, 84, 0]"""
j10,1,proactive_robust,600,True,40,0.060892343521118164,0.0004801750183105469,"[0, 4, 0, 0, 13, 25, 4, 4, 28, 25, 8, 0, 0, 0, 84]","""[0, 8, 8, 4, 8, 2, 7, 11, 6, 5, 2, 51, 12, 84, 0]"""
j10,1,reactive,600,True,34,0.060892343521118164,0.06564211845397949,"[0, 4, 0, 0, 13, 25, 4, 4, 28, 25, 8, 0, 0, 0, 34]","[0, 8, 8, 4, 8, 2, 7, 11, 6, 5, 2, 51, 12, 84, 0]"
j10,1,stnu,600,True,28,0.7339954376220703,0.006746768951416016,"[0, 4, 0, 0, 12, 20, 4, 4, 22, 20, 8, 0, 0, 0, 28]","""[0, 8, 8, 4, 8, 2, 7, 11, 6, 5, 2, 51, 12, 84, 0]"""
j10,1,proactive_robust,600,True,40,0.057660579681396484,0.0004639625549316406,"[0, 4, 0, 0, 13, 25, 4, 4, 28, 25, 8, 0, 0, 0, 84]","""[0, 5, 4, 4, 12, 3, 2, 7, 12, 2, 6, 51, 12, 84, 0]"""
j10,1,reactive,600,True,40,0.057660579681396484,0.06382560729980469,"[0, 4, 0, 0, 13, 25, 4, 4, 28, 25, 8, 0, 0, 0, 40]","[0, 5, 4, 4, 12, 3, 2, 7, 12, 2, 6, 51, 12, 84, 0]"
j10,1,stnu,600,True,36,0.733689546585083,0.006715059280395508,"[0, 4, 0, 0, 9, 21, 4, 4, 24, 21, 4, 0, 0, 0, 36]","""[0, 5, 4, 4, 12, 3, 2, 7, 12, 2, 6, 51, 12, 84, 0]"""
j10,1,proactive_robust,600,True,21,0.05633139610290527,0.0002582073211669922,"[0, 0, 0, 0, 4, 4, 4, 11, 13, 13, 13, 0, 0, 21]","""[0, 1, 11, 1, 9, 6, 1, 1, 4, 1, 7, 21, 21, 0]"""
j10,1,reactive,600,True,20,0.05633139610290527,0.09987735748291016,"[0, 0, 0, 0, 4, 4, 4, 11, 13, 13, 13, 0, 0, 20]","[0, 1, 11, 1, 9, 6, 1, 1, 4, 1, 7, 21, 21, 0]"
j10,1,stnu,600,True,18,0.7581863403320312,0.006073713302612305,"[0, 0, 0, 0, 1, 1, 1, 7, 11, 11, 11, 0, 0, 18]","""[0, 1, 11, 1, 9, 6, 1, 1, 4, 1, 7, 21, 21, 0]"""
j10,1,proactive_robust,600,True,21,0.059314727783203125,0.00023627281188964844,"[0, 0, 0, 0, 4, 4, 4, 11, 13, 13, 13, 0, 0, 21]","""[0, 2, 6, 1, 7, 4, 1, 2, 5, 2, 3, 21, 21, 0]"""
j10,1,reactive,600,True,18,0.059314727783203125,0.09097695350646973,"[0, 0, 0, 0, 4, 4, 4, 11, 13, 13, 13, 0, 0, 18]","[0, 2, 6, 1, 7, 4, 1, 2, 5, 2, 3, 21, 21, 0]"
j10,1,stnu,600,True,14,0.7224018573760986,0.006146907806396484,"[0, 0, 0, 0, 2, 2, 2, 6, 9, 8, 8, 0, 0, 14]","""[0, 2, 6, 1, 7, 4, 1, 2, 5, 2, 3, 21, 21, 0]"""
j10,1,proactive_robust,600,True,21,0.055203914642333984,0.00024318695068359375,"[0, 0, 0, 0, 4, 4, 4, 11, 13, 13, 13, 0, 0, 21]","""[0, 2, 8, 1, 9, 3, 3, 1, 5, 2, 6, 21, 21, 0]"""
j10,1,reactive,600,True,19,0.055203914642333984,0.0740821361541748,"[0, 0, 0, 0, 4, 4, 4, 11, 13, 13, 13, 0, 0, 19]","[0, 2, 8, 1, 9, 3, 3, 1, 5, 2, 6, 21, 21, 0]"
j10,1,stnu,600,True,16,0.7274518013000488,0.006239414215087891,"[0, 0, 0, 0, 2, 2, 2, 5, 11, 8, 8, 0, 0, 16]","""[0, 2, 8, 1, 9, 3, 3, 1, 5, 2, 6, 21, 21, 0]"""
j10,1,proactive_robust,600,True,21,0.1602916717529297,0.00026726722717285156,"[0, 0, 0, 0, 4, 4, 4, 11, 13, 13, 13, 0, 0, 21]","""[0, 2, 10, 2, 8, 2, 1, 2, 8, 1, 5, 21, 21, 0]"""
j10,1,reactive,600,True,21,0.1602916717529297,0.08480978012084961,"[0, 0, 0, 0, 4, 4, 4, 11, 13, 13, 13, 0, 0, 21]","[0, 2, 10, 2, 8, 2, 1, 2, 8, 1, 5, 21, 21, 0]"
j10,1,stnu,600,True,18,0.7344911098480225,0.006067037582397461,"[0, 0, 0, 0, 2, 2, 2, 4, 10, 10, 10, 0, 0, 18]","""[0, 2, 10, 2, 8, 2, 1, 2, 8, 1, 5, 21, 21, 0]"""
j10,1,proactive_robust,600,True,21,0.055091142654418945,0.0002422332763671875,"[0, 0, 0, 0, 4, 4, 4, 11, 13, 13, 13, 0, 0, 21]","""[0, 3, 10, 2, 9, 2, 1, 2, 6, 1, 2, 21, 21, 0]"""
j10,1,reactive,600,True,19,0.055091142654418945,0.07893109321594238,"[0, 0, 0, 0, 4, 4, 4, 11, 13, 13, 13, 0, 0, 19]","[0, 3, 10, 2, 9, 2, 1, 2, 6, 1, 2, 21, 21, 0]"
j10,1,stnu,600,True,18,0.7259700298309326,0.006096839904785156,"[0, 0, 0, 0, 3, 3, 3, 5, 12, 10, 10, 0, 0, 18]","""[0, 3, 10, 2, 9, 2, 1, 2, 6, 1, 2, 21, 21, 0]"""
j10,1,proactive_robust,600,True,21,0.051819562911987305,0.00023674964904785156,"[0, 0, 0, 0, 4, 4, 4, 11, 13, 13, 13, 0, 0, 21]","""[0, 4, 6, 1, 4, 3, 2, 2, 7, 1, 7, 21, 21, 0]"""
j10,1,reactive,600,True,20,0.051819562911987305,0.06863903999328613,"[0, 0, 0, 0, 4, 4, 4, 11, 13, 13, 13, 0, 0, 20]","[0, 4, 6, 1, 4, 3, 2, 2, 7, 1, 7, 21, 21, 0]"
j10,1,stnu,600,True,16,0.7783117294311523,0.006177663803100586,"[0, 0, 0, 0, 4, 4, 4, 7, 9, 9, 9, 0, 0, 16]","""[0, 4, 6, 1, 4, 3, 2, 2, 7, 1, 7, 21, 21, 0]"""
j10,1,proactive_robust,600,True,21,0.05458855628967285,0.0002415180206298828,"[0, 0, 0, 0, 4, 4, 4, 11, 13, 13, 13, 0, 0, 21]","""[0, 2, 12, 2, 7, 4, 3, 2, 5, 2, 2, 21, 21, 0]"""
j10,1,reactive,600,True,18,0.05458855628967285,0.06357693672180176,"[0, 0, 0, 0, 4, 4, 4, 11, 13, 13, 13, 0, 0, 18]","[0, 2, 12, 2, 7, 4, 3, 2, 5, 2, 2, 21, 21, 0]"
j10,1,stnu,600,True,17,0.7242166996002197,0.0060977935791015625,"[0, 0, 0, 0, 2, 2, 2, 6, 12, 12, 12, 0, 0, 17]","""[0, 2, 12, 2, 7, 4, 3, 2, 5, 2, 2, 21, 21, 0]"""
j10,1,proactive_robust,600,True,21,0.053117990493774414,0.0002486705780029297,"[0, 0, 0, 0, 4, 4, 4, 11, 13, 13, 13, 0, 0, 21]","""[0, 3, 11, 2, 4, 3, 3, 2, 3, 1, 2, 21, 21, 0]"""
j10,1,reactive,600,True,16,0.053117990493774414,0.07064104080200195,"[0, 0, 0, 0, 4, 4, 4, 11, 13, 13, 13, 0, 0, 16]","[0, 3, 11, 2, 4, 3, 3, 2, 3, 1, 2, 21, 21, 0]"
j10,1,stnu,600,True,14,0.7401649951934814,0.006181001663208008,"[0, 0, 0, 0, 3, 3, 3, 6, 11, 11, 11, 0, 0, 14]","""[0, 3, 11, 2, 4, 3, 3, 2, 3, 1, 2, 21, 21, 0]"""
j10,1,proactive_robust,600,True,21,0.053174495697021484,0.0002276897430419922,"[0, 0, 0, 0, 4, 4, 4, 11, 13, 13, 13, 0, 0, 21]","""[0, 2, 8, 2, 4, 4, 1, 2, 5, 1, 2, 21, 21, 0]"""
j10,1,reactive,600,True,18,0.053174495697021484,0.08723640441894531,"[0, 0, 0, 0, 4, 4, 4, 11, 13, 13, 13, 0, 0, 18]","[0, 2, 8, 2, 4, 4, 1, 2, 5, 1, 2, 21, 21, 0]"
j10,1,stnu,600,True,13,0.7289061546325684,0.0061643123626708984,"[0, 0, 0, 0, 2, 2, 2, 6, 8, 8, 8, 0, 0, 13]","""[0, 2, 8, 2, 4, 4, 1, 2, 5, 1, 2, 21, 21, 0]"""
j10,1,proactive_robust,600,True,21,0.053208112716674805,0.0002522468566894531,"[0, 0, 0, 0, 4, 4, 4, 11, 13, 13, 13, 0, 0, 21]","""[0, 4, 9, 1, 8, 5, 3, 2, 3, 2, 6, 21, 21, 0]"""
j10,1,reactive,600,True,19,0.053208112716674805,0.0670478343963623,"[0, 0, 0, 0, 4, 4, 4, 11, 13, 13, 13, 0, 0, 19]","[0, 4, 9, 1, 8, 5, 3, 2, 3, 2, 6, 21, 21, 0]"
j10,1,stnu,600,True,17,0.757012128829956,0.006133317947387695,"[0, 0, 0, 0, 4, 4, 4, 9, 12, 11, 11, 0, 0, 17]","""[0, 4, 9, 1, 8, 5, 3, 2, 3, 2, 6, 21, 21, 0]"""
j10,1,proactive_robust,600,True,41,0.061974287033081055,0.0010051727294921875,"[0, 0, 0, 10, 4, 20, 4, 20, 20, 29, 39, 0, 0, 0, 0, 0, 0, 0, 0, 0, 73]","""[0, 6, 1, 7, 2, 2, 5, 6, 2, 7, 1, 69, 64, 35, 29, 36, 23, 73, 58, 68, 0]"""
j10,1,reactive,600,True,36,0.061974287033081055,0.20382142066955566,"[0, 0, 0, 10, 4, 20, 4, 20, 20, 29, 17, 0, 0, 0, 0, 0, 0, 0, 0, 0, 36]","[0, 6, 1, 7, 2, 2, 5, 6, 2, 7, 1, 69, 64, 35, 29, 36, 23, 73, 58, 68, 0]"
j10,1,stnu,600,True,27,0.794189453125,0.013414382934570312,"[0, 0, 0, 6, 1, 13, 1, 13, 13, 19, 26, 0, 0, 0, 0, 0, 0, 0, 0, 0, 27]","""[0, 6, 1, 7, 2, 2, 5, 6, 2, 7, 1, 69, 64, 35, 29, 36, 23, 73, 58, 68, 0]"""
j10,1,proactive_robust,600,True,41,0.06354022026062012,0.001003265380859375,"[0, 0, 0, 10, 4, 20, 4, 20, 20, 29, 39, 0, 0, 0, 0, 0, 0, 0, 0, 0, 73]","""[0, 10, 2, 5, 5, 3, 2, 7, 1, 8, 1, 69, 64, 35, 29, 36, 23, 73, 58, 68, 0]"""
j10,1,reactive,600,True,37,0.06354022026062012,0.18946385383605957,"[0, 0, 0, 10, 4, 20, 4, 20, 20, 29, 15, 0, 0, 0, 0, 0, 0, 0, 0, 0, 37]","[0, 10, 2, 5, 5, 3, 2, 7, 1, 8, 1, 69, 64, 35, 29, 36, 23, 73, 58, 68, 0]"
j10,1,stnu,600,True,25,0.7819366455078125,0.01355743408203125,"[0, 0, 0, 4, 2, 9, 2, 9, 10, 16, 24, 0, 0, 0, 0, 0, 0, 0, 0, 0, 25]","""[0, 10, 2, 5, 5, 3, 2, 7, 1, 8, 1, 69, 64, 35, 29, 36, 23, 73, 58, 68, 0]"""
j10,1,proactive_robust,600,True,41,0.061519622802734375,0.0009801387786865234,"[0, 0, 0, 10, 4, 20, 4, 20, 20, 29, 39, 0, 0, 0, 0, 0, 0, 0, 0, 0, 73]","""[0, 8, 3, 9, 2, 2, 3, 4, 1, 6, 2, 69, 64, 35, 29, 36, 23, 73, 58, 68, 0]"""
j10,1,reactive,600,True,35,0.061519622802734375,0.18941235542297363,"[0, 0, 0, 10, 4, 20, 4, 20, 20, 29, 24, 0, 0, 0, 0, 0, 0, 0, 0, 0, 35]","[0, 8, 3, 9, 2, 2, 3, 4, 1, 6, 2, 69, 64, 35, 29, 36, 23, 73, 58, 68, 0]"
j10,1,stnu,600,True,27,0.7882559299468994,0.013422966003417969,"[0, 0, 0, 6, 3, 15, 3, 15, 15, 19, 25, 0, 0, 0, 0, 0, 0, 0, 0, 0, 27]","""[0, 8, 3, 9, 2, 2, 3, 4, 1, 6, 2, 69, 64, 35, 29, 36, 23, 73, 58, 68, 0]"""
j10,1,proactive_robust,600,True,41,0.0607454776763916,0.0010061264038085938,"[0, 0, 0, 10, 4, 20, 4, 20, 20, 29, 39, 0, 0, 0, 0, 0, 0, 0, 0, 0, 73]","""[0, 8, 1, 5, 3, 3, 6, 8, 2, 6, 2, 69, 64, 35, 29, 36, 23, 73, 58, 68, 0]"""
j10,1,reactive,600,True,35,0.0607454776763916,0.25231051445007324,"[0, 0, 0, 10, 4, 20, 4, 20, 20, 29, 15, 0, 0, 0, 0, 0, 0, 0, 0, 0, 35]","[0, 8, 1, 5, 3, 3, 6, 8, 2, 6, 2, 69, 64, 35, 29, 36, 23, 73, 58, 68, 0]"
j10,1,stnu,600,True,28,0.8115077018737793,0.013411521911621094,"[0, 0, 0, 7, 1, 12, 1, 12, 12, 20, 26, 0, 0, 0, 0, 0, 0, 0, 0, 0, 28]","""[0, 8, 1, 5, 3, 3, 6, 8, 2, 6, 2, 69, 64, 35, 29, 36, 23, 73, 58, 68, 0]"""
j10,1,proactive_robust,600,True,41,0.06287956237792969,0.0010204315185546875,"[0, 0, 0, 10, 4, 20, 4, 20, 20, 29, 39, 0, 0, 0, 0, 0, 0, 0, 0, 0, 73]","""[0, 7, 3, 10, 6, 1, 5, 8, 2, 7, 2, 69, 64, 35, 29, 36, 23, 73, 58, 68, 0]"""
j10,1,reactive,600,True,38,0.06287956237792969,0.15249371528625488,"[0, 0, 0, 10, 4, 20, 4, 20, 20, 29, 36, 0, 0, 0, 0, 0, 0, 0, 0, 0, 38]","[0, 7, 3, 10, 6, 1, 5, 8, 2, 7, 2, 69, 64, 35, 29, 36, 23, 73, 58, 68, 0]"
j10,1,stnu,600,True,35,0.7723379135131836,0.013487577438354492,"[0, 0, 0, 8, 3, 18, 3, 18, 18, 26, 33, 0, 0, 0, 0, 0, 0, 0, 0, 0, 35]","""[0, 7, 3, 10, 6, 1, 5, 8, 2, 7, 2, 69, 64, 35, 29, 36, 23, 73, 58, 68, 0]"""
j10,1,proactive_robust,600,True,41,0.060350894927978516,0.00098419189453125,"[0, 0, 0, 10, 4, 20, 4, 20, 20, 29, 39, 0, 0, 0, 0, 0, 0, 0, 0, 0, 73]","""[0, 6, 1, 8, 3, 1, 6, 4, 2, 10, 2, 69, 64, 35, 29, 36, 23, 73, 58, 68, 0]"""
j10,1,reactive,600,True,34,0.060350894927978516,0.1515181064605713,"[0, 0, 0, 10, 4, 20, 4, 20, 20, 24, 18, 0, 0, 0, 0, 0, 0, 0, 0, 0, 34]","[0, 6, 1, 8, 3, 1, 6, 4, 2, 10, 2, 69, 64, 35, 29, 36, 23, 73, 58, 68, 0]"
j10,1,stnu,600,True,31,0.7829201221466064,0.013356924057006836,"[0, 0, 0, 7, 1, 15, 1, 15, 15, 19, 29, 0, 0, 0, 0, 0, 0, 0, 0, 0, 31]","""[0, 6, 1, 8, 3, 1, 6, 4, 2, 10, 2, 69, 64, 35, 29, 36, 23, 73, 58, 68, 0]"""
j10,1,proactive_robust,600,True,41,0.05950498580932617,0.0010080337524414062,"[0, 0, 0, 10, 4, 20, 4, 20, 20, 29, 39, 0, 0, 0, 0, 0, 0, 0, 0, 0, 73]","""[0, 9, 4, 7, 2, 4, 6, 8, 2, 9, 1, 69, 64, 35, 29, 36, 23, 73, 58, 68, 0]"""
j10,1,reactive,600,True,38,0.05950498580932617,0.14491009712219238,"[0, 0, 0, 10, 4, 20, 4, 20, 20, 29, 17, 0, 0, 0, 0, 0, 0, 0, 0, 0, 38]","[0, 9, 4, 7, 2, 4, 6, 8, 2, 9, 1, 69, 64, 35, 29, 36, 23, 73, 58, 68, 0]"
j10,1,stnu,600,True,35,0.8602142333984375,0.013485908508300781,"[0, 0, 0, 10, 4, 17, 4, 17, 17, 25, 34, 0, 0, 0, 0, 0, 0, 0, 0, 0, 35]","""[0, 9, 4, 7, 2, 4, 6, 8, 2, 9, 1, 69, 64, 35, 29, 36, 23, 73, 58, 68, 0]"""
j10,1,proactive_robust,600,True,41,0.058062076568603516,0.0010080337524414062,"[0, 0, 0, 10, 4, 20, 4, 20, 20, 29, 39, 0, 0, 0, 0, 0, 0, 0, 0, 0, 73]","""[0, 6, 3, 6, 4, 4, 6, 8, 2, 6, 1, 69, 64, 35, 29, 36, 23, 73, 58, 68, 0]"""
j10,1,reactive,600,True,35,0.058062076568603516,0.16812849044799805,"[0, 0, 0, 10, 4, 20, 4, 20, 20, 29, 16, 0, 0, 0, 0, 0, 0, 0, 0, 0, 35]","[0, 6, 3, 6, 4, 4, 6, 8, 2, 6, 1, 69, 64, 35, 29, 36, 23, 73, 58, 68, 0]"
j10,1,stnu,600,True,30,0.7755682468414307,0.01343536376953125,"[0, 0, 0, 9, 3, 15, 3, 15, 15, 23, 29, 0, 0, 0, 0, 0, 0, 0, 0, 0, 30]","""[0, 6, 3, 6, 4, 4, 6, 8, 2, 6, 1, 69, 64, 35, 29, 36, 23, 73, 58, 68, 0]"""
j10,1,proactive_robust,600,True,41,0.06384634971618652,0.0009868144989013672,"[0, 0, 0, 10, 4, 20, 4, 20, 20, 29, 39, 0, 0, 0, 0, 0, 0, 0, 0, 0, 73]","""[0, 5, 1, 7, 3, 4, 6, 4, 2, 6, 1, 69, 64, 35, 29, 36, 23, 73, 58, 68, 0]"""
j10,1,reactive,600,True,35,0.06384634971618652,0.15422773361206055,"[0, 0, 0, 10, 4, 20, 4, 20, 20, 29, 17, 0, 0, 0, 0, 0, 0, 0, 0, 0, 35]","[0, 5, 1, 7, 3, 4, 6, 4, 2, 6, 1, 69, 64, 35, 29, 36, 23, 73, 58, 68, 0]"
j10,1,stnu,600,True,25,0.8019070625305176,0.013422250747680664,"[0, 0, 0, 7, 1, 14, 1, 14, 14, 18, 24, 0, 0, 0, 0, 0, 0, 0, 0, 0, 25]","""[0, 5, 1, 7, 3, 4, 6, 4, 2, 6, 1, 69, 64, 35, 29, 36, 23, 73, 58, 68, 0]"""
j10,1,proactive_robust,600,True,41,0.0595548152923584,0.001020669937133789,"[0, 0, 0, 10, 4, 20, 4, 20, 20, 29, 39, 0, 0, 0, 0, 0, 0, 0, 0, 0, 73]","""[0, 7, 4, 8, 5, 4, 2, 4, 2, 10, 1, 69, 64, 35, 29, 36, 23, 73, 58, 68, 0]"""
j10,1,reactive,600,True,34,0.0595548152923584,0.15361547470092773,"[0, 0, 0, 10, 4, 20, 4, 20, 20, 24, 18, 0, 0, 0, 0, 0, 0, 0, 0, 0, 34]","[0, 7, 4, 8, 5, 4, 2, 4, 2, 10, 1, 69, 64, 35, 29, 36, 23, 73, 58, 68, 0]"
j10,1,stnu,600,True,29,0.8618383407592773,0.013303995132446289,"[0, 0, 0, 6, 4, 14, 4, 14, 14, 18, 28, 0, 0, 0, 0, 0, 0, 0, 0, 0, 29]","""[0, 7, 4, 8, 5, 4, 2, 4, 2, 10, 1, 69, 64, 35, 29, 36, 23, 73, 58, 68, 0]"""
j10,1,proactive_robust,600,True,27,0.056395530700683594,0.00030040740966796875,"[0, 0, 0, 0, 4, 4, 16, 4, 23, 16, 16, 0, 62]","""[0, 4, 3, 2, 8, 8, 5, 3, 1, 8, 4, 62, 0]"""
j10,1,reactive,600,True,24,0.056395530700683594,0.10585808753967285,"[0, 0, 0, 0, 4, 4, 16, 4, 21, 16, 16, 0, 24]","[0, 4, 3, 2, 8, 8, 5, 3, 1, 8, 4, 62, 0]"
j10,1,stnu,600,True,20,0.737623929977417,0.005162477493286133,"[0, 0, 0, 0, 4, 4, 12, 4, 17, 12, 12, 0, 20]","""[0, 4, 3, 2, 8, 8, 5, 3, 1, 8, 4, 62, 0]"""
j10,1,proactive_robust,600,True,27,0.0552065372467041,0.0002837181091308594,"[0, 0, 0, 0, 4, 4, 16, 4, 23, 16, 16, 0, 62]","""[0, 3, 3, 7, 8, 6, 5, 4, 4, 7, 4, 62, 0]"""
j10,1,reactive,600,True,25,0.0552065372467041,0.11121797561645508,"[0, 0, 0, 0, 4, 4, 16, 4, 21, 16, 16, 0, 25]","[0, 3, 3, 7, 8, 6, 5, 4, 4, 7, 4, 62, 0]"
j10,1,stnu,600,True,20,0.7320725917816162,0.005129814147949219,"[0, 0, 0, 0, 3, 3, 11, 3, 16, 11, 9, 0, 20]","""[0, 3, 3, 7, 8, 6, 5, 4, 4, 7, 4, 62, 0]"""
j10,1,proactive_robust,600,True,27,0.053687095642089844,0.0002968311309814453,"[0, 0, 0, 0, 4, 4, 16, 4, 23, 16, 16, 0, 62]","""[0, 1, 3, 2, 8, 12, 7, 4, 4, 4, 3, 62, 0]"""
j10,1,reactive,600,True,27,0.053687095642089844,0.09226274490356445,"[0, 0, 0, 0, 4, 4, 16, 4, 23, 16, 16, 0, 27]","[0, 1, 3, 2, 8, 12, 7, 4, 4, 4, 3, 62, 0]"
j10,1,stnu,600,True,26,0.81838059425354,0.005127429962158203,"[0, 0, 0, 0, 3, 3, 15, 3, 22, 15, 15, 0, 26]","""[0, 1, 3, 2, 8, 12, 7, 4, 4, 4, 3, 62, 0]"""
j10,1,proactive_robust,600,True,27,0.0560145378112793,0.0002865791320800781,"[0, 0, 0, 0, 4, 4, 16, 4, 23, 16, 16, 0, 62]","""[0, 1, 2, 7, 6, 9, 3, 3, 4, 3, 3, 62, 0]"""
j10,1,reactive,600,True,20,0.0560145378112793,0.13187479972839355,"[0, 0, 0, 0, 4, 4, 13, 4, 16, 13, 13, 0, 20]","[0, 1, 2, 7, 6, 9, 3, 3, 4, 3, 3, 62, 0]"
j10,1,stnu,600,True,18,0.720191240310669,0.0051043033599853516,"[0, 0, 0, 0, 2, 2, 11, 2, 14, 11, 11, 0, 18]","""[0, 1, 2, 7, 6, 9, 3, 3, 4, 3, 3, 62, 0]"""
j10,1,proactive_robust,600,True,27,0.05556201934814453,0.0002980232238769531,"[0, 0, 0, 0, 4, 4, 16, 4, 23, 16, 16, 0, 62]","""[0, 3, 4, 7, 6, 8, 3, 7, 1, 3, 4, 62, 0]"""
j10,1,reactive,600,True,16,0.05556201934814453,0.10616803169250488,"[0, 0, 0, 0, 4, 4, 12, 4, 15, 12, 12, 0, 16]","[0, 3, 4, 7, 6, 8, 3, 7, 1, 3, 4, 62, 0]"
j10,1,stnu,600,True,17,0.8158087730407715,0.005193471908569336,"[0, 0, 0, 0, 4, 4, 12, 4, 16, 12, 12, 0, 17]","""[0, 3, 4, 7, 6, 8, 3, 7, 1, 3, 4, 62, 0]"""
j10,1,proactive_robust,600,True,27,0.05550217628479004,0.00029206275939941406,"[0, 0, 0, 0, 4, 4, 16, 4, 23, 16, 16, 0, 62]","""[0, 4, 3, 3, 4, 7, 7, 3, 1, 4, 3, 62, 0]"""
j10,1,reactive,600,True,24,0.05550217628479004,0.1223909854888916,"[0, 0, 0, 0, 4, 4, 16, 4, 23, 16, 16, 0, 24]","[0, 4, 3, 3, 4, 7, 7, 3, 1, 4, 3, 62, 0]"
j10,1,stnu,600,True,19,0.7219548225402832,0.005210399627685547,"[0, 0, 0, 0, 4, 4, 11, 4, 18, 11, 11, 0, 19]","""[0, 4, 3, 3, 4, 7, 7, 3, 1, 4, 3, 62, 0]"""
j10,1,proactive_robust,600,True,27,0.05345010757446289,0.00029587745666503906,"[0, 0, 0, 0, 4, 4, 16, 4, 23, 16, 16, 0, 62]","""[0, 3, 2, 2, 3, 10, 6, 3, 3, 6, 4, 62, 0]"""
j10,1,reactive,600,True,26,0.05345010757446289,0.13413500785827637,"[0, 0, 0, 0, 4, 4, 16, 4, 23, 16, 16, 0, 26]","[0, 3, 2, 2, 3, 10, 6, 3, 3, 6, 4, 62, 0]"
j10,1,stnu,600,True,22,0.7178397178649902,0.005132198333740234,"[0, 0, 0, 0, 3, 3, 13, 3, 19, 13, 13, 0, 22]","""[0, 3, 2, 2, 3, 10, 6, 3, 3, 6, 4, 62, 0]"""
j10,1,proactive_robust,600,True,27,0.059355974197387695,0.0002887248992919922,"[0, 0, 0, 0, 4, 4, 16, 4, 23, 16, 16, 0, 62]","""[0, 4, 3, 2, 4, 7, 7, 3, 3, 7, 2, 62, 0]"""
j10,1,reactive,600,True,26,0.059355974197387695,0.11198949813842773,"[0, 0, 0, 0, 4, 4, 16, 4, 23, 16, 16, 0, 26]","[0, 4, 3, 2, 4, 7, 7, 3, 3, 7, 2, 62, 0]"
j10,1,stnu,600,True,21,0.7387559413909912,0.005154132843017578,"[0, 0, 0, 0, 4, 4, 11, 4, 18, 11, 11, 0, 21]","""[0, 4, 3, 2, 4, 7, 7, 3, 3, 7, 2, 62, 0]"""
j10,1,proactive_robust,600,True,27,0.05317997932434082,0.0003006458282470703,"[0, 0, 0, 0, 4, 4, 16, 4, 23, 16, 16, 0, 62]","""[0, 4, 4, 5, 7, 8, 5, 2, 4, 4, 4, 62, 0]"""
j10,1,reactive,600,True,25,0.05317997932434082,0.09218335151672363,"[0, 0, 0, 0, 4, 4, 16, 4, 21, 16, 16, 0, 25]","[0, 4, 4, 5, 7, 8, 5, 2, 4, 4, 4, 62, 0]"
j10,1,stnu,600,True,21,0.7195940017700195,0.005157470703125,"[0, 0, 0, 0, 4, 4, 12, 4, 17, 12, 12, 0, 21]","""[0, 4, 4, 5, 7, 8, 5, 2, 4, 4, 4, 62, 0]"""
j10,1,proactive_robust,600,True,27,0.056038856506347656,0.0003108978271484375,"[0, 0, 0, 0, 4, 4, 16, 4, 23, 16, 16, 0, 62]","""[0, 3, 4, 6, 7, 6, 4, 5, 3, 6, 5, 62, 0]"""
j10,1,reactive,600,True,23,0.056038856506347656,0.13644194602966309,"[0, 0, 0, 0, 4, 4, 16, 4, 20, 16, 16, 0, 23]","[0, 3, 4, 6, 7, 6, 4, 5, 3, 6, 5, 62, 0]"
j10,1,stnu,600,True,18,0.7086865901947021,0.005233287811279297,"[0, 0, 0, 0, 4, 4, 11, 4, 15, 11, 10, 0, 18]","""[0, 3, 4, 6, 7, 6, 4, 5, 3, 6, 5, 62, 0]"""
j10,1,proactive_robust,600,True,35,0.0580449104309082,0.00093841552734375,"[0, 0, 0, 0, 12, 12, 16, 18, 28, 3, 21, 0, 0, 0, 0, 0, 0, 0, 0, 0, 74]","""[0, 2, 10, 9, 4, 3, 2, 6, 2, 8, 4, 25, 59, 74, 62, 16, 50, 48, 48, 34, 0]"""
j10,1,reactive,600,True,26,0.0580449104309082,0.16689515113830566,"[0, 0, 0, 0, 12, 12, 16, 18, 24, 3, 21, 0, 0, 0, 0, 0, 0, 0, 0, 0, 26]","[0, 2, 10, 9, 4, 3, 2, 6, 2, 8, 4, 25, 59, 74, 62, 16, 50, 48, 48, 34, 0]"
j10,1,stnu,600,True,23,0.7978999614715576,0.013584136962890625,"[0, 0, 0, 0, 10, 10, 13, 15, 21, 2, 15, 0, 0, 0, 0, 0, 0, 0, 0, 0, 23]","""[0, 2, 10, 9, 4, 3, 2, 6, 2, 8, 4, 25, 59, 74, 62, 16, 50, 48, 48, 34, 0]"""
j10,1,proactive_robust,600,True,35,0.0591278076171875,0.000949859619140625,"[0, 0, 0, 0, 12, 12, 16, 18, 28, 3, 21, 0, 0, 0, 0, 0, 0, 0, 0, 0, 74]","""[0, 2, 9, 7, 5, 2, 1, 5, 4, 11, 2, 25, 59, 74, 62, 16, 50, 48, 48, 34, 0]"""
j10,1,reactive,600,True,27,0.0591278076171875,0.17764735221862793,"[0, 0, 0, 0, 12, 12, 16, 18, 23, 3, 21, 0, 0, 0, 0, 0, 0, 0, 0, 0, 27]","[0, 2, 9, 7, 5, 2, 1, 5, 4, 11, 2, 25, 59, 74, 62, 16, 50, 48, 48, 34, 0]"
j10,1,stnu,600,True,23,0.7632904052734375,0.013512849807739258,"[0, 0, 0, 0, 9, 9, 13, 14, 19, 2, 14, 0, 0, 0, 0, 0, 0, 0, 0, 0, 23]","""[0, 2, 9, 7, 5, 2, 1, 5, 4, 11, 2, 25, 59, 74, 62, 16, 50, 48, 48, 34, 0]"""
j10,1,proactive_robust,600,True,35,0.05720806121826172,0.0009493827819824219,"[0, 0, 0, 0, 12, 12, 16, 18, 28, 3, 21, 0, 0, 0, 0, 0, 0, 0, 0, 0, 74]","""[0, 2, 6, 10, 8, 1, 1, 9, 7, 11, 7, 25, 59, 74, 62, 16, 50, 48, 48, 34, 0]"""
j10,1,reactive,600,True,34,0.05720806121826172,0.12727880477905273,"[0, 0, 0, 0, 12, 12, 16, 18, 27, 3, 21, 0, 0, 0, 0, 0, 0, 0, 0, 0, 34]","[0, 2, 6, 10, 8, 1, 1, 9, 7, 11, 7, 25, 59, 74, 62, 16, 50, 48, 48, 34, 0]"
j10,1,stnu,600,True,32,0.7866733074188232,0.01327657699584961,"[0, 0, 0, 0, 10, 10, 13, 14, 25, 2, 18, 0, 0, 0, 0, 0, 0, 0, 0, 0, 32]","""[0, 2, 6, 10, 8, 1, 1, 9, 7, 11, 7, 25, 59, 74, 62, 16, 50, 48, 48, 34, 0]"""
j10,1,proactive_robust,600,True,35,0.05983161926269531,0.00093841552734375,"[0, 0, 0, 0, 12, 12, 16, 18, 28, 3, 21, 0, 0, 0, 0, 0, 0, 0, 0, 0, 74]","""[0, 1, 8, 8, 5, 3, 2, 5, 4, 11, 3, 25, 59, 74, 62, 16, 50, 48, 48, 34, 0]"""
j10,1,reactive,600,True,27,0.05983161926269531,0.15372705459594727,"[0, 0, 0, 0, 12, 12, 16, 18, 23, 3, 21, 0, 0, 0, 0, 0, 0, 0, 0, 0, 27]","[0, 1, 8, 8, 5, 3, 2, 5, 4, 11, 3, 25, 59, 74, 62, 16, 50, 48, 48, 34, 0]"
j10,1,stnu,600,True,23,0.7643041610717773,0.01311945915222168,"[0, 0, 0, 0, 8, 8, 12, 14, 19, 1, 14, 0, 0, 0, 0, 0, 0, 0, 0, 0, 23]","""[0, 1, 8, 8, 5, 3, 2, 5, 4, 11, 3, 25, 59, 74, 62, 16, 50, 48, 48, 34, 0]"""
j10,1,proactive_robust,600,True,21,0.06306767463684082,0.0009496212005615234,"[0, 0, 0, 0, 6, 4, 4, 8, 18, 6, 15, 0, 0, 0, 0, 0, 0, 0, 0, 0, 74]","""[0, 2, 4, 4, 7, 2, 1, 9, 3, 5, 5, 25, 59, 74, 62, 16, 50, 48, 48, 34, 0]"""
j10,1,reactive,600,True,21,0.06306767463684082,0.10703754425048828,"[0, 0, 0, 0, 6, 4, 4, 8, 18, 6, 15, 0, 0, 0, 0, 0, 0, 0, 0, 0, 21]","[0, 2, 4, 4, 7, 2, 1, 9, 3, 5, 5, 25, 59, 74, 62, 16, 50, 48, 48, 34, 0]"
j10,1,stnu,600,True,27,0.8018143177032471,0.013424396514892578,"[0, 0, 0, 0, 8, 8, 10, 11, 20, 3, 15, 0, 0, 0, 0, 0, 0, 0, 0, 0, 27]","""[0, 3, 8, 6, 7, 2, 1, 9, 7, 6, 3, 25, 59, 74, 62, 16, 50, 48, 48, 34, 0]"""
j10,1,proactive_robust,600,True,35,0.060012102127075195,0.0009412765502929688,"[0, 0, 0, 0, 12, 12, 16, 18, 28, 3, 21, 0, 0, 0, 0, 0, 0, 0, 0, 0, 74]","""[0, 2, 7, 9, 6, 1, 1, 9, 4, 11, 5, 25, 59, 74, 62, 16, 50, 48, 48, 34, 0]"""
j10,1,reactive,600,True,32,0.060012102127075195,0.17205405235290527,"[0, 0, 0, 0, 12, 12, 16, 18, 28, 3, 21, 0, 0, 0, 0, 0, 0, 0, 0, 0, 32]","[0, 2, 7, 9, 6, 1, 1, 9, 4, 11, 5, 25, 59, 74, 62, 16, 50, 48, 48, 34, 0]"
j10,1,stnu,600,True,27,0.7918057441711426,0.013185262680053711,"[0, 0, 0, 0, 9, 9, 13, 14, 23, 2, 15, 0, 0, 0, 0, 0, 0, 0, 0, 0, 27]","""[0, 2, 7, 9, 6, 1, 1, 9, 4, 11, 5, 25, 59, 74, 62, 16, 50, 48, 48, 34, 0]"""
j10,1,proactive_robust,600,True,35,0.16184687614440918,0.0009436607360839844,"[0, 0, 0, 0, 12, 12, 16, 18, 28, 3, 21, 0, 0, 0, 0, 0, 0, 0, 0, 0, 74]","""[0, 1, 9, 6, 7, 3, 2, 7, 5, 12, 7, 25, 59, 74, 62, 16, 50, 48, 48, 34, 0]"""
j10,1,reactive,600,True,33,0.16184687614440918,0.12524867057800293,"[0, 0, 0, 0, 12, 12, 16, 18, 28, 3, 21, 0, 0, 0, 0, 0, 0, 0, 0, 0, 33]","[0, 1, 9, 6, 7, 3, 2, 7, 5, 12, 7, 25, 59, 74, 62, 16, 50, 48, 48, 34, 0]"
j10,1,stnu,600,True,28,0.7799303531646729,0.013150215148925781,"[0, 0, 0, 0, 9, 9, 13, 15, 23, 1, 16, 0, 0, 0, 0, 0, 0, 0, 0, 0, 28]","""[0, 1, 9, 6, 7, 3, 2, 7, 5, 12, 7, 25, 59, 74, 62, 16, 50, 48, 48, 34, 0]"""
j10,1,proactive_robust,600,True,35,0.058538198471069336,0.0009663105010986328,"[0, 0, 0, 0, 12, 12, 16, 18, 28, 3, 21, 0, 0, 0, 0, 0, 0, 0, 0, 0, 74]","""[0, 2, 8, 7, 7, 3, 1, 10, 5, 8, 2, 25, 59, 74, 62, 16, 50, 48, 48, 34, 0]"""
j10,1,reactive,600,True,33,0.058538198471069336,0.17691802978515625,"[0, 0, 0, 0, 12, 12, 16, 18, 28, 3, 21, 0, 0, 0, 0, 0, 0, 0, 0, 0, 33]","[0, 2, 8, 7, 7, 3, 1, 10, 5, 8, 2, 25, 59, 74, 62, 16, 50, 48, 48, 34, 0]"
j10,1,stnu,600,True,27,0.8399271965026855,0.013309955596923828,"[0, 0, 0, 0, 8, 8, 11, 12, 22, 2, 15, 0, 0, 0, 0, 0, 0, 0, 0, 0, 27]","""[0, 2, 8, 7, 7, 3, 1, 10, 5, 8, 2, 25, 59, 74, 62, 16, 50, 48, 48, 34, 0]"""
j10,1,proactive_robust,600,True,35,0.05812358856201172,0.0009517669677734375,"[0, 0, 0, 0, 12, 12, 16, 18, 28, 3, 21, 0, 0, 0, 0, 0, 0, 0, 0, 0, 74]","""[0, 3, 8, 9, 4, 1, 2, 9, 3, 11, 7, 25, 59, 74, 62, 16, 50, 48, 48, 34, 0]"""
j10,1,reactive,600,True,31,0.05812358856201172,0.1227424144744873,"[0, 0, 0, 0, 12, 12, 16, 18, 28, 3, 21, 0, 0, 0, 0, 0, 0, 0, 0, 0, 31]","[0, 3, 8, 9, 4, 1, 2, 9, 3, 11, 7, 25, 59, 74, 62, 16, 50, 48, 48, 34, 0]"
j10,1,stnu,600,True,28,0.7882437705993652,0.013154268264770508,"[0, 0, 0, 0, 9, 9, 14, 16, 25, 3, 16, 0, 0, 0, 0, 0, 0, 0, 0, 0, 28]","""[0, 3, 8, 9, 4, 1, 2, 9, 3, 11, 7, 25, 59, 74, 62, 16, 50, 48, 48, 34, 0]"""
j10,1,proactive_robust,600,True,35,0.05717825889587402,0.0009658336639404297,"[0, 0, 0, 0, 12, 12, 16, 18, 28, 3, 21, 0, 0, 0, 0, 0, 0, 0, 0, 0, 74]","""[0, 2, 12, 9, 4, 4, 1, 8, 3, 11, 5, 25, 59, 74, 62, 16, 50, 48, 48, 34, 0]"""
j10,1,reactive,600,True,31,0.05717825889587402,0.13164973258972168,"[0, 0, 0, 0, 12, 12, 16, 18, 28, 3, 21, 0, 0, 0, 0, 0, 0, 0, 0, 0, 31]","[0, 2, 12, 9, 4, 4, 1, 8, 3, 11, 5, 25, 59, 74, 62, 16, 50, 48, 48, 34, 0]"
j10,1,stnu,600,True,28,0.8628954887390137,0.013192176818847656,"[0, 0, 0, 0, 12, 12, 16, 17, 25, 2, 17, 0, 0, 0, 0, 0, 0, 0, 0, 0, 28]","""[0, 2, 12, 9, 4, 4, 1, 8, 3, 11, 5, 25, 59, 74, 62, 16, 50, 48, 48, 34, 0]"""
j10,1,proactive_robust,600,True,28,0.05649828910827637,0.0004317760467529297,"[0, 0, 0, 0, 8, 8, 18, 12, 22, 19, 8, 0, 0, 0, 60]","""[0, 6, 1, 8, 4, 6, 2, 4, 2, 6, 3, 60, 25, 55, 0]"""
j10,1,reactive,600,True,25,0.05649828910827637,0.10102987289428711,"[0, 0, 0, 0, 8, 8, 18, 12, 22, 19, 8, 0, 0, 0, 25]","[0, 6, 1, 8, 4, 6, 2, 4, 2, 6, 3, 60, 25, 55, 0]"
j10,1,stnu,600,True,22,0.7327017784118652,0.006761312484741211,"[0, 0, 0, 0, 8, 8, 14, 12, 16, 16, 8, 0, 0, 0, 22]","""[0, 6, 1, 8, 4, 6, 2, 4, 2, 6, 3, 60, 25, 55, 0]"""
j10,1,proactive_robust,600,True,28,0.052680015563964844,0.0004322528839111328,"[0, 0, 0, 0, 8, 8, 18, 12, 22, 19, 8, 0, 0, 0, 60]","""[0, 3, 4, 5, 3, 8, 3, 3, 4, 7, 7, 60, 25, 55, 0]"""
j10,1,reactive,600,True,26,0.052680015563964844,0.11637353897094727,"[0, 0, 0, 0, 8, 8, 18, 12, 22, 19, 8, 0, 0, 0, 26]","[0, 3, 4, 5, 3, 8, 3, 3, 4, 7, 7, 60, 25, 55, 0]"
j10,1,stnu,600,True,20,0.717475414276123,0.0067102909088134766,"[0, 0, 0, 0, 5, 5, 13, 8, 16, 13, 5, 0, 0, 0, 20]","""[0, 3, 4, 5, 3, 8, 3, 3, 4, 7, 7, 60, 25, 55, 0]"""
j10,1,proactive_robust,600,True,28,0.05285048484802246,0.00042057037353515625,"[0, 0, 0, 0, 8, 8, 18, 12, 22, 19, 8, 0, 0, 0, 60]","""[0, 3, 4, 3, 1, 9, 4, 3, 3, 5, 2, 60, 25, 55, 0]"""
j10,1,reactive,600,True,25,0.05285048484802246,0.1285998821258545,"[0, 0, 0, 0, 8, 8, 18, 12, 22, 19, 8, 0, 0, 0, 25]","[0, 3, 4, 3, 1, 9, 4, 3, 3, 5, 2, 60, 25, 55, 0]"
j10,1,stnu,600,True,20,0.7309505939483643,0.006716489791870117,"[0, 0, 0, 0, 3, 4, 13, 4, 17, 13, 4, 0, 0, 0, 20]","""[0, 3, 4, 3, 1, 9, 4, 3, 3, 5, 2, 60, 25, 55, 0]"""
j10,1,proactive_robust,600,True,28,0.05384063720703125,0.00043964385986328125,"[0, 0, 0, 0, 8, 8, 18, 12, 22, 19, 8, 0, 0, 0, 60]","""[0, 5, 3, 6, 1, 6, 1, 7, 2, 8, 4, 60, 25, 55, 0]"""
j10,1,reactive,600,True,27,0.05384063720703125,0.11581277847290039,"[0, 0, 0, 0, 8, 8, 18, 12, 22, 19, 8, 0, 0, 0, 27]","[0, 5, 3, 6, 1, 6, 1, 7, 2, 8, 4, 60, 25, 55, 0]"
j10,1,stnu,600,True,22,0.7234981060028076,0.0067729949951171875,"[0, 0, 0, 0, 6, 6, 12, 7, 13, 14, 6, 0, 0, 0, 22]","""[0, 5, 3, 6, 1, 6, 1, 7, 2, 8, 4, 60, 25, 55, 0]"""
j10,1,proactive_robust,600,True,28,0.0574648380279541,0.00041866302490234375,"[0, 0, 0, 0, 8, 8, 18, 12, 22, 19, 8, 0, 0, 0, 60]","""[0, 3, 1, 3, 2, 8, 4, 2, 2, 6, 6, 60, 25, 55, 0]"""
j10,1,reactive,600,True,25,0.0574648380279541,0.13852190971374512,"[0, 0, 0, 0, 8, 8, 18, 12, 22, 19, 8, 0, 0, 0, 25]","[0, 3, 1, 3, 2, 8, 4, 2, 2, 6, 6, 60, 25, 55, 0]"
j10,1,stnu,600,True,17,0.8351356983184814,0.006769895553588867,"[0, 0, 0, 0, 3, 3, 11, 5, 15, 11, 3, 0, 0, 0, 17]","""[0, 3, 1, 3, 2, 8, 4, 2, 2, 6, 6, 60, 25, 55, 0]"""
j10,1,proactive_robust,600,True,28,0.05044746398925781,0.0004391670227050781,"[0, 0, 0, 0, 8, 8, 18, 12, 22, 19, 8, 0, 0, 0, 60]","""[0, 3, 4, 8, 2, 10, 2, 3, 4, 6, 6, 60, 25, 55, 0]"""
j10,1,reactive,600,True,26,0.05044746398925781,0.08154296875,"[0, 0, 0, 0, 8, 8, 18, 12, 22, 19, 8, 0, 0, 0, 26]","[0, 3, 4, 8, 2, 10, 2, 3, 4, 6, 6, 60, 25, 55, 0]"
j10,1,stnu,600,True,24,0.769852876663208,0.006773233413696289,"[0, 0, 0, 0, 8, 8, 18, 10, 20, 18, 8, 0, 0, 0, 24]","""[0, 3, 4, 8, 2, 10, 2, 3, 4, 6, 6, 60, 25, 55, 0]"""
j10,1,proactive_robust,600,True,28,0.053153038024902344,0.00042724609375,"[0, 0, 0, 0, 8, 8, 18, 12, 22, 19, 8, 0, 0, 0, 60]","""[0, 3, 2, 5, 3, 7, 1, 4, 2, 7, 2, 60, 25, 55, 0]"""
j10,1,reactive,600,True,26,0.053153038024902344,0.27443528175354004,"[0, 0, 0, 0, 8, 8, 18, 12, 22, 19, 8, 0, 0, 0, 26]","[0, 3, 2, 5, 3, 7, 1, 4, 2, 7, 2, 60, 25, 55, 0]"
j10,1,stnu,600,True,19,0.7295923233032227,0.0067555904388427734,"[0, 0, 0, 0, 5, 5, 12, 8, 13, 12, 5, 0, 0, 0, 19]","""[0, 3, 2, 5, 3, 7, 1, 4, 2, 7, 2, 60, 25, 55, 0]"""
j10,1,proactive_robust,600,True,28,0.052855491638183594,0.00043773651123046875,"[0, 0, 0, 0, 8, 8, 18, 12, 22, 19, 8, 0, 0, 0, 60]","""[0, 7, 1, 6, 4, 5, 2, 7, 4, 7, 4, 60, 25, 55, 0]"""
j10,1,reactive,600,True,26,0.052855491638183594,0.12006878852844238,"[0, 0, 0, 0, 8, 8, 18, 12, 22, 19, 8, 0, 0, 0, 26]","[0, 7, 1, 6, 4, 5, 2, 7, 4, 7, 4, 60, 25, 55, 0]"
j10,1,stnu,600,True,25,0.7270991802215576,0.006704092025756836,"[0, 0, 0, 0, 7, 7, 12, 11, 14, 18, 6, 0, 0, 0, 25]","""[0, 7, 1, 6, 4, 5, 2, 7, 4, 7, 4, 60, 25, 55, 0]"""
j10,1,proactive_robust,600,True,28,0.059484004974365234,0.0004572868347167969,"[0, 0, 0, 0, 8, 8, 18, 12, 22, 19, 8, 0, 0, 0, 60]","""[0, 6, 4, 5, 2, 10, 4, 5, 4, 5, 6, 60, 25, 55, 0]"""
j10,1,reactive,600,True,26,0.059484004974365234,0.11301827430725098,"[0, 0, 0, 0, 8, 8, 18, 12, 22, 19, 8, 0, 0, 0, 26]","[0, 6, 4, 5, 2, 10, 4, 5, 4, 5, 6, 60, 25, 55, 0]"
j10,1,stnu,600,True,24,0.7335324287414551,0.006825447082519531,"[0, 0, 0, 0, 6, 6, 16, 8, 20, 16, 5, 0, 0, 0, 24]","""[0, 6, 4, 5, 2, 10, 4, 5, 4, 5, 6, 60, 25, 55, 0]"""
j10,1,proactive_robust,600,True,28,0.055211544036865234,0.0004363059997558594,"[0, 0, 0, 0, 8, 8, 18, 12, 22, 19, 8, 0, 0, 0, 60]","""[0, 7, 1, 4, 1, 8, 3, 5, 2, 7, 5, 60, 25, 55, 0]"""
j10,1,reactive,600,True,26,0.055211544036865234,0.1457808017730713,"[0, 0, 0, 0, 8, 8, 18, 12, 22, 19, 8, 0, 0, 0, 26]","[0, 7, 1, 4, 1, 8, 3, 5, 2, 7, 5, 60, 25, 55, 0]"
j10,1,stnu,600,True,22,0.7270140647888184,0.006875514984130859,"[0, 0, 0, 0, 7, 7, 15, 8, 18, 15, 4, 0, 0, 0, 22]","""[0, 7, 1, 4, 1, 8, 3, 5, 2, 7, 5, 60, 25, 55, 0]"""
j10,1,proactive_robust,600,True,36,0.057851314544677734,0.0006492137908935547,"[0, 0, 0, 0, 4, 12, 12, 15, 24, 33, 24, 0, 0, 0, 0, 0, 75]","""[0, 2, 5, 2, 7, 2, 2, 8, 8, 1, 7, 40, 25, 60, 75, 71, 0]"""
j10,1,reactive,600,True,32,0.057851314544677734,0.13910818099975586,"[0, 0, 0, 0, 4, 12, 12, 15, 24, 23, 24, 0, 0, 0, 0, 0, 32]","[0, 2, 5, 2, 7, 2, 2, 8, 8, 1, 7, 40, 25, 60, 75, 71, 0]"
j10,1,stnu,600,True,27,0.757075309753418,0.008725166320800781,"[0, 0, 0, 0, 2, 9, 9, 11, 19, 26, 19, 0, 0, 0, 0, 0, 27]","""[0, 2, 5, 2, 7, 2, 2, 8, 8, 1, 7, 40, 25, 60, 75, 71, 0]"""
j10,1,proactive_robust,600,True,36,0.05758380889892578,0.0007283687591552734,"[0, 0, 0, 0, 4, 12, 12, 15, 24, 33, 24, 0, 0, 0, 0, 0, 75]","""[0, 2, 6, 4, 4, 1, 3, 8, 8, 2, 6, 40, 25, 60, 75, 71, 0]"""
j10,1,reactive,600,True,32,0.05758380889892578,0.08356857299804688,"[0, 0, 0, 0, 4, 12, 12, 15, 24, 30, 24, 0, 0, 0, 0, 0, 32]","[0, 2, 6, 4, 4, 1, 3, 8, 8, 2, 6, 40, 25, 60, 75, 71, 0]"
j10,1,stnu,600,True,27,0.7656424045562744,0.008806467056274414,"[0, 0, 0, 0, 4, 8, 8, 11, 19, 25, 19, 0, 0, 0, 0, 0, 27]","""[0, 2, 6, 4, 4, 1, 3, 8, 8, 2, 6, 40, 25, 60, 75, 71, 0]"""
j10,1,proactive_robust,600,True,36,0.058038949966430664,0.0006654262542724609,"[0, 0, 0, 0, 4, 12, 12, 15, 24, 33, 24, 0, 0, 0, 0, 0, 75]","""[0, 2, 7, 3, 8, 3, 2, 4, 9, 2, 8, 40, 25, 60, 75, 71, 0]"""
j10,1,reactive,600,True,33,0.058038949966430664,0.09714269638061523,"[0, 0, 0, 0, 4, 12, 12, 15, 24, 19, 24, 0, 0, 0, 0, 0, 33]","[0, 2, 7, 3, 8, 3, 2, 4, 9, 2, 8, 40, 25, 60, 75, 71, 0]"
j10,1,stnu,600,True,28,0.7451086044311523,0.008804082870483398,"[0, 0, 0, 0, 3, 11, 11, 14, 18, 26, 18, 0, 0, 0, 0, 0, 28]","""[0, 2, 7, 3, 8, 3, 2, 4, 9, 2, 8, 40, 25, 60, 75, 71, 0]"""
j10,1,proactive_robust,600,True,36,0.05640840530395508,0.0006515979766845703,"[0, 0, 0, 0, 4, 12, 12, 15, 24, 33, 24, 0, 0, 0, 0, 0, 75]","""[0, 2, 7, 2, 5, 3, 1, 4, 6, 2, 5, 40, 25, 60, 75, 71, 0]"""
j10,1,reactive,600,True,30,0.05640840530395508,0.10933852195739746,"[0, 0, 0, 0, 4, 12, 12, 15, 24, 19, 24, 0, 0, 0, 0, 0, 30]","[0, 2, 7, 2, 5, 3, 1, 4, 6, 2, 5, 40, 25, 60, 75, 71, 0]"
j10,1,stnu,600,True,21,0.8555207252502441,0.008835554122924805,"[0, 0, 0, 0, 2, 7, 7, 10, 14, 19, 14, 0, 0, 0, 0, 0, 21]","""[0, 2, 7, 2, 5, 3, 1, 4, 6, 2, 5, 40, 25, 60, 75, 71, 0]"""
j10,1,proactive_robust,600,True,36,0.06287169456481934,0.0006396770477294922,"[0, 0, 0, 0, 4, 12, 12, 15, 24, 33, 24, 0, 0, 0, 0, 0, 75]","""[0, 1, 4, 4, 4, 1, 1, 4, 11, 1, 4, 40, 25, 60, 75, 71, 0]"""
j10,1,reactive,600,True,35,0.06287169456481934,0.14358258247375488,"[0, 0, 0, 0, 4, 12, 12, 15, 24, 33, 24, 0, 0, 0, 0, 0, 35]","[0, 1, 4, 4, 4, 1, 1, 4, 11, 1, 4, 40, 25, 60, 75, 71, 0]"
j10,1,stnu,600,True,24,0.7542409896850586,0.008771181106567383,"[0, 0, 0, 0, 4, 8, 8, 9, 13, 17, 13, 0, 0, 0, 0, 0, 24]","""[0, 1, 4, 4, 4, 1, 1, 4, 11, 1, 4, 40, 25, 60, 75, 71, 0]"""
j10,1,proactive_robust,600,True,36,0.060135602951049805,0.0006496906280517578,"[0, 0, 0, 0, 4, 12, 12, 15, 24, 33, 24, 0, 0, 0, 0, 0, 75]","""[0, 1, 6, 2, 3, 2, 1, 6, 10, 1, 6, 40, 25, 60, 75, 71, 0]"""
j10,1,reactive,600,True,34,0.060135602951049805,0.16533899307250977,"[0, 0, 0, 0, 4, 12, 12, 15, 24, 33, 24, 0, 0, 0, 0, 0, 34]","[0, 1, 6, 2, 3, 2, 1, 6, 10, 1, 6, 40, 25, 60, 75, 71, 0]"
j10,1,stnu,600,True,24,0.7403149604797363,0.00885772705078125,"[0, 0, 0, 0, 2, 6, 6, 8, 14, 20, 14, 0, 0, 0, 0, 0, 24]","""[0, 1, 6, 2, 3, 2, 1, 6, 10, 1, 6, 40, 25, 60, 75, 71, 0]"""
j10,1,proactive_robust,600,True,36,0.05739927291870117,0.0006582736968994141,"[0, 0, 0, 0, 4, 12, 12, 15, 24, 33, 24, 0, 0, 0, 0, 0, 75]","""[0, 2, 8, 2, 5, 2, 1, 8, 11, 1, 4, 40, 25, 60, 75, 71, 0]"""
j10,1,reactive,600,True,35,0.05739927291870117,0.11842179298400879,"[0, 0, 0, 0, 4, 12, 12, 15, 24, 33, 24, 0, 0, 0, 0, 0, 35]","[0, 2, 8, 2, 5, 2, 1, 8, 11, 1, 4, 40, 25, 60, 75, 71, 0]"
j10,1,stnu,600,True,29,0.7565228939056396,0.008814334869384766,"[0, 0, 0, 0, 2, 8, 8, 10, 18, 22, 18, 0, 0, 0, 0, 0, 29]","""[0, 2, 8, 2, 5, 2, 1, 8, 11, 1, 4, 40, 25, 60, 75, 71, 0]"""
j10,1,proactive_robust,600,True,36,0.06539678573608398,0.0006618499755859375,"[0, 0, 0, 0, 4, 12, 12, 15, 24, 33, 24, 0, 0, 0, 0, 0, 75]","""[0, 1, 8, 2, 4, 1, 1, 8, 8, 1, 7, 40, 25, 60, 75, 71, 0]"""
j10,1,reactive,600,True,32,0.06539678573608398,0.14871430397033691,"[0, 0, 0, 0, 4, 12, 12, 15, 24, 23, 24, 0, 0, 0, 0, 0, 32]","[0, 1, 8, 2, 4, 1, 1, 8, 8, 1, 7, 40, 25, 60, 75, 71, 0]"
j10,1,stnu,600,True,25,0.7591607570648193,0.00884699821472168,"[0, 0, 0, 0, 2, 8, 8, 9, 17, 24, 17, 0, 0, 0, 0, 0, 25]","""[0, 1, 8, 2, 4, 1, 1, 8, 8, 1, 7, 40, 25, 60, 75, 71, 0]"""
j10,1,proactive_robust,600,True,36,0.05720877647399902,0.0006468296051025391,"[0, 0, 0, 0, 4, 12, 12, 15, 24, 33, 24, 0, 0, 0, 0, 0, 75]","""[0, 2, 4, 2, 3, 2, 1, 6, 8, 1, 5, 40, 25, 60, 75, 71, 0]"""
j10,1,reactive,600,True,32,0.05720877647399902,0.14499878883361816,"[0, 0, 0, 0, 4, 12, 12, 15, 24, 21, 24, 0, 0, 0, 0, 0, 32]","[0, 2, 4, 2, 3, 2, 1, 6, 8, 1, 5, 40, 25, 60, 75, 71, 0]"
j10,1,stnu,600,True,21,0.7573215961456299,0.008836984634399414,"[0, 0, 0, 0, 2, 5, 5, 7, 13, 18, 13, 0, 0, 0, 0, 0, 21]","""[0, 2, 4, 2, 3, 2, 1, 6, 8, 1, 5, 40, 25, 60, 75, 71, 0]"""
j10,1,proactive_robust,600,True,36,0.058008670806884766,0.0006518363952636719,"[0, 0, 0, 0, 4, 12, 12, 15, 24, 33, 24, 0, 0, 0, 0, 0, 75]","""[0, 1, 7, 1, 4, 1, 1, 4, 6, 2, 9, 40, 25, 60, 75, 71, 0]"""
j10,1,reactive,600,True,30,0.058008670806884766,0.13969659805297852,"[0, 0, 0, 0, 4, 12, 12, 15, 19, 19, 21, 0, 0, 0, 0, 0, 30]","[0, 1, 7, 1, 4, 1, 1, 4, 6, 2, 9, 40, 25, 60, 75, 71, 0]"
j10,1,stnu,600,True,23,0.7565352916717529,0.008719682693481445,"[0, 0, 0, 0, 1, 7, 7, 8, 12, 21, 12, 0, 0, 0, 0, 0, 23]","""[0, 1, 7, 1, 4, 1, 1, 4, 6, 2, 9, 40, 25, 60, 75, 71, 0]"""
j10,1,proactive_robust,600,True,28,0.055266618728637695,0.0008349418640136719,"[0, 0, 0, 0, 10, 10, 12, 12, 21, 16, 12, 0, 0, 0, 0, 0, 0, 0, 74]","""[0, 8, 6, 6, 4, 1, 6, 3, 6, 7, 4, 66, 57, 56, 60, 21, 28, 74, 0]"""
j10,1,reactive,600,True,27,0.055266618728637695,0.1476883888244629,"[0, 0, 0, 0, 10, 10, 12, 12, 21, 16, 12, 0, 0, 0, 0, 0, 0, 0, 27]","[0, 8, 6, 6, 4, 1, 6, 3, 6, 7, 4, 66, 57, 56, 60, 21, 28, 74, 0]"
j10,1,stnu,600,True,20,0.7567861080169678,0.010383129119873047,"[0, 0, 0, 0, 6, 6, 8, 8, 14, 11, 7, 0, 0, 0, 0, 0, 0, 0, 20]","""[0, 8, 6, 6, 4, 1, 6, 3, 6, 7, 4, 66, 57, 56, 60, 21, 28, 74, 0]"""
j10,1,proactive_robust,600,True,28,0.05973315238952637,0.0008139610290527344,"[0, 0, 0, 0, 10, 10, 12, 12, 21, 16, 12, 0, 0, 0, 0, 0, 0, 0, 74]","""[0, 12, 2, 8, 3, 1, 5, 1, 2, 4, 3, 66, 57, 56, 60, 21, 28, 74, 0]"""
j10,1,reactive,600,True,20,0.05973315238952637,0.14293837547302246,"[0, 0, 0, 0, 10, 10, 12, 12, 17, 16, 12, 0, 0, 0, 0, 0, 0, 0, 20]","[0, 12, 2, 8, 3, 1, 5, 1, 2, 4, 3, 66, 57, 56, 60, 21, 28, 74, 0]"
j10,1,stnu,600,True,19,0.8484890460968018,0.010431289672851562,"[0, 0, 0, 0, 8, 8, 12, 12, 17, 13, 9, 0, 0, 0, 0, 0, 0, 0, 19]","""[0, 12, 2, 8, 3, 1, 5, 1, 2, 4, 3, 66, 57, 56, 60, 21, 28, 74, 0]"""
j10,1,proactive_robust,600,True,28,0.05596113204956055,0.0008721351623535156,"[0, 0, 0, 0, 10, 10, 12, 12, 21, 16, 12, 0, 0, 0, 0, 0, 0, 0, 74]","""[0, 8, 2, 8, 5, 2, 8, 4, 6, 8, 3, 66, 57, 56, 60, 21, 28, 74, 0]"""
j10,1,reactive,600,True,27,0.05596113204956055,0.11225342750549316,"[0, 0, 0, 0, 10, 10, 12, 12, 21, 16, 12, 0, 0, 0, 0, 0, 0, 0, 27]","[0, 8, 2, 8, 5, 2, 8, 4, 6, 8, 3, 66, 57, 56, 60, 21, 28, 74, 0]"
j10,1,stnu,600,True,24,0.7660255432128906,0.01044464111328125,"[0, 0, 0, 0, 8, 8, 10, 10, 18, 14, 10, 0, 0, 0, 0, 0, 0, 0, 24]","""[0, 8, 2, 8, 5, 2, 8, 4, 6, 8, 3, 66, 57, 56, 60, 21, 28, 74, 0]"""
j10,1,proactive_robust,600,True,28,0.0550692081451416,0.0008404254913330078,"[0, 0, 0, 0, 10, 10, 12, 12, 21, 16, 12, 0, 0, 0, 0, 0, 0, 0, 74]","""[0, 12, 3, 6, 6, 2, 6, 2, 3, 8, 2, 66, 57, 56, 60, 21, 28, 74, 0]"""
j10,1,reactive,600,True,24,0.0550692081451416,0.12188577651977539,"[0, 0, 0, 0, 10, 10, 12, 12, 18, 16, 12, 0, 0, 0, 0, 0, 0, 0, 24]","[0, 12, 3, 6, 6, 2, 6, 2, 3, 8, 2, 66, 57, 56, 60, 21, 28, 74, 0]"
j10,1,stnu,600,True,22,0.750391960144043,0.010622978210449219,"[0, 0, 0, 0, 6, 6, 12, 12, 18, 14, 8, 0, 0, 0, 0, 0, 0, 0, 22]","""[0, 12, 3, 6, 6, 2, 6, 2, 3, 8, 2, 66, 57, 56, 60, 21, 28, 74, 0]"""
j10,1,proactive_robust,600,True,28,0.05215167999267578,0.0008478164672851562,"[0, 0, 0, 0, 10, 10, 12, 12, 21, 16, 12, 0, 0, 0, 0, 0, 0, 0, 74]","""[0, 7, 4, 7, 7, 2, 9, 3, 5, 7, 4, 66, 57, 56, 60, 21, 28, 74, 0]"""
j10,1,reactive,600,True,26,0.05215167999267578,0.12179231643676758,"[0, 0, 0, 0, 10, 10, 12, 12, 21, 16, 12, 0, 0, 0, 0, 0, 0, 0, 26]","[0, 7, 4, 7, 7, 2, 9, 3, 5, 7, 4, 66, 57, 56, 60, 21, 28, 74, 0]"
j10,1,stnu,600,True,23,0.7479691505432129,0.010467529296875,"[0, 0, 0, 0, 7, 7, 9, 9, 18, 13, 9, 0, 0, 0, 0, 0, 0, 0, 23]","""[0, 7, 4, 7, 7, 2, 9, 3, 5, 7, 4, 66, 57, 56, 60, 21, 28, 74, 0]"""
j10,1,proactive_robust,600,True,28,0.05883479118347168,0.0008566379547119141,"[0, 0, 0, 0, 10, 10, 12, 12, 21, 16, 12, 0, 0, 0, 0, 0, 0, 0, 74]","""[0, 9, 4, 5, 4, 1, 5, 3, 7, 7, 4, 66, 57, 56, 60, 21, 28, 74, 0]"""
j10,1,reactive,600,True,24,0.05883479118347168,0.14208507537841797,"[0, 0, 0, 0, 10, 10, 12, 12, 17, 16, 12, 0, 0, 0, 0, 0, 0, 0, 24]","[0, 9, 4, 5, 4, 1, 5, 3, 7, 7, 4, 66, 57, 56, 60, 21, 28, 74, 0]"
j10,1,stnu,600,True,21,0.746967077255249,0.010458707809448242,"[0, 0, 0, 0, 5, 5, 9, 9, 14, 12, 6, 0, 0, 0, 0, 0, 0, 0, 21]","""[0, 9, 4, 5, 4, 1, 5, 3, 7, 7, 4, 66, 57, 56, 60, 21, 28, 74, 0]"""
j10,1,proactive_robust,600,True,28,0.05063009262084961,0.000850677490234375,"[0, 0, 0, 0, 10, 10, 12, 12, 21, 16, 12, 0, 0, 0, 0, 0, 0, 0, 74]","""[0, 10, 6, 8, 5, 2, 9, 3, 6, 4, 2, 66, 57, 56, 60, 21, 28, 74, 0]"""
j10,1,reactive,600,True,27,0.05063009262084961,0.10585474967956543,"[0, 0, 0, 0, 10, 10, 12, 12, 21, 16, 12, 0, 0, 0, 0, 0, 0, 0, 27]","[0, 10, 6, 8, 5, 2, 9, 3, 6, 4, 2, 66, 57, 56, 60, 21, 28, 74, 0]"
j10,1,stnu,600,True,25,0.7567954063415527,0.010422945022583008,"[0, 0, 0, 0, 8, 8, 10, 10, 19, 13, 10, 0, 0, 0, 0, 0, 0, 0, 25]","""[0, 10, 6, 8, 5, 2, 9, 3, 6, 4, 2, 66, 57, 56, 60, 21, 28, 74, 0]"""
j10,1,proactive_robust,600,True,28,0.05648994445800781,0.0008502006530761719,"[0, 0, 0, 0, 10, 10, 12, 12, 21, 16, 12, 0, 0, 0, 0, 0, 0, 0, 74]","""[0, 11, 4, 10, 7, 2, 7, 3, 4, 7, 1, 66, 57, 56, 60, 21, 28, 74, 0]"""
j10,1,reactive,600,True,25,0.05648994445800781,0.10335683822631836,"[0, 0, 0, 0, 10, 10, 12, 12, 21, 16, 12, 0, 0, 0, 0, 0, 0, 0, 25]","[0, 11, 4, 10, 7, 2, 7, 3, 4, 7, 1, 66, 57, 56, 60, 21, 28, 74, 0]"
j10,1,stnu,600,True,23,0.7588901519775391,0.01051783561706543,"[0, 0, 0, 0, 10, 10, 12, 12, 19, 15, 12, 0, 0, 0, 0, 0, 0, 0, 23]","""[0, 11, 4, 10, 7, 2, 7, 3, 4, 7, 1, 66, 57, 56, 60, 21, 28, 74, 0]"""
j10,1,proactive_robust,600,True,28,0.05533242225646973,0.0008342266082763672,"[0, 0, 0, 0, 10, 10, 12, 12, 21, 16, 12, 0, 0, 0, 0, 0, 0, 0, 74]","""[0, 11, 5, 7, 4, 1, 4, 4, 4, 3, 3, 66, 57, 56, 60, 21, 28, 74, 0]"""
j10,1,reactive,600,True,20,0.05533242225646973,0.13971352577209473,"[0, 0, 0, 0, 10, 10, 12, 12, 16, 16, 12, 0, 0, 0, 0, 0, 0, 0, 20]","[0, 11, 5, 7, 4, 1, 4, 4, 4, 3, 3, 66, 57, 56, 60, 21, 28, 74, 0]"
j10,1,stnu,600,True,19,0.8079161643981934,0.010330438613891602,"[0, 0, 0, 0, 7, 7, 11, 11, 15, 15, 8, 0, 0, 0, 0, 0, 0, 0, 19]","""[0, 11, 5, 7, 4, 1, 4, 4, 4, 3, 3, 66, 57, 56, 60, 21, 28, 74, 0]"""
j10,1,proactive_robust,600,True,28,0.059108734130859375,0.0008292198181152344,"[0, 0, 0, 0, 10, 10, 12, 12, 21, 16, 12, 0, 0, 0, 0, 0, 0, 0, 74]","""[0, 12, 3, 7, 8, 1, 5, 2, 2, 7, 2, 66, 57, 56, 60, 21, 28, 74, 0]"""
j10,1,reactive,600,True,23,0.059108734130859375,0.12656116485595703,"[0, 0, 0, 0, 10, 10, 12, 12, 21, 16, 12, 0, 0, 0, 0, 0, 0, 0, 23]","[0, 12, 3, 7, 8, 1, 5, 2, 2, 7, 2, 66, 57, 56, 60, 21, 28, 74, 0]"
j10,1,stnu,600,True,21,0.8592057228088379,0.010410308837890625,"[0, 0, 0, 0, 7, 7, 12, 12, 17, 14, 8, 0, 0, 0, 0, 0, 0, 0, 21]","""[0, 12, 3, 7, 8, 1, 5, 2, 2, 7, 2, 66, 57, 56, 60, 21, 28, 74, 0]"""
j10,1,proactive_robust,600,True,34,0.05486178398132324,0.0004949569702148438,"[0, 0, 0, 0, 8, 8, 14, 14, 22, 22, 22, 0, 0, 0, 0, 70]","""[0, 6, 1, 7, 4, 2, 7, 4, 7, 10, 8, 18, 70, 50, 23, 0]"""
j10,1,reactive,600,True,32,0.05486178398132324,0.1240077018737793,"[0, 0, 0, 0, 8, 8, 14, 14, 22, 22, 22, 0, 0, 0, 0, 32]","[0, 6, 1, 7, 4, 2, 7, 4, 7, 10, 8, 18, 70, 50, 23, 0]"
j10,1,stnu,600,True,28,0.7691609859466553,0.007645606994628906,"[0, 0, 0, 0, 7, 7, 11, 11, 18, 18, 18, 0, 0, 0, 0, 28]","""[0, 6, 1, 7, 4, 2, 7, 4, 7, 10, 8, 18, 70, 50, 23, 0]"""
j10,1,proactive_robust,600,True,34,0.0570063591003418,0.0005090236663818359,"[0, 0, 0, 0, 8, 8, 14, 14, 22, 22, 22, 0, 0, 0, 0, 70]","""[0, 8, 1, 6, 6, 1, 7, 4, 8, 10, 10, 18, 70, 50, 23, 0]"""
j10,1,reactive,600,True,32,0.0570063591003418,0.10683798789978027,"[0, 0, 0, 0, 8, 8, 14, 14, 22, 22, 22, 0, 0, 0, 0, 32]","[0, 8, 1, 6, 6, 1, 7, 4, 8, 10, 10, 18, 70, 50, 23, 0]"
j10,1,stnu,600,True,29,0.7266221046447754,0.007651805877685547,"[0, 0, 0, 0, 6, 6, 12, 12, 19, 19, 19, 0, 0, 0, 0, 29]","""[0, 8, 1, 6, 6, 1, 7, 4, 8, 10, 10, 18, 70, 50, 23, 0]"""
j10,1,proactive_robust,600,True,34,0.05324816703796387,0.0004975795745849609,"[0, 0, 0, 0, 8, 8, 14, 14, 22, 22, 22, 0, 0, 0, 0, 70]","""[0, 9, 1, 7, 6, 4, 4, 5, 6, 6, 12, 18, 70, 50, 23, 0]"""
j10,1,reactive,600,True,34,0.05324816703796387,0.08757781982421875,"[0, 0, 0, 0, 8, 8, 14, 14, 22, 22, 22, 0, 0, 0, 0, 34]","[0, 9, 1, 7, 6, 4, 4, 5, 6, 6, 12, 18, 70, 50, 23, 0]"
j10,1,stnu,600,True,30,0.7505784034729004,0.007576704025268555,"[0, 0, 0, 0, 7, 7, 13, 13, 18, 18, 18, 0, 0, 0, 0, 30]","""[0, 9, 1, 7, 6, 4, 4, 5, 6, 6, 12, 18, 70, 50, 23, 0]"""
j10,1,proactive_robust,600,True,34,0.05280017852783203,0.0004696846008300781,"[0, 0, 0, 0, 8, 8, 14, 14, 22, 22, 22, 0, 0, 0, 0, 70]","""[0, 7, 1, 4, 5, 2, 5, 2, 5, 5, 6, 18, 70, 50, 23, 0]"""
j10,1,reactive,600,True,28,0.05280017852783203,0.13975191116333008,"[0, 0, 0, 0, 8, 8, 14, 14, 22, 22, 22, 0, 0, 0, 0, 28]","[0, 7, 1, 4, 5, 2, 5, 2, 5, 5, 6, 18, 70, 50, 23, 0]"
j10,1,stnu,600,True,20,0.732213020324707,0.008758544921875,"[0, 0, 0, 0, 4, 4, 9, 9, 14, 14, 14, 0, 0, 0, 0, 20]","""[0, 7, 1, 4, 5, 2, 5, 2, 5, 5, 6, 18, 70, 50, 23, 0]"""
j10,1,proactive_robust,600,True,34,0.05729055404663086,0.0004734992980957031,"[0, 0, 0, 0, 8, 8, 14, 14, 22, 22, 22, 0, 0, 0, 0, 70]","""[0, 5, 1, 3, 5, 2, 7, 2, 3, 7, 11, 18, 70, 50, 23, 0]"""
j10,1,reactive,600,True,33,0.05729055404663086,0.149214506149292,"[0, 0, 0, 0, 8, 8, 14, 14, 22, 22, 22, 0, 0, 0, 0, 33]","[0, 5, 1, 3, 5, 2, 7, 2, 3, 7, 11, 18, 70, 50, 23, 0]"
j10,1,stnu,600,True,26,0.824531078338623,0.007591724395751953,"[0, 0, 0, 0, 3, 3, 8, 8, 15, 15, 15, 0, 0, 0, 0, 26]","""[0, 5, 1, 3, 5, 2, 7, 2, 3, 7, 11, 18, 70, 50, 23, 0]"""
j10,1,proactive_robust,600,True,34,0.054961204528808594,0.00047516822814941406,"[0, 0, 0, 0, 8, 8, 14, 14, 22, 22, 22, 0, 0, 0, 0, 70]","""[0, 5, 2, 3, 2, 2, 3, 5, 4, 5, 9, 18, 70, 50, 23, 0]"""
j10,1,reactive,600,True,31,0.054961204528808594,0.14047646522521973,"[0, 0, 0, 0, 8, 8, 14, 14, 22, 22, 22, 0, 0, 0, 0, 31]","[0, 5, 2, 3, 2, 2, 3, 5, 4, 5, 9, 18, 70, 50, 23, 0]"
j10,1,stnu,600,True,19,0.7543013095855713,0.007632732391357422,"[0, 0, 0, 0, 3, 3, 5, 5, 10, 10, 10, 0, 0, 0, 0, 19]","""[0, 5, 2, 3, 2, 2, 3, 5, 4, 5, 9, 18, 70, 50, 23, 0]"""
j10,1,proactive_robust,600,True,34,0.052434682846069336,0.00047850608825683594,"[0, 0, 0, 0, 8, 8, 14, 14, 22, 22, 22, 0, 0, 0, 0, 70]","""[0, 9, 1, 7, 4, 1, 3, 6, 3, 6, 6, 18, 70, 50, 23, 0]"""
j10,1,reactive,600,True,28,0.052434682846069336,0.12552165985107422,"[0, 0, 0, 0, 8, 8, 14, 14, 22, 22, 22, 0, 0, 0, 0, 28]","[0, 9, 1, 7, 4, 1, 3, 6, 3, 6, 6, 18, 70, 50, 23, 0]"
j10,1,stnu,600,True,23,0.7480425834655762,0.007580280303955078,"[0, 0, 0, 0, 7, 7, 11, 11, 17, 17, 17, 0, 0, 0, 0, 23]","""[0, 9, 1, 7, 4, 1, 3, 6, 3, 6, 6, 18, 70, 50, 23, 0]"""
j10,1,proactive_robust,600,True,34,0.05596470832824707,0.00048422813415527344,"[0, 0, 0, 0, 8, 8, 14, 14, 22, 22, 22, 0, 0, 0, 0, 70]","""[0, 9, 2, 8, 2, 2, 6, 6, 7, 5, 7, 18, 70, 50, 23, 0]"""
j10,1,reactive,600,True,29,0.05596470832824707,0.08212852478027344,"[0, 0, 0, 0, 8, 8, 14, 14, 22, 22, 22, 0, 0, 0, 0, 29]","[0, 9, 2, 8, 2, 2, 6, 6, 7, 5, 7, 18, 70, 50, 23, 0]"
j10,1,stnu,600,True,23,0.7323966026306152,0.007501840591430664,"[0, 0, 0, 0, 8, 8, 10, 10, 16, 16, 16, 0, 0, 0, 0, 23]","""[0, 9, 2, 8, 2, 2, 6, 6, 7, 5, 7, 18, 70, 50, 23, 0]"""
j10,1,proactive_robust,600,True,34,0.053279876708984375,0.0004937648773193359,"[0, 0, 0, 0, 8, 8, 14, 14, 22, 22, 22, 0, 0, 0, 0, 70]","""[0, 9, 1, 3, 4, 2, 8, 3, 3, 10, 12, 18, 70, 50, 23, 0]"""
j10,1,reactive,600,True,34,0.053279876708984375,0.10957193374633789,"[0, 0, 0, 0, 8, 8, 14, 14, 22, 22, 22, 0, 0, 0, 0, 34]","[0, 9, 1, 3, 4, 2, 8, 3, 3, 10, 12, 18, 70, 50, 23, 0]"
j10,1,stnu,600,True,29,0.7217574119567871,0.007657766342163086,"[0, 0, 0, 0, 3, 3, 9, 9, 17, 17, 17, 0, 0, 0, 0, 29]","""[0, 9, 1, 3, 4, 2, 8, 3, 3, 10, 12, 18, 70, 50, 23, 0]"""
j10,1,proactive_robust,600,True,34,0.05459451675415039,0.0004749298095703125,"[0, 0, 0, 0, 8, 8, 14, 14, 22, 22, 22, 0, 0, 0, 0, 70]","""[0, 6, 2, 5, 6, 2, 7, 3, 6, 7, 6, 18, 70, 50, 23, 0]"""
j10,1,reactive,600,True,29,0.05459451675415039,0.10769915580749512,"[0, 0, 0, 0, 8, 8, 14, 14, 22, 22, 22, 0, 0, 0, 0, 29]","[0, 6, 2, 5, 6, 2, 7, 3, 6, 7, 6, 18, 70, 50, 23, 0]"
j10,1,stnu,600,True,25,0.7269275188446045,0.0076372623443603516,"[0, 0, 0, 0, 5, 5, 11, 11, 18, 18, 18, 0, 0, 0, 0, 25]","""[0, 6, 2, 5, 6, 2, 7, 3, 6, 7, 6, 18, 70, 50, 23, 0]"""
j10,1,proactive_robust,600,True,23,0.05550122261047363,0.00023508071899414062,"[0, 0, 0, 0, 4, 4, 8, 12, 14, 16, 16, 0, 0, 23]","""[0, 3, 5, 2, 5, 8, 4, 3, 2, 6, 2, 23, 13, 0]"""
j10,1,reactive,600,True,22,0.05550122261047363,0.09863853454589844,"[0, 0, 0, 0, 4, 4, 8, 12, 14, 16, 16, 0, 0, 22]","[0, 3, 5, 2, 5, 8, 4, 3, 2, 6, 2, 23, 13, 0]"
j10,1,stnu,600,True,18,0.7559459209442139,0.005891084671020508,"[0, 0, 0, 0, 2, 2, 5, 9, 10, 12, 12, 0, 0, 18]","""[0, 3, 5, 2, 5, 8, 4, 3, 2, 6, 2, 23, 13, 0]"""
j10,1,proactive_robust,600,True,23,0.05169939994812012,0.00024700164794921875,"[0, 0, 0, 0, 4, 4, 8, 12, 14, 16, 16, 0, 0, 23]","""[0, 2, 5, 3, 8, 8, 2, 4, 1, 3, 2, 23, 13, 0]"""
j10,1,reactive,600,True,19,0.05169939994812012,0.1279280185699463,"[0, 0, 0, 0, 4, 4, 8, 12, 14, 16, 16, 0, 0, 19]","[0, 2, 5, 3, 8, 8, 2, 4, 1, 3, 2, 23, 13, 0]"
j10,1,stnu,600,True,15,0.7133197784423828,0.005831480026245117,"[0, 0, 0, 0, 3, 3, 5, 7, 11, 12, 12, 0, 0, 15]","""[0, 2, 5, 3, 8, 8, 2, 4, 1, 3, 2, 23, 13, 0]"""
j10,1,proactive_robust,600,True,23,0.0536501407623291,0.000255584716796875,"[0, 0, 0, 0, 4, 4, 8, 12, 14, 16, 16, 0, 0, 23]","""[0, 5, 5, 3, 5, 7, 2, 3, 2, 7, 4, 23, 13, 0]"""
j10,1,reactive,600,True,22,0.0536501407623291,0.11905431747436523,"[0, 0, 0, 0, 4, 4, 8, 12, 11, 15, 15, 0, 0, 22]","[0, 5, 5, 3, 5, 7, 2, 3, 2, 7, 4, 23, 13, 0]"
j10,1,stnu,600,True,19,0.7127127647399902,0.005780220031738281,"[0, 0, 0, 0, 3, 3, 5, 7, 10, 12, 12, 0, 0, 19]","""[0, 5, 5, 3, 5, 7, 2, 3, 2, 7, 4, 23, 13, 0]"""
j10,1,proactive_robust,600,True,23,0.05267977714538574,0.0002503395080566406,"[0, 0, 0, 0, 4, 4, 8, 12, 14, 16, 16, 0, 0, 23]","""[0, 4, 6, 3, 10, 4, 3, 4, 2, 4, 4, 23, 13, 0]"""
j10,1,reactive,600,True,20,0.05267977714538574,0.10497593879699707,"[0, 0, 0, 0, 4, 4, 8, 12, 14, 16, 16, 0, 0, 20]","[0, 4, 6, 3, 10, 4, 3, 4, 2, 4, 4, 23, 13, 0]"
j10,1,stnu,600,True,19,0.7129635810852051,0.005805253982543945,"[0, 0, 0, 0, 3, 3, 6, 9, 13, 15, 15, 0, 0, 19]","""[0, 4, 6, 3, 10, 4, 3, 4, 2, 4, 4, 23, 13, 0]"""
j10,1,proactive_robust,600,True,23,0.05215930938720703,0.0002484321594238281,"[0, 0, 0, 0, 4, 4, 8, 12, 14, 16, 16, 0, 0, 23]","""[0, 2, 8, 3, 10, 7, 4, 4, 1, 5, 4, 23, 13, 0]"""
j10,1,reactive,600,True,21,0.05215930938720703,0.0706477165222168,"[0, 0, 0, 0, 4, 4, 8, 12, 14, 16, 16, 0, 0, 21]","[0, 2, 8, 3, 10, 7, 4, 4, 1, 5, 4, 23, 13, 0]"
j10,1,stnu,600,True,21,0.7389271259307861,0.00586700439453125,"[0, 0, 0, 0, 3, 3, 8, 12, 13, 16, 16, 0, 0, 21]","""[0, 2, 8, 3, 10, 7, 4, 4, 1, 5, 4, 23, 13, 0]"""
j10,1,proactive_robust,600,True,23,0.053214311599731445,0.00024318695068359375,"[0, 0, 0, 0, 4, 4, 8, 12, 14, 16, 16, 0, 0, 23]","""[0, 5, 5, 4, 10, 3, 3, 2, 2, 7, 1, 23, 13, 0]"""
j10,1,reactive,600,True,23,0.053214311599731445,0.09606504440307617,"[0, 0, 0, 0, 4, 4, 8, 12, 14, 16, 16, 0, 0, 23]","[0, 5, 5, 4, 10, 3, 3, 2, 2, 7, 1, 23, 13, 0]"
j10,1,stnu,600,True,23,0.7183845043182373,0.005824089050292969,"[0, 0, 0, 0, 4, 4, 5, 8, 14, 16, 16, 0, 0, 23]","""[0, 5, 5, 4, 10, 3, 3, 2, 2, 7, 1, 23, 13, 0]"""
j10,1,proactive_robust,600,True,23,0.05457139015197754,0.00023317337036132812,"[0, 0, 0, 0, 4, 4, 8, 12, 14, 16, 16, 0, 0, 23]","""[0, 5, 5, 1, 6, 3, 4, 1, 1, 6, 1, 23, 13, 0]"""
j10,1,reactive,600,True,22,0.05457139015197754,0.14455747604370117,"[0, 0, 0, 0, 4, 4, 8, 12, 14, 16, 16, 0, 0, 22]","[0, 5, 5, 1, 6, 3, 4, 1, 1, 6, 1, 23, 13, 0]"
j10,1,stnu,600,True,16,0.7075071334838867,0.005856752395629883,"[0, 0, 0, 0, 1, 1, 5, 9, 9, 10, 10, 0, 0, 16]","""[0, 5, 5, 1, 6, 3, 4, 1, 1, 6, 1, 23, 13, 0]"""
j10,1,proactive_robust,600,True,23,0.05235624313354492,0.00023484230041503906,"[0, 0, 0, 0, 4, 4, 8, 12, 14, 16, 16, 0, 0, 23]","""[0, 5, 3, 3, 8, 6, 2, 1, 2, 5, 4, 23, 13, 0]"""
j10,1,reactive,600,True,20,0.05235624313354492,0.14702773094177246,"[0, 0, 0, 0, 4, 4, 8, 12, 14, 13, 16, 0, 0, 20]","[0, 5, 3, 3, 8, 6, 2, 1, 2, 5, 4, 23, 13, 0]"
j10,1,stnu,600,True,18,0.7236320972442627,0.005878448486328125,"[0, 0, 0, 0, 3, 3, 5, 7, 11, 13, 13, 0, 0, 18]","""[0, 5, 3, 3, 8, 6, 2, 1, 2, 5, 4, 23, 13, 0]"""
j10,1,proactive_robust,600,True,23,0.05079531669616699,0.00024056434631347656,"[0, 0, 0, 0, 4, 4, 8, 12, 14, 16, 16, 0, 0, 23]","""[0, 6, 4, 3, 7, 6, 4, 1, 2, 6, 3, 23, 13, 0]"""
j10,1,reactive,600,True,22,0.05079531669616699,0.20403146743774414,"[0, 0, 0, 0, 4, 4, 8, 12, 14, 16, 16, 0, 0, 22]","[0, 6, 4, 3, 7, 6, 4, 1, 2, 6, 3, 23, 13, 0]"
j10,1,stnu,600,True,18,0.7687506675720215,0.0058917999267578125,"[0, 0, 0, 0, 3, 3, 6, 10, 10, 12, 12, 0, 0, 18]","""[0, 6, 4, 3, 7, 6, 4, 1, 2, 6, 3, 23, 13, 0]"""
j10,1,proactive_robust,600,True,23,0.05329608917236328,0.0002338886260986328,"[0, 0, 0, 0, 4, 4, 8, 12, 14, 16, 16, 0, 0, 23]","""[0, 2, 8, 4, 7, 6, 1, 2, 2, 3, 4, 23, 13, 0]"""
j10,1,reactive,600,True,18,0.05329608917236328,0.09957695007324219,"[0, 0, 0, 0, 4, 4, 8, 12, 11, 14, 14, 0, 0, 18]","[0, 2, 8, 4, 7, 6, 1, 2, 2, 3, 4, 23, 13, 0]"
j10,1,stnu,600,True,17,0.7233657836914062,0.005836009979248047,"[0, 0, 0, 0, 4, 4, 8, 9, 11, 13, 13, 0, 0, 17]","""[0, 2, 8, 4, 7, 6, 1, 2, 2, 3, 4, 23, 13, 0]"""
j10,1,proactive_robust,600,True,30,0.054308414459228516,0.0007278919219970703,"[0, 0, 0, 0, 6, 6, 10, 12, 18, 18, 6, 0, 0, 0, 0, 0, 0, 0, 69]","""[0, 1, 6, 6, 4, 5, 4, 6, 3, 11, 2, 69, 52, 33, 29, 12, 35, 64, 0]"""
j10,1,reactive,600,True,29,0.054308414459228516,0.05575156211853027,"[0, 0, 0, 0, 6, 6, 10, 12, 18, 18, 6, 0, 0, 0, 0, 0, 0, 0, 29]","[0, 1, 6, 6, 4, 5, 4, 6, 3, 11, 2, 69, 52, 33, 29, 12, 35, 64, 0]"
j10,1,stnu,600,True,28,0.7392182350158691,0.01049184799194336,"[0, 0, 0, 0, 6, 6, 10, 11, 14, 17, 6, 0, 0, 0, 0, 0, 0, 0, 28]","""[0, 1, 6, 6, 4, 5, 4, 6, 3, 11, 2, 69, 52, 33, 29, 12, 35, 64, 0]"""
j10,1,proactive_robust,600,True,30,0.05261540412902832,0.0007081031799316406,"[0, 0, 0, 0, 6, 6, 10, 12, 18, 18, 6, 0, 0, 0, 0, 0, 0, 0, 69]","""[0, 2, 4, 5, 2, 6, 6, 3, 5, 11, 2, 69, 52, 33, 29, 12, 35, 64, 0]"""
j10,1,reactive,600,True,29,0.05261540412902832,0.09215593338012695,"[0, 0, 0, 0, 6, 6, 10, 12, 18, 18, 6, 0, 0, 0, 0, 0, 0, 0, 29]","[0, 2, 4, 5, 2, 6, 6, 3, 5, 11, 2, 69, 52, 33, 29, 12, 35, 64, 0]"
j10,1,stnu,600,True,25,0.7536654472351074,0.01058053970336914,"[0, 0, 0, 0, 5, 5, 7, 11, 13, 14, 5, 0, 0, 0, 0, 0, 0, 0, 25]","""[0, 2, 4, 5, 2, 6, 6, 3, 5, 11, 2, 69, 52, 33, 29, 12, 35, 64, 0]"""
j10,1,proactive_robust,600,True,30,0.054007768630981445,0.0007023811340332031,"[0, 0, 0, 0, 6, 6, 10, 12, 18, 18, 6, 0, 0, 0, 0, 0, 0, 0, 69]","""[0, 1, 5, 3, 4, 4, 4, 5, 4, 9, 2, 69, 52, 33, 29, 12, 35, 64, 0]"""
j10,1,reactive,600,True,27,0.054007768630981445,0.09642601013183594,"[0, 0, 0, 0, 6, 6, 10, 12, 18, 18, 6, 0, 0, 0, 0, 0, 0, 0, 27]","[0, 1, 5, 3, 4, 4, 4, 5, 4, 9, 2, 69, 52, 33, 29, 12, 35, 64, 0]"
j10,1,stnu,600,True,23,0.7426702976226807,0.010534524917602539,"[0, 0, 0, 0, 3, 5, 7, 9, 11, 14, 3, 0, 0, 0, 0, 0, 0, 0, 23]","""[0, 1, 5, 3, 4, 4, 4, 5, 4, 9, 2, 69, 52, 33, 29, 12, 35, 64, 0]"""
j10,1,proactive_robust,600,True,30,0.056394100189208984,0.0007264614105224609,"[0, 0, 0, 0, 6, 6, 10, 12, 18, 18, 6, 0, 0, 0, 0, 0, 0, 0, 69]","""[0, 3, 2, 6, 2, 2, 3, 5, 2, 10, 1, 69, 52, 33, 29, 12, 35, 64, 0]"""
j10,1,reactive,600,True,28,0.056394100189208984,0.09175753593444824,"[0, 0, 0, 0, 6, 6, 10, 12, 18, 18, 6, 0, 0, 0, 0, 0, 0, 0, 28]","[0, 3, 2, 6, 2, 2, 3, 5, 2, 10, 1, 69, 52, 33, 29, 12, 35, 64, 0]"
j10,1,stnu,600,True,23,0.7472484111785889,0.010422468185424805,"[0, 0, 0, 0, 6, 6, 8, 8, 11, 13, 6, 0, 0, 0, 0, 0, 0, 0, 23]","""[0, 3, 2, 6, 2, 2, 3, 5, 2, 10, 1, 69, 52, 33, 29, 12, 35, 64, 0]"""
j10,1,proactive_robust,600,True,30,0.05219602584838867,0.0007011890411376953,"[0, 0, 0, 0, 6, 6, 10, 12, 18, 18, 6, 0, 0, 0, 0, 0, 0, 0, 69]","""[0, 4, 2, 5, 4, 2, 8, 4, 3, 6, 2, 69, 52, 33, 29, 12, 35, 64, 0]"""
j10,1,reactive,600,True,24,0.05219602584838867,0.0707249641418457,"[0, 0, 0, 0, 6, 6, 10, 12, 18, 18, 6, 0, 0, 0, 0, 0, 0, 0, 24]","[0, 4, 2, 5, 4, 2, 8, 4, 3, 6, 2, 69, 52, 33, 29, 12, 35, 64, 0]"
j10,1,stnu,600,True,23,0.7404577732086182,0.010535955429077148,"[0, 0, 0, 0, 5, 5, 9, 7, 17, 17, 5, 0, 0, 0, 0, 0, 0, 0, 23]","""[0, 4, 2, 5, 4, 2, 8, 4, 3, 6, 2, 69, 52, 33, 29, 12, 35, 64, 0]"""
j10,1,proactive_robust,600,True,30,0.05238509178161621,0.0007288455963134766,"[0, 0, 0, 0, 6, 6, 10, 12, 18, 18, 6, 0, 0, 0, 0, 0, 0, 0, 69]","""[0, 1, 5, 2, 3, 5, 7, 6, 2, 11, 1, 69, 52, 33, 29, 12, 35, 64, 0]"""
j10,1,reactive,600,True,29,0.05238509178161621,0.11739301681518555,"[0, 0, 0, 0, 6, 6, 10, 12, 18, 18, 6, 0, 0, 0, 0, 0, 0, 0, 29]","[0, 1, 5, 2, 3, 5, 7, 6, 2, 11, 1, 69, 52, 33, 29, 12, 35, 64, 0]"
j10,1,stnu,600,True,27,0.7461457252502441,0.010461091995239258,"[0, 0, 0, 0, 2, 5, 5, 10, 12, 16, 2, 0, 0, 0, 0, 0, 0, 0, 27]","""[0, 1, 5, 2, 3, 5, 7, 6, 2, 11, 1, 69, 52, 33, 29, 12, 35, 64, 0]"""
j10,1,proactive_robust,600,True,30,0.05388689041137695,0.0007004737854003906,"[0, 0, 0, 0, 6, 6, 10, 12, 18, 18, 6, 0, 0, 0, 0, 0, 0, 0, 69]","""[0, 3, 6, 2, 3, 3, 3, 6, 4, 8, 1, 69, 52, 33, 29, 12, 35, 64, 0]"""
j10,1,reactive,600,True,26,0.05388689041137695,0.22113943099975586,"[0, 0, 0, 0, 6, 6, 10, 12, 18, 18, 6, 0, 0, 0, 0, 0, 0, 0, 26]","[0, 3, 6, 2, 3, 3, 3, 6, 4, 8, 1, 69, 52, 33, 29, 12, 35, 64, 0]"
j10,1,stnu,600,True,23,0.7413177490234375,0.01038050651550293,"[0, 0, 0, 0, 3, 6, 6, 9, 9, 15, 3, 0, 0, 0, 0, 0, 0, 0, 23]","""[0, 3, 6, 2, 3, 3, 3, 6, 4, 8, 1, 69, 52, 33, 29, 12, 35, 64, 0]"""
j10,1,proactive_robust,600,True,30,0.05825185775756836,0.0007123947143554688,"[0, 0, 0, 0, 6, 6, 10, 12, 18, 18, 6, 0, 0, 0, 0, 0, 0, 0, 69]","""[0, 1, 2, 3, 2, 5, 4, 4, 6, 8, 1, 69, 52, 33, 29, 12, 35, 64, 0]"""
j10,1,reactive,600,True,26,0.05825185775756836,0.11986207962036133,"[0, 0, 0, 0, 6, 6, 10, 12, 18, 18, 6, 0, 0, 0, 0, 0, 0, 0, 26]","[0, 1, 2, 3, 2, 5, 4, 4, 6, 8, 1, 69, 52, 33, 29, 12, 35, 64, 0]"
j10,1,stnu,600,True,20,0.7435317039489746,0.010441303253173828,"[0, 0, 0, 0, 3, 3, 5, 8, 9, 12, 3, 0, 0, 0, 0, 0, 0, 0, 20]","""[0, 1, 2, 3, 2, 5, 4, 4, 6, 8, 1, 69, 52, 33, 29, 12, 35, 64, 0]"""
j10,1,proactive_robust,600,True,30,0.05113554000854492,0.0007283687591552734,"[0, 0, 0, 0, 6, 6, 10, 12, 18, 18, 6, 0, 0, 0, 0, 0, 0, 0, 69]","""[0, 2, 6, 6, 3, 5, 6, 3, 4, 10, 2, 69, 52, 33, 29, 12, 35, 64, 0]"""
j10,1,reactive,600,True,28,0.05113554000854492,0.06884002685546875,"[0, 0, 0, 0, 6, 6, 10, 12, 18, 18, 6, 0, 0, 0, 0, 0, 0, 0, 28]","[0, 2, 6, 6, 3, 5, 6, 3, 4, 10, 2, 69, 52, 33, 29, 12, 35, 64, 0]"
j10,1,stnu,600,True,25,0.7449831962585449,0.010520458221435547,"[0, 0, 0, 0, 6, 6, 9, 11, 15, 15, 6, 0, 0, 0, 0, 0, 0, 0, 25]","""[0, 2, 6, 6, 3, 5, 6, 3, 4, 10, 2, 69, 52, 33, 29, 12, 35, 64, 0]"""
j10,1,proactive_robust,600,True,30,0.051291465759277344,0.0007100105285644531,"[0, 0, 0, 0, 6, 6, 10, 12, 18, 18, 6, 0, 0, 0, 0, 0, 0, 0, 69]","""[0, 4, 2, 6, 1, 2, 4, 6, 4, 12, 2, 69, 52, 33, 29, 12, 35, 64, 0]"""
j10,1,reactive,600,True,30,0.051291465759277344,0.05582308769226074,"[0, 0, 0, 0, 6, 6, 10, 12, 14, 18, 6, 0, 0, 0, 0, 0, 0, 0, 30]","[0, 4, 2, 6, 1, 2, 4, 6, 4, 12, 2, 69, 52, 33, 29, 12, 35, 64, 0]"
j10,1,stnu,600,True,26,0.740523099899292,0.010401725769042969,"[0, 0, 0, 0, 6, 6, 8, 8, 12, 14, 6, 0, 0, 0, 0, 0, 0, 0, 26]","""[0, 4, 2, 6, 1, 2, 4, 6, 4, 12, 2, 69, 52, 33, 29, 12, 35, 64, 0]"""
j10,1,proactive_robust,600,True,28,0.06269311904907227,0.0010979175567626953,"[0, 0, 0, 0, 4, 7, 16, 10, 22, 22, 10, 0, 0, 0, 0, 0, 0, 0, 0, 0, 82]","""[0, 5, 4, 2, 6, 7, 3, 11, 4, 3, 5, 27, 10, 61, 70, 68, 27, 59, 82, 69, 0]"""
j10,1,reactive,600,True,26,0.06269311904907227,0.08099126815795898,"[0, 0, 0, 0, 4, 7, 16, 10, 22, 22, 10, 0, 0, 0, 0, 0, 0, 0, 0, 0, 26]","[0, 5, 4, 2, 6, 7, 3, 11, 4, 3, 5, 27, 10, 61, 70, 68, 27, 59, 82, 69, 0]"
j10,1,stnu,600,True,20,0.773876428604126,0.012445688247680664,"[0, 0, 0, 0, 2, 4, 11, 5, 16, 16, 5, 0, 0, 0, 0, 0, 0, 0, 0, 0, 20]","""[0, 5, 4, 2, 6, 7, 3, 11, 4, 3, 5, 27, 10, 61, 70, 68, 27, 59, 82, 69, 0]"""
j10,1,proactive_robust,600,True,28,0.06235194206237793,0.001035928726196289,"[0, 0, 0, 0, 4, 7, 16, 10, 22, 22, 10, 0, 0, 0, 0, 0, 0, 0, 0, 0, 82]","""[0, 5, 5, 4, 8, 6, 3, 10, 1, 2, 8, 27, 10, 61, 70, 68, 27, 59, 82, 69, 0]"""
j10,1,reactive,600,True,22,0.06235194206237793,0.06798076629638672,"[0, 0, 0, 0, 4, 7, 16, 10, 20, 20, 10, 0, 0, 0, 0, 0, 0, 0, 0, 0, 22]","[0, 5, 5, 4, 8, 6, 3, 10, 1, 2, 8, 27, 10, 61, 70, 68, 27, 59, 82, 69, 0]"
j10,1,stnu,600,True,17,0.7878913879394531,0.012523889541625977,"[0, 0, 0, 0, 4, 5, 12, 5, 15, 15, 5, 0, 0, 0, 0, 0, 0, 0, 0, 0, 17]","""[0, 5, 5, 4, 8, 6, 3, 10, 1, 2, 8, 27, 10, 61, 70, 68, 27, 59, 82, 69, 0]"""
j10,1,proactive_robust,600,True,28,0.06065106391906738,0.0010423660278320312,"[0, 0, 0, 0, 4, 7, 16, 10, 22, 22, 10, 0, 0, 0, 0, 0, 0, 0, 0, 0, 82]","""[0, 9, 4, 1, 12, 6, 3, 12, 1, 3, 4, 27, 10, 61, 70, 68, 27, 59, 82, 69, 0]"""
j10,1,reactive,600,True,25,0.06065106391906738,0.08154630661010742,"[0, 0, 0, 0, 4, 7, 16, 10, 22, 22, 10, 0, 0, 0, 0, 0, 0, 0, 0, 0, 25]","[0, 9, 4, 1, 12, 6, 3, 12, 1, 3, 4, 27, 10, 61, 70, 68, 27, 59, 82, 69, 0]"
j10,1,stnu,600,True,24,0.855515718460083,0.012378454208374023,"[0, 0, 0, 0, 1, 4, 13, 9, 21, 21, 9, 0, 0, 0, 0, 0, 0, 0, 0, 0, 24]","""[0, 9, 4, 1, 12, 6, 3, 12, 1, 3, 4, 27, 10, 61, 70, 68, 27, 59, 82, 69, 0]"""
j10,1,proactive_robust,600,True,28,0.057833194732666016,0.0010409355163574219,"[0, 0, 0, 0, 4, 7, 16, 10, 22, 22, 10, 0, 0, 0, 0, 0, 0, 0, 0, 0, 82]","""[0, 7, 2, 3, 10, 7, 3, 6, 3, 5, 6, 27, 10, 61, 70, 68, 27, 59, 82, 69, 0]"""
j10,1,reactive,600,True,22,0.057833194732666016,0.09251618385314941,"[0, 0, 0, 0, 4, 7, 16, 10, 19, 16, 10, 0, 0, 0, 0, 0, 0, 0, 0, 0, 22]","[0, 7, 2, 3, 10, 7, 3, 6, 3, 5, 6, 27, 10, 61, 70, 68, 27, 59, 82, 69, 0]"
j10,1,stnu,600,True,21,0.7778599262237549,0.012478113174438477,"[0, 0, 0, 0, 3, 3, 13, 7, 16, 16, 7, 0, 0, 0, 0, 0, 0, 0, 0, 0, 21]","""[0, 7, 2, 3, 10, 7, 3, 6, 3, 5, 6, 27, 10, 61, 70, 68, 27, 59, 82, 69, 0]"""
j10,1,proactive_robust,600,True,28,0.05803370475769043,0.001024007797241211,"[0, 0, 0, 0, 4, 7, 16, 10, 22, 22, 10, 0, 0, 0, 0, 0, 0, 0, 0, 0, 82]","""[0, 9, 2, 1, 7, 6, 1, 8, 4, 6, 3, 27, 10, 61, 70, 68, 27, 59, 82, 69, 0]"""
j10,1,reactive,600,True,24,0.05803370475769043,0.09786868095397949,"[0, 0, 0, 0, 4, 7, 16, 10, 18, 18, 10, 0, 0, 0, 0, 0, 0, 0, 0, 0, 24]","[0, 9, 2, 1, 7, 6, 1, 8, 4, 6, 3, 27, 10, 61, 70, 68, 27, 59, 82, 69, 0]"
j10,1,stnu,600,True,23,0.7699635028839111,0.01238703727722168,"[0, 0, 0, 0, 1, 2, 9, 9, 17, 17, 9, 0, 0, 0, 0, 0, 0, 0, 0, 0, 23]","""[0, 9, 2, 1, 7, 6, 1, 8, 4, 6, 3, 27, 10, 61, 70, 68, 27, 59, 82, 69, 0]"""
j10,1,proactive_robust,600,True,28,0.062442779541015625,0.0010361671447753906,"[0, 0, 0, 0, 4, 7, 16, 10, 22, 22, 10, 0, 0, 0, 0, 0, 0, 0, 0, 0, 82]","""[0, 5, 5, 4, 6, 4, 2, 8, 2, 2, 6, 27, 10, 61, 70, 68, 27, 59, 82, 69, 0]"""
j10,1,reactive,600,True,20,0.062442779541015625,0.08823442459106445,"[0, 0, 0, 0, 4, 7, 16, 10, 18, 18, 10, 0, 0, 0, 0, 0, 0, 0, 0, 0, 20]","[0, 5, 5, 4, 6, 4, 2, 8, 2, 2, 6, 27, 10, 61, 70, 68, 27, 59, 82, 69, 0]"
j10,1,stnu,600,True,15,0.8526992797851562,0.012473106384277344,"[0, 0, 0, 0, 4, 5, 10, 5, 13, 13, 5, 0, 0, 0, 0, 0, 0, 0, 0, 0, 15]","""[0, 5, 5, 4, 6, 4, 2, 8, 2, 2, 6, 27, 10, 61, 70, 68, 27, 59, 82, 69, 0]"""
j10,1,proactive_robust,600,True,28,0.05752420425415039,0.0010454654693603516,"[0, 0, 0, 0, 4, 7, 16, 10, 22, 22, 10, 0, 0, 0, 0, 0, 0, 0, 0, 0, 82]","""[0, 9, 5, 1, 6, 6, 2, 12, 4, 6, 4, 27, 10, 61, 70, 68, 27, 59, 82, 69, 0]"""
j10,1,reactive,600,True,28,0.05752420425415039,0.0749976634979248,"[0, 0, 0, 0, 4, 7, 10, 10, 24, 22, 10, 0, 0, 0, 0, 0, 0, 0, 0, 0, 28]","[0, 9, 5, 1, 6, 6, 2, 12, 4, 6, 4, 27, 10, 61, 70, 68, 27, 59, 82, 69, 0]"
j10,1,stnu,600,True,27,0.7512402534484863,0.012485742568969727,"[0, 0, 0, 0, 1, 5, 11, 9, 21, 21, 9, 0, 0, 0, 0, 0, 0, 0, 0, 0, 27]","""[0, 9, 5, 1, 6, 6, 2, 12, 4, 6, 4, 27, 10, 61, 70, 68, 27, 59, 82, 69, 0]"""
j10,1,proactive_robust,600,True,28,0.05890488624572754,0.0010423660278320312,"[0, 0, 0, 0, 4, 7, 16, 10, 22, 22, 10, 0, 0, 0, 0, 0, 0, 0, 0, 0, 82]","""[0, 10, 5, 3, 11, 6, 2, 7, 2, 5, 4, 27, 10, 61, 70, 68, 27, 59, 82, 69, 0]"""
j10,1,reactive,600,True,22,0.05890488624572754,0.09510183334350586,"[0, 0, 0, 0, 4, 7, 16, 10, 18, 17, 10, 0, 0, 0, 0, 0, 0, 0, 0, 0, 22]","[0, 10, 5, 3, 11, 6, 2, 7, 2, 5, 4, 27, 10, 61, 70, 68, 27, 59, 82, 69, 0]"
j10,1,stnu,600,True,22,0.7871789932250977,0.01253819465637207,"[0, 0, 0, 0, 3, 5, 14, 10, 17, 17, 10, 0, 0, 0, 0, 0, 0, 0, 0, 0, 22]","""[0, 10, 5, 3, 11, 6, 2, 7, 2, 5, 4, 27, 10, 61, 70, 68, 27, 59, 82, 69, 0]"""
j10,1,proactive_robust,600,True,28,0.06313800811767578,0.0010442733764648438,"[0, 0, 0, 0, 4, 7, 16, 10, 22, 22, 10, 0, 0, 0, 0, 0, 0, 0, 0, 0, 82]","""[0, 5, 7, 4, 9, 2, 3, 6, 4, 6, 4, 27, 10, 61, 70, 68, 27, 59, 82, 69, 0]"""
j10,1,reactive,600,True,22,0.06313800811767578,0.06215810775756836,"[0, 0, 0, 0, 4, 7, 13, 10, 18, 16, 10, 0, 0, 0, 0, 0, 0, 0, 0, 0, 22]","[0, 5, 7, 4, 9, 2, 3, 6, 4, 6, 4, 27, 10, 61, 70, 68, 27, 59, 82, 69, 0]"
j10,1,stnu,600,True,22,0.8462541103363037,0.012497663497924805,"[0, 0, 0, 0, 4, 7, 13, 7, 16, 16, 7, 0, 0, 0, 0, 0, 0, 0, 0, 0, 22]","""[0, 5, 7, 4, 9, 2, 3, 6, 4, 6, 4, 27, 10, 61, 70, 68, 27, 59, 82, 69, 0]"""
j10,1,proactive_robust,600,True,28,0.06231069564819336,0.00106048583984375,"[0, 0, 0, 0, 4, 7, 16, 10, 22, 22, 10, 0, 0, 0, 0, 0, 0, 0, 0, 0, 82]","""[0, 9, 2, 2, 9, 6, 1, 12, 2, 6, 8, 27, 10, 61, 70, 68, 27, 59, 82, 69, 0]"""
j10,1,reactive,600,True,28,0.06231069564819336,0.08395123481750488,"[0, 0, 0, 0, 4, 7, 16, 10, 22, 22, 10, 0, 0, 0, 0, 0, 0, 0, 0, 0, 28]","[0, 9, 2, 2, 9, 6, 1, 12, 2, 6, 8, 27, 10, 61, 70, 68, 27, 59, 82, 69, 0]"
j10,1,stnu,600,True,27,0.7574746608734131,0.01252436637878418,"[0, 0, 0, 0, 2, 2, 11, 9, 21, 21, 9, 0, 0, 0, 0, 0, 0, 0, 0, 0, 27]","""[0, 9, 2, 2, 9, 6, 1, 12, 2, 6, 8, 27, 10, 61, 70, 68, 27, 59, 82, 69, 0]"""
j10,1,proactive_robust,600,True,34,0.05886054039001465,0.0006966590881347656,"[0, 0, 0, 0, 9, 16, 9, 16, 16, 16, 25, 0, 0, 0, 0, 0, 81]","""[0, 2, 10, 5, 2, 6, 4, 5, 5, 8, 9, 69, 24, 57, 49, 81, 0]"""
j10,1,reactive,600,True,31,0.05886054039001465,0.08661007881164551,"[0, 0, 0, 0, 9, 16, 9, 16, 16, 16, 22, 0, 0, 0, 0, 0, 31]","[0, 2, 10, 5, 2, 6, 4, 5, 5, 8, 9, 69, 24, 57, 49, 81, 0]"
j10,1,stnu,600,True,25,0.741034984588623,0.008352041244506836,"[0, 0, 0, 0, 5, 10, 5, 10, 9, 9, 16, 0, 0, 0, 0, 0, 25]","""[0, 2, 10, 5, 2, 6, 4, 5, 5, 8, 9, 69, 24, 57, 49, 81, 0]"""
j10,1,proactive_robust,600,True,34,0.05791592597961426,0.0007140636444091797,"[0, 0, 0, 0, 9, 16, 9, 16, 16, 16, 25, 0, 0, 0, 0, 0, 81]","""[0, 6, 10, 9, 4, 5, 4, 8, 6, 6, 9, 69, 24, 57, 49, 81, 0]"""
j10,1,reactive,600,True,33,0.05791592597961426,0.06549978256225586,"[0, 0, 0, 0, 9, 16, 9, 16, 16, 16, 24, 0, 0, 0, 0, 0, 33]","[0, 6, 10, 9, 4, 5, 4, 8, 6, 6, 9, 69, 24, 57, 49, 81, 0]"
j10,1,stnu,600,True,30,0.7965383529663086,0.008292198181152344,"[0, 0, 0, 0, 9, 13, 9, 13, 13, 13, 21, 0, 0, 0, 0, 0, 30]","""[0, 6, 10, 9, 4, 5, 4, 8, 6, 6, 9, 69, 24, 57, 49, 81, 0]"""
j10,1,proactive_robust,600,True,34,0.05891013145446777,0.0007045269012451172,"[0, 0, 0, 0, 9, 16, 9, 16, 16, 16, 25, 0, 0, 0, 0, 0, 81]","""[0, 3, 9, 7, 7, 4, 7, 5, 8, 4, 4, 69, 24, 57, 49, 81, 0]"""
j10,1,reactive,600,True,25,0.05891013145446777,0.0628957748413086,"[0, 0, 0, 0, 9, 16, 9, 16, 16, 16, 21, 0, 0, 0, 0, 0, 25]","[0, 3, 9, 7, 7, 4, 7, 5, 8, 4, 4, 69, 24, 57, 49, 81, 0]"
j10,1,stnu,600,True,23,0.7364823818206787,0.008299112319946289,"[0, 0, 0, 0, 7, 14, 7, 14, 14, 14, 19, 0, 0, 0, 0, 0, 23]","""[0, 3, 9, 7, 7, 4, 7, 5, 8, 4, 4, 69, 24, 57, 49, 81, 0]"""
j10,1,proactive_robust,600,True,34,0.0551762580871582,0.0006937980651855469,"[0, 0, 0, 0, 9, 16, 9, 16, 16, 16, 25, 0, 0, 0, 0, 0, 81]","""[0, 3, 10, 9, 2, 2, 5, 7, 7, 6, 4, 69, 24, 57, 49, 81, 0]"""
j10,1,reactive,600,True,29,0.0551762580871582,0.08099985122680664,"[0, 0, 0, 0, 9, 16, 9, 16, 16, 16, 25, 0, 0, 0, 0, 0, 29]","[0, 3, 10, 9, 2, 2, 5, 7, 7, 6, 4, 69, 24, 57, 49, 81, 0]"
j10,1,stnu,600,True,25,0.7481160163879395,0.00838160514831543,"[0, 0, 0, 0, 9, 11, 9, 14, 14, 14, 21, 0, 0, 0, 0, 0, 25]","""[0, 3, 10, 9, 2, 2, 5, 7, 7, 6, 4, 69, 24, 57, 49, 81, 0]"""
j10,1,proactive_robust,600,True,34,0.07772135734558105,0.00069427490234375,"[0, 0, 0, 0, 9, 16, 9, 16, 16, 16, 25, 0, 0, 0, 0, 0, 81]","""[0, 5, 6, 4, 5, 4, 7, 6, 7, 5, 9, 69, 24, 57, 49, 81, 0]"""
j10,1,reactive,600,True,31,0.07772135734558105,0.0787196159362793,"[0, 0, 0, 0, 9, 16, 9, 16, 16, 16, 22, 0, 0, 0, 0, 0, 31]","[0, 5, 6, 4, 5, 4, 7, 6, 7, 5, 9, 69, 24, 57, 49, 81, 0]"
j10,1,stnu,600,True,27,0.7340548038482666,0.008319377899169922,"[0, 0, 0, 0, 5, 10, 5, 12, 12, 12, 18, 0, 0, 0, 0, 0, 27]","""[0, 5, 6, 4, 5, 4, 7, 6, 7, 5, 9, 69, 24, 57, 49, 81, 0]"""
j10,1,proactive_robust,600,True,34,0.0550074577331543,0.0007140636444091797,"[0, 0, 0, 0, 9, 16, 9, 16, 16, 16, 25, 0, 0, 0, 0, 0, 81]","""[0, 5, 9, 8, 5, 4, 6, 6, 6, 4, 8, 69, 24, 57, 49, 81, 0]"""
j10,1,reactive,600,True,33,0.0550074577331543,0.0968174934387207,"[0, 0, 0, 0, 9, 16, 9, 16, 16, 16, 25, 0, 0, 0, 0, 0, 33]","[0, 5, 9, 8, 5, 4, 6, 6, 6, 4, 8, 69, 24, 57, 49, 81, 0]"
j10,1,stnu,600,True,28,0.7428774833679199,0.008443593978881836,"[0, 0, 0, 0, 8, 13, 8, 14, 14, 14, 20, 0, 0, 0, 0, 0, 28]","""[0, 5, 9, 8, 5, 4, 6, 6, 6, 4, 8, 69, 24, 57, 49, 81, 0]"""
j10,1,proactive_robust,600,True,34,0.05603146553039551,0.0006830692291259766,"[0, 0, 0, 0, 9, 16, 9, 16, 16, 16, 25, 0, 0, 0, 0, 0, 81]","""[0, 2, 7, 5, 3, 7, 5, 7, 3, 8, 4, 69, 24, 57, 49, 81, 0]"""
j10,1,reactive,600,True,29,0.05603146553039551,0.08182239532470703,"[0, 0, 0, 0, 9, 16, 9, 16, 16, 16, 25, 0, 0, 0, 0, 0, 29]","[0, 2, 7, 5, 3, 7, 5, 7, 3, 8, 4, 69, 24, 57, 49, 81, 0]"
j10,1,stnu,600,True,21,0.7343864440917969,0.008305788040161133,"[0, 0, 0, 0, 5, 8, 5, 10, 10, 10, 17, 0, 0, 0, 0, 0, 21]","""[0, 2, 7, 5, 3, 7, 5, 7, 3, 8, 4, 69, 24, 57, 49, 81, 0]"""
j10,1,proactive_robust,600,True,34,0.05567193031311035,0.0007112026214599609,"[0, 0, 0, 0, 9, 16, 9, 16, 16, 16, 25, 0, 0, 0, 0, 0, 81]","""[0, 4, 6, 8, 2, 4, 7, 8, 8, 4, 5, 69, 24, 57, 49, 81, 0]"""
j10,1,reactive,600,True,30,0.05567193031311035,0.07882142066955566,"[0, 0, 0, 0, 9, 16, 9, 16, 16, 16, 25, 0, 0, 0, 0, 0, 30]","[0, 4, 6, 8, 2, 4, 7, 8, 8, 4, 5, 69, 24, 57, 49, 81, 0]"
j10,1,stnu,600,True,28,0.812063455581665,0.008298158645629883,"[0, 0, 0, 0, 8, 10, 8, 15, 15, 15, 23, 0, 0, 0, 0, 0, 28]","""[0, 4, 6, 8, 2, 4, 7, 8, 8, 4, 5, 69, 24, 57, 49, 81, 0]"""
j10,1,proactive_robust,600,True,34,0.057488203048706055,0.0007083415985107422,"[0, 0, 0, 0, 9, 16, 9, 16, 16, 16, 25, 0, 0, 0, 0, 0, 81]","""[0, 6, 12, 8, 3, 3, 2, 8, 4, 5, 8, 69, 24, 57, 49, 81, 0]"""
j10,1,reactive,600,True,33,0.057488203048706055,0.0793447494506836,"[0, 0, 0, 0, 9, 16, 9, 16, 16, 16, 25, 0, 0, 0, 0, 0, 33]","[0, 6, 12, 8, 3, 3, 2, 8, 4, 5, 8, 69, 24, 57, 49, 81, 0]"
j10,1,stnu,600,True,28,0.7549903392791748,0.008259296417236328,"[0, 0, 0, 0, 8, 12, 8, 12, 11, 10, 20, 0, 0, 0, 0, 0, 28]","""[0, 6, 12, 8, 3, 3, 2, 8, 4, 5, 8, 69, 24, 57, 49, 81, 0]"""
j10,1,proactive_robust,600,True,34,0.06144976615905762,0.0007109642028808594,"[0, 0, 0, 0, 9, 16, 9, 16, 16, 16, 25, 0, 0, 0, 0, 0, 81]","""[0, 5, 7, 9, 6, 3, 6, 9, 4, 5, 7, 69, 24, 57, 49, 81, 0]"""
j10,1,reactive,600,True,32,0.06144976615905762,0.07323908805847168,"[0, 0, 0, 0, 9, 16, 9, 16, 16, 16, 25, 0, 0, 0, 0, 0, 32]","[0, 5, 7, 9, 6, 3, 6, 9, 4, 5, 7, 69, 24, 57, 49, 81, 0]"
j10,1,stnu,600,True,31,0.7291533946990967,0.008221626281738281,"[0, 0, 0, 0, 9, 15, 9, 15, 15, 15, 24, 0, 0, 0, 0, 0, 31]","""[0, 5, 7, 9, 6, 3, 6, 9, 4, 5, 7, 69, 24, 57, 49, 81, 0]"""
j10,1,proactive_robust,600,True,33,0.059185028076171875,0.0002751350402832031,"[0, 0, 0, 0, 9, 18, 21, 18, 29, 27, 18, 0, 33]","""[0, 5, 5, 10, 9, 3, 4, 9, 3, 2, 4, 33, 0]"""
j10,1,reactive,600,True,29,0.059185028076171875,0.07094502449035645,"[0, 0, 0, 0, 9, 18, 21, 18, 25, 27, 18, 0, 29]","[0, 5, 5, 10, 9, 3, 4, 9, 3, 2, 4, 33, 0]"
j10,1,stnu,600,True,25,0.7200675010681152,0.005287885665893555,"[0, 0, 0, 0, 5, 14, 17, 14, 21, 23, 14, 0, 25]","""[0, 5, 5, 10, 9, 3, 4, 9, 3, 2, 4, 33, 0]"""
j10,1,proactive_robust,600,True,33,0.05625486373901367,0.00025010108947753906,"[0, 0, 0, 0, 9, 18, 21, 18, 29, 27, 18, 0, 33]","""[0, 7, 4, 10, 9, 2, 4, 8, 2, 4, 4, 33, 0]"""
j10,1,reactive,600,True,31,0.05625486373901367,0.08857083320617676,"[0, 0, 0, 0, 9, 18, 21, 18, 29, 27, 18, 0, 31]","[0, 7, 4, 10, 9, 2, 4, 8, 2, 4, 4, 33, 0]"
j10,1,stnu,600,True,28,0.7230737209320068,0.0052835941314697266,"[0, 0, 0, 0, 7, 16, 18, 16, 22, 24, 16, 0, 28]","""[0, 7, 4, 10, 9, 2, 4, 8, 2, 4, 4, 33, 0]"""
j10,1,proactive_robust,600,True,33,0.05645179748535156,0.00025153160095214844,"[0, 0, 0, 0, 9, 18, 21, 18, 29, 27, 18, 0, 33]","""[0, 8, 6, 5, 7, 2, 3, 8, 4, 4, 9, 33, 0]"""
j10,1,reactive,600,True,33,0.05645179748535156,0.22158241271972656,"[0, 0, 0, 0, 9, 18, 21, 18, 29, 27, 18, 0, 33]","[0, 8, 6, 5, 7, 2, 3, 8, 4, 4, 9, 33, 0]"
j10,1,stnu,600,True,28,0.7246732711791992,0.005210161209106445,"[0, 0, 0, 0, 8, 15, 17, 15, 24, 24, 15, 0, 28]","""[0, 8, 6, 5, 7, 2, 3, 8, 4, 4, 9, 33, 0]"""
j10,1,proactive_robust,600,True,33,0.05706286430358887,0.00026488304138183594,"[0, 0, 0, 0, 9, 18, 21, 18, 29, 27, 18, 0, 33]","""[0, 9, 6, 9, 7, 1, 8, 7, 2, 2, 6, 33, 0]"""
j10,1,reactive,600,True,31,0.05706286430358887,0.08938765525817871,"[0, 0, 0, 0, 9, 18, 21, 18, 29, 27, 18, 0, 31]","[0, 9, 6, 9, 7, 1, 8, 7, 2, 2, 6, 33, 0]"
j10,1,stnu,600,True,27,0.7231335639953613,0.005219459533691406,"[0, 0, 0, 0, 9, 16, 17, 16, 25, 23, 16, 0, 27]","""[0, 9, 6, 9, 7, 1, 8, 7, 2, 2, 6, 33, 0]"""
j10,1,proactive_robust,600,True,33,0.061200857162475586,0.00024056434631347656,"[0, 0, 0, 0, 9, 18, 21, 18, 29, 27, 18, 0, 33]","""[0, 5, 7, 6, 5, 1, 6, 8, 1, 6, 4, 33, 0]"""
j10,1,reactive,600,True,33,0.061200857162475586,0.11274862289428711,"[0, 0, 0, 0, 9, 18, 21, 18, 27, 27, 18, 0, 33]","[0, 5, 7, 6, 5, 1, 6, 8, 1, 6, 4, 33, 0]"
j10,1,stnu,600,True,26,0.7110805511474609,0.005195140838623047,"[0, 0, 0, 0, 7, 12, 13, 12, 19, 20, 12, 0, 26]","""[0, 5, 7, 6, 5, 1, 6, 8, 1, 6, 4, 33, 0]"""
j10,1,proactive_robust,600,True,33,0.05765104293823242,0.00026106834411621094,"[0, 0, 0, 0, 9, 18, 21, 18, 29, 27, 18, 0, 33]","""[0, 8, 4, 9, 9, 1, 8, 6, 1, 5, 8, 33, 0]"""
j10,1,reactive,600,True,32,0.05765104293823242,0.09862828254699707,"[0, 0, 0, 0, 9, 18, 21, 18, 29, 27, 18, 0, 32]","[0, 8, 4, 9, 9, 1, 8, 6, 1, 5, 8, 33, 0]"
j10,1,stnu,600,True,30,0.7162985801696777,0.005280971527099609,"[0, 0, 0, 0, 8, 17, 18, 17, 26, 25, 17, 0, 30]","""[0, 8, 4, 9, 9, 1, 8, 6, 1, 5, 8, 33, 0]"""
j10,1,proactive_robust,600,True,33,0.05523991584777832,0.0002906322479248047,"[0, 0, 0, 0, 9, 18, 21, 18, 29, 27, 18, 0, 33]","""[0, 9, 8, 10, 9, 1, 4, 9, 4, 4, 8, 33, 0]"""
j10,1,reactive,600,True,33,0.05523991584777832,0.05616354942321777,"[0, 0, 0, 0, 9, 18, 21, 18, 29, 27, 18, 0, 33]","[0, 9, 8, 10, 9, 1, 4, 9, 4, 4, 8, 33, 0]"
j10,1,stnu,600,True,31,0.731989860534668,0.00529170036315918,"[0, 0, 0, 0, 9, 18, 19, 18, 26, 27, 18, 0, 31]","""[0, 9, 8, 10, 9, 1, 4, 9, 4, 4, 8, 33, 0]"""
j10,1,proactive_robust,600,True,33,0.05957627296447754,0.0002532005310058594,"[0, 0, 0, 0, 9, 18, 21, 18, 29, 27, 18, 0, 33]","""[0, 7, 4, 10, 8, 1, 7, 6, 2, 4, 8, 33, 0]"""
j10,1,reactive,600,True,31,0.05957627296447754,0.1028439998626709,"[0, 0, 0, 0, 9, 18, 21, 18, 29, 27, 18, 0, 31]","[0, 7, 4, 10, 8, 1, 7, 6, 2, 4, 8, 33, 0]"
j10,1,stnu,600,True,27,0.7129814624786377,0.0052356719970703125,"[0, 0, 0, 0, 7, 15, 16, 15, 23, 23, 15, 0, 27]","""[0, 7, 4, 10, 8, 1, 7, 6, 2, 4, 8, 33, 0]"""
j10,1,proactive_robust,600,True,33,0.05663919448852539,0.0002624988555908203,"[0, 0, 0, 0, 9, 18, 21, 18, 29, 27, 18, 0, 33]","""[0, 7, 9, 7, 5, 3, 3, 5, 1, 3, 8, 33, 0]"""
j10,1,reactive,600,True,26,0.05663919448852539,0.08950328826904297,"[0, 0, 0, 0, 9, 18, 21, 18, 24, 23, 18, 0, 26]","[0, 7, 9, 7, 5, 3, 3, 5, 1, 3, 8, 33, 0]"
j10,1,stnu,600,True,25,0.7213954925537109,0.0052683353424072266,"[0, 0, 0, 0, 9, 14, 17, 14, 22, 22, 14, 0, 25]","""[0, 7, 9, 7, 5, 3, 3, 5, 1, 3, 8, 33, 0]"""
j10,1,proactive_robust,600,True,33,0.0553128719329834,0.000255584716796875,"[0, 0, 0, 0, 9, 18, 21, 18, 29, 27, 18, 0, 33]","""[0, 5, 9, 10, 6, 2, 7, 8, 1, 5, 4, 33, 0]"""
j10,1,reactive,600,True,32,0.0553128719329834,0.08669590950012207,"[0, 0, 0, 0, 9, 18, 21, 18, 29, 27, 18, 0, 32]","[0, 5, 9, 10, 6, 2, 7, 8, 1, 5, 4, 33, 0]"
j10,1,stnu,600,True,28,0.7137482166290283,0.00530242919921875,"[0, 0, 0, 0, 9, 15, 17, 15, 24, 23, 15, 0, 28]","""[0, 5, 9, 10, 6, 2, 7, 8, 1, 5, 4, 33, 0]"""
j10,1,proactive_robust,600,True,31,0.0595555305480957,0.0008392333984375,"[0, 0, 0, 0, 4, 4, 13, 14, 19, 13, 23, 0, 0, 0, 0, 0, 0, 0, 75]","""[0, 4, 4, 6, 6, 9, 2, 9, 7, 6, 3, 49, 31, 31, 75, 72, 52, 34, 0]"""
j10,1,reactive,600,True,26,0.0595555305480957,0.08545041084289551,"[0, 0, 0, 0, 4, 4, 13, 14, 19, 13, 23, 0, 0, 0, 0, 0, 0, 0, 26]","[0, 4, 4, 6, 6, 9, 2, 9, 7, 6, 3, 49, 31, 31, 75, 72, 52, 34, 0]"
j10,1,stnu,600,True,25,0.7786698341369629,0.010658740997314453,"[0, 0, 0, 0, 4, 4, 10, 13, 13, 10, 22, 0, 0, 0, 0, 0, 0, 0, 25]","""[0, 4, 4, 6, 6, 9, 2, 9, 7, 6, 3, 49, 31, 31, 75, 72, 52, 34, 0]"""
j10,1,proactive_robust,600,True,31,0.06181669235229492,0.0008060932159423828,"[0, 0, 0, 0, 4, 4, 13, 14, 19, 13, 23, 0, 0, 0, 0, 0, 0, 0, 75]","""[0, 1, 2, 7, 9, 7, 4, 7, 8, 3, 1, 49, 31, 31, 75, 72, 52, 34, 0]"""
j10,1,reactive,600,True,27,0.06181669235229492,0.1135859489440918,"[0, 0, 0, 0, 4, 4, 13, 14, 19, 13, 23, 0, 0, 0, 0, 0, 0, 0, 27]","[0, 1, 2, 7, 9, 7, 4, 7, 8, 3, 1, 49, 31, 31, 75, 72, 52, 34, 0]"
j10,1,stnu,600,True,23,0.759371280670166,0.010754585266113281,"[0, 0, 0, 0, 2, 2, 11, 11, 15, 11, 18, 0, 0, 0, 0, 0, 0, 0, 23]","""[0, 1, 2, 7, 9, 7, 4, 7, 8, 3, 1, 49, 31, 31, 75, 72, 52, 34, 0]"""
j10,1,proactive_robust,600,True,31,0.05780673027038574,0.0008051395416259766,"[0, 0, 0, 0, 4, 4, 13, 14, 19, 13, 23, 0, 0, 0, 0, 0, 0, 0, 75]","""[0, 4, 3, 8, 8, 5, 5, 4, 9, 3, 3, 49, 31, 31, 75, 72, 52, 34, 0]"""
j10,1,reactive,600,True,28,0.05780673027038574,0.21810674667358398,"[0, 0, 0, 0, 4, 4, 13, 14, 19, 13, 23, 0, 0, 0, 0, 0, 0, 0, 28]","[0, 4, 3, 8, 8, 5, 5, 4, 9, 3, 3, 49, 31, 31, 75, 72, 52, 34, 0]"
j10,1,stnu,600,True,26,0.7487304210662842,0.01072239875793457,"[0, 0, 0, 0, 4, 4, 12, 12, 17, 12, 16, 0, 0, 0, 0, 0, 0, 0, 26]","""[0, 4, 3, 8, 8, 5, 5, 4, 9, 3, 3, 49, 31, 31, 75, 72, 52, 34, 0]"""
j10,1,proactive_robust,600,True,31,0.05648350715637207,0.0007970333099365234,"[0, 0, 0, 0, 4, 4, 13, 14, 19, 13, 23, 0, 0, 0, 0, 0, 0, 0, 75]","""[0, 2, 3, 9, 5, 8, 4, 6, 8, 4, 1, 49, 31, 31, 75, 72, 52, 34, 0]"""
j10,1,reactive,600,True,27,0.05648350715637207,0.12581777572631836,"[0, 0, 0, 0, 4, 4, 13, 14, 19, 13, 23, 0, 0, 0, 0, 0, 0, 0, 27]","[0, 2, 3, 9, 5, 8, 4, 6, 8, 4, 1, 49, 31, 31, 75, 72, 52, 34, 0]"
j10,1,stnu,600,True,21,0.7797591686248779,0.010708332061767578,"[0, 0, 0, 0, 3, 3, 9, 11, 13, 9, 17, 0, 0, 0, 0, 0, 0, 0, 21]","""[0, 2, 3, 9, 5, 8, 4, 6, 8, 4, 1, 49, 31, 31, 75, 72, 52, 34, 0]"""
j10,1,proactive_robust,600,True,31,0.05767512321472168,0.0008001327514648438,"[0, 0, 0, 0, 4, 4, 13, 14, 19, 13, 23, 0, 0, 0, 0, 0, 0, 0, 75]","""[0, 3, 2, 6, 9, 7, 2, 9, 6, 7, 2, 49, 31, 31, 75, 72, 52, 34, 0]"""
j10,1,reactive,600,True,25,0.05767512321472168,0.09380364418029785,"[0, 0, 0, 0, 4, 4, 13, 14, 19, 13, 23, 0, 0, 0, 0, 0, 0, 0, 25]","[0, 3, 2, 6, 9, 7, 2, 9, 6, 7, 2, 49, 31, 31, 75, 72, 52, 34, 0]"
j10,1,stnu,600,True,23,0.7820818424224854,0.010670900344848633,"[0, 0, 0, 0, 3, 3, 12, 12, 14, 12, 21, 0, 0, 0, 0, 0, 0, 0, 23]","""[0, 3, 2, 6, 9, 7, 2, 9, 6, 7, 2, 49, 31, 31, 75, 72, 52, 34, 0]"""
j10,1,proactive_robust,600,True,31,0.0578463077545166,0.0008184909820556641,"[0, 0, 0, 0, 4, 4, 13, 14, 19, 13, 23, 0, 0, 0, 0, 0, 0, 0, 75]","""[0, 1, 1, 7, 4, 10, 6, 5, 11, 6, 2, 49, 31, 31, 75, 72, 52, 34, 0]"""
j10,1,reactive,600,True,30,0.0578463077545166,0.11003398895263672,"[0, 0, 0, 0, 4, 4, 13, 14, 19, 13, 23, 0, 0, 0, 0, 0, 0, 0, 30]","[0, 1, 1, 7, 4, 10, 6, 5, 11, 6, 2, 49, 31, 31, 75, 72, 52, 34, 0]"
j10,1,stnu,600,True,24,0.8456332683563232,0.010614633560180664,"[0, 0, 0, 0, 1, 1, 7, 11, 13, 7, 16, 0, 0, 0, 0, 0, 0, 0, 24]","""[0, 1, 1, 7, 4, 10, 6, 5, 11, 6, 2, 49, 31, 31, 75, 72, 52, 34, 0]"""
j10,1,proactive_robust,600,True,31,0.0582880973815918,0.0008111000061035156,"[0, 0, 0, 0, 4, 4, 13, 14, 19, 13, 23, 0, 0, 0, 0, 0, 0, 0, 75]","""[0, 3, 2, 9, 9, 6, 3, 8, 10, 7, 3, 49, 31, 31, 75, 72, 52, 34, 0]"""
j10,1,reactive,600,True,29,0.0582880973815918,0.09395146369934082,"[0, 0, 0, 0, 4, 4, 13, 14, 19, 13, 23, 0, 0, 0, 0, 0, 0, 0, 29]","[0, 3, 2, 9, 9, 6, 3, 8, 10, 7, 3, 49, 31, 31, 75, 72, 52, 34, 0]"
j10,1,stnu,600,True,25,0.7534129619598389,0.010661840438842773,"[0, 0, 0, 0, 3, 3, 12, 12, 15, 12, 20, 0, 0, 0, 0, 0, 0, 0, 25]","""[0, 3, 2, 9, 9, 6, 3, 8, 10, 7, 3, 49, 31, 31, 75, 72, 52, 34, 0]"""
j10,1,proactive_robust,600,True,31,0.05645895004272461,0.0007965564727783203,"[0, 0, 0, 0, 4, 4, 13, 14, 19, 13, 23, 0, 0, 0, 0, 0, 0, 0, 75]","""[0, 3, 2, 5, 8, 6, 5, 7, 6, 6, 3, 49, 31, 31, 75, 72, 52, 34, 0]"""
j10,1,reactive,600,True,26,0.05645895004272461,0.13520121574401855,"[0, 0, 0, 0, 4, 4, 13, 14, 19, 13, 23, 0, 0, 0, 0, 0, 0, 0, 26]","[0, 3, 2, 5, 8, 6, 5, 7, 6, 6, 3, 49, 31, 31, 75, 72, 52, 34, 0]"
j10,1,stnu,600,True,22,0.7736926078796387,0.010749578475952148,"[0, 0, 0, 0, 3, 3, 11, 11, 16, 11, 18, 0, 0, 0, 0, 0, 0, 0, 22]","""[0, 3, 2, 5, 8, 6, 5, 7, 6, 6, 3, 49, 31, 31, 75, 72, 52, 34, 0]"""
j10,1,proactive_robust,600,True,31,0.05873250961303711,0.0007987022399902344,"[0, 0, 0, 0, 4, 4, 13, 14, 19, 13, 23, 0, 0, 0, 0, 0, 0, 0, 75]","""[0, 1, 3, 6, 5, 5, 2, 6, 11, 3, 2, 49, 31, 31, 75, 72, 52, 34, 0]"""
j10,1,reactive,600,True,30,0.05873250961303711,0.14258170127868652,"[0, 0, 0, 0, 4, 4, 13, 14, 19, 13, 23, 0, 0, 0, 0, 0, 0, 0, 30]","[0, 1, 3, 6, 5, 5, 2, 6, 11, 3, 2, 49, 31, 31, 75, 72, 52, 34, 0]"
j10,1,stnu,600,True,21,0.8579370975494385,0.01065373420715332,"[0, 0, 0, 0, 3, 3, 8, 8, 10, 8, 14, 0, 0, 0, 0, 0, 0, 0, 21]","""[0, 1, 3, 6, 5, 5, 2, 6, 11, 3, 2, 49, 31, 31, 75, 72, 52, 34, 0]"""
j10,1,proactive_robust,600,True,31,0.05778312683105469,0.0008304119110107422,"[0, 0, 0, 0, 4, 4, 13, 14, 19, 13, 23, 0, 0, 0, 0, 0, 0, 0, 75]","""[0, 3, 3, 5, 6, 5, 4, 7, 10, 7, 3, 49, 31, 31, 75, 72, 52, 34, 0]"""
j10,1,reactive,600,True,29,0.05778312683105469,0.1272447109222412,"[0, 0, 0, 0, 4, 4, 13, 14, 19, 13, 23, 0, 0, 0, 0, 0, 0, 0, 29]","[0, 3, 3, 5, 6, 5, 4, 7, 10, 7, 3, 49, 31, 31, 75, 72, 52, 34, 0]"
j10,1,stnu,600,True,23,0.7688019275665283,0.010692596435546875,"[0, 0, 0, 0, 3, 3, 9, 9, 13, 9, 16, 0, 0, 0, 0, 0, 0, 0, 23]","""[0, 3, 3, 5, 6, 5, 4, 7, 10, 7, 3, 49, 31, 31, 75, 72, 52, 34, 0]"""
j10,1,proactive_robust,600,True,44,0.062378883361816406,0.0006811618804931641,"[0, 0, 14, 17, 2, 2, 24, 11, 34, 34, 26, 0, 0, 0, 0, 0, 0, 74]","""[0, 1, 1, 6, 7, 8, 6, 12, 2, 6, 3, 22, 17, 49, 74, 73, 30, 0]"""
j10,1,reactive,600,True,40,0.062378883361816406,0.20331907272338867,"[0, 0, 14, 17, 2, 2, 24, 11, 34, 34, 26, 0, 0, 0, 0, 0, 0, 40]","[0, 1, 1, 6, 7, 8, 6, 12, 2, 6, 3, 22, 17, 49, 74, 73, 30, 0]"
j10,1,stnu,600,True,32,0.7731807231903076,0.009957075119018555,"[0, 0, 9, 10, 1, 1, 20, 8, 26, 26, 20, 0, 0, 0, 0, 0, 0, 32]","""[0, 1, 1, 6, 7, 8, 6, 12, 2, 6, 3, 22, 17, 49, 74, 73, 30, 0]"""
j10,1,proactive_robust,600,True,44,0.06031012535095215,0.0006902217864990234,"[0, 0, 14, 17, 2, 2, 24, 11, 34, 34, 26, 0, 0, 0, 0, 0, 0, 74]","""[0, 2, 2, 5, 4, 9, 6, 12, 4, 10, 3, 22, 17, 49, 74, 73, 30, 0]"""
j10,1,reactive,600,True,40,0.06031012535095215,0.16313767433166504,"[0, 0, 14, 17, 2, 2, 24, 11, 30, 30, 23, 0, 0, 0, 0, 0, 0, 40]","[0, 2, 2, 5, 4, 9, 6, 12, 4, 10, 3, 22, 17, 49, 74, 73, 30, 0]"
j10,1,stnu,600,True,34,0.9177839756011963,0.00989389419555664,"[0, 0, 11, 13, 2, 2, 18, 6, 24, 24, 18, 0, 0, 0, 0, 0, 0, 34]","""[0, 2, 2, 5, 4, 9, 6, 12, 4, 10, 3, 22, 17, 49, 74, 73, 30, 0]"""
j10,1,proactive_robust,600,True,44,0.05959606170654297,0.0006890296936035156,"[0, 0, 14, 17, 2, 2, 24, 11, 34, 34, 26, 0, 0, 0, 0, 0, 0, 74]","""[0, 2, 2, 9, 6, 7, 9, 8, 2, 9, 2, 22, 17, 49, 74, 73, 30, 0]"""
j10,1,reactive,600,True,43,0.05959606170654297,0.15427327156066895,"[0, 0, 14, 17, 2, 2, 24, 11, 34, 34, 26, 0, 0, 0, 0, 0, 0, 43]","[0, 2, 2, 9, 6, 7, 9, 8, 2, 9, 2, 22, 17, 49, 74, 73, 30, 0]"
j10,1,stnu,600,True,34,0.7531497478485107,0.00988459587097168,"[0, 0, 9, 11, 2, 2, 16, 8, 25, 25, 20, 0, 0, 0, 0, 0, 0, 34]","""[0, 2, 2, 9, 6, 7, 9, 8, 2, 9, 2, 22, 17, 49, 74, 73, 30, 0]"""
j10,1,proactive_robust,600,True,44,0.05887150764465332,0.0006968975067138672,"[0, 0, 14, 17, 2, 2, 24, 11, 34, 34, 26, 0, 0, 0, 0, 0, 0, 74]","""[0, 1, 3, 9, 6, 9, 9, 11, 3, 9, 4, 22, 17, 49, 74, 73, 30, 0]"""
j10,1,reactive,600,True,43,0.05887150764465332,0.1234889030456543,"[0, 0, 14, 17, 2, 2, 24, 11, 34, 34, 26, 0, 0, 0, 0, 0, 0, 43]","[0, 1, 3, 9, 6, 9, 9, 11, 3, 9, 4, 22, 17, 49, 74, 73, 30, 0]"
j10,1,stnu,600,True,36,0.7521376609802246,0.00986027717590332,"[0, 0, 10, 13, 1, 1, 18, 7, 27, 27, 22, 0, 0, 0, 0, 0, 0, 36]","""[0, 1, 3, 9, 6, 9, 9, 11, 3, 9, 4, 22, 17, 49, 74, 73, 30, 0]"""
j10,1,proactive_robust,600,True,44,0.05939817428588867,0.0006842613220214844,"[0, 0, 14, 17, 2, 2, 24, 11, 34, 34, 26, 0, 0, 0, 0, 0, 0, 74]","""[0, 2, 1, 6, 7, 7, 7, 11, 4, 8, 1, 22, 17, 49, 74, 73, 30, 0]"""
j10,1,reactive,600,True,42,0.05939817428588867,0.16619277000427246,"[0, 0, 14, 17, 2, 2, 24, 11, 34, 34, 26, 0, 0, 0, 0, 0, 0, 42]","[0, 2, 1, 6, 7, 7, 7, 11, 4, 8, 1, 22, 17, 49, 74, 73, 30, 0]"
j10,1,stnu,600,True,35,0.7485902309417725,0.009964227676391602,"[0, 0, 9, 10, 2, 2, 20, 9, 27, 27, 20, 0, 0, 0, 0, 0, 0, 35]","""[0, 2, 1, 6, 7, 7, 7, 11, 4, 8, 1, 22, 17, 49, 74, 73, 30, 0]"""
j10,1,proactive_robust,600,True,44,0.06384801864624023,0.0006744861602783203,"[0, 0, 14, 17, 2, 2, 24, 11, 34, 34, 26, 0, 0, 0, 0, 0, 0, 74]","""[0, 2, 1, 4, 8, 6, 7, 13, 1, 9, 3, 22, 17, 49, 74, 73, 30, 0]"""
j10,1,reactive,600,True,43,0.06384801864624023,0.14469289779663086,"[0, 0, 14, 17, 2, 2, 24, 11, 34, 34, 26, 0, 0, 0, 0, 0, 0, 43]","[0, 2, 1, 4, 8, 6, 7, 13, 1, 9, 3, 22, 17, 49, 74, 73, 30, 0]"
j10,1,stnu,600,True,39,0.8400919437408447,0.009949445724487305,"[0, 0, 10, 11, 2, 2, 23, 10, 30, 30, 23, 0, 0, 0, 0, 0, 0, 39]","""[0, 2, 1, 4, 8, 6, 7, 13, 1, 9, 3, 22, 17, 49, 74, 73, 30, 0]"""
j10,1,proactive_robust,600,True,44,0.059134483337402344,0.0006735324859619141,"[0, 0, 14, 17, 2, 2, 24, 11, 34, 34, 26, 0, 0, 0, 0, 0, 0, 74]","""[0, 1, 2, 7, 8, 7, 8, 10, 1, 6, 3, 22, 17, 49, 74, 73, 30, 0]"""
j10,1,reactive,600,True,40,0.059134483337402344,0.20916271209716797,"[0, 0, 14, 17, 2, 2, 24, 11, 34, 34, 26, 0, 0, 0, 0, 0, 0, 40]","[0, 1, 2, 7, 8, 7, 8, 10, 1, 6, 3, 22, 17, 49, 74, 73, 30, 0]"
j10,1,stnu,600,True,33,0.7665843963623047,0.009917259216308594,"[0, 0, 9, 11, 1, 1, 19, 9, 27, 27, 19, 0, 0, 0, 0, 0, 0, 33]","""[0, 1, 2, 7, 8, 7, 8, 10, 1, 6, 3, 22, 17, 49, 74, 73, 30, 0]"""
j10,1,proactive_robust,600,True,44,0.05948615074157715,0.000701904296875,"[0, 0, 14, 17, 2, 2, 24, 11, 34, 34, 26, 0, 0, 0, 0, 0, 0, 74]","""[0, 1, 2, 8, 9, 8, 9, 13, 4, 10, 2, 22, 17, 49, 74, 73, 30, 0]"""
j10,1,reactive,600,True,43,0.05948615074157715,0.13074851036071777,"[0, 0, 14, 17, 2, 2, 24, 11, 33, 33, 26, 0, 0, 0, 0, 0, 0, 43]","[0, 1, 2, 8, 9, 8, 9, 13, 4, 10, 2, 22, 17, 49, 74, 73, 30, 0]"
j10,1,stnu,600,True,42,0.7543799877166748,0.010054826736450195,"[0, 0, 10, 12, 1, 1, 23, 10, 32, 32, 23, 0, 0, 0, 0, 0, 0, 42]","""[0, 1, 2, 8, 9, 8, 9, 13, 4, 10, 2, 22, 17, 49, 74, 73, 30, 0]"""
j10,1,proactive_robust,600,True,44,0.059370994567871094,0.0006809234619140625,"[0, 0, 14, 17, 2, 2, 24, 11, 34, 34, 26, 0, 0, 0, 0, 0, 0, 74]","""[0, 1, 2, 4, 7, 6, 9, 10, 3, 5, 4, 22, 17, 49, 74, 73, 30, 0]"""
j10,1,reactive,600,True,39,0.059370994567871094,0.19547176361083984,"[0, 0, 14, 17, 2, 2, 24, 11, 34, 34, 26, 0, 0, 0, 0, 0, 0, 39]","[0, 1, 2, 4, 7, 6, 9, 10, 3, 5, 4, 22, 17, 49, 74, 73, 30, 0]"
j10,1,stnu,600,True,32,0.7468492984771729,0.009827613830566406,"[0, 0, 8, 10, 1, 1, 18, 8, 27, 27, 18, 0, 0, 0, 0, 0, 0, 32]","""[0, 1, 2, 4, 7, 6, 9, 10, 3, 5, 4, 22, 17, 49, 74, 73, 30, 0]"""
j10,1,proactive_robust,600,True,30,0.06822562217712402,0.0006518363952636719,"[0, 0, 0, 4, 2, 2, 14, 8, 23, 18, 14, 0, 0, 0, 0, 0, 0, 74]","""[0, 1, 1, 1, 1, 11, 4, 2, 3, 6, 4, 22, 17, 49, 74, 73, 30, 0]"""
j10,1,reactive,600,True,26,0.06822562217712402,0.17868733406066895,"[0, 0, 0, 4, 2, 2, 14, 8, 23, 18, 14, 0, 0, 0, 0, 0, 0, 26]","[0, 1, 1, 1, 1, 11, 4, 2, 3, 6, 4, 22, 17, 49, 74, 73, 30, 0]"
j10,1,stnu,600,True,32,0.8391726016998291,0.009957551956176758,"[0, 0, 8, 9, 1, 1, 17, 8, 23, 23, 17, 0, 0, 0, 0, 0, 0, 32]","""[0, 1, 1, 6, 7, 6, 6, 9, 1, 9, 2, 22, 17, 49, 74, 73, 30, 0]"""
j10,1,proactive_robust,600,True,20,0.15376877784729004,0.000804901123046875,"[0, 0, 0, 0, 6, 9, 3, 9, 13, 9, 13, 0, 0, 0, 0, 0, 0, 0, 0, 0, 68]","""[0, 2, 6, 3, 3, 4, 10, 1, 3, 1, 6, 44, 38, 66, 56, 68, 12, 25, 12, 31, 0]"""
j10,1,reactive,600,True,19,0.15376877784729004,0.08995795249938965,"[0, 0, 0, 0, 6, 9, 3, 9, 13, 9, 13, 0, 0, 0, 0, 0, 0, 0, 0, 0, 19]","[0, 2, 6, 3, 3, 4, 10, 1, 3, 1, 6, 44, 38, 66, 56, 68, 12, 25, 12, 31, 0]"
j10,1,stnu,600,True,18,0.9351468086242676,0.012464761734008789,"[0, 0, 0, 0, 3, 6, 2, 6, 12, 6, 12, 0, 0, 0, 0, 0, 0, 0, 0, 0, 18]","""[0, 2, 6, 3, 3, 4, 10, 1, 3, 1, 6, 44, 38, 66, 56, 68, 12, 25, 12, 31, 0]"""
j10,1,proactive_robust,600,True,20,0.05143237113952637,0.0008213520050048828,"[0, 0, 0, 0, 6, 9, 3, 9, 13, 9, 13, 0, 0, 0, 0, 0, 0, 0, 0, 0, 68]","""[0, 2, 5, 3, 3, 4, 8, 1, 3, 1, 4, 44, 38, 66, 56, 68, 12, 25, 12, 31, 0]"""
j10,1,reactive,600,True,17,0.05143237113952637,0.1034092903137207,"[0, 0, 0, 0, 6, 9, 3, 9, 13, 9, 13, 0, 0, 0, 0, 0, 0, 0, 0, 0, 17]","[0, 2, 5, 3, 3, 4, 8, 1, 3, 1, 4, 44, 38, 66, 56, 68, 12, 25, 12, 31, 0]"
j10,1,stnu,600,True,14,0.7771589756011963,0.012578725814819336,"[0, 0, 0, 0, 3, 5, 2, 6, 10, 6, 10, 0, 0, 0, 0, 0, 0, 0, 0, 0, 14]","""[0, 2, 5, 3, 3, 4, 8, 1, 3, 1, 4, 44, 38, 66, 56, 68, 12, 25, 12, 31, 0]"""
j10,1,proactive_robust,600,True,20,0.0520784854888916,0.0007963180541992188,"[0, 0, 0, 0, 6, 9, 3, 9, 13, 9, 13, 0, 0, 0, 0, 0, 0, 0, 0, 0, 68]","""[0, 3, 9, 3, 1, 2, 7, 3, 3, 1, 3, 44, 38, 66, 56, 68, 12, 25, 12, 31, 0]"""
j10,1,reactive,600,True,16,0.0520784854888916,0.07874608039855957,"[0, 0, 0, 0, 6, 9, 3, 9, 13, 9, 13, 0, 0, 0, 0, 0, 0, 0, 0, 0, 16]","[0, 3, 9, 3, 1, 2, 7, 3, 3, 1, 3, 44, 38, 66, 56, 68, 12, 25, 12, 31, 0]"
j10,1,stnu,600,True,15,0.8477668762207031,0.012437105178833008,"[0, 0, 0, 0, 3, 9, 3, 9, 12, 9, 12, 0, 0, 0, 0, 0, 0, 0, 0, 0, 15]","""[0, 3, 9, 3, 1, 2, 7, 3, 3, 1, 3, 44, 38, 66, 56, 68, 12, 25, 12, 31, 0]"""
j10,1,proactive_robust,600,True,20,0.0514986515045166,0.0008141994476318359,"[0, 0, 0, 0, 6, 9, 3, 9, 13, 9, 13, 0, 0, 0, 0, 0, 0, 0, 0, 0, 68]","""[0, 1, 9, 3, 1, 1, 9, 2, 1, 2, 4, 44, 38, 66, 56, 68, 12, 25, 12, 31, 0]"""
j10,1,reactive,600,True,17,0.0514986515045166,0.09525108337402344,"[0, 0, 0, 0, 6, 9, 3, 9, 13, 9, 13, 0, 0, 0, 0, 0, 0, 0, 0, 0, 17]","[0, 1, 9, 3, 1, 1, 9, 2, 1, 2, 4, 44, 38, 66, 56, 68, 12, 25, 12, 31, 0]"
j10,1,stnu,600,True,15,0.782989501953125,0.012454748153686523,"[0, 0, 0, 0, 3, 9, 1, 9, 11, 9, 11, 0, 0, 0, 0, 0, 0, 0, 0, 0, 15]","""[0, 1, 9, 3, 1, 1, 9, 2, 1, 2, 4, 44, 38, 66, 56, 68, 12, 25, 12, 31, 0]"""
j10,1,proactive_robust,600,True,20,0.05408787727355957,0.0007824897766113281,"[0, 0, 0, 0, 6, 9, 3, 9, 13, 9, 13, 0, 0, 0, 0, 0, 0, 0, 0, 0, 68]","""[0, 2, 7, 5, 2, 1, 7, 1, 3, 1, 2, 44, 38, 66, 56, 68, 12, 25, 12, 31, 0]"""
j10,1,reactive,600,True,13,0.05408787727355957,0.1383962631225586,"[0, 0, 0, 0, 6, 9, 3, 9, 10, 9, 10, 0, 0, 0, 0, 0, 0, 0, 0, 0, 13]","[0, 2, 7, 5, 2, 1, 7, 1, 3, 1, 2, 44, 38, 66, 56, 68, 12, 25, 12, 31, 0]"
j10,1,stnu,600,True,12,0.7506687641143799,0.012388467788696289,"[0, 0, 0, 0, 5, 7, 2, 7, 9, 7, 9, 0, 0, 0, 0, 0, 0, 0, 0, 0, 12]","""[0, 2, 7, 5, 2, 1, 7, 1, 3, 1, 2, 44, 38, 66, 56, 68, 12, 25, 12, 31, 0]"""
j10,1,proactive_robust,600,True,20,0.04935932159423828,0.0008130073547363281,"[0, 0, 0, 0, 6, 9, 3, 9, 13, 9, 13, 0, 0, 0, 0, 0, 0, 0, 0, 0, 68]","""[0, 2, 9, 6, 3, 1, 9, 3, 2, 2, 6, 44, 38, 66, 56, 68, 12, 25, 12, 31, 0]"""
j10,1,reactive,600,True,19,0.04935932159423828,0.05565214157104492,"[0, 0, 0, 0, 6, 9, 3, 9, 13, 9, 13, 0, 0, 0, 0, 0, 0, 0, 0, 0, 19]","[0, 2, 9, 6, 3, 1, 9, 3, 2, 2, 6, 44, 38, 66, 56, 68, 12, 25, 12, 31, 0]"
j10,1,stnu,600,True,18,0.7820174694061279,0.012487649917602539,"[0, 0, 0, 0, 6, 9, 2, 9, 12, 9, 12, 0, 0, 0, 0, 0, 0, 0, 0, 0, 18]","""[0, 2, 9, 6, 3, 1, 9, 3, 2, 2, 6, 44, 38, 66, 56, 68, 12, 25, 12, 31, 0]"""
j10,1,proactive_robust,600,True,20,0.053176164627075195,0.0008025169372558594,"[0, 0, 0, 0, 6, 9, 3, 9, 13, 9, 13, 0, 0, 0, 0, 0, 0, 0, 0, 0, 68]","""[0, 1, 5, 5, 2, 2, 5, 2, 2, 1, 6, 44, 38, 66, 56, 68, 12, 25, 12, 31, 0]"""
j10,1,reactive,600,True,19,0.053176164627075195,0.1417992115020752,"[0, 0, 0, 0, 6, 9, 3, 9, 13, 9, 13, 0, 0, 0, 0, 0, 0, 0, 0, 0, 19]","[0, 1, 5, 5, 2, 2, 5, 2, 2, 1, 6, 44, 38, 66, 56, 68, 12, 25, 12, 31, 0]"
j10,1,stnu,600,True,15,0.7609570026397705,0.01253819465637207,"[0, 0, 0, 0, 5, 5, 1, 7, 9, 7, 9, 0, 0, 0, 0, 0, 0, 0, 0, 0, 15]","""[0, 1, 5, 5, 2, 2, 5, 2, 2, 1, 6, 44, 38, 66, 56, 68, 12, 25, 12, 31, 0]"""
j10,1,proactive_robust,600,True,20,0.05274391174316406,0.0008025169372558594,"[0, 0, 0, 0, 6, 9, 3, 9, 13, 9, 13, 0, 0, 0, 0, 0, 0, 0, 0, 0, 68]","""[0, 1, 9, 5, 1, 1, 9, 1, 3, 2, 7, 44, 38, 66, 56, 68, 12, 25, 12, 31, 0]"""
j10,1,reactive,600,True,20,0.05274391174316406,0.08487892150878906,"[0, 0, 0, 0, 6, 9, 3, 9, 13, 9, 13, 0, 0, 0, 0, 0, 0, 0, 0, 0, 20]","[0, 1, 9, 5, 1, 1, 9, 1, 3, 2, 7, 44, 38, 66, 56, 68, 12, 25, 12, 31, 0]"
j10,1,stnu,600,True,17,0.7755646705627441,0.012408018112182617,"[0, 0, 0, 0, 5, 9, 1, 9, 10, 9, 10, 0, 0, 0, 0, 0, 0, 0, 0, 0, 17]","""[0, 1, 9, 5, 1, 1, 9, 1, 3, 2, 7, 44, 38, 66, 56, 68, 12, 25, 12, 31, 0]"""
j10,1,proactive_robust,600,True,20,0.05508875846862793,0.0008206367492675781,"[0, 0, 0, 0, 6, 9, 3, 9, 13, 9, 13, 0, 0, 0, 0, 0, 0, 0, 0, 0, 68]","""[0, 2, 8, 6, 2, 4, 10, 1, 4, 2, 2, 44, 38, 66, 56, 68, 12, 25, 12, 31, 0]"""
j10,1,reactive,600,True,17,0.05508875846862793,0.0681760311126709,"[0, 0, 0, 0, 6, 9, 3, 9, 13, 9, 13, 0, 0, 0, 0, 0, 0, 0, 0, 0, 17]","[0, 2, 8, 6, 2, 4, 10, 1, 4, 2, 2, 44, 38, 66, 56, 68, 12, 25, 12, 31, 0]"
j10,1,stnu,600,True,16,0.7644374370574951,0.01247262954711914,"[0, 0, 0, 0, 6, 8, 2, 8, 12, 8, 12, 0, 0, 0, 0, 0, 0, 0, 0, 0, 16]","""[0, 2, 8, 6, 2, 4, 10, 1, 4, 2, 2, 44, 38, 66, 56, 68, 12, 25, 12, 31, 0]"""
j10,1,proactive_robust,600,True,20,0.05419754981994629,0.0008132457733154297,"[0, 0, 0, 0, 6, 9, 3, 9, 13, 9, 13, 0, 0, 0, 0, 0, 0, 0, 0, 0, 68]","""[0, 2, 7, 6, 2, 3, 8, 2, 2, 2, 5, 44, 38, 66, 56, 68, 12, 25, 12, 31, 0]"""
j10,1,reactive,600,True,18,0.05419754981994629,0.10040616989135742,"[0, 0, 0, 0, 6, 9, 3, 9, 13, 9, 13, 0, 0, 0, 0, 0, 0, 0, 0, 0, 18]","[0, 2, 7, 6, 2, 3, 8, 2, 2, 2, 5, 44, 38, 66, 56, 68, 12, 25, 12, 31, 0]"
j10,1,stnu,600,True,15,0.776348352432251,0.012404441833496094,"[0, 0, 0, 0, 6, 7, 2, 8, 10, 8, 10, 0, 0, 0, 0, 0, 0, 0, 0, 0, 15]","""[0, 2, 7, 6, 2, 3, 8, 2, 2, 2, 5, 44, 38, 66, 56, 68, 12, 25, 12, 31, 0]"""
j10,1,proactive_robust,600,True,24,0.07674503326416016,0.0013790130615234375,"[0, 0, 0, 0, 11, 6, 16, 18, 16, 7, 22, 0, 0, 0, 0, 0, 0, 0, 0, 0, 0, 89]","""[0, 1, 3, 6, 2, 7, 1, 1, 2, 1, 2, 63, 54, 45, 84, 79, 46, 83, 87, 89, 48, 0]"""
j10,1,reactive,600,True,17,0.07674503326416016,0.13321590423583984,"[0, 0, 0, 0, 11, 6, 13, 14, 13, 7, 15, 0, 0, 0, 0, 0, 0, 0, 0, 0, 0, 17]","[0, 1, 3, 6, 2, 7, 1, 1, 2, 1, 2, 63, 54, 45, 84, 79, 46, 83, 87, 89, 48, 0]"
j10,1,stnu,600,True,14,0.8381068706512451,0.014469385147094727,"[0, 0, 0, 0, 7, 3, 10, 11, 10, 6, 12, 0, 0, 0, 0, 0, 0, 0, 0, 0, 0, 14]","""[0, 1, 3, 6, 2, 7, 1, 1, 2, 1, 2, 63, 54, 45, 84, 79, 46, 83, 87, 89, 48, 0]"""
j10,1,proactive_robust,600,True,24,0.07322192192077637,0.0013616085052490234,"[0, 0, 0, 0, 11, 6, 16, 18, 16, 7, 22, 0, 0, 0, 0, 0, 0, 0, 0, 0, 0, 89]","""[0, 1, 4, 3, 3, 9, 2, 4, 1, 3, 1, 63, 54, 45, 84, 79, 46, 83, 87, 89, 48, 0]"""
j10,1,reactive,600,True,23,0.07322192192077637,0.10237646102905273,"[0, 0, 0, 0, 11, 6, 16, 18, 16, 7, 22, 0, 0, 0, 0, 0, 0, 0, 0, 0, 0, 23]","[0, 1, 4, 3, 3, 9, 2, 4, 1, 3, 1, 63, 54, 45, 84, 79, 46, 83, 87, 89, 48, 0]"
j10,1,stnu,600,True,20,0.7972311973571777,0.01460123062133789,"[0, 0, 0, 0, 7, 4, 13, 15, 13, 4, 19, 0, 0, 0, 0, 0, 0, 0, 0, 0, 0, 20]","""[0, 1, 4, 3, 3, 9, 2, 4, 1, 3, 1, 63, 54, 45, 84, 79, 46, 83, 87, 89, 48, 0]"""
j10,1,proactive_robust,600,True,24,0.07243728637695312,0.0013129711151123047,"[0, 0, 0, 0, 11, 6, 16, 18, 16, 7, 22, 0, 0, 0, 0, 0, 0, 0, 0, 0, 0, 89]","""[0, 1, 6, 3, 2, 9, 2, 3, 2, 3, 2, 63, 54, 45, 84, 79, 46, 83, 87, 89, 48, 0]"""
j10,1,reactive,600,True,23,0.07243728637695312,0.08898615837097168,"[0, 0, 0, 0, 11, 6, 16, 18, 16, 7, 21, 0, 0, 0, 0, 0, 0, 0, 0, 0, 0, 23]","[0, 1, 6, 3, 2, 9, 2, 3, 2, 3, 2, 63, 54, 45, 84, 79, 46, 83, 87, 89, 48, 0]"
j10,1,stnu,600,True,22,0.811593770980835,0.014589309692382812,"[0, 0, 0, 0, 9, 6, 15, 17, 15, 6, 20, 0, 0, 0, 0, 0, 0, 0, 0, 0, 0, 22]","""[0, 1, 6, 3, 2, 9, 2, 3, 2, 3, 2, 63, 54, 45, 84, 79, 46, 83, 87, 89, 48, 0]"""
j10,1,proactive_robust,600,True,24,0.07116246223449707,0.0013616085052490234,"[0, 0, 0, 0, 11, 6, 16, 18, 16, 7, 22, 0, 0, 0, 0, 0, 0, 0, 0, 0, 0, 89]","""[0, 1, 3, 4, 1, 5, 2, 3, 1, 3, 2, 63, 54, 45, 84, 79, 46, 83, 87, 89, 48, 0]"""
j10,1,reactive,600,True,19,0.07116246223449707,0.13301658630371094,"[0, 0, 0, 0, 11, 6, 12, 14, 12, 7, 17, 0, 0, 0, 0, 0, 0, 0, 0, 0, 0, 19]","[0, 1, 3, 4, 1, 5, 2, 3, 1, 3, 2, 63, 54, 45, 84, 79, 46, 83, 87, 89, 48, 0]"
j10,1,stnu,600,True,15,0.8921053409576416,0.014469146728515625,"[0, 0, 0, 0, 7, 3, 8, 10, 8, 4, 13, 0, 0, 0, 0, 0, 0, 0, 0, 0, 0, 15]","""[0, 1, 3, 4, 1, 5, 2, 3, 1, 3, 2, 63, 54, 45, 84, 79, 46, 83, 87, 89, 48, 0]"""
j10,1,proactive_robust,600,True,24,0.07150459289550781,0.0013628005981445312,"[0, 0, 0, 0, 11, 6, 16, 18, 16, 7, 22, 0, 0, 0, 0, 0, 0, 0, 0, 0, 0, 89]","""[0, 1, 4, 3, 3, 9, 1, 3, 1, 2, 2, 63, 54, 45, 84, 79, 46, 83, 87, 89, 48, 0]"""
j10,1,reactive,600,True,23,0.07150459289550781,0.12124156951904297,"[0, 0, 0, 0, 11, 6, 16, 18, 16, 7, 21, 0, 0, 0, 0, 0, 0, 0, 0, 0, 0, 23]","[0, 1, 4, 3, 3, 9, 1, 3, 1, 2, 2, 63, 54, 45, 84, 79, 46, 83, 87, 89, 48, 0]"
j10,1,stnu,600,True,19,0.8058867454528809,0.014528989791870117,"[0, 0, 0, 0, 6, 4, 13, 14, 13, 4, 17, 0, 0, 0, 0, 0, 0, 0, 0, 0, 0, 19]","""[0, 1, 4, 3, 3, 9, 1, 3, 1, 2, 2, 63, 54, 45, 84, 79, 46, 83, 87, 89, 48, 0]"""
j10,1,proactive_robust,600,True,24,0.07703304290771484,0.0013363361358642578,"[0, 0, 0, 0, 11, 6, 16, 18, 16, 7, 22, 0, 0, 0, 0, 0, 0, 0, 0, 0, 0, 89]","""[0, 2, 2, 7, 1, 10, 1, 1, 2, 1, 1, 63, 54, 45, 84, 79, 46, 83, 87, 89, 48, 0]"""
j10,1,reactive,600,True,20,0.07703304290771484,0.09198141098022461,"[0, 0, 0, 0, 11, 6, 16, 18, 16, 7, 19, 0, 0, 0, 0, 0, 0, 0, 0, 0, 0, 20]","[0, 2, 2, 7, 1, 10, 1, 1, 2, 1, 1, 63, 54, 45, 84, 79, 46, 83, 87, 89, 48, 0]"
j10,1,stnu,600,True,15,0.8064532279968262,0.014497995376586914,"[0, 0, 0, 0, 8, 2, 12, 13, 12, 7, 14, 0, 0, 0, 0, 0, 0, 0, 0, 0, 0, 15]","""[0, 2, 2, 7, 1, 10, 1, 1, 2, 1, 1, 63, 54, 45, 84, 79, 46, 83, 87, 89, 48, 0]"""
j10,1,proactive_robust,600,True,24,0.06644845008850098,0.0013723373413085938,"[0, 0, 0, 0, 11, 6, 16, 18, 16, 7, 22, 0, 0, 0, 0, 0, 0, 0, 0, 0, 0, 89]","""[0, 1, 6, 5, 1, 10, 2, 3, 2, 2, 2, 63, 54, 45, 84, 79, 46, 83, 87, 89, 48, 0]"""
j10,1,reactive,600,True,23,0.06644845008850098,0.07682180404663086,"[0, 0, 0, 0, 11, 6, 16, 18, 16, 7, 21, 0, 0, 0, 0, 0, 0, 0, 0, 0, 0, 23]","[0, 1, 6, 5, 1, 10, 2, 3, 2, 2, 2, 63, 54, 45, 84, 79, 46, 83, 87, 89, 48, 0]"
j10,1,stnu,600,True,23,0.9002952575683594,0.014516115188598633,"[0, 0, 0, 0, 8, 6, 16, 18, 16, 6, 21, 0, 0, 0, 0, 0, 0, 0, 0, 0, 0, 23]","""[0, 1, 6, 5, 1, 10, 2, 3, 2, 2, 2, 63, 54, 45, 84, 79, 46, 83, 87, 89, 48, 0]"""
j10,1,proactive_robust,600,True,24,0.07375979423522949,0.0013568401336669922,"[0, 0, 0, 0, 11, 6, 16, 18, 16, 7, 22, 0, 0, 0, 0, 0, 0, 0, 0, 0, 0, 89]","""[0, 2, 2, 2, 3, 8, 2, 2, 2, 2, 2, 63, 54, 45, 84, 79, 46, 83, 87, 89, 48, 0]"""
j10,1,reactive,600,True,22,0.07375979423522949,0.07796835899353027,"[0, 0, 0, 0, 11, 6, 16, 18, 16, 7, 20, 0, 0, 0, 0, 0, 0, 0, 0, 0, 0, 22]","[0, 2, 2, 2, 3, 8, 2, 2, 2, 2, 2, 63, 54, 45, 84, 79, 46, 83, 87, 89, 48, 0]"
j10,1,stnu,600,True,16,0.7865500450134277,0.014382362365722656,"[0, 0, 0, 0, 4, 2, 10, 12, 10, 2, 14, 0, 0, 0, 0, 0, 0, 0, 0, 0, 0, 16]","""[0, 2, 2, 2, 3, 8, 2, 2, 2, 2, 2, 63, 54, 45, 84, 79, 46, 83, 87, 89, 48, 0]"""
j10,1,proactive_robust,600,True,24,0.07307767868041992,0.0013594627380371094,"[0, 0, 0, 0, 11, 6, 16, 18, 16, 7, 22, 0, 0, 0, 0, 0, 0, 0, 0, 0, 0, 89]","""[0, 2, 2, 3, 3, 6, 1, 2, 1, 4, 2, 63, 54, 45, 84, 79, 46, 83, 87, 89, 48, 0]"""
j10,1,reactive,600,True,21,0.07307767868041992,0.09157943725585938,"[0, 0, 0, 0, 11, 6, 16, 17, 16, 7, 19, 0, 0, 0, 0, 0, 0, 0, 0, 0, 0, 21]","[0, 2, 2, 3, 3, 6, 1, 2, 1, 4, 2, 63, 54, 45, 84, 79, 46, 83, 87, 89, 48, 0]"
j10,1,stnu,600,True,15,0.7889256477355957,0.014428853988647461,"[0, 0, 0, 0, 7, 2, 10, 11, 10, 3, 13, 0, 0, 0, 0, 0, 0, 0, 0, 0, 0, 15]","""[0, 2, 2, 3, 3, 6, 1, 2, 1, 4, 2, 63, 54, 45, 84, 79, 46, 83, 87, 89, 48, 0]"""
j10,1,proactive_robust,600,True,24,0.07422804832458496,0.001322031021118164,"[0, 0, 0, 0, 11, 6, 16, 18, 16, 7, 22, 0, 0, 0, 0, 0, 0, 0, 0, 0, 0, 89]","""[0, 2, 3, 2, 3, 5, 2, 4, 2, 1, 2, 63, 54, 45, 84, 79, 46, 83, 87, 89, 48, 0]"""
j10,1,reactive,600,True,19,0.07422804832458496,0.06921696662902832,"[0, 0, 0, 0, 3, 6, 11, 13, 17, 7, 17, 0, 0, 0, 0, 0, 0, 0, 0, 0, 0, 19]","[0, 2, 3, 2, 3, 5, 2, 4, 2, 1, 2, 63, 54, 45, 84, 79, 46, 83, 87, 89, 48, 0]"
j10,1,stnu,600,True,16,0.8062257766723633,0.014444589614868164,"[0, 0, 0, 0, 4, 3, 8, 10, 8, 3, 14, 0, 0, 0, 0, 0, 0, 0, 0, 0, 0, 16]","""[0, 2, 3, 2, 3, 5, 2, 4, 2, 1, 2, 63, 54, 45, 84, 79, 46, 83, 87, 89, 48, 0]"""
j10,1,proactive_robust,600,True,41,0.07591414451599121,0.0009338855743408203,"[0, 0, 0, 2, 6, 12, 15, 15, 31, 39, 25, 0, 0, 0, 0, 0, 0, 0, 0, 0, 83]","""[0, 2, 2, 3, 4, 1, 3, 10, 8, 1, 6, 11, 51, 83, 70, 18, 64, 51, 42, 32, 0]"""
j10,1,reactive,600,True,40,0.07591414451599121,0.09712409973144531,"[0, 0, 0, 2, 6, 12, 15, 15, 31, 39, 25, 0, 0, 0, 0, 0, 0, 0, 0, 0, 40]","[0, 2, 2, 3, 4, 1, 3, 10, 8, 1, 6, 11, 51, 83, 70, 18, 64, 51, 42, 32, 0]"
j10,1,stnu,600,True,35,0.8018598556518555,0.01380777359008789,"[0, 0, 0, 2, 5, 9, 10, 10, 26, 34, 20, 0, 0, 0, 0, 0, 0, 0, 0, 0, 35]","""[0, 2, 2, 3, 4, 1, 3, 10, 8, 1, 6, 11, 51, 83, 70, 18, 64, 51, 42, 32, 0]"""
j10,1,proactive_robust,600,True,41,0.07567119598388672,0.0009267330169677734,"[0, 0, 0, 2, 6, 12, 15, 15, 31, 39, 25, 0, 0, 0, 0, 0, 0, 0, 0, 0, 83]","""[0, 6, 1, 2, 5, 2, 2, 5, 6, 1, 3, 11, 51, 83, 70, 18, 64, 51, 42, 32, 0]"""
j10,1,reactive,600,True,34,0.07567119598388672,0.17407774925231934,"[0, 0, 0, 2, 6, 12, 15, 15, 28, 20, 25, 0, 0, 0, 0, 0, 0, 0, 0, 0, 34]","[0, 6, 1, 2, 5, 2, 2, 5, 6, 1, 3, 11, 51, 83, 70, 18, 64, 51, 42, 32, 0]"
j10,1,stnu,600,True,28,0.8172333240509033,0.013787508010864258,"[0, 0, 0, 1, 6, 11, 13, 13, 21, 27, 18, 0, 0, 0, 0, 0, 0, 0, 0, 0, 28]","""[0, 6, 1, 2, 5, 2, 2, 5, 6, 1, 3, 11, 51, 83, 70, 18, 64, 51, 42, 32, 0]"""
j10,1,proactive_robust,600,True,41,0.07145905494689941,0.0009222030639648438,"[0, 0, 0, 2, 6, 12, 15, 15, 31, 39, 25, 0, 0, 0, 0, 0, 0, 0, 0, 0, 83]","""[0, 2, 1, 3, 6, 3, 2, 8, 3, 2, 4, 11, 51, 83, 70, 18, 64, 51, 42, 32, 0]"""
j10,1,reactive,600,True,32,0.07145905494689941,0.12790656089782715,"[0, 0, 0, 2, 6, 12, 15, 15, 29, 23, 25, 0, 0, 0, 0, 0, 0, 0, 0, 0, 32]","[0, 2, 1, 3, 6, 3, 2, 8, 3, 2, 4, 11, 51, 83, 70, 18, 64, 51, 42, 32, 0]"
j10,1,stnu,600,True,30,0.8001294136047363,0.013875007629394531,"[0, 0, 0, 1, 4, 10, 13, 13, 25, 28, 21, 0, 0, 0, 0, 0, 0, 0, 0, 0, 30]","""[0, 2, 1, 3, 6, 3, 2, 8, 3, 2, 4, 11, 51, 83, 70, 18, 64, 51, 42, 32, 0]"""
j10,1,proactive_robust,600,True,41,0.0713815689086914,0.0009472370147705078,"[0, 0, 0, 2, 6, 12, 15, 15, 31, 39, 25, 0, 0, 0, 0, 0, 0, 0, 0, 0, 83]","""[0, 2, 2, 1, 4, 1, 3, 9, 7, 1, 3, 11, 51, 83, 70, 18, 64, 51, 42, 32, 0]"""
j10,1,reactive,600,True,38,0.0713815689086914,0.17467808723449707,"[0, 0, 0, 2, 6, 12, 15, 15, 31, 24, 25, 0, 0, 0, 0, 0, 0, 0, 0, 0, 38]","[0, 2, 2, 1, 4, 1, 3, 9, 7, 1, 3, 11, 51, 83, 70, 18, 64, 51, 42, 32, 0]"
j10,1,stnu,600,True,28,0.894237756729126,0.013751029968261719,"[0, 0, 0, 2, 3, 7, 8, 8, 20, 27, 17, 0, 0, 0, 0, 0, 0, 0, 0, 0, 28]","""[0, 2, 2, 1, 4, 1, 3, 9, 7, 1, 3, 11, 51, 83, 70, 18, 64, 51, 42, 32, 0]"""
j10,1,proactive_robust,600,True,41,0.07297897338867188,0.0009434223175048828,"[0, 0, 0, 2, 6, 12, 15, 15, 31, 39, 25, 0, 0, 0, 0, 0, 0, 0, 0, 0, 83]","""[0, 6, 1, 1, 2, 1, 2, 9, 7, 2, 3, 11, 51, 83, 70, 18, 64, 51, 42, 32, 0]"""
j10,1,reactive,600,True,37,0.07297897338867188,0.19013476371765137,"[0, 0, 0, 2, 6, 12, 15, 15, 28, 35, 25, 0, 0, 0, 0, 0, 0, 0, 0, 0, 37]","[0, 6, 1, 1, 2, 1, 2, 9, 7, 2, 3, 11, 51, 83, 70, 18, 64, 51, 42, 32, 0]"
j10,1,stnu,600,True,30,0.7904970645904541,0.013720035552978516,"[0, 0, 0, 1, 6, 8, 9, 9, 21, 28, 18, 0, 0, 0, 0, 0, 0, 0, 0, 0, 30]","""[0, 6, 1, 1, 2, 1, 2, 9, 7, 2, 3, 11, 51, 83, 70, 18, 64, 51, 42, 32, 0]"""
j10,1,proactive_robust,600,True,41,0.07540702819824219,0.0009243488311767578,"[0, 0, 0, 2, 6, 12, 15, 15, 31, 39, 25, 0, 0, 0, 0, 0, 0, 0, 0, 0, 83]","""[0, 2, 1, 2, 4, 2, 3, 6, 8, 2, 2, 11, 51, 83, 70, 18, 64, 51, 42, 32, 0]"""
j10,1,reactive,600,True,35,0.07540702819824219,0.17801642417907715,"[0, 0, 0, 2, 6, 12, 15, 15, 27, 21, 25, 0, 0, 0, 0, 0, 0, 0, 0, 0, 35]","[0, 2, 1, 2, 4, 2, 3, 6, 8, 2, 2, 11, 51, 83, 70, 18, 64, 51, 42, 32, 0]"
j10,1,stnu,600,True,27,0.7994155883789062,0.013755321502685547,"[0, 0, 0, 1, 3, 7, 9, 9, 17, 25, 15, 0, 0, 0, 0, 0, 0, 0, 0, 0, 27]","""[0, 2, 1, 2, 4, 2, 3, 6, 8, 2, 2, 11, 51, 83, 70, 18, 64, 51, 42, 32, 0]"""
j10,1,proactive_robust,600,True,41,0.07546353340148926,0.0009479522705078125,"[0, 0, 0, 2, 6, 12, 15, 15, 31, 39, 25, 0, 0, 0, 0, 0, 0, 0, 0, 0, 83]","""[0, 5, 2, 3, 3, 2, 1, 10, 3, 2, 4, 11, 51, 83, 70, 18, 64, 51, 42, 32, 0]"""
j10,1,reactive,600,True,34,0.07546353340148926,0.14052915573120117,"[0, 0, 0, 2, 6, 12, 15, 15, 29, 32, 25, 0, 0, 0, 0, 0, 0, 0, 0, 0, 34]","[0, 5, 2, 3, 3, 2, 1, 10, 3, 2, 4, 11, 51, 83, 70, 18, 64, 51, 42, 32, 0]"
j10,1,stnu,600,True,29,0.8894612789154053,0.013764381408691406,"[0, 0, 0, 2, 5, 8, 10, 10, 24, 27, 20, 0, 0, 0, 0, 0, 0, 0, 0, 0, 29]","""[0, 5, 2, 3, 3, 2, 1, 10, 3, 2, 4, 11, 51, 83, 70, 18, 64, 51, 42, 32, 0]"""
j10,1,proactive_robust,600,True,41,0.07526063919067383,0.0009207725524902344,"[0, 0, 0, 2, 6, 12, 15, 15, 31, 39, 25, 0, 0, 0, 0, 0, 0, 0, 0, 0, 83]","""[0, 2, 1, 1, 4, 2, 3, 8, 5, 1, 4, 11, 51, 83, 70, 18, 64, 51, 42, 32, 0]"""
j10,1,reactive,600,True,34,0.07526063919067383,0.20387554168701172,"[0, 0, 0, 2, 6, 12, 15, 15, 29, 23, 25, 0, 0, 0, 0, 0, 0, 0, 0, 0, 34]","[0, 2, 1, 1, 4, 2, 3, 8, 5, 1, 4, 11, 51, 83, 70, 18, 64, 51, 42, 32, 0]"
j10,1,stnu,600,True,26,0.7905442714691162,0.01385188102722168,"[0, 0, 0, 1, 2, 6, 8, 8, 20, 25, 16, 0, 0, 0, 0, 0, 0, 0, 0, 0, 26]","""[0, 2, 1, 1, 4, 2, 3, 8, 5, 1, 4, 11, 51, 83, 70, 18, 64, 51, 42, 32, 0]"""
j10,1,proactive_robust,600,True,41,0.06839704513549805,0.0009233951568603516,"[0, 0, 0, 2, 6, 12, 15, 15, 31, 39, 25, 0, 0, 0, 0, 0, 0, 0, 0, 0, 83]","""[0, 5, 2, 2, 3, 2, 3, 5, 7, 1, 3, 11, 51, 83, 70, 18, 64, 51, 42, 32, 0]"""
j10,1,reactive,600,True,35,0.06839704513549805,0.18417859077453613,"[0, 0, 0, 2, 6, 12, 15, 15, 28, 20, 25, 0, 0, 0, 0, 0, 0, 0, 0, 0, 35]","[0, 5, 2, 2, 3, 2, 3, 5, 7, 1, 3, 11, 51, 83, 70, 18, 64, 51, 42, 32, 0]"
j10,1,stnu,600,True,26,0.7932145595550537,0.013887405395507812,"[0, 0, 0, 2, 5, 8, 10, 10, 18, 25, 15, 0, 0, 0, 0, 0, 0, 0, 0, 0, 26]","""[0, 5, 2, 2, 3, 2, 3, 5, 7, 1, 3, 11, 51, 83, 70, 18, 64, 51, 42, 32, 0]"""
j10,1,proactive_robust,600,True,41,0.1670527458190918,0.0009474754333496094,"[0, 0, 0, 2, 6, 12, 15, 15, 31, 39, 25, 0, 0, 0, 0, 0, 0, 0, 0, 0, 83]","""[0, 6, 1, 3, 2, 2, 3, 8, 5, 2, 6, 11, 51, 83, 70, 18, 64, 51, 42, 32, 0]"""
j10,1,reactive,600,True,36,0.1670527458190918,0.11729240417480469,"[0, 0, 0, 2, 6, 12, 15, 15, 31, 23, 25, 0, 0, 0, 0, 0, 0, 0, 0, 0, 36]","[0, 6, 1, 3, 2, 2, 3, 8, 5, 2, 6, 11, 51, 83, 70, 18, 64, 51, 42, 32, 0]"
j10,1,stnu,600,True,31,0.8013653755187988,0.013799428939819336,"[0, 0, 0, 1, 6, 8, 10, 10, 24, 29, 18, 0, 0, 0, 0, 0, 0, 0, 0, 0, 31]","""[0, 6, 1, 3, 2, 2, 3, 8, 5, 2, 6, 11, 51, 83, 70, 18, 64, 51, 42, 32, 0]"""
j10,1,proactive_robust,600,True,32,0.05924367904663086,0.0009162425994873047,"[0, 0, 0, 0, 6, 7, 7, 17, 17, 6, 25, 0, 0, 0, 0, 0, 0, 0, 0, 66]","""[0, 2, 5, 4, 8, 4, 10, 8, 2, 3, 2, 54, 36, 66, 65, 55, 56, 20, 43, 0]"""
j10,1,reactive,600,True,27,0.05924367904663086,0.09700608253479004,"[0, 0, 0, 0, 6, 7, 7, 17, 17, 6, 25, 0, 0, 0, 0, 0, 0, 0, 0, 27]","[0, 2, 5, 4, 8, 4, 10, 8, 2, 3, 2, 54, 36, 66, 65, 55, 56, 20, 43, 0]"
j10,1,stnu,600,True,25,0.8222248554229736,0.011783123016357422,"[0, 0, 0, 0, 2, 5, 5, 15, 15, 2, 23, 0, 0, 0, 0, 0, 0, 0, 0, 25]","""[0, 2, 5, 4, 8, 4, 10, 8, 2, 3, 2, 54, 36, 66, 65, 55, 56, 20, 43, 0]"""
j10,1,proactive_robust,600,True,32,0.058303117752075195,0.0008864402770996094,"[0, 0, 0, 0, 6, 7, 7, 17, 17, 6, 25, 0, 0, 0, 0, 0, 0, 0, 0, 66]","""[0, 5, 3, 4, 5, 4, 6, 3, 2, 1, 5, 54, 36, 66, 65, 55, 56, 20, 43, 0]"""
j10,1,reactive,600,True,25,0.058303117752075195,0.12311267852783203,"[0, 0, 0, 0, 6, 7, 7, 17, 17, 6, 20, 0, 0, 0, 0, 0, 0, 0, 0, 25]","[0, 5, 3, 4, 5, 4, 6, 3, 2, 1, 5, 54, 36, 66, 65, 55, 56, 20, 43, 0]"
j10,1,stnu,600,True,18,0.77793288230896,0.011797428131103516,"[0, 0, 0, 0, 5, 4, 4, 10, 10, 5, 13, 0, 0, 0, 0, 0, 0, 0, 0, 18]","""[0, 5, 3, 4, 5, 4, 6, 3, 2, 1, 5, 54, 36, 66, 65, 55, 56, 20, 43, 0]"""
j10,1,proactive_robust,600,True,32,0.05536007881164551,0.0008959770202636719,"[0, 0, 0, 0, 6, 7, 7, 17, 17, 6, 25, 0, 0, 0, 0, 0, 0, 0, 0, 66]","""[0, 3, 6, 5, 4, 5, 7, 3, 3, 1, 2, 54, 36, 66, 65, 55, 56, 20, 43, 0]"""
j10,1,reactive,600,True,22,0.05536007881164551,0.1365504264831543,"[0, 0, 0, 0, 6, 7, 7, 17, 17, 6, 20, 0, 0, 0, 0, 0, 0, 0, 0, 22]","[0, 3, 6, 5, 4, 5, 7, 3, 3, 1, 2, 54, 36, 66, 65, 55, 56, 20, 43, 0]"
j10,1,stnu,600,True,18,0.854794979095459,0.011736154556274414,"[0, 0, 0, 0, 3, 6, 6, 13, 13, 3, 16, 0, 0, 0, 0, 0, 0, 0, 0, 18]","""[0, 3, 6, 5, 4, 5, 7, 3, 3, 1, 2, 54, 36, 66, 65, 55, 56, 20, 43, 0]"""
j10,1,proactive_robust,600,True,32,0.05790400505065918,0.0009031295776367188,"[0, 0, 0, 0, 6, 7, 7, 17, 17, 6, 25, 0, 0, 0, 0, 0, 0, 0, 0, 66]","""[0, 6, 7, 7, 5, 3, 9, 3, 2, 1, 6, 54, 36, 66, 65, 55, 56, 20, 43, 0]"""
j10,1,reactive,600,True,31,0.05790400505065918,0.07397055625915527,"[0, 0, 0, 0, 6, 7, 7, 17, 17, 6, 25, 0, 0, 0, 0, 0, 0, 0, 0, 31]","[0, 6, 7, 7, 5, 3, 9, 3, 2, 1, 6, 54, 36, 66, 65, 55, 56, 20, 43, 0]"
j10,1,stnu,600,True,25,0.900277853012085,0.01165628433227539,"[0, 0, 0, 0, 6, 7, 7, 16, 16, 6, 19, 0, 0, 0, 0, 0, 0, 0, 0, 25]","""[0, 6, 7, 7, 5, 3, 9, 3, 2, 1, 6, 54, 36, 66, 65, 55, 56, 20, 43, 0]"""
j10,1,proactive_robust,600,True,32,0.05673336982727051,0.0008876323699951172,"[0, 0, 0, 0, 6, 7, 7, 17, 17, 6, 25, 0, 0, 0, 0, 0, 0, 0, 0, 66]","""[0, 6, 2, 4, 4, 6, 6, 3, 1, 2, 5, 54, 36, 66, 65, 55, 56, 20, 43, 0]"""
j10,1,reactive,600,True,25,0.05673336982727051,0.09125161170959473,"[0, 0, 0, 0, 6, 7, 7, 17, 17, 6, 20, 0, 0, 0, 0, 0, 0, 0, 0, 25]","[0, 6, 2, 4, 4, 6, 6, 3, 1, 2, 5, 54, 36, 66, 65, 55, 56, 20, 43, 0]"
j10,1,stnu,600,True,18,0.7550649642944336,0.011739015579223633,"[0, 0, 0, 0, 6, 4, 4, 10, 10, 6, 13, 0, 0, 0, 0, 0, 0, 0, 0, 18]","""[0, 6, 2, 4, 4, 6, 6, 3, 1, 2, 5, 54, 36, 66, 65, 55, 56, 20, 43, 0]"""
j10,1,proactive_robust,600,True,32,0.05752420425415039,0.0009133815765380859,"[0, 0, 0, 0, 6, 7, 7, 17, 17, 6, 25, 0, 0, 0, 0, 0, 0, 0, 0, 66]","""[0, 4, 2, 4, 7, 5, 6, 3, 3, 2, 6, 54, 36, 66, 65, 55, 56, 20, 43, 0]"""
j10,1,reactive,600,True,26,0.05752420425415039,0.12917637825012207,"[0, 0, 0, 0, 6, 7, 7, 17, 17, 6, 20, 0, 0, 0, 0, 0, 0, 0, 0, 26]","[0, 4, 2, 4, 7, 5, 6, 3, 3, 2, 6, 54, 36, 66, 65, 55, 56, 20, 43, 0]"
j10,1,stnu,600,True,20,0.7463946342468262,0.011732101440429688,"[0, 0, 0, 0, 4, 4, 4, 11, 10, 4, 14, 0, 0, 0, 0, 0, 0, 0, 0, 20]","""[0, 4, 2, 4, 7, 5, 6, 3, 3, 2, 6, 54, 36, 66, 65, 55, 56, 20, 43, 0]"""
j10,1,proactive_robust,600,True,32,0.06198453903198242,0.0008871555328369141,"[0, 0, 0, 0, 6, 7, 7, 17, 17, 6, 25, 0, 0, 0, 0, 0, 0, 0, 0, 66]","""[0, 6, 2, 5, 3, 3, 7, 5, 2, 1, 2, 54, 36, 66, 65, 55, 56, 20, 43, 0]"""
j10,1,reactive,600,True,24,0.06198453903198242,0.1115579605102539,"[0, 0, 0, 0, 6, 7, 7, 17, 17, 6, 22, 0, 0, 0, 0, 0, 0, 0, 0, 24]","[0, 6, 2, 5, 3, 3, 7, 5, 2, 1, 2, 54, 36, 66, 65, 55, 56, 20, 43, 0]"
j10,1,stnu,600,True,19,0.7662723064422607,0.011760234832763672,"[0, 0, 0, 0, 6, 5, 5, 12, 12, 6, 17, 0, 0, 0, 0, 0, 0, 0, 0, 19]","""[0, 6, 2, 5, 3, 3, 7, 5, 2, 1, 2, 54, 36, 66, 65, 55, 56, 20, 43, 0]"""
j10,1,proactive_robust,600,True,32,0.056174278259277344,0.0009057521820068359,"[0, 0, 0, 0, 6, 7, 7, 17, 17, 6, 25, 0, 0, 0, 0, 0, 0, 0, 0, 66]","""[0, 3, 4, 5, 4, 5, 10, 3, 3, 4, 3, 54, 36, 66, 65, 55, 56, 20, 43, 0]"""
j10,1,reactive,600,True,23,0.056174278259277344,0.22332191467285156,"[0, 0, 0, 0, 6, 7, 7, 17, 17, 6, 20, 0, 0, 0, 0, 0, 0, 0, 0, 23]","[0, 3, 4, 5, 4, 5, 10, 3, 3, 4, 3, 54, 36, 66, 65, 55, 56, 20, 43, 0]"
j10,1,stnu,600,True,21,0.7583484649658203,0.01171731948852539,"[0, 0, 0, 0, 3, 5, 5, 15, 15, 3, 18, 0, 0, 0, 0, 0, 0, 0, 0, 21]","""[0, 3, 4, 5, 4, 5, 10, 3, 3, 4, 3, 54, 36, 66, 65, 55, 56, 20, 43, 0]"""
j10,1,proactive_robust,600,True,32,0.055294036865234375,0.0009241104125976562,"[0, 0, 0, 0, 6, 7, 7, 17, 17, 6, 25, 0, 0, 0, 0, 0, 0, 0, 0, 66]","""[0, 5, 3, 4, 5, 6, 7, 8, 3, 2, 6, 54, 36, 66, 65, 55, 56, 20, 43, 0]"""
j10,1,reactive,600,True,31,0.055294036865234375,0.11176872253417969,"[0, 0, 0, 0, 6, 7, 7, 17, 17, 6, 25, 0, 0, 0, 0, 0, 0, 0, 0, 31]","[0, 5, 3, 4, 5, 6, 7, 8, 3, 2, 6, 54, 36, 66, 65, 55, 56, 20, 43, 0]"
j10,1,stnu,600,True,25,0.7581222057342529,0.011713266372680664,"[0, 0, 0, 0, 5, 4, 4, 11, 11, 5, 19, 0, 0, 0, 0, 0, 0, 0, 0, 25]","""[0, 5, 3, 4, 5, 6, 7, 8, 3, 2, 6, 54, 36, 66, 65, 55, 56, 20, 43, 0]"""
j10,1,proactive_robust,600,True,32,0.062020063400268555,0.0009086132049560547,"[0, 0, 0, 0, 6, 7, 7, 17, 17, 6, 25, 0, 0, 0, 0, 0, 0, 0, 0, 66]","""[0, 2, 5, 3, 7, 5, 5, 8, 3, 1, 7, 54, 36, 66, 65, 55, 56, 20, 43, 0]"""
j10,1,reactive,600,True,28,0.062020063400268555,0.10132002830505371,"[0, 0, 0, 0, 6, 7, 7, 13, 12, 6, 21, 0, 0, 0, 0, 0, 0, 0, 0, 28]","[0, 2, 5, 3, 7, 5, 5, 8, 3, 1, 7, 54, 36, 66, 65, 55, 56, 20, 43, 0]"
j10,1,stnu,600,True,25,0.7649147510528564,0.011678934097290039,"[0, 0, 0, 0, 2, 5, 5, 10, 10, 2, 18, 0, 0, 0, 0, 0, 0, 0, 0, 25]","""[0, 2, 5, 3, 7, 5, 5, 8, 3, 1, 7, 54, 36, 66, 65, 55, 56, 20, 43, 0]"""
j10,1,proactive_robust,600,True,46,0.06276512145996094,0.0009081363677978516,"[0, 0, 6, 0, 6, 7, 17, 24, 9, 15, 37, 0, 0, 0, 0, 0, 0, 0, 0, 0, 66]","""[0, 2, 2, 6, 2, 7, 1, 7, 4, 8, 8, 17, 32, 17, 59, 41, 56, 54, 66, 60, 0]"""
j10,1,reactive,600,True,45,0.06276512145996094,0.1742234230041504,"[0, 0, 6, 0, 6, 7, 17, 24, 9, 15, 37, 0, 0, 0, 0, 0, 0, 0, 0, 0, 45]","[0, 2, 2, 6, 2, 7, 1, 7, 4, 8, 8, 17, 32, 17, 59, 41, 56, 54, 66, 60, 0]"
j10,1,stnu,600,True,33,0.7906453609466553,0.013318300247192383,"[0, 0, 2, 0, 2, 6, 13, 18, 6, 10, 25, 0, 0, 0, 0, 0, 0, 0, 0, 0, 33]","""[0, 2, 2, 6, 2, 7, 1, 7, 4, 8, 8, 17, 32, 17, 59, 41, 56, 54, 66, 60, 0]"""
j10,1,proactive_robust,600,True,46,0.06122732162475586,0.0009312629699707031,"[0, 0, 6, 0, 6, 7, 17, 24, 9, 15, 37, 0, 0, 0, 0, 0, 0, 0, 0, 0, 66]","""[0, 3, 4, 5, 1, 9, 1, 13, 4, 7, 6, 17, 32, 17, 59, 41, 56, 54, 66, 60, 0]"""
j10,1,reactive,600,True,43,0.06122732162475586,0.15773892402648926,"[0, 0, 6, 0, 6, 7, 17, 24, 9, 15, 37, 0, 0, 0, 0, 0, 0, 0, 0, 0, 43]","[0, 3, 4, 5, 1, 9, 1, 13, 4, 7, 6, 17, 32, 17, 59, 41, 56, 54, 66, 60, 0]"
j10,1,stnu,600,True,35,0.7832024097442627,0.013532161712646484,"[0, 0, 3, 0, 3, 5, 14, 16, 5, 9, 29, 0, 0, 0, 0, 0, 0, 0, 0, 0, 35]","""[0, 3, 4, 5, 1, 9, 1, 13, 4, 7, 6, 17, 32, 17, 59, 41, 56, 54, 66, 60, 0]"""
j10,1,proactive_robust,600,True,46,0.06528401374816895,0.0009126663208007812,"[0, 0, 6, 0, 6, 7, 17, 24, 9, 15, 37, 0, 0, 0, 0, 0, 0, 0, 0, 0, 66]","""[0, 2, 2, 5, 1, 8, 1, 11, 4, 5, 6, 17, 32, 17, 59, 41, 56, 54, 66, 60, 0]"""
j10,1,reactive,600,True,43,0.06528401374816895,0.1779341697692871,"[0, 0, 6, 0, 6, 7, 17, 24, 9, 15, 37, 0, 0, 0, 0, 0, 0, 0, 0, 0, 43]","[0, 2, 2, 5, 1, 8, 1, 11, 4, 5, 6, 17, 32, 17, 59, 41, 56, 54, 66, 60, 0]"
j10,1,stnu,600,True,31,0.775855541229248,0.013382911682128906,"[0, 0, 2, 0, 2, 5, 13, 14, 5, 9, 25, 0, 0, 0, 0, 0, 0, 0, 0, 0, 31]","""[0, 2, 2, 5, 1, 8, 1, 11, 4, 5, 6, 17, 32, 17, 59, 41, 56, 54, 66, 60, 0]"""
j10,1,proactive_robust,600,True,46,0.06097912788391113,0.0009045600891113281,"[0, 0, 6, 0, 6, 7, 17, 24, 9, 15, 37, 0, 0, 0, 0, 0, 0, 0, 0, 0, 66]","""[0, 2, 3, 3, 2, 9, 2, 9, 5, 5, 5, 17, 32, 17, 59, 41, 56, 54, 66, 60, 0]"""
j10,1,reactive,600,True,42,0.06097912788391113,0.16608166694641113,"[0, 0, 6, 0, 6, 7, 17, 24, 9, 15, 37, 0, 0, 0, 0, 0, 0, 0, 0, 0, 42]","[0, 2, 3, 3, 2, 9, 2, 9, 5, 5, 5, 17, 32, 17, 59, 41, 56, 54, 66, 60, 0]"
j10,1,stnu,600,True,28,0.7764325141906738,0.013432502746582031,"[0, 0, 2, 0, 2, 3, 12, 14, 4, 9, 23, 0, 0, 0, 0, 0, 0, 0, 0, 0, 28]","""[0, 2, 3, 3, 2, 9, 2, 9, 5, 5, 5, 17, 32, 17, 59, 41, 56, 54, 66, 60, 0]"""
j10,1,proactive_robust,600,True,46,0.06674766540527344,0.0009322166442871094,"[0, 0, 6, 0, 6, 7, 17, 24, 9, 15, 37, 0, 0, 0, 0, 0, 0, 0, 0, 0, 66]","""[0, 5, 4, 5, 2, 5, 1, 7, 5, 5, 6, 17, 32, 17, 59, 41, 56, 54, 66, 60, 0]"""
j10,1,reactive,600,True,37,0.06674766540527344,0.16065239906311035,"[0, 0, 6, 0, 6, 7, 17, 24, 9, 15, 31, 0, 0, 0, 0, 0, 0, 0, 0, 0, 37]","[0, 5, 4, 5, 2, 5, 1, 7, 5, 5, 6, 17, 32, 17, 59, 41, 56, 54, 66, 60, 0]"
j10,1,stnu,600,True,30,0.8893792629241943,0.013380289077758789,"[0, 0, 5, 0, 5, 5, 12, 17, 7, 12, 24, 0, 0, 0, 0, 0, 0, 0, 0, 0, 30]","""[0, 5, 4, 5, 2, 5, 1, 7, 5, 5, 6, 17, 32, 17, 59, 41, 56, 54, 66, 60, 0]"""
j10,1,proactive_robust,600,True,46,0.06160545349121094,0.0009348392486572266,"[0, 0, 6, 0, 6, 7, 17, 24, 9, 15, 37, 0, 0, 0, 0, 0, 0, 0, 0, 0, 66]","""[0, 2, 2, 7, 2, 8, 2, 9, 4, 4, 8, 17, 32, 17, 59, 41, 56, 54, 66, 60, 0]"""
j10,1,reactive,600,True,41,0.06160545349121094,0.13123655319213867,"[0, 0, 6, 0, 6, 7, 17, 24, 9, 15, 33, 0, 0, 0, 0, 0, 0, 0, 0, 0, 41]","[0, 2, 2, 7, 2, 8, 2, 9, 4, 4, 8, 17, 32, 17, 59, 41, 56, 54, 66, 60, 0]"
j10,1,stnu,600,True,34,0.8306128978729248,0.013417243957519531,"[0, 0, 2, 0, 2, 7, 15, 17, 7, 11, 26, 0, 0, 0, 0, 0, 0, 0, 0, 0, 34]","""[0, 2, 2, 7, 2, 8, 2, 9, 4, 4, 8, 17, 32, 17, 59, 41, 56, 54, 66, 60, 0]"""
j10,1,proactive_robust,600,True,46,0.06109976768493652,0.0009300708770751953,"[0, 0, 6, 0, 6, 7, 17, 24, 9, 15, 37, 0, 0, 0, 0, 0, 0, 0, 0, 0, 66]","""[0, 6, 4, 5, 2, 10, 1, 12, 4, 9, 6, 17, 32, 17, 59, 41, 56, 54, 66, 60, 0]"""
j10,1,reactive,600,True,43,0.06109976768493652,0.10634088516235352,"[0, 0, 6, 0, 6, 7, 17, 24, 9, 15, 37, 0, 0, 0, 0, 0, 0, 0, 0, 0, 43]","[0, 6, 4, 5, 2, 10, 1, 12, 4, 9, 6, 17, 32, 17, 59, 41, 56, 54, 66, 60, 0]"
j10,1,stnu,600,True,39,0.8315775394439697,0.013379573822021484,"[0, 0, 6, 0, 6, 5, 15, 21, 8, 12, 33, 0, 0, 0, 0, 0, 0, 0, 0, 0, 39]","""[0, 6, 4, 5, 2, 10, 1, 12, 4, 9, 6, 17, 32, 17, 59, 41, 56, 54, 66, 60, 0]"""
j10,1,proactive_robust,600,True,46,0.06599712371826172,0.0009267330169677734,"[0, 0, 6, 0, 6, 7, 17, 24, 9, 15, 37, 0, 0, 0, 0, 0, 0, 0, 0, 0, 66]","""[0, 5, 3, 3, 3, 10, 1, 6, 3, 4, 6, 17, 32, 17, 59, 41, 56, 54, 66, 60, 0]"""
j10,1,reactive,600,True,36,0.06599712371826172,0.11457514762878418,"[0, 0, 6, 0, 6, 7, 17, 24, 9, 15, 30, 0, 0, 0, 0, 0, 0, 0, 0, 0, 36]","[0, 5, 3, 3, 3, 10, 1, 6, 3, 4, 6, 17, 32, 17, 59, 41, 56, 54, 66, 60, 0]"
j10,1,stnu,600,True,27,0.8109722137451172,0.013484001159667969,"[0, 0, 5, 0, 5, 3, 13, 15, 8, 11, 21, 0, 0, 0, 0, 0, 0, 0, 0, 0, 27]","""[0, 5, 3, 3, 3, 10, 1, 6, 3, 4, 6, 17, 32, 17, 59, 41, 56, 54, 66, 60, 0]"""
j10,1,proactive_robust,600,True,46,0.06184196472167969,0.0008883476257324219,"[0, 0, 6, 0, 6, 7, 17, 24, 9, 15, 37, 0, 0, 0, 0, 0, 0, 0, 0, 0, 66]","""[0, 5, 2, 2, 1, 6, 1, 9, 4, 4, 5, 17, 32, 17, 59, 41, 56, 54, 66, 60, 0]"""
j10,1,reactive,600,True,38,0.06184196472167969,0.17175579071044922,"[0, 0, 6, 0, 6, 7, 17, 24, 9, 15, 33, 0, 0, 0, 0, 0, 0, 0, 0, 0, 38]","[0, 5, 2, 2, 1, 6, 1, 9, 4, 4, 5, 17, 32, 17, 59, 41, 56, 54, 66, 60, 0]"
j10,1,stnu,600,True,28,0.7680559158325195,0.014346599578857422,"[0, 0, 5, 0, 5, 2, 10, 14, 6, 10, 23, 0, 0, 0, 0, 0, 0, 0, 0, 0, 28]","""[0, 5, 2, 2, 1, 6, 1, 9, 4, 4, 5, 17, 32, 17, 59, 41, 56, 54, 66, 60, 0]"""
j10,1,proactive_robust,600,True,46,0.1626293659210205,0.0009186267852783203,"[0, 0, 6, 0, 6, 7, 17, 24, 9, 15, 37, 0, 0, 0, 0, 0, 0, 0, 0, 0, 66]","""[0, 3, 2, 7, 2, 10, 1, 6, 2, 6, 5, 17, 32, 17, 59, 41, 56, 54, 66, 60, 0]"""
j10,1,reactive,600,True,35,0.1626293659210205,0.14110851287841797,"[0, 0, 6, 0, 6, 7, 17, 24, 9, 15, 30, 0, 0, 0, 0, 0, 0, 0, 0, 0, 35]","[0, 3, 2, 7, 2, 10, 1, 6, 2, 6, 5, 17, 32, 17, 59, 41, 56, 54, 66, 60, 0]"
j10,1,stnu,600,True,29,0.7629756927490234,0.013312101364135742,"[0, 0, 3, 0, 3, 7, 17, 18, 7, 9, 24, 0, 0, 0, 0, 0, 0, 0, 0, 0, 29]","""[0, 3, 2, 7, 2, 10, 1, 6, 2, 6, 5, 17, 32, 17, 59, 41, 56, 54, 66, 60, 0]"""
j10,1,proactive_robust,600,True,27,0.06116461753845215,0.0005197525024414062,"[0, 0, 0, 0, 7, 7, 12, 11, 13, 18, 18, 0, 0, 0, 0, 0, 45]","""[0, 6, 3, 3, 5, 1, 2, 7, 1, 4, 4, 35, 42, 42, 45, 22, 0]"""
j10,1,reactive,600,True,22,0.06116461753845215,0.13476347923278809,"[0, 0, 0, 0, 7, 7, 12, 11, 13, 18, 18, 0, 0, 0, 0, 0, 22]","[0, 6, 3, 3, 5, 1, 2, 7, 1, 4, 4, 35, 42, 42, 45, 22, 0]"
j10,1,stnu,600,True,15,0.7768852710723877,0.008210182189941406,"[0, 0, 0, 0, 3, 3, 6, 4, 8, 11, 11, 0, 0, 0, 0, 0, 15]","""[0, 6, 3, 3, 5, 1, 2, 7, 1, 4, 4, 35, 42, 42, 45, 22, 0]"""
j10,1,proactive_robust,600,True,27,0.05776047706604004,0.0005176067352294922,"[0, 0, 0, 0, 7, 7, 12, 11, 13, 18, 18, 0, 0, 0, 0, 0, 45]","""[0, 8, 4, 2, 4, 1, 1, 7, 2, 9, 3, 35, 42, 42, 45, 22, 0]"""
j10,1,reactive,600,True,27,0.05776047706604004,0.09678459167480469,"[0, 0, 0, 0, 7, 7, 12, 11, 13, 18, 18, 0, 0, 0, 0, 0, 27]","[0, 8, 4, 2, 4, 1, 1, 7, 2, 9, 3, 35, 42, 42, 45, 22, 0]"
j10,1,stnu,600,True,21,0.8059473037719727,0.008349180221557617,"[0, 0, 0, 0, 2, 4, 8, 5, 8, 12, 12, 0, 0, 0, 0, 0, 21]","""[0, 8, 4, 2, 4, 1, 1, 7, 2, 9, 3, 35, 42, 42, 45, 22, 0]"""
j10,1,proactive_robust,600,True,27,0.05608558654785156,0.0004985332489013672,"[0, 0, 0, 0, 7, 7, 12, 11, 13, 18, 18, 0, 0, 0, 0, 0, 45]","""[0, 7, 2, 2, 6, 2, 1, 5, 1, 9, 1, 35, 42, 42, 45, 22, 0]"""
j10,1,reactive,600,True,25,0.05608558654785156,0.11884522438049316,"[0, 0, 0, 0, 7, 7, 12, 11, 13, 16, 16, 0, 0, 0, 0, 0, 25]","[0, 7, 2, 2, 6, 2, 1, 5, 1, 9, 1, 35, 42, 42, 45, 22, 0]"
j10,1,stnu,600,True,18,0.7378978729248047,0.008175134658813477,"[0, 0, 0, 0, 2, 2, 7, 4, 8, 9, 9, 0, 0, 0, 0, 0, 18]","""[0, 7, 2, 2, 6, 2, 1, 5, 1, 9, 1, 35, 42, 42, 45, 22, 0]"""
j10,1,proactive_robust,600,True,27,0.05597662925720215,0.0005059242248535156,"[0, 0, 0, 0, 7, 7, 12, 11, 13, 18, 18, 0, 0, 0, 0, 0, 45]","""[0, 8, 4, 4, 2, 4, 2, 6, 2, 5, 2, 35, 42, 42, 45, 22, 0]"""
j10,1,reactive,600,True,23,0.05597662925720215,0.10125517845153809,"[0, 0, 0, 0, 7, 7, 12, 11, 13, 18, 18, 0, 0, 0, 0, 0, 23]","[0, 8, 4, 4, 2, 4, 2, 6, 2, 5, 2, 35, 42, 42, 45, 22, 0]"
j10,1,stnu,600,True,19,0.7337038516998291,0.008262157440185547,"[0, 0, 0, 0, 4, 4, 8, 8, 8, 14, 14, 0, 0, 0, 0, 0, 19]","""[0, 8, 4, 4, 2, 4, 2, 6, 2, 5, 2, 35, 42, 42, 45, 22, 0]"""
j10,1,proactive_robust,600,True,27,0.05415916442871094,0.0005168914794921875,"[0, 0, 0, 0, 7, 7, 12, 11, 13, 18, 18, 0, 0, 0, 0, 0, 45]","""[0, 12, 3, 4, 5, 1, 2, 2, 1, 6, 4, 35, 42, 42, 45, 22, 0]"""
j10,1,reactive,600,True,24,0.05415916442871094,0.1233367919921875,"[0, 0, 0, 0, 7, 7, 12, 11, 13, 18, 18, 0, 0, 0, 0, 0, 24]","[0, 12, 3, 4, 5, 1, 2, 2, 1, 6, 4, 35, 42, 42, 45, 22, 0]"
j10,1,stnu,600,True,18,0.7966883182525635,0.008305788040161133,"[0, 0, 0, 0, 4, 4, 12, 5, 12, 12, 14, 0, 0, 0, 0, 0, 18]","""[0, 12, 3, 4, 5, 1, 2, 2, 1, 6, 4, 35, 42, 42, 45, 22, 0]"""
j10,1,proactive_robust,600,True,27,0.05571389198303223,0.0005166530609130859,"[0, 0, 0, 0, 7, 7, 12, 11, 13, 18, 18, 0, 0, 0, 0, 0, 45]","""[0, 11, 2, 7, 5, 2, 3, 6, 2, 4, 2, 35, 42, 42, 45, 22, 0]"""
j10,1,reactive,600,True,22,0.05571389198303223,0.09760856628417969,"[0, 0, 0, 0, 7, 7, 12, 11, 13, 18, 18, 0, 0, 0, 0, 0, 22]","[0, 11, 2, 7, 5, 2, 3, 6, 2, 4, 2, 35, 42, 42, 45, 22, 0]"
j10,1,stnu,600,True,19,0.7308971881866455,0.008283376693725586,"[0, 0, 0, 0, 7, 7, 11, 9, 12, 15, 15, 0, 0, 0, 0, 0, 19]","""[0, 11, 2, 7, 5, 2, 3, 6, 2, 4, 2, 35, 42, 42, 45, 22, 0]"""
j10,1,proactive_robust,600,True,27,0.059647560119628906,0.0005671977996826172,"[0, 0, 0, 0, 7, 7, 12, 11, 13, 18, 18, 0, 0, 0, 0, 0, 45]","""[0, 9, 1, 4, 3, 2, 3, 3, 2, 6, 3, 35, 42, 42, 45, 22, 0]"""
j10,1,reactive,600,True,24,0.059647560119628906,0.130645751953125,"[0, 0, 0, 0, 7, 7, 12, 11, 13, 18, 18, 0, 0, 0, 0, 0, 24]","[0, 9, 1, 4, 3, 2, 3, 3, 2, 6, 3, 35, 42, 42, 45, 22, 0]"
j10,1,stnu,600,True,15,0.7397034168243408,0.008291244506835938,"[0, 0, 0, 0, 4, 4, 9, 6, 9, 9, 12, 0, 0, 0, 0, 0, 15]","""[0, 9, 1, 4, 3, 2, 3, 3, 2, 6, 3, 35, 42, 42, 45, 22, 0]"""
j10,1,proactive_robust,600,True,27,0.057779788970947266,0.0005202293395996094,"[0, 0, 0, 0, 7, 7, 12, 11, 13, 18, 18, 0, 0, 0, 0, 0, 45]","""[0, 10, 4, 5, 5, 2, 2, 5, 1, 4, 3, 35, 42, 42, 45, 22, 0]"""
j10,1,reactive,600,True,22,0.057779788970947266,0.13534259796142578,"[0, 0, 0, 0, 7, 7, 12, 11, 13, 18, 18, 0, 0, 0, 0, 0, 22]","[0, 10, 4, 5, 5, 2, 2, 5, 1, 4, 3, 35, 42, 42, 45, 22, 0]"
j10,1,stnu,600,True,16,0.7386927604675293,0.008964300155639648,"[0, 0, 0, 0, 5, 5, 10, 7, 10, 12, 12, 0, 0, 0, 0, 0, 16]","""[0, 10, 4, 5, 5, 2, 2, 5, 1, 4, 3, 35, 42, 42, 45, 22, 0]"""
j10,1,proactive_robust,600,True,27,0.05603599548339844,0.0005273818969726562,"[0, 0, 0, 0, 7, 7, 12, 11, 13, 18, 18, 0, 0, 0, 0, 0, 45]","""[0, 12, 4, 7, 5, 2, 2, 6, 2, 4, 3, 35, 42, 42, 45, 22, 0]"""
j10,1,reactive,600,True,22,0.05603599548339844,0.07024860382080078,"[0, 0, 0, 0, 7, 7, 12, 11, 13, 18, 18, 0, 0, 0, 0, 0, 22]","[0, 12, 4, 7, 5, 2, 2, 6, 2, 4, 3, 35, 42, 42, 45, 22, 0]"
j10,1,stnu,600,True,19,0.7307209968566895,0.008432388305664062,"[0, 0, 0, 0, 7, 7, 12, 9, 12, 15, 15, 0, 0, 0, 0, 0, 19]","""[0, 12, 4, 7, 5, 2, 2, 6, 2, 4, 3, 35, 42, 42, 45, 22, 0]"""
j10,1,proactive_robust,600,True,27,0.054968833923339844,0.0005075931549072266,"[0, 0, 0, 0, 7, 7, 12, 11, 13, 18, 18, 0, 0, 0, 0, 0, 45]","""[0, 8, 2, 7, 3, 2, 3, 5, 1, 6, 2, 35, 42, 42, 45, 22, 0]"""
j10,1,reactive,600,True,24,0.054968833923339844,0.11336708068847656,"[0, 0, 0, 0, 7, 7, 12, 11, 13, 18, 18, 0, 0, 0, 0, 0, 24]","[0, 8, 2, 7, 3, 2, 3, 5, 1, 6, 2, 35, 42, 42, 45, 22, 0]"
j10,1,stnu,600,True,20,0.7491464614868164,0.008336544036865234,"[0, 0, 0, 0, 7, 7, 9, 9, 10, 14, 14, 0, 0, 0, 0, 0, 20]","""[0, 8, 2, 7, 3, 2, 3, 5, 1, 6, 2, 35, 42, 42, 45, 22, 0]"""
j10,1,proactive_robust,600,True,44,0.0613400936126709,0.0004343986511230469,"[0, 0, 6, 0, 8, 25, 8, 32, 17, 15, 40, 0, 0, 71]","""[0, 5, 12, 5, 3, 7, 8, 8, 3, 9, 1, 48, 71, 0]"""
j10,1,reactive,600,True,41,0.0613400936126709,0.14768695831298828,"[0, 0, 6, 0, 8, 25, 8, 32, 17, 15, 40, 0, 0, 41]","[0, 5, 12, 5, 3, 7, 8, 8, 3, 9, 1, 48, 71, 0]"
j10,1,stnu,600,True,33,0.7335507869720459,0.006023883819580078,"[0, 0, 5, 0, 5, 17, 5, 24, 13, 8, 32, 0, 0, 33]","""[0, 5, 12, 5, 3, 7, 8, 8, 3, 9, 1, 48, 71, 0]"""
j10,1,proactive_robust,600,True,44,0.05942201614379883,0.00039887428283691406,"[0, 0, 6, 0, 8, 25, 8, 32, 17, 15, 40, 0, 0, 71]","""[0, 4, 8, 3, 2, 7, 4, 7, 7, 6, 4, 48, 71, 0]"""
j10,1,reactive,600,True,43,0.05942201614379883,0.16546845436096191,"[0, 0, 6, 0, 8, 25, 8, 32, 17, 15, 39, 0, 0, 43]","[0, 4, 8, 3, 2, 7, 4, 7, 7, 6, 4, 48, 71, 0]"
j10,1,stnu,600,True,33,0.8065681457519531,0.006120204925537109,"[0, 0, 3, 0, 4, 15, 4, 22, 8, 6, 29, 0, 0, 33]","""[0, 4, 8, 3, 2, 7, 4, 7, 7, 6, 4, 48, 71, 0]"""
j10,1,proactive_robust,600,True,44,0.05638599395751953,0.00042247772216796875,"[0, 0, 6, 0, 8, 25, 8, 32, 17, 15, 40, 0, 0, 71]","""[0, 6, 11, 6, 3, 6, 4, 5, 8, 10, 3, 48, 71, 0]"""
j10,1,reactive,600,True,40,0.05638599395751953,0.11832118034362793,"[0, 0, 6, 0, 8, 25, 8, 32, 17, 15, 37, 0, 0, 40]","[0, 6, 11, 6, 3, 6, 4, 5, 8, 10, 3, 48, 71, 0]"
j10,1,stnu,600,True,33,0.7486841678619385,0.006121397018432617,"[0, 0, 6, 0, 6, 19, 6, 25, 10, 9, 30, 0, 0, 33]","""[0, 6, 11, 6, 3, 6, 4, 5, 8, 10, 3, 48, 71, 0]"""
j10,1,proactive_robust,600,True,44,0.05665135383605957,0.0004298686981201172,"[0, 0, 6, 0, 8, 25, 8, 32, 17, 15, 40, 0, 0, 71]","""[0, 8, 8, 4, 2, 7, 5, 3, 7, 7, 4, 48, 71, 0]"""
j10,1,reactive,600,True,39,0.05665135383605957,0.25808095932006836,"[0, 0, 6, 0, 8, 25, 8, 32, 17, 15, 35, 0, 0, 39]","[0, 8, 8, 4, 2, 7, 5, 3, 7, 7, 4, 48, 71, 0]"
j10,1,stnu,600,True,34,0.7390501499176025,0.006052732467651367,"[0, 0, 4, 0, 8, 20, 8, 27, 13, 10, 30, 0, 0, 34]","""[0, 8, 8, 4, 2, 7, 5, 3, 7, 7, 4, 48, 71, 0]"""
j10,1,proactive_robust,600,True,44,0.05747270584106445,0.0003986358642578125,"[0, 0, 6, 0, 8, 25, 8, 32, 17, 15, 40, 0, 0, 71]","""[0, 3, 6, 6, 2, 3, 8, 3, 4, 6, 1, 48, 71, 0]"""
j10,1,reactive,600,True,21,0.05747270584106445,0.186126708984375,"[0, 0, 6, 0, 8, 12, 8, 16, 17, 15, 19, 0, 0, 21]","[0, 3, 6, 6, 2, 3, 8, 3, 4, 6, 1, 48, 71, 0]"
j10,1,stnu,600,True,25,0.7187113761901855,0.0060956478118896484,"[0, 0, 6, 0, 3, 18, 6, 21, 14, 6, 24, 0, 0, 25]","""[0, 3, 6, 6, 2, 3, 8, 3, 4, 6, 1, 48, 71, 0]"""
j10,1,proactive_robust,600,True,44,0.055344343185424805,0.00040984153747558594,"[0, 0, 6, 0, 8, 25, 8, 32, 17, 15, 40, 0, 0, 71]","""[0, 5, 6, 3, 6, 3, 9, 8, 6, 7, 4, 48, 71, 0]"""
j10,1,reactive,600,True,37,0.055344343185424805,0.13465452194213867,"[0, 0, 6, 0, 8, 22, 8, 25, 17, 15, 33, 0, 0, 37]","[0, 5, 6, 3, 6, 3, 9, 8, 6, 7, 4, 48, 71, 0]"
j10,1,stnu,600,True,35,0.735388994216919,0.006054878234863281,"[0, 0, 3, 0, 5, 20, 5, 23, 14, 11, 31, 0, 0, 35]","""[0, 5, 6, 3, 6, 3, 9, 8, 6, 7, 4, 48, 71, 0]"""
j10,1,proactive_robust,600,True,44,0.057152748107910156,0.0004134178161621094,"[0, 0, 6, 0, 8, 25, 8, 32, 17, 15, 40, 0, 0, 71]","""[0, 4, 7, 3, 4, 7, 9, 4, 3, 9, 4, 48, 71, 0]"""
j10,1,reactive,600,True,35,0.057152748107910156,0.1452171802520752,"[0, 0, 6, 0, 8, 20, 8, 27, 17, 15, 31, 0, 0, 35]","[0, 4, 7, 3, 4, 7, 9, 4, 3, 9, 4, 48, 71, 0]"
j10,1,stnu,600,True,32,0.7692079544067383,0.006276369094848633,"[0, 0, 3, 0, 4, 17, 4, 24, 13, 8, 28, 0, 0, 32]","""[0, 4, 7, 3, 4, 7, 9, 4, 3, 9, 4, 48, 71, 0]"""
j10,1,proactive_robust,600,True,44,0.056279659271240234,0.0004069805145263672,"[0, 0, 6, 0, 8, 25, 8, 32, 17, 15, 40, 0, 0, 71]","""[0, 5, 11, 4, 6, 6, 7, 4, 4, 5, 3, 48, 71, 0]"""
j10,1,reactive,600,True,39,0.056279659271240234,0.1847069263458252,"[0, 0, 6, 0, 8, 25, 8, 32, 17, 15, 36, 0, 0, 39]","[0, 5, 11, 4, 6, 6, 7, 4, 4, 5, 3, 48, 71, 0]"
j10,1,stnu,600,True,29,0.7219204902648926,0.006073713302612305,"[0, 0, 4, 0, 5, 16, 5, 22, 12, 11, 26, 0, 0, 29]","""[0, 5, 11, 4, 6, 6, 7, 4, 4, 5, 3, 48, 71, 0]"""
j10,1,proactive_robust,600,True,44,0.06078505516052246,0.0003981590270996094,"[0, 0, 6, 0, 8, 25, 8, 32, 17, 15, 40, 0, 0, 71]","""[0, 8, 8, 3, 3, 4, 8, 4, 5, 5, 3, 48, 71, 0]"""
j10,1,reactive,600,True,39,0.06078505516052246,0.13059473037719727,"[0, 0, 6, 0, 8, 25, 8, 32, 17, 15, 36, 0, 0, 39]","[0, 8, 8, 3, 3, 4, 8, 4, 5, 5, 3, 48, 71, 0]"
j10,1,stnu,600,True,32,0.7339389324188232,0.006033897399902344,"[0, 0, 3, 0, 8, 21, 8, 25, 16, 11, 29, 0, 0, 32]","""[0, 8, 8, 3, 3, 4, 8, 4, 5, 5, 3, 48, 71, 0]"""
j10,1,proactive_robust,600,True,44,0.05755949020385742,0.0004165172576904297,"[0, 0, 6, 0, 8, 25, 8, 32, 17, 15, 40, 0, 0, 71]","""[0, 8, 8, 2, 3, 7, 7, 5, 5, 9, 2, 48, 71, 0]"""
j10,1,reactive,600,True,39,0.05755949020385742,0.13456368446350098,"[0, 0, 6, 0, 8, 25, 8, 32, 17, 15, 37, 0, 0, 39]","[0, 8, 8, 2, 3, 7, 7, 5, 5, 9, 2, 48, 71, 0]"
j10,1,stnu,600,True,34,0.7227139472961426,0.006070375442504883,"[0, 0, 2, 0, 8, 20, 8, 27, 15, 11, 32, 0, 0, 34]","""[0, 8, 8, 2, 3, 7, 7, 5, 5, 9, 2, 48, 71, 0]"""
j10,1,proactive_robust,600,True,45,0.0587007999420166,0.00022029876708984375,"[0, 0, 0, 0, 10, 12, 21, 24, 27, 33, 21, 0, 45]","""[0, 9, 6, 3, 2, 8, 3, 8, 2, 8, 4, 18, 0]"""
j10,1,reactive,600,True,41,0.0587007999420166,0.13035154342651367,"[0, 0, 0, 0, 10, 12, 21, 24, 27, 33, 21, 0, 41]","[0, 9, 6, 3, 2, 8, 3, 8, 2, 8, 4, 18, 0]"
j10,1,stnu,600,True,38,0.7269692420959473,0.00542902946472168,"[0, 0, 0, 0, 9, 11, 19, 22, 23, 30, 19, 0, 38]","""[0, 9, 6, 3, 2, 8, 3, 8, 2, 8, 4, 18, 0]"""
j10,1,proactive_robust,600,True,45,0.0568239688873291,0.000209808349609375,"[0, 0, 0, 0, 10, 12, 21, 24, 27, 33, 21, 0, 45]","""[0, 5, 5, 4, 1, 7, 3, 7, 2, 8, 3, 18, 0]"""
j10,1,reactive,600,True,41,0.0568239688873291,0.13619613647460938,"[0, 0, 0, 0, 10, 12, 21, 24, 27, 33, 21, 0, 41]","[0, 5, 5, 4, 1, 7, 3, 7, 2, 8, 3, 18, 0]"
j10,1,stnu,600,True,31,0.7164008617401123,0.0053920745849609375,"[0, 0, 0, 0, 5, 6, 13, 16, 16, 23, 13, 0, 31]","""[0, 5, 5, 4, 1, 7, 3, 7, 2, 8, 3, 18, 0]"""
j10,1,proactive_robust,600,True,45,0.05671334266662598,0.00020575523376464844,"[0, 0, 0, 0, 10, 12, 21, 24, 27, 33, 21, 0, 45]","""[0, 5, 5, 1, 2, 8, 2, 4, 4, 7, 5, 18, 0]"""
j10,1,reactive,600,True,40,0.05671334266662598,0.13363099098205566,"[0, 0, 0, 0, 10, 12, 21, 24, 27, 33, 21, 0, 40]","[0, 5, 5, 1, 2, 8, 2, 4, 4, 7, 5, 18, 0]"
j10,1,stnu,600,True,31,0.8208768367767334,0.005490541458129883,"[0, 0, 0, 0, 5, 7, 15, 17, 20, 24, 15, 0, 31]","""[0, 5, 5, 1, 2, 8, 2, 4, 4, 7, 5, 18, 0]"""
j10,1,proactive_robust,600,True,45,0.08563613891601562,0.0002181529998779297,"[0, 0, 0, 0, 10, 12, 21, 24, 27, 33, 21, 0, 45]","""[0, 9, 6, 3, 2, 7, 2, 9, 3, 7, 4, 18, 0]"""
j10,1,reactive,600,True,40,0.08563613891601562,0.13855910301208496,"[0, 0, 0, 0, 10, 12, 21, 24, 27, 33, 21, 0, 40]","[0, 9, 6, 3, 2, 7, 2, 9, 3, 7, 4, 18, 0]"
j10,1,stnu,600,True,36,0.7503869533538818,0.005371809005737305,"[0, 0, 0, 0, 9, 11, 18, 20, 22, 29, 18, 0, 36]","""[0, 9, 6, 3, 2, 7, 2, 9, 3, 7, 4, 18, 0]"""
j10,1,proactive_robust,600,True,45,0.057791948318481445,0.00021958351135253906,"[0, 0, 0, 0, 10, 12, 21, 24, 27, 33, 21, 0, 45]","""[0, 7, 9, 3, 1, 6, 2, 5, 1, 10, 2, 18, 0]"""
j10,1,reactive,600,True,43,0.057791948318481445,0.1561129093170166,"[0, 0, 0, 0, 10, 12, 21, 24, 27, 33, 21, 0, 43]","[0, 7, 9, 3, 1, 6, 2, 5, 1, 10, 2, 18, 0]"
j10,1,stnu,600,True,33,0.7620434761047363,0.005374431610107422,"[0, 0, 0, 0, 9, 10, 16, 18, 18, 23, 16, 0, 33]","""[0, 7, 9, 3, 1, 6, 2, 5, 1, 10, 2, 18, 0]"""
j10,1,proactive_robust,600,True,45,0.055664777755737305,0.00021529197692871094,"[0, 0, 0, 0, 10, 12, 21, 24, 27, 33, 21, 0, 45]","""[0, 5, 8, 3, 1, 9, 3, 4, 3, 11, 5, 18, 0]"""
j10,1,reactive,600,True,44,0.055664777755737305,0.14162969589233398,"[0, 0, 0, 0, 10, 12, 21, 24, 27, 33, 21, 0, 44]","[0, 5, 8, 3, 1, 9, 3, 4, 3, 11, 5, 18, 0]"
j10,1,stnu,600,True,37,0.7269072532653809,0.005405426025390625,"[0, 0, 0, 0, 8, 9, 18, 21, 23, 26, 18, 0, 37]","""[0, 5, 8, 3, 1, 9, 3, 4, 3, 11, 5, 18, 0]"""
j10,1,proactive_robust,600,True,45,0.056075096130371094,0.00021028518676757812,"[0, 0, 0, 0, 10, 12, 21, 24, 27, 33, 21, 0, 45]","""[0, 9, 5, 1, 1, 5, 3, 4, 4, 10, 3, 18, 0]"""
j10,1,reactive,600,True,43,0.056075096130371094,0.14616680145263672,"[0, 0, 0, 0, 10, 12, 21, 24, 27, 33, 21, 0, 43]","[0, 9, 5, 1, 1, 5, 3, 4, 4, 10, 3, 18, 0]"
j10,1,stnu,600,True,32,0.730820894241333,0.005430936813354492,"[0, 0, 0, 0, 9, 10, 15, 18, 18, 22, 15, 0, 32]","""[0, 9, 5, 1, 1, 5, 3, 4, 4, 10, 3, 18, 0]"""
j10,1,proactive_robust,600,True,45,0.05680441856384277,0.00022149085998535156,"[0, 0, 0, 0, 10, 12, 21, 24, 27, 33, 21, 0, 45]","""[0, 5, 6, 1, 2, 9, 3, 9, 4, 12, 2, 18, 0]"""
j10,1,reactive,600,True,45,0.05680441856384277,0.08576393127441406,"[0, 0, 0, 0, 10, 12, 21, 24, 24, 33, 21, 0, 45]","[0, 5, 6, 1, 2, 9, 3, 9, 4, 12, 2, 18, 0]"
j10,1,stnu,600,True,41,0.7100093364715576,0.005366086959838867,"[0, 0, 0, 0, 6, 8, 17, 20, 20, 29, 17, 0, 41]","""[0, 5, 6, 1, 2, 9, 3, 9, 4, 12, 2, 18, 0]"""
j10,1,proactive_robust,600,True,45,0.055210113525390625,0.00020885467529296875,"[0, 0, 0, 0, 10, 12, 21, 24, 27, 33, 21, 0, 45]","""[0, 9, 5, 3, 1, 8, 3, 4, 2, 7, 3, 18, 0]"""
j10,1,reactive,600,True,40,0.055210113525390625,0.1478581428527832,"[0, 0, 0, 0, 10, 12, 21, 24, 27, 33, 21, 0, 40]","[0, 9, 5, 3, 1, 8, 3, 4, 2, 7, 3, 18, 0]"
j10,1,stnu,600,True,32,0.7420356273651123,0.005436420440673828,"[0, 0, 0, 0, 9, 10, 18, 21, 21, 25, 18, 0, 32]","""[0, 9, 5, 3, 1, 8, 3, 4, 2, 7, 3, 18, 0]"""
j10,1,proactive_robust,600,True,45,0.05587601661682129,0.00021886825561523438,"[0, 0, 0, 0, 10, 12, 21, 24, 27, 33, 21, 0, 45]","""[0, 10, 8, 3, 2, 5, 3, 8, 2, 9, 3, 18, 0]"""
j10,1,reactive,600,True,42,0.05587601661682129,0.11698150634765625,"[0, 0, 0, 0, 10, 12, 21, 24, 27, 33, 21, 0, 42]","[0, 10, 8, 3, 2, 5, 3, 8, 2, 9, 3, 18, 0]"
j10,1,stnu,600,True,37,0.7268457412719727,0.005403280258178711,"[0, 0, 0, 0, 10, 12, 17, 20, 20, 28, 17, 0, 37]","""[0, 10, 8, 3, 2, 5, 3, 8, 2, 9, 3, 18, 0]"""
j10,1,proactive_robust,600,True,30,0.058724164962768555,0.0006222724914550781,"[0, 0, 0, 0, 8, 3, 9, 14, 20, 20, 14, 0, 0, 0, 0, 0, 0, 0, 0, 56]","""[0, 5, 2, 5, 6, 3, 2, 2, 6, 6, 2, 26, 44, 17, 28, 11, 56, 36, 26, 0]"""
j10,1,reactive,600,True,26,0.058724164962768555,0.12948322296142578,"[0, 0, 0, 0, 8, 3, 9, 14, 20, 20, 14, 0, 0, 0, 0, 0, 0, 0, 0, 26]","[0, 5, 2, 5, 6, 3, 2, 2, 6, 6, 2, 26, 44, 17, 28, 11, 56, 36, 26, 0]"
j10,1,stnu,600,True,19,0.7814853191375732,0.01162266731262207,"[0, 0, 0, 0, 5, 2, 5, 11, 13, 13, 11, 0, 0, 0, 0, 0, 0, 0, 0, 19]","""[0, 5, 2, 5, 6, 3, 2, 2, 6, 6, 2, 26, 44, 17, 28, 11, 56, 36, 26, 0]"""
j10,1,proactive_robust,600,True,30,0.06554102897644043,0.0006206035614013672,"[0, 0, 0, 0, 8, 3, 9, 14, 20, 20, 14, 0, 0, 0, 0, 0, 0, 0, 0, 56]","""[0, 5, 3, 6, 5, 3, 1, 3, 4, 8, 1, 26, 44, 17, 28, 11, 56, 36, 26, 0]"""
j10,1,reactive,600,True,28,0.06554102897644043,0.14635586738586426,"[0, 0, 0, 0, 8, 3, 9, 14, 20, 20, 14, 0, 0, 0, 0, 0, 0, 0, 0, 28]","[0, 5, 3, 6, 5, 3, 1, 3, 4, 8, 1, 26, 44, 17, 28, 11, 56, 36, 26, 0]"
j10,1,stnu,600,True,22,0.7817134857177734,0.011771202087402344,"[0, 0, 0, 0, 6, 3, 6, 11, 14, 14, 11, 0, 0, 0, 0, 0, 0, 0, 0, 22]","""[0, 5, 3, 6, 5, 3, 1, 3, 4, 8, 1, 26, 44, 17, 28, 11, 56, 36, 26, 0]"""
j10,1,proactive_robust,600,True,30,0.058992624282836914,0.0006325244903564453,"[0, 0, 0, 0, 8, 3, 9, 14, 20, 20, 14, 0, 0, 0, 0, 0, 0, 0, 0, 56]","""[0, 9, 2, 6, 2, 2, 2, 3, 6, 10, 1, 26, 44, 17, 28, 11, 56, 36, 26, 0]"""
j10,1,reactive,600,True,27,0.058992624282836914,0.1258382797241211,"[0, 0, 0, 0, 8, 3, 9, 14, 17, 17, 14, 0, 0, 0, 0, 0, 0, 0, 0, 27]","[0, 9, 2, 6, 2, 2, 2, 3, 6, 10, 1, 26, 44, 17, 28, 11, 56, 36, 26, 0]"
j10,1,stnu,600,True,24,0.7753229141235352,0.011985063552856445,"[0, 0, 0, 0, 6, 2, 9, 11, 14, 14, 11, 0, 0, 0, 0, 0, 0, 0, 0, 24]","""[0, 9, 2, 6, 2, 2, 2, 3, 6, 10, 1, 26, 44, 17, 28, 11, 56, 36, 26, 0]"""
j10,1,proactive_robust,600,True,30,0.06005287170410156,0.0006327629089355469,"[0, 0, 0, 0, 8, 3, 9, 14, 20, 20, 14, 0, 0, 0, 0, 0, 0, 0, 0, 56]","""[0, 9, 2, 6, 2, 2, 1, 4, 6, 7, 2, 26, 44, 17, 28, 11, 56, 36, 26, 0]"""
j10,1,reactive,600,True,27,0.06005287170410156,0.14770913124084473,"[0, 0, 0, 0, 8, 3, 9, 14, 20, 20, 14, 0, 0, 0, 0, 0, 0, 0, 0, 27]","[0, 9, 2, 6, 2, 2, 1, 4, 6, 7, 2, 26, 44, 17, 28, 11, 56, 36, 26, 0]"
j10,1,stnu,600,True,21,0.7720696926116943,0.011885643005371094,"[0, 0, 0, 0, 6, 2, 9, 10, 14, 14, 10, 0, 0, 0, 0, 0, 0, 0, 0, 21]","""[0, 9, 2, 6, 2, 2, 1, 4, 6, 7, 2, 26, 44, 17, 28, 11, 56, 36, 26, 0]"""
j10,1,proactive_robust,600,True,30,0.06470394134521484,0.0006451606750488281,"[0, 0, 0, 0, 8, 3, 9, 14, 20, 20, 14, 0, 0, 0, 0, 0, 0, 0, 0, 56]","""[0, 7, 1, 7, 2, 6, 2, 6, 6, 10, 2, 26, 44, 17, 28, 11, 56, 36, 26, 0]"""
j10,1,reactive,600,True,30,0.06470394134521484,0.1036844253540039,"[0, 0, 0, 0, 8, 3, 9, 14, 20, 20, 14, 0, 0, 0, 0, 0, 0, 0, 0, 30]","[0, 7, 1, 7, 2, 6, 2, 6, 6, 10, 2, 26, 44, 17, 28, 11, 56, 36, 26, 0]"
j10,1,stnu,600,True,25,0.9325821399688721,0.01154184341430664,"[0, 0, 0, 0, 7, 1, 7, 9, 15, 15, 9, 0, 0, 0, 0, 0, 0, 0, 0, 25]","""[0, 7, 1, 7, 2, 6, 2, 6, 6, 10, 2, 26, 44, 17, 28, 11, 56, 36, 26, 0]"""
j10,1,proactive_robust,600,True,30,0.0671696662902832,0.0006306171417236328,"[0, 0, 0, 0, 8, 3, 9, 14, 20, 20, 14, 0, 0, 0, 0, 0, 0, 0, 0, 56]","""[0, 7, 3, 3, 4, 5, 1, 6, 3, 7, 2, 26, 44, 17, 28, 11, 56, 36, 26, 0]"""
j10,1,reactive,600,True,27,0.0671696662902832,0.13729381561279297,"[0, 0, 0, 0, 8, 3, 9, 14, 20, 20, 14, 0, 0, 0, 0, 0, 0, 0, 0, 27]","[0, 7, 3, 3, 4, 5, 1, 6, 3, 7, 2, 26, 44, 17, 28, 11, 56, 36, 26, 0]"
j10,1,stnu,600,True,22,0.7609415054321289,0.011751174926757812,"[0, 0, 0, 0, 3, 3, 8, 9, 15, 15, 9, 0, 0, 0, 0, 0, 0, 0, 0, 22]","""[0, 7, 3, 3, 4, 5, 1, 6, 3, 7, 2, 26, 44, 17, 28, 11, 56, 36, 26, 0]"""
j10,1,proactive_robust,600,True,30,0.061365604400634766,0.0006330013275146484,"[0, 0, 0, 0, 8, 3, 9, 14, 20, 20, 14, 0, 0, 0, 0, 0, 0, 0, 0, 56]","""[0, 7, 2, 8, 5, 6, 1, 3, 7, 5, 2, 26, 44, 17, 28, 11, 56, 36, 26, 0]"""
j10,1,reactive,600,True,27,0.061365604400634766,0.11105227470397949,"[0, 0, 0, 0, 8, 3, 9, 14, 20, 20, 14, 0, 0, 0, 0, 0, 0, 0, 0, 27]","[0, 7, 2, 8, 5, 6, 1, 3, 7, 5, 2, 26, 44, 17, 28, 11, 56, 36, 26, 0]"
j10,1,stnu,600,True,23,0.8341097831726074,0.012187719345092773,"[0, 0, 0, 0, 8, 2, 8, 13, 16, 16, 13, 0, 0, 0, 0, 0, 0, 0, 0, 23]","""[0, 7, 2, 8, 5, 6, 1, 3, 7, 5, 2, 26, 44, 17, 28, 11, 56, 36, 26, 0]"""
j10,1,proactive_robust,600,True,30,0.06068611145019531,0.0006384849548339844,"[0, 0, 0, 0, 8, 3, 9, 14, 20, 20, 14, 0, 0, 0, 0, 0, 0, 0, 0, 56]","""[0, 5, 3, 3, 2, 5, 2, 4, 5, 8, 1, 26, 44, 17, 28, 11, 56, 36, 26, 0]"""
j10,1,reactive,600,True,28,0.06068611145019531,0.13675260543823242,"[0, 0, 0, 0, 8, 3, 9, 14, 20, 20, 14, 0, 0, 0, 0, 0, 0, 0, 0, 28]","[0, 5, 3, 3, 2, 5, 2, 4, 5, 8, 1, 26, 44, 17, 28, 11, 56, 36, 26, 0]"
j10,1,stnu,600,True,22,0.7550632953643799,0.011804819107055664,"[0, 0, 0, 0, 3, 3, 8, 10, 14, 14, 10, 0, 0, 0, 0, 0, 0, 0, 0, 22]","""[0, 5, 3, 3, 2, 5, 2, 4, 5, 8, 1, 26, 44, 17, 28, 11, 56, 36, 26, 0]"""
j10,1,proactive_robust,600,True,30,0.06085610389709473,0.0006341934204101562,"[0, 0, 0, 0, 8, 3, 9, 14, 20, 20, 14, 0, 0, 0, 0, 0, 0, 0, 0, 56]","""[0, 6, 3, 4, 5, 6, 2, 5, 4, 8, 1, 26, 44, 17, 28, 11, 56, 36, 26, 0]"""
j10,1,reactive,600,True,28,0.06085610389709473,0.10304856300354004,"[0, 0, 0, 0, 8, 3, 9, 14, 20, 20, 14, 0, 0, 0, 0, 0, 0, 0, 0, 28]","[0, 6, 3, 4, 5, 6, 2, 5, 4, 8, 1, 26, 44, 17, 28, 11, 56, 36, 26, 0]"
j10,1,stnu,600,True,24,0.8327145576477051,0.011874675750732422,"[0, 0, 0, 0, 4, 3, 9, 11, 16, 16, 11, 0, 0, 0, 0, 0, 0, 0, 0, 24]","""[0, 6, 3, 4, 5, 6, 2, 5, 4, 8, 1, 26, 44, 17, 28, 11, 56, 36, 26, 0]"""
j10,1,proactive_robust,600,True,30,0.06618380546569824,0.0006301403045654297,"[0, 0, 0, 0, 8, 3, 9, 14, 20, 20, 14, 0, 0, 0, 0, 0, 0, 0, 0, 56]","""[0, 8, 2, 4, 4, 6, 1, 4, 3, 6, 3, 26, 44, 17, 28, 11, 56, 36, 26, 0]"""
j10,1,reactive,600,True,26,0.06618380546569824,0.12560629844665527,"[0, 0, 0, 0, 8, 3, 9, 14, 20, 20, 14, 0, 0, 0, 0, 0, 0, 0, 0, 26]","[0, 8, 2, 4, 4, 6, 1, 4, 3, 6, 3, 26, 44, 17, 28, 11, 56, 36, 26, 0]"
j10,1,stnu,600,True,19,0.7855415344238281,0.011815309524536133,"[0, 0, 0, 0, 4, 2, 8, 9, 13, 13, 9, 0, 0, 0, 0, 0, 0, 0, 0, 19]","""[0, 8, 2, 4, 4, 6, 1, 4, 3, 6, 3, 26, 44, 17, 28, 11, 56, 36, 26, 0]"""
j10,1,proactive_robust,600,True,38,0.07233595848083496,0.00028324127197265625,"[0, 0, 0, 13, 3, 11, 16, 22, 16, 29, 26, 0, 0, 41]","""[0, 1, 3, 1, 3, 1, 3, 1, 9, 6, 1, 41, 26, 0]"""
j10,1,reactive,600,True,29,0.07233595848083496,0.21487855911254883,"[0, 0, 0, 13, 3, 11, 16, 22, 16, 23, 19, 0, 0, 29]","[0, 1, 3, 1, 3, 1, 3, 1, 9, 6, 1, 41, 26, 0]"
j10,1,stnu,600,True,24,0.7558932304382324,0.006525754928588867,"[0, 0, 0, 7, 3, 6, 8, 11, 8, 18, 17, 0, 0, 24]","""[0, 1, 3, 1, 3, 1, 3, 1, 9, 6, 1, 41, 26, 0]"""
j10,1,proactive_robust,600,True,38,0.07233142852783203,0.0002968311309814453,"[0, 0, 0, 13, 3, 11, 16, 22, 16, 29, 26, 0, 0, 41]","""[0, 3, 2, 1, 3, 1, 4, 4, 8, 7, 1, 41, 26, 0]"""
j10,1,reactive,600,True,34,0.07233142852783203,0.22308802604675293,"[0, 0, 0, 13, 3, 11, 16, 22, 16, 27, 26, 0, 0, 34]","[0, 3, 2, 1, 3, 1, 4, 4, 8, 7, 1, 41, 26, 0]"
j10,1,stnu,600,True,23,0.8018138408660889,0.006458282470703125,"[0, 0, 0, 6, 2, 5, 7, 11, 7, 16, 15, 0, 0, 23]","""[0, 3, 2, 1, 3, 1, 4, 4, 8, 7, 1, 41, 26, 0]"""
j10,1,proactive_robust,600,True,38,0.06543898582458496,0.0002884864807128906,"[0, 0, 0, 13, 3, 11, 16, 22, 16, 29, 26, 0, 0, 41]","""[0, 4, 3, 1, 3, 1, 2, 4, 8, 4, 2, 41, 26, 0]"""
j10,1,reactive,600,True,30,0.06543898582458496,0.18041276931762695,"[0, 0, 0, 13, 3, 11, 16, 22, 16, 26, 18, 0, 0, 30]","[0, 4, 3, 1, 3, 1, 2, 4, 8, 4, 2, 41, 26, 0]"
j10,1,stnu,600,True,22,0.7520697116851807,0.006465911865234375,"[0, 0, 0, 7, 3, 6, 8, 10, 8, 18, 16, 0, 0, 22]","""[0, 4, 3, 1, 3, 1, 2, 4, 8, 4, 2, 41, 26, 0]"""
j10,1,proactive_robust,600,True,38,0.07073330879211426,0.0002796649932861328,"[0, 0, 0, 13, 3, 11, 16, 22, 16, 29, 26, 0, 0, 41]","""[0, 1, 1, 3, 4, 2, 4, 3, 6, 8, 2, 41, 26, 0]"""
j10,1,reactive,600,True,37,0.07073330879211426,0.1763136386871338,"[0, 0, 0, 13, 3, 11, 16, 22, 16, 29, 26, 0, 0, 37]","[0, 1, 1, 3, 4, 2, 4, 3, 6, 8, 2, 41, 26, 0]"
j10,1,stnu,600,True,27,0.7890410423278809,0.006479978561401367,"[0, 0, 0, 7, 1, 5, 10, 14, 10, 19, 17, 0, 0, 27]","""[0, 1, 1, 3, 4, 2, 4, 3, 6, 8, 2, 41, 26, 0]"""
j10,1,proactive_robust,600,True,38,0.07306337356567383,0.00027632713317871094,"[0, 0, 0, 13, 3, 11, 16, 22, 16, 29, 26, 0, 0, 41]","""[0, 4, 1, 2, 3, 1, 2, 2, 4, 4, 3, 41, 26, 0]"""
j10,1,reactive,600,True,26,0.07306337356567383,0.2294166088104248,"[0, 0, 0, 13, 3, 11, 15, 17, 15, 19, 23, 0, 0, 26]","[0, 4, 1, 2, 3, 1, 2, 2, 4, 4, 3, 41, 26, 0]"
j10,1,stnu,600,True,18,0.7469995021820068,0.006372213363647461,"[0, 0, 0, 5, 1, 4, 7, 9, 7, 14, 11, 0, 0, 18]","""[0, 4, 1, 2, 3, 1, 2, 2, 4, 4, 3, 41, 26, 0]"""
j10,1,proactive_robust,600,True,38,0.07374382019042969,0.0003077983856201172,"[0, 0, 0, 13, 3, 11, 16, 22, 16, 29, 26, 0, 0, 41]","""[0, 2, 2, 3, 7, 1, 5, 3, 9, 6, 2, 41, 26, 0]"""
j10,1,reactive,600,True,35,0.07374382019042969,0.17705082893371582,"[0, 0, 0, 13, 3, 11, 16, 22, 16, 29, 26, 0, 0, 35]","[0, 2, 2, 3, 7, 1, 5, 3, 9, 6, 2, 41, 26, 0]"
j10,1,stnu,600,True,30,0.769444465637207,0.0064618587493896484,"[0, 0, 0, 10, 2, 9, 13, 18, 13, 24, 22, 0, 0, 30]","""[0, 2, 2, 3, 7, 1, 5, 3, 9, 6, 2, 41, 26, 0]"""
j10,1,proactive_robust,600,True,38,0.07402300834655762,0.0003063678741455078,"[0, 0, 0, 13, 3, 11, 16, 22, 16, 29, 26, 0, 0, 41]","""[0, 2, 2, 1, 3, 2, 5, 3, 7, 9, 3, 41, 26, 0]"""
j10,1,reactive,600,True,36,0.07402300834655762,0.20598220825195312,"[0, 0, 0, 13, 3, 11, 16, 21, 16, 24, 33, 0, 0, 36]","[0, 2, 2, 1, 3, 2, 5, 3, 7, 9, 3, 41, 26, 0]"
j10,1,stnu,600,True,28,0.7438538074493408,0.006444692611694336,"[0, 0, 0, 7, 2, 5, 8, 13, 8, 19, 16, 0, 0, 28]","""[0, 2, 2, 1, 3, 2, 5, 3, 7, 9, 3, 41, 26, 0]"""
j10,1,proactive_robust,600,True,38,0.06553411483764648,0.0002963542938232422,"[0, 0, 0, 13, 3, 11, 16, 22, 16, 29, 26, 0, 0, 41]","""[0, 3, 2, 1, 5, 1, 4, 2, 5, 9, 1, 41, 26, 0]"""
j10,1,reactive,600,True,38,0.06553411483764648,0.23672127723693848,"[0, 0, 0, 13, 3, 11, 16, 22, 16, 29, 26, 0, 0, 38]","[0, 3, 2, 1, 5, 1, 4, 2, 5, 9, 1, 41, 26, 0]"
j10,1,stnu,600,True,25,0.7662677764892578,0.006448507308959961,"[0, 0, 0, 8, 2, 7, 9, 13, 9, 16, 15, 0, 0, 25]","""[0, 3, 2, 1, 5, 1, 4, 2, 5, 9, 1, 41, 26, 0]"""
j10,1,proactive_robust,600,True,38,0.07189488410949707,0.00029921531677246094,"[0, 0, 0, 13, 3, 11, 16, 22, 16, 29, 26, 0, 0, 41]","""[0, 3, 3, 2, 5, 1, 3, 2, 9, 7, 2, 41, 26, 0]"""
j10,1,reactive,600,True,36,0.07189488410949707,0.19206857681274414,"[0, 0, 0, 13, 3, 11, 16, 22, 16, 29, 26, 0, 0, 36]","[0, 3, 3, 2, 5, 1, 3, 2, 9, 7, 2, 41, 26, 0]"
j10,1,stnu,600,True,29,0.7572164535522461,0.0064678192138671875,"[0, 0, 0, 9, 3, 8, 11, 14, 11, 22, 20, 0, 0, 29]","""[0, 3, 3, 2, 5, 1, 3, 2, 9, 7, 2, 41, 26, 0]"""
j10,1,proactive_robust,600,True,38,0.07309341430664062,0.0003018379211425781,"[0, 0, 0, 13, 3, 11, 16, 22, 16, 29, 26, 0, 0, 41]","""[0, 1, 3, 2, 6, 2, 4, 2, 8, 7, 3, 41, 26, 0]"""
j10,1,reactive,600,True,36,0.07309341430664062,0.1513359546661377,"[0, 0, 0, 13, 3, 11, 16, 22, 16, 29, 26, 0, 0, 36]","[0, 1, 3, 2, 6, 2, 4, 2, 8, 7, 3, 41, 26, 0]"
j10,1,stnu,600,True,31,0.8226578235626221,0.006469249725341797,"[0, 0, 0, 11, 3, 9, 13, 17, 13, 24, 21, 0, 0, 31]","""[0, 1, 3, 2, 6, 2, 4, 2, 8, 7, 3, 41, 26, 0]"""
j10,1,proactive_robust,600,True,35,0.05402183532714844,0.0009038448333740234,"[0, 0, 0, 0, 6, 8, 21, 6, 12, 15, 27, 0, 0, 0, 0, 0, 0, 0, 0, 91]","""[0, 1, 6, 7, 2, 5, 2, 3, 6, 3, 7, 60, 84, 77, 34, 27, 12, 91, 22, 0]"""
j10,1,reactive,600,True,30,0.05402183532714844,0.12828874588012695,"[0, 0, 0, 0, 6, 8, 21, 6, 12, 15, 23, 0, 0, 0, 0, 0, 0, 0, 0, 30]","[0, 1, 6, 7, 2, 5, 2, 3, 6, 3, 7, 60, 84, 77, 34, 27, 12, 91, 22, 0]"
j10,1,stnu,600,True,25,0.8608341217041016,0.011768579483032227,"[0, 0, 0, 0, 6, 8, 16, 6, 9, 13, 18, 0, 0, 0, 0, 0, 0, 0, 0, 25]","""[0, 1, 6, 7, 2, 5, 2, 3, 6, 3, 7, 60, 84, 77, 34, 27, 12, 91, 22, 0]"""
j10,1,proactive_robust,600,True,35,0.1818373203277588,0.0009388923645019531,"[0, 0, 0, 0, 6, 8, 21, 6, 12, 15, 27, 0, 0, 0, 0, 0, 0, 0, 0, 91]","""[0, 3, 6, 12, 2, 7, 4, 3, 9, 6, 7, 60, 84, 77, 34, 27, 12, 91, 22, 0]"""
j10,1,reactive,600,True,34,0.1818373203277588,0.06581640243530273,"[0, 0, 0, 0, 6, 8, 21, 6, 12, 15, 27, 0, 0, 0, 0, 0, 0, 0, 0, 34]","[0, 3, 6, 12, 2, 7, 4, 3, 9, 6, 7, 60, 84, 77, 34, 27, 12, 91, 22, 0]"
j10,1,stnu,600,True,32,0.775374174118042,0.011665582656860352,"[0, 0, 0, 0, 6, 8, 21, 6, 12, 15, 25, 0, 0, 0, 0, 0, 0, 0, 0, 32]","""[0, 3, 6, 12, 2, 7, 4, 3, 9, 6, 7, 60, 84, 77, 34, 27, 12, 91, 22, 0]"""
j10,1,proactive_robust,600,True,35,0.05829596519470215,0.0009341239929199219,"[0, 0, 0, 0, 6, 8, 21, 6, 12, 15, 27, 0, 0, 0, 0, 0, 0, 0, 0, 91]","""[0, 4, 6, 11, 1, 6, 5, 6, 6, 3, 7, 60, 84, 77, 34, 27, 12, 91, 22, 0]"""
j10,1,reactive,600,True,34,0.05829596519470215,0.08253216743469238,"[0, 0, 0, 0, 6, 8, 21, 6, 12, 15, 27, 0, 0, 0, 0, 0, 0, 0, 0, 34]","[0, 4, 6, 11, 1, 6, 5, 6, 6, 3, 7, 60, 84, 77, 34, 27, 12, 91, 22, 0]"
j10,1,stnu,600,True,28,0.7626633644104004,0.011832237243652344,"[0, 0, 0, 0, 6, 7, 16, 6, 12, 13, 21, 0, 0, 0, 0, 0, 0, 0, 0, 28]","""[0, 4, 6, 11, 1, 6, 5, 6, 6, 3, 7, 60, 84, 77, 34, 27, 12, 91, 22, 0]"""
j10,1,proactive_robust,600,True,35,0.05532383918762207,0.0009088516235351562,"[0, 0, 0, 0, 6, 8, 21, 6, 12, 15, 27, 0, 0, 0, 0, 0, 0, 0, 0, 91]","""[0, 2, 5, 9, 2, 2, 5, 3, 9, 2, 4, 60, 84, 77, 34, 27, 12, 91, 22, 0]"""
j10,1,reactive,600,True,21,0.05532383918762207,0.1521286964416504,"[0, 0, 0, 0, 6, 8, 10, 6, 12, 15, 17, 0, 0, 0, 0, 0, 0, 0, 0, 21]","[0, 2, 5, 9, 2, 2, 5, 3, 9, 2, 4, 60, 84, 77, 34, 27, 12, 91, 22, 0]"
j10,1,stnu,600,True,22,0.7522952556610107,0.011748552322387695,"[0, 0, 0, 0, 5, 7, 11, 5, 9, 9, 18, 0, 0, 0, 0, 0, 0, 0, 0, 22]","""[0, 2, 5, 9, 2, 2, 5, 3, 9, 2, 4, 60, 84, 77, 34, 27, 12, 91, 22, 0]"""
j10,1,proactive_robust,600,True,35,0.15620017051696777,0.0008957386016845703,"[0, 0, 0, 0, 6, 8, 21, 6, 12, 15, 27, 0, 0, 0, 0, 0, 0, 0, 0, 91]","""[0, 2, 2, 11, 1, 2, 3, 3, 7, 3, 6, 60, 84, 77, 34, 27, 12, 91, 22, 0]"""
j10,1,reactive,600,True,20,0.15620017051696777,0.19069743156433105,"[0, 0, 0, 0, 6, 8, 11, 6, 12, 15, 14, 0, 0, 0, 0, 0, 0, 0, 0, 20]","[0, 2, 2, 11, 1, 2, 3, 3, 7, 3, 6, 60, 84, 77, 34, 27, 12, 91, 22, 0]"
j10,1,stnu,600,True,24,0.7529659271240234,0.011697053909301758,"[0, 0, 0, 0, 2, 3, 14, 2, 11, 11, 18, 0, 0, 0, 0, 0, 0, 0, 0, 24]","""[0, 2, 2, 11, 1, 2, 3, 3, 7, 3, 6, 60, 84, 77, 34, 27, 12, 91, 22, 0]"""
j10,1,proactive_robust,600,True,35,0.05555844306945801,0.0009067058563232422,"[0, 0, 0, 0, 6, 8, 21, 6, 12, 15, 27, 0, 0, 0, 0, 0, 0, 0, 0, 91]","""[0, 2, 4, 8, 1, 2, 6, 6, 7, 3, 6, 60, 84, 77, 34, 27, 12, 91, 22, 0]"""
j10,1,reactive,600,True,33,0.05555844306945801,0.12579107284545898,"[0, 0, 0, 0, 6, 8, 21, 6, 12, 15, 27, 0, 0, 0, 0, 0, 0, 0, 0, 33]","[0, 2, 4, 8, 1, 2, 6, 6, 7, 3, 6, 60, 84, 77, 34, 27, 12, 91, 22, 0]"
j10,1,stnu,600,True,25,0.7589573860168457,0.011780738830566406,"[0, 0, 0, 0, 4, 5, 13, 4, 10, 10, 19, 0, 0, 0, 0, 0, 0, 0, 0, 25]","""[0, 2, 4, 8, 1, 2, 6, 6, 7, 3, 6, 60, 84, 77, 34, 27, 12, 91, 22, 0]"""
j10,1,proactive_robust,600,True,35,0.05326247215270996,0.0009009838104248047,"[0, 0, 0, 0, 6, 8, 21, 6, 12, 15, 27, 0, 0, 0, 0, 0, 0, 0, 0, 91]","""[0, 3, 2, 7, 2, 4, 3, 3, 6, 4, 8, 60, 84, 77, 34, 27, 12, 91, 22, 0]"""
j10,1,reactive,600,True,23,0.05326247215270996,0.1490340232849121,"[0, 0, 0, 0, 6, 8, 12, 6, 12, 15, 15, 0, 0, 0, 0, 0, 0, 0, 0, 23]","[0, 3, 2, 7, 2, 4, 3, 3, 6, 4, 8, 60, 84, 77, 34, 27, 12, 91, 22, 0]"
j10,1,stnu,600,True,23,0.749783992767334,0.011777639389038086,"[0, 0, 0, 0, 2, 4, 12, 3, 7, 8, 15, 0, 0, 0, 0, 0, 0, 0, 0, 23]","""[0, 3, 2, 7, 2, 4, 3, 3, 6, 4, 8, 60, 84, 77, 34, 27, 12, 91, 22, 0]"""
j10,1,proactive_robust,600,True,35,0.055526018142700195,0.0009407997131347656,"[0, 0, 0, 0, 6, 8, 21, 6, 12, 15, 27, 0, 0, 0, 0, 0, 0, 0, 0, 91]","""[0, 1, 2, 10, 2, 4, 6, 2, 10, 3, 4, 60, 84, 77, 34, 27, 12, 91, 22, 0]"""
j10,1,reactive,600,True,31,0.055526018142700195,0.12370777130126953,"[0, 0, 0, 0, 6, 8, 21, 6, 12, 15, 27, 0, 0, 0, 0, 0, 0, 0, 0, 31]","[0, 1, 2, 10, 2, 4, 6, 2, 10, 3, 4, 60, 84, 77, 34, 27, 12, 91, 22, 0]"
j10,1,stnu,600,True,24,0.7637100219726562,0.01165914535522461,"[0, 0, 0, 0, 2, 4, 13, 2, 10, 10, 20, 0, 0, 0, 0, 0, 0, 0, 0, 24]","""[0, 1, 2, 10, 2, 4, 6, 2, 10, 3, 4, 60, 84, 77, 34, 27, 12, 91, 22, 0]"""
j10,1,proactive_robust,600,True,35,0.05645418167114258,0.0009338855743408203,"[0, 0, 0, 0, 6, 8, 21, 6, 12, 15, 27, 0, 0, 0, 0, 0, 0, 0, 0, 91]","""[0, 2, 2, 9, 2, 5, 2, 5, 9, 3, 3, 60, 84, 77, 34, 27, 12, 91, 22, 0]"""
j10,1,reactive,600,True,21,0.05645418167114258,0.155745267868042,"[0, 0, 0, 0, 6, 8, 13, 6, 12, 15, 18, 0, 0, 0, 0, 0, 0, 0, 0, 21]","[0, 2, 2, 9, 2, 5, 2, 5, 9, 3, 3, 60, 84, 77, 34, 27, 12, 91, 22, 0]"
j10,1,stnu,600,True,21,0.7528982162475586,0.01166844367980957,"[0, 0, 0, 0, 2, 4, 12, 2, 9, 9, 18, 0, 0, 0, 0, 0, 0, 0, 0, 21]","""[0, 2, 2, 9, 2, 5, 2, 5, 9, 3, 3, 60, 84, 77, 34, 27, 12, 91, 22, 0]"""
j10,1,proactive_robust,600,True,35,0.05743861198425293,0.0009183883666992188,"[0, 0, 0, 0, 6, 8, 21, 6, 12, 15, 27, 0, 0, 0, 0, 0, 0, 0, 0, 91]","""[0, 3, 5, 10, 1, 2, 3, 6, 10, 3, 4, 60, 84, 77, 34, 27, 12, 91, 22, 0]"""
j10,1,reactive,600,True,22,0.05743861198425293,0.14833831787109375,"[0, 0, 0, 0, 6, 8, 10, 6, 12, 15, 18, 0, 0, 0, 0, 0, 0, 0, 0, 22]","[0, 3, 5, 10, 1, 2, 3, 6, 10, 3, 4, 60, 84, 77, 34, 27, 12, 91, 22, 0]"
j10,1,stnu,600,True,25,0.747283935546875,0.011856794357299805,"[0, 0, 0, 0, 5, 6, 14, 5, 11, 11, 21, 0, 0, 0, 0, 0, 0, 0, 0, 25]","""[0, 3, 5, 10, 1, 2, 3, 6, 10, 3, 4, 60, 84, 77, 34, 27, 12, 91, 22, 0]"""
j10,1,proactive_robust,600,True,40,0.06117510795593262,0.0005016326904296875,"[0, 0, 4, 0, 8, 17, 11, 20, 18, 28, 28, 0, 0, 0, 81]","""[0, 2, 6, 4, 4, 3, 3, 4, 3, 2, 12, 68, 81, 40, 0]"""
j10,1,reactive,600,True,36,0.06117510795593262,0.12220430374145508,"[0, 0, 4, 0, 8, 17, 11, 20, 18, 24, 24, 0, 0, 0, 36]","[0, 2, 6, 4, 4, 3, 3, 4, 3, 2, 12, 68, 81, 40, 0]"
j10,1,stnu,600,True,27,0.7536811828613281,0.007071018218994141,"[0, 0, 2, 0, 4, 8, 8, 11, 11, 15, 15, 0, 0, 0, 27]","""[0, 2, 6, 4, 4, 3, 3, 4, 3, 2, 12, 68, 81, 40, 0]"""
j10,1,proactive_robust,600,True,40,0.05897188186645508,0.0005102157592773438,"[0, 0, 4, 0, 8, 17, 11, 20, 18, 28, 28, 0, 0, 0, 81]","""[0, 3, 4, 7, 4, 3, 5, 4, 2, 2, 10, 68, 81, 40, 0]"""
j10,1,reactive,600,True,38,0.05897188186645508,0.1416184902191162,"[0, 0, 4, 0, 8, 17, 11, 20, 18, 28, 28, 0, 0, 0, 38]","[0, 3, 4, 7, 4, 3, 5, 4, 2, 2, 10, 68, 81, 40, 0]"
j10,1,stnu,600,True,28,0.8345088958740234,0.007142543792724609,"[0, 0, 3, 0, 7, 11, 7, 14, 12, 18, 18, 0, 0, 0, 28]","""[0, 3, 4, 7, 4, 3, 5, 4, 2, 2, 10, 68, 81, 40, 0]"""
j10,1,proactive_robust,600,True,40,0.059081077575683594,0.0005137920379638672,"[0, 0, 4, 0, 8, 17, 11, 20, 18, 28, 28, 0, 0, 0, 81]","""[0, 1, 7, 4, 5, 2, 7, 3, 1, 1, 10, 68, 81, 40, 0]"""
j10,1,reactive,600,True,38,0.059081077575683594,0.125504732131958,"[0, 0, 4, 0, 8, 17, 11, 20, 18, 28, 28, 0, 0, 0, 38]","[0, 1, 7, 4, 5, 2, 7, 3, 1, 1, 10, 68, 81, 40, 0]"
j10,1,stnu,600,True,28,0.7389321327209473,0.007318973541259766,"[0, 0, 1, 0, 4, 9, 8, 15, 15, 18, 18, 0, 0, 0, 28]","""[0, 1, 7, 4, 5, 2, 7, 3, 1, 1, 10, 68, 81, 40, 0]"""
j10,1,proactive_robust,600,True,40,0.05880022048950195,0.0005247592926025391,"[0, 0, 4, 0, 8, 17, 11, 20, 18, 28, 28, 0, 0, 0, 81]","""[0, 2, 6, 3, 9, 1, 5, 7, 3, 1, 9, 68, 81, 40, 0]"""
j10,1,reactive,600,True,37,0.05880022048950195,0.12334847450256348,"[0, 0, 4, 0, 8, 17, 11, 20, 18, 28, 28, 0, 0, 0, 37]","[0, 2, 6, 3, 9, 1, 5, 7, 3, 1, 9, 68, 81, 40, 0]"
j10,1,stnu,600,True,29,0.7665188312530518,0.007108449935913086,"[0, 0, 2, 0, 3, 12, 8, 13, 13, 20, 20, 0, 0, 0, 29]","""[0, 2, 6, 3, 9, 1, 5, 7, 3, 1, 9, 68, 81, 40, 0]"""
j10,1,proactive_robust,600,True,40,0.058222293853759766,0.0005018711090087891,"[0, 0, 4, 0, 8, 17, 11, 20, 18, 28, 28, 0, 0, 0, 81]","""[0, 2, 2, 6, 8, 1, 3, 8, 2, 1, 8, 68, 81, 40, 0]"""
j10,1,reactive,600,True,36,0.058222293853759766,0.15325140953063965,"[0, 0, 4, 0, 8, 17, 11, 20, 18, 28, 28, 0, 0, 0, 36]","[0, 2, 2, 6, 8, 1, 3, 8, 2, 1, 8, 68, 81, 40, 0]"
j10,1,stnu,600,True,31,0.7795650959014893,0.007164478302001953,"[0, 0, 2, 0, 6, 14, 6, 15, 14, 23, 23, 0, 0, 0, 31]","""[0, 2, 2, 6, 8, 1, 3, 8, 2, 1, 8, 68, 81, 40, 0]"""
j10,1,proactive_robust,600,True,40,0.057512760162353516,0.0005035400390625,"[0, 0, 4, 0, 8, 17, 11, 20, 18, 28, 28, 0, 0, 0, 81]","""[0, 3, 3, 5, 5, 2, 6, 3, 1, 4, 8, 68, 81, 40, 0]"""
j10,1,reactive,600,True,36,0.057512760162353516,0.1579728126525879,"[0, 0, 4, 0, 8, 17, 11, 20, 18, 28, 28, 0, 0, 0, 36]","[0, 3, 3, 5, 5, 2, 6, 3, 1, 4, 8, 68, 81, 40, 0]"
j10,1,stnu,600,True,23,0.7912285327911377,0.0071375370025634766,"[0, 0, 3, 0, 5, 10, 6, 12, 12, 15, 15, 0, 0, 0, 23]","""[0, 3, 3, 5, 5, 2, 6, 3, 1, 4, 8, 68, 81, 40, 0]"""
j10,1,proactive_robust,600,True,40,0.06099963188171387,0.0005261898040771484,"[0, 0, 4, 0, 8, 17, 11, 20, 18, 28, 28, 0, 0, 0, 81]","""[0, 3, 3, 6, 8, 3, 6, 8, 2, 2, 12, 68, 81, 40, 0]"""
j10,1,reactive,600,True,40,0.06099963188171387,0.11977553367614746,"[0, 0, 4, 0, 8, 17, 11, 20, 18, 28, 28, 0, 0, 0, 40]","[0, 3, 3, 6, 8, 3, 6, 8, 2, 2, 12, 68, 81, 40, 0]"
j10,1,stnu,600,True,37,0.7336139678955078,0.0072021484375,"[0, 0, 3, 0, 6, 14, 6, 17, 14, 25, 25, 0, 0, 0, 37]","""[0, 3, 3, 6, 8, 3, 6, 8, 2, 2, 12, 68, 81, 40, 0]"""
j10,1,proactive_robust,600,True,40,0.05791974067687988,0.0005204677581787109,"[0, 0, 4, 0, 8, 17, 11, 20, 18, 28, 28, 0, 0, 0, 81]","""[0, 1, 5, 7, 4, 3, 7, 5, 2, 3, 10, 68, 81, 40, 0]"""
j10,1,reactive,600,True,38,0.05791974067687988,0.11827588081359863,"[0, 0, 4, 0, 8, 17, 11, 20, 18, 28, 28, 0, 0, 0, 38]","[0, 1, 5, 7, 4, 3, 7, 5, 2, 3, 10, 68, 81, 40, 0]"
j10,1,stnu,600,True,29,0.7601466178894043,0.007126569747924805,"[0, 0, 1, 0, 7, 11, 7, 14, 14, 19, 19, 0, 0, 0, 29]","""[0, 1, 5, 7, 4, 3, 7, 5, 2, 3, 10, 68, 81, 40, 0]"""
j10,1,proactive_robust,600,True,40,0.05910444259643555,0.0005578994750976562,"[0, 0, 4, 0, 8, 17, 11, 20, 18, 28, 28, 0, 0, 0, 81]","""[0, 2, 6, 8, 8, 3, 6, 4, 3, 4, 12, 68, 81, 40, 0]"""
j10,1,reactive,600,True,36,0.05910444259643555,0.08429241180419922,"[0, 0, 4, 0, 8, 17, 11, 20, 18, 24, 24, 0, 0, 0, 36]","[0, 2, 6, 8, 8, 3, 6, 4, 3, 4, 12, 68, 81, 40, 0]"
j10,1,stnu,600,True,35,0.7376523017883301,0.006998300552368164,"[0, 0, 2, 0, 8, 16, 8, 19, 16, 23, 23, 0, 0, 0, 35]","""[0, 2, 6, 8, 8, 3, 6, 4, 3, 4, 12, 68, 81, 40, 0]"""
j10,1,proactive_robust,600,True,40,0.05623221397399902,0.0005316734313964844,"[0, 0, 4, 0, 8, 17, 11, 20, 18, 28, 28, 0, 0, 0, 81]","""[0, 1, 4, 8, 6, 3, 5, 5, 3, 3, 12, 68, 81, 40, 0]"""
j10,1,reactive,600,True,37,0.05623221397399902,0.0892324447631836,"[0, 0, 4, 0, 8, 17, 11, 20, 18, 25, 25, 0, 0, 0, 37]","[0, 1, 4, 8, 6, 3, 5, 5, 3, 3, 12, 68, 81, 40, 0]"
j10,1,stnu,600,True,34,0.8371965885162354,0.007073163986206055,"[0, 0, 1, 0, 8, 14, 8, 17, 14, 22, 22, 0, 0, 0, 34]","""[0, 1, 4, 8, 6, 3, 5, 5, 3, 3, 12, 68, 81, 40, 0]"""
j10,1,proactive_robust,600,True,43,0.057610511779785156,0.0002841949462890625,"[0, 0, 0, 0, 23, 7, 11, 23, 33, 33, 31, 0, 52]","""[0, 6, 7, 2, 5, 4, 6, 3, 4, 3, 11, 52, 0]"""
j10,1,reactive,600,True,42,0.057610511779785156,0.1207723617553711,"[0, 0, 0, 0, 23, 7, 11, 23, 33, 33, 31, 0, 42]","[0, 6, 7, 2, 5, 4, 6, 3, 4, 3, 11, 52, 0]"
j10,1,stnu,600,True,30,0.7420039176940918,0.005264759063720703,"[0, 0, 0, 0, 16, 6, 10, 16, 21, 21, 19, 0, 30]","""[0, 6, 7, 2, 5, 4, 6, 3, 4, 3, 11, 52, 0]"""
j10,1,proactive_robust,600,True,43,0.05945086479187012,0.00028824806213378906,"[0, 0, 0, 0, 23, 7, 11, 23, 33, 33, 31, 0, 52]","""[0, 5, 6, 5, 5, 4, 8, 4, 4, 4, 11, 52, 0]"""
j10,1,reactive,600,True,42,0.05945086479187012,0.14260649681091309,"[0, 0, 0, 0, 23, 7, 11, 23, 33, 33, 31, 0, 42]","[0, 5, 6, 5, 5, 4, 8, 4, 4, 4, 11, 52, 0]"
j10,1,stnu,600,True,32,0.7257051467895508,0.005185604095458984,"[0, 0, 0, 0, 17, 5, 9, 17, 22, 22, 21, 0, 32]","""[0, 5, 6, 5, 5, 4, 8, 4, 4, 4, 11, 52, 0]"""
j10,1,proactive_robust,600,True,43,0.05699610710144043,0.0002872943878173828,"[0, 0, 0, 0, 23, 7, 11, 23, 33, 33, 31, 0, 52]","""[0, 6, 12, 4, 7, 1, 7, 5, 3, 5, 7, 52, 0]"""
j10,1,reactive,600,True,38,0.05699610710144043,0.12052774429321289,"[0, 0, 0, 0, 23, 7, 11, 23, 33, 33, 31, 0, 38]","[0, 6, 12, 4, 7, 1, 7, 5, 3, 5, 7, 52, 0]"
j10,1,stnu,600,True,26,0.7417495250701904,0.005234718322753906,"[0, 0, 0, 0, 14, 6, 7, 14, 21, 21, 19, 0, 26]","""[0, 6, 12, 4, 7, 1, 7, 5, 3, 5, 7, 52, 0]"""
j10,1,proactive_robust,600,True,43,0.0585172176361084,0.0002770423889160156,"[0, 0, 0, 0, 23, 7, 11, 23, 33, 33, 31, 0, 52]","""[0, 4, 8, 2, 6, 3, 9, 5, 1, 2, 7, 52, 0]"""
j10,1,reactive,600,True,38,0.0585172176361084,0.16860532760620117,"[0, 0, 0, 0, 23, 7, 11, 23, 33, 33, 31, 0, 38]","[0, 4, 8, 2, 6, 3, 9, 5, 1, 2, 7, 52, 0]"
j10,1,stnu,600,True,28,0.796022891998291,0.005224704742431641,"[0, 0, 0, 0, 16, 4, 7, 16, 22, 22, 21, 0, 28]","""[0, 4, 8, 2, 6, 3, 9, 5, 1, 2, 7, 52, 0]"""
j10,1,proactive_robust,600,True,43,0.06219840049743652,0.00026988983154296875,"[0, 0, 0, 0, 23, 7, 11, 23, 33, 33, 31, 0, 52]","""[0, 4, 7, 5, 5, 2, 8, 5, 2, 3, 7, 52, 0]"""
j10,1,reactive,600,True,38,0.06219840049743652,0.15288352966308594,"[0, 0, 0, 0, 23, 7, 11, 23, 33, 33, 31, 0, 38]","[0, 4, 7, 5, 5, 2, 8, 5, 2, 3, 7, 52, 0]"
j10,1,stnu,600,True,27,0.7333657741546631,0.005207538604736328,"[0, 0, 0, 0, 15, 5, 7, 15, 20, 20, 20, 0, 27]","""[0, 4, 7, 5, 5, 2, 8, 5, 2, 3, 7, 52, 0]"""
j10,1,proactive_robust,600,True,43,0.056864261627197266,0.0002923011779785156,"[0, 0, 0, 0, 23, 7, 11, 23, 33, 33, 31, 0, 52]","""[0, 4, 8, 6, 6, 2, 12, 5, 4, 2, 10, 52, 0]"""
j10,1,reactive,600,True,41,0.056864261627197266,0.13496112823486328,"[0, 0, 0, 0, 23, 7, 11, 23, 33, 33, 31, 0, 41]","[0, 4, 8, 6, 6, 2, 12, 5, 4, 2, 10, 52, 0]"
j10,1,stnu,600,True,35,0.7256064414978027,0.005233049392700195,"[0, 0, 0, 0, 20, 6, 8, 20, 26, 26, 25, 0, 35]","""[0, 4, 8, 6, 6, 2, 12, 5, 4, 2, 10, 52, 0]"""
j10,1,proactive_robust,600,True,43,0.05870938301086426,0.0003032684326171875,"[0, 0, 0, 0, 23, 7, 11, 23, 33, 33, 31, 0, 52]","""[0, 5, 9, 5, 8, 3, 10, 7, 3, 5, 11, 52, 0]"""
j10,1,reactive,600,True,42,0.05870938301086426,0.1456139087677002,"[0, 0, 0, 0, 23, 7, 11, 23, 33, 33, 31, 0, 42]","[0, 5, 9, 5, 8, 3, 10, 7, 3, 5, 11, 52, 0]"
j10,1,stnu,600,True,36,0.7241039276123047,0.0052950382232666016,"[0, 0, 0, 0, 18, 5, 8, 18, 26, 26, 25, 0, 36]","""[0, 5, 9, 5, 8, 3, 10, 7, 3, 5, 11, 52, 0]"""
j10,1,proactive_robust,600,True,43,0.059259891510009766,0.00030994415283203125,"[0, 0, 0, 0, 23, 7, 11, 23, 33, 33, 31, 0, 52]","""[0, 2, 9, 7, 10, 2, 10, 4, 1, 6, 11, 52, 0]"""
j10,1,reactive,600,True,42,0.059259891510009766,0.12181663513183594,"[0, 0, 0, 0, 23, 7, 11, 23, 33, 33, 31, 0, 42]","[0, 2, 9, 7, 10, 2, 10, 4, 1, 6, 11, 52, 0]"
j10,1,stnu,600,True,35,0.7426965236663818,0.005178689956665039,"[0, 0, 0, 0, 19, 7, 9, 19, 29, 29, 23, 0, 35]","""[0, 2, 9, 7, 10, 2, 10, 4, 1, 6, 11, 52, 0]"""
j10,1,proactive_robust,600,True,43,0.05732226371765137,0.0002892017364501953,"[0, 0, 0, 0, 23, 7, 11, 23, 33, 33, 31, 0, 52]","""[0, 3, 9, 4, 7, 3, 8, 6, 3, 6, 10, 52, 0]"""
j10,1,reactive,600,True,41,0.05732226371765137,0.150909423828125,"[0, 0, 0, 0, 23, 7, 11, 23, 33, 33, 31, 0, 41]","[0, 3, 9, 4, 7, 3, 8, 6, 3, 6, 10, 52, 0]"
j10,1,stnu,600,True,31,0.7483291625976562,0.00529789924621582,"[0, 0, 0, 0, 15, 4, 7, 15, 22, 22, 21, 0, 31]","""[0, 3, 9, 4, 7, 3, 8, 6, 3, 6, 10, 52, 0]"""
j10,1,proactive_robust,600,True,43,0.05728650093078613,0.0002949237823486328,"[0, 0, 0, 0, 23, 7, 11, 23, 33, 33, 31, 0, 52]","""[0, 4, 6, 5, 10, 2, 9, 7, 3, 2, 9, 52, 0]"""
j10,1,reactive,600,True,40,0.05728650093078613,0.15825271606445312,"[0, 0, 0, 0, 23, 7, 11, 23, 33, 33, 31, 0, 40]","[0, 4, 6, 5, 10, 2, 9, 7, 3, 2, 9, 52, 0]"
j10,1,stnu,600,True,32,0.724822998046875,0.005321502685546875,"[0, 0, 0, 0, 16, 5, 7, 16, 26, 26, 23, 0, 32]","""[0, 4, 6, 5, 10, 2, 9, 7, 3, 2, 9, 52, 0]"""
j10,1,proactive_robust,600,True,33,0.054641008377075195,0.0005807876586914062,"[0, 0, 0, 0, 13, 9, 9, 13, 25, 15, 16, 0, 0, 0, 0, 86]","""[0, 7, 8, 4, 3, 4, 1, 6, 8, 10, 4, 86, 13, 86, 46, 0]"""
j10,1,reactive,600,True,27,0.054641008377075195,0.11649346351623535,"[0, 0, 0, 0, 13, 9, 9, 13, 19, 15, 16, 0, 0, 0, 0, 27]","[0, 7, 8, 4, 3, 4, 1, 6, 8, 10, 4, 86, 13, 86, 46, 0]"
j10,1,stnu,600,True,29,0.723261833190918,0.00750422477722168,"[0, 0, 0, 0, 8, 7, 7, 8, 21, 11, 11, 0, 0, 0, 0, 29]","""[0, 7, 8, 4, 3, 4, 1, 6, 8, 10, 4, 86, 13, 86, 46, 0]"""
j10,1,proactive_robust,600,True,33,0.05590248107910156,0.0005719661712646484,"[0, 0, 0, 0, 13, 9, 9, 13, 25, 15, 16, 0, 0, 0, 0, 86]","""[0, 7, 10, 7, 1, 2, 1, 11, 5, 6, 6, 86, 13, 86, 46, 0]"""
j10,1,reactive,600,True,30,0.05590248107910156,0.15079045295715332,"[0, 0, 0, 0, 13, 9, 9, 13, 25, 15, 16, 0, 0, 0, 0, 30]","[0, 7, 10, 7, 1, 2, 1, 11, 5, 6, 6, 86, 13, 86, 46, 0]"
j10,1,stnu,600,True,26,0.7356266975402832,0.007599353790283203,"[0, 0, 0, 0, 10, 7, 7, 10, 21, 10, 11, 0, 0, 0, 0, 26]","""[0, 7, 10, 7, 1, 2, 1, 11, 5, 6, 6, 86, 13, 86, 46, 0]"""
j10,1,proactive_robust,600,True,33,0.0596010684967041,0.0005831718444824219,"[0, 0, 0, 0, 13, 9, 9, 13, 25, 15, 16, 0, 0, 0, 0, 86]","""[0, 5, 7, 7, 3, 3, 1, 12, 7, 6, 5, 86, 13, 86, 46, 0]"""
j10,1,reactive,600,True,32,0.0596010684967041,0.11610078811645508,"[0, 0, 0, 0, 13, 9, 9, 13, 25, 15, 16, 0, 0, 0, 0, 32]","[0, 5, 7, 7, 3, 3, 1, 12, 7, 6, 5, 86, 13, 86, 46, 0]"
j10,1,stnu,600,True,27,0.7342560291290283,0.0074923038482666016,"[0, 0, 0, 0, 8, 7, 7, 8, 20, 10, 11, 0, 0, 0, 0, 27]","""[0, 5, 7, 7, 3, 3, 1, 12, 7, 6, 5, 86, 13, 86, 46, 0]"""
j10,1,proactive_robust,600,True,33,0.05662059783935547,0.0005779266357421875,"[0, 0, 0, 0, 13, 9, 9, 13, 25, 15, 16, 0, 0, 0, 0, 86]","""[0, 4, 10, 7, 3, 6, 1, 8, 4, 8, 3, 86, 13, 86, 46, 0]"""
j10,1,reactive,600,True,25,0.05662059783935547,0.11547970771789551,"[0, 0, 0, 0, 13, 9, 9, 13, 21, 15, 16, 0, 0, 0, 0, 25]","[0, 4, 10, 7, 3, 6, 1, 8, 4, 8, 3, 86, 13, 86, 46, 0]"
j10,1,stnu,600,True,25,0.746502161026001,0.007500410079956055,"[0, 0, 0, 0, 10, 7, 7, 10, 21, 13, 13, 0, 0, 0, 0, 25]","""[0, 4, 10, 7, 3, 6, 1, 8, 4, 8, 3, 86, 13, 86, 46, 0]"""
j10,1,proactive_robust,600,True,33,0.05704164505004883,0.0005660057067871094,"[0, 0, 0, 0, 13, 9, 9, 13, 25, 15, 16, 0, 0, 0, 0, 86]","""[0, 5, 9, 6, 1, 3, 1, 7, 5, 8, 7, 86, 13, 86, 46, 0]"""
j10,1,reactive,600,True,25,0.05704164505004883,0.15720748901367188,"[0, 0, 0, 0, 13, 9, 9, 13, 20, 15, 16, 0, 0, 0, 0, 25]","[0, 5, 9, 6, 1, 3, 1, 7, 5, 8, 7, 86, 13, 86, 46, 0]"
j10,1,stnu,600,True,22,0.7257006168365479,0.00752711296081543,"[0, 0, 0, 0, 9, 6, 6, 9, 17, 9, 10, 0, 0, 0, 0, 22]","""[0, 5, 9, 6, 1, 3, 1, 7, 5, 8, 7, 86, 13, 86, 46, 0]"""
j10,1,proactive_robust,600,True,33,0.055216312408447266,0.0005960464477539062,"[0, 0, 0, 0, 13, 9, 9, 13, 25, 15, 16, 0, 0, 0, 0, 86]","""[0, 5, 13, 6, 2, 2, 2, 8, 5, 9, 8, 86, 13, 86, 46, 0]"""
j10,1,reactive,600,True,30,0.055216312408447266,0.12008142471313477,"[0, 0, 0, 0, 13, 9, 9, 13, 25, 15, 16, 0, 0, 0, 0, 30]","[0, 5, 13, 6, 2, 2, 2, 8, 5, 9, 8, 86, 13, 86, 46, 0]"
j10,1,stnu,600,True,28,0.7167782783508301,0.007699251174926758,"[0, 0, 0, 0, 13, 6, 6, 13, 23, 13, 15, 0, 0, 0, 0, 28]","""[0, 5, 13, 6, 2, 2, 2, 8, 5, 9, 8, 86, 13, 86, 46, 0]"""
j10,1,proactive_robust,600,True,33,0.06008124351501465,0.0005896091461181641,"[0, 0, 0, 0, 13, 9, 9, 13, 25, 15, 16, 0, 0, 0, 0, 86]","""[0, 9, 8, 6, 1, 6, 3, 9, 8, 7, 6, 86, 13, 86, 46, 0]"""
j10,1,reactive,600,True,30,0.06008124351501465,0.08078837394714355,"[0, 0, 0, 0, 13, 9, 9, 13, 22, 15, 16, 0, 0, 0, 0, 30]","[0, 9, 8, 6, 1, 6, 3, 9, 8, 7, 6, 86, 13, 86, 46, 0]"
j10,1,stnu,600,True,30,0.7416763305664062,0.007527351379394531,"[0, 0, 0, 0, 12, 9, 9, 12, 22, 15, 13, 0, 0, 0, 0, 30]","""[0, 9, 8, 6, 1, 6, 3, 9, 8, 7, 6, 86, 13, 86, 46, 0]"""
j10,1,proactive_robust,600,True,33,0.06025218963623047,0.0006015300750732422,"[0, 0, 0, 0, 13, 9, 9, 13, 25, 15, 16, 0, 0, 0, 0, 86]","""[0, 9, 11, 4, 1, 4, 3, 9, 6, 7, 6, 86, 13, 86, 46, 0]"""
j10,1,reactive,600,True,31,0.06025218963623047,0.10661196708679199,"[0, 0, 0, 0, 13, 9, 9, 13, 25, 15, 16, 0, 0, 0, 0, 31]","[0, 9, 11, 4, 1, 4, 3, 9, 6, 7, 6, 86, 13, 86, 46, 0]"
j10,1,stnu,600,True,27,0.7308869361877441,0.007528543472290039,"[0, 0, 0, 0, 12, 9, 9, 12, 21, 13, 13, 0, 0, 0, 0, 27]","""[0, 9, 11, 4, 1, 4, 3, 9, 6, 7, 6, 86, 13, 86, 46, 0]"""
j10,1,proactive_robust,600,True,33,0.0560152530670166,0.0005786418914794922,"[0, 0, 0, 0, 13, 9, 9, 13, 25, 15, 16, 0, 0, 0, 0, 86]","""[0, 6, 7, 3, 3, 6, 2, 8, 6, 8, 5, 86, 13, 86, 46, 0]"""
j10,1,reactive,600,True,31,0.0560152530670166,0.11242246627807617,"[0, 0, 0, 0, 13, 9, 9, 13, 25, 15, 16, 0, 0, 0, 0, 31]","[0, 6, 7, 3, 3, 6, 2, 8, 6, 8, 5, 86, 13, 86, 46, 0]"
j10,1,stnu,600,True,26,0.7254552841186523,0.007645130157470703,"[0, 0, 0, 0, 8, 6, 6, 8, 20, 12, 11, 0, 0, 0, 0, 26]","""[0, 6, 7, 3, 3, 6, 2, 8, 6, 8, 5, 86, 13, 86, 46, 0]"""
j10,1,proactive_robust,600,True,33,0.05514717102050781,0.0005712509155273438,"[0, 0, 0, 0, 13, 9, 9, 13, 25, 15, 16, 0, 0, 0, 0, 86]","""[0, 5, 7, 7, 3, 2, 2, 6, 4, 7, 6, 86, 13, 86, 46, 0]"""
j10,1,reactive,600,True,23,0.05514717102050781,0.14829397201538086,"[0, 0, 0, 0, 13, 9, 9, 13, 19, 15, 16, 0, 0, 0, 0, 23]","[0, 5, 7, 7, 3, 2, 2, 6, 4, 7, 6, 86, 13, 86, 46, 0]"
j10,1,stnu,600,True,22,0.7440483570098877,0.0075871944427490234,"[0, 0, 0, 0, 9, 7, 7, 9, 18, 9, 12, 0, 0, 0, 0, 22]","""[0, 5, 7, 7, 3, 2, 2, 6, 4, 7, 6, 86, 13, 86, 46, 0]"""
j10,1,proactive_robust,600,True,34,0.05912947654724121,0.00024509429931640625,"[0, 0, 14, 0, 8, 8, 24, 12, 22, 27, 14, 0, 34]","""[0, 8, 9, 5, 3, 4, 2, 2, 2, 6, 8, 34, 0]"""
j10,1,reactive,600,True,33,0.05912947654724121,0.21111631393432617,"[0, 0, 14, 0, 8, 8, 24, 12, 22, 27, 14, 0, 33]","[0, 8, 9, 5, 3, 4, 2, 2, 2, 6, 8, 34, 0]"
j10,1,stnu,600,True,30,0.7665266990661621,0.005473136901855469,"[0, 0, 12, 0, 8, 8, 22, 11, 20, 24, 12, 0, 30]","""[0, 8, 9, 5, 3, 4, 2, 2, 2, 6, 8, 34, 0]"""
j10,1,proactive_robust,600,True,34,0.060514211654663086,0.00023055076599121094,"[0, 0, 14, 0, 8, 8, 24, 12, 22, 27, 14, 0, 34]","""[0, 8, 7, 7, 2, 3, 2, 2, 2, 4, 5, 34, 0]"""
j10,1,reactive,600,True,31,0.060514211654663086,0.11894631385803223,"[0, 0, 14, 0, 8, 8, 24, 12, 22, 27, 14, 0, 31]","[0, 8, 7, 7, 2, 3, 2, 2, 2, 4, 5, 34, 0]"
j10,1,stnu,600,True,24,0.7831521034240723,0.005472898483276367,"[0, 0, 11, 0, 8, 8, 18, 10, 16, 20, 11, 0, 24]","""[0, 8, 7, 7, 2, 3, 2, 2, 2, 4, 5, 34, 0]"""
j10,1,proactive_robust,600,True,34,0.05833601951599121,0.00023365020751953125,"[0, 0, 14, 0, 8, 8, 24, 12, 22, 27, 14, 0, 34]","""[0, 8, 7, 4, 3, 5, 3, 3, 2, 3, 5, 34, 0]"""
j10,1,reactive,600,True,30,0.05833601951599121,0.09767961502075195,"[0, 0, 14, 0, 8, 8, 24, 12, 22, 27, 14, 0, 30]","[0, 8, 7, 4, 3, 5, 3, 3, 2, 3, 5, 34, 0]"
j10,1,stnu,600,True,26,0.7212824821472168,0.00547480583190918,"[0, 0, 13, 0, 8, 8, 20, 11, 18, 23, 13, 0, 26]","""[0, 8, 7, 4, 3, 5, 3, 3, 2, 3, 5, 34, 0]"""
j10,1,proactive_robust,600,True,34,0.058272361755371094,0.00022101402282714844,"[0, 0, 14, 0, 8, 8, 24, 12, 22, 27, 14, 0, 34]","""[0, 3, 8, 4, 1, 3, 3, 3, 1, 7, 7, 34, 0]"""
j10,1,reactive,600,True,32,0.058272361755371094,0.1437230110168457,"[0, 0, 14, 0, 8, 8, 22, 12, 11, 25, 14, 0, 32]","[0, 3, 8, 4, 1, 3, 3, 3, 1, 7, 7, 34, 0]"
j10,1,stnu,600,True,25,0.7243227958679199,0.005525350570678711,"[0, 0, 7, 0, 4, 4, 15, 5, 14, 18, 7, 0, 25]","""[0, 3, 8, 4, 1, 3, 3, 3, 1, 7, 7, 34, 0]"""
j10,1,proactive_robust,600,True,34,0.05768942832946777,0.00021958351135253906,"[0, 0, 14, 0, 8, 8, 24, 12, 22, 27, 14, 0, 34]","""[0, 4, 6, 2, 2, 4, 2, 1, 2, 4, 6, 34, 0]"""
j10,1,reactive,600,True,30,0.05768942832946777,0.17448091506958008,"[0, 0, 14, 0, 8, 8, 24, 12, 22, 26, 14, 0, 30]","[0, 4, 6, 2, 2, 4, 2, 1, 2, 4, 6, 34, 0]"
j10,1,stnu,600,True,22,0.7829504013061523,0.00545501708984375,"[0, 0, 8, 0, 4, 4, 16, 6, 14, 18, 8, 0, 22]","""[0, 4, 6, 2, 2, 4, 2, 1, 2, 4, 6, 34, 0]"""
j10,1,proactive_robust,600,True,34,0.060044288635253906,0.000225067138671875,"[0, 0, 14, 0, 8, 8, 24, 12, 22, 27, 14, 0, 34]","""[0, 4, 6, 6, 4, 4, 2, 3, 2, 5, 8, 34, 0]"""
j10,1,reactive,600,True,32,0.060044288635253906,0.11760997772216797,"[0, 0, 14, 0, 8, 8, 24, 12, 22, 27, 14, 0, 32]","[0, 4, 6, 6, 4, 4, 2, 3, 2, 5, 8, 34, 0]"
j10,1,stnu,600,True,27,0.7221944332122803,0.00552821159362793,"[0, 0, 10, 0, 6, 6, 20, 10, 18, 22, 10, 0, 27]","""[0, 4, 6, 6, 4, 4, 2, 3, 2, 5, 8, 34, 0]"""
j10,1,proactive_robust,600,True,34,0.0593721866607666,0.000209808349609375,"[0, 0, 14, 0, 8, 8, 24, 12, 22, 27, 14, 0, 34]","""[0, 6, 4, 2, 2, 5, 2, 1, 2, 3, 6, 34, 0]"""
j10,1,reactive,600,True,29,0.0593721866607666,0.16284775733947754,"[0, 0, 14, 0, 8, 8, 24, 12, 22, 26, 14, 0, 29]","[0, 6, 4, 2, 2, 5, 2, 1, 2, 3, 6, 34, 0]"
j10,1,stnu,600,True,24,0.7693305015563965,0.005499362945556641,"[0, 0, 11, 0, 6, 6, 19, 8, 17, 21, 11, 0, 24]","""[0, 6, 4, 2, 2, 5, 2, 1, 2, 3, 6, 34, 0]"""
j10,1,proactive_robust,600,True,34,0.05936145782470703,0.00023937225341796875,"[0, 0, 14, 0, 8, 8, 24, 12, 22, 27, 14, 0, 34]","""[0, 4, 8, 6, 4, 6, 2, 1, 1, 3, 4, 34, 0]"""
j10,1,reactive,600,True,30,0.05936145782470703,0.13457202911376953,"[0, 0, 14, 0, 8, 8, 24, 12, 22, 27, 14, 0, 30]","[0, 4, 8, 6, 4, 6, 2, 1, 1, 3, 4, 34, 0]"
j10,1,stnu,600,True,25,0.7278661727905273,0.0055599212646484375,"[0, 0, 12, 0, 6, 6, 20, 10, 16, 22, 12, 0, 25]","""[0, 4, 8, 6, 4, 6, 2, 1, 1, 3, 4, 34, 0]"""
j10,1,proactive_robust,600,True,34,0.05982184410095215,0.00022220611572265625,"[0, 0, 14, 0, 8, 8, 24, 12, 22, 27, 14, 0, 34]","""[0, 7, 5, 3, 3, 3, 3, 2, 1, 6, 7, 34, 0]"""
j10,1,reactive,600,True,33,0.05982184410095215,0.15183162689208984,"[0, 0, 14, 0, 8, 8, 24, 12, 22, 27, 14, 0, 33]","[0, 7, 5, 3, 3, 3, 3, 2, 1, 6, 7, 34, 0]"
j10,1,stnu,600,True,27,0.7177317142486572,0.005488157272338867,"[0, 0, 10, 0, 7, 7, 18, 10, 17, 21, 10, 0, 27]","""[0, 7, 5, 3, 3, 3, 3, 2, 1, 6, 7, 34, 0]"""
j10,1,proactive_robust,600,True,34,0.05942344665527344,0.00024771690368652344,"[0, 0, 14, 0, 8, 8, 24, 12, 22, 27, 14, 0, 34]","""[0, 8, 8, 7, 1, 5, 1, 1, 2, 5, 8, 34, 0]"""
j10,1,reactive,600,True,32,0.05942344665527344,0.09682726860046387,"[0, 0, 14, 0, 8, 8, 24, 12, 22, 27, 14, 0, 32]","[0, 8, 8, 7, 1, 5, 1, 1, 2, 5, 8, 34, 0]"
j10,1,stnu,600,True,29,0.7581613063812256,0.005489826202392578,"[0, 0, 13, 0, 8, 8, 23, 9, 21, 24, 13, 0, 29]","""[0, 8, 8, 7, 1, 5, 1, 1, 2, 5, 8, 34, 0]"""
j10,1,proactive_robust,600,True,23,0.05259084701538086,0.0008542537689208984,"[0, 0, 0, 0, 6, 12, 15, 8, 15, 18, 15, 0, 0, 0, 0, 0, 0, 0, 0, 79]","""[0, 5, 7, 3, 1, 1, 3, 5, 7, 1, 5, 79, 31, 41, 26, 18, 62, 69, 77, 0]"""
j10,1,reactive,600,True,22,0.05259084701538086,0.14391803741455078,"[0, 0, 0, 0, 6, 12, 15, 8, 15, 18, 15, 0, 0, 0, 0, 0, 0, 0, 0, 22]","[0, 5, 7, 3, 1, 1, 3, 5, 7, 1, 5, 79, 31, 41, 26, 18, 62, 69, 77, 0]"
j10,1,stnu,600,True,18,0.7470347881317139,0.011895895004272461,"[0, 0, 0, 0, 5, 7, 11, 6, 11, 14, 11, 0, 0, 0, 0, 0, 0, 0, 0, 18]","""[0, 5, 7, 3, 1, 1, 3, 5, 7, 1, 5, 79, 31, 41, 26, 18, 62, 69, 77, 0]"""
j10,1,proactive_robust,600,True,23,0.051727294921875,0.0008602142333984375,"[0, 0, 0, 0, 6, 12, 15, 8, 15, 18, 15, 0, 0, 0, 0, 0, 0, 0, 0, 79]","""[0, 2, 7, 8, 1, 2, 3, 6, 4, 1, 7, 79, 31, 41, 26, 18, 62, 69, 77, 0]"""
j10,1,reactive,600,True,22,0.051727294921875,0.11133122444152832,"[0, 0, 0, 0, 6, 12, 15, 8, 15, 18, 15, 0, 0, 0, 0, 0, 0, 0, 0, 22]","[0, 2, 7, 8, 1, 2, 3, 6, 4, 1, 7, 79, 31, 41, 26, 18, 62, 69, 77, 0]"
j10,1,stnu,600,True,21,0.8589954376220703,0.011854171752929688,"[0, 0, 0, 0, 2, 8, 14, 8, 14, 17, 14, 0, 0, 0, 0, 0, 0, 0, 0, 21]","""[0, 2, 7, 8, 1, 2, 3, 6, 4, 1, 7, 79, 31, 41, 26, 18, 62, 69, 77, 0]"""
j10,1,proactive_robust,600,True,23,0.051175594329833984,0.0008721351623535156,"[0, 0, 0, 0, 6, 12, 15, 8, 15, 18, 15, 0, 0, 0, 0, 0, 0, 0, 0, 79]","""[0, 2, 9, 3, 1, 2, 3, 3, 8, 1, 6, 79, 31, 41, 26, 18, 62, 69, 77, 0]"""
j10,1,reactive,600,True,23,0.051175594329833984,0.13386321067810059,"[0, 0, 0, 0, 6, 12, 15, 8, 15, 18, 15, 0, 0, 0, 0, 0, 0, 0, 0, 23]","[0, 2, 9, 3, 1, 2, 3, 3, 8, 1, 6, 79, 31, 41, 26, 18, 62, 69, 77, 0]"
j10,1,stnu,600,True,19,0.7470927238464355,0.011890172958374023,"[0, 0, 0, 0, 2, 9, 11, 3, 11, 14, 11, 0, 0, 0, 0, 0, 0, 0, 0, 19]","""[0, 2, 9, 3, 1, 2, 3, 3, 8, 1, 6, 79, 31, 41, 26, 18, 62, 69, 77, 0]"""
j10,1,proactive_robust,600,True,23,0.05194664001464844,0.0008668899536132812,"[0, 0, 0, 0, 6, 12, 15, 8, 15, 18, 15, 0, 0, 0, 0, 0, 0, 0, 0, 79]","""[0, 3, 12, 4, 2, 2, 1, 3, 7, 2, 3, 79, 31, 41, 26, 18, 62, 69, 77, 0]"""
j10,1,reactive,600,True,22,0.05194664001464844,0.09152793884277344,"[0, 0, 0, 0, 6, 12, 15, 8, 15, 18, 15, 0, 0, 0, 0, 0, 0, 0, 0, 22]","[0, 3, 12, 4, 2, 2, 1, 3, 7, 2, 3, 79, 31, 41, 26, 18, 62, 69, 77, 0]"
j10,1,stnu,600,True,21,0.8666744232177734,0.011888742446899414,"[0, 0, 0, 0, 3, 12, 14, 5, 14, 15, 14, 0, 0, 0, 0, 0, 0, 0, 0, 21]","""[0, 3, 12, 4, 2, 2, 1, 3, 7, 2, 3, 79, 31, 41, 26, 18, 62, 69, 77, 0]"""
j10,1,proactive_robust,600,True,23,0.0528256893157959,0.0008258819580078125,"[0, 0, 0, 0, 6, 12, 15, 8, 15, 18, 15, 0, 0, 0, 0, 0, 0, 0, 0, 79]","""[0, 3, 7, 3, 1, 1, 2, 5, 4, 1, 4, 79, 31, 41, 26, 18, 62, 69, 77, 0]"""
j10,1,reactive,600,True,19,0.0528256893157959,0.15093207359313965,"[0, 0, 0, 0, 6, 12, 15, 8, 15, 18, 15, 0, 0, 0, 0, 0, 0, 0, 0, 19]","[0, 3, 7, 3, 1, 1, 2, 5, 4, 1, 4, 79, 31, 41, 26, 18, 62, 69, 77, 0]"
j10,1,stnu,600,True,13,0.8053464889526367,0.011832237243652344,"[0, 0, 0, 0, 3, 7, 9, 4, 9, 11, 9, 0, 0, 0, 0, 0, 0, 0, 0, 13]","""[0, 3, 7, 3, 1, 1, 2, 5, 4, 1, 4, 79, 31, 41, 26, 18, 62, 69, 77, 0]"""
j10,1,proactive_robust,600,True,23,0.05633544921875,0.0008776187896728516,"[0, 0, 0, 0, 6, 12, 15, 8, 15, 18, 15, 0, 0, 0, 0, 0, 0, 0, 0, 79]","""[0, 6, 10, 4, 2, 2, 3, 7, 8, 2, 5, 79, 31, 41, 26, 18, 62, 69, 77, 0]"""
j10,1,reactive,600,True,23,0.05633544921875,0.06083035469055176,"[0, 0, 0, 0, 6, 12, 15, 8, 15, 18, 15, 0, 0, 0, 0, 0, 0, 0, 0, 23]","[0, 6, 10, 4, 2, 2, 3, 7, 8, 2, 5, 79, 31, 41, 26, 18, 62, 69, 77, 0]"
j10,1,stnu,600,True,23,0.7508916854858398,0.011884450912475586,"[0, 0, 0, 0, 6, 10, 15, 8, 15, 18, 15, 0, 0, 0, 0, 0, 0, 0, 0, 23]","""[0, 6, 10, 4, 2, 2, 3, 7, 8, 2, 5, 79, 31, 41, 26, 18, 62, 69, 77, 0]"""
j10,1,proactive_robust,600,True,23,0.05545973777770996,0.000865936279296875,"[0, 0, 0, 0, 6, 12, 15, 8, 15, 18, 15, 0, 0, 0, 0, 0, 0, 0, 0, 79]","""[0, 5, 10, 3, 1, 1, 1, 2, 3, 2, 7, 79, 31, 41, 26, 18, 62, 69, 77, 0]"""
j10,1,reactive,600,True,22,0.05545973777770996,0.13127684593200684,"[0, 0, 0, 0, 6, 12, 15, 8, 15, 18, 15, 0, 0, 0, 0, 0, 0, 0, 0, 22]","[0, 5, 10, 3, 1, 1, 1, 2, 3, 2, 7, 79, 31, 41, 26, 18, 62, 69, 77, 0]"
j10,1,stnu,600,True,18,0.7650823593139648,0.01189422607421875,"[0, 0, 0, 0, 5, 10, 11, 6, 11, 12, 11, 0, 0, 0, 0, 0, 0, 0, 0, 18]","""[0, 5, 10, 3, 1, 1, 1, 2, 3, 2, 7, 79, 31, 41, 26, 18, 62, 69, 77, 0]"""
j10,1,proactive_robust,600,True,23,0.05365300178527832,0.0008494853973388672,"[0, 0, 0, 0, 6, 12, 15, 8, 15, 18, 15, 0, 0, 0, 0, 0, 0, 0, 0, 79]","""[0, 4, 8, 7, 2, 1, 2, 3, 3, 2, 6, 79, 31, 41, 26, 18, 62, 69, 77, 0]"""
j10,1,reactive,600,True,21,0.05365300178527832,0.12870311737060547,"[0, 0, 0, 0, 6, 12, 15, 8, 15, 18, 15, 0, 0, 0, 0, 0, 0, 0, 0, 21]","[0, 4, 8, 7, 2, 1, 2, 3, 3, 2, 6, 79, 31, 41, 26, 18, 62, 69, 77, 0]"
j10,1,stnu,600,True,16,0.7527351379394531,0.011947154998779297,"[0, 0, 0, 0, 4, 8, 10, 7, 10, 12, 10, 0, 0, 0, 0, 0, 0, 0, 0, 16]","""[0, 4, 8, 7, 2, 1, 2, 3, 3, 2, 6, 79, 31, 41, 26, 18, 62, 69, 77, 0]"""
j10,1,proactive_robust,600,True,23,0.05215120315551758,0.0008597373962402344,"[0, 0, 0, 0, 6, 12, 15, 8, 15, 18, 15, 0, 0, 0, 0, 0, 0, 0, 0, 79]","""[0, 3, 7, 5, 2, 3, 2, 4, 3, 2, 3, 79, 31, 41, 26, 18, 62, 69, 77, 0]"""
j10,1,reactive,600,True,19,0.05215120315551758,0.11521649360656738,"[0, 0, 0, 0, 6, 12, 15, 8, 15, 17, 15, 0, 0, 0, 0, 0, 0, 0, 0, 19]","[0, 3, 7, 5, 2, 3, 2, 4, 3, 2, 3, 79, 31, 41, 26, 18, 62, 69, 77, 0]"
j10,1,stnu,600,True,14,0.7504370212554932,0.011752843856811523,"[0, 0, 0, 0, 3, 7, 10, 5, 10, 12, 10, 0, 0, 0, 0, 0, 0, 0, 0, 14]","""[0, 3, 7, 5, 2, 3, 2, 4, 3, 2, 3, 79, 31, 41, 26, 18, 62, 69, 77, 0]"""
j10,1,proactive_robust,600,True,23,0.05164909362792969,0.0008516311645507812,"[0, 0, 0, 0, 6, 12, 15, 8, 15, 18, 15, 0, 0, 0, 0, 0, 0, 0, 0, 79]","""[0, 4, 7, 6, 1, 2, 1, 2, 4, 2, 3, 79, 31, 41, 26, 18, 62, 69, 77, 0]"""
j10,1,reactive,600,True,19,0.05164909362792969,0.14077281951904297,"[0, 0, 0, 0, 6, 12, 15, 8, 15, 16, 15, 0, 0, 0, 0, 0, 0, 0, 0, 19]","[0, 4, 7, 6, 1, 2, 1, 2, 4, 2, 3, 79, 31, 41, 26, 18, 62, 69, 77, 0]"
j10,1,stnu,600,True,13,0.7718923091888428,0.011831045150756836,"[0, 0, 0, 0, 4, 7, 9, 6, 9, 10, 9, 0, 0, 0, 0, 0, 0, 0, 0, 13]","""[0, 4, 7, 6, 1, 2, 1, 2, 4, 2, 3, 79, 31, 41, 26, 18, 62, 69, 77, 0]"""
j10,1,proactive_robust,600,True,42,0.061197757720947266,0.0003314018249511719,"[0, 0, 8, 0, 15, 21, 15, 21, 29, 29, 29, 0, 73]","""[0, 7, 2, 6, 3, 4, 12, 4, 12, 11, 1, 73, 0]"""
j10,1,reactive,600,True,41,0.061197757720947266,0.16451382637023926,"[0, 0, 8, 0, 15, 21, 15, 21, 29, 29, 29, 0, 41]","[0, 7, 2, 6, 3, 4, 12, 4, 12, 11, 1, 73, 0]"
j10,1,stnu,600,True,33,0.7530481815338135,0.0053195953369140625,"[0, 0, 7, 0, 9, 12, 9, 12, 21, 21, 21, 0, 33]","""[0, 7, 2, 6, 3, 4, 12, 4, 12, 11, 1, 73, 0]"""
j10,1,proactive_robust,600,True,42,0.056997060775756836,0.00031304359436035156,"[0, 0, 8, 0, 15, 21, 15, 21, 29, 29, 29, 0, 73]","""[0, 3, 3, 9, 3, 1, 9, 5, 6, 9, 2, 73, 0]"""
j10,1,reactive,600,True,38,0.056997060775756836,0.1521286964416504,"[0, 0, 8, 0, 15, 21, 15, 21, 29, 29, 29, 0, 38]","[0, 3, 3, 9, 3, 1, 9, 5, 6, 9, 2, 73, 0]"
j10,1,stnu,600,True,27,0.7187366485595703,0.005330324172973633,"[0, 0, 3, 0, 6, 9, 9, 9, 18, 18, 18, 0, 27]","""[0, 3, 3, 9, 3, 1, 9, 5, 6, 9, 2, 73, 0]"""
j10,1,proactive_robust,600,True,42,0.05492997169494629,0.00032639503479003906,"[0, 0, 8, 0, 15, 21, 15, 21, 29, 29, 29, 0, 73]","""[0, 7, 3, 7, 4, 4, 12, 3, 11, 8, 1, 73, 0]"""
j10,1,reactive,600,True,40,0.05492997169494629,0.16575121879577637,"[0, 0, 8, 0, 15, 21, 15, 21, 29, 29, 29, 0, 40]","[0, 7, 3, 7, 4, 4, 12, 3, 11, 8, 1, 73, 0]"
j10,1,stnu,600,True,33,0.7746233940124512,0.005326271057128906,"[0, 0, 7, 0, 10, 14, 10, 14, 22, 22, 22, 0, 33]","""[0, 7, 3, 7, 4, 4, 12, 3, 11, 8, 1, 73, 0]"""
j10,1,proactive_robust,600,True,42,0.05486655235290527,0.0003368854522705078,"[0, 0, 8, 0, 15, 21, 15, 21, 29, 29, 29, 0, 73]","""[0, 5, 7, 9, 4, 1, 11, 7, 10, 9, 1, 73, 0]"""
j10,1,reactive,600,True,39,0.05486655235290527,0.11509013175964355,"[0, 0, 8, 0, 15, 21, 15, 21, 29, 29, 29, 0, 39]","[0, 5, 7, 9, 4, 1, 11, 7, 10, 9, 1, 73, 0]"
j10,1,stnu,600,True,33,0.7152078151702881,0.0053272247314453125,"[0, 0, 5, 0, 12, 16, 12, 16, 23, 23, 23, 0, 33]","""[0, 5, 7, 9, 4, 1, 11, 7, 10, 9, 1, 73, 0]"""
j10,1,proactive_robust,600,True,42,0.05503726005554199,0.0003218650817871094,"[0, 0, 8, 0, 15, 21, 15, 21, 29, 29, 29, 0, 73]","""[0, 6, 4, 8, 3, 4, 10, 7, 7, 10, 2, 73, 0]"""
j10,1,reactive,600,True,39,0.05503726005554199,0.1265578269958496,"[0, 0, 8, 0, 15, 21, 15, 21, 29, 29, 29, 0, 39]","[0, 6, 4, 8, 3, 4, 10, 7, 7, 10, 2, 73, 0]"
j10,1,stnu,600,True,30,0.724651575088501,0.005337715148925781,"[0, 0, 6, 0, 10, 13, 10, 13, 20, 20, 20, 0, 30]","""[0, 6, 4, 8, 3, 4, 10, 7, 7, 10, 2, 73, 0]"""
j10,1,proactive_robust,600,True,42,0.06047248840332031,0.00032973289489746094,"[0, 0, 8, 0, 15, 21, 15, 21, 29, 29, 29, 0, 73]","""[0, 6, 5, 9, 4, 2, 6, 6, 12, 11, 1, 73, 0]"""
j10,1,reactive,600,True,41,0.06047248840332031,0.1518402099609375,"[0, 0, 8, 0, 15, 21, 15, 21, 29, 29, 29, 0, 41]","[0, 6, 5, 9, 4, 2, 6, 6, 12, 11, 1, 73, 0]"
j10,1,stnu,600,True,33,0.8078289031982422,0.0053102970123291016,"[0, 0, 6, 0, 11, 15, 11, 15, 21, 21, 21, 0, 33]","""[0, 6, 5, 9, 4, 2, 6, 6, 12, 11, 1, 73, 0]"""
j10,1,proactive_robust,600,True,42,0.056183576583862305,0.0003275871276855469,"[0, 0, 8, 0, 15, 21, 15, 21, 29, 29, 29, 0, 73]","""[0, 4, 6, 6, 3, 1, 10, 7, 9, 11, 2, 73, 0]"""
j10,1,reactive,600,True,40,0.056183576583862305,0.15289926528930664,"[0, 0, 8, 0, 15, 21, 15, 21, 29, 29, 29, 0, 40]","[0, 4, 6, 6, 3, 1, 10, 7, 9, 11, 2, 73, 0]"
j10,1,stnu,600,True,31,0.7111122608184814,0.005300760269165039,"[0, 0, 4, 0, 10, 13, 10, 13, 20, 20, 20, 0, 31]","""[0, 4, 6, 6, 3, 1, 10, 7, 9, 11, 2, 73, 0]"""
j10,1,proactive_robust,600,True,42,0.0564885139465332,0.00030350685119628906,"[0, 0, 8, 0, 15, 21, 15, 21, 29, 29, 29, 0, 73]","""[0, 8, 6, 4, 3, 4, 6, 4, 6, 6, 2, 73, 0]"""
j10,1,reactive,600,True,35,0.0564885139465332,0.11330509185791016,"[0, 0, 8, 0, 15, 21, 15, 21, 29, 29, 29, 0, 35]","[0, 8, 6, 4, 3, 4, 6, 4, 6, 6, 2, 73, 0]"
j10,1,stnu,600,True,27,0.7283589839935303,0.005280256271362305,"[0, 0, 8, 0, 14, 17, 14, 17, 21, 21, 21, 0, 27]","""[0, 8, 6, 4, 3, 4, 6, 4, 6, 6, 2, 73, 0]"""
j10,1,proactive_robust,600,True,42,0.055826663970947266,0.00032806396484375,"[0, 0, 8, 0, 15, 21, 15, 21, 29, 29, 29, 0, 73]","""[0, 3, 7, 6, 5, 4, 13, 5, 10, 11, 1, 73, 0]"""
j10,1,reactive,600,True,40,0.055826663970947266,0.12381529808044434,"[0, 0, 8, 0, 15, 21, 15, 21, 29, 29, 29, 0, 40]","[0, 3, 7, 6, 5, 4, 13, 5, 10, 11, 1, 73, 0]"
j10,1,stnu,600,True,34,0.7340788841247559,0.005379438400268555,"[0, 0, 3, 0, 10, 15, 10, 15, 23, 23, 23, 0, 34]","""[0, 3, 7, 6, 5, 4, 13, 5, 10, 11, 1, 73, 0]"""
j10,1,proactive_robust,600,True,42,0.05665183067321777,0.0003104209899902344,"[0, 0, 8, 0, 15, 21, 15, 21, 29, 29, 29, 0, 73]","""[0, 8, 6, 4, 2, 2, 9, 3, 12, 6, 2, 73, 0]"""
j10,1,reactive,600,True,41,0.05665183067321777,0.13709449768066406,"[0, 0, 8, 0, 15, 21, 15, 21, 29, 29, 29, 0, 41]","[0, 8, 6, 4, 2, 2, 9, 3, 12, 6, 2, 73, 0]"
j10,1,stnu,600,True,35,0.7435939311981201,0.005373716354370117,"[0, 0, 8, 0, 14, 16, 14, 16, 23, 23, 23, 0, 35]","""[0, 8, 6, 4, 2, 2, 9, 3, 12, 6, 2, 73, 0]"""
j10,1,proactive_robust,600,True,38,0.05865216255187988,0.0003764629364013672,"[0, 3, 0, 0, 10, 8, 24, 14, 18, 27, 32, 0, 0, 65]","""[0, 2, 3, 1, 5, 5, 5, 9, 8, 3, 2, 32, 65, 0]"""
j10,1,reactive,600,True,31,0.05865216255187988,0.18999075889587402,"[0, 3, 0, 0, 10, 8, 24, 14, 18, 27, 29, 0, 0, 31]","[0, 2, 3, 1, 5, 5, 5, 9, 8, 3, 2, 32, 65, 0]"
j10,1,stnu,600,True,24,0.7396624088287354,0.0061299800872802734,"[0, 1, 0, 0, 3, 3, 17, 8, 8, 17, 22, 0, 0, 24]","""[0, 2, 3, 1, 5, 5, 5, 9, 8, 3, 2, 32, 65, 0]"""
j10,1,proactive_robust,600,True,38,0.05754828453063965,0.0003509521484375,"[0, 3, 0, 0, 10, 8, 24, 14, 18, 27, 32, 0, 0, 65]","""[0, 5, 3, 3, 3, 4, 5, 10, 9, 6, 2, 32, 65, 0]"""
j10,1,reactive,600,True,34,0.05754828453063965,0.14252638816833496,"[0, 3, 0, 0, 10, 8, 24, 14, 18, 27, 32, 0, 0, 34]","[0, 5, 3, 3, 3, 4, 5, 10, 9, 6, 2, 32, 65, 0]"
j10,1,stnu,600,True,26,0.7232787609100342,0.006178617477416992,"[0, 3, 0, 0, 8, 3, 18, 8, 11, 20, 23, 0, 0, 26]","""[0, 5, 3, 3, 3, 4, 5, 10, 9, 6, 2, 32, 65, 0]"""
j10,1,proactive_robust,600,True,38,0.05422496795654297,0.0003447532653808594,"[0, 3, 0, 0, 10, 8, 24, 14, 18, 27, 32, 0, 0, 65]","""[0, 2, 6, 3, 5, 2, 4, 10, 5, 5, 2, 32, 65, 0]"""
j10,1,reactive,600,True,32,0.05422496795654297,0.14169073104858398,"[0, 3, 0, 0, 10, 8, 24, 14, 18, 27, 28, 0, 0, 32]","[0, 2, 6, 3, 5, 2, 4, 10, 5, 5, 2, 32, 65, 0]"
j10,1,stnu,600,True,24,0.7332494258880615,0.0061550140380859375,"[0, 3, 0, 0, 6, 6, 18, 8, 11, 18, 22, 0, 0, 24]","""[0, 2, 6, 3, 5, 2, 4, 10, 5, 5, 2, 32, 65, 0]"""
j10,1,proactive_robust,600,True,38,0.061196327209472656,0.0003516674041748047,"[0, 3, 0, 0, 10, 8, 24, 14, 18, 27, 32, 0, 0, 65]","""[0, 5, 3, 3, 8, 6, 7, 10, 5, 2, 2, 32, 65, 0]"""
j10,1,reactive,600,True,34,0.061196327209472656,0.08604693412780762,"[0, 3, 0, 0, 10, 8, 24, 14, 18, 27, 32, 0, 0, 34]","[0, 5, 3, 3, 8, 6, 7, 10, 5, 2, 2, 32, 65, 0]"
j10,1,stnu,600,True,28,0.8554339408874512,0.006139278411865234,"[0, 3, 0, 0, 8, 3, 19, 9, 16, 21, 26, 0, 0, 28]","""[0, 5, 3, 3, 8, 6, 7, 10, 5, 2, 2, 32, 65, 0]"""
j10,1,proactive_robust,600,True,38,0.05666375160217285,0.00033092498779296875,"[0, 3, 0, 0, 10, 8, 24, 14, 18, 27, 32, 0, 0, 65]","""[0, 4, 4, 2, 4, 2, 5, 6, 7, 4, 4, 32, 65, 0]"""
j10,1,reactive,600,True,28,0.05666375160217285,0.2380847930908203,"[0, 3, 0, 0, 10, 8, 10, 14, 18, 20, 24, 0, 0, 28]","[0, 4, 4, 2, 4, 2, 5, 6, 7, 4, 4, 32, 65, 0]"
j10,1,stnu,600,True,21,0.7450900077819824,0.006087303161621094,"[0, 2, 0, 0, 6, 4, 12, 6, 10, 17, 17, 0, 0, 21]","""[0, 4, 4, 2, 4, 2, 5, 6, 7, 4, 4, 32, 65, 0]"""
j10,1,proactive_robust,600,True,38,0.05755352973937988,0.0003485679626464844,"[0, 3, 0, 0, 10, 8, 24, 14, 18, 27, 32, 0, 0, 65]","""[0, 2, 7, 2, 3, 4, 7, 6, 6, 4, 3, 32, 65, 0]"""
j10,1,reactive,600,True,35,0.05755352973937988,0.28998589515686035,"[0, 3, 0, 0, 10, 8, 24, 14, 18, 27, 32, 0, 0, 35]","[0, 2, 7, 2, 3, 4, 7, 6, 6, 4, 3, 32, 65, 0]"
j10,1,stnu,600,True,27,0.7344849109649658,0.006072998046875,"[0, 2, 0, 0, 7, 7, 17, 11, 11, 17, 24, 0, 0, 27]","""[0, 2, 7, 2, 3, 4, 7, 6, 6, 4, 3, 32, 65, 0]"""
j10,1,proactive_robust,600,True,38,0.056322336196899414,0.0003445148468017578,"[0, 3, 0, 0, 10, 8, 24, 14, 18, 27, 32, 0, 0, 65]","""[0, 7, 4, 2, 4, 3, 4, 7, 6, 6, 5, 32, 65, 0]"""
j10,1,reactive,600,True,37,0.056322336196899414,0.18005084991455078,"[0, 3, 0, 0, 10, 8, 24, 14, 18, 27, 32, 0, 0, 37]","[0, 7, 4, 2, 4, 3, 4, 7, 6, 6, 5, 32, 65, 0]"
j10,1,stnu,600,True,25,0.7196266651153564,0.006115913391113281,"[0, 2, 0, 0, 9, 4, 16, 9, 13, 19, 20, 0, 0, 25]","""[0, 7, 4, 2, 4, 3, 4, 7, 6, 6, 5, 32, 65, 0]"""
j10,1,proactive_robust,600,True,38,0.056623220443725586,0.0003352165222167969,"[0, 3, 0, 0, 10, 8, 24, 14, 18, 27, 32, 0, 0, 65]","""[0, 3, 5, 1, 3, 3, 7, 6, 4, 7, 2, 32, 65, 0]"""
j10,1,reactive,600,True,27,0.056623220443725586,0.18787240982055664,"[0, 3, 0, 0, 10, 8, 11, 14, 18, 20, 22, 0, 0, 27]","[0, 3, 5, 1, 3, 3, 7, 6, 4, 7, 2, 32, 65, 0]"
j10,1,stnu,600,True,23,0.7258639335632324,0.0060749053955078125,"[0, 1, 0, 0, 5, 5, 14, 8, 8, 14, 21, 0, 0, 23]","""[0, 3, 5, 1, 3, 3, 7, 6, 4, 7, 2, 32, 65, 0]"""
j10,1,proactive_robust,600,True,38,0.05723237991333008,0.0003948211669921875,"[0, 3, 0, 0, 10, 8, 24, 14, 18, 27, 32, 0, 0, 65]","""[0, 4, 8, 1, 6, 4, 8, 5, 4, 6, 2, 32, 65, 0]"""
j10,1,reactive,600,True,34,0.05723237991333008,0.13896536827087402,"[0, 3, 0, 0, 10, 8, 24, 14, 18, 27, 32, 0, 0, 34]","[0, 4, 8, 1, 6, 4, 8, 5, 4, 6, 2, 32, 65, 0]"
j10,1,stnu,600,True,27,0.7283806800842285,0.006172895431518555,"[0, 1, 0, 0, 8, 8, 17, 12, 14, 18, 25, 0, 0, 27]","""[0, 4, 8, 1, 6, 4, 8, 5, 4, 6, 2, 32, 65, 0]"""
j10,1,proactive_robust,600,True,38,0.055071115493774414,0.00035858154296875,"[0, 3, 0, 0, 10, 8, 24, 14, 18, 27, 32, 0, 0, 65]","""[0, 7, 8, 2, 8, 2, 3, 10, 7, 4, 6, 32, 65, 0]"""
j10,1,reactive,600,True,33,0.055071115493774414,0.0871896743774414,"[0, 3, 0, 0, 10, 8, 24, 14, 18, 25, 27, 0, 0, 33]","[0, 7, 8, 2, 8, 2, 3, 10, 7, 4, 6, 32, 65, 0]"
j10,1,stnu,600,True,30,0.7230932712554932,0.006105184555053711,"[0, 2, 0, 0, 9, 8, 20, 10, 17, 24, 24, 0, 0, 30]","""[0, 7, 8, 2, 8, 2, 3, 10, 7, 4, 6, 32, 65, 0]"""
j10,1,proactive_robust,600,True,42,0.05526995658874512,0.00028634071350097656,"[0, 7, 0, 0, 8, 20, 22, 16, 29, 33, 24, 0, 42]","""[0, 10, 6, 8, 7, 2, 5, 5, 13, 3, 6, 42, 0]"""
j10,1,reactive,600,True,42,0.05526995658874512,0.12871623039245605,"[0, 7, 0, 0, 8, 20, 22, 16, 29, 30, 24, 0, 42]","[0, 10, 6, 8, 7, 2, 5, 5, 13, 3, 6, 42, 0]"
j10,1,stnu,600,True,36,0.723475456237793,0.0052204132080078125,"[0, 6, 0, 0, 8, 16, 18, 15, 23, 26, 20, 0, 36]","""[0, 10, 6, 8, 7, 2, 5, 5, 13, 3, 6, 42, 0]"""
j10,1,proactive_robust,600,True,42,0.05671501159667969,0.0002562999725341797,"[0, 7, 0, 0, 8, 20, 22, 16, 29, 33, 24, 0, 42]","""[0, 6, 7, 3, 7, 2, 2, 3, 6, 5, 4, 42, 0]"""
j10,1,reactive,600,True,35,0.05671501159667969,0.15613293647766113,"[0, 7, 0, 0, 8, 20, 22, 16, 29, 24, 24, 0, 35]","[0, 6, 7, 3, 7, 2, 2, 3, 6, 5, 4, 42, 0]"
j10,1,stnu,600,True,26,0.7231967449188232,0.0053119659423828125,"[0, 7, 0, 0, 7, 14, 16, 14, 18, 21, 17, 0, 26]","""[0, 6, 7, 3, 7, 2, 2, 3, 6, 5, 4, 42, 0]"""
j10,1,proactive_robust,600,True,42,0.056389570236206055,0.00026416778564453125,"[0, 7, 0, 0, 8, 20, 22, 16, 29, 33, 24, 0, 42]","""[0, 7, 4, 4, 3, 2, 5, 6, 7, 4, 8, 42, 0]"""
j10,1,reactive,600,True,37,0.056389570236206055,0.1802382469177246,"[0, 7, 0, 0, 8, 20, 22, 16, 29, 33, 24, 0, 37]","[0, 7, 4, 4, 3, 2, 5, 6, 7, 4, 8, 42, 0]"
j10,1,stnu,600,True,25,0.7329611778259277,0.005257844924926758,"[0, 4, 0, 0, 4, 11, 13, 7, 18, 21, 13, 0, 25]","""[0, 7, 4, 4, 3, 2, 5, 6, 7, 4, 8, 42, 0]"""
j10,1,proactive_robust,600,True,42,0.05917191505432129,0.00025010108947753906,"[0, 7, 0, 0, 8, 20, 22, 16, 29, 33, 24, 0, 42]","""[0, 8, 5, 7, 7, 2, 6, 3, 10, 3, 5, 42, 0]"""
j10,1,reactive,600,True,39,0.05917191505432129,0.160963773727417,"[0, 7, 0, 0, 8, 20, 22, 16, 29, 33, 24, 0, 39]","[0, 8, 5, 7, 7, 2, 6, 3, 10, 3, 5, 42, 0]"
j10,1,stnu,600,True,32,0.742340087890625,0.005254030227661133,"[0, 5, 0, 0, 7, 14, 16, 14, 22, 22, 17, 0, 32]","""[0, 8, 5, 7, 7, 2, 6, 3, 10, 3, 5, 42, 0]"""
j10,1,proactive_robust,600,True,42,0.058695316314697266,0.0002963542938232422,"[0, 7, 0, 0, 8, 20, 22, 16, 29, 33, 24, 0, 42]","""[0, 13, 7, 4, 8, 1, 6, 8, 12, 6, 9, 42, 0]"""
j10,1,reactive,600,True,41,0.058695316314697266,0.08485174179077148,"[0, 7, 0, 0, 8, 20, 22, 16, 29, 33, 24, 0, 41]","[0, 13, 7, 4, 8, 1, 6, 8, 12, 6, 9, 42, 0]"
j10,1,stnu,600,True,39,0.7191402912139893,0.005310535430908203,"[0, 7, 0, 0, 7, 20, 21, 15, 27, 32, 23, 0, 39]","""[0, 13, 7, 4, 8, 1, 6, 8, 12, 6, 9, 42, 0]"""
j10,1,proactive_robust,600,True,42,0.05556654930114746,0.0002689361572265625,"[0, 7, 0, 0, 8, 20, 22, 16, 29, 33, 24, 0, 42]","""[0, 8, 3, 7, 6, 1, 6, 8, 9, 3, 4, 42, 0]"""
j10,1,reactive,600,True,38,0.05556654930114746,0.16597294807434082,"[0, 7, 0, 0, 8, 20, 22, 16, 29, 33, 24, 0, 38]","[0, 8, 3, 7, 6, 1, 6, 8, 9, 3, 4, 42, 0]"
j10,1,stnu,600,True,30,0.7288937568664551,0.005312442779541016,"[0, 3, 0, 0, 7, 13, 14, 13, 21, 25, 21, 0, 30]","""[0, 8, 3, 7, 6, 1, 6, 8, 9, 3, 4, 42, 0]"""
j10,1,proactive_robust,600,True,42,0.060297250747680664,0.00027561187744140625,"[0, 7, 0, 0, 8, 20, 22, 16, 29, 33, 24, 0, 42]","""[0, 8, 6, 5, 3, 1, 5, 4, 13, 8, 7, 42, 0]"""
j10,1,reactive,600,True,42,0.060297250747680664,0.18767404556274414,"[0, 7, 0, 0, 8, 20, 22, 16, 29, 33, 24, 0, 42]","[0, 8, 6, 5, 3, 1, 5, 4, 13, 8, 7, 42, 0]"
j10,1,stnu,600,True,33,0.7209465503692627,0.005264759063720703,"[0, 6, 0, 0, 6, 14, 15, 9, 20, 22, 15, 0, 33]","""[0, 8, 6, 5, 3, 1, 5, 4, 13, 8, 7, 42, 0]"""
j10,1,proactive_robust,600,True,42,0.05777764320373535,0.00027942657470703125,"[0, 7, 0, 0, 8, 20, 22, 16, 29, 33, 24, 0, 42]","""[0, 9, 4, 7, 4, 2, 5, 8, 10, 6, 7, 42, 0]"""
j10,1,reactive,600,True,39,0.05777764320373535,0.14882302284240723,"[0, 7, 0, 0, 8, 20, 22, 16, 29, 33, 24, 0, 39]","[0, 9, 4, 7, 4, 2, 5, 8, 10, 6, 7, 42, 0]"
j10,1,stnu,600,True,32,0.7300939559936523,0.0053157806396484375,"[0, 4, 0, 0, 7, 13, 15, 11, 20, 26, 19, 0, 32]","""[0, 9, 4, 7, 4, 2, 5, 8, 10, 6, 7, 42, 0]"""
j10,1,proactive_robust,600,True,42,0.05684089660644531,0.0002651214599609375,"[0, 7, 0, 0, 8, 20, 22, 16, 29, 33, 24, 0, 42]","""[0, 6, 2, 8, 6, 2, 3, 6, 9, 4, 7, 42, 0]"""
j10,1,reactive,600,True,38,0.05684089660644531,0.15358567237854004,"[0, 7, 0, 0, 8, 20, 22, 16, 29, 33, 24, 0, 38]","[0, 6, 2, 8, 6, 2, 3, 6, 9, 4, 7, 42, 0]"
j10,1,stnu,600,True,31,0.7208023071289062,0.005237579345703125,"[0, 2, 0, 0, 8, 14, 16, 14, 20, 27, 20, 0, 31]","""[0, 6, 2, 8, 6, 2, 3, 6, 9, 4, 7, 42, 0]"""
j10,1,proactive_robust,600,True,42,0.05583834648132324,0.0002605915069580078,"[0, 7, 0, 0, 8, 20, 22, 16, 29, 33, 24, 0, 42]","""[0, 12, 4, 3, 7, 2, 5, 4, 13, 8, 4, 42, 0]"""
j10,1,reactive,600,True,40,0.05583834648132324,0.1477344036102295,"[0, 7, 0, 0, 8, 20, 22, 16, 27, 28, 24, 0, 40]","[0, 12, 4, 3, 7, 2, 5, 4, 13, 8, 4, 42, 0]"
j10,1,stnu,600,True,36,0.7162182331085205,0.0052564144134521484,"[0, 4, 0, 0, 4, 16, 18, 11, 23, 23, 18, 0, 36]","""[0, 12, 4, 3, 7, 2, 5, 4, 13, 8, 4, 42, 0]"""
j10,1,proactive_robust,600,True,29,0.06156611442565918,0.0009603500366210938,"[0, 0, 0, 0, 3, 8, 11, 7, 20, 20, 20, 0, 0, 0, 0, 0, 0, 0, 0, 0, 80]","""[0, 1, 3, 6, 7, 8, 7, 6, 7, 4, 2, 59, 14, 35, 45, 80, 34, 75, 69, 40, 0]"""
j10,1,reactive,600,True,27,0.06156611442565918,0.1029806137084961,"[0, 0, 0, 0, 3, 8, 11, 7, 20, 20, 20, 0, 0, 0, 0, 0, 0, 0, 0, 0, 27]","[0, 1, 3, 6, 7, 8, 7, 6, 7, 4, 2, 59, 14, 35, 45, 80, 34, 75, 69, 40, 0]"
j10,1,stnu,600,True,22,0.8503031730651855,0.012960195541381836,"[0, 0, 0, 0, 1, 6, 8, 6, 15, 15, 15, 0, 0, 0, 0, 0, 0, 0, 0, 0, 22]","""[0, 1, 3, 6, 7, 8, 7, 6, 7, 4, 2, 59, 14, 35, 45, 80, 34, 75, 69, 40, 0]"""
j10,1,proactive_robust,600,True,29,0.05730080604553223,0.0009701251983642578,"[0, 0, 0, 0, 3, 8, 11, 7, 20, 20, 20, 0, 0, 0, 0, 0, 0, 0, 0, 0, 80]","""[0, 2, 4, 5, 4, 6, 9, 5, 8, 6, 1, 59, 14, 35, 45, 80, 34, 75, 69, 40, 0]"""
j10,1,reactive,600,True,28,0.05730080604553223,0.0811457633972168,"[0, 0, 0, 0, 3, 8, 11, 7, 20, 20, 20, 0, 0, 0, 0, 0, 0, 0, 0, 0, 28]","[0, 2, 4, 5, 4, 6, 9, 5, 8, 6, 1, 59, 14, 35, 45, 80, 34, 75, 69, 40, 0]"
j10,1,stnu,600,True,23,0.7702925205230713,0.013037919998168945,"[0, 0, 0, 0, 2, 5, 6, 5, 15, 15, 15, 0, 0, 0, 0, 0, 0, 0, 0, 0, 23]","""[0, 2, 4, 5, 4, 6, 9, 5, 8, 6, 1, 59, 14, 35, 45, 80, 34, 75, 69, 40, 0]"""
j10,1,proactive_robust,600,True,29,0.0578150749206543,0.0009419918060302734,"[0, 0, 0, 0, 3, 8, 11, 7, 20, 20, 20, 0, 0, 0, 0, 0, 0, 0, 0, 0, 80]","""[0, 2, 3, 3, 6, 7, 5, 3, 6, 4, 2, 59, 14, 35, 45, 80, 34, 75, 69, 40, 0]"""
j10,1,reactive,600,True,26,0.0578150749206543,0.12171030044555664,"[0, 0, 0, 0, 3, 8, 11, 7, 20, 20, 20, 0, 0, 0, 0, 0, 0, 0, 0, 0, 26]","[0, 2, 3, 3, 6, 7, 5, 3, 6, 4, 2, 59, 14, 35, 45, 80, 34, 75, 69, 40, 0]"
j10,1,stnu,600,True,19,0.771979570388794,0.013013839721679688,"[0, 0, 0, 0, 2, 3, 8, 3, 13, 13, 13, 0, 0, 0, 0, 0, 0, 0, 0, 0, 19]","""[0, 2, 3, 3, 6, 7, 5, 3, 6, 4, 2, 59, 14, 35, 45, 80, 34, 75, 69, 40, 0]"""
j10,1,proactive_robust,600,True,29,0.058603525161743164,0.0009570121765136719,"[0, 0, 0, 0, 3, 8, 11, 7, 20, 20, 20, 0, 0, 0, 0, 0, 0, 0, 0, 0, 80]","""[0, 1, 6, 4, 4, 5, 6, 4, 5, 6, 2, 59, 14, 35, 45, 80, 34, 75, 69, 40, 0]"""
j10,1,reactive,600,True,26,0.058603525161743164,0.10688662528991699,"[0, 0, 0, 0, 3, 8, 11, 7, 20, 20, 20, 0, 0, 0, 0, 0, 0, 0, 0, 0, 26]","[0, 1, 6, 4, 4, 5, 6, 4, 5, 6, 2, 59, 14, 35, 45, 80, 34, 75, 69, 40, 0]"
j10,1,stnu,600,True,18,0.8656589984893799,0.013003826141357422,"[0, 0, 0, 0, 1, 6, 6, 4, 12, 12, 12, 0, 0, 0, 0, 0, 0, 0, 0, 0, 18]","""[0, 1, 6, 4, 4, 5, 6, 4, 5, 6, 2, 59, 14, 35, 45, 80, 34, 75, 69, 40, 0]"""
j10,1,proactive_robust,600,True,29,0.060631752014160156,0.000949859619140625,"[0, 0, 0, 0, 3, 8, 11, 7, 20, 20, 20, 0, 0, 0, 0, 0, 0, 0, 0, 0, 80]","""[0, 3, 7, 6, 4, 6, 9, 4, 3, 6, 3, 59, 14, 35, 45, 80, 34, 75, 69, 40, 0]"""
j10,1,reactive,600,True,26,0.060631752014160156,0.07530975341796875,"[0, 0, 0, 0, 3, 8, 11, 7, 20, 20, 20, 0, 0, 0, 0, 0, 0, 0, 0, 0, 26]","[0, 3, 7, 6, 4, 6, 9, 4, 3, 6, 3, 59, 14, 35, 45, 80, 34, 75, 69, 40, 0]"
j10,1,stnu,600,True,22,0.7672674655914307,0.013046979904174805,"[0, 0, 0, 0, 3, 7, 7, 6, 16, 16, 16, 0, 0, 0, 0, 0, 0, 0, 0, 0, 22]","""[0, 3, 7, 6, 4, 6, 9, 4, 3, 6, 3, 59, 14, 35, 45, 80, 34, 75, 69, 40, 0]"""
j10,1,proactive_robust,600,True,29,0.06641912460327148,0.0009429454803466797,"[0, 0, 0, 0, 3, 8, 11, 7, 20, 20, 20, 0, 0, 0, 0, 0, 0, 0, 0, 0, 80]","""[0, 3, 8, 4, 3, 4, 5, 7, 7, 5, 2, 59, 14, 35, 45, 80, 34, 75, 69, 40, 0]"""
j10,1,reactive,600,True,27,0.06641912460327148,0.08222627639770508,"[0, 0, 0, 0, 3, 8, 11, 7, 20, 20, 20, 0, 0, 0, 0, 0, 0, 0, 0, 0, 27]","[0, 3, 8, 4, 3, 4, 5, 7, 7, 5, 2, 59, 14, 35, 45, 80, 34, 75, 69, 40, 0]"
j10,1,stnu,600,True,20,0.7658998966217041,0.013211250305175781,"[0, 0, 0, 0, 3, 8, 8, 4, 13, 13, 13, 0, 0, 0, 0, 0, 0, 0, 0, 0, 20]","""[0, 3, 8, 4, 3, 4, 5, 7, 7, 5, 2, 59, 14, 35, 45, 80, 34, 75, 69, 40, 0]"""
j10,1,proactive_robust,600,True,29,0.0594480037689209,0.0009548664093017578,"[0, 0, 0, 0, 3, 8, 11, 7, 20, 20, 20, 0, 0, 0, 0, 0, 0, 0, 0, 0, 80]","""[0, 1, 8, 2, 5, 3, 4, 7, 4, 9, 3, 59, 14, 35, 45, 80, 34, 75, 69, 40, 0]"""
j10,1,reactive,600,True,24,0.0594480037689209,0.08982729911804199,"[0, 0, 0, 0, 3, 8, 11, 7, 15, 15, 15, 0, 0, 0, 0, 0, 0, 0, 0, 0, 24]","[0, 1, 8, 2, 5, 3, 4, 7, 4, 9, 3, 59, 14, 35, 45, 80, 34, 75, 69, 40, 0]"
j10,1,stnu,600,True,21,0.8678569793701172,0.013009309768676758,"[0, 0, 0, 0, 1, 8, 8, 2, 12, 12, 12, 0, 0, 0, 0, 0, 0, 0, 0, 0, 21]","""[0, 1, 8, 2, 5, 3, 4, 7, 4, 9, 3, 59, 14, 35, 45, 80, 34, 75, 69, 40, 0]"""
j10,1,proactive_robust,600,True,29,0.05872631072998047,0.0009367465972900391,"[0, 0, 0, 0, 3, 8, 11, 7, 20, 20, 20, 0, 0, 0, 0, 0, 0, 0, 0, 0, 80]","""[0, 3, 4, 2, 7, 6, 4, 8, 5, 5, 1, 59, 14, 35, 45, 80, 34, 75, 69, 40, 0]"""
j10,1,reactive,600,True,20,0.05872631072998047,0.08554458618164062,"[0, 0, 0, 0, 3, 8, 11, 7, 15, 15, 15, 0, 0, 0, 0, 0, 0, 0, 0, 0, 20]","[0, 3, 4, 2, 7, 6, 4, 8, 5, 5, 1, 59, 14, 35, 45, 80, 34, 75, 69, 40, 0]"
j10,1,stnu,600,True,19,0.7642714977264404,0.01295781135559082,"[0, 0, 0, 0, 3, 4, 10, 3, 14, 14, 14, 0, 0, 0, 0, 0, 0, 0, 0, 0, 19]","""[0, 3, 4, 2, 7, 6, 4, 8, 5, 5, 1, 59, 14, 35, 45, 80, 34, 75, 69, 40, 0]"""
j10,1,proactive_robust,600,True,29,0.0645594596862793,0.0009577274322509766,"[0, 0, 0, 0, 3, 8, 11, 7, 20, 20, 20, 0, 0, 0, 0, 0, 0, 0, 0, 0, 80]","""[0, 3, 4, 6, 5, 4, 7, 4, 3, 8, 2, 59, 14, 35, 45, 80, 34, 75, 69, 40, 0]"""
j10,1,reactive,600,True,28,0.0645594596862793,0.08638834953308105,"[0, 0, 0, 0, 3, 8, 11, 7, 20, 20, 20, 0, 0, 0, 0, 0, 0, 0, 0, 0, 28]","[0, 3, 4, 6, 5, 4, 7, 4, 3, 8, 2, 59, 14, 35, 45, 80, 34, 75, 69, 40, 0]"
j10,1,stnu,600,True,23,0.7645204067230225,0.013042926788330078,"[0, 0, 0, 0, 3, 6, 8, 6, 15, 15, 15, 0, 0, 0, 0, 0, 0, 0, 0, 0, 23]","""[0, 3, 4, 6, 5, 4, 7, 4, 3, 8, 2, 59, 14, 35, 45, 80, 34, 75, 69, 40, 0]"""
j10,1,proactive_robust,600,True,29,0.059488534927368164,0.0009660720825195312,"[0, 0, 0, 0, 3, 8, 11, 7, 20, 20, 20, 0, 0, 0, 0, 0, 0, 0, 0, 0, 80]","""[0, 1, 6, 3, 8, 4, 5, 3, 6, 9, 4, 59, 14, 35, 45, 80, 34, 75, 69, 40, 0]"""
j10,1,reactive,600,True,29,0.059488534927368164,0.08318543434143066,"[0, 0, 0, 0, 3, 8, 11, 7, 20, 20, 20, 0, 0, 0, 0, 0, 0, 0, 0, 0, 29]","[0, 1, 6, 3, 8, 4, 5, 3, 6, 9, 4, 59, 14, 35, 45, 80, 34, 75, 69, 40, 0]"
j10,1,stnu,600,True,23,0.8740720748901367,0.012904882431030273,"[0, 0, 0, 0, 1, 6, 9, 3, 14, 14, 14, 0, 0, 0, 0, 0, 0, 0, 0, 0, 23]","""[0, 1, 6, 3, 8, 4, 5, 3, 6, 9, 4, 59, 14, 35, 45, 80, 34, 75, 69, 40, 0]"""
j10,1,proactive_robust,600,True,25,0.06193232536315918,0.0006046295166015625,"[0, 0, 0, 0, 6, 15, 13, 13, 21, 21, 6, 0, 0, 0, 0, 0, 0, 61]","""[0, 3, 2, 2, 7, 2, 7, 1, 3, 2, 6, 30, 52, 59, 15, 48, 61, 0]"""
j10,1,reactive,600,True,24,0.06193232536315918,0.12079691886901855,"[0, 0, 0, 0, 6, 15, 13, 13, 21, 21, 6, 0, 0, 0, 0, 0, 0, 24]","[0, 3, 2, 2, 7, 2, 7, 1, 3, 2, 6, 30, 52, 59, 15, 48, 61, 0]"
j10,1,stnu,600,True,19,0.7977933883666992,0.009393453598022461,"[0, 0, 0, 0, 2, 10, 9, 9, 16, 16, 3, 0, 0, 0, 0, 0, 0, 19]","""[0, 3, 2, 2, 7, 2, 7, 1, 3, 2, 6, 30, 52, 59, 15, 48, 61, 0]"""
j10,1,proactive_robust,600,True,25,0.06617879867553711,0.0006086826324462891,"[0, 0, 0, 0, 6, 15, 13, 13, 21, 21, 6, 0, 0, 0, 0, 0, 0, 61]","""[0, 5, 1, 6, 7, 2, 5, 1, 1, 1, 4, 30, 52, 59, 15, 48, 61, 0]"""
j10,1,reactive,600,True,19,0.06617879867553711,0.1182715892791748,"[0, 0, 0, 0, 6, 15, 13, 13, 17, 18, 6, 0, 0, 0, 0, 0, 0, 19]","[0, 5, 1, 6, 7, 2, 5, 1, 1, 1, 4, 30, 52, 59, 15, 48, 61, 0]"
j10,1,stnu,600,True,19,0.744462251663208,0.009412765502929688,"[0, 0, 0, 0, 6, 14, 13, 13, 18, 18, 6, 0, 0, 0, 0, 0, 0, 19]","""[0, 5, 1, 6, 7, 2, 5, 1, 1, 1, 4, 30, 52, 59, 15, 48, 61, 0]"""
j10,1,proactive_robust,600,True,25,0.0613253116607666,0.0006172657012939453,"[0, 0, 0, 0, 6, 15, 13, 13, 21, 21, 6, 0, 0, 0, 0, 0, 0, 61]","""[0, 5, 3, 4, 5, 3, 5, 2, 2, 1, 8, 30, 52, 59, 15, 48, 61, 0]"""
j10,1,reactive,600,True,20,0.0613253116607666,0.11284828186035156,"[0, 0, 0, 0, 6, 15, 13, 13, 18, 18, 6, 0, 0, 0, 0, 0, 0, 20]","[0, 5, 3, 4, 5, 3, 5, 2, 2, 1, 8, 30, 52, 59, 15, 48, 61, 0]"
j10,1,stnu,600,True,18,0.8588101863861084,0.009480953216552734,"[0, 0, 0, 0, 4, 13, 9, 9, 16, 16, 5, 0, 0, 0, 0, 0, 0, 18]","""[0, 5, 3, 4, 5, 3, 5, 2, 2, 1, 8, 30, 52, 59, 15, 48, 61, 0]"""
j10,1,proactive_robust,600,True,25,0.06028342247009277,0.0006020069122314453,"[0, 0, 0, 0, 6, 15, 13, 13, 21, 21, 6, 0, 0, 0, 0, 0, 0, 61]","""[0, 2, 2, 5, 3, 3, 6, 2, 1, 2, 8, 30, 52, 59, 15, 48, 61, 0]"""
j10,1,reactive,600,True,21,0.06028342247009277,0.13280916213989258,"[0, 0, 0, 0, 6, 15, 13, 13, 18, 19, 6, 0, 0, 0, 0, 0, 0, 21]","[0, 2, 2, 5, 3, 3, 6, 2, 1, 2, 8, 30, 52, 59, 15, 48, 61, 0]"
j10,1,stnu,600,True,18,0.7572183609008789,0.009329080581665039,"[0, 0, 0, 0, 5, 13, 8, 8, 16, 16, 5, 0, 0, 0, 0, 0, 0, 18]","""[0, 2, 2, 5, 3, 3, 6, 2, 1, 2, 8, 30, 52, 59, 15, 48, 61, 0]"""
j10,1,proactive_robust,600,True,25,0.0615847110748291,0.0006296634674072266,"[0, 0, 0, 0, 6, 15, 13, 13, 21, 21, 6, 0, 0, 0, 0, 0, 0, 61]","""[0, 2, 2, 2, 4, 5, 6, 1, 4, 1, 7, 30, 52, 59, 15, 48, 61, 0]"""
j10,1,reactive,600,True,24,0.0615847110748291,0.13913822174072266,"[0, 0, 0, 0, 6, 15, 13, 13, 20, 20, 6, 0, 0, 0, 0, 0, 0, 24]","[0, 2, 2, 2, 4, 5, 6, 1, 4, 1, 7, 30, 52, 59, 15, 48, 61, 0]"
j10,1,stnu,600,True,18,0.7963624000549316,0.009318828582763672,"[0, 0, 0, 0, 2, 9, 6, 6, 14, 14, 2, 0, 0, 0, 0, 0, 0, 18]","""[0, 2, 2, 2, 4, 5, 6, 1, 4, 1, 7, 30, 52, 59, 15, 48, 61, 0]"""
j10,1,proactive_robust,600,True,25,0.06280922889709473,0.0006172657012939453,"[0, 0, 0, 0, 6, 15, 13, 13, 21, 21, 6, 0, 0, 0, 0, 0, 0, 61]","""[0, 6, 2, 6, 2, 4, 5, 2, 4, 2, 4, 30, 52, 59, 15, 48, 61, 0]"""
j10,1,reactive,600,True,23,0.06280922889709473,0.08674478530883789,"[0, 0, 0, 0, 6, 15, 13, 13, 19, 19, 6, 0, 0, 0, 0, 0, 0, 23]","[0, 6, 2, 6, 2, 4, 5, 2, 4, 2, 4, 30, 52, 59, 15, 48, 61, 0]"
j10,1,stnu,600,True,18,0.747713565826416,0.009312868118286133,"[0, 0, 0, 0, 6, 10, 8, 8, 14, 14, 6, 0, 0, 0, 0, 0, 0, 18]","""[0, 6, 2, 6, 2, 4, 5, 2, 4, 2, 4, 30, 52, 59, 15, 48, 61, 0]"""
j10,1,proactive_robust,600,True,25,0.060155391693115234,0.0005953311920166016,"[0, 0, 0, 0, 6, 15, 13, 13, 21, 21, 6, 0, 0, 0, 0, 0, 0, 61]","""[0, 3, 3, 4, 3, 3, 3, 1, 1, 3, 6, 30, 52, 59, 15, 48, 61, 0]"""
j10,1,reactive,600,True,21,0.060155391693115234,0.12018275260925293,"[0, 0, 0, 0, 6, 15, 13, 13, 18, 18, 6, 0, 0, 0, 0, 0, 0, 21]","[0, 3, 3, 4, 3, 3, 3, 1, 1, 3, 6, 30, 52, 59, 15, 48, 61, 0]"
j10,1,stnu,600,True,16,0.753000020980835,0.009263992309570312,"[0, 0, 0, 0, 4, 10, 7, 7, 13, 13, 4, 0, 0, 0, 0, 0, 0, 16]","""[0, 3, 3, 4, 3, 3, 3, 1, 1, 3, 6, 30, 52, 59, 15, 48, 61, 0]"""
j10,1,proactive_robust,600,True,25,0.05981040000915527,0.0006182193756103516,"[0, 0, 0, 0, 6, 15, 13, 13, 21, 21, 6, 0, 0, 0, 0, 0, 0, 61]","""[0, 5, 2, 3, 6, 2, 3, 1, 1, 3, 7, 30, 52, 59, 15, 48, 61, 0]"""
j10,1,reactive,600,True,20,0.05981040000915527,0.13952136039733887,"[0, 0, 0, 0, 6, 15, 13, 13, 17, 17, 6, 0, 0, 0, 0, 0, 0, 20]","[0, 5, 2, 3, 6, 2, 3, 1, 1, 3, 7, 30, 52, 59, 15, 48, 61, 0]"
j10,1,stnu,600,True,17,0.7432823181152344,0.009305000305175781,"[0, 0, 0, 0, 3, 12, 9, 9, 14, 14, 5, 0, 0, 0, 0, 0, 0, 17]","""[0, 5, 2, 3, 6, 2, 3, 1, 1, 3, 7, 30, 52, 59, 15, 48, 61, 0]"""
j10,1,proactive_robust,600,True,25,0.05671358108520508,0.0006101131439208984,"[0, 0, 0, 0, 6, 15, 13, 13, 21, 21, 6, 0, 0, 0, 0, 0, 0, 61]","""[0, 2, 1, 6, 2, 3, 2, 1, 4, 1, 7, 30, 52, 59, 15, 48, 61, 0]"""
j10,1,reactive,600,True,22,0.05671358108520508,0.12629151344299316,"[0, 0, 0, 0, 6, 15, 13, 13, 18, 18, 6, 0, 0, 0, 0, 0, 0, 22]","[0, 2, 1, 6, 2, 3, 2, 1, 4, 1, 7, 30, 52, 59, 15, 48, 61, 0]"
j10,1,stnu,600,True,20,0.7438030242919922,0.009327411651611328,"[0, 0, 0, 0, 6, 13, 8, 8, 16, 16, 6, 0, 0, 0, 0, 0, 0, 20]","""[0, 2, 1, 6, 2, 3, 2, 1, 4, 1, 7, 30, 52, 59, 15, 48, 61, 0]"""
j10,1,proactive_robust,600,True,25,0.06414079666137695,0.0006198883056640625,"[0, 0, 0, 0, 6, 15, 13, 13, 21, 21, 6, 0, 0, 0, 0, 0, 0, 61]","""[0, 3, 1, 3, 5, 2, 7, 1, 4, 2, 7, 30, 52, 59, 15, 48, 61, 0]"""
j10,1,reactive,600,True,25,0.06414079666137695,0.12711000442504883,"[0, 0, 0, 0, 6, 15, 13, 13, 21, 21, 6, 0, 0, 0, 0, 0, 0, 25]","[0, 3, 1, 3, 5, 2, 7, 1, 4, 2, 7, 30, 52, 59, 15, 48, 61, 0]"
j10,1,stnu,600,True,19,0.8681509494781494,0.009403467178344727,"[0, 0, 0, 0, 3, 10, 8, 8, 15, 15, 3, 0, 0, 0, 0, 0, 0, 19]","""[0, 3, 1, 3, 5, 2, 7, 1, 4, 2, 7, 30, 52, 59, 15, 48, 61, 0]"""
j10,1,proactive_robust,600,True,30,0.08135604858398438,0.0007140636444091797,"[0, 4, 0, 15, 11, 8, 21, 13, 13, 27, 24, 0, 0, 0, 0, 0, 0, 0, 0, 78]","""[0, 1, 4, 4, 1, 3, 3, 2, 6, 3, 1, 10, 68, 21, 13, 78, 25, 54, 57, 0]"""
j10,1,reactive,600,True,28,0.08135604858398438,0.10050654411315918,"[0, 4, 0, 15, 11, 8, 21, 13, 13, 25, 24, 0, 0, 0, 0, 0, 0, 0, 0, 28]","[0, 1, 4, 4, 1, 3, 3, 2, 6, 3, 1, 10, 68, 21, 13, 78, 25, 54, 57, 0]"
j10,1,stnu,600,True,22,0.7910878658294678,0.014489173889160156,"[0, 4, 0, 11, 8, 5, 15, 9, 9, 19, 18, 0, 0, 0, 0, 0, 0, 0, 0, 22]","""[0, 1, 4, 4, 1, 3, 3, 2, 6, 3, 1, 10, 68, 21, 13, 78, 25, 54, 57, 0]"""
j10,1,proactive_robust,600,True,30,0.08072781562805176,0.0007154941558837891,"[0, 4, 0, 15, 11, 8, 21, 13, 13, 27, 24, 0, 0, 0, 0, 0, 0, 0, 0, 78]","""[0, 1, 3, 6, 1, 2, 1, 2, 6, 1, 2, 10, 68, 21, 13, 78, 25, 54, 57, 0]"""
j10,1,reactive,600,True,26,0.08072781562805176,0.19023609161376953,"[0, 4, 0, 15, 11, 8, 21, 13, 13, 22, 24, 0, 0, 0, 0, 0, 0, 0, 0, 26]","[0, 1, 3, 6, 1, 2, 1, 2, 6, 1, 2, 10, 68, 21, 13, 78, 25, 54, 57, 0]"
j10,1,stnu,600,True,19,0.8682796955108643,0.012555837631225586,"[0, 3, 0, 9, 6, 4, 15, 7, 7, 18, 16, 0, 0, 0, 0, 0, 0, 0, 0, 19]","""[0, 1, 3, 6, 1, 2, 1, 2, 6, 1, 2, 10, 68, 21, 13, 78, 25, 54, 57, 0]"""
j10,1,proactive_robust,600,True,30,0.07872939109802246,0.0007052421569824219,"[0, 4, 0, 15, 11, 8, 21, 13, 13, 27, 24, 0, 0, 0, 0, 0, 0, 0, 0, 78]","""[0, 3, 3, 2, 2, 3, 3, 1, 6, 2, 3, 10, 68, 21, 13, 78, 25, 54, 57, 0]"""
j10,1,reactive,600,True,27,0.07872939109802246,0.14787602424621582,"[0, 4, 0, 15, 11, 8, 21, 13, 13, 17, 24, 0, 0, 0, 0, 0, 0, 0, 0, 27]","[0, 3, 3, 2, 2, 3, 3, 1, 6, 2, 3, 10, 68, 21, 13, 78, 25, 54, 57, 0]"
j10,1,stnu,600,True,25,0.8314144611358643,0.012578964233398438,"[0, 3, 0, 12, 9, 6, 17, 11, 11, 23, 20, 0, 0, 0, 0, 0, 0, 0, 0, 25]","""[0, 3, 3, 2, 2, 3, 3, 1, 6, 2, 3, 10, 68, 21, 13, 78, 25, 54, 57, 0]"""
j10,1,proactive_robust,600,True,30,0.07860994338989258,0.0007228851318359375,"[0, 4, 0, 15, 11, 8, 21, 13, 13, 27, 24, 0, 0, 0, 0, 0, 0, 0, 0, 78]","""[0, 4, 3, 6, 1, 1, 1, 2, 8, 3, 1, 10, 68, 21, 13, 78, 25, 54, 57, 0]"""
j10,1,reactive,600,True,28,0.07860994338989258,0.11250686645507812,"[0, 4, 0, 15, 11, 8, 21, 13, 13, 25, 24, 0, 0, 0, 0, 0, 0, 0, 0, 28]","[0, 4, 3, 6, 1, 1, 1, 2, 8, 3, 1, 10, 68, 21, 13, 78, 25, 54, 57, 0]"
j10,1,stnu,600,True,22,0.7980518341064453,0.01254415512084961,"[0, 3, 0, 11, 8, 7, 17, 9, 9, 19, 18, 0, 0, 0, 0, 0, 0, 0, 0, 22]","""[0, 4, 3, 6, 1, 1, 1, 2, 8, 3, 1, 10, 68, 21, 13, 78, 25, 54, 57, 0]"""
j10,1,proactive_robust,600,True,30,0.07718944549560547,0.0007233619689941406,"[0, 4, 0, 15, 11, 8, 21, 13, 13, 27, 24, 0, 0, 0, 0, 0, 0, 0, 0, 78]","""[0, 4, 4, 2, 2, 3, 2, 1, 6, 2, 1, 10, 68, 21, 13, 78, 25, 54, 57, 0]"""
j10,1,reactive,600,True,22,0.07718944549560547,0.13233423233032227,"[0, 4, 0, 15, 11, 8, 17, 13, 13, 19, 21, 0, 0, 0, 0, 0, 0, 0, 0, 22]","[0, 4, 4, 2, 2, 3, 2, 1, 6, 2, 1, 10, 68, 21, 13, 78, 25, 54, 57, 0]"
j10,1,stnu,600,True,24,0.8030593395233154,0.012700080871582031,"[0, 4, 0, 14, 11, 8, 19, 13, 13, 22, 21, 0, 0, 0, 0, 0, 0, 0, 0, 24]","""[0, 4, 4, 2, 2, 3, 2, 1, 6, 2, 1, 10, 68, 21, 13, 78, 25, 54, 57, 0]"""
j10,1,proactive_robust,600,True,30,0.0795600414276123,0.0007054805755615234,"[0, 4, 0, 15, 11, 8, 21, 13, 13, 27, 24, 0, 0, 0, 0, 0, 0, 0, 0, 78]","""[0, 4, 3, 5, 2, 1, 3, 2, 6, 3, 3, 10, 68, 21, 13, 78, 25, 54, 57, 0]"""
j10,1,reactive,600,True,29,0.0795600414276123,0.10408687591552734,"[0, 4, 0, 15, 11, 8, 20, 13, 13, 23, 26, 0, 0, 0, 0, 0, 0, 0, 0, 29]","[0, 4, 3, 5, 2, 1, 3, 2, 6, 3, 3, 10, 68, 21, 13, 78, 25, 54, 57, 0]"
j10,1,stnu,600,True,26,0.7891671657562256,0.012564897537231445,"[0, 3, 0, 12, 8, 7, 17, 10, 10, 23, 20, 0, 0, 0, 0, 0, 0, 0, 0, 26]","""[0, 4, 3, 5, 2, 1, 3, 2, 6, 3, 3, 10, 68, 21, 13, 78, 25, 54, 57, 0]"""
j10,1,proactive_robust,600,True,30,0.0744025707244873,0.0007143020629882812,"[0, 4, 0, 15, 11, 8, 21, 13, 13, 27, 24, 0, 0, 0, 0, 0, 0, 0, 0, 78]","""[0, 2, 3, 4, 1, 3, 2, 2, 5, 1, 3, 10, 68, 21, 13, 78, 25, 54, 57, 0]"""
j10,1,reactive,600,True,26,0.0744025707244873,0.1695537567138672,"[0, 4, 0, 15, 11, 8, 21, 13, 13, 19, 23, 0, 0, 0, 0, 0, 0, 0, 0, 26]","[0, 2, 3, 4, 1, 3, 2, 2, 5, 1, 3, 10, 68, 21, 13, 78, 25, 54, 57, 0]"
j10,1,stnu,600,True,21,0.792881965637207,0.012568235397338867,"[0, 3, 0, 11, 8, 5, 15, 9, 9, 20, 17, 0, 0, 0, 0, 0, 0, 0, 0, 21]","""[0, 2, 3, 4, 1, 3, 2, 2, 5, 1, 3, 10, 68, 21, 13, 78, 25, 54, 57, 0]"""
j10,1,proactive_robust,600,True,30,0.07869148254394531,0.0007016658782958984,"[0, 4, 0, 15, 11, 8, 21, 13, 13, 27, 24, 0, 0, 0, 0, 0, 0, 0, 0, 78]","""[0, 1, 2, 3, 1, 2, 2, 1, 4, 2, 1, 10, 68, 21, 13, 78, 25, 54, 57, 0]"""
j10,1,reactive,600,True,24,0.07869148254394531,0.24176502227783203,"[0, 4, 0, 15, 11, 8, 21, 13, 13, 18, 23, 0, 0, 0, 0, 0, 0, 0, 0, 24]","[0, 1, 2, 3, 1, 2, 2, 1, 4, 2, 1, 10, 68, 21, 13, 78, 25, 54, 57, 0]"
j10,1,stnu,600,True,15,0.8040542602539062,0.012442350387573242,"[0, 2, 0, 7, 5, 3, 10, 6, 6, 13, 12, 0, 0, 0, 0, 0, 0, 0, 0, 15]","""[0, 1, 2, 3, 1, 2, 2, 1, 4, 2, 1, 10, 68, 21, 13, 78, 25, 54, 57, 0]"""
j10,1,proactive_robust,600,True,30,0.07822465896606445,0.000713348388671875,"[0, 4, 0, 15, 11, 8, 21, 13, 13, 27, 24, 0, 0, 0, 0, 0, 0, 0, 0, 78]","""[0, 1, 3, 3, 2, 3, 2, 1, 8, 1, 3, 10, 68, 21, 13, 78, 25, 54, 57, 0]"""
j10,1,reactive,600,True,24,0.07822465896606445,0.1580827236175537,"[0, 4, 0, 15, 11, 8, 18, 13, 13, 14, 21, 0, 0, 0, 0, 0, 0, 0, 0, 24]","[0, 1, 3, 3, 2, 3, 2, 1, 8, 1, 3, 10, 68, 21, 13, 78, 25, 54, 57, 0]"
j10,1,stnu,600,True,23,0.7991039752960205,0.012532472610473633,"[0, 3, 0, 10, 7, 4, 17, 9, 9, 22, 19, 0, 0, 0, 0, 0, 0, 0, 0, 23]","""[0, 1, 3, 3, 2, 3, 2, 1, 8, 1, 3, 10, 68, 21, 13, 78, 25, 54, 57, 0]"""
j10,1,proactive_robust,600,True,30,0.08057761192321777,0.0006990432739257812,"[0, 4, 0, 15, 11, 8, 21, 13, 13, 27, 24, 0, 0, 0, 0, 0, 0, 0, 0, 78]","""[0, 3, 1, 3, 1, 2, 1, 2, 4, 3, 2, 10, 68, 21, 13, 78, 25, 54, 57, 0]"""
j10,1,reactive,600,True,24,0.08057761192321777,0.22388863563537598,"[0, 4, 0, 15, 11, 8, 21, 13, 13, 18, 22, 0, 0, 0, 0, 0, 0, 0, 0, 24]","[0, 3, 1, 3, 1, 2, 1, 2, 4, 3, 2, 10, 68, 21, 13, 78, 25, 54, 57, 0]"
j10,1,stnu,600,True,18,0.8128376007080078,0.012494325637817383,"[0, 1, 0, 9, 6, 4, 12, 7, 7, 15, 13, 0, 0, 0, 0, 0, 0, 0, 0, 18]","""[0, 3, 1, 3, 1, 2, 1, 2, 4, 3, 2, 10, 68, 21, 13, 78, 25, 54, 57, 0]"""
j10,1,proactive_robust,600,True,28,0.0536806583404541,0.00025081634521484375,"[0, 0, 0, 0, 7, 10, 13, 6, 19, 18, 19, 0, 39]","""[0, 6, 6, 5, 2, 5, 4, 4, 2, 7, 8, 39, 0]"""
j10,1,reactive,600,True,27,0.0536806583404541,0.11623740196228027,"[0, 0, 0, 0, 7, 10, 13, 6, 19, 18, 19, 0, 27]","[0, 6, 6, 5, 2, 5, 4, 4, 2, 7, 8, 39, 0]"
j10,1,stnu,600,True,21,0.7531921863555908,0.0051572322845458984,"[0, 0, 0, 0, 6, 8, 9, 5, 13, 13, 13, 0, 21]","""[0, 6, 6, 5, 2, 5, 4, 4, 2, 7, 8, 39, 0]"""
j10,1,proactive_robust,600,True,28,0.05513930320739746,0.0002522468566894531,"[0, 0, 0, 0, 7, 10, 13, 6, 19, 18, 19, 0, 39]","""[0, 2, 8, 4, 1, 7, 4, 4, 1, 8, 8, 39, 0]"""
j10,1,reactive,600,True,27,0.05513930320739746,0.14369416236877441,"[0, 0, 0, 0, 7, 10, 13, 6, 19, 18, 19, 0, 27]","[0, 2, 8, 4, 1, 7, 4, 4, 1, 8, 8, 39, 0]"
j10,1,stnu,600,True,23,0.7690463066101074,0.005140781402587891,"[0, 0, 0, 0, 4, 8, 8, 4, 15, 15, 12, 0, 23]","""[0, 2, 8, 4, 1, 7, 4, 4, 1, 8, 8, 39, 0]"""
j10,1,proactive_robust,600,True,28,0.05436062812805176,0.00025725364685058594,"[0, 0, 0, 0, 7, 10, 13, 6, 19, 18, 19, 0, 39]","""[0, 6, 9, 2, 2, 8, 5, 3, 2, 8, 8, 39, 0]"""
j10,1,reactive,600,True,27,0.05436062812805176,0.11481118202209473,"[0, 0, 0, 0, 7, 10, 13, 6, 19, 18, 19, 0, 27]","[0, 6, 9, 2, 2, 8, 5, 3, 2, 8, 8, 39, 0]"
j10,1,stnu,600,True,25,0.7194192409515381,0.005240440368652344,"[0, 0, 0, 0, 6, 9, 9, 2, 17, 17, 14, 0, 25]","""[0, 6, 9, 2, 2, 8, 5, 3, 2, 8, 8, 39, 0]"""
j10,1,proactive_robust,600,True,28,0.052791595458984375,0.0002474784851074219,"[0, 0, 0, 0, 7, 10, 13, 6, 19, 18, 19, 0, 39]","""[0, 7, 6, 4, 2, 6, 2, 6, 2, 6, 6, 39, 0]"""
j10,1,reactive,600,True,25,0.052791595458984375,0.11090850830078125,"[0, 0, 0, 0, 7, 10, 13, 6, 19, 18, 19, 0, 25]","[0, 7, 6, 4, 2, 6, 2, 6, 2, 6, 6, 39, 0]"
j10,1,stnu,600,True,21,0.8140661716461182,0.0051860809326171875,"[0, 0, 0, 0, 7, 9, 10, 4, 15, 15, 12, 0, 21]","""[0, 7, 6, 4, 2, 6, 2, 6, 2, 6, 6, 39, 0]"""
j10,1,proactive_robust,600,True,28,0.056931495666503906,0.0002589225769042969,"[0, 0, 0, 0, 7, 10, 13, 6, 19, 18, 19, 0, 39]","""[0, 7, 9, 3, 1, 4, 4, 3, 2, 8, 9, 39, 0]"""
j10,1,reactive,600,True,22,0.056931495666503906,0.10555315017700195,"[0, 0, 0, 0, 7, 10, 9, 6, 20, 14, 13, 0, 22]","[0, 7, 9, 3, 1, 4, 4, 3, 2, 8, 9, 39, 0]"
j10,1,stnu,600,True,22,0.7571077346801758,0.005120992660522461,"[0, 0, 0, 0, 7, 9, 9, 3, 13, 13, 13, 0, 22]","""[0, 7, 9, 3, 1, 4, 4, 3, 2, 8, 9, 39, 0]"""
j10,1,proactive_robust,600,True,28,0.0551609992980957,0.00022792816162109375,"[0, 0, 0, 0, 7, 10, 13, 6, 19, 18, 19, 0, 39]","""[0, 3, 9, 3, 2, 4, 4, 4, 2, 4, 4, 39, 0]"""
j10,1,reactive,600,True,21,0.0551609992980957,0.1247715950012207,"[0, 0, 0, 0, 7, 10, 13, 6, 17, 14, 17, 0, 21]","[0, 3, 9, 3, 2, 4, 4, 4, 2, 4, 4, 39, 0]"
j10,1,stnu,600,True,17,0.7695472240447998,0.005120754241943359,"[0, 0, 0, 0, 3, 9, 9, 3, 13, 13, 13, 0, 17]","""[0, 3, 9, 3, 2, 4, 4, 4, 2, 4, 4, 39, 0]"""
j10,1,proactive_robust,600,True,28,0.053374528884887695,0.00024199485778808594,"[0, 0, 0, 0, 7, 10, 13, 6, 19, 18, 19, 0, 39]","""[0, 5, 9, 4, 2, 5, 6, 7, 1, 6, 8, 39, 0]"""
j10,1,reactive,600,True,27,0.053374528884887695,0.10081219673156738,"[0, 0, 0, 0, 7, 10, 13, 6, 19, 18, 19, 0, 27]","[0, 5, 9, 4, 2, 5, 6, 7, 1, 6, 8, 39, 0]"
j10,1,stnu,600,True,25,0.7205092906951904,0.005275249481201172,"[0, 0, 0, 0, 5, 9, 11, 4, 17, 14, 17, 0, 25]","""[0, 5, 9, 4, 2, 5, 6, 7, 1, 6, 8, 39, 0]"""
j10,1,proactive_robust,600,True,28,0.05899810791015625,0.0002377033233642578,"[0, 0, 0, 0, 7, 10, 13, 6, 19, 18, 19, 0, 39]","""[0, 6, 5, 6, 1, 7, 3, 6, 1, 5, 8, 39, 0]"""
j10,1,reactive,600,True,27,0.05899810791015625,0.12584471702575684,"[0, 0, 0, 0, 7, 10, 13, 6, 19, 18, 19, 0, 27]","[0, 6, 5, 6, 1, 7, 3, 6, 1, 5, 8, 39, 0]"
j10,1,stnu,600,True,23,0.7309753894805908,0.005211591720581055,"[0, 0, 0, 0, 6, 7, 12, 6, 15, 14, 15, 0, 23]","""[0, 6, 5, 6, 1, 7, 3, 6, 1, 5, 8, 39, 0]"""
j10,1,proactive_robust,600,True,28,0.05570244789123535,0.0002589225769042969,"[0, 0, 0, 0, 7, 10, 13, 6, 19, 18, 19, 0, 39]","""[0, 6, 5, 5, 1, 6, 5, 6, 2, 8, 4, 39, 0]"""
j10,1,reactive,600,True,26,0.05570244789123535,0.13022375106811523,"[0, 0, 0, 0, 7, 10, 13, 6, 19, 18, 19, 0, 26]","[0, 6, 5, 5, 1, 6, 5, 6, 2, 8, 4, 39, 0]"
j10,1,stnu,600,True,21,0.7416343688964844,0.005109071731567383,"[0, 0, 0, 0, 6, 7, 11, 5, 16, 13, 16, 0, 21]","""[0, 6, 5, 5, 1, 6, 5, 6, 2, 8, 4, 39, 0]"""
j10,1,proactive_robust,600,True,28,0.05542135238647461,0.00024390220642089844,"[0, 0, 0, 0, 7, 10, 13, 6, 19, 18, 19, 0, 39]","""[0, 4, 6, 2, 2, 4, 4, 2, 1, 6, 9, 39, 0]"""
j10,1,reactive,600,True,28,0.05542135238647461,0.14147043228149414,"[0, 0, 0, 0, 7, 10, 13, 6, 19, 18, 19, 0, 28]","[0, 4, 6, 2, 2, 4, 4, 2, 1, 6, 9, 39, 0]"
j10,1,stnu,600,True,19,0.7179348468780518,0.005055665969848633,"[0, 0, 0, 0, 4, 6, 6, 2, 10, 10, 10, 0, 19]","""[0, 4, 6, 2, 2, 4, 4, 2, 1, 6, 9, 39, 0]"""
j10,1,proactive_robust,600,True,32,0.05510425567626953,0.0004057884216308594,"[0, 0, 0, 0, 2, 2, 2, 15, 15, 23, 10, 0, 0, 0, 65]","""[0, 2, 1, 1, 3, 3, 13, 4, 2, 5, 7, 65, 52, 23, 0]"""
j10,1,reactive,600,True,28,0.05510425567626953,0.09929275512695312,"[0, 0, 0, 0, 2, 2, 2, 15, 15, 23, 10, 0, 0, 0, 28]","[0, 2, 1, 1, 3, 3, 13, 4, 2, 5, 7, 65, 52, 23, 0]"
j10,1,stnu,600,True,23,0.7267379760742188,0.006663799285888672,"[0, 0, 0, 0, 1, 1, 1, 14, 14, 18, 4, 0, 0, 0, 23]","""[0, 2, 1, 1, 3, 3, 13, 4, 2, 5, 7, 65, 52, 23, 0]"""
j10,1,proactive_robust,600,True,32,0.05244946479797363,0.0004115104675292969,"[0, 0, 0, 0, 2, 2, 2, 15, 15, 23, 10, 0, 0, 0, 65]","""[0, 4, 1, 2, 6, 1, 12, 3, 1, 9, 7, 65, 52, 23, 0]"""
j10,1,reactive,600,True,27,0.05244946479797363,0.08825278282165527,"[0, 0, 0, 0, 2, 2, 2, 15, 15, 18, 10, 0, 0, 0, 27]","[0, 4, 1, 2, 6, 1, 12, 3, 1, 9, 7, 65, 52, 23, 0]"
j10,1,stnu,600,True,26,0.7612886428833008,0.006663322448730469,"[0, 0, 0, 0, 2, 2, 2, 14, 14, 17, 8, 0, 0, 0, 26]","""[0, 4, 1, 2, 6, 1, 12, 3, 1, 9, 7, 65, 52, 23, 0]"""
j10,1,proactive_robust,600,True,32,0.05293917655944824,0.00042510032653808594,"[0, 0, 0, 0, 2, 2, 2, 15, 15, 23, 10, 0, 0, 0, 65]","""[0, 5, 2, 1, 6, 3, 8, 8, 2, 9, 9, 65, 52, 23, 0]"""
j10,1,reactive,600,True,32,0.05293917655944824,0.08203506469726562,"[0, 0, 0, 0, 2, 2, 2, 15, 15, 23, 10, 0, 0, 0, 32]","[0, 5, 2, 1, 6, 3, 8, 8, 2, 9, 9, 65, 52, 23, 0]"
j10,1,stnu,600,True,26,0.733898401260376,0.0067522525787353516,"[0, 0, 0, 0, 1, 1, 1, 9, 9, 17, 7, 0, 0, 0, 26]","""[0, 5, 2, 1, 6, 3, 8, 8, 2, 9, 9, 65, 52, 23, 0]"""
j10,1,proactive_robust,600,True,32,0.05769085884094238,0.00042629241943359375,"[0, 0, 0, 0, 2, 2, 2, 15, 15, 23, 10, 0, 0, 0, 65]","""[0, 2, 3, 2, 6, 3, 12, 8, 2, 4, 8, 65, 52, 23, 0]"""
j10,1,reactive,600,True,27,0.05769085884094238,0.07506465911865234,"[0, 0, 0, 0, 2, 2, 2, 15, 15, 23, 10, 0, 0, 0, 27]","[0, 2, 3, 2, 6, 3, 12, 8, 2, 4, 8, 65, 52, 23, 0]"
j10,1,stnu,600,True,26,0.7246878147125244,0.00671839714050293,"[0, 0, 0, 0, 2, 2, 2, 14, 14, 22, 8, 0, 0, 0, 26]","""[0, 2, 3, 2, 6, 3, 12, 8, 2, 4, 8, 65, 52, 23, 0]"""
j10,1,proactive_robust,600,True,32,0.05939173698425293,0.00041794776916503906,"[0, 0, 0, 0, 2, 2, 2, 15, 15, 23, 10, 0, 0, 0, 65]","""[0, 3, 4, 1, 7, 1, 9, 5, 1, 8, 8, 65, 52, 23, 0]"""
j10,1,reactive,600,True,31,0.05939173698425293,0.0983281135559082,"[0, 0, 0, 0, 2, 2, 2, 15, 15, 23, 10, 0, 0, 0, 31]","[0, 3, 4, 1, 7, 1, 9, 5, 1, 8, 8, 65, 52, 23, 0]"
j10,1,stnu,600,True,24,0.7353460788726807,0.006732940673828125,"[0, 0, 0, 0, 1, 1, 1, 10, 10, 16, 8, 0, 0, 0, 24]","""[0, 3, 4, 1, 7, 1, 9, 5, 1, 8, 8, 65, 52, 23, 0]"""
j10,1,proactive_robust,600,True,32,0.053211212158203125,0.00041747093200683594,"[0, 0, 0, 0, 2, 2, 2, 15, 15, 23, 10, 0, 0, 0, 65]","""[0, 2, 3, 1, 7, 2, 11, 6, 1, 6, 7, 65, 52, 23, 0]"""
j10,1,reactive,600,True,29,0.053211212158203125,0.11009573936462402,"[0, 0, 0, 0, 2, 2, 2, 15, 15, 23, 10, 0, 0, 0, 29]","[0, 2, 3, 1, 7, 2, 11, 6, 1, 6, 7, 65, 52, 23, 0]"
j10,1,stnu,600,True,24,0.723787784576416,0.0066945552825927734,"[0, 0, 0, 0, 1, 1, 1, 12, 12, 18, 8, 0, 0, 0, 24]","""[0, 2, 3, 1, 7, 2, 11, 6, 1, 6, 7, 65, 52, 23, 0]"""
j10,1,proactive_robust,600,True,32,0.05350613594055176,0.00040793418884277344,"[0, 0, 0, 0, 2, 2, 2, 15, 15, 23, 10, 0, 0, 0, 65]","""[0, 6, 3, 2, 6, 4, 6, 4, 2, 4, 9, 65, 52, 23, 0]"""
j10,1,reactive,600,True,23,0.05350613594055176,0.058528900146484375,"[0, 0, 0, 0, 2, 2, 2, 15, 15, 19, 10, 0, 0, 0, 23]","[0, 6, 3, 2, 6, 4, 6, 4, 2, 4, 9, 65, 52, 23, 0]"
j10,1,stnu,600,True,21,0.7250542640686035,0.006697654724121094,"[0, 0, 0, 0, 2, 2, 2, 8, 8, 17, 8, 0, 0, 0, 21]","""[0, 6, 3, 2, 6, 4, 6, 4, 2, 4, 9, 65, 52, 23, 0]"""
j10,1,proactive_robust,600,True,32,0.05454659461975098,0.00042939186096191406,"[0, 0, 0, 0, 2, 2, 2, 15, 15, 23, 10, 0, 0, 0, 65]","""[0, 6, 4, 1, 7, 1, 7, 7, 2, 8, 5, 65, 52, 23, 0]"""
j10,1,reactive,600,True,31,0.05454659461975098,0.0823817253112793,"[0, 0, 0, 0, 2, 2, 2, 15, 15, 23, 10, 0, 0, 0, 31]","[0, 6, 4, 1, 7, 1, 7, 7, 2, 8, 5, 65, 52, 23, 0]"
j10,1,stnu,600,True,23,0.827495813369751,0.006650209426879883,"[0, 0, 0, 0, 1, 1, 1, 8, 8, 15, 8, 0, 0, 0, 23]","""[0, 6, 4, 1, 7, 1, 7, 7, 2, 8, 5, 65, 52, 23, 0]"""
j10,1,proactive_robust,600,True,32,0.05317497253417969,0.00041103363037109375,"[0, 0, 0, 0, 2, 2, 2, 15, 15, 23, 10, 0, 0, 0, 65]","""[0, 4, 4, 2, 3, 4, 11, 8, 1, 4, 5, 65, 52, 23, 0]"""
j10,1,reactive,600,True,27,0.05317497253417969,0.0595860481262207,"[0, 0, 0, 0, 2, 2, 2, 15, 15, 23, 10, 0, 0, 0, 27]","[0, 4, 4, 2, 3, 4, 11, 8, 1, 4, 5, 65, 52, 23, 0]"
j10,1,stnu,600,True,25,0.7163419723510742,0.0067517757415771484,"[0, 0, 0, 0, 2, 2, 2, 13, 13, 21, 6, 0, 0, 0, 25]","""[0, 4, 4, 2, 3, 4, 11, 8, 1, 4, 5, 65, 52, 23, 0]"""
j10,1,proactive_robust,600,True,32,0.17610430717468262,0.0004124641418457031,"[0, 0, 0, 0, 2, 2, 2, 15, 15, 23, 10, 0, 0, 0, 65]","""[0, 4, 2, 1, 5, 3, 6, 4, 1, 7, 8, 65, 52, 23, 0]"""
j10,1,reactive,600,True,30,0.17610430717468262,0.10563230514526367,"[0, 0, 0, 0, 2, 2, 2, 15, 15, 23, 10, 0, 0, 0, 30]","[0, 4, 2, 1, 5, 3, 6, 4, 1, 7, 8, 65, 52, 23, 0]"
j10,1,stnu,600,True,21,0.734588623046875,0.0067462921142578125,"[0, 0, 0, 0, 1, 1, 1, 7, 7, 14, 6, 0, 0, 0, 21]","""[0, 4, 2, 1, 5, 3, 6, 4, 1, 7, 8, 65, 52, 23, 0]"""
j10,1,proactive_robust,600,True,26,0.057256460189819336,0.00021004676818847656,"[0, 0, 0, 0, 3, 2, 9, 12, 16, 18, 16, 0, 26]","""[0, 1, 2, 4, 5, 3, 9, 4, 9, 2, 5, 26, 0]"""
j10,1,reactive,600,True,25,0.057256460189819336,0.07759904861450195,"[0, 0, 0, 0, 3, 2, 9, 12, 16, 18, 16, 0, 25]","[0, 1, 2, 4, 5, 3, 9, 4, 9, 2, 5, 26, 0]"
j10,1,stnu,600,True,20,0.8437418937683105,0.0049479007720947266,"[0, 0, 0, 0, 2, 1, 4, 7, 11, 13, 11, 0, 20]","""[0, 1, 2, 4, 5, 3, 9, 4, 9, 2, 5, 26, 0]"""
j10,1,proactive_robust,600,True,26,0.05554938316345215,0.00023555755615234375,"[0, 0, 0, 0, 3, 2, 9, 12, 16, 18, 16, 0, 26]","""[0, 2, 1, 6, 7, 3, 7, 4, 9, 2, 8, 26, 0]"""
j10,1,reactive,600,True,25,0.05554938316345215,0.07663774490356445,"[0, 0, 0, 0, 3, 2, 9, 12, 16, 18, 16, 0, 25]","[0, 2, 1, 6, 7, 3, 7, 4, 9, 2, 8, 26, 0]"
j10,1,stnu,600,True,22,0.737295389175415,0.0050373077392578125,"[0, 0, 0, 0, 2, 2, 5, 9, 13, 12, 13, 0, 22]","""[0, 2, 1, 6, 7, 3, 7, 4, 9, 2, 8, 26, 0]"""
j10,1,proactive_robust,600,True,26,0.05931830406188965,0.0002186298370361328,"[0, 0, 0, 0, 3, 2, 9, 12, 16, 18, 16, 0, 26]","""[0, 1, 3, 7, 5, 2, 4, 4, 10, 5, 7, 26, 0]"""
j10,1,reactive,600,True,26,0.05931830406188965,0.0621187686920166,"[0, 0, 0, 0, 3, 2, 9, 12, 16, 18, 16, 0, 26]","[0, 1, 3, 7, 5, 2, 4, 4, 10, 5, 7, 26, 0]"
j10,1,stnu,600,True,22,0.7113068103790283,0.0049648284912109375,"[0, 0, 0, 0, 3, 1, 3, 8, 12, 7, 12, 0, 22]","""[0, 1, 3, 7, 5, 2, 4, 4, 10, 5, 7, 26, 0]"""
j10,1,proactive_robust,600,True,26,0.058182477951049805,0.0002186298370361328,"[0, 0, 0, 0, 3, 2, 9, 12, 16, 18, 16, 0, 26]","""[0, 1, 3, 5, 7, 5, 7, 4, 7, 4, 7, 26, 0]"""
j10,1,reactive,600,True,23,0.058182477951049805,0.07120513916015625,"[0, 0, 0, 0, 3, 2, 9, 12, 16, 18, 16, 0, 23]","[0, 1, 3, 5, 7, 5, 7, 4, 7, 4, 7, 26, 0]"
j10,1,stnu,600,True,21,0.7222728729248047,0.0050013065338134766,"[0, 0, 0, 0, 3, 1, 6, 10, 14, 13, 14, 0, 21]","""[0, 1, 3, 5, 7, 5, 7, 4, 7, 4, 7, 26, 0]"""
j10,1,proactive_robust,600,True,26,0.05671525001525879,0.00021839141845703125,"[0, 0, 0, 0, 3, 2, 9, 12, 16, 18, 16, 0, 26]","""[0, 1, 1, 4, 9, 3, 6, 3, 7, 6, 5, 26, 0]"""
j10,1,reactive,600,True,24,0.05671525001525879,0.08770895004272461,"[0, 0, 0, 0, 3, 2, 9, 12, 16, 18, 16, 0, 24]","[0, 1, 1, 4, 9, 3, 6, 3, 7, 6, 5, 26, 0]"
j10,1,stnu,600,True,20,0.7260944843292236,0.005027294158935547,"[0, 0, 0, 0, 1, 1, 4, 10, 13, 10, 13, 0, 20]","""[0, 1, 1, 4, 9, 3, 6, 3, 7, 6, 5, 26, 0]"""
j10,1,proactive_robust,600,True,26,0.05573225021362305,0.00021910667419433594,"[0, 0, 0, 0, 3, 2, 9, 12, 16, 18, 16, 0, 26]","""[0, 2, 2, 8, 4, 2, 6, 3, 7, 5, 6, 26, 0]"""
j10,1,reactive,600,True,23,0.05573225021362305,0.07548093795776367,"[0, 0, 0, 0, 3, 2, 9, 12, 16, 18, 16, 0, 23]","[0, 2, 2, 8, 4, 2, 6, 3, 7, 5, 6, 26, 0]"
j10,1,stnu,600,True,18,0.8243257999420166,0.005082368850708008,"[0, 0, 0, 0, 2, 2, 4, 8, 11, 10, 11, 0, 18]","""[0, 2, 2, 8, 4, 2, 6, 3, 7, 5, 6, 26, 0]"""
j10,1,proactive_robust,600,True,26,0.05341315269470215,0.00024056434631347656,"[0, 0, 0, 0, 3, 2, 9, 12, 16, 18, 16, 0, 26]","""[0, 2, 1, 8, 4, 2, 8, 1, 5, 4, 10, 26, 0]"""
j10,1,reactive,600,True,26,0.05341315269470215,0.07063031196594238,"[0, 0, 0, 0, 3, 2, 9, 12, 16, 18, 16, 0, 26]","[0, 2, 1, 8, 4, 2, 8, 1, 5, 4, 10, 26, 0]"
j10,1,stnu,600,True,19,0.7151226997375488,0.005007505416870117,"[0, 0, 0, 0, 2, 2, 4, 8, 9, 12, 9, 0, 19]","""[0, 2, 1, 8, 4, 2, 8, 1, 5, 4, 10, 26, 0]"""
j10,1,proactive_robust,600,True,26,0.05488157272338867,0.000244140625,"[0, 0, 0, 0, 3, 2, 9, 12, 16, 18, 16, 0, 26]","""[0, 1, 3, 7, 9, 6, 5, 2, 9, 6, 8, 26, 0]"""
j10,1,reactive,600,True,25,0.05488157272338867,0.07783913612365723,"[0, 0, 0, 0, 3, 2, 9, 12, 16, 18, 16, 0, 25]","[0, 1, 3, 7, 9, 6, 5, 2, 9, 6, 8, 26, 0]"
j10,1,stnu,600,True,23,0.7081916332244873,0.005049705505371094,"[0, 0, 0, 0, 3, 1, 7, 12, 14, 12, 14, 0, 23]","""[0, 1, 3, 7, 9, 6, 5, 2, 9, 6, 8, 26, 0]"""
j10,1,proactive_robust,600,True,26,0.051709890365600586,0.00021886825561523438,"[0, 0, 0, 0, 3, 2, 9, 12, 16, 18, 16, 0, 26]","""[0, 2, 1, 3, 4, 4, 8, 3, 6, 2, 7, 26, 0]"""
j10,1,reactive,600,True,23,0.051709890365600586,0.0853273868560791,"[0, 0, 0, 0, 3, 2, 9, 12, 16, 18, 16, 0, 23]","[0, 2, 1, 3, 4, 4, 8, 3, 6, 2, 7, 26, 0]"
j10,1,stnu,600,True,16,0.7844038009643555,0.004960775375366211,"[0, 0, 0, 0, 2, 2, 6, 6, 9, 14, 9, 0, 16]","""[0, 2, 1, 3, 4, 4, 8, 3, 6, 2, 7, 26, 0]"""
j10,1,proactive_robust,600,True,26,0.0566859245300293,0.0002110004425048828,"[0, 0, 0, 0, 3, 2, 9, 12, 16, 18, 16, 0, 26]","""[0, 2, 2, 4, 9, 2, 7, 2, 6, 4, 7, 26, 0]"""
j10,1,reactive,600,True,23,0.0566859245300293,0.07319045066833496,"[0, 0, 0, 0, 3, 2, 9, 12, 16, 18, 16, 0, 23]","[0, 2, 2, 4, 9, 2, 7, 2, 6, 4, 7, 26, 0]"
j10,1,stnu,600,True,20,0.7229619026184082,0.005009174346923828,"[0, 0, 0, 0, 2, 2, 4, 11, 13, 11, 13, 0, 20]","""[0, 2, 2, 4, 9, 2, 7, 2, 6, 4, 7, 26, 0]"""
j10,1,proactive_robust,600,True,41,0.059027910232543945,0.0005621910095214844,"[0, 0, 0, 9, 12, 4, 12, 21, 15, 25, 32, 0, 0, 0, 0, 78]","""[0, 3, 9, 1, 8, 5, 3, 5, 8, 4, 4, 5, 78, 70, 76, 0]"""
j10,1,reactive,600,True,36,0.059027910232543945,0.23082661628723145,"[0, 0, 0, 9, 12, 4, 12, 21, 15, 25, 32, 0, 0, 0, 0, 36]","[0, 3, 9, 1, 8, 5, 3, 5, 8, 4, 4, 5, 78, 70, 76, 0]"
j10,1,stnu,600,True,29,0.7483208179473877,0.0077953338623046875,"[0, 0, 0, 9, 10, 3, 10, 18, 13, 21, 25, 0, 0, 0, 0, 29]","""[0, 3, 9, 1, 8, 5, 3, 5, 8, 4, 4, 5, 78, 70, 76, 0]"""
j10,1,proactive_robust,600,True,41,0.05629992485046387,0.0005643367767333984,"[0, 0, 0, 9, 12, 4, 12, 21, 15, 25, 32, 0, 0, 0, 0, 78]","""[0, 3, 5, 1, 6, 3, 1, 3, 10, 7, 9, 5, 78, 70, 76, 0]"""
j10,1,reactive,600,True,32,0.05629992485046387,0.17118453979492188,"[0, 0, 0, 9, 10, 4, 5, 6, 10, 25, 16, 0, 0, 0, 0, 32]","[0, 3, 5, 1, 6, 3, 1, 3, 10, 7, 9, 5, 78, 70, 76, 0]"
j10,1,stnu,600,True,33,0.731386661529541,0.008195161819458008,"[0, 0, 0, 5, 6, 3, 6, 12, 7, 17, 24, 0, 0, 0, 0, 33]","""[0, 3, 5, 1, 6, 3, 1, 3, 10, 7, 9, 5, 78, 70, 76, 0]"""
j10,1,proactive_robust,600,True,41,0.05584263801574707,0.0005612373352050781,"[0, 0, 0, 9, 12, 4, 12, 21, 15, 25, 32, 0, 0, 0, 0, 78]","""[0, 2, 5, 1, 4, 6, 1, 4, 5, 3, 9, 5, 78, 70, 76, 0]"""
j10,1,reactive,600,True,32,0.05584263801574707,0.21803855895996094,"[0, 0, 0, 9, 12, 4, 12, 16, 15, 29, 20, 0, 0, 0, 0, 32]","[0, 2, 5, 1, 4, 6, 1, 4, 5, 3, 9, 5, 78, 70, 76, 0]"
j10,1,stnu,600,True,26,0.739232063293457,0.0077664852142333984,"[0, 0, 0, 5, 8, 2, 8, 12, 9, 14, 17, 0, 0, 0, 0, 26]","""[0, 2, 5, 1, 4, 6, 1, 4, 5, 3, 9, 5, 78, 70, 76, 0]"""
j10,1,proactive_robust,600,True,41,0.05891895294189453,0.0005745887756347656,"[0, 0, 0, 9, 12, 4, 12, 21, 15, 25, 32, 0, 0, 0, 0, 78]","""[0, 4, 9, 2, 4, 7, 1, 6, 10, 2, 4, 5, 78, 70, 76, 0]"""
j10,1,reactive,600,True,31,0.05891895294189453,0.11458635330200195,"[0, 0, 0, 9, 12, 4, 12, 21, 15, 25, 27, 0, 0, 0, 0, 31]","[0, 4, 9, 2, 4, 7, 1, 6, 10, 2, 4, 5, 78, 70, 76, 0]"
j10,1,stnu,600,True,28,0.7513630390167236,0.007898092269897461,"[0, 0, 0, 9, 11, 4, 11, 15, 12, 22, 24, 0, 0, 0, 0, 28]","""[0, 4, 9, 2, 4, 7, 1, 6, 10, 2, 4, 5, 78, 70, 76, 0]"""
j10,1,proactive_robust,600,True,41,0.056073904037475586,0.0005590915679931641,"[0, 0, 0, 9, 12, 4, 12, 21, 15, 25, 32, 0, 0, 0, 0, 78]","""[0, 2, 4, 2, 4, 6, 3, 3, 10, 4, 6, 5, 78, 70, 76, 0]"""
j10,1,reactive,600,True,35,0.056073904037475586,0.18459439277648926,"[0, 0, 0, 9, 12, 4, 12, 21, 15, 25, 29, 0, 0, 0, 0, 35]","[0, 2, 4, 2, 4, 6, 3, 3, 10, 4, 6, 5, 78, 70, 76, 0]"
j10,1,stnu,600,True,31,0.7376842498779297,0.007826566696166992,"[0, 0, 0, 4, 8, 2, 8, 12, 11, 21, 25, 0, 0, 0, 0, 31]","""[0, 2, 4, 2, 4, 6, 3, 3, 10, 4, 6, 5, 78, 70, 76, 0]"""
j10,1,proactive_robust,600,True,41,0.0628511905670166,0.0005657672882080078,"[0, 0, 0, 9, 12, 4, 12, 21, 15, 25, 32, 0, 0, 0, 0, 78]","""[0, 1, 8, 3, 4, 8, 2, 5, 6, 2, 8, 5, 78, 70, 76, 0]"""
j10,1,reactive,600,True,35,0.0628511905670166,0.1654963493347168,"[0, 0, 0, 9, 12, 4, 12, 21, 15, 25, 27, 0, 0, 0, 0, 35]","[0, 1, 8, 3, 4, 8, 2, 5, 6, 2, 8, 5, 78, 70, 76, 0]"
j10,1,stnu,600,True,29,0.7366838455200195,0.007811307907104492,"[0, 0, 0, 8, 11, 1, 11, 15, 13, 19, 21, 0, 0, 0, 0, 29]","""[0, 1, 8, 3, 4, 8, 2, 5, 6, 2, 8, 5, 78, 70, 76, 0]"""
j10,1,proactive_robust,600,True,41,0.05982518196105957,0.0005714893341064453,"[0, 0, 0, 9, 12, 4, 12, 21, 15, 25, 32, 0, 0, 0, 0, 78]","""[0, 3, 8, 3, 4, 8, 1, 4, 5, 4, 4, 5, 78, 70, 76, 0]"""
j10,1,reactive,600,True,29,0.05982518196105957,0.16378307342529297,"[0, 0, 0, 9, 12, 4, 12, 21, 15, 16, 25, 0, 0, 0, 0, 29]","[0, 3, 8, 3, 4, 8, 1, 4, 5, 4, 4, 5, 78, 70, 76, 0]"
j10,1,stnu,600,True,25,0.7402148246765137,0.007806539535522461,"[0, 0, 0, 8, 11, 3, 11, 15, 12, 17, 21, 0, 0, 0, 0, 25]","""[0, 3, 8, 3, 4, 8, 1, 4, 5, 4, 4, 5, 78, 70, 76, 0]"""
j10,1,proactive_robust,600,True,41,0.05584287643432617,0.0005674362182617188,"[0, 0, 0, 9, 12, 4, 12, 21, 15, 25, 32, 0, 0, 0, 0, 78]","""[0, 2, 9, 2, 6, 3, 2, 5, 7, 6, 8, 5, 78, 70, 76, 0]"""
j10,1,reactive,600,True,40,0.05584287643432617,0.171478271484375,"[0, 0, 0, 9, 12, 4, 12, 21, 15, 25, 32, 0, 0, 0, 0, 40]","[0, 2, 9, 2, 6, 3, 2, 5, 7, 6, 8, 5, 78, 70, 76, 0]"
j10,1,stnu,600,True,34,0.7501010894775391,0.007819175720214844,"[0, 0, 0, 9, 11, 2, 11, 17, 13, 20, 26, 0, 0, 0, 0, 34]","""[0, 2, 9, 2, 6, 3, 2, 5, 7, 6, 8, 5, 78, 70, 76, 0]"""
j10,1,proactive_robust,600,True,41,0.05442547798156738,0.0005745887756347656,"[0, 0, 0, 9, 12, 4, 12, 21, 15, 25, 32, 0, 0, 0, 0, 78]","""[0, 4, 8, 2, 9, 3, 2, 4, 10, 6, 9, 5, 78, 70, 76, 0]"""
j10,1,reactive,600,True,41,0.05442547798156738,0.24164533615112305,"[0, 0, 0, 9, 12, 4, 12, 21, 15, 25, 32, 0, 0, 0, 0, 41]","[0, 4, 8, 2, 9, 3, 2, 4, 10, 6, 9, 5, 78, 70, 76, 0]"
j10,1,stnu,600,True,37,0.7393791675567627,0.00776362419128418,"[0, 0, 0, 8, 10, 4, 10, 19, 12, 22, 28, 0, 0, 0, 0, 37]","""[0, 4, 8, 2, 9, 3, 2, 4, 10, 6, 9, 5, 78, 70, 76, 0]"""
j10,1,proactive_robust,600,True,41,0.05605602264404297,0.0005753040313720703,"[0, 0, 0, 9, 12, 4, 12, 21, 15, 25, 32, 0, 0, 0, 0, 78]","""[0, 4, 9, 2, 9, 6, 3, 3, 10, 4, 9, 5, 78, 70, 76, 0]"""
j10,1,reactive,600,True,37,0.05605602264404297,0.08775997161865234,"[0, 0, 0, 9, 12, 4, 12, 21, 15, 24, 28, 0, 0, 0, 0, 37]","[0, 4, 9, 2, 9, 6, 3, 3, 10, 4, 9, 5, 78, 70, 76, 0]"
j10,1,stnu,600,True,37,0.7771563529968262,0.007750034332275391,"[0, 0, 0, 9, 11, 4, 11, 20, 14, 24, 28, 0, 0, 0, 0, 37]","""[0, 4, 9, 2, 9, 6, 3, 3, 10, 4, 9, 5, 78, 70, 76, 0]"""
j10,1,proactive_robust,600,True,27,0.053752899169921875,0.0003223419189453125,"[0, 0, 0, 0, 3, 12, 16, 12, 11, 18, 24, 0, 0, 47]","""[0, 9, 7, 2, 7, 3, 4, 6, 2, 5, 3, 47, 29, 0]"""
j10,1,reactive,600,True,23,0.053752899169921875,0.1721174716949463,"[0, 0, 0, 0, 3, 12, 16, 12, 11, 18, 20, 0, 0, 23]","[0, 9, 7, 2, 7, 3, 4, 6, 2, 5, 3, 47, 29, 0]"
j10,1,stnu,600,True,19,0.7124764919281006,0.005591392517089844,"[0, 0, 0, 0, 2, 9, 12, 9, 9, 12, 16, 0, 0, 19]","""[0, 9, 7, 2, 7, 3, 4, 6, 2, 5, 3, 47, 29, 0]"""
j10,1,proactive_robust,600,True,27,0.05468559265136719,0.00033354759216308594,"[0, 0, 0, 0, 3, 12, 16, 12, 11, 18, 24, 0, 0, 47]","""[0, 10, 11, 2, 5, 3, 5, 8, 4, 6, 2, 47, 29, 0]"""
j10,1,reactive,600,True,24,0.05468559265136719,0.12257647514343262,"[0, 0, 0, 0, 3, 12, 16, 12, 11, 18, 21, 0, 0, 24]","[0, 10, 11, 2, 5, 3, 5, 8, 4, 6, 2, 47, 29, 0]"
j10,1,stnu,600,True,21,0.7917277812957764,0.005705833435058594,"[0, 0, 0, 0, 2, 11, 14, 11, 7, 14, 19, 0, 0, 21]","""[0, 10, 11, 2, 5, 3, 5, 8, 4, 6, 2, 47, 29, 0]"""
j10,1,proactive_robust,600,True,27,0.062421560287475586,0.0003058910369873047,"[0, 0, 0, 0, 3, 12, 16, 12, 11, 18, 24, 0, 0, 47]","""[0, 8, 9, 1, 5, 3, 4, 8, 2, 2, 1, 47, 29, 0]"""
j10,1,reactive,600,True,21,0.062421560287475586,0.14967942237854004,"[0, 0, 0, 0, 3, 12, 16, 12, 11, 18, 20, 0, 0, 21]","[0, 8, 9, 1, 5, 3, 4, 8, 2, 2, 1, 47, 29, 0]"
j10,1,stnu,600,True,18,0.8287949562072754,0.005644083023071289,"[0, 0, 0, 0, 1, 9, 12, 9, 6, 12, 17, 0, 0, 18]","""[0, 8, 9, 1, 5, 3, 4, 8, 2, 2, 1, 47, 29, 0]"""
j10,1,proactive_robust,600,True,27,0.0535891056060791,0.00031948089599609375,"[0, 0, 0, 0, 3, 12, 16, 12, 11, 18, 24, 0, 0, 47]","""[0, 10, 6, 3, 5, 3, 5, 8, 7, 2, 2, 47, 29, 0]"""
j10,1,reactive,600,True,23,0.0535891056060791,0.13930583000183105,"[0, 0, 0, 0, 3, 12, 16, 12, 11, 18, 21, 0, 0, 23]","[0, 10, 6, 3, 5, 3, 5, 8, 7, 2, 2, 47, 29, 0]"
j10,1,stnu,600,True,20,0.741133451461792,0.005688190460205078,"[0, 0, 0, 0, 3, 10, 13, 8, 8, 15, 18, 0, 0, 20]","""[0, 10, 6, 3, 5, 3, 5, 8, 7, 2, 2, 47, 29, 0]"""
j10,1,proactive_robust,600,True,27,0.05477643013000488,0.0003218650817871094,"[0, 0, 0, 0, 3, 12, 16, 12, 11, 18, 24, 0, 0, 47]","""[0, 9, 10, 2, 7, 2, 8, 8, 2, 2, 2, 47, 29, 0]"""
j10,1,reactive,600,True,26,0.05477643013000488,0.14558005332946777,"[0, 0, 0, 0, 3, 12, 16, 12, 11, 18, 24, 0, 0, 26]","[0, 9, 10, 2, 7, 2, 8, 8, 2, 2, 2, 47, 29, 0]"
j10,1,stnu,600,True,22,0.7255871295928955,0.005661725997924805,"[0, 0, 0, 0, 2, 10, 12, 10, 9, 12, 20, 0, 0, 22]","""[0, 9, 10, 2, 7, 2, 8, 8, 2, 2, 2, 47, 29, 0]"""
j10,1,proactive_robust,600,True,27,0.05665254592895508,0.0003159046173095703,"[0, 0, 0, 0, 3, 12, 16, 12, 11, 18, 24, 0, 0, 47]","""[0, 10, 9, 2, 7, 3, 4, 3, 5, 3, 3, 47, 29, 0]"""
j10,1,reactive,600,True,23,0.05665254592895508,0.16714763641357422,"[0, 0, 0, 0, 3, 12, 16, 12, 11, 18, 20, 0, 0, 23]","[0, 10, 9, 2, 7, 3, 4, 3, 5, 3, 3, 47, 29, 0]"
j10,1,stnu,600,True,20,0.7715473175048828,0.005536794662475586,"[0, 0, 0, 0, 2, 10, 13, 9, 9, 14, 17, 0, 0, 20]","""[0, 10, 9, 2, 7, 3, 4, 3, 5, 3, 3, 47, 29, 0]"""
j10,1,proactive_robust,600,True,27,0.05797982215881348,0.0003261566162109375,"[0, 0, 0, 0, 3, 12, 16, 12, 11, 18, 24, 0, 0, 47]","""[0, 9, 12, 3, 4, 2, 4, 8, 3, 4, 1, 47, 29, 0]"""
j10,1,reactive,600,True,22,0.05797982215881348,0.20684289932250977,"[0, 0, 0, 0, 3, 12, 16, 12, 11, 18, 20, 0, 0, 22]","[0, 9, 12, 3, 4, 2, 4, 8, 3, 4, 1, 47, 29, 0]"
j10,1,stnu,600,True,21,0.719362735748291,0.005636692047119141,"[0, 0, 0, 0, 3, 12, 14, 12, 7, 14, 20, 0, 0, 21]","""[0, 9, 12, 3, 4, 2, 4, 8, 3, 4, 1, 47, 29, 0]"""
j10,1,proactive_robust,600,True,27,0.05280804634094238,0.00032520294189453125,"[0, 0, 0, 0, 3, 12, 16, 12, 11, 18, 24, 0, 0, 47]","""[0, 7, 12, 2, 8, 1, 5, 7, 3, 2, 1, 47, 29, 0]"""
j10,1,reactive,600,True,22,0.05280804634094238,0.11578202247619629,"[0, 0, 0, 0, 3, 12, 16, 12, 11, 18, 21, 0, 0, 22]","[0, 7, 12, 2, 8, 1, 5, 7, 3, 2, 1, 47, 29, 0]"
j10,1,stnu,600,True,20,0.7286369800567627,0.005689382553100586,"[0, 0, 0, 0, 2, 12, 13, 12, 10, 13, 19, 0, 0, 20]","""[0, 7, 12, 2, 8, 1, 5, 7, 3, 2, 1, 47, 29, 0]"""
j10,1,proactive_robust,600,True,27,0.05974173545837402,0.0003294944763183594,"[0, 0, 0, 0, 3, 12, 16, 12, 11, 18, 24, 0, 0, 47]","""[0, 12, 10, 3, 3, 1, 5, 6, 7, 4, 1, 47, 29, 0]"""
j10,1,reactive,600,True,22,0.05974173545837402,0.11355948448181152,"[0, 0, 0, 0, 3, 12, 16, 12, 11, 18, 21, 0, 0, 22]","[0, 12, 10, 3, 3, 1, 5, 6, 7, 4, 1, 47, 29, 0]"
j10,1,stnu,600,True,19,0.8839459419250488,0.005624055862426758,"[0, 0, 0, 0, 3, 12, 13, 10, 6, 13, 18, 0, 0, 19]","""[0, 12, 10, 3, 3, 1, 5, 6, 7, 4, 1, 47, 29, 0]"""
j10,1,proactive_robust,600,True,27,0.05984640121459961,0.0003323554992675781,"[0, 0, 0, 0, 3, 12, 16, 12, 11, 18, 24, 0, 0, 47]","""[0, 9, 11, 3, 5, 2, 3, 8, 6, 4, 3, 47, 29, 0]"""
j10,1,reactive,600,True,23,0.05984640121459961,0.10160446166992188,"[0, 0, 0, 0, 3, 12, 16, 12, 11, 18, 20, 0, 0, 23]","[0, 9, 11, 3, 5, 2, 3, 8, 6, 4, 3, 47, 29, 0]"
j10,1,stnu,600,True,22,0.7172081470489502,0.005620718002319336,"[0, 0, 0, 0, 3, 11, 13, 11, 8, 14, 19, 0, 0, 22]","""[0, 9, 11, 3, 5, 2, 3, 8, 6, 4, 3, 47, 29, 0]"""
j10,1,proactive_robust,600,True,26,0.0637810230255127,0.0007936954498291016,"[0, 0, 0, 6, 8, 9, 6, 14, 14, 20, 15, 0, 0, 0, 0, 0, 0, 0, 0, 71]","""[0, 4, 6, 2, 7, 3, 7, 2, 10, 4, 5, 71, 15, 34, 69, 51, 24, 69, 29, 0]"""
j10,1,reactive,600,True,24,0.0637810230255127,0.1441819667816162,"[0, 0, 0, 6, 8, 9, 6, 14, 14, 20, 15, 0, 0, 0, 0, 0, 0, 0, 0, 24]","[0, 4, 6, 2, 7, 3, 7, 2, 10, 4, 5, 71, 15, 34, 69, 51, 24, 69, 29, 0]"
j10,1,stnu,600,True,21,0.7634296417236328,0.011504888534545898,"[0, 0, 0, 4, 6, 6, 4, 11, 11, 13, 13, 0, 0, 0, 0, 0, 0, 0, 0, 21]","""[0, 4, 6, 2, 7, 3, 7, 2, 10, 4, 5, 71, 15, 34, 69, 51, 24, 69, 29, 0]"""
j10,1,proactive_robust,600,True,26,0.058945655822753906,0.0007958412170410156,"[0, 0, 0, 6, 8, 9, 6, 14, 14, 20, 15, 0, 0, 0, 0, 0, 0, 0, 0, 71]","""[0, 2, 3, 3, 6, 3, 3, 6, 11, 3, 5, 71, 15, 34, 69, 51, 24, 69, 29, 0]"""
j10,1,reactive,600,True,25,0.058945655822753906,0.12455296516418457,"[0, 0, 0, 6, 8, 9, 6, 14, 14, 20, 15, 0, 0, 0, 0, 0, 0, 0, 0, 25]","[0, 2, 3, 3, 6, 3, 3, 6, 11, 3, 5, 71, 15, 34, 69, 51, 24, 69, 29, 0]"
j10,1,stnu,600,True,19,0.7835547924041748,0.011477231979370117,"[0, 0, 0, 2, 3, 5, 2, 8, 8, 14, 9, 0, 0, 0, 0, 0, 0, 0, 0, 19]","""[0, 2, 3, 3, 6, 3, 3, 6, 11, 3, 5, 71, 15, 34, 69, 51, 24, 69, 29, 0]"""
j10,1,proactive_robust,600,True,26,0.059246063232421875,0.0007803440093994141,"[0, 0, 0, 6, 8, 9, 6, 14, 14, 20, 15, 0, 0, 0, 0, 0, 0, 0, 0, 71]","""[0, 4, 4, 1, 2, 3, 6, 4, 7, 5, 2, 71, 15, 34, 69, 51, 24, 69, 29, 0]"""
j10,1,reactive,600,True,25,0.059246063232421875,0.1345233917236328,"[0, 0, 0, 6, 8, 9, 6, 14, 14, 20, 15, 0, 0, 0, 0, 0, 0, 0, 0, 25]","[0, 4, 4, 1, 2, 3, 6, 4, 7, 5, 2, 71, 15, 34, 69, 51, 24, 69, 29, 0]"
j10,1,stnu,600,True,19,0.7527809143066406,0.011647224426269531,"[0, 0, 0, 4, 4, 5, 4, 10, 10, 14, 10, 0, 0, 0, 0, 0, 0, 0, 0, 19]","""[0, 4, 4, 1, 2, 3, 6, 4, 7, 5, 2, 71, 15, 34, 69, 51, 24, 69, 29, 0]"""
j10,1,proactive_robust,600,True,26,0.0633847713470459,0.0007777214050292969,"[0, 0, 0, 6, 8, 9, 6, 14, 14, 20, 15, 0, 0, 0, 0, 0, 0, 0, 0, 71]","""[0, 3, 7, 3, 5, 2, 3, 3, 9, 2, 5, 71, 15, 34, 69, 51, 24, 69, 29, 0]"""
j10,1,reactive,600,True,23,0.0633847713470459,0.15224575996398926,"[0, 0, 0, 6, 8, 9, 6, 14, 14, 20, 15, 0, 0, 0, 0, 0, 0, 0, 0, 23]","[0, 3, 7, 3, 5, 2, 3, 3, 9, 2, 5, 71, 15, 34, 69, 51, 24, 69, 29, 0]"
j10,1,stnu,600,True,18,0.7597570419311523,0.01152181625366211,"[0, 0, 0, 3, 7, 7, 3, 9, 9, 12, 12, 0, 0, 0, 0, 0, 0, 0, 0, 18]","""[0, 3, 7, 3, 5, 2, 3, 3, 9, 2, 5, 71, 15, 34, 69, 51, 24, 69, 29, 0]"""
j10,1,proactive_robust,600,True,26,0.06039690971374512,0.0008087158203125,"[0, 0, 0, 6, 8, 9, 6, 14, 14, 20, 15, 0, 0, 0, 0, 0, 0, 0, 0, 71]","""[0, 6, 6, 1, 6, 3, 7, 4, 11, 3, 5, 71, 15, 34, 69, 51, 24, 69, 29, 0]"""
j10,1,reactive,600,True,25,0.06039690971374512,0.10031008720397949,"[0, 0, 0, 6, 8, 9, 6, 14, 14, 20, 15, 0, 0, 0, 0, 0, 0, 0, 0, 25]","[0, 6, 6, 1, 6, 3, 7, 4, 11, 3, 5, 71, 15, 34, 69, 51, 24, 69, 29, 0]"
j10,1,stnu,600,True,24,0.9318358898162842,0.011547327041625977,"[0, 0, 0, 6, 6, 7, 6, 13, 13, 17, 13, 0, 0, 0, 0, 0, 0, 0, 0, 24]","""[0, 6, 6, 1, 6, 3, 7, 4, 11, 3, 5, 71, 15, 34, 69, 51, 24, 69, 29, 0]"""
j10,1,proactive_robust,600,True,26,0.06002306938171387,0.0007865428924560547,"[0, 0, 0, 6, 8, 9, 6, 14, 14, 20, 15, 0, 0, 0, 0, 0, 0, 0, 0, 71]","""[0, 2, 5, 1, 6, 1, 4, 6, 7, 2, 2, 71, 15, 34, 69, 51, 24, 69, 29, 0]"""
j10,1,reactive,600,True,22,0.06002306938171387,0.1636185646057129,"[0, 0, 0, 6, 8, 9, 6, 14, 14, 20, 15, 0, 0, 0, 0, 0, 0, 0, 0, 22]","[0, 2, 5, 1, 6, 1, 4, 6, 7, 2, 2, 71, 15, 34, 69, 51, 24, 69, 29, 0]"
j10,1,stnu,600,True,14,0.7630524635314941,0.011610984802246094,"[0, 0, 0, 2, 5, 5, 2, 6, 6, 12, 11, 0, 0, 0, 0, 0, 0, 0, 0, 14]","""[0, 2, 5, 1, 6, 1, 4, 6, 7, 2, 2, 71, 15, 34, 69, 51, 24, 69, 29, 0]"""
j10,1,proactive_robust,600,True,26,0.06187081336975098,0.0007817745208740234,"[0, 0, 0, 6, 8, 9, 6, 14, 14, 20, 15, 0, 0, 0, 0, 0, 0, 0, 0, 71]","""[0, 4, 5, 2, 5, 2, 8, 2, 9, 4, 5, 71, 15, 34, 69, 51, 24, 69, 29, 0]"""
j10,1,reactive,600,True,24,0.06187081336975098,0.14456486701965332,"[0, 0, 0, 6, 8, 9, 6, 14, 14, 20, 15, 0, 0, 0, 0, 0, 0, 0, 0, 24]","[0, 4, 5, 2, 5, 2, 8, 2, 9, 4, 5, 71, 15, 34, 69, 51, 24, 69, 29, 0]"
j10,1,stnu,600,True,21,0.759418249130249,0.011703968048095703,"[0, 0, 0, 4, 5, 6, 4, 12, 12, 14, 12, 0, 0, 0, 0, 0, 0, 0, 0, 21]","""[0, 4, 5, 2, 5, 2, 8, 2, 9, 4, 5, 71, 15, 34, 69, 51, 24, 69, 29, 0]"""
j10,1,proactive_robust,600,True,26,0.06051754951477051,0.0008060932159423828,"[0, 0, 0, 6, 8, 9, 6, 14, 14, 20, 15, 0, 0, 0, 0, 0, 0, 0, 0, 71]","""[0, 4, 5, 2, 5, 2, 6, 3, 12, 5, 6, 71, 15, 34, 69, 51, 24, 69, 29, 0]"""
j10,1,reactive,600,True,26,0.06051754951477051,0.14518380165100098,"[0, 0, 0, 6, 8, 9, 6, 14, 14, 20, 15, 0, 0, 0, 0, 0, 0, 0, 0, 26]","[0, 4, 5, 2, 5, 2, 6, 3, 12, 5, 6, 71, 15, 34, 69, 51, 24, 69, 29, 0]"
j10,1,stnu,600,True,22,0.7654836177825928,0.011689424514770508,"[0, 0, 0, 4, 5, 6, 4, 10, 10, 13, 10, 0, 0, 0, 0, 0, 0, 0, 0, 22]","""[0, 4, 5, 2, 5, 2, 6, 3, 12, 5, 6, 71, 15, 34, 69, 51, 24, 69, 29, 0]"""
j10,1,proactive_robust,600,True,26,0.0635690689086914,0.0007886886596679688,"[0, 0, 0, 6, 8, 9, 6, 14, 14, 20, 15, 0, 0, 0, 0, 0, 0, 0, 0, 71]","""[0, 4, 3, 3, 6, 2, 3, 5, 6, 4, 2, 71, 15, 34, 69, 51, 24, 69, 29, 0]"""
j10,1,reactive,600,True,24,0.0635690689086914,0.1263895034790039,"[0, 0, 0, 6, 8, 9, 6, 14, 14, 20, 15, 0, 0, 0, 0, 0, 0, 0, 0, 24]","[0, 4, 3, 3, 6, 2, 3, 5, 6, 4, 2, 71, 15, 34, 69, 51, 24, 69, 29, 0]"
j10,1,stnu,600,True,18,0.7991654872894287,0.011553525924682617,"[0, 0, 0, 4, 4, 7, 4, 9, 9, 14, 10, 0, 0, 0, 0, 0, 0, 0, 0, 18]","""[0, 4, 3, 3, 6, 2, 3, 5, 6, 4, 2, 71, 15, 34, 69, 51, 24, 69, 29, 0]"""
j10,1,proactive_robust,600,True,26,0.060508012771606445,0.0007739067077636719,"[0, 0, 0, 6, 8, 9, 6, 14, 14, 20, 15, 0, 0, 0, 0, 0, 0, 0, 0, 71]","""[0, 5, 7, 1, 6, 1, 5, 5, 6, 5, 4, 71, 15, 34, 69, 51, 24, 69, 29, 0]"""
j10,1,reactive,600,True,25,0.060508012771606445,0.1584947109222412,"[0, 0, 0, 6, 8, 9, 6, 14, 14, 20, 15, 0, 0, 0, 0, 0, 0, 0, 0, 25]","[0, 5, 7, 1, 6, 1, 5, 5, 6, 5, 4, 71, 15, 34, 69, 51, 24, 69, 29, 0]"
j10,1,stnu,600,True,20,0.7533841133117676,0.01160883903503418,"[0, 0, 0, 5, 7, 7, 5, 10, 10, 15, 13, 0, 0, 0, 0, 0, 0, 0, 0, 20]","""[0, 5, 7, 1, 6, 1, 5, 5, 6, 5, 4, 71, 15, 34, 69, 51, 24, 69, 29, 0]"""
j10,1,proactive_robust,600,True,46,0.05739593505859375,0.00030612945556640625,"[0, 0, 0, 0, 18, 9, 19, 9, 28, 25, 37, 0, 56]","""[0, 5, 9, 2, 8, 9, 4, 4, 3, 12, 9, 56, 0]"""
j10,1,reactive,600,True,46,0.05739593505859375,0.12078475952148438,"[0, 0, 0, 0, 18, 9, 19, 9, 28, 25, 37, 0, 46]","[0, 5, 9, 2, 8, 9, 4, 4, 3, 12, 9, 56, 0]"
j10,1,stnu,600,True,43,0.8785924911499023,0.005150794982910156,"[0, 0, 0, 0, 13, 9, 18, 9, 21, 22, 34, 0, 43]","""[0, 5, 9, 2, 8, 9, 4, 4, 3, 12, 9, 56, 0]"""
j10,1,proactive_robust,600,True,46,0.055823326110839844,0.0002949237823486328,"[0, 0, 0, 0, 18, 9, 19, 9, 28, 25, 37, 0, 56]","""[0, 3, 9, 3, 6, 10, 2, 8, 7, 6, 5, 56, 0]"""
j10,1,reactive,600,True,42,0.055823326110839844,0.1293478012084961,"[0, 0, 0, 0, 18, 9, 19, 9, 28, 25, 37, 0, 42]","[0, 3, 9, 3, 6, 10, 2, 8, 7, 6, 5, 56, 0]"
j10,1,stnu,600,True,35,0.7351443767547607,0.005201578140258789,"[0, 0, 0, 0, 17, 9, 19, 9, 23, 21, 30, 0, 35]","""[0, 3, 9, 3, 6, 10, 2, 8, 7, 6, 5, 56, 0]"""
j10,1,proactive_robust,600,True,46,0.05340838432312012,0.0002789497375488281,"[0, 0, 0, 0, 18, 9, 19, 9, 28, 25, 37, 0, 56]","""[0, 6, 4, 4, 9, 7, 2, 8, 3, 12, 4, 56, 0]"""
j10,1,reactive,600,True,41,0.05340838432312012,0.1408231258392334,"[0, 0, 0, 0, 18, 9, 19, 9, 28, 25, 37, 0, 41]","[0, 6, 4, 4, 9, 7, 2, 8, 3, 12, 4, 56, 0]"
j10,1,stnu,600,True,31,0.7367992401123047,0.005207538604736328,"[0, 0, 0, 0, 12, 6, 13, 4, 21, 15, 27, 0, 31]","""[0, 6, 4, 4, 9, 7, 2, 8, 3, 12, 4, 56, 0]"""
j10,1,proactive_robust,600,True,46,0.05376005172729492,0.00031256675720214844,"[0, 0, 0, 0, 18, 9, 19, 9, 28, 25, 37, 0, 56]","""[0, 5, 4, 3, 10, 10, 2, 9, 8, 11, 4, 56, 0]"""
j10,1,reactive,600,True,41,0.05376005172729492,0.1063544750213623,"[0, 0, 0, 0, 18, 9, 19, 9, 28, 25, 37, 0, 41]","[0, 5, 4, 3, 10, 10, 2, 9, 8, 11, 4, 56, 0]"
j10,1,stnu,600,True,35,0.7493515014648438,0.0052602291107177734,"[0, 0, 0, 0, 13, 5, 15, 4, 23, 17, 31, 0, 35]","""[0, 5, 4, 3, 10, 10, 2, 9, 8, 11, 4, 56, 0]"""
j10,1,proactive_robust,600,True,46,0.05234837532043457,0.00029659271240234375,"[0, 0, 0, 0, 18, 9, 19, 9, 28, 25, 37, 0, 56]","""[0, 2, 4, 3, 8, 10, 5, 5, 8, 7, 5, 56, 0]"""
j10,1,reactive,600,True,42,0.05234837532043457,0.1505429744720459,"[0, 0, 0, 0, 18, 9, 19, 9, 28, 25, 37, 0, 42]","[0, 2, 4, 3, 8, 10, 5, 5, 8, 7, 5, 56, 0]"
j10,1,stnu,600,True,31,0.7297613620758057,0.005196809768676758,"[0, 0, 0, 0, 9, 4, 14, 4, 17, 19, 26, 0, 31]","""[0, 2, 4, 3, 8, 10, 5, 5, 8, 7, 5, 56, 0]"""
j10,1,proactive_robust,600,True,46,0.05326032638549805,0.0003113746643066406,"[0, 0, 0, 0, 18, 9, 19, 9, 28, 25, 37, 0, 56]","""[0, 2, 8, 4, 9, 10, 6, 6, 4, 9, 9, 56, 0]"""
j10,1,reactive,600,True,43,0.05326032638549805,0.12082529067993164,"[0, 0, 0, 0, 18, 9, 19, 9, 28, 25, 34, 0, 43]","[0, 2, 8, 4, 9, 10, 6, 6, 4, 9, 9, 56, 0]"
j10,1,stnu,600,True,42,0.935744047164917,0.005166292190551758,"[0, 0, 0, 0, 14, 8, 18, 8, 23, 24, 33, 0, 42]","""[0, 2, 8, 4, 9, 10, 6, 6, 4, 9, 9, 56, 0]"""
j10,1,proactive_robust,600,True,46,0.053282737731933594,0.00031185150146484375,"[0, 0, 0, 0, 18, 9, 19, 9, 28, 25, 37, 0, 56]","""[0, 6, 6, 7, 6, 10, 5, 8, 7, 9, 8, 56, 0]"""
j10,1,reactive,600,True,45,0.053282737731933594,0.10892319679260254,"[0, 0, 0, 0, 18, 9, 19, 9, 28, 25, 37, 0, 45]","[0, 6, 6, 7, 6, 10, 5, 8, 7, 9, 8, 56, 0]"
j10,1,stnu,600,True,39,0.709078311920166,0.00521087646484375,"[0, 0, 0, 0, 15, 7, 17, 7, 21, 22, 31, 0, 39]","""[0, 6, 6, 7, 6, 10, 5, 8, 7, 9, 8, 56, 0]"""
j10,1,proactive_robust,600,True,46,0.052518606185913086,0.0003094673156738281,"[0, 0, 0, 0, 18, 9, 19, 9, 28, 25, 37, 0, 56]","""[0, 5, 8, 6, 9, 8, 3, 9, 5, 6, 8, 56, 0]"""
j10,1,reactive,600,True,45,0.052518606185913086,0.13942885398864746,"[0, 0, 0, 0, 18, 9, 19, 9, 28, 25, 37, 0, 45]","[0, 5, 8, 6, 9, 8, 3, 9, 5, 6, 8, 56, 0]"
j10,1,stnu,600,True,39,0.7230179309844971,0.005235910415649414,"[0, 0, 0, 0, 17, 8, 16, 8, 26, 19, 31, 0, 39]","""[0, 5, 8, 6, 9, 8, 3, 9, 5, 6, 8, 56, 0]"""
j10,1,proactive_robust,600,True,46,0.053728342056274414,0.0003190040588378906,"[0, 0, 0, 0, 18, 9, 19, 9, 28, 25, 37, 0, 56]","""[0, 3, 9, 4, 9, 7, 6, 6, 8, 9, 5, 56, 0]"""
j10,1,reactive,600,True,42,0.053728342056274414,0.11515998840332031,"[0, 0, 0, 0, 18, 9, 19, 9, 28, 25, 37, 0, 42]","[0, 3, 9, 4, 9, 7, 6, 6, 8, 9, 5, 56, 0]"
j10,1,stnu,600,True,37,0.724663257598877,0.00525975227355957,"[0, 0, 0, 0, 15, 9, 16, 9, 24, 22, 32, 0, 37]","""[0, 3, 9, 4, 9, 7, 6, 6, 8, 9, 5, 56, 0]"""
j10,1,proactive_robust,600,True,46,0.05483555793762207,0.00030875205993652344,"[0, 0, 0, 0, 18, 9, 19, 9, 28, 25, 37, 0, 56]","""[0, 3, 9, 2, 10, 9, 6, 9, 5, 6, 7, 56, 0]"""
j10,1,reactive,600,True,44,0.05483555793762207,0.0874032974243164,"[0, 0, 0, 0, 18, 9, 19, 9, 28, 25, 37, 0, 44]","[0, 3, 9, 2, 10, 9, 6, 9, 5, 6, 7, 56, 0]"
j10,1,stnu,600,True,40,0.7235908508300781,0.005211830139160156,"[0, 0, 0, 0, 18, 9, 18, 9, 28, 24, 33, 0, 40]","""[0, 3, 9, 2, 10, 9, 6, 9, 5, 6, 7, 56, 0]"""
j10,1,proactive_robust,600,True,37,0.05480027198791504,0.0004246234893798828,"[0, 0, 0, 0, 9, 18, 25, 18, 25, 9, 29, 0, 0, 0, 72]","""[0, 3, 4, 4, 6, 7, 4, 4, 3, 3, 8, 72, 48, 27, 0]"""
j10,1,reactive,600,True,37,0.05480027198791504,0.1139073371887207,"[0, 0, 0, 0, 9, 18, 25, 18, 25, 9, 29, 0, 0, 0, 37]","[0, 3, 4, 4, 6, 7, 4, 4, 3, 3, 8, 72, 48, 27, 0]"
j10,1,stnu,600,True,29,0.7633523941040039,0.007906675338745117,"[0, 0, 0, 0, 4, 10, 17, 10, 17, 4, 21, 0, 0, 0, 29]","""[0, 3, 4, 4, 6, 7, 4, 4, 3, 3, 8, 72, 48, 27, 0]"""
j10,1,proactive_robust,600,True,37,0.055876731872558594,0.00043487548828125,"[0, 0, 0, 0, 9, 18, 25, 18, 25, 9, 29, 0, 0, 0, 72]","""[0, 2, 6, 3, 7, 3, 4, 6, 8, 3, 6, 72, 48, 27, 0]"""
j10,1,reactive,600,True,35,0.055876731872558594,0.11891865730285645,"[0, 0, 0, 0, 9, 18, 25, 18, 25, 9, 29, 0, 0, 0, 35]","[0, 2, 6, 3, 7, 3, 4, 6, 8, 3, 6, 72, 48, 27, 0]"
j10,1,stnu,600,True,27,0.8491218090057373,0.006856203079223633,"[0, 0, 0, 0, 6, 13, 16, 13, 19, 6, 20, 0, 0, 0, 27]","""[0, 2, 6, 3, 7, 3, 4, 6, 8, 3, 6, 72, 48, 27, 0]"""
j10,1,proactive_robust,600,True,37,0.05565357208251953,0.0004260540008544922,"[0, 0, 0, 0, 9, 18, 25, 18, 25, 9, 29, 0, 0, 0, 72]","""[0, 2, 9, 4, 5, 3, 4, 4, 3, 3, 8, 72, 48, 27, 0]"""
j10,1,reactive,600,True,33,0.05565357208251953,0.12407302856445312,"[0, 0, 0, 0, 9, 18, 21, 18, 22, 9, 25, 0, 0, 0, 33]","[0, 2, 9, 4, 5, 3, 4, 4, 3, 3, 8, 72, 48, 27, 0]"
j10,1,stnu,600,True,29,0.7267677783966064,0.0068395137786865234,"[0, 0, 0, 0, 9, 14, 17, 14, 18, 9, 21, 0, 0, 0, 29]","""[0, 2, 9, 4, 5, 3, 4, 4, 3, 3, 8, 72, 48, 27, 0]"""
j10,1,proactive_robust,600,True,37,0.05418658256530762,0.0004322528839111328,"[0, 0, 0, 0, 9, 18, 25, 18, 25, 9, 29, 0, 0, 0, 72]","""[0, 4, 9, 5, 7, 4, 2, 3, 8, 4, 6, 72, 48, 27, 0]"""
j10,1,reactive,600,True,35,0.05418658256530762,0.09717512130737305,"[0, 0, 0, 0, 9, 18, 25, 18, 25, 9, 29, 0, 0, 0, 35]","[0, 4, 9, 5, 7, 4, 2, 3, 8, 4, 6, 72, 48, 27, 0]"
j10,1,stnu,600,True,28,0.7383451461791992,0.006943941116333008,"[0, 0, 0, 0, 9, 16, 20, 16, 20, 9, 22, 0, 0, 0, 28]","""[0, 4, 9, 5, 7, 4, 2, 3, 8, 4, 6, 72, 48, 27, 0]"""
j10,1,proactive_robust,600,True,37,0.05534958839416504,0.0004253387451171875,"[0, 0, 0, 0, 9, 18, 25, 18, 25, 9, 29, 0, 0, 0, 72]","""[0, 6, 9, 5, 6, 6, 2, 4, 4, 3, 4, 72, 48, 27, 0]"""
j10,1,reactive,600,True,33,0.05534958839416504,0.10126566886901855,"[0, 0, 0, 0, 9, 18, 25, 18, 25, 9, 29, 0, 0, 0, 33]","[0, 6, 9, 5, 6, 6, 2, 4, 4, 3, 4, 72, 48, 27, 0]"
j10,1,stnu,600,True,27,1.0052697658538818,0.006918430328369141,"[0, 0, 0, 0, 9, 15, 21, 15, 21, 9, 23, 0, 0, 0, 27]","""[0, 6, 9, 5, 6, 6, 2, 4, 4, 3, 4, 72, 48, 27, 0]"""
j10,1,proactive_robust,600,True,37,0.054467201232910156,0.0004036426544189453,"[0, 0, 0, 0, 9, 18, 25, 18, 25, 9, 29, 0, 0, 0, 72]","""[0, 3, 4, 2, 6, 5, 1, 2, 5, 3, 4, 72, 48, 27, 0]"""
j10,1,reactive,600,True,33,0.054467201232910156,0.14952588081359863,"[0, 0, 0, 0, 9, 18, 25, 18, 25, 9, 29, 0, 0, 0, 33]","[0, 3, 4, 2, 6, 5, 1, 2, 5, 3, 4, 72, 48, 27, 0]"
j10,1,stnu,600,True,20,0.7536625862121582,0.006890535354614258,"[0, 0, 0, 0, 4, 10, 15, 10, 15, 4, 16, 0, 0, 0, 20]","""[0, 3, 4, 2, 6, 5, 1, 2, 5, 3, 4, 72, 48, 27, 0]"""
j10,1,proactive_robust,600,True,37,0.0565335750579834,0.0004093647003173828,"[0, 0, 0, 0, 9, 18, 25, 18, 25, 9, 29, 0, 0, 0, 72]","""[0, 2, 6, 2, 8, 3, 1, 6, 3, 3, 6, 72, 48, 27, 0]"""
j10,1,reactive,600,True,35,0.0565335750579834,0.14256596565246582,"[0, 0, 0, 0, 9, 18, 25, 18, 25, 9, 29, 0, 0, 0, 35]","[0, 2, 6, 2, 8, 3, 1, 6, 3, 3, 6, 72, 48, 27, 0]"
j10,1,stnu,600,True,26,0.8136887550354004,0.006906747817993164,"[0, 0, 0, 0, 6, 14, 17, 14, 20, 6, 20, 0, 0, 0, 26]","""[0, 2, 6, 2, 8, 3, 1, 6, 3, 3, 6, 72, 48, 27, 0]"""
j10,1,proactive_robust,600,True,37,0.05682945251464844,0.00041413307189941406,"[0, 0, 0, 0, 9, 18, 25, 18, 25, 9, 29, 0, 0, 0, 72]","""[0, 2, 9, 3, 7, 2, 1, 4, 4, 2, 4, 72, 48, 27, 0]"""
j10,1,reactive,600,True,33,0.05682945251464844,0.13167977333068848,"[0, 0, 0, 0, 9, 18, 25, 18, 25, 9, 29, 0, 0, 0, 33]","[0, 2, 9, 3, 7, 2, 1, 4, 4, 2, 4, 72, 48, 27, 0]"
j10,1,stnu,600,True,24,0.7521886825561523,0.006953239440917969,"[0, 0, 0, 0, 9, 16, 18, 16, 20, 9, 20, 0, 0, 0, 24]","""[0, 2, 9, 3, 7, 2, 1, 4, 4, 2, 4, 72, 48, 27, 0]"""
j10,1,proactive_robust,600,True,37,0.05460715293884277,0.00042438507080078125,"[0, 0, 0, 0, 9, 18, 25, 18, 25, 9, 29, 0, 0, 0, 72]","""[0, 5, 6, 3, 7, 4, 2, 4, 6, 1, 6, 72, 48, 27, 0]"""
j10,1,reactive,600,True,35,0.05460715293884277,0.14740729331970215,"[0, 0, 0, 0, 9, 18, 25, 18, 25, 9, 29, 0, 0, 0, 35]","[0, 5, 6, 3, 7, 4, 2, 4, 6, 1, 6, 72, 48, 27, 0]"
j10,1,stnu,600,True,25,0.7393133640289307,0.00692296028137207,"[0, 0, 0, 0, 6, 13, 17, 13, 17, 6, 19, 0, 0, 0, 25]","""[0, 5, 6, 3, 7, 4, 2, 4, 6, 1, 6, 72, 48, 27, 0]"""
j10,1,proactive_robust,600,True,37,0.0557706356048584,0.00043082237243652344,"[0, 0, 0, 0, 9, 18, 25, 18, 25, 9, 29, 0, 0, 0, 72]","""[0, 6, 5, 6, 8, 6, 1, 4, 6, 4, 7, 72, 48, 27, 0]"""
j10,1,reactive,600,True,36,0.0557706356048584,0.09045958518981934,"[0, 0, 0, 0, 9, 18, 25, 18, 25, 9, 29, 0, 0, 0, 36]","[0, 6, 5, 6, 8, 6, 1, 4, 6, 4, 7, 72, 48, 27, 0]"
j10,1,stnu,600,True,28,0.7280187606811523,0.006913900375366211,"[0, 0, 0, 0, 6, 14, 20, 14, 20, 6, 21, 0, 0, 0, 28]","""[0, 6, 5, 6, 8, 6, 1, 4, 6, 4, 7, 72, 48, 27, 0]"""
j10,1,proactive_robust,600,True,30,0.06166243553161621,0.000244140625,"[0, 0, 0, 3, 4, 15, 10, 22, 16, 16, 24, 0, 0, 30]","""[0, 1, 2, 12, 2, 7, 2, 1, 1, 7, 5, 10, 30, 0]"""
j10,1,reactive,600,True,29,0.06166243553161621,0.13892865180969238,"[0, 0, 0, 3, 4, 15, 10, 22, 16, 16, 24, 0, 0, 29]","[0, 1, 2, 12, 2, 7, 2, 1, 1, 7, 5, 10, 30, 0]"
j10,1,stnu,600,True,26,0.7352232933044434,0.006086111068725586,"[0, 0, 0, 1, 2, 13, 4, 20, 13, 13, 21, 0, 0, 26]","""[0, 1, 2, 12, 2, 7, 2, 1, 1, 7, 5, 10, 30, 0]"""
j10,1,proactive_robust,600,True,30,0.05957150459289551,0.0002467632293701172,"[0, 0, 0, 3, 4, 15, 10, 22, 16, 16, 24, 0, 0, 30]","""[0, 1, 2, 12, 4, 2, 4, 2, 3, 4, 5, 10, 30, 0]"""
j10,1,reactive,600,True,29,0.05957150459289551,0.14917254447937012,"[0, 0, 0, 3, 4, 15, 10, 22, 16, 16, 24, 0, 0, 29]","[0, 1, 2, 12, 4, 2, 4, 2, 3, 4, 5, 10, 30, 0]"
j10,1,stnu,600,True,23,0.7244589328765869,0.006098270416259766,"[0, 0, 0, 1, 2, 13, 6, 16, 13, 13, 18, 0, 0, 23]","""[0, 1, 2, 12, 4, 2, 4, 2, 3, 4, 5, 10, 30, 0]"""
j10,1,proactive_robust,600,True,30,0.06107640266418457,0.0002434253692626953,"[0, 0, 0, 3, 4, 15, 10, 22, 16, 16, 24, 0, 0, 30]","""[0, 1, 4, 7, 2, 5, 4, 2, 3, 6, 4, 10, 30, 0]"""
j10,1,reactive,600,True,28,0.06107640266418457,0.16030335426330566,"[0, 0, 0, 3, 4, 15, 10, 22, 16, 16, 24, 0, 0, 28]","[0, 1, 4, 7, 2, 5, 4, 2, 3, 6, 4, 10, 30, 0]"
j10,1,stnu,600,True,20,0.7354614734649658,0.006051063537597656,"[0, 0, 0, 1, 4, 8, 6, 13, 10, 10, 16, 0, 0, 20]","""[0, 1, 4, 7, 2, 5, 4, 2, 3, 6, 4, 10, 30, 0]"""
j10,1,proactive_robust,600,True,30,0.057871103286743164,0.00027298927307128906,"[0, 0, 0, 3, 4, 15, 10, 22, 16, 16, 24, 0, 0, 30]","""[0, 1, 4, 11, 5, 6, 6, 1, 4, 6, 6, 10, 30, 0]"""
j10,1,reactive,600,True,28,0.057871103286743164,0.10469508171081543,"[0, 0, 0, 3, 4, 15, 10, 21, 16, 16, 22, 0, 0, 28]","[0, 1, 4, 11, 5, 6, 6, 1, 4, 6, 6, 10, 30, 0]"
j10,1,stnu,600,True,27,0.7219536304473877,0.006083011627197266,"[0, 0, 0, 1, 4, 12, 9, 19, 15, 15, 21, 0, 0, 27]","""[0, 1, 4, 11, 5, 6, 6, 1, 4, 6, 6, 10, 30, 0]"""
j10,1,proactive_robust,600,True,30,0.058425188064575195,0.000247955322265625,"[0, 0, 0, 3, 4, 15, 10, 22, 16, 16, 24, 0, 0, 30]","""[0, 3, 2, 12, 4, 2, 4, 1, 2, 7, 3, 10, 30, 0]"""
j10,1,reactive,600,True,23,0.058425188064575195,0.128220796585083,"[0, 0, 0, 3, 4, 15, 10, 18, 16, 16, 19, 0, 0, 23]","[0, 3, 2, 12, 4, 2, 4, 1, 2, 7, 3, 10, 30, 0]"
j10,1,stnu,600,True,25,0.7521650791168213,0.006090879440307617,"[0, 0, 0, 3, 3, 15, 7, 17, 15, 15, 22, 0, 0, 25]","""[0, 3, 2, 12, 4, 2, 4, 1, 2, 7, 3, 10, 30, 0]"""
j10,1,proactive_robust,600,True,30,0.05681252479553223,0.0002541542053222656,"[0, 0, 0, 3, 4, 15, 10, 22, 16, 16, 24, 0, 0, 30]","""[0, 3, 3, 9, 6, 3, 2, 2, 2, 4, 4, 10, 30, 0]"""
j10,1,reactive,600,True,22,0.05681252479553223,0.14844012260437012,"[0, 0, 0, 3, 4, 15, 10, 12, 16, 16, 18, 0, 0, 22]","[0, 3, 3, 9, 6, 3, 2, 2, 2, 4, 4, 10, 30, 0]"
j10,1,stnu,600,True,21,0.7212252616882324,0.006107807159423828,"[0, 0, 0, 3, 3, 12, 9, 15, 12, 12, 17, 0, 0, 21]","""[0, 3, 3, 9, 6, 3, 2, 2, 2, 4, 4, 10, 30, 0]"""
j10,1,proactive_robust,600,True,30,0.05799126625061035,0.0002346038818359375,"[0, 0, 0, 3, 4, 15, 10, 22, 16, 16, 24, 0, 0, 30]","""[0, 2, 3, 7, 6, 7, 6, 1, 2, 2, 3, 10, 30, 0]"""
j10,1,reactive,600,True,27,0.05799126625061035,0.11758637428283691,"[0, 0, 0, 3, 4, 15, 10, 22, 16, 16, 24, 0, 0, 27]","[0, 2, 3, 7, 6, 7, 6, 1, 2, 2, 3, 10, 30, 0]"
j10,1,stnu,600,True,21,0.8523714542388916,0.006058692932128906,"[0, 0, 0, 2, 3, 9, 9, 17, 15, 15, 18, 0, 0, 21]","""[0, 2, 3, 7, 6, 7, 6, 1, 2, 2, 3, 10, 30, 0]"""
j10,1,proactive_robust,600,True,30,0.05867791175842285,0.00024509429931640625,"[0, 0, 0, 3, 4, 15, 10, 22, 16, 16, 24, 0, 0, 30]","""[0, 3, 3, 11, 2, 2, 4, 1, 2, 3, 3, 10, 30, 0]"""
j10,1,reactive,600,True,20,0.05867791175842285,0.17485737800598145,"[0, 0, 0, 3, 4, 15, 10, 14, 16, 16, 17, 0, 0, 20]","[0, 3, 3, 11, 2, 2, 4, 1, 2, 3, 3, 10, 30, 0]"
j10,1,stnu,600,True,20,0.73476243019104,0.006062746047973633,"[0, 0, 0, 3, 3, 14, 5, 16, 14, 14, 17, 0, 0, 20]","""[0, 3, 3, 11, 2, 2, 4, 1, 2, 3, 3, 10, 30, 0]"""
j10,1,proactive_robust,600,True,30,0.059908390045166016,0.0002448558807373047,"[0, 0, 0, 3, 4, 15, 10, 22, 16, 16, 24, 0, 0, 30]","""[0, 3, 4, 7, 4, 5, 3, 2, 1, 6, 4, 10, 30, 0]"""
j10,1,reactive,600,True,28,0.059908390045166016,0.12717747688293457,"[0, 0, 0, 3, 4, 15, 10, 22, 16, 16, 24, 0, 0, 28]","[0, 3, 4, 7, 4, 5, 3, 2, 1, 6, 4, 10, 30, 0]"
j10,1,stnu,600,True,21,0.7280595302581787,0.006094932556152344,"[0, 0, 0, 3, 4, 10, 8, 15, 11, 11, 17, 0, 0, 21]","""[0, 3, 4, 7, 4, 5, 3, 2, 1, 6, 4, 10, 30, 0]"""
j10,1,proactive_robust,600,True,30,0.061037302017211914,0.00024056434631347656,"[0, 0, 0, 3, 4, 15, 10, 22, 16, 16, 24, 0, 0, 30]","""[0, 3, 4, 11, 4, 4, 6, 1, 1, 7, 4, 10, 30, 0]"""
j10,1,reactive,600,True,27,0.061037302017211914,0.08738899230957031,"[0, 0, 0, 3, 4, 15, 10, 22, 16, 16, 23, 0, 0, 27]","[0, 3, 4, 11, 4, 4, 6, 1, 1, 7, 4, 10, 30, 0]"
j10,1,stnu,600,True,25,0.78389573097229,0.006078481674194336,"[0, 0, 0, 3, 4, 14, 8, 18, 14, 14, 21, 0, 0, 25]","""[0, 3, 4, 11, 4, 4, 6, 1, 1, 7, 4, 10, 30, 0]"""
j10,1,proactive_robust,600,True,32,0.05752849578857422,0.00046563148498535156,"[0, 0, 0, 0, 6, 16, 16, 16, 24, 24, 24, 0, 0, 0, 0, 66]","""[0, 1, 1, 5, 9, 6, 3, 8, 2, 5, 5, 31, 39, 66, 37, 0]"""
j10,1,reactive,600,True,29,0.05752849578857422,0.11749029159545898,"[0, 0, 0, 0, 6, 16, 16, 16, 24, 24, 24, 0, 0, 0, 0, 29]","[0, 1, 1, 5, 9, 6, 3, 8, 2, 5, 5, 31, 39, 66, 37, 0]"
j10,1,stnu,600,True,27,0.7473700046539307,0.007495403289794922,"[0, 0, 0, 0, 5, 14, 14, 14, 22, 22, 22, 0, 0, 0, 0, 27]","""[0, 1, 1, 5, 9, 6, 3, 8, 2, 5, 5, 31, 39, 66, 37, 0]"""
j10,1,proactive_robust,600,True,32,0.05416154861450195,0.00045752525329589844,"[0, 0, 0, 0, 6, 16, 16, 16, 24, 24, 24, 0, 0, 0, 0, 66]","""[0, 2, 3, 4, 6, 5, 7, 5, 1, 5, 3, 31, 39, 66, 37, 0]"""
j10,1,reactive,600,True,29,0.05416154861450195,0.10834383964538574,"[0, 0, 0, 0, 6, 16, 16, 16, 24, 24, 24, 0, 0, 0, 0, 29]","[0, 2, 3, 4, 6, 5, 7, 5, 1, 5, 3, 31, 39, 66, 37, 0]"
j10,1,stnu,600,True,22,0.7487220764160156,0.007572174072265625,"[0, 0, 0, 0, 4, 10, 10, 10, 17, 17, 17, 0, 0, 0, 0, 22]","""[0, 2, 3, 4, 6, 5, 7, 5, 1, 5, 3, 31, 39, 66, 37, 0]"""
j10,1,proactive_robust,600,True,32,0.05531167984008789,0.0004723072052001953,"[0, 0, 0, 0, 6, 16, 16, 16, 24, 24, 24, 0, 0, 0, 0, 66]","""[0, 2, 2, 5, 7, 2, 7, 6, 2, 8, 4, 31, 39, 66, 37, 0]"""
j10,1,reactive,600,True,32,0.05531167984008789,0.10686016082763672,"[0, 0, 0, 0, 6, 16, 16, 16, 24, 24, 24, 0, 0, 0, 0, 32]","[0, 2, 2, 5, 7, 2, 7, 6, 2, 8, 4, 31, 39, 66, 37, 0]"
j10,1,stnu,600,True,27,0.7337713241577148,0.0075190067291259766,"[0, 0, 0, 0, 5, 12, 12, 12, 19, 19, 19, 0, 0, 0, 0, 27]","""[0, 2, 2, 5, 7, 2, 7, 6, 2, 8, 4, 31, 39, 66, 37, 0]"""
j10,1,proactive_robust,600,True,32,0.05497241020202637,0.0004646778106689453,"[0, 0, 0, 0, 6, 16, 16, 16, 24, 24, 24, 0, 0, 0, 0, 66]","""[0, 1, 1, 3, 9, 3, 3, 4, 1, 6, 8, 31, 39, 66, 37, 0]"""
j10,1,reactive,600,True,32,0.05497241020202637,0.1259782314300537,"[0, 0, 0, 0, 6, 16, 16, 16, 24, 24, 24, 0, 0, 0, 0, 32]","[0, 1, 1, 3, 9, 3, 3, 4, 1, 6, 8, 31, 39, 66, 37, 0]"
j10,1,stnu,600,True,24,0.7327313423156738,0.007491588592529297,"[0, 0, 0, 0, 3, 12, 12, 12, 16, 16, 16, 0, 0, 0, 0, 24]","""[0, 1, 1, 3, 9, 3, 3, 4, 1, 6, 8, 31, 39, 66, 37, 0]"""
j10,1,proactive_robust,600,True,32,0.05798006057739258,0.0004961490631103516,"[0, 0, 0, 0, 6, 16, 16, 16, 24, 24, 24, 0, 0, 0, 0, 66]","""[0, 2, 1, 4, 10, 7, 7, 5, 1, 7, 7, 31, 39, 66, 37, 0]"""
j10,1,reactive,600,True,31,0.05798006057739258,0.0874319076538086,"[0, 0, 0, 0, 6, 16, 16, 16, 24, 24, 24, 0, 0, 0, 0, 31]","[0, 2, 1, 4, 10, 7, 7, 5, 1, 7, 7, 31, 39, 66, 37, 0]"
j10,1,stnu,600,True,28,0.8393943309783936,0.0074732303619384766,"[0, 0, 0, 0, 4, 14, 14, 14, 21, 21, 21, 0, 0, 0, 0, 28]","""[0, 2, 1, 4, 10, 7, 7, 5, 1, 7, 7, 31, 39, 66, 37, 0]"""
j10,1,proactive_robust,600,True,32,0.05566120147705078,0.0004611015319824219,"[0, 0, 0, 0, 6, 16, 16, 16, 24, 24, 24, 0, 0, 0, 0, 66]","""[0, 2, 3, 5, 6, 5, 7, 5, 1, 3, 3, 31, 39, 66, 37, 0]"""
j10,1,reactive,600,True,27,0.05566120147705078,0.11693906784057617,"[0, 0, 0, 0, 6, 16, 16, 16, 24, 24, 24, 0, 0, 0, 0, 27]","[0, 2, 3, 5, 6, 5, 7, 5, 1, 3, 3, 31, 39, 66, 37, 0]"
j10,1,stnu,600,True,21,0.7319152355194092,0.007519960403442383,"[0, 0, 0, 0, 5, 11, 11, 11, 18, 18, 18, 0, 0, 0, 0, 21]","""[0, 2, 3, 5, 6, 5, 7, 5, 1, 3, 3, 31, 39, 66, 37, 0]"""
j10,1,proactive_robust,600,True,32,0.05309867858886719,0.000457763671875,"[0, 0, 0, 0, 6, 16, 16, 16, 24, 24, 24, 0, 0, 0, 0, 66]","""[0, 1, 4, 5, 6, 4, 4, 8, 2, 4, 3, 31, 39, 66, 37, 0]"""
j10,1,reactive,600,True,28,0.05309867858886719,0.11800646781921387,"[0, 0, 0, 0, 6, 16, 16, 16, 24, 24, 24, 0, 0, 0, 0, 28]","[0, 1, 4, 5, 6, 4, 4, 8, 2, 4, 3, 31, 39, 66, 37, 0]"
j10,1,stnu,600,True,23,0.7439215183258057,0.007608652114868164,"[0, 0, 0, 0, 5, 11, 11, 11, 19, 19, 19, 0, 0, 0, 0, 23]","""[0, 1, 4, 5, 6, 4, 4, 8, 2, 4, 3, 31, 39, 66, 37, 0]"""
j10,1,proactive_robust,600,True,32,0.05552816390991211,0.00047659873962402344,"[0, 0, 0, 0, 6, 16, 16, 16, 24, 24, 24, 0, 0, 0, 0, 66]","""[0, 2, 2, 3, 10, 2, 8, 8, 2, 4, 8, 31, 39, 66, 37, 0]"""
j10,1,reactive,600,True,32,0.05552816390991211,0.06734657287597656,"[0, 0, 0, 0, 6, 16, 16, 16, 24, 24, 24, 0, 0, 0, 0, 32]","[0, 2, 2, 3, 10, 2, 8, 8, 2, 4, 8, 31, 39, 66, 37, 0]"
j10,1,stnu,600,True,29,0.7695941925048828,0.007500886917114258,"[0, 0, 0, 0, 3, 13, 13, 13, 21, 21, 21, 0, 0, 0, 0, 29]","""[0, 2, 2, 3, 10, 2, 8, 8, 2, 4, 8, 31, 39, 66, 37, 0]"""
j10,1,proactive_robust,600,True,32,0.056241750717163086,0.00047087669372558594,"[0, 0, 0, 0, 6, 16, 16, 16, 24, 24, 24, 0, 0, 0, 0, 66]","""[0, 2, 3, 2, 10, 3, 8, 3, 2, 8, 5, 31, 39, 66, 37, 0]"""
j10,1,reactive,600,True,32,0.056241750717163086,0.0710151195526123,"[0, 0, 0, 0, 6, 16, 16, 16, 24, 24, 24, 0, 0, 0, 0, 32]","[0, 2, 3, 2, 10, 3, 8, 3, 2, 8, 5, 31, 39, 66, 37, 0]"
j10,1,stnu,600,True,28,0.7497961521148682,0.007474660873413086,"[0, 0, 0, 0, 2, 12, 12, 12, 20, 20, 20, 0, 0, 0, 0, 28]","""[0, 2, 3, 2, 10, 3, 8, 3, 2, 8, 5, 31, 39, 66, 37, 0]"""
j10,1,proactive_robust,600,True,32,0.05512809753417969,0.00048804283142089844,"[0, 0, 0, 0, 6, 16, 16, 16, 24, 24, 24, 0, 0, 0, 0, 66]","""[0, 2, 4, 3, 8, 6, 8, 7, 1, 6, 3, 31, 39, 66, 37, 0]"""
j10,1,reactive,600,True,30,0.05512809753417969,0.08954858779907227,"[0, 0, 0, 0, 6, 16, 16, 16, 24, 24, 24, 0, 0, 0, 0, 30]","[0, 2, 4, 3, 8, 6, 8, 7, 1, 6, 3, 31, 39, 66, 37, 0]"
j10,1,stnu,600,True,25,0.7706968784332275,0.007617473602294922,"[0, 0, 0, 0, 3, 11, 11, 11, 19, 19, 19, 0, 0, 0, 0, 25]","""[0, 2, 4, 3, 8, 6, 8, 7, 1, 6, 3, 31, 39, 66, 37, 0]"""
j20,1,proactive_robust,600,True,80,0.09612083435058594,0.0005865097045898438,"[0, 0, 0, 0, 12, 22, 10, 21, 25, 10, 28, 40, 46, 34, 46, 56, 63, 63, 56, 76, 63, 0, 0, 117]","""[0, 5, 2, 7, 4, 3, 1, 4, 4, 6, 8, 6, 3, 5, 10, 5, 13, 3, 2, 4, 3, 117, 51, 0]"""
j20,1,reactive,600,True,80,0.09612083435058594,0.38025498390197754,"[0, 0, 0, 0, 12, 22, 10, 21, 25, 10, 28, 40, 46, 34, 46, 56, 63, 63, 56, 76, 63, 0, 0, 80]","[0, 5, 2, 7, 4, 3, 1, 4, 4, 6, 8, 6, 3, 5, 10, 5, 13, 3, 2, 4, 3, 117, 51, 0]"
j20,1,stnu,600,True,62,0.9132635593414307,0.02327275276184082,"[0, 0, 0, 0, 8, 13, 7, 12, 16, 7, 16, 24, 30, 20, 30, 40, 45, 45, 40, 58, 45, 0, 0, 62]","""[0, 5, 2, 7, 4, 3, 1, 4, 4, 6, 8, 6, 3, 5, 10, 5, 13, 3, 2, 4, 3, 117, 51, 0]"""
j20,1,proactive_robust,600,True,80,0.09405755996704102,0.0005855560302734375,"[0, 0, 0, 0, 12, 22, 10, 21, 25, 10, 28, 40, 46, 34, 46, 56, 63, 63, 56, 76, 63, 0, 0, 117]","""[0, 6, 5, 6, 6, 5, 1, 2, 5, 10, 6, 6, 2, 8, 5, 5, 6, 3, 6, 2, 2, 117, 51, 0]"""
j20,1,reactive,600,True,71,0.09405755996704102,0.453294038772583,"[0, 0, 0, 0, 12, 22, 10, 21, 25, 10, 28, 40, 46, 34, 46, 56, 63, 63, 56, 69, 63, 0, 0, 71]","[0, 6, 5, 6, 6, 5, 1, 2, 5, 10, 6, 6, 2, 8, 5, 5, 6, 3, 6, 2, 2, 117, 51, 0]"
j20,1,stnu,600,True,52,0.8871889114379883,0.02350449562072754,"[0, 0, 0, 0, 7, 16, 6, 13, 15, 6, 21, 27, 33, 21, 33, 38, 44, 44, 38, 50, 44, 0, 0, 52]","""[0, 6, 5, 6, 6, 5, 1, 2, 5, 10, 6, 6, 2, 8, 5, 5, 6, 3, 6, 2, 2, 117, 51, 0]"""
j20,1,proactive_robust,600,True,80,0.09064698219299316,0.0005867481231689453,"[0, 0, 0, 0, 12, 22, 10, 21, 25, 10, 28, 40, 46, 34, 46, 56, 63, 63, 56, 76, 63, 0, 0, 117]","""[0, 6, 4, 8, 9, 2, 1, 2, 6, 8, 7, 5, 5, 5, 7, 7, 11, 2, 4, 1, 5, 117, 51, 0]"""
j20,1,reactive,600,True,75,0.09064698219299316,0.4405364990234375,"[0, 0, 0, 0, 12, 22, 10, 21, 25, 10, 28, 40, 46, 34, 46, 56, 63, 63, 56, 74, 63, 0, 0, 75]","[0, 6, 4, 8, 9, 2, 1, 2, 6, 8, 7, 5, 5, 5, 7, 7, 11, 2, 4, 1, 5, 117, 51, 0]"
j20,1,stnu,600,True,58,0.9153685569763184,0.023482322692871094,"[0, 0, 0, 0, 9, 18, 8, 18, 20, 8, 20, 27, 32, 26, 32, 39, 46, 46, 39, 57, 46, 0, 0, 58]","""[0, 6, 4, 8, 9, 2, 1, 2, 6, 8, 7, 5, 5, 5, 7, 7, 11, 2, 4, 1, 5, 117, 51, 0]"""
j20,1,proactive_robust,600,True,80,0.09357166290283203,0.0006003379821777344,"[0, 0, 0, 0, 12, 22, 10, 21, 25, 10, 28, 40, 46, 34, 46, 56, 63, 63, 56, 76, 63, 0, 0, 117]","""[0, 5, 2, 10, 5, 2, 2, 3, 5, 12, 10, 6, 4, 6, 9, 7, 12, 1, 4, 2, 3, 117, 51, 0]"""
j20,1,reactive,600,True,78,0.09357166290283203,0.35613465309143066,"[0, 0, 0, 0, 12, 22, 10, 21, 25, 10, 28, 40, 46, 34, 46, 56, 63, 63, 56, 76, 63, 0, 0, 78]","[0, 5, 2, 10, 5, 2, 2, 3, 5, 12, 10, 6, 4, 6, 9, 7, 12, 1, 4, 2, 3, 117, 51, 0]"
j20,1,stnu,600,True,70,0.9597103595733643,0.023543834686279297,"[0, 0, 0, 0, 12, 22, 10, 17, 20, 10, 24, 34, 40, 25, 40, 49, 56, 56, 49, 68, 56, 0, 0, 70]","""[0, 5, 2, 10, 5, 2, 2, 3, 5, 12, 10, 6, 4, 6, 9, 7, 12, 1, 4, 2, 3, 117, 51, 0]"""
j20,1,proactive_robust,600,True,80,0.17094850540161133,0.0005855560302734375,"[0, 0, 0, 0, 12, 22, 10, 21, 25, 10, 28, 40, 46, 34, 46, 56, 63, 63, 56, 76, 63, 0, 0, 117]","""[0, 10, 2, 5, 6, 3, 2, 4, 9, 8, 8, 4, 6, 7, 5, 3, 7, 2, 3, 2, 4, 117, 51, 0]"""
j20,1,reactive,600,True,72,0.17094850540161133,0.3552231788635254,"[0, 0, 0, 0, 12, 22, 10, 21, 25, 10, 28, 40, 46, 34, 46, 56, 63, 63, 56, 70, 63, 0, 0, 72]","[0, 10, 2, 5, 6, 3, 2, 4, 9, 8, 8, 4, 6, 7, 5, 3, 7, 2, 3, 2, 4, 117, 51, 0]"
j20,1,stnu,600,True,56,0.901369571685791,0.023396015167236328,"[0, 0, 0, 0, 12, 18, 10, 18, 22, 10, 22, 30, 38, 31, 38, 44, 47, 47, 44, 54, 47, 0, 0, 56]","""[0, 10, 2, 5, 6, 3, 2, 4, 9, 8, 8, 4, 6, 7, 5, 3, 7, 2, 3, 2, 4, 117, 51, 0]"""
j20,1,proactive_robust,600,True,80,0.09048795700073242,0.0006182193756103516,"[0, 0, 0, 0, 12, 22, 10, 21, 25, 10, 28, 40, 46, 34, 46, 56, 63, 63, 56, 76, 63, 0, 0, 117]","""[0, 8, 3, 9, 7, 4, 2, 2, 7, 11, 12, 3, 6, 5, 10, 2, 12, 3, 6, 4, 2, 117, 51, 0]"""
j20,1,reactive,600,True,79,0.09048795700073242,0.33145594596862793,"[0, 0, 0, 0, 12, 22, 10, 21, 25, 10, 28, 40, 46, 34, 46, 56, 63, 63, 56, 75, 63, 0, 0, 79]","[0, 8, 3, 9, 7, 4, 2, 2, 7, 11, 12, 3, 6, 5, 10, 2, 12, 3, 6, 4, 2, 117, 51, 0]"
j20,1,stnu,600,True,71,0.9082508087158203,0.023337125778198242,"[0, 0, 0, 0, 11, 20, 9, 18, 20, 9, 24, 36, 39, 27, 39, 49, 55, 55, 49, 67, 55, 0, 0, 71]","""[0, 8, 3, 9, 7, 4, 2, 2, 7, 11, 12, 3, 6, 5, 10, 2, 12, 3, 6, 4, 2, 117, 51, 0]"""
j20,1,proactive_robust,600,True,80,0.09153079986572266,0.0005974769592285156,"[0, 0, 0, 0, 12, 22, 10, 21, 25, 10, 28, 40, 46, 34, 46, 56, 63, 63, 56, 76, 63, 0, 0, 117]","""[0, 9, 3, 6, 9, 5, 1, 2, 7, 11, 7, 3, 3, 9, 9, 7, 12, 1, 6, 1, 2, 117, 51, 0]"""
j20,1,reactive,600,True,76,0.09153079986572266,0.4267585277557373,"[0, 0, 0, 0, 12, 22, 10, 21, 25, 10, 28, 40, 46, 34, 46, 56, 63, 63, 56, 75, 63, 0, 0, 76]","[0, 9, 3, 6, 9, 5, 1, 2, 7, 11, 7, 3, 3, 9, 9, 7, 12, 1, 6, 1, 2, 117, 51, 0]"
j20,1,stnu,600,True,66,0.8958337306976318,0.023664474487304688,"[0, 0, 0, 0, 10, 20, 9, 19, 21, 9, 25, 32, 37, 28, 37, 46, 53, 53, 46, 65, 53, 0, 0, 66]","""[0, 9, 3, 6, 9, 5, 1, 2, 7, 11, 7, 3, 3, 9, 9, 7, 12, 1, 6, 1, 2, 117, 51, 0]"""
j20,1,proactive_robust,600,True,80,0.09335160255432129,0.0006127357482910156,"[0, 0, 0, 0, 12, 22, 10, 21, 25, 10, 28, 40, 46, 34, 46, 56, 63, 63, 56, 76, 63, 0, 0, 117]","""[0, 7, 5, 5, 9, 6, 2, 4, 4, 11, 7, 4, 5, 7, 10, 4, 10, 2, 2, 3, 6, 117, 51, 0]"""
j20,1,reactive,600,True,76,0.09335160255432129,0.33977270126342773,"[0, 0, 0, 0, 12, 22, 10, 21, 25, 10, 28, 40, 46, 34, 46, 56, 63, 63, 56, 73, 63, 0, 0, 76]","[0, 7, 5, 5, 9, 6, 2, 4, 4, 11, 7, 4, 5, 7, 10, 4, 10, 2, 2, 3, 6, 117, 51, 0]"
j20,1,stnu,600,True,62,0.8941941261291504,0.023463726043701172,"[0, 0, 0, 0, 9, 18, 7, 18, 22, 7, 24, 31, 35, 26, 35, 45, 49, 49, 45, 59, 49, 0, 0, 62]","""[0, 7, 5, 5, 9, 6, 2, 4, 4, 11, 7, 4, 5, 7, 10, 4, 10, 2, 2, 3, 6, 117, 51, 0]"""
j20,1,proactive_robust,600,True,80,0.09934186935424805,0.0006060600280761719,"[0, 0, 0, 0, 12, 22, 10, 21, 25, 10, 28, 40, 46, 34, 46, 56, 63, 63, 56, 76, 63, 0, 0, 117]","""[0, 9, 6, 5, 7, 2, 1, 1, 6, 12, 11, 2, 4, 10, 7, 5, 11, 2, 3, 3, 3, 117, 51, 0]"""
j20,1,reactive,600,True,79,0.09934186935424805,0.3958613872528076,"[0, 0, 0, 0, 12, 22, 10, 21, 25, 10, 28, 40, 46, 34, 46, 56, 63, 63, 56, 76, 63, 0, 0, 79]","[0, 9, 6, 5, 7, 2, 1, 1, 6, 12, 11, 2, 4, 10, 7, 5, 11, 2, 3, 3, 3, 117, 51, 0]"
j20,1,stnu,600,True,62,0.9030170440673828,0.02342510223388672,"[0, 0, 0, 0, 10, 21, 9, 17, 18, 9, 23, 34, 36, 24, 36, 43, 48, 48, 43, 59, 48, 0, 0, 62]","""[0, 9, 6, 5, 7, 2, 1, 1, 6, 12, 11, 2, 4, 10, 7, 5, 11, 2, 3, 3, 3, 117, 51, 0]"""
j20,1,proactive_robust,600,True,80,0.09452176094055176,0.0005807876586914062,"[0, 0, 0, 0, 12, 22, 10, 21, 25, 10, 28, 40, 46, 34, 46, 56, 63, 63, 56, 76, 63, 0, 0, 117]","""[0, 6, 2, 9, 5, 5, 2, 1, 6, 12, 8, 5, 3, 6, 7, 5, 6, 1, 4, 2, 6, 117, 51, 0]"""
j20,1,reactive,600,True,71,0.09452176094055176,0.4057168960571289,"[0, 0, 0, 0, 12, 22, 10, 21, 25, 10, 28, 40, 46, 34, 46, 56, 63, 63, 56, 69, 63, 0, 0, 71]","[0, 6, 2, 9, 5, 5, 2, 1, 6, 12, 8, 5, 3, 6, 7, 5, 6, 1, 4, 2, 6, 117, 51, 0]"
j20,1,stnu,600,True,59,0.8965349197387695,0.02376580238342285,"[0, 0, 0, 0, 11, 21, 9, 16, 17, 9, 26, 34, 39, 26, 39, 46, 51, 51, 46, 57, 51, 0, 0, 59]","""[0, 6, 2, 9, 5, 5, 2, 1, 6, 12, 8, 5, 3, 6, 7, 5, 6, 1, 4, 2, 6, 117, 51, 0]"""
j20,1,proactive_robust,600,True,47,0.09406805038452148,0.0013828277587890625,"[0, 0, 0, 0, 7, 4, 7, 4, 10, 14, 14, 10, 22, 24, 10, 22, 28, 28, 40, 40, 19, 0, 0, 0, 0, 0, 0, 0, 158]","""[0, 3, 5, 6, 5, 6, 3, 4, 5, 7, 7, 9, 3, 4, 12, 7, 8, 6, 3, 4, 4, 5, 33, 158, 128, 84, 96, 156, 0]"""
j20,1,reactive,600,True,40,0.09406805038452148,0.3148159980773926,"[0, 0, 0, 0, 7, 4, 7, 4, 10, 14, 14, 10, 22, 24, 10, 22, 28, 28, 36, 36, 19, 0, 0, 0, 0, 0, 0, 0, 40]","[0, 3, 5, 6, 5, 6, 3, 4, 5, 7, 7, 9, 3, 4, 12, 7, 8, 6, 3, 4, 4, 5, 33, 158, 128, 84, 96, 156, 0]"
j20,1,stnu,600,True,37,0.9116435050964355,0.0296480655670166,"[0, 0, 0, 0, 5, 3, 5, 3, 8, 10, 10, 8, 20, 21, 8, 20, 25, 25, 33, 33, 17, 0, 0, 0, 0, 0, 0, 0, 37]","""[0, 3, 5, 6, 5, 6, 3, 4, 5, 7, 7, 9, 3, 4, 12, 7, 8, 6, 3, 4, 4, 5, 33, 158, 128, 84, 96, 156, 0]"""
j20,1,proactive_robust,600,True,47,0.09113860130310059,0.0013628005981445312,"[0, 0, 0, 0, 7, 4, 7, 4, 10, 14, 14, 10, 22, 24, 10, 22, 28, 28, 40, 40, 19, 0, 0, 0, 0, 0, 0, 0, 158]","""[0, 3, 3, 4, 6, 5, 2, 3, 5, 4, 10, 4, 5, 3, 10, 7, 12, 3, 3, 6, 1, 5, 33, 158, 128, 84, 96, 156, 0]"""
j20,1,reactive,600,True,46,0.09113860130310059,0.37506604194641113,"[0, 0, 0, 0, 7, 4, 7, 4, 10, 14, 14, 10, 22, 24, 10, 22, 28, 28, 40, 40, 19, 0, 0, 0, 0, 0, 0, 0, 46]","[0, 3, 3, 4, 6, 5, 2, 3, 5, 4, 10, 4, 5, 3, 10, 7, 12, 3, 3, 6, 1, 5, 33, 158, 128, 84, 96, 156, 0]"
j20,1,stnu,600,True,40,0.8995771408081055,0.030112266540527344,"[0, 0, 0, 0, 3, 3, 3, 3, 6, 9, 9, 6, 16, 19, 6, 16, 22, 22, 34, 34, 11, 0, 0, 0, 0, 0, 0, 0, 40]","""[0, 3, 3, 4, 6, 5, 2, 3, 5, 4, 10, 4, 5, 3, 10, 7, 12, 3, 3, 6, 1, 5, 33, 158, 128, 84, 96, 156, 0]"""
j20,1,proactive_robust,600,True,47,0.0925588607788086,0.0014009475708007812,"[0, 0, 0, 0, 7, 4, 7, 4, 10, 14, 14, 10, 22, 24, 10, 22, 28, 28, 40, 40, 19, 0, 0, 0, 0, 0, 0, 0, 158]","""[0, 1, 3, 6, 7, 9, 1, 6, 6, 6, 8, 4, 6, 2, 9, 5, 6, 7, 3, 3, 2, 5, 33, 158, 128, 84, 96, 156, 0]"""
j20,1,reactive,600,True,38,0.0925588607788086,0.33359408378601074,"[0, 0, 0, 0, 7, 4, 7, 4, 10, 14, 14, 10, 22, 24, 10, 22, 28, 28, 34, 35, 19, 0, 0, 0, 0, 0, 0, 0, 38]","[0, 1, 3, 6, 7, 9, 1, 6, 6, 6, 8, 4, 6, 2, 9, 5, 6, 7, 3, 3, 2, 5, 33, 158, 128, 84, 96, 156, 0]"
j20,1,stnu,600,True,30,1.0332069396972656,0.030292510986328125,"[0, 0, 0, 0, 3, 1, 3, 1, 7, 10, 10, 7, 16, 18, 7, 16, 20, 20, 26, 27, 13, 0, 0, 0, 0, 0, 0, 0, 30]","""[0, 1, 3, 6, 7, 9, 1, 6, 6, 6, 8, 4, 6, 2, 9, 5, 6, 7, 3, 3, 2, 5, 33, 158, 128, 84, 96, 156, 0]"""
j20,1,proactive_robust,600,True,47,0.09535956382751465,0.0014064311981201172,"[0, 0, 0, 0, 7, 4, 7, 4, 10, 14, 14, 10, 22, 24, 10, 22, 28, 28, 40, 40, 19, 0, 0, 0, 0, 0, 0, 0, 158]","""[0, 3, 4, 8, 4, 8, 2, 2, 6, 5, 8, 7, 8, 2, 10, 3, 9, 5, 2, 6, 3, 5, 33, 158, 128, 84, 96, 156, 0]"""
j20,1,reactive,600,True,46,0.09535956382751465,0.37695956230163574,"[0, 0, 0, 0, 7, 4, 7, 4, 10, 14, 14, 10, 22, 24, 10, 22, 28, 28, 40, 40, 19, 0, 0, 0, 0, 0, 0, 0, 46]","[0, 3, 4, 8, 4, 8, 2, 2, 6, 5, 8, 7, 8, 2, 10, 3, 9, 5, 2, 6, 3, 5, 33, 158, 128, 84, 96, 156, 0]"
j20,1,stnu,600,True,36,1.065195083618164,0.030071020126342773,"[0, 0, 0, 0, 4, 3, 4, 3, 8, 11, 11, 8, 16, 19, 6, 16, 21, 21, 30, 30, 15, 0, 0, 0, 0, 0, 0, 0, 36]","""[0, 3, 4, 8, 4, 8, 2, 2, 6, 5, 8, 7, 8, 2, 10, 3, 9, 5, 2, 6, 3, 5, 33, 158, 128, 84, 96, 156, 0]"""
j20,1,proactive_robust,600,True,47,0.0960855484008789,0.0013899803161621094,"[0, 0, 0, 0, 7, 4, 7, 4, 10, 14, 14, 10, 22, 24, 10, 22, 28, 28, 40, 40, 19, 0, 0, 0, 0, 0, 0, 0, 158]","""[0, 4, 2, 4, 2, 7, 3, 6, 6, 3, 9, 5, 5, 1, 7, 5, 9, 6, 2, 6, 1, 5, 33, 158, 128, 84, 96, 156, 0]"""
j20,1,reactive,600,True,46,0.0960855484008789,0.5016944408416748,"[0, 0, 0, 0, 7, 4, 7, 4, 10, 14, 14, 10, 22, 24, 10, 22, 28, 28, 40, 40, 19, 0, 0, 0, 0, 0, 0, 0, 46]","[0, 4, 2, 4, 2, 7, 3, 6, 6, 3, 9, 5, 5, 1, 7, 5, 9, 6, 2, 6, 1, 5, 33, 158, 128, 84, 96, 156, 0]"
j20,1,stnu,600,True,36,0.888434886932373,0.02974700927734375,"[0, 0, 0, 0, 4, 4, 4, 4, 10, 11, 11, 10, 17, 20, 10, 17, 21, 21, 30, 30, 16, 0, 0, 0, 0, 0, 0, 0, 36]","""[0, 4, 2, 4, 2, 7, 3, 6, 6, 3, 9, 5, 5, 1, 7, 5, 9, 6, 2, 6, 1, 5, 33, 158, 128, 84, 96, 156, 0]"""
j20,1,proactive_robust,600,True,47,0.09004974365234375,0.0013608932495117188,"[0, 0, 0, 0, 7, 4, 7, 4, 10, 14, 14, 10, 22, 24, 10, 22, 28, 28, 40, 40, 19, 0, 0, 0, 0, 0, 0, 0, 158]","""[0, 4, 5, 3, 7, 8, 3, 2, 2, 5, 10, 4, 7, 1, 9, 3, 8, 5, 3, 2, 2, 5, 33, 158, 128, 84, 96, 156, 0]"""
j20,1,reactive,600,True,39,0.09004974365234375,0.3520643711090088,"[0, 0, 0, 0, 7, 4, 7, 4, 10, 14, 14, 10, 22, 24, 10, 22, 28, 28, 36, 36, 19, 0, 0, 0, 0, 0, 0, 0, 39]","[0, 4, 5, 3, 7, 8, 3, 2, 2, 5, 10, 4, 7, 1, 9, 3, 8, 5, 3, 2, 2, 5, 33, 158, 128, 84, 96, 156, 0]"
j20,1,stnu,600,True,34,0.9314141273498535,0.029860496520996094,"[0, 0, 0, 0, 5, 4, 5, 4, 8, 12, 12, 8, 17, 22, 8, 17, 23, 23, 31, 31, 12, 0, 0, 0, 0, 0, 0, 0, 34]","""[0, 4, 5, 3, 7, 8, 3, 2, 2, 5, 10, 4, 7, 1, 9, 3, 8, 5, 3, 2, 2, 5, 33, 158, 128, 84, 96, 156, 0]"""
j20,1,proactive_robust,600,True,47,0.0913398265838623,0.0013477802276611328,"[0, 0, 0, 0, 7, 4, 7, 4, 10, 14, 14, 10, 22, 24, 10, 22, 28, 28, 40, 40, 19, 0, 0, 0, 0, 0, 0, 0, 158]","""[0, 3, 4, 5, 2, 7, 3, 5, 2, 8, 6, 6, 4, 2, 11, 6, 8, 4, 1, 3, 2, 5, 33, 158, 128, 84, 96, 156, 0]"""
j20,1,reactive,600,True,39,0.0913398265838623,0.4168546199798584,"[0, 0, 0, 0, 7, 4, 7, 4, 10, 14, 14, 10, 22, 24, 10, 22, 28, 28, 36, 36, 19, 0, 0, 0, 0, 0, 0, 0, 39]","[0, 3, 4, 5, 2, 7, 3, 5, 2, 8, 6, 6, 4, 2, 11, 6, 8, 4, 1, 3, 2, 5, 33, 158, 128, 84, 96, 156, 0]"
j20,1,stnu,600,True,32,0.8859009742736816,0.029927492141723633,"[0, 0, 0, 0, 4, 3, 4, 3, 8, 10, 10, 8, 19, 19, 8, 19, 21, 21, 29, 29, 14, 0, 0, 0, 0, 0, 0, 0, 32]","""[0, 3, 4, 5, 2, 7, 3, 5, 2, 8, 6, 6, 4, 2, 11, 6, 8, 4, 1, 3, 2, 5, 33, 158, 128, 84, 96, 156, 0]"""
j20,1,proactive_robust,600,True,47,0.08822226524353027,0.0014119148254394531,"[0, 0, 0, 0, 7, 4, 7, 4, 10, 14, 14, 10, 22, 24, 10, 22, 28, 28, 40, 40, 19, 0, 0, 0, 0, 0, 0, 0, 158]","""[0, 4, 5, 7, 5, 7, 2, 4, 2, 4, 9, 7, 8, 3, 10, 6, 11, 5, 3, 6, 4, 5, 33, 158, 128, 84, 96, 156, 0]"""
j20,1,reactive,600,True,46,0.08822226524353027,0.3594205379486084,"[0, 0, 0, 0, 7, 4, 7, 4, 10, 14, 14, 10, 22, 24, 10, 22, 28, 28, 40, 40, 19, 0, 0, 0, 0, 0, 0, 0, 46]","[0, 4, 5, 7, 5, 7, 2, 4, 2, 4, 9, 7, 8, 3, 10, 6, 11, 5, 3, 6, 4, 5, 33, 158, 128, 84, 96, 156, 0]"
j20,1,stnu,600,True,40,0.9106528759002686,0.029967784881591797,"[0, 0, 0, 0, 5, 4, 5, 4, 8, 11, 11, 8, 18, 20, 8, 18, 23, 23, 34, 34, 15, 0, 0, 0, 0, 0, 0, 0, 40]","""[0, 4, 5, 7, 5, 7, 2, 4, 2, 4, 9, 7, 8, 3, 10, 6, 11, 5, 3, 6, 4, 5, 33, 158, 128, 84, 96, 156, 0]"""
j20,1,proactive_robust,600,True,47,0.0926365852355957,0.0014705657958984375,"[0, 0, 0, 0, 7, 4, 7, 4, 10, 14, 14, 10, 22, 24, 10, 22, 28, 28, 40, 40, 19, 0, 0, 0, 0, 0, 0, 0, 158]","""[0, 3, 4, 7, 7, 7, 2, 3, 3, 7, 8, 4, 5, 4, 10, 4, 7, 4, 3, 2, 2, 5, 33, 158, 128, 84, 96, 156, 0]"""
j20,1,reactive,600,True,38,0.0926365852355957,0.39879560470581055,"[0, 0, 0, 0, 7, 4, 7, 4, 10, 14, 14, 10, 22, 24, 10, 22, 28, 28, 35, 35, 19, 0, 0, 0, 0, 0, 0, 0, 38]","[0, 3, 4, 7, 7, 7, 2, 3, 3, 7, 8, 4, 5, 4, 10, 4, 7, 4, 3, 2, 2, 5, 33, 158, 128, 84, 96, 156, 0]"
j20,1,stnu,600,True,33,0.9545128345489502,0.0298612117767334,"[0, 0, 0, 0, 4, 3, 4, 3, 7, 11, 11, 7, 18, 19, 6, 18, 23, 23, 30, 30, 11, 0, 0, 0, 0, 0, 0, 0, 33]","""[0, 3, 4, 7, 7, 7, 2, 3, 3, 7, 8, 4, 5, 4, 10, 4, 7, 4, 3, 2, 2, 5, 33, 158, 128, 84, 96, 156, 0]"""
j20,1,proactive_robust,600,True,47,0.09156417846679688,0.0013811588287353516,"[0, 0, 0, 0, 7, 4, 7, 4, 10, 14, 14, 10, 22, 24, 10, 22, 28, 28, 40, 40, 19, 0, 0, 0, 0, 0, 0, 0, 158]","""[0, 2, 3, 4, 5, 6, 1, 6, 6, 3, 8, 8, 8, 2, 12, 7, 7, 6, 1, 5, 2, 5, 33, 158, 128, 84, 96, 156, 0]"""
j20,1,reactive,600,True,40,0.09156417846679688,0.3620445728302002,"[0, 0, 0, 0, 7, 4, 7, 4, 10, 14, 14, 10, 22, 24, 10, 22, 28, 28, 35, 35, 19, 0, 0, 0, 0, 0, 0, 0, 40]","[0, 2, 3, 4, 5, 6, 1, 6, 6, 3, 8, 8, 8, 2, 12, 7, 7, 6, 1, 5, 2, 5, 33, 158, 128, 84, 96, 156, 0]"
j20,1,stnu,600,True,34,0.9033920764923096,0.029811382293701172,"[0, 0, 0, 0, 3, 2, 3, 2, 8, 8, 8, 8, 20, 20, 8, 20, 22, 22, 29, 29, 16, 0, 0, 0, 0, 0, 0, 0, 34]","""[0, 2, 3, 4, 5, 6, 1, 6, 6, 3, 8, 8, 8, 2, 12, 7, 7, 6, 1, 5, 2, 5, 33, 158, 128, 84, 96, 156, 0]"""
j20,1,proactive_robust,600,True,45,0.09749197959899902,0.0019025802612304688,"[0, 0, 0, 0, 6, 10, 6, 10, 19, 6, 9, 16, 16, 28, 22, 26, 22, 10, 34, 37, 26, 0, 0, 0, 0, 0, 0, 0, 0, 0, 0, 0, 0, 150]","""[0, 3, 5, 9, 2, 3, 3, 9, 8, 5, 3, 3, 4, 8, 1, 3, 6, 9, 8, 6, 3, 15, 143, 33, 150, 111, 67, 64, 98, 85, 44, 48, 106, 0]"""
j20,1,reactive,600,True,43,0.09749197959899902,0.3657989501953125,"[0, 0, 0, 0, 6, 10, 6, 10, 19, 6, 9, 16, 16, 28, 22, 26, 22, 10, 34, 37, 26, 0, 0, 0, 0, 0, 0, 0, 0, 0, 0, 0, 0, 43]","[0, 3, 5, 9, 2, 3, 3, 9, 8, 5, 3, 3, 4, 8, 1, 3, 6, 9, 8, 6, 3, 15, 143, 33, 150, 111, 67, 64, 98, 85, 44, 48, 106, 0]"
j20,1,stnu,600,True,40,1.008150577545166,0.041727542877197266,"[0, 0, 0, 0, 5, 9, 5, 9, 18, 3, 8, 12, 11, 26, 18, 19, 18, 9, 22, 34, 19, 0, 0, 0, 0, 0, 0, 0, 0, 0, 0, 0, 0, 40]","""[0, 3, 5, 9, 2, 3, 3, 9, 8, 5, 3, 3, 4, 8, 1, 3, 6, 9, 8, 6, 3, 15, 143, 33, 150, 111, 67, 64, 98, 85, 44, 48, 106, 0]"""
j20,1,proactive_robust,600,True,45,0.09138321876525879,0.0018978118896484375,"[0, 0, 0, 0, 6, 10, 6, 10, 19, 6, 9, 16, 16, 28, 22, 26, 22, 10, 34, 37, 26, 0, 0, 0, 0, 0, 0, 0, 0, 0, 0, 0, 0, 150]","""[0, 3, 5, 7, 1, 4, 1, 8, 9, 10, 5, 2, 3, 9, 4, 5, 8, 10, 5, 4, 6, 15, 143, 33, 150, 111, 67, 64, 98, 85, 44, 48, 106, 0]"""
j20,1,reactive,600,True,41,0.09138321876525879,0.3048441410064697,"[0, 0, 0, 0, 6, 10, 6, 10, 19, 6, 9, 16, 16, 28, 22, 26, 22, 10, 34, 37, 26, 0, 0, 0, 0, 0, 0, 0, 0, 0, 0, 0, 0, 41]","[0, 3, 5, 7, 1, 4, 1, 8, 9, 10, 5, 2, 3, 9, 4, 5, 8, 10, 5, 4, 6, 15, 143, 33, 150, 111, 67, 64, 98, 85, 44, 48, 106, 0]"
j20,1,stnu,600,True,37,1.0718607902526855,0.04189920425415039,"[0, 0, 0, 0, 5, 7, 5, 7, 15, 3, 6, 11, 13, 24, 17, 21, 17, 7, 27, 33, 21, 0, 0, 0, 0, 0, 0, 0, 0, 0, 0, 0, 0, 37]","""[0, 3, 5, 7, 1, 4, 1, 8, 9, 10, 5, 2, 3, 9, 4, 5, 8, 10, 5, 4, 6, 15, 143, 33, 150, 111, 67, 64, 98, 85, 44, 48, 106, 0]"""
j20,1,proactive_robust,600,True,45,0.09880399703979492,0.0019278526306152344,"[0, 0, 0, 0, 6, 10, 6, 10, 19, 6, 9, 16, 16, 28, 22, 26, 22, 10, 34, 37, 26, 0, 0, 0, 0, 0, 0, 0, 0, 0, 0, 0, 0, 150]","""[0, 4, 3, 6, 2, 2, 2, 6, 7, 7, 3, 4, 6, 6, 2, 6, 6, 6, 8, 6, 7, 15, 143, 33, 150, 111, 67, 64, 98, 85, 44, 48, 106, 0]"""
j20,1,reactive,600,True,43,0.09880399703979492,0.38805627822875977,"[0, 0, 0, 0, 6, 10, 6, 10, 19, 6, 9, 16, 16, 28, 22, 26, 22, 10, 34, 37, 26, 0, 0, 0, 0, 0, 0, 0, 0, 0, 0, 0, 0, 43]","[0, 4, 3, 6, 2, 2, 2, 6, 7, 7, 3, 4, 6, 6, 2, 6, 6, 6, 8, 6, 7, 15, 143, 33, 150, 111, 67, 64, 98, 85, 44, 48, 106, 0]"
j20,1,stnu,600,True,34,1.046858310699463,0.04184770584106445,"[0, 0, 0, 0, 4, 6, 4, 6, 12, 4, 6, 9, 11, 19, 17, 19, 17, 6, 26, 26, 19, 0, 0, 0, 0, 0, 0, 0, 0, 0, 0, 0, 0, 34]","""[0, 4, 3, 6, 2, 2, 2, 6, 7, 7, 3, 4, 6, 6, 2, 6, 6, 6, 8, 6, 7, 15, 143, 33, 150, 111, 67, 64, 98, 85, 44, 48, 106, 0]"""
j20,1,proactive_robust,600,True,45,0.09152746200561523,0.0018961429595947266,"[0, 0, 0, 0, 6, 10, 6, 10, 19, 6, 9, 16, 16, 28, 22, 26, 22, 10, 34, 37, 26, 0, 0, 0, 0, 0, 0, 0, 0, 0, 0, 0, 0, 150]","""[0, 5, 4, 10, 4, 4, 3, 6, 9, 5, 4, 4, 2, 8, 3, 5, 3, 6, 7, 8, 6, 15, 143, 33, 150, 111, 67, 64, 98, 85, 44, 48, 106, 0]"""
j20,1,reactive,600,True,45,0.09152746200561523,0.41080355644226074,"[0, 0, 0, 0, 6, 10, 6, 10, 19, 6, 9, 16, 16, 28, 22, 26, 22, 10, 34, 37, 26, 0, 0, 0, 0, 0, 0, 0, 0, 0, 0, 0, 0, 45]","[0, 5, 4, 10, 4, 4, 3, 6, 9, 5, 4, 4, 2, 8, 3, 5, 3, 6, 7, 8, 6, 15, 143, 33, 150, 111, 67, 64, 98, 85, 44, 48, 106, 0]"
j20,1,stnu,600,True,41,1.0219390392303467,0.04210519790649414,"[0, 0, 0, 0, 5, 10, 5, 10, 16, 5, 8, 14, 12, 25, 18, 21, 18, 10, 27, 33, 21, 0, 0, 0, 0, 0, 0, 0, 0, 0, 0, 0, 0, 41]","""[0, 5, 4, 10, 4, 4, 3, 6, 9, 5, 4, 4, 2, 8, 3, 5, 3, 6, 7, 8, 6, 15, 143, 33, 150, 111, 67, 64, 98, 85, 44, 48, 106, 0]"""
j20,1,proactive_robust,600,True,45,0.1009986400604248,0.001959085464477539,"[0, 0, 0, 0, 6, 10, 6, 10, 19, 6, 9, 16, 16, 28, 22, 26, 22, 10, 34, 37, 26, 0, 0, 0, 0, 0, 0, 0, 0, 0, 0, 0, 0, 150]","""[0, 6, 3, 7, 2, 6, 3, 4, 9, 9, 2, 5, 2, 9, 2, 6, 6, 9, 4, 7, 8, 15, 143, 33, 150, 111, 67, 64, 98, 85, 44, 48, 106, 0]"""
j20,1,reactive,600,True,44,0.1009986400604248,0.2819530963897705,"[0, 0, 0, 0, 6, 10, 6, 10, 19, 6, 9, 16, 16, 28, 22, 26, 22, 10, 34, 37, 26, 0, 0, 0, 0, 0, 0, 0, 0, 0, 0, 0, 0, 44]","[0, 6, 3, 7, 2, 6, 3, 4, 9, 9, 2, 5, 2, 9, 2, 6, 6, 9, 4, 7, 8, 15, 143, 33, 150, 111, 67, 64, 98, 85, 44, 48, 106, 0]"
j20,1,stnu,600,True,40,0.9439339637756348,0.04211592674255371,"[0, 0, 0, 0, 6, 8, 6, 9, 15, 6, 9, 14, 15, 24, 19, 21, 19, 9, 29, 33, 21, 0, 0, 0, 0, 0, 0, 0, 0, 0, 0, 0, 0, 40]","""[0, 6, 3, 7, 2, 6, 3, 4, 9, 9, 2, 5, 2, 9, 2, 6, 6, 9, 4, 7, 8, 15, 143, 33, 150, 111, 67, 64, 98, 85, 44, 48, 106, 0]"""
j20,1,proactive_robust,600,True,45,0.09412264823913574,0.0018804073333740234,"[0, 0, 0, 0, 6, 10, 6, 10, 19, 6, 9, 16, 16, 28, 22, 26, 22, 10, 34, 37, 26, 0, 0, 0, 0, 0, 0, 0, 0, 0, 0, 0, 0, 150]","""[0, 4, 2, 9, 4, 2, 1, 7, 4, 8, 7, 2, 3, 8, 4, 4, 3, 5, 4, 6, 3, 15, 143, 33, 150, 111, 67, 64, 98, 85, 44, 48, 106, 0]"""
j20,1,reactive,600,True,43,0.09412264823913574,0.3149576187133789,"[0, 0, 0, 0, 6, 10, 6, 10, 19, 6, 9, 16, 16, 28, 22, 26, 22, 10, 34, 37, 26, 0, 0, 0, 0, 0, 0, 0, 0, 0, 0, 0, 0, 43]","[0, 4, 2, 9, 4, 2, 1, 7, 4, 8, 7, 2, 3, 8, 4, 4, 3, 5, 4, 6, 3, 15, 143, 33, 150, 111, 67, 64, 98, 85, 44, 48, 106, 0]"
j20,1,stnu,600,True,34,0.9791848659515381,0.04185152053833008,"[0, 0, 0, 0, 4, 9, 4, 9, 16, 4, 5, 12, 12, 20, 16, 20, 16, 9, 24, 28, 20, 0, 0, 0, 0, 0, 0, 0, 0, 0, 0, 0, 0, 34]","""[0, 4, 2, 9, 4, 2, 1, 7, 4, 8, 7, 2, 3, 8, 4, 4, 3, 5, 4, 6, 3, 15, 143, 33, 150, 111, 67, 64, 98, 85, 44, 48, 106, 0]"""
j20,1,proactive_robust,600,True,45,0.09548139572143555,0.0018467903137207031,"[0, 0, 0, 0, 6, 10, 6, 10, 19, 6, 9, 16, 16, 28, 22, 26, 22, 10, 34, 37, 26, 0, 0, 0, 0, 0, 0, 0, 0, 0, 0, 0, 0, 150]","""[0, 4, 5, 9, 1, 5, 2, 6, 5, 7, 2, 4, 6, 7, 3, 6, 7, 7, 8, 7, 4, 15, 143, 33, 150, 111, 67, 64, 98, 85, 44, 48, 106, 0]"""
j20,1,reactive,600,True,44,0.09548139572143555,0.3771848678588867,"[0, 0, 0, 0, 6, 10, 6, 10, 19, 6, 9, 16, 16, 28, 22, 26, 22, 10, 34, 37, 26, 0, 0, 0, 0, 0, 0, 0, 0, 0, 0, 0, 0, 44]","[0, 4, 5, 9, 1, 5, 2, 6, 5, 7, 2, 4, 6, 7, 3, 6, 7, 7, 8, 7, 4, 15, 143, 33, 150, 111, 67, 64, 98, 85, 44, 48, 106, 0]"
j20,1,stnu,600,True,35,1.0335042476654053,0.041986942291259766,"[0, 0, 0, 0, 5, 9, 5, 9, 15, 4, 7, 14, 11, 21, 18, 21, 18, 9, 27, 28, 21, 0, 0, 0, 0, 0, 0, 0, 0, 0, 0, 0, 0, 35]","""[0, 4, 5, 9, 1, 5, 2, 6, 5, 7, 2, 4, 6, 7, 3, 6, 7, 7, 8, 7, 4, 15, 143, 33, 150, 111, 67, 64, 98, 85, 44, 48, 106, 0]"""
j20,1,proactive_robust,600,True,45,0.09477424621582031,0.0019032955169677734,"[0, 0, 0, 0, 6, 10, 6, 10, 19, 6, 9, 16, 16, 28, 22, 26, 22, 10, 34, 37, 26, 0, 0, 0, 0, 0, 0, 0, 0, 0, 0, 0, 0, 150]","""[0, 3, 4, 9, 3, 2, 3, 8, 4, 8, 3, 6, 3, 4, 2, 4, 7, 6, 5, 5, 7, 15, 143, 33, 150, 111, 67, 64, 98, 85, 44, 48, 106, 0]"""
j20,1,reactive,600,True,39,0.09477424621582031,0.3515188694000244,"[0, 0, 0, 0, 6, 10, 6, 10, 19, 6, 9, 16, 16, 28, 22, 26, 22, 10, 34, 32, 26, 0, 0, 0, 0, 0, 0, 0, 0, 0, 0, 0, 0, 39]","[0, 3, 4, 9, 3, 2, 3, 8, 4, 8, 3, 6, 3, 4, 2, 4, 7, 6, 5, 5, 7, 15, 143, 33, 150, 111, 67, 64, 98, 85, 44, 48, 106, 0]"
j20,1,stnu,600,True,31,1.093991756439209,0.0418248176574707,"[0, 0, 0, 0, 4, 9, 4, 9, 17, 3, 7, 11, 11, 21, 17, 19, 17, 9, 26, 26, 19, 0, 0, 0, 0, 0, 0, 0, 0, 0, 0, 0, 0, 31]","""[0, 3, 4, 9, 3, 2, 3, 8, 4, 8, 3, 6, 3, 4, 2, 4, 7, 6, 5, 5, 7, 15, 143, 33, 150, 111, 67, 64, 98, 85, 44, 48, 106, 0]"""
j20,1,proactive_robust,600,True,45,0.0985558032989502,0.0019066333770751953,"[0, 0, 0, 0, 6, 10, 6, 10, 19, 6, 9, 16, 16, 28, 22, 26, 22, 10, 34, 37, 26, 0, 0, 0, 0, 0, 0, 0, 0, 0, 0, 0, 0, 150]","""[0, 3, 6, 10, 2, 4, 2, 9, 7, 9, 4, 3, 3, 5, 4, 6, 3, 9, 4, 5, 4, 15, 143, 33, 150, 111, 67, 64, 98, 85, 44, 48, 106, 0]"""
j20,1,reactive,600,True,42,0.0985558032989502,0.4237942695617676,"[0, 0, 0, 0, 6, 10, 6, 10, 19, 6, 9, 16, 16, 28, 22, 26, 22, 10, 34, 37, 26, 0, 0, 0, 0, 0, 0, 0, 0, 0, 0, 0, 0, 42]","[0, 3, 6, 10, 2, 4, 2, 9, 7, 9, 4, 3, 3, 5, 4, 6, 3, 9, 4, 5, 4, 15, 143, 33, 150, 111, 67, 64, 98, 85, 44, 48, 106, 0]"
j20,1,stnu,600,True,36,0.9382228851318359,0.04199385643005371,"[0, 0, 0, 0, 6, 10, 6, 10, 19, 3, 8, 14, 12, 26, 19, 23, 19, 10, 29, 31, 23, 0, 0, 0, 0, 0, 0, 0, 0, 0, 0, 0, 0, 36]","""[0, 3, 6, 10, 2, 4, 2, 9, 7, 9, 4, 3, 3, 5, 4, 6, 3, 9, 4, 5, 4, 15, 143, 33, 150, 111, 67, 64, 98, 85, 44, 48, 106, 0]"""
j20,1,proactive_robust,600,True,45,0.10154938697814941,0.0018508434295654297,"[0, 0, 0, 0, 6, 10, 6, 10, 19, 6, 9, 16, 16, 28, 22, 26, 22, 10, 34, 37, 26, 0, 0, 0, 0, 0, 0, 0, 0, 0, 0, 0, 0, 150]","""[0, 6, 6, 8, 2, 2, 2, 6, 6, 5, 6, 3, 4, 6, 4, 6, 7, 8, 8, 6, 7, 15, 143, 33, 150, 111, 67, 64, 98, 85, 44, 48, 106, 0]"""
j20,1,reactive,600,True,43,0.10154938697814941,0.3059062957763672,"[0, 0, 0, 0, 6, 10, 6, 10, 19, 6, 9, 16, 16, 28, 22, 26, 22, 10, 34, 37, 26, 0, 0, 0, 0, 0, 0, 0, 0, 0, 0, 0, 0, 43]","[0, 6, 6, 8, 2, 2, 2, 6, 6, 5, 6, 3, 4, 6, 4, 6, 7, 8, 8, 6, 7, 15, 143, 33, 150, 111, 67, 64, 98, 85, 44, 48, 106, 0]"
j20,1,stnu,600,True,37,0.9881792068481445,0.0418848991394043,"[0, 0, 0, 0, 6, 8, 6, 8, 14, 6, 8, 14, 14, 22, 18, 22, 18, 8, 29, 29, 22, 0, 0, 0, 0, 0, 0, 0, 0, 0, 0, 0, 0, 37]","""[0, 6, 6, 8, 2, 2, 2, 6, 6, 5, 6, 3, 4, 6, 4, 6, 7, 8, 8, 6, 7, 15, 143, 33, 150, 111, 67, 64, 98, 85, 44, 48, 106, 0]"""
j20,1,proactive_robust,600,True,57,0.09714794158935547,0.002556324005126953,"[0, 0, 0, 0, 9, 18, 9, 9, 27, 16, 28, 34, 28, 3, 18, 44, 31, 37, 37, 49, 53, 0, 0, 0, 0, 0, 0, 0, 0, 0, 0, 0, 0, 0, 0, 0, 0, 0, 146]","""[0, 7, 3, 9, 5, 4, 3, 8, 3, 6, 3, 7, 2, 1, 6, 7, 6, 6, 1, 4, 3, 127, 133, 43, 62, 146, 36, 42, 84, 108, 119, 37, 62, 102, 44, 64, 48, 119, 0]"""
j20,1,reactive,600,True,56,0.09714794158935547,0.4079468250274658,"[0, 0, 0, 0, 9, 18, 9, 9, 27, 16, 28, 34, 28, 3, 18, 44, 31, 37, 37, 49, 53, 0, 0, 0, 0, 0, 0, 0, 0, 0, 0, 0, 0, 0, 0, 0, 0, 0, 56]","[0, 7, 3, 9, 5, 4, 3, 8, 3, 6, 3, 7, 2, 1, 6, 7, 6, 6, 1, 4, 3, 127, 133, 43, 62, 146, 36, 42, 84, 108, 119, 37, 62, 102, 44, 64, 48, 119, 0]"
j20,1,stnu,600,True,40,0.988295316696167,0.0572965145111084,"[0, 0, 0, 0, 9, 14, 9, 9, 20, 12, 20, 23, 20, 3, 14, 30, 22, 28, 28, 34, 37, 0, 0, 0, 0, 0, 0, 0, 0, 0, 0, 0, 0, 0, 0, 0, 0, 0, 40]","""[0, 7, 3, 9, 5, 4, 3, 8, 3, 6, 3, 7, 2, 1, 6, 7, 6, 6, 1, 4, 3, 127, 133, 43, 62, 146, 36, 42, 84, 108, 119, 37, 62, 102, 44, 64, 48, 119, 0]"""
j20,1,proactive_robust,600,True,57,0.1045072078704834,0.002466917037963867,"[0, 0, 0, 0, 9, 18, 9, 9, 27, 16, 28, 34, 28, 3, 18, 44, 31, 37, 37, 49, 53, 0, 0, 0, 0, 0, 0, 0, 0, 0, 0, 0, 0, 0, 0, 0, 0, 0, 146]","""[0, 6, 1, 4, 5, 7, 7, 6, 6, 7, 3, 10, 2, 3, 8, 9, 2, 9, 1, 5, 3, 127, 133, 43, 62, 146, 36, 42, 84, 108, 119, 37, 62, 102, 44, 64, 48, 119, 0]"""
j20,1,reactive,600,True,56,0.1045072078704834,0.3821728229522705,"[0, 0, 0, 0, 9, 18, 9, 9, 27, 16, 28, 34, 28, 3, 18, 44, 31, 37, 37, 49, 53, 0, 0, 0, 0, 0, 0, 0, 0, 0, 0, 0, 0, 0, 0, 0, 0, 0, 56]","[0, 6, 1, 4, 5, 7, 7, 6, 6, 7, 3, 10, 2, 3, 8, 9, 2, 9, 1, 5, 3, 127, 133, 43, 62, 146, 36, 42, 84, 108, 119, 37, 62, 102, 44, 64, 48, 119, 0]"
j20,1,stnu,600,True,47,1.1185684204101562,0.05723905563354492,"[0, 0, 0, 0, 4, 11, 4, 4, 19, 11, 19, 25, 19, 1, 11, 35, 21, 25, 25, 35, 44, 0, 0, 0, 0, 0, 0, 0, 0, 0, 0, 0, 0, 0, 0, 0, 0, 0, 47]","""[0, 6, 1, 4, 5, 7, 7, 6, 6, 7, 3, 10, 2, 3, 8, 9, 2, 9, 1, 5, 3, 127, 133, 43, 62, 146, 36, 42, 84, 108, 119, 37, 62, 102, 44, 64, 48, 119, 0]"""
j20,1,proactive_robust,600,True,57,0.09485101699829102,0.002477884292602539,"[0, 0, 0, 0, 9, 18, 9, 9, 27, 16, 28, 34, 28, 3, 18, 44, 31, 37, 37, 49, 53, 0, 0, 0, 0, 0, 0, 0, 0, 0, 0, 0, 0, 0, 0, 0, 0, 0, 146]","""[0, 9, 1, 4, 7, 7, 6, 6, 5, 8, 3, 7, 1, 4, 8, 6, 6, 6, 2, 6, 2, 127, 133, 43, 62, 146, 36, 42, 84, 108, 119, 37, 62, 102, 44, 64, 48, 119, 0]"""
j20,1,reactive,600,True,55,0.09485101699829102,0.3682541847229004,"[0, 0, 0, 0, 9, 18, 9, 9, 27, 16, 28, 34, 28, 3, 18, 44, 31, 37, 37, 49, 50, 0, 0, 0, 0, 0, 0, 0, 0, 0, 0, 0, 0, 0, 0, 0, 0, 0, 55]","[0, 9, 1, 4, 7, 7, 6, 6, 5, 8, 3, 7, 1, 4, 8, 6, 6, 6, 2, 6, 2, 127, 133, 43, 62, 146, 36, 42, 84, 108, 119, 37, 62, 102, 44, 64, 48, 119, 0]"
j20,1,stnu,600,True,40,1.1138596534729004,0.056897878646850586,"[0, 0, 0, 0, 5, 12, 5, 5, 20, 11, 20, 25, 20, 1, 12, 32, 21, 27, 27, 33, 38, 0, 0, 0, 0, 0, 0, 0, 0, 0, 0, 0, 0, 0, 0, 0, 0, 0, 40]","""[0, 9, 1, 4, 7, 7, 6, 6, 5, 8, 3, 7, 1, 4, 8, 6, 6, 6, 2, 6, 2, 127, 133, 43, 62, 146, 36, 42, 84, 108, 119, 37, 62, 102, 44, 64, 48, 119, 0]"""
j20,1,proactive_robust,600,True,57,0.09833216667175293,0.002568483352661133,"[0, 0, 0, 0, 9, 18, 9, 9, 27, 16, 28, 34, 28, 3, 18, 44, 31, 37, 37, 49, 53, 0, 0, 0, 0, 0, 0, 0, 0, 0, 0, 0, 0, 0, 0, 0, 0, 0, 146]","""[0, 9, 1, 9, 6, 7, 4, 8, 2, 7, 4, 8, 1, 3, 6, 7, 3, 8, 1, 5, 1, 127, 133, 43, 62, 146, 36, 42, 84, 108, 119, 37, 62, 102, 44, 64, 48, 119, 0]"""
j20,1,reactive,600,True,54,0.09833216667175293,0.46158337593078613,"[0, 0, 0, 0, 9, 18, 9, 9, 27, 16, 28, 34, 28, 3, 18, 44, 31, 37, 37, 49, 51, 0, 0, 0, 0, 0, 0, 0, 0, 0, 0, 0, 0, 0, 0, 0, 0, 0, 54]","[0, 9, 1, 9, 6, 7, 4, 8, 2, 7, 4, 8, 1, 3, 6, 7, 3, 8, 1, 5, 1, 127, 133, 43, 62, 146, 36, 42, 84, 108, 119, 37, 62, 102, 44, 64, 48, 119, 0]"
j20,1,stnu,600,True,42,1.045929193496704,0.05725574493408203,"[0, 0, 0, 0, 9, 15, 9, 9, 22, 13, 22, 26, 22, 1, 15, 34, 23, 26, 26, 34, 41, 0, 0, 0, 0, 0, 0, 0, 0, 0, 0, 0, 0, 0, 0, 0, 0, 0, 42]","""[0, 9, 1, 9, 6, 7, 4, 8, 2, 7, 4, 8, 1, 3, 6, 7, 3, 8, 1, 5, 1, 127, 133, 43, 62, 146, 36, 42, 84, 108, 119, 37, 62, 102, 44, 64, 48, 119, 0]"""
j20,1,proactive_robust,600,True,57,0.1739027500152588,0.0024988651275634766,"[0, 0, 0, 0, 9, 18, 9, 9, 27, 16, 28, 34, 28, 3, 18, 44, 31, 37, 37, 49, 53, 0, 0, 0, 0, 0, 0, 0, 0, 0, 0, 0, 0, 0, 0, 0, 0, 0, 146]","""[0, 9, 1, 7, 9, 7, 7, 10, 5, 6, 2, 10, 2, 4, 3, 7, 3, 8, 1, 2, 2, 127, 133, 43, 62, 146, 36, 42, 84, 108, 119, 37, 62, 102, 44, 64, 48, 119, 0]"""
j20,1,reactive,600,True,53,0.1739027500152588,0.3409309387207031,"[0, 0, 0, 0, 9, 18, 9, 9, 27, 16, 28, 34, 28, 3, 18, 44, 31, 37, 37, 49, 51, 0, 0, 0, 0, 0, 0, 0, 0, 0, 0, 0, 0, 0, 0, 0, 0, 0, 53]","[0, 9, 1, 7, 9, 7, 7, 10, 5, 6, 2, 10, 2, 4, 3, 7, 3, 8, 1, 2, 2, 127, 133, 43, 62, 146, 36, 42, 84, 108, 119, 37, 62, 102, 44, 64, 48, 119, 0]"
j20,1,stnu,600,True,47,1.0039088726043701,0.05735468864440918,"[0, 0, 0, 0, 7, 16, 7, 7, 23, 14, 23, 28, 23, 1, 16, 38, 25, 28, 28, 38, 45, 0, 0, 0, 0, 0, 0, 0, 0, 0, 0, 0, 0, 0, 0, 0, 0, 0, 47]","""[0, 9, 1, 7, 9, 7, 7, 10, 5, 6, 2, 10, 2, 4, 3, 7, 3, 8, 1, 2, 2, 127, 133, 43, 62, 146, 36, 42, 84, 108, 119, 37, 62, 102, 44, 64, 48, 119, 0]"""
j20,1,proactive_robust,600,True,57,0.09634542465209961,0.002501964569091797,"[0, 0, 0, 0, 9, 18, 9, 9, 27, 16, 28, 34, 28, 3, 18, 44, 31, 37, 37, 49, 53, 0, 0, 0, 0, 0, 0, 0, 0, 0, 0, 0, 0, 0, 0, 0, 0, 0, 146]","""[0, 7, 1, 9, 9, 6, 5, 6, 2, 11, 6, 8, 3, 4, 8, 7, 6, 7, 1, 2, 1, 127, 133, 43, 62, 146, 36, 42, 84, 108, 119, 37, 62, 102, 44, 64, 48, 119, 0]"""
j20,1,reactive,600,True,52,0.09634542465209961,0.2887253761291504,"[0, 0, 0, 0, 9, 18, 9, 9, 27, 16, 28, 34, 28, 3, 18, 44, 31, 37, 37, 49, 51, 0, 0, 0, 0, 0, 0, 0, 0, 0, 0, 0, 0, 0, 0, 0, 0, 0, 52]","[0, 7, 1, 9, 9, 6, 5, 6, 2, 11, 6, 8, 3, 4, 8, 7, 6, 7, 1, 2, 1, 127, 133, 43, 62, 146, 36, 42, 84, 108, 119, 37, 62, 102, 44, 64, 48, 119, 0]"
j20,1,stnu,600,True,48,1.055086612701416,0.0571901798248291,"[0, 0, 0, 0, 9, 18, 9, 9, 26, 14, 26, 32, 26, 1, 18, 40, 29, 35, 35, 42, 47, 0, 0, 0, 0, 0, 0, 0, 0, 0, 0, 0, 0, 0, 0, 0, 0, 0, 48]","""[0, 7, 1, 9, 9, 6, 5, 6, 2, 11, 6, 8, 3, 4, 8, 7, 6, 7, 1, 2, 1, 127, 133, 43, 62, 146, 36, 42, 84, 108, 119, 37, 62, 102, 44, 64, 48, 119, 0]"""
j20,1,proactive_robust,600,True,57,0.10239553451538086,0.0024716854095458984,"[0, 0, 0, 0, 9, 18, 9, 9, 27, 16, 28, 34, 28, 3, 18, 44, 31, 37, 37, 49, 53, 0, 0, 0, 0, 0, 0, 0, 0, 0, 0, 0, 0, 0, 0, 0, 0, 0, 146]","""[0, 8, 2, 6, 8, 5, 7, 7, 6, 6, 2, 10, 3, 2, 7, 7, 3, 8, 2, 6, 4, 127, 133, 43, 62, 146, 36, 42, 84, 108, 119, 37, 62, 102, 44, 64, 48, 119, 0]"""
j20,1,reactive,600,True,55,0.10239553451538086,0.34139251708984375,"[0, 0, 0, 0, 9, 18, 9, 9, 27, 16, 28, 34, 28, 3, 18, 44, 31, 37, 37, 49, 51, 0, 0, 0, 0, 0, 0, 0, 0, 0, 0, 0, 0, 0, 0, 0, 0, 0, 55]","[0, 8, 2, 6, 8, 5, 7, 7, 6, 6, 2, 10, 3, 2, 7, 7, 3, 8, 2, 6, 4, 127, 133, 43, 62, 146, 36, 42, 84, 108, 119, 37, 62, 102, 44, 64, 48, 119, 0]"
j20,1,stnu,600,True,48,1.123462200164795,0.057213783264160156,"[0, 0, 0, 0, 6, 14, 6, 6, 21, 13, 21, 27, 21, 2, 14, 37, 24, 27, 27, 37, 44, 0, 0, 0, 0, 0, 0, 0, 0, 0, 0, 0, 0, 0, 0, 0, 0, 0, 48]","""[0, 8, 2, 6, 8, 5, 7, 7, 6, 6, 2, 10, 3, 2, 7, 7, 3, 8, 2, 6, 4, 127, 133, 43, 62, 146, 36, 42, 84, 108, 119, 37, 62, 102, 44, 64, 48, 119, 0]"""
j20,1,proactive_robust,600,True,57,0.10186004638671875,0.0025320053100585938,"[0, 0, 0, 0, 9, 18, 9, 9, 27, 16, 28, 34, 28, 3, 18, 44, 31, 37, 37, 49, 53, 0, 0, 0, 0, 0, 0, 0, 0, 0, 0, 0, 0, 0, 0, 0, 0, 0, 146]","""[0, 13, 3, 8, 4, 8, 6, 6, 6, 7, 6, 5, 3, 2, 4, 8, 6, 8, 1, 4, 4, 127, 133, 43, 62, 146, 36, 42, 84, 108, 119, 37, 62, 102, 44, 64, 48, 119, 0]"""
j20,1,reactive,600,True,56,0.10186004638671875,0.3090786933898926,"[0, 0, 0, 0, 9, 18, 9, 9, 27, 16, 28, 34, 28, 3, 18, 44, 31, 37, 37, 49, 52, 0, 0, 0, 0, 0, 0, 0, 0, 0, 0, 0, 0, 0, 0, 0, 0, 0, 56]","[0, 13, 3, 8, 4, 8, 6, 6, 6, 7, 6, 5, 3, 2, 4, 8, 6, 8, 1, 4, 4, 127, 133, 43, 62, 146, 36, 42, 84, 108, 119, 37, 62, 102, 44, 64, 48, 119, 0]"
j20,1,stnu,600,True,45,1.5702333450317383,0.05747342109680176,"[0, 0, 0, 0, 8, 14, 8, 8, 22, 14, 22, 28, 22, 3, 14, 33, 25, 31, 31, 39, 41, 0, 0, 0, 0, 0, 0, 0, 0, 0, 0, 0, 0, 0, 0, 0, 0, 0, 45]","""[0, 13, 3, 8, 4, 8, 6, 6, 6, 7, 6, 5, 3, 2, 4, 8, 6, 8, 1, 4, 4, 127, 133, 43, 62, 146, 36, 42, 84, 108, 119, 37, 62, 102, 44, 64, 48, 119, 0]"""
j20,1,proactive_robust,600,True,57,0.09988117218017578,0.002503633499145508,"[0, 0, 0, 0, 9, 18, 9, 9, 27, 16, 28, 34, 28, 3, 18, 44, 31, 37, 37, 49, 53, 0, 0, 0, 0, 0, 0, 0, 0, 0, 0, 0, 0, 0, 0, 0, 0, 0, 146]","""[0, 9, 2, 6, 6, 7, 3, 8, 3, 10, 6, 10, 1, 2, 6, 4, 4, 10, 2, 6, 4, 127, 133, 43, 62, 146, 36, 42, 84, 108, 119, 37, 62, 102, 44, 64, 48, 119, 0]"""
j20,1,reactive,600,True,53,0.09988117218017578,0.3914682865142822,"[0, 0, 0, 0, 9, 18, 9, 9, 27, 16, 28, 34, 28, 3, 18, 44, 31, 37, 37, 47, 48, 0, 0, 0, 0, 0, 0, 0, 0, 0, 0, 0, 0, 0, 0, 0, 0, 0, 53]","[0, 9, 2, 6, 6, 7, 3, 8, 3, 10, 6, 10, 1, 2, 6, 4, 4, 10, 2, 6, 4, 127, 133, 43, 62, 146, 36, 42, 84, 108, 119, 37, 62, 102, 44, 64, 48, 119, 0]"
j20,1,stnu,600,True,43,1.0035030841827393,0.057326316833496094,"[0, 0, 0, 0, 6, 12, 6, 6, 19, 9, 19, 25, 19, 2, 12, 35, 20, 25, 25, 35, 39, 0, 0, 0, 0, 0, 0, 0, 0, 0, 0, 0, 0, 0, 0, 0, 0, 0, 43]","""[0, 9, 2, 6, 6, 7, 3, 8, 3, 10, 6, 10, 1, 2, 6, 4, 4, 10, 2, 6, 4, 127, 133, 43, 62, 146, 36, 42, 84, 108, 119, 37, 62, 102, 44, 64, 48, 119, 0]"""
j20,1,proactive_robust,600,True,57,0.09469914436340332,0.0025599002838134766,"[0, 0, 0, 0, 9, 18, 9, 9, 27, 16, 28, 34, 28, 3, 18, 44, 31, 37, 37, 49, 53, 0, 0, 0, 0, 0, 0, 0, 0, 0, 0, 0, 0, 0, 0, 0, 0, 0, 146]","""[0, 12, 2, 4, 7, 6, 7, 9, 4, 6, 3, 9, 3, 2, 5, 6, 6, 11, 1, 6, 2, 127, 133, 43, 62, 146, 36, 42, 84, 108, 119, 37, 62, 102, 44, 64, 48, 119, 0]"""
j20,1,reactive,600,True,55,0.09469914436340332,0.39586377143859863,"[0, 0, 0, 0, 9, 18, 9, 9, 27, 16, 28, 34, 28, 3, 18, 44, 31, 37, 37, 49, 50, 0, 0, 0, 0, 0, 0, 0, 0, 0, 0, 0, 0, 0, 0, 0, 0, 0, 55]","[0, 12, 2, 4, 7, 6, 7, 9, 4, 6, 3, 9, 3, 2, 5, 6, 6, 11, 1, 6, 2, 127, 133, 43, 62, 146, 36, 42, 84, 108, 119, 37, 62, 102, 44, 64, 48, 119, 0]"
j20,1,stnu,600,True,44,1.0755791664123535,0.057450294494628906,"[0, 0, 0, 0, 4, 12, 4, 4, 18, 12, 18, 22, 18, 2, 11, 31, 21, 27, 27, 38, 38, 0, 0, 0, 0, 0, 0, 0, 0, 0, 0, 0, 0, 0, 0, 0, 0, 0, 44]","""[0, 12, 2, 4, 7, 6, 7, 9, 4, 6, 3, 9, 3, 2, 5, 6, 6, 11, 1, 6, 2, 127, 133, 43, 62, 146, 36, 42, 84, 108, 119, 37, 62, 102, 44, 64, 48, 119, 0]"""
j20,1,proactive_robust,600,True,42,0.1055448055267334,0.0016527175903320312,"[0, 0, 0, 0, 6, 9, 9, 9, 18, 11, 20, 14, 17, 21, 24, 17, 26, 26, 26, 33, 26, 0, 0, 0, 0, 0, 0, 0, 0, 0, 0, 0, 0, 138]","""[0, 9, 5, 5, 2, 8, 2, 4, 2, 2, 1, 7, 3, 2, 1, 4, 1, 6, 4, 5, 5, 71, 94, 19, 51, 40, 61, 82, 26, 90, 138, 85, 81, 0]"""
j20,1,reactive,600,True,38,0.1055448055267334,0.36985325813293457,"[0, 0, 0, 0, 6, 9, 9, 9, 18, 11, 20, 14, 17, 21, 24, 17, 26, 26, 26, 33, 26, 0, 0, 0, 0, 0, 0, 0, 0, 0, 0, 0, 0, 38]","[0, 9, 5, 5, 2, 8, 2, 4, 2, 2, 1, 7, 3, 2, 1, 4, 1, 6, 4, 5, 5, 71, 94, 19, 51, 40, 61, 82, 26, 90, 138, 85, 81, 0]"
j20,1,stnu,600,True,34,0.9968516826629639,0.042313575744628906,"[0, 0, 0, 0, 5, 9, 9, 9, 17, 11, 19, 13, 17, 20, 22, 17, 23, 23, 22, 29, 23, 0, 0, 0, 0, 0, 0, 0, 0, 0, 0, 0, 0, 34]","""[0, 9, 5, 5, 2, 8, 2, 4, 2, 2, 1, 7, 3, 2, 1, 4, 1, 6, 4, 5, 5, 71, 94, 19, 51, 40, 61, 82, 26, 90, 138, 85, 81, 0]"""
j20,1,proactive_robust,600,True,42,0.09990787506103516,0.0016460418701171875,"[0, 0, 0, 0, 6, 9, 9, 9, 18, 11, 20, 14, 17, 21, 24, 17, 26, 26, 26, 33, 26, 0, 0, 0, 0, 0, 0, 0, 0, 0, 0, 0, 0, 138]","""[0, 7, 2, 4, 2, 3, 1, 6, 1, 1, 1, 7, 1, 2, 1, 9, 4, 4, 3, 7, 2, 71, 94, 19, 51, 40, 61, 82, 26, 90, 138, 85, 81, 0]"""
j20,1,reactive,600,True,40,0.09990787506103516,0.4690818786621094,"[0, 0, 0, 0, 6, 9, 9, 9, 18, 11, 20, 14, 17, 21, 24, 17, 26, 26, 26, 33, 26, 0, 0, 0, 0, 0, 0, 0, 0, 0, 0, 0, 0, 40]","[0, 7, 2, 4, 2, 3, 1, 6, 1, 1, 1, 7, 1, 2, 1, 9, 4, 4, 3, 7, 2, 71, 94, 19, 51, 40, 61, 82, 26, 90, 138, 85, 81, 0]"
j20,1,stnu,600,True,30,0.9617552757263184,0.042671918869018555,"[0, 0, 0, 0, 4, 7, 7, 7, 13, 8, 14, 9, 10, 14, 16, 10, 19, 19, 19, 23, 19, 0, 0, 0, 0, 0, 0, 0, 0, 0, 0, 0, 0, 30]","""[0, 7, 2, 4, 2, 3, 1, 6, 1, 1, 1, 7, 1, 2, 1, 9, 4, 4, 3, 7, 2, 71, 94, 19, 51, 40, 61, 82, 26, 90, 138, 85, 81, 0]"""
j20,1,proactive_robust,600,True,29,0.10580253601074219,0.0016198158264160156,"[0, 0, 0, 0, 3, 6, 6, 6, 15, 8, 17, 11, 12, 19, 21, 12, 16, 17, 16, 19, 23, 0, 0, 0, 0, 0, 0, 0, 0, 0, 0, 0, 0, 138]","""[0, 3, 1, 2, 3, 5, 1, 9, 2, 3, 2, 3, 2, 1, 1, 3, 1, 1, 2, 2, 5, 71, 94, 19, 51, 40, 61, 82, 26, 90, 138, 85, 81, 0]"""
j20,1,reactive,600,True,28,0.10580253601074219,0.3726353645324707,"[0, 0, 0, 0, 3, 6, 6, 6, 15, 8, 17, 11, 12, 19, 21, 12, 16, 17, 16, 19, 23, 0, 0, 0, 0, 0, 0, 0, 0, 0, 0, 0, 0, 28]","[0, 3, 1, 2, 3, 5, 1, 9, 2, 3, 2, 3, 2, 1, 1, 3, 1, 1, 2, 2, 5, 71, 94, 19, 51, 40, 61, 82, 26, 90, 138, 85, 81, 0]"
j20,1,stnu,600,True,29,1.1218862533569336,0.042223215103149414,"[0, 0, 0, 0, 3, 6, 6, 6, 12, 7, 14, 10, 10, 14, 16, 10, 18, 18, 18, 22, 18, 0, 0, 0, 0, 0, 0, 0, 0, 0, 0, 0, 0, 29]","""[0, 6, 3, 2, 3, 3, 1, 6, 2, 3, 1, 6, 2, 1, 1, 8, 2, 4, 4, 7, 6, 71, 94, 19, 51, 40, 61, 82, 26, 90, 138, 85, 81, 0]"""
j20,1,proactive_robust,600,True,42,0.09961628913879395,0.001653432846069336,"[0, 0, 0, 0, 6, 9, 9, 9, 18, 11, 20, 14, 17, 21, 24, 17, 26, 26, 26, 33, 26, 0, 0, 0, 0, 0, 0, 0, 0, 0, 0, 0, 0, 138]","""[0, 7, 2, 6, 3, 8, 1, 8, 1, 3, 3, 10, 1, 1, 2, 8, 1, 3, 4, 7, 3, 71, 94, 19, 51, 40, 61, 82, 26, 90, 138, 85, 81, 0]"""
j20,1,reactive,600,True,40,0.09961628913879395,0.3192310333251953,"[0, 0, 0, 0, 6, 9, 9, 9, 18, 11, 20, 14, 17, 21, 24, 17, 26, 26, 26, 33, 26, 0, 0, 0, 0, 0, 0, 0, 0, 0, 0, 0, 0, 40]","[0, 7, 2, 6, 3, 8, 1, 8, 1, 3, 3, 10, 1, 1, 2, 8, 1, 3, 4, 7, 3, 71, 94, 19, 51, 40, 61, 82, 26, 90, 138, 85, 81, 0]"
j20,1,stnu,600,True,36,1.1131019592285156,0.04289960861206055,"[0, 0, 0, 0, 6, 9, 9, 9, 17, 10, 18, 13, 17, 18, 23, 17, 25, 25, 25, 29, 25, 0, 0, 0, 0, 0, 0, 0, 0, 0, 0, 0, 0, 36]","""[0, 7, 2, 6, 3, 8, 1, 8, 1, 3, 3, 10, 1, 1, 2, 8, 1, 3, 4, 7, 3, 71, 94, 19, 51, 40, 61, 82, 26, 90, 138, 85, 81, 0]"""
j20,1,proactive_robust,600,True,42,0.09887290000915527,0.0016407966613769531,"[0, 0, 0, 0, 6, 9, 9, 9, 18, 11, 20, 14, 17, 21, 24, 17, 26, 26, 26, 33, 26, 0, 0, 0, 0, 0, 0, 0, 0, 0, 0, 0, 0, 138]","""[0, 9, 6, 3, 1, 5, 1, 8, 1, 2, 1, 6, 1, 1, 1, 6, 2, 4, 1, 5, 4, 71, 94, 19, 51, 40, 61, 82, 26, 90, 138, 85, 81, 0]"""
j20,1,reactive,600,True,38,0.09887290000915527,0.5820419788360596,"[0, 0, 0, 0, 6, 9, 9, 9, 18, 11, 20, 14, 17, 21, 24, 17, 26, 26, 26, 33, 26, 0, 0, 0, 0, 0, 0, 0, 0, 0, 0, 0, 0, 38]","[0, 9, 6, 3, 1, 5, 1, 8, 1, 2, 1, 6, 1, 1, 1, 6, 2, 4, 1, 5, 4, 71, 94, 19, 51, 40, 61, 82, 26, 90, 138, 85, 81, 0]"
j20,1,stnu,600,True,29,1.5499322414398193,0.0425107479095459,"[0, 0, 0, 0, 6, 9, 9, 9, 17, 10, 18, 12, 14, 18, 19, 14, 20, 20, 20, 24, 20, 0, 0, 0, 0, 0, 0, 0, 0, 0, 0, 0, 0, 29]","""[0, 9, 6, 3, 1, 5, 1, 8, 1, 2, 1, 6, 1, 1, 1, 6, 2, 4, 1, 5, 4, 71, 94, 19, 51, 40, 61, 82, 26, 90, 138, 85, 81, 0]"""
j20,1,proactive_robust,600,True,42,0.11009001731872559,0.0016188621520996094,"[0, 0, 0, 0, 6, 9, 9, 9, 18, 11, 20, 14, 17, 21, 24, 17, 26, 26, 26, 33, 26, 0, 0, 0, 0, 0, 0, 0, 0, 0, 0, 0, 0, 138]","""[0, 4, 3, 6, 1, 3, 2, 9, 2, 3, 2, 10, 2, 1, 1, 5, 4, 3, 2, 8, 3, 71, 94, 19, 51, 40, 61, 82, 26, 90, 138, 85, 81, 0]"""
j20,1,reactive,600,True,41,0.11009001731872559,0.31635308265686035,"[0, 0, 0, 0, 6, 9, 9, 9, 18, 11, 20, 14, 17, 21, 24, 17, 26, 26, 26, 33, 26, 0, 0, 0, 0, 0, 0, 0, 0, 0, 0, 0, 0, 41]","[0, 4, 3, 6, 1, 3, 2, 9, 2, 3, 2, 10, 2, 1, 1, 5, 4, 3, 2, 8, 3, 71, 94, 19, 51, 40, 61, 82, 26, 90, 138, 85, 81, 0]"
j20,1,stnu,600,True,35,0.9731698036193848,0.04238247871398926,"[0, 0, 0, 0, 6, 7, 7, 7, 16, 9, 18, 12, 12, 18, 22, 12, 23, 23, 22, 27, 23, 0, 0, 0, 0, 0, 0, 0, 0, 0, 0, 0, 0, 35]","""[0, 4, 3, 6, 1, 3, 2, 9, 2, 3, 2, 10, 2, 1, 1, 5, 4, 3, 2, 8, 3, 71, 94, 19, 51, 40, 61, 82, 26, 90, 138, 85, 81, 0]"""
j20,1,proactive_robust,600,True,42,0.10449671745300293,0.0016438961029052734,"[0, 0, 0, 0, 6, 9, 9, 9, 18, 11, 20, 14, 17, 21, 24, 17, 26, 26, 26, 33, 26, 0, 0, 0, 0, 0, 0, 0, 0, 0, 0, 0, 0, 138]","""[0, 7, 5, 6, 2, 8, 1, 9, 1, 2, 3, 6, 2, 2, 1, 6, 3, 4, 3, 8, 7, 71, 94, 19, 51, 40, 61, 82, 26, 90, 138, 85, 81, 0]"""
j20,1,reactive,600,True,41,0.10449671745300293,0.39032864570617676,"[0, 0, 0, 0, 6, 9, 9, 9, 18, 11, 20, 14, 17, 21, 24, 17, 26, 26, 26, 33, 26, 0, 0, 0, 0, 0, 0, 0, 0, 0, 0, 0, 0, 41]","[0, 7, 5, 6, 2, 8, 1, 9, 1, 2, 3, 6, 2, 2, 1, 6, 3, 4, 3, 8, 7, 71, 94, 19, 51, 40, 61, 82, 26, 90, 138, 85, 81, 0]"
j20,1,stnu,600,True,34,0.9731600284576416,0.042340755462646484,"[0, 0, 0, 0, 6, 8, 8, 8, 17, 9, 18, 11, 16, 18, 21, 16, 22, 22, 22, 26, 22, 0, 0, 0, 0, 0, 0, 0, 0, 0, 0, 0, 0, 34]","""[0, 7, 5, 6, 2, 8, 1, 9, 1, 2, 3, 6, 2, 2, 1, 6, 3, 4, 3, 8, 7, 71, 94, 19, 51, 40, 61, 82, 26, 90, 138, 85, 81, 0]"""
j20,1,proactive_robust,600,True,42,0.10572671890258789,0.0016295909881591797,"[0, 0, 0, 0, 6, 9, 9, 9, 18, 11, 20, 14, 17, 21, 24, 17, 26, 26, 26, 33, 26, 0, 0, 0, 0, 0, 0, 0, 0, 0, 0, 0, 0, 138]","""[0, 4, 5, 3, 1, 5, 1, 8, 1, 2, 3, 10, 3, 1, 2, 5, 2, 5, 4, 8, 4, 71, 94, 19, 51, 40, 61, 82, 26, 90, 138, 85, 81, 0]"""
j20,1,reactive,600,True,41,0.10572671890258789,0.45622849464416504,"[0, 0, 0, 0, 6, 9, 9, 9, 18, 11, 20, 14, 17, 21, 24, 17, 26, 26, 26, 33, 26, 0, 0, 0, 0, 0, 0, 0, 0, 0, 0, 0, 0, 41]","[0, 4, 5, 3, 1, 5, 1, 8, 1, 2, 3, 10, 3, 1, 2, 5, 2, 5, 4, 8, 4, 71, 94, 19, 51, 40, 61, 82, 26, 90, 138, 85, 81, 0]"
j20,1,stnu,600,True,34,0.9734692573547363,0.042427778244018555,"[0, 0, 0, 0, 5, 6, 6, 6, 14, 7, 15, 9, 11, 15, 19, 11, 21, 21, 19, 26, 21, 0, 0, 0, 0, 0, 0, 0, 0, 0, 0, 0, 0, 34]","""[0, 4, 5, 3, 1, 5, 1, 8, 1, 2, 3, 10, 3, 1, 2, 5, 2, 5, 4, 8, 4, 71, 94, 19, 51, 40, 61, 82, 26, 90, 138, 85, 81, 0]"""
j20,1,proactive_robust,600,True,42,0.10714435577392578,0.0016016960144042969,"[0, 0, 0, 0, 6, 9, 9, 9, 18, 11, 20, 14, 17, 21, 24, 17, 26, 26, 26, 33, 26, 0, 0, 0, 0, 0, 0, 0, 0, 0, 0, 0, 0, 138]","""[0, 6, 4, 5, 1, 4, 2, 7, 1, 2, 2, 6, 2, 1, 2, 5, 4, 3, 3, 5, 3, 71, 94, 19, 51, 40, 61, 82, 26, 90, 138, 85, 81, 0]"""
j20,1,reactive,600,True,38,0.10714435577392578,0.4488034248352051,"[0, 0, 0, 0, 6, 9, 9, 9, 18, 11, 20, 14, 17, 21, 24, 17, 26, 26, 26, 33, 26, 0, 0, 0, 0, 0, 0, 0, 0, 0, 0, 0, 0, 38]","[0, 6, 4, 5, 1, 4, 2, 7, 1, 2, 2, 6, 2, 1, 2, 5, 4, 3, 3, 5, 3, 71, 94, 19, 51, 40, 61, 82, 26, 90, 138, 85, 81, 0]"
j20,1,stnu,600,True,27,0.9675121307373047,0.04246068000793457,"[0, 0, 0, 0, 5, 6, 6, 6, 13, 8, 14, 10, 10, 14, 16, 10, 18, 18, 16, 22, 18, 0, 0, 0, 0, 0, 0, 0, 0, 0, 0, 0, 0, 27]","""[0, 6, 4, 5, 1, 4, 2, 7, 1, 2, 2, 6, 2, 1, 2, 5, 4, 3, 3, 5, 3, 71, 94, 19, 51, 40, 61, 82, 26, 90, 138, 85, 81, 0]"""
j20,1,proactive_robust,600,True,42,0.10607433319091797,0.0016117095947265625,"[0, 0, 0, 0, 6, 9, 9, 9, 18, 11, 20, 14, 17, 21, 24, 17, 26, 26, 26, 33, 26, 0, 0, 0, 0, 0, 0, 0, 0, 0, 0, 0, 0, 138]","""[0, 9, 6, 4, 2, 6, 2, 8, 1, 1, 1, 6, 2, 2, 1, 4, 4, 3, 4, 8, 2, 71, 94, 19, 51, 40, 61, 82, 26, 90, 138, 85, 81, 0]"""
j20,1,reactive,600,True,38,0.10607433319091797,0.36591076850891113,"[0, 0, 0, 0, 6, 9, 9, 9, 18, 11, 20, 14, 17, 21, 24, 17, 26, 26, 26, 30, 26, 0, 0, 0, 0, 0, 0, 0, 0, 0, 0, 0, 0, 38]","[0, 9, 6, 4, 2, 6, 2, 8, 1, 1, 1, 6, 2, 2, 1, 4, 4, 3, 4, 8, 2, 71, 94, 19, 51, 40, 61, 82, 26, 90, 138, 85, 81, 0]"
j20,1,stnu,600,True,33,1.080101728439331,0.04247260093688965,"[0, 0, 0, 0, 6, 9, 9, 9, 17, 11, 18, 12, 15, 18, 20, 15, 21, 21, 20, 25, 21, 0, 0, 0, 0, 0, 0, 0, 0, 0, 0, 0, 0, 33]","""[0, 9, 6, 4, 2, 6, 2, 8, 1, 1, 1, 6, 2, 2, 1, 4, 4, 3, 4, 8, 2, 71, 94, 19, 51, 40, 61, 82, 26, 90, 138, 85, 81, 0]"""
j20,1,proactive_robust,600,True,61,0.10620450973510742,0.0024437904357910156,"[0, 14, 0, 0, 7, 3, 34, 15, 30, 24, 15, 41, 18, 26, 40, 31, 31, 48, 55, 52, 49, 0, 0, 0, 0, 0, 0, 0, 0, 0, 0, 0, 0, 0, 0, 0, 153]","""[0, 12, 6, 2, 6, 9, 6, 9, 5, 2, 3, 5, 6, 3, 6, 3, 6, 1, 4, 4, 3, 53, 57, 76, 94, 102, 37, 100, 135, 153, 68, 57, 81, 62, 111, 128, 0]"""
j20,1,reactive,600,True,56,0.10620450973510742,0.6955873966217041,"[0, 14, 0, 0, 7, 3, 34, 15, 30, 24, 15, 41, 18, 26, 40, 31, 31, 48, 46, 52, 49, 0, 0, 0, 0, 0, 0, 0, 0, 0, 0, 0, 0, 0, 0, 0, 56]","[0, 12, 6, 2, 6, 9, 6, 9, 5, 2, 3, 5, 6, 3, 6, 3, 6, 1, 4, 4, 3, 53, 57, 76, 94, 102, 37, 100, 135, 153, 68, 57, 81, 62, 111, 128, 0]"
j20,1,stnu,600,True,48,1.0351531505584717,0.053902387619018555,"[0, 12, 0, 0, 6, 2, 30, 12, 27, 21, 11, 36, 14, 24, 33, 27, 27, 41, 44, 42, 41, 0, 0, 0, 0, 0, 0, 0, 0, 0, 0, 0, 0, 0, 0, 0, 48]","""[0, 12, 6, 2, 6, 9, 6, 9, 5, 2, 3, 5, 6, 3, 6, 3, 6, 1, 4, 4, 3, 53, 57, 76, 94, 102, 37, 100, 135, 153, 68, 57, 81, 62, 111, 128, 0]"""
j20,1,proactive_robust,600,True,61,0.11031150817871094,0.002385854721069336,"[0, 14, 0, 0, 7, 3, 34, 15, 30, 24, 15, 41, 18, 26, 40, 31, 31, 48, 49, 52, 55, 0, 0, 0, 0, 0, 0, 0, 0, 0, 0, 0, 0, 0, 0, 0, 153]","""[0, 6, 2, 2, 4, 12, 5, 7, 4, 6, 3, 4, 3, 4, 8, 1, 6, 3, 4, 5, 3, 53, 57, 76, 94, 102, 37, 100, 135, 153, 68, 57, 81, 62, 111, 128, 0]"""
j20,1,reactive,600,True,58,0.11031150817871094,0.5974221229553223,"[0, 14, 0, 0, 7, 3, 34, 15, 30, 24, 15, 41, 18, 26, 40, 31, 31, 48, 49, 52, 55, 0, 0, 0, 0, 0, 0, 0, 0, 0, 0, 0, 0, 0, 0, 0, 58]","[0, 6, 2, 2, 4, 12, 5, 7, 4, 6, 3, 4, 3, 4, 8, 1, 6, 3, 4, 5, 3, 53, 57, 76, 94, 102, 37, 100, 135, 153, 68, 57, 81, 62, 111, 128, 0]"
j20,1,stnu,600,True,48,1.0915422439575195,0.05351066589355469,"[0, 6, 0, 0, 2, 2, 28, 14, 25, 21, 14, 33, 17, 21, 33, 27, 27, 37, 44, 41, 41, 0, 0, 0, 0, 0, 0, 0, 0, 0, 0, 0, 0, 0, 0, 0, 48]","""[0, 6, 2, 2, 4, 12, 5, 7, 4, 6, 3, 4, 3, 4, 8, 1, 6, 3, 4, 5, 3, 53, 57, 76, 94, 102, 37, 100, 135, 153, 68, 57, 81, 62, 111, 128, 0]"""
j20,1,proactive_robust,600,True,61,0.10532617568969727,0.0024716854095458984,"[0, 14, 0, 0, 7, 3, 34, 15, 30, 24, 15, 41, 18, 26, 40, 31, 31, 48, 55, 52, 49, 0, 0, 0, 0, 0, 0, 0, 0, 0, 0, 0, 0, 0, 0, 0, 153]","""[0, 12, 2, 1, 5, 11, 5, 7, 5, 4, 2, 7, 7, 2, 4, 3, 8, 3, 5, 5, 3, 53, 57, 76, 94, 102, 37, 100, 135, 153, 68, 57, 81, 62, 111, 128, 0]"""
j20,1,reactive,600,True,60,0.10532617568969727,0.7847480773925781,"[0, 14, 0, 0, 7, 3, 34, 15, 30, 24, 15, 41, 18, 26, 40, 31, 31, 48, 55, 52, 49, 0, 0, 0, 0, 0, 0, 0, 0, 0, 0, 0, 0, 0, 0, 0, 60]","[0, 12, 2, 1, 5, 11, 5, 7, 5, 4, 2, 7, 7, 2, 4, 3, 8, 3, 5, 5, 3, 53, 57, 76, 94, 102, 37, 100, 135, 153, 68, 57, 81, 62, 111, 128, 0]"
j20,1,stnu,600,True,46,1.1462407112121582,0.053503990173339844,"[0, 7, 0, 0, 2, 1, 26, 12, 23, 19, 12, 31, 14, 21, 31, 23, 23, 38, 41, 41, 38, 0, 0, 0, 0, 0, 0, 0, 0, 0, 0, 0, 0, 0, 0, 0, 46]","""[0, 12, 2, 1, 5, 11, 5, 7, 5, 4, 2, 7, 7, 2, 4, 3, 8, 3, 5, 5, 3, 53, 57, 76, 94, 102, 37, 100, 135, 153, 68, 57, 81, 62, 111, 128, 0]"""
j20,1,proactive_robust,600,True,61,0.10639429092407227,0.002368450164794922,"[0, 14, 0, 0, 7, 3, 34, 15, 30, 24, 15, 41, 18, 26, 40, 31, 31, 48, 55, 52, 49, 0, 0, 0, 0, 0, 0, 0, 0, 0, 0, 0, 0, 0, 0, 0, 153]","""[0, 12, 5, 1, 3, 12, 4, 6, 2, 6, 3, 3, 5, 4, 5, 3, 5, 2, 4, 5, 2, 53, 57, 76, 94, 102, 37, 100, 135, 153, 68, 57, 81, 62, 111, 128, 0]"""
j20,1,reactive,600,True,57,0.10639429092407227,0.6798303127288818,"[0, 14, 0, 0, 7, 3, 34, 15, 30, 24, 15, 41, 18, 26, 40, 31, 31, 48, 36, 52, 49, 0, 0, 0, 0, 0, 0, 0, 0, 0, 0, 0, 0, 0, 0, 0, 57]","[0, 12, 5, 1, 3, 12, 4, 6, 2, 6, 3, 3, 5, 4, 5, 3, 5, 2, 4, 5, 2, 53, 57, 76, 94, 102, 37, 100, 135, 153, 68, 57, 81, 62, 111, 128, 0]"
j20,1,stnu,600,True,42,1.4069795608520508,0.05389738082885742,"[0, 8, 0, 0, 5, 1, 28, 13, 25, 19, 13, 32, 16, 21, 30, 25, 25, 35, 37, 37, 35, 0, 0, 0, 0, 0, 0, 0, 0, 0, 0, 0, 0, 0, 0, 0, 42]","""[0, 12, 5, 1, 3, 12, 4, 6, 2, 6, 3, 3, 5, 4, 5, 3, 5, 2, 4, 5, 2, 53, 57, 76, 94, 102, 37, 100, 135, 153, 68, 57, 81, 62, 111, 128, 0]"""
j20,1,proactive_robust,600,True,61,0.09836196899414062,0.002357006072998047,"[0, 14, 0, 0, 7, 3, 34, 15, 30, 24, 15, 41, 18, 26, 40, 31, 31, 48, 55, 52, 49, 0, 0, 0, 0, 0, 0, 0, 0, 0, 0, 0, 0, 0, 0, 0, 153]","""[0, 7, 3, 1, 3, 8, 2, 4, 5, 3, 2, 3, 6, 3, 5, 2, 6, 2, 5, 3, 6, 53, 57, 76, 94, 102, 37, 100, 135, 153, 68, 57, 81, 62, 111, 128, 0]"""
j20,1,reactive,600,True,58,0.09836196899414062,0.9850766658782959,"[0, 14, 0, 0, 7, 3, 34, 15, 30, 24, 15, 41, 18, 26, 40, 31, 31, 48, 50, 55, 49, 0, 0, 0, 0, 0, 0, 0, 0, 0, 0, 0, 0, 0, 0, 0, 58]","[0, 7, 3, 1, 3, 8, 2, 4, 5, 3, 2, 3, 6, 3, 5, 2, 6, 2, 5, 3, 6, 53, 57, 76, 94, 102, 37, 100, 135, 153, 68, 57, 81, 62, 111, 128, 0]"
j20,1,stnu,600,True,42,1.1354801654815674,0.05384254455566406,"[0, 6, 0, 0, 3, 1, 22, 9, 20, 13, 9, 25, 11, 17, 26, 20, 20, 28, 37, 31, 31, 0, 0, 0, 0, 0, 0, 0, 0, 0, 0, 0, 0, 0, 0, 0, 42]","""[0, 7, 3, 1, 3, 8, 2, 4, 5, 3, 2, 3, 6, 3, 5, 2, 6, 2, 5, 3, 6, 53, 57, 76, 94, 102, 37, 100, 135, 153, 68, 57, 81, 62, 111, 128, 0]"""
j20,1,proactive_robust,600,True,61,0.10256099700927734,0.0023565292358398438,"[0, 14, 0, 0, 7, 3, 34, 15, 30, 24, 15, 41, 18, 26, 40, 31, 31, 48, 55, 52, 49, 0, 0, 0, 0, 0, 0, 0, 0, 0, 0, 0, 0, 0, 0, 0, 153]","""[0, 7, 3, 3, 3, 9, 7, 8, 5, 4, 1, 5, 6, 2, 9, 3, 5, 2, 3, 4, 6, 53, 57, 76, 94, 102, 37, 100, 135, 153, 68, 57, 81, 62, 111, 128, 0]"""
j20,1,reactive,600,True,56,0.10256099700927734,0.6014750003814697,"[0, 14, 0, 0, 7, 3, 34, 15, 30, 24, 15, 41, 18, 26, 40, 31, 31, 48, 36, 52, 49, 0, 0, 0, 0, 0, 0, 0, 0, 0, 0, 0, 0, 0, 0, 0, 56]","[0, 7, 3, 3, 3, 9, 7, 8, 5, 4, 1, 5, 6, 2, 9, 3, 5, 2, 3, 4, 6, 53, 57, 76, 94, 102, 37, 100, 135, 153, 68, 57, 81, 62, 111, 128, 0]"
j20,1,stnu,600,True,48,1.1374990940093994,0.05356645584106445,"[0, 6, 0, 0, 3, 3, 27, 12, 22, 20, 12, 34, 13, 20, 29, 24, 24, 39, 45, 41, 39, 0, 0, 0, 0, 0, 0, 0, 0, 0, 0, 0, 0, 0, 0, 0, 48]","""[0, 7, 3, 3, 3, 9, 7, 8, 5, 4, 1, 5, 6, 2, 9, 3, 5, 2, 3, 4, 6, 53, 57, 76, 94, 102, 37, 100, 135, 153, 68, 57, 81, 62, 111, 128, 0]"""
j20,1,proactive_robust,600,True,61,0.10584139823913574,0.0023849010467529297,"[0, 14, 0, 0, 7, 3, 34, 15, 30, 24, 15, 41, 18, 26, 40, 31, 31, 48, 55, 52, 49, 0, 0, 0, 0, 0, 0, 0, 0, 0, 0, 0, 0, 0, 0, 0, 153]","""[0, 9, 3, 2, 4, 12, 4, 5, 2, 5, 3, 7, 6, 1, 9, 3, 7, 2, 6, 5, 2, 53, 57, 76, 94, 102, 37, 100, 135, 153, 68, 57, 81, 62, 111, 128, 0]"""
j20,1,reactive,600,True,57,0.10584139823913574,0.8219656944274902,"[0, 14, 0, 0, 7, 3, 34, 15, 30, 24, 15, 41, 18, 26, 40, 31, 31, 48, 50, 52, 49, 0, 0, 0, 0, 0, 0, 0, 0, 0, 0, 0, 0, 0, 0, 0, 57]","[0, 9, 3, 2, 4, 12, 4, 5, 2, 5, 3, 7, 6, 1, 9, 3, 7, 2, 6, 5, 2, 53, 57, 76, 94, 102, 37, 100, 135, 153, 68, 57, 81, 62, 111, 128, 0]"
j20,1,stnu,600,True,48,1.014406681060791,0.05379128456115723,"[0, 7, 0, 0, 3, 2, 27, 14, 24, 19, 14, 31, 17, 23, 31, 24, 24, 38, 42, 40, 40, 0, 0, 0, 0, 0, 0, 0, 0, 0, 0, 0, 0, 0, 0, 0, 48]","""[0, 9, 3, 2, 4, 12, 4, 5, 2, 5, 3, 7, 6, 1, 9, 3, 7, 2, 6, 5, 2, 53, 57, 76, 94, 102, 37, 100, 135, 153, 68, 57, 81, 62, 111, 128, 0]"""
j20,1,proactive_robust,600,True,61,0.10261368751525879,0.0023796558380126953,"[0, 14, 0, 0, 7, 3, 34, 15, 30, 24, 15, 41, 18, 26, 40, 31, 31, 48, 55, 52, 49, 0, 0, 0, 0, 0, 0, 0, 0, 0, 0, 0, 0, 0, 0, 0, 153]","""[0, 7, 7, 3, 6, 6, 6, 7, 3, 6, 3, 7, 4, 4, 4, 3, 5, 2, 3, 6, 5, 53, 57, 76, 94, 102, 37, 100, 135, 153, 68, 57, 81, 62, 111, 128, 0]"""
j20,1,reactive,600,True,58,0.10261368751525879,0.4843027591705322,"[0, 14, 0, 0, 7, 3, 34, 15, 30, 24, 15, 41, 18, 26, 40, 31, 31, 48, 55, 52, 49, 0, 0, 0, 0, 0, 0, 0, 0, 0, 0, 0, 0, 0, 0, 0, 58]","[0, 7, 7, 3, 6, 6, 6, 7, 3, 6, 3, 7, 4, 4, 4, 3, 5, 2, 3, 6, 5, 53, 57, 76, 94, 102, 37, 100, 135, 153, 68, 57, 81, 62, 111, 128, 0]"
j20,1,stnu,600,True,50,1.013873815536499,0.053670644760131836,"[0, 13, 0, 0, 7, 3, 29, 13, 24, 20, 9, 35, 12, 20, 31, 26, 26, 42, 47, 44, 42, 0, 0, 0, 0, 0, 0, 0, 0, 0, 0, 0, 0, 0, 0, 0, 50]","""[0, 7, 7, 3, 6, 6, 6, 7, 3, 6, 3, 7, 4, 4, 4, 3, 5, 2, 3, 6, 5, 53, 57, 76, 94, 102, 37, 100, 135, 153, 68, 57, 81, 62, 111, 128, 0]"""
j20,1,proactive_robust,600,True,61,0.10715937614440918,0.002444744110107422,"[0, 14, 0, 0, 7, 3, 34, 15, 30, 24, 15, 41, 18, 26, 40, 31, 31, 48, 55, 52, 49, 0, 0, 0, 0, 0, 0, 0, 0, 0, 0, 0, 0, 0, 0, 0, 153]","""[0, 12, 3, 2, 5, 7, 2, 8, 5, 2, 1, 6, 3, 3, 9, 1, 8, 3, 5, 5, 3, 53, 57, 76, 94, 102, 37, 100, 135, 153, 68, 57, 81, 62, 111, 128, 0]"""
j20,1,reactive,600,True,60,0.10715937614440918,0.7733566761016846,"[0, 14, 0, 0, 7, 3, 34, 15, 30, 24, 15, 41, 18, 26, 40, 31, 31, 48, 55, 52, 49, 0, 0, 0, 0, 0, 0, 0, 0, 0, 0, 0, 0, 0, 0, 0, 60]","[0, 12, 3, 2, 5, 7, 2, 8, 5, 2, 1, 6, 3, 3, 9, 1, 8, 3, 5, 5, 3, 53, 57, 76, 94, 102, 37, 100, 135, 153, 68, 57, 81, 62, 111, 128, 0]"
j20,1,stnu,600,True,48,1.057762861251831,0.05421853065490723,"[0, 8, 0, 0, 3, 2, 24, 9, 23, 17, 9, 28, 10, 20, 31, 23, 23, 34, 43, 40, 40, 0, 0, 0, 0, 0, 0, 0, 0, 0, 0, 0, 0, 0, 0, 0, 48]","""[0, 12, 3, 2, 5, 7, 2, 8, 5, 2, 1, 6, 3, 3, 9, 1, 8, 3, 5, 5, 3, 53, 57, 76, 94, 102, 37, 100, 135, 153, 68, 57, 81, 62, 111, 128, 0]"""
j20,1,proactive_robust,600,True,61,0.10755467414855957,0.0023910999298095703,"[0, 14, 0, 0, 7, 3, 34, 15, 30, 24, 15, 41, 18, 26, 40, 31, 31, 48, 55, 52, 49, 0, 0, 0, 0, 0, 0, 0, 0, 0, 0, 0, 0, 0, 0, 0, 153]","""[0, 8, 5, 3, 7, 6, 4, 9, 2, 6, 3, 6, 5, 1, 5, 1, 5, 3, 4, 6, 3, 53, 57, 76, 94, 102, 37, 100, 135, 153, 68, 57, 81, 62, 111, 128, 0]"""
j20,1,reactive,600,True,59,0.10755467414855957,0.5730490684509277,"[0, 14, 0, 0, 7, 3, 34, 15, 30, 24, 15, 41, 18, 26, 40, 31, 31, 48, 55, 52, 49, 0, 0, 0, 0, 0, 0, 0, 0, 0, 0, 0, 0, 0, 0, 0, 59]","[0, 8, 5, 3, 7, 6, 4, 9, 2, 6, 3, 6, 5, 1, 5, 1, 5, 3, 4, 6, 3, 53, 57, 76, 94, 102, 37, 100, 135, 153, 68, 57, 81, 62, 111, 128, 0]"
j20,1,stnu,600,True,47,1.1114401817321777,0.05354475975036621,"[0, 12, 0, 0, 5, 3, 28, 12, 22, 21, 9, 32, 12, 21, 32, 27, 27, 38, 41, 41, 38, 0, 0, 0, 0, 0, 0, 0, 0, 0, 0, 0, 0, 0, 0, 0, 47]","""[0, 8, 5, 3, 7, 6, 4, 9, 2, 6, 3, 6, 5, 1, 5, 1, 5, 3, 4, 6, 3, 53, 57, 76, 94, 102, 37, 100, 135, 153, 68, 57, 81, 62, 111, 128, 0]"""
j20,1,proactive_robust,600,True,46,0.09024214744567871,0.0013434886932373047,"[0, 0, 0, 0, 10, 10, 12, 8, 17, 17, 8, 24, 32, 12, 24, 17, 26, 14, 39, 21, 39, 0, 0, 0, 0, 0, 0, 0, 138]","""[0, 7, 4, 2, 2, 7, 1, 8, 8, 2, 5, 4, 4, 5, 4, 3, 7, 6, 2, 2, 1, 36, 68, 73, 137, 138, 95, 109, 0]"""
j20,1,reactive,600,True,38,0.09024214744567871,0.3657999038696289,"[0, 0, 0, 0, 10, 10, 12, 8, 17, 17, 8, 24, 32, 12, 24, 17, 26, 14, 36, 21, 36, 0, 0, 0, 0, 0, 0, 0, 38]","[0, 7, 4, 2, 2, 7, 1, 8, 8, 2, 5, 4, 4, 5, 4, 3, 7, 6, 2, 2, 1, 36, 68, 73, 137, 138, 95, 109, 0]"
j20,1,stnu,600,True,31,0.9101738929748535,0.02731800079345703,"[0, 0, 0, 0, 7, 7, 9, 4, 14, 14, 4, 16, 20, 9, 16, 14, 22, 9, 29, 15, 29, 0, 0, 0, 0, 0, 0, 0, 31]","""[0, 7, 4, 2, 2, 7, 1, 8, 8, 2, 5, 4, 4, 5, 4, 3, 7, 6, 2, 2, 1, 36, 68, 73, 137, 138, 95, 109, 0]"""
j20,1,proactive_robust,600,True,46,0.08503103256225586,0.0013518333435058594,"[0, 0, 0, 0, 10, 10, 12, 8, 17, 17, 8, 24, 32, 12, 24, 17, 26, 14, 39, 21, 39, 0, 0, 0, 0, 0, 0, 0, 138]","""[0, 10, 6, 3, 1, 3, 4, 7, 7, 5, 2, 4, 2, 6, 1, 3, 7, 5, 6, 5, 3, 36, 68, 73, 137, 138, 95, 109, 0]"""
j20,1,reactive,600,True,40,0.08503103256225586,0.3381044864654541,"[0, 0, 0, 0, 10, 10, 12, 8, 17, 17, 8, 24, 32, 12, 24, 17, 26, 14, 34, 21, 34, 0, 0, 0, 0, 0, 0, 0, 40]","[0, 10, 6, 3, 1, 3, 4, 7, 7, 5, 2, 4, 2, 6, 1, 3, 7, 5, 6, 5, 3, 36, 68, 73, 137, 138, 95, 109, 0]"
j20,1,stnu,600,True,33,0.8852429389953613,0.027454137802124023,"[0, 0, 0, 0, 10, 10, 11, 6, 13, 15, 6, 20, 24, 11, 20, 15, 20, 10, 27, 17, 27, 0, 0, 0, 0, 0, 0, 0, 33]","""[0, 10, 6, 3, 1, 3, 4, 7, 7, 5, 2, 4, 2, 6, 1, 3, 7, 5, 6, 5, 3, 36, 68, 73, 137, 138, 95, 109, 0]"""
j20,1,proactive_robust,600,True,46,0.0863943099975586,0.0013649463653564453,"[0, 0, 0, 0, 10, 10, 12, 8, 17, 17, 8, 24, 32, 12, 24, 17, 26, 14, 39, 21, 39, 0, 0, 0, 0, 0, 0, 0, 138]","""[0, 10, 7, 2, 1, 5, 2, 8, 5, 2, 5, 3, 5, 5, 4, 2, 5, 4, 2, 3, 2, 36, 68, 73, 137, 138, 95, 109, 0]"""
j20,1,reactive,600,True,39,0.0863943099975586,0.38924741744995117,"[0, 0, 0, 0, 10, 10, 12, 8, 17, 17, 8, 24, 32, 12, 24, 17, 26, 14, 37, 21, 37, 0, 0, 0, 0, 0, 0, 0, 39]","[0, 10, 7, 2, 1, 5, 2, 8, 5, 2, 5, 3, 5, 5, 4, 2, 5, 4, 2, 3, 2, 36, 68, 73, 137, 138, 95, 109, 0]"
j20,1,stnu,600,True,27,0.8748700618743896,0.02698969841003418,"[0, 0, 0, 0, 10, 10, 11, 7, 15, 15, 7, 17, 20, 11, 17, 15, 20, 12, 25, 16, 25, 0, 0, 0, 0, 0, 0, 0, 27]","""[0, 10, 7, 2, 1, 5, 2, 8, 5, 2, 5, 3, 5, 5, 4, 2, 5, 4, 2, 3, 2, 36, 68, 73, 137, 138, 95, 109, 0]"""
j20,1,proactive_robust,600,True,46,0.08354949951171875,0.0013592243194580078,"[0, 0, 0, 0, 10, 10, 12, 8, 17, 17, 8, 24, 32, 12, 24, 17, 26, 14, 39, 21, 39, 0, 0, 0, 0, 0, 0, 0, 138]","""[0, 6, 8, 4, 1, 4, 1, 8, 7, 7, 4, 7, 5, 6, 4, 2, 8, 6, 7, 3, 1, 36, 68, 73, 137, 138, 95, 109, 0]"""
j20,1,reactive,600,True,44,0.08354949951171875,0.32666778564453125,"[0, 0, 0, 0, 10, 10, 12, 8, 17, 17, 8, 24, 32, 12, 24, 17, 26, 14, 37, 21, 37, 0, 0, 0, 0, 0, 0, 0, 44]","[0, 6, 8, 4, 1, 4, 1, 8, 7, 7, 4, 7, 5, 6, 4, 2, 8, 6, 7, 3, 1, 36, 68, 73, 137, 138, 95, 109, 0]"
j20,1,stnu,600,True,42,0.8678438663482666,0.027870893478393555,"[0, 0, 0, 0, 6, 6, 7, 8, 10, 16, 8, 23, 30, 8, 23, 16, 23, 12, 35, 18, 35, 0, 0, 0, 0, 0, 0, 0, 42]","""[0, 6, 8, 4, 1, 4, 1, 8, 7, 7, 4, 7, 5, 6, 4, 2, 8, 6, 7, 3, 1, 36, 68, 73, 137, 138, 95, 109, 0]"""
j20,1,proactive_robust,600,True,46,0.09278321266174316,0.0013492107391357422,"[0, 0, 0, 0, 10, 10, 12, 8, 17, 17, 8, 24, 32, 12, 24, 17, 26, 14, 39, 21, 39, 0, 0, 0, 0, 0, 0, 0, 138]","""[0, 8, 8, 4, 1, 7, 4, 5, 5, 6, 5, 6, 3, 2, 1, 1, 4, 6, 7, 5, 1, 36, 68, 73, 137, 138, 95, 109, 0]"""
j20,1,reactive,600,True,42,0.09278321266174316,0.30724310874938965,"[0, 0, 0, 0, 10, 10, 12, 8, 17, 17, 8, 24, 32, 12, 24, 17, 26, 14, 35, 21, 35, 0, 0, 0, 0, 0, 0, 0, 42]","[0, 8, 8, 4, 1, 7, 4, 5, 5, 6, 5, 6, 3, 2, 1, 1, 4, 6, 7, 5, 1, 36, 68, 73, 137, 138, 95, 109, 0]"
j20,1,stnu,600,True,37,0.8637256622314453,0.027593612670898438,"[0, 0, 0, 0, 8, 8, 9, 8, 15, 15, 8, 21, 27, 9, 21, 15, 21, 13, 30, 19, 30, 0, 0, 0, 0, 0, 0, 0, 37]","""[0, 8, 8, 4, 1, 7, 4, 5, 5, 6, 5, 6, 3, 2, 1, 1, 4, 6, 7, 5, 1, 36, 68, 73, 137, 138, 95, 109, 0]"""
j20,1,proactive_robust,600,True,46,0.08403730392456055,0.0013616085052490234,"[0, 0, 0, 0, 10, 10, 12, 8, 17, 17, 8, 24, 32, 12, 24, 17, 26, 14, 39, 21, 39, 0, 0, 0, 0, 0, 0, 0, 138]","""[0, 6, 4, 1, 2, 7, 2, 7, 5, 4, 5, 7, 6, 7, 1, 1, 8, 2, 2, 5, 1, 36, 68, 73, 137, 138, 95, 109, 0]"""
j20,1,reactive,600,True,41,0.08403730392456055,0.36678242683410645,"[0, 0, 0, 0, 10, 10, 12, 8, 17, 17, 8, 24, 32, 12, 24, 17, 26, 14, 39, 21, 39, 0, 0, 0, 0, 0, 0, 0, 41]","[0, 6, 4, 1, 2, 7, 2, 7, 5, 4, 5, 7, 6, 7, 1, 1, 8, 2, 2, 5, 1, 36, 68, 73, 137, 138, 95, 109, 0]"
j20,1,stnu,600,True,32,0.8641369342803955,0.02725958824157715,"[0, 0, 0, 0, 6, 6, 8, 4, 13, 13, 4, 17, 24, 8, 17, 13, 18, 9, 30, 15, 30, 0, 0, 0, 0, 0, 0, 0, 32]","""[0, 6, 4, 1, 2, 7, 2, 7, 5, 4, 5, 7, 6, 7, 1, 1, 8, 2, 2, 5, 1, 36, 68, 73, 137, 138, 95, 109, 0]"""
j20,1,proactive_robust,600,True,46,0.08982086181640625,0.0013303756713867188,"[0, 0, 0, 0, 10, 10, 12, 8, 17, 17, 8, 24, 32, 12, 24, 17, 26, 14, 39, 21, 39, 0, 0, 0, 0, 0, 0, 0, 138]","""[0, 5, 3, 4, 1, 6, 2, 9, 8, 5, 2, 6, 3, 7, 1, 3, 7, 4, 7, 3, 2, 36, 68, 73, 137, 138, 95, 109, 0]"""
j20,1,reactive,600,True,42,0.08982086181640625,0.32729601860046387,"[0, 0, 0, 0, 10, 10, 12, 8, 17, 17, 8, 24, 32, 12, 24, 17, 26, 14, 35, 21, 35, 0, 0, 0, 0, 0, 0, 0, 42]","[0, 5, 3, 4, 1, 6, 2, 9, 8, 5, 2, 6, 3, 7, 1, 3, 7, 4, 7, 3, 2, 36, 68, 73, 137, 138, 95, 109, 0]"
j20,1,stnu,600,True,34,0.8660104274749756,0.027234315872192383,"[0, 0, 0, 0, 5, 5, 6, 4, 11, 13, 4, 18, 24, 6, 18, 13, 19, 6, 27, 13, 27, 0, 0, 0, 0, 0, 0, 0, 34]","""[0, 5, 3, 4, 1, 6, 2, 9, 8, 5, 2, 6, 3, 7, 1, 3, 7, 4, 7, 3, 2, 36, 68, 73, 137, 138, 95, 109, 0]"""
j20,1,proactive_robust,600,True,46,0.0874788761138916,0.0013332366943359375,"[0, 0, 0, 0, 10, 10, 12, 8, 17, 17, 8, 24, 32, 12, 24, 17, 26, 14, 39, 21, 39, 0, 0, 0, 0, 0, 0, 0, 138]","""[0, 6, 8, 3, 2, 7, 3, 9, 4, 2, 6, 7, 5, 5, 1, 1, 7, 6, 4, 5, 3, 36, 68, 73, 137, 138, 95, 109, 0]"""
j20,1,reactive,600,True,43,0.0874788761138916,0.2941403388977051,"[0, 0, 0, 0, 10, 10, 12, 8, 17, 17, 8, 24, 32, 12, 24, 17, 26, 14, 39, 21, 39, 0, 0, 0, 0, 0, 0, 0, 43]","[0, 6, 8, 3, 2, 7, 3, 9, 4, 2, 6, 7, 5, 5, 1, 1, 7, 6, 4, 5, 3, 36, 68, 73, 137, 138, 95, 109, 0]"
j20,1,stnu,600,True,35,0.864964485168457,0.02720952033996582,"[0, 0, 0, 0, 6, 6, 8, 8, 13, 17, 8, 19, 26, 8, 19, 17, 19, 14, 31, 20, 31, 0, 0, 0, 0, 0, 0, 0, 35]","""[0, 6, 8, 3, 2, 7, 3, 9, 4, 2, 6, 7, 5, 5, 1, 1, 7, 6, 4, 5, 3, 36, 68, 73, 137, 138, 95, 109, 0]"""
j20,1,proactive_robust,600,True,46,0.08160853385925293,0.001344919204711914,"[0, 0, 0, 0, 10, 10, 12, 8, 17, 17, 8, 24, 32, 12, 24, 17, 26, 14, 39, 21, 39, 0, 0, 0, 0, 0, 0, 0, 138]","""[0, 9, 8, 3, 1, 3, 3, 5, 4, 6, 3, 4, 2, 7, 1, 2, 9, 7, 4, 5, 3, 36, 68, 73, 137, 138, 95, 109, 0]"""
j20,1,reactive,600,True,38,0.08160853385925293,0.33175230026245117,"[0, 0, 0, 0, 10, 10, 12, 8, 17, 17, 8, 24, 32, 12, 24, 17, 26, 14, 34, 21, 35, 0, 0, 0, 0, 0, 0, 0, 38]","[0, 9, 8, 3, 1, 3, 3, 5, 4, 6, 3, 4, 2, 7, 1, 2, 9, 7, 4, 5, 3, 36, 68, 73, 137, 138, 95, 109, 0]"
j20,1,stnu,600,True,32,0.8685142993927002,0.02738046646118164,"[0, 0, 0, 0, 9, 9, 10, 8, 12, 13, 8, 19, 23, 10, 19, 13, 19, 11, 28, 18, 28, 0, 0, 0, 0, 0, 0, 0, 32]","""[0, 9, 8, 3, 1, 3, 3, 5, 4, 6, 3, 4, 2, 7, 1, 2, 9, 7, 4, 5, 3, 36, 68, 73, 137, 138, 95, 109, 0]"""
j20,1,proactive_robust,600,True,32,0.09053277969360352,0.001283884048461914,"[0, 0, 0, 0, 6, 6, 8, 4, 12, 7, 4, 12, 15, 16, 22, 7, 12, 6, 26, 12, 21, 0, 0, 0, 0, 0, 0, 0, 138]","""[0, 5, 2, 3, 2, 6, 2, 2, 2, 1, 1, 1, 5, 5, 2, 3, 3, 2, 5, 3, 2, 36, 68, 73, 137, 138, 95, 109, 0]"""
j20,1,reactive,600,True,31,0.09053277969360352,0.31773829460144043,"[0, 0, 0, 0, 6, 6, 8, 4, 12, 7, 4, 12, 15, 16, 22, 7, 12, 6, 26, 12, 21, 0, 0, 0, 0, 0, 0, 0, 31]","[0, 5, 2, 3, 2, 6, 2, 2, 2, 1, 1, 1, 5, 5, 2, 3, 3, 2, 5, 3, 2, 36, 68, 73, 137, 138, 95, 109, 0]"
j20,1,stnu,600,True,33,0.864882230758667,0.028719186782836914,"[0, 0, 0, 0, 5, 5, 6, 4, 10, 11, 4, 13, 20, 6, 13, 11, 16, 10, 27, 14, 27, 0, 0, 0, 0, 0, 0, 0, 33]","""[0, 5, 4, 2, 1, 5, 1, 7, 6, 2, 6, 7, 7, 5, 2, 3, 9, 4, 6, 5, 3, 36, 68, 73, 137, 138, 95, 109, 0]"""
j20,1,proactive_robust,600,True,56,0.13775324821472168,0.0015163421630859375,"[0, 0, 0, 0, 8, 27, 8, 9, 22, 31, 10, 24, 21, 29, 24, 29, 26, 44, 37, 52, 31, 0, 0, 0, 0, 0, 0, 0, 0, 0, 174]","""[0, 9, 7, 5, 1, 3, 7, 13, 2, 8, 11, 2, 3, 8, 2, 7, 1, 8, 7, 1, 6, 174, 28, 80, 51, 27, 118, 26, 131, 103, 0]"""
j20,1,reactive,600,True,53,0.13775324821472168,0.3395402431488037,"[0, 0, 0, 0, 8, 27, 8, 9, 22, 31, 10, 24, 21, 29, 24, 29, 26, 44, 37, 52, 31, 0, 0, 0, 0, 0, 0, 0, 0, 0, 53]","[0, 9, 7, 5, 1, 3, 7, 13, 2, 8, 11, 2, 3, 8, 2, 7, 1, 8, 7, 1, 6, 174, 28, 80, 51, 27, 118, 26, 131, 103, 0]"
j20,1,stnu,600,True,46,0.9809856414794922,0.03596138954162598,"[0, 0, 0, 0, 7, 26, 7, 9, 22, 29, 9, 24, 14, 27, 24, 27, 26, 37, 35, 45, 29, 0, 0, 0, 0, 0, 0, 0, 0, 0, 46]","""[0, 9, 7, 5, 1, 3, 7, 13, 2, 8, 11, 2, 3, 8, 2, 7, 1, 8, 7, 1, 6, 174, 28, 80, 51, 27, 118, 26, 131, 103, 0]"""
j20,1,proactive_robust,600,True,56,0.1350085735321045,0.001550436019897461,"[0, 0, 0, 0, 8, 27, 8, 9, 22, 31, 10, 24, 21, 29, 24, 29, 26, 44, 37, 52, 31, 0, 0, 0, 0, 0, 0, 0, 0, 0, 174]","""[0, 6, 7, 4, 2, 1, 8, 11, 2, 12, 7, 3, 1, 5, 2, 7, 1, 3, 11, 1, 7, 174, 28, 80, 51, 27, 118, 26, 131, 103, 0]"""
j20,1,reactive,600,True,48,0.1350085735321045,0.428225040435791,"[0, 0, 0, 0, 8, 27, 8, 9, 22, 31, 10, 24, 21, 29, 24, 29, 26, 44, 37, 47, 31, 0, 0, 0, 0, 0, 0, 0, 0, 0, 48]","[0, 6, 7, 4, 2, 1, 8, 11, 2, 12, 7, 3, 1, 5, 2, 7, 1, 3, 11, 1, 7, 174, 28, 80, 51, 27, 118, 26, 131, 103, 0]"
j20,1,stnu,600,True,39,1.0987319946289062,0.03588151931762695,"[0, 0, 0, 0, 7, 22, 7, 6, 17, 23, 9, 19, 15, 22, 19, 22, 21, 35, 27, 38, 23, 0, 0, 0, 0, 0, 0, 0, 0, 0, 39]","""[0, 6, 7, 4, 2, 1, 8, 11, 2, 12, 7, 3, 1, 5, 2, 7, 1, 3, 11, 1, 7, 174, 28, 80, 51, 27, 118, 26, 131, 103, 0]"""
j20,1,proactive_robust,600,True,56,0.1355288028717041,0.0015404224395751953,"[0, 0, 0, 0, 8, 27, 8, 9, 22, 31, 10, 24, 21, 29, 24, 29, 26, 44, 37, 52, 31, 0, 0, 0, 0, 0, 0, 0, 0, 0, 174]","""[0, 9, 8, 7, 1, 2, 9, 10, 2, 8, 7, 2, 1, 8, 2, 6, 2, 6, 9, 2, 8, 174, 28, 80, 51, 27, 118, 26, 131, 103, 0]"""
j20,1,reactive,600,True,52,0.1355288028717041,0.5180950164794922,"[0, 0, 0, 0, 8, 27, 8, 9, 22, 31, 10, 24, 21, 29, 24, 29, 26, 44, 37, 50, 31, 0, 0, 0, 0, 0, 0, 0, 0, 0, 52]","[0, 9, 8, 7, 1, 2, 9, 10, 2, 8, 7, 2, 1, 8, 2, 6, 2, 6, 9, 2, 8, 174, 28, 80, 51, 27, 118, 26, 131, 103, 0]"
j20,1,stnu,600,True,44,0.979337215423584,0.03599715232849121,"[0, 0, 0, 0, 8, 23, 8, 9, 19, 25, 9, 21, 17, 25, 21, 25, 23, 33, 33, 42, 25, 0, 0, 0, 0, 0, 0, 0, 0, 0, 44]","""[0, 9, 8, 7, 1, 2, 9, 10, 2, 8, 7, 2, 1, 8, 2, 6, 2, 6, 9, 2, 8, 174, 28, 80, 51, 27, 118, 26, 131, 103, 0]"""
j20,1,proactive_robust,600,True,56,0.1421966552734375,0.001520395278930664,"[0, 0, 0, 0, 8, 27, 8, 9, 22, 31, 10, 24, 21, 29, 24, 29, 26, 44, 37, 52, 31, 0, 0, 0, 0, 0, 0, 0, 0, 0, 174]","""[0, 9, 7, 5, 2, 2, 8, 13, 1, 10, 8, 2, 3, 7, 2, 8, 1, 3, 6, 4, 8, 174, 28, 80, 51, 27, 118, 26, 131, 103, 0]"""
j20,1,reactive,600,True,48,0.1421966552734375,0.35606837272644043,"[0, 0, 0, 0, 8, 27, 8, 9, 22, 31, 10, 24, 21, 29, 24, 29, 26, 41, 37, 44, 31, 0, 0, 0, 0, 0, 0, 0, 0, 0, 48]","[0, 9, 7, 5, 2, 2, 8, 13, 1, 10, 8, 2, 3, 7, 2, 8, 1, 3, 6, 4, 8, 174, 28, 80, 51, 27, 118, 26, 131, 103, 0]"
j20,1,stnu,600,True,44,0.9965271949768066,0.03592967987060547,"[0, 0, 0, 0, 7, 25, 7, 9, 22, 27, 9, 23, 15, 26, 23, 26, 25, 37, 33, 40, 27, 0, 0, 0, 0, 0, 0, 0, 0, 0, 44]","""[0, 9, 7, 5, 2, 2, 8, 13, 1, 10, 8, 2, 3, 7, 2, 8, 1, 3, 6, 4, 8, 174, 28, 80, 51, 27, 118, 26, 131, 103, 0]"""
j20,1,proactive_robust,600,True,56,0.12986207008361816,0.0015642642974853516,"[0, 0, 0, 0, 8, 27, 8, 9, 22, 31, 10, 24, 21, 29, 24, 29, 26, 44, 37, 52, 31, 0, 0, 0, 0, 0, 0, 0, 0, 0, 174]","""[0, 7, 7, 6, 2, 1, 11, 13, 1, 7, 10, 3, 2, 6, 1, 11, 3, 8, 8, 3, 7, 174, 28, 80, 51, 27, 118, 26, 131, 103, 0]"""
j20,1,reactive,600,True,55,0.12986207008361816,0.3989400863647461,"[0, 0, 0, 0, 8, 27, 8, 9, 22, 31, 10, 24, 21, 29, 24, 29, 26, 44, 37, 52, 31, 0, 0, 0, 0, 0, 0, 0, 0, 0, 55]","[0, 7, 7, 6, 2, 1, 11, 13, 1, 7, 10, 3, 2, 6, 1, 11, 3, 8, 8, 3, 7, 174, 28, 80, 51, 27, 118, 26, 131, 103, 0]"
j20,1,stnu,600,True,47,0.972466230392456,0.03607010841369629,"[0, 0, 0, 0, 7, 24, 7, 7, 20, 25, 9, 21, 18, 25, 21, 25, 22, 36, 31, 44, 25, 0, 0, 0, 0, 0, 0, 0, 0, 0, 47]","""[0, 7, 7, 6, 2, 1, 11, 13, 1, 7, 10, 3, 2, 6, 1, 11, 3, 8, 8, 3, 7, 174, 28, 80, 51, 27, 118, 26, 131, 103, 0]"""
j20,1,proactive_robust,600,True,56,0.14148235321044922,0.0015518665313720703,"[0, 0, 0, 0, 8, 27, 8, 9, 22, 31, 10, 24, 21, 29, 24, 29, 26, 44, 37, 52, 31, 0, 0, 0, 0, 0, 0, 0, 0, 0, 174]","""[0, 6, 4, 4, 2, 1, 9, 13, 1, 8, 10, 2, 3, 4, 1, 8, 2, 7, 7, 2, 7, 174, 28, 80, 51, 27, 118, 26, 131, 103, 0]"""
j20,1,reactive,600,True,54,0.14148235321044922,0.45591092109680176,"[0, 0, 0, 0, 8, 27, 8, 9, 22, 31, 10, 24, 21, 29, 24, 29, 26, 44, 37, 52, 31, 0, 0, 0, 0, 0, 0, 0, 0, 0, 54]","[0, 6, 4, 4, 2, 1, 9, 13, 1, 8, 10, 2, 3, 4, 1, 8, 2, 7, 7, 2, 7, 174, 28, 80, 51, 27, 118, 26, 131, 103, 0]"
j20,1,stnu,600,True,40,1.0587387084960938,0.035886526107788086,"[0, 0, 0, 0, 4, 22, 4, 6, 19, 23, 6, 20, 13, 23, 20, 23, 21, 31, 27, 38, 23, 0, 0, 0, 0, 0, 0, 0, 0, 0, 40]","""[0, 6, 4, 4, 2, 1, 9, 13, 1, 8, 10, 2, 3, 4, 1, 8, 2, 7, 7, 2, 7, 174, 28, 80, 51, 27, 118, 26, 131, 103, 0]"""
j20,1,proactive_robust,600,True,56,0.13791942596435547,0.001493692398071289,"[0, 0, 0, 0, 8, 27, 8, 9, 22, 31, 10, 24, 21, 29, 24, 29, 26, 44, 37, 52, 31, 0, 0, 0, 0, 0, 0, 0, 0, 0, 174]","""[0, 7, 4, 8, 1, 2, 8, 7, 1, 7, 11, 1, 1, 8, 1, 9, 1, 6, 12, 3, 5, 174, 28, 80, 51, 27, 118, 26, 131, 103, 0]"""
j20,1,reactive,600,True,53,0.13791942596435547,0.6430177688598633,"[0, 0, 0, 0, 8, 27, 8, 9, 22, 31, 10, 24, 21, 29, 24, 29, 26, 44, 37, 50, 31, 0, 0, 0, 0, 0, 0, 0, 0, 0, 53]","[0, 7, 4, 8, 1, 2, 8, 7, 1, 7, 11, 1, 1, 8, 1, 9, 1, 6, 12, 3, 5, 174, 28, 80, 51, 27, 118, 26, 131, 103, 0]"
j20,1,stnu,600,True,45,1.0434305667877197,0.03581380844116211,"[0, 0, 0, 0, 8, 21, 8, 8, 16, 23, 9, 20, 16, 22, 20, 22, 21, 31, 30, 42, 23, 0, 0, 0, 0, 0, 0, 0, 0, 0, 45]","""[0, 7, 4, 8, 1, 2, 8, 7, 1, 7, 11, 1, 1, 8, 1, 9, 1, 6, 12, 3, 5, 174, 28, 80, 51, 27, 118, 26, 131, 103, 0]"""
j20,1,proactive_robust,600,True,56,0.14182162284851074,0.0015103816986083984,"[0, 0, 0, 0, 8, 27, 8, 9, 22, 31, 10, 24, 21, 29, 24, 29, 26, 44, 37, 52, 31, 0, 0, 0, 0, 0, 0, 0, 0, 0, 174]","""[0, 9, 4, 3, 1, 2, 7, 11, 1, 13, 13, 1, 3, 6, 1, 6, 3, 4, 9, 3, 6, 174, 28, 80, 51, 27, 118, 26, 131, 103, 0]"""
j20,1,reactive,600,True,51,0.14182162284851074,0.3926565647125244,"[0, 0, 0, 0, 8, 27, 8, 9, 22, 31, 10, 24, 21, 29, 24, 29, 26, 44, 37, 48, 31, 0, 0, 0, 0, 0, 0, 0, 0, 0, 51]","[0, 9, 4, 3, 1, 2, 7, 11, 1, 13, 13, 1, 3, 6, 1, 6, 3, 4, 9, 3, 6, 174, 28, 80, 51, 27, 118, 26, 131, 103, 0]"
j20,1,stnu,600,True,45,0.9655876159667969,0.03645753860473633,"[0, 0, 0, 0, 4, 23, 4, 9, 20, 25, 9, 22, 11, 26, 22, 26, 23, 38, 32, 42, 26, 0, 0, 0, 0, 0, 0, 0, 0, 0, 45]","""[0, 9, 4, 3, 1, 2, 7, 11, 1, 13, 13, 1, 3, 6, 1, 6, 3, 4, 9, 3, 6, 174, 28, 80, 51, 27, 118, 26, 131, 103, 0]"""
j20,1,proactive_robust,600,True,56,0.13704609870910645,0.0015158653259277344,"[0, 0, 0, 0, 8, 27, 8, 9, 22, 31, 10, 24, 21, 29, 24, 29, 26, 44, 37, 52, 31, 0, 0, 0, 0, 0, 0, 0, 0, 0, 174]","""[0, 5, 8, 5, 2, 2, 12, 12, 1, 10, 13, 1, 3, 5, 1, 7, 1, 8, 11, 3, 3, 174, 28, 80, 51, 27, 118, 26, 131, 103, 0]"""
j20,1,reactive,600,True,55,0.13704609870910645,0.4145939350128174,"[0, 0, 0, 0, 8, 27, 8, 9, 22, 31, 10, 24, 21, 29, 24, 29, 26, 44, 37, 52, 31, 0, 0, 0, 0, 0, 0, 0, 0, 0, 55]","[0, 5, 8, 5, 2, 2, 12, 12, 1, 10, 13, 1, 3, 5, 1, 7, 1, 8, 11, 3, 3, 174, 28, 80, 51, 27, 118, 26, 131, 103, 0]"
j20,1,stnu,600,True,47,1.025040626525879,0.03621935844421387,"[0, 0, 0, 0, 8, 24, 8, 5, 20, 26, 10, 23, 20, 25, 23, 25, 24, 36, 30, 44, 26, 0, 0, 0, 0, 0, 0, 0, 0, 0, 47]","""[0, 5, 8, 5, 2, 2, 12, 12, 1, 10, 13, 1, 3, 5, 1, 7, 1, 8, 11, 3, 3, 174, 28, 80, 51, 27, 118, 26, 131, 103, 0]"""
j20,1,proactive_robust,600,True,56,0.13537001609802246,0.0014951229095458984,"[0, 0, 0, 0, 8, 27, 8, 9, 22, 31, 10, 24, 21, 29, 24, 29, 26, 44, 37, 52, 31, 0, 0, 0, 0, 0, 0, 0, 0, 0, 174]","""[0, 5, 8, 8, 2, 1, 12, 7, 2, 12, 9, 2, 3, 4, 1, 8, 2, 3, 12, 2, 4, 174, 28, 80, 51, 27, 118, 26, 131, 103, 0]"""
j20,1,reactive,600,True,49,0.13537001609802246,0.3927125930786133,"[0, 0, 0, 0, 8, 27, 8, 9, 22, 31, 10, 24, 21, 29, 24, 29, 26, 44, 37, 47, 31, 0, 0, 0, 0, 0, 0, 0, 0, 0, 49]","[0, 5, 8, 8, 2, 1, 12, 7, 2, 12, 9, 2, 3, 4, 1, 8, 2, 3, 12, 2, 4, 174, 28, 80, 51, 27, 118, 26, 131, 103, 0]"
j20,1,stnu,600,True,44,1.0614075660705566,0.035880327224731445,"[0, 0, 0, 0, 8, 25, 8, 8, 20, 26, 10, 23, 20, 26, 23, 26, 24, 38, 30, 42, 26, 0, 0, 0, 0, 0, 0, 0, 0, 0, 44]","""[0, 5, 8, 8, 2, 1, 12, 7, 2, 12, 9, 2, 3, 4, 1, 8, 2, 3, 12, 2, 4, 174, 28, 80, 51, 27, 118, 26, 131, 103, 0]"""
j20,1,proactive_robust,600,True,55,0.08741211891174316,0.0003998279571533203,"[0, 0, 0, 0, 9, 9, 11, 13, 11, 20, 23, 23, 23, 15, 29, 31, 35, 44, 52, 39, 22, 0, 77]","""[0, 8, 4, 7, 1, 3, 2, 1, 8, 2, 6, 2, 2, 7, 10, 1, 6, 6, 2, 6, 1, 77, 0]"""
j20,1,reactive,600,True,52,0.08741211891174316,0.5287315845489502,"[0, 0, 0, 0, 9, 9, 11, 13, 11, 20, 23, 23, 23, 15, 29, 31, 35, 44, 50, 39, 22, 0, 52]","[0, 8, 4, 7, 1, 3, 2, 1, 8, 2, 6, 2, 2, 7, 10, 1, 6, 6, 2, 6, 1, 77, 0]"
j20,1,stnu,600,True,39,0.8742194175720215,0.01871204376220703,"[0, 0, 0, 0, 4, 7, 8, 10, 8, 16, 18, 18, 18, 11, 20, 24, 25, 31, 37, 30, 18, 0, 39]","""[0, 8, 4, 7, 1, 3, 2, 1, 8, 2, 6, 2, 2, 7, 10, 1, 6, 6, 2, 6, 1, 77, 0]"""
j20,1,proactive_robust,600,True,55,0.08946704864501953,0.0004050731658935547,"[0, 0, 0, 0, 9, 9, 11, 13, 11, 20, 23, 23, 23, 15, 29, 31, 35, 44, 52, 39, 22, 0, 77]","""[0, 6, 5, 4, 2, 2, 3, 1, 9, 1, 3, 3, 3, 2, 10, 1, 5, 6, 3, 4, 3, 77, 0]"""
j20,1,reactive,600,True,53,0.08946704864501953,0.394362211227417,"[0, 0, 0, 0, 9, 9, 11, 13, 11, 20, 23, 23, 23, 15, 29, 31, 35, 44, 50, 39, 22, 0, 53]","[0, 6, 5, 4, 2, 2, 3, 1, 9, 1, 3, 3, 3, 2, 10, 1, 5, 6, 3, 4, 3, 77, 0]"
j20,1,stnu,600,True,39,0.9898045063018799,0.018639326095581055,"[0, 0, 0, 0, 5, 5, 7, 7, 7, 16, 17, 17, 17, 8, 20, 20, 21, 30, 36, 30, 16, 0, 39]","""[0, 6, 5, 4, 2, 2, 3, 1, 9, 1, 3, 3, 3, 2, 10, 1, 5, 6, 3, 4, 3, 77, 0]"""
j20,1,proactive_robust,600,True,55,0.08475017547607422,0.0004367828369140625,"[0, 0, 0, 0, 9, 9, 11, 13, 11, 20, 23, 23, 23, 15, 29, 31, 35, 44, 52, 39, 22, 0, 77]","""[0, 9, 4, 8, 1, 2, 5, 2, 4, 3, 8, 2, 6, 3, 10, 3, 8, 8, 3, 4, 1, 77, 0]"""
j20,1,reactive,600,True,54,0.08475017547607422,0.3311798572540283,"[0, 0, 0, 0, 9, 9, 11, 13, 11, 20, 23, 23, 23, 15, 29, 31, 35, 43, 51, 39, 22, 0, 54]","[0, 9, 4, 8, 1, 2, 5, 2, 4, 3, 8, 2, 6, 3, 10, 3, 8, 8, 3, 4, 1, 77, 0]"
j20,1,stnu,600,True,47,0.8515322208404541,0.018866539001464844,"[0, 0, 0, 0, 4, 8, 9, 10, 9, 14, 17, 17, 17, 12, 23, 25, 28, 36, 44, 33, 15, 0, 47]","""[0, 9, 4, 8, 1, 2, 5, 2, 4, 3, 8, 2, 6, 3, 10, 3, 8, 8, 3, 4, 1, 77, 0]"""
j20,1,proactive_robust,600,True,55,0.08592748641967773,0.0004119873046875,"[0, 0, 0, 0, 9, 9, 11, 13, 11, 20, 23, 23, 23, 15, 29, 31, 35, 44, 52, 39, 22, 0, 77]","""[0, 6, 5, 9, 1, 2, 5, 1, 6, 3, 8, 2, 2, 3, 5, 4, 8, 6, 2, 2, 2, 77, 0]"""
j20,1,reactive,600,True,52,0.08592748641967773,0.37265491485595703,"[0, 0, 0, 0, 9, 9, 11, 13, 11, 20, 23, 23, 23, 15, 29, 31, 35, 44, 50, 39, 22, 0, 52]","[0, 6, 5, 9, 1, 2, 5, 1, 6, 3, 8, 2, 2, 3, 5, 4, 8, 6, 2, 2, 2, 77, 0]"
j20,1,stnu,600,True,46,0.841881513595581,0.018610000610351562,"[0, 0, 0, 0, 5, 9, 6, 11, 9, 15, 18, 18, 18, 12, 20, 26, 30, 38, 44, 30, 15, 0, 46]","""[0, 6, 5, 9, 1, 2, 5, 1, 6, 3, 8, 2, 2, 3, 5, 4, 8, 6, 2, 2, 2, 77, 0]"""
j20,1,proactive_robust,600,True,55,0.09184765815734863,0.0004050731658935547,"[0, 0, 0, 0, 9, 9, 11, 13, 11, 20, 23, 23, 23, 15, 29, 31, 35, 44, 52, 39, 22, 0, 77]","""[0, 8, 4, 5, 2, 1, 7, 1, 9, 1, 5, 5, 2, 5, 5, 1, 6, 3, 1, 5, 4, 77, 0]"""
j20,1,reactive,600,True,48,0.09184765815734863,0.3670923709869385,"[0, 0, 0, 0, 9, 9, 11, 13, 11, 20, 23, 23, 23, 15, 29, 31, 35, 44, 47, 39, 22, 0, 48]","[0, 8, 4, 5, 2, 1, 7, 1, 9, 1, 5, 5, 2, 5, 5, 1, 6, 3, 1, 5, 4, 77, 0]"
j20,1,stnu,600,True,34,0.8483672142028809,0.018827438354492188,"[0, 0, 0, 0, 4, 5, 8, 6, 8, 17, 18, 18, 18, 7, 23, 23, 24, 30, 33, 28, 17, 0, 34]","""[0, 8, 4, 5, 2, 1, 7, 1, 9, 1, 5, 5, 2, 5, 5, 1, 6, 3, 1, 5, 4, 77, 0]"""
j20,1,proactive_robust,600,True,55,0.08589792251586914,0.00041794776916503906,"[0, 0, 0, 0, 9, 9, 11, 13, 11, 20, 23, 23, 23, 15, 29, 31, 35, 44, 52, 39, 22, 0, 77]","""[0, 5, 6, 7, 2, 4, 2, 2, 5, 2, 6, 4, 3, 3, 8, 1, 8, 7, 2, 4, 3, 77, 0]"""
j20,1,reactive,600,True,54,0.08589792251586914,0.48916006088256836,"[0, 0, 0, 0, 9, 9, 11, 13, 11, 20, 23, 23, 23, 15, 29, 31, 35, 44, 52, 39, 22, 0, 54]","[0, 5, 6, 7, 2, 4, 2, 2, 5, 2, 6, 4, 3, 3, 8, 1, 8, 7, 2, 4, 3, 77, 0]"
j20,1,stnu,600,True,39,0.8534929752349854,0.018683195114135742,"[0, 0, 0, 0, 6, 7, 8, 11, 8, 13, 15, 16, 16, 13, 20, 21, 22, 30, 37, 28, 16, 0, 39]","""[0, 5, 6, 7, 2, 4, 2, 2, 5, 2, 6, 4, 3, 3, 8, 1, 8, 7, 2, 4, 3, 77, 0]"""
j20,1,proactive_robust,600,True,55,0.08173394203186035,0.00043082237243652344,"[0, 0, 0, 0, 9, 9, 11, 13, 11, 20, 23, 23, 23, 15, 29, 31, 35, 44, 52, 39, 22, 0, 77]","""[0, 8, 5, 9, 1, 4, 2, 1, 4, 3, 5, 6, 6, 5, 9, 3, 5, 6, 2, 5, 3, 77, 0]"""
j20,1,reactive,600,True,52,0.08173394203186035,0.330186128616333,"[0, 0, 0, 0, 9, 9, 11, 13, 11, 20, 23, 23, 23, 15, 29, 31, 35, 44, 50, 39, 22, 0, 52]","[0, 8, 5, 9, 1, 4, 2, 1, 4, 3, 5, 6, 6, 5, 9, 3, 5, 6, 2, 5, 3, 77, 0]"
j20,1,stnu,600,True,42,0.9453611373901367,0.018598079681396484,"[0, 0, 0, 0, 5, 9, 8, 13, 9, 13, 16, 19, 19, 14, 25, 25, 28, 34, 40, 34, 19, 0, 42]","""[0, 8, 5, 9, 1, 4, 2, 1, 4, 3, 5, 6, 6, 5, 9, 3, 5, 6, 2, 5, 3, 77, 0]"""
j20,1,proactive_robust,600,True,55,0.09165763854980469,0.00041556358337402344,"[0, 0, 0, 0, 9, 9, 11, 13, 11, 20, 23, 23, 23, 15, 29, 31, 35, 44, 52, 39, 22, 0, 77]","""[0, 10, 7, 5, 2, 1, 7, 2, 4, 2, 3, 4, 5, 4, 7, 1, 4, 6, 1, 2, 2, 77, 0]"""
j20,1,reactive,600,True,51,0.09165763854980469,0.3495972156524658,"[0, 0, 0, 0, 9, 9, 11, 13, 11, 20, 23, 23, 23, 15, 29, 31, 35, 44, 50, 39, 22, 0, 51]","[0, 10, 7, 5, 2, 1, 7, 2, 4, 2, 3, 4, 5, 4, 7, 1, 4, 6, 1, 2, 2, 77, 0]"
j20,1,stnu,600,True,38,0.847919225692749,0.01889777183532715,"[0, 0, 0, 0, 7, 7, 10, 9, 10, 17, 19, 19, 19, 11, 24, 24, 25, 31, 37, 31, 17, 0, 38]","""[0, 10, 7, 5, 2, 1, 7, 2, 4, 2, 3, 4, 5, 4, 7, 1, 4, 6, 1, 2, 2, 77, 0]"""
j20,1,proactive_robust,600,True,55,0.08415579795837402,0.00042748451232910156,"[0, 0, 0, 0, 9, 9, 11, 13, 11, 20, 23, 23, 23, 15, 29, 31, 35, 44, 52, 39, 22, 0, 77]","""[0, 5, 8, 4, 1, 1, 5, 2, 7, 3, 7, 4, 5, 6, 6, 2, 9, 7, 2, 4, 2, 77, 0]"""
j20,1,reactive,600,True,54,0.08415579795837402,0.387986421585083,"[0, 0, 0, 0, 9, 9, 11, 13, 11, 20, 23, 23, 23, 15, 29, 31, 35, 44, 52, 39, 22, 0, 54]","[0, 5, 8, 4, 1, 1, 5, 2, 7, 3, 7, 4, 5, 6, 6, 2, 9, 7, 2, 4, 2, 77, 0]"
j20,1,stnu,600,True,46,0.8562383651733398,0.01871490478515625,"[0, 0, 0, 0, 8, 8, 9, 9, 9, 16, 19, 19, 19, 11, 24, 26, 28, 37, 44, 30, 17, 0, 46]","""[0, 5, 8, 4, 1, 1, 5, 2, 7, 3, 7, 4, 5, 6, 6, 2, 9, 7, 2, 4, 2, 77, 0]"""
j20,1,proactive_robust,600,True,55,0.08744287490844727,0.000423431396484375,"[0, 0, 0, 0, 9, 9, 11, 13, 11, 20, 23, 23, 23, 15, 29, 31, 35, 44, 52, 39, 22, 0, 77]","""[0, 10, 6, 4, 2, 3, 6, 2, 9, 3, 7, 2, 2, 3, 6, 3, 4, 8, 3, 4, 4, 77, 0]"""
j20,1,reactive,600,True,50,0.08744287490844727,0.2540907859802246,"[0, 0, 0, 0, 9, 9, 11, 13, 11, 20, 23, 23, 23, 15, 29, 31, 35, 39, 47, 35, 22, 0, 50]","[0, 10, 6, 4, 2, 3, 6, 2, 9, 3, 7, 2, 2, 3, 6, 3, 4, 8, 3, 4, 4, 77, 0]"
j20,1,stnu,600,True,47,0.8489871025085449,0.018907785415649414,"[0, 0, 0, 0, 6, 6, 10, 9, 10, 19, 22, 22, 22, 11, 24, 29, 32, 36, 44, 32, 19, 0, 47]","""[0, 10, 6, 4, 2, 3, 6, 2, 9, 3, 7, 2, 2, 3, 6, 3, 4, 8, 3, 4, 4, 77, 0]"""
j20,1,proactive_robust,600,True,77,0.10407209396362305,0.0016677379608154297,"[0, 0, 30, 0, 8, 11, 8, 23, 23, 25, 11, 56, 49, 39, 32, 39, 46, 56, 69, 59, 46, 0, 0, 0, 0, 0, 0, 0, 0, 0, 0, 0, 117]","""[0, 7, 8, 6, 2, 7, 2, 7, 1, 5, 3, 2, 2, 3, 2, 2, 9, 2, 7, 8, 3, 69, 70, 50, 30, 62, 59, 96, 117, 115, 78, 88, 0]"""
j20,1,reactive,600,True,74,0.10407209396362305,0.5985898971557617,"[0, 0, 30, 0, 8, 11, 8, 23, 23, 25, 11, 56, 49, 39, 32, 39, 46, 56, 67, 59, 46, 0, 0, 0, 0, 0, 0, 0, 0, 0, 0, 0, 74]","[0, 7, 8, 6, 2, 7, 2, 7, 1, 5, 3, 2, 2, 3, 2, 2, 9, 2, 7, 8, 3, 69, 70, 50, 30, 62, 59, 96, 117, 115, 78, 88, 0]"
j20,1,stnu,600,True,60,1.0830857753753662,0.04390382766723633,"[0, 0, 23, 0, 7, 9, 7, 16, 16, 17, 9, 43, 37, 31, 23, 31, 34, 43, 53, 45, 34, 0, 0, 0, 0, 0, 0, 0, 0, 0, 0, 0, 60]","""[0, 7, 8, 6, 2, 7, 2, 7, 1, 5, 3, 2, 2, 3, 2, 2, 9, 2, 7, 8, 3, 69, 70, 50, 30, 62, 59, 96, 117, 115, 78, 88, 0]"""
j20,1,proactive_robust,600,True,77,0.1024773120880127,0.001684427261352539,"[0, 0, 30, 0, 8, 11, 8, 23, 23, 25, 11, 56, 49, 39, 32, 39, 46, 56, 69, 59, 46, 0, 0, 0, 0, 0, 0, 0, 0, 0, 0, 0, 117]","""[0, 8, 4, 5, 3, 12, 2, 5, 1, 5, 7, 1, 2, 4, 1, 2, 10, 1, 3, 9, 3, 69, 70, 50, 30, 62, 59, 96, 117, 115, 78, 88, 0]"""
j20,1,reactive,600,True,71,0.1024773120880127,0.4197871685028076,"[0, 0, 30, 0, 8, 11, 8, 23, 23, 25, 11, 56, 49, 39, 32, 39, 46, 56, 68, 59, 46, 0, 0, 0, 0, 0, 0, 0, 0, 0, 0, 0, 71]","[0, 8, 4, 5, 3, 12, 2, 5, 1, 5, 7, 1, 2, 4, 1, 2, 10, 1, 3, 9, 3, 69, 70, 50, 30, 62, 59, 96, 117, 115, 78, 88, 0]"
j20,1,stnu,600,True,59,1.1123762130737305,0.04404020309448242,"[0, 0, 28, 0, 8, 11, 8, 23, 23, 24, 11, 46, 39, 32, 29, 32, 36, 46, 56, 47, 36, 0, 0, 0, 0, 0, 0, 0, 0, 0, 0, 0, 59]","""[0, 8, 4, 5, 3, 12, 2, 5, 1, 5, 7, 1, 2, 4, 1, 2, 10, 1, 3, 9, 3, 69, 70, 50, 30, 62, 59, 96, 117, 115, 78, 88, 0]"""
j20,1,proactive_robust,600,True,77,0.10540461540222168,0.0016672611236572266,"[0, 0, 30, 0, 8, 11, 8, 23, 23, 25, 11, 56, 49, 39, 32, 39, 46, 56, 69, 59, 46, 0, 0, 0, 0, 0, 0, 0, 0, 0, 0, 0, 117]","""[0, 4, 4, 4, 1, 11, 1, 7, 2, 4, 6, 3, 3, 3, 1, 4, 8, 4, 6, 5, 1, 69, 70, 50, 30, 62, 59, 96, 117, 115, 78, 88, 0]"""
j20,1,reactive,600,True,70,0.10540461540222168,0.5266296863555908,"[0, 0, 30, 0, 8, 11, 8, 23, 23, 25, 11, 56, 49, 39, 32, 39, 46, 56, 64, 59, 46, 0, 0, 0, 0, 0, 0, 0, 0, 0, 0, 0, 70]","[0, 4, 4, 4, 1, 11, 1, 7, 2, 4, 6, 3, 3, 3, 1, 4, 8, 4, 6, 5, 1, 69, 70, 50, 30, 62, 59, 96, 117, 115, 78, 88, 0]"
j20,1,stnu,600,True,53,1.5942330360412598,0.04370546340942383,"[0, 0, 23, 0, 4, 5, 4, 16, 16, 18, 5, 39, 32, 27, 23, 27, 31, 39, 47, 42, 31, 0, 0, 0, 0, 0, 0, 0, 0, 0, 0, 0, 53]","""[0, 4, 4, 4, 1, 11, 1, 7, 2, 4, 6, 3, 3, 3, 1, 4, 8, 4, 6, 5, 1, 69, 70, 50, 30, 62, 59, 96, 117, 115, 78, 88, 0]"""
j20,1,proactive_robust,600,True,77,0.1069333553314209,0.0016715526580810547,"[0, 0, 30, 0, 8, 11, 8, 23, 23, 25, 11, 56, 49, 39, 32, 39, 46, 56, 69, 59, 46, 0, 0, 0, 0, 0, 0, 0, 0, 0, 0, 0, 117]","""[0, 8, 8, 3, 3, 7, 2, 4, 2, 5, 3, 2, 4, 3, 2, 3, 9, 3, 6, 7, 3, 69, 70, 50, 30, 62, 59, 96, 117, 115, 78, 88, 0]"""
j20,1,reactive,600,True,75,0.1069333553314209,0.620330810546875,"[0, 0, 30, 0, 8, 11, 8, 23, 23, 25, 11, 56, 49, 39, 32, 39, 46, 56, 69, 59, 46, 0, 0, 0, 0, 0, 0, 0, 0, 0, 0, 0, 75]","[0, 8, 8, 3, 3, 7, 2, 4, 2, 5, 3, 2, 4, 3, 2, 3, 9, 3, 6, 7, 3, 69, 70, 50, 30, 62, 59, 96, 117, 115, 78, 88, 0]"
j20,1,stnu,600,True,57,0.9591004848480225,0.04398775100708008,"[0, 0, 22, 0, 8, 11, 8, 18, 18, 20, 11, 42, 36, 30, 25, 30, 33, 42, 51, 44, 33, 0, 0, 0, 0, 0, 0, 0, 0, 0, 0, 0, 57]","""[0, 8, 8, 3, 3, 7, 2, 4, 2, 5, 3, 2, 4, 3, 2, 3, 9, 3, 6, 7, 3, 69, 70, 50, 30, 62, 59, 96, 117, 115, 78, 88, 0]"""
j20,1,proactive_robust,600,True,77,0.10331916809082031,0.0016155242919921875,"[0, 0, 30, 0, 8, 11, 8, 23, 23, 25, 11, 56, 49, 39, 32, 39, 46, 56, 69, 59, 46, 0, 0, 0, 0, 0, 0, 0, 0, 0, 0, 0, 117]","""[0, 3, 4, 3, 3, 11, 1, 6, 1, 2, 2, 2, 6, 3, 1, 3, 5, 4, 5, 6, 2, 69, 70, 50, 30, 62, 59, 96, 117, 115, 78, 88, 0]"""
j20,1,reactive,600,True,70,0.10331916809082031,0.6275248527526855,"[0, 0, 30, 0, 8, 11, 8, 23, 23, 25, 11, 56, 49, 39, 32, 39, 46, 56, 65, 59, 46, 0, 0, 0, 0, 0, 0, 0, 0, 0, 0, 0, 70]","[0, 3, 4, 3, 3, 11, 1, 6, 1, 2, 2, 2, 6, 3, 1, 3, 5, 4, 5, 6, 2, 69, 70, 50, 30, 62, 59, 96, 117, 115, 78, 88, 0]"
j20,1,stnu,600,True,51,1.106544017791748,0.043932437896728516,"[0, 0, 23, 0, 3, 6, 3, 17, 17, 18, 6, 38, 32, 27, 23, 27, 30, 38, 46, 40, 30, 0, 0, 0, 0, 0, 0, 0, 0, 0, 0, 0, 51]","""[0, 3, 4, 3, 3, 11, 1, 6, 1, 2, 2, 2, 6, 3, 1, 3, 5, 4, 5, 6, 2, 69, 70, 50, 30, 62, 59, 96, 117, 115, 78, 88, 0]"""
j20,1,proactive_robust,600,True,77,0.1087181568145752,0.0016748905181884766,"[0, 0, 30, 0, 8, 11, 8, 23, 23, 25, 11, 56, 49, 39, 32, 39, 46, 56, 69, 59, 46, 0, 0, 0, 0, 0, 0, 0, 0, 0, 0, 0, 117]","""[0, 7, 4, 3, 3, 11, 1, 2, 2, 4, 5, 2, 6, 5, 2, 4, 9, 2, 4, 8, 2, 69, 70, 50, 30, 62, 59, 96, 117, 115, 78, 88, 0]"""
j20,1,reactive,600,True,71,0.1087181568145752,0.5684494972229004,"[0, 0, 30, 0, 8, 11, 8, 23, 23, 25, 11, 56, 49, 39, 32, 39, 46, 56, 67, 59, 46, 0, 0, 0, 0, 0, 0, 0, 0, 0, 0, 0, 71]","[0, 7, 4, 3, 3, 11, 1, 2, 2, 4, 5, 2, 6, 5, 2, 4, 9, 2, 4, 8, 2, 69, 70, 50, 30, 62, 59, 96, 117, 115, 78, 88, 0]"
j20,1,stnu,600,True,57,0.9706768989562988,0.04373884201049805,"[0, 0, 23, 0, 7, 10, 7, 21, 21, 23, 10, 43, 36, 29, 27, 29, 34, 43, 53, 45, 34, 0, 0, 0, 0, 0, 0, 0, 0, 0, 0, 0, 57]","""[0, 7, 4, 3, 3, 11, 1, 2, 2, 4, 5, 2, 6, 5, 2, 4, 9, 2, 4, 8, 2, 69, 70, 50, 30, 62, 59, 96, 117, 115, 78, 88, 0]"""
j20,1,proactive_robust,600,True,77,0.11073994636535645,0.0016295909881591797,"[0, 0, 30, 0, 8, 11, 8, 23, 23, 25, 11, 56, 49, 39, 32, 39, 46, 56, 69, 59, 46, 0, 0, 0, 0, 0, 0, 0, 0, 0, 0, 0, 117]","""[0, 8, 4, 7, 2, 6, 3, 5, 2, 3, 3, 3, 3, 6, 1, 6, 9, 1, 6, 6, 1, 69, 70, 50, 30, 62, 59, 96, 117, 115, 78, 88, 0]"""
j20,1,reactive,600,True,71,0.11073994636535645,0.5176403522491455,"[0, 0, 30, 0, 8, 11, 8, 23, 23, 25, 11, 56, 49, 39, 32, 39, 46, 56, 65, 59, 46, 0, 0, 0, 0, 0, 0, 0, 0, 0, 0, 0, 71]","[0, 8, 4, 7, 2, 6, 3, 5, 2, 3, 3, 3, 3, 6, 1, 6, 9, 1, 6, 6, 1, 69, 70, 50, 30, 62, 59, 96, 117, 115, 78, 88, 0]"
j20,1,stnu,600,True,56,0.9951643943786621,0.0437471866607666,"[0, 0, 22, 0, 8, 11, 8, 17, 17, 19, 11, 41, 33, 26, 22, 26, 32, 41, 50, 44, 32, 0, 0, 0, 0, 0, 0, 0, 0, 0, 0, 0, 56]","""[0, 8, 4, 7, 2, 6, 3, 5, 2, 3, 3, 3, 3, 6, 1, 6, 9, 1, 6, 6, 1, 69, 70, 50, 30, 62, 59, 96, 117, 115, 78, 88, 0]"""
j20,1,proactive_robust,600,True,77,0.105987548828125,0.0016467571258544922,"[0, 0, 30, 0, 8, 11, 8, 23, 23, 25, 11, 56, 49, 39, 32, 39, 46, 56, 69, 59, 46, 0, 0, 0, 0, 0, 0, 0, 0, 0, 0, 0, 117]","""[0, 8, 9, 6, 3, 12, 1, 4, 1, 3, 5, 2, 6, 6, 3, 3, 8, 2, 6, 6, 3, 69, 70, 50, 30, 62, 59, 96, 117, 115, 78, 88, 0]"""
j20,1,reactive,600,True,71,0.105987548828125,0.39746689796447754,"[0, 0, 30, 0, 8, 11, 8, 23, 23, 25, 11, 56, 49, 39, 32, 39, 46, 56, 65, 59, 46, 0, 0, 0, 0, 0, 0, 0, 0, 0, 0, 0, 71]","[0, 8, 9, 6, 3, 12, 1, 4, 1, 3, 5, 2, 6, 6, 3, 3, 8, 2, 6, 6, 3, 69, 70, 50, 30, 62, 59, 96, 117, 115, 78, 88, 0]"
j20,1,stnu,600,True,65,0.9749112129211426,0.04402756690979004,"[0, 0, 27, 0, 8, 11, 8, 23, 23, 24, 11, 51, 45, 36, 27, 36, 42, 51, 59, 53, 42, 0, 0, 0, 0, 0, 0, 0, 0, 0, 0, 0, 65]","""[0, 8, 9, 6, 3, 12, 1, 4, 1, 3, 5, 2, 6, 6, 3, 3, 8, 2, 6, 6, 3, 69, 70, 50, 30, 62, 59, 96, 117, 115, 78, 88, 0]"""
j20,1,proactive_robust,600,True,77,0.10194087028503418,0.0016434192657470703,"[0, 0, 30, 0, 8, 11, 8, 23, 23, 25, 11, 56, 49, 39, 32, 39, 46, 56, 69, 59, 46, 0, 0, 0, 0, 0, 0, 0, 0, 0, 0, 0, 117]","""[0, 4, 5, 4, 3, 10, 1, 2, 1, 4, 2, 1, 4, 7, 2, 7, 6, 3, 3, 7, 1, 69, 70, 50, 30, 62, 59, 96, 117, 115, 78, 88, 0]"""
j20,1,reactive,600,True,69,0.10194087028503418,0.6006970405578613,"[0, 0, 30, 0, 8, 11, 8, 23, 23, 25, 11, 56, 49, 39, 32, 39, 46, 56, 66, 59, 46, 0, 0, 0, 0, 0, 0, 0, 0, 0, 0, 0, 69]","[0, 4, 5, 4, 3, 10, 1, 2, 1, 4, 2, 1, 4, 7, 2, 7, 6, 3, 3, 7, 1, 69, 70, 50, 30, 62, 59, 96, 117, 115, 78, 88, 0]"
j20,1,stnu,600,True,48,0.9745345115661621,0.043958425521850586,"[0, 0, 19, 0, 4, 7, 4, 17, 17, 18, 7, 37, 32, 24, 22, 24, 31, 37, 45, 38, 31, 0, 0, 0, 0, 0, 0, 0, 0, 0, 0, 0, 48]","""[0, 4, 5, 4, 3, 10, 1, 2, 1, 4, 2, 1, 4, 7, 2, 7, 6, 3, 3, 7, 1, 69, 70, 50, 30, 62, 59, 96, 117, 115, 78, 88, 0]"""
j20,1,proactive_robust,600,True,77,0.10215067863464355,0.0016314983367919922,"[0, 0, 30, 0, 8, 11, 8, 23, 23, 25, 11, 56, 49, 39, 32, 39, 46, 56, 69, 59, 46, 0, 0, 0, 0, 0, 0, 0, 0, 0, 0, 0, 117]","""[0, 4, 6, 3, 1, 10, 1, 7, 2, 5, 3, 3, 7, 3, 2, 3, 5, 1, 3, 6, 2, 69, 70, 50, 30, 62, 59, 96, 117, 115, 78, 88, 0]"""
j20,1,reactive,600,True,68,0.10215067863464355,0.5118350982666016,"[0, 0, 30, 0, 8, 11, 8, 23, 23, 25, 11, 56, 49, 39, 32, 39, 46, 56, 65, 59, 46, 0, 0, 0, 0, 0, 0, 0, 0, 0, 0, 0, 68]","[0, 4, 6, 3, 1, 10, 1, 7, 2, 5, 3, 3, 7, 3, 2, 3, 5, 1, 3, 6, 2, 69, 70, 50, 30, 62, 59, 96, 117, 115, 78, 88, 0]"
j20,1,stnu,600,True,52,1.072519302368164,0.04409623146057129,"[0, 0, 22, 0, 4, 5, 4, 15, 15, 17, 5, 40, 33, 28, 22, 28, 31, 40, 49, 43, 31, 0, 0, 0, 0, 0, 0, 0, 0, 0, 0, 0, 52]","""[0, 4, 6, 3, 1, 10, 1, 7, 2, 5, 3, 3, 7, 3, 2, 3, 5, 1, 3, 6, 2, 69, 70, 50, 30, 62, 59, 96, 117, 115, 78, 88, 0]"""
j20,1,proactive_robust,600,True,41,0.09157800674438477,0.0006575584411621094,"[0, 0, 0, 0, 3, 3, 4, 3, 11, 8, 15, 23, 15, 19, 19, 23, 30, 30, 32, 34, 23, 0, 0, 118]","""[0, 4, 2, 5, 6, 6, 5, 8, 3, 2, 7, 4, 3, 3, 8, 5, 3, 1, 8, 2, 3, 118, 116, 0]"""
j20,1,reactive,600,True,40,0.09157800674438477,0.3572402000427246,"[0, 0, 0, 0, 3, 3, 4, 3, 11, 8, 15, 23, 15, 19, 19, 23, 30, 30, 32, 34, 23, 0, 0, 40]","[0, 4, 2, 5, 6, 6, 5, 8, 3, 2, 7, 4, 3, 3, 8, 5, 3, 1, 8, 2, 3, 118, 116, 0]"
j20,1,stnu,600,True,30,0.9007594585418701,0.019338607788085938,"[0, 0, 0, 0, 2, 2, 4, 2, 9, 5, 10, 17, 10, 13, 13, 17, 22, 22, 22, 25, 17, 0, 0, 30]","""[0, 4, 2, 5, 6, 6, 5, 8, 3, 2, 7, 4, 3, 3, 8, 5, 3, 1, 8, 2, 3, 118, 116, 0]"""
j20,1,proactive_robust,600,True,41,0.08986926078796387,0.0006508827209472656,"[0, 0, 0, 0, 3, 3, 4, 3, 11, 8, 15, 23, 15, 19, 19, 23, 30, 30, 32, 34, 23, 0, 0, 118]","""[0, 1, 1, 4, 2, 10, 6, 4, 4, 2, 8, 9, 2, 2, 7, 2, 1, 2, 6, 3, 5, 118, 116, 0]"""
j20,1,reactive,600,True,38,0.08986926078796387,0.4315783977508545,"[0, 0, 0, 0, 3, 3, 4, 3, 11, 8, 15, 23, 15, 19, 19, 23, 30, 30, 32, 34, 23, 0, 0, 38]","[0, 1, 1, 4, 2, 10, 6, 4, 4, 2, 8, 9, 2, 2, 7, 2, 1, 2, 6, 3, 5, 118, 116, 0]"
j20,1,stnu,600,True,34,0.8560163974761963,0.01938033103942871,"[0, 0, 0, 0, 1, 1, 1, 1, 7, 4, 11, 19, 7, 11, 11, 19, 21, 21, 28, 28, 19, 0, 0, 34]","""[0, 1, 1, 4, 2, 10, 6, 4, 4, 2, 8, 9, 2, 2, 7, 2, 1, 2, 6, 3, 5, 118, 116, 0]"""
j20,1,proactive_robust,600,True,41,0.08412480354309082,0.0006437301635742188,"[0, 0, 0, 0, 3, 3, 4, 3, 11, 8, 15, 23, 15, 19, 19, 23, 30, 30, 32, 34, 23, 0, 0, 118]","""[0, 1, 3, 3, 2, 8, 3, 4, 5, 4, 7, 5, 3, 2, 4, 5, 1, 2, 6, 2, 8, 118, 116, 0]"""
j20,1,reactive,600,True,38,0.08412480354309082,0.41899538040161133,"[0, 0, 0, 0, 3, 3, 4, 3, 11, 8, 15, 23, 15, 19, 19, 23, 30, 30, 32, 32, 23, 0, 0, 38]","[0, 1, 3, 3, 2, 8, 3, 4, 5, 4, 7, 5, 3, 2, 4, 5, 1, 2, 6, 2, 8, 118, 116, 0]"
j20,1,stnu,600,True,29,0.8533241748809814,0.019397258758544922,"[0, 0, 0, 0, 3, 3, 1, 3, 5, 3, 11, 18, 7, 11, 11, 18, 23, 23, 23, 26, 18, 0, 0, 29]","""[0, 1, 3, 3, 2, 8, 3, 4, 5, 4, 7, 5, 3, 2, 4, 5, 1, 2, 6, 2, 8, 118, 116, 0]"""
j20,1,proactive_robust,600,True,41,0.08851003646850586,0.000675201416015625,"[0, 0, 0, 0, 3, 3, 4, 3, 11, 8, 15, 23, 15, 19, 19, 23, 30, 30, 32, 34, 23, 0, 0, 118]","""[0, 3, 2, 7, 4, 10, 6, 7, 6, 3, 4, 4, 4, 1, 9, 4, 2, 1, 6, 2, 5, 118, 116, 0]"""
j20,1,reactive,600,True,38,0.08851003646850586,0.4251103401184082,"[0, 0, 0, 0, 3, 3, 4, 3, 11, 8, 15, 23, 15, 19, 19, 23, 30, 30, 32, 32, 23, 0, 0, 38]","[0, 3, 2, 7, 4, 10, 6, 7, 6, 3, 4, 4, 4, 1, 9, 4, 2, 1, 6, 2, 5, 118, 116, 0]"
j20,1,stnu,600,True,30,0.8924331665039062,0.01916980743408203,"[0, 0, 0, 0, 2, 2, 3, 2, 9, 7, 12, 16, 10, 15, 15, 16, 24, 24, 24, 26, 16, 0, 0, 30]","""[0, 3, 2, 7, 4, 10, 6, 7, 6, 3, 4, 4, 4, 1, 9, 4, 2, 1, 6, 2, 5, 118, 116, 0]"""
j20,1,proactive_robust,600,True,41,0.08505773544311523,0.0006771087646484375,"[0, 0, 0, 0, 3, 3, 4, 3, 11, 8, 15, 23, 15, 19, 19, 23, 30, 30, 32, 34, 23, 0, 0, 118]","""[0, 2, 1, 5, 3, 12, 7, 6, 7, 7, 3, 6, 2, 3, 6, 4, 3, 4, 6, 2, 8, 118, 116, 0]"""
j20,1,reactive,600,True,38,0.08505773544311523,0.3386402130126953,"[0, 0, 0, 0, 3, 3, 4, 3, 11, 8, 15, 23, 15, 19, 19, 23, 30, 30, 32, 34, 23, 0, 0, 38]","[0, 2, 1, 5, 3, 12, 7, 6, 7, 7, 3, 6, 2, 3, 6, 4, 3, 4, 6, 2, 8, 118, 116, 0]"
j20,1,stnu,600,True,31,0.8648357391357422,0.019382476806640625,"[0, 0, 0, 0, 1, 1, 2, 1, 9, 5, 13, 19, 12, 16, 16, 19, 23, 23, 25, 27, 16, 0, 0, 31]","""[0, 2, 1, 5, 3, 12, 7, 6, 7, 7, 3, 6, 2, 3, 6, 4, 3, 4, 6, 2, 8, 118, 116, 0]"""
j20,1,proactive_robust,600,True,41,0.0913693904876709,0.0006859302520751953,"[0, 0, 0, 0, 3, 3, 4, 3, 11, 8, 15, 23, 15, 19, 19, 23, 30, 30, 32, 34, 23, 0, 0, 118]","""[0, 2, 3, 8, 6, 6, 5, 5, 4, 7, 5, 9, 3, 3, 9, 3, 3, 1, 6, 7, 3, 118, 116, 0]"""
j20,1,reactive,600,True,41,0.0913693904876709,0.38684535026550293,"[0, 0, 0, 0, 3, 3, 4, 3, 11, 8, 15, 23, 15, 19, 19, 23, 30, 30, 32, 34, 23, 0, 0, 41]","[0, 2, 3, 8, 6, 6, 5, 5, 4, 7, 5, 9, 3, 3, 9, 3, 3, 1, 6, 7, 3, 118, 116, 0]"
j20,1,stnu,600,True,37,0.8489885330200195,0.019257545471191406,"[0, 0, 0, 0, 3, 3, 2, 3, 9, 8, 9, 21, 15, 18, 18, 21, 27, 27, 30, 30, 14, 0, 0, 37]","""[0, 2, 3, 8, 6, 6, 5, 5, 4, 7, 5, 9, 3, 3, 9, 3, 3, 1, 6, 7, 3, 118, 116, 0]"""
j20,1,proactive_robust,600,True,41,0.0883321762084961,0.0006864070892333984,"[0, 0, 0, 0, 3, 3, 4, 3, 11, 8, 15, 23, 15, 19, 19, 23, 30, 30, 32, 34, 23, 0, 0, 118]","""[0, 4, 3, 3, 6, 6, 6, 4, 3, 6, 8, 8, 3, 3, 8, 5, 1, 4, 6, 7, 5, 118, 116, 0]"""
j20,1,reactive,600,True,41,0.0883321762084961,0.2863776683807373,"[0, 0, 0, 0, 3, 3, 4, 3, 11, 8, 15, 23, 15, 19, 19, 23, 30, 30, 32, 34, 23, 0, 0, 41]","[0, 4, 3, 3, 6, 6, 6, 4, 3, 6, 8, 8, 3, 3, 8, 5, 1, 4, 6, 7, 5, 118, 116, 0]"
j20,1,stnu,600,True,33,0.9498932361602783,0.019232749938964844,"[0, 0, 0, 0, 3, 3, 4, 3, 10, 4, 9, 17, 10, 13, 13, 17, 22, 22, 25, 26, 17, 0, 0, 33]","""[0, 4, 3, 3, 6, 6, 6, 4, 3, 6, 8, 8, 3, 3, 8, 5, 1, 4, 6, 7, 5, 118, 116, 0]"""
j20,1,proactive_robust,600,True,41,0.0836641788482666,0.0006721019744873047,"[0, 0, 0, 0, 3, 3, 4, 3, 11, 8, 15, 23, 15, 19, 19, 23, 30, 30, 32, 34, 23, 0, 0, 118]","""[0, 4, 1, 5, 5, 8, 6, 3, 3, 7, 7, 4, 3, 3, 5, 2, 1, 3, 6, 3, 7, 118, 116, 0]"""
j20,1,reactive,600,True,38,0.0836641788482666,0.3902771472930908,"[0, 0, 0, 0, 3, 3, 4, 3, 11, 8, 15, 23, 15, 19, 19, 23, 30, 30, 32, 33, 23, 0, 0, 38]","[0, 4, 1, 5, 5, 8, 6, 3, 3, 7, 7, 4, 3, 3, 5, 2, 1, 3, 6, 3, 7, 118, 116, 0]"
j20,1,stnu,600,True,28,0.9620387554168701,0.019327163696289062,"[0, 0, 0, 0, 1, 1, 4, 1, 10, 5, 9, 18, 12, 15, 15, 18, 20, 20, 22, 23, 16, 0, 0, 28]","""[0, 4, 1, 5, 5, 8, 6, 3, 3, 7, 7, 4, 3, 3, 5, 2, 1, 3, 6, 3, 7, 118, 116, 0]"""
j20,1,proactive_robust,600,True,41,0.08645105361938477,0.0006792545318603516,"[0, 0, 0, 0, 3, 3, 4, 3, 11, 8, 15, 23, 15, 19, 19, 23, 30, 30, 32, 34, 23, 0, 0, 118]","""[0, 4, 2, 5, 6, 8, 3, 7, 5, 2, 8, 9, 1, 2, 6, 7, 3, 1, 7, 3, 3, 118, 116, 0]"""
j20,1,reactive,600,True,39,0.08645105361938477,0.36059093475341797,"[0, 0, 0, 0, 3, 3, 4, 3, 11, 8, 15, 23, 15, 19, 19, 23, 30, 30, 32, 34, 23, 0, 0, 39]","[0, 4, 2, 5, 6, 8, 3, 7, 5, 2, 8, 9, 1, 2, 6, 7, 3, 1, 7, 3, 3, 118, 116, 0]"
j20,1,stnu,600,True,34,0.9879879951477051,0.019365549087524414,"[0, 0, 0, 0, 2, 2, 4, 2, 8, 5, 10, 18, 9, 13, 13, 18, 25, 25, 27, 28, 18, 0, 0, 34]","""[0, 4, 2, 5, 6, 8, 3, 7, 5, 2, 8, 9, 1, 2, 6, 7, 3, 1, 7, 3, 3, 118, 116, 0]"""
j20,1,proactive_robust,600,True,41,0.0908041000366211,0.0006721019744873047,"[0, 0, 0, 0, 3, 3, 4, 3, 11, 8, 15, 23, 15, 19, 19, 23, 30, 30, 32, 34, 23, 0, 0, 118]","""[0, 1, 1, 6, 6, 8, 4, 7, 4, 3, 6, 5, 3, 3, 6, 7, 1, 3, 7, 2, 6, 118, 116, 0]"""
j20,1,reactive,600,True,39,0.0908041000366211,0.3948962688446045,"[0, 0, 0, 0, 3, 3, 4, 3, 11, 8, 15, 23, 15, 19, 19, 23, 30, 30, 32, 34, 23, 0, 0, 39]","[0, 1, 1, 6, 6, 8, 4, 7, 4, 3, 6, 5, 3, 3, 6, 7, 1, 3, 7, 2, 6, 118, 116, 0]"
j20,1,stnu,600,True,29,0.8707273006439209,0.019295692443847656,"[0, 0, 0, 0, 1, 1, 1, 1, 7, 6, 9, 15, 9, 12, 12, 15, 22, 22, 22, 25, 15, 0, 0, 29]","""[0, 1, 1, 6, 6, 8, 4, 7, 4, 3, 6, 5, 3, 3, 6, 7, 1, 3, 7, 2, 6, 118, 116, 0]"""
j20,1,proactive_robust,600,True,61,0.09606790542602539,0.0014302730560302734,"[0, 0, 0, 0, 10, 4, 13, 13, 40, 17, 7, 23, 22, 31, 22, 30, 47, 30, 57, 37, 43, 0, 0, 0, 0, 0, 0, 0, 0, 0, 0, 148]","""[0, 5, 10, 1, 2, 4, 6, 8, 2, 2, 10, 7, 4, 9, 3, 8, 9, 2, 3, 10, 6, 85, 148, 8, 39, 22, 111, 84, 50, 72, 68, 0]"""
j20,1,reactive,600,True,60,0.09606790542602539,0.4069197177886963,"[0, 0, 0, 0, 10, 4, 13, 13, 40, 17, 7, 23, 22, 31, 22, 30, 47, 30, 57, 37, 43, 0, 0, 0, 0, 0, 0, 0, 0, 0, 0, 60]","[0, 5, 10, 1, 2, 4, 6, 8, 2, 2, 10, 7, 4, 9, 3, 8, 9, 2, 3, 10, 6, 85, 148, 8, 39, 22, 111, 84, 50, 72, 68, 0]"
j20,1,stnu,600,True,50,0.9512848854064941,0.037343740463256836,"[0, 0, 0, 0, 10, 1, 12, 12, 36, 15, 5, 20, 20, 27, 20, 24, 38, 24, 47, 27, 38, 0, 0, 0, 0, 0, 0, 0, 0, 0, 0, 50]","""[0, 5, 10, 1, 2, 4, 6, 8, 2, 2, 10, 7, 4, 9, 3, 8, 9, 2, 3, 10, 6, 85, 148, 8, 39, 22, 111, 84, 50, 72, 68, 0]"""
j20,1,proactive_robust,600,True,61,0.09800601005554199,0.0014739036560058594,"[0, 0, 0, 0, 10, 4, 13, 13, 40, 17, 7, 23, 22, 31, 22, 30, 47, 30, 57, 37, 43, 0, 0, 0, 0, 0, 0, 0, 0, 0, 0, 148]","""[0, 2, 10, 2, 1, 3, 7, 4, 1, 6, 10, 7, 4, 8, 6, 7, 9, 4, 1, 10, 9, 85, 148, 8, 39, 22, 111, 84, 50, 72, 68, 0]"""
j20,1,reactive,600,True,57,0.09800601005554199,0.45856785774230957,"[0, 0, 0, 0, 10, 4, 13, 13, 40, 17, 7, 23, 22, 31, 22, 30, 47, 30, 56, 37, 43, 0, 0, 0, 0, 0, 0, 0, 0, 0, 0, 57]","[0, 2, 10, 2, 1, 3, 7, 4, 1, 6, 10, 7, 4, 8, 6, 7, 9, 4, 1, 10, 9, 85, 148, 8, 39, 22, 111, 84, 50, 72, 68, 0]"
j20,1,stnu,600,True,48,1.0309863090515137,0.037058353424072266,"[0, 0, 0, 0, 10, 2, 11, 11, 33, 12, 2, 18, 18, 25, 18, 24, 38, 24, 47, 28, 34, 0, 0, 0, 0, 0, 0, 0, 0, 0, 0, 48]","""[0, 2, 10, 2, 1, 3, 7, 4, 1, 6, 10, 7, 4, 8, 6, 7, 9, 4, 1, 10, 9, 85, 148, 8, 39, 22, 111, 84, 50, 72, 68, 0]"""
j20,1,proactive_robust,600,True,61,0.09755229949951172,0.0014553070068359375,"[0, 0, 0, 0, 10, 4, 13, 13, 40, 17, 7, 23, 22, 31, 22, 30, 47, 30, 57, 37, 43, 0, 0, 0, 0, 0, 0, 0, 0, 0, 0, 148]","""[0, 6, 8, 1, 2, 4, 3, 9, 2, 2, 5, 7, 4, 6, 2, 8, 8, 7, 1, 9, 10, 85, 148, 8, 39, 22, 111, 84, 50, 72, 68, 0]"""
j20,1,reactive,600,True,56,0.09755229949951172,0.4422898292541504,"[0, 0, 0, 0, 10, 4, 13, 13, 40, 17, 7, 23, 22, 31, 22, 30, 47, 30, 55, 37, 43, 0, 0, 0, 0, 0, 0, 0, 0, 0, 0, 56]","[0, 6, 8, 1, 2, 4, 3, 9, 2, 2, 5, 7, 4, 6, 2, 8, 8, 7, 1, 9, 10, 85, 148, 8, 39, 22, 111, 84, 50, 72, 68, 0]"
j20,1,stnu,600,True,48,1.0585618019104004,0.037209272384643555,"[0, 0, 0, 0, 8, 1, 10, 10, 32, 11, 6, 19, 19, 26, 19, 23, 39, 23, 47, 30, 34, 0, 0, 0, 0, 0, 0, 0, 0, 0, 0, 48]","""[0, 6, 8, 1, 2, 4, 3, 9, 2, 2, 5, 7, 4, 6, 2, 8, 8, 7, 1, 9, 10, 85, 148, 8, 39, 22, 111, 84, 50, 72, 68, 0]"""
j20,1,proactive_robust,600,True,61,0.09136533737182617,0.0014233589172363281,"[0, 0, 0, 0, 10, 4, 13, 13, 40, 17, 7, 23, 22, 31, 22, 30, 47, 30, 57, 37, 43, 0, 0, 0, 0, 0, 0, 0, 0, 0, 0, 148]","""[0, 6, 8, 2, 1, 1, 3, 7, 1, 6, 7, 4, 6, 8, 3, 6, 8, 5, 2, 5, 8, 85, 148, 8, 39, 22, 111, 84, 50, 72, 68, 0]"""
j20,1,reactive,600,True,57,0.09136533737182617,0.6998291015625,"[0, 0, 0, 0, 10, 4, 13, 13, 40, 17, 7, 23, 22, 31, 22, 30, 47, 30, 55, 37, 43, 0, 0, 0, 0, 0, 0, 0, 0, 0, 0, 57]","[0, 6, 8, 2, 1, 1, 3, 7, 1, 6, 7, 4, 6, 8, 3, 6, 8, 5, 2, 5, 8, 85, 148, 8, 39, 22, 111, 84, 50, 72, 68, 0]"
j20,1,stnu,600,True,42,0.9344923496246338,0.03722739219665527,"[0, 0, 0, 0, 8, 2, 9, 9, 31, 13, 6, 19, 16, 23, 16, 22, 32, 22, 40, 27, 32, 0, 0, 0, 0, 0, 0, 0, 0, 0, 0, 42]","""[0, 6, 8, 2, 1, 1, 3, 7, 1, 6, 7, 4, 6, 8, 3, 6, 8, 5, 2, 5, 8, 85, 148, 8, 39, 22, 111, 84, 50, 72, 68, 0]"""
j20,1,proactive_robust,600,True,61,0.10004806518554688,0.0014181137084960938,"[0, 0, 0, 0, 10, 4, 13, 13, 40, 17, 7, 23, 22, 31, 22, 30, 47, 30, 57, 37, 43, 0, 0, 0, 0, 0, 0, 0, 0, 0, 0, 148]","""[0, 7, 7, 2, 1, 2, 4, 5, 2, 3, 9, 5, 3, 4, 7, 6, 9, 2, 2, 10, 7, 85, 148, 8, 39, 22, 111, 84, 50, 72, 68, 0]"""
j20,1,reactive,600,True,59,0.10004806518554688,0.467832088470459,"[0, 0, 0, 0, 10, 4, 13, 13, 40, 17, 7, 23, 22, 31, 22, 30, 47, 30, 57, 37, 43, 0, 0, 0, 0, 0, 0, 0, 0, 0, 0, 59]","[0, 7, 7, 2, 1, 2, 4, 5, 2, 3, 9, 5, 3, 4, 7, 6, 9, 2, 2, 10, 7, 85, 148, 8, 39, 22, 111, 84, 50, 72, 68, 0]"
j20,1,stnu,600,True,45,0.9329319000244141,0.03752756118774414,"[0, 0, 0, 0, 7, 2, 8, 8, 28, 16, 7, 19, 16, 24, 13, 20, 34, 20, 43, 24, 30, 0, 0, 0, 0, 0, 0, 0, 0, 0, 0, 45]","""[0, 7, 7, 2, 1, 2, 4, 5, 2, 3, 9, 5, 3, 4, 7, 6, 9, 2, 2, 10, 7, 85, 148, 8, 39, 22, 111, 84, 50, 72, 68, 0]"""
j20,1,proactive_robust,600,True,61,0.0991966724395752,0.0014729499816894531,"[0, 0, 0, 0, 10, 4, 13, 13, 40, 17, 7, 23, 22, 31, 22, 30, 47, 30, 57, 37, 43, 0, 0, 0, 0, 0, 0, 0, 0, 0, 0, 148]","""[0, 5, 6, 3, 1, 2, 4, 7, 1, 4, 6, 3, 8, 5, 7, 11, 10, 4, 3, 8, 11, 85, 148, 8, 39, 22, 111, 84, 50, 72, 68, 0]"""
j20,1,reactive,600,True,60,0.0991966724395752,0.5199553966522217,"[0, 0, 0, 0, 10, 4, 13, 13, 40, 17, 7, 23, 22, 31, 22, 30, 47, 30, 57, 37, 43, 0, 0, 0, 0, 0, 0, 0, 0, 0, 0, 60]","[0, 5, 6, 3, 1, 2, 4, 7, 1, 4, 6, 3, 8, 5, 7, 11, 10, 4, 3, 8, 11, 85, 148, 8, 39, 22, 111, 84, 50, 72, 68, 0]"
j20,1,stnu,600,True,47,0.9679374694824219,0.037062883377075195,"[0, 0, 0, 0, 6, 3, 7, 7, 26, 11, 5, 15, 14, 18, 14, 22, 34, 22, 44, 26, 33, 0, 0, 0, 0, 0, 0, 0, 0, 0, 0, 47]","""[0, 5, 6, 3, 1, 2, 4, 7, 1, 4, 6, 3, 8, 5, 7, 11, 10, 4, 3, 8, 11, 85, 148, 8, 39, 22, 111, 84, 50, 72, 68, 0]"""
j20,1,proactive_robust,600,True,61,0.09783554077148438,0.0014221668243408203,"[0, 0, 0, 0, 10, 4, 13, 13, 40, 17, 7, 23, 22, 31, 22, 30, 47, 30, 57, 37, 43, 0, 0, 0, 0, 0, 0, 0, 0, 0, 0, 148]","""[0, 5, 5, 2, 1, 3, 8, 6, 1, 6, 9, 4, 7, 4, 4, 7, 5, 7, 1, 10, 11, 85, 148, 8, 39, 22, 111, 84, 50, 72, 68, 0]"""
j20,1,reactive,600,True,54,0.09783554077148438,0.47954773902893066,"[0, 0, 0, 0, 10, 4, 13, 13, 40, 17, 7, 23, 22, 31, 22, 30, 47, 30, 52, 37, 43, 0, 0, 0, 0, 0, 0, 0, 0, 0, 0, 54]","[0, 5, 5, 2, 1, 3, 8, 6, 1, 6, 9, 4, 7, 4, 4, 7, 5, 7, 1, 10, 11, 85, 148, 8, 39, 22, 111, 84, 50, 72, 68, 0]"
j20,1,stnu,600,True,44,0.929234504699707,0.037099361419677734,"[0, 0, 0, 0, 5, 2, 6, 6, 28, 14, 5, 20, 14, 24, 14, 21, 38, 21, 43, 28, 29, 0, 0, 0, 0, 0, 0, 0, 0, 0, 0, 44]","""[0, 5, 5, 2, 1, 3, 8, 6, 1, 6, 9, 4, 7, 4, 4, 7, 5, 7, 1, 10, 11, 85, 148, 8, 39, 22, 111, 84, 50, 72, 68, 0]"""
j20,1,proactive_robust,600,True,61,0.09313726425170898,0.0014529228210449219,"[0, 0, 0, 0, 10, 4, 13, 13, 40, 17, 7, 23, 22, 31, 22, 30, 47, 30, 57, 37, 43, 0, 0, 0, 0, 0, 0, 0, 0, 0, 0, 148]","""[0, 6, 10, 2, 3, 3, 4, 9, 2, 4, 10, 8, 6, 7, 7, 13, 5, 2, 4, 10, 7, 85, 148, 8, 39, 22, 111, 84, 50, 72, 68, 0]"""
j20,1,reactive,600,True,56,0.09313726425170898,0.2934837341308594,"[0, 0, 0, 0, 10, 4, 13, 13, 40, 17, 7, 23, 22, 31, 22, 30, 47, 30, 52, 37, 43, 0, 0, 0, 0, 0, 0, 0, 0, 0, 0, 56]","[0, 6, 10, 2, 3, 3, 4, 9, 2, 4, 10, 8, 6, 7, 7, 13, 5, 2, 4, 10, 7, 85, 148, 8, 39, 22, 111, 84, 50, 72, 68, 0]"
j20,1,stnu,600,True,53,1.020878553390503,0.03718876838684082,"[0, 0, 0, 0, 10, 2, 13, 13, 37, 16, 6, 22, 22, 30, 22, 29, 42, 29, 49, 31, 42, 0, 0, 0, 0, 0, 0, 0, 0, 0, 0, 53]","""[0, 6, 10, 2, 3, 3, 4, 9, 2, 4, 10, 8, 6, 7, 7, 13, 5, 2, 4, 10, 7, 85, 148, 8, 39, 22, 111, 84, 50, 72, 68, 0]"""
j20,1,proactive_robust,600,True,61,0.09066939353942871,0.0014395713806152344,"[0, 0, 0, 0, 10, 4, 13, 13, 40, 17, 7, 23, 22, 31, 22, 30, 47, 30, 57, 37, 43, 0, 0, 0, 0, 0, 0, 0, 0, 0, 0, 148]","""[0, 7, 5, 2, 3, 3, 4, 9, 1, 4, 8, 6, 6, 7, 2, 7, 5, 3, 1, 7, 6, 85, 148, 8, 39, 22, 111, 84, 50, 72, 68, 0]"""
j20,1,reactive,600,True,49,0.09066939353942871,0.4966573715209961,"[0, 0, 0, 0, 10, 4, 13, 13, 40, 17, 7, 23, 22, 31, 22, 30, 38, 30, 43, 37, 43, 0, 0, 0, 0, 0, 0, 0, 0, 0, 0, 49]","[0, 7, 5, 2, 3, 3, 4, 9, 1, 4, 8, 6, 6, 7, 2, 7, 5, 3, 1, 7, 6, 85, 148, 8, 39, 22, 111, 84, 50, 72, 68, 0]"
j20,1,stnu,600,True,41,1.052107572555542,0.03715038299560547,"[0, 0, 0, 0, 7, 2, 10, 10, 32, 15, 7, 19, 19, 25, 19, 25, 35, 25, 40, 28, 33, 0, 0, 0, 0, 0, 0, 0, 0, 0, 0, 41]","""[0, 7, 5, 2, 3, 3, 4, 9, 1, 4, 8, 6, 6, 7, 2, 7, 5, 3, 1, 7, 6, 85, 148, 8, 39, 22, 111, 84, 50, 72, 68, 0]"""
j20,1,proactive_robust,600,True,61,0.08882617950439453,0.0014193058013916016,"[0, 0, 0, 0, 10, 4, 13, 13, 40, 17, 7, 23, 22, 31, 22, 30, 47, 30, 57, 37, 43, 0, 0, 0, 0, 0, 0, 0, 0, 0, 0, 148]","""[0, 2, 7, 1, 2, 1, 8, 8, 1, 6, 8, 3, 8, 9, 5, 6, 6, 2, 2, 7, 11, 85, 148, 8, 39, 22, 111, 84, 50, 72, 68, 0]"""
j20,1,reactive,600,True,55,0.08882617950439453,0.6049520969390869,"[0, 0, 0, 0, 10, 4, 13, 13, 40, 17, 7, 23, 22, 31, 22, 30, 47, 30, 53, 37, 43, 0, 0, 0, 0, 0, 0, 0, 0, 0, 0, 55]","[0, 2, 7, 1, 2, 1, 8, 8, 1, 6, 8, 3, 8, 9, 5, 6, 6, 2, 2, 7, 11, 85, 148, 8, 39, 22, 111, 84, 50, 72, 68, 0]"
j20,1,stnu,600,True,44,0.9390201568603516,0.037180423736572266,"[0, 0, 0, 0, 7, 1, 9, 9, 29, 10, 2, 17, 17, 20, 17, 25, 34, 25, 42, 27, 31, 0, 0, 0, 0, 0, 0, 0, 0, 0, 0, 44]","""[0, 2, 7, 1, 2, 1, 8, 8, 1, 6, 8, 3, 8, 9, 5, 6, 6, 2, 2, 7, 11, 85, 148, 8, 39, 22, 111, 84, 50, 72, 68, 0]"""
j20,1,proactive_robust,600,True,55,0.09544801712036133,0.0012373924255371094,"[0, 0, 0, 0, 13, 13, 12, 16, 24, 6, 14, 28, 24, 24, 34, 19, 32, 37, 46, 37, 16, 0, 0, 0, 0, 0, 0, 0, 139]","""[0, 5, 10, 9, 6, 2, 4, 4, 5, 5, 5, 7, 3, 9, 7, 9, 3, 4, 6, 4, 4, 139, 31, 102, 45, 77, 124, 51, 0]"""
j20,1,reactive,600,True,52,0.09544801712036133,0.36833906173706055,"[0, 0, 0, 0, 13, 13, 12, 16, 24, 6, 14, 28, 24, 24, 34, 19, 32, 37, 46, 37, 16, 0, 0, 0, 0, 0, 0, 0, 52]","[0, 5, 10, 9, 6, 2, 4, 4, 5, 5, 5, 7, 3, 9, 7, 9, 3, 4, 6, 4, 4, 139, 31, 102, 45, 77, 124, 51, 0]"
j20,1,stnu,600,True,42,0.9075016975402832,0.029636621475219727,"[0, 0, 0, 0, 10, 10, 10, 14, 18, 5, 10, 25, 18, 18, 25, 16, 25, 32, 36, 32, 14, 0, 0, 0, 0, 0, 0, 0, 42]","""[0, 5, 10, 9, 6, 2, 4, 4, 5, 5, 5, 7, 3, 9, 7, 9, 3, 4, 6, 4, 4, 139, 31, 102, 45, 77, 124, 51, 0]"""
j20,1,proactive_robust,600,True,55,0.09101986885070801,0.0012617111206054688,"[0, 0, 0, 0, 13, 13, 12, 16, 24, 6, 14, 28, 24, 24, 34, 19, 32, 37, 46, 37, 16, 0, 0, 0, 0, 0, 0, 0, 139]","""[0, 4, 8, 11, 3, 3, 4, 3, 6, 4, 6, 6, 8, 6, 7, 8, 1, 2, 8, 1, 3, 139, 31, 102, 45, 77, 124, 51, 0]"""
j20,1,reactive,600,True,54,0.09101986885070801,0.44219493865966797,"[0, 0, 0, 0, 13, 13, 12, 16, 24, 6, 14, 28, 24, 24, 34, 19, 32, 37, 46, 37, 16, 0, 0, 0, 0, 0, 0, 0, 54]","[0, 4, 8, 11, 3, 3, 4, 3, 6, 4, 6, 6, 8, 6, 7, 8, 1, 2, 8, 1, 3, 139, 31, 102, 45, 77, 124, 51, 0]"
j20,1,stnu,600,True,38,0.8954541683197021,0.029584407806396484,"[0, 0, 0, 0, 11, 11, 8, 12, 17, 4, 11, 22, 17, 17, 23, 14, 25, 28, 30, 28, 12, 0, 0, 0, 0, 0, 0, 0, 38]","""[0, 4, 8, 11, 3, 3, 4, 3, 6, 4, 6, 6, 8, 6, 7, 8, 1, 2, 8, 1, 3, 139, 31, 102, 45, 77, 124, 51, 0]"""
j20,1,proactive_robust,600,True,55,0.08832001686096191,0.0012669563293457031,"[0, 0, 0, 0, 13, 13, 12, 16, 24, 6, 14, 28, 24, 24, 34, 19, 32, 37, 46, 37, 16, 0, 0, 0, 0, 0, 0, 0, 139]","""[0, 3, 12, 13, 2, 4, 2, 5, 5, 6, 10, 4, 4, 9, 6, 9, 3, 4, 4, 1, 5, 139, 31, 102, 45, 77, 124, 51, 0]"""
j20,1,reactive,600,True,45,0.08832001686096191,0.29010009765625,"[0, 0, 0, 0, 13, 13, 12, 16, 24, 6, 14, 28, 24, 24, 34, 19, 32, 37, 41, 37, 16, 0, 0, 0, 0, 0, 0, 0, 45]","[0, 3, 12, 13, 2, 4, 2, 5, 5, 6, 10, 4, 4, 9, 6, 9, 3, 4, 4, 1, 5, 139, 31, 102, 45, 77, 124, 51, 0]"
j20,1,stnu,600,True,40,0.8989510536193848,0.029889583587646484,"[0, 0, 0, 0, 13, 13, 12, 14, 23, 3, 13, 26, 23, 23, 28, 17, 27, 32, 36, 32, 14, 0, 0, 0, 0, 0, 0, 0, 40]","""[0, 3, 12, 13, 2, 4, 2, 5, 5, 6, 10, 4, 4, 9, 6, 9, 3, 4, 4, 1, 5, 139, 31, 102, 45, 77, 124, 51, 0]"""
j20,1,proactive_robust,600,True,55,0.08868622779846191,0.0012781620025634766,"[0, 0, 0, 0, 13, 13, 12, 16, 24, 6, 14, 28, 24, 24, 34, 19, 32, 37, 46, 37, 16, 0, 0, 0, 0, 0, 0, 0, 139]","""[0, 6, 9, 9, 6, 4, 3, 7, 5, 8, 10, 4, 4, 4, 10, 8, 3, 1, 7, 2, 3, 139, 31, 102, 45, 77, 124, 51, 0]"""
j20,1,reactive,600,True,53,0.08868622779846191,0.2997424602508545,"[0, 0, 0, 0, 13, 13, 12, 16, 24, 6, 14, 28, 24, 24, 34, 19, 32, 37, 46, 37, 16, 0, 0, 0, 0, 0, 0, 0, 53]","[0, 6, 9, 9, 6, 4, 3, 7, 5, 8, 10, 4, 4, 4, 10, 8, 3, 1, 7, 2, 3, 139, 31, 102, 45, 77, 124, 51, 0]"
j20,1,stnu,600,True,46,0.9470176696777344,0.029642343521118164,"[0, 0, 0, 0, 9, 9, 9, 12, 24, 6, 14, 24, 24, 24, 29, 15, 28, 31, 39, 31, 14, 0, 0, 0, 0, 0, 0, 0, 46]","""[0, 6, 9, 9, 6, 4, 3, 7, 5, 8, 10, 4, 4, 4, 10, 8, 3, 1, 7, 2, 3, 139, 31, 102, 45, 77, 124, 51, 0]"""
j20,1,proactive_robust,600,True,55,0.09745621681213379,0.0012812614440917969,"[0, 0, 0, 0, 13, 13, 12, 16, 24, 6, 14, 28, 24, 24, 34, 19, 32, 37, 46, 37, 16, 0, 0, 0, 0, 0, 0, 0, 139]","""[0, 5, 12, 10, 3, 1, 2, 6, 9, 6, 6, 8, 4, 8, 9, 6, 1, 3, 6, 2, 4, 139, 31, 102, 45, 77, 124, 51, 0]"""
j20,1,reactive,600,True,52,0.09745621681213379,0.4484984874725342,"[0, 0, 0, 0, 13, 13, 12, 16, 24, 6, 14, 28, 24, 24, 34, 19, 32, 37, 46, 37, 16, 0, 0, 0, 0, 0, 0, 0, 52]","[0, 5, 12, 10, 3, 1, 2, 6, 9, 6, 6, 8, 4, 8, 9, 6, 1, 3, 6, 2, 4, 139, 31, 102, 45, 77, 124, 51, 0]"
j20,1,stnu,600,True,44,1.0428712368011475,0.029593467712402344,"[0, 0, 0, 0, 12, 12, 12, 14, 20, 5, 12, 21, 20, 20, 29, 15, 24, 29, 38, 29, 14, 0, 0, 0, 0, 0, 0, 0, 44]","""[0, 5, 12, 10, 3, 1, 2, 6, 9, 6, 6, 8, 4, 8, 9, 6, 1, 3, 6, 2, 4, 139, 31, 102, 45, 77, 124, 51, 0]"""
j20,1,proactive_robust,600,True,55,0.08826637268066406,0.0012347698211669922,"[0, 0, 0, 0, 13, 13, 12, 16, 24, 6, 14, 28, 24, 24, 34, 19, 32, 37, 46, 37, 16, 0, 0, 0, 0, 0, 0, 0, 139]","""[0, 2, 7, 8, 3, 2, 2, 5, 8, 6, 6, 7, 5, 4, 6, 4, 3, 4, 4, 1, 6, 139, 31, 102, 45, 77, 124, 51, 0]"""
j20,1,reactive,600,True,45,0.08826637268066406,0.4797370433807373,"[0, 0, 0, 0, 13, 13, 12, 16, 24, 6, 14, 28, 24, 24, 34, 19, 32, 37, 41, 37, 16, 0, 0, 0, 0, 0, 0, 0, 45]","[0, 2, 7, 8, 3, 2, 2, 5, 8, 6, 6, 7, 5, 4, 6, 4, 3, 4, 4, 1, 6, 139, 31, 102, 45, 77, 124, 51, 0]"
j20,1,stnu,600,True,32,1.017559289932251,0.02951955795288086,"[0, 0, 0, 0, 8, 8, 7, 9, 14, 2, 8, 15, 15, 15, 22, 11, 20, 23, 28, 23, 9, 0, 0, 0, 0, 0, 0, 0, 32]","""[0, 2, 7, 8, 3, 2, 2, 5, 8, 6, 6, 7, 5, 4, 6, 4, 3, 4, 4, 1, 6, 139, 31, 102, 45, 77, 124, 51, 0]"""
j20,1,proactive_robust,600,True,36,0.0896766185760498,0.0012090206146240234,"[0, 0, 0, 0, 13, 13, 7, 11, 13, 4, 7, 17, 11, 17, 20, 22, 18, 24, 28, 24, 11, 0, 0, 0, 0, 0, 0, 0, 139]","""[0, 4, 6, 11, 2, 1, 2, 2, 3, 3, 1, 4, 5, 6, 1, 5, 1, 1, 4, 1, 2, 139, 31, 102, 45, 77, 124, 51, 0]"""
j20,1,reactive,600,True,32,0.0896766185760498,0.3924884796142578,"[0, 0, 0, 0, 13, 13, 7, 11, 13, 4, 7, 17, 11, 17, 20, 22, 18, 24, 28, 24, 11, 0, 0, 0, 0, 0, 0, 0, 32]","[0, 4, 6, 11, 2, 1, 2, 2, 3, 3, 1, 4, 5, 6, 1, 5, 1, 1, 4, 1, 2, 139, 31, 102, 45, 77, 124, 51, 0]"
j20,1,stnu,600,True,40,1.0234918594360352,0.029854536056518555,"[0, 0, 0, 0, 10, 10, 10, 12, 18, 3, 11, 23, 18, 18, 25, 14, 24, 32, 35, 32, 12, 0, 0, 0, 0, 0, 0, 0, 40]","""[0, 3, 10, 9, 4, 4, 2, 4, 7, 8, 7, 9, 6, 7, 6, 9, 3, 3, 5, 2, 5, 139, 31, 102, 45, 77, 124, 51, 0]"""
j20,1,proactive_robust,600,True,55,0.09001517295837402,0.0012590885162353516,"[0, 0, 0, 0, 13, 13, 12, 16, 24, 6, 14, 28, 24, 24, 34, 19, 32, 37, 46, 37, 16, 0, 0, 0, 0, 0, 0, 0, 139]","""[0, 3, 7, 12, 3, 1, 1, 4, 6, 5, 6, 5, 7, 9, 6, 5, 3, 2, 6, 3, 5, 139, 31, 102, 45, 77, 124, 51, 0]"""
j20,1,reactive,600,True,46,0.09001517295837402,0.46529626846313477,"[0, 0, 0, 0, 13, 13, 12, 16, 24, 6, 14, 28, 24, 24, 34, 19, 32, 37, 40, 37, 16, 0, 0, 0, 0, 0, 0, 0, 46]","[0, 3, 7, 12, 3, 1, 1, 4, 6, 5, 6, 5, 7, 9, 6, 5, 3, 2, 6, 3, 5, 139, 31, 102, 45, 77, 124, 51, 0]"
j20,1,stnu,600,True,37,1.0304787158966064,0.029212474822998047,"[0, 0, 0, 0, 12, 12, 7, 8, 18, 3, 12, 20, 18, 18, 24, 15, 25, 28, 31, 28, 8, 0, 0, 0, 0, 0, 0, 0, 37]","""[0, 3, 7, 12, 3, 1, 1, 4, 6, 5, 6, 5, 7, 9, 6, 5, 3, 2, 6, 3, 5, 139, 31, 102, 45, 77, 124, 51, 0]"""
j20,1,proactive_robust,600,True,55,0.08890819549560547,0.0012843608856201172,"[0, 0, 0, 0, 13, 13, 12, 16, 24, 6, 14, 28, 24, 24, 34, 19, 32, 37, 46, 37, 16, 0, 0, 0, 0, 0, 0, 0, 139]","""[0, 2, 7, 8, 6, 3, 2, 8, 8, 5, 8, 4, 6, 5, 9, 8, 1, 4, 6, 4, 4, 139, 31, 102, 45, 77, 124, 51, 0]"""
j20,1,reactive,600,True,52,0.08890819549560547,0.5236029624938965,"[0, 0, 0, 0, 13, 13, 12, 16, 24, 6, 14, 28, 24, 24, 34, 19, 32, 37, 46, 37, 16, 0, 0, 0, 0, 0, 0, 0, 52]","[0, 2, 7, 8, 6, 3, 2, 8, 8, 5, 8, 4, 6, 5, 9, 8, 1, 4, 6, 4, 4, 139, 31, 102, 45, 77, 124, 51, 0]"
j20,1,stnu,600,True,40,0.9038701057434082,0.029838085174560547,"[0, 0, 0, 0, 8, 8, 7, 9, 17, 2, 8, 22, 17, 17, 25, 14, 23, 26, 34, 26, 9, 0, 0, 0, 0, 0, 0, 0, 40]","""[0, 2, 7, 8, 6, 3, 2, 8, 8, 5, 8, 4, 6, 5, 9, 8, 1, 4, 6, 4, 4, 139, 31, 102, 45, 77, 124, 51, 0]"""
j20,1,proactive_robust,600,True,55,0.21495461463928223,0.0013077259063720703,"[0, 0, 0, 0, 13, 13, 12, 16, 24, 6, 14, 28, 24, 24, 34, 19, 32, 37, 46, 37, 16, 0, 0, 0, 0, 0, 0, 0, 139]","""[0, 3, 12, 13, 6, 3, 1, 8, 6, 7, 5, 7, 5, 6, 10, 5, 2, 4, 6, 2, 7, 139, 31, 102, 45, 77, 124, 51, 0]"""
j20,1,reactive,600,True,52,0.21495461463928223,0.33040475845336914,"[0, 0, 0, 0, 13, 13, 12, 16, 24, 6, 14, 28, 24, 24, 34, 19, 32, 37, 46, 37, 16, 0, 0, 0, 0, 0, 0, 0, 52]","[0, 3, 12, 13, 6, 3, 1, 8, 6, 7, 5, 7, 5, 6, 10, 5, 2, 4, 6, 2, 7, 139, 31, 102, 45, 77, 124, 51, 0]"
j20,1,stnu,600,True,43,0.897085428237915,0.029837846755981445,"[0, 0, 0, 0, 13, 13, 12, 13, 21, 3, 13, 24, 21, 21, 27, 19, 26, 31, 37, 31, 13, 0, 0, 0, 0, 0, 0, 0, 43]","""[0, 3, 12, 13, 6, 3, 1, 8, 6, 7, 5, 7, 5, 6, 10, 5, 2, 4, 6, 2, 7, 139, 31, 102, 45, 77, 124, 51, 0]"""
j20,1,proactive_robust,600,True,74,0.10019254684448242,0.0006871223449707031,"[0, 8, 0, 0, 9, 19, 21, 30, 9, 38, 38, 30, 46, 21, 24, 19, 53, 46, 55, 55, 65, 0, 0, 0, 131]","""[0, 8, 7, 6, 6, 1, 7, 8, 4, 3, 9, 3, 7, 3, 2, 5, 2, 5, 10, 7, 4, 131, 19, 75, 0]"""
j20,1,reactive,600,True,69,0.10019254684448242,0.44835877418518066,"[0, 8, 0, 0, 9, 19, 21, 30, 9, 38, 38, 30, 46, 21, 24, 19, 53, 46, 55, 55, 65, 0, 0, 0, 69]","[0, 8, 7, 6, 6, 1, 7, 8, 4, 3, 9, 3, 7, 3, 2, 5, 2, 5, 10, 7, 4, 131, 19, 75, 0]"
j20,1,stnu,600,True,54,0.9505555629730225,0.025520801544189453,"[0, 7, 0, 0, 7, 13, 15, 22, 7, 30, 30, 22, 33, 15, 18, 13, 40, 33, 40, 40, 50, 0, 0, 0, 54]","""[0, 8, 7, 6, 6, 1, 7, 8, 4, 3, 9, 3, 7, 3, 2, 5, 2, 5, 10, 7, 4, 131, 19, 75, 0]"""
j20,1,proactive_robust,600,True,74,0.10104846954345703,0.0006804466247558594,"[0, 8, 0, 0, 9, 19, 21, 30, 9, 38, 38, 30, 46, 21, 24, 19, 53, 46, 55, 55, 65, 0, 0, 0, 131]","""[0, 6, 8, 6, 9, 1, 5, 7, 4, 5, 5, 3, 2, 3, 2, 6, 4, 5, 10, 6, 6, 131, 19, 75, 0]"""
j20,1,reactive,600,True,71,0.10104846954345703,0.4376204013824463,"[0, 8, 0, 0, 9, 19, 21, 30, 9, 38, 38, 30, 46, 21, 24, 19, 53, 46, 55, 55, 65, 0, 0, 0, 71]","[0, 6, 8, 6, 9, 1, 5, 7, 4, 5, 5, 3, 2, 3, 2, 6, 4, 5, 10, 6, 6, 131, 19, 75, 0]"
j20,1,stnu,600,True,56,0.9318795204162598,0.025533676147460938,"[0, 8, 0, 0, 8, 17, 18, 23, 8, 30, 30, 23, 35, 18, 21, 17, 37, 35, 40, 40, 50, 0, 0, 0, 56]","""[0, 6, 8, 6, 9, 1, 5, 7, 4, 5, 5, 3, 2, 3, 2, 6, 4, 5, 10, 6, 6, 131, 19, 75, 0]"""
j20,1,proactive_robust,600,True,54,0.10124659538269043,0.0006060600280761719,"[0, 0, 11, 0, 3, 11, 13, 21, 14, 33, 23, 21, 23, 18, 25, 14, 30, 41, 30, 47, 43, 0, 0, 0, 131]","""[0, 1, 3, 3, 7, 1, 8, 2, 3, 6, 1, 2, 4, 1, 1, 1, 2, 1, 2, 6, 2, 131, 19, 75, 0]"""
j20,1,reactive,600,True,51,0.10124659538269043,0.452862024307251,"[0, 0, 11, 0, 3, 11, 13, 21, 14, 33, 23, 21, 23, 18, 25, 14, 30, 41, 30, 45, 43, 0, 0, 0, 51]","[0, 1, 3, 3, 7, 1, 8, 2, 3, 6, 1, 2, 4, 1, 1, 1, 2, 1, 2, 6, 2, 131, 19, 75, 0]"
j20,1,stnu,600,True,58,1.2860922813415527,0.02531743049621582,"[0, 3, 0, 0, 6, 15, 17, 26, 6, 34, 34, 26, 40, 17, 20, 15, 44, 40, 44, 44, 53, 0, 0, 0, 58]","""[0, 8, 3, 6, 9, 2, 8, 8, 3, 6, 5, 8, 4, 3, 6, 6, 2, 4, 9, 6, 5, 131, 19, 75, 0]"""
j20,1,proactive_robust,600,True,74,0.10032892227172852,0.0006911754608154297,"[0, 8, 0, 0, 9, 19, 21, 30, 9, 38, 38, 30, 46, 21, 24, 19, 53, 46, 55, 55, 65, 0, 0, 0, 131]","""[0, 9, 7, 7, 7, 1, 9, 4, 2, 3, 8, 3, 3, 1, 5, 2, 5, 8, 5, 9, 8, 131, 19, 75, 0]"""
j20,1,reactive,600,True,73,0.10032892227172852,0.559319257736206,"[0, 8, 0, 0, 9, 19, 21, 30, 9, 38, 38, 30, 46, 21, 24, 19, 53, 46, 55, 55, 65, 0, 0, 0, 73]","[0, 9, 7, 7, 7, 1, 9, 4, 2, 3, 8, 3, 3, 1, 5, 2, 5, 8, 5, 9, 8, 131, 19, 75, 0]"
j20,1,stnu,600,True,38,0.9383783340454102,0.02625250816345215,"[0, 0, 10, 0, 2, 10, 12, 15, 11, 23, 17, 15, 17, 14, 18, 12, 20, 27, 20, 32, 29, 0, 0, 0, 38]","""[0, 2, 1, 2, 8, 2, 3, 2, 2, 3, 1, 1, 3, 1, 2, 2, 7, 2, 3, 6, 3, 131, 19, 75, 0]"""
j20,1,proactive_robust,600,True,74,0.09306645393371582,0.0007030963897705078,"[0, 8, 0, 0, 9, 19, 21, 30, 9, 38, 38, 30, 46, 21, 24, 19, 53, 46, 55, 55, 65, 0, 0, 0, 131]","""[0, 9, 7, 9, 6, 2, 4, 4, 3, 6, 5, 4, 4, 1, 5, 6, 4, 5, 7, 8, 8, 131, 19, 75, 0]"""
j20,1,reactive,600,True,73,0.09306645393371582,0.4796335697174072,"[0, 8, 0, 0, 9, 19, 21, 30, 9, 38, 38, 30, 46, 21, 24, 19, 53, 46, 55, 55, 65, 0, 0, 0, 73]","[0, 9, 7, 9, 6, 2, 4, 4, 3, 6, 5, 4, 4, 1, 5, 6, 4, 5, 7, 8, 8, 131, 19, 75, 0]"
j20,1,stnu,600,True,54,0.914137601852417,0.025414466857910156,"[0, 7, 0, 0, 9, 15, 17, 23, 9, 27, 27, 23, 33, 17, 18, 15, 37, 33, 38, 38, 46, 0, 0, 0, 54]","""[0, 9, 7, 9, 6, 2, 4, 4, 3, 6, 5, 4, 4, 1, 5, 6, 4, 5, 7, 8, 8, 131, 19, 75, 0]"""
j20,1,proactive_robust,600,True,74,0.10208511352539062,0.0006995201110839844,"[0, 8, 0, 0, 9, 19, 21, 30, 9, 38, 38, 30, 46, 21, 24, 19, 53, 46, 55, 55, 65, 0, 0, 0, 131]","""[0, 8, 8, 8, 8, 2, 6, 4, 2, 8, 5, 5, 3, 1, 5, 5, 5, 8, 6, 8, 6, 131, 19, 75, 0]"""
j20,1,reactive,600,True,71,0.10208511352539062,0.4821805953979492,"[0, 8, 0, 0, 9, 19, 21, 30, 9, 38, 38, 30, 46, 21, 24, 19, 53, 46, 55, 55, 65, 0, 0, 0, 71]","[0, 8, 8, 8, 8, 2, 6, 4, 2, 8, 5, 5, 3, 1, 5, 5, 5, 8, 6, 8, 6, 131, 19, 75, 0]"
j20,1,stnu,600,True,59,0.948946475982666,0.025179624557495117,"[0, 8, 0, 0, 8, 16, 18, 24, 8, 29, 29, 24, 37, 18, 19, 16, 40, 37, 45, 45, 53, 0, 0, 0, 59]","""[0, 8, 8, 8, 8, 2, 6, 4, 2, 8, 5, 5, 3, 1, 5, 5, 5, 8, 6, 8, 6, 131, 19, 75, 0]"""
j20,1,proactive_robust,600,True,74,0.1014852523803711,0.0007107257843017578,"[0, 8, 0, 0, 9, 19, 21, 30, 9, 38, 38, 30, 46, 21, 24, 19, 53, 46, 55, 55, 65, 0, 0, 0, 131]","""[0, 10, 7, 7, 8, 1, 7, 5, 3, 6, 7, 3, 5, 1, 5, 3, 4, 9, 10, 10, 5, 131, 19, 75, 0]"""
j20,1,reactive,600,True,70,0.1014852523803711,0.5279371738433838,"[0, 8, 0, 0, 9, 19, 21, 30, 9, 38, 38, 30, 46, 21, 24, 19, 53, 46, 55, 55, 65, 0, 0, 0, 70]","[0, 10, 7, 7, 8, 1, 7, 5, 3, 6, 7, 3, 5, 1, 5, 3, 4, 9, 10, 10, 5, 131, 19, 75, 0]"
j20,1,stnu,600,True,59,1.005683422088623,0.025342941284179688,"[0, 7, 0, 0, 7, 15, 17, 24, 7, 29, 29, 24, 35, 17, 18, 15, 40, 35, 44, 44, 54, 0, 0, 0, 59]","""[0, 10, 7, 7, 8, 1, 7, 5, 3, 6, 7, 3, 5, 1, 5, 3, 4, 9, 10, 10, 5, 131, 19, 75, 0]"""
j20,1,proactive_robust,600,True,74,0.09396982192993164,0.0007150173187255859,"[0, 8, 0, 0, 9, 19, 21, 30, 9, 38, 38, 30, 46, 21, 24, 19, 53, 46, 55, 55, 65, 0, 0, 0, 131]","""[0, 11, 6, 8, 8, 2, 4, 4, 3, 8, 9, 5, 4, 3, 4, 5, 6, 8, 7, 9, 5, 131, 19, 75, 0]"""
j20,1,reactive,600,True,70,0.09396982192993164,0.4494507312774658,"[0, 8, 0, 0, 9, 19, 21, 30, 9, 38, 38, 30, 46, 21, 24, 19, 53, 46, 55, 55, 65, 0, 0, 0, 70]","[0, 11, 6, 8, 8, 2, 4, 4, 3, 8, 9, 5, 4, 3, 4, 5, 6, 8, 7, 9, 5, 131, 19, 75, 0]"
j20,1,stnu,600,True,60,0.9542179107666016,0.025700092315673828,"[0, 6, 0, 0, 8, 16, 18, 25, 8, 30, 30, 25, 38, 18, 21, 16, 42, 38, 46, 46, 55, 0, 0, 0, 60]","""[0, 11, 6, 8, 8, 2, 4, 4, 3, 8, 9, 5, 4, 3, 4, 5, 6, 8, 7, 9, 5, 131, 19, 75, 0]"""
j20,1,proactive_robust,600,True,74,0.09493732452392578,0.0006766319274902344,"[0, 8, 0, 0, 9, 19, 21, 30, 9, 38, 38, 30, 46, 21, 24, 19, 53, 46, 55, 55, 65, 0, 0, 0, 131]","""[0, 9, 7, 8, 5, 1, 5, 7, 1, 5, 5, 8, 3, 3, 5, 5, 3, 7, 6, 5, 4, 131, 19, 75, 0]"""
j20,1,reactive,600,True,64,0.09493732452392578,0.538149356842041,"[0, 8, 0, 0, 9, 19, 21, 30, 9, 38, 38, 30, 46, 21, 24, 19, 53, 46, 55, 55, 60, 0, 0, 0, 64]","[0, 9, 7, 8, 5, 1, 5, 7, 1, 5, 5, 8, 3, 3, 5, 5, 3, 7, 6, 5, 4, 131, 19, 75, 0]"
j20,1,stnu,600,True,54,1.0410377979278564,0.025450706481933594,"[0, 7, 0, 0, 8, 13, 16, 24, 8, 32, 32, 24, 37, 16, 19, 13, 40, 37, 44, 44, 50, 0, 0, 0, 54]","""[0, 9, 7, 8, 5, 1, 5, 7, 1, 5, 5, 8, 3, 3, 5, 5, 3, 7, 6, 5, 4, 131, 19, 75, 0]"""
j20,1,proactive_robust,600,True,74,0.0929563045501709,0.0007014274597167969,"[0, 8, 0, 0, 9, 19, 21, 30, 9, 38, 38, 30, 46, 21, 24, 19, 53, 46, 55, 55, 65, 0, 0, 0, 131]","""[0, 9, 5, 9, 5, 2, 7, 5, 3, 3, 9, 4, 7, 3, 6, 3, 5, 5, 10, 6, 7, 131, 19, 75, 0]"""
j20,1,reactive,600,True,72,0.0929563045501709,0.3814504146575928,"[0, 8, 0, 0, 9, 19, 21, 30, 9, 38, 38, 30, 46, 21, 24, 19, 53, 46, 55, 55, 65, 0, 0, 0, 72]","[0, 9, 5, 9, 5, 2, 7, 5, 3, 3, 9, 4, 7, 3, 6, 3, 5, 5, 10, 6, 7, 131, 19, 75, 0]"
j20,1,stnu,600,True,57,1.0237669944763184,0.025284528732299805,"[0, 5, 0, 0, 9, 14, 16, 25, 9, 30, 30, 25, 33, 16, 19, 14, 40, 33, 40, 40, 50, 0, 0, 0, 57]","""[0, 9, 5, 9, 5, 2, 7, 5, 3, 3, 9, 4, 7, 3, 6, 3, 5, 5, 10, 6, 7, 131, 19, 75, 0]"""
j20,1,proactive_robust,600,True,39,0.09659767150878906,0.0005686283111572266,"[0, 0, 0, 0, 12, 12, 3, 9, 11, 18, 16, 25, 3, 23, 26, 29, 29, 19, 31, 32, 33, 0, 0, 89]","""[0, 4, 12, 2, 3, 5, 7, 1, 2, 3, 5, 8, 4, 1, 3, 2, 1, 6, 6, 4, 2, 89, 82, 0]"""
j20,1,reactive,600,True,37,0.09659767150878906,0.4639723300933838,"[0, 0, 0, 0, 12, 12, 3, 9, 11, 18, 16, 25, 3, 23, 26, 29, 29, 19, 31, 32, 33, 0, 0, 37]","[0, 4, 12, 2, 3, 5, 7, 1, 2, 3, 5, 8, 4, 1, 3, 2, 1, 6, 6, 4, 2, 89, 82, 0]"
j20,1,stnu,600,True,32,0.9093255996704102,0.022718191146850586,"[0, 0, 0, 0, 12, 12, 2, 4, 9, 15, 15, 21, 2, 20, 21, 24, 24, 17, 26, 26, 29, 0, 0, 32]","""[0, 4, 12, 2, 3, 5, 7, 1, 2, 3, 5, 8, 4, 1, 3, 2, 1, 6, 6, 4, 2, 89, 82, 0]"""
j20,1,proactive_robust,600,True,39,0.09241342544555664,0.0005753040313720703,"[0, 0, 0, 0, 12, 12, 3, 9, 11, 18, 16, 25, 3, 23, 26, 29, 29, 19, 31, 32, 33, 0, 0, 89]","""[0, 8, 6, 2, 1, 7, 5, 2, 5, 7, 7, 4, 6, 2, 3, 1, 3, 6, 5, 6, 4, 89, 82, 0]"""
j20,1,reactive,600,True,38,0.09241342544555664,0.4149613380432129,"[0, 0, 0, 0, 12, 12, 3, 9, 11, 18, 16, 25, 3, 23, 26, 29, 29, 19, 31, 32, 33, 0, 0, 38]","[0, 8, 6, 2, 1, 7, 5, 2, 5, 7, 7, 4, 6, 2, 3, 1, 3, 6, 5, 6, 4, 89, 82, 0]"
j20,1,stnu,600,True,32,0.9331891536712646,0.022675752639770508,"[0, 0, 0, 0, 10, 10, 2, 8, 8, 13, 11, 20, 2, 18, 20, 23, 23, 17, 24, 26, 26, 0, 0, 32]","""[0, 8, 6, 2, 1, 7, 5, 2, 5, 7, 7, 4, 6, 2, 3, 1, 3, 6, 5, 6, 4, 89, 82, 0]"""
j20,1,proactive_robust,600,True,39,0.0973663330078125,0.0005567073822021484,"[0, 0, 0, 0, 12, 12, 3, 9, 11, 18, 16, 25, 3, 23, 26, 29, 29, 19, 31, 32, 33, 0, 0, 89]","""[0, 8, 6, 1, 2, 7, 6, 1, 2, 8, 4, 6, 2, 2, 1, 2, 3, 7, 4, 3, 4, 89, 82, 0]"""
j20,1,reactive,600,True,37,0.0973663330078125,0.554255485534668,"[0, 0, 0, 0, 12, 12, 3, 9, 11, 18, 16, 25, 3, 23, 26, 29, 29, 19, 31, 32, 33, 0, 0, 37]","[0, 8, 6, 1, 2, 7, 6, 1, 2, 8, 4, 6, 2, 2, 1, 2, 3, 7, 4, 3, 4, 89, 82, 0]"
j20,1,stnu,600,True,30,0.8900265693664551,0.022565603256225586,"[0, 0, 0, 0, 9, 9, 1, 8, 8, 11, 11, 18, 1, 16, 19, 23, 23, 16, 25, 26, 26, 0, 0, 30]","""[0, 8, 6, 1, 2, 7, 6, 1, 2, 8, 4, 6, 2, 2, 1, 2, 3, 7, 4, 3, 4, 89, 82, 0]"""
j20,1,proactive_robust,600,True,39,0.09401416778564453,0.0005557537078857422,"[0, 0, 0, 0, 12, 12, 3, 9, 11, 18, 16, 25, 3, 23, 26, 29, 29, 19, 31, 32, 33, 0, 0, 89]","""[0, 8, 8, 3, 2, 3, 5, 1, 2, 6, 5, 3, 4, 2, 3, 1, 2, 7, 6, 6, 3, 89, 82, 0]"""
j20,1,reactive,600,True,38,0.09401416778564453,0.49915003776550293,"[0, 0, 0, 0, 12, 12, 3, 9, 11, 18, 16, 25, 3, 23, 26, 29, 29, 19, 31, 32, 33, 0, 0, 38]","[0, 8, 8, 3, 2, 3, 5, 1, 2, 6, 5, 3, 4, 2, 3, 1, 2, 7, 6, 6, 3, 89, 82, 0]"
j20,1,stnu,600,True,29,0.9966897964477539,0.022512197494506836,"[0, 0, 0, 0, 9, 9, 3, 8, 8, 11, 11, 18, 3, 16, 18, 21, 21, 12, 22, 23, 23, 0, 0, 29]","""[0, 8, 8, 3, 2, 3, 5, 1, 2, 6, 5, 3, 4, 2, 3, 1, 2, 7, 6, 6, 3, 89, 82, 0]"""
j20,1,proactive_robust,600,True,39,0.09148859977722168,0.0005891323089599609,"[0, 0, 0, 0, 12, 12, 3, 9, 11, 18, 16, 25, 3, 23, 26, 29, 29, 19, 31, 32, 33, 0, 0, 89]","""[0, 7, 9, 3, 4, 5, 5, 2, 3, 4, 5, 6, 2, 1, 2, 2, 1, 5, 4, 2, 4, 89, 82, 0]"""
j20,1,reactive,600,True,37,0.09148859977722168,0.4750540256500244,"[0, 0, 0, 0, 12, 12, 3, 9, 11, 18, 16, 25, 3, 23, 26, 29, 29, 19, 31, 32, 33, 0, 0, 37]","[0, 7, 9, 3, 4, 5, 5, 2, 3, 4, 5, 6, 2, 1, 2, 2, 1, 5, 4, 2, 4, 89, 82, 0]"
j20,1,stnu,600,True,29,0.9920899868011475,0.02253866195678711,"[0, 0, 0, 0, 9, 9, 3, 7, 8, 13, 13, 19, 3, 18, 19, 21, 21, 14, 23, 23, 25, 0, 0, 29]","""[0, 7, 9, 3, 4, 5, 5, 2, 3, 4, 5, 6, 2, 1, 2, 2, 1, 5, 4, 2, 4, 89, 82, 0]"""
j20,1,proactive_robust,600,True,39,0.09728741645812988,0.0005803108215332031,"[0, 0, 0, 0, 12, 12, 3, 9, 11, 18, 16, 25, 3, 23, 26, 29, 29, 19, 31, 32, 33, 0, 0, 89]","""[0, 7, 11, 3, 2, 5, 5, 3, 7, 3, 4, 8, 6, 1, 3, 1, 2, 7, 6, 7, 2, 89, 82, 0]"""
j20,1,reactive,600,True,39,0.09728741645812988,0.40672922134399414,"[0, 0, 0, 0, 12, 12, 3, 9, 11, 18, 16, 25, 3, 23, 26, 29, 29, 19, 31, 32, 33, 0, 0, 39]","[0, 7, 11, 3, 2, 5, 5, 3, 7, 3, 4, 8, 6, 1, 3, 1, 2, 7, 6, 7, 2, 89, 82, 0]"
j20,1,stnu,600,True,32,1.0316598415374756,0.022480010986328125,"[0, 0, 0, 0, 11, 11, 3, 7, 9, 16, 13, 18, 3, 17, 19, 23, 23, 16, 24, 25, 26, 0, 0, 32]","""[0, 7, 11, 3, 2, 5, 5, 3, 7, 3, 4, 8, 6, 1, 3, 1, 2, 7, 6, 7, 2, 89, 82, 0]"""
j20,1,proactive_robust,600,True,39,0.09222650527954102,0.0005905628204345703,"[0, 0, 0, 0, 12, 12, 3, 9, 11, 18, 16, 25, 3, 23, 26, 29, 29, 19, 31, 32, 33, 0, 0, 89]","""[0, 8, 9, 2, 4, 5, 7, 3, 6, 4, 6, 4, 6, 1, 1, 1, 3, 9, 8, 7, 1, 89, 82, 0]"""
j20,1,reactive,600,True,39,0.09222650527954102,0.4766507148742676,"[0, 0, 0, 0, 12, 12, 3, 9, 11, 18, 16, 25, 3, 23, 26, 29, 29, 19, 31, 32, 30, 0, 0, 39]","[0, 8, 9, 2, 4, 5, 7, 3, 6, 4, 6, 4, 6, 1, 1, 1, 3, 9, 8, 7, 1, 89, 82, 0]"
j20,1,stnu,600,True,35,0.9439651966094971,0.02251911163330078,"[0, 0, 0, 0, 11, 11, 2, 8, 9, 15, 15, 22, 2, 21, 22, 25, 25, 16, 26, 28, 28, 0, 0, 35]","""[0, 8, 9, 2, 4, 5, 7, 3, 6, 4, 6, 4, 6, 1, 1, 1, 3, 9, 8, 7, 1, 89, 82, 0]"""
j20,1,proactive_robust,600,True,39,0.08754277229309082,0.0005626678466796875,"[0, 0, 0, 0, 12, 12, 3, 9, 11, 18, 16, 25, 3, 23, 26, 29, 29, 19, 31, 32, 33, 0, 0, 89]","""[0, 4, 7, 3, 2, 3, 5, 2, 3, 5, 5, 6, 5, 2, 3, 1, 1, 7, 8, 6, 1, 89, 82, 0]"""
j20,1,reactive,600,True,39,0.08754277229309082,0.4710698127746582,"[0, 0, 0, 0, 12, 12, 3, 9, 11, 18, 16, 25, 3, 23, 26, 29, 29, 19, 31, 32, 33, 0, 0, 39]","[0, 4, 7, 3, 2, 3, 5, 2, 3, 5, 5, 6, 5, 2, 3, 1, 1, 7, 8, 6, 1, 89, 82, 0]"
j20,1,stnu,600,True,28,0.9153265953063965,0.022474288940429688,"[0, 0, 0, 0, 7, 8, 3, 4, 8, 11, 9, 16, 3, 14, 16, 19, 19, 11, 20, 20, 22, 0, 0, 28]","""[0, 4, 7, 3, 2, 3, 5, 2, 3, 5, 5, 6, 5, 2, 3, 1, 1, 7, 8, 6, 1, 89, 82, 0]"""
j20,1,proactive_robust,600,True,39,0.08876895904541016,0.0005571842193603516,"[0, 0, 0, 0, 12, 12, 3, 9, 11, 18, 16, 25, 3, 23, 26, 29, 29, 19, 31, 32, 33, 0, 0, 89]","""[0, 5, 8, 1, 1, 7, 3, 2, 6, 3, 4, 5, 4, 1, 3, 2, 3, 8, 8, 4, 2, 89, 82, 0]"""
j20,1,reactive,600,True,39,0.08876895904541016,0.4617040157318115,"[0, 0, 0, 0, 12, 12, 3, 9, 11, 18, 16, 25, 3, 23, 26, 29, 29, 19, 31, 32, 33, 0, 0, 39]","[0, 5, 8, 1, 1, 7, 3, 2, 6, 3, 4, 5, 4, 1, 3, 2, 3, 8, 8, 4, 2, 89, 82, 0]"
j20,1,stnu,600,True,33,0.8921053409576416,0.022677898406982422,"[0, 0, 0, 0, 8, 8, 1, 5, 5, 11, 9, 16, 1, 15, 16, 23, 23, 15, 25, 26, 26, 0, 0, 33]","""[0, 5, 8, 1, 1, 7, 3, 2, 6, 3, 4, 5, 4, 1, 3, 2, 3, 8, 8, 4, 2, 89, 82, 0]"""
j20,1,proactive_robust,600,True,39,0.09963750839233398,0.0005576610565185547,"[0, 0, 0, 0, 12, 12, 3, 9, 11, 18, 16, 25, 3, 23, 26, 29, 29, 19, 31, 32, 33, 0, 0, 89]","""[0, 8, 6, 3, 4, 6, 6, 1, 5, 4, 6, 6, 3, 1, 2, 1, 3, 8, 5, 2, 1, 89, 82, 0]"""
j20,1,reactive,600,True,36,0.09963750839233398,0.5036017894744873,"[0, 0, 0, 0, 12, 12, 3, 9, 11, 18, 16, 25, 3, 23, 26, 29, 29, 19, 31, 32, 33, 0, 0, 36]","[0, 8, 6, 3, 4, 6, 6, 1, 5, 4, 6, 6, 3, 1, 2, 1, 3, 8, 5, 2, 1, 89, 82, 0]"
j20,1,stnu,600,True,29,0.9068777561187744,0.022762060165405273,"[0, 0, 0, 0, 9, 9, 3, 8, 9, 14, 13, 20, 3, 19, 20, 23, 23, 15, 24, 26, 26, 0, 0, 29]","""[0, 8, 6, 3, 4, 6, 6, 1, 5, 4, 6, 6, 3, 1, 2, 1, 3, 8, 5, 2, 1, 89, 82, 0]"""
j20,1,proactive_robust,600,True,65,0.09480857849121094,0.0009450912475585938,"[0, 0, 0, 0, 9, 8, 16, 16, 16, 25, 28, 32, 28, 16, 38, 28, 47, 32, 47, 55, 41, 0, 0, 0, 0, 162]","""[0, 7, 4, 7, 4, 3, 12, 5, 8, 6, 4, 7, 4, 5, 4, 10, 6, 3, 5, 7, 3, 34, 114, 67, 162, 0]"""
j20,1,reactive,600,True,62,0.09480857849121094,0.4539759159088135,"[0, 0, 0, 0, 9, 8, 16, 16, 16, 25, 28, 32, 28, 16, 38, 28, 47, 32, 47, 55, 41, 0, 0, 0, 0, 62]","[0, 7, 4, 7, 4, 3, 12, 5, 8, 6, 4, 7, 4, 5, 4, 10, 6, 3, 5, 7, 3, 34, 114, 67, 162, 0]"
j20,1,stnu,600,True,50,0.9465844631195068,0.026488780975341797,"[0, 0, 0, 0, 7, 7, 11, 11, 11, 19, 23, 27, 23, 11, 33, 23, 37, 27, 37, 43, 34, 0, 0, 0, 0, 50]","""[0, 7, 4, 7, 4, 3, 12, 5, 8, 6, 4, 7, 4, 5, 4, 10, 6, 3, 5, 7, 3, 34, 114, 67, 162, 0]"""
j20,1,proactive_robust,600,True,65,0.09801459312438965,0.0009527206420898438,"[0, 0, 0, 0, 9, 8, 16, 16, 16, 25, 28, 32, 28, 16, 38, 28, 47, 32, 47, 55, 41, 0, 0, 0, 0, 162]","""[0, 5, 4, 5, 4, 6, 9, 4, 5, 5, 1, 5, 1, 9, 9, 10, 8, 3, 4, 10, 3, 34, 114, 67, 162, 0]"""
j20,1,reactive,600,True,65,0.09801459312438965,0.4240264892578125,"[0, 0, 0, 0, 9, 8, 16, 16, 16, 25, 28, 32, 28, 16, 38, 28, 47, 32, 47, 55, 41, 0, 0, 0, 0, 65]","[0, 5, 4, 5, 4, 6, 9, 4, 5, 5, 1, 5, 1, 9, 9, 10, 8, 3, 4, 10, 3, 34, 114, 67, 162, 0]"
j20,1,stnu,600,True,57,0.9186849594116211,0.026285648345947266,"[0, 0, 0, 0, 5, 5, 11, 11, 11, 16, 20, 21, 20, 11, 30, 20, 39, 21, 39, 47, 30, 0, 0, 0, 0, 57]","""[0, 5, 4, 5, 4, 6, 9, 4, 5, 5, 1, 5, 1, 9, 9, 10, 8, 3, 4, 10, 3, 34, 114, 67, 162, 0]"""
j20,1,proactive_robust,600,True,65,0.09713506698608398,0.0009829998016357422,"[0, 0, 0, 0, 9, 8, 16, 16, 16, 25, 28, 32, 28, 16, 38, 28, 47, 32, 47, 55, 41, 0, 0, 0, 0, 162]","""[0, 8, 5, 4, 7, 8, 7, 4, 6, 4, 2, 7, 2, 10, 5, 10, 6, 3, 8, 10, 6, 34, 114, 67, 162, 0]"""
j20,1,reactive,600,True,63,0.09713506698608398,0.31975412368774414,"[0, 0, 0, 0, 9, 8, 16, 16, 16, 25, 28, 32, 28, 16, 38, 28, 47, 32, 47, 53, 41, 0, 0, 0, 0, 63]","[0, 8, 5, 4, 7, 8, 7, 4, 6, 4, 2, 7, 2, 10, 5, 10, 6, 3, 8, 10, 6, 34, 114, 67, 162, 0]"
j20,1,stnu,600,True,58,0.9092714786529541,0.026410341262817383,"[0, 0, 0, 0, 8, 8, 16, 16, 16, 22, 23, 28, 26, 16, 36, 26, 42, 28, 42, 48, 36, 0, 0, 0, 0, 58]","""[0, 8, 5, 4, 7, 8, 7, 4, 6, 4, 2, 7, 2, 10, 5, 10, 6, 3, 8, 10, 6, 34, 114, 67, 162, 0]"""
j20,1,proactive_robust,600,True,65,0.09663605690002441,0.0009324550628662109,"[0, 0, 0, 0, 9, 8, 16, 16, 16, 25, 28, 32, 28, 16, 38, 28, 47, 32, 47, 55, 41, 0, 0, 0, 0, 162]","""[0, 3, 5, 4, 2, 3, 7, 6, 6, 3, 1, 9, 2, 6, 4, 5, 3, 1, 9, 9, 5, 34, 114, 67, 162, 0]"""
j20,1,reactive,600,True,59,0.09663605690002441,0.5189669132232666,"[0, 0, 0, 0, 9, 8, 16, 16, 16, 25, 28, 32, 28, 16, 38, 28, 47, 32, 47, 50, 41, 0, 0, 0, 0, 59]","[0, 3, 5, 4, 2, 3, 7, 6, 6, 3, 1, 9, 2, 6, 4, 5, 3, 1, 9, 9, 5, 34, 114, 67, 162, 0]"
j20,1,stnu,600,True,42,0.9107282161712646,0.02670431137084961,"[0, 0, 0, 0, 5, 4, 7, 7, 7, 13, 14, 16, 14, 7, 19, 14, 30, 16, 30, 33, 25, 0, 0, 0, 0, 42]","""[0, 3, 5, 4, 2, 3, 7, 6, 6, 3, 1, 9, 2, 6, 4, 5, 3, 1, 9, 9, 5, 34, 114, 67, 162, 0]"""
j20,1,proactive_robust,600,True,65,0.09654068946838379,0.0009293556213378906,"[0, 0, 0, 0, 9, 8, 16, 16, 16, 25, 28, 32, 28, 16, 38, 28, 47, 32, 47, 55, 41, 0, 0, 0, 0, 162]","""[0, 3, 9, 3, 3, 4, 9, 5, 8, 3, 1, 5, 4, 6, 4, 7, 4, 2, 6, 9, 5, 34, 114, 67, 162, 0]"""
j20,1,reactive,600,True,64,0.09654068946838379,0.47133755683898926,"[0, 0, 0, 0, 9, 8, 16, 16, 16, 25, 28, 32, 28, 16, 38, 28, 47, 32, 47, 55, 41, 0, 0, 0, 0, 64]","[0, 3, 9, 3, 3, 4, 9, 5, 8, 3, 1, 5, 4, 6, 4, 7, 4, 2, 6, 9, 5, 34, 114, 67, 162, 0]"
j20,1,stnu,600,True,48,0.9246973991394043,0.026575565338134766,"[0, 0, 0, 0, 9, 3, 12, 12, 12, 20, 21, 25, 21, 12, 28, 21, 35, 25, 35, 39, 30, 0, 0, 0, 0, 48]","""[0, 3, 9, 3, 3, 4, 9, 5, 8, 3, 1, 5, 4, 6, 4, 7, 4, 2, 6, 9, 5, 34, 114, 67, 162, 0]"""
j20,1,proactive_robust,600,True,65,0.09327220916748047,0.0009560585021972656,"[0, 0, 0, 0, 9, 8, 16, 16, 16, 25, 28, 32, 28, 16, 38, 28, 47, 32, 47, 55, 41, 0, 0, 0, 0, 162]","""[0, 3, 7, 8, 5, 5, 7, 5, 8, 3, 2, 7, 1, 8, 6, 6, 8, 2, 5, 8, 2, 34, 114, 67, 162, 0]"""
j20,1,reactive,600,True,63,0.09327220916748047,0.4658987522125244,"[0, 0, 0, 0, 9, 8, 16, 16, 16, 25, 28, 32, 28, 16, 38, 28, 47, 32, 47, 55, 41, 0, 0, 0, 0, 63]","[0, 3, 7, 8, 5, 5, 7, 5, 8, 3, 2, 7, 1, 8, 6, 6, 8, 2, 5, 8, 2, 34, 114, 67, 162, 0]"
j20,1,stnu,600,True,49,1.0146007537841797,0.02659916877746582,"[0, 0, 0, 0, 8, 8, 13, 13, 13, 21, 21, 24, 21, 13, 27, 21, 33, 24, 33, 41, 31, 0, 0, 0, 0, 49]","""[0, 3, 7, 8, 5, 5, 7, 5, 8, 3, 2, 7, 1, 8, 6, 6, 8, 2, 5, 8, 2, 34, 114, 67, 162, 0]"""
j20,1,proactive_robust,600,True,65,0.09143304824829102,0.0009806156158447266,"[0, 0, 0, 0, 9, 8, 16, 16, 16, 25, 28, 32, 28, 16, 38, 28, 47, 32, 47, 55, 41, 0, 0, 0, 0, 162]","""[0, 3, 7, 7, 7, 4, 12, 5, 6, 3, 4, 8, 2, 6, 6, 8, 8, 2, 5, 10, 2, 34, 114, 67, 162, 0]"""
j20,1,reactive,600,True,65,0.09143304824829102,0.40465521812438965,"[0, 0, 0, 0, 9, 8, 16, 16, 16, 25, 28, 32, 28, 16, 38, 28, 47, 32, 47, 55, 41, 0, 0, 0, 0, 65]","[0, 3, 7, 7, 7, 4, 12, 5, 6, 3, 4, 8, 2, 6, 6, 8, 8, 2, 5, 10, 2, 34, 114, 67, 162, 0]"
j20,1,stnu,600,True,58,1.0220367908477783,0.026491403579711914,"[0, 0, 0, 0, 7, 7, 14, 14, 14, 20, 26, 30, 26, 14, 34, 26, 40, 30, 40, 48, 38, 0, 0, 0, 0, 58]","""[0, 3, 7, 7, 7, 4, 12, 5, 6, 3, 4, 8, 2, 6, 6, 8, 8, 2, 5, 10, 2, 34, 114, 67, 162, 0]"""
j20,1,proactive_robust,600,True,65,0.10201859474182129,0.0009596347808837891,"[0, 0, 0, 0, 9, 8, 16, 16, 16, 25, 28, 32, 28, 16, 38, 28, 47, 32, 47, 55, 41, 0, 0, 0, 0, 162]","""[0, 4, 7, 4, 6, 8, 7, 4, 7, 4, 4, 7, 1, 7, 5, 10, 7, 3, 9, 9, 6, 34, 114, 67, 162, 0]"""
j20,1,reactive,600,True,64,0.10201859474182129,0.3902921676635742,"[0, 0, 0, 0, 9, 8, 16, 16, 16, 25, 28, 32, 28, 16, 38, 28, 47, 32, 47, 55, 41, 0, 0, 0, 0, 64]","[0, 4, 7, 4, 6, 8, 7, 4, 7, 4, 4, 7, 1, 7, 5, 10, 7, 3, 9, 9, 6, 34, 114, 67, 162, 0]"
j20,1,stnu,600,True,53,0.9286923408508301,0.026486635208129883,"[0, 0, 0, 0, 7, 4, 13, 13, 13, 20, 20, 24, 20, 13, 30, 20, 37, 24, 37, 44, 31, 0, 0, 0, 0, 53]","""[0, 4, 7, 4, 6, 8, 7, 4, 7, 4, 4, 7, 1, 7, 5, 10, 7, 3, 9, 9, 6, 34, 114, 67, 162, 0]"""
j20,1,proactive_robust,600,True,65,0.0923452377319336,0.0009558200836181641,"[0, 0, 0, 0, 9, 8, 16, 16, 16, 25, 28, 32, 28, 16, 38, 28, 47, 32, 47, 55, 41, 0, 0, 0, 0, 162]","""[0, 8, 9, 4, 4, 5, 9, 5, 7, 5, 4, 4, 4, 6, 8, 10, 8, 3, 8, 9, 6, 34, 114, 67, 162, 0]"""
j20,1,reactive,600,True,64,0.0923452377319336,0.31407594680786133,"[0, 0, 0, 0, 9, 8, 16, 16, 16, 25, 28, 32, 28, 16, 38, 28, 47, 32, 47, 55, 41, 0, 0, 0, 0, 64]","[0, 8, 9, 4, 4, 5, 9, 5, 7, 5, 4, 4, 4, 6, 8, 10, 8, 3, 8, 9, 6, 34, 114, 67, 162, 0]"
j20,1,stnu,600,True,57,0.9078035354614258,0.02652454376220703,"[0, 0, 0, 0, 9, 8, 13, 13, 13, 20, 22, 26, 22, 13, 32, 22, 40, 26, 40, 48, 32, 0, 0, 0, 0, 57]","""[0, 8, 9, 4, 4, 5, 9, 5, 7, 5, 4, 4, 4, 6, 8, 10, 8, 3, 8, 9, 6, 34, 114, 67, 162, 0]"""
j20,1,proactive_robust,600,True,65,0.09154558181762695,0.0009441375732421875,"[0, 0, 0, 0, 9, 8, 16, 16, 16, 25, 28, 32, 28, 16, 38, 28, 47, 32, 47, 55, 41, 0, 0, 0, 0, 162]","""[0, 8, 5, 5, 3, 8, 10, 4, 8, 4, 2, 8, 1, 5, 9, 5, 7, 2, 9, 6, 5, 34, 114, 67, 162, 0]"""
j20,1,reactive,600,True,61,0.09154558181762695,0.40492749214172363,"[0, 0, 0, 0, 9, 8, 16, 16, 16, 25, 28, 32, 28, 16, 38, 28, 47, 32, 47, 55, 41, 0, 0, 0, 0, 61]","[0, 8, 5, 5, 3, 8, 10, 4, 8, 4, 2, 8, 1, 5, 9, 5, 7, 2, 9, 6, 5, 34, 114, 67, 162, 0]"
j20,1,stnu,600,True,54,0.9176595211029053,0.0265655517578125,"[0, 0, 0, 0, 8, 8, 16, 16, 16, 24, 26, 28, 26, 16, 31, 26, 41, 28, 41, 48, 36, 0, 0, 0, 0, 54]","""[0, 8, 5, 5, 3, 8, 10, 4, 8, 4, 2, 8, 1, 5, 9, 5, 7, 2, 9, 6, 5, 34, 114, 67, 162, 0]"""
j20,1,proactive_robust,600,True,43,0.09248948097229004,0.0032737255096435547,"[0, 0, 0, 0, 2, 8, 8, 10, 3, 10, 8, 10, 18, 10, 22, 18, 28, 28, 16, 36, 36, 0, 0, 0, 0, 0, 0, 0, 0, 0, 0, 0, 0, 0, 0, 0, 0, 0, 0, 0, 0, 168]","""[0, 1, 3, 2, 3, 2, 2, 5, 1, 7, 4, 5, 4, 6, 8, 6, 4, 8, 9, 2, 6, 71, 113, 22, 71, 161, 168, 100, 159, 126, 90, 26, 78, 23, 150, 122, 124, 78, 25, 55, 45, 0]"""
j20,1,reactive,600,True,42,0.09248948097229004,0.2402205467224121,"[0, 0, 0, 0, 2, 8, 8, 10, 3, 10, 8, 10, 18, 10, 22, 18, 28, 28, 16, 36, 36, 0, 0, 0, 0, 0, 0, 0, 0, 0, 0, 0, 0, 0, 0, 0, 0, 0, 0, 0, 0, 42]","[0, 1, 3, 2, 3, 2, 2, 5, 1, 7, 4, 5, 4, 6, 8, 6, 4, 8, 9, 2, 6, 71, 113, 22, 71, 161, 168, 100, 159, 126, 90, 26, 78, 23, 150, 122, 124, 78, 25, 55, 45, 0]"
j20,1,stnu,600,True,34,1.012803316116333,0.06510353088378906,"[0, 0, 0, 0, 2, 5, 5, 7, 2, 7, 5, 7, 14, 7, 18, 14, 20, 20, 9, 28, 28, 0, 0, 0, 0, 0, 0, 0, 0, 0, 0, 0, 0, 0, 0, 0, 0, 0, 0, 0, 0, 34]","""[0, 1, 3, 2, 3, 2, 2, 5, 1, 7, 4, 5, 4, 6, 8, 6, 4, 8, 9, 2, 6, 71, 113, 22, 71, 161, 168, 100, 159, 126, 90, 26, 78, 23, 150, 122, 124, 78, 25, 55, 45, 0]"""
j20,1,proactive_robust,600,True,43,0.09520816802978516,0.003188610076904297,"[0, 0, 0, 0, 2, 8, 8, 10, 3, 10, 8, 10, 18, 10, 22, 18, 28, 28, 16, 36, 36, 0, 0, 0, 0, 0, 0, 0, 0, 0, 0, 0, 0, 0, 0, 0, 0, 0, 0, 0, 0, 168]","""[0, 1, 8, 1, 5, 1, 1, 7, 2, 8, 5, 3, 3, 2, 9, 9, 2, 6, 6, 6, 6, 71, 113, 22, 71, 161, 168, 100, 159, 126, 90, 26, 78, 23, 150, 122, 124, 78, 25, 55, 45, 0]"""
j20,1,reactive,600,True,42,0.09520816802978516,0.32946324348449707,"[0, 0, 0, 0, 2, 8, 8, 10, 3, 10, 8, 10, 18, 10, 22, 18, 28, 28, 16, 36, 36, 0, 0, 0, 0, 0, 0, 0, 0, 0, 0, 0, 0, 0, 0, 0, 0, 0, 0, 0, 0, 42]","[0, 1, 8, 1, 5, 1, 1, 7, 2, 8, 5, 3, 3, 2, 9, 9, 2, 6, 6, 6, 6, 71, 113, 22, 71, 161, 168, 100, 159, 126, 90, 26, 78, 23, 150, 122, 124, 78, 25, 55, 45, 0]"
j20,1,stnu,600,True,38,0.9994566440582275,0.06494593620300293,"[0, 0, 0, 0, 1, 8, 8, 9, 1, 9, 8, 9, 17, 9, 20, 17, 26, 26, 13, 32, 32, 0, 0, 0, 0, 0, 0, 0, 0, 0, 0, 0, 0, 0, 0, 0, 0, 0, 0, 0, 0, 38]","""[0, 1, 8, 1, 5, 1, 1, 7, 2, 8, 5, 3, 3, 2, 9, 9, 2, 6, 6, 6, 6, 71, 113, 22, 71, 161, 168, 100, 159, 126, 90, 26, 78, 23, 150, 122, 124, 78, 25, 55, 45, 0]"""
j20,1,proactive_robust,600,True,43,0.09162330627441406,0.003290891647338867,"[0, 0, 0, 0, 2, 8, 8, 10, 3, 10, 8, 10, 18, 10, 22, 18, 28, 28, 16, 36, 36, 0, 0, 0, 0, 0, 0, 0, 0, 0, 0, 0, 0, 0, 0, 0, 0, 0, 0, 0, 0, 168]","""[0, 2, 5, 1, 2, 2, 1, 4, 3, 4, 4, 3, 2, 5, 10, 8, 1, 8, 5, 6, 4, 71, 113, 22, 71, 161, 168, 100, 159, 126, 90, 26, 78, 23, 150, 122, 124, 78, 25, 55, 45, 0]"""
j20,1,reactive,600,True,42,0.09162330627441406,0.3451206684112549,"[0, 0, 0, 0, 2, 8, 8, 10, 3, 10, 8, 10, 18, 10, 22, 18, 28, 28, 16, 36, 36, 0, 0, 0, 0, 0, 0, 0, 0, 0, 0, 0, 0, 0, 0, 0, 0, 0, 0, 0, 0, 42]","[0, 2, 5, 1, 2, 2, 1, 4, 3, 4, 4, 3, 2, 5, 10, 8, 1, 8, 5, 6, 4, 71, 113, 22, 71, 161, 168, 100, 159, 126, 90, 26, 78, 23, 150, 122, 124, 78, 25, 55, 45, 0]"
j20,1,stnu,600,True,34,1.0660946369171143,0.06467413902282715,"[0, 0, 0, 0, 1, 5, 5, 7, 2, 7, 5, 7, 12, 7, 14, 12, 20, 20, 9, 28, 28, 0, 0, 0, 0, 0, 0, 0, 0, 0, 0, 0, 0, 0, 0, 0, 0, 0, 0, 0, 0, 34]","""[0, 2, 5, 1, 2, 2, 1, 4, 3, 4, 4, 3, 2, 5, 10, 8, 1, 8, 5, 6, 4, 71, 113, 22, 71, 161, 168, 100, 159, 126, 90, 26, 78, 23, 150, 122, 124, 78, 25, 55, 45, 0]"""
j20,1,proactive_robust,600,True,43,0.09276890754699707,0.0032494068145751953,"[0, 0, 0, 0, 2, 8, 8, 10, 3, 10, 8, 10, 18, 10, 22, 18, 28, 28, 16, 36, 36, 0, 0, 0, 0, 0, 0, 0, 0, 0, 0, 0, 0, 0, 0, 0, 0, 0, 0, 0, 0, 168]","""[0, 2, 4, 2, 6, 1, 2, 8, 3, 6, 4, 5, 2, 6, 9, 6, 2, 5, 9, 5, 3, 71, 113, 22, 71, 161, 168, 100, 159, 126, 90, 26, 78, 23, 150, 122, 124, 78, 25, 55, 45, 0]"""
j20,1,reactive,600,True,41,0.09276890754699707,0.398608922958374,"[0, 0, 0, 0, 2, 8, 8, 10, 3, 10, 8, 10, 18, 10, 22, 18, 28, 28, 16, 36, 36, 0, 0, 0, 0, 0, 0, 0, 0, 0, 0, 0, 0, 0, 0, 0, 0, 0, 0, 0, 0, 41]","[0, 2, 4, 2, 6, 1, 2, 8, 3, 6, 4, 5, 2, 6, 9, 6, 2, 5, 9, 5, 3, 71, 113, 22, 71, 161, 168, 100, 159, 126, 90, 26, 78, 23, 150, 122, 124, 78, 25, 55, 45, 0]"
j20,1,stnu,600,True,32,1.0272033214569092,0.06507611274719238,"[0, 0, 0, 0, 2, 8, 8, 10, 2, 10, 8, 10, 16, 10, 18, 16, 22, 22, 12, 27, 27, 0, 0, 0, 0, 0, 0, 0, 0, 0, 0, 0, 0, 0, 0, 0, 0, 0, 0, 0, 0, 32]","""[0, 2, 4, 2, 6, 1, 2, 8, 3, 6, 4, 5, 2, 6, 9, 6, 2, 5, 9, 5, 3, 71, 113, 22, 71, 161, 168, 100, 159, 126, 90, 26, 78, 23, 150, 122, 124, 78, 25, 55, 45, 0]"""
j20,1,proactive_robust,600,True,43,0.08938145637512207,0.003282308578491211,"[0, 0, 0, 0, 2, 8, 8, 10, 3, 10, 8, 10, 18, 10, 22, 18, 28, 28, 16, 36, 36, 0, 0, 0, 0, 0, 0, 0, 0, 0, 0, 0, 0, 0, 0, 0, 0, 0, 0, 0, 0, 168]","""[0, 2, 6, 1, 5, 1, 2, 8, 1, 3, 4, 8, 1, 6, 12, 10, 3, 7, 9, 4, 2, 71, 113, 22, 71, 161, 168, 100, 159, 126, 90, 26, 78, 23, 150, 122, 124, 78, 25, 55, 45, 0]"""
j20,1,reactive,600,True,40,0.08938145637512207,0.2911691665649414,"[0, 0, 0, 0, 2, 8, 8, 10, 3, 10, 8, 10, 18, 10, 22, 18, 28, 28, 16, 36, 36, 0, 0, 0, 0, 0, 0, 0, 0, 0, 0, 0, 0, 0, 0, 0, 0, 0, 0, 0, 0, 40]","[0, 2, 6, 1, 5, 1, 2, 8, 1, 3, 4, 8, 1, 6, 12, 10, 3, 7, 9, 4, 2, 71, 113, 22, 71, 161, 168, 100, 159, 126, 90, 26, 78, 23, 150, 122, 124, 78, 25, 55, 45, 0]"
j20,1,stnu,600,True,37,1.0040669441223145,0.06499052047729492,"[0, 0, 0, 0, 1, 6, 6, 8, 2, 8, 6, 8, 16, 8, 17, 16, 26, 26, 10, 33, 33, 0, 0, 0, 0, 0, 0, 0, 0, 0, 0, 0, 0, 0, 0, 0, 0, 0, 0, 0, 0, 37]","""[0, 2, 6, 1, 5, 1, 2, 8, 1, 3, 4, 8, 1, 6, 12, 10, 3, 7, 9, 4, 2, 71, 113, 22, 71, 161, 168, 100, 159, 126, 90, 26, 78, 23, 150, 122, 124, 78, 25, 55, 45, 0]"""
j20,1,proactive_robust,600,True,43,0.0952291488647461,0.003136873245239258,"[0, 0, 0, 0, 2, 8, 8, 10, 3, 10, 8, 10, 18, 10, 22, 18, 28, 28, 16, 36, 36, 0, 0, 0, 0, 0, 0, 0, 0, 0, 0, 0, 0, 0, 0, 0, 0, 0, 0, 0, 0, 168]","""[0, 2, 8, 2, 2, 1, 1, 4, 1, 5, 6, 4, 4, 4, 7, 8, 1, 6, 9, 2, 3, 71, 113, 22, 71, 161, 168, 100, 159, 126, 90, 26, 78, 23, 150, 122, 124, 78, 25, 55, 45, 0]"""
j20,1,reactive,600,True,39,0.0952291488647461,0.3085150718688965,"[0, 0, 0, 0, 2, 8, 8, 10, 3, 10, 8, 10, 18, 10, 22, 18, 28, 28, 16, 36, 36, 0, 0, 0, 0, 0, 0, 0, 0, 0, 0, 0, 0, 0, 0, 0, 0, 0, 0, 0, 0, 39]","[0, 2, 8, 2, 2, 1, 1, 4, 1, 5, 6, 4, 4, 4, 7, 8, 1, 6, 9, 2, 3, 71, 113, 22, 71, 161, 168, 100, 159, 126, 90, 26, 78, 23, 150, 122, 124, 78, 25, 55, 45, 0]"
j20,1,stnu,600,True,32,1.0666043758392334,0.06489133834838867,"[0, 0, 0, 0, 2, 8, 8, 9, 2, 9, 8, 9, 14, 9, 18, 14, 22, 23, 14, 29, 29, 0, 0, 0, 0, 0, 0, 0, 0, 0, 0, 0, 0, 0, 0, 0, 0, 0, 0, 0, 0, 32]","""[0, 2, 8, 2, 2, 1, 1, 4, 1, 5, 6, 4, 4, 4, 7, 8, 1, 6, 9, 2, 3, 71, 113, 22, 71, 161, 168, 100, 159, 126, 90, 26, 78, 23, 150, 122, 124, 78, 25, 55, 45, 0]"""
j20,1,proactive_robust,600,True,43,0.09611010551452637,0.0032455921173095703,"[0, 0, 0, 0, 2, 8, 8, 10, 3, 10, 8, 10, 18, 10, 22, 18, 28, 28, 16, 36, 36, 0, 0, 0, 0, 0, 0, 0, 0, 0, 0, 0, 0, 0, 0, 0, 0, 0, 0, 0, 0, 168]","""[0, 1, 5, 1, 5, 1, 2, 5, 3, 4, 6, 8, 1, 6, 11, 10, 2, 4, 8, 2, 3, 71, 113, 22, 71, 161, 168, 100, 159, 126, 90, 26, 78, 23, 150, 122, 124, 78, 25, 55, 45, 0]"""
j20,1,reactive,600,True,36,0.09611010551452637,0.4114418029785156,"[0, 0, 0, 0, 2, 8, 8, 10, 3, 10, 8, 10, 18, 10, 22, 18, 28, 28, 16, 33, 33, 0, 0, 0, 0, 0, 0, 0, 0, 0, 0, 0, 0, 0, 0, 0, 0, 0, 0, 0, 0, 36]","[0, 1, 5, 1, 5, 1, 2, 5, 3, 4, 6, 8, 1, 6, 11, 10, 2, 4, 8, 2, 3, 71, 113, 22, 71, 161, 168, 100, 159, 126, 90, 26, 78, 23, 150, 122, 124, 78, 25, 55, 45, 0]"
j20,1,stnu,600,True,33,1.0069200992584229,0.06476187705993652,"[0, 0, 0, 0, 1, 6, 6, 8, 1, 8, 6, 8, 16, 8, 17, 16, 26, 26, 12, 30, 30, 0, 0, 0, 0, 0, 0, 0, 0, 0, 0, 0, 0, 0, 0, 0, 0, 0, 0, 0, 0, 33]","""[0, 1, 5, 1, 5, 1, 2, 5, 3, 4, 6, 8, 1, 6, 11, 10, 2, 4, 8, 2, 3, 71, 113, 22, 71, 161, 168, 100, 159, 126, 90, 26, 78, 23, 150, 122, 124, 78, 25, 55, 45, 0]"""
j20,1,proactive_robust,600,True,43,0.097015380859375,0.0031893253326416016,"[0, 0, 0, 0, 2, 8, 8, 10, 3, 10, 8, 10, 18, 10, 22, 18, 28, 28, 16, 36, 36, 0, 0, 0, 0, 0, 0, 0, 0, 0, 0, 0, 0, 0, 0, 0, 0, 0, 0, 0, 0, 168]","""[0, 1, 3, 1, 2, 1, 1, 6, 2, 6, 5, 5, 2, 3, 10, 8, 3, 5, 7, 7, 2, 71, 113, 22, 71, 161, 168, 100, 159, 126, 90, 26, 78, 23, 150, 122, 124, 78, 25, 55, 45, 0]"""
j20,1,reactive,600,True,40,0.097015380859375,0.40467309951782227,"[0, 0, 0, 0, 2, 8, 8, 10, 3, 10, 8, 10, 18, 10, 22, 18, 28, 28, 16, 33, 33, 0, 0, 0, 0, 0, 0, 0, 0, 0, 0, 0, 0, 0, 0, 0, 0, 0, 0, 0, 0, 40]","[0, 1, 3, 1, 2, 1, 1, 6, 2, 6, 5, 5, 2, 3, 10, 8, 3, 5, 7, 7, 2, 71, 113, 22, 71, 161, 168, 100, 159, 126, 90, 26, 78, 23, 150, 122, 124, 78, 25, 55, 45, 0]"
j20,1,stnu,600,True,30,1.0553514957427979,0.06437015533447266,"[0, 0, 0, 0, 1, 3, 3, 4, 1, 4, 3, 4, 10, 4, 12, 10, 18, 18, 8, 23, 23, 0, 0, 0, 0, 0, 0, 0, 0, 0, 0, 0, 0, 0, 0, 0, 0, 0, 0, 0, 0, 30]","""[0, 1, 3, 1, 2, 1, 1, 6, 2, 6, 5, 5, 2, 3, 10, 8, 3, 5, 7, 7, 2, 71, 113, 22, 71, 161, 168, 100, 159, 126, 90, 26, 78, 23, 150, 122, 124, 78, 25, 55, 45, 0]"""
j20,1,proactive_robust,600,True,43,0.08759808540344238,0.0031180381774902344,"[0, 0, 0, 0, 2, 8, 8, 10, 3, 10, 8, 10, 18, 10, 22, 18, 28, 28, 16, 36, 36, 0, 0, 0, 0, 0, 0, 0, 0, 0, 0, 0, 0, 0, 0, 0, 0, 0, 0, 0, 0, 168]","""[0, 3, 4, 2, 2, 2, 2, 4, 3, 4, 6, 5, 1, 5, 8, 9, 2, 8, 7, 2, 4, 71, 113, 22, 71, 161, 168, 100, 159, 126, 90, 26, 78, 23, 150, 122, 124, 78, 25, 55, 45, 0]"""
j20,1,reactive,600,True,40,0.08759808540344238,0.2323312759399414,"[0, 0, 0, 0, 2, 8, 8, 10, 3, 10, 8, 10, 18, 10, 22, 18, 28, 28, 16, 36, 36, 0, 0, 0, 0, 0, 0, 0, 0, 0, 0, 0, 0, 0, 0, 0, 0, 0, 0, 0, 0, 40]","[0, 3, 4, 2, 2, 2, 2, 4, 3, 4, 6, 5, 1, 5, 8, 9, 2, 8, 7, 2, 4, 71, 113, 22, 71, 161, 168, 100, 159, 126, 90, 26, 78, 23, 150, 122, 124, 78, 25, 55, 45, 0]"
j20,1,stnu,600,True,34,1.12591552734375,0.06442523002624512,"[0, 0, 0, 0, 2, 6, 6, 8, 3, 8, 6, 8, 13, 8, 14, 13, 22, 22, 12, 30, 30, 0, 0, 0, 0, 0, 0, 0, 0, 0, 0, 0, 0, 0, 0, 0, 0, 0, 0, 0, 0, 34]","""[0, 3, 4, 2, 2, 2, 2, 4, 3, 4, 6, 5, 1, 5, 8, 9, 2, 8, 7, 2, 4, 71, 113, 22, 71, 161, 168, 100, 159, 126, 90, 26, 78, 23, 150, 122, 124, 78, 25, 55, 45, 0]"""
j20,1,proactive_robust,600,True,43,0.09161972999572754,0.003323793411254883,"[0, 0, 0, 0, 2, 8, 8, 10, 3, 10, 8, 10, 18, 10, 22, 18, 28, 28, 16, 36, 36, 0, 0, 0, 0, 0, 0, 0, 0, 0, 0, 0, 0, 0, 0, 0, 0, 0, 0, 0, 0, 168]","""[0, 3, 8, 1, 3, 2, 2, 6, 3, 4, 4, 4, 3, 4, 12, 8, 3, 6, 9, 5, 6, 71, 113, 22, 71, 161, 168, 100, 159, 126, 90, 26, 78, 23, 150, 122, 124, 78, 25, 55, 45, 0]"""
j20,1,reactive,600,True,42,0.09161972999572754,0.19953703880310059,"[0, 0, 0, 0, 2, 8, 8, 10, 3, 10, 8, 10, 18, 10, 22, 18, 28, 28, 16, 36, 36, 0, 0, 0, 0, 0, 0, 0, 0, 0, 0, 0, 0, 0, 0, 0, 0, 0, 0, 0, 0, 42]","[0, 3, 8, 1, 3, 2, 2, 6, 3, 4, 4, 4, 3, 4, 12, 8, 3, 6, 9, 5, 6, 71, 113, 22, 71, 161, 168, 100, 159, 126, 90, 26, 78, 23, 150, 122, 124, 78, 25, 55, 45, 0]"
j20,1,stnu,600,True,35,1.0918233394622803,0.0644683837890625,"[0, 0, 0, 0, 1, 8, 8, 10, 3, 10, 8, 10, 14, 10, 17, 14, 22, 22, 12, 29, 29, 0, 0, 0, 0, 0, 0, 0, 0, 0, 0, 0, 0, 0, 0, 0, 0, 0, 0, 0, 0, 35]","""[0, 3, 8, 1, 3, 2, 2, 6, 3, 4, 4, 4, 3, 4, 12, 8, 3, 6, 9, 5, 6, 71, 113, 22, 71, 161, 168, 100, 159, 126, 90, 26, 78, 23, 150, 122, 124, 78, 25, 55, 45, 0]"""
j20,1,proactive_robust,600,True,67,0.09885931015014648,0.0011432170867919922,"[0, 0, 0, 0, 7, 7, 14, 14, 21, 25, 23, 16, 32, 41, 16, 25, 25, 49, 32, 57, 32, 0, 0, 0, 0, 0, 123]","""[0, 4, 3, 2, 4, 4, 4, 3, 2, 2, 5, 8, 7, 4, 8, 4, 10, 5, 6, 10, 2, 86, 119, 117, 123, 82, 0]"""
j20,1,reactive,600,True,64,0.09885931015014648,0.4101686477661133,"[0, 0, 0, 0, 7, 7, 14, 14, 21, 25, 23, 16, 32, 41, 16, 25, 25, 49, 32, 54, 32, 0, 0, 0, 0, 0, 64]","[0, 4, 3, 2, 4, 4, 4, 3, 2, 2, 5, 8, 7, 4, 8, 4, 10, 5, 6, 10, 2, 86, 119, 117, 123, 82, 0]"
j20,1,stnu,600,True,46,0.9964220523834229,0.027317285537719727,"[0, 0, 0, 0, 4, 3, 8, 8, 11, 16, 12, 8, 20, 27, 7, 16, 16, 31, 20, 36, 20, 0, 0, 0, 0, 0, 46]","""[0, 4, 3, 2, 4, 4, 4, 3, 2, 2, 5, 8, 7, 4, 8, 4, 10, 5, 6, 10, 2, 86, 119, 117, 123, 82, 0]"""
j20,1,proactive_robust,600,True,67,0.0919790267944336,0.0011858940124511719,"[0, 0, 0, 0, 7, 7, 14, 14, 21, 25, 23, 16, 32, 41, 16, 25, 25, 49, 32, 57, 32, 0, 0, 0, 0, 0, 123]","""[0, 7, 4, 7, 4, 9, 4, 7, 1, 4, 4, 9, 5, 6, 8, 4, 10, 5, 2, 10, 3, 86, 119, 117, 123, 82, 0]"""
j20,1,reactive,600,True,62,0.0919790267944336,0.263214111328125,"[0, 0, 0, 0, 7, 7, 14, 14, 21, 25, 23, 16, 32, 41, 16, 25, 25, 47, 32, 52, 32, 0, 0, 0, 0, 0, 62]","[0, 7, 4, 7, 4, 9, 4, 7, 1, 4, 4, 9, 5, 6, 8, 4, 10, 5, 2, 10, 3, 86, 119, 117, 123, 82, 0]"
j20,1,stnu,600,True,55,0.9392931461334229,0.02746891975402832,"[0, 0, 0, 0, 7, 7, 11, 11, 18, 25, 15, 16, 29, 34, 16, 25, 25, 40, 29, 45, 29, 0, 0, 0, 0, 0, 55]","""[0, 7, 4, 7, 4, 9, 4, 7, 1, 4, 4, 9, 5, 6, 8, 4, 10, 5, 2, 10, 3, 86, 119, 117, 123, 82, 0]"""
j20,1,proactive_robust,600,True,67,0.0928645133972168,0.0011699199676513672,"[0, 0, 0, 0, 7, 7, 14, 14, 21, 25, 23, 16, 32, 41, 16, 25, 25, 49, 32, 57, 32, 0, 0, 0, 0, 0, 123]","""[0, 5, 7, 4, 6, 6, 7, 3, 3, 5, 8, 5, 7, 4, 9, 3, 7, 5, 2, 7, 1, 86, 119, 117, 123, 82, 0]"""
j20,1,reactive,600,True,64,0.0928645133972168,0.4148120880126953,"[0, 0, 0, 0, 7, 7, 14, 14, 21, 25, 23, 16, 32, 41, 16, 25, 25, 49, 32, 57, 32, 0, 0, 0, 0, 0, 64]","[0, 5, 7, 4, 6, 6, 7, 3, 3, 5, 8, 5, 7, 4, 9, 3, 7, 5, 2, 7, 1, 86, 119, 117, 123, 82, 0]"
j20,1,stnu,600,True,51,1.0171012878417969,0.027491092681884766,"[0, 0, 0, 0, 7, 7, 13, 13, 16, 22, 20, 13, 28, 35, 13, 22, 22, 39, 28, 44, 28, 0, 0, 0, 0, 0, 51]","""[0, 5, 7, 4, 6, 6, 7, 3, 3, 5, 8, 5, 7, 4, 9, 3, 7, 5, 2, 7, 1, 86, 119, 117, 123, 82, 0]"""
j20,1,proactive_robust,600,True,67,0.09459137916564941,0.001196146011352539,"[0, 0, 0, 0, 7, 7, 14, 14, 21, 25, 23, 16, 32, 41, 16, 25, 25, 49, 32, 57, 32, 0, 0, 0, 0, 0, 123]","""[0, 6, 5, 6, 5, 7, 9, 6, 3, 3, 7, 6, 7, 6, 5, 4, 10, 7, 5, 6, 2, 86, 119, 117, 123, 82, 0]"""
j20,1,reactive,600,True,63,0.09459137916564941,0.40051913261413574,"[0, 0, 0, 0, 7, 7, 14, 14, 21, 25, 23, 16, 32, 41, 16, 25, 25, 49, 32, 57, 32, 0, 0, 0, 0, 0, 63]","[0, 6, 5, 6, 5, 7, 9, 6, 3, 3, 7, 6, 7, 6, 5, 4, 10, 7, 5, 6, 2, 86, 119, 117, 123, 82, 0]"
j20,1,stnu,600,True,53,1.0196421146392822,0.027410030364990234,"[0, 0, 0, 0, 6, 6, 11, 11, 17, 20, 20, 13, 27, 34, 13, 20, 20, 40, 27, 47, 27, 0, 0, 0, 0, 0, 53]","""[0, 6, 5, 6, 5, 7, 9, 6, 3, 3, 7, 6, 7, 6, 5, 4, 10, 7, 5, 6, 2, 86, 119, 117, 123, 82, 0]"""
j20,1,proactive_robust,600,True,67,0.09337592124938965,0.0011723041534423828,"[0, 0, 0, 0, 7, 7, 14, 14, 21, 25, 23, 16, 32, 41, 16, 25, 25, 49, 32, 57, 32, 0, 0, 0, 0, 0, 123]","""[0, 7, 4, 3, 5, 4, 5, 6, 4, 7, 9, 7, 5, 3, 5, 1, 7, 3, 5, 9, 1, 86, 119, 117, 123, 82, 0]"""
j20,1,reactive,600,True,61,0.09337592124938965,0.3637087345123291,"[0, 0, 0, 0, 7, 7, 14, 14, 21, 25, 23, 16, 32, 41, 16, 25, 25, 49, 32, 52, 32, 0, 0, 0, 0, 0, 61]","[0, 7, 4, 3, 5, 4, 5, 6, 4, 7, 9, 7, 5, 3, 5, 1, 7, 3, 5, 9, 1, 86, 119, 117, 123, 82, 0]"
j20,1,stnu,600,True,49,1.0369305610656738,0.0274050235748291,"[0, 0, 0, 0, 7, 4, 12, 12, 18, 22, 17, 12, 29, 34, 8, 22, 22, 37, 29, 40, 29, 0, 0, 0, 0, 0, 49]","""[0, 7, 4, 3, 5, 4, 5, 6, 4, 7, 9, 7, 5, 3, 5, 1, 7, 3, 5, 9, 1, 86, 119, 117, 123, 82, 0]"""
j20,1,proactive_robust,600,True,67,0.10004496574401855,0.0011591911315917969,"[0, 0, 0, 0, 7, 7, 14, 14, 21, 25, 23, 16, 32, 41, 16, 25, 25, 49, 32, 57, 32, 0, 0, 0, 0, 0, 123]","""[0, 3, 4, 2, 4, 4, 4, 3, 1, 4, 5, 7, 6, 4, 6, 3, 9, 5, 5, 6, 3, 86, 119, 117, 123, 82, 0]"""
j20,1,reactive,600,True,63,0.10004496574401855,0.454495906829834,"[0, 0, 0, 0, 7, 7, 14, 14, 21, 25, 23, 16, 32, 41, 16, 25, 25, 49, 32, 57, 32, 0, 0, 0, 0, 0, 63]","[0, 3, 4, 2, 4, 4, 4, 3, 1, 4, 5, 7, 6, 4, 6, 3, 9, 5, 5, 6, 3, 86, 119, 117, 123, 82, 0]"
j20,1,stnu,600,True,40,1.031625509262085,0.02767181396484375,"[0, 0, 0, 0, 4, 4, 8, 8, 11, 15, 12, 8, 19, 25, 8, 15, 15, 29, 19, 34, 19, 0, 0, 0, 0, 0, 40]","""[0, 3, 4, 2, 4, 4, 4, 3, 1, 4, 5, 7, 6, 4, 6, 3, 9, 5, 5, 6, 3, 86, 119, 117, 123, 82, 0]"""
j20,1,proactive_robust,600,True,67,0.09257006645202637,0.0011835098266601562,"[0, 0, 0, 0, 7, 7, 14, 14, 21, 25, 23, 16, 32, 41, 16, 25, 25, 49, 32, 57, 32, 0, 0, 0, 0, 0, 123]","""[0, 3, 7, 2, 2, 9, 6, 4, 3, 4, 4, 4, 7, 8, 6, 3, 5, 6, 2, 9, 1, 86, 119, 117, 123, 82, 0]"""
j20,1,reactive,600,True,66,0.09257006645202637,0.41792798042297363,"[0, 0, 0, 0, 7, 7, 14, 14, 21, 25, 23, 16, 32, 41, 16, 25, 25, 49, 32, 57, 32, 0, 0, 0, 0, 0, 66]","[0, 3, 7, 2, 2, 9, 6, 4, 3, 4, 4, 4, 7, 8, 6, 3, 5, 6, 2, 9, 1, 86, 119, 117, 123, 82, 0]"
j20,1,stnu,600,True,56,1.025604248046875,0.027364015579223633,"[0, 0, 0, 0, 7, 7, 9, 9, 13, 22, 15, 16, 26, 33, 16, 22, 22, 41, 26, 47, 26, 0, 0, 0, 0, 0, 56]","""[0, 3, 7, 2, 2, 9, 6, 4, 3, 4, 4, 4, 7, 8, 6, 3, 5, 6, 2, 9, 1, 86, 119, 117, 123, 82, 0]"""
j20,1,proactive_robust,600,True,67,0.08923959732055664,0.0011756420135498047,"[0, 0, 0, 0, 7, 7, 14, 14, 21, 25, 23, 16, 32, 41, 16, 25, 25, 49, 32, 57, 32, 0, 0, 0, 0, 0, 123]","""[0, 4, 6, 2, 7, 8, 7, 2, 3, 2, 4, 7, 5, 4, 4, 1, 10, 3, 2, 8, 3, 86, 119, 117, 123, 82, 0]"""
j20,1,reactive,600,True,60,0.08923959732055664,0.4306023120880127,"[0, 0, 0, 0, 7, 7, 14, 14, 21, 25, 23, 16, 32, 41, 16, 25, 25, 49, 32, 52, 32, 0, 0, 0, 0, 0, 60]","[0, 4, 6, 2, 7, 8, 7, 2, 3, 2, 4, 7, 5, 4, 4, 1, 10, 3, 2, 8, 3, 86, 119, 117, 123, 82, 0]"
j20,1,stnu,600,True,44,1.0253820419311523,0.02746748924255371,"[0, 0, 0, 0, 6, 6, 13, 13, 15, 21, 20, 14, 24, 29, 14, 21, 21, 33, 24, 36, 24, 0, 0, 0, 0, 0, 44]","""[0, 4, 6, 2, 7, 8, 7, 2, 3, 2, 4, 7, 5, 4, 4, 1, 10, 3, 2, 8, 3, 86, 119, 117, 123, 82, 0]"""
j20,1,proactive_robust,600,True,67,0.08964967727661133,0.0011527538299560547,"[0, 0, 0, 0, 7, 7, 14, 14, 21, 25, 23, 16, 32, 41, 16, 25, 25, 49, 32, 57, 32, 0, 0, 0, 0, 0, 123]","""[0, 2, 2, 7, 5, 5, 9, 7, 3, 2, 5, 5, 6, 7, 7, 2, 5, 4, 5, 9, 2, 86, 119, 117, 123, 82, 0]"""
j20,1,reactive,600,True,66,0.08964967727661133,0.3782224655151367,"[0, 0, 0, 0, 7, 7, 14, 14, 21, 25, 23, 16, 32, 41, 16, 25, 25, 49, 32, 57, 32, 0, 0, 0, 0, 0, 66]","[0, 2, 2, 7, 5, 5, 9, 7, 3, 2, 5, 5, 6, 7, 7, 2, 5, 4, 5, 9, 2, 86, 119, 117, 123, 82, 0]"
j20,1,stnu,600,True,47,1.0146987438201904,0.02729654312133789,"[0, 0, 0, 0, 2, 7, 7, 7, 14, 19, 16, 12, 21, 27, 12, 19, 19, 34, 21, 38, 21, 0, 0, 0, 0, 0, 47]","""[0, 2, 2, 7, 5, 5, 9, 7, 3, 2, 5, 5, 6, 7, 7, 2, 5, 4, 5, 9, 2, 86, 119, 117, 123, 82, 0]"""
j20,1,proactive_robust,600,True,67,0.09923744201660156,0.0012001991271972656,"[0, 0, 0, 0, 7, 7, 14, 14, 21, 25, 23, 16, 32, 41, 16, 25, 25, 49, 32, 57, 32, 0, 0, 0, 0, 0, 123]","""[0, 6, 5, 6, 6, 7, 4, 4, 1, 4, 4, 6, 8, 7, 9, 4, 9, 7, 3, 8, 3, 86, 119, 117, 123, 82, 0]"""
j20,1,reactive,600,True,65,0.09923744201660156,0.5292484760284424,"[0, 0, 0, 0, 7, 7, 14, 14, 21, 25, 23, 16, 32, 41, 16, 25, 25, 49, 32, 57, 32, 0, 0, 0, 0, 0, 65]","[0, 6, 5, 6, 6, 7, 4, 4, 1, 4, 4, 6, 8, 7, 9, 4, 9, 7, 3, 8, 3, 86, 119, 117, 123, 82, 0]"
j20,1,stnu,600,True,56,0.9210987091064453,0.027335166931152344,"[0, 0, 0, 0, 6, 6, 12, 12, 16, 22, 16, 13, 26, 34, 13, 22, 22, 41, 26, 48, 26, 0, 0, 0, 0, 0, 56]","""[0, 6, 5, 6, 6, 7, 4, 4, 1, 4, 4, 6, 8, 7, 9, 4, 9, 7, 3, 8, 3, 86, 119, 117, 123, 82, 0]"""
j20,1,proactive_robust,600,True,51,0.0973806381225586,0.0012729167938232422,"[0, 0, 0, 0, 8, 8, 14, 12, 14, 20, 20, 12, 20, 30, 20, 30, 32, 32, 39, 36, 27, 0, 0, 0, 0, 0, 0, 0, 151]","""[0, 9, 4, 7, 6, 3, 2, 8, 4, 1, 10, 4, 6, 4, 3, 6, 7, 3, 10, 6, 10, 11, 30, 151, 57, 81, 89, 150, 0]"""
j20,1,reactive,600,True,49,0.0973806381225586,0.44908738136291504,"[0, 0, 0, 0, 8, 8, 14, 12, 14, 20, 20, 12, 20, 30, 20, 30, 32, 32, 39, 36, 27, 0, 0, 0, 0, 0, 0, 0, 49]","[0, 9, 4, 7, 6, 3, 2, 8, 4, 1, 10, 4, 6, 4, 3, 6, 7, 3, 10, 6, 10, 11, 30, 151, 57, 81, 89, 150, 0]"
j20,1,stnu,600,True,40,0.9773154258728027,0.029163122177124023,"[0, 0, 0, 0, 4, 7, 10, 9, 10, 17, 13, 9, 14, 20, 14, 20, 23, 23, 30, 26, 18, 0, 0, 0, 0, 0, 0, 0, 40]","""[0, 9, 4, 7, 6, 3, 2, 8, 4, 1, 10, 4, 6, 4, 3, 6, 7, 3, 10, 6, 10, 11, 30, 151, 57, 81, 89, 150, 0]"""
j20,1,proactive_robust,600,True,51,0.0960996150970459,0.0012657642364501953,"[0, 0, 0, 0, 8, 8, 14, 12, 14, 20, 20, 12, 20, 30, 20, 30, 32, 32, 39, 36, 27, 0, 0, 0, 0, 0, 0, 0, 151]","""[0, 8, 3, 7, 6, 5, 4, 5, 4, 1, 11, 3, 8, 8, 2, 6, 6, 3, 6, 8, 10, 11, 30, 151, 57, 81, 89, 150, 0]"""
j20,1,reactive,600,True,45,0.0960996150970459,0.3973062038421631,"[0, 0, 0, 0, 8, 8, 14, 12, 14, 20, 20, 12, 20, 30, 20, 30, 32, 32, 39, 36, 27, 0, 0, 0, 0, 0, 0, 0, 45]","[0, 8, 3, 7, 6, 5, 4, 5, 4, 1, 11, 3, 8, 8, 2, 6, 6, 3, 6, 8, 10, 11, 30, 151, 57, 81, 89, 150, 0]"
j20,1,stnu,600,True,39,0.9237511157989502,0.029190778732299805,"[0, 0, 0, 0, 3, 7, 12, 8, 12, 16, 16, 8, 16, 24, 16, 24, 27, 27, 33, 30, 18, 0, 0, 0, 0, 0, 0, 0, 39]","""[0, 8, 3, 7, 6, 5, 4, 5, 4, 1, 11, 3, 8, 8, 2, 6, 6, 3, 6, 8, 10, 11, 30, 151, 57, 81, 89, 150, 0]"""
j20,1,proactive_robust,600,True,51,0.09890151023864746,0.0012555122375488281,"[0, 0, 0, 0, 8, 8, 14, 12, 14, 20, 20, 12, 20, 30, 20, 30, 32, 32, 39, 36, 27, 0, 0, 0, 0, 0, 0, 0, 151]","""[0, 8, 6, 8, 10, 5, 2, 8, 3, 2, 8, 5, 6, 8, 6, 5, 3, 3, 9, 7, 5, 11, 30, 151, 57, 81, 89, 150, 0]"""
j20,1,reactive,600,True,48,0.09890151023864746,0.3360021114349365,"[0, 0, 0, 0, 8, 8, 14, 12, 14, 20, 20, 12, 20, 30, 20, 30, 32, 32, 39, 36, 27, 0, 0, 0, 0, 0, 0, 0, 48]","[0, 8, 6, 8, 10, 5, 2, 8, 3, 2, 8, 5, 6, 8, 6, 5, 3, 3, 9, 7, 5, 11, 30, 151, 57, 81, 89, 150, 0]"
j20,1,stnu,600,True,39,0.9119911193847656,0.029177427291870117,"[0, 0, 0, 0, 6, 8, 13, 8, 13, 16, 16, 8, 16, 22, 16, 22, 24, 24, 30, 27, 22, 0, 0, 0, 0, 0, 0, 0, 39]","""[0, 8, 6, 8, 10, 5, 2, 8, 3, 2, 8, 5, 6, 8, 6, 5, 3, 3, 9, 7, 5, 11, 30, 151, 57, 81, 89, 150, 0]"""
j20,1,proactive_robust,600,True,51,0.09075045585632324,0.0012371540069580078,"[0, 0, 0, 0, 8, 8, 14, 12, 14, 20, 20, 12, 20, 30, 20, 30, 32, 32, 39, 36, 27, 0, 0, 0, 0, 0, 0, 0, 151]","""[0, 11, 5, 3, 6, 6, 2, 8, 1, 2, 11, 3, 5, 6, 2, 3, 2, 3, 7, 7, 6, 11, 30, 151, 57, 81, 89, 150, 0]"""
j20,1,reactive,600,True,46,0.09075045585632324,0.3674123287200928,"[0, 0, 0, 0, 8, 8, 14, 12, 14, 20, 20, 12, 20, 30, 20, 30, 32, 32, 39, 36, 27, 0, 0, 0, 0, 0, 0, 0, 46]","[0, 11, 5, 3, 6, 6, 2, 8, 1, 2, 11, 3, 5, 6, 2, 3, 2, 3, 7, 7, 6, 11, 30, 151, 57, 81, 89, 150, 0]"
j20,1,stnu,600,True,35,1.1288814544677734,0.02901768684387207,"[0, 0, 0, 0, 5, 5, 11, 11, 11, 19, 14, 11, 13, 21, 14, 18, 25, 25, 27, 28, 21, 0, 0, 0, 0, 0, 0, 0, 35]","""[0, 11, 5, 3, 6, 6, 2, 8, 1, 2, 11, 3, 5, 6, 2, 3, 2, 3, 7, 7, 6, 11, 30, 151, 57, 81, 89, 150, 0]"""
j20,1,proactive_robust,600,True,51,0.09163165092468262,0.0012600421905517578,"[0, 0, 0, 0, 8, 8, 14, 12, 14, 20, 20, 12, 20, 30, 20, 30, 32, 32, 39, 36, 27, 0, 0, 0, 0, 0, 0, 0, 151]","""[0, 8, 6, 8, 11, 2, 6, 5, 3, 2, 6, 3, 9, 6, 4, 2, 2, 1, 10, 9, 9, 11, 30, 151, 57, 81, 89, 150, 0]"""
j20,1,reactive,600,True,49,0.09163165092468262,0.3533928394317627,"[0, 0, 0, 0, 8, 8, 14, 12, 14, 20, 20, 12, 20, 30, 20, 30, 32, 32, 39, 36, 27, 0, 0, 0, 0, 0, 0, 0, 49]","[0, 8, 6, 8, 11, 2, 6, 5, 3, 2, 6, 3, 9, 6, 4, 2, 2, 1, 10, 9, 9, 11, 30, 151, 57, 81, 89, 150, 0]"
j20,1,stnu,600,True,42,0.9233317375183105,0.029200077056884766,"[0, 0, 0, 0, 6, 8, 10, 8, 10, 17, 17, 8, 17, 26, 17, 26, 26, 26, 32, 28, 21, 0, 0, 0, 0, 0, 0, 0, 42]","""[0, 8, 6, 8, 11, 2, 6, 5, 3, 2, 6, 3, 9, 6, 4, 2, 2, 1, 10, 9, 9, 11, 30, 151, 57, 81, 89, 150, 0]"""
j20,1,proactive_robust,600,True,51,0.0965268611907959,0.0012543201446533203,"[0, 0, 0, 0, 8, 8, 14, 12, 14, 20, 20, 12, 20, 30, 20, 30, 32, 32, 39, 36, 27, 0, 0, 0, 0, 0, 0, 0, 151]","""[0, 9, 7, 7, 8, 4, 5, 5, 4, 1, 12, 3, 7, 3, 5, 2, 3, 1, 10, 4, 10, 11, 30, 151, 57, 81, 89, 150, 0]"""
j20,1,reactive,600,True,49,0.0965268611907959,0.4007101058959961,"[0, 0, 0, 0, 8, 8, 14, 12, 14, 20, 20, 12, 20, 30, 20, 30, 32, 32, 39, 36, 27, 0, 0, 0, 0, 0, 0, 0, 49]","[0, 9, 7, 7, 8, 4, 5, 5, 4, 1, 12, 3, 7, 3, 5, 2, 3, 1, 10, 4, 10, 11, 30, 151, 57, 81, 89, 150, 0]"
j20,1,stnu,600,True,41,0.8931865692138672,0.029231548309326172,"[0, 0, 0, 0, 7, 7, 11, 9, 11, 16, 16, 9, 16, 23, 15, 23, 28, 28, 31, 29, 20, 0, 0, 0, 0, 0, 0, 0, 41]","""[0, 9, 7, 7, 8, 4, 5, 5, 4, 1, 12, 3, 7, 3, 5, 2, 3, 1, 10, 4, 10, 11, 30, 151, 57, 81, 89, 150, 0]"""
j20,1,proactive_robust,600,True,51,0.09932851791381836,0.0012183189392089844,"[0, 0, 0, 0, 8, 8, 14, 12, 14, 20, 20, 12, 20, 30, 20, 30, 32, 32, 39, 36, 27, 0, 0, 0, 0, 0, 0, 0, 151]","""[0, 6, 4, 3, 11, 6, 6, 6, 4, 2, 6, 2, 7, 6, 2, 3, 2, 3, 10, 5, 6, 11, 30, 151, 57, 81, 89, 150, 0]"""
j20,1,reactive,600,True,49,0.09932851791381836,0.3449091911315918,"[0, 0, 0, 0, 8, 8, 14, 12, 14, 20, 20, 12, 20, 30, 20, 30, 32, 32, 39, 36, 27, 0, 0, 0, 0, 0, 0, 0, 49]","[0, 6, 4, 3, 11, 6, 6, 6, 4, 2, 6, 2, 7, 6, 2, 3, 2, 3, 10, 5, 6, 11, 30, 151, 57, 81, 89, 150, 0]"
j20,1,stnu,600,True,39,0.9336802959442139,0.029625654220581055,"[0, 0, 0, 0, 4, 4, 10, 6, 10, 16, 16, 6, 16, 23, 15, 23, 23, 23, 29, 26, 18, 0, 0, 0, 0, 0, 0, 0, 39]","""[0, 6, 4, 3, 11, 6, 6, 6, 4, 2, 6, 2, 7, 6, 2, 3, 2, 3, 10, 5, 6, 11, 30, 151, 57, 81, 89, 150, 0]"""
j20,1,proactive_robust,600,True,51,0.09202814102172852,0.001283407211303711,"[0, 0, 0, 0, 8, 8, 14, 12, 14, 20, 20, 12, 20, 30, 20, 30, 32, 32, 39, 36, 27, 0, 0, 0, 0, 0, 0, 0, 151]","""[0, 7, 5, 4, 11, 5, 4, 6, 4, 2, 12, 6, 7, 7, 3, 6, 2, 1, 11, 5, 8, 11, 30, 151, 57, 81, 89, 150, 0]"""
j20,1,reactive,600,True,50,0.09202814102172852,0.3264193534851074,"[0, 0, 0, 0, 8, 8, 14, 12, 14, 20, 20, 12, 20, 30, 20, 30, 32, 32, 39, 36, 27, 0, 0, 0, 0, 0, 0, 0, 50]","[0, 7, 5, 4, 11, 5, 4, 6, 4, 2, 12, 6, 7, 7, 3, 6, 2, 1, 11, 5, 8, 11, 30, 151, 57, 81, 89, 150, 0]"
j20,1,stnu,600,True,41,1.0235507488250732,0.02910327911376953,"[0, 0, 0, 0, 5, 5, 10, 7, 10, 16, 16, 7, 16, 23, 16, 23, 28, 28, 30, 29, 19, 0, 0, 0, 0, 0, 0, 0, 41]","""[0, 7, 5, 4, 11, 5, 4, 6, 4, 2, 12, 6, 7, 7, 3, 6, 2, 1, 11, 5, 8, 11, 30, 151, 57, 81, 89, 150, 0]"""
j20,1,proactive_robust,600,True,51,0.0933067798614502,0.0012738704681396484,"[0, 0, 0, 0, 8, 8, 14, 12, 14, 20, 20, 12, 20, 30, 20, 30, 32, 32, 39, 36, 27, 0, 0, 0, 0, 0, 0, 0, 151]","""[0, 11, 7, 3, 7, 2, 5, 7, 2, 1, 6, 5, 8, 3, 6, 5, 5, 1, 6, 7, 9, 11, 30, 151, 57, 81, 89, 150, 0]"""
j20,1,reactive,600,True,45,0.0933067798614502,0.4611048698425293,"[0, 0, 0, 0, 8, 8, 14, 12, 14, 20, 20, 12, 20, 30, 20, 30, 32, 32, 39, 36, 27, 0, 0, 0, 0, 0, 0, 0, 45]","[0, 11, 7, 3, 7, 2, 5, 7, 2, 1, 6, 5, 8, 3, 6, 5, 5, 1, 6, 7, 9, 11, 30, 151, 57, 81, 89, 150, 0]"
j20,1,stnu,600,True,37,1.0176210403442383,0.029030799865722656,"[0, 0, 0, 0, 7, 7, 11, 11, 11, 18, 16, 11, 16, 24, 16, 24, 24, 24, 31, 29, 22, 0, 0, 0, 0, 0, 0, 0, 37]","""[0, 11, 7, 3, 7, 2, 5, 7, 2, 1, 6, 5, 8, 3, 6, 5, 5, 1, 6, 7, 9, 11, 30, 151, 57, 81, 89, 150, 0]"""
j20,1,proactive_robust,600,True,51,0.08950972557067871,0.001294851303100586,"[0, 0, 0, 0, 8, 8, 14, 12, 14, 20, 20, 12, 20, 30, 20, 30, 32, 32, 39, 36, 27, 0, 0, 0, 0, 0, 0, 0, 151]","""[0, 10, 5, 5, 8, 3, 2, 8, 3, 2, 9, 6, 8, 5, 6, 4, 3, 3, 9, 7, 6, 11, 30, 151, 57, 81, 89, 150, 0]"""
j20,1,reactive,600,True,48,0.08950972557067871,0.48196959495544434,"[0, 0, 0, 0, 8, 8, 14, 12, 14, 20, 20, 12, 20, 30, 20, 30, 32, 32, 39, 36, 27, 0, 0, 0, 0, 0, 0, 0, 48]","[0, 10, 5, 5, 8, 3, 2, 8, 3, 2, 9, 6, 8, 5, 6, 4, 3, 3, 9, 7, 6, 11, 30, 151, 57, 81, 89, 150, 0]"
j20,1,stnu,600,True,37,0.9079248905181885,0.028870582580566406,"[0, 0, 0, 0, 5, 5, 10, 10, 10, 18, 16, 10, 13, 21, 16, 21, 25, 25, 28, 28, 22, 0, 0, 0, 0, 0, 0, 0, 37]","""[0, 10, 5, 5, 8, 3, 2, 8, 3, 2, 9, 6, 8, 5, 6, 4, 3, 3, 9, 7, 6, 11, 30, 151, 57, 81, 89, 150, 0]"""
j20,1,proactive_robust,600,True,61,5.7670862674713135,0.003101348876953125,"[0, 0, 8, 0, 4, 14, 7, 11, 9, 18, 21, 8, 22, 29, 18, 42, 29, 25, 40, 55, 32, 0, 0, 0, 0, 0, 0, 0, 0, 0, 0, 0, 0, 0, 0, 0, 0, 0, 0, 170]","""[0, 3, 3, 8, 2, 4, 1, 2, 7, 3, 2, 9, 6, 12, 1, 7, 2, 3, 6, 3, 3, 40, 124, 51, 22, 162, 95, 165, 125, 168, 63, 79, 78, 170, 54, 153, 152, 62, 41, 0]"""
j20,1,reactive,600,True,52,5.7670862674713135,4.211708068847656,"[0, 0, 8, 0, 4, 14, 7, 11, 9, 18, 21, 8, 22, 29, 18, 42, 29, 25, 40, 49, 32, 0, 0, 0, 0, 0, 0, 0, 0, 0, 0, 0, 0, 0, 0, 0, 0, 0, 0, 52]","[0, 3, 3, 8, 2, 4, 1, 2, 7, 3, 2, 9, 6, 12, 1, 7, 2, 3, 6, 3, 3, 40, 124, 51, 22, 162, 95, 165, 125, 168, 63, 79, 78, 170, 54, 153, 152, 62, 41, 0]"
j20,1,proactive_robust,600,True,60,7.127561569213867,0.003171682357788086,"[0, 3, 0, 0, 7, 9, 13, 15, 21, 21, 17, 9, 24, 31, 24, 41, 31, 17, 41, 53, 33, 0, 0, 0, 0, 0, 0, 0, 0, 0, 0, 0, 0, 0, 0, 0, 0, 0, 0, 170]","""[0, 3, 1, 7, 3, 3, 1, 2, 6, 2, 4, 5, 3, 10, 7, 8, 2, 7, 9, 5, 6, 40, 124, 51, 22, 162, 95, 165, 125, 168, 63, 79, 78, 170, 54, 153, 152, 62, 41, 0]"""
j20,1,reactive,600,True,58,7.127561569213867,1.2290136814117432,"[0, 3, 0, 0, 7, 9, 13, 15, 21, 21, 17, 9, 24, 31, 24, 41, 31, 17, 41, 53, 33, 0, 0, 0, 0, 0, 0, 0, 0, 0, 0, 0, 0, 0, 0, 0, 0, 0, 0, 58]","[0, 3, 1, 7, 3, 3, 1, 2, 6, 2, 4, 5, 3, 10, 7, 8, 2, 7, 9, 5, 6, 40, 124, 51, 22, 162, 95, 165, 125, 168, 63, 79, 78, 170, 54, 153, 152, 62, 41, 0]"
j20,1,stnu,600,True,47,4.90492582321167,0.06246328353881836,"[0, 0, 6, 0, 3, 8, 6, 11, 16, 14, 18, 6, 18, 24, 11, 34, 24, 14, 34, 42, 26, 0, 0, 0, 0, 0, 0, 0, 0, 0, 0, 0, 0, 0, 0, 0, 0, 0, 0, 47]","""[0, 3, 1, 3, 3, 3, 2, 3, 6, 2, 4, 5, 6, 10, 7, 8, 2, 4, 9, 5, 6, 40, 124, 51, 22, 162, 95, 165, 125, 168, 63, 79, 78, 170, 54, 153, 152, 62, 41, 0]"""
j20,1,proactive_robust,600,True,62,11.416979789733887,0.003195524215698242,"[0, 0, 12, 0, 4, 8, 12, 24, 15, 7, 23, 10, 17, 33, 27, 43, 31, 26, 41, 55, 33, 0, 0, 0, 0, 0, 0, 0, 0, 0, 0, 0, 0, 0, 0, 0, 0, 0, 0, 170]","""[0, 3, 3, 5, 1, 3, 1, 2, 8, 2, 1, 2, 3, 10, 1, 12, 1, 7, 5, 4, 4, 40, 124, 51, 22, 162, 95, 165, 125, 168, 63, 79, 78, 170, 54, 153, 152, 62, 41, 0]"""
j20,1,reactive,600,True,59,11.416979789733887,9.818095445632935,"[0, 0, 12, 0, 4, 8, 12, 24, 15, 7, 23, 10, 17, 33, 27, 43, 31, 26, 41, 55, 33, 0, 0, 0, 0, 0, 0, 0, 0, 0, 0, 0, 0, 0, 0, 0, 0, 0, 0, 59]","[0, 3, 3, 5, 1, 3, 1, 2, 8, 2, 1, 2, 3, 10, 1, 12, 1, 7, 5, 4, 4, 40, 124, 51, 22, 162, 95, 165, 125, 168, 63, 79, 78, 170, 54, 153, 152, 62, 41, 0]"
j20,1,proactive_robust,600,True,60,3.787170886993408,0.003155946731567383,"[0, 0, 8, 0, 4, 11, 7, 15, 21, 18, 27, 8, 22, 31, 15, 41, 31, 18, 41, 53, 33, 0, 0, 0, 0, 0, 0, 0, 0, 0, 0, 0, 0, 0, 0, 0, 0, 0, 0, 170]","""[0, 1, 1, 8, 1, 2, 3, 2, 6, 2, 4, 7, 5, 10, 4, 10, 1, 5, 9, 6, 8, 40, 124, 51, 22, 162, 95, 165, 125, 168, 63, 79, 78, 170, 54, 153, 152, 62, 41, 0]"""
j20,1,reactive,600,True,59,3.787170886993408,0.7002391815185547,"[0, 0, 8, 0, 4, 11, 7, 15, 21, 18, 27, 8, 22, 31, 15, 41, 31, 18, 41, 53, 33, 0, 0, 0, 0, 0, 0, 0, 0, 0, 0, 0, 0, 0, 0, 0, 0, 0, 0, 59]","[0, 1, 1, 8, 1, 2, 3, 2, 6, 2, 4, 7, 5, 10, 4, 10, 1, 5, 9, 6, 8, 40, 124, 51, 22, 162, 95, 165, 125, 168, 63, 79, 78, 170, 54, 153, 152, 62, 41, 0]"
j20,1,proactive_robust,600,True,58,5.052972316741943,0.003139019012451172,"[0, 0, 12, 0, 4, 8, 12, 17, 19, 7, 15, 10, 19, 41, 19, 45, 26, 26, 33, 51, 33, 0, 0, 0, 0, 0, 0, 0, 0, 0, 0, 0, 0, 0, 0, 0, 0, 0, 0, 170]","""[0, 1, 1, 3, 2, 2, 2, 2, 8, 2, 2, 4, 7, 2, 3, 5, 3, 4, 10, 4, 6, 40, 124, 51, 22, 162, 95, 165, 125, 168, 63, 79, 78, 170, 54, 153, 152, 62, 41, 0]"""
j20,1,reactive,600,True,54,5.052972316741943,1.9322350025177002,"[0, 0, 12, 0, 4, 8, 12, 17, 19, 7, 15, 10, 19, 41, 19, 45, 26, 26, 33, 50, 33, 0, 0, 0, 0, 0, 0, 0, 0, 0, 0, 0, 0, 0, 0, 0, 0, 0, 0, 54]","[0, 1, 1, 3, 2, 2, 2, 2, 8, 2, 2, 4, 7, 2, 3, 5, 3, 4, 10, 4, 6, 40, 124, 51, 22, 162, 95, 165, 125, 168, 63, 79, 78, 170, 54, 153, 152, 62, 41, 0]"
j20,1,proactive_robust,600,True,62,11.85094690322876,0.003313302993774414,"[0, 0, 12, 0, 4, 8, 12, 24, 15, 7, 23, 10, 17, 33, 27, 43, 31, 26, 41, 55, 33, 0, 0, 0, 0, 0, 0, 0, 0, 0, 0, 0, 0, 0, 0, 0, 0, 0, 0, 170]","""[0, 2, 3, 7, 2, 2, 2, 2, 6, 2, 4, 5, 6, 6, 4, 11, 1, 4, 5, 3, 7, 40, 124, 51, 22, 162, 95, 165, 125, 168, 63, 79, 78, 170, 54, 153, 152, 62, 41, 0]"""
j20,1,reactive,600,True,58,11.85094690322876,10.462313890457153,"[0, 0, 12, 0, 4, 8, 12, 24, 15, 7, 23, 10, 17, 33, 27, 43, 31, 26, 41, 55, 33, 0, 0, 0, 0, 0, 0, 0, 0, 0, 0, 0, 0, 0, 0, 0, 0, 0, 0, 58]","[0, 2, 3, 7, 2, 2, 2, 2, 6, 2, 4, 5, 6, 6, 4, 11, 1, 4, 5, 3, 7, 40, 124, 51, 22, 162, 95, 165, 125, 168, 63, 79, 78, 170, 54, 153, 152, 62, 41, 0]"
j20,1,proactive_robust,600,True,62,11.452478170394897,0.0030694007873535156,"[0, 0, 12, 0, 4, 8, 12, 24, 15, 7, 23, 10, 17, 33, 27, 43, 31, 26, 41, 55, 33, 0, 0, 0, 0, 0, 0, 0, 0, 0, 0, 0, 0, 0, 0, 0, 0, 0, 0, 170]","""[0, 1, 3, 7, 1, 3, 3, 1, 4, 3, 2, 5, 3, 5, 4, 7, 1, 3, 8, 3, 4, 40, 124, 51, 22, 162, 95, 165, 125, 168, 63, 79, 78, 170, 54, 153, 152, 62, 41, 0]"""
j20,1,reactive,600,True,53,11.452478170394897,8.92585825920105,"[0, 0, 12, 0, 4, 8, 12, 24, 15, 7, 23, 10, 17, 33, 27, 43, 31, 26, 41, 50, 33, 0, 0, 0, 0, 0, 0, 0, 0, 0, 0, 0, 0, 0, 0, 0, 0, 0, 0, 53]","[0, 1, 3, 7, 1, 3, 3, 1, 4, 3, 2, 5, 3, 5, 4, 7, 1, 3, 8, 3, 4, 40, 124, 51, 22, 162, 95, 165, 125, 168, 63, 79, 78, 170, 54, 153, 152, 62, 41, 0]"
j20,1,proactive_robust,600,True,62,11.537829399108887,0.0033698081970214844,"[0, 0, 12, 0, 4, 8, 12, 24, 15, 7, 23, 10, 17, 33, 27, 43, 31, 26, 41, 55, 33, 0, 0, 0, 0, 0, 0, 0, 0, 0, 0, 0, 0, 0, 0, 0, 0, 0, 0, 170]","""[0, 4, 3, 3, 2, 3, 1, 2, 6, 3, 3, 2, 2, 10, 4, 12, 1, 6, 7, 6, 4, 40, 124, 51, 22, 162, 95, 165, 125, 168, 63, 79, 78, 170, 54, 153, 152, 62, 41, 0]"""
j20,1,reactive,600,True,61,11.537829399108887,6.5638017654418945,"[0, 0, 12, 0, 4, 8, 12, 24, 15, 7, 23, 10, 17, 33, 27, 43, 31, 26, 41, 55, 33, 0, 0, 0, 0, 0, 0, 0, 0, 0, 0, 0, 0, 0, 0, 0, 0, 0, 0, 61]","[0, 4, 3, 3, 2, 3, 1, 2, 6, 3, 3, 2, 2, 10, 4, 12, 1, 6, 7, 6, 4, 40, 124, 51, 22, 162, 95, 165, 125, 168, 63, 79, 78, 170, 54, 153, 152, 62, 41, 0]"
j20,1,proactive_robust,600,True,62,3.8202905654907227,0.0032982826232910156,"[0, 0, 0, 3, 4, 14, 7, 12, 18, 9, 18, 11, 18, 33, 22, 43, 31, 26, 41, 55, 33, 0, 0, 0, 0, 0, 0, 0, 0, 0, 0, 0, 0, 0, 0, 0, 0, 0, 0, 170]","""[0, 2, 3, 7, 2, 4, 1, 1, 11, 1, 4, 3, 7, 10, 1, 7, 1, 3, 6, 6, 6, 40, 124, 51, 22, 162, 95, 165, 125, 168, 63, 79, 78, 170, 54, 153, 152, 62, 41, 0]"""
j20,1,reactive,600,True,61,3.8202905654907227,0.582841157913208,"[0, 0, 0, 3, 4, 14, 7, 12, 18, 9, 18, 11, 18, 33, 22, 43, 31, 26, 41, 55, 33, 0, 0, 0, 0, 0, 0, 0, 0, 0, 0, 0, 0, 0, 0, 0, 0, 0, 0, 61]","[0, 2, 3, 7, 2, 4, 1, 1, 11, 1, 4, 3, 7, 10, 1, 7, 1, 3, 6, 6, 6, 40, 124, 51, 22, 162, 95, 165, 125, 168, 63, 79, 78, 170, 54, 153, 152, 62, 41, 0]"
j20,1,proactive_robust,600,True,62,11.618224620819092,0.0032241344451904297,"[0, 0, 12, 0, 4, 8, 12, 24, 15, 7, 23, 10, 17, 33, 27, 43, 31, 26, 41, 55, 33, 0, 0, 0, 0, 0, 0, 0, 0, 0, 0, 0, 0, 0, 0, 0, 0, 0, 0, 170]","""[0, 3, 2, 6, 3, 2, 2, 2, 5, 1, 1, 7, 5, 8, 1, 11, 2, 5, 6, 5, 5, 40, 124, 51, 22, 162, 95, 165, 125, 168, 63, 79, 78, 170, 54, 153, 152, 62, 41, 0]"""
j20,1,reactive,600,True,60,11.618224620819092,8.609781503677368,"[0, 0, 12, 0, 4, 8, 12, 24, 15, 7, 23, 10, 17, 33, 27, 43, 31, 26, 41, 55, 33, 0, 0, 0, 0, 0, 0, 0, 0, 0, 0, 0, 0, 0, 0, 0, 0, 0, 0, 60]","[0, 3, 2, 6, 3, 2, 2, 2, 5, 1, 1, 7, 5, 8, 1, 11, 2, 5, 6, 5, 5, 40, 124, 51, 22, 162, 95, 165, 125, 168, 63, 79, 78, 170, 54, 153, 152, 62, 41, 0]"
j20,1,proactive_robust,600,True,62,0.09386968612670898,0.001049041748046875,"[0, 0, 0, 0, 8, 17, 17, 17, 26, 10, 26, 8, 26, 38, 38, 30, 29, 44, 52, 38, 17, 0, 0, 0, 0, 0, 136]","""[0, 10, 6, 7, 9, 5, 6, 5, 12, 2, 9, 3, 1, 5, 4, 2, 3, 6, 8, 7, 9, 106, 27, 43, 109, 136, 0]"""
j20,1,reactive,600,True,60,0.09386968612670898,0.42362117767333984,"[0, 0, 0, 0, 8, 17, 17, 17, 26, 10, 26, 8, 26, 38, 38, 30, 29, 44, 52, 38, 17, 0, 0, 0, 0, 0, 60]","[0, 10, 6, 7, 9, 5, 6, 5, 12, 2, 9, 3, 1, 5, 4, 2, 3, 6, 8, 7, 9, 106, 27, 43, 109, 136, 0]"
j20,1,stnu,600,True,52,2.141200304031372,0.027271270751953125,"[0, 0, 0, 0, 7, 16, 16, 16, 22, 10, 22, 7, 22, 34, 34, 23, 23, 38, 44, 34, 12, 0, 0, 0, 0, 0, 52]","""[0, 10, 6, 7, 9, 5, 6, 5, 12, 2, 9, 3, 1, 5, 4, 2, 3, 6, 8, 7, 9, 106, 27, 43, 109, 136, 0]"""
j20,1,proactive_robust,600,True,62,0.08920407295227051,0.0010411739349365234,"[0, 0, 0, 0, 8, 17, 17, 17, 26, 10, 26, 8, 26, 38, 38, 30, 29, 44, 52, 38, 17, 0, 0, 0, 0, 0, 136]","""[0, 8, 4, 8, 7, 4, 3, 8, 12, 7, 8, 4, 2, 4, 5, 2, 3, 3, 6, 7, 12, 106, 27, 43, 109, 136, 0]"""
j20,1,reactive,600,True,58,0.08920407295227051,0.39147186279296875,"[0, 0, 0, 0, 8, 17, 17, 17, 26, 10, 26, 8, 26, 38, 38, 30, 29, 44, 52, 38, 17, 0, 0, 0, 0, 0, 58]","[0, 8, 4, 8, 7, 4, 3, 8, 12, 7, 8, 4, 2, 4, 5, 2, 3, 3, 6, 7, 12, 106, 27, 43, 109, 136, 0]"
j20,1,stnu,600,True,49,1.1503043174743652,0.02740955352783203,"[0, 0, 0, 0, 8, 15, 15, 15, 23, 8, 23, 8, 23, 35, 35, 27, 25, 40, 43, 35, 15, 0, 0, 0, 0, 0, 49]","""[0, 8, 4, 8, 7, 4, 3, 8, 12, 7, 8, 4, 2, 4, 5, 2, 3, 3, 6, 7, 12, 106, 27, 43, 109, 136, 0]"""
j20,1,proactive_robust,600,True,62,0.09468817710876465,0.0010275840759277344,"[0, 0, 0, 0, 8, 17, 17, 17, 26, 10, 26, 8, 26, 38, 38, 30, 29, 44, 52, 38, 17, 0, 0, 0, 0, 0, 136]","""[0, 10, 5, 4, 5, 8, 3, 7, 7, 4, 7, 1, 3, 2, 2, 3, 3, 7, 10, 6, 13, 106, 27, 43, 109, 136, 0]"""
j20,1,reactive,600,True,61,0.09468817710876465,0.42477941513061523,"[0, 0, 0, 0, 8, 17, 17, 17, 26, 10, 26, 8, 26, 38, 38, 30, 29, 44, 51, 38, 17, 0, 0, 0, 0, 0, 61]","[0, 10, 5, 4, 5, 8, 3, 7, 7, 4, 7, 1, 3, 2, 2, 3, 3, 7, 10, 6, 13, 106, 27, 43, 109, 136, 0]"
j20,1,stnu,600,True,49,1.0226075649261475,0.026912927627563477,"[0, 0, 0, 0, 5, 14, 14, 14, 22, 10, 22, 5, 22, 29, 30, 27, 25, 32, 39, 30, 14, 0, 0, 0, 0, 0, 49]","""[0, 10, 5, 4, 5, 8, 3, 7, 7, 4, 7, 1, 3, 2, 2, 3, 3, 7, 10, 6, 13, 106, 27, 43, 109, 136, 0]"""
j20,1,proactive_robust,600,True,62,0.0893552303314209,0.0010302066802978516,"[0, 0, 0, 0, 8, 17, 17, 17, 26, 10, 26, 8, 26, 38, 38, 30, 29, 44, 52, 38, 17, 0, 0, 0, 0, 0, 136]","""[0, 5, 6, 8, 9, 5, 8, 4, 6, 4, 11, 4, 1, 2, 4, 3, 2, 4, 10, 7, 6, 106, 27, 43, 109, 136, 0]"""
j20,1,reactive,600,True,58,0.0893552303314209,0.4943563938140869,"[0, 0, 0, 0, 8, 17, 17, 17, 26, 10, 26, 8, 26, 38, 38, 30, 29, 44, 48, 38, 17, 0, 0, 0, 0, 0, 58]","[0, 5, 6, 8, 9, 5, 8, 4, 6, 4, 11, 4, 1, 2, 4, 3, 2, 4, 10, 7, 6, 106, 27, 43, 109, 136, 0]"
j20,1,stnu,600,True,54,0.9147298336029053,0.027216196060180664,"[0, 0, 0, 0, 8, 17, 17, 17, 25, 8, 25, 8, 25, 36, 36, 26, 26, 40, 44, 36, 12, 0, 0, 0, 0, 0, 54]","""[0, 5, 6, 8, 9, 5, 8, 4, 6, 4, 11, 4, 1, 2, 4, 3, 2, 4, 10, 7, 6, 106, 27, 43, 109, 136, 0]"""
j20,1,proactive_robust,600,True,62,0.08957409858703613,0.0010652542114257812,"[0, 0, 0, 0, 8, 17, 17, 17, 26, 10, 26, 8, 26, 38, 38, 30, 29, 44, 52, 38, 17, 0, 0, 0, 0, 0, 136]","""[0, 6, 6, 7, 6, 9, 8, 8, 10, 6, 11, 3, 1, 7, 3, 3, 6, 4, 10, 4, 7, 106, 27, 43, 109, 136, 0]"""
j20,1,reactive,600,True,58,0.08957409858703613,0.5509231090545654,"[0, 0, 0, 0, 8, 17, 17, 17, 26, 10, 26, 8, 26, 38, 38, 30, 29, 44, 48, 38, 17, 0, 0, 0, 0, 0, 58]","[0, 6, 6, 7, 6, 9, 8, 8, 10, 6, 11, 3, 1, 7, 3, 3, 6, 4, 10, 4, 7, 106, 27, 43, 109, 136, 0]"
j20,1,stnu,600,True,50,0.9520218372344971,0.027144193649291992,"[0, 0, 0, 0, 7, 13, 13, 13, 22, 7, 22, 7, 22, 33, 33, 23, 23, 36, 40, 33, 13, 0, 0, 0, 0, 0, 50]","""[0, 6, 6, 7, 6, 9, 8, 8, 10, 6, 11, 3, 1, 7, 3, 3, 6, 4, 10, 4, 7, 106, 27, 43, 109, 136, 0]"""
j20,1,proactive_robust,600,True,62,0.09761166572570801,0.0010268688201904297,"[0, 0, 0, 0, 8, 17, 17, 17, 26, 10, 26, 8, 26, 38, 38, 30, 29, 44, 52, 38, 17, 0, 0, 0, 0, 0, 136]","""[0, 10, 6, 5, 4, 6, 5, 7, 8, 6, 8, 2, 2, 3, 5, 2, 3, 4, 10, 9, 13, 106, 27, 43, 109, 136, 0]"""
j20,1,reactive,600,True,58,0.09761166572570801,0.4329357147216797,"[0, 0, 0, 0, 8, 17, 17, 17, 26, 10, 26, 8, 26, 38, 38, 30, 29, 44, 48, 38, 17, 0, 0, 0, 0, 0, 58]","[0, 10, 6, 5, 4, 6, 5, 7, 8, 6, 8, 2, 2, 3, 5, 2, 3, 4, 10, 9, 13, 106, 27, 43, 109, 136, 0]"
j20,1,stnu,600,True,50,0.9126462936401367,0.027088642120361328,"[0, 0, 0, 0, 6, 16, 16, 16, 23, 10, 23, 6, 23, 31, 31, 29, 25, 36, 40, 31, 16, 0, 0, 0, 0, 0, 50]","""[0, 10, 6, 5, 4, 6, 5, 7, 8, 6, 8, 2, 2, 3, 5, 2, 3, 4, 10, 9, 13, 106, 27, 43, 109, 136, 0]"""
j20,1,proactive_robust,600,True,62,0.09458589553833008,0.001039266586303711,"[0, 0, 0, 0, 8, 17, 17, 17, 26, 10, 26, 8, 26, 38, 38, 30, 29, 44, 52, 38, 17, 0, 0, 0, 0, 0, 136]","""[0, 5, 7, 5, 5, 6, 8, 4, 8, 6, 6, 3, 1, 7, 2, 1, 5, 8, 6, 8, 10, 106, 27, 43, 109, 136, 0]"""
j20,1,reactive,600,True,58,0.09458589553833008,0.45749664306640625,"[0, 0, 0, 0, 8, 17, 17, 17, 26, 10, 26, 8, 26, 38, 38, 30, 29, 44, 52, 38, 17, 0, 0, 0, 0, 0, 58]","[0, 5, 7, 5, 5, 6, 8, 4, 8, 6, 6, 3, 1, 7, 2, 1, 5, 8, 6, 8, 10, 106, 27, 43, 109, 136, 0]"
j20,1,stnu,600,True,44,0.9616408348083496,0.027318477630615234,"[0, 0, 0, 0, 7, 12, 12, 12, 20, 5, 20, 7, 20, 28, 28, 21, 21, 30, 38, 28, 11, 0, 0, 0, 0, 0, 44]","""[0, 5, 7, 5, 5, 6, 8, 4, 8, 6, 6, 3, 1, 7, 2, 1, 5, 8, 6, 8, 10, 106, 27, 43, 109, 136, 0]"""
j20,1,proactive_robust,600,True,62,0.09114933013916016,0.0010216236114501953,"[0, 0, 0, 0, 8, 17, 17, 17, 26, 10, 26, 8, 26, 38, 38, 30, 29, 44, 52, 38, 17, 0, 0, 0, 0, 0, 136]","""[0, 8, 4, 6, 9, 7, 3, 4, 11, 3, 12, 2, 1, 3, 4, 4, 7, 8, 8, 5, 10, 106, 27, 43, 109, 136, 0]"""
j20,1,reactive,600,True,60,0.09114933013916016,0.4023308753967285,"[0, 0, 0, 0, 8, 17, 17, 17, 26, 10, 26, 8, 26, 38, 38, 30, 29, 44, 52, 38, 17, 0, 0, 0, 0, 0, 60]","[0, 8, 4, 6, 9, 7, 3, 4, 11, 3, 12, 2, 1, 3, 4, 4, 7, 8, 8, 5, 10, 106, 27, 43, 109, 136, 0]"
j20,1,stnu,600,True,54,0.9025208950042725,0.027479887008666992,"[0, 0, 0, 0, 6, 15, 15, 15, 22, 8, 22, 6, 22, 34, 34, 23, 23, 38, 46, 34, 11, 0, 0, 0, 0, 0, 54]","""[0, 8, 4, 6, 9, 7, 3, 4, 11, 3, 12, 2, 1, 3, 4, 4, 7, 8, 8, 5, 10, 106, 27, 43, 109, 136, 0]"""
j20,1,proactive_robust,600,True,62,0.10223078727722168,0.0010237693786621094,"[0, 0, 0, 0, 8, 17, 17, 17, 26, 10, 26, 8, 26, 38, 38, 30, 29, 44, 52, 38, 17, 0, 0, 0, 0, 0, 136]","""[0, 7, 4, 5, 5, 7, 4, 9, 8, 5, 6, 3, 3, 3, 3, 2, 5, 8, 5, 9, 11, 106, 27, 43, 109, 136, 0]"""
j20,1,reactive,600,True,57,0.10223078727722168,0.44115543365478516,"[0, 0, 0, 0, 8, 17, 17, 17, 26, 10, 26, 8, 26, 38, 38, 30, 29, 44, 52, 38, 17, 0, 0, 0, 0, 0, 57]","[0, 7, 4, 5, 5, 7, 4, 9, 8, 5, 6, 3, 3, 3, 3, 2, 5, 8, 5, 9, 11, 106, 27, 43, 109, 136, 0]"
j20,1,stnu,600,True,45,0.907677412033081,0.027074098587036133,"[0, 0, 0, 0, 5, 12, 12, 12, 21, 7, 21, 5, 21, 29, 29, 24, 24, 32, 40, 29, 12, 0, 0, 0, 0, 0, 45]","""[0, 7, 4, 5, 5, 7, 4, 9, 8, 5, 6, 3, 3, 3, 3, 2, 5, 8, 5, 9, 11, 106, 27, 43, 109, 136, 0]"""
j20,1,proactive_robust,600,True,62,0.0995323657989502,0.0010232925415039062,"[0, 0, 0, 0, 8, 17, 17, 17, 26, 10, 26, 8, 26, 38, 38, 30, 29, 44, 52, 38, 17, 0, 0, 0, 0, 0, 136]","""[0, 10, 8, 8, 9, 5, 3, 7, 7, 3, 11, 3, 3, 3, 5, 2, 6, 4, 5, 8, 6, 106, 27, 43, 109, 136, 0]"""
j20,1,reactive,600,True,57,0.0995323657989502,0.3233973979949951,"[0, 0, 0, 0, 8, 17, 17, 17, 26, 10, 26, 8, 26, 38, 38, 30, 29, 44, 52, 38, 17, 0, 0, 0, 0, 0, 57]","[0, 10, 8, 8, 9, 5, 3, 7, 7, 3, 11, 3, 3, 3, 5, 2, 6, 4, 5, 8, 6, 106, 27, 43, 109, 136, 0]"
j20,1,stnu,600,True,49,0.9128203392028809,0.027226924896240234,"[0, 0, 0, 0, 8, 17, 17, 17, 24, 10, 24, 8, 24, 35, 35, 27, 27, 40, 44, 35, 13, 0, 0, 0, 0, 0, 49]","""[0, 10, 8, 8, 9, 5, 3, 7, 7, 3, 11, 3, 3, 3, 5, 2, 6, 4, 5, 8, 6, 106, 27, 43, 109, 136, 0]"""
j20,1,proactive_robust,600,True,51,0.08792853355407715,0.0008900165557861328,"[0, 0, 0, 0, 8, 7, 15, 11, 11, 7, 19, 19, 26, 13, 25, 11, 32, 35, 41, 38, 26, 0, 0, 0, 0, 0, 0, 87]","""[0, 2, 8, 9, 2, 2, 10, 6, 1, 3, 1, 2, 2, 2, 9, 4, 7, 1, 9, 5, 2, 24, 87, 60, 48, 48, 79, 0]"""
j20,1,reactive,600,True,50,0.08792853355407715,0.41497230529785156,"[0, 0, 0, 0, 8, 7, 15, 11, 11, 7, 19, 19, 26, 13, 25, 11, 32, 35, 41, 38, 26, 0, 0, 0, 0, 0, 0, 50]","[0, 2, 8, 9, 2, 2, 10, 6, 1, 3, 1, 2, 2, 2, 9, 4, 7, 1, 9, 5, 2, 24, 87, 60, 48, 48, 79, 0]"
j20,1,stnu,600,True,39,0.9342224597930908,0.02681422233581543,"[0, 0, 0, 0, 8, 2, 10, 8, 8, 2, 14, 14, 16, 9, 20, 8, 18, 29, 30, 30, 20, 0, 0, 0, 0, 0, 0, 39]","""[0, 2, 8, 9, 2, 2, 10, 6, 1, 3, 1, 2, 2, 2, 9, 4, 7, 1, 9, 5, 2, 24, 87, 60, 48, 48, 79, 0]"""
j20,1,proactive_robust,600,True,51,0.08529353141784668,0.0008726119995117188,"[0, 0, 0, 0, 8, 7, 15, 11, 11, 7, 19, 19, 26, 13, 25, 11, 32, 35, 41, 38, 26, 0, 0, 0, 0, 0, 0, 87]","""[0, 7, 6, 8, 3, 2, 6, 5, 1, 3, 1, 4, 4, 1, 9, 5, 9, 3, 6, 4, 2, 24, 87, 60, 48, 48, 79, 0]"""
j20,1,reactive,600,True,47,0.08529353141784668,0.3798491954803467,"[0, 0, 0, 0, 8, 7, 15, 11, 11, 7, 19, 19, 26, 13, 25, 11, 32, 35, 41, 38, 26, 0, 0, 0, 0, 0, 0, 47]","[0, 7, 6, 8, 3, 2, 6, 5, 1, 3, 1, 4, 4, 1, 9, 5, 9, 3, 6, 4, 2, 24, 87, 60, 48, 48, 79, 0]"
j20,1,stnu,600,True,37,0.9769382476806641,0.026456594467163086,"[0, 0, 0, 0, 7, 7, 10, 9, 9, 7, 14, 14, 18, 10, 16, 9, 22, 25, 31, 28, 18, 0, 0, 0, 0, 0, 0, 37]","""[0, 7, 6, 8, 3, 2, 6, 5, 1, 3, 1, 4, 4, 1, 9, 5, 9, 3, 6, 4, 2, 24, 87, 60, 48, 48, 79, 0]"""
j20,1,proactive_robust,600,True,51,0.08509325981140137,0.0008721351623535156,"[0, 0, 0, 0, 8, 7, 15, 11, 11, 7, 19, 19, 26, 13, 25, 11, 32, 35, 41, 38, 26, 0, 0, 0, 0, 0, 0, 87]","""[0, 2, 5, 9, 5, 4, 9, 4, 1, 3, 2, 2, 4, 2, 9, 6, 7, 2, 8, 3, 4, 24, 87, 60, 48, 48, 79, 0]"""
j20,1,reactive,600,True,49,0.08509325981140137,0.5011377334594727,"[0, 0, 0, 0, 8, 7, 15, 11, 11, 7, 19, 19, 26, 13, 25, 11, 32, 35, 41, 38, 26, 0, 0, 0, 0, 0, 0, 49]","[0, 2, 5, 9, 5, 4, 9, 4, 1, 3, 2, 2, 4, 2, 9, 6, 7, 2, 8, 3, 4, 24, 87, 60, 48, 48, 79, 0]"
j20,1,stnu,600,True,38,0.8747591972351074,0.026608943939208984,"[0, 0, 0, 0, 5, 2, 10, 6, 6, 2, 11, 12, 14, 9, 19, 6, 18, 28, 30, 30, 19, 0, 0, 0, 0, 0, 0, 38]","""[0, 2, 5, 9, 5, 4, 9, 4, 1, 3, 2, 2, 4, 2, 9, 6, 7, 2, 8, 3, 4, 24, 87, 60, 48, 48, 79, 0]"""
j20,1,proactive_robust,600,True,51,0.08558940887451172,0.0009107589721679688,"[0, 0, 0, 0, 8, 7, 15, 11, 11, 7, 19, 19, 26, 13, 25, 11, 32, 35, 41, 38, 26, 0, 0, 0, 0, 0, 0, 87]","""[0, 7, 8, 9, 7, 4, 8, 4, 1, 6, 2, 2, 4, 2, 6, 5, 8, 3, 10, 5, 3, 24, 87, 60, 48, 48, 79, 0]"""
j20,1,reactive,600,True,51,0.08558940887451172,0.35820698738098145,"[0, 0, 0, 0, 8, 7, 15, 11, 11, 7, 19, 19, 26, 13, 25, 11, 32, 35, 41, 38, 26, 0, 0, 0, 0, 0, 0, 51]","[0, 7, 8, 9, 7, 4, 8, 4, 1, 6, 2, 2, 4, 2, 6, 5, 8, 3, 10, 5, 3, 24, 87, 60, 48, 48, 79, 0]"
j20,1,stnu,600,True,42,0.8722426891326904,0.02658557891845703,"[0, 0, 0, 0, 8, 7, 15, 11, 11, 7, 15, 16, 18, 13, 23, 11, 22, 29, 32, 32, 23, 0, 0, 0, 0, 0, 0, 42]","""[0, 7, 8, 9, 7, 4, 8, 4, 1, 6, 2, 2, 4, 2, 6, 5, 8, 3, 10, 5, 3, 24, 87, 60, 48, 48, 79, 0]"""
j20,1,proactive_robust,600,True,51,0.08596324920654297,0.0009148120880126953,"[0, 0, 0, 0, 8, 7, 15, 11, 11, 7, 19, 19, 26, 13, 25, 11, 32, 35, 41, 38, 26, 0, 0, 0, 0, 0, 0, 87]","""[0, 4, 4, 9, 4, 3, 10, 8, 2, 5, 1, 2, 5, 2, 9, 7, 4, 3, 6, 4, 6, 24, 87, 60, 48, 48, 79, 0]"""
j20,1,reactive,600,True,47,0.08596324920654297,0.33638620376586914,"[0, 0, 0, 0, 8, 7, 15, 11, 11, 7, 19, 19, 26, 13, 25, 11, 32, 35, 41, 38, 26, 0, 0, 0, 0, 0, 0, 47]","[0, 4, 4, 9, 4, 3, 10, 8, 2, 5, 1, 2, 5, 2, 9, 7, 4, 3, 6, 4, 6, 24, 87, 60, 48, 48, 79, 0]"
j20,1,stnu,600,True,37,0.9836277961730957,0.026627063751220703,"[0, 0, 0, 0, 4, 4, 9, 7, 7, 4, 15, 15, 17, 9, 19, 7, 22, 28, 31, 31, 19, 0, 0, 0, 0, 0, 0, 37]","""[0, 4, 4, 9, 4, 3, 10, 8, 2, 5, 1, 2, 5, 2, 9, 7, 4, 3, 6, 4, 6, 24, 87, 60, 48, 48, 79, 0]"""
j20,1,proactive_robust,600,True,51,0.09078168869018555,0.0008556842803955078,"[0, 0, 0, 0, 8, 7, 15, 11, 11, 7, 19, 19, 26, 13, 25, 11, 32, 35, 41, 38, 26, 0, 0, 0, 0, 0, 0, 87]","""[0, 2, 3, 6, 2, 4, 7, 3, 2, 4, 1, 5, 6, 4, 9, 3, 9, 2, 6, 5, 2, 24, 87, 60, 48, 48, 79, 0]"""
j20,1,reactive,600,True,47,0.09078168869018555,0.32994818687438965,"[0, 0, 0, 0, 8, 7, 15, 11, 11, 7, 19, 19, 26, 13, 25, 11, 32, 35, 41, 38, 26, 0, 0, 0, 0, 0, 0, 47]","[0, 2, 3, 6, 2, 4, 7, 3, 2, 4, 1, 5, 6, 4, 9, 3, 9, 2, 6, 5, 2, 24, 87, 60, 48, 48, 79, 0]"
j20,1,stnu,600,True,38,0.983666181564331,0.02631378173828125,"[0, 0, 0, 0, 3, 2, 6, 6, 6, 2, 12, 12, 17, 8, 13, 6, 23, 22, 32, 24, 17, 0, 0, 0, 0, 0, 0, 38]","""[0, 2, 3, 6, 2, 4, 7, 3, 2, 4, 1, 5, 6, 4, 9, 3, 9, 2, 6, 5, 2, 24, 87, 60, 48, 48, 79, 0]"""
j20,1,proactive_robust,600,True,51,0.0846865177154541,0.0009112358093261719,"[0, 0, 0, 0, 8, 7, 15, 11, 11, 7, 19, 19, 26, 13, 25, 11, 32, 35, 41, 38, 26, 0, 0, 0, 0, 0, 0, 87]","""[0, 7, 8, 11, 5, 3, 7, 7, 2, 3, 2, 3, 5, 4, 5, 4, 8, 3, 9, 6, 3, 24, 87, 60, 48, 48, 79, 0]"""
j20,1,reactive,600,True,50,0.0846865177154541,0.2711310386657715,"[0, 0, 0, 0, 8, 7, 15, 11, 11, 7, 19, 19, 26, 13, 25, 11, 32, 35, 41, 38, 26, 0, 0, 0, 0, 0, 0, 50]","[0, 7, 8, 11, 5, 3, 7, 7, 2, 3, 2, 3, 5, 4, 5, 4, 8, 3, 9, 6, 3, 24, 87, 60, 48, 48, 79, 0]"
j20,1,stnu,600,True,42,0.8838849067687988,0.026497602462768555,"[0, 0, 0, 0, 8, 7, 13, 10, 10, 7, 17, 17, 20, 12, 20, 10, 25, 25, 33, 28, 20, 0, 0, 0, 0, 0, 0, 42]","""[0, 7, 8, 11, 5, 3, 7, 7, 2, 3, 2, 3, 5, 4, 5, 4, 8, 3, 9, 6, 3, 24, 87, 60, 48, 48, 79, 0]"""
j20,1,proactive_robust,600,True,51,0.08758902549743652,0.0009627342224121094,"[0, 0, 0, 0, 8, 7, 15, 11, 11, 7, 19, 19, 26, 13, 25, 11, 32, 35, 41, 38, 26, 0, 0, 0, 0, 0, 0, 87]","""[0, 2, 4, 10, 3, 3, 10, 8, 1, 5, 1, 4, 5, 3, 5, 3, 7, 1, 8, 6, 5, 24, 87, 60, 48, 48, 79, 0]"""
j20,1,reactive,600,True,49,0.08758902549743652,0.3840327262878418,"[0, 0, 0, 0, 8, 7, 15, 11, 11, 7, 19, 19, 26, 13, 25, 11, 32, 35, 41, 38, 26, 0, 0, 0, 0, 0, 0, 49]","[0, 2, 4, 10, 3, 3, 10, 8, 1, 5, 1, 4, 5, 3, 5, 3, 7, 1, 8, 6, 5, 24, 87, 60, 48, 48, 79, 0]"
j20,1,stnu,600,True,37,0.8666813373565674,0.026259422302246094,"[0, 0, 0, 0, 4, 2, 7, 5, 5, 2, 13, 13, 17, 10, 17, 5, 22, 22, 29, 23, 17, 0, 0, 0, 0, 0, 0, 37]","""[0, 2, 4, 10, 3, 3, 10, 8, 1, 5, 1, 4, 5, 3, 5, 3, 7, 1, 8, 6, 5, 24, 87, 60, 48, 48, 79, 0]"""
j20,1,proactive_robust,600,True,51,0.08222508430480957,0.0008769035339355469,"[0, 0, 0, 0, 8, 7, 15, 11, 11, 7, 19, 19, 26, 13, 25, 11, 32, 35, 41, 38, 26, 0, 0, 0, 0, 0, 0, 87]","""[0, 2, 8, 6, 6, 4, 9, 6, 1, 3, 1, 7, 3, 2, 5, 6, 7, 3, 8, 2, 2, 24, 87, 60, 48, 48, 79, 0]"""
j20,1,reactive,600,True,49,0.08222508430480957,0.32982563972473145,"[0, 0, 0, 0, 8, 7, 15, 11, 11, 7, 19, 19, 26, 13, 25, 11, 32, 35, 41, 38, 26, 0, 0, 0, 0, 0, 0, 49]","[0, 2, 8, 6, 6, 4, 9, 6, 1, 3, 1, 7, 3, 2, 5, 6, 7, 3, 8, 2, 2, 24, 87, 60, 48, 48, 79, 0]"
j20,1,stnu,600,True,39,0.886021614074707,0.026472091674804688,"[0, 0, 0, 0, 8, 2, 14, 8, 8, 2, 14, 14, 21, 9, 23, 8, 24, 28, 31, 31, 23, 0, 0, 0, 0, 0, 0, 39]","""[0, 2, 8, 6, 6, 4, 9, 6, 1, 3, 1, 7, 3, 2, 5, 6, 7, 3, 8, 2, 2, 24, 87, 60, 48, 48, 79, 0]"""
j20,1,proactive_robust,600,True,51,0.08578991889953613,0.0008833408355712891,"[0, 0, 0, 0, 8, 7, 15, 11, 11, 7, 19, 19, 26, 13, 25, 11, 32, 35, 41, 38, 26, 0, 0, 0, 0, 0, 0, 87]","""[0, 6, 7, 12, 3, 4, 5, 8, 1, 2, 1, 5, 2, 3, 5, 6, 9, 2, 7, 3, 6, 24, 87, 60, 48, 48, 79, 0]"""
j20,1,reactive,600,True,48,0.08578991889953613,0.3488478660583496,"[0, 0, 0, 0, 8, 7, 15, 11, 11, 7, 19, 19, 26, 13, 25, 11, 32, 35, 41, 38, 26, 0, 0, 0, 0, 0, 0, 48]","[0, 6, 7, 12, 3, 4, 5, 8, 1, 2, 1, 5, 2, 3, 5, 6, 9, 2, 7, 3, 6, 24, 87, 60, 48, 48, 79, 0]"
j20,1,stnu,600,True,41,0.8729739189147949,0.026382923126220703,"[0, 0, 0, 0, 7, 6, 10, 10, 10, 6, 18, 18, 23, 12, 19, 10, 25, 24, 34, 26, 23, 0, 0, 0, 0, 0, 0, 41]","""[0, 6, 7, 12, 3, 4, 5, 8, 1, 2, 1, 5, 2, 3, 5, 6, 9, 2, 7, 3, 6, 24, 87, 60, 48, 48, 79, 0]"""
j20,1,proactive_robust,600,True,67,0.09274077415466309,0.0005526542663574219,"[0, 0, 0, 0, 9, 18, 18, 9, 27, 8, 18, 27, 14, 8, 40, 49, 27, 34, 35, 59, 40, 0, 153]","""[0, 4, 4, 3, 6, 6, 3, 5, 8, 3, 2, 7, 4, 4, 8, 5, 6, 6, 9, 4, 7, 153, 0]"""
j20,1,reactive,600,True,58,0.09274077415466309,0.3863811492919922,"[0, 0, 0, 0, 9, 18, 18, 9, 27, 8, 18, 27, 14, 8, 40, 49, 27, 34, 35, 54, 40, 0, 58]","[0, 4, 4, 3, 6, 6, 3, 5, 8, 3, 2, 7, 4, 4, 8, 5, 6, 6, 9, 4, 7, 153, 0]"
j20,1,stnu,600,True,46,0.8858530521392822,0.02017688751220703,"[0, 0, 0, 0, 4, 10, 10, 4, 16, 4, 10, 16, 7, 4, 29, 37, 16, 23, 23, 42, 29, 0, 46]","""[0, 4, 4, 3, 6, 6, 3, 5, 8, 3, 2, 7, 4, 4, 8, 5, 6, 6, 9, 4, 7, 153, 0]"""
j20,1,proactive_robust,600,True,67,0.0964810848236084,0.0005691051483154297,"[0, 0, 0, 0, 9, 18, 18, 9, 27, 8, 18, 27, 14, 8, 40, 49, 27, 34, 35, 59, 40, 0, 153]","""[0, 6, 8, 4, 7, 4, 1, 7, 6, 5, 2, 6, 8, 3, 6, 7, 6, 4, 8, 6, 6, 153, 0]"""
j20,1,reactive,600,True,65,0.0964810848236084,0.36953115463256836,"[0, 0, 0, 0, 9, 18, 18, 9, 27, 8, 18, 27, 14, 8, 40, 49, 27, 34, 35, 59, 40, 0, 65]","[0, 6, 8, 4, 7, 4, 1, 7, 6, 5, 2, 6, 8, 3, 6, 7, 6, 4, 8, 6, 6, 153, 0]"
j20,1,stnu,600,True,50,0.8638267517089844,0.020161867141723633,"[0, 0, 0, 0, 8, 15, 15, 6, 19, 8, 15, 21, 13, 8, 31, 37, 21, 27, 27, 44, 31, 0, 50]","""[0, 6, 8, 4, 7, 4, 1, 7, 6, 5, 2, 6, 8, 3, 6, 7, 6, 4, 8, 6, 6, 153, 0]"""
j20,1,proactive_robust,600,True,67,0.09970688819885254,0.0005550384521484375,"[0, 0, 0, 0, 9, 18, 18, 9, 27, 8, 18, 27, 14, 8, 40, 49, 27, 34, 35, 59, 40, 0, 153]","""[0, 6, 5, 2, 8, 4, 2, 9, 6, 5, 2, 2, 5, 1, 7, 7, 4, 4, 11, 4, 4, 153, 0]"""
j20,1,reactive,600,True,63,0.09970688819885254,0.4139828681945801,"[0, 0, 0, 0, 9, 18, 18, 9, 27, 8, 18, 27, 14, 8, 40, 49, 27, 34, 35, 59, 40, 0, 63]","[0, 6, 5, 2, 8, 4, 2, 9, 6, 5, 2, 2, 5, 1, 7, 7, 4, 4, 11, 4, 4, 153, 0]"
j20,1,stnu,600,True,45,0.8673210144042969,0.020225048065185547,"[0, 0, 0, 0, 6, 15, 15, 6, 19, 5, 14, 19, 10, 5, 25, 34, 19, 21, 23, 41, 25, 0, 45]","""[0, 6, 5, 2, 8, 4, 2, 9, 6, 5, 2, 2, 5, 1, 7, 7, 4, 4, 11, 4, 4, 153, 0]"""
j20,1,proactive_robust,600,True,38,0.09156084060668945,0.0004966259002685547,"[0, 0, 0, 0, 8, 10, 10, 12, 14, 8, 10, 14, 10, 8, 22, 24, 14, 18, 18, 32, 21, 0, 153]","""[0, 5, 3, 2, 2, 3, 1, 8, 3, 2, 2, 3, 1, 1, 1, 8, 2, 1, 3, 6, 3, 153, 0]"""
j20,1,reactive,600,True,35,0.09156084060668945,0.3709685802459717,"[0, 0, 0, 0, 8, 10, 10, 12, 14, 8, 10, 14, 10, 8, 20, 21, 14, 18, 18, 29, 21, 0, 35]","[0, 5, 3, 2, 2, 3, 1, 8, 3, 2, 2, 3, 1, 1, 1, 8, 2, 1, 3, 6, 3, 153, 0]"
j20,1,stnu,600,True,51,0.8849964141845703,0.020104646682739258,"[0, 0, 0, 0, 4, 13, 13, 4, 18, 3, 13, 18, 7, 3, 28, 35, 18, 24, 24, 44, 28, 0, 51]","""[0, 4, 3, 2, 9, 5, 3, 8, 10, 4, 2, 6, 4, 2, 7, 9, 6, 3, 10, 7, 6, 153, 0]"""
j20,1,proactive_robust,600,True,67,0.09108138084411621,0.0005745887756347656,"[0, 0, 0, 0, 9, 18, 18, 9, 27, 8, 18, 27, 14, 8, 40, 49, 27, 34, 35, 59, 40, 0, 153]","""[0, 4, 5, 3, 9, 7, 2, 6, 6, 5, 3, 7, 5, 2, 7, 9, 6, 4, 6, 6, 6, 153, 0]"""
j20,1,reactive,600,True,65,0.09108138084411621,0.3746066093444824,"[0, 0, 0, 0, 9, 18, 18, 9, 27, 8, 18, 27, 14, 8, 40, 49, 27, 34, 35, 59, 40, 0, 65]","[0, 4, 5, 3, 9, 7, 2, 6, 6, 5, 3, 7, 5, 2, 7, 9, 6, 4, 6, 6, 6, 153, 0]"
j20,1,stnu,600,True,54,0.8657131195068359,0.020140886306762695,"[0, 0, 0, 0, 5, 14, 14, 4, 21, 5, 14, 21, 10, 5, 32, 39, 21, 28, 28, 48, 32, 0, 54]","""[0, 4, 5, 3, 9, 7, 2, 6, 6, 5, 3, 7, 5, 2, 7, 9, 6, 4, 6, 6, 6, 153, 0]"""
j20,1,proactive_robust,600,True,67,0.08680868148803711,0.0005917549133300781,"[0, 0, 0, 0, 9, 18, 18, 9, 27, 8, 18, 27, 14, 8, 40, 49, 27, 34, 35, 59, 40, 0, 153]","""[0, 5, 8, 2, 6, 8, 2, 9, 13, 6, 3, 2, 5, 2, 9, 9, 4, 2, 10, 5, 8, 153, 0]"""
j20,1,reactive,600,True,64,0.08680868148803711,0.2821786403656006,"[0, 0, 0, 0, 9, 18, 18, 9, 27, 8, 18, 27, 14, 8, 40, 49, 27, 34, 35, 59, 40, 0, 64]","[0, 5, 8, 2, 6, 8, 2, 9, 13, 6, 3, 2, 5, 2, 9, 9, 4, 2, 10, 5, 8, 153, 0]"
j20,1,stnu,600,True,58,0.9221551418304443,0.02011251449584961,"[0, 0, 0, 0, 8, 14, 14, 5, 22, 8, 14, 22, 14, 8, 35, 44, 22, 24, 26, 53, 35, 0, 58]","""[0, 5, 8, 2, 6, 8, 2, 9, 13, 6, 3, 2, 5, 2, 9, 9, 4, 2, 10, 5, 8, 153, 0]"""
j20,1,proactive_robust,600,True,67,0.09075808525085449,0.0005753040313720703,"[0, 0, 0, 0, 9, 18, 18, 9, 27, 8, 18, 27, 14, 8, 40, 49, 27, 34, 35, 59, 40, 0, 153]","""[0, 5, 3, 4, 9, 4, 4, 7, 6, 6, 3, 5, 9, 2, 4, 6, 3, 2, 11, 5, 4, 153, 0]"""
j20,1,reactive,600,True,60,0.09075808525085449,0.28339385986328125,"[0, 0, 0, 0, 9, 18, 18, 9, 27, 8, 18, 27, 14, 8, 40, 49, 27, 34, 35, 55, 40, 0, 60]","[0, 5, 3, 4, 9, 4, 4, 7, 6, 6, 3, 5, 9, 2, 4, 6, 3, 2, 11, 5, 4, 153, 0]"
j20,1,stnu,600,True,46,0.8815383911132812,0.02027416229248047,"[0, 0, 0, 0, 5, 14, 14, 5, 18, 4, 14, 19, 10, 4, 26, 35, 19, 24, 24, 41, 26, 0, 46]","""[0, 5, 3, 4, 9, 4, 4, 7, 6, 6, 3, 5, 9, 2, 4, 6, 3, 2, 11, 5, 4, 153, 0]"""
j20,1,proactive_robust,600,True,67,0.0980072021484375,0.0005631446838378906,"[0, 0, 0, 0, 9, 18, 18, 9, 27, 8, 18, 27, 14, 8, 40, 49, 27, 34, 35, 59, 40, 0, 153]","""[0, 9, 6, 2, 6, 4, 2, 7, 11, 3, 3, 7, 4, 4, 8, 6, 3, 5, 12, 5, 3, 153, 0]"""
j20,1,reactive,600,True,64,0.0980072021484375,0.3103446960449219,"[0, 0, 0, 0, 9, 18, 18, 9, 27, 8, 18, 27, 14, 8, 40, 49, 27, 34, 35, 59, 40, 0, 64]","[0, 9, 6, 2, 6, 4, 2, 7, 11, 3, 3, 7, 4, 4, 8, 6, 3, 5, 12, 5, 3, 153, 0]"
j20,1,stnu,600,True,27,0.8785786628723145,0.0205533504486084,"[0, 0, 0, 0, 7, 9, 9, 11, 10, 7, 9, 12, 9, 6, 18, 20, 12, 14, 14, 24, 18, 0, 27]","""[0, 7, 6, 2, 1, 1, 2, 7, 8, 2, 3, 2, 1, 1, 2, 3, 1, 1, 3, 3, 6, 153, 0]"""
j20,1,proactive_robust,600,True,67,0.0918130874633789,0.0005791187286376953,"[0, 0, 0, 0, 9, 18, 18, 9, 27, 8, 18, 27, 14, 8, 40, 49, 27, 34, 35, 59, 40, 0, 153]","""[0, 9, 3, 3, 5, 7, 2, 4, 7, 6, 2, 7, 7, 3, 8, 8, 6, 3, 6, 6, 6, 153, 0]"""
j20,1,reactive,600,True,65,0.0918130874633789,0.36104488372802734,"[0, 0, 0, 0, 9, 18, 18, 9, 27, 8, 18, 27, 14, 8, 40, 49, 27, 34, 35, 59, 40, 0, 65]","[0, 9, 3, 3, 5, 7, 2, 4, 7, 6, 2, 7, 7, 3, 8, 8, 6, 3, 6, 6, 6, 153, 0]"
j20,1,stnu,600,True,53,0.8698105812072754,0.020078659057617188,"[0, 0, 0, 0, 9, 14, 14, 9, 21, 3, 14, 21, 9, 3, 31, 39, 21, 28, 28, 47, 31, 0, 53]","""[0, 9, 3, 3, 5, 7, 2, 4, 7, 6, 2, 7, 7, 3, 8, 8, 6, 3, 6, 6, 6, 153, 0]"""
j20,1,proactive_robust,600,True,67,0.08968210220336914,0.0005795955657958984,"[0, 0, 0, 0, 9, 18, 18, 9, 27, 8, 18, 27, 14, 8, 40, 49, 27, 34, 35, 59, 40, 0, 153]","""[0, 9, 5, 2, 8, 5, 1, 9, 8, 6, 2, 6, 8, 2, 5, 7, 7, 3, 9, 6, 4, 153, 0]"""
j20,1,reactive,600,True,65,0.08968210220336914,0.34832286834716797,"[0, 0, 0, 0, 9, 18, 18, 9, 27, 8, 18, 27, 14, 8, 40, 49, 27, 34, 35, 59, 40, 0, 65]","[0, 9, 5, 2, 8, 5, 1, 9, 8, 6, 2, 6, 8, 2, 5, 7, 7, 3, 9, 6, 4, 153, 0]"
j20,1,stnu,600,True,52,0.9827883243560791,0.020217180252075195,"[0, 0, 0, 0, 9, 18, 18, 9, 23, 5, 17, 23, 11, 5, 32, 39, 23, 29, 30, 46, 32, 0, 52]","""[0, 9, 5, 2, 8, 5, 1, 9, 8, 6, 2, 6, 8, 2, 5, 7, 7, 3, 9, 6, 4, 153, 0]"""
j20,1,proactive_robust,600,True,53,0.0980386734008789,0.0011057853698730469,"[0, 0, 0, 0, 3, 27, 2, 8, 11, 2, 18, 18, 11, 18, 18, 37, 37, 28, 21, 32, 47, 0, 0, 0, 0, 0, 146]","""[0, 1, 2, 10, 8, 9, 4, 5, 5, 6, 7, 1, 7, 6, 7, 4, 8, 1, 6, 11, 5, 55, 146, 146, 58, 46, 0]"""
j20,1,reactive,600,True,52,0.0980386734008789,0.34956860542297363,"[0, 0, 0, 0, 3, 27, 2, 8, 11, 2, 18, 18, 11, 18, 18, 37, 37, 28, 21, 32, 47, 0, 0, 0, 0, 0, 52]","[0, 1, 2, 10, 8, 9, 4, 5, 5, 6, 7, 1, 7, 6, 7, 4, 8, 1, 6, 11, 5, 55, 146, 146, 58, 46, 0]"
j20,1,stnu,600,True,46,0.9523746967315674,0.02789616584777832,"[0, 0, 0, 0, 1, 24, 2, 8, 10, 2, 17, 17, 10, 17, 17, 33, 33, 24, 18, 25, 41, 0, 0, 0, 0, 0, 46]","""[0, 1, 2, 10, 8, 9, 4, 5, 5, 6, 7, 1, 7, 6, 7, 4, 8, 1, 6, 11, 5, 55, 146, 146, 58, 46, 0]"""
j20,1,proactive_robust,600,True,53,0.0962824821472168,0.0010561943054199219,"[0, 0, 0, 0, 3, 27, 2, 8, 11, 2, 18, 18, 11, 18, 18, 37, 37, 28, 21, 32, 47, 0, 0, 0, 0, 0, 146]","""[0, 1, 1, 9, 4, 9, 4, 9, 6, 4, 5, 3, 2, 10, 7, 6, 8, 2, 3, 10, 4, 55, 146, 146, 58, 46, 0]"""
j20,1,reactive,600,True,51,0.0962824821472168,0.45406508445739746,"[0, 0, 0, 0, 3, 27, 2, 8, 11, 2, 18, 18, 11, 18, 18, 37, 37, 28, 21, 32, 47, 0, 0, 0, 0, 0, 51]","[0, 1, 1, 9, 4, 9, 4, 9, 6, 4, 5, 3, 2, 10, 7, 6, 8, 2, 3, 10, 4, 55, 146, 146, 58, 46, 0]"
j20,1,stnu,600,True,42,0.9325592517852783,0.027916908264160156,"[0, 0, 0, 0, 1, 21, 1, 5, 9, 1, 15, 15, 9, 15, 15, 30, 30, 25, 18, 27, 38, 0, 0, 0, 0, 0, 42]","""[0, 1, 1, 9, 4, 9, 4, 9, 6, 4, 5, 3, 2, 10, 7, 6, 8, 2, 3, 10, 4, 55, 146, 146, 58, 46, 0]"""
j20,1,proactive_robust,600,True,53,0.0904090404510498,0.0010573863983154297,"[0, 0, 0, 0, 3, 27, 2, 8, 11, 2, 18, 18, 11, 18, 18, 37, 37, 28, 21, 32, 47, 0, 0, 0, 0, 0, 146]","""[0, 3, 1, 8, 8, 10, 8, 5, 5, 2, 6, 2, 5, 10, 7, 8, 6, 3, 3, 6, 4, 55, 146, 146, 58, 46, 0]"""
j20,1,reactive,600,True,51,0.0904090404510498,0.3886728286743164,"[0, 0, 0, 0, 3, 27, 2, 8, 11, 2, 18, 18, 11, 18, 18, 37, 37, 28, 21, 32, 47, 0, 0, 0, 0, 0, 51]","[0, 3, 1, 8, 8, 10, 8, 5, 5, 2, 6, 2, 5, 10, 7, 8, 6, 3, 3, 6, 4, 55, 146, 146, 58, 46, 0]"
j20,1,stnu,600,True,44,0.9093255996704102,0.027858734130859375,"[0, 0, 0, 0, 3, 22, 1, 3, 11, 1, 16, 16, 11, 16, 16, 32, 32, 26, 18, 29, 40, 0, 0, 0, 0, 0, 44]","""[0, 3, 1, 8, 8, 10, 8, 5, 5, 2, 6, 2, 5, 10, 7, 8, 6, 3, 3, 6, 4, 55, 146, 146, 58, 46, 0]"""
j20,1,proactive_robust,600,True,53,0.09845995903015137,0.001085042953491211,"[0, 0, 0, 0, 3, 27, 2, 8, 11, 2, 18, 18, 11, 18, 18, 37, 37, 28, 21, 32, 47, 0, 0, 0, 0, 0, 146]","""[0, 1, 1, 8, 3, 7, 9, 10, 2, 5, 6, 2, 2, 8, 9, 7, 10, 4, 2, 7, 4, 55, 146, 146, 58, 46, 0]"""
j20,1,reactive,600,True,51,0.09845995903015137,0.43538641929626465,"[0, 0, 0, 0, 3, 27, 2, 8, 11, 2, 18, 18, 11, 18, 18, 37, 37, 28, 21, 32, 47, 0, 0, 0, 0, 0, 51]","[0, 1, 1, 8, 3, 7, 9, 10, 2, 5, 6, 2, 2, 8, 9, 7, 10, 4, 2, 7, 4, 55, 146, 146, 58, 46, 0]"
j20,1,stnu,600,True,43,1.035506010055542,0.027925968170166016,"[0, 0, 0, 0, 1, 22, 1, 6, 10, 1, 16, 16, 10, 16, 16, 29, 29, 25, 18, 29, 39, 0, 0, 0, 0, 0, 43]","""[0, 1, 1, 8, 3, 7, 9, 10, 2, 5, 6, 2, 2, 8, 9, 7, 10, 4, 2, 7, 4, 55, 146, 146, 58, 46, 0]"""
j20,1,proactive_robust,600,True,53,0.09002017974853516,0.001062631607055664,"[0, 0, 0, 0, 3, 27, 2, 8, 11, 2, 18, 18, 11, 18, 18, 37, 37, 28, 21, 32, 47, 0, 0, 0, 0, 0, 146]","""[0, 2, 2, 5, 8, 7, 5, 6, 4, 5, 6, 3, 5, 8, 10, 9, 10, 3, 6, 11, 2, 55, 146, 146, 58, 46, 0]"""
j20,1,reactive,600,True,49,0.09002017974853516,0.34688830375671387,"[0, 0, 0, 0, 3, 27, 2, 8, 11, 2, 18, 18, 11, 18, 18, 37, 37, 28, 21, 32, 47, 0, 0, 0, 0, 0, 49]","[0, 2, 2, 5, 8, 7, 5, 6, 4, 5, 6, 3, 5, 8, 10, 9, 10, 3, 6, 11, 2, 55, 146, 146, 58, 46, 0]"
j20,1,stnu,600,True,43,1.035573959350586,0.027881622314453125,"[0, 0, 0, 0, 2, 24, 2, 7, 10, 2, 15, 15, 10, 15, 15, 31, 31, 25, 18, 28, 41, 0, 0, 0, 0, 0, 43]","""[0, 2, 2, 5, 8, 7, 5, 6, 4, 5, 6, 3, 5, 8, 10, 9, 10, 3, 6, 11, 2, 55, 146, 146, 58, 46, 0]"""
j20,1,proactive_robust,600,True,53,0.09827280044555664,0.001088857650756836,"[0, 0, 0, 0, 3, 27, 2, 8, 11, 2, 18, 18, 11, 18, 18, 37, 37, 28, 21, 32, 47, 0, 0, 0, 0, 0, 146]","""[0, 1, 1, 10, 8, 5, 5, 6, 5, 2, 7, 2, 7, 5, 8, 6, 9, 4, 5, 12, 3, 55, 146, 146, 58, 46, 0]"""
j20,1,reactive,600,True,50,0.09827280044555664,0.4048769474029541,"[0, 0, 0, 0, 3, 27, 2, 8, 11, 2, 18, 18, 11, 18, 18, 37, 37, 28, 21, 32, 47, 0, 0, 0, 0, 0, 50]","[0, 1, 1, 10, 8, 5, 5, 6, 5, 2, 7, 2, 7, 5, 8, 6, 9, 4, 5, 12, 3, 55, 146, 146, 58, 46, 0]"
j20,1,stnu,600,True,44,1.0467805862426758,0.027920961380004883,"[0, 0, 0, 0, 1, 24, 1, 3, 10, 1, 17, 17, 10, 17, 17, 29, 29, 25, 19, 29, 41, 0, 0, 0, 0, 0, 44]","""[0, 1, 1, 10, 8, 5, 5, 6, 5, 2, 7, 2, 7, 5, 8, 6, 9, 4, 5, 12, 3, 55, 146, 146, 58, 46, 0]"""
j20,1,proactive_robust,600,True,53,0.09022974967956543,0.0010387897491455078,"[0, 0, 0, 0, 3, 27, 2, 8, 11, 2, 18, 18, 11, 18, 18, 37, 37, 28, 21, 32, 47, 0, 0, 0, 0, 0, 146]","""[0, 3, 1, 7, 3, 7, 4, 6, 2, 2, 8, 1, 6, 5, 7, 4, 7, 4, 6, 6, 6, 55, 146, 146, 58, 46, 0]"""
j20,1,reactive,600,True,50,0.09022974967956543,0.5621089935302734,"[0, 0, 0, 0, 3, 27, 2, 8, 11, 2, 18, 18, 11, 18, 18, 37, 37, 28, 21, 32, 44, 0, 0, 0, 0, 0, 50]","[0, 3, 1, 7, 3, 7, 4, 6, 2, 2, 8, 1, 6, 5, 7, 4, 7, 4, 6, 6, 6, 55, 146, 146, 58, 46, 0]"
j20,1,stnu,600,True,41,0.9136471748352051,0.027873516082763672,"[0, 0, 0, 0, 3, 21, 1, 3, 7, 1, 13, 13, 7, 13, 13, 28, 28, 21, 14, 25, 35, 0, 0, 0, 0, 0, 41]","""[0, 3, 1, 7, 3, 7, 4, 6, 2, 2, 8, 1, 6, 5, 7, 4, 7, 4, 6, 6, 6, 55, 146, 146, 58, 46, 0]"""
j20,1,proactive_robust,600,True,53,0.09591197967529297,0.0010378360748291016,"[0, 0, 0, 0, 3, 27, 2, 8, 11, 2, 18, 18, 11, 18, 18, 37, 37, 28, 21, 32, 47, 0, 0, 0, 0, 0, 146]","""[0, 3, 1, 10, 4, 7, 4, 6, 6, 6, 4, 1, 2, 7, 9, 7, 9, 3, 2, 6, 4, 55, 146, 146, 58, 46, 0]"""
j20,1,reactive,600,True,51,0.09591197967529297,0.41510891914367676,"[0, 0, 0, 0, 3, 27, 2, 8, 11, 2, 18, 18, 11, 18, 18, 37, 37, 28, 21, 32, 47, 0, 0, 0, 0, 0, 51]","[0, 3, 1, 10, 4, 7, 4, 6, 6, 6, 4, 1, 2, 7, 9, 7, 9, 3, 2, 6, 4, 55, 146, 146, 58, 46, 0]"
j20,1,stnu,600,True,41,1.2775933742523193,0.028002023696899414,"[0, 0, 0, 0, 3, 20, 1, 7, 10, 1, 16, 16, 10, 16, 16, 28, 28, 25, 17, 28, 37, 0, 0, 0, 0, 0, 41]","""[0, 3, 1, 10, 4, 7, 4, 6, 6, 6, 4, 1, 2, 7, 9, 7, 9, 3, 2, 6, 4, 55, 146, 146, 58, 46, 0]"""
j20,1,proactive_robust,600,True,53,0.09991765022277832,0.0010514259338378906,"[0, 0, 0, 0, 3, 27, 2, 8, 11, 2, 18, 18, 11, 18, 18, 37, 37, 28, 21, 32, 47, 0, 0, 0, 0, 0, 146]","""[0, 3, 2, 6, 5, 5, 8, 5, 4, 6, 4, 3, 2, 6, 5, 6, 6, 4, 5, 9, 6, 55, 146, 146, 58, 46, 0]"""
j20,1,reactive,600,True,49,0.09991765022277832,0.39036130905151367,"[0, 0, 0, 0, 3, 27, 2, 8, 11, 2, 18, 18, 11, 18, 18, 37, 37, 28, 21, 32, 43, 0, 0, 0, 0, 0, 49]","[0, 3, 2, 6, 5, 5, 8, 5, 4, 6, 4, 3, 2, 6, 5, 6, 6, 4, 5, 9, 6, 55, 146, 146, 58, 46, 0]"
j20,1,stnu,600,True,41,0.9107918739318848,0.027983427047729492,"[0, 0, 0, 0, 3, 22, 2, 8, 10, 2, 14, 14, 10, 14, 14, 27, 27, 22, 17, 26, 35, 0, 0, 0, 0, 0, 41]","""[0, 3, 2, 6, 5, 5, 8, 5, 4, 6, 4, 3, 2, 6, 5, 6, 6, 4, 5, 9, 6, 55, 146, 146, 58, 46, 0]"""
j20,1,proactive_robust,600,True,53,0.09191775321960449,0.0010519027709960938,"[0, 0, 0, 0, 3, 27, 2, 8, 11, 2, 18, 18, 11, 18, 18, 37, 37, 28, 21, 32, 47, 0, 0, 0, 0, 0, 146]","""[0, 3, 2, 5, 4, 10, 6, 7, 7, 2, 4, 1, 4, 6, 5, 6, 10, 4, 2, 9, 3, 55, 146, 146, 58, 46, 0]"""
j20,1,reactive,600,True,50,0.09191775321960449,0.3564579486846924,"[0, 0, 0, 0, 3, 27, 2, 8, 11, 2, 18, 18, 11, 18, 18, 37, 37, 28, 21, 32, 47, 0, 0, 0, 0, 0, 50]","[0, 3, 2, 5, 4, 10, 6, 7, 7, 2, 4, 1, 4, 6, 5, 6, 10, 4, 2, 9, 3, 55, 146, 146, 58, 46, 0]"
j20,1,stnu,600,True,42,0.9162476062774658,0.028082847595214844,"[0, 0, 0, 0, 3, 19, 2, 4, 8, 2, 15, 15, 8, 15, 15, 29, 29, 21, 16, 25, 39, 0, 0, 0, 0, 0, 42]","""[0, 3, 2, 5, 4, 10, 6, 7, 7, 2, 4, 1, 4, 6, 5, 6, 10, 4, 2, 9, 3, 55, 146, 146, 58, 46, 0]"""
j20,1,proactive_robust,600,True,46,0.09351372718811035,0.0009951591491699219,"[0, 0, 0, 0, 10, 18, 10, 9, 27, 31, 27, 20, 18, 18, 31, 18, 22, 27, 43, 36, 38, 0, 0, 0, 0, 144]","""[0, 8, 6, 9, 5, 9, 5, 7, 1, 6, 4, 3, 8, 1, 8, 2, 3, 4, 1, 5, 2, 76, 94, 114, 144, 0]"""
j20,1,reactive,600,True,41,0.09351372718811035,0.43753671646118164,"[0, 0, 0, 0, 10, 18, 10, 9, 27, 31, 27, 20, 18, 18, 31, 18, 22, 27, 39, 36, 38, 0, 0, 0, 0, 41]","[0, 8, 6, 9, 5, 9, 5, 7, 1, 6, 4, 3, 8, 1, 8, 2, 3, 4, 1, 5, 2, 76, 94, 114, 144, 0]"
j20,1,stnu,600,True,33,0.9373557567596436,0.024609804153442383,"[0, 0, 0, 0, 9, 14, 9, 6, 23, 24, 23, 15, 14, 14, 24, 14, 16, 23, 32, 27, 30, 0, 0, 0, 0, 33]","""[0, 8, 6, 9, 5, 9, 5, 7, 1, 6, 4, 3, 8, 1, 8, 2, 3, 4, 1, 5, 2, 76, 94, 114, 144, 0]"""
j20,1,proactive_robust,600,True,46,0.09756231307983398,0.0010170936584472656,"[0, 0, 0, 0, 10, 18, 10, 9, 27, 31, 27, 20, 18, 18, 31, 18, 22, 27, 43, 36, 38, 0, 0, 0, 0, 144]","""[0, 5, 8, 7, 8, 8, 3, 5, 4, 4, 7, 2, 4, 1, 11, 1, 3, 4, 2, 5, 2, 76, 94, 114, 144, 0]"""
j20,1,reactive,600,True,45,0.09756231307983398,0.42165493965148926,"[0, 0, 0, 0, 10, 18, 10, 9, 27, 31, 27, 20, 18, 18, 31, 18, 22, 27, 43, 36, 38, 0, 0, 0, 0, 45]","[0, 5, 8, 7, 8, 8, 3, 5, 4, 4, 7, 2, 4, 1, 11, 1, 3, 4, 2, 5, 2, 76, 94, 114, 144, 0]"
j20,1,stnu,600,True,41,0.9995510578155518,0.024664640426635742,"[0, 0, 0, 0, 8, 16, 8, 8, 24, 28, 24, 17, 16, 16, 28, 16, 17, 24, 39, 31, 32, 0, 0, 0, 0, 41]","""[0, 5, 8, 7, 8, 8, 3, 5, 4, 4, 7, 2, 4, 1, 11, 1, 3, 4, 2, 5, 2, 76, 94, 114, 144, 0]"""
j20,1,proactive_robust,600,True,46,0.09770655632019043,0.0010173320770263672,"[0, 0, 0, 0, 10, 18, 10, 9, 27, 31, 27, 20, 18, 18, 31, 18, 22, 27, 43, 36, 38, 0, 0, 0, 0, 144]","""[0, 10, 7, 7, 8, 7, 3, 5, 3, 3, 3, 4, 6, 2, 10, 3, 5, 7, 3, 4, 3, 76, 94, 114, 144, 0]"""
j20,1,reactive,600,True,44,0.09770655632019043,0.31040096282958984,"[0, 0, 0, 0, 10, 18, 10, 9, 27, 31, 27, 20, 18, 18, 31, 18, 22, 27, 41, 36, 38, 0, 0, 0, 0, 44]","[0, 10, 7, 7, 8, 7, 3, 5, 3, 3, 3, 4, 6, 2, 10, 3, 5, 7, 3, 4, 3, 76, 94, 114, 144, 0]"
j20,1,stnu,600,True,41,0.885582447052002,0.0245511531829834,"[0, 0, 0, 0, 10, 18, 10, 7, 25, 28, 25, 20, 18, 18, 28, 18, 21, 25, 38, 32, 32, 0, 0, 0, 0, 41]","""[0, 10, 7, 7, 8, 7, 3, 5, 3, 3, 3, 4, 6, 2, 10, 3, 5, 7, 3, 4, 3, 76, 94, 114, 144, 0]"""
j20,1,proactive_robust,600,True,46,0.09009957313537598,0.0010259151458740234,"[0, 0, 0, 0, 10, 18, 10, 9, 27, 31, 27, 20, 18, 18, 31, 18, 22, 27, 43, 36, 38, 0, 0, 0, 0, 144]","""[0, 8, 5, 5, 8, 9, 3, 8, 2, 5, 6, 2, 6, 2, 11, 4, 5, 5, 3, 3, 3, 76, 94, 114, 144, 0]"""
j20,1,reactive,600,True,45,0.09009957313537598,0.31597089767456055,"[0, 0, 0, 0, 10, 18, 10, 9, 27, 31, 27, 20, 18, 18, 31, 18, 22, 27, 42, 36, 38, 0, 0, 0, 0, 45]","[0, 8, 5, 5, 8, 9, 3, 8, 2, 5, 6, 2, 6, 2, 11, 4, 5, 5, 3, 3, 3, 76, 94, 114, 144, 0]"
j20,1,stnu,600,True,41,1.0213782787322998,0.024601459503173828,"[0, 0, 0, 0, 8, 16, 8, 5, 25, 27, 25, 18, 16, 16, 27, 16, 20, 25, 38, 31, 32, 0, 0, 0, 0, 41]","""[0, 8, 5, 5, 8, 9, 3, 8, 2, 5, 6, 2, 6, 2, 11, 4, 5, 5, 3, 3, 3, 76, 94, 114, 144, 0]"""
j20,1,proactive_robust,600,True,46,0.09014511108398438,0.0010225772857666016,"[0, 0, 0, 0, 10, 18, 10, 9, 27, 31, 27, 20, 18, 18, 31, 18, 22, 27, 43, 36, 38, 0, 0, 0, 0, 144]","""[0, 10, 6, 10, 7, 5, 6, 4, 2, 3, 7, 3, 9, 2, 6, 4, 5, 5, 2, 5, 3, 76, 94, 114, 144, 0]"""
j20,1,reactive,600,True,41,0.09014511108398438,0.2816908359527588,"[0, 0, 0, 0, 10, 18, 10, 9, 27, 31, 27, 20, 18, 18, 31, 18, 22, 27, 37, 36, 38, 0, 0, 0, 0, 41]","[0, 10, 6, 10, 7, 5, 6, 4, 2, 3, 7, 3, 9, 2, 6, 4, 5, 5, 2, 5, 3, 76, 94, 114, 144, 0]"
j20,1,stnu,600,True,38,1.0108928680419922,0.0243990421295166,"[0, 0, 0, 0, 10, 17, 10, 6, 26, 28, 26, 19, 17, 17, 28, 17, 21, 26, 34, 33, 31, 0, 0, 0, 0, 38]","""[0, 10, 6, 10, 7, 5, 6, 4, 2, 3, 7, 3, 9, 2, 6, 4, 5, 5, 2, 5, 3, 76, 94, 114, 144, 0]"""
j20,1,proactive_robust,600,True,46,0.08982443809509277,0.0009872913360595703,"[0, 0, 0, 0, 10, 18, 10, 9, 27, 31, 27, 20, 18, 18, 31, 18, 22, 27, 43, 36, 38, 0, 0, 0, 0, 144]","""[0, 6, 7, 5, 8, 4, 4, 7, 1, 5, 8, 1, 8, 2, 7, 3, 2, 8, 1, 2, 3, 76, 94, 114, 144, 0]"""
j20,1,reactive,600,True,41,0.08982443809509277,0.3940610885620117,"[0, 0, 0, 0, 10, 18, 10, 9, 27, 31, 27, 20, 18, 18, 31, 18, 22, 27, 38, 36, 38, 0, 0, 0, 0, 41]","[0, 6, 7, 5, 8, 4, 4, 7, 1, 5, 8, 1, 8, 2, 7, 3, 2, 8, 1, 2, 3, 76, 94, 114, 144, 0]"
j20,1,stnu,600,True,35,1.0607705116271973,0.025014638900756836,"[0, 0, 0, 0, 7, 15, 7, 7, 23, 24, 23, 17, 15, 15, 24, 15, 18, 23, 34, 31, 31, 0, 0, 0, 0, 35]","""[0, 6, 7, 5, 8, 4, 4, 7, 1, 5, 8, 1, 8, 2, 7, 3, 2, 8, 1, 2, 3, 76, 94, 114, 144, 0]"""
j20,1,proactive_robust,600,True,46,0.0913245677947998,0.001020193099975586,"[0, 0, 0, 0, 10, 18, 10, 9, 27, 31, 27, 20, 18, 18, 31, 18, 22, 27, 43, 36, 38, 0, 0, 0, 0, 144]","""[0, 7, 8, 8, 3, 9, 3, 6, 2, 7, 3, 3, 4, 2, 9, 1, 4, 8, 1, 4, 1, 76, 94, 114, 144, 0]"""
j20,1,reactive,600,True,41,0.0913245677947998,0.40474987030029297,"[0, 0, 0, 0, 10, 18, 10, 9, 27, 31, 27, 20, 18, 18, 31, 18, 22, 27, 40, 36, 38, 0, 0, 0, 0, 41]","[0, 7, 8, 8, 3, 9, 3, 6, 2, 7, 3, 3, 4, 2, 9, 1, 4, 8, 1, 4, 1, 76, 94, 114, 144, 0]"
j20,1,stnu,600,True,35,1.0077505111694336,0.024530410766601562,"[0, 0, 0, 0, 8, 14, 8, 8, 23, 25, 23, 16, 14, 14, 25, 14, 16, 23, 34, 31, 32, 0, 0, 0, 0, 35]","""[0, 7, 8, 8, 3, 9, 3, 6, 2, 7, 3, 3, 4, 2, 9, 1, 4, 8, 1, 4, 1, 76, 94, 114, 144, 0]"""
j20,1,proactive_robust,600,True,46,0.09107518196105957,0.0010485649108886719,"[0, 0, 0, 0, 10, 18, 10, 9, 27, 31, 27, 20, 18, 18, 31, 18, 22, 27, 43, 36, 38, 0, 0, 0, 0, 144]","""[0, 10, 7, 10, 3, 8, 4, 8, 2, 7, 5, 3, 5, 1, 10, 4, 7, 9, 3, 5, 3, 76, 94, 114, 144, 0]"""
j20,1,reactive,600,True,44,0.09107518196105957,0.41013479232788086,"[0, 0, 0, 0, 10, 18, 10, 9, 27, 31, 27, 20, 18, 18, 31, 18, 22, 27, 41, 36, 38, 0, 0, 0, 0, 44]","[0, 10, 7, 10, 3, 8, 4, 8, 2, 7, 5, 3, 5, 1, 10, 4, 7, 9, 3, 5, 3, 76, 94, 114, 144, 0]"
j20,1,stnu,600,True,39,0.929915189743042,0.024510860443115234,"[0, 0, 0, 0, 10, 15, 10, 7, 23, 26, 23, 16, 15, 15, 26, 15, 19, 23, 36, 32, 33, 0, 0, 0, 0, 39]","""[0, 10, 7, 10, 3, 8, 4, 8, 2, 7, 5, 3, 5, 1, 10, 4, 7, 9, 3, 5, 3, 76, 94, 114, 144, 0]"""
j20,1,proactive_robust,600,True,46,0.0907447338104248,0.0010404586791992188,"[0, 0, 0, 0, 10, 18, 10, 9, 27, 31, 27, 20, 18, 18, 31, 18, 22, 27, 43, 36, 38, 0, 0, 0, 0, 144]","""[0, 6, 7, 9, 6, 7, 6, 6, 3, 3, 8, 3, 5, 1, 8, 4, 3, 8, 3, 5, 3, 76, 94, 114, 144, 0]"""
j20,1,reactive,600,True,42,0.0907447338104248,0.4846153259277344,"[0, 0, 0, 0, 10, 18, 10, 9, 27, 31, 27, 20, 18, 18, 31, 18, 22, 27, 39, 36, 38, 0, 0, 0, 0, 42]","[0, 6, 7, 9, 6, 7, 6, 6, 3, 3, 8, 3, 5, 1, 8, 4, 3, 8, 3, 5, 3, 76, 94, 114, 144, 0]"
j20,1,stnu,600,True,36,0.8921759128570557,0.024355411529541016,"[0, 0, 0, 0, 9, 15, 9, 7, 22, 25, 22, 16, 15, 15, 25, 15, 19, 22, 33, 30, 30, 0, 0, 0, 0, 36]","""[0, 6, 7, 9, 6, 7, 6, 6, 3, 3, 8, 3, 5, 1, 8, 4, 3, 8, 3, 5, 3, 76, 94, 114, 144, 0]"""
j20,1,proactive_robust,600,True,46,0.09883761405944824,0.0010008811950683594,"[0, 0, 0, 0, 10, 18, 10, 9, 27, 31, 27, 20, 18, 18, 31, 18, 22, 27, 43, 36, 38, 0, 0, 0, 0, 144]","""[0, 8, 7, 6, 7, 7, 2, 4, 3, 6, 5, 3, 4, 1, 10, 3, 6, 6, 1, 5, 1, 76, 94, 114, 144, 0]"""
j20,1,reactive,600,True,42,0.09883761405944824,0.4698328971862793,"[0, 0, 0, 0, 10, 18, 10, 9, 27, 31, 27, 20, 18, 18, 31, 18, 22, 27, 41, 36, 38, 0, 0, 0, 0, 42]","[0, 8, 7, 6, 7, 7, 2, 4, 3, 6, 5, 3, 4, 1, 10, 3, 6, 6, 1, 5, 1, 76, 94, 114, 144, 0]"
j20,1,stnu,600,True,36,0.8896393775939941,0.02468729019165039,"[0, 0, 0, 0, 8, 15, 8, 7, 22, 25, 22, 16, 15, 15, 25, 15, 18, 22, 35, 28, 31, 0, 0, 0, 0, 36]","""[0, 8, 7, 6, 7, 7, 2, 4, 3, 6, 5, 3, 4, 1, 10, 3, 6, 6, 1, 5, 1, 76, 94, 114, 144, 0]"""
j20,1,proactive_robust,600,True,45,0.09198856353759766,0.0017690658569335938,"[0, 0, 0, 0, 3, 9, 18, 8, 8, 12, 3, 16, 12, 9, 17, 12, 25, 27, 33, 29, 25, 0, 0, 0, 0, 0, 0, 0, 0, 0, 0, 136]","""[0, 3, 7, 8, 6, 5, 9, 8, 1, 2, 5, 5, 8, 6, 4, 6, 1, 6, 11, 7, 12, 58, 136, 103, 120, 35, 56, 111, 79, 81, 131, 0]"""
j20,1,reactive,600,True,44,0.09198856353759766,0.24146413803100586,"[0, 0, 0, 0, 3, 9, 18, 8, 8, 12, 3, 16, 12, 9, 17, 12, 25, 27, 33, 29, 25, 0, 0, 0, 0, 0, 0, 0, 0, 0, 0, 44]","[0, 3, 7, 8, 6, 5, 9, 8, 1, 2, 5, 5, 8, 6, 4, 6, 1, 6, 11, 7, 12, 58, 136, 103, 120, 35, 56, 111, 79, 81, 131, 0]"
j20,1,stnu,600,True,42,0.9102475643157959,0.033072471618652344,"[0, 0, 0, 0, 3, 7, 16, 8, 8, 9, 3, 13, 9, 7, 16, 9, 18, 25, 31, 19, 18, 0, 0, 0, 0, 0, 0, 0, 0, 0, 0, 42]","""[0, 3, 7, 8, 6, 5, 9, 8, 1, 2, 5, 5, 8, 6, 4, 6, 1, 6, 11, 7, 12, 58, 136, 103, 120, 35, 56, 111, 79, 81, 131, 0]"""
j20,1,proactive_robust,600,True,45,0.0871739387512207,0.0017638206481933594,"[0, 0, 0, 0, 3, 9, 18, 8, 8, 12, 3, 16, 12, 9, 17, 12, 25, 27, 33, 29, 25, 0, 0, 0, 0, 0, 0, 0, 0, 0, 0, 136]","""[0, 3, 7, 5, 5, 6, 5, 8, 4, 4, 7, 6, 10, 2, 6, 4, 2, 4, 8, 7, 6, 58, 136, 103, 120, 35, 56, 111, 79, 81, 131, 0]"""
j20,1,reactive,600,True,41,0.0871739387512207,0.30153894424438477,"[0, 0, 0, 0, 3, 9, 18, 8, 8, 12, 3, 16, 12, 9, 17, 12, 25, 27, 33, 29, 25, 0, 0, 0, 0, 0, 0, 0, 0, 0, 0, 41]","[0, 3, 7, 5, 5, 6, 5, 8, 4, 4, 7, 6, 10, 2, 6, 4, 2, 4, 8, 7, 6, 58, 136, 103, 120, 35, 56, 111, 79, 81, 131, 0]"
j20,1,stnu,600,True,32,0.9044163227081299,0.03294253349304199,"[0, 0, 0, 0, 3, 7, 14, 5, 5, 9, 3, 13, 10, 7, 13, 10, 20, 20, 24, 22, 20, 0, 0, 0, 0, 0, 0, 0, 0, 0, 0, 32]","""[0, 3, 7, 5, 5, 6, 5, 8, 4, 4, 7, 6, 10, 2, 6, 4, 2, 4, 8, 7, 6, 58, 136, 103, 120, 35, 56, 111, 79, 81, 131, 0]"""
j20,1,proactive_robust,600,True,45,0.08669352531433105,0.0018219947814941406,"[0, 0, 0, 0, 3, 9, 18, 8, 8, 12, 3, 16, 12, 9, 17, 12, 25, 27, 33, 29, 25, 0, 0, 0, 0, 0, 0, 0, 0, 0, 0, 136]","""[0, 2, 9, 7, 9, 7, 5, 9, 4, 2, 9, 3, 12, 3, 5, 5, 1, 3, 6, 6, 9, 58, 136, 103, 120, 35, 56, 111, 79, 81, 131, 0]"""
j20,1,reactive,600,True,39,0.08669352531433105,0.24937033653259277,"[0, 0, 0, 0, 3, 9, 18, 8, 8, 12, 3, 16, 12, 9, 17, 12, 25, 27, 33, 29, 25, 0, 0, 0, 0, 0, 0, 0, 0, 0, 0, 39]","[0, 2, 9, 7, 9, 7, 5, 9, 4, 2, 9, 3, 12, 3, 5, 5, 1, 3, 6, 6, 9, 58, 136, 103, 120, 35, 56, 111, 79, 81, 131, 0]"
j20,1,stnu,600,True,32,0.9070854187011719,0.03258967399597168,"[0, 0, 0, 0, 2, 9, 16, 7, 7, 11, 2, 13, 11, 9, 16, 11, 23, 23, 26, 24, 23, 0, 0, 0, 0, 0, 0, 0, 0, 0, 0, 32]","""[0, 2, 9, 7, 9, 7, 5, 9, 4, 2, 9, 3, 12, 3, 5, 5, 1, 3, 6, 6, 9, 58, 136, 103, 120, 35, 56, 111, 79, 81, 131, 0]"""
j20,1,proactive_robust,600,True,45,0.08685779571533203,0.0017554759979248047,"[0, 0, 0, 0, 3, 9, 18, 8, 8, 12, 3, 16, 12, 9, 17, 12, 25, 27, 33, 29, 25, 0, 0, 0, 0, 0, 0, 0, 0, 0, 0, 136]","""[0, 2, 4, 8, 8, 9, 6, 5, 4, 4, 5, 7, 9, 4, 2, 6, 1, 3, 9, 8, 7, 58, 136, 103, 120, 35, 56, 111, 79, 81, 131, 0]"""
j20,1,reactive,600,True,42,0.08685779571533203,0.26896095275878906,"[0, 0, 0, 0, 3, 9, 18, 8, 8, 12, 3, 16, 12, 9, 17, 12, 25, 27, 33, 29, 25, 0, 0, 0, 0, 0, 0, 0, 0, 0, 0, 42]","[0, 2, 4, 8, 8, 9, 6, 5, 4, 4, 5, 7, 9, 4, 2, 6, 1, 3, 9, 8, 7, 58, 136, 103, 120, 35, 56, 111, 79, 81, 131, 0]"
j20,1,stnu,600,True,36,1.0288071632385254,0.032917022705078125,"[0, 0, 0, 0, 2, 4, 18, 8, 8, 12, 2, 16, 12, 4, 16, 12, 23, 24, 27, 24, 23, 0, 0, 0, 0, 0, 0, 0, 0, 0, 0, 36]","""[0, 2, 4, 8, 8, 9, 6, 5, 4, 4, 5, 7, 9, 4, 2, 6, 1, 3, 9, 8, 7, 58, 136, 103, 120, 35, 56, 111, 79, 81, 131, 0]"""
j20,1,proactive_robust,600,True,45,0.0897669792175293,0.00182342529296875,"[0, 0, 0, 0, 3, 9, 18, 8, 8, 12, 3, 16, 12, 9, 17, 12, 25, 27, 33, 29, 25, 0, 0, 0, 0, 0, 0, 0, 0, 0, 0, 136]","""[0, 3, 4, 4, 8, 7, 9, 6, 1, 2, 5, 7, 9, 3, 2, 3, 1, 4, 10, 5, 6, 58, 136, 103, 120, 35, 56, 111, 79, 81, 131, 0]"""
j20,1,reactive,600,True,43,0.0897669792175293,0.34735822677612305,"[0, 0, 0, 0, 3, 9, 18, 8, 8, 12, 3, 16, 12, 9, 17, 12, 25, 27, 33, 29, 25, 0, 0, 0, 0, 0, 0, 0, 0, 0, 0, 43]","[0, 3, 4, 4, 8, 7, 9, 6, 1, 2, 5, 7, 9, 3, 2, 3, 1, 4, 10, 5, 6, 58, 136, 103, 120, 35, 56, 111, 79, 81, 131, 0]"
j20,1,stnu,600,True,37,0.9966123104095459,0.03291726112365723,"[0, 0, 0, 0, 3, 4, 14, 4, 4, 11, 3, 13, 8, 4, 13, 11, 20, 23, 27, 21, 20, 0, 0, 0, 0, 0, 0, 0, 0, 0, 0, 37]","""[0, 3, 4, 4, 8, 7, 9, 6, 1, 2, 5, 7, 9, 3, 2, 3, 1, 4, 10, 5, 6, 58, 136, 103, 120, 35, 56, 111, 79, 81, 131, 0]"""
j20,1,proactive_robust,600,True,45,0.09000396728515625,0.0018186569213867188,"[0, 0, 0, 0, 3, 9, 18, 8, 8, 12, 3, 16, 12, 9, 17, 12, 25, 27, 33, 29, 25, 0, 0, 0, 0, 0, 0, 0, 0, 0, 0, 136]","""[0, 2, 9, 4, 5, 4, 5, 5, 1, 2, 6, 3, 10, 4, 3, 6, 2, 4, 8, 5, 8, 58, 136, 103, 120, 35, 56, 111, 79, 81, 131, 0]"""
j20,1,reactive,600,True,41,0.09000396728515625,0.3396189212799072,"[0, 0, 0, 0, 3, 9, 18, 8, 8, 12, 3, 16, 12, 9, 17, 12, 25, 27, 33, 29, 25, 0, 0, 0, 0, 0, 0, 0, 0, 0, 0, 41]","[0, 2, 9, 4, 5, 4, 5, 5, 1, 2, 6, 3, 10, 4, 3, 6, 2, 4, 8, 5, 8, 58, 136, 103, 120, 35, 56, 111, 79, 81, 131, 0]"
j20,1,stnu,600,True,31,0.9980885982513428,0.03286266326904297,"[0, 0, 0, 0, 2, 9, 14, 4, 4, 7, 2, 13, 9, 9, 13, 8, 19, 19, 23, 21, 19, 0, 0, 0, 0, 0, 0, 0, 0, 0, 0, 31]","""[0, 2, 9, 4, 5, 4, 5, 5, 1, 2, 6, 3, 10, 4, 3, 6, 2, 4, 8, 5, 8, 58, 136, 103, 120, 35, 56, 111, 79, 81, 131, 0]"""
j20,1,proactive_robust,600,True,45,0.09530520439147949,0.001768350601196289,"[0, 0, 0, 0, 3, 9, 18, 8, 8, 12, 3, 16, 12, 9, 17, 12, 25, 27, 33, 29, 25, 0, 0, 0, 0, 0, 0, 0, 0, 0, 0, 136]","""[0, 3, 5, 3, 9, 5, 9, 5, 2, 1, 9, 3, 9, 4, 2, 4, 1, 5, 10, 9, 6, 58, 136, 103, 120, 35, 56, 111, 79, 81, 131, 0]"""
j20,1,reactive,600,True,43,0.09530520439147949,0.28747987747192383,"[0, 0, 0, 0, 3, 9, 18, 8, 8, 12, 3, 16, 12, 9, 17, 12, 25, 27, 33, 29, 25, 0, 0, 0, 0, 0, 0, 0, 0, 0, 0, 43]","[0, 3, 5, 3, 9, 5, 9, 5, 2, 1, 9, 3, 9, 4, 2, 4, 1, 5, 10, 9, 6, 58, 136, 103, 120, 35, 56, 111, 79, 81, 131, 0]"
j20,1,stnu,600,True,40,1.0539121627807617,0.032923221588134766,"[0, 0, 0, 0, 3, 5, 16, 3, 3, 12, 3, 13, 12, 5, 13, 12, 21, 25, 30, 22, 21, 0, 0, 0, 0, 0, 0, 0, 0, 0, 0, 40]","""[0, 3, 5, 3, 9, 5, 9, 5, 2, 1, 9, 3, 9, 4, 2, 4, 1, 5, 10, 9, 6, 58, 136, 103, 120, 35, 56, 111, 79, 81, 131, 0]"""
j20,1,proactive_robust,600,True,45,0.09028792381286621,0.0018074512481689453,"[0, 0, 0, 0, 3, 9, 18, 8, 8, 12, 3, 16, 12, 9, 17, 12, 25, 27, 33, 29, 25, 0, 0, 0, 0, 0, 0, 0, 0, 0, 0, 136]","""[0, 1, 7, 3, 8, 4, 5, 8, 4, 3, 6, 4, 12, 3, 2, 4, 1, 3, 6, 9, 10, 58, 136, 103, 120, 35, 56, 111, 79, 81, 131, 0]"""
j20,1,reactive,600,True,39,0.09028792381286621,0.3233613967895508,"[0, 0, 0, 0, 3, 9, 18, 8, 8, 12, 3, 16, 12, 9, 17, 12, 25, 27, 33, 29, 25, 0, 0, 0, 0, 0, 0, 0, 0, 0, 0, 39]","[0, 1, 7, 3, 8, 4, 5, 8, 4, 3, 6, 4, 12, 3, 2, 4, 1, 3, 6, 9, 10, 58, 136, 103, 120, 35, 56, 111, 79, 81, 131, 0]"
j20,1,stnu,600,True,29,1.0024919509887695,0.03276228904724121,"[0, 0, 0, 0, 1, 7, 13, 3, 3, 9, 1, 12, 7, 7, 12, 9, 19, 19, 22, 20, 19, 0, 0, 0, 0, 0, 0, 0, 0, 0, 0, 29]","""[0, 1, 7, 3, 8, 4, 5, 8, 4, 3, 6, 4, 12, 3, 2, 4, 1, 3, 6, 9, 10, 58, 136, 103, 120, 35, 56, 111, 79, 81, 131, 0]"""
j20,1,proactive_robust,600,True,45,0.08782362937927246,0.0018184185028076172,"[0, 0, 0, 0, 3, 9, 18, 8, 8, 12, 3, 16, 12, 9, 17, 12, 25, 27, 33, 29, 25, 0, 0, 0, 0, 0, 0, 0, 0, 0, 0, 136]","""[0, 1, 5, 3, 8, 5, 4, 7, 2, 4, 6, 3, 13, 4, 6, 5, 4, 3, 11, 5, 8, 58, 136, 103, 120, 35, 56, 111, 79, 81, 131, 0]"""
j20,1,reactive,600,True,44,0.08782362937927246,0.46312522888183594,"[0, 0, 0, 0, 3, 9, 18, 8, 8, 12, 3, 16, 12, 9, 17, 12, 25, 27, 33, 29, 25, 0, 0, 0, 0, 0, 0, 0, 0, 0, 0, 44]","[0, 1, 5, 3, 8, 5, 4, 7, 2, 4, 6, 3, 13, 4, 6, 5, 4, 3, 11, 5, 8, 58, 136, 103, 120, 35, 56, 111, 79, 81, 131, 0]"
j20,1,stnu,600,True,34,0.8957200050354004,0.03267812728881836,"[0, 0, 0, 0, 1, 5, 14, 3, 3, 9, 1, 13, 7, 5, 13, 9, 20, 20, 23, 24, 20, 0, 0, 0, 0, 0, 0, 0, 0, 0, 0, 34]","""[0, 1, 5, 3, 8, 5, 4, 7, 2, 4, 6, 3, 13, 4, 6, 5, 4, 3, 11, 5, 8, 58, 136, 103, 120, 35, 56, 111, 79, 81, 131, 0]"""
j20,1,proactive_robust,600,True,45,0.08944964408874512,0.0017609596252441406,"[0, 0, 0, 0, 3, 9, 18, 8, 8, 12, 3, 16, 12, 9, 17, 12, 25, 27, 33, 29, 25, 0, 0, 0, 0, 0, 0, 0, 0, 0, 0, 136]","""[0, 3, 7, 7, 6, 8, 6, 9, 3, 3, 9, 6, 8, 4, 4, 2, 4, 2, 6, 6, 9, 58, 136, 103, 120, 35, 56, 111, 79, 81, 131, 0]"""
j20,1,reactive,600,True,39,0.08944964408874512,0.3689854145050049,"[0, 0, 0, 0, 3, 9, 18, 8, 8, 12, 3, 16, 12, 9, 17, 12, 25, 27, 33, 29, 25, 0, 0, 0, 0, 0, 0, 0, 0, 0, 0, 39]","[0, 3, 7, 7, 6, 8, 6, 9, 3, 3, 9, 6, 8, 4, 4, 2, 4, 2, 6, 6, 9, 58, 136, 103, 120, 35, 56, 111, 79, 81, 131, 0]"
j20,1,stnu,600,True,30,0.8873059749603271,0.03282308578491211,"[0, 0, 0, 0, 3, 7, 16, 7, 7, 10, 3, 13, 12, 7, 16, 12, 20, 22, 24, 24, 20, 0, 0, 0, 0, 0, 0, 0, 0, 0, 0, 30]","""[0, 3, 7, 7, 6, 8, 6, 9, 3, 3, 9, 6, 8, 4, 4, 2, 4, 2, 6, 6, 9, 58, 136, 103, 120, 35, 56, 111, 79, 81, 131, 0]"""
j20,1,proactive_robust,600,True,44,0.09458374977111816,0.001787424087524414,"[0, 0, 0, 0, 4, 11, 17, 9, 11, 13, 4, 17, 13, 19, 22, 23, 17, 35, 35, 19, 42, 0, 0, 0, 0, 0, 0, 0, 0, 0, 0, 0, 0, 154]","""[0, 9, 1, 5, 7, 4, 3, 2, 6, 3, 7, 2, 2, 2, 11, 9, 6, 5, 4, 3, 2, 82, 105, 135, 33, 50, 18, 146, 80, 65, 42, 154, 22, 0]"""
j20,1,reactive,600,True,42,0.09458374977111816,0.3017566204071045,"[0, 0, 0, 0, 4, 11, 17, 9, 11, 13, 4, 17, 13, 19, 22, 23, 17, 35, 35, 19, 40, 0, 0, 0, 0, 0, 0, 0, 0, 0, 0, 0, 0, 42]","[0, 9, 1, 5, 7, 4, 3, 2, 6, 3, 7, 2, 2, 2, 11, 9, 6, 5, 4, 3, 2, 82, 105, 135, 33, 50, 18, 146, 80, 65, 42, 154, 22, 0]"
j20,1,stnu,600,True,36,0.954742431640625,0.039026737213134766,"[0, 0, 0, 0, 1, 9, 14, 9, 8, 11, 1, 14, 11, 16, 19, 18, 14, 27, 30, 16, 34, 0, 0, 0, 0, 0, 0, 0, 0, 0, 0, 0, 0, 36]","""[0, 9, 1, 5, 7, 4, 3, 2, 6, 3, 7, 2, 2, 2, 11, 9, 6, 5, 4, 3, 2, 82, 105, 135, 33, 50, 18, 146, 80, 65, 42, 154, 22, 0]"""
j20,1,proactive_robust,600,True,44,0.09521007537841797,0.0018298625946044922,"[0, 0, 0, 0, 4, 11, 17, 9, 11, 13, 4, 17, 13, 19, 22, 23, 17, 35, 35, 19, 42, 0, 0, 0, 0, 0, 0, 0, 0, 0, 0, 0, 0, 154]","""[0, 6, 4, 7, 2, 1, 4, 1, 5, 2, 5, 2, 5, 3, 8, 9, 2, 2, 5, 1, 1, 82, 105, 135, 33, 50, 18, 146, 80, 65, 42, 154, 22, 0]"""
j20,1,reactive,600,True,40,0.09521007537841797,0.3952598571777344,"[0, 0, 0, 0, 4, 11, 17, 9, 11, 13, 4, 17, 13, 19, 22, 23, 17, 35, 35, 19, 37, 0, 0, 0, 0, 0, 0, 0, 0, 0, 0, 0, 0, 40]","[0, 6, 4, 7, 2, 1, 4, 1, 5, 2, 5, 2, 5, 3, 8, 9, 2, 2, 5, 1, 1, 82, 105, 135, 33, 50, 18, 146, 80, 65, 42, 154, 22, 0]"
j20,1,stnu,600,True,31,0.9178919792175293,0.03901839256286621,"[0, 0, 0, 0, 4, 7, 9, 6, 6, 7, 4, 11, 7, 13, 16, 16, 11, 25, 25, 13, 30, 0, 0, 0, 0, 0, 0, 0, 0, 0, 0, 0, 0, 31]","""[0, 6, 4, 7, 2, 1, 4, 1, 5, 2, 5, 2, 5, 3, 8, 9, 2, 2, 5, 1, 1, 82, 105, 135, 33, 50, 18, 146, 80, 65, 42, 154, 22, 0]"""
j20,1,proactive_robust,600,True,44,0.09771299362182617,0.0017783641815185547,"[0, 0, 0, 0, 4, 11, 17, 9, 11, 13, 4, 17, 13, 19, 22, 23, 17, 35, 35, 19, 42, 0, 0, 0, 0, 0, 0, 0, 0, 0, 0, 0, 0, 154]","""[0, 5, 1, 7, 6, 3, 3, 4, 6, 4, 6, 1, 3, 2, 8, 10, 7, 7, 6, 2, 1, 82, 105, 135, 33, 50, 18, 146, 80, 65, 42, 154, 22, 0]"""
j20,1,reactive,600,True,43,0.09771299362182617,0.30899643898010254,"[0, 0, 0, 0, 4, 11, 17, 9, 11, 13, 4, 17, 13, 19, 22, 23, 17, 35, 35, 19, 42, 0, 0, 0, 0, 0, 0, 0, 0, 0, 0, 0, 0, 43]","[0, 5, 1, 7, 6, 3, 3, 4, 6, 4, 6, 1, 3, 2, 8, 10, 7, 7, 6, 2, 1, 82, 105, 135, 33, 50, 18, 146, 80, 65, 42, 154, 22, 0]"
j20,1,stnu,600,True,34,1.0388307571411133,0.03902482986450195,"[0, 0, 0, 0, 1, 7, 13, 5, 7, 9, 1, 13, 9, 14, 16, 16, 13, 26, 26, 14, 33, 0, 0, 0, 0, 0, 0, 0, 0, 0, 0, 0, 0, 34]","""[0, 5, 1, 7, 6, 3, 3, 4, 6, 4, 6, 1, 3, 2, 8, 10, 7, 7, 6, 2, 1, 82, 105, 135, 33, 50, 18, 146, 80, 65, 42, 154, 22, 0]"""
j20,1,proactive_robust,600,True,44,0.09236979484558105,0.001842498779296875,"[0, 0, 0, 0, 4, 11, 17, 9, 11, 13, 4, 17, 13, 19, 22, 23, 17, 35, 35, 19, 42, 0, 0, 0, 0, 0, 0, 0, 0, 0, 0, 0, 0, 154]","""[0, 7, 2, 8, 3, 4, 5, 1, 3, 1, 8, 1, 5, 2, 10, 8, 3, 6, 5, 1, 1, 82, 105, 135, 33, 50, 18, 146, 80, 65, 42, 154, 22, 0]"""
j20,1,reactive,600,True,42,0.09236979484558105,0.4077439308166504,"[0, 0, 0, 0, 4, 11, 17, 9, 11, 13, 4, 17, 13, 19, 22, 23, 17, 35, 35, 19, 41, 0, 0, 0, 0, 0, 0, 0, 0, 0, 0, 0, 0, 42]","[0, 7, 2, 8, 3, 4, 5, 1, 3, 1, 8, 1, 5, 2, 10, 8, 3, 6, 5, 1, 1, 82, 105, 135, 33, 50, 18, 146, 80, 65, 42, 154, 22, 0]"
j20,1,stnu,600,True,32,1.0109827518463135,0.03864717483520508,"[0, 0, 0, 0, 2, 8, 12, 7, 5, 8, 2, 12, 8, 13, 15, 17, 12, 25, 25, 13, 31, 0, 0, 0, 0, 0, 0, 0, 0, 0, 0, 0, 0, 32]","""[0, 7, 2, 8, 3, 4, 5, 1, 3, 1, 8, 1, 5, 2, 10, 8, 3, 6, 5, 1, 1, 82, 105, 135, 33, 50, 18, 146, 80, 65, 42, 154, 22, 0]"""
j20,1,proactive_robust,600,True,44,0.22612357139587402,0.001768350601196289,"[0, 0, 0, 0, 4, 11, 17, 9, 11, 13, 4, 17, 13, 19, 22, 23, 17, 35, 35, 19, 42, 0, 0, 0, 0, 0, 0, 0, 0, 0, 0, 0, 0, 154]","""[0, 9, 2, 6, 3, 1, 3, 1, 2, 3, 7, 1, 6, 3, 12, 8, 6, 3, 3, 1, 2, 82, 105, 135, 33, 50, 18, 146, 80, 65, 42, 154, 22, 0]"""
j20,1,reactive,600,True,40,0.22612357139587402,0.3470802307128906,"[0, 0, 0, 0, 4, 11, 17, 9, 11, 13, 4, 17, 13, 19, 22, 23, 17, 35, 35, 19, 38, 0, 0, 0, 0, 0, 0, 0, 0, 0, 0, 0, 0, 40]","[0, 9, 2, 6, 3, 1, 3, 1, 2, 3, 7, 1, 6, 3, 12, 8, 6, 3, 3, 1, 2, 82, 105, 135, 33, 50, 18, 146, 80, 65, 42, 154, 22, 0]"
j20,1,stnu,600,True,36,0.9090940952301025,0.03886842727661133,"[0, 0, 0, 0, 2, 9, 13, 9, 5, 10, 2, 10, 10, 16, 19, 19, 13, 27, 31, 16, 34, 0, 0, 0, 0, 0, 0, 0, 0, 0, 0, 0, 0, 36]","""[0, 9, 2, 6, 3, 1, 3, 1, 2, 3, 7, 1, 6, 3, 12, 8, 6, 3, 3, 1, 2, 82, 105, 135, 33, 50, 18, 146, 80, 65, 42, 154, 22, 0]"""
j20,1,proactive_robust,600,True,44,0.09001684188842773,0.0018243789672851562,"[0, 0, 0, 0, 4, 11, 17, 9, 11, 13, 4, 17, 13, 19, 22, 23, 17, 35, 35, 19, 42, 0, 0, 0, 0, 0, 0, 0, 0, 0, 0, 0, 0, 154]","""[0, 7, 3, 10, 6, 2, 3, 1, 2, 3, 9, 2, 6, 2, 7, 9, 5, 3, 4, 1, 2, 82, 105, 135, 33, 50, 18, 146, 80, 65, 42, 154, 22, 0]"""
j20,1,reactive,600,True,40,0.09001684188842773,0.3632981777191162,"[0, 0, 0, 0, 4, 11, 17, 9, 11, 13, 4, 17, 13, 19, 22, 23, 17, 35, 35, 19, 38, 0, 0, 0, 0, 0, 0, 0, 0, 0, 0, 0, 0, 40]","[0, 7, 3, 10, 6, 2, 3, 1, 2, 3, 9, 2, 6, 2, 7, 9, 5, 3, 4, 1, 2, 82, 105, 135, 33, 50, 18, 146, 80, 65, 42, 154, 22, 0]"
j20,1,stnu,600,True,31,0.9000391960144043,0.0388486385345459,"[0, 0, 0, 0, 3, 10, 12, 7, 9, 9, 3, 12, 8, 14, 16, 16, 12, 25, 25, 14, 29, 0, 0, 0, 0, 0, 0, 0, 0, 0, 0, 0, 0, 31]","""[0, 7, 3, 10, 6, 2, 3, 1, 2, 3, 9, 2, 6, 2, 7, 9, 5, 3, 4, 1, 2, 82, 105, 135, 33, 50, 18, 146, 80, 65, 42, 154, 22, 0]"""
j20,1,proactive_robust,600,True,44,0.08971619606018066,0.0017902851104736328,"[0, 0, 0, 0, 4, 11, 17, 9, 11, 13, 4, 17, 13, 19, 22, 23, 17, 35, 35, 19, 42, 0, 0, 0, 0, 0, 0, 0, 0, 0, 0, 0, 0, 154]","""[0, 9, 1, 7, 2, 1, 3, 3, 4, 2, 6, 1, 6, 2, 10, 9, 3, 7, 3, 3, 1, 82, 105, 135, 33, 50, 18, 146, 80, 65, 42, 154, 22, 0]"""
j20,1,reactive,600,True,43,0.08971619606018066,0.35633039474487305,"[0, 0, 0, 0, 4, 11, 17, 9, 11, 13, 4, 17, 13, 19, 22, 23, 17, 35, 35, 19, 42, 0, 0, 0, 0, 0, 0, 0, 0, 0, 0, 0, 0, 43]","[0, 9, 1, 7, 2, 1, 3, 3, 4, 2, 6, 1, 6, 2, 10, 9, 3, 7, 3, 3, 1, 82, 105, 135, 33, 50, 18, 146, 80, 65, 42, 154, 22, 0]"
j20,1,stnu,600,True,37,0.9415028095245361,0.03920340538024902,"[0, 0, 0, 0, 1, 9, 14, 9, 3, 12, 1, 10, 12, 18, 21, 20, 14, 29, 31, 18, 36, 0, 0, 0, 0, 0, 0, 0, 0, 0, 0, 0, 0, 37]","""[0, 9, 1, 7, 2, 1, 3, 3, 4, 2, 6, 1, 6, 2, 10, 9, 3, 7, 3, 3, 1, 82, 105, 135, 33, 50, 18, 146, 80, 65, 42, 154, 22, 0]"""
j20,1,proactive_robust,600,True,44,0.09056806564331055,0.0017497539520263672,"[0, 0, 0, 0, 4, 11, 17, 9, 11, 13, 4, 17, 13, 19, 22, 23, 17, 35, 35, 19, 42, 0, 0, 0, 0, 0, 0, 0, 0, 0, 0, 0, 0, 154]","""[0, 5, 2, 8, 3, 1, 2, 4, 5, 3, 5, 1, 5, 2, 8, 9, 6, 5, 2, 1, 1, 82, 105, 135, 33, 50, 18, 146, 80, 65, 42, 154, 22, 0]"""
j20,1,reactive,600,True,41,0.09056806564331055,0.40764880180358887,"[0, 0, 0, 0, 4, 11, 17, 9, 11, 13, 4, 17, 13, 19, 22, 23, 17, 35, 35, 19, 40, 0, 0, 0, 0, 0, 0, 0, 0, 0, 0, 0, 0, 41]","[0, 5, 2, 8, 3, 1, 2, 4, 5, 3, 5, 1, 5, 2, 8, 9, 6, 5, 2, 1, 1, 82, 105, 135, 33, 50, 18, 146, 80, 65, 42, 154, 22, 0]"
j20,1,stnu,600,True,31,0.9034781455993652,0.03881669044494629,"[0, 0, 0, 0, 2, 8, 12, 5, 5, 9, 2, 10, 9, 14, 16, 16, 12, 25, 25, 14, 30, 0, 0, 0, 0, 0, 0, 0, 0, 0, 0, 0, 0, 31]","""[0, 5, 2, 8, 3, 1, 2, 4, 5, 3, 5, 1, 5, 2, 8, 9, 6, 5, 2, 1, 1, 82, 105, 135, 33, 50, 18, 146, 80, 65, 42, 154, 22, 0]"""
j20,1,proactive_robust,600,True,44,0.08541536331176758,0.0017442703247070312,"[0, 0, 0, 0, 4, 11, 17, 9, 11, 13, 4, 17, 13, 19, 22, 23, 17, 35, 35, 19, 42, 0, 0, 0, 0, 0, 0, 0, 0, 0, 0, 0, 0, 154]","""[0, 7, 4, 6, 2, 4, 4, 2, 2, 3, 5, 2, 4, 3, 9, 9, 7, 7, 5, 2, 2, 82, 105, 135, 33, 50, 18, 146, 80, 65, 42, 154, 22, 0]"""
j20,1,reactive,600,True,44,0.08541536331176758,0.30088138580322266,"[0, 0, 0, 0, 4, 11, 17, 9, 11, 13, 4, 17, 13, 19, 22, 23, 17, 35, 35, 19, 42, 0, 0, 0, 0, 0, 0, 0, 0, 0, 0, 0, 0, 44]","[0, 7, 4, 6, 2, 4, 4, 2, 2, 3, 5, 2, 4, 3, 9, 9, 7, 7, 5, 2, 2, 82, 105, 135, 33, 50, 18, 146, 80, 65, 42, 154, 22, 0]"
j20,1,stnu,600,True,34,0.9061694145202637,0.038779258728027344,"[0, 0, 0, 0, 4, 7, 12, 7, 6, 9, 4, 11, 9, 13, 16, 16, 12, 25, 25, 13, 32, 0, 0, 0, 0, 0, 0, 0, 0, 0, 0, 0, 0, 34]","""[0, 7, 4, 6, 2, 4, 4, 2, 2, 3, 5, 2, 4, 3, 9, 9, 7, 7, 5, 2, 2, 82, 105, 135, 33, 50, 18, 146, 80, 65, 42, 154, 22, 0]"""
j20,1,proactive_robust,600,True,44,0.09781789779663086,0.0018205642700195312,"[0, 0, 0, 0, 4, 11, 17, 9, 11, 13, 4, 17, 13, 19, 22, 23, 17, 35, 35, 19, 42, 0, 0, 0, 0, 0, 0, 0, 0, 0, 0, 0, 0, 154]","""[0, 4, 2, 5, 7, 4, 4, 1, 4, 2, 5, 2, 5, 3, 8, 9, 6, 5, 6, 1, 1, 82, 105, 135, 33, 50, 18, 146, 80, 65, 42, 154, 22, 0]"""
j20,1,reactive,600,True,41,0.09781789779663086,0.34043455123901367,"[0, 0, 0, 0, 4, 11, 17, 9, 11, 13, 4, 17, 13, 19, 22, 23, 17, 35, 35, 19, 40, 0, 0, 0, 0, 0, 0, 0, 0, 0, 0, 0, 0, 41]","[0, 4, 2, 5, 7, 4, 4, 1, 4, 2, 5, 2, 5, 3, 8, 9, 6, 5, 6, 1, 1, 82, 105, 135, 33, 50, 18, 146, 80, 65, 42, 154, 22, 0]"
j20,1,stnu,600,True,34,1.0281927585601807,0.03876304626464844,"[0, 0, 0, 0, 2, 9, 13, 4, 9, 9, 2, 13, 5, 15, 18, 18, 13, 27, 27, 15, 33, 0, 0, 0, 0, 0, 0, 0, 0, 0, 0, 0, 0, 34]","""[0, 4, 2, 5, 7, 4, 4, 1, 4, 2, 5, 2, 5, 3, 8, 9, 6, 5, 6, 1, 1, 82, 105, 135, 33, 50, 18, 146, 80, 65, 42, 154, 22, 0]"""
j20,1,proactive_robust,600,True,44,0.09529805183410645,0.0016088485717773438,"[0, 0, 0, 0, 4, 7, 11, 15, 8, 18, 4, 25, 11, 31, 11, 18, 13, 18, 33, 31, 27, 0, 0, 0, 0, 0, 0, 0, 0, 0, 0, 0, 0, 0, 0, 139]","""[0, 2, 2, 6, 4, 3, 2, 2, 2, 6, 3, 5, 2, 1, 2, 5, 8, 6, 2, 13, 3, 133, 74, 10, 60, 78, 19, 15, 9, 139, 136, 30, 27, 58, 31, 0]"""
j20,1,reactive,600,True,44,0.09529805183410645,0.3399388790130615,"[0, 0, 0, 0, 4, 7, 11, 15, 8, 18, 4, 25, 11, 31, 11, 18, 13, 18, 32, 31, 27, 0, 0, 0, 0, 0, 0, 0, 0, 0, 0, 0, 0, 0, 0, 44]","[0, 2, 2, 6, 4, 3, 2, 2, 2, 6, 3, 5, 2, 1, 2, 5, 8, 6, 2, 13, 3, 133, 74, 10, 60, 78, 19, 15, 9, 139, 136, 30, 27, 58, 31, 0]"
j20,1,stnu,600,True,37,0.9791879653930664,0.046442270278930664,"[0, 0, 0, 0, 2, 6, 9, 11, 6, 13, 2, 19, 9, 24, 9, 13, 11, 13, 25, 24, 19, 0, 0, 0, 0, 0, 0, 0, 0, 0, 0, 0, 0, 0, 0, 37]","""[0, 2, 2, 6, 4, 3, 2, 2, 2, 6, 3, 5, 2, 1, 2, 5, 8, 6, 2, 13, 3, 133, 74, 10, 60, 78, 19, 15, 9, 139, 136, 30, 27, 58, 31, 0]"""
j20,1,proactive_robust,600,True,44,0.08971071243286133,0.0016167163848876953,"[0, 0, 0, 0, 4, 7, 11, 15, 8, 18, 4, 25, 11, 31, 11, 18, 13, 18, 33, 31, 27, 0, 0, 0, 0, 0, 0, 0, 0, 0, 0, 0, 0, 0, 0, 139]","""[0, 2, 4, 2, 2, 2, 1, 1, 2, 7, 2, 4, 1, 1, 2, 6, 6, 6, 2, 6, 3, 133, 74, 10, 60, 78, 19, 15, 9, 139, 136, 30, 27, 58, 31, 0]"""
j20,1,reactive,600,True,37,0.08971071243286133,0.429811954498291,"[0, 0, 0, 0, 4, 7, 11, 15, 8, 18, 4, 25, 11, 31, 11, 18, 13, 18, 33, 31, 27, 0, 0, 0, 0, 0, 0, 0, 0, 0, 0, 0, 0, 0, 0, 37]","[0, 2, 4, 2, 2, 2, 1, 1, 2, 7, 2, 4, 1, 1, 2, 6, 6, 6, 2, 6, 3, 133, 74, 10, 60, 78, 19, 15, 9, 139, 136, 30, 27, 58, 31, 0]"
j20,1,stnu,600,True,27,1.1369800567626953,0.04673504829406738,"[0, 0, 0, 0, 4, 6, 8, 10, 6, 11, 4, 17, 8, 21, 8, 11, 10, 11, 22, 21, 18, 0, 0, 0, 0, 0, 0, 0, 0, 0, 0, 0, 0, 0, 0, 27]","""[0, 2, 4, 2, 2, 2, 1, 1, 2, 7, 2, 4, 1, 1, 2, 6, 6, 6, 2, 6, 3, 133, 74, 10, 60, 78, 19, 15, 9, 139, 136, 30, 27, 58, 31, 0]"""
j20,1,proactive_robust,600,True,44,0.09144902229309082,0.0015988349914550781,"[0, 0, 0, 0, 4, 7, 11, 15, 8, 18, 4, 25, 11, 31, 11, 18, 13, 18, 33, 31, 27, 0, 0, 0, 0, 0, 0, 0, 0, 0, 0, 0, 0, 0, 0, 139]","""[0, 2, 4, 6, 1, 4, 4, 1, 2, 6, 1, 3, 2, 1, 2, 7, 8, 5, 6, 7, 4, 133, 74, 10, 60, 78, 19, 15, 9, 139, 136, 30, 27, 58, 31, 0]"""
j20,1,reactive,600,True,39,0.09144902229309082,0.27286243438720703,"[0, 0, 0, 0, 4, 7, 11, 15, 8, 18, 4, 25, 11, 31, 11, 18, 13, 18, 33, 31, 27, 0, 0, 0, 0, 0, 0, 0, 0, 0, 0, 0, 0, 0, 0, 39]","[0, 2, 4, 6, 1, 4, 4, 1, 2, 6, 1, 3, 2, 1, 2, 7, 8, 5, 6, 7, 4, 133, 74, 10, 60, 78, 19, 15, 9, 139, 136, 30, 27, 58, 31, 0]"
j20,1,stnu,600,True,33,1.04949951171875,0.04679274559020996,"[0, 0, 0, 0, 4, 6, 10, 14, 5, 15, 4, 22, 10, 25, 10, 15, 12, 15, 26, 26, 22, 0, 0, 0, 0, 0, 0, 0, 0, 0, 0, 0, 0, 0, 0, 33]","""[0, 2, 4, 6, 1, 4, 4, 1, 2, 6, 1, 3, 2, 1, 2, 7, 8, 5, 6, 7, 4, 133, 74, 10, 60, 78, 19, 15, 9, 139, 136, 30, 27, 58, 31, 0]"""
j20,1,proactive_robust,600,True,44,0.09789109230041504,0.0016367435455322266,"[0, 0, 0, 0, 4, 7, 11, 15, 8, 18, 4, 25, 11, 31, 11, 18, 13, 18, 33, 31, 27, 0, 0, 0, 0, 0, 0, 0, 0, 0, 0, 0, 0, 0, 0, 139]","""[0, 1, 2, 2, 2, 3, 1, 3, 1, 4, 3, 2, 1, 2, 2, 7, 6, 9, 2, 7, 2, 133, 74, 10, 60, 78, 19, 15, 9, 139, 136, 30, 27, 58, 31, 0]"""
j20,1,reactive,600,True,38,0.09789109230041504,0.417773962020874,"[0, 0, 0, 0, 4, 7, 11, 15, 8, 18, 4, 25, 11, 31, 11, 18, 13, 18, 33, 31, 27, 0, 0, 0, 0, 0, 0, 0, 0, 0, 0, 0, 0, 0, 0, 38]","[0, 1, 2, 2, 2, 3, 1, 3, 1, 4, 3, 2, 1, 2, 2, 7, 6, 9, 2, 7, 2, 133, 74, 10, 60, 78, 19, 15, 9, 139, 136, 30, 27, 58, 31, 0]"
j20,1,stnu,600,True,31,1.0530281066894531,0.04676699638366699,"[0, 0, 0, 0, 2, 5, 8, 10, 5, 13, 2, 20, 8, 22, 8, 13, 10, 13, 24, 24, 22, 0, 0, 0, 0, 0, 0, 0, 0, 0, 0, 0, 0, 0, 0, 31]","""[0, 1, 2, 2, 2, 3, 1, 3, 1, 4, 3, 2, 1, 2, 2, 7, 6, 9, 2, 7, 2, 133, 74, 10, 60, 78, 19, 15, 9, 139, 136, 30, 27, 58, 31, 0]"""
j20,1,proactive_robust,600,True,44,0.0909719467163086,0.0016756057739257812,"[0, 0, 0, 0, 4, 7, 11, 15, 8, 18, 4, 25, 11, 31, 11, 18, 13, 18, 33, 31, 27, 0, 0, 0, 0, 0, 0, 0, 0, 0, 0, 0, 0, 0, 0, 139]","""[0, 1, 3, 5, 4, 4, 2, 1, 1, 6, 2, 5, 2, 1, 2, 2, 8, 8, 2, 10, 3, 133, 74, 10, 60, 78, 19, 15, 9, 139, 136, 30, 27, 58, 31, 0]"""
j20,1,reactive,600,True,41,0.0909719467163086,0.539740800857544,"[0, 0, 0, 0, 4, 7, 11, 15, 8, 18, 4, 25, 11, 31, 11, 18, 13, 18, 33, 31, 27, 0, 0, 0, 0, 0, 0, 0, 0, 0, 0, 0, 0, 0, 0, 41]","[0, 1, 3, 5, 4, 4, 2, 1, 1, 6, 2, 5, 2, 1, 2, 2, 8, 8, 2, 10, 3, 133, 74, 10, 60, 78, 19, 15, 9, 139, 136, 30, 27, 58, 31, 0]"
j20,1,stnu,600,True,34,0.943157434463501,0.04669332504272461,"[0, 0, 0, 0, 3, 5, 9, 11, 7, 12, 3, 19, 9, 24, 9, 12, 11, 12, 25, 24, 20, 0, 0, 0, 0, 0, 0, 0, 0, 0, 0, 0, 0, 0, 0, 34]","""[0, 1, 3, 5, 4, 4, 2, 1, 1, 6, 2, 5, 2, 1, 2, 2, 8, 8, 2, 10, 3, 133, 74, 10, 60, 78, 19, 15, 9, 139, 136, 30, 27, 58, 31, 0]"""
j20,1,proactive_robust,600,True,44,0.09250640869140625,0.0015981197357177734,"[0, 0, 0, 0, 4, 7, 11, 15, 8, 18, 4, 25, 11, 31, 11, 18, 13, 18, 33, 31, 27, 0, 0, 0, 0, 0, 0, 0, 0, 0, 0, 0, 0, 0, 0, 139]","""[0, 1, 1, 5, 2, 2, 2, 3, 1, 5, 2, 6, 1, 2, 2, 3, 7, 6, 3, 8, 3, 133, 74, 10, 60, 78, 19, 15, 9, 139, 136, 30, 27, 58, 31, 0]"""
j20,1,reactive,600,True,39,0.09250640869140625,0.4743680953979492,"[0, 0, 0, 0, 4, 7, 11, 15, 8, 18, 4, 25, 11, 31, 11, 18, 13, 18, 33, 31, 27, 0, 0, 0, 0, 0, 0, 0, 0, 0, 0, 0, 0, 0, 0, 39]","[0, 1, 1, 5, 2, 2, 2, 3, 1, 5, 2, 6, 1, 2, 2, 3, 7, 6, 3, 8, 3, 133, 74, 10, 60, 78, 19, 15, 9, 139, 136, 30, 27, 58, 31, 0]"
j20,1,stnu,600,True,30,0.9472672939300537,0.04672813415527344,"[0, 0, 0, 0, 1, 5, 7, 9, 3, 12, 1, 16, 7, 22, 7, 12, 9, 12, 24, 22, 18, 0, 0, 0, 0, 0, 0, 0, 0, 0, 0, 0, 0, 0, 0, 30]","""[0, 1, 1, 5, 2, 2, 2, 3, 1, 5, 2, 6, 1, 2, 2, 3, 7, 6, 3, 8, 3, 133, 74, 10, 60, 78, 19, 15, 9, 139, 136, 30, 27, 58, 31, 0]"""
j20,1,proactive_robust,600,True,44,0.09322786331176758,0.0016129016876220703,"[0, 0, 0, 0, 4, 7, 11, 15, 8, 18, 4, 25, 11, 31, 11, 18, 13, 18, 33, 31, 27, 0, 0, 0, 0, 0, 0, 0, 0, 0, 0, 0, 0, 0, 0, 139]","""[0, 1, 1, 4, 3, 1, 4, 3, 2, 5, 1, 6, 2, 1, 2, 2, 6, 9, 4, 11, 1, 133, 74, 10, 60, 78, 19, 15, 9, 139, 136, 30, 27, 58, 31, 0]"""
j20,1,reactive,600,True,42,0.09322786331176758,0.3787527084350586,"[0, 0, 0, 0, 4, 7, 11, 15, 8, 18, 4, 25, 11, 31, 11, 18, 13, 18, 33, 31, 27, 0, 0, 0, 0, 0, 0, 0, 0, 0, 0, 0, 0, 0, 0, 42]","[0, 1, 1, 4, 3, 1, 4, 3, 2, 5, 1, 6, 2, 1, 2, 2, 6, 9, 4, 11, 1, 133, 74, 10, 60, 78, 19, 15, 9, 139, 136, 30, 27, 58, 31, 0]"
j20,1,stnu,600,True,34,0.9450068473815918,0.0464472770690918,"[0, 0, 0, 0, 1, 4, 6, 10, 4, 13, 1, 15, 6, 21, 6, 13, 8, 13, 23, 23, 22, 0, 0, 0, 0, 0, 0, 0, 0, 0, 0, 0, 0, 0, 0, 34]","""[0, 1, 1, 4, 3, 1, 4, 3, 2, 5, 1, 6, 2, 1, 2, 2, 6, 9, 4, 11, 1, 133, 74, 10, 60, 78, 19, 15, 9, 139, 136, 30, 27, 58, 31, 0]"""
j20,1,proactive_robust,600,True,44,0.0906982421875,0.001619100570678711,"[0, 0, 0, 0, 4, 7, 11, 15, 8, 18, 4, 25, 11, 31, 11, 18, 13, 18, 33, 31, 27, 0, 0, 0, 0, 0, 0, 0, 0, 0, 0, 0, 0, 0, 0, 139]","""[0, 2, 4, 6, 1, 4, 1, 3, 1, 3, 2, 3, 1, 1, 2, 7, 5, 5, 3, 11, 3, 133, 74, 10, 60, 78, 19, 15, 9, 139, 136, 30, 27, 58, 31, 0]"""
j20,1,reactive,600,True,42,0.0906982421875,0.3712782859802246,"[0, 0, 0, 0, 4, 7, 11, 15, 8, 18, 4, 25, 11, 31, 11, 18, 13, 18, 33, 31, 27, 0, 0, 0, 0, 0, 0, 0, 0, 0, 0, 0, 0, 0, 0, 42]","[0, 2, 4, 6, 1, 4, 1, 3, 1, 3, 2, 3, 1, 1, 2, 7, 5, 5, 3, 11, 3, 133, 74, 10, 60, 78, 19, 15, 9, 139, 136, 30, 27, 58, 31, 0]"
j20,1,stnu,600,True,36,0.9560494422912598,0.04691267013549805,"[0, 0, 0, 0, 4, 6, 10, 12, 6, 15, 4, 22, 10, 25, 10, 15, 12, 15, 26, 25, 22, 0, 0, 0, 0, 0, 0, 0, 0, 0, 0, 0, 0, 0, 0, 36]","""[0, 2, 4, 6, 1, 4, 1, 3, 1, 3, 2, 3, 1, 1, 2, 7, 5, 5, 3, 11, 3, 133, 74, 10, 60, 78, 19, 15, 9, 139, 136, 30, 27, 58, 31, 0]"""
j20,1,proactive_robust,600,True,44,0.0948183536529541,0.0015993118286132812,"[0, 0, 0, 0, 4, 7, 11, 15, 8, 18, 4, 25, 11, 31, 11, 18, 13, 18, 33, 31, 27, 0, 0, 0, 0, 0, 0, 0, 0, 0, 0, 0, 0, 0, 0, 139]","""[0, 2, 4, 3, 4, 4, 3, 1, 1, 6, 1, 4, 2, 2, 1, 2, 5, 8, 2, 8, 2, 133, 74, 10, 60, 78, 19, 15, 9, 139, 136, 30, 27, 58, 31, 0]"""
j20,1,reactive,600,True,39,0.0948183536529541,0.3802008628845215,"[0, 0, 0, 0, 4, 7, 11, 15, 8, 18, 4, 25, 11, 31, 11, 18, 13, 18, 33, 31, 27, 0, 0, 0, 0, 0, 0, 0, 0, 0, 0, 0, 0, 0, 0, 39]","[0, 2, 4, 3, 4, 4, 3, 1, 1, 6, 1, 4, 2, 2, 1, 2, 5, 8, 2, 8, 2, 133, 74, 10, 60, 78, 19, 15, 9, 139, 136, 30, 27, 58, 31, 0]"
j20,1,stnu,600,True,31,0.9447782039642334,0.04679250717163086,"[0, 0, 0, 0, 4, 5, 9, 12, 8, 13, 4, 16, 9, 20, 9, 13, 11, 13, 23, 23, 21, 0, 0, 0, 0, 0, 0, 0, 0, 0, 0, 0, 0, 0, 0, 31]","""[0, 2, 4, 3, 4, 4, 3, 1, 1, 6, 1, 4, 2, 2, 1, 2, 5, 8, 2, 8, 2, 133, 74, 10, 60, 78, 19, 15, 9, 139, 136, 30, 27, 58, 31, 0]"""
j20,1,proactive_robust,600,True,44,0.08846592903137207,0.0016121864318847656,"[0, 0, 0, 0, 4, 7, 11, 15, 8, 18, 4, 25, 11, 31, 11, 18, 13, 18, 33, 31, 27, 0, 0, 0, 0, 0, 0, 0, 0, 0, 0, 0, 0, 0, 0, 139]","""[0, 1, 4, 6, 2, 1, 3, 3, 1, 8, 3, 4, 2, 2, 2, 5, 9, 6, 4, 13, 2, 133, 74, 10, 60, 78, 19, 15, 9, 139, 136, 30, 27, 58, 31, 0]"""
j20,1,reactive,600,True,44,0.08846592903137207,0.32556748390197754,"[0, 0, 0, 0, 4, 7, 11, 15, 8, 18, 4, 25, 11, 31, 11, 18, 13, 18, 33, 31, 27, 0, 0, 0, 0, 0, 0, 0, 0, 0, 0, 0, 0, 0, 0, 44]","[0, 1, 4, 6, 2, 1, 3, 3, 1, 8, 3, 4, 2, 2, 2, 5, 9, 6, 4, 13, 2, 133, 74, 10, 60, 78, 19, 15, 9, 139, 136, 30, 27, 58, 31, 0]"
j20,1,stnu,600,True,37,1.0692558288574219,0.04670214653015137,"[0, 0, 0, 0, 4, 7, 8, 11, 7, 14, 4, 19, 8, 23, 8, 14, 10, 14, 25, 24, 22, 0, 0, 0, 0, 0, 0, 0, 0, 0, 0, 0, 0, 0, 0, 37]","""[0, 1, 4, 6, 2, 1, 3, 3, 1, 8, 3, 4, 2, 2, 2, 5, 9, 6, 4, 13, 2, 133, 74, 10, 60, 78, 19, 15, 9, 139, 136, 30, 27, 58, 31, 0]"""
j20,1,proactive_robust,600,True,60,0.0947103500366211,0.0011823177337646484,"[0, 0, 0, 0, 7, 7, 10, 16, 18, 10, 24, 26, 26, 26, 7, 32, 32, 40, 48, 40, 36, 0, 0, 0, 0, 160]","""[0, 9, 5, 4, 1, 6, 4, 8, 5, 5, 10, 2, 3, 9, 6, 4, 7, 7, 11, 6, 7, 136, 150, 160, 70, 0]"""
j20,1,reactive,600,True,59,0.0947103500366211,0.41903114318847656,"[0, 0, 0, 0, 7, 7, 10, 16, 18, 10, 24, 26, 26, 26, 7, 32, 32, 40, 48, 40, 36, 0, 0, 0, 0, 59]","[0, 9, 5, 4, 1, 6, 4, 8, 5, 5, 10, 2, 3, 9, 6, 4, 7, 7, 11, 6, 7, 136, 150, 160, 70, 0]"
j20,1,stnu,600,True,50,0.8885796070098877,0.024718761444091797,"[0, 0, 0, 0, 5, 5, 9, 14, 13, 9, 18, 22, 22, 22, 5, 25, 25, 32, 39, 32, 28, 0, 0, 0, 0, 50]","""[0, 9, 5, 4, 1, 6, 4, 8, 5, 5, 10, 2, 3, 9, 6, 4, 7, 7, 11, 6, 7, 136, 150, 160, 70, 0]"""
j20,1,proactive_robust,600,True,60,0.0970768928527832,0.001169443130493164,"[0, 0, 0, 0, 7, 7, 10, 16, 18, 10, 24, 26, 26, 26, 7, 32, 32, 40, 48, 40, 36, 0, 0, 0, 0, 160]","""[0, 10, 4, 6, 1, 8, 5, 7, 2, 2, 11, 5, 4, 5, 5, 4, 3, 8, 9, 2, 7, 136, 150, 160, 70, 0]"""
j20,1,reactive,600,True,57,0.0970768928527832,0.37909436225891113,"[0, 0, 0, 0, 7, 7, 10, 16, 18, 10, 24, 26, 26, 26, 7, 32, 32, 40, 48, 40, 36, 0, 0, 0, 0, 57]","[0, 10, 4, 6, 1, 8, 5, 7, 2, 2, 11, 5, 4, 5, 5, 4, 3, 8, 9, 2, 7, 136, 150, 160, 70, 0]"
j20,1,stnu,600,True,47,1.0005261898040771,0.024974584579467773,"[0, 0, 0, 0, 6, 6, 10, 14, 15, 10, 17, 21, 21, 21, 6, 26, 26, 30, 38, 30, 28, 0, 0, 0, 0, 47]","""[0, 10, 4, 6, 1, 8, 5, 7, 2, 2, 11, 5, 4, 5, 5, 4, 3, 8, 9, 2, 7, 136, 150, 160, 70, 0]"""
j20,1,proactive_robust,600,True,60,0.09764599800109863,0.0011687278747558594,"[0, 0, 0, 0, 7, 7, 10, 16, 18, 10, 24, 26, 26, 26, 7, 32, 32, 40, 48, 40, 36, 0, 0, 0, 0, 160]","""[0, 5, 5, 6, 2, 8, 4, 10, 2, 6, 7, 3, 5, 6, 8, 3, 4, 7, 8, 2, 6, 136, 150, 160, 70, 0]"""
j20,1,reactive,600,True,56,0.09764599800109863,0.3415210247039795,"[0, 0, 0, 0, 7, 7, 10, 16, 18, 10, 24, 26, 26, 26, 7, 32, 32, 40, 48, 40, 36, 0, 0, 0, 0, 56]","[0, 5, 5, 6, 2, 8, 4, 10, 2, 6, 7, 3, 5, 6, 8, 3, 4, 7, 8, 2, 6, 136, 150, 160, 70, 0]"
j20,1,stnu,600,True,48,1.048246145248413,0.02444934844970703,"[0, 0, 0, 0, 6, 6, 8, 14, 14, 8, 16, 24, 24, 24, 6, 29, 29, 33, 40, 33, 29, 0, 0, 0, 0, 48]","""[0, 5, 5, 6, 2, 8, 4, 10, 2, 6, 7, 3, 5, 6, 8, 3, 4, 7, 8, 2, 6, 136, 150, 160, 70, 0]"""
j20,1,proactive_robust,600,True,60,0.08991122245788574,0.0011794567108154297,"[0, 0, 0, 0, 7, 7, 10, 16, 18, 10, 24, 26, 26, 26, 7, 32, 32, 40, 48, 40, 36, 0, 0, 0, 0, 160]","""[0, 10, 4, 3, 2, 7, 4, 5, 6, 5, 10, 4, 5, 7, 5, 8, 3, 5, 6, 2, 8, 136, 150, 160, 70, 0]"""
j20,1,reactive,600,True,54,0.08991122245788574,0.5292196273803711,"[0, 0, 0, 0, 7, 7, 10, 16, 18, 10, 24, 26, 26, 26, 7, 32, 32, 40, 48, 40, 36, 0, 0, 0, 0, 54]","[0, 10, 4, 3, 2, 7, 4, 5, 6, 5, 10, 4, 5, 7, 5, 8, 3, 5, 6, 2, 8, 136, 150, 160, 70, 0]"
j20,1,stnu,600,True,44,0.8764512538909912,0.024940013885498047,"[0, 0, 0, 0, 4, 4, 10, 15, 14, 10, 20, 20, 20, 20, 4, 25, 25, 33, 38, 33, 30, 0, 0, 0, 0, 44]","""[0, 10, 4, 3, 2, 7, 4, 5, 6, 5, 10, 4, 5, 7, 5, 8, 3, 5, 6, 2, 8, 136, 150, 160, 70, 0]"""
j20,1,proactive_robust,600,True,60,0.08922410011291504,0.0011522769927978516,"[0, 0, 0, 0, 7, 7, 10, 16, 18, 10, 24, 26, 26, 26, 7, 32, 32, 40, 48, 40, 36, 0, 0, 0, 0, 160]","""[0, 5, 6, 2, 1, 4, 6, 9, 4, 2, 9, 5, 5, 4, 6, 3, 4, 8, 12, 3, 12, 136, 150, 160, 70, 0]"""
j20,1,reactive,600,True,55,0.08922410011291504,0.4371800422668457,"[0, 0, 0, 0, 7, 7, 10, 16, 18, 10, 24, 26, 26, 26, 7, 32, 32, 35, 43, 36, 36, 0, 0, 0, 0, 55]","[0, 5, 6, 2, 1, 4, 6, 9, 4, 2, 9, 5, 5, 4, 6, 3, 4, 8, 12, 3, 12, 136, 150, 160, 70, 0]"
j20,1,stnu,600,True,50,0.8812971115112305,0.024764537811279297,"[0, 0, 0, 0, 6, 6, 7, 12, 13, 7, 17, 21, 21, 21, 6, 26, 26, 30, 38, 30, 26, 0, 0, 0, 0, 50]","""[0, 5, 6, 2, 1, 4, 6, 9, 4, 2, 9, 5, 5, 4, 6, 3, 4, 8, 12, 3, 12, 136, 150, 160, 70, 0]"""
j20,1,proactive_robust,600,True,60,0.08962249755859375,0.0011677742004394531,"[0, 0, 0, 0, 7, 7, 10, 16, 18, 10, 24, 26, 26, 26, 7, 32, 32, 40, 48, 40, 36, 0, 0, 0, 0, 160]","""[0, 7, 5, 2, 1, 4, 6, 9, 3, 5, 8, 5, 5, 5, 4, 4, 6, 6, 9, 6, 7, 136, 150, 160, 70, 0]"""
j20,1,reactive,600,True,57,0.08962249755859375,0.45707249641418457,"[0, 0, 0, 0, 7, 7, 10, 16, 18, 10, 24, 26, 26, 26, 7, 32, 32, 40, 48, 40, 36, 0, 0, 0, 0, 57]","[0, 7, 5, 2, 1, 4, 6, 9, 3, 5, 8, 5, 5, 5, 4, 4, 6, 6, 9, 6, 7, 136, 150, 160, 70, 0]"
j20,1,stnu,600,True,47,0.898942232131958,0.024759769439697266,"[0, 0, 0, 0, 5, 5, 7, 12, 13, 7, 16, 21, 21, 21, 5, 26, 26, 32, 38, 32, 26, 0, 0, 0, 0, 47]","""[0, 7, 5, 2, 1, 4, 6, 9, 3, 5, 8, 5, 5, 5, 4, 4, 6, 6, 9, 6, 7, 136, 150, 160, 70, 0]"""
j20,1,proactive_robust,600,True,60,0.09273457527160645,0.0011663436889648438,"[0, 0, 0, 0, 7, 7, 10, 16, 18, 10, 24, 26, 26, 26, 7, 32, 32, 40, 48, 40, 36, 0, 0, 0, 0, 160]","""[0, 10, 6, 6, 3, 7, 5, 9, 3, 3, 11, 5, 5, 5, 8, 8, 3, 8, 7, 4, 6, 136, 150, 160, 70, 0]"""
j20,1,reactive,600,True,55,0.09273457527160645,0.2956976890563965,"[0, 0, 0, 0, 7, 7, 10, 16, 18, 10, 24, 26, 26, 26, 7, 32, 32, 40, 48, 40, 36, 0, 0, 0, 0, 55]","[0, 10, 6, 6, 3, 7, 5, 9, 3, 3, 11, 5, 5, 5, 8, 8, 3, 8, 7, 4, 6, 136, 150, 160, 70, 0]"
j20,1,stnu,600,True,51,0.9061436653137207,0.024705171585083008,"[0, 0, 0, 0, 6, 6, 10, 14, 15, 10, 18, 23, 23, 23, 6, 28, 28, 36, 44, 36, 29, 0, 0, 0, 0, 51]","""[0, 10, 6, 6, 3, 7, 5, 9, 3, 3, 11, 5, 5, 5, 8, 8, 3, 8, 7, 4, 6, 136, 150, 160, 70, 0]"""
j20,1,proactive_robust,600,True,60,0.0945127010345459,0.0011453628540039062,"[0, 0, 0, 0, 7, 7, 10, 16, 18, 10, 24, 26, 26, 26, 7, 32, 32, 40, 48, 40, 36, 0, 0, 0, 0, 160]","""[0, 7, 2, 6, 1, 5, 7, 8, 6, 2, 9, 4, 2, 8, 5, 6, 6, 7, 10, 2, 6, 136, 150, 160, 70, 0]"""
j20,1,reactive,600,True,58,0.0945127010345459,0.41081762313842773,"[0, 0, 0, 0, 7, 7, 10, 16, 18, 10, 24, 26, 26, 26, 7, 32, 32, 40, 48, 40, 36, 0, 0, 0, 0, 58]","[0, 7, 2, 6, 1, 5, 7, 8, 6, 2, 9, 4, 2, 8, 5, 6, 6, 7, 10, 2, 6, 136, 150, 160, 70, 0]"
j20,1,stnu,600,True,47,0.8868041038513184,0.024702072143554688,"[0, 0, 0, 0, 6, 6, 7, 11, 14, 7, 20, 20, 19, 20, 6, 24, 24, 30, 37, 30, 29, 0, 0, 0, 0, 47]","""[0, 7, 2, 6, 1, 5, 7, 8, 6, 2, 9, 4, 2, 8, 5, 6, 6, 7, 10, 2, 6, 136, 150, 160, 70, 0]"""
j20,1,proactive_robust,600,True,60,0.0925607681274414,0.0011959075927734375,"[0, 0, 0, 0, 7, 7, 10, 16, 18, 10, 24, 26, 26, 26, 7, 32, 32, 40, 48, 40, 36, 0, 0, 0, 0, 160]","""[0, 10, 3, 4, 2, 7, 3, 9, 5, 6, 9, 6, 5, 8, 7, 5, 7, 5, 7, 2, 11, 136, 150, 160, 70, 0]"""
j20,1,reactive,600,True,55,0.0925607681274414,0.37080812454223633,"[0, 0, 0, 0, 7, 7, 10, 16, 18, 10, 24, 26, 26, 26, 7, 32, 32, 40, 48, 40, 36, 0, 0, 0, 0, 55]","[0, 10, 3, 4, 2, 7, 3, 9, 5, 6, 9, 6, 5, 8, 7, 5, 7, 5, 7, 2, 11, 136, 150, 160, 70, 0]"
j20,1,stnu,600,True,50,0.959174394607544,0.024751663208007812,"[0, 0, 0, 0, 4, 4, 10, 16, 13, 10, 18, 25, 25, 25, 4, 31, 31, 38, 43, 38, 30, 0, 0, 0, 0, 50]","""[0, 10, 3, 4, 2, 7, 3, 9, 5, 6, 9, 6, 5, 8, 7, 5, 7, 5, 7, 2, 11, 136, 150, 160, 70, 0]"""
j20,1,proactive_robust,600,True,60,0.09211921691894531,0.0011663436889648438,"[0, 0, 0, 0, 7, 7, 10, 16, 18, 10, 24, 26, 26, 26, 7, 32, 32, 40, 48, 40, 36, 0, 0, 0, 0, 160]","""[0, 8, 6, 3, 2, 6, 3, 5, 4, 2, 9, 2, 2, 8, 4, 5, 7, 5, 8, 2, 8, 136, 150, 160, 70, 0]"""
j20,1,reactive,600,True,56,0.09211921691894531,0.45424795150756836,"[0, 0, 0, 0, 7, 7, 10, 16, 18, 10, 24, 26, 26, 26, 7, 32, 32, 40, 48, 40, 36, 0, 0, 0, 0, 56]","[0, 8, 6, 3, 2, 6, 3, 5, 4, 2, 9, 2, 2, 8, 4, 5, 7, 5, 8, 2, 8, 136, 150, 160, 70, 0]"
j20,1,stnu,600,True,41,0.9980881214141846,0.024684667587280273,"[0, 0, 0, 0, 6, 6, 8, 12, 12, 8, 16, 17, 17, 17, 6, 19, 19, 26, 33, 26, 25, 0, 0, 0, 0, 41]","""[0, 8, 6, 3, 2, 6, 3, 5, 4, 2, 9, 2, 2, 8, 4, 5, 7, 5, 8, 2, 8, 136, 150, 160, 70, 0]"""
j20,1,proactive_robust,600,True,53,0.09578919410705566,0.0006296634674072266,"[0, 0, 0, 0, 7, 8, 16, 22, 18, 28, 22, 30, 34, 34, 16, 24, 39, 32, 45, 38, 39, 0, 0, 147]","""[0, 5, 6, 6, 8, 5, 2, 6, 6, 4, 7, 7, 3, 4, 3, 8, 2, 3, 6, 6, 10, 40, 147, 0]"""
j20,1,reactive,600,True,51,0.09578919410705566,0.42255449295043945,"[0, 0, 0, 0, 7, 8, 16, 22, 18, 28, 22, 30, 34, 34, 16, 24, 39, 32, 45, 38, 39, 0, 0, 51]","[0, 5, 6, 6, 8, 5, 2, 6, 6, 4, 7, 7, 3, 4, 3, 8, 2, 3, 6, 6, 10, 40, 147, 0]"
j20,1,stnu,600,True,39,0.9847288131713867,0.02145099639892578,"[0, 0, 0, 0, 5, 6, 13, 15, 11, 17, 15, 22, 24, 24, 13, 16, 29, 24, 31, 28, 29, 0, 0, 39]","""[0, 5, 6, 6, 8, 5, 2, 6, 6, 4, 7, 7, 3, 4, 3, 8, 2, 3, 6, 6, 10, 40, 147, 0]"""
j20,1,proactive_robust,600,True,53,0.09812355041503906,0.0006337165832519531,"[0, 0, 0, 0, 7, 8, 16, 22, 18, 28, 22, 30, 34, 34, 16, 24, 39, 32, 45, 38, 39, 0, 0, 147]","""[0, 3, 6, 7, 8, 7, 3, 3, 6, 5, 2, 7, 3, 1, 5, 8, 3, 4, 7, 11, 7, 40, 147, 0]"""
j20,1,reactive,600,True,52,0.09812355041503906,0.48505449295043945,"[0, 0, 0, 0, 7, 8, 16, 22, 18, 28, 22, 30, 34, 34, 16, 24, 39, 32, 45, 38, 39, 0, 0, 52]","[0, 3, 6, 7, 8, 7, 3, 3, 6, 5, 2, 7, 3, 1, 5, 8, 3, 4, 7, 11, 7, 40, 147, 0]"
j20,1,stnu,600,True,39,1.0438451766967773,0.02150130271911621,"[0, 0, 0, 0, 3, 7, 11, 14, 14, 20, 14, 20, 25, 25, 11, 16, 28, 24, 31, 28, 28, 0, 0, 39]","""[0, 3, 6, 7, 8, 7, 3, 3, 6, 5, 2, 7, 3, 1, 5, 8, 3, 4, 7, 11, 7, 40, 147, 0]"""
j20,1,proactive_robust,600,True,53,0.09135556221008301,0.0006244182586669922,"[0, 0, 0, 0, 7, 8, 16, 22, 18, 28, 22, 30, 34, 34, 16, 24, 39, 32, 45, 38, 39, 0, 0, 147]","""[0, 5, 4, 5, 9, 8, 2, 6, 5, 3, 5, 7, 4, 4, 4, 4, 5, 7, 3, 7, 7, 40, 147, 0]"""
j20,1,reactive,600,True,48,0.09135556221008301,0.3827705383300781,"[0, 0, 0, 0, 7, 8, 16, 22, 18, 28, 22, 30, 34, 34, 16, 24, 39, 32, 45, 38, 39, 0, 0, 48]","[0, 5, 4, 5, 9, 8, 2, 6, 5, 3, 5, 7, 4, 4, 4, 4, 5, 7, 3, 7, 7, 40, 147, 0]"
j20,1,stnu,600,True,37,1.0245192050933838,0.021473169326782227,"[0, 0, 0, 0, 5, 5, 14, 16, 13, 18, 16, 22, 22, 22, 14, 18, 29, 22, 34, 26, 29, 0, 0, 37]","""[0, 5, 4, 5, 9, 8, 2, 6, 5, 3, 5, 7, 4, 4, 4, 4, 5, 7, 3, 7, 7, 40, 147, 0]"""
j20,1,proactive_robust,600,True,53,0.09665799140930176,0.0006325244903564453,"[0, 0, 0, 0, 7, 8, 16, 22, 18, 28, 22, 30, 34, 34, 16, 24, 39, 32, 45, 38, 39, 0, 0, 147]","""[0, 5, 3, 7, 9, 5, 3, 3, 8, 3, 7, 8, 4, 2, 5, 6, 4, 2, 7, 9, 6, 40, 147, 0]"""
j20,1,reactive,600,True,52,0.09665799140930176,0.5462384223937988,"[0, 0, 0, 0, 7, 8, 16, 22, 18, 28, 22, 30, 34, 34, 16, 24, 39, 32, 45, 38, 39, 0, 0, 52]","[0, 5, 3, 7, 9, 5, 3, 3, 8, 3, 7, 8, 4, 2, 5, 6, 4, 2, 7, 9, 6, 40, 147, 0]"
j20,1,stnu,600,True,43,0.9016768932342529,0.021633148193359375,"[0, 0, 0, 0, 5, 7, 14, 17, 12, 20, 17, 24, 25, 25, 14, 19, 32, 25, 36, 29, 32, 0, 0, 43]","""[0, 5, 3, 7, 9, 5, 3, 3, 8, 3, 7, 8, 4, 2, 5, 6, 4, 2, 7, 9, 6, 40, 147, 0]"""
j20,1,proactive_robust,600,True,53,0.09296894073486328,0.0006532669067382812,"[0, 0, 0, 0, 7, 8, 16, 22, 18, 28, 22, 30, 34, 34, 16, 24, 39, 32, 45, 38, 39, 0, 0, 147]","""[0, 3, 7, 4, 6, 7, 5, 8, 10, 3, 2, 7, 4, 4, 7, 8, 5, 3, 8, 7, 10, 40, 147, 0]"""
j20,1,reactive,600,True,52,0.09296894073486328,0.4478111267089844,"[0, 0, 0, 0, 7, 8, 16, 22, 18, 28, 22, 30, 34, 34, 16, 24, 39, 32, 44, 38, 39, 0, 0, 52]","[0, 3, 7, 4, 6, 7, 5, 8, 10, 3, 2, 7, 4, 4, 7, 8, 5, 3, 8, 7, 10, 40, 147, 0]"
j20,1,stnu,600,True,44,0.9006547927856445,0.02123427391052246,"[0, 0, 0, 0, 3, 7, 9, 14, 14, 24, 14, 24, 27, 27, 9, 16, 31, 24, 36, 31, 31, 0, 0, 44]","""[0, 3, 7, 4, 6, 7, 5, 8, 10, 3, 2, 7, 4, 4, 7, 8, 5, 3, 8, 7, 10, 40, 147, 0]"""
j20,1,proactive_robust,600,True,53,0.09985589981079102,0.0006463527679443359,"[0, 0, 0, 0, 7, 8, 16, 22, 18, 28, 22, 30, 34, 34, 16, 24, 39, 32, 45, 38, 39, 0, 0, 147]","""[0, 3, 3, 8, 7, 6, 4, 8, 6, 3, 5, 4, 3, 3, 7, 6, 6, 7, 5, 10, 10, 40, 147, 0]"""
j20,1,reactive,600,True,50,0.09985589981079102,0.39885830879211426,"[0, 0, 0, 0, 7, 8, 16, 22, 18, 28, 22, 30, 34, 34, 16, 24, 39, 32, 45, 38, 39, 0, 0, 50]","[0, 3, 3, 8, 7, 6, 4, 8, 6, 3, 5, 4, 3, 3, 7, 6, 6, 7, 5, 10, 10, 40, 147, 0]"
j20,1,stnu,600,True,41,0.8977563381195068,0.02140331268310547,"[0, 0, 0, 0, 3, 8, 10, 14, 14, 20, 14, 22, 23, 23, 10, 17, 30, 23, 36, 26, 30, 0, 0, 41]","""[0, 3, 3, 8, 7, 6, 4, 8, 6, 3, 5, 4, 3, 3, 7, 6, 6, 7, 5, 10, 10, 40, 147, 0]"""
j20,1,proactive_robust,600,True,53,0.09126901626586914,0.0006315708160400391,"[0, 0, 0, 0, 7, 8, 16, 22, 18, 28, 22, 30, 34, 34, 16, 24, 39, 32, 45, 38, 39, 0, 0, 147]","""[0, 4, 5, 8, 7, 5, 5, 5, 8, 2, 7, 8, 2, 4, 6, 6, 3, 3, 7, 9, 7, 40, 147, 0]"""
j20,1,reactive,600,True,52,0.09126901626586914,0.41877317428588867,"[0, 0, 0, 0, 7, 8, 16, 22, 18, 28, 22, 30, 34, 34, 16, 24, 39, 32, 45, 38, 39, 0, 0, 52]","[0, 4, 5, 8, 7, 5, 5, 5, 8, 2, 7, 8, 2, 4, 6, 6, 3, 3, 7, 9, 7, 40, 147, 0]"
j20,1,stnu,600,True,41,0.8792767524719238,0.02158951759338379,"[0, 0, 0, 0, 4, 8, 11, 16, 13, 21, 16, 23, 23, 23, 11, 17, 31, 23, 34, 27, 31, 0, 0, 41]","""[0, 4, 5, 8, 7, 5, 5, 5, 8, 2, 7, 8, 2, 4, 6, 6, 3, 3, 7, 9, 7, 40, 147, 0]"""
j20,1,proactive_robust,600,True,53,0.0916593074798584,0.0006308555603027344,"[0, 0, 0, 0, 7, 8, 16, 22, 18, 28, 22, 30, 34, 34, 16, 24, 39, 32, 45, 38, 39, 0, 0, 147]","""[0, 2, 8, 8, 4, 7, 4, 8, 6, 3, 7, 6, 3, 1, 5, 6, 3, 5, 5, 9, 5, 40, 147, 0]"""
j20,1,reactive,600,True,50,0.0916593074798584,0.3734779357910156,"[0, 0, 0, 0, 7, 8, 16, 22, 18, 28, 22, 30, 34, 34, 16, 24, 39, 32, 45, 38, 39, 0, 0, 50]","[0, 2, 8, 8, 4, 7, 4, 8, 6, 3, 7, 6, 3, 1, 5, 6, 3, 5, 5, 9, 5, 40, 147, 0]"
j20,1,stnu,600,True,37,0.9401252269744873,0.021527528762817383,"[0, 0, 0, 0, 2, 8, 8, 15, 15, 21, 15, 23, 24, 24, 8, 13, 29, 23, 32, 27, 29, 0, 0, 37]","""[0, 2, 8, 8, 4, 7, 4, 8, 6, 3, 7, 6, 3, 1, 5, 6, 3, 5, 5, 9, 5, 40, 147, 0]"""
j20,1,proactive_robust,600,True,53,0.10143804550170898,0.0006077289581298828,"[0, 0, 0, 0, 7, 8, 16, 22, 18, 28, 22, 30, 34, 34, 16, 24, 39, 32, 45, 38, 39, 0, 0, 147]","""[0, 6, 4, 3, 7, 5, 6, 8, 7, 2, 6, 4, 3, 1, 7, 7, 3, 2, 4, 11, 7, 40, 147, 0]"""
j20,1,reactive,600,True,49,0.10143804550170898,0.45331811904907227,"[0, 0, 0, 0, 7, 8, 16, 22, 18, 28, 22, 30, 34, 34, 16, 24, 39, 32, 45, 38, 39, 0, 0, 49]","[0, 6, 4, 3, 7, 5, 6, 8, 7, 2, 6, 4, 3, 1, 7, 7, 3, 2, 4, 11, 7, 40, 147, 0]"
j20,1,stnu,600,True,41,0.903130292892456,0.021689653396606445,"[0, 0, 0, 0, 6, 6, 13, 19, 11, 20, 19, 27, 27, 27, 13, 20, 31, 27, 34, 30, 31, 0, 0, 41]","""[0, 6, 4, 3, 7, 5, 6, 8, 7, 2, 6, 4, 3, 1, 7, 7, 3, 2, 4, 11, 7, 40, 147, 0]"""
j20,1,proactive_robust,600,True,53,0.17052602767944336,0.0006492137908935547,"[0, 0, 0, 0, 7, 8, 16, 22, 18, 28, 22, 30, 34, 34, 16, 24, 39, 32, 45, 38, 39, 0, 0, 147]","""[0, 4, 3, 7, 4, 9, 6, 6, 9, 5, 4, 6, 3, 2, 7, 8, 5, 3, 5, 7, 10, 40, 147, 0]"""
j20,1,reactive,600,True,50,0.17052602767944336,0.39833998680114746,"[0, 0, 0, 0, 7, 8, 16, 22, 18, 28, 22, 30, 34, 34, 16, 24, 39, 32, 45, 38, 39, 0, 0, 50]","[0, 4, 3, 7, 4, 9, 6, 6, 9, 5, 4, 6, 3, 2, 7, 8, 5, 3, 5, 7, 10, 40, 147, 0]"
j20,1,stnu,600,True,43,0.8862733840942383,0.021518230438232422,"[0, 0, 0, 0, 4, 7, 8, 16, 16, 25, 16, 25, 30, 30, 8, 15, 32, 25, 37, 33, 33, 0, 0, 43]","""[0, 4, 3, 7, 4, 9, 6, 6, 9, 5, 4, 6, 3, 2, 7, 8, 5, 3, 5, 7, 10, 40, 147, 0]"""
j20,1,proactive_robust,600,True,38,0.09716486930847168,0.0004353523254394531,"[0, 0, 0, 0, 7, 2, 16, 7, 13, 20, 7, 19, 24, 20, 19, 24, 28, 27, 32, 22, 26, 0, 0, 66]","""[0, 6, 1, 2, 7, 4, 4, 2, 2, 4, 11, 3, 1, 4, 3, 3, 2, 4, 6, 9, 1, 22, 66, 0]"""
j20,1,reactive,600,True,37,0.09716486930847168,0.3632495403289795,"[0, 0, 0, 0, 7, 2, 16, 7, 13, 20, 7, 19, 24, 20, 19, 24, 28, 27, 31, 22, 26, 0, 0, 37]","[0, 6, 1, 2, 7, 4, 4, 2, 2, 4, 11, 3, 1, 4, 3, 3, 2, 4, 6, 9, 1, 22, 66, 0]"
j20,1,stnu,600,True,44,0.9873433113098145,0.02219533920288086,"[0, 0, 0, 0, 6, 7, 14, 6, 14, 22, 6, 19, 30, 22, 19, 30, 30, 36, 40, 22, 36, 0, 0, 44]","""[0, 6, 7, 5, 6, 4, 8, 8, 5, 8, 13, 3, 6, 8, 3, 4, 4, 4, 4, 3, 4, 22, 66, 0]"""
j20,1,proactive_robust,600,True,57,0.09407615661621094,0.00046515464782714844,"[0, 0, 0, 0, 10, 8, 19, 10, 18, 27, 10, 23, 37, 27, 24, 37, 36, 44, 48, 28, 43, 0, 0, 66]","""[0, 8, 4, 3, 7, 6, 7, 5, 4, 5, 7, 4, 6, 4, 3, 5, 6, 2, 8, 6, 6, 22, 66, 0]"""
j20,1,reactive,600,True,56,0.09407615661621094,0.4104795455932617,"[0, 0, 0, 0, 10, 8, 19, 10, 18, 27, 10, 23, 37, 27, 24, 37, 36, 44, 48, 28, 43, 0, 0, 56]","[0, 8, 4, 3, 7, 6, 7, 5, 4, 5, 7, 4, 6, 4, 3, 5, 6, 2, 8, 6, 6, 22, 66, 0]"
j20,1,stnu,600,True,44,0.9278383255004883,0.022484540939331055,"[0, 0, 0, 0, 8, 4, 15, 8, 13, 22, 8, 15, 28, 22, 17, 28, 28, 34, 36, 22, 34, 0, 0, 44]","""[0, 8, 4, 3, 7, 6, 7, 5, 4, 5, 7, 4, 6, 4, 3, 5, 6, 2, 8, 6, 6, 22, 66, 0]"""
j20,1,proactive_robust,600,True,57,0.1003265380859375,0.00046515464782714844,"[0, 0, 0, 0, 10, 8, 19, 10, 18, 27, 10, 23, 37, 27, 24, 37, 36, 44, 48, 28, 43, 0, 0, 66]","""[0, 7, 4, 6, 7, 6, 3, 4, 6, 9, 6, 4, 5, 7, 4, 7, 3, 2, 6, 7, 4, 22, 66, 0]"""
j20,1,reactive,600,True,54,0.1003265380859375,0.35552048683166504,"[0, 0, 0, 0, 10, 8, 19, 10, 18, 27, 10, 23, 37, 27, 24, 37, 36, 44, 48, 28, 43, 0, 0, 54]","[0, 7, 4, 6, 7, 6, 3, 4, 6, 9, 6, 4, 5, 7, 4, 7, 3, 2, 6, 7, 4, 22, 66, 0]"
j20,1,stnu,600,True,44,0.9123437404632568,0.022291898727416992,"[0, 0, 0, 0, 7, 6, 14, 7, 12, 17, 7, 14, 29, 18, 18, 29, 29, 36, 38, 22, 34, 0, 0, 44]","""[0, 7, 4, 6, 7, 6, 3, 4, 6, 9, 6, 4, 5, 7, 4, 7, 3, 2, 6, 7, 4, 22, 66, 0]"""
j20,1,proactive_robust,600,True,57,0.08912467956542969,0.0004630088806152344,"[0, 0, 0, 0, 10, 8, 19, 10, 18, 27, 10, 23, 37, 27, 24, 37, 36, 44, 48, 28, 43, 0, 0, 66]","""[0, 9, 5, 4, 4, 6, 4, 3, 5, 10, 13, 1, 2, 5, 1, 4, 4, 3, 6, 7, 6, 22, 66, 0]"""
j20,1,reactive,600,True,54,0.08912467956542969,0.42864203453063965,"[0, 0, 0, 0, 10, 8, 19, 10, 18, 27, 10, 23, 37, 27, 24, 37, 36, 44, 48, 28, 43, 0, 0, 54]","[0, 9, 5, 4, 4, 6, 4, 3, 5, 10, 13, 1, 2, 5, 1, 4, 4, 3, 6, 7, 6, 22, 66, 0]"
j20,1,stnu,600,True,43,0.8883793354034424,0.022204875946044922,"[0, 0, 0, 0, 9, 5, 13, 9, 12, 17, 9, 22, 30, 23, 22, 30, 30, 34, 37, 23, 34, 0, 0, 43]","""[0, 9, 5, 4, 4, 6, 4, 3, 5, 10, 13, 1, 2, 5, 1, 4, 4, 3, 6, 7, 6, 22, 66, 0]"""
j20,1,proactive_robust,600,True,57,0.08921146392822266,0.00048732757568359375,"[0, 0, 0, 0, 10, 8, 19, 10, 18, 27, 10, 23, 37, 27, 24, 37, 36, 44, 48, 28, 43, 0, 0, 66]","""[0, 9, 7, 4, 9, 2, 8, 6, 5, 7, 12, 2, 5, 6, 1, 7, 4, 2, 5, 7, 6, 22, 66, 0]"""
j20,1,reactive,600,True,53,0.08921146392822266,0.5011758804321289,"[0, 0, 0, 0, 10, 8, 19, 10, 18, 27, 10, 23, 37, 27, 24, 37, 36, 44, 48, 28, 43, 0, 0, 53]","[0, 9, 7, 4, 9, 2, 8, 6, 5, 7, 12, 2, 5, 6, 1, 7, 4, 2, 5, 7, 6, 22, 66, 0]"
j20,1,stnu,600,True,47,0.8944706916809082,0.022160053253173828,"[0, 0, 0, 0, 9, 7, 18, 9, 15, 26, 9, 21, 33, 26, 21, 33, 33, 40, 42, 26, 38, 0, 0, 47]","""[0, 9, 7, 4, 9, 2, 8, 6, 5, 7, 12, 2, 5, 6, 1, 7, 4, 2, 5, 7, 6, 22, 66, 0]"""
j20,1,proactive_robust,600,True,57,0.09013867378234863,0.00044608116149902344,"[0, 0, 0, 0, 10, 8, 19, 10, 18, 27, 10, 23, 37, 27, 24, 37, 36, 44, 48, 28, 43, 0, 0, 66]","""[0, 6, 4, 3, 6, 7, 5, 4, 6, 7, 7, 2, 5, 4, 3, 3, 3, 2, 7, 8, 5, 22, 66, 0]"""
j20,1,reactive,600,True,55,0.09013867378234863,0.4164161682128906,"[0, 0, 0, 0, 10, 8, 19, 10, 18, 27, 10, 23, 37, 27, 24, 37, 36, 44, 48, 28, 43, 0, 0, 55]","[0, 6, 4, 3, 6, 7, 5, 4, 6, 7, 7, 2, 5, 4, 3, 3, 3, 2, 7, 8, 5, 22, 66, 0]"
j20,1,stnu,600,True,42,0.9797036647796631,0.022388219833374023,"[0, 0, 0, 0, 6, 4, 12, 6, 11, 17, 6, 13, 28, 17, 17, 28, 28, 33, 35, 20, 33, 0, 0, 42]","""[0, 6, 4, 3, 6, 7, 5, 4, 6, 7, 7, 2, 5, 4, 3, 3, 3, 2, 7, 8, 5, 22, 66, 0]"""
j20,1,proactive_robust,600,True,57,0.09639906883239746,0.0004901885986328125,"[0, 0, 0, 0, 10, 8, 19, 10, 18, 27, 10, 23, 37, 27, 24, 37, 36, 44, 48, 28, 43, 0, 0, 66]","""[0, 10, 8, 4, 8, 4, 5, 7, 6, 8, 12, 3, 3, 6, 2, 5, 4, 4, 7, 8, 5, 22, 66, 0]"""
j20,1,reactive,600,True,55,0.09639906883239746,0.34798264503479004,"[0, 0, 0, 0, 10, 8, 19, 10, 18, 27, 10, 23, 37, 27, 24, 37, 36, 44, 48, 28, 43, 0, 0, 55]","[0, 10, 8, 4, 8, 4, 5, 7, 6, 8, 12, 3, 3, 6, 2, 5, 4, 4, 7, 8, 5, 22, 66, 0]"
j20,1,stnu,600,True,49,0.8794574737548828,0.022187232971191406,"[0, 0, 0, 0, 10, 8, 18, 10, 17, 23, 10, 22, 33, 25, 23, 33, 33, 38, 42, 25, 37, 0, 0, 49]","""[0, 10, 8, 4, 8, 4, 5, 7, 6, 8, 12, 3, 3, 6, 2, 5, 4, 4, 7, 8, 5, 22, 66, 0]"""
j20,1,proactive_robust,600,True,57,0.09055233001708984,0.0004723072052001953,"[0, 0, 0, 0, 10, 8, 19, 10, 18, 27, 10, 23, 37, 27, 24, 37, 36, 44, 48, 28, 43, 0, 0, 66]","""[0, 6, 7, 3, 6, 6, 3, 8, 2, 9, 13, 2, 2, 4, 4, 7, 5, 3, 6, 3, 6, 22, 66, 0]"""
j20,1,reactive,600,True,54,0.09055233001708984,0.37608885765075684,"[0, 0, 0, 0, 10, 8, 19, 10, 18, 27, 10, 23, 37, 27, 24, 37, 36, 44, 48, 28, 43, 0, 0, 54]","[0, 6, 7, 3, 6, 6, 3, 8, 2, 9, 13, 2, 2, 4, 4, 7, 5, 3, 6, 3, 6, 22, 66, 0]"
j20,1,stnu,600,True,42,0.876699686050415,0.022413015365600586,"[0, 0, 0, 0, 6, 7, 14, 6, 14, 17, 6, 19, 26, 21, 19, 26, 26, 33, 36, 23, 31, 0, 0, 42]","""[0, 6, 7, 3, 6, 6, 3, 8, 2, 9, 13, 2, 2, 4, 4, 7, 5, 3, 6, 3, 6, 22, 66, 0]"""
j20,1,proactive_robust,600,True,57,0.09696722030639648,0.0004668235778808594,"[0, 0, 0, 0, 10, 8, 19, 10, 18, 27, 10, 23, 37, 27, 24, 37, 36, 44, 48, 28, 43, 0, 0, 66]","""[0, 10, 7, 5, 8, 5, 7, 6, 6, 10, 6, 2, 6, 6, 4, 4, 2, 2, 5, 3, 4, 22, 66, 0]"""
j20,1,reactive,600,True,53,0.09696722030639648,0.36095762252807617,"[0, 0, 0, 0, 10, 8, 19, 10, 18, 27, 10, 23, 37, 27, 24, 37, 36, 44, 48, 28, 43, 0, 0, 53]","[0, 10, 7, 5, 8, 5, 7, 6, 6, 10, 6, 2, 6, 6, 4, 4, 2, 2, 5, 3, 4, 22, 66, 0]"
j20,1,stnu,600,True,48,0.8699285984039307,0.022478818893432617,"[0, 0, 0, 0, 10, 7, 18, 10, 16, 25, 10, 18, 35, 25, 22, 35, 31, 41, 43, 26, 41, 0, 0, 48]","""[0, 10, 7, 5, 8, 5, 7, 6, 6, 10, 6, 2, 6, 6, 4, 4, 2, 2, 5, 3, 4, 22, 66, 0]"""
j20,1,proactive_robust,600,True,57,0.09332776069641113,0.0004558563232421875,"[0, 0, 0, 0, 10, 8, 19, 10, 18, 27, 10, 23, 37, 27, 24, 37, 36, 44, 48, 28, 43, 0, 0, 66]","""[0, 7, 6, 2, 4, 4, 3, 3, 2, 9, 11, 4, 6, 4, 3, 2, 3, 4, 8, 6, 3, 22, 66, 0]"""
j20,1,reactive,600,True,56,0.09332776069641113,0.44554567337036133,"[0, 0, 0, 0, 10, 8, 19, 10, 18, 27, 10, 23, 37, 27, 24, 37, 36, 44, 48, 28, 43, 0, 0, 56]","[0, 7, 6, 2, 4, 4, 3, 3, 2, 9, 11, 4, 6, 4, 3, 2, 3, 4, 8, 6, 3, 22, 66, 0]"
j20,1,stnu,600,True,46,0.8921599388122559,0.022258520126342773,"[0, 0, 0, 0, 7, 6, 11, 7, 10, 14, 7, 18, 28, 22, 18, 28, 28, 34, 38, 22, 34, 0, 0, 46]","""[0, 7, 6, 2, 4, 4, 3, 3, 2, 9, 11, 4, 6, 4, 3, 2, 3, 4, 8, 6, 3, 22, 66, 0]"""
j20,1,proactive_robust,600,True,44,0.10040402412414551,0.0025777816772460938,"[0, 0, 0, 0, 9, 9, 15, 4, 22, 9, 21, 8, 21, 29, 31, 9, 24, 31, 38, 35, 27, 0, 0, 0, 0, 0, 0, 0, 0, 0, 0, 0, 0, 0, 0, 0, 0, 149]","""[0, 4, 2, 6, 6, 8, 4, 1, 2, 11, 7, 4, 4, 2, 5, 5, 3, 4, 5, 9, 2, 81, 67, 100, 25, 71, 102, 113, 86, 140, 56, 138, 127, 16, 54, 116, 149, 0]"""
j20,1,reactive,600,True,44,0.10040402412414551,0.4659309387207031,"[0, 0, 0, 0, 9, 9, 15, 4, 22, 9, 21, 8, 21, 29, 31, 9, 24, 31, 38, 35, 27, 0, 0, 0, 0, 0, 0, 0, 0, 0, 0, 0, 0, 0, 0, 0, 0, 44]","[0, 4, 2, 6, 6, 8, 4, 1, 2, 11, 7, 4, 4, 2, 5, 5, 3, 4, 5, 9, 2, 81, 67, 100, 25, 71, 102, 113, 86, 140, 56, 138, 127, 16, 54, 116, 149, 0]"
j20,1,stnu,600,True,37,0.9773952960968018,0.053476572036743164,"[0, 0, 0, 0, 6, 6, 12, 2, 17, 6, 17, 3, 17, 21, 24, 6, 16, 24, 29, 28, 19, 0, 0, 0, 0, 0, 0, 0, 0, 0, 0, 0, 0, 0, 0, 0, 0, 37]","""[0, 4, 2, 6, 6, 8, 4, 1, 2, 11, 7, 4, 4, 2, 5, 5, 3, 4, 5, 9, 2, 81, 67, 100, 25, 71, 102, 113, 86, 140, 56, 138, 127, 16, 54, 116, 149, 0]"""
j20,1,proactive_robust,600,True,44,0.10139083862304688,0.0026733875274658203,"[0, 0, 0, 0, 9, 9, 15, 4, 22, 9, 21, 8, 21, 29, 31, 9, 24, 31, 38, 35, 27, 0, 0, 0, 0, 0, 0, 0, 0, 0, 0, 0, 0, 0, 0, 0, 0, 149]","""[0, 9, 2, 7, 6, 13, 5, 2, 6, 9, 6, 3, 3, 2, 4, 4, 3, 1, 6, 8, 3, 81, 67, 100, 25, 71, 102, 113, 86, 140, 56, 138, 127, 16, 54, 116, 149, 0]"""
j20,1,reactive,600,True,44,0.10139083862304688,0.3471701145172119,"[0, 0, 0, 0, 9, 9, 15, 4, 22, 9, 21, 8, 21, 29, 31, 9, 24, 31, 38, 35, 27, 0, 0, 0, 0, 0, 0, 0, 0, 0, 0, 0, 0, 0, 0, 0, 0, 44]","[0, 9, 2, 7, 6, 13, 5, 2, 6, 9, 6, 3, 3, 2, 4, 4, 3, 1, 6, 8, 3, 81, 67, 100, 25, 71, 102, 113, 86, 140, 56, 138, 127, 16, 54, 116, 149, 0]"
j20,1,stnu,600,True,38,0.9710197448730469,0.05285525321960449,"[0, 0, 0, 0, 9, 9, 15, 2, 22, 9, 18, 4, 18, 28, 28, 7, 20, 24, 32, 30, 23, 0, 0, 0, 0, 0, 0, 0, 0, 0, 0, 0, 0, 0, 0, 0, 0, 38]","""[0, 9, 2, 7, 6, 13, 5, 2, 6, 9, 6, 3, 3, 2, 4, 4, 3, 1, 6, 8, 3, 81, 67, 100, 25, 71, 102, 113, 86, 140, 56, 138, 127, 16, 54, 116, 149, 0]"""
j20,1,proactive_robust,600,True,44,0.10433292388916016,0.0025887489318847656,"[0, 0, 0, 0, 9, 9, 15, 4, 22, 9, 21, 8, 21, 29, 31, 9, 24, 31, 38, 35, 27, 0, 0, 0, 0, 0, 0, 0, 0, 0, 0, 0, 0, 0, 0, 0, 0, 149]","""[0, 9, 3, 7, 6, 10, 4, 2, 5, 11, 9, 2, 5, 4, 7, 3, 2, 2, 3, 4, 4, 81, 67, 100, 25, 71, 102, 113, 86, 140, 56, 138, 127, 16, 54, 116, 149, 0]"""
j20,1,reactive,600,True,41,0.10433292388916016,0.3884596824645996,"[0, 0, 0, 0, 9, 9, 15, 4, 22, 9, 21, 8, 21, 29, 31, 9, 24, 31, 38, 35, 27, 0, 0, 0, 0, 0, 0, 0, 0, 0, 0, 0, 0, 0, 0, 0, 0, 41]","[0, 9, 3, 7, 6, 10, 4, 2, 5, 11, 9, 2, 5, 4, 7, 3, 2, 2, 3, 4, 4, 81, 67, 100, 25, 71, 102, 113, 86, 140, 56, 138, 127, 16, 54, 116, 149, 0]"
j20,1,stnu,600,True,39,0.9581999778747559,0.05250954627990723,"[0, 0, 0, 0, 9, 9, 15, 3, 20, 9, 20, 5, 20, 25, 29, 7, 19, 29, 36, 31, 21, 0, 0, 0, 0, 0, 0, 0, 0, 0, 0, 0, 0, 0, 0, 0, 0, 39]","""[0, 9, 3, 7, 6, 10, 4, 2, 5, 11, 9, 2, 5, 4, 7, 3, 2, 2, 3, 4, 4, 81, 67, 100, 25, 71, 102, 113, 86, 140, 56, 138, 127, 16, 54, 116, 149, 0]"""
j20,1,proactive_robust,600,True,30,0.10002732276916504,0.002505064010620117,"[0, 0, 0, 0, 4, 4, 8, 4, 8, 3, 12, 7, 12, 11, 21, 3, 10, 21, 25, 24, 12, 0, 0, 0, 0, 0, 0, 0, 0, 0, 0, 0, 0, 0, 0, 0, 0, 149]","""[0, 1, 3, 1, 1, 1, 1, 1, 1, 6, 6, 1, 1, 4, 3, 3, 2, 1, 2, 3, 1, 81, 67, 100, 25, 71, 102, 113, 86, 140, 56, 138, 127, 16, 54, 116, 149, 0]"""
j20,1,reactive,600,True,27,0.10002732276916504,0.41805362701416016,"[0, 0, 0, 0, 4, 4, 8, 4, 8, 3, 12, 7, 12, 11, 21, 3, 10, 21, 25, 24, 12, 0, 0, 0, 0, 0, 0, 0, 0, 0, 0, 0, 0, 0, 0, 0, 0, 27]","[0, 1, 3, 1, 1, 1, 1, 1, 1, 6, 6, 1, 1, 4, 3, 3, 2, 1, 2, 3, 1, 81, 67, 100, 25, 71, 102, 113, 86, 140, 56, 138, 127, 16, 54, 116, 149, 0]"
j20,1,stnu,600,True,38,1.0401358604431152,0.05296134948730469,"[0, 0, 0, 0, 8, 8, 12, 1, 20, 8, 15, 4, 15, 25, 25, 8, 16, 22, 30, 30, 20, 0, 0, 0, 0, 0, 0, 0, 0, 0, 0, 0, 0, 0, 0, 0, 0, 38]","""[0, 5, 1, 8, 4, 12, 4, 3, 5, 7, 7, 1, 4, 5, 4, 6, 1, 1, 4, 8, 3, 81, 67, 100, 25, 71, 102, 113, 86, 140, 56, 138, 127, 16, 54, 116, 149, 0]"""
j20,1,proactive_robust,600,True,44,0.10197329521179199,0.0026786327362060547,"[0, 0, 0, 0, 9, 9, 15, 4, 22, 9, 21, 8, 21, 29, 31, 9, 24, 31, 38, 35, 27, 0, 0, 0, 0, 0, 0, 0, 0, 0, 0, 0, 0, 0, 0, 0, 0, 149]","""[0, 6, 4, 9, 4, 9, 6, 4, 7, 10, 9, 4, 3, 4, 6, 4, 1, 3, 2, 5, 3, 81, 67, 100, 25, 71, 102, 113, 86, 140, 56, 138, 127, 16, 54, 116, 149, 0]"""
j20,1,reactive,600,True,40,0.10197329521179199,0.3172452449798584,"[0, 0, 0, 0, 9, 9, 15, 4, 22, 9, 21, 8, 21, 29, 31, 9, 24, 31, 38, 35, 27, 0, 0, 0, 0, 0, 0, 0, 0, 0, 0, 0, 0, 0, 0, 0, 0, 40]","[0, 6, 4, 9, 4, 9, 6, 4, 7, 10, 9, 4, 3, 4, 6, 4, 1, 3, 2, 5, 3, 81, 67, 100, 25, 71, 102, 113, 86, 140, 56, 138, 127, 16, 54, 116, 149, 0]"
j20,1,stnu,600,True,36,1.4499015808105469,0.05284690856933594,"[0, 0, 0, 0, 9, 9, 13, 4, 19, 9, 19, 8, 19, 26, 28, 9, 19, 28, 34, 31, 20, 0, 0, 0, 0, 0, 0, 0, 0, 0, 0, 0, 0, 0, 0, 0, 0, 36]","""[0, 6, 4, 9, 4, 9, 6, 4, 7, 10, 9, 4, 3, 4, 6, 4, 1, 3, 2, 5, 3, 81, 67, 100, 25, 71, 102, 113, 86, 140, 56, 138, 127, 16, 54, 116, 149, 0]"""
j20,1,proactive_robust,600,True,44,0.2582242488861084,0.00260162353515625,"[0, 0, 0, 0, 9, 9, 15, 4, 22, 9, 21, 8, 21, 29, 31, 9, 24, 31, 38, 35, 27, 0, 0, 0, 0, 0, 0, 0, 0, 0, 0, 0, 0, 0, 0, 0, 0, 149]","""[0, 7, 3, 9, 3, 8, 8, 4, 2, 10, 5, 4, 4, 4, 5, 3, 3, 3, 5, 5, 3, 81, 67, 100, 25, 71, 102, 113, 86, 140, 56, 138, 127, 16, 54, 116, 149, 0]"""
j20,1,reactive,600,True,43,0.2582242488861084,0.35831665992736816,"[0, 0, 0, 0, 9, 9, 15, 4, 22, 9, 21, 8, 21, 29, 31, 9, 24, 31, 38, 35, 27, 0, 0, 0, 0, 0, 0, 0, 0, 0, 0, 0, 0, 0, 0, 0, 0, 43]","[0, 7, 3, 9, 3, 8, 8, 4, 2, 10, 5, 4, 4, 4, 5, 3, 3, 3, 5, 5, 3, 81, 67, 100, 25, 71, 102, 113, 86, 140, 56, 138, 127, 16, 54, 116, 149, 0]"
j20,1,stnu,600,True,34,0.9660234451293945,0.052754878997802734,"[0, 0, 0, 0, 9, 9, 12, 3, 19, 9, 19, 7, 19, 23, 24, 9, 20, 24, 29, 27, 23, 0, 0, 0, 0, 0, 0, 0, 0, 0, 0, 0, 0, 0, 0, 0, 0, 34]","""[0, 7, 3, 9, 3, 8, 8, 4, 2, 10, 5, 4, 4, 4, 5, 3, 3, 3, 5, 5, 3, 81, 67, 100, 25, 71, 102, 113, 86, 140, 56, 138, 127, 16, 54, 116, 149, 0]"""
j20,1,proactive_robust,600,True,44,0.09609651565551758,0.0025463104248046875,"[0, 0, 0, 0, 9, 9, 15, 4, 22, 9, 21, 8, 21, 29, 31, 9, 24, 31, 38, 35, 27, 0, 0, 0, 0, 0, 0, 0, 0, 0, 0, 0, 0, 0, 0, 0, 0, 149]","""[0, 8, 2, 5, 6, 7, 5, 3, 5, 9, 6, 3, 2, 6, 4, 2, 2, 1, 3, 7, 2, 81, 67, 100, 25, 71, 102, 113, 86, 140, 56, 138, 127, 16, 54, 116, 149, 0]"""
j20,1,reactive,600,True,42,0.09609651565551758,0.4473857879638672,"[0, 0, 0, 0, 9, 9, 15, 4, 22, 9, 21, 8, 21, 29, 31, 9, 24, 31, 38, 35, 27, 0, 0, 0, 0, 0, 0, 0, 0, 0, 0, 0, 0, 0, 0, 0, 0, 42]","[0, 8, 2, 5, 6, 7, 5, 3, 5, 9, 6, 3, 2, 6, 4, 2, 2, 1, 3, 7, 2, 81, 67, 100, 25, 71, 102, 113, 86, 140, 56, 138, 127, 16, 54, 116, 149, 0]"
j20,1,stnu,600,True,35,0.9488182067871094,0.052697181701660156,"[0, 0, 0, 0, 8, 8, 14, 2, 17, 8, 17, 5, 17, 22, 23, 5, 19, 23, 28, 28, 21, 0, 0, 0, 0, 0, 0, 0, 0, 0, 0, 0, 0, 0, 0, 0, 0, 35]","""[0, 8, 2, 5, 6, 7, 5, 3, 5, 9, 6, 3, 2, 6, 4, 2, 2, 1, 3, 7, 2, 81, 67, 100, 25, 71, 102, 113, 86, 140, 56, 138, 127, 16, 54, 116, 149, 0]"""
j20,1,proactive_robust,600,True,44,0.10191535949707031,0.002568483352661133,"[0, 0, 0, 0, 9, 9, 15, 4, 22, 9, 21, 8, 21, 29, 31, 9, 24, 31, 38, 35, 27, 0, 0, 0, 0, 0, 0, 0, 0, 0, 0, 0, 0, 0, 0, 0, 0, 149]","""[0, 6, 4, 8, 6, 13, 8, 1, 6, 9, 7, 2, 2, 4, 2, 6, 1, 2, 3, 7, 6, 81, 67, 100, 25, 71, 102, 113, 86, 140, 56, 138, 127, 16, 54, 116, 149, 0]"""
j20,1,reactive,600,True,42,0.10191535949707031,0.309110164642334,"[0, 0, 0, 0, 9, 9, 15, 4, 22, 9, 21, 8, 21, 29, 31, 9, 24, 31, 38, 35, 27, 0, 0, 0, 0, 0, 0, 0, 0, 0, 0, 0, 0, 0, 0, 0, 0, 42]","[0, 6, 4, 8, 6, 13, 8, 1, 6, 9, 7, 2, 2, 4, 2, 6, 1, 2, 3, 7, 6, 81, 67, 100, 25, 71, 102, 113, 86, 140, 56, 138, 127, 16, 54, 116, 149, 0]"
j20,1,stnu,600,True,38,0.9796762466430664,0.0534663200378418,"[0, 0, 0, 0, 8, 8, 14, 4, 21, 8, 17, 5, 17, 27, 27, 8, 22, 24, 31, 31, 23, 0, 0, 0, 0, 0, 0, 0, 0, 0, 0, 0, 0, 0, 0, 0, 0, 38]","""[0, 6, 4, 8, 6, 13, 8, 1, 6, 9, 7, 2, 2, 4, 2, 6, 1, 2, 3, 7, 6, 81, 67, 100, 25, 71, 102, 113, 86, 140, 56, 138, 127, 16, 54, 116, 149, 0]"""
j20,1,proactive_robust,600,True,44,0.09690070152282715,0.0026373863220214844,"[0, 0, 0, 0, 9, 9, 15, 4, 22, 9, 21, 8, 21, 29, 31, 9, 24, 31, 38, 35, 27, 0, 0, 0, 0, 0, 0, 0, 0, 0, 0, 0, 0, 0, 0, 0, 0, 149]","""[0, 8, 3, 7, 4, 9, 5, 4, 5, 8, 5, 3, 2, 3, 5, 3, 3, 1, 4, 8, 5, 81, 67, 100, 25, 71, 102, 113, 86, 140, 56, 138, 127, 16, 54, 116, 149, 0]"""
j20,1,reactive,600,True,43,0.09690070152282715,0.41028451919555664,"[0, 0, 0, 0, 9, 9, 15, 4, 22, 9, 21, 8, 21, 29, 31, 9, 24, 31, 38, 35, 27, 0, 0, 0, 0, 0, 0, 0, 0, 0, 0, 0, 0, 0, 0, 0, 0, 43]","[0, 8, 3, 7, 4, 9, 5, 4, 5, 8, 5, 3, 2, 3, 5, 3, 3, 1, 4, 8, 5, 81, 67, 100, 25, 71, 102, 113, 86, 140, 56, 138, 127, 16, 54, 116, 149, 0]"
j20,1,stnu,600,True,33,1.0743815898895264,0.05260825157165527,"[0, 0, 0, 0, 8, 8, 12, 3, 17, 8, 16, 7, 16, 22, 22, 7, 17, 21, 27, 25, 20, 0, 0, 0, 0, 0, 0, 0, 0, 0, 0, 0, 0, 0, 0, 0, 0, 33]","""[0, 8, 3, 7, 4, 9, 5, 4, 5, 8, 5, 3, 2, 3, 5, 3, 3, 1, 4, 8, 5, 81, 67, 100, 25, 71, 102, 113, 86, 140, 56, 138, 127, 16, 54, 116, 149, 0]"""
j20,1,proactive_robust,600,True,44,0.10176658630371094,0.002544879913330078,"[0, 0, 0, 0, 9, 9, 15, 4, 22, 9, 21, 8, 21, 29, 31, 9, 24, 31, 38, 35, 27, 0, 0, 0, 0, 0, 0, 0, 0, 0, 0, 0, 0, 0, 0, 0, 0, 149]","""[0, 4, 1, 6, 3, 12, 6, 1, 3, 8, 10, 3, 4, 4, 4, 2, 2, 1, 3, 5, 2, 81, 67, 100, 25, 71, 102, 113, 86, 140, 56, 138, 127, 16, 54, 116, 149, 0]"""
j20,1,reactive,600,True,40,0.10176658630371094,0.6059460639953613,"[0, 0, 0, 0, 9, 9, 15, 4, 22, 9, 21, 8, 21, 29, 31, 9, 24, 31, 35, 35, 27, 0, 0, 0, 0, 0, 0, 0, 0, 0, 0, 0, 0, 0, 0, 0, 0, 40]","[0, 4, 1, 6, 3, 12, 6, 1, 3, 8, 10, 3, 4, 4, 4, 2, 2, 1, 3, 5, 2, 81, 67, 100, 25, 71, 102, 113, 86, 140, 56, 138, 127, 16, 54, 116, 149, 0]"
j20,1,stnu,600,True,31,0.9656546115875244,0.052754878997802734,"[0, 0, 0, 0, 6, 6, 9, 1, 18, 6, 14, 2, 14, 21, 24, 6, 15, 24, 28, 25, 18, 0, 0, 0, 0, 0, 0, 0, 0, 0, 0, 0, 0, 0, 0, 0, 0, 31]","""[0, 4, 1, 6, 3, 12, 6, 1, 3, 8, 10, 3, 4, 4, 4, 2, 2, 1, 3, 5, 2, 81, 67, 100, 25, 71, 102, 113, 86, 140, 56, 138, 127, 16, 54, 116, 149, 0]"""
j20,1,proactive_robust,600,True,44,0.1207122802734375,0.0018465518951416016,"[0, 0, 5, 0, 3, 10, 6, 17, 4, 6, 8, 19, 27, 8, 21, 25, 32, 23, 12, 35, 30, 0, 0, 0, 0, 0, 0, 0, 0, 0, 0, 0, 0, 0, 0, 139]","""[0, 4, 5, 1, 1, 2, 1, 2, 1, 2, 1, 4, 1, 3, 1, 4, 2, 2, 2, 7, 6, 114, 17, 25, 139, 71, 65, 49, 68, 51, 47, 113, 19, 139, 59, 0]"""
j20,1,reactive,600,True,42,0.1207122802734375,0.5055301189422607,"[0, 0, 5, 0, 3, 10, 6, 17, 4, 6, 8, 19, 27, 8, 21, 25, 32, 23, 12, 35, 30, 0, 0, 0, 0, 0, 0, 0, 0, 0, 0, 0, 0, 0, 0, 42]","[0, 4, 5, 1, 1, 2, 1, 2, 1, 2, 1, 4, 1, 3, 1, 4, 2, 2, 2, 7, 6, 114, 17, 25, 139, 71, 65, 49, 68, 51, 47, 113, 19, 139, 59, 0]"
j20,1,stnu,600,True,29,0.9974532127380371,0.05155205726623535,"[0, 0, 4, 0, 1, 8, 5, 10, 4, 5, 7, 12, 16, 7, 12, 16, 20, 13, 10, 22, 17, 0, 0, 0, 0, 0, 0, 0, 0, 0, 0, 0, 0, 0, 0, 29]","""[0, 4, 5, 1, 1, 2, 1, 2, 1, 2, 1, 4, 1, 3, 1, 4, 2, 2, 2, 7, 6, 114, 17, 25, 139, 71, 65, 49, 68, 51, 47, 113, 19, 139, 59, 0]"""
j20,1,proactive_robust,600,True,48,0.11781477928161621,0.0018842220306396484,"[0, 0, 6, 0, 4, 9, 6, 19, 4, 6, 9, 12, 24, 8, 23, 25, 32, 36, 12, 40, 27, 0, 0, 0, 0, 0, 0, 0, 0, 0, 0, 0, 0, 0, 0, 139]","""[0, 3, 2, 3, 1, 2, 1, 1, 1, 2, 1, 8, 3, 1, 1, 2, 1, 3, 7, 6, 4, 114, 17, 25, 139, 71, 65, 49, 68, 51, 47, 113, 19, 139, 59, 0]"""
j20,1,reactive,600,True,45,0.11781477928161621,0.5567781925201416,"[0, 0, 6, 0, 4, 9, 6, 19, 4, 6, 9, 12, 24, 8, 23, 25, 32, 36, 12, 39, 27, 0, 0, 0, 0, 0, 0, 0, 0, 0, 0, 0, 0, 0, 0, 45]","[0, 3, 2, 3, 1, 2, 1, 1, 1, 2, 1, 8, 3, 1, 1, 2, 1, 3, 7, 6, 4, 114, 17, 25, 139, 71, 65, 49, 68, 51, 47, 113, 19, 139, 59, 0]"
j20,1,stnu,600,True,33,1.0071303844451904,0.05155324935913086,"[0, 0, 4, 0, 3, 7, 4, 10, 3, 4, 6, 12, 18, 6, 12, 18, 21, 13, 10, 24, 21, 0, 0, 0, 0, 0, 0, 0, 0, 0, 0, 0, 0, 0, 0, 33]","""[0, 3, 6, 3, 1, 2, 1, 1, 1, 2, 1, 6, 3, 2, 1, 2, 3, 3, 2, 9, 2, 114, 17, 25, 139, 71, 65, 49, 68, 51, 47, 113, 19, 139, 59, 0]"""
j20,1,proactive_robust,600,True,44,0.11749100685119629,0.0018813610076904297,"[0, 0, 5, 0, 3, 10, 6, 17, 4, 6, 8, 19, 27, 8, 21, 25, 32, 23, 12, 35, 30, 0, 0, 0, 0, 0, 0, 0, 0, 0, 0, 0, 0, 0, 0, 139]","""[0, 4, 6, 1, 2, 5, 2, 1, 1, 2, 2, 3, 3, 2, 1, 4, 2, 4, 2, 8, 4, 114, 17, 25, 139, 71, 65, 49, 68, 51, 47, 113, 19, 139, 59, 0]"""
j20,1,reactive,600,True,43,0.11749100685119629,0.36188292503356934,"[0, 0, 5, 0, 3, 10, 6, 17, 4, 6, 8, 19, 27, 8, 21, 25, 32, 23, 12, 35, 30, 0, 0, 0, 0, 0, 0, 0, 0, 0, 0, 0, 0, 0, 0, 43]","[0, 4, 6, 1, 2, 5, 2, 1, 1, 2, 2, 3, 3, 2, 1, 4, 2, 4, 2, 8, 4, 114, 17, 25, 139, 71, 65, 49, 68, 51, 47, 113, 19, 139, 59, 0]"
j20,1,stnu,600,True,33,1.126929521560669,0.051448822021484375,"[0, 0, 4, 0, 1, 9, 5, 14, 4, 5, 7, 14, 20, 7, 15, 17, 23, 16, 10, 25, 23, 0, 0, 0, 0, 0, 0, 0, 0, 0, 0, 0, 0, 0, 0, 33]","""[0, 4, 6, 1, 2, 5, 2, 1, 1, 2, 2, 3, 3, 2, 1, 4, 2, 4, 2, 8, 4, 114, 17, 25, 139, 71, 65, 49, 68, 51, 47, 113, 19, 139, 59, 0]"""
j20,1,proactive_robust,600,True,44,0.10929036140441895,0.0018091201782226562,"[0, 0, 5, 0, 3, 10, 6, 17, 4, 6, 8, 19, 27, 8, 21, 25, 32, 23, 12, 35, 30, 0, 0, 0, 0, 0, 0, 0, 0, 0, 0, 0, 0, 0, 0, 139]","""[0, 3, 6, 1, 2, 3, 2, 2, 1, 2, 1, 2, 3, 2, 2, 5, 3, 3, 2, 4, 4, 114, 17, 25, 139, 71, 65, 49, 68, 51, 47, 113, 19, 139, 59, 0]"""
j20,1,reactive,600,True,39,0.10929036140441895,0.41077446937561035,"[0, 0, 5, 0, 3, 10, 6, 17, 4, 6, 8, 19, 27, 8, 21, 25, 32, 23, 12, 35, 30, 0, 0, 0, 0, 0, 0, 0, 0, 0, 0, 0, 0, 0, 0, 39]","[0, 3, 6, 1, 2, 3, 2, 2, 1, 2, 1, 2, 3, 2, 2, 5, 3, 3, 2, 4, 4, 114, 17, 25, 139, 71, 65, 49, 68, 51, 47, 113, 19, 139, 59, 0]"
j20,1,stnu,600,True,27,1.2422385215759277,0.05121278762817383,"[0, 0, 3, 0, 1, 7, 4, 10, 3, 4, 6, 11, 17, 6, 12, 14, 20, 14, 9, 23, 20, 0, 0, 0, 0, 0, 0, 0, 0, 0, 0, 0, 0, 0, 0, 27]","""[0, 3, 6, 1, 2, 3, 2, 2, 1, 2, 1, 2, 3, 2, 2, 5, 3, 3, 2, 4, 4, 114, 17, 25, 139, 71, 65, 49, 68, 51, 47, 113, 19, 139, 59, 0]"""
j20,1,proactive_robust,600,True,44,0.11739230155944824,0.001859426498413086,"[0, 0, 5, 0, 3, 10, 6, 17, 4, 6, 8, 19, 27, 8, 21, 25, 32, 23, 12, 35, 30, 0, 0, 0, 0, 0, 0, 0, 0, 0, 0, 0, 0, 0, 0, 139]","""[0, 1, 6, 2, 2, 2, 2, 3, 1, 1, 2, 4, 1, 1, 1, 5, 2, 3, 3, 9, 2, 114, 17, 25, 139, 71, 65, 49, 68, 51, 47, 113, 19, 139, 59, 0]"""
j20,1,reactive,600,True,41,0.11739230155944824,0.4860086441040039,"[0, 0, 5, 0, 3, 10, 6, 17, 4, 6, 8, 19, 27, 8, 21, 25, 30, 23, 12, 32, 30, 0, 0, 0, 0, 0, 0, 0, 0, 0, 0, 0, 0, 0, 0, 41]","[0, 1, 6, 2, 2, 2, 2, 3, 1, 1, 2, 4, 1, 1, 1, 5, 2, 3, 3, 9, 2, 114, 17, 25, 139, 71, 65, 49, 68, 51, 47, 113, 19, 139, 59, 0]"
j20,1,stnu,600,True,33,1.0211234092712402,0.05110335350036621,"[0, 0, 4, 0, 2, 7, 2, 10, 1, 4, 5, 13, 17, 5, 13, 17, 22, 14, 10, 24, 18, 0, 0, 0, 0, 0, 0, 0, 0, 0, 0, 0, 0, 0, 0, 33]","""[0, 1, 6, 2, 2, 2, 2, 3, 1, 1, 2, 4, 1, 1, 1, 5, 2, 3, 3, 9, 2, 114, 17, 25, 139, 71, 65, 49, 68, 51, 47, 113, 19, 139, 59, 0]"""
j20,1,proactive_robust,600,True,48,0.12123632431030273,0.0018329620361328125,"[0, 0, 6, 0, 4, 9, 6, 19, 4, 6, 9, 12, 24, 8, 23, 25, 32, 36, 12, 40, 27, 0, 0, 0, 0, 0, 0, 0, 0, 0, 0, 0, 0, 0, 0, 139]","""[0, 3, 2, 3, 1, 5, 2, 4, 1, 1, 2, 10, 1, 1, 2, 6, 2, 1, 7, 6, 8, 114, 17, 25, 139, 71, 65, 49, 68, 51, 47, 113, 19, 139, 59, 0]"""
j20,1,reactive,600,True,43,0.12123632431030273,0.4544663429260254,"[0, 0, 6, 0, 4, 9, 6, 19, 4, 6, 9, 12, 24, 8, 23, 25, 32, 36, 12, 37, 27, 0, 0, 0, 0, 0, 0, 0, 0, 0, 0, 0, 0, 0, 0, 43]","[0, 3, 2, 3, 1, 5, 2, 4, 1, 1, 2, 10, 1, 1, 2, 6, 2, 1, 7, 6, 8, 114, 17, 25, 139, 71, 65, 49, 68, 51, 47, 113, 19, 139, 59, 0]"
j20,1,stnu,600,True,31,0.9988102912902832,0.05128288269042969,"[0, 0, 3, 0, 1, 7, 4, 12, 3, 4, 5, 12, 19, 5, 16, 18, 24, 18, 8, 25, 20, 0, 0, 0, 0, 0, 0, 0, 0, 0, 0, 0, 0, 0, 0, 31]","""[0, 3, 5, 1, 1, 5, 1, 4, 1, 1, 2, 4, 1, 1, 2, 6, 1, 1, 3, 6, 6, 114, 17, 25, 139, 71, 65, 49, 68, 51, 47, 113, 19, 139, 59, 0]"""
j20,1,proactive_robust,600,True,44,0.12619948387145996,0.0018243789672851562,"[0, 0, 5, 0, 3, 10, 6, 17, 4, 6, 8, 19, 27, 8, 21, 25, 32, 23, 12, 35, 30, 0, 0, 0, 0, 0, 0, 0, 0, 0, 0, 0, 0, 0, 0, 139]","""[0, 3, 5, 1, 2, 3, 2, 1, 1, 2, 1, 5, 1, 1, 2, 2, 1, 2, 6, 7, 2, 114, 17, 25, 139, 71, 65, 49, 68, 51, 47, 113, 19, 139, 59, 0]"""
j20,1,reactive,600,True,42,0.12619948387145996,0.4697878360748291,"[0, 0, 5, 0, 3, 10, 6, 17, 4, 6, 8, 19, 27, 8, 21, 25, 32, 23, 12, 35, 30, 0, 0, 0, 0, 0, 0, 0, 0, 0, 0, 0, 0, 0, 0, 42]","[0, 3, 5, 1, 2, 3, 2, 1, 1, 2, 1, 5, 1, 1, 2, 2, 1, 2, 6, 7, 2, 114, 17, 25, 139, 71, 65, 49, 68, 51, 47, 113, 19, 139, 59, 0]"
j20,1,stnu,600,True,29,1.0065157413482666,0.051119327545166016,"[0, 0, 3, 0, 1, 7, 4, 10, 3, 4, 6, 14, 19, 6, 14, 19, 21, 16, 8, 22, 20, 0, 0, 0, 0, 0, 0, 0, 0, 0, 0, 0, 0, 0, 0, 29]","""[0, 3, 5, 1, 2, 3, 2, 1, 1, 2, 1, 5, 1, 1, 2, 2, 1, 2, 6, 7, 2, 114, 17, 25, 139, 71, 65, 49, 68, 51, 47, 113, 19, 139, 59, 0]"""
j20,1,proactive_robust,600,True,44,0.12319326400756836,0.0018801689147949219,"[0, 0, 5, 0, 3, 10, 6, 17, 4, 6, 8, 19, 27, 8, 21, 25, 32, 23, 12, 35, 30, 0, 0, 0, 0, 0, 0, 0, 0, 0, 0, 0, 0, 0, 0, 139]","""[0, 4, 5, 1, 1, 3, 2, 3, 1, 2, 1, 4, 1, 3, 2, 6, 1, 4, 4, 4, 4, 114, 17, 25, 139, 71, 65, 49, 68, 51, 47, 113, 19, 139, 59, 0]"""
j20,1,reactive,600,True,39,0.12319326400756836,0.39698052406311035,"[0, 0, 5, 0, 3, 10, 6, 17, 4, 6, 8, 19, 27, 8, 21, 25, 32, 23, 12, 35, 30, 0, 0, 0, 0, 0, 0, 0, 0, 0, 0, 0, 0, 0, 0, 39]","[0, 4, 5, 1, 1, 3, 2, 3, 1, 2, 1, 4, 1, 3, 2, 6, 1, 4, 4, 4, 4, 114, 17, 25, 139, 71, 65, 49, 68, 51, 47, 113, 19, 139, 59, 0]"
j20,1,stnu,600,True,29,1.1080164909362793,0.051313161849975586,"[0, 0, 4, 0, 1, 8, 5, 11, 4, 5, 7, 14, 20, 7, 14, 18, 24, 16, 10, 25, 21, 0, 0, 0, 0, 0, 0, 0, 0, 0, 0, 0, 0, 0, 0, 29]","""[0, 4, 5, 1, 1, 3, 2, 3, 1, 2, 1, 4, 1, 3, 2, 6, 1, 4, 4, 4, 4, 114, 17, 25, 139, 71, 65, 49, 68, 51, 47, 113, 19, 139, 59, 0]"""
j20,1,proactive_robust,600,True,44,0.11937189102172852,0.0018684864044189453,"[0, 0, 5, 0, 3, 10, 6, 17, 4, 6, 8, 19, 27, 8, 21, 25, 32, 23, 12, 35, 30, 0, 0, 0, 0, 0, 0, 0, 0, 0, 0, 0, 0, 0, 0, 139]","""[0, 1, 7, 3, 2, 2, 1, 3, 1, 2, 1, 4, 2, 3, 2, 4, 2, 2, 6, 5, 6, 114, 17, 25, 139, 71, 65, 49, 68, 51, 47, 113, 19, 139, 59, 0]"""
j20,1,reactive,600,True,40,0.11937189102172852,0.3908202648162842,"[0, 0, 5, 0, 3, 10, 6, 17, 4, 6, 8, 19, 27, 8, 21, 25, 32, 23, 12, 35, 30, 0, 0, 0, 0, 0, 0, 0, 0, 0, 0, 0, 0, 0, 0, 40]","[0, 1, 7, 3, 2, 2, 1, 3, 1, 2, 1, 4, 2, 3, 2, 4, 2, 2, 6, 5, 6, 114, 17, 25, 139, 71, 65, 49, 68, 51, 47, 113, 19, 139, 59, 0]"
j20,1,stnu,600,True,33,1.1110868453979492,0.051535606384277344,"[0, 0, 5, 0, 3, 8, 2, 12, 1, 5, 7, 18, 22, 7, 18, 22, 26, 20, 12, 28, 24, 0, 0, 0, 0, 0, 0, 0, 0, 0, 0, 0, 0, 0, 0, 33]","""[0, 1, 7, 3, 2, 2, 1, 3, 1, 2, 1, 4, 2, 3, 2, 4, 2, 2, 6, 5, 6, 114, 17, 25, 139, 71, 65, 49, 68, 51, 47, 113, 19, 139, 59, 0]"""
j20,1,proactive_robust,600,True,44,0.1255812644958496,0.0017886161804199219,"[0, 0, 5, 0, 3, 10, 6, 17, 4, 6, 8, 19, 27, 8, 21, 25, 32, 23, 12, 35, 30, 0, 0, 0, 0, 0, 0, 0, 0, 0, 0, 0, 0, 0, 0, 139]","""[0, 3, 3, 2, 2, 3, 1, 2, 1, 1, 1, 4, 2, 1, 1, 4, 3, 1, 3, 5, 3, 114, 17, 25, 139, 71, 65, 49, 68, 51, 47, 113, 19, 139, 59, 0]"""
j20,1,reactive,600,True,40,0.1255812644958496,0.5943288803100586,"[0, 0, 5, 0, 3, 10, 6, 17, 4, 6, 8, 19, 27, 8, 21, 25, 32, 23, 12, 35, 30, 0, 0, 0, 0, 0, 0, 0, 0, 0, 0, 0, 0, 0, 0, 40]","[0, 3, 3, 2, 2, 3, 1, 2, 1, 1, 1, 4, 2, 1, 1, 4, 3, 1, 3, 5, 3, 114, 17, 25, 139, 71, 65, 49, 68, 51, 47, 113, 19, 139, 59, 0]"
j20,1,stnu,600,True,26,0.992830753326416,0.05132794380187988,"[0, 0, 4, 0, 2, 6, 4, 9, 3, 4, 5, 10, 14, 5, 11, 14, 18, 12, 7, 21, 16, 0, 0, 0, 0, 0, 0, 0, 0, 0, 0, 0, 0, 0, 0, 26]","""[0, 3, 3, 2, 2, 3, 1, 2, 1, 1, 1, 4, 2, 1, 1, 4, 3, 1, 3, 5, 3, 114, 17, 25, 139, 71, 65, 49, 68, 51, 47, 113, 19, 139, 59, 0]"""
j20,1,proactive_robust,600,True,40,0.09247922897338867,0.0012080669403076172,"[0, 3, 0, 0, 3, 5, 3, 9, 3, 11, 9, 9, 17, 17, 3, 9, 23, 20, 36, 26, 26, 0, 0, 0, 0, 0, 0, 0, 0, 139]","""[0, 3, 2, 2, 1, 2, 2, 2, 1, 5, 5, 3, 6, 2, 6, 6, 12, 5, 3, 6, 2, 40, 91, 103, 139, 83, 42, 46, 24, 0]"""
j20,1,reactive,600,True,39,0.09247922897338867,0.3726541996002197,"[0, 3, 0, 0, 3, 5, 3, 9, 3, 11, 9, 9, 17, 17, 3, 9, 23, 20, 36, 26, 26, 0, 0, 0, 0, 0, 0, 0, 0, 39]","[0, 3, 2, 2, 1, 2, 2, 2, 1, 5, 5, 3, 6, 2, 6, 6, 12, 5, 3, 6, 2, 40, 91, 103, 139, 83, 42, 46, 24, 0]"
j20,1,stnu,600,True,34,0.944324254989624,0.03026127815246582,"[0, 2, 0, 0, 2, 3, 2, 5, 2, 7, 8, 5, 13, 13, 2, 8, 19, 15, 31, 20, 20, 0, 0, 0, 0, 0, 0, 0, 0, 34]","""[0, 3, 2, 2, 1, 2, 2, 2, 1, 5, 5, 3, 6, 2, 6, 6, 12, 5, 3, 6, 2, 40, 91, 103, 139, 83, 42, 46, 24, 0]"""
j20,1,proactive_robust,600,True,40,0.097991943359375,0.0012307167053222656,"[0, 3, 0, 0, 3, 5, 3, 9, 3, 11, 9, 9, 17, 17, 3, 9, 23, 20, 36, 26, 26, 0, 0, 0, 0, 0, 0, 0, 0, 139]","""[0, 3, 2, 2, 2, 2, 3, 1, 4, 5, 5, 8, 4, 3, 6, 5, 7, 2, 4, 6, 3, 40, 91, 103, 139, 83, 42, 46, 24, 0]"""
j20,1,reactive,600,True,34,0.097991943359375,0.27168846130371094,"[0, 3, 0, 0, 3, 5, 3, 9, 3, 11, 9, 9, 17, 17, 3, 9, 23, 20, 30, 26, 26, 0, 0, 0, 0, 0, 0, 0, 0, 34]","[0, 3, 2, 2, 2, 2, 3, 1, 4, 5, 5, 8, 4, 3, 6, 5, 7, 2, 4, 6, 3, 40, 91, 103, 139, 83, 42, 46, 24, 0]"
j20,1,stnu,600,True,29,0.9178500175476074,0.03052544593811035,"[0, 2, 0, 0, 2, 4, 2, 6, 2, 7, 8, 6, 14, 14, 2, 8, 18, 17, 25, 19, 19, 0, 0, 0, 0, 0, 0, 0, 0, 29]","""[0, 3, 2, 2, 2, 2, 3, 1, 4, 5, 5, 8, 4, 3, 6, 5, 7, 2, 4, 6, 3, 40, 91, 103, 139, 83, 42, 46, 24, 0]"""
j20,1,proactive_robust,600,True,40,0.09064412117004395,0.001201629638671875,"[0, 3, 0, 0, 3, 5, 3, 9, 3, 11, 9, 9, 17, 17, 3, 9, 23, 20, 36, 26, 26, 0, 0, 0, 0, 0, 0, 0, 0, 139]","""[0, 2, 2, 3, 1, 2, 5, 2, 4, 9, 6, 6, 4, 2, 2, 6, 7, 2, 2, 2, 3, 40, 91, 103, 139, 83, 42, 46, 24, 0]"""
j20,1,reactive,600,True,32,0.09064412117004395,0.3077423572540283,"[0, 3, 0, 0, 3, 5, 3, 9, 3, 11, 9, 9, 17, 17, 3, 9, 23, 20, 30, 26, 26, 0, 0, 0, 0, 0, 0, 0, 0, 32]","[0, 2, 2, 3, 1, 2, 5, 2, 4, 9, 6, 6, 4, 2, 2, 6, 7, 2, 2, 2, 3, 40, 91, 103, 139, 83, 42, 46, 24, 0]"
j20,1,stnu,600,True,26,0.8828790187835693,0.03034806251525879,"[0, 3, 0, 0, 3, 4, 2, 6, 2, 8, 7, 7, 13, 13, 3, 6, 17, 15, 24, 17, 17, 0, 0, 0, 0, 0, 0, 0, 0, 26]","""[0, 2, 2, 3, 1, 2, 5, 2, 4, 9, 6, 6, 4, 2, 2, 6, 7, 2, 2, 2, 3, 40, 91, 103, 139, 83, 42, 46, 24, 0]"""
j20,1,proactive_robust,600,True,40,0.09835004806518555,0.001230001449584961,"[0, 3, 0, 0, 3, 5, 3, 9, 3, 11, 9, 9, 17, 17, 3, 9, 23, 20, 36, 26, 26, 0, 0, 0, 0, 0, 0, 0, 0, 139]","""[0, 6, 3, 1, 2, 3, 5, 1, 3, 6, 6, 3, 4, 1, 4, 3, 8, 4, 3, 7, 3, 40, 91, 103, 139, 83, 42, 46, 24, 0]"""
j20,1,reactive,600,True,34,0.09835004806518555,0.32419586181640625,"[0, 3, 0, 0, 3, 5, 3, 9, 3, 11, 9, 9, 17, 17, 3, 9, 23, 20, 31, 26, 26, 0, 0, 0, 0, 0, 0, 0, 0, 34]","[0, 6, 3, 1, 2, 3, 5, 1, 3, 6, 6, 3, 4, 1, 4, 3, 8, 4, 3, 7, 3, 40, 91, 103, 139, 83, 42, 46, 24, 0]"
j20,1,stnu,600,True,30,0.8879857063293457,0.030127286911010742,"[0, 3, 0, 0, 3, 5, 3, 9, 3, 10, 9, 8, 15, 15, 1, 8, 19, 16, 27, 20, 20, 0, 0, 0, 0, 0, 0, 0, 0, 30]","""[0, 6, 3, 1, 2, 3, 5, 1, 3, 6, 6, 3, 4, 1, 4, 3, 8, 4, 3, 7, 3, 40, 91, 103, 139, 83, 42, 46, 24, 0]"""
j20,1,proactive_robust,600,True,40,0.09390568733215332,0.0012326240539550781,"[0, 3, 0, 0, 3, 5, 3, 9, 3, 11, 9, 9, 17, 17, 3, 9, 23, 20, 36, 26, 26, 0, 0, 0, 0, 0, 0, 0, 0, 139]","""[0, 3, 3, 2, 1, 4, 2, 1, 3, 8, 7, 7, 5, 2, 4, 2, 7, 4, 3, 3, 2, 40, 91, 103, 139, 83, 42, 46, 24, 0]"""
j20,1,reactive,600,True,33,0.09390568733215332,0.33437561988830566,"[0, 3, 0, 0, 3, 5, 3, 9, 3, 11, 9, 9, 17, 17, 3, 9, 23, 20, 30, 26, 26, 0, 0, 0, 0, 0, 0, 0, 0, 33]","[0, 3, 3, 2, 1, 4, 2, 1, 3, 8, 7, 7, 5, 2, 4, 2, 7, 4, 3, 3, 2, 40, 91, 103, 139, 83, 42, 46, 24, 0]"
j20,1,stnu,600,True,30,0.8929522037506104,0.030223608016967773,"[0, 3, 0, 0, 3, 4, 3, 8, 3, 9, 6, 8, 15, 15, 2, 8, 20, 17, 27, 21, 21, 0, 0, 0, 0, 0, 0, 0, 0, 30]","""[0, 3, 3, 2, 1, 4, 2, 1, 3, 8, 7, 7, 5, 2, 4, 2, 7, 4, 3, 3, 2, 40, 91, 103, 139, 83, 42, 46, 24, 0]"""
j20,1,proactive_robust,600,True,40,0.09053516387939453,0.0011839866638183594,"[0, 3, 0, 0, 3, 5, 3, 9, 3, 11, 9, 9, 17, 17, 3, 9, 23, 20, 36, 26, 26, 0, 0, 0, 0, 0, 0, 0, 0, 139]","""[0, 3, 3, 1, 2, 4, 6, 1, 1, 8, 5, 3, 3, 3, 4, 3, 10, 2, 2, 3, 2, 40, 91, 103, 139, 83, 42, 46, 24, 0]"""
j20,1,reactive,600,True,35,0.09053516387939453,0.3071708679199219,"[0, 3, 0, 0, 3, 5, 3, 9, 3, 11, 9, 9, 17, 17, 3, 9, 23, 20, 33, 26, 26, 0, 0, 0, 0, 0, 0, 0, 0, 35]","[0, 3, 3, 1, 2, 4, 6, 1, 1, 8, 5, 3, 3, 3, 4, 3, 10, 2, 2, 3, 2, 40, 91, 103, 139, 83, 42, 46, 24, 0]"
j20,1,stnu,600,True,30,0.8829944133758545,0.030396699905395508,"[0, 3, 0, 0, 3, 5, 3, 9, 3, 10, 9, 9, 14, 14, 1, 9, 18, 17, 28, 19, 19, 0, 0, 0, 0, 0, 0, 0, 0, 30]","""[0, 3, 3, 1, 2, 4, 6, 1, 1, 8, 5, 3, 3, 3, 4, 3, 10, 2, 2, 3, 2, 40, 91, 103, 139, 83, 42, 46, 24, 0]"""
j20,1,proactive_robust,600,True,40,0.09671640396118164,0.0012078285217285156,"[0, 3, 0, 0, 3, 5, 3, 9, 3, 11, 9, 9, 17, 17, 3, 9, 23, 20, 36, 26, 26, 0, 0, 0, 0, 0, 0, 0, 0, 139]","""[0, 4, 2, 1, 1, 3, 6, 2, 1, 8, 5, 3, 4, 3, 6, 3, 6, 2, 1, 3, 2, 40, 91, 103, 139, 83, 42, 46, 24, 0]"""
j20,1,reactive,600,True,30,0.09671640396118164,0.35892224311828613,"[0, 3, 0, 0, 3, 5, 3, 9, 3, 11, 9, 9, 17, 17, 3, 9, 23, 20, 29, 26, 26, 0, 0, 0, 0, 0, 0, 0, 0, 30]","[0, 4, 2, 1, 1, 3, 6, 2, 1, 8, 5, 3, 4, 3, 6, 3, 6, 2, 1, 3, 2, 40, 91, 103, 139, 83, 42, 46, 24, 0]"
j20,1,stnu,600,True,24,0.8857433795928955,0.030255794525146484,"[0, 2, 0, 0, 2, 3, 2, 6, 2, 8, 8, 8, 13, 13, 1, 7, 17, 16, 23, 18, 18, 0, 0, 0, 0, 0, 0, 0, 0, 24]","""[0, 4, 2, 1, 1, 3, 6, 2, 1, 8, 5, 3, 4, 3, 6, 3, 6, 2, 1, 3, 2, 40, 91, 103, 139, 83, 42, 46, 24, 0]"""
j20,1,proactive_robust,600,True,40,0.09174180030822754,0.0012280941009521484,"[0, 3, 0, 0, 3, 5, 3, 9, 3, 11, 9, 9, 17, 17, 3, 9, 23, 20, 36, 26, 26, 0, 0, 0, 0, 0, 0, 0, 0, 139]","""[0, 5, 2, 2, 1, 4, 4, 2, 1, 5, 6, 7, 4, 1, 6, 6, 12, 4, 3, 7, 3, 40, 91, 103, 139, 83, 42, 46, 24, 0]"""
j20,1,reactive,600,True,39,0.09174180030822754,0.3242301940917969,"[0, 3, 0, 0, 3, 5, 3, 9, 3, 11, 9, 9, 17, 17, 3, 9, 23, 20, 36, 26, 26, 0, 0, 0, 0, 0, 0, 0, 0, 39]","[0, 5, 2, 2, 1, 4, 4, 2, 1, 5, 6, 7, 4, 1, 6, 6, 12, 4, 3, 7, 3, 40, 91, 103, 139, 83, 42, 46, 24, 0]"
j20,1,stnu,600,True,33,0.9938395023345947,0.030198097229003906,"[0, 2, 0, 0, 2, 3, 2, 7, 2, 9, 8, 7, 14, 14, 2, 8, 18, 15, 30, 19, 19, 0, 0, 0, 0, 0, 0, 0, 0, 33]","""[0, 5, 2, 2, 1, 4, 4, 2, 1, 5, 6, 7, 4, 1, 6, 6, 12, 4, 3, 7, 3, 40, 91, 103, 139, 83, 42, 46, 24, 0]"""
j20,1,proactive_robust,600,True,40,0.09724974632263184,0.0012464523315429688,"[0, 3, 0, 0, 3, 5, 3, 9, 3, 11, 9, 9, 17, 17, 3, 9, 23, 20, 36, 26, 26, 0, 0, 0, 0, 0, 0, 0, 0, 139]","""[0, 3, 2, 1, 1, 3, 4, 1, 2, 7, 6, 8, 6, 2, 6, 5, 12, 5, 3, 6, 2, 40, 91, 103, 139, 83, 42, 46, 24, 0]"""
j20,1,reactive,600,True,39,0.09724974632263184,0.3641641139984131,"[0, 3, 0, 0, 3, 5, 3, 9, 3, 11, 9, 9, 17, 17, 3, 9, 23, 20, 36, 26, 26, 0, 0, 0, 0, 0, 0, 0, 0, 39]","[0, 3, 2, 1, 1, 3, 4, 1, 2, 7, 6, 8, 6, 2, 6, 5, 12, 5, 3, 6, 2, 40, 91, 103, 139, 83, 42, 46, 24, 0]"
j20,1,stnu,600,True,35,1.0100841522216797,0.0303952693939209,"[0, 2, 0, 0, 2, 3, 2, 6, 2, 7, 7, 6, 14, 14, 1, 7, 20, 16, 32, 21, 21, 0, 0, 0, 0, 0, 0, 0, 0, 35]","""[0, 3, 2, 1, 1, 3, 4, 1, 2, 7, 6, 8, 6, 2, 6, 5, 12, 5, 3, 6, 2, 40, 91, 103, 139, 83, 42, 46, 24, 0]"""
j20,1,proactive_robust,600,True,26,0.09963440895080566,0.0011444091796875,"[0, 0, 0, 0, 3, 5, 3, 7, 3, 9, 7, 7, 14, 14, 2, 7, 20, 16, 23, 19, 19, 0, 0, 0, 0, 0, 0, 0, 0, 139]","""[0, 3, 3, 1, 2, 1, 1, 1, 1, 5, 7, 4, 2, 1, 1, 4, 1, 2, 1, 2, 3, 40, 91, 103, 139, 83, 42, 46, 24, 0]"""
j20,1,reactive,600,True,21,0.09963440895080566,0.3346116542816162,"[0, 0, 0, 0, 3, 5, 3, 7, 3, 9, 7, 7, 14, 14, 2, 7, 16, 16, 20, 18, 18, 0, 0, 0, 0, 0, 0, 0, 0, 21]","[0, 3, 3, 1, 2, 1, 1, 1, 1, 5, 7, 4, 2, 1, 1, 4, 1, 2, 1, 2, 3, 40, 91, 103, 139, 83, 42, 46, 24, 0]"
j20,1,stnu,600,True,32,0.9958782196044922,0.03034520149230957,"[0, 3, 0, 0, 3, 5, 3, 7, 3, 8, 9, 8, 16, 16, 3, 9, 18, 19, 28, 23, 23, 0, 0, 0, 0, 0, 0, 0, 0, 32]","""[0, 3, 3, 3, 2, 2, 5, 1, 1, 8, 7, 6, 2, 3, 6, 4, 10, 4, 4, 5, 2, 40, 91, 103, 139, 83, 42, 46, 24, 0]"""
j20,1,proactive_robust,600,True,64,0.09801101684570312,0.0008594989776611328,"[0, 12, 0, 0, 6, 12, 16, 6, 19, 12, 19, 10, 29, 32, 19, 29, 44, 47, 56, 19, 35, 0, 0, 0, 162]","""[0, 1, 5, 10, 1, 2, 2, 4, 3, 4, 10, 12, 3, 8, 5, 4, 2, 9, 4, 7, 6, 40, 130, 162, 0]"""
j20,1,reactive,600,True,60,0.09801101684570312,0.38535404205322266,"[0, 12, 0, 0, 6, 12, 16, 6, 19, 12, 19, 10, 29, 32, 19, 29, 44, 47, 56, 19, 35, 0, 0, 0, 60]","[0, 1, 5, 10, 1, 2, 2, 4, 3, 4, 10, 12, 3, 8, 5, 4, 2, 9, 4, 7, 6, 40, 130, 162, 0]"
j20,1,stnu,600,True,50,0.8790183067321777,0.023459196090698242,"[0, 10, 0, 0, 5, 10, 14, 5, 16, 10, 14, 6, 24, 27, 12, 24, 35, 37, 46, 16, 28, 0, 0, 0, 50]","""[0, 1, 5, 10, 1, 2, 2, 4, 3, 4, 10, 12, 3, 8, 5, 4, 2, 9, 4, 7, 6, 40, 130, 162, 0]"""
j20,1,proactive_robust,600,True,64,0.09691214561462402,0.0008637905120849609,"[0, 12, 0, 0, 6, 12, 16, 6, 19, 12, 19, 10, 29, 32, 19, 29, 44, 47, 56, 19, 35, 0, 0, 0, 162]","""[0, 2, 6, 7, 4, 7, 2, 4, 5, 4, 6, 9, 1, 6, 6, 5, 2, 5, 6, 8, 9, 40, 130, 162, 0]"""
j20,1,reactive,600,True,58,0.09691214561462402,0.41266322135925293,"[0, 12, 0, 0, 6, 12, 16, 6, 19, 12, 19, 10, 29, 32, 19, 29, 44, 47, 52, 19, 35, 0, 0, 0, 58]","[0, 2, 6, 7, 4, 7, 2, 4, 5, 4, 6, 9, 1, 6, 6, 5, 2, 5, 6, 8, 9, 40, 130, 162, 0]"
j20,1,stnu,600,True,50,0.8777651786804199,0.023203611373901367,"[0, 10, 0, 0, 6, 10, 12, 6, 14, 7, 17, 10, 23, 25, 17, 25, 31, 39, 44, 17, 30, 0, 0, 0, 50]","""[0, 2, 6, 7, 4, 7, 2, 4, 5, 4, 6, 9, 1, 6, 6, 5, 2, 5, 6, 8, 9, 40, 130, 162, 0]"""
j20,1,proactive_robust,600,True,64,0.09517908096313477,0.0008640289306640625,"[0, 12, 0, 0, 6, 12, 16, 6, 19, 12, 19, 10, 29, 32, 19, 29, 44, 47, 56, 19, 35, 0, 0, 0, 162]","""[0, 3, 4, 10, 3, 4, 3, 6, 3, 1, 5, 9, 3, 9, 5, 5, 3, 8, 3, 8, 8, 40, 130, 162, 0]"""
j20,1,reactive,600,True,59,0.09517908096313477,0.4121847152709961,"[0, 12, 0, 0, 6, 12, 16, 6, 19, 12, 19, 10, 29, 32, 19, 29, 44, 47, 56, 19, 35, 0, 0, 0, 59]","[0, 3, 4, 10, 3, 4, 3, 6, 3, 1, 5, 9, 3, 9, 5, 5, 3, 8, 3, 8, 8, 40, 130, 162, 0]"
j20,1,stnu,600,True,48,0.9228332042694092,0.023130416870117188,"[0, 10, 0, 0, 4, 10, 13, 4, 16, 10, 14, 7, 19, 24, 14, 24, 33, 37, 45, 16, 29, 0, 0, 0, 48]","""[0, 3, 4, 10, 3, 4, 3, 6, 3, 1, 5, 9, 3, 9, 5, 5, 3, 8, 3, 8, 8, 40, 130, 162, 0]"""
j20,1,proactive_robust,600,True,64,0.0928339958190918,0.000881195068359375,"[0, 12, 0, 0, 6, 12, 16, 6, 19, 12, 19, 10, 29, 32, 19, 29, 44, 47, 56, 19, 35, 0, 0, 0, 162]","""[0, 2, 4, 9, 4, 6, 2, 5, 5, 2, 10, 6, 1, 12, 7, 2, 3, 5, 3, 9, 9, 40, 130, 162, 0]"""
j20,1,reactive,600,True,55,0.0928339958190918,0.42774224281311035,"[0, 12, 0, 0, 6, 12, 16, 6, 19, 12, 19, 10, 29, 32, 19, 29, 44, 47, 52, 19, 35, 0, 0, 0, 55]","[0, 2, 4, 9, 4, 6, 2, 5, 5, 2, 10, 6, 1, 12, 7, 2, 3, 5, 3, 9, 9, 40, 130, 162, 0]"
j20,1,stnu,600,True,49,1.0130774974822998,0.02306532859802246,"[0, 9, 0, 0, 4, 9, 11, 4, 13, 9, 15, 8, 25, 26, 15, 25, 38, 41, 46, 15, 27, 0, 0, 0, 49]","""[0, 2, 4, 9, 4, 6, 2, 5, 5, 2, 10, 6, 1, 12, 7, 2, 3, 5, 3, 9, 9, 40, 130, 162, 0]"""
j20,1,proactive_robust,600,True,64,0.09844541549682617,0.0008752346038818359,"[0, 12, 0, 0, 6, 12, 16, 6, 19, 12, 19, 10, 29, 32, 19, 29, 44, 47, 56, 19, 35, 0, 0, 0, 162]","""[0, 3, 6, 7, 2, 7, 1, 2, 4, 2, 8, 12, 2, 6, 8, 4, 1, 8, 8, 5, 7, 40, 130, 162, 0]"""
j20,1,reactive,600,True,61,0.09844541549682617,0.3882870674133301,"[0, 12, 0, 0, 6, 12, 16, 6, 19, 12, 19, 10, 29, 32, 19, 29, 44, 45, 53, 19, 35, 0, 0, 0, 61]","[0, 3, 6, 7, 2, 7, 1, 2, 4, 2, 8, 12, 2, 6, 8, 4, 1, 8, 8, 5, 7, 40, 130, 162, 0]"
j20,1,stnu,600,True,50,1.0295460224151611,0.023075580596923828,"[0, 8, 0, 0, 6, 8, 11, 6, 12, 7, 15, 8, 23, 25, 15, 23, 31, 34, 42, 15, 27, 0, 0, 0, 50]","""[0, 3, 6, 7, 2, 7, 1, 2, 4, 2, 8, 12, 2, 6, 8, 4, 1, 8, 8, 5, 7, 40, 130, 162, 0]"""
j20,1,proactive_robust,600,True,64,0.0917210578918457,0.0008742809295654297,"[0, 12, 0, 0, 6, 12, 16, 6, 19, 12, 19, 10, 29, 32, 19, 29, 44, 47, 56, 19, 35, 0, 0, 0, 162]","""[0, 1, 6, 9, 2, 7, 3, 2, 2, 1, 10, 8, 1, 10, 7, 2, 3, 7, 7, 7, 6, 40, 130, 162, 0]"""
j20,1,reactive,600,True,63,0.0917210578918457,0.48935699462890625,"[0, 12, 0, 0, 6, 12, 16, 6, 19, 12, 19, 10, 29, 32, 19, 29, 44, 47, 56, 19, 35, 0, 0, 0, 63]","[0, 1, 6, 9, 2, 7, 3, 2, 2, 1, 10, 8, 1, 10, 7, 2, 3, 7, 7, 7, 6, 40, 130, 162, 0]"
j20,1,stnu,600,True,54,0.8848936557769775,0.02307915687561035,"[0, 9, 0, 0, 6, 9, 10, 6, 13, 9, 16, 8, 26, 27, 16, 26, 37, 40, 47, 16, 28, 0, 0, 0, 54]","""[0, 1, 6, 9, 2, 7, 3, 2, 2, 1, 10, 8, 1, 10, 7, 2, 3, 7, 7, 7, 6, 40, 130, 162, 0]"""
j20,1,proactive_robust,600,True,64,0.09980273246765137,0.0008826255798339844,"[0, 12, 0, 0, 6, 12, 16, 6, 19, 12, 19, 10, 29, 32, 19, 29, 44, 47, 56, 19, 35, 0, 0, 0, 162]","""[0, 3, 6, 9, 4, 5, 2, 3, 3, 1, 6, 10, 1, 11, 10, 2, 2, 7, 8, 9, 9, 40, 130, 162, 0]"""
j20,1,reactive,600,True,62,0.09980273246765137,0.3965184688568115,"[0, 12, 0, 0, 6, 12, 16, 6, 19, 12, 19, 10, 29, 32, 19, 29, 44, 47, 54, 19, 35, 0, 0, 0, 62]","[0, 3, 6, 9, 4, 5, 2, 3, 3, 1, 6, 10, 1, 11, 10, 2, 2, 7, 8, 9, 9, 40, 130, 162, 0]"
j20,1,stnu,600,True,52,0.8754432201385498,0.023233652114868164,"[0, 10, 0, 0, 6, 10, 13, 6, 15, 9, 15, 10, 21, 24, 15, 25, 35, 37, 44, 15, 27, 0, 0, 0, 52]","""[0, 3, 6, 9, 4, 5, 2, 3, 3, 1, 6, 10, 1, 11, 10, 2, 2, 7, 8, 9, 9, 40, 130, 162, 0]"""
j20,1,proactive_robust,600,True,64,0.09155559539794922,0.0008602142333984375,"[0, 12, 0, 0, 6, 12, 16, 6, 19, 12, 19, 10, 29, 32, 19, 29, 44, 47, 56, 19, 35, 0, 0, 0, 162]","""[0, 2, 2, 11, 3, 4, 1, 2, 4, 4, 9, 6, 3, 8, 8, 3, 2, 5, 6, 10, 8, 40, 130, 162, 0]"""
j20,1,reactive,600,True,62,0.09155559539794922,0.46033406257629395,"[0, 12, 0, 0, 6, 12, 16, 6, 19, 12, 19, 10, 29, 32, 19, 29, 44, 47, 56, 19, 35, 0, 0, 0, 62]","[0, 2, 2, 11, 3, 4, 1, 2, 4, 4, 9, 6, 3, 8, 8, 3, 2, 5, 6, 10, 8, 40, 130, 162, 0]"
j20,1,stnu,600,True,48,0.8783700466156006,0.023255348205566406,"[0, 11, 0, 0, 2, 11, 15, 2, 16, 11, 15, 5, 24, 27, 15, 26, 35, 37, 42, 16, 29, 0, 0, 0, 48]","""[0, 2, 2, 11, 3, 4, 1, 2, 4, 4, 9, 6, 3, 8, 8, 3, 2, 5, 6, 10, 8, 40, 130, 162, 0]"""
j20,1,proactive_robust,600,True,64,0.0956275463104248,0.0008542537689208984,"[0, 12, 0, 0, 6, 12, 16, 6, 19, 12, 19, 10, 29, 32, 19, 29, 44, 47, 56, 19, 35, 0, 0, 0, 162]","""[0, 3, 4, 7, 4, 2, 3, 5, 5, 3, 9, 6, 1, 11, 6, 5, 2, 6, 4, 6, 9, 40, 130, 162, 0]"""
j20,1,reactive,600,True,60,0.0956275463104248,0.4423816204071045,"[0, 12, 0, 0, 6, 12, 16, 6, 19, 12, 19, 10, 29, 32, 19, 29, 44, 47, 56, 19, 35, 0, 0, 0, 60]","[0, 3, 4, 7, 4, 2, 3, 5, 5, 3, 9, 6, 1, 11, 6, 5, 2, 6, 4, 6, 9, 40, 130, 162, 0]"
j20,1,stnu,600,True,44,0.8931112289428711,0.023026227951049805,"[0, 8, 0, 0, 4, 8, 11, 4, 14, 7, 11, 8, 20, 21, 11, 20, 32, 34, 40, 14, 25, 0, 0, 0, 44]","""[0, 3, 4, 7, 4, 2, 3, 5, 5, 3, 9, 6, 1, 11, 6, 5, 2, 6, 4, 6, 9, 40, 130, 162, 0]"""
j20,1,proactive_robust,600,True,64,0.0948486328125,0.0008547306060791016,"[0, 12, 0, 0, 6, 12, 16, 6, 19, 12, 19, 10, 29, 32, 19, 29, 44, 47, 56, 19, 35, 0, 0, 0, 162]","""[0, 3, 2, 11, 2, 3, 2, 4, 2, 1, 7, 9, 3, 10, 5, 2, 3, 6, 3, 10, 9, 40, 130, 162, 0]"""
j20,1,reactive,600,True,56,0.0948486328125,0.4159505367279053,"[0, 12, 0, 0, 6, 12, 16, 6, 19, 12, 19, 10, 29, 32, 19, 29, 44, 47, 53, 19, 35, 0, 0, 0, 56]","[0, 3, 2, 11, 2, 3, 2, 4, 2, 1, 7, 9, 3, 10, 5, 2, 3, 6, 3, 10, 9, 40, 130, 162, 0]"
j20,1,stnu,600,True,48,0.8789026737213135,0.023457765579223633,"[0, 11, 0, 0, 2, 11, 14, 2, 16, 11, 14, 4, 21, 26, 14, 26, 36, 39, 45, 16, 28, 0, 0, 0, 48]","""[0, 3, 2, 11, 2, 3, 2, 4, 2, 1, 7, 9, 3, 10, 5, 2, 3, 6, 3, 10, 9, 40, 130, 162, 0]"""
j20,1,proactive_robust,600,True,59,0.09854865074157715,0.0015704631805419922,"[0, 0, 0, 0, 7, 6, 10, 10, 7, 17, 7, 16, 19, 33, 26, 42, 27, 34, 33, 50, 50, 0, 0, 0, 0, 0, 0, 0, 0, 142]","""[0, 7, 3, 2, 5, 3, 6, 2, 9, 7, 9, 5, 8, 7, 7, 6, 4, 3, 3, 8, 8, 97, 92, 42, 94, 132, 130, 33, 142, 0]"""
j20,1,reactive,600,True,58,0.09854865074157715,0.4148402214050293,"[0, 0, 0, 0, 7, 6, 10, 10, 7, 17, 7, 16, 19, 33, 26, 42, 27, 34, 33, 50, 50, 0, 0, 0, 0, 0, 0, 0, 0, 58]","[0, 7, 3, 2, 5, 3, 6, 2, 9, 7, 9, 5, 8, 7, 7, 6, 4, 3, 3, 8, 8, 97, 92, 42, 94, 132, 130, 33, 142, 0]"
j20,1,stnu,600,True,51,0.933527946472168,0.033623695373535156,"[0, 0, 0, 0, 7, 2, 5, 5, 7, 16, 7, 12, 16, 30, 23, 37, 24, 28, 30, 43, 43, 0, 0, 0, 0, 0, 0, 0, 0, 51]","""[0, 7, 3, 2, 5, 3, 6, 2, 9, 7, 9, 5, 8, 7, 7, 6, 4, 3, 3, 8, 8, 97, 92, 42, 94, 132, 130, 33, 142, 0]"""
j20,1,proactive_robust,600,True,59,0.0957951545715332,0.0015769004821777344,"[0, 0, 0, 0, 7, 6, 10, 10, 7, 17, 7, 16, 19, 33, 26, 42, 27, 34, 33, 50, 50, 0, 0, 0, 0, 0, 0, 0, 0, 142]","""[0, 6, 5, 3, 8, 1, 5, 6, 9, 6, 9, 6, 3, 9, 4, 5, 5, 5, 8, 8, 5, 97, 92, 42, 94, 132, 130, 33, 142, 0]"""
j20,1,reactive,600,True,58,0.0957951545715332,0.4854884147644043,"[0, 0, 0, 0, 7, 6, 10, 10, 7, 17, 7, 16, 19, 33, 26, 42, 27, 34, 33, 50, 50, 0, 0, 0, 0, 0, 0, 0, 0, 58]","[0, 6, 5, 3, 8, 1, 5, 6, 9, 6, 9, 6, 3, 9, 4, 5, 5, 5, 8, 8, 5, 97, 92, 42, 94, 132, 130, 33, 142, 0]"
j20,1,stnu,600,True,47,1.0606296062469482,0.034279584884643555,"[0, 0, 0, 0, 6, 3, 5, 5, 6, 15, 6, 14, 15, 25, 21, 34, 21, 26, 25, 39, 39, 0, 0, 0, 0, 0, 0, 0, 0, 47]","""[0, 6, 5, 3, 8, 1, 5, 6, 9, 6, 9, 6, 3, 9, 4, 5, 5, 5, 8, 8, 5, 97, 92, 42, 94, 132, 130, 33, 142, 0]"""
j20,1,proactive_robust,600,True,59,0.09373641014099121,0.0015697479248046875,"[0, 0, 0, 0, 7, 6, 10, 10, 7, 17, 7, 16, 19, 33, 26, 42, 27, 34, 33, 50, 50, 0, 0, 0, 0, 0, 0, 0, 0, 142]","""[0, 2, 7, 2, 5, 3, 6, 3, 8, 7, 8, 9, 8, 4, 2, 6, 3, 3, 6, 6, 7, 97, 92, 42, 94, 132, 130, 33, 142, 0]"""
j20,1,reactive,600,True,57,0.09373641014099121,0.4844977855682373,"[0, 0, 0, 0, 7, 6, 10, 10, 7, 17, 7, 16, 19, 33, 26, 42, 27, 34, 33, 50, 50, 0, 0, 0, 0, 0, 0, 0, 0, 57]","[0, 2, 7, 2, 5, 3, 6, 3, 8, 7, 8, 9, 8, 4, 2, 6, 3, 3, 6, 6, 7, 97, 92, 42, 94, 132, 130, 33, 142, 0]"
j20,1,stnu,600,True,40,1.0329797267913818,0.03340768814086914,"[0, 0, 0, 0, 2, 2, 7, 7, 2, 10, 2, 10, 13, 21, 19, 27, 21, 24, 21, 33, 33, 0, 0, 0, 0, 0, 0, 0, 0, 40]","""[0, 2, 7, 2, 5, 3, 6, 3, 8, 7, 8, 9, 8, 4, 2, 6, 3, 3, 6, 6, 7, 97, 92, 42, 94, 132, 130, 33, 142, 0]"""
j20,1,proactive_robust,600,True,59,0.09531974792480469,0.001519918441772461,"[0, 0, 0, 0, 7, 6, 10, 10, 7, 17, 7, 16, 19, 33, 26, 42, 27, 34, 33, 50, 50, 0, 0, 0, 0, 0, 0, 0, 0, 142]","""[0, 5, 6, 4, 6, 4, 4, 5, 5, 4, 6, 7, 8, 7, 2, 8, 3, 4, 3, 4, 6, 97, 92, 42, 94, 132, 130, 33, 142, 0]"""
j20,1,reactive,600,True,56,0.09531974792480469,0.5889790058135986,"[0, 0, 0, 0, 7, 6, 10, 10, 7, 17, 7, 16, 19, 33, 26, 42, 27, 34, 33, 50, 50, 0, 0, 0, 0, 0, 0, 0, 0, 56]","[0, 5, 6, 4, 6, 4, 4, 5, 5, 4, 6, 7, 8, 7, 2, 8, 3, 4, 3, 4, 6, 97, 92, 42, 94, 132, 130, 33, 142, 0]"
j20,1,stnu,600,True,36,0.9573092460632324,0.03451895713806152,"[0, 0, 2, 0, 1, 4, 8, 8, 1, 18, 1, 10, 8, 13, 24, 21, 14, 15, 26, 32, 26, 0, 0, 0, 0, 0, 0, 0, 0, 36]","""[0, 1, 11, 4, 1, 4, 1, 2, 1, 4, 4, 3, 6, 8, 2, 3, 1, 3, 3, 4, 6, 97, 92, 42, 94, 132, 130, 33, 142, 0]"""
j20,1,proactive_robust,600,True,59,0.09191417694091797,0.0015382766723632812,"[0, 0, 0, 0, 7, 6, 10, 10, 7, 17, 7, 16, 19, 33, 26, 42, 27, 34, 33, 50, 50, 0, 0, 0, 0, 0, 0, 0, 0, 142]","""[0, 3, 4, 5, 4, 4, 7, 6, 7, 7, 5, 8, 4, 5, 3, 8, 4, 4, 8, 7, 3, 97, 92, 42, 94, 132, 130, 33, 142, 0]"""
j20,1,reactive,600,True,57,0.09191417694091797,0.41794323921203613,"[0, 0, 0, 0, 7, 6, 10, 10, 7, 17, 7, 16, 19, 33, 26, 42, 27, 34, 33, 50, 50, 0, 0, 0, 0, 0, 0, 0, 0, 57]","[0, 3, 4, 5, 4, 4, 7, 6, 7, 7, 5, 8, 4, 5, 3, 8, 4, 4, 8, 7, 3, 97, 92, 42, 94, 132, 130, 33, 142, 0]"
j20,1,stnu,600,True,46,0.916100263595581,0.03335452079772949,"[0, 0, 0, 0, 3, 5, 9, 9, 5, 15, 5, 15, 16, 26, 23, 31, 23, 27, 26, 39, 39, 0, 0, 0, 0, 0, 0, 0, 0, 46]","""[0, 3, 4, 5, 4, 4, 7, 6, 7, 7, 5, 8, 4, 5, 3, 8, 4, 4, 8, 7, 3, 97, 92, 42, 94, 132, 130, 33, 142, 0]"""
j20,1,proactive_robust,600,True,59,0.09258675575256348,0.0016007423400878906,"[0, 0, 0, 0, 7, 6, 10, 10, 7, 17, 7, 16, 19, 33, 26, 42, 27, 34, 33, 50, 50, 0, 0, 0, 0, 0, 0, 0, 0, 142]","""[0, 6, 3, 2, 9, 2, 5, 6, 10, 4, 9, 8, 7, 9, 2, 7, 3, 3, 5, 9, 7, 97, 92, 42, 94, 132, 130, 33, 142, 0]"""
j20,1,reactive,600,True,59,0.09258675575256348,0.41619300842285156,"[0, 0, 0, 0, 7, 6, 10, 10, 7, 17, 7, 16, 19, 33, 26, 42, 27, 34, 33, 50, 50, 0, 0, 0, 0, 0, 0, 0, 0, 59]","[0, 6, 3, 2, 9, 2, 5, 6, 10, 4, 9, 8, 7, 9, 2, 7, 3, 3, 5, 9, 7, 97, 92, 42, 94, 132, 130, 33, 142, 0]"
j20,1,stnu,600,True,50,0.9254791736602783,0.033780574798583984,"[0, 0, 0, 0, 6, 2, 4, 4, 6, 16, 6, 15, 16, 25, 23, 34, 23, 26, 25, 41, 41, 0, 0, 0, 0, 0, 0, 0, 0, 50]","""[0, 6, 3, 2, 9, 2, 5, 6, 10, 4, 9, 8, 7, 9, 2, 7, 3, 3, 5, 9, 7, 97, 92, 42, 94, 132, 130, 33, 142, 0]"""
j20,1,proactive_robust,600,True,59,0.1722111701965332,0.0015423297882080078,"[0, 0, 0, 0, 7, 6, 10, 10, 7, 17, 7, 16, 19, 33, 26, 42, 27, 34, 33, 50, 50, 0, 0, 0, 0, 0, 0, 0, 0, 142]","""[0, 4, 6, 2, 5, 1, 6, 6, 5, 7, 8, 5, 8, 4, 7, 5, 5, 5, 7, 8, 7, 97, 92, 42, 94, 132, 130, 33, 142, 0]"""
j20,1,reactive,600,True,58,0.1722111701965332,0.43689465522766113,"[0, 0, 0, 0, 7, 6, 10, 10, 7, 17, 7, 16, 19, 33, 26, 42, 27, 34, 33, 50, 50, 0, 0, 0, 0, 0, 0, 0, 0, 58]","[0, 4, 6, 2, 5, 1, 6, 6, 5, 7, 8, 5, 8, 4, 7, 5, 5, 5, 7, 8, 7, 97, 92, 42, 94, 132, 130, 33, 142, 0]"
j20,1,stnu,600,True,43,0.9388782978057861,0.03352069854736328,"[0, 0, 0, 0, 4, 2, 6, 6, 4, 12, 4, 12, 12, 26, 19, 30, 20, 25, 26, 35, 35, 0, 0, 0, 0, 0, 0, 0, 0, 43]","""[0, 4, 6, 2, 5, 1, 6, 6, 5, 7, 8, 5, 8, 4, 7, 5, 5, 5, 7, 8, 7, 97, 92, 42, 94, 132, 130, 33, 142, 0]"""
j20,1,proactive_robust,600,True,59,0.09569168090820312,0.001590728759765625,"[0, 0, 0, 0, 7, 6, 10, 10, 7, 17, 7, 16, 19, 33, 26, 42, 27, 34, 33, 50, 50, 0, 0, 0, 0, 0, 0, 0, 0, 142]","""[0, 7, 3, 4, 4, 2, 9, 6, 9, 2, 5, 9, 6, 5, 2, 4, 7, 8, 5, 6, 5, 97, 92, 42, 94, 132, 130, 33, 142, 0]"""
j20,1,reactive,600,True,56,0.09569168090820312,0.3946990966796875,"[0, 0, 0, 0, 7, 6, 10, 10, 7, 17, 7, 16, 19, 33, 26, 42, 27, 34, 33, 50, 50, 0, 0, 0, 0, 0, 0, 0, 0, 56]","[0, 7, 3, 4, 4, 2, 9, 6, 9, 2, 5, 9, 6, 5, 2, 4, 7, 8, 5, 6, 5, 97, 92, 42, 94, 132, 130, 33, 142, 0]"
j20,1,stnu,600,True,47,0.91461181640625,0.03365826606750488,"[0, 0, 0, 0, 7, 4, 6, 6, 7, 16, 7, 12, 16, 23, 21, 37, 22, 29, 23, 41, 41, 0, 0, 0, 0, 0, 0, 0, 0, 47]","""[0, 7, 3, 4, 4, 2, 9, 6, 9, 2, 5, 9, 6, 5, 2, 4, 7, 8, 5, 6, 5, 97, 92, 42, 94, 132, 130, 33, 142, 0]"""
j20,1,proactive_robust,600,True,50,0.09692907333374023,0.0015289783477783203,"[0, 0, 5, 0, 3, 6, 10, 10, 3, 23, 3, 13, 10, 16, 27, 24, 16, 20, 33, 41, 33, 0, 0, 0, 0, 0, 0, 0, 0, 142]","""[0, 3, 13, 4, 3, 1, 2, 1, 2, 2, 2, 1, 5, 5, 5, 2, 3, 1, 8, 4, 8, 97, 92, 42, 94, 132, 130, 33, 142, 0]"""
j20,1,reactive,600,True,40,0.09692907333374023,0.3783433437347412,"[0, 0, 5, 0, 3, 6, 10, 10, 3, 23, 3, 13, 10, 16, 27, 24, 16, 20, 32, 26, 32, 0, 0, 0, 0, 0, 0, 0, 0, 40]","[0, 3, 13, 4, 3, 1, 2, 1, 2, 2, 2, 1, 5, 5, 5, 2, 3, 1, 8, 4, 8, 97, 92, 42, 94, 132, 130, 33, 142, 0]"
j20,1,stnu,600,True,44,0.9323768615722656,0.03348708152770996,"[0, 0, 0, 0, 6, 4, 5, 5, 6, 14, 6, 11, 14, 23, 19, 31, 22, 28, 23, 36, 36, 0, 0, 0, 0, 0, 0, 0, 0, 44]","""[0, 6, 5, 4, 5, 1, 7, 6, 8, 5, 7, 7, 8, 4, 4, 5, 6, 3, 8, 4, 8, 97, 92, 42, 94, 132, 130, 33, 142, 0]"""
j20,1,proactive_robust,600,True,59,0.09091067314147949,0.0015680789947509766,"[0, 0, 0, 0, 7, 6, 10, 10, 7, 17, 7, 16, 19, 33, 26, 42, 27, 34, 33, 50, 50, 0, 0, 0, 0, 0, 0, 0, 0, 142]","""[0, 4, 8, 4, 6, 2, 8, 5, 8, 3, 6, 10, 5, 5, 7, 8, 7, 4, 6, 5, 3, 97, 92, 42, 94, 132, 130, 33, 142, 0]"""
j20,1,reactive,600,True,55,0.09091067314147949,0.4026970863342285,"[0, 0, 0, 0, 7, 6, 10, 10, 7, 17, 7, 16, 19, 33, 26, 42, 27, 34, 33, 50, 50, 0, 0, 0, 0, 0, 0, 0, 0, 55]","[0, 4, 8, 4, 6, 2, 8, 5, 8, 3, 6, 10, 5, 5, 7, 8, 7, 4, 6, 5, 3, 97, 92, 42, 94, 132, 130, 33, 142, 0]"
j20,1,stnu,600,True,48,1.0420289039611816,0.033478736877441406,"[0, 0, 0, 0, 4, 4, 8, 8, 4, 13, 4, 13, 16, 30, 23, 35, 23, 30, 30, 43, 43, 0, 0, 0, 0, 0, 0, 0, 0, 48]","""[0, 4, 8, 4, 6, 2, 8, 5, 8, 3, 6, 10, 5, 5, 7, 8, 7, 4, 6, 5, 3, 97, 92, 42, 94, 132, 130, 33, 142, 0]"""
j20,1,proactive_robust,600,True,35,0.10202360153198242,0.0006170272827148438,"[0, 0, 0, 0, 3, 5, 3, 5, 13, 3, 19, 6, 7, 9, 12, 14, 12, 19, 23, 14, 23, 0, 0, 0, 0, 68]","""[0, 2, 2, 1, 1, 1, 1, 4, 4, 2, 4, 1, 6, 1, 2, 4, 6, 2, 10, 9, 3, 48, 68, 34, 68, 0]"""
j20,1,reactive,600,True,33,0.10202360153198242,0.44632577896118164,"[0, 0, 0, 0, 3, 5, 3, 5, 13, 3, 19, 6, 7, 9, 12, 14, 12, 19, 23, 14, 23, 0, 0, 0, 0, 33]","[0, 2, 2, 1, 1, 1, 1, 4, 4, 2, 4, 1, 6, 1, 2, 4, 6, 2, 10, 9, 3, 48, 68, 34, 68, 0]"
j20,1,stnu,600,True,29,1.011918544769287,0.025417089462280273,"[0, 0, 0, 0, 2, 4, 2, 4, 11, 2, 15, 3, 5, 5, 8, 11, 8, 15, 19, 10, 19, 0, 0, 0, 0, 29]","""[0, 2, 2, 1, 1, 1, 1, 4, 4, 2, 4, 1, 6, 1, 2, 4, 6, 2, 10, 9, 3, 48, 68, 34, 68, 0]"""
j20,1,proactive_robust,600,True,35,0.09828329086303711,0.0006277561187744141,"[0, 0, 0, 0, 3, 5, 3, 5, 13, 3, 19, 6, 7, 9, 12, 14, 12, 19, 23, 14, 23, 0, 0, 0, 0, 68]","""[0, 2, 2, 1, 2, 1, 3, 6, 2, 2, 3, 3, 5, 2, 1, 4, 6, 4, 8, 10, 1, 48, 68, 34, 68, 0]"""
j20,1,reactive,600,True,31,0.09828329086303711,0.3917853832244873,"[0, 0, 0, 0, 3, 5, 3, 5, 13, 3, 19, 6, 7, 9, 12, 14, 12, 19, 23, 14, 23, 0, 0, 0, 0, 31]","[0, 2, 2, 1, 2, 1, 3, 6, 2, 2, 3, 3, 5, 2, 1, 4, 6, 4, 8, 10, 1, 48, 68, 34, 68, 0]"
j20,1,stnu,600,True,28,0.9329395294189453,0.025142431259155273,"[0, 0, 0, 0, 2, 4, 2, 4, 10, 2, 16, 5, 5, 8, 10, 11, 10, 16, 20, 11, 20, 0, 0, 0, 0, 28]","""[0, 2, 2, 1, 2, 1, 3, 6, 2, 2, 3, 3, 5, 2, 1, 4, 6, 4, 8, 10, 1, 48, 68, 34, 68, 0]"""
j20,1,proactive_robust,600,True,35,0.10431766510009766,0.0006132125854492188,"[0, 0, 0, 0, 3, 5, 3, 5, 13, 3, 19, 6, 7, 9, 12, 14, 12, 19, 23, 14, 23, 0, 0, 0, 0, 68]","""[0, 1, 1, 2, 2, 1, 2, 3, 3, 2, 2, 2, 5, 3, 2, 5, 4, 4, 8, 5, 1, 48, 68, 34, 68, 0]"""
j20,1,reactive,600,True,31,0.10431766510009766,0.42693567276000977,"[0, 0, 0, 0, 3, 5, 3, 5, 13, 3, 19, 6, 7, 9, 12, 14, 12, 19, 23, 14, 23, 0, 0, 0, 0, 31]","[0, 1, 1, 2, 2, 1, 2, 3, 3, 2, 2, 2, 5, 3, 2, 5, 4, 4, 8, 5, 1, 48, 68, 34, 68, 0]"
j20,1,stnu,600,True,25,0.915722131729126,0.025010347366333008,"[0, 0, 0, 0, 2, 4, 1, 4, 10, 2, 13, 3, 5, 5, 8, 10, 8, 13, 17, 10, 17, 0, 0, 0, 0, 25]","""[0, 1, 1, 2, 2, 1, 2, 3, 3, 2, 2, 2, 5, 3, 2, 5, 4, 4, 8, 5, 1, 48, 68, 34, 68, 0]"""
j20,1,proactive_robust,600,True,35,0.09892868995666504,0.0006070137023925781,"[0, 0, 0, 0, 3, 5, 3, 5, 13, 3, 19, 6, 7, 9, 12, 14, 12, 19, 23, 14, 23, 0, 0, 0, 0, 68]","""[0, 3, 3, 1, 2, 2, 3, 4, 3, 1, 1, 2, 5, 1, 1, 4, 3, 4, 6, 9, 1, 48, 68, 34, 68, 0]"""
j20,1,reactive,600,True,29,0.09892868995666504,0.3837101459503174,"[0, 0, 0, 0, 3, 5, 3, 5, 13, 3, 19, 6, 7, 9, 12, 14, 12, 19, 23, 14, 23, 0, 0, 0, 0, 29]","[0, 3, 3, 1, 2, 2, 3, 4, 3, 1, 1, 2, 5, 1, 1, 4, 3, 4, 6, 9, 1, 48, 68, 34, 68, 0]"
j20,1,stnu,600,True,25,0.928199052810669,0.02515244483947754,"[0, 0, 0, 0, 3, 5, 3, 5, 12, 3, 15, 6, 7, 8, 9, 12, 9, 15, 19, 10, 19, 0, 0, 0, 0, 25]","""[0, 3, 3, 1, 2, 2, 3, 4, 3, 1, 1, 2, 5, 1, 1, 4, 3, 4, 6, 9, 1, 48, 68, 34, 68, 0]"""
j20,1,proactive_robust,600,True,35,0.10368061065673828,0.0006260871887207031,"[0, 0, 0, 0, 3, 5, 3, 5, 13, 3, 19, 6, 7, 9, 12, 14, 12, 19, 23, 14, 23, 0, 0, 0, 0, 68]","""[0, 2, 1, 3, 2, 2, 2, 7, 2, 1, 3, 2, 6, 2, 2, 5, 5, 1, 11, 5, 1, 48, 68, 34, 68, 0]"""
j20,1,reactive,600,True,34,0.10368061065673828,0.358752965927124,"[0, 0, 0, 0, 3, 5, 3, 5, 13, 3, 19, 6, 7, 9, 12, 14, 12, 19, 23, 14, 23, 0, 0, 0, 0, 34]","[0, 2, 1, 3, 2, 2, 2, 7, 2, 1, 3, 2, 6, 2, 2, 5, 5, 1, 11, 5, 1, 48, 68, 34, 68, 0]"
j20,1,stnu,600,True,31,0.9453787803649902,0.0255126953125,"[0, 0, 0, 0, 3, 5, 2, 5, 13, 3, 17, 4, 7, 7, 12, 14, 12, 17, 20, 14, 20, 0, 0, 0, 0, 31]","""[0, 2, 1, 3, 2, 2, 2, 7, 2, 1, 3, 2, 6, 2, 2, 5, 5, 1, 11, 5, 1, 48, 68, 34, 68, 0]"""
j20,1,proactive_robust,600,True,35,0.09979534149169922,0.0006303787231445312,"[0, 0, 0, 0, 3, 5, 3, 5, 13, 3, 19, 6, 7, 9, 12, 14, 12, 19, 23, 14, 23, 0, 0, 0, 0, 68]","""[0, 1, 1, 3, 2, 2, 3, 2, 5, 1, 4, 1, 5, 3, 1, 3, 4, 4, 12, 9, 3, 48, 68, 34, 68, 0]"""
j20,1,reactive,600,True,35,0.09979534149169922,0.41837382316589355,"[0, 0, 0, 0, 3, 5, 3, 5, 13, 3, 19, 6, 7, 9, 12, 14, 12, 19, 23, 14, 23, 0, 0, 0, 0, 35]","[0, 1, 1, 3, 2, 2, 3, 2, 5, 1, 4, 1, 5, 3, 1, 3, 4, 4, 12, 9, 3, 48, 68, 34, 68, 0]"
j20,1,stnu,600,True,33,0.9195423126220703,0.025150775909423828,"[0, 0, 0, 0, 3, 5, 1, 5, 12, 3, 17, 4, 7, 7, 10, 12, 10, 17, 21, 11, 21, 0, 0, 0, 0, 33]","""[0, 1, 1, 3, 2, 2, 3, 2, 5, 1, 4, 1, 5, 3, 1, 3, 4, 4, 12, 9, 3, 48, 68, 34, 68, 0]"""
j20,1,proactive_robust,600,True,35,0.10419654846191406,0.0006136894226074219,"[0, 0, 0, 0, 3, 5, 3, 5, 13, 3, 19, 6, 7, 9, 12, 14, 12, 19, 23, 14, 23, 0, 0, 0, 0, 68]","""[0, 2, 2, 2, 1, 2, 2, 7, 4, 1, 4, 3, 5, 1, 1, 3, 2, 1, 8, 9, 2, 48, 68, 34, 68, 0]"""
j20,1,reactive,600,True,31,0.10419654846191406,0.42976927757263184,"[0, 0, 0, 0, 3, 5, 3, 5, 13, 3, 19, 6, 7, 9, 12, 14, 12, 19, 23, 14, 23, 0, 0, 0, 0, 31]","[0, 2, 2, 2, 1, 2, 2, 7, 4, 1, 4, 3, 5, 1, 1, 3, 2, 1, 8, 9, 2, 48, 68, 34, 68, 0]"
j20,1,stnu,600,True,26,1.0959842205047607,0.02501988410949707,"[0, 0, 0, 0, 2, 3, 2, 3, 10, 2, 14, 4, 5, 7, 10, 11, 10, 14, 18, 11, 18, 0, 0, 0, 0, 26]","""[0, 2, 2, 2, 1, 2, 2, 7, 4, 1, 4, 3, 5, 1, 1, 3, 2, 1, 8, 9, 2, 48, 68, 34, 68, 0]"""
j20,1,proactive_robust,600,True,35,0.09819650650024414,0.0006191730499267578,"[0, 0, 0, 0, 3, 5, 3, 5, 13, 3, 19, 6, 7, 9, 12, 14, 12, 19, 23, 14, 23, 0, 0, 0, 0, 68]","""[0, 3, 2, 1, 2, 1, 2, 5, 4, 1, 1, 2, 4, 2, 2, 5, 6, 2, 11, 5, 1, 48, 68, 34, 68, 0]"""
j20,1,reactive,600,True,34,0.09819650650024414,0.46078944206237793,"[0, 0, 0, 0, 3, 5, 3, 5, 13, 3, 19, 6, 7, 9, 12, 14, 12, 19, 23, 14, 23, 0, 0, 0, 0, 34]","[0, 3, 2, 1, 2, 1, 2, 5, 4, 1, 1, 2, 4, 2, 2, 5, 6, 2, 11, 5, 1, 48, 68, 34, 68, 0]"
j20,1,stnu,600,True,29,1.0176990032196045,0.02521038055419922,"[0, 0, 0, 0, 3, 5, 3, 5, 10, 2, 16, 5, 6, 7, 10, 12, 10, 16, 18, 12, 18, 0, 0, 0, 0, 29]","""[0, 3, 2, 1, 2, 1, 2, 5, 4, 1, 1, 2, 4, 2, 2, 5, 6, 2, 11, 5, 1, 48, 68, 34, 68, 0]"""
j20,1,proactive_robust,600,True,35,0.09967279434204102,0.0006210803985595703,"[0, 0, 0, 0, 3, 5, 3, 5, 13, 3, 19, 6, 7, 9, 12, 14, 12, 19, 23, 14, 23, 0, 0, 0, 0, 68]","""[0, 2, 2, 1, 1, 1, 3, 7, 6, 1, 3, 2, 3, 1, 2, 3, 6, 1, 10, 5, 2, 48, 68, 34, 68, 0]"""
j20,1,reactive,600,True,33,0.09967279434204102,0.44597625732421875,"[0, 0, 0, 0, 3, 5, 3, 5, 13, 3, 19, 6, 7, 9, 12, 14, 12, 19, 23, 14, 23, 0, 0, 0, 0, 33]","[0, 2, 2, 1, 1, 1, 3, 7, 6, 1, 3, 2, 3, 1, 2, 3, 6, 1, 10, 5, 2, 48, 68, 34, 68, 0]"
j20,1,stnu,600,True,29,0.9169700145721436,0.025191307067871094,"[0, 0, 0, 0, 2, 3, 2, 3, 10, 2, 16, 5, 5, 7, 10, 12, 10, 16, 19, 12, 19, 0, 0, 0, 0, 29]","""[0, 2, 2, 1, 1, 1, 3, 7, 6, 1, 3, 2, 3, 1, 2, 3, 6, 1, 10, 5, 2, 48, 68, 34, 68, 0]"""
j20,1,proactive_robust,600,True,35,0.09832096099853516,0.00060272216796875,"[0, 0, 0, 0, 3, 5, 3, 5, 13, 3, 19, 6, 7, 9, 12, 14, 12, 19, 23, 14, 23, 0, 0, 0, 0, 68]","""[0, 1, 1, 3, 1, 1, 3, 7, 6, 1, 4, 2, 3, 1, 1, 2, 2, 2, 6, 8, 1, 48, 68, 34, 68, 0]"""
j20,1,reactive,600,True,29,0.09832096099853516,0.41237926483154297,"[0, 0, 0, 0, 3, 5, 3, 5, 13, 3, 19, 6, 7, 9, 12, 14, 12, 19, 23, 14, 23, 0, 0, 0, 0, 29]","[0, 1, 1, 3, 1, 1, 3, 7, 6, 1, 4, 2, 3, 1, 1, 2, 2, 2, 6, 8, 1, 48, 68, 34, 68, 0]"
j20,1,stnu,600,True,27,0.9106855392456055,0.025213241577148438,"[0, 0, 0, 0, 3, 4, 1, 4, 11, 3, 17, 4, 5, 6, 11, 12, 11, 17, 21, 12, 21, 0, 0, 0, 0, 27]","""[0, 1, 1, 3, 1, 1, 3, 7, 6, 1, 4, 2, 3, 1, 1, 2, 2, 2, 6, 8, 1, 48, 68, 34, 68, 0]"""
j10,2,proactive_robust,600,True,48,0.057392120361328125,0.0007040500640869141,"[0, 0, 0, 0, 12, 22, 13, 34, 42, 25, 12, 0, 0, 0, 0, 0, 0, 0, 69]","""[0, 8, 8, 4, 4, 11, 10, 5, 2, 2, 3, 46, 15, 23, 34, 69, 49, 65, 0]"""
j10,2,reactive,600,True,41,0.057392120361328125,0.11021542549133301,"[0, 0, 0, 0, 12, 22, 13, 34, 39, 25, 12, 0, 0, 0, 0, 0, 0, 0, 41]","[0, 8, 8, 4, 4, 11, 10, 5, 2, 2, 3, 46, 15, 23, 34, 69, 49, 65, 0]"
j10,2,stnu,600,True,30,0.8503069877624512,0.010463953018188477,"[0, 0, 0, 0, 8, 12, 8, 23, 28, 18, 4, 0, 0, 0, 0, 0, 0, 0, 30]","""[0, 8, 8, 4, 4, 11, 10, 5, 2, 2, 3, 46, 15, 23, 34, 69, 49, 65, 0]"""
j10,2,proactive_robust,600,True,48,0.05717110633850098,0.0007171630859375,"[0, 0, 0, 0, 12, 22, 13, 34, 42, 25, 12, 0, 0, 0, 0, 0, 0, 0, 69]","""[0, 5, 9, 2, 2, 10, 12, 8, 1, 4, 2, 46, 15, 23, 34, 69, 49, 65, 0]"""
j10,2,reactive,600,True,41,0.05717110633850098,0.10145854949951172,"[0, 0, 0, 0, 12, 22, 13, 32, 40, 25, 12, 0, 0, 0, 0, 0, 0, 0, 41]","[0, 5, 9, 2, 2, 10, 12, 8, 1, 4, 2, 46, 15, 23, 34, 69, 49, 65, 0]"
j10,2,stnu,600,True,34,0.7482264041900635,0.010483503341674805,"[0, 0, 0, 0, 5, 7, 9, 25, 33, 21, 2, 0, 0, 0, 0, 0, 0, 0, 34]","""[0, 5, 9, 2, 2, 10, 12, 8, 1, 4, 2, 46, 15, 23, 34, 69, 49, 65, 0]"""
j10,2,proactive_robust,600,True,48,0.05373358726501465,0.0007317066192626953,"[0, 0, 0, 0, 12, 22, 13, 34, 42, 25, 12, 0, 0, 0, 0, 0, 0, 0, 69]","""[0, 8, 12, 1, 3, 12, 11, 3, 4, 4, 7, 46, 15, 23, 34, 69, 49, 65, 0]"""
j10,2,reactive,600,True,41,0.05373358726501465,0.09543991088867188,"[0, 0, 0, 0, 12, 22, 13, 34, 37, 25, 12, 0, 0, 0, 0, 0, 0, 0, 41]","[0, 8, 12, 1, 3, 12, 11, 3, 4, 4, 7, 46, 15, 23, 34, 69, 49, 65, 0]"
j10,2,stnu,600,True,34,0.7670280933380127,0.010322332382202148,"[0, 0, 0, 0, 8, 11, 12, 27, 30, 23, 1, 0, 0, 0, 0, 0, 0, 0, 34]","""[0, 8, 12, 1, 3, 12, 11, 3, 4, 4, 7, 46, 15, 23, 34, 69, 49, 65, 0]"""
j10,2,proactive_robust,600,True,48,0.054079532623291016,0.00069427490234375,"[0, 0, 0, 0, 12, 22, 13, 34, 42, 25, 12, 0, 0, 0, 0, 0, 0, 0, 69]","""[0, 4, 6, 10, 6, 7, 2, 2, 4, 4, 6, 46, 15, 23, 34, 69, 49, 65, 0]"""
j10,2,reactive,600,True,40,0.054079532623291016,0.1210641860961914,"[0, 0, 0, 0, 12, 22, 13, 34, 36, 25, 12, 0, 0, 0, 0, 0, 0, 0, 40]","[0, 4, 6, 10, 6, 7, 2, 2, 4, 4, 6, 46, 15, 23, 34, 69, 49, 65, 0]"
j10,2,stnu,600,True,29,0.7508854866027832,0.010381221771240234,"[0, 0, 0, 0, 10, 16, 10, 23, 25, 16, 10, 0, 0, 0, 0, 0, 0, 0, 29]","""[0, 4, 6, 10, 6, 7, 2, 2, 4, 4, 6, 46, 15, 23, 34, 69, 49, 65, 0]"""
j10,2,proactive_robust,600,True,48,0.05917716026306152,0.0007028579711914062,"[0, 0, 0, 0, 12, 22, 13, 34, 42, 25, 12, 0, 0, 0, 0, 0, 0, 0, 69]","""[0, 3, 4, 7, 6, 6, 7, 5, 2, 3, 10, 46, 15, 23, 34, 69, 49, 65, 0]"""
j10,2,reactive,600,True,41,0.05917716026306152,0.11166095733642578,"[0, 0, 0, 0, 12, 22, 13, 34, 39, 25, 12, 0, 0, 0, 0, 0, 0, 0, 41]","[0, 3, 4, 7, 6, 6, 7, 5, 2, 3, 10, 46, 15, 23, 34, 69, 49, 65, 0]"
j10,2,stnu,600,True,27,0.8474092483520508,0.012077093124389648,"[0, 0, 0, 0, 7, 13, 7, 20, 25, 17, 7, 0, 0, 0, 0, 0, 0, 0, 27]","""[0, 3, 4, 7, 6, 6, 7, 5, 2, 3, 10, 46, 15, 23, 34, 69, 49, 65, 0]"""
j10,2,proactive_robust,600,True,48,0.05604219436645508,0.0007417201995849609,"[0, 0, 0, 0, 12, 22, 13, 34, 42, 25, 12, 0, 0, 0, 0, 0, 0, 0, 69]","""[0, 6, 10, 9, 8, 8, 10, 3, 4, 2, 7, 46, 15, 23, 34, 69, 49, 65, 0]"""
j10,2,reactive,600,True,41,0.05604219436645508,0.11675906181335449,"[0, 0, 0, 0, 12, 22, 13, 34, 37, 25, 12, 0, 0, 0, 0, 0, 0, 0, 41]","[0, 6, 10, 9, 8, 8, 10, 3, 4, 2, 7, 46, 15, 23, 34, 69, 49, 65, 0]"
j10,2,stnu,600,True,32,0.7592856884002686,0.01054835319519043,"[0, 0, 0, 0, 9, 17, 10, 25, 28, 20, 9, 0, 0, 0, 0, 0, 0, 0, 32]","""[0, 6, 10, 9, 8, 8, 10, 3, 4, 2, 7, 46, 15, 23, 34, 69, 49, 65, 0]"""
j10,2,proactive_robust,600,True,48,0.05527901649475098,0.0006835460662841797,"[0, 0, 0, 0, 12, 22, 13, 34, 42, 25, 12, 0, 0, 0, 0, 0, 0, 0, 69]","""[0, 1, 9, 2, 9, 1, 5, 4, 6, 1, 10, 46, 15, 23, 34, 69, 49, 65, 0]"""
j10,2,reactive,600,True,33,0.05527901649475098,0.10822725296020508,"[0, 0, 0, 0, 12, 22, 13, 23, 27, 25, 12, 0, 0, 0, 0, 0, 0, 0, 33]","[0, 1, 9, 2, 9, 1, 5, 4, 6, 1, 10, 46, 15, 23, 34, 69, 49, 65, 0]"
j10,2,stnu,600,True,25,0.7634031772613525,0.010386466979980469,"[0, 0, 0, 0, 2, 11, 9, 15, 19, 14, 2, 0, 0, 0, 0, 0, 0, 0, 25]","""[0, 1, 9, 2, 9, 1, 5, 4, 6, 1, 10, 46, 15, 23, 34, 69, 49, 65, 0]"""
j10,2,proactive_robust,600,True,48,0.05749320983886719,0.0006885528564453125,"[0, 0, 0, 0, 12, 22, 13, 34, 42, 25, 12, 0, 0, 0, 0, 0, 0, 0, 69]","""[0, 5, 11, 4, 1, 4, 10, 6, 3, 2, 9, 46, 15, 23, 34, 69, 49, 65, 0]"""
j10,2,reactive,600,True,43,0.05749320983886719,0.12639117240905762,"[0, 0, 0, 0, 12, 22, 13, 34, 40, 25, 12, 0, 0, 0, 0, 0, 0, 0, 43]","[0, 5, 11, 4, 1, 4, 10, 6, 3, 2, 9, 46, 15, 23, 34, 69, 49, 65, 0]"
j10,2,stnu,600,True,32,0.7652826309204102,0.010494232177734375,"[0, 0, 0, 0, 5, 6, 11, 23, 29, 21, 4, 0, 0, 0, 0, 0, 0, 0, 32]","""[0, 5, 11, 4, 1, 4, 10, 6, 3, 2, 9, 46, 15, 23, 34, 69, 49, 65, 0]"""
j10,2,proactive_robust,600,True,48,0.0547184944152832,0.0006854534149169922,"[0, 0, 0, 0, 12, 22, 13, 34, 42, 25, 12, 0, 0, 0, 0, 0, 0, 0, 69]","""[0, 4, 7, 2, 4, 4, 6, 1, 5, 3, 9, 46, 15, 23, 34, 69, 49, 65, 0]"""
j10,2,reactive,600,True,32,0.0547184944152832,0.14371848106384277,"[0, 0, 0, 0, 12, 22, 13, 26, 27, 25, 12, 0, 0, 0, 0, 0, 0, 0, 32]","[0, 4, 7, 2, 4, 4, 6, 1, 5, 3, 9, 46, 15, 23, 34, 69, 49, 65, 0]"
j10,2,stnu,600,True,22,0.7656843662261963,0.010519981384277344,"[0, 0, 0, 0, 4, 8, 7, 16, 17, 13, 2, 0, 0, 0, 0, 0, 0, 0, 22]","""[0, 4, 7, 2, 4, 4, 6, 1, 5, 3, 9, 46, 15, 23, 34, 69, 49, 65, 0]"""
j10,2,proactive_robust,600,True,48,0.057337045669555664,0.0007171630859375,"[0, 0, 0, 0, 12, 22, 13, 34, 42, 25, 12, 0, 0, 0, 0, 0, 0, 0, 69]","""[0, 6, 12, 8, 5, 9, 4, 4, 3, 2, 10, 46, 15, 23, 34, 69, 49, 65, 0]"""
j10,2,reactive,600,True,41,0.057337045669555664,0.10469794273376465,"[0, 0, 0, 0, 12, 22, 13, 34, 38, 25, 12, 0, 0, 0, 0, 0, 0, 0, 41]","[0, 6, 12, 8, 5, 9, 4, 4, 3, 2, 10, 46, 15, 23, 34, 69, 49, 65, 0]"
j10,2,stnu,600,True,29,0.8517212867736816,0.010538578033447266,"[0, 0, 0, 0, 8, 13, 12, 22, 26, 18, 8, 0, 0, 0, 0, 0, 0, 0, 29]","""[0, 6, 12, 8, 5, 9, 4, 4, 3, 2, 10, 46, 15, 23, 34, 69, 49, 65, 0]"""
j10,2,proactive_robust,600,True,45,0.08080410957336426,0.0002624988555908203,"[0, 0, 6, 0, 10, 14, 24, 24, 12, 33, 33, 0, 45]","""[0, 10, 4, 3, 4, 8, 3, 3, 6, 2, 8, 42, 0]"""
j10,2,reactive,600,True,41,0.08080410957336426,0.10791468620300293,"[0, 0, 6, 0, 10, 14, 24, 24, 12, 33, 33, 0, 41]","[0, 10, 4, 3, 4, 8, 3, 3, 6, 2, 8, 42, 0]"
j10,2,stnu,600,True,33,0.7624788284301758,0.005373716354370117,"[0, 0, 3, 0, 10, 14, 22, 22, 10, 25, 25, 0, 33]","""[0, 10, 4, 3, 4, 8, 3, 3, 6, 2, 8, 42, 0]"""
j10,2,proactive_robust,600,True,45,0.0603182315826416,0.00027489662170410156,"[0, 0, 6, 0, 10, 14, 24, 24, 12, 33, 33, 0, 45]","""[0, 6, 3, 3, 3, 7, 4, 8, 9, 11, 4, 42, 0]"""
j10,2,reactive,600,True,44,0.0603182315826416,0.17714929580688477,"[0, 0, 6, 0, 10, 14, 24, 24, 12, 33, 33, 0, 44]","[0, 6, 3, 3, 3, 7, 4, 8, 9, 11, 4, 42, 0]"
j10,2,stnu,600,True,35,0.7244019508361816,0.005352020263671875,"[0, 0, 3, 0, 6, 9, 16, 16, 6, 24, 24, 0, 35]","""[0, 6, 3, 3, 3, 7, 4, 8, 9, 11, 4, 42, 0]"""
j10,2,proactive_robust,600,True,45,0.0678250789642334,0.0002932548522949219,"[0, 0, 6, 0, 10, 14, 24, 24, 12, 33, 33, 0, 45]","""[0, 9, 4, 3, 3, 8, 1, 4, 12, 12, 12, 42, 0]"""
j10,2,reactive,600,True,40,0.0678250789642334,0.13569092750549316,"[0, 0, 6, 0, 10, 14, 24, 24, 12, 28, 28, 0, 40]","[0, 9, 4, 3, 3, 8, 1, 4, 12, 12, 12, 42, 0]"
j10,2,stnu,600,True,37,0.7476866245269775,0.00536656379699707,"[0, 0, 3, 0, 9, 12, 21, 21, 9, 25, 25, 0, 37]","""[0, 9, 4, 3, 3, 8, 1, 4, 12, 12, 12, 42, 0]"""
j10,2,proactive_robust,600,True,45,0.06988692283630371,0.0002319812774658203,"[0, 0, 6, 0, 10, 14, 24, 24, 12, 33, 33, 0, 45]","""[0, 6, 5, 2, 1, 2, 2, 3, 6, 1, 5, 42, 0]"""
j10,2,reactive,600,True,32,0.06988692283630371,0.23525214195251465,"[0, 0, 6, 0, 10, 14, 24, 24, 12, 27, 27, 0, 32]","[0, 6, 5, 2, 1, 2, 2, 3, 6, 1, 5, 42, 0]"
j10,2,stnu,600,True,21,0.7186484336853027,0.0053904056549072266,"[0, 0, 2, 0, 6, 7, 13, 13, 7, 16, 16, 0, 21]","""[0, 6, 5, 2, 1, 2, 2, 3, 6, 1, 5, 42, 0]"""
j10,2,proactive_robust,600,True,45,0.059914588928222656,0.00024318695068359375,"[0, 0, 6, 0, 10, 14, 24, 24, 12, 33, 33, 0, 45]","""[0, 4, 6, 2, 2, 2, 2, 7, 7, 5, 1, 42, 0]"""
j10,2,reactive,600,True,38,0.059914588928222656,0.18597698211669922,"[0, 0, 6, 0, 10, 14, 24, 24, 12, 33, 33, 0, 38]","[0, 4, 6, 2, 2, 2, 2, 7, 7, 5, 1, 42, 0]"
j10,2,stnu,600,True,27,0.7419636249542236,0.0054552555084228516,"[0, 0, 2, 0, 4, 6, 15, 15, 8, 22, 22, 0, 27]","""[0, 4, 6, 2, 2, 2, 2, 7, 7, 5, 1, 42, 0]"""
j10,2,proactive_robust,600,True,45,0.0715951919555664,0.00026154518127441406,"[0, 0, 6, 0, 10, 14, 24, 24, 12, 33, 33, 0, 45]","""[0, 3, 3, 5, 2, 4, 8, 5, 11, 8, 2, 42, 0]"""
j10,2,reactive,600,True,41,0.0715951919555664,0.20865893363952637,"[0, 0, 6, 0, 10, 14, 24, 24, 12, 33, 33, 0, 41]","[0, 3, 3, 5, 2, 4, 8, 5, 11, 8, 2, 42, 0]"
j10,2,stnu,600,True,35,0.7346794605255127,0.005443096160888672,"[0, 0, 5, 0, 3, 5, 19, 19, 8, 27, 27, 0, 35]","""[0, 3, 3, 5, 2, 4, 8, 5, 11, 8, 2, 42, 0]"""
j10,2,proactive_robust,600,True,45,0.07427453994750977,0.000255584716796875,"[0, 0, 6, 0, 10, 14, 24, 24, 12, 33, 33, 0, 45]","""[0, 8, 5, 2, 1, 1, 1, 1, 5, 10, 12, 42, 0]"""
j10,2,reactive,600,True,37,0.07427453994750977,0.1978604793548584,"[0, 0, 6, 0, 10, 14, 24, 24, 12, 25, 25, 0, 37]","[0, 8, 5, 2, 1, 1, 1, 1, 5, 10, 12, 42, 0]"
j10,2,stnu,600,True,26,0.742605447769165,0.005328655242919922,"[0, 0, 2, 0, 8, 9, 13, 13, 8, 14, 14, 0, 26]","""[0, 8, 5, 2, 1, 1, 1, 1, 5, 10, 12, 42, 0]"""
j10,2,proactive_robust,600,True,45,0.05890321731567383,0.0002646446228027344,"[0, 0, 6, 0, 10, 14, 24, 24, 12, 33, 33, 0, 45]","""[0, 4, 3, 4, 2, 5, 4, 8, 7, 8, 10, 42, 0]"""
j10,2,reactive,600,True,43,0.05890321731567383,0.19995951652526855,"[0, 0, 6, 0, 10, 14, 24, 24, 12, 33, 33, 0, 43]","[0, 4, 3, 4, 2, 5, 4, 8, 7, 8, 10, 42, 0]"
j10,2,stnu,600,True,32,0.75276780128479,0.0054132938385009766,"[0, 0, 4, 0, 4, 6, 14, 14, 7, 22, 22, 0, 32]","""[0, 4, 3, 4, 2, 5, 4, 8, 7, 8, 10, 42, 0]"""
j10,2,proactive_robust,600,True,45,0.06746888160705566,0.00025200843811035156,"[0, 0, 6, 0, 10, 14, 24, 24, 12, 33, 33, 0, 45]","""[0, 7, 6, 3, 4, 4, 4, 2, 10, 5, 11, 42, 0]"""
j10,2,reactive,600,True,44,0.06746888160705566,0.13895177841186523,"[0, 0, 6, 0, 10, 14, 24, 24, 12, 33, 33, 0, 44]","[0, 7, 6, 3, 4, 4, 4, 2, 10, 5, 11, 42, 0]"
j10,2,stnu,600,True,34,0.7344570159912109,0.00545811653137207,"[0, 0, 3, 0, 7, 11, 19, 19, 9, 23, 23, 0, 34]","""[0, 7, 6, 3, 4, 4, 4, 2, 10, 5, 11, 42, 0]"""
j10,2,proactive_robust,600,True,45,0.06692910194396973,0.0002758502960205078,"[0, 0, 6, 0, 10, 14, 24, 24, 12, 33, 33, 0, 45]","""[0, 5, 5, 6, 1, 6, 3, 6, 10, 3, 11, 42, 0]"""
j10,2,reactive,600,True,44,0.06692910194396973,0.15006113052368164,"[0, 0, 6, 0, 10, 14, 24, 24, 12, 33, 33, 0, 44]","[0, 5, 5, 6, 1, 6, 3, 6, 10, 3, 11, 42, 0]"
j10,2,stnu,600,True,38,0.7407217025756836,0.005428314208984375,"[0, 0, 6, 0, 5, 6, 21, 21, 11, 27, 27, 0, 38]","""[0, 5, 5, 6, 1, 6, 3, 6, 10, 3, 11, 42, 0]"""
j10,2,proactive_robust,600,True,45,0.05947422981262207,0.0009336471557617188,"[0, 0, 0, 3, 3, 7, 19, 13, 32, 32, 13, 0, 0, 0, 0, 0, 0, 0, 0, 0, 70]","""[0, 2, 1, 4, 3, 3, 6, 5, 5, 3, 2, 70, 66, 45, 53, 15, 50, 37, 70, 33, 0]"""
j10,2,reactive,600,True,30,0.05947422981262207,0.14125442504882812,"[0, 0, 0, 3, 3, 7, 19, 13, 25, 10, 13, 0, 0, 0, 0, 0, 0, 0, 0, 0, 30]","[0, 2, 1, 4, 3, 3, 6, 5, 5, 3, 2, 70, 66, 45, 53, 15, 50, 37, 70, 33, 0]"
j10,2,stnu,600,True,24,0.7741150856018066,0.01320195198059082,"[0, 0, 0, 1, 2, 5, 13, 8, 19, 19, 8, 0, 0, 0, 0, 0, 0, 0, 0, 0, 24]","""[0, 2, 1, 4, 3, 3, 6, 5, 5, 3, 2, 70, 66, 45, 53, 15, 50, 37, 70, 33, 0]"""
j10,2,proactive_robust,600,True,45,0.05261826515197754,0.0009326934814453125,"[0, 0, 0, 3, 3, 7, 19, 13, 32, 32, 13, 0, 0, 0, 0, 0, 0, 0, 0, 0, 70]","""[0, 2, 1, 1, 1, 3, 13, 1, 13, 4, 6, 70, 66, 45, 53, 15, 50, 37, 70, 33, 0]"""
j10,2,reactive,600,True,45,0.05261826515197754,0.15008902549743652,"[0, 0, 0, 3, 3, 7, 19, 13, 32, 32, 13, 0, 0, 0, 0, 0, 0, 0, 0, 0, 45]","[0, 2, 1, 1, 1, 3, 13, 1, 13, 4, 6, 70, 66, 45, 53, 15, 50, 37, 70, 33, 0]"
j10,2,stnu,600,True,33,0.7781631946563721,0.013147115707397461,"[0, 0, 0, 1, 2, 3, 7, 6, 20, 20, 6, 0, 0, 0, 0, 0, 0, 0, 0, 0, 33]","""[0, 2, 1, 1, 1, 3, 13, 1, 13, 4, 6, 70, 66, 45, 53, 15, 50, 37, 70, 33, 0]"""
j10,2,proactive_robust,600,True,45,0.18373680114746094,0.0009136199951171875,"[0, 0, 0, 3, 3, 7, 19, 13, 32, 32, 13, 0, 0, 0, 0, 0, 0, 0, 0, 0, 70]","""[0, 1, 1, 2, 3, 4, 2, 3, 3, 5, 2, 70, 66, 45, 53, 15, 50, 37, 70, 33, 0]"""
j10,2,reactive,600,True,26,0.18373680114746094,0.17856287956237793,"[0, 0, 0, 3, 3, 7, 19, 13, 21, 21, 13, 0, 0, 0, 0, 0, 0, 0, 0, 0, 26]","[0, 1, 1, 2, 3, 4, 2, 3, 3, 5, 2, 70, 66, 45, 53, 15, 50, 37, 70, 33, 0]"
j10,2,stnu,600,True,18,0.7955324649810791,0.013190269470214844,"[0, 0, 0, 1, 1, 4, 11, 8, 13, 13, 8, 0, 0, 0, 0, 0, 0, 0, 0, 0, 18]","""[0, 1, 1, 2, 3, 4, 2, 3, 3, 5, 2, 70, 66, 45, 53, 15, 50, 37, 70, 33, 0]"""
j10,2,proactive_robust,600,True,45,0.06133604049682617,0.0008976459503173828,"[0, 0, 0, 3, 3, 7, 19, 13, 32, 32, 13, 0, 0, 0, 0, 0, 0, 0, 0, 0, 70]","""[0, 2, 3, 1, 1, 3, 3, 3, 5, 8, 1, 70, 66, 45, 53, 15, 50, 37, 70, 33, 0]"""
j10,2,reactive,600,True,30,0.06133604049682617,0.15142345428466797,"[0, 0, 0, 3, 3, 7, 19, 13, 22, 22, 13, 0, 0, 0, 0, 0, 0, 0, 0, 0, 30]","[0, 2, 3, 1, 1, 3, 3, 3, 5, 8, 1, 70, 66, 45, 53, 15, 50, 37, 70, 33, 0]"
j10,2,stnu,600,True,21,0.7782495021820068,0.013250589370727539,"[0, 0, 0, 3, 3, 4, 10, 7, 13, 13, 7, 0, 0, 0, 0, 0, 0, 0, 0, 0, 21]","""[0, 2, 3, 1, 1, 3, 3, 3, 5, 8, 1, 70, 66, 45, 53, 15, 50, 37, 70, 33, 0]"""
j10,2,proactive_robust,600,True,45,0.05665397644042969,0.0009062290191650391,"[0, 0, 0, 3, 3, 7, 19, 13, 32, 32, 13, 0, 0, 0, 0, 0, 0, 0, 0, 0, 70]","""[0, 1, 1, 3, 2, 4, 7, 6, 2, 4, 6, 70, 66, 45, 53, 15, 50, 37, 70, 33, 0]"""
j10,2,reactive,600,True,30,0.05665397644042969,0.1614067554473877,"[0, 0, 0, 3, 3, 7, 19, 13, 26, 26, 13, 0, 0, 0, 0, 0, 0, 0, 0, 0, 30]","[0, 1, 1, 3, 2, 4, 7, 6, 2, 4, 6, 70, 66, 45, 53, 15, 50, 37, 70, 33, 0]"
j10,2,stnu,600,True,25,0.7820215225219727,0.013081550598144531,"[0, 0, 0, 1, 1, 4, 14, 8, 21, 21, 8, 0, 0, 0, 0, 0, 0, 0, 0, 0, 25]","""[0, 1, 1, 3, 2, 4, 7, 6, 2, 4, 6, 70, 66, 45, 53, 15, 50, 37, 70, 33, 0]"""
j10,2,proactive_robust,600,True,45,0.05321240425109863,0.0009045600891113281,"[0, 0, 0, 3, 3, 7, 19, 13, 32, 32, 13, 0, 0, 0, 0, 0, 0, 0, 0, 0, 70]","""[0, 3, 2, 4, 3, 2, 4, 2, 7, 4, 5, 70, 66, 45, 53, 15, 50, 37, 70, 33, 0]"""
j10,2,reactive,600,True,30,0.05321240425109863,0.1325364112854004,"[0, 0, 0, 3, 3, 7, 19, 13, 23, 9, 13, 0, 0, 0, 0, 0, 0, 0, 0, 0, 30]","[0, 3, 2, 4, 3, 2, 4, 2, 7, 4, 5, 70, 66, 45, 53, 15, 50, 37, 70, 33, 0]"
j10,2,stnu,600,True,21,0.8606040477752686,0.013144493103027344,"[0, 0, 0, 2, 3, 6, 10, 8, 14, 14, 8, 0, 0, 0, 0, 0, 0, 0, 0, 0, 21]","""[0, 3, 2, 4, 3, 2, 4, 2, 7, 4, 5, 70, 66, 45, 53, 15, 50, 37, 70, 33, 0]"""
j10,2,proactive_robust,600,True,45,0.0569911003112793,0.0009267330169677734,"[0, 0, 0, 3, 3, 7, 19, 13, 32, 32, 13, 0, 0, 0, 0, 0, 0, 0, 0, 0, 70]","""[0, 2, 3, 1, 3, 6, 5, 2, 8, 2, 8, 70, 66, 45, 53, 15, 50, 37, 70, 33, 0]"""
j10,2,reactive,600,True,32,0.0569911003112793,0.11008620262145996,"[0, 0, 0, 3, 3, 7, 19, 13, 24, 15, 13, 0, 0, 0, 0, 0, 0, 0, 0, 0, 32]","[0, 2, 3, 1, 3, 6, 5, 2, 8, 2, 8, 70, 66, 45, 53, 15, 50, 37, 70, 33, 0]"
j10,2,stnu,600,True,28,0.7608034610748291,0.013196706771850586,"[0, 0, 0, 3, 3, 6, 14, 12, 20, 19, 12, 0, 0, 0, 0, 0, 0, 0, 0, 0, 28]","""[0, 2, 3, 1, 3, 6, 5, 2, 8, 2, 8, 70, 66, 45, 53, 15, 50, 37, 70, 33, 0]"""
j10,2,proactive_robust,600,True,45,0.059632301330566406,0.0009229183197021484,"[0, 0, 0, 3, 3, 7, 19, 13, 32, 32, 13, 0, 0, 0, 0, 0, 0, 0, 0, 0, 70]","""[0, 3, 3, 2, 3, 5, 8, 2, 2, 7, 7, 70, 66, 45, 53, 15, 50, 37, 70, 33, 0]"""
j10,2,reactive,600,True,39,0.059632301330566406,0.09376764297485352,"[0, 0, 0, 3, 3, 7, 19, 13, 32, 32, 13, 0, 0, 0, 0, 0, 0, 0, 0, 0, 39]","[0, 3, 3, 2, 3, 5, 8, 2, 2, 7, 7, 70, 66, 45, 53, 15, 50, 37, 70, 33, 0]"
j10,2,stnu,600,True,28,0.7595620155334473,0.013180255889892578,"[0, 0, 0, 3, 3, 6, 13, 11, 21, 21, 11, 0, 0, 0, 0, 0, 0, 0, 0, 0, 28]","""[0, 3, 3, 2, 3, 5, 8, 2, 2, 7, 7, 70, 66, 45, 53, 15, 50, 37, 70, 33, 0]"""
j10,2,proactive_robust,600,True,45,0.056913137435913086,0.0009355545043945312,"[0, 0, 0, 3, 3, 7, 19, 13, 32, 32, 13, 0, 0, 0, 0, 0, 0, 0, 0, 0, 70]","""[0, 1, 3, 2, 3, 6, 9, 4, 9, 6, 8, 70, 66, 45, 53, 15, 50, 37, 70, 33, 0]"""
j10,2,reactive,600,True,41,0.056913137435913086,0.08458638191223145,"[0, 0, 0, 3, 3, 7, 19, 13, 32, 32, 13, 0, 0, 0, 0, 0, 0, 0, 0, 0, 41]","[0, 1, 3, 2, 3, 6, 9, 4, 9, 6, 8, 70, 66, 45, 53, 15, 50, 37, 70, 33, 0]"
j10,2,stnu,600,True,34,0.7642278671264648,0.013143777847290039,"[0, 0, 0, 3, 3, 6, 16, 12, 25, 25, 12, 0, 0, 0, 0, 0, 0, 0, 0, 0, 34]","""[0, 1, 3, 2, 3, 6, 9, 4, 9, 6, 8, 70, 66, 45, 53, 15, 50, 37, 70, 33, 0]"""
j10,2,proactive_robust,600,True,45,0.056883811950683594,0.0009112358093261719,"[0, 0, 0, 3, 3, 7, 19, 13, 32, 32, 13, 0, 0, 0, 0, 0, 0, 0, 0, 0, 70]","""[0, 1, 1, 4, 2, 6, 5, 5, 7, 1, 8, 70, 66, 45, 53, 15, 50, 37, 70, 33, 0]"""
j10,2,reactive,600,True,31,0.056883811950683594,0.13329553604125977,"[0, 0, 0, 3, 3, 7, 19, 13, 24, 18, 13, 0, 0, 0, 0, 0, 0, 0, 0, 0, 31]","[0, 1, 1, 4, 2, 6, 5, 5, 7, 1, 8, 70, 66, 45, 53, 15, 50, 37, 70, 33, 0]"
j10,2,stnu,600,True,28,0.7718830108642578,0.013181924819946289,"[0, 0, 0, 1, 1, 5, 16, 11, 21, 21, 11, 0, 0, 0, 0, 0, 0, 0, 0, 0, 28]","""[0, 1, 1, 4, 2, 6, 5, 5, 7, 1, 8, 70, 66, 45, 53, 15, 50, 37, 70, 33, 0]"""
j10,2,proactive_robust,600,True,49,0.18068981170654297,0.0011029243469238281,"[0, 0, 0, 0, 4, 4, 4, 19, 17, 34, 4, 0, 0, 0, 0, 0, 0, 0, 0, 0, 0, 84]","""[0, 14, 3, 3, 7, 12, 14, 9, 3, 7, 6, 68, 20, 84, 26, 19, 22, 72, 76, 56, 83, 0]"""
j10,2,reactive,600,True,41,0.18068981170654297,0.10607481002807617,"[0, 0, 0, 0, 4, 4, 4, 19, 17, 34, 4, 0, 0, 0, 0, 0, 0, 0, 0, 0, 0, 41]","[0, 14, 3, 3, 7, 12, 14, 9, 3, 7, 6, 68, 20, 84, 26, 19, 22, 72, 76, 56, 83, 0]"
j10,2,stnu,600,True,33,0.7918143272399902,0.015775442123413086,"[0, 0, 0, 0, 3, 3, 3, 17, 15, 26, 3, 0, 0, 0, 0, 0, 0, 0, 0, 0, 0, 33]","""[0, 14, 3, 3, 7, 12, 14, 9, 3, 7, 6, 68, 20, 84, 26, 19, 22, 72, 76, 56, 83, 0]"""
j10,2,proactive_robust,600,True,49,0.05757951736450195,0.0011081695556640625,"[0, 0, 0, 0, 4, 4, 4, 19, 17, 34, 4, 0, 0, 0, 0, 0, 0, 0, 0, 0, 0, 84]","""[0, 13, 1, 3, 3, 8, 13, 13, 4, 5, 8, 68, 20, 84, 26, 19, 22, 72, 76, 56, 83, 0]"""
j10,2,reactive,600,True,39,0.05757951736450195,0.1132655143737793,"[0, 0, 0, 0, 4, 4, 4, 19, 17, 34, 4, 0, 0, 0, 0, 0, 0, 0, 0, 0, 0, 39]","[0, 13, 1, 3, 3, 8, 13, 13, 4, 5, 8, 68, 20, 84, 26, 19, 22, 72, 76, 56, 83, 0]"
j10,2,stnu,600,True,34,0.7590951919555664,0.01418447494506836,"[0, 0, 0, 0, 3, 3, 3, 16, 13, 29, 3, 0, 0, 0, 0, 0, 0, 0, 0, 0, 0, 34]","""[0, 13, 1, 3, 3, 8, 13, 13, 4, 5, 8, 68, 20, 84, 26, 19, 22, 72, 76, 56, 83, 0]"""
j10,2,proactive_robust,600,True,49,0.05512857437133789,0.0010950565338134766,"[0, 0, 0, 0, 4, 4, 4, 19, 17, 34, 4, 0, 0, 0, 0, 0, 0, 0, 0, 0, 0, 84]","""[0, 14, 1, 2, 4, 3, 6, 11, 11, 6, 2, 68, 20, 84, 26, 19, 22, 72, 76, 56, 83, 0]"""
j10,2,reactive,600,True,40,0.05512857437133789,0.12068915367126465,"[0, 0, 0, 0, 4, 4, 4, 19, 17, 34, 4, 0, 0, 0, 0, 0, 0, 0, 0, 0, 0, 40]","[0, 14, 1, 2, 4, 3, 6, 11, 11, 6, 2, 68, 20, 84, 26, 19, 22, 72, 76, 56, 83, 0]"
j10,2,stnu,600,True,31,0.7693221569061279,0.013946294784545898,"[0, 0, 0, 0, 2, 2, 2, 14, 14, 25, 2, 0, 0, 0, 0, 0, 0, 0, 0, 0, 0, 31]","""[0, 14, 1, 2, 4, 3, 6, 11, 11, 6, 2, 68, 20, 84, 26, 19, 22, 72, 76, 56, 83, 0]"""
j10,2,proactive_robust,600,True,49,0.05549764633178711,0.0011262893676757812,"[0, 0, 0, 0, 4, 4, 4, 19, 17, 34, 4, 0, 0, 0, 0, 0, 0, 0, 0, 0, 0, 84]","""[0, 10, 1, 2, 5, 12, 10, 10, 5, 9, 13, 68, 20, 84, 26, 19, 22, 72, 76, 56, 83, 0]"""
j10,2,reactive,600,True,43,0.05549764633178711,0.09852242469787598,"[0, 0, 0, 0, 4, 4, 4, 19, 17, 34, 4, 0, 0, 0, 0, 0, 0, 0, 0, 0, 0, 43]","[0, 10, 1, 2, 5, 12, 10, 10, 5, 9, 13, 68, 20, 84, 26, 19, 22, 72, 76, 56, 83, 0]"
j10,2,stnu,600,True,33,0.7574751377105713,0.013811588287353516,"[0, 0, 0, 0, 2, 2, 2, 14, 14, 24, 2, 0, 0, 0, 0, 0, 0, 0, 0, 0, 0, 33]","""[0, 10, 1, 2, 5, 12, 10, 10, 5, 9, 13, 68, 20, 84, 26, 19, 22, 72, 76, 56, 83, 0]"""
j10,2,proactive_robust,600,True,49,0.057257890701293945,0.0011363029479980469,"[0, 0, 0, 0, 4, 4, 4, 19, 17, 34, 4, 0, 0, 0, 0, 0, 0, 0, 0, 0, 0, 84]","""[0, 13, 3, 4, 6, 3, 5, 15, 9, 15, 6, 68, 20, 84, 26, 19, 22, 72, 76, 56, 83, 0]"""
j10,2,reactive,600,True,49,0.057257890701293945,0.07583975791931152,"[0, 0, 0, 0, 4, 4, 4, 19, 17, 34, 4, 0, 0, 0, 0, 0, 0, 0, 0, 0, 0, 49]","[0, 13, 3, 4, 6, 3, 5, 15, 9, 15, 6, 68, 20, 84, 26, 19, 22, 72, 76, 56, 83, 0]"
j10,2,stnu,600,True,43,0.8051178455352783,0.013708353042602539,"[0, 0, 0, 0, 4, 4, 4, 13, 13, 28, 4, 0, 0, 0, 0, 0, 0, 0, 0, 0, 0, 43]","""[0, 13, 3, 4, 6, 3, 5, 15, 9, 15, 6, 68, 20, 84, 26, 19, 22, 72, 76, 56, 83, 0]"""
j10,2,proactive_robust,600,True,49,0.05665779113769531,0.0011281967163085938,"[0, 0, 0, 0, 4, 4, 4, 19, 17, 34, 4, 0, 0, 0, 0, 0, 0, 0, 0, 0, 0, 84]","""[0, 5, 2, 3, 5, 11, 15, 9, 7, 8, 3, 68, 20, 84, 26, 19, 22, 72, 76, 56, 83, 0]"""
j10,2,reactive,600,True,42,0.05665779113769531,0.10486268997192383,"[0, 0, 0, 0, 4, 4, 4, 19, 17, 34, 4, 0, 0, 0, 0, 0, 0, 0, 0, 0, 0, 42]","[0, 5, 2, 3, 5, 11, 15, 9, 7, 8, 3, 68, 20, 84, 26, 19, 22, 72, 76, 56, 83, 0]"
j10,2,stnu,600,True,35,0.7637825012207031,0.013832330703735352,"[0, 0, 0, 0, 3, 3, 3, 18, 14, 27, 3, 0, 0, 0, 0, 0, 0, 0, 0, 0, 0, 35]","""[0, 5, 2, 3, 5, 11, 15, 9, 7, 8, 3, 68, 20, 84, 26, 19, 22, 72, 76, 56, 83, 0]"""
j10,2,proactive_robust,600,True,49,0.05466818809509277,0.0010769367218017578,"[0, 0, 0, 0, 4, 4, 4, 19, 17, 34, 4, 0, 0, 0, 0, 0, 0, 0, 0, 0, 0, 84]","""[0, 5, 4, 3, 13, 5, 9, 5, 3, 4, 6, 68, 20, 84, 26, 19, 22, 72, 76, 56, 83, 0]"""
j10,2,reactive,600,True,28,0.05466818809509277,0.08786225318908691,"[0, 0, 0, 0, 4, 4, 4, 19, 17, 24, 4, 0, 0, 0, 0, 0, 0, 0, 0, 0, 0, 28]","[0, 5, 4, 3, 13, 5, 9, 5, 3, 4, 6, 68, 20, 84, 26, 19, 22, 72, 76, 56, 83, 0]"
j10,2,stnu,600,True,26,0.8280813694000244,0.01373600959777832,"[0, 0, 0, 0, 4, 4, 3, 17, 17, 22, 4, 0, 0, 0, 0, 0, 0, 0, 0, 0, 0, 26]","""[0, 5, 4, 3, 13, 5, 9, 5, 3, 4, 6, 68, 20, 84, 26, 19, 22, 72, 76, 56, 83, 0]"""
j10,2,proactive_robust,600,True,49,0.05886411666870117,0.001112222671508789,"[0, 0, 0, 0, 4, 4, 4, 19, 17, 34, 4, 0, 0, 0, 0, 0, 0, 0, 0, 0, 0, 84]","""[0, 16, 1, 3, 13, 11, 6, 12, 9, 10, 4, 68, 20, 84, 26, 19, 22, 72, 76, 56, 83, 0]"""
j10,2,reactive,600,True,44,0.05886411666870117,0.08983445167541504,"[0, 0, 0, 0, 4, 4, 4, 19, 17, 34, 4, 0, 0, 0, 0, 0, 0, 0, 0, 0, 0, 44]","[0, 16, 1, 3, 13, 11, 6, 12, 9, 10, 4, 68, 20, 84, 26, 19, 22, 72, 76, 56, 83, 0]"
j10,2,stnu,600,True,38,0.9005658626556396,0.013810396194458008,"[0, 0, 0, 0, 3, 3, 3, 16, 16, 28, 3, 0, 0, 0, 0, 0, 0, 0, 0, 0, 0, 38]","""[0, 16, 1, 3, 13, 11, 6, 12, 9, 10, 4, 68, 20, 84, 26, 19, 22, 72, 76, 56, 83, 0]"""
j10,2,proactive_robust,600,True,49,0.05560469627380371,0.0011165142059326172,"[0, 0, 0, 0, 4, 4, 4, 19, 17, 34, 4, 0, 0, 0, 0, 0, 0, 0, 0, 0, 0, 84]","""[0, 10, 1, 2, 7, 12, 4, 7, 5, 15, 4, 68, 20, 84, 26, 19, 22, 72, 76, 56, 83, 0]"""
j10,2,reactive,600,True,41,0.05560469627380371,0.09587669372558594,"[0, 0, 0, 0, 4, 4, 4, 19, 17, 26, 4, 0, 0, 0, 0, 0, 0, 0, 0, 0, 0, 41]","[0, 10, 1, 2, 7, 12, 4, 7, 5, 15, 4, 68, 20, 84, 26, 19, 22, 72, 76, 56, 83, 0]"
j10,2,stnu,600,True,36,0.7531745433807373,0.013772010803222656,"[0, 0, 0, 0, 2, 2, 2, 14, 14, 21, 2, 0, 0, 0, 0, 0, 0, 0, 0, 0, 0, 36]","""[0, 10, 1, 2, 7, 12, 4, 7, 5, 15, 4, 68, 20, 84, 26, 19, 22, 72, 76, 56, 83, 0]"""
j10,2,proactive_robust,600,True,49,0.054871559143066406,0.001117706298828125,"[0, 0, 0, 0, 4, 4, 4, 19, 17, 34, 4, 0, 0, 0, 0, 0, 0, 0, 0, 0, 0, 84]","""[0, 9, 3, 4, 2, 2, 7, 14, 12, 5, 10, 68, 20, 84, 26, 19, 22, 72, 76, 56, 83, 0]"""
j10,2,reactive,600,True,39,0.054871559143066406,0.08422636985778809,"[0, 0, 0, 0, 4, 4, 4, 19, 17, 34, 4, 0, 0, 0, 0, 0, 0, 0, 0, 0, 0, 39]","[0, 9, 3, 4, 2, 2, 7, 14, 12, 5, 10, 68, 20, 84, 26, 19, 22, 72, 76, 56, 83, 0]"
j10,2,stnu,600,True,30,0.831296443939209,0.013805150985717773,"[0, 0, 0, 0, 4, 4, 4, 11, 9, 25, 4, 0, 0, 0, 0, 0, 0, 0, 0, 0, 0, 30]","""[0, 9, 3, 4, 2, 2, 7, 14, 12, 5, 10, 68, 20, 84, 26, 19, 22, 72, 76, 56, 83, 0]"""
j10,2,proactive_robust,600,True,51,0.06166219711303711,0.00027108192443847656,"[0, 0, 0, 0, 6, 15, 21, 31, 15, 21, 41, 0, 61]","""[0, 3, 4, 10, 5, 3, 4, 5, 3, 2, 9, 61, 0]"""
j10,2,reactive,600,True,45,0.06166219711303711,0.10840582847595215,"[0, 0, 0, 0, 6, 15, 21, 31, 15, 21, 36, 0, 45]","[0, 3, 4, 10, 5, 3, 4, 5, 3, 2, 9, 61, 0]"
j10,2,stnu,600,True,30,0.7261085510253906,0.005309343338012695,"[0, 0, 0, 0, 4, 9, 12, 16, 10, 12, 21, 0, 30]","""[0, 3, 4, 10, 5, 3, 4, 5, 3, 2, 9, 61, 0]"""
j10,2,proactive_robust,600,True,51,0.055310726165771484,0.0002810955047607422,"[0, 0, 0, 0, 6, 15, 21, 31, 15, 21, 41, 0, 61]","""[0, 1, 4, 7, 6, 4, 1, 6, 1, 10, 5, 61, 0]"""
j10,2,reactive,600,True,42,0.055310726165771484,0.10358309745788574,"[0, 0, 0, 0, 6, 15, 21, 31, 15, 21, 37, 0, 42]","[0, 1, 4, 7, 6, 4, 1, 6, 1, 10, 5, 61, 0]"
j10,2,stnu,600,True,35,0.72078537940979,0.0053403377532958984,"[0, 0, 0, 0, 4, 10, 14, 24, 10, 14, 30, 0, 35]","""[0, 1, 4, 7, 6, 4, 1, 6, 1, 10, 5, 61, 0]"""
j10,2,proactive_robust,600,True,51,0.05654573440551758,0.0002791881561279297,"[0, 0, 0, 0, 6, 15, 21, 31, 15, 21, 41, 0, 61]","""[0, 5, 4, 1, 7, 6, 1, 2, 6, 2, 3, 61, 0]"""
j10,2,reactive,600,True,27,0.05654573440551758,0.10762333869934082,"[0, 0, 0, 0, 6, 15, 21, 22, 15, 21, 24, 0, 27]","[0, 5, 4, 1, 7, 6, 1, 2, 6, 2, 3, 61, 0]"
j10,2,stnu,600,True,25,0.7204551696777344,0.005310535430908203,"[0, 0, 0, 0, 5, 12, 18, 20, 12, 18, 22, 0, 25]","""[0, 5, 4, 1, 7, 6, 1, 2, 6, 2, 3, 61, 0]"""
j10,2,proactive_robust,600,True,51,0.06036543846130371,0.00030875205993652344,"[0, 0, 0, 0, 6, 15, 21, 31, 15, 21, 41, 0, 61]","""[0, 2, 2, 9, 8, 6, 5, 7, 4, 3, 9, 61, 0]"""
j10,2,reactive,600,True,50,0.06036543846130371,0.12483978271484375,"[0, 0, 0, 0, 6, 15, 21, 31, 15, 21, 41, 0, 50]","[0, 2, 2, 9, 8, 6, 5, 7, 4, 3, 9, 61, 0]"
j10,2,stnu,600,True,37,0.7135226726531982,0.005315303802490234,"[0, 0, 0, 0, 2, 10, 16, 21, 10, 16, 28, 0, 37]","""[0, 2, 2, 9, 8, 6, 5, 7, 4, 3, 9, 61, 0]"""
j10,2,proactive_robust,600,True,51,0.05797910690307617,0.00028777122497558594,"[0, 0, 0, 0, 6, 15, 21, 31, 15, 21, 41, 0, 61]","""[0, 1, 3, 5, 6, 1, 6, 10, 7, 1, 10, 61, 0]"""
j10,2,reactive,600,True,47,0.05797910690307617,0.1346886157989502,"[0, 0, 0, 0, 6, 15, 21, 27, 15, 21, 37, 0, 47]","[0, 1, 3, 5, 6, 1, 6, 10, 7, 1, 10, 61, 0]"
j10,2,stnu,600,True,36,0.7313399314880371,0.005224466323852539,"[0, 0, 0, 0, 3, 9, 10, 16, 9, 10, 26, 0, 36]","""[0, 1, 3, 5, 6, 1, 6, 10, 7, 1, 10, 61, 0]"""
j10,2,proactive_robust,600,True,51,0.05827164649963379,0.00029015541076660156,"[0, 0, 0, 0, 6, 15, 21, 31, 15, 21, 41, 0, 61]","""[0, 5, 1, 3, 6, 5, 6, 5, 6, 4, 10, 61, 0]"""
j10,2,reactive,600,True,46,0.05827164649963379,0.12836790084838867,"[0, 0, 0, 0, 6, 15, 21, 31, 15, 21, 36, 0, 46]","[0, 5, 1, 3, 6, 5, 6, 5, 6, 4, 10, 61, 0]"
j10,2,stnu,600,True,37,0.7160608768463135,0.005286455154418945,"[0, 0, 0, 0, 5, 11, 16, 22, 11, 16, 27, 0, 37]","""[0, 5, 1, 3, 6, 5, 6, 5, 6, 4, 10, 61, 0]"""
j10,2,proactive_robust,600,True,51,0.05733156204223633,0.0002684593200683594,"[0, 0, 0, 0, 6, 15, 21, 31, 15, 21, 41, 0, 61]","""[0, 3, 3, 2, 2, 1, 5, 7, 4, 5, 4, 61, 0]"""
j10,2,reactive,600,True,42,0.05733156204223633,0.1605081558227539,"[0, 0, 0, 0, 6, 15, 21, 31, 15, 21, 38, 0, 42]","[0, 3, 3, 2, 2, 1, 5, 7, 4, 5, 4, 61, 0]"
j10,2,stnu,600,True,22,0.7245779037475586,0.005309343338012695,"[0, 0, 0, 0, 3, 5, 6, 11, 5, 6, 18, 0, 22]","""[0, 3, 3, 2, 2, 1, 5, 7, 4, 5, 4, 61, 0]"""
j10,2,proactive_robust,600,True,51,0.057860374450683594,0.0003020763397216797,"[0, 0, 0, 0, 6, 15, 21, 31, 15, 21, 41, 0, 61]","""[0, 1, 1, 4, 2, 6, 10, 8, 8, 7, 8, 61, 0]"""
j10,2,reactive,600,True,49,0.057860374450683594,0.11043429374694824,"[0, 0, 0, 0, 6, 15, 21, 31, 15, 21, 41, 0, 49]","[0, 1, 1, 4, 2, 6, 10, 8, 8, 7, 8, 61, 0]"
j10,2,stnu,600,True,35,0.8295860290527344,0.005275726318359375,"[0, 0, 0, 0, 1, 3, 9, 19, 4, 9, 27, 0, 35]","""[0, 1, 1, 4, 2, 6, 10, 8, 8, 7, 8, 61, 0]"""
j10,2,proactive_robust,600,True,51,0.06107521057128906,0.0002994537353515625,"[0, 0, 0, 0, 6, 15, 21, 31, 15, 21, 41, 0, 61]","""[0, 5, 2, 9, 1, 3, 9, 8, 7, 5, 5, 61, 0]"""
j10,2,reactive,600,True,46,0.06107521057128906,0.15481257438659668,"[0, 0, 0, 0, 6, 15, 21, 31, 15, 21, 41, 0, 46]","[0, 5, 2, 9, 1, 3, 9, 8, 7, 5, 5, 61, 0]"
j10,2,stnu,600,True,31,0.7163782119750977,0.005221366882324219,"[0, 0, 0, 0, 5, 6, 9, 18, 9, 9, 26, 0, 31]","""[0, 5, 2, 9, 1, 3, 9, 8, 7, 5, 5, 61, 0]"""
j10,2,proactive_robust,600,True,51,0.06110239028930664,0.0002703666687011719,"[0, 0, 0, 0, 6, 15, 21, 31, 15, 21, 41, 0, 61]","""[0, 2, 3, 1, 5, 3, 1, 1, 7, 2, 8, 61, 0]"""
j10,2,reactive,600,True,31,0.06110239028930664,0.2532694339752197,"[0, 0, 0, 0, 6, 15, 21, 22, 15, 21, 23, 0, 31]","[0, 2, 3, 1, 5, 3, 1, 1, 7, 2, 8, 61, 0]"
j10,2,stnu,600,True,22,0.7297329902648926,0.005377769470214844,"[0, 0, 0, 0, 3, 8, 11, 13, 8, 11, 14, 0, 22]","""[0, 2, 3, 1, 5, 3, 1, 1, 7, 2, 8, 61, 0]"""
j10,2,proactive_robust,600,True,52,0.05240821838378906,0.0004734992980957031,"[0, 6, 0, 0, 18, 33, 6, 6, 37, 33, 10, 0, 0, 0, 84]","""[0, 7, 10, 1, 8, 1, 6, 14, 15, 1, 7, 51, 12, 84, 0]"""
j10,2,reactive,600,True,42,0.05240821838378906,0.07913517951965332,"[0, 6, 0, 0, 18, 26, 6, 6, 27, 26, 10, 0, 0, 0, 42]","[0, 7, 10, 1, 8, 1, 6, 14, 15, 1, 7, 51, 12, 84, 0]"
j10,2,stnu,600,True,34,0.7333643436431885,0.0064961910247802734,"[0, 1, 0, 0, 10, 18, 1, 1, 19, 18, 10, 0, 0, 0, 34]","""[0, 7, 10, 1, 8, 1, 6, 14, 15, 1, 7, 51, 12, 84, 0]"""
j10,2,proactive_robust,600,True,52,0.05447983741760254,0.0004417896270751953,"[0, 6, 0, 0, 18, 33, 6, 6, 37, 33, 10, 0, 0, 0, 84]","""[0, 12, 1, 4, 13, 2, 3, 9, 5, 1, 3, 51, 12, 84, 0]"""
j10,2,reactive,600,True,42,0.05447983741760254,0.10324645042419434,"[0, 6, 0, 0, 18, 33, 6, 6, 37, 33, 10, 0, 0, 0, 42]","[0, 12, 1, 4, 13, 2, 3, 9, 5, 1, 3, 51, 12, 84, 0]"
j10,2,stnu,600,True,36,0.7233901023864746,0.006524324417114258,"[0, 4, 0, 0, 16, 29, 4, 4, 31, 29, 4, 0, 0, 0, 36]","""[0, 12, 1, 4, 13, 2, 3, 9, 5, 1, 3, 51, 12, 84, 0]"""
j10,2,proactive_robust,600,True,52,0.05172610282897949,0.0004870891571044922,"[0, 6, 0, 0, 18, 33, 6, 6, 37, 33, 10, 0, 0, 0, 84]","""[0, 5, 10, 5, 14, 4, 6, 13, 11, 5, 8, 51, 12, 84, 0]"""
j10,2,reactive,600,True,48,0.05172610282897949,0.0784759521484375,"[0, 6, 0, 0, 18, 33, 6, 6, 37, 33, 10, 0, 0, 0, 48]","[0, 5, 10, 5, 14, 4, 6, 13, 11, 5, 8, 51, 12, 84, 0]"
j10,2,stnu,600,True,40,0.7350344657897949,0.006472587585449219,"[0, 5, 0, 0, 11, 25, 5, 5, 29, 25, 10, 0, 0, 0, 40]","""[0, 5, 10, 5, 14, 4, 6, 13, 11, 5, 8, 51, 12, 84, 0]"""
j10,2,proactive_robust,600,True,52,0.05270719528198242,0.00045680999755859375,"[0, 6, 0, 0, 18, 33, 6, 6, 37, 33, 10, 0, 0, 0, 84]","""[0, 1, 3, 3, 11, 4, 5, 14, 5, 9, 5, 51, 12, 84, 0]"""
j10,2,reactive,600,True,42,0.05270719528198242,0.10776257514953613,"[0, 6, 0, 0, 18, 33, 6, 6, 37, 33, 10, 0, 0, 0, 42]","[0, 1, 3, 3, 11, 4, 5, 14, 5, 9, 5, 51, 12, 84, 0]"
j10,2,stnu,600,True,28,0.7172386646270752,0.0064907073974609375,"[0, 3, 0, 0, 8, 19, 3, 3, 23, 19, 3, 0, 0, 0, 28]","""[0, 1, 3, 3, 11, 4, 5, 14, 5, 9, 5, 51, 12, 84, 0]"""
j10,2,proactive_robust,600,True,52,0.05193829536437988,0.00043582916259765625,"[0, 6, 0, 0, 18, 33, 6, 6, 37, 33, 10, 0, 0, 0, 84]","""[0, 12, 3, 5, 14, 2, 2, 5, 3, 5, 2, 51, 12, 84, 0]"""
j10,2,reactive,600,True,40,0.05193829536437988,0.10860729217529297,"[0, 6, 0, 0, 18, 33, 6, 6, 37, 33, 10, 0, 0, 0, 40]","[0, 12, 3, 5, 14, 2, 2, 5, 3, 5, 2, 51, 12, 84, 0]"
j10,2,stnu,600,True,36,0.714057445526123,0.00648951530456543,"[0, 5, 0, 0, 17, 31, 5, 5, 33, 31, 5, 0, 0, 0, 36]","""[0, 12, 3, 5, 14, 2, 2, 5, 3, 5, 2, 51, 12, 84, 0]"""
j10,2,proactive_robust,600,True,52,0.05110788345336914,0.0004551410675048828,"[0, 6, 0, 0, 18, 33, 6, 6, 37, 33, 10, 0, 0, 0, 84]","""[0, 10, 9, 1, 9, 2, 6, 5, 15, 9, 3, 51, 12, 84, 0]"""
j10,2,reactive,600,True,44,0.05110788345336914,0.07750821113586426,"[0, 6, 0, 0, 18, 27, 6, 6, 29, 27, 10, 0, 0, 0, 44]","[0, 10, 9, 1, 9, 2, 6, 5, 15, 9, 3, 51, 12, 84, 0]"
j10,2,stnu,600,True,37,0.7317492961883545,0.006496429443359375,"[0, 1, 0, 0, 11, 20, 1, 1, 22, 20, 9, 0, 0, 0, 37]","""[0, 10, 9, 1, 9, 2, 6, 5, 15, 9, 3, 51, 12, 84, 0]"""
j10,2,proactive_robust,600,True,52,0.05128288269042969,0.0004584789276123047,"[0, 6, 0, 0, 18, 33, 6, 6, 37, 33, 10, 0, 0, 0, 84]","""[0, 10, 8, 2, 10, 1, 3, 9, 15, 4, 5, 51, 12, 84, 0]"""
j10,2,reactive,600,True,44,0.05128288269042969,0.10651397705078125,"[0, 6, 0, 0, 18, 28, 6, 6, 29, 28, 10, 0, 0, 0, 44]","[0, 10, 8, 2, 10, 1, 3, 9, 15, 4, 5, 51, 12, 84, 0]"
j10,2,stnu,600,True,38,0.714104175567627,0.006474018096923828,"[0, 2, 0, 0, 12, 22, 2, 2, 23, 22, 8, 0, 0, 0, 38]","""[0, 10, 8, 2, 10, 1, 3, 9, 15, 4, 5, 51, 12, 84, 0]"""
j10,2,proactive_robust,600,True,52,0.05112171173095703,0.0004379749298095703,"[0, 6, 0, 0, 18, 33, 6, 6, 37, 33, 10, 0, 0, 0, 84]","""[0, 11, 3, 1, 4, 4, 5, 11, 7, 3, 3, 51, 12, 84, 0]"""
j10,2,reactive,600,True,33,0.05112171173095703,0.12169218063354492,"[0, 6, 0, 0, 18, 22, 6, 6, 26, 22, 10, 0, 0, 0, 33]","[0, 11, 3, 1, 4, 4, 5, 11, 7, 3, 3, 51, 12, 84, 0]"
j10,2,stnu,600,True,27,0.8140213489532471,0.0064239501953125,"[0, 1, 0, 0, 12, 16, 1, 1, 20, 16, 3, 0, 0, 0, 27]","""[0, 11, 3, 1, 4, 4, 5, 11, 7, 3, 3, 51, 12, 84, 0]"""
j10,2,proactive_robust,600,True,52,0.051004648208618164,0.00044274330139160156,"[0, 6, 0, 0, 18, 33, 6, 6, 37, 33, 10, 0, 0, 0, 84]","""[0, 6, 9, 4, 4, 2, 1, 7, 13, 9, 5, 51, 12, 84, 0]"""
j10,2,reactive,600,True,37,0.051004648208618164,0.09827685356140137,"[0, 6, 0, 0, 18, 22, 6, 6, 24, 22, 10, 0, 0, 0, 37]","[0, 6, 9, 4, 4, 2, 1, 7, 13, 9, 5, 51, 12, 84, 0]"
j10,2,stnu,600,True,29,0.7242255210876465,0.00651240348815918,"[0, 4, 0, 0, 10, 14, 4, 4, 16, 14, 9, 0, 0, 0, 29]","""[0, 6, 9, 4, 4, 2, 1, 7, 13, 9, 5, 51, 12, 84, 0]"""
j10,2,proactive_robust,600,True,52,0.05337977409362793,0.00043272972106933594,"[0, 6, 0, 0, 18, 33, 6, 6, 37, 33, 10, 0, 0, 0, 84]","""[0, 2, 6, 1, 11, 3, 6, 8, 7, 8, 2, 51, 12, 84, 0]"""
j10,2,reactive,600,True,44,0.05337977409362793,0.11864542961120605,"[0, 6, 0, 0, 18, 33, 6, 6, 37, 33, 10, 0, 0, 0, 44]","[0, 2, 6, 1, 11, 3, 6, 8, 7, 8, 2, 51, 12, 84, 0]"
j10,2,stnu,600,True,28,0.7406725883483887,0.0065419673919677734,"[0, 1, 0, 0, 7, 18, 1, 1, 21, 18, 6, 0, 0, 0, 28]","""[0, 2, 6, 1, 11, 3, 6, 8, 7, 8, 2, 51, 12, 84, 0]"""
j10,2,proactive_robust,600,True,55,0.06413936614990234,0.0009760856628417969,"[0, 0, 0, 14, 6, 27, 6, 27, 27, 39, 52, 0, 0, 0, 0, 0, 0, 0, 0, 0, 73]","""[0, 13, 6, 7, 3, 5, 1, 8, 2, 9, 2, 69, 64, 35, 29, 36, 23, 73, 58, 68, 0]"""
j10,2,reactive,600,True,48,0.06413936614990234,0.1640772819519043,"[0, 0, 0, 14, 6, 27, 6, 27, 27, 39, 21, 0, 0, 0, 0, 0, 0, 0, 0, 0, 48]","[0, 13, 6, 7, 3, 5, 1, 8, 2, 9, 2, 69, 64, 35, 29, 36, 23, 73, 58, 68, 0]"
j10,2,stnu,600,True,33,0.7748723030090332,0.013139009475708008,"[0, 0, 0, 7, 6, 14, 6, 14, 14, 22, 31, 0, 0, 0, 0, 0, 0, 0, 0, 0, 33]","""[0, 13, 6, 7, 3, 5, 1, 8, 2, 9, 2, 69, 64, 35, 29, 36, 23, 73, 58, 68, 0]"""
j10,2,proactive_robust,600,True,55,0.05754518508911133,0.0009608268737792969,"[0, 0, 0, 14, 6, 27, 6, 27, 27, 39, 52, 0, 0, 0, 0, 0, 0, 0, 0, 0, 73]","""[0, 4, 4, 8, 2, 1, 4, 7, 1, 9, 3, 69, 64, 35, 29, 36, 23, 73, 58, 68, 0]"""
j10,2,reactive,600,True,48,0.05754518508911133,0.3054969310760498,"[0, 0, 0, 14, 6, 27, 6, 27, 27, 39, 22, 0, 0, 0, 0, 0, 0, 0, 0, 0, 48]","[0, 4, 4, 8, 2, 1, 4, 7, 1, 9, 3, 69, 64, 35, 29, 36, 23, 73, 58, 68, 0]"
j10,2,stnu,600,True,35,0.7655892372131348,0.012844085693359375,"[0, 0, 0, 8, 4, 16, 4, 16, 16, 23, 32, 0, 0, 0, 0, 0, 0, 0, 0, 0, 35]","""[0, 4, 4, 8, 2, 1, 4, 7, 1, 9, 3, 69, 64, 35, 29, 36, 23, 73, 58, 68, 0]"""
j10,2,proactive_robust,600,True,55,0.05993080139160156,0.0009603500366210938,"[0, 0, 0, 14, 6, 27, 6, 27, 27, 39, 52, 0, 0, 0, 0, 0, 0, 0, 0, 0, 73]","""[0, 7, 1, 2, 6, 6, 4, 8, 2, 10, 2, 69, 64, 35, 29, 36, 23, 73, 58, 68, 0]"""
j10,2,reactive,600,True,45,0.05993080139160156,0.20879244804382324,"[0, 0, 0, 14, 6, 27, 6, 27, 27, 35, 16, 0, 0, 0, 0, 0, 0, 0, 0, 0, 45]","[0, 7, 1, 2, 6, 6, 4, 8, 2, 10, 2, 69, 64, 35, 29, 36, 23, 73, 58, 68, 0]"
j10,2,stnu,600,True,27,0.7713053226470947,0.013077974319458008,"[0, 0, 0, 5, 1, 7, 1, 7, 7, 15, 25, 0, 0, 0, 0, 0, 0, 0, 0, 0, 27]","""[0, 7, 1, 2, 6, 6, 4, 8, 2, 10, 2, 69, 64, 35, 29, 36, 23, 73, 58, 68, 0]"""
j10,2,proactive_robust,600,True,55,0.0633246898651123,0.0009438991546630859,"[0, 0, 0, 14, 6, 27, 6, 27, 27, 39, 52, 0, 0, 0, 0, 0, 0, 0, 0, 0, 73]","""[0, 6, 2, 9, 4, 4, 5, 1, 2, 6, 1, 69, 64, 35, 29, 36, 23, 73, 58, 68, 0]"""
j10,2,reactive,600,True,37,0.0633246898651123,0.21857833862304688,"[0, 0, 0, 14, 6, 27, 6, 27, 27, 31, 23, 0, 0, 0, 0, 0, 0, 0, 0, 0, 37]","[0, 6, 2, 9, 4, 4, 5, 1, 2, 6, 1, 69, 64, 35, 29, 36, 23, 73, 58, 68, 0]"
j10,2,stnu,600,True,27,0.7739274501800537,0.01296544075012207,"[0, 0, 0, 7, 2, 16, 2, 16, 16, 20, 26, 0, 0, 0, 0, 0, 0, 0, 0, 0, 27]","""[0, 6, 2, 9, 4, 4, 5, 1, 2, 6, 1, 69, 64, 35, 29, 36, 23, 73, 58, 68, 0]"""
j10,2,proactive_robust,600,True,55,0.05715799331665039,0.0009577274322509766,"[0, 0, 0, 14, 6, 27, 6, 27, 27, 39, 52, 0, 0, 0, 0, 0, 0, 0, 0, 0, 73]","""[0, 10, 4, 12, 5, 3, 2, 11, 3, 5, 3, 69, 64, 35, 29, 36, 23, 73, 58, 68, 0]"""
j10,2,reactive,600,True,47,0.05715799331665039,0.16204428672790527,"[0, 0, 0, 14, 6, 27, 6, 27, 27, 39, 44, 0, 0, 0, 0, 0, 0, 0, 0, 0, 47]","[0, 10, 4, 12, 5, 3, 2, 11, 3, 5, 3, 69, 64, 35, 29, 36, 23, 73, 58, 68, 0]"
j10,2,stnu,600,True,37,0.8942074775695801,0.012938499450683594,"[0, 0, 0, 6, 4, 18, 4, 18, 18, 29, 34, 0, 0, 0, 0, 0, 0, 0, 0, 0, 37]","""[0, 10, 4, 12, 5, 3, 2, 11, 3, 5, 3, 69, 64, 35, 29, 36, 23, 73, 58, 68, 0]"""
j10,2,proactive_robust,600,True,55,0.0653066635131836,0.000985860824584961,"[0, 0, 0, 14, 6, 27, 6, 27, 27, 39, 52, 0, 0, 0, 0, 0, 0, 0, 0, 0, 73]","""[0, 13, 5, 5, 8, 4, 2, 5, 3, 6, 2, 69, 64, 35, 29, 36, 23, 73, 58, 68, 0]"""
j10,2,reactive,600,True,38,0.0653066635131836,0.18973350524902344,"[0, 0, 0, 14, 6, 27, 6, 27, 27, 32, 19, 0, 0, 0, 0, 0, 0, 0, 0, 0, 38]","[0, 13, 5, 5, 8, 4, 2, 5, 3, 6, 2, 69, 64, 35, 29, 36, 23, 73, 58, 68, 0]"
j10,2,stnu,600,True,25,0.7650878429412842,0.012930870056152344,"[0, 0, 0, 7, 5, 13, 5, 12, 13, 17, 23, 0, 0, 0, 0, 0, 0, 0, 0, 0, 25]","""[0, 13, 5, 5, 8, 4, 2, 5, 3, 6, 2, 69, 64, 35, 29, 36, 23, 73, 58, 68, 0]"""
j10,2,proactive_robust,600,True,55,0.06175827980041504,0.0009665489196777344,"[0, 0, 0, 14, 6, 27, 6, 27, 27, 39, 52, 0, 0, 0, 0, 0, 0, 0, 0, 0, 73]","""[0, 9, 2, 8, 9, 5, 2, 10, 3, 5, 2, 69, 64, 35, 29, 36, 23, 73, 58, 68, 0]"""
j10,2,reactive,600,True,44,0.06175827980041504,0.19293737411499023,"[0, 0, 0, 14, 6, 27, 6, 27, 27, 39, 22, 0, 0, 0, 0, 0, 0, 0, 0, 0, 44]","[0, 9, 2, 8, 9, 5, 2, 10, 3, 5, 2, 69, 64, 35, 29, 36, 23, 73, 58, 68, 0]"
j10,2,stnu,600,True,29,0.7677040100097656,0.01294708251953125,"[0, 0, 0, 4, 2, 12, 2, 12, 12, 22, 27, 0, 0, 0, 0, 0, 0, 0, 0, 0, 29]","""[0, 9, 2, 8, 9, 5, 2, 10, 3, 5, 2, 69, 64, 35, 29, 36, 23, 73, 58, 68, 0]"""
j10,2,proactive_robust,600,True,55,0.058716535568237305,0.0009467601776123047,"[0, 0, 0, 14, 6, 27, 6, 27, 27, 39, 52, 0, 0, 0, 0, 0, 0, 0, 0, 0, 73]","""[0, 9, 5, 7, 5, 1, 2, 2, 4, 3, 3, 69, 64, 35, 29, 36, 23, 73, 58, 68, 0]"""
j10,2,reactive,600,True,28,0.058716535568237305,0.1757819652557373,"[0, 0, 0, 14, 6, 21, 6, 8, 21, 22, 25, 0, 0, 0, 0, 0, 0, 0, 0, 0, 28]","[0, 9, 5, 7, 5, 1, 2, 2, 4, 3, 3, 69, 64, 35, 29, 36, 23, 73, 58, 68, 0]"
j10,2,stnu,600,True,22,0.8685855865478516,0.012953758239746094,"[0, 0, 0, 7, 5, 14, 5, 14, 14, 16, 19, 0, 0, 0, 0, 0, 0, 0, 0, 0, 22]","""[0, 9, 5, 7, 5, 1, 2, 2, 4, 3, 3, 69, 64, 35, 29, 36, 23, 73, 58, 68, 0]"""
j10,2,proactive_robust,600,True,55,0.0646963119506836,0.0009374618530273438,"[0, 0, 0, 14, 6, 27, 6, 27, 27, 39, 52, 0, 0, 0, 0, 0, 0, 0, 0, 0, 73]","""[0, 9, 5, 7, 2, 2, 2, 1, 4, 13, 1, 69, 64, 35, 29, 36, 23, 73, 58, 68, 0]"""
j10,2,reactive,600,True,42,0.0646963119506836,0.18275904655456543,"[0, 0, 0, 14, 6, 27, 6, 27, 27, 29, 21, 0, 0, 0, 0, 0, 0, 0, 0, 0, 42]","[0, 9, 5, 7, 2, 2, 2, 1, 4, 13, 1, 69, 64, 35, 29, 36, 23, 73, 58, 68, 0]"
j10,2,stnu,600,True,30,0.7646479606628418,0.013007640838623047,"[0, 0, 0, 7, 5, 14, 5, 14, 14, 16, 29, 0, 0, 0, 0, 0, 0, 0, 0, 0, 30]","""[0, 9, 5, 7, 2, 2, 2, 1, 4, 13, 1, 69, 64, 35, 29, 36, 23, 73, 58, 68, 0]"""
j10,2,proactive_robust,600,True,55,0.05989551544189453,0.0009677410125732422,"[0, 0, 0, 14, 6, 27, 6, 27, 27, 39, 52, 0, 0, 0, 0, 0, 0, 0, 0, 0, 73]","""[0, 12, 3, 12, 6, 3, 8, 9, 2, 7, 1, 69, 64, 35, 29, 36, 23, 73, 58, 68, 0]"""
j10,2,reactive,600,True,46,0.05989551544189453,0.1800844669342041,"[0, 0, 0, 14, 6, 27, 6, 27, 27, 39, 26, 0, 0, 0, 0, 0, 0, 0, 0, 0, 46]","[0, 12, 3, 12, 6, 3, 8, 9, 2, 7, 1, 69, 64, 35, 29, 36, 23, 73, 58, 68, 0]"
j10,2,stnu,600,True,40,0.7609260082244873,0.01307225227355957,"[0, 0, 0, 11, 3, 23, 3, 23, 23, 32, 39, 0, 0, 0, 0, 0, 0, 0, 0, 0, 40]","""[0, 12, 3, 12, 6, 3, 8, 9, 2, 7, 1, 69, 64, 35, 29, 36, 23, 73, 58, 68, 0]"""
j10,2,proactive_robust,600,True,36,0.058013200759887695,0.0002923011779785156,"[0, 0, 0, 0, 6, 6, 21, 6, 30, 21, 21, 0, 62]","""[0, 2, 6, 1, 5, 10, 4, 4, 6, 6, 4, 62, 0]"""
j10,2,reactive,600,True,31,0.058013200759887695,0.13020658493041992,"[0, 0, 0, 0, 6, 6, 21, 6, 25, 21, 21, 0, 31]","[0, 2, 6, 1, 5, 10, 4, 4, 6, 6, 4, 62, 0]"
j10,2,stnu,600,True,26,0.7171902656555176,0.004974842071533203,"[0, 0, 0, 0, 6, 6, 16, 6, 20, 16, 16, 0, 26]","""[0, 2, 6, 1, 5, 10, 4, 4, 6, 6, 4, 62, 0]"""
j10,2,proactive_robust,600,True,36,0.05368852615356445,0.00027060508728027344,"[0, 0, 0, 0, 6, 6, 21, 6, 30, 21, 21, 0, 62]","""[0, 1, 2, 6, 7, 3, 4, 6, 1, 3, 5, 62, 0]"""
j10,2,reactive,600,True,15,0.05368852615356445,0.19035649299621582,"[0, 0, 0, 0, 6, 6, 9, 6, 13, 12, 9, 0, 15]","[0, 1, 2, 6, 7, 3, 4, 6, 1, 3, 5, 62, 0]"
j10,2,stnu,600,True,14,0.7493658065795898,0.0050258636474609375,"[0, 0, 0, 0, 2, 2, 9, 2, 13, 9, 5, 0, 14]","""[0, 1, 2, 6, 7, 3, 4, 6, 1, 3, 5, 62, 0]"""
j10,2,proactive_robust,600,True,36,0.05248570442199707,0.0003008842468261719,"[0, 0, 0, 0, 6, 6, 21, 6, 30, 21, 21, 0, 62]","""[0, 4, 4, 5, 8, 5, 2, 8, 3, 10, 7, 62, 0]"""
j10,2,reactive,600,True,21,0.05248570442199707,0.165452241897583,"[0, 0, 0, 0, 6, 6, 11, 6, 14, 11, 13, 0, 21]","[0, 4, 4, 5, 8, 5, 2, 8, 3, 10, 7, 62, 0]"
j10,2,stnu,600,True,22,0.7175917625427246,0.0049457550048828125,"[0, 0, 0, 0, 4, 4, 12, 4, 16, 12, 9, 0, 22]","""[0, 4, 4, 5, 8, 5, 2, 8, 3, 10, 7, 62, 0]"""
j10,2,proactive_robust,600,True,36,0.055144548416137695,0.0002834796905517578,"[0, 0, 0, 0, 6, 6, 21, 6, 30, 21, 21, 0, 62]","""[0, 4, 3, 6, 8, 5, 6, 2, 3, 8, 3, 62, 0]"""
j10,2,reactive,600,True,20,0.055144548416137695,0.1591930389404297,"[0, 0, 0, 0, 6, 6, 11, 6, 17, 11, 11, 0, 20]","[0, 4, 3, 6, 8, 5, 6, 2, 3, 8, 3, 62, 0]"
j10,2,stnu,600,True,21,0.7439572811126709,0.0049762725830078125,"[0, 0, 0, 0, 4, 4, 12, 4, 18, 12, 9, 0, 21]","""[0, 4, 3, 6, 8, 5, 6, 2, 3, 8, 3, 62, 0]"""
j10,2,proactive_robust,600,True,36,0.05463695526123047,0.00028705596923828125,"[0, 0, 0, 0, 6, 6, 21, 6, 30, 21, 21, 0, 62]","""[0, 2, 1, 5, 5, 8, 2, 7, 3, 8, 9, 62, 0]"""
j10,2,reactive,600,True,30,0.05463695526123047,0.14601731300354004,"[0, 0, 0, 0, 6, 6, 21, 6, 23, 21, 21, 0, 30]","[0, 2, 1, 5, 5, 8, 2, 7, 3, 8, 9, 62, 0]"
j10,2,stnu,600,True,22,0.7159178256988525,0.005011081695556641,"[0, 0, 0, 0, 2, 2, 10, 2, 19, 10, 10, 0, 22]","""[0, 2, 1, 5, 5, 8, 2, 7, 3, 8, 9, 62, 0]"""
j10,2,proactive_robust,600,True,36,0.05464792251586914,0.0002880096435546875,"[0, 0, 0, 0, 6, 6, 21, 6, 30, 21, 21, 0, 62]","""[0, 4, 2, 1, 10, 3, 1, 8, 4, 9, 6, 62, 0]"""
j10,2,reactive,600,True,20,0.05464792251586914,0.1768345832824707,"[0, 0, 0, 0, 6, 6, 9, 6, 16, 9, 11, 0, 20]","[0, 4, 2, 1, 10, 3, 1, 8, 4, 9, 6, 62, 0]"
j10,2,stnu,600,True,23,0.7129580974578857,0.0050046443939208984,"[0, 0, 0, 0, 4, 4, 14, 4, 15, 14, 7, 0, 23]","""[0, 4, 2, 1, 10, 3, 1, 8, 4, 9, 6, 62, 0]"""
j10,2,proactive_robust,600,True,36,0.06024670600891113,0.0002808570861816406,"[0, 0, 0, 0, 6, 6, 21, 6, 30, 21, 21, 0, 62]","""[0, 4, 2, 8, 2, 7, 4, 4, 2, 6, 7, 62, 0]"""
j10,2,reactive,600,True,20,0.06024670600891113,0.16248464584350586,"[0, 0, 0, 0, 6, 6, 13, 6, 17, 13, 13, 0, 20]","[0, 4, 2, 8, 2, 7, 4, 4, 2, 6, 7, 62, 0]"
j10,2,stnu,600,True,20,0.713395357131958,0.004993438720703125,"[0, 0, 0, 0, 4, 4, 11, 4, 18, 11, 11, 0, 20]","""[0, 4, 2, 8, 2, 7, 4, 4, 2, 6, 7, 62, 0]"""
j10,2,proactive_robust,600,True,36,0.0556035041809082,0.0002834796905517578,"[0, 0, 0, 0, 6, 6, 21, 6, 30, 21, 21, 0, 62]","""[0, 6, 3, 2, 9, 3, 3, 5, 2, 4, 9, 62, 0]"""
j10,2,reactive,600,True,18,0.0556035041809082,0.14666509628295898,"[0, 0, 0, 0, 6, 6, 9, 6, 15, 11, 9, 0, 18]","[0, 6, 3, 2, 9, 3, 3, 5, 2, 4, 9, 62, 0]"
j10,2,stnu,600,True,20,0.7147238254547119,0.004993438720703125,"[0, 0, 0, 0, 6, 6, 15, 6, 18, 15, 9, 0, 20]","""[0, 6, 3, 2, 9, 3, 3, 5, 2, 4, 9, 62, 0]"""
j10,2,proactive_robust,600,True,36,0.054042816162109375,0.0002930164337158203,"[0, 0, 0, 0, 6, 6, 21, 6, 30, 21, 21, 0, 62]","""[0, 6, 2, 2, 8, 6, 5, 2, 3, 9, 9, 62, 0]"""
j10,2,reactive,600,True,21,0.054042816162109375,0.1343674659729004,"[0, 0, 0, 0, 6, 6, 12, 6, 17, 12, 12, 0, 21]","[0, 6, 2, 2, 8, 6, 5, 2, 3, 9, 9, 62, 0]"
j10,2,stnu,600,True,24,0.7102770805358887,0.005021810531616211,"[0, 0, 0, 0, 6, 6, 14, 6, 21, 14, 12, 0, 24]","""[0, 6, 2, 2, 8, 6, 5, 2, 3, 9, 9, 62, 0]"""
j10,2,proactive_robust,600,True,36,0.05534768104553223,0.0003275871276855469,"[0, 0, 0, 0, 6, 6, 21, 6, 30, 21, 21, 0, 62]","""[0, 1, 5, 1, 4, 11, 8, 7, 6, 5, 7, 62, 0]"""
j10,2,reactive,600,True,35,0.05534768104553223,0.13716816902160645,"[0, 0, 0, 0, 6, 6, 21, 6, 29, 21, 21, 0, 35]","[0, 1, 5, 1, 4, 11, 8, 7, 6, 5, 7, 62, 0]"
j10,2,stnu,600,True,30,0.8300578594207764,0.005012035369873047,"[0, 0, 0, 0, 5, 5, 16, 5, 24, 16, 16, 0, 30]","""[0, 1, 5, 1, 4, 11, 8, 7, 6, 5, 7, 62, 0]"""
j10,2,proactive_robust,600,True,35,0.059836626052856445,0.0008933544158935547,"[0, 0, 0, 0, 12, 6, 6, 13, 26, 4, 24, 0, 0, 0, 0, 0, 0, 0, 0, 0, 74]","""[0, 1, 5, 7, 9, 3, 1, 13, 1, 15, 4, 25, 59, 74, 62, 16, 50, 48, 48, 34, 0]"""
j10,2,reactive,600,True,28,0.059836626052856445,0.13827800750732422,"[0, 0, 0, 0, 12, 6, 6, 13, 26, 4, 24, 0, 0, 0, 0, 0, 0, 0, 0, 0, 28]","[0, 1, 5, 7, 9, 3, 1, 13, 1, 15, 4, 25, 59, 74, 62, 16, 50, 48, 48, 34, 0]"
j10,2,stnu,600,True,22,0.8009545803070068,0.01278233528137207,"[0, 0, 0, 0, 8, 5, 5, 8, 21, 1, 17, 0, 0, 0, 0, 0, 0, 0, 0, 0, 22]","""[0, 1, 5, 7, 9, 3, 1, 13, 1, 15, 4, 25, 59, 74, 62, 16, 50, 48, 48, 34, 0]"""
j10,2,proactive_robust,600,True,35,0.058423519134521484,0.0009036064147949219,"[0, 0, 0, 0, 12, 6, 6, 13, 26, 4, 24, 0, 0, 0, 0, 0, 0, 0, 0, 0, 74]","""[0, 2, 5, 5, 10, 5, 1, 3, 9, 8, 4, 25, 59, 74, 62, 16, 50, 48, 48, 34, 0]"""
j10,2,reactive,600,True,31,0.058423519134521484,0.1751689910888672,"[0, 0, 0, 0, 12, 6, 6, 13, 22, 4, 24, 0, 0, 0, 0, 0, 0, 0, 0, 0, 31]","[0, 2, 5, 5, 10, 5, 1, 3, 9, 8, 4, 25, 59, 74, 62, 16, 50, 48, 48, 34, 0]"
j10,2,stnu,600,True,29,0.8289144039154053,0.012770891189575195,"[0, 0, 0, 0, 10, 5, 5, 10, 20, 2, 20, 0, 0, 0, 0, 0, 0, 0, 0, 0, 29]","""[0, 2, 5, 5, 10, 5, 1, 3, 9, 8, 4, 25, 59, 74, 62, 16, 50, 48, 48, 34, 0]"""
j10,2,proactive_robust,600,True,35,0.05492877960205078,0.0008981227874755859,"[0, 0, 0, 0, 12, 6, 6, 13, 26, 4, 24, 0, 0, 0, 0, 0, 0, 0, 0, 0, 74]","""[0, 3, 3, 5, 3, 6, 2, 5, 2, 5, 9, 25, 59, 74, 62, 16, 50, 48, 48, 34, 0]"""
j10,2,reactive,600,True,24,0.05492877960205078,0.15459108352661133,"[0, 0, 0, 0, 12, 6, 6, 13, 18, 4, 15, 0, 0, 0, 0, 0, 0, 0, 0, 0, 24]","[0, 3, 3, 5, 3, 6, 2, 5, 2, 5, 9, 25, 59, 74, 62, 16, 50, 48, 48, 34, 0]"
j10,2,stnu,600,True,21,0.7636804580688477,0.012796640396118164,"[0, 0, 0, 0, 9, 3, 3, 9, 14, 3, 12, 0, 0, 0, 0, 0, 0, 0, 0, 0, 21]","""[0, 3, 3, 5, 3, 6, 2, 5, 2, 5, 9, 25, 59, 74, 62, 16, 50, 48, 48, 34, 0]"""
j10,2,proactive_robust,600,True,35,0.05664467811584473,0.0009152889251708984,"[0, 0, 0, 0, 12, 6, 6, 13, 26, 4, 24, 0, 0, 0, 0, 0, 0, 0, 0, 0, 74]","""[0, 4, 5, 11, 11, 5, 2, 4, 8, 6, 2, 25, 59, 74, 62, 16, 50, 48, 48, 34, 0]"""
j10,2,reactive,600,True,34,0.05664467811584473,0.12890267372131348,"[0, 0, 0, 0, 12, 6, 6, 13, 26, 4, 24, 0, 0, 0, 0, 0, 0, 0, 0, 0, 34]","[0, 4, 5, 11, 11, 5, 2, 4, 8, 6, 2, 25, 59, 74, 62, 16, 50, 48, 48, 34, 0]"
j10,2,stnu,600,True,29,0.7747442722320557,0.012747049331665039,"[0, 0, 0, 0, 10, 5, 5, 11, 21, 4, 21, 0, 0, 0, 0, 0, 0, 0, 0, 0, 29]","""[0, 4, 5, 11, 11, 5, 2, 4, 8, 6, 2, 25, 59, 74, 62, 16, 50, 48, 48, 34, 0]"""
j10,2,proactive_robust,600,True,35,0.05710005760192871,0.0009059906005859375,"[0, 0, 0, 0, 12, 6, 6, 13, 26, 4, 24, 0, 0, 0, 0, 0, 0, 0, 0, 0, 74]","""[0, 4, 5, 3, 3, 5, 3, 13, 2, 11, 1, 25, 59, 74, 62, 16, 50, 48, 48, 34, 0]"""
j10,2,reactive,600,True,28,0.05710005760192871,0.1120302677154541,"[0, 0, 0, 0, 12, 6, 6, 13, 26, 4, 24, 0, 0, 0, 0, 0, 0, 0, 0, 0, 28]","[0, 4, 5, 3, 3, 5, 3, 13, 2, 11, 1, 25, 59, 74, 62, 16, 50, 48, 48, 34, 0]"
j10,2,stnu,600,True,25,0.7605476379394531,0.012809276580810547,"[0, 0, 0, 0, 10, 5, 5, 10, 23, 4, 15, 0, 0, 0, 0, 0, 0, 0, 0, 0, 25]","""[0, 4, 5, 3, 3, 5, 3, 13, 2, 11, 1, 25, 59, 74, 62, 16, 50, 48, 48, 34, 0]"""
j10,2,proactive_robust,600,True,35,0.0577547550201416,0.0009028911590576172,"[0, 0, 0, 0, 12, 6, 6, 13, 26, 4, 24, 0, 0, 0, 0, 0, 0, 0, 0, 0, 74]","""[0, 2, 3, 6, 12, 1, 3, 9, 3, 15, 2, 25, 59, 74, 62, 16, 50, 48, 48, 34, 0]"""
j10,2,reactive,600,True,29,0.0577547550201416,0.13777899742126465,"[0, 0, 0, 0, 12, 6, 6, 13, 26, 4, 24, 0, 0, 0, 0, 0, 0, 0, 0, 0, 29]","[0, 2, 3, 6, 12, 1, 3, 9, 3, 15, 2, 25, 59, 74, 62, 16, 50, 48, 48, 34, 0]"
j10,2,stnu,600,True,21,0.7602765560150146,0.012797832489013672,"[0, 0, 0, 0, 6, 3, 3, 6, 18, 2, 18, 0, 0, 0, 0, 0, 0, 0, 0, 0, 21]","""[0, 2, 3, 6, 12, 1, 3, 9, 3, 15, 2, 25, 59, 74, 62, 16, 50, 48, 48, 34, 0]"""
j10,2,proactive_robust,600,True,35,0.05465865135192871,0.0009226799011230469,"[0, 0, 0, 0, 12, 6, 6, 13, 26, 4, 24, 0, 0, 0, 0, 0, 0, 0, 0, 0, 74]","""[0, 1, 4, 12, 5, 6, 2, 12, 5, 4, 3, 25, 59, 74, 62, 16, 50, 48, 48, 34, 0]"""
j10,2,reactive,600,True,31,0.05465865135192871,0.15999317169189453,"[0, 0, 0, 0, 12, 6, 6, 13, 26, 4, 24, 0, 0, 0, 0, 0, 0, 0, 0, 0, 31]","[0, 1, 4, 12, 5, 6, 2, 12, 5, 4, 3, 25, 59, 74, 62, 16, 50, 48, 48, 34, 0]"
j10,2,stnu,600,True,29,0.7899010181427002,0.012879371643066406,"[0, 0, 0, 0, 10, 4, 4, 12, 24, 1, 15, 0, 0, 0, 0, 0, 0, 0, 0, 0, 29]","""[0, 1, 4, 12, 5, 6, 2, 12, 5, 4, 3, 25, 59, 74, 62, 16, 50, 48, 48, 34, 0]"""
j10,2,proactive_robust,600,True,35,0.060122013092041016,0.0008997917175292969,"[0, 0, 0, 0, 12, 6, 6, 13, 26, 4, 24, 0, 0, 0, 0, 0, 0, 0, 0, 0, 74]","""[0, 2, 5, 7, 11, 6, 3, 3, 1, 4, 4, 25, 59, 74, 62, 16, 50, 48, 48, 34, 0]"""
j10,2,reactive,600,True,28,0.060122013092041016,0.14035272598266602,"[0, 0, 0, 0, 12, 6, 6, 13, 26, 4, 24, 0, 0, 0, 0, 0, 0, 0, 0, 0, 28]","[0, 2, 5, 7, 11, 6, 3, 3, 1, 4, 4, 25, 59, 74, 62, 16, 50, 48, 48, 34, 0]"
j10,2,stnu,600,True,26,0.8679120540618896,0.012954235076904297,"[0, 0, 0, 0, 11, 5, 5, 11, 22, 2, 22, 0, 0, 0, 0, 0, 0, 0, 0, 0, 26]","""[0, 2, 5, 7, 11, 6, 3, 3, 1, 4, 4, 25, 59, 74, 62, 16, 50, 48, 48, 34, 0]"""
j10,2,proactive_robust,600,True,35,0.05468106269836426,0.0009179115295410156,"[0, 0, 0, 0, 12, 6, 6, 13, 26, 4, 24, 0, 0, 0, 0, 0, 0, 0, 0, 0, 74]","""[0, 1, 3, 5, 4, 2, 3, 10, 9, 10, 9, 25, 59, 74, 62, 16, 50, 48, 48, 34, 0]"""
j10,2,reactive,600,True,32,0.05468106269836426,0.1298525333404541,"[0, 0, 0, 0, 12, 6, 6, 13, 23, 4, 16, 0, 0, 0, 0, 0, 0, 0, 0, 0, 32]","[0, 1, 3, 5, 4, 2, 3, 10, 9, 10, 9, 25, 59, 74, 62, 16, 50, 48, 48, 34, 0]"
j10,2,stnu,600,True,25,0.7939634323120117,0.01271200180053711,"[0, 0, 0, 0, 6, 3, 3, 6, 16, 1, 11, 0, 0, 0, 0, 0, 0, 0, 0, 0, 25]","""[0, 1, 3, 5, 4, 2, 3, 10, 9, 10, 9, 25, 59, 74, 62, 16, 50, 48, 48, 34, 0]"""
j10,2,proactive_robust,600,True,35,0.055006980895996094,0.0009129047393798828,"[0, 0, 0, 0, 12, 6, 6, 13, 26, 4, 24, 0, 0, 0, 0, 0, 0, 0, 0, 0, 74]","""[0, 2, 4, 10, 7, 5, 1, 11, 7, 7, 5, 25, 59, 74, 62, 16, 50, 48, 48, 34, 0]"""
j10,2,reactive,600,True,33,0.055006980895996094,0.1678447723388672,"[0, 0, 0, 0, 12, 6, 6, 13, 26, 4, 24, 0, 0, 0, 0, 0, 0, 0, 0, 0, 33]","[0, 2, 4, 10, 7, 5, 1, 11, 7, 7, 5, 25, 59, 74, 62, 16, 50, 48, 48, 34, 0]"
j10,2,stnu,600,True,28,0.7792010307312012,0.012654304504394531,"[0, 0, 0, 0, 9, 4, 4, 10, 21, 2, 16, 0, 0, 0, 0, 0, 0, 0, 0, 0, 28]","""[0, 2, 4, 10, 7, 5, 1, 11, 7, 7, 5, 25, 59, 74, 62, 16, 50, 48, 48, 34, 0]"""
j10,2,proactive_robust,600,True,29,0.05951881408691406,0.0004191398620605469,"[0, 0, 0, 0, 8, 8, 18, 14, 22, 20, 8, 0, 0, 0, 60]","""[0, 5, 2, 6, 3, 10, 2, 2, 1, 9, 2, 60, 25, 55, 0]"""
j10,2,reactive,600,True,29,0.05951881408691406,0.1265552043914795,"[0, 0, 0, 0, 8, 8, 18, 14, 20, 20, 8, 0, 0, 0, 29]","[0, 5, 2, 6, 3, 10, 2, 2, 1, 9, 2, 60, 25, 55, 0]"
j10,2,stnu,600,True,27,0.7144298553466797,0.006797075271606445,"[0, 0, 0, 0, 10, 10, 17, 13, 21, 17, 10, 0, 0, 0, 27]","""[0, 4, 2, 10, 3, 7, 4, 2, 6, 1, 4, 60, 25, 55, 0]"""
j10,2,proactive_robust,600,True,37,0.053735971450805664,0.00042819976806640625,"[0, 0, 0, 0, 10, 10, 23, 16, 29, 25, 10, 0, 0, 0, 60]","""[0, 9, 3, 2, 6, 12, 6, 5, 3, 2, 5, 60, 25, 55, 0]"""
j10,2,reactive,600,True,32,0.053735971450805664,0.13395333290100098,"[0, 0, 0, 0, 10, 10, 23, 16, 29, 25, 10, 0, 0, 0, 32]","[0, 9, 3, 2, 6, 12, 6, 5, 3, 2, 5, 60, 25, 55, 0]"
j10,2,stnu,600,True,30,0.7563042640686035,0.006843090057373047,"[0, 0, 0, 0, 9, 9, 21, 15, 27, 21, 3, 0, 0, 0, 30]","""[0, 9, 3, 2, 6, 12, 6, 5, 3, 2, 5, 60, 25, 55, 0]"""
j10,2,proactive_robust,600,True,37,0.05913686752319336,0.0004277229309082031,"[0, 0, 0, 0, 10, 10, 23, 16, 29, 25, 10, 0, 0, 0, 60]","""[0, 7, 3, 4, 5, 12, 2, 8, 1, 6, 7, 60, 25, 55, 0]"""
j10,2,reactive,600,True,31,0.05913686752319336,0.1556551456451416,"[0, 0, 0, 0, 10, 10, 23, 16, 29, 25, 10, 0, 0, 0, 31]","[0, 7, 3, 4, 5, 12, 2, 8, 1, 6, 7, 60, 25, 55, 0]"
j10,2,stnu,600,True,26,0.7318501472473145,0.006745576858520508,"[0, 0, 0, 0, 7, 7, 19, 12, 21, 20, 4, 0, 0, 0, 26]","""[0, 7, 3, 4, 5, 12, 2, 8, 1, 6, 7, 60, 25, 55, 0]"""
j10,2,proactive_robust,600,True,37,0.05346560478210449,0.0004436969757080078,"[0, 0, 0, 0, 10, 10, 23, 16, 29, 25, 10, 0, 0, 0, 60]","""[0, 10, 5, 8, 5, 9, 1, 9, 8, 5, 9, 60, 25, 55, 0]"""
j10,2,reactive,600,True,37,0.05346560478210449,0.09221816062927246,"[0, 0, 0, 0, 10, 10, 23, 16, 29, 25, 10, 0, 0, 0, 37]","[0, 10, 5, 8, 5, 9, 1, 9, 8, 5, 9, 60, 25, 55, 0]"
j10,2,stnu,600,True,29,0.7466578483581543,0.006817340850830078,"[0, 0, 0, 0, 10, 10, 19, 15, 20, 24, 8, 0, 0, 0, 29]","""[0, 10, 5, 8, 5, 9, 1, 9, 8, 5, 9, 60, 25, 55, 0]"""
j10,2,proactive_robust,600,True,37,0.05494189262390137,0.0004165172576904297,"[0, 0, 0, 0, 10, 10, 23, 16, 29, 25, 10, 0, 0, 0, 60]","""[0, 1, 4, 9, 3, 8, 2, 5, 6, 4, 2, 60, 25, 55, 0]"""
j10,2,reactive,600,True,35,0.05494189262390137,0.13910746574401855,"[0, 0, 0, 0, 10, 10, 23, 16, 29, 25, 10, 0, 0, 0, 35]","[0, 1, 4, 9, 3, 8, 2, 5, 6, 4, 2, 60, 25, 55, 0]"
j10,2,stnu,600,True,25,0.7157421112060547,0.006709098815917969,"[0, 0, 0, 0, 9, 9, 17, 12, 19, 17, 9, 0, 0, 0, 25]","""[0, 1, 4, 9, 3, 8, 2, 5, 6, 4, 2, 60, 25, 55, 0]"""
j10,2,proactive_robust,600,True,37,0.0539853572845459,0.0004260540008544922,"[0, 0, 0, 0, 10, 10, 23, 16, 29, 25, 10, 0, 0, 0, 60]","""[0, 9, 4, 2, 6, 4, 3, 4, 2, 8, 5, 60, 25, 55, 0]"""
j10,2,reactive,600,True,33,0.0539853572845459,0.1526336669921875,"[0, 0, 0, 0, 10, 10, 23, 16, 26, 25, 10, 0, 0, 0, 33]","[0, 9, 4, 2, 6, 4, 3, 4, 2, 8, 5, 60, 25, 55, 0]"
j10,2,stnu,600,True,27,0.7391180992126465,0.006752490997314453,"[0, 0, 0, 0, 9, 9, 15, 15, 18, 19, 4, 0, 0, 0, 27]","""[0, 9, 4, 2, 6, 4, 3, 4, 2, 8, 5, 60, 25, 55, 0]"""
j10,2,proactive_robust,600,True,37,0.05754375457763672,0.0004277229309082031,"[0, 0, 0, 0, 10, 10, 23, 16, 29, 25, 10, 0, 0, 0, 60]","""[0, 10, 2, 2, 6, 5, 1, 9, 3, 6, 9, 60, 25, 55, 0]"""
j10,2,reactive,600,True,32,0.05754375457763672,0.11060261726379395,"[0, 0, 0, 0, 10, 10, 23, 16, 29, 25, 10, 0, 0, 0, 32]","[0, 10, 2, 2, 6, 5, 1, 9, 3, 6, 9, 60, 25, 55, 0]"
j10,2,stnu,600,True,31,0.7269420623779297,0.0067081451416015625,"[0, 0, 0, 0, 10, 10, 16, 16, 17, 25, 2, 0, 0, 0, 31]","""[0, 10, 2, 2, 6, 5, 1, 9, 3, 6, 9, 60, 25, 55, 0]"""
j10,2,proactive_robust,600,True,37,0.05841803550720215,0.0004215240478515625,"[0, 0, 0, 0, 10, 10, 23, 16, 29, 25, 10, 0, 0, 0, 60]","""[0, 9, 6, 9, 3, 3, 4, 6, 2, 6, 6, 60, 25, 55, 0]"""
j10,2,reactive,600,True,31,0.05841803550720215,0.12348341941833496,"[0, 0, 0, 0, 10, 10, 23, 16, 29, 25, 10, 0, 0, 0, 31]","[0, 9, 6, 9, 3, 3, 4, 6, 2, 6, 6, 60, 25, 55, 0]"
j10,2,stnu,600,True,24,0.7162129878997803,0.006717205047607422,"[0, 0, 0, 0, 9, 9, 15, 12, 19, 18, 9, 0, 0, 0, 24]","""[0, 9, 6, 9, 3, 3, 4, 6, 2, 6, 6, 60, 25, 55, 0]"""
j10,2,proactive_robust,600,True,37,0.05618453025817871,0.0004119873046875,"[0, 0, 0, 0, 10, 10, 23, 16, 29, 25, 10, 0, 0, 0, 60]","""[0, 6, 5, 10, 4, 3, 3, 5, 2, 2, 1, 60, 25, 55, 0]"""
j10,2,reactive,600,True,23,0.05618453025817871,0.1310291290283203,"[0, 0, 0, 0, 10, 10, 13, 16, 21, 21, 10, 0, 0, 0, 23]","[0, 6, 5, 10, 4, 3, 3, 5, 2, 2, 1, 60, 25, 55, 0]"
j10,2,stnu,600,True,21,0.7354922294616699,0.006783246994018555,"[0, 0, 0, 0, 10, 10, 14, 14, 17, 19, 10, 0, 0, 0, 21]","""[0, 6, 5, 10, 4, 3, 3, 5, 2, 2, 1, 60, 25, 55, 0]"""
j10,2,proactive_robust,600,True,37,0.05379509925842285,0.000392913818359375,"[0, 0, 0, 0, 10, 10, 23, 16, 29, 25, 10, 0, 0, 0, 60]","""[0, 2, 1, 5, 3, 3, 2, 4, 3, 5, 6, 60, 25, 55, 0]"""
j10,2,reactive,600,True,28,0.05379509925842285,0.1587681770324707,"[0, 0, 0, 0, 10, 10, 23, 16, 25, 20, 10, 0, 0, 0, 28]","[0, 2, 1, 5, 3, 3, 2, 4, 3, 5, 6, 60, 25, 55, 0]"
j10,2,stnu,600,True,17,0.7194888591766357,0.00678706169128418,"[0, 0, 0, 0, 5, 5, 11, 8, 13, 12, 5, 0, 0, 0, 17]","""[0, 2, 1, 5, 3, 3, 2, 4, 3, 5, 6, 60, 25, 55, 0]"""
j10,2,proactive_robust,600,True,47,0.06293392181396484,0.0006539821624755859,"[0, 0, 0, 0, 6, 16, 16, 20, 32, 44, 32, 0, 0, 0, 0, 0, 75]","""[0, 1, 6, 2, 6, 2, 1, 12, 14, 3, 6, 40, 25, 60, 75, 71, 0]"""
j10,2,reactive,600,True,47,0.06293392181396484,0.12485790252685547,"[0, 0, 0, 0, 6, 16, 16, 20, 32, 44, 32, 0, 0, 0, 0, 0, 47]","[0, 1, 6, 2, 6, 2, 1, 12, 14, 3, 6, 40, 25, 60, 75, 71, 0]"
j10,2,stnu,600,True,36,0.8007557392120361,0.008846282958984375,"[0, 0, 0, 0, 2, 8, 8, 10, 22, 28, 22, 0, 0, 0, 0, 0, 36]","""[0, 1, 6, 2, 6, 2, 1, 12, 14, 3, 6, 40, 25, 60, 75, 71, 0]"""
j10,2,proactive_robust,600,True,47,0.18067622184753418,0.0006377696990966797,"[0, 0, 0, 0, 6, 16, 16, 20, 32, 44, 32, 0, 0, 0, 0, 0, 75]","""[0, 2, 5, 4, 1, 4, 1, 6, 10, 3, 7, 40, 25, 60, 75, 71, 0]"""
j10,2,reactive,600,True,42,0.18067622184753418,0.1432490348815918,"[0, 0, 0, 0, 6, 16, 16, 20, 32, 26, 32, 0, 0, 0, 0, 0, 42]","[0, 2, 5, 4, 1, 4, 1, 6, 10, 3, 7, 40, 25, 60, 75, 71, 0]"
j10,2,stnu,600,True,25,0.7531206607818604,0.00870060920715332,"[0, 0, 0, 0, 4, 5, 5, 9, 15, 22, 15, 0, 0, 0, 0, 0, 25]","""[0, 2, 5, 4, 1, 4, 1, 6, 10, 3, 7, 40, 25, 60, 75, 71, 0]"""
j10,2,proactive_robust,600,True,47,0.06236672401428223,0.0006227493286132812,"[0, 0, 0, 0, 6, 16, 16, 20, 32, 44, 32, 0, 0, 0, 0, 0, 75]","""[0, 1, 3, 4, 3, 4, 4, 7, 5, 2, 1, 40, 25, 60, 75, 71, 0]"""
j10,2,reactive,600,True,32,0.06236672401428223,0.14057636260986328,"[0, 0, 0, 0, 6, 16, 16, 20, 27, 27, 29, 0, 0, 0, 0, 0, 32]","[0, 1, 3, 4, 3, 4, 4, 7, 5, 2, 1, 40, 25, 60, 75, 71, 0]"
j10,2,stnu,600,True,23,0.7529797554016113,0.008776664733886719,"[0, 0, 0, 0, 4, 7, 7, 11, 18, 19, 18, 0, 0, 0, 0, 0, 23]","""[0, 1, 3, 4, 3, 4, 4, 7, 5, 2, 1, 40, 25, 60, 75, 71, 0]"""
j10,2,proactive_robust,600,True,47,0.05708885192871094,0.0006365776062011719,"[0, 0, 0, 0, 6, 16, 16, 20, 32, 44, 32, 0, 0, 0, 0, 0, 75]","""[0, 3, 6, 5, 8, 3, 1, 10, 13, 2, 3, 40, 25, 60, 75, 71, 0]"""
j10,2,reactive,600,True,46,0.05708885192871094,0.1448230743408203,"[0, 0, 0, 0, 6, 16, 16, 20, 32, 44, 32, 0, 0, 0, 0, 0, 46]","[0, 3, 6, 5, 8, 3, 1, 10, 13, 2, 3, 40, 25, 60, 75, 71, 0]"
j10,2,stnu,600,True,39,0.7657594680786133,0.008814573287963867,"[0, 0, 0, 0, 5, 13, 13, 16, 26, 29, 26, 0, 0, 0, 0, 0, 39]","""[0, 3, 6, 5, 8, 3, 1, 10, 13, 2, 3, 40, 25, 60, 75, 71, 0]"""
j10,2,proactive_robust,600,True,47,0.06297087669372559,0.0006427764892578125,"[0, 0, 0, 0, 6, 16, 16, 20, 32, 44, 32, 0, 0, 0, 0, 0, 75]","""[0, 1, 4, 1, 4, 2, 2, 9, 14, 1, 8, 40, 25, 60, 75, 71, 0]"""
j10,2,reactive,600,True,46,0.06297087669372559,0.16863179206848145,"[0, 0, 0, 0, 6, 16, 16, 20, 32, 44, 32, 0, 0, 0, 0, 0, 46]","[0, 1, 4, 1, 4, 2, 2, 9, 14, 1, 8, 40, 25, 60, 75, 71, 0]"
j10,2,stnu,600,True,30,0.8705799579620361,0.008658885955810547,"[0, 0, 0, 0, 1, 5, 5, 7, 16, 24, 16, 0, 0, 0, 0, 0, 30]","""[0, 1, 4, 1, 4, 2, 2, 9, 14, 1, 8, 40, 25, 60, 75, 71, 0]"""
j10,2,proactive_robust,600,True,47,0.061025142669677734,0.000637054443359375,"[0, 0, 0, 0, 6, 16, 16, 20, 32, 44, 32, 0, 0, 0, 0, 0, 75]","""[0, 2, 6, 6, 2, 3, 2, 3, 7, 1, 8, 40, 25, 60, 75, 71, 0]"""
j10,2,reactive,600,True,32,0.061025142669677734,0.15768694877624512,"[0, 0, 0, 0, 6, 16, 16, 20, 23, 23, 24, 0, 0, 0, 0, 0, 32]","[0, 2, 6, 6, 2, 3, 2, 3, 7, 1, 8, 40, 25, 60, 75, 71, 0]"
j10,2,stnu,600,True,23,0.7580304145812988,0.008808374404907227,"[0, 0, 0, 0, 6, 8, 8, 11, 14, 22, 14, 0, 0, 0, 0, 0, 23]","""[0, 2, 6, 6, 2, 3, 2, 3, 7, 1, 8, 40, 25, 60, 75, 71, 0]"""
j10,2,proactive_robust,600,True,47,0.057970523834228516,0.0006229877471923828,"[0, 0, 0, 0, 6, 16, 16, 20, 32, 44, 32, 0, 0, 0, 0, 0, 75]","""[0, 3, 2, 4, 4, 2, 2, 10, 4, 3, 8, 40, 25, 60, 75, 71, 0]"""
j10,2,reactive,600,True,43,0.057970523834228516,0.12348651885986328,"[0, 0, 0, 0, 6, 16, 16, 20, 32, 40, 32, 0, 0, 0, 0, 0, 43]","[0, 3, 2, 4, 4, 2, 2, 10, 4, 3, 8, 40, 25, 60, 75, 71, 0]"
j10,2,stnu,600,True,31,0.7483086585998535,0.008687734603881836,"[0, 0, 0, 0, 4, 8, 8, 10, 20, 28, 20, 0, 0, 0, 0, 0, 31]","""[0, 3, 2, 4, 4, 2, 2, 10, 4, 3, 8, 40, 25, 60, 75, 71, 0]"""
j10,2,proactive_robust,600,True,47,0.06357145309448242,0.0006411075592041016,"[0, 0, 0, 0, 6, 16, 16, 20, 32, 44, 32, 0, 0, 0, 0, 0, 75]","""[0, 3, 5, 3, 8, 2, 1, 5, 11, 3, 4, 40, 25, 60, 75, 71, 0]"""
j10,2,reactive,600,True,43,0.06357145309448242,0.13099265098571777,"[0, 0, 0, 0, 6, 16, 16, 20, 32, 25, 32, 0, 0, 0, 0, 0, 43]","[0, 3, 5, 3, 8, 2, 1, 5, 11, 3, 4, 40, 25, 60, 75, 71, 0]"
j10,2,stnu,600,True,29,0.7520766258239746,0.008872747421264648,"[0, 0, 0, 0, 3, 11, 11, 13, 18, 22, 18, 0, 0, 0, 0, 0, 29]","""[0, 3, 5, 3, 8, 2, 1, 5, 11, 3, 4, 40, 25, 60, 75, 71, 0]"""
j10,2,proactive_robust,600,True,47,0.060045480728149414,0.000640869140625,"[0, 0, 0, 0, 6, 16, 16, 20, 32, 44, 32, 0, 0, 0, 0, 0, 75]","""[0, 1, 7, 4, 5, 2, 3, 7, 15, 2, 3, 40, 25, 60, 75, 71, 0]"""
j10,2,reactive,600,True,42,0.060045480728149414,0.15174293518066406,"[0, 0, 0, 0, 6, 16, 16, 20, 27, 27, 33, 0, 0, 0, 0, 0, 42]","[0, 1, 7, 4, 5, 2, 3, 7, 15, 2, 3, 40, 25, 60, 75, 71, 0]"
j10,2,stnu,600,True,34,0.7736141681671143,0.008847475051879883,"[0, 0, 0, 0, 4, 9, 9, 12, 19, 22, 19, 0, 0, 0, 0, 0, 34]","""[0, 1, 7, 4, 5, 2, 3, 7, 15, 2, 3, 40, 25, 60, 75, 71, 0]"""
j10,2,proactive_robust,600,True,47,0.05657386779785156,0.0006389617919921875,"[0, 0, 0, 0, 6, 16, 16, 20, 32, 44, 32, 0, 0, 0, 0, 0, 75]","""[0, 3, 4, 5, 9, 3, 2, 8, 6, 3, 4, 40, 25, 60, 75, 71, 0]"""
j10,2,reactive,600,True,38,0.05657386779785156,0.13198113441467285,"[0, 0, 0, 0, 6, 16, 16, 20, 32, 28, 32, 0, 0, 0, 0, 0, 38]","[0, 3, 4, 5, 9, 3, 2, 8, 6, 3, 4, 40, 25, 60, 75, 71, 0]"
j10,2,stnu,600,True,32,0.8381099700927734,0.008682012557983398,"[0, 0, 0, 0, 5, 14, 14, 17, 25, 29, 25, 0, 0, 0, 0, 0, 32]","""[0, 3, 4, 5, 9, 3, 2, 8, 6, 3, 4, 40, 25, 60, 75, 71, 0]"""
j10,2,proactive_robust,600,True,43,0.05686068534851074,0.0004754066467285156,"[0, 0, 0, 0, 10, 10, 18, 18, 28, 28, 28, 0, 0, 0, 0, 70]","""[0, 5, 3, 2, 2, 6, 8, 5, 9, 2, 13, 18, 70, 50, 23, 0]"""
j10,2,reactive,600,True,41,0.05686068534851074,0.12191057205200195,"[0, 0, 0, 0, 10, 10, 18, 18, 28, 28, 28, 0, 0, 0, 0, 41]","[0, 5, 3, 2, 2, 6, 8, 5, 9, 2, 13, 18, 70, 50, 23, 0]"
j10,2,stnu,600,True,27,0.7410929203033447,0.007651567459106445,"[0, 0, 0, 0, 3, 3, 5, 9, 14, 14, 14, 0, 0, 0, 0, 27]","""[0, 5, 3, 2, 2, 6, 8, 5, 9, 2, 13, 18, 70, 50, 23, 0]"""
j10,2,proactive_robust,600,True,43,0.05354762077331543,0.0005145072937011719,"[0, 0, 0, 0, 10, 10, 18, 18, 28, 28, 28, 0, 0, 0, 0, 70]","""[0, 12, 1, 8, 1, 6, 1, 7, 5, 12, 5, 18, 70, 50, 23, 0]"""
j10,2,reactive,600,True,40,0.05354762077331543,0.14816880226135254,"[0, 0, 0, 0, 10, 10, 18, 18, 28, 28, 28, 0, 0, 0, 0, 40]","[0, 12, 1, 8, 1, 6, 1, 7, 5, 12, 5, 18, 70, 50, 23, 0]"
j10,2,stnu,600,True,33,0.7532334327697754,0.007682085037231445,"[0, 0, 0, 0, 8, 8, 12, 14, 21, 21, 21, 0, 0, 0, 0, 33]","""[0, 12, 1, 8, 1, 6, 1, 7, 5, 12, 5, 18, 70, 50, 23, 0]"""
j10,2,proactive_robust,600,True,43,0.05380511283874512,0.00046825408935546875,"[0, 0, 0, 0, 10, 10, 18, 18, 28, 28, 28, 0, 0, 0, 0, 70]","""[0, 10, 1, 3, 3, 2, 5, 8, 6, 5, 15, 18, 70, 50, 23, 0]"""
j10,2,reactive,600,True,43,0.05380511283874512,0.13016057014465332,"[0, 0, 0, 0, 10, 10, 18, 18, 28, 28, 28, 0, 0, 0, 0, 43]","[0, 10, 1, 3, 3, 2, 5, 8, 6, 5, 15, 18, 70, 50, 23, 0]"
j10,2,stnu,600,True,33,0.9072015285491943,0.007510662078857422,"[0, 0, 0, 0, 3, 3, 10, 10, 18, 18, 18, 0, 0, 0, 0, 33]","""[0, 10, 1, 3, 3, 2, 5, 8, 6, 5, 15, 18, 70, 50, 23, 0]"""
j10,2,proactive_robust,600,True,43,0.056113243103027344,0.00047016143798828125,"[0, 0, 0, 0, 10, 10, 18, 18, 28, 28, 28, 0, 0, 0, 0, 70]","""[0, 11, 3, 1, 1, 5, 3, 8, 4, 8, 6, 18, 70, 50, 23, 0]"""
j10,2,reactive,600,True,36,0.056113243103027344,0.13375139236450195,"[0, 0, 0, 0, 10, 10, 18, 18, 28, 28, 28, 0, 0, 0, 0, 36]","[0, 11, 3, 1, 1, 5, 3, 8, 4, 8, 6, 18, 70, 50, 23, 0]"
j10,2,stnu,600,True,27,0.720963716506958,0.007738351821899414,"[0, 0, 0, 0, 3, 3, 11, 11, 19, 19, 19, 0, 0, 0, 0, 27]","""[0, 11, 3, 1, 1, 5, 3, 8, 4, 8, 6, 18, 70, 50, 23, 0]"""
j10,2,proactive_robust,600,True,43,0.06063485145568848,0.0004410743713378906,"[0, 0, 0, 0, 10, 10, 18, 18, 28, 28, 28, 0, 0, 0, 0, 70]","""[0, 7, 2, 8, 5, 3, 8, 1, 3, 2, 5, 18, 70, 50, 23, 0]"""
j10,2,reactive,600,True,33,0.06063485145568848,0.1373894214630127,"[0, 0, 0, 0, 10, 10, 18, 18, 28, 28, 28, 0, 0, 0, 0, 33]","[0, 7, 2, 8, 5, 3, 8, 1, 3, 2, 5, 18, 70, 50, 23, 0]"
j10,2,stnu,600,True,26,0.7332541942596436,0.007617950439453125,"[0, 0, 0, 0, 8, 8, 13, 13, 21, 21, 21, 0, 0, 0, 0, 26]","""[0, 7, 2, 8, 5, 3, 8, 1, 3, 2, 5, 18, 70, 50, 23, 0]"""
j10,2,proactive_robust,600,True,43,0.05366110801696777,0.0004458427429199219,"[0, 0, 0, 0, 10, 10, 18, 18, 28, 28, 28, 0, 0, 0, 0, 70]","""[0, 5, 2, 6, 1, 2, 2, 1, 8, 10, 3, 18, 70, 50, 23, 0]"""
j10,2,reactive,600,True,38,0.05366110801696777,0.17128992080688477,"[0, 0, 0, 0, 10, 10, 18, 18, 28, 28, 28, 0, 0, 0, 0, 38]","[0, 5, 2, 6, 1, 2, 2, 1, 8, 10, 3, 18, 70, 50, 23, 0]"
j10,2,stnu,600,True,19,0.7339901924133301,0.007634401321411133,"[0, 0, 0, 0, 6, 6, 7, 8, 9, 9, 9, 0, 0, 0, 0, 19]","""[0, 5, 2, 6, 1, 2, 2, 1, 8, 10, 3, 18, 70, 50, 23, 0]"""
j10,2,proactive_robust,600,True,43,0.05671262741088867,0.0004661083221435547,"[0, 0, 0, 0, 10, 10, 18, 18, 28, 28, 28, 0, 0, 0, 0, 70]","""[0, 5, 3, 1, 7, 2, 6, 8, 3, 12, 9, 18, 70, 50, 23, 0]"""
j10,2,reactive,600,True,40,0.05671262741088867,0.12057757377624512,"[0, 0, 0, 0, 10, 10, 18, 18, 28, 28, 28, 0, 0, 0, 0, 40]","[0, 5, 3, 1, 7, 2, 6, 8, 3, 12, 9, 18, 70, 50, 23, 0]"
j10,2,stnu,600,True,30,0.7301476001739502,0.007584571838378906,"[0, 0, 0, 0, 3, 3, 10, 10, 18, 18, 18, 0, 0, 0, 0, 30]","""[0, 5, 3, 1, 7, 2, 6, 8, 3, 12, 9, 18, 70, 50, 23, 0]"""
j10,2,proactive_robust,600,True,43,0.06099295616149902,0.00048351287841796875,"[0, 0, 0, 0, 10, 10, 18, 18, 28, 28, 28, 0, 0, 0, 0, 70]","""[0, 10, 2, 2, 8, 6, 8, 1, 9, 5, 3, 18, 70, 50, 23, 0]"""
j10,2,reactive,600,True,37,0.06099295616149902,0.10905766487121582,"[0, 0, 0, 0, 10, 10, 18, 18, 28, 28, 28, 0, 0, 0, 0, 37]","[0, 10, 2, 2, 8, 6, 8, 1, 9, 5, 3, 18, 70, 50, 23, 0]"
j10,2,stnu,600,True,27,0.7409543991088867,0.007565021514892578,"[0, 0, 0, 0, 2, 2, 10, 10, 18, 18, 18, 0, 0, 0, 0, 27]","""[0, 10, 2, 2, 8, 6, 8, 1, 9, 5, 3, 18, 70, 50, 23, 0]"""
j10,2,proactive_robust,600,True,43,0.05391716957092285,0.00046896934509277344,"[0, 0, 0, 0, 10, 10, 18, 18, 28, 28, 28, 0, 0, 0, 0, 70]","""[0, 11, 1, 5, 1, 5, 7, 5, 6, 2, 9, 18, 70, 50, 23, 0]"""
j10,2,reactive,600,True,37,0.05391716957092285,0.15925860404968262,"[0, 0, 0, 0, 10, 10, 18, 18, 28, 28, 28, 0, 0, 0, 0, 37]","[0, 11, 1, 5, 1, 5, 7, 5, 6, 2, 9, 18, 70, 50, 23, 0]"
j10,2,stnu,600,True,27,0.7353940010070801,0.0076601505279541016,"[0, 0, 0, 0, 5, 5, 11, 11, 18, 18, 18, 0, 0, 0, 0, 27]","""[0, 11, 1, 5, 1, 5, 7, 5, 6, 2, 9, 18, 70, 50, 23, 0]"""
j10,2,proactive_robust,600,True,43,0.05426287651062012,0.00045609474182128906,"[0, 0, 0, 0, 10, 10, 18, 18, 28, 28, 28, 0, 0, 0, 0, 70]","""[0, 2, 1, 5, 2, 3, 10, 2, 10, 2, 6, 18, 70, 50, 23, 0]"""
j10,2,reactive,600,True,38,0.05426287651062012,0.24412918090820312,"[0, 0, 0, 0, 10, 10, 18, 18, 28, 28, 28, 0, 0, 0, 0, 38]","[0, 2, 1, 5, 2, 3, 10, 2, 10, 2, 6, 18, 70, 50, 23, 0]"
j10,2,stnu,600,True,27,0.7509114742279053,0.0076236724853515625,"[0, 0, 0, 0, 5, 5, 7, 8, 17, 17, 17, 0, 0, 0, 0, 27]","""[0, 2, 1, 5, 2, 3, 10, 2, 10, 2, 6, 18, 70, 50, 23, 0]"""
j10,2,proactive_robust,600,True,23,0.05453896522521973,0.00021529197692871094,"[0, 1, 0, 0, 6, 9, 8, 11, 13, 14, 17, 0, 0, 23]","""[0, 7, 2, 1, 2, 1, 2, 3, 3, 9, 4, 23, 13, 0]"""
j10,2,reactive,600,True,23,0.05453896522521973,0.2624192237854004,"[0, 1, 0, 0, 6, 9, 8, 11, 13, 14, 16, 0, 0, 23]","[0, 7, 2, 1, 2, 1, 2, 3, 3, 9, 4, 23, 13, 0]"
j10,2,stnu,600,True,17,0.7334983348846436,0.006013154983520508,"[0, 0, 0, 0, 1, 7, 2, 4, 8, 8, 11, 0, 0, 17]","""[0, 7, 2, 1, 2, 1, 2, 3, 3, 9, 4, 23, 13, 0]"""
j10,2,proactive_robust,600,True,23,0.05233478546142578,0.0002243518829345703,"[0, 1, 0, 0, 6, 9, 8, 11, 13, 14, 17, 0, 0, 23]","""[0, 5, 6, 5, 4, 4, 1, 1, 1, 7, 2, 23, 13, 0]"""
j10,2,reactive,600,True,21,0.05233478546142578,0.16265058517456055,"[0, 1, 0, 0, 6, 9, 8, 11, 13, 14, 17, 0, 0, 21]","[0, 5, 6, 5, 4, 4, 1, 1, 1, 7, 2, 23, 13, 0]"
j10,2,stnu,600,True,17,0.7417941093444824,0.005992889404296875,"[0, 0, 0, 0, 5, 6, 6, 9, 10, 10, 11, 0, 0, 17]","""[0, 5, 6, 5, 4, 4, 1, 1, 1, 7, 2, 23, 13, 0]"""
j10,2,proactive_robust,600,True,23,0.05496931076049805,0.0002276897430419922,"[0, 1, 0, 0, 6, 9, 8, 11, 13, 14, 17, 0, 0, 23]","""[0, 2, 1, 4, 4, 3, 1, 2, 1, 9, 5, 23, 13, 0]"""
j10,2,reactive,600,True,22,0.05496931076049805,0.17475342750549316,"[0, 1, 0, 0, 6, 9, 8, 11, 12, 13, 13, 0, 0, 22]","[0, 2, 1, 4, 4, 3, 1, 2, 1, 9, 5, 23, 13, 0]"
j10,2,stnu,600,True,19,0.7274978160858154,0.005991220474243164,"[0, 0, 0, 0, 4, 4, 4, 8, 8, 10, 10, 0, 0, 19]","""[0, 2, 1, 4, 4, 3, 1, 2, 1, 9, 5, 23, 13, 0]"""
j10,2,proactive_robust,600,True,23,0.060494184494018555,0.0002162456512451172,"[0, 1, 0, 0, 6, 9, 8, 11, 13, 14, 17, 0, 0, 23]","""[0, 8, 2, 6, 1, 1, 1, 1, 1, 8, 5, 23, 13, 0]"""
j10,2,reactive,600,True,22,0.060494184494018555,0.16045713424682617,"[0, 1, 0, 0, 6, 9, 8, 11, 13, 14, 17, 0, 0, 22]","[0, 8, 2, 6, 1, 1, 1, 1, 1, 8, 5, 23, 13, 0]"
j10,2,stnu,600,True,17,0.7186505794525146,0.005972146987915039,"[0, 0, 0, 0, 6, 8, 6, 7, 9, 9, 10, 0, 0, 17]","""[0, 8, 2, 6, 1, 1, 1, 1, 1, 8, 5, 23, 13, 0]"""
j10,2,proactive_robust,600,True,23,0.05115842819213867,0.00021147727966308594,"[0, 1, 0, 0, 6, 9, 8, 11, 13, 14, 17, 0, 0, 23]","""[0, 4, 7, 5, 2, 1, 1, 2, 1, 3, 3, 23, 13, 0]"""
j10,2,reactive,600,True,17,0.05115842819213867,0.18461132049560547,"[0, 1, 0, 0, 6, 9, 8, 11, 13, 14, 13, 0, 0, 17]","[0, 4, 7, 5, 2, 1, 1, 2, 1, 3, 3, 23, 13, 0]"
j10,2,stnu,600,True,13,0.7337429523468018,0.005869865417480469,"[0, 0, 0, 0, 5, 7, 7, 8, 8, 10, 10, 0, 0, 13]","""[0, 4, 7, 5, 2, 1, 1, 2, 1, 3, 3, 23, 13, 0]"""
j10,2,proactive_robust,600,True,23,0.05079483985900879,0.00022125244140625,"[0, 1, 0, 0, 6, 9, 8, 11, 13, 14, 17, 0, 0, 23]","""[0, 5, 4, 2, 1, 2, 3, 3, 1, 5, 5, 23, 13, 0]"""
j10,2,reactive,600,True,22,0.05079483985900879,0.2658841609954834,"[0, 1, 0, 0, 6, 9, 8, 11, 13, 14, 17, 0, 0, 22]","[0, 5, 4, 2, 1, 2, 3, 3, 1, 5, 5, 23, 13, 0]"
j10,2,stnu,600,True,15,0.7209134101867676,0.006001949310302734,"[0, 0, 0, 0, 2, 5, 4, 7, 7, 10, 10, 0, 0, 15]","""[0, 5, 4, 2, 1, 2, 3, 3, 1, 5, 5, 23, 13, 0]"""
j10,2,proactive_robust,600,True,23,0.052405595779418945,0.00022459030151367188,"[0, 1, 0, 0, 6, 9, 8, 11, 13, 14, 17, 0, 0, 23]","""[0, 2, 3, 5, 1, 2, 2, 1, 4, 7, 2, 23, 13, 0]"""
j10,2,reactive,600,True,21,0.052405595779418945,0.19464635848999023,"[0, 1, 0, 0, 6, 9, 8, 11, 13, 14, 17, 0, 0, 21]","[0, 2, 3, 5, 1, 2, 2, 1, 4, 7, 2, 23, 13, 0]"
j10,2,stnu,600,True,15,0.7255191802978516,0.005940675735473633,"[0, 0, 0, 0, 5, 5, 5, 7, 7, 8, 11, 0, 0, 15]","""[0, 2, 3, 5, 1, 2, 2, 1, 4, 7, 2, 23, 13, 0]"""
j10,2,proactive_robust,600,True,23,0.05679821968078613,0.00022935867309570312,"[0, 1, 0, 0, 6, 9, 8, 11, 13, 14, 17, 0, 0, 23]","""[0, 7, 8, 3, 1, 1, 3, 1, 4, 5, 3, 23, 13, 0]"""
j10,2,reactive,600,True,20,0.05679821968078613,0.13262486457824707,"[0, 1, 0, 0, 6, 9, 8, 11, 13, 14, 17, 0, 0, 20]","[0, 7, 8, 3, 1, 1, 3, 1, 4, 5, 3, 23, 13, 0]"
j10,2,stnu,600,True,18,0.7100803852081299,0.0060749053955078125,"[0, 0, 0, 0, 3, 8, 8, 11, 11, 12, 15, 0, 0, 18]","""[0, 7, 8, 3, 1, 1, 3, 1, 4, 5, 3, 23, 13, 0]"""
j10,2,proactive_robust,600,True,23,0.05790400505065918,0.00020432472229003906,"[0, 1, 0, 0, 6, 9, 8, 11, 13, 14, 17, 0, 0, 23]","""[0, 8, 4, 2, 1, 3, 1, 2, 1, 3, 3, 23, 13, 0]"""
j10,2,reactive,600,True,17,0.05790400505065918,0.19671320915222168,"[0, 1, 0, 0, 6, 9, 8, 11, 13, 14, 13, 0, 0, 17]","[0, 8, 4, 2, 1, 3, 1, 2, 1, 3, 3, 23, 13, 0]"
j10,2,stnu,600,True,15,0.732459306716919,0.006077766418457031,"[0, 0, 0, 0, 2, 8, 4, 5, 11, 11, 12, 0, 0, 15]","""[0, 8, 4, 2, 1, 3, 1, 2, 1, 3, 3, 23, 13, 0]"""
j10,2,proactive_robust,600,True,23,0.05269503593444824,0.0002086162567138672,"[0, 1, 0, 0, 6, 9, 8, 11, 13, 14, 17, 0, 0, 23]","""[0, 3, 1, 2, 4, 1, 3, 1, 4, 3, 3, 23, 13, 0]"""
j10,2,reactive,600,True,14,0.05269503593444824,0.16872262954711914,"[0, 1, 0, 0, 6, 4, 1, 4, 10, 5, 11, 0, 0, 14]","[0, 3, 1, 2, 4, 1, 3, 1, 4, 3, 3, 23, 13, 0]"
j10,2,stnu,600,True,13,0.7163345813751221,0.005995750427246094,"[0, 0, 0, 0, 2, 3, 2, 6, 6, 7, 10, 0, 0, 13]","""[0, 3, 1, 2, 4, 1, 3, 1, 4, 3, 3, 23, 13, 0]"""
j10,2,proactive_robust,600,True,35,0.05154728889465332,0.0006806850433349609,"[0, 0, 0, 0, 6, 6, 9, 12, 19, 20, 6, 0, 0, 0, 0, 0, 0, 0, 69]","""[0, 4, 2, 3, 3, 1, 9, 4, 3, 9, 3, 69, 52, 33, 29, 12, 35, 64, 0]"""
j10,2,reactive,600,True,29,0.05154728889465332,0.09737253189086914,"[0, 0, 0, 0, 6, 6, 9, 12, 19, 20, 6, 0, 0, 0, 0, 0, 0, 0, 29]","[0, 4, 2, 3, 3, 1, 9, 4, 3, 9, 3, 69, 52, 33, 29, 12, 35, 64, 0]"
j10,2,stnu,600,True,25,0.7614314556121826,0.010618209838867188,"[0, 0, 0, 0, 3, 4, 7, 5, 16, 16, 4, 0, 0, 0, 0, 0, 0, 0, 25]","""[0, 4, 2, 3, 3, 1, 9, 4, 3, 9, 3, 69, 52, 33, 29, 12, 35, 64, 0]"""
j10,2,proactive_robust,600,True,35,0.051218271255493164,0.0006632804870605469,"[0, 0, 0, 0, 6, 6, 9, 12, 19, 20, 6, 0, 0, 0, 0, 0, 0, 0, 69]","""[0, 6, 2, 5, 1, 2, 1, 2, 1, 11, 3, 69, 52, 33, 29, 12, 35, 64, 0]"""
j10,2,reactive,600,True,31,0.051218271255493164,0.09847307205200195,"[0, 0, 0, 0, 6, 6, 9, 12, 19, 20, 6, 0, 0, 0, 0, 0, 0, 0, 31]","[0, 6, 2, 5, 1, 2, 1, 2, 1, 11, 3, 69, 52, 33, 29, 12, 35, 64, 0]"
j10,2,stnu,600,True,21,0.751305103302002,0.01051473617553711,"[0, 0, 0, 0, 5, 6, 9, 8, 10, 10, 6, 0, 0, 0, 0, 0, 0, 0, 21]","""[0, 6, 2, 5, 1, 2, 1, 2, 1, 11, 3, 69, 52, 33, 29, 12, 35, 64, 0]"""
j10,2,proactive_robust,600,True,35,0.04773569107055664,0.0006616115570068359,"[0, 0, 0, 0, 6, 6, 9, 12, 19, 20, 6, 0, 0, 0, 0, 0, 0, 0, 69]","""[0, 2, 4, 4, 1, 6, 9, 1, 1, 10, 1, 69, 52, 33, 29, 12, 35, 64, 0]"""
j10,2,reactive,600,True,30,0.04773569107055664,0.09778809547424316,"[0, 0, 0, 0, 6, 6, 9, 12, 19, 20, 6, 0, 0, 0, 0, 0, 0, 0, 30]","[0, 2, 4, 4, 1, 6, 9, 1, 1, 10, 1, 69, 52, 33, 29, 12, 35, 64, 0]"
j10,2,stnu,600,True,24,0.7569029331207275,0.010503292083740234,"[0, 0, 0, 0, 4, 4, 5, 10, 14, 14, 4, 0, 0, 0, 0, 0, 0, 0, 24]","""[0, 2, 4, 4, 1, 6, 9, 1, 1, 10, 1, 69, 52, 33, 29, 12, 35, 64, 0]"""
j10,2,proactive_robust,600,True,35,0.05307173728942871,0.0006635189056396484,"[0, 0, 0, 0, 6, 6, 9, 12, 19, 20, 6, 0, 0, 0, 0, 0, 0, 0, 69]","""[0, 1, 3, 5, 2, 3, 3, 3, 4, 11, 1, 69, 52, 33, 29, 12, 35, 64, 0]"""
j10,2,reactive,600,True,31,0.05307173728942871,0.11929655075073242,"[0, 0, 0, 0, 6, 6, 9, 12, 19, 20, 6, 0, 0, 0, 0, 0, 0, 0, 31]","[0, 1, 3, 5, 2, 3, 3, 3, 4, 11, 1, 69, 52, 33, 29, 12, 35, 64, 0]"
j10,2,stnu,600,True,22,0.7453017234802246,0.010534286499023438,"[0, 0, 0, 0, 5, 5, 7, 8, 10, 11, 5, 0, 0, 0, 0, 0, 0, 0, 22]","""[0, 1, 3, 5, 2, 3, 3, 3, 4, 11, 1, 69, 52, 33, 29, 12, 35, 64, 0]"""
j10,2,proactive_robust,600,True,35,0.047937631607055664,0.0006878376007080078,"[0, 0, 0, 0, 6, 6, 9, 12, 19, 20, 6, 0, 0, 0, 0, 0, 0, 0, 69]","""[0, 6, 2, 6, 3, 5, 9, 3, 2, 13, 3, 69, 52, 33, 29, 12, 35, 64, 0]"""
j10,2,reactive,600,True,33,0.047937631607055664,0.06184673309326172,"[0, 0, 0, 0, 6, 6, 9, 12, 19, 20, 6, 0, 0, 0, 0, 0, 0, 0, 33]","[0, 6, 2, 6, 3, 5, 9, 3, 2, 13, 3, 69, 52, 33, 29, 12, 35, 64, 0]"
j10,2,stnu,600,True,31,0.8568274974822998,0.010527610778808594,"[0, 0, 0, 0, 6, 6, 9, 11, 18, 18, 6, 0, 0, 0, 0, 0, 0, 0, 31]","""[0, 6, 2, 6, 3, 5, 9, 3, 2, 13, 3, 69, 52, 33, 29, 12, 35, 64, 0]"""
j10,2,proactive_robust,600,True,35,0.04855966567993164,0.0006649494171142578,"[0, 0, 0, 0, 6, 6, 9, 12, 19, 20, 6, 0, 0, 0, 0, 0, 0, 0, 69]","""[0, 3, 1, 3, 1, 3, 7, 8, 5, 3, 2, 69, 52, 33, 29, 12, 35, 64, 0]"""
j10,2,reactive,600,True,24,0.04855966567993164,0.12746810913085938,"[0, 0, 0, 0, 6, 6, 9, 12, 19, 20, 6, 0, 0, 0, 0, 0, 0, 0, 24]","[0, 3, 1, 3, 1, 3, 7, 8, 5, 3, 2, 69, 52, 33, 29, 12, 35, 64, 0]"
j10,2,stnu,600,True,17,0.7379367351531982,0.010396718978881836,"[0, 0, 0, 0, 3, 3, 5, 6, 12, 14, 3, 0, 0, 0, 0, 0, 0, 0, 17]","""[0, 3, 1, 3, 1, 3, 7, 8, 5, 3, 2, 69, 52, 33, 29, 12, 35, 64, 0]"""
j10,2,proactive_robust,600,True,35,0.05013298988342285,0.0006654262542724609,"[0, 0, 0, 0, 6, 6, 9, 12, 19, 20, 6, 0, 0, 0, 0, 0, 0, 0, 69]","""[0, 2, 1, 1, 2, 1, 1, 7, 3, 7, 1, 69, 52, 33, 29, 12, 35, 64, 0]"""
j10,2,reactive,600,True,27,0.05013298988342285,0.1485118865966797,"[0, 0, 0, 0, 6, 6, 9, 12, 19, 20, 6, 0, 0, 0, 0, 0, 0, 0, 27]","[0, 2, 1, 1, 2, 1, 1, 7, 3, 7, 1, 69, 52, 33, 29, 12, 35, 64, 0]"
j10,2,stnu,600,True,17,0.7645018100738525,0.010332345962524414,"[0, 0, 0, 0, 1, 2, 3, 3, 4, 10, 2, 0, 0, 0, 0, 0, 0, 0, 17]","""[0, 2, 1, 1, 2, 1, 1, 7, 3, 7, 1, 69, 52, 33, 29, 12, 35, 64, 0]"""
j10,2,proactive_robust,600,True,35,0.04862618446350098,0.0006728172302246094,"[0, 0, 0, 0, 6, 6, 9, 12, 19, 20, 6, 0, 0, 0, 0, 0, 0, 0, 69]","""[0, 4, 1, 2, 2, 1, 6, 5, 6, 14, 3, 69, 52, 33, 29, 12, 35, 64, 0]"""
j10,2,reactive,600,True,34,0.04862618446350098,0.11623668670654297,"[0, 0, 0, 0, 6, 6, 9, 12, 19, 20, 6, 0, 0, 0, 0, 0, 0, 0, 34]","[0, 4, 1, 2, 2, 1, 6, 5, 6, 14, 3, 69, 52, 33, 29, 12, 35, 64, 0]"
j10,2,stnu,600,True,27,0.7432987689971924,0.010558366775512695,"[0, 0, 0, 0, 2, 4, 7, 5, 13, 13, 4, 0, 0, 0, 0, 0, 0, 0, 27]","""[0, 4, 1, 2, 2, 1, 6, 5, 6, 14, 3, 69, 52, 33, 29, 12, 35, 64, 0]"""
j10,2,proactive_robust,600,True,35,0.05115628242492676,0.00066375732421875,"[0, 0, 0, 0, 6, 6, 9, 12, 19, 20, 6, 0, 0, 0, 0, 0, 0, 0, 69]","""[0, 6, 3, 1, 3, 4, 8, 2, 6, 4, 2, 69, 52, 33, 29, 12, 35, 64, 0]"""
j10,2,reactive,600,True,25,0.05115628242492676,0.10002541542053223,"[0, 0, 0, 0, 6, 6, 9, 12, 19, 20, 6, 0, 0, 0, 0, 0, 0, 0, 25]","[0, 6, 3, 1, 3, 4, 8, 2, 6, 4, 2, 69, 52, 33, 29, 12, 35, 64, 0]"
j10,2,stnu,600,True,22,0.7666676044464111,0.010499238967895508,"[0, 0, 0, 0, 3, 6, 8, 10, 16, 16, 6, 0, 0, 0, 0, 0, 0, 0, 22]","""[0, 6, 3, 1, 3, 4, 8, 2, 6, 4, 2, 69, 52, 33, 29, 12, 35, 64, 0]"""
j10,2,proactive_robust,600,True,35,0.053060293197631836,0.0006697177886962891,"[0, 0, 0, 0, 6, 6, 9, 12, 19, 20, 6, 0, 0, 0, 0, 0, 0, 0, 69]","""[0, 6, 2, 3, 2, 3, 5, 2, 5, 15, 2, 69, 52, 33, 29, 12, 35, 64, 0]"""
j10,2,reactive,600,True,29,0.053060293197631836,0.10136795043945312,"[0, 0, 0, 0, 6, 6, 9, 12, 14, 14, 6, 0, 0, 0, 0, 0, 0, 0, 29]","[0, 6, 2, 3, 2, 3, 5, 2, 5, 15, 2, 69, 52, 33, 29, 12, 35, 64, 0]"
j10,2,stnu,600,True,28,0.8453989028930664,0.01050424575805664,"[0, 0, 0, 0, 3, 6, 8, 9, 13, 13, 6, 0, 0, 0, 0, 0, 0, 0, 28]","""[0, 6, 2, 3, 2, 3, 5, 2, 5, 15, 2, 69, 52, 33, 29, 12, 35, 64, 0]"""
j10,2,proactive_robust,600,True,36,0.05608963966369629,0.0009615421295166016,"[0, 0, 0, 0, 6, 9, 21, 13, 28, 28, 13, 0, 0, 0, 0, 0, 0, 0, 0, 0, 82]","""[0, 6, 3, 1, 4, 9, 3, 6, 1, 4, 6, 27, 10, 61, 70, 68, 27, 59, 82, 69, 0]"""
j10,2,reactive,600,True,25,0.05608963966369629,0.10823988914489746,"[0, 0, 0, 0, 6, 9, 21, 13, 24, 19, 13, 0, 0, 0, 0, 0, 0, 0, 0, 0, 25]","[0, 6, 3, 1, 4, 9, 3, 6, 1, 4, 6, 27, 10, 61, 70, 68, 27, 59, 82, 69, 0]"
j10,2,stnu,600,True,19,0.7762484550476074,0.01271200180053711,"[0, 0, 0, 0, 1, 3, 12, 6, 15, 15, 6, 0, 0, 0, 0, 0, 0, 0, 0, 0, 19]","""[0, 6, 3, 1, 4, 9, 3, 6, 1, 4, 6, 27, 10, 61, 70, 68, 27, 59, 82, 69, 0]"""
j10,2,proactive_robust,600,True,36,0.06292009353637695,0.0009641647338867188,"[0, 0, 0, 0, 6, 9, 21, 13, 28, 28, 13, 0, 0, 0, 0, 0, 0, 0, 0, 0, 82]","""[0, 10, 5, 4, 11, 2, 4, 4, 3, 3, 8, 27, 10, 61, 70, 68, 27, 59, 82, 69, 0]"""
j10,2,reactive,600,True,28,0.06292009353637695,0.10360240936279297,"[0, 0, 0, 0, 6, 9, 21, 13, 25, 17, 13, 0, 0, 0, 0, 0, 0, 0, 0, 0, 28]","[0, 10, 5, 4, 11, 2, 4, 4, 3, 3, 8, 27, 10, 61, 70, 68, 27, 59, 82, 69, 0]"
j10,2,stnu,600,True,22,0.8107547760009766,0.012421369552612305,"[0, 0, 0, 0, 4, 5, 15, 10, 19, 19, 10, 0, 0, 0, 0, 0, 0, 0, 0, 0, 22]","""[0, 10, 5, 4, 11, 2, 4, 4, 3, 3, 8, 27, 10, 61, 70, 68, 27, 59, 82, 69, 0]"""
j10,2,proactive_robust,600,True,36,0.1552906036376953,0.0009756088256835938,"[0, 0, 0, 0, 6, 9, 21, 13, 28, 28, 13, 0, 0, 0, 0, 0, 0, 0, 0, 0, 82]","""[0, 6, 1, 3, 10, 7, 1, 4, 1, 8, 8, 27, 10, 61, 70, 68, 27, 59, 82, 69, 0]"""
j10,2,reactive,600,True,25,0.1552906036376953,0.1089334487915039,"[0, 0, 0, 0, 6, 9, 16, 13, 24, 17, 13, 0, 0, 0, 0, 0, 0, 0, 0, 0, 25]","[0, 6, 1, 3, 10, 7, 1, 4, 1, 8, 8, 27, 10, 61, 70, 68, 27, 59, 82, 69, 0]"
j10,2,stnu,600,True,22,0.7701051235198975,0.01222991943359375,"[0, 0, 0, 0, 3, 3, 13, 6, 14, 14, 6, 0, 0, 0, 0, 0, 0, 0, 0, 0, 22]","""[0, 6, 1, 3, 10, 7, 1, 4, 1, 8, 8, 27, 10, 61, 70, 68, 27, 59, 82, 69, 0]"""
j10,2,proactive_robust,600,True,36,0.0556797981262207,0.0009703636169433594,"[0, 0, 0, 0, 6, 9, 21, 13, 28, 28, 13, 0, 0, 0, 0, 0, 0, 0, 0, 0, 82]","""[0, 2, 4, 5, 7, 2, 1, 15, 1, 4, 5, 27, 10, 61, 70, 68, 27, 59, 82, 69, 0]"""
j10,2,reactive,600,True,32,0.0556797981262207,0.13307666778564453,"[0, 0, 0, 0, 6, 9, 21, 13, 28, 28, 13, 0, 0, 0, 0, 0, 0, 0, 0, 0, 32]","[0, 2, 4, 5, 7, 2, 1, 15, 1, 4, 5, 27, 10, 61, 70, 68, 27, 59, 82, 69, 0]"
j10,2,stnu,600,True,23,0.7903497219085693,0.012363433837890625,"[0, 0, 0, 0, 5, 5, 12, 4, 19, 19, 5, 0, 0, 0, 0, 0, 0, 0, 0, 0, 23]","""[0, 2, 4, 5, 7, 2, 1, 15, 1, 4, 5, 27, 10, 61, 70, 68, 27, 59, 82, 69, 0]"""
j10,2,proactive_robust,600,True,36,0.05984759330749512,0.0009562969207763672,"[0, 0, 0, 0, 6, 9, 21, 13, 28, 28, 13, 0, 0, 0, 0, 0, 0, 0, 0, 0, 82]","""[0, 2, 3, 3, 4, 1, 3, 13, 3, 5, 5, 27, 10, 61, 70, 68, 27, 59, 82, 69, 0]"""
j10,2,reactive,600,True,33,0.05984759330749512,0.1441354751586914,"[0, 0, 0, 0, 6, 9, 21, 13, 28, 28, 13, 0, 0, 0, 0, 0, 0, 0, 0, 0, 33]","[0, 2, 3, 3, 4, 1, 3, 13, 3, 5, 5, 27, 10, 61, 70, 68, 27, 59, 82, 69, 0]"
j10,2,stnu,600,True,21,0.7721982002258301,0.012376785278320312,"[0, 0, 0, 0, 3, 3, 7, 3, 16, 16, 3, 0, 0, 0, 0, 0, 0, 0, 0, 0, 21]","""[0, 2, 3, 3, 4, 1, 3, 13, 3, 5, 5, 27, 10, 61, 70, 68, 27, 59, 82, 69, 0]"""
j10,2,proactive_robust,600,True,36,0.055928707122802734,0.0009951591491699219,"[0, 0, 0, 0, 6, 9, 21, 13, 28, 28, 13, 0, 0, 0, 0, 0, 0, 0, 0, 0, 82]","""[0, 13, 1, 3, 14, 7, 4, 11, 4, 3, 5, 27, 10, 61, 70, 68, 27, 59, 82, 69, 0]"""
j10,2,reactive,600,True,32,0.055928707122802734,0.09249472618103027,"[0, 0, 0, 0, 6, 9, 21, 13, 28, 28, 13, 0, 0, 0, 0, 0, 0, 0, 0, 0, 32]","[0, 13, 1, 3, 14, 7, 4, 11, 4, 3, 5, 27, 10, 61, 70, 68, 27, 59, 82, 69, 0]"
j10,2,stnu,600,True,28,0.7584903240203857,0.012470006942749023,"[0, 0, 0, 0, 3, 3, 17, 13, 24, 24, 13, 0, 0, 0, 0, 0, 0, 0, 0, 0, 28]","""[0, 13, 1, 3, 14, 7, 4, 11, 4, 3, 5, 27, 10, 61, 70, 68, 27, 59, 82, 69, 0]"""
j10,2,proactive_robust,600,True,36,0.06148648262023926,0.0009984970092773438,"[0, 0, 0, 0, 6, 9, 21, 13, 28, 28, 13, 0, 0, 0, 0, 0, 0, 0, 0, 0, 82]","""[0, 11, 4, 1, 5, 4, 4, 9, 1, 2, 7, 27, 10, 61, 70, 68, 27, 59, 82, 69, 0]"""
j10,2,reactive,600,True,26,0.06148648262023926,0.10597395896911621,"[0, 0, 0, 0, 6, 9, 21, 13, 25, 22, 13, 0, 0, 0, 0, 0, 0, 0, 0, 0, 26]","[0, 11, 4, 1, 5, 4, 4, 9, 1, 2, 7, 27, 10, 61, 70, 68, 27, 59, 82, 69, 0]"
j10,2,stnu,600,True,22,0.7609841823577881,0.012591123580932617,"[0, 0, 0, 0, 1, 4, 11, 11, 20, 20, 11, 0, 0, 0, 0, 0, 0, 0, 0, 0, 22]","""[0, 11, 4, 1, 5, 4, 4, 9, 1, 2, 7, 27, 10, 61, 70, 68, 27, 59, 82, 69, 0]"""
j10,2,proactive_robust,600,True,36,0.053586483001708984,0.0009844303131103516,"[0, 0, 0, 0, 6, 9, 21, 13, 28, 28, 13, 0, 0, 0, 0, 0, 0, 0, 0, 0, 82]","""[0, 11, 6, 4, 7, 2, 3, 3, 3, 6, 1, 27, 10, 61, 70, 68, 27, 59, 82, 69, 0]"""
j10,2,reactive,600,True,27,0.053586483001708984,0.10752677917480469,"[0, 0, 0, 0, 6, 9, 21, 13, 24, 16, 13, 0, 0, 0, 0, 0, 0, 0, 0, 0, 27]","[0, 11, 6, 4, 7, 2, 3, 3, 3, 6, 1, 27, 10, 61, 70, 68, 27, 59, 82, 69, 0]"
j10,2,stnu,600,True,20,0.7601163387298584,0.01249551773071289,"[0, 0, 0, 0, 4, 6, 11, 11, 14, 14, 11, 0, 0, 0, 0, 0, 0, 0, 0, 0, 20]","""[0, 11, 6, 4, 7, 2, 3, 3, 3, 6, 1, 27, 10, 61, 70, 68, 27, 59, 82, 69, 0]"""
j10,2,proactive_robust,600,True,36,0.05623888969421387,0.0010001659393310547,"[0, 0, 0, 0, 6, 9, 21, 13, 28, 28, 13, 0, 0, 0, 0, 0, 0, 0, 0, 0, 82]","""[0, 9, 8, 6, 11, 4, 1, 13, 5, 1, 3, 27, 10, 61, 70, 68, 27, 59, 82, 69, 0]"""
j10,2,reactive,600,True,33,0.05623888969421387,0.08402204513549805,"[0, 0, 0, 0, 6, 9, 21, 13, 28, 28, 13, 0, 0, 0, 0, 0, 0, 0, 0, 0, 33]","[0, 9, 8, 6, 11, 4, 1, 13, 5, 1, 3, 27, 10, 61, 70, 68, 27, 59, 82, 69, 0]"
j10,2,stnu,600,True,27,0.7611355781555176,0.01243901252746582,"[0, 0, 0, 0, 6, 8, 17, 9, 22, 22, 9, 0, 0, 0, 0, 0, 0, 0, 0, 0, 27]","""[0, 9, 8, 6, 11, 4, 1, 13, 5, 1, 3, 27, 10, 61, 70, 68, 27, 59, 82, 69, 0]"""
j10,2,proactive_robust,600,True,36,0.05573439598083496,0.0010008811950683594,"[0, 0, 0, 0, 6, 9, 21, 13, 28, 28, 13, 0, 0, 0, 0, 0, 0, 0, 0, 0, 82]","""[0, 6, 7, 3, 3, 6, 1, 11, 5, 5, 7, 27, 10, 61, 70, 68, 27, 59, 82, 69, 0]"""
j10,2,reactive,600,True,33,0.05573439598083496,0.1351919174194336,"[0, 0, 0, 0, 6, 9, 21, 13, 28, 28, 13, 0, 0, 0, 0, 0, 0, 0, 0, 0, 33]","[0, 6, 7, 3, 3, 6, 1, 11, 5, 5, 7, 27, 10, 61, 70, 68, 27, 59, 82, 69, 0]"
j10,2,stnu,600,True,23,0.7610046863555908,0.012299299240112305,"[0, 0, 0, 0, 3, 7, 13, 7, 18, 18, 7, 0, 0, 0, 0, 0, 0, 0, 0, 0, 23]","""[0, 6, 7, 3, 3, 6, 1, 11, 5, 5, 7, 27, 10, 61, 70, 68, 27, 59, 82, 69, 0]"""
j10,2,proactive_robust,600,True,41,0.08081388473510742,0.0006649494171142578,"[0, 0, 0, 0, 12, 21, 12, 21, 21, 21, 33, 0, 0, 0, 0, 0, 81]","""[0, 7, 12, 5, 5, 1, 3, 3, 2, 11, 8, 69, 24, 57, 49, 81, 0]"""
j10,2,reactive,600,True,32,0.08081388473510742,0.0868377685546875,"[0, 0, 0, 0, 12, 21, 12, 21, 21, 21, 24, 0, 0, 0, 0, 0, 32]","[0, 7, 12, 5, 5, 1, 3, 3, 2, 11, 8, 69, 24, 57, 49, 81, 0]"
j10,2,stnu,600,True,29,0.7474803924560547,0.008463621139526367,"[0, 0, 0, 0, 7, 12, 7, 12, 12, 10, 21, 0, 0, 0, 0, 0, 29]","""[0, 7, 12, 5, 5, 1, 3, 3, 2, 11, 8, 69, 24, 57, 49, 81, 0]"""
j10,2,proactive_robust,600,True,41,0.05519556999206543,0.0006768703460693359,"[0, 0, 0, 0, 12, 21, 12, 21, 21, 21, 33, 0, 0, 0, 0, 0, 81]","""[0, 3, 14, 8, 4, 4, 8, 9, 7, 4, 2, 69, 24, 57, 49, 81, 0]"""
j10,2,reactive,600,True,32,0.05519556999206543,0.09654879570007324,"[0, 0, 0, 0, 12, 21, 12, 21, 21, 21, 30, 0, 0, 0, 0, 0, 32]","[0, 3, 14, 8, 4, 4, 8, 9, 7, 4, 2, 69, 24, 57, 49, 81, 0]"
j10,2,stnu,600,True,27,0.7349443435668945,0.008506536483764648,"[0, 0, 0, 0, 8, 14, 8, 16, 16, 16, 25, 0, 0, 0, 0, 0, 27]","""[0, 3, 14, 8, 4, 4, 8, 9, 7, 4, 2, 69, 24, 57, 49, 81, 0]"""
j10,2,proactive_robust,600,True,41,0.05922079086303711,0.0006706714630126953,"[0, 0, 0, 0, 12, 21, 12, 21, 21, 21, 33, 0, 0, 0, 0, 0, 81]","""[0, 6, 11, 7, 1, 8, 8, 2, 10, 11, 2, 69, 24, 57, 49, 81, 0]"""
j10,2,reactive,600,True,32,0.05922079086303711,0.08040666580200195,"[0, 0, 0, 0, 12, 21, 12, 21, 21, 21, 29, 0, 0, 0, 0, 0, 32]","[0, 6, 11, 7, 1, 8, 8, 2, 10, 11, 2, 69, 24, 57, 49, 81, 0]"
j10,2,stnu,600,True,28,0.8421578407287598,0.008409738540649414,"[0, 0, 0, 0, 7, 11, 7, 15, 15, 15, 26, 0, 0, 0, 0, 0, 28]","""[0, 6, 11, 7, 1, 8, 8, 2, 10, 11, 2, 69, 24, 57, 49, 81, 0]"""
j10,2,proactive_robust,600,True,41,0.055211782455444336,0.0006330013275146484,"[0, 0, 0, 0, 12, 21, 12, 21, 21, 21, 33, 0, 0, 0, 0, 0, 81]","""[0, 1, 4, 3, 2, 2, 4, 9, 2, 2, 6, 69, 24, 57, 49, 81, 0]"""
j10,2,reactive,600,True,36,0.055211782455444336,0.09447455406188965,"[0, 0, 0, 0, 12, 21, 12, 21, 21, 21, 30, 0, 0, 0, 0, 0, 36]","[0, 1, 4, 3, 2, 2, 4, 9, 2, 2, 6, 69, 24, 57, 49, 81, 0]"
j10,2,stnu,600,True,22,0.7305364608764648,0.008369684219360352,"[0, 0, 0, 0, 3, 5, 3, 7, 7, 7, 16, 0, 0, 0, 0, 0, 22]","""[0, 1, 4, 3, 2, 2, 4, 9, 2, 2, 6, 69, 24, 57, 49, 81, 0]"""
j10,2,proactive_robust,600,True,41,0.05769038200378418,0.0006568431854248047,"[0, 0, 0, 0, 12, 21, 12, 21, 21, 21, 33, 0, 0, 0, 0, 0, 81]","""[0, 3, 12, 7, 1, 4, 3, 11, 1, 9, 8, 69, 24, 57, 49, 81, 0]"""
j10,2,reactive,600,True,40,0.05769038200378418,0.08592534065246582,"[0, 0, 0, 0, 12, 21, 12, 21, 21, 21, 32, 0, 0, 0, 0, 0, 40]","[0, 3, 12, 7, 1, 4, 3, 11, 1, 9, 8, 69, 24, 57, 49, 81, 0]"
j10,2,stnu,600,True,31,0.7315728664398193,0.008383512496948242,"[0, 0, 0, 0, 7, 12, 7, 12, 10, 10, 23, 0, 0, 0, 0, 0, 31]","""[0, 3, 12, 7, 1, 4, 3, 11, 1, 9, 8, 69, 24, 57, 49, 81, 0]"""
j10,2,proactive_robust,600,True,41,0.05946230888366699,0.0006351470947265625,"[0, 0, 0, 0, 12, 21, 12, 21, 21, 21, 33, 0, 0, 0, 0, 0, 81]","""[0, 4, 11, 4, 3, 4, 3, 2, 1, 4, 1, 69, 24, 57, 49, 81, 0]"""
j10,2,reactive,600,True,12,0.05946230888366699,0.0920252799987793,"[0, 0, 0, 0, 4, 7, 4, 7, 11, 8, 11, 0, 0, 0, 0, 0, 12]","[0, 4, 11, 4, 3, 4, 3, 2, 1, 4, 1, 69, 24, 57, 49, 81, 0]"
j10,2,stnu,600,True,16,0.8404886722564697,0.008323192596435547,"[0, 0, 0, 0, 4, 11, 4, 11, 7, 7, 15, 0, 0, 0, 0, 0, 16]","""[0, 4, 11, 4, 3, 4, 3, 2, 1, 4, 1, 69, 24, 57, 49, 81, 0]"""
j10,2,proactive_robust,600,True,41,0.05362224578857422,0.00064849853515625,"[0, 0, 0, 0, 12, 21, 12, 21, 21, 21, 33, 0, 0, 0, 0, 0, 81]","""[0, 5, 7, 12, 8, 1, 4, 2, 2, 1, 4, 69, 24, 57, 49, 81, 0]"""
j10,2,reactive,600,True,27,0.05362224578857422,0.08313584327697754,"[0, 0, 0, 0, 12, 21, 12, 21, 21, 21, 23, 0, 0, 0, 0, 0, 27]","[0, 5, 7, 12, 8, 1, 4, 2, 2, 1, 4, 69, 24, 57, 49, 81, 0]"
j10,2,stnu,600,True,26,0.7522199153900146,0.00858759880065918,"[0, 0, 0, 0, 12, 20, 12, 20, 20, 16, 22, 0, 0, 0, 0, 0, 26]","""[0, 5, 7, 12, 8, 1, 4, 2, 2, 1, 4, 69, 24, 57, 49, 81, 0]"""
j10,2,proactive_robust,600,True,41,0.05469465255737305,0.0006291866302490234,"[0, 0, 0, 0, 12, 21, 12, 21, 21, 21, 33, 0, 0, 0, 0, 0, 81]","""[0, 2, 14, 5, 1, 3, 1, 5, 2, 2, 5, 69, 24, 57, 49, 81, 0]"""
j10,2,reactive,600,True,31,0.05469465255737305,0.09551239013671875,"[0, 0, 0, 0, 12, 21, 12, 21, 21, 21, 26, 0, 0, 0, 0, 0, 31]","[0, 2, 14, 5, 1, 3, 1, 5, 2, 2, 5, 69, 24, 57, 49, 81, 0]"
j10,2,stnu,600,True,24,0.7388870716094971,0.008353710174560547,"[0, 0, 0, 0, 5, 14, 5, 14, 6, 6, 19, 0, 0, 0, 0, 0, 24]","""[0, 2, 14, 5, 1, 3, 1, 5, 2, 2, 5, 69, 24, 57, 49, 81, 0]"""
j10,2,proactive_robust,600,True,41,0.054479360580444336,0.0006587505340576172,"[0, 0, 0, 0, 12, 21, 12, 21, 21, 21, 33, 0, 0, 0, 0, 0, 81]","""[0, 3, 4, 8, 7, 3, 8, 1, 8, 3, 6, 69, 24, 57, 49, 81, 0]"""
j10,2,reactive,600,True,30,0.054479360580444336,0.09070706367492676,"[0, 0, 0, 0, 12, 21, 12, 21, 21, 21, 24, 0, 0, 0, 0, 0, 30]","[0, 3, 4, 8, 7, 3, 8, 1, 8, 3, 6, 69, 24, 57, 49, 81, 0]"
j10,2,stnu,600,True,25,0.7421395778656006,0.008414030075073242,"[0, 0, 0, 0, 8, 15, 8, 16, 16, 16, 19, 0, 0, 0, 0, 0, 25]","""[0, 3, 4, 8, 7, 3, 8, 1, 8, 3, 6, 69, 24, 57, 49, 81, 0]"""
j10,2,proactive_robust,600,True,41,0.056877851486206055,0.0006766319274902344,"[0, 0, 0, 0, 12, 21, 12, 21, 21, 21, 33, 0, 0, 0, 0, 0, 81]","""[0, 8, 14, 10, 6, 5, 2, 3, 9, 4, 8, 69, 24, 57, 49, 81, 0]"""
j10,2,reactive,600,True,34,0.056877851486206055,0.07801413536071777,"[0, 0, 0, 0, 12, 21, 12, 21, 21, 21, 26, 0, 0, 0, 0, 0, 34]","[0, 8, 14, 10, 6, 5, 2, 3, 9, 4, 8, 69, 24, 57, 49, 81, 0]"
j10,2,stnu,600,True,29,0.7421019077301025,0.008381366729736328,"[0, 0, 0, 0, 10, 16, 10, 16, 16, 12, 21, 0, 0, 0, 0, 0, 29]","""[0, 8, 14, 10, 6, 5, 2, 3, 9, 4, 8, 69, 24, 57, 49, 81, 0]"""
j10,2,proactive_robust,600,True,32,0.05904531478881836,0.00023245811462402344,"[0, 6, 0, 0, 6, 18, 22, 18, 26, 22, 18, 0, 33]","""[0, 3, 1, 3, 10, 1, 4, 2, 6, 6, 3, 33, 0]"""
j10,2,reactive,600,True,32,0.05904531478881836,0.12015032768249512,"[0, 6, 0, 0, 6, 18, 22, 18, 26, 22, 18, 0, 32]","[0, 3, 1, 3, 10, 1, 4, 2, 6, 6, 3, 33, 0]"
j10,2,stnu,600,True,23,0.722346305847168,0.00516200065612793,"[0, 1, 0, 0, 1, 11, 13, 11, 17, 13, 11, 0, 23]","""[0, 3, 1, 3, 10, 1, 4, 2, 6, 6, 3, 33, 0]"""
j10,2,proactive_robust,600,True,32,0.0549774169921875,0.0002486705780029297,"[0, 6, 0, 0, 6, 18, 22, 18, 26, 22, 18, 0, 33]","""[0, 8, 5, 6, 2, 3, 3, 3, 4, 8, 12, 33, 0]"""
j10,2,reactive,600,True,30,0.0549774169921875,0.11955475807189941,"[0, 6, 0, 0, 6, 18, 22, 18, 25, 22, 18, 0, 30]","[0, 8, 5, 6, 2, 3, 3, 3, 4, 8, 12, 33, 0]"
j10,2,stnu,600,True,25,0.7180378437042236,0.005161285400390625,"[0, 5, 0, 0, 5, 13, 16, 13, 19, 16, 13, 0, 25]","""[0, 8, 5, 6, 2, 3, 3, 3, 4, 8, 12, 33, 0]"""
j10,2,proactive_robust,600,True,32,0.05485177040100098,0.00025844573974609375,"[0, 6, 0, 0, 6, 18, 22, 18, 26, 22, 18, 0, 33]","""[0, 11, 4, 13, 1, 1, 3, 2, 3, 4, 11, 33, 0]"""
j10,2,reactive,600,True,29,0.05485177040100098,0.13378334045410156,"[0, 6, 0, 0, 6, 18, 22, 18, 26, 22, 18, 0, 29]","[0, 11, 4, 13, 1, 1, 3, 2, 3, 4, 11, 33, 0]"
j10,2,stnu,600,True,26,0.7301990985870361,0.005179882049560547,"[0, 4, 0, 0, 4, 15, 17, 15, 20, 17, 15, 0, 26]","""[0, 11, 4, 13, 1, 1, 3, 2, 3, 4, 11, 33, 0]"""
j10,2,proactive_robust,600,True,32,0.05770564079284668,0.0002467632293701172,"[0, 6, 0, 0, 6, 18, 22, 18, 26, 22, 18, 0, 33]","""[0, 2, 1, 12, 11, 4, 2, 1, 2, 4, 12, 33, 0]"""
j10,2,reactive,600,True,30,0.05770564079284668,0.11592388153076172,"[0, 6, 0, 0, 6, 18, 22, 18, 24, 22, 18, 0, 30]","[0, 2, 1, 12, 11, 4, 2, 1, 2, 4, 12, 33, 0]"
j10,2,stnu,600,True,24,0.7213582992553711,0.00507044792175293,"[0, 1, 0, 0, 1, 12, 16, 12, 18, 16, 12, 0, 24]","""[0, 2, 1, 12, 11, 4, 2, 1, 2, 4, 12, 33, 0]"""
j10,2,proactive_robust,600,True,32,0.06269359588623047,0.0002505779266357422,"[0, 6, 0, 0, 6, 18, 22, 18, 26, 22, 18, 0, 33]","""[0, 7, 6, 11, 4, 2, 1, 2, 3, 5, 7, 33, 0]"""
j10,2,reactive,600,True,27,0.06269359588623047,0.12942242622375488,"[0, 6, 0, 0, 6, 18, 22, 18, 23, 22, 18, 0, 27]","[0, 7, 6, 11, 4, 2, 1, 2, 3, 5, 7, 33, 0]"
j10,2,stnu,600,True,20,0.7218301296234131,0.00506901741027832,"[0, 6, 0, 0, 6, 13, 15, 13, 16, 15, 13, 0, 20]","""[0, 7, 6, 11, 4, 2, 1, 2, 3, 5, 7, 33, 0]"""
j10,2,proactive_robust,600,True,32,0.05656623840332031,0.0002079010009765625,"[0, 6, 0, 0, 6, 18, 22, 18, 26, 22, 18, 0, 33]","""[0, 4, 4, 2, 4, 1, 2, 1, 2, 2, 3, 33, 0]"""
j10,2,reactive,600,True,15,0.05656623840332031,0.16722321510314941,"[0, 6, 0, 0, 6, 10, 11, 10, 13, 11, 10, 0, 15]","[0, 4, 4, 2, 4, 1, 2, 1, 2, 2, 3, 33, 0]"
j10,2,stnu,600,True,13,0.7144837379455566,0.005021810531616211,"[0, 4, 0, 0, 4, 8, 9, 8, 11, 9, 8, 0, 13]","""[0, 4, 4, 2, 4, 1, 2, 1, 2, 2, 3, 33, 0]"""
j10,2,proactive_robust,600,True,32,0.05460000038146973,0.0002532005310058594,"[0, 6, 0, 0, 6, 18, 22, 18, 26, 22, 18, 0, 33]","""[0, 4, 5, 12, 7, 4, 2, 3, 4, 7, 7, 33, 0]"""
j10,2,reactive,600,True,30,0.05460000038146973,0.20675873756408691,"[0, 6, 0, 0, 6, 18, 22, 18, 26, 22, 18, 0, 30]","[0, 4, 5, 12, 7, 4, 2, 3, 4, 7, 7, 33, 0]"
j10,2,stnu,600,True,23,0.7446854114532471,0.005169391632080078,"[0, 5, 0, 0, 5, 12, 16, 12, 18, 16, 12, 0, 23]","""[0, 4, 5, 12, 7, 4, 2, 3, 4, 7, 7, 33, 0]"""
j10,2,proactive_robust,600,True,32,0.05667257308959961,0.00026679039001464844,"[0, 6, 0, 0, 6, 18, 22, 18, 26, 22, 18, 0, 33]","""[0, 8, 5, 13, 8, 1, 2, 2, 5, 6, 10, 33, 0]"""
j10,2,reactive,600,True,31,0.05667257308959961,0.12901878356933594,"[0, 6, 0, 0, 6, 18, 22, 18, 26, 22, 18, 0, 31]","[0, 8, 5, 13, 8, 1, 2, 2, 5, 6, 10, 33, 0]"
j10,2,stnu,600,True,23,0.7565798759460449,0.005146503448486328,"[0, 5, 0, 0, 5, 13, 15, 13, 17, 15, 13, 0, 23]","""[0, 8, 5, 13, 8, 1, 2, 2, 5, 6, 10, 33, 0]"""
j10,2,proactive_robust,600,True,32,0.060080766677856445,0.00021958351135253906,"[0, 6, 0, 0, 6, 18, 22, 18, 26, 22, 18, 0, 33]","""[0, 4, 5, 2, 6, 2, 2, 3, 1, 6, 9, 33, 0]"""
j10,2,reactive,600,True,28,0.060080766677856445,0.12268996238708496,"[0, 6, 0, 0, 6, 18, 22, 18, 26, 22, 18, 0, 28]","[0, 4, 5, 2, 6, 2, 2, 3, 1, 6, 9, 33, 0]"
j10,2,stnu,600,True,20,0.8298776149749756,0.00504302978515625,"[0, 5, 0, 0, 5, 11, 14, 11, 16, 14, 11, 0, 20]","""[0, 4, 5, 2, 6, 2, 2, 3, 1, 6, 9, 33, 0]"""
j10,2,proactive_robust,600,True,32,0.057039737701416016,0.00022411346435546875,"[0, 6, 0, 0, 6, 18, 22, 18, 26, 22, 18, 0, 33]","""[0, 7, 1, 2, 3, 2, 4, 3, 4, 7, 3, 33, 0]"""
j10,2,reactive,600,True,30,0.057039737701416016,0.12901759147644043,"[0, 6, 0, 0, 6, 18, 22, 18, 26, 22, 18, 0, 30]","[0, 7, 1, 2, 3, 2, 4, 3, 4, 7, 3, 33, 0]"
j10,2,stnu,600,True,19,0.7166962623596191,0.005161285400390625,"[0, 1, 0, 0, 1, 8, 11, 8, 15, 11, 8, 0, 19]","""[0, 7, 1, 2, 3, 2, 4, 3, 4, 7, 3, 33, 0]"""
j10,2,proactive_robust,600,True,41,0.06200909614562988,0.0007917881011962891,"[0, 0, 0, 0, 6, 6, 18, 19, 26, 18, 27, 0, 0, 0, 0, 0, 0, 0, 75]","""[0, 4, 4, 8, 12, 3, 3, 8, 10, 1, 4, 49, 31, 31, 75, 72, 52, 34, 0]"""
j10,2,reactive,600,True,36,0.06200909614562988,0.10987138748168945,"[0, 0, 0, 0, 6, 6, 18, 19, 26, 18, 27, 0, 0, 0, 0, 0, 0, 0, 36]","[0, 4, 4, 8, 12, 3, 3, 8, 10, 1, 4, 49, 31, 31, 75, 72, 52, 34, 0]"
j10,2,stnu,600,True,29,0.8981611728668213,0.010719776153564453,"[0, 0, 0, 0, 4, 4, 16, 16, 19, 16, 24, 0, 0, 0, 0, 0, 0, 0, 29]","""[0, 4, 4, 8, 12, 3, 3, 8, 10, 1, 4, 49, 31, 31, 75, 72, 52, 34, 0]"""
j10,2,proactive_robust,600,True,41,0.06052708625793457,0.0007746219635009766,"[0, 0, 0, 0, 6, 6, 18, 19, 26, 18, 27, 0, 0, 0, 0, 0, 0, 0, 75]","""[0, 6, 4, 5, 4, 5, 2, 7, 9, 1, 3, 49, 31, 31, 75, 72, 52, 34, 0]"""
j10,2,reactive,600,True,35,0.06052708625793457,0.14046287536621094,"[0, 0, 0, 0, 6, 6, 18, 19, 26, 18, 27, 0, 0, 0, 0, 0, 0, 0, 35]","[0, 6, 4, 5, 4, 5, 2, 7, 9, 1, 3, 49, 31, 31, 75, 72, 52, 34, 0]"
j10,2,stnu,600,True,21,0.7526819705963135,0.010749101638793945,"[0, 0, 0, 0, 6, 6, 10, 11, 12, 10, 18, 0, 0, 0, 0, 0, 0, 0, 21]","""[0, 6, 4, 5, 4, 5, 2, 7, 9, 1, 3, 49, 31, 31, 75, 72, 52, 34, 0]"""
j10,2,proactive_robust,600,True,41,0.06790041923522949,0.0007581710815429688,"[0, 0, 0, 0, 6, 6, 18, 19, 26, 18, 27, 0, 0, 0, 0, 0, 0, 0, 75]","""[0, 2, 2, 12, 7, 9, 1, 2, 3, 6, 2, 49, 31, 31, 75, 72, 52, 34, 0]"""
j10,2,reactive,600,True,24,0.06790041923522949,0.15111804008483887,"[0, 0, 0, 0, 6, 6, 18, 15, 19, 18, 17, 0, 0, 0, 0, 0, 0, 0, 24]","[0, 2, 2, 12, 7, 9, 1, 2, 3, 6, 2, 49, 31, 31, 75, 72, 52, 34, 0]"
j10,2,stnu,600,True,20,0.7660760879516602,0.010757207870483398,"[0, 0, 0, 0, 2, 2, 12, 12, 13, 12, 18, 0, 0, 0, 0, 0, 0, 0, 20]","""[0, 2, 2, 12, 7, 9, 1, 2, 3, 6, 2, 49, 31, 31, 75, 72, 52, 34, 0]"""
j10,2,proactive_robust,600,True,41,0.05958080291748047,0.0007870197296142578,"[0, 0, 0, 0, 6, 6, 18, 19, 26, 18, 27, 0, 0, 0, 0, 0, 0, 0, 75]","""[0, 4, 5, 8, 8, 12, 3, 8, 12, 3, 2, 49, 31, 31, 75, 72, 52, 34, 0]"""
j10,2,reactive,600,True,38,0.05958080291748047,0.13996624946594238,"[0, 0, 0, 0, 6, 6, 18, 19, 26, 18, 27, 0, 0, 0, 0, 0, 0, 0, 38]","[0, 4, 5, 8, 8, 12, 3, 8, 12, 3, 2, 49, 31, 31, 75, 72, 52, 34, 0]"
j10,2,stnu,600,True,29,0.8543684482574463,0.010761022567749023,"[0, 0, 0, 0, 5, 5, 13, 17, 17, 13, 25, 0, 0, 0, 0, 0, 0, 0, 29]","""[0, 4, 5, 8, 8, 12, 3, 8, 12, 3, 2, 49, 31, 31, 75, 72, 52, 34, 0]"""
j10,2,proactive_robust,600,True,41,0.06434130668640137,0.0007882118225097656,"[0, 0, 0, 0, 6, 6, 18, 19, 26, 18, 27, 0, 0, 0, 0, 0, 0, 0, 75]","""[0, 5, 1, 2, 12, 10, 5, 4, 6, 4, 1, 49, 31, 31, 75, 72, 52, 34, 0]"""
j10,2,reactive,600,True,32,0.06434130668640137,0.12309551239013672,"[0, 0, 0, 0, 6, 6, 18, 19, 26, 18, 27, 0, 0, 0, 0, 0, 0, 0, 32]","[0, 5, 1, 2, 12, 10, 5, 4, 6, 4, 1, 49, 31, 31, 75, 72, 52, 34, 0]"
j10,2,stnu,600,True,28,0.7552978992462158,0.010642528533935547,"[0, 0, 0, 0, 5, 5, 17, 17, 22, 17, 21, 0, 0, 0, 0, 0, 0, 0, 28]","""[0, 5, 1, 2, 12, 10, 5, 4, 6, 4, 1, 49, 31, 31, 75, 72, 52, 34, 0]"""
j10,2,proactive_robust,600,True,41,0.0646204948425293,0.0007581710815429688,"[0, 0, 0, 0, 6, 6, 18, 19, 26, 18, 27, 0, 0, 0, 0, 0, 0, 0, 75]","""[0, 4, 3, 9, 12, 2, 3, 1, 3, 5, 5, 49, 31, 31, 75, 72, 52, 34, 0]"""
j10,2,reactive,600,True,25,0.0646204948425293,0.14107513427734375,"[0, 0, 0, 0, 6, 6, 18, 19, 21, 18, 20, 0, 0, 0, 0, 0, 0, 0, 25]","[0, 4, 3, 9, 12, 2, 3, 1, 3, 5, 5, 49, 31, 31, 75, 72, 52, 34, 0]"
j10,2,stnu,600,True,26,0.7672600746154785,0.010760784149169922,"[0, 0, 0, 0, 4, 4, 16, 16, 19, 16, 21, 0, 0, 0, 0, 0, 0, 0, 26]","""[0, 4, 3, 9, 12, 2, 3, 1, 3, 5, 5, 49, 31, 31, 75, 72, 52, 34, 0]"""
j10,2,proactive_robust,600,True,41,0.061788320541381836,0.0007646083831787109,"[0, 0, 0, 0, 6, 6, 18, 19, 26, 18, 27, 0, 0, 0, 0, 0, 0, 0, 75]","""[0, 5, 4, 5, 7, 8, 8, 6, 8, 3, 3, 49, 31, 31, 75, 72, 52, 34, 0]"""
j10,2,reactive,600,True,34,0.061788320541381836,0.12783527374267578,"[0, 0, 0, 0, 6, 6, 18, 19, 26, 18, 27, 0, 0, 0, 0, 0, 0, 0, 34]","[0, 5, 4, 5, 7, 8, 8, 6, 8, 3, 3, 49, 31, 31, 75, 72, 52, 34, 0]"
j10,2,stnu,600,True,28,0.7602102756500244,0.010753393173217773,"[0, 0, 0, 0, 5, 5, 12, 13, 20, 12, 19, 0, 0, 0, 0, 0, 0, 0, 28]","""[0, 5, 4, 5, 7, 8, 8, 6, 8, 3, 3, 49, 31, 31, 75, 72, 52, 34, 0]"""
j10,2,proactive_robust,600,True,41,0.06009268760681152,0.0008146762847900391,"[0, 0, 0, 0, 6, 6, 18, 19, 26, 18, 27, 0, 0, 0, 0, 0, 0, 0, 75]","""[0, 4, 6, 12, 10, 13, 7, 4, 4, 7, 6, 49, 31, 31, 75, 72, 52, 34, 0]"""
j10,2,reactive,600,True,33,0.06009268760681152,0.0778193473815918,"[0, 0, 0, 0, 6, 6, 18, 19, 26, 18, 27, 0, 0, 0, 0, 0, 0, 0, 33]","[0, 4, 6, 12, 10, 13, 7, 4, 4, 7, 6, 49, 31, 31, 75, 72, 52, 34, 0]"
j10,2,stnu,600,True,29,0.7551784515380859,0.01065516471862793,"[0, 0, 0, 0, 6, 6, 16, 19, 23, 16, 23, 0, 0, 0, 0, 0, 0, 0, 29]","""[0, 4, 6, 12, 10, 13, 7, 4, 4, 7, 6, 49, 31, 31, 75, 72, 52, 34, 0]"""
j10,2,proactive_robust,600,True,41,0.06198620796203613,0.0007791519165039062,"[0, 0, 0, 0, 6, 6, 18, 19, 26, 18, 27, 0, 0, 0, 0, 0, 0, 0, 75]","""[0, 2, 3, 8, 2, 11, 2, 8, 14, 3, 5, 49, 31, 31, 75, 72, 52, 34, 0]"""
j10,2,reactive,600,True,40,0.06198620796203613,0.14626431465148926,"[0, 0, 0, 0, 6, 6, 18, 19, 26, 18, 27, 0, 0, 0, 0, 0, 0, 0, 40]","[0, 2, 3, 8, 2, 11, 2, 8, 14, 3, 5, 49, 31, 31, 75, 72, 52, 34, 0]"
j10,2,stnu,600,True,28,0.7642714977264404,0.010694026947021484,"[0, 0, 0, 0, 3, 3, 8, 14, 14, 8, 22, 0, 0, 0, 0, 0, 0, 0, 28]","""[0, 2, 3, 8, 2, 11, 2, 8, 14, 3, 5, 49, 31, 31, 75, 72, 52, 34, 0]"""
j10,2,proactive_robust,600,True,41,0.06114840507507324,0.0007607936859130859,"[0, 0, 0, 0, 6, 6, 18, 19, 26, 18, 27, 0, 0, 0, 0, 0, 0, 0, 75]","""[0, 5, 2, 9, 8, 2, 6, 4, 8, 3, 4, 49, 31, 31, 75, 72, 52, 34, 0]"""
j10,2,reactive,600,True,34,0.06114840507507324,0.15401220321655273,"[0, 0, 0, 0, 6, 6, 18, 19, 26, 18, 27, 0, 0, 0, 0, 0, 0, 0, 34]","[0, 5, 2, 9, 8, 2, 6, 4, 8, 3, 4, 49, 31, 31, 75, 72, 52, 34, 0]"
j10,2,stnu,600,True,27,0.7843091487884521,0.010755062103271484,"[0, 0, 0, 0, 5, 5, 13, 13, 19, 13, 17, 0, 0, 0, 0, 0, 0, 0, 27]","""[0, 5, 2, 9, 8, 2, 6, 4, 8, 3, 4, 49, 31, 31, 75, 72, 52, 34, 0]"""
j10,2,proactive_robust,600,True,37,0.07001376152038574,0.0006248950958251953,"[0, 0, 0, 6, 3, 3, 18, 6, 30, 24, 24, 0, 0, 0, 0, 0, 0, 74]","""[0, 3, 2, 1, 2, 8, 6, 8, 3, 7, 6, 22, 17, 49, 74, 73, 30, 0]"""
j10,2,reactive,600,True,33,0.07001376152038574,0.14034128189086914,"[0, 0, 0, 6, 3, 3, 18, 6, 30, 24, 24, 0, 0, 0, 0, 0, 0, 33]","[0, 3, 2, 1, 2, 8, 6, 8, 3, 7, 6, 22, 17, 49, 74, 73, 30, 0]"
j10,2,stnu,600,True,26,0.7691812515258789,0.009907007217407227,"[0, 0, 0, 5, 3, 3, 11, 5, 23, 17, 17, 0, 0, 0, 0, 0, 0, 26]","""[0, 3, 2, 1, 2, 8, 6, 8, 3, 7, 6, 22, 17, 49, 74, 73, 30, 0]"""
j10,2,proactive_robust,600,True,37,0.06778669357299805,0.0006008148193359375,"[0, 0, 0, 6, 3, 3, 18, 6, 30, 24, 24, 0, 0, 0, 0, 0, 0, 74]","""[0, 1, 2, 1, 2, 4, 5, 6, 1, 9, 4, 22, 17, 49, 74, 73, 30, 0]"""
j10,2,reactive,600,True,32,0.06778669357299805,0.217146635055542,"[0, 0, 0, 6, 3, 3, 18, 6, 23, 23, 12, 0, 0, 0, 0, 0, 0, 32]","[0, 1, 2, 1, 2, 4, 5, 6, 1, 9, 4, 22, 17, 49, 74, 73, 30, 0]"
j10,2,stnu,600,True,19,0.7764208316802979,0.009849309921264648,"[0, 0, 0, 3, 1, 1, 5, 3, 14, 10, 10, 0, 0, 0, 0, 0, 0, 19]","""[0, 1, 2, 1, 2, 4, 5, 6, 1, 9, 4, 22, 17, 49, 74, 73, 30, 0]"""
j10,2,proactive_robust,600,True,37,0.07231831550598145,0.0006456375122070312,"[0, 0, 0, 6, 3, 3, 18, 6, 30, 24, 24, 0, 0, 0, 0, 0, 0, 74]","""[0, 2, 3, 1, 3, 10, 6, 6, 4, 8, 5, 22, 17, 49, 74, 73, 30, 0]"""
j10,2,reactive,600,True,34,0.07231831550598145,0.1570754051208496,"[0, 0, 0, 6, 3, 3, 18, 6, 30, 24, 24, 0, 0, 0, 0, 0, 0, 34]","[0, 2, 3, 1, 3, 10, 6, 6, 4, 8, 5, 22, 17, 49, 74, 73, 30, 0]"
j10,2,stnu,600,True,26,0.7495465278625488,0.009751319885253906,"[0, 0, 5, 8, 2, 2, 12, 5, 18, 18, 17, 0, 0, 0, 0, 0, 0, 26]","""[0, 2, 3, 9, 3, 10, 3, 6, 4, 8, 1, 22, 17, 49, 74, 73, 30, 0]"""
j10,2,proactive_robust,600,True,37,0.06958413124084473,0.0006263256072998047,"[0, 0, 0, 6, 3, 3, 18, 6, 30, 24, 24, 0, 0, 0, 0, 0, 0, 74]","""[0, 2, 4, 2, 3, 13, 3, 16, 3, 3, 2, 22, 17, 49, 74, 73, 30, 0]"""
j10,2,reactive,600,True,27,0.06958413124084473,0.13763737678527832,"[0, 0, 0, 6, 3, 3, 18, 6, 21, 24, 24, 0, 0, 0, 0, 0, 0, 27]","[0, 2, 4, 2, 3, 13, 3, 16, 3, 3, 2, 22, 17, 49, 74, 73, 30, 0]"
j10,2,stnu,600,True,26,0.7754237651824951,0.009875774383544922,"[0, 0, 0, 5, 2, 2, 15, 5, 23, 21, 21, 0, 0, 0, 0, 0, 0, 26]","""[0, 2, 4, 2, 3, 13, 3, 16, 3, 3, 2, 22, 17, 49, 74, 73, 30, 0]"""
j10,2,proactive_robust,600,True,37,0.06762385368347168,0.000640869140625,"[0, 0, 0, 6, 3, 3, 18, 6, 30, 24, 24, 0, 0, 0, 0, 0, 0, 74]","""[0, 1, 3, 6, 1, 6, 5, 10, 6, 9, 2, 22, 17, 49, 74, 73, 30, 0]"""
j10,2,reactive,600,True,33,0.06762385368347168,0.2711620330810547,"[0, 0, 0, 6, 3, 3, 18, 6, 26, 24, 24, 0, 0, 0, 0, 0, 0, 33]","[0, 1, 3, 6, 1, 6, 5, 10, 6, 9, 2, 22, 17, 49, 74, 73, 30, 0]"
j10,2,stnu,600,True,23,0.7731630802154541,0.009703636169433594,"[0, 0, 0, 3, 1, 1, 9, 3, 16, 14, 14, 0, 0, 0, 0, 0, 0, 23]","""[0, 1, 3, 6, 1, 6, 5, 10, 6, 9, 2, 22, 17, 49, 74, 73, 30, 0]"""
j10,2,proactive_robust,600,True,37,0.06652164459228516,0.0006308555603027344,"[0, 0, 0, 6, 3, 3, 18, 6, 30, 24, 24, 0, 0, 0, 0, 0, 0, 74]","""[0, 1, 4, 3, 1, 9, 3, 11, 5, 2, 1, 22, 17, 49, 74, 73, 30, 0]"""
j10,2,reactive,600,True,30,0.06652164459228516,0.16965055465698242,"[0, 0, 0, 6, 3, 3, 18, 6, 25, 24, 24, 0, 0, 0, 0, 0, 0, 30]","[0, 1, 4, 3, 1, 9, 3, 11, 5, 2, 1, 22, 17, 49, 74, 73, 30, 0]"
j10,2,stnu,600,True,21,0.9573831558227539,0.009744405746459961,"[0, 0, 0, 4, 1, 1, 10, 4, 16, 15, 15, 0, 0, 0, 0, 0, 0, 21]","""[0, 1, 4, 3, 1, 9, 3, 11, 5, 2, 1, 22, 17, 49, 74, 73, 30, 0]"""
j10,2,proactive_robust,600,True,37,0.07339930534362793,0.0006451606750488281,"[0, 0, 0, 6, 3, 3, 18, 6, 30, 24, 24, 0, 0, 0, 0, 0, 0, 74]","""[0, 3, 2, 3, 3, 12, 4, 8, 3, 13, 4, 22, 17, 49, 74, 73, 30, 0]"""
j10,2,reactive,600,True,37,0.07339930534362793,0.11713480949401855,"[0, 0, 0, 6, 3, 3, 18, 6, 28, 24, 24, 0, 0, 0, 0, 0, 0, 37]","[0, 3, 2, 3, 3, 12, 4, 8, 3, 13, 4, 22, 17, 49, 74, 73, 30, 0]"
j10,2,stnu,600,True,32,0.7671904563903809,0.009691953659057617,"[0, 0, 0, 6, 3, 3, 15, 6, 23, 19, 19, 0, 0, 0, 0, 0, 0, 32]","""[0, 3, 2, 3, 3, 12, 4, 8, 3, 13, 4, 22, 17, 49, 74, 73, 30, 0]"""
j10,2,proactive_robust,600,True,37,0.06835651397705078,0.0006144046783447266,"[0, 0, 0, 6, 3, 3, 18, 6, 30, 24, 24, 0, 0, 0, 0, 0, 0, 74]","""[0, 1, 2, 3, 1, 15, 1, 8, 5, 4, 2, 22, 17, 49, 74, 73, 30, 0]"""
j10,2,reactive,600,True,26,0.06835651397705078,0.19510579109191895,"[0, 0, 0, 6, 3, 3, 18, 6, 19, 19, 24, 0, 0, 0, 0, 0, 0, 26]","[0, 1, 2, 3, 1, 15, 1, 8, 5, 4, 2, 22, 17, 49, 74, 73, 30, 0]"
j10,2,stnu,600,True,24,0.7539935111999512,0.009824991226196289,"[0, 0, 0, 2, 1, 1, 16, 2, 19, 17, 17, 0, 0, 0, 0, 0, 0, 24]","""[0, 1, 2, 3, 1, 15, 1, 8, 5, 4, 2, 22, 17, 49, 74, 73, 30, 0]"""
j10,2,proactive_robust,600,True,37,0.06806731224060059,0.0006122589111328125,"[0, 0, 0, 6, 3, 3, 18, 6, 30, 24, 24, 0, 0, 0, 0, 0, 0, 74]","""[0, 3, 4, 1, 2, 7, 2, 3, 5, 9, 4, 22, 17, 49, 74, 73, 30, 0]"""
j10,2,reactive,600,True,29,0.06806731224060059,0.1686720848083496,"[0, 0, 0, 6, 3, 3, 18, 6, 20, 20, 10, 0, 0, 0, 0, 0, 0, 29]","[0, 3, 4, 1, 2, 7, 2, 3, 5, 9, 4, 22, 17, 49, 74, 73, 30, 0]"
j10,2,stnu,600,True,31,0.7566671371459961,0.009741783142089844,"[0, 0, 5, 9, 3, 3, 10, 5, 22, 22, 12, 0, 0, 0, 0, 0, 0, 31]","""[0, 3, 4, 3, 2, 7, 12, 3, 5, 9, 5, 22, 17, 49, 74, 73, 30, 0]"""
j10,2,proactive_robust,600,True,37,0.06966066360473633,0.0006513595581054688,"[0, 0, 0, 6, 3, 3, 18, 6, 30, 24, 24, 0, 0, 0, 0, 0, 0, 74]","""[0, 2, 4, 4, 2, 13, 5, 11, 2, 13, 5, 22, 17, 49, 74, 73, 30, 0]"""
j10,2,reactive,600,True,37,0.06966066360473633,0.14848828315734863,"[0, 0, 0, 6, 3, 3, 18, 6, 29, 24, 24, 0, 0, 0, 0, 0, 0, 37]","[0, 2, 4, 4, 2, 13, 5, 11, 2, 13, 5, 22, 17, 49, 74, 73, 30, 0]"
j10,2,stnu,600,True,33,0.792456865310669,0.009737968444824219,"[0, 0, 0, 4, 2, 2, 15, 4, 25, 20, 20, 0, 0, 0, 0, 0, 0, 33]","""[0, 2, 4, 4, 2, 13, 5, 11, 2, 13, 5, 22, 17, 49, 74, 73, 30, 0]"""
j10,2,proactive_robust,600,True,53,0.06417346000671387,0.0012960433959960938,"[0, 0, 0, 36, 19, 10, 23, 26, 23, 45, 38, 0, 0, 0, 0, 0, 0, 0, 0, 0, 0, 89]","""[0, 4, 10, 5, 3, 7, 3, 11, 10, 7, 2, 63, 54, 45, 84, 79, 46, 83, 87, 89, 48, 0]"""
j10,2,reactive,600,True,48,0.06417346000671387,0.1449422836303711,"[0, 0, 0, 36, 19, 10, 23, 26, 23, 41, 38, 0, 0, 0, 0, 0, 0, 0, 0, 0, 0, 48]","[0, 4, 10, 5, 3, 7, 3, 11, 10, 7, 2, 63, 54, 45, 84, 79, 46, 83, 87, 89, 48, 0]"
j10,2,stnu,600,True,41,0.8073623180389404,0.01491236686706543,"[0, 0, 0, 23, 17, 10, 20, 23, 20, 34, 34, 0, 0, 0, 0, 0, 0, 0, 0, 0, 0, 41]","""[0, 4, 10, 5, 3, 7, 3, 11, 10, 7, 2, 63, 54, 45, 84, 79, 46, 83, 87, 89, 48, 0]"""
j10,2,proactive_robust,600,True,53,0.067413330078125,0.0013051033020019531,"[0, 0, 0, 36, 19, 10, 23, 26, 23, 45, 38, 0, 0, 0, 0, 0, 0, 0, 0, 0, 0, 89]","""[0, 1, 4, 4, 2, 9, 1, 9, 15, 1, 2, 63, 54, 45, 84, 79, 46, 83, 87, 89, 48, 0]"""
j10,2,reactive,600,True,41,0.067413330078125,0.16156649589538574,"[0, 0, 0, 36, 19, 10, 23, 26, 23, 40, 38, 0, 0, 0, 0, 0, 0, 0, 0, 0, 0, 41]","[0, 1, 4, 4, 2, 9, 1, 9, 15, 1, 2, 63, 54, 45, 84, 79, 46, 83, 87, 89, 48, 0]"
j10,2,stnu,600,True,32,0.7913010120391846,0.014919757843017578,"[0, 0, 0, 16, 13, 4, 15, 16, 15, 30, 30, 0, 0, 0, 0, 0, 0, 0, 0, 0, 0, 32]","""[0, 1, 4, 4, 2, 9, 1, 9, 15, 1, 2, 63, 54, 45, 84, 79, 46, 83, 87, 89, 48, 0]"""
j10,2,proactive_robust,600,True,53,0.06157064437866211,0.0013117790222167969,"[0, 0, 0, 36, 19, 10, 23, 26, 23, 45, 38, 0, 0, 0, 0, 0, 0, 0, 0, 0, 0, 89]","""[0, 2, 8, 8, 1, 6, 3, 12, 10, 3, 5, 63, 54, 45, 84, 79, 46, 83, 87, 89, 48, 0]"""
j10,2,reactive,600,True,47,0.06157064437866211,0.17209219932556152,"[0, 0, 0, 36, 19, 10, 23, 26, 23, 44, 38, 0, 0, 0, 0, 0, 0, 0, 0, 0, 0, 47]","[0, 2, 8, 8, 1, 6, 3, 12, 10, 3, 5, 63, 54, 45, 84, 79, 46, 83, 87, 89, 48, 0]"
j10,2,stnu,600,True,33,0.7935948371887207,0.01450347900390625,"[0, 0, 0, 0, 14, 7, 17, 20, 17, 8, 32, 0, 0, 0, 0, 0, 0, 0, 0, 0, 0, 33]","""[0, 1, 7, 8, 1, 10, 3, 12, 3, 6, 1, 63, 54, 45, 84, 79, 46, 83, 87, 89, 48, 0]"""
j10,2,proactive_robust,600,True,53,0.061574459075927734,0.0013194084167480469,"[0, 0, 0, 36, 19, 10, 23, 26, 23, 45, 38, 0, 0, 0, 0, 0, 0, 0, 0, 0, 0, 89]","""[0, 5, 6, 9, 2, 3, 3, 1, 6, 3, 4, 63, 54, 45, 84, 79, 46, 83, 87, 89, 48, 0]"""
j10,2,reactive,600,True,31,0.061574459075927734,0.17754435539245605,"[0, 0, 0, 0, 19, 10, 21, 24, 21, 9, 27, 0, 0, 0, 0, 0, 0, 0, 0, 0, 0, 31]","[0, 5, 6, 9, 2, 3, 3, 1, 6, 3, 4, 63, 54, 45, 84, 79, 46, 83, 87, 89, 48, 0]"
j10,2,stnu,600,True,23,0.7970521450042725,0.014572858810424805,"[0, 0, 0, 0, 15, 3, 17, 20, 17, 9, 21, 0, 0, 0, 0, 0, 0, 0, 0, 0, 0, 23]","""[0, 3, 1, 9, 2, 2, 3, 1, 1, 6, 2, 63, 54, 45, 84, 79, 46, 83, 87, 89, 48, 0]"""
j10,2,proactive_robust,600,True,53,0.06660628318786621,0.0012903213500976562,"[0, 0, 0, 36, 19, 10, 23, 26, 23, 45, 38, 0, 0, 0, 0, 0, 0, 0, 0, 0, 0, 89]","""[0, 6, 10, 5, 3, 3, 3, 8, 5, 6, 3, 63, 54, 45, 84, 79, 46, 83, 87, 89, 48, 0]"""
j10,2,reactive,600,True,47,0.06660628318786621,0.1296555995941162,"[0, 0, 0, 36, 19, 10, 23, 26, 23, 41, 34, 0, 0, 0, 0, 0, 0, 0, 0, 0, 0, 47]","[0, 6, 10, 5, 3, 3, 3, 8, 5, 6, 3, 63, 54, 45, 84, 79, 46, 83, 87, 89, 48, 0]"
j10,2,stnu,600,True,33,0.8506214618682861,0.014803886413574219,"[0, 0, 0, 19, 13, 10, 16, 19, 16, 27, 27, 0, 0, 0, 0, 0, 0, 0, 0, 0, 0, 33]","""[0, 6, 10, 5, 3, 3, 3, 8, 5, 6, 3, 63, 54, 45, 84, 79, 46, 83, 87, 89, 48, 0]"""
j10,2,proactive_robust,600,True,53,0.061695098876953125,0.0012700557708740234,"[0, 0, 0, 36, 19, 10, 23, 26, 23, 45, 38, 0, 0, 0, 0, 0, 0, 0, 0, 0, 0, 89]","""[0, 1, 5, 1, 1, 3, 3, 6, 5, 8, 9, 63, 54, 45, 84, 79, 46, 83, 87, 89, 48, 0]"""
j10,2,reactive,600,True,45,0.061695098876953125,0.17751789093017578,"[0, 0, 0, 36, 19, 10, 23, 26, 23, 37, 32, 0, 0, 0, 0, 0, 0, 0, 0, 0, 0, 45]","[0, 1, 5, 1, 1, 3, 3, 6, 5, 8, 9, 63, 54, 45, 84, 79, 46, 83, 87, 89, 48, 0]"
j10,2,stnu,600,True,27,0.7820582389831543,0.014768123626708984,"[0, 0, 0, 12, 8, 5, 9, 12, 9, 18, 18, 0, 0, 0, 0, 0, 0, 0, 0, 0, 0, 27]","""[0, 1, 5, 1, 1, 3, 3, 6, 5, 8, 9, 63, 54, 45, 84, 79, 46, 83, 87, 89, 48, 0]"""
j10,2,proactive_robust,600,True,53,0.06045079231262207,0.0013091564178466797,"[0, 0, 0, 36, 19, 10, 23, 26, 23, 45, 38, 0, 0, 0, 0, 0, 0, 0, 0, 0, 0, 89]","""[0, 6, 5, 4, 3, 6, 1, 4, 9, 3, 9, 63, 54, 45, 84, 79, 46, 83, 87, 89, 48, 0]"""
j10,2,reactive,600,True,47,0.06045079231262207,0.17956924438476562,"[0, 0, 0, 36, 19, 10, 23, 26, 23, 40, 38, 0, 0, 0, 0, 0, 0, 0, 0, 0, 0, 47]","[0, 6, 5, 4, 3, 6, 1, 4, 9, 3, 9, 63, 54, 45, 84, 79, 46, 83, 87, 89, 48, 0]"
j10,2,stnu,600,True,33,0.8994581699371338,0.014807701110839844,"[0, 0, 0, 16, 12, 6, 15, 16, 15, 24, 24, 0, 0, 0, 0, 0, 0, 0, 0, 0, 0, 33]","""[0, 6, 5, 4, 3, 6, 1, 4, 9, 3, 9, 63, 54, 45, 84, 79, 46, 83, 87, 89, 48, 0]"""
j10,2,proactive_robust,600,True,53,0.06465816497802734,0.0013165473937988281,"[0, 0, 0, 36, 19, 10, 23, 26, 23, 45, 38, 0, 0, 0, 0, 0, 0, 0, 0, 0, 0, 89]","""[0, 5, 4, 3, 2, 2, 3, 6, 13, 5, 2, 63, 54, 45, 84, 79, 46, 83, 87, 89, 48, 0]"""
j10,2,reactive,600,True,44,0.06465816497802734,0.1807875633239746,"[0, 0, 0, 36, 19, 10, 23, 26, 23, 39, 36, 0, 0, 0, 0, 0, 0, 0, 0, 0, 0, 44]","[0, 5, 4, 3, 2, 2, 3, 6, 13, 5, 2, 63, 54, 45, 84, 79, 46, 83, 87, 89, 48, 0]"
j10,2,stnu,600,True,27,0.8035533428192139,0.014890193939208984,"[0, 0, 0, 12, 7, 5, 9, 12, 9, 22, 22, 0, 0, 0, 0, 0, 0, 0, 0, 0, 0, 27]","""[0, 5, 4, 3, 2, 2, 3, 6, 13, 5, 2, 63, 54, 45, 84, 79, 46, 83, 87, 89, 48, 0]"""
j10,2,proactive_robust,600,True,53,0.06411504745483398,0.0012857913970947266,"[0, 0, 0, 36, 19, 10, 23, 26, 23, 45, 38, 0, 0, 0, 0, 0, 0, 0, 0, 0, 0, 89]","""[0, 2, 7, 1, 3, 5, 3, 11, 13, 1, 7, 63, 54, 45, 84, 79, 46, 83, 87, 89, 48, 0]"""
j10,2,reactive,600,True,45,0.06411504745483398,0.18102693557739258,"[0, 0, 0, 36, 19, 10, 23, 26, 23, 37, 38, 0, 0, 0, 0, 0, 0, 0, 0, 0, 0, 45]","[0, 2, 7, 1, 3, 5, 3, 11, 13, 1, 7, 63, 54, 45, 84, 79, 46, 83, 87, 89, 48, 0]"
j10,2,stnu,600,True,36,0.7898471355438232,0.014815092086791992,"[0, 0, 0, 18, 12, 7, 15, 18, 15, 29, 29, 0, 0, 0, 0, 0, 0, 0, 0, 0, 0, 36]","""[0, 2, 7, 1, 3, 5, 3, 11, 13, 1, 7, 63, 54, 45, 84, 79, 46, 83, 87, 89, 48, 0]"""
j10,2,proactive_robust,600,True,53,0.06115603446960449,0.001285552978515625,"[0, 0, 0, 36, 19, 10, 23, 26, 23, 45, 38, 0, 0, 0, 0, 0, 0, 0, 0, 0, 0, 89]","""[0, 4, 7, 1, 4, 7, 3, 10, 3, 1, 1, 63, 54, 45, 84, 79, 46, 83, 87, 89, 48, 0]"""
j10,2,reactive,600,True,38,0.06115603446960449,0.16315054893493652,"[0, 0, 0, 36, 19, 10, 23, 26, 23, 37, 36, 0, 0, 0, 0, 0, 0, 0, 0, 0, 0, 38]","[0, 4, 7, 1, 4, 7, 3, 10, 3, 1, 1, 63, 54, 45, 84, 79, 46, 83, 87, 89, 48, 0]"
j10,2,stnu,600,True,32,0.778972864151001,0.014671564102172852,"[0, 0, 0, 21, 14, 7, 18, 21, 18, 31, 31, 0, 0, 0, 0, 0, 0, 0, 0, 0, 0, 32]","""[0, 4, 7, 1, 4, 7, 3, 10, 3, 1, 1, 63, 54, 45, 84, 79, 46, 83, 87, 89, 48, 0]"""
j10,2,proactive_robust,600,True,41,0.061083078384399414,0.0008602142333984375,"[0, 0, 0, 0, 8, 9, 9, 22, 22, 8, 32, 0, 0, 0, 0, 0, 0, 0, 0, 66]","""[0, 4, 4, 1, 10, 6, 8, 9, 4, 1, 1, 54, 36, 66, 65, 55, 56, 20, 43, 0]"""
j10,2,reactive,600,True,32,0.061083078384399414,0.12282800674438477,"[0, 0, 0, 0, 8, 9, 9, 22, 22, 8, 31, 0, 0, 0, 0, 0, 0, 0, 0, 32]","[0, 4, 4, 1, 10, 6, 8, 9, 4, 1, 1, 54, 36, 66, 65, 55, 56, 20, 43, 0]"
j10,2,stnu,600,True,24,0.8033220767974854,0.011768817901611328,"[0, 0, 0, 0, 4, 4, 4, 14, 12, 4, 23, 0, 0, 0, 0, 0, 0, 0, 0, 24]","""[0, 4, 4, 1, 10, 6, 8, 9, 4, 1, 1, 54, 36, 66, 65, 55, 56, 20, 43, 0]"""
j10,2,proactive_robust,600,True,41,0.060751914978027344,0.0008697509765625,"[0, 0, 0, 0, 8, 9, 9, 22, 22, 8, 32, 0, 0, 0, 0, 0, 0, 0, 0, 66]","""[0, 7, 5, 2, 2, 8, 6, 7, 3, 5, 5, 54, 36, 66, 65, 55, 56, 20, 43, 0]"""
j10,2,reactive,600,True,34,0.060751914978027344,0.12190437316894531,"[0, 0, 0, 0, 8, 9, 9, 22, 22, 8, 29, 0, 0, 0, 0, 0, 0, 0, 0, 34]","[0, 7, 5, 2, 2, 8, 6, 7, 3, 5, 5, 54, 36, 66, 65, 55, 56, 20, 43, 0]"
j10,2,stnu,600,True,25,0.758324146270752,0.011741399765014648,"[0, 0, 0, 0, 7, 5, 5, 13, 13, 7, 20, 0, 0, 0, 0, 0, 0, 0, 0, 25]","""[0, 7, 5, 2, 2, 8, 6, 7, 3, 5, 5, 54, 36, 66, 65, 55, 56, 20, 43, 0]"""
j10,2,proactive_robust,600,True,41,0.05808067321777344,0.0008661746978759766,"[0, 0, 0, 0, 8, 9, 9, 22, 22, 8, 32, 0, 0, 0, 0, 0, 0, 0, 0, 66]","""[0, 4, 7, 9, 8, 8, 6, 3, 5, 2, 9, 54, 36, 66, 65, 55, 56, 20, 43, 0]"""
j10,2,reactive,600,True,28,0.05808067321777344,0.09045290946960449,"[0, 0, 0, 0, 8, 9, 9, 16, 17, 8, 19, 0, 0, 0, 0, 0, 0, 0, 0, 28]","[0, 4, 7, 9, 8, 8, 6, 3, 5, 2, 9, 54, 36, 66, 65, 55, 56, 20, 43, 0]"
j10,2,stnu,600,True,31,0.7549257278442383,0.011698484420776367,"[0, 0, 0, 0, 4, 9, 9, 17, 17, 4, 22, 0, 0, 0, 0, 0, 0, 0, 0, 31]","""[0, 4, 7, 9, 8, 8, 6, 3, 5, 2, 9, 54, 36, 66, 65, 55, 56, 20, 43, 0]"""
j10,2,proactive_robust,600,True,41,0.05446004867553711,0.0008509159088134766,"[0, 0, 0, 0, 8, 9, 9, 22, 22, 8, 32, 0, 0, 0, 0, 0, 0, 0, 0, 66]","""[0, 5, 2, 2, 9, 3, 8, 8, 6, 5, 5, 54, 36, 66, 65, 55, 56, 20, 43, 0]"""
j10,2,reactive,600,True,37,0.05446004867553711,0.11455249786376953,"[0, 0, 0, 0, 8, 9, 9, 22, 22, 8, 32, 0, 0, 0, 0, 0, 0, 0, 0, 37]","[0, 5, 2, 2, 9, 3, 8, 8, 6, 5, 5, 54, 36, 66, 65, 55, 56, 20, 43, 0]"
j10,2,stnu,600,True,27,0.863771915435791,0.011545658111572266,"[0, 0, 0, 0, 5, 2, 2, 14, 10, 5, 22, 0, 0, 0, 0, 0, 0, 0, 0, 27]","""[0, 5, 2, 2, 9, 3, 8, 8, 6, 5, 5, 54, 36, 66, 65, 55, 56, 20, 43, 0]"""
j10,2,proactive_robust,600,True,41,0.06010627746582031,0.0008330345153808594,"[0, 0, 0, 0, 8, 9, 9, 22, 22, 8, 32, 0, 0, 0, 0, 0, 0, 0, 0, 66]","""[0, 1, 5, 4, 5, 6, 4, 3, 6, 1, 5, 54, 36, 66, 65, 55, 56, 20, 43, 0]"""
j10,2,reactive,600,True,21,0.06010627746582031,0.13328909873962402,"[0, 0, 0, 0, 8, 9, 9, 13, 15, 8, 16, 0, 0, 0, 0, 0, 0, 0, 0, 21]","[0, 1, 5, 4, 5, 6, 4, 3, 6, 1, 5, 54, 36, 66, 65, 55, 56, 20, 43, 0]"
j10,2,stnu,600,True,22,0.7515237331390381,0.011932611465454102,"[0, 0, 0, 0, 1, 5, 5, 11, 11, 1, 17, 0, 0, 0, 0, 0, 0, 0, 0, 22]","""[0, 1, 5, 4, 5, 6, 4, 3, 6, 1, 5, 54, 36, 66, 65, 55, 56, 20, 43, 0]"""
j10,2,proactive_robust,600,True,41,0.058199405670166016,0.0008757114410400391,"[0, 0, 0, 0, 8, 9, 9, 22, 22, 8, 32, 0, 0, 0, 0, 0, 0, 0, 0, 66]","""[0, 8, 2, 7, 3, 5, 13, 10, 6, 6, 1, 54, 36, 66, 65, 55, 56, 20, 43, 0]"""
j10,2,reactive,600,True,33,0.058199405670166016,0.0647735595703125,"[0, 0, 0, 0, 8, 9, 9, 22, 22, 8, 32, 0, 0, 0, 0, 0, 0, 0, 0, 33]","[0, 8, 2, 7, 3, 5, 13, 10, 6, 6, 1, 54, 36, 66, 65, 55, 56, 20, 43, 0]"
j10,2,stnu,600,True,31,0.8066413402557373,0.011759757995605469,"[0, 0, 0, 0, 8, 7, 7, 20, 20, 8, 30, 0, 0, 0, 0, 0, 0, 0, 0, 31]","""[0, 8, 2, 7, 3, 5, 13, 10, 6, 6, 1, 54, 36, 66, 65, 55, 56, 20, 43, 0]"""
j10,2,proactive_robust,600,True,41,0.05727744102478027,0.0008902549743652344,"[0, 0, 0, 0, 8, 9, 9, 22, 22, 8, 32, 0, 0, 0, 0, 0, 0, 0, 0, 66]","""[0, 2, 6, 6, 10, 8, 12, 3, 1, 6, 8, 54, 36, 66, 65, 55, 56, 20, 43, 0]"""
j10,2,reactive,600,True,40,0.05727744102478027,0.09055113792419434,"[0, 0, 0, 0, 8, 9, 9, 22, 22, 8, 32, 0, 0, 0, 0, 0, 0, 0, 0, 40]","[0, 2, 6, 6, 10, 8, 12, 3, 1, 6, 8, 54, 36, 66, 65, 55, 56, 20, 43, 0]"
j10,2,stnu,600,True,29,0.763322114944458,0.01181483268737793,"[0, 0, 0, 0, 2, 6, 6, 18, 18, 2, 21, 0, 0, 0, 0, 0, 0, 0, 0, 29]","""[0, 2, 6, 6, 10, 8, 12, 3, 1, 6, 8, 54, 36, 66, 65, 55, 56, 20, 43, 0]"""
j10,2,proactive_robust,600,True,41,0.05808234214782715,0.0008492469787597656,"[0, 0, 0, 0, 8, 9, 9, 22, 22, 8, 32, 0, 0, 0, 0, 0, 0, 0, 0, 66]","""[0, 3, 7, 4, 10, 5, 3, 3, 1, 2, 6, 54, 36, 66, 65, 55, 56, 20, 43, 0]"""
j10,2,reactive,600,True,31,0.05808234214782715,0.12315893173217773,"[0, 0, 0, 0, 8, 9, 9, 22, 22, 8, 25, 0, 0, 0, 0, 0, 0, 0, 0, 31]","[0, 3, 7, 4, 10, 5, 3, 3, 1, 2, 6, 54, 36, 66, 65, 55, 56, 20, 43, 0]"
j10,2,stnu,600,True,22,0.7558028697967529,0.011727094650268555,"[0, 0, 0, 0, 3, 7, 7, 13, 12, 3, 16, 0, 0, 0, 0, 0, 0, 0, 0, 22]","""[0, 3, 7, 4, 10, 5, 3, 3, 1, 2, 6, 54, 36, 66, 65, 55, 56, 20, 43, 0]"""
j10,2,proactive_robust,600,True,41,0.061058998107910156,0.0008361339569091797,"[0, 0, 0, 0, 8, 9, 9, 22, 22, 8, 32, 0, 0, 0, 0, 0, 0, 0, 0, 66]","""[0, 1, 4, 2, 4, 4, 9, 1, 4, 1, 4, 54, 36, 66, 65, 55, 56, 20, 43, 0]"""
j10,2,reactive,600,True,27,0.061058998107910156,0.1375885009765625,"[0, 0, 0, 0, 8, 9, 9, 22, 22, 8, 23, 0, 0, 0, 0, 0, 0, 0, 0, 27]","[0, 1, 4, 2, 4, 4, 9, 1, 4, 1, 4, 54, 36, 66, 65, 55, 56, 20, 43, 0]"
j10,2,stnu,600,True,21,0.8988592624664307,0.011683940887451172,"[0, 0, 0, 0, 1, 4, 4, 13, 13, 1, 17, 0, 0, 0, 0, 0, 0, 0, 0, 21]","""[0, 1, 4, 2, 4, 4, 9, 1, 4, 1, 4, 54, 36, 66, 65, 55, 56, 20, 43, 0]"""
j10,2,proactive_robust,600,True,41,0.05639982223510742,0.0008933544158935547,"[0, 0, 0, 0, 8, 9, 9, 22, 22, 8, 32, 0, 0, 0, 0, 0, 0, 0, 0, 66]","""[0, 7, 6, 5, 8, 8, 11, 10, 1, 1, 5, 54, 36, 66, 65, 55, 56, 20, 43, 0]"""
j10,2,reactive,600,True,37,0.05639982223510742,0.11085963249206543,"[0, 0, 0, 0, 8, 9, 9, 22, 22, 8, 32, 0, 0, 0, 0, 0, 0, 0, 0, 37]","[0, 7, 6, 5, 8, 8, 11, 10, 1, 1, 5, 54, 36, 66, 65, 55, 56, 20, 43, 0]"
j10,2,stnu,600,True,32,0.7498102188110352,0.011837482452392578,"[0, 0, 0, 0, 7, 6, 6, 17, 17, 7, 27, 0, 0, 0, 0, 0, 0, 0, 0, 32]","""[0, 7, 6, 5, 8, 8, 11, 10, 1, 1, 5, 54, 36, 66, 65, 55, 56, 20, 43, 0]"""
j10,2,proactive_robust,600,True,60,0.06322383880615234,0.0008611679077148438,"[0, 0, 8, 0, 8, 9, 22, 32, 12, 20, 48, 0, 0, 0, 0, 0, 0, 0, 0, 0, 66]","""[0, 7, 4, 8, 2, 2, 1, 4, 4, 10, 4, 17, 32, 17, 59, 41, 56, 54, 66, 60, 0]"""
j10,2,reactive,600,True,30,0.06322383880615234,0.1768636703491211,"[0, 0, 8, 0, 8, 9, 22, 16, 12, 20, 26, 0, 0, 0, 0, 0, 0, 0, 0, 0, 30]","[0, 7, 4, 8, 2, 2, 1, 4, 4, 10, 4, 17, 32, 17, 59, 41, 56, 54, 66, 60, 0]"
j10,2,stnu,600,True,31,0.818652868270874,0.013354301452636719,"[0, 0, 7, 0, 7, 8, 13, 23, 9, 13, 27, 0, 0, 0, 0, 0, 0, 0, 0, 0, 31]","""[0, 7, 4, 8, 2, 2, 1, 4, 4, 10, 4, 17, 32, 17, 59, 41, 56, 54, 66, 60, 0]"""
j10,2,proactive_robust,600,True,60,0.06671690940856934,0.0008845329284667969,"[0, 0, 8, 0, 8, 9, 22, 32, 12, 20, 48, 0, 0, 0, 0, 0, 0, 0, 0, 0, 66]","""[0, 3, 7, 5, 4, 8, 1, 7, 7, 6, 5, 17, 32, 17, 59, 41, 56, 54, 66, 60, 0]"""
j10,2,reactive,600,True,44,0.06671690940856934,0.13997650146484375,"[0, 0, 8, 0, 8, 9, 22, 32, 12, 20, 39, 0, 0, 0, 0, 0, 0, 0, 0, 0, 44]","[0, 3, 7, 5, 4, 8, 1, 7, 7, 6, 5, 17, 32, 17, 59, 41, 56, 54, 66, 60, 0]"
j10,2,stnu,600,True,32,0.7825539112091064,0.013368844985961914,"[0, 0, 3, 0, 3, 5, 14, 20, 7, 14, 27, 0, 0, 0, 0, 0, 0, 0, 0, 0, 32]","""[0, 3, 7, 5, 4, 8, 1, 7, 7, 6, 5, 17, 32, 17, 59, 41, 56, 54, 66, 60, 0]"""
j10,2,proactive_robust,600,True,60,0.06454730033874512,0.0008900165557861328,"[0, 0, 8, 0, 8, 9, 22, 32, 12, 20, 48, 0, 0, 0, 0, 0, 0, 0, 0, 0, 66]","""[0, 8, 1, 1, 2, 10, 2, 15, 3, 1, 8, 17, 32, 17, 59, 41, 56, 54, 66, 60, 0]"""
j10,2,reactive,600,True,56,0.06454730033874512,0.1241307258605957,"[0, 0, 8, 0, 8, 9, 22, 32, 12, 20, 48, 0, 0, 0, 0, 0, 0, 0, 0, 0, 56]","[0, 8, 1, 1, 2, 10, 2, 15, 3, 1, 8, 17, 32, 17, 59, 41, 56, 54, 66, 60, 0]"
j10,2,stnu,600,True,38,0.885380744934082,0.013307571411132812,"[0, 0, 8, 0, 8, 1, 13, 15, 10, 13, 30, 0, 0, 0, 0, 0, 0, 0, 0, 0, 38]","""[0, 8, 1, 1, 2, 10, 2, 15, 3, 1, 8, 17, 32, 17, 59, 41, 56, 54, 66, 60, 0]"""
j10,2,proactive_robust,600,True,60,0.06100320816040039,0.0008831024169921875,"[0, 0, 8, 0, 8, 9, 22, 32, 12, 20, 48, 0, 0, 0, 0, 0, 0, 0, 0, 0, 66]","""[0, 5, 3, 5, 3, 10, 1, 8, 2, 2, 8, 17, 32, 17, 59, 41, 56, 54, 66, 60, 0]"""
j10,2,reactive,600,True,48,0.06100320816040039,0.17385244369506836,"[0, 0, 8, 0, 8, 9, 22, 32, 12, 20, 40, 0, 0, 0, 0, 0, 0, 0, 0, 0, 48]","[0, 5, 3, 5, 3, 10, 1, 8, 2, 2, 8, 17, 32, 17, 59, 41, 56, 54, 66, 60, 0]"
j10,2,stnu,600,True,32,0.7717177867889404,0.01325225830078125,"[0, 0, 5, 0, 5, 5, 15, 16, 8, 10, 24, 0, 0, 0, 0, 0, 0, 0, 0, 0, 32]","""[0, 5, 3, 5, 3, 10, 1, 8, 2, 2, 8, 17, 32, 17, 59, 41, 56, 54, 66, 60, 0]"""
j10,2,proactive_robust,600,True,60,0.06075644493103027,0.0008702278137207031,"[0, 0, 8, 0, 8, 9, 22, 32, 12, 20, 48, 0, 0, 0, 0, 0, 0, 0, 0, 0, 66]","""[0, 4, 3, 6, 4, 12, 2, 5, 3, 9, 4, 17, 32, 17, 59, 41, 56, 54, 66, 60, 0]"""
j10,2,reactive,600,True,41,0.06075644493103027,0.14215588569641113,"[0, 0, 8, 0, 8, 9, 22, 32, 12, 20, 37, 0, 0, 0, 0, 0, 0, 0, 0, 0, 41]","[0, 4, 3, 6, 4, 12, 2, 5, 3, 9, 4, 17, 32, 17, 59, 41, 56, 54, 66, 60, 0]"
j10,2,stnu,600,True,29,0.7858195304870605,0.013383150100708008,"[0, 0, 4, 0, 4, 6, 18, 20, 8, 11, 25, 0, 0, 0, 0, 0, 0, 0, 0, 0, 29]","""[0, 4, 3, 6, 4, 12, 2, 5, 3, 9, 4, 17, 32, 17, 59, 41, 56, 54, 66, 60, 0]"""
j10,2,proactive_robust,600,True,60,0.06588959693908691,0.0009131431579589844,"[0, 0, 8, 0, 8, 9, 22, 32, 12, 20, 48, 0, 0, 0, 0, 0, 0, 0, 0, 0, 66]","""[0, 1, 3, 9, 3, 10, 2, 9, 5, 11, 6, 17, 32, 17, 59, 41, 56, 54, 66, 60, 0]"""
j10,2,reactive,600,True,47,0.06588959693908691,0.14244890213012695,"[0, 0, 8, 0, 8, 9, 22, 32, 12, 20, 41, 0, 0, 0, 0, 0, 0, 0, 0, 0, 47]","[0, 1, 3, 9, 3, 10, 2, 9, 5, 11, 6, 17, 32, 17, 59, 41, 56, 54, 66, 60, 0]"
j10,2,stnu,600,True,40,0.7888247966766357,0.013397455215454102,"[0, 0, 1, 0, 1, 9, 19, 25, 9, 14, 34, 0, 0, 0, 0, 0, 0, 0, 0, 0, 40]","""[0, 1, 3, 9, 3, 10, 2, 9, 5, 11, 6, 17, 32, 17, 59, 41, 56, 54, 66, 60, 0]"""
j10,2,proactive_robust,600,True,60,0.059989213943481445,0.0008790493011474609,"[0, 0, 8, 0, 8, 9, 22, 32, 12, 20, 48, 0, 0, 0, 0, 0, 0, 0, 0, 0, 66]","""[0, 4, 1, 3, 4, 5, 2, 9, 7, 11, 8, 17, 32, 17, 59, 41, 56, 54, 66, 60, 0]"""
j10,2,reactive,600,True,49,0.059989213943481445,0.16060590744018555,"[0, 0, 8, 0, 8, 9, 22, 32, 12, 20, 41, 0, 0, 0, 0, 0, 0, 0, 0, 0, 49]","[0, 4, 1, 3, 4, 5, 2, 9, 7, 11, 8, 17, 32, 17, 59, 41, 56, 54, 66, 60, 0]"
j10,2,stnu,600,True,43,0.7730793952941895,0.013292312622070312,"[0, 0, 4, 0, 4, 3, 15, 26, 8, 15, 35, 0, 0, 0, 0, 0, 0, 0, 0, 0, 43]","""[0, 4, 1, 3, 4, 5, 2, 9, 7, 11, 8, 17, 32, 17, 59, 41, 56, 54, 66, 60, 0]"""
j10,2,proactive_robust,600,True,60,0.05964922904968262,0.0008881092071533203,"[0, 0, 8, 0, 8, 9, 22, 32, 12, 20, 48, 0, 0, 0, 0, 0, 0, 0, 0, 0, 66]","""[0, 7, 1, 2, 3, 11, 1, 13, 3, 5, 6, 17, 32, 17, 59, 41, 56, 54, 66, 60, 0]"""
j10,2,reactive,600,True,54,0.05964922904968262,0.16002917289733887,"[0, 0, 8, 0, 8, 9, 22, 32, 12, 20, 48, 0, 0, 0, 0, 0, 0, 0, 0, 0, 54]","[0, 7, 1, 2, 3, 11, 1, 13, 3, 5, 6, 17, 32, 17, 59, 41, 56, 54, 66, 60, 0]"
j10,2,stnu,600,True,37,0.8750996589660645,0.013382434844970703,"[0, 0, 7, 0, 7, 2, 13, 18, 10, 13, 31, 0, 0, 0, 0, 0, 0, 0, 0, 0, 37]","""[0, 7, 1, 2, 3, 11, 1, 13, 3, 5, 6, 17, 32, 17, 59, 41, 56, 54, 66, 60, 0]"""
j10,2,proactive_robust,600,True,60,0.06596255302429199,0.0008711814880371094,"[0, 0, 8, 0, 8, 9, 22, 32, 12, 20, 48, 0, 0, 0, 0, 0, 0, 0, 0, 0, 66]","""[0, 3, 3, 4, 3, 9, 2, 5, 1, 7, 5, 17, 32, 17, 59, 41, 56, 54, 66, 60, 0]"""
j10,2,reactive,600,True,42,0.06596255302429199,0.18851256370544434,"[0, 0, 8, 0, 8, 9, 22, 32, 12, 20, 37, 0, 0, 0, 0, 0, 0, 0, 0, 0, 42]","[0, 3, 3, 4, 3, 9, 2, 5, 1, 7, 5, 17, 32, 17, 59, 41, 56, 54, 66, 60, 0]"
j10,2,stnu,600,True,25,0.7745440006256104,0.013311624526977539,"[0, 0, 3, 0, 3, 4, 13, 15, 6, 7, 20, 0, 0, 0, 0, 0, 0, 0, 0, 0, 25]","""[0, 3, 3, 4, 3, 9, 2, 5, 1, 7, 5, 17, 32, 17, 59, 41, 56, 54, 66, 60, 0]"""
j10,2,proactive_robust,600,True,60,0.06126976013183594,0.0008809566497802734,"[0, 0, 8, 0, 8, 9, 22, 32, 12, 20, 48, 0, 0, 0, 0, 0, 0, 0, 0, 0, 66]","""[0, 4, 3, 1, 1, 11, 1, 11, 7, 10, 7, 17, 32, 17, 59, 41, 56, 54, 66, 60, 0]"""
j10,2,reactive,600,True,55,0.06126976013183594,0.1727313995361328,"[0, 0, 8, 0, 8, 9, 22, 32, 12, 20, 48, 0, 0, 0, 0, 0, 0, 0, 0, 0, 55]","[0, 4, 3, 1, 1, 11, 1, 11, 7, 10, 7, 17, 32, 17, 59, 41, 56, 54, 66, 60, 0]"
j10,2,stnu,600,True,40,0.7817955017089844,0.013314485549926758,"[0, 0, 4, 0, 4, 1, 12, 22, 5, 12, 33, 0, 0, 0, 0, 0, 0, 0, 0, 0, 40]","""[0, 4, 3, 1, 1, 11, 1, 11, 7, 10, 7, 17, 32, 17, 59, 41, 56, 54, 66, 60, 0]"""
j10,2,proactive_robust,600,True,57,0.05974936485290527,0.00040793418884277344,"[0, 0, 8, 0, 10, 32, 10, 41, 22, 19, 51, 0, 0, 71]","""[0, 5, 7, 2, 9, 8, 11, 7, 4, 4, 5, 48, 71, 0]"""
j10,2,reactive,600,True,56,0.05974936485290527,0.15891170501708984,"[0, 0, 8, 0, 10, 32, 10, 41, 22, 19, 51, 0, 0, 56]","[0, 5, 7, 2, 9, 8, 11, 7, 4, 4, 5, 48, 71, 0]"
j10,2,stnu,600,True,40,0.782860517501831,0.006127357482910156,"[0, 0, 2, 0, 5, 20, 5, 28, 16, 14, 35, 0, 0, 40]","""[0, 5, 7, 2, 9, 8, 11, 7, 4, 4, 5, 48, 71, 0]"""
j10,2,proactive_robust,600,True,57,0.05866694450378418,0.00039887428283691406,"[0, 0, 8, 0, 10, 32, 10, 41, 22, 19, 51, 0, 0, 71]","""[0, 9, 7, 6, 7, 4, 4, 5, 5, 5, 3, 48, 71, 0]"""
j10,2,reactive,600,True,29,0.05866694450378418,0.19364094734191895,"[0, 0, 8, 0, 10, 17, 10, 21, 22, 19, 26, 0, 0, 29]","[0, 9, 7, 6, 7, 4, 4, 5, 5, 5, 3, 48, 71, 0]"
j10,2,stnu,600,True,33,0.8212988376617432,0.006043910980224609,"[0, 0, 6, 0, 9, 21, 9, 25, 16, 16, 30, 0, 0, 33]","""[0, 9, 7, 6, 7, 4, 4, 5, 5, 5, 3, 48, 71, 0]"""
j10,2,proactive_robust,600,True,57,0.05436968803405762,0.00040912628173828125,"[0, 0, 8, 0, 10, 32, 10, 41, 22, 19, 51, 0, 0, 71]","""[0, 1, 15, 7, 3, 9, 6, 6, 4, 3, 5, 48, 71, 0]"""
j10,2,reactive,600,True,56,0.05436968803405762,0.16220402717590332,"[0, 0, 8, 0, 10, 32, 10, 41, 22, 19, 51, 0, 0, 56]","[0, 1, 15, 7, 3, 9, 6, 6, 4, 3, 5, 48, 71, 0]"
j10,2,stnu,600,True,42,0.7295255661010742,0.006095170974731445,"[0, 0, 7, 0, 1, 22, 7, 31, 13, 7, 37, 0, 0, 42]","""[0, 1, 15, 7, 3, 9, 6, 6, 4, 3, 5, 48, 71, 0]"""
j10,2,proactive_robust,600,True,57,0.06502079963684082,0.0003714561462402344,"[0, 0, 8, 0, 10, 32, 10, 41, 22, 19, 51, 0, 0, 71]","""[0, 4, 6, 1, 6, 2, 6, 2, 7, 4, 1, 48, 71, 0]"""
j10,2,reactive,600,True,29,0.06502079963684082,0.20328879356384277,"[0, 0, 8, 0, 10, 16, 10, 18, 22, 19, 20, 0, 0, 29]","[0, 4, 6, 1, 6, 2, 6, 2, 7, 4, 1, 48, 71, 0]"
j10,2,stnu,600,True,22,0.7441320419311523,0.0060634613037109375,"[0, 0, 1, 0, 4, 17, 4, 19, 10, 10, 21, 0, 0, 22]","""[0, 4, 6, 1, 6, 2, 6, 2, 7, 4, 1, 48, 71, 0]"""
j10,2,proactive_robust,600,True,57,0.05847334861755371,0.00039386749267578125,"[0, 0, 8, 0, 10, 32, 10, 41, 22, 19, 51, 0, 0, 71]","""[0, 6, 3, 1, 7, 3, 2, 8, 5, 13, 6, 48, 71, 0]"""
j10,2,reactive,600,True,34,0.05847334861755371,0.17112016677856445,"[0, 0, 8, 0, 10, 17, 10, 20, 22, 19, 28, 0, 0, 34]","[0, 6, 3, 1, 7, 3, 2, 8, 5, 13, 6, 48, 71, 0]"
j10,2,stnu,600,True,43,0.7229692935943604,0.006056547164916992,"[0, 0, 1, 0, 6, 26, 6, 29, 13, 13, 37, 0, 0, 43]","""[0, 6, 3, 1, 7, 3, 2, 8, 5, 13, 6, 48, 71, 0]"""
j10,2,proactive_robust,600,True,57,0.05817365646362305,0.0003769397735595703,"[0, 0, 8, 0, 10, 32, 10, 41, 22, 19, 51, 0, 0, 71]","""[0, 5, 15, 2, 2, 2, 3, 1, 3, 11, 1, 48, 71, 0]"""
j10,2,reactive,600,True,30,0.05817365646362305,0.21870708465576172,"[0, 0, 8, 0, 10, 13, 10, 15, 22, 19, 23, 0, 0, 30]","[0, 5, 15, 2, 2, 2, 3, 1, 3, 11, 1, 48, 71, 0]"
j10,2,stnu,600,True,22,0.7263975143432617,0.006076812744140625,"[0, 0, 2, 0, 5, 18, 5, 20, 8, 7, 21, 0, 0, 22]","""[0, 5, 15, 2, 2, 2, 3, 1, 3, 11, 1, 48, 71, 0]"""
j10,2,proactive_robust,600,True,57,0.05796456336975098,0.00041747093200683594,"[0, 0, 8, 0, 10, 32, 10, 41, 22, 19, 51, 0, 0, 71]","""[0, 10, 10, 3, 7, 1, 12, 3, 9, 11, 3, 48, 71, 0]"""
j10,2,reactive,600,True,31,0.05796456336975098,0.16022086143493652,"[0, 0, 8, 0, 10, 18, 10, 22, 22, 19, 25, 0, 0, 31]","[0, 10, 10, 3, 7, 1, 12, 3, 9, 11, 3, 48, 71, 0]"
j10,2,stnu,600,True,38,0.7238502502441406,0.006125688552856445,"[0, 0, 3, 0, 10, 31, 10, 32, 22, 17, 35, 0, 0, 38]","""[0, 10, 10, 3, 7, 1, 12, 3, 9, 11, 3, 48, 71, 0]"""
j10,2,proactive_robust,600,True,57,0.06344985961914062,0.00038313865661621094,"[0, 0, 8, 0, 10, 32, 10, 41, 22, 19, 51, 0, 0, 71]","""[0, 3, 11, 4, 1, 5, 6, 8, 4, 2, 1, 48, 71, 0]"""
j10,2,reactive,600,True,30,0.06344985961914062,0.2009735107421875,"[0, 0, 8, 0, 10, 16, 10, 21, 22, 19, 29, 0, 0, 30]","[0, 3, 11, 4, 1, 5, 6, 8, 4, 2, 1, 48, 71, 0]"
j10,2,stnu,600,True,29,0.726858377456665,0.006072282791137695,"[0, 0, 4, 0, 3, 15, 4, 20, 10, 4, 28, 0, 0, 29]","""[0, 3, 11, 4, 1, 5, 6, 8, 4, 2, 1, 48, 71, 0]"""
j10,2,proactive_robust,600,True,57,0.056415557861328125,0.0003936290740966797,"[0, 0, 8, 0, 10, 32, 10, 41, 22, 19, 51, 0, 0, 71]","""[0, 5, 5, 6, 9, 4, 4, 9, 5, 3, 3, 48, 71, 0]"""
j10,2,reactive,600,True,48,0.056415557861328125,0.2746391296386719,"[0, 0, 8, 0, 10, 32, 10, 36, 22, 19, 45, 0, 0, 48]","[0, 5, 5, 6, 9, 4, 4, 9, 5, 3, 3, 48, 71, 0]"
j10,2,stnu,600,True,35,0.7225098609924316,0.0060956478118896484,"[0, 0, 6, 0, 5, 19, 6, 23, 14, 14, 32, 0, 0, 35]","""[0, 5, 5, 6, 9, 4, 4, 9, 5, 3, 3, 48, 71, 0]"""
j10,2,proactive_robust,600,True,57,0.05456256866455078,0.0004038810729980469,"[0, 0, 8, 0, 10, 32, 10, 41, 22, 19, 51, 0, 0, 71]","""[0, 7, 8, 6, 9, 1, 8, 9, 6, 4, 2, 48, 71, 0]"""
j10,2,reactive,600,True,31,0.05456256866455078,0.17180728912353516,"[0, 0, 8, 0, 10, 19, 10, 20, 22, 19, 29, 0, 0, 31]","[0, 7, 8, 6, 9, 1, 8, 9, 6, 4, 2, 48, 71, 0]"
j10,2,stnu,600,True,34,0.7273008823394775,0.006143331527709961,"[0, 0, 6, 0, 7, 22, 7, 23, 16, 16, 32, 0, 0, 34]","""[0, 7, 8, 6, 9, 1, 8, 9, 6, 4, 2, 48, 71, 0]"""
j10,2,proactive_robust,600,True,59,0.06123185157775879,0.0001933574676513672,"[0, 0, 0, 0, 13, 16, 28, 32, 36, 44, 28, 0, 59]","""[0, 7, 1, 1, 1, 2, 4, 7, 5, 11, 2, 18, 0]"""
j10,2,reactive,600,True,55,0.06123185157775879,0.1688706874847412,"[0, 0, 0, 0, 13, 16, 28, 32, 36, 44, 28, 0, 55]","[0, 7, 1, 1, 1, 2, 4, 7, 5, 11, 2, 18, 0]"
j10,2,stnu,600,True,32,0.7349288463592529,0.005469322204589844,"[0, 0, 0, 0, 7, 8, 10, 14, 14, 21, 10, 0, 32]","""[0, 7, 1, 1, 1, 2, 4, 7, 5, 11, 2, 18, 0]"""
j10,2,proactive_robust,600,True,59,0.057292938232421875,0.0002052783966064453,"[0, 0, 0, 0, 13, 16, 28, 32, 36, 44, 28, 0, 59]","""[0, 8, 3, 1, 3, 9, 1, 11, 1, 3, 1, 18, 0]"""
j10,2,reactive,600,True,47,0.057292938232421875,0.1513209342956543,"[0, 0, 0, 0, 13, 16, 28, 32, 36, 44, 28, 0, 47]","[0, 8, 3, 1, 3, 9, 1, 11, 1, 3, 1, 18, 0]"
j10,2,stnu,600,True,35,0.7292754650115967,0.005383968353271484,"[0, 0, 0, 0, 8, 11, 20, 21, 21, 32, 20, 0, 35]","""[0, 8, 3, 1, 3, 9, 1, 11, 1, 3, 1, 18, 0]"""
j10,2,proactive_robust,600,True,59,0.057091712951660156,0.0002276897430419922,"[0, 0, 0, 0, 13, 16, 28, 32, 36, 44, 28, 0, 59]","""[0, 12, 8, 2, 3, 3, 3, 8, 4, 15, 1, 18, 0]"""
j10,2,reactive,600,True,54,0.057091712951660156,0.1551494598388672,"[0, 0, 0, 0, 13, 16, 28, 31, 31, 39, 28, 0, 54]","[0, 12, 8, 2, 3, 3, 3, 8, 4, 15, 1, 18, 0]"
j10,2,stnu,600,True,44,0.7169384956359863,0.005351066589355469,"[0, 0, 0, 0, 12, 15, 18, 21, 21, 29, 18, 0, 44]","""[0, 12, 8, 2, 3, 3, 3, 8, 4, 15, 1, 18, 0]"""
j10,2,proactive_robust,600,True,59,0.054750680923461914,0.00024962425231933594,"[0, 0, 0, 0, 13, 16, 28, 32, 36, 44, 28, 0, 59]","""[0, 9, 7, 6, 3, 12, 4, 12, 3, 14, 7, 18, 0]"""
j10,2,reactive,600,True,58,0.054750680923461914,0.08030080795288086,"[0, 0, 0, 0, 13, 16, 28, 32, 36, 44, 28, 0, 58]","[0, 9, 7, 6, 3, 12, 4, 12, 3, 14, 7, 18, 0]"
j10,2,stnu,600,True,54,0.7499775886535645,0.0054738521575927734,"[0, 0, 0, 0, 9, 12, 24, 28, 31, 40, 24, 0, 54]","""[0, 9, 7, 6, 3, 12, 4, 12, 3, 14, 7, 18, 0]"""
j10,2,proactive_robust,600,True,59,0.05589604377746582,0.0002243518829345703,"[0, 0, 0, 0, 13, 16, 28, 32, 36, 44, 28, 0, 59]","""[0, 11, 6, 2, 3, 12, 3, 3, 1, 7, 8, 18, 0]"""
j10,2,reactive,600,True,42,0.05589604377746582,0.12296462059020996,"[0, 0, 0, 0, 13, 16, 28, 32, 36, 35, 28, 0, 42]","[0, 11, 6, 2, 3, 12, 3, 3, 1, 7, 8, 18, 0]"
j10,2,stnu,600,True,42,0.7215025424957275,0.005449056625366211,"[0, 0, 0, 0, 11, 14, 26, 29, 34, 35, 26, 0, 42]","""[0, 11, 6, 2, 3, 12, 3, 3, 1, 7, 8, 18, 0]"""
j10,2,proactive_robust,600,True,59,0.05412173271179199,0.000209808349609375,"[0, 0, 0, 0, 13, 16, 28, 32, 36, 44, 28, 0, 59]","""[0, 4, 9, 6, 3, 8, 3, 2, 6, 10, 1, 18, 0]"""
j10,2,reactive,600,True,44,0.05412173271179199,0.11861920356750488,"[0, 0, 0, 0, 13, 16, 28, 32, 36, 34, 28, 0, 44]","[0, 4, 9, 6, 3, 8, 3, 2, 6, 10, 1, 18, 0]"
j10,2,stnu,600,True,39,0.7481796741485596,0.0053904056549072266,"[0, 0, 0, 0, 9, 12, 20, 23, 23, 29, 20, 0, 39]","""[0, 4, 9, 6, 3, 8, 3, 2, 6, 10, 1, 18, 0]"""
j10,2,proactive_robust,600,True,59,0.0556795597076416,0.00023603439331054688,"[0, 0, 0, 0, 13, 16, 28, 32, 36, 44, 28, 0, 59]","""[0, 8, 12, 6, 1, 10, 1, 9, 2, 3, 5, 18, 0]"""
j10,2,reactive,600,True,44,0.0556795597076416,0.13170576095581055,"[0, 0, 0, 0, 13, 16, 28, 32, 36, 41, 28, 0, 44]","[0, 8, 12, 6, 1, 10, 1, 9, 2, 3, 5, 18, 0]"
j10,2,stnu,600,True,36,0.7333760261535645,0.005385398864746094,"[0, 0, 0, 0, 12, 13, 23, 24, 28, 33, 23, 0, 36]","""[0, 8, 12, 6, 1, 10, 1, 9, 2, 3, 5, 18, 0]"""
j10,2,proactive_robust,600,True,59,0.05480813980102539,0.00024199485778808594,"[0, 0, 0, 0, 13, 16, 28, 32, 36, 44, 28, 0, 59]","""[0, 11, 12, 4, 3, 12, 4, 9, 6, 11, 2, 18, 0]"""
j10,2,reactive,600,True,55,0.05480813980102539,0.07664847373962402,"[0, 0, 0, 0, 13, 16, 28, 32, 36, 44, 28, 0, 55]","[0, 11, 12, 4, 3, 12, 4, 9, 6, 11, 2, 18, 0]"
j10,2,stnu,600,True,51,0.7231101989746094,0.0053904056549072266,"[0, 0, 0, 0, 12, 15, 27, 31, 31, 40, 27, 0, 51]","""[0, 11, 12, 4, 3, 12, 4, 9, 6, 11, 2, 18, 0]"""
j10,2,proactive_robust,600,True,59,0.05608415603637695,0.00019502639770507812,"[0, 0, 0, 0, 13, 16, 28, 32, 36, 44, 28, 0, 59]","""[0, 11, 2, 2, 2, 1, 2, 1, 2, 14, 6, 18, 0]"""
j10,2,reactive,600,True,58,0.05608415603637695,0.3181424140930176,"[0, 0, 0, 0, 13, 16, 28, 32, 36, 44, 28, 0, 58]","[0, 11, 2, 2, 2, 1, 2, 1, 2, 14, 6, 18, 0]"
j10,2,stnu,600,True,36,0.729175329208374,0.005460023880004883,"[0, 0, 0, 0, 11, 13, 14, 16, 20, 22, 14, 0, 36]","""[0, 11, 2, 2, 2, 1, 2, 1, 2, 14, 6, 18, 0]"""
j10,2,proactive_robust,600,True,59,0.0559389591217041,0.00023818016052246094,"[0, 0, 0, 0, 13, 16, 28, 32, 36, 44, 28, 0, 59]","""[0, 11, 6, 2, 3, 5, 1, 8, 5, 12, 4, 18, 0]"""
j10,2,reactive,600,True,56,0.0559389591217041,0.1586589813232422,"[0, 0, 0, 0, 13, 16, 28, 32, 36, 44, 28, 0, 56]","[0, 11, 6, 2, 3, 5, 1, 8, 5, 12, 4, 18, 0]"
j10,2,stnu,600,True,40,0.7283985614776611,0.005428314208984375,"[0, 0, 0, 0, 11, 14, 19, 20, 23, 28, 19, 0, 40]","""[0, 11, 6, 2, 3, 5, 1, 8, 5, 12, 4, 18, 0]"""
j10,2,proactive_robust,600,True,45,0.05354952812194824,0.0005676746368408203,"[0, 0, 0, 4, 13, 4, 4, 17, 35, 25, 17, 0, 0, 0, 0, 0, 0, 0, 0, 56]","""[0, 2, 1, 6, 1, 7, 2, 3, 3, 2, 1, 26, 44, 17, 28, 11, 56, 36, 26, 0]"""
j10,2,reactive,600,True,25,0.05354952812194824,0.16770315170288086,"[0, 0, 0, 4, 13, 4, 4, 17, 20, 23, 17, 0, 0, 0, 0, 0, 0, 0, 0, 25]","[0, 2, 1, 6, 1, 7, 2, 3, 3, 2, 1, 26, 44, 17, 28, 11, 56, 36, 26, 0]"
j10,2,stnu,600,True,18,0.9040229320526123,0.012378692626953125,"[0, 0, 0, 2, 9, 2, 2, 10, 15, 13, 10, 0, 0, 0, 0, 0, 0, 0, 0, 18]","""[0, 2, 1, 6, 1, 7, 2, 3, 3, 2, 1, 26, 44, 17, 28, 11, 56, 36, 26, 0]"""
j10,2,proactive_robust,600,True,45,0.05523395538330078,0.0005645751953125,"[0, 0, 0, 4, 13, 4, 4, 17, 35, 25, 17, 0, 0, 0, 0, 0, 0, 0, 0, 56]","""[0, 3, 2, 5, 1, 1, 2, 2, 6, 1, 1, 26, 44, 17, 28, 11, 56, 36, 26, 0]"""
j10,2,reactive,600,True,26,0.05523395538330078,0.16154146194458008,"[0, 0, 0, 4, 13, 4, 4, 17, 19, 25, 17, 0, 0, 0, 0, 0, 0, 0, 0, 26]","[0, 3, 2, 5, 1, 1, 2, 2, 6, 1, 1, 26, 44, 17, 28, 11, 56, 36, 26, 0]"
j10,2,stnu,600,True,18,0.7914283275604248,0.012416839599609375,"[0, 0, 0, 3, 8, 3, 3, 9, 12, 11, 9, 0, 0, 0, 0, 0, 0, 0, 0, 18]","""[0, 3, 2, 5, 1, 1, 2, 2, 6, 1, 1, 26, 44, 17, 28, 11, 56, 36, 26, 0]"""
j10,2,proactive_robust,600,True,45,0.05843377113342285,0.0005977153778076172,"[0, 0, 0, 4, 13, 4, 4, 17, 35, 25, 17, 0, 0, 0, 0, 0, 0, 0, 0, 56]","""[0, 4, 1, 8, 2, 1, 3, 4, 8, 9, 2, 26, 44, 17, 28, 11, 56, 36, 26, 0]"""
j10,2,reactive,600,True,42,0.05843377113342285,0.12395477294921875,"[0, 0, 0, 4, 13, 4, 4, 17, 34, 25, 17, 0, 0, 0, 0, 0, 0, 0, 0, 42]","[0, 4, 1, 8, 2, 1, 3, 4, 8, 9, 2, 26, 44, 17, 28, 11, 56, 36, 26, 0]"
j10,2,stnu,600,True,35,0.7695207595825195,0.012321710586547852,"[0, 0, 0, 4, 12, 4, 4, 14, 27, 18, 14, 0, 0, 0, 0, 0, 0, 0, 0, 35]","""[0, 4, 1, 8, 2, 1, 3, 4, 8, 9, 2, 26, 44, 17, 28, 11, 56, 36, 26, 0]"""
j10,2,proactive_robust,600,True,45,0.05642986297607422,0.0005950927734375,"[0, 0, 0, 4, 13, 4, 4, 17, 35, 25, 17, 0, 0, 0, 0, 0, 0, 0, 0, 56]","""[0, 1, 1, 9, 4, 8, 2, 4, 1, 10, 1, 26, 44, 17, 28, 11, 56, 36, 26, 0]"""
j10,2,reactive,600,True,32,0.05642986297607422,0.10834741592407227,"[0, 0, 0, 4, 13, 4, 4, 17, 21, 22, 17, 0, 0, 0, 0, 0, 0, 0, 0, 32]","[0, 1, 1, 9, 4, 8, 2, 4, 1, 10, 1, 26, 44, 17, 28, 11, 56, 36, 26, 0]"
j10,2,stnu,600,True,29,0.7745718955993652,0.012290716171264648,"[0, 0, 0, 1, 10, 1, 1, 14, 28, 18, 14, 0, 0, 0, 0, 0, 0, 0, 0, 29]","""[0, 1, 1, 9, 4, 8, 2, 4, 1, 10, 1, 26, 44, 17, 28, 11, 56, 36, 26, 0]"""
j10,2,proactive_robust,600,True,45,0.055242300033569336,0.0006008148193359375,"[0, 0, 0, 4, 13, 4, 4, 17, 35, 25, 17, 0, 0, 0, 0, 0, 0, 0, 0, 56]","""[0, 3, 3, 5, 4, 2, 2, 3, 7, 7, 2, 26, 44, 17, 28, 11, 56, 36, 26, 0]"""
j10,2,reactive,600,True,39,0.055242300033569336,0.13623619079589844,"[0, 0, 0, 4, 13, 4, 4, 17, 32, 25, 17, 0, 0, 0, 0, 0, 0, 0, 0, 39]","[0, 3, 3, 5, 4, 2, 2, 3, 7, 7, 2, 26, 44, 17, 28, 11, 56, 36, 26, 0]"
j10,2,stnu,600,True,29,0.8195815086364746,0.01224970817565918,"[0, 0, 0, 3, 8, 3, 3, 12, 22, 15, 12, 0, 0, 0, 0, 0, 0, 0, 0, 29]","""[0, 3, 3, 5, 4, 2, 2, 3, 7, 7, 2, 26, 44, 17, 28, 11, 56, 36, 26, 0]"""
j10,2,proactive_robust,600,True,45,0.057808637619018555,0.0006024837493896484,"[0, 0, 0, 4, 13, 4, 4, 17, 35, 25, 17, 0, 0, 0, 0, 0, 0, 0, 0, 56]","""[0, 4, 3, 1, 3, 7, 3, 3, 3, 8, 4, 26, 44, 17, 28, 11, 56, 36, 26, 0]"""
j10,2,reactive,600,True,33,0.057808637619018555,0.10837841033935547,"[0, 0, 0, 4, 13, 4, 4, 17, 20, 25, 17, 0, 0, 0, 0, 0, 0, 0, 0, 33]","[0, 4, 3, 1, 3, 7, 3, 3, 3, 8, 4, 26, 44, 17, 28, 11, 56, 36, 26, 0]"
j10,2,stnu,600,True,29,0.7974414825439453,0.012236356735229492,"[0, 0, 0, 4, 11, 4, 4, 14, 26, 18, 14, 0, 0, 0, 0, 0, 0, 0, 0, 29]","""[0, 4, 3, 1, 3, 7, 3, 3, 3, 8, 4, 26, 44, 17, 28, 11, 56, 36, 26, 0]"""
j10,2,proactive_robust,600,True,45,0.0598294734954834,0.0005824565887451172,"[0, 0, 0, 4, 13, 4, 4, 17, 35, 25, 17, 0, 0, 0, 0, 0, 0, 0, 0, 56]","""[0, 2, 1, 4, 3, 6, 2, 4, 2, 6, 4, 26, 44, 17, 28, 11, 56, 36, 26, 0]"""
j10,2,reactive,600,True,31,0.0598294734954834,0.1557176113128662,"[0, 0, 0, 4, 13, 4, 4, 17, 21, 25, 17, 0, 0, 0, 0, 0, 0, 0, 0, 31]","[0, 2, 1, 4, 3, 6, 2, 4, 2, 6, 4, 26, 44, 17, 28, 11, 56, 36, 26, 0]"
j10,2,stnu,600,True,23,0.8022875785827637,0.012206554412841797,"[0, 0, 0, 2, 8, 2, 2, 11, 21, 15, 11, 0, 0, 0, 0, 0, 0, 0, 0, 23]","""[0, 2, 1, 4, 3, 6, 2, 4, 2, 6, 4, 26, 44, 17, 28, 11, 56, 36, 26, 0]"""
j10,2,proactive_robust,600,True,45,0.05632519721984863,0.0005784034729003906,"[0, 0, 0, 4, 13, 4, 4, 17, 35, 25, 17, 0, 0, 0, 0, 0, 0, 0, 0, 56]","""[0, 4, 2, 1, 4, 1, 3, 3, 5, 2, 3, 26, 44, 17, 28, 11, 56, 36, 26, 0]"""
j10,2,reactive,600,True,27,0.05632519721984863,0.11247730255126953,"[0, 0, 0, 4, 13, 4, 4, 17, 20, 25, 17, 0, 0, 0, 0, 0, 0, 0, 0, 27]","[0, 4, 2, 1, 4, 1, 3, 3, 5, 2, 3, 26, 44, 17, 28, 11, 56, 36, 26, 0]"
j10,2,stnu,600,True,21,0.8811967372894287,0.012261629104614258,"[0, 0, 0, 4, 7, 4, 4, 11, 16, 14, 11, 0, 0, 0, 0, 0, 0, 0, 0, 21]","""[0, 4, 2, 1, 4, 1, 3, 3, 5, 2, 3, 26, 44, 17, 28, 11, 56, 36, 26, 0]"""
j10,2,proactive_robust,600,True,45,0.05745720863342285,0.0005910396575927734,"[0, 0, 0, 4, 13, 4, 4, 17, 35, 25, 17, 0, 0, 0, 0, 0, 0, 0, 0, 56]","""[0, 4, 3, 5, 3, 8, 2, 3, 1, 5, 3, 26, 44, 17, 28, 11, 56, 36, 26, 0]"""
j10,2,reactive,600,True,30,0.05745720863342285,0.12058472633361816,"[0, 0, 0, 4, 13, 4, 4, 17, 20, 25, 17, 0, 0, 0, 0, 0, 0, 0, 0, 30]","[0, 4, 3, 5, 3, 8, 2, 3, 1, 5, 3, 26, 44, 17, 28, 11, 56, 36, 26, 0]"
j10,2,stnu,600,True,24,0.7712397575378418,0.012253999710083008,"[0, 0, 0, 4, 12, 4, 4, 15, 23, 18, 15, 0, 0, 0, 0, 0, 0, 0, 0, 24]","""[0, 4, 3, 5, 3, 8, 2, 3, 1, 5, 3, 26, 44, 17, 28, 11, 56, 36, 26, 0]"""
j10,2,proactive_robust,600,True,45,0.05522966384887695,0.0005893707275390625,"[0, 0, 0, 4, 13, 4, 4, 17, 35, 25, 17, 0, 0, 0, 0, 0, 0, 0, 0, 56]","""[0, 4, 2, 7, 1, 2, 3, 5, 5, 9, 1, 26, 44, 17, 28, 11, 56, 36, 26, 0]"""
j10,2,reactive,600,True,40,0.05522966384887695,0.12495565414428711,"[0, 0, 0, 4, 13, 4, 4, 17, 35, 25, 17, 0, 0, 0, 0, 0, 0, 0, 0, 40]","[0, 4, 2, 7, 1, 2, 3, 5, 5, 9, 1, 26, 44, 17, 28, 11, 56, 36, 26, 0]"
j10,2,stnu,600,True,31,0.7790672779083252,0.012187957763671875,"[0, 0, 0, 4, 11, 4, 4, 12, 26, 17, 12, 0, 0, 0, 0, 0, 0, 0, 0, 31]","""[0, 4, 2, 7, 1, 2, 3, 5, 5, 9, 1, 26, 44, 17, 28, 11, 56, 36, 26, 0]"""
j10,2,proactive_robust,600,True,41,0.20186090469360352,0.0003085136413574219,"[0, 0, 4, 0, 15, 31, 8, 6, 38, 16, 34, 0, 0, 41]","""[0, 3, 2, 4, 16, 3, 7, 3, 3, 6, 4, 41, 26, 0]"""
j10,2,reactive,600,True,41,0.20186090469360352,0.12304496765136719,"[0, 0, 4, 0, 15, 31, 8, 6, 38, 16, 34, 0, 0, 41]","[0, 3, 2, 4, 16, 3, 7, 3, 3, 6, 4, 41, 26, 0]"
j10,2,stnu,600,True,33,1.1441991329193115,0.006287813186645508,"[0, 0, 0, 2, 6, 22, 8, 6, 30, 15, 26, 0, 0, 33]","""[0, 3, 2, 4, 16, 4, 7, 2, 3, 6, 4, 41, 26, 0]"""
j10,2,proactive_robust,600,True,40,0.17579436302185059,0.0002856254577636719,"[0, 0, 6, 1, 14, 30, 10, 5, 37, 18, 33, 0, 0, 41]","""[0, 5, 3, 3, 9, 2, 5, 8, 3, 3, 1, 41, 26, 0]"""
j10,2,reactive,600,True,29,0.17579436302185059,0.1884152889251709,"[0, 0, 6, 1, 14, 23, 10, 5, 25, 18, 28, 0, 0, 29]","[0, 5, 3, 3, 9, 2, 5, 8, 3, 3, 1, 41, 26, 0]"
j10,2,stnu,600,True,26,0.8873534202575684,0.006387948989868164,"[0, 0, 5, 0, 11, 20, 8, 3, 23, 13, 22, 0, 0, 26]","""[0, 5, 3, 3, 9, 2, 5, 8, 3, 3, 1, 41, 26, 0]"""
j10,2,proactive_robust,600,True,41,0.15311646461486816,0.0002932548522949219,"[0, 0, 4, 0, 8, 24, 8, 16, 38, 22, 34, 0, 0, 41]","""[0, 1, 4, 4, 5, 5, 6, 1, 3, 10, 3, 41, 26, 0]"""
j10,2,reactive,600,True,35,0.15311646461486816,0.17048239707946777,"[0, 0, 4, 0, 8, 24, 8, 16, 32, 22, 17, 0, 0, 35]","[0, 1, 4, 4, 5, 5, 6, 1, 3, 10, 3, 41, 26, 0]"
j10,2,stnu,600,True,32,0.8728265762329102,0.006300926208496094,"[0, 0, 4, 0, 8, 24, 8, 4, 29, 14, 26, 0, 0, 32]","""[0, 2, 4, 4, 5, 2, 6, 1, 3, 10, 3, 41, 26, 0]"""
j10,2,proactive_robust,600,True,40,0.16707515716552734,0.0002646446228027344,"[0, 0, 6, 1, 14, 30, 10, 5, 37, 18, 33, 0, 0, 41]","""[0, 3, 4, 3, 5, 1, 7, 2, 1, 1, 1, 41, 26, 0]"""
j10,2,reactive,600,True,22,0.16707515716552734,0.21145415306091309,"[0, 0, 6, 1, 14, 19, 10, 5, 20, 18, 21, 0, 0, 22]","[0, 3, 4, 3, 5, 1, 7, 2, 1, 1, 1, 41, 26, 0]"
j10,2,stnu,600,True,18,0.8590424060821533,0.006321430206298828,"[0, 0, 3, 0, 7, 15, 7, 3, 17, 14, 16, 0, 0, 18]","""[0, 3, 4, 3, 5, 1, 7, 2, 1, 1, 1, 41, 26, 0]"""
j10,2,proactive_robust,600,True,40,0.1671161651611328,0.00028967857360839844,"[0, 0, 6, 1, 14, 30, 10, 5, 37, 18, 33, 0, 0, 41]","""[0, 5, 4, 3, 5, 1, 3, 9, 2, 5, 4, 41, 26, 0]"""
j10,2,reactive,600,True,30,0.1671161651611328,0.16466426849365234,"[0, 0, 6, 1, 14, 27, 10, 5, 28, 18, 23, 0, 0, 30]","[0, 5, 4, 3, 5, 1, 3, 9, 2, 5, 4, 41, 26, 0]"
j10,2,stnu,600,True,24,0.8581221103668213,0.0063436031341552734,"[0, 0, 5, 0, 12, 17, 9, 3, 22, 12, 18, 0, 0, 24]","""[0, 5, 4, 3, 5, 1, 3, 9, 2, 5, 4, 41, 26, 0]"""
j10,2,proactive_robust,600,True,40,0.1712038516998291,0.0003082752227783203,"[0, 0, 6, 1, 14, 30, 10, 5, 37, 18, 33, 0, 0, 41]","""[0, 1, 2, 2, 15, 2, 6, 2, 2, 10, 3, 41, 26, 0]"""
j10,2,reactive,600,True,38,0.1712038516998291,0.21779108047485352,"[0, 0, 6, 1, 14, 30, 10, 5, 36, 18, 33, 0, 0, 38]","[0, 1, 2, 2, 15, 2, 6, 2, 2, 10, 3, 41, 26, 0]"
j10,2,stnu,600,True,29,1.1980490684509277,0.006287336349487305,"[0, 0, 2, 0, 4, 19, 7, 4, 27, 13, 24, 0, 0, 29]","""[0, 2, 2, 2, 15, 5, 6, 3, 2, 10, 3, 41, 26, 0]"""
j10,2,proactive_robust,600,True,41,0.19187068939208984,0.0002932548522949219,"[0, 1, 7, 0, 14, 31, 11, 5, 38, 19, 34, 0, 0, 41]","""[0, 2, 1, 2, 12, 2, 6, 9, 1, 8, 2, 41, 26, 0]"""
j10,2,reactive,600,True,34,0.19187068939208984,0.20597243309020996,"[0, 1, 7, 0, 14, 31, 11, 5, 33, 19, 27, 0, 0, 34]","[0, 2, 1, 2, 12, 2, 6, 9, 1, 8, 2, 41, 26, 0]"
j10,2,stnu,600,True,28,0.9644520282745361,0.006418943405151367,"[0, 0, 2, 0, 11, 23, 3, 2, 27, 11, 25, 0, 0, 28]","""[0, 1, 1, 2, 12, 2, 6, 9, 1, 8, 2, 41, 26, 0]"""
j10,2,proactive_robust,600,True,40,0.16975998878479004,0.000301361083984375,"[0, 0, 6, 1, 14, 30, 10, 5, 37, 18, 33, 0, 0, 41]","""[0, 4, 3, 1, 15, 1, 8, 8, 3, 3, 2, 41, 26, 0]"""
j10,2,reactive,600,True,38,0.16975998878479004,0.17636561393737793,"[0, 0, 6, 1, 14, 30, 10, 5, 35, 18, 33, 0, 0, 38]","[0, 4, 3, 1, 15, 1, 8, 8, 3, 3, 2, 41, 26, 0]"
j10,2,stnu,600,True,34,0.888878345489502,0.006335020065307617,"[0, 0, 1, 0, 13, 28, 5, 5, 31, 13, 29, 0, 0, 34]","""[0, 5, 3, 1, 15, 1, 8, 8, 3, 3, 2, 41, 26, 0]"""
j10,2,proactive_robust,600,True,40,0.16597342491149902,0.00031065940856933594,"[0, 0, 6, 1, 14, 30, 10, 5, 37, 18, 33, 0, 0, 41]","""[0, 3, 3, 3, 14, 2, 8, 3, 3, 11, 4, 41, 26, 0]"""
j10,2,reactive,600,True,39,0.16597342491149902,0.1619095802307129,"[0, 0, 6, 1, 14, 30, 10, 5, 36, 18, 32, 0, 0, 39]","[0, 3, 3, 3, 14, 2, 8, 3, 3, 11, 4, 41, 26, 0]"
j10,2,stnu,600,True,34,0.8419146537780762,0.0063092708587646484,"[0, 0, 3, 0, 6, 25, 6, 3, 31, 14, 27, 0, 0, 34]","""[0, 3, 3, 3, 14, 2, 8, 3, 3, 11, 4, 41, 26, 0]"""
j10,2,proactive_robust,600,True,40,0.17229890823364258,0.0002796649932861328,"[0, 0, 6, 1, 14, 30, 10, 5, 37, 18, 33, 0, 0, 41]","""[0, 5, 4, 1, 13, 1, 1, 9, 3, 5, 2, 41, 26, 0]"""
j10,2,reactive,600,True,34,0.17229890823364258,0.15996479988098145,"[0, 0, 6, 1, 14, 30, 10, 5, 31, 18, 27, 0, 0, 34]","[0, 5, 4, 1, 13, 1, 1, 9, 3, 5, 2, 41, 26, 0]"
j10,2,stnu,600,True,29,0.8492472171783447,0.006304264068603516,"[0, 0, 5, 0, 10, 23, 9, 1, 26, 10, 24, 0, 0, 29]","""[0, 5, 4, 1, 13, 1, 1, 9, 3, 5, 2, 41, 26, 0]"""
j10,2,proactive_robust,600,True,40,0.0606689453125,0.0005235671997070312,"[0, 0, 4, 0, 6, 18, 13, 22, 22, 26, 25, 0, 0, 0, 81]","""[0, 1, 9, 3, 9, 2, 8, 1, 3, 6, 12, 68, 81, 40, 0]"""
j10,2,reactive,600,True,37,0.0606689453125,0.1421036720275879,"[0, 0, 4, 0, 6, 18, 13, 22, 22, 26, 25, 0, 0, 0, 37]","[0, 1, 9, 3, 9, 2, 8, 1, 3, 6, 12, 68, 81, 40, 0]"
j10,2,stnu,600,True,33,0.7416160106658936,0.007126569747924805,"[0, 0, 3, 0, 3, 12, 12, 20, 20, 23, 21, 0, 0, 0, 33]","""[0, 1, 9, 3, 9, 2, 8, 1, 3, 6, 12, 68, 81, 40, 0]"""
j10,2,proactive_robust,600,True,40,0.06218767166137695,0.0004725456237792969,"[0, 0, 4, 0, 6, 18, 13, 22, 22, 26, 25, 0, 0, 0, 81]","""[0, 2, 9, 1, 2, 3, 4, 3, 1, 3, 6, 68, 81, 40, 0]"""
j10,2,reactive,600,True,31,0.06218767166137695,0.1522843837738037,"[0, 0, 4, 0, 6, 18, 13, 22, 22, 25, 25, 0, 0, 0, 31]","[0, 2, 9, 1, 2, 3, 4, 3, 1, 3, 6, 68, 81, 40, 0]"
j10,2,stnu,600,True,23,0.7502772808074951,0.00716710090637207,"[0, 0, 1, 0, 2, 10, 10, 14, 14, 17, 17, 0, 0, 0, 23]","""[0, 2, 9, 1, 2, 3, 4, 3, 1, 3, 6, 68, 81, 40, 0]"""
j10,2,proactive_robust,600,True,40,0.05648446083068848,0.000492095947265625,"[0, 0, 4, 0, 6, 18, 13, 22, 22, 26, 25, 0, 0, 0, 81]","""[0, 6, 2, 3, 2, 4, 7, 1, 2, 4, 14, 68, 81, 40, 0]"""
j10,2,reactive,600,True,39,0.05648446083068848,0.14797639846801758,"[0, 0, 4, 0, 6, 18, 13, 22, 22, 26, 25, 0, 0, 0, 39]","[0, 6, 2, 3, 2, 4, 7, 1, 2, 4, 14, 68, 81, 40, 0]"
j10,2,stnu,600,True,28,0.744452714920044,0.007190704345703125,"[0, 0, 3, 0, 6, 8, 6, 13, 13, 15, 14, 0, 0, 0, 28]","""[0, 6, 2, 3, 2, 4, 7, 1, 2, 4, 14, 68, 81, 40, 0]"""
j10,2,proactive_robust,600,True,40,0.06615018844604492,0.0004744529724121094,"[0, 0, 4, 0, 6, 18, 13, 22, 22, 26, 25, 0, 0, 0, 81]","""[0, 2, 3, 3, 2, 2, 7, 2, 3, 1, 3, 68, 81, 40, 0]"""
j10,2,reactive,600,True,28,0.06615018844604492,0.1977097988128662,"[0, 0, 4, 0, 6, 18, 13, 22, 22, 26, 25, 0, 0, 0, 28]","[0, 2, 3, 3, 2, 2, 7, 2, 3, 1, 3, 68, 81, 40, 0]"
j10,2,stnu,600,True,18,0.7617051601409912,0.0071637630462646484,"[0, 0, 3, 0, 3, 6, 6, 13, 13, 16, 15, 0, 0, 0, 18]","""[0, 2, 3, 3, 2, 2, 7, 2, 3, 1, 3, 68, 81, 40, 0]"""
j10,2,proactive_robust,600,True,40,0.0840601921081543,0.0004725456237792969,"[0, 0, 4, 0, 6, 18, 13, 22, 22, 26, 25, 0, 0, 0, 81]","""[0, 6, 2, 1, 9, 3, 5, 1, 1, 6, 5, 68, 81, 40, 0]"""
j10,2,reactive,600,True,32,0.0840601921081543,0.14034032821655273,"[0, 0, 4, 0, 6, 18, 13, 22, 22, 26, 25, 0, 0, 0, 32]","[0, 6, 2, 1, 9, 3, 5, 1, 1, 6, 5, 68, 81, 40, 0]"
j10,2,stnu,600,True,25,0.750885009765625,0.007066249847412109,"[0, 0, 1, 0, 6, 15, 6, 18, 18, 19, 19, 0, 0, 0, 25]","""[0, 6, 2, 1, 9, 3, 5, 1, 1, 6, 5, 68, 81, 40, 0]"""
j10,2,proactive_robust,600,True,40,0.05903434753417969,0.0004968643188476562,"[0, 0, 4, 0, 6, 18, 13, 22, 22, 26, 25, 0, 0, 0, 81]","""[0, 3, 7, 4, 12, 2, 7, 1, 3, 5, 7, 68, 81, 40, 0]"""
j10,2,reactive,600,True,32,0.05903434753417969,0.12913060188293457,"[0, 0, 4, 0, 6, 18, 13, 22, 22, 26, 25, 0, 0, 0, 32]","[0, 3, 7, 4, 12, 2, 7, 1, 3, 5, 7, 68, 81, 40, 0]"
j10,2,stnu,600,True,26,0.7446072101593018,0.0071218013763427734,"[0, 0, 4, 0, 4, 16, 11, 18, 18, 21, 19, 0, 0, 0, 26]","""[0, 3, 7, 4, 12, 2, 7, 1, 3, 5, 7, 68, 81, 40, 0]"""
j10,2,proactive_robust,600,True,40,0.08179926872253418,0.00047016143798828125,"[0, 0, 4, 0, 6, 18, 13, 22, 22, 26, 25, 0, 0, 0, 81]","""[0, 6, 6, 2, 6, 3, 3, 1, 1, 2, 5, 68, 81, 40, 0]"""
j10,2,reactive,600,True,28,0.08179926872253418,0.15745234489440918,"[0, 0, 4, 0, 6, 18, 13, 22, 22, 23, 23, 0, 0, 0, 28]","[0, 6, 6, 2, 6, 3, 3, 1, 1, 2, 5, 68, 81, 40, 0]"
j10,2,stnu,600,True,21,0.8641252517700195,0.007143735885620117,"[0, 0, 2, 0, 6, 12, 8, 15, 15, 16, 16, 0, 0, 0, 21]","""[0, 6, 6, 2, 6, 3, 3, 1, 1, 2, 5, 68, 81, 40, 0]"""
j10,2,proactive_robust,600,True,40,0.0628056526184082,0.00048732757568359375,"[0, 0, 4, 0, 6, 18, 13, 22, 22, 26, 25, 0, 0, 0, 81]","""[0, 4, 1, 4, 6, 2, 6, 3, 4, 6, 3, 68, 81, 40, 0]"""
j10,2,reactive,600,True,29,0.0628056526184082,0.11544132232666016,"[0, 0, 4, 0, 6, 18, 13, 20, 19, 23, 23, 0, 0, 0, 29]","[0, 4, 1, 4, 6, 2, 6, 3, 4, 6, 3, 68, 81, 40, 0]"
j10,2,stnu,600,True,22,0.7783160209655762,0.007127523422241211,"[0, 0, 4, 0, 4, 10, 5, 12, 12, 16, 15, 0, 0, 0, 22]","""[0, 4, 1, 4, 6, 2, 6, 3, 4, 6, 3, 68, 81, 40, 0]"""
j10,2,proactive_robust,600,True,40,0.0637352466583252,0.0004742145538330078,"[0, 0, 4, 0, 6, 18, 13, 22, 22, 26, 25, 0, 0, 0, 81]","""[0, 3, 3, 3, 4, 1, 6, 2, 4, 1, 15, 68, 81, 40, 0]"""
j10,2,reactive,600,True,36,0.0637352466583252,0.16697096824645996,"[0, 0, 4, 0, 6, 18, 13, 19, 19, 23, 21, 0, 0, 0, 36]","[0, 3, 3, 3, 4, 1, 6, 2, 4, 1, 15, 68, 81, 40, 0]"
j10,2,stnu,600,True,29,0.7957131862640381,0.0071604251861572266,"[0, 0, 3, 0, 3, 7, 6, 12, 12, 16, 14, 0, 0, 0, 29]","""[0, 3, 3, 3, 4, 1, 6, 2, 4, 1, 15, 68, 81, 40, 0]"""
j10,2,proactive_robust,600,True,40,0.05808067321777344,0.0004904270172119141,"[0, 0, 4, 0, 6, 18, 13, 22, 22, 26, 25, 0, 0, 0, 81]","""[0, 5, 5, 1, 3, 4, 7, 2, 1, 4, 15, 68, 81, 40, 0]"""
j10,2,reactive,600,True,39,0.05808067321777344,0.15224218368530273,"[0, 0, 4, 0, 6, 18, 13, 22, 20, 24, 24, 0, 0, 0, 39]","[0, 5, 5, 1, 3, 4, 7, 2, 1, 4, 15, 68, 81, 40, 0]"
j10,2,stnu,600,True,30,0.7431755065917969,0.007134437561035156,"[0, 0, 1, 0, 5, 8, 6, 13, 13, 15, 15, 0, 0, 0, 30]","""[0, 5, 5, 1, 3, 4, 7, 2, 1, 4, 15, 68, 81, 40, 0]"""
j10,2,proactive_robust,600,True,49,0.05920743942260742,0.00027489662170410156,"[0, 0, 0, 0, 24, 3, 9, 24, 37, 37, 34, 0, 52]","""[0, 1, 8, 3, 11, 3, 14, 4, 2, 3, 4, 52, 0]"""
j10,2,reactive,600,True,40,0.05920743942260742,0.1356816291809082,"[0, 0, 0, 0, 24, 3, 9, 24, 37, 37, 34, 0, 40]","[0, 1, 8, 3, 11, 3, 14, 4, 2, 3, 4, 52, 0]"
j10,2,stnu,600,True,34,0.7985913753509521,0.005178689956665039,"[0, 0, 0, 0, 20, 3, 6, 20, 31, 31, 24, 0, 34]","""[0, 1, 8, 3, 11, 3, 14, 4, 2, 3, 4, 52, 0]"""
j10,2,proactive_robust,600,True,49,0.0568690299987793,0.0003101825714111328,"[0, 0, 0, 0, 24, 3, 9, 24, 37, 37, 34, 0, 52]","""[0, 6, 10, 1, 12, 4, 14, 6, 3, 8, 6, 52, 0]"""
j10,2,reactive,600,True,45,0.0568690299987793,0.1509709358215332,"[0, 0, 0, 0, 24, 3, 9, 24, 37, 37, 34, 0, 45]","[0, 6, 10, 1, 12, 4, 14, 6, 3, 8, 6, 52, 0]"
j10,2,stnu,600,True,40,0.8681271076202393,0.005190610885620117,"[0, 0, 0, 0, 20, 1, 6, 20, 32, 32, 26, 0, 40]","""[0, 6, 10, 1, 12, 4, 14, 6, 3, 8, 6, 52, 0]"""
j10,2,proactive_robust,600,True,49,0.06208491325378418,0.0002665519714355469,"[0, 0, 0, 0, 24, 3, 9, 24, 37, 37, 34, 0, 52]","""[0, 1, 7, 3, 9, 1, 7, 4, 2, 2, 10, 52, 0]"""
j10,2,reactive,600,True,44,0.06208491325378418,0.13837814331054688,"[0, 0, 0, 0, 24, 3, 9, 24, 37, 37, 34, 0, 44]","[0, 1, 7, 3, 9, 1, 7, 4, 2, 2, 10, 52, 0]"
j10,2,stnu,600,True,25,0.7222309112548828,0.0052258968353271484,"[0, 0, 0, 0, 11, 3, 4, 11, 20, 20, 15, 0, 25]","""[0, 1, 7, 3, 9, 1, 7, 4, 2, 2, 10, 52, 0]"""
j10,2,proactive_robust,600,True,49,0.05638837814331055,0.00029015541076660156,"[0, 0, 0, 0, 24, 3, 9, 24, 37, 37, 34, 0, 52]","""[0, 2, 14, 1, 7, 1, 11, 6, 4, 8, 7, 52, 0]"""
j10,2,reactive,600,True,45,0.05638837814331055,0.14403772354125977,"[0, 0, 0, 0, 24, 3, 9, 24, 37, 37, 34, 0, 45]","[0, 2, 14, 1, 7, 1, 11, 6, 4, 8, 7, 52, 0]"
j10,2,stnu,600,True,29,0.832801103591919,0.005170106887817383,"[0, 0, 0, 0, 14, 1, 2, 14, 21, 21, 20, 0, 29]","""[0, 2, 14, 1, 7, 1, 11, 6, 4, 8, 7, 52, 0]"""
j10,2,proactive_robust,600,True,49,0.05747675895690918,0.00028896331787109375,"[0, 0, 0, 0, 24, 3, 9, 24, 37, 37, 34, 0, 52]","""[0, 3, 8, 3, 2, 6, 10, 7, 1, 8, 12, 52, 0]"""
j10,2,reactive,600,True,46,0.05747675895690918,0.11573147773742676,"[0, 0, 0, 0, 24, 3, 9, 24, 37, 37, 34, 0, 46]","[0, 3, 8, 3, 2, 6, 10, 7, 1, 8, 12, 52, 0]"
j10,2,stnu,600,True,38,0.7326223850250244,0.00523066520690918,"[0, 0, 0, 0, 19, 3, 9, 19, 26, 26, 26, 0, 38]","""[0, 3, 8, 3, 2, 6, 10, 7, 1, 8, 12, 52, 0]"""
j10,2,proactive_robust,600,True,49,0.056717634201049805,0.00028705596923828125,"[0, 0, 0, 0, 24, 3, 9, 24, 37, 37, 34, 0, 52]","""[0, 8, 14, 2, 7, 3, 7, 2, 2, 6, 8, 52, 0]"""
j10,2,reactive,600,True,42,0.056717634201049805,0.16159868240356445,"[0, 0, 0, 0, 24, 3, 9, 24, 31, 31, 34, 0, 42]","[0, 8, 14, 2, 7, 3, 7, 2, 2, 6, 8, 52, 0]"
j10,2,stnu,600,True,28,0.7232215404510498,0.005258083343505859,"[0, 0, 0, 0, 15, 2, 8, 15, 22, 22, 17, 0, 28]","""[0, 8, 14, 2, 7, 3, 7, 2, 2, 6, 8, 52, 0]"""
j10,2,proactive_robust,600,True,49,0.05755043029785156,0.0002639293670654297,"[0, 0, 0, 0, 24, 3, 9, 24, 37, 37, 34, 0, 52]","""[0, 2, 4, 2, 5, 4, 4, 1, 2, 8, 11, 52, 0]"""
j10,2,reactive,600,True,26,0.05755043029785156,0.1869034767150879,"[0, 0, 0, 0, 13, 3, 9, 13, 18, 18, 14, 0, 26]","[0, 2, 4, 2, 5, 4, 4, 1, 2, 8, 11, 52, 0]"
j10,2,stnu,600,True,23,0.7228126525878906,0.0051577091217041016,"[0, 0, 0, 0, 10, 2, 6, 10, 15, 15, 11, 0, 23]","""[0, 2, 4, 2, 5, 4, 4, 1, 2, 8, 11, 52, 0]"""
j10,2,proactive_robust,600,True,49,0.06239128112792969,0.0002911090850830078,"[0, 0, 0, 0, 24, 3, 9, 24, 37, 37, 34, 0, 52]","""[0, 1, 12, 1, 8, 5, 4, 3, 5, 6, 15, 52, 0]"""
j10,2,reactive,600,True,49,0.06239128112792969,0.16722416877746582,"[0, 0, 0, 0, 24, 3, 9, 24, 32, 32, 34, 0, 49]","[0, 1, 12, 1, 8, 5, 4, 3, 5, 6, 15, 52, 0]"
j10,2,stnu,600,True,30,0.7198657989501953,0.005186319351196289,"[0, 0, 0, 0, 12, 1, 6, 12, 20, 20, 15, 0, 30]","""[0, 1, 12, 1, 8, 5, 4, 3, 5, 6, 15, 52, 0]"""
j10,2,proactive_robust,600,True,29,0.06059718132019043,0.00025534629821777344,"[0, 0, 0, 0, 9, 3, 6, 16, 22, 25, 22, 0, 52]","""[0, 4, 3, 1, 13, 2, 2, 6, 2, 1, 4, 52, 0]"""
j10,2,reactive,600,True,26,0.06059718132019043,0.1294112205505371,"[0, 0, 0, 0, 9, 3, 6, 16, 22, 24, 22, 0, 26]","[0, 4, 3, 1, 13, 2, 2, 6, 2, 1, 4, 52, 0]"
j10,2,stnu,600,True,30,0.7256374359130859,0.005220651626586914,"[0, 0, 0, 0, 8, 1, 3, 8, 21, 21, 17, 0, 30]","""[0, 3, 8, 1, 13, 1, 3, 9, 4, 2, 13, 52, 0]"""
j10,2,proactive_robust,600,True,49,0.05658149719238281,0.0002849102020263672,"[0, 0, 0, 0, 24, 3, 9, 24, 37, 37, 34, 0, 52]","""[0, 5, 8, 3, 5, 1, 10, 4, 4, 8, 6, 52, 0]"""
j10,2,reactive,600,True,37,0.05658149719238281,0.14525175094604492,"[0, 0, 0, 0, 24, 3, 9, 24, 29, 29, 28, 0, 37]","[0, 5, 8, 3, 5, 1, 10, 4, 4, 8, 6, 52, 0]"
j10,2,stnu,600,True,28,0.7207634449005127,0.0051844120025634766,"[0, 0, 0, 0, 15, 3, 5, 15, 20, 20, 19, 0, 28]","""[0, 5, 8, 3, 5, 1, 10, 4, 4, 8, 6, 52, 0]"""
j10,2,proactive_robust,600,True,41,0.04984688758850098,0.0005738735198974609,"[0, 0, 0, 0, 16, 3, 9, 16, 31, 16, 20, 0, 0, 0, 0, 86]","""[0, 2, 10, 9, 1, 1, 2, 7, 5, 13, 7, 86, 13, 86, 46, 0]"""
j10,2,reactive,600,True,29,0.04984688758850098,0.1215660572052002,"[0, 0, 0, 0, 16, 3, 9, 16, 23, 16, 20, 0, 0, 0, 0, 29]","[0, 2, 10, 9, 1, 1, 2, 7, 5, 13, 7, 86, 13, 86, 46, 0]"
j10,2,stnu,600,True,29,0.8544585704803467,0.007753610610961914,"[0, 0, 0, 0, 11, 2, 9, 11, 24, 11, 12, 0, 0, 0, 0, 29]","""[0, 2, 10, 9, 1, 1, 2, 7, 5, 13, 7, 86, 13, 86, 46, 0]"""
j10,2,proactive_robust,600,True,41,0.0498964786529541,0.0005674362182617188,"[0, 0, 0, 0, 16, 3, 9, 16, 31, 16, 20, 0, 0, 0, 0, 86]","""[0, 3, 6, 7, 2, 1, 1, 5, 8, 10, 6, 86, 13, 86, 46, 0]"""
j10,2,reactive,600,True,29,0.0498964786529541,0.2779264450073242,"[0, 0, 0, 0, 16, 3, 9, 16, 21, 16, 20, 0, 0, 0, 0, 29]","[0, 3, 6, 7, 2, 1, 1, 5, 8, 10, 6, 86, 13, 86, 46, 0]"
j10,2,stnu,600,True,26,0.7423012256622314,0.007642984390258789,"[0, 0, 0, 0, 8, 3, 7, 8, 18, 8, 10, 0, 0, 0, 0, 26]","""[0, 3, 6, 7, 2, 1, 1, 5, 8, 10, 6, 86, 13, 86, 46, 0]"""
j10,2,proactive_robust,600,True,41,0.05561709403991699,0.0006098747253417969,"[0, 0, 0, 0, 16, 3, 9, 16, 31, 16, 20, 0, 0, 0, 0, 86]","""[0, 3, 15, 9, 1, 3, 4, 10, 5, 10, 9, 86, 13, 86, 46, 0]"""
j10,2,reactive,600,True,31,0.05561709403991699,0.09477663040161133,"[0, 0, 0, 0, 16, 3, 9, 16, 26, 16, 20, 0, 0, 0, 0, 31]","[0, 3, 15, 9, 1, 3, 4, 10, 5, 10, 9, 86, 13, 86, 46, 0]"
j10,2,stnu,600,True,30,0.7477471828460693,0.0077364444732666016,"[0, 0, 0, 0, 15, 3, 9, 15, 25, 15, 16, 0, 0, 0, 0, 30]","""[0, 3, 15, 9, 1, 3, 4, 10, 5, 10, 9, 86, 13, 86, 46, 0]"""
j10,2,proactive_robust,600,True,41,0.05646991729736328,0.0006012916564941406,"[0, 0, 0, 0, 16, 3, 9, 16, 31, 16, 20, 0, 0, 0, 0, 86]","""[0, 3, 12, 8, 4, 7, 3, 7, 9, 10, 8, 86, 13, 86, 46, 0]"""
j10,2,reactive,600,True,40,0.05646991729736328,0.11041784286499023,"[0, 0, 0, 0, 16, 3, 9, 16, 31, 16, 20, 0, 0, 0, 0, 40]","[0, 3, 12, 8, 4, 7, 3, 7, 9, 10, 8, 86, 13, 86, 46, 0]"
j10,2,stnu,600,True,33,0.7330689430236816,0.007795810699462891,"[0, 0, 0, 0, 12, 3, 8, 12, 24, 12, 16, 0, 0, 0, 0, 33]","""[0, 3, 12, 8, 4, 7, 3, 7, 9, 10, 8, 86, 13, 86, 46, 0]"""
j10,2,proactive_robust,600,True,41,0.0500493049621582,0.0005462169647216797,"[0, 0, 0, 0, 16, 3, 9, 16, 31, 16, 20, 0, 0, 0, 0, 86]","""[0, 1, 3, 2, 3, 1, 2, 3, 4, 5, 5, 86, 13, 86, 46, 0]"""
j10,2,reactive,600,True,16,0.0500493049621582,0.2778165340423584,"[0, 0, 0, 0, 3, 3, 9, 3, 6, 4, 11, 0, 0, 0, 0, 16]","[0, 1, 3, 2, 3, 1, 2, 3, 4, 5, 5, 86, 13, 86, 46, 0]"
j10,2,stnu,600,True,16,0.745527982711792,0.007680177688598633,"[0, 0, 0, 0, 4, 1, 2, 4, 12, 4, 7, 0, 0, 0, 0, 16]","""[0, 1, 3, 2, 3, 1, 2, 3, 4, 5, 5, 86, 13, 86, 46, 0]"""
j10,2,proactive_robust,600,True,41,0.051825761795043945,0.0006074905395507812,"[0, 0, 0, 0, 16, 3, 9, 16, 31, 16, 20, 0, 0, 0, 0, 86]","""[0, 3, 15, 4, 4, 8, 2, 8, 7, 12, 4, 86, 13, 86, 46, 0]"""
j10,2,reactive,600,True,31,0.051825761795043945,0.095977783203125,"[0, 0, 0, 0, 16, 3, 9, 16, 24, 16, 20, 0, 0, 0, 0, 31]","[0, 3, 15, 4, 4, 8, 2, 8, 7, 12, 4, 86, 13, 86, 46, 0]"
j10,2,stnu,600,True,34,0.7370281219482422,0.007803201675415039,"[0, 0, 0, 0, 15, 3, 4, 15, 27, 15, 19, 0, 0, 0, 0, 34]","""[0, 3, 15, 4, 4, 8, 2, 8, 7, 12, 4, 86, 13, 86, 46, 0]"""
j10,2,proactive_robust,600,True,41,0.051046133041381836,0.0005738735198974609,"[0, 0, 0, 0, 16, 3, 9, 16, 31, 16, 20, 0, 0, 0, 0, 86]","""[0, 2, 15, 7, 2, 1, 4, 7, 9, 3, 4, 86, 13, 86, 46, 0]"""
j10,2,reactive,600,True,40,0.051046133041381836,0.1258237361907959,"[0, 0, 0, 0, 16, 3, 9, 16, 31, 16, 20, 0, 0, 0, 0, 40]","[0, 2, 15, 7, 2, 1, 4, 7, 9, 3, 4, 86, 13, 86, 46, 0]"
j10,2,stnu,600,True,31,0.746626615524292,0.007739067077636719,"[0, 0, 0, 0, 15, 2, 7, 15, 22, 15, 17, 0, 0, 0, 0, 31]","""[0, 2, 15, 7, 2, 1, 4, 7, 9, 3, 4, 86, 13, 86, 46, 0]"""
j10,2,proactive_robust,600,True,41,0.0721273422241211,0.0005745887756347656,"[0, 0, 0, 0, 16, 3, 9, 16, 31, 16, 20, 0, 0, 0, 0, 86]","""[0, 2, 9, 7, 1, 1, 3, 13, 7, 6, 1, 86, 13, 86, 46, 0]"""
j10,2,reactive,600,True,38,0.0721273422241211,0.15920662879943848,"[0, 0, 0, 0, 16, 3, 9, 16, 31, 16, 20, 0, 0, 0, 0, 38]","[0, 2, 9, 7, 1, 1, 3, 13, 7, 6, 1, 86, 13, 86, 46, 0]"
j10,2,stnu,600,True,30,0.8237483501434326,0.00774693489074707,"[0, 0, 0, 0, 10, 2, 7, 10, 23, 10, 11, 0, 0, 0, 0, 30]","""[0, 2, 9, 7, 1, 1, 3, 13, 7, 6, 1, 86, 13, 86, 46, 0]"""
j10,2,proactive_robust,600,True,41,0.0500035285949707,0.0005943775177001953,"[0, 0, 0, 0, 16, 3, 9, 16, 31, 16, 20, 0, 0, 0, 0, 86]","""[0, 3, 12, 5, 1, 5, 1, 15, 10, 10, 9, 86, 13, 86, 46, 0]"""
j10,2,reactive,600,True,41,0.0500035285949707,0.11451911926269531,"[0, 0, 0, 0, 16, 3, 9, 16, 31, 16, 20, 0, 0, 0, 0, 41]","[0, 3, 12, 5, 1, 5, 1, 15, 10, 10, 9, 86, 13, 86, 46, 0]"
j10,2,stnu,600,True,37,1.0544915199279785,0.0076143741607666016,"[0, 0, 0, 0, 12, 3, 5, 12, 27, 12, 13, 0, 0, 0, 0, 37]","""[0, 3, 12, 5, 1, 5, 1, 15, 10, 10, 9, 86, 13, 86, 46, 0]"""
j10,2,proactive_robust,600,True,41,0.05083966255187988,0.0005588531494140625,"[0, 0, 0, 0, 16, 3, 9, 16, 31, 16, 20, 0, 0, 0, 0, 86]","""[0, 3, 13, 1, 3, 5, 1, 9, 2, 3, 2, 86, 13, 86, 46, 0]"""
j10,2,reactive,600,True,27,0.05083966255187988,0.13658905029296875,"[0, 0, 0, 0, 16, 3, 9, 16, 25, 16, 20, 0, 0, 0, 0, 27]","[0, 3, 13, 1, 3, 5, 1, 9, 2, 3, 2, 86, 13, 86, 46, 0]"
j10,2,stnu,600,True,24,1.2679474353790283,0.007646799087524414,"[0, 0, 0, 0, 13, 3, 3, 13, 22, 13, 16, 0, 0, 0, 0, 24]","""[0, 3, 13, 1, 3, 5, 1, 9, 2, 3, 2, 86, 13, 86, 46, 0]"""
j10,2,proactive_robust,600,True,29,0.07350635528564453,0.00020647048950195312,"[0, 0, 0, 14, 10, 10, 22, 19, 16, 25, 19, 0, 34]","""[0, 5, 9, 1, 3, 4, 1, 3, 2, 1, 5, 34, 0]"""
j10,2,reactive,600,True,24,0.07350635528564453,0.13605594635009766,"[0, 0, 0, 14, 10, 10, 22, 19, 16, 23, 19, 0, 24]","[0, 5, 9, 1, 3, 4, 1, 3, 2, 1, 5, 34, 0]"
j10,2,stnu,600,True,20,1.459449052810669,0.0053098201751708984,"[0, 0, 0, 13, 9, 9, 18, 15, 13, 19, 15, 0, 20]","""[0, 5, 9, 1, 3, 4, 1, 3, 2, 1, 5, 34, 0]"""
j10,2,proactive_robust,600,True,29,0.0760190486907959,0.00023126602172851562,"[0, 0, 0, 14, 10, 10, 22, 19, 16, 25, 19, 0, 34]","""[0, 9, 9, 2, 1, 4, 2, 3, 1, 2, 4, 34, 0]"""
j10,2,reactive,600,True,26,0.0760190486907959,0.12400126457214355,"[0, 0, 0, 14, 10, 10, 22, 19, 16, 24, 19, 0, 26]","[0, 9, 9, 2, 1, 4, 2, 3, 1, 2, 4, 34, 0]"
j10,2,stnu,600,True,21,0.7346696853637695,0.005473613739013672,"[0, 0, 0, 13, 9, 9, 17, 14, 13, 19, 14, 0, 21]","""[0, 9, 9, 2, 1, 4, 2, 3, 1, 2, 4, 34, 0]"""
j10,2,proactive_robust,600,True,29,0.07500052452087402,0.00021982192993164062,"[0, 0, 0, 14, 10, 10, 22, 19, 16, 25, 19, 0, 34]","""[0, 9, 5, 7, 3, 3, 3, 2, 1, 3, 5, 34, 0]"""
j10,2,reactive,600,True,28,0.07500052452087402,0.16765427589416504,"[0, 0, 0, 14, 10, 10, 22, 19, 16, 25, 19, 0, 28]","[0, 9, 5, 7, 3, 3, 3, 2, 1, 3, 5, 34, 0]"
j10,2,stnu,600,True,25,0.745750904083252,0.00536656379699707,"[0, 0, 0, 12, 9, 9, 19, 13, 12, 22, 13, 0, 25]","""[0, 9, 5, 7, 3, 3, 3, 2, 1, 3, 5, 34, 0]"""
j10,2,proactive_robust,600,True,29,0.07209444046020508,0.00019598007202148438,"[0, 0, 0, 14, 10, 10, 22, 19, 16, 25, 19, 0, 34]","""[0, 8, 7, 1, 1, 3, 1, 3, 1, 1, 1, 34, 0]"""
j10,2,reactive,600,True,17,0.07209444046020508,0.20458745956420898,"[0, 0, 0, 14, 10, 10, 15, 11, 16, 16, 13, 0, 17]","[0, 8, 7, 1, 1, 3, 1, 3, 1, 1, 1, 34, 0]"
j10,2,stnu,600,True,17,0.7454628944396973,0.005276203155517578,"[0, 0, 0, 11, 8, 8, 15, 12, 11, 16, 12, 0, 17]","""[0, 8, 7, 1, 1, 3, 1, 3, 1, 1, 1, 34, 0]"""
j10,2,proactive_robust,600,True,29,0.07049703598022461,0.00020742416381835938,"[0, 0, 0, 14, 10, 10, 22, 19, 16, 25, 19, 0, 34]","""[0, 1, 5, 3, 2, 4, 1, 1, 1, 1, 4, 34, 0]"""
j10,2,reactive,600,True,23,0.07049703598022461,0.18111634254455566,"[0, 0, 0, 14, 10, 10, 17, 19, 16, 22, 19, 0, 23]","[0, 1, 5, 3, 2, 4, 1, 1, 1, 1, 4, 34, 0]"
j10,2,stnu,600,True,14,0.7378525733947754,0.00534367561340332,"[0, 0, 0, 9, 5, 5, 12, 10, 9, 13, 10, 0, 14]","""[0, 1, 5, 3, 2, 4, 1, 1, 1, 1, 4, 34, 0]"""
j10,2,proactive_robust,600,True,29,0.0734548568725586,0.00022864341735839844,"[0, 0, 0, 14, 10, 10, 22, 19, 16, 25, 19, 0, 34]","""[0, 5, 8, 4, 4, 1, 2, 2, 1, 2, 7, 34, 0]"""
j10,2,reactive,600,True,27,0.0734548568725586,0.18720364570617676,"[0, 0, 0, 14, 10, 10, 22, 19, 16, 25, 19, 0, 27]","[0, 5, 8, 4, 4, 1, 2, 2, 1, 2, 7, 34, 0]"
j10,2,stnu,600,True,20,0.7556078433990479,0.005324125289916992,"[0, 0, 0, 9, 8, 8, 15, 13, 12, 17, 13, 0, 20]","""[0, 5, 8, 4, 4, 1, 2, 2, 1, 2, 7, 34, 0]"""
j10,2,proactive_robust,600,True,29,0.07270073890686035,0.00021266937255859375,"[0, 0, 0, 14, 10, 10, 22, 19, 16, 25, 19, 0, 34]","""[0, 3, 4, 4, 5, 4, 3, 2, 1, 1, 7, 34, 0]"""
j10,2,reactive,600,True,26,0.07270073890686035,0.16057252883911133,"[0, 0, 0, 14, 10, 10, 22, 19, 16, 25, 19, 0, 26]","[0, 3, 4, 4, 5, 4, 3, 2, 1, 1, 7, 34, 0]"
j10,2,stnu,600,True,17,0.737337589263916,0.005360841751098633,"[0, 0, 0, 8, 4, 4, 12, 10, 9, 15, 10, 0, 17]","""[0, 3, 4, 4, 5, 4, 3, 2, 1, 1, 7, 34, 0]"""
j10,2,proactive_robust,600,True,29,0.07226753234863281,0.0002288818359375,"[0, 0, 0, 14, 10, 10, 22, 19, 16, 25, 19, 0, 34]","""[0, 10, 2, 6, 4, 1, 1, 2, 1, 1, 8, 34, 0]"""
j10,2,reactive,600,True,27,0.07226753234863281,0.16571736335754395,"[0, 0, 0, 14, 10, 10, 20, 19, 16, 26, 19, 0, 27]","[0, 10, 2, 6, 4, 1, 1, 2, 1, 1, 8, 34, 0]"
j10,2,stnu,600,True,23,0.7621169090270996,0.0052623748779296875,"[0, 0, 0, 11, 10, 10, 17, 15, 14, 18, 15, 0, 23]","""[0, 10, 2, 6, 4, 1, 1, 2, 1, 1, 8, 34, 0]"""
j10,2,proactive_robust,600,True,29,0.06966638565063477,0.00023365020751953125,"[0, 0, 0, 14, 10, 10, 22, 19, 16, 25, 19, 0, 34]","""[0, 4, 7, 8, 6, 3, 2, 1, 1, 4, 1, 34, 0]"""
j10,2,reactive,600,True,28,0.06966638565063477,0.126481294631958,"[0, 0, 0, 14, 10, 10, 22, 19, 16, 24, 19, 0, 28]","[0, 4, 7, 8, 6, 3, 2, 1, 1, 4, 1, 34, 0]"
j10,2,stnu,600,True,24,0.7354118824005127,0.0053195953369140625,"[0, 0, 0, 10, 7, 7, 18, 14, 13, 20, 14, 0, 24]","""[0, 4, 7, 8, 6, 3, 2, 1, 1, 4, 1, 34, 0]"""
j10,2,proactive_robust,600,True,29,0.07083678245544434,0.000202178955078125,"[0, 0, 0, 14, 10, 10, 22, 19, 16, 25, 19, 0, 34]","""[0, 2, 6, 4, 1, 3, 2, 1, 3, 3, 6, 34, 0]"""
j10,2,reactive,600,True,27,0.07083678245544434,0.19675731658935547,"[0, 0, 0, 14, 10, 10, 22, 19, 16, 24, 19, 0, 27]","[0, 2, 6, 4, 1, 3, 2, 1, 3, 3, 6, 34, 0]"
j10,2,stnu,600,True,18,0.8343448638916016,0.00530242919921875,"[0, 0, 0, 9, 6, 6, 13, 12, 9, 15, 12, 0, 18]","""[0, 2, 6, 4, 1, 3, 2, 1, 3, 3, 6, 34, 0]"""
j10,2,proactive_robust,600,True,42,0.04969978332519531,0.0008771419525146484,"[0, 0, 0, 0, 8, 10, 14, 23, 32, 23, 14, 0, 0, 0, 0, 0, 0, 0, 0, 79]","""[0, 3, 6, 9, 11, 3, 4, 6, 9, 3, 6, 79, 31, 41, 26, 18, 62, 69, 77, 0]"""
j10,2,reactive,600,True,41,0.04969978332519531,0.11887955665588379,"[0, 0, 0, 0, 8, 10, 14, 23, 32, 23, 14, 0, 0, 0, 0, 0, 0, 0, 0, 41]","[0, 3, 6, 9, 11, 3, 4, 6, 9, 3, 6, 79, 31, 41, 26, 18, 62, 69, 77, 0]"
j10,2,stnu,600,True,29,0.7708392143249512,0.011734724044799805,"[0, 0, 0, 0, 3, 6, 9, 14, 20, 14, 9, 0, 0, 0, 0, 0, 0, 0, 0, 29]","""[0, 3, 6, 9, 11, 3, 4, 6, 9, 3, 6, 79, 31, 41, 26, 18, 62, 69, 77, 0]"""
j10,2,proactive_robust,600,True,42,0.057213783264160156,0.0008847713470458984,"[0, 0, 0, 0, 8, 10, 14, 23, 32, 23, 14, 0, 0, 0, 0, 0, 0, 0, 0, 79]","""[0, 1, 9, 3, 13, 2, 4, 6, 2, 3, 7, 79, 31, 41, 26, 18, 62, 69, 77, 0]"""
j10,2,reactive,600,True,31,0.057213783264160156,0.1108846664428711,"[0, 0, 0, 0, 8, 10, 14, 23, 29, 23, 14, 0, 0, 0, 0, 0, 0, 0, 0, 31]","[0, 1, 9, 3, 13, 2, 4, 6, 2, 3, 7, 79, 31, 41, 26, 18, 62, 69, 77, 0]"
j10,2,stnu,600,True,23,0.7781820297241211,0.0116729736328125,"[0, 0, 0, 0, 1, 9, 11, 15, 21, 15, 11, 0, 0, 0, 0, 0, 0, 0, 0, 23]","""[0, 1, 9, 3, 13, 2, 4, 6, 2, 3, 7, 79, 31, 41, 26, 18, 62, 69, 77, 0]"""
j10,2,proactive_robust,600,True,42,0.0510561466217041,0.0008537769317626953,"[0, 0, 0, 0, 8, 10, 14, 23, 32, 23, 14, 0, 0, 0, 0, 0, 0, 0, 0, 79]","""[0, 3, 5, 3, 12, 4, 4, 2, 6, 1, 1, 79, 31, 41, 26, 18, 62, 69, 77, 0]"""
j10,2,reactive,600,True,31,0.0510561466217041,0.11562085151672363,"[0, 0, 0, 0, 8, 10, 14, 23, 25, 23, 14, 0, 0, 0, 0, 0, 0, 0, 0, 31]","[0, 3, 5, 3, 12, 4, 4, 2, 6, 1, 1, 79, 31, 41, 26, 18, 62, 69, 77, 0]"
j10,2,stnu,600,True,23,0.7623825073242188,0.01181793212890625,"[0, 0, 0, 0, 3, 5, 9, 15, 17, 15, 9, 0, 0, 0, 0, 0, 0, 0, 0, 23]","""[0, 3, 5, 3, 12, 4, 4, 2, 6, 1, 1, 79, 31, 41, 26, 18, 62, 69, 77, 0]"""
j10,2,proactive_robust,600,True,42,0.04995441436767578,0.0008962154388427734,"[0, 0, 0, 0, 8, 10, 14, 23, 32, 23, 14, 0, 0, 0, 0, 0, 0, 0, 0, 79]","""[0, 2, 5, 10, 14, 4, 3, 1, 3, 2, 4, 79, 31, 41, 26, 18, 62, 69, 77, 0]"""
j10,2,reactive,600,True,27,0.04995441436767578,0.10903549194335938,"[0, 0, 0, 0, 8, 10, 14, 23, 24, 23, 14, 0, 0, 0, 0, 0, 0, 0, 0, 27]","[0, 2, 5, 10, 14, 4, 3, 1, 3, 2, 4, 79, 31, 41, 26, 18, 62, 69, 77, 0]"
j10,2,stnu,600,True,21,0.7572226524353027,0.011675119400024414,"[0, 0, 0, 0, 2, 5, 10, 16, 18, 16, 10, 0, 0, 0, 0, 0, 0, 0, 0, 21]","""[0, 2, 5, 10, 14, 4, 3, 1, 3, 2, 4, 79, 31, 41, 26, 18, 62, 69, 77, 0]"""
j10,2,proactive_robust,600,True,42,0.051785945892333984,0.0008802413940429688,"[0, 0, 0, 0, 8, 10, 14, 23, 32, 23, 14, 0, 0, 0, 0, 0, 0, 0, 0, 79]","""[0, 1, 4, 5, 9, 1, 1, 7, 6, 3, 2, 79, 31, 41, 26, 18, 62, 69, 77, 0]"""
j10,2,reactive,600,True,38,0.051785945892333984,0.24695372581481934,"[0, 0, 0, 0, 8, 10, 14, 23, 32, 23, 14, 0, 0, 0, 0, 0, 0, 0, 0, 38]","[0, 1, 4, 5, 9, 1, 1, 7, 6, 3, 2, 79, 31, 41, 26, 18, 62, 69, 77, 0]"
j10,2,stnu,600,True,23,0.763422966003418,0.011729240417480469,"[0, 0, 0, 0, 1, 4, 5, 10, 17, 10, 5, 0, 0, 0, 0, 0, 0, 0, 0, 23]","""[0, 1, 4, 5, 9, 1, 1, 7, 6, 3, 2, 79, 31, 41, 26, 18, 62, 69, 77, 0]"""
j10,2,proactive_robust,600,True,42,0.05198097229003906,0.0008795261383056641,"[0, 0, 0, 0, 8, 10, 14, 23, 32, 23, 14, 0, 0, 0, 0, 0, 0, 0, 0, 79]","""[0, 2, 4, 7, 15, 3, 1, 4, 2, 3, 8, 79, 31, 41, 26, 18, 62, 69, 77, 0]"""
j10,2,reactive,600,True,29,0.05198097229003906,0.13118290901184082,"[0, 0, 0, 0, 8, 10, 14, 23, 27, 23, 14, 0, 0, 0, 0, 0, 0, 0, 0, 29]","[0, 2, 4, 7, 15, 3, 1, 4, 2, 3, 8, 79, 31, 41, 26, 18, 62, 69, 77, 0]"
j10,2,stnu,600,True,23,0.8166704177856445,0.01172637939453125,"[0, 0, 0, 0, 2, 4, 7, 17, 21, 17, 7, 0, 0, 0, 0, 0, 0, 0, 0, 23]","""[0, 2, 4, 7, 15, 3, 1, 4, 2, 3, 8, 79, 31, 41, 26, 18, 62, 69, 77, 0]"""
j10,2,proactive_robust,600,True,42,0.049590349197387695,0.0008995532989501953,"[0, 0, 0, 0, 8, 10, 14, 23, 32, 23, 14, 0, 0, 0, 0, 0, 0, 0, 0, 79]","""[0, 4, 4, 5, 12, 4, 1, 9, 9, 2, 7, 79, 31, 41, 26, 18, 62, 69, 77, 0]"""
j10,2,reactive,600,True,41,0.049590349197387695,0.11559510231018066,"[0, 0, 0, 0, 8, 10, 14, 23, 32, 23, 14, 0, 0, 0, 0, 0, 0, 0, 0, 41]","[0, 4, 4, 5, 12, 4, 1, 9, 9, 2, 7, 79, 31, 41, 26, 18, 62, 69, 77, 0]"
j10,2,stnu,600,True,34,0.769883394241333,0.011756181716918945,"[0, 0, 0, 0, 4, 4, 8, 16, 25, 16, 8, 0, 0, 0, 0, 0, 0, 0, 0, 34]","""[0, 4, 4, 5, 12, 4, 1, 9, 9, 2, 7, 79, 31, 41, 26, 18, 62, 69, 77, 0]"""
j10,2,proactive_robust,600,True,42,0.049637556076049805,0.0008847713470458984,"[0, 0, 0, 0, 8, 10, 14, 23, 32, 23, 14, 0, 0, 0, 0, 0, 0, 0, 0, 79]","""[0, 2, 7, 6, 8, 4, 4, 4, 8, 2, 5, 79, 31, 41, 26, 18, 62, 69, 77, 0]"""
j10,2,reactive,600,True,35,0.049637556076049805,0.1132361888885498,"[0, 0, 0, 0, 8, 10, 14, 23, 27, 23, 14, 0, 0, 0, 0, 0, 0, 0, 0, 35]","[0, 2, 7, 6, 8, 4, 4, 4, 8, 2, 5, 79, 31, 41, 26, 18, 62, 69, 77, 0]"
j10,2,stnu,600,True,27,0.8345756530761719,0.011811494827270508,"[0, 0, 0, 0, 2, 7, 11, 15, 19, 15, 11, 0, 0, 0, 0, 0, 0, 0, 0, 27]","""[0, 2, 7, 6, 8, 4, 4, 4, 8, 2, 5, 79, 31, 41, 26, 18, 62, 69, 77, 0]"""
j10,2,proactive_robust,600,True,42,0.05434727668762207,0.0008766651153564453,"[0, 0, 0, 0, 8, 10, 14, 23, 32, 23, 14, 0, 0, 0, 0, 0, 0, 0, 0, 79]","""[0, 4, 5, 6, 13, 4, 2, 9, 2, 3, 6, 79, 31, 41, 26, 18, 62, 69, 77, 0]"""
j10,2,reactive,600,True,34,0.05434727668762207,0.10144662857055664,"[0, 0, 0, 0, 8, 10, 14, 23, 32, 23, 14, 0, 0, 0, 0, 0, 0, 0, 0, 34]","[0, 4, 5, 6, 13, 4, 2, 9, 2, 3, 6, 79, 31, 41, 26, 18, 62, 69, 77, 0]"
j10,2,stnu,600,True,28,0.7747411727905273,0.011830806732177734,"[0, 0, 0, 0, 4, 5, 9, 17, 26, 17, 9, 0, 0, 0, 0, 0, 0, 0, 0, 28]","""[0, 4, 5, 6, 13, 4, 2, 9, 2, 3, 6, 79, 31, 41, 26, 18, 62, 69, 77, 0]"""
j10,2,proactive_robust,600,True,42,0.05242204666137695,0.0008554458618164062,"[0, 0, 0, 0, 8, 10, 14, 23, 32, 23, 14, 0, 0, 0, 0, 0, 0, 0, 0, 79]","""[0, 1, 2, 3, 8, 1, 4, 1, 8, 2, 8, 79, 31, 41, 26, 18, 62, 69, 77, 0]"""
j10,2,reactive,600,True,32,0.05242204666137695,0.13021159172058105,"[0, 0, 0, 0, 8, 10, 14, 23, 24, 23, 14, 0, 0, 0, 0, 0, 0, 0, 0, 32]","[0, 1, 2, 3, 8, 1, 4, 1, 8, 2, 8, 79, 31, 41, 26, 18, 62, 69, 77, 0]"
j10,2,stnu,600,True,19,0.7465231418609619,0.011701583862304688,"[0, 0, 0, 0, 1, 2, 3, 9, 11, 9, 3, 0, 0, 0, 0, 0, 0, 0, 0, 19]","""[0, 1, 2, 3, 8, 1, 4, 1, 8, 2, 8, 79, 31, 41, 26, 18, 62, 69, 77, 0]"""
j10,2,proactive_robust,600,True,53,0.053778648376464844,0.00031828880310058594,"[0, 0, 10, 0, 19, 27, 19, 27, 37, 37, 37, 0, 73]","""[0, 2, 4, 2, 7, 3, 6, 2, 15, 11, 3, 73, 0]"""
j10,2,reactive,600,True,52,0.053778648376464844,0.17354273796081543,"[0, 0, 10, 0, 19, 27, 19, 27, 37, 37, 37, 0, 52]","[0, 2, 4, 2, 7, 3, 6, 2, 15, 11, 3, 73, 0]"
j10,2,stnu,600,True,31,0.8453161716461182,0.005320310592651367,"[0, 0, 2, 0, 6, 13, 6, 13, 16, 16, 16, 0, 31]","""[0, 2, 4, 2, 7, 3, 6, 2, 15, 11, 3, 73, 0]"""
j10,2,proactive_robust,600,True,53,0.05571889877319336,0.00031495094299316406,"[0, 0, 10, 0, 19, 27, 19, 27, 37, 37, 37, 0, 73]","""[0, 7, 2, 4, 5, 5, 7, 8, 14, 4, 2, 73, 0]"""
j10,2,reactive,600,True,51,0.05571889877319336,0.19167423248291016,"[0, 0, 10, 0, 19, 27, 19, 27, 37, 37, 37, 0, 51]","[0, 7, 2, 4, 5, 5, 7, 8, 14, 4, 2, 73, 0]"
j10,2,stnu,600,True,36,0.7499885559082031,0.005376100540161133,"[0, 0, 7, 0, 9, 14, 9, 14, 22, 22, 22, 0, 36]","""[0, 7, 2, 4, 5, 5, 7, 8, 14, 4, 2, 73, 0]"""
j10,2,proactive_robust,600,True,53,0.057427167892456055,0.0003123283386230469,"[0, 0, 10, 0, 19, 27, 19, 27, 37, 37, 37, 0, 73]","""[0, 2, 4, 8, 3, 1, 9, 3, 11, 10, 2, 73, 0]"""
j10,2,reactive,600,True,48,0.057427167892456055,0.20711183547973633,"[0, 0, 10, 0, 19, 27, 19, 27, 37, 37, 37, 0, 48]","[0, 2, 4, 8, 3, 1, 9, 3, 11, 10, 2, 73, 0]"
j10,2,stnu,600,True,28,0.7255387306213379,0.0054318904876708984,"[0, 0, 2, 0, 6, 9, 8, 9, 17, 17, 17, 0, 28]","""[0, 2, 4, 8, 3, 1, 9, 3, 11, 10, 2, 73, 0]"""
j10,2,proactive_robust,600,True,53,0.05420637130737305,0.00034427642822265625,"[0, 0, 10, 0, 19, 27, 19, 27, 37, 37, 37, 0, 73]","""[0, 9, 9, 2, 4, 3, 16, 6, 15, 3, 1, 73, 0]"""
j10,2,reactive,600,True,52,0.05420637130737305,0.1325528621673584,"[0, 0, 10, 0, 19, 27, 19, 27, 37, 37, 37, 0, 52]","[0, 9, 9, 2, 4, 3, 16, 6, 15, 3, 1, 73, 0]"
j10,2,stnu,600,True,49,0.7197310924530029,0.005332469940185547,"[0, 0, 9, 0, 18, 22, 18, 22, 34, 34, 34, 0, 49]","""[0, 9, 9, 2, 4, 3, 16, 6, 15, 3, 1, 73, 0]"""
j10,2,proactive_robust,600,True,53,0.05422186851501465,0.0003249645233154297,"[0, 0, 10, 0, 19, 27, 19, 27, 37, 37, 37, 0, 73]","""[0, 9, 5, 12, 1, 5, 5, 3, 12, 10, 1, 73, 0]"""
j10,2,reactive,600,True,49,0.05422186851501465,0.16918611526489258,"[0, 0, 10, 0, 19, 27, 19, 27, 37, 37, 37, 0, 49]","[0, 9, 5, 12, 1, 5, 5, 3, 12, 10, 1, 73, 0]"
j10,2,stnu,600,True,32,0.7276749610900879,0.005368709564208984,"[0, 0, 9, 0, 14, 15, 14, 15, 20, 20, 20, 0, 32]","""[0, 9, 5, 12, 1, 5, 5, 3, 12, 10, 1, 73, 0]"""
j10,2,proactive_robust,600,True,53,0.060669898986816406,0.00034737586975097656,"[0, 0, 10, 0, 19, 27, 19, 27, 37, 37, 37, 0, 73]","""[0, 9, 8, 1, 7, 2, 12, 6, 5, 13, 2, 73, 0]"""
j10,2,reactive,600,True,50,0.060669898986816406,0.14662647247314453,"[0, 0, 10, 0, 19, 27, 19, 27, 37, 37, 37, 0, 50]","[0, 9, 8, 1, 7, 2, 12, 6, 5, 13, 2, 73, 0]"
j10,2,stnu,600,True,43,0.7148153781890869,0.005326509475708008,"[0, 0, 9, 0, 17, 24, 17, 24, 30, 30, 30, 0, 43]","""[0, 9, 8, 1, 7, 2, 12, 6, 5, 13, 2, 73, 0]"""
j10,2,proactive_robust,600,True,53,0.05274677276611328,0.0003390312194824219,"[0, 0, 10, 0, 19, 27, 19, 27, 37, 37, 37, 0, 73]","""[0, 9, 6, 1, 6, 5, 7, 6, 6, 12, 3, 73, 0]"""
j10,2,reactive,600,True,49,0.05274677276611328,0.14643549919128418,"[0, 0, 10, 0, 19, 27, 19, 27, 37, 37, 37, 0, 49]","[0, 9, 6, 1, 6, 5, 7, 6, 6, 12, 3, 73, 0]"
j10,2,stnu,600,True,39,0.721184492111206,0.005369424819946289,"[0, 0, 9, 0, 15, 21, 15, 21, 27, 27, 27, 0, 39]","""[0, 9, 6, 1, 6, 5, 7, 6, 6, 12, 3, 73, 0]"""
j10,2,proactive_robust,600,True,53,0.05538678169250488,0.0003094673156738281,"[0, 0, 10, 0, 19, 27, 19, 27, 37, 37, 37, 0, 73]","""[0, 1, 5, 4, 5, 5, 7, 3, 14, 10, 1, 73, 0]"""
j10,2,reactive,600,True,51,0.05538678169250488,0.27315688133239746,"[0, 0, 10, 0, 19, 27, 19, 27, 37, 37, 37, 0, 51]","[0, 1, 5, 4, 5, 5, 7, 3, 14, 10, 1, 73, 0]"
j10,2,stnu,600,True,30,0.7301714420318604,0.0053272247314453125,"[0, 0, 1, 0, 6, 11, 6, 11, 16, 16, 16, 0, 30]","""[0, 1, 5, 4, 5, 5, 7, 3, 14, 10, 1, 73, 0]"""
j10,2,proactive_robust,600,True,53,0.05594348907470703,0.0003502368927001953,"[0, 0, 10, 0, 19, 27, 19, 27, 37, 37, 37, 0, 73]","""[0, 9, 5, 12, 3, 4, 15, 8, 11, 7, 1, 73, 0]"""
j10,2,reactive,600,True,48,0.05594348907470703,0.1437666416168213,"[0, 0, 10, 0, 19, 27, 19, 27, 37, 37, 37, 0, 48]","[0, 9, 5, 12, 3, 4, 15, 8, 11, 7, 1, 73, 0]"
j10,2,stnu,600,True,40,0.7945394515991211,0.005354404449462891,"[0, 0, 9, 0, 14, 17, 14, 17, 29, 29, 29, 0, 40]","""[0, 9, 5, 12, 3, 4, 15, 8, 11, 7, 1, 73, 0]"""
j10,2,proactive_robust,600,True,53,0.056168556213378906,0.00030040740966796875,"[0, 0, 10, 0, 19, 27, 19, 27, 37, 37, 37, 0, 73]","""[0, 4, 1, 5, 5, 3, 8, 1, 3, 10, 2, 73, 0]"""
j10,2,reactive,600,True,40,0.056168556213378906,0.21947860717773438,"[0, 0, 10, 0, 19, 27, 19, 27, 28, 30, 30, 0, 40]","[0, 4, 1, 5, 5, 3, 8, 1, 3, 10, 2, 73, 0]"
j10,2,stnu,600,True,23,0.7184500694274902,0.005261659622192383,"[0, 0, 4, 0, 5, 10, 5, 10, 13, 13, 13, 0, 23]","""[0, 4, 1, 5, 5, 3, 8, 1, 3, 10, 2, 73, 0]"""
j10,2,proactive_robust,600,True,49,0.060373544692993164,0.00037384033203125,"[0, 4, 0, 0, 13, 10, 31, 18, 23, 35, 41, 0, 0, 65]","""[0, 5, 10, 4, 8, 6, 2, 13, 6, 5, 2, 32, 65, 0]"""
j10,2,reactive,600,True,35,0.060373544692993164,0.11486220359802246,"[0, 4, 0, 0, 13, 10, 31, 18, 23, 29, 33, 0, 0, 35]","[0, 5, 10, 4, 8, 6, 2, 13, 6, 5, 2, 32, 65, 0]"
j10,2,stnu,600,True,34,0.8359415531158447,0.00614166259765625,"[0, 4, 0, 0, 10, 10, 29, 16, 18, 29, 31, 0, 0, 34]","""[0, 5, 10, 4, 8, 6, 2, 13, 6, 5, 2, 32, 65, 0]"""
j10,2,proactive_robust,600,True,49,0.05544281005859375,0.0003619194030761719,"[0, 4, 0, 0, 13, 10, 31, 18, 23, 35, 41, 0, 0, 65]","""[0, 3, 6, 3, 10, 8, 1, 11, 5, 5, 6, 32, 65, 0]"""
j10,2,reactive,600,True,40,0.05544281005859375,0.14689302444458008,"[0, 4, 0, 0, 13, 10, 31, 18, 23, 35, 32, 0, 0, 40]","[0, 3, 6, 3, 10, 8, 1, 11, 5, 5, 6, 32, 65, 0]"
j10,2,stnu,600,True,32,0.7224886417388916,0.006082773208618164,"[0, 3, 0, 0, 6, 6, 25, 14, 16, 25, 26, 0, 0, 32]","""[0, 3, 6, 3, 10, 8, 1, 11, 5, 5, 6, 32, 65, 0]"""
j10,2,proactive_robust,600,True,49,0.05892443656921387,0.0003898143768310547,"[0, 4, 0, 0, 13, 10, 31, 18, 23, 35, 41, 0, 0, 65]","""[0, 9, 7, 2, 7, 8, 7, 12, 7, 9, 2, 32, 65, 0]"""
j10,2,reactive,600,True,44,0.05892443656921387,0.12945938110351562,"[0, 4, 0, 0, 13, 10, 31, 18, 23, 35, 38, 0, 0, 44]","[0, 9, 7, 2, 7, 8, 7, 12, 7, 9, 2, 32, 65, 0]"
j10,2,stnu,600,True,36,0.749098539352417,0.006119489669799805,"[0, 2, 0, 0, 11, 7, 27, 15, 18, 27, 34, 0, 0, 36]","""[0, 9, 7, 2, 7, 8, 7, 12, 7, 9, 2, 32, 65, 0]"""
j10,2,proactive_robust,600,True,49,0.05650138854980469,0.0003452301025390625,"[0, 4, 0, 0, 13, 10, 31, 18, 23, 35, 41, 0, 0, 65]","""[0, 1, 10, 3, 10, 5, 5, 2, 7, 1, 6, 32, 65, 0]"""
j10,2,reactive,600,True,31,0.05650138854980469,0.16814589500427246,"[0, 4, 0, 0, 13, 10, 20, 18, 23, 30, 25, 0, 0, 31]","[0, 1, 10, 3, 10, 5, 5, 2, 7, 1, 6, 32, 65, 0]"
j10,2,stnu,600,True,33,0.8360016345977783,0.006101131439208984,"[0, 3, 0, 0, 10, 10, 17, 15, 20, 27, 27, 0, 0, 33]","""[0, 1, 10, 3, 10, 5, 5, 2, 7, 1, 6, 32, 65, 0]"""
j10,2,proactive_robust,600,True,49,0.054274797439575195,0.00034546852111816406,"[0, 4, 0, 0, 13, 10, 31, 18, 23, 35, 41, 0, 0, 65]","""[0, 4, 10, 2, 4, 2, 5, 7, 1, 4, 7, 32, 65, 0]"""
j10,2,reactive,600,True,43,0.054274797439575195,0.17817258834838867,"[0, 4, 0, 0, 13, 10, 31, 18, 23, 17, 36, 0, 0, 43]","[0, 4, 10, 2, 4, 2, 5, 7, 1, 4, 7, 32, 65, 0]"
j10,2,stnu,600,True,31,0.7321181297302246,0.0061702728271484375,"[0, 2, 0, 0, 10, 10, 19, 12, 14, 19, 24, 0, 0, 31]","""[0, 4, 10, 2, 4, 2, 5, 7, 1, 4, 7, 32, 65, 0]"""
j10,2,proactive_robust,600,True,49,0.17222976684570312,0.0003516674041748047,"[0, 4, 0, 0, 13, 10, 31, 18, 23, 35, 41, 0, 0, 65]","""[0, 2, 4, 1, 6, 1, 5, 12, 1, 1, 3, 32, 65, 0]"""
j10,2,reactive,600,True,39,0.17222976684570312,0.22261834144592285,"[0, 4, 0, 0, 13, 10, 31, 18, 23, 19, 36, 0, 0, 39]","[0, 2, 4, 1, 6, 1, 5, 12, 1, 1, 3, 32, 65, 0]"
j10,2,stnu,600,True,25,0.7270913124084473,0.006163120269775391,"[0, 1, 0, 0, 4, 4, 17, 5, 10, 17, 22, 0, 0, 25]","""[0, 2, 4, 1, 6, 1, 5, 12, 1, 1, 3, 32, 65, 0]"""
j10,2,proactive_robust,600,True,49,0.060302019119262695,0.00035858154296875,"[0, 4, 0, 0, 13, 10, 31, 18, 23, 35, 41, 0, 0, 65]","""[0, 1, 7, 4, 4, 4, 5, 8, 7, 9, 5, 32, 65, 0]"""
j10,2,reactive,600,True,41,0.060302019119262695,0.16645002365112305,"[0, 4, 0, 0, 13, 10, 31, 18, 23, 26, 36, 0, 0, 41]","[0, 1, 7, 4, 4, 4, 5, 8, 7, 9, 5, 32, 65, 0]"
j10,2,stnu,600,True,29,0.7255079746246338,0.00608515739440918,"[0, 4, 0, 0, 7, 7, 19, 11, 11, 19, 24, 0, 0, 29]","""[0, 1, 7, 4, 4, 4, 5, 8, 7, 9, 5, 32, 65, 0]"""
j10,2,proactive_robust,600,True,49,0.05782008171081543,0.00034165382385253906,"[0, 4, 0, 0, 13, 10, 31, 18, 23, 35, 41, 0, 0, 65]","""[0, 8, 6, 3, 1, 1, 7, 2, 7, 3, 6, 32, 65, 0]"""
j10,2,reactive,600,True,30,0.05782008171081543,0.2235267162322998,"[0, 4, 0, 0, 13, 10, 11, 18, 23, 14, 20, 0, 0, 30]","[0, 8, 6, 3, 1, 1, 7, 2, 7, 3, 6, 32, 65, 0]"
j10,2,stnu,600,True,26,0.7349143028259277,0.006201267242431641,"[0, 3, 0, 0, 11, 6, 13, 11, 12, 19, 20, 0, 0, 26]","""[0, 8, 6, 3, 1, 1, 7, 2, 7, 3, 6, 32, 65, 0]"""
j10,2,proactive_robust,600,True,49,0.05458712577819824,0.00035381317138671875,"[0, 4, 0, 0, 13, 10, 31, 18, 23, 35, 41, 0, 0, 65]","""[0, 7, 6, 3, 7, 7, 1, 6, 1, 7, 6, 32, 65, 0]"""
j10,2,reactive,600,True,31,0.05458712577819824,0.19836068153381348,"[0, 4, 0, 0, 13, 10, 17, 18, 23, 24, 25, 0, 0, 31]","[0, 7, 6, 3, 7, 7, 1, 6, 1, 7, 6, 32, 65, 0]"
j10,2,stnu,600,True,26,0.8740417957305908,0.006102085113525391,"[0, 3, 0, 0, 10, 6, 19, 13, 17, 19, 20, 0, 0, 26]","""[0, 7, 6, 3, 7, 7, 1, 6, 1, 7, 6, 32, 65, 0]"""
j10,2,proactive_robust,600,True,49,0.05584311485290527,0.00032973289489746094,"[0, 4, 0, 0, 13, 10, 31, 18, 23, 35, 41, 0, 0, 65]","""[0, 1, 4, 4, 4, 1, 10, 3, 1, 6, 5, 32, 65, 0]"""
j10,2,reactive,600,True,29,0.05584311485290527,0.17678356170654297,"[0, 4, 0, 0, 13, 10, 11, 18, 23, 21, 24, 0, 0, 29]","[0, 1, 4, 4, 4, 1, 10, 3, 1, 6, 5, 32, 65, 0]"
j10,2,stnu,600,True,23,0.7327489852905273,0.006143808364868164,"[0, 4, 0, 0, 5, 4, 8, 5, 9, 10, 18, 0, 0, 23]","""[0, 1, 4, 4, 4, 1, 10, 3, 1, 6, 5, 32, 65, 0]"""
j10,2,proactive_robust,600,True,43,0.09145569801330566,0.000232696533203125,"[0, 9, 0, 0, 8, 6, 22, 14, 34, 31, 24, 0, 43]","""[0, 2, 3, 2, 6, 2, 2, 6, 3, 1, 2, 42, 0]"""
j10,2,reactive,600,True,27,0.09145569801330566,0.21099328994750977,"[0, 9, 0, 0, 8, 6, 22, 14, 24, 24, 20, 0, 27]","[0, 2, 3, 2, 6, 2, 2, 6, 3, 1, 2, 42, 0]"
j10,2,stnu,600,True,20,0.7845475673675537,0.0052945613861083984,"[0, 4, 0, 0, 3, 2, 9, 9, 17, 15, 15, 0, 20]","""[0, 2, 3, 2, 6, 2, 2, 6, 3, 1, 2, 42, 0]"""
j10,2,proactive_robust,600,True,43,0.08973479270935059,0.00024056434631347656,"[0, 9, 0, 0, 8, 6, 22, 14, 34, 31, 24, 0, 43]","""[0, 2, 4, 1, 1, 2, 4, 9, 3, 3, 5, 42, 0]"""
j10,2,reactive,600,True,32,0.08973479270935059,0.20332837104797363,"[0, 9, 0, 0, 8, 6, 22, 14, 29, 26, 24, 0, 32]","[0, 2, 4, 1, 1, 2, 4, 9, 3, 3, 5, 42, 0]"
j10,2,stnu,600,True,22,0.7633140087127686,0.005300998687744141,"[0, 4, 0, 0, 4, 1, 6, 5, 19, 14, 14, 0, 22]","""[0, 2, 4, 1, 1, 2, 4, 9, 3, 3, 5, 42, 0]"""
j10,2,proactive_robust,600,True,43,0.07879972457885742,0.0002505779266357422,"[0, 9, 0, 0, 8, 6, 22, 14, 34, 31, 24, 0, 43]","""[0, 5, 4, 1, 5, 1, 7, 7, 6, 4, 6, 42, 0]"""
j10,2,reactive,600,True,40,0.07879972457885742,0.198655366897583,"[0, 9, 0, 0, 8, 6, 22, 14, 34, 31, 24, 0, 40]","[0, 5, 4, 1, 5, 1, 7, 7, 6, 4, 6, 42, 0]"
j10,2,stnu,600,True,28,0.7976233959197998,0.005262136459350586,"[0, 4, 0, 0, 4, 1, 9, 9, 22, 16, 16, 0, 28]","""[0, 5, 4, 1, 5, 1, 7, 7, 6, 4, 6, 42, 0]"""
j10,2,proactive_robust,600,True,43,0.09019875526428223,0.00026154518127441406,"[0, 9, 0, 0, 8, 6, 22, 14, 34, 31, 24, 0, 43]","""[0, 9, 7, 3, 3, 3, 2, 4, 4, 5, 10, 42, 0]"""
j10,2,reactive,600,True,32,0.09019875526428223,0.18167448043823242,"[0, 9, 0, 0, 8, 6, 22, 14, 28, 24, 18, 0, 32]","[0, 9, 7, 3, 3, 3, 2, 4, 4, 5, 10, 42, 0]"
j10,2,stnu,600,True,30,0.8359036445617676,0.005309104919433594,"[0, 7, 0, 0, 7, 3, 16, 10, 26, 18, 16, 0, 30]","""[0, 9, 7, 3, 3, 3, 2, 4, 4, 5, 10, 42, 0]"""
j10,2,proactive_robust,600,True,43,0.08588504791259766,0.0002486705780029297,"[0, 9, 0, 0, 8, 6, 22, 14, 34, 31, 24, 0, 43]","""[0, 13, 3, 6, 1, 3, 6, 3, 1, 1, 9, 42, 0]"""
j10,2,reactive,600,True,34,0.08588504791259766,0.14183926582336426,"[0, 9, 0, 0, 8, 6, 22, 14, 33, 31, 24, 0, 34]","[0, 13, 3, 6, 1, 3, 6, 3, 1, 1, 9, 42, 0]"
j10,2,stnu,600,True,29,0.752812385559082,0.005249738693237305,"[0, 6, 0, 0, 6, 25, 19, 7, 28, 28, 19, 0, 29]","""[0, 13, 3, 6, 1, 1, 6, 3, 1, 1, 9, 42, 0]"""
j10,2,proactive_robust,600,True,43,0.08205866813659668,0.0002684593200683594,"[0, 9, 0, 0, 8, 6, 22, 14, 34, 31, 24, 0, 43]","""[0, 9, 7, 6, 1, 3, 4, 10, 7, 3, 8, 42, 0]"""
j10,2,reactive,600,True,41,0.08205866813659668,0.12349343299865723,"[0, 9, 0, 0, 8, 6, 22, 14, 34, 31, 24, 0, 41]","[0, 9, 7, 6, 1, 3, 4, 10, 7, 3, 8, 42, 0]"
j10,2,stnu,600,True,34,0.7632131576538086,0.00532841682434082,"[0, 9, 0, 0, 7, 6, 18, 9, 27, 22, 19, 0, 34]","""[0, 9, 7, 6, 1, 3, 4, 10, 7, 3, 8, 42, 0]"""
j10,2,proactive_robust,600,True,43,0.08703231811523438,0.00025010108947753906,"[0, 9, 0, 0, 8, 6, 22, 14, 34, 31, 24, 0, 43]","""[0, 10, 1, 3, 2, 1, 2, 5, 7, 6, 7, 42, 0]"""
j10,2,reactive,600,True,38,0.08703231811523438,0.18904399871826172,"[0, 9, 0, 0, 8, 6, 22, 14, 31, 24, 24, 0, 38]","[0, 10, 1, 3, 2, 1, 2, 5, 7, 6, 7, 42, 0]"
j10,2,stnu,600,True,26,0.7629456520080566,0.005359649658203125,"[0, 4, 0, 0, 3, 3, 10, 5, 17, 17, 10, 0, 26]","""[0, 4, 1, 3, 2, 1, 2, 5, 9, 6, 7, 42, 0]"""
j10,2,proactive_robust,600,True,43,0.08819103240966797,0.00024080276489257812,"[0, 9, 0, 0, 8, 6, 22, 14, 34, 31, 24, 0, 43]","""[0, 6, 3, 5, 5, 1, 3, 10, 6, 6, 4, 42, 0]"""
j10,2,reactive,600,True,34,0.08819103240966797,0.16160988807678223,"[0, 9, 0, 0, 8, 6, 22, 14, 28, 25, 24, 0, 34]","[0, 6, 3, 5, 5, 1, 3, 10, 6, 6, 4, 42, 0]"
j10,2,stnu,600,True,30,0.7658205032348633,0.005328655242919922,"[0, 6, 0, 0, 5, 5, 12, 10, 24, 20, 20, 0, 30]","""[0, 6, 3, 5, 5, 1, 3, 10, 6, 6, 4, 42, 0]"""
j10,2,proactive_robust,600,True,43,0.08797597885131836,0.0002593994140625,"[0, 9, 0, 0, 8, 6, 22, 14, 34, 31, 24, 0, 43]","""[0, 8, 8, 6, 6, 3, 1, 5, 2, 4, 2, 42, 0]"""
j10,2,reactive,600,True,27,0.08797597885131836,0.10914158821105957,"[0, 9, 0, 0, 8, 6, 22, 14, 23, 23, 19, 0, 27]","[0, 8, 8, 6, 6, 3, 1, 5, 2, 4, 2, 42, 0]"
j10,2,stnu,600,True,23,0.7552685737609863,0.005321025848388672,"[0, 9, 0, 0, 8, 6, 17, 14, 21, 19, 19, 0, 23]","""[0, 8, 8, 6, 6, 3, 1, 5, 2, 4, 2, 42, 0]"""
j10,2,proactive_robust,600,True,43,0.08016371726989746,0.00023221969604492188,"[0, 9, 0, 0, 8, 6, 22, 14, 34, 31, 24, 0, 43]","""[0, 5, 1, 2, 4, 2, 8, 5, 1, 2, 3, 42, 0]"""
j10,2,reactive,600,True,32,0.08016371726989746,0.2402191162109375,"[0, 9, 0, 0, 8, 6, 22, 14, 30, 30, 19, 0, 32]","[0, 5, 1, 2, 4, 2, 8, 5, 1, 2, 3, 42, 0]"
j10,2,stnu,600,True,19,0.816380500793457,0.005304813385009766,"[0, 4, 0, 0, 2, 2, 9, 6, 17, 17, 11, 0, 19]","""[0, 5, 1, 2, 4, 2, 8, 5, 1, 2, 3, 42, 0]"""
j10,2,proactive_robust,600,True,38,0.05920100212097168,0.0009493827819824219,"[0, 0, 0, 0, 4, 10, 14, 9, 26, 26, 26, 0, 0, 0, 0, 0, 0, 0, 0, 0, 80]","""[0, 4, 4, 1, 2, 3, 1, 1, 3, 3, 3, 59, 14, 35, 45, 80, 34, 75, 69, 40, 0]"""
j10,2,reactive,600,True,16,0.05920100212097168,0.10859227180480957,"[0, 0, 0, 0, 4, 10, 6, 9, 13, 13, 13, 0, 0, 0, 0, 0, 0, 0, 0, 0, 16]","[0, 4, 4, 1, 2, 3, 1, 1, 3, 3, 3, 59, 14, 35, 45, 80, 34, 75, 69, 40, 0]"
j10,2,stnu,600,True,10,0.8488903045654297,0.012883424758911133,"[0, 0, 0, 0, 4, 4, 6, 4, 7, 7, 7, 0, 0, 0, 0, 0, 0, 0, 0, 0, 10]","""[0, 4, 4, 1, 2, 3, 1, 1, 3, 3, 3, 59, 14, 35, 45, 80, 34, 75, 69, 40, 0]"""
j10,2,proactive_robust,600,True,38,0.05666947364807129,0.0009589195251464844,"[0, 0, 0, 0, 4, 10, 14, 9, 26, 26, 26, 0, 0, 0, 0, 0, 0, 0, 0, 0, 80]","""[0, 1, 3, 3, 10, 5, 3, 2, 8, 9, 1, 59, 14, 35, 45, 80, 34, 75, 69, 40, 0]"""
j10,2,reactive,600,True,26,0.05666947364807129,0.10565304756164551,"[0, 0, 0, 0, 4, 10, 14, 9, 17, 17, 17, 0, 0, 0, 0, 0, 0, 0, 0, 0, 26]","[0, 1, 3, 3, 10, 5, 3, 2, 8, 9, 1, 59, 14, 35, 45, 80, 34, 75, 69, 40, 0]"
j10,2,stnu,600,True,23,0.7747616767883301,0.013135194778442383,"[0, 0, 0, 0, 1, 3, 11, 3, 14, 14, 14, 0, 0, 0, 0, 0, 0, 0, 0, 0, 23]","""[0, 1, 3, 3, 10, 5, 3, 2, 8, 9, 1, 59, 14, 35, 45, 80, 34, 75, 69, 40, 0]"""
j10,2,proactive_robust,600,True,38,0.05833578109741211,0.0009369850158691406,"[0, 0, 0, 0, 4, 10, 14, 9, 26, 26, 26, 0, 0, 0, 0, 0, 0, 0, 0, 0, 80]","""[0, 1, 2, 4, 4, 7, 2, 3, 6, 11, 4, 59, 14, 35, 45, 80, 34, 75, 69, 40, 0]"""
j10,2,reactive,600,True,37,0.05833578109741211,0.10576105117797852,"[0, 0, 0, 0, 4, 10, 14, 9, 26, 26, 26, 0, 0, 0, 0, 0, 0, 0, 0, 0, 37]","[0, 1, 2, 4, 4, 7, 2, 3, 6, 11, 4, 59, 14, 35, 45, 80, 34, 75, 69, 40, 0]"
j10,2,stnu,600,True,22,0.775914192199707,0.013216972351074219,"[0, 0, 0, 0, 1, 4, 7, 4, 11, 11, 11, 0, 0, 0, 0, 0, 0, 0, 0, 0, 22]","""[0, 1, 2, 4, 4, 7, 2, 3, 6, 11, 4, 59, 14, 35, 45, 80, 34, 75, 69, 40, 0]"""
j10,2,proactive_robust,600,True,38,0.06343722343444824,0.0009148120880126953,"[0, 0, 0, 0, 4, 10, 14, 9, 26, 26, 26, 0, 0, 0, 0, 0, 0, 0, 0, 0, 80]","""[0, 4, 2, 6, 2, 4, 1, 1, 1, 3, 1, 59, 14, 35, 45, 80, 34, 75, 69, 40, 0]"""
j10,2,reactive,600,True,15,0.06343722343444824,0.09761404991149902,"[0, 0, 0, 0, 4, 10, 6, 9, 14, 12, 14, 0, 0, 0, 0, 0, 0, 0, 0, 0, 15]","[0, 4, 2, 6, 2, 4, 1, 1, 1, 3, 1, 59, 14, 35, 45, 80, 34, 75, 69, 40, 0]"
j10,2,stnu,600,True,13,0.8607926368713379,0.013019323348999023,"[0, 0, 0, 0, 4, 6, 7, 6, 10, 10, 10, 0, 0, 0, 0, 0, 0, 0, 0, 0, 13]","""[0, 4, 2, 6, 2, 4, 1, 1, 1, 3, 1, 59, 14, 35, 45, 80, 34, 75, 69, 40, 0]"""
j10,2,proactive_robust,600,True,38,0.0607295036315918,0.0009720325469970703,"[0, 0, 0, 0, 4, 10, 14, 9, 26, 26, 26, 0, 0, 0, 0, 0, 0, 0, 0, 0, 80]","""[0, 1, 8, 6, 10, 4, 9, 1, 2, 5, 2, 59, 14, 35, 45, 80, 34, 75, 69, 40, 0]"""
j10,2,reactive,600,True,31,0.0607295036315918,0.09526395797729492,"[0, 0, 0, 0, 4, 10, 14, 9, 26, 26, 26, 0, 0, 0, 0, 0, 0, 0, 0, 0, 31]","[0, 1, 8, 6, 10, 4, 9, 1, 2, 5, 2, 59, 14, 35, 45, 80, 34, 75, 69, 40, 0]"
j10,2,stnu,600,True,25,0.8189957141876221,0.013069391250610352,"[0, 0, 0, 0, 1, 8, 11, 6, 20, 20, 20, 0, 0, 0, 0, 0, 0, 0, 0, 0, 25]","""[0, 1, 8, 6, 10, 4, 9, 1, 2, 5, 2, 59, 14, 35, 45, 80, 34, 75, 69, 40, 0]"""
j10,2,proactive_robust,600,True,38,0.05551266670227051,0.0009450912475585938,"[0, 0, 0, 0, 4, 10, 14, 9, 26, 26, 26, 0, 0, 0, 0, 0, 0, 0, 0, 0, 80]","""[0, 3, 1, 5, 9, 3, 10, 3, 2, 11, 2, 59, 14, 35, 45, 80, 34, 75, 69, 40, 0]"""
j10,2,reactive,600,True,37,0.05551266670227051,0.10666680335998535,"[0, 0, 0, 0, 4, 10, 14, 9, 26, 26, 26, 0, 0, 0, 0, 0, 0, 0, 0, 0, 37]","[0, 3, 1, 5, 9, 3, 10, 3, 2, 11, 2, 59, 14, 35, 45, 80, 34, 75, 69, 40, 0]"
j10,2,stnu,600,True,33,0.8245105743408203,0.012955188751220703,"[0, 0, 0, 0, 3, 5, 12, 5, 22, 22, 22, 0, 0, 0, 0, 0, 0, 0, 0, 0, 33]","""[0, 3, 1, 5, 9, 3, 10, 3, 2, 11, 2, 59, 14, 35, 45, 80, 34, 75, 69, 40, 0]"""
j10,2,proactive_robust,600,True,38,0.0630042552947998,0.0009429454803466797,"[0, 0, 0, 0, 4, 10, 14, 9, 26, 26, 26, 0, 0, 0, 0, 0, 0, 0, 0, 0, 80]","""[0, 1, 1, 6, 4, 1, 9, 2, 9, 6, 2, 59, 14, 35, 45, 80, 34, 75, 69, 40, 0]"""
j10,2,reactive,600,True,35,0.0630042552947998,0.11545801162719727,"[0, 0, 0, 0, 4, 10, 14, 9, 26, 26, 26, 0, 0, 0, 0, 0, 0, 0, 0, 0, 35]","[0, 1, 1, 6, 4, 1, 9, 2, 9, 6, 2, 59, 14, 35, 45, 80, 34, 75, 69, 40, 0]"
j10,2,stnu,600,True,26,0.8659729957580566,0.013150215148925781,"[0, 0, 0, 0, 1, 6, 8, 6, 17, 17, 17, 0, 0, 0, 0, 0, 0, 0, 0, 0, 26]","""[0, 1, 1, 6, 4, 1, 9, 2, 9, 6, 2, 59, 14, 35, 45, 80, 34, 75, 69, 40, 0]"""
j10,2,proactive_robust,600,True,38,0.058609724044799805,0.0009617805480957031,"[0, 0, 0, 0, 4, 10, 14, 9, 26, 26, 26, 0, 0, 0, 0, 0, 0, 0, 0, 0, 80]","""[0, 1, 9, 9, 7, 1, 1, 2, 7, 12, 3, 59, 14, 35, 45, 80, 34, 75, 69, 40, 0]"""
j10,2,reactive,600,True,27,0.058609724044799805,0.08258891105651855,"[0, 0, 0, 0, 4, 10, 14, 9, 15, 15, 15, 0, 0, 0, 0, 0, 0, 0, 0, 0, 27]","[0, 1, 9, 9, 7, 1, 1, 2, 7, 12, 3, 59, 14, 35, 45, 80, 34, 75, 69, 40, 0]"
j10,2,stnu,600,True,24,0.783012866973877,0.013049840927124023,"[0, 0, 0, 0, 1, 9, 11, 9, 12, 12, 12, 0, 0, 0, 0, 0, 0, 0, 0, 0, 24]","""[0, 1, 9, 9, 7, 1, 1, 2, 7, 12, 3, 59, 14, 35, 45, 80, 34, 75, 69, 40, 0]"""
j10,2,proactive_robust,600,True,38,0.061547279357910156,0.0009582042694091797,"[0, 0, 0, 0, 4, 10, 14, 9, 26, 26, 26, 0, 0, 0, 0, 0, 0, 0, 0, 0, 80]","""[0, 3, 7, 7, 7, 6, 6, 1, 8, 1, 5, 59, 14, 35, 45, 80, 34, 75, 69, 40, 0]"""
j10,2,reactive,600,True,34,0.061547279357910156,0.11041378974914551,"[0, 0, 0, 0, 4, 10, 14, 9, 26, 26, 26, 0, 0, 0, 0, 0, 0, 0, 0, 0, 34]","[0, 3, 7, 7, 7, 6, 6, 1, 8, 1, 5, 59, 14, 35, 45, 80, 34, 75, 69, 40, 0]"
j10,2,stnu,600,True,24,0.7683722972869873,0.01314687728881836,"[0, 0, 0, 0, 3, 7, 10, 7, 16, 16, 16, 0, 0, 0, 0, 0, 0, 0, 0, 0, 24]","""[0, 3, 7, 7, 7, 6, 6, 1, 8, 1, 5, 59, 14, 35, 45, 80, 34, 75, 69, 40, 0]"""
j10,2,proactive_robust,600,True,38,0.056449174880981445,0.0009627342224121094,"[0, 0, 0, 0, 4, 10, 14, 9, 26, 26, 26, 0, 0, 0, 0, 0, 0, 0, 0, 0, 80]","""[0, 3, 1, 5, 2, 3, 9, 1, 10, 8, 4, 59, 14, 35, 45, 80, 34, 75, 69, 40, 0]"""
j10,2,reactive,600,True,36,0.056449174880981445,0.10402798652648926,"[0, 0, 0, 0, 4, 10, 14, 9, 26, 26, 26, 0, 0, 0, 0, 0, 0, 0, 0, 0, 36]","[0, 3, 1, 5, 2, 3, 9, 1, 10, 8, 4, 59, 14, 35, 45, 80, 34, 75, 69, 40, 0]"
j10,2,stnu,600,True,25,0.8617017269134521,0.012979745864868164,"[0, 0, 0, 0, 3, 5, 6, 5, 15, 15, 15, 0, 0, 0, 0, 0, 0, 0, 0, 0, 25]","""[0, 3, 1, 5, 2, 3, 9, 1, 10, 8, 4, 59, 14, 35, 45, 80, 34, 75, 69, 40, 0]"""
j10,2,proactive_robust,600,True,34,0.054192543029785156,0.0006170272827148438,"[0, 0, 12, 0, 3, 20, 16, 12, 28, 28, 8, 0, 0, 0, 0, 0, 0, 61]","""[0, 6, 4, 3, 6, 2, 6, 1, 1, 4, 3, 30, 52, 59, 15, 48, 61, 0]"""
j10,2,reactive,600,True,26,0.054192543029785156,0.09683632850646973,"[0, 0, 12, 0, 3, 20, 16, 12, 22, 22, 8, 0, 0, 0, 0, 0, 0, 26]","[0, 6, 4, 3, 6, 2, 6, 1, 1, 4, 3, 30, 52, 59, 15, 48, 61, 0]"
j10,2,stnu,600,True,23,0.79526686668396,0.009412288665771484,"[0, 0, 9, 0, 3, 10, 13, 9, 19, 19, 6, 0, 0, 0, 0, 0, 0, 23]","""[0, 6, 4, 3, 6, 2, 6, 1, 1, 4, 3, 30, 52, 59, 15, 48, 61, 0]"""
j10,2,proactive_robust,600,True,34,0.05296015739440918,0.0006299018859863281,"[0, 0, 12, 0, 3, 20, 16, 12, 28, 28, 8, 0, 0, 0, 0, 0, 0, 61]","""[0, 6, 3, 3, 6, 5, 9, 2, 2, 4, 10, 30, 52, 59, 15, 48, 61, 0]"""
j10,2,reactive,600,True,29,0.05296015739440918,0.1022346019744873,"[0, 0, 12, 0, 3, 20, 16, 12, 25, 25, 8, 0, 0, 0, 0, 0, 0, 29]","[0, 6, 3, 3, 6, 5, 9, 2, 2, 4, 10, 30, 52, 59, 15, 48, 61, 0]"
j10,2,stnu,600,True,25,0.7474102973937988,0.009444952011108398,"[0, 0, 9, 0, 3, 16, 12, 9, 21, 21, 6, 0, 0, 0, 0, 0, 0, 25]","""[0, 6, 3, 3, 6, 5, 9, 2, 2, 4, 10, 30, 52, 59, 15, 48, 61, 0]"""
j10,2,proactive_robust,600,True,34,0.053914546966552734,0.000614166259765625,"[0, 0, 12, 0, 3, 20, 16, 12, 28, 28, 8, 0, 0, 0, 0, 0, 0, 61]","""[0, 1, 4, 2, 7, 2, 5, 1, 6, 3, 3, 30, 52, 59, 15, 48, 61, 0]"""
j10,2,reactive,600,True,28,0.053914546966552734,0.1324317455291748,"[0, 0, 12, 0, 3, 20, 16, 12, 22, 22, 8, 0, 0, 0, 0, 0, 0, 28]","[0, 1, 4, 2, 7, 2, 5, 1, 6, 3, 3, 30, 52, 59, 15, 48, 61, 0]"
j10,2,stnu,600,True,24,0.8433349132537842,0.009413957595825195,"[0, 0, 9, 0, 2, 10, 13, 9, 18, 18, 2, 0, 0, 0, 0, 0, 0, 24]","""[0, 1, 4, 2, 7, 2, 5, 1, 6, 3, 3, 30, 52, 59, 15, 48, 61, 0]"""
j10,2,proactive_robust,600,True,34,0.050870418548583984,0.0006186962127685547,"[0, 0, 12, 0, 3, 20, 16, 12, 28, 28, 8, 0, 0, 0, 0, 0, 0, 61]","""[0, 3, 2, 3, 6, 1, 4, 1, 6, 2, 8, 30, 52, 59, 15, 48, 61, 0]"""
j10,2,reactive,600,True,27,0.050870418548583984,0.13248920440673828,"[0, 0, 12, 0, 3, 20, 16, 12, 21, 21, 8, 0, 0, 0, 0, 0, 0, 27]","[0, 3, 2, 3, 6, 1, 4, 1, 6, 2, 8, 30, 52, 59, 15, 48, 61, 0]"
j10,2,stnu,600,True,21,0.8258280754089355,0.009298324584960938,"[0, 0, 9, 0, 3, 11, 11, 9, 15, 15, 3, 0, 0, 0, 0, 0, 0, 21]","""[0, 3, 2, 3, 6, 1, 4, 1, 6, 2, 8, 30, 52, 59, 15, 48, 61, 0]"""
j10,2,proactive_robust,600,True,34,0.051763296127319336,0.0006070137023925781,"[0, 0, 12, 0, 3, 20, 16, 12, 28, 28, 8, 0, 0, 0, 0, 0, 0, 61]","""[0, 8, 1, 2, 7, 2, 5, 1, 3, 1, 6, 30, 52, 59, 15, 48, 61, 0]"""
j10,2,reactive,600,True,25,0.051763296127319336,0.1397707462310791,"[0, 0, 12, 0, 3, 20, 16, 12, 22, 22, 8, 0, 0, 0, 0, 0, 0, 25]","[0, 8, 1, 2, 7, 2, 5, 1, 3, 1, 6, 30, 52, 59, 15, 48, 61, 0]"
j10,2,stnu,600,True,19,1.0245673656463623,0.009349584579467773,"[0, 0, 9, 0, 2, 14, 10, 9, 16, 16, 8, 0, 0, 0, 0, 0, 0, 19]","""[0, 8, 1, 2, 7, 2, 5, 1, 3, 1, 6, 30, 52, 59, 15, 48, 61, 0]"""
j10,2,proactive_robust,600,True,34,0.05458378791809082,0.0006275177001953125,"[0, 0, 12, 0, 3, 20, 16, 12, 28, 28, 8, 0, 0, 0, 0, 0, 0, 61]","""[0, 7, 2, 1, 8, 8, 9, 2, 2, 3, 1, 30, 52, 59, 15, 48, 61, 0]"""
j10,2,reactive,600,True,31,0.05458378791809082,0.1404712200164795,"[0, 0, 12, 0, 3, 20, 16, 12, 28, 28, 8, 0, 0, 0, 0, 0, 0, 31]","[0, 7, 2, 1, 8, 8, 9, 2, 2, 3, 1, 30, 52, 59, 15, 48, 61, 0]"
j10,2,stnu,600,True,23,0.7681136131286621,0.00942087173461914,"[0, 0, 9, 0, 1, 11, 11, 9, 20, 20, 7, 0, 0, 0, 0, 0, 0, 23]","""[0, 7, 2, 1, 8, 8, 9, 2, 2, 3, 1, 30, 52, 59, 15, 48, 61, 0]"""
j10,2,proactive_robust,600,True,34,0.05332326889038086,0.0006108283996582031,"[0, 0, 12, 0, 3, 20, 16, 12, 28, 28, 8, 0, 0, 0, 0, 0, 0, 61]","""[0, 8, 2, 2, 5, 4, 8, 1, 1, 3, 5, 30, 52, 59, 15, 48, 61, 0]"""
j10,2,reactive,600,True,27,0.05332326889038086,0.14698314666748047,"[0, 0, 12, 0, 3, 20, 16, 12, 24, 24, 8, 0, 0, 0, 0, 0, 0, 27]","[0, 8, 2, 2, 5, 4, 8, 1, 1, 3, 5, 30, 52, 59, 15, 48, 61, 0]"
j10,2,stnu,600,True,20,0.8491597175598145,0.009385347366333008,"[0, 0, 7, 0, 2, 13, 9, 8, 17, 17, 8, 0, 0, 0, 0, 0, 0, 20]","""[0, 8, 2, 2, 5, 4, 8, 1, 1, 3, 5, 30, 52, 59, 15, 48, 61, 0]"""
j10,2,proactive_robust,600,True,34,0.051374197006225586,0.0006132125854492188,"[0, 0, 12, 0, 3, 20, 16, 12, 28, 28, 8, 0, 0, 0, 0, 0, 0, 61]","""[0, 1, 4, 2, 7, 7, 7, 2, 2, 3, 2, 30, 52, 59, 15, 48, 61, 0]"""
j10,2,reactive,600,True,31,0.051374197006225586,0.13649868965148926,"[0, 0, 12, 0, 3, 20, 16, 12, 28, 28, 8, 0, 0, 0, 0, 0, 0, 31]","[0, 1, 4, 2, 7, 7, 7, 2, 2, 3, 2, 30, 52, 59, 15, 48, 61, 0]"
j10,2,stnu,600,True,23,0.760157585144043,0.009467840194702148,"[0, 0, 9, 0, 2, 11, 13, 9, 20, 20, 2, 0, 0, 0, 0, 0, 0, 23]","""[0, 1, 4, 2, 7, 7, 7, 2, 2, 3, 2, 30, 52, 59, 15, 48, 61, 0]"""
j10,2,proactive_robust,600,True,34,0.052851200103759766,0.0006146430969238281,"[0, 0, 12, 0, 3, 20, 16, 12, 28, 28, 8, 0, 0, 0, 0, 0, 0, 61]","""[0, 7, 1, 1, 8, 4, 1, 3, 1, 4, 11, 30, 52, 59, 15, 48, 61, 0]"""
j10,2,reactive,600,True,28,0.052851200103759766,0.13811349868774414,"[0, 0, 12, 0, 3, 20, 16, 12, 24, 24, 8, 0, 0, 0, 0, 0, 0, 28]","[0, 7, 1, 1, 8, 4, 1, 3, 1, 4, 11, 30, 52, 59, 15, 48, 61, 0]"
j10,2,stnu,600,True,26,0.7591283321380615,0.009415388107299805,"[0, 0, 9, 0, 1, 18, 12, 9, 22, 22, 7, 0, 0, 0, 0, 0, 0, 26]","""[0, 7, 1, 1, 8, 4, 1, 3, 1, 4, 11, 30, 52, 59, 15, 48, 61, 0]"""
j10,2,proactive_robust,600,True,34,0.05486702919006348,0.0006101131439208984,"[0, 0, 12, 0, 3, 20, 16, 12, 28, 28, 8, 0, 0, 0, 0, 0, 0, 61]","""[0, 6, 1, 2, 8, 4, 2, 2, 2, 1, 3, 30, 52, 59, 15, 48, 61, 0]"""
j10,2,reactive,600,True,19,0.05486702919006348,0.28977417945861816,"[0, 0, 12, 0, 3, 11, 16, 12, 17, 18, 8, 0, 0, 0, 0, 0, 0, 19]","[0, 6, 1, 2, 8, 4, 2, 2, 2, 1, 3, 30, 52, 59, 15, 48, 61, 0]"
j10,2,stnu,600,True,18,0.7434110641479492,0.009498119354248047,"[0, 0, 10, 0, 2, 12, 12, 10, 16, 16, 6, 0, 0, 0, 0, 0, 0, 18]","""[0, 6, 1, 2, 8, 4, 2, 2, 2, 1, 3, 30, 52, 59, 15, 48, 61, 0]"""
