instance_folder,noise_factor,method,time_limit,feasibility,obj,time_offline,time_online,start_times,real_durations
j10,1,proactive_robust,600,True,36,0.30770206451416016,0.0007226467132568359,"[0, 0, 0, 0, 9, 17, 10, 26, 32, 17, 9, 0, 0, 0, 0, 0, 0, 0, 69]","""[0, 6, 9, 4, 6, 4, 1, 2, 2, 3, 8, 46, 15, 23, 34, 69, 49, 65, 0]"""
j10,1,reactive,600,True,25,0.30770206451416016,0.06501531600952148,"[0, 0, 0, 0, 9, 17, 10, 21, 23, 17, 9, 0, 0, 0, 0, 0, 0, 0, 25]","[0, 6, 9, 4, 6, 4, 1, 2, 2, 3, 8, 46, 15, 23, 34, 69, 49, 65, 0]"
j10,1,proactive_robust,600,True,36,0.0578000545501709,0.0007383823394775391,"[0, 0, 0, 0, 9, 17, 10, 26, 32, 17, 9, 0, 0, 0, 0, 0, 0, 0, 69]","""[0, 5, 10, 7, 7, 8, 1, 2, 2, 2, 5, 46, 15, 23, 34, 69, 49, 65, 0]"""
j10,1,reactive,600,True,30,0.0578000545501709,0.08309221267700195,"[0, 0, 0, 0, 9, 17, 10, 26, 28, 17, 9, 0, 0, 0, 0, 0, 0, 0, 30]","[0, 5, 10, 7, 7, 8, 1, 2, 2, 2, 5, 46, 15, 23, 34, 69, 49, 65, 0]"
j10,1,proactive_robust,600,True,36,0.05836987495422363,0.0007414817810058594,"[0, 0, 0, 0, 9, 17, 10, 26, 32, 17, 9, 0, 0, 0, 0, 0, 0, 0, 69]","""[0, 5, 10, 6, 8, 4, 2, 6, 2, 1, 7, 46, 15, 23, 34, 69, 49, 65, 0]"""
j10,1,reactive,600,True,34,0.05836987495422363,0.05452466011047363,"[0, 0, 0, 0, 9, 17, 10, 26, 32, 17, 9, 0, 0, 0, 0, 0, 0, 0, 34]","[0, 5, 10, 6, 8, 4, 2, 6, 2, 1, 7, 46, 15, 23, 34, 69, 49, 65, 0]"
j10,1,proactive_robust,600,True,36,0.053507328033447266,0.0007412433624267578,"[0, 0, 0, 0, 9, 17, 10, 26, 32, 17, 9, 0, 0, 0, 0, 0, 0, 0, 69]","""[0, 2, 9, 8, 5, 8, 1, 5, 2, 3, 7, 46, 15, 23, 34, 69, 49, 65, 0]"""
j10,1,reactive,600,True,34,0.053507328033447266,0.08208799362182617,"[0, 0, 0, 0, 9, 17, 10, 26, 32, 17, 9, 0, 0, 0, 0, 0, 0, 0, 34]","[0, 2, 9, 8, 5, 8, 1, 5, 2, 3, 7, 46, 15, 23, 34, 69, 49, 65, 0]"
j10,1,proactive_robust,600,True,36,0.05681157112121582,0.0007205009460449219,"[0, 0, 0, 0, 9, 17, 10, 26, 32, 17, 9, 0, 0, 0, 0, 0, 0, 0, 69]","""[0, 2, 8, 9, 4, 4, 1, 6, 2, 3, 4, 46, 15, 23, 34, 69, 49, 65, 0]"""
j10,1,reactive,600,True,29,0.05681157112121582,0.06534576416015625,"[0, 0, 0, 0, 9, 17, 10, 21, 27, 17, 9, 0, 0, 0, 0, 0, 0, 0, 29]","[0, 2, 8, 9, 4, 4, 1, 6, 2, 3, 4, 46, 15, 23, 34, 69, 49, 65, 0]"
j10,1,proactive_robust,600,True,36,0.05791044235229492,0.0007476806640625,"[0, 0, 0, 0, 9, 17, 10, 26, 32, 17, 9, 0, 0, 0, 0, 0, 0, 0, 69]","""[0, 5, 10, 7, 8, 9, 1, 6, 3, 2, 8, 46, 15, 23, 34, 69, 49, 65, 0]"""
j10,1,reactive,600,True,35,0.05791044235229492,0.043248653411865234,"[0, 0, 0, 0, 9, 17, 10, 26, 32, 17, 9, 0, 0, 0, 0, 0, 0, 0, 35]","[0, 5, 10, 7, 8, 9, 1, 6, 3, 2, 8, 46, 15, 23, 34, 69, 49, 65, 0]"
j10,1,proactive_robust,600,True,36,0.05425071716308594,0.0007059574127197266,"[0, 0, 0, 0, 9, 17, 10, 26, 32, 17, 9, 0, 0, 0, 0, 0, 0, 0, 69]","""[0, 2, 9, 4, 8, 6, 1, 2, 2, 3, 3, 46, 15, 23, 34, 69, 49, 65, 0]"""
j10,1,reactive,600,True,30,0.05425071716308594,0.0713803768157959,"[0, 0, 0, 0, 9, 17, 10, 26, 28, 17, 9, 0, 0, 0, 0, 0, 0, 0, 30]","[0, 2, 9, 4, 8, 6, 1, 2, 2, 3, 3, 46, 15, 23, 34, 69, 49, 65, 0]"
j10,1,proactive_robust,600,True,36,0.055866241455078125,0.0007107257843017578,"[0, 0, 0, 0, 9, 17, 10, 26, 32, 17, 9, 0, 0, 0, 0, 0, 0, 0, 69]","""[0, 2, 5, 7, 3, 8, 1, 6, 1, 3, 3, 46, 15, 23, 34, 69, 49, 65, 0]"""
j10,1,reactive,600,True,33,0.055866241455078125,0.07155489921569824,"[0, 0, 0, 0, 9, 17, 10, 26, 32, 17, 9, 0, 0, 0, 0, 0, 0, 0, 33]","[0, 2, 5, 7, 3, 8, 1, 6, 1, 3, 3, 46, 15, 23, 34, 69, 49, 65, 0]"
j10,1,proactive_robust,600,True,36,0.05817914009094238,0.0007388591766357422,"[0, 0, 0, 0, 9, 17, 10, 26, 32, 17, 9, 0, 0, 0, 0, 0, 0, 0, 69]","""[0, 5, 10, 9, 6, 4, 1, 6, 4, 2, 6, 46, 15, 23, 34, 69, 49, 65, 0]"""
j10,1,reactive,600,True,31,0.05817914009094238,0.058719635009765625,"[0, 0, 0, 0, 9, 17, 10, 21, 27, 17, 9, 0, 0, 0, 0, 0, 0, 0, 31]","[0, 5, 10, 9, 6, 4, 1, 6, 4, 2, 6, 46, 15, 23, 34, 69, 49, 65, 0]"
j10,1,proactive_robust,600,True,36,0.05708718299865723,0.0007503032684326172,"[0, 0, 0, 0, 9, 17, 10, 26, 32, 17, 9, 0, 0, 0, 0, 0, 0, 0, 69]","""[0, 2, 9, 9, 8, 9, 2, 2, 2, 1, 4, 46, 15, 23, 34, 69, 49, 65, 0]"""
j10,1,reactive,600,True,30,0.05708718299865723,0.06020402908325195,"[0, 0, 0, 0, 9, 17, 10, 26, 28, 17, 9, 0, 0, 0, 0, 0, 0, 0, 30]","[0, 2, 9, 9, 8, 9, 2, 2, 2, 1, 4, 46, 15, 23, 34, 69, 49, 65, 0]"
j10,1,proactive_robust,600,True,42,0.06190657615661621,0.0002791881561279297,"[0, 0, 4, 0, 12, 21, 12, 27, 14, 33, 33, 0, 42]","""[0, 7, 8, 3, 2, 6, 4, 3, 8, 6, 4, 42, 0]"""
j10,1,reactive,600,True,39,0.06190657615661621,0.17495059967041016,"[0, 0, 4, 0, 12, 21, 12, 27, 14, 33, 33, 0, 39]","[0, 7, 8, 3, 2, 6, 4, 3, 8, 6, 4, 42, 0]"
j10,1,proactive_robust,600,True,42,0.05874776840209961,0.0002918243408203125,"[0, 0, 4, 0, 12, 21, 12, 27, 14, 33, 33, 0, 42]","""[0, 10, 9, 1, 3, 2, 9, 5, 8, 7, 9, 42, 0]"""
j10,1,reactive,600,True,42,0.05874776840209961,0.1473069190979004,"[0, 0, 4, 0, 12, 21, 12, 27, 14, 33, 33, 0, 42]","[0, 10, 9, 1, 3, 2, 9, 5, 8, 7, 9, 42, 0]"
j10,1,proactive_robust,600,True,42,0.06130504608154297,0.0002899169921875,"[0, 0, 4, 0, 12, 21, 12, 27, 14, 33, 33, 0, 42]","""[0, 7, 9, 2, 7, 6, 7, 4, 7, 5, 8, 42, 0]"""
j10,1,reactive,600,True,41,0.06130504608154297,0.14329814910888672,"[0, 0, 4, 0, 12, 21, 12, 27, 14, 33, 33, 0, 41]","[0, 7, 9, 2, 7, 6, 7, 4, 7, 5, 8, 42, 0]"
j10,1,proactive_robust,600,True,42,0.059264183044433594,0.0002770423889160156,"[0, 0, 4, 0, 12, 21, 12, 27, 14, 33, 33, 0, 42]","""[0, 12, 8, 1, 7, 4, 7, 6, 10, 7, 8, 42, 0]"""
j10,1,reactive,600,True,41,0.059264183044433594,0.11533427238464355,"[0, 0, 4, 0, 12, 21, 12, 27, 14, 33, 33, 0, 41]","[0, 12, 8, 1, 7, 4, 7, 6, 10, 7, 8, 42, 0]"
j10,1,proactive_robust,600,True,42,0.058541297912597656,0.00028252601623535156,"[0, 0, 4, 0, 12, 21, 12, 27, 14, 33, 33, 0, 42]","""[0, 10, 5, 2, 6, 5, 6, 5, 7, 7, 7, 42, 0]"""
j10,1,reactive,600,True,40,0.058541297912597656,0.16936898231506348,"[0, 0, 4, 0, 12, 21, 12, 27, 14, 33, 33, 0, 40]","[0, 10, 5, 2, 6, 5, 6, 5, 7, 7, 7, 42, 0]"
j10,1,proactive_robust,600,True,42,0.06482124328613281,0.00029397010803222656,"[0, 0, 4, 0, 12, 21, 12, 27, 14, 33, 33, 0, 42]","""[0, 9, 10, 2, 4, 6, 9, 4, 11, 5, 4, 42, 0]"""
j10,1,reactive,600,True,38,0.06482124328613281,0.11994171142578125,"[0, 0, 4, 0, 12, 21, 12, 27, 14, 33, 33, 0, 38]","[0, 9, 10, 2, 4, 6, 9, 4, 11, 5, 4, 42, 0]"
j10,1,proactive_robust,600,True,42,0.05943155288696289,0.0003077983856201172,"[0, 0, 4, 0, 12, 21, 12, 27, 14, 33, 33, 0, 42]","""[0, 12, 9, 2, 5, 5, 8, 2, 11, 9, 9, 42, 0]"""
j10,1,reactive,600,True,38,0.05943155288696289,0.13088274002075195,"[0, 0, 4, 0, 12, 21, 12, 27, 14, 29, 29, 0, 38]","[0, 12, 9, 2, 5, 5, 8, 2, 11, 9, 9, 42, 0]"
j10,1,proactive_robust,600,True,42,0.06065106391906738,0.0002741813659667969,"[0, 0, 4, 0, 12, 21, 12, 27, 14, 33, 33, 0, 42]","""[0, 10, 10, 4, 2, 2, 7, 6, 7, 6, 7, 42, 0]"""
j10,1,reactive,600,True,40,0.06065106391906738,0.135483980178833,"[0, 0, 4, 0, 12, 21, 12, 27, 14, 33, 33, 0, 40]","[0, 10, 10, 4, 2, 2, 7, 6, 7, 6, 7, 42, 0]"
j10,1,proactive_robust,600,True,42,0.05924677848815918,0.00026702880859375,"[0, 0, 4, 0, 12, 21, 12, 27, 14, 33, 33, 0, 42]","""[0, 7, 6, 1, 2, 2, 5, 5, 10, 4, 6, 42, 0]"""
j10,1,reactive,600,True,39,0.05924677848815918,0.21638751029968262,"[0, 0, 4, 0, 12, 21, 12, 27, 14, 33, 33, 0, 39]","[0, 7, 6, 1, 2, 2, 5, 5, 10, 4, 6, 42, 0]"
j10,1,proactive_robust,600,True,42,0.05872702598571777,0.00027680397033691406,"[0, 0, 4, 0, 12, 21, 12, 27, 14, 33, 33, 0, 42]","""[0, 6, 8, 2, 4, 2, 6, 5, 6, 5, 9, 42, 0]"""
j10,1,reactive,600,True,41,0.05872702598571777,0.20550847053527832,"[0, 0, 4, 0, 12, 21, 12, 27, 14, 32, 32, 0, 41]","[0, 6, 8, 2, 4, 2, 6, 5, 6, 5, 9, 42, 0]"
j10,1,proactive_robust,600,True,29,0.07253050804138184,0.00096893310546875,"[0, 2, 0, 0, 4, 6, 10, 10, 17, 10, 4, 0, 0, 0, 0, 0, 0, 0, 0, 0, 70]","""[0, 1, 2, 1, 2, 2, 4, 3, 6, 5, 3, 70, 66, 45, 53, 15, 50, 37, 70, 33, 0]"""
j10,1,reactive,600,True,23,0.07253050804138184,0.09401655197143555,"[0, 2, 0, 0, 4, 6, 10, 10, 17, 10, 4, 0, 0, 0, 0, 0, 0, 0, 0, 0, 23]","[0, 1, 2, 1, 2, 2, 4, 3, 6, 5, 3, 70, 66, 45, 53, 15, 50, 37, 70, 33, 0]"
j10,1,proactive_robust,600,True,29,0.0696251392364502,0.0009801387786865234,"[0, 2, 0, 0, 4, 6, 10, 10, 17, 10, 4, 0, 0, 0, 0, 0, 0, 0, 0, 0, 70]","""[0, 1, 2, 1, 2, 2, 6, 2, 8, 6, 6, 70, 66, 45, 53, 15, 50, 37, 70, 33, 0]"""
j10,1,reactive,600,True,25,0.0696251392364502,0.0919351577758789,"[0, 2, 0, 0, 4, 6, 10, 10, 17, 10, 4, 0, 0, 0, 0, 0, 0, 0, 0, 0, 25]","[0, 1, 2, 1, 2, 2, 6, 2, 8, 6, 6, 70, 66, 45, 53, 15, 50, 37, 70, 33, 0]"
j10,1,proactive_robust,600,True,29,0.07190251350402832,0.0009763240814208984,"[0, 2, 0, 0, 4, 6, 10, 10, 17, 10, 4, 0, 0, 0, 0, 0, 0, 0, 0, 0, 70]","""[0, 1, 1, 2, 1, 3, 2, 1, 10, 7, 3, 70, 66, 45, 53, 15, 50, 37, 70, 33, 0]"""
j10,1,reactive,600,True,27,0.07190251350402832,0.10763049125671387,"[0, 2, 0, 0, 4, 6, 10, 10, 17, 10, 4, 0, 0, 0, 0, 0, 0, 0, 0, 0, 27]","[0, 1, 1, 2, 1, 3, 2, 1, 10, 7, 3, 70, 66, 45, 53, 15, 50, 37, 70, 33, 0]"
j10,1,proactive_robust,600,True,29,0.0716562271118164,0.0009737014770507812,"[0, 2, 0, 0, 4, 6, 10, 10, 17, 10, 4, 0, 0, 0, 0, 0, 0, 0, 0, 0, 70]","""[0, 1, 2, 1, 2, 3, 4, 2, 8, 2, 6, 70, 66, 45, 53, 15, 50, 37, 70, 33, 0]"""
j10,1,reactive,600,True,25,0.0716562271118164,0.08944392204284668,"[0, 2, 0, 0, 4, 6, 10, 10, 17, 10, 4, 0, 0, 0, 0, 0, 0, 0, 0, 0, 25]","[0, 1, 2, 1, 2, 3, 4, 2, 8, 2, 6, 70, 66, 45, 53, 15, 50, 37, 70, 33, 0]"
j10,1,proactive_robust,600,True,29,0.07159852981567383,0.0009665489196777344,"[0, 2, 0, 0, 4, 6, 10, 10, 17, 10, 4, 0, 0, 0, 0, 0, 0, 0, 0, 0, 70]","""[0, 2, 1, 1, 2, 2, 2, 1, 12, 4, 6, 70, 66, 45, 53, 15, 50, 37, 70, 33, 0]"""
j10,1,reactive,600,True,24,0.07159852981567383,0.07799601554870605,"[0, 2, 0, 0, 4, 6, 10, 10, 12, 10, 4, 0, 0, 0, 0, 0, 0, 0, 0, 0, 24]","[0, 2, 1, 1, 2, 2, 2, 1, 12, 4, 6, 70, 66, 45, 53, 15, 50, 37, 70, 33, 0]"
j10,1,proactive_robust,600,True,29,0.07088375091552734,0.0009911060333251953,"[0, 2, 0, 0, 4, 6, 10, 10, 17, 10, 4, 0, 0, 0, 0, 0, 0, 0, 0, 0, 70]","""[0, 1, 2, 1, 2, 3, 2, 3, 11, 6, 6, 70, 66, 45, 53, 15, 50, 37, 70, 33, 0]"""
j10,1,reactive,600,True,28,0.07088375091552734,0.07602047920227051,"[0, 2, 0, 0, 4, 6, 10, 10, 17, 10, 4, 0, 0, 0, 0, 0, 0, 0, 0, 0, 28]","[0, 1, 2, 1, 2, 3, 2, 3, 11, 6, 6, 70, 66, 45, 53, 15, 50, 37, 70, 33, 0]"
j10,1,proactive_robust,600,True,29,0.07094335556030273,0.0009644031524658203,"[0, 2, 0, 0, 4, 6, 10, 10, 17, 10, 4, 0, 0, 0, 0, 0, 0, 0, 0, 0, 70]","""[0, 2, 1, 1, 1, 4, 7, 3, 7, 3, 5, 70, 66, 45, 53, 15, 50, 37, 70, 33, 0]"""
j10,1,reactive,600,True,24,0.07094335556030273,0.09184694290161133,"[0, 2, 0, 0, 4, 6, 10, 10, 17, 10, 4, 0, 0, 0, 0, 0, 0, 0, 0, 0, 24]","[0, 2, 1, 1, 1, 4, 7, 3, 7, 3, 5, 70, 66, 45, 53, 15, 50, 37, 70, 33, 0]"
j10,1,proactive_robust,600,True,29,0.07152628898620605,0.0009789466857910156,"[0, 2, 0, 0, 4, 6, 10, 10, 17, 10, 4, 0, 0, 0, 0, 0, 0, 0, 0, 0, 70]","""[0, 2, 1, 1, 1, 2, 7, 3, 11, 6, 6, 70, 66, 45, 53, 15, 50, 37, 70, 33, 0]"""
j10,1,reactive,600,True,28,0.07152628898620605,0.08906364440917969,"[0, 2, 0, 0, 4, 6, 10, 10, 17, 10, 4, 0, 0, 0, 0, 0, 0, 0, 0, 0, 28]","[0, 2, 1, 1, 1, 2, 7, 3, 11, 6, 6, 70, 66, 45, 53, 15, 50, 37, 70, 33, 0]"
j10,1,proactive_robust,600,True,29,0.07220792770385742,0.0009682178497314453,"[0, 2, 0, 0, 4, 6, 10, 10, 17, 10, 4, 0, 0, 0, 0, 0, 0, 0, 0, 0, 70]","""[0, 2, 1, 1, 2, 2, 5, 1, 10, 5, 4, 70, 66, 45, 53, 15, 50, 37, 70, 33, 0]"""
j10,1,reactive,600,True,27,0.07220792770385742,0.09528660774230957,"[0, 2, 0, 0, 4, 6, 10, 10, 17, 10, 4, 0, 0, 0, 0, 0, 0, 0, 0, 0, 27]","[0, 2, 1, 1, 2, 2, 5, 1, 10, 5, 4, 70, 66, 45, 53, 15, 50, 37, 70, 33, 0]"
j10,1,proactive_robust,600,True,29,0.07190299034118652,0.0009593963623046875,"[0, 2, 0, 0, 4, 6, 10, 10, 17, 10, 4, 0, 0, 0, 0, 0, 0, 0, 0, 0, 70]","""[0, 1, 1, 2, 1, 2, 7, 3, 6, 2, 2, 70, 66, 45, 53, 15, 50, 37, 70, 33, 0]"""
j10,1,reactive,600,True,23,0.07190299034118652,0.09970259666442871,"[0, 2, 0, 0, 4, 6, 10, 10, 17, 10, 4, 0, 0, 0, 0, 0, 0, 0, 0, 0, 23]","[0, 1, 1, 2, 1, 2, 7, 3, 6, 2, 2, 70, 66, 45, 53, 15, 50, 37, 70, 33, 0]"
j10,1,proactive_robust,600,True,39,0.05840277671813965,0.0011594295501708984,"[0, 0, 0, 0, 3, 3, 3, 15, 13, 27, 3, 0, 0, 0, 0, 0, 0, 0, 0, 0, 0, 84]","""[0, 12, 3, 2, 10, 9, 7, 11, 4, 7, 6, 68, 20, 84, 26, 19, 22, 72, 76, 56, 83, 0]"""
j10,1,reactive,600,True,34,0.05840277671813965,0.07556819915771484,"[0, 0, 0, 0, 3, 3, 3, 15, 13, 27, 3, 0, 0, 0, 0, 0, 0, 0, 0, 0, 0, 34]","[0, 12, 3, 2, 10, 9, 7, 11, 4, 7, 6, 68, 20, 84, 26, 19, 22, 72, 76, 56, 83, 0]"
j10,1,proactive_robust,600,True,39,0.058011531829833984,0.00115966796875,"[0, 0, 0, 0, 3, 3, 3, 15, 13, 27, 3, 0, 0, 0, 0, 0, 0, 0, 0, 0, 0, 84]","""[0, 11, 1, 3, 9, 7, 7, 10, 8, 10, 6, 68, 20, 84, 26, 19, 22, 72, 76, 56, 83, 0]"""
j10,1,reactive,600,True,37,0.058011531829833984,0.0896446704864502,"[0, 0, 0, 0, 3, 3, 3, 15, 13, 27, 3, 0, 0, 0, 0, 0, 0, 0, 0, 0, 0, 37]","[0, 11, 1, 3, 9, 7, 7, 10, 8, 10, 6, 68, 20, 84, 26, 19, 22, 72, 76, 56, 83, 0]"
j10,1,proactive_robust,600,True,39,0.05774378776550293,0.0011529922485351562,"[0, 0, 0, 0, 3, 3, 3, 15, 13, 27, 3, 0, 0, 0, 0, 0, 0, 0, 0, 0, 0, 84]","""[0, 11, 1, 2, 6, 7, 12, 7, 9, 10, 9, 68, 20, 84, 26, 19, 22, 72, 76, 56, 83, 0]"""
j10,1,reactive,600,True,37,0.05774378776550293,0.08798980712890625,"[0, 0, 0, 0, 3, 3, 3, 15, 13, 27, 3, 0, 0, 0, 0, 0, 0, 0, 0, 0, 0, 37]","[0, 11, 1, 2, 6, 7, 12, 7, 9, 10, 9, 68, 20, 84, 26, 19, 22, 72, 76, 56, 83, 0]"
j10,1,proactive_robust,600,True,39,0.057868003845214844,0.001142740249633789,"[0, 0, 0, 0, 3, 3, 3, 15, 13, 27, 3, 0, 0, 0, 0, 0, 0, 0, 0, 0, 0, 84]","""[0, 6, 1, 3, 9, 4, 7, 8, 7, 12, 6, 68, 20, 84, 26, 19, 22, 72, 76, 56, 83, 0]"""
j10,1,reactive,600,True,35,0.057868003845214844,0.08939886093139648,"[0, 0, 0, 0, 3, 3, 3, 15, 13, 23, 3, 0, 0, 0, 0, 0, 0, 0, 0, 0, 0, 35]","[0, 6, 1, 3, 9, 4, 7, 8, 7, 12, 6, 68, 20, 84, 26, 19, 22, 72, 76, 56, 83, 0]"
j10,1,proactive_robust,600,True,39,0.057936668395996094,0.0011436939239501953,"[0, 0, 0, 0, 3, 3, 3, 15, 13, 27, 3, 0, 0, 0, 0, 0, 0, 0, 0, 0, 0, 84]","""[0, 12, 3, 3, 10, 6, 9, 6, 5, 6, 5, 68, 20, 84, 26, 19, 22, 72, 76, 56, 83, 0]"""
j10,1,reactive,600,True,27,0.057936668395996094,0.06950092315673828,"[0, 0, 0, 0, 3, 3, 3, 15, 13, 21, 3, 0, 0, 0, 0, 0, 0, 0, 0, 0, 0, 27]","[0, 12, 3, 3, 10, 6, 9, 6, 5, 6, 5, 68, 20, 84, 26, 19, 22, 72, 76, 56, 83, 0]"
j10,1,proactive_robust,600,True,39,0.05745077133178711,0.0011448860168457031,"[0, 0, 0, 0, 3, 3, 3, 15, 13, 27, 3, 0, 0, 0, 0, 0, 0, 0, 0, 0, 0, 84]","""[0, 12, 1, 2, 10, 4, 10, 10, 9, 7, 5, 68, 20, 84, 26, 19, 22, 72, 76, 56, 83, 0]"""
j10,1,reactive,600,True,34,0.05745077133178711,0.09320473670959473,"[0, 0, 0, 0, 3, 3, 3, 15, 13, 27, 3, 0, 0, 0, 0, 0, 0, 0, 0, 0, 0, 34]","[0, 12, 1, 2, 10, 4, 10, 10, 9, 7, 5, 68, 20, 84, 26, 19, 22, 72, 76, 56, 83, 0]"
j10,1,proactive_robust,600,True,39,0.056999921798706055,0.0011446475982666016,"[0, 0, 0, 0, 3, 3, 3, 15, 13, 27, 3, 0, 0, 0, 0, 0, 0, 0, 0, 0, 0, 84]","""[0, 10, 2, 1, 5, 6, 10, 11, 7, 7, 9, 68, 20, 84, 26, 19, 22, 72, 76, 56, 83, 0]"""
j10,1,reactive,600,True,34,0.056999921798706055,0.11381864547729492,"[0, 0, 0, 0, 3, 3, 3, 15, 13, 27, 3, 0, 0, 0, 0, 0, 0, 0, 0, 0, 0, 34]","[0, 10, 2, 1, 5, 6, 10, 11, 7, 7, 9, 68, 20, 84, 26, 19, 22, 72, 76, 56, 83, 0]"
j10,1,proactive_robust,600,True,39,0.05716252326965332,0.0011615753173828125,"[0, 0, 0, 0, 3, 3, 3, 15, 13, 27, 3, 0, 0, 0, 0, 0, 0, 0, 0, 0, 0, 84]","""[0, 11, 3, 3, 7, 8, 10, 10, 6, 11, 8, 68, 20, 84, 26, 19, 22, 72, 76, 56, 83, 0]"""
j10,1,reactive,600,True,38,0.05716252326965332,0.07295441627502441,"[0, 0, 0, 0, 3, 3, 3, 15, 13, 27, 3, 0, 0, 0, 0, 0, 0, 0, 0, 0, 0, 38]","[0, 11, 3, 3, 7, 8, 10, 10, 6, 11, 8, 68, 20, 84, 26, 19, 22, 72, 76, 56, 83, 0]"
j10,1,proactive_robust,600,True,39,0.058501243591308594,0.0011413097381591797,"[0, 0, 0, 0, 3, 3, 3, 15, 13, 27, 3, 0, 0, 0, 0, 0, 0, 0, 0, 0, 0, 84]","""[0, 12, 3, 3, 7, 6, 7, 11, 4, 6, 10, 68, 20, 84, 26, 19, 22, 72, 76, 56, 83, 0]"""
j10,1,reactive,600,True,33,0.058501243591308594,0.0668795108795166,"[0, 0, 0, 0, 3, 3, 3, 15, 13, 27, 3, 0, 0, 0, 0, 0, 0, 0, 0, 0, 0, 33]","[0, 12, 3, 3, 7, 6, 7, 11, 4, 6, 10, 68, 20, 84, 26, 19, 22, 72, 76, 56, 83, 0]"
j10,1,proactive_robust,600,True,39,0.054785966873168945,0.0011425018310546875,"[0, 0, 0, 0, 3, 3, 3, 15, 13, 27, 3, 0, 0, 0, 0, 0, 0, 0, 0, 0, 0, 84]","""[0, 6, 1, 3, 9, 5, 9, 9, 8, 9, 7, 68, 20, 84, 26, 19, 22, 72, 76, 56, 83, 0]"""
j10,1,reactive,600,True,36,0.054785966873168945,0.0961294174194336,"[0, 0, 0, 0, 3, 3, 3, 15, 13, 27, 3, 0, 0, 0, 0, 0, 0, 0, 0, 0, 0, 36]","[0, 6, 1, 3, 9, 5, 9, 9, 8, 9, 7, 68, 20, 84, 26, 19, 22, 72, 76, 56, 83, 0]"
j10,1,proactive_robust,600,True,34,0.06397461891174316,0.0006461143493652344,"[0, 0, 0, 3, 18, 11, 11, 12, 25, 19, 19, 0, 0, 0, 0, 0, 0, 0, 67]","""[0, 3, 10, 8, 3, 3, 7, 3, 8, 5, 1, 3, 15, 36, 67, 39, 26, 59, 0]"""
j10,1,reactive,600,True,33,0.06397461891174316,0.09230518341064453,"[0, 0, 0, 3, 18, 11, 11, 12, 25, 19, 19, 0, 0, 0, 0, 0, 0, 0, 33]","[0, 3, 10, 8, 3, 3, 7, 3, 8, 5, 1, 3, 15, 36, 67, 39, 26, 59, 0]"
j10,1,proactive_robust,600,True,34,0.06124472618103027,0.0006468296051025391,"[0, 0, 0, 3, 18, 11, 11, 12, 25, 19, 19, 0, 0, 0, 0, 0, 0, 0, 67]","""[0, 3, 8, 8, 7, 6, 6, 2, 5, 3, 1, 3, 15, 36, 67, 39, 26, 59, 0]"""
j10,1,reactive,600,True,30,0.06124472618103027,0.08860278129577637,"[0, 0, 0, 3, 18, 11, 11, 12, 25, 19, 19, 0, 0, 0, 0, 0, 0, 0, 30]","[0, 3, 8, 8, 7, 6, 6, 2, 5, 3, 1, 3, 15, 36, 67, 39, 26, 59, 0]"
j10,1,proactive_robust,600,True,34,0.0887594223022461,0.00064849853515625,"[0, 0, 0, 3, 18, 11, 11, 12, 25, 19, 19, 0, 0, 0, 0, 0, 0, 0, 67]","""[0, 3, 11, 5, 4, 3, 7, 4, 7, 5, 3, 3, 15, 36, 67, 39, 26, 59, 0]"""
j10,1,reactive,600,True,32,0.0887594223022461,0.13389897346496582,"[0, 0, 0, 3, 18, 11, 11, 12, 25, 19, 19, 0, 0, 0, 0, 0, 0, 0, 32]","[0, 3, 11, 5, 4, 3, 7, 4, 7, 5, 3, 3, 15, 36, 67, 39, 26, 59, 0]"
j10,1,proactive_robust,600,True,34,0.06317639350891113,0.0006461143493652344,"[0, 0, 0, 3, 18, 11, 11, 12, 25, 19, 19, 0, 0, 0, 0, 0, 0, 0, 67]","""[0, 2, 9, 3, 3, 8, 6, 5, 9, 3, 2, 3, 15, 36, 67, 39, 26, 59, 0]"""
j10,1,reactive,600,True,30,0.06317639350891113,0.15094637870788574,"[0, 0, 0, 3, 18, 11, 11, 12, 21, 19, 19, 0, 0, 0, 0, 0, 0, 0, 30]","[0, 2, 9, 3, 3, 8, 6, 5, 9, 3, 2, 3, 15, 36, 67, 39, 26, 59, 0]"
j10,1,proactive_robust,600,True,34,0.06308794021606445,0.0006356239318847656,"[0, 0, 0, 3, 18, 11, 11, 12, 25, 19, 19, 0, 0, 0, 0, 0, 0, 0, 67]","""[0, 3, 10, 8, 6, 6, 4, 2, 5, 5, 2, 3, 15, 36, 67, 39, 26, 59, 0]"""
j10,1,reactive,600,True,30,0.06308794021606445,0.0926826000213623,"[0, 0, 0, 3, 18, 11, 11, 12, 25, 19, 19, 0, 0, 0, 0, 0, 0, 0, 30]","[0, 3, 10, 8, 6, 6, 4, 2, 5, 5, 2, 3, 15, 36, 67, 39, 26, 59, 0]"
j10,1,proactive_robust,600,True,34,0.06076931953430176,0.0006704330444335938,"[0, 0, 0, 3, 18, 11, 11, 12, 25, 19, 19, 0, 0, 0, 0, 0, 0, 0, 67]","""[0, 1, 11, 8, 6, 7, 5, 3, 7, 6, 3, 3, 15, 36, 67, 39, 26, 59, 0]"""
j10,1,reactive,600,True,32,0.06076931953430176,0.10119271278381348,"[0, 0, 0, 3, 18, 11, 11, 12, 25, 19, 19, 0, 0, 0, 0, 0, 0, 0, 32]","[0, 1, 11, 8, 6, 7, 5, 3, 7, 6, 3, 3, 15, 36, 67, 39, 26, 59, 0]"
j10,1,proactive_robust,600,True,34,0.10851168632507324,0.0006444454193115234,"[0, 0, 0, 3, 18, 11, 11, 12, 25, 19, 19, 0, 0, 0, 0, 0, 0, 0, 67]","""[0, 1, 10, 4, 6, 6, 2, 5, 4, 3, 3, 3, 15, 36, 67, 39, 26, 59, 0]"""
j10,1,reactive,600,True,29,0.10851168632507324,0.15564346313476562,"[0, 0, 0, 3, 18, 11, 11, 12, 25, 19, 19, 0, 0, 0, 0, 0, 0, 0, 29]","[0, 1, 10, 4, 6, 6, 2, 5, 4, 3, 3, 3, 15, 36, 67, 39, 26, 59, 0]"
j10,1,proactive_robust,600,True,34,0.06567907333374023,0.0006487369537353516,"[0, 0, 0, 3, 18, 11, 11, 12, 25, 19, 19, 0, 0, 0, 0, 0, 0, 0, 67]","""[0, 3, 12, 4, 6, 7, 7, 2, 5, 3, 3, 3, 15, 36, 67, 39, 26, 59, 0]"""
j10,1,reactive,600,True,30,0.06567907333374023,0.08882999420166016,"[0, 0, 0, 3, 18, 11, 11, 12, 25, 19, 19, 0, 0, 0, 0, 0, 0, 0, 30]","[0, 3, 12, 4, 6, 7, 7, 2, 5, 3, 3, 3, 15, 36, 67, 39, 26, 59, 0]"
j10,1,proactive_robust,600,True,34,0.0638113021850586,0.0006330013275146484,"[0, 0, 0, 3, 18, 11, 11, 12, 25, 19, 19, 0, 0, 0, 0, 0, 0, 0, 67]","""[0, 3, 9, 6, 4, 4, 3, 7, 6, 4, 3, 3, 15, 36, 67, 39, 26, 59, 0]"""
j10,1,reactive,600,True,31,0.0638113021850586,0.11346173286437988,"[0, 0, 0, 3, 18, 11, 11, 12, 25, 19, 19, 0, 0, 0, 0, 0, 0, 0, 31]","[0, 3, 9, 6, 4, 4, 3, 7, 6, 4, 3, 3, 15, 36, 67, 39, 26, 59, 0]"
j10,1,proactive_robust,600,True,34,0.06444287300109863,0.000659942626953125,"[0, 0, 0, 3, 18, 11, 11, 12, 25, 19, 19, 0, 0, 0, 0, 0, 0, 0, 67]","""[0, 3, 9, 3, 7, 6, 7, 5, 8, 5, 3, 3, 15, 36, 67, 39, 26, 59, 0]"""
j10,1,reactive,600,True,33,0.06444287300109863,0.12104129791259766,"[0, 0, 0, 3, 18, 11, 11, 12, 25, 19, 19, 0, 0, 0, 0, 0, 0, 0, 33]","[0, 3, 9, 3, 7, 6, 7, 5, 8, 5, 3, 3, 15, 36, 67, 39, 26, 59, 0]"
j10,1,proactive_robust,600,True,39,0.060857534408569336,0.0002841949462890625,"[0, 0, 0, 0, 4, 11, 15, 23, 11, 15, 31, 0, 61]","""[0, 4, 1, 7, 4, 1, 3, 7, 4, 7, 6, 61, 0]"""
j10,1,reactive,600,True,37,0.060857534408569336,0.12071633338928223,"[0, 0, 0, 0, 4, 11, 15, 23, 11, 15, 31, 0, 37]","[0, 4, 1, 7, 4, 1, 3, 7, 4, 7, 6, 61, 0]"
j10,1,proactive_robust,600,True,39,0.060143232345581055,0.00028228759765625,"[0, 0, 0, 0, 4, 11, 15, 23, 11, 15, 31, 0, 61]","""[0, 1, 3, 4, 3, 3, 8, 8, 2, 5, 3, 61, 0]"""
j10,1,reactive,600,True,34,0.060143232345581055,0.11456704139709473,"[0, 0, 0, 0, 4, 11, 15, 23, 11, 15, 31, 0, 34]","[0, 1, 3, 4, 3, 3, 8, 8, 2, 5, 3, 61, 0]"
j10,1,proactive_robust,600,True,39,0.059677839279174805,0.0002732276916503906,"[0, 0, 0, 0, 4, 11, 15, 23, 11, 15, 31, 0, 61]","""[0, 2, 3, 6, 4, 3, 4, 5, 2, 5, 3, 61, 0]"""
j10,1,reactive,600,True,31,0.059677839279174805,0.1187891960144043,"[0, 0, 0, 0, 4, 11, 15, 23, 11, 15, 28, 0, 31]","[0, 2, 3, 6, 4, 3, 4, 5, 2, 5, 3, 61, 0]"
j10,1,proactive_robust,600,True,39,0.058745622634887695,0.00028228759765625,"[0, 0, 0, 0, 4, 11, 15, 23, 11, 15, 31, 0, 61]","""[0, 2, 1, 6, 6, 1, 3, 3, 5, 7, 4, 61, 0]"""
j10,1,reactive,600,True,30,0.058745622634887695,0.13093852996826172,"[0, 0, 0, 0, 4, 11, 15, 23, 11, 15, 26, 0, 30]","[0, 2, 1, 6, 6, 1, 3, 3, 5, 7, 4, 61, 0]"
j10,1,proactive_robust,600,True,39,0.058866262435913086,0.00027942657470703125,"[0, 0, 0, 0, 4, 11, 15, 23, 11, 15, 31, 0, 61]","""[0, 2, 1, 4, 4, 3, 7, 7, 3, 4, 4, 61, 0]"""
j10,1,reactive,600,True,35,0.058866262435913086,0.14793920516967773,"[0, 0, 0, 0, 4, 11, 15, 23, 11, 15, 31, 0, 35]","[0, 2, 1, 4, 4, 3, 7, 7, 3, 4, 4, 61, 0]"
j10,1,proactive_robust,600,True,39,0.05976057052612305,0.0003027915954589844,"[0, 0, 0, 0, 4, 11, 15, 23, 11, 15, 31, 0, 61]","""[0, 3, 2, 5, 6, 1, 8, 7, 6, 4, 6, 61, 0]"""
j10,1,reactive,600,True,37,0.05976057052612305,0.11635231971740723,"[0, 0, 0, 0, 4, 11, 15, 23, 11, 15, 31, 0, 37]","[0, 3, 2, 5, 6, 1, 8, 7, 6, 4, 6, 61, 0]"
j10,1,proactive_robust,600,True,39,0.05907082557678223,0.0002906322479248047,"[0, 0, 0, 0, 4, 11, 15, 23, 11, 15, 31, 0, 61]","""[0, 4, 3, 7, 5, 1, 8, 7, 3, 4, 5, 61, 0]"""
j10,1,reactive,600,True,36,0.05907082557678223,0.08696317672729492,"[0, 0, 0, 0, 4, 11, 15, 23, 11, 15, 31, 0, 36]","[0, 4, 3, 7, 5, 1, 8, 7, 3, 4, 5, 61, 0]"
j10,1,proactive_robust,600,True,39,0.05904102325439453,0.0002911090850830078,"[0, 0, 0, 0, 4, 11, 15, 23, 11, 15, 31, 0, 61]","""[0, 4, 2, 6, 5, 1, 6, 4, 2, 3, 8, 61, 0]"""
j10,1,reactive,600,True,35,0.05904102325439453,0.11292052268981934,"[0, 0, 0, 0, 4, 11, 15, 23, 11, 15, 27, 0, 35]","[0, 4, 2, 6, 5, 1, 6, 4, 2, 3, 8, 61, 0]"
j10,1,proactive_robust,600,True,39,0.060738563537597656,0.0002846717834472656,"[0, 0, 0, 0, 4, 11, 15, 23, 11, 15, 31, 0, 61]","""[0, 2, 1, 8, 4, 1, 4, 3, 2, 6, 8, 61, 0]"""
j10,1,reactive,600,True,30,0.060738563537597656,0.11761164665222168,"[0, 0, 0, 0, 4, 11, 15, 19, 11, 15, 22, 0, 30]","[0, 2, 1, 8, 4, 1, 4, 3, 2, 6, 8, 61, 0]"
j10,1,proactive_robust,600,True,39,0.058809757232666016,0.00028824806213378906,"[0, 0, 0, 0, 4, 11, 15, 23, 11, 15, 31, 0, 61]","""[0, 1, 3, 5, 3, 4, 7, 8, 6, 4, 3, 61, 0]"""
j10,1,reactive,600,True,34,0.058809757232666016,0.08158493041992188,"[0, 0, 0, 0, 4, 11, 15, 23, 11, 15, 31, 0, 34]","[0, 1, 3, 5, 3, 4, 7, 8, 6, 4, 3, 61, 0]"
j10,1,proactive_robust,600,True,40,0.05982184410095215,0.00047087669372558594,"[0, 4, 0, 0, 13, 25, 4, 4, 28, 25, 8, 0, 0, 0, 84]","""[0, 8, 8, 1, 10, 2, 7, 10, 6, 7, 2, 51, 12, 84, 0]"""
j10,1,reactive,600,True,34,0.05982184410095215,0.0935831069946289,"[0, 4, 0, 0, 13, 25, 4, 4, 28, 25, 8, 0, 0, 0, 34]","[0, 8, 8, 1, 10, 2, 7, 10, 6, 7, 2, 51, 12, 84, 0]"
j10,1,proactive_robust,600,True,40,0.0631704330444336,0.0004520416259765625,"[0, 4, 0, 0, 13, 25, 4, 4, 28, 25, 8, 0, 0, 0, 84]","""[0, 4, 4, 3, 7, 2, 4, 8, 11, 4, 6, 51, 12, 84, 0]"""
j10,1,reactive,600,True,39,0.0631704330444336,0.11898446083068848,"[0, 4, 0, 0, 13, 25, 4, 4, 28, 25, 8, 0, 0, 0, 39]","[0, 4, 4, 3, 7, 2, 4, 8, 11, 4, 6, 51, 12, 84, 0]"
j10,1,proactive_robust,600,True,40,0.060654401779174805,0.0004551410675048828,"[0, 4, 0, 0, 13, 25, 4, 4, 28, 25, 8, 0, 0, 0, 84]","""[0, 6, 3, 1, 8, 2, 4, 9, 11, 5, 5, 51, 12, 84, 0]"""
j10,1,reactive,600,True,39,0.060654401779174805,0.10805797576904297,"[0, 4, 0, 0, 13, 25, 4, 4, 28, 25, 8, 0, 0, 0, 39]","[0, 6, 3, 1, 8, 2, 4, 9, 11, 5, 5, 51, 12, 84, 0]"
j10,1,proactive_robust,600,True,40,0.06017875671386719,0.00045752525329589844,"[0, 4, 0, 0, 13, 25, 4, 4, 28, 25, 8, 0, 0, 0, 84]","""[0, 8, 3, 3, 9, 3, 2, 9, 10, 4, 6, 51, 12, 84, 0]"""
j10,1,reactive,600,True,38,0.06017875671386719,0.10472536087036133,"[0, 4, 0, 0, 13, 25, 4, 4, 28, 25, 8, 0, 0, 0, 38]","[0, 8, 3, 3, 9, 3, 2, 9, 10, 4, 6, 51, 12, 84, 0]"
j10,1,proactive_robust,600,True,40,0.06045651435852051,0.0004630088806152344,"[0, 4, 0, 0, 13, 25, 4, 4, 28, 25, 8, 0, 0, 0, 84]","""[0, 7, 7, 1, 6, 2, 4, 10, 7, 4, 7, 51, 12, 84, 0]"""
j10,1,reactive,600,True,34,0.06045651435852051,0.09039878845214844,"[0, 4, 0, 0, 13, 25, 4, 4, 27, 25, 8, 0, 0, 0, 34]","[0, 7, 7, 1, 6, 2, 4, 10, 7, 4, 7, 51, 12, 84, 0]"
j10,1,proactive_robust,600,True,40,0.08622384071350098,0.0004749298095703125,"[0, 4, 0, 0, 13, 25, 4, 4, 28, 25, 8, 0, 0, 0, 84]","""[0, 9, 5, 4, 8, 1, 6, 10, 12, 5, 5, 51, 12, 84, 0]"""
j10,1,reactive,600,True,38,0.08622384071350098,0.06178736686706543,"[0, 4, 0, 0, 13, 25, 4, 4, 26, 25, 8, 0, 0, 0, 38]","[0, 9, 5, 4, 8, 1, 6, 10, 12, 5, 5, 51, 12, 84, 0]"
j10,1,proactive_robust,600,True,40,0.061392784118652344,0.0004668235778808594,"[0, 4, 0, 0, 13, 25, 4, 4, 28, 25, 8, 0, 0, 0, 84]","""[0, 6, 8, 4, 12, 1, 2, 10, 9, 7, 4, 51, 12, 84, 0]"""
j10,1,reactive,600,True,37,0.061392784118652344,0.05147504806518555,"[0, 4, 0, 0, 13, 25, 4, 4, 28, 25, 8, 0, 0, 0, 37]","[0, 6, 8, 4, 12, 1, 2, 10, 9, 7, 4, 51, 12, 84, 0]"
j10,1,proactive_robust,600,True,40,0.05666518211364746,0.0004642009735107422,"[0, 4, 0, 0, 13, 25, 4, 4, 28, 25, 8, 0, 0, 0, 84]","""[0, 8, 5, 3, 6, 2, 7, 11, 7, 7, 2, 51, 12, 84, 0]"""
j10,1,reactive,600,True,34,0.05666518211364746,0.08116269111633301,"[0, 4, 0, 0, 13, 25, 4, 4, 27, 25, 8, 0, 0, 0, 34]","[0, 8, 5, 3, 6, 2, 7, 11, 7, 7, 2, 51, 12, 84, 0]"
j10,1,proactive_robust,600,True,40,0.06047797203063965,0.0004622936248779297,"[0, 4, 0, 0, 13, 25, 4, 4, 28, 25, 8, 0, 0, 0, 84]","""[0, 4, 3, 1, 7, 2, 4, 11, 12, 7, 3, 51, 12, 84, 0]"""
j10,1,reactive,600,True,34,0.06047797203063965,0.10028648376464844,"[0, 4, 0, 0, 13, 20, 4, 4, 22, 20, 8, 0, 0, 0, 34]","[0, 4, 3, 1, 7, 2, 4, 11, 12, 7, 3, 51, 12, 84, 0]"
j10,1,proactive_robust,600,True,40,0.06149864196777344,0.0004730224609375,"[0, 4, 0, 0, 13, 25, 4, 4, 28, 25, 8, 0, 0, 0, 84]","""[0, 5, 3, 2, 12, 2, 6, 6, 12, 4, 7, 51, 12, 84, 0]"""
j10,1,reactive,600,True,40,0.06149864196777344,0.09020256996154785,"[0, 4, 0, 0, 13, 25, 4, 4, 28, 25, 8, 0, 0, 0, 40]","[0, 5, 3, 2, 12, 2, 6, 6, 12, 4, 7, 51, 12, 84, 0]"
j10,1,proactive_robust,600,True,21,0.05605459213256836,0.0002636909484863281,"[0, 0, 0, 0, 4, 4, 4, 11, 13, 13, 13, 0, 0, 21]","""[0, 1, 10, 2, 7, 7, 1, 2, 3, 1, 6, 21, 21, 0]"""
j10,1,reactive,600,True,19,0.05605459213256836,0.07649397850036621,"[0, 0, 0, 0, 4, 4, 4, 11, 13, 13, 13, 0, 0, 19]","[0, 1, 10, 2, 7, 7, 1, 2, 3, 1, 6, 21, 21, 0]"
j10,1,proactive_robust,600,True,21,0.055583953857421875,0.0002493858337402344,"[0, 0, 0, 0, 4, 4, 4, 11, 13, 13, 13, 0, 0, 21]","""[0, 3, 9, 2, 6, 7, 3, 1, 6, 1, 6, 21, 21, 0]"""
j10,1,reactive,600,True,19,0.055583953857421875,0.07611083984375,"[0, 0, 0, 0, 4, 4, 4, 11, 13, 13, 13, 0, 0, 19]","[0, 3, 9, 2, 6, 7, 3, 1, 6, 1, 6, 21, 21, 0]"
j10,1,proactive_robust,600,True,21,0.056113243103027344,0.0002474784851074219,"[0, 0, 0, 0, 4, 4, 4, 11, 13, 13, 13, 0, 0, 21]","""[0, 1, 7, 1, 8, 3, 3, 2, 4, 1, 6, 21, 21, 0]"""
j10,1,reactive,600,True,19,0.056113243103027344,0.10044407844543457,"[0, 0, 0, 0, 4, 4, 4, 11, 13, 13, 13, 0, 0, 19]","[0, 1, 7, 1, 8, 3, 3, 2, 4, 1, 6, 21, 21, 0]"
j10,1,proactive_robust,600,True,21,0.07668709754943848,0.00024580955505371094,"[0, 0, 0, 0, 4, 4, 4, 11, 13, 13, 13, 0, 0, 21]","""[0, 2, 7, 1, 7, 3, 1, 1, 7, 1, 4, 21, 21, 0]"""
j10,1,reactive,600,True,20,0.07668709754943848,0.11691594123840332,"[0, 0, 0, 0, 4, 4, 4, 11, 13, 13, 13, 0, 0, 20]","[0, 2, 7, 1, 7, 3, 1, 1, 7, 1, 4, 21, 21, 0]"
j10,1,proactive_robust,600,True,21,0.05560588836669922,0.0002319812774658203,"[0, 0, 0, 0, 4, 4, 4, 11, 13, 13, 13, 0, 0, 21]","""[0, 2, 6, 2, 8, 2, 1, 2, 5, 1, 2, 21, 21, 0]"""
j10,1,reactive,600,True,18,0.05560588836669922,0.09784626960754395,"[0, 0, 0, 0, 4, 4, 4, 11, 13, 13, 13, 0, 0, 18]","[0, 2, 6, 2, 8, 2, 1, 2, 5, 1, 2, 21, 21, 0]"
j10,1,proactive_robust,600,True,21,0.054973602294921875,0.00025177001953125,"[0, 0, 0, 0, 4, 4, 4, 11, 13, 13, 13, 0, 0, 21]","""[0, 1, 13, 1, 8, 3, 2, 2, 7, 1, 7, 21, 21, 0]"""
j10,1,reactive,600,True,20,0.054973602294921875,0.09156608581542969,"[0, 0, 0, 0, 4, 4, 4, 11, 13, 13, 13, 0, 0, 20]","[0, 1, 13, 1, 8, 3, 2, 2, 7, 1, 7, 21, 21, 0]"
j10,1,proactive_robust,600,True,21,0.05429220199584961,0.0002589225769042969,"[0, 0, 0, 0, 4, 4, 4, 11, 13, 13, 13, 0, 0, 21]","""[0, 3, 8, 2, 5, 4, 1, 2, 8, 1, 4, 21, 21, 0]"""
j10,1,reactive,600,True,21,0.05429220199584961,0.07613587379455566,"[0, 0, 0, 0, 4, 4, 4, 11, 13, 8, 8, 0, 0, 21]","[0, 3, 8, 2, 5, 4, 1, 2, 8, 1, 4, 21, 21, 0]"
j10,1,proactive_robust,600,True,21,0.05475449562072754,0.0002422332763671875,"[0, 0, 0, 0, 4, 4, 4, 11, 13, 13, 13, 0, 0, 21]","""[0, 1, 8, 1, 5, 7, 2, 2, 5, 1, 6, 21, 21, 0]"""
j10,1,reactive,600,True,19,0.05475449562072754,0.09969258308410645,"[0, 0, 0, 0, 4, 4, 4, 11, 13, 13, 13, 0, 0, 19]","[0, 1, 8, 1, 5, 7, 2, 2, 5, 1, 6, 21, 21, 0]"
j10,1,proactive_robust,600,True,21,0.055376529693603516,0.0002493858337402344,"[0, 0, 0, 0, 4, 4, 4, 11, 13, 13, 13, 0, 0, 21]","""[0, 4, 10, 1, 6, 4, 2, 1, 3, 2, 3, 21, 21, 0]"""
j10,1,reactive,600,True,15,0.055376529693603516,0.085662841796875,"[0, 0, 0, 0, 4, 4, 4, 11, 12, 10, 10, 0, 0, 15]","[0, 4, 10, 1, 6, 4, 2, 1, 3, 2, 3, 21, 21, 0]"
j10,1,proactive_robust,600,True,21,0.05544900894165039,0.0002646446228027344,"[0, 0, 0, 0, 4, 4, 4, 11, 13, 13, 13, 0, 0, 21]","""[0, 4, 13, 2, 9, 2, 2, 2, 4, 2, 7, 21, 21, 0]"""
j10,1,reactive,600,True,20,0.05544900894165039,0.027889728546142578,"[0, 0, 0, 0, 4, 4, 4, 11, 13, 13, 13, 0, 0, 20]","[0, 4, 13, 2, 9, 2, 2, 2, 4, 2, 7, 21, 21, 0]"
j10,1,proactive_robust,600,True,41,0.06139564514160156,0.0010001659393310547,"[0, 0, 0, 10, 4, 20, 4, 20, 20, 29, 39, 0, 0, 0, 0, 0, 0, 0, 0, 0, 73]","""[0, 6, 4, 10, 2, 4, 2, 8, 3, 6, 2, 69, 64, 35, 29, 36, 23, 73, 58, 68, 0]"""
j10,1,reactive,600,True,37,0.06139564514160156,0.09942460060119629,"[0, 0, 0, 10, 4, 20, 4, 20, 20, 29, 35, 0, 0, 0, 0, 0, 0, 0, 0, 0, 37]","[0, 6, 4, 10, 2, 4, 2, 8, 3, 6, 2, 69, 64, 35, 29, 36, 23, 73, 58, 68, 0]"
j10,1,proactive_robust,600,True,41,0.0624995231628418,0.0009868144989013672,"[0, 0, 0, 10, 4, 20, 4, 20, 20, 29, 39, 0, 0, 0, 0, 0, 0, 0, 0, 0, 73]","""[0, 8, 1, 5, 3, 2, 6, 6, 3, 8, 1, 69, 64, 35, 29, 36, 23, 73, 58, 68, 0]"""
j10,1,reactive,600,True,37,0.0624995231628418,0.1601390838623047,"[0, 0, 0, 10, 4, 20, 4, 20, 20, 29, 15, 0, 0, 0, 0, 0, 0, 0, 0, 0, 37]","[0, 8, 1, 5, 3, 2, 6, 6, 3, 8, 1, 69, 64, 35, 29, 36, 23, 73, 58, 68, 0]"
j10,1,proactive_robust,600,True,41,0.06041526794433594,0.0009856224060058594,"[0, 0, 0, 10, 4, 20, 4, 20, 20, 29, 39, 0, 0, 0, 0, 0, 0, 0, 0, 0, 73]","""[0, 10, 3, 9, 2, 1, 2, 4, 3, 10, 1, 69, 64, 35, 29, 36, 23, 73, 58, 68, 0]"""
j10,1,reactive,600,True,39,0.06041526794433594,0.1470484733581543,"[0, 0, 0, 10, 4, 20, 4, 20, 20, 29, 19, 0, 0, 0, 0, 0, 0, 0, 0, 0, 39]","[0, 10, 3, 9, 2, 1, 2, 4, 3, 10, 1, 69, 64, 35, 29, 36, 23, 73, 58, 68, 0]"
j10,1,proactive_robust,600,True,41,0.06295156478881836,0.000982046127319336,"[0, 0, 0, 10, 4, 20, 4, 20, 20, 29, 39, 0, 0, 0, 0, 0, 0, 0, 0, 0, 73]","""[0, 5, 1, 5, 7, 2, 5, 4, 2, 8, 2, 69, 64, 35, 29, 36, 23, 73, 58, 68, 0]"""
j10,1,reactive,600,True,32,0.06295156478881836,0.17169404029846191,"[0, 0, 0, 10, 4, 20, 4, 20, 20, 24, 15, 0, 0, 0, 0, 0, 0, 0, 0, 0, 32]","[0, 5, 1, 5, 7, 2, 5, 4, 2, 8, 2, 69, 64, 35, 29, 36, 23, 73, 58, 68, 0]"
j10,1,proactive_robust,600,True,41,0.06132626533508301,0.0009965896606445312,"[0, 0, 0, 10, 4, 20, 4, 20, 20, 29, 39, 0, 0, 0, 0, 0, 0, 0, 0, 0, 73]","""[0, 6, 4, 9, 6, 4, 2, 4, 2, 10, 2, 69, 64, 35, 29, 36, 23, 73, 58, 68, 0]"""
j10,1,reactive,600,True,36,0.06132626533508301,0.12310528755187988,"[0, 0, 0, 10, 4, 20, 4, 20, 20, 24, 34, 0, 0, 0, 0, 0, 0, 0, 0, 0, 36]","[0, 6, 4, 9, 6, 4, 2, 4, 2, 10, 2, 69, 64, 35, 29, 36, 23, 73, 58, 68, 0]"
j10,1,proactive_robust,600,True,41,0.06345868110656738,0.0009958744049072266,"[0, 0, 0, 10, 4, 20, 4, 20, 20, 29, 39, 0, 0, 0, 0, 0, 0, 0, 0, 0, 73]","""[0, 9, 4, 7, 2, 1, 2, 8, 1, 9, 1, 69, 64, 35, 29, 36, 23, 73, 58, 68, 0]"""
j10,1,reactive,600,True,38,0.06345868110656738,0.19018054008483887,"[0, 0, 0, 10, 4, 20, 4, 20, 20, 29, 17, 0, 0, 0, 0, 0, 0, 0, 0, 0, 38]","[0, 9, 4, 7, 2, 1, 2, 8, 1, 9, 1, 69, 64, 35, 29, 36, 23, 73, 58, 68, 0]"
j10,1,proactive_robust,600,True,41,0.056206703186035156,0.000985860824584961,"[0, 0, 0, 10, 4, 20, 4, 20, 20, 29, 39, 0, 0, 0, 0, 0, 0, 0, 0, 0, 73]","""[0, 5, 2, 8, 3, 1, 2, 7, 1, 5, 2, 69, 64, 35, 29, 36, 23, 73, 58, 68, 0]"""
j10,1,reactive,600,True,34,0.056206703186035156,0.19094038009643555,"[0, 0, 0, 10, 4, 20, 4, 20, 20, 29, 18, 0, 0, 0, 0, 0, 0, 0, 0, 0, 34]","[0, 5, 2, 8, 3, 1, 2, 7, 1, 5, 2, 69, 64, 35, 29, 36, 23, 73, 58, 68, 0]"
j10,1,proactive_robust,600,True,41,0.061197519302368164,0.0009908676147460938,"[0, 0, 0, 10, 4, 20, 4, 20, 20, 29, 39, 0, 0, 0, 0, 0, 0, 0, 0, 0, 73]","""[0, 8, 2, 9, 2, 2, 3, 5, 2, 10, 1, 69, 64, 35, 29, 36, 23, 73, 58, 68, 0]"""
j10,1,reactive,600,True,39,0.061197519302368164,0.17514920234680176,"[0, 0, 0, 10, 4, 20, 4, 20, 20, 29, 19, 0, 0, 0, 0, 0, 0, 0, 0, 0, 39]","[0, 8, 2, 9, 2, 2, 3, 5, 2, 10, 1, 69, 64, 35, 29, 36, 23, 73, 58, 68, 0]"
j10,1,proactive_robust,600,True,41,0.06284189224243164,0.001005411148071289,"[0, 0, 0, 10, 4, 20, 4, 20, 20, 29, 39, 0, 0, 0, 0, 0, 0, 0, 0, 0, 73]","""[0, 7, 4, 9, 5, 3, 6, 5, 3, 6, 2, 69, 64, 35, 29, 36, 23, 73, 58, 68, 0]"""
j10,1,reactive,600,True,35,0.06284189224243164,0.11433267593383789,"[0, 0, 0, 10, 4, 20, 4, 20, 20, 29, 25, 0, 0, 0, 0, 0, 0, 0, 0, 0, 35]","[0, 7, 4, 9, 5, 3, 6, 5, 3, 6, 2, 69, 64, 35, 29, 36, 23, 73, 58, 68, 0]"
j10,1,proactive_robust,600,True,41,0.06254410743713379,0.0009868144989013672,"[0, 0, 0, 10, 4, 20, 4, 20, 20, 29, 39, 0, 0, 0, 0, 0, 0, 0, 0, 0, 73]","""[0, 8, 3, 6, 4, 2, 3, 7, 3, 6, 2, 69, 64, 35, 29, 36, 23, 73, 58, 68, 0]"""
j10,1,reactive,600,True,35,0.06254410743713379,0.17625021934509277,"[0, 0, 0, 10, 4, 20, 4, 20, 20, 29, 16, 0, 0, 0, 0, 0, 0, 0, 0, 0, 35]","[0, 8, 3, 6, 4, 2, 3, 7, 3, 6, 2, 69, 64, 35, 29, 36, 23, 73, 58, 68, 0]"
j10,1,proactive_robust,600,True,27,0.05597710609436035,0.00027823448181152344,"[0, 0, 0, 0, 4, 4, 16, 4, 23, 16, 16, 0, 62]","""[0, 4, 3, 4, 4, 10, 2, 2, 3, 3, 2, 62, 0]"""
j10,1,reactive,600,True,21,0.05597710609436035,0.12531709671020508,"[0, 0, 0, 0, 4, 4, 16, 4, 18, 16, 16, 0, 21]","[0, 4, 3, 4, 4, 10, 2, 2, 3, 3, 2, 62, 0]"
j10,1,proactive_robust,600,True,27,0.05466103553771973,0.0002887248992919922,"[0, 0, 0, 0, 4, 4, 16, 4, 23, 16, 16, 0, 62]","""[0, 1, 1, 6, 4, 8, 7, 4, 4, 4, 5, 62, 0]"""
j10,1,reactive,600,True,27,0.05466103553771973,0.12172889709472656,"[0, 0, 0, 0, 4, 4, 16, 4, 23, 16, 16, 0, 27]","[0, 1, 1, 6, 4, 8, 7, 4, 4, 4, 5, 62, 0]"
j10,1,proactive_robust,600,True,27,0.05741715431213379,0.000293731689453125,"[0, 0, 0, 0, 4, 4, 16, 4, 23, 16, 16, 0, 62]","""[0, 1, 2, 2, 8, 6, 3, 5, 1, 7, 7, 62, 0]"""
j10,1,reactive,600,True,23,0.05741715431213379,0.12841343879699707,"[0, 0, 0, 0, 4, 4, 16, 4, 19, 16, 16, 0, 23]","[0, 1, 2, 2, 8, 6, 3, 5, 1, 7, 7, 62, 0]"
j10,1,proactive_robust,600,True,27,0.05659770965576172,0.0002803802490234375,"[0, 0, 0, 0, 4, 4, 16, 4, 23, 16, 16, 0, 62]","""[0, 1, 4, 5, 4, 10, 3, 3, 2, 5, 4, 62, 0]"""
j10,1,reactive,600,True,21,0.05659770965576172,0.1691908836364746,"[0, 0, 0, 0, 4, 4, 16, 4, 19, 16, 16, 0, 21]","[0, 1, 4, 5, 4, 10, 3, 3, 2, 5, 4, 62, 0]"
j10,1,proactive_robust,600,True,27,0.05719161033630371,0.00029850006103515625,"[0, 0, 0, 0, 4, 4, 16, 4, 23, 16, 16, 0, 62]","""[0, 4, 3, 4, 5, 9, 6, 4, 3, 6, 7, 62, 0]"""
j10,1,reactive,600,True,26,0.05719161033630371,0.1101217269897461,"[0, 0, 0, 0, 4, 4, 16, 4, 23, 16, 16, 0, 26]","[0, 4, 3, 4, 5, 9, 6, 4, 3, 6, 7, 62, 0]"
j10,1,proactive_robust,600,True,27,0.05577850341796875,0.0002918243408203125,"[0, 0, 0, 0, 4, 4, 16, 4, 23, 16, 16, 0, 62]","""[0, 1, 2, 4, 6, 12, 4, 4, 4, 6, 4, 62, 0]"""
j10,1,reactive,600,True,24,0.05577850341796875,0.1173555850982666,"[0, 0, 0, 0, 4, 4, 16, 4, 20, 16, 16, 0, 24]","[0, 1, 2, 4, 6, 12, 4, 4, 4, 6, 4, 62, 0]"
j10,1,proactive_robust,600,True,27,0.05525660514831543,0.0002899169921875,"[0, 0, 0, 0, 4, 4, 16, 4, 23, 16, 16, 0, 62]","""[0, 4, 3, 3, 8, 8, 3, 4, 2, 4, 7, 62, 0]"""
j10,1,reactive,600,True,23,0.05525660514831543,0.10307097434997559,"[0, 0, 0, 0, 4, 4, 16, 4, 19, 16, 16, 0, 23]","[0, 4, 3, 3, 8, 8, 3, 4, 2, 4, 7, 62, 0]"
j10,1,proactive_robust,600,True,27,0.05548882484436035,0.0002894401550292969,"[0, 0, 0, 0, 4, 4, 16, 4, 23, 16, 16, 0, 62]","""[0, 3, 1, 6, 8, 6, 5, 5, 1, 4, 4, 62, 0]"""
j10,1,reactive,600,True,16,0.05548882484436035,0.13697385787963867,"[0, 0, 0, 0, 4, 4, 10, 4, 15, 10, 10, 0, 16]","[0, 3, 1, 6, 8, 6, 5, 5, 1, 4, 4, 62, 0]"
j10,1,proactive_robust,600,True,27,0.05749917030334473,0.0003097057342529297,"[0, 0, 0, 0, 4, 4, 16, 4, 23, 16, 16, 0, 62]","""[0, 4, 4, 7, 7, 9, 5, 5, 1, 4, 5, 62, 0]"""
j10,1,reactive,600,True,22,0.05749917030334473,0.08634781837463379,"[0, 0, 0, 0, 4, 4, 16, 4, 21, 16, 16, 0, 22]","[0, 4, 4, 7, 7, 9, 5, 5, 1, 4, 5, 62, 0]"
j10,1,proactive_robust,600,True,27,0.057076215744018555,0.00028204917907714844,"[0, 0, 0, 0, 4, 4, 16, 4, 23, 16, 16, 0, 62]","""[0, 3, 1, 4, 6, 11, 2, 3, 1, 7, 3, 62, 0]"""
j10,1,reactive,600,True,23,0.057076215744018555,0.1371302604675293,"[0, 0, 0, 0, 4, 4, 16, 4, 18, 16, 16, 0, 23]","[0, 3, 1, 4, 6, 11, 2, 3, 1, 7, 3, 62, 0]"
j10,1,proactive_robust,600,True,35,0.06058192253112793,0.0009436607360839844,"[0, 0, 0, 0, 12, 12, 16, 18, 28, 3, 21, 0, 0, 0, 0, 0, 0, 0, 0, 0, 74]","""[0, 3, 11, 8, 7, 3, 1, 8, 6, 7, 6, 25, 59, 74, 62, 16, 50, 48, 48, 34, 0]"""
j10,1,reactive,600,True,34,0.06058192253112793,0.14161133766174316,"[0, 0, 0, 0, 12, 12, 16, 18, 28, 3, 21, 0, 0, 0, 0, 0, 0, 0, 0, 0, 34]","[0, 3, 11, 8, 7, 3, 1, 8, 6, 7, 6, 25, 59, 74, 62, 16, 50, 48, 48, 34, 0]"
j10,1,proactive_robust,600,True,35,0.058801889419555664,0.0009605884552001953,"[0, 0, 0, 0, 12, 12, 16, 18, 28, 3, 21, 0, 0, 0, 0, 0, 0, 0, 0, 0, 74]","""[0, 3, 12, 7, 8, 2, 2, 10, 7, 9, 6, 25, 59, 74, 62, 16, 50, 48, 48, 34, 0]"""
j10,1,reactive,600,True,35,0.058801889419555664,0.0755915641784668,"[0, 0, 0, 0, 12, 12, 16, 18, 28, 3, 21, 0, 0, 0, 0, 0, 0, 0, 0, 0, 35]","[0, 3, 12, 7, 8, 2, 2, 10, 7, 9, 6, 25, 59, 74, 62, 16, 50, 48, 48, 34, 0]"
j10,1,proactive_robust,600,True,35,0.059110403060913086,0.000946044921875,"[0, 0, 0, 0, 12, 12, 16, 18, 28, 3, 21, 0, 0, 0, 0, 0, 0, 0, 0, 0, 74]","""[0, 2, 7, 8, 5, 4, 2, 5, 6, 12, 7, 25, 59, 74, 62, 16, 50, 48, 48, 34, 0]"""
j10,1,reactive,600,True,34,0.059110403060913086,0.11095690727233887,"[0, 0, 0, 0, 12, 12, 16, 18, 28, 3, 21, 0, 0, 0, 0, 0, 0, 0, 0, 0, 34]","[0, 2, 7, 8, 5, 4, 2, 5, 6, 12, 7, 25, 59, 74, 62, 16, 50, 48, 48, 34, 0]"
j10,1,proactive_robust,600,True,35,0.06036233901977539,0.0009419918060302734,"[0, 0, 0, 0, 12, 12, 16, 18, 28, 3, 21, 0, 0, 0, 0, 0, 0, 0, 0, 0, 74]","""[0, 2, 8, 10, 4, 3, 2, 6, 7, 8, 5, 25, 59, 74, 62, 16, 50, 48, 48, 34, 0]"""
j10,1,reactive,600,True,31,0.06036233901977539,0.13907790184020996,"[0, 0, 0, 0, 12, 12, 16, 18, 24, 3, 21, 0, 0, 0, 0, 0, 0, 0, 0, 0, 31]","[0, 2, 8, 10, 4, 3, 2, 6, 7, 8, 5, 25, 59, 74, 62, 16, 50, 48, 48, 34, 0]"
j10,1,proactive_robust,600,True,35,0.0609586238861084,0.0009472370147705078,"[0, 0, 0, 0, 12, 12, 16, 18, 28, 3, 21, 0, 0, 0, 0, 0, 0, 0, 0, 0, 74]","""[0, 1, 11, 6, 6, 3, 2, 10, 4, 8, 4, 25, 59, 74, 62, 16, 50, 48, 48, 34, 0]"""
j10,1,reactive,600,True,32,0.0609586238861084,0.1356825828552246,"[0, 0, 0, 0, 12, 12, 16, 18, 28, 3, 21, 0, 0, 0, 0, 0, 0, 0, 0, 0, 32]","[0, 1, 11, 6, 6, 3, 2, 10, 4, 8, 4, 25, 59, 74, 62, 16, 50, 48, 48, 34, 0]"
j10,1,proactive_robust,600,True,35,0.06026959419250488,0.0009357929229736328,"[0, 0, 0, 0, 12, 12, 16, 18, 28, 3, 21, 0, 0, 0, 0, 0, 0, 0, 0, 0, 74]","""[0, 1, 7, 5, 6, 1, 2, 8, 7, 12, 3, 25, 59, 74, 62, 16, 50, 48, 48, 34, 0]"""
j10,1,reactive,600,True,33,0.06026959419250488,0.13455581665039062,"[0, 0, 0, 0, 12, 12, 16, 18, 26, 3, 18, 0, 0, 0, 0, 0, 0, 0, 0, 0, 33]","[0, 1, 7, 5, 6, 1, 2, 8, 7, 12, 3, 25, 59, 74, 62, 16, 50, 48, 48, 34, 0]"
j10,1,proactive_robust,600,True,35,0.06015157699584961,0.0009403228759765625,"[0, 0, 0, 0, 12, 12, 16, 18, 28, 3, 21, 0, 0, 0, 0, 0, 0, 0, 0, 0, 74]","""[0, 1, 12, 7, 7, 3, 1, 8, 3, 8, 2, 25, 59, 74, 62, 16, 50, 48, 48, 34, 0]"""
j10,1,reactive,600,True,31,0.06015157699584961,0.14721274375915527,"[0, 0, 0, 0, 12, 12, 16, 18, 28, 3, 21, 0, 0, 0, 0, 0, 0, 0, 0, 0, 31]","[0, 1, 12, 7, 7, 3, 1, 8, 3, 8, 2, 25, 59, 74, 62, 16, 50, 48, 48, 34, 0]"
j10,1,proactive_robust,600,True,35,0.06053590774536133,0.0009562969207763672,"[0, 0, 0, 0, 12, 12, 16, 18, 28, 3, 21, 0, 0, 0, 0, 0, 0, 0, 0, 0, 74]","""[0, 3, 12, 5, 9, 4, 1, 7, 7, 7, 5, 25, 59, 74, 62, 16, 50, 48, 48, 34, 0]"""
j10,1,reactive,600,True,32,0.06053590774536133,0.08061718940734863,"[0, 0, 0, 0, 12, 12, 16, 18, 25, 3, 21, 0, 0, 0, 0, 0, 0, 0, 0, 0, 32]","[0, 3, 12, 5, 9, 4, 1, 7, 7, 7, 5, 25, 59, 74, 62, 16, 50, 48, 48, 34, 0]"
j10,1,proactive_robust,600,True,35,0.061419010162353516,0.00093841552734375,"[0, 0, 0, 0, 12, 12, 16, 18, 28, 3, 21, 0, 0, 0, 0, 0, 0, 0, 0, 0, 74]","""[0, 3, 10, 6, 9, 3, 1, 5, 2, 9, 3, 25, 59, 74, 62, 16, 50, 48, 48, 34, 0]"""
j10,1,reactive,600,True,25,0.061419010162353516,0.12955093383789062,"[0, 0, 0, 0, 12, 12, 16, 18, 23, 3, 21, 0, 0, 0, 0, 0, 0, 0, 0, 0, 25]","[0, 3, 10, 6, 9, 3, 1, 5, 2, 9, 3, 25, 59, 74, 62, 16, 50, 48, 48, 34, 0]"
j10,1,proactive_robust,600,True,35,0.06112384796142578,0.0009448528289794922,"[0, 0, 0, 0, 12, 12, 16, 18, 28, 3, 21, 0, 0, 0, 0, 0, 0, 0, 0, 0, 74]","""[0, 1, 9, 6, 7, 2, 2, 6, 7, 7, 4, 25, 59, 74, 62, 16, 50, 48, 48, 34, 0]"""
j10,1,reactive,600,True,31,0.06112384796142578,0.14243388175964355,"[0, 0, 0, 0, 12, 12, 16, 18, 24, 3, 21, 0, 0, 0, 0, 0, 0, 0, 0, 0, 31]","[0, 1, 9, 6, 7, 2, 2, 6, 7, 7, 4, 25, 59, 74, 62, 16, 50, 48, 48, 34, 0]"
j10,1,proactive_robust,600,True,28,0.057034969329833984,0.00043892860412597656,"[0, 0, 0, 0, 8, 8, 18, 12, 22, 19, 8, 0, 0, 0, 60]","""[0, 4, 3, 6, 2, 7, 2, 4, 4, 6, 7, 60, 25, 55, 0]"""
j10,1,reactive,600,True,26,0.057034969329833984,0.13036680221557617,"[0, 0, 0, 0, 8, 8, 18, 12, 22, 19, 8, 0, 0, 0, 26]","[0, 4, 3, 6, 2, 7, 2, 4, 4, 6, 7, 60, 25, 55, 0]"
j10,1,proactive_robust,600,True,28,0.05517315864562988,0.00042510032653808594,"[0, 0, 0, 0, 8, 8, 18, 12, 22, 19, 8, 0, 0, 0, 60]","""[0, 4, 2, 5, 3, 7, 2, 2, 2, 8, 7, 60, 25, 55, 0]"""
j10,1,reactive,600,True,22,0.05517315864562988,0.11640048027038574,"[0, 0, 0, 0, 8, 8, 18, 12, 20, 14, 8, 0, 0, 0, 22]","[0, 4, 2, 5, 3, 7, 2, 2, 2, 8, 7, 60, 25, 55, 0]"
j10,1,proactive_robust,600,True,28,0.05637168884277344,0.00042700767517089844,"[0, 0, 0, 0, 8, 8, 18, 12, 22, 19, 8, 0, 0, 0, 60]","""[0, 3, 1, 7, 4, 5, 4, 5, 2, 8, 3, 60, 25, 55, 0]"""
j10,1,reactive,600,True,27,0.05637168884277344,0.10166716575622559,"[0, 0, 0, 0, 8, 8, 18, 12, 22, 19, 8, 0, 0, 0, 27]","[0, 3, 1, 7, 4, 5, 4, 5, 2, 8, 3, 60, 25, 55, 0]"
j10,1,proactive_robust,600,True,28,0.05828237533569336,0.00043082237243652344,"[0, 0, 0, 0, 8, 8, 18, 12, 22, 19, 8, 0, 0, 0, 60]","""[0, 3, 1, 4, 2, 10, 3, 7, 2, 6, 2, 60, 25, 55, 0]"""
j10,1,reactive,600,True,25,0.05828237533569336,0.11681580543518066,"[0, 0, 0, 0, 8, 8, 18, 12, 22, 19, 8, 0, 0, 0, 25]","[0, 3, 1, 4, 2, 10, 3, 7, 2, 6, 2, 60, 25, 55, 0]"
j10,1,proactive_robust,600,True,28,0.0571284294128418,0.000431060791015625,"[0, 0, 0, 0, 8, 8, 18, 12, 22, 19, 8, 0, 0, 0, 60]","""[0, 3, 4, 8, 4, 5, 3, 5, 3, 6, 3, 60, 25, 55, 0]"""
j10,1,reactive,600,True,25,0.0571284294128418,0.07550048828125,"[0, 0, 0, 0, 8, 8, 18, 12, 22, 19, 8, 0, 0, 0, 25]","[0, 3, 4, 8, 4, 5, 3, 5, 3, 6, 3, 60, 25, 55, 0]"
j10,1,proactive_robust,600,True,28,0.05356478691101074,0.00043010711669921875,"[0, 0, 0, 0, 8, 8, 18, 12, 22, 19, 8, 0, 0, 0, 60]","""[0, 4, 3, 7, 2, 6, 2, 2, 6, 5, 4, 60, 25, 55, 0]"""
j10,1,reactive,600,True,26,0.05356478691101074,0.13304591178894043,"[0, 0, 0, 0, 8, 8, 18, 12, 20, 14, 8, 0, 0, 0, 26]","[0, 4, 3, 7, 2, 6, 2, 2, 6, 5, 4, 60, 25, 55, 0]"
j10,1,proactive_robust,600,True,28,0.05623960494995117,0.0004448890686035156,"[0, 0, 0, 0, 8, 8, 18, 12, 22, 19, 8, 0, 0, 0, 60]","""[0, 5, 4, 5, 1, 5, 2, 4, 5, 8, 7, 60, 25, 55, 0]"""
j10,1,reactive,600,True,27,0.05623960494995117,0.10037398338317871,"[0, 0, 0, 0, 8, 8, 18, 12, 22, 19, 8, 0, 0, 0, 27]","[0, 5, 4, 5, 1, 5, 2, 4, 5, 8, 7, 60, 25, 55, 0]"
j10,1,proactive_robust,600,True,28,0.0552058219909668,0.00045299530029296875,"[0, 0, 0, 0, 8, 8, 18, 12, 22, 19, 8, 0, 0, 0, 60]","""[0, 8, 3, 5, 2, 9, 3, 7, 4, 3, 5, 60, 25, 55, 0]"""
j10,1,reactive,600,True,26,0.0552058219909668,0.11371207237243652,"[0, 0, 0, 0, 8, 8, 18, 12, 22, 19, 8, 0, 0, 0, 26]","[0, 8, 3, 5, 2, 9, 3, 7, 4, 3, 5, 60, 25, 55, 0]"
j10,1,proactive_robust,600,True,28,0.05740475654602051,0.0004315376281738281,"[0, 0, 0, 0, 8, 8, 18, 12, 22, 19, 8, 0, 0, 0, 60]","""[0, 7, 1, 3, 4, 6, 2, 7, 2, 5, 4, 60, 25, 55, 0]"""
j10,1,reactive,600,True,24,0.05740475654602051,0.12012147903442383,"[0, 0, 0, 0, 8, 8, 18, 12, 22, 19, 8, 0, 0, 0, 24]","[0, 7, 1, 3, 4, 6, 2, 7, 2, 5, 4, 60, 25, 55, 0]"
j10,1,proactive_robust,600,True,28,0.05891895294189453,0.0004429817199707031,"[0, 0, 0, 0, 8, 8, 18, 12, 22, 19, 8, 0, 0, 0, 60]","""[0, 8, 3, 6, 4, 9, 1, 2, 3, 8, 7, 60, 25, 55, 0]"""
j10,1,reactive,600,True,27,0.05891895294189453,0.08619928359985352,"[0, 0, 0, 0, 8, 8, 18, 12, 19, 19, 8, 0, 0, 0, 27]","[0, 8, 3, 6, 4, 9, 1, 2, 3, 8, 7, 60, 25, 55, 0]"
j10,1,proactive_robust,600,True,36,0.058502197265625,0.0006732940673828125,"[0, 0, 0, 0, 4, 12, 12, 15, 24, 33, 24, 0, 0, 0, 0, 0, 75]","""[0, 2, 8, 4, 8, 2, 2, 9, 7, 2, 8, 40, 25, 60, 75, 71, 0]"""
j10,1,reactive,600,True,34,0.058502197265625,0.05116391181945801,"[0, 0, 0, 0, 4, 12, 12, 15, 24, 32, 24, 0, 0, 0, 0, 0, 34]","[0, 2, 8, 4, 8, 2, 2, 9, 7, 2, 8, 40, 25, 60, 75, 71, 0]"
j10,1,proactive_robust,600,True,36,0.05909276008605957,0.0006608963012695312,"[0, 0, 0, 0, 4, 12, 12, 15, 24, 33, 24, 0, 0, 0, 0, 0, 75]","""[0, 2, 7, 3, 3, 2, 2, 9, 11, 2, 9, 40, 25, 60, 75, 71, 0]"""
j10,1,reactive,600,True,35,0.05909276008605957,0.09503984451293945,"[0, 0, 0, 0, 4, 12, 12, 15, 24, 33, 24, 0, 0, 0, 0, 0, 35]","[0, 2, 7, 3, 3, 2, 2, 9, 11, 2, 9, 40, 25, 60, 75, 71, 0]"
j10,1,proactive_robust,600,True,36,0.059233903884887695,0.0006566047668457031,"[0, 0, 0, 0, 4, 12, 12, 15, 24, 33, 24, 0, 0, 0, 0, 0, 75]","""[0, 1, 7, 3, 7, 2, 2, 4, 7, 2, 8, 40, 25, 60, 75, 71, 0]"""
j10,1,reactive,600,True,32,0.059233903884887695,0.15317749977111816,"[0, 0, 0, 0, 4, 12, 12, 15, 24, 19, 24, 0, 0, 0, 0, 0, 32]","[0, 1, 7, 3, 7, 2, 2, 4, 7, 2, 8, 40, 25, 60, 75, 71, 0]"
j10,1,proactive_robust,600,True,36,0.08622455596923828,0.0006556510925292969,"[0, 0, 0, 0, 4, 12, 12, 15, 24, 33, 24, 0, 0, 0, 0, 0, 75]","""[0, 1, 8, 1, 8, 2, 1, 4, 7, 2, 7, 40, 25, 60, 75, 71, 0]"""
j10,1,reactive,600,True,31,0.08622455596923828,0.11683034896850586,"[0, 0, 0, 0, 4, 12, 12, 15, 24, 19, 24, 0, 0, 0, 0, 0, 31]","[0, 1, 8, 1, 8, 2, 1, 4, 7, 2, 7, 40, 25, 60, 75, 71, 0]"
j10,1,proactive_robust,600,True,36,0.06288576126098633,0.0006589889526367188,"[0, 0, 0, 0, 4, 12, 12, 15, 24, 33, 24, 0, 0, 0, 0, 0, 75]","""[0, 1, 4, 4, 7, 1, 3, 6, 10, 2, 4, 40, 25, 60, 75, 71, 0]"""
j10,1,reactive,600,True,35,0.06288576126098633,0.1143958568572998,"[0, 0, 0, 0, 4, 12, 12, 15, 24, 33, 24, 0, 0, 0, 0, 0, 35]","[0, 1, 4, 4, 7, 1, 3, 6, 10, 2, 4, 40, 25, 60, 75, 71, 0]"
j10,1,proactive_robust,600,True,36,0.05562782287597656,0.0006754398345947266,"[0, 0, 0, 0, 4, 12, 12, 15, 24, 33, 24, 0, 0, 0, 0, 0, 75]","""[0, 1, 8, 4, 8, 2, 2, 4, 12, 2, 8, 40, 25, 60, 75, 71, 0]"""
j10,1,reactive,600,True,36,0.05562782287597656,0.07846188545227051,"[0, 0, 0, 0, 4, 12, 12, 15, 24, 19, 24, 0, 0, 0, 0, 0, 36]","[0, 1, 8, 4, 8, 2, 2, 4, 12, 2, 8, 40, 25, 60, 75, 71, 0]"
j10,1,proactive_robust,600,True,36,0.05992436408996582,0.0006508827209472656,"[0, 0, 0, 0, 4, 12, 12, 15, 24, 33, 24, 0, 0, 0, 0, 0, 75]","""[0, 1, 6, 1, 4, 1, 3, 7, 7, 2, 7, 40, 25, 60, 75, 71, 0]"""
j10,1,reactive,600,True,31,0.05992436408996582,0.12917780876159668,"[0, 0, 0, 0, 4, 12, 12, 15, 24, 22, 24, 0, 0, 0, 0, 0, 31]","[0, 1, 6, 1, 4, 1, 3, 7, 7, 2, 7, 40, 25, 60, 75, 71, 0]"
j10,1,proactive_robust,600,True,36,0.05817079544067383,0.0006642341613769531,"[0, 0, 0, 0, 4, 12, 12, 15, 24, 33, 24, 0, 0, 0, 0, 0, 75]","""[0, 1, 8, 2, 8, 2, 1, 6, 6, 1, 6, 40, 25, 60, 75, 71, 0]"""
j10,1,reactive,600,True,30,0.05817079544067383,0.12346339225769043,"[0, 0, 0, 0, 4, 12, 12, 15, 24, 21, 24, 0, 0, 0, 0, 0, 30]","[0, 1, 8, 2, 8, 2, 1, 6, 6, 1, 6, 40, 25, 60, 75, 71, 0]"
j10,1,proactive_robust,600,True,36,0.060565948486328125,0.0006499290466308594,"[0, 0, 0, 0, 4, 12, 12, 15, 24, 33, 24, 0, 0, 0, 0, 0, 75]","""[0, 1, 3, 1, 8, 3, 3, 7, 9, 2, 6, 40, 25, 60, 75, 71, 0]"""
j10,1,reactive,600,True,33,0.060565948486328125,0.1079251766204834,"[0, 0, 0, 0, 4, 12, 12, 15, 24, 22, 24, 0, 0, 0, 0, 0, 33]","[0, 1, 3, 1, 8, 3, 3, 7, 9, 2, 6, 40, 25, 60, 75, 71, 0]"
j10,1,proactive_robust,600,True,36,0.06102585792541504,0.0006701946258544922,"[0, 0, 0, 0, 4, 12, 12, 15, 24, 33, 24, 0, 0, 0, 0, 0, 75]","""[0, 1, 6, 4, 3, 1, 2, 9, 11, 1, 9, 40, 25, 60, 75, 71, 0]"""
j10,1,reactive,600,True,35,0.06102585792541504,0.11638379096984863,"[0, 0, 0, 0, 4, 12, 12, 15, 24, 33, 24, 0, 0, 0, 0, 0, 35]","[0, 1, 6, 4, 3, 1, 2, 9, 11, 1, 9, 40, 25, 60, 75, 71, 0]"
j10,1,proactive_robust,600,True,28,0.057337045669555664,0.0008299350738525391,"[0, 0, 0, 0, 10, 10, 12, 12, 21, 16, 12, 0, 0, 0, 0, 0, 0, 0, 74]","""[0, 9, 4, 10, 7, 1, 4, 1, 4, 3, 2, 66, 57, 56, 60, 21, 28, 74, 0]"""
j10,1,reactive,600,True,21,0.057337045669555664,0.14355087280273438,"[0, 0, 0, 0, 10, 10, 12, 12, 17, 16, 12, 0, 0, 0, 0, 0, 0, 0, 21]","[0, 9, 4, 10, 7, 1, 4, 1, 4, 3, 2, 66, 57, 56, 60, 21, 28, 74, 0]"
j10,1,proactive_robust,600,True,28,0.05688881874084473,0.0008504390716552734,"[0, 0, 0, 0, 10, 10, 12, 12, 21, 16, 12, 0, 0, 0, 0, 0, 0, 0, 74]","""[0, 12, 3, 6, 6, 2, 7, 4, 3, 7, 2, 66, 57, 56, 60, 21, 28, 74, 0]"""
j10,1,reactive,600,True,24,0.05688881874084473,0.11037540435791016,"[0, 0, 0, 0, 10, 10, 12, 12, 21, 16, 12, 0, 0, 0, 0, 0, 0, 0, 24]","[0, 12, 3, 6, 6, 2, 7, 4, 3, 7, 2, 66, 57, 56, 60, 21, 28, 74, 0]"
j10,1,proactive_robust,600,True,28,0.05807161331176758,0.0008356571197509766,"[0, 0, 0, 0, 10, 10, 12, 12, 21, 16, 12, 0, 0, 0, 0, 0, 0, 0, 74]","""[0, 11, 3, 5, 5, 2, 4, 2, 5, 5, 2, 66, 57, 56, 60, 21, 28, 74, 0]"""
j10,1,reactive,600,True,21,0.05807161331176758,0.13926386833190918,"[0, 0, 0, 0, 10, 10, 12, 12, 16, 16, 12, 0, 0, 0, 0, 0, 0, 0, 21]","[0, 11, 3, 5, 5, 2, 4, 2, 5, 5, 2, 66, 57, 56, 60, 21, 28, 74, 0]"
j10,1,proactive_robust,600,True,28,0.05622291564941406,0.0008327960968017578,"[0, 0, 0, 0, 10, 10, 12, 12, 21, 16, 12, 0, 0, 0, 0, 0, 0, 0, 74]","""[0, 6, 3, 6, 6, 2, 6, 4, 5, 7, 4, 66, 57, 56, 60, 21, 28, 74, 0]"""
j10,1,reactive,600,True,26,0.05622291564941406,0.12595319747924805,"[0, 0, 0, 0, 10, 10, 12, 12, 21, 16, 12, 0, 0, 0, 0, 0, 0, 0, 26]","[0, 6, 3, 6, 6, 2, 6, 4, 5, 7, 4, 66, 57, 56, 60, 21, 28, 74, 0]"
j10,1,proactive_robust,600,True,28,0.056409597396850586,0.0008304119110107422,"[0, 0, 0, 0, 10, 10, 12, 12, 21, 16, 12, 0, 0, 0, 0, 0, 0, 0, 74]","""[0, 12, 2, 7, 4, 1, 4, 1, 5, 5, 1, 66, 57, 56, 60, 21, 28, 74, 0]"""
j10,1,reactive,600,True,21,0.056409597396850586,0.1582622528076172,"[0, 0, 0, 0, 10, 10, 12, 12, 16, 16, 12, 0, 0, 0, 0, 0, 0, 0, 21]","[0, 12, 2, 7, 4, 1, 4, 1, 5, 5, 1, 66, 57, 56, 60, 21, 28, 74, 0]"
j10,1,proactive_robust,600,True,28,0.05764293670654297,0.0008132457733154297,"[0, 0, 0, 0, 10, 10, 12, 12, 21, 16, 12, 0, 0, 0, 0, 0, 0, 0, 74]","""[0, 6, 3, 6, 5, 2, 5, 1, 3, 3, 1, 66, 57, 56, 60, 21, 28, 74, 0]"""
j10,1,reactive,600,True,20,0.05764293670654297,0.17962932586669922,"[0, 0, 0, 0, 10, 10, 12, 12, 17, 16, 12, 0, 0, 0, 0, 0, 0, 0, 20]","[0, 6, 3, 6, 5, 2, 5, 1, 3, 3, 1, 66, 57, 56, 60, 21, 28, 74, 0]"
j10,1,proactive_robust,600,True,28,0.06006574630737305,0.0008604526519775391,"[0, 0, 0, 0, 10, 10, 12, 12, 21, 16, 12, 0, 0, 0, 0, 0, 0, 0, 74]","""[0, 7, 5, 7, 8, 1, 6, 3, 5, 8, 3, 66, 57, 56, 60, 21, 28, 74, 0]"""
j10,1,reactive,600,True,26,0.06006574630737305,0.1368114948272705,"[0, 0, 0, 0, 10, 10, 12, 12, 21, 16, 12, 0, 0, 0, 0, 0, 0, 0, 26]","[0, 7, 5, 7, 8, 1, 6, 3, 5, 8, 3, 66, 57, 56, 60, 21, 28, 74, 0]"
j10,1,proactive_robust,600,True,28,0.05930924415588379,0.0008435249328613281,"[0, 0, 0, 0, 10, 10, 12, 12, 21, 16, 12, 0, 0, 0, 0, 0, 0, 0, 74]","""[0, 11, 6, 9, 8, 1, 5, 4, 2, 6, 3, 66, 57, 56, 60, 21, 28, 74, 0]"""
j10,1,reactive,600,True,23,0.05930924415588379,0.10225439071655273,"[0, 0, 0, 0, 10, 10, 12, 12, 21, 16, 12, 0, 0, 0, 0, 0, 0, 0, 23]","[0, 11, 6, 9, 8, 1, 5, 4, 2, 6, 3, 66, 57, 56, 60, 21, 28, 74, 0]"
j10,1,proactive_robust,600,True,28,0.054619789123535156,0.000858306884765625,"[0, 0, 0, 0, 10, 10, 12, 12, 21, 16, 12, 0, 0, 0, 0, 0, 0, 0, 74]","""[0, 11, 4, 8, 6, 2, 8, 3, 7, 7, 2, 66, 57, 56, 60, 21, 28, 74, 0]"""
j10,1,reactive,600,True,28,0.054619789123535156,0.10872101783752441,"[0, 0, 0, 0, 10, 10, 12, 12, 21, 16, 12, 0, 0, 0, 0, 0, 0, 0, 28]","[0, 11, 4, 8, 6, 2, 8, 3, 7, 7, 2, 66, 57, 56, 60, 21, 28, 74, 0]"
j10,1,proactive_robust,600,True,28,0.08084273338317871,0.0008463859558105469,"[0, 0, 0, 0, 10, 10, 12, 12, 21, 16, 12, 0, 0, 0, 0, 0, 0, 0, 74]","""[0, 12, 5, 9, 6, 1, 7, 2, 7, 6, 2, 66, 57, 56, 60, 21, 28, 74, 0]"""
j10,1,reactive,600,True,28,0.08084273338317871,0.13566207885742188,"[0, 0, 0, 0, 10, 10, 12, 12, 21, 16, 12, 0, 0, 0, 0, 0, 0, 0, 28]","[0, 12, 5, 9, 6, 1, 7, 2, 7, 6, 2, 66, 57, 56, 60, 21, 28, 74, 0]"
j10,1,proactive_robust,600,True,34,0.05907177925109863,0.00047898292541503906,"[0, 0, 0, 0, 8, 8, 14, 14, 22, 22, 22, 0, 0, 0, 0, 70]","""[0, 5, 1, 5, 3, 1, 5, 6, 7, 6, 12, 18, 70, 50, 23, 0]"""
j10,1,reactive,600,True,34,0.05907177925109863,0.12389969825744629,"[0, 0, 0, 0, 8, 8, 14, 14, 22, 22, 22, 0, 0, 0, 0, 34]","[0, 5, 1, 5, 3, 1, 5, 6, 7, 6, 12, 18, 70, 50, 23, 0]"
j10,1,proactive_robust,600,True,34,0.05969071388244629,0.0005004405975341797,"[0, 0, 0, 0, 8, 8, 14, 14, 22, 22, 22, 0, 0, 0, 0, 70]","""[0, 5, 1, 7, 5, 3, 7, 4, 8, 9, 12, 18, 70, 50, 23, 0]"""
j10,1,reactive,600,True,34,0.05969071388244629,0.11489224433898926,"[0, 0, 0, 0, 8, 8, 14, 14, 22, 22, 22, 0, 0, 0, 0, 34]","[0, 5, 1, 7, 5, 3, 7, 4, 8, 9, 12, 18, 70, 50, 23, 0]"
j10,1,proactive_robust,600,True,34,0.05635428428649902,0.00048613548278808594,"[0, 0, 0, 0, 8, 8, 14, 14, 22, 22, 22, 0, 0, 0, 0, 70]","""[0, 7, 2, 6, 5, 3, 3, 3, 3, 10, 12, 18, 70, 50, 23, 0]"""
j10,1,reactive,600,True,29,0.05635428428649902,0.09873628616333008,"[0, 0, 0, 0, 8, 8, 14, 14, 17, 17, 17, 0, 0, 0, 0, 29]","[0, 7, 2, 6, 5, 3, 3, 3, 3, 10, 12, 18, 70, 50, 23, 0]"
j10,1,proactive_robust,600,True,34,0.05617070198059082,0.00047779083251953125,"[0, 0, 0, 0, 8, 8, 14, 14, 22, 22, 22, 0, 0, 0, 0, 70]","""[0, 10, 1, 3, 3, 1, 7, 6, 3, 8, 7, 18, 70, 50, 23, 0]"""
j10,1,reactive,600,True,30,0.05617070198059082,0.11303353309631348,"[0, 0, 0, 0, 8, 8, 14, 14, 22, 22, 22, 0, 0, 0, 0, 30]","[0, 10, 1, 3, 3, 1, 7, 6, 3, 8, 7, 18, 70, 50, 23, 0]"
j10,1,proactive_robust,600,True,34,0.05701804161071777,0.00046062469482421875,"[0, 0, 0, 0, 8, 8, 14, 14, 22, 22, 22, 0, 0, 0, 0, 70]","""[0, 7, 2, 4, 3, 1, 7, 2, 3, 6, 7, 18, 70, 50, 23, 0]"""
j10,1,reactive,600,True,29,0.05701804161071777,0.125274658203125,"[0, 0, 0, 0, 8, 8, 14, 14, 22, 22, 22, 0, 0, 0, 0, 29]","[0, 7, 2, 4, 3, 1, 7, 2, 3, 6, 7, 18, 70, 50, 23, 0]"
j10,1,proactive_robust,600,True,34,0.05753064155578613,0.0004961490631103516,"[0, 0, 0, 0, 8, 8, 14, 14, 22, 22, 22, 0, 0, 0, 0, 70]","""[0, 8, 1, 8, 5, 1, 7, 3, 6, 10, 7, 18, 70, 50, 23, 0]"""
j10,1,reactive,600,True,32,0.05753064155578613,0.10813021659851074,"[0, 0, 0, 0, 8, 8, 14, 14, 22, 22, 22, 0, 0, 0, 0, 32]","[0, 8, 1, 8, 5, 1, 7, 3, 6, 10, 7, 18, 70, 50, 23, 0]"
j10,1,proactive_robust,600,True,34,0.056771278381347656,0.0004870891571044922,"[0, 0, 0, 0, 8, 8, 14, 14, 22, 22, 22, 0, 0, 0, 0, 70]","""[0, 7, 2, 6, 2, 3, 5, 4, 3, 10, 11, 18, 70, 50, 23, 0]"""
j10,1,reactive,600,True,33,0.056771278381347656,0.11753249168395996,"[0, 0, 0, 0, 8, 8, 14, 14, 22, 22, 22, 0, 0, 0, 0, 33]","[0, 7, 2, 6, 2, 3, 5, 4, 3, 10, 11, 18, 70, 50, 23, 0]"
j10,1,proactive_robust,600,True,34,0.05641627311706543,0.0004754066467285156,"[0, 0, 0, 0, 8, 8, 14, 14, 22, 22, 22, 0, 0, 0, 0, 70]","""[0, 8, 1, 7, 6, 1, 7, 4, 3, 5, 6, 18, 70, 50, 23, 0]"""
j10,1,reactive,600,True,28,0.05641627311706543,0.12463068962097168,"[0, 0, 0, 0, 8, 8, 14, 14, 22, 22, 22, 0, 0, 0, 0, 28]","[0, 8, 1, 7, 6, 1, 7, 4, 3, 5, 6, 18, 70, 50, 23, 0]"
j10,1,proactive_robust,600,True,34,0.055927276611328125,0.0004832744598388672,"[0, 0, 0, 0, 8, 8, 14, 14, 22, 22, 22, 0, 0, 0, 0, 70]","""[0, 5, 1, 5, 4, 4, 7, 4, 3, 8, 10, 18, 70, 50, 23, 0]"""
j10,1,reactive,600,True,32,0.055927276611328125,0.12305212020874023,"[0, 0, 0, 0, 8, 8, 14, 14, 22, 22, 22, 0, 0, 0, 0, 32]","[0, 5, 1, 5, 4, 4, 7, 4, 3, 8, 10, 18, 70, 50, 23, 0]"
j10,1,proactive_robust,600,True,34,0.056561946868896484,0.00046515464782714844,"[0, 0, 0, 0, 8, 8, 14, 14, 22, 22, 22, 0, 0, 0, 0, 70]","""[0, 8, 1, 5, 2, 2, 4, 2, 5, 8, 7, 18, 70, 50, 23, 0]"""
j10,1,reactive,600,True,30,0.056561946868896484,0.1486959457397461,"[0, 0, 0, 0, 8, 8, 14, 14, 22, 22, 22, 0, 0, 0, 0, 30]","[0, 8, 1, 5, 2, 2, 4, 2, 5, 8, 7, 18, 70, 50, 23, 0]"
j10,1,proactive_robust,600,True,23,0.05476832389831543,0.00023794174194335938,"[0, 0, 0, 0, 4, 4, 8, 12, 14, 16, 16, 0, 0, 23]","""[0, 4, 8, 3, 9, 3, 2, 4, 1, 6, 2, 23, 13, 0]"""
j10,1,reactive,600,True,22,0.05476832389831543,0.12069058418273926,"[0, 0, 0, 0, 4, 4, 8, 12, 14, 16, 16, 0, 0, 22]","[0, 4, 8, 3, 9, 3, 2, 4, 1, 6, 2, 23, 13, 0]"
j10,1,proactive_robust,600,True,23,0.053442955017089844,0.00022864341735839844,"[0, 0, 0, 0, 4, 4, 8, 12, 14, 16, 16, 0, 0, 23]","""[0, 4, 8, 2, 6, 5, 1, 4, 1, 6, 2, 23, 13, 0]"""
j10,1,reactive,600,True,22,0.053442955017089844,0.11840128898620605,"[0, 0, 0, 0, 4, 4, 8, 12, 14, 16, 16, 0, 0, 22]","[0, 4, 8, 2, 6, 5, 1, 4, 1, 6, 2, 23, 13, 0]"
j10,1,proactive_robust,600,True,23,0.054026126861572266,0.00024366378784179688,"[0, 0, 0, 0, 4, 4, 8, 12, 14, 16, 16, 0, 0, 23]","""[0, 4, 3, 4, 7, 7, 3, 3, 1, 4, 4, 23, 13, 0]"""
j10,1,reactive,600,True,20,0.054026126861572266,0.13865089416503906,"[0, 0, 0, 0, 4, 4, 8, 12, 14, 16, 16, 0, 0, 20]","[0, 4, 3, 4, 7, 7, 3, 3, 1, 4, 4, 23, 13, 0]"
j10,1,proactive_robust,600,True,23,0.05589795112609863,0.00022292137145996094,"[0, 0, 0, 0, 4, 4, 8, 12, 14, 16, 16, 0, 0, 23]","""[0, 3, 3, 3, 9, 5, 2, 3, 1, 2, 1, 23, 13, 0]"""
j10,1,reactive,600,True,18,0.05589795112609863,0.16455554962158203,"[0, 0, 0, 0, 4, 4, 8, 12, 14, 16, 16, 0, 0, 18]","[0, 3, 3, 3, 9, 5, 2, 3, 1, 2, 1, 23, 13, 0]"
j10,1,proactive_robust,600,True,23,0.05259227752685547,0.00022411346435546875,"[0, 0, 0, 0, 4, 4, 8, 12, 14, 16, 16, 0, 0, 23]","""[0, 5, 8, 2, 7, 4, 3, 1, 1, 3, 2, 23, 13, 0]"""
j10,1,reactive,600,True,17,0.05259227752685547,0.1339869499206543,"[0, 0, 0, 0, 4, 4, 8, 12, 14, 13, 15, 0, 0, 17]","[0, 5, 8, 2, 7, 4, 3, 1, 1, 3, 2, 23, 13, 0]"
j10,1,proactive_robust,600,True,23,0.052565813064575195,0.0002460479736328125,"[0, 0, 0, 0, 4, 4, 8, 12, 14, 16, 16, 0, 0, 23]","""[0, 4, 7, 4, 7, 8, 3, 4, 2, 7, 4, 23, 13, 0]"""
j10,1,reactive,600,True,22,0.052565813064575195,0.07533740997314453,"[0, 0, 0, 0, 4, 4, 8, 11, 12, 15, 15, 0, 0, 22]","[0, 4, 7, 4, 7, 8, 3, 4, 2, 7, 4, 23, 13, 0]"
j10,1,proactive_robust,600,True,23,0.054439544677734375,0.00022649765014648438,"[0, 0, 0, 0, 4, 4, 8, 12, 14, 16, 16, 0, 0, 23]","""[0, 2, 3, 1, 7, 3, 1, 1, 2, 6, 3, 23, 13, 0]"""
j10,1,reactive,600,True,19,0.054439544677734375,0.17916035652160645,"[0, 0, 0, 0, 4, 4, 8, 12, 14, 13, 16, 0, 0, 19]","[0, 2, 3, 1, 7, 3, 1, 1, 2, 6, 3, 23, 13, 0]"
j10,1,proactive_robust,600,True,23,0.053290367126464844,0.00023508071899414062,"[0, 0, 0, 0, 4, 4, 8, 12, 14, 16, 16, 0, 0, 23]","""[0, 5, 6, 2, 8, 5, 4, 3, 2, 3, 2, 23, 13, 0]"""
j10,1,reactive,600,True,19,0.053290367126464844,0.11693739891052246,"[0, 0, 0, 0, 4, 4, 8, 12, 14, 16, 16, 0, 0, 19]","[0, 5, 6, 2, 8, 5, 4, 3, 2, 3, 2, 23, 13, 0]"
j10,1,proactive_robust,600,True,23,0.05489850044250488,0.0002512931823730469,"[0, 0, 0, 0, 4, 4, 8, 12, 14, 16, 16, 0, 0, 23]","""[0, 6, 8, 2, 6, 7, 3, 4, 1, 7, 3, 23, 13, 0]"""
j10,1,reactive,600,True,23,0.05489850044250488,0.0906519889831543,"[0, 0, 0, 0, 4, 4, 8, 12, 14, 16, 16, 0, 0, 23]","[0, 6, 8, 2, 6, 7, 3, 4, 1, 7, 3, 23, 13, 0]"
j10,1,proactive_robust,600,True,23,0.052993059158325195,0.00023031234741210938,"[0, 0, 0, 0, 4, 4, 8, 12, 14, 16, 16, 0, 0, 23]","""[0, 3, 7, 3, 6, 8, 2, 3, 2, 5, 2, 23, 13, 0]"""
j10,1,reactive,600,True,21,0.052993059158325195,0.1169428825378418,"[0, 0, 0, 0, 4, 4, 8, 12, 14, 16, 16, 0, 0, 21]","[0, 3, 7, 3, 6, 8, 2, 3, 2, 5, 2, 23, 13, 0]"
j10,1,proactive_robust,600,True,30,0.05489516258239746,0.0007011890411376953,"[0, 0, 0, 0, 6, 6, 10, 12, 18, 18, 6, 0, 0, 0, 0, 0, 0, 0, 69]","""[0, 1, 3, 5, 1, 6, 7, 5, 4, 8, 1, 69, 52, 33, 29, 12, 35, 64, 0]"""
j10,1,reactive,600,True,26,0.05489516258239746,0.11422133445739746,"[0, 0, 0, 0, 6, 6, 10, 12, 18, 18, 6, 0, 0, 0, 0, 0, 0, 0, 26]","[0, 1, 3, 5, 1, 6, 7, 5, 4, 8, 1, 69, 52, 33, 29, 12, 35, 64, 0]"
j10,1,proactive_robust,600,True,30,0.05202054977416992,0.0006821155548095703,"[0, 0, 0, 0, 6, 6, 10, 12, 18, 18, 6, 0, 0, 0, 0, 0, 0, 0, 69]","""[0, 3, 4, 2, 1, 4, 5, 4, 4, 6, 1, 69, 52, 33, 29, 12, 35, 64, 0]"""
j10,1,reactive,600,True,24,0.05202054977416992,0.12332367897033691,"[0, 0, 0, 0, 6, 6, 10, 12, 18, 18, 6, 0, 0, 0, 0, 0, 0, 0, 24]","[0, 3, 4, 2, 1, 4, 5, 4, 4, 6, 1, 69, 52, 33, 29, 12, 35, 64, 0]"
j10,1,proactive_robust,600,True,30,0.05552244186401367,0.000705718994140625,"[0, 0, 0, 0, 6, 6, 10, 12, 18, 18, 6, 0, 0, 0, 0, 0, 0, 0, 69]","""[0, 1, 3, 6, 2, 2, 8, 4, 4, 11, 1, 69, 52, 33, 29, 12, 35, 64, 0]"""
j10,1,reactive,600,True,29,0.05552244186401367,0.08983469009399414,"[0, 0, 0, 0, 6, 6, 10, 12, 18, 18, 6, 0, 0, 0, 0, 0, 0, 0, 29]","[0, 1, 3, 6, 2, 2, 8, 4, 4, 11, 1, 69, 52, 33, 29, 12, 35, 64, 0]"
j10,1,proactive_robust,600,True,30,0.05602717399597168,0.0006906986236572266,"[0, 0, 0, 0, 6, 6, 10, 12, 18, 18, 6, 0, 0, 0, 0, 0, 0, 0, 69]","""[0, 4, 6, 2, 4, 5, 3, 2, 5, 6, 1, 69, 52, 33, 29, 12, 35, 64, 0]"""
j10,1,reactive,600,True,24,0.05602717399597168,0.08066821098327637,"[0, 0, 0, 0, 6, 6, 10, 12, 18, 18, 6, 0, 0, 0, 0, 0, 0, 0, 24]","[0, 4, 6, 2, 4, 5, 3, 2, 5, 6, 1, 69, 52, 33, 29, 12, 35, 64, 0]"
j10,1,proactive_robust,600,True,30,0.05575442314147949,0.0007009506225585938,"[0, 0, 0, 0, 6, 6, 10, 12, 18, 18, 6, 0, 0, 0, 0, 0, 0, 0, 69]","""[0, 1, 2, 5, 4, 2, 5, 4, 4, 7, 1, 69, 52, 33, 29, 12, 35, 64, 0]"""
j10,1,reactive,600,True,25,0.05575442314147949,0.10581254959106445,"[0, 0, 0, 0, 6, 6, 10, 12, 18, 18, 6, 0, 0, 0, 0, 0, 0, 0, 25]","[0, 1, 2, 5, 4, 2, 5, 4, 4, 7, 1, 69, 52, 33, 29, 12, 35, 64, 0]"
j10,1,proactive_robust,600,True,30,0.05490684509277344,0.0006940364837646484,"[0, 0, 0, 0, 6, 6, 10, 12, 18, 18, 6, 0, 0, 0, 0, 0, 0, 0, 69]","""[0, 3, 5, 6, 1, 5, 3, 4, 5, 6, 2, 69, 52, 33, 29, 12, 35, 64, 0]"""
j10,1,reactive,600,True,24,0.05490684509277344,0.0916299819946289,"[0, 0, 0, 0, 6, 6, 10, 12, 18, 18, 6, 0, 0, 0, 0, 0, 0, 0, 24]","[0, 3, 5, 6, 1, 5, 3, 4, 5, 6, 2, 69, 52, 33, 29, 12, 35, 64, 0]"
j10,1,proactive_robust,600,True,30,0.05410146713256836,0.0007085800170898438,"[0, 0, 0, 0, 6, 6, 10, 12, 18, 18, 6, 0, 0, 0, 0, 0, 0, 0, 69]","""[0, 1, 2, 6, 2, 6, 6, 6, 5, 7, 2, 69, 52, 33, 29, 12, 35, 64, 0]"""
j10,1,reactive,600,True,25,0.05410146713256836,0.06595611572265625,"[0, 0, 0, 0, 6, 6, 10, 12, 18, 18, 6, 0, 0, 0, 0, 0, 0, 0, 25]","[0, 1, 2, 6, 2, 6, 6, 6, 5, 7, 2, 69, 52, 33, 29, 12, 35, 64, 0]"
j10,1,proactive_robust,600,True,30,0.05637836456298828,0.0007009506225585938,"[0, 0, 0, 0, 6, 6, 10, 12, 18, 18, 6, 0, 0, 0, 0, 0, 0, 0, 69]","""[0, 4, 5, 5, 3, 2, 6, 4, 5, 6, 2, 69, 52, 33, 29, 12, 35, 64, 0]"""
j10,1,reactive,600,True,24,0.05637836456298828,0.08443641662597656,"[0, 0, 0, 0, 6, 6, 10, 12, 18, 18, 6, 0, 0, 0, 0, 0, 0, 0, 24]","[0, 4, 5, 5, 3, 2, 6, 4, 5, 6, 2, 69, 52, 33, 29, 12, 35, 64, 0]"
j10,1,proactive_robust,600,True,30,0.05462479591369629,0.0006930828094482422,"[0, 0, 0, 0, 6, 6, 10, 12, 18, 18, 6, 0, 0, 0, 0, 0, 0, 0, 69]","""[0, 2, 2, 3, 2, 2, 4, 5, 6, 6, 1, 69, 52, 33, 29, 12, 35, 64, 0]"""
j10,1,reactive,600,True,24,0.05462479591369629,0.11836647987365723,"[0, 0, 0, 0, 6, 6, 10, 12, 18, 18, 6, 0, 0, 0, 0, 0, 0, 0, 24]","[0, 2, 2, 3, 2, 2, 4, 5, 6, 6, 1, 69, 52, 33, 29, 12, 35, 64, 0]"
j10,1,proactive_robust,600,True,30,0.05245542526245117,0.0007071495056152344,"[0, 0, 0, 0, 6, 6, 10, 12, 18, 18, 6, 0, 0, 0, 0, 0, 0, 0, 69]","""[0, 1, 5, 5, 3, 3, 7, 5, 5, 12, 2, 69, 52, 33, 29, 12, 35, 64, 0]"""
j10,1,reactive,600,True,30,0.05245542526245117,0.0928490161895752,"[0, 0, 0, 0, 6, 6, 10, 12, 18, 18, 6, 0, 0, 0, 0, 0, 0, 0, 30]","[0, 1, 5, 5, 3, 3, 7, 5, 5, 12, 2, 69, 52, 33, 29, 12, 35, 64, 0]"
j10,1,proactive_robust,600,True,28,0.06067538261413574,0.0010323524475097656,"[0, 0, 0, 0, 4, 7, 16, 10, 22, 22, 10, 0, 0, 0, 0, 0, 0, 0, 0, 0, 82]","""[0, 9, 2, 4, 9, 7, 3, 11, 4, 4, 4, 27, 10, 61, 70, 68, 27, 59, 82, 69, 0]"""
j10,1,reactive,600,True,26,0.06067538261413574,0.0622715950012207,"[0, 0, 0, 0, 4, 7, 16, 10, 22, 22, 10, 0, 0, 0, 0, 0, 0, 0, 0, 0, 26]","[0, 9, 2, 4, 9, 7, 3, 11, 4, 4, 4, 27, 10, 61, 70, 68, 27, 59, 82, 69, 0]"
j10,1,proactive_robust,600,True,28,0.059293270111083984,0.001020669937133789,"[0, 0, 0, 0, 4, 7, 16, 10, 22, 22, 10, 0, 0, 0, 0, 0, 0, 0, 0, 0, 82]","""[0, 5, 2, 3, 12, 3, 3, 6, 2, 2, 6, 27, 10, 61, 70, 68, 27, 59, 82, 69, 0]"""
j10,1,reactive,600,True,21,0.059293270111083984,0.08657217025756836,"[0, 0, 0, 0, 4, 7, 16, 10, 19, 16, 10, 0, 0, 0, 0, 0, 0, 0, 0, 0, 21]","[0, 5, 2, 3, 12, 3, 3, 6, 2, 2, 6, 27, 10, 61, 70, 68, 27, 59, 82, 69, 0]"
j10,1,proactive_robust,600,True,28,0.05953478813171387,0.0010178089141845703,"[0, 0, 0, 0, 4, 7, 16, 10, 22, 22, 10, 0, 0, 0, 0, 0, 0, 0, 0, 0, 82]","""[0, 10, 2, 1, 7, 4, 2, 7, 4, 2, 5, 27, 10, 61, 70, 68, 27, 59, 82, 69, 0]"""
j10,1,reactive,600,True,22,0.05953478813171387,0.09697413444519043,"[0, 0, 0, 0, 4, 7, 16, 10, 18, 17, 10, 0, 0, 0, 0, 0, 0, 0, 0, 0, 22]","[0, 10, 2, 1, 7, 4, 2, 7, 4, 2, 5, 27, 10, 61, 70, 68, 27, 59, 82, 69, 0]"
j10,1,proactive_robust,600,True,28,0.06081581115722656,0.0010218620300292969,"[0, 0, 0, 0, 4, 7, 16, 10, 22, 22, 10, 0, 0, 0, 0, 0, 0, 0, 0, 0, 82]","""[0, 7, 2, 3, 11, 3, 2, 8, 1, 6, 3, 27, 10, 61, 70, 68, 27, 59, 82, 69, 0]"""
j10,1,reactive,600,True,24,0.06081581115722656,0.10406064987182617,"[0, 0, 0, 0, 4, 7, 16, 10, 18, 18, 10, 0, 0, 0, 0, 0, 0, 0, 0, 0, 24]","[0, 7, 2, 3, 11, 3, 2, 8, 1, 6, 3, 27, 10, 61, 70, 68, 27, 59, 82, 69, 0]"
j10,1,proactive_robust,600,True,28,0.08268857002258301,0.0010325908660888672,"[0, 0, 0, 0, 4, 7, 16, 10, 22, 22, 10, 0, 0, 0, 0, 0, 0, 0, 0, 0, 82]","""[0, 6, 7, 4, 12, 7, 3, 8, 3, 5, 3, 27, 10, 61, 70, 68, 27, 59, 82, 69, 0]"""
j10,1,reactive,600,True,27,0.08268857002258301,0.05972409248352051,"[0, 0, 0, 0, 4, 7, 16, 10, 22, 22, 10, 0, 0, 0, 0, 0, 0, 0, 0, 0, 27]","[0, 6, 7, 4, 12, 7, 3, 8, 3, 5, 3, 27, 10, 61, 70, 68, 27, 59, 82, 69, 0]"
j10,1,proactive_robust,600,True,28,0.05906414985656738,0.0010421276092529297,"[0, 0, 0, 0, 4, 7, 16, 10, 22, 22, 10, 0, 0, 0, 0, 0, 0, 0, 0, 0, 82]","""[0, 9, 3, 2, 12, 7, 2, 9, 1, 4, 7, 27, 10, 61, 70, 68, 27, 59, 82, 69, 0]"""
j10,1,reactive,600,True,26,0.05906414985656738,0.09482836723327637,"[0, 0, 0, 0, 4, 7, 16, 10, 22, 22, 10, 0, 0, 0, 0, 0, 0, 0, 0, 0, 26]","[0, 9, 3, 2, 12, 7, 2, 9, 1, 4, 7, 27, 10, 61, 70, 68, 27, 59, 82, 69, 0]"
j10,1,proactive_robust,600,True,28,0.0599367618560791,0.0010318756103515625,"[0, 0, 0, 0, 4, 7, 16, 10, 22, 22, 10, 0, 0, 0, 0, 0, 0, 0, 0, 0, 82]","""[0, 5, 7, 1, 11, 3, 2, 8, 2, 6, 3, 27, 10, 61, 70, 68, 27, 59, 82, 69, 0]"""
j10,1,reactive,600,True,24,0.0599367618560791,0.1061255931854248,"[0, 0, 0, 0, 4, 7, 16, 10, 18, 18, 10, 0, 0, 0, 0, 0, 0, 0, 0, 0, 24]","[0, 5, 7, 1, 11, 3, 2, 8, 2, 6, 3, 27, 10, 61, 70, 68, 27, 59, 82, 69, 0]"
j10,1,proactive_robust,600,True,28,0.060041189193725586,0.0010380744934082031,"[0, 0, 0, 0, 4, 7, 16, 10, 22, 22, 10, 0, 0, 0, 0, 0, 0, 0, 0, 0, 82]","""[0, 9, 6, 3, 11, 5, 2, 7, 3, 6, 8, 27, 10, 61, 70, 68, 27, 59, 82, 69, 0]"""
j10,1,reactive,600,True,23,0.060041189193725586,0.08122587203979492,"[0, 0, 0, 0, 4, 7, 16, 10, 18, 17, 10, 0, 0, 0, 0, 0, 0, 0, 0, 0, 23]","[0, 9, 6, 3, 11, 5, 2, 7, 3, 6, 8, 27, 10, 61, 70, 68, 27, 59, 82, 69, 0]"
j10,1,proactive_robust,600,True,28,0.06233859062194824,0.0010232925415039062,"[0, 0, 0, 0, 4, 7, 16, 10, 22, 22, 10, 0, 0, 0, 0, 0, 0, 0, 0, 0, 82]","""[0, 7, 4, 3, 8, 4, 3, 10, 2, 2, 3, 27, 10, 61, 70, 68, 27, 59, 82, 69, 0]"""
j10,1,reactive,600,True,22,0.06233859062194824,0.09911513328552246,"[0, 0, 0, 0, 4, 7, 16, 10, 20, 20, 10, 0, 0, 0, 0, 0, 0, 0, 0, 0, 22]","[0, 7, 4, 3, 8, 4, 3, 10, 2, 2, 3, 27, 10, 61, 70, 68, 27, 59, 82, 69, 0]"
j10,1,proactive_robust,600,True,28,0.10886549949645996,0.0010347366333007812,"[0, 0, 0, 0, 4, 7, 16, 10, 22, 22, 10, 0, 0, 0, 0, 0, 0, 0, 0, 0, 82]","""[0, 7, 6, 1, 11, 5, 3, 6, 4, 3, 7, 27, 10, 61, 70, 68, 27, 59, 82, 69, 0]"""
j10,1,reactive,600,True,23,0.10886549949645996,0.07523202896118164,"[0, 0, 0, 0, 4, 7, 16, 10, 19, 16, 10, 0, 0, 0, 0, 0, 0, 0, 0, 0, 23]","[0, 7, 6, 1, 11, 5, 3, 6, 4, 3, 7, 27, 10, 61, 70, 68, 27, 59, 82, 69, 0]"
j10,1,proactive_robust,600,True,34,0.055440664291381836,0.0006921291351318359,"[0, 0, 0, 0, 9, 16, 9, 16, 16, 16, 25, 0, 0, 0, 0, 0, 81]","""[0, 3, 7, 6, 4, 7, 3, 5, 5, 6, 9, 69, 24, 57, 49, 81, 0]"""
j10,1,reactive,600,True,32,0.055440664291381836,0.07179594039916992,"[0, 0, 0, 0, 9, 16, 9, 16, 16, 16, 23, 0, 0, 0, 0, 0, 32]","[0, 3, 7, 6, 4, 7, 3, 5, 5, 6, 9, 69, 24, 57, 49, 81, 0]"
j10,1,proactive_robust,600,True,34,0.058916330337524414,0.0006854534149169922,"[0, 0, 0, 0, 9, 16, 9, 16, 16, 16, 25, 0, 0, 0, 0, 0, 81]","""[0, 3, 9, 8, 5, 6, 6, 8, 5, 4, 4, 69, 24, 57, 49, 81, 0]"""
j10,1,reactive,600,True,29,0.058916330337524414,0.09270620346069336,"[0, 0, 0, 0, 9, 16, 9, 16, 16, 16, 25, 0, 0, 0, 0, 0, 29]","[0, 3, 9, 8, 5, 6, 6, 8, 5, 4, 4, 69, 24, 57, 49, 81, 0]"
j10,1,proactive_robust,600,True,34,0.059034109115600586,0.0007038116455078125,"[0, 0, 0, 0, 9, 16, 9, 16, 16, 16, 25, 0, 0, 0, 0, 0, 81]","""[0, 6, 9, 7, 5, 5, 4, 8, 3, 4, 9, 69, 24, 57, 49, 81, 0]"""
j10,1,reactive,600,True,33,0.059034109115600586,0.07496905326843262,"[0, 0, 0, 0, 9, 16, 9, 16, 16, 16, 24, 0, 0, 0, 0, 0, 33]","[0, 6, 9, 7, 5, 5, 4, 8, 3, 4, 9, 69, 24, 57, 49, 81, 0]"
j10,1,proactive_robust,600,True,34,0.05723404884338379,0.0006885528564453125,"[0, 0, 0, 0, 9, 16, 9, 16, 16, 16, 25, 0, 0, 0, 0, 0, 81]","""[0, 2, 12, 9, 5, 6, 2, 7, 3, 4, 6, 69, 24, 57, 49, 81, 0]"""
j10,1,reactive,600,True,31,0.05723404884338379,0.07457113265991211,"[0, 0, 0, 0, 9, 16, 9, 16, 16, 16, 25, 0, 0, 0, 0, 0, 31]","[0, 2, 12, 9, 5, 6, 2, 7, 3, 4, 6, 69, 24, 57, 49, 81, 0]"
j10,1,proactive_robust,600,True,34,0.05760622024536133,0.000701904296875,"[0, 0, 0, 0, 9, 16, 9, 16, 16, 16, 25, 0, 0, 0, 0, 0, 81]","""[0, 6, 6, 9, 6, 3, 5, 8, 6, 6, 5, 69, 24, 57, 49, 81, 0]"""
j10,1,reactive,600,True,30,0.05760622024536133,0.07644772529602051,"[0, 0, 0, 0, 9, 16, 9, 16, 16, 16, 25, 0, 0, 0, 0, 0, 30]","[0, 6, 6, 9, 6, 3, 5, 8, 6, 6, 5, 69, 24, 57, 49, 81, 0]"
j10,1,proactive_robust,600,True,34,0.05706024169921875,0.0007088184356689453,"[0, 0, 0, 0, 9, 16, 9, 16, 16, 16, 25, 0, 0, 0, 0, 0, 81]","""[0, 4, 11, 9, 2, 7, 4, 5, 6, 7, 7, 69, 24, 57, 49, 81, 0]"""
j10,1,reactive,600,True,32,0.05706024169921875,0.0704658031463623,"[0, 0, 0, 0, 9, 16, 9, 16, 16, 16, 25, 0, 0, 0, 0, 0, 32]","[0, 4, 11, 9, 2, 7, 4, 5, 6, 7, 7, 69, 24, 57, 49, 81, 0]"
j10,1,proactive_robust,600,True,34,0.05684638023376465,0.0006854534149169922,"[0, 0, 0, 0, 9, 16, 9, 16, 16, 16, 25, 0, 0, 0, 0, 0, 81]","""[0, 6, 8, 8, 2, 2, 3, 8, 6, 4, 7, 69, 24, 57, 49, 81, 0]"""
j10,1,reactive,600,True,32,0.05684638023376465,0.07837891578674316,"[0, 0, 0, 0, 9, 16, 9, 16, 16, 16, 25, 0, 0, 0, 0, 0, 32]","[0, 6, 8, 8, 2, 2, 3, 8, 6, 4, 7, 69, 24, 57, 49, 81, 0]"
j10,1,proactive_robust,600,True,34,0.05729842185974121,0.0007338523864746094,"[0, 0, 0, 0, 9, 16, 9, 16, 16, 16, 25, 0, 0, 0, 0, 0, 81]","""[0, 5, 12, 8, 7, 7, 2, 9, 8, 7, 9, 69, 24, 57, 49, 81, 0]"""
j10,1,reactive,600,True,34,0.05729842185974121,0.03811955451965332,"[0, 0, 0, 0, 9, 16, 9, 16, 16, 16, 25, 0, 0, 0, 0, 0, 34]","[0, 5, 12, 8, 7, 7, 2, 9, 8, 7, 9, 69, 24, 57, 49, 81, 0]"
j10,1,proactive_robust,600,True,34,0.05918741226196289,0.0006968975067138672,"[0, 0, 0, 0, 9, 16, 9, 16, 16, 16, 25, 0, 0, 0, 0, 0, 81]","""[0, 4, 8, 5, 5, 5, 3, 8, 7, 6, 9, 69, 24, 57, 49, 81, 0]"""
j10,1,reactive,600,True,33,0.05918741226196289,0.08579373359680176,"[0, 0, 0, 0, 9, 16, 9, 16, 16, 16, 24, 0, 0, 0, 0, 0, 33]","[0, 4, 8, 5, 5, 5, 3, 8, 7, 6, 9, 69, 24, 57, 49, 81, 0]"
j10,1,proactive_robust,600,True,34,0.05800032615661621,0.0007035732269287109,"[0, 0, 0, 0, 9, 16, 9, 16, 16, 16, 25, 0, 0, 0, 0, 0, 81]","""[0, 3, 6, 5, 4, 7, 7, 7, 7, 7, 5, 69, 24, 57, 49, 81, 0]"""
j10,1,reactive,600,True,30,0.05800032615661621,0.07661795616149902,"[0, 0, 0, 0, 9, 16, 9, 16, 16, 16, 25, 0, 0, 0, 0, 0, 30]","[0, 3, 6, 5, 4, 7, 7, 7, 7, 7, 5, 69, 24, 57, 49, 81, 0]"
j10,1,proactive_robust,600,True,33,0.058417320251464844,0.0002589225769042969,"[0, 0, 0, 0, 9, 18, 21, 18, 29, 27, 18, 0, 33]","""[0, 4, 8, 6, 9, 3, 4, 8, 2, 2, 5, 33, 0]"""
j10,1,reactive,600,True,29,0.058417320251464844,0.09752225875854492,"[0, 0, 0, 0, 9, 18, 21, 18, 25, 27, 18, 0, 29]","[0, 4, 8, 6, 9, 3, 4, 8, 2, 2, 5, 33, 0]"
j10,1,proactive_robust,600,True,33,0.05901503562927246,0.0002579689025878906,"[0, 0, 0, 0, 9, 18, 21, 18, 29, 27, 18, 0, 33]","""[0, 7, 6, 10, 7, 1, 3, 7, 1, 5, 8, 33, 0]"""
j10,1,reactive,600,True,32,0.05901503562927246,0.09617257118225098,"[0, 0, 0, 0, 9, 18, 21, 18, 29, 27, 18, 0, 32]","[0, 7, 6, 10, 7, 1, 3, 7, 1, 5, 8, 33, 0]"
j10,1,proactive_robust,600,True,33,0.0567624568939209,0.0002455711364746094,"[0, 0, 0, 0, 9, 18, 21, 18, 29, 27, 18, 0, 33]","""[0, 4, 4, 9, 4, 2, 4, 8, 3, 3, 8, 33, 0]"""
j10,1,reactive,600,True,32,0.0567624568939209,0.11557221412658691,"[0, 0, 0, 0, 9, 18, 21, 18, 29, 27, 18, 0, 32]","[0, 4, 4, 9, 4, 2, 4, 8, 3, 3, 8, 33, 0]"
j10,1,proactive_robust,600,True,33,0.0582890510559082,0.00025343894958496094,"[0, 0, 0, 0, 9, 18, 21, 18, 29, 27, 18, 0, 33]","""[0, 6, 6, 5, 7, 2, 5, 8, 4, 3, 5, 33, 0]"""
j10,1,reactive,600,True,30,0.0582890510559082,0.10863709449768066,"[0, 0, 0, 0, 9, 18, 21, 18, 26, 27, 18, 0, 30]","[0, 6, 6, 5, 7, 2, 5, 8, 4, 3, 5, 33, 0]"
j10,1,proactive_robust,600,True,33,0.05748558044433594,0.00024056434631347656,"[0, 0, 0, 0, 9, 18, 21, 18, 29, 27, 18, 0, 33]","""[0, 8, 7, 6, 9, 3, 3, 7, 1, 4, 4, 33, 0]"""
j10,1,reactive,600,True,31,0.05748558044433594,0.10214853286743164,"[0, 0, 0, 0, 9, 18, 21, 18, 24, 27, 18, 0, 31]","[0, 8, 7, 6, 9, 3, 3, 7, 1, 4, 4, 33, 0]"
j10,1,proactive_robust,600,True,33,0.05825686454772949,0.0002868175506591797,"[0, 0, 0, 0, 9, 18, 21, 18, 29, 27, 18, 0, 33]","""[0, 9, 9, 9, 9, 3, 8, 7, 4, 5, 9, 33, 0]"""
j10,1,reactive,600,True,33,0.05825686454772949,0.03552603721618652,"[0, 0, 0, 0, 9, 18, 21, 18, 29, 27, 18, 0, 33]","[0, 9, 9, 9, 9, 3, 8, 7, 4, 5, 9, 33, 0]"
j10,1,proactive_robust,600,True,33,0.05623316764831543,0.00025463104248046875,"[0, 0, 0, 0, 9, 18, 21, 18, 29, 27, 18, 0, 33]","""[0, 7, 7, 8, 8, 1, 5, 7, 1, 4, 5, 33, 0]"""
j10,1,reactive,600,True,31,0.05623316764831543,0.11699676513671875,"[0, 0, 0, 0, 9, 18, 21, 18, 26, 27, 18, 0, 31]","[0, 7, 7, 8, 8, 1, 5, 7, 1, 4, 5, 33, 0]"
j10,1,proactive_robust,600,True,33,0.0580744743347168,0.00024175643920898438,"[0, 0, 0, 0, 9, 18, 21, 18, 29, 27, 18, 0, 33]","""[0, 4, 9, 6, 6, 3, 8, 5, 2, 5, 6, 33, 0]"""
j10,1,reactive,600,True,32,0.0580744743347168,0.07968258857727051,"[0, 0, 0, 0, 9, 18, 21, 18, 29, 27, 18, 0, 32]","[0, 4, 9, 6, 6, 3, 8, 5, 2, 5, 6, 33, 0]"
j10,1,proactive_robust,600,True,33,0.05661273002624512,0.0002498626708984375,"[0, 0, 0, 0, 9, 18, 21, 18, 29, 27, 18, 0, 33]","""[0, 8, 5, 5, 8, 3, 5, 6, 4, 3, 8, 33, 0]"""
j10,1,reactive,600,True,30,0.05661273002624512,0.09313201904296875,"[0, 0, 0, 0, 9, 18, 21, 18, 26, 24, 18, 0, 30]","[0, 8, 5, 5, 8, 3, 5, 6, 4, 3, 8, 33, 0]"
j10,1,proactive_robust,600,True,33,0.056952476501464844,0.0002579689025878906,"[0, 0, 0, 0, 9, 18, 21, 18, 29, 27, 18, 0, 33]","""[0, 4, 6, 6, 8, 2, 8, 9, 4, 4, 5, 33, 0]"""
j10,1,reactive,600,True,33,0.056952476501464844,0.0866246223449707,"[0, 0, 0, 0, 9, 18, 21, 18, 29, 27, 18, 0, 33]","[0, 4, 6, 6, 8, 2, 8, 9, 4, 4, 5, 33, 0]"
j10,1,proactive_robust,600,True,31,0.06006455421447754,0.0008101463317871094,"[0, 0, 0, 0, 4, 4, 13, 14, 19, 13, 23, 0, 0, 0, 0, 0, 0, 0, 75]","""[0, 1, 3, 8, 6, 5, 5, 8, 12, 4, 1, 49, 31, 31, 75, 72, 52, 34, 0]"""
j10,1,reactive,600,True,31,0.06006455421447754,0.12353110313415527,"[0, 0, 0, 0, 4, 4, 13, 14, 19, 13, 22, 0, 0, 0, 0, 0, 0, 0, 31]","[0, 1, 3, 8, 6, 5, 5, 8, 12, 4, 1, 49, 31, 31, 75, 72, 52, 34, 0]"
j10,1,proactive_robust,600,True,31,0.060062408447265625,0.0008094310760498047,"[0, 0, 0, 0, 4, 4, 13, 14, 19, 13, 23, 0, 0, 0, 0, 0, 0, 0, 75]","""[0, 1, 3, 7, 5, 6, 5, 7, 10, 6, 4, 49, 31, 31, 75, 72, 52, 34, 0]"""
j10,1,reactive,600,True,29,0.060062408447265625,0.11951565742492676,"[0, 0, 0, 0, 4, 4, 13, 14, 19, 13, 23, 0, 0, 0, 0, 0, 0, 0, 29]","[0, 1, 3, 7, 5, 6, 5, 7, 10, 6, 4, 49, 31, 31, 75, 72, 52, 34, 0]"
j10,1,proactive_robust,600,True,31,0.059737205505371094,0.0007936954498291016,"[0, 0, 0, 0, 4, 4, 13, 14, 19, 13, 23, 0, 0, 0, 0, 0, 0, 0, 75]","""[0, 2, 4, 8, 8, 7, 2, 6, 8, 4, 2, 49, 31, 31, 75, 72, 52, 34, 0]"""
j10,1,reactive,600,True,27,0.059737205505371094,0.11197066307067871,"[0, 0, 0, 0, 4, 4, 13, 14, 19, 13, 23, 0, 0, 0, 0, 0, 0, 0, 27]","[0, 2, 4, 8, 8, 7, 2, 6, 8, 4, 2, 49, 31, 31, 75, 72, 52, 34, 0]"
j10,1,proactive_robust,600,True,31,0.059349775314331055,0.0008304119110107422,"[0, 0, 0, 0, 4, 4, 13, 14, 19, 13, 23, 0, 0, 0, 0, 0, 0, 0, 75]","""[0, 3, 1, 8, 9, 10, 2, 5, 12, 6, 3, 49, 31, 31, 75, 72, 52, 34, 0]"""
j10,1,reactive,600,True,31,0.059349775314331055,0.0846242904663086,"[0, 0, 0, 0, 4, 4, 13, 14, 19, 13, 19, 0, 0, 0, 0, 0, 0, 0, 31]","[0, 3, 1, 8, 9, 10, 2, 5, 12, 6, 3, 49, 31, 31, 75, 72, 52, 34, 0]"
j10,1,proactive_robust,600,True,31,0.059355735778808594,0.0007984638214111328,"[0, 0, 0, 0, 4, 4, 13, 14, 19, 13, 23, 0, 0, 0, 0, 0, 0, 0, 75]","""[0, 2, 3, 5, 4, 7, 4, 6, 10, 7, 4, 49, 31, 31, 75, 72, 52, 34, 0]"""
j10,1,reactive,600,True,29,0.059355735778808594,0.11522102355957031,"[0, 0, 0, 0, 4, 4, 13, 14, 19, 13, 23, 0, 0, 0, 0, 0, 0, 0, 29]","[0, 2, 3, 5, 4, 7, 4, 6, 10, 7, 4, 49, 31, 31, 75, 72, 52, 34, 0]"
j10,1,proactive_robust,600,True,31,0.06171774864196777,0.0008363723754882812,"[0, 0, 0, 0, 4, 4, 13, 14, 19, 13, 23, 0, 0, 0, 0, 0, 0, 0, 75]","""[0, 3, 4, 6, 9, 10, 6, 8, 9, 4, 3, 49, 31, 31, 75, 72, 52, 34, 0]"""
j10,1,reactive,600,True,28,0.06171774864196777,0.06962013244628906,"[0, 0, 0, 0, 4, 4, 13, 14, 19, 13, 23, 0, 0, 0, 0, 0, 0, 0, 28]","[0, 3, 4, 6, 9, 10, 6, 8, 9, 4, 3, 49, 31, 31, 75, 72, 52, 34, 0]"
j10,1,proactive_robust,600,True,31,0.058476924896240234,0.0007886886596679688,"[0, 0, 0, 0, 4, 4, 13, 14, 19, 13, 23, 0, 0, 0, 0, 0, 0, 0, 75]","""[0, 4, 2, 5, 5, 7, 2, 8, 6, 3, 1, 49, 31, 31, 75, 72, 52, 34, 0]"""
j10,1,reactive,600,True,25,0.058476924896240234,0.1246488094329834,"[0, 0, 0, 0, 4, 4, 13, 14, 19, 13, 22, 0, 0, 0, 0, 0, 0, 0, 25]","[0, 4, 2, 5, 5, 7, 2, 8, 6, 3, 1, 49, 31, 31, 75, 72, 52, 34, 0]"
j10,1,proactive_robust,600,True,31,0.05980277061462402,0.0008058547973632812,"[0, 0, 0, 0, 4, 4, 13, 14, 19, 13, 23, 0, 0, 0, 0, 0, 0, 0, 75]","""[0, 1, 1, 9, 6, 6, 6, 4, 9, 7, 3, 49, 31, 31, 75, 72, 52, 34, 0]"""
j10,1,reactive,600,True,28,0.05980277061462402,0.09886479377746582,"[0, 0, 0, 0, 4, 4, 13, 14, 19, 13, 23, 0, 0, 0, 0, 0, 0, 0, 28]","[0, 1, 1, 9, 6, 6, 6, 4, 9, 7, 3, 49, 31, 31, 75, 72, 52, 34, 0]"
j10,1,proactive_robust,600,True,31,0.058289527893066406,0.0008018016815185547,"[0, 0, 0, 0, 4, 4, 13, 14, 19, 13, 23, 0, 0, 0, 0, 0, 0, 0, 75]","""[0, 2, 4, 5, 9, 5, 4, 5, 8, 3, 1, 49, 31, 31, 75, 72, 52, 34, 0]"""
j10,1,reactive,600,True,27,0.058289527893066406,0.09659838676452637,"[0, 0, 0, 0, 4, 4, 13, 14, 19, 13, 23, 0, 0, 0, 0, 0, 0, 0, 27]","[0, 2, 4, 5, 9, 5, 4, 5, 8, 3, 1, 49, 31, 31, 75, 72, 52, 34, 0]"
j10,1,proactive_robust,600,True,31,0.06150507926940918,0.0008077621459960938,"[0, 0, 0, 0, 4, 4, 13, 14, 19, 13, 23, 0, 0, 0, 0, 0, 0, 0, 75]","""[0, 3, 1, 9, 5, 9, 6, 4, 12, 3, 1, 49, 31, 31, 75, 72, 52, 34, 0]"""
j10,1,reactive,600,True,31,0.06150507926940918,0.09984111785888672,"[0, 0, 0, 0, 4, 4, 13, 14, 19, 13, 18, 0, 0, 0, 0, 0, 0, 0, 31]","[0, 3, 1, 9, 5, 9, 6, 4, 12, 3, 1, 49, 31, 31, 75, 72, 52, 34, 0]"
j10,1,proactive_robust,600,True,44,0.06253194808959961,0.0006651878356933594,"[0, 0, 14, 17, 2, 2, 24, 11, 34, 34, 26, 0, 0, 0, 0, 0, 0, 74]","""[0, 1, 1, 8, 6, 6, 7, 7, 1, 10, 3, 22, 17, 49, 74, 73, 30, 0]"""
j10,1,reactive,600,True,41,0.06253194808959961,0.18861794471740723,"[0, 0, 14, 17, 2, 2, 24, 11, 31, 31, 26, 0, 0, 0, 0, 0, 0, 41]","[0, 1, 1, 8, 6, 6, 7, 7, 1, 10, 3, 22, 17, 49, 74, 73, 30, 0]"
j10,1,proactive_robust,600,True,44,0.061823368072509766,0.0006635189056396484,"[0, 0, 14, 17, 2, 2, 24, 11, 34, 34, 26, 0, 0, 0, 0, 0, 0, 74]","""[0, 1, 2, 6, 5, 6, 6, 9, 3, 8, 4, 22, 17, 49, 74, 73, 30, 0]"""
j10,1,reactive,600,True,42,0.061823368072509766,0.19433808326721191,"[0, 0, 14, 17, 2, 2, 24, 11, 34, 34, 26, 0, 0, 0, 0, 0, 0, 42]","[0, 1, 2, 6, 5, 6, 6, 9, 3, 8, 4, 22, 17, 49, 74, 73, 30, 0]"
j10,1,proactive_robust,600,True,44,0.060791730880737305,0.0006616115570068359,"[0, 0, 14, 17, 2, 2, 24, 11, 34, 34, 26, 0, 0, 0, 0, 0, 0, 74]","""[0, 1, 3, 6, 8, 6, 8, 9, 4, 5, 3, 22, 17, 49, 74, 73, 30, 0]"""
j10,1,reactive,600,True,39,0.060791730880737305,0.16652345657348633,"[0, 0, 14, 17, 2, 2, 24, 11, 34, 34, 26, 0, 0, 0, 0, 0, 0, 39]","[0, 1, 3, 6, 8, 6, 8, 9, 4, 5, 3, 22, 17, 49, 74, 73, 30, 0]"
j10,1,proactive_robust,600,True,44,0.06418752670288086,0.0006544589996337891,"[0, 0, 14, 17, 2, 2, 24, 11, 34, 34, 26, 0, 0, 0, 0, 0, 0, 74]","""[0, 1, 2, 4, 5, 6, 5, 9, 1, 5, 3, 22, 17, 49, 74, 73, 30, 0]"""
j10,1,reactive,600,True,34,0.06418752670288086,0.22443389892578125,"[0, 0, 14, 17, 2, 2, 24, 11, 29, 29, 21, 0, 0, 0, 0, 0, 0, 34]","[0, 1, 2, 4, 5, 6, 5, 9, 1, 5, 3, 22, 17, 49, 74, 73, 30, 0]"
j10,1,proactive_robust,600,True,44,0.06087040901184082,0.0006537437438964844,"[0, 0, 14, 17, 2, 2, 24, 11, 34, 34, 26, 0, 0, 0, 0, 0, 0, 74]","""[0, 1, 3, 4, 5, 9, 5, 8, 2, 6, 1, 22, 17, 49, 74, 73, 30, 0]"""
j10,1,reactive,600,True,40,0.06087040901184082,0.18149447441101074,"[0, 0, 14, 17, 2, 2, 24, 11, 34, 34, 26, 0, 0, 0, 0, 0, 0, 40]","[0, 1, 3, 4, 5, 9, 5, 8, 2, 6, 1, 22, 17, 49, 74, 73, 30, 0]"
j10,1,proactive_robust,600,True,44,0.061505794525146484,0.0006654262542724609,"[0, 0, 14, 17, 2, 2, 24, 11, 34, 34, 26, 0, 0, 0, 0, 0, 0, 74]","""[0, 1, 1, 8, 9, 8, 10, 6, 4, 8, 1, 22, 17, 49, 74, 73, 30, 0]"""
j10,1,reactive,600,True,42,0.061505794525146484,0.13911080360412598,"[0, 0, 14, 17, 2, 2, 24, 11, 34, 34, 26, 0, 0, 0, 0, 0, 0, 42]","[0, 1, 1, 8, 9, 8, 10, 6, 4, 8, 1, 22, 17, 49, 74, 73, 30, 0]"
j10,1,proactive_robust,600,True,44,0.05957841873168945,0.0006840229034423828,"[0, 0, 14, 17, 2, 2, 24, 11, 34, 34, 26, 0, 0, 0, 0, 0, 0, 74]","""[0, 1, 1, 8, 6, 9, 10, 11, 3, 8, 4, 22, 17, 49, 74, 73, 30, 0]"""
j10,1,reactive,600,True,42,0.05957841873168945,0.16549420356750488,"[0, 0, 14, 17, 2, 2, 24, 11, 34, 34, 26, 0, 0, 0, 0, 0, 0, 42]","[0, 1, 1, 8, 6, 9, 10, 11, 3, 8, 4, 22, 17, 49, 74, 73, 30, 0]"
j10,1,proactive_robust,600,True,44,0.06092333793640137,0.0006830692291259766,"[0, 0, 14, 17, 2, 2, 24, 11, 34, 34, 26, 0, 0, 0, 0, 0, 0, 74]","""[0, 2, 2, 8, 5, 10, 9, 13, 2, 8, 1, 22, 17, 49, 74, 73, 30, 0]"""
j10,1,reactive,600,True,42,0.06092333793640137,0.1278684139251709,"[0, 0, 14, 17, 2, 2, 24, 11, 34, 34, 26, 0, 0, 0, 0, 0, 0, 42]","[0, 2, 2, 8, 5, 10, 9, 13, 2, 8, 1, 22, 17, 49, 74, 73, 30, 0]"
j10,1,proactive_robust,600,True,44,0.06262397766113281,0.0006642341613769531,"[0, 0, 14, 17, 2, 2, 24, 11, 34, 34, 26, 0, 0, 0, 0, 0, 0, 74]","""[0, 2, 1, 6, 4, 8, 8, 9, 3, 5, 3, 22, 17, 49, 74, 73, 30, 0]"""
j10,1,reactive,600,True,39,0.06262397766113281,0.15119504928588867,"[0, 0, 14, 17, 2, 2, 24, 11, 34, 34, 26, 0, 0, 0, 0, 0, 0, 39]","[0, 2, 1, 6, 4, 8, 8, 9, 3, 5, 3, 22, 17, 49, 74, 73, 30, 0]"
j10,1,proactive_robust,600,True,44,0.059436798095703125,0.0006735324859619141,"[0, 0, 14, 17, 2, 2, 24, 11, 34, 34, 26, 0, 0, 0, 0, 0, 0, 74]","""[0, 2, 3, 5, 5, 6, 5, 13, 3, 9, 2, 22, 17, 49, 74, 73, 30, 0]"""
j10,1,reactive,600,True,43,0.059436798095703125,0.15278148651123047,"[0, 0, 14, 17, 2, 2, 24, 11, 34, 34, 26, 0, 0, 0, 0, 0, 0, 43]","[0, 2, 3, 5, 5, 6, 5, 13, 3, 9, 2, 22, 17, 49, 74, 73, 30, 0]"
j10,1,proactive_robust,600,True,20,0.04944324493408203,0.0007925033569335938,"[0, 0, 0, 0, 6, 9, 3, 9, 13, 9, 13, 0, 0, 0, 0, 0, 0, 0, 0, 0, 68]","""[0, 1, 6, 4, 1, 3, 8, 1, 3, 1, 5, 44, 38, 66, 56, 68, 12, 25, 12, 31, 0]"""
j10,1,reactive,600,True,18,0.04944324493408203,0.1404097080230713,"[0, 0, 0, 0, 6, 9, 3, 9, 13, 9, 13, 0, 0, 0, 0, 0, 0, 0, 0, 0, 18]","[0, 1, 6, 4, 1, 3, 8, 1, 3, 1, 5, 44, 38, 66, 56, 68, 12, 25, 12, 31, 0]"
j10,1,proactive_robust,600,True,20,0.05239510536193848,0.0007836818695068359,"[0, 0, 0, 0, 6, 9, 3, 9, 13, 9, 13, 0, 0, 0, 0, 0, 0, 0, 0, 0, 68]","""[0, 2, 7, 3, 2, 1, 6, 2, 2, 1, 3, 44, 38, 66, 56, 68, 12, 25, 12, 31, 0]"""
j10,1,reactive,600,True,16,0.05239510536193848,0.13114047050476074,"[0, 0, 0, 0, 6, 9, 3, 9, 13, 9, 13, 0, 0, 0, 0, 0, 0, 0, 0, 0, 16]","[0, 2, 7, 3, 2, 1, 6, 2, 2, 1, 3, 44, 38, 66, 56, 68, 12, 25, 12, 31, 0]"
j10,1,proactive_robust,600,True,20,0.05088186264038086,0.0008237361907958984,"[0, 0, 0, 0, 6, 9, 3, 9, 13, 9, 13, 0, 0, 0, 0, 0, 0, 0, 0, 0, 68]","""[0, 3, 7, 3, 3, 4, 7, 3, 1, 1, 3, 44, 38, 66, 56, 68, 12, 25, 12, 31, 0]"""
j10,1,reactive,600,True,16,0.05088186264038086,0.06369853019714355,"[0, 0, 0, 0, 6, 9, 3, 9, 13, 9, 13, 0, 0, 0, 0, 0, 0, 0, 0, 0, 16]","[0, 3, 7, 3, 3, 4, 7, 3, 1, 1, 3, 44, 38, 66, 56, 68, 12, 25, 12, 31, 0]"
j10,1,proactive_robust,600,True,20,0.052658796310424805,0.0007956027984619141,"[0, 0, 0, 0, 6, 9, 3, 9, 13, 9, 13, 0, 0, 0, 0, 0, 0, 0, 0, 0, 68]","""[0, 1, 8, 3, 2, 3, 7, 1, 2, 2, 3, 44, 38, 66, 56, 68, 12, 25, 12, 31, 0]"""
j10,1,reactive,600,True,16,0.052658796310424805,0.11609315872192383,"[0, 0, 0, 0, 6, 9, 3, 9, 13, 9, 13, 0, 0, 0, 0, 0, 0, 0, 0, 0, 16]","[0, 1, 8, 3, 2, 3, 7, 1, 2, 2, 3, 44, 38, 66, 56, 68, 12, 25, 12, 31, 0]"
j10,1,proactive_robust,600,True,20,0.05119037628173828,0.0008373260498046875,"[0, 0, 0, 0, 6, 9, 3, 9, 13, 9, 13, 0, 0, 0, 0, 0, 0, 0, 0, 0, 68]","""[0, 2, 4, 6, 1, 4, 7, 3, 4, 1, 4, 44, 38, 66, 56, 68, 12, 25, 12, 31, 0]"""
j10,1,reactive,600,True,17,0.05119037628173828,0.07991147041320801,"[0, 0, 0, 0, 6, 9, 3, 9, 13, 9, 13, 0, 0, 0, 0, 0, 0, 0, 0, 0, 17]","[0, 2, 4, 6, 1, 4, 7, 3, 4, 1, 4, 44, 38, 66, 56, 68, 12, 25, 12, 31, 0]"
j10,1,proactive_robust,600,True,20,0.05269575119018555,0.0008006095886230469,"[0, 0, 0, 0, 6, 9, 3, 9, 13, 9, 13, 0, 0, 0, 0, 0, 0, 0, 0, 0, 68]","""[0, 3, 7, 4, 1, 1, 10, 1, 3, 1, 4, 44, 38, 66, 56, 68, 12, 25, 12, 31, 0]"""
j10,1,reactive,600,True,17,0.05269575119018555,0.10424518585205078,"[0, 0, 0, 0, 6, 9, 3, 9, 13, 9, 13, 0, 0, 0, 0, 0, 0, 0, 0, 0, 17]","[0, 3, 7, 4, 1, 1, 10, 1, 3, 1, 4, 44, 38, 66, 56, 68, 12, 25, 12, 31, 0]"
j10,1,proactive_robust,600,True,20,0.05722784996032715,0.0007867813110351562,"[0, 0, 0, 0, 6, 9, 3, 9, 13, 9, 13, 0, 0, 0, 0, 0, 0, 0, 0, 0, 68]","""[0, 2, 4, 5, 1, 1, 7, 1, 1, 1, 4, 44, 38, 66, 56, 68, 12, 25, 12, 31, 0]"""
j10,1,reactive,600,True,17,0.05722784996032715,0.1373293399810791,"[0, 0, 0, 0, 6, 9, 3, 9, 13, 9, 13, 0, 0, 0, 0, 0, 0, 0, 0, 0, 17]","[0, 2, 4, 5, 1, 1, 7, 1, 1, 1, 4, 44, 38, 66, 56, 68, 12, 25, 12, 31, 0]"
j10,1,proactive_robust,600,True,20,0.05219435691833496,0.0007970333099365234,"[0, 0, 0, 0, 6, 9, 3, 9, 13, 9, 13, 0, 0, 0, 0, 0, 0, 0, 0, 0, 68]","""[0, 3, 7, 2, 2, 2, 6, 2, 2, 2, 3, 44, 38, 66, 56, 68, 12, 25, 12, 31, 0]"""
j10,1,reactive,600,True,16,0.05219435691833496,0.1091618537902832,"[0, 0, 0, 0, 6, 9, 3, 9, 13, 9, 13, 0, 0, 0, 0, 0, 0, 0, 0, 0, 16]","[0, 3, 7, 2, 2, 2, 6, 2, 2, 2, 3, 44, 38, 66, 56, 68, 12, 25, 12, 31, 0]"
j10,1,proactive_robust,600,True,20,0.05018138885498047,0.0007779598236083984,"[0, 0, 0, 0, 6, 9, 3, 9, 13, 9, 13, 0, 0, 0, 0, 0, 0, 0, 0, 0, 68]","""[0, 1, 6, 2, 3, 1, 5, 3, 1, 1, 2, 44, 38, 66, 56, 68, 12, 25, 12, 31, 0]"""
j10,1,reactive,600,True,15,0.05018138885498047,0.10258626937866211,"[0, 0, 0, 0, 6, 9, 3, 9, 13, 9, 13, 0, 0, 0, 0, 0, 0, 0, 0, 0, 15]","[0, 1, 6, 2, 3, 1, 5, 3, 1, 1, 2, 44, 38, 66, 56, 68, 12, 25, 12, 31, 0]"
j10,1,proactive_robust,600,True,20,0.05044126510620117,0.0008013248443603516,"[0, 0, 0, 0, 6, 9, 3, 9, 13, 9, 13, 0, 0, 0, 0, 0, 0, 0, 0, 0, 68]","""[0, 2, 7, 3, 1, 1, 10, 1, 2, 2, 5, 44, 38, 66, 56, 68, 12, 25, 12, 31, 0]"""
j10,1,reactive,600,True,18,0.05044126510620117,0.1050119400024414,"[0, 0, 0, 0, 6, 9, 3, 9, 13, 9, 13, 0, 0, 0, 0, 0, 0, 0, 0, 0, 18]","[0, 2, 7, 3, 1, 1, 10, 1, 2, 2, 5, 44, 38, 66, 56, 68, 12, 25, 12, 31, 0]"
j10,1,proactive_robust,600,True,24,0.0713491439819336,0.001325368881225586,"[0, 0, 0, 0, 11, 6, 16, 18, 16, 7, 22, 0, 0, 0, 0, 0, 0, 0, 0, 0, 0, 89]","""[0, 1, 3, 7, 2, 5, 1, 2, 1, 2, 2, 63, 54, 45, 84, 79, 46, 83, 87, 89, 48, 0]"""
j10,1,reactive,600,True,18,0.0713491439819336,0.1234743595123291,"[0, 0, 0, 0, 11, 6, 13, 14, 13, 7, 16, 0, 0, 0, 0, 0, 0, 0, 0, 0, 0, 18]","[0, 1, 3, 7, 2, 5, 1, 2, 1, 2, 2, 63, 54, 45, 84, 79, 46, 83, 87, 89, 48, 0]"
j10,1,proactive_robust,600,True,24,0.07523918151855469,0.0013275146484375,"[0, 0, 0, 0, 11, 6, 16, 18, 16, 7, 22, 0, 0, 0, 0, 0, 0, 0, 0, 0, 0, 89]","""[0, 1, 2, 5, 1, 8, 1, 2, 2, 4, 1, 63, 54, 45, 84, 79, 46, 83, 87, 89, 48, 0]"""
j10,1,reactive,600,True,21,0.07523918151855469,0.13154911994934082,"[0, 0, 0, 0, 11, 6, 16, 18, 16, 7, 20, 0, 0, 0, 0, 0, 0, 0, 0, 0, 0, 21]","[0, 1, 2, 5, 1, 8, 1, 2, 2, 4, 1, 63, 54, 45, 84, 79, 46, 83, 87, 89, 48, 0]"
j10,1,proactive_robust,600,True,24,0.07376384735107422,0.001336812973022461,"[0, 0, 0, 0, 11, 6, 16, 18, 16, 7, 22, 0, 0, 0, 0, 0, 0, 0, 0, 0, 0, 89]","""[0, 1, 4, 6, 1, 9, 1, 2, 2, 2, 2, 63, 54, 45, 84, 79, 46, 83, 87, 89, 48, 0]"""
j10,1,reactive,600,True,21,0.07376384735107422,0.12755084037780762,"[0, 0, 0, 0, 11, 6, 16, 17, 16, 7, 19, 0, 0, 0, 0, 0, 0, 0, 0, 0, 0, 21]","[0, 1, 4, 6, 1, 9, 1, 2, 2, 2, 2, 63, 54, 45, 84, 79, 46, 83, 87, 89, 48, 0]"
j10,1,proactive_robust,600,True,24,0.07632040977478027,0.0013318061828613281,"[0, 0, 0, 0, 11, 6, 16, 18, 16, 7, 22, 0, 0, 0, 0, 0, 0, 0, 0, 0, 0, 89]","""[0, 2, 4, 3, 3, 5, 2, 1, 1, 3, 1, 63, 54, 45, 84, 79, 46, 83, 87, 89, 48, 0]"""
j10,1,reactive,600,True,20,0.07632040977478027,0.10792350769042969,"[0, 0, 0, 0, 11, 6, 16, 18, 16, 7, 19, 0, 0, 0, 0, 0, 0, 0, 0, 0, 0, 20]","[0, 2, 4, 3, 3, 5, 2, 1, 1, 3, 1, 63, 54, 45, 84, 79, 46, 83, 87, 89, 48, 0]"
j10,1,proactive_robust,600,True,24,0.07446503639221191,0.0013484954833984375,"[0, 0, 0, 0, 11, 6, 16, 18, 16, 7, 22, 0, 0, 0, 0, 0, 0, 0, 0, 0, 0, 89]","""[0, 2, 2, 3, 3, 6, 1, 4, 1, 3, 2, 63, 54, 45, 84, 79, 46, 83, 87, 89, 48, 0]"""
j10,1,reactive,600,True,21,0.07446503639221191,0.0942070484161377,"[0, 0, 0, 0, 11, 6, 14, 15, 14, 7, 19, 0, 0, 0, 0, 0, 0, 0, 0, 0, 0, 21]","[0, 2, 2, 3, 3, 6, 1, 4, 1, 3, 2, 63, 54, 45, 84, 79, 46, 83, 87, 89, 48, 0]"
j10,1,proactive_robust,600,True,24,0.07018709182739258,0.0013279914855957031,"[0, 0, 0, 0, 11, 6, 16, 18, 16, 7, 22, 0, 0, 0, 0, 0, 0, 0, 0, 0, 0, 89]","""[0, 2, 5, 4, 3, 6, 1, 2, 2, 1, 1, 63, 54, 45, 84, 79, 46, 83, 87, 89, 48, 0]"""
j10,1,reactive,600,True,21,0.07018709182739258,0.09874582290649414,"[0, 0, 0, 0, 11, 6, 16, 18, 16, 7, 20, 0, 0, 0, 0, 0, 0, 0, 0, 0, 0, 21]","[0, 2, 5, 4, 3, 6, 1, 2, 2, 1, 1, 63, 54, 45, 84, 79, 46, 83, 87, 89, 48, 0]"
j10,1,proactive_robust,600,True,24,0.07142257690429688,0.001333475112915039,"[0, 0, 0, 0, 11, 6, 16, 18, 16, 7, 22, 0, 0, 0, 0, 0, 0, 0, 0, 0, 0, 89]","""[0, 1, 5, 2, 3, 10, 2, 3, 1, 4, 1, 63, 54, 45, 84, 79, 46, 83, 87, 89, 48, 0]"""
j10,1,reactive,600,True,22,0.07142257690429688,0.08568692207336426,"[0, 0, 0, 0, 11, 6, 16, 18, 16, 7, 21, 0, 0, 0, 0, 0, 0, 0, 0, 0, 0, 22]","[0, 1, 5, 2, 3, 10, 2, 3, 1, 4, 1, 63, 54, 45, 84, 79, 46, 83, 87, 89, 48, 0]"
j10,1,proactive_robust,600,True,24,0.07457137107849121,0.0013511180877685547,"[0, 0, 0, 0, 11, 6, 16, 18, 16, 7, 22, 0, 0, 0, 0, 0, 0, 0, 0, 0, 0, 89]","""[0, 2, 6, 6, 2, 9, 2, 1, 1, 3, 1, 63, 54, 45, 84, 79, 46, 83, 87, 89, 48, 0]"""
j10,1,reactive,600,True,20,0.07457137107849121,0.10185694694519043,"[0, 0, 0, 0, 11, 6, 16, 18, 16, 7, 19, 0, 0, 0, 0, 0, 0, 0, 0, 0, 0, 20]","[0, 2, 6, 6, 2, 9, 2, 1, 1, 3, 1, 63, 54, 45, 84, 79, 46, 83, 87, 89, 48, 0]"
j10,1,proactive_robust,600,True,24,0.07566499710083008,0.001338958740234375,"[0, 0, 0, 0, 11, 6, 16, 18, 16, 7, 22, 0, 0, 0, 0, 0, 0, 0, 0, 0, 0, 89]","""[0, 1, 6, 2, 2, 10, 2, 1, 1, 4, 2, 63, 54, 45, 84, 79, 46, 83, 87, 89, 48, 0]"""
j10,1,reactive,600,True,21,0.07566499710083008,0.07570719718933105,"[0, 0, 0, 0, 11, 6, 16, 18, 16, 7, 19, 0, 0, 0, 0, 0, 0, 0, 0, 0, 0, 21]","[0, 1, 6, 2, 2, 10, 2, 1, 1, 4, 2, 63, 54, 45, 84, 79, 46, 83, 87, 89, 48, 0]"
j10,1,proactive_robust,600,True,24,0.06880927085876465,0.0013248920440673828,"[0, 0, 0, 0, 11, 6, 16, 18, 16, 7, 22, 0, 0, 0, 0, 0, 0, 0, 0, 0, 0, 89]","""[0, 2, 4, 3, 2, 7, 1, 1, 2, 1, 2, 63, 54, 45, 84, 79, 46, 83, 87, 89, 48, 0]"""
j10,1,reactive,600,True,17,0.06880927085876465,0.1723945140838623,"[0, 0, 0, 0, 11, 6, 13, 14, 13, 7, 15, 0, 0, 0, 0, 0, 0, 0, 0, 0, 0, 17]","[0, 2, 4, 3, 2, 7, 1, 1, 2, 1, 2, 63, 54, 45, 84, 79, 46, 83, 87, 89, 48, 0]"
j10,1,proactive_robust,600,True,41,0.07455945014953613,0.0009188652038574219,"[0, 0, 0, 2, 6, 12, 15, 15, 31, 39, 25, 0, 0, 0, 0, 0, 0, 0, 0, 0, 83]","""[0, 5, 1, 1, 6, 1, 1, 7, 8, 1, 6, 11, 51, 83, 70, 18, 64, 51, 42, 32, 0]"""
j10,1,reactive,600,True,39,0.07455945014953613,0.17625689506530762,"[0, 0, 0, 2, 6, 12, 15, 15, 31, 22, 25, 0, 0, 0, 0, 0, 0, 0, 0, 0, 39]","[0, 5, 1, 1, 6, 1, 1, 7, 8, 1, 6, 11, 51, 83, 70, 18, 64, 51, 42, 32, 0]"
j10,1,proactive_robust,600,True,41,0.0668642520904541,0.0009267330169677734,"[0, 0, 0, 2, 6, 12, 15, 15, 31, 39, 25, 0, 0, 0, 0, 0, 0, 0, 0, 0, 83]","""[0, 6, 1, 3, 3, 2, 1, 7, 4, 1, 5, 11, 51, 83, 70, 18, 64, 51, 42, 32, 0]"""
j10,1,reactive,600,True,34,0.0668642520904541,0.166046142578125,"[0, 0, 0, 2, 6, 12, 15, 15, 30, 22, 25, 0, 0, 0, 0, 0, 0, 0, 0, 0, 34]","[0, 6, 1, 3, 3, 2, 1, 7, 4, 1, 5, 11, 51, 83, 70, 18, 64, 51, 42, 32, 0]"
j10,1,proactive_robust,600,True,41,0.07475900650024414,0.0009300708770751953,"[0, 0, 0, 2, 6, 12, 15, 15, 31, 39, 25, 0, 0, 0, 0, 0, 0, 0, 0, 0, 83]","""[0, 4, 1, 1, 3, 1, 1, 10, 6, 1, 4, 11, 51, 83, 70, 18, 64, 51, 42, 32, 0]"""
j10,1,reactive,600,True,37,0.07475900650024414,0.21461272239685059,"[0, 0, 0, 2, 6, 12, 15, 15, 31, 29, 25, 0, 0, 0, 0, 0, 0, 0, 0, 0, 37]","[0, 4, 1, 1, 3, 1, 1, 10, 6, 1, 4, 11, 51, 83, 70, 18, 64, 51, 42, 32, 0]"
j10,1,proactive_robust,600,True,41,0.07471680641174316,0.0009150505065917969,"[0, 0, 0, 2, 6, 12, 15, 15, 31, 39, 25, 0, 0, 0, 0, 0, 0, 0, 0, 0, 83]","""[0, 2, 2, 2, 2, 3, 3, 8, 3, 1, 2, 11, 51, 83, 70, 18, 64, 51, 42, 32, 0]"""
j10,1,reactive,600,True,30,0.07471680641174316,0.14894628524780273,"[0, 0, 0, 2, 6, 12, 15, 15, 27, 23, 25, 0, 0, 0, 0, 0, 0, 0, 0, 0, 30]","[0, 2, 2, 2, 2, 3, 3, 8, 3, 1, 2, 11, 51, 83, 70, 18, 64, 51, 42, 32, 0]"
j10,1,proactive_robust,600,True,41,0.07526373863220215,0.0009238719940185547,"[0, 0, 0, 2, 6, 12, 15, 15, 31, 39, 25, 0, 0, 0, 0, 0, 0, 0, 0, 0, 83]","""[0, 2, 2, 1, 6, 2, 3, 6, 8, 2, 3, 11, 51, 83, 70, 18, 64, 51, 42, 32, 0]"""
j10,1,reactive,600,True,39,0.07526373863220215,0.12145805358886719,"[0, 0, 0, 2, 6, 12, 15, 15, 31, 21, 25, 0, 0, 0, 0, 0, 0, 0, 0, 0, 39]","[0, 2, 2, 1, 6, 2, 3, 6, 8, 2, 3, 11, 51, 83, 70, 18, 64, 51, 42, 32, 0]"
j10,1,proactive_robust,600,True,41,0.0728445053100586,0.0009229183197021484,"[0, 0, 0, 2, 6, 12, 15, 15, 31, 39, 25, 0, 0, 0, 0, 0, 0, 0, 0, 0, 83]","""[0, 6, 1, 3, 4, 3, 2, 10, 3, 1, 2, 11, 51, 83, 70, 18, 64, 51, 42, 32, 0]"""
j10,1,reactive,600,True,31,0.0728445053100586,0.11102128028869629,"[0, 0, 0, 2, 6, 12, 15, 15, 27, 30, 25, 0, 0, 0, 0, 0, 0, 0, 0, 0, 31]","[0, 6, 1, 3, 4, 3, 2, 10, 3, 1, 2, 11, 51, 83, 70, 18, 64, 51, 42, 32, 0]"
j10,1,proactive_robust,600,True,41,0.0755910873413086,0.0009133815765380859,"[0, 0, 0, 2, 6, 12, 15, 15, 31, 39, 25, 0, 0, 0, 0, 0, 0, 0, 0, 0, 83]","""[0, 2, 1, 1, 5, 3, 3, 6, 5, 1, 5, 11, 51, 83, 70, 18, 64, 51, 42, 32, 0]"""
j10,1,reactive,600,True,35,0.0755910873413086,0.16957545280456543,"[0, 0, 0, 2, 6, 12, 15, 15, 30, 21, 25, 0, 0, 0, 0, 0, 0, 0, 0, 0, 35]","[0, 2, 1, 1, 5, 3, 3, 6, 5, 1, 5, 11, 51, 83, 70, 18, 64, 51, 42, 32, 0]"
j10,1,proactive_robust,600,True,41,0.07737898826599121,0.0009245872497558594,"[0, 0, 0, 2, 6, 12, 15, 15, 31, 39, 25, 0, 0, 0, 0, 0, 0, 0, 0, 0, 83]","""[0, 2, 2, 1, 6, 3, 2, 8, 4, 1, 5, 11, 51, 83, 70, 18, 64, 51, 42, 32, 0]"""
j10,1,reactive,600,True,34,0.07737898826599121,0.14186716079711914,"[0, 0, 0, 2, 6, 12, 15, 15, 30, 23, 25, 0, 0, 0, 0, 0, 0, 0, 0, 0, 34]","[0, 2, 2, 1, 6, 3, 2, 8, 4, 1, 5, 11, 51, 83, 70, 18, 64, 51, 42, 32, 0]"
j10,1,proactive_robust,600,True,41,0.07411980628967285,0.0009071826934814453,"[0, 0, 0, 2, 6, 12, 15, 15, 31, 39, 25, 0, 0, 0, 0, 0, 0, 0, 0, 0, 83]","""[0, 5, 2, 1, 2, 1, 3, 6, 4, 1, 5, 11, 51, 83, 70, 18, 64, 51, 42, 32, 0]"""
j10,1,reactive,600,True,31,0.07411980628967285,0.18511056900024414,"[0, 0, 0, 2, 6, 12, 15, 15, 21, 30, 25, 0, 0, 0, 0, 0, 0, 0, 0, 0, 31]","[0, 5, 2, 1, 2, 1, 3, 6, 4, 1, 5, 11, 51, 83, 70, 18, 64, 51, 42, 32, 0]"
j10,1,proactive_robust,600,True,41,0.08838462829589844,0.0009264945983886719,"[0, 0, 6, 0, 9, 3, 15, 15, 31, 39, 25, 0, 0, 0, 0, 0, 0, 0, 0, 0, 83]","""[0, 4, 1, 2, 3, 1, 3, 9, 5, 2, 5, 11, 51, 83, 70, 18, 64, 51, 42, 32, 0]"""
j10,1,reactive,600,True,37,0.08838462829589844,0.17999577522277832,"[0, 0, 6, 0, 9, 3, 15, 15, 30, 35, 25, 0, 0, 0, 0, 0, 0, 0, 0, 0, 37]","[0, 4, 1, 2, 3, 1, 3, 9, 5, 2, 5, 11, 51, 83, 70, 18, 64, 51, 42, 32, 0]"
j10,1,proactive_robust,600,True,32,0.06034517288208008,0.0008831024169921875,"[0, 0, 0, 0, 6, 7, 7, 17, 17, 6, 25, 0, 0, 0, 0, 0, 0, 0, 0, 66]","""[0, 4, 4, 7, 4, 2, 5, 3, 2, 2, 6, 54, 36, 66, 65, 55, 56, 20, 43, 0]"""
j10,1,reactive,600,True,26,0.06034517288208008,0.10168576240539551,"[0, 0, 0, 0, 6, 7, 7, 17, 17, 6, 20, 0, 0, 0, 0, 0, 0, 0, 0, 26]","[0, 4, 4, 7, 4, 2, 5, 3, 2, 2, 6, 54, 36, 66, 65, 55, 56, 20, 43, 0]"
j10,1,proactive_robust,600,True,32,0.05798959732055664,0.0008931159973144531,"[0, 0, 0, 0, 6, 7, 7, 17, 17, 6, 25, 0, 0, 0, 0, 0, 0, 0, 0, 66]","""[0, 3, 6, 4, 4, 6, 8, 7, 2, 4, 2, 54, 36, 66, 65, 55, 56, 20, 43, 0]"""
j10,1,reactive,600,True,27,0.05798959732055664,0.10590147972106934,"[0, 0, 0, 0, 6, 7, 7, 17, 17, 6, 25, 0, 0, 0, 0, 0, 0, 0, 0, 27]","[0, 3, 6, 4, 4, 6, 8, 7, 2, 4, 2, 54, 36, 66, 65, 55, 56, 20, 43, 0]"
j10,1,proactive_robust,600,True,32,0.05764484405517578,0.0008797645568847656,"[0, 0, 0, 0, 6, 7, 7, 17, 17, 6, 25, 0, 0, 0, 0, 0, 0, 0, 0, 66]","""[0, 5, 2, 4, 6, 3, 9, 4, 2, 1, 2, 54, 36, 66, 65, 55, 56, 20, 43, 0]"""
j10,1,reactive,600,True,23,0.05764484405517578,0.13362383842468262,"[0, 0, 0, 0, 6, 7, 7, 17, 17, 6, 21, 0, 0, 0, 0, 0, 0, 0, 0, 23]","[0, 5, 2, 4, 6, 3, 9, 4, 2, 1, 2, 54, 36, 66, 65, 55, 56, 20, 43, 0]"
j10,1,proactive_robust,600,True,32,0.05872702598571777,0.0008900165557861328,"[0, 0, 0, 0, 6, 7, 7, 17, 17, 6, 25, 0, 0, 0, 0, 0, 0, 0, 0, 66]","""[0, 5, 6, 3, 3, 4, 9, 8, 2, 2, 5, 54, 36, 66, 65, 55, 56, 20, 43, 0]"""
j10,1,reactive,600,True,30,0.05872702598571777,0.11377167701721191,"[0, 0, 0, 0, 6, 7, 7, 17, 17, 6, 25, 0, 0, 0, 0, 0, 0, 0, 0, 30]","[0, 5, 6, 3, 3, 4, 9, 8, 2, 2, 5, 54, 36, 66, 65, 55, 56, 20, 43, 0]"
j10,1,proactive_robust,600,True,32,0.05891108512878418,0.0008955001831054688,"[0, 0, 0, 0, 6, 7, 7, 17, 17, 6, 25, 0, 0, 0, 0, 0, 0, 0, 0, 66]","""[0, 5, 7, 3, 5, 6, 5, 4, 3, 2, 7, 54, 36, 66, 65, 55, 56, 20, 43, 0]"""
j10,1,reactive,600,True,23,0.05891108512878418,0.09097051620483398,"[0, 0, 0, 0, 6, 7, 7, 12, 13, 6, 16, 0, 0, 0, 0, 0, 0, 0, 0, 23]","[0, 5, 7, 3, 5, 6, 5, 4, 3, 2, 7, 54, 36, 66, 65, 55, 56, 20, 43, 0]"
j10,1,proactive_robust,600,True,32,0.05756235122680664,0.0008821487426757812,"[0, 0, 0, 0, 6, 7, 7, 17, 17, 6, 25, 0, 0, 0, 0, 0, 0, 0, 0, 66]","""[0, 5, 3, 7, 5, 5, 6, 6, 2, 1, 5, 54, 36, 66, 65, 55, 56, 20, 43, 0]"""
j10,1,reactive,600,True,30,0.05756235122680664,0.10515546798706055,"[0, 0, 0, 0, 6, 7, 7, 17, 17, 6, 25, 0, 0, 0, 0, 0, 0, 0, 0, 30]","[0, 5, 3, 7, 5, 5, 6, 6, 2, 1, 5, 54, 36, 66, 65, 55, 56, 20, 43, 0]"
j10,1,proactive_robust,600,True,32,0.057004451751708984,0.0008921623229980469,"[0, 0, 0, 0, 6, 7, 7, 17, 17, 6, 25, 0, 0, 0, 0, 0, 0, 0, 0, 66]","""[0, 4, 5, 3, 5, 4, 8, 7, 3, 3, 4, 54, 36, 66, 65, 55, 56, 20, 43, 0]"""
j10,1,reactive,600,True,29,0.057004451751708984,0.11763668060302734,"[0, 0, 0, 0, 6, 7, 7, 17, 17, 6, 25, 0, 0, 0, 0, 0, 0, 0, 0, 29]","[0, 4, 5, 3, 5, 4, 8, 7, 3, 3, 4, 54, 36, 66, 65, 55, 56, 20, 43, 0]"
j10,1,proactive_robust,600,True,32,0.06027054786682129,0.0008990764617919922,"[0, 0, 0, 0, 6, 7, 7, 17, 17, 6, 25, 0, 0, 0, 0, 0, 0, 0, 0, 66]","""[0, 3, 2, 4, 5, 5, 8, 5, 4, 3, 6, 54, 36, 66, 65, 55, 56, 20, 43, 0]"""
j10,1,reactive,600,True,31,0.06027054786682129,0.11684060096740723,"[0, 0, 0, 0, 6, 7, 7, 17, 17, 6, 25, 0, 0, 0, 0, 0, 0, 0, 0, 31]","[0, 3, 2, 4, 5, 5, 8, 5, 4, 3, 6, 54, 36, 66, 65, 55, 56, 20, 43, 0]"
j10,1,proactive_robust,600,True,32,0.059504032135009766,0.0008823871612548828,"[0, 0, 0, 0, 6, 7, 7, 17, 17, 6, 25, 0, 0, 0, 0, 0, 0, 0, 0, 66]","""[0, 4, 6, 5, 4, 2, 5, 4, 3, 4, 3, 54, 36, 66, 65, 55, 56, 20, 43, 0]"""
j10,1,reactive,600,True,24,0.059504032135009766,0.10649681091308594,"[0, 0, 0, 0, 6, 7, 7, 17, 17, 6, 21, 0, 0, 0, 0, 0, 0, 0, 0, 24]","[0, 4, 6, 5, 4, 2, 5, 4, 3, 4, 3, 54, 36, 66, 65, 55, 56, 20, 43, 0]"
j10,1,proactive_robust,600,True,32,0.05742597579956055,0.0009133815765380859,"[0, 0, 0, 0, 6, 7, 7, 17, 17, 6, 25, 0, 0, 0, 0, 0, 0, 0, 0, 66]","""[0, 6, 7, 4, 7, 3, 6, 8, 2, 2, 7, 54, 36, 66, 65, 55, 56, 20, 43, 0]"""
j10,1,reactive,600,True,28,0.05742597579956055,0.0644690990447998,"[0, 0, 0, 0, 6, 7, 7, 13, 13, 6, 21, 0, 0, 0, 0, 0, 0, 0, 0, 28]","[0, 6, 7, 4, 7, 3, 6, 8, 2, 2, 7, 54, 36, 66, 65, 55, 56, 20, 43, 0]"
j10,1,proactive_robust,600,True,46,0.06117558479309082,0.0008955001831054688,"[0, 0, 6, 0, 6, 7, 17, 24, 9, 15, 37, 0, 0, 0, 0, 0, 0, 0, 0, 0, 66]","""[0, 2, 3, 3, 1, 10, 1, 7, 3, 9, 5, 17, 32, 17, 59, 41, 56, 54, 66, 60, 0]"""
j10,1,reactive,600,True,36,0.06117558479309082,0.1563568115234375,"[0, 0, 6, 0, 6, 7, 17, 24, 9, 15, 31, 0, 0, 0, 0, 0, 0, 0, 0, 0, 36]","[0, 2, 3, 3, 1, 10, 1, 7, 3, 9, 5, 17, 32, 17, 59, 41, 56, 54, 66, 60, 0]"
j10,1,proactive_robust,600,True,46,0.05838966369628906,0.000911712646484375,"[0, 0, 6, 0, 6, 7, 17, 24, 9, 15, 37, 0, 0, 0, 0, 0, 0, 0, 0, 0, 66]","""[0, 6, 4, 4, 1, 5, 1, 7, 2, 6, 9, 17, 32, 17, 59, 41, 56, 54, 66, 60, 0]"""
j10,1,reactive,600,True,37,0.05838966369628906,0.12711739540100098,"[0, 0, 6, 0, 6, 7, 17, 21, 9, 15, 28, 0, 0, 0, 0, 0, 0, 0, 0, 0, 37]","[0, 6, 4, 4, 1, 5, 1, 7, 2, 6, 9, 17, 32, 17, 59, 41, 56, 54, 66, 60, 0]"
j10,1,proactive_robust,600,True,46,0.05747365951538086,0.0009069442749023438,"[0, 0, 6, 0, 6, 7, 17, 24, 9, 15, 37, 0, 0, 0, 0, 0, 0, 0, 0, 0, 66]","""[0, 4, 2, 5, 3, 7, 2, 6, 2, 9, 4, 17, 32, 17, 59, 41, 56, 54, 66, 60, 0]"""
j10,1,reactive,600,True,34,0.05747365951538086,0.12783527374267578,"[0, 0, 6, 0, 6, 7, 17, 24, 9, 15, 30, 0, 0, 0, 0, 0, 0, 0, 0, 0, 34]","[0, 4, 2, 5, 3, 7, 2, 6, 2, 9, 4, 17, 32, 17, 59, 41, 56, 54, 66, 60, 0]"
j10,1,proactive_robust,600,True,46,0.06324434280395508,0.0009119510650634766,"[0, 0, 6, 0, 6, 7, 17, 24, 9, 15, 37, 0, 0, 0, 0, 0, 0, 0, 0, 0, 66]","""[0, 2, 4, 6, 2, 5, 1, 7, 6, 4, 9, 17, 32, 17, 59, 41, 56, 54, 66, 60, 0]"""
j10,1,reactive,600,True,35,0.06324434280395508,0.1497359275817871,"[0, 0, 6, 0, 6, 7, 17, 19, 9, 15, 26, 0, 0, 0, 0, 0, 0, 0, 0, 0, 35]","[0, 2, 4, 6, 2, 5, 1, 7, 6, 4, 9, 17, 32, 17, 59, 41, 56, 54, 66, 60, 0]"
j10,1,proactive_robust,600,True,46,0.05901527404785156,0.0009186267852783203,"[0, 0, 6, 0, 6, 7, 17, 24, 9, 15, 37, 0, 0, 0, 0, 0, 0, 0, 0, 0, 66]","""[0, 5, 6, 3, 1, 9, 1, 11, 6, 7, 8, 17, 32, 17, 59, 41, 56, 54, 66, 60, 0]"""
j10,1,reactive,600,True,45,0.05901527404785156,0.13415884971618652,"[0, 0, 6, 0, 6, 7, 17, 24, 9, 15, 37, 0, 0, 0, 0, 0, 0, 0, 0, 0, 45]","[0, 5, 6, 3, 1, 9, 1, 11, 6, 7, 8, 17, 32, 17, 59, 41, 56, 54, 66, 60, 0]"
j10,1,proactive_robust,600,True,46,0.09309554100036621,0.000911712646484375,"[0, 0, 6, 0, 6, 7, 17, 24, 9, 15, 37, 0, 0, 0, 0, 0, 0, 0, 0, 0, 66]","""[0, 3, 4, 2, 2, 5, 1, 6, 2, 9, 5, 17, 32, 17, 59, 41, 56, 54, 66, 60, 0]"""
j10,1,reactive,600,True,35,0.09309554100036621,0.1599726676940918,"[0, 0, 6, 0, 6, 7, 17, 24, 9, 15, 30, 0, 0, 0, 0, 0, 0, 0, 0, 0, 35]","[0, 3, 4, 2, 2, 5, 1, 6, 2, 9, 5, 17, 32, 17, 59, 41, 56, 54, 66, 60, 0]"
j10,1,proactive_robust,600,True,46,0.06283283233642578,0.00090789794921875,"[0, 0, 6, 0, 6, 7, 17, 24, 9, 15, 37, 0, 0, 0, 0, 0, 0, 0, 0, 0, 66]","""[0, 3, 3, 2, 3, 6, 1, 10, 2, 9, 6, 17, 32, 17, 59, 41, 56, 54, 66, 60, 0]"""
j10,1,reactive,600,True,43,0.06283283233642578,0.1320188045501709,"[0, 0, 6, 0, 6, 7, 17, 24, 9, 15, 37, 0, 0, 0, 0, 0, 0, 0, 0, 0, 43]","[0, 3, 3, 2, 3, 6, 1, 10, 2, 9, 6, 17, 32, 17, 59, 41, 56, 54, 66, 60, 0]"
j10,1,proactive_robust,600,True,46,0.06285786628723145,0.0009229183197021484,"[0, 0, 6, 0, 6, 7, 17, 24, 9, 15, 37, 0, 0, 0, 0, 0, 0, 0, 0, 0, 66]","""[0, 2, 5, 5, 2, 9, 2, 6, 6, 7, 8, 17, 32, 17, 59, 41, 56, 54, 66, 60, 0]"""
j10,1,reactive,600,True,38,0.06285786628723145,0.13672924041748047,"[0, 0, 6, 0, 6, 7, 17, 24, 9, 15, 30, 0, 0, 0, 0, 0, 0, 0, 0, 0, 38]","[0, 2, 5, 5, 2, 9, 2, 6, 6, 7, 8, 17, 32, 17, 59, 41, 56, 54, 66, 60, 0]"
j10,1,proactive_robust,600,True,46,0.06150007247924805,0.0009143352508544922,"[0, 0, 6, 0, 6, 7, 17, 24, 9, 15, 37, 0, 0, 0, 0, 0, 0, 0, 0, 0, 66]","""[0, 4, 2, 3, 3, 10, 2, 13, 2, 5, 8, 17, 32, 17, 59, 41, 56, 54, 66, 60, 0]"""
j10,1,reactive,600,True,45,0.06150007247924805,0.11284303665161133,"[0, 0, 6, 0, 6, 7, 17, 24, 9, 15, 37, 0, 0, 0, 0, 0, 0, 0, 0, 0, 45]","[0, 4, 2, 3, 3, 10, 2, 13, 2, 5, 8, 17, 32, 17, 59, 41, 56, 54, 66, 60, 0]"
j10,1,proactive_robust,600,True,46,0.06391382217407227,0.0009160041809082031,"[0, 0, 6, 0, 6, 7, 17, 24, 9, 15, 37, 0, 0, 0, 0, 0, 0, 0, 0, 0, 66]","""[0, 3, 4, 7, 3, 7, 1, 8, 3, 7, 6, 17, 32, 17, 59, 41, 56, 54, 66, 60, 0]"""
j10,1,reactive,600,True,38,0.06391382217407227,0.10941481590270996,"[0, 0, 6, 0, 6, 7, 17, 24, 9, 15, 32, 0, 0, 0, 0, 0, 0, 0, 0, 0, 38]","[0, 3, 4, 7, 3, 7, 1, 8, 3, 7, 6, 17, 32, 17, 59, 41, 56, 54, 66, 60, 0]"
j10,1,proactive_robust,600,True,27,0.05834007263183594,0.0005047321319580078,"[0, 0, 0, 0, 7, 7, 12, 11, 13, 18, 18, 0, 0, 0, 0, 0, 45]","""[0, 8, 1, 6, 6, 2, 3, 5, 1, 4, 1, 35, 42, 42, 45, 22, 0]"""
j10,1,reactive,600,True,22,0.05834007263183594,0.10736870765686035,"[0, 0, 0, 0, 7, 7, 12, 11, 13, 18, 18, 0, 0, 0, 0, 0, 22]","[0, 8, 1, 6, 6, 2, 3, 5, 1, 4, 1, 35, 42, 42, 45, 22, 0]"
j10,1,proactive_robust,600,True,27,0.05762290954589844,0.0005202293395996094,"[0, 0, 0, 0, 7, 7, 12, 11, 13, 18, 18, 0, 0, 0, 0, 0, 45]","""[0, 12, 4, 4, 6, 3, 1, 6, 1, 4, 4, 35, 42, 42, 45, 22, 0]"""
j10,1,reactive,600,True,22,0.05762290954589844,0.08275151252746582,"[0, 0, 0, 0, 7, 7, 12, 11, 13, 18, 18, 0, 0, 0, 0, 0, 22]","[0, 12, 4, 4, 6, 3, 1, 6, 1, 4, 4, 35, 42, 42, 45, 22, 0]"
j10,1,proactive_robust,600,True,27,0.053484439849853516,0.0005006790161132812,"[0, 0, 0, 0, 7, 7, 12, 11, 13, 18, 18, 0, 0, 0, 0, 0, 45]","""[0, 6, 1, 5, 3, 1, 3, 7, 2, 9, 1, 35, 42, 42, 45, 22, 0]"""
j10,1,reactive,600,True,27,0.053484439849853516,0.10448718070983887,"[0, 0, 0, 0, 7, 7, 12, 11, 13, 18, 18, 0, 0, 0, 0, 0, 27]","[0, 6, 1, 5, 3, 1, 3, 7, 2, 9, 1, 35, 42, 42, 45, 22, 0]"
j10,1,proactive_robust,600,True,27,0.05568814277648926,0.0005128383636474609,"[0, 0, 0, 0, 7, 7, 12, 11, 13, 18, 18, 0, 0, 0, 0, 0, 45]","""[0, 7, 2, 3, 2, 3, 3, 7, 2, 6, 2, 35, 42, 42, 45, 22, 0]"""
j10,1,reactive,600,True,24,0.05568814277648926,0.12463808059692383,"[0, 0, 0, 0, 7, 7, 12, 11, 13, 18, 18, 0, 0, 0, 0, 0, 24]","[0, 7, 2, 3, 2, 3, 3, 7, 2, 6, 2, 35, 42, 42, 45, 22, 0]"
j10,1,proactive_robust,600,True,27,0.05692696571350098,0.0005249977111816406,"[0, 0, 0, 0, 7, 7, 12, 11, 13, 18, 18, 0, 0, 0, 0, 0, 45]","""[0, 12, 2, 7, 4, 1, 2, 3, 1, 5, 3, 35, 42, 42, 45, 22, 0]"""
j10,1,reactive,600,True,23,0.05692696571350098,0.11592626571655273,"[0, 0, 0, 0, 7, 7, 12, 11, 13, 18, 18, 0, 0, 0, 0, 0, 23]","[0, 12, 2, 7, 4, 1, 2, 3, 1, 5, 3, 35, 42, 42, 45, 22, 0]"
j10,1,proactive_robust,600,True,27,0.0563969612121582,0.0005085468292236328,"[0, 0, 0, 0, 7, 7, 12, 11, 13, 18, 18, 0, 0, 0, 0, 0, 45]","""[0, 12, 2, 2, 5, 4, 2, 6, 2, 6, 1, 35, 42, 42, 45, 22, 0]"""
j10,1,reactive,600,True,24,0.0563969612121582,0.10528349876403809,"[0, 0, 0, 0, 7, 7, 12, 11, 13, 18, 18, 0, 0, 0, 0, 0, 24]","[0, 12, 2, 2, 5, 4, 2, 6, 2, 6, 1, 35, 42, 42, 45, 22, 0]"
j10,1,proactive_robust,600,True,27,0.05684518814086914,0.0005230903625488281,"[0, 0, 0, 0, 7, 7, 12, 11, 13, 18, 18, 0, 0, 0, 0, 0, 45]","""[0, 10, 1, 7, 5, 2, 3, 3, 2, 9, 4, 35, 42, 42, 45, 22, 0]"""
j10,1,reactive,600,True,23,0.05684518814086914,0.07840394973754883,"[0, 0, 0, 0, 7, 7, 12, 11, 13, 14, 15, 0, 0, 0, 0, 0, 23]","[0, 10, 1, 7, 5, 2, 3, 3, 2, 9, 4, 35, 42, 42, 45, 22, 0]"
j10,1,proactive_robust,600,True,27,0.07527470588684082,0.0005028247833251953,"[0, 0, 0, 0, 7, 7, 12, 11, 13, 18, 18, 0, 0, 0, 0, 0, 45]","""[0, 8, 1, 4, 2, 4, 3, 4, 1, 6, 4, 35, 42, 42, 45, 22, 0]"""
j10,1,reactive,600,True,24,0.07527470588684082,0.10440874099731445,"[0, 0, 0, 0, 7, 7, 12, 11, 13, 18, 18, 0, 0, 0, 0, 0, 24]","[0, 8, 1, 4, 2, 4, 3, 4, 1, 6, 4, 35, 42, 42, 45, 22, 0]"
j10,1,proactive_robust,600,True,27,0.058901309967041016,0.0005247592926025391,"[0, 0, 0, 0, 7, 7, 12, 11, 13, 18, 18, 0, 0, 0, 0, 0, 45]","""[0, 11, 2, 5, 5, 1, 2, 5, 1, 9, 2, 35, 42, 42, 45, 22, 0]"""
j10,1,reactive,600,True,25,0.058901309967041016,0.13991212844848633,"[0, 0, 0, 0, 7, 7, 12, 11, 13, 16, 16, 0, 0, 0, 0, 0, 25]","[0, 11, 2, 5, 5, 1, 2, 5, 1, 9, 2, 35, 42, 42, 45, 22, 0]"
j10,1,proactive_robust,600,True,27,0.05571770668029785,0.0005061626434326172,"[0, 0, 0, 0, 7, 7, 12, 11, 13, 18, 18, 0, 0, 0, 0, 0, 45]","""[0, 12, 1, 2, 2, 1, 3, 6, 2, 4, 1, 35, 42, 42, 45, 22, 0]"""
j10,1,reactive,600,True,22,0.05571770668029785,0.11777687072753906,"[0, 0, 0, 0, 7, 7, 12, 11, 13, 18, 18, 0, 0, 0, 0, 0, 22]","[0, 12, 1, 2, 2, 1, 3, 6, 2, 4, 1, 35, 42, 42, 45, 22, 0]"
j10,1,proactive_robust,600,True,44,0.0589599609375,0.0004057884216308594,"[0, 0, 6, 0, 8, 25, 8, 32, 17, 15, 40, 0, 0, 71]","""[0, 8, 10, 3, 6, 3, 8, 6, 3, 9, 1, 48, 71, 0]"""
j10,1,reactive,600,True,39,0.0589599609375,0.15298104286193848,"[0, 0, 6, 0, 8, 25, 8, 32, 17, 15, 38, 0, 0, 39]","[0, 8, 10, 3, 6, 3, 8, 6, 3, 9, 1, 48, 71, 0]"
j10,1,proactive_robust,600,True,44,0.0587615966796875,0.0004222393035888672,"[0, 0, 6, 0, 8, 25, 8, 32, 17, 15, 40, 0, 0, 71]","""[0, 7, 11, 4, 5, 5, 4, 8, 3, 8, 4, 48, 71, 0]"""
j10,1,reactive,600,True,37,0.0587615966796875,0.14875459671020508,"[0, 0, 6, 0, 8, 20, 8, 25, 17, 15, 33, 0, 0, 37]","[0, 7, 11, 4, 5, 5, 4, 8, 3, 8, 4, 48, 71, 0]"
j10,1,proactive_robust,600,True,44,0.05565166473388672,0.0004088878631591797,"[0, 0, 6, 0, 8, 25, 8, 32, 17, 15, 40, 0, 0, 71]","""[0, 3, 10, 4, 3, 7, 8, 7, 5, 6, 2, 48, 71, 0]"""
j10,1,reactive,600,True,42,0.05565166473388672,0.1631615161895752,"[0, 0, 6, 0, 8, 25, 8, 32, 17, 15, 40, 0, 0, 42]","[0, 3, 10, 4, 3, 7, 8, 7, 5, 6, 2, 48, 71, 0]"
j10,1,proactive_robust,600,True,44,0.05876040458679199,0.00040912628173828125,"[0, 0, 6, 0, 8, 25, 8, 32, 17, 15, 40, 0, 0, 71]","""[0, 5, 10, 2, 7, 7, 5, 6, 8, 6, 4, 48, 71, 0]"""
j10,1,reactive,600,True,42,0.05876040458679199,0.10902714729309082,"[0, 0, 6, 0, 8, 25, 8, 32, 17, 15, 38, 0, 0, 42]","[0, 5, 10, 2, 7, 7, 5, 6, 8, 6, 4, 48, 71, 0]"
j10,1,proactive_robust,600,True,44,0.05619215965270996,0.0004096031188964844,"[0, 0, 6, 0, 8, 25, 8, 32, 17, 15, 40, 0, 0, 71]","""[0, 4, 7, 4, 2, 3, 9, 3, 7, 9, 3, 48, 71, 0]"""
j10,1,reactive,600,True,38,0.05619215965270996,0.1633901596069336,"[0, 0, 6, 0, 8, 25, 8, 32, 17, 15, 35, 0, 0, 38]","[0, 4, 7, 4, 2, 3, 9, 3, 7, 9, 3, 48, 71, 0]"
j10,1,proactive_robust,600,True,44,0.058533430099487305,0.0003941059112548828,"[0, 0, 6, 0, 8, 25, 8, 32, 17, 15, 40, 0, 0, 71]","""[0, 6, 8, 5, 5, 2, 5, 6, 4, 5, 2, 48, 71, 0]"""
j10,1,reactive,600,True,23,0.058533430099487305,0.20299983024597168,"[0, 0, 6, 0, 8, 13, 8, 15, 17, 15, 21, 0, 0, 23]","[0, 6, 8, 5, 5, 2, 5, 6, 4, 5, 2, 48, 71, 0]"
j10,1,proactive_robust,600,True,44,0.06224656105041504,0.0004177093505859375,"[0, 0, 6, 0, 8, 25, 8, 32, 17, 15, 40, 0, 0, 71]","""[0, 8, 10, 6, 6, 5, 4, 7, 3, 6, 3, 48, 71, 0]"""
j10,1,reactive,600,True,42,0.06224656105041504,0.11533141136169434,"[0, 0, 6, 0, 8, 25, 8, 32, 17, 15, 39, 0, 0, 42]","[0, 8, 10, 6, 6, 5, 4, 7, 3, 6, 3, 48, 71, 0]"
j10,1,proactive_robust,600,True,44,0.06168413162231445,0.0004112720489501953,"[0, 0, 6, 0, 8, 25, 8, 32, 17, 15, 40, 0, 0, 71]","""[0, 5, 8, 3, 4, 5, 8, 7, 7, 7, 4, 48, 71, 0]"""
j10,1,reactive,600,True,43,0.06168413162231445,0.14844942092895508,"[0, 0, 6, 0, 8, 25, 8, 32, 17, 15, 39, 0, 0, 43]","[0, 5, 8, 3, 4, 5, 8, 7, 7, 7, 4, 48, 71, 0]"
j10,1,proactive_robust,600,True,44,0.059526920318603516,0.0004286766052246094,"[0, 0, 6, 0, 8, 25, 8, 32, 17, 15, 40, 0, 0, 71]","""[0, 3, 8, 4, 6, 6, 6, 7, 6, 8, 4, 48, 71, 0]"""
j10,1,reactive,600,True,43,0.059526920318603516,0.15247797966003418,"[0, 0, 6, 0, 8, 25, 8, 32, 17, 15, 39, 0, 0, 43]","[0, 3, 8, 4, 6, 6, 6, 7, 6, 8, 4, 48, 71, 0]"
j10,1,proactive_robust,600,True,44,0.05820035934448242,0.0004172325134277344,"[0, 0, 6, 0, 8, 25, 8, 32, 17, 15, 40, 0, 0, 71]","""[0, 7, 10, 5, 3, 5, 4, 8, 6, 7, 3, 48, 71, 0]"""
j10,1,reactive,600,True,43,0.05820035934448242,0.14864492416381836,"[0, 0, 6, 0, 8, 25, 8, 32, 17, 15, 40, 0, 0, 43]","[0, 7, 10, 5, 3, 5, 4, 8, 6, 7, 3, 48, 71, 0]"
j10,1,proactive_robust,600,True,45,0.05860114097595215,0.00020837783813476562,"[0, 0, 0, 0, 10, 12, 21, 24, 27, 33, 21, 0, 45]","""[0, 5, 4, 1, 2, 4, 3, 4, 3, 12, 6, 18, 0]"""
j10,1,reactive,600,True,40,0.05860114097595215,0.11072301864624023,"[0, 0, 0, 0, 10, 12, 21, 24, 27, 28, 21, 0, 40]","[0, 5, 4, 1, 2, 4, 3, 4, 3, 12, 6, 18, 0]"
j10,1,proactive_robust,600,True,45,0.06098222732543945,0.00021147727966308594,"[0, 0, 0, 0, 10, 12, 21, 24, 27, 33, 21, 0, 45]","""[0, 7, 5, 3, 1, 7, 1, 7, 3, 12, 3, 18, 0]"""
j10,1,reactive,600,True,43,0.06098222732543945,0.16445279121398926,"[0, 0, 0, 0, 10, 12, 21, 24, 27, 31, 21, 0, 43]","[0, 7, 5, 3, 1, 7, 1, 7, 3, 12, 3, 18, 0]"
j10,1,proactive_robust,600,True,45,0.05740475654602051,0.00021219253540039062,"[0, 0, 0, 0, 10, 12, 21, 24, 27, 33, 21, 0, 45]","""[0, 9, 6, 3, 1, 9, 2, 6, 1, 10, 3, 18, 0]"""
j10,1,reactive,600,True,43,0.05740475654602051,0.15687918663024902,"[0, 0, 0, 0, 10, 12, 21, 24, 27, 33, 21, 0, 43]","[0, 9, 6, 3, 1, 9, 2, 6, 1, 10, 3, 18, 0]"
j10,1,proactive_robust,600,True,45,0.05697369575500488,0.00021576881408691406,"[0, 0, 0, 0, 10, 12, 21, 24, 27, 33, 21, 0, 45]","""[0, 10, 7, 1, 2, 4, 3, 9, 4, 6, 6, 18, 0]"""
j10,1,reactive,600,True,39,0.05697369575500488,0.06952929496765137,"[0, 0, 0, 0, 10, 12, 21, 24, 27, 33, 21, 0, 39]","[0, 10, 7, 1, 2, 4, 3, 9, 4, 6, 6, 18, 0]"
j10,1,proactive_robust,600,True,45,0.0545496940612793,0.00020647048950195312,"[0, 0, 0, 0, 10, 12, 21, 24, 27, 33, 21, 0, 45]","""[0, 8, 6, 1, 2, 7, 2, 8, 3, 6, 3, 18, 0]"""
j10,1,reactive,600,True,39,0.0545496940612793,0.14115118980407715,"[0, 0, 0, 0, 10, 12, 21, 24, 27, 33, 21, 0, 39]","[0, 8, 6, 1, 2, 7, 2, 8, 3, 6, 3, 18, 0]"
j10,1,proactive_robust,600,True,45,0.05740618705749512,0.00021529197692871094,"[0, 0, 0, 0, 10, 12, 21, 24, 27, 33, 21, 0, 45]","""[0, 5, 6, 1, 2, 9, 3, 6, 3, 11, 5, 18, 0]"""
j10,1,reactive,600,True,44,0.05740618705749512,0.11232280731201172,"[0, 0, 0, 0, 10, 12, 21, 24, 27, 33, 21, 0, 44]","[0, 5, 6, 1, 2, 9, 3, 6, 3, 11, 5, 18, 0]"
j10,1,proactive_robust,600,True,45,0.05833292007446289,0.0002086162567138672,"[0, 0, 0, 0, 10, 12, 21, 24, 27, 33, 21, 0, 45]","""[0, 8, 4, 3, 2, 7, 2, 5, 3, 11, 2, 18, 0]"""
j10,1,reactive,600,True,44,0.05833292007446289,0.15032958984375,"[0, 0, 0, 0, 10, 12, 21, 24, 27, 33, 21, 0, 44]","[0, 8, 4, 3, 2, 7, 2, 5, 3, 11, 2, 18, 0]"
j10,1,proactive_robust,600,True,45,0.05501723289489746,0.00020647048950195312,"[0, 0, 0, 0, 10, 12, 21, 24, 27, 33, 21, 0, 45]","""[0, 7, 7, 2, 1, 6, 3, 5, 4, 9, 2, 18, 0]"""
j10,1,reactive,600,True,42,0.05501723289489746,0.13903403282165527,"[0, 0, 0, 0, 10, 12, 21, 24, 27, 33, 21, 0, 42]","[0, 7, 7, 2, 1, 6, 3, 5, 4, 9, 2, 18, 0]"
j10,1,proactive_robust,600,True,45,0.05526375770568848,0.0001964569091796875,"[0, 0, 0, 0, 10, 12, 21, 24, 27, 33, 21, 0, 45]","""[0, 5, 4, 1, 1, 4, 1, 5, 4, 10, 5, 18, 0]"""
j10,1,reactive,600,True,39,0.05526375770568848,0.17918181419372559,"[0, 0, 0, 0, 10, 12, 21, 24, 27, 29, 21, 0, 39]","[0, 5, 4, 1, 1, 4, 1, 5, 4, 10, 5, 18, 0]"
j10,1,proactive_robust,600,True,45,0.0825498104095459,0.0001995563507080078,"[0, 0, 0, 0, 10, 12, 21, 24, 27, 33, 21, 0, 45]","""[0, 6, 4, 4, 2, 5, 1, 7, 4, 6, 5, 18, 0]"""
j10,1,reactive,600,True,39,0.0825498104095459,0.10394859313964844,"[0, 0, 0, 0, 10, 12, 21, 24, 27, 33, 21, 0, 39]","[0, 6, 4, 4, 2, 5, 1, 7, 4, 6, 5, 18, 0]"
j10,1,proactive_robust,600,True,30,0.06015610694885254,0.0006306171417236328,"[0, 0, 0, 0, 8, 3, 9, 14, 20, 20, 14, 0, 0, 0, 0, 0, 0, 0, 0, 56]","""[0, 6, 3, 7, 6, 3, 1, 4, 3, 7, 3, 26, 44, 17, 28, 11, 56, 36, 26, 0]"""
j10,1,reactive,600,True,27,0.06015610694885254,0.11347174644470215,"[0, 0, 0, 0, 8, 3, 9, 14, 20, 20, 14, 0, 0, 0, 0, 0, 0, 0, 0, 27]","[0, 6, 3, 7, 6, 3, 1, 4, 3, 7, 3, 26, 44, 17, 28, 11, 56, 36, 26, 0]"
j10,1,proactive_robust,600,True,30,0.0617985725402832,0.0006411075592041016,"[0, 0, 0, 0, 8, 3, 9, 14, 20, 20, 14, 0, 0, 0, 0, 0, 0, 0, 0, 56]","""[0, 8, 1, 3, 5, 6, 2, 4, 7, 5, 1, 26, 44, 17, 28, 11, 56, 36, 26, 0]"""
j10,1,reactive,600,True,27,0.0617985725402832,0.12983250617980957,"[0, 0, 0, 0, 8, 3, 9, 14, 20, 20, 14, 0, 0, 0, 0, 0, 0, 0, 0, 27]","[0, 8, 1, 3, 5, 6, 2, 4, 7, 5, 1, 26, 44, 17, 28, 11, 56, 36, 26, 0]"
j10,1,proactive_robust,600,True,30,0.059584617614746094,0.0006139278411865234,"[0, 0, 0, 0, 8, 3, 9, 14, 20, 20, 14, 0, 0, 0, 0, 0, 0, 0, 0, 56]","""[0, 6, 2, 6, 5, 2, 1, 3, 6, 5, 2, 26, 44, 17, 28, 11, 56, 36, 26, 0]"""
j10,1,reactive,600,True,26,0.059584617614746094,0.1577167510986328,"[0, 0, 0, 0, 8, 3, 9, 14, 20, 20, 14, 0, 0, 0, 0, 0, 0, 0, 0, 26]","[0, 6, 2, 6, 5, 2, 1, 3, 6, 5, 2, 26, 44, 17, 28, 11, 56, 36, 26, 0]"
j10,1,proactive_robust,600,True,30,0.06189846992492676,0.0006430149078369141,"[0, 0, 0, 0, 8, 3, 9, 14, 20, 20, 14, 0, 0, 0, 0, 0, 0, 0, 0, 56]","""[0, 8, 1, 7, 5, 3, 1, 6, 5, 10, 2, 26, 44, 17, 28, 11, 56, 36, 26, 0]"""
j10,1,reactive,600,True,30,0.06189846992492676,0.13652420043945312,"[0, 0, 0, 0, 8, 3, 9, 14, 20, 20, 14, 0, 0, 0, 0, 0, 0, 0, 0, 30]","[0, 8, 1, 7, 5, 3, 1, 6, 5, 10, 2, 26, 44, 17, 28, 11, 56, 36, 26, 0]"
j10,1,proactive_robust,600,True,30,0.0616457462310791,0.0006291866302490234,"[0, 0, 0, 0, 8, 3, 9, 14, 20, 20, 14, 0, 0, 0, 0, 0, 0, 0, 0, 56]","""[0, 5, 1, 3, 3, 5, 1, 6, 3, 9, 3, 26, 44, 17, 28, 11, 56, 36, 26, 0]"""
j10,1,reactive,600,True,29,0.0616457462310791,0.1347517967224121,"[0, 0, 0, 0, 8, 3, 9, 14, 20, 20, 14, 0, 0, 0, 0, 0, 0, 0, 0, 29]","[0, 5, 1, 3, 3, 5, 1, 6, 3, 9, 3, 26, 44, 17, 28, 11, 56, 36, 26, 0]"
j10,1,proactive_robust,600,True,30,0.06107735633850098,0.0006270408630371094,"[0, 0, 0, 0, 8, 3, 9, 14, 20, 20, 14, 0, 0, 0, 0, 0, 0, 0, 0, 56]","""[0, 5, 2, 4, 6, 2, 2, 2, 7, 9, 1, 26, 44, 17, 28, 11, 56, 36, 26, 0]"""
j10,1,reactive,600,True,29,0.06107735633850098,0.12117552757263184,"[0, 0, 0, 0, 8, 3, 9, 14, 20, 20, 14, 0, 0, 0, 0, 0, 0, 0, 0, 29]","[0, 5, 2, 4, 6, 2, 2, 2, 7, 9, 1, 26, 44, 17, 28, 11, 56, 36, 26, 0]"
j10,1,proactive_robust,600,True,30,0.059950828552246094,0.0006327629089355469,"[0, 0, 0, 0, 8, 3, 9, 14, 20, 20, 14, 0, 0, 0, 0, 0, 0, 0, 0, 56]","""[0, 6, 2, 4, 4, 6, 1, 5, 5, 7, 1, 26, 44, 17, 28, 11, 56, 36, 26, 0]"""
j10,1,reactive,600,True,27,0.059950828552246094,0.1460871696472168,"[0, 0, 0, 0, 8, 3, 9, 14, 20, 20, 14, 0, 0, 0, 0, 0, 0, 0, 0, 27]","[0, 6, 2, 4, 4, 6, 1, 5, 5, 7, 1, 26, 44, 17, 28, 11, 56, 36, 26, 0]"
j10,1,proactive_robust,600,True,30,0.05766606330871582,0.0006227493286132812,"[0, 0, 0, 0, 8, 3, 9, 14, 20, 20, 14, 0, 0, 0, 0, 0, 0, 0, 0, 56]","""[0, 8, 3, 6, 3, 5, 1, 2, 5, 7, 2, 26, 44, 17, 28, 11, 56, 36, 26, 0]"""
j10,1,reactive,600,True,27,0.05766606330871582,0.14451289176940918,"[0, 0, 0, 0, 8, 3, 9, 14, 20, 20, 14, 0, 0, 0, 0, 0, 0, 0, 0, 27]","[0, 8, 3, 6, 3, 5, 1, 2, 5, 7, 2, 26, 44, 17, 28, 11, 56, 36, 26, 0]"
j10,1,proactive_robust,600,True,30,0.06000542640686035,0.0006287097930908203,"[0, 0, 0, 0, 8, 3, 9, 14, 20, 20, 14, 0, 0, 0, 0, 0, 0, 0, 0, 56]","""[0, 9, 1, 4, 3, 4, 1, 5, 5, 8, 2, 26, 44, 17, 28, 11, 56, 36, 26, 0]"""
j10,1,reactive,600,True,28,0.06000542640686035,0.1459650993347168,"[0, 0, 0, 0, 8, 3, 9, 14, 20, 20, 14, 0, 0, 0, 0, 0, 0, 0, 0, 28]","[0, 9, 1, 4, 3, 4, 1, 5, 5, 8, 2, 26, 44, 17, 28, 11, 56, 36, 26, 0]"
j10,1,proactive_robust,600,True,30,0.05938553810119629,0.0006248950958251953,"[0, 0, 0, 0, 8, 3, 9, 14, 20, 20, 14, 0, 0, 0, 0, 0, 0, 0, 0, 56]","""[0, 6, 3, 5, 5, 3, 2, 6, 4, 6, 3, 26, 44, 17, 28, 11, 56, 36, 26, 0]"""
j10,1,reactive,600,True,26,0.05938553810119629,0.09663820266723633,"[0, 0, 0, 0, 8, 3, 9, 14, 20, 20, 14, 0, 0, 0, 0, 0, 0, 0, 0, 26]","[0, 6, 3, 5, 5, 3, 2, 6, 4, 6, 3, 26, 44, 17, 28, 11, 56, 36, 26, 0]"
j10,1,proactive_robust,600,True,38,0.07279348373413086,0.00028324127197265625,"[0, 0, 0, 13, 3, 11, 16, 22, 16, 29, 26, 0, 0, 41]","""[0, 4, 3, 2, 7, 1, 3, 1, 7, 7, 2, 41, 26, 0]"""
j10,1,reactive,600,True,36,0.07279348373413086,0.17664361000061035,"[0, 0, 0, 13, 3, 11, 16, 22, 16, 29, 26, 0, 0, 36]","[0, 4, 3, 2, 7, 1, 3, 1, 7, 7, 2, 41, 26, 0]"
j10,1,proactive_robust,600,True,38,0.07094764709472656,0.00028896331787109375,"[0, 0, 0, 13, 3, 11, 16, 22, 16, 29, 26, 0, 0, 41]","""[0, 2, 3, 2, 6, 1, 6, 4, 6, 5, 1, 41, 26, 0]"""
j10,1,reactive,600,True,34,0.07094764709472656,0.1400442123413086,"[0, 0, 0, 13, 3, 11, 16, 22, 16, 29, 26, 0, 0, 34]","[0, 2, 3, 2, 6, 1, 6, 4, 6, 5, 1, 41, 26, 0]"
j10,1,proactive_robust,600,True,38,0.07170224189758301,0.000293731689453125,"[0, 0, 0, 13, 3, 11, 16, 22, 16, 29, 26, 0, 0, 41]","""[0, 3, 3, 1, 5, 2, 6, 1, 7, 5, 3, 41, 26, 0]"""
j10,1,reactive,600,True,34,0.07170224189758301,0.14292025566101074,"[0, 0, 0, 13, 3, 11, 16, 22, 16, 29, 26, 0, 0, 34]","[0, 3, 3, 1, 5, 2, 6, 1, 7, 5, 3, 41, 26, 0]"
j10,1,proactive_robust,600,True,38,0.07204842567443848,0.00029540061950683594,"[0, 0, 0, 13, 3, 11, 16, 22, 16, 29, 26, 0, 0, 41]","""[0, 4, 3, 2, 5, 1, 5, 4, 6, 8, 1, 41, 26, 0]"""
j10,1,reactive,600,True,37,0.07204842567443848,0.13308477401733398,"[0, 0, 0, 13, 3, 11, 16, 22, 16, 29, 26, 0, 0, 37]","[0, 4, 3, 2, 5, 1, 5, 4, 6, 8, 1, 41, 26, 0]"
j10,1,proactive_robust,600,True,38,0.07169651985168457,0.0002880096435546875,"[0, 0, 0, 13, 3, 11, 16, 22, 16, 29, 26, 0, 0, 41]","""[0, 3, 2, 3, 3, 2, 6, 2, 6, 4, 1, 41, 26, 0]"""
j10,1,reactive,600,True,31,0.07169651985168457,0.1495530605316162,"[0, 0, 0, 13, 3, 11, 16, 22, 16, 27, 26, 0, 0, 31]","[0, 3, 2, 3, 3, 2, 6, 2, 6, 4, 1, 41, 26, 0]"
j10,1,proactive_robust,600,True,38,0.07344746589660645,0.00029778480529785156,"[0, 0, 0, 13, 3, 11, 16, 22, 16, 29, 26, 0, 0, 41]","""[0, 3, 2, 1, 8, 1, 4, 3, 5, 9, 2, 41, 26, 0]"""
j10,1,reactive,600,True,38,0.07344746589660645,0.19568634033203125,"[0, 0, 0, 13, 3, 11, 16, 22, 16, 29, 26, 0, 0, 38]","[0, 3, 2, 1, 8, 1, 4, 3, 5, 9, 2, 41, 26, 0]"
j10,1,proactive_robust,600,True,38,0.07367086410522461,0.0002987384796142578,"[0, 0, 0, 13, 3, 11, 16, 22, 16, 29, 26, 0, 0, 41]","""[0, 4, 2, 1, 5, 2, 6, 4, 7, 7, 3, 41, 26, 0]"""
j10,1,reactive,600,True,36,0.07367086410522461,0.10891842842102051,"[0, 0, 0, 13, 3, 11, 16, 22, 16, 29, 26, 0, 0, 36]","[0, 4, 2, 1, 5, 2, 6, 4, 7, 7, 3, 41, 26, 0]"
j10,1,proactive_robust,600,True,38,0.07164359092712402,0.00026679039001464844,"[0, 0, 0, 13, 3, 11, 16, 22, 16, 29, 26, 0, 0, 41]","""[0, 1, 2, 3, 3, 2, 4, 3, 4, 4, 3, 41, 26, 0]"""
j10,1,reactive,600,True,33,0.07164359092712402,0.16522932052612305,"[0, 0, 0, 13, 3, 11, 16, 22, 16, 29, 26, 0, 0, 33]","[0, 1, 2, 3, 3, 2, 4, 3, 4, 4, 3, 41, 26, 0]"
j10,1,proactive_robust,600,True,38,0.07202792167663574,0.0002989768981933594,"[0, 0, 0, 13, 3, 11, 16, 22, 16, 29, 26, 0, 0, 41]","""[0, 3, 3, 3, 6, 2, 2, 4, 6, 8, 1, 41, 26, 0]"""
j10,1,reactive,600,True,37,0.07202792167663574,0.11350893974304199,"[0, 0, 0, 13, 3, 11, 16, 22, 16, 29, 26, 0, 0, 37]","[0, 3, 3, 3, 6, 2, 2, 4, 6, 8, 1, 41, 26, 0]"
j10,1,proactive_robust,600,True,38,0.07404017448425293,0.000293731689453125,"[0, 0, 0, 13, 3, 11, 16, 22, 16, 29, 26, 0, 0, 41]","""[0, 3, 1, 2, 8, 1, 3, 4, 7, 8, 1, 41, 26, 0]"""
j10,1,reactive,600,True,37,0.07404017448425293,0.18488240242004395,"[0, 0, 0, 13, 3, 11, 16, 22, 16, 29, 26, 0, 0, 37]","[0, 3, 1, 2, 8, 1, 3, 4, 7, 8, 1, 41, 26, 0]"
j10,1,proactive_robust,600,True,35,0.05308818817138672,0.0009069442749023438,"[0, 0, 0, 0, 6, 8, 21, 6, 12, 15, 27, 0, 0, 0, 0, 0, 0, 0, 0, 91]","""[0, 3, 5, 11, 2, 3, 4, 3, 7, 4, 6, 60, 84, 77, 34, 27, 12, 91, 22, 0]"""
j10,1,reactive,600,True,21,0.05308818817138672,0.1477367877960205,"[0, 0, 0, 0, 6, 8, 11, 6, 12, 15, 15, 0, 0, 0, 0, 0, 0, 0, 0, 21]","[0, 3, 5, 11, 2, 3, 4, 3, 7, 4, 6, 60, 84, 77, 34, 27, 12, 91, 22, 0]"
j10,1,proactive_robust,600,True,35,0.05565357208251953,0.0009191036224365234,"[0, 0, 0, 0, 6, 8, 21, 6, 12, 15, 27, 0, 0, 0, 0, 0, 0, 0, 0, 91]","""[0, 1, 6, 9, 2, 7, 3, 4, 9, 2, 3, 60, 84, 77, 34, 27, 12, 91, 22, 0]"""
j10,1,reactive,600,True,27,0.05565357208251953,0.09073400497436523,"[0, 0, 0, 0, 6, 8, 21, 6, 12, 15, 24, 0, 0, 0, 0, 0, 0, 0, 0, 27]","[0, 1, 6, 9, 2, 7, 3, 4, 9, 2, 3, 60, 84, 77, 34, 27, 12, 91, 22, 0]"
j10,1,proactive_robust,600,True,35,0.055617332458496094,0.0009086132049560547,"[0, 0, 0, 0, 6, 8, 21, 6, 12, 15, 27, 0, 0, 0, 0, 0, 0, 0, 0, 91]","""[0, 1, 6, 7, 1, 7, 3, 2, 5, 5, 5, 60, 84, 77, 34, 27, 12, 91, 22, 0]"""
j10,1,reactive,600,True,32,0.055617332458496094,0.12097764015197754,"[0, 0, 0, 0, 6, 8, 21, 6, 12, 15, 27, 0, 0, 0, 0, 0, 0, 0, 0, 32]","[0, 1, 6, 7, 1, 7, 3, 2, 5, 5, 5, 60, 84, 77, 34, 27, 12, 91, 22, 0]"
j10,1,proactive_robust,600,True,35,0.05378007888793945,0.0009188652038574219,"[0, 0, 0, 0, 6, 8, 21, 6, 12, 15, 27, 0, 0, 0, 0, 0, 0, 0, 0, 91]","""[0, 3, 6, 11, 2, 4, 3, 2, 10, 4, 6, 60, 84, 77, 34, 27, 12, 91, 22, 0]"""
j10,1,reactive,600,True,22,0.05378007888793945,0.10890603065490723,"[0, 0, 0, 0, 6, 8, 12, 6, 12, 15, 16, 0, 0, 0, 0, 0, 0, 0, 0, 22]","[0, 3, 6, 11, 2, 4, 3, 2, 10, 4, 6, 60, 84, 77, 34, 27, 12, 91, 22, 0]"
j10,1,proactive_robust,600,True,35,0.05498218536376953,0.0009181499481201172,"[0, 0, 0, 0, 6, 8, 21, 6, 12, 15, 27, 0, 0, 0, 0, 0, 0, 0, 0, 91]","""[0, 1, 2, 11, 1, 5, 5, 3, 8, 6, 6, 60, 84, 77, 34, 27, 12, 91, 22, 0]"""
j10,1,reactive,600,True,33,0.05498218536376953,0.1481640338897705,"[0, 0, 0, 0, 6, 8, 21, 6, 12, 15, 27, 0, 0, 0, 0, 0, 0, 0, 0, 33]","[0, 1, 2, 11, 1, 5, 5, 3, 8, 6, 6, 60, 84, 77, 34, 27, 12, 91, 22, 0]"
j10,1,proactive_robust,600,True,35,0.05785059928894043,0.0009205341339111328,"[0, 0, 0, 0, 6, 8, 21, 6, 12, 15, 27, 0, 0, 0, 0, 0, 0, 0, 0, 91]","""[0, 4, 6, 8, 2, 5, 2, 6, 8, 2, 7, 60, 84, 77, 34, 27, 12, 91, 22, 0]"""
j10,1,reactive,600,True,30,0.05785059928894043,0.0877687931060791,"[0, 0, 0, 0, 6, 8, 21, 6, 12, 15, 23, 0, 0, 0, 0, 0, 0, 0, 0, 30]","[0, 4, 6, 8, 2, 5, 2, 6, 8, 2, 7, 60, 84, 77, 34, 27, 12, 91, 22, 0]"
j10,1,proactive_robust,600,True,35,0.056267738342285156,0.0009067058563232422,"[0, 0, 0, 0, 6, 8, 21, 6, 12, 15, 27, 0, 0, 0, 0, 0, 0, 0, 0, 91]","""[0, 2, 4, 11, 2, 5, 4, 2, 7, 5, 3, 60, 84, 77, 34, 27, 12, 91, 22, 0]"""
j10,1,reactive,600,True,28,0.056267738342285156,0.13593626022338867,"[0, 0, 0, 0, 6, 8, 21, 6, 12, 15, 25, 0, 0, 0, 0, 0, 0, 0, 0, 28]","[0, 2, 4, 11, 2, 5, 4, 2, 7, 5, 3, 60, 84, 77, 34, 27, 12, 91, 22, 0]"
j10,1,proactive_robust,600,True,35,0.05453968048095703,0.0009169578552246094,"[0, 0, 0, 0, 6, 8, 21, 6, 12, 15, 27, 0, 0, 0, 0, 0, 0, 0, 0, 91]","""[0, 1, 6, 7, 2, 2, 6, 4, 7, 4, 5, 60, 84, 77, 34, 27, 12, 91, 22, 0]"""
j10,1,reactive,600,True,32,0.05453968048095703,0.10192418098449707,"[0, 0, 0, 0, 6, 8, 21, 6, 12, 15, 27, 0, 0, 0, 0, 0, 0, 0, 0, 32]","[0, 1, 6, 7, 2, 2, 6, 4, 7, 4, 5, 60, 84, 77, 34, 27, 12, 91, 22, 0]"
j10,1,proactive_robust,600,True,35,0.05611014366149902,0.0009150505065917969,"[0, 0, 0, 0, 6, 8, 21, 6, 12, 15, 27, 0, 0, 0, 0, 0, 0, 0, 0, 91]","""[0, 1, 2, 8, 1, 5, 5, 5, 10, 4, 6, 60, 84, 77, 34, 27, 12, 91, 22, 0]"""
j10,1,reactive,600,True,33,0.05611014366149902,0.14522957801818848,"[0, 0, 0, 0, 6, 8, 21, 6, 12, 15, 27, 0, 0, 0, 0, 0, 0, 0, 0, 33]","[0, 1, 2, 8, 1, 5, 5, 5, 10, 4, 6, 60, 84, 77, 34, 27, 12, 91, 22, 0]"
j10,1,proactive_robust,600,True,35,0.05511736869812012,0.0009217262268066406,"[0, 0, 0, 0, 6, 8, 21, 6, 12, 15, 27, 0, 0, 0, 0, 0, 0, 0, 0, 91]","""[0, 3, 4, 12, 1, 6, 4, 3, 7, 4, 6, 60, 84, 77, 34, 27, 12, 91, 22, 0]"""
j10,1,reactive,600,True,33,0.05511736869812012,0.13108110427856445,"[0, 0, 0, 0, 6, 8, 21, 6, 12, 15, 27, 0, 0, 0, 0, 0, 0, 0, 0, 33]","[0, 3, 4, 12, 1, 6, 4, 3, 7, 4, 6, 60, 84, 77, 34, 27, 12, 91, 22, 0]"
j10,1,proactive_robust,600,True,40,0.059465646743774414,0.0005202293395996094,"[0, 0, 4, 0, 8, 17, 11, 20, 18, 28, 28, 0, 0, 0, 81]","""[0, 2, 7, 7, 7, 2, 7, 4, 2, 1, 7, 68, 81, 40, 0]"""
j10,1,reactive,600,True,35,0.059465646743774414,0.17018628120422363,"[0, 0, 4, 0, 8, 17, 11, 20, 18, 28, 28, 0, 0, 0, 35]","[0, 2, 7, 7, 7, 2, 7, 4, 2, 1, 7, 68, 81, 40, 0]"
j10,1,proactive_robust,600,True,40,0.06154203414916992,0.0005316734313964844,"[0, 0, 4, 0, 8, 17, 11, 20, 18, 28, 28, 0, 0, 0, 81]","""[0, 2, 3, 8, 6, 2, 6, 8, 3, 1, 11, 68, 81, 40, 0]"""
j10,1,reactive,600,True,39,0.06154203414916992,0.10712432861328125,"[0, 0, 4, 0, 8, 17, 11, 20, 18, 28, 28, 0, 0, 0, 39]","[0, 2, 3, 8, 6, 2, 6, 8, 3, 1, 11, 68, 81, 40, 0]"
j10,1,proactive_robust,600,True,40,0.059502601623535156,0.0005223751068115234,"[0, 0, 4, 0, 8, 17, 11, 20, 18, 28, 28, 0, 0, 0, 81]","""[0, 3, 4, 6, 8, 1, 6, 3, 1, 2, 10, 68, 81, 40, 0]"""
j10,1,reactive,600,True,38,0.059502601623535156,0.15162992477416992,"[0, 0, 4, 0, 8, 17, 11, 20, 18, 28, 28, 0, 0, 0, 38]","[0, 3, 4, 6, 8, 1, 6, 3, 1, 2, 10, 68, 81, 40, 0]"
j10,1,proactive_robust,600,True,40,0.05875253677368164,0.0005121231079101562,"[0, 0, 4, 0, 8, 17, 11, 20, 18, 28, 28, 0, 0, 0, 81]","""[0, 1, 7, 6, 5, 3, 4, 8, 3, 2, 8, 68, 81, 40, 0]"""
j10,1,reactive,600,True,36,0.05875253677368164,0.08899974822998047,"[0, 0, 4, 0, 8, 17, 11, 20, 18, 28, 28, 0, 0, 0, 36]","[0, 1, 7, 6, 5, 3, 4, 8, 3, 2, 8, 68, 81, 40, 0]"
j10,1,proactive_robust,600,True,40,0.056550025939941406,0.0005288124084472656,"[0, 0, 4, 0, 8, 17, 11, 20, 18, 28, 28, 0, 0, 0, 81]","""[0, 4, 6, 7, 9, 2, 3, 7, 3, 3, 12, 68, 81, 40, 0]"""
j10,1,reactive,600,True,40,0.056550025939941406,0.09517478942871094,"[0, 0, 4, 0, 8, 17, 11, 20, 18, 28, 28, 0, 0, 0, 40]","[0, 4, 6, 7, 9, 2, 3, 7, 3, 3, 12, 68, 81, 40, 0]"
j10,1,proactive_robust,600,True,40,0.05665445327758789,0.0005142688751220703,"[0, 0, 4, 0, 8, 17, 11, 20, 18, 28, 28, 0, 0, 0, 81]","""[0, 3, 7, 4, 7, 2, 3, 4, 1, 4, 10, 68, 81, 40, 0]"""
j10,1,reactive,600,True,38,0.05665445327758789,0.13082408905029297,"[0, 0, 4, 0, 8, 17, 11, 20, 18, 28, 28, 0, 0, 0, 38]","[0, 3, 7, 4, 7, 2, 3, 4, 1, 4, 10, 68, 81, 40, 0]"
j10,1,proactive_robust,600,True,40,0.05903053283691406,0.0005297660827636719,"[0, 0, 4, 0, 8, 17, 11, 20, 18, 28, 28, 0, 0, 0, 81]","""[0, 3, 5, 6, 7, 3, 2, 8, 2, 4, 12, 68, 81, 40, 0]"""
j10,1,reactive,600,True,38,0.05903053283691406,0.1123969554901123,"[0, 0, 4, 0, 8, 15, 11, 18, 15, 26, 26, 0, 0, 0, 38]","[0, 3, 5, 6, 7, 3, 2, 8, 2, 4, 12, 68, 81, 40, 0]"
j10,1,proactive_robust,600,True,40,0.059102773666381836,0.0005154609680175781,"[0, 0, 4, 0, 8, 17, 11, 20, 18, 28, 28, 0, 0, 0, 81]","""[0, 3, 4, 3, 6, 2, 4, 5, 2, 2, 12, 68, 81, 40, 0]"""
j10,1,reactive,600,True,37,0.059102773666381836,0.14669370651245117,"[0, 0, 4, 0, 8, 17, 11, 20, 18, 25, 25, 0, 0, 0, 37]","[0, 3, 4, 3, 6, 2, 4, 5, 2, 2, 12, 68, 81, 40, 0]"
j10,1,proactive_robust,600,True,40,0.06122422218322754,0.0005128383636474609,"[0, 0, 4, 0, 8, 17, 11, 20, 18, 28, 28, 0, 0, 0, 81]","""[0, 2, 4, 3, 7, 1, 7, 6, 2, 4, 12, 68, 81, 40, 0]"""
j10,1,reactive,600,True,38,0.06122422218322754,0.11973381042480469,"[0, 0, 4, 0, 8, 17, 11, 20, 18, 26, 26, 0, 0, 0, 38]","[0, 2, 4, 3, 7, 1, 7, 6, 2, 4, 12, 68, 81, 40, 0]"
j10,1,proactive_robust,600,True,40,0.059235572814941406,0.0005180835723876953,"[0, 0, 4, 0, 8, 17, 11, 20, 18, 28, 28, 0, 0, 0, 81]","""[0, 3, 7, 7, 5, 2, 3, 4, 2, 1, 11, 68, 81, 40, 0]"""
j10,1,reactive,600,True,39,0.059235572814941406,0.13764286041259766,"[0, 0, 4, 0, 8, 17, 11, 20, 18, 28, 28, 0, 0, 0, 39]","[0, 3, 7, 7, 5, 2, 3, 4, 2, 1, 11, 68, 81, 40, 0]"
j10,1,proactive_robust,600,True,43,0.05907464027404785,0.00029659271240234375,"[0, 0, 0, 0, 23, 7, 11, 23, 33, 33, 31, 0, 52]","""[0, 3, 12, 4, 7, 3, 7, 3, 2, 6, 9, 52, 0]"""
j10,1,reactive,600,True,40,0.05907464027404785,0.13943862915039062,"[0, 0, 0, 0, 23, 7, 11, 23, 33, 33, 31, 0, 40]","[0, 3, 12, 4, 7, 3, 7, 3, 2, 6, 9, 52, 0]"
j10,1,proactive_robust,600,True,43,0.05888056755065918,0.0002903938293457031,"[0, 0, 0, 0, 23, 7, 11, 23, 33, 33, 31, 0, 52]","""[0, 3, 9, 6, 6, 2, 12, 5, 2, 2, 7, 52, 0]"""
j10,1,reactive,600,True,38,0.05888056755065918,0.13611912727355957,"[0, 0, 0, 0, 23, 7, 11, 23, 33, 33, 31, 0, 38]","[0, 3, 9, 6, 6, 2, 12, 5, 2, 2, 7, 52, 0]"
j10,1,proactive_robust,600,True,43,0.057927846908569336,0.0002930164337158203,"[0, 0, 0, 0, 23, 7, 11, 23, 33, 33, 31, 0, 52]","""[0, 5, 9, 6, 5, 1, 10, 6, 1, 3, 10, 52, 0]"""
j10,1,reactive,600,True,41,0.057927846908569336,0.1573648452758789,"[0, 0, 0, 0, 23, 7, 11, 23, 33, 33, 31, 0, 41]","[0, 5, 9, 6, 5, 1, 10, 6, 1, 3, 10, 52, 0]"
j10,1,proactive_robust,600,True,43,0.05839228630065918,0.0003001689910888672,"[0, 0, 0, 0, 23, 7, 11, 23, 33, 33, 31, 0, 52]","""[0, 2, 12, 4, 7, 3, 6, 6, 4, 3, 12, 52, 0]"""
j10,1,reactive,600,True,43,0.05839228630065918,0.1282048225402832,"[0, 0, 0, 0, 23, 7, 11, 23, 30, 30, 31, 0, 43]","[0, 2, 12, 4, 7, 3, 6, 6, 4, 3, 12, 52, 0]"
j10,1,proactive_robust,600,True,43,0.05584263801574707,0.0002903938293457031,"[0, 0, 0, 0, 23, 7, 11, 23, 33, 33, 31, 0, 52]","""[0, 3, 10, 2, 7, 3, 9, 4, 1, 3, 9, 52, 0]"""
j10,1,reactive,600,True,40,0.05584263801574707,0.1497666835784912,"[0, 0, 0, 0, 23, 7, 11, 23, 33, 33, 31, 0, 40]","[0, 3, 10, 2, 7, 3, 9, 4, 1, 3, 9, 52, 0]"
j10,1,proactive_robust,600,True,43,0.056354522705078125,0.00029087066650390625,"[0, 0, 0, 0, 23, 7, 11, 23, 33, 33, 31, 0, 52]","""[0, 2, 6, 3, 8, 2, 6, 5, 1, 6, 12, 52, 0]"""
j10,1,reactive,600,True,43,0.056354522705078125,0.14220762252807617,"[0, 0, 0, 0, 23, 7, 11, 23, 31, 31, 31, 0, 43]","[0, 2, 6, 3, 8, 2, 6, 5, 1, 6, 12, 52, 0]"
j10,1,proactive_robust,600,True,43,0.06141018867492676,0.0003008842468261719,"[0, 0, 0, 0, 23, 7, 11, 23, 33, 33, 31, 0, 52]","""[0, 5, 11, 6, 5, 4, 9, 6, 3, 2, 8, 52, 0]"""
j10,1,reactive,600,True,39,0.06141018867492676,0.1311352252960205,"[0, 0, 0, 0, 23, 7, 11, 23, 33, 33, 31, 0, 39]","[0, 5, 11, 6, 5, 4, 9, 6, 3, 2, 8, 52, 0]"
j10,1,proactive_robust,600,True,43,0.06032538414001465,0.0003142356872558594,"[0, 0, 0, 0, 23, 7, 11, 23, 33, 33, 31, 0, 52]","""[0, 5, 12, 2, 9, 2, 12, 8, 1, 4, 12, 52, 0]"""
j10,1,reactive,600,True,43,0.06032538414001465,0.09467291831970215,"[0, 0, 0, 0, 23, 7, 11, 23, 33, 33, 31, 0, 43]","[0, 5, 12, 2, 9, 2, 12, 8, 1, 4, 12, 52, 0]"
j10,1,proactive_robust,600,True,43,0.0570981502532959,0.00030112266540527344,"[0, 0, 0, 0, 23, 7, 11, 23, 33, 33, 31, 0, 52]","""[0, 3, 6, 7, 6, 2, 12, 4, 4, 5, 11, 52, 0]"""
j10,1,reactive,600,True,42,0.0570981502532959,0.10935854911804199,"[0, 0, 0, 0, 23, 7, 11, 23, 33, 33, 31, 0, 42]","[0, 3, 6, 7, 6, 2, 12, 4, 4, 5, 11, 52, 0]"
j10,1,proactive_robust,600,True,43,0.05532646179199219,0.00028967857360839844,"[0, 0, 0, 0, 23, 7, 11, 23, 33, 33, 31, 0, 52]","""[0, 4, 8, 3, 7, 1, 12, 5, 3, 2, 6, 52, 0]"""
j10,1,reactive,600,True,37,0.05532646179199219,0.14404702186584473,"[0, 0, 0, 0, 23, 7, 11, 23, 33, 33, 31, 0, 37]","[0, 4, 8, 3, 7, 1, 12, 5, 3, 2, 6, 52, 0]"
j10,1,proactive_robust,600,True,33,0.05480337142944336,0.0006031990051269531,"[0, 0, 0, 0, 13, 9, 9, 13, 25, 15, 16, 0, 0, 0, 0, 86]","""[0, 7, 7, 6, 1, 3, 2, 8, 6, 6, 7, 86, 13, 86, 46, 0]"""
j10,1,reactive,600,True,31,0.05480337142944336,0.14174389839172363,"[0, 0, 0, 0, 13, 9, 9, 13, 25, 15, 16, 0, 0, 0, 0, 31]","[0, 7, 7, 6, 1, 3, 2, 8, 6, 6, 7, 86, 13, 86, 46, 0]"
j10,1,proactive_robust,600,True,33,0.053817033767700195,0.0006020069122314453,"[0, 0, 0, 0, 13, 9, 9, 13, 25, 15, 16, 0, 0, 0, 0, 86]","""[0, 4, 6, 3, 3, 6, 2, 12, 4, 9, 5, 86, 13, 86, 46, 0]"""
j10,1,reactive,600,True,29,0.053817033767700195,0.1022958755493164,"[0, 0, 0, 0, 13, 9, 9, 13, 25, 15, 16, 0, 0, 0, 0, 29]","[0, 4, 6, 3, 3, 6, 2, 12, 4, 9, 5, 86, 13, 86, 46, 0]"
j10,1,proactive_robust,600,True,33,0.0558466911315918,0.000614166259765625,"[0, 0, 0, 0, 13, 9, 9, 13, 25, 15, 16, 0, 0, 0, 0, 86]","""[0, 6, 11, 5, 3, 3, 1, 8, 6, 9, 5, 86, 13, 86, 46, 0]"""
j10,1,reactive,600,True,31,0.0558466911315918,0.13083815574645996,"[0, 0, 0, 0, 13, 9, 9, 13, 25, 15, 16, 0, 0, 0, 0, 31]","[0, 6, 11, 5, 3, 3, 1, 8, 6, 9, 5, 86, 13, 86, 46, 0]"
j10,1,proactive_robust,600,True,33,0.0589442253112793,0.0005929470062255859,"[0, 0, 0, 0, 13, 9, 9, 13, 25, 15, 16, 0, 0, 0, 0, 86]","""[0, 5, 9, 3, 1, 5, 1, 9, 4, 6, 3, 86, 13, 86, 46, 0]"""
j10,1,reactive,600,True,29,0.0589442253112793,0.14511346817016602,"[0, 0, 0, 0, 13, 9, 9, 13, 25, 15, 16, 0, 0, 0, 0, 29]","[0, 5, 9, 3, 1, 5, 1, 9, 4, 6, 3, 86, 13, 86, 46, 0]"
j10,1,proactive_robust,600,True,33,0.057247161865234375,0.0006000995635986328,"[0, 0, 0, 0, 13, 9, 9, 13, 25, 15, 16, 0, 0, 0, 0, 86]","""[0, 4, 6, 8, 2, 4, 1, 7, 5, 10, 3, 86, 13, 86, 46, 0]"""
j10,1,reactive,600,True,25,0.057247161865234375,0.1396186351776123,"[0, 0, 0, 0, 13, 9, 9, 13, 20, 15, 16, 0, 0, 0, 0, 25]","[0, 4, 6, 8, 2, 4, 1, 7, 5, 10, 3, 86, 13, 86, 46, 0]"
j10,1,proactive_robust,600,True,33,0.05795907974243164,0.0006117820739746094,"[0, 0, 0, 0, 13, 9, 9, 13, 25, 15, 16, 0, 0, 0, 0, 86]","""[0, 6, 11, 6, 2, 5, 3, 9, 3, 9, 4, 86, 13, 86, 46, 0]"""
j10,1,reactive,600,True,25,0.05795907974243164,0.11968326568603516,"[0, 0, 0, 0, 13, 9, 9, 13, 22, 15, 16, 0, 0, 0, 0, 25]","[0, 6, 11, 6, 2, 5, 3, 9, 3, 9, 4, 86, 13, 86, 46, 0]"
j10,1,proactive_robust,600,True,33,0.056441545486450195,0.0005941390991210938,"[0, 0, 0, 0, 13, 9, 9, 13, 25, 15, 16, 0, 0, 0, 0, 86]","""[0, 9, 8, 5, 2, 4, 2, 10, 4, 5, 3, 86, 13, 86, 46, 0]"""
j10,1,reactive,600,True,29,0.056441545486450195,0.12522149085998535,"[0, 0, 0, 0, 13, 9, 9, 13, 25, 15, 16, 0, 0, 0, 0, 29]","[0, 9, 8, 5, 2, 4, 2, 10, 4, 5, 3, 86, 13, 86, 46, 0]"
j10,1,proactive_robust,600,True,33,0.05635571479797363,0.0006172657012939453,"[0, 0, 0, 0, 13, 9, 9, 13, 25, 15, 16, 0, 0, 0, 0, 86]","""[0, 6, 11, 6, 3, 4, 3, 7, 6, 10, 5, 86, 13, 86, 46, 0]"""
j10,1,reactive,600,True,31,0.05635571479797363,0.10228729248046875,"[0, 0, 0, 0, 13, 9, 9, 13, 25, 15, 16, 0, 0, 0, 0, 31]","[0, 6, 11, 6, 3, 4, 3, 7, 6, 10, 5, 86, 13, 86, 46, 0]"
j10,1,proactive_robust,600,True,33,0.0575106143951416,0.0006022453308105469,"[0, 0, 0, 0, 13, 9, 9, 13, 25, 15, 16, 0, 0, 0, 0, 86]","""[0, 5, 8, 7, 3, 3, 1, 9, 8, 6, 6, 86, 13, 86, 46, 0]"""
j10,1,reactive,600,True,30,0.0575106143951416,0.12658357620239258,"[0, 0, 0, 0, 13, 9, 9, 13, 22, 15, 16, 0, 0, 0, 0, 30]","[0, 5, 8, 7, 3, 3, 1, 9, 8, 6, 6, 86, 13, 86, 46, 0]"
j10,1,proactive_robust,600,True,33,0.05745196342468262,0.0006351470947265625,"[0, 0, 0, 0, 13, 9, 9, 13, 25, 15, 16, 0, 0, 0, 0, 86]","""[0, 7, 12, 8, 1, 3, 3, 8, 7, 9, 8, 86, 13, 86, 46, 0]"""
j10,1,reactive,600,True,32,0.05745196342468262,0.10397124290466309,"[0, 0, 0, 0, 13, 9, 9, 13, 25, 15, 16, 0, 0, 0, 0, 32]","[0, 7, 12, 8, 1, 3, 3, 8, 7, 9, 8, 86, 13, 86, 46, 0]"
j10,1,proactive_robust,600,True,34,0.06278419494628906,0.0002205371856689453,"[0, 0, 14, 0, 8, 8, 24, 12, 22, 27, 14, 0, 34]","""[0, 5, 5, 2, 4, 2, 3, 3, 2, 5, 6, 34, 0]"""
j10,1,reactive,600,True,32,0.06278419494628906,0.10715889930725098,"[0, 0, 14, 0, 8, 8, 24, 12, 22, 27, 14, 0, 32]","[0, 5, 5, 2, 4, 2, 3, 3, 2, 5, 6, 34, 0]"
j10,1,proactive_robust,600,True,34,0.059578657150268555,0.00022935867309570312,"[0, 0, 14, 0, 8, 8, 24, 12, 22, 27, 14, 0, 34]","""[0, 3, 8, 4, 4, 2, 3, 3, 2, 2, 6, 34, 0]"""
j10,1,reactive,600,True,29,0.059578657150268555,0.10699772834777832,"[0, 0, 14, 0, 8, 8, 24, 12, 22, 27, 14, 0, 29]","[0, 3, 8, 4, 4, 2, 3, 3, 2, 2, 6, 34, 0]"
j10,1,proactive_robust,600,True,34,0.05675244331359863,0.00022912025451660156,"[0, 0, 14, 0, 8, 8, 24, 12, 22, 27, 14, 0, 34]","""[0, 4, 8, 4, 1, 4, 1, 2, 1, 6, 5, 34, 0]"""
j10,1,reactive,600,True,33,0.05675244331359863,0.18661904335021973,"[0, 0, 14, 0, 8, 8, 24, 12, 22, 27, 14, 0, 33]","[0, 4, 8, 4, 1, 4, 1, 2, 1, 6, 5, 34, 0]"
j10,1,proactive_robust,600,True,34,0.0631096363067627,0.0002562999725341797,"[0, 0, 14, 0, 8, 8, 24, 12, 22, 27, 14, 0, 34]","""[0, 7, 5, 6, 4, 4, 3, 2, 1, 6, 6, 34, 0]"""
j10,1,reactive,600,True,33,0.0631096363067627,0.1316087245941162,"[0, 0, 14, 0, 8, 8, 24, 12, 22, 27, 14, 0, 33]","[0, 7, 5, 6, 4, 4, 3, 2, 1, 6, 6, 34, 0]"
j10,1,proactive_robust,600,True,34,0.06267523765563965,0.00022101402282714844,"[0, 0, 14, 0, 8, 8, 24, 12, 22, 27, 14, 0, 34]","""[0, 4, 8, 2, 3, 6, 1, 3, 2, 4, 7, 34, 0]"""
j10,1,reactive,600,True,31,0.06267523765563965,0.11758756637573242,"[0, 0, 14, 0, 8, 8, 24, 12, 22, 27, 14, 0, 31]","[0, 4, 8, 2, 3, 6, 1, 3, 2, 4, 7, 34, 0]"
j10,1,proactive_robust,600,True,34,0.05988168716430664,0.0002148151397705078,"[0, 0, 14, 0, 8, 8, 24, 12, 22, 27, 14, 0, 34]","""[0, 3, 4, 6, 1, 4, 1, 2, 1, 2, 3, 34, 0]"""
j10,1,reactive,600,True,21,0.05988168716430664,0.1841297149658203,"[0, 0, 14, 0, 8, 8, 18, 12, 17, 19, 14, 0, 21]","[0, 3, 4, 6, 1, 4, 1, 2, 1, 2, 3, 34, 0]"
j10,1,proactive_robust,600,True,34,0.0619966983795166,0.0002319812774658203,"[0, 0, 14, 0, 8, 8, 24, 12, 22, 27, 14, 0, 34]","""[0, 4, 5, 6, 1, 3, 2, 3, 2, 4, 7, 34, 0]"""
j10,1,reactive,600,True,31,0.0619966983795166,0.14077305793762207,"[0, 0, 14, 0, 8, 8, 24, 12, 22, 27, 14, 0, 31]","[0, 4, 5, 6, 1, 3, 2, 3, 2, 4, 7, 34, 0]"
j10,1,proactive_robust,600,True,34,0.060851335525512695,0.00022792816162109375,"[0, 0, 14, 0, 8, 8, 24, 12, 22, 27, 14, 0, 34]","""[0, 5, 4, 3, 3, 4, 2, 2, 1, 7, 4, 34, 0]"""
j10,1,reactive,600,True,34,0.060851335525512695,0.1580641269683838,"[0, 0, 14, 0, 8, 8, 24, 12, 22, 27, 14, 0, 34]","[0, 5, 4, 3, 3, 4, 2, 2, 1, 7, 4, 34, 0]"
j10,1,proactive_robust,600,True,34,0.06256914138793945,0.00023865699768066406,"[0, 0, 14, 0, 8, 8, 24, 12, 22, 27, 14, 0, 34]","""[0, 7, 4, 6, 3, 3, 1, 3, 1, 5, 5, 34, 0]"""
j10,1,reactive,600,True,30,0.06256914138793945,0.15213990211486816,"[0, 0, 14, 0, 8, 8, 24, 12, 22, 25, 14, 0, 30]","[0, 7, 4, 6, 3, 3, 1, 3, 1, 5, 5, 34, 0]"
j10,1,proactive_robust,600,True,34,0.06097531318664551,0.00023555755615234375,"[0, 0, 14, 0, 8, 8, 24, 12, 22, 27, 14, 0, 34]","""[0, 7, 4, 2, 2, 4, 3, 3, 1, 7, 3, 34, 0]"""
j10,1,reactive,600,True,28,0.06097531318664551,0.12709832191467285,"[0, 0, 14, 0, 8, 8, 18, 12, 17, 21, 14, 0, 28]","[0, 7, 4, 2, 2, 4, 3, 3, 1, 7, 3, 34, 0]"
j10,1,proactive_robust,600,True,23,0.0538327693939209,0.0009007453918457031,"[0, 0, 0, 0, 6, 12, 15, 8, 15, 18, 15, 0, 0, 0, 0, 0, 0, 0, 0, 79]","""[0, 4, 10, 8, 1, 3, 1, 7, 3, 2, 3, 79, 31, 41, 26, 18, 62, 69, 77, 0]"""
j10,1,reactive,600,True,18,0.0538327693939209,0.07986664772033691,"[0, 0, 0, 0, 6, 12, 15, 8, 15, 16, 15, 0, 0, 0, 0, 0, 0, 0, 0, 18]","[0, 4, 10, 8, 1, 3, 1, 7, 3, 2, 3, 79, 31, 41, 26, 18, 62, 69, 77, 0]"
j10,1,proactive_robust,600,True,23,0.05452609062194824,0.0009024143218994141,"[0, 0, 0, 0, 6, 12, 15, 8, 15, 18, 15, 0, 0, 0, 0, 0, 0, 0, 0, 79]","""[0, 4, 10, 7, 1, 2, 2, 2, 4, 2, 7, 79, 31, 41, 26, 18, 62, 69, 77, 0]"""
j10,1,reactive,600,True,22,0.05452609062194824,0.13286733627319336,"[0, 0, 0, 0, 6, 12, 15, 8, 15, 18, 15, 0, 0, 0, 0, 0, 0, 0, 0, 22]","[0, 4, 10, 7, 1, 2, 2, 2, 4, 2, 7, 79, 31, 41, 26, 18, 62, 69, 77, 0]"
j10,1,proactive_robust,600,True,23,0.05101776123046875,0.0008852481842041016,"[0, 0, 0, 0, 6, 12, 15, 8, 15, 18, 15, 0, 0, 0, 0, 0, 0, 0, 0, 79]","""[0, 5, 6, 6, 1, 3, 1, 3, 4, 1, 5, 79, 31, 41, 26, 18, 62, 69, 77, 0]"""
j10,1,reactive,600,True,20,0.05101776123046875,0.13630366325378418,"[0, 0, 0, 0, 6, 12, 15, 8, 15, 18, 15, 0, 0, 0, 0, 0, 0, 0, 0, 20]","[0, 5, 6, 6, 1, 3, 1, 3, 4, 1, 5, 79, 31, 41, 26, 18, 62, 69, 77, 0]"
j10,1,proactive_robust,600,True,23,0.05194807052612305,0.0008976459503173828,"[0, 0, 0, 0, 6, 12, 15, 8, 15, 18, 15, 0, 0, 0, 0, 0, 0, 0, 0, 79]","""[0, 2, 9, 6, 1, 1, 3, 7, 4, 2, 5, 79, 31, 41, 26, 18, 62, 69, 77, 0]"""
j10,1,reactive,600,True,20,0.05194807052612305,0.10475778579711914,"[0, 0, 0, 0, 6, 12, 15, 8, 15, 18, 15, 0, 0, 0, 0, 0, 0, 0, 0, 20]","[0, 2, 9, 6, 1, 1, 3, 7, 4, 2, 5, 79, 31, 41, 26, 18, 62, 69, 77, 0]"
j10,1,proactive_robust,600,True,23,0.05373740196228027,0.0009195804595947266,"[0, 0, 0, 0, 6, 12, 15, 8, 15, 18, 15, 0, 0, 0, 0, 0, 0, 0, 0, 79]","""[0, 6, 12, 8, 2, 3, 3, 6, 6, 1, 4, 79, 31, 41, 26, 18, 62, 69, 77, 0]"""
j10,1,reactive,600,True,21,0.05373740196228027,0.038629770278930664,"[0, 0, 0, 0, 6, 12, 15, 8, 15, 18, 15, 0, 0, 0, 0, 0, 0, 0, 0, 21]","[0, 6, 12, 8, 2, 3, 3, 6, 6, 1, 4, 79, 31, 41, 26, 18, 62, 69, 77, 0]"
j10,1,proactive_robust,600,True,23,0.054515838623046875,0.0008988380432128906,"[0, 0, 0, 0, 6, 12, 15, 8, 15, 18, 15, 0, 0, 0, 0, 0, 0, 0, 0, 79]","""[0, 4, 11, 3, 1, 2, 3, 5, 5, 1, 5, 79, 31, 41, 26, 18, 62, 69, 77, 0]"""
j10,1,reactive,600,True,20,0.054515838623046875,0.12540578842163086,"[0, 0, 0, 0, 6, 12, 15, 8, 15, 18, 15, 0, 0, 0, 0, 0, 0, 0, 0, 20]","[0, 4, 11, 3, 1, 2, 3, 5, 5, 1, 5, 79, 31, 41, 26, 18, 62, 69, 77, 0]"
j10,1,proactive_robust,600,True,23,0.05309939384460449,0.0009145736694335938,"[0, 0, 0, 0, 6, 12, 15, 8, 15, 18, 15, 0, 0, 0, 0, 0, 0, 0, 0, 79]","""[0, 4, 9, 7, 1, 3, 2, 7, 8, 1, 8, 79, 31, 41, 26, 18, 62, 69, 77, 0]"""
j10,1,reactive,600,True,23,0.05309939384460449,0.0876929759979248,"[0, 0, 0, 0, 6, 12, 15, 8, 15, 18, 15, 0, 0, 0, 0, 0, 0, 0, 0, 23]","[0, 4, 9, 7, 1, 3, 2, 7, 8, 1, 8, 79, 31, 41, 26, 18, 62, 69, 77, 0]"
j10,1,proactive_robust,600,True,23,0.05519580841064453,0.0008995532989501953,"[0, 0, 0, 0, 6, 12, 15, 8, 15, 18, 15, 0, 0, 0, 0, 0, 0, 0, 0, 79]","""[0, 3, 6, 5, 2, 1, 1, 5, 8, 1, 7, 79, 31, 41, 26, 18, 62, 69, 77, 0]"""
j10,1,reactive,600,True,23,0.05519580841064453,0.13019227981567383,"[0, 0, 0, 0, 6, 12, 15, 8, 15, 18, 15, 0, 0, 0, 0, 0, 0, 0, 0, 23]","[0, 3, 6, 5, 2, 1, 1, 5, 8, 1, 7, 79, 31, 41, 26, 18, 62, 69, 77, 0]"
j10,1,proactive_robust,600,True,23,0.052898406982421875,0.0008866786956787109,"[0, 0, 0, 0, 6, 12, 15, 8, 15, 18, 15, 0, 0, 0, 0, 0, 0, 0, 0, 79]","""[0, 5, 7, 7, 1, 2, 1, 4, 4, 2, 5, 79, 31, 41, 26, 18, 62, 69, 77, 0]"""
j10,1,reactive,600,True,20,0.052898406982421875,0.12706303596496582,"[0, 0, 0, 0, 6, 12, 15, 8, 15, 18, 15, 0, 0, 0, 0, 0, 0, 0, 0, 20]","[0, 5, 7, 7, 1, 2, 1, 4, 4, 2, 5, 79, 31, 41, 26, 18, 62, 69, 77, 0]"
j10,1,proactive_robust,600,True,23,0.0541386604309082,0.0008893013000488281,"[0, 0, 0, 0, 6, 12, 15, 8, 15, 18, 15, 0, 0, 0, 0, 0, 0, 0, 0, 79]","""[0, 5, 8, 4, 1, 1, 2, 5, 6, 2, 5, 79, 31, 41, 26, 18, 62, 69, 77, 0]"""
j10,1,reactive,600,True,21,0.0541386604309082,0.13690996170043945,"[0, 0, 0, 0, 6, 12, 15, 8, 15, 18, 15, 0, 0, 0, 0, 0, 0, 0, 0, 21]","[0, 5, 8, 4, 1, 1, 2, 5, 6, 2, 5, 79, 31, 41, 26, 18, 62, 69, 77, 0]"
j10,1,proactive_robust,600,True,42,0.05707073211669922,0.0003559589385986328,"[0, 0, 8, 0, 15, 21, 15, 21, 29, 29, 29, 0, 73]","""[0, 4, 6, 5, 3, 3, 11, 8, 9, 11, 2, 73, 0]"""
j10,1,reactive,600,True,40,0.05707073211669922,0.14215469360351562,"[0, 0, 8, 0, 15, 21, 15, 21, 29, 29, 29, 0, 40]","[0, 4, 6, 5, 3, 3, 11, 8, 9, 11, 2, 73, 0]"
j10,1,proactive_robust,600,True,42,0.08239626884460449,0.0003592967987060547,"[0, 0, 8, 0, 15, 21, 15, 21, 29, 29, 29, 0, 73]","""[0, 5, 6, 9, 6, 4, 12, 6, 12, 11, 1, 73, 0]"""
j10,1,reactive,600,True,41,0.08239626884460449,0.09215855598449707,"[0, 0, 8, 0, 15, 21, 15, 21, 29, 29, 29, 0, 41]","[0, 5, 6, 9, 6, 4, 12, 6, 12, 11, 1, 73, 0]"
j10,1,proactive_robust,600,True,42,0.05764460563659668,0.0003399848937988281,"[0, 0, 8, 0, 15, 21, 15, 21, 29, 29, 29, 0, 73]","""[0, 3, 2, 8, 2, 1, 11, 6, 12, 10, 2, 73, 0]"""
j10,1,reactive,600,True,41,0.05764460563659668,0.17530512809753418,"[0, 0, 8, 0, 15, 21, 15, 21, 29, 29, 29, 0, 41]","[0, 3, 2, 8, 2, 1, 11, 6, 12, 10, 2, 73, 0]"
j10,1,proactive_robust,600,True,42,0.05677032470703125,0.000331878662109375,"[0, 0, 8, 0, 15, 21, 15, 21, 29, 29, 29, 0, 73]","""[0, 7, 6, 7, 6, 1, 7, 3, 6, 9, 1, 73, 0]"""
j10,1,reactive,600,True,38,0.05677032470703125,0.14082980155944824,"[0, 0, 8, 0, 15, 21, 15, 21, 29, 29, 29, 0, 38]","[0, 7, 6, 7, 6, 1, 7, 3, 6, 9, 1, 73, 0]"
j10,1,proactive_robust,600,True,42,0.05657243728637695,0.00034499168395996094,"[0, 0, 8, 0, 15, 21, 15, 21, 29, 29, 29, 0, 73]","""[0, 6, 7, 6, 5, 2, 13, 8, 7, 6, 1, 73, 0]"""
j10,1,reactive,600,True,36,0.05657243728637695,0.10654234886169434,"[0, 0, 8, 0, 15, 21, 15, 21, 29, 29, 29, 0, 36]","[0, 6, 7, 6, 5, 2, 13, 8, 7, 6, 1, 73, 0]"
j10,1,proactive_robust,600,True,42,0.059096336364746094,0.0003497600555419922,"[0, 0, 8, 0, 15, 21, 15, 21, 29, 29, 29, 0, 73]","""[0, 6, 7, 9, 5, 2, 8, 8, 13, 6, 2, 73, 0]"""
j10,1,reactive,600,True,42,0.059096336364746094,0.07026362419128418,"[0, 0, 8, 0, 15, 21, 15, 21, 29, 29, 29, 0, 42]","[0, 6, 7, 9, 5, 2, 8, 8, 13, 6, 2, 73, 0]"
j10,1,proactive_robust,600,True,42,0.05537772178649902,0.00032830238342285156,"[0, 0, 8, 0, 15, 21, 15, 21, 29, 29, 29, 0, 73]","""[0, 4, 7, 8, 4, 4, 6, 3, 7, 8, 1, 73, 0]"""
j10,1,reactive,600,True,37,0.05537772178649902,0.1389327049255371,"[0, 0, 8, 0, 15, 21, 15, 21, 29, 29, 29, 0, 37]","[0, 4, 7, 8, 4, 4, 6, 3, 7, 8, 1, 73, 0]"
j10,1,proactive_robust,600,True,42,0.05813479423522949,0.00034356117248535156,"[0, 0, 8, 0, 15, 21, 15, 21, 29, 29, 29, 0, 73]","""[0, 6, 6, 6, 4, 4, 6, 8, 10, 6, 2, 73, 0]"""
j10,1,reactive,600,True,39,0.05813479423522949,0.12590980529785156,"[0, 0, 8, 0, 15, 21, 15, 21, 29, 29, 29, 0, 39]","[0, 6, 6, 6, 4, 4, 6, 8, 10, 6, 2, 73, 0]"
j10,1,proactive_robust,600,True,42,0.05514645576477051,0.00031948089599609375,"[0, 0, 8, 0, 15, 21, 15, 21, 29, 29, 29, 0, 73]","""[0, 4, 2, 4, 5, 3, 8, 5, 9, 11, 1, 73, 0]"""
j10,1,reactive,600,True,40,0.05514645576477051,0.16498088836669922,"[0, 0, 8, 0, 15, 21, 15, 21, 29, 29, 29, 0, 40]","[0, 4, 2, 4, 5, 3, 8, 5, 9, 11, 1, 73, 0]"
j10,1,proactive_robust,600,True,42,0.054039955139160156,0.00033354759216308594,"[0, 0, 8, 0, 15, 21, 15, 21, 29, 29, 29, 0, 73]","""[0, 7, 2, 4, 2, 3, 13, 5, 10, 9, 1, 73, 0]"""
j10,1,reactive,600,True,39,0.054039955139160156,0.16101741790771484,"[0, 0, 8, 0, 15, 21, 15, 21, 29, 29, 29, 0, 39]","[0, 7, 2, 4, 2, 3, 13, 5, 10, 9, 1, 73, 0]"
j10,1,proactive_robust,600,True,38,0.05917191505432129,0.00035262107849121094,"[0, 3, 0, 0, 10, 8, 24, 14, 18, 27, 32, 0, 0, 65]","""[0, 4, 7, 3, 3, 6, 3, 5, 6, 3, 2, 32, 65, 0]"""
j10,1,reactive,600,True,24,0.05917191505432129,0.22943592071533203,"[0, 3, 0, 0, 10, 8, 14, 14, 18, 19, 22, 0, 0, 24]","[0, 4, 7, 3, 3, 6, 3, 5, 6, 3, 2, 32, 65, 0]"
j10,1,proactive_robust,600,True,38,0.054726600646972656,0.00033211708068847656,"[0, 3, 0, 0, 10, 8, 24, 14, 18, 27, 32, 0, 0, 65]","""[0, 3, 5, 3, 5, 6, 5, 5, 5, 2, 4, 32, 65, 0]"""
j10,1,reactive,600,True,36,0.054726600646972656,0.14133930206298828,"[0, 3, 0, 0, 10, 8, 24, 14, 18, 27, 32, 0, 0, 36]","[0, 3, 5, 3, 5, 6, 5, 5, 5, 2, 4, 32, 65, 0]"
j10,1,proactive_robust,600,True,38,0.05692911148071289,0.00036835670471191406,"[0, 3, 0, 0, 10, 8, 24, 14, 18, 27, 32, 0, 0, 65]","""[0, 5, 4, 1, 7, 4, 8, 5, 5, 7, 3, 32, 65, 0]"""
j10,1,reactive,600,True,35,0.05692911148071289,0.15894246101379395,"[0, 3, 0, 0, 10, 8, 24, 14, 18, 27, 32, 0, 0, 35]","[0, 5, 4, 1, 7, 4, 8, 5, 5, 7, 3, 32, 65, 0]"
j10,1,proactive_robust,600,True,38,0.057961463928222656,0.0003628730773925781,"[0, 3, 0, 0, 10, 8, 24, 14, 18, 27, 32, 0, 0, 65]","""[0, 5, 7, 1, 7, 3, 4, 6, 9, 7, 2, 32, 65, 0]"""
j10,1,reactive,600,True,34,0.057961463928222656,0.15795540809631348,"[0, 3, 0, 0, 10, 8, 24, 14, 18, 27, 28, 0, 0, 34]","[0, 5, 7, 1, 7, 3, 4, 6, 9, 7, 2, 32, 65, 0]"
j10,1,proactive_robust,600,True,38,0.054590463638305664,0.0003666877746582031,"[0, 3, 0, 0, 10, 8, 24, 14, 18, 27, 32, 0, 0, 65]","""[0, 5, 6, 3, 3, 6, 8, 10, 5, 3, 5, 32, 65, 0]"""
j10,1,reactive,600,True,37,0.054590463638305664,0.11676573753356934,"[0, 3, 0, 0, 10, 8, 24, 14, 18, 27, 32, 0, 0, 37]","[0, 5, 6, 3, 3, 6, 8, 10, 5, 3, 5, 32, 65, 0]"
j10,1,proactive_robust,600,True,38,0.05591583251953125,0.00038242340087890625,"[0, 3, 0, 0, 10, 8, 24, 14, 18, 27, 32, 0, 0, 65]","""[0, 7, 8, 2, 4, 4, 6, 9, 6, 5, 6, 32, 65, 0]"""
j10,1,reactive,600,True,36,0.05591583251953125,0.140272855758667,"[0, 3, 0, 0, 10, 8, 24, 14, 18, 27, 30, 0, 0, 36]","[0, 7, 8, 2, 4, 4, 6, 9, 6, 5, 6, 32, 65, 0]"
j10,1,proactive_robust,600,True,38,0.05843520164489746,0.00037860870361328125,"[0, 3, 0, 0, 10, 8, 24, 14, 18, 27, 32, 0, 0, 65]","""[0, 5, 4, 2, 8, 6, 8, 9, 7, 5, 2, 32, 65, 0]"""
j10,1,reactive,600,True,34,0.05843520164489746,0.1235036849975586,"[0, 3, 0, 0, 10, 8, 24, 14, 18, 27, 32, 0, 0, 34]","[0, 5, 4, 2, 8, 6, 8, 9, 7, 5, 2, 32, 65, 0]"
j10,1,proactive_robust,600,True,38,0.05705618858337402,0.0003609657287597656,"[0, 3, 0, 0, 10, 8, 24, 14, 18, 27, 32, 0, 0, 65]","""[0, 5, 3, 3, 8, 6, 7, 5, 6, 3, 3, 32, 65, 0]"""
j10,1,reactive,600,True,35,0.05705618858337402,0.11444997787475586,"[0, 3, 0, 0, 10, 8, 24, 14, 18, 27, 32, 0, 0, 35]","[0, 5, 3, 3, 8, 6, 7, 5, 6, 3, 3, 32, 65, 0]"
j10,1,proactive_robust,600,True,38,0.058835506439208984,0.0003619194030761719,"[0, 3, 0, 0, 10, 8, 24, 14, 18, 27, 32, 0, 0, 65]","""[0, 3, 3, 2, 3, 6, 7, 9, 7, 6, 6, 32, 65, 0]"""
j10,1,reactive,600,True,38,0.058835506439208984,0.15113401412963867,"[0, 3, 0, 0, 10, 8, 24, 14, 18, 27, 32, 0, 0, 38]","[0, 3, 3, 2, 3, 6, 7, 9, 7, 6, 6, 32, 65, 0]"
j10,1,proactive_robust,600,True,38,0.05860710144042969,0.00035953521728515625,"[0, 3, 0, 0, 10, 8, 24, 14, 18, 27, 32, 0, 0, 65]","""[0, 3, 6, 1, 3, 6, 8, 8, 4, 6, 3, 32, 65, 0]"""
j10,1,reactive,600,True,35,0.05860710144042969,0.13842988014221191,"[0, 3, 0, 0, 10, 8, 24, 14, 18, 27, 32, 0, 0, 35]","[0, 3, 6, 1, 3, 6, 8, 8, 4, 6, 3, 32, 65, 0]"
j10,1,proactive_robust,600,True,42,0.059072256088256836,0.00027489662170410156,"[0, 7, 0, 0, 8, 20, 22, 16, 29, 33, 24, 0, 42]","""[0, 8, 3, 7, 4, 1, 4, 7, 12, 8, 7, 42, 0]"""
j10,1,reactive,600,True,41,0.059072256088256836,0.1794290542602539,"[0, 7, 0, 0, 8, 20, 22, 16, 29, 33, 24, 0, 41]","[0, 8, 3, 7, 4, 1, 4, 7, 12, 8, 7, 42, 0]"
j10,1,proactive_robust,600,True,42,0.05693960189819336,0.0002789497375488281,"[0, 7, 0, 0, 8, 20, 22, 16, 29, 33, 24, 0, 42]","""[0, 13, 4, 3, 8, 2, 2, 3, 6, 8, 8, 42, 0]"""
j10,1,reactive,600,True,40,0.05693960189819336,0.1161336898803711,"[0, 7, 0, 0, 8, 20, 22, 16, 29, 32, 24, 0, 40]","[0, 13, 4, 3, 8, 2, 2, 3, 6, 8, 8, 42, 0]"
j10,1,proactive_robust,600,True,42,0.06017780303955078,0.0002865791320800781,"[0, 7, 0, 0, 8, 20, 22, 16, 29, 33, 24, 0, 42]","""[0, 7, 5, 7, 3, 1, 6, 6, 12, 7, 8, 42, 0]"""
j10,1,reactive,600,True,41,0.06017780303955078,0.20531129837036133,"[0, 7, 0, 0, 8, 20, 22, 16, 29, 33, 24, 0, 41]","[0, 7, 5, 7, 3, 1, 6, 6, 12, 7, 8, 42, 0]"
j10,1,proactive_robust,600,True,42,0.058522701263427734,0.00028443336486816406,"[0, 7, 0, 0, 8, 20, 22, 16, 29, 33, 24, 0, 42]","""[0, 11, 3, 8, 5, 2, 6, 7, 9, 5, 6, 42, 0]"""
j10,1,reactive,600,True,38,0.058522701263427734,0.12832999229431152,"[0, 7, 0, 0, 8, 20, 22, 16, 29, 33, 24, 0, 38]","[0, 11, 3, 8, 5, 2, 6, 7, 9, 5, 6, 42, 0]"
j10,1,proactive_robust,600,True,42,0.05721163749694824,0.0002779960632324219,"[0, 7, 0, 0, 8, 20, 22, 16, 29, 33, 24, 0, 42]","""[0, 10, 6, 4, 6, 2, 4, 5, 6, 4, 9, 42, 0]"""
j10,1,reactive,600,True,37,0.05721163749694824,0.14907526969909668,"[0, 7, 0, 0, 8, 20, 22, 16, 29, 33, 24, 0, 37]","[0, 10, 6, 4, 6, 2, 4, 5, 6, 4, 9, 42, 0]"
j10,1,proactive_robust,600,True,42,0.05713605880737305,0.0002613067626953125,"[0, 7, 0, 0, 8, 20, 22, 16, 29, 33, 24, 0, 42]","""[0, 11, 4, 5, 6, 1, 4, 4, 9, 6, 6, 42, 0]"""
j10,1,reactive,600,True,39,0.05713605880737305,0.21267032623291016,"[0, 7, 0, 0, 8, 20, 22, 16, 29, 33, 24, 0, 39]","[0, 11, 4, 5, 6, 1, 4, 4, 9, 6, 6, 42, 0]"
j10,1,proactive_robust,600,True,42,0.05880904197692871,0.00028252601623535156,"[0, 7, 0, 0, 8, 20, 22, 16, 29, 33, 24, 0, 42]","""[0, 9, 2, 5, 5, 2, 6, 8, 6, 6, 6, 42, 0]"""
j10,1,reactive,600,True,39,0.05880904197692871,0.15320396423339844,"[0, 7, 0, 0, 8, 20, 22, 16, 29, 33, 24, 0, 39]","[0, 9, 2, 5, 5, 2, 6, 8, 6, 6, 6, 42, 0]"
j10,1,proactive_robust,600,True,42,0.05708885192871094,0.0002551078796386719,"[0, 7, 0, 0, 8, 20, 22, 16, 29, 33, 24, 0, 42]","""[0, 8, 7, 5, 3, 2, 3, 6, 6, 5, 7, 42, 0]"""
j10,1,reactive,600,True,36,0.05708885192871094,0.15508484840393066,"[0, 7, 0, 0, 8, 20, 22, 16, 29, 31, 24, 0, 36]","[0, 8, 7, 5, 3, 2, 3, 6, 6, 5, 7, 42, 0]"
j10,1,proactive_robust,600,True,42,0.056229591369628906,0.00027179718017578125,"[0, 7, 0, 0, 8, 20, 22, 16, 29, 33, 24, 0, 42]","""[0, 12, 3, 3, 5, 1, 2, 3, 8, 8, 6, 42, 0]"""
j10,1,reactive,600,True,38,0.056229591369628906,0.20047831535339355,"[0, 7, 0, 0, 8, 20, 22, 16, 29, 30, 24, 0, 38]","[0, 12, 3, 3, 5, 1, 2, 3, 8, 8, 6, 42, 0]"
j10,1,proactive_robust,600,True,42,0.05594468116760254,0.0002872943878173828,"[0, 7, 0, 0, 8, 20, 22, 16, 29, 33, 24, 0, 42]","""[0, 12, 3, 3, 8, 1, 6, 6, 11, 4, 5, 42, 0]"""
j10,1,reactive,600,True,40,0.05594468116760254,0.15828800201416016,"[0, 7, 0, 0, 8, 20, 22, 16, 29, 33, 24, 0, 40]","[0, 12, 3, 3, 8, 1, 6, 6, 11, 4, 5, 42, 0]"
j10,1,proactive_robust,600,True,29,0.05949997901916504,0.0009930133819580078,"[0, 0, 0, 0, 3, 8, 11, 7, 20, 20, 20, 0, 0, 0, 0, 0, 0, 0, 0, 0, 80]","""[0, 3, 4, 2, 4, 8, 8, 3, 7, 8, 2, 59, 14, 35, 45, 80, 34, 75, 69, 40, 0]"""
j10,1,reactive,600,True,28,0.05949997901916504,0.08162856101989746,"[0, 0, 0, 0, 3, 8, 11, 7, 20, 20, 20, 0, 0, 0, 0, 0, 0, 0, 0, 0, 28]","[0, 3, 4, 2, 4, 8, 8, 3, 7, 8, 2, 59, 14, 35, 45, 80, 34, 75, 69, 40, 0]"
j10,1,proactive_robust,600,True,29,0.05639529228210449,0.0010051727294921875,"[0, 0, 0, 0, 3, 8, 11, 7, 20, 20, 20, 0, 0, 0, 0, 0, 0, 0, 0, 0, 80]","""[0, 2, 6, 7, 7, 3, 9, 3, 3, 5, 4, 59, 14, 35, 45, 80, 34, 75, 69, 40, 0]"""
j10,1,reactive,600,True,25,0.05639529228210449,0.07053184509277344,"[0, 0, 0, 0, 3, 8, 11, 7, 20, 20, 20, 0, 0, 0, 0, 0, 0, 0, 0, 0, 25]","[0, 2, 6, 7, 7, 3, 9, 3, 3, 5, 4, 59, 14, 35, 45, 80, 34, 75, 69, 40, 0]"
j10,1,proactive_robust,600,True,29,0.057970285415649414,0.000993490219116211,"[0, 0, 0, 0, 3, 8, 11, 7, 20, 20, 20, 0, 0, 0, 0, 0, 0, 0, 0, 0, 80]","""[0, 3, 7, 7, 4, 5, 7, 3, 5, 7, 2, 59, 14, 35, 45, 80, 34, 75, 69, 40, 0]"""
j10,1,reactive,600,True,27,0.057970285415649414,0.07327723503112793,"[0, 0, 0, 0, 3, 8, 11, 7, 20, 20, 20, 0, 0, 0, 0, 0, 0, 0, 0, 0, 27]","[0, 3, 7, 7, 4, 5, 7, 3, 5, 7, 2, 59, 14, 35, 45, 80, 34, 75, 69, 40, 0]"
j10,1,proactive_robust,600,True,29,0.06275081634521484,0.0010035037994384766,"[0, 0, 0, 0, 3, 8, 11, 7, 20, 20, 20, 0, 0, 0, 0, 0, 0, 0, 0, 0, 80]","""[0, 3, 8, 5, 5, 5, 5, 8, 5, 8, 3, 59, 14, 35, 45, 80, 34, 75, 69, 40, 0]"""
j10,1,reactive,600,True,28,0.06275081634521484,0.06551933288574219,"[0, 0, 0, 0, 3, 8, 11, 7, 20, 20, 20, 0, 0, 0, 0, 0, 0, 0, 0, 0, 28]","[0, 3, 8, 5, 5, 5, 5, 8, 5, 8, 3, 59, 14, 35, 45, 80, 34, 75, 69, 40, 0]"
j10,1,proactive_robust,600,True,29,0.05948138236999512,0.0009922981262207031,"[0, 0, 0, 0, 3, 8, 11, 7, 20, 20, 20, 0, 0, 0, 0, 0, 0, 0, 0, 0, 80]","""[0, 1, 3, 4, 4, 5, 6, 8, 4, 9, 4, 59, 14, 35, 45, 80, 34, 75, 69, 40, 0]"""
j10,1,reactive,600,True,29,0.05948138236999512,0.08619403839111328,"[0, 0, 0, 0, 3, 8, 11, 7, 20, 20, 20, 0, 0, 0, 0, 0, 0, 0, 0, 0, 29]","[0, 1, 3, 4, 4, 5, 6, 8, 4, 9, 4, 59, 14, 35, 45, 80, 34, 75, 69, 40, 0]"
j10,1,proactive_robust,600,True,29,0.05849814414978027,0.0010075569152832031,"[0, 0, 0, 0, 3, 8, 11, 7, 20, 20, 20, 0, 0, 0, 0, 0, 0, 0, 0, 0, 80]","""[0, 3, 7, 5, 4, 7, 7, 8, 3, 9, 4, 59, 14, 35, 45, 80, 34, 75, 69, 40, 0]"""
j10,1,reactive,600,True,29,0.05849814414978027,0.059345245361328125,"[0, 0, 0, 0, 3, 8, 11, 7, 20, 20, 20, 0, 0, 0, 0, 0, 0, 0, 0, 0, 29]","[0, 3, 7, 5, 4, 7, 7, 8, 3, 9, 4, 59, 14, 35, 45, 80, 34, 75, 69, 40, 0]"
j10,1,proactive_robust,600,True,29,0.05927443504333496,0.0010056495666503906,"[0, 0, 0, 0, 3, 8, 11, 7, 20, 20, 20, 0, 0, 0, 0, 0, 0, 0, 0, 0, 80]","""[0, 1, 8, 6, 7, 3, 6, 8, 3, 6, 2, 59, 14, 35, 45, 80, 34, 75, 69, 40, 0]"""
j10,1,reactive,600,True,26,0.05927443504333496,0.08677983283996582,"[0, 0, 0, 0, 3, 8, 11, 7, 20, 20, 20, 0, 0, 0, 0, 0, 0, 0, 0, 0, 26]","[0, 1, 8, 6, 7, 3, 6, 8, 3, 6, 2, 59, 14, 35, 45, 80, 34, 75, 69, 40, 0]"
j10,1,proactive_robust,600,True,29,0.05982708930969238,0.0009763240814208984,"[0, 0, 0, 0, 3, 8, 11, 7, 20, 20, 20, 0, 0, 0, 0, 0, 0, 0, 0, 0, 80]","""[0, 2, 5, 4, 7, 5, 8, 7, 3, 9, 1, 59, 14, 35, 45, 80, 34, 75, 69, 40, 0]"""
j10,1,reactive,600,True,29,0.05982708930969238,0.09207725524902344,"[0, 0, 0, 0, 3, 8, 11, 7, 20, 20, 20, 0, 0, 0, 0, 0, 0, 0, 0, 0, 29]","[0, 2, 5, 4, 7, 5, 8, 7, 3, 9, 1, 59, 14, 35, 45, 80, 34, 75, 69, 40, 0]"
j10,1,proactive_robust,600,True,29,0.06021881103515625,0.0009996891021728516,"[0, 0, 0, 0, 3, 8, 11, 7, 20, 20, 20, 0, 0, 0, 0, 0, 0, 0, 0, 0, 80]","""[0, 2, 4, 6, 7, 3, 9, 7, 4, 5, 1, 59, 14, 35, 45, 80, 34, 75, 69, 40, 0]"""
j10,1,reactive,600,True,25,0.06021881103515625,0.09080624580383301,"[0, 0, 0, 0, 3, 8, 11, 7, 20, 20, 20, 0, 0, 0, 0, 0, 0, 0, 0, 0, 25]","[0, 2, 4, 6, 7, 3, 9, 7, 4, 5, 1, 59, 14, 35, 45, 80, 34, 75, 69, 40, 0]"
j10,1,proactive_robust,600,True,29,0.060094356536865234,0.0009911060333251953,"[0, 0, 0, 0, 3, 8, 11, 7, 20, 20, 20, 0, 0, 0, 0, 0, 0, 0, 0, 0, 80]","""[0, 2, 8, 7, 7, 3, 6, 8, 4, 8, 2, 59, 14, 35, 45, 80, 34, 75, 69, 40, 0]"""
j10,1,reactive,600,True,28,0.060094356536865234,0.06852054595947266,"[0, 0, 0, 0, 3, 8, 11, 7, 20, 20, 20, 0, 0, 0, 0, 0, 0, 0, 0, 0, 28]","[0, 2, 8, 7, 7, 3, 6, 8, 4, 8, 2, 59, 14, 35, 45, 80, 34, 75, 69, 40, 0]"
j10,1,proactive_robust,600,True,25,0.059163808822631836,0.0006270408630371094,"[0, 0, 0, 0, 6, 15, 13, 13, 21, 21, 6, 0, 0, 0, 0, 0, 0, 61]","""[0, 3, 3, 3, 3, 4, 7, 1, 1, 3, 4, 30, 52, 59, 15, 48, 61, 0]"""
j10,1,reactive,600,True,23,0.059163808822631836,0.10979318618774414,"[0, 0, 0, 0, 6, 15, 13, 13, 19, 20, 6, 0, 0, 0, 0, 0, 0, 23]","[0, 3, 3, 3, 3, 4, 7, 1, 1, 3, 4, 30, 52, 59, 15, 48, 61, 0]"
j10,1,proactive_robust,600,True,25,0.06416177749633789,0.0006480216979980469,"[0, 0, 0, 0, 6, 15, 13, 13, 21, 21, 6, 0, 0, 0, 0, 0, 0, 61]","""[0, 6, 1, 3, 3, 2, 6, 2, 4, 3, 5, 30, 52, 59, 15, 48, 61, 0]"""
j10,1,reactive,600,True,22,0.06416177749633789,0.11010909080505371,"[0, 0, 0, 0, 6, 11, 13, 13, 18, 19, 6, 0, 0, 0, 0, 0, 0, 22]","[0, 6, 1, 3, 3, 2, 6, 2, 4, 3, 5, 30, 52, 59, 15, 48, 61, 0]"
j10,1,proactive_robust,600,True,25,0.06038546562194824,0.0006506443023681641,"[0, 0, 0, 0, 6, 15, 13, 13, 21, 21, 6, 0, 0, 0, 0, 0, 0, 61]","""[0, 3, 2, 3, 7, 3, 7, 2, 4, 1, 9, 30, 52, 59, 15, 48, 61, 0]"""
j10,1,reactive,600,True,22,0.06038546562194824,0.09676218032836914,"[0, 0, 0, 0, 6, 15, 13, 13, 18, 20, 6, 0, 0, 0, 0, 0, 0, 22]","[0, 3, 2, 3, 7, 3, 7, 2, 4, 1, 9, 30, 52, 59, 15, 48, 61, 0]"
j10,1,proactive_robust,600,True,25,0.06298565864562988,0.0006501674652099609,"[0, 0, 0, 0, 6, 15, 13, 13, 21, 21, 6, 0, 0, 0, 0, 0, 0, 61]","""[0, 3, 2, 6, 7, 4, 7, 2, 3, 2, 6, 30, 52, 59, 15, 48, 61, 0]"""
j10,1,reactive,600,True,24,0.06298565864562988,0.0837869644165039,"[0, 0, 0, 0, 6, 15, 13, 13, 21, 21, 6, 0, 0, 0, 0, 0, 0, 24]","[0, 3, 2, 6, 7, 4, 7, 2, 3, 2, 6, 30, 52, 59, 15, 48, 61, 0]"
j10,1,proactive_robust,600,True,25,0.06210207939147949,0.0006475448608398438,"[0, 0, 0, 0, 6, 15, 13, 13, 21, 21, 6, 0, 0, 0, 0, 0, 0, 61]","""[0, 6, 1, 3, 6, 4, 7, 2, 3, 3, 9, 30, 52, 59, 15, 48, 61, 0]"""
j10,1,reactive,600,True,24,0.06210207939147949,0.08192896842956543,"[0, 0, 0, 0, 6, 15, 13, 13, 21, 21, 6, 0, 0, 0, 0, 0, 0, 24]","[0, 6, 1, 3, 6, 4, 7, 2, 3, 3, 9, 30, 52, 59, 15, 48, 61, 0]"
j10,1,proactive_robust,600,True,25,0.06192350387573242,0.0006475448608398438,"[0, 0, 0, 0, 6, 15, 13, 13, 21, 21, 6, 0, 0, 0, 0, 0, 0, 61]","""[0, 2, 1, 5, 6, 6, 7, 2, 1, 1, 6, 30, 52, 59, 15, 48, 61, 0]"""
j10,1,reactive,600,True,22,0.06192350387573242,0.10714507102966309,"[0, 0, 0, 0, 6, 15, 13, 13, 21, 21, 6, 0, 0, 0, 0, 0, 0, 22]","[0, 2, 1, 5, 6, 6, 7, 2, 1, 1, 6, 30, 52, 59, 15, 48, 61, 0]"
j10,1,proactive_robust,600,True,25,0.0629737377166748,0.0006270408630371094,"[0, 0, 0, 0, 6, 15, 13, 13, 21, 21, 6, 0, 0, 0, 0, 0, 0, 61]","""[0, 3, 2, 3, 2, 3, 3, 2, 1, 1, 6, 30, 52, 59, 15, 48, 61, 0]"""
j10,1,reactive,600,True,19,0.0629737377166748,0.14509034156799316,"[0, 0, 0, 0, 6, 15, 13, 13, 18, 18, 6, 0, 0, 0, 0, 0, 0, 19]","[0, 3, 2, 3, 2, 3, 3, 2, 1, 1, 6, 30, 52, 59, 15, 48, 61, 0]"
j10,1,proactive_robust,600,True,25,0.0634775161743164,0.0006501674652099609,"[0, 0, 0, 0, 6, 15, 13, 13, 21, 21, 6, 0, 0, 0, 0, 0, 0, 61]","""[0, 2, 3, 6, 4, 6, 3, 1, 3, 1, 9, 30, 52, 59, 15, 48, 61, 0]"""
j10,1,reactive,600,True,24,0.0634775161743164,0.08080458641052246,"[0, 0, 0, 0, 6, 15, 13, 13, 21, 21, 6, 0, 0, 0, 0, 0, 0, 24]","[0, 2, 3, 6, 4, 6, 3, 1, 3, 1, 9, 30, 52, 59, 15, 48, 61, 0]"
j10,1,proactive_robust,600,True,25,0.0667264461517334,0.0006456375122070312,"[0, 0, 0, 0, 6, 15, 13, 13, 21, 21, 6, 0, 0, 0, 0, 0, 0, 61]","""[0, 3, 2, 4, 3, 5, 6, 1, 4, 1, 5, 30, 52, 59, 15, 48, 61, 0]"""
j10,1,reactive,600,True,24,0.0667264461517334,0.13960766792297363,"[0, 0, 0, 0, 6, 15, 13, 13, 20, 20, 6, 0, 0, 0, 0, 0, 0, 24]","[0, 3, 2, 4, 3, 5, 6, 1, 4, 1, 5, 30, 52, 59, 15, 48, 61, 0]"
j10,1,proactive_robust,600,True,25,0.0619959831237793,0.0006358623504638672,"[0, 0, 0, 0, 6, 15, 13, 13, 21, 21, 6, 0, 0, 0, 0, 0, 0, 61]","""[0, 6, 2, 3, 4, 4, 4, 2, 1, 1, 9, 30, 52, 59, 15, 48, 61, 0]"""
j10,1,reactive,600,True,20,0.0619959831237793,0.10037684440612793,"[0, 0, 0, 0, 6, 15, 13, 13, 19, 19, 6, 0, 0, 0, 0, 0, 0, 20]","[0, 6, 2, 3, 4, 4, 4, 2, 1, 1, 9, 30, 52, 59, 15, 48, 61, 0]"
j10,1,proactive_robust,600,True,30,0.07793045043945312,0.0007495880126953125,"[0, 4, 0, 15, 11, 8, 21, 13, 13, 27, 24, 0, 0, 0, 0, 0, 0, 0, 0, 78]","""[0, 4, 4, 6, 2, 3, 3, 1, 4, 1, 3, 10, 68, 21, 13, 78, 25, 54, 57, 0]"""
j10,1,reactive,600,True,27,0.07793045043945312,0.06153988838195801,"[0, 4, 0, 15, 11, 8, 21, 13, 13, 14, 24, 0, 0, 0, 0, 0, 0, 0, 0, 27]","[0, 4, 4, 6, 2, 3, 3, 1, 4, 1, 3, 10, 68, 21, 13, 78, 25, 54, 57, 0]"
j10,1,proactive_robust,600,True,30,0.0845947265625,0.0007524490356445312,"[0, 4, 0, 15, 11, 8, 21, 13, 13, 27, 24, 0, 0, 0, 0, 0, 0, 0, 0, 78]","""[0, 4, 4, 5, 1, 3, 2, 2, 7, 2, 1, 10, 68, 21, 13, 78, 25, 54, 57, 0]"""
j10,1,reactive,600,True,27,0.0845947265625,0.3442952632904053,"[0, 4, 0, 15, 11, 8, 21, 13, 13, 25, 24, 0, 0, 0, 0, 0, 0, 0, 0, 27]","[0, 4, 4, 5, 1, 3, 2, 2, 7, 2, 1, 10, 68, 21, 13, 78, 25, 54, 57, 0]"
j10,1,proactive_robust,600,True,30,0.07929420471191406,0.0007419586181640625,"[0, 4, 0, 15, 11, 8, 21, 13, 13, 27, 24, 0, 0, 0, 0, 0, 0, 0, 0, 78]","""[0, 3, 2, 6, 2, 3, 2, 2, 7, 2, 2, 10, 68, 21, 13, 78, 25, 54, 57, 0]"""
j10,1,reactive,600,True,28,0.07929420471191406,0.10808658599853516,"[0, 4, 0, 15, 11, 8, 21, 13, 13, 26, 24, 0, 0, 0, 0, 0, 0, 0, 0, 28]","[0, 3, 2, 6, 2, 3, 2, 2, 7, 2, 2, 10, 68, 21, 13, 78, 25, 54, 57, 0]"
j10,1,proactive_robust,600,True,30,0.07700419425964355,0.0007383823394775391,"[0, 4, 0, 15, 11, 8, 21, 13, 13, 27, 24, 0, 0, 0, 0, 0, 0, 0, 0, 78]","""[0, 2, 4, 5, 1, 1, 3, 1, 4, 1, 3, 10, 68, 21, 13, 78, 25, 54, 57, 0]"""
j10,1,reactive,600,True,27,0.07700419425964355,0.17407464981079102,"[0, 4, 0, 15, 11, 8, 21, 13, 13, 14, 24, 0, 0, 0, 0, 0, 0, 0, 0, 27]","[0, 2, 4, 5, 1, 1, 3, 1, 4, 1, 3, 10, 68, 21, 13, 78, 25, 54, 57, 0]"
j10,1,proactive_robust,600,True,30,0.07369756698608398,0.0007431507110595703,"[0, 4, 0, 15, 11, 8, 21, 13, 13, 27, 24, 0, 0, 0, 0, 0, 0, 0, 0, 78]","""[0, 1, 1, 6, 2, 3, 1, 1, 3, 3, 3, 10, 68, 21, 13, 78, 25, 54, 57, 0]"""
j10,1,reactive,600,True,27,0.07369756698608398,0.12595558166503906,"[0, 4, 0, 15, 11, 8, 14, 13, 13, 21, 24, 0, 0, 0, 0, 0, 0, 0, 0, 27]","[0, 1, 1, 6, 2, 3, 1, 1, 3, 3, 3, 10, 68, 21, 13, 78, 25, 54, 57, 0]"
j10,1,proactive_robust,600,True,30,0.08047294616699219,0.0007309913635253906,"[0, 4, 0, 15, 11, 8, 21, 13, 13, 27, 24, 0, 0, 0, 0, 0, 0, 0, 0, 78]","""[0, 2, 2, 4, 1, 3, 2, 1, 3, 2, 3, 10, 68, 21, 13, 78, 25, 54, 57, 0]"""
j10,1,reactive,600,True,26,0.08047294616699219,0.18581581115722656,"[0, 4, 0, 15, 11, 8, 21, 13, 13, 19, 23, 0, 0, 0, 0, 0, 0, 0, 0, 26]","[0, 2, 2, 4, 1, 3, 2, 1, 3, 2, 3, 10, 68, 21, 13, 78, 25, 54, 57, 0]"
j10,1,proactive_robust,600,True,30,0.07954239845275879,0.000732421875,"[0, 4, 0, 15, 11, 8, 21, 13, 13, 27, 24, 0, 0, 0, 0, 0, 0, 0, 0, 78]","""[0, 4, 2, 2, 1, 2, 1, 2, 8, 1, 3, 10, 68, 21, 13, 78, 25, 54, 57, 0]"""
j10,1,reactive,600,True,24,0.07954239845275879,0.16866159439086914,"[0, 4, 0, 2, 11, 8, 10, 13, 13, 15, 21, 0, 0, 0, 0, 0, 0, 0, 0, 24]","[0, 4, 2, 2, 1, 2, 1, 2, 8, 1, 3, 10, 68, 21, 13, 78, 25, 54, 57, 0]"
j10,1,proactive_robust,600,True,30,0.0798485279083252,0.0007195472717285156,"[0, 4, 0, 15, 11, 8, 21, 13, 13, 27, 24, 0, 0, 0, 0, 0, 0, 0, 0, 78]","""[0, 1, 1, 3, 1, 3, 3, 2, 4, 1, 1, 10, 68, 21, 13, 78, 25, 54, 57, 0]"""
j10,1,reactive,600,True,25,0.0798485279083252,0.20400166511535645,"[0, 4, 0, 15, 11, 8, 21, 13, 13, 18, 24, 0, 0, 0, 0, 0, 0, 0, 0, 25]","[0, 1, 1, 3, 1, 3, 3, 2, 4, 1, 1, 10, 68, 21, 13, 78, 25, 54, 57, 0]"
j10,1,proactive_robust,600,True,30,0.07679200172424316,0.0007374286651611328,"[0, 4, 0, 15, 11, 8, 21, 13, 13, 27, 24, 0, 0, 0, 0, 0, 0, 0, 0, 78]","""[0, 2, 2, 3, 2, 2, 1, 1, 5, 2, 3, 10, 68, 21, 13, 78, 25, 54, 57, 0]"""
j10,1,reactive,600,True,23,0.07679200172424316,0.20930767059326172,"[0, 4, 0, 15, 11, 8, 10, 13, 13, 21, 18, 0, 0, 0, 0, 0, 0, 0, 0, 23]","[0, 2, 2, 3, 2, 2, 1, 1, 5, 2, 3, 10, 68, 21, 13, 78, 25, 54, 57, 0]"
j10,1,proactive_robust,600,True,30,0.07078957557678223,0.0007374286651611328,"[0, 4, 0, 15, 11, 8, 21, 13, 13, 27, 24, 0, 0, 0, 0, 0, 0, 0, 0, 78]","""[0, 3, 3, 2, 2, 2, 1, 2, 6, 1, 3, 10, 68, 21, 13, 78, 25, 54, 57, 0]"""
j10,1,reactive,600,True,22,0.07078957557678223,0.1688857078552246,"[0, 4, 0, 15, 11, 8, 10, 13, 13, 17, 19, 0, 0, 0, 0, 0, 0, 0, 0, 22]","[0, 3, 3, 2, 2, 2, 1, 2, 6, 1, 3, 10, 68, 21, 13, 78, 25, 54, 57, 0]"
j10,1,proactive_robust,600,True,28,0.05522871017456055,0.0002579689025878906,"[0, 0, 0, 0, 7, 10, 13, 6, 19, 18, 19, 0, 39]","""[0, 4, 5, 5, 2, 8, 3, 6, 2, 4, 9, 39, 0]"""
j10,1,reactive,600,True,28,0.05522871017456055,0.09999942779541016,"[0, 0, 0, 0, 7, 10, 13, 6, 19, 18, 19, 0, 28]","[0, 4, 5, 5, 2, 8, 3, 6, 2, 4, 9, 39, 0]"
j10,1,proactive_robust,600,True,28,0.05739426612854004,0.0002448558807373047,"[0, 0, 0, 0, 7, 10, 13, 6, 19, 18, 19, 0, 39]","""[0, 3, 5, 4, 2, 7, 4, 2, 2, 3, 4, 39, 0]"""
j10,1,reactive,600,True,23,0.05739426612854004,0.12626957893371582,"[0, 0, 0, 0, 7, 10, 13, 6, 19, 18, 19, 0, 23]","[0, 3, 5, 4, 2, 7, 4, 2, 2, 3, 4, 39, 0]"
j10,1,proactive_robust,600,True,28,0.057973384857177734,0.0002472400665283203,"[0, 0, 0, 0, 7, 10, 13, 6, 19, 18, 19, 0, 39]","""[0, 3, 7, 5, 2, 4, 4, 2, 2, 5, 6, 39, 0]"""
j10,1,reactive,600,True,25,0.057973384857177734,0.10608863830566406,"[0, 0, 0, 0, 7, 10, 13, 6, 19, 18, 19, 0, 25]","[0, 3, 7, 5, 2, 4, 4, 2, 2, 5, 6, 39, 0]"
j10,1,proactive_robust,600,True,28,0.05707120895385742,0.0002548694610595703,"[0, 0, 0, 0, 7, 10, 13, 6, 19, 18, 19, 0, 39]","""[0, 6, 6, 5, 2, 5, 5, 5, 2, 8, 8, 39, 0]"""
j10,1,reactive,600,True,27,0.05707120895385742,0.1050724983215332,"[0, 0, 0, 0, 7, 10, 13, 6, 19, 18, 19, 0, 27]","[0, 6, 6, 5, 2, 5, 5, 5, 2, 8, 8, 39, 0]"
j10,1,proactive_robust,600,True,28,0.05482053756713867,0.00027060508728027344,"[0, 0, 0, 0, 7, 10, 13, 6, 19, 18, 19, 0, 39]","""[0, 4, 10, 2, 2, 4, 4, 6, 2, 8, 8, 39, 0]"""
j10,1,reactive,600,True,27,0.05482053756713867,0.09419488906860352,"[0, 0, 0, 0, 7, 10, 13, 6, 19, 18, 19, 0, 27]","[0, 4, 10, 2, 2, 4, 4, 6, 2, 8, 8, 39, 0]"
j10,1,proactive_robust,600,True,28,0.0565800666809082,0.0002560615539550781,"[0, 0, 0, 0, 7, 10, 13, 6, 19, 18, 19, 0, 39]","""[0, 4, 8, 3, 2, 5, 3, 3, 2, 7, 9, 39, 0]"""
j10,1,reactive,600,True,28,0.0565800666809082,0.12446045875549316,"[0, 0, 0, 0, 7, 10, 13, 6, 19, 18, 19, 0, 28]","[0, 4, 8, 3, 2, 5, 3, 3, 2, 7, 9, 39, 0]"
j10,1,proactive_robust,600,True,28,0.05588579177856445,0.0002567768096923828,"[0, 0, 0, 0, 7, 10, 13, 6, 19, 18, 19, 0, 39]","""[0, 5, 9, 3, 1, 4, 5, 6, 1, 5, 7, 39, 0]"""
j10,1,reactive,600,True,26,0.05588579177856445,0.14250993728637695,"[0, 0, 0, 0, 7, 10, 13, 6, 19, 18, 19, 0, 26]","[0, 5, 9, 3, 1, 4, 5, 6, 1, 5, 7, 39, 0]"
j10,1,proactive_robust,600,True,28,0.08171963691711426,0.0002579689025878906,"[0, 0, 0, 0, 7, 10, 13, 6, 19, 18, 19, 0, 39]","""[0, 4, 8, 5, 2, 5, 3, 3, 2, 8, 9, 39, 0]"""
j10,1,reactive,600,True,25,0.08171963691711426,0.09697079658508301,"[0, 0, 0, 0, 7, 10, 13, 6, 16, 15, 16, 0, 25]","[0, 4, 8, 5, 2, 5, 3, 3, 2, 8, 9, 39, 0]"
j10,1,proactive_robust,600,True,28,0.056861162185668945,0.0002543926239013672,"[0, 0, 0, 0, 7, 10, 13, 6, 19, 18, 19, 0, 39]","""[0, 3, 8, 5, 1, 7, 2, 2, 1, 3, 8, 39, 0]"""
j10,1,reactive,600,True,27,0.056861162185668945,0.15151643753051758,"[0, 0, 0, 0, 7, 10, 13, 6, 19, 18, 19, 0, 27]","[0, 3, 8, 5, 1, 7, 2, 2, 1, 3, 8, 39, 0]"
j10,1,proactive_robust,600,True,28,0.0547785758972168,0.0002613067626953125,"[0, 0, 0, 0, 7, 10, 13, 6, 19, 18, 19, 0, 39]","""[0, 7, 7, 6, 1, 5, 6, 6, 2, 4, 5, 39, 0]"""
j10,1,reactive,600,True,24,0.0547785758972168,0.06553459167480469,"[0, 0, 0, 0, 7, 10, 13, 6, 19, 18, 19, 0, 24]","[0, 7, 7, 6, 1, 5, 6, 6, 2, 4, 5, 39, 0]"
j10,1,proactive_robust,600,True,32,0.0536351203918457,0.0004398822784423828,"[0, 0, 0, 0, 2, 2, 2, 15, 15, 23, 10, 0, 0, 0, 65]","""[0, 3, 3, 2, 8, 3, 11, 6, 2, 9, 7, 65, 52, 23, 0]"""
j10,1,reactive,600,True,30,0.0536351203918457,0.055966854095458984,"[0, 0, 0, 0, 2, 2, 2, 15, 15, 21, 10, 0, 0, 0, 30]","[0, 3, 3, 2, 8, 3, 11, 6, 2, 9, 7, 65, 52, 23, 0]"
j10,1,proactive_robust,600,True,32,0.056723594665527344,0.0004298686981201172,"[0, 0, 0, 0, 2, 2, 2, 15, 15, 23, 10, 0, 0, 0, 65]","""[0, 4, 3, 2, 4, 2, 10, 5, 1, 4, 5, 65, 52, 23, 0]"""
j10,1,reactive,600,True,27,0.056723594665527344,0.08499312400817871,"[0, 0, 0, 0, 2, 2, 2, 15, 15, 23, 10, 0, 0, 0, 27]","[0, 4, 3, 2, 4, 2, 10, 5, 1, 4, 5, 65, 52, 23, 0]"
j10,1,proactive_robust,600,True,32,0.05630016326904297,0.0004439353942871094,"[0, 0, 0, 0, 2, 2, 2, 15, 15, 23, 10, 0, 0, 0, 65]","""[0, 2, 4, 2, 8, 2, 12, 6, 2, 9, 5, 65, 52, 23, 0]"""
j10,1,reactive,600,True,30,0.05630016326904297,0.05481100082397461,"[0, 0, 0, 0, 2, 2, 2, 15, 15, 21, 10, 0, 0, 0, 30]","[0, 2, 4, 2, 8, 2, 12, 6, 2, 9, 5, 65, 52, 23, 0]"
j10,1,proactive_robust,600,True,32,0.05606818199157715,0.00044608116149902344,"[0, 0, 0, 0, 2, 2, 2, 15, 15, 23, 10, 0, 0, 0, 65]","""[0, 5, 1, 2, 6, 2, 11, 8, 2, 7, 10, 65, 52, 23, 0]"""
j10,1,reactive,600,True,30,0.05606818199157715,0.06000328063964844,"[0, 0, 0, 0, 2, 2, 2, 15, 15, 23, 10, 0, 0, 0, 30]","[0, 5, 1, 2, 6, 2, 11, 8, 2, 7, 10, 65, 52, 23, 0]"
j10,1,proactive_robust,600,True,32,0.052300453186035156,0.00042319297790527344,"[0, 0, 0, 0, 2, 2, 2, 15, 15, 23, 10, 0, 0, 0, 65]","""[0, 3, 2, 1, 5, 1, 12, 6, 1, 4, 8, 65, 52, 23, 0]"""
j10,1,reactive,600,True,27,0.052300453186035156,0.12058353424072266,"[0, 0, 0, 0, 2, 2, 2, 15, 15, 23, 10, 0, 0, 0, 27]","[0, 3, 2, 1, 5, 1, 12, 6, 1, 4, 8, 65, 52, 23, 0]"
j10,1,proactive_robust,600,True,32,0.055504798889160156,0.00042939186096191406,"[0, 0, 0, 0, 2, 2, 2, 15, 15, 23, 10, 0, 0, 0, 65]","""[0, 3, 1, 2, 3, 3, 11, 6, 2, 6, 7, 65, 52, 23, 0]"""
j10,1,reactive,600,True,29,0.055504798889160156,0.08084940910339355,"[0, 0, 0, 0, 2, 2, 2, 15, 15, 23, 10, 0, 0, 0, 29]","[0, 3, 1, 2, 3, 3, 11, 6, 2, 6, 7, 65, 52, 23, 0]"
j10,1,proactive_robust,600,True,32,0.05609416961669922,0.00044274330139160156,"[0, 0, 0, 0, 2, 2, 2, 15, 15, 23, 10, 0, 0, 0, 65]","""[0, 5, 3, 1, 6, 2, 9, 7, 2, 6, 8, 65, 52, 23, 0]"""
j10,1,reactive,600,True,29,0.05609416961669922,0.08946990966796875,"[0, 0, 0, 0, 2, 2, 2, 15, 15, 23, 10, 0, 0, 0, 29]","[0, 5, 3, 1, 6, 2, 9, 7, 2, 6, 8, 65, 52, 23, 0]"
j10,1,proactive_robust,600,True,23,0.056261539459228516,0.00040721893310546875,"[0, 0, 0, 0, 2, 2, 2, 12, 12, 19, 6, 0, 0, 0, 65]","""[0, 4, 2, 1, 2, 1, 7, 2, 1, 3, 5, 65, 52, 23, 0]"""
j10,1,reactive,600,True,17,0.056261539459228516,0.08358478546142578,"[0, 0, 0, 0, 2, 2, 2, 12, 12, 14, 6, 0, 0, 0, 17]","[0, 4, 2, 1, 2, 1, 7, 2, 1, 3, 5, 65, 52, 23, 0]"
j10,1,proactive_robust,600,True,32,0.05428338050842285,0.0004324913024902344,"[0, 0, 0, 0, 2, 2, 2, 15, 15, 23, 10, 0, 0, 0, 65]","""[0, 5, 3, 1, 8, 2, 10, 6, 1, 6, 6, 65, 52, 23, 0]"""
j10,1,reactive,600,True,29,0.05428338050842285,0.08670830726623535,"[0, 0, 0, 0, 2, 2, 2, 15, 15, 23, 10, 0, 0, 0, 29]","[0, 5, 3, 1, 8, 2, 10, 6, 1, 6, 6, 65, 52, 23, 0]"
j10,1,proactive_robust,600,True,32,0.05603647232055664,0.00043463706970214844,"[0, 0, 0, 0, 2, 2, 2, 15, 15, 23, 10, 0, 0, 0, 65]","""[0, 6, 1, 2, 7, 1, 9, 4, 1, 9, 6, 65, 52, 23, 0]"""
j10,1,reactive,600,True,28,0.05603647232055664,0.07699871063232422,"[0, 0, 0, 0, 2, 2, 2, 15, 15, 19, 10, 0, 0, 0, 28]","[0, 6, 1, 2, 7, 1, 9, 4, 1, 9, 6, 65, 52, 23, 0]"
j10,1,proactive_robust,600,True,26,0.05795145034790039,0.0002186298370361328,"[0, 0, 0, 0, 3, 2, 9, 12, 16, 18, 16, 0, 26]","""[0, 2, 3, 4, 6, 4, 4, 1, 10, 3, 5, 26, 0]"""
j10,1,reactive,600,True,23,0.05795145034790039,0.06807279586791992,"[0, 0, 0, 0, 3, 2, 9, 12, 13, 13, 13, 0, 23]","[0, 2, 3, 4, 6, 4, 4, 1, 10, 3, 5, 26, 0]"
j10,1,proactive_robust,600,True,26,0.05761432647705078,0.00022673606872558594,"[0, 0, 0, 0, 3, 2, 9, 12, 16, 18, 16, 0, 26]","""[0, 2, 2, 7, 9, 6, 8, 2, 6, 5, 5, 26, 0]"""
j10,1,reactive,600,True,23,0.05761432647705078,0.07520818710327148,"[0, 0, 0, 0, 3, 2, 9, 12, 16, 18, 16, 0, 23]","[0, 2, 2, 7, 9, 6, 8, 2, 6, 5, 5, 26, 0]"
j10,1,proactive_robust,600,True,26,0.056664228439331055,0.00022912025451660156,"[0, 0, 0, 0, 3, 2, 9, 12, 16, 18, 16, 0, 26]","""[0, 1, 3, 5, 7, 2, 7, 1, 5, 5, 6, 26, 0]"""
j10,1,reactive,600,True,23,0.056664228439331055,0.08219385147094727,"[0, 0, 0, 0, 3, 2, 9, 12, 16, 18, 16, 0, 23]","[0, 1, 3, 5, 7, 2, 7, 1, 5, 5, 6, 26, 0]"
j10,1,proactive_robust,600,True,26,0.05784893035888672,0.00023365020751953125,"[0, 0, 0, 0, 3, 2, 9, 12, 16, 18, 16, 0, 26]","""[0, 2, 1, 3, 7, 3, 6, 2, 9, 6, 6, 26, 0]"""
j10,1,reactive,600,True,25,0.05784893035888672,0.08415699005126953,"[0, 0, 0, 0, 3, 2, 9, 12, 16, 18, 16, 0, 25]","[0, 2, 1, 3, 7, 3, 6, 2, 9, 6, 6, 26, 0]"
j10,1,proactive_robust,600,True,26,0.05678153038024902,0.0002346038818359375,"[0, 0, 0, 0, 3, 2, 9, 12, 16, 18, 16, 0, 26]","""[0, 2, 1, 6, 5, 7, 7, 2, 10, 7, 9, 26, 0]"""
j10,1,reactive,600,True,26,0.05678153038024902,0.060431480407714844,"[0, 0, 0, 0, 3, 2, 9, 12, 16, 18, 16, 0, 26]","[0, 2, 1, 6, 5, 7, 7, 2, 10, 7, 9, 26, 0]"
j10,1,proactive_robust,600,True,26,0.05642271041870117,0.00021910667419433594,"[0, 0, 0, 0, 3, 2, 9, 12, 16, 18, 16, 0, 26]","""[0, 2, 2, 3, 4, 7, 9, 1, 8, 5, 6, 26, 0]"""
j10,1,reactive,600,True,24,0.05642271041870117,0.06551885604858398,"[0, 0, 0, 0, 3, 2, 9, 12, 16, 18, 16, 0, 24]","[0, 2, 2, 3, 4, 7, 9, 1, 8, 5, 6, 26, 0]"
j10,1,proactive_robust,600,True,26,0.051848649978637695,0.00023055076599121094,"[0, 0, 0, 0, 3, 2, 9, 12, 16, 18, 16, 0, 26]","""[0, 1, 2, 3, 9, 2, 5, 3, 6, 5, 9, 26, 0]"""
j10,1,reactive,600,True,25,0.051848649978637695,0.07965707778930664,"[0, 0, 0, 0, 3, 2, 9, 12, 16, 18, 16, 0, 25]","[0, 1, 2, 3, 9, 2, 5, 3, 6, 5, 9, 26, 0]"
j10,1,proactive_robust,600,True,26,0.05471491813659668,0.00023555755615234375,"[0, 0, 0, 0, 3, 2, 9, 12, 16, 18, 16, 0, 26]","""[0, 2, 3, 3, 5, 6, 9, 3, 8, 4, 7, 26, 0]"""
j10,1,reactive,600,True,24,0.05471491813659668,0.0634605884552002,"[0, 0, 0, 0, 3, 2, 9, 12, 16, 18, 16, 0, 24]","[0, 2, 3, 3, 5, 6, 9, 3, 8, 4, 7, 26, 0]"
j10,1,proactive_robust,600,True,26,0.05632305145263672,0.0002148151397705078,"[0, 0, 0, 0, 3, 2, 9, 12, 16, 18, 16, 0, 26]","""[0, 1, 3, 4, 4, 7, 4, 2, 5, 4, 9, 26, 0]"""
j10,1,reactive,600,True,25,0.05632305145263672,0.07988524436950684,"[0, 0, 0, 0, 3, 2, 9, 12, 16, 18, 16, 0, 25]","[0, 1, 3, 4, 4, 7, 4, 2, 5, 4, 9, 26, 0]"
j10,1,proactive_robust,600,True,26,0.05634045600891113,0.0002262592315673828,"[0, 0, 0, 0, 3, 2, 9, 12, 16, 18, 16, 0, 26]","""[0, 2, 1, 7, 7, 4, 8, 4, 7, 5, 5, 26, 0]"""
j10,1,reactive,600,True,23,0.05634045600891113,0.07829713821411133,"[0, 0, 0, 0, 3, 2, 9, 12, 16, 18, 16, 0, 23]","[0, 2, 1, 7, 7, 4, 8, 4, 7, 5, 5, 26, 0]"
j10,1,proactive_robust,600,True,41,0.0577082633972168,0.00058746337890625,"[0, 0, 0, 9, 12, 4, 12, 21, 15, 25, 32, 0, 0, 0, 0, 78]","""[0, 2, 9, 2, 4, 5, 3, 5, 6, 4, 4, 5, 78, 70, 76, 0]"""
j10,1,reactive,600,True,30,0.0577082633972168,0.16641783714294434,"[0, 0, 0, 9, 12, 4, 12, 21, 15, 16, 26, 0, 0, 0, 0, 30]","[0, 2, 9, 2, 4, 5, 3, 5, 6, 4, 4, 5, 78, 70, 76, 0]"
j10,1,proactive_robust,600,True,41,0.05991053581237793,0.00058746337890625,"[0, 0, 0, 9, 12, 4, 12, 21, 15, 25, 32, 0, 0, 0, 0, 78]","""[0, 2, 7, 3, 4, 4, 3, 6, 8, 3, 6, 5, 78, 70, 76, 0]"""
j10,1,reactive,600,True,38,0.05991053581237793,0.15033769607543945,"[0, 0, 0, 9, 12, 4, 12, 21, 15, 25, 32, 0, 0, 0, 0, 38]","[0, 2, 7, 3, 4, 4, 3, 6, 8, 3, 6, 5, 78, 70, 76, 0]"
j10,1,proactive_robust,600,True,41,0.05927872657775879,0.0005774497985839844,"[0, 0, 0, 9, 12, 4, 12, 21, 15, 25, 32, 0, 0, 0, 0, 78]","""[0, 2, 9, 2, 4, 4, 1, 3, 5, 6, 4, 5, 78, 70, 76, 0]"""
j10,1,reactive,600,True,35,0.05927872657775879,0.17970705032348633,"[0, 0, 0, 9, 12, 4, 12, 21, 15, 25, 31, 0, 0, 0, 0, 35]","[0, 2, 9, 2, 4, 4, 1, 3, 5, 6, 4, 5, 78, 70, 76, 0]"
j10,1,proactive_robust,600,True,41,0.05629444122314453,0.000591278076171875,"[0, 0, 0, 9, 12, 4, 12, 21, 15, 25, 32, 0, 0, 0, 0, 78]","""[0, 4, 8, 2, 5, 7, 1, 4, 7, 2, 8, 5, 78, 70, 76, 0]"""
j10,1,reactive,600,True,40,0.05629444122314453,0.17315030097961426,"[0, 0, 0, 9, 12, 4, 12, 21, 15, 25, 32, 0, 0, 0, 0, 40]","[0, 4, 8, 2, 5, 7, 1, 4, 7, 2, 8, 5, 78, 70, 76, 0]"
j10,1,proactive_robust,600,True,41,0.05998516082763672,0.0005733966827392578,"[0, 0, 0, 9, 12, 4, 12, 21, 15, 25, 32, 0, 0, 0, 0, 78]","""[0, 1, 6, 2, 5, 4, 1, 2, 5, 5, 8, 5, 78, 70, 76, 0]"""
j10,1,reactive,600,True,38,0.05998516082763672,0.22696423530578613,"[0, 0, 0, 9, 12, 4, 12, 21, 15, 25, 30, 0, 0, 0, 0, 38]","[0, 1, 6, 2, 5, 4, 1, 2, 5, 5, 8, 5, 78, 70, 76, 0]"
j10,1,proactive_robust,600,True,41,0.05696392059326172,0.0005841255187988281,"[0, 0, 0, 9, 12, 4, 12, 21, 15, 25, 32, 0, 0, 0, 0, 78]","""[0, 3, 6, 3, 4, 4, 2, 4, 7, 7, 4, 5, 78, 70, 76, 0]"""
j10,1,reactive,600,True,36,0.05696392059326172,0.17415332794189453,"[0, 0, 0, 9, 12, 4, 12, 21, 15, 25, 32, 0, 0, 0, 0, 36]","[0, 3, 6, 3, 4, 4, 2, 4, 7, 7, 4, 5, 78, 70, 76, 0]"
j10,1,proactive_robust,600,True,41,0.057308197021484375,0.0005886554718017578,"[0, 0, 0, 9, 12, 4, 12, 21, 15, 25, 32, 0, 0, 0, 0, 78]","""[0, 3, 6, 2, 6, 5, 3, 2, 9, 4, 8, 5, 78, 70, 76, 0]"""
j10,1,reactive,600,True,40,0.057308197021484375,0.1937117576599121,"[0, 0, 0, 9, 12, 4, 12, 21, 15, 25, 32, 0, 0, 0, 0, 40]","[0, 3, 6, 2, 6, 5, 3, 2, 9, 4, 8, 5, 78, 70, 76, 0]"
j10,1,proactive_robust,600,True,41,0.056993722915649414,0.0005843639373779297,"[0, 0, 0, 9, 12, 4, 12, 21, 15, 25, 32, 0, 0, 0, 0, 78]","""[0, 1, 7, 1, 8, 3, 2, 6, 5, 6, 7, 5, 78, 70, 76, 0]"""
j10,1,reactive,600,True,39,0.056993722915649414,0.19052839279174805,"[0, 0, 0, 9, 12, 4, 12, 21, 15, 25, 32, 0, 0, 0, 0, 39]","[0, 1, 7, 1, 8, 3, 2, 6, 5, 6, 7, 5, 78, 70, 76, 0]"
j10,1,proactive_robust,600,True,41,0.05696415901184082,0.0006041526794433594,"[0, 0, 0, 9, 12, 4, 12, 21, 15, 25, 32, 0, 0, 0, 0, 78]","""[0, 1, 7, 3, 9, 7, 3, 2, 9, 5, 9, 5, 78, 70, 76, 0]"""
j10,1,reactive,600,True,39,0.05696415901184082,0.12412118911743164,"[0, 0, 0, 9, 12, 4, 12, 21, 15, 25, 30, 0, 0, 0, 0, 39]","[0, 1, 7, 3, 9, 7, 3, 2, 9, 5, 9, 5, 78, 70, 76, 0]"
j10,1,proactive_robust,600,True,41,0.058045387268066406,0.0006005764007568359,"[0, 0, 0, 9, 12, 4, 12, 21, 15, 25, 32, 0, 0, 0, 0, 78]","""[0, 1, 7, 3, 9, 8, 1, 5, 6, 4, 4, 5, 78, 70, 76, 0]"""
j10,1,reactive,600,True,33,0.058045387268066406,0.12465023994445801,"[0, 0, 0, 9, 12, 4, 12, 21, 15, 25, 29, 0, 0, 0, 0, 33]","[0, 1, 7, 3, 9, 8, 1, 5, 6, 4, 4, 5, 78, 70, 76, 0]"
j10,1,proactive_robust,600,True,27,0.054939985275268555,0.0003235340118408203,"[0, 0, 0, 0, 3, 12, 16, 12, 11, 18, 24, 0, 0, 47]","""[0, 7, 6, 1, 3, 3, 8, 3, 5, 6, 3, 47, 29, 0]"""
j10,1,reactive,600,True,22,0.054939985275268555,0.1501924991607666,"[0, 0, 0, 0, 3, 6, 9, 6, 11, 16, 17, 0, 0, 22]","[0, 7, 6, 1, 3, 3, 8, 3, 5, 6, 3, 47, 29, 0]"
j10,1,proactive_robust,600,True,27,0.053034067153930664,0.0003211498260498047,"[0, 0, 0, 0, 3, 12, 16, 12, 11, 18, 24, 0, 0, 47]","""[0, 8, 10, 2, 3, 1, 4, 3, 7, 5, 2, 47, 29, 0]"""
j10,1,reactive,600,True,23,0.053034067153930664,0.1367325782775879,"[0, 0, 0, 0, 3, 12, 16, 12, 11, 18, 20, 0, 0, 23]","[0, 8, 10, 2, 3, 1, 4, 3, 7, 5, 2, 47, 29, 0]"
j10,1,proactive_robust,600,True,27,0.05151247978210449,0.00032019615173339844,"[0, 0, 0, 0, 3, 12, 16, 12, 11, 18, 24, 0, 0, 47]","""[0, 7, 8, 3, 4, 3, 4, 4, 4, 3, 1, 47, 29, 0]"""
j10,1,reactive,600,True,21,0.05151247978210449,0.13881373405456543,"[0, 0, 0, 0, 3, 12, 16, 12, 11, 18, 20, 0, 0, 21]","[0, 7, 8, 3, 4, 3, 4, 4, 4, 3, 1, 47, 29, 0]"
j10,1,proactive_robust,600,True,27,0.05225729942321777,0.00033092498779296875,"[0, 0, 0, 0, 3, 12, 16, 12, 11, 18, 24, 0, 0, 47]","""[0, 7, 8, 3, 6, 3, 5, 6, 3, 5, 3, 47, 29, 0]"""
j10,1,reactive,600,True,24,0.05225729942321777,0.1263139247894287,"[0, 0, 0, 0, 3, 12, 16, 12, 11, 18, 21, 0, 0, 24]","[0, 7, 8, 3, 6, 3, 5, 6, 3, 5, 3, 47, 29, 0]"
j10,1,proactive_robust,600,True,27,0.055565595626831055,0.0003387928009033203,"[0, 0, 0, 0, 3, 12, 16, 12, 11, 18, 24, 0, 0, 47]","""[0, 7, 11, 2, 6, 3, 4, 4, 7, 5, 2, 47, 29, 0]"""
j10,1,reactive,600,True,23,0.055565595626831055,0.1389026641845703,"[0, 0, 0, 0, 3, 12, 16, 12, 11, 18, 20, 0, 0, 23]","[0, 7, 11, 2, 6, 3, 4, 4, 7, 5, 2, 47, 29, 0]"
j10,1,proactive_robust,600,True,27,0.05287742614746094,0.0003364086151123047,"[0, 0, 0, 0, 3, 12, 16, 12, 11, 18, 24, 0, 0, 47]","""[0, 7, 10, 3, 3, 4, 6, 6, 6, 5, 1, 47, 29, 0]"""
j10,1,reactive,600,True,23,0.05287742614746094,0.11904454231262207,"[0, 0, 0, 0, 3, 12, 16, 12, 11, 18, 22, 0, 0, 23]","[0, 7, 10, 3, 3, 4, 6, 6, 6, 5, 1, 47, 29, 0]"
j10,1,proactive_robust,600,True,27,0.054663896560668945,0.0003485679626464844,"[0, 0, 0, 0, 3, 12, 16, 12, 11, 18, 24, 0, 0, 47]","""[0, 11, 10, 2, 6, 4, 7, 5, 2, 5, 3, 47, 29, 0]"""
j10,1,reactive,600,True,26,0.054663896560668945,0.11912369728088379,"[0, 0, 0, 0, 3, 12, 16, 12, 11, 18, 23, 0, 0, 26]","[0, 11, 10, 2, 6, 4, 7, 5, 2, 5, 3, 47, 29, 0]"
j10,1,proactive_robust,600,True,27,0.05249333381652832,0.0003228187561035156,"[0, 0, 0, 0, 3, 12, 16, 12, 11, 18, 24, 0, 0, 47]","""[0, 12, 7, 2, 7, 4, 8, 6, 5, 2, 2, 47, 29, 0]"""
j10,1,reactive,600,True,26,0.05249333381652832,0.10987997055053711,"[0, 0, 0, 0, 3, 12, 16, 12, 11, 18, 24, 0, 0, 26]","[0, 12, 7, 2, 7, 4, 8, 6, 5, 2, 2, 47, 29, 0]"
j10,1,proactive_robust,600,True,27,0.053374290466308594,0.0003044605255126953,"[0, 0, 0, 0, 3, 12, 16, 12, 11, 18, 24, 0, 0, 47]","""[0, 8, 8, 1, 3, 3, 8, 7, 4, 3, 2, 47, 29, 0]"""
j10,1,reactive,600,True,26,0.053374290466308594,0.14997100830078125,"[0, 0, 0, 0, 3, 12, 16, 12, 11, 18, 24, 0, 0, 26]","[0, 8, 8, 1, 3, 3, 8, 7, 4, 3, 2, 47, 29, 0]"
j10,1,proactive_robust,600,True,27,0.0544893741607666,0.00033974647521972656,"[0, 0, 0, 0, 3, 12, 16, 12, 11, 18, 24, 0, 0, 47]","""[0, 6, 12, 3, 4, 4, 7, 6, 3, 6, 2, 47, 29, 0]"""
j10,1,reactive,600,True,26,0.0544893741607666,0.0885610580444336,"[0, 0, 0, 0, 3, 12, 16, 12, 11, 18, 24, 0, 0, 26]","[0, 6, 12, 3, 4, 4, 7, 6, 3, 6, 2, 47, 29, 0]"
j10,1,proactive_robust,600,True,26,0.06012701988220215,0.0008151531219482422,"[0, 0, 0, 6, 8, 9, 6, 14, 14, 20, 15, 0, 0, 0, 0, 0, 0, 0, 0, 71]","""[0, 6, 3, 2, 4, 1, 4, 4, 9, 2, 6, 71, 15, 34, 69, 51, 24, 69, 29, 0]"""
j10,1,reactive,600,True,23,0.06012701988220215,0.10976886749267578,"[0, 0, 0, 6, 8, 9, 6, 14, 14, 20, 15, 0, 0, 0, 0, 0, 0, 0, 0, 23]","[0, 6, 3, 2, 4, 1, 4, 4, 9, 2, 6, 71, 15, 34, 69, 51, 24, 69, 29, 0]"
j10,1,proactive_robust,600,True,26,0.06276535987854004,0.0008342266082763672,"[0, 0, 0, 6, 8, 9, 6, 14, 14, 20, 15, 0, 0, 0, 0, 0, 0, 0, 0, 71]","""[0, 4, 8, 1, 2, 2, 3, 4, 6, 5, 5, 71, 15, 34, 69, 51, 24, 69, 29, 0]"""
j10,1,reactive,600,True,25,0.06276535987854004,0.1415412425994873,"[0, 0, 0, 6, 8, 9, 6, 14, 14, 20, 15, 0, 0, 0, 0, 0, 0, 0, 0, 25]","[0, 4, 8, 1, 2, 2, 3, 4, 6, 5, 5, 71, 15, 34, 69, 51, 24, 69, 29, 0]"
j10,1,proactive_robust,600,True,26,0.06109213829040527,0.0008406639099121094,"[0, 0, 0, 6, 8, 9, 6, 14, 14, 20, 15, 0, 0, 0, 0, 0, 0, 0, 0, 71]","""[0, 3, 3, 2, 2, 2, 8, 4, 12, 4, 4, 71, 15, 34, 69, 51, 24, 69, 29, 0]"""
j10,1,reactive,600,True,26,0.06109213829040527,0.1292874813079834,"[0, 0, 0, 6, 8, 9, 6, 14, 14, 20, 15, 0, 0, 0, 0, 0, 0, 0, 0, 26]","[0, 3, 3, 2, 2, 2, 8, 4, 12, 4, 4, 71, 15, 34, 69, 51, 24, 69, 29, 0]"
j10,1,proactive_robust,600,True,26,0.06214189529418945,0.0008101463317871094,"[0, 0, 0, 6, 8, 9, 6, 14, 14, 20, 15, 0, 0, 0, 0, 0, 0, 0, 0, 71]","""[0, 6, 3, 1, 2, 2, 3, 2, 9, 2, 4, 71, 15, 34, 69, 51, 24, 69, 29, 0]"""
j10,1,reactive,600,True,23,0.06214189529418945,0.13575077056884766,"[0, 0, 0, 6, 8, 9, 6, 14, 14, 20, 15, 0, 0, 0, 0, 0, 0, 0, 0, 23]","[0, 6, 3, 1, 2, 2, 3, 2, 9, 2, 4, 71, 15, 34, 69, 51, 24, 69, 29, 0]"
j10,1,proactive_robust,600,True,26,0.06207442283630371,0.0008323192596435547,"[0, 0, 0, 6, 8, 9, 6, 14, 14, 20, 15, 0, 0, 0, 0, 0, 0, 0, 0, 71]","""[0, 5, 3, 2, 7, 2, 3, 2, 9, 4, 5, 71, 15, 34, 69, 51, 24, 69, 29, 0]"""
j10,1,reactive,600,True,23,0.06207442283630371,0.1383810043334961,"[0, 0, 0, 6, 8, 9, 6, 14, 14, 16, 15, 0, 0, 0, 0, 0, 0, 0, 0, 23]","[0, 5, 3, 2, 7, 2, 3, 2, 9, 4, 5, 71, 15, 34, 69, 51, 24, 69, 29, 0]"
j10,1,proactive_robust,600,True,26,0.059922218322753906,0.0008330345153808594,"[0, 0, 0, 6, 8, 9, 6, 14, 14, 20, 15, 0, 0, 0, 0, 0, 0, 0, 0, 71]","""[0, 3, 8, 2, 6, 1, 4, 5, 9, 6, 2, 71, 15, 34, 69, 51, 24, 69, 29, 0]"""
j10,1,reactive,600,True,26,0.059922218322753906,0.12320113182067871,"[0, 0, 0, 6, 8, 9, 6, 14, 14, 20, 15, 0, 0, 0, 0, 0, 0, 0, 0, 26]","[0, 3, 8, 2, 6, 1, 4, 5, 9, 6, 2, 71, 15, 34, 69, 51, 24, 69, 29, 0]"
j10,1,proactive_robust,600,True,26,0.05933237075805664,0.0008289813995361328,"[0, 0, 0, 6, 8, 9, 6, 14, 14, 20, 15, 0, 0, 0, 0, 0, 0, 0, 0, 71]","""[0, 5, 3, 2, 5, 1, 4, 5, 6, 3, 5, 71, 15, 34, 69, 51, 24, 69, 29, 0]"""
j10,1,reactive,600,True,23,0.05933237075805664,0.14725017547607422,"[0, 0, 0, 6, 8, 9, 6, 14, 14, 20, 15, 0, 0, 0, 0, 0, 0, 0, 0, 23]","[0, 5, 3, 2, 5, 1, 4, 5, 6, 3, 5, 71, 15, 34, 69, 51, 24, 69, 29, 0]"
j10,1,proactive_robust,600,True,26,0.06446480751037598,0.0008342266082763672,"[0, 0, 0, 6, 8, 9, 6, 14, 14, 20, 15, 0, 0, 0, 0, 0, 0, 0, 0, 71]","""[0, 4, 3, 1, 4, 1, 8, 2, 7, 6, 2, 71, 15, 34, 69, 51, 24, 69, 29, 0]"""
j10,1,reactive,600,True,26,0.06446480751037598,0.12188410758972168,"[0, 0, 0, 6, 8, 9, 6, 14, 14, 20, 15, 0, 0, 0, 0, 0, 0, 0, 0, 26]","[0, 4, 3, 1, 4, 1, 8, 2, 7, 6, 2, 71, 15, 34, 69, 51, 24, 69, 29, 0]"
j10,1,proactive_robust,600,True,26,0.05943560600280762,0.0008428096771240234,"[0, 0, 0, 6, 8, 9, 6, 14, 14, 20, 15, 0, 0, 0, 0, 0, 0, 0, 0, 71]","""[0, 6, 5, 2, 5, 2, 8, 3, 12, 3, 2, 71, 15, 34, 69, 51, 24, 69, 29, 0]"""
j10,1,reactive,600,True,26,0.05943560600280762,0.08767509460449219,"[0, 0, 0, 6, 8, 9, 6, 14, 14, 17, 15, 0, 0, 0, 0, 0, 0, 0, 0, 26]","[0, 6, 5, 2, 5, 2, 8, 3, 12, 3, 2, 71, 15, 34, 69, 51, 24, 69, 29, 0]"
j10,1,proactive_robust,600,True,26,0.06376338005065918,0.0008306503295898438,"[0, 0, 0, 6, 8, 9, 6, 14, 14, 20, 15, 0, 0, 0, 0, 0, 0, 0, 0, 71]","""[0, 5, 4, 2, 3, 2, 8, 3, 8, 6, 4, 71, 15, 34, 69, 51, 24, 69, 29, 0]"""
j10,1,reactive,600,True,26,0.06376338005065918,0.11356878280639648,"[0, 0, 0, 6, 8, 9, 6, 14, 14, 20, 15, 0, 0, 0, 0, 0, 0, 0, 0, 26]","[0, 5, 4, 2, 3, 2, 8, 3, 8, 6, 4, 71, 15, 34, 69, 51, 24, 69, 29, 0]"
j10,1,proactive_robust,600,True,46,0.0571591854095459,0.00030350685119628906,"[0, 0, 0, 0, 18, 9, 19, 9, 28, 25, 37, 0, 56]","""[0, 6, 6, 3, 7, 6, 3, 4, 4, 8, 8, 56, 0]"""
j10,1,reactive,600,True,45,0.0571591854095459,0.13788294792175293,"[0, 0, 0, 0, 18, 9, 19, 9, 28, 25, 37, 0, 45]","[0, 6, 6, 3, 7, 6, 3, 4, 4, 8, 8, 56, 0]"
j10,1,proactive_robust,600,True,46,0.05481982231140137,0.0002865791320800781,"[0, 0, 0, 0, 18, 9, 19, 9, 28, 25, 37, 0, 56]","""[0, 2, 4, 4, 5, 8, 2, 5, 7, 11, 5, 56, 0]"""
j10,1,reactive,600,True,42,0.05481982231140137,0.16704583168029785,"[0, 0, 0, 0, 18, 9, 19, 9, 28, 25, 37, 0, 42]","[0, 2, 4, 4, 5, 8, 2, 5, 7, 11, 5, 56, 0]"
j10,1,proactive_robust,600,True,46,0.0559232234954834,0.0003070831298828125,"[0, 0, 0, 0, 18, 9, 19, 9, 28, 25, 37, 0, 56]","""[0, 3, 6, 4, 7, 9, 2, 7, 5, 10, 9, 56, 0]"""
j10,1,reactive,600,True,44,0.0559232234954834,0.14708328247070312,"[0, 0, 0, 0, 18, 9, 19, 9, 28, 25, 35, 0, 44]","[0, 3, 6, 4, 7, 9, 2, 7, 5, 10, 9, 56, 0]"
j10,1,proactive_robust,600,True,46,0.05512261390686035,0.00030350685119628906,"[0, 0, 0, 0, 18, 9, 19, 9, 28, 25, 37, 0, 56]","""[0, 2, 8, 2, 8, 8, 5, 5, 3, 11, 8, 56, 0]"""
j10,1,reactive,600,True,45,0.05512261390686035,0.1535935401916504,"[0, 0, 0, 0, 18, 9, 19, 9, 28, 25, 37, 0, 45]","[0, 2, 8, 2, 8, 8, 5, 5, 3, 11, 8, 56, 0]"
j10,1,proactive_robust,600,True,46,0.05426907539367676,0.00030684471130371094,"[0, 0, 0, 0, 18, 9, 19, 9, 28, 25, 37, 0, 56]","""[0, 2, 4, 5, 6, 10, 4, 8, 7, 11, 5, 56, 0]"""
j10,1,reactive,600,True,42,0.05426907539367676,0.14522624015808105,"[0, 0, 0, 0, 18, 9, 19, 9, 28, 25, 37, 0, 42]","[0, 2, 4, 5, 6, 10, 4, 8, 7, 11, 5, 56, 0]"
j10,1,proactive_robust,600,True,46,0.056160926818847656,0.0003180503845214844,"[0, 0, 0, 0, 18, 9, 19, 9, 28, 25, 37, 0, 56]","""[0, 2, 7, 3, 10, 5, 6, 8, 6, 11, 6, 56, 0]"""
j10,1,reactive,600,True,43,0.056160926818847656,0.1278674602508545,"[0, 0, 0, 0, 18, 9, 19, 9, 28, 25, 37, 0, 43]","[0, 2, 7, 3, 10, 5, 6, 8, 6, 11, 6, 56, 0]"
j10,1,proactive_robust,600,True,46,0.0560457706451416,0.00030732154846191406,"[0, 0, 0, 0, 18, 9, 19, 9, 28, 25, 37, 0, 56]","""[0, 2, 7, 3, 7, 8, 2, 7, 7, 8, 6, 56, 0]"""
j10,1,reactive,600,True,43,0.0560457706451416,0.16356968879699707,"[0, 0, 0, 0, 18, 9, 19, 9, 28, 25, 37, 0, 43]","[0, 2, 7, 3, 7, 8, 2, 7, 7, 8, 6, 56, 0]"
j10,1,proactive_robust,600,True,46,0.05614018440246582,0.0003190040588378906,"[0, 0, 0, 0, 18, 9, 19, 9, 28, 25, 37, 0, 56]","""[0, 6, 6, 7, 7, 6, 3, 7, 4, 8, 9, 56, 0]"""
j10,1,reactive,600,True,42,0.05614018440246582,0.11004471778869629,"[0, 0, 0, 0, 18, 9, 19, 9, 28, 25, 33, 0, 42]","[0, 6, 6, 7, 7, 6, 3, 7, 4, 8, 9, 56, 0]"
j10,1,proactive_robust,600,True,46,0.05412888526916504,0.0003075599670410156,"[0, 0, 0, 0, 18, 9, 19, 9, 28, 25, 37, 0, 56]","""[0, 4, 5, 3, 8, 5, 2, 6, 5, 12, 8, 56, 0]"""
j10,1,reactive,600,True,45,0.05412888526916504,0.1498560905456543,"[0, 0, 0, 0, 18, 9, 19, 9, 28, 25, 37, 0, 45]","[0, 4, 5, 3, 8, 5, 2, 6, 5, 12, 8, 56, 0]"
j10,1,proactive_robust,600,True,46,0.05403280258178711,0.0003044605255126953,"[0, 0, 0, 0, 18, 9, 19, 9, 28, 25, 37, 0, 56]","""[0, 4, 5, 3, 6, 6, 6, 5, 3, 12, 6, 56, 0]"""
j10,1,reactive,600,True,43,0.05403280258178711,0.14765429496765137,"[0, 0, 0, 0, 18, 9, 19, 9, 28, 25, 37, 0, 43]","[0, 4, 5, 3, 6, 6, 6, 5, 3, 12, 6, 56, 0]"
j10,1,proactive_robust,600,True,37,0.05687594413757324,0.00045800209045410156,"[0, 0, 0, 0, 9, 18, 25, 18, 25, 9, 29, 0, 0, 0, 72]","""[0, 3, 4, 4, 7, 7, 2, 3, 6, 3, 4, 72, 48, 27, 0]"""
j10,1,reactive,600,True,33,0.05687594413757324,0.13338232040405273,"[0, 0, 0, 0, 9, 18, 25, 18, 25, 9, 29, 0, 0, 0, 33]","[0, 3, 4, 4, 7, 7, 2, 3, 6, 3, 4, 72, 48, 27, 0]"
j10,1,proactive_robust,600,True,37,0.056053876876831055,0.0004432201385498047,"[0, 0, 0, 0, 9, 18, 25, 18, 25, 9, 29, 0, 0, 0, 72]","""[0, 4, 4, 5, 5, 3, 3, 7, 7, 3, 7, 72, 48, 27, 0]"""
j10,1,reactive,600,True,36,0.056053876876831055,0.14223074913024902,"[0, 0, 0, 0, 9, 18, 25, 18, 25, 9, 29, 0, 0, 0, 36]","[0, 4, 4, 5, 5, 3, 3, 7, 7, 3, 7, 72, 48, 27, 0]"
j10,1,proactive_robust,600,True,37,0.05629897117614746,0.00040411949157714844,"[0, 0, 0, 0, 9, 18, 25, 18, 25, 9, 29, 0, 0, 0, 72]","""[0, 6, 7, 3, 6, 2, 2, 2, 7, 2, 3, 72, 48, 27, 0]"""
j10,1,reactive,600,True,32,0.05629897117614746,0.13225030899047852,"[0, 0, 0, 0, 9, 18, 25, 18, 25, 9, 27, 0, 0, 0, 32]","[0, 6, 7, 3, 6, 2, 2, 2, 7, 2, 3, 72, 48, 27, 0]"
j10,1,proactive_robust,600,True,37,0.055374860763549805,0.00040721893310546875,"[0, 0, 0, 0, 9, 18, 25, 18, 25, 9, 29, 0, 0, 0, 72]","""[0, 6, 4, 2, 7, 2, 1, 6, 5, 1, 6, 72, 48, 27, 0]"""
j10,1,reactive,600,True,35,0.055374860763549805,0.13181805610656738,"[0, 0, 0, 0, 9, 18, 25, 18, 25, 9, 29, 0, 0, 0, 35]","[0, 6, 4, 2, 7, 2, 1, 6, 5, 1, 6, 72, 48, 27, 0]"
j10,1,proactive_robust,600,True,37,0.06022334098815918,0.0004322528839111328,"[0, 0, 0, 0, 9, 18, 25, 18, 25, 9, 29, 0, 0, 0, 72]","""[0, 6, 4, 5, 9, 7, 1, 4, 6, 4, 6, 72, 48, 27, 0]"""
j10,1,reactive,600,True,35,0.06022334098815918,0.08188271522521973,"[0, 0, 0, 0, 9, 18, 25, 18, 25, 9, 29, 0, 0, 0, 35]","[0, 6, 4, 5, 9, 7, 1, 4, 6, 4, 6, 72, 48, 27, 0]"
j10,1,proactive_robust,600,True,37,0.057527780532836914,0.0004220008850097656,"[0, 0, 0, 0, 9, 18, 25, 18, 25, 9, 29, 0, 0, 0, 72]","""[0, 2, 7, 3, 6, 4, 3, 6, 6, 3, 4, 72, 48, 27, 0]"""
j10,1,reactive,600,True,33,0.057527780532836914,0.14296412467956543,"[0, 0, 0, 0, 9, 18, 25, 18, 25, 9, 29, 0, 0, 0, 33]","[0, 2, 7, 3, 6, 4, 3, 6, 6, 3, 4, 72, 48, 27, 0]"
j10,1,proactive_robust,600,True,37,0.05730628967285156,0.0004067420959472656,"[0, 0, 0, 0, 9, 18, 25, 18, 25, 9, 29, 0, 0, 0, 72]","""[0, 2, 7, 4, 4, 2, 1, 2, 7, 3, 6, 72, 48, 27, 0]"""
j10,1,reactive,600,True,32,0.05730628967285156,0.16858720779418945,"[0, 0, 0, 0, 9, 18, 25, 18, 25, 9, 26, 0, 0, 0, 32]","[0, 2, 7, 4, 4, 2, 1, 2, 7, 3, 6, 72, 48, 27, 0]"
j10,1,proactive_robust,600,True,37,0.05713319778442383,0.0004088878631591797,"[0, 0, 0, 0, 9, 18, 25, 18, 25, 9, 29, 0, 0, 0, 72]","""[0, 4, 8, 3, 4, 3, 1, 3, 4, 3, 3, 72, 48, 27, 0]"""
j10,1,reactive,600,True,25,0.05713319778442383,0.17034506797790527,"[0, 0, 0, 0, 9, 18, 21, 18, 21, 9, 22, 0, 0, 0, 25]","[0, 4, 8, 3, 4, 3, 1, 3, 4, 3, 3, 72, 48, 27, 0]"
j10,1,proactive_robust,600,True,37,0.0535130500793457,0.00041556358337402344,"[0, 0, 0, 0, 9, 18, 25, 18, 25, 9, 29, 0, 0, 0, 72]","""[0, 4, 5, 3, 5, 5, 3, 4, 3, 4, 4, 72, 48, 27, 0]"""
j10,1,reactive,600,True,33,0.0535130500793457,0.1237630844116211,"[0, 0, 0, 0, 9, 18, 25, 18, 25, 9, 29, 0, 0, 0, 33]","[0, 4, 5, 3, 5, 5, 3, 4, 3, 4, 4, 72, 48, 27, 0]"
j10,1,proactive_robust,600,True,37,0.05283474922180176,0.0004153251647949219,"[0, 0, 0, 0, 9, 18, 25, 18, 25, 9, 29, 0, 0, 0, 72]","""[0, 3, 6, 2, 9, 2, 4, 2, 6, 3, 5, 72, 48, 27, 0]"""
j10,1,reactive,600,True,34,0.05283474922180176,0.12177252769470215,"[0, 0, 0, 0, 9, 18, 25, 18, 25, 9, 29, 0, 0, 0, 34]","[0, 3, 6, 2, 9, 2, 4, 2, 6, 3, 5, 72, 48, 27, 0]"
j10,1,proactive_robust,600,True,30,0.06175041198730469,0.00024366378784179688,"[0, 0, 0, 3, 4, 15, 10, 22, 16, 16, 24, 0, 0, 30]","""[0, 2, 4, 6, 3, 3, 4, 2, 3, 6, 4, 10, 30, 0]"""
j10,1,reactive,600,True,28,0.06175041198730469,0.15006232261657715,"[0, 0, 0, 3, 4, 15, 10, 22, 16, 16, 24, 0, 0, 28]","[0, 2, 4, 6, 3, 3, 4, 2, 3, 6, 4, 10, 30, 0]"
j10,1,proactive_robust,600,True,30,0.061509132385253906,0.0002484321594238281,"[0, 0, 0, 3, 4, 15, 10, 22, 16, 16, 24, 0, 0, 30]","""[0, 1, 2, 9, 4, 6, 3, 2, 2, 7, 4, 10, 30, 0]"""
j10,1,reactive,600,True,28,0.061509132385253906,0.16706156730651855,"[0, 0, 0, 3, 4, 15, 10, 22, 16, 16, 24, 0, 0, 28]","[0, 1, 2, 9, 4, 6, 3, 2, 2, 7, 4, 10, 30, 0]"
j10,1,proactive_robust,600,True,30,0.061945199966430664,0.00024271011352539062,"[0, 0, 0, 3, 4, 15, 10, 22, 16, 16, 24, 0, 0, 30]","""[0, 3, 3, 9, 3, 5, 4, 2, 1, 5, 6, 10, 30, 0]"""
j10,1,reactive,600,True,28,0.061945199966430664,0.13921356201171875,"[0, 0, 0, 3, 4, 15, 10, 20, 16, 16, 22, 0, 0, 28]","[0, 3, 3, 9, 3, 5, 4, 2, 1, 5, 6, 10, 30, 0]"
j10,1,proactive_robust,600,True,30,0.06133437156677246,0.0002186298370361328,"[0, 0, 0, 3, 4, 15, 10, 22, 16, 16, 24, 0, 0, 30]","""[0, 1, 2, 6, 4, 4, 6, 1, 3, 2, 6, 10, 30, 0]"""
j10,1,reactive,600,True,26,0.06133437156677246,0.1581118106842041,"[0, 0, 0, 3, 4, 15, 10, 19, 16, 16, 20, 0, 0, 26]","[0, 1, 2, 6, 4, 4, 6, 1, 3, 2, 6, 10, 30, 0]"
j10,1,proactive_robust,600,True,30,0.05979776382446289,0.00021719932556152344,"[0, 0, 0, 3, 4, 15, 10, 22, 16, 16, 24, 0, 0, 30]","""[0, 3, 2, 9, 5, 2, 2, 2, 1, 6, 2, 10, 30, 0]"""
j10,1,reactive,600,True,22,0.05979776382446289,0.16597652435302734,"[0, 0, 0, 3, 4, 15, 10, 12, 16, 16, 17, 0, 0, 22]","[0, 3, 2, 9, 5, 2, 2, 2, 1, 6, 2, 10, 30, 0]"
j10,1,proactive_robust,600,True,30,0.06241488456726074,0.0002300739288330078,"[0, 0, 0, 3, 4, 15, 10, 22, 16, 16, 24, 0, 0, 30]","""[0, 2, 4, 10, 6, 4, 3, 2, 1, 2, 6, 10, 30, 0]"""
j10,1,reactive,600,True,25,0.06241488456726074,0.1272258758544922,"[0, 0, 0, 3, 4, 15, 10, 13, 16, 16, 19, 0, 0, 25]","[0, 2, 4, 10, 6, 4, 3, 2, 1, 2, 6, 10, 30, 0]"
j10,1,proactive_robust,600,True,30,0.061441659927368164,0.0002143383026123047,"[0, 0, 0, 3, 4, 15, 10, 22, 16, 16, 24, 0, 0, 30]","""[0, 1, 1, 9, 2, 3, 3, 2, 4, 5, 4, 10, 30, 0]"""
j10,1,reactive,600,True,22,0.061441659927368164,0.18158364295959473,"[0, 0, 0, 3, 4, 15, 10, 13, 16, 16, 18, 0, 0, 22]","[0, 1, 1, 9, 2, 3, 3, 2, 4, 5, 4, 10, 30, 0]"
j10,1,proactive_robust,600,True,30,0.11736154556274414,0.00021982192993164062,"[0, 0, 0, 3, 4, 15, 10, 22, 16, 16, 24, 0, 0, 30]","""[0, 3, 3, 10, 2, 3, 4, 1, 2, 5, 6, 10, 30, 0]"""
j10,1,reactive,600,True,24,0.11736154556274414,0.16354727745056152,"[0, 0, 0, 3, 4, 15, 10, 14, 16, 16, 18, 0, 0, 24]","[0, 3, 3, 10, 2, 3, 4, 1, 2, 5, 6, 10, 30, 0]"
j10,1,proactive_robust,600,True,30,0.06081867218017578,0.00024437904357910156,"[0, 0, 0, 3, 4, 15, 10, 22, 16, 16, 24, 0, 0, 30]","""[0, 1, 4, 7, 4, 7, 6, 2, 2, 7, 3, 10, 30, 0]"""
j10,1,reactive,600,True,27,0.06081867218017578,0.0921938419342041,"[0, 0, 0, 3, 4, 15, 10, 22, 16, 16, 24, 0, 0, 27]","[0, 1, 4, 7, 4, 7, 6, 2, 2, 7, 3, 10, 30, 0]"
j10,1,proactive_robust,600,True,30,0.05875110626220703,0.00021839141845703125,"[0, 0, 0, 3, 4, 15, 10, 22, 16, 16, 24, 0, 0, 30]","""[0, 2, 4, 11, 2, 3, 4, 1, 1, 2, 2, 10, 30, 0]"""
j10,1,reactive,600,True,20,0.05875110626220703,0.17023801803588867,"[0, 0, 0, 3, 4, 15, 10, 14, 16, 16, 18, 0, 0, 20]","[0, 2, 4, 11, 2, 3, 4, 1, 1, 2, 2, 10, 30, 0]"
j10,1,proactive_robust,600,True,32,0.057238101959228516,0.00046324729919433594,"[0, 0, 0, 0, 6, 16, 16, 16, 24, 24, 24, 0, 0, 0, 0, 66]","""[0, 2, 4, 6, 5, 4, 8, 6, 2, 3, 8, 31, 39, 66, 37, 0]"""
j10,1,reactive,600,True,32,0.057238101959228516,0.05070757865905762,"[0, 0, 0, 0, 6, 16, 16, 16, 24, 24, 24, 0, 0, 0, 0, 32]","[0, 2, 4, 6, 5, 4, 8, 6, 2, 3, 8, 31, 39, 66, 37, 0]"
j10,1,proactive_robust,600,True,32,0.05366659164428711,0.00046634674072265625,"[0, 0, 0, 0, 6, 16, 16, 16, 24, 24, 24, 0, 0, 0, 0, 66]","""[0, 1, 2, 6, 9, 3, 4, 6, 1, 7, 6, 31, 39, 66, 37, 0]"""
j10,1,reactive,600,True,31,0.05366659164428711,0.11686396598815918,"[0, 0, 0, 0, 6, 16, 16, 16, 24, 24, 24, 0, 0, 0, 0, 31]","[0, 1, 2, 6, 9, 3, 4, 6, 1, 7, 6, 31, 39, 66, 37, 0]"
j10,1,proactive_robust,600,True,32,0.05234837532043457,0.00046825408935546875,"[0, 0, 0, 0, 6, 16, 16, 16, 24, 24, 24, 0, 0, 0, 0, 66]","""[0, 1, 2, 3, 10, 6, 7, 8, 2, 6, 6, 31, 39, 66, 37, 0]"""
j10,1,reactive,600,True,30,0.05234837532043457,0.10120820999145508,"[0, 0, 0, 0, 6, 16, 16, 16, 24, 24, 24, 0, 0, 0, 0, 30]","[0, 1, 2, 3, 10, 6, 7, 8, 2, 6, 6, 31, 39, 66, 37, 0]"
j10,1,proactive_robust,600,True,32,0.056990623474121094,0.00046181678771972656,"[0, 0, 0, 0, 6, 16, 16, 16, 24, 24, 24, 0, 0, 0, 0, 66]","""[0, 2, 2, 2, 6, 3, 4, 7, 2, 4, 6, 31, 39, 66, 37, 0]"""
j10,1,reactive,600,True,30,0.056990623474121094,0.11785745620727539,"[0, 0, 0, 0, 6, 16, 16, 16, 24, 24, 24, 0, 0, 0, 0, 30]","[0, 2, 2, 2, 6, 3, 4, 7, 2, 4, 6, 31, 39, 66, 37, 0]"
j10,1,proactive_robust,600,True,32,0.056592464447021484,0.00045037269592285156,"[0, 0, 0, 0, 6, 16, 16, 16, 24, 24, 24, 0, 0, 0, 0, 66]","""[0, 2, 1, 4, 6, 7, 3, 4, 1, 4, 7, 31, 39, 66, 37, 0]"""
j10,1,reactive,600,True,31,0.056592464447021484,0.12151288986206055,"[0, 0, 0, 0, 6, 16, 16, 16, 24, 24, 24, 0, 0, 0, 0, 31]","[0, 2, 1, 4, 6, 7, 3, 4, 1, 4, 7, 31, 39, 66, 37, 0]"
j10,1,proactive_robust,600,True,32,0.054639339447021484,0.00046825408935546875,"[0, 0, 0, 0, 6, 16, 16, 16, 24, 24, 24, 0, 0, 0, 0, 66]","""[0, 2, 1, 5, 6, 6, 6, 8, 2, 5, 7, 31, 39, 66, 37, 0]"""
j10,1,reactive,600,True,31,0.054639339447021484,0.09037899971008301,"[0, 0, 0, 0, 6, 16, 16, 16, 24, 24, 24, 0, 0, 0, 0, 31]","[0, 2, 1, 5, 6, 6, 6, 8, 2, 5, 7, 31, 39, 66, 37, 0]"
j10,1,proactive_robust,600,True,32,0.05481290817260742,0.00046443939208984375,"[0, 0, 0, 0, 6, 16, 16, 16, 24, 24, 24, 0, 0, 0, 0, 66]","""[0, 2, 2, 6, 9, 6, 5, 4, 1, 5, 8, 31, 39, 66, 37, 0]"""
j10,1,reactive,600,True,32,0.05481290817260742,0.08164024353027344,"[0, 0, 0, 0, 6, 16, 16, 16, 24, 24, 24, 0, 0, 0, 0, 32]","[0, 2, 2, 6, 9, 6, 5, 4, 1, 5, 8, 31, 39, 66, 37, 0]"
j10,1,proactive_robust,600,True,32,0.053846120834350586,0.00045299530029296875,"[0, 0, 0, 0, 6, 16, 16, 16, 24, 24, 24, 0, 0, 0, 0, 66]","""[0, 2, 3, 2, 10, 4, 4, 5, 1, 7, 4, 31, 39, 66, 37, 0]"""
j10,1,reactive,600,True,31,0.053846120834350586,0.10501670837402344,"[0, 0, 0, 0, 6, 16, 16, 16, 24, 24, 24, 0, 0, 0, 0, 31]","[0, 2, 3, 2, 10, 4, 4, 5, 1, 7, 4, 31, 39, 66, 37, 0]"
j10,1,proactive_robust,600,True,32,0.05711817741394043,0.0004601478576660156,"[0, 0, 0, 0, 6, 16, 16, 16, 24, 24, 24, 0, 0, 0, 0, 66]","""[0, 2, 4, 4, 7, 3, 8, 4, 2, 6, 4, 31, 39, 66, 37, 0]"""
j10,1,reactive,600,True,30,0.05711817741394043,0.0863494873046875,"[0, 0, 0, 0, 6, 16, 16, 16, 24, 24, 24, 0, 0, 0, 0, 30]","[0, 2, 4, 4, 7, 3, 8, 4, 2, 6, 4, 31, 39, 66, 37, 0]"
j10,1,proactive_robust,600,True,32,0.05730390548706055,0.0004687309265136719,"[0, 0, 0, 0, 6, 16, 16, 16, 24, 24, 24, 0, 0, 0, 0, 66]","""[0, 1, 4, 6, 7, 7, 6, 3, 1, 6, 7, 31, 39, 66, 37, 0]"""
j10,1,reactive,600,True,31,0.05730390548706055,0.09281182289123535,"[0, 0, 0, 0, 6, 16, 16, 16, 24, 24, 24, 0, 0, 0, 0, 31]","[0, 1, 4, 6, 7, 7, 6, 3, 1, 6, 7, 31, 39, 66, 37, 0]"
j20,1,proactive_robust,600,True,80,0.09482598304748535,0.0005898475646972656,"[0, 0, 0, 0, 12, 22, 10, 21, 25, 10, 28, 40, 46, 34, 46, 56, 63, 63, 56, 76, 63, 0, 0, 117]","""[0, 7, 5, 7, 7, 2, 1, 1, 9, 9, 9, 6, 3, 10, 8, 4, 9, 2, 3, 4, 4, 117, 51, 0]"""
j20,1,reactive,600,True,76,0.09482598304748535,0.3932607173919678,"[0, 0, 0, 0, 12, 22, 10, 21, 25, 10, 28, 40, 46, 34, 46, 56, 63, 63, 56, 72, 63, 0, 0, 76]","[0, 7, 5, 7, 7, 2, 1, 1, 9, 9, 9, 6, 3, 10, 8, 4, 9, 2, 3, 4, 4, 117, 51, 0]"
j20,1,proactive_robust,600,True,80,0.09337472915649414,0.0005896091461181641,"[0, 0, 0, 0, 12, 22, 10, 21, 25, 10, 28, 40, 46, 34, 46, 56, 63, 63, 56, 76, 63, 0, 0, 117]","""[0, 5, 2, 8, 9, 6, 2, 4, 5, 10, 7, 6, 2, 5, 9, 7, 10, 1, 4, 4, 5, 117, 51, 0]"""
j20,1,reactive,600,True,77,0.09337472915649414,0.3040883541107178,"[0, 0, 0, 0, 12, 22, 10, 21, 25, 10, 28, 40, 46, 34, 46, 56, 63, 63, 56, 73, 63, 0, 0, 77]","[0, 5, 2, 8, 9, 6, 2, 4, 5, 10, 7, 6, 2, 5, 9, 7, 10, 1, 4, 4, 5, 117, 51, 0]"
j20,1,proactive_robust,600,True,80,0.0959782600402832,0.0005903244018554688,"[0, 0, 0, 0, 12, 22, 10, 21, 25, 10, 28, 40, 46, 34, 46, 56, 63, 63, 56, 76, 63, 0, 0, 117]","""[0, 9, 4, 8, 7, 2, 2, 4, 6, 9, 9, 2, 6, 5, 5, 7, 9, 2, 6, 4, 4, 117, 51, 0]"""
j20,1,reactive,600,True,76,0.0959782600402832,0.36290502548217773,"[0, 0, 0, 0, 12, 22, 10, 21, 25, 10, 28, 40, 46, 34, 46, 56, 63, 63, 56, 72, 63, 0, 0, 76]","[0, 9, 4, 8, 7, 2, 2, 4, 6, 9, 9, 2, 6, 5, 5, 7, 9, 2, 6, 4, 4, 117, 51, 0]"
j20,1,proactive_robust,600,True,80,0.09543967247009277,0.0006086826324462891,"[0, 0, 0, 0, 12, 22, 10, 21, 25, 10, 28, 40, 46, 34, 46, 56, 63, 63, 56, 76, 63, 0, 0, 117]","""[0, 10, 3, 9, 7, 5, 1, 2, 9, 8, 9, 4, 5, 10, 10, 6, 10, 2, 2, 1, 5, 117, 51, 0]"""
j20,1,reactive,600,True,74,0.09543967247009277,0.37795162200927734,"[0, 0, 0, 0, 12, 22, 10, 21, 25, 10, 28, 40, 46, 34, 46, 56, 63, 63, 56, 73, 63, 0, 0, 74]","[0, 10, 3, 9, 7, 5, 1, 2, 9, 8, 9, 4, 5, 10, 10, 6, 10, 2, 2, 1, 5, 117, 51, 0]"
j20,1,proactive_robust,600,True,80,0.09277510643005371,0.0005788803100585938,"[0, 0, 0, 0, 12, 22, 10, 21, 25, 10, 28, 40, 46, 34, 46, 56, 63, 63, 56, 76, 63, 0, 0, 117]","""[0, 6, 2, 6, 5, 5, 2, 1, 9, 8, 8, 6, 4, 6, 10, 7, 7, 3, 2, 3, 3, 117, 51, 0]"""
j20,1,reactive,600,True,73,0.09277510643005371,0.3551499843597412,"[0, 0, 0, 0, 12, 22, 10, 21, 25, 10, 28, 40, 46, 34, 46, 56, 63, 63, 56, 70, 63, 0, 0, 73]","[0, 6, 2, 6, 5, 5, 2, 1, 9, 8, 8, 6, 4, 6, 10, 7, 7, 3, 2, 3, 3, 117, 51, 0]"
j20,1,proactive_robust,600,True,80,0.09287238121032715,0.0005993843078613281,"[0, 0, 0, 0, 12, 22, 10, 21, 25, 10, 28, 40, 46, 34, 46, 56, 63, 63, 56, 76, 63, 0, 0, 117]","""[0, 7, 6, 6, 8, 5, 1, 3, 9, 8, 8, 3, 6, 9, 8, 3, 12, 1, 2, 4, 5, 117, 51, 0]"""
j20,1,reactive,600,True,79,0.09287238121032715,0.39470791816711426,"[0, 0, 0, 0, 12, 22, 10, 21, 25, 10, 28, 40, 46, 34, 46, 56, 63, 63, 56, 75, 63, 0, 0, 79]","[0, 7, 6, 6, 8, 5, 1, 3, 9, 8, 8, 3, 6, 9, 8, 3, 12, 1, 2, 4, 5, 117, 51, 0]"
j20,1,proactive_robust,600,True,80,0.09557747840881348,0.0005762577056884766,"[0, 0, 0, 0, 12, 22, 10, 21, 25, 10, 28, 40, 46, 34, 46, 56, 63, 63, 56, 76, 63, 0, 0, 117]","""[0, 9, 4, 5, 8, 2, 2, 2, 8, 10, 8, 4, 4, 7, 5, 5, 8, 2, 2, 3, 2, 117, 51, 0]"""
j20,1,reactive,600,True,74,0.09557747840881348,0.4477219581604004,"[0, 0, 0, 0, 12, 22, 10, 21, 25, 10, 28, 40, 46, 34, 46, 56, 63, 63, 56, 71, 63, 0, 0, 74]","[0, 9, 4, 5, 8, 2, 2, 2, 8, 10, 8, 4, 4, 7, 5, 5, 8, 2, 2, 3, 2, 117, 51, 0]"
j20,1,proactive_robust,600,True,80,0.09691500663757324,0.0005803108215332031,"[0, 0, 0, 0, 12, 22, 10, 21, 25, 10, 28, 40, 46, 34, 46, 56, 63, 63, 56, 76, 63, 0, 0, 117]","""[0, 5, 4, 7, 8, 2, 2, 4, 7, 8, 6, 6, 2, 5, 10, 6, 12, 1, 3, 3, 2, 117, 51, 0]"""
j20,1,reactive,600,True,79,0.09691500663757324,0.3773081302642822,"[0, 0, 0, 0, 12, 22, 10, 21, 25, 10, 28, 40, 46, 34, 46, 56, 63, 63, 56, 76, 63, 0, 0, 79]","[0, 5, 4, 7, 8, 2, 2, 4, 7, 8, 6, 6, 2, 5, 10, 6, 12, 1, 3, 3, 2, 117, 51, 0]"
j20,1,proactive_robust,600,True,80,0.09610867500305176,0.0005846023559570312,"[0, 0, 0, 0, 12, 22, 10, 21, 25, 10, 28, 40, 46, 34, 46, 56, 63, 63, 56, 76, 63, 0, 0, 117]","""[0, 10, 3, 9, 8, 5, 2, 2, 7, 8, 7, 5, 2, 10, 8, 3, 6, 2, 2, 3, 3, 117, 51, 0]"""
j20,1,reactive,600,True,72,0.09610867500305176,0.3851146697998047,"[0, 0, 0, 0, 12, 22, 10, 21, 25, 10, 28, 40, 46, 34, 46, 56, 63, 63, 56, 69, 63, 0, 0, 72]","[0, 10, 3, 9, 8, 5, 2, 2, 7, 8, 7, 5, 2, 10, 8, 3, 6, 2, 2, 3, 3, 117, 51, 0]"
j20,1,proactive_robust,600,True,80,0.09513592720031738,0.0005915164947509766,"[0, 0, 0, 0, 12, 22, 10, 21, 25, 10, 28, 40, 46, 34, 46, 56, 63, 63, 56, 76, 63, 0, 0, 117]","""[0, 6, 3, 9, 4, 5, 1, 2, 5, 10, 11, 6, 5, 9, 9, 2, 9, 2, 3, 1, 6, 117, 51, 0]"""
j20,1,reactive,600,True,73,0.09513592720031738,0.4409620761871338,"[0, 0, 0, 0, 12, 22, 10, 21, 25, 10, 28, 40, 46, 34, 46, 56, 63, 63, 56, 72, 63, 0, 0, 73]","[0, 6, 3, 9, 4, 5, 1, 2, 5, 10, 11, 6, 5, 9, 9, 2, 9, 2, 3, 1, 6, 117, 51, 0]"
j20,1,proactive_robust,600,True,47,0.09410810470581055,0.0013544559478759766,"[0, 0, 0, 0, 7, 4, 7, 4, 10, 14, 14, 10, 22, 24, 10, 22, 28, 28, 40, 40, 19, 0, 0, 0, 0, 0, 0, 0, 158]","""[0, 1, 2, 5, 7, 7, 1, 2, 5, 3, 10, 6, 4, 4, 10, 2, 10, 4, 3, 4, 1, 5, 33, 158, 128, 84, 96, 156, 0]"""
j20,1,reactive,600,True,44,0.09410810470581055,0.3809988498687744,"[0, 0, 0, 0, 7, 4, 7, 4, 10, 14, 14, 10, 22, 24, 10, 22, 28, 28, 40, 40, 19, 0, 0, 0, 0, 0, 0, 0, 44]","[0, 1, 2, 5, 7, 7, 1, 2, 5, 3, 10, 6, 4, 4, 10, 2, 10, 4, 3, 4, 1, 5, 33, 158, 128, 84, 96, 156, 0]"
j20,1,proactive_robust,600,True,47,0.15278077125549316,0.0013813972473144531,"[0, 0, 0, 0, 7, 4, 7, 4, 10, 14, 14, 10, 22, 24, 10, 22, 28, 28, 40, 40, 19, 0, 0, 0, 0, 0, 0, 0, 158]","""[0, 4, 5, 8, 4, 5, 3, 4, 5, 8, 8, 9, 6, 2, 7, 3, 11, 7, 1, 2, 4, 5, 33, 158, 128, 84, 96, 156, 0]"""
j20,1,reactive,600,True,42,0.15278077125549316,0.27821993827819824,"[0, 0, 0, 0, 7, 4, 7, 4, 10, 14, 14, 10, 22, 24, 10, 22, 28, 28, 40, 40, 19, 0, 0, 0, 0, 0, 0, 0, 42]","[0, 4, 5, 8, 4, 5, 3, 4, 5, 8, 8, 9, 6, 2, 7, 3, 11, 7, 1, 2, 4, 5, 33, 158, 128, 84, 96, 156, 0]"
j20,1,proactive_robust,600,True,47,0.08896827697753906,0.0013387203216552734,"[0, 0, 0, 0, 7, 4, 7, 4, 10, 14, 14, 10, 22, 24, 10, 22, 28, 28, 40, 40, 19, 0, 0, 0, 0, 0, 0, 0, 158]","""[0, 4, 2, 5, 4, 9, 1, 4, 3, 6, 10, 8, 5, 1, 10, 2, 9, 7, 3, 2, 1, 5, 33, 158, 128, 84, 96, 156, 0]"""
j20,1,reactive,600,True,40,0.08896827697753906,0.365309476852417,"[0, 0, 0, 0, 7, 4, 7, 4, 10, 14, 14, 10, 22, 24, 10, 22, 28, 28, 37, 37, 19, 0, 0, 0, 0, 0, 0, 0, 40]","[0, 4, 2, 5, 4, 9, 1, 4, 3, 6, 10, 8, 5, 1, 10, 2, 9, 7, 3, 2, 1, 5, 33, 158, 128, 84, 96, 156, 0]"
j20,1,proactive_robust,600,True,47,0.09158635139465332,0.0013332366943359375,"[0, 0, 0, 0, 7, 4, 7, 4, 10, 14, 14, 10, 22, 24, 10, 22, 28, 28, 40, 40, 19, 0, 0, 0, 0, 0, 0, 0, 158]","""[0, 1, 2, 4, 2, 8, 1, 6, 3, 3, 8, 5, 5, 4, 6, 6, 7, 4, 1, 3, 3, 5, 33, 158, 128, 84, 96, 156, 0]"""
j20,1,reactive,600,True,38,0.09158635139465332,0.4344346523284912,"[0, 0, 0, 0, 7, 4, 7, 4, 10, 14, 14, 10, 22, 24, 10, 22, 28, 28, 35, 35, 19, 0, 0, 0, 0, 0, 0, 0, 38]","[0, 1, 2, 4, 2, 8, 1, 6, 3, 3, 8, 5, 5, 4, 6, 6, 7, 4, 1, 3, 3, 5, 33, 158, 128, 84, 96, 156, 0]"
j20,1,proactive_robust,600,True,47,0.09138655662536621,0.0013623237609863281,"[0, 0, 0, 0, 7, 4, 7, 4, 10, 14, 14, 10, 22, 24, 10, 22, 28, 28, 40, 40, 19, 0, 0, 0, 0, 0, 0, 0, 158]","""[0, 2, 7, 6, 7, 8, 1, 2, 2, 8, 8, 7, 6, 2, 8, 5, 7, 6, 2, 7, 3, 5, 33, 158, 128, 84, 96, 156, 0]"""
j20,1,reactive,600,True,42,0.09138655662536621,0.36060047149658203,"[0, 0, 0, 0, 7, 4, 7, 4, 10, 14, 14, 10, 22, 24, 10, 22, 28, 28, 35, 35, 19, 0, 0, 0, 0, 0, 0, 0, 42]","[0, 2, 7, 6, 7, 8, 1, 2, 2, 8, 8, 7, 6, 2, 8, 5, 7, 6, 2, 7, 3, 5, 33, 158, 128, 84, 96, 156, 0]"
j20,1,proactive_robust,600,True,47,0.09182024002075195,0.0013434886932373047,"[0, 0, 0, 0, 7, 4, 7, 4, 10, 14, 14, 10, 22, 24, 10, 22, 28, 28, 40, 40, 19, 0, 0, 0, 0, 0, 0, 0, 158]","""[0, 4, 2, 7, 3, 6, 1, 4, 5, 7, 7, 7, 8, 1, 9, 4, 7, 8, 1, 5, 2, 5, 33, 158, 128, 84, 96, 156, 0]"""
j20,1,reactive,600,True,45,0.09182024002075195,0.40785789489746094,"[0, 0, 0, 0, 7, 4, 7, 4, 10, 14, 14, 10, 22, 24, 10, 22, 28, 28, 40, 40, 19, 0, 0, 0, 0, 0, 0, 0, 45]","[0, 4, 2, 7, 3, 6, 1, 4, 5, 7, 7, 7, 8, 1, 9, 4, 7, 8, 1, 5, 2, 5, 33, 158, 128, 84, 96, 156, 0]"
j20,1,proactive_robust,600,True,47,0.09317183494567871,0.0013661384582519531,"[0, 0, 0, 0, 7, 4, 7, 4, 10, 14, 14, 10, 22, 24, 10, 22, 28, 28, 40, 40, 19, 0, 0, 0, 0, 0, 0, 0, 158]","""[0, 3, 7, 8, 3, 9, 3, 4, 6, 6, 5, 5, 5, 3, 12, 4, 12, 5, 2, 4, 3, 5, 33, 158, 128, 84, 96, 156, 0]"""
j20,1,reactive,600,True,44,0.09317183494567871,0.27417850494384766,"[0, 0, 0, 0, 7, 4, 7, 4, 10, 14, 14, 10, 22, 24, 10, 22, 28, 28, 40, 40, 19, 0, 0, 0, 0, 0, 0, 0, 44]","[0, 3, 7, 8, 3, 9, 3, 4, 6, 6, 5, 5, 5, 3, 12, 4, 12, 5, 2, 4, 3, 5, 33, 158, 128, 84, 96, 156, 0]"
j20,1,proactive_robust,600,True,47,0.09193634986877441,0.0013315677642822266,"[0, 0, 0, 0, 7, 4, 7, 4, 10, 14, 14, 10, 22, 24, 10, 22, 28, 28, 40, 40, 19, 0, 0, 0, 0, 0, 0, 0, 158]","""[0, 4, 6, 5, 2, 6, 1, 4, 5, 7, 7, 9, 5, 2, 7, 2, 12, 3, 2, 2, 1, 5, 33, 158, 128, 84, 96, 156, 0]"""
j20,1,reactive,600,True,42,0.09193634986877441,0.41150951385498047,"[0, 0, 0, 0, 7, 4, 7, 4, 10, 14, 14, 10, 22, 24, 10, 22, 28, 28, 40, 40, 19, 0, 0, 0, 0, 0, 0, 0, 42]","[0, 4, 6, 5, 2, 6, 1, 4, 5, 7, 7, 9, 5, 2, 7, 2, 12, 3, 2, 2, 1, 5, 33, 158, 128, 84, 96, 156, 0]"
j20,1,proactive_robust,600,True,24,0.09247946739196777,0.0012798309326171875,"[0, 0, 0, 0, 2, 4, 2, 4, 8, 10, 12, 8, 15, 16, 5, 14, 18, 8, 22, 22, 15, 0, 0, 0, 0, 0, 0, 0, 158]","""[0, 4, 1, 2, 3, 8, 2, 4, 1, 1, 1, 7, 2, 1, 1, 7, 2, 3, 1, 2, 1, 5, 33, 158, 128, 84, 96, 156, 0]"""
j20,1,reactive,600,True,22,0.09247946739196777,0.29981088638305664,"[0, 0, 0, 0, 2, 4, 2, 4, 8, 10, 12, 8, 15, 16, 5, 14, 18, 8, 21, 20, 15, 0, 0, 0, 0, 0, 0, 0, 22]","[0, 4, 1, 2, 3, 8, 2, 4, 1, 1, 1, 7, 2, 1, 1, 7, 2, 3, 1, 2, 1, 5, 33, 158, 128, 84, 96, 156, 0]"
j20,1,proactive_robust,600,True,47,0.09127187728881836,0.0013642311096191406,"[0, 0, 0, 0, 7, 4, 7, 4, 10, 14, 14, 10, 22, 24, 10, 22, 28, 28, 40, 40, 19, 0, 0, 0, 0, 0, 0, 0, 158]","""[0, 1, 4, 8, 3, 8, 1, 6, 3, 3, 7, 6, 5, 3, 10, 5, 10, 7, 2, 4, 3, 5, 33, 158, 128, 84, 96, 156, 0]"""
j20,1,reactive,600,True,44,0.09127187728881836,0.3975405693054199,"[0, 0, 0, 0, 7, 4, 7, 4, 10, 14, 14, 10, 22, 24, 10, 22, 28, 28, 40, 40, 19, 0, 0, 0, 0, 0, 0, 0, 44]","[0, 1, 4, 8, 3, 8, 1, 6, 3, 3, 7, 6, 5, 3, 10, 5, 10, 7, 2, 4, 3, 5, 33, 158, 128, 84, 96, 156, 0]"
j20,1,proactive_robust,600,True,45,0.0961313247680664,0.0018184185028076172,"[0, 0, 0, 0, 6, 10, 6, 10, 19, 6, 9, 16, 16, 28, 22, 26, 22, 10, 34, 37, 26, 0, 0, 0, 0, 0, 0, 0, 0, 0, 0, 0, 0, 150]","""[0, 2, 3, 10, 3, 5, 1, 4, 8, 9, 3, 2, 6, 7, 2, 3, 5, 10, 8, 5, 7, 15, 143, 33, 150, 111, 67, 64, 98, 85, 44, 48, 106, 0]"""
j20,1,reactive,600,True,42,0.0961313247680664,0.34972572326660156,"[0, 0, 0, 0, 6, 10, 6, 10, 19, 6, 9, 16, 16, 28, 22, 26, 22, 10, 34, 37, 26, 0, 0, 0, 0, 0, 0, 0, 0, 0, 0, 0, 0, 42]","[0, 2, 3, 10, 3, 5, 1, 4, 8, 9, 3, 2, 6, 7, 2, 3, 5, 10, 8, 5, 7, 15, 143, 33, 150, 111, 67, 64, 98, 85, 44, 48, 106, 0]"
j20,1,proactive_robust,600,True,45,0.09206891059875488,0.0018343925476074219,"[0, 0, 0, 0, 6, 10, 6, 10, 19, 6, 9, 16, 16, 28, 22, 26, 22, 10, 34, 37, 26, 0, 0, 0, 0, 0, 0, 0, 0, 0, 0, 0, 0, 150]","""[0, 3, 4, 8, 2, 3, 2, 5, 9, 7, 4, 5, 6, 4, 3, 6, 7, 5, 5, 8, 4, 15, 143, 33, 150, 111, 67, 64, 98, 85, 44, 48, 106, 0]"""
j20,1,reactive,600,True,40,0.09206891059875488,0.3591885566711426,"[0, 0, 0, 0, 6, 10, 6, 10, 19, 6, 9, 16, 16, 28, 22, 26, 22, 10, 34, 32, 26, 0, 0, 0, 0, 0, 0, 0, 0, 0, 0, 0, 0, 40]","[0, 3, 4, 8, 2, 3, 2, 5, 9, 7, 4, 5, 6, 4, 3, 6, 7, 5, 5, 8, 4, 15, 143, 33, 150, 111, 67, 64, 98, 85, 44, 48, 106, 0]"
j20,1,proactive_robust,600,True,45,0.14818644523620605,0.0018296241760253906,"[0, 0, 0, 0, 6, 10, 6, 10, 19, 6, 9, 16, 16, 28, 22, 26, 22, 10, 34, 37, 26, 0, 0, 0, 0, 0, 0, 0, 0, 0, 0, 0, 0, 150]","""[0, 4, 6, 7, 2, 3, 3, 7, 4, 9, 6, 3, 6, 8, 4, 5, 3, 7, 6, 8, 7, 15, 143, 33, 150, 111, 67, 64, 98, 85, 44, 48, 106, 0]"""
j20,1,reactive,600,True,44,0.14818644523620605,0.2778804302215576,"[0, 0, 0, 0, 6, 10, 6, 10, 19, 6, 9, 16, 16, 28, 22, 26, 22, 10, 34, 36, 26, 0, 0, 0, 0, 0, 0, 0, 0, 0, 0, 0, 0, 44]","[0, 4, 6, 7, 2, 3, 3, 7, 4, 9, 6, 3, 6, 8, 4, 5, 3, 7, 6, 8, 7, 15, 143, 33, 150, 111, 67, 64, 98, 85, 44, 48, 106, 0]"
j20,1,proactive_robust,600,True,45,0.09735894203186035,0.001840353012084961,"[0, 0, 0, 0, 6, 10, 6, 10, 19, 6, 9, 16, 16, 28, 22, 26, 22, 10, 34, 37, 26, 0, 0, 0, 0, 0, 0, 0, 0, 0, 0, 0, 0, 150]","""[0, 5, 5, 6, 3, 5, 3, 7, 4, 5, 5, 2, 4, 5, 3, 8, 8, 7, 3, 5, 5, 15, 143, 33, 150, 111, 67, 64, 98, 85, 44, 48, 106, 0]"""
j20,1,reactive,600,True,42,0.09735894203186035,0.33158254623413086,"[0, 0, 0, 0, 6, 10, 6, 10, 19, 6, 9, 16, 16, 28, 22, 26, 22, 10, 34, 37, 26, 0, 0, 0, 0, 0, 0, 0, 0, 0, 0, 0, 0, 42]","[0, 5, 5, 6, 3, 5, 3, 7, 4, 5, 5, 2, 4, 5, 3, 8, 8, 7, 3, 5, 5, 15, 143, 33, 150, 111, 67, 64, 98, 85, 44, 48, 106, 0]"
j20,1,proactive_robust,600,True,45,0.09393811225891113,0.0018279552459716797,"[0, 0, 0, 0, 6, 10, 6, 10, 19, 6, 9, 16, 16, 28, 22, 26, 22, 10, 34, 37, 26, 0, 0, 0, 0, 0, 0, 0, 0, 0, 0, 0, 0, 150]","""[0, 3, 5, 8, 2, 2, 1, 6, 5, 10, 5, 5, 5, 8, 2, 8, 6, 5, 7, 5, 7, 15, 143, 33, 150, 111, 67, 64, 98, 85, 44, 48, 106, 0]"""
j20,1,reactive,600,True,42,0.09393811225891113,0.3505983352661133,"[0, 0, 0, 0, 6, 10, 6, 10, 19, 6, 9, 16, 16, 28, 22, 26, 22, 10, 34, 37, 26, 0, 0, 0, 0, 0, 0, 0, 0, 0, 0, 0, 0, 42]","[0, 3, 5, 8, 2, 2, 1, 6, 5, 10, 5, 5, 5, 8, 2, 8, 6, 5, 7, 5, 7, 15, 143, 33, 150, 111, 67, 64, 98, 85, 44, 48, 106, 0]"
j20,1,proactive_robust,600,True,45,0.09720802307128906,0.0018935203552246094,"[0, 0, 0, 0, 6, 10, 6, 10, 19, 6, 9, 16, 16, 28, 22, 26, 22, 10, 34, 37, 26, 0, 0, 0, 0, 0, 0, 0, 0, 0, 0, 0, 0, 150]","""[0, 5, 5, 5, 1, 6, 1, 7, 9, 7, 4, 3, 4, 4, 4, 6, 5, 9, 8, 4, 6, 15, 143, 33, 150, 111, 67, 64, 98, 85, 44, 48, 106, 0]"""
j20,1,reactive,600,True,42,0.09720802307128906,0.3350791931152344,"[0, 0, 0, 0, 6, 10, 6, 10, 19, 6, 9, 16, 16, 28, 22, 26, 22, 10, 34, 32, 26, 0, 0, 0, 0, 0, 0, 0, 0, 0, 0, 0, 0, 42]","[0, 5, 5, 5, 1, 6, 1, 7, 9, 7, 4, 3, 4, 4, 4, 6, 5, 9, 8, 4, 6, 15, 143, 33, 150, 111, 67, 64, 98, 85, 44, 48, 106, 0]"
j20,1,proactive_robust,600,True,45,0.09627795219421387,0.0018184185028076172,"[0, 0, 0, 0, 6, 10, 6, 10, 19, 6, 9, 16, 16, 28, 22, 26, 22, 10, 34, 37, 26, 0, 0, 0, 0, 0, 0, 0, 0, 0, 0, 0, 0, 150]","""[0, 3, 2, 5, 2, 6, 1, 6, 4, 5, 7, 2, 2, 7, 4, 4, 5, 9, 8, 7, 3, 15, 143, 33, 150, 111, 67, 64, 98, 85, 44, 48, 106, 0]"""
j20,1,reactive,600,True,44,0.09627795219421387,0.3156106472015381,"[0, 0, 0, 0, 6, 10, 6, 10, 19, 6, 9, 16, 16, 28, 22, 26, 22, 10, 34, 37, 26, 0, 0, 0, 0, 0, 0, 0, 0, 0, 0, 0, 0, 44]","[0, 3, 2, 5, 2, 6, 1, 6, 4, 5, 7, 2, 2, 7, 4, 4, 5, 9, 8, 7, 3, 15, 143, 33, 150, 111, 67, 64, 98, 85, 44, 48, 106, 0]"
j20,1,proactive_robust,600,True,45,0.09697175025939941,0.0018389225006103516,"[0, 0, 0, 0, 6, 10, 6, 10, 19, 6, 9, 16, 16, 28, 22, 26, 22, 10, 34, 37, 26, 0, 0, 0, 0, 0, 0, 0, 0, 0, 0, 0, 0, 150]","""[0, 3, 6, 10, 1, 2, 3, 8, 4, 5, 2, 6, 2, 5, 4, 8, 5, 8, 8, 5, 7, 15, 143, 33, 150, 111, 67, 64, 98, 85, 44, 48, 106, 0]"""
j20,1,reactive,600,True,42,0.09697175025939941,0.25891757011413574,"[0, 0, 0, 0, 6, 10, 6, 10, 19, 6, 9, 16, 16, 28, 22, 26, 22, 10, 34, 37, 26, 0, 0, 0, 0, 0, 0, 0, 0, 0, 0, 0, 0, 42]","[0, 3, 6, 10, 1, 2, 3, 8, 4, 5, 2, 6, 2, 5, 4, 8, 5, 8, 8, 5, 7, 15, 143, 33, 150, 111, 67, 64, 98, 85, 44, 48, 106, 0]"
j20,1,proactive_robust,600,True,45,0.09434890747070312,0.0018541812896728516,"[0, 0, 0, 0, 6, 10, 6, 10, 19, 6, 9, 16, 16, 28, 22, 26, 22, 10, 34, 37, 26, 0, 0, 0, 0, 0, 0, 0, 0, 0, 0, 0, 0, 150]","""[0, 3, 4, 9, 1, 6, 2, 6, 9, 9, 2, 5, 5, 7, 2, 6, 5, 8, 3, 7, 3, 15, 143, 33, 150, 111, 67, 64, 98, 85, 44, 48, 106, 0]"""
j20,1,reactive,600,True,44,0.09434890747070312,0.3741269111633301,"[0, 0, 0, 0, 6, 10, 6, 10, 19, 6, 9, 16, 16, 28, 22, 26, 22, 10, 34, 37, 26, 0, 0, 0, 0, 0, 0, 0, 0, 0, 0, 0, 0, 44]","[0, 3, 4, 9, 1, 6, 2, 6, 9, 9, 2, 5, 5, 7, 2, 6, 5, 8, 3, 7, 3, 15, 143, 33, 150, 111, 67, 64, 98, 85, 44, 48, 106, 0]"
j20,1,proactive_robust,600,True,45,0.0939185619354248,0.001840829849243164,"[0, 0, 0, 0, 6, 10, 6, 10, 19, 6, 9, 16, 16, 28, 22, 26, 22, 10, 34, 37, 26, 0, 0, 0, 0, 0, 0, 0, 0, 0, 0, 0, 0, 150]","""[0, 6, 3, 8, 2, 5, 3, 9, 7, 5, 5, 4, 4, 8, 2, 7, 4, 10, 3, 4, 3, 15, 143, 33, 150, 111, 67, 64, 98, 85, 44, 48, 106, 0]"""
j20,1,reactive,600,True,41,0.0939185619354248,0.2806832790374756,"[0, 0, 0, 0, 6, 10, 6, 10, 19, 6, 9, 16, 16, 28, 22, 26, 22, 10, 34, 37, 26, 0, 0, 0, 0, 0, 0, 0, 0, 0, 0, 0, 0, 41]","[0, 6, 3, 8, 2, 5, 3, 9, 7, 5, 5, 4, 4, 8, 2, 7, 4, 10, 3, 4, 3, 15, 143, 33, 150, 111, 67, 64, 98, 85, 44, 48, 106, 0]"
j20,1,proactive_robust,600,True,57,0.1024785041809082,0.002458810806274414,"[0, 0, 0, 0, 9, 18, 9, 9, 27, 16, 28, 34, 28, 3, 18, 44, 31, 37, 37, 49, 53, 0, 0, 0, 0, 0, 0, 0, 0, 0, 0, 0, 0, 0, 0, 0, 0, 0, 146]","""[0, 9, 1, 8, 5, 9, 6, 7, 6, 10, 6, 8, 3, 2, 7, 5, 5, 11, 1, 4, 3, 127, 133, 43, 62, 146, 36, 42, 84, 108, 119, 37, 62, 102, 44, 64, 48, 119, 0]"""
j20,1,reactive,600,True,53,0.1024785041809082,0.37531590461730957,"[0, 0, 0, 0, 9, 18, 9, 9, 27, 16, 28, 34, 28, 3, 18, 44, 31, 37, 37, 49, 49, 0, 0, 0, 0, 0, 0, 0, 0, 0, 0, 0, 0, 0, 0, 0, 0, 0, 53]","[0, 9, 1, 8, 5, 9, 6, 7, 6, 10, 6, 8, 3, 2, 7, 5, 5, 11, 1, 4, 3, 127, 133, 43, 62, 146, 36, 42, 84, 108, 119, 37, 62, 102, 44, 64, 48, 119, 0]"
j20,1,proactive_robust,600,True,57,0.1002802848815918,0.0024759769439697266,"[0, 0, 0, 0, 9, 18, 9, 9, 27, 16, 28, 34, 28, 3, 18, 44, 31, 37, 37, 49, 53, 0, 0, 0, 0, 0, 0, 0, 0, 0, 0, 0, 0, 0, 0, 0, 0, 0, 146]","""[0, 6, 1, 4, 9, 5, 7, 8, 6, 8, 3, 8, 2, 3, 4, 8, 3, 9, 1, 2, 2, 127, 133, 43, 62, 146, 36, 42, 84, 108, 119, 37, 62, 102, 44, 64, 48, 119, 0]"""
j20,1,reactive,600,True,55,0.1002802848815918,0.39996981620788574,"[0, 0, 0, 0, 9, 18, 9, 9, 27, 16, 28, 34, 28, 3, 18, 44, 31, 37, 37, 49, 53, 0, 0, 0, 0, 0, 0, 0, 0, 0, 0, 0, 0, 0, 0, 0, 0, 0, 55]","[0, 6, 1, 4, 9, 5, 7, 8, 6, 8, 3, 8, 2, 3, 4, 8, 3, 9, 1, 2, 2, 127, 133, 43, 62, 146, 36, 42, 84, 108, 119, 37, 62, 102, 44, 64, 48, 119, 0]"
j20,1,proactive_robust,600,True,33,0.09746670722961426,0.0024390220642089844,"[0, 0, 0, 0, 2, 9, 2, 2, 15, 4, 15, 17, 12, 3, 9, 24, 15, 19, 19, 31, 26, 0, 0, 0, 0, 0, 0, 0, 0, 0, 0, 0, 0, 0, 0, 0, 0, 0, 146]","""[0, 6, 3, 2, 7, 4, 2, 5, 4, 5, 1, 4, 2, 2, 3, 2, 1, 10, 1, 2, 1, 127, 133, 43, 62, 146, 36, 42, 84, 108, 119, 37, 62, 102, 44, 64, 48, 119, 0]"""
j20,1,reactive,600,True,31,0.09746670722961426,0.2772536277770996,"[0, 0, 0, 0, 2, 9, 2, 2, 15, 4, 15, 17, 12, 3, 9, 24, 15, 19, 19, 29, 26, 0, 0, 0, 0, 0, 0, 0, 0, 0, 0, 0, 0, 0, 0, 0, 0, 0, 31]","[0, 6, 3, 2, 7, 4, 2, 5, 4, 5, 1, 4, 2, 2, 3, 2, 1, 10, 1, 2, 1, 127, 133, 43, 62, 146, 36, 42, 84, 108, 119, 37, 62, 102, 44, 64, 48, 119, 0]"
j20,1,proactive_robust,600,True,57,0.10004782676696777,0.002470254898071289,"[0, 0, 0, 0, 9, 18, 9, 9, 27, 16, 28, 34, 28, 3, 18, 44, 31, 37, 37, 49, 53, 0, 0, 0, 0, 0, 0, 0, 0, 0, 0, 0, 0, 0, 0, 0, 0, 0, 146]","""[0, 7, 1, 8, 5, 9, 4, 7, 2, 10, 5, 8, 2, 3, 8, 4, 4, 7, 1, 6, 3, 127, 133, 43, 62, 146, 36, 42, 84, 108, 119, 37, 62, 102, 44, 64, 48, 119, 0]"""
j20,1,reactive,600,True,55,0.10004782676696777,0.39316558837890625,"[0, 0, 0, 0, 9, 18, 9, 9, 27, 16, 28, 34, 28, 3, 18, 44, 31, 37, 37, 49, 48, 0, 0, 0, 0, 0, 0, 0, 0, 0, 0, 0, 0, 0, 0, 0, 0, 0, 55]","[0, 7, 1, 8, 5, 9, 4, 7, 2, 10, 5, 8, 2, 3, 8, 4, 4, 7, 1, 6, 3, 127, 133, 43, 62, 146, 36, 42, 84, 108, 119, 37, 62, 102, 44, 64, 48, 119, 0]"
j20,1,proactive_robust,600,True,33,0.09805631637573242,0.002412557601928711,"[0, 0, 0, 0, 2, 9, 2, 2, 15, 4, 15, 17, 12, 3, 9, 24, 15, 19, 19, 31, 26, 0, 0, 0, 0, 0, 0, 0, 0, 0, 0, 0, 0, 0, 0, 0, 0, 0, 146]","""[0, 4, 1, 1, 7, 5, 1, 4, 3, 8, 2, 2, 2, 1, 3, 2, 1, 9, 1, 1, 2, 127, 133, 43, 62, 146, 36, 42, 84, 108, 119, 37, 62, 102, 44, 64, 48, 119, 0]"""
j20,1,reactive,600,True,29,0.09805631637573242,0.3742351531982422,"[0, 0, 0, 0, 2, 9, 2, 2, 15, 4, 15, 17, 12, 3, 9, 24, 15, 19, 19, 28, 26, 0, 0, 0, 0, 0, 0, 0, 0, 0, 0, 0, 0, 0, 0, 0, 0, 0, 29]","[0, 4, 1, 1, 7, 5, 1, 4, 3, 8, 2, 2, 2, 1, 3, 2, 1, 9, 1, 1, 2, 127, 133, 43, 62, 146, 36, 42, 84, 108, 119, 37, 62, 102, 44, 64, 48, 119, 0]"
j20,1,proactive_robust,600,True,57,0.1012105941772461,0.0024564266204833984,"[0, 0, 0, 0, 9, 18, 9, 9, 27, 16, 28, 34, 28, 3, 18, 44, 31, 37, 37, 49, 53, 0, 0, 0, 0, 0, 0, 0, 0, 0, 0, 0, 0, 0, 0, 0, 0, 0, 146]","""[0, 8, 3, 7, 9, 5, 7, 7, 4, 7, 6, 7, 2, 3, 6, 9, 4, 9, 2, 5, 2, 127, 133, 43, 62, 146, 36, 42, 84, 108, 119, 37, 62, 102, 44, 64, 48, 119, 0]"""
j20,1,reactive,600,True,55,0.1012105941772461,0.330338716506958,"[0, 0, 0, 0, 9, 18, 9, 9, 27, 16, 28, 34, 28, 3, 18, 44, 31, 37, 37, 49, 53, 0, 0, 0, 0, 0, 0, 0, 0, 0, 0, 0, 0, 0, 0, 0, 0, 0, 55]","[0, 8, 3, 7, 9, 5, 7, 7, 4, 7, 6, 7, 2, 3, 6, 9, 4, 9, 2, 5, 2, 127, 133, 43, 62, 146, 36, 42, 84, 108, 119, 37, 62, 102, 44, 64, 48, 119, 0]"
j20,1,proactive_robust,600,True,57,0.10199594497680664,0.0024781227111816406,"[0, 0, 0, 0, 9, 18, 9, 9, 27, 16, 28, 34, 28, 3, 18, 44, 31, 37, 37, 49, 53, 0, 0, 0, 0, 0, 0, 0, 0, 0, 0, 0, 0, 0, 0, 0, 0, 0, 146]","""[0, 9, 1, 7, 9, 5, 4, 9, 6, 9, 2, 7, 2, 3, 6, 8, 2, 10, 2, 3, 2, 127, 133, 43, 62, 146, 36, 42, 84, 108, 119, 37, 62, 102, 44, 64, 48, 119, 0]"""
j20,1,reactive,600,True,55,0.10199594497680664,0.3990905284881592,"[0, 0, 0, 0, 9, 18, 9, 9, 27, 16, 28, 34, 28, 3, 18, 44, 31, 37, 37, 49, 53, 0, 0, 0, 0, 0, 0, 0, 0, 0, 0, 0, 0, 0, 0, 0, 0, 0, 55]","[0, 9, 1, 7, 9, 5, 4, 9, 6, 9, 2, 7, 2, 3, 6, 8, 2, 10, 2, 3, 2, 127, 133, 43, 62, 146, 36, 42, 84, 108, 119, 37, 62, 102, 44, 64, 48, 119, 0]"
j20,1,proactive_robust,600,True,57,0.09873032569885254,0.0024576187133789062,"[0, 0, 0, 0, 9, 18, 9, 9, 27, 16, 28, 34, 28, 3, 18, 44, 31, 37, 37, 49, 53, 0, 0, 0, 0, 0, 0, 0, 0, 0, 0, 0, 0, 0, 0, 0, 0, 0, 146]","""[0, 7, 1, 4, 5, 8, 4, 6, 3, 8, 6, 5, 3, 2, 8, 9, 3, 7, 2, 2, 2, 127, 133, 43, 62, 146, 36, 42, 84, 108, 119, 37, 62, 102, 44, 64, 48, 119, 0]"""
j20,1,reactive,600,True,55,0.09873032569885254,0.38141584396362305,"[0, 0, 0, 0, 9, 18, 9, 9, 27, 16, 28, 34, 28, 3, 18, 44, 31, 37, 37, 49, 53, 0, 0, 0, 0, 0, 0, 0, 0, 0, 0, 0, 0, 0, 0, 0, 0, 0, 55]","[0, 7, 1, 4, 5, 8, 4, 6, 3, 8, 6, 5, 3, 2, 8, 9, 3, 7, 2, 2, 2, 127, 133, 43, 62, 146, 36, 42, 84, 108, 119, 37, 62, 102, 44, 64, 48, 119, 0]"
j20,1,proactive_robust,600,True,57,0.10030579566955566,0.0024423599243164062,"[0, 0, 0, 0, 9, 18, 9, 9, 27, 16, 28, 34, 28, 3, 18, 44, 31, 37, 37, 49, 53, 0, 0, 0, 0, 0, 0, 0, 0, 0, 0, 0, 0, 0, 0, 0, 0, 0, 146]","""[0, 6, 1, 4, 7, 5, 3, 9, 3, 8, 2, 8, 2, 3, 8, 6, 5, 9, 2, 5, 2, 127, 133, 43, 62, 146, 36, 42, 84, 108, 119, 37, 62, 102, 44, 64, 48, 119, 0]"""
j20,1,reactive,600,True,55,0.10030579566955566,0.4373173713684082,"[0, 0, 0, 0, 9, 18, 9, 9, 27, 16, 28, 34, 28, 3, 18, 44, 31, 37, 37, 49, 53, 0, 0, 0, 0, 0, 0, 0, 0, 0, 0, 0, 0, 0, 0, 0, 0, 0, 55]","[0, 6, 1, 4, 7, 5, 3, 9, 3, 8, 2, 8, 2, 3, 8, 6, 5, 9, 2, 5, 2, 127, 133, 43, 62, 146, 36, 42, 84, 108, 119, 37, 62, 102, 44, 64, 48, 119, 0]"
j20,1,proactive_robust,600,True,57,0.09933710098266602,0.00244903564453125,"[0, 0, 0, 0, 9, 18, 9, 9, 27, 16, 28, 34, 28, 3, 18, 44, 31, 37, 37, 49, 53, 0, 0, 0, 0, 0, 0, 0, 0, 0, 0, 0, 0, 0, 0, 0, 0, 0, 146]","""[0, 7, 1, 9, 6, 7, 4, 10, 2, 10, 4, 5, 1, 2, 4, 5, 5, 12, 2, 6, 3, 127, 133, 43, 62, 146, 36, 42, 84, 108, 119, 37, 62, 102, 44, 64, 48, 119, 0]"""
j20,1,reactive,600,True,56,0.09933710098266602,0.37505435943603516,"[0, 0, 0, 0, 9, 18, 9, 9, 27, 16, 28, 34, 28, 3, 18, 44, 31, 37, 37, 49, 53, 0, 0, 0, 0, 0, 0, 0, 0, 0, 0, 0, 0, 0, 0, 0, 0, 0, 56]","[0, 7, 1, 9, 6, 7, 4, 10, 2, 10, 4, 5, 1, 2, 4, 5, 5, 12, 2, 6, 3, 127, 133, 43, 62, 146, 36, 42, 84, 108, 119, 37, 62, 102, 44, 64, 48, 119, 0]"
j20,1,proactive_robust,600,True,42,0.09737038612365723,0.001645803451538086,"[0, 0, 0, 0, 6, 9, 9, 9, 18, 11, 20, 14, 17, 21, 24, 17, 26, 26, 26, 33, 26, 0, 0, 0, 0, 0, 0, 0, 0, 0, 0, 0, 0, 138]","""[0, 5, 2, 2, 3, 4, 1, 5, 1, 2, 2, 6, 1, 1, 2, 9, 2, 3, 4, 5, 5, 71, 94, 19, 51, 40, 61, 82, 26, 90, 138, 85, 81, 0]"""
j20,1,reactive,600,True,38,0.09737038612365723,0.411060094833374,"[0, 0, 0, 0, 6, 9, 9, 9, 18, 11, 20, 14, 17, 21, 24, 17, 26, 26, 26, 33, 26, 0, 0, 0, 0, 0, 0, 0, 0, 0, 0, 0, 0, 38]","[0, 5, 2, 2, 3, 4, 1, 5, 1, 2, 2, 6, 1, 1, 2, 9, 2, 3, 4, 5, 5, 71, 94, 19, 51, 40, 61, 82, 26, 90, 138, 85, 81, 0]"
j20,1,proactive_robust,600,True,42,0.10133242607116699,0.0016722679138183594,"[0, 0, 0, 0, 6, 9, 9, 9, 18, 11, 20, 14, 17, 21, 24, 17, 26, 26, 26, 33, 26, 0, 0, 0, 0, 0, 0, 0, 0, 0, 0, 0, 0, 138]","""[0, 8, 5, 5, 1, 5, 1, 6, 2, 2, 3, 5, 3, 1, 1, 9, 4, 5, 2, 4, 6, 71, 94, 19, 51, 40, 61, 82, 26, 90, 138, 85, 81, 0]"""
j20,1,reactive,600,True,37,0.10133242607116699,0.443511962890625,"[0, 0, 0, 0, 6, 9, 9, 9, 18, 11, 20, 14, 17, 21, 24, 17, 26, 26, 26, 33, 26, 0, 0, 0, 0, 0, 0, 0, 0, 0, 0, 0, 0, 37]","[0, 8, 5, 5, 1, 5, 1, 6, 2, 2, 3, 5, 3, 1, 1, 9, 4, 5, 2, 4, 6, 71, 94, 19, 51, 40, 61, 82, 26, 90, 138, 85, 81, 0]"
j20,1,proactive_robust,600,True,42,0.10279965400695801,0.0016379356384277344,"[0, 0, 0, 0, 6, 9, 9, 9, 18, 11, 20, 14, 17, 21, 24, 17, 26, 26, 26, 33, 26, 0, 0, 0, 0, 0, 0, 0, 0, 0, 0, 0, 0, 138]","""[0, 5, 3, 2, 2, 7, 1, 4, 1, 2, 3, 5, 3, 1, 2, 9, 4, 2, 1, 6, 4, 71, 94, 19, 51, 40, 61, 82, 26, 90, 138, 85, 81, 0]"""
j20,1,reactive,600,True,39,0.10279965400695801,0.4570128917694092,"[0, 0, 0, 0, 6, 9, 9, 9, 18, 11, 20, 14, 17, 21, 24, 17, 26, 26, 26, 33, 26, 0, 0, 0, 0, 0, 0, 0, 0, 0, 0, 0, 0, 39]","[0, 5, 3, 2, 2, 7, 1, 4, 1, 2, 3, 5, 3, 1, 2, 9, 4, 2, 1, 6, 4, 71, 94, 19, 51, 40, 61, 82, 26, 90, 138, 85, 81, 0]"
j20,1,proactive_robust,600,True,42,0.1031649112701416,0.0016493797302246094,"[0, 0, 0, 0, 6, 9, 9, 9, 18, 11, 20, 14, 17, 21, 24, 17, 26, 26, 26, 33, 26, 0, 0, 0, 0, 0, 0, 0, 0, 0, 0, 0, 0, 138]","""[0, 5, 5, 2, 3, 8, 2, 5, 2, 2, 3, 9, 3, 1, 2, 5, 1, 5, 3, 8, 6, 71, 94, 19, 51, 40, 61, 82, 26, 90, 138, 85, 81, 0]"""
j20,1,reactive,600,True,41,0.1031649112701416,0.3705277442932129,"[0, 0, 0, 0, 6, 9, 9, 9, 18, 11, 20, 14, 17, 21, 24, 17, 26, 26, 26, 33, 26, 0, 0, 0, 0, 0, 0, 0, 0, 0, 0, 0, 0, 41]","[0, 5, 5, 2, 3, 8, 2, 5, 2, 2, 3, 9, 3, 1, 2, 5, 1, 5, 3, 8, 6, 71, 94, 19, 51, 40, 61, 82, 26, 90, 138, 85, 81, 0]"
j20,1,proactive_robust,600,True,42,0.10504794120788574,0.0016665458679199219,"[0, 0, 0, 0, 6, 9, 9, 9, 18, 11, 20, 14, 17, 21, 24, 17, 26, 26, 26, 33, 26, 0, 0, 0, 0, 0, 0, 0, 0, 0, 0, 0, 0, 138]","""[0, 4, 6, 5, 3, 8, 1, 8, 2, 2, 4, 6, 2, 1, 2, 6, 1, 4, 1, 9, 3, 71, 94, 19, 51, 40, 61, 82, 26, 90, 138, 85, 81, 0]"""
j20,1,reactive,600,True,39,0.10504794120788574,0.33890867233276367,"[0, 0, 0, 0, 6, 9, 9, 9, 18, 11, 20, 14, 17, 21, 24, 17, 26, 26, 26, 30, 26, 0, 0, 0, 0, 0, 0, 0, 0, 0, 0, 0, 0, 39]","[0, 4, 6, 5, 3, 8, 1, 8, 2, 2, 4, 6, 2, 1, 2, 6, 1, 4, 1, 9, 3, 71, 94, 19, 51, 40, 61, 82, 26, 90, 138, 85, 81, 0]"
j20,1,proactive_robust,600,True,42,0.10196852684020996,0.0016357898712158203,"[0, 0, 0, 0, 6, 9, 9, 9, 18, 11, 20, 14, 17, 21, 24, 17, 26, 26, 26, 33, 26, 0, 0, 0, 0, 0, 0, 0, 0, 0, 0, 0, 0, 138]","""[0, 6, 4, 6, 2, 5, 2, 6, 2, 1, 1, 9, 1, 1, 2, 8, 2, 6, 2, 6, 2, 71, 94, 19, 51, 40, 61, 82, 26, 90, 138, 85, 81, 0]"""
j20,1,reactive,600,True,39,0.10196852684020996,0.37866973876953125,"[0, 0, 0, 0, 6, 9, 9, 9, 18, 11, 20, 14, 17, 21, 24, 17, 26, 26, 26, 33, 26, 0, 0, 0, 0, 0, 0, 0, 0, 0, 0, 0, 0, 39]","[0, 6, 4, 6, 2, 5, 2, 6, 2, 1, 1, 9, 1, 1, 2, 8, 2, 6, 2, 6, 2, 71, 94, 19, 51, 40, 61, 82, 26, 90, 138, 85, 81, 0]"
j20,1,proactive_robust,600,True,42,0.1030580997467041,0.0017027854919433594,"[0, 0, 0, 0, 6, 9, 9, 9, 18, 11, 20, 14, 17, 21, 24, 17, 26, 26, 26, 33, 26, 0, 0, 0, 0, 0, 0, 0, 0, 0, 0, 0, 0, 138]","""[0, 6, 6, 5, 3, 7, 2, 9, 2, 2, 1, 8, 4, 2, 1, 4, 2, 7, 1, 9, 6, 71, 94, 19, 51, 40, 61, 82, 26, 90, 138, 85, 81, 0]"""
j20,1,reactive,600,True,42,0.1030580997467041,0.3153514862060547,"[0, 0, 0, 0, 6, 9, 9, 9, 18, 11, 20, 14, 17, 21, 24, 17, 26, 26, 26, 33, 26, 0, 0, 0, 0, 0, 0, 0, 0, 0, 0, 0, 0, 42]","[0, 6, 6, 5, 3, 7, 2, 9, 2, 2, 1, 8, 4, 2, 1, 4, 2, 7, 1, 9, 6, 71, 94, 19, 51, 40, 61, 82, 26, 90, 138, 85, 81, 0]"
j20,1,proactive_robust,600,True,42,0.10351347923278809,0.0016505718231201172,"[0, 0, 0, 0, 6, 9, 9, 9, 18, 11, 20, 14, 17, 21, 24, 17, 26, 26, 26, 33, 26, 0, 0, 0, 0, 0, 0, 0, 0, 0, 0, 0, 0, 138]","""[0, 4, 6, 2, 3, 8, 1, 8, 2, 1, 3, 8, 3, 2, 1, 7, 2, 6, 3, 7, 2, 71, 94, 19, 51, 40, 61, 82, 26, 90, 138, 85, 81, 0]"""
j20,1,reactive,600,True,40,0.10351347923278809,0.36510396003723145,"[0, 0, 0, 0, 6, 9, 9, 9, 18, 11, 20, 14, 17, 21, 24, 17, 26, 26, 26, 33, 26, 0, 0, 0, 0, 0, 0, 0, 0, 0, 0, 0, 0, 40]","[0, 4, 6, 2, 3, 8, 1, 8, 2, 1, 3, 8, 3, 2, 1, 7, 2, 6, 3, 7, 2, 71, 94, 19, 51, 40, 61, 82, 26, 90, 138, 85, 81, 0]"
j20,1,proactive_robust,600,True,42,0.10271191596984863,0.0016551017761230469,"[0, 0, 0, 0, 6, 9, 9, 9, 18, 11, 20, 14, 17, 21, 24, 17, 26, 26, 26, 33, 26, 0, 0, 0, 0, 0, 0, 0, 0, 0, 0, 0, 0, 138]","""[0, 9, 3, 3, 2, 3, 1, 7, 2, 1, 2, 7, 3, 2, 1, 6, 1, 3, 3, 6, 2, 71, 94, 19, 51, 40, 61, 82, 26, 90, 138, 85, 81, 0]"""
j20,1,reactive,600,True,39,0.10271191596984863,0.4579446315765381,"[0, 0, 0, 0, 6, 9, 9, 9, 18, 11, 20, 14, 17, 21, 24, 17, 26, 26, 26, 33, 26, 0, 0, 0, 0, 0, 0, 0, 0, 0, 0, 0, 0, 39]","[0, 9, 3, 3, 2, 3, 1, 7, 2, 1, 2, 7, 3, 2, 1, 6, 1, 3, 3, 6, 2, 71, 94, 19, 51, 40, 61, 82, 26, 90, 138, 85, 81, 0]"
j20,1,proactive_robust,600,True,42,0.10338211059570312,0.0016388893127441406,"[0, 0, 0, 0, 6, 9, 9, 9, 18, 11, 20, 14, 17, 21, 24, 17, 26, 26, 26, 33, 26, 0, 0, 0, 0, 0, 0, 0, 0, 0, 0, 0, 0, 138]","""[0, 5, 5, 2, 2, 6, 1, 5, 2, 1, 2, 5, 3, 2, 1, 9, 3, 5, 2, 6, 7, 71, 94, 19, 51, 40, 61, 82, 26, 90, 138, 85, 81, 0]"""
j20,1,reactive,600,True,39,0.10338211059570312,0.42530131340026855,"[0, 0, 0, 0, 6, 9, 9, 9, 18, 11, 20, 14, 17, 21, 24, 17, 26, 26, 26, 33, 26, 0, 0, 0, 0, 0, 0, 0, 0, 0, 0, 0, 0, 39]","[0, 5, 5, 2, 2, 6, 1, 5, 2, 1, 2, 5, 3, 2, 1, 9, 3, 5, 2, 6, 7, 71, 94, 19, 51, 40, 61, 82, 26, 90, 138, 85, 81, 0]"
j20,1,proactive_robust,600,True,61,0.10511279106140137,0.0023458003997802734,"[0, 14, 0, 0, 7, 3, 34, 15, 30, 24, 15, 41, 18, 26, 40, 31, 31, 48, 55, 52, 49, 0, 0, 0, 0, 0, 0, 0, 0, 0, 0, 0, 0, 0, 0, 0, 153]","""[0, 11, 6, 3, 3, 8, 5, 8, 6, 6, 1, 5, 5, 4, 5, 3, 6, 3, 4, 7, 6, 53, 57, 76, 94, 102, 37, 100, 135, 153, 68, 57, 81, 62, 111, 128, 0]"""
j20,1,reactive,600,True,59,0.10511279106140137,0.615943431854248,"[0, 14, 0, 0, 7, 3, 34, 15, 30, 24, 15, 41, 18, 26, 40, 31, 31, 48, 55, 52, 49, 0, 0, 0, 0, 0, 0, 0, 0, 0, 0, 0, 0, 0, 0, 0, 59]","[0, 11, 6, 3, 3, 8, 5, 8, 6, 6, 1, 5, 5, 4, 5, 3, 6, 3, 4, 7, 6, 53, 57, 76, 94, 102, 37, 100, 135, 153, 68, 57, 81, 62, 111, 128, 0]"
j20,1,proactive_robust,600,True,61,0.10368061065673828,0.0023593902587890625,"[0, 14, 0, 0, 7, 3, 34, 15, 30, 24, 15, 41, 18, 26, 40, 31, 31, 48, 55, 52, 49, 0, 0, 0, 0, 0, 0, 0, 0, 0, 0, 0, 0, 0, 0, 0, 153]","""[0, 10, 7, 3, 2, 11, 7, 4, 6, 4, 3, 5, 8, 1, 4, 2, 5, 1, 5, 7, 6, 53, 57, 76, 94, 102, 37, 100, 135, 153, 68, 57, 81, 62, 111, 128, 0]"""
j20,1,reactive,600,True,60,0.10368061065673828,0.45804286003112793,"[0, 14, 0, 0, 7, 3, 34, 15, 30, 24, 15, 41, 18, 26, 40, 31, 31, 48, 55, 52, 49, 0, 0, 0, 0, 0, 0, 0, 0, 0, 0, 0, 0, 0, 0, 0, 60]","[0, 10, 7, 3, 2, 11, 7, 4, 6, 4, 3, 5, 8, 1, 4, 2, 5, 1, 5, 7, 6, 53, 57, 76, 94, 102, 37, 100, 135, 153, 68, 57, 81, 62, 111, 128, 0]"
j20,1,proactive_robust,600,True,61,0.09661293029785156,0.002354145050048828,"[0, 14, 0, 0, 7, 3, 34, 15, 30, 24, 15, 41, 18, 26, 40, 31, 31, 48, 55, 52, 49, 0, 0, 0, 0, 0, 0, 0, 0, 0, 0, 0, 0, 0, 0, 0, 153]","""[0, 12, 3, 2, 4, 8, 6, 5, 4, 2, 1, 3, 6, 2, 4, 3, 6, 3, 4, 5, 4, 53, 57, 76, 94, 102, 37, 100, 135, 153, 68, 57, 81, 62, 111, 128, 0]"""
j20,1,reactive,600,True,56,0.09661293029785156,0.8475949764251709,"[0, 14, 0, 0, 7, 3, 34, 15, 30, 24, 15, 41, 18, 26, 40, 31, 31, 48, 44, 51, 49, 0, 0, 0, 0, 0, 0, 0, 0, 0, 0, 0, 0, 0, 0, 0, 56]","[0, 12, 3, 2, 4, 8, 6, 5, 4, 2, 1, 3, 6, 2, 4, 3, 6, 3, 4, 5, 4, 53, 57, 76, 94, 102, 37, 100, 135, 153, 68, 57, 81, 62, 111, 128, 0]"
j20,1,proactive_robust,600,True,61,0.09877967834472656,0.0023822784423828125,"[0, 14, 0, 0, 7, 3, 34, 15, 30, 24, 15, 41, 18, 26, 40, 31, 31, 48, 55, 52, 49, 0, 0, 0, 0, 0, 0, 0, 0, 0, 0, 0, 0, 0, 0, 0, 153]","""[0, 9, 5, 1, 2, 8, 3, 7, 6, 7, 3, 5, 7, 1, 7, 1, 9, 1, 2, 8, 6, 53, 57, 76, 94, 102, 37, 100, 135, 153, 68, 57, 81, 62, 111, 128, 0]"""
j20,1,reactive,600,True,57,0.09877967834472656,1.2740836143493652,"[0, 14, 0, 0, 7, 3, 34, 15, 30, 24, 15, 41, 18, 26, 40, 31, 31, 48, 37, 49, 47, 0, 0, 0, 0, 0, 0, 0, 0, 0, 0, 0, 0, 0, 0, 0, 57]","[0, 9, 5, 1, 2, 8, 3, 7, 6, 7, 3, 5, 7, 1, 7, 1, 9, 1, 2, 8, 6, 53, 57, 76, 94, 102, 37, 100, 135, 153, 68, 57, 81, 62, 111, 128, 0]"
j20,1,proactive_robust,600,True,61,0.09922933578491211,0.0023648738861083984,"[0, 14, 0, 0, 7, 3, 34, 15, 30, 24, 15, 41, 18, 26, 40, 31, 31, 48, 55, 52, 49, 0, 0, 0, 0, 0, 0, 0, 0, 0, 0, 0, 0, 0, 0, 0, 153]","""[0, 9, 4, 3, 7, 6, 2, 9, 3, 7, 2, 6, 5, 4, 5, 1, 4, 4, 2, 8, 6, 53, 57, 76, 94, 102, 37, 100, 135, 153, 68, 57, 81, 62, 111, 128, 0]"""
j20,1,reactive,600,True,59,0.09922933578491211,0.4814333915710449,"[0, 14, 0, 0, 7, 3, 34, 15, 30, 24, 15, 41, 18, 26, 40, 31, 31, 47, 35, 51, 45, 0, 0, 0, 0, 0, 0, 0, 0, 0, 0, 0, 0, 0, 0, 0, 59]","[0, 9, 4, 3, 7, 6, 2, 9, 3, 7, 2, 6, 5, 4, 5, 1, 4, 4, 2, 8, 6, 53, 57, 76, 94, 102, 37, 100, 135, 153, 68, 57, 81, 62, 111, 128, 0]"
j20,1,proactive_robust,600,True,61,0.1036689281463623,0.0023794174194335938,"[0, 14, 0, 0, 7, 3, 34, 15, 30, 24, 15, 41, 18, 26, 40, 31, 31, 48, 55, 52, 49, 0, 0, 0, 0, 0, 0, 0, 0, 0, 0, 0, 0, 0, 0, 0, 153]","""[0, 8, 4, 1, 2, 6, 5, 6, 3, 3, 2, 5, 3, 3, 9, 3, 4, 3, 2, 3, 2, 53, 57, 76, 94, 102, 37, 100, 135, 153, 68, 57, 81, 62, 111, 128, 0]"""
j20,1,reactive,600,True,55,0.1036689281463623,0.8931519985198975,"[0, 14, 0, 0, 7, 3, 34, 15, 30, 24, 15, 41, 18, 26, 40, 31, 31, 48, 35, 52, 49, 0, 0, 0, 0, 0, 0, 0, 0, 0, 0, 0, 0, 0, 0, 0, 55]","[0, 8, 4, 1, 2, 6, 5, 6, 3, 3, 2, 5, 3, 3, 9, 3, 4, 3, 2, 3, 2, 53, 57, 76, 94, 102, 37, 100, 135, 153, 68, 57, 81, 62, 111, 128, 0]"
j20,1,proactive_robust,600,True,61,0.10196423530578613,0.002351522445678711,"[0, 14, 0, 0, 7, 3, 34, 15, 30, 24, 15, 41, 18, 26, 40, 31, 31, 48, 55, 52, 49, 0, 0, 0, 0, 0, 0, 0, 0, 0, 0, 0, 0, 0, 0, 0, 153]","""[0, 10, 5, 2, 7, 10, 5, 5, 6, 2, 2, 2, 5, 2, 8, 3, 4, 3, 2, 4, 3, 53, 57, 76, 94, 102, 37, 100, 135, 153, 68, 57, 81, 62, 111, 128, 0]"""
j20,1,reactive,600,True,56,0.10196423530578613,0.7611870765686035,"[0, 14, 0, 0, 7, 3, 34, 15, 30, 24, 15, 41, 18, 26, 40, 31, 31, 48, 36, 52, 49, 0, 0, 0, 0, 0, 0, 0, 0, 0, 0, 0, 0, 0, 0, 0, 56]","[0, 10, 5, 2, 7, 10, 5, 5, 6, 2, 2, 2, 5, 2, 8, 3, 4, 3, 2, 4, 3, 53, 57, 76, 94, 102, 37, 100, 135, 153, 68, 57, 81, 62, 111, 128, 0]"
j20,1,proactive_robust,600,True,61,0.10628962516784668,0.002373218536376953,"[0, 14, 0, 0, 7, 3, 34, 15, 30, 24, 15, 41, 18, 26, 40, 31, 31, 48, 55, 52, 49, 0, 0, 0, 0, 0, 0, 0, 0, 0, 0, 0, 0, 0, 0, 0, 153]","""[0, 9, 5, 2, 5, 7, 7, 8, 4, 2, 1, 5, 6, 3, 7, 2, 7, 4, 6, 6, 5, 53, 57, 76, 94, 102, 37, 100, 135, 153, 68, 57, 81, 62, 111, 128, 0]"""
j20,1,reactive,600,True,61,0.10628962516784668,0.7912161350250244,"[0, 14, 0, 0, 7, 3, 34, 15, 30, 24, 15, 41, 18, 26, 40, 31, 31, 48, 55, 52, 49, 0, 0, 0, 0, 0, 0, 0, 0, 0, 0, 0, 0, 0, 0, 0, 61]","[0, 9, 5, 2, 5, 7, 7, 8, 4, 2, 1, 5, 6, 3, 7, 2, 7, 4, 6, 6, 5, 53, 57, 76, 94, 102, 37, 100, 135, 153, 68, 57, 81, 62, 111, 128, 0]"
j20,1,proactive_robust,600,True,61,0.10096430778503418,0.0023462772369384766,"[0, 14, 0, 0, 7, 3, 34, 15, 30, 24, 15, 41, 18, 26, 40, 31, 31, 48, 55, 52, 49, 0, 0, 0, 0, 0, 0, 0, 0, 0, 0, 0, 0, 0, 0, 0, 153]","""[0, 12, 3, 1, 7, 7, 3, 5, 6, 2, 2, 4, 6, 3, 6, 1, 5, 4, 3, 6, 2, 53, 57, 76, 94, 102, 37, 100, 135, 153, 68, 57, 81, 62, 111, 128, 0]"""
j20,1,reactive,600,True,58,0.10096430778503418,0.863889217376709,"[0, 14, 0, 0, 7, 3, 34, 15, 30, 24, 15, 41, 18, 26, 40, 31, 31, 48, 55, 52, 49, 0, 0, 0, 0, 0, 0, 0, 0, 0, 0, 0, 0, 0, 0, 0, 58]","[0, 12, 3, 1, 7, 7, 3, 5, 6, 2, 2, 4, 6, 3, 6, 1, 5, 4, 3, 6, 2, 53, 57, 76, 94, 102, 37, 100, 135, 153, 68, 57, 81, 62, 111, 128, 0]"
j20,1,proactive_robust,600,True,61,0.17832255363464355,0.002405405044555664,"[0, 14, 0, 0, 7, 3, 34, 15, 30, 24, 15, 41, 18, 26, 40, 31, 31, 48, 55, 52, 49, 0, 0, 0, 0, 0, 0, 0, 0, 0, 0, 0, 0, 0, 0, 0, 153]","""[0, 7, 5, 3, 2, 7, 7, 9, 3, 5, 2, 6, 6, 4, 7, 1, 4, 3, 2, 4, 6, 53, 57, 76, 94, 102, 37, 100, 135, 153, 68, 57, 81, 62, 111, 128, 0]"""
j20,1,reactive,600,True,56,0.17832255363464355,0.58477783203125,"[0, 14, 0, 0, 7, 3, 34, 15, 30, 24, 15, 41, 18, 26, 40, 31, 31, 48, 35, 52, 49, 0, 0, 0, 0, 0, 0, 0, 0, 0, 0, 0, 0, 0, 0, 0, 56]","[0, 7, 5, 3, 2, 7, 7, 9, 3, 5, 2, 6, 6, 4, 7, 1, 4, 3, 2, 4, 6, 53, 57, 76, 94, 102, 37, 100, 135, 153, 68, 57, 81, 62, 111, 128, 0]"
j20,1,proactive_robust,600,True,46,0.09210205078125,0.0013396739959716797,"[0, 0, 0, 0, 10, 10, 12, 8, 17, 17, 8, 24, 32, 12, 24, 17, 26, 14, 39, 21, 39, 0, 0, 0, 0, 0, 0, 0, 138]","""[0, 10, 6, 3, 2, 5, 3, 5, 8, 3, 2, 8, 6, 2, 1, 2, 5, 4, 3, 6, 3, 36, 68, 73, 137, 138, 95, 109, 0]"""
j20,1,reactive,600,True,42,0.09210205078125,0.34692931175231934,"[0, 0, 0, 0, 10, 10, 12, 8, 17, 17, 8, 24, 32, 12, 24, 17, 26, 14, 39, 21, 39, 0, 0, 0, 0, 0, 0, 0, 42]","[0, 10, 6, 3, 2, 5, 3, 5, 8, 3, 2, 8, 6, 2, 1, 2, 5, 4, 3, 6, 3, 36, 68, 73, 137, 138, 95, 109, 0]"
j20,1,proactive_robust,600,True,46,0.09099531173706055,0.0013146400451660156,"[0, 0, 0, 0, 10, 10, 12, 8, 17, 17, 8, 24, 32, 12, 24, 17, 26, 14, 39, 21, 39, 0, 0, 0, 0, 0, 0, 0, 138]","""[0, 5, 5, 1, 1, 4, 2, 9, 9, 3, 3, 5, 6, 6, 3, 1, 7, 4, 2, 2, 2, 36, 68, 73, 137, 138, 95, 109, 0]"""
j20,1,reactive,600,True,41,0.09099531173706055,0.3946096897125244,"[0, 0, 0, 0, 10, 10, 12, 8, 17, 17, 8, 24, 32, 12, 24, 17, 26, 14, 39, 21, 39, 0, 0, 0, 0, 0, 0, 0, 41]","[0, 5, 5, 1, 1, 4, 2, 9, 9, 3, 3, 5, 6, 6, 3, 1, 7, 4, 2, 2, 2, 36, 68, 73, 137, 138, 95, 109, 0]"
j20,1,proactive_robust,600,True,46,0.08773303031921387,0.001363515853881836,"[0, 0, 0, 0, 10, 10, 12, 8, 17, 17, 8, 24, 32, 12, 24, 17, 26, 14, 39, 21, 39, 0, 0, 0, 0, 0, 0, 0, 138]","""[0, 5, 8, 2, 2, 7, 1, 9, 9, 4, 2, 7, 5, 7, 3, 1, 9, 5, 7, 3, 3, 36, 68, 73, 137, 138, 95, 109, 0]"""
j20,1,reactive,600,True,44,0.08773303031921387,0.25860047340393066,"[0, 0, 0, 0, 10, 10, 12, 8, 17, 17, 8, 24, 32, 12, 24, 17, 26, 14, 37, 21, 37, 0, 0, 0, 0, 0, 0, 0, 44]","[0, 5, 8, 2, 2, 7, 1, 9, 9, 4, 2, 7, 5, 7, 3, 1, 9, 5, 7, 3, 3, 36, 68, 73, 137, 138, 95, 109, 0]"
j20,1,proactive_robust,600,True,46,0.09044837951660156,0.0013146400451660156,"[0, 0, 0, 0, 10, 10, 12, 8, 17, 17, 8, 24, 32, 12, 24, 17, 26, 14, 39, 21, 39, 0, 0, 0, 0, 0, 0, 0, 138]","""[0, 8, 5, 4, 2, 5, 3, 5, 7, 3, 2, 5, 7, 2, 3, 2, 5, 5, 7, 4, 2, 36, 68, 73, 137, 138, 95, 109, 0]"""
j20,1,reactive,600,True,46,0.09044837951660156,0.37563395500183105,"[0, 0, 0, 0, 10, 10, 12, 8, 17, 17, 8, 24, 32, 12, 24, 17, 26, 14, 39, 21, 39, 0, 0, 0, 0, 0, 0, 0, 46]","[0, 8, 5, 4, 2, 5, 3, 5, 7, 3, 2, 5, 7, 2, 3, 2, 5, 5, 7, 4, 2, 36, 68, 73, 137, 138, 95, 109, 0]"
j20,1,proactive_robust,600,True,46,0.08991193771362305,0.0013320446014404297,"[0, 0, 0, 0, 10, 10, 12, 8, 17, 17, 8, 24, 32, 12, 24, 17, 26, 14, 39, 21, 39, 0, 0, 0, 0, 0, 0, 0, 138]","""[0, 8, 5, 4, 1, 5, 3, 8, 6, 2, 5, 3, 5, 5, 2, 1, 8, 4, 7, 6, 1, 36, 68, 73, 137, 138, 95, 109, 0]"""
j20,1,reactive,600,True,44,0.08991193771362305,0.3748924732208252,"[0, 0, 0, 0, 10, 10, 12, 8, 17, 17, 8, 24, 32, 12, 24, 17, 26, 14, 37, 21, 37, 0, 0, 0, 0, 0, 0, 0, 44]","[0, 8, 5, 4, 1, 5, 3, 8, 6, 2, 5, 3, 5, 5, 2, 1, 8, 4, 7, 6, 1, 36, 68, 73, 137, 138, 95, 109, 0]"
j20,1,proactive_robust,600,True,46,0.08964395523071289,0.0013165473937988281,"[0, 0, 0, 0, 10, 10, 12, 8, 17, 17, 8, 24, 32, 12, 24, 17, 26, 14, 39, 21, 39, 0, 0, 0, 0, 0, 0, 0, 138]","""[0, 6, 6, 1, 2, 2, 2, 8, 5, 6, 2, 7, 3, 4, 4, 1, 4, 6, 5, 5, 3, 36, 68, 73, 137, 138, 95, 109, 0]"""
j20,1,reactive,600,True,44,0.08964395523071289,0.42551088333129883,"[0, 0, 0, 0, 10, 10, 12, 8, 17, 17, 8, 24, 32, 12, 24, 17, 26, 14, 39, 21, 39, 0, 0, 0, 0, 0, 0, 0, 44]","[0, 6, 6, 1, 2, 2, 2, 8, 5, 6, 2, 7, 3, 4, 4, 1, 4, 6, 5, 5, 3, 36, 68, 73, 137, 138, 95, 109, 0]"
j20,1,proactive_robust,600,True,46,0.08832406997680664,0.0013599395751953125,"[0, 0, 0, 0, 10, 10, 12, 8, 17, 17, 8, 24, 32, 12, 24, 17, 26, 14, 39, 21, 39, 0, 0, 0, 0, 0, 0, 0, 138]","""[0, 10, 8, 4, 1, 6, 4, 5, 8, 3, 6, 7, 2, 4, 1, 2, 6, 5, 4, 2, 1, 36, 68, 73, 137, 138, 95, 109, 0]"""
j20,1,reactive,600,True,38,0.08832406997680664,0.293759822845459,"[0, 0, 0, 0, 10, 10, 12, 8, 17, 17, 8, 24, 32, 12, 24, 17, 26, 14, 34, 21, 34, 0, 0, 0, 0, 0, 0, 0, 38]","[0, 10, 8, 4, 1, 6, 4, 5, 8, 3, 6, 7, 2, 4, 1, 2, 6, 5, 4, 2, 1, 36, 68, 73, 137, 138, 95, 109, 0]"
j20,1,proactive_robust,600,True,46,0.08710861206054688,0.0013248920440673828,"[0, 0, 0, 0, 10, 10, 12, 8, 17, 17, 8, 24, 32, 12, 24, 17, 26, 14, 39, 21, 39, 0, 0, 0, 0, 0, 0, 0, 138]","""[0, 10, 6, 2, 1, 3, 2, 8, 6, 4, 2, 8, 2, 3, 2, 2, 8, 6, 5, 4, 3, 36, 68, 73, 137, 138, 95, 109, 0]"""
j20,1,reactive,600,True,39,0.08710861206054688,0.3679502010345459,"[0, 0, 0, 0, 10, 10, 12, 8, 17, 17, 8, 24, 32, 12, 24, 17, 26, 14, 34, 21, 34, 0, 0, 0, 0, 0, 0, 0, 39]","[0, 10, 6, 2, 1, 3, 2, 8, 6, 4, 2, 8, 2, 3, 2, 2, 8, 6, 5, 4, 3, 36, 68, 73, 137, 138, 95, 109, 0]"
j20,1,proactive_robust,600,True,46,0.08753085136413574,0.0013175010681152344,"[0, 0, 0, 0, 10, 10, 12, 8, 17, 17, 8, 24, 32, 12, 24, 17, 26, 14, 39, 21, 39, 0, 0, 0, 0, 0, 0, 0, 138]","""[0, 6, 3, 2, 2, 6, 1, 8, 6, 5, 2, 6, 2, 2, 2, 2, 6, 2, 5, 3, 2, 36, 68, 73, 137, 138, 95, 109, 0]"""
j20,1,reactive,600,True,39,0.08753085136413574,0.4340181350708008,"[0, 0, 0, 0, 10, 10, 12, 8, 17, 17, 8, 24, 32, 12, 24, 17, 26, 14, 34, 21, 34, 0, 0, 0, 0, 0, 0, 0, 39]","[0, 6, 3, 2, 2, 6, 1, 8, 6, 5, 2, 6, 2, 2, 2, 2, 6, 2, 5, 3, 2, 36, 68, 73, 137, 138, 95, 109, 0]"
j20,1,proactive_robust,600,True,46,0.0887305736541748,0.0013115406036376953,"[0, 0, 0, 0, 10, 10, 12, 8, 17, 17, 8, 24, 32, 12, 24, 17, 26, 14, 39, 21, 39, 0, 0, 0, 0, 0, 0, 0, 138]","""[0, 10, 3, 3, 1, 2, 2, 4, 8, 4, 3, 7, 6, 3, 3, 1, 4, 7, 6, 6, 1, 36, 68, 73, 137, 138, 95, 109, 0]"""
j20,1,reactive,600,True,45,0.0887305736541748,0.39637088775634766,"[0, 0, 0, 0, 10, 10, 12, 8, 17, 17, 8, 24, 32, 12, 24, 17, 26, 14, 39, 21, 39, 0, 0, 0, 0, 0, 0, 0, 45]","[0, 10, 3, 3, 1, 2, 2, 4, 8, 4, 3, 7, 6, 3, 3, 1, 4, 7, 6, 6, 1, 36, 68, 73, 137, 138, 95, 109, 0]"
j20,1,proactive_robust,600,True,56,0.13961052894592285,0.0014843940734863281,"[0, 0, 0, 0, 8, 27, 8, 9, 22, 31, 10, 24, 21, 29, 24, 29, 26, 44, 37, 52, 31, 0, 0, 0, 0, 0, 0, 0, 0, 0, 174]","""[0, 6, 4, 8, 2, 2, 11, 8, 1, 7, 12, 1, 1, 7, 1, 12, 3, 4, 6, 2, 6, 174, 28, 80, 51, 27, 118, 26, 131, 103, 0]"""
j20,1,reactive,600,True,50,0.13961052894592285,0.4535660743713379,"[0, 0, 0, 0, 8, 27, 8, 9, 22, 31, 10, 24, 21, 29, 24, 29, 26, 44, 37, 48, 31, 0, 0, 0, 0, 0, 0, 0, 0, 0, 50]","[0, 6, 4, 8, 2, 2, 11, 8, 1, 7, 12, 1, 1, 7, 1, 12, 3, 4, 6, 2, 6, 174, 28, 80, 51, 27, 118, 26, 131, 103, 0]"
j20,1,proactive_robust,600,True,56,0.13498568534851074,0.0014874935150146484,"[0, 0, 0, 0, 8, 27, 8, 9, 22, 31, 10, 24, 21, 29, 24, 29, 26, 44, 37, 52, 31, 0, 0, 0, 0, 0, 0, 0, 0, 0, 174]","""[0, 8, 7, 8, 2, 2, 10, 7, 1, 9, 12, 2, 3, 5, 1, 7, 1, 8, 11, 1, 5, 174, 28, 80, 51, 27, 118, 26, 131, 103, 0]"""
j20,1,reactive,600,True,53,0.13498568534851074,0.44361376762390137,"[0, 0, 0, 0, 8, 27, 8, 9, 22, 31, 10, 24, 21, 29, 24, 29, 26, 44, 37, 52, 31, 0, 0, 0, 0, 0, 0, 0, 0, 0, 53]","[0, 8, 7, 8, 2, 2, 10, 7, 1, 9, 12, 2, 3, 5, 1, 7, 1, 8, 11, 1, 5, 174, 28, 80, 51, 27, 118, 26, 131, 103, 0]"
j20,1,proactive_robust,600,True,56,0.13933014869689941,0.0014879703521728516,"[0, 0, 0, 0, 8, 27, 8, 9, 22, 31, 10, 24, 21, 29, 24, 29, 26, 44, 37, 52, 31, 0, 0, 0, 0, 0, 0, 0, 0, 0, 174]","""[0, 5, 6, 8, 2, 2, 11, 10, 1, 6, 9, 3, 2, 5, 1, 7, 2, 3, 11, 2, 8, 174, 28, 80, 51, 27, 118, 26, 131, 103, 0]"""
j20,1,reactive,600,True,49,0.13933014869689941,0.44297170639038086,"[0, 0, 0, 0, 8, 27, 8, 9, 22, 31, 10, 24, 21, 29, 24, 29, 26, 44, 37, 47, 31, 0, 0, 0, 0, 0, 0, 0, 0, 0, 49]","[0, 5, 6, 8, 2, 2, 11, 10, 1, 6, 9, 3, 2, 5, 1, 7, 2, 3, 11, 2, 8, 174, 28, 80, 51, 27, 118, 26, 131, 103, 0]"
j20,1,proactive_robust,600,True,56,0.13590502738952637,0.0015072822570800781,"[0, 0, 0, 0, 8, 27, 8, 9, 22, 31, 10, 24, 21, 29, 24, 29, 26, 44, 37, 52, 31, 0, 0, 0, 0, 0, 0, 0, 0, 0, 174]","""[0, 5, 4, 8, 2, 4, 8, 6, 1, 8, 12, 2, 2, 3, 2, 9, 1, 7, 10, 1, 5, 174, 28, 80, 51, 27, 118, 26, 131, 103, 0]"""
j20,1,reactive,600,True,52,0.13590502738952637,0.4274311065673828,"[0, 0, 0, 0, 8, 27, 8, 9, 22, 31, 10, 24, 21, 29, 24, 29, 26, 44, 37, 51, 31, 0, 0, 0, 0, 0, 0, 0, 0, 0, 52]","[0, 5, 4, 8, 2, 4, 8, 6, 1, 8, 12, 2, 2, 3, 2, 9, 1, 7, 10, 1, 5, 174, 28, 80, 51, 27, 118, 26, 131, 103, 0]"
j20,1,proactive_robust,600,True,56,0.13822054862976074,0.0014796257019042969,"[0, 0, 0, 0, 8, 27, 8, 9, 22, 31, 10, 24, 21, 29, 24, 29, 26, 44, 37, 52, 31, 0, 0, 0, 0, 0, 0, 0, 0, 0, 174]","""[0, 7, 5, 5, 2, 2, 7, 7, 2, 12, 12, 2, 3, 7, 1, 8, 2, 7, 10, 4, 6, 174, 28, 80, 51, 27, 118, 26, 131, 103, 0]"""
j20,1,reactive,600,True,55,0.13822054862976074,0.43465542793273926,"[0, 0, 0, 0, 8, 27, 8, 9, 22, 31, 10, 24, 21, 29, 24, 29, 26, 44, 37, 51, 31, 0, 0, 0, 0, 0, 0, 0, 0, 0, 55]","[0, 7, 5, 5, 2, 2, 7, 7, 2, 12, 12, 2, 3, 7, 1, 8, 2, 7, 10, 4, 6, 174, 28, 80, 51, 27, 118, 26, 131, 103, 0]"
j20,1,proactive_robust,600,True,56,0.13584494590759277,0.001550912857055664,"[0, 0, 0, 0, 8, 27, 8, 9, 22, 31, 10, 24, 21, 29, 24, 29, 26, 44, 37, 52, 31, 0, 0, 0, 0, 0, 0, 0, 0, 0, 174]","""[0, 4, 7, 8, 1, 3, 7, 13, 2, 12, 6, 3, 2, 8, 2, 8, 2, 7, 12, 1, 5, 174, 28, 80, 51, 27, 118, 26, 131, 103, 0]"""
j20,1,reactive,600,True,52,0.13584494590759277,0.37169480323791504,"[0, 0, 0, 0, 8, 27, 8, 9, 22, 31, 10, 24, 21, 29, 24, 29, 26, 44, 37, 51, 31, 0, 0, 0, 0, 0, 0, 0, 0, 0, 52]","[0, 4, 7, 8, 1, 3, 7, 13, 2, 12, 6, 3, 2, 8, 2, 8, 2, 7, 12, 1, 5, 174, 28, 80, 51, 27, 118, 26, 131, 103, 0]"
j20,1,proactive_robust,600,True,56,0.13531899452209473,0.0014984607696533203,"[0, 0, 0, 0, 8, 27, 8, 9, 22, 31, 10, 24, 21, 29, 24, 29, 26, 44, 37, 52, 31, 0, 0, 0, 0, 0, 0, 0, 0, 0, 174]","""[0, 4, 5, 5, 2, 3, 10, 7, 1, 9, 12, 3, 1, 8, 2, 9, 1, 5, 6, 3, 3, 174, 28, 80, 51, 27, 118, 26, 131, 103, 0]"""
j20,1,reactive,600,True,52,0.13531899452209473,0.4152679443359375,"[0, 0, 0, 0, 8, 27, 8, 9, 22, 31, 10, 24, 21, 29, 24, 29, 26, 44, 37, 49, 31, 0, 0, 0, 0, 0, 0, 0, 0, 0, 52]","[0, 4, 5, 5, 2, 3, 10, 7, 1, 9, 12, 3, 1, 8, 2, 9, 1, 5, 6, 3, 3, 174, 28, 80, 51, 27, 118, 26, 131, 103, 0]"
j20,1,proactive_robust,600,True,56,0.13794612884521484,0.0015134811401367188,"[0, 0, 0, 0, 8, 27, 8, 9, 22, 31, 10, 24, 21, 29, 24, 29, 26, 44, 37, 52, 31, 0, 0, 0, 0, 0, 0, 0, 0, 0, 174]","""[0, 6, 5, 3, 2, 1, 8, 11, 2, 7, 9, 1, 3, 8, 2, 8, 2, 4, 9, 1, 3, 174, 28, 80, 51, 27, 118, 26, 131, 103, 0]"""
j20,1,reactive,600,True,49,0.13794612884521484,0.437114953994751,"[0, 0, 0, 0, 8, 27, 8, 9, 22, 31, 10, 24, 21, 29, 24, 29, 26, 44, 37, 48, 31, 0, 0, 0, 0, 0, 0, 0, 0, 0, 49]","[0, 6, 5, 3, 2, 1, 8, 11, 2, 7, 9, 1, 3, 8, 2, 8, 2, 4, 9, 1, 3, 174, 28, 80, 51, 27, 118, 26, 131, 103, 0]"
j20,1,proactive_robust,600,True,56,0.13872122764587402,0.0014929771423339844,"[0, 0, 0, 0, 8, 27, 8, 9, 22, 31, 10, 24, 21, 29, 24, 29, 26, 44, 37, 52, 31, 0, 0, 0, 0, 0, 0, 0, 0, 0, 174]","""[0, 8, 3, 4, 1, 1, 12, 6, 1, 6, 13, 1, 2, 7, 2, 10, 1, 3, 12, 4, 6, 174, 28, 80, 51, 27, 118, 26, 131, 103, 0]"""
j20,1,reactive,600,True,51,0.13872122764587402,0.4626133441925049,"[0, 0, 0, 0, 8, 27, 8, 9, 22, 31, 10, 24, 21, 29, 24, 29, 26, 44, 37, 47, 31, 0, 0, 0, 0, 0, 0, 0, 0, 0, 51]","[0, 8, 3, 4, 1, 1, 12, 6, 1, 6, 13, 1, 2, 7, 2, 10, 1, 3, 12, 4, 6, 174, 28, 80, 51, 27, 118, 26, 131, 103, 0]"
j20,1,proactive_robust,600,True,56,0.13770461082458496,0.0015096664428710938,"[0, 0, 0, 0, 8, 27, 8, 9, 22, 31, 10, 24, 21, 29, 24, 29, 26, 44, 37, 52, 31, 0, 0, 0, 0, 0, 0, 0, 0, 0, 174]","""[0, 6, 3, 7, 2, 2, 13, 6, 1, 6, 6, 1, 3, 8, 1, 11, 2, 7, 7, 2, 5, 174, 28, 80, 51, 27, 118, 26, 131, 103, 0]"""
j20,1,reactive,600,True,54,0.13770461082458496,0.45615124702453613,"[0, 0, 0, 0, 8, 27, 8, 9, 22, 31, 10, 24, 21, 29, 24, 29, 26, 44, 37, 52, 31, 0, 0, 0, 0, 0, 0, 0, 0, 0, 54]","[0, 6, 3, 7, 2, 2, 13, 6, 1, 6, 6, 1, 3, 8, 1, 11, 2, 7, 7, 2, 5, 174, 28, 80, 51, 27, 118, 26, 131, 103, 0]"
j20,1,proactive_robust,600,True,55,0.09034299850463867,0.0004210472106933594,"[0, 0, 0, 0, 9, 9, 11, 13, 11, 20, 23, 23, 23, 15, 29, 31, 35, 44, 52, 39, 22, 0, 77]","""[0, 8, 5, 6, 2, 3, 4, 1, 7, 3, 8, 2, 4, 2, 10, 4, 7, 7, 1, 6, 4, 77, 0]"""
j20,1,reactive,600,True,52,0.09034299850463867,0.31699633598327637,"[0, 0, 0, 0, 9, 9, 11, 13, 11, 20, 23, 23, 23, 15, 29, 31, 35, 44, 51, 39, 22, 0, 52]","[0, 8, 5, 6, 2, 3, 4, 1, 7, 3, 8, 2, 4, 2, 10, 4, 7, 7, 1, 6, 4, 77, 0]"
j20,1,proactive_robust,600,True,55,0.09055781364440918,0.0004162788391113281,"[0, 0, 0, 0, 9, 9, 11, 13, 11, 20, 23, 23, 23, 15, 29, 31, 35, 44, 52, 39, 22, 0, 77]","""[0, 6, 8, 8, 2, 3, 2, 2, 8, 1, 3, 4, 4, 6, 10, 3, 5, 5, 2, 2, 4, 77, 0]"""
j20,1,reactive,600,True,51,0.09055781364440918,0.36244726181030273,"[0, 0, 0, 0, 9, 9, 11, 13, 11, 20, 23, 23, 23, 15, 29, 31, 35, 44, 49, 39, 22, 0, 51]","[0, 6, 8, 8, 2, 3, 2, 2, 8, 1, 3, 4, 4, 6, 10, 3, 5, 5, 2, 2, 4, 77, 0]"
j20,1,proactive_robust,600,True,40,0.08683609962463379,0.00037097930908203125,"[0, 0, 0, 0, 2, 2, 2, 8, 4, 11, 14, 14, 15, 10, 18, 20, 22, 31, 38, 28, 13, 0, 77]","""[0, 2, 1, 8, 1, 1, 9, 2, 2, 2, 2, 2, 1, 1, 7, 1, 6, 2, 1, 6, 1, 77, 0]"""
j20,1,reactive,600,True,34,0.08683609962463379,0.4723086357116699,"[0, 0, 0, 0, 2, 2, 2, 8, 4, 11, 14, 14, 15, 10, 18, 20, 22, 28, 30, 28, 13, 0, 34]","[0, 2, 1, 8, 1, 1, 9, 2, 2, 2, 2, 2, 1, 1, 7, 1, 6, 2, 1, 6, 1, 77, 0]"
j20,1,proactive_robust,600,True,55,0.08836030960083008,0.00040340423583984375,"[0, 0, 0, 0, 9, 9, 11, 13, 11, 20, 23, 23, 23, 15, 29, 31, 35, 44, 52, 39, 22, 0, 77]","""[0, 8, 7, 7, 2, 2, 3, 1, 9, 2, 3, 4, 4, 2, 5, 4, 5, 4, 3, 3, 4, 77, 0]"""
j20,1,reactive,600,True,47,0.08836030960083008,0.3420088291168213,"[0, 0, 0, 0, 9, 9, 11, 13, 11, 20, 23, 23, 23, 15, 29, 31, 35, 40, 44, 39, 22, 0, 47]","[0, 8, 7, 7, 2, 2, 3, 1, 9, 2, 3, 4, 4, 2, 5, 4, 5, 4, 3, 3, 4, 77, 0]"
j20,1,proactive_robust,600,True,55,0.08863449096679688,0.0004191398620605469,"[0, 0, 0, 0, 9, 9, 11, 13, 11, 20, 23, 23, 23, 15, 29, 31, 35, 44, 52, 39, 22, 0, 77]","""[0, 5, 6, 8, 2, 3, 6, 2, 5, 2, 3, 6, 4, 5, 8, 4, 7, 5, 2, 3, 4, 77, 0]"""
j20,1,reactive,600,True,51,0.08863449096679688,0.3469352722167969,"[0, 0, 0, 0, 9, 9, 11, 13, 11, 20, 23, 23, 23, 15, 29, 31, 35, 44, 49, 39, 22, 0, 51]","[0, 5, 6, 8, 2, 3, 6, 2, 5, 2, 3, 6, 4, 5, 8, 4, 7, 5, 2, 3, 4, 77, 0]"
j20,1,proactive_robust,600,True,55,0.08897185325622559,0.00040602684020996094,"[0, 0, 0, 0, 9, 9, 11, 13, 11, 20, 23, 23, 23, 15, 29, 31, 35, 44, 52, 39, 22, 0, 77]","""[0, 8, 9, 6, 1, 2, 5, 1, 9, 2, 3, 4, 2, 2, 9, 1, 6, 3, 1, 6, 1, 77, 0]"""
j20,1,reactive,600,True,48,0.08897185325622559,0.38651514053344727,"[0, 0, 0, 0, 9, 9, 11, 13, 11, 20, 23, 23, 23, 15, 29, 31, 35, 44, 47, 39, 22, 0, 48]","[0, 8, 9, 6, 1, 2, 5, 1, 9, 2, 3, 4, 2, 2, 9, 1, 6, 3, 1, 6, 1, 77, 0]"
j20,1,proactive_robust,600,True,55,0.0901331901550293,0.00040650367736816406,"[0, 0, 0, 0, 9, 9, 11, 13, 11, 20, 23, 23, 23, 15, 29, 31, 35, 44, 52, 39, 22, 0, 77]","""[0, 7, 8, 5, 2, 2, 2, 1, 9, 1, 5, 4, 2, 2, 8, 1, 6, 8, 3, 5, 3, 77, 0]"""
j20,1,reactive,600,True,52,0.0901331901550293,0.38057923316955566,"[0, 0, 0, 0, 9, 9, 11, 13, 11, 20, 23, 23, 23, 15, 29, 31, 35, 41, 49, 39, 22, 0, 52]","[0, 7, 8, 5, 2, 2, 2, 1, 9, 1, 5, 4, 2, 2, 8, 1, 6, 8, 3, 5, 3, 77, 0]"
j20,1,proactive_robust,600,True,55,0.08801507949829102,0.00042247772216796875,"[0, 0, 0, 0, 9, 9, 11, 13, 11, 20, 23, 23, 23, 15, 29, 31, 35, 44, 52, 39, 22, 0, 77]","""[0, 8, 8, 6, 1, 3, 4, 2, 8, 3, 7, 2, 5, 4, 8, 3, 9, 5, 1, 2, 3, 77, 0]"""
j20,1,reactive,600,True,50,0.08801507949829102,0.3759317398071289,"[0, 0, 0, 0, 9, 9, 11, 13, 11, 20, 23, 23, 23, 15, 29, 31, 35, 44, 49, 39, 22, 0, 50]","[0, 8, 8, 6, 1, 3, 4, 2, 8, 3, 7, 2, 5, 4, 8, 3, 9, 5, 1, 2, 3, 77, 0]"
j20,1,proactive_robust,600,True,55,0.0900425910949707,0.0004057884216308594,"[0, 0, 0, 0, 9, 9, 11, 13, 11, 20, 23, 23, 23, 15, 29, 31, 35, 44, 52, 39, 22, 0, 77]","""[0, 9, 5, 5, 1, 4, 5, 1, 8, 3, 4, 2, 2, 3, 8, 2, 7, 5, 3, 3, 3, 77, 0]"""
j20,1,reactive,600,True,52,0.0900425910949707,0.39277076721191406,"[0, 0, 0, 0, 9, 9, 11, 13, 11, 20, 23, 23, 23, 15, 29, 31, 35, 44, 49, 39, 22, 0, 52]","[0, 9, 5, 5, 1, 4, 5, 1, 8, 3, 4, 2, 2, 3, 8, 2, 7, 5, 3, 3, 3, 77, 0]"
j20,1,proactive_robust,600,True,55,0.08977794647216797,0.0004127025604248047,"[0, 0, 0, 0, 9, 9, 11, 13, 11, 20, 23, 23, 23, 15, 29, 31, 35, 44, 52, 39, 22, 0, 77]","""[0, 6, 9, 5, 1, 4, 5, 2, 7, 1, 6, 2, 5, 3, 5, 4, 9, 8, 2, 2, 4, 77, 0]"""
j20,1,reactive,600,True,54,0.08977794647216797,0.2983555793762207,"[0, 0, 0, 0, 9, 9, 11, 13, 11, 20, 23, 23, 23, 15, 29, 31, 35, 44, 52, 39, 22, 0, 54]","[0, 6, 9, 5, 1, 4, 5, 2, 7, 1, 6, 2, 5, 3, 5, 4, 9, 8, 2, 2, 4, 77, 0]"
j20,1,proactive_robust,600,True,77,0.10054755210876465,0.0016095638275146484,"[0, 0, 30, 0, 8, 11, 8, 23, 23, 25, 11, 56, 49, 39, 32, 39, 46, 56, 69, 59, 46, 0, 0, 0, 0, 0, 0, 0, 0, 0, 0, 0, 117]","""[0, 7, 7, 6, 1, 7, 1, 4, 1, 7, 3, 1, 3, 4, 2, 4, 9, 3, 5, 6, 3, 69, 70, 50, 30, 62, 59, 96, 117, 115, 78, 88, 0]"""
j20,1,reactive,600,True,70,0.10054755210876465,0.5762031078338623,"[0, 0, 30, 0, 8, 11, 8, 23, 23, 25, 11, 56, 49, 39, 32, 39, 46, 56, 65, 59, 46, 0, 0, 0, 0, 0, 0, 0, 0, 0, 0, 0, 70]","[0, 7, 7, 6, 1, 7, 1, 4, 1, 7, 3, 1, 3, 4, 2, 4, 9, 3, 5, 6, 3, 69, 70, 50, 30, 62, 59, 96, 117, 115, 78, 88, 0]"
j20,1,proactive_robust,600,True,77,0.10306572914123535,0.0015938282012939453,"[0, 0, 30, 0, 8, 11, 8, 23, 23, 25, 11, 56, 49, 39, 32, 39, 46, 56, 69, 59, 46, 0, 0, 0, 0, 0, 0, 0, 0, 0, 0, 0, 117]","""[0, 4, 4, 6, 1, 8, 1, 4, 1, 3, 3, 2, 6, 6, 1, 6, 8, 4, 5, 7, 3, 69, 70, 50, 30, 62, 59, 96, 117, 115, 78, 88, 0]"""
j20,1,reactive,600,True,74,0.10306572914123535,0.650829553604126,"[0, 0, 30, 0, 8, 11, 8, 23, 23, 25, 11, 56, 49, 39, 32, 39, 46, 56, 69, 59, 46, 0, 0, 0, 0, 0, 0, 0, 0, 0, 0, 0, 74]","[0, 4, 4, 6, 1, 8, 1, 4, 1, 3, 3, 2, 6, 6, 1, 6, 8, 4, 5, 7, 3, 69, 70, 50, 30, 62, 59, 96, 117, 115, 78, 88, 0]"
j20,1,proactive_robust,600,True,77,0.10305523872375488,0.0016019344329833984,"[0, 0, 30, 0, 8, 11, 8, 23, 23, 25, 11, 56, 49, 39, 32, 39, 46, 56, 69, 59, 46, 0, 0, 0, 0, 0, 0, 0, 0, 0, 0, 0, 117]","""[0, 3, 4, 5, 3, 8, 1, 6, 1, 2, 5, 2, 2, 2, 1, 6, 6, 3, 4, 8, 3, 69, 70, 50, 30, 62, 59, 96, 117, 115, 78, 88, 0]"""
j20,1,reactive,600,True,73,0.10305523872375488,0.6048200130462646,"[0, 0, 30, 0, 8, 11, 8, 23, 23, 25, 11, 56, 49, 39, 32, 39, 46, 56, 69, 59, 46, 0, 0, 0, 0, 0, 0, 0, 0, 0, 0, 0, 73]","[0, 3, 4, 5, 3, 8, 1, 6, 1, 2, 5, 2, 2, 2, 1, 6, 6, 3, 4, 8, 3, 69, 70, 50, 30, 62, 59, 96, 117, 115, 78, 88, 0]"
j20,1,proactive_robust,600,True,77,0.10445880889892578,0.0015861988067626953,"[0, 0, 30, 0, 8, 11, 8, 23, 23, 25, 11, 56, 49, 39, 32, 39, 46, 56, 69, 59, 46, 0, 0, 0, 0, 0, 0, 0, 0, 0, 0, 0, 117]","""[0, 8, 5, 3, 2, 9, 2, 2, 2, 2, 4, 2, 5, 2, 1, 6, 9, 4, 3, 6, 2, 69, 70, 50, 30, 62, 59, 96, 117, 115, 78, 88, 0]"""
j20,1,reactive,600,True,68,0.10445880889892578,0.5520024299621582,"[0, 0, 30, 0, 8, 11, 8, 23, 23, 25, 11, 56, 49, 39, 32, 39, 46, 56, 65, 59, 46, 0, 0, 0, 0, 0, 0, 0, 0, 0, 0, 0, 68]","[0, 8, 5, 3, 2, 9, 2, 2, 2, 2, 4, 2, 5, 2, 1, 6, 9, 4, 3, 6, 2, 69, 70, 50, 30, 62, 59, 96, 117, 115, 78, 88, 0]"
j20,1,proactive_robust,600,True,77,0.10281801223754883,0.0016880035400390625,"[0, 0, 30, 0, 8, 11, 8, 23, 23, 25, 11, 56, 49, 39, 32, 39, 46, 56, 69, 59, 46, 0, 0, 0, 0, 0, 0, 0, 0, 0, 0, 0, 117]","""[0, 8, 4, 8, 2, 7, 3, 2, 1, 5, 6, 2, 4, 3, 1, 2, 9, 1, 5, 8, 2, 69, 70, 50, 30, 62, 59, 96, 117, 115, 78, 88, 0]"""
j20,1,reactive,600,True,72,0.10281801223754883,0.533064603805542,"[0, 0, 30, 0, 8, 11, 8, 23, 23, 25, 11, 56, 49, 39, 32, 39, 46, 56, 67, 59, 46, 0, 0, 0, 0, 0, 0, 0, 0, 0, 0, 0, 72]","[0, 8, 4, 8, 2, 7, 3, 2, 1, 5, 6, 2, 4, 3, 1, 2, 9, 1, 5, 8, 2, 69, 70, 50, 30, 62, 59, 96, 117, 115, 78, 88, 0]"
j20,1,proactive_robust,600,True,77,0.09742188453674316,0.0016026496887207031,"[0, 0, 30, 0, 8, 11, 8, 23, 23, 25, 11, 56, 49, 39, 32, 39, 46, 56, 69, 59, 46, 0, 0, 0, 0, 0, 0, 0, 0, 0, 0, 0, 117]","""[0, 8, 7, 7, 3, 10, 3, 3, 2, 2, 6, 2, 4, 3, 1, 5, 7, 3, 7, 8, 1, 69, 70, 50, 30, 62, 59, 96, 117, 115, 78, 88, 0]"""
j20,1,reactive,600,True,76,0.09742188453674316,0.48656702041625977,"[0, 0, 30, 0, 8, 11, 8, 23, 23, 25, 11, 56, 49, 39, 32, 39, 46, 56, 69, 59, 46, 0, 0, 0, 0, 0, 0, 0, 0, 0, 0, 0, 76]","[0, 8, 7, 7, 3, 10, 3, 3, 2, 2, 6, 2, 4, 3, 1, 5, 7, 3, 7, 8, 1, 69, 70, 50, 30, 62, 59, 96, 117, 115, 78, 88, 0]"
j20,1,proactive_robust,600,True,77,0.1051478385925293,0.0015759468078613281,"[0, 0, 30, 0, 8, 11, 8, 23, 23, 25, 11, 56, 49, 39, 32, 39, 46, 56, 69, 59, 46, 0, 0, 0, 0, 0, 0, 0, 0, 0, 0, 0, 117]","""[0, 4, 4, 6, 2, 11, 2, 2, 1, 7, 2, 1, 6, 6, 1, 2, 6, 1, 5, 5, 1, 69, 70, 50, 30, 62, 59, 96, 117, 115, 78, 88, 0]"""
j20,1,reactive,600,True,69,0.1051478385925293,0.640571117401123,"[0, 0, 30, 0, 8, 11, 8, 23, 23, 25, 11, 56, 49, 39, 32, 39, 46, 56, 64, 59, 46, 0, 0, 0, 0, 0, 0, 0, 0, 0, 0, 0, 69]","[0, 4, 4, 6, 2, 11, 2, 2, 1, 7, 2, 1, 6, 6, 1, 2, 6, 1, 5, 5, 1, 69, 70, 50, 30, 62, 59, 96, 117, 115, 78, 88, 0]"
j20,1,proactive_robust,600,True,77,0.1048588752746582,0.0015976428985595703,"[0, 0, 30, 0, 8, 11, 8, 23, 23, 25, 11, 56, 49, 39, 32, 39, 46, 56, 69, 59, 46, 0, 0, 0, 0, 0, 0, 0, 0, 0, 0, 0, 117]","""[0, 6, 5, 3, 2, 10, 1, 2, 2, 2, 2, 2, 5, 3, 1, 4, 10, 2, 7, 7, 2, 69, 70, 50, 30, 62, 59, 96, 117, 115, 78, 88, 0]"""
j20,1,reactive,600,True,73,0.1048588752746582,0.582625150680542,"[0, 0, 30, 0, 8, 11, 8, 23, 23, 25, 11, 56, 49, 39, 32, 39, 46, 56, 66, 59, 46, 0, 0, 0, 0, 0, 0, 0, 0, 0, 0, 0, 73]","[0, 6, 5, 3, 2, 10, 1, 2, 2, 2, 2, 2, 5, 3, 1, 4, 10, 2, 7, 7, 2, 69, 70, 50, 30, 62, 59, 96, 117, 115, 78, 88, 0]"
j20,1,proactive_robust,600,True,77,0.10163331031799316,0.001619100570678711,"[0, 0, 30, 0, 8, 11, 8, 23, 23, 25, 11, 56, 49, 39, 32, 39, 46, 56, 69, 59, 46, 0, 0, 0, 0, 0, 0, 0, 0, 0, 0, 0, 117]","""[0, 7, 4, 3, 3, 11, 2, 3, 2, 2, 4, 1, 6, 6, 1, 3, 10, 4, 7, 8, 2, 69, 70, 50, 30, 62, 59, 96, 117, 115, 78, 88, 0]"""
j20,1,reactive,600,True,76,0.10163331031799316,0.506969690322876,"[0, 0, 30, 0, 8, 11, 8, 23, 23, 25, 11, 56, 49, 39, 32, 39, 46, 56, 69, 59, 46, 0, 0, 0, 0, 0, 0, 0, 0, 0, 0, 0, 76]","[0, 7, 4, 3, 3, 11, 2, 3, 2, 2, 4, 1, 6, 6, 1, 3, 10, 4, 7, 8, 2, 69, 70, 50, 30, 62, 59, 96, 117, 115, 78, 88, 0]"
j20,1,proactive_robust,600,True,77,0.10484004020690918,0.0016667842864990234,"[0, 0, 30, 0, 8, 11, 8, 23, 23, 25, 11, 56, 49, 39, 32, 39, 46, 56, 69, 59, 46, 0, 0, 0, 0, 0, 0, 0, 0, 0, 0, 0, 117]","""[0, 8, 8, 6, 1, 8, 2, 7, 1, 6, 2, 1, 4, 5, 2, 5, 5, 4, 6, 8, 3, 69, 70, 50, 30, 62, 59, 96, 117, 115, 78, 88, 0]"""
j20,1,reactive,600,True,75,0.10484004020690918,0.5048749446868896,"[0, 0, 30, 0, 8, 11, 8, 23, 23, 25, 11, 56, 49, 39, 32, 39, 46, 56, 69, 59, 46, 0, 0, 0, 0, 0, 0, 0, 0, 0, 0, 0, 75]","[0, 8, 8, 6, 1, 8, 2, 7, 1, 6, 2, 1, 4, 5, 2, 5, 5, 4, 6, 8, 3, 69, 70, 50, 30, 62, 59, 96, 117, 115, 78, 88, 0]"
j20,1,proactive_robust,600,True,41,0.0891718864440918,0.0006520748138427734,"[0, 0, 0, 0, 3, 3, 4, 3, 11, 8, 15, 23, 15, 19, 19, 23, 30, 30, 32, 34, 23, 0, 0, 118]","""[0, 2, 1, 4, 5, 9, 2, 5, 5, 3, 6, 5, 3, 1, 4, 4, 2, 3, 8, 5, 7, 118, 116, 0]"""
j20,1,reactive,600,True,40,0.0891718864440918,0.4147987365722656,"[0, 0, 0, 0, 3, 3, 4, 3, 11, 8, 15, 23, 15, 19, 19, 23, 30, 30, 32, 34, 23, 0, 0, 40]","[0, 2, 1, 4, 5, 9, 2, 5, 5, 3, 6, 5, 3, 1, 4, 4, 2, 3, 8, 5, 7, 118, 116, 0]"
j20,1,proactive_robust,600,True,41,0.08843159675598145,0.0006504058837890625,"[0, 0, 0, 0, 3, 3, 4, 3, 11, 8, 15, 23, 15, 19, 19, 23, 30, 30, 32, 34, 23, 0, 0, 118]","""[0, 4, 2, 5, 2, 8, 3, 3, 4, 7, 3, 4, 1, 4, 6, 4, 2, 4, 7, 7, 3, 118, 116, 0]"""
j20,1,reactive,600,True,41,0.08843159675598145,0.35135364532470703,"[0, 0, 0, 0, 3, 3, 4, 3, 11, 8, 15, 23, 15, 19, 19, 23, 30, 30, 32, 34, 23, 0, 0, 41]","[0, 4, 2, 5, 2, 8, 3, 3, 4, 7, 3, 4, 1, 4, 6, 4, 2, 4, 7, 7, 3, 118, 116, 0]"
j20,1,proactive_robust,600,True,41,0.09054684638977051,0.0006818771362304688,"[0, 0, 0, 0, 3, 3, 4, 3, 11, 8, 15, 23, 15, 19, 19, 23, 30, 30, 32, 34, 23, 0, 0, 118]","""[0, 1, 1, 8, 4, 8, 4, 3, 8, 7, 4, 4, 2, 3, 8, 7, 1, 4, 8, 6, 8, 118, 116, 0]"""
j20,1,reactive,600,True,40,0.09054684638977051,0.2875039577484131,"[0, 0, 0, 0, 3, 3, 4, 3, 11, 8, 15, 23, 15, 19, 19, 23, 30, 30, 32, 34, 23, 0, 0, 40]","[0, 1, 1, 8, 4, 8, 4, 3, 8, 7, 4, 4, 2, 3, 8, 7, 1, 4, 8, 6, 8, 118, 116, 0]"
j20,1,proactive_robust,600,True,41,0.08461380004882812,0.0006732940673828125,"[0, 0, 0, 0, 3, 3, 4, 3, 11, 8, 15, 23, 15, 19, 19, 23, 30, 30, 32, 34, 23, 0, 0, 118]","""[0, 1, 2, 8, 5, 7, 2, 4, 5, 2, 6, 5, 3, 4, 9, 4, 4, 4, 3, 7, 8, 118, 116, 0]"""
j20,1,reactive,600,True,41,0.08461380004882812,0.3385169506072998,"[0, 0, 0, 0, 3, 3, 4, 3, 11, 8, 15, 23, 15, 19, 19, 23, 30, 30, 28, 34, 23, 0, 0, 41]","[0, 1, 2, 8, 5, 7, 2, 4, 5, 2, 6, 5, 3, 4, 9, 4, 4, 4, 3, 7, 8, 118, 116, 0]"
j20,1,proactive_robust,600,True,41,0.08926796913146973,0.0006635189056396484,"[0, 0, 0, 0, 3, 3, 4, 3, 11, 8, 15, 23, 15, 19, 19, 23, 30, 30, 32, 34, 23, 0, 0, 118]","""[0, 3, 1, 4, 6, 9, 6, 5, 4, 2, 5, 6, 2, 2, 9, 5, 4, 2, 5, 5, 6, 118, 116, 0]"""
j20,1,reactive,600,True,39,0.08926796913146973,0.45111942291259766,"[0, 0, 0, 0, 3, 3, 4, 3, 11, 8, 15, 23, 15, 19, 19, 23, 30, 30, 32, 34, 23, 0, 0, 39]","[0, 3, 1, 4, 6, 9, 6, 5, 4, 2, 5, 6, 2, 2, 9, 5, 4, 2, 5, 5, 6, 118, 116, 0]"
j20,1,proactive_robust,600,True,41,0.08788228034973145,0.0006644725799560547,"[0, 0, 0, 0, 3, 3, 4, 3, 11, 8, 15, 23, 15, 19, 19, 23, 30, 30, 32, 34, 23, 0, 0, 118]","""[0, 3, 1, 6, 6, 6, 6, 7, 6, 6, 5, 6, 2, 3, 7, 2, 2, 4, 4, 3, 5, 118, 116, 0]"""
j20,1,reactive,600,True,37,0.08788228034973145,0.3748593330383301,"[0, 0, 0, 0, 3, 3, 4, 3, 11, 8, 15, 23, 15, 19, 19, 23, 30, 30, 32, 34, 23, 0, 0, 37]","[0, 3, 1, 6, 6, 6, 6, 7, 6, 6, 5, 6, 2, 3, 7, 2, 2, 4, 4, 3, 5, 118, 116, 0]"
j20,1,proactive_robust,600,True,41,0.09058547019958496,0.0006761550903320312,"[0, 0, 0, 0, 3, 3, 4, 3, 11, 8, 15, 23, 15, 19, 19, 23, 30, 30, 32, 34, 23, 0, 0, 118]","""[0, 3, 1, 8, 5, 6, 5, 3, 8, 7, 7, 9, 3, 4, 8, 2, 3, 1, 8, 2, 5, 118, 116, 0]"""
j20,1,reactive,600,True,40,0.09058547019958496,0.314746618270874,"[0, 0, 0, 0, 3, 3, 4, 3, 11, 8, 15, 23, 15, 19, 19, 23, 30, 30, 32, 34, 23, 0, 0, 40]","[0, 3, 1, 8, 5, 6, 5, 3, 8, 7, 7, 9, 3, 4, 8, 2, 3, 1, 8, 2, 5, 118, 116, 0]"
j20,1,proactive_robust,600,True,41,0.08666110038757324,0.0006721019744873047,"[0, 0, 0, 0, 3, 3, 4, 3, 11, 8, 15, 23, 15, 19, 19, 23, 30, 30, 32, 34, 23, 0, 0, 118]","""[0, 1, 1, 4, 3, 8, 7, 4, 8, 7, 7, 4, 4, 2, 4, 6, 4, 1, 7, 2, 8, 118, 116, 0]"""
j20,1,reactive,600,True,39,0.08666110038757324,0.3052356243133545,"[0, 0, 0, 0, 3, 3, 4, 3, 11, 8, 15, 23, 15, 19, 19, 23, 30, 30, 32, 34, 23, 0, 0, 39]","[0, 1, 1, 4, 3, 8, 7, 4, 8, 7, 7, 4, 4, 2, 4, 6, 4, 1, 7, 2, 8, 118, 116, 0]"
j20,1,proactive_robust,600,True,41,0.08765149116516113,0.0006504058837890625,"[0, 0, 0, 0, 3, 3, 4, 3, 11, 8, 15, 23, 15, 19, 19, 23, 30, 30, 32, 34, 23, 0, 0, 118]","""[0, 1, 1, 7, 5, 8, 4, 7, 7, 2, 3, 6, 1, 3, 6, 4, 4, 2, 5, 2, 5, 118, 116, 0]"""
j20,1,reactive,600,True,37,0.08765149116516113,0.45002245903015137,"[0, 0, 0, 0, 3, 3, 4, 3, 11, 8, 15, 23, 15, 19, 19, 23, 30, 30, 32, 34, 23, 0, 0, 37]","[0, 1, 1, 7, 5, 8, 4, 7, 7, 2, 3, 6, 1, 3, 6, 4, 4, 2, 5, 2, 5, 118, 116, 0]"
j20,1,proactive_robust,600,True,41,0.09020709991455078,0.0006477832794189453,"[0, 0, 0, 0, 3, 3, 4, 3, 11, 8, 15, 23, 15, 19, 19, 23, 30, 30, 32, 34, 23, 0, 0, 118]","""[0, 1, 1, 4, 3, 12, 7, 8, 3, 2, 6, 5, 3, 2, 5, 6, 2, 1, 3, 2, 5, 118, 116, 0]"""
j20,1,reactive,600,True,35,0.09020709991455078,0.38579297065734863,"[0, 0, 0, 0, 3, 3, 4, 3, 11, 8, 15, 23, 15, 19, 19, 23, 30, 30, 32, 32, 23, 0, 0, 35]","[0, 1, 1, 4, 3, 12, 7, 8, 3, 2, 6, 5, 3, 2, 5, 6, 2, 1, 3, 2, 5, 118, 116, 0]"
j20,1,proactive_robust,600,True,61,0.09372711181640625,0.0014386177062988281,"[0, 0, 0, 0, 10, 4, 13, 13, 40, 17, 7, 23, 22, 31, 22, 30, 47, 30, 57, 37, 43, 0, 0, 0, 0, 0, 0, 0, 0, 0, 0, 148]","""[0, 3, 9, 3, 2, 4, 8, 4, 2, 3, 5, 8, 5, 9, 2, 8, 9, 6, 3, 9, 12, 85, 148, 8, 39, 22, 111, 84, 50, 72, 68, 0]"""
j20,1,reactive,600,True,60,0.09372711181640625,0.40613722801208496,"[0, 0, 0, 0, 10, 4, 13, 13, 40, 17, 7, 23, 22, 31, 22, 30, 47, 30, 57, 37, 43, 0, 0, 0, 0, 0, 0, 0, 0, 0, 0, 60]","[0, 3, 9, 3, 2, 4, 8, 4, 2, 3, 5, 8, 5, 9, 2, 8, 9, 6, 3, 9, 12, 85, 148, 8, 39, 22, 111, 84, 50, 72, 68, 0]"
j20,1,proactive_robust,600,True,61,0.09342312812805176,0.0014507770538330078,"[0, 0, 0, 0, 10, 4, 13, 13, 40, 17, 7, 23, 22, 31, 22, 30, 47, 30, 57, 37, 43, 0, 0, 0, 0, 0, 0, 0, 0, 0, 0, 148]","""[0, 7, 9, 1, 3, 3, 3, 8, 1, 6, 9, 8, 7, 8, 7, 8, 5, 6, 4, 7, 9, 85, 148, 8, 39, 22, 111, 84, 50, 72, 68, 0]"""
j20,1,reactive,600,True,56,0.09342312812805176,0.37871885299682617,"[0, 0, 0, 0, 10, 4, 13, 13, 40, 17, 7, 23, 22, 31, 22, 30, 47, 30, 52, 37, 43, 0, 0, 0, 0, 0, 0, 0, 0, 0, 0, 56]","[0, 7, 9, 1, 3, 3, 3, 8, 1, 6, 9, 8, 7, 8, 7, 8, 5, 6, 4, 7, 9, 85, 148, 8, 39, 22, 111, 84, 50, 72, 68, 0]"
j20,1,proactive_robust,600,True,61,0.0951073169708252,0.0014014244079589844,"[0, 0, 0, 0, 10, 4, 13, 13, 40, 17, 7, 23, 22, 31, 22, 30, 47, 30, 57, 37, 43, 0, 0, 0, 0, 0, 0, 0, 0, 0, 0, 148]","""[0, 5, 7, 3, 3, 4, 4, 5, 2, 6, 8, 3, 5, 4, 2, 7, 8, 7, 3, 6, 11, 85, 148, 8, 39, 22, 111, 84, 50, 72, 68, 0]"""
j20,1,reactive,600,True,58,0.0951073169708252,0.4194669723510742,"[0, 0, 0, 0, 10, 4, 13, 13, 40, 17, 7, 23, 22, 31, 22, 30, 47, 30, 55, 37, 43, 0, 0, 0, 0, 0, 0, 0, 0, 0, 0, 58]","[0, 5, 7, 3, 3, 4, 4, 5, 2, 6, 8, 3, 5, 4, 2, 7, 8, 7, 3, 6, 11, 85, 148, 8, 39, 22, 111, 84, 50, 72, 68, 0]"
j20,1,proactive_robust,600,True,61,0.09394526481628418,0.001428365707397461,"[0, 0, 0, 0, 10, 4, 13, 13, 40, 17, 7, 23, 22, 31, 22, 30, 47, 30, 57, 37, 43, 0, 0, 0, 0, 0, 0, 0, 0, 0, 0, 148]","""[0, 2, 5, 2, 3, 1, 7, 9, 1, 6, 5, 3, 4, 5, 6, 12, 10, 6, 3, 7, 12, 85, 148, 8, 39, 22, 111, 84, 50, 72, 68, 0]"""
j20,1,reactive,600,True,60,0.09394526481628418,0.43908214569091797,"[0, 0, 0, 0, 10, 4, 13, 13, 40, 17, 7, 23, 22, 31, 22, 30, 47, 30, 57, 37, 43, 0, 0, 0, 0, 0, 0, 0, 0, 0, 0, 60]","[0, 2, 5, 2, 3, 1, 7, 9, 1, 6, 5, 3, 4, 5, 6, 12, 10, 6, 3, 7, 12, 85, 148, 8, 39, 22, 111, 84, 50, 72, 68, 0]"
j20,1,proactive_robust,600,True,61,0.09367799758911133,0.0014233589172363281,"[0, 0, 0, 0, 10, 4, 13, 13, 40, 17, 7, 23, 22, 31, 22, 30, 47, 30, 57, 37, 43, 0, 0, 0, 0, 0, 0, 0, 0, 0, 0, 148]","""[0, 7, 5, 1, 2, 4, 7, 9, 1, 2, 10, 3, 7, 7, 5, 7, 7, 3, 1, 9, 8, 85, 148, 8, 39, 22, 111, 84, 50, 72, 68, 0]"""
j20,1,reactive,600,True,55,0.09367799758911133,0.43832874298095703,"[0, 0, 0, 0, 10, 4, 13, 13, 40, 17, 7, 23, 22, 31, 22, 30, 47, 30, 54, 37, 43, 0, 0, 0, 0, 0, 0, 0, 0, 0, 0, 55]","[0, 7, 5, 1, 2, 4, 7, 9, 1, 2, 10, 3, 7, 7, 5, 7, 7, 3, 1, 9, 8, 85, 148, 8, 39, 22, 111, 84, 50, 72, 68, 0]"
j20,1,proactive_robust,600,True,61,0.09418487548828125,0.0014383792877197266,"[0, 0, 0, 0, 10, 4, 13, 13, 40, 17, 7, 23, 22, 31, 22, 30, 47, 30, 57, 37, 43, 0, 0, 0, 0, 0, 0, 0, 0, 0, 0, 148]","""[0, 3, 8, 3, 2, 3, 8, 8, 2, 2, 8, 7, 6, 8, 7, 7, 9, 5, 4, 10, 6, 85, 148, 8, 39, 22, 111, 84, 50, 72, 68, 0]"""
j20,1,reactive,600,True,60,0.09418487548828125,0.47016429901123047,"[0, 0, 0, 0, 10, 4, 13, 13, 40, 17, 7, 23, 22, 31, 22, 30, 47, 30, 56, 37, 43, 0, 0, 0, 0, 0, 0, 0, 0, 0, 0, 60]","[0, 3, 8, 3, 2, 3, 8, 8, 2, 2, 8, 7, 6, 8, 7, 7, 9, 5, 4, 10, 6, 85, 148, 8, 39, 22, 111, 84, 50, 72, 68, 0]"
j20,1,proactive_robust,600,True,61,0.09354233741760254,0.0014195442199707031,"[0, 0, 0, 0, 10, 4, 13, 13, 40, 17, 7, 23, 22, 31, 22, 30, 47, 30, 57, 37, 43, 0, 0, 0, 0, 0, 0, 0, 0, 0, 0, 148]","""[0, 2, 10, 4, 3, 1, 4, 4, 2, 2, 10, 7, 3, 4, 4, 13, 5, 7, 4, 8, 11, 85, 148, 8, 39, 22, 111, 84, 50, 72, 68, 0]"""
j20,1,reactive,600,True,56,0.09354233741760254,0.33787107467651367,"[0, 0, 0, 0, 10, 4, 13, 13, 40, 17, 7, 23, 22, 31, 22, 30, 47, 30, 52, 37, 43, 0, 0, 0, 0, 0, 0, 0, 0, 0, 0, 56]","[0, 2, 10, 4, 3, 1, 4, 4, 2, 2, 10, 7, 3, 4, 4, 13, 5, 7, 4, 8, 11, 85, 148, 8, 39, 22, 111, 84, 50, 72, 68, 0]"
j20,1,proactive_robust,600,True,61,0.09646296501159668,0.001435995101928711,"[0, 0, 0, 0, 10, 4, 13, 13, 40, 17, 7, 23, 22, 31, 22, 30, 47, 30, 57, 37, 43, 0, 0, 0, 0, 0, 0, 0, 0, 0, 0, 148]","""[0, 6, 9, 1, 2, 2, 7, 7, 1, 3, 6, 3, 4, 4, 7, 9, 7, 6, 3, 9, 7, 85, 148, 8, 39, 22, 111, 84, 50, 72, 68, 0]"""
j20,1,reactive,600,True,57,0.09646296501159668,0.5374526977539062,"[0, 0, 0, 0, 10, 4, 13, 13, 40, 17, 7, 23, 22, 31, 22, 30, 47, 30, 54, 37, 43, 0, 0, 0, 0, 0, 0, 0, 0, 0, 0, 57]","[0, 6, 9, 1, 2, 2, 7, 7, 1, 3, 6, 3, 4, 4, 7, 9, 7, 6, 3, 9, 7, 85, 148, 8, 39, 22, 111, 84, 50, 72, 68, 0]"
j20,1,proactive_robust,600,True,61,0.09285521507263184,0.0014035701751708984,"[0, 0, 0, 0, 10, 4, 13, 13, 40, 17, 7, 23, 22, 31, 22, 30, 47, 30, 57, 37, 43, 0, 0, 0, 0, 0, 0, 0, 0, 0, 0, 148]","""[0, 2, 8, 1, 1, 2, 6, 8, 1, 2, 8, 8, 7, 7, 4, 6, 7, 3, 4, 10, 6, 85, 148, 8, 39, 22, 111, 84, 50, 72, 68, 0]"""
j20,1,reactive,600,True,58,0.09285521507263184,0.5219001770019531,"[0, 0, 0, 0, 10, 4, 13, 13, 40, 17, 7, 23, 22, 31, 22, 30, 47, 30, 54, 37, 43, 0, 0, 0, 0, 0, 0, 0, 0, 0, 0, 58]","[0, 2, 8, 1, 1, 2, 6, 8, 1, 2, 8, 8, 7, 7, 4, 6, 7, 3, 4, 10, 6, 85, 148, 8, 39, 22, 111, 84, 50, 72, 68, 0]"
j20,1,proactive_robust,600,True,61,0.09475445747375488,0.001428365707397461,"[0, 0, 0, 0, 10, 4, 13, 13, 40, 17, 7, 23, 22, 31, 22, 30, 47, 30, 57, 37, 43, 0, 0, 0, 0, 0, 0, 0, 0, 0, 0, 148]","""[0, 2, 7, 3, 3, 3, 7, 9, 2, 4, 7, 3, 7, 5, 4, 13, 5, 4, 3, 6, 11, 85, 148, 8, 39, 22, 111, 84, 50, 72, 68, 0]"""
j20,1,reactive,600,True,55,0.09475445747375488,0.4577465057373047,"[0, 0, 0, 0, 10, 4, 13, 13, 40, 17, 7, 23, 22, 31, 22, 30, 47, 30, 52, 37, 43, 0, 0, 0, 0, 0, 0, 0, 0, 0, 0, 55]","[0, 2, 7, 3, 3, 3, 7, 9, 2, 4, 7, 3, 7, 5, 4, 13, 5, 4, 3, 6, 11, 85, 148, 8, 39, 22, 111, 84, 50, 72, 68, 0]"
j20,1,proactive_robust,600,True,55,0.09478044509887695,0.0012443065643310547,"[0, 0, 0, 0, 13, 13, 12, 16, 24, 6, 14, 28, 24, 24, 34, 19, 32, 37, 46, 37, 16, 0, 0, 0, 0, 0, 0, 0, 139]","""[0, 4, 7, 11, 5, 1, 2, 5, 5, 5, 8, 7, 8, 7, 12, 8, 2, 2, 5, 4, 4, 139, 31, 102, 45, 77, 124, 51, 0]"""
j20,1,reactive,600,True,51,0.09478044509887695,0.4323854446411133,"[0, 0, 0, 0, 13, 13, 12, 16, 24, 6, 14, 28, 24, 24, 34, 19, 32, 37, 46, 37, 16, 0, 0, 0, 0, 0, 0, 0, 51]","[0, 4, 7, 11, 5, 1, 2, 5, 5, 5, 8, 7, 8, 7, 12, 8, 2, 2, 5, 4, 4, 139, 31, 102, 45, 77, 124, 51, 0]"
j20,1,proactive_robust,600,True,55,0.09169602394104004,0.0012350082397460938,"[0, 0, 0, 0, 13, 13, 12, 16, 24, 6, 14, 28, 24, 24, 34, 19, 32, 37, 46, 37, 16, 0, 0, 0, 0, 0, 0, 0, 139]","""[0, 3, 7, 13, 4, 1, 1, 7, 10, 5, 5, 8, 6, 9, 6, 8, 3, 2, 6, 2, 7, 139, 31, 102, 45, 77, 124, 51, 0]"""
j20,1,reactive,600,True,46,0.09169602394104004,0.37696146965026855,"[0, 0, 0, 0, 13, 13, 12, 16, 24, 6, 14, 28, 24, 24, 34, 19, 32, 37, 40, 37, 16, 0, 0, 0, 0, 0, 0, 0, 46]","[0, 3, 7, 13, 4, 1, 1, 7, 10, 5, 5, 8, 6, 9, 6, 8, 3, 2, 6, 2, 7, 139, 31, 102, 45, 77, 124, 51, 0]"
j20,1,proactive_robust,600,True,55,0.09277176856994629,0.0012400150299072266,"[0, 0, 0, 0, 13, 13, 12, 16, 24, 6, 14, 28, 24, 24, 34, 19, 32, 37, 46, 37, 16, 0, 0, 0, 0, 0, 0, 0, 139]","""[0, 2, 9, 12, 6, 4, 2, 5, 10, 3, 5, 5, 8, 8, 7, 4, 1, 3, 9, 3, 3, 139, 31, 102, 45, 77, 124, 51, 0]"""
j20,1,reactive,600,True,50,0.09277176856994629,0.39232730865478516,"[0, 0, 0, 0, 13, 13, 12, 16, 24, 6, 14, 28, 24, 24, 34, 19, 32, 37, 41, 37, 16, 0, 0, 0, 0, 0, 0, 0, 50]","[0, 2, 9, 12, 6, 4, 2, 5, 10, 3, 5, 5, 8, 8, 7, 4, 1, 3, 9, 3, 3, 139, 31, 102, 45, 77, 124, 51, 0]"
j20,1,proactive_robust,600,True,55,0.0918588638305664,0.0012519359588623047,"[0, 0, 0, 0, 13, 13, 12, 16, 24, 6, 14, 28, 24, 24, 34, 19, 32, 37, 46, 37, 16, 0, 0, 0, 0, 0, 0, 0, 139]","""[0, 5, 9, 11, 5, 2, 4, 7, 10, 8, 7, 7, 7, 8, 6, 9, 3, 2, 4, 2, 3, 139, 31, 102, 45, 77, 124, 51, 0]"""
j20,1,reactive,600,True,44,0.0918588638305664,0.3624541759490967,"[0, 0, 0, 0, 13, 13, 12, 16, 24, 6, 14, 28, 24, 24, 34, 19, 32, 37, 40, 37, 16, 0, 0, 0, 0, 0, 0, 0, 44]","[0, 5, 9, 11, 5, 2, 4, 7, 10, 8, 7, 7, 7, 8, 6, 9, 3, 2, 4, 2, 3, 139, 31, 102, 45, 77, 124, 51, 0]"
j20,1,proactive_robust,600,True,55,0.09296727180480957,0.0012440681457519531,"[0, 0, 0, 0, 13, 13, 12, 16, 24, 6, 14, 28, 24, 24, 34, 19, 32, 37, 46, 37, 16, 0, 0, 0, 0, 0, 0, 0, 139]","""[0, 5, 9, 8, 6, 4, 2, 3, 8, 3, 9, 5, 7, 4, 9, 7, 2, 1, 4, 2, 4, 139, 31, 102, 45, 77, 124, 51, 0]"""
j20,1,reactive,600,True,50,0.09296727180480957,0.4211556911468506,"[0, 0, 0, 0, 13, 13, 12, 16, 24, 6, 14, 28, 24, 24, 34, 19, 32, 37, 46, 37, 16, 0, 0, 0, 0, 0, 0, 0, 50]","[0, 5, 9, 8, 6, 4, 2, 3, 8, 3, 9, 5, 7, 4, 9, 7, 2, 1, 4, 2, 4, 139, 31, 102, 45, 77, 124, 51, 0]"
j20,1,proactive_robust,600,True,55,0.09216451644897461,0.001245737075805664,"[0, 0, 0, 0, 13, 13, 12, 16, 24, 6, 14, 28, 24, 24, 34, 19, 32, 37, 46, 37, 16, 0, 0, 0, 0, 0, 0, 0, 139]","""[0, 4, 6, 12, 6, 3, 1, 6, 6, 8, 9, 5, 8, 5, 11, 8, 2, 1, 7, 4, 6, 139, 31, 102, 45, 77, 124, 51, 0]"""
j20,1,reactive,600,True,53,0.09216451644897461,0.36267924308776855,"[0, 0, 0, 0, 13, 13, 12, 16, 24, 6, 14, 28, 24, 24, 34, 19, 32, 37, 46, 37, 16, 0, 0, 0, 0, 0, 0, 0, 53]","[0, 4, 6, 12, 6, 3, 1, 6, 6, 8, 9, 5, 8, 5, 11, 8, 2, 1, 7, 4, 6, 139, 31, 102, 45, 77, 124, 51, 0]"
j20,1,proactive_robust,600,True,55,0.09244775772094727,0.0012128353118896484,"[0, 0, 0, 0, 13, 13, 12, 16, 24, 6, 14, 28, 24, 24, 34, 19, 32, 37, 46, 37, 16, 0, 0, 0, 0, 0, 0, 0, 139]","""[0, 3, 6, 13, 5, 1, 2, 8, 10, 3, 7, 5, 3, 7, 7, 8, 1, 1, 5, 2, 2, 139, 31, 102, 45, 77, 124, 51, 0]"""
j20,1,reactive,600,True,46,0.09244775772094727,0.43276214599609375,"[0, 0, 0, 0, 13, 13, 12, 16, 24, 6, 14, 28, 24, 24, 34, 19, 32, 37, 41, 37, 16, 0, 0, 0, 0, 0, 0, 0, 46]","[0, 3, 6, 13, 5, 1, 2, 8, 10, 3, 7, 5, 3, 7, 7, 8, 1, 1, 5, 2, 2, 139, 31, 102, 45, 77, 124, 51, 0]"
j20,1,proactive_robust,600,True,55,0.09273743629455566,0.001245260238647461,"[0, 0, 0, 0, 13, 13, 12, 16, 24, 6, 14, 28, 24, 24, 34, 19, 32, 37, 46, 37, 16, 0, 0, 0, 0, 0, 0, 0, 139]","""[0, 4, 11, 12, 3, 2, 1, 6, 5, 6, 8, 4, 5, 8, 9, 8, 3, 1, 9, 4, 4, 139, 31, 102, 45, 77, 124, 51, 0]"""
j20,1,reactive,600,True,52,0.09273743629455566,0.4159712791442871,"[0, 0, 0, 0, 13, 13, 12, 16, 24, 6, 14, 28, 24, 24, 34, 19, 32, 37, 43, 37, 16, 0, 0, 0, 0, 0, 0, 0, 52]","[0, 4, 11, 12, 3, 2, 1, 6, 5, 6, 8, 4, 5, 8, 9, 8, 3, 1, 9, 4, 4, 139, 31, 102, 45, 77, 124, 51, 0]"
j20,1,proactive_robust,600,True,55,0.09439802169799805,0.0012540817260742188,"[0, 0, 0, 0, 13, 13, 12, 16, 24, 6, 14, 28, 24, 24, 34, 19, 32, 37, 46, 37, 16, 0, 0, 0, 0, 0, 0, 0, 139]","""[0, 3, 12, 11, 3, 3, 3, 5, 6, 8, 6, 5, 8, 4, 11, 7, 1, 2, 7, 2, 7, 139, 31, 102, 45, 77, 124, 51, 0]"""
j20,1,reactive,600,True,53,0.09439802169799805,0.36478424072265625,"[0, 0, 0, 0, 13, 13, 12, 16, 24, 6, 14, 28, 24, 24, 34, 19, 32, 37, 46, 37, 16, 0, 0, 0, 0, 0, 0, 0, 53]","[0, 3, 12, 11, 3, 3, 3, 5, 6, 8, 6, 5, 8, 4, 11, 7, 1, 2, 7, 2, 7, 139, 31, 102, 45, 77, 124, 51, 0]"
j20,1,proactive_robust,600,True,55,0.09276294708251953,0.0012278556823730469,"[0, 0, 0, 0, 13, 13, 12, 16, 24, 6, 14, 28, 24, 24, 34, 19, 32, 37, 46, 37, 16, 0, 0, 0, 0, 0, 0, 0, 139]","""[0, 5, 9, 6, 4, 3, 3, 8, 5, 5, 5, 5, 5, 7, 12, 7, 3, 4, 5, 4, 4, 139, 31, 102, 45, 77, 124, 51, 0]"""
j20,1,reactive,600,True,51,0.09276294708251953,0.4176747798919678,"[0, 0, 0, 0, 13, 13, 12, 16, 24, 6, 14, 28, 24, 24, 34, 19, 32, 37, 46, 37, 16, 0, 0, 0, 0, 0, 0, 0, 51]","[0, 5, 9, 6, 4, 3, 3, 8, 5, 5, 5, 5, 5, 7, 12, 7, 3, 4, 5, 4, 4, 139, 31, 102, 45, 77, 124, 51, 0]"
j20,1,proactive_robust,600,True,74,0.148637056350708,0.0006997585296630859,"[0, 8, 0, 0, 9, 19, 21, 30, 9, 38, 38, 30, 46, 21, 24, 19, 53, 46, 55, 55, 65, 0, 0, 0, 131]","""[0, 10, 7, 5, 7, 1, 5, 3, 2, 7, 8, 8, 5, 3, 6, 2, 6, 9, 6, 8, 9, 131, 19, 75, 0]"""
j20,1,reactive,600,True,72,0.148637056350708,0.4430198669433594,"[0, 8, 0, 0, 9, 19, 21, 30, 9, 38, 38, 30, 46, 21, 24, 19, 53, 46, 55, 55, 63, 0, 0, 0, 72]","[0, 10, 7, 5, 7, 1, 5, 3, 2, 7, 8, 8, 5, 3, 6, 2, 6, 9, 6, 8, 9, 131, 19, 75, 0]"
j20,1,proactive_robust,600,True,74,0.0942683219909668,0.0007026195526123047,"[0, 8, 0, 0, 9, 19, 21, 30, 9, 38, 38, 30, 46, 21, 24, 19, 53, 46, 55, 55, 65, 0, 0, 0, 131]","""[0, 9, 6, 7, 9, 2, 8, 6, 3, 7, 8, 6, 6, 1, 2, 3, 5, 9, 10, 7, 7, 131, 19, 75, 0]"""
j20,1,reactive,600,True,72,0.0942683219909668,0.4956789016723633,"[0, 8, 0, 0, 9, 19, 21, 30, 9, 38, 38, 30, 46, 21, 24, 19, 53, 46, 55, 55, 65, 0, 0, 0, 72]","[0, 9, 6, 7, 9, 2, 8, 6, 3, 7, 8, 6, 6, 1, 2, 3, 5, 9, 10, 7, 7, 131, 19, 75, 0]"
j20,1,proactive_robust,600,True,74,0.09663772583007812,0.0006687641143798828,"[0, 8, 0, 0, 9, 19, 21, 30, 9, 38, 38, 30, 46, 21, 24, 19, 53, 46, 55, 55, 65, 0, 0, 0, 131]","""[0, 8, 3, 7, 10, 2, 4, 6, 3, 8, 6, 8, 2, 2, 3, 2, 2, 7, 5, 5, 4, 131, 19, 75, 0]"""
j20,1,reactive,600,True,64,0.09663772583007812,0.45337724685668945,"[0, 8, 0, 0, 9, 19, 21, 30, 9, 38, 38, 30, 46, 21, 24, 19, 53, 46, 55, 55, 60, 0, 0, 0, 64]","[0, 8, 3, 7, 10, 2, 4, 6, 3, 8, 6, 8, 2, 2, 3, 2, 2, 7, 5, 5, 4, 131, 19, 75, 0]"
j20,1,proactive_robust,600,True,74,0.09933590888977051,0.0007054805755615234,"[0, 8, 0, 0, 9, 19, 21, 30, 9, 38, 38, 30, 46, 21, 24, 19, 53, 46, 55, 55, 65, 0, 0, 0, 131]","""[0, 13, 8, 5, 9, 2, 8, 7, 3, 6, 5, 8, 4, 1, 3, 3, 5, 9, 10, 8, 5, 131, 19, 75, 0]"""
j20,1,reactive,600,True,70,0.09933590888977051,0.4051632881164551,"[0, 8, 0, 0, 9, 19, 21, 30, 9, 38, 38, 30, 46, 21, 24, 19, 53, 46, 55, 55, 65, 0, 0, 0, 70]","[0, 13, 8, 5, 9, 2, 8, 7, 3, 6, 5, 8, 4, 1, 3, 3, 5, 9, 10, 8, 5, 131, 19, 75, 0]"
j20,1,proactive_robust,600,True,74,0.09812283515930176,0.0006940364837646484,"[0, 8, 0, 0, 9, 19, 21, 30, 9, 38, 38, 30, 46, 21, 24, 19, 53, 46, 55, 55, 65, 0, 0, 0, 131]","""[0, 9, 8, 6, 7, 1, 7, 8, 4, 8, 8, 8, 4, 1, 3, 5, 5, 5, 7, 7, 4, 131, 19, 75, 0]"""
j20,1,reactive,600,True,69,0.09812283515930176,0.42183828353881836,"[0, 8, 0, 0, 9, 19, 21, 30, 9, 38, 38, 30, 46, 21, 24, 19, 53, 46, 55, 55, 65, 0, 0, 0, 69]","[0, 9, 8, 6, 7, 1, 7, 8, 4, 8, 8, 8, 4, 1, 3, 5, 5, 5, 7, 7, 4, 131, 19, 75, 0]"
j20,1,proactive_robust,600,True,74,0.0964512825012207,0.0006806850433349609,"[0, 8, 0, 0, 9, 19, 21, 30, 9, 38, 38, 30, 46, 21, 24, 19, 53, 46, 55, 55, 65, 0, 0, 0, 131]","""[0, 7, 8, 9, 7, 1, 4, 4, 2, 7, 9, 3, 3, 3, 2, 6, 5, 5, 9, 8, 6, 131, 19, 75, 0]"""
j20,1,reactive,600,True,71,0.0964512825012207,0.44622254371643066,"[0, 8, 0, 0, 9, 19, 21, 30, 9, 38, 38, 30, 46, 21, 24, 19, 53, 46, 55, 55, 65, 0, 0, 0, 71]","[0, 7, 8, 9, 7, 1, 4, 4, 2, 7, 9, 3, 3, 3, 2, 6, 5, 5, 9, 8, 6, 131, 19, 75, 0]"
j20,1,proactive_robust,600,True,74,0.094635009765625,0.0006785392761230469,"[0, 8, 0, 0, 9, 19, 21, 30, 9, 38, 38, 30, 46, 21, 24, 19, 53, 46, 55, 55, 65, 0, 0, 0, 131]","""[0, 11, 6, 9, 9, 2, 7, 3, 3, 7, 6, 3, 5, 1, 2, 4, 6, 9, 5, 7, 5, 131, 19, 75, 0]"""
j20,1,reactive,600,True,70,0.094635009765625,0.4537670612335205,"[0, 8, 0, 0, 9, 19, 21, 30, 9, 38, 38, 30, 46, 21, 24, 19, 53, 46, 55, 55, 65, 0, 0, 0, 70]","[0, 11, 6, 9, 9, 2, 7, 3, 3, 7, 6, 3, 5, 1, 2, 4, 6, 9, 5, 7, 5, 131, 19, 75, 0]"
j20,1,proactive_robust,600,True,54,0.10084056854248047,0.0006062984466552734,"[0, 0, 11, 0, 3, 11, 13, 21, 14, 33, 23, 21, 23, 18, 25, 14, 30, 41, 30, 47, 43, 0, 0, 0, 131]","""[0, 1, 2, 3, 6, 1, 8, 2, 4, 3, 1, 1, 5, 1, 2, 2, 6, 1, 2, 3, 4, 131, 19, 75, 0]"""
j20,1,reactive,600,True,44,0.10084056854248047,0.4289586544036865,"[0, 0, 11, 0, 3, 11, 13, 21, 14, 33, 23, 21, 23, 18, 25, 14, 30, 36, 30, 37, 40, 0, 0, 0, 44]","[0, 1, 2, 3, 6, 1, 8, 2, 4, 3, 1, 1, 5, 1, 2, 2, 6, 1, 2, 3, 4, 131, 19, 75, 0]"
j20,1,proactive_robust,600,True,74,0.0981757640838623,0.0006871223449707031,"[0, 8, 0, 0, 9, 19, 21, 30, 9, 38, 38, 30, 46, 21, 24, 19, 53, 46, 55, 55, 65, 0, 0, 0, 131]","""[0, 7, 6, 6, 8, 1, 6, 7, 4, 5, 10, 3, 3, 2, 6, 3, 4, 8, 6, 10, 6, 131, 19, 75, 0]"""
j20,1,reactive,600,True,71,0.0981757640838623,0.4755690097808838,"[0, 8, 0, 0, 9, 19, 21, 30, 9, 38, 38, 30, 46, 21, 24, 19, 53, 46, 55, 55, 65, 0, 0, 0, 71]","[0, 7, 6, 6, 8, 1, 6, 7, 4, 5, 10, 3, 3, 2, 6, 3, 4, 8, 6, 10, 6, 131, 19, 75, 0]"
j20,1,proactive_robust,600,True,74,0.09259843826293945,0.0006754398345947266,"[0, 8, 0, 0, 9, 19, 21, 30, 9, 38, 38, 30, 46, 21, 24, 19, 53, 46, 55, 55, 65, 0, 0, 0, 131]","""[0, 12, 7, 5, 9, 2, 5, 3, 2, 8, 8, 8, 2, 3, 2, 2, 3, 5, 8, 5, 8, 131, 19, 75, 0]"""
j20,1,reactive,600,True,73,0.09259843826293945,0.4726274013519287,"[0, 8, 0, 0, 9, 19, 21, 30, 9, 38, 38, 30, 46, 21, 24, 19, 53, 46, 55, 55, 65, 0, 0, 0, 73]","[0, 12, 7, 5, 9, 2, 5, 3, 2, 8, 8, 8, 2, 3, 2, 2, 3, 5, 8, 5, 8, 131, 19, 75, 0]"
j20,1,proactive_robust,600,True,39,0.09250974655151367,0.0005745887756347656,"[0, 0, 0, 0, 12, 12, 3, 9, 11, 18, 16, 25, 3, 23, 26, 29, 29, 19, 31, 32, 33, 0, 0, 89]","""[0, 9, 9, 2, 4, 6, 6, 2, 6, 8, 5, 4, 5, 2, 1, 1, 3, 8, 6, 3, 1, 89, 82, 0]"""
j20,1,reactive,600,True,37,0.09250974655151367,0.4215404987335205,"[0, 0, 0, 0, 12, 12, 3, 9, 11, 18, 16, 25, 3, 23, 26, 29, 29, 19, 31, 32, 33, 0, 0, 37]","[0, 9, 9, 2, 4, 6, 6, 2, 6, 8, 5, 4, 5, 2, 1, 1, 3, 8, 6, 3, 1, 89, 82, 0]"
j20,1,proactive_robust,600,True,39,0.09467196464538574,0.0005459785461425781,"[0, 0, 0, 0, 12, 12, 3, 9, 11, 18, 16, 25, 3, 23, 26, 29, 29, 19, 31, 32, 33, 0, 0, 89]","""[0, 8, 8, 2, 3, 6, 5, 1, 2, 7, 2, 7, 3, 2, 2, 2, 3, 6, 4, 6, 2, 89, 82, 0]"""
j20,1,reactive,600,True,38,0.09467196464538574,0.4909822940826416,"[0, 0, 0, 0, 12, 12, 3, 9, 11, 18, 16, 25, 3, 23, 26, 29, 29, 19, 31, 32, 33, 0, 0, 38]","[0, 8, 8, 2, 3, 6, 5, 1, 2, 7, 2, 7, 3, 2, 2, 2, 3, 6, 4, 6, 2, 89, 82, 0]"
j20,1,proactive_robust,600,True,39,0.09262490272521973,0.0005300045013427734,"[0, 0, 0, 0, 12, 12, 3, 9, 11, 18, 16, 25, 3, 23, 26, 29, 29, 19, 31, 32, 33, 0, 0, 89]","""[0, 5, 11, 1, 2, 7, 3, 1, 2, 5, 2, 3, 3, 2, 1, 1, 1, 8, 4, 3, 1, 89, 82, 0]"""
j20,1,reactive,600,True,35,0.09262490272521973,0.5243875980377197,"[0, 0, 0, 0, 12, 12, 3, 9, 11, 18, 16, 25, 3, 23, 26, 29, 29, 19, 31, 32, 30, 0, 0, 35]","[0, 5, 11, 1, 2, 7, 3, 1, 2, 5, 2, 3, 3, 2, 1, 1, 1, 8, 4, 3, 1, 89, 82, 0]"
j20,1,proactive_robust,600,True,39,0.09101152420043945,0.00055694580078125,"[0, 0, 0, 0, 12, 12, 3, 9, 11, 18, 16, 25, 3, 23, 26, 29, 29, 19, 31, 32, 33, 0, 0, 89]","""[0, 8, 12, 3, 2, 2, 7, 3, 5, 5, 3, 5, 3, 1, 1, 2, 3, 7, 6, 7, 4, 89, 82, 0]"""
j20,1,reactive,600,True,39,0.09101152420043945,0.3928654193878174,"[0, 0, 0, 0, 12, 12, 3, 9, 11, 18, 16, 25, 3, 23, 26, 29, 29, 19, 31, 32, 32, 0, 0, 39]","[0, 8, 12, 3, 2, 2, 7, 3, 5, 5, 3, 5, 3, 1, 1, 2, 3, 7, 6, 7, 4, 89, 82, 0]"
j20,1,proactive_robust,600,True,39,0.09562373161315918,0.0005395412445068359,"[0, 0, 0, 0, 12, 12, 3, 9, 11, 18, 16, 25, 3, 23, 26, 29, 29, 19, 31, 32, 33, 0, 0, 89]","""[0, 5, 11, 2, 3, 3, 4, 3, 3, 5, 3, 3, 6, 2, 2, 2, 2, 10, 7, 2, 1, 89, 82, 0]"""
j20,1,reactive,600,True,38,0.09562373161315918,0.45737457275390625,"[0, 0, 0, 0, 12, 12, 3, 9, 11, 18, 16, 25, 3, 23, 26, 29, 29, 19, 31, 32, 33, 0, 0, 38]","[0, 5, 11, 2, 3, 3, 4, 3, 3, 5, 3, 3, 6, 2, 2, 2, 2, 10, 7, 2, 1, 89, 82, 0]"
j20,1,proactive_robust,600,True,39,0.09184432029724121,0.0005369186401367188,"[0, 0, 0, 0, 12, 12, 3, 9, 11, 18, 16, 25, 3, 23, 26, 29, 29, 19, 31, 32, 33, 0, 0, 89]","""[0, 7, 6, 2, 3, 4, 6, 1, 2, 4, 3, 7, 7, 2, 2, 1, 2, 7, 3, 5, 3, 89, 82, 0]"""
j20,1,reactive,600,True,37,0.09184432029724121,0.5763304233551025,"[0, 0, 0, 0, 12, 12, 3, 9, 11, 18, 16, 25, 3, 23, 26, 29, 29, 19, 31, 32, 33, 0, 0, 37]","[0, 7, 6, 2, 3, 4, 6, 1, 2, 4, 3, 7, 7, 2, 2, 1, 2, 7, 3, 5, 3, 89, 82, 0]"
j20,1,proactive_robust,600,True,39,0.09464716911315918,0.0005738735198974609,"[0, 0, 0, 0, 12, 12, 3, 9, 11, 18, 16, 25, 3, 23, 26, 29, 29, 19, 31, 32, 33, 0, 0, 89]","""[0, 9, 12, 2, 1, 7, 4, 3, 5, 6, 7, 5, 5, 1, 1, 2, 3, 10, 3, 6, 2, 89, 82, 0]"""
j20,1,reactive,600,True,38,0.09464716911315918,0.3299739360809326,"[0, 0, 0, 0, 12, 12, 3, 9, 11, 18, 16, 25, 3, 23, 26, 29, 29, 19, 31, 32, 33, 0, 0, 38]","[0, 9, 12, 2, 1, 7, 4, 3, 5, 6, 7, 5, 5, 1, 1, 2, 3, 10, 3, 6, 2, 89, 82, 0]"
j20,1,proactive_robust,600,True,39,0.09250092506408691,0.0005548000335693359,"[0, 0, 0, 0, 12, 12, 3, 9, 11, 18, 16, 25, 3, 23, 26, 29, 29, 19, 31, 32, 33, 0, 0, 89]","""[0, 7, 9, 1, 4, 3, 5, 2, 6, 5, 5, 7, 2, 1, 2, 1, 3, 10, 8, 4, 3, 89, 82, 0]"""
j20,1,reactive,600,True,39,0.09250092506408691,0.4653792381286621,"[0, 0, 0, 0, 12, 12, 3, 9, 11, 18, 16, 25, 3, 23, 26, 29, 29, 19, 31, 32, 33, 0, 0, 39]","[0, 7, 9, 1, 4, 3, 5, 2, 6, 5, 5, 7, 2, 1, 2, 1, 3, 10, 8, 4, 3, 89, 82, 0]"
j20,1,proactive_robust,600,True,39,0.0939021110534668,0.0005347728729248047,"[0, 0, 0, 0, 12, 12, 3, 9, 11, 18, 16, 25, 3, 23, 26, 29, 29, 19, 31, 32, 33, 0, 0, 89]","""[0, 4, 8, 2, 1, 4, 5, 2, 3, 5, 4, 7, 6, 1, 2, 1, 1, 10, 3, 2, 4, 89, 82, 0]"""
j20,1,reactive,600,True,37,0.0939021110534668,0.5364949703216553,"[0, 0, 0, 0, 12, 12, 3, 9, 11, 18, 16, 25, 3, 23, 26, 29, 29, 19, 31, 32, 33, 0, 0, 37]","[0, 4, 8, 2, 1, 4, 5, 2, 3, 5, 4, 7, 6, 1, 2, 1, 1, 10, 3, 2, 4, 89, 82, 0]"
j20,1,proactive_robust,600,True,39,0.09419846534729004,0.0005593299865722656,"[0, 0, 0, 0, 12, 12, 3, 9, 11, 18, 16, 25, 3, 23, 26, 29, 29, 19, 31, 32, 33, 0, 0, 89]","""[0, 6, 10, 3, 3, 3, 4, 2, 4, 7, 6, 8, 4, 2, 3, 1, 1, 5, 4, 6, 2, 89, 82, 0]"""
j20,1,reactive,600,True,38,0.09419846534729004,0.45699429512023926,"[0, 0, 0, 0, 12, 12, 3, 9, 11, 18, 16, 25, 3, 23, 26, 29, 29, 19, 31, 32, 33, 0, 0, 38]","[0, 6, 10, 3, 3, 3, 4, 2, 4, 7, 6, 8, 4, 2, 3, 1, 1, 5, 4, 6, 2, 89, 82, 0]"
j20,1,proactive_robust,600,True,65,0.09687137603759766,0.0009427070617675781,"[0, 0, 0, 0, 9, 8, 16, 16, 16, 25, 28, 32, 28, 16, 38, 28, 47, 32, 47, 55, 41, 0, 0, 0, 0, 162]","""[0, 4, 9, 8, 7, 3, 12, 6, 6, 3, 1, 7, 3, 10, 7, 5, 6, 3, 4, 10, 3, 34, 114, 67, 162, 0]"""
j20,1,reactive,600,True,63,0.09687137603759766,0.3111073970794678,"[0, 0, 0, 0, 9, 8, 16, 16, 16, 25, 28, 32, 28, 16, 38, 28, 47, 32, 47, 53, 41, 0, 0, 0, 0, 63]","[0, 4, 9, 8, 7, 3, 12, 6, 6, 3, 1, 7, 3, 10, 7, 5, 6, 3, 4, 10, 3, 34, 114, 67, 162, 0]"
j20,1,proactive_robust,600,True,65,0.0979008674621582,0.0009398460388183594,"[0, 0, 0, 0, 9, 8, 16, 16, 16, 25, 28, 32, 28, 16, 38, 28, 47, 32, 47, 55, 41, 0, 0, 0, 0, 162]","""[0, 5, 9, 8, 3, 8, 8, 8, 8, 3, 1, 5, 3, 8, 4, 7, 5, 3, 7, 5, 6, 34, 114, 67, 162, 0]"""
j20,1,reactive,600,True,57,0.0979008674621582,0.3772280216217041,"[0, 0, 0, 0, 9, 8, 16, 16, 16, 25, 28, 32, 28, 16, 38, 28, 47, 32, 47, 52, 41, 0, 0, 0, 0, 57]","[0, 5, 9, 8, 3, 8, 8, 8, 8, 3, 1, 5, 3, 8, 4, 7, 5, 3, 7, 5, 6, 34, 114, 67, 162, 0]"
j20,1,proactive_robust,600,True,65,0.09607148170471191,0.0009481906890869141,"[0, 0, 0, 0, 9, 8, 16, 16, 16, 25, 28, 32, 28, 16, 38, 28, 47, 32, 47, 55, 41, 0, 0, 0, 0, 162]","""[0, 7, 4, 7, 3, 7, 11, 6, 5, 6, 3, 5, 1, 10, 9, 8, 8, 2, 5, 9, 4, 34, 114, 67, 162, 0]"""
j20,1,reactive,600,True,64,0.09607148170471191,0.4148983955383301,"[0, 0, 0, 0, 9, 8, 16, 16, 16, 25, 28, 32, 28, 16, 38, 28, 47, 32, 47, 55, 41, 0, 0, 0, 0, 64]","[0, 7, 4, 7, 3, 7, 11, 6, 5, 6, 3, 5, 1, 10, 9, 8, 8, 2, 5, 9, 4, 34, 114, 67, 162, 0]"
j20,1,proactive_robust,600,True,65,0.09211587905883789,0.0009279251098632812,"[0, 0, 0, 0, 9, 8, 16, 16, 16, 25, 28, 32, 28, 16, 38, 28, 47, 32, 47, 55, 41, 0, 0, 0, 0, 162]","""[0, 8, 6, 7, 3, 6, 6, 7, 9, 3, 4, 7, 2, 6, 6, 7, 4, 1, 4, 8, 4, 34, 114, 67, 162, 0]"""
j20,1,reactive,600,True,63,0.09211587905883789,0.42200493812561035,"[0, 0, 0, 0, 9, 8, 16, 16, 16, 25, 28, 32, 28, 16, 38, 28, 47, 32, 47, 55, 41, 0, 0, 0, 0, 63]","[0, 8, 6, 7, 3, 6, 6, 7, 9, 3, 4, 7, 2, 6, 6, 7, 4, 1, 4, 8, 4, 34, 114, 67, 162, 0]"
j20,1,proactive_robust,600,True,65,0.09566092491149902,0.0009365081787109375,"[0, 0, 0, 0, 9, 8, 16, 16, 16, 25, 28, 32, 28, 16, 38, 28, 47, 32, 47, 55, 41, 0, 0, 0, 0, 162]","""[0, 4, 9, 6, 5, 7, 12, 7, 9, 6, 2, 5, 2, 8, 9, 5, 5, 1, 5, 8, 2, 34, 114, 67, 162, 0]"""
j20,1,reactive,600,True,63,0.09566092491149902,0.36336779594421387,"[0, 0, 0, 0, 9, 8, 16, 16, 16, 25, 28, 32, 28, 16, 38, 28, 47, 32, 47, 55, 41, 0, 0, 0, 0, 63]","[0, 4, 9, 6, 5, 7, 12, 7, 9, 6, 2, 5, 2, 8, 9, 5, 5, 1, 5, 8, 2, 34, 114, 67, 162, 0]"
j20,1,proactive_robust,600,True,65,0.09511375427246094,0.0009388923645019531,"[0, 0, 0, 0, 9, 8, 16, 16, 16, 25, 28, 32, 28, 16, 38, 28, 47, 32, 47, 55, 41, 0, 0, 0, 0, 162]","""[0, 7, 7, 8, 6, 3, 10, 4, 6, 3, 2, 8, 2, 10, 9, 5, 4, 3, 8, 10, 2, 34, 114, 67, 162, 0]"""
j20,1,reactive,600,True,61,0.09511375427246094,0.4074718952178955,"[0, 0, 0, 0, 9, 8, 16, 16, 16, 25, 28, 32, 28, 16, 38, 28, 47, 32, 47, 51, 41, 0, 0, 0, 0, 61]","[0, 7, 7, 8, 6, 3, 10, 4, 6, 3, 2, 8, 2, 10, 9, 5, 4, 3, 8, 10, 2, 34, 114, 67, 162, 0]"
j20,1,proactive_robust,600,True,47,0.09743118286132812,0.0008726119995117188,"[0, 0, 0, 0, 8, 8, 15, 15, 15, 21, 22, 25, 22, 15, 24, 22, 34, 25, 34, 41, 34, 0, 0, 0, 0, 162]","""[0, 4, 1, 5, 6, 6, 2, 1, 6, 3, 2, 4, 2, 6, 3, 7, 2, 2, 4, 2, 2, 34, 114, 67, 162, 0]"""
j20,1,reactive,600,True,33,0.09743118286132812,0.47320103645324707,"[0, 0, 0, 0, 8, 8, 15, 15, 15, 21, 22, 25, 22, 15, 24, 22, 29, 25, 29, 31, 29, 0, 0, 0, 0, 33]","[0, 4, 1, 5, 6, 6, 2, 1, 6, 3, 2, 4, 2, 6, 3, 7, 2, 2, 4, 2, 2, 34, 114, 67, 162, 0]"
j20,1,proactive_robust,600,True,65,0.09547138214111328,0.0009121894836425781,"[0, 0, 0, 0, 9, 8, 16, 16, 16, 25, 28, 32, 28, 16, 38, 28, 47, 32, 47, 55, 41, 0, 0, 0, 0, 162]","""[0, 3, 4, 3, 7, 5, 6, 7, 8, 6, 1, 7, 2, 9, 6, 5, 8, 2, 8, 5, 2, 34, 114, 67, 162, 0]"""
j20,1,reactive,600,True,60,0.09547138214111328,0.4421873092651367,"[0, 0, 0, 0, 9, 8, 16, 16, 16, 25, 28, 32, 28, 16, 38, 28, 47, 32, 47, 55, 41, 0, 0, 0, 0, 60]","[0, 3, 4, 3, 7, 5, 6, 7, 8, 6, 1, 7, 2, 9, 6, 5, 8, 2, 8, 5, 2, 34, 114, 67, 162, 0]"
j20,1,proactive_robust,600,True,65,0.0973351001739502,0.0009233951568603516,"[0, 0, 0, 0, 9, 8, 16, 16, 16, 25, 28, 32, 28, 16, 38, 28, 47, 32, 47, 55, 41, 0, 0, 0, 0, 162]","""[0, 5, 4, 5, 5, 5, 8, 5, 5, 2, 1, 8, 1, 10, 4, 9, 7, 2, 4, 9, 2, 34, 114, 67, 162, 0]"""
j20,1,reactive,600,True,64,0.0973351001739502,0.48015522956848145,"[0, 0, 0, 0, 9, 8, 16, 16, 16, 25, 28, 32, 28, 16, 38, 28, 47, 32, 47, 55, 41, 0, 0, 0, 0, 64]","[0, 5, 4, 5, 5, 5, 8, 5, 5, 2, 1, 8, 1, 10, 4, 9, 7, 2, 4, 9, 2, 34, 114, 67, 162, 0]"
j20,1,proactive_robust,600,True,65,0.09554409980773926,0.0009343624114990234,"[0, 0, 0, 0, 9, 8, 16, 16, 16, 25, 28, 32, 28, 16, 38, 28, 47, 32, 47, 55, 41, 0, 0, 0, 0, 162]","""[0, 8, 7, 3, 7, 5, 6, 4, 7, 3, 3, 4, 4, 6, 5, 8, 8, 1, 9, 10, 6, 34, 114, 67, 162, 0]"""
j20,1,reactive,600,True,61,0.09554409980773926,0.3498554229736328,"[0, 0, 0, 0, 9, 8, 16, 16, 16, 25, 28, 32, 28, 16, 38, 28, 43, 32, 43, 51, 36, 0, 0, 0, 0, 61]","[0, 8, 7, 3, 7, 5, 6, 4, 7, 3, 3, 4, 4, 6, 5, 8, 8, 1, 9, 10, 6, 34, 114, 67, 162, 0]"
j20,1,proactive_robust,600,True,43,0.09166979789733887,0.0031347274780273438,"[0, 0, 0, 0, 2, 8, 8, 10, 3, 10, 8, 10, 18, 10, 22, 18, 28, 28, 16, 36, 36, 0, 0, 0, 0, 0, 0, 0, 0, 0, 0, 0, 0, 0, 0, 0, 0, 0, 0, 0, 0, 168]","""[0, 3, 7, 1, 4, 2, 1, 6, 3, 3, 6, 6, 3, 6, 6, 10, 1, 3, 4, 7, 6, 71, 113, 22, 71, 161, 168, 100, 159, 126, 90, 26, 78, 23, 150, 122, 124, 78, 25, 55, 45, 0]"""
j20,1,reactive,600,True,38,0.09166979789733887,0.2593708038330078,"[0, 0, 0, 0, 2, 8, 8, 10, 3, 10, 8, 10, 18, 10, 22, 18, 28, 28, 16, 31, 31, 0, 0, 0, 0, 0, 0, 0, 0, 0, 0, 0, 0, 0, 0, 0, 0, 0, 0, 0, 0, 38]","[0, 3, 7, 1, 4, 2, 1, 6, 3, 3, 6, 6, 3, 6, 6, 10, 1, 3, 4, 7, 6, 71, 113, 22, 71, 161, 168, 100, 159, 126, 90, 26, 78, 23, 150, 122, 124, 78, 25, 55, 45, 0]"
j20,1,proactive_robust,600,True,43,0.09171795845031738,0.0030972957611083984,"[0, 0, 0, 0, 2, 8, 8, 10, 3, 10, 8, 10, 18, 10, 22, 18, 28, 28, 16, 36, 36, 0, 0, 0, 0, 0, 0, 0, 0, 0, 0, 0, 0, 0, 0, 0, 0, 0, 0, 0, 0, 168]","""[0, 1, 4, 2, 6, 2, 1, 7, 1, 7, 8, 4, 1, 2, 9, 6, 1, 3, 9, 7, 3, 71, 113, 22, 71, 161, 168, 100, 159, 126, 90, 26, 78, 23, 150, 122, 124, 78, 25, 55, 45, 0]"""
j20,1,reactive,600,True,38,0.09171795845031738,0.245469331741333,"[0, 0, 0, 0, 2, 8, 8, 10, 3, 10, 8, 10, 18, 10, 22, 18, 28, 28, 16, 31, 31, 0, 0, 0, 0, 0, 0, 0, 0, 0, 0, 0, 0, 0, 0, 0, 0, 0, 0, 0, 0, 38]","[0, 1, 4, 2, 6, 2, 1, 7, 1, 7, 8, 4, 1, 2, 9, 6, 1, 3, 9, 7, 3, 71, 113, 22, 71, 161, 168, 100, 159, 126, 90, 26, 78, 23, 150, 122, 124, 78, 25, 55, 45, 0]"
j20,1,proactive_robust,600,True,43,0.08762860298156738,0.003079652786254883,"[0, 0, 0, 0, 2, 8, 8, 10, 3, 10, 8, 10, 18, 10, 22, 18, 28, 28, 16, 36, 36, 0, 0, 0, 0, 0, 0, 0, 0, 0, 0, 0, 0, 0, 0, 0, 0, 0, 0, 0, 0, 168]","""[0, 2, 7, 2, 4, 2, 2, 4, 2, 6, 8, 6, 1, 4, 8, 8, 2, 5, 5, 7, 6, 71, 113, 22, 71, 161, 168, 100, 159, 126, 90, 26, 78, 23, 150, 122, 124, 78, 25, 55, 45, 0]"""
j20,1,reactive,600,True,40,0.08762860298156738,0.24955534934997559,"[0, 0, 0, 0, 2, 8, 8, 10, 3, 10, 8, 10, 18, 10, 22, 18, 28, 28, 16, 33, 33, 0, 0, 0, 0, 0, 0, 0, 0, 0, 0, 0, 0, 0, 0, 0, 0, 0, 0, 0, 0, 40]","[0, 2, 7, 2, 4, 2, 2, 4, 2, 6, 8, 6, 1, 4, 8, 8, 2, 5, 5, 7, 6, 71, 113, 22, 71, 161, 168, 100, 159, 126, 90, 26, 78, 23, 150, 122, 124, 78, 25, 55, 45, 0]"
j20,1,proactive_robust,600,True,43,0.0888376235961914,0.003107309341430664,"[0, 0, 0, 0, 2, 8, 8, 10, 3, 10, 8, 10, 18, 10, 22, 18, 28, 28, 16, 36, 36, 0, 0, 0, 0, 0, 0, 0, 0, 0, 0, 0, 0, 0, 0, 0, 0, 0, 0, 0, 0, 168]","""[0, 2, 4, 2, 2, 2, 2, 7, 3, 5, 6, 5, 2, 5, 7, 9, 2, 8, 6, 2, 5, 71, 113, 22, 71, 161, 168, 100, 159, 126, 90, 26, 78, 23, 150, 122, 124, 78, 25, 55, 45, 0]"""
j20,1,reactive,600,True,41,0.0888376235961914,0.24138736724853516,"[0, 0, 0, 0, 2, 8, 8, 10, 3, 10, 8, 10, 18, 10, 22, 18, 28, 28, 16, 36, 36, 0, 0, 0, 0, 0, 0, 0, 0, 0, 0, 0, 0, 0, 0, 0, 0, 0, 0, 0, 0, 41]","[0, 2, 4, 2, 2, 2, 2, 7, 3, 5, 6, 5, 2, 5, 7, 9, 2, 8, 6, 2, 5, 71, 113, 22, 71, 161, 168, 100, 159, 126, 90, 26, 78, 23, 150, 122, 124, 78, 25, 55, 45, 0]"
j20,1,proactive_robust,600,True,43,0.0930638313293457,0.003114938735961914,"[0, 0, 0, 0, 2, 8, 8, 10, 3, 10, 8, 10, 18, 10, 22, 18, 28, 28, 16, 36, 36, 0, 0, 0, 0, 0, 0, 0, 0, 0, 0, 0, 0, 0, 0, 0, 0, 0, 0, 0, 0, 168]","""[0, 3, 3, 2, 3, 2, 2, 5, 1, 8, 5, 7, 4, 3, 10, 7, 3, 8, 8, 7, 4, 71, 113, 22, 71, 161, 168, 100, 159, 126, 90, 26, 78, 23, 150, 122, 124, 78, 25, 55, 45, 0]"""
j20,1,reactive,600,True,43,0.0930638313293457,0.22014904022216797,"[0, 0, 0, 0, 2, 8, 8, 10, 3, 10, 8, 10, 18, 10, 22, 18, 28, 28, 16, 36, 36, 0, 0, 0, 0, 0, 0, 0, 0, 0, 0, 0, 0, 0, 0, 0, 0, 0, 0, 0, 0, 43]","[0, 3, 3, 2, 3, 2, 2, 5, 1, 8, 5, 7, 4, 3, 10, 7, 3, 8, 8, 7, 4, 71, 113, 22, 71, 161, 168, 100, 159, 126, 90, 26, 78, 23, 150, 122, 124, 78, 25, 55, 45, 0]"
j20,1,proactive_robust,600,True,43,0.09270882606506348,0.0031464099884033203,"[0, 0, 0, 0, 2, 8, 8, 10, 3, 10, 8, 10, 18, 10, 22, 18, 28, 28, 16, 36, 36, 0, 0, 0, 0, 0, 0, 0, 0, 0, 0, 0, 0, 0, 0, 0, 0, 0, 0, 0, 0, 168]","""[0, 3, 8, 2, 5, 2, 2, 9, 3, 8, 5, 7, 3, 6, 6, 8, 2, 3, 7, 7, 4, 71, 113, 22, 71, 161, 168, 100, 159, 126, 90, 26, 78, 23, 150, 122, 124, 78, 25, 55, 45, 0]"""
j20,1,reactive,600,True,38,0.09270882606506348,0.16706466674804688,"[0, 0, 0, 0, 2, 8, 8, 10, 3, 10, 8, 10, 18, 10, 22, 18, 28, 28, 16, 31, 31, 0, 0, 0, 0, 0, 0, 0, 0, 0, 0, 0, 0, 0, 0, 0, 0, 0, 0, 0, 0, 38]","[0, 3, 8, 2, 5, 2, 2, 9, 3, 8, 5, 7, 3, 6, 6, 8, 2, 3, 7, 7, 4, 71, 113, 22, 71, 161, 168, 100, 159, 126, 90, 26, 78, 23, 150, 122, 124, 78, 25, 55, 45, 0]"
j20,1,proactive_robust,600,True,43,0.0908663272857666,0.003114461898803711,"[0, 0, 0, 0, 2, 8, 8, 10, 3, 10, 8, 10, 18, 10, 22, 18, 28, 28, 16, 36, 36, 0, 0, 0, 0, 0, 0, 0, 0, 0, 0, 0, 0, 0, 0, 0, 0, 0, 0, 0, 0, 168]","""[0, 1, 4, 2, 3, 2, 2, 5, 1, 8, 5, 4, 3, 6, 7, 5, 1, 7, 4, 4, 4, 71, 113, 22, 71, 161, 168, 100, 159, 126, 90, 26, 78, 23, 150, 122, 124, 78, 25, 55, 45, 0]"""
j20,1,reactive,600,True,40,0.0908663272857666,0.2914140224456787,"[0, 0, 0, 0, 2, 8, 8, 10, 3, 10, 8, 10, 18, 10, 22, 18, 28, 28, 16, 36, 36, 0, 0, 0, 0, 0, 0, 0, 0, 0, 0, 0, 0, 0, 0, 0, 0, 0, 0, 0, 0, 40]","[0, 1, 4, 2, 3, 2, 2, 5, 1, 8, 5, 4, 3, 6, 7, 5, 1, 7, 4, 4, 4, 71, 113, 22, 71, 161, 168, 100, 159, 126, 90, 26, 78, 23, 150, 122, 124, 78, 25, 55, 45, 0]"
j20,1,proactive_robust,600,True,43,0.0946807861328125,0.0031290054321289062,"[0, 0, 0, 0, 2, 8, 8, 10, 3, 10, 8, 10, 18, 10, 22, 18, 28, 28, 16, 36, 36, 0, 0, 0, 0, 0, 0, 0, 0, 0, 0, 0, 0, 0, 0, 0, 0, 0, 0, 0, 0, 168]","""[0, 3, 5, 2, 5, 1, 1, 8, 1, 5, 3, 8, 2, 4, 12, 10, 3, 7, 7, 4, 3, 71, 113, 22, 71, 161, 168, 100, 159, 126, 90, 26, 78, 23, 150, 122, 124, 78, 25, 55, 45, 0]"""
j20,1,reactive,600,True,40,0.0946807861328125,0.3456907272338867,"[0, 0, 0, 0, 2, 8, 8, 10, 3, 10, 8, 10, 18, 10, 22, 18, 28, 28, 16, 36, 36, 0, 0, 0, 0, 0, 0, 0, 0, 0, 0, 0, 0, 0, 0, 0, 0, 0, 0, 0, 0, 40]","[0, 3, 5, 2, 5, 1, 1, 8, 1, 5, 3, 8, 2, 4, 12, 10, 3, 7, 7, 4, 3, 71, 113, 22, 71, 161, 168, 100, 159, 126, 90, 26, 78, 23, 150, 122, 124, 78, 25, 55, 45, 0]"
j20,1,proactive_robust,600,True,43,0.09183740615844727,0.0031032562255859375,"[0, 0, 0, 0, 2, 8, 8, 10, 3, 10, 8, 10, 18, 10, 22, 18, 28, 28, 16, 36, 36, 0, 0, 0, 0, 0, 0, 0, 0, 0, 0, 0, 0, 0, 0, 0, 0, 0, 0, 0, 0, 168]","""[0, 1, 7, 2, 2, 1, 2, 5, 3, 4, 8, 6, 4, 7, 12, 7, 3, 4, 8, 2, 4, 71, 113, 22, 71, 161, 168, 100, 159, 126, 90, 26, 78, 23, 150, 122, 124, 78, 25, 55, 45, 0]"""
j20,1,reactive,600,True,40,0.09183740615844727,0.24880027770996094,"[0, 0, 0, 0, 2, 8, 8, 10, 3, 10, 8, 10, 18, 10, 22, 18, 28, 28, 16, 36, 36, 0, 0, 0, 0, 0, 0, 0, 0, 0, 0, 0, 0, 0, 0, 0, 0, 0, 0, 0, 0, 40]","[0, 1, 7, 2, 2, 1, 2, 5, 3, 4, 8, 6, 4, 7, 12, 7, 3, 4, 8, 2, 4, 71, 113, 22, 71, 161, 168, 100, 159, 126, 90, 26, 78, 23, 150, 122, 124, 78, 25, 55, 45, 0]"
j20,1,proactive_robust,600,True,43,0.0898289680480957,0.003086566925048828,"[0, 0, 0, 0, 2, 8, 8, 10, 3, 10, 8, 10, 18, 10, 22, 18, 28, 28, 16, 36, 36, 0, 0, 0, 0, 0, 0, 0, 0, 0, 0, 0, 0, 0, 0, 0, 0, 0, 0, 0, 0, 168]","""[0, 1, 7, 1, 3, 2, 2, 4, 3, 6, 7, 3, 4, 2, 10, 7, 3, 8, 8, 4, 2, 71, 113, 22, 71, 161, 168, 100, 159, 126, 90, 26, 78, 23, 150, 122, 124, 78, 25, 55, 45, 0]"""
j20,1,reactive,600,True,40,0.0898289680480957,0.2731153964996338,"[0, 0, 0, 0, 2, 8, 8, 10, 3, 10, 8, 10, 18, 10, 22, 18, 28, 28, 16, 36, 36, 0, 0, 0, 0, 0, 0, 0, 0, 0, 0, 0, 0, 0, 0, 0, 0, 0, 0, 0, 0, 40]","[0, 1, 7, 1, 3, 2, 2, 4, 3, 6, 7, 3, 4, 2, 10, 7, 3, 8, 8, 4, 2, 71, 113, 22, 71, 161, 168, 100, 159, 126, 90, 26, 78, 23, 150, 122, 124, 78, 25, 55, 45, 0]"
j20,1,proactive_robust,600,True,67,0.09717369079589844,0.0011811256408691406,"[0, 0, 0, 0, 7, 7, 14, 14, 21, 25, 23, 16, 32, 41, 16, 25, 25, 49, 32, 57, 32, 0, 0, 0, 0, 0, 123]","""[0, 3, 5, 6, 7, 6, 9, 6, 3, 7, 8, 8, 8, 7, 9, 3, 8, 6, 5, 6, 2, 86, 119, 117, 123, 82, 0]"""
j20,1,reactive,600,True,63,0.09717369079589844,0.34012675285339355,"[0, 0, 0, 0, 7, 7, 14, 14, 21, 25, 23, 16, 32, 41, 16, 25, 25, 49, 32, 57, 32, 0, 0, 0, 0, 0, 63]","[0, 3, 5, 6, 7, 6, 9, 6, 3, 7, 8, 8, 8, 7, 9, 3, 8, 6, 5, 6, 2, 86, 119, 117, 123, 82, 0]"
j20,1,proactive_robust,600,True,67,0.09464836120605469,0.0011553764343261719,"[0, 0, 0, 0, 7, 7, 14, 14, 21, 25, 23, 16, 32, 41, 16, 25, 25, 49, 32, 57, 32, 0, 0, 0, 0, 0, 123]","""[0, 5, 3, 6, 7, 8, 4, 4, 2, 5, 7, 9, 8, 5, 7, 1, 5, 3, 5, 6, 1, 86, 119, 117, 123, 82, 0]"""
j20,1,reactive,600,True,58,0.09464836120605469,0.41425013542175293,"[0, 0, 0, 0, 7, 7, 14, 14, 21, 25, 23, 16, 32, 41, 16, 25, 25, 49, 32, 52, 32, 0, 0, 0, 0, 0, 58]","[0, 5, 3, 6, 7, 8, 4, 4, 2, 5, 7, 9, 8, 5, 7, 1, 5, 3, 5, 6, 1, 86, 119, 117, 123, 82, 0]"
j20,1,proactive_robust,600,True,67,0.09607148170471191,0.001188039779663086,"[0, 0, 0, 0, 7, 7, 14, 14, 21, 25, 23, 16, 32, 41, 16, 25, 25, 49, 32, 57, 32, 0, 0, 0, 0, 0, 123]","""[0, 4, 6, 2, 4, 6, 5, 6, 2, 4, 8, 7, 7, 3, 8, 4, 6, 5, 4, 5, 1, 86, 119, 117, 123, 82, 0]"""
j20,1,reactive,600,True,59,0.09607148170471191,0.4437260627746582,"[0, 0, 0, 0, 7, 7, 14, 14, 21, 25, 23, 16, 32, 41, 16, 25, 25, 49, 32, 54, 32, 0, 0, 0, 0, 0, 59]","[0, 4, 6, 2, 4, 6, 5, 6, 2, 4, 8, 7, 7, 3, 8, 4, 6, 5, 4, 5, 1, 86, 119, 117, 123, 82, 0]"
j20,1,proactive_robust,600,True,67,0.09687519073486328,0.001168966293334961,"[0, 0, 0, 0, 7, 7, 14, 14, 21, 25, 23, 16, 32, 41, 16, 25, 25, 49, 32, 57, 32, 0, 0, 0, 0, 0, 123]","""[0, 4, 7, 6, 6, 4, 9, 6, 3, 6, 6, 8, 7, 4, 4, 2, 10, 8, 4, 9, 1, 86, 119, 117, 123, 82, 0]"""
j20,1,reactive,600,True,66,0.09687519073486328,0.37771153450012207,"[0, 0, 0, 0, 7, 7, 14, 14, 21, 25, 23, 16, 32, 41, 16, 25, 25, 49, 32, 57, 32, 0, 0, 0, 0, 0, 66]","[0, 4, 7, 6, 6, 4, 9, 6, 3, 6, 6, 8, 7, 4, 4, 2, 10, 8, 4, 9, 1, 86, 119, 117, 123, 82, 0]"
j20,1,proactive_robust,600,True,67,0.0959005355834961,0.0011653900146484375,"[0, 0, 0, 0, 7, 7, 14, 14, 21, 25, 23, 16, 32, 41, 16, 25, 25, 49, 32, 57, 32, 0, 0, 0, 0, 0, 123]","""[0, 7, 7, 7, 2, 4, 4, 6, 4, 5, 4, 5, 5, 3, 4, 2, 6, 7, 4, 9, 1, 86, 119, 117, 123, 82, 0]"""
j20,1,reactive,600,True,66,0.0959005355834961,0.3656759262084961,"[0, 0, 0, 0, 7, 7, 14, 14, 21, 25, 23, 16, 32, 41, 16, 25, 25, 49, 32, 57, 32, 0, 0, 0, 0, 0, 66]","[0, 7, 7, 7, 2, 4, 4, 6, 4, 5, 4, 5, 5, 3, 4, 2, 6, 7, 4, 9, 1, 86, 119, 117, 123, 82, 0]"
j20,1,proactive_robust,600,True,67,0.09752511978149414,0.001180410385131836,"[0, 0, 0, 0, 7, 7, 14, 14, 21, 25, 23, 16, 32, 41, 16, 25, 25, 49, 32, 57, 32, 0, 0, 0, 0, 0, 123]","""[0, 5, 4, 5, 3, 8, 5, 6, 3, 3, 8, 9, 8, 6, 9, 4, 6, 6, 4, 10, 1, 86, 119, 117, 123, 82, 0]"""
j20,1,reactive,600,True,65,0.09752511978149414,0.36463189125061035,"[0, 0, 0, 0, 7, 7, 14, 14, 21, 25, 23, 16, 32, 41, 16, 25, 25, 49, 32, 55, 32, 0, 0, 0, 0, 0, 65]","[0, 5, 4, 5, 3, 8, 5, 6, 3, 3, 8, 9, 8, 6, 9, 4, 6, 6, 4, 10, 1, 86, 119, 117, 123, 82, 0]"
j20,1,proactive_robust,600,True,67,0.09303784370422363,0.0011851787567138672,"[0, 0, 0, 0, 7, 7, 14, 14, 21, 25, 23, 16, 32, 41, 16, 25, 25, 49, 32, 57, 32, 0, 0, 0, 0, 0, 123]","""[0, 4, 7, 3, 7, 4, 4, 3, 2, 3, 9, 9, 5, 5, 6, 4, 7, 5, 2, 8, 1, 86, 119, 117, 123, 82, 0]"""
j20,1,reactive,600,True,65,0.09303784370422363,0.41118645668029785,"[0, 0, 0, 0, 7, 7, 14, 14, 21, 25, 23, 16, 32, 41, 16, 25, 25, 49, 32, 57, 32, 0, 0, 0, 0, 0, 65]","[0, 4, 7, 3, 7, 4, 4, 3, 2, 3, 9, 9, 5, 5, 6, 4, 7, 5, 2, 8, 1, 86, 119, 117, 123, 82, 0]"
j20,1,proactive_robust,600,True,67,0.09531164169311523,0.0011630058288574219,"[0, 0, 0, 0, 7, 7, 14, 14, 21, 25, 23, 16, 32, 41, 16, 25, 25, 49, 32, 57, 32, 0, 0, 0, 0, 0, 123]","""[0, 4, 3, 2, 6, 9, 7, 5, 4, 4, 8, 9, 4, 4, 9, 4, 5, 3, 6, 7, 2, 86, 119, 117, 123, 82, 0]"""
j20,1,reactive,600,True,59,0.09531164169311523,0.3188815116882324,"[0, 0, 0, 0, 7, 7, 14, 14, 21, 25, 23, 16, 32, 41, 16, 25, 25, 49, 32, 52, 32, 0, 0, 0, 0, 0, 59]","[0, 4, 3, 2, 6, 9, 7, 5, 4, 4, 8, 9, 4, 4, 9, 4, 5, 3, 6, 7, 2, 86, 119, 117, 123, 82, 0]"
j20,1,proactive_robust,600,True,67,0.09567713737487793,0.0011987686157226562,"[0, 0, 0, 0, 7, 7, 14, 14, 21, 25, 23, 16, 32, 41, 16, 25, 25, 49, 32, 57, 32, 0, 0, 0, 0, 0, 123]","""[0, 4, 2, 7, 3, 7, 5, 4, 4, 5, 7, 4, 6, 3, 7, 3, 5, 6, 5, 5, 1, 86, 119, 117, 123, 82, 0]"""
j20,1,reactive,600,True,60,0.09567713737487793,0.4134693145751953,"[0, 0, 0, 0, 7, 7, 14, 14, 21, 25, 23, 16, 32, 41, 16, 25, 25, 49, 32, 55, 32, 0, 0, 0, 0, 0, 60]","[0, 4, 2, 7, 3, 7, 5, 4, 4, 5, 7, 4, 6, 3, 7, 3, 5, 6, 5, 5, 1, 86, 119, 117, 123, 82, 0]"
j20,1,proactive_robust,600,True,67,0.16935038566589355,0.0011742115020751953,"[0, 0, 0, 0, 7, 7, 14, 14, 21, 25, 23, 16, 32, 41, 16, 25, 25, 49, 32, 57, 32, 0, 0, 0, 0, 0, 123]","""[0, 5, 4, 7, 7, 7, 8, 5, 3, 7, 6, 4, 8, 4, 5, 2, 10, 4, 3, 10, 3, 86, 119, 117, 123, 82, 0]"""
j20,1,reactive,600,True,59,0.16935038566589355,0.3258695602416992,"[0, 0, 0, 0, 7, 7, 14, 14, 21, 25, 23, 16, 32, 41, 16, 25, 25, 45, 32, 49, 32, 0, 0, 0, 0, 0, 59]","[0, 5, 4, 7, 7, 7, 8, 5, 3, 7, 6, 4, 8, 4, 5, 2, 10, 4, 3, 10, 3, 86, 119, 117, 123, 82, 0]"
j20,1,proactive_robust,600,True,51,0.0894310474395752,0.0012202262878417969,"[0, 0, 0, 0, 8, 8, 14, 12, 14, 20, 20, 12, 20, 30, 20, 30, 32, 32, 39, 36, 27, 0, 0, 0, 0, 0, 0, 0, 151]","""[0, 6, 4, 4, 7, 5, 5, 3, 2, 1, 9, 2, 9, 3, 5, 4, 5, 3, 7, 5, 10, 11, 30, 151, 57, 81, 89, 150, 0]"""
j20,1,reactive,600,True,46,0.0894310474395752,0.4346644878387451,"[0, 0, 0, 0, 8, 8, 14, 12, 14, 20, 20, 12, 20, 30, 20, 30, 32, 32, 39, 36, 27, 0, 0, 0, 0, 0, 0, 0, 46]","[0, 6, 4, 4, 7, 5, 5, 3, 2, 1, 9, 2, 9, 3, 5, 4, 5, 3, 7, 5, 10, 11, 30, 151, 57, 81, 89, 150, 0]"
j20,1,proactive_robust,600,True,51,0.09338259696960449,0.0012335777282714844,"[0, 0, 0, 0, 8, 8, 14, 12, 14, 20, 20, 12, 20, 30, 20, 30, 32, 32, 39, 36, 27, 0, 0, 0, 0, 0, 0, 0, 151]","""[0, 10, 6, 3, 10, 4, 4, 6, 2, 2, 11, 5, 8, 8, 5, 2, 3, 1, 12, 8, 5, 11, 30, 151, 57, 81, 89, 150, 0]"""
j20,1,reactive,600,True,51,0.09338259696960449,0.3857748508453369,"[0, 0, 0, 0, 8, 8, 14, 12, 14, 20, 20, 12, 20, 30, 20, 30, 32, 32, 39, 36, 27, 0, 0, 0, 0, 0, 0, 0, 51]","[0, 10, 6, 3, 10, 4, 4, 6, 2, 2, 11, 5, 8, 8, 5, 2, 3, 1, 12, 8, 5, 11, 30, 151, 57, 81, 89, 150, 0]"
j20,1,proactive_robust,600,True,51,0.09331679344177246,0.0012242794036865234,"[0, 0, 0, 0, 8, 8, 14, 12, 14, 20, 20, 12, 20, 30, 20, 30, 32, 32, 39, 36, 27, 0, 0, 0, 0, 0, 0, 0, 151]","""[0, 9, 3, 5, 11, 5, 4, 5, 4, 1, 12, 3, 5, 5, 5, 2, 3, 1, 8, 4, 8, 11, 30, 151, 57, 81, 89, 150, 0]"""
j20,1,reactive,600,True,47,0.09331679344177246,0.3871767520904541,"[0, 0, 0, 0, 8, 8, 14, 12, 14, 20, 20, 12, 20, 30, 20, 30, 32, 32, 39, 36, 27, 0, 0, 0, 0, 0, 0, 0, 47]","[0, 9, 3, 5, 11, 5, 4, 5, 4, 1, 12, 3, 5, 5, 5, 2, 3, 1, 8, 4, 8, 11, 30, 151, 57, 81, 89, 150, 0]"
j20,1,proactive_robust,600,True,51,0.0943748950958252,0.0012445449829101562,"[0, 0, 0, 0, 8, 8, 14, 12, 14, 20, 20, 12, 20, 30, 20, 30, 32, 32, 39, 36, 27, 0, 0, 0, 0, 0, 0, 0, 151]","""[0, 6, 6, 4, 11, 2, 5, 4, 1, 2, 8, 2, 6, 7, 6, 2, 4, 1, 7, 5, 8, 11, 30, 151, 57, 81, 89, 150, 0]"""
j20,1,reactive,600,True,46,0.0943748950958252,0.43804025650024414,"[0, 0, 0, 0, 8, 8, 14, 12, 14, 20, 20, 12, 20, 30, 20, 30, 32, 32, 39, 36, 27, 0, 0, 0, 0, 0, 0, 0, 46]","[0, 6, 6, 4, 11, 2, 5, 4, 1, 2, 8, 2, 6, 7, 6, 2, 4, 1, 7, 5, 8, 11, 30, 151, 57, 81, 89, 150, 0]"
j20,1,proactive_robust,600,True,51,0.09335184097290039,0.0012426376342773438,"[0, 0, 0, 0, 8, 8, 14, 12, 14, 20, 20, 12, 20, 30, 20, 30, 32, 32, 39, 36, 27, 0, 0, 0, 0, 0, 0, 0, 151]","""[0, 8, 5, 7, 12, 3, 5, 5, 4, 1, 12, 2, 7, 5, 5, 4, 6, 3, 8, 8, 10, 11, 30, 151, 57, 81, 89, 150, 0]"""
j20,1,reactive,600,True,47,0.09335184097290039,0.3391990661621094,"[0, 0, 0, 0, 8, 8, 14, 12, 14, 20, 20, 12, 20, 30, 20, 30, 32, 32, 39, 36, 27, 0, 0, 0, 0, 0, 0, 0, 47]","[0, 8, 5, 7, 12, 3, 5, 5, 4, 1, 12, 2, 7, 5, 5, 4, 6, 3, 8, 8, 10, 11, 30, 151, 57, 81, 89, 150, 0]"
j20,1,proactive_robust,600,True,51,0.09475970268249512,0.0012407302856445312,"[0, 0, 0, 0, 8, 8, 14, 12, 14, 20, 20, 12, 20, 30, 20, 30, 32, 32, 39, 36, 27, 0, 0, 0, 0, 0, 0, 0, 151]","""[0, 11, 4, 3, 8, 3, 2, 8, 1, 2, 11, 6, 5, 7, 7, 6, 2, 3, 12, 8, 10, 11, 30, 151, 57, 81, 89, 150, 0]"""
j20,1,reactive,600,True,51,0.09475970268249512,0.289731502532959,"[0, 0, 0, 0, 8, 8, 14, 12, 14, 20, 20, 12, 20, 30, 20, 30, 32, 32, 39, 36, 27, 0, 0, 0, 0, 0, 0, 0, 51]","[0, 11, 4, 3, 8, 3, 2, 8, 1, 2, 11, 6, 5, 7, 7, 6, 2, 3, 12, 8, 10, 11, 30, 151, 57, 81, 89, 150, 0]"
j20,1,proactive_robust,600,True,51,0.09458112716674805,0.001253366470336914,"[0, 0, 0, 0, 8, 8, 14, 12, 14, 20, 20, 12, 20, 30, 20, 30, 32, 32, 39, 36, 27, 0, 0, 0, 0, 0, 0, 0, 151]","""[0, 10, 5, 8, 7, 3, 5, 3, 4, 1, 10, 2, 10, 6, 3, 3, 6, 3, 11, 7, 9, 11, 30, 151, 57, 81, 89, 150, 0]"""
j20,1,reactive,600,True,50,0.09458112716674805,0.35454845428466797,"[0, 0, 0, 0, 8, 8, 14, 12, 14, 20, 20, 12, 20, 30, 20, 30, 32, 32, 39, 36, 27, 0, 0, 0, 0, 0, 0, 0, 50]","[0, 10, 5, 8, 7, 3, 5, 3, 4, 1, 10, 2, 10, 6, 3, 3, 6, 3, 11, 7, 9, 11, 30, 151, 57, 81, 89, 150, 0]"
j20,1,proactive_robust,600,True,51,0.09315967559814453,0.001218557357788086,"[0, 0, 0, 0, 8, 8, 14, 12, 14, 20, 20, 12, 20, 30, 20, 30, 32, 32, 39, 36, 27, 0, 0, 0, 0, 0, 0, 0, 151]","""[0, 9, 3, 7, 11, 6, 2, 7, 4, 1, 6, 2, 8, 4, 5, 2, 7, 2, 9, 8, 5, 11, 30, 151, 57, 81, 89, 150, 0]"""
j20,1,reactive,600,True,48,0.09315967559814453,0.39093494415283203,"[0, 0, 0, 0, 8, 8, 14, 12, 14, 20, 20, 12, 20, 30, 20, 30, 32, 32, 39, 36, 27, 0, 0, 0, 0, 0, 0, 0, 48]","[0, 9, 3, 7, 11, 6, 2, 7, 4, 1, 6, 2, 8, 4, 5, 2, 7, 2, 9, 8, 5, 11, 30, 151, 57, 81, 89, 150, 0]"
j20,1,proactive_robust,600,True,51,0.09482884407043457,0.001220703125,"[0, 0, 0, 0, 8, 8, 14, 12, 14, 20, 20, 12, 20, 30, 20, 30, 32, 32, 39, 36, 27, 0, 0, 0, 0, 0, 0, 0, 151]","""[0, 7, 3, 3, 10, 2, 3, 8, 2, 2, 7, 4, 10, 5, 6, 2, 2, 3, 10, 5, 5, 11, 30, 151, 57, 81, 89, 150, 0]"""
j20,1,reactive,600,True,49,0.09482884407043457,0.3889453411102295,"[0, 0, 0, 0, 8, 8, 14, 12, 14, 20, 20, 12, 20, 30, 20, 30, 32, 32, 39, 36, 27, 0, 0, 0, 0, 0, 0, 0, 49]","[0, 7, 3, 3, 10, 2, 3, 8, 2, 2, 7, 4, 10, 5, 6, 2, 2, 3, 10, 5, 5, 11, 30, 151, 57, 81, 89, 150, 0]"
j20,1,proactive_robust,600,True,51,0.09143185615539551,0.0012319087982177734,"[0, 0, 0, 0, 8, 8, 14, 12, 14, 20, 20, 12, 20, 30, 20, 30, 32, 32, 39, 36, 27, 0, 0, 0, 0, 0, 0, 0, 151]","""[0, 12, 6, 8, 11, 4, 6, 6, 2, 1, 7, 4, 6, 5, 7, 6, 2, 3, 9, 4, 8, 11, 30, 151, 57, 81, 89, 150, 0]"""
j20,1,reactive,600,True,48,0.09143185615539551,0.30214977264404297,"[0, 0, 0, 0, 8, 8, 14, 12, 14, 20, 20, 12, 20, 30, 20, 30, 32, 32, 39, 36, 27, 0, 0, 0, 0, 0, 0, 0, 48]","[0, 12, 6, 8, 11, 4, 6, 6, 2, 1, 7, 4, 6, 5, 7, 6, 2, 3, 9, 4, 8, 11, 30, 151, 57, 81, 89, 150, 0]"
j20,1,proactive_robust,600,True,62,11.433621406555176,0.003107309341430664,"[0, 0, 12, 0, 4, 8, 12, 24, 15, 7, 23, 10, 17, 33, 27, 43, 31, 26, 41, 55, 33, 0, 0, 0, 0, 0, 0, 0, 0, 0, 0, 0, 0, 0, 0, 0, 0, 0, 0, 170]","""[0, 2, 3, 6, 3, 3, 2, 1, 6, 2, 4, 5, 4, 7, 4, 12, 1, 7, 10, 6, 3, 40, 124, 51, 22, 162, 95, 165, 125, 168, 63, 79, 78, 170, 54, 153, 152, 62, 41, 0]"""
j20,1,reactive,600,True,61,11.433621406555176,6.727956056594849,"[0, 0, 12, 0, 4, 8, 12, 24, 15, 7, 23, 10, 17, 33, 27, 43, 31, 26, 41, 55, 33, 0, 0, 0, 0, 0, 0, 0, 0, 0, 0, 0, 0, 0, 0, 0, 0, 0, 0, 61]","[0, 2, 3, 6, 3, 3, 2, 1, 6, 2, 4, 5, 4, 7, 4, 12, 1, 7, 10, 6, 3, 40, 124, 51, 22, 162, 95, 165, 125, 168, 63, 79, 78, 170, 54, 153, 152, 62, 41, 0]"
j20,1,proactive_robust,600,True,62,11.60042142868042,0.003082752227783203,"[0, 0, 12, 0, 4, 8, 12, 24, 15, 7, 23, 10, 17, 33, 27, 43, 31, 26, 41, 55, 33, 0, 0, 0, 0, 0, 0, 0, 0, 0, 0, 0, 0, 0, 0, 0, 0, 0, 0, 170]","""[0, 1, 3, 3, 2, 2, 2, 1, 3, 3, 3, 5, 2, 8, 1, 9, 1, 3, 10, 4, 7, 40, 124, 51, 22, 162, 95, 165, 125, 168, 63, 79, 78, 170, 54, 153, 152, 62, 41, 0]"""
j20,1,reactive,600,True,59,11.60042142868042,10.807394027709961,"[0, 0, 12, 0, 4, 8, 12, 24, 15, 7, 23, 10, 17, 33, 27, 43, 31, 26, 41, 55, 33, 0, 0, 0, 0, 0, 0, 0, 0, 0, 0, 0, 0, 0, 0, 0, 0, 0, 0, 59]","[0, 1, 3, 3, 2, 2, 2, 1, 3, 3, 3, 5, 2, 8, 1, 9, 1, 3, 10, 4, 7, 40, 124, 51, 22, 162, 95, 165, 125, 168, 63, 79, 78, 170, 54, 153, 152, 62, 41, 0]"
j20,1,proactive_robust,600,True,58,10.196027278900146,0.003133058547973633,"[0, 0, 11, 0, 9, 4, 12, 14, 21, 16, 25, 9, 22, 29, 17, 39, 31, 16, 41, 51, 33, 0, 0, 0, 0, 0, 0, 0, 0, 0, 0, 0, 0, 0, 0, 0, 0, 0, 0, 170]","""[0, 2, 2, 8, 2, 7, 1, 1, 12, 4, 3, 7, 8, 10, 1, 11, 1, 6, 8, 5, 6, 40, 124, 51, 22, 162, 95, 165, 125, 168, 63, 79, 78, 170, 54, 153, 152, 62, 41, 0]"""
j20,1,reactive,600,True,56,10.196027278900146,1.482511043548584,"[0, 0, 11, 0, 9, 4, 12, 14, 21, 16, 25, 9, 22, 29, 17, 39, 31, 16, 41, 51, 33, 0, 0, 0, 0, 0, 0, 0, 0, 0, 0, 0, 0, 0, 0, 0, 0, 0, 0, 56]","[0, 2, 2, 8, 2, 7, 1, 1, 12, 4, 3, 7, 8, 10, 1, 11, 1, 6, 8, 5, 6, 40, 124, 51, 22, 162, 95, 165, 125, 168, 63, 79, 78, 170, 54, 153, 152, 62, 41, 0]"
j20,1,proactive_robust,600,True,62,11.860635757446289,0.003091573715209961,"[0, 0, 12, 0, 4, 8, 12, 24, 15, 7, 23, 10, 17, 33, 27, 43, 31, 26, 41, 55, 33, 0, 0, 0, 0, 0, 0, 0, 0, 0, 0, 0, 0, 0, 0, 0, 0, 0, 0, 170]","""[0, 1, 3, 7, 3, 4, 3, 2, 3, 1, 3, 5, 4, 7, 2, 8, 1, 6, 7, 6, 7, 40, 124, 51, 22, 162, 95, 165, 125, 168, 63, 79, 78, 170, 54, 153, 152, 62, 41, 0]"""
j20,1,reactive,600,True,61,11.860635757446289,7.8259735107421875,"[0, 0, 12, 0, 4, 8, 12, 24, 15, 7, 23, 10, 17, 33, 27, 43, 31, 26, 41, 55, 33, 0, 0, 0, 0, 0, 0, 0, 0, 0, 0, 0, 0, 0, 0, 0, 0, 0, 0, 61]","[0, 1, 3, 7, 3, 4, 3, 2, 3, 1, 3, 5, 4, 7, 2, 8, 1, 6, 7, 6, 7, 40, 124, 51, 22, 162, 95, 165, 125, 168, 63, 79, 78, 170, 54, 153, 152, 62, 41, 0]"
j20,1,proactive_robust,600,True,62,5.645591497421265,0.003183126449584961,"[0, 0, 8, 0, 4, 11, 7, 15, 17, 15, 22, 8, 18, 33, 17, 43, 31, 26, 41, 55, 33, 0, 0, 0, 0, 0, 0, 0, 0, 0, 0, 0, 0, 0, 0, 0, 0, 0, 0, 170]","""[0, 2, 1, 7, 3, 1, 3, 1, 8, 3, 1, 3, 12, 9, 3, 8, 2, 3, 10, 7, 4, 40, 124, 51, 22, 162, 95, 165, 125, 168, 63, 79, 78, 170, 54, 153, 152, 62, 41, 0]"""
j20,1,reactive,600,True,58,5.645591497421265,1.334850788116455,"[0, 0, 8, 0, 4, 11, 7, 15, 17, 15, 22, 8, 18, 33, 17, 43, 31, 26, 41, 51, 33, 0, 0, 0, 0, 0, 0, 0, 0, 0, 0, 0, 0, 0, 0, 0, 0, 0, 0, 58]","[0, 2, 1, 7, 3, 1, 3, 1, 8, 3, 1, 3, 12, 9, 3, 8, 2, 3, 10, 7, 4, 40, 124, 51, 22, 162, 95, 165, 125, 168, 63, 79, 78, 170, 54, 153, 152, 62, 41, 0]"
j20,1,proactive_robust,600,True,62,10.1365487575531,0.003099203109741211,"[0, 0, 12, 0, 4, 8, 12, 15, 19, 7, 17, 10, 18, 33, 21, 43, 31, 25, 41, 55, 33, 0, 0, 0, 0, 0, 0, 0, 0, 0, 0, 0, 0, 0, 0, 0, 0, 0, 0, 170]","""[0, 2, 1, 3, 1, 3, 1, 1, 12, 3, 4, 3, 13, 5, 2, 7, 1, 5, 6, 2, 5, 40, 124, 51, 22, 162, 95, 165, 125, 168, 63, 79, 78, 170, 54, 153, 152, 62, 41, 0]"""
j20,1,reactive,600,True,52,10.1365487575531,2.611398458480835,"[0, 0, 12, 0, 4, 8, 12, 15, 19, 7, 17, 10, 18, 33, 21, 43, 31, 25, 41, 50, 33, 0, 0, 0, 0, 0, 0, 0, 0, 0, 0, 0, 0, 0, 0, 0, 0, 0, 0, 52]","[0, 2, 1, 3, 1, 3, 1, 1, 12, 3, 4, 3, 13, 5, 2, 7, 1, 5, 6, 2, 5, 40, 124, 51, 22, 162, 95, 165, 125, 168, 63, 79, 78, 170, 54, 153, 152, 62, 41, 0]"
j20,1,proactive_robust,600,True,54,10.84267258644104,0.003063201904296875,"[0, 0, 21, 0, 4, 8, 7, 12, 24, 14, 27, 9, 20, 32, 16, 41, 31, 14, 36, 47, 33, 0, 0, 0, 0, 0, 0, 0, 0, 0, 0, 0, 0, 0, 0, 0, 0, 0, 0, 170]","""[0, 3, 2, 7, 2, 1, 2, 2, 4, 5, 3, 3, 4, 3, 4, 4, 2, 3, 7, 4, 3, 40, 124, 51, 22, 162, 95, 165, 125, 168, 63, 79, 78, 170, 54, 153, 152, 62, 41, 0]"""
j20,1,reactive,600,True,49,10.84267258644104,7.910136461257935,"[0, 0, 21, 0, 4, 8, 7, 12, 24, 14, 27, 9, 20, 32, 16, 41, 31, 14, 36, 45, 33, 0, 0, 0, 0, 0, 0, 0, 0, 0, 0, 0, 0, 0, 0, 0, 0, 0, 0, 49]","[0, 3, 2, 7, 2, 1, 2, 2, 4, 5, 3, 3, 4, 3, 4, 4, 2, 3, 7, 4, 3, 40, 124, 51, 22, 162, 95, 165, 125, 168, 63, 79, 78, 170, 54, 153, 152, 62, 41, 0]"
j20,1,proactive_robust,600,True,54,10.735198497772217,0.0031108856201171875,"[0, 0, 21, 0, 4, 8, 7, 12, 24, 14, 27, 9, 20, 32, 16, 41, 31, 14, 36, 47, 33, 0, 0, 0, 0, 0, 0, 0, 0, 0, 0, 0, 0, 0, 0, 0, 0, 0, 0, 170]","""[0, 3, 3, 4, 3, 3, 2, 2, 3, 3, 4, 6, 7, 1, 4, 5, 2, 3, 9, 4, 6, 40, 124, 51, 22, 162, 95, 165, 125, 168, 63, 79, 78, 170, 54, 153, 152, 62, 41, 0]"""
j20,1,reactive,600,True,51,10.735198497772217,4.367803573608398,"[0, 0, 21, 0, 4, 8, 7, 12, 24, 14, 27, 9, 20, 32, 16, 41, 31, 14, 36, 47, 33, 0, 0, 0, 0, 0, 0, 0, 0, 0, 0, 0, 0, 0, 0, 0, 0, 0, 0, 51]","[0, 3, 3, 4, 3, 3, 2, 2, 3, 3, 4, 6, 7, 1, 4, 5, 2, 3, 9, 4, 6, 40, 124, 51, 22, 162, 95, 165, 125, 168, 63, 79, 78, 170, 54, 153, 152, 62, 41, 0]"
j20,1,proactive_robust,600,True,60,7.263143062591553,0.0031075477600097656,"[0, 3, 0, 0, 7, 9, 13, 15, 21, 21, 17, 9, 24, 31, 24, 41, 31, 17, 41, 53, 33, 0, 0, 0, 0, 0, 0, 0, 0, 0, 0, 0, 0, 0, 0, 0, 0, 0, 0, 170]","""[0, 1, 1, 9, 3, 1, 2, 1, 9, 1, 3, 5, 6, 10, 5, 7, 2, 7, 6, 5, 6, 40, 124, 51, 22, 162, 95, 165, 125, 168, 63, 79, 78, 170, 54, 153, 152, 62, 41, 0]"""
j20,1,reactive,600,True,53,7.263143062591553,1.0891575813293457,"[0, 3, 0, 0, 7, 9, 13, 15, 21, 21, 17, 9, 24, 31, 24, 41, 31, 17, 41, 48, 33, 0, 0, 0, 0, 0, 0, 0, 0, 0, 0, 0, 0, 0, 0, 0, 0, 0, 0, 53]","[0, 1, 1, 9, 3, 1, 2, 1, 9, 1, 3, 5, 6, 10, 5, 7, 2, 7, 6, 5, 6, 40, 124, 51, 22, 162, 95, 165, 125, 168, 63, 79, 78, 170, 54, 153, 152, 62, 41, 0]"
j20,1,proactive_robust,600,True,61,10.866329431533813,0.0031232833862304688,"[0, 3, 0, 0, 7, 9, 10, 24, 12, 20, 13, 13, 24, 33, 20, 43, 31, 26, 41, 55, 33, 0, 0, 0, 0, 0, 0, 0, 0, 0, 0, 0, 0, 0, 0, 0, 0, 0, 0, 170]","""[0, 2, 1, 6, 2, 2, 1, 2, 12, 2, 4, 3, 3, 6, 1, 6, 1, 4, 6, 4, 7, 40, 124, 51, 22, 162, 95, 165, 125, 168, 63, 79, 78, 170, 54, 153, 152, 62, 41, 0]"""
j20,1,reactive,600,True,53,10.866329431533813,2.6097803115844727,"[0, 3, 0, 0, 7, 9, 10, 24, 12, 20, 13, 13, 24, 33, 20, 43, 31, 26, 41, 49, 33, 0, 0, 0, 0, 0, 0, 0, 0, 0, 0, 0, 0, 0, 0, 0, 0, 0, 0, 53]","[0, 2, 1, 6, 2, 2, 1, 2, 12, 2, 4, 3, 3, 6, 1, 6, 1, 4, 6, 4, 7, 40, 124, 51, 22, 162, 95, 165, 125, 168, 63, 79, 78, 170, 54, 153, 152, 62, 41, 0]"
j20,1,proactive_robust,600,True,62,0.09435820579528809,0.001035451889038086,"[0, 0, 0, 0, 8, 17, 17, 17, 26, 10, 26, 8, 26, 38, 38, 30, 29, 44, 52, 38, 17, 0, 0, 0, 0, 0, 136]","""[0, 8, 8, 3, 8, 9, 7, 7, 12, 5, 6, 3, 3, 2, 5, 2, 7, 8, 10, 6, 13, 106, 27, 43, 109, 136, 0]"""
j20,1,reactive,600,True,61,0.09435820579528809,0.30056071281433105,"[0, 0, 0, 0, 8, 17, 17, 17, 26, 10, 26, 8, 26, 38, 38, 30, 29, 43, 51, 38, 17, 0, 0, 0, 0, 0, 61]","[0, 8, 8, 3, 8, 9, 7, 7, 12, 5, 6, 3, 3, 2, 5, 2, 7, 8, 10, 6, 13, 106, 27, 43, 109, 136, 0]"
j20,1,proactive_robust,600,True,62,0.09569501876831055,0.0010156631469726562,"[0, 0, 0, 0, 8, 17, 17, 17, 26, 10, 26, 8, 26, 38, 38, 30, 29, 44, 52, 38, 17, 0, 0, 0, 0, 0, 136]","""[0, 7, 8, 5, 5, 9, 4, 9, 10, 5, 7, 3, 2, 5, 2, 2, 3, 6, 6, 8, 9, 106, 27, 43, 109, 136, 0]"""
j20,1,reactive,600,True,58,0.09569501876831055,0.4226984977722168,"[0, 0, 0, 0, 8, 17, 17, 17, 26, 10, 26, 8, 26, 38, 38, 30, 29, 44, 52, 38, 17, 0, 0, 0, 0, 0, 58]","[0, 7, 8, 5, 5, 9, 4, 9, 10, 5, 7, 3, 2, 5, 2, 2, 3, 6, 6, 8, 9, 106, 27, 43, 109, 136, 0]"
j20,1,proactive_robust,600,True,62,0.14720416069030762,0.0010154247283935547,"[0, 0, 0, 0, 8, 17, 17, 17, 26, 10, 26, 8, 26, 38, 38, 30, 29, 44, 52, 38, 17, 0, 0, 0, 0, 0, 136]","""[0, 10, 5, 4, 9, 8, 7, 6, 12, 2, 11, 2, 1, 5, 3, 4, 5, 3, 5, 9, 7, 106, 27, 43, 109, 136, 0]"""
j20,1,reactive,600,True,52,0.14720416069030762,0.36190080642700195,"[0, 0, 0, 0, 8, 17, 17, 17, 26, 10, 26, 8, 26, 38, 38, 30, 29, 44, 47, 38, 17, 0, 0, 0, 0, 0, 52]","[0, 10, 5, 4, 9, 8, 7, 6, 12, 2, 11, 2, 1, 5, 3, 4, 5, 3, 5, 9, 7, 106, 27, 43, 109, 136, 0]"
j20,1,proactive_robust,600,True,62,0.0914163589477539,0.0009839534759521484,"[0, 0, 0, 0, 8, 17, 17, 17, 26, 10, 26, 8, 26, 38, 38, 30, 29, 44, 52, 38, 17, 0, 0, 0, 0, 0, 136]","""[0, 7, 4, 7, 8, 7, 4, 4, 7, 2, 7, 2, 1, 2, 3, 3, 3, 5, 9, 4, 12, 106, 27, 43, 109, 136, 0]"""
j20,1,reactive,600,True,61,0.0914163589477539,0.5087366104125977,"[0, 0, 0, 0, 8, 17, 17, 17, 26, 10, 26, 8, 26, 38, 38, 30, 29, 44, 52, 38, 17, 0, 0, 0, 0, 0, 61]","[0, 7, 4, 7, 8, 7, 4, 4, 7, 2, 7, 2, 1, 2, 3, 3, 3, 5, 9, 4, 12, 106, 27, 43, 109, 136, 0]"
j20,1,proactive_robust,600,True,62,0.09474515914916992,0.0010311603546142578,"[0, 0, 0, 0, 8, 17, 17, 17, 26, 10, 26, 8, 26, 38, 38, 30, 29, 44, 52, 38, 17, 0, 0, 0, 0, 0, 136]","""[0, 8, 6, 7, 8, 5, 6, 8, 10, 7, 8, 1, 1, 5, 4, 4, 5, 8, 7, 7, 6, 106, 27, 43, 109, 136, 0]"""
j20,1,reactive,600,True,59,0.09474515914916992,0.43335485458374023,"[0, 0, 0, 0, 8, 17, 17, 17, 26, 10, 26, 8, 26, 38, 38, 30, 29, 44, 52, 38, 17, 0, 0, 0, 0, 0, 59]","[0, 8, 6, 7, 8, 5, 6, 8, 10, 7, 8, 1, 1, 5, 4, 4, 5, 8, 7, 7, 6, 106, 27, 43, 109, 136, 0]"
j20,1,proactive_robust,600,True,62,0.09365963935852051,0.0009846687316894531,"[0, 0, 0, 0, 8, 17, 17, 17, 26, 10, 26, 8, 26, 38, 38, 30, 29, 44, 52, 38, 17, 0, 0, 0, 0, 0, 136]","""[0, 6, 4, 5, 8, 4, 3, 6, 8, 4, 6, 4, 1, 5, 2, 2, 4, 6, 9, 4, 7, 106, 27, 43, 109, 136, 0]"""
j20,1,reactive,600,True,61,0.09365963935852051,0.4946465492248535,"[0, 0, 0, 0, 8, 17, 17, 17, 26, 10, 26, 8, 26, 38, 38, 30, 29, 44, 52, 38, 17, 0, 0, 0, 0, 0, 61]","[0, 6, 4, 5, 8, 4, 3, 6, 8, 4, 6, 4, 1, 5, 2, 2, 4, 6, 9, 4, 7, 106, 27, 43, 109, 136, 0]"
j20,1,proactive_robust,600,True,45,0.09402203559875488,0.0009453296661376953,"[0, 0, 0, 0, 2, 9, 9, 9, 17, 8, 17, 2, 17, 26, 25, 15, 20, 28, 37, 27, 14, 0, 0, 0, 0, 0, 136]","""[0, 6, 2, 1, 3, 6, 4, 2, 7, 2, 7, 1, 1, 1, 1, 1, 2, 5, 8, 4, 2, 106, 27, 43, 109, 136, 0]"""
j20,1,reactive,600,True,41,0.09402203559875488,0.516566276550293,"[0, 0, 0, 0, 2, 9, 9, 9, 17, 8, 17, 2, 17, 26, 25, 15, 20, 28, 33, 27, 14, 0, 0, 0, 0, 0, 41]","[0, 6, 2, 1, 3, 6, 4, 2, 7, 2, 7, 1, 1, 1, 1, 1, 2, 5, 8, 4, 2, 106, 27, 43, 109, 136, 0]"
j20,1,proactive_robust,600,True,62,0.09075927734375,0.0010256767272949219,"[0, 0, 0, 0, 8, 17, 17, 17, 26, 10, 26, 8, 26, 38, 38, 30, 29, 44, 52, 38, 17, 0, 0, 0, 0, 0, 136]","""[0, 10, 3, 8, 8, 7, 8, 9, 11, 3, 7, 2, 3, 7, 6, 3, 2, 7, 10, 4, 10, 106, 27, 43, 109, 136, 0]"""
j20,1,reactive,600,True,61,0.09075927734375,0.3057999610900879,"[0, 0, 0, 0, 8, 17, 17, 17, 26, 10, 26, 8, 26, 38, 38, 30, 29, 44, 51, 38, 17, 0, 0, 0, 0, 0, 61]","[0, 10, 3, 8, 8, 7, 8, 9, 11, 3, 7, 2, 3, 7, 6, 3, 2, 7, 10, 4, 10, 106, 27, 43, 109, 136, 0]"
j20,1,proactive_robust,600,True,62,0.09418940544128418,0.0010290145874023438,"[0, 0, 0, 0, 8, 17, 17, 17, 26, 10, 26, 8, 26, 38, 38, 30, 29, 44, 52, 38, 17, 0, 0, 0, 0, 0, 136]","""[0, 5, 5, 5, 6, 6, 6, 8, 7, 3, 12, 4, 2, 6, 2, 4, 4, 7, 6, 4, 7, 106, 27, 43, 109, 136, 0]"""
j20,1,reactive,600,True,58,0.09418940544128418,0.4224853515625,"[0, 0, 0, 0, 8, 17, 17, 17, 26, 10, 26, 8, 26, 38, 38, 30, 29, 44, 52, 38, 17, 0, 0, 0, 0, 0, 58]","[0, 5, 5, 5, 6, 6, 6, 8, 7, 3, 12, 4, 2, 6, 2, 4, 4, 7, 6, 4, 7, 106, 27, 43, 109, 136, 0]"
j20,1,proactive_robust,600,True,62,0.09314870834350586,0.0010094642639160156,"[0, 0, 0, 0, 8, 17, 17, 17, 26, 10, 26, 8, 26, 38, 38, 30, 29, 44, 52, 38, 17, 0, 0, 0, 0, 0, 136]","""[0, 9, 6, 4, 7, 9, 3, 6, 6, 5, 6, 2, 3, 5, 6, 3, 7, 5, 5, 9, 6, 106, 27, 43, 109, 136, 0]"""
j20,1,reactive,600,True,57,0.09314870834350586,0.4069089889526367,"[0, 0, 0, 0, 8, 17, 17, 17, 26, 10, 26, 8, 26, 38, 38, 30, 29, 44, 52, 38, 17, 0, 0, 0, 0, 0, 57]","[0, 9, 6, 4, 7, 9, 3, 6, 6, 5, 6, 2, 3, 5, 6, 3, 7, 5, 5, 9, 6, 106, 27, 43, 109, 136, 0]"
j20,1,proactive_robust,600,True,51,0.08504533767700195,0.0008590221405029297,"[0, 0, 0, 0, 8, 7, 15, 11, 11, 7, 19, 19, 26, 13, 25, 11, 32, 35, 41, 38, 26, 0, 0, 0, 0, 0, 0, 87]","""[0, 7, 5, 12, 2, 3, 6, 3, 1, 6, 2, 2, 3, 2, 9, 7, 6, 3, 8, 2, 3, 24, 87, 60, 48, 48, 79, 0]"""
j20,1,reactive,600,True,49,0.08504533767700195,0.30777740478515625,"[0, 0, 0, 0, 8, 7, 15, 11, 11, 7, 19, 19, 26, 13, 25, 11, 32, 35, 41, 38, 26, 0, 0, 0, 0, 0, 0, 49]","[0, 7, 5, 12, 2, 3, 6, 3, 1, 6, 2, 2, 3, 2, 9, 7, 6, 3, 8, 2, 3, 24, 87, 60, 48, 48, 79, 0]"
j20,1,proactive_robust,600,True,51,0.08603930473327637,0.0008690357208251953,"[0, 0, 0, 0, 8, 7, 15, 11, 11, 7, 19, 19, 26, 13, 25, 11, 32, 35, 41, 38, 26, 0, 0, 0, 0, 0, 0, 87]","""[0, 3, 5, 6, 5, 3, 10, 5, 2, 3, 2, 6, 3, 4, 9, 4, 6, 2, 5, 3, 7, 24, 87, 60, 48, 48, 79, 0]"""
j20,1,reactive,600,True,46,0.08603930473327637,0.333223819732666,"[0, 0, 0, 0, 8, 7, 15, 11, 11, 7, 19, 19, 26, 13, 25, 11, 32, 35, 41, 38, 26, 0, 0, 0, 0, 0, 0, 46]","[0, 3, 5, 6, 5, 3, 10, 5, 2, 3, 2, 6, 3, 4, 9, 4, 6, 2, 5, 3, 7, 24, 87, 60, 48, 48, 79, 0]"
j20,1,proactive_robust,600,True,51,0.08606910705566406,0.000873565673828125,"[0, 0, 0, 0, 8, 7, 15, 11, 11, 7, 19, 19, 26, 13, 25, 11, 32, 35, 41, 38, 26, 0, 0, 0, 0, 0, 0, 87]","""[0, 4, 5, 9, 4, 2, 7, 3, 2, 5, 2, 4, 4, 3, 9, 3, 9, 1, 7, 5, 6, 24, 87, 60, 48, 48, 79, 0]"""
j20,1,reactive,600,True,48,0.08606910705566406,0.35914158821105957,"[0, 0, 0, 0, 8, 7, 15, 11, 11, 7, 19, 19, 26, 13, 25, 11, 32, 35, 41, 38, 26, 0, 0, 0, 0, 0, 0, 48]","[0, 4, 5, 9, 4, 2, 7, 3, 2, 5, 2, 4, 4, 3, 9, 3, 9, 1, 7, 5, 6, 24, 87, 60, 48, 48, 79, 0]"
j20,1,proactive_robust,600,True,51,0.08100557327270508,0.0008754730224609375,"[0, 0, 0, 0, 8, 7, 15, 11, 11, 7, 19, 19, 26, 13, 25, 11, 32, 35, 41, 38, 26, 0, 0, 0, 0, 0, 0, 87]","""[0, 7, 5, 9, 2, 4, 5, 6, 1, 6, 1, 7, 2, 4, 10, 3, 7, 1, 7, 5, 5, 24, 87, 60, 48, 48, 79, 0]"""
j20,1,reactive,600,True,48,0.08100557327270508,0.3590731620788574,"[0, 0, 0, 0, 8, 7, 15, 11, 11, 7, 19, 19, 26, 13, 25, 11, 32, 35, 41, 38, 26, 0, 0, 0, 0, 0, 0, 48]","[0, 7, 5, 9, 2, 4, 5, 6, 1, 6, 1, 7, 2, 4, 10, 3, 7, 1, 7, 5, 5, 24, 87, 60, 48, 48, 79, 0]"
j20,1,proactive_robust,600,True,51,0.08752179145812988,0.0008723735809326172,"[0, 0, 0, 0, 8, 7, 15, 11, 11, 7, 19, 19, 26, 13, 25, 11, 32, 35, 41, 38, 26, 0, 0, 0, 0, 0, 0, 87]","""[0, 2, 8, 7, 4, 2, 6, 5, 1, 5, 1, 4, 5, 2, 10, 5, 8, 1, 5, 6, 2, 24, 87, 60, 48, 48, 79, 0]"""
j20,1,reactive,600,True,46,0.08752179145812988,0.38085198402404785,"[0, 0, 0, 0, 8, 7, 15, 11, 11, 7, 19, 19, 26, 13, 25, 11, 32, 35, 41, 38, 26, 0, 0, 0, 0, 0, 0, 46]","[0, 2, 8, 7, 4, 2, 6, 5, 1, 5, 1, 4, 5, 2, 10, 5, 8, 1, 5, 6, 2, 24, 87, 60, 48, 48, 79, 0]"
j20,1,proactive_robust,600,True,51,0.08813691139221191,0.0008449554443359375,"[0, 0, 0, 0, 8, 7, 15, 11, 11, 7, 19, 19, 26, 13, 25, 11, 32, 35, 41, 38, 26, 0, 0, 0, 0, 0, 0, 87]","""[0, 4, 4, 10, 4, 4, 5, 6, 2, 4, 2, 2, 5, 2, 7, 2, 5, 3, 5, 6, 6, 24, 87, 60, 48, 48, 79, 0]"""
j20,1,reactive,600,True,46,0.08813691139221191,0.32684898376464844,"[0, 0, 0, 0, 8, 7, 15, 11, 11, 7, 19, 19, 26, 13, 25, 11, 32, 35, 41, 38, 26, 0, 0, 0, 0, 0, 0, 46]","[0, 4, 4, 10, 4, 4, 5, 6, 2, 4, 2, 2, 5, 2, 7, 2, 5, 3, 5, 6, 6, 24, 87, 60, 48, 48, 79, 0]"
j20,1,proactive_robust,600,True,51,0.13074278831481934,0.0008671283721923828,"[0, 0, 0, 0, 8, 7, 15, 11, 11, 7, 19, 19, 26, 13, 25, 11, 32, 35, 41, 38, 26, 0, 0, 0, 0, 0, 0, 87]","""[0, 2, 4, 6, 3, 3, 9, 5, 1, 2, 2, 4, 3, 4, 8, 6, 9, 2, 7, 4, 3, 24, 87, 60, 48, 48, 79, 0]"""
j20,1,reactive,600,True,48,0.13074278831481934,0.39548420906066895,"[0, 0, 0, 0, 8, 7, 15, 11, 11, 7, 19, 19, 26, 13, 25, 11, 32, 35, 41, 38, 26, 0, 0, 0, 0, 0, 0, 48]","[0, 2, 4, 6, 3, 3, 9, 5, 1, 2, 2, 4, 3, 4, 8, 6, 9, 2, 7, 4, 3, 24, 87, 60, 48, 48, 79, 0]"
j20,1,proactive_robust,600,True,51,0.08675432205200195,0.0008838176727294922,"[0, 0, 0, 0, 8, 7, 15, 11, 11, 7, 19, 19, 26, 13, 25, 11, 32, 35, 41, 38, 26, 0, 0, 0, 0, 0, 0, 87]","""[0, 4, 8, 9, 7, 1, 10, 7, 1, 3, 2, 3, 3, 4, 6, 6, 6, 1, 9, 6, 5, 24, 87, 60, 48, 48, 79, 0]"""
j20,1,reactive,600,True,50,0.08675432205200195,0.28634142875671387,"[0, 0, 0, 0, 8, 7, 15, 11, 11, 7, 19, 19, 26, 13, 25, 11, 32, 35, 41, 38, 26, 0, 0, 0, 0, 0, 0, 50]","[0, 4, 8, 9, 7, 1, 10, 7, 1, 3, 2, 3, 3, 4, 6, 6, 6, 1, 9, 6, 5, 24, 87, 60, 48, 48, 79, 0]"
j20,1,proactive_robust,600,True,51,0.08797526359558105,0.0008778572082519531,"[0, 0, 0, 0, 8, 7, 15, 11, 11, 7, 19, 19, 26, 13, 25, 11, 32, 35, 41, 38, 26, 0, 0, 0, 0, 0, 0, 87]","""[0, 3, 6, 11, 7, 3, 10, 6, 2, 3, 2, 2, 4, 4, 9, 7, 4, 2, 7, 5, 5, 24, 87, 60, 48, 48, 79, 0]"""
j20,1,reactive,600,True,48,0.08797526359558105,0.30394983291625977,"[0, 0, 0, 0, 8, 7, 15, 11, 11, 7, 19, 19, 26, 13, 25, 11, 32, 35, 41, 38, 26, 0, 0, 0, 0, 0, 0, 48]","[0, 3, 6, 11, 7, 3, 10, 6, 2, 3, 2, 2, 4, 4, 9, 7, 4, 2, 7, 5, 5, 24, 87, 60, 48, 48, 79, 0]"
j20,1,proactive_robust,600,True,51,0.08701086044311523,0.0008692741394042969,"[0, 0, 0, 0, 8, 7, 15, 11, 11, 7, 19, 19, 26, 13, 25, 11, 32, 35, 41, 38, 26, 0, 0, 0, 0, 0, 0, 87]","""[0, 2, 4, 8, 6, 4, 7, 4, 1, 5, 2, 3, 6, 2, 8, 7, 7, 2, 5, 4, 3, 24, 87, 60, 48, 48, 79, 0]"""
j20,1,reactive,600,True,46,0.08701086044311523,0.3608095645904541,"[0, 0, 0, 0, 8, 7, 15, 11, 11, 7, 19, 19, 26, 13, 25, 11, 32, 35, 41, 38, 26, 0, 0, 0, 0, 0, 0, 46]","[0, 2, 4, 8, 6, 4, 7, 4, 1, 5, 2, 3, 6, 2, 8, 7, 7, 2, 5, 4, 3, 24, 87, 60, 48, 48, 79, 0]"
j20,1,proactive_robust,600,True,67,0.09321093559265137,0.0005550384521484375,"[0, 0, 0, 0, 9, 18, 18, 9, 27, 8, 18, 27, 14, 8, 40, 49, 27, 34, 35, 59, 40, 0, 153]","""[0, 5, 4, 2, 6, 6, 1, 4, 8, 4, 2, 7, 7, 1, 9, 6, 6, 3, 10, 5, 8, 153, 0]"""
j20,1,reactive,600,True,64,0.09321093559265137,0.3811476230621338,"[0, 0, 0, 0, 9, 18, 18, 9, 27, 8, 18, 27, 14, 8, 40, 49, 27, 34, 35, 59, 40, 0, 64]","[0, 5, 4, 2, 6, 6, 1, 4, 8, 4, 2, 7, 7, 1, 9, 6, 6, 3, 10, 5, 8, 153, 0]"
j20,1,proactive_robust,600,True,67,0.09410429000854492,0.0005681514739990234,"[0, 0, 0, 0, 9, 18, 18, 9, 27, 8, 18, 27, 14, 8, 40, 49, 27, 34, 35, 59, 40, 0, 153]","""[0, 8, 4, 1, 8, 8, 4, 4, 12, 5, 1, 7, 7, 3, 5, 7, 4, 5, 8, 7, 8, 153, 0]"""
j20,1,reactive,600,True,66,0.09410429000854492,0.37275218963623047,"[0, 0, 0, 0, 9, 18, 18, 9, 27, 8, 18, 27, 14, 8, 40, 49, 27, 34, 35, 59, 40, 0, 66]","[0, 8, 4, 1, 8, 8, 4, 4, 12, 5, 1, 7, 7, 3, 5, 7, 4, 5, 8, 7, 8, 153, 0]"
j20,1,proactive_robust,600,True,67,0.09549832344055176,0.0005671977996826172,"[0, 0, 0, 0, 9, 18, 18, 9, 27, 8, 18, 27, 14, 8, 40, 49, 27, 34, 35, 59, 40, 0, 153]","""[0, 7, 8, 4, 7, 5, 1, 9, 12, 5, 1, 4, 7, 3, 5, 6, 3, 6, 6, 6, 6, 153, 0]"""
j20,1,reactive,600,True,65,0.09549832344055176,0.3199341297149658,"[0, 0, 0, 0, 9, 18, 18, 9, 27, 8, 18, 27, 14, 8, 40, 49, 27, 34, 35, 59, 40, 0, 65]","[0, 7, 8, 4, 7, 5, 1, 9, 12, 5, 1, 4, 7, 3, 5, 6, 3, 6, 6, 6, 6, 153, 0]"
j20,1,proactive_robust,600,True,67,0.09648251533508301,0.0005619525909423828,"[0, 0, 0, 0, 9, 18, 18, 9, 27, 8, 18, 27, 14, 8, 40, 49, 27, 34, 35, 59, 40, 0, 153]","""[0, 8, 8, 4, 5, 6, 2, 6, 7, 5, 3, 6, 8, 3, 7, 8, 3, 2, 6, 6, 5, 153, 0]"""
j20,1,reactive,600,True,65,0.09648251533508301,0.355043888092041,"[0, 0, 0, 0, 9, 18, 18, 9, 27, 8, 18, 27, 14, 8, 40, 49, 27, 34, 35, 59, 40, 0, 65]","[0, 8, 8, 4, 5, 6, 2, 6, 7, 5, 3, 6, 8, 3, 7, 8, 3, 2, 6, 6, 5, 153, 0]"
j20,1,proactive_robust,600,True,67,0.09778952598571777,0.0005815029144287109,"[0, 0, 0, 0, 9, 18, 18, 9, 27, 8, 18, 27, 14, 8, 40, 49, 27, 34, 35, 59, 40, 0, 153]","""[0, 7, 7, 2, 8, 7, 2, 8, 11, 6, 3, 5, 9, 1, 7, 8, 5, 6, 7, 6, 8, 153, 0]"""
j20,1,reactive,600,True,65,0.09778952598571777,0.3068547248840332,"[0, 0, 0, 0, 9, 18, 18, 9, 27, 8, 18, 27, 14, 8, 40, 49, 27, 34, 35, 59, 40, 0, 65]","[0, 7, 7, 2, 8, 7, 2, 8, 11, 6, 3, 5, 9, 1, 7, 8, 5, 6, 7, 6, 8, 153, 0]"
j20,1,proactive_robust,600,True,67,0.09592080116271973,0.0005621910095214844,"[0, 0, 0, 0, 9, 18, 18, 9, 27, 8, 18, 27, 14, 8, 40, 49, 27, 34, 35, 59, 40, 0, 153]","""[0, 5, 3, 2, 7, 4, 2, 5, 13, 3, 3, 7, 5, 4, 7, 9, 6, 2, 8, 7, 8, 153, 0]"""
j20,1,reactive,600,True,66,0.09592080116271973,0.3309192657470703,"[0, 0, 0, 0, 9, 18, 18, 9, 27, 8, 18, 27, 14, 8, 40, 49, 27, 34, 35, 59, 40, 0, 66]","[0, 5, 3, 2, 7, 4, 2, 5, 13, 3, 3, 7, 5, 4, 7, 9, 6, 2, 8, 7, 8, 153, 0]"
j20,1,proactive_robust,600,True,67,0.0945582389831543,0.0005555152893066406,"[0, 0, 0, 0, 9, 18, 18, 9, 27, 8, 18, 27, 14, 8, 40, 49, 27, 34, 35, 59, 40, 0, 153]","""[0, 5, 4, 1, 5, 7, 3, 8, 10, 4, 1, 3, 8, 2, 9, 9, 5, 4, 8, 6, 5, 153, 0]"""
j20,1,reactive,600,True,65,0.0945582389831543,0.4241161346435547,"[0, 0, 0, 0, 9, 18, 18, 9, 27, 8, 18, 27, 14, 8, 40, 49, 27, 34, 35, 59, 40, 0, 65]","[0, 5, 4, 1, 5, 7, 3, 8, 10, 4, 1, 3, 8, 2, 9, 9, 5, 4, 8, 6, 5, 153, 0]"
j20,1,proactive_robust,600,True,67,0.09264492988586426,0.0005691051483154297,"[0, 0, 0, 0, 9, 18, 18, 9, 27, 8, 18, 27, 14, 8, 40, 49, 27, 34, 35, 59, 40, 0, 153]","""[0, 7, 8, 3, 8, 9, 3, 5, 6, 4, 3, 5, 5, 3, 8, 5, 6, 6, 10, 3, 8, 153, 0]"""
j20,1,reactive,600,True,57,0.09264492988586426,0.32230520248413086,"[0, 0, 0, 0, 9, 18, 18, 9, 27, 8, 18, 27, 14, 8, 40, 49, 27, 34, 35, 54, 40, 0, 57]","[0, 7, 8, 3, 8, 9, 3, 5, 6, 4, 3, 5, 5, 3, 8, 5, 6, 6, 10, 3, 8, 153, 0]"
j20,1,proactive_robust,600,True,67,0.09287261962890625,0.0005471706390380859,"[0, 0, 0, 0, 9, 18, 18, 9, 27, 8, 18, 27, 14, 8, 40, 49, 27, 34, 35, 59, 40, 0, 153]","""[0, 7, 3, 4, 5, 4, 2, 7, 7, 6, 2, 2, 4, 4, 6, 9, 4, 2, 6, 6, 8, 153, 0]"""
j20,1,reactive,600,True,65,0.09287261962890625,0.35471105575561523,"[0, 0, 0, 0, 9, 18, 18, 9, 27, 8, 18, 27, 14, 8, 40, 49, 27, 34, 35, 59, 40, 0, 65]","[0, 7, 3, 4, 5, 4, 2, 7, 7, 6, 2, 2, 4, 4, 6, 9, 4, 2, 6, 6, 8, 153, 0]"
j20,1,proactive_robust,600,True,67,0.09617829322814941,0.0005536079406738281,"[0, 0, 0, 0, 9, 18, 18, 9, 27, 8, 18, 27, 14, 8, 40, 49, 27, 34, 35, 59, 40, 0, 153]","""[0, 9, 5, 1, 5, 6, 3, 5, 7, 6, 3, 3, 5, 2, 8, 8, 6, 3, 8, 7, 4, 153, 0]"""
j20,1,reactive,600,True,66,0.09617829322814941,0.35059618949890137,"[0, 0, 0, 0, 9, 18, 18, 9, 27, 8, 18, 27, 14, 8, 40, 49, 27, 34, 35, 59, 40, 0, 66]","[0, 9, 5, 1, 5, 6, 3, 5, 7, 6, 3, 3, 5, 2, 8, 8, 6, 3, 8, 7, 4, 153, 0]"
j20,1,proactive_robust,600,True,53,0.09488224983215332,0.0010418891906738281,"[0, 0, 0, 0, 3, 27, 2, 8, 11, 2, 18, 18, 11, 18, 18, 37, 37, 28, 21, 32, 47, 0, 0, 0, 0, 0, 146]","""[0, 3, 1, 8, 5, 9, 8, 10, 4, 2, 6, 3, 3, 6, 6, 7, 5, 1, 5, 12, 3, 55, 146, 146, 58, 46, 0]"""
j20,1,reactive,600,True,47,0.09488224983215332,0.4248161315917969,"[0, 0, 0, 0, 3, 27, 2, 8, 11, 2, 18, 18, 11, 18, 18, 37, 37, 28, 21, 32, 44, 0, 0, 0, 0, 0, 47]","[0, 3, 1, 8, 5, 9, 8, 10, 4, 2, 6, 3, 3, 6, 6, 7, 5, 1, 5, 12, 3, 55, 146, 146, 58, 46, 0]"
j20,1,proactive_robust,600,True,53,0.09430503845214844,0.0010533332824707031,"[0, 0, 0, 0, 3, 27, 2, 8, 11, 2, 18, 18, 11, 18, 18, 37, 37, 28, 21, 32, 47, 0, 0, 0, 0, 0, 146]","""[0, 2, 2, 6, 7, 8, 7, 7, 6, 6, 3, 3, 5, 10, 10, 7, 8, 2, 4, 6, 6, 55, 146, 146, 58, 46, 0]"""
j20,1,reactive,600,True,51,0.09430503845214844,0.37156176567077637,"[0, 0, 0, 0, 3, 27, 2, 8, 11, 2, 18, 18, 11, 18, 18, 37, 37, 28, 21, 32, 45, 0, 0, 0, 0, 0, 51]","[0, 2, 2, 6, 7, 8, 7, 7, 6, 6, 3, 3, 5, 10, 10, 7, 8, 2, 4, 6, 6, 55, 146, 146, 58, 46, 0]"
j20,1,proactive_robust,600,True,53,0.09295940399169922,0.0010459423065185547,"[0, 0, 0, 0, 3, 27, 2, 8, 11, 2, 18, 18, 11, 18, 18, 37, 37, 28, 21, 32, 47, 0, 0, 0, 0, 0, 146]","""[0, 2, 2, 10, 5, 10, 5, 6, 2, 3, 7, 2, 5, 8, 7, 7, 10, 3, 2, 8, 3, 55, 146, 146, 58, 46, 0]"""
j20,1,reactive,600,True,50,0.09295940399169922,0.40580224990844727,"[0, 0, 0, 0, 3, 27, 2, 8, 11, 2, 18, 18, 11, 18, 18, 37, 37, 28, 21, 32, 47, 0, 0, 0, 0, 0, 50]","[0, 2, 2, 10, 5, 10, 5, 6, 2, 3, 7, 2, 5, 8, 7, 7, 10, 3, 2, 8, 3, 55, 146, 146, 58, 46, 0]"
j20,1,proactive_robust,600,True,53,0.09054327011108398,0.0010273456573486328,"[0, 0, 0, 0, 3, 27, 2, 8, 11, 2, 18, 18, 11, 18, 18, 37, 37, 28, 21, 32, 47, 0, 0, 0, 0, 0, 146]","""[0, 2, 1, 6, 6, 5, 9, 10, 3, 3, 3, 2, 7, 7, 9, 7, 5, 3, 2, 7, 5, 55, 146, 146, 58, 46, 0]"""
j20,1,reactive,600,True,52,0.09054327011108398,0.4498565196990967,"[0, 0, 0, 0, 3, 27, 2, 8, 11, 2, 18, 18, 11, 18, 18, 37, 37, 28, 21, 32, 47, 0, 0, 0, 0, 0, 52]","[0, 2, 1, 6, 6, 5, 9, 10, 3, 3, 3, 2, 7, 7, 9, 7, 5, 3, 2, 7, 5, 55, 146, 146, 58, 46, 0]"
j20,1,proactive_robust,600,True,53,0.09588980674743652,0.0010573863983154297,"[0, 0, 0, 0, 3, 27, 2, 8, 11, 2, 18, 18, 11, 18, 18, 37, 37, 28, 21, 32, 47, 0, 0, 0, 0, 0, 146]","""[0, 3, 1, 5, 8, 9, 9, 7, 6, 2, 3, 3, 5, 9, 9, 6, 7, 4, 2, 11, 6, 55, 146, 146, 58, 46, 0]"""
j20,1,reactive,600,True,50,0.09588980674743652,0.364581823348999,"[0, 0, 0, 0, 3, 27, 2, 8, 11, 2, 18, 18, 11, 18, 18, 37, 37, 28, 21, 32, 44, 0, 0, 0, 0, 0, 50]","[0, 3, 1, 5, 8, 9, 9, 7, 6, 2, 3, 3, 5, 9, 9, 6, 7, 4, 2, 11, 6, 55, 146, 146, 58, 46, 0]"
j20,1,proactive_robust,600,True,38,0.09687614440917969,0.0009946823120117188,"[0, 0, 0, 0, 3, 13, 2, 3, 9, 6, 18, 13, 10, 16, 13, 26, 22, 20, 22, 26, 35, 0, 0, 0, 0, 0, 146]","""[0, 2, 2, 4, 4, 6, 3, 5, 2, 1, 8, 3, 2, 2, 6, 9, 7, 1, 2, 6, 2, 55, 146, 146, 58, 46, 0]"""
j20,1,reactive,600,True,37,0.09687614440917969,0.3326425552368164,"[0, 0, 0, 0, 3, 13, 2, 3, 9, 6, 18, 13, 10, 16, 13, 26, 22, 20, 22, 26, 35, 0, 0, 0, 0, 0, 37]","[0, 2, 2, 4, 4, 6, 3, 5, 2, 1, 8, 3, 2, 2, 6, 9, 7, 1, 2, 6, 2, 55, 146, 146, 58, 46, 0]"
j20,1,proactive_robust,600,True,53,0.09168291091918945,0.0010695457458496094,"[0, 0, 0, 0, 3, 27, 2, 8, 11, 2, 18, 18, 11, 18, 18, 37, 37, 28, 21, 32, 47, 0, 0, 0, 0, 0, 146]","""[0, 1, 2, 10, 7, 8, 9, 10, 5, 6, 3, 3, 4, 6, 6, 8, 8, 3, 3, 10, 6, 55, 146, 146, 58, 46, 0]"""
j20,1,reactive,600,True,51,0.09168291091918945,0.30756258964538574,"[0, 0, 0, 0, 3, 27, 2, 8, 11, 2, 18, 18, 11, 18, 18, 37, 37, 28, 21, 32, 45, 0, 0, 0, 0, 0, 51]","[0, 1, 2, 10, 7, 8, 9, 10, 5, 6, 3, 3, 4, 6, 6, 8, 8, 3, 3, 10, 6, 55, 146, 146, 58, 46, 0]"
j20,1,proactive_robust,600,True,53,0.0927579402923584,0.0010597705841064453,"[0, 0, 0, 0, 3, 27, 2, 8, 11, 2, 18, 18, 11, 18, 18, 37, 37, 28, 21, 32, 47, 0, 0, 0, 0, 0, 146]","""[0, 3, 2, 10, 5, 7, 7, 9, 6, 5, 7, 2, 7, 10, 5, 8, 9, 3, 6, 8, 6, 55, 146, 146, 58, 46, 0]"""
j20,1,reactive,600,True,52,0.0927579402923584,0.298053503036499,"[0, 0, 0, 0, 3, 27, 2, 8, 11, 2, 18, 18, 11, 18, 18, 37, 37, 28, 21, 32, 46, 0, 0, 0, 0, 0, 52]","[0, 3, 2, 10, 5, 7, 7, 9, 6, 5, 7, 2, 7, 10, 5, 8, 9, 3, 6, 8, 6, 55, 146, 146, 58, 46, 0]"
j20,1,proactive_robust,600,True,53,0.09200119972229004,0.0010197162628173828,"[0, 0, 0, 0, 3, 27, 2, 8, 11, 2, 18, 18, 11, 18, 18, 37, 37, 28, 21, 32, 47, 0, 0, 0, 0, 0, 146]","""[0, 3, 2, 6, 3, 10, 4, 9, 7, 5, 3, 1, 3, 7, 10, 5, 7, 1, 2, 6, 4, 55, 146, 146, 58, 46, 0]"""
j20,1,reactive,600,True,51,0.09200119972229004,0.3711884021759033,"[0, 0, 0, 0, 3, 27, 2, 8, 11, 2, 18, 18, 11, 18, 18, 37, 37, 28, 21, 32, 47, 0, 0, 0, 0, 0, 51]","[0, 3, 2, 6, 3, 10, 4, 9, 7, 5, 3, 1, 3, 7, 10, 5, 7, 1, 2, 6, 4, 55, 146, 146, 58, 46, 0]"
j20,1,proactive_robust,600,True,53,0.09381270408630371,0.0010421276092529297,"[0, 0, 0, 0, 3, 27, 2, 8, 11, 2, 18, 18, 11, 18, 18, 37, 37, 28, 21, 32, 47, 0, 0, 0, 0, 0, 146]","""[0, 2, 2, 8, 6, 10, 9, 6, 5, 3, 4, 3, 3, 10, 8, 5, 10, 1, 4, 10, 2, 55, 146, 146, 58, 46, 0]"""
j20,1,reactive,600,True,49,0.09381270408630371,0.3624694347381592,"[0, 0, 0, 0, 3, 27, 2, 8, 11, 2, 18, 18, 11, 18, 18, 37, 37, 28, 21, 32, 47, 0, 0, 0, 0, 0, 49]","[0, 2, 2, 8, 6, 10, 9, 6, 5, 3, 4, 3, 3, 10, 8, 5, 10, 1, 4, 10, 2, 55, 146, 146, 58, 46, 0]"
j20,1,proactive_robust,600,True,46,0.09200930595397949,0.0009877681732177734,"[0, 0, 0, 0, 10, 18, 10, 9, 27, 31, 27, 20, 18, 18, 31, 18, 22, 27, 43, 36, 38, 0, 0, 0, 0, 144]","""[0, 6, 4, 8, 6, 6, 2, 6, 3, 7, 6, 4, 7, 1, 10, 4, 6, 7, 2, 3, 1, 76, 94, 114, 144, 0]"""
j20,1,reactive,600,True,43,0.09200930595397949,0.40273427963256836,"[0, 0, 0, 0, 10, 18, 10, 9, 27, 31, 27, 20, 18, 18, 31, 18, 22, 27, 41, 36, 38, 0, 0, 0, 0, 43]","[0, 6, 4, 8, 6, 6, 2, 6, 3, 7, 6, 4, 7, 1, 10, 4, 6, 7, 2, 3, 1, 76, 94, 114, 144, 0]"
j20,1,proactive_robust,600,True,46,0.0933218002319336,0.0009741783142089844,"[0, 0, 0, 0, 10, 18, 10, 9, 27, 31, 27, 20, 18, 18, 31, 18, 22, 27, 43, 36, 38, 0, 0, 0, 0, 144]","""[0, 8, 4, 5, 6, 4, 5, 8, 1, 6, 4, 1, 5, 2, 6, 1, 7, 4, 3, 5, 2, 76, 94, 114, 144, 0]"""
j20,1,reactive,600,True,41,0.0933218002319336,0.4336659908294678,"[0, 0, 0, 0, 10, 18, 10, 9, 27, 31, 27, 20, 18, 18, 31, 18, 22, 27, 37, 36, 38, 0, 0, 0, 0, 41]","[0, 8, 4, 5, 6, 4, 5, 8, 1, 6, 4, 1, 5, 2, 6, 1, 7, 4, 3, 5, 2, 76, 94, 114, 144, 0]"
j20,1,proactive_robust,600,True,46,0.09006047248840332,0.0009877681732177734,"[0, 0, 0, 0, 10, 18, 10, 9, 27, 31, 27, 20, 18, 18, 31, 18, 22, 27, 43, 36, 38, 0, 0, 0, 0, 144]","""[0, 5, 8, 5, 8, 7, 5, 8, 3, 6, 5, 2, 8, 2, 9, 1, 5, 7, 3, 2, 1, 76, 94, 114, 144, 0]"""
j20,1,reactive,600,True,43,0.09006047248840332,0.3956122398376465,"[0, 0, 0, 0, 10, 18, 10, 9, 27, 31, 27, 20, 18, 18, 31, 18, 22, 27, 40, 36, 38, 0, 0, 0, 0, 43]","[0, 5, 8, 5, 8, 7, 5, 8, 3, 6, 5, 2, 8, 2, 9, 1, 5, 7, 3, 2, 1, 76, 94, 114, 144, 0]"
j20,1,proactive_robust,600,True,46,0.09476518630981445,0.0009853839874267578,"[0, 0, 0, 0, 10, 18, 10, 9, 27, 31, 27, 20, 18, 18, 31, 18, 22, 27, 43, 36, 38, 0, 0, 0, 0, 144]","""[0, 9, 5, 8, 8, 4, 5, 7, 4, 4, 6, 1, 5, 2, 12, 2, 6, 6, 2, 3, 1, 76, 94, 114, 144, 0]"""
j20,1,reactive,600,True,45,0.09476518630981445,0.37143635749816895,"[0, 0, 0, 0, 10, 18, 10, 9, 27, 31, 27, 20, 18, 18, 31, 18, 22, 27, 43, 36, 38, 0, 0, 0, 0, 45]","[0, 9, 5, 8, 8, 4, 5, 7, 4, 4, 6, 1, 5, 2, 12, 2, 6, 6, 2, 3, 1, 76, 94, 114, 144, 0]"
j20,1,proactive_robust,600,True,46,0.09230828285217285,0.000988006591796875,"[0, 0, 0, 0, 10, 18, 10, 9, 27, 31, 27, 20, 18, 18, 31, 18, 22, 27, 43, 36, 38, 0, 0, 0, 0, 144]","""[0, 9, 5, 9, 3, 5, 5, 8, 3, 3, 8, 2, 8, 2, 11, 1, 3, 6, 1, 3, 2, 76, 94, 114, 144, 0]"""
j20,1,reactive,600,True,43,0.09230828285217285,0.43753838539123535,"[0, 0, 0, 0, 10, 18, 10, 9, 27, 31, 27, 20, 18, 18, 31, 18, 22, 27, 42, 36, 38, 0, 0, 0, 0, 43]","[0, 9, 5, 9, 3, 5, 5, 8, 3, 3, 8, 2, 8, 2, 11, 1, 3, 6, 1, 3, 2, 76, 94, 114, 144, 0]"
j20,1,proactive_robust,600,True,46,0.09247970581054688,0.0010144710540771484,"[0, 0, 0, 0, 10, 18, 10, 9, 27, 31, 27, 20, 18, 18, 31, 18, 22, 27, 43, 36, 38, 0, 0, 0, 0, 144]","""[0, 9, 9, 6, 5, 4, 4, 9, 4, 3, 7, 1, 8, 2, 6, 3, 7, 8, 3, 5, 2, 76, 94, 114, 144, 0]"""
j20,1,reactive,600,True,41,0.09247970581054688,0.37708353996276855,"[0, 0, 0, 0, 10, 18, 10, 9, 27, 31, 27, 20, 18, 18, 31, 18, 22, 27, 37, 36, 38, 0, 0, 0, 0, 41]","[0, 9, 9, 6, 5, 4, 4, 9, 4, 3, 7, 1, 8, 2, 6, 3, 7, 8, 3, 5, 2, 76, 94, 114, 144, 0]"
j20,1,proactive_robust,600,True,46,0.09267115592956543,0.0009920597076416016,"[0, 0, 0, 0, 10, 18, 10, 9, 27, 31, 27, 20, 18, 18, 31, 18, 22, 27, 43, 36, 38, 0, 0, 0, 0, 144]","""[0, 10, 6, 10, 3, 6, 5, 9, 2, 3, 5, 4, 4, 2, 7, 1, 3, 9, 3, 3, 3, 76, 94, 114, 144, 0]"""
j20,1,reactive,600,True,41,0.09267115592956543,0.27857303619384766,"[0, 0, 0, 0, 10, 18, 10, 9, 27, 31, 27, 20, 18, 18, 31, 18, 22, 27, 38, 36, 38, 0, 0, 0, 0, 41]","[0, 10, 6, 10, 3, 6, 5, 9, 2, 3, 5, 4, 4, 2, 7, 1, 3, 9, 3, 3, 3, 76, 94, 114, 144, 0]"
j20,1,proactive_robust,600,True,46,0.09398794174194336,0.0010004043579101562,"[0, 0, 0, 0, 10, 18, 10, 9, 27, 31, 27, 20, 18, 18, 31, 18, 22, 27, 43, 36, 38, 0, 0, 0, 0, 144]","""[0, 10, 8, 5, 3, 8, 4, 9, 1, 7, 5, 2, 6, 2, 10, 4, 2, 7, 3, 5, 3, 76, 94, 114, 144, 0]"""
j20,1,reactive,600,True,44,0.09398794174194336,0.3022313117980957,"[0, 0, 0, 0, 10, 18, 10, 9, 27, 31, 27, 20, 18, 18, 31, 18, 22, 27, 41, 36, 38, 0, 0, 0, 0, 44]","[0, 10, 8, 5, 3, 8, 4, 9, 1, 7, 5, 2, 6, 2, 10, 4, 2, 7, 3, 5, 3, 76, 94, 114, 144, 0]"
j20,1,proactive_robust,600,True,46,0.09808659553527832,0.0010149478912353516,"[0, 0, 0, 0, 10, 18, 10, 9, 27, 31, 27, 20, 18, 18, 31, 18, 22, 27, 43, 36, 38, 0, 0, 0, 0, 144]","""[0, 7, 5, 9, 3, 9, 6, 9, 2, 7, 5, 1, 8, 2, 12, 2, 6, 9, 3, 5, 2, 76, 94, 114, 144, 0]"""
j20,1,reactive,600,True,46,0.09808659553527832,0.28420519828796387,"[0, 0, 0, 0, 10, 18, 10, 9, 27, 31, 27, 20, 18, 18, 31, 18, 22, 27, 43, 36, 38, 0, 0, 0, 0, 46]","[0, 7, 5, 9, 3, 9, 6, 9, 2, 7, 5, 1, 8, 2, 12, 2, 6, 9, 3, 5, 2, 76, 94, 114, 144, 0]"
j20,1,proactive_robust,600,True,46,0.09653711318969727,0.0009913444519042969,"[0, 0, 0, 0, 10, 18, 10, 9, 27, 31, 27, 20, 18, 18, 31, 18, 22, 27, 43, 36, 38, 0, 0, 0, 0, 144]","""[0, 7, 4, 5, 3, 4, 6, 9, 4, 6, 7, 2, 8, 2, 7, 2, 5, 6, 3, 2, 2, 76, 94, 114, 144, 0]"""
j20,1,reactive,600,True,41,0.09653711318969727,0.3539719581604004,"[0, 0, 0, 0, 10, 18, 10, 9, 27, 31, 27, 20, 18, 18, 31, 18, 22, 27, 38, 36, 38, 0, 0, 0, 0, 41]","[0, 7, 4, 5, 3, 4, 6, 9, 4, 6, 7, 2, 8, 2, 7, 2, 5, 6, 3, 2, 2, 76, 94, 114, 144, 0]"
j20,1,proactive_robust,600,True,45,0.09220075607299805,0.0017418861389160156,"[0, 0, 0, 0, 3, 9, 18, 8, 8, 12, 3, 16, 12, 9, 17, 12, 25, 27, 33, 29, 25, 0, 0, 0, 0, 0, 0, 0, 0, 0, 0, 136]","""[0, 2, 6, 6, 5, 8, 6, 4, 4, 1, 6, 2, 11, 2, 2, 3, 2, 4, 9, 7, 12, 58, 136, 103, 120, 35, 56, 111, 79, 81, 131, 0]"""
j20,1,reactive,600,True,42,0.09220075607299805,0.34024643898010254,"[0, 0, 0, 0, 3, 9, 18, 8, 8, 12, 3, 16, 12, 9, 17, 12, 25, 27, 33, 29, 25, 0, 0, 0, 0, 0, 0, 0, 0, 0, 0, 42]","[0, 2, 6, 6, 5, 8, 6, 4, 4, 1, 6, 2, 11, 2, 2, 3, 2, 4, 9, 7, 12, 58, 136, 103, 120, 35, 56, 111, 79, 81, 131, 0]"
j20,1,proactive_robust,600,True,45,0.09396028518676758,0.0017676353454589844,"[0, 0, 0, 0, 3, 9, 18, 8, 8, 12, 3, 16, 12, 9, 17, 12, 25, 27, 33, 29, 25, 0, 0, 0, 0, 0, 0, 0, 0, 0, 0, 136]","""[0, 3, 9, 4, 5, 9, 8, 9, 4, 2, 4, 7, 9, 3, 3, 6, 4, 4, 9, 4, 9, 58, 136, 103, 120, 35, 56, 111, 79, 81, 131, 0]"""
j20,1,reactive,600,True,42,0.09396028518676758,0.22234725952148438,"[0, 0, 0, 0, 3, 9, 18, 8, 8, 12, 3, 16, 12, 9, 17, 12, 25, 27, 33, 29, 25, 0, 0, 0, 0, 0, 0, 0, 0, 0, 0, 42]","[0, 3, 9, 4, 5, 9, 8, 9, 4, 2, 4, 7, 9, 3, 3, 6, 4, 4, 9, 4, 9, 58, 136, 103, 120, 35, 56, 111, 79, 81, 131, 0]"
j20,1,proactive_robust,600,True,45,0.09123730659484863,0.0017325878143310547,"[0, 0, 0, 0, 3, 9, 18, 8, 8, 12, 3, 16, 12, 9, 17, 12, 25, 27, 33, 29, 25, 0, 0, 0, 0, 0, 0, 0, 0, 0, 0, 136]","""[0, 3, 5, 6, 9, 4, 5, 4, 2, 4, 6, 2, 6, 5, 4, 3, 1, 4, 11, 7, 8, 58, 136, 103, 120, 35, 56, 111, 79, 81, 131, 0]"""
j20,1,reactive,600,True,44,0.09123730659484863,0.32709240913391113,"[0, 0, 0, 0, 3, 9, 18, 8, 8, 12, 3, 16, 12, 9, 17, 12, 25, 27, 33, 29, 25, 0, 0, 0, 0, 0, 0, 0, 0, 0, 0, 44]","[0, 3, 5, 6, 9, 4, 5, 4, 2, 4, 6, 2, 6, 5, 4, 3, 1, 4, 11, 7, 8, 58, 136, 103, 120, 35, 56, 111, 79, 81, 131, 0]"
j20,1,proactive_robust,600,True,45,0.09068703651428223,0.0017631053924560547,"[0, 0, 0, 0, 3, 9, 18, 8, 8, 12, 3, 16, 12, 9, 17, 12, 25, 27, 33, 29, 25, 0, 0, 0, 0, 0, 0, 0, 0, 0, 0, 136]","""[0, 3, 4, 7, 5, 4, 8, 6, 4, 4, 8, 3, 6, 2, 7, 5, 1, 5, 11, 4, 8, 58, 136, 103, 120, 35, 56, 111, 79, 81, 131, 0]"""
j20,1,reactive,600,True,44,0.09068703651428223,0.30574703216552734,"[0, 0, 0, 0, 3, 9, 18, 8, 8, 12, 3, 16, 12, 9, 17, 12, 25, 27, 33, 29, 25, 0, 0, 0, 0, 0, 0, 0, 0, 0, 0, 44]","[0, 3, 4, 7, 5, 4, 8, 6, 4, 4, 8, 3, 6, 2, 7, 5, 1, 5, 11, 4, 8, 58, 136, 103, 120, 35, 56, 111, 79, 81, 131, 0]"
j20,1,proactive_robust,600,True,45,0.09258246421813965,0.0017628669738769531,"[0, 0, 0, 0, 3, 9, 18, 8, 8, 12, 3, 16, 12, 9, 17, 12, 25, 27, 33, 29, 25, 0, 0, 0, 0, 0, 0, 0, 0, 0, 0, 136]","""[0, 1, 9, 3, 9, 5, 5, 4, 2, 2, 9, 7, 11, 5, 5, 6, 2, 4, 8, 6, 10, 58, 136, 103, 120, 35, 56, 111, 79, 81, 131, 0]"""
j20,1,reactive,600,True,41,0.09258246421813965,0.2711310386657715,"[0, 0, 0, 0, 3, 9, 18, 8, 8, 12, 3, 16, 12, 9, 17, 12, 25, 27, 33, 29, 25, 0, 0, 0, 0, 0, 0, 0, 0, 0, 0, 41]","[0, 1, 9, 3, 9, 5, 5, 4, 2, 2, 9, 7, 11, 5, 5, 6, 2, 4, 8, 6, 10, 58, 136, 103, 120, 35, 56, 111, 79, 81, 131, 0]"
j20,1,proactive_robust,600,True,45,0.0908961296081543,0.001764059066772461,"[0, 0, 0, 0, 3, 9, 18, 8, 8, 12, 3, 16, 12, 9, 17, 12, 25, 27, 33, 29, 25, 0, 0, 0, 0, 0, 0, 0, 0, 0, 0, 136]","""[0, 3, 8, 8, 6, 6, 7, 8, 2, 4, 4, 6, 9, 2, 3, 3, 4, 6, 8, 5, 12, 58, 136, 103, 120, 35, 56, 111, 79, 81, 131, 0]"""
j20,1,reactive,600,True,41,0.0908961296081543,0.25262451171875,"[0, 0, 0, 0, 3, 9, 18, 8, 8, 12, 3, 16, 12, 9, 17, 12, 25, 27, 33, 29, 25, 0, 0, 0, 0, 0, 0, 0, 0, 0, 0, 41]","[0, 3, 8, 8, 6, 6, 7, 8, 2, 4, 4, 6, 9, 2, 3, 3, 4, 6, 8, 5, 12, 58, 136, 103, 120, 35, 56, 111, 79, 81, 131, 0]"
j20,1,proactive_robust,600,True,45,0.09271597862243652,0.0017697811126708984,"[0, 0, 0, 0, 3, 9, 18, 8, 8, 12, 3, 16, 12, 9, 17, 12, 25, 27, 33, 29, 25, 0, 0, 0, 0, 0, 0, 0, 0, 0, 0, 136]","""[0, 2, 8, 4, 7, 9, 4, 7, 3, 3, 9, 2, 8, 5, 6, 5, 1, 5, 6, 8, 8, 58, 136, 103, 120, 35, 56, 111, 79, 81, 131, 0]"""
j20,1,reactive,600,True,39,0.09271597862243652,0.31246232986450195,"[0, 0, 0, 0, 3, 9, 18, 8, 8, 12, 3, 16, 12, 9, 17, 12, 25, 27, 33, 29, 25, 0, 0, 0, 0, 0, 0, 0, 0, 0, 0, 39]","[0, 2, 8, 4, 7, 9, 4, 7, 3, 3, 9, 2, 8, 5, 6, 5, 1, 5, 6, 8, 8, 58, 136, 103, 120, 35, 56, 111, 79, 81, 131, 0]"
j20,1,proactive_robust,600,True,45,0.09047436714172363,0.0017368793487548828,"[0, 0, 0, 0, 3, 9, 18, 8, 8, 12, 3, 16, 12, 9, 17, 12, 25, 27, 33, 29, 25, 0, 0, 0, 0, 0, 0, 0, 0, 0, 0, 136]","""[0, 2, 5, 7, 7, 4, 4, 8, 1, 1, 9, 4, 13, 3, 3, 4, 4, 5, 9, 6, 6, 58, 136, 103, 120, 35, 56, 111, 79, 81, 131, 0]"""
j20,1,reactive,600,True,42,0.09047436714172363,0.33114075660705566,"[0, 0, 0, 0, 3, 9, 18, 8, 8, 12, 3, 16, 12, 9, 17, 12, 25, 27, 33, 29, 25, 0, 0, 0, 0, 0, 0, 0, 0, 0, 0, 42]","[0, 2, 5, 7, 7, 4, 4, 8, 1, 1, 9, 4, 13, 3, 3, 4, 4, 5, 9, 6, 6, 58, 136, 103, 120, 35, 56, 111, 79, 81, 131, 0]"
j20,1,proactive_robust,600,True,45,0.09033751487731934,0.0017344951629638672,"[0, 0, 0, 0, 3, 9, 18, 8, 8, 12, 3, 16, 12, 9, 17, 12, 25, 27, 33, 29, 25, 0, 0, 0, 0, 0, 0, 0, 0, 0, 0, 136]","""[0, 1, 9, 7, 8, 8, 5, 9, 3, 3, 5, 3, 9, 3, 3, 4, 1, 4, 6, 7, 7, 58, 136, 103, 120, 35, 56, 111, 79, 81, 131, 0]"""
j20,1,reactive,600,True,39,0.09033751487731934,0.3206167221069336,"[0, 0, 0, 0, 3, 9, 18, 8, 8, 12, 3, 16, 12, 9, 17, 12, 25, 27, 33, 29, 25, 0, 0, 0, 0, 0, 0, 0, 0, 0, 0, 39]","[0, 1, 9, 7, 8, 8, 5, 9, 3, 3, 5, 3, 9, 3, 3, 4, 1, 4, 6, 7, 7, 58, 136, 103, 120, 35, 56, 111, 79, 81, 131, 0]"
j20,1,proactive_robust,600,True,45,0.09116005897521973,0.0017364025115966797,"[0, 0, 0, 0, 3, 9, 18, 8, 8, 12, 3, 16, 12, 9, 17, 12, 25, 27, 33, 29, 25, 0, 0, 0, 0, 0, 0, 0, 0, 0, 0, 136]","""[0, 2, 6, 5, 6, 8, 8, 7, 3, 1, 8, 4, 8, 5, 5, 6, 3, 3, 9, 8, 10, 58, 136, 103, 120, 35, 56, 111, 79, 81, 131, 0]"""
j20,1,reactive,600,True,42,0.09116005897521973,0.40052151679992676,"[0, 0, 0, 0, 3, 9, 18, 8, 8, 12, 3, 16, 12, 9, 17, 12, 25, 27, 33, 29, 25, 0, 0, 0, 0, 0, 0, 0, 0, 0, 0, 42]","[0, 2, 6, 5, 6, 8, 8, 7, 3, 1, 8, 4, 8, 5, 5, 6, 3, 3, 9, 8, 10, 58, 136, 103, 120, 35, 56, 111, 79, 81, 131, 0]"
j20,1,proactive_robust,600,True,44,0.09417152404785156,0.0017437934875488281,"[0, 0, 0, 0, 4, 11, 17, 9, 11, 13, 4, 17, 13, 19, 22, 23, 17, 35, 35, 19, 42, 0, 0, 0, 0, 0, 0, 0, 0, 0, 0, 0, 0, 154]","""[0, 4, 2, 5, 5, 3, 4, 3, 3, 1, 7, 1, 2, 1, 8, 9, 4, 6, 5, 1, 1, 82, 105, 135, 33, 50, 18, 146, 80, 65, 42, 154, 22, 0]"""
j20,1,reactive,600,True,42,0.09417152404785156,0.46614933013916016,"[0, 0, 0, 0, 4, 11, 17, 9, 11, 13, 4, 17, 13, 19, 22, 23, 17, 35, 35, 19, 41, 0, 0, 0, 0, 0, 0, 0, 0, 0, 0, 0, 0, 42]","[0, 4, 2, 5, 5, 3, 4, 3, 3, 1, 7, 1, 2, 1, 8, 9, 4, 6, 5, 1, 1, 82, 105, 135, 33, 50, 18, 146, 80, 65, 42, 154, 22, 0]"
j20,1,proactive_robust,600,True,44,0.09186124801635742,0.0017743110656738281,"[0, 0, 0, 0, 4, 11, 17, 9, 11, 13, 4, 17, 13, 19, 22, 23, 17, 35, 35, 19, 42, 0, 0, 0, 0, 0, 0, 0, 0, 0, 0, 0, 0, 154]","""[0, 4, 2, 8, 5, 3, 2, 1, 5, 2, 10, 1, 2, 2, 9, 8, 7, 3, 3, 3, 2, 82, 105, 135, 33, 50, 18, 146, 80, 65, 42, 154, 22, 0]"""
j20,1,reactive,600,True,36,0.09186124801635742,0.38050293922424316,"[0, 0, 0, 0, 4, 11, 17, 9, 11, 13, 4, 17, 13, 19, 22, 23, 17, 31, 31, 19, 34, 0, 0, 0, 0, 0, 0, 0, 0, 0, 0, 0, 0, 36]","[0, 4, 2, 8, 5, 3, 2, 1, 5, 2, 10, 1, 2, 2, 9, 8, 7, 3, 3, 3, 2, 82, 105, 135, 33, 50, 18, 146, 80, 65, 42, 154, 22, 0]"
j20,1,proactive_robust,600,True,44,0.13185548782348633,0.0017893314361572266,"[0, 0, 0, 0, 4, 11, 17, 9, 11, 13, 4, 17, 13, 19, 22, 23, 17, 35, 35, 19, 42, 0, 0, 0, 0, 0, 0, 0, 0, 0, 0, 0, 0, 154]","""[0, 7, 4, 10, 4, 2, 3, 1, 3, 4, 10, 1, 2, 3, 12, 6, 7, 6, 4, 2, 1, 82, 105, 135, 33, 50, 18, 146, 80, 65, 42, 154, 22, 0]"""
j20,1,reactive,600,True,42,0.13185548782348633,0.2975895404815674,"[0, 0, 0, 0, 4, 11, 17, 9, 11, 13, 4, 17, 13, 19, 22, 23, 17, 35, 35, 19, 41, 0, 0, 0, 0, 0, 0, 0, 0, 0, 0, 0, 0, 42]","[0, 7, 4, 10, 4, 2, 3, 1, 3, 4, 10, 1, 2, 3, 12, 6, 7, 6, 4, 2, 1, 82, 105, 135, 33, 50, 18, 146, 80, 65, 42, 154, 22, 0]"
j20,1,proactive_robust,600,True,44,0.08764386177062988,0.0017464160919189453,"[0, 0, 0, 0, 4, 11, 17, 9, 11, 13, 4, 17, 13, 19, 22, 23, 17, 35, 35, 19, 42, 0, 0, 0, 0, 0, 0, 0, 0, 0, 0, 0, 0, 154]","""[0, 4, 3, 9, 5, 3, 2, 4, 3, 1, 10, 2, 3, 2, 6, 6, 3, 4, 4, 2, 2, 82, 105, 135, 33, 50, 18, 146, 80, 65, 42, 154, 22, 0]"""
j20,1,reactive,600,True,35,0.08764386177062988,0.3465723991394043,"[0, 0, 0, 0, 4, 11, 17, 9, 11, 13, 4, 17, 13, 19, 22, 23, 17, 29, 29, 19, 33, 0, 0, 0, 0, 0, 0, 0, 0, 0, 0, 0, 0, 35]","[0, 4, 3, 9, 5, 3, 2, 4, 3, 1, 10, 2, 3, 2, 6, 6, 3, 4, 4, 2, 2, 82, 105, 135, 33, 50, 18, 146, 80, 65, 42, 154, 22, 0]"
j20,1,proactive_robust,600,True,44,0.09330606460571289,0.0017476081848144531,"[0, 0, 0, 0, 4, 11, 17, 9, 11, 13, 4, 17, 13, 19, 22, 23, 17, 35, 35, 19, 42, 0, 0, 0, 0, 0, 0, 0, 0, 0, 0, 0, 0, 154]","""[0, 4, 2, 10, 3, 2, 3, 2, 3, 2, 10, 1, 5, 2, 10, 6, 3, 5, 3, 2, 1, 82, 105, 135, 33, 50, 18, 146, 80, 65, 42, 154, 22, 0]"""
j20,1,reactive,600,True,35,0.09330606460571289,0.3998558521270752,"[0, 0, 0, 0, 4, 11, 17, 9, 11, 13, 4, 17, 13, 19, 22, 23, 17, 29, 32, 19, 34, 0, 0, 0, 0, 0, 0, 0, 0, 0, 0, 0, 0, 35]","[0, 4, 2, 10, 3, 2, 3, 2, 3, 2, 10, 1, 5, 2, 10, 6, 3, 5, 3, 2, 1, 82, 105, 135, 33, 50, 18, 146, 80, 65, 42, 154, 22, 0]"
j20,1,proactive_robust,600,True,44,0.09277606010437012,0.0017464160919189453,"[0, 0, 0, 0, 4, 11, 17, 9, 11, 13, 4, 17, 13, 19, 22, 23, 17, 35, 35, 19, 42, 0, 0, 0, 0, 0, 0, 0, 0, 0, 0, 0, 0, 154]","""[0, 6, 1, 9, 4, 4, 3, 1, 5, 2, 10, 2, 5, 1, 6, 9, 3, 2, 4, 3, 2, 82, 105, 135, 33, 50, 18, 146, 80, 65, 42, 154, 22, 0]"""
j20,1,reactive,600,True,39,0.09277606010437012,0.3426976203918457,"[0, 0, 0, 0, 4, 11, 17, 9, 11, 13, 4, 17, 13, 19, 22, 23, 17, 35, 35, 19, 37, 0, 0, 0, 0, 0, 0, 0, 0, 0, 0, 0, 0, 39]","[0, 6, 1, 9, 4, 4, 3, 1, 5, 2, 10, 2, 5, 1, 6, 9, 3, 2, 4, 3, 2, 82, 105, 135, 33, 50, 18, 146, 80, 65, 42, 154, 22, 0]"
j20,1,proactive_robust,600,True,44,0.09164118766784668,0.0017948150634765625,"[0, 0, 0, 0, 4, 11, 17, 9, 11, 13, 4, 17, 13, 19, 22, 23, 17, 35, 35, 19, 42, 0, 0, 0, 0, 0, 0, 0, 0, 0, 0, 0, 0, 154]","""[0, 9, 1, 7, 6, 2, 4, 4, 6, 2, 7, 2, 3, 2, 9, 12, 6, 6, 3, 1, 2, 82, 105, 135, 33, 50, 18, 146, 80, 65, 42, 154, 22, 0]"""
j20,1,reactive,600,True,43,0.09164118766784668,0.315260648727417,"[0, 0, 0, 0, 4, 11, 17, 9, 11, 13, 4, 17, 13, 19, 22, 23, 17, 35, 35, 19, 41, 0, 0, 0, 0, 0, 0, 0, 0, 0, 0, 0, 0, 43]","[0, 9, 1, 7, 6, 2, 4, 4, 6, 2, 7, 2, 3, 2, 9, 12, 6, 6, 3, 1, 2, 82, 105, 135, 33, 50, 18, 146, 80, 65, 42, 154, 22, 0]"
j20,1,proactive_robust,600,True,44,0.08987712860107422,0.0017554759979248047,"[0, 0, 0, 0, 4, 11, 17, 9, 11, 13, 4, 17, 13, 19, 22, 23, 17, 35, 35, 19, 42, 0, 0, 0, 0, 0, 0, 0, 0, 0, 0, 0, 0, 154]","""[0, 6, 1, 8, 5, 3, 3, 2, 3, 4, 8, 1, 3, 2, 6, 7, 2, 7, 5, 2, 2, 82, 105, 135, 33, 50, 18, 146, 80, 65, 42, 154, 22, 0]"""
j20,1,reactive,600,True,39,0.08987712860107422,0.3838350772857666,"[0, 0, 0, 0, 4, 11, 17, 9, 11, 13, 4, 17, 13, 19, 22, 23, 17, 30, 30, 19, 37, 0, 0, 0, 0, 0, 0, 0, 0, 0, 0, 0, 0, 39]","[0, 6, 1, 8, 5, 3, 3, 2, 3, 4, 8, 1, 3, 2, 6, 7, 2, 7, 5, 2, 2, 82, 105, 135, 33, 50, 18, 146, 80, 65, 42, 154, 22, 0]"
j20,1,proactive_robust,600,True,44,0.09316778182983398,0.0017483234405517578,"[0, 0, 0, 0, 4, 11, 17, 9, 11, 13, 4, 17, 13, 19, 22, 23, 17, 35, 35, 19, 42, 0, 0, 0, 0, 0, 0, 0, 0, 0, 0, 0, 0, 154]","""[0, 4, 2, 6, 2, 1, 2, 2, 4, 4, 9, 1, 4, 3, 8, 10, 6, 6, 5, 2, 2, 82, 105, 135, 33, 50, 18, 146, 80, 65, 42, 154, 22, 0]"""
j20,1,reactive,600,True,43,0.09316778182983398,0.40651941299438477,"[0, 0, 0, 0, 4, 11, 17, 9, 11, 13, 4, 17, 13, 19, 22, 23, 17, 35, 35, 19, 41, 0, 0, 0, 0, 0, 0, 0, 0, 0, 0, 0, 0, 43]","[0, 4, 2, 6, 2, 1, 2, 2, 4, 4, 9, 1, 4, 3, 8, 10, 6, 6, 5, 2, 2, 82, 105, 135, 33, 50, 18, 146, 80, 65, 42, 154, 22, 0]"
j20,1,proactive_robust,600,True,44,0.09443879127502441,0.0017871856689453125,"[0, 0, 0, 0, 4, 11, 17, 9, 11, 13, 4, 17, 13, 19, 22, 23, 17, 35, 35, 19, 42, 0, 0, 0, 0, 0, 0, 0, 0, 0, 0, 0, 0, 154]","""[0, 9, 1, 8, 5, 2, 3, 4, 4, 1, 5, 1, 2, 3, 12, 9, 2, 6, 5, 3, 1, 82, 105, 135, 33, 50, 18, 146, 80, 65, 42, 154, 22, 0]"""
j20,1,reactive,600,True,42,0.09443879127502441,0.3475983142852783,"[0, 0, 0, 0, 4, 11, 17, 9, 11, 13, 4, 17, 13, 19, 22, 23, 17, 35, 35, 19, 41, 0, 0, 0, 0, 0, 0, 0, 0, 0, 0, 0, 0, 42]","[0, 9, 1, 8, 5, 2, 3, 4, 4, 1, 5, 1, 2, 3, 12, 9, 2, 6, 5, 3, 1, 82, 105, 135, 33, 50, 18, 146, 80, 65, 42, 154, 22, 0]"
j20,1,proactive_robust,600,True,44,0.09516644477844238,0.0016140937805175781,"[0, 0, 0, 0, 4, 7, 11, 15, 8, 18, 4, 25, 11, 31, 11, 18, 13, 18, 33, 31, 27, 0, 0, 0, 0, 0, 0, 0, 0, 0, 0, 0, 0, 0, 0, 139]","""[0, 1, 2, 7, 4, 4, 4, 2, 2, 3, 3, 4, 1, 2, 1, 6, 6, 9, 5, 6, 2, 133, 74, 10, 60, 78, 19, 15, 9, 139, 136, 30, 27, 58, 31, 0]"""
j20,1,reactive,600,True,38,0.09516644477844238,0.29052066802978516,"[0, 0, 0, 0, 4, 7, 11, 15, 8, 18, 4, 25, 11, 31, 11, 18, 13, 18, 33, 31, 27, 0, 0, 0, 0, 0, 0, 0, 0, 0, 0, 0, 0, 0, 0, 38]","[0, 1, 2, 7, 4, 4, 4, 2, 2, 3, 3, 4, 1, 2, 1, 6, 6, 9, 5, 6, 2, 133, 74, 10, 60, 78, 19, 15, 9, 139, 136, 30, 27, 58, 31, 0]"
j20,1,proactive_robust,600,True,44,0.0937051773071289,0.001550912857055664,"[0, 0, 0, 0, 4, 7, 11, 15, 8, 18, 4, 25, 11, 31, 11, 18, 13, 18, 33, 31, 27, 0, 0, 0, 0, 0, 0, 0, 0, 0, 0, 0, 0, 0, 0, 139]","""[0, 2, 1, 3, 1, 3, 2, 1, 2, 3, 3, 2, 1, 1, 1, 6, 5, 8, 5, 7, 1, 133, 74, 10, 60, 78, 19, 15, 9, 139, 136, 30, 27, 58, 31, 0]"""
j20,1,reactive,600,True,38,0.0937051773071289,0.46984362602233887,"[0, 0, 0, 0, 4, 7, 11, 15, 8, 18, 4, 25, 11, 31, 11, 18, 13, 18, 33, 31, 27, 0, 0, 0, 0, 0, 0, 0, 0, 0, 0, 0, 0, 0, 0, 38]","[0, 2, 1, 3, 1, 3, 2, 1, 2, 3, 3, 2, 1, 1, 1, 6, 5, 8, 5, 7, 1, 133, 74, 10, 60, 78, 19, 15, 9, 139, 136, 30, 27, 58, 31, 0]"
j20,1,proactive_robust,600,True,44,0.09454464912414551,0.001577615737915039,"[0, 0, 0, 0, 4, 7, 11, 15, 8, 18, 4, 25, 11, 31, 11, 18, 13, 18, 33, 31, 27, 0, 0, 0, 0, 0, 0, 0, 0, 0, 0, 0, 0, 0, 0, 139]","""[0, 1, 1, 4, 4, 4, 2, 1, 1, 5, 1, 3, 2, 1, 2, 4, 9, 7, 2, 9, 4, 133, 74, 10, 60, 78, 19, 15, 9, 139, 136, 30, 27, 58, 31, 0]"""
j20,1,reactive,600,True,40,0.09454464912414551,0.40218210220336914,"[0, 0, 0, 0, 4, 7, 11, 15, 8, 18, 4, 25, 11, 31, 11, 18, 13, 18, 33, 31, 27, 0, 0, 0, 0, 0, 0, 0, 0, 0, 0, 0, 0, 0, 0, 40]","[0, 1, 1, 4, 4, 4, 2, 1, 1, 5, 1, 3, 2, 1, 2, 4, 9, 7, 2, 9, 4, 133, 74, 10, 60, 78, 19, 15, 9, 139, 136, 30, 27, 58, 31, 0]"
j20,1,proactive_robust,600,True,44,0.08836078643798828,0.001592874526977539,"[0, 0, 0, 0, 4, 7, 11, 15, 8, 18, 4, 25, 11, 31, 11, 18, 13, 18, 33, 31, 27, 0, 0, 0, 0, 0, 0, 0, 0, 0, 0, 0, 0, 0, 0, 139]","""[0, 1, 4, 4, 1, 2, 2, 3, 1, 8, 1, 4, 2, 2, 1, 5, 5, 5, 5, 8, 4, 133, 74, 10, 60, 78, 19, 15, 9, 139, 136, 30, 27, 58, 31, 0]"""
j20,1,reactive,600,True,39,0.08836078643798828,0.43189239501953125,"[0, 0, 0, 0, 4, 7, 11, 15, 8, 18, 4, 25, 11, 31, 11, 18, 13, 18, 33, 31, 27, 0, 0, 0, 0, 0, 0, 0, 0, 0, 0, 0, 0, 0, 0, 39]","[0, 1, 4, 4, 1, 2, 2, 3, 1, 8, 1, 4, 2, 2, 1, 5, 5, 5, 5, 8, 4, 133, 74, 10, 60, 78, 19, 15, 9, 139, 136, 30, 27, 58, 31, 0]"
j20,1,proactive_robust,600,True,44,0.09173464775085449,0.0015671253204345703,"[0, 0, 0, 0, 4, 7, 11, 15, 8, 18, 4, 25, 11, 31, 11, 18, 13, 18, 33, 31, 27, 0, 0, 0, 0, 0, 0, 0, 0, 0, 0, 0, 0, 0, 0, 139]","""[0, 2, 4, 4, 1, 1, 2, 3, 1, 4, 2, 6, 2, 2, 2, 5, 5, 5, 2, 11, 4, 133, 74, 10, 60, 78, 19, 15, 9, 139, 136, 30, 27, 58, 31, 0]"""
j20,1,reactive,600,True,42,0.09173464775085449,0.34465765953063965,"[0, 0, 0, 0, 4, 7, 11, 15, 8, 18, 4, 25, 11, 31, 11, 18, 13, 18, 33, 31, 27, 0, 0, 0, 0, 0, 0, 0, 0, 0, 0, 0, 0, 0, 0, 42]","[0, 2, 4, 4, 1, 1, 2, 3, 1, 4, 2, 6, 2, 2, 2, 5, 5, 5, 2, 11, 4, 133, 74, 10, 60, 78, 19, 15, 9, 139, 136, 30, 27, 58, 31, 0]"
j20,1,proactive_robust,600,True,44,0.08931612968444824,0.0015888214111328125,"[0, 0, 0, 0, 4, 7, 11, 15, 8, 18, 4, 25, 11, 31, 11, 18, 13, 18, 33, 31, 27, 0, 0, 0, 0, 0, 0, 0, 0, 0, 0, 0, 0, 0, 0, 139]","""[0, 1, 1, 5, 2, 2, 4, 3, 2, 8, 1, 3, 1, 1, 2, 5, 8, 6, 2, 10, 3, 133, 74, 10, 60, 78, 19, 15, 9, 139, 136, 30, 27, 58, 31, 0]"""
j20,1,reactive,600,True,41,0.08931612968444824,0.41816258430480957,"[0, 0, 0, 0, 4, 7, 11, 15, 8, 18, 4, 25, 11, 31, 11, 18, 13, 18, 33, 31, 27, 0, 0, 0, 0, 0, 0, 0, 0, 0, 0, 0, 0, 0, 0, 41]","[0, 1, 1, 5, 2, 2, 4, 3, 2, 8, 1, 3, 1, 1, 2, 5, 8, 6, 2, 10, 3, 133, 74, 10, 60, 78, 19, 15, 9, 139, 136, 30, 27, 58, 31, 0]"
j20,1,proactive_robust,600,True,44,0.09147119522094727,0.001611948013305664,"[0, 0, 0, 0, 4, 7, 11, 15, 8, 18, 4, 25, 11, 31, 11, 18, 13, 18, 33, 31, 27, 0, 0, 0, 0, 0, 0, 0, 0, 0, 0, 0, 0, 0, 0, 139]","""[0, 2, 4, 2, 2, 4, 4, 1, 2, 8, 2, 4, 1, 1, 2, 2, 8, 7, 5, 13, 2, 133, 74, 10, 60, 78, 19, 15, 9, 139, 136, 30, 27, 58, 31, 0]"""
j20,1,reactive,600,True,44,0.09147119522094727,0.32307910919189453,"[0, 0, 0, 0, 4, 7, 11, 15, 8, 18, 4, 25, 11, 31, 11, 18, 13, 18, 33, 31, 27, 0, 0, 0, 0, 0, 0, 0, 0, 0, 0, 0, 0, 0, 0, 44]","[0, 2, 4, 2, 2, 4, 4, 1, 2, 8, 2, 4, 1, 1, 2, 2, 8, 7, 5, 13, 2, 133, 74, 10, 60, 78, 19, 15, 9, 139, 136, 30, 27, 58, 31, 0]"
j20,1,proactive_robust,600,True,44,0.09053874015808105,0.0016145706176757812,"[0, 0, 0, 0, 4, 7, 11, 15, 8, 18, 4, 25, 11, 31, 11, 18, 13, 18, 33, 31, 27, 0, 0, 0, 0, 0, 0, 0, 0, 0, 0, 0, 0, 0, 0, 139]","""[0, 2, 1, 2, 2, 3, 1, 2, 1, 6, 2, 4, 1, 2, 2, 4, 4, 6, 5, 12, 3, 133, 74, 10, 60, 78, 19, 15, 9, 139, 136, 30, 27, 58, 31, 0]"""
j20,1,reactive,600,True,43,0.09053874015808105,0.47898173332214355,"[0, 0, 0, 0, 4, 7, 11, 15, 8, 18, 4, 25, 11, 31, 11, 18, 13, 18, 33, 31, 27, 0, 0, 0, 0, 0, 0, 0, 0, 0, 0, 0, 0, 0, 0, 43]","[0, 2, 1, 2, 2, 3, 1, 2, 1, 6, 2, 4, 1, 2, 2, 4, 4, 6, 5, 12, 3, 133, 74, 10, 60, 78, 19, 15, 9, 139, 136, 30, 27, 58, 31, 0]"
j20,1,proactive_robust,600,True,44,0.08894920349121094,0.0015573501586914062,"[0, 0, 0, 0, 4, 7, 11, 15, 8, 18, 4, 25, 11, 31, 11, 18, 13, 18, 33, 31, 27, 0, 0, 0, 0, 0, 0, 0, 0, 0, 0, 0, 0, 0, 0, 139]","""[0, 2, 2, 2, 2, 3, 4, 2, 2, 3, 1, 4, 2, 2, 2, 4, 6, 5, 3, 6, 4, 133, 74, 10, 60, 78, 19, 15, 9, 139, 136, 30, 27, 58, 31, 0]"""
j20,1,reactive,600,True,37,0.08894920349121094,0.37844109535217285,"[0, 0, 0, 0, 4, 7, 11, 15, 8, 18, 4, 25, 11, 31, 11, 18, 13, 18, 33, 31, 27, 0, 0, 0, 0, 0, 0, 0, 0, 0, 0, 0, 0, 0, 0, 37]","[0, 2, 2, 2, 2, 3, 4, 2, 2, 3, 1, 4, 2, 2, 2, 4, 6, 5, 3, 6, 4, 133, 74, 10, 60, 78, 19, 15, 9, 139, 136, 30, 27, 58, 31, 0]"
j20,1,proactive_robust,600,True,33,0.09519791603088379,0.0015730857849121094,"[0, 0, 0, 4, 4, 6, 9, 13, 9, 16, 6, 16, 11, 22, 9, 23, 11, 16, 30, 25, 25, 0, 0, 0, 0, 0, 0, 0, 0, 0, 0, 0, 0, 0, 0, 139]","""[0, 1, 3, 2, 3, 2, 3, 1, 2, 3, 1, 3, 2, 1, 1, 6, 6, 8, 2, 1, 1, 133, 74, 10, 60, 78, 19, 15, 9, 139, 136, 30, 27, 58, 31, 0]"""
j20,1,reactive,600,True,32,0.09519791603088379,0.4305908679962158,"[0, 0, 0, 4, 4, 6, 9, 13, 9, 16, 6, 16, 11, 22, 9, 23, 11, 16, 30, 25, 25, 0, 0, 0, 0, 0, 0, 0, 0, 0, 0, 0, 0, 0, 0, 32]","[0, 1, 3, 2, 3, 2, 3, 1, 2, 3, 1, 3, 2, 1, 1, 6, 6, 8, 2, 1, 1, 133, 74, 10, 60, 78, 19, 15, 9, 139, 136, 30, 27, 58, 31, 0]"
j20,1,proactive_robust,600,True,60,0.09276986122131348,0.001146078109741211,"[0, 0, 0, 0, 7, 7, 10, 16, 18, 10, 24, 26, 26, 26, 7, 32, 32, 40, 48, 40, 36, 0, 0, 0, 0, 160]","""[0, 8, 3, 6, 2, 4, 6, 9, 6, 4, 12, 4, 4, 8, 4, 5, 3, 5, 6, 5, 8, 136, 150, 160, 70, 0]"""
j20,1,reactive,600,True,54,0.09276986122131348,0.3807485103607178,"[0, 0, 0, 0, 7, 7, 10, 16, 18, 10, 24, 26, 26, 26, 7, 32, 32, 40, 48, 40, 36, 0, 0, 0, 0, 54]","[0, 8, 3, 6, 2, 4, 6, 9, 6, 4, 12, 4, 4, 8, 4, 5, 3, 5, 6, 5, 8, 136, 150, 160, 70, 0]"
j20,1,proactive_robust,600,True,60,0.09394407272338867,0.0011606216430664062,"[0, 0, 0, 0, 7, 7, 10, 16, 18, 10, 24, 26, 26, 26, 7, 32, 32, 40, 48, 40, 36, 0, 0, 0, 0, 160]","""[0, 6, 6, 3, 3, 8, 7, 9, 4, 4, 11, 4, 5, 9, 5, 4, 5, 8, 12, 4, 10, 136, 150, 160, 70, 0]"""
j20,1,reactive,600,True,60,0.09394407272338867,0.37991857528686523,"[0, 0, 0, 0, 7, 7, 10, 16, 18, 10, 24, 26, 26, 26, 7, 32, 32, 40, 48, 40, 36, 0, 0, 0, 0, 60]","[0, 6, 6, 3, 3, 8, 7, 9, 4, 4, 11, 4, 5, 9, 5, 4, 5, 8, 12, 4, 10, 136, 150, 160, 70, 0]"
j20,1,proactive_robust,600,True,60,0.09248971939086914,0.0011477470397949219,"[0, 0, 0, 0, 7, 7, 10, 16, 18, 10, 24, 26, 26, 26, 7, 32, 32, 40, 48, 40, 36, 0, 0, 0, 0, 160]","""[0, 6, 3, 4, 1, 5, 6, 10, 2, 6, 11, 4, 5, 4, 5, 7, 4, 6, 7, 6, 10, 136, 150, 160, 70, 0]"""
j20,1,reactive,600,True,55,0.09248971939086914,0.38803601264953613,"[0, 0, 0, 0, 7, 7, 10, 16, 18, 10, 24, 26, 26, 26, 7, 32, 32, 40, 48, 40, 36, 0, 0, 0, 0, 55]","[0, 6, 3, 4, 1, 5, 6, 10, 2, 6, 11, 4, 5, 4, 5, 7, 4, 6, 7, 6, 10, 136, 150, 160, 70, 0]"
j20,1,proactive_robust,600,True,60,0.09215617179870605,0.001165151596069336,"[0, 0, 0, 0, 7, 7, 10, 16, 18, 10, 24, 26, 26, 26, 7, 32, 32, 40, 48, 40, 36, 0, 0, 0, 0, 160]","""[0, 9, 6, 5, 3, 5, 4, 6, 4, 3, 6, 3, 6, 9, 7, 7, 8, 6, 11, 5, 11, 136, 150, 160, 70, 0]"""
j20,1,reactive,600,True,59,0.09215617179870605,0.38385844230651855,"[0, 0, 0, 0, 7, 7, 10, 16, 18, 10, 24, 26, 26, 26, 7, 32, 32, 40, 48, 40, 36, 0, 0, 0, 0, 59]","[0, 9, 6, 5, 3, 5, 4, 6, 4, 3, 6, 3, 6, 9, 7, 7, 8, 6, 11, 5, 11, 136, 150, 160, 70, 0]"
j20,1,proactive_robust,600,True,60,0.09263753890991211,0.0011515617370605469,"[0, 0, 0, 0, 7, 7, 10, 16, 18, 10, 24, 26, 26, 26, 7, 32, 32, 40, 48, 40, 36, 0, 0, 0, 0, 160]","""[0, 8, 6, 6, 3, 4, 8, 5, 2, 4, 12, 2, 3, 7, 5, 3, 5, 8, 9, 4, 9, 136, 150, 160, 70, 0]"""
j20,1,reactive,600,True,57,0.09263753890991211,0.3354823589324951,"[0, 0, 0, 0, 7, 7, 10, 16, 18, 10, 24, 26, 26, 26, 7, 32, 32, 40, 48, 40, 36, 0, 0, 0, 0, 57]","[0, 8, 6, 6, 3, 4, 8, 5, 2, 4, 12, 2, 3, 7, 5, 3, 5, 8, 9, 4, 9, 136, 150, 160, 70, 0]"
j20,1,proactive_robust,600,True,60,0.09055614471435547,0.0011470317840576172,"[0, 0, 0, 0, 7, 7, 10, 16, 18, 10, 24, 26, 26, 26, 7, 32, 32, 40, 48, 40, 36, 0, 0, 0, 0, 160]","""[0, 9, 4, 2, 2, 5, 8, 5, 3, 6, 9, 3, 6, 5, 6, 3, 8, 7, 7, 5, 12, 136, 150, 160, 70, 0]"""
j20,1,reactive,600,True,55,0.09055614471435547,0.3689424991607666,"[0, 0, 0, 0, 7, 7, 10, 16, 18, 10, 24, 26, 26, 26, 7, 32, 32, 40, 48, 40, 36, 0, 0, 0, 0, 55]","[0, 9, 4, 2, 2, 5, 8, 5, 3, 6, 9, 3, 6, 5, 6, 3, 8, 7, 7, 5, 12, 136, 150, 160, 70, 0]"
j20,1,proactive_robust,600,True,60,0.0894017219543457,0.0011353492736816406,"[0, 0, 0, 0, 7, 7, 10, 16, 18, 10, 24, 26, 26, 26, 7, 32, 32, 40, 48, 40, 36, 0, 0, 0, 0, 160]","""[0, 6, 5, 5, 1, 6, 7, 9, 2, 6, 9, 4, 5, 8, 4, 3, 7, 6, 8, 2, 8, 136, 150, 160, 70, 0]"""
j20,1,reactive,600,True,56,0.0894017219543457,0.4181854724884033,"[0, 0, 0, 0, 7, 7, 10, 16, 18, 10, 24, 26, 26, 26, 7, 32, 32, 40, 48, 40, 36, 0, 0, 0, 0, 56]","[0, 6, 5, 5, 1, 6, 7, 9, 2, 6, 9, 4, 5, 8, 4, 3, 7, 6, 8, 2, 8, 136, 150, 160, 70, 0]"
j20,1,proactive_robust,600,True,60,0.09250926971435547,0.001117706298828125,"[0, 0, 0, 0, 7, 7, 10, 16, 18, 10, 24, 26, 26, 26, 7, 32, 32, 40, 48, 40, 36, 0, 0, 0, 0, 160]","""[0, 5, 3, 3, 3, 8, 4, 8, 3, 4, 8, 3, 2, 7, 4, 5, 3, 4, 6, 4, 12, 136, 150, 160, 70, 0]"""
j20,1,reactive,600,True,54,0.09250926971435547,0.42251110076904297,"[0, 0, 0, 0, 7, 7, 10, 16, 18, 10, 24, 26, 26, 26, 7, 32, 32, 40, 48, 40, 36, 0, 0, 0, 0, 54]","[0, 5, 3, 3, 3, 8, 4, 8, 3, 4, 8, 3, 2, 7, 4, 5, 3, 4, 6, 4, 12, 136, 150, 160, 70, 0]"
j20,1,proactive_robust,600,True,60,0.09009194374084473,0.001171112060546875,"[0, 0, 0, 0, 7, 7, 10, 16, 18, 10, 24, 26, 26, 26, 7, 32, 32, 40, 48, 40, 36, 0, 0, 0, 0, 160]","""[0, 10, 4, 6, 1, 9, 3, 7, 2, 3, 9, 5, 4, 8, 7, 6, 6, 8, 11, 6, 9, 136, 150, 160, 70, 0]"""
j20,1,reactive,600,True,59,0.09009194374084473,0.328082799911499,"[0, 0, 0, 0, 7, 7, 10, 16, 18, 10, 24, 26, 26, 26, 7, 32, 32, 40, 48, 40, 36, 0, 0, 0, 0, 59]","[0, 10, 4, 6, 1, 9, 3, 7, 2, 3, 9, 5, 4, 8, 7, 6, 6, 8, 11, 6, 9, 136, 150, 160, 70, 0]"
j20,1,proactive_robust,600,True,60,0.09271049499511719,0.00115966796875,"[0, 0, 0, 0, 7, 7, 10, 16, 18, 10, 24, 26, 26, 26, 7, 32, 32, 40, 48, 40, 36, 0, 0, 0, 0, 160]","""[0, 10, 5, 5, 1, 5, 4, 6, 6, 5, 6, 4, 6, 8, 5, 6, 6, 3, 9, 6, 7, 136, 150, 160, 70, 0]"""
j20,1,reactive,600,True,57,0.09271049499511719,0.3704841136932373,"[0, 0, 0, 0, 7, 7, 10, 16, 18, 10, 24, 26, 26, 26, 7, 32, 32, 40, 48, 40, 36, 0, 0, 0, 0, 57]","[0, 10, 5, 5, 1, 5, 4, 6, 6, 5, 6, 4, 6, 8, 5, 6, 6, 3, 9, 6, 7, 136, 150, 160, 70, 0]"
j20,1,proactive_robust,600,True,53,0.09334969520568848,0.0006091594696044922,"[0, 0, 0, 0, 7, 8, 16, 22, 18, 28, 22, 30, 34, 34, 16, 24, 39, 32, 45, 38, 39, 0, 0, 147]","""[0, 3, 5, 3, 7, 5, 5, 5, 9, 2, 4, 7, 4, 4, 4, 3, 4, 3, 8, 6, 9, 40, 147, 0]"""
j20,1,reactive,600,True,53,0.09334969520568848,0.42851686477661133,"[0, 0, 0, 0, 7, 8, 16, 22, 18, 28, 22, 30, 34, 34, 16, 24, 39, 32, 45, 38, 39, 0, 0, 53]","[0, 3, 5, 3, 7, 5, 5, 5, 9, 2, 4, 7, 4, 4, 4, 3, 4, 3, 8, 6, 9, 40, 147, 0]"
j20,1,proactive_robust,600,True,53,0.0937039852142334,0.0006198883056640625,"[0, 0, 0, 0, 7, 8, 16, 22, 18, 28, 22, 30, 34, 34, 16, 24, 39, 32, 45, 38, 39, 0, 0, 147]","""[0, 4, 7, 6, 6, 8, 3, 7, 6, 6, 7, 6, 3, 4, 5, 5, 3, 2, 5, 9, 6, 40, 147, 0]"""
j20,1,reactive,600,True,50,0.0937039852142334,0.4169316291809082,"[0, 0, 0, 0, 7, 8, 16, 22, 18, 28, 22, 30, 34, 34, 16, 24, 39, 32, 45, 38, 39, 0, 0, 50]","[0, 4, 7, 6, 6, 8, 3, 7, 6, 6, 7, 6, 3, 4, 5, 5, 3, 2, 5, 9, 6, 40, 147, 0]"
j20,1,proactive_robust,600,True,53,0.09632301330566406,0.0006296634674072266,"[0, 0, 0, 0, 7, 8, 16, 22, 18, 28, 22, 30, 34, 34, 16, 24, 39, 32, 45, 38, 39, 0, 0, 147]","""[0, 6, 5, 4, 8, 10, 6, 3, 8, 6, 3, 7, 2, 3, 8, 7, 4, 7, 5, 9, 7, 40, 147, 0]"""
j20,1,reactive,600,True,50,0.09632301330566406,0.32918643951416016,"[0, 0, 0, 0, 7, 8, 16, 22, 18, 28, 22, 30, 34, 34, 16, 24, 39, 32, 45, 38, 39, 0, 0, 50]","[0, 6, 5, 4, 8, 10, 6, 3, 8, 6, 3, 7, 2, 3, 8, 7, 4, 7, 5, 9, 7, 40, 147, 0]"
j20,1,proactive_robust,600,True,53,0.09450554847717285,0.0006072521209716797,"[0, 0, 0, 0, 7, 8, 16, 22, 18, 28, 22, 30, 34, 34, 16, 24, 39, 32, 45, 38, 39, 0, 0, 147]","""[0, 4, 5, 5, 8, 6, 5, 5, 9, 5, 2, 6, 1, 3, 6, 6, 6, 3, 4, 10, 8, 40, 147, 0]"""
j20,1,reactive,600,True,49,0.09450554847717285,0.47272253036499023,"[0, 0, 0, 0, 7, 8, 16, 22, 18, 28, 22, 30, 34, 34, 16, 24, 39, 32, 45, 38, 39, 0, 0, 49]","[0, 4, 5, 5, 8, 6, 5, 5, 9, 5, 2, 6, 1, 3, 6, 6, 6, 3, 4, 10, 8, 40, 147, 0]"
j20,1,proactive_robust,600,True,53,0.09478902816772461,0.0006051063537597656,"[0, 0, 0, 0, 7, 8, 16, 22, 18, 28, 22, 30, 34, 34, 16, 24, 39, 32, 45, 38, 39, 0, 0, 147]","""[0, 3, 3, 5, 4, 7, 3, 5, 9, 4, 5, 9, 1, 3, 6, 8, 3, 5, 6, 9, 6, 40, 147, 0]"""
j20,1,reactive,600,True,51,0.09478902816772461,0.42709827423095703,"[0, 0, 0, 0, 7, 8, 16, 22, 18, 28, 22, 30, 34, 34, 16, 24, 39, 32, 45, 38, 39, 0, 0, 51]","[0, 3, 3, 5, 4, 7, 3, 5, 9, 4, 5, 9, 1, 3, 6, 8, 3, 5, 6, 9, 6, 40, 147, 0]"
j20,1,proactive_robust,600,True,53,0.09336209297180176,0.0006155967712402344,"[0, 0, 0, 0, 7, 8, 16, 22, 18, 28, 22, 30, 34, 34, 16, 24, 39, 32, 45, 38, 39, 0, 0, 147]","""[0, 4, 8, 3, 7, 7, 4, 8, 6, 2, 4, 7, 1, 1, 6, 3, 3, 3, 8, 11, 8, 40, 147, 0]"""
j20,1,reactive,600,True,53,0.09336209297180176,0.42678213119506836,"[0, 0, 0, 0, 7, 8, 16, 22, 18, 28, 22, 30, 34, 34, 16, 24, 39, 32, 45, 38, 39, 0, 0, 53]","[0, 4, 8, 3, 7, 7, 4, 8, 6, 2, 4, 7, 1, 1, 6, 3, 3, 3, 8, 11, 8, 40, 147, 0]"
j20,1,proactive_robust,600,True,53,0.09609842300415039,0.0006129741668701172,"[0, 0, 0, 0, 7, 8, 16, 22, 18, 28, 22, 30, 34, 34, 16, 24, 39, 32, 45, 38, 39, 0, 0, 147]","""[0, 4, 4, 8, 4, 6, 3, 6, 7, 2, 4, 5, 3, 1, 3, 4, 4, 4, 8, 12, 9, 40, 147, 0]"""
j20,1,reactive,600,True,51,0.09609842300415039,0.4486958980560303,"[0, 0, 0, 0, 7, 8, 16, 22, 18, 28, 22, 30, 34, 34, 16, 24, 39, 32, 43, 38, 39, 0, 0, 51]","[0, 4, 4, 8, 4, 6, 3, 6, 7, 2, 4, 5, 3, 1, 3, 4, 4, 4, 8, 12, 9, 40, 147, 0]"
j20,1,proactive_robust,600,True,53,0.09759950637817383,0.0006039142608642578,"[0, 0, 0, 0, 7, 8, 16, 22, 18, 28, 22, 30, 34, 34, 16, 24, 39, 32, 45, 38, 39, 0, 0, 147]","""[0, 4, 5, 8, 9, 6, 3, 4, 6, 2, 3, 4, 2, 1, 4, 7, 2, 3, 4, 12, 10, 40, 147, 0]"""
j20,1,reactive,600,True,50,0.09759950637817383,0.4123051166534424,"[0, 0, 0, 0, 7, 8, 16, 22, 18, 28, 22, 30, 34, 34, 16, 24, 39, 32, 41, 38, 39, 0, 0, 50]","[0, 4, 5, 8, 9, 6, 3, 4, 6, 2, 3, 4, 2, 1, 4, 7, 2, 3, 4, 12, 10, 40, 147, 0]"
j20,1,proactive_robust,600,True,53,0.09346151351928711,0.000614166259765625,"[0, 0, 0, 0, 7, 8, 16, 22, 18, 28, 22, 30, 34, 34, 16, 24, 39, 32, 45, 38, 39, 0, 0, 147]","""[0, 7, 5, 3, 9, 10, 3, 3, 9, 5, 2, 6, 3, 2, 8, 5, 5, 7, 3, 8, 6, 40, 147, 0]"""
j20,1,reactive,600,True,48,0.09346151351928711,0.3486933708190918,"[0, 0, 0, 0, 7, 8, 16, 22, 18, 28, 22, 30, 34, 34, 16, 24, 39, 32, 45, 38, 39, 0, 0, 48]","[0, 7, 5, 3, 9, 10, 3, 3, 9, 5, 2, 6, 3, 2, 8, 5, 5, 7, 3, 8, 6, 40, 147, 0]"
j20,1,proactive_robust,600,True,53,0.0932011604309082,0.0006339550018310547,"[0, 0, 0, 0, 7, 8, 16, 22, 18, 28, 22, 30, 34, 34, 16, 24, 39, 32, 45, 38, 39, 0, 0, 147]","""[0, 7, 5, 7, 8, 8, 4, 6, 6, 2, 6, 9, 3, 2, 5, 8, 6, 6, 3, 12, 10, 40, 147, 0]"""
j20,1,reactive,600,True,50,0.0932011604309082,0.3576061725616455,"[0, 0, 0, 0, 7, 8, 16, 22, 18, 28, 22, 30, 34, 34, 16, 24, 39, 32, 45, 38, 39, 0, 0, 50]","[0, 7, 5, 7, 8, 8, 4, 6, 6, 2, 6, 9, 3, 2, 5, 8, 6, 6, 3, 12, 10, 40, 147, 0]"
j20,1,proactive_robust,600,True,57,0.09169268608093262,0.00046443939208984375,"[0, 0, 0, 0, 10, 8, 19, 10, 18, 27, 10, 23, 37, 27, 24, 37, 36, 44, 48, 28, 43, 0, 0, 66]","""[0, 8, 8, 4, 6, 3, 8, 7, 5, 7, 10, 3, 2, 7, 4, 3, 2, 4, 8, 8, 2, 22, 66, 0]"""
j20,1,reactive,600,True,56,0.09169268608093262,0.3634977340698242,"[0, 0, 0, 0, 10, 8, 19, 10, 18, 27, 10, 23, 37, 27, 24, 37, 36, 44, 48, 28, 43, 0, 0, 56]","[0, 8, 8, 4, 6, 3, 8, 7, 5, 7, 10, 3, 2, 7, 4, 3, 2, 4, 8, 8, 2, 22, 66, 0]"
j20,1,proactive_robust,600,True,57,0.09178805351257324,0.00044155120849609375,"[0, 0, 0, 0, 10, 8, 19, 10, 18, 27, 10, 23, 37, 27, 24, 37, 36, 44, 48, 28, 43, 0, 0, 66]","""[0, 5, 8, 5, 5, 2, 4, 4, 4, 5, 13, 2, 4, 5, 2, 7, 4, 4, 8, 3, 2, 22, 66, 0]"""
j20,1,reactive,600,True,56,0.09178805351257324,0.41507387161254883,"[0, 0, 0, 0, 10, 8, 19, 10, 18, 27, 10, 23, 37, 27, 24, 37, 36, 44, 48, 28, 43, 0, 0, 56]","[0, 5, 8, 5, 5, 2, 4, 4, 4, 5, 13, 2, 4, 5, 2, 7, 4, 4, 8, 3, 2, 22, 66, 0]"
j20,1,proactive_robust,600,True,57,0.09462141990661621,0.0004584789276123047,"[0, 0, 0, 0, 10, 8, 19, 10, 18, 27, 10, 23, 37, 27, 24, 37, 36, 44, 48, 28, 43, 0, 0, 66]","""[0, 8, 3, 4, 7, 2, 4, 6, 3, 8, 10, 4, 3, 7, 4, 6, 4, 1, 8, 8, 4, 22, 66, 0]"""
j20,1,reactive,600,True,56,0.09462141990661621,0.3845329284667969,"[0, 0, 0, 0, 10, 8, 19, 10, 18, 27, 10, 23, 37, 27, 24, 37, 36, 44, 48, 28, 43, 0, 0, 56]","[0, 8, 3, 4, 7, 2, 4, 6, 3, 8, 10, 4, 3, 7, 4, 6, 4, 1, 8, 8, 4, 22, 66, 0]"
j20,1,proactive_robust,600,True,57,0.0925135612487793,0.0004572868347167969,"[0, 0, 0, 0, 10, 8, 19, 10, 18, 27, 10, 23, 37, 27, 24, 37, 36, 44, 48, 28, 43, 0, 0, 66]","""[0, 9, 7, 2, 4, 5, 4, 3, 5, 9, 7, 4, 5, 7, 3, 7, 4, 2, 7, 6, 3, 22, 66, 0]"""
j20,1,reactive,600,True,55,0.0925135612487793,0.4417998790740967,"[0, 0, 0, 0, 10, 8, 19, 10, 18, 27, 10, 23, 37, 27, 24, 37, 36, 44, 48, 28, 43, 0, 0, 55]","[0, 9, 7, 2, 4, 5, 4, 3, 5, 9, 7, 4, 5, 7, 3, 7, 4, 2, 7, 6, 3, 22, 66, 0]"
j20,1,proactive_robust,600,True,57,0.09309625625610352,0.0004658699035644531,"[0, 0, 0, 0, 10, 8, 19, 10, 18, 27, 10, 23, 37, 27, 24, 37, 36, 44, 48, 28, 43, 0, 0, 66]","""[0, 5, 7, 5, 6, 4, 5, 8, 2, 8, 12, 2, 6, 5, 4, 7, 4, 2, 9, 4, 6, 22, 66, 0]"""
j20,1,reactive,600,True,55,0.09309625625610352,0.35584330558776855,"[0, 0, 0, 0, 10, 8, 19, 10, 18, 27, 10, 23, 37, 27, 24, 37, 36, 44, 46, 28, 43, 0, 0, 55]","[0, 5, 7, 5, 6, 4, 5, 8, 2, 8, 12, 2, 6, 5, 4, 7, 4, 2, 9, 4, 6, 22, 66, 0]"
j20,1,proactive_robust,600,True,57,0.09414100646972656,0.0004584789276123047,"[0, 0, 0, 0, 10, 8, 19, 10, 18, 27, 10, 23, 37, 27, 24, 37, 36, 44, 48, 28, 43, 0, 0, 66]","""[0, 8, 3, 5, 6, 7, 4, 4, 3, 8, 10, 1, 5, 8, 4, 4, 4, 1, 7, 8, 4, 22, 66, 0]"""
j20,1,reactive,600,True,55,0.09414100646972656,0.3931009769439697,"[0, 0, 0, 0, 10, 8, 19, 10, 18, 27, 10, 23, 37, 27, 24, 37, 36, 44, 48, 28, 43, 0, 0, 55]","[0, 8, 3, 5, 6, 7, 4, 4, 3, 8, 10, 1, 5, 8, 4, 4, 4, 1, 7, 8, 4, 22, 66, 0]"
j20,1,proactive_robust,600,True,57,0.09656834602355957,0.00044727325439453125,"[0, 0, 0, 0, 10, 8, 19, 10, 18, 27, 10, 23, 37, 27, 24, 37, 36, 44, 48, 28, 43, 0, 0, 66]","""[0, 10, 5, 3, 4, 6, 7, 7, 4, 10, 6, 3, 4, 4, 2, 2, 2, 1, 4, 7, 5, 22, 66, 0]"""
j20,1,reactive,600,True,49,0.09656834602355957,0.41625475883483887,"[0, 0, 0, 0, 10, 8, 19, 10, 18, 27, 10, 23, 37, 27, 24, 37, 36, 44, 45, 28, 43, 0, 0, 49]","[0, 10, 5, 3, 4, 6, 7, 7, 4, 10, 6, 3, 4, 4, 2, 2, 2, 1, 4, 7, 5, 22, 66, 0]"
j20,1,proactive_robust,600,True,57,0.09233784675598145,0.00044655799865722656,"[0, 0, 0, 0, 10, 8, 19, 10, 18, 27, 10, 23, 37, 27, 24, 37, 36, 44, 48, 28, 43, 0, 0, 66]","""[0, 9, 6, 3, 4, 3, 5, 4, 2, 8, 6, 3, 5, 6, 2, 3, 6, 2, 5, 6, 6, 22, 66, 0]"""
j20,1,reactive,600,True,53,0.09233784675598145,0.4609556198120117,"[0, 0, 0, 0, 10, 8, 19, 10, 18, 27, 10, 23, 37, 27, 24, 37, 36, 44, 48, 28, 43, 0, 0, 53]","[0, 9, 6, 3, 4, 3, 5, 4, 2, 8, 6, 3, 5, 6, 2, 3, 6, 2, 5, 6, 6, 22, 66, 0]"
j20,1,proactive_robust,600,True,57,0.09209132194519043,0.0004494190216064453,"[0, 0, 0, 0, 10, 8, 19, 10, 18, 27, 10, 23, 37, 27, 24, 37, 36, 44, 48, 28, 43, 0, 0, 66]","""[0, 6, 3, 3, 5, 4, 6, 4, 5, 8, 10, 4, 5, 8, 4, 2, 5, 2, 7, 5, 4, 22, 66, 0]"""
j20,1,reactive,600,True,55,0.09209132194519043,0.42556142807006836,"[0, 0, 0, 0, 10, 8, 19, 10, 18, 27, 10, 23, 37, 27, 24, 37, 36, 44, 48, 28, 43, 0, 0, 55]","[0, 6, 3, 3, 5, 4, 6, 4, 5, 8, 10, 4, 5, 8, 4, 2, 5, 2, 7, 5, 4, 22, 66, 0]"
j20,1,proactive_robust,600,True,57,0.09225177764892578,0.0004367828369140625,"[0, 0, 0, 0, 10, 8, 19, 10, 18, 27, 10, 23, 37, 27, 24, 37, 36, 44, 48, 28, 43, 0, 0, 66]","""[0, 8, 6, 5, 7, 2, 6, 5, 6, 9, 6, 2, 2, 6, 1, 2, 4, 3, 9, 3, 3, 22, 66, 0]"""
j20,1,reactive,600,True,51,0.09225177764892578,0.48999929428100586,"[0, 0, 0, 0, 10, 8, 19, 10, 18, 27, 10, 23, 37, 27, 24, 37, 36, 39, 42, 28, 39, 0, 0, 51]","[0, 8, 6, 5, 7, 2, 6, 5, 6, 9, 6, 2, 2, 6, 1, 2, 4, 3, 9, 3, 3, 22, 66, 0]"
j20,1,proactive_robust,600,True,44,0.10138511657714844,0.002649545669555664,"[0, 0, 0, 0, 9, 9, 15, 4, 22, 9, 21, 8, 21, 29, 31, 9, 24, 31, 38, 35, 27, 0, 0, 0, 0, 0, 0, 0, 0, 0, 0, 0, 0, 0, 0, 0, 0, 149]","""[0, 4, 1, 5, 3, 11, 9, 4, 4, 11, 8, 2, 5, 3, 5, 3, 2, 3, 4, 9, 2, 81, 67, 100, 25, 71, 102, 113, 86, 140, 56, 138, 127, 16, 54, 116, 149, 0]"""
j20,1,reactive,600,True,44,0.10138511657714844,0.3887777328491211,"[0, 0, 0, 0, 9, 9, 15, 4, 22, 9, 21, 8, 21, 29, 31, 9, 24, 31, 38, 35, 27, 0, 0, 0, 0, 0, 0, 0, 0, 0, 0, 0, 0, 0, 0, 0, 0, 44]","[0, 4, 1, 5, 3, 11, 9, 4, 4, 11, 8, 2, 5, 3, 5, 3, 2, 3, 4, 9, 2, 81, 67, 100, 25, 71, 102, 113, 86, 140, 56, 138, 127, 16, 54, 116, 149, 0]"
j20,1,proactive_robust,600,True,44,0.09742474555969238,0.002511262893676758,"[0, 0, 0, 0, 9, 9, 15, 4, 22, 9, 21, 8, 21, 29, 31, 9, 24, 31, 38, 35, 27, 0, 0, 0, 0, 0, 0, 0, 0, 0, 0, 0, 0, 0, 0, 0, 0, 149]","""[0, 9, 1, 7, 2, 10, 4, 2, 7, 10, 5, 4, 3, 3, 4, 6, 2, 3, 4, 4, 2, 81, 67, 100, 25, 71, 102, 113, 86, 140, 56, 138, 127, 16, 54, 116, 149, 0]"""
j20,1,reactive,600,True,42,0.09742474555969238,0.35509300231933594,"[0, 0, 0, 0, 9, 9, 15, 4, 22, 9, 21, 8, 21, 29, 31, 9, 24, 31, 38, 35, 27, 0, 0, 0, 0, 0, 0, 0, 0, 0, 0, 0, 0, 0, 0, 0, 0, 42]","[0, 9, 1, 7, 2, 10, 4, 2, 7, 10, 5, 4, 3, 3, 4, 6, 2, 3, 4, 4, 2, 81, 67, 100, 25, 71, 102, 113, 86, 140, 56, 138, 127, 16, 54, 116, 149, 0]"
j20,1,proactive_robust,600,True,44,0.1016385555267334,0.002577066421508789,"[0, 0, 0, 0, 9, 9, 15, 4, 22, 9, 21, 8, 21, 29, 31, 9, 24, 31, 38, 35, 27, 0, 0, 0, 0, 0, 0, 0, 0, 0, 0, 0, 0, 0, 0, 0, 0, 149]","""[0, 7, 1, 5, 5, 13, 8, 3, 5, 7, 7, 4, 2, 6, 7, 2, 1, 2, 4, 8, 4, 81, 67, 100, 25, 71, 102, 113, 86, 140, 56, 138, 127, 16, 54, 116, 149, 0]"""
j20,1,reactive,600,True,43,0.1016385555267334,0.3816239833831787,"[0, 0, 0, 0, 9, 9, 15, 4, 22, 9, 21, 8, 21, 29, 31, 9, 24, 31, 38, 35, 27, 0, 0, 0, 0, 0, 0, 0, 0, 0, 0, 0, 0, 0, 0, 0, 0, 43]","[0, 7, 1, 5, 5, 13, 8, 3, 5, 7, 7, 4, 2, 6, 7, 2, 1, 2, 4, 8, 4, 81, 67, 100, 25, 71, 102, 113, 86, 140, 56, 138, 127, 16, 54, 116, 149, 0]"
j20,1,proactive_robust,600,True,44,0.09763121604919434,0.0026397705078125,"[0, 0, 0, 0, 9, 9, 15, 4, 22, 9, 21, 8, 21, 29, 31, 9, 24, 31, 38, 35, 27, 0, 0, 0, 0, 0, 0, 0, 0, 0, 0, 0, 0, 0, 0, 0, 0, 149]","""[0, 6, 3, 9, 3, 12, 6, 3, 6, 8, 8, 4, 6, 5, 6, 5, 2, 1, 4, 5, 6, 81, 67, 100, 25, 71, 102, 113, 86, 140, 56, 138, 127, 16, 54, 116, 149, 0]"""
j20,1,reactive,600,True,42,0.09763121604919434,0.34076523780822754,"[0, 0, 0, 0, 9, 9, 15, 4, 22, 9, 21, 8, 21, 29, 31, 9, 24, 31, 38, 35, 27, 0, 0, 0, 0, 0, 0, 0, 0, 0, 0, 0, 0, 0, 0, 0, 0, 42]","[0, 6, 3, 9, 3, 12, 6, 3, 6, 8, 8, 4, 6, 5, 6, 5, 2, 1, 4, 5, 6, 81, 67, 100, 25, 71, 102, 113, 86, 140, 56, 138, 127, 16, 54, 116, 149, 0]"
j20,1,proactive_robust,600,True,44,0.09865593910217285,0.0025222301483154297,"[0, 0, 0, 0, 9, 9, 15, 4, 22, 9, 21, 8, 21, 29, 31, 9, 24, 31, 38, 35, 27, 0, 0, 0, 0, 0, 0, 0, 0, 0, 0, 0, 0, 0, 0, 0, 0, 149]","""[0, 5, 3, 4, 4, 8, 6, 4, 7, 7, 6, 1, 4, 6, 6, 2, 1, 4, 3, 5, 2, 81, 67, 100, 25, 71, 102, 113, 86, 140, 56, 138, 127, 16, 54, 116, 149, 0]"""
j20,1,reactive,600,True,41,0.09865593910217285,0.4094977378845215,"[0, 0, 0, 0, 9, 9, 15, 4, 22, 9, 21, 8, 21, 29, 31, 9, 24, 31, 38, 35, 27, 0, 0, 0, 0, 0, 0, 0, 0, 0, 0, 0, 0, 0, 0, 0, 0, 41]","[0, 5, 3, 4, 4, 8, 6, 4, 7, 7, 6, 1, 4, 6, 6, 2, 1, 4, 3, 5, 2, 81, 67, 100, 25, 71, 102, 113, 86, 140, 56, 138, 127, 16, 54, 116, 149, 0]"
j20,1,proactive_robust,600,True,44,0.1013498306274414,0.0026073455810546875,"[0, 0, 0, 0, 9, 9, 15, 4, 22, 9, 21, 8, 21, 29, 31, 9, 24, 31, 38, 35, 27, 0, 0, 0, 0, 0, 0, 0, 0, 0, 0, 0, 0, 0, 0, 0, 0, 149]","""[0, 7, 2, 8, 5, 12, 8, 4, 7, 11, 6, 1, 3, 6, 6, 6, 2, 4, 3, 5, 6, 81, 67, 100, 25, 71, 102, 113, 86, 140, 56, 138, 127, 16, 54, 116, 149, 0]"""
j20,1,reactive,600,True,41,0.1013498306274414,0.3296046257019043,"[0, 0, 0, 0, 9, 9, 15, 4, 22, 9, 21, 8, 21, 29, 31, 9, 24, 31, 38, 35, 27, 0, 0, 0, 0, 0, 0, 0, 0, 0, 0, 0, 0, 0, 0, 0, 0, 41]","[0, 7, 2, 8, 5, 12, 8, 4, 7, 11, 6, 1, 3, 6, 6, 6, 2, 4, 3, 5, 6, 81, 67, 100, 25, 71, 102, 113, 86, 140, 56, 138, 127, 16, 54, 116, 149, 0]"
j20,1,proactive_robust,600,True,44,0.10019588470458984,0.002560138702392578,"[0, 0, 0, 0, 9, 9, 15, 4, 22, 9, 21, 8, 21, 29, 31, 9, 24, 31, 38, 35, 27, 0, 0, 0, 0, 0, 0, 0, 0, 0, 0, 0, 0, 0, 0, 0, 0, 149]","""[0, 7, 2, 8, 5, 12, 9, 3, 7, 10, 9, 1, 2, 6, 5, 4, 2, 1, 4, 8, 6, 81, 67, 100, 25, 71, 102, 113, 86, 140, 56, 138, 127, 16, 54, 116, 149, 0]"""
j20,1,reactive,600,True,43,0.10019588470458984,0.3854556083679199,"[0, 0, 0, 0, 9, 9, 15, 4, 22, 9, 21, 8, 21, 29, 31, 9, 24, 31, 38, 35, 27, 0, 0, 0, 0, 0, 0, 0, 0, 0, 0, 0, 0, 0, 0, 0, 0, 43]","[0, 7, 2, 8, 5, 12, 9, 3, 7, 10, 9, 1, 2, 6, 5, 4, 2, 1, 4, 8, 6, 81, 67, 100, 25, 71, 102, 113, 86, 140, 56, 138, 127, 16, 54, 116, 149, 0]"
j20,1,proactive_robust,600,True,44,0.0959310531616211,0.002557516098022461,"[0, 0, 0, 0, 9, 9, 15, 4, 22, 9, 21, 8, 21, 29, 31, 9, 24, 31, 38, 35, 27, 0, 0, 0, 0, 0, 0, 0, 0, 0, 0, 0, 0, 0, 0, 0, 0, 149]","""[0, 5, 2, 5, 2, 7, 6, 2, 5, 7, 9, 2, 5, 3, 5, 3, 2, 4, 6, 5, 6, 81, 67, 100, 25, 71, 102, 113, 86, 140, 56, 138, 127, 16, 54, 116, 149, 0]"""
j20,1,reactive,600,True,44,0.0959310531616211,0.4400954246520996,"[0, 0, 0, 0, 9, 9, 15, 4, 22, 9, 21, 8, 21, 29, 31, 9, 24, 31, 38, 35, 27, 0, 0, 0, 0, 0, 0, 0, 0, 0, 0, 0, 0, 0, 0, 0, 0, 44]","[0, 5, 2, 5, 2, 7, 6, 2, 5, 7, 9, 2, 5, 3, 5, 3, 2, 4, 6, 5, 6, 81, 67, 100, 25, 71, 102, 113, 86, 140, 56, 138, 127, 16, 54, 116, 149, 0]"
j20,1,proactive_robust,600,True,44,0.10076332092285156,0.0025572776794433594,"[0, 0, 0, 0, 9, 9, 15, 4, 22, 9, 21, 8, 21, 29, 31, 9, 24, 31, 38, 35, 27, 0, 0, 0, 0, 0, 0, 0, 0, 0, 0, 0, 0, 0, 0, 0, 0, 149]","""[0, 7, 3, 6, 4, 6, 7, 2, 5, 6, 6, 3, 5, 2, 7, 2, 2, 3, 5, 8, 5, 81, 67, 100, 25, 71, 102, 113, 86, 140, 56, 138, 127, 16, 54, 116, 149, 0]"""
j20,1,reactive,600,True,43,0.10076332092285156,0.46677660942077637,"[0, 0, 0, 0, 9, 9, 15, 4, 22, 9, 21, 8, 21, 29, 31, 9, 24, 31, 38, 35, 27, 0, 0, 0, 0, 0, 0, 0, 0, 0, 0, 0, 0, 0, 0, 0, 0, 43]","[0, 7, 3, 6, 4, 6, 7, 2, 5, 6, 6, 3, 5, 2, 7, 2, 2, 3, 5, 8, 5, 81, 67, 100, 25, 71, 102, 113, 86, 140, 56, 138, 127, 16, 54, 116, 149, 0]"
j20,1,proactive_robust,600,True,44,0.10290646553039551,0.0025293827056884766,"[0, 0, 0, 0, 9, 9, 15, 4, 22, 9, 21, 8, 21, 29, 31, 9, 24, 31, 38, 35, 27, 0, 0, 0, 0, 0, 0, 0, 0, 0, 0, 0, 0, 0, 0, 0, 0, 149]","""[0, 5, 3, 9, 3, 8, 9, 3, 3, 12, 7, 1, 4, 2, 4, 4, 2, 3, 5, 8, 5, 81, 67, 100, 25, 71, 102, 113, 86, 140, 56, 138, 127, 16, 54, 116, 149, 0]"""
j20,1,reactive,600,True,43,0.10290646553039551,0.3876521587371826,"[0, 0, 0, 0, 9, 9, 15, 4, 22, 9, 21, 8, 21, 29, 31, 9, 24, 31, 38, 35, 27, 0, 0, 0, 0, 0, 0, 0, 0, 0, 0, 0, 0, 0, 0, 0, 0, 43]","[0, 5, 3, 9, 3, 8, 9, 3, 3, 12, 7, 1, 4, 2, 4, 4, 2, 3, 5, 8, 5, 81, 67, 100, 25, 71, 102, 113, 86, 140, 56, 138, 127, 16, 54, 116, 149, 0]"
j20,1,proactive_robust,600,True,44,0.1166229248046875,0.001810312271118164,"[0, 0, 5, 0, 3, 10, 6, 17, 4, 6, 8, 19, 27, 8, 21, 25, 32, 23, 12, 35, 30, 0, 0, 0, 0, 0, 0, 0, 0, 0, 0, 0, 0, 0, 0, 139]","""[0, 1, 2, 1, 2, 4, 2, 3, 2, 1, 1, 5, 1, 3, 1, 6, 3, 4, 2, 6, 4, 114, 17, 25, 139, 71, 65, 49, 68, 51, 47, 113, 19, 139, 59, 0]"""
j20,1,reactive,600,True,41,0.1166229248046875,0.4622001647949219,"[0, 0, 5, 0, 3, 10, 6, 17, 4, 6, 8, 19, 27, 8, 21, 25, 32, 23, 12, 35, 30, 0, 0, 0, 0, 0, 0, 0, 0, 0, 0, 0, 0, 0, 0, 41]","[0, 1, 2, 1, 2, 4, 2, 3, 2, 1, 1, 5, 1, 3, 1, 6, 3, 4, 2, 6, 4, 114, 17, 25, 139, 71, 65, 49, 68, 51, 47, 113, 19, 139, 59, 0]"
j20,1,proactive_robust,600,True,44,0.10679221153259277,0.0017971992492675781,"[0, 0, 5, 0, 3, 10, 6, 17, 4, 6, 8, 19, 27, 8, 21, 25, 32, 23, 12, 35, 30, 0, 0, 0, 0, 0, 0, 0, 0, 0, 0, 0, 0, 0, 0, 139]","""[0, 3, 6, 2, 1, 4, 2, 1, 1, 1, 2, 3, 3, 3, 1, 7, 1, 4, 2, 4, 4, 114, 17, 25, 139, 71, 65, 49, 68, 51, 47, 113, 19, 139, 59, 0]"""
j20,1,reactive,600,True,39,0.10679221153259277,0.43398356437683105,"[0, 0, 5, 0, 3, 10, 6, 17, 4, 6, 8, 19, 27, 8, 21, 25, 32, 23, 12, 35, 30, 0, 0, 0, 0, 0, 0, 0, 0, 0, 0, 0, 0, 0, 0, 39]","[0, 3, 6, 2, 1, 4, 2, 1, 1, 1, 2, 3, 3, 3, 1, 7, 1, 4, 2, 4, 4, 114, 17, 25, 139, 71, 65, 49, 68, 51, 47, 113, 19, 139, 59, 0]"
j20,1,proactive_robust,600,True,44,0.11887073516845703,0.0018062591552734375,"[0, 0, 5, 0, 3, 10, 6, 17, 4, 6, 8, 19, 27, 8, 21, 25, 32, 23, 12, 35, 30, 0, 0, 0, 0, 0, 0, 0, 0, 0, 0, 0, 0, 0, 0, 139]","""[0, 3, 3, 3, 1, 3, 2, 4, 2, 2, 1, 6, 2, 3, 1, 7, 3, 3, 6, 7, 5, 114, 17, 25, 139, 71, 65, 49, 68, 51, 47, 113, 19, 139, 59, 0]"""
j20,1,reactive,600,True,42,0.11887073516845703,0.3252575397491455,"[0, 0, 5, 0, 3, 10, 6, 17, 4, 6, 8, 19, 27, 8, 21, 25, 32, 23, 12, 35, 30, 0, 0, 0, 0, 0, 0, 0, 0, 0, 0, 0, 0, 0, 0, 42]","[0, 3, 3, 3, 1, 3, 2, 4, 2, 2, 1, 6, 2, 3, 1, 7, 3, 3, 6, 7, 5, 114, 17, 25, 139, 71, 65, 49, 68, 51, 47, 113, 19, 139, 59, 0]"
j20,1,proactive_robust,600,True,44,0.11719441413879395,0.001783132553100586,"[0, 0, 5, 0, 3, 10, 6, 17, 4, 6, 8, 19, 27, 8, 21, 25, 32, 23, 12, 35, 30, 0, 0, 0, 0, 0, 0, 0, 0, 0, 0, 0, 0, 0, 0, 139]","""[0, 4, 3, 2, 1, 5, 2, 1, 2, 2, 1, 2, 2, 2, 1, 6, 1, 2, 2, 9, 4, 114, 17, 25, 139, 71, 65, 49, 68, 51, 47, 113, 19, 139, 59, 0]"""
j20,1,reactive,600,True,41,0.11719441413879395,0.5117220878601074,"[0, 0, 5, 0, 3, 10, 6, 17, 4, 6, 8, 19, 27, 8, 21, 25, 31, 23, 12, 32, 30, 0, 0, 0, 0, 0, 0, 0, 0, 0, 0, 0, 0, 0, 0, 41]","[0, 4, 3, 2, 1, 5, 2, 1, 2, 2, 1, 2, 2, 2, 1, 6, 1, 2, 2, 9, 4, 114, 17, 25, 139, 71, 65, 49, 68, 51, 47, 113, 19, 139, 59, 0]"
j20,1,proactive_robust,600,True,44,0.11773443222045898,0.001833200454711914,"[0, 0, 5, 0, 3, 10, 6, 17, 4, 6, 8, 19, 27, 8, 21, 25, 32, 23, 12, 35, 30, 0, 0, 0, 0, 0, 0, 0, 0, 0, 0, 0, 0, 0, 0, 139]","""[0, 1, 4, 3, 2, 5, 2, 1, 1, 2, 1, 5, 3, 1, 1, 2, 1, 1, 6, 9, 7, 114, 17, 25, 139, 71, 65, 49, 68, 51, 47, 113, 19, 139, 59, 0]"""
j20,1,reactive,600,True,40,0.11773443222045898,0.3966670036315918,"[0, 0, 5, 0, 3, 10, 6, 17, 4, 6, 8, 19, 27, 8, 21, 25, 30, 23, 12, 31, 30, 0, 0, 0, 0, 0, 0, 0, 0, 0, 0, 0, 0, 0, 0, 40]","[0, 1, 4, 3, 2, 5, 2, 1, 1, 2, 1, 5, 3, 1, 1, 2, 1, 1, 6, 9, 7, 114, 17, 25, 139, 71, 65, 49, 68, 51, 47, 113, 19, 139, 59, 0]"
j20,1,proactive_robust,600,True,44,0.11771345138549805,0.001790761947631836,"[0, 0, 5, 0, 3, 10, 6, 17, 4, 6, 8, 19, 27, 8, 21, 25, 32, 23, 12, 35, 30, 0, 0, 0, 0, 0, 0, 0, 0, 0, 0, 0, 0, 0, 0, 139]","""[0, 3, 7, 3, 1, 4, 1, 2, 1, 1, 1, 3, 2, 3, 2, 7, 1, 3, 5, 6, 5, 114, 17, 25, 139, 71, 65, 49, 68, 51, 47, 113, 19, 139, 59, 0]"""
j20,1,reactive,600,True,41,0.11771345138549805,0.46105337142944336,"[0, 0, 5, 0, 3, 10, 6, 17, 4, 6, 8, 19, 27, 8, 21, 25, 32, 23, 12, 35, 30, 0, 0, 0, 0, 0, 0, 0, 0, 0, 0, 0, 0, 0, 0, 41]","[0, 3, 7, 3, 1, 4, 1, 2, 1, 1, 1, 3, 2, 3, 2, 7, 1, 3, 5, 6, 5, 114, 17, 25, 139, 71, 65, 49, 68, 51, 47, 113, 19, 139, 59, 0]"
j20,1,proactive_robust,600,True,44,0.11469459533691406,0.0017578601837158203,"[0, 0, 5, 0, 3, 10, 6, 17, 4, 6, 8, 19, 27, 8, 21, 25, 32, 23, 12, 35, 30, 0, 0, 0, 0, 0, 0, 0, 0, 0, 0, 0, 0, 0, 0, 139]","""[0, 4, 2, 1, 2, 6, 2, 2, 2, 1, 2, 4, 3, 2, 1, 3, 1, 1, 6, 5, 6, 114, 17, 25, 139, 71, 65, 49, 68, 51, 47, 113, 19, 139, 59, 0]"""
j20,1,reactive,600,True,40,0.11469459533691406,0.38928985595703125,"[0, 0, 5, 0, 3, 10, 6, 17, 4, 6, 8, 19, 27, 8, 21, 25, 32, 23, 12, 35, 30, 0, 0, 0, 0, 0, 0, 0, 0, 0, 0, 0, 0, 0, 0, 40]","[0, 4, 2, 1, 2, 6, 2, 2, 2, 1, 2, 4, 3, 2, 1, 3, 1, 1, 6, 5, 6, 114, 17, 25, 139, 71, 65, 49, 68, 51, 47, 113, 19, 139, 59, 0]"
j20,1,proactive_robust,600,True,44,0.11746454238891602,0.0018105506896972656,"[0, 0, 5, 0, 3, 10, 6, 17, 4, 6, 8, 19, 27, 8, 21, 25, 32, 23, 12, 35, 30, 0, 0, 0, 0, 0, 0, 0, 0, 0, 0, 0, 0, 0, 0, 139]","""[0, 1, 5, 2, 2, 5, 1, 4, 2, 1, 2, 6, 2, 3, 1, 2, 2, 4, 7, 6, 2, 114, 17, 25, 139, 71, 65, 49, 68, 51, 47, 113, 19, 139, 59, 0]"""
j20,1,reactive,600,True,41,0.11746454238891602,0.3396177291870117,"[0, 0, 5, 0, 3, 10, 6, 17, 4, 6, 8, 19, 27, 8, 21, 25, 32, 23, 12, 35, 30, 0, 0, 0, 0, 0, 0, 0, 0, 0, 0, 0, 0, 0, 0, 41]","[0, 1, 5, 2, 2, 5, 1, 4, 2, 1, 2, 6, 2, 3, 1, 2, 2, 4, 7, 6, 2, 114, 17, 25, 139, 71, 65, 49, 68, 51, 47, 113, 19, 139, 59, 0]"
j20,1,proactive_robust,600,True,44,0.11606144905090332,0.0018017292022705078,"[0, 0, 5, 0, 3, 10, 6, 17, 4, 6, 8, 19, 27, 8, 21, 25, 32, 23, 12, 35, 30, 0, 0, 0, 0, 0, 0, 0, 0, 0, 0, 0, 0, 0, 0, 139]","""[0, 4, 7, 1, 1, 6, 1, 1, 2, 2, 1, 2, 2, 3, 2, 5, 3, 3, 7, 5, 2, 114, 17, 25, 139, 71, 65, 49, 68, 51, 47, 113, 19, 139, 59, 0]"""
j20,1,reactive,600,True,40,0.11606144905090332,0.33527493476867676,"[0, 0, 5, 0, 3, 10, 6, 17, 4, 6, 8, 19, 27, 8, 21, 25, 32, 23, 12, 35, 30, 0, 0, 0, 0, 0, 0, 0, 0, 0, 0, 0, 0, 0, 0, 40]","[0, 4, 7, 1, 1, 6, 1, 1, 2, 2, 1, 2, 2, 3, 2, 5, 3, 3, 7, 5, 2, 114, 17, 25, 139, 71, 65, 49, 68, 51, 47, 113, 19, 139, 59, 0]"
j20,1,proactive_robust,600,True,44,0.11736917495727539,0.0018355846405029297,"[0, 0, 5, 0, 3, 10, 6, 17, 4, 6, 8, 19, 27, 8, 21, 25, 32, 23, 12, 35, 30, 0, 0, 0, 0, 0, 0, 0, 0, 0, 0, 0, 0, 0, 0, 139]","""[0, 2, 5, 1, 2, 2, 1, 3, 1, 2, 2, 4, 2, 3, 2, 4, 1, 3, 3, 6, 7, 114, 17, 25, 139, 71, 65, 49, 68, 51, 47, 113, 19, 139, 59, 0]"""
j20,1,reactive,600,True,41,0.11736917495727539,0.42706894874572754,"[0, 0, 5, 0, 3, 10, 6, 17, 4, 6, 8, 19, 27, 8, 21, 25, 32, 23, 12, 35, 30, 0, 0, 0, 0, 0, 0, 0, 0, 0, 0, 0, 0, 0, 0, 41]","[0, 2, 5, 1, 2, 2, 1, 3, 1, 2, 2, 4, 2, 3, 2, 4, 1, 3, 3, 6, 7, 114, 17, 25, 139, 71, 65, 49, 68, 51, 47, 113, 19, 139, 59, 0]"
j20,1,proactive_robust,600,True,40,0.09289956092834473,0.0011827945709228516,"[0, 3, 0, 0, 3, 5, 3, 9, 3, 11, 9, 9, 17, 17, 3, 9, 23, 20, 36, 26, 26, 0, 0, 0, 0, 0, 0, 0, 0, 139]","""[0, 2, 3, 3, 1, 4, 5, 2, 3, 7, 2, 3, 4, 2, 2, 2, 7, 6, 4, 3, 1, 40, 91, 103, 139, 83, 42, 46, 24, 0]"""
j20,1,reactive,600,True,34,0.09289956092834473,0.28051233291625977,"[0, 3, 0, 0, 3, 5, 3, 9, 3, 11, 9, 9, 17, 17, 3, 9, 23, 20, 30, 26, 26, 0, 0, 0, 0, 0, 0, 0, 0, 34]","[0, 2, 3, 3, 1, 4, 5, 2, 3, 7, 2, 3, 4, 2, 2, 2, 7, 6, 4, 3, 1, 40, 91, 103, 139, 83, 42, 46, 24, 0]"
j20,1,proactive_robust,600,True,40,0.0916144847869873,0.0011906623840332031,"[0, 3, 0, 0, 3, 5, 3, 9, 3, 11, 9, 9, 17, 17, 3, 9, 23, 20, 36, 26, 26, 0, 0, 0, 0, 0, 0, 0, 0, 139]","""[0, 6, 2, 2, 2, 2, 2, 2, 2, 10, 7, 5, 5, 1, 2, 3, 7, 6, 3, 6, 3, 40, 91, 103, 139, 83, 42, 46, 24, 0]"""
j20,1,reactive,600,True,33,0.0916144847869873,0.29144787788391113,"[0, 3, 0, 0, 3, 5, 3, 9, 3, 11, 9, 9, 17, 17, 3, 9, 23, 20, 30, 26, 26, 0, 0, 0, 0, 0, 0, 0, 0, 33]","[0, 6, 2, 2, 2, 2, 2, 2, 2, 10, 7, 5, 5, 1, 2, 3, 7, 6, 3, 6, 3, 40, 91, 103, 139, 83, 42, 46, 24, 0]"
j20,1,proactive_robust,600,True,40,0.09550952911376953,0.0011794567108154297,"[0, 3, 0, 0, 3, 5, 3, 9, 3, 11, 9, 9, 17, 17, 3, 9, 23, 20, 36, 26, 26, 0, 0, 0, 0, 0, 0, 0, 0, 139]","""[0, 5, 2, 3, 2, 1, 4, 1, 1, 7, 4, 5, 2, 2, 5, 6, 11, 6, 2, 2, 3, 40, 91, 103, 139, 83, 42, 46, 24, 0]"""
j20,1,reactive,600,True,36,0.09550952911376953,0.34462666511535645,"[0, 3, 0, 0, 3, 5, 3, 9, 3, 11, 9, 9, 17, 17, 3, 9, 23, 20, 34, 26, 26, 0, 0, 0, 0, 0, 0, 0, 0, 36]","[0, 5, 2, 3, 2, 1, 4, 1, 1, 7, 4, 5, 2, 2, 5, 6, 11, 6, 2, 2, 3, 40, 91, 103, 139, 83, 42, 46, 24, 0]"
j20,1,proactive_robust,600,True,40,0.09317994117736816,0.001177072525024414,"[0, 3, 0, 0, 3, 5, 3, 9, 3, 11, 9, 9, 17, 17, 3, 9, 23, 20, 36, 26, 26, 0, 0, 0, 0, 0, 0, 0, 0, 139]","""[0, 5, 1, 3, 1, 2, 2, 1, 2, 8, 5, 5, 6, 2, 4, 5, 12, 2, 4, 5, 1, 40, 91, 103, 139, 83, 42, 46, 24, 0]"""
j20,1,reactive,600,True,39,0.09317994117736816,0.3845396041870117,"[0, 3, 0, 0, 3, 5, 3, 9, 3, 11, 9, 9, 17, 17, 3, 9, 23, 20, 35, 26, 26, 0, 0, 0, 0, 0, 0, 0, 0, 39]","[0, 5, 1, 3, 1, 2, 2, 1, 2, 8, 5, 5, 6, 2, 4, 5, 12, 2, 4, 5, 1, 40, 91, 103, 139, 83, 42, 46, 24, 0]"
j20,1,proactive_robust,600,True,40,0.09339141845703125,0.0011930465698242188,"[0, 3, 0, 0, 3, 5, 3, 9, 3, 11, 9, 9, 17, 17, 3, 9, 23, 20, 36, 26, 26, 0, 0, 0, 0, 0, 0, 0, 0, 139]","""[0, 4, 2, 1, 2, 3, 3, 1, 1, 5, 6, 7, 5, 1, 5, 5, 10, 5, 4, 7, 3, 40, 91, 103, 139, 83, 42, 46, 24, 0]"""
j20,1,reactive,600,True,37,0.09339141845703125,0.3733394145965576,"[0, 3, 0, 0, 3, 5, 3, 9, 3, 11, 9, 9, 17, 17, 3, 9, 23, 20, 33, 26, 26, 0, 0, 0, 0, 0, 0, 0, 0, 37]","[0, 4, 2, 1, 2, 3, 3, 1, 1, 5, 6, 7, 5, 1, 5, 5, 10, 5, 4, 7, 3, 40, 91, 103, 139, 83, 42, 46, 24, 0]"
j20,1,proactive_robust,600,True,40,0.09359574317932129,0.0012698173522949219,"[0, 3, 0, 0, 3, 5, 3, 9, 3, 11, 9, 9, 17, 17, 3, 9, 23, 20, 36, 26, 26, 0, 0, 0, 0, 0, 0, 0, 0, 139]","""[0, 2, 1, 1, 1, 1, 4, 2, 2, 5, 7, 8, 3, 2, 4, 6, 6, 6, 1, 5, 2, 40, 91, 103, 139, 83, 42, 46, 24, 0]"""
j20,1,reactive,600,True,31,0.09359574317932129,0.3637382984161377,"[0, 3, 0, 0, 3, 5, 3, 9, 3, 11, 9, 9, 17, 17, 3, 9, 23, 20, 29, 26, 26, 0, 0, 0, 0, 0, 0, 0, 0, 31]","[0, 2, 1, 1, 1, 1, 4, 2, 2, 5, 7, 8, 3, 2, 4, 6, 6, 6, 1, 5, 2, 40, 91, 103, 139, 83, 42, 46, 24, 0]"
j20,1,proactive_robust,600,True,40,0.09118914604187012,0.0011446475982666016,"[0, 3, 0, 0, 3, 5, 3, 9, 3, 11, 9, 9, 17, 17, 3, 9, 23, 20, 36, 26, 26, 0, 0, 0, 0, 0, 0, 0, 0, 139]","""[0, 2, 2, 1, 1, 1, 2, 2, 2, 6, 6, 6, 3, 2, 3, 2, 6, 2, 4, 3, 1, 40, 91, 103, 139, 83, 42, 46, 24, 0]"""
j20,1,reactive,600,True,33,0.09118914604187012,0.4084489345550537,"[0, 3, 0, 0, 3, 5, 3, 9, 3, 11, 9, 9, 17, 17, 3, 9, 23, 20, 29, 26, 26, 0, 0, 0, 0, 0, 0, 0, 0, 33]","[0, 2, 2, 1, 1, 1, 2, 2, 2, 6, 6, 6, 3, 2, 3, 2, 6, 2, 4, 3, 1, 40, 91, 103, 139, 83, 42, 46, 24, 0]"
j20,1,proactive_robust,600,True,40,0.09334492683410645,0.0011870861053466797,"[0, 3, 0, 0, 3, 5, 3, 9, 3, 11, 9, 9, 17, 17, 3, 9, 23, 20, 36, 26, 26, 0, 0, 0, 0, 0, 0, 0, 0, 139]","""[0, 4, 1, 1, 2, 4, 3, 2, 1, 10, 6, 3, 2, 2, 4, 2, 11, 3, 4, 5, 2, 40, 91, 103, 139, 83, 42, 46, 24, 0]"""
j20,1,reactive,600,True,38,0.09334492683410645,0.34879207611083984,"[0, 3, 0, 0, 3, 5, 3, 9, 3, 11, 9, 9, 17, 17, 3, 9, 23, 20, 34, 26, 26, 0, 0, 0, 0, 0, 0, 0, 0, 38]","[0, 4, 1, 1, 2, 4, 3, 2, 1, 10, 6, 3, 2, 2, 4, 2, 11, 3, 4, 5, 2, 40, 91, 103, 139, 83, 42, 46, 24, 0]"
j20,1,proactive_robust,600,True,40,0.08901715278625488,0.0011739730834960938,"[0, 3, 0, 0, 3, 5, 3, 9, 3, 11, 9, 9, 17, 17, 3, 9, 23, 20, 36, 26, 26, 0, 0, 0, 0, 0, 0, 0, 0, 139]","""[0, 6, 1, 3, 2, 1, 2, 2, 2, 6, 7, 6, 6, 1, 2, 6, 7, 2, 2, 2, 1, 40, 91, 103, 139, 83, 42, 46, 24, 0]"""
j20,1,reactive,600,True,32,0.08901715278625488,0.27982282638549805,"[0, 3, 0, 0, 3, 5, 3, 9, 3, 11, 9, 9, 17, 17, 3, 9, 23, 20, 30, 26, 26, 0, 0, 0, 0, 0, 0, 0, 0, 32]","[0, 6, 1, 3, 2, 1, 2, 2, 2, 6, 7, 6, 6, 1, 2, 6, 7, 2, 2, 2, 1, 40, 91, 103, 139, 83, 42, 46, 24, 0]"
j20,1,proactive_robust,600,True,40,0.09221816062927246,0.0011768341064453125,"[0, 3, 0, 0, 3, 5, 3, 9, 3, 11, 9, 9, 17, 17, 3, 9, 23, 20, 36, 26, 26, 0, 0, 0, 0, 0, 0, 0, 0, 139]","""[0, 3, 3, 3, 1, 3, 6, 2, 4, 5, 3, 8, 6, 2, 2, 2, 9, 5, 1, 7, 2, 40, 91, 103, 139, 83, 42, 46, 24, 0]"""
j20,1,reactive,600,True,33,0.09221816062927246,0.2306511402130127,"[0, 3, 0, 0, 3, 5, 3, 9, 3, 11, 9, 9, 17, 17, 3, 9, 23, 20, 32, 26, 26, 0, 0, 0, 0, 0, 0, 0, 0, 33]","[0, 3, 3, 3, 1, 3, 6, 2, 4, 5, 3, 8, 6, 2, 2, 2, 9, 5, 1, 7, 2, 40, 91, 103, 139, 83, 42, 46, 24, 0]"
j20,1,proactive_robust,600,True,64,0.09696030616760254,0.0008249282836914062,"[0, 12, 0, 0, 6, 12, 16, 6, 19, 12, 19, 10, 29, 32, 19, 29, 44, 47, 56, 19, 35, 0, 0, 0, 162]","""[0, 1, 4, 9, 2, 3, 1, 2, 6, 3, 7, 8, 2, 7, 5, 2, 2, 6, 6, 5, 7, 40, 130, 162, 0]"""
j20,1,reactive,600,True,62,0.09696030616760254,0.4999666213989258,"[0, 12, 0, 0, 6, 12, 16, 6, 19, 12, 19, 10, 29, 32, 19, 29, 44, 47, 56, 19, 35, 0, 0, 0, 62]","[0, 1, 4, 9, 2, 3, 1, 2, 6, 3, 7, 8, 2, 7, 5, 2, 2, 6, 6, 5, 7, 40, 130, 162, 0]"
j20,1,proactive_robust,600,True,64,0.09152865409851074,0.0008606910705566406,"[0, 12, 0, 0, 6, 12, 16, 6, 19, 12, 19, 10, 29, 32, 19, 29, 44, 47, 56, 19, 35, 0, 0, 0, 162]","""[0, 2, 2, 10, 4, 7, 2, 7, 2, 3, 5, 10, 3, 12, 5, 6, 3, 5, 7, 6, 9, 40, 130, 162, 0]"""
j20,1,reactive,600,True,63,0.09152865409851074,0.3258552551269531,"[0, 12, 0, 0, 6, 12, 16, 6, 19, 12, 19, 10, 29, 32, 19, 29, 44, 47, 56, 19, 35, 0, 0, 0, 63]","[0, 2, 2, 10, 4, 7, 2, 7, 2, 3, 5, 10, 3, 12, 5, 6, 3, 5, 7, 6, 9, 40, 130, 162, 0]"
j20,1,proactive_robust,600,True,64,0.0951693058013916,0.0008401870727539062,"[0, 12, 0, 0, 6, 12, 16, 6, 19, 12, 19, 10, 29, 32, 19, 29, 44, 47, 56, 19, 35, 0, 0, 0, 162]","""[0, 2, 2, 6, 1, 5, 1, 2, 3, 3, 10, 7, 3, 11, 7, 4, 2, 8, 7, 9, 8, 40, 130, 162, 0]"""
j20,1,reactive,600,True,63,0.0951693058013916,0.48491835594177246,"[0, 12, 0, 0, 6, 12, 16, 6, 19, 12, 19, 10, 29, 32, 19, 29, 44, 47, 56, 19, 35, 0, 0, 0, 63]","[0, 2, 2, 6, 1, 5, 1, 2, 3, 3, 10, 7, 3, 11, 7, 4, 2, 8, 7, 9, 8, 40, 130, 162, 0]"
j20,1,proactive_robust,600,True,64,0.0961756706237793,0.0008351802825927734,"[0, 12, 0, 0, 6, 12, 16, 6, 19, 12, 19, 10, 29, 32, 19, 29, 44, 47, 56, 19, 35, 0, 0, 0, 162]","""[0, 1, 2, 10, 4, 2, 3, 7, 4, 3, 8, 6, 2, 7, 5, 6, 1, 4, 6, 10, 5, 40, 130, 162, 0]"""
j20,1,reactive,600,True,57,0.0961756706237793,0.39654064178466797,"[0, 12, 0, 0, 6, 12, 16, 6, 19, 12, 19, 10, 29, 32, 19, 29, 44, 47, 51, 19, 35, 0, 0, 0, 57]","[0, 1, 2, 10, 4, 2, 3, 7, 4, 3, 8, 6, 2, 7, 5, 6, 1, 4, 6, 10, 5, 40, 130, 162, 0]"
j20,1,proactive_robust,600,True,64,0.09604883193969727,0.0008609294891357422,"[0, 12, 0, 0, 6, 12, 16, 6, 19, 12, 19, 10, 29, 32, 19, 29, 44, 47, 56, 19, 35, 0, 0, 0, 162]","""[0, 1, 4, 11, 3, 2, 3, 6, 4, 2, 9, 10, 2, 8, 7, 6, 3, 4, 6, 9, 10, 40, 130, 162, 0]"""
j20,1,reactive,600,True,62,0.09604883193969727,0.43137192726135254,"[0, 12, 0, 0, 6, 12, 16, 6, 19, 12, 19, 10, 29, 32, 19, 29, 44, 47, 56, 19, 35, 0, 0, 0, 62]","[0, 1, 4, 11, 3, 2, 3, 6, 4, 2, 9, 10, 2, 8, 7, 6, 3, 4, 6, 9, 10, 40, 130, 162, 0]"
j20,1,proactive_robust,600,True,64,0.09623575210571289,0.0008497238159179688,"[0, 12, 0, 0, 6, 12, 16, 6, 19, 12, 19, 10, 29, 32, 19, 29, 44, 47, 56, 19, 35, 0, 0, 0, 162]","""[0, 2, 5, 10, 1, 3, 3, 2, 5, 1, 10, 12, 2, 12, 5, 5, 3, 6, 3, 8, 6, 40, 130, 162, 0]"""
j20,1,reactive,600,True,56,0.09623575210571289,0.3883943557739258,"[0, 12, 0, 0, 6, 12, 16, 6, 19, 12, 19, 10, 29, 32, 19, 29, 44, 47, 53, 19, 35, 0, 0, 0, 56]","[0, 2, 5, 10, 1, 3, 3, 2, 5, 1, 10, 12, 2, 12, 5, 5, 3, 6, 3, 8, 6, 40, 130, 162, 0]"
j20,1,proactive_robust,600,True,64,0.09198904037475586,0.0008325576782226562,"[0, 12, 0, 0, 6, 12, 16, 6, 19, 12, 19, 10, 29, 32, 19, 29, 44, 47, 56, 19, 35, 0, 0, 0, 162]","""[0, 2, 3, 11, 4, 6, 3, 6, 4, 1, 7, 7, 3, 8, 6, 3, 2, 5, 8, 5, 7, 40, 130, 162, 0]"""
j20,1,reactive,600,True,59,0.09198904037475586,0.4186248779296875,"[0, 12, 0, 0, 6, 12, 16, 6, 19, 12, 19, 10, 29, 32, 19, 29, 44, 46, 51, 19, 35, 0, 0, 0, 59]","[0, 2, 3, 11, 4, 6, 3, 6, 4, 1, 7, 7, 3, 8, 6, 3, 2, 5, 8, 5, 7, 40, 130, 162, 0]"
j20,1,proactive_robust,600,True,64,0.09354305267333984,0.0008661746978759766,"[0, 12, 0, 0, 6, 12, 16, 6, 19, 12, 19, 10, 29, 32, 19, 29, 44, 47, 56, 19, 35, 0, 0, 0, 162]","""[0, 3, 2, 11, 4, 6, 2, 6, 5, 1, 6, 8, 2, 6, 7, 5, 2, 8, 7, 6, 9, 40, 130, 162, 0]"""
j20,1,reactive,600,True,63,0.09354305267333984,0.44582533836364746,"[0, 12, 0, 0, 6, 12, 16, 6, 19, 12, 19, 10, 29, 32, 19, 29, 44, 47, 56, 19, 35, 0, 0, 0, 63]","[0, 3, 2, 11, 4, 6, 2, 6, 5, 1, 6, 8, 2, 6, 7, 5, 2, 8, 7, 6, 9, 40, 130, 162, 0]"
j20,1,proactive_robust,600,True,64,0.09271526336669922,0.0008535385131835938,"[0, 12, 0, 0, 6, 12, 16, 6, 19, 12, 19, 10, 29, 32, 19, 29, 44, 47, 56, 19, 35, 0, 0, 0, 162]","""[0, 2, 4, 7, 1, 2, 1, 4, 3, 3, 6, 9, 1, 11, 7, 3, 3, 7, 6, 10, 9, 40, 130, 162, 0]"""
j20,1,reactive,600,True,62,0.09271526336669922,0.4766077995300293,"[0, 12, 0, 0, 6, 12, 16, 6, 19, 12, 19, 10, 29, 32, 19, 29, 44, 47, 56, 19, 35, 0, 0, 0, 62]","[0, 2, 4, 7, 1, 2, 1, 4, 3, 3, 6, 9, 1, 11, 7, 3, 3, 7, 6, 10, 9, 40, 130, 162, 0]"
j20,1,proactive_robust,600,True,64,0.09427523612976074,0.0008382797241210938,"[0, 12, 0, 0, 6, 12, 16, 6, 19, 12, 19, 10, 29, 32, 19, 29, 44, 47, 56, 19, 35, 0, 0, 0, 162]","""[0, 1, 5, 6, 3, 5, 2, 6, 4, 3, 6, 9, 2, 10, 8, 6, 3, 6, 3, 5, 9, 40, 130, 162, 0]"""
j20,1,reactive,600,True,56,0.09427523612976074,0.4935171604156494,"[0, 12, 0, 0, 6, 12, 16, 6, 19, 12, 19, 10, 29, 32, 19, 29, 44, 47, 53, 19, 35, 0, 0, 0, 56]","[0, 1, 5, 6, 3, 5, 2, 6, 4, 3, 6, 9, 2, 10, 8, 6, 3, 6, 3, 5, 9, 40, 130, 162, 0]"
j20,1,proactive_robust,600,True,59,0.09579277038574219,0.0015368461608886719,"[0, 0, 0, 0, 7, 6, 10, 10, 7, 17, 7, 16, 19, 33, 26, 42, 27, 34, 33, 50, 50, 0, 0, 0, 0, 0, 0, 0, 0, 142]","""[0, 5, 8, 5, 6, 2, 9, 3, 6, 2, 7, 8, 4, 9, 5, 7, 7, 8, 3, 9, 3, 97, 92, 42, 94, 132, 130, 33, 142, 0]"""
j20,1,reactive,600,True,59,0.09579277038574219,0.37078213691711426,"[0, 0, 0, 0, 7, 6, 10, 10, 7, 17, 7, 16, 19, 33, 26, 42, 27, 34, 33, 50, 50, 0, 0, 0, 0, 0, 0, 0, 0, 59]","[0, 5, 8, 5, 6, 2, 9, 3, 6, 2, 7, 8, 4, 9, 5, 7, 7, 8, 3, 9, 3, 97, 92, 42, 94, 132, 130, 33, 142, 0]"
j20,1,proactive_robust,600,True,59,0.09822750091552734,0.001508474349975586,"[0, 0, 0, 0, 7, 6, 10, 10, 7, 17, 7, 16, 19, 33, 26, 42, 27, 34, 33, 50, 50, 0, 0, 0, 0, 0, 0, 0, 0, 142]","""[0, 4, 7, 2, 9, 2, 7, 2, 5, 6, 7, 9, 7, 6, 5, 7, 3, 4, 5, 8, 5, 97, 92, 42, 94, 132, 130, 33, 142, 0]"""
j20,1,reactive,600,True,58,0.09822750091552734,0.5129644870758057,"[0, 0, 0, 0, 7, 6, 10, 10, 7, 17, 7, 16, 19, 33, 26, 42, 27, 34, 33, 50, 50, 0, 0, 0, 0, 0, 0, 0, 0, 58]","[0, 4, 7, 2, 9, 2, 7, 2, 5, 6, 7, 9, 7, 6, 5, 7, 3, 4, 5, 8, 5, 97, 92, 42, 94, 132, 130, 33, 142, 0]"
j20,1,proactive_robust,600,True,59,0.0968928337097168,0.0015573501586914062,"[0, 0, 0, 0, 7, 6, 10, 10, 7, 17, 7, 16, 19, 33, 26, 42, 27, 34, 33, 50, 50, 0, 0, 0, 0, 0, 0, 0, 0, 142]","""[0, 4, 8, 3, 7, 4, 5, 4, 9, 2, 7, 6, 7, 9, 4, 8, 7, 8, 6, 9, 8, 97, 92, 42, 94, 132, 130, 33, 142, 0]"""
j20,1,reactive,600,True,59,0.0968928337097168,0.36441540718078613,"[0, 0, 0, 0, 7, 6, 10, 10, 7, 17, 7, 16, 19, 33, 26, 42, 27, 34, 33, 50, 50, 0, 0, 0, 0, 0, 0, 0, 0, 59]","[0, 4, 8, 3, 7, 4, 5, 4, 9, 2, 7, 6, 7, 9, 4, 8, 7, 8, 6, 9, 8, 97, 92, 42, 94, 132, 130, 33, 142, 0]"
j20,1,proactive_robust,600,True,59,0.09571385383605957,0.0015652179718017578,"[0, 0, 0, 0, 7, 6, 10, 10, 7, 17, 7, 16, 19, 33, 26, 42, 27, 34, 33, 50, 50, 0, 0, 0, 0, 0, 0, 0, 0, 142]","""[0, 7, 4, 4, 7, 3, 4, 4, 6, 3, 9, 10, 7, 9, 7, 3, 7, 8, 4, 8, 8, 97, 92, 42, 94, 132, 130, 33, 142, 0]"""
j20,1,reactive,600,True,58,0.09571385383605957,0.3818237781524658,"[0, 0, 0, 0, 7, 6, 10, 10, 7, 17, 7, 16, 19, 33, 26, 42, 27, 34, 33, 50, 50, 0, 0, 0, 0, 0, 0, 0, 0, 58]","[0, 7, 4, 4, 7, 3, 4, 4, 6, 3, 9, 10, 7, 9, 7, 3, 7, 8, 4, 8, 8, 97, 92, 42, 94, 132, 130, 33, 142, 0]"
j20,1,proactive_robust,600,True,59,0.09659671783447266,0.0015223026275634766,"[0, 0, 0, 0, 7, 6, 10, 10, 7, 17, 7, 16, 19, 33, 26, 42, 27, 34, 33, 50, 50, 0, 0, 0, 0, 0, 0, 0, 0, 142]","""[0, 7, 8, 5, 8, 3, 5, 4, 6, 2, 10, 6, 3, 8, 6, 4, 6, 3, 3, 7, 8, 97, 92, 42, 94, 132, 130, 33, 142, 0]"""
j20,1,reactive,600,True,58,0.09659671783447266,0.40517687797546387,"[0, 0, 0, 0, 7, 6, 10, 10, 7, 17, 7, 16, 19, 33, 26, 42, 27, 34, 33, 50, 50, 0, 0, 0, 0, 0, 0, 0, 0, 58]","[0, 7, 8, 5, 8, 3, 5, 4, 6, 2, 10, 6, 3, 8, 6, 4, 6, 3, 3, 7, 8, 97, 92, 42, 94, 132, 130, 33, 142, 0]"
j20,1,proactive_robust,600,True,59,0.09323287010192871,0.001546621322631836,"[0, 0, 0, 0, 7, 6, 10, 10, 7, 17, 7, 16, 19, 33, 26, 42, 27, 34, 33, 50, 50, 0, 0, 0, 0, 0, 0, 0, 0, 142]","""[0, 2, 7, 6, 7, 3, 7, 2, 10, 6, 10, 10, 6, 7, 5, 7, 6, 5, 7, 9, 7, 97, 92, 42, 94, 132, 130, 33, 142, 0]"""
j20,1,reactive,600,True,59,0.09323287010192871,0.38848876953125,"[0, 0, 0, 0, 7, 6, 10, 10, 7, 17, 7, 16, 19, 33, 26, 42, 27, 34, 33, 50, 50, 0, 0, 0, 0, 0, 0, 0, 0, 59]","[0, 2, 7, 6, 7, 3, 7, 2, 10, 6, 10, 10, 6, 7, 5, 7, 6, 5, 7, 9, 7, 97, 92, 42, 94, 132, 130, 33, 142, 0]"
j20,1,proactive_robust,600,True,59,0.09454703330993652,0.0015075206756591797,"[0, 0, 0, 0, 7, 6, 10, 10, 7, 17, 7, 16, 19, 33, 26, 42, 27, 34, 33, 50, 50, 0, 0, 0, 0, 0, 0, 0, 0, 142]","""[0, 2, 7, 2, 4, 2, 9, 2, 5, 2, 9, 6, 6, 8, 5, 4, 6, 5, 4, 4, 7, 97, 92, 42, 94, 132, 130, 33, 142, 0]"""
j20,1,reactive,600,True,57,0.09454703330993652,0.5577702522277832,"[0, 0, 0, 0, 7, 6, 10, 10, 7, 17, 7, 16, 19, 33, 26, 42, 27, 34, 33, 50, 50, 0, 0, 0, 0, 0, 0, 0, 0, 57]","[0, 2, 7, 2, 4, 2, 9, 2, 5, 2, 9, 6, 6, 8, 5, 4, 6, 5, 4, 4, 7, 97, 92, 42, 94, 132, 130, 33, 142, 0]"
j20,1,proactive_robust,600,True,59,0.09358072280883789,0.0015215873718261719,"[0, 0, 0, 0, 7, 6, 10, 10, 7, 17, 7, 16, 19, 33, 26, 42, 27, 34, 33, 50, 50, 0, 0, 0, 0, 0, 0, 0, 0, 142]","""[0, 6, 7, 2, 6, 4, 7, 6, 7, 5, 5, 5, 3, 9, 6, 4, 2, 5, 8, 4, 6, 97, 92, 42, 94, 132, 130, 33, 142, 0]"""
j20,1,reactive,600,True,56,0.09358072280883789,0.4323742389678955,"[0, 0, 0, 0, 7, 6, 10, 10, 7, 17, 7, 16, 19, 33, 26, 42, 27, 34, 33, 50, 50, 0, 0, 0, 0, 0, 0, 0, 0, 56]","[0, 6, 7, 2, 6, 4, 7, 6, 7, 5, 5, 5, 3, 9, 6, 4, 2, 5, 8, 4, 6, 97, 92, 42, 94, 132, 130, 33, 142, 0]"
j20,1,proactive_robust,600,True,59,0.09685444831848145,0.0015110969543457031,"[0, 0, 0, 0, 7, 6, 10, 10, 7, 17, 7, 16, 19, 33, 26, 42, 27, 34, 33, 50, 50, 0, 0, 0, 0, 0, 0, 0, 0, 142]","""[0, 2, 7, 6, 4, 4, 5, 3, 8, 3, 8, 8, 6, 6, 3, 6, 7, 6, 7, 4, 4, 97, 92, 42, 94, 132, 130, 33, 142, 0]"""
j20,1,reactive,600,True,54,0.09685444831848145,0.43456149101257324,"[0, 0, 0, 0, 7, 6, 10, 10, 7, 17, 7, 16, 19, 33, 26, 42, 27, 34, 33, 50, 50, 0, 0, 0, 0, 0, 0, 0, 0, 54]","[0, 2, 7, 6, 4, 4, 5, 3, 8, 3, 8, 8, 6, 6, 3, 6, 7, 6, 7, 4, 4, 97, 92, 42, 94, 132, 130, 33, 142, 0]"
j20,1,proactive_robust,600,True,59,0.09646224975585938,0.0015277862548828125,"[0, 0, 0, 0, 7, 6, 10, 10, 7, 17, 7, 16, 19, 33, 26, 42, 27, 34, 33, 50, 50, 0, 0, 0, 0, 0, 0, 0, 0, 142]","""[0, 2, 6, 5, 4, 1, 4, 5, 6, 3, 9, 7, 5, 9, 3, 6, 6, 7, 3, 6, 4, 97, 92, 42, 94, 132, 130, 33, 142, 0]"""
j20,1,reactive,600,True,56,0.09646224975585938,0.519782543182373,"[0, 0, 0, 0, 7, 6, 10, 10, 7, 17, 7, 16, 19, 33, 26, 42, 27, 34, 33, 50, 50, 0, 0, 0, 0, 0, 0, 0, 0, 56]","[0, 2, 6, 5, 4, 1, 4, 5, 6, 3, 9, 7, 5, 9, 3, 6, 6, 7, 3, 6, 4, 97, 92, 42, 94, 132, 130, 33, 142, 0]"
j20,1,proactive_robust,600,True,35,0.09742927551269531,0.0006284713745117188,"[0, 0, 0, 0, 3, 5, 3, 5, 13, 3, 19, 6, 7, 9, 12, 14, 12, 19, 23, 14, 23, 0, 0, 0, 0, 68]","""[0, 1, 3, 2, 2, 2, 1, 3, 6, 1, 3, 1, 6, 2, 2, 5, 7, 2, 9, 7, 1, 48, 68, 34, 68, 0]"""
j20,1,reactive,600,True,32,0.09742927551269531,0.32802677154541016,"[0, 0, 0, 0, 3, 5, 3, 5, 13, 3, 19, 6, 7, 9, 12, 14, 12, 19, 23, 14, 23, 0, 0, 0, 0, 32]","[0, 1, 3, 2, 2, 2, 1, 3, 6, 1, 3, 1, 6, 2, 2, 5, 7, 2, 9, 7, 1, 48, 68, 34, 68, 0]"
j20,1,proactive_robust,600,True,51,0.1067056655883789,0.0006928443908691406,"[0, 0, 0, 0, 7, 30, 11, 4, 11, 7, 20, 21, 25, 21, 28, 31, 14, 31, 37, 31, 38, 0, 0, 0, 0, 68]","""[0, 8, 2, 1, 2, 3, 7, 6, 7, 4, 6, 3, 6, 7, 2, 6, 5, 4, 13, 9, 10, 48, 68, 34, 68, 0]"""
j20,1,reactive,600,True,50,0.1067056655883789,0.48226499557495117,"[0, 0, 0, 0, 7, 30, 11, 4, 11, 7, 20, 21, 25, 21, 28, 31, 14, 31, 37, 31, 38, 0, 0, 0, 0, 50]","[0, 8, 2, 1, 2, 3, 7, 6, 7, 4, 6, 3, 6, 7, 2, 6, 5, 4, 13, 9, 10, 48, 68, 34, 68, 0]"
j20,1,proactive_robust,600,True,35,0.10163569450378418,0.0006299018859863281,"[0, 0, 0, 0, 3, 5, 3, 5, 13, 3, 19, 6, 7, 9, 12, 14, 12, 19, 23, 14, 23, 0, 0, 0, 0, 68]","""[0, 1, 3, 3, 2, 2, 2, 5, 3, 2, 4, 1, 6, 1, 1, 3, 2, 4, 11, 5, 3, 48, 68, 34, 68, 0]"""
j20,1,reactive,600,True,34,0.10163569450378418,0.2989013195037842,"[0, 0, 0, 0, 3, 5, 3, 5, 13, 3, 19, 6, 7, 9, 12, 14, 12, 19, 23, 14, 23, 0, 0, 0, 0, 34]","[0, 1, 3, 3, 2, 2, 2, 5, 3, 2, 4, 1, 6, 1, 1, 3, 2, 4, 11, 5, 3, 48, 68, 34, 68, 0]"
j20,1,proactive_robust,600,True,51,0.1067972183227539,0.0006809234619140625,"[0, 0, 0, 0, 7, 30, 11, 4, 11, 7, 20, 21, 25, 21, 28, 31, 14, 31, 37, 31, 38, 0, 0, 0, 0, 68]","""[0, 8, 5, 3, 4, 4, 10, 7, 4, 4, 6, 3, 2, 7, 3, 3, 6, 4, 8, 9, 9, 48, 68, 34, 68, 0]"""
j20,1,reactive,600,True,47,0.1067972183227539,0.4222886562347412,"[0, 0, 0, 0, 7, 30, 11, 4, 11, 7, 20, 21, 25, 21, 28, 31, 14, 31, 37, 31, 38, 0, 0, 0, 0, 47]","[0, 8, 5, 3, 4, 4, 10, 7, 4, 4, 6, 3, 2, 7, 3, 3, 6, 4, 8, 9, 9, 48, 68, 34, 68, 0]"
j20,1,proactive_robust,600,True,35,0.10072731971740723,0.0006134510040283203,"[0, 0, 0, 0, 3, 5, 3, 5, 13, 3, 19, 6, 7, 9, 12, 14, 12, 19, 23, 14, 23, 0, 0, 0, 0, 68]","""[0, 3, 3, 2, 2, 1, 2, 7, 3, 1, 2, 3, 2, 2, 1, 3, 2, 4, 8, 6, 3, 48, 68, 34, 68, 0]"""
j20,1,reactive,600,True,31,0.10072731971740723,0.3555166721343994,"[0, 0, 0, 0, 3, 5, 3, 5, 13, 3, 19, 6, 7, 9, 12, 14, 12, 19, 23, 14, 23, 0, 0, 0, 0, 31]","[0, 3, 3, 2, 2, 1, 2, 7, 3, 1, 2, 3, 2, 2, 1, 3, 2, 4, 8, 6, 3, 48, 68, 34, 68, 0]"
j20,1,proactive_robust,600,True,35,0.1020054817199707,0.0006189346313476562,"[0, 0, 0, 0, 3, 5, 3, 5, 13, 3, 19, 6, 7, 9, 12, 14, 12, 19, 23, 14, 23, 0, 0, 0, 0, 68]","""[0, 3, 1, 1, 2, 2, 1, 3, 3, 2, 2, 2, 5, 3, 2, 6, 7, 4, 9, 7, 1, 48, 68, 34, 68, 0]"""
j20,1,reactive,600,True,32,0.1020054817199707,0.3258969783782959,"[0, 0, 0, 0, 3, 5, 3, 5, 13, 3, 19, 6, 7, 9, 12, 14, 12, 19, 23, 14, 23, 0, 0, 0, 0, 32]","[0, 3, 1, 1, 2, 2, 1, 3, 3, 2, 2, 2, 5, 3, 2, 6, 7, 4, 9, 7, 1, 48, 68, 34, 68, 0]"
j20,1,proactive_robust,600,True,35,0.10051441192626953,0.0006074905395507812,"[0, 0, 0, 0, 3, 5, 3, 5, 13, 3, 19, 6, 7, 9, 12, 14, 12, 19, 23, 14, 23, 0, 0, 0, 0, 68]","""[0, 3, 3, 3, 1, 2, 1, 5, 5, 2, 1, 3, 2, 1, 1, 5, 7, 1, 9, 6, 1, 48, 68, 34, 68, 0]"""
j20,1,reactive,600,True,32,0.10051441192626953,0.2825772762298584,"[0, 0, 0, 0, 3, 5, 3, 5, 13, 3, 19, 6, 7, 9, 12, 14, 12, 19, 23, 14, 23, 0, 0, 0, 0, 32]","[0, 3, 3, 3, 1, 2, 1, 5, 5, 2, 1, 3, 2, 1, 1, 5, 7, 1, 9, 6, 1, 48, 68, 34, 68, 0]"
j20,1,proactive_robust,600,True,51,0.10630249977111816,0.0006642341613769531,"[0, 0, 0, 0, 7, 30, 11, 4, 11, 7, 20, 21, 25, 21, 28, 31, 14, 31, 37, 31, 38, 0, 0, 0, 0, 68]","""[0, 6, 2, 4, 1, 7, 5, 4, 7, 5, 4, 1, 6, 6, 3, 6, 4, 3, 7, 5, 6, 48, 68, 34, 68, 0]"""
j20,1,reactive,600,True,44,0.10630249977111816,0.45360708236694336,"[0, 0, 0, 0, 7, 30, 11, 4, 11, 7, 20, 21, 25, 21, 28, 31, 14, 31, 37, 31, 38, 0, 0, 0, 0, 44]","[0, 6, 2, 4, 1, 7, 5, 4, 7, 5, 4, 1, 6, 6, 3, 6, 4, 3, 7, 5, 6, 48, 68, 34, 68, 0]"
j20,1,proactive_robust,600,True,35,0.1016840934753418,0.0006108283996582031,"[0, 0, 0, 0, 3, 5, 3, 5, 13, 3, 19, 6, 7, 9, 12, 14, 12, 19, 23, 14, 23, 0, 0, 0, 0, 68]","""[0, 1, 3, 2, 1, 2, 3, 3, 3, 2, 1, 3, 4, 2, 1, 2, 4, 3, 12, 5, 1, 48, 68, 34, 68, 0]"""
j20,1,reactive,600,True,31,0.1016840934753418,0.4233694076538086,"[0, 0, 0, 0, 3, 5, 3, 5, 13, 3, 16, 6, 7, 9, 12, 14, 12, 16, 19, 14, 17, 0, 0, 0, 0, 31]","[0, 1, 3, 2, 1, 2, 3, 3, 3, 2, 1, 3, 4, 2, 1, 2, 4, 3, 12, 5, 1, 48, 68, 34, 68, 0]"
j20,1,proactive_robust,600,True,35,0.10083651542663574,0.0006237030029296875,"[0, 0, 0, 0, 3, 5, 3, 5, 13, 3, 19, 6, 7, 9, 12, 14, 12, 19, 23, 14, 23, 0, 0, 0, 0, 68]","""[0, 2, 1, 3, 1, 1, 3, 2, 5, 2, 2, 3, 6, 2, 2, 6, 6, 1, 7, 9, 3, 48, 68, 34, 68, 0]"""
j20,1,reactive,600,True,30,0.10083651542663574,0.33559203147888184,"[0, 0, 0, 0, 3, 5, 3, 5, 13, 3, 19, 6, 7, 9, 12, 14, 12, 19, 23, 14, 23, 0, 0, 0, 0, 30]","[0, 2, 1, 3, 1, 1, 3, 2, 5, 2, 2, 3, 6, 2, 2, 6, 6, 1, 7, 9, 3, 48, 68, 34, 68, 0]"
j10,2,proactive_robust,600,True,48,0.055973052978515625,0.0006976127624511719,"[0, 0, 0, 0, 12, 22, 13, 34, 42, 25, 12, 0, 0, 0, 0, 0, 0, 0, 69]","""[0, 2, 13, 11, 5, 8, 1, 2, 6, 1, 5, 46, 15, 23, 34, 69, 49, 65, 0]"""
j10,2,reactive,600,True,38,0.055973052978515625,0.08819365501403809,"[0, 0, 0, 0, 12, 22, 13, 30, 32, 25, 12, 0, 0, 0, 0, 0, 0, 0, 38]","[0, 2, 13, 11, 5, 8, 1, 2, 6, 1, 5, 46, 15, 23, 34, 69, 49, 65, 0]"
j10,2,proactive_robust,600,True,48,0.055028438568115234,0.0006961822509765625,"[0, 0, 0, 0, 12, 22, 13, 34, 42, 25, 12, 0, 0, 0, 0, 0, 0, 0, 69]","""[0, 7, 4, 3, 6, 11, 11, 3, 5, 4, 8, 46, 15, 23, 34, 69, 49, 65, 0]"""
j10,2,reactive,600,True,42,0.055028438568115234,0.11317586898803711,"[0, 0, 0, 0, 12, 22, 13, 34, 37, 25, 12, 0, 0, 0, 0, 0, 0, 0, 42]","[0, 7, 4, 3, 6, 11, 11, 3, 5, 4, 8, 46, 15, 23, 34, 69, 49, 65, 0]"
j10,2,proactive_robust,600,True,48,0.05444169044494629,0.0007166862487792969,"[0, 0, 0, 0, 12, 22, 13, 34, 42, 25, 12, 0, 0, 0, 0, 0, 0, 0, 69]","""[0, 7, 3, 12, 5, 11, 3, 6, 4, 1, 5, 46, 15, 23, 34, 69, 49, 65, 0]"""
j10,2,reactive,600,True,46,0.05444169044494629,0.09676504135131836,"[0, 0, 0, 0, 12, 22, 13, 34, 42, 25, 12, 0, 0, 0, 0, 0, 0, 0, 46]","[0, 7, 3, 12, 5, 11, 3, 6, 4, 1, 5, 46, 15, 23, 34, 69, 49, 65, 0]"
j10,2,proactive_robust,600,True,48,0.05450105667114258,0.0006945133209228516,"[0, 0, 0, 0, 12, 22, 13, 34, 42, 25, 12, 0, 0, 0, 0, 0, 0, 0, 69]","""[0, 4, 7, 1, 9, 12, 11, 1, 5, 2, 6, 46, 15, 23, 34, 69, 49, 65, 0]"""
j10,2,reactive,600,True,40,0.05450105667114258,0.10856103897094727,"[0, 0, 0, 0, 12, 22, 13, 34, 35, 25, 12, 0, 0, 0, 0, 0, 0, 0, 40]","[0, 4, 7, 1, 9, 12, 11, 1, 5, 2, 6, 46, 15, 23, 34, 69, 49, 65, 0]"
j10,2,proactive_robust,600,True,48,0.05162668228149414,0.0006763935089111328,"[0, 0, 0, 0, 12, 22, 13, 34, 42, 25, 12, 0, 0, 0, 0, 0, 0, 0, 69]","""[0, 6, 11, 4, 2, 3, 5, 1, 5, 1, 5, 46, 15, 23, 34, 69, 49, 65, 0]"""
j10,2,reactive,600,True,31,0.05162668228149414,0.13566160202026367,"[0, 0, 0, 0, 12, 22, 13, 25, 26, 18, 12, 0, 0, 0, 0, 0, 0, 0, 31]","[0, 6, 11, 4, 2, 3, 5, 1, 5, 1, 5, 46, 15, 23, 34, 69, 49, 65, 0]"
j10,2,proactive_robust,600,True,48,0.058088064193725586,0.0006892681121826172,"[0, 0, 0, 0, 12, 22, 13, 34, 42, 25, 12, 0, 0, 0, 0, 0, 0, 0, 69]","""[0, 7, 11, 2, 10, 1, 6, 6, 1, 2, 2, 46, 15, 23, 34, 69, 49, 65, 0]"""
j10,2,reactive,600,True,30,0.058088064193725586,0.11632800102233887,"[0, 0, 0, 0, 12, 22, 13, 23, 29, 25, 12, 0, 0, 0, 0, 0, 0, 0, 30]","[0, 7, 11, 2, 10, 1, 6, 6, 1, 2, 2, 46, 15, 23, 34, 69, 49, 65, 0]"
j10,2,proactive_robust,600,True,48,0.057044267654418945,0.0006771087646484375,"[0, 0, 0, 0, 12, 22, 13, 34, 42, 25, 12, 0, 0, 0, 0, 0, 0, 0, 69]","""[0, 2, 4, 6, 2, 4, 5, 8, 3, 1, 6, 46, 15, 23, 34, 69, 49, 65, 0]"""
j10,2,reactive,600,True,37,0.057044267654418945,0.13293766975402832,"[0, 0, 0, 0, 12, 22, 13, 26, 34, 18, 12, 0, 0, 0, 0, 0, 0, 0, 37]","[0, 2, 4, 6, 2, 4, 5, 8, 3, 1, 6, 46, 15, 23, 34, 69, 49, 65, 0]"
j10,2,proactive_robust,600,True,48,0.056267738342285156,0.0006992816925048828,"[0, 0, 0, 0, 12, 22, 13, 34, 42, 25, 12, 0, 0, 0, 0, 0, 0, 0, 69]","""[0, 6, 10, 12, 3, 8, 4, 3, 5, 3, 3, 46, 15, 23, 34, 69, 49, 65, 0]"""
j10,2,reactive,600,True,42,0.056267738342285156,0.09948301315307617,"[0, 0, 0, 0, 12, 22, 13, 34, 37, 25, 12, 0, 0, 0, 0, 0, 0, 0, 42]","[0, 6, 10, 12, 3, 8, 4, 3, 5, 3, 3, 46, 15, 23, 34, 69, 49, 65, 0]"
j10,2,proactive_robust,600,True,48,0.056260108947753906,0.0006990432739257812,"[0, 0, 0, 0, 12, 22, 13, 34, 42, 25, 12, 0, 0, 0, 0, 0, 0, 0, 69]","""[0, 5, 2, 10, 6, 9, 2, 3, 6, 1, 4, 46, 15, 23, 34, 69, 49, 65, 0]"""
j10,2,reactive,600,True,40,0.056260108947753906,0.11160135269165039,"[0, 0, 0, 0, 12, 22, 13, 31, 34, 25, 12, 0, 0, 0, 0, 0, 0, 0, 40]","[0, 5, 2, 10, 6, 9, 2, 3, 6, 1, 4, 46, 15, 23, 34, 69, 49, 65, 0]"
j10,2,proactive_robust,600,True,48,0.055319786071777344,0.000705718994140625,"[0, 0, 0, 0, 12, 22, 13, 34, 42, 25, 12, 0, 0, 0, 0, 0, 0, 0, 69]","""[0, 1, 9, 5, 2, 7, 4, 8, 4, 2, 1, 46, 15, 23, 34, 69, 49, 65, 0]"""
j10,2,reactive,600,True,41,0.055319786071777344,0.11552119255065918,"[0, 0, 0, 0, 12, 22, 13, 29, 37, 25, 12, 0, 0, 0, 0, 0, 0, 0, 41]","[0, 1, 9, 5, 2, 7, 4, 8, 4, 2, 1, 46, 15, 23, 34, 69, 49, 65, 0]"
j10,2,proactive_robust,600,True,45,0.0644690990447998,0.00026917457580566406,"[0, 0, 6, 0, 10, 14, 24, 24, 12, 33, 33, 0, 45]","""[0, 10, 5, 3, 2, 7, 1, 5, 10, 6, 8, 42, 0]"""
j10,2,reactive,600,True,41,0.0644690990447998,0.15617036819458008,"[0, 0, 6, 0, 10, 14, 24, 24, 12, 33, 33, 0, 41]","[0, 10, 5, 3, 2, 7, 1, 5, 10, 6, 8, 42, 0]"
j10,2,proactive_robust,600,True,45,0.06931495666503906,0.00024509429931640625,"[0, 0, 6, 0, 10, 14, 24, 24, 12, 33, 33, 0, 45]","""[0, 10, 1, 3, 2, 8, 5, 7, 3, 2, 3, 42, 0]"""
j10,2,reactive,600,True,36,0.06931495666503906,0.1376030445098877,"[0, 0, 6, 0, 10, 14, 24, 24, 12, 33, 33, 0, 36]","[0, 10, 1, 3, 2, 8, 5, 7, 3, 2, 3, 42, 0]"
j10,2,proactive_robust,600,True,45,0.06052803993225098,0.00026154518127441406,"[0, 0, 6, 0, 10, 14, 24, 24, 12, 33, 33, 0, 45]","""[0, 10, 6, 3, 4, 1, 8, 4, 6, 12, 1, 42, 0]"""
j10,2,reactive,600,True,44,0.06052803993225098,0.10117578506469727,"[0, 0, 6, 0, 10, 14, 24, 24, 12, 32, 32, 0, 44]","[0, 10, 6, 3, 4, 1, 8, 4, 6, 12, 1, 42, 0]"
j10,2,proactive_robust,600,True,45,0.06924200057983398,0.0002446174621582031,"[0, 0, 6, 0, 10, 14, 24, 24, 12, 33, 33, 0, 45]","""[0, 2, 4, 2, 2, 6, 9, 5, 1, 11, 7, 42, 0]"""
j10,2,reactive,600,True,44,0.06924200057983398,0.20514154434204102,"[0, 0, 6, 0, 10, 14, 24, 24, 12, 33, 33, 0, 44]","[0, 2, 4, 2, 2, 6, 9, 5, 1, 11, 7, 42, 0]"
j10,2,proactive_robust,600,True,45,0.07389664649963379,0.00025582313537597656,"[0, 0, 6, 0, 10, 14, 24, 24, 12, 33, 33, 0, 45]","""[0, 1, 6, 4, 1, 2, 4, 2, 12, 9, 1, 42, 0]"""
j10,2,reactive,600,True,42,0.07389664649963379,0.17490530014038086,"[0, 0, 6, 0, 10, 14, 24, 24, 12, 33, 33, 0, 42]","[0, 1, 6, 4, 1, 2, 4, 2, 12, 9, 1, 42, 0]"
j10,2,proactive_robust,600,True,45,0.06408381462097168,0.00023746490478515625,"[0, 0, 6, 0, 10, 14, 24, 24, 12, 33, 33, 0, 45]","""[0, 1, 2, 1, 1, 2, 9, 1, 6, 2, 8, 42, 0]"""
j10,2,reactive,600,True,41,0.06408381462097168,0.22638654708862305,"[0, 0, 6, 0, 10, 14, 24, 24, 12, 33, 33, 0, 41]","[0, 1, 2, 1, 1, 2, 9, 1, 6, 2, 8, 42, 0]"
j10,2,proactive_robust,600,True,45,0.0613398551940918,0.0002484321594238281,"[0, 0, 6, 0, 10, 14, 24, 24, 12, 33, 33, 0, 45]","""[0, 6, 2, 5, 3, 2, 3, 4, 9, 7, 7, 42, 0]"""
j10,2,reactive,600,True,40,0.0613398551940918,0.1983473300933838,"[0, 0, 6, 0, 10, 14, 24, 24, 12, 33, 33, 0, 40]","[0, 6, 2, 5, 3, 2, 3, 4, 9, 7, 7, 42, 0]"
j10,2,proactive_robust,600,True,45,0.06810951232910156,0.0002636909484863281,"[0, 0, 6, 0, 10, 14, 24, 24, 12, 33, 33, 0, 45]","""[0, 1, 6, 4, 1, 3, 5, 3, 9, 10, 10, 42, 0]"""
j10,2,reactive,600,True,43,0.06810951232910156,0.19752073287963867,"[0, 0, 6, 0, 10, 14, 24, 24, 12, 33, 33, 0, 43]","[0, 1, 6, 4, 1, 3, 5, 3, 9, 10, 10, 42, 0]"
j10,2,proactive_robust,600,True,45,0.061044931411743164,0.0002880096435546875,"[0, 0, 6, 0, 10, 14, 24, 24, 12, 33, 33, 0, 45]","""[0, 8, 5, 5, 4, 8, 9, 2, 9, 12, 1, 42, 0]"""
j10,2,reactive,600,True,45,0.061044931411743164,0.12344598770141602,"[0, 0, 6, 0, 10, 14, 24, 24, 12, 33, 33, 0, 45]","[0, 8, 5, 5, 4, 8, 9, 2, 9, 12, 1, 42, 0]"
j10,2,proactive_robust,600,True,45,0.07054519653320312,0.0002512931823730469,"[0, 0, 6, 0, 10, 14, 24, 24, 12, 33, 33, 0, 45]","""[0, 2, 1, 3, 3, 5, 6, 7, 9, 8, 3, 42, 0]"""
j10,2,reactive,600,True,41,0.07054519653320312,0.20384931564331055,"[0, 0, 6, 0, 10, 14, 24, 24, 12, 33, 33, 0, 41]","[0, 2, 1, 3, 3, 5, 6, 7, 9, 8, 3, 42, 0]"
j10,2,proactive_robust,600,True,45,0.05431842803955078,0.0008940696716308594,"[0, 0, 0, 3, 3, 7, 19, 13, 32, 32, 13, 0, 0, 0, 0, 0, 0, 0, 0, 0, 70]","""[0, 1, 3, 2, 2, 3, 5, 3, 13, 2, 2, 70, 66, 45, 53, 15, 50, 37, 70, 33, 0]"""
j10,2,reactive,600,True,37,0.05431842803955078,0.1399233341217041,"[0, 0, 0, 3, 3, 7, 19, 13, 24, 10, 13, 0, 0, 0, 0, 0, 0, 0, 0, 0, 37]","[0, 1, 3, 2, 2, 3, 5, 3, 13, 2, 2, 70, 66, 45, 53, 15, 50, 37, 70, 33, 0]"
j10,2,proactive_robust,600,True,45,0.05488920211791992,0.0008862018585205078,"[0, 0, 0, 3, 3, 7, 19, 13, 32, 32, 13, 0, 0, 0, 0, 0, 0, 0, 0, 0, 70]","""[0, 1, 1, 2, 1, 6, 5, 2, 3, 4, 3, 70, 66, 45, 53, 15, 50, 37, 70, 33, 0]"""
j10,2,reactive,600,True,27,0.05488920211791992,0.1724710464477539,"[0, 0, 0, 3, 3, 7, 19, 13, 24, 15, 13, 0, 0, 0, 0, 0, 0, 0, 0, 0, 27]","[0, 1, 1, 2, 1, 6, 5, 2, 3, 4, 3, 70, 66, 45, 53, 15, 50, 37, 70, 33, 0]"
j10,2,proactive_robust,600,True,45,0.05733656883239746,0.0009062290191650391,"[0, 0, 0, 3, 3, 7, 19, 13, 32, 32, 13, 0, 0, 0, 0, 0, 0, 0, 0, 0, 70]","""[0, 1, 3, 3, 1, 4, 5, 5, 8, 3, 5, 70, 66, 45, 53, 15, 50, 37, 70, 33, 0]"""
j10,2,reactive,600,True,32,0.05733656883239746,0.15124273300170898,"[0, 0, 0, 3, 3, 7, 19, 13, 24, 24, 13, 0, 0, 0, 0, 0, 0, 0, 0, 0, 32]","[0, 1, 3, 3, 1, 4, 5, 5, 8, 3, 5, 70, 66, 45, 53, 15, 50, 37, 70, 33, 0]"
j10,2,proactive_robust,600,True,45,0.05485415458679199,0.0008962154388427734,"[0, 0, 0, 3, 3, 7, 19, 13, 32, 32, 13, 0, 0, 0, 0, 0, 0, 0, 0, 0, 70]","""[0, 1, 2, 2, 1, 3, 8, 2, 8, 4, 5, 70, 66, 45, 53, 15, 50, 37, 70, 33, 0]"""
j10,2,reactive,600,True,40,0.05485415458679199,0.17671632766723633,"[0, 0, 0, 3, 3, 7, 19, 13, 32, 32, 13, 0, 0, 0, 0, 0, 0, 0, 0, 0, 40]","[0, 1, 2, 2, 1, 3, 8, 2, 8, 4, 5, 70, 66, 45, 53, 15, 50, 37, 70, 33, 0]"
j10,2,proactive_robust,600,True,45,0.05562734603881836,0.0009045600891113281,"[0, 0, 0, 3, 3, 7, 19, 13, 32, 32, 13, 0, 0, 0, 0, 0, 0, 0, 0, 0, 70]","""[0, 3, 3, 1, 2, 6, 2, 4, 2, 8, 7, 70, 66, 45, 53, 15, 50, 37, 70, 33, 0]"""
j10,2,reactive,600,True,29,0.05562734603881836,0.0949087142944336,"[0, 0, 0, 3, 3, 7, 19, 13, 21, 21, 13, 0, 0, 0, 0, 0, 0, 0, 0, 0, 29]","[0, 3, 3, 1, 2, 6, 2, 4, 2, 8, 7, 70, 66, 45, 53, 15, 50, 37, 70, 33, 0]"
j10,2,proactive_robust,600,True,45,0.05439639091491699,0.0008912086486816406,"[0, 0, 0, 3, 3, 7, 19, 13, 32, 32, 13, 0, 0, 0, 0, 0, 0, 0, 0, 0, 70]","""[0, 1, 2, 2, 1, 6, 7, 2, 3, 2, 6, 70, 66, 45, 53, 15, 50, 37, 70, 33, 0]"""
j10,2,reactive,600,True,29,0.05439639091491699,0.15404963493347168,"[0, 0, 0, 3, 3, 7, 19, 13, 26, 15, 13, 0, 0, 0, 0, 0, 0, 0, 0, 0, 29]","[0, 1, 2, 2, 1, 6, 7, 2, 3, 2, 6, 70, 66, 45, 53, 15, 50, 37, 70, 33, 0]"
j10,2,proactive_robust,600,True,45,0.057557106018066406,0.0008983612060546875,"[0, 0, 0, 3, 3, 7, 19, 13, 32, 32, 13, 0, 0, 0, 0, 0, 0, 0, 0, 0, 70]","""[0, 3, 3, 2, 3, 4, 8, 1, 4, 2, 5, 70, 66, 45, 53, 15, 50, 37, 70, 33, 0]"""
j10,2,reactive,600,True,31,0.057557106018066406,0.10331940650939941,"[0, 0, 0, 3, 3, 7, 19, 13, 27, 11, 13, 0, 0, 0, 0, 0, 0, 0, 0, 0, 31]","[0, 3, 3, 2, 3, 4, 8, 1, 4, 2, 5, 70, 66, 45, 53, 15, 50, 37, 70, 33, 0]"
j10,2,proactive_robust,600,True,45,0.060404062271118164,0.0009069442749023438,"[0, 0, 0, 3, 3, 7, 19, 13, 32, 32, 13, 0, 0, 0, 0, 0, 0, 0, 0, 0, 70]","""[0, 3, 1, 1, 1, 2, 8, 6, 7, 4, 2, 70, 66, 45, 53, 15, 50, 37, 70, 33, 0]"""
j10,2,reactive,600,True,39,0.060404062271118164,0.14902997016906738,"[0, 0, 0, 3, 3, 7, 19, 13, 32, 32, 13, 0, 0, 0, 0, 0, 0, 0, 0, 0, 39]","[0, 3, 1, 1, 1, 2, 8, 6, 7, 4, 2, 70, 66, 45, 53, 15, 50, 37, 70, 33, 0]"
j10,2,proactive_robust,600,True,45,0.05832982063293457,0.0009005069732666016,"[0, 0, 0, 3, 3, 7, 19, 13, 32, 32, 13, 0, 0, 0, 0, 0, 0, 0, 0, 0, 70]","""[0, 3, 3, 4, 3, 1, 5, 1, 11, 1, 7, 70, 66, 45, 53, 15, 50, 37, 70, 33, 0]"""
j10,2,reactive,600,True,43,0.05832982063293457,0.0960233211517334,"[0, 0, 0, 3, 3, 7, 19, 13, 32, 32, 13, 0, 0, 0, 0, 0, 0, 0, 0, 0, 43]","[0, 3, 3, 4, 3, 1, 5, 1, 11, 1, 7, 70, 66, 45, 53, 15, 50, 37, 70, 33, 0]"
j10,2,proactive_robust,600,True,45,0.05509519577026367,0.0009069442749023438,"[0, 0, 0, 3, 3, 7, 19, 13, 32, 32, 13, 0, 0, 0, 0, 0, 0, 0, 0, 0, 70]","""[0, 1, 1, 2, 2, 3, 11, 2, 8, 5, 5, 70, 66, 45, 53, 15, 50, 37, 70, 33, 0]"""
j10,2,reactive,600,True,40,0.05509519577026367,0.17772340774536133,"[0, 0, 0, 3, 3, 7, 19, 13, 32, 32, 13, 0, 0, 0, 0, 0, 0, 0, 0, 0, 40]","[0, 1, 1, 2, 2, 3, 11, 2, 8, 5, 5, 70, 66, 45, 53, 15, 50, 37, 70, 33, 0]"
j10,2,proactive_robust,600,True,49,0.05528616905212402,0.0010902881622314453,"[0, 0, 0, 0, 4, 4, 4, 19, 17, 34, 4, 0, 0, 0, 0, 0, 0, 0, 0, 0, 0, 84]","""[0, 10, 1, 1, 9, 8, 12, 12, 4, 9, 8, 68, 20, 84, 26, 19, 22, 72, 76, 56, 83, 0]"""
j10,2,reactive,600,True,43,0.05528616905212402,0.1044313907623291,"[0, 0, 0, 0, 4, 4, 4, 19, 17, 34, 4, 0, 0, 0, 0, 0, 0, 0, 0, 0, 0, 43]","[0, 10, 1, 1, 9, 8, 12, 12, 4, 9, 8, 68, 20, 84, 26, 19, 22, 72, 76, 56, 83, 0]"
j10,2,proactive_robust,600,True,49,0.05639815330505371,0.0010814666748046875,"[0, 0, 0, 0, 4, 4, 4, 19, 17, 34, 4, 0, 0, 0, 0, 0, 0, 0, 0, 0, 0, 84]","""[0, 11, 1, 2, 8, 1, 8, 9, 9, 10, 8, 68, 20, 84, 26, 19, 22, 72, 76, 56, 83, 0]"""
j10,2,reactive,600,True,44,0.05639815330505371,0.11897397041320801,"[0, 0, 0, 0, 4, 4, 4, 19, 17, 34, 4, 0, 0, 0, 0, 0, 0, 0, 0, 0, 0, 44]","[0, 11, 1, 2, 8, 1, 8, 9, 9, 10, 8, 68, 20, 84, 26, 19, 22, 72, 76, 56, 83, 0]"
j10,2,proactive_robust,600,True,49,0.059046268463134766,0.0011436939239501953,"[0, 0, 0, 0, 4, 4, 4, 19, 17, 34, 4, 0, 0, 0, 0, 0, 0, 0, 0, 0, 0, 84]","""[0, 4, 4, 3, 7, 9, 6, 15, 9, 6, 10, 68, 20, 84, 26, 19, 22, 72, 76, 56, 83, 0]"""
j10,2,reactive,600,True,40,0.059046268463134766,0.09757709503173828,"[0, 0, 0, 0, 4, 4, 4, 19, 17, 34, 4, 0, 0, 0, 0, 0, 0, 0, 0, 0, 0, 40]","[0, 4, 4, 3, 7, 9, 6, 15, 9, 6, 10, 68, 20, 84, 26, 19, 22, 72, 76, 56, 83, 0]"
j10,2,proactive_robust,600,True,49,0.05602288246154785,0.001102447509765625,"[0, 0, 0, 0, 4, 4, 4, 19, 17, 34, 4, 0, 0, 0, 0, 0, 0, 0, 0, 0, 0, 84]","""[0, 11, 3, 3, 12, 12, 11, 14, 3, 7, 7, 68, 20, 84, 26, 19, 22, 72, 76, 56, 83, 0]"""
j10,2,reactive,600,True,41,0.05602288246154785,0.10153388977050781,"[0, 0, 0, 0, 4, 4, 4, 19, 17, 34, 4, 0, 0, 0, 0, 0, 0, 0, 0, 0, 0, 41]","[0, 11, 3, 3, 12, 12, 11, 14, 3, 7, 7, 68, 20, 84, 26, 19, 22, 72, 76, 56, 83, 0]"
j10,2,proactive_robust,600,True,49,0.05729222297668457,0.001110076904296875,"[0, 0, 0, 0, 4, 4, 4, 19, 17, 34, 4, 0, 0, 0, 0, 0, 0, 0, 0, 0, 0, 84]","""[0, 5, 3, 2, 11, 4, 12, 12, 12, 15, 12, 68, 20, 84, 26, 19, 22, 72, 76, 56, 83, 0]"""
j10,2,reactive,600,True,46,0.05729222297668457,0.09785151481628418,"[0, 0, 0, 0, 4, 4, 4, 19, 17, 31, 4, 0, 0, 0, 0, 0, 0, 0, 0, 0, 0, 46]","[0, 5, 3, 2, 11, 4, 12, 12, 12, 15, 12, 68, 20, 84, 26, 19, 22, 72, 76, 56, 83, 0]"
j10,2,proactive_robust,600,True,49,0.05922579765319824,0.0011341571807861328,"[0, 0, 0, 0, 4, 4, 4, 19, 17, 34, 4, 0, 0, 0, 0, 0, 0, 0, 0, 0, 0, 84]","""[0, 16, 2, 1, 13, 11, 13, 11, 4, 15, 10, 68, 20, 84, 26, 19, 22, 72, 76, 56, 83, 0]"""
j10,2,reactive,600,True,45,0.05922579765319824,0.0800313949584961,"[0, 0, 0, 0, 4, 4, 4, 19, 17, 30, 4, 0, 0, 0, 0, 0, 0, 0, 0, 0, 0, 45]","[0, 16, 2, 1, 13, 11, 13, 11, 4, 15, 10, 68, 20, 84, 26, 19, 22, 72, 76, 56, 83, 0]"
j10,2,proactive_robust,600,True,49,0.058400630950927734,0.0010738372802734375,"[0, 0, 0, 0, 4, 4, 4, 19, 17, 34, 4, 0, 0, 0, 0, 0, 0, 0, 0, 0, 0, 84]","""[0, 8, 3, 1, 6, 1, 12, 15, 2, 14, 4, 68, 20, 84, 26, 19, 22, 72, 76, 56, 83, 0]"""
j10,2,reactive,600,True,48,0.058400630950927734,0.10282707214355469,"[0, 0, 0, 0, 4, 4, 4, 19, 17, 34, 4, 0, 0, 0, 0, 0, 0, 0, 0, 0, 0, 48]","[0, 8, 3, 1, 6, 1, 12, 15, 2, 14, 4, 68, 20, 84, 26, 19, 22, 72, 76, 56, 83, 0]"
j10,2,proactive_robust,600,True,49,0.058728933334350586,0.0010654926300048828,"[0, 0, 0, 0, 4, 4, 4, 19, 17, 34, 4, 0, 0, 0, 0, 0, 0, 0, 0, 0, 0, 84]","""[0, 13, 1, 3, 11, 2, 4, 6, 9, 6, 4, 68, 20, 84, 26, 19, 22, 72, 76, 56, 83, 0]"""
j10,2,reactive,600,True,31,0.058728933334350586,0.11519694328308105,"[0, 0, 0, 0, 4, 4, 4, 19, 17, 25, 4, 0, 0, 0, 0, 0, 0, 0, 0, 0, 0, 31]","[0, 13, 1, 3, 11, 2, 4, 6, 9, 6, 4, 68, 20, 84, 26, 19, 22, 72, 76, 56, 83, 0]"
j10,2,proactive_robust,600,True,49,0.056671857833862305,0.0011212825775146484,"[0, 0, 0, 0, 4, 4, 4, 19, 17, 34, 4, 0, 0, 0, 0, 0, 0, 0, 0, 0, 0, 84]","""[0, 14, 2, 4, 12, 10, 12, 11, 6, 14, 8, 68, 20, 84, 26, 19, 22, 72, 76, 56, 83, 0]"""
j10,2,reactive,600,True,48,0.056671857833862305,0.09728074073791504,"[0, 0, 0, 0, 4, 4, 4, 19, 17, 34, 4, 0, 0, 0, 0, 0, 0, 0, 0, 0, 0, 48]","[0, 14, 2, 4, 12, 10, 12, 11, 6, 14, 8, 68, 20, 84, 26, 19, 22, 72, 76, 56, 83, 0]"
j10,2,proactive_robust,600,True,49,0.05562162399291992,0.00103759765625,"[0, 0, 0, 0, 4, 4, 4, 19, 17, 34, 4, 0, 0, 0, 0, 0, 0, 0, 0, 0, 0, 84]","""[0, 7, 1, 1, 2, 3, 3, 7, 1, 11, 9, 68, 20, 84, 26, 19, 22, 72, 76, 56, 83, 0]"""
j10,2,reactive,600,True,37,0.05562162399291992,0.14042425155639648,"[0, 0, 0, 0, 4, 4, 4, 19, 17, 26, 4, 0, 0, 0, 0, 0, 0, 0, 0, 0, 0, 37]","[0, 7, 1, 1, 2, 3, 3, 7, 1, 11, 9, 68, 20, 84, 26, 19, 22, 72, 76, 56, 83, 0]"
j10,2,proactive_robust,600,True,51,0.05760765075683594,0.00026488304138183594,"[0, 0, 0, 0, 6, 15, 21, 31, 15, 21, 41, 0, 61]","""[0, 2, 2, 4, 7, 1, 7, 1, 6, 2, 3, 61, 0]"""
j10,2,reactive,600,True,35,0.05760765075683594,0.14370274543762207,"[0, 0, 0, 0, 6, 15, 21, 31, 15, 21, 32, 0, 35]","[0, 2, 2, 4, 7, 1, 7, 1, 6, 2, 3, 61, 0]"
j10,2,proactive_robust,600,True,51,0.05677461624145508,0.0002682209014892578,"[0, 0, 0, 0, 6, 15, 21, 31, 15, 21, 41, 0, 61]","""[0, 5, 3, 10, 4, 5, 1, 1, 7, 4, 1, 61, 0]"""
j10,2,reactive,600,True,25,0.05677461624145508,0.11069464683532715,"[0, 0, 0, 0, 6, 15, 21, 22, 15, 21, 24, 0, 25]","[0, 5, 3, 10, 4, 5, 1, 1, 7, 4, 1, 61, 0]"
j10,2,proactive_robust,600,True,51,0.05727696418762207,0.00027561187744140625,"[0, 0, 0, 0, 6, 15, 21, 31, 15, 21, 41, 0, 61]","""[0, 3, 4, 1, 7, 4, 3, 6, 5, 5, 3, 61, 0]"""
j10,2,reactive,600,True,40,0.05727696418762207,0.110565185546875,"[0, 0, 0, 0, 6, 15, 21, 31, 15, 21, 37, 0, 40]","[0, 3, 4, 1, 7, 4, 3, 6, 5, 5, 3, 61, 0]"
j10,2,proactive_robust,600,True,51,0.05374646186828613,0.0002701282501220703,"[0, 0, 0, 0, 6, 15, 21, 31, 15, 21, 41, 0, 61]","""[0, 4, 2, 5, 4, 3, 3, 4, 3, 7, 3, 61, 0]"""
j10,2,reactive,600,True,31,0.05374646186828613,0.1423783302307129,"[0, 0, 0, 0, 6, 15, 21, 24, 15, 21, 28, 0, 31]","[0, 4, 2, 5, 4, 3, 3, 4, 3, 7, 3, 61, 0]"
j10,2,proactive_robust,600,True,51,0.057581424713134766,0.0002875328063964844,"[0, 0, 0, 0, 6, 15, 21, 31, 15, 21, 41, 0, 61]","""[0, 3, 2, 6, 4, 2, 7, 8, 4, 9, 8, 61, 0]"""
j10,2,reactive,600,True,49,0.057581424713134766,0.14754748344421387,"[0, 0, 0, 0, 6, 15, 21, 31, 15, 21, 41, 0, 49]","[0, 3, 2, 6, 4, 2, 7, 8, 4, 9, 8, 61, 0]"
j10,2,proactive_robust,600,True,51,0.060335636138916016,0.0002770423889160156,"[0, 0, 0, 0, 6, 15, 21, 31, 15, 21, 41, 0, 61]","""[0, 3, 2, 7, 8, 1, 9, 3, 7, 2, 3, 61, 0]"""
j10,2,reactive,600,True,37,0.060335636138916016,0.13542652130126953,"[0, 0, 0, 0, 6, 15, 21, 31, 15, 21, 34, 0, 37]","[0, 3, 2, 7, 8, 1, 9, 3, 7, 2, 3, 61, 0]"
j10,2,proactive_robust,600,True,51,0.058087825775146484,0.0002789497375488281,"[0, 0, 0, 0, 6, 15, 21, 31, 15, 21, 41, 0, 61]","""[0, 4, 3, 10, 2, 4, 8, 3, 2, 2, 10, 61, 0]"""
j10,2,reactive,600,True,42,0.058087825775146484,0.12300372123718262,"[0, 0, 0, 0, 6, 15, 21, 29, 15, 21, 32, 0, 42]","[0, 4, 3, 10, 2, 4, 8, 3, 2, 2, 10, 61, 0]"
j10,2,proactive_robust,600,True,51,0.05848360061645508,0.0002791881561279297,"[0, 0, 0, 0, 6, 15, 21, 31, 15, 21, 41, 0, 61]","""[0, 1, 3, 3, 1, 4, 6, 7, 5, 7, 10, 61, 0]"""
j10,2,reactive,600,True,48,0.05848360061645508,0.14419293403625488,"[0, 0, 0, 0, 6, 15, 21, 31, 15, 21, 38, 0, 48]","[0, 1, 3, 3, 1, 4, 6, 7, 5, 7, 10, 61, 0]"
j10,2,proactive_robust,600,True,51,0.05538821220397949,0.00027751922607421875,"[0, 0, 0, 0, 6, 15, 21, 31, 15, 21, 41, 0, 61]","""[0, 4, 2, 1, 3, 1, 10, 4, 7, 10, 5, 61, 0]"""
j10,2,reactive,600,True,40,0.05538821220397949,0.12592387199401855,"[0, 0, 0, 0, 6, 15, 21, 31, 15, 21, 35, 0, 40]","[0, 4, 2, 1, 3, 1, 10, 4, 7, 10, 5, 61, 0]"
j10,2,proactive_robust,600,True,51,0.05757713317871094,0.0002796649932861328,"[0, 0, 0, 0, 6, 15, 21, 31, 15, 21, 41, 0, 61]","""[0, 5, 3, 7, 2, 2, 9, 7, 4, 3, 2, 61, 0]"""
j10,2,reactive,600,True,40,0.05757713317871094,0.147308349609375,"[0, 0, 0, 0, 6, 15, 21, 31, 15, 21, 38, 0, 40]","[0, 5, 3, 7, 2, 2, 9, 7, 4, 3, 2, 61, 0]"
j10,2,proactive_robust,600,True,52,0.07633328437805176,0.0004222393035888672,"[0, 6, 0, 0, 18, 33, 6, 6, 37, 33, 10, 0, 0, 0, 84]","""[0, 7, 1, 5, 12, 1, 4, 3, 3, 4, 7, 51, 12, 84, 0]"""
j10,2,reactive,600,True,37,0.07633328437805176,0.10616874694824219,"[0, 6, 0, 0, 18, 33, 6, 6, 34, 33, 10, 0, 0, 0, 37]","[0, 7, 1, 5, 12, 1, 4, 3, 3, 4, 7, 51, 12, 84, 0]"
j10,2,proactive_robust,600,True,52,0.0559849739074707,0.00043129920959472656,"[0, 6, 0, 0, 18, 33, 6, 6, 37, 33, 10, 0, 0, 0, 84]","""[0, 4, 8, 1, 10, 3, 1, 7, 10, 7, 4, 51, 12, 84, 0]"""
j10,2,reactive,600,True,47,0.0559849739074707,0.11682558059692383,"[0, 6, 0, 0, 18, 33, 6, 6, 37, 33, 10, 0, 0, 0, 47]","[0, 4, 8, 1, 10, 3, 1, 7, 10, 7, 4, 51, 12, 84, 0]"
j10,2,proactive_robust,600,True,52,0.0547637939453125,0.0004391670227050781,"[0, 6, 0, 0, 18, 33, 6, 6, 37, 33, 10, 0, 0, 0, 84]","""[0, 12, 7, 4, 3, 2, 3, 4, 10, 9, 1, 51, 12, 84, 0]"""
j10,2,reactive,600,True,33,0.0547637939453125,0.08391714096069336,"[0, 6, 0, 0, 18, 21, 6, 6, 23, 21, 10, 0, 0, 0, 33]","[0, 12, 7, 4, 3, 2, 3, 4, 10, 9, 1, 51, 12, 84, 0]"
j10,2,proactive_robust,600,True,52,0.05350351333618164,0.00045108795166015625,"[0, 6, 0, 0, 18, 33, 6, 6, 37, 33, 10, 0, 0, 0, 84]","""[0, 7, 9, 5, 15, 4, 3, 5, 7, 5, 4, 51, 12, 84, 0]"""
j10,2,reactive,600,True,44,0.05350351333618164,0.07792067527770996,"[0, 6, 0, 0, 18, 33, 6, 6, 37, 33, 10, 0, 0, 0, 44]","[0, 7, 9, 5, 15, 4, 3, 5, 7, 5, 4, 51, 12, 84, 0]"
j10,2,proactive_robust,600,True,52,0.053432464599609375,0.0004448890686035156,"[0, 6, 0, 0, 18, 33, 6, 6, 37, 33, 10, 0, 0, 0, 84]","""[0, 7, 10, 1, 7, 4, 4, 11, 14, 4, 4, 51, 12, 84, 0]"""
j10,2,reactive,600,True,51,0.053432464599609375,0.08656907081604004,"[0, 6, 0, 0, 18, 33, 6, 6, 37, 33, 10, 0, 0, 0, 51]","[0, 7, 10, 1, 7, 4, 4, 11, 14, 4, 4, 51, 12, 84, 0]"
j10,2,proactive_robust,600,True,52,0.053058624267578125,0.00044465065002441406,"[0, 6, 0, 0, 18, 33, 6, 6, 37, 33, 10, 0, 0, 0, 84]","""[0, 11, 3, 1, 8, 2, 1, 4, 12, 9, 4, 51, 12, 84, 0]"""
j10,2,reactive,600,True,49,0.053058624267578125,0.11948776245117188,"[0, 6, 0, 0, 18, 33, 6, 6, 37, 33, 10, 0, 0, 0, 49]","[0, 11, 3, 1, 8, 2, 1, 4, 12, 9, 4, 51, 12, 84, 0]"
j10,2,proactive_robust,600,True,52,0.05454707145690918,0.00043320655822753906,"[0, 6, 0, 0, 18, 33, 6, 6, 37, 33, 10, 0, 0, 0, 84]","""[0, 1, 10, 4, 8, 4, 1, 13, 9, 3, 2, 51, 12, 84, 0]"""
j10,2,reactive,600,True,46,0.05454707145690918,0.11509394645690918,"[0, 6, 0, 0, 18, 33, 6, 6, 37, 33, 10, 0, 0, 0, 46]","[0, 1, 10, 4, 8, 4, 1, 13, 9, 3, 2, 51, 12, 84, 0]"
j10,2,proactive_robust,600,True,52,0.05429863929748535,0.0004525184631347656,"[0, 6, 0, 0, 18, 33, 6, 6, 37, 33, 10, 0, 0, 0, 84]","""[0, 7, 5, 3, 7, 4, 6, 6, 14, 9, 9, 51, 12, 84, 0]"""
j10,2,reactive,600,True,51,0.05429863929748535,0.07225799560546875,"[0, 6, 0, 0, 18, 33, 6, 6, 37, 33, 10, 0, 0, 0, 51]","[0, 7, 5, 3, 7, 4, 6, 6, 14, 9, 9, 51, 12, 84, 0]"
j10,2,proactive_robust,600,True,52,0.07726716995239258,0.00043582916259765625,"[0, 6, 0, 0, 18, 33, 6, 6, 37, 33, 10, 0, 0, 0, 84]","""[0, 10, 10, 3, 4, 3, 1, 6, 13, 3, 4, 51, 12, 84, 0]"""
j10,2,reactive,600,True,50,0.07726716995239258,0.10347223281860352,"[0, 6, 0, 0, 18, 33, 6, 6, 37, 33, 10, 0, 0, 0, 50]","[0, 10, 10, 3, 4, 3, 1, 6, 13, 3, 4, 51, 12, 84, 0]"
j10,2,proactive_robust,600,True,52,0.05310487747192383,0.0004570484161376953,"[0, 6, 0, 0, 18, 33, 6, 6, 37, 33, 10, 0, 0, 0, 84]","""[0, 3, 7, 6, 15, 1, 3, 15, 13, 2, 2, 51, 12, 84, 0]"""
j10,2,reactive,600,True,50,0.05310487747192383,0.07019233703613281,"[0, 6, 0, 0, 18, 33, 6, 6, 37, 33, 10, 0, 0, 0, 50]","[0, 3, 7, 6, 15, 1, 3, 15, 13, 2, 2, 51, 12, 84, 0]"
j10,2,proactive_robust,600,True,55,0.06328415870666504,0.0009541511535644531,"[0, 0, 0, 14, 6, 27, 6, 27, 27, 39, 52, 0, 0, 0, 0, 0, 0, 0, 0, 0, 73]","""[0, 12, 5, 7, 6, 4, 7, 10, 4, 8, 2, 69, 64, 35, 29, 36, 23, 73, 58, 68, 0]"""
j10,2,reactive,600,True,47,0.06328415870666504,0.18997955322265625,"[0, 0, 0, 14, 6, 27, 6, 27, 27, 39, 21, 0, 0, 0, 0, 0, 0, 0, 0, 0, 47]","[0, 12, 5, 7, 6, 4, 7, 10, 4, 8, 2, 69, 64, 35, 29, 36, 23, 73, 58, 68, 0]"
j10,2,proactive_robust,600,True,55,0.058691978454589844,0.0009524822235107422,"[0, 0, 0, 14, 6, 27, 6, 27, 27, 39, 52, 0, 0, 0, 0, 0, 0, 0, 0, 0, 73]","""[0, 9, 5, 10, 7, 5, 7, 2, 4, 5, 2, 69, 64, 35, 29, 36, 23, 73, 58, 68, 0]"""
j10,2,reactive,600,True,37,0.058691978454589844,0.175278902053833,"[0, 0, 0, 14, 6, 27, 6, 27, 27, 32, 24, 0, 0, 0, 0, 0, 0, 0, 0, 0, 37]","[0, 9, 5, 10, 7, 5, 7, 2, 4, 5, 2, 69, 64, 35, 29, 36, 23, 73, 58, 68, 0]"
j10,2,proactive_robust,600,True,55,0.059291839599609375,0.0009517669677734375,"[0, 0, 0, 14, 6, 27, 6, 27, 27, 39, 52, 0, 0, 0, 0, 0, 0, 0, 0, 0, 73]","""[0, 5, 6, 2, 6, 6, 2, 8, 2, 13, 3, 69, 64, 35, 29, 36, 23, 73, 58, 68, 0]"""
j10,2,reactive,600,True,40,0.059291839599609375,0.13956403732299805,"[0, 0, 0, 14, 6, 16, 6, 16, 16, 24, 37, 0, 0, 0, 0, 0, 0, 0, 0, 0, 40]","[0, 5, 6, 2, 6, 6, 2, 8, 2, 13, 3, 69, 64, 35, 29, 36, 23, 73, 58, 68, 0]"
j10,2,proactive_robust,600,True,55,0.060981035232543945,0.0009253025054931641,"[0, 0, 0, 14, 6, 27, 6, 27, 27, 39, 52, 0, 0, 0, 0, 0, 0, 0, 0, 0, 73]","""[0, 3, 2, 4, 2, 3, 8, 4, 1, 8, 1, 69, 64, 35, 29, 36, 23, 73, 58, 68, 0]"""
j10,2,reactive,600,True,39,0.060981035232543945,0.19970011711120605,"[0, 0, 0, 14, 6, 27, 6, 27, 27, 31, 18, 0, 0, 0, 0, 0, 0, 0, 0, 0, 39]","[0, 3, 2, 4, 2, 3, 8, 4, 1, 8, 1, 69, 64, 35, 29, 36, 23, 73, 58, 68, 0]"
j10,2,proactive_robust,600,True,55,0.05993008613586426,0.0009343624114990234,"[0, 0, 0, 14, 6, 27, 6, 27, 27, 39, 52, 0, 0, 0, 0, 0, 0, 0, 0, 0, 73]","""[0, 5, 1, 12, 5, 3, 6, 7, 1, 6, 1, 69, 64, 35, 29, 36, 23, 73, 58, 68, 0]"""
j10,2,reactive,600,True,45,0.05993008613586426,0.19844484329223633,"[0, 0, 0, 14, 6, 27, 6, 27, 27, 39, 26, 0, 0, 0, 0, 0, 0, 0, 0, 0, 45]","[0, 5, 1, 12, 5, 3, 6, 7, 1, 6, 1, 69, 64, 35, 29, 36, 23, 73, 58, 68, 0]"
j10,2,proactive_robust,600,True,55,0.0593113899230957,0.0009295940399169922,"[0, 0, 0, 14, 6, 27, 6, 27, 27, 39, 52, 0, 0, 0, 0, 0, 0, 0, 0, 0, 73]","""[0, 5, 6, 5, 4, 5, 1, 11, 3, 6, 2, 69, 64, 35, 29, 36, 23, 73, 58, 68, 0]"""
j10,2,reactive,600,True,45,0.0593113899230957,0.19041967391967773,"[0, 0, 0, 14, 6, 27, 6, 27, 27, 39, 19, 0, 0, 0, 0, 0, 0, 0, 0, 0, 45]","[0, 5, 6, 5, 4, 5, 1, 11, 3, 6, 2, 69, 64, 35, 29, 36, 23, 73, 58, 68, 0]"
j10,2,proactive_robust,600,True,55,0.05995321273803711,0.0009293556213378906,"[0, 0, 0, 14, 6, 27, 6, 27, 27, 39, 52, 0, 0, 0, 0, 0, 0, 0, 0, 0, 73]","""[0, 9, 5, 4, 8, 4, 3, 2, 3, 6, 1, 69, 64, 35, 29, 36, 23, 73, 58, 68, 0]"""
j10,2,reactive,600,True,37,0.05995321273803711,0.20642781257629395,"[0, 0, 0, 14, 6, 27, 6, 27, 27, 31, 18, 0, 0, 0, 0, 0, 0, 0, 0, 0, 37]","[0, 9, 5, 4, 8, 4, 3, 2, 3, 6, 1, 69, 64, 35, 29, 36, 23, 73, 58, 68, 0]"
j10,2,proactive_robust,600,True,55,0.06380748748779297,0.0009608268737792969,"[0, 0, 0, 14, 6, 27, 6, 27, 27, 39, 52, 0, 0, 0, 0, 0, 0, 0, 0, 0, 73]","""[0, 11, 1, 10, 5, 3, 8, 11, 2, 13, 3, 69, 64, 35, 29, 36, 23, 73, 58, 68, 0]"""
j10,2,reactive,600,True,51,0.06380748748779297,0.15436291694641113,"[0, 0, 0, 14, 6, 27, 6, 27, 27, 38, 24, 0, 0, 0, 0, 0, 0, 0, 0, 0, 51]","[0, 11, 1, 10, 5, 3, 8, 11, 2, 13, 3, 69, 64, 35, 29, 36, 23, 73, 58, 68, 0]"
j10,2,proactive_robust,600,True,55,0.06601381301879883,0.0009572505950927734,"[0, 0, 0, 14, 6, 27, 6, 27, 27, 39, 52, 0, 0, 0, 0, 0, 0, 0, 0, 0, 73]","""[0, 13, 6, 10, 1, 6, 2, 8, 3, 11, 2, 69, 64, 35, 29, 36, 23, 73, 58, 68, 0]"""
j10,2,reactive,600,True,50,0.06601381301879883,0.1407017707824707,"[0, 0, 0, 14, 6, 27, 6, 27, 27, 39, 24, 0, 0, 0, 0, 0, 0, 0, 0, 0, 50]","[0, 13, 6, 10, 1, 6, 2, 8, 3, 11, 2, 69, 64, 35, 29, 36, 23, 73, 58, 68, 0]"
j10,2,proactive_robust,600,True,55,0.06270027160644531,0.0009503364562988281,"[0, 0, 0, 14, 6, 27, 6, 27, 27, 39, 52, 0, 0, 0, 0, 0, 0, 0, 0, 0, 73]","""[0, 10, 5, 6, 7, 3, 6, 5, 3, 9, 1, 69, 64, 35, 29, 36, 23, 73, 58, 68, 0]"""
j10,2,reactive,600,True,41,0.06270027160644531,0.21444344520568848,"[0, 0, 0, 14, 6, 27, 6, 27, 27, 32, 20, 0, 0, 0, 0, 0, 0, 0, 0, 0, 41]","[0, 10, 5, 6, 7, 3, 6, 5, 3, 9, 1, 69, 64, 35, 29, 36, 23, 73, 58, 68, 0]"
j10,2,proactive_robust,600,True,36,0.055756330490112305,0.0002765655517578125,"[0, 0, 0, 0, 6, 6, 21, 6, 30, 21, 21, 0, 62]","""[0, 3, 2, 1, 8, 4, 2, 8, 4, 7, 5, 62, 0]"""
j10,2,reactive,600,True,18,0.055756330490112305,0.17908072471618652,"[0, 0, 0, 0, 6, 6, 10, 6, 14, 10, 12, 0, 18]","[0, 3, 2, 1, 8, 4, 2, 8, 4, 7, 5, 62, 0]"
j10,2,proactive_robust,600,True,36,0.05520796775817871,0.0002644062042236328,"[0, 0, 0, 0, 6, 6, 21, 6, 30, 21, 21, 0, 62]","""[0, 1, 4, 8, 3, 4, 9, 1, 2, 2, 1, 62, 0]"""
j10,2,reactive,600,True,21,0.05520796775817871,0.1522235870361328,"[0, 0, 0, 0, 6, 6, 10, 6, 19, 10, 10, 0, 21]","[0, 1, 4, 8, 3, 4, 9, 1, 2, 2, 1, 62, 0]"
j10,2,proactive_robust,600,True,36,0.05681800842285156,0.0002925395965576172,"[0, 0, 0, 0, 6, 6, 21, 6, 30, 21, 21, 0, 62]","""[0, 3, 6, 3, 6, 14, 7, 3, 1, 7, 1, 62, 0]"""
j10,2,reactive,600,True,29,0.05681800842285156,0.18035101890563965,"[0, 0, 0, 0, 6, 6, 21, 6, 28, 21, 21, 0, 29]","[0, 3, 6, 3, 6, 14, 7, 3, 1, 7, 1, 62, 0]"
j10,2,proactive_robust,600,True,36,0.05869555473327637,0.0003075599670410156,"[0, 0, 0, 0, 6, 6, 21, 6, 30, 21, 21, 0, 62]","""[0, 5, 4, 4, 7, 11, 6, 3, 2, 10, 5, 62, 0]"""
j10,2,reactive,600,True,31,0.05869555473327637,0.12571024894714355,"[0, 0, 0, 0, 6, 6, 21, 6, 27, 21, 21, 0, 31]","[0, 5, 4, 4, 7, 11, 6, 3, 2, 10, 5, 62, 0]"
j10,2,proactive_robust,600,True,36,0.05694913864135742,0.00028228759765625,"[0, 0, 0, 0, 6, 6, 21, 6, 30, 21, 21, 0, 62]","""[0, 5, 5, 6, 1, 4, 5, 6, 1, 6, 9, 62, 0]"""
j10,2,reactive,600,True,19,0.05694913864135742,0.15014958381652832,"[0, 0, 0, 0, 6, 6, 10, 6, 15, 10, 10, 0, 19]","[0, 5, 5, 6, 1, 4, 5, 6, 1, 6, 9, 62, 0]"
j10,2,proactive_robust,600,True,36,0.0549473762512207,0.00030159950256347656,"[0, 0, 0, 0, 6, 6, 21, 6, 30, 21, 21, 0, 62]","""[0, 1, 6, 6, 9, 13, 8, 2, 3, 6, 9, 62, 0]"""
j10,2,reactive,600,True,33,0.0549473762512207,0.11080574989318848,"[0, 0, 0, 0, 6, 6, 21, 6, 30, 21, 21, 0, 33]","[0, 1, 6, 6, 9, 13, 8, 2, 3, 6, 9, 62, 0]"
j10,2,proactive_robust,600,True,36,0.05764603614807129,0.0002777576446533203,"[0, 0, 0, 0, 6, 6, 21, 6, 30, 21, 21, 0, 62]","""[0, 3, 1, 1, 7, 6, 3, 1, 3, 10, 9, 62, 0]"""
j10,2,reactive,600,True,22,0.05764603614807129,0.1383838653564453,"[0, 0, 0, 0, 6, 6, 12, 6, 15, 12, 12, 0, 22]","[0, 3, 1, 1, 7, 6, 3, 1, 3, 10, 9, 62, 0]"
j10,2,proactive_robust,600,True,36,0.05482006072998047,0.0002639293670654297,"[0, 0, 0, 0, 6, 6, 21, 6, 30, 21, 21, 0, 62]","""[0, 5, 1, 8, 1, 4, 7, 2, 1, 3, 2, 62, 0]"""
j10,2,reactive,600,True,18,0.05482006072998047,0.15592169761657715,"[0, 0, 0, 0, 6, 6, 10, 6, 17, 10, 10, 0, 18]","[0, 5, 1, 8, 1, 4, 7, 2, 1, 3, 2, 62, 0]"
j10,2,proactive_robust,600,True,36,0.05425071716308594,0.0002741813659667969,"[0, 0, 0, 0, 6, 6, 21, 6, 30, 21, 21, 0, 62]","""[0, 1, 1, 5, 2, 5, 9, 9, 2, 1, 8, 62, 0]"""
j10,2,reactive,600,True,32,0.05425071716308594,0.13467955589294434,"[0, 0, 0, 0, 6, 6, 21, 6, 30, 21, 21, 0, 32]","[0, 1, 1, 5, 2, 5, 9, 9, 2, 1, 8, 62, 0]"
j10,2,proactive_robust,600,True,36,0.05484771728515625,0.0003018379211425781,"[0, 0, 0, 0, 6, 6, 21, 6, 30, 21, 21, 0, 62]","""[0, 4, 2, 5, 7, 6, 5, 9, 5, 8, 5, 62, 0]"""
j10,2,reactive,600,True,31,0.05484771728515625,0.15322041511535645,"[0, 0, 0, 0, 6, 6, 21, 6, 26, 21, 21, 0, 31]","[0, 4, 2, 5, 7, 6, 5, 9, 5, 8, 5, 62, 0]"
j10,2,proactive_robust,600,True,35,0.05507493019104004,0.0008549690246582031,"[0, 0, 0, 0, 12, 6, 6, 13, 26, 4, 24, 0, 0, 0, 0, 0, 0, 0, 0, 0, 74]","""[0, 3, 3, 6, 4, 1, 3, 5, 4, 3, 1, 25, 59, 74, 62, 16, 50, 48, 48, 34, 0]"""
j10,2,reactive,600,True,22,0.05507493019104004,0.16912198066711426,"[0, 0, 0, 0, 12, 6, 6, 13, 18, 4, 16, 0, 0, 0, 0, 0, 0, 0, 0, 0, 22]","[0, 3, 3, 6, 4, 1, 3, 5, 4, 3, 1, 25, 59, 74, 62, 16, 50, 48, 48, 34, 0]"
j10,2,proactive_robust,600,True,35,0.05529189109802246,0.0008895397186279297,"[0, 0, 0, 0, 12, 6, 6, 13, 26, 4, 24, 0, 0, 0, 0, 0, 0, 0, 0, 0, 74]","""[0, 4, 4, 9, 4, 1, 1, 8, 5, 13, 9, 25, 59, 74, 62, 16, 50, 48, 48, 34, 0]"""
j10,2,reactive,600,True,33,0.05529189109802246,0.1284496784210205,"[0, 0, 0, 0, 12, 6, 6, 13, 21, 4, 24, 0, 0, 0, 0, 0, 0, 0, 0, 0, 33]","[0, 4, 4, 9, 4, 1, 1, 8, 5, 13, 9, 25, 59, 74, 62, 16, 50, 48, 48, 34, 0]"
j10,2,proactive_robust,600,True,35,0.0559237003326416,0.000896453857421875,"[0, 0, 0, 0, 12, 6, 6, 13, 26, 4, 24, 0, 0, 0, 0, 0, 0, 0, 0, 0, 74]","""[0, 2, 2, 5, 8, 2, 2, 8, 6, 9, 7, 25, 59, 74, 62, 16, 50, 48, 48, 34, 0]"""
j10,2,reactive,600,True,32,0.0559237003326416,0.17630219459533691,"[0, 0, 0, 0, 12, 6, 6, 13, 26, 4, 24, 0, 0, 0, 0, 0, 0, 0, 0, 0, 32]","[0, 2, 2, 5, 8, 2, 2, 8, 6, 9, 7, 25, 59, 74, 62, 16, 50, 48, 48, 34, 0]"
j10,2,proactive_robust,600,True,35,0.05610489845275879,0.0008852481842041016,"[0, 0, 0, 0, 12, 6, 6, 13, 26, 4, 24, 0, 0, 0, 0, 0, 0, 0, 0, 0, 74]","""[0, 1, 2, 9, 11, 2, 2, 6, 3, 10, 5, 25, 59, 74, 62, 16, 50, 48, 48, 34, 0]"""
j10,2,reactive,600,True,29,0.05610489845275879,0.1685776710510254,"[0, 0, 0, 0, 12, 6, 6, 13, 26, 4, 24, 0, 0, 0, 0, 0, 0, 0, 0, 0, 29]","[0, 1, 2, 9, 11, 2, 2, 6, 3, 10, 5, 25, 59, 74, 62, 16, 50, 48, 48, 34, 0]"
j10,2,proactive_robust,600,True,35,0.057494163513183594,0.00092315673828125,"[0, 0, 0, 0, 12, 6, 6, 13, 26, 4, 24, 0, 0, 0, 0, 0, 0, 0, 0, 0, 74]","""[0, 1, 4, 12, 12, 3, 2, 11, 7, 14, 3, 25, 59, 74, 62, 16, 50, 48, 48, 34, 0]"""
j10,2,reactive,600,True,33,0.057494163513183594,0.14296984672546387,"[0, 0, 0, 0, 12, 6, 6, 13, 26, 4, 24, 0, 0, 0, 0, 0, 0, 0, 0, 0, 33]","[0, 1, 4, 12, 12, 3, 2, 11, 7, 14, 3, 25, 59, 74, 62, 16, 50, 48, 48, 34, 0]"
j10,2,proactive_robust,600,True,35,0.056891679763793945,0.0008852481842041016,"[0, 0, 0, 0, 12, 6, 6, 13, 26, 4, 24, 0, 0, 0, 0, 0, 0, 0, 0, 0, 74]","""[0, 4, 2, 6, 9, 2, 3, 8, 3, 9, 6, 25, 59, 74, 62, 16, 50, 48, 48, 34, 0]"""
j10,2,reactive,600,True,30,0.056891679763793945,0.11627435684204102,"[0, 0, 0, 0, 12, 6, 6, 13, 26, 4, 24, 0, 0, 0, 0, 0, 0, 0, 0, 0, 30]","[0, 4, 2, 6, 9, 2, 3, 8, 3, 9, 6, 25, 59, 74, 62, 16, 50, 48, 48, 34, 0]"
j10,2,proactive_robust,600,True,35,0.05730938911437988,0.0008909702301025391,"[0, 0, 0, 0, 12, 6, 6, 13, 26, 4, 24, 0, 0, 0, 0, 0, 0, 0, 0, 0, 74]","""[0, 3, 1, 13, 8, 2, 1, 12, 2, 6, 1, 25, 59, 74, 62, 16, 50, 48, 48, 34, 0]"""
j10,2,reactive,600,True,28,0.05730938911437988,0.15180492401123047,"[0, 0, 0, 0, 12, 6, 6, 13, 26, 4, 24, 0, 0, 0, 0, 0, 0, 0, 0, 0, 28]","[0, 3, 1, 13, 8, 2, 1, 12, 2, 6, 1, 25, 59, 74, 62, 16, 50, 48, 48, 34, 0]"
j10,2,proactive_robust,600,True,35,0.056989431381225586,0.0008778572082519531,"[0, 0, 0, 0, 12, 6, 6, 13, 26, 4, 24, 0, 0, 0, 0, 0, 0, 0, 0, 0, 74]","""[0, 1, 6, 2, 2, 4, 3, 4, 9, 10, 5, 25, 59, 74, 62, 16, 50, 48, 48, 34, 0]"""
j10,2,reactive,600,True,26,0.056989431381225586,0.12387704849243164,"[0, 0, 0, 0, 12, 6, 6, 13, 17, 4, 14, 0, 0, 0, 0, 0, 0, 0, 0, 0, 26]","[0, 1, 6, 2, 2, 4, 3, 4, 9, 10, 5, 25, 59, 74, 62, 16, 50, 48, 48, 34, 0]"
j10,2,proactive_robust,600,True,35,0.057045936584472656,0.0008790493011474609,"[0, 0, 0, 0, 12, 6, 6, 13, 26, 4, 24, 0, 0, 0, 0, 0, 0, 0, 0, 0, 74]","""[0, 2, 4, 3, 2, 5, 3, 4, 1, 14, 7, 25, 59, 74, 62, 16, 50, 48, 48, 34, 0]"""
j10,2,reactive,600,True,21,0.057045936584472656,0.15586042404174805,"[0, 0, 0, 0, 12, 6, 6, 13, 17, 4, 14, 0, 0, 0, 0, 0, 0, 0, 0, 0, 21]","[0, 2, 4, 3, 2, 5, 3, 4, 1, 14, 7, 25, 59, 74, 62, 16, 50, 48, 48, 34, 0]"
j10,2,proactive_robust,600,True,35,0.05730772018432617,0.0008642673492431641,"[0, 0, 0, 0, 12, 6, 6, 13, 26, 4, 24, 0, 0, 0, 0, 0, 0, 0, 0, 0, 74]","""[0, 1, 1, 2, 10, 1, 2, 2, 3, 4, 7, 25, 59, 74, 62, 16, 50, 48, 48, 34, 0]"""
j10,2,reactive,600,True,31,0.05730772018432617,0.19546961784362793,"[0, 0, 0, 0, 12, 6, 6, 13, 26, 4, 24, 0, 0, 0, 0, 0, 0, 0, 0, 0, 31]","[0, 1, 1, 2, 10, 1, 2, 2, 3, 4, 7, 25, 59, 74, 62, 16, 50, 48, 48, 34, 0]"
j10,2,proactive_robust,600,True,37,0.05623912811279297,0.00040149688720703125,"[0, 0, 0, 0, 10, 10, 23, 16, 29, 25, 10, 0, 0, 0, 60]","""[0, 2, 2, 8, 1, 10, 6, 3, 1, 4, 6, 60, 25, 55, 0]"""
j10,2,reactive,600,True,30,0.05623912811279297,0.14371824264526367,"[0, 0, 0, 0, 10, 10, 23, 16, 29, 25, 10, 0, 0, 0, 30]","[0, 2, 2, 8, 1, 10, 6, 3, 1, 4, 6, 60, 25, 55, 0]"
j10,2,proactive_robust,600,True,37,0.054871559143066406,0.0004355907440185547,"[0, 0, 0, 0, 10, 10, 23, 16, 29, 25, 10, 0, 0, 0, 60]","""[0, 1, 6, 9, 6, 13, 1, 6, 7, 9, 4, 60, 25, 55, 0]"""
j10,2,reactive,600,True,36,0.054871559143066406,0.09029531478881836,"[0, 0, 0, 0, 10, 10, 23, 16, 29, 25, 10, 0, 0, 0, 36]","[0, 1, 6, 9, 6, 13, 1, 6, 7, 9, 4, 60, 25, 55, 0]"
j10,2,proactive_robust,600,True,37,0.05165719985961914,0.0004210472106933594,"[0, 0, 0, 0, 10, 10, 23, 16, 29, 25, 10, 0, 0, 0, 60]","""[0, 1, 2, 3, 1, 11, 4, 7, 3, 9, 9, 60, 25, 55, 0]"""
j10,2,reactive,600,True,34,0.05165719985961914,0.12249994277954102,"[0, 0, 0, 0, 10, 10, 23, 16, 29, 25, 10, 0, 0, 0, 34]","[0, 1, 2, 3, 1, 11, 4, 7, 3, 9, 9, 60, 25, 55, 0]"
j10,2,proactive_robust,600,True,37,0.0549168586730957,0.00041222572326660156,"[0, 0, 0, 0, 10, 10, 23, 16, 29, 25, 10, 0, 0, 0, 60]","""[0, 1, 4, 7, 6, 11, 1, 3, 5, 5, 5, 60, 25, 55, 0]"""
j10,2,reactive,600,True,30,0.0549168586730957,0.12072467803955078,"[0, 0, 0, 0, 10, 10, 23, 16, 24, 25, 10, 0, 0, 0, 30]","[0, 1, 4, 7, 6, 11, 1, 3, 5, 5, 5, 60, 25, 55, 0]"
j10,2,proactive_robust,600,True,37,0.05547356605529785,0.0004031658172607422,"[0, 0, 0, 0, 10, 10, 23, 16, 29, 25, 10, 0, 0, 0, 60]","""[0, 1, 2, 2, 6, 5, 2, 9, 4, 10, 2, 60, 25, 55, 0]"""
j10,2,reactive,600,True,35,0.05547356605529785,0.12952375411987305,"[0, 0, 0, 0, 10, 10, 15, 16, 17, 25, 10, 0, 0, 0, 35]","[0, 1, 2, 2, 6, 5, 2, 9, 4, 10, 2, 60, 25, 55, 0]"
j10,2,proactive_robust,600,True,37,0.05378222465515137,0.0004367828369140625,"[0, 0, 0, 0, 10, 10, 23, 16, 29, 25, 10, 0, 0, 0, 60]","""[0, 10, 1, 7, 4, 9, 6, 6, 1, 5, 9, 60, 25, 55, 0]"""
j10,2,reactive,600,True,30,0.05378222465515137,0.09604191780090332,"[0, 0, 0, 0, 10, 10, 23, 16, 29, 25, 10, 0, 0, 0, 30]","[0, 10, 1, 7, 4, 9, 6, 6, 1, 5, 9, 60, 25, 55, 0]"
j10,2,proactive_robust,600,True,37,0.05657005310058594,0.0004150867462158203,"[0, 0, 0, 0, 10, 10, 23, 16, 29, 25, 10, 0, 0, 0, 60]","""[0, 3, 3, 7, 3, 2, 3, 4, 1, 7, 9, 60, 25, 55, 0]"""
j10,2,reactive,600,True,32,0.05657005310058594,0.1438310146331787,"[0, 0, 0, 0, 10, 10, 23, 16, 26, 25, 10, 0, 0, 0, 32]","[0, 3, 3, 7, 3, 2, 3, 4, 1, 7, 9, 60, 25, 55, 0]"
j10,2,proactive_robust,600,True,37,0.053292036056518555,0.00041365623474121094,"[0, 0, 0, 0, 10, 10, 23, 16, 29, 25, 10, 0, 0, 0, 60]","""[0, 6, 1, 4, 3, 10, 1, 6, 2, 9, 2, 60, 25, 55, 0]"""
j10,2,reactive,600,True,34,0.053292036056518555,0.1605224609375,"[0, 0, 0, 0, 10, 10, 23, 16, 29, 25, 10, 0, 0, 0, 34]","[0, 6, 1, 4, 3, 10, 1, 6, 2, 9, 2, 60, 25, 55, 0]"
j10,2,proactive_robust,600,True,37,0.05665779113769531,0.0004143714904785156,"[0, 0, 0, 0, 10, 10, 23, 16, 29, 25, 10, 0, 0, 0, 60]","""[0, 1, 5, 6, 4, 10, 1, 4, 5, 8, 5, 60, 25, 55, 0]"""
j10,2,reactive,600,True,34,0.05665779113769531,0.13057398796081543,"[0, 0, 0, 0, 10, 10, 23, 16, 29, 25, 10, 0, 0, 0, 34]","[0, 1, 5, 6, 4, 10, 1, 4, 5, 8, 5, 60, 25, 55, 0]"
j10,2,proactive_robust,600,True,37,0.05480027198791504,0.0004093647003173828,"[0, 0, 0, 0, 10, 10, 23, 16, 29, 25, 10, 0, 0, 0, 60]","""[0, 7, 5, 2, 4, 5, 1, 6, 4, 7, 2, 60, 25, 55, 0]"""
j10,2,reactive,600,True,33,0.05480027198791504,0.19426679611206055,"[0, 0, 0, 0, 10, 10, 23, 16, 29, 25, 10, 0, 0, 0, 33]","[0, 7, 5, 2, 4, 5, 1, 6, 4, 7, 2, 60, 25, 55, 0]"
j10,2,proactive_robust,600,True,47,0.05886244773864746,0.000606536865234375,"[0, 0, 0, 0, 6, 16, 16, 20, 32, 44, 32, 0, 0, 0, 0, 0, 75]","""[0, 2, 5, 2, 4, 1, 2, 4, 7, 1, 12, 40, 25, 60, 75, 71, 0]"""
j10,2,reactive,600,True,37,0.05886244773864746,0.15752339363098145,"[0, 0, 0, 0, 6, 16, 16, 20, 24, 24, 25, 0, 0, 0, 0, 0, 37]","[0, 2, 5, 2, 4, 1, 2, 4, 7, 1, 12, 40, 25, 60, 75, 71, 0]"
j10,2,proactive_robust,600,True,47,0.05793452262878418,0.0006718635559082031,"[0, 0, 0, 0, 6, 16, 16, 20, 32, 44, 32, 0, 0, 0, 0, 0, 75]","""[0, 2, 10, 5, 10, 3, 4, 10, 13, 2, 12, 40, 25, 60, 75, 71, 0]"""
j10,2,reactive,600,True,45,0.05793452262878418,0.1006317138671875,"[0, 0, 0, 0, 6, 16, 16, 20, 32, 30, 32, 0, 0, 0, 0, 0, 45]","[0, 2, 10, 5, 10, 3, 4, 10, 13, 2, 12, 40, 25, 60, 75, 71, 0]"
j10,2,proactive_robust,600,True,47,0.05948925018310547,0.0006191730499267578,"[0, 0, 0, 0, 6, 16, 16, 20, 32, 44, 32, 0, 0, 0, 0, 0, 75]","""[0, 2, 4, 6, 5, 1, 2, 11, 6, 1, 5, 40, 25, 60, 75, 71, 0]"""
j10,2,reactive,600,True,38,0.05948925018310547,0.14698028564453125,"[0, 0, 0, 0, 6, 16, 16, 20, 32, 31, 32, 0, 0, 0, 0, 0, 38]","[0, 2, 4, 6, 5, 1, 2, 11, 6, 1, 5, 40, 25, 60, 75, 71, 0]"
j10,2,proactive_robust,600,True,47,0.05844306945800781,0.0006082057952880859,"[0, 0, 0, 0, 6, 16, 16, 20, 32, 44, 32, 0, 0, 0, 0, 0, 75]","""[0, 2, 5, 4, 2, 3, 1, 3, 10, 1, 2, 40, 25, 60, 75, 71, 0]"""
j10,2,reactive,600,True,33,0.05844306945800781,0.16542267799377441,"[0, 0, 0, 0, 6, 16, 16, 20, 23, 23, 29, 0, 0, 0, 0, 0, 33]","[0, 2, 5, 4, 2, 3, 1, 3, 10, 1, 2, 40, 25, 60, 75, 71, 0]"
j10,2,proactive_robust,600,True,47,0.0585176944732666,0.0006499290466308594,"[0, 0, 0, 0, 6, 16, 16, 20, 32, 44, 32, 0, 0, 0, 0, 0, 75]","""[0, 2, 9, 2, 8, 2, 2, 12, 11, 1, 10, 40, 25, 60, 75, 71, 0]"""
j10,2,reactive,600,True,43,0.0585176944732666,0.14620590209960938,"[0, 0, 0, 0, 6, 16, 16, 20, 32, 42, 32, 0, 0, 0, 0, 0, 43]","[0, 2, 9, 2, 8, 2, 2, 12, 11, 1, 10, 40, 25, 60, 75, 71, 0]"
j10,2,proactive_robust,600,True,47,0.06030106544494629,0.0006203651428222656,"[0, 0, 0, 0, 6, 16, 16, 20, 32, 44, 32, 0, 0, 0, 0, 0, 75]","""[0, 2, 5, 3, 2, 2, 4, 2, 14, 1, 3, 40, 25, 60, 75, 71, 0]"""
j10,2,reactive,600,True,46,0.06030106544494629,0.1604914665222168,"[0, 0, 0, 0, 6, 16, 16, 20, 32, 22, 32, 0, 0, 0, 0, 0, 46]","[0, 2, 5, 3, 2, 2, 4, 2, 14, 1, 3, 40, 25, 60, 75, 71, 0]"
j10,2,proactive_robust,600,True,47,0.059133291244506836,0.0006237030029296875,"[0, 0, 0, 0, 6, 16, 16, 20, 32, 44, 32, 0, 0, 0, 0, 0, 75]","""[0, 2, 10, 4, 2, 1, 3, 10, 13, 2, 4, 40, 25, 60, 75, 71, 0]"""
j10,2,reactive,600,True,46,0.059133291244506836,0.1447741985321045,"[0, 0, 0, 0, 6, 16, 16, 20, 32, 44, 32, 0, 0, 0, 0, 0, 46]","[0, 2, 10, 4, 2, 1, 3, 10, 13, 2, 4, 40, 25, 60, 75, 71, 0]"
j10,2,proactive_robust,600,True,47,0.059139251708984375,0.0006277561187744141,"[0, 0, 0, 0, 6, 16, 16, 20, 32, 44, 32, 0, 0, 0, 0, 0, 75]","""[0, 3, 5, 4, 7, 1, 2, 10, 14, 1, 5, 40, 25, 60, 75, 71, 0]"""
j10,2,reactive,600,True,46,0.059139251708984375,0.14313578605651855,"[0, 0, 0, 0, 6, 16, 16, 20, 32, 44, 32, 0, 0, 0, 0, 0, 46]","[0, 3, 5, 4, 7, 1, 2, 10, 14, 1, 5, 40, 25, 60, 75, 71, 0]"
j10,2,proactive_robust,600,True,47,0.06002688407897949,0.0006384849548339844,"[0, 0, 0, 0, 6, 16, 16, 20, 32, 44, 32, 0, 0, 0, 0, 0, 75]","""[0, 2, 9, 5, 4, 4, 2, 10, 3, 2, 9, 40, 25, 60, 75, 71, 0]"""
j10,2,reactive,600,True,41,0.06002688407897949,0.14731049537658691,"[0, 0, 0, 0, 6, 16, 16, 20, 32, 30, 32, 0, 0, 0, 0, 0, 41]","[0, 2, 9, 5, 4, 4, 2, 10, 3, 2, 9, 40, 25, 60, 75, 71, 0]"
j10,2,proactive_robust,600,True,47,0.05908823013305664,0.0006132125854492188,"[0, 0, 0, 0, 6, 16, 16, 20, 32, 44, 32, 0, 0, 0, 0, 0, 75]","""[0, 1, 1, 2, 10, 1, 4, 10, 4, 1, 4, 40, 25, 60, 75, 71, 0]"""
j10,2,reactive,600,True,36,0.05908823013305664,0.13056230545043945,"[0, 0, 0, 0, 6, 16, 16, 20, 32, 30, 32, 0, 0, 0, 0, 0, 36]","[0, 1, 1, 2, 10, 1, 4, 10, 4, 1, 4, 40, 25, 60, 75, 71, 0]"
j10,2,proactive_robust,600,True,43,0.056710243225097656,0.0004596710205078125,"[0, 0, 0, 0, 10, 10, 18, 18, 28, 28, 28, 0, 0, 0, 0, 70]","""[0, 12, 3, 8, 1, 5, 3, 3, 5, 6, 14, 18, 70, 50, 23, 0]"""
j10,2,reactive,600,True,42,0.056710243225097656,0.13631677627563477,"[0, 0, 0, 0, 10, 10, 18, 18, 28, 28, 28, 0, 0, 0, 0, 42]","[0, 12, 3, 8, 1, 5, 3, 3, 5, 6, 14, 18, 70, 50, 23, 0]"
j10,2,proactive_robust,600,True,43,0.05356931686401367,0.0004677772521972656,"[0, 0, 0, 0, 10, 10, 18, 18, 28, 28, 28, 0, 0, 0, 0, 70]","""[0, 11, 1, 8, 1, 2, 1, 1, 9, 10, 14, 18, 70, 50, 23, 0]"""
j10,2,reactive,600,True,42,0.05356931686401367,0.15079402923583984,"[0, 0, 0, 0, 10, 10, 18, 18, 28, 28, 28, 0, 0, 0, 0, 42]","[0, 11, 1, 8, 1, 2, 1, 1, 9, 10, 14, 18, 70, 50, 23, 0]"
j10,2,proactive_robust,600,True,43,0.05498170852661133,0.00045037269592285156,"[0, 0, 0, 0, 10, 10, 18, 18, 28, 28, 28, 0, 0, 0, 0, 70]","""[0, 7, 3, 9, 6, 5, 3, 2, 10, 3, 4, 18, 70, 50, 23, 0]"""
j10,2,reactive,600,True,31,0.05498170852661133,0.1126413345336914,"[0, 0, 0, 0, 10, 10, 18, 18, 21, 21, 21, 0, 0, 0, 0, 31]","[0, 7, 3, 9, 6, 5, 3, 2, 10, 3, 4, 18, 70, 50, 23, 0]"
j10,2,proactive_robust,600,True,43,0.05487632751464844,0.0004572868347167969,"[0, 0, 0, 0, 10, 10, 18, 18, 28, 28, 28, 0, 0, 0, 0, 70]","""[0, 8, 1, 8, 5, 4, 2, 7, 8, 3, 5, 18, 70, 50, 23, 0]"""
j10,2,reactive,600,True,36,0.05487632751464844,0.1450815200805664,"[0, 0, 0, 0, 10, 10, 18, 18, 28, 28, 28, 0, 0, 0, 0, 36]","[0, 8, 1, 8, 5, 4, 2, 7, 8, 3, 5, 18, 70, 50, 23, 0]"
j10,2,proactive_robust,600,True,43,0.06024527549743652,0.00046443939208984375,"[0, 0, 0, 0, 10, 10, 18, 18, 28, 28, 28, 0, 0, 0, 0, 70]","""[0, 9, 2, 7, 1, 3, 4, 5, 6, 6, 12, 18, 70, 50, 23, 0]"""
j10,2,reactive,600,True,40,0.06024527549743652,0.15518450736999512,"[0, 0, 0, 0, 10, 10, 18, 18, 28, 28, 28, 0, 0, 0, 0, 40]","[0, 9, 2, 7, 1, 3, 4, 5, 6, 6, 12, 18, 70, 50, 23, 0]"
j10,2,proactive_robust,600,True,43,0.0559391975402832,0.0004608631134033203,"[0, 0, 0, 0, 10, 10, 18, 18, 28, 28, 28, 0, 0, 0, 0, 70]","""[0, 3, 3, 6, 6, 1, 4, 8, 9, 7, 13, 18, 70, 50, 23, 0]"""
j10,2,reactive,600,True,41,0.0559391975402832,0.11282110214233398,"[0, 0, 0, 0, 10, 10, 18, 18, 28, 28, 28, 0, 0, 0, 0, 41]","[0, 3, 3, 6, 6, 1, 4, 8, 9, 7, 13, 18, 70, 50, 23, 0]"
j10,2,proactive_robust,600,True,43,0.05635499954223633,0.0004703998565673828,"[0, 0, 0, 0, 10, 10, 18, 18, 28, 28, 28, 0, 0, 0, 0, 70]","""[0, 13, 3, 6, 1, 3, 8, 1, 9, 13, 8, 18, 70, 50, 23, 0]"""
j10,2,reactive,600,True,41,0.05635499954223633,0.11591506004333496,"[0, 0, 0, 0, 10, 10, 18, 18, 28, 28, 28, 0, 0, 0, 0, 41]","[0, 13, 3, 6, 1, 3, 8, 1, 9, 13, 8, 18, 70, 50, 23, 0]"
j10,2,proactive_robust,600,True,43,0.056751251220703125,0.0004630088806152344,"[0, 0, 0, 0, 10, 10, 18, 18, 28, 28, 28, 0, 0, 0, 0, 70]","""[0, 8, 2, 10, 1, 5, 8, 5, 2, 7, 10, 18, 70, 50, 23, 0]"""
j10,2,reactive,600,True,38,0.056751251220703125,0.12106966972351074,"[0, 0, 0, 0, 10, 10, 18, 18, 28, 28, 28, 0, 0, 0, 0, 38]","[0, 8, 2, 10, 1, 5, 8, 5, 2, 7, 10, 18, 70, 50, 23, 0]"
j10,2,proactive_robust,600,True,43,0.05773115158081055,0.0004611015319824219,"[0, 0, 0, 0, 10, 10, 18, 18, 28, 28, 28, 0, 0, 0, 0, 70]","""[0, 12, 1, 1, 5, 6, 7, 6, 5, 6, 4, 18, 70, 50, 23, 0]"""
j10,2,reactive,600,True,34,0.05773115158081055,0.11810636520385742,"[0, 0, 0, 0, 10, 10, 18, 18, 28, 28, 28, 0, 0, 0, 0, 34]","[0, 12, 1, 1, 5, 6, 7, 6, 5, 6, 4, 18, 70, 50, 23, 0]"
j10,2,proactive_robust,600,True,43,0.05482006072998047,0.000431060791015625,"[0, 0, 0, 0, 10, 10, 18, 18, 28, 28, 28, 0, 0, 0, 0, 70]","""[0, 7, 1, 1, 6, 1, 5, 2, 4, 4, 8, 18, 70, 50, 23, 0]"""
j10,2,reactive,600,True,36,0.05482006072998047,0.15407466888427734,"[0, 0, 0, 0, 10, 10, 18, 18, 28, 28, 28, 0, 0, 0, 0, 36]","[0, 7, 1, 1, 6, 1, 5, 2, 4, 4, 8, 18, 70, 50, 23, 0]"
j10,2,proactive_robust,600,True,23,0.05385756492614746,0.00023102760314941406,"[0, 1, 0, 0, 6, 9, 8, 11, 13, 14, 17, 0, 0, 23]","""[0, 3, 8, 6, 2, 4, 3, 3, 1, 5, 2, 23, 13, 0]"""
j10,2,reactive,600,True,19,0.05385756492614746,0.07857775688171387,"[0, 1, 0, 0, 6, 9, 8, 11, 13, 14, 17, 0, 0, 19]","[0, 3, 8, 6, 2, 4, 3, 3, 1, 5, 2, 23, 13, 0]"
j10,2,proactive_robust,600,True,23,0.053679466247558594,0.00021600723266601562,"[0, 1, 0, 0, 6, 9, 8, 11, 13, 14, 17, 0, 0, 23]","""[0, 6, 1, 6, 4, 2, 1, 2, 2, 9, 2, 23, 13, 0]"""
j10,2,reactive,600,True,22,0.053679466247558594,0.12559986114501953,"[0, 1, 0, 0, 6, 9, 8, 11, 11, 13, 13, 0, 0, 22]","[0, 6, 1, 6, 4, 2, 1, 2, 2, 9, 2, 23, 13, 0]"
j10,2,proactive_robust,600,True,23,0.054538726806640625,0.0002148151397705078,"[0, 1, 0, 0, 6, 9, 8, 11, 13, 14, 17, 0, 0, 23]","""[0, 2, 5, 3, 1, 4, 2, 3, 1, 6, 5, 23, 13, 0]"""
j10,2,reactive,600,True,22,0.054538726806640625,0.1353473663330078,"[0, 1, 0, 0, 6, 9, 8, 11, 13, 14, 17, 0, 0, 22]","[0, 2, 5, 3, 1, 4, 2, 3, 1, 6, 5, 23, 13, 0]"
j10,2,proactive_robust,600,True,23,0.05711007118225098,0.00020885467529296875,"[0, 1, 0, 0, 6, 9, 8, 11, 13, 14, 17, 0, 0, 23]","""[0, 2, 1, 4, 3, 1, 3, 3, 2, 4, 4, 23, 13, 0]"""
j10,2,reactive,600,True,21,0.05711007118225098,0.1538372039794922,"[0, 1, 0, 0, 6, 9, 8, 11, 13, 14, 17, 0, 0, 21]","[0, 2, 1, 4, 3, 1, 3, 3, 2, 4, 4, 23, 13, 0]"
j10,2,proactive_robust,600,True,23,0.056482553482055664,0.00022649765014648438,"[0, 1, 0, 0, 6, 9, 8, 11, 13, 14, 17, 0, 0, 23]","""[0, 4, 5, 6, 2, 4, 3, 1, 4, 9, 2, 23, 13, 0]"""
j10,2,reactive,600,True,23,0.056482553482055664,0.09527754783630371,"[0, 1, 0, 0, 6, 9, 8, 11, 13, 14, 12, 0, 0, 23]","[0, 4, 5, 6, 2, 4, 3, 1, 4, 9, 2, 23, 13, 0]"
j10,2,proactive_robust,600,True,23,0.05027461051940918,0.00021505355834960938,"[0, 1, 0, 0, 6, 9, 8, 11, 13, 14, 17, 0, 0, 23]","""[0, 8, 2, 6, 4, 2, 2, 3, 1, 5, 1, 23, 13, 0]"""
j10,2,reactive,600,True,19,0.05027461051940918,0.10959291458129883,"[0, 1, 0, 0, 6, 9, 8, 11, 13, 14, 17, 0, 0, 19]","[0, 8, 2, 6, 4, 2, 2, 3, 1, 5, 1, 23, 13, 0]"
j10,2,proactive_robust,600,True,23,0.05403590202331543,0.00020647048950195312,"[0, 1, 0, 0, 6, 9, 8, 11, 13, 14, 17, 0, 0, 23]","""[0, 4, 2, 3, 4, 2, 1, 3, 1, 1, 3, 23, 13, 0]"""
j10,2,reactive,600,True,15,0.05403590202331543,0.19642257690429688,"[0, 1, 0, 0, 6, 9, 8, 9, 11, 12, 12, 0, 0, 15]","[0, 4, 2, 3, 4, 2, 1, 3, 1, 1, 3, 23, 13, 0]"
j10,2,proactive_robust,600,True,23,0.051938533782958984,0.0002086162567138672,"[0, 1, 0, 0, 6, 9, 8, 11, 13, 14, 17, 0, 0, 23]","""[0, 1, 8, 2, 1, 2, 2, 3, 1, 4, 6, 23, 13, 0]"""
j10,2,reactive,600,True,23,0.051938533782958984,0.12292981147766113,"[0, 1, 0, 0, 6, 9, 8, 11, 13, 14, 17, 0, 0, 23]","[0, 1, 8, 2, 1, 2, 2, 3, 1, 4, 6, 23, 13, 0]"
j10,2,proactive_robust,600,True,23,0.053508758544921875,0.00020933151245117188,"[0, 1, 0, 0, 6, 9, 8, 11, 13, 14, 17, 0, 0, 23]","""[0, 8, 6, 5, 1, 1, 1, 2, 2, 4, 4, 23, 13, 0]"""
j10,2,reactive,600,True,21,0.053508758544921875,0.17810797691345215,"[0, 1, 0, 0, 6, 9, 8, 11, 13, 14, 17, 0, 0, 21]","[0, 8, 6, 5, 1, 1, 1, 2, 2, 4, 4, 23, 13, 0]"
j10,2,proactive_robust,600,True,23,0.053844451904296875,0.0002338886260986328,"[0, 1, 0, 0, 6, 9, 8, 11, 13, 14, 17, 0, 0, 23]","""[0, 8, 8, 6, 4, 4, 3, 1, 1, 3, 6, 23, 13, 0]"""
j10,2,reactive,600,True,18,0.053844451904296875,0.031270503997802734,"[0, 1, 0, 0, 6, 9, 8, 11, 13, 14, 12, 0, 0, 18]","[0, 8, 8, 6, 4, 4, 3, 1, 1, 3, 6, 23, 13, 0]"
j10,2,proactive_robust,600,True,35,0.05100083351135254,0.0006690025329589844,"[0, 0, 0, 0, 6, 6, 9, 12, 19, 20, 6, 0, 0, 0, 0, 0, 0, 0, 69]","""[0, 6, 4, 5, 1, 5, 6, 5, 1, 15, 1, 69, 52, 33, 29, 12, 35, 64, 0]"""
j10,2,reactive,600,True,32,0.05100083351135254,0.08335447311401367,"[0, 0, 0, 0, 6, 6, 9, 12, 15, 17, 6, 0, 0, 0, 0, 0, 0, 0, 32]","[0, 6, 4, 5, 1, 5, 6, 5, 1, 15, 1, 69, 52, 33, 29, 12, 35, 64, 0]"
j10,2,proactive_robust,600,True,35,0.050246238708496094,0.0006577968597412109,"[0, 0, 0, 0, 6, 6, 9, 12, 19, 20, 6, 0, 0, 0, 0, 0, 0, 0, 69]","""[0, 1, 3, 6, 2, 3, 3, 7, 3, 6, 1, 69, 52, 33, 29, 12, 35, 64, 0]"""
j10,2,reactive,600,True,26,0.050246238708496094,0.10126447677612305,"[0, 0, 0, 0, 6, 6, 9, 12, 19, 20, 6, 0, 0, 0, 0, 0, 0, 0, 26]","[0, 1, 3, 6, 2, 3, 3, 7, 3, 6, 1, 69, 52, 33, 29, 12, 35, 64, 0]"
j10,2,proactive_robust,600,True,35,0.051204681396484375,0.000644683837890625,"[0, 0, 0, 0, 6, 6, 9, 12, 19, 20, 6, 0, 0, 0, 0, 0, 0, 0, 69]","""[0, 5, 1, 2, 3, 1, 7, 3, 3, 5, 2, 69, 52, 33, 29, 12, 35, 64, 0]"""
j10,2,reactive,600,True,22,0.051204681396484375,0.12144804000854492,"[0, 0, 0, 0, 6, 6, 9, 12, 19, 15, 6, 0, 0, 0, 0, 0, 0, 0, 22]","[0, 5, 1, 2, 3, 1, 7, 3, 3, 5, 2, 69, 52, 33, 29, 12, 35, 64, 0]"
j10,2,proactive_robust,600,True,35,0.05117058753967285,0.0006296634674072266,"[0, 0, 0, 0, 6, 6, 9, 12, 19, 20, 6, 0, 0, 0, 0, 0, 0, 0, 69]","""[0, 3, 1, 2, 2, 2, 4, 2, 2, 3, 2, 69, 52, 33, 29, 12, 35, 64, 0]"""
j10,2,reactive,600,True,17,0.05117058753967285,0.13610148429870605,"[0, 0, 0, 0, 6, 6, 9, 12, 13, 14, 6, 0, 0, 0, 0, 0, 0, 0, 17]","[0, 3, 1, 2, 2, 2, 4, 2, 2, 3, 2, 69, 52, 33, 29, 12, 35, 64, 0]"
j10,2,proactive_robust,600,True,35,0.05165457725524902,0.0006656646728515625,"[0, 0, 0, 0, 6, 6, 9, 12, 19, 20, 6, 0, 0, 0, 0, 0, 0, 0, 69]","""[0, 2, 3, 6, 2, 4, 10, 2, 2, 8, 3, 69, 52, 33, 29, 12, 35, 64, 0]"""
j10,2,reactive,600,True,28,0.05165457725524902,0.07819223403930664,"[0, 0, 0, 0, 6, 6, 9, 12, 19, 20, 6, 0, 0, 0, 0, 0, 0, 0, 28]","[0, 2, 3, 6, 2, 4, 10, 2, 2, 8, 3, 69, 52, 33, 29, 12, 35, 64, 0]"
j10,2,proactive_robust,600,True,35,0.049164533615112305,0.0006499290466308594,"[0, 0, 0, 0, 6, 6, 9, 12, 19, 20, 6, 0, 0, 0, 0, 0, 0, 0, 69]","""[0, 1, 3, 4, 1, 3, 4, 4, 8, 7, 2, 69, 52, 33, 29, 12, 35, 64, 0]"""
j10,2,reactive,600,True,27,0.049164533615112305,0.1099245548248291,"[0, 0, 0, 0, 6, 6, 9, 12, 19, 20, 6, 0, 0, 0, 0, 0, 0, 0, 27]","[0, 1, 3, 4, 1, 3, 4, 4, 8, 7, 2, 69, 52, 33, 29, 12, 35, 64, 0]"
j10,2,proactive_robust,600,True,35,0.050025224685668945,0.0006639957427978516,"[0, 0, 0, 0, 6, 6, 9, 12, 19, 20, 6, 0, 0, 0, 0, 0, 0, 0, 69]","""[0, 5, 2, 4, 3, 5, 4, 7, 2, 13, 3, 69, 52, 33, 29, 12, 35, 64, 0]"""
j10,2,reactive,600,True,33,0.050025224685668945,0.08923149108886719,"[0, 0, 0, 0, 6, 6, 9, 12, 19, 20, 6, 0, 0, 0, 0, 0, 0, 0, 33]","[0, 5, 2, 4, 3, 5, 4, 7, 2, 13, 3, 69, 52, 33, 29, 12, 35, 64, 0]"
j10,2,proactive_robust,600,True,35,0.05133652687072754,0.0006697177886962891,"[0, 0, 0, 0, 6, 6, 9, 12, 19, 20, 6, 0, 0, 0, 0, 0, 0, 0, 69]","""[0, 2, 3, 3, 2, 2, 4, 8, 8, 9, 3, 69, 52, 33, 29, 12, 35, 64, 0]"""
j10,2,reactive,600,True,29,0.05133652687072754,0.0988013744354248,"[0, 0, 0, 0, 6, 6, 9, 12, 19, 20, 6, 0, 0, 0, 0, 0, 0, 0, 29]","[0, 2, 3, 3, 2, 2, 4, 8, 8, 9, 3, 69, 52, 33, 29, 12, 35, 64, 0]"
j10,2,proactive_robust,600,True,35,0.05255913734436035,0.0006697177886962891,"[0, 0, 0, 0, 6, 6, 9, 12, 19, 20, 6, 0, 0, 0, 0, 0, 0, 0, 69]","""[0, 5, 1, 2, 1, 3, 4, 8, 8, 9, 3, 69, 52, 33, 29, 12, 35, 64, 0]"""
j10,2,reactive,600,True,29,0.05255913734436035,0.09721112251281738,"[0, 0, 0, 0, 6, 6, 9, 12, 19, 20, 6, 0, 0, 0, 0, 0, 0, 0, 29]","[0, 5, 1, 2, 1, 3, 4, 8, 8, 9, 3, 69, 52, 33, 29, 12, 35, 64, 0]"
j10,2,proactive_robust,600,True,35,0.04894518852233887,0.0006487369537353516,"[0, 0, 0, 0, 6, 6, 9, 12, 19, 20, 6, 0, 0, 0, 0, 0, 0, 0, 69]","""[0, 4, 1, 6, 1, 2, 6, 1, 6, 7, 1, 69, 52, 33, 29, 12, 35, 64, 0]"""
j10,2,reactive,600,True,27,0.04894518852233887,0.0953359603881836,"[0, 0, 0, 0, 6, 6, 9, 12, 19, 20, 6, 0, 0, 0, 0, 0, 0, 0, 27]","[0, 4, 1, 6, 1, 2, 6, 1, 6, 7, 1, 69, 52, 33, 29, 12, 35, 64, 0]"
j10,2,proactive_robust,600,True,36,0.06079816818237305,0.0009894371032714844,"[0, 0, 0, 0, 6, 9, 21, 13, 28, 28, 13, 0, 0, 0, 0, 0, 0, 0, 0, 0, 82]","""[0, 2, 7, 1, 14, 5, 3, 11, 4, 7, 7, 27, 10, 61, 70, 68, 27, 59, 82, 69, 0]"""
j10,2,reactive,600,True,35,0.06079816818237305,0.1258244514465332,"[0, 0, 0, 0, 6, 9, 21, 13, 28, 28, 13, 0, 0, 0, 0, 0, 0, 0, 0, 0, 35]","[0, 2, 7, 1, 14, 5, 3, 11, 4, 7, 7, 27, 10, 61, 70, 68, 27, 59, 82, 69, 0]"
j10,2,proactive_robust,600,True,36,0.060530662536621094,0.0009655952453613281,"[0, 0, 0, 0, 6, 9, 21, 13, 28, 28, 13, 0, 0, 0, 0, 0, 0, 0, 0, 0, 82]","""[0, 8, 4, 1, 9, 2, 2, 12, 1, 7, 7, 27, 10, 61, 70, 68, 27, 59, 82, 69, 0]"""
j10,2,reactive,600,True,35,0.060530662536621094,0.11407923698425293,"[0, 0, 0, 0, 6, 9, 21, 13, 28, 28, 13, 0, 0, 0, 0, 0, 0, 0, 0, 0, 35]","[0, 8, 4, 1, 9, 2, 2, 12, 1, 7, 7, 27, 10, 61, 70, 68, 27, 59, 82, 69, 0]"
j10,2,proactive_robust,600,True,36,0.056123971939086914,0.0009753704071044922,"[0, 0, 0, 0, 6, 9, 21, 13, 28, 28, 13, 0, 0, 0, 0, 0, 0, 0, 0, 0, 82]","""[0, 9, 5, 4, 4, 2, 1, 12, 5, 7, 2, 27, 10, 61, 70, 68, 27, 59, 82, 69, 0]"""
j10,2,reactive,600,True,35,0.056123971939086914,0.10051536560058594,"[0, 0, 0, 0, 6, 9, 21, 13, 28, 28, 13, 0, 0, 0, 0, 0, 0, 0, 0, 0, 35]","[0, 9, 5, 4, 4, 2, 1, 12, 5, 7, 2, 27, 10, 61, 70, 68, 27, 59, 82, 69, 0]"
j10,2,proactive_robust,600,True,36,0.056391000747680664,0.000978231430053711,"[0, 0, 0, 0, 6, 9, 21, 13, 28, 28, 13, 0, 0, 0, 0, 0, 0, 0, 0, 0, 82]","""[0, 10, 4, 6, 4, 3, 3, 3, 2, 5, 6, 27, 10, 61, 70, 68, 27, 59, 82, 69, 0]"""
j10,2,reactive,600,True,21,0.056391000747680664,0.08805537223815918,"[0, 0, 0, 0, 6, 9, 10, 13, 19, 16, 13, 0, 0, 0, 0, 0, 0, 0, 0, 0, 21]","[0, 10, 4, 6, 4, 3, 3, 3, 2, 5, 6, 27, 10, 61, 70, 68, 27, 59, 82, 69, 0]"
j10,2,proactive_robust,600,True,36,0.05869436264038086,0.0009698867797851562,"[0, 0, 0, 0, 6, 9, 21, 13, 28, 28, 13, 0, 0, 0, 0, 0, 0, 0, 0, 0, 82]","""[0, 6, 8, 4, 8, 7, 1, 10, 1, 6, 9, 27, 10, 61, 70, 68, 27, 59, 82, 69, 0]"""
j10,2,reactive,600,True,34,0.05869436264038086,0.11771941184997559,"[0, 0, 0, 0, 6, 9, 21, 13, 28, 28, 13, 0, 0, 0, 0, 0, 0, 0, 0, 0, 34]","[0, 6, 8, 4, 8, 7, 1, 10, 1, 6, 9, 27, 10, 61, 70, 68, 27, 59, 82, 69, 0]"
j10,2,proactive_robust,600,True,36,0.05921220779418945,0.0009696483612060547,"[0, 0, 0, 0, 6, 9, 21, 13, 28, 28, 13, 0, 0, 0, 0, 0, 0, 0, 0, 0, 82]","""[0, 6, 5, 6, 6, 1, 4, 11, 5, 4, 3, 27, 10, 61, 70, 68, 27, 59, 82, 69, 0]"""
j10,2,reactive,600,True,33,0.05921220779418945,0.08897662162780762,"[0, 0, 0, 0, 6, 9, 21, 13, 28, 28, 13, 0, 0, 0, 0, 0, 0, 0, 0, 0, 33]","[0, 6, 5, 6, 6, 1, 4, 11, 5, 4, 3, 27, 10, 61, 70, 68, 27, 59, 82, 69, 0]"
j10,2,proactive_robust,600,True,36,0.05928301811218262,0.0009884834289550781,"[0, 0, 0, 0, 6, 9, 21, 13, 28, 28, 13, 0, 0, 0, 0, 0, 0, 0, 0, 0, 82]","""[0, 4, 8, 6, 15, 4, 1, 15, 3, 4, 5, 27, 10, 61, 70, 68, 27, 59, 82, 69, 0]"""
j10,2,reactive,600,True,32,0.05928301811218262,0.09076333045959473,"[0, 0, 0, 0, 6, 9, 21, 13, 28, 28, 13, 0, 0, 0, 0, 0, 0, 0, 0, 0, 32]","[0, 4, 8, 6, 15, 4, 1, 15, 3, 4, 5, 27, 10, 61, 70, 68, 27, 59, 82, 69, 0]"
j10,2,proactive_robust,600,True,36,0.060141801834106445,0.0009801387786865234,"[0, 0, 0, 0, 6, 9, 21, 13, 28, 28, 13, 0, 0, 0, 0, 0, 0, 0, 0, 0, 82]","""[0, 4, 8, 6, 15, 5, 3, 8, 1, 3, 4, 27, 10, 61, 70, 68, 27, 59, 82, 69, 0]"""
j10,2,reactive,600,True,25,0.060141801834106445,0.10238790512084961,"[0, 0, 0, 0, 6, 9, 21, 13, 24, 21, 13, 0, 0, 0, 0, 0, 0, 0, 0, 0, 25]","[0, 4, 8, 6, 15, 5, 3, 8, 1, 3, 4, 27, 10, 61, 70, 68, 27, 59, 82, 69, 0]"
j10,2,proactive_robust,600,True,36,0.059393882751464844,0.0009634494781494141,"[0, 0, 0, 0, 6, 9, 21, 13, 28, 28, 13, 0, 0, 0, 0, 0, 0, 0, 0, 0, 82]","""[0, 13, 6, 3, 3, 5, 4, 5, 3, 2, 5, 27, 10, 61, 70, 68, 27, 59, 82, 69, 0]"""
j10,2,reactive,600,True,21,0.059393882751464844,0.09824466705322266,"[0, 0, 0, 0, 6, 9, 13, 13, 18, 18, 13, 0, 0, 0, 0, 0, 0, 0, 0, 0, 21]","[0, 13, 6, 3, 3, 5, 4, 5, 3, 2, 5, 27, 10, 61, 70, 68, 27, 59, 82, 69, 0]"
j10,2,proactive_robust,600,True,36,0.060970306396484375,0.0009713172912597656,"[0, 0, 0, 0, 6, 9, 21, 13, 28, 28, 13, 0, 0, 0, 0, 0, 0, 0, 0, 0, 82]","""[0, 6, 1, 5, 3, 6, 2, 15, 6, 6, 7, 27, 10, 61, 70, 68, 27, 59, 82, 69, 0]"""
j10,2,reactive,600,True,34,0.060970306396484375,0.09264612197875977,"[0, 0, 0, 0, 6, 9, 21, 13, 28, 28, 13, 0, 0, 0, 0, 0, 0, 0, 0, 0, 34]","[0, 6, 1, 5, 3, 6, 2, 15, 6, 6, 7, 27, 10, 61, 70, 68, 27, 59, 82, 69, 0]"
j10,2,proactive_robust,600,True,41,0.1056973934173584,0.0006527900695800781,"[0, 0, 0, 0, 12, 21, 12, 21, 21, 21, 33, 0, 0, 0, 0, 0, 81]","""[0, 8, 10, 9, 2, 4, 5, 9, 1, 7, 3, 69, 24, 57, 49, 81, 0]"""
j10,2,reactive,600,True,33,0.1056973934173584,0.07944202423095703,"[0, 0, 0, 0, 12, 21, 12, 21, 21, 21, 30, 0, 0, 0, 0, 0, 33]","[0, 8, 10, 9, 2, 4, 5, 9, 1, 7, 3, 69, 24, 57, 49, 81, 0]"
j10,2,proactive_robust,600,True,41,0.055280447006225586,0.0006785392761230469,"[0, 0, 0, 0, 12, 21, 12, 21, 21, 21, 33, 0, 0, 0, 0, 0, 81]","""[0, 8, 12, 7, 9, 3, 9, 3, 5, 8, 1, 69, 24, 57, 49, 81, 0]"""
j10,2,reactive,600,True,29,0.055280447006225586,0.06435656547546387,"[0, 0, 0, 0, 12, 21, 12, 21, 21, 21, 24, 0, 0, 0, 0, 0, 29]","[0, 8, 12, 7, 9, 3, 9, 3, 5, 8, 1, 69, 24, 57, 49, 81, 0]"
j10,2,proactive_robust,600,True,41,0.05866122245788574,0.0006875991821289062,"[0, 0, 0, 0, 12, 21, 12, 21, 21, 21, 33, 0, 0, 0, 0, 0, 81]","""[0, 5, 10, 4, 8, 8, 8, 12, 3, 5, 7, 69, 24, 57, 49, 81, 0]"""
j10,2,reactive,600,True,40,0.05866122245788574,0.08273053169250488,"[0, 0, 0, 0, 12, 21, 12, 21, 21, 21, 33, 0, 0, 0, 0, 0, 40]","[0, 5, 10, 4, 8, 8, 8, 12, 3, 5, 7, 69, 24, 57, 49, 81, 0]"
j10,2,proactive_robust,600,True,41,0.057956695556640625,0.0007090568542480469,"[0, 0, 0, 0, 12, 21, 12, 21, 21, 21, 33, 0, 0, 0, 0, 0, 81]","""[0, 4, 15, 12, 1, 5, 8, 4, 10, 12, 8, 69, 24, 57, 49, 81, 0]"""
j10,2,reactive,600,True,32,0.057956695556640625,0.04806256294250488,"[0, 0, 0, 0, 12, 13, 12, 13, 13, 20, 24, 0, 0, 0, 0, 0, 32]","[0, 4, 15, 12, 1, 5, 8, 4, 10, 12, 8, 69, 24, 57, 49, 81, 0]"
j10,2,proactive_robust,600,True,41,0.05666494369506836,0.0006401538848876953,"[0, 0, 0, 0, 12, 21, 12, 21, 21, 21, 33, 0, 0, 0, 0, 0, 81]","""[0, 3, 9, 11, 1, 1, 7, 4, 4, 3, 4, 69, 24, 57, 49, 81, 0]"""
j10,2,reactive,600,True,29,0.05666494369506836,0.09017443656921387,"[0, 0, 0, 0, 12, 21, 12, 21, 21, 21, 25, 0, 0, 0, 0, 0, 29]","[0, 3, 9, 11, 1, 1, 7, 4, 4, 3, 4, 69, 24, 57, 49, 81, 0]"
j10,2,proactive_robust,600,True,41,0.05680346488952637,0.0006549358367919922,"[0, 0, 0, 0, 12, 21, 12, 21, 21, 21, 33, 0, 0, 0, 0, 0, 81]","""[0, 5, 4, 7, 5, 3, 5, 4, 9, 11, 2, 69, 24, 57, 49, 81, 0]"""
j10,2,reactive,600,True,32,0.05680346488952637,0.09377098083496094,"[0, 0, 0, 0, 12, 21, 12, 21, 21, 21, 25, 0, 0, 0, 0, 0, 32]","[0, 5, 4, 7, 5, 3, 5, 4, 9, 11, 2, 69, 24, 57, 49, 81, 0]"
j10,2,proactive_robust,600,True,41,0.05662798881530762,0.0006816387176513672,"[0, 0, 0, 0, 12, 21, 12, 21, 21, 21, 33, 0, 0, 0, 0, 0, 81]","""[0, 6, 8, 8, 8, 6, 6, 9, 7, 10, 4, 69, 24, 57, 49, 81, 0]"""
j10,2,reactive,600,True,37,0.05662798881530762,0.0868368148803711,"[0, 0, 0, 0, 12, 21, 12, 21, 21, 21, 33, 0, 0, 0, 0, 0, 37]","[0, 6, 8, 8, 8, 6, 6, 9, 7, 10, 4, 69, 24, 57, 49, 81, 0]"
j10,2,proactive_robust,600,True,41,0.05634617805480957,0.0006473064422607422,"[0, 0, 0, 0, 12, 21, 12, 21, 21, 21, 33, 0, 0, 0, 0, 0, 81]","""[0, 6, 11, 9, 9, 7, 1, 1, 4, 5, 2, 69, 24, 57, 49, 81, 0]"""
j10,2,reactive,600,True,30,0.05634617805480957,0.07854151725769043,"[0, 0, 0, 0, 12, 21, 12, 21, 21, 21, 28, 0, 0, 0, 0, 0, 30]","[0, 6, 11, 9, 9, 7, 1, 1, 4, 5, 2, 69, 24, 57, 49, 81, 0]"
j10,2,proactive_robust,600,True,41,0.057427167892456055,0.0006928443908691406,"[0, 0, 0, 0, 12, 21, 12, 21, 21, 21, 33, 0, 0, 0, 0, 0, 81]","""[0, 8, 15, 11, 6, 8, 6, 1, 9, 5, 7, 69, 24, 57, 49, 81, 0]"""
j10,2,reactive,600,True,40,0.057427167892456055,0.07676458358764648,"[0, 0, 0, 0, 12, 21, 12, 21, 21, 21, 33, 0, 0, 0, 0, 0, 40]","[0, 8, 15, 11, 6, 8, 6, 1, 9, 5, 7, 69, 24, 57, 49, 81, 0]"
j10,2,proactive_robust,600,True,41,0.05913114547729492,0.0006539821624755859,"[0, 0, 0, 0, 12, 21, 12, 21, 21, 21, 33, 0, 0, 0, 0, 0, 81]","""[0, 8, 5, 1, 8, 2, 7, 5, 8, 9, 4, 69, 24, 57, 49, 81, 0]"""
j10,2,reactive,600,True,30,0.05913114547729492,0.08645367622375488,"[0, 0, 0, 0, 12, 21, 12, 21, 21, 21, 26, 0, 0, 0, 0, 0, 30]","[0, 8, 5, 1, 8, 2, 7, 5, 8, 9, 4, 69, 24, 57, 49, 81, 0]"
j10,2,proactive_robust,600,True,32,0.0587465763092041,0.00022220611572265625,"[0, 6, 0, 0, 6, 18, 22, 18, 26, 22, 18, 0, 33]","""[0, 9, 5, 9, 11, 2, 2, 2, 2, 4, 2, 33, 0]"""
j10,2,reactive,600,True,26,0.0587465763092041,0.11798572540283203,"[0, 6, 0, 0, 6, 18, 22, 18, 24, 22, 18, 0, 26]","[0, 9, 5, 9, 11, 2, 2, 2, 2, 4, 2, 33, 0]"
j10,2,proactive_robust,600,True,32,0.05806922912597656,0.00024819374084472656,"[0, 6, 0, 0, 6, 18, 22, 18, 26, 22, 18, 0, 33]","""[0, 11, 4, 12, 9, 1, 4, 2, 2, 3, 9, 33, 0]"""
j10,2,reactive,600,True,28,0.05806922912597656,0.12713193893432617,"[0, 6, 0, 0, 6, 18, 22, 18, 26, 22, 18, 0, 28]","[0, 11, 4, 12, 9, 1, 4, 2, 2, 3, 9, 33, 0]"
j10,2,proactive_robust,600,True,32,0.05791664123535156,0.00021767616271972656,"[0, 6, 0, 0, 6, 18, 22, 18, 26, 22, 18, 0, 33]","""[0, 2, 6, 13, 2, 3, 4, 1, 2, 1, 12, 33, 0]"""
j10,2,reactive,600,True,30,0.05791664123535156,0.09206509590148926,"[0, 6, 0, 0, 6, 18, 21, 18, 28, 21, 18, 0, 30]","[0, 2, 6, 13, 2, 3, 4, 1, 2, 1, 12, 33, 0]"
j10,2,proactive_robust,600,True,32,0.057660579681396484,0.0002067089080810547,"[0, 6, 0, 0, 6, 18, 22, 18, 26, 22, 18, 0, 33]","""[0, 6, 3, 5, 2, 1, 3, 2, 3, 5, 6, 33, 0]"""
j10,2,reactive,600,True,18,0.057660579681396484,0.16300487518310547,"[0, 6, 0, 0, 6, 8, 9, 8, 15, 12, 12, 0, 18]","[0, 6, 3, 5, 2, 1, 3, 2, 3, 5, 6, 33, 0]"
j10,2,proactive_robust,600,True,32,0.05452227592468262,0.00020742416381835938,"[0, 6, 0, 0, 6, 18, 22, 18, 26, 22, 18, 0, 33]","""[0, 4, 1, 8, 3, 3, 3, 1, 5, 5, 7, 33, 0]"""
j10,2,reactive,600,True,29,0.05452227592468262,0.15509700775146484,"[0, 6, 0, 0, 6, 18, 21, 18, 24, 21, 18, 0, 29]","[0, 4, 1, 8, 3, 3, 3, 1, 5, 5, 7, 33, 0]"
j10,2,proactive_robust,600,True,32,0.05840015411376953,0.00022554397583007812,"[0, 6, 0, 0, 6, 18, 22, 18, 26, 22, 18, 0, 33]","""[0, 1, 6, 12, 6, 4, 3, 3, 4, 2, 2, 33, 0]"""
j10,2,reactive,600,True,30,0.05840015411376953,0.09995818138122559,"[0, 6, 0, 0, 6, 18, 22, 18, 26, 22, 18, 0, 30]","[0, 1, 6, 12, 6, 4, 3, 3, 4, 2, 2, 33, 0]"
j10,2,proactive_robust,600,True,32,0.05695462226867676,0.00022554397583007812,"[0, 6, 0, 0, 6, 18, 22, 18, 26, 22, 18, 0, 33]","""[0, 12, 5, 2, 3, 2, 2, 3, 4, 6, 8, 33, 0]"""
j10,2,reactive,600,True,28,0.05695462226867676,0.12598681449890137,"[0, 6, 0, 0, 6, 18, 22, 18, 24, 22, 18, 0, 28]","[0, 12, 5, 2, 3, 2, 2, 3, 4, 6, 8, 33, 0]"
j10,2,proactive_robust,600,True,32,0.057845354080200195,0.00023674964904785156,"[0, 6, 0, 0, 6, 18, 22, 18, 26, 22, 18, 0, 33]","""[0, 10, 4, 6, 7, 1, 4, 3, 4, 3, 6, 33, 0]"""
j10,2,reactive,600,True,30,0.057845354080200195,0.11574840545654297,"[0, 6, 0, 0, 6, 18, 22, 18, 26, 22, 18, 0, 30]","[0, 10, 4, 6, 7, 1, 4, 3, 4, 3, 6, 33, 0]"
j10,2,proactive_robust,600,True,32,0.056587934494018555,0.000225067138671875,"[0, 6, 0, 0, 6, 18, 22, 18, 26, 22, 18, 0, 33]","""[0, 1, 1, 3, 7, 1, 4, 2, 2, 8, 6, 33, 0]"""
j10,2,reactive,600,True,30,0.056587934494018555,0.12592196464538574,"[0, 6, 0, 0, 6, 18, 22, 18, 26, 22, 18, 0, 30]","[0, 1, 1, 3, 7, 1, 4, 2, 2, 8, 6, 33, 0]"
j10,2,proactive_robust,600,True,32,0.056522369384765625,0.0002257823944091797,"[0, 6, 0, 0, 6, 18, 22, 18, 26, 22, 18, 0, 33]","""[0, 5, 6, 3, 6, 1, 2, 3, 3, 6, 5, 33, 0]"""
j10,2,reactive,600,True,29,0.056522369384765625,0.11177921295166016,"[0, 6, 0, 0, 6, 18, 22, 18, 26, 22, 18, 0, 29]","[0, 5, 6, 3, 6, 1, 2, 3, 3, 6, 5, 33, 0]"
j10,2,proactive_robust,600,True,41,0.06286978721618652,0.0007646083831787109,"[0, 0, 0, 0, 6, 6, 18, 19, 26, 18, 27, 0, 0, 0, 0, 0, 0, 0, 75]","""[0, 1, 1, 9, 8, 4, 7, 3, 13, 6, 6, 49, 31, 31, 75, 72, 52, 34, 0]"""
j10,2,reactive,600,True,39,0.06286978721618652,0.12804651260375977,"[0, 0, 0, 0, 6, 6, 18, 19, 26, 18, 27, 0, 0, 0, 0, 0, 0, 0, 39]","[0, 1, 1, 9, 8, 4, 7, 3, 13, 6, 6, 49, 31, 31, 75, 72, 52, 34, 0]"
j10,2,proactive_robust,600,True,41,0.06056380271911621,0.0007762908935546875,"[0, 0, 0, 0, 6, 6, 18, 19, 26, 18, 27, 0, 0, 0, 0, 0, 0, 0, 75]","""[0, 2, 2, 7, 11, 3, 8, 8, 9, 9, 1, 49, 31, 31, 75, 72, 52, 34, 0]"""
j10,2,reactive,600,True,35,0.06056380271911621,0.1183619499206543,"[0, 0, 0, 0, 6, 6, 18, 19, 26, 18, 27, 0, 0, 0, 0, 0, 0, 0, 35]","[0, 2, 2, 7, 11, 3, 8, 8, 9, 9, 1, 49, 31, 31, 75, 72, 52, 34, 0]"
j10,2,proactive_robust,600,True,41,0.06367349624633789,0.0007596015930175781,"[0, 0, 0, 0, 6, 6, 18, 19, 26, 18, 27, 0, 0, 0, 0, 0, 0, 0, 75]","""[0, 6, 1, 11, 1, 6, 3, 2, 12, 7, 4, 49, 31, 31, 75, 72, 52, 34, 0]"""
j10,2,reactive,600,True,33,0.06367349624633789,0.141204833984375,"[0, 0, 0, 0, 6, 6, 18, 19, 21, 18, 21, 0, 0, 0, 0, 0, 0, 0, 33]","[0, 6, 1, 11, 1, 6, 3, 2, 12, 7, 4, 49, 31, 31, 75, 72, 52, 34, 0]"
j10,2,proactive_robust,600,True,41,0.06255221366882324,0.0007505416870117188,"[0, 0, 0, 0, 6, 6, 18, 19, 26, 18, 27, 0, 0, 0, 0, 0, 0, 0, 75]","""[0, 4, 6, 2, 6, 5, 8, 7, 7, 2, 4, 49, 31, 31, 75, 72, 52, 34, 0]"""
j10,2,reactive,600,True,33,0.06255221366882324,0.11994600296020508,"[0, 0, 0, 0, 6, 6, 18, 19, 26, 18, 27, 0, 0, 0, 0, 0, 0, 0, 33]","[0, 4, 6, 2, 6, 5, 8, 7, 7, 2, 4, 49, 31, 31, 75, 72, 52, 34, 0]"
j10,2,proactive_robust,600,True,41,0.06556081771850586,0.0007522106170654297,"[0, 0, 0, 0, 6, 6, 18, 19, 26, 18, 27, 0, 0, 0, 0, 0, 0, 0, 75]","""[0, 2, 2, 9, 1, 5, 6, 4, 14, 1, 4, 49, 31, 31, 75, 72, 52, 34, 0]"""
j10,2,reactive,600,True,40,0.06556081771850586,0.15645599365234375,"[0, 0, 0, 0, 6, 6, 18, 19, 26, 18, 27, 0, 0, 0, 0, 0, 0, 0, 40]","[0, 2, 2, 9, 1, 5, 6, 4, 14, 1, 4, 49, 31, 31, 75, 72, 52, 34, 0]"
j10,2,proactive_robust,600,True,41,0.06307339668273926,0.0007538795471191406,"[0, 0, 0, 0, 6, 6, 18, 19, 26, 18, 27, 0, 0, 0, 0, 0, 0, 0, 75]","""[0, 4, 5, 4, 10, 4, 4, 1, 14, 4, 2, 49, 31, 31, 75, 72, 52, 34, 0]"""
j10,2,reactive,600,True,40,0.06307339668273926,0.1441028118133545,"[0, 0, 0, 0, 6, 6, 18, 19, 26, 18, 27, 0, 0, 0, 0, 0, 0, 0, 40]","[0, 4, 5, 4, 10, 4, 4, 1, 14, 4, 2, 49, 31, 31, 75, 72, 52, 34, 0]"
j10,2,proactive_robust,600,True,41,0.0650782585144043,0.0007436275482177734,"[0, 0, 0, 0, 6, 6, 18, 19, 26, 18, 27, 0, 0, 0, 0, 0, 0, 0, 75]","""[0, 6, 1, 4, 3, 4, 2, 6, 9, 2, 1, 49, 31, 31, 75, 72, 52, 34, 0]"""
j10,2,reactive,600,True,29,0.0650782585144043,0.14564108848571777,"[0, 0, 0, 0, 6, 6, 18, 19, 20, 18, 25, 0, 0, 0, 0, 0, 0, 0, 29]","[0, 6, 1, 4, 3, 4, 2, 6, 9, 2, 1, 49, 31, 31, 75, 72, 52, 34, 0]"
j10,2,proactive_robust,600,True,41,0.0637664794921875,0.0007913112640380859,"[0, 0, 0, 0, 6, 6, 18, 19, 26, 18, 27, 0, 0, 0, 0, 0, 0, 0, 75]","""[0, 2, 3, 8, 12, 13, 4, 7, 12, 4, 5, 49, 31, 31, 75, 72, 52, 34, 0]"""
j10,2,reactive,600,True,38,0.0637664794921875,0.09943771362304688,"[0, 0, 0, 0, 6, 6, 18, 19, 26, 18, 27, 0, 0, 0, 0, 0, 0, 0, 38]","[0, 2, 3, 8, 12, 13, 4, 7, 12, 4, 5, 49, 31, 31, 75, 72, 52, 34, 0]"
j10,2,proactive_robust,600,True,41,0.060865163803100586,0.0007755756378173828,"[0, 0, 0, 0, 6, 6, 18, 19, 26, 18, 27, 0, 0, 0, 0, 0, 0, 0, 75]","""[0, 5, 5, 9, 11, 2, 6, 6, 3, 8, 5, 49, 31, 31, 75, 72, 52, 34, 0]"""
j10,2,reactive,600,True,30,0.060865163803100586,0.14520978927612305,"[0, 0, 0, 0, 6, 6, 18, 19, 26, 18, 25, 0, 0, 0, 0, 0, 0, 0, 30]","[0, 5, 5, 9, 11, 2, 6, 6, 3, 8, 5, 49, 31, 31, 75, 72, 52, 34, 0]"
j10,2,proactive_robust,600,True,41,0.062258005142211914,0.0007531642913818359,"[0, 0, 0, 0, 6, 6, 18, 19, 26, 18, 27, 0, 0, 0, 0, 0, 0, 0, 75]","""[0, 4, 4, 5, 8, 8, 7, 6, 6, 3, 2, 49, 31, 31, 75, 72, 52, 34, 0]"""
j10,2,reactive,600,True,32,0.062258005142211914,0.13756132125854492,"[0, 0, 0, 0, 6, 6, 18, 19, 26, 18, 27, 0, 0, 0, 0, 0, 0, 0, 32]","[0, 4, 4, 5, 8, 8, 7, 6, 6, 3, 2, 49, 31, 31, 75, 72, 52, 34, 0]"
j10,2,proactive_robust,600,True,37,0.07289648056030273,0.0006132125854492188,"[0, 0, 0, 6, 3, 3, 18, 6, 30, 24, 24, 0, 0, 0, 0, 0, 0, 74]","""[0, 1, 1, 6, 2, 6, 1, 10, 2, 10, 3, 22, 17, 49, 74, 73, 30, 0]"""
j10,2,reactive,600,True,34,0.07289648056030273,0.19274592399597168,"[0, 0, 0, 6, 3, 3, 18, 6, 19, 24, 24, 0, 0, 0, 0, 0, 0, 34]","[0, 1, 1, 6, 2, 6, 1, 10, 2, 10, 3, 22, 17, 49, 74, 73, 30, 0]"
j10,2,proactive_robust,600,True,37,0.0712730884552002,0.0006093978881835938,"[0, 0, 0, 6, 3, 3, 18, 6, 30, 24, 24, 0, 0, 0, 0, 0, 0, 74]","""[0, 1, 3, 1, 2, 7, 5, 3, 2, 10, 2, 22, 17, 49, 74, 73, 30, 0]"""
j10,2,reactive,600,True,34,0.0712730884552002,0.21009206771850586,"[0, 0, 0, 6, 3, 3, 18, 6, 30, 24, 24, 0, 0, 0, 0, 0, 0, 34]","[0, 1, 3, 1, 2, 7, 5, 3, 2, 10, 2, 22, 17, 49, 74, 73, 30, 0]"
j10,2,proactive_robust,600,True,37,0.0668795108795166,0.0006070137023925781,"[0, 0, 0, 6, 3, 3, 18, 6, 30, 24, 24, 0, 0, 0, 0, 0, 0, 74]","""[0, 3, 1, 5, 1, 7, 5, 4, 5, 6, 3, 22, 17, 49, 74, 73, 30, 0]"""
j10,2,reactive,600,True,32,0.0668795108795166,0.17709803581237793,"[0, 0, 0, 6, 3, 3, 18, 6, 27, 24, 24, 0, 0, 0, 0, 0, 0, 32]","[0, 3, 1, 5, 1, 7, 5, 4, 5, 6, 3, 22, 17, 49, 74, 73, 30, 0]"
j10,2,proactive_robust,600,True,37,0.06926631927490234,0.0006017684936523438,"[0, 0, 0, 6, 3, 3, 18, 6, 30, 24, 24, 0, 0, 0, 0, 0, 0, 74]","""[0, 2, 2, 5, 3, 3, 6, 3, 1, 5, 5, 22, 17, 49, 74, 73, 30, 0]"""
j10,2,reactive,600,True,29,0.06926631927490234,0.177107572555542,"[0, 0, 0, 6, 3, 3, 18, 6, 24, 24, 11, 0, 0, 0, 0, 0, 0, 29]","[0, 2, 2, 5, 3, 3, 6, 3, 1, 5, 5, 22, 17, 49, 74, 73, 30, 0]"
j10,2,proactive_robust,600,True,37,0.06790518760681152,0.0006082057952880859,"[0, 0, 0, 6, 3, 3, 18, 6, 30, 24, 24, 0, 0, 0, 0, 0, 0, 74]","""[0, 2, 2, 2, 1, 15, 1, 9, 5, 4, 3, 22, 17, 49, 74, 73, 30, 0]"""
j10,2,reactive,600,True,28,0.06790518760681152,0.19095969200134277,"[0, 0, 0, 6, 3, 3, 18, 6, 19, 24, 24, 0, 0, 0, 0, 0, 0, 28]","[0, 2, 2, 2, 1, 15, 1, 9, 5, 4, 3, 22, 17, 49, 74, 73, 30, 0]"
j10,2,proactive_robust,600,True,37,0.06467175483703613,0.0006172657012939453,"[0, 0, 0, 6, 3, 3, 18, 6, 30, 24, 24, 0, 0, 0, 0, 0, 0, 74]","""[0, 3, 2, 2, 2, 13, 2, 5, 6, 3, 4, 22, 17, 49, 74, 73, 30, 0]"""
j10,2,reactive,600,True,34,0.06467175483703613,0.1610095500946045,"[0, 0, 0, 6, 3, 3, 18, 6, 28, 24, 24, 0, 0, 0, 0, 0, 0, 34]","[0, 3, 2, 2, 2, 13, 2, 5, 6, 3, 4, 22, 17, 49, 74, 73, 30, 0]"
j10,2,proactive_robust,600,True,37,0.06769442558288574,0.000629425048828125,"[0, 0, 0, 6, 3, 3, 18, 6, 30, 24, 24, 0, 0, 0, 0, 0, 0, 74]","""[0, 3, 4, 5, 2, 15, 6, 16, 1, 4, 1, 22, 17, 49, 74, 73, 30, 0]"""
j10,2,reactive,600,True,28,0.06769442558288574,0.06723737716674805,"[0, 0, 0, 6, 3, 3, 18, 6, 25, 24, 24, 0, 0, 0, 0, 0, 0, 28]","[0, 3, 4, 5, 2, 15, 6, 16, 1, 4, 1, 22, 17, 49, 74, 73, 30, 0]"
j10,2,proactive_robust,600,True,37,0.06966352462768555,0.0006225109100341797,"[0, 0, 0, 6, 3, 3, 18, 6, 30, 24, 24, 0, 0, 0, 0, 0, 0, 74]","""[0, 2, 2, 1, 3, 13, 4, 12, 1, 5, 4, 22, 17, 49, 74, 73, 30, 0]"""
j10,2,reactive,600,True,29,0.06966352462768555,0.1850755214691162,"[0, 0, 0, 6, 3, 3, 18, 6, 22, 24, 24, 0, 0, 0, 0, 0, 0, 29]","[0, 2, 2, 1, 3, 13, 4, 12, 1, 5, 4, 22, 17, 49, 74, 73, 30, 0]"
j10,2,proactive_robust,600,True,37,0.06870627403259277,0.0006148815155029297,"[0, 0, 0, 6, 3, 3, 18, 6, 30, 24, 24, 0, 0, 0, 0, 0, 0, 74]","""[0, 2, 4, 1, 1, 11, 2, 10, 3, 8, 4, 22, 17, 49, 74, 73, 30, 0]"""
j10,2,reactive,600,True,32,0.06870627403259277,0.1867694854736328,"[0, 0, 0, 6, 3, 3, 18, 6, 20, 24, 24, 0, 0, 0, 0, 0, 0, 32]","[0, 2, 4, 1, 1, 11, 2, 10, 3, 8, 4, 22, 17, 49, 74, 73, 30, 0]"
j10,2,proactive_robust,600,True,37,0.06788039207458496,0.0006182193756103516,"[0, 0, 0, 6, 3, 3, 18, 6, 30, 24, 24, 0, 0, 0, 0, 0, 0, 74]","""[0, 1, 2, 4, 3, 13, 4, 9, 6, 6, 3, 22, 17, 49, 74, 73, 30, 0]"""
j10,2,reactive,600,True,33,0.06788039207458496,0.1514425277709961,"[0, 0, 0, 6, 3, 3, 18, 6, 27, 24, 24, 0, 0, 0, 0, 0, 0, 33]","[0, 1, 2, 4, 3, 13, 4, 9, 6, 6, 3, 22, 17, 49, 74, 73, 30, 0]"
j10,2,proactive_robust,600,True,53,0.06230449676513672,0.0012631416320800781,"[0, 0, 0, 36, 19, 10, 23, 26, 23, 45, 38, 0, 0, 0, 0, 0, 0, 0, 0, 0, 0, 89]","""[0, 4, 3, 5, 1, 1, 2, 2, 12, 8, 3, 63, 54, 45, 84, 79, 46, 83, 87, 89, 48, 0]"""
j10,2,reactive,600,True,38,0.06230449676513672,0.21060585975646973,"[0, 0, 0, 0, 19, 10, 23, 25, 23, 5, 35, 0, 0, 0, 0, 0, 0, 0, 0, 0, 0, 38]","[0, 4, 3, 5, 1, 1, 2, 2, 12, 8, 3, 63, 54, 45, 84, 79, 46, 83, 87, 89, 48, 0]"
j10,2,proactive_robust,600,True,53,0.06124997138977051,0.0012743473052978516,"[0, 0, 0, 36, 19, 10, 23, 26, 23, 45, 38, 0, 0, 0, 0, 0, 0, 0, 0, 0, 0, 89]","""[0, 6, 8, 6, 1, 5, 3, 12, 12, 2, 2, 63, 54, 45, 84, 79, 46, 83, 87, 89, 48, 0]"""
j10,2,reactive,600,True,44,0.06124997138977051,0.1404561996459961,"[0, 0, 0, 36, 19, 10, 23, 26, 23, 42, 38, 0, 0, 0, 0, 0, 0, 0, 0, 0, 0, 44]","[0, 6, 8, 6, 1, 5, 3, 12, 12, 2, 2, 63, 54, 45, 84, 79, 46, 83, 87, 89, 48, 0]"
j10,2,proactive_robust,600,True,53,0.05998063087463379,0.0012900829315185547,"[0, 0, 0, 36, 19, 10, 23, 26, 23, 45, 38, 0, 0, 0, 0, 0, 0, 0, 0, 0, 0, 89]","""[0, 4, 1, 4, 4, 9, 3, 11, 7, 7, 6, 63, 54, 45, 84, 79, 46, 83, 87, 89, 48, 0]"""
j10,2,reactive,600,True,47,0.05998063087463379,0.12328910827636719,"[0, 0, 0, 36, 19, 10, 23, 26, 23, 40, 38, 0, 0, 0, 0, 0, 0, 0, 0, 0, 0, 47]","[0, 4, 1, 4, 4, 9, 3, 11, 7, 7, 6, 63, 54, 45, 84, 79, 46, 83, 87, 89, 48, 0]"
j10,2,proactive_robust,600,True,53,0.06011700630187988,0.0012984275817871094,"[0, 0, 0, 36, 19, 10, 23, 26, 23, 45, 38, 0, 0, 0, 0, 0, 0, 0, 0, 0, 0, 89]","""[0, 3, 1, 4, 1, 6, 2, 8, 14, 7, 2, 63, 54, 45, 84, 79, 46, 83, 87, 89, 48, 0]"""
j10,2,reactive,600,True,47,0.06011700630187988,0.20705103874206543,"[0, 0, 0, 36, 19, 10, 23, 26, 23, 40, 38, 0, 0, 0, 0, 0, 0, 0, 0, 0, 0, 47]","[0, 3, 1, 4, 1, 6, 2, 8, 14, 7, 2, 63, 54, 45, 84, 79, 46, 83, 87, 89, 48, 0]"
j10,2,proactive_robust,600,True,53,0.06486630439758301,0.0012671947479248047,"[0, 0, 0, 36, 19, 10, 23, 26, 23, 45, 38, 0, 0, 0, 0, 0, 0, 0, 0, 0, 0, 89]","""[0, 4, 9, 1, 1, 1, 2, 11, 5, 8, 3, 63, 54, 45, 84, 79, 46, 83, 87, 89, 48, 0]"""
j10,2,reactive,600,True,45,0.06486630439758301,0.18409991264343262,"[0, 0, 0, 36, 19, 10, 23, 26, 23, 37, 38, 0, 0, 0, 0, 0, 0, 0, 0, 0, 0, 45]","[0, 4, 9, 1, 1, 1, 2, 11, 5, 8, 3, 63, 54, 45, 84, 79, 46, 83, 87, 89, 48, 0]"
j10,2,proactive_robust,600,True,53,0.06379413604736328,0.0012638568878173828,"[0, 0, 0, 36, 19, 10, 23, 26, 23, 45, 38, 0, 0, 0, 0, 0, 0, 0, 0, 0, 0, 89]","""[0, 2, 1, 6, 3, 7, 1, 8, 7, 2, 7, 63, 54, 45, 84, 79, 46, 83, 87, 89, 48, 0]"""
j10,2,reactive,600,True,45,0.06379413604736328,0.20076775550842285,"[0, 0, 0, 36, 19, 10, 23, 26, 23, 42, 38, 0, 0, 0, 0, 0, 0, 0, 0, 0, 0, 45]","[0, 2, 1, 6, 3, 7, 1, 8, 7, 2, 7, 63, 54, 45, 84, 79, 46, 83, 87, 89, 48, 0]"
j10,2,proactive_robust,600,True,53,0.06129574775695801,0.0012311935424804688,"[0, 0, 0, 36, 19, 10, 23, 26, 23, 45, 38, 0, 0, 0, 0, 0, 0, 0, 0, 0, 0, 89]","""[0, 5, 3, 5, 1, 4, 3, 3, 5, 2, 2, 63, 54, 45, 84, 79, 46, 83, 87, 89, 48, 0]"""
j10,2,reactive,600,True,31,0.06129574775695801,0.19541025161743164,"[0, 0, 0, 0, 19, 10, 23, 26, 23, 5, 29, 0, 0, 0, 0, 0, 0, 0, 0, 0, 0, 31]","[0, 5, 3, 5, 1, 4, 3, 3, 5, 2, 2, 63, 54, 45, 84, 79, 46, 83, 87, 89, 48, 0]"
j10,2,proactive_robust,600,True,53,0.06374740600585938,0.0012750625610351562,"[0, 0, 0, 36, 19, 10, 23, 26, 23, 45, 38, 0, 0, 0, 0, 0, 0, 0, 0, 0, 0, 89]","""[0, 5, 5, 2, 2, 2, 1, 10, 13, 1, 10, 63, 54, 45, 84, 79, 46, 83, 87, 89, 48, 0]"""
j10,2,reactive,600,True,46,0.06374740600585938,0.20742392539978027,"[0, 0, 0, 0, 19, 10, 23, 26, 23, 5, 36, 0, 0, 0, 0, 0, 0, 0, 0, 0, 0, 46]","[0, 5, 5, 2, 2, 2, 1, 10, 13, 1, 10, 63, 54, 45, 84, 79, 46, 83, 87, 89, 48, 0]"
j10,2,proactive_robust,600,True,53,0.0601346492767334,0.0012824535369873047,"[0, 0, 0, 36, 19, 10, 23, 26, 23, 45, 38, 0, 0, 0, 0, 0, 0, 0, 0, 0, 0, 89]","""[0, 6, 7, 7, 4, 7, 3, 10, 4, 1, 10, 63, 54, 45, 84, 79, 46, 83, 87, 89, 48, 0]"""
j10,2,reactive,600,True,46,0.0601346492767334,0.12856316566467285,"[0, 0, 0, 0, 19, 10, 23, 26, 23, 7, 36, 0, 0, 0, 0, 0, 0, 0, 0, 0, 0, 46]","[0, 6, 7, 7, 4, 7, 3, 10, 4, 1, 10, 63, 54, 45, 84, 79, 46, 83, 87, 89, 48, 0]"
j10,2,proactive_robust,600,True,53,0.061048030853271484,0.0012946128845214844,"[0, 0, 0, 36, 19, 10, 23, 26, 23, 45, 38, 0, 0, 0, 0, 0, 0, 0, 0, 0, 0, 89]","""[0, 2, 4, 9, 2, 5, 3, 1, 13, 8, 5, 63, 54, 45, 84, 79, 46, 83, 87, 89, 48, 0]"""
j10,2,reactive,600,True,53,0.061048030853271484,0.14203429222106934,"[0, 0, 0, 36, 19, 10, 23, 26, 23, 45, 38, 0, 0, 0, 0, 0, 0, 0, 0, 0, 0, 53]","[0, 2, 4, 9, 2, 5, 3, 1, 13, 8, 5, 63, 54, 45, 84, 79, 46, 83, 87, 89, 48, 0]"
j10,2,proactive_robust,600,True,41,0.06019949913024902,0.0008380413055419922,"[0, 0, 0, 0, 8, 9, 9, 22, 22, 8, 32, 0, 0, 0, 0, 0, 0, 0, 0, 66]","""[0, 2, 9, 3, 7, 2, 3, 2, 1, 2, 9, 54, 36, 66, 65, 55, 56, 20, 43, 0]"""
j10,2,reactive,600,True,26,0.06019949913024902,0.10290145874023438,"[0, 0, 0, 0, 8, 9, 9, 15, 12, 8, 17, 0, 0, 0, 0, 0, 0, 0, 0, 26]","[0, 2, 9, 3, 7, 2, 3, 2, 1, 2, 9, 54, 36, 66, 65, 55, 56, 20, 43, 0]"
j10,2,proactive_robust,600,True,41,0.060781240463256836,0.0008616447448730469,"[0, 0, 0, 0, 8, 9, 9, 22, 22, 8, 32, 0, 0, 0, 0, 0, 0, 0, 0, 66]","""[0, 4, 3, 4, 1, 3, 13, 9, 2, 3, 6, 54, 36, 66, 65, 55, 56, 20, 43, 0]"""
j10,2,reactive,600,True,38,0.060781240463256836,0.12514233589172363,"[0, 0, 0, 0, 8, 9, 9, 22, 22, 8, 32, 0, 0, 0, 0, 0, 0, 0, 0, 38]","[0, 4, 3, 4, 1, 3, 13, 9, 2, 3, 6, 54, 36, 66, 65, 55, 56, 20, 43, 0]"
j10,2,proactive_robust,600,True,41,0.060445547103881836,0.0008664131164550781,"[0, 0, 0, 0, 8, 9, 9, 22, 22, 8, 32, 0, 0, 0, 0, 0, 0, 0, 0, 66]","""[0, 4, 7, 2, 9, 1, 8, 4, 5, 5, 3, 54, 36, 66, 65, 55, 56, 20, 43, 0]"""
j10,2,reactive,600,True,29,0.060445547103881836,0.12920379638671875,"[0, 0, 0, 0, 8, 9, 9, 22, 22, 8, 26, 0, 0, 0, 0, 0, 0, 0, 0, 29]","[0, 4, 7, 2, 9, 1, 8, 4, 5, 5, 3, 54, 36, 66, 65, 55, 56, 20, 43, 0]"
j10,2,proactive_robust,600,True,41,0.05661964416503906,0.0008516311645507812,"[0, 0, 0, 0, 8, 9, 9, 22, 22, 8, 32, 0, 0, 0, 0, 0, 0, 0, 0, 66]","""[0, 3, 4, 7, 9, 2, 9, 4, 5, 5, 1, 54, 36, 66, 65, 55, 56, 20, 43, 0]"""
j10,2,reactive,600,True,27,0.05661964416503906,0.125732421875,"[0, 0, 0, 0, 8, 9, 9, 22, 22, 8, 26, 0, 0, 0, 0, 0, 0, 0, 0, 27]","[0, 3, 4, 7, 9, 2, 9, 4, 5, 5, 1, 54, 36, 66, 65, 55, 56, 20, 43, 0]"
j10,2,proactive_robust,600,True,41,0.05739188194274902,0.0008726119995117188,"[0, 0, 0, 0, 8, 9, 9, 22, 22, 8, 32, 0, 0, 0, 0, 0, 0, 0, 0, 66]","""[0, 4, 7, 4, 4, 8, 13, 10, 1, 2, 4, 54, 36, 66, 65, 55, 56, 20, 43, 0]"""
j10,2,reactive,600,True,36,0.05739188194274902,0.11013245582580566,"[0, 0, 0, 0, 8, 9, 9, 22, 22, 8, 32, 0, 0, 0, 0, 0, 0, 0, 0, 36]","[0, 4, 7, 4, 4, 8, 13, 10, 1, 2, 4, 54, 36, 66, 65, 55, 56, 20, 43, 0]"
j10,2,proactive_robust,600,True,41,0.059542179107666016,0.0008490085601806641,"[0, 0, 0, 0, 8, 9, 9, 22, 22, 8, 32, 0, 0, 0, 0, 0, 0, 0, 0, 66]","""[0, 1, 6, 6, 4, 6, 4, 5, 3, 6, 1, 54, 36, 66, 65, 55, 56, 20, 43, 0]"""
j10,2,reactive,600,True,19,0.059542179107666016,0.1193544864654541,"[0, 0, 0, 0, 8, 9, 9, 13, 15, 8, 18, 0, 0, 0, 0, 0, 0, 0, 0, 19]","[0, 1, 6, 6, 4, 6, 4, 5, 3, 6, 1, 54, 36, 66, 65, 55, 56, 20, 43, 0]"
j10,2,proactive_robust,600,True,41,0.0602114200592041,0.0008511543273925781,"[0, 0, 0, 0, 8, 9, 9, 22, 22, 8, 32, 0, 0, 0, 0, 0, 0, 0, 0, 66]","""[0, 5, 7, 1, 7, 2, 12, 10, 1, 3, 2, 54, 36, 66, 65, 55, 56, 20, 43, 0]"""
j10,2,reactive,600,True,34,0.0602114200592041,0.11958026885986328,"[0, 0, 0, 0, 8, 9, 9, 22, 22, 8, 32, 0, 0, 0, 0, 0, 0, 0, 0, 34]","[0, 5, 7, 1, 7, 2, 12, 10, 1, 3, 2, 54, 36, 66, 65, 55, 56, 20, 43, 0]"
j10,2,proactive_robust,600,True,41,0.059386253356933594,0.0008547306060791016,"[0, 0, 0, 0, 8, 9, 9, 22, 22, 8, 32, 0, 0, 0, 0, 0, 0, 0, 0, 66]","""[0, 6, 2, 7, 6, 2, 2, 3, 4, 1, 7, 54, 36, 66, 65, 55, 56, 20, 43, 0]"""
j10,2,reactive,600,True,32,0.059386253356933594,0.13729000091552734,"[0, 0, 0, 0, 8, 9, 9, 22, 22, 8, 25, 0, 0, 0, 0, 0, 0, 0, 0, 32]","[0, 6, 2, 7, 6, 2, 2, 3, 4, 1, 7, 54, 36, 66, 65, 55, 56, 20, 43, 0]"
j10,2,proactive_robust,600,True,41,0.05966782569885254,0.0008411407470703125,"[0, 0, 0, 0, 8, 9, 9, 22, 22, 8, 32, 0, 0, 0, 0, 0, 0, 0, 0, 66]","""[0, 3, 9, 2, 6, 1, 6, 9, 4, 3, 1, 54, 36, 66, 65, 55, 56, 20, 43, 0]"""
j10,2,reactive,600,True,32,0.05966782569885254,0.10790896415710449,"[0, 0, 0, 0, 8, 9, 9, 22, 22, 8, 31, 0, 0, 0, 0, 0, 0, 0, 0, 32]","[0, 3, 9, 2, 6, 1, 6, 9, 4, 3, 1, 54, 36, 66, 65, 55, 56, 20, 43, 0]"
j10,2,proactive_robust,600,True,41,0.05774331092834473,0.0008685588836669922,"[0, 0, 0, 0, 8, 9, 9, 22, 22, 8, 32, 0, 0, 0, 0, 0, 0, 0, 0, 66]","""[0, 7, 8, 9, 8, 6, 6, 3, 1, 6, 1, 54, 36, 66, 65, 55, 56, 20, 43, 0]"""
j10,2,reactive,600,True,20,0.05774331092834473,0.14768242835998535,"[0, 0, 0, 0, 8, 9, 9, 16, 15, 8, 19, 0, 0, 0, 0, 0, 0, 0, 0, 20]","[0, 7, 8, 9, 8, 6, 6, 3, 1, 6, 1, 54, 36, 66, 65, 55, 56, 20, 43, 0]"
j10,2,proactive_robust,600,True,60,0.06397724151611328,0.0008757114410400391,"[0, 0, 8, 0, 8, 9, 22, 32, 12, 20, 48, 0, 0, 0, 0, 0, 0, 0, 0, 0, 66]","""[0, 5, 4, 4, 4, 8, 3, 16, 5, 7, 4, 17, 32, 17, 59, 41, 56, 54, 66, 60, 0]"""
j10,2,reactive,600,True,52,0.06397724151611328,0.12426567077636719,"[0, 0, 8, 0, 8, 9, 22, 32, 12, 20, 48, 0, 0, 0, 0, 0, 0, 0, 0, 0, 52]","[0, 5, 4, 4, 4, 8, 3, 16, 5, 7, 4, 17, 32, 17, 59, 41, 56, 54, 66, 60, 0]"
j10,2,proactive_robust,600,True,60,0.06065559387207031,0.0008804798126220703,"[0, 0, 8, 0, 8, 9, 22, 32, 12, 20, 48, 0, 0, 0, 0, 0, 0, 0, 0, 0, 66]","""[0, 7, 3, 9, 3, 4, 3, 11, 7, 7, 11, 17, 32, 17, 59, 41, 56, 54, 66, 60, 0]"""
j10,2,reactive,600,True,59,0.06065559387207031,0.11397099494934082,"[0, 0, 8, 0, 8, 9, 22, 32, 12, 20, 48, 0, 0, 0, 0, 0, 0, 0, 0, 0, 59]","[0, 7, 3, 9, 3, 4, 3, 11, 7, 7, 11, 17, 32, 17, 59, 41, 56, 54, 66, 60, 0]"
j10,2,proactive_robust,600,True,60,0.05899453163146973,0.0008556842803955078,"[0, 0, 8, 0, 8, 9, 22, 32, 12, 20, 48, 0, 0, 0, 0, 0, 0, 0, 0, 0, 66]","""[0, 8, 1, 9, 2, 10, 1, 9, 3, 2, 5, 17, 32, 17, 59, 41, 56, 54, 66, 60, 0]"""
j10,2,reactive,600,True,46,0.05899453163146973,0.10706377029418945,"[0, 0, 8, 0, 8, 9, 22, 32, 12, 20, 41, 0, 0, 0, 0, 0, 0, 0, 0, 0, 46]","[0, 8, 1, 9, 2, 10, 1, 9, 3, 2, 5, 17, 32, 17, 59, 41, 56, 54, 66, 60, 0]"
j10,2,proactive_robust,600,True,60,0.06014585494995117,0.0008697509765625,"[0, 0, 8, 0, 8, 9, 22, 32, 12, 20, 48, 0, 0, 0, 0, 0, 0, 0, 0, 0, 66]","""[0, 4, 5, 7, 3, 5, 3, 11, 4, 6, 8, 17, 32, 17, 59, 41, 56, 54, 66, 60, 0]"""
j10,2,reactive,600,True,51,0.06014585494995117,0.15630793571472168,"[0, 0, 8, 0, 8, 9, 22, 32, 12, 20, 43, 0, 0, 0, 0, 0, 0, 0, 0, 0, 51]","[0, 4, 5, 7, 3, 5, 3, 11, 4, 6, 8, 17, 32, 17, 59, 41, 56, 54, 66, 60, 0]"
j10,2,proactive_robust,600,True,60,0.06448650360107422,0.0008723735809326172,"[0, 0, 8, 0, 8, 9, 22, 32, 12, 20, 48, 0, 0, 0, 0, 0, 0, 0, 0, 0, 66]","""[0, 5, 3, 8, 1, 7, 3, 13, 6, 11, 3, 17, 32, 17, 59, 41, 56, 54, 66, 60, 0]"""
j10,2,reactive,600,True,48,0.06448650360107422,0.14304637908935547,"[0, 0, 8, 0, 8, 9, 22, 32, 12, 20, 45, 0, 0, 0, 0, 0, 0, 0, 0, 0, 48]","[0, 5, 3, 8, 1, 7, 3, 13, 6, 11, 3, 17, 32, 17, 59, 41, 56, 54, 66, 60, 0]"
j10,2,proactive_robust,600,True,60,0.06357765197753906,0.0008721351623535156,"[0, 0, 8, 0, 8, 9, 22, 32, 12, 20, 48, 0, 0, 0, 0, 0, 0, 0, 0, 0, 66]","""[0, 8, 4, 2, 2, 13, 1, 13, 5, 3, 5, 17, 32, 17, 59, 41, 56, 54, 66, 60, 0]"""
j10,2,reactive,600,True,53,0.06357765197753906,0.10740542411804199,"[0, 0, 8, 0, 8, 9, 22, 32, 12, 20, 48, 0, 0, 0, 0, 0, 0, 0, 0, 0, 53]","[0, 8, 4, 2, 2, 13, 1, 13, 5, 3, 5, 17, 32, 17, 59, 41, 56, 54, 66, 60, 0]"
j10,2,proactive_robust,600,True,60,0.06382918357849121,0.0008425712585449219,"[0, 0, 8, 0, 8, 9, 22, 32, 12, 20, 48, 0, 0, 0, 0, 0, 0, 0, 0, 0, 66]","""[0, 1, 3, 1, 3, 8, 1, 9, 3, 4, 1, 17, 32, 17, 59, 41, 56, 54, 66, 60, 0]"""
j10,2,reactive,600,True,34,0.06382918357849121,0.19290637969970703,"[0, 0, 8, 0, 8, 9, 22, 24, 12, 20, 33, 0, 0, 0, 0, 0, 0, 0, 0, 0, 34]","[0, 1, 3, 1, 3, 8, 1, 9, 3, 4, 1, 17, 32, 17, 59, 41, 56, 54, 66, 60, 0]"
j10,2,proactive_robust,600,True,60,0.06400895118713379,0.0008902549743652344,"[0, 0, 8, 0, 8, 9, 22, 32, 12, 20, 48, 0, 0, 0, 0, 0, 0, 0, 0, 0, 66]","""[0, 8, 5, 9, 2, 13, 1, 8, 2, 11, 6, 17, 32, 17, 59, 41, 56, 54, 66, 60, 0]"""
j10,2,reactive,600,True,46,0.06400895118713379,0.09122204780578613,"[0, 0, 8, 0, 8, 9, 22, 32, 12, 20, 40, 0, 0, 0, 0, 0, 0, 0, 0, 0, 46]","[0, 8, 5, 9, 2, 13, 1, 8, 2, 11, 6, 17, 32, 17, 59, 41, 56, 54, 66, 60, 0]"
j10,2,proactive_robust,600,True,60,0.06189441680908203,0.000843048095703125,"[0, 0, 8, 0, 8, 9, 22, 32, 12, 20, 48, 0, 0, 0, 0, 0, 0, 0, 0, 0, 66]","""[0, 4, 2, 2, 2, 8, 3, 6, 5, 2, 1, 17, 32, 17, 59, 41, 56, 54, 66, 60, 0]"""
j10,2,reactive,600,True,29,0.06189441680908203,0.16573667526245117,"[0, 0, 8, 0, 8, 9, 22, 22, 12, 20, 28, 0, 0, 0, 0, 0, 0, 0, 0, 0, 29]","[0, 4, 2, 2, 2, 8, 3, 6, 5, 2, 1, 17, 32, 17, 59, 41, 56, 54, 66, 60, 0]"
j10,2,proactive_robust,600,True,60,0.06122231483459473,0.0008962154388427734,"[0, 0, 8, 0, 8, 9, 22, 32, 12, 20, 48, 0, 0, 0, 0, 0, 0, 0, 0, 0, 66]","""[0, 8, 7, 8, 4, 12, 1, 9, 4, 8, 3, 17, 32, 17, 59, 41, 56, 54, 66, 60, 0]"""
j10,2,reactive,600,True,44,0.06122231483459473,0.10246634483337402,"[0, 0, 8, 0, 8, 9, 22, 32, 12, 20, 41, 0, 0, 0, 0, 0, 0, 0, 0, 0, 44]","[0, 8, 7, 8, 4, 12, 1, 9, 4, 8, 3, 17, 32, 17, 59, 41, 56, 54, 66, 60, 0]"
j10,2,proactive_robust,600,True,57,0.05806899070739746,0.0004012584686279297,"[0, 0, 8, 0, 10, 32, 10, 41, 22, 19, 51, 0, 0, 71]","""[0, 6, 8, 2, 5, 8, 6, 9, 8, 13, 3, 48, 71, 0]"""
j10,2,reactive,600,True,54,0.05806899070739746,0.1577003002166748,"[0, 0, 8, 0, 10, 32, 10, 41, 22, 19, 51, 0, 0, 54]","[0, 6, 8, 2, 5, 8, 6, 9, 8, 13, 3, 48, 71, 0]"
j10,2,proactive_robust,600,True,57,0.05885481834411621,0.0003674030303955078,"[0, 0, 8, 0, 10, 32, 10, 41, 22, 19, 51, 0, 0, 71]","""[0, 1, 10, 2, 4, 1, 4, 1, 5, 10, 6, 48, 71, 0]"""
j10,2,reactive,600,True,29,0.05885481834411621,0.2186751365661621,"[0, 0, 8, 0, 10, 14, 10, 15, 22, 19, 18, 0, 0, 29]","[0, 1, 10, 2, 4, 1, 4, 1, 5, 10, 6, 48, 71, 0]"
j10,2,proactive_robust,600,True,57,0.052480459213256836,0.0003974437713623047,"[0, 0, 8, 0, 10, 32, 10, 41, 22, 19, 51, 0, 0, 71]","""[0, 8, 14, 3, 9, 6, 8, 1, 2, 9, 6, 48, 71, 0]"""
j10,2,reactive,600,True,37,0.052480459213256836,0.13476943969726562,"[0, 0, 8, 0, 10, 24, 10, 30, 22, 19, 31, 0, 0, 37]","[0, 8, 14, 3, 9, 6, 8, 1, 2, 9, 6, 48, 71, 0]"
j10,2,proactive_robust,600,True,57,0.058722734451293945,0.00037360191345214844,"[0, 0, 8, 0, 10, 32, 10, 41, 22, 19, 51, 0, 0, 71]","""[0, 6, 9, 4, 6, 4, 2, 6, 4, 3, 1, 48, 71, 0]"""
j10,2,reactive,600,True,27,0.058722734451293945,0.2093510627746582,"[0, 0, 8, 0, 10, 16, 10, 20, 22, 19, 26, 0, 0, 27]","[0, 6, 9, 4, 6, 4, 2, 6, 4, 3, 1, 48, 71, 0]"
j10,2,proactive_robust,600,True,57,0.0588374137878418,0.0004057884216308594,"[0, 0, 8, 0, 10, 32, 10, 41, 22, 19, 51, 0, 0, 71]","""[0, 3, 7, 1, 7, 9, 2, 9, 10, 11, 6, 48, 71, 0]"""
j10,2,reactive,600,True,56,0.0588374137878418,0.15381574630737305,"[0, 0, 8, 0, 10, 32, 10, 41, 22, 19, 50, 0, 0, 56]","[0, 3, 7, 1, 7, 9, 2, 9, 10, 11, 6, 48, 71, 0]"
j10,2,proactive_robust,600,True,57,0.059374094009399414,0.0003838539123535156,"[0, 0, 8, 0, 10, 32, 10, 41, 22, 19, 51, 0, 0, 71]","""[0, 6, 13, 4, 8, 1, 10, 3, 5, 2, 2, 48, 71, 0]"""
j10,2,reactive,600,True,27,0.059374094009399414,0.19782280921936035,"[0, 0, 8, 0, 10, 21, 10, 22, 22, 19, 25, 0, 0, 27]","[0, 6, 13, 4, 8, 1, 10, 3, 5, 2, 2, 48, 71, 0]"
j10,2,proactive_robust,600,True,57,0.058957815170288086,0.0003910064697265625,"[0, 0, 8, 0, 10, 32, 10, 41, 22, 19, 51, 0, 0, 71]","""[0, 10, 14, 3, 3, 2, 9, 1, 5, 10, 2, 48, 71, 0]"""
j10,2,reactive,600,True,32,0.058957815170288086,0.1649613380432129,"[0, 0, 8, 0, 10, 27, 10, 29, 22, 19, 30, 0, 0, 32]","[0, 10, 14, 3, 3, 2, 9, 1, 5, 10, 2, 48, 71, 0]"
j10,2,proactive_robust,600,True,57,0.05620718002319336,0.0004000663757324219,"[0, 0, 8, 0, 10, 32, 10, 41, 22, 19, 51, 0, 0, 71]","""[0, 10, 6, 5, 3, 6, 8, 1, 10, 10, 1, 48, 71, 0]"""
j10,2,reactive,600,True,32,0.05620718002319336,0.1590404510498047,"[0, 0, 8, 0, 10, 14, 10, 20, 22, 19, 21, 0, 0, 32]","[0, 10, 6, 5, 3, 6, 8, 1, 10, 10, 1, 48, 71, 0]"
j10,2,proactive_robust,600,True,57,0.06090521812438965,0.00037860870361328125,"[0, 0, 8, 0, 10, 32, 10, 41, 22, 19, 51, 0, 0, 71]","""[0, 1, 5, 6, 6, 3, 5, 2, 2, 12, 3, 48, 71, 0]"""
j10,2,reactive,600,True,31,0.06090521812438965,0.22680044174194336,"[0, 0, 8, 0, 10, 16, 10, 19, 22, 19, 21, 0, 0, 31]","[0, 1, 5, 6, 6, 3, 5, 2, 2, 12, 3, 48, 71, 0]"
j10,2,proactive_robust,600,True,57,0.059664011001586914,0.0003743171691894531,"[0, 0, 8, 0, 10, 32, 10, 41, 22, 19, 51, 0, 0, 71]","""[0, 3, 12, 7, 6, 3, 4, 5, 3, 2, 5, 48, 71, 0]"""
j10,2,reactive,600,True,29,0.059664011001586914,0.22571706771850586,"[0, 0, 8, 0, 10, 16, 10, 19, 22, 19, 24, 0, 0, 29]","[0, 3, 12, 7, 6, 3, 4, 5, 3, 2, 5, 48, 71, 0]"
j10,2,proactive_robust,600,True,59,0.05449056625366211,0.00020551681518554688,"[0, 0, 0, 0, 13, 16, 28, 32, 36, 44, 28, 0, 59]","""[0, 9, 7, 4, 2, 9, 3, 9, 2, 3, 5, 18, 0]"""
j10,2,reactive,600,True,44,0.05449056625366211,0.16489171981811523,"[0, 0, 0, 0, 13, 16, 28, 32, 36, 41, 28, 0, 44]","[0, 9, 7, 4, 2, 9, 3, 9, 2, 3, 5, 18, 0]"
j10,2,proactive_robust,600,True,59,0.05723094940185547,0.0002224445343017578,"[0, 0, 0, 0, 13, 16, 28, 32, 36, 44, 28, 0, 59]","""[0, 9, 11, 6, 1, 4, 3, 9, 6, 14, 1, 18, 0]"""
j10,2,reactive,600,True,58,0.05723094940185547,0.14996027946472168,"[0, 0, 0, 0, 13, 16, 28, 32, 36, 44, 28, 0, 58]","[0, 9, 11, 6, 1, 4, 3, 9, 6, 14, 1, 18, 0]"
j10,2,proactive_robust,600,True,59,0.0571744441986084,0.00021505355834960938,"[0, 0, 0, 0, 13, 16, 28, 32, 36, 44, 28, 0, 59]","""[0, 8, 3, 5, 2, 12, 3, 12, 4, 4, 1, 18, 0]"""
j10,2,reactive,600,True,48,0.0571744441986084,0.12680840492248535,"[0, 0, 0, 0, 13, 16, 28, 32, 36, 44, 28, 0, 48]","[0, 8, 3, 5, 2, 12, 3, 12, 4, 4, 1, 18, 0]"
j10,2,proactive_robust,600,True,59,0.057813167572021484,0.0002181529998779297,"[0, 0, 0, 0, 13, 16, 28, 32, 36, 44, 28, 0, 59]","""[0, 9, 5, 1, 1, 12, 4, 12, 3, 10, 3, 18, 0]"""
j10,2,reactive,600,True,54,0.057813167572021484,0.12653231620788574,"[0, 0, 0, 0, 13, 16, 28, 32, 36, 44, 28, 0, 54]","[0, 9, 5, 1, 1, 12, 4, 12, 3, 10, 3, 18, 0]"
j10,2,proactive_robust,600,True,59,0.05896711349487305,0.0002110004425048828,"[0, 0, 0, 0, 13, 16, 28, 32, 36, 44, 28, 0, 59]","""[0, 4, 11, 4, 2, 5, 3, 9, 2, 12, 2, 18, 0]"""
j10,2,reactive,600,True,56,0.05896711349487305,0.17911314964294434,"[0, 0, 0, 0, 13, 16, 28, 32, 36, 44, 28, 0, 56]","[0, 4, 11, 4, 2, 5, 3, 9, 2, 12, 2, 18, 0]"
j10,2,proactive_robust,600,True,59,0.05701851844787598,0.000225067138671875,"[0, 0, 0, 0, 13, 16, 28, 32, 36, 44, 28, 0, 59]","""[0, 6, 12, 6, 3, 2, 4, 4, 3, 8, 7, 18, 0]"""
j10,2,reactive,600,True,44,0.05701851844787598,0.09893012046813965,"[0, 0, 0, 0, 13, 16, 28, 32, 35, 36, 28, 0, 44]","[0, 6, 12, 6, 3, 2, 4, 4, 3, 8, 7, 18, 0]"
j10,2,proactive_robust,600,True,59,0.05751848220825195,0.00021505355834960938,"[0, 0, 0, 0, 13, 16, 28, 32, 36, 44, 28, 0, 59]","""[0, 10, 7, 5, 1, 6, 3, 1, 6, 15, 1, 18, 0]"""
j10,2,reactive,600,True,41,0.05751848220825195,0.1646711826324463,"[0, 0, 0, 0, 13, 16, 22, 25, 25, 26, 22, 0, 41]","[0, 10, 7, 5, 1, 6, 3, 1, 6, 15, 1, 18, 0]"
j10,2,proactive_robust,600,True,59,0.056356191635131836,0.00019168853759765625,"[0, 0, 0, 0, 13, 16, 28, 32, 36, 44, 28, 0, 59]","""[0, 5, 3, 6, 2, 3, 3, 8, 3, 3, 8, 18, 0]"""
j10,2,reactive,600,True,43,0.056356191635131836,0.15674829483032227,"[0, 0, 0, 0, 13, 16, 28, 32, 36, 40, 28, 0, 43]","[0, 5, 3, 6, 2, 3, 3, 8, 3, 3, 8, 18, 0]"
j10,2,proactive_robust,600,True,59,0.058609724044799805,0.0002465248107910156,"[0, 0, 0, 0, 13, 16, 28, 32, 36, 44, 28, 0, 59]","""[0, 3, 1, 4, 2, 8, 4, 11, 6, 11, 1, 18, 0]"""
j10,2,reactive,600,True,55,0.058609724044799805,0.14728260040283203,"[0, 0, 0, 0, 13, 16, 28, 32, 36, 44, 28, 0, 55]","[0, 3, 1, 4, 2, 8, 4, 11, 6, 11, 1, 18, 0]"
j10,2,proactive_robust,600,True,59,0.05834245681762695,0.0002143383026123047,"[0, 0, 0, 0, 13, 16, 28, 32, 36, 44, 28, 0, 59]","""[0, 4, 6, 4, 1, 8, 4, 11, 1, 11, 7, 18, 0]"""
j10,2,reactive,600,True,55,0.05834245681762695,0.15376734733581543,"[0, 0, 0, 0, 13, 16, 28, 32, 36, 44, 28, 0, 55]","[0, 4, 6, 4, 1, 8, 4, 11, 1, 11, 7, 18, 0]"
j10,2,proactive_robust,600,True,45,0.05803227424621582,0.0005617141723632812,"[0, 0, 0, 4, 13, 4, 4, 17, 35, 25, 17, 0, 0, 0, 0, 0, 0, 0, 0, 56]","""[0, 1, 4, 2, 2, 3, 2, 3, 6, 2, 3, 26, 44, 17, 28, 11, 56, 36, 26, 0]"""
j10,2,reactive,600,True,33,0.05803227424621582,0.20062518119812012,"[0, 0, 0, 4, 13, 4, 4, 17, 27, 25, 17, 0, 0, 0, 0, 0, 0, 0, 0, 33]","[0, 1, 4, 2, 2, 3, 2, 3, 6, 2, 3, 26, 44, 17, 28, 11, 56, 36, 26, 0]"
j10,2,proactive_robust,600,True,35,0.06171369552612305,0.0005686283111572266,"[0, 0, 0, 4, 13, 3, 4, 17, 25, 25, 17, 0, 0, 0, 0, 0, 0, 0, 0, 56]","""[0, 4, 2, 4, 1, 4, 1, 5, 3, 2, 1, 26, 44, 17, 28, 11, 56, 36, 26, 0]"""
j10,2,reactive,600,True,25,0.06171369552612305,0.12641668319702148,"[0, 0, 0, 4, 13, 3, 4, 17, 22, 22, 17, 0, 0, 0, 0, 0, 0, 0, 0, 25]","[0, 4, 2, 4, 1, 4, 1, 5, 3, 2, 1, 26, 44, 17, 28, 11, 56, 36, 26, 0]"
j10,2,proactive_robust,600,True,45,0.0587162971496582,0.0005676746368408203,"[0, 0, 0, 4, 13, 4, 4, 17, 35, 25, 17, 0, 0, 0, 0, 0, 0, 0, 0, 56]","""[0, 1, 4, 1, 1, 2, 3, 3, 10, 5, 2, 26, 44, 17, 28, 11, 56, 36, 26, 0]"""
j10,2,reactive,600,True,40,0.0587162971496582,0.11584758758544922,"[0, 0, 0, 4, 13, 4, 4, 17, 30, 25, 17, 0, 0, 0, 0, 0, 0, 0, 0, 40]","[0, 1, 4, 1, 1, 2, 3, 3, 10, 5, 2, 26, 44, 17, 28, 11, 56, 36, 26, 0]"
j10,2,proactive_robust,600,True,45,0.058882713317871094,0.0006058216094970703,"[0, 0, 0, 4, 13, 4, 4, 17, 35, 25, 17, 0, 0, 0, 0, 0, 0, 0, 0, 56]","""[0, 4, 2, 8, 3, 8, 3, 4, 7, 9, 3, 26, 44, 17, 28, 11, 56, 36, 26, 0]"""
j10,2,reactive,600,True,41,0.058882713317871094,0.09419798851013184,"[0, 0, 0, 4, 13, 4, 4, 17, 34, 25, 17, 0, 0, 0, 0, 0, 0, 0, 0, 41]","[0, 4, 2, 8, 3, 8, 3, 4, 7, 9, 3, 26, 44, 17, 28, 11, 56, 36, 26, 0]"
j10,2,proactive_robust,600,True,45,0.05681729316711426,0.0005693435668945312,"[0, 0, 0, 4, 13, 4, 4, 17, 35, 25, 17, 0, 0, 0, 0, 0, 0, 0, 0, 56]","""[0, 1, 4, 7, 1, 3, 3, 2, 7, 2, 4, 26, 44, 17, 28, 11, 56, 36, 26, 0]"""
j10,2,reactive,600,True,34,0.05681729316711426,0.10069036483764648,"[0, 0, 0, 4, 13, 4, 4, 17, 27, 25, 17, 0, 0, 0, 0, 0, 0, 0, 0, 34]","[0, 1, 4, 7, 1, 3, 3, 2, 7, 2, 4, 26, 44, 17, 28, 11, 56, 36, 26, 0]"
j10,2,proactive_robust,600,True,45,0.058159589767456055,0.0005805492401123047,"[0, 0, 0, 4, 13, 4, 4, 17, 35, 25, 17, 0, 0, 0, 0, 0, 0, 0, 0, 56]","""[0, 3, 3, 3, 2, 4, 2, 8, 6, 2, 4, 26, 44, 17, 28, 11, 56, 36, 26, 0]"""
j10,2,reactive,600,True,33,0.058159589767456055,0.13125133514404297,"[0, 0, 0, 4, 13, 4, 4, 17, 27, 25, 17, 0, 0, 0, 0, 0, 0, 0, 0, 33]","[0, 3, 3, 3, 2, 4, 2, 8, 6, 2, 4, 26, 44, 17, 28, 11, 56, 36, 26, 0]"
j10,2,proactive_robust,600,True,45,0.05846858024597168,0.0005624294281005859,"[0, 0, 0, 4, 13, 4, 4, 17, 35, 25, 17, 0, 0, 0, 0, 0, 0, 0, 0, 56]","""[0, 3, 1, 4, 4, 3, 2, 6, 4, 2, 1, 26, 44, 17, 28, 11, 56, 36, 26, 0]"""
j10,2,reactive,600,True,31,0.05846858024597168,0.14461326599121094,"[0, 0, 0, 4, 13, 4, 4, 17, 27, 25, 17, 0, 0, 0, 0, 0, 0, 0, 0, 31]","[0, 3, 1, 4, 4, 3, 2, 6, 4, 2, 1, 26, 44, 17, 28, 11, 56, 36, 26, 0]"
j10,2,proactive_robust,600,True,45,0.05634427070617676,0.0005869865417480469,"[0, 0, 0, 4, 13, 4, 4, 17, 35, 25, 17, 0, 0, 0, 0, 0, 0, 0, 0, 56]","""[0, 1, 2, 1, 2, 7, 3, 1, 8, 10, 3, 26, 44, 17, 28, 11, 56, 36, 26, 0]"""
j10,2,reactive,600,True,36,0.05634427070617676,0.14269256591796875,"[0, 0, 0, 4, 13, 4, 4, 17, 18, 26, 17, 0, 0, 0, 0, 0, 0, 0, 0, 36]","[0, 1, 2, 1, 2, 7, 3, 1, 8, 10, 3, 26, 44, 17, 28, 11, 56, 36, 26, 0]"
j10,2,proactive_robust,600,True,45,0.05797410011291504,0.0005736351013183594,"[0, 0, 0, 4, 13, 4, 4, 17, 35, 25, 17, 0, 0, 0, 0, 0, 0, 0, 0, 56]","""[0, 3, 2, 3, 2, 4, 3, 1, 6, 9, 3, 26, 44, 17, 28, 11, 56, 36, 26, 0]"""
j10,2,reactive,600,True,34,0.05797410011291504,0.1446843147277832,"[0, 0, 0, 4, 13, 4, 4, 17, 18, 25, 17, 0, 0, 0, 0, 0, 0, 0, 0, 34]","[0, 3, 2, 3, 2, 4, 3, 1, 6, 9, 3, 26, 44, 17, 28, 11, 56, 36, 26, 0]"
j10,2,proactive_robust,600,True,45,0.05718111991882324,0.0005776882171630859,"[0, 0, 0, 4, 13, 4, 4, 17, 35, 25, 17, 0, 0, 0, 0, 0, 0, 0, 0, 56]","""[0, 1, 2, 4, 2, 4, 3, 6, 1, 6, 1, 26, 44, 17, 28, 11, 56, 36, 26, 0]"""
j10,2,reactive,600,True,31,0.05718111991882324,0.13763737678527832,"[0, 0, 0, 4, 13, 4, 4, 17, 23, 25, 17, 0, 0, 0, 0, 0, 0, 0, 0, 31]","[0, 1, 2, 4, 2, 4, 3, 6, 1, 6, 1, 26, 44, 17, 28, 11, 56, 36, 26, 0]"
j10,2,proactive_robust,600,True,40,0.16865277290344238,0.0002772808074951172,"[0, 0, 6, 1, 14, 30, 10, 5, 37, 18, 33, 0, 0, 41]","""[0, 2, 2, 4, 12, 1, 4, 9, 1, 6, 4, 41, 26, 0]"""
j10,2,reactive,600,True,32,0.16865277290344238,0.15477561950683594,"[0, 0, 6, 1, 14, 26, 10, 5, 27, 18, 28, 0, 0, 32]","[0, 2, 2, 4, 12, 1, 4, 9, 1, 6, 4, 41, 26, 0]"
j10,2,proactive_robust,600,True,40,0.16891860961914062,0.00028228759765625,"[0, 0, 6, 1, 14, 30, 10, 5, 37, 18, 33, 0, 0, 41]","""[0, 4, 3, 3, 11, 3, 6, 4, 1, 2, 2, 41, 26, 0]"""
j10,2,reactive,600,True,34,0.16891860961914062,0.20424962043762207,"[0, 0, 6, 1, 14, 30, 10, 5, 33, 18, 25, 0, 0, 34]","[0, 4, 3, 3, 11, 3, 6, 4, 1, 2, 2, 41, 26, 0]"
j10,2,proactive_robust,600,True,41,0.20185160636901855,0.000286102294921875,"[0, 0, 4, 0, 15, 31, 8, 6, 38, 16, 34, 0, 0, 41]","""[0, 4, 2, 1, 9, 3, 8, 7, 3, 5, 1, 41, 26, 0]"""
j10,2,reactive,600,True,31,0.20185160636901855,0.16911721229553223,"[0, 0, 4, 0, 15, 24, 8, 6, 27, 16, 30, 0, 0, 31]","[0, 4, 2, 1, 9, 3, 8, 7, 3, 5, 1, 41, 26, 0]"
j10,2,proactive_robust,600,True,40,0.1680283546447754,0.0002925395965576172,"[0, 0, 6, 1, 14, 30, 10, 5, 37, 18, 33, 0, 0, 41]","""[0, 3, 4, 3, 8, 2, 6, 4, 1, 9, 3, 41, 26, 0]"""
j10,2,reactive,600,True,33,0.1680283546447754,0.17950129508972168,"[0, 0, 6, 1, 14, 30, 10, 5, 32, 18, 27, 0, 0, 33]","[0, 3, 4, 3, 8, 2, 6, 4, 1, 9, 3, 41, 26, 0]"
j10,2,proactive_robust,600,True,40,0.16866660118103027,0.00027108192443847656,"[0, 0, 6, 1, 14, 30, 10, 5, 37, 18, 33, 0, 0, 41]","""[0, 5, 3, 3, 5, 3, 1, 1, 1, 6, 2, 41, 26, 0]"""
j10,2,reactive,600,True,30,0.16866660118103027,0.21906590461730957,"[0, 0, 6, 1, 14, 24, 10, 5, 27, 18, 28, 0, 0, 30]","[0, 5, 3, 3, 5, 3, 1, 1, 1, 6, 2, 41, 26, 0]"
j10,2,proactive_robust,600,True,41,0.20093393325805664,0.00029730796813964844,"[0, 1, 7, 0, 14, 31, 11, 5, 38, 19, 34, 0, 0, 41]","""[0, 4, 3, 3, 12, 3, 5, 4, 3, 7, 2, 41, 26, 0]"""
j10,2,reactive,600,True,37,0.20093393325805664,0.19387030601501465,"[0, 1, 7, 0, 14, 31, 11, 5, 34, 19, 26, 0, 0, 37]","[0, 4, 3, 3, 12, 3, 5, 4, 3, 7, 2, 41, 26, 0]"
j10,2,proactive_robust,600,True,40,0.17233896255493164,0.0002703666687011719,"[0, 0, 6, 1, 14, 30, 10, 5, 37, 18, 33, 0, 0, 41]","""[0, 4, 2, 3, 4, 2, 6, 1, 1, 4, 4, 41, 26, 0]"""
j10,2,reactive,600,True,29,0.17233896255493164,0.2177295684814453,"[0, 0, 6, 1, 14, 22, 10, 5, 24, 18, 25, 0, 0, 29]","[0, 4, 2, 3, 4, 2, 6, 1, 1, 4, 4, 41, 26, 0]"
j10,2,proactive_robust,600,True,40,0.17405200004577637,0.0002892017364501953,"[0, 0, 6, 1, 14, 30, 10, 5, 37, 18, 33, 0, 0, 41]","""[0, 1, 2, 3, 8, 3, 6, 7, 3, 9, 1, 41, 26, 0]"""
j10,2,reactive,600,True,37,0.17405200004577637,0.17896199226379395,"[0, 0, 6, 1, 14, 30, 10, 5, 34, 18, 33, 0, 0, 37]","[0, 1, 2, 3, 8, 3, 6, 7, 3, 9, 1, 41, 26, 0]"
j10,2,proactive_robust,600,True,40,0.1713564395904541,0.0002536773681640625,"[0, 0, 6, 1, 14, 30, 10, 5, 37, 18, 33, 0, 0, 41]","""[0, 6, 3, 2, 3, 1, 6, 9, 1, 1, 3, 41, 26, 0]"""
j10,2,reactive,600,True,23,0.1713564395904541,0.16619443893432617,"[0, 0, 6, 1, 14, 17, 10, 5, 19, 18, 20, 0, 0, 23]","[0, 6, 3, 2, 3, 1, 6, 9, 1, 1, 3, 41, 26, 0]"
j10,2,proactive_robust,600,True,40,0.17139434814453125,0.00029754638671875,"[0, 0, 6, 1, 14, 30, 10, 5, 37, 18, 33, 0, 0, 41]","""[0, 3, 4, 3, 15, 3, 5, 8, 3, 4, 1, 41, 26, 0]"""
j10,2,reactive,600,True,37,0.17139434814453125,0.13978934288024902,"[0, 0, 6, 1, 14, 30, 10, 5, 34, 18, 33, 0, 0, 37]","[0, 3, 4, 3, 15, 3, 5, 8, 3, 4, 1, 41, 26, 0]"
j10,2,proactive_robust,600,True,40,0.06116342544555664,0.0004749298095703125,"[0, 0, 4, 0, 6, 18, 13, 22, 22, 26, 25, 0, 0, 0, 81]","""[0, 2, 2, 1, 9, 1, 6, 1, 1, 5, 15, 68, 81, 40, 0]"""
j10,2,reactive,600,True,38,0.06116342544555664,0.16766810417175293,"[0, 0, 4, 0, 6, 18, 13, 22, 22, 23, 23, 0, 0, 0, 38]","[0, 2, 2, 1, 9, 1, 6, 1, 1, 5, 15, 68, 81, 40, 0]"
j10,2,proactive_robust,600,True,40,0.05991196632385254,0.0004906654357910156,"[0, 0, 4, 0, 6, 18, 13, 22, 22, 26, 25, 0, 0, 0, 81]","""[0, 1, 8, 4, 4, 1, 8, 3, 3, 5, 11, 68, 81, 40, 0]"""
j10,2,reactive,600,True,36,0.05991196632385254,0.13119769096374512,"[0, 0, 4, 0, 6, 18, 13, 22, 22, 26, 25, 0, 0, 0, 36]","[0, 1, 8, 4, 4, 1, 8, 3, 3, 5, 11, 68, 81, 40, 0]"
j10,2,proactive_robust,600,True,40,0.05985617637634277,0.00046181678771972656,"[0, 0, 4, 0, 6, 18, 13, 22, 22, 26, 25, 0, 0, 0, 81]","""[0, 4, 7, 2, 4, 3, 5, 3, 4, 2, 3, 68, 81, 40, 0]"""
j10,2,reactive,600,True,28,0.05985617637634277,0.14844465255737305,"[0, 0, 4, 0, 6, 18, 13, 22, 22, 26, 25, 0, 0, 0, 28]","[0, 4, 7, 2, 4, 3, 5, 3, 4, 2, 3, 68, 81, 40, 0]"
j10,2,proactive_robust,600,True,40,0.059999942779541016,0.0004668235778808594,"[0, 0, 4, 0, 6, 18, 13, 22, 22, 26, 25, 0, 0, 0, 81]","""[0, 2, 9, 4, 8, 2, 4, 1, 1, 2, 3, 68, 81, 40, 0]"""
j10,2,reactive,600,True,26,0.059999942779541016,0.1512601375579834,"[0, 0, 4, 0, 6, 18, 13, 22, 22, 23, 23, 0, 0, 0, 26]","[0, 2, 9, 4, 8, 2, 4, 1, 1, 2, 3, 68, 81, 40, 0]"
j10,2,proactive_robust,600,True,40,0.05920743942260742,0.0005099773406982422,"[0, 0, 4, 0, 6, 18, 13, 22, 22, 26, 25, 0, 0, 0, 81]","""[0, 6, 6, 4, 10, 1, 9, 2, 4, 2, 14, 68, 81, 40, 0]"""
j10,2,reactive,600,True,39,0.05920743942260742,0.08914637565612793,"[0, 0, 4, 0, 6, 18, 13, 22, 22, 26, 25, 0, 0, 0, 39]","[0, 6, 6, 4, 10, 1, 9, 2, 4, 2, 14, 68, 81, 40, 0]"
j10,2,proactive_robust,600,True,40,0.059156179428100586,0.0004780292510986328,"[0, 0, 4, 0, 6, 18, 13, 22, 22, 26, 25, 0, 0, 0, 81]","""[0, 4, 1, 2, 6, 2, 4, 1, 3, 4, 13, 68, 81, 40, 0]"""
j10,2,reactive,600,True,38,0.059156179428100586,0.17870688438415527,"[0, 0, 4, 0, 6, 18, 13, 22, 22, 26, 25, 0, 0, 0, 38]","[0, 4, 1, 2, 6, 2, 4, 1, 3, 4, 13, 68, 81, 40, 0]"
j10,2,proactive_robust,600,True,40,0.05869889259338379,0.0004901885986328125,"[0, 0, 4, 0, 6, 18, 13, 22, 22, 26, 25, 0, 0, 0, 81]","""[0, 6, 1, 3, 5, 1, 4, 2, 4, 4, 12, 68, 81, 40, 0]"""
j10,2,reactive,600,True,37,0.05869889259338379,0.13634872436523438,"[0, 0, 4, 0, 6, 18, 13, 22, 22, 26, 25, 0, 0, 0, 37]","[0, 6, 1, 3, 5, 1, 4, 2, 4, 4, 12, 68, 81, 40, 0]"
j10,2,proactive_robust,600,True,40,0.058173179626464844,0.0004947185516357422,"[0, 0, 4, 0, 6, 18, 13, 22, 22, 26, 25, 0, 0, 0, 81]","""[0, 4, 9, 3, 4, 2, 4, 3, 1, 6, 9, 68, 81, 40, 0]"""
j10,2,reactive,600,True,34,0.058173179626464844,0.1281576156616211,"[0, 0, 4, 0, 6, 18, 13, 22, 22, 26, 25, 0, 0, 0, 34]","[0, 4, 9, 3, 4, 2, 4, 3, 1, 6, 9, 68, 81, 40, 0]"
j10,2,proactive_robust,600,True,40,0.05884385108947754,0.0005011558532714844,"[0, 0, 4, 0, 6, 18, 13, 22, 22, 26, 25, 0, 0, 0, 81]","""[0, 3, 2, 2, 10, 3, 6, 2, 3, 6, 14, 68, 81, 40, 0]"""
j10,2,reactive,600,True,39,0.05884385108947754,0.16027593612670898,"[0, 0, 4, 0, 6, 18, 13, 22, 22, 26, 25, 0, 0, 0, 39]","[0, 3, 2, 2, 10, 3, 6, 2, 3, 6, 14, 68, 81, 40, 0]"
j10,2,proactive_robust,600,True,40,0.060868263244628906,0.00048232078552246094,"[0, 0, 4, 0, 6, 18, 13, 22, 22, 26, 25, 0, 0, 0, 81]","""[0, 3, 1, 2, 3, 4, 5, 2, 4, 2, 11, 68, 81, 40, 0]"""
j10,2,reactive,600,True,36,0.060868263244628906,0.14720463752746582,"[0, 0, 4, 0, 6, 18, 13, 22, 22, 26, 25, 0, 0, 0, 36]","[0, 3, 1, 2, 3, 4, 5, 2, 4, 2, 11, 68, 81, 40, 0]"
j10,2,proactive_robust,600,True,49,0.059716224670410156,0.00029015541076660156,"[0, 0, 0, 0, 24, 3, 9, 24, 37, 37, 34, 0, 52]","""[0, 2, 15, 2, 8, 2, 12, 9, 5, 4, 6, 52, 0]"""
j10,2,reactive,600,True,42,0.059716224670410156,0.13164949417114258,"[0, 0, 0, 0, 24, 3, 9, 24, 37, 37, 34, 0, 42]","[0, 2, 15, 2, 8, 2, 12, 9, 5, 4, 6, 52, 0]"
j10,2,proactive_robust,600,True,49,0.05999040603637695,0.00030231475830078125,"[0, 0, 0, 0, 24, 3, 9, 24, 37, 37, 34, 0, 52]","""[0, 7, 15, 2, 4, 1, 8, 7, 2, 7, 14, 52, 0]"""
j10,2,reactive,600,True,48,0.05999040603637695,0.16061973571777344,"[0, 0, 0, 0, 24, 3, 9, 24, 37, 37, 34, 0, 48]","[0, 7, 15, 2, 4, 1, 8, 7, 2, 7, 14, 52, 0]"
j10,2,proactive_robust,600,True,49,0.060239553451538086,0.00028061866760253906,"[0, 0, 0, 0, 24, 3, 9, 24, 37, 37, 34, 0, 52]","""[0, 2, 3, 3, 12, 6, 13, 2, 3, 1, 13, 52, 0]"""
j10,2,reactive,600,True,47,0.060239553451538086,0.12042093276977539,"[0, 0, 0, 0, 24, 3, 9, 24, 37, 37, 34, 0, 47]","[0, 2, 3, 3, 12, 6, 13, 2, 3, 1, 13, 52, 0]"
j10,2,proactive_robust,600,True,49,0.05883216857910156,0.0002951622009277344,"[0, 0, 0, 0, 24, 3, 9, 24, 37, 37, 34, 0, 52]","""[0, 2, 5, 3, 9, 6, 12, 10, 3, 5, 10, 52, 0]"""
j10,2,reactive,600,True,44,0.05883216857910156,0.10979843139648438,"[0, 0, 0, 0, 24, 3, 9, 24, 37, 37, 34, 0, 44]","[0, 2, 5, 3, 9, 6, 12, 10, 3, 5, 10, 52, 0]"
j10,2,proactive_robust,600,True,49,0.060276031494140625,0.00027751922607421875,"[0, 0, 0, 0, 24, 3, 9, 24, 37, 37, 34, 0, 52]","""[0, 8, 15, 1, 10, 1, 9, 2, 4, 1, 3, 52, 0]"""
j10,2,reactive,600,True,41,0.060276031494140625,0.13355278968811035,"[0, 0, 0, 0, 24, 3, 9, 24, 37, 37, 34, 0, 41]","[0, 8, 15, 1, 10, 1, 9, 2, 4, 1, 3, 52, 0]"
j10,2,proactive_robust,600,True,49,0.059890031814575195,0.0003037452697753906,"[0, 0, 0, 0, 24, 3, 9, 24, 37, 37, 34, 0, 52]","""[0, 6, 13, 1, 11, 1, 8, 10, 5, 5, 10, 52, 0]"""
j10,2,reactive,600,True,44,0.059890031814575195,0.13565802574157715,"[0, 0, 0, 0, 24, 3, 9, 24, 37, 37, 34, 0, 44]","[0, 6, 13, 1, 11, 1, 8, 10, 5, 5, 10, 52, 0]"
j10,2,proactive_robust,600,True,49,0.05702519416809082,0.00028228759765625,"[0, 0, 0, 0, 24, 3, 9, 24, 37, 37, 34, 0, 52]","""[0, 5, 15, 2, 8, 5, 13, 5, 2, 4, 3, 52, 0]"""
j10,2,reactive,600,True,37,0.05702519416809082,0.1306614875793457,"[0, 0, 0, 0, 24, 3, 9, 24, 32, 32, 34, 0, 37]","[0, 5, 15, 2, 8, 5, 13, 5, 2, 4, 3, 52, 0]"
j10,2,proactive_robust,600,True,49,0.05754852294921875,0.0002818107604980469,"[0, 0, 0, 0, 24, 3, 9, 24, 37, 37, 34, 0, 52]","""[0, 6, 11, 3, 4, 1, 9, 9, 3, 2, 9, 52, 0]"""
j10,2,reactive,600,True,43,0.05754852294921875,0.14426374435424805,"[0, 0, 0, 0, 24, 3, 9, 24, 37, 37, 34, 0, 43]","[0, 6, 11, 3, 4, 1, 9, 9, 3, 2, 9, 52, 0]"
j10,2,proactive_robust,600,True,49,0.0598292350769043,0.0002987384796142578,"[0, 0, 0, 0, 24, 3, 9, 24, 37, 37, 34, 0, 52]","""[0, 7, 11, 2, 7, 3, 12, 5, 1, 6, 14, 52, 0]"""
j10,2,reactive,600,True,48,0.0598292350769043,0.15073919296264648,"[0, 0, 0, 0, 24, 3, 9, 24, 37, 37, 34, 0, 48]","[0, 7, 11, 2, 7, 3, 12, 5, 1, 6, 14, 52, 0]"
j10,2,proactive_robust,600,True,49,0.059148311614990234,0.0002810955047607422,"[0, 0, 0, 0, 24, 3, 9, 24, 37, 37, 34, 0, 52]","""[0, 2, 11, 3, 10, 4, 4, 8, 1, 1, 14, 52, 0]"""
j10,2,reactive,600,True,46,0.059148311614990234,0.1656966209411621,"[0, 0, 0, 0, 24, 3, 9, 24, 34, 34, 32, 0, 46]","[0, 2, 11, 3, 10, 4, 4, 8, 1, 1, 14, 52, 0]"
j10,2,proactive_robust,600,True,41,0.07608890533447266,0.0005371570587158203,"[0, 0, 0, 0, 16, 3, 9, 16, 31, 16, 20, 0, 0, 0, 0, 86]","""[0, 1, 4, 9, 4, 1, 4, 3, 5, 3, 4, 86, 13, 86, 46, 0]"""
j10,2,reactive,600,True,25,0.07608890533447266,0.13118600845336914,"[0, 0, 0, 0, 16, 3, 9, 16, 20, 16, 20, 0, 0, 0, 0, 25]","[0, 1, 4, 9, 4, 1, 4, 3, 5, 3, 4, 86, 13, 86, 46, 0]"
j10,2,proactive_robust,600,True,41,0.053502559661865234,0.0005526542663574219,"[0, 0, 0, 0, 16, 3, 9, 16, 31, 16, 20, 0, 0, 0, 0, 86]","""[0, 2, 9, 3, 2, 6, 2, 12, 7, 5, 1, 86, 13, 86, 46, 0]"""
j10,2,reactive,600,True,38,0.053502559661865234,0.15867209434509277,"[0, 0, 0, 0, 16, 3, 9, 16, 31, 16, 20, 0, 0, 0, 0, 38]","[0, 2, 9, 3, 2, 6, 2, 12, 7, 5, 1, 86, 13, 86, 46, 0]"
j10,2,proactive_robust,600,True,41,0.05229353904724121,0.0005772113800048828,"[0, 0, 0, 0, 16, 3, 9, 16, 31, 16, 20, 0, 0, 0, 0, 86]","""[0, 2, 13, 9, 3, 4, 3, 15, 7, 2, 2, 86, 13, 86, 46, 0]"""
j10,2,reactive,600,True,38,0.05229353904724121,0.13081049919128418,"[0, 0, 0, 0, 16, 3, 9, 16, 31, 16, 20, 0, 0, 0, 0, 38]","[0, 2, 13, 9, 3, 4, 3, 15, 7, 2, 2, 86, 13, 86, 46, 0]"
j10,2,proactive_robust,600,True,41,0.051191091537475586,0.0005664825439453125,"[0, 0, 0, 0, 16, 3, 9, 16, 31, 16, 20, 0, 0, 0, 0, 86]","""[0, 1, 16, 7, 2, 2, 4, 8, 2, 6, 7, 86, 13, 86, 46, 0]"""
j10,2,reactive,600,True,27,0.051191091537475586,0.10681557655334473,"[0, 0, 0, 0, 16, 3, 9, 16, 24, 16, 20, 0, 0, 0, 0, 27]","[0, 1, 16, 7, 2, 2, 4, 8, 2, 6, 7, 86, 13, 86, 46, 0]"
j10,2,proactive_robust,600,True,41,0.05190420150756836,0.0005660057067871094,"[0, 0, 0, 0, 16, 3, 9, 16, 31, 16, 20, 0, 0, 0, 0, 86]","""[0, 2, 5, 2, 4, 7, 3, 7, 6, 9, 3, 86, 13, 86, 46, 0]"""
j10,2,reactive,600,True,29,0.05190420150756836,0.142960786819458,"[0, 0, 0, 0, 16, 3, 9, 16, 23, 16, 20, 0, 0, 0, 0, 29]","[0, 2, 5, 2, 4, 7, 3, 7, 6, 9, 3, 86, 13, 86, 46, 0]"
j10,2,proactive_robust,600,True,41,0.051563262939453125,0.0005905628204345703,"[0, 0, 0, 0, 16, 3, 9, 16, 31, 16, 20, 0, 0, 0, 0, 86]","""[0, 1, 14, 5, 3, 6, 4, 4, 3, 11, 10, 86, 13, 86, 46, 0]"""
j10,2,reactive,600,True,30,0.051563262939453125,0.11048388481140137,"[0, 0, 0, 0, 16, 3, 9, 16, 20, 16, 20, 0, 0, 0, 0, 30]","[0, 1, 14, 5, 3, 6, 4, 4, 3, 11, 10, 86, 13, 86, 46, 0]"
j10,2,proactive_robust,600,True,41,0.04941725730895996,0.0005652904510498047,"[0, 0, 0, 0, 16, 3, 9, 16, 31, 16, 20, 0, 0, 0, 0, 86]","""[0, 3, 15, 1, 2, 6, 1, 8, 2, 5, 4, 86, 13, 86, 46, 0]"""
j10,2,reactive,600,True,26,0.04941725730895996,0.12110400199890137,"[0, 0, 0, 0, 16, 3, 9, 16, 24, 16, 20, 0, 0, 0, 0, 26]","[0, 3, 15, 1, 2, 6, 1, 8, 2, 5, 4, 86, 13, 86, 46, 0]"
j10,2,proactive_robust,600,True,41,0.052052974700927734,0.00054931640625,"[0, 0, 0, 0, 16, 3, 9, 16, 31, 16, 20, 0, 0, 0, 0, 86]","""[0, 2, 5, 6, 3, 8, 1, 3, 1, 9, 7, 86, 13, 86, 46, 0]"""
j10,2,reactive,600,True,26,0.052052974700927734,0.14748883247375488,"[0, 0, 0, 0, 16, 3, 9, 16, 19, 16, 19, 0, 0, 0, 0, 26]","[0, 2, 5, 6, 3, 8, 1, 3, 1, 9, 7, 86, 13, 86, 46, 0]"
j10,2,proactive_robust,600,True,41,0.05062747001647949,0.0005588531494140625,"[0, 0, 0, 0, 16, 3, 9, 16, 31, 16, 20, 0, 0, 0, 0, 86]","""[0, 1, 6, 2, 4, 6, 3, 12, 2, 8, 6, 86, 13, 86, 46, 0]"""
j10,2,reactive,600,True,30,0.05062747001647949,0.13451337814331055,"[0, 0, 0, 0, 16, 3, 9, 16, 28, 16, 20, 0, 0, 0, 0, 30]","[0, 1, 6, 2, 4, 6, 3, 12, 2, 8, 6, 86, 13, 86, 46, 0]"
j10,2,proactive_robust,600,True,41,0.05392146110534668,0.0005900859832763672,"[0, 0, 0, 0, 16, 3, 9, 16, 31, 16, 20, 0, 0, 0, 0, 86]","""[0, 1, 9, 5, 2, 4, 2, 12, 10, 9, 10, 86, 13, 86, 46, 0]"""
j10,2,reactive,600,True,38,0.05392146110534668,0.13011980056762695,"[0, 0, 0, 0, 16, 3, 9, 16, 28, 16, 20, 0, 0, 0, 0, 38]","[0, 1, 9, 5, 2, 4, 2, 12, 10, 9, 10, 86, 13, 86, 46, 0]"
j10,2,proactive_robust,600,True,29,0.07336664199829102,0.0002281665802001953,"[0, 0, 0, 14, 10, 10, 22, 19, 16, 25, 19, 0, 34]","""[0, 5, 1, 7, 4, 4, 3, 1, 3, 4, 8, 34, 0]"""
j10,2,reactive,600,True,23,0.07336664199829102,0.1351327896118164,"[0, 0, 0, 1, 5, 8, 12, 9, 20, 15, 12, 0, 23]","[0, 5, 1, 7, 4, 4, 3, 1, 3, 4, 8, 34, 0]"
j10,2,proactive_robust,600,True,29,0.07228350639343262,0.0002288818359375,"[0, 0, 0, 14, 10, 10, 22, 19, 16, 25, 19, 0, 34]","""[0, 7, 1, 8, 4, 2, 3, 1, 2, 4, 8, 34, 0]"""
j10,2,reactive,600,True,29,0.07228350639343262,0.1255812644958496,"[0, 0, 0, 14, 10, 10, 22, 19, 16, 25, 19, 0, 29]","[0, 7, 1, 8, 4, 2, 3, 1, 2, 4, 8, 34, 0]"
j10,2,proactive_robust,600,True,29,0.07309675216674805,0.0001964569091796875,"[0, 0, 0, 14, 10, 10, 22, 19, 16, 25, 19, 0, 34]","""[0, 3, 4, 4, 2, 1, 1, 3, 1, 4, 2, 34, 0]"""
j10,2,reactive,600,True,14,0.07309675216674805,0.2044508457183838,"[0, 0, 0, 4, 3, 8, 9, 5, 11, 10, 9, 0, 14]","[0, 3, 4, 4, 2, 1, 1, 3, 1, 4, 2, 34, 0]"
j10,2,proactive_robust,600,True,29,0.07135939598083496,0.0002453327178955078,"[0, 0, 0, 14, 10, 10, 22, 19, 16, 25, 19, 0, 34]","""[0, 6, 7, 7, 6, 3, 3, 3, 3, 3, 7, 34, 0]"""
j10,2,reactive,600,True,28,0.07135939598083496,0.10442662239074707,"[0, 0, 0, 14, 10, 10, 22, 19, 16, 25, 19, 0, 28]","[0, 6, 7, 7, 6, 3, 3, 3, 3, 3, 7, 34, 0]"
j10,2,proactive_robust,600,True,29,0.07092976570129395,0.00019741058349609375,"[0, 0, 0, 14, 10, 10, 22, 19, 16, 25, 19, 0, 34]","""[0, 3, 8, 2, 2, 3, 2, 2, 2, 3, 2, 34, 0]"""
j10,2,reactive,600,True,24,0.07092976570129395,0.20380425453186035,"[0, 0, 0, 14, 10, 10, 16, 19, 16, 21, 19, 0, 24]","[0, 3, 8, 2, 2, 3, 2, 2, 2, 3, 2, 34, 0]"
j10,2,proactive_robust,600,True,29,0.07235264778137207,0.00019407272338867188,"[0, 0, 0, 14, 10, 10, 22, 19, 16, 25, 19, 0, 34]","""[0, 5, 4, 2, 5, 2, 3, 3, 1, 1, 1, 34, 0]"""
j10,2,reactive,600,True,23,0.07235264778137207,0.18307876586914062,"[0, 0, 0, 14, 10, 10, 16, 19, 16, 22, 19, 0, 23]","[0, 5, 4, 2, 5, 2, 3, 3, 1, 1, 1, 34, 0]"
j10,2,proactive_robust,600,True,29,0.0717306137084961,0.00020313262939453125,"[0, 0, 0, 14, 10, 10, 22, 19, 16, 25, 19, 0, 34]","""[0, 3, 7, 8, 1, 3, 2, 1, 1, 1, 7, 34, 0]"""
j10,2,reactive,600,True,26,0.0717306137084961,0.17565298080444336,"[0, 0, 0, 14, 10, 10, 22, 19, 16, 24, 19, 0, 26]","[0, 3, 7, 8, 1, 3, 2, 1, 1, 1, 7, 34, 0]"
j10,2,proactive_robust,600,True,29,0.07271695137023926,0.0002071857452392578,"[0, 0, 0, 14, 10, 10, 22, 19, 16, 25, 19, 0, 34]","""[0, 5, 9, 4, 2, 2, 2, 1, 2, 3, 2, 34, 0]"""
j10,2,reactive,600,True,27,0.07271695137023926,0.16534185409545898,"[0, 0, 0, 14, 10, 10, 22, 19, 16, 24, 19, 0, 27]","[0, 5, 9, 4, 2, 2, 2, 1, 2, 3, 2, 34, 0]"
j10,2,proactive_robust,600,True,29,0.0715632438659668,0.0002193450927734375,"[0, 0, 0, 14, 10, 10, 22, 19, 16, 25, 19, 0, 34]","""[0, 3, 7, 7, 3, 4, 3, 3, 2, 2, 1, 34, 0]"""
j10,2,reactive,600,True,27,0.0715632438659668,0.1894373893737793,"[0, 0, 0, 14, 10, 10, 22, 19, 16, 25, 19, 0, 27]","[0, 3, 7, 7, 3, 4, 3, 3, 2, 2, 1, 34, 0]"
j10,2,proactive_robust,600,True,29,0.07257652282714844,0.00022983551025390625,"[0, 0, 0, 14, 10, 10, 22, 19, 16, 25, 19, 0, 34]","""[0, 10, 6, 1, 5, 3, 3, 1, 2, 4, 6, 34, 0]"""
j10,2,reactive,600,True,25,0.07257652282714844,0.12638163566589355,"[0, 0, 0, 14, 10, 10, 15, 19, 16, 21, 19, 0, 25]","[0, 10, 6, 1, 5, 3, 3, 1, 2, 4, 6, 34, 0]"
j10,2,proactive_robust,600,True,42,0.05235910415649414,0.0008606910705566406,"[0, 0, 0, 0, 8, 10, 14, 23, 32, 23, 14, 0, 0, 0, 0, 0, 0, 0, 0, 79]","""[0, 5, 5, 2, 14, 4, 3, 2, 6, 1, 10, 79, 31, 41, 26, 18, 62, 69, 77, 0]"""
j10,2,reactive,600,True,31,0.05235910415649414,0.11457467079162598,"[0, 0, 0, 0, 8, 10, 14, 23, 25, 23, 14, 0, 0, 0, 0, 0, 0, 0, 0, 31]","[0, 5, 5, 2, 14, 4, 3, 2, 6, 1, 10, 79, 31, 41, 26, 18, 62, 69, 77, 0]"
j10,2,proactive_robust,600,True,42,0.051828861236572266,0.0008752346038818359,"[0, 0, 0, 0, 8, 10, 14, 23, 32, 23, 14, 0, 0, 0, 0, 0, 0, 0, 0, 79]","""[0, 3, 9, 10, 11, 3, 3, 7, 6, 1, 7, 79, 31, 41, 26, 18, 62, 69, 77, 0]"""
j10,2,reactive,600,True,38,0.051828861236572266,0.11038422584533691,"[0, 0, 0, 0, 8, 10, 14, 23, 32, 23, 14, 0, 0, 0, 0, 0, 0, 0, 0, 38]","[0, 3, 9, 10, 11, 3, 3, 7, 6, 1, 7, 79, 31, 41, 26, 18, 62, 69, 77, 0]"
j10,2,proactive_robust,600,True,42,0.0504765510559082,0.0008401870727539062,"[0, 0, 0, 0, 8, 10, 14, 23, 32, 23, 14, 0, 0, 0, 0, 0, 0, 0, 0, 79]","""[0, 4, 8, 1, 15, 1, 2, 2, 2, 3, 3, 79, 31, 41, 26, 18, 62, 69, 77, 0]"""
j10,2,reactive,600,True,27,0.0504765510559082,0.12243390083312988,"[0, 0, 0, 0, 8, 10, 14, 23, 25, 23, 14, 0, 0, 0, 0, 0, 0, 0, 0, 27]","[0, 4, 8, 1, 15, 1, 2, 2, 2, 3, 3, 79, 31, 41, 26, 18, 62, 69, 77, 0]"
j10,2,proactive_robust,600,True,42,0.048847198486328125,0.0008547306060791016,"[0, 0, 0, 0, 8, 10, 14, 23, 32, 23, 14, 0, 0, 0, 0, 0, 0, 0, 0, 79]","""[0, 5, 1, 8, 12, 1, 2, 5, 3, 1, 6, 79, 31, 41, 26, 18, 62, 69, 77, 0]"""
j10,2,reactive,600,True,31,0.048847198486328125,0.13133025169372559,"[0, 0, 0, 0, 8, 10, 14, 23, 28, 23, 14, 0, 0, 0, 0, 0, 0, 0, 0, 31]","[0, 5, 1, 8, 12, 1, 2, 5, 3, 1, 6, 79, 31, 41, 26, 18, 62, 69, 77, 0]"
j10,2,proactive_robust,600,True,42,0.051438331604003906,0.0008664131164550781,"[0, 0, 0, 0, 8, 10, 14, 23, 32, 23, 14, 0, 0, 0, 0, 0, 0, 0, 0, 79]","""[0, 7, 7, 4, 9, 2, 4, 8, 6, 1, 4, 79, 31, 41, 26, 18, 62, 69, 77, 0]"""
j10,2,reactive,600,True,38,0.051438331604003906,0.12698101997375488,"[0, 0, 0, 0, 8, 10, 14, 23, 32, 23, 14, 0, 0, 0, 0, 0, 0, 0, 0, 38]","[0, 7, 7, 4, 9, 2, 4, 8, 6, 1, 4, 79, 31, 41, 26, 18, 62, 69, 77, 0]"
j10,2,proactive_robust,600,True,42,0.050295114517211914,0.0008454322814941406,"[0, 0, 0, 0, 8, 10, 14, 23, 32, 23, 14, 0, 0, 0, 0, 0, 0, 0, 0, 79]","""[0, 4, 9, 4, 9, 2, 3, 1, 2, 1, 9, 79, 31, 41, 26, 18, 62, 69, 77, 0]"""
j10,2,reactive,600,True,23,0.050295114517211914,0.13166475296020508,"[0, 0, 0, 0, 8, 10, 14, 17, 21, 17, 14, 0, 0, 0, 0, 0, 0, 0, 0, 23]","[0, 4, 9, 4, 9, 2, 3, 1, 2, 1, 9, 79, 31, 41, 26, 18, 62, 69, 77, 0]"
j10,2,proactive_robust,600,True,42,0.05353116989135742,0.0008563995361328125,"[0, 0, 0, 0, 8, 10, 14, 23, 32, 23, 14, 0, 0, 0, 0, 0, 0, 0, 0, 79]","""[0, 6, 7, 3, 11, 1, 2, 2, 10, 2, 1, 79, 31, 41, 26, 18, 62, 69, 77, 0]"""
j10,2,reactive,600,True,31,0.05353116989135742,0.13701486587524414,"[0, 0, 0, 0, 8, 10, 14, 19, 21, 19, 14, 0, 0, 0, 0, 0, 0, 0, 0, 31]","[0, 6, 7, 3, 11, 1, 2, 2, 10, 2, 1, 79, 31, 41, 26, 18, 62, 69, 77, 0]"
j10,2,proactive_robust,600,True,42,0.052420616149902344,0.0008444786071777344,"[0, 0, 0, 0, 8, 10, 14, 23, 32, 23, 14, 0, 0, 0, 0, 0, 0, 0, 0, 79]","""[0, 6, 1, 10, 4, 2, 4, 2, 5, 2, 3, 79, 31, 41, 26, 18, 62, 69, 77, 0]"""
j10,2,reactive,600,True,20,0.052420616149902344,0.11937689781188965,"[0, 0, 0, 0, 8, 10, 14, 12, 15, 18, 14, 0, 0, 0, 0, 0, 0, 0, 0, 20]","[0, 6, 1, 10, 4, 2, 4, 2, 5, 2, 3, 79, 31, 41, 26, 18, 62, 69, 77, 0]"
j10,2,proactive_robust,600,True,42,0.05191493034362793,0.0008554458618164062,"[0, 0, 0, 0, 8, 10, 14, 23, 32, 23, 14, 0, 0, 0, 0, 0, 0, 0, 0, 79]","""[0, 3, 3, 9, 14, 2, 1, 4, 5, 1, 5, 79, 31, 41, 26, 18, 62, 69, 77, 0]"""
j10,2,reactive,600,True,32,0.05191493034362793,0.13179326057434082,"[0, 0, 0, 0, 8, 10, 14, 23, 27, 23, 14, 0, 0, 0, 0, 0, 0, 0, 0, 32]","[0, 3, 3, 9, 14, 2, 1, 4, 5, 1, 5, 79, 31, 41, 26, 18, 62, 69, 77, 0]"
j10,2,proactive_robust,600,True,42,0.05028271675109863,0.0008728504180908203,"[0, 0, 0, 0, 8, 10, 14, 23, 32, 23, 14, 0, 0, 0, 0, 0, 0, 0, 0, 79]","""[0, 8, 7, 8, 14, 1, 1, 6, 7, 2, 9, 79, 31, 41, 26, 18, 62, 69, 77, 0]"""
j10,2,reactive,600,True,39,0.05028271675109863,0.12561774253845215,"[0, 0, 0, 0, 8, 10, 14, 23, 32, 23, 14, 0, 0, 0, 0, 0, 0, 0, 0, 39]","[0, 8, 7, 8, 14, 1, 1, 6, 7, 2, 9, 79, 31, 41, 26, 18, 62, 69, 77, 0]"
j10,2,proactive_robust,600,True,53,0.055828094482421875,0.00033926963806152344,"[0, 0, 10, 0, 19, 27, 19, 27, 37, 37, 37, 0, 73]","""[0, 10, 6, 10, 4, 4, 10, 8, 14, 8, 2, 73, 0]"""
j10,2,reactive,600,True,51,0.055828094482421875,0.13346266746520996,"[0, 0, 10, 0, 19, 27, 19, 27, 37, 37, 37, 0, 51]","[0, 10, 6, 10, 4, 4, 10, 8, 14, 8, 2, 73, 0]"
j10,2,proactive_robust,600,True,53,0.055861473083496094,0.00029921531677246094,"[0, 0, 10, 0, 19, 27, 19, 27, 37, 37, 37, 0, 73]","""[0, 5, 5, 7, 2, 3, 5, 1, 10, 5, 3, 73, 0]"""
j10,2,reactive,600,True,38,0.055861473083496094,0.19113373756408691,"[0, 0, 10, 0, 19, 27, 19, 27, 28, 30, 30, 0, 38]","[0, 5, 5, 7, 2, 3, 5, 1, 10, 5, 3, 73, 0]"
j10,2,proactive_robust,600,True,53,0.054468631744384766,0.00032019615173339844,"[0, 0, 10, 0, 19, 27, 19, 27, 37, 37, 37, 0, 73]","""[0, 3, 9, 8, 8, 2, 5, 10, 4, 13, 2, 73, 0]"""
j10,2,reactive,600,True,50,0.054468631744384766,0.11703228950500488,"[0, 0, 10, 0, 19, 27, 19, 27, 37, 37, 37, 0, 50]","[0, 3, 9, 8, 8, 2, 5, 10, 4, 13, 2, 73, 0]"
j10,2,proactive_robust,600,True,53,0.05704617500305176,0.0003368854522705078,"[0, 0, 10, 0, 19, 27, 19, 27, 37, 37, 37, 0, 73]","""[0, 8, 9, 7, 8, 2, 12, 5, 16, 6, 2, 73, 0]"""
j10,2,reactive,600,True,53,0.05704617500305176,0.10383105278015137,"[0, 0, 10, 0, 19, 27, 19, 27, 37, 37, 37, 0, 53]","[0, 8, 9, 7, 8, 2, 12, 5, 16, 6, 2, 73, 0]"
j10,2,proactive_robust,600,True,53,0.056157588958740234,0.00032973289489746094,"[0, 0, 10, 0, 19, 27, 19, 27, 37, 37, 37, 0, 73]","""[0, 7, 8, 12, 1, 1, 12, 5, 13, 8, 2, 73, 0]"""
j10,2,reactive,600,True,50,0.056157588958740234,0.15205025672912598,"[0, 0, 10, 0, 19, 27, 19, 27, 37, 37, 37, 0, 50]","[0, 7, 8, 12, 1, 1, 12, 5, 13, 8, 2, 73, 0]"
j10,2,proactive_robust,600,True,53,0.056903839111328125,0.0003218650817871094,"[0, 0, 10, 0, 19, 27, 19, 27, 37, 37, 37, 0, 73]","""[0, 1, 2, 10, 7, 2, 10, 10, 16, 3, 3, 73, 0]"""
j10,2,reactive,600,True,53,0.056903839111328125,0.15167856216430664,"[0, 0, 10, 0, 19, 27, 19, 27, 37, 37, 37, 0, 53]","[0, 1, 2, 10, 7, 2, 10, 10, 16, 3, 3, 73, 0]"
j10,2,proactive_robust,600,True,53,0.05719780921936035,0.00033164024353027344,"[0, 0, 10, 0, 19, 27, 19, 27, 37, 37, 37, 0, 73]","""[0, 6, 6, 6, 5, 1, 13, 6, 10, 13, 3, 73, 0]"""
j10,2,reactive,600,True,50,0.05719780921936035,0.1468367576599121,"[0, 0, 10, 0, 19, 27, 19, 27, 37, 37, 37, 0, 50]","[0, 6, 6, 6, 5, 1, 13, 6, 10, 13, 3, 73, 0]"
j10,2,proactive_robust,600,True,53,0.056748390197753906,0.00032401084899902344,"[0, 0, 10, 0, 19, 27, 19, 27, 37, 37, 37, 0, 73]","""[0, 1, 9, 10, 6, 4, 10, 2, 16, 3, 2, 73, 0]"""
j10,2,reactive,600,True,45,0.056748390197753906,0.13927268981933594,"[0, 0, 10, 0, 19, 27, 19, 27, 29, 31, 31, 0, 45]","[0, 1, 9, 10, 6, 4, 10, 2, 16, 3, 2, 73, 0]"
j10,2,proactive_robust,600,True,53,0.05683088302612305,0.00034618377685546875,"[0, 0, 10, 0, 19, 27, 19, 27, 37, 37, 37, 0, 73]","""[0, 10, 9, 7, 5, 3, 14, 10, 8, 14, 2, 73, 0]"""
j10,2,reactive,600,True,51,0.05683088302612305,0.09868216514587402,"[0, 0, 10, 0, 19, 27, 19, 27, 37, 37, 37, 0, 51]","[0, 10, 9, 7, 5, 3, 14, 10, 8, 14, 2, 73, 0]"
j10,2,proactive_robust,600,True,53,0.05496835708618164,0.0003209114074707031,"[0, 0, 10, 0, 19, 27, 19, 27, 37, 37, 37, 0, 73]","""[0, 1, 7, 2, 8, 5, 9, 10, 9, 9, 3, 73, 0]"""
j10,2,reactive,600,True,46,0.05496835708618164,0.125199556350708,"[0, 0, 10, 0, 19, 27, 19, 27, 37, 37, 37, 0, 46]","[0, 1, 7, 2, 8, 5, 9, 10, 9, 9, 3, 73, 0]"
j10,2,proactive_robust,600,True,49,0.05839204788208008,0.0003361701965332031,"[0, 4, 0, 0, 13, 10, 31, 18, 23, 35, 41, 0, 0, 65]","""[0, 6, 2, 1, 4, 6, 1, 12, 2, 9, 2, 32, 65, 0]"""
j10,2,reactive,600,True,34,0.05839204788208008,0.22736144065856934,"[0, 4, 0, 0, 13, 10, 16, 18, 23, 25, 32, 0, 0, 34]","[0, 6, 2, 1, 4, 6, 1, 12, 2, 9, 2, 32, 65, 0]"
j10,2,proactive_robust,600,True,49,0.05663013458251953,0.0003669261932373047,"[0, 4, 0, 0, 13, 10, 31, 18, 23, 35, 41, 0, 0, 65]","""[0, 8, 9, 1, 6, 4, 7, 9, 11, 4, 8, 32, 65, 0]"""
j10,2,reactive,600,True,46,0.05663013458251953,0.17030906677246094,"[0, 4, 0, 0, 13, 10, 31, 18, 23, 35, 38, 0, 0, 46]","[0, 8, 9, 1, 6, 4, 7, 9, 11, 4, 8, 32, 65, 0]"
j10,2,proactive_robust,600,True,49,0.05759930610656738,0.00036978721618652344,"[0, 4, 0, 0, 13, 10, 31, 18, 23, 35, 41, 0, 0, 65]","""[0, 5, 6, 2, 9, 5, 9, 12, 9, 8, 2, 32, 65, 0]"""
j10,2,reactive,600,True,43,0.05759930610656738,0.17895865440368652,"[0, 4, 0, 0, 13, 10, 31, 18, 23, 35, 41, 0, 0, 43]","[0, 5, 6, 2, 9, 5, 9, 12, 9, 8, 2, 32, 65, 0]"
j10,2,proactive_robust,600,True,49,0.05641436576843262,0.00034880638122558594,"[0, 4, 0, 0, 13, 10, 31, 18, 23, 35, 41, 0, 0, 65]","""[0, 1, 9, 4, 9, 6, 9, 6, 1, 5, 6, 32, 65, 0]"""
j10,2,reactive,600,True,47,0.05641436576843262,0.14515328407287598,"[0, 4, 0, 0, 13, 10, 31, 18, 23, 35, 41, 0, 0, 47]","[0, 1, 9, 4, 9, 6, 9, 6, 1, 5, 6, 32, 65, 0]"
j10,2,proactive_robust,600,True,49,0.05768299102783203,0.00034236907958984375,"[0, 4, 0, 0, 13, 10, 31, 18, 23, 35, 41, 0, 0, 65]","""[0, 9, 8, 3, 1, 1, 9, 7, 4, 1, 4, 32, 65, 0]"""
j10,2,reactive,600,True,29,0.05768299102783203,0.19013452529907227,"[0, 4, 0, 0, 13, 10, 11, 18, 23, 14, 25, 0, 0, 29]","[0, 9, 8, 3, 1, 1, 9, 7, 4, 1, 4, 32, 65, 0]"
j10,2,proactive_robust,600,True,49,0.05431032180786133,0.0003261566162109375,"[0, 4, 0, 0, 13, 10, 31, 18, 23, 35, 41, 0, 0, 65]","""[0, 3, 6, 4, 1, 2, 6, 7, 2, 5, 3, 32, 65, 0]"""
j10,2,reactive,600,True,28,0.05431032180786133,0.1944413185119629,"[0, 4, 0, 0, 13, 10, 12, 18, 14, 20, 25, 0, 0, 28]","[0, 3, 6, 4, 1, 2, 6, 7, 2, 5, 3, 32, 65, 0]"
j10,2,proactive_robust,600,True,49,0.05868339538574219,0.0003600120544433594,"[0, 4, 0, 0, 13, 10, 31, 18, 23, 35, 41, 0, 0, 65]","""[0, 9, 7, 3, 7, 4, 2, 7, 1, 9, 2, 32, 65, 0]"""
j10,2,reactive,600,True,33,0.05868339538574219,0.17078351974487305,"[0, 4, 0, 0, 13, 10, 14, 18, 23, 24, 31, 0, 0, 33]","[0, 9, 7, 3, 7, 4, 2, 7, 1, 9, 2, 32, 65, 0]"
j10,2,proactive_robust,600,True,49,0.055551767349243164,0.0003650188446044922,"[0, 4, 0, 0, 13, 10, 31, 18, 23, 35, 41, 0, 0, 65]","""[0, 9, 8, 4, 5, 5, 9, 11, 4, 7, 4, 32, 65, 0]"""
j10,2,reactive,600,True,45,0.055551767349243164,0.13163042068481445,"[0, 4, 0, 0, 13, 10, 31, 18, 23, 35, 41, 0, 0, 45]","[0, 9, 8, 4, 5, 5, 9, 11, 4, 7, 4, 32, 65, 0]"
j10,2,proactive_robust,600,True,49,0.056325435638427734,0.0003604888916015625,"[0, 4, 0, 0, 13, 10, 31, 18, 23, 35, 41, 0, 0, 65]","""[0, 9, 9, 4, 10, 8, 6, 2, 4, 8, 4, 32, 65, 0]"""
j10,2,reactive,600,True,41,0.056325435638427734,0.11596465110778809,"[0, 4, 0, 0, 13, 10, 31, 18, 23, 23, 37, 0, 0, 41]","[0, 9, 9, 4, 10, 8, 6, 2, 4, 8, 4, 32, 65, 0]"
j10,2,proactive_robust,600,True,49,0.057906389236450195,0.0003483295440673828,"[0, 4, 0, 0, 13, 10, 31, 18, 23, 35, 41, 0, 0, 65]","""[0, 6, 2, 4, 8, 6, 5, 3, 11, 7, 4, 32, 65, 0]"""
j10,2,reactive,600,True,40,0.057906389236450195,0.18476223945617676,"[0, 4, 0, 0, 13, 10, 31, 18, 23, 21, 36, 0, 0, 40]","[0, 6, 2, 4, 8, 6, 5, 3, 11, 7, 4, 32, 65, 0]"
j10,2,proactive_robust,600,True,43,0.1301133632659912,0.00026917457580566406,"[0, 10, 0, 0, 8, 6, 23, 14, 34, 32, 24, 0, 43]","""[0, 5, 7, 2, 6, 1, 9, 10, 6, 6, 8, 42, 0]"""
j10,2,reactive,600,True,38,0.1301133632659912,0.11799454689025879,"[0, 10, 0, 0, 8, 6, 23, 14, 32, 32, 24, 0, 38]","[0, 5, 7, 2, 6, 1, 9, 10, 6, 6, 8, 42, 0]"
j10,2,proactive_robust,600,True,43,0.09169292449951172,0.00025343894958496094,"[0, 9, 0, 0, 8, 6, 22, 14, 34, 31, 24, 0, 43]","""[0, 5, 8, 3, 4, 3, 7, 5, 8, 5, 1, 42, 0]"""
j10,2,reactive,600,True,42,0.09169292449951172,0.14462924003601074,"[0, 9, 0, 0, 8, 6, 22, 14, 34, 31, 24, 0, 42]","[0, 5, 8, 3, 4, 3, 7, 5, 8, 5, 1, 42, 0]"
j10,2,proactive_robust,600,True,43,0.09193038940429688,0.00022864341735839844,"[0, 9, 0, 0, 8, 6, 22, 14, 34, 31, 24, 0, 43]","""[0, 6, 1, 6, 4, 2, 6, 9, 3, 2, 5, 42, 0]"""
j10,2,reactive,600,True,33,0.09193038940429688,0.16627001762390137,"[0, 9, 0, 0, 8, 6, 22, 14, 29, 31, 24, 0, 33]","[0, 6, 1, 6, 4, 2, 6, 9, 3, 2, 5, 42, 0]"
j10,2,proactive_robust,600,True,43,0.08638620376586914,0.00026345252990722656,"[0, 9, 0, 0, 8, 6, 22, 14, 34, 31, 24, 0, 43]","""[0, 12, 5, 2, 4, 3, 8, 9, 4, 1, 8, 42, 0]"""
j10,2,reactive,600,True,38,0.08638620376586914,0.15360355377197266,"[0, 9, 0, 0, 8, 6, 22, 14, 34, 31, 24, 0, 38]","[0, 12, 5, 2, 4, 3, 8, 9, 4, 1, 8, 42, 0]"
j10,2,proactive_robust,600,True,43,0.0902252197265625,0.00023102760314941406,"[0, 9, 0, 0, 8, 6, 22, 14, 34, 31, 24, 0, 43]","""[0, 2, 3, 1, 1, 2, 1, 7, 6, 3, 8, 42, 0]"""
j10,2,reactive,600,True,38,0.0902252197265625,0.21957659721374512,"[0, 9, 0, 0, 8, 6, 22, 14, 32, 31, 24, 0, 38]","[0, 2, 3, 1, 1, 2, 1, 7, 6, 3, 8, 42, 0]"
j10,2,proactive_robust,600,True,43,0.08945679664611816,0.00023365020751953125,"[0, 9, 0, 0, 8, 6, 22, 14, 34, 31, 24, 0, 43]","""[0, 2, 3, 5, 5, 2, 2, 5, 7, 6, 2, 42, 0]"""
j10,2,reactive,600,True,33,0.08945679664611816,0.17810821533203125,"[0, 9, 0, 0, 8, 6, 22, 14, 26, 24, 24, 0, 33]","[0, 2, 3, 5, 5, 2, 2, 5, 7, 6, 2, 42, 0]"
j10,2,proactive_robust,600,True,43,0.09001755714416504,0.00025272369384765625,"[0, 9, 0, 0, 8, 6, 22, 14, 34, 31, 24, 0, 43]","""[0, 8, 8, 4, 2, 3, 4, 2, 7, 2, 10, 42, 0]"""
j10,2,reactive,600,True,34,0.09001755714416504,0.1479964256286621,"[0, 9, 0, 0, 8, 6, 22, 14, 27, 26, 17, 0, 34]","[0, 8, 8, 4, 2, 3, 4, 2, 7, 2, 10, 42, 0]"
j10,2,proactive_robust,600,True,43,0.09146451950073242,0.00024509429931640625,"[0, 9, 0, 0, 8, 6, 22, 14, 34, 31, 24, 0, 43]","""[0, 13, 5, 2, 3, 2, 7, 1, 5, 4, 2, 42, 0]"""
j10,2,reactive,600,True,35,0.09146451950073242,0.17635536193847656,"[0, 9, 0, 0, 8, 6, 22, 14, 29, 31, 24, 0, 35]","[0, 13, 5, 2, 3, 2, 7, 1, 5, 4, 2, 42, 0]"
j10,2,proactive_robust,600,True,43,0.0855569839477539,0.0002281665802001953,"[0, 9, 0, 0, 8, 6, 22, 14, 34, 31, 24, 0, 43]","""[0, 2, 2, 4, 4, 1, 5, 5, 2, 3, 5, 42, 0]"""
j10,2,reactive,600,True,30,0.0855569839477539,0.20940542221069336,"[0, 9, 0, 0, 8, 6, 22, 14, 27, 27, 19, 0, 30]","[0, 2, 2, 4, 4, 1, 5, 5, 2, 3, 5, 42, 0]"
j10,2,proactive_robust,600,True,43,0.09409976005554199,0.0002601146697998047,"[0, 9, 0, 0, 8, 6, 22, 14, 34, 31, 24, 0, 43]","""[0, 10, 1, 5, 4, 3, 9, 5, 8, 2, 7, 42, 0]"""
j10,2,reactive,600,True,42,0.09409976005554199,0.1466822624206543,"[0, 9, 0, 0, 8, 6, 22, 14, 34, 31, 24, 0, 42]","[0, 10, 1, 5, 4, 3, 9, 5, 8, 2, 7, 42, 0]"
j10,2,proactive_robust,600,True,38,0.060218095779418945,0.0009374618530273438,"[0, 0, 0, 0, 4, 10, 14, 9, 26, 26, 26, 0, 0, 0, 0, 0, 0, 0, 0, 0, 80]","""[0, 3, 1, 6, 10, 10, 10, 1, 3, 2, 4, 59, 14, 35, 45, 80, 34, 75, 69, 40, 0]"""
j10,2,reactive,600,True,30,0.060218095779418945,0.13978028297424316,"[0, 0, 0, 0, 4, 10, 14, 9, 26, 26, 26, 0, 0, 0, 0, 0, 0, 0, 0, 0, 30]","[0, 3, 1, 6, 10, 10, 10, 1, 3, 2, 4, 59, 14, 35, 45, 80, 34, 75, 69, 40, 0]"
j10,2,proactive_robust,600,True,38,0.062255859375,0.0009369850158691406,"[0, 0, 0, 0, 4, 10, 14, 9, 26, 26, 26, 0, 0, 0, 0, 0, 0, 0, 0, 0, 80]","""[0, 1, 8, 9, 4, 1, 6, 1, 4, 6, 1, 59, 14, 35, 45, 80, 34, 75, 69, 40, 0]"""
j10,2,reactive,600,True,26,0.062255859375,0.10019731521606445,"[0, 0, 0, 0, 4, 10, 14, 9, 20, 20, 20, 0, 0, 0, 0, 0, 0, 0, 0, 0, 26]","[0, 1, 8, 9, 4, 1, 6, 1, 4, 6, 1, 59, 14, 35, 45, 80, 34, 75, 69, 40, 0]"
j10,2,proactive_robust,600,True,38,0.06109356880187988,0.0009496212005615234,"[0, 0, 0, 0, 4, 10, 14, 9, 26, 26, 26, 0, 0, 0, 0, 0, 0, 0, 0, 0, 80]","""[0, 4, 9, 5, 10, 6, 3, 1, 2, 5, 1, 59, 14, 35, 45, 80, 34, 75, 69, 40, 0]"""
j10,2,reactive,600,True,22,0.06109356880187988,0.07704877853393555,"[0, 0, 0, 0, 4, 10, 14, 9, 17, 17, 17, 0, 0, 0, 0, 0, 0, 0, 0, 0, 22]","[0, 4, 9, 5, 10, 6, 3, 1, 2, 5, 1, 59, 14, 35, 45, 80, 34, 75, 69, 40, 0]"
j10,2,proactive_robust,600,True,38,0.059531450271606445,0.0009317398071289062,"[0, 0, 0, 0, 4, 10, 14, 9, 26, 26, 26, 0, 0, 0, 0, 0, 0, 0, 0, 0, 80]","""[0, 2, 1, 9, 1, 9, 7, 3, 10, 3, 1, 59, 14, 35, 45, 80, 34, 75, 69, 40, 0]"""
j10,2,reactive,600,True,31,0.059531450271606445,0.08734679222106934,"[0, 0, 0, 0, 4, 10, 14, 9, 21, 21, 21, 0, 0, 0, 0, 0, 0, 0, 0, 0, 31]","[0, 2, 1, 9, 1, 9, 7, 3, 10, 3, 1, 59, 14, 35, 45, 80, 34, 75, 69, 40, 0]"
j10,2,proactive_robust,600,True,38,0.06086397171020508,0.00093841552734375,"[0, 0, 0, 0, 4, 10, 14, 9, 26, 26, 26, 0, 0, 0, 0, 0, 0, 0, 0, 0, 80]","""[0, 3, 5, 5, 2, 3, 9, 3, 2, 4, 6, 59, 14, 35, 45, 80, 34, 75, 69, 40, 0]"""
j10,2,reactive,600,True,32,0.06086397171020508,0.08468174934387207,"[0, 0, 0, 0, 4, 10, 14, 9, 26, 26, 26, 0, 0, 0, 0, 0, 0, 0, 0, 0, 32]","[0, 3, 5, 5, 2, 3, 9, 3, 2, 4, 6, 59, 14, 35, 45, 80, 34, 75, 69, 40, 0]"
j10,2,proactive_robust,600,True,38,0.05924487113952637,0.0009188652038574219,"[0, 0, 0, 0, 4, 10, 14, 9, 26, 26, 26, 0, 0, 0, 0, 0, 0, 0, 0, 0, 80]","""[0, 1, 2, 3, 3, 4, 11, 2, 2, 5, 2, 59, 14, 35, 45, 80, 34, 75, 69, 40, 0]"""
j10,2,reactive,600,True,31,0.05924487113952637,0.12601017951965332,"[0, 0, 0, 0, 4, 10, 14, 9, 26, 26, 26, 0, 0, 0, 0, 0, 0, 0, 0, 0, 31]","[0, 1, 2, 3, 3, 4, 11, 2, 2, 5, 2, 59, 14, 35, 45, 80, 34, 75, 69, 40, 0]"
j10,2,proactive_robust,600,True,38,0.05927276611328125,0.0009548664093017578,"[0, 0, 0, 0, 4, 10, 14, 9, 26, 26, 26, 0, 0, 0, 0, 0, 0, 0, 0, 0, 80]","""[0, 3, 3, 8, 3, 8, 10, 2, 8, 12, 5, 59, 14, 35, 45, 80, 34, 75, 69, 40, 0]"""
j10,2,reactive,600,True,38,0.05927276611328125,0.09471702575683594,"[0, 0, 0, 0, 4, 10, 14, 9, 26, 26, 26, 0, 0, 0, 0, 0, 0, 0, 0, 0, 38]","[0, 3, 3, 8, 3, 8, 10, 2, 8, 12, 5, 59, 14, 35, 45, 80, 34, 75, 69, 40, 0]"
j10,2,proactive_robust,600,True,38,0.05786275863647461,0.0009348392486572266,"[0, 0, 0, 0, 4, 10, 14, 9, 26, 26, 26, 0, 0, 0, 0, 0, 0, 0, 0, 0, 80]","""[0, 4, 3, 6, 8, 8, 5, 1, 5, 3, 1, 59, 14, 35, 45, 80, 34, 75, 69, 40, 0]"""
j10,2,reactive,600,True,24,0.05786275863647461,0.08620238304138184,"[0, 0, 0, 0, 4, 10, 14, 9, 19, 19, 19, 0, 0, 0, 0, 0, 0, 0, 0, 0, 24]","[0, 4, 3, 6, 8, 8, 5, 1, 5, 3, 1, 59, 14, 35, 45, 80, 34, 75, 69, 40, 0]"
j10,2,proactive_robust,600,True,38,0.06052279472351074,0.0009257793426513672,"[0, 0, 0, 0, 4, 10, 14, 9, 26, 26, 26, 0, 0, 0, 0, 0, 0, 0, 0, 0, 80]","""[0, 3, 8, 6, 10, 4, 5, 2, 3, 2, 3, 59, 14, 35, 45, 80, 34, 75, 69, 40, 0]"""
j10,2,reactive,600,True,22,0.06052279472351074,0.09908175468444824,"[0, 0, 0, 0, 4, 10, 14, 9, 19, 19, 19, 0, 0, 0, 0, 0, 0, 0, 0, 0, 22]","[0, 3, 8, 6, 10, 4, 5, 2, 3, 2, 3, 59, 14, 35, 45, 80, 34, 75, 69, 40, 0]"
j10,2,proactive_robust,600,True,38,0.05917930603027344,0.0009469985961914062,"[0, 0, 0, 0, 4, 10, 14, 9, 26, 26, 26, 0, 0, 0, 0, 0, 0, 0, 0, 0, 80]","""[0, 4, 10, 4, 2, 10, 12, 1, 7, 12, 1, 59, 14, 35, 45, 80, 34, 75, 69, 40, 0]"""
j10,2,reactive,600,True,38,0.05917930603027344,0.06348681449890137,"[0, 0, 0, 0, 4, 10, 14, 9, 26, 26, 26, 0, 0, 0, 0, 0, 0, 0, 0, 0, 38]","[0, 4, 10, 4, 2, 10, 12, 1, 7, 12, 1, 59, 14, 35, 45, 80, 34, 75, 69, 40, 0]"
j10,2,proactive_robust,600,True,34,0.05489921569824219,0.0005981922149658203,"[0, 0, 12, 0, 3, 20, 16, 12, 28, 28, 8, 0, 0, 0, 0, 0, 0, 61]","""[0, 3, 4, 2, 1, 7, 2, 3, 5, 4, 3, 30, 52, 59, 15, 48, 61, 0]"""
j10,2,reactive,600,True,32,0.05489921569824219,0.12355661392211914,"[0, 0, 12, 0, 3, 20, 16, 12, 27, 27, 8, 0, 0, 0, 0, 0, 0, 32]","[0, 3, 4, 2, 1, 7, 2, 3, 5, 4, 3, 30, 52, 59, 15, 48, 61, 0]"
j10,2,proactive_robust,600,True,34,0.051908016204833984,0.0006248950958251953,"[0, 0, 12, 0, 3, 20, 16, 12, 28, 28, 8, 0, 0, 0, 0, 0, 0, 61]","""[0, 7, 2, 2, 2, 8, 6, 2, 6, 3, 11, 30, 52, 59, 15, 48, 61, 0]"""
j10,2,reactive,600,True,34,0.051908016204833984,0.1521165370941162,"[0, 0, 12, 0, 3, 20, 16, 12, 28, 28, 8, 0, 0, 0, 0, 0, 0, 34]","[0, 7, 2, 2, 2, 8, 6, 2, 6, 3, 11, 30, 52, 59, 15, 48, 61, 0]"
j10,2,proactive_robust,600,True,34,0.052205801010131836,0.0005872249603271484,"[0, 0, 12, 0, 3, 20, 16, 12, 28, 28, 8, 0, 0, 0, 0, 0, 0, 61]","""[0, 3, 1, 3, 2, 1, 2, 1, 3, 3, 7, 30, 52, 59, 15, 48, 61, 0]"""
j10,2,reactive,600,True,21,0.052205801010131836,0.1753079891204834,"[0, 0, 12, 0, 3, 5, 16, 12, 6, 18, 8, 0, 0, 0, 0, 0, 0, 21]","[0, 3, 1, 3, 2, 1, 2, 1, 3, 3, 7, 30, 52, 59, 15, 48, 61, 0]"
j10,2,proactive_robust,600,True,34,0.05073356628417969,0.000621795654296875,"[0, 0, 12, 0, 3, 20, 16, 12, 28, 28, 8, 0, 0, 0, 0, 0, 0, 61]","""[0, 7, 1, 2, 9, 1, 6, 3, 4, 2, 12, 30, 52, 59, 15, 48, 61, 0]"""
j10,2,reactive,600,True,25,0.05073356628417969,0.11050105094909668,"[0, 0, 12, 0, 3, 20, 16, 12, 21, 22, 8, 0, 0, 0, 0, 0, 0, 25]","[0, 7, 1, 2, 9, 1, 6, 3, 4, 2, 12, 30, 52, 59, 15, 48, 61, 0]"
j10,2,proactive_robust,600,True,34,0.0546572208404541,0.0006151199340820312,"[0, 0, 12, 0, 3, 20, 16, 12, 28, 28, 8, 0, 0, 0, 0, 0, 0, 61]","""[0, 1, 1, 1, 2, 7, 5, 1, 1, 1, 12, 30, 52, 59, 15, 48, 61, 0]"""
j10,2,reactive,600,True,28,0.0546572208404541,0.16494989395141602,"[0, 0, 12, 0, 3, 20, 16, 12, 27, 27, 8, 0, 0, 0, 0, 0, 0, 28]","[0, 1, 1, 1, 2, 7, 5, 1, 1, 1, 12, 30, 52, 59, 15, 48, 61, 0]"
j10,2,proactive_robust,600,True,34,0.0548090934753418,0.0006132125854492188,"[0, 0, 12, 0, 3, 20, 16, 12, 28, 28, 8, 0, 0, 0, 0, 0, 0, 61]","""[0, 2, 1, 2, 9, 8, 4, 2, 6, 3, 7, 30, 52, 59, 15, 48, 61, 0]"""
j10,2,reactive,600,True,34,0.0548090934753418,0.12374520301818848,"[0, 0, 12, 0, 3, 20, 16, 12, 28, 28, 8, 0, 0, 0, 0, 0, 0, 34]","[0, 2, 1, 2, 9, 8, 4, 2, 6, 3, 7, 30, 52, 59, 15, 48, 61, 0]"
j10,2,proactive_robust,600,True,34,0.05317354202270508,0.0006248950958251953,"[0, 0, 12, 0, 3, 20, 16, 12, 28, 28, 8, 0, 0, 0, 0, 0, 0, 61]","""[0, 4, 4, 2, 8, 8, 2, 2, 6, 1, 8, 30, 52, 59, 15, 48, 61, 0]"""
j10,2,reactive,600,True,34,0.05317354202270508,0.11472105979919434,"[0, 0, 12, 0, 3, 20, 16, 12, 28, 18, 8, 0, 0, 0, 0, 0, 0, 34]","[0, 4, 4, 2, 8, 8, 2, 2, 6, 1, 8, 30, 52, 59, 15, 48, 61, 0]"
j10,2,proactive_robust,600,True,34,0.051515817642211914,0.0006086826324462891,"[0, 0, 12, 0, 3, 20, 16, 12, 28, 28, 8, 0, 0, 0, 0, 0, 0, 61]","""[0, 4, 1, 2, 4, 2, 9, 2, 6, 3, 8, 30, 52, 59, 15, 48, 61, 0]"""
j10,2,reactive,600,True,28,0.051515817642211914,0.13843226432800293,"[0, 0, 12, 0, 3, 20, 16, 12, 22, 25, 8, 0, 0, 0, 0, 0, 0, 28]","[0, 4, 1, 2, 4, 2, 9, 2, 6, 3, 8, 30, 52, 59, 15, 48, 61, 0]"
j10,2,proactive_robust,600,True,34,0.05105996131896973,0.0006117820739746094,"[0, 0, 12, 0, 3, 20, 16, 12, 28, 28, 8, 0, 0, 0, 0, 0, 0, 61]","""[0, 8, 3, 3, 7, 6, 4, 1, 3, 2, 6, 30, 52, 59, 15, 48, 61, 0]"""
j10,2,reactive,600,True,31,0.05105996131896973,0.10043168067932129,"[0, 0, 12, 0, 3, 20, 16, 12, 28, 28, 8, 0, 0, 0, 0, 0, 0, 31]","[0, 8, 3, 3, 7, 6, 4, 1, 3, 2, 6, 30, 52, 59, 15, 48, 61, 0]"
j10,2,proactive_robust,600,True,34,0.05584597587585449,0.0006020069122314453,"[0, 0, 12, 0, 3, 20, 16, 12, 28, 28, 8, 0, 0, 0, 0, 0, 0, 61]","""[0, 7, 3, 2, 2, 7, 4, 3, 4, 2, 2, 30, 52, 59, 15, 48, 61, 0]"""
j10,2,reactive,600,True,32,0.05584597587585449,0.16600656509399414,"[0, 0, 12, 0, 3, 20, 16, 12, 28, 28, 8, 0, 0, 0, 0, 0, 0, 32]","[0, 7, 3, 2, 2, 7, 4, 3, 4, 2, 2, 30, 52, 59, 15, 48, 61, 0]"
