instance_folder,noise_factor,method,time_limit,feasibility,obj,time_offline,time_online,start_times,real_durations
j10,1,proactive_quantile_0.9,60,True,31,0.4776346683502197,0.0007781982421875,"[0, 0, 0, 0, 8, 15, 9, 23, 28, 15, 8, 0, 0, 0, 0, 0, 0, 0, 68]","""[0, 3, 8, 8, 8, 9, 1, 4, 1, 1, 7, 46, 15, 23, 34, 69, 49, 65, 0]"""
j10,1,reactive,60,False,inf,inf,inf,null,"[0, 3, 8, 8, 8, 9, 1, 4, 1, 1, 7, 46, 15, 23, 34, 69, 49, 65, 0]"
j10,1,stnu,60,True,30,1.4290275573730469,0.012306928634643555,"[0, 0, 0, 0, 8, 16, 8, 25, 29, 16, 8, 0, 0, 0, 0, 0, 0, 0, 30]","""[0, 3, 8, 8, 8, 9, 1, 4, 1, 1, 7, 46, 15, 23, 34, 69, 49, 65, 0]"""
j10,1,proactive_quantile_0.9,60,True,31,0.05998039245605469,0.0007588863372802734,"[0, 0, 0, 0, 8, 15, 9, 23, 28, 15, 8, 0, 0, 0, 0, 0, 0, 0, 68]","""[0, 5, 7, 4, 5, 5, 1, 3, 3, 1, 3, 46, 15, 23, 34, 69, 49, 65, 0]"""
j10,1,reactive,60,True,31,0.05998039245605469,0.1293926239013672,"[0, 0, 0, 0, 8, 15, 9, 23, 28, 15, 8, 0, 0, 0, 0, 0, 0, 0, 31]","[0, 5, 7, 4, 5, 5, 1, 3, 3, 1, 3, 46, 15, 23, 34, 69, 49, 65, 0]"
j10,1,stnu,60,True,21,0.8568947315216064,0.012175798416137695,"[0, 0, 0, 0, 5, 10, 7, 15, 18, 10, 4, 0, 0, 0, 0, 0, 0, 0, 21]","""[0, 5, 7, 4, 5, 5, 1, 3, 3, 1, 3, 46, 15, 23, 34, 69, 49, 65, 0]"""
j10,1,proactive_quantile_0.9,60,True,31,0.05897641181945801,0.0007603168487548828,"[0, 0, 0, 0, 8, 15, 9, 23, 28, 15, 8, 0, 0, 0, 0, 0, 0, 0, 68]","""[0, 2, 7, 5, 4, 5, 2, 4, 2, 3, 3, 46, 15, 23, 34, 69, 49, 65, 0]"""
j10,1,reactive,60,True,30,0.05897641181945801,0.1682758331298828,"[0, 0, 0, 0, 8, 15, 9, 23, 28, 15, 8, 0, 0, 0, 0, 0, 0, 0, 30]","[0, 2, 7, 5, 4, 5, 2, 4, 2, 3, 3, 46, 15, 23, 34, 69, 49, 65, 0]"
j10,1,stnu,60,True,20,0.8428866863250732,0.011490821838378906,"[0, 0, 0, 0, 5, 9, 7, 14, 18, 9, 5, 0, 0, 0, 0, 0, 0, 0, 20]","""[0, 2, 7, 5, 4, 5, 2, 4, 2, 3, 3, 46, 15, 23, 34, 69, 49, 65, 0]"""
j10,1,proactive_quantile_0.9,60,True,31,0.05825662612915039,0.000766754150390625,"[0, 0, 0, 0, 8, 15, 9, 23, 28, 15, 8, 0, 0, 0, 0, 0, 0, 0, 68]","""[0, 5, 8, 4, 8, 8, 2, 2, 3, 2, 4, 46, 15, 23, 34, 69, 49, 65, 0]"""
j10,1,reactive,60,False,inf,inf,inf,null,"[0, 5, 8, 4, 8, 8, 2, 2, 3, 2, 4, 46, 15, 23, 34, 69, 49, 65, 0]"
j10,1,stnu,60,True,26,0.8280363082885742,0.011514425277709961,"[0, 0, 0, 0, 5, 13, 8, 21, 23, 13, 4, 0, 0, 0, 0, 0, 0, 0, 26]","""[0, 5, 8, 4, 8, 8, 2, 2, 3, 2, 4, 46, 15, 23, 34, 69, 49, 65, 0]"""
j10,1,proactive_quantile_0.9,60,True,31,0.056472063064575195,0.0007717609405517578,"[0, 0, 0, 0, 8, 15, 9, 23, 28, 15, 8, 0, 0, 0, 0, 0, 0, 0, 68]","""[0, 4, 7, 8, 7, 9, 2, 3, 3, 3, 8, 46, 15, 23, 34, 69, 49, 65, 0]"""
j10,1,reactive,60,False,inf,inf,inf,null,"[0, 4, 7, 8, 7, 9, 2, 3, 3, 3, 8, 46, 15, 23, 34, 69, 49, 65, 0]"
j10,1,stnu,60,True,30,0.8989682197570801,0.011406898498535156,"[0, 0, 0, 0, 8, 15, 8, 24, 27, 16, 8, 0, 0, 0, 0, 0, 0, 0, 30]","""[0, 4, 7, 8, 7, 9, 2, 3, 3, 3, 8, 46, 15, 23, 34, 69, 49, 65, 0]"""
j10,1,proactive_quantile_0.9,60,True,31,0.05991530418395996,0.0007898807525634766,"[0, 0, 0, 0, 8, 15, 9, 23, 28, 15, 8, 0, 0, 0, 0, 0, 0, 0, 68]","""[0, 6, 6, 4, 8, 8, 1, 3, 4, 2, 7, 46, 15, 23, 34, 69, 49, 65, 0]"""
j10,1,reactive,60,False,inf,inf,inf,null,"[0, 6, 6, 4, 8, 8, 1, 3, 4, 2, 7, 46, 15, 23, 34, 69, 49, 65, 0]"
j10,1,stnu,60,True,29,0.8392941951751709,0.011569023132324219,"[0, 0, 0, 0, 6, 14, 6, 22, 25, 14, 4, 0, 0, 0, 0, 0, 0, 0, 29]","""[0, 6, 6, 4, 8, 8, 1, 3, 4, 2, 7, 46, 15, 23, 34, 69, 49, 65, 0]"""
j10,1,proactive_quantile_0.9,60,True,31,0.058699846267700195,0.0007579326629638672,"[0, 0, 0, 0, 8, 15, 9, 23, 28, 15, 8, 0, 0, 0, 0, 0, 0, 0, 68]","""[0, 2, 9, 5, 7, 6, 1, 5, 3, 3, 5, 46, 15, 23, 34, 69, 49, 65, 0]"""
j10,1,reactive,60,True,31,0.058699846267700195,0.11494708061218262,"[0, 0, 0, 0, 8, 15, 9, 23, 28, 15, 8, 0, 0, 0, 0, 0, 0, 0, 31]","[0, 2, 9, 5, 7, 6, 1, 5, 3, 3, 5, 46, 15, 23, 34, 69, 49, 65, 0]"
j10,1,stnu,60,True,26,0.8105454444885254,0.0114288330078125,"[0, 0, 0, 0, 5, 12, 9, 18, 23, 12, 5, 0, 0, 0, 0, 0, 0, 0, 26]","""[0, 2, 9, 5, 7, 6, 1, 5, 3, 3, 5, 46, 15, 23, 34, 69, 49, 65, 0]"""
j10,1,proactive_quantile_0.9,60,True,31,0.07698893547058105,0.0007789134979248047,"[0, 0, 0, 0, 8, 15, 9, 23, 28, 15, 8, 0, 0, 0, 0, 0, 0, 0, 68]","""[0, 3, 9, 6, 7, 7, 1, 6, 2, 1, 5, 46, 15, 23, 34, 69, 49, 65, 0]"""
j10,1,reactive,60,False,inf,inf,inf,null,"[0, 3, 9, 6, 7, 7, 1, 6, 2, 1, 5, 46, 15, 23, 34, 69, 49, 65, 0]"
j10,1,stnu,60,True,28,0.8675398826599121,0.011540412902832031,"[0, 0, 0, 0, 6, 13, 9, 20, 26, 13, 6, 0, 0, 0, 0, 0, 0, 0, 28]","""[0, 3, 9, 6, 7, 7, 1, 6, 2, 1, 5, 46, 15, 23, 34, 69, 49, 65, 0]"""
j10,1,proactive_quantile_0.9,60,True,31,0.06286096572875977,0.0007574558258056641,"[0, 0, 0, 0, 8, 15, 9, 23, 28, 15, 8, 0, 0, 0, 0, 0, 0, 0, 68]","""[0, 4, 7, 7, 4, 4, 1, 5, 3, 2, 6, 46, 15, 23, 34, 69, 49, 65, 0]"""
j10,1,reactive,60,True,31,0.06286096572875977,0.12788152694702148,"[0, 0, 0, 0, 8, 15, 9, 23, 28, 15, 8, 0, 0, 0, 0, 0, 0, 0, 31]","[0, 4, 7, 7, 4, 4, 1, 5, 3, 2, 6, 46, 15, 23, 34, 69, 49, 65, 0]"
j10,1,stnu,60,True,23,0.8357226848602295,0.011299848556518555,"[0, 0, 0, 0, 7, 11, 7, 15, 20, 13, 7, 0, 0, 0, 0, 0, 0, 0, 23]","""[0, 4, 7, 7, 4, 4, 1, 5, 3, 2, 6, 46, 15, 23, 34, 69, 49, 65, 0]"""
j10,1,proactive_quantile_0.9,60,True,31,0.05818986892700195,0.0007674694061279297,"[0, 0, 0, 0, 8, 15, 9, 23, 28, 15, 8, 0, 0, 0, 0, 0, 0, 0, 68]","""[0, 4, 9, 8, 5, 6, 2, 5, 1, 1, 3, 46, 15, 23, 34, 69, 49, 65, 0]"""
j10,1,reactive,60,True,29,0.05818986892700195,0.13080239295959473,"[0, 0, 0, 0, 8, 15, 9, 23, 28, 15, 8, 0, 0, 0, 0, 0, 0, 0, 29]","[0, 4, 9, 8, 5, 6, 2, 5, 1, 1, 3, 46, 15, 23, 34, 69, 49, 65, 0]"
j10,1,stnu,60,True,25,0.8461613655090332,0.011566162109375,"[0, 0, 0, 0, 8, 13, 9, 19, 24, 13, 8, 0, 0, 0, 0, 0, 0, 0, 25]","""[0, 4, 9, 8, 5, 6, 2, 5, 1, 1, 3, 46, 15, 23, 34, 69, 49, 65, 0]"""
j10,1,proactive_quantile_0.9,60,True,41,0.06711864471435547,0.0003075599670410156,"[0, 0, 5, 0, 11, 17, 11, 22, 19, 30, 30, 0, 41]","""[0, 6, 6, 4, 4, 2, 8, 7, 7, 7, 12, 42, 0]"""
j10,1,reactive,60,True,42,0.06711864471435547,0.1559891700744629,"[0, 0, 5, 0, 11, 17, 11, 22, 19, 30, 30, 0, 42]","[0, 6, 6, 4, 4, 2, 8, 7, 7, 7, 12, 42, 0]"
j10,1,stnu,60,True,33,0.8315002918243408,0.005930662155151367,"[0, 0, 4, 0, 6, 10, 6, 14, 14, 21, 21, 0, 33]","""[0, 6, 6, 4, 4, 2, 8, 7, 7, 7, 12, 42, 0]"""
j10,1,proactive_quantile_0.9,60,True,41,0.06176924705505371,0.00029540061950683594,"[0, 0, 5, 0, 11, 17, 11, 22, 19, 30, 30, 0, 41]","""[0, 6, 9, 3, 2, 3, 4, 7, 10, 3, 12, 42, 0]"""
j10,1,reactive,60,False,inf,inf,inf,null,"[0, 6, 9, 3, 2, 3, 4, 7, 10, 3, 12, 42, 0]"
j10,1,stnu,60,True,34,0.8343398571014404,0.0058498382568359375,"[0, 0, 3, 0, 6, 12, 6, 15, 12, 22, 22, 0, 34]","""[0, 6, 9, 3, 2, 3, 4, 7, 10, 3, 12, 42, 0]"""
j10,1,proactive_quantile_0.9,60,True,41,0.06006765365600586,0.00028896331787109375,"[0, 0, 5, 0, 11, 17, 11, 22, 19, 30, 30, 0, 41]","""[0, 11, 10, 4, 5, 2, 5, 5, 9, 7, 6, 42, 0]"""
j10,1,reactive,60,True,37,0.06006765365600586,0.15517139434814453,"[0, 0, 5, 0, 11, 17, 11, 22, 19, 30, 30, 0, 37]","[0, 11, 10, 4, 5, 2, 5, 5, 9, 7, 6, 42, 0]"
j10,1,stnu,60,True,32,0.8233580589294434,0.0059435367584228516,"[0, 0, 4, 0, 11, 16, 11, 18, 16, 25, 25, 0, 32]","""[0, 11, 10, 4, 5, 2, 5, 5, 9, 7, 6, 42, 0]"""
j10,1,proactive_quantile_0.9,60,False,inf,0.060410261154174805,inf,"[0, 0, 5, 0, 11, 17, 11, 22, 19, 30, 30, 0, 41]","""[0, 10, 10, 6, 7, 4, 9, 7, 7, 5, 11, 42, 0]"""
j10,1,reactive,60,False,inf,inf,inf,null,"[0, 10, 10, 6, 7, 4, 9, 7, 7, 5, 11, 42, 0]"
j10,1,stnu,60,True,39,0.8197453022003174,0.0059261322021484375,"[0, 0, 6, 0, 10, 17, 10, 21, 19, 28, 28, 0, 39]","""[0, 10, 10, 6, 7, 4, 9, 7, 7, 5, 11, 42, 0]"""
j10,1,proactive_quantile_0.9,60,False,inf,0.06291556358337402,inf,"[0, 0, 5, 0, 11, 17, 11, 22, 19, 30, 30, 0, 41]","""[0, 7, 7, 3, 4, 6, 7, 8, 12, 7, 11, 42, 0]"""
j10,1,reactive,60,False,inf,inf,inf,null,"[0, 7, 7, 3, 4, 6, 7, 8, 12, 7, 11, 42, 0]"
j10,1,stnu,60,True,37,0.7831394672393799,0.006166934967041016,"[0, 0, 3, 0, 7, 11, 7, 17, 14, 26, 26, 0, 37]","""[0, 7, 7, 3, 4, 6, 7, 8, 12, 7, 11, 42, 0]"""
j10,1,proactive_quantile_0.9,60,True,41,0.06467413902282715,0.0003056526184082031,"[0, 0, 5, 0, 11, 17, 11, 22, 19, 30, 30, 0, 41]","""[0, 11, 10, 5, 3, 3, 5, 6, 9, 6, 10, 42, 0]"""
j10,1,reactive,60,True,40,0.06467413902282715,0.24411225318908691,"[0, 0, 5, 0, 11, 17, 11, 22, 19, 30, 30, 0, 40]","[0, 11, 10, 5, 3, 3, 5, 6, 9, 6, 10, 42, 0]"
j10,1,stnu,60,True,35,0.8089351654052734,0.005973339080810547,"[0, 0, 5, 0, 11, 15, 11, 18, 16, 25, 25, 0, 35]","""[0, 11, 10, 5, 3, 3, 5, 6, 9, 6, 10, 42, 0]"""
j10,1,proactive_quantile_0.9,60,False,inf,0.05841636657714844,inf,"[0, 0, 5, 0, 11, 17, 11, 22, 19, 30, 30, 0, 41]","""[0, 11, 6, 4, 2, 3, 8, 9, 9, 6, 7, 42, 0]"""
j10,1,reactive,60,False,inf,inf,inf,null,"[0, 11, 6, 4, 2, 3, 8, 9, 9, 6, 7, 42, 0]"
j10,1,stnu,60,True,35,0.7813231945037842,0.0059833526611328125,"[0, 0, 4, 0, 11, 13, 11, 19, 19, 28, 28, 0, 35]","""[0, 11, 6, 4, 2, 3, 8, 9, 9, 6, 7, 42, 0]"""
j10,1,proactive_quantile_0.9,60,False,inf,0.06269526481628418,inf,"[0, 0, 5, 0, 11, 17, 11, 22, 19, 30, 30, 0, 41]","""[0, 6, 10, 2, 4, 2, 7, 6, 12, 7, 6, 42, 0]"""
j10,1,reactive,60,False,inf,inf,inf,null,"[0, 6, 10, 2, 4, 2, 7, 6, 12, 7, 6, 42, 0]"
j10,1,stnu,60,True,32,0.8133413791656494,0.006011247634887695,"[0, 0, 2, 0, 6, 12, 6, 14, 13, 25, 25, 0, 32]","""[0, 6, 10, 2, 4, 2, 7, 6, 12, 7, 6, 42, 0]"""
j10,1,proactive_quantile_0.9,60,True,41,0.060749053955078125,0.00031185150146484375,"[0, 0, 5, 0, 11, 17, 11, 22, 19, 30, 30, 0, 41]","""[0, 8, 5, 4, 7, 5, 7, 7, 6, 5, 12, 42, 0]"""
j10,1,reactive,60,False,inf,inf,inf,null,"[0, 8, 5, 4, 7, 5, 7, 7, 6, 5, 12, 42, 0]"
j10,1,stnu,60,True,39,0.8076314926147461,0.005994319915771484,"[0, 0, 4, 0, 8, 15, 8, 20, 15, 27, 27, 0, 39]","""[0, 8, 5, 4, 7, 5, 7, 7, 6, 5, 12, 42, 0]"""
j10,1,proactive_quantile_0.9,60,True,31,0.06206226348876953,0.0002465248107910156,"[0, 0, 3, 0, 7, 9, 7, 14, 20, 19, 20, 0, 41]","""[0, 8, 1, 2, 2, 5, 8, 3, 6, 1, 9, 42, 0]"""
j10,1,reactive,60,False,inf,inf,inf,null,"[0, 8, 1, 2, 2, 5, 8, 3, 6, 1, 9, 42, 0]"
j10,1,stnu,60,True,37,0.9163873195648193,0.005983591079711914,"[0, 0, 5, 0, 11, 15, 11, 20, 18, 28, 28, 0, 37]","""[0, 11, 8, 5, 4, 5, 7, 8, 6, 8, 9, 42, 0]"""
j10,1,proactive_quantile_0.9,60,False,inf,0.07067751884460449,inf,"[0, 0, 0, 2, 1, 2, 5, 5, 11, 5, 5, 0, 0, 0, 0, 0, 0, 0, 0, 0, 69]","""[0, 2, 1, 2, 1, 4, 4, 3, 12, 2, 5, 70, 66, 45, 53, 15, 50, 37, 70, 33, 0]"""
j10,1,reactive,60,False,inf,inf,inf,null,"[0, 2, 1, 2, 1, 4, 4, 3, 12, 2, 5, 70, 66, 45, 53, 15, 50, 37, 70, 33, 0]"
j10,1,stnu,60,True,23,0.868675708770752,0.014146089553833008,"[0, 0, 0, 3, 2, 3, 7, 7, 11, 7, 7, 0, 0, 0, 0, 0, 0, 0, 0, 0, 23]","""[0, 2, 1, 2, 1, 4, 4, 3, 12, 2, 5, 70, 66, 45, 53, 15, 50, 37, 70, 33, 0]"""
j10,1,proactive_quantile_0.9,60,False,inf,0.07479310035705566,inf,"[0, 0, 0, 2, 1, 2, 5, 5, 11, 5, 5, 0, 0, 0, 0, 0, 0, 0, 0, 0, 69]","""[0, 2, 2, 1, 1, 2, 5, 3, 11, 6, 2, 70, 66, 45, 53, 15, 50, 37, 70, 33, 0]"""
j10,1,reactive,60,False,inf,inf,inf,null,"[0, 2, 2, 1, 1, 2, 5, 3, 11, 6, 2, 70, 66, 45, 53, 15, 50, 37, 70, 33, 0]"
j10,1,stnu,60,True,22,0.8461251258850098,0.01419830322265625,"[0, 0, 0, 3, 2, 3, 5, 5, 11, 5, 5, 0, 0, 0, 0, 0, 0, 0, 0, 0, 22]","""[0, 2, 2, 1, 1, 2, 5, 3, 11, 6, 2, 70, 66, 45, 53, 15, 50, 37, 70, 33, 0]"""
j10,1,proactive_quantile_0.9,60,False,inf,0.07853007316589355,inf,"[0, 0, 0, 2, 1, 2, 5, 5, 11, 5, 5, 0, 0, 0, 0, 0, 0, 0, 0, 0, 69]","""[0, 2, 1, 2, 1, 4, 7, 3, 12, 6, 4, 70, 66, 45, 53, 15, 50, 37, 70, 33, 0]"""
j10,1,reactive,60,False,inf,inf,inf,null,"[0, 2, 1, 2, 1, 4, 7, 3, 12, 6, 4, 70, 66, 45, 53, 15, 50, 37, 70, 33, 0]"
j10,1,stnu,60,True,26,0.8589539527893066,0.014243602752685547,"[0, 0, 0, 3, 2, 3, 7, 7, 14, 7, 7, 0, 0, 0, 0, 0, 0, 0, 0, 0, 26]","""[0, 2, 1, 2, 1, 4, 7, 3, 12, 6, 4, 70, 66, 45, 53, 15, 50, 37, 70, 33, 0]"""
j10,1,proactive_quantile_0.9,60,False,inf,0.07448101043701172,inf,"[0, 0, 0, 2, 1, 2, 5, 5, 11, 5, 5, 0, 0, 0, 0, 0, 0, 0, 0, 0, 69]","""[0, 2, 1, 1, 1, 3, 7, 2, 10, 4, 3, 70, 66, 45, 53, 15, 50, 37, 70, 33, 0]"""
j10,1,reactive,60,False,inf,inf,inf,null,"[0, 2, 1, 1, 1, 3, 7, 2, 10, 4, 3, 70, 66, 45, 53, 15, 50, 37, 70, 33, 0]"
j10,1,stnu,60,True,23,0.8818986415863037,0.014342546463012695,"[0, 0, 0, 3, 2, 3, 6, 6, 13, 6, 6, 0, 0, 0, 0, 0, 0, 0, 0, 0, 23]","""[0, 2, 1, 1, 1, 3, 7, 2, 10, 4, 3, 70, 66, 45, 53, 15, 50, 37, 70, 33, 0]"""
j10,1,proactive_quantile_0.9,60,True,22,0.0764617919921875,0.0010471343994140625,"[0, 0, 0, 2, 1, 2, 5, 5, 11, 5, 5, 0, 0, 0, 0, 0, 0, 0, 0, 0, 69]","""[0, 1, 2, 2, 1, 1, 6, 3, 10, 2, 5, 70, 66, 45, 53, 15, 50, 37, 70, 33, 0]"""
j10,1,reactive,60,False,inf,inf,inf,null,"[0, 1, 2, 2, 1, 1, 6, 3, 10, 2, 5, 70, 66, 45, 53, 15, 50, 37, 70, 33, 0]"
j10,1,stnu,60,True,21,1.0016939640045166,0.014439105987548828,"[0, 0, 0, 3, 2, 3, 5, 5, 11, 4, 5, 0, 0, 0, 0, 0, 0, 0, 0, 0, 21]","""[0, 1, 2, 2, 1, 1, 6, 3, 10, 2, 5, 70, 66, 45, 53, 15, 50, 37, 70, 33, 0]"""
j10,1,proactive_quantile_0.9,60,False,inf,0.07320666313171387,inf,"[0, 0, 0, 2, 1, 2, 5, 5, 11, 5, 5, 0, 0, 0, 0, 0, 0, 0, 0, 0, 69]","""[0, 2, 2, 1, 2, 4, 2, 1, 11, 5, 3, 70, 66, 45, 53, 15, 50, 37, 70, 33, 0]"""
j10,1,reactive,60,False,inf,inf,inf,null,"[0, 2, 2, 1, 2, 4, 2, 1, 11, 5, 3, 70, 66, 45, 53, 15, 50, 37, 70, 33, 0]"
j10,1,stnu,60,True,24,0.8443093299865723,0.014243364334106445,"[0, 0, 0, 4, 2, 4, 8, 8, 13, 8, 8, 0, 0, 0, 0, 0, 0, 0, 0, 0, 24]","""[0, 2, 2, 1, 2, 4, 2, 1, 11, 5, 3, 70, 66, 45, 53, 15, 50, 37, 70, 33, 0]"""
j10,1,proactive_quantile_0.9,60,False,inf,0.07281804084777832,inf,"[0, 0, 0, 2, 1, 2, 5, 5, 11, 5, 5, 0, 0, 0, 0, 0, 0, 0, 0, 0, 69]","""[0, 1, 1, 1, 1, 4, 4, 1, 11, 2, 3, 70, 66, 45, 53, 15, 50, 37, 70, 33, 0]"""
j10,1,reactive,60,False,inf,inf,inf,null,"[0, 1, 1, 1, 1, 4, 4, 1, 11, 2, 3, 70, 66, 45, 53, 15, 50, 37, 70, 33, 0]"
j10,1,stnu,60,True,21,0.8491859436035156,0.014292240142822266,"[0, 0, 0, 2, 1, 2, 6, 6, 10, 6, 6, 0, 0, 0, 0, 0, 0, 0, 0, 0, 21]","""[0, 1, 1, 1, 1, 4, 4, 1, 11, 2, 3, 70, 66, 45, 53, 15, 50, 37, 70, 33, 0]"""
j10,1,proactive_quantile_0.9,60,False,inf,0.07150125503540039,inf,"[0, 0, 0, 2, 1, 2, 5, 5, 11, 5, 5, 0, 0, 0, 0, 0, 0, 0, 0, 0, 69]","""[0, 2, 2, 1, 1, 1, 6, 3, 7, 2, 3, 70, 66, 45, 53, 15, 50, 37, 70, 33, 0]"""
j10,1,reactive,60,False,inf,inf,inf,null,"[0, 2, 2, 1, 1, 1, 6, 3, 7, 2, 3, 70, 66, 45, 53, 15, 50, 37, 70, 33, 0]"
j10,1,stnu,60,True,17,0.8948040008544922,0.014159917831420898,"[0, 0, 0, 3, 2, 3, 4, 4, 10, 4, 4, 0, 0, 0, 0, 0, 0, 0, 0, 0, 17]","""[0, 2, 2, 1, 1, 1, 6, 3, 7, 2, 3, 70, 66, 45, 53, 15, 50, 37, 70, 33, 0]"""
j10,1,proactive_quantile_0.9,60,False,inf,0.07468008995056152,inf,"[0, 0, 0, 2, 1, 2, 5, 5, 11, 5, 5, 0, 0, 0, 0, 0, 0, 0, 0, 0, 69]","""[0, 2, 2, 1, 2, 2, 6, 1, 10, 7, 2, 70, 66, 45, 53, 15, 50, 37, 70, 33, 0]"""
j10,1,reactive,60,False,inf,inf,inf,null,"[0, 2, 2, 1, 2, 2, 6, 1, 10, 7, 2, 70, 66, 45, 53, 15, 50, 37, 70, 33, 0]"
j10,1,stnu,60,True,23,0.9016420841217041,0.01405644416809082,"[0, 0, 0, 4, 2, 4, 6, 6, 13, 6, 6, 0, 0, 0, 0, 0, 0, 0, 0, 0, 23]","""[0, 2, 2, 1, 2, 2, 6, 1, 10, 7, 2, 70, 66, 45, 53, 15, 50, 37, 70, 33, 0]"""
j10,1,proactive_quantile_0.9,60,True,22,0.07567667961120605,0.0010223388671875,"[0, 0, 0, 2, 1, 2, 5, 5, 11, 5, 5, 0, 0, 0, 0, 0, 0, 0, 0, 0, 69]","""[0, 1, 1, 1, 1, 3, 6, 1, 8, 7, 5, 70, 66, 45, 53, 15, 50, 37, 70, 33, 0]"""
j10,1,reactive,60,True,19,0.07567667961120605,0.10124707221984863,"[0, 0, 0, 2, 1, 2, 5, 5, 11, 5, 5, 0, 0, 0, 0, 0, 0, 0, 0, 0, 69]","[0, 1, 1, 1, 1, 3, 6, 1, 8, 7, 5, 70, 66, 45, 53, 15, 50, 37, 70, 33, 0]"
j10,1,stnu,60,True,20,0.9561436176300049,0.014126777648925781,"[0, 0, 0, 2, 1, 2, 5, 5, 12, 5, 5, 0, 0, 0, 0, 0, 0, 0, 0, 0, 20]","""[0, 1, 1, 1, 1, 3, 6, 1, 8, 7, 5, 70, 66, 45, 53, 15, 50, 37, 70, 33, 0]"""
j10,1,proactive_quantile_0.9,60,False,inf,0.05850100517272949,inf,"[0, 0, 0, 0, 2, 2, 2, 13, 12, 24, 2, 0, 0, 0, 0, 0, 0, 0, 0, 0, 0, 83]","""[0, 9, 3, 2, 5, 9, 11, 8, 8, 7, 7, 68, 20, 84, 26, 19, 22, 72, 76, 56, 83, 0]"""
j10,1,reactive,60,False,inf,inf,inf,null,"[0, 9, 3, 2, 5, 9, 11, 8, 8, 7, 7, 68, 20, 84, 26, 19, 22, 72, 76, 56, 83, 0]"
j10,1,stnu,60,False,inf,0.8667201995849609,inf,[],"""[0, 9, 3, 8, 5, 9, 11, 8, 8, 7, 7, 68, 20, 84, 26, 19, 22, 72, 76, 56, 83, 0]"""
j10,1,proactive_quantile_0.9,60,False,inf,0.05982780456542969,inf,"[0, 0, 0, 0, 2, 2, 2, 13, 12, 24, 2, 0, 0, 0, 0, 0, 0, 0, 0, 0, 0, 83]","""[0, 7, 1, 3, 8, 8, 10, 10, 5, 7, 10, 68, 20, 84, 26, 19, 22, 72, 76, 56, 83, 0]"""
j10,1,reactive,60,False,inf,inf,inf,null,"[0, 7, 1, 3, 8, 8, 10, 10, 5, 7, 10, 68, 20, 84, 26, 19, 22, 72, 76, 56, 83, 0]"
j10,1,stnu,60,False,inf,0.7981133460998535,inf,[],"""[0, 7, 1, 12, 8, 8, 10, 10, 5, 7, 10, 68, 20, 84, 26, 19, 22, 72, 76, 56, 83, 0]"""
j10,1,proactive_quantile_0.9,60,True,35,0.06016898155212402,0.0011832714080810547,"[0, 0, 0, 0, 2, 2, 2, 13, 12, 24, 2, 0, 0, 0, 0, 0, 0, 0, 0, 0, 0, 83]","""[0, 12, 1, 1, 7, 9, 9, 7, 5, 6, 5, 68, 20, 84, 26, 19, 22, 72, 76, 56, 83, 0]"""
j10,1,reactive,60,True,30,0.06016898155212402,0.20988988876342773,"[0, 0, 0, 0, 2, 2, 2, 13, 12, 24, 2, 0, 0, 0, 0, 0, 0, 0, 0, 0, 0, 30]","[0, 12, 1, 1, 7, 9, 9, 7, 5, 6, 5, 68, 20, 84, 26, 19, 22, 72, 76, 56, 83, 0]"
j10,1,stnu,60,False,inf,0.7779808044433594,inf,[],"""[0, 12, 1, 7, 7, 9, 9, 7, 5, 6, 5, 68, 20, 84, 26, 19, 22, 72, 76, 56, 83, 0]"""
j10,1,proactive_quantile_0.9,60,False,inf,0.05969810485839844,inf,"[0, 0, 0, 0, 2, 2, 2, 13, 12, 24, 2, 0, 0, 0, 0, 0, 0, 0, 0, 0, 0, 83]","""[0, 11, 3, 2, 9, 6, 10, 11, 6, 10, 6, 68, 20, 84, 26, 19, 22, 72, 76, 56, 83, 0]"""
j10,1,reactive,60,False,inf,inf,inf,null,"[0, 11, 3, 2, 9, 6, 10, 11, 6, 10, 6, 68, 20, 84, 26, 19, 22, 72, 76, 56, 83, 0]"
j10,1,stnu,60,False,inf,0.7777457237243652,inf,[],"""[0, 11, 3, 12, 9, 6, 10, 11, 6, 10, 6, 68, 20, 84, 26, 19, 22, 72, 76, 56, 83, 0]"""
j10,1,proactive_quantile_0.9,60,False,inf,0.06172990798950195,inf,"[0, 0, 0, 0, 2, 2, 2, 13, 12, 24, 2, 0, 0, 0, 0, 0, 0, 0, 0, 0, 0, 83]","""[0, 9, 3, 3, 8, 8, 8, 12, 6, 7, 9, 68, 20, 84, 26, 19, 22, 72, 76, 56, 83, 0]"""
j10,1,reactive,60,False,inf,inf,inf,null,"[0, 9, 3, 3, 8, 8, 8, 12, 6, 7, 9, 68, 20, 84, 26, 19, 22, 72, 76, 56, 83, 0]"
j10,1,stnu,60,False,inf,0.906848669052124,inf,[],"""[0, 9, 3, 10, 8, 8, 8, 12, 6, 7, 9, 68, 20, 84, 26, 19, 22, 72, 76, 56, 83, 0]"""
j10,1,proactive_quantile_0.9,60,False,inf,0.061269521713256836,inf,"[0, 0, 0, 0, 2, 2, 2, 13, 12, 24, 2, 0, 0, 0, 0, 0, 0, 0, 0, 0, 0, 83]","""[0, 9, 3, 1, 8, 5, 7, 11, 7, 10, 10, 68, 20, 84, 26, 19, 22, 72, 76, 56, 83, 0]"""
j10,1,reactive,60,False,inf,inf,inf,null,"[0, 9, 3, 1, 8, 5, 7, 11, 7, 10, 10, 68, 20, 84, 26, 19, 22, 72, 76, 56, 83, 0]"
j10,1,stnu,60,False,inf,0.8082125186920166,inf,[],"""[0, 9, 3, 7, 8, 5, 7, 11, 7, 10, 10, 68, 20, 84, 26, 19, 22, 72, 76, 56, 83, 0]"""
j10,1,proactive_quantile_0.9,60,False,inf,0.06490898132324219,inf,"[0, 0, 0, 0, 2, 2, 2, 13, 12, 24, 2, 0, 0, 0, 0, 0, 0, 0, 0, 0, 0, 83]","""[0, 9, 2, 3, 10, 6, 10, 9, 9, 6, 7, 68, 20, 84, 26, 19, 22, 72, 76, 56, 83, 0]"""
j10,1,reactive,60,False,inf,inf,inf,null,"[0, 9, 2, 3, 10, 6, 10, 9, 9, 6, 7, 68, 20, 84, 26, 19, 22, 72, 76, 56, 83, 0]"
j10,1,stnu,60,False,inf,0.8221194744110107,inf,[],"""[0, 9, 2, 6, 10, 6, 10, 9, 9, 6, 7, 68, 20, 84, 26, 19, 22, 72, 76, 56, 83, 0]"""
j10,1,proactive_quantile_0.9,60,True,35,0.06029391288757324,0.0012097358703613281,"[0, 0, 0, 0, 2, 2, 2, 13, 12, 24, 2, 0, 0, 0, 0, 0, 0, 0, 0, 0, 0, 83]","""[0, 11, 1, 2, 7, 8, 9, 6, 8, 11, 9, 68, 20, 84, 26, 19, 22, 72, 76, 56, 83, 0]"""
j10,1,reactive,60,True,35,0.06029391288757324,0.16091585159301758,"[0, 0, 0, 0, 2, 2, 2, 13, 12, 24, 2, 0, 0, 0, 0, 0, 0, 0, 0, 0, 0, 35]","[0, 11, 1, 2, 7, 8, 9, 6, 8, 11, 9, 68, 20, 84, 26, 19, 22, 72, 76, 56, 83, 0]"
j10,1,stnu,60,False,inf,0.8168189525604248,inf,[],"""[0, 11, 1, 11, 7, 8, 9, 6, 8, 11, 9, 68, 20, 84, 26, 19, 22, 72, 76, 56, 83, 0]"""
j10,1,proactive_quantile_0.9,60,False,inf,0.0616757869720459,inf,"[0, 0, 0, 0, 2, 2, 2, 13, 12, 24, 2, 0, 0, 0, 0, 0, 0, 0, 0, 0, 0, 83]","""[0, 7, 3, 3, 8, 6, 6, 6, 8, 10, 9, 68, 20, 84, 26, 19, 22, 72, 76, 56, 83, 0]"""
j10,1,reactive,60,False,inf,inf,inf,null,"[0, 7, 3, 3, 8, 6, 6, 6, 8, 10, 9, 68, 20, 84, 26, 19, 22, 72, 76, 56, 83, 0]"
j10,1,stnu,60,False,inf,0.7878656387329102,inf,[],"""[0, 7, 3, 6, 8, 6, 6, 6, 8, 10, 9, 68, 20, 84, 26, 19, 22, 72, 76, 56, 83, 0]"""
j10,1,proactive_quantile_0.9,60,True,35,0.058705806732177734,0.0012326240539550781,"[0, 0, 0, 0, 2, 2, 2, 13, 12, 24, 2, 0, 0, 0, 0, 0, 0, 0, 0, 0, 0, 83]","""[0, 9, 1, 2, 8, 4, 9, 8, 8, 8, 7, 68, 20, 84, 26, 19, 22, 72, 76, 56, 83, 0]"""
j10,1,reactive,60,True,32,0.058705806732177734,0.1954045295715332,"[0, 0, 0, 0, 2, 2, 2, 13, 12, 24, 2, 0, 0, 0, 0, 0, 0, 0, 0, 0, 0, 32]","[0, 9, 1, 2, 8, 4, 9, 8, 8, 8, 7, 68, 20, 84, 26, 19, 22, 72, 76, 56, 83, 0]"
j10,1,stnu,60,False,inf,0.8301699161529541,inf,[],"""[0, 9, 1, 9, 8, 4, 9, 8, 8, 8, 7, 68, 20, 84, 26, 19, 22, 72, 76, 56, 83, 0]"""
j10,1,proactive_quantile_0.9,60,False,inf,0.06323409080505371,inf,"[0, 0, 0, 2, 15, 9, 9, 11, 21, 17, 16, 0, 0, 0, 0, 0, 0, 0, 66]","""[0, 1, 12, 4, 4, 3, 5, 2, 9, 8, 3, 3, 15, 36, 67, 39, 26, 59, 0]"""
j10,1,reactive,60,False,inf,inf,inf,null,"[0, 1, 12, 4, 4, 3, 5, 2, 9, 8, 3, 3, 15, 36, 67, 39, 26, 59, 0]"
j10,1,stnu,60,True,25,0.868215799331665,0.010988235473632812,"[0, 0, 0, 1, 12, 5, 5, 12, 16, 14, 12, 0, 0, 0, 0, 0, 0, 0, 25]","""[0, 1, 12, 4, 4, 3, 5, 2, 9, 8, 3, 3, 15, 36, 67, 39, 26, 59, 0]"""
j10,1,proactive_quantile_0.9,60,False,inf,0.06621527671813965,inf,"[0, 0, 0, 2, 15, 9, 9, 11, 21, 17, 16, 0, 0, 0, 0, 0, 0, 0, 66]","""[0, 1, 6, 8, 5, 6, 7, 4, 9, 8, 1, 3, 15, 36, 67, 39, 26, 59, 0]"""
j10,1,reactive,60,False,inf,inf,inf,null,"[0, 1, 6, 8, 5, 6, 7, 4, 9, 8, 1, 3, 15, 36, 67, 39, 26, 59, 0]"
j10,1,stnu,60,True,30,0.8169186115264893,0.011111259460449219,"[0, 0, 0, 1, 16, 9, 9, 9, 21, 16, 16, 0, 0, 0, 0, 0, 0, 0, 30]","""[0, 1, 6, 8, 5, 6, 7, 4, 9, 8, 1, 3, 15, 36, 67, 39, 26, 59, 0]"""
j10,1,proactive_quantile_0.9,60,True,29,0.0624845027923584,0.000659942626953125,"[0, 0, 0, 2, 15, 9, 9, 11, 21, 17, 16, 0, 0, 0, 0, 0, 0, 0, 66]","""[0, 2, 7, 4, 4, 7, 7, 2, 4, 6, 2, 3, 15, 36, 67, 39, 26, 59, 0]"""
j10,1,reactive,60,True,25,0.0624845027923584,0.21319794654846191,"[0, 0, 0, 2, 15, 9, 9, 11, 21, 17, 16, 0, 0, 0, 0, 0, 0, 0, 25]","[0, 2, 7, 4, 4, 7, 7, 2, 4, 6, 2, 3, 15, 36, 67, 39, 26, 59, 0]"
j10,1,stnu,60,True,21,0.8048162460327148,0.010980367660522461,"[0, 0, 0, 2, 13, 6, 6, 7, 17, 13, 13, 0, 0, 0, 0, 0, 0, 0, 21]","""[0, 2, 7, 4, 4, 7, 7, 2, 4, 6, 2, 3, 15, 36, 67, 39, 26, 59, 0]"""
j10,1,proactive_quantile_0.9,60,True,29,0.0671381950378418,0.000675201416015625,"[0, 0, 0, 2, 15, 9, 9, 11, 21, 17, 16, 0, 0, 0, 0, 0, 0, 0, 66]","""[0, 1, 11, 4, 3, 5, 7, 2, 6, 6, 3, 3, 15, 36, 67, 39, 26, 59, 0]"""
j10,1,reactive,60,True,27,0.0671381950378418,0.25154972076416016,"[0, 0, 0, 2, 15, 9, 9, 11, 21, 17, 16, 0, 0, 0, 0, 0, 0, 0, 27]","[0, 1, 11, 4, 3, 5, 7, 2, 6, 6, 3, 3, 15, 36, 67, 39, 26, 59, 0]"
j10,1,stnu,60,True,21,0.8467164039611816,0.011000633239746094,"[0, 0, 0, 1, 12, 5, 5, 11, 15, 13, 12, 0, 0, 0, 0, 0, 0, 0, 21]","""[0, 1, 11, 4, 3, 5, 7, 2, 6, 6, 3, 3, 15, 36, 67, 39, 26, 59, 0]"""
j10,1,proactive_quantile_0.9,60,False,inf,0.06889677047729492,inf,"[0, 0, 0, 2, 15, 9, 9, 11, 21, 17, 16, 0, 0, 0, 0, 0, 0, 0, 66]","""[0, 2, 6, 7, 5, 8, 7, 5, 4, 7, 1, 3, 15, 36, 67, 39, 26, 59, 0]"""
j10,1,reactive,60,False,inf,inf,inf,null,"[0, 2, 6, 7, 5, 8, 7, 5, 4, 7, 1, 3, 15, 36, 67, 39, 26, 59, 0]"
j10,1,stnu,60,True,25,0.8407812118530273,0.011000633239746094,"[0, 0, 0, 2, 16, 9, 9, 9, 21, 17, 17, 0, 0, 0, 0, 0, 0, 0, 25]","""[0, 2, 6, 7, 5, 8, 7, 5, 4, 7, 1, 3, 15, 36, 67, 39, 26, 59, 0]"""
j10,1,proactive_quantile_0.9,60,False,inf,0.06643486022949219,inf,"[0, 0, 0, 2, 15, 9, 9, 11, 21, 17, 16, 0, 0, 0, 0, 0, 0, 0, 66]","""[0, 3, 10, 5, 5, 7, 7, 2, 5, 8, 1, 3, 15, 36, 67, 39, 26, 59, 0]"""
j10,1,reactive,60,False,inf,inf,inf,null,"[0, 3, 10, 5, 5, 7, 7, 2, 5, 8, 1, 3, 15, 36, 67, 39, 26, 59, 0]"
j10,1,stnu,60,True,25,0.8295125961303711,0.011078596115112305,"[0, 0, 0, 3, 15, 8, 8, 10, 20, 15, 15, 0, 0, 0, 0, 0, 0, 0, 25]","""[0, 3, 10, 5, 5, 7, 7, 2, 5, 8, 1, 3, 15, 36, 67, 39, 26, 59, 0]"""
j10,1,proactive_quantile_0.9,60,False,inf,0.06262373924255371,inf,"[0, 0, 0, 2, 15, 9, 9, 11, 21, 17, 16, 0, 0, 0, 0, 0, 0, 0, 66]","""[0, 3, 12, 6, 6, 3, 5, 7, 4, 4, 1, 3, 15, 36, 67, 39, 26, 59, 0]"""
j10,1,reactive,60,False,inf,inf,inf,null,"[0, 3, 12, 6, 6, 3, 5, 7, 4, 4, 1, 3, 15, 36, 67, 39, 26, 59, 0]"
j10,1,stnu,60,True,24,0.8218040466308594,0.010879039764404297,"[0, 0, 0, 3, 14, 9, 9, 12, 20, 19, 14, 0, 0, 0, 0, 0, 0, 0, 24]","""[0, 3, 12, 6, 6, 3, 5, 7, 4, 4, 1, 3, 15, 36, 67, 39, 26, 59, 0]"""
j10,1,proactive_quantile_0.9,60,True,29,0.07019734382629395,0.0006668567657470703,"[0, 0, 0, 2, 15, 9, 9, 11, 21, 17, 16, 0, 0, 0, 0, 0, 0, 0, 66]","""[0, 2, 7, 7, 7, 7, 3, 5, 9, 5, 2, 3, 15, 36, 67, 39, 26, 59, 0]"""
j10,1,reactive,60,False,inf,inf,inf,null,"[0, 2, 7, 7, 7, 7, 3, 5, 9, 5, 2, 3, 15, 36, 67, 39, 26, 59, 0]"
j10,1,stnu,60,True,28,0.8556904792785645,0.011108875274658203,"[0, 0, 0, 2, 12, 9, 9, 9, 19, 16, 16, 0, 0, 0, 0, 0, 0, 0, 28]","""[0, 2, 7, 7, 7, 7, 3, 5, 9, 5, 2, 3, 15, 36, 67, 39, 26, 59, 0]"""
j10,1,proactive_quantile_0.9,60,False,inf,0.06521248817443848,inf,"[0, 0, 0, 2, 15, 9, 9, 11, 21, 17, 16, 0, 0, 0, 0, 0, 0, 0, 66]","""[0, 1, 11, 8, 4, 4, 5, 7, 8, 8, 3, 3, 15, 36, 67, 39, 26, 59, 0]"""
j10,1,reactive,60,False,inf,inf,inf,null,"[0, 1, 11, 8, 4, 4, 5, 7, 8, 8, 3, 3, 15, 36, 67, 39, 26, 59, 0]"
j10,1,stnu,60,True,26,0.8107268810272217,0.010861873626708984,"[0, 0, 0, 1, 14, 9, 9, 11, 18, 18, 14, 0, 0, 0, 0, 0, 0, 0, 26]","""[0, 1, 11, 8, 4, 4, 5, 7, 8, 8, 3, 3, 15, 36, 67, 39, 26, 59, 0]"""
j10,1,proactive_quantile_0.9,60,False,inf,0.06913495063781738,inf,"[0, 0, 0, 2, 15, 9, 9, 11, 21, 17, 16, 0, 0, 0, 0, 0, 0, 0, 66]","""[0, 3, 12, 8, 6, 4, 2, 2, 6, 3, 3, 3, 15, 36, 67, 39, 26, 59, 0]"""
j10,1,reactive,60,False,inf,inf,inf,null,"[0, 3, 12, 8, 6, 4, 2, 2, 6, 3, 3, 3, 15, 36, 67, 39, 26, 59, 0]"
j10,1,stnu,60,True,25,0.9720842838287354,0.010830402374267578,"[0, 0, 0, 3, 13, 11, 11, 12, 19, 15, 15, 0, 0, 0, 0, 0, 0, 0, 25]","""[0, 3, 12, 8, 6, 4, 2, 2, 6, 3, 3, 3, 15, 36, 67, 39, 26, 59, 0]"""
j10,1,proactive_quantile_0.9,60,False,inf,0.05582618713378906,inf,"[0, 0, 0, 8, 8, 23, 14, 11, 32, 32, 23, 0, 0, 0, 46]","""[0, 2, 9, 8, 1, 8, 8, 3, 5, 8, 6, 38, 15, 47, 0]"""
j10,1,reactive,60,False,inf,inf,inf,null,"[0, 2, 9, 8, 1, 8, 8, 3, 5, 8, 6, 38, 15, 47, 0]"
j10,1,stnu,60,False,inf,0.7731971740722656,inf,[],"""[0, 2, 9, 8, 1, 8, 8, 3, 5, 8, 6, 38, 15, 47, 0]"""
j10,1,proactive_quantile_0.9,60,False,inf,0.06019091606140137,inf,"[0, 0, 0, 8, 8, 23, 14, 11, 32, 32, 23, 0, 0, 0, 46]","""[0, 1, 4, 5, 1, 6, 10, 2, 9, 8, 7, 38, 15, 47, 0]"""
j10,1,reactive,60,False,inf,inf,inf,null,"[0, 1, 4, 5, 1, 6, 10, 2, 9, 8, 7, 38, 15, 47, 0]"
j10,1,stnu,60,False,inf,0.758493185043335,inf,[],"""[0, 1, 4, 5, 1, 6, 10, 2, 9, 8, 7, 38, 15, 47, 0]"""
j10,1,proactive_quantile_0.9,60,False,inf,0.05793261528015137,inf,"[0, 0, 0, 8, 8, 23, 14, 11, 32, 32, 23, 0, 0, 0, 46]","""[0, 1, 9, 10, 1, 5, 7, 3, 7, 5, 7, 38, 15, 47, 0]"""
j10,1,reactive,60,False,inf,inf,inf,null,"[0, 1, 9, 10, 1, 5, 7, 3, 7, 5, 7, 38, 15, 47, 0]"
j10,1,stnu,60,False,inf,0.7670009136199951,inf,[],"""[0, 1, 9, 10, 1, 5, 7, 3, 7, 5, 7, 38, 15, 47, 0]"""
j10,1,proactive_quantile_0.9,60,True,41,0.055670738220214844,0.00039458274841308594,"[0, 0, 0, 8, 8, 23, 14, 11, 32, 32, 23, 0, 0, 0, 46]","""[0, 3, 7, 6, 1, 7, 9, 1, 6, 3, 4, 38, 15, 47, 0]"""
j10,1,reactive,60,True,38,0.055670738220214844,0.18053460121154785,"[0, 0, 0, 8, 8, 23, 14, 11, 32, 32, 23, 0, 0, 0, 38]","[0, 3, 7, 6, 1, 7, 9, 1, 6, 3, 4, 38, 15, 47, 0]"
j10,1,stnu,60,False,inf,0.7701940536499023,inf,[],"""[0, 3, 7, 6, 1, 7, 9, 1, 6, 3, 4, 38, 15, 47, 0]"""
j10,1,proactive_quantile_0.9,60,True,41,0.056077003479003906,0.0004010200500488281,"[0, 0, 0, 8, 8, 23, 14, 11, 32, 32, 23, 0, 0, 0, 46]","""[0, 3, 7, 9, 2, 5, 5, 1, 5, 7, 8, 38, 15, 47, 0]"""
j10,1,reactive,60,True,39,0.056077003479003906,0.17059659957885742,"[0, 0, 0, 8, 8, 23, 14, 11, 32, 32, 23, 0, 0, 0, 39]","[0, 3, 7, 9, 2, 5, 5, 1, 5, 7, 8, 38, 15, 47, 0]"
j10,1,stnu,60,False,inf,0.7640583515167236,inf,[],"""[0, 3, 7, 9, 2, 5, 5, 1, 5, 7, 8, 38, 15, 47, 0]"""
j10,1,proactive_quantile_0.9,60,True,41,0.0576624870300293,0.0003993511199951172,"[0, 0, 0, 8, 8, 23, 14, 11, 32, 32, 23, 0, 0, 0, 46]","""[0, 2, 7, 7, 1, 6, 6, 3, 6, 6, 5, 38, 15, 47, 0]"""
j10,1,reactive,60,True,38,0.0576624870300293,0.17402362823486328,"[0, 0, 0, 8, 8, 23, 14, 11, 32, 32, 23, 0, 0, 0, 38]","[0, 2, 7, 7, 1, 6, 6, 3, 6, 6, 5, 38, 15, 47, 0]"
j10,1,stnu,60,False,inf,0.8736345767974854,inf,[],"""[0, 2, 7, 7, 1, 6, 6, 3, 6, 6, 5, 38, 15, 47, 0]"""
j10,1,proactive_quantile_0.9,60,True,41,0.061560869216918945,0.0004162788391113281,"[0, 0, 0, 8, 8, 23, 14, 11, 32, 32, 23, 0, 0, 0, 46]","""[0, 1, 7, 10, 2, 8, 6, 3, 9, 6, 8, 38, 15, 47, 0]"""
j10,1,reactive,60,True,41,0.061560869216918945,0.16867446899414062,"[0, 0, 0, 8, 8, 23, 14, 11, 32, 32, 23, 0, 0, 0, 41]","[0, 1, 7, 10, 2, 8, 6, 3, 9, 6, 8, 38, 15, 47, 0]"
j10,1,stnu,60,False,inf,0.7977762222290039,inf,[],"""[0, 1, 7, 10, 2, 8, 6, 3, 9, 6, 8, 38, 15, 47, 0]"""
j10,1,proactive_quantile_0.9,60,False,inf,0.05581402778625488,inf,"[0, 0, 0, 8, 8, 23, 14, 11, 32, 32, 23, 0, 0, 0, 46]","""[0, 1, 9, 6, 4, 5, 10, 1, 5, 3, 5, 38, 15, 47, 0]"""
j10,1,reactive,60,False,inf,inf,inf,null,"[0, 1, 9, 6, 4, 5, 10, 1, 5, 3, 5, 38, 15, 47, 0]"
j10,1,stnu,60,False,inf,0.7639892101287842,inf,[],"""[0, 1, 9, 6, 4, 5, 10, 1, 5, 3, 5, 38, 15, 47, 0]"""
j10,1,proactive_quantile_0.9,60,False,inf,0.056978702545166016,inf,"[0, 0, 0, 8, 8, 23, 14, 11, 32, 32, 23, 0, 0, 0, 46]","""[0, 3, 7, 10, 4, 9, 8, 2, 9, 8, 8, 38, 15, 47, 0]"""
j10,1,reactive,60,False,inf,inf,inf,null,"[0, 3, 7, 10, 4, 9, 8, 2, 9, 8, 8, 38, 15, 47, 0]"
j10,1,stnu,60,False,inf,0.7693159580230713,inf,[],"""[0, 3, 7, 10, 4, 9, 8, 2, 9, 8, 8, 38, 15, 47, 0]"""
j10,1,proactive_quantile_0.9,60,True,41,0.054749250411987305,0.0003895759582519531,"[0, 0, 0, 8, 8, 23, 14, 11, 32, 32, 23, 0, 0, 0, 46]","""[0, 2, 4, 8, 3, 5, 9, 1, 7, 6, 4, 38, 15, 47, 0]"""
j10,1,reactive,60,True,39,0.054749250411987305,0.1361250877380371,"[0, 0, 0, 8, 8, 23, 14, 11, 32, 32, 23, 0, 0, 0, 39]","[0, 2, 4, 8, 3, 5, 9, 1, 7, 6, 4, 38, 15, 47, 0]"
j10,1,stnu,60,False,inf,0.7863686084747314,inf,[],"""[0, 2, 4, 8, 3, 5, 9, 1, 7, 6, 4, 38, 15, 47, 0]"""
j10,1,proactive_quantile_0.9,60,False,inf,0.06002640724182129,inf,"[0, 0, 0, 0, 3, 9, 12, 19, 9, 12, 26, 0, 60]","""[0, 1, 1, 5, 2, 4, 8, 7, 4, 4, 4, 61, 0]"""
j10,1,reactive,60,False,inf,inf,inf,null,"[0, 1, 1, 5, 2, 4, 8, 7, 4, 4, 4, 61, 0]"
j10,1,stnu,60,True,26,0.796929121017456,0.005578517913818359,"[0, 0, 0, 0, 1, 3, 7, 15, 5, 7, 22, 0, 26]","""[0, 1, 1, 5, 2, 4, 8, 7, 4, 4, 4, 61, 0]"""
j10,1,proactive_quantile_0.9,60,True,33,0.06152534484863281,0.0002918243408203125,"[0, 0, 0, 0, 3, 9, 12, 19, 9, 12, 26, 0, 60]","""[0, 1, 2, 6, 6, 4, 7, 3, 3, 4, 3, 61, 0]"""
j10,1,reactive,60,False,inf,inf,inf,null,"[0, 1, 2, 6, 6, 4, 7, 3, 3, 4, 3, 61, 0]"
j10,1,stnu,60,True,25,0.7728826999664307,0.005575418472290039,"[0, 0, 0, 0, 2, 8, 12, 19, 8, 12, 22, 0, 25]","""[0, 1, 2, 6, 6, 4, 7, 3, 3, 4, 3, 61, 0]"""
j10,1,proactive_quantile_0.9,60,True,33,0.05879330635070801,0.0003101825714111328,"[0, 0, 0, 0, 3, 9, 12, 19, 9, 12, 26, 0, 60]","""[0, 2, 1, 8, 4, 3, 4, 7, 4, 5, 6, 61, 0]"""
j10,1,reactive,60,True,32,0.05879330635070801,0.1262068748474121,"[0, 0, 0, 0, 3, 9, 12, 19, 9, 12, 26, 0, 32]","[0, 2, 1, 8, 4, 3, 4, 7, 4, 5, 6, 61, 0]"
j10,1,stnu,60,True,27,0.8956568241119385,0.005672931671142578,"[0, 0, 0, 0, 2, 6, 9, 14, 8, 9, 21, 0, 27]","""[0, 2, 1, 8, 4, 3, 4, 7, 4, 5, 6, 61, 0]"""
j10,1,proactive_quantile_0.9,60,False,inf,0.058396100997924805,inf,"[0, 0, 0, 0, 3, 9, 12, 19, 9, 12, 26, 0, 60]","""[0, 3, 1, 6, 2, 4, 6, 6, 4, 3, 4, 61, 0]"""
j10,1,reactive,60,False,inf,inf,inf,null,"[0, 3, 1, 6, 2, 4, 6, 6, 4, 3, 4, 61, 0]"
j10,1,stnu,60,True,25,0.9478836059570312,0.005640506744384766,"[0, 0, 0, 0, 3, 5, 9, 15, 6, 9, 21, 0, 25]","""[0, 3, 1, 6, 2, 4, 6, 6, 4, 3, 4, 61, 0]"""
j10,1,proactive_quantile_0.9,60,True,33,0.06395626068115234,0.0003082752227783203,"[0, 0, 0, 0, 3, 9, 12, 19, 9, 12, 26, 0, 60]","""[0, 3, 1, 5, 4, 2, 7, 3, 5, 7, 5, 61, 0]"""
j10,1,reactive,60,True,31,0.06395626068115234,0.09708070755004883,"[0, 0, 0, 0, 3, 9, 12, 19, 9, 12, 26, 0, 31]","[0, 3, 1, 5, 4, 2, 7, 3, 5, 7, 5, 61, 0]"
j10,1,stnu,60,True,24,0.7805233001708984,0.005563497543334961,"[0, 0, 0, 0, 3, 7, 9, 16, 7, 9, 19, 0, 24]","""[0, 3, 1, 5, 4, 2, 7, 3, 5, 7, 5, 61, 0]"""
j10,1,proactive_quantile_0.9,60,True,33,0.05794858932495117,0.00029850006103515625,"[0, 0, 0, 0, 3, 9, 12, 19, 9, 12, 26, 0, 60]","""[0, 1, 3, 5, 3, 1, 6, 3, 2, 7, 7, 61, 0]"""
j10,1,reactive,60,True,29,0.05794858932495117,0.13225030899047852,"[0, 0, 0, 0, 3, 9, 12, 19, 9, 12, 22, 0, 29]","[0, 1, 3, 5, 3, 1, 6, 3, 2, 7, 7, 61, 0]"
j10,1,stnu,60,True,24,0.9881875514984131,0.005554676055908203,"[0, 0, 0, 0, 3, 6, 7, 14, 6, 7, 17, 0, 24]","""[0, 1, 3, 5, 3, 1, 6, 3, 2, 7, 7, 61, 0]"""
j10,1,proactive_quantile_0.9,60,True,33,0.06026434898376465,0.00031185150146484375,"[0, 0, 0, 0, 3, 9, 12, 19, 9, 12, 26, 0, 60]","""[0, 1, 2, 8, 2, 1, 4, 3, 4, 6, 7, 61, 0]"""
j10,1,reactive,60,True,26,0.06026434898376465,0.12240839004516602,"[0, 0, 0, 0, 3, 9, 12, 16, 9, 12, 19, 0, 26]","[0, 1, 2, 8, 2, 1, 4, 3, 4, 6, 7, 61, 0]"
j10,1,stnu,60,True,24,0.815758228302002,0.005559206008911133,"[0, 0, 0, 0, 2, 4, 8, 14, 8, 8, 17, 0, 24]","""[0, 1, 2, 8, 2, 1, 4, 3, 4, 6, 7, 61, 0]"""
j10,1,proactive_quantile_0.9,60,False,inf,0.06374835968017578,inf,"[0, 0, 0, 0, 3, 9, 12, 19, 9, 12, 26, 0, 60]","""[0, 4, 1, 5, 6, 4, 7, 4, 6, 7, 6, 61, 0]"""
j10,1,reactive,60,False,inf,inf,inf,null,"[0, 4, 1, 5, 6, 4, 7, 4, 6, 7, 6, 61, 0]"
j10,1,stnu,60,True,31,0.9351615905761719,0.0055539608001708984,"[0, 0, 0, 0, 4, 10, 14, 21, 10, 14, 25, 0, 31]","""[0, 4, 1, 5, 6, 4, 7, 4, 6, 7, 6, 61, 0]"""
j10,1,proactive_quantile_0.9,60,True,33,0.05798149108886719,0.00030231475830078125,"[0, 0, 0, 0, 3, 9, 12, 19, 9, 12, 26, 0, 60]","""[0, 2, 2, 6, 5, 1, 8, 4, 6, 8, 5, 61, 0]"""
j10,1,reactive,60,False,inf,inf,inf,null,"[0, 2, 2, 6, 5, 1, 8, 4, 6, 8, 5, 61, 0]"
j10,1,stnu,60,True,25,0.790308952331543,0.005565643310546875,"[0, 0, 0, 0, 2, 7, 8, 16, 7, 8, 20, 0, 25]","""[0, 2, 2, 6, 5, 1, 8, 4, 6, 8, 5, 61, 0]"""
j10,1,proactive_quantile_0.9,60,True,33,0.19939708709716797,0.0003056526184082031,"[0, 0, 0, 0, 3, 9, 12, 19, 9, 12, 26, 0, 60]","""[0, 3, 2, 7, 3, 2, 4, 8, 5, 3, 7, 61, 0]"""
j10,1,reactive,60,True,34,0.19939708709716797,0.06727170944213867,"[0, 0, 0, 0, 3, 9, 12, 19, 9, 12, 27, 0, 34]","[0, 3, 2, 7, 3, 2, 4, 8, 5, 3, 7, 61, 0]"
j10,1,stnu,60,True,27,0.7851872444152832,0.005617618560791016,"[0, 0, 0, 0, 3, 6, 8, 12, 7, 8, 20, 0, 27]","""[0, 3, 2, 7, 3, 2, 4, 8, 5, 3, 7, 61, 0]"""
j10,1,proactive_quantile_0.9,60,False,inf,0.061925411224365234,inf,"[0, 3, 0, 0, 11, 22, 3, 3, 24, 22, 7, 0, 0, 0, 83]","""[0, 7, 6, 4, 6, 2, 5, 9, 12, 5, 7, 51, 12, 84, 0]"""
j10,1,reactive,60,False,inf,inf,inf,null,"[0, 7, 6, 4, 6, 2, 5, 9, 12, 5, 7, 51, 12, 84, 0]"
j10,1,stnu,60,True,31,0.8326470851898193,0.0066988468170166016,"[0, 4, 0, 0, 11, 17, 4, 4, 19, 17, 6, 0, 0, 0, 31]","""[0, 7, 6, 4, 6, 2, 5, 9, 12, 5, 7, 51, 12, 84, 0]"""
j10,1,proactive_quantile_0.9,60,True,35,0.0580134391784668,0.0005743503570556641,"[0, 3, 0, 0, 11, 22, 3, 3, 24, 22, 7, 0, 0, 0, 83]","""[0, 8, 4, 1, 6, 2, 7, 10, 11, 2, 3, 51, 12, 84, 0]"""
j10,1,reactive,60,True,35,0.0580134391784668,0.11858773231506348,"[0, 3, 0, 0, 11, 22, 3, 3, 24, 22, 7, 0, 0, 0, 35]","[0, 8, 4, 1, 6, 2, 7, 10, 11, 2, 3, 51, 12, 84, 0]"
j10,1,stnu,60,True,28,0.8037848472595215,0.006785869598388672,"[0, 1, 0, 0, 9, 15, 1, 1, 17, 15, 4, 0, 0, 0, 28]","""[0, 8, 4, 1, 6, 2, 7, 10, 11, 2, 3, 51, 12, 84, 0]"""
j10,1,proactive_quantile_0.9,60,True,35,0.06152606010437012,0.0004892349243164062,"[0, 3, 0, 0, 11, 22, 3, 3, 24, 22, 7, 0, 0, 0, 83]","""[0, 6, 8, 3, 6, 3, 2, 7, 9, 3, 4, 51, 12, 84, 0]"""
j10,1,reactive,60,False,inf,inf,inf,null,"[0, 6, 8, 3, 6, 3, 2, 7, 9, 3, 4, 51, 12, 84, 0]"
j10,1,stnu,60,True,27,0.7922275066375732,0.006981849670410156,"[0, 3, 0, 0, 9, 15, 3, 3, 18, 15, 8, 0, 0, 0, 27]","""[0, 6, 8, 3, 6, 3, 2, 7, 9, 3, 4, 51, 12, 84, 0]"""
j10,1,proactive_quantile_0.9,60,True,35,0.06085205078125,0.0005137920379638672,"[0, 3, 0, 0, 11, 22, 3, 3, 24, 22, 7, 0, 0, 0, 83]","""[0, 7, 4, 3, 10, 3, 7, 11, 11, 7, 7, 51, 12, 84, 0]"""
j10,1,reactive,60,False,inf,inf,inf,null,"[0, 7, 4, 3, 10, 3, 7, 11, 11, 7, 7, 51, 12, 84, 0]"
j10,1,stnu,60,True,34,0.7777292728424072,0.00680232048034668,"[0, 3, 0, 0, 10, 20, 3, 3, 23, 20, 4, 0, 0, 0, 34]","""[0, 7, 4, 3, 10, 3, 7, 11, 11, 7, 7, 51, 12, 84, 0]"""
j10,1,proactive_quantile_0.9,60,True,35,0.1904745101928711,0.0005271434783935547,"[0, 3, 0, 0, 11, 22, 3, 3, 24, 22, 7, 0, 0, 0, 83]","""[0, 6, 7, 1, 12, 2, 2, 7, 11, 7, 6, 51, 12, 84, 0]"""
j10,1,reactive,60,False,inf,inf,inf,null,"[0, 6, 7, 1, 12, 2, 2, 7, 11, 7, 6, 51, 12, 84, 0]"
j10,1,stnu,60,True,32,0.8419504165649414,0.006871223449707031,"[0, 1, 0, 0, 7, 19, 1, 1, 21, 19, 7, 0, 0, 0, 32]","""[0, 6, 7, 1, 12, 2, 2, 7, 11, 7, 6, 51, 12, 84, 0]"""
j10,1,proactive_quantile_0.9,60,True,35,0.06176447868347168,0.0005097389221191406,"[0, 3, 0, 0, 11, 22, 3, 3, 24, 22, 7, 0, 0, 0, 83]","""[0, 8, 7, 2, 9, 3, 7, 12, 7, 3, 2, 51, 12, 84, 0]"""
j10,1,reactive,60,False,inf,inf,inf,null,"[0, 8, 7, 2, 9, 3, 7, 12, 7, 3, 2, 51, 12, 84, 0]"
j10,1,stnu,60,True,29,0.8196544647216797,0.006967306137084961,"[0, 2, 0, 0, 10, 19, 2, 2, 22, 19, 7, 0, 0, 0, 29]","""[0, 8, 7, 2, 9, 3, 7, 12, 7, 3, 2, 51, 12, 84, 0]"""
j10,1,proactive_quantile_0.9,60,False,inf,0.06497311592102051,inf,"[0, 3, 0, 0, 11, 22, 3, 3, 24, 22, 7, 0, 0, 0, 83]","""[0, 8, 4, 4, 12, 2, 5, 10, 8, 7, 7, 51, 12, 84, 0]"""
j10,1,reactive,60,False,inf,inf,inf,null,"[0, 8, 4, 4, 12, 2, 5, 10, 8, 7, 7, 51, 12, 84, 0]"
j10,1,stnu,60,True,34,0.7745935916900635,0.0068454742431640625,"[0, 4, 0, 0, 12, 24, 4, 4, 26, 24, 4, 0, 0, 0, 34]","""[0, 8, 4, 4, 12, 2, 5, 10, 8, 7, 7, 51, 12, 84, 0]"""
j10,1,proactive_quantile_0.9,60,True,35,0.05998635292053223,0.000499725341796875,"[0, 3, 0, 0, 11, 22, 3, 3, 24, 22, 7, 0, 0, 0, 83]","""[0, 7, 6, 3, 6, 2, 4, 12, 12, 7, 5, 51, 12, 84, 0]"""
j10,1,reactive,60,True,36,0.05998635292053223,0.1018209457397461,"[0, 3, 0, 0, 11, 22, 3, 3, 24, 22, 7, 0, 0, 0, 36]","[0, 7, 6, 3, 6, 2, 4, 12, 12, 7, 5, 51, 12, 84, 0]"
j10,1,stnu,60,True,30,0.7890043258666992,0.0069119930267333984,"[0, 3, 0, 0, 10, 16, 3, 3, 18, 16, 6, 0, 0, 0, 30]","""[0, 7, 6, 3, 6, 2, 4, 12, 12, 7, 5, 51, 12, 84, 0]"""
j10,1,proactive_quantile_0.9,60,True,35,0.0639805793762207,0.0004832744598388672,"[0, 3, 0, 0, 11, 22, 3, 3, 24, 22, 7, 0, 0, 0, 83]","""[0, 7, 3, 3, 9, 1, 4, 7, 9, 2, 6, 51, 12, 84, 0]"""
j10,1,reactive,60,True,33,0.0639805793762207,0.11123323440551758,"[0, 3, 0, 0, 11, 22, 3, 3, 24, 22, 7, 0, 0, 0, 33]","[0, 7, 3, 3, 9, 1, 4, 7, 9, 2, 6, 51, 12, 84, 0]"
j10,1,stnu,60,True,29,0.8105742931365967,0.006830930709838867,"[0, 3, 0, 0, 10, 19, 3, 3, 20, 19, 3, 0, 0, 0, 29]","""[0, 7, 3, 3, 9, 1, 4, 7, 9, 2, 6, 51, 12, 84, 0]"""
j10,1,proactive_quantile_0.9,60,True,35,0.06328415870666504,0.0005033016204833984,"[0, 3, 0, 0, 11, 22, 3, 3, 24, 22, 7, 0, 0, 0, 83]","""[0, 9, 8, 2, 9, 2, 6, 12, 6, 2, 4, 51, 12, 84, 0]"""
j10,1,reactive,60,False,inf,inf,inf,null,"[0, 9, 8, 2, 9, 2, 6, 12, 6, 2, 4, 51, 12, 84, 0]"
j10,1,stnu,60,True,28,0.7855353355407715,0.006882667541503906,"[0, 2, 0, 0, 11, 20, 2, 2, 22, 20, 8, 0, 0, 0, 28]","""[0, 9, 8, 2, 9, 2, 6, 12, 6, 2, 4, 51, 12, 84, 0]"""
j10,1,proactive_quantile_0.9,60,True,19,0.05955815315246582,0.00029206275939941406,"[0, 0, 0, 0, 7, 1, 7, 7, 14, 9, 9, 0, 0, 20]","""[0, 5, 5, 2, 8, 6, 2, 3, 5, 2, 6, 21, 21, 0]"""
j10,1,reactive,60,False,inf,inf,inf,null,"[0, 5, 5, 2, 8, 6, 2, 3, 5, 2, 6, 21, 21, 0]"
j10,1,stnu,60,True,13,0.8081214427947998,0.006182670593261719,"[0, 0, 0, 0, 2, 2, 2, 7, 8, 5, 5, 0, 0, 13]","""[0, 1, 5, 2, 1, 5, 2, 1, 5, 2, 6, 21, 21, 0]"""
j10,1,proactive_quantile_0.9,60,False,inf,0.0571897029876709,inf,"[0, 0, 0, 0, 7, 1, 7, 7, 14, 9, 9, 0, 0, 20]","""[0, 3, 3, 2, 4, 4, 2, 2, 5, 6, 3, 21, 21, 0]"""
j10,1,reactive,60,False,inf,inf,inf,null,"[0, 3, 3, 2, 4, 4, 2, 2, 5, 6, 3, 21, 21, 0]"
j10,1,stnu,60,True,14,0.8042311668395996,0.0062274932861328125,"[0, 0, 0, 0, 3, 3, 3, 7, 9, 5, 5, 0, 0, 14]","""[0, 3, 3, 2, 2, 4, 1, 2, 5, 2, 4, 21, 21, 0]"""
j10,1,proactive_quantile_0.9,60,False,inf,0.05712628364562988,inf,"[0, 0, 0, 0, 7, 1, 7, 7, 14, 9, 9, 0, 0, 20]","""[0, 6, 6, 1, 6, 4, 3, 4, 4, 5, 4, 21, 21, 0]"""
j10,1,reactive,60,False,inf,inf,inf,null,"[0, 6, 6, 1, 6, 4, 3, 4, 4, 5, 4, 21, 21, 0]"
j10,1,stnu,60,True,13,0.9380946159362793,0.006140947341918945,"[0, 0, 0, 0, 2, 2, 2, 8, 9, 6, 6, 0, 0, 13]","""[0, 2, 6, 1, 3, 6, 2, 1, 4, 2, 7, 21, 21, 0]"""
j10,1,proactive_quantile_0.9,60,False,inf,0.0589754581451416,inf,"[0, 0, 0, 0, 7, 1, 7, 7, 14, 9, 9, 0, 0, 20]","""[0, 5, 5, 1, 3, 7, 1, 7, 3, 5, 7, 21, 21, 0]"""
j10,1,reactive,60,False,inf,inf,inf,null,"[0, 5, 5, 1, 3, 7, 1, 7, 3, 5, 7, 21, 21, 0]"
j10,1,stnu,60,True,10,0.7955303192138672,0.006238460540771484,"[0, 0, 0, 0, 1, 1, 1, 6, 7, 5, 5, 0, 0, 10]","""[0, 1, 5, 1, 1, 3, 2, 1, 3, 1, 4, 21, 21, 0]"""
j10,1,proactive_quantile_0.9,60,False,inf,0.05763816833496094,inf,"[0, 0, 0, 0, 7, 1, 7, 7, 14, 9, 9, 0, 0, 20]","""[0, 4, 5, 1, 6, 7, 3, 7, 4, 3, 7, 21, 21, 0]"""
j10,1,reactive,60,False,inf,inf,inf,null,"[0, 4, 5, 1, 6, 7, 3, 7, 4, 3, 7, 21, 21, 0]"
j10,1,stnu,60,True,13,0.8141238689422607,0.006198406219482422,"[0, 0, 0, 0, 1, 1, 1, 7, 9, 5, 5, 0, 0, 13]","""[0, 1, 5, 1, 2, 6, 2, 2, 4, 2, 7, 21, 21, 0]"""
j10,1,proactive_quantile_0.9,60,True,19,0.06165337562561035,0.00026702880859375,"[0, 0, 0, 0, 7, 1, 7, 7, 14, 9, 9, 0, 0, 20]","""[0, 3, 4, 1, 4, 6, 1, 7, 6, 2, 5, 21, 21, 0]"""
j10,1,reactive,60,True,20,0.06165337562561035,0.13039588928222656,"[0, 0, 0, 0, 7, 1, 7, 7, 14, 9, 9, 0, 0, 20]","[0, 3, 4, 1, 4, 6, 1, 7, 6, 2, 5, 21, 21, 0]"
j10,1,stnu,60,True,17,0.8450589179992676,0.006083965301513672,"[0, 0, 0, 0, 3, 3, 3, 9, 11, 5, 5, 0, 0, 17]","""[0, 3, 4, 1, 1, 6, 2, 2, 6, 2, 6, 21, 21, 0]"""
j10,1,proactive_quantile_0.9,60,True,19,0.05691075325012207,0.0002868175506591797,"[0, 0, 0, 0, 7, 1, 7, 7, 14, 9, 9, 0, 0, 20]","""[0, 4, 4, 2, 7, 6, 1, 4, 2, 5, 4, 21, 21, 0]"""
j10,1,reactive,60,False,inf,inf,inf,null,"[0, 4, 4, 2, 7, 6, 1, 4, 2, 5, 4, 21, 21, 0]"
j10,1,stnu,60,True,13,0.7883062362670898,0.006303548812866211,"[0, 0, 0, 0, 4, 4, 4, 9, 11, 7, 7, 0, 0, 13]","""[0, 4, 4, 2, 3, 2, 2, 2, 2, 2, 6, 21, 21, 0]"""
j10,1,proactive_quantile_0.9,60,True,19,0.05743241310119629,0.00027680397033691406,"[0, 0, 0, 0, 7, 1, 7, 7, 14, 9, 9, 0, 0, 20]","""[0, 8, 4, 2, 6, 5, 1, 2, 2, 4, 5, 21, 21, 0]"""
j10,1,reactive,60,False,inf,inf,inf,null,"[0, 8, 4, 2, 6, 5, 1, 2, 2, 4, 5, 21, 21, 0]"
j10,1,stnu,60,True,9,0.8343837261199951,0.006188154220581055,"[0, 0, 0, 0, 2, 2, 2, 5, 7, 4, 4, 0, 0, 9]","""[0, 2, 4, 2, 2, 3, 1, 2, 2, 1, 4, 21, 21, 0]"""
j10,1,proactive_quantile_0.9,60,False,inf,0.05502128601074219,inf,"[0, 0, 0, 0, 7, 1, 7, 7, 14, 9, 9, 0, 0, 20]","""[0, 8, 3, 1, 5, 2, 1, 5, 4, 6, 4, 21, 21, 0]"""
j10,1,reactive,60,False,inf,inf,inf,null,"[0, 8, 3, 1, 5, 2, 1, 5, 4, 6, 4, 21, 21, 0]"
j10,1,stnu,60,True,13,0.8075306415557861,0.006236553192138672,"[0, 0, 0, 0, 1, 1, 1, 7, 9, 4, 4, 0, 0, 13]","""[0, 1, 3, 1, 3, 6, 1, 2, 4, 1, 3, 21, 21, 0]"""
j10,1,proactive_quantile_0.9,60,True,19,0.057848215103149414,0.0002586841583251953,"[0, 0, 0, 0, 7, 1, 7, 7, 14, 9, 9, 0, 0, 20]","""[0, 4, 4, 2, 6, 6, 2, 2, 4, 5, 7, 21, 21, 0]"""
j10,1,reactive,60,False,inf,inf,inf,null,"[0, 4, 4, 2, 6, 6, 2, 2, 4, 5, 7, 21, 21, 0]"
j10,1,stnu,60,True,13,0.787416934967041,0.006132841110229492,"[0, 0, 0, 0, 4, 4, 4, 8, 9, 6, 6, 0, 0, 13]","""[0, 4, 4, 2, 2, 3, 2, 1, 4, 2, 4, 21, 21, 0]"""
j10,1,proactive_quantile_0.9,60,False,inf,0.06234931945800781,inf,"[0, 2, 0, 5, 8, 8, 2, 2, 16, 13, 13, 0, 0, 0, 0, 0, 0, 0, 0, 0, 72]","""[0, 3, 1, 3, 5, 1, 4, 10, 2, 4, 9, 69, 64, 35, 29, 36, 23, 73, 58, 68, 0]"""
j10,1,reactive,60,False,inf,inf,inf,null,"[0, 3, 1, 3, 5, 1, 4, 10, 2, 4, 9, 69, 64, 35, 29, 36, 23, 73, 58, 68, 0]"
j10,1,stnu,60,True,27,0.8515434265136719,0.013733386993408203,"[0, 0, 0, 5, 1, 12, 1, 12, 12, 20, 26, 0, 0, 0, 0, 0, 0, 0, 0, 0, 27]","""[0, 10, 1, 7, 3, 1, 4, 8, 2, 6, 1, 69, 64, 35, 29, 36, 23, 73, 58, 68, 0]"""
j10,1,proactive_quantile_0.9,60,False,inf,0.062203407287597656,inf,"[0, 0, 0, 8, 3, 17, 3, 17, 17, 25, 34, 0, 0, 0, 0, 0, 0, 0, 0, 0, 72]","""[0, 6, 2, 8, 3, 4, 6, 7, 1, 7, 1, 69, 64, 35, 29, 36, 23, 73, 58, 68, 0]"""
j10,1,reactive,60,False,inf,inf,inf,null,"[0, 6, 2, 8, 3, 4, 6, 7, 1, 7, 1, 69, 64, 35, 29, 36, 23, 73, 58, 68, 0]"
j10,1,stnu,60,True,31,0.9855630397796631,0.013592958450317383,"[0, 0, 0, 8, 2, 16, 2, 16, 16, 23, 30, 0, 0, 0, 0, 0, 0, 0, 0, 0, 31]","""[0, 6, 2, 8, 3, 4, 6, 7, 1, 7, 1, 69, 64, 35, 29, 36, 23, 73, 58, 68, 0]"""
j10,1,proactive_quantile_0.9,60,False,inf,0.0675361156463623,inf,"[0, 0, 0, 8, 3, 17, 3, 17, 17, 25, 34, 0, 0, 0, 0, 0, 0, 0, 0, 0, 72]","""[0, 5, 1, 10, 7, 1, 5, 7, 3, 9, 1, 69, 64, 35, 29, 36, 23, 73, 58, 68, 0]"""
j10,1,reactive,60,False,inf,inf,inf,null,"[0, 5, 1, 10, 7, 1, 5, 7, 3, 9, 1, 69, 64, 35, 29, 36, 23, 73, 58, 68, 0]"
j10,1,stnu,60,True,33,0.8311111927032471,0.01374506950378418,"[0, 0, 0, 6, 1, 16, 1, 16, 16, 23, 32, 0, 0, 0, 0, 0, 0, 0, 0, 0, 33]","""[0, 5, 1, 10, 7, 1, 5, 7, 3, 9, 1, 69, 64, 35, 29, 36, 23, 73, 58, 68, 0]"""
j10,1,proactive_quantile_0.9,60,False,inf,0.06647491455078125,inf,"[0, 0, 0, 8, 3, 17, 3, 17, 17, 25, 34, 0, 0, 0, 0, 0, 0, 0, 0, 0, 72]","""[0, 6, 3, 5, 2, 4, 6, 7, 3, 8, 1, 69, 64, 35, 29, 36, 23, 73, 58, 68, 0]"""
j10,1,reactive,60,False,inf,inf,inf,null,"[0, 6, 3, 5, 2, 4, 6, 7, 3, 8, 1, 69, 64, 35, 29, 36, 23, 73, 58, 68, 0]"
j10,1,stnu,60,True,30,0.8285503387451172,0.01363062858581543,"[0, 0, 0, 9, 3, 14, 3, 14, 14, 21, 29, 0, 0, 0, 0, 0, 0, 0, 0, 0, 30]","""[0, 6, 3, 5, 2, 4, 6, 7, 3, 8, 1, 69, 64, 35, 29, 36, 23, 73, 58, 68, 0]"""
j10,1,proactive_quantile_0.9,60,False,inf,0.061724185943603516,inf,"[0, 0, 0, 8, 3, 17, 3, 17, 17, 25, 34, 0, 0, 0, 0, 0, 0, 0, 0, 0, 72]","""[0, 6, 4, 6, 2, 2, 2, 4, 3, 10, 2, 69, 64, 35, 29, 36, 23, 73, 58, 68, 0]"""
j10,1,reactive,60,False,inf,inf,inf,null,"[0, 6, 4, 6, 2, 2, 2, 4, 3, 10, 2, 69, 64, 35, 29, 36, 23, 73, 58, 68, 0]"
j10,1,stnu,60,True,28,0.984804630279541,0.01366424560546875,"[0, 0, 0, 6, 4, 12, 4, 12, 12, 16, 26, 0, 0, 0, 0, 0, 0, 0, 0, 0, 28]","""[0, 6, 4, 6, 2, 2, 2, 4, 3, 10, 2, 69, 64, 35, 29, 36, 23, 73, 58, 68, 0]"""
j10,1,proactive_quantile_0.9,60,False,inf,0.06270027160644531,inf,"[0, 0, 0, 8, 3, 17, 3, 17, 17, 25, 34, 0, 0, 0, 0, 0, 0, 0, 0, 0, 72]","""[0, 5, 4, 7, 7, 3, 2, 4, 1, 7, 1, 69, 64, 35, 29, 36, 23, 73, 58, 68, 0]"""
j10,1,reactive,60,False,inf,inf,inf,null,"[0, 5, 4, 7, 7, 3, 2, 4, 1, 7, 1, 69, 64, 35, 29, 36, 23, 73, 58, 68, 0]"
j10,1,stnu,60,True,25,0.8869547843933105,0.013820886611938477,"[0, 0, 0, 6, 4, 13, 4, 13, 13, 17, 24, 0, 0, 0, 0, 0, 0, 0, 0, 0, 25]","""[0, 5, 4, 7, 7, 3, 2, 4, 1, 7, 1, 69, 64, 35, 29, 36, 23, 73, 58, 68, 0]"""
j10,1,proactive_quantile_0.9,60,False,inf,0.061369895935058594,inf,"[0, 0, 0, 8, 3, 17, 3, 17, 17, 25, 34, 0, 0, 0, 0, 0, 0, 0, 0, 0, 72]","""[0, 9, 4, 10, 3, 1, 5, 8, 2, 9, 1, 69, 64, 35, 29, 36, 23, 73, 58, 68, 0]"""
j10,1,reactive,60,False,inf,inf,inf,null,"[0, 9, 4, 10, 3, 1, 5, 8, 2, 9, 1, 69, 64, 35, 29, 36, 23, 73, 58, 68, 0]"
j10,1,stnu,60,True,37,0.826413631439209,0.013782262802124023,"[0, 0, 0, 9, 4, 19, 4, 19, 19, 27, 36, 0, 0, 0, 0, 0, 0, 0, 0, 0, 37]","""[0, 9, 4, 10, 3, 1, 5, 8, 2, 9, 1, 69, 64, 35, 29, 36, 23, 73, 58, 68, 0]"""
j10,1,proactive_quantile_0.9,60,False,inf,0.06313538551330566,inf,"[0, 0, 0, 8, 3, 17, 3, 17, 17, 25, 34, 0, 0, 0, 0, 0, 0, 0, 0, 0, 72]","""[0, 7, 4, 8, 7, 4, 3, 4, 3, 5, 2, 69, 64, 35, 29, 36, 23, 73, 58, 68, 0]"""
j10,1,reactive,60,False,inf,inf,inf,null,"[0, 7, 4, 8, 7, 4, 3, 4, 3, 5, 2, 69, 64, 35, 29, 36, 23, 73, 58, 68, 0]"
j10,1,stnu,60,True,26,0.8498668670654297,0.013649463653564453,"[0, 0, 0, 7, 4, 15, 4, 15, 15, 19, 24, 0, 0, 0, 0, 0, 0, 0, 0, 0, 26]","""[0, 7, 4, 8, 7, 4, 3, 4, 3, 5, 2, 69, 64, 35, 29, 36, 23, 73, 58, 68, 0]"""
j10,1,proactive_quantile_0.9,60,False,inf,0.06637859344482422,inf,"[0, 0, 0, 8, 3, 17, 3, 17, 17, 25, 34, 0, 0, 0, 0, 0, 0, 0, 0, 0, 72]","""[0, 6, 4, 8, 4, 3, 6, 6, 1, 9, 2, 69, 64, 35, 29, 36, 23, 73, 58, 68, 0]"""
j10,1,reactive,60,False,inf,inf,inf,null,"[0, 6, 4, 8, 4, 3, 6, 6, 1, 9, 2, 69, 64, 35, 29, 36, 23, 73, 58, 68, 0]"
j10,1,stnu,60,True,35,0.8521502017974854,0.013654232025146484,"[0, 0, 0, 10, 4, 18, 4, 18, 18, 24, 33, 0, 0, 0, 0, 0, 0, 0, 0, 0, 35]","""[0, 6, 4, 8, 4, 3, 6, 6, 1, 9, 2, 69, 64, 35, 29, 36, 23, 73, 58, 68, 0]"""
j10,1,proactive_quantile_0.9,60,True,35,0.061406850814819336,0.0010380744934082031,"[0, 0, 0, 8, 3, 17, 3, 17, 17, 25, 34, 0, 0, 0, 0, 0, 0, 0, 0, 0, 72]","""[0, 6, 2, 6, 7, 3, 3, 4, 2, 5, 1, 69, 64, 35, 29, 36, 23, 73, 58, 68, 0]"""
j10,1,reactive,60,True,35,0.061406850814819336,0.25806307792663574,"[0, 0, 0, 8, 3, 17, 3, 17, 17, 25, 34, 0, 0, 0, 0, 0, 0, 0, 0, 0, 35]","[0, 6, 2, 6, 7, 3, 3, 4, 2, 5, 1, 69, 64, 35, 29, 36, 23, 73, 58, 68, 0]"
j10,1,stnu,60,True,21,0.9837989807128906,0.013813495635986328,"[0, 0, 0, 5, 2, 11, 2, 11, 11, 15, 20, 0, 0, 0, 0, 0, 0, 0, 0, 0, 21]","""[0, 6, 2, 6, 7, 3, 3, 4, 2, 5, 1, 69, 64, 35, 29, 36, 23, 73, 58, 68, 0]"""
j10,1,stnu,60,False,inf,0.799480676651001,inf,[],"""[0, 2, 1, 6, 5, 1, 5, 7, 3, 4, 1, 57, 8, 47, 16, 47, 0]"""
j10,1,stnu,60,False,inf,0.7837181091308594,inf,[],"""[0, 2, 3, 4, 4, 1, 4, 4, 1, 1, 3, 57, 8, 47, 16, 47, 0]"""
j10,1,stnu,60,False,inf,0.7607097625732422,inf,[],"""[0, 2, 3, 4, 4, 2, 8, 2, 1, 1, 2, 57, 8, 47, 16, 47, 0]"""
j10,1,stnu,60,False,inf,0.7572975158691406,inf,[],"""[0, 1, 2, 4, 6, 1, 6, 4, 1, 4, 2, 57, 8, 47, 16, 47, 0]"""
j10,1,stnu,60,False,inf,0.7790341377258301,inf,[],"""[0, 3, 2, 3, 5, 1, 8, 3, 3, 3, 1, 57, 8, 47, 16, 47, 0]"""
j10,1,stnu,60,False,inf,0.7415661811828613,inf,[],"""[0, 2, 1, 4, 6, 2, 4, 6, 3, 4, 1, 57, 8, 47, 16, 47, 0]"""
j10,1,stnu,60,False,inf,1.0037946701049805,inf,[],"""[0, 3, 1, 7, 5, 1, 3, 2, 1, 4, 1, 57, 8, 47, 16, 47, 0]"""
j10,1,stnu,60,False,inf,0.7819836139678955,inf,[],"""[0, 3, 2, 4, 3, 2, 4, 6, 2, 1, 3, 57, 8, 47, 16, 47, 0]"""
j10,1,stnu,60,False,inf,0.7504744529724121,inf,[],"""[0, 1, 1, 8, 2, 2, 8, 4, 3, 1, 2, 57, 8, 47, 16, 47, 0]"""
j10,1,stnu,60,False,inf,0.7778234481811523,inf,[],"""[0, 3, 2, 7, 4, 2, 5, 2, 3, 4, 1, 57, 8, 47, 16, 47, 0]"""
j10,1,proactive_quantile_0.9,60,True,23,0.05903768539428711,0.0003268718719482422,"[0, 0, 0, 0, 3, 3, 14, 3, 20, 14, 14, 0, 61]","""[0, 1, 1, 6, 5, 11, 3, 4, 4, 7, 3, 62, 0]"""
j10,1,reactive,60,True,24,0.05903768539428711,0.10319352149963379,"[0, 0, 0, 0, 3, 3, 14, 3, 20, 14, 14, 0, 24]","[0, 1, 1, 6, 5, 11, 3, 4, 4, 7, 3, 62, 0]"
j10,1,stnu,60,True,19,0.7877469062805176,0.005154132843017578,"[0, 0, 0, 0, 1, 1, 12, 1, 15, 12, 12, 0, 19]","""[0, 1, 1, 6, 5, 11, 3, 4, 4, 7, 3, 62, 0]"""
j10,1,proactive_quantile_0.9,60,True,23,0.05938386917114258,0.00030994415283203125,"[0, 0, 0, 0, 3, 3, 14, 3, 20, 14, 14, 0, 61]","""[0, 2, 2, 3, 8, 8, 3, 5, 2, 5, 6, 62, 0]"""
j10,1,reactive,60,True,20,0.05938386917114258,0.154404878616333,"[0, 0, 0, 0, 3, 3, 14, 3, 17, 14, 14, 0, 20]","[0, 2, 2, 3, 8, 8, 3, 5, 2, 5, 6, 62, 0]"
j10,1,stnu,60,True,18,0.8916685581207275,0.005301475524902344,"[0, 0, 0, 0, 2, 2, 10, 2, 16, 10, 10, 0, 18]","""[0, 2, 2, 3, 8, 8, 3, 5, 2, 5, 6, 62, 0]"""
j10,1,proactive_quantile_0.9,60,True,23,0.05726003646850586,0.00031685829162597656,"[0, 0, 0, 0, 3, 3, 14, 3, 20, 14, 14, 0, 61]","""[0, 2, 2, 2, 5, 6, 4, 6, 3, 5, 4, 62, 0]"""
j10,1,reactive,60,True,16,0.05726003646850586,0.1475982666015625,"[0, 0, 0, 0, 3, 3, 9, 3, 13, 9, 9, 0, 16]","[0, 2, 2, 2, 5, 6, 4, 6, 3, 5, 4, 62, 0]"
j10,1,stnu,60,True,15,0.787989616394043,0.0053119659423828125,"[0, 0, 0, 0, 2, 2, 8, 2, 12, 8, 8, 0, 15]","""[0, 2, 2, 2, 5, 6, 4, 6, 3, 5, 4, 62, 0]"""
j10,1,proactive_quantile_0.9,60,False,inf,0.05576515197753906,inf,"[0, 0, 0, 0, 3, 3, 14, 3, 20, 14, 14, 0, 61]","""[0, 4, 2, 6, 4, 9, 7, 7, 1, 4, 3, 62, 0]"""
j10,1,reactive,60,False,inf,inf,inf,null,"[0, 4, 2, 6, 4, 9, 7, 7, 1, 4, 3, 62, 0]"
j10,1,stnu,60,True,21,0.9315788745880127,0.005349636077880859,"[0, 0, 0, 0, 4, 4, 13, 4, 20, 13, 13, 0, 21]","""[0, 4, 2, 6, 4, 9, 7, 7, 1, 4, 3, 62, 0]"""
j10,1,proactive_quantile_0.9,60,True,23,0.056037187576293945,0.0003032684326171875,"[0, 0, 0, 0, 3, 3, 14, 3, 20, 14, 14, 0, 61]","""[0, 2, 2, 4, 4, 11, 3, 6, 4, 5, 3, 62, 0]"""
j10,1,reactive,60,True,24,0.056037187576293945,0.11479878425598145,"[0, 0, 0, 0, 3, 3, 14, 3, 20, 14, 14, 0, 24]","[0, 2, 2, 4, 4, 11, 3, 6, 4, 5, 3, 62, 0]"
j10,1,stnu,60,True,20,0.7881669998168945,0.005171298980712891,"[0, 0, 0, 0, 2, 2, 13, 2, 16, 13, 13, 0, 20]","""[0, 2, 2, 4, 4, 11, 3, 6, 4, 5, 3, 62, 0]"""
j10,1,proactive_quantile_0.9,60,False,inf,0.0592501163482666,inf,"[0, 0, 0, 0, 3, 3, 14, 3, 20, 14, 14, 0, 61]","""[0, 4, 4, 4, 3, 6, 7, 2, 3, 8, 5, 62, 0]"""
j10,1,reactive,60,False,inf,inf,inf,null,"[0, 4, 4, 4, 3, 6, 7, 2, 3, 8, 5, 62, 0]"
j10,1,stnu,60,True,20,0.7732915878295898,0.0053365230560302734,"[0, 0, 0, 0, 4, 4, 10, 4, 17, 10, 10, 0, 20]","""[0, 4, 4, 4, 3, 6, 7, 2, 3, 8, 5, 62, 0]"""
j10,1,proactive_quantile_0.9,60,False,inf,0.05516481399536133,inf,"[0, 0, 0, 0, 3, 3, 14, 3, 20, 14, 14, 0, 61]","""[0, 1, 4, 5, 8, 7, 5, 5, 4, 8, 6, 62, 0]"""
j10,1,reactive,60,False,inf,inf,inf,null,"[0, 1, 4, 5, 8, 7, 5, 5, 4, 8, 6, 62, 0]"
j10,1,stnu,60,True,21,0.7815203666687012,0.005247831344604492,"[0, 0, 0, 0, 4, 4, 12, 4, 17, 12, 11, 0, 21]","""[0, 1, 4, 5, 8, 7, 5, 5, 4, 8, 6, 62, 0]"""
j10,1,proactive_quantile_0.9,60,True,23,0.05735135078430176,0.0002956390380859375,"[0, 0, 0, 0, 3, 3, 14, 3, 20, 14, 14, 0, 61]","""[0, 2, 1, 7, 7, 8, 2, 2, 2, 7, 2, 62, 0]"""
j10,1,reactive,60,True,21,0.05735135078430176,0.14543700218200684,"[0, 0, 0, 0, 3, 3, 14, 3, 16, 14, 14, 0, 21]","[0, 2, 1, 7, 7, 8, 2, 2, 2, 7, 2, 62, 0]"
j10,1,stnu,60,True,17,0.768989086151123,0.005396604537963867,"[0, 0, 0, 0, 2, 2, 10, 2, 12, 10, 10, 0, 17]","""[0, 2, 1, 7, 7, 8, 2, 2, 2, 7, 2, 62, 0]"""
j10,1,proactive_quantile_0.9,60,False,inf,0.055356740951538086,inf,"[0, 0, 0, 0, 3, 3, 14, 3, 20, 14, 14, 0, 61]","""[0, 3, 4, 5, 5, 10, 6, 7, 4, 8, 6, 62, 0]"""
j10,1,reactive,60,False,inf,inf,inf,null,"[0, 3, 4, 5, 5, 10, 6, 7, 4, 8, 6, 62, 0]"
j10,1,stnu,60,True,24,0.7521603107452393,0.005414247512817383,"[0, 0, 0, 0, 4, 4, 14, 4, 20, 14, 14, 0, 24]","""[0, 3, 4, 5, 5, 10, 6, 7, 4, 8, 6, 62, 0]"""
j10,1,proactive_quantile_0.9,60,True,23,0.0636439323425293,0.0003077983856201172,"[0, 0, 0, 0, 3, 3, 14, 3, 20, 14, 14, 0, 61]","""[0, 3, 2, 4, 5, 12, 4, 3, 4, 3, 6, 62, 0]"""
j10,1,reactive,60,False,inf,inf,inf,null,"[0, 3, 2, 4, 5, 12, 4, 3, 4, 3, 6, 62, 0]"
j10,1,stnu,60,True,25,0.7790889739990234,0.005265712738037109,"[0, 0, 0, 0, 3, 3, 15, 3, 21, 15, 15, 0, 25]","""[0, 3, 2, 4, 5, 12, 4, 3, 4, 3, 6, 62, 0]"""
j10,1,proactive_quantile_0.9,60,True,30,0.05970168113708496,0.0009779930114746094,"[0, 0, 0, 0, 11, 11, 14, 15, 24, 2, 19, 0, 0, 0, 0, 0, 0, 0, 0, 0, 73]","""[0, 2, 11, 7, 5, 2, 1, 6, 2, 10, 4, 25, 59, 74, 62, 16, 50, 48, 48, 34, 0]"""
j10,1,reactive,60,True,26,0.05970168113708496,0.1843397617340088,"[0, 0, 0, 0, 11, 11, 14, 15, 24, 2, 19, 0, 0, 0, 0, 0, 0, 0, 0, 0, 26]","[0, 2, 11, 7, 5, 2, 1, 6, 2, 10, 4, 25, 59, 74, 62, 16, 50, 48, 48, 34, 0]"
j10,1,stnu,60,True,22,0.8551878929138184,0.013751983642578125,"[0, 0, 0, 0, 11, 11, 13, 14, 20, 2, 16, 0, 0, 0, 0, 0, 0, 0, 0, 0, 22]","""[0, 2, 11, 7, 5, 2, 1, 6, 2, 10, 4, 25, 59, 74, 62, 16, 50, 48, 48, 34, 0]"""
j10,1,proactive_quantile_0.9,60,False,inf,0.059329986572265625,inf,"[0, 0, 0, 0, 11, 11, 14, 15, 24, 2, 19, 0, 0, 0, 0, 0, 0, 0, 0, 0, 73]","""[0, 2, 11, 8, 6, 4, 2, 10, 4, 10, 2, 25, 59, 74, 62, 16, 50, 48, 48, 34, 0]"""
j10,1,reactive,60,False,inf,inf,inf,null,"[0, 2, 11, 8, 6, 4, 2, 10, 4, 10, 2, 25, 59, 74, 62, 16, 50, 48, 48, 34, 0]"
j10,1,stnu,60,True,31,0.8374412059783936,0.013808727264404297,"[0, 0, 0, 0, 11, 11, 15, 17, 27, 2, 17, 0, 0, 0, 0, 0, 0, 0, 0, 0, 31]","""[0, 2, 11, 8, 6, 4, 2, 10, 4, 10, 2, 25, 59, 74, 62, 16, 50, 48, 48, 34, 0]"""
j10,1,proactive_quantile_0.9,60,True,30,0.06058311462402344,0.0010373592376708984,"[0, 0, 0, 0, 11, 11, 14, 15, 24, 2, 19, 0, 0, 0, 0, 0, 0, 0, 0, 0, 73]","""[0, 2, 9, 8, 7, 1, 1, 7, 6, 7, 5, 25, 59, 74, 62, 16, 50, 48, 48, 34, 0]"""
j10,1,reactive,60,True,30,0.06058311462402344,0.19810032844543457,"[0, 0, 0, 0, 11, 11, 14, 15, 24, 2, 19, 0, 0, 0, 0, 0, 0, 0, 0, 0, 30]","[0, 2, 9, 8, 7, 1, 1, 7, 6, 7, 5, 25, 59, 74, 62, 16, 50, 48, 48, 34, 0]"
j10,1,stnu,60,True,24,1.1439154148101807,0.013733386993408203,"[0, 0, 0, 0, 9, 9, 10, 11, 18, 2, 16, 0, 0, 0, 0, 0, 0, 0, 0, 0, 24]","""[0, 2, 9, 8, 7, 1, 1, 7, 6, 7, 5, 25, 59, 74, 62, 16, 50, 48, 48, 34, 0]"""
j10,1,proactive_quantile_0.9,60,False,inf,0.06020832061767578,inf,"[0, 0, 0, 0, 11, 11, 14, 15, 24, 2, 19, 0, 0, 0, 0, 0, 0, 0, 0, 0, 73]","""[0, 1, 11, 7, 7, 3, 2, 9, 3, 8, 2, 25, 59, 74, 62, 16, 50, 48, 48, 34, 0]"""
j10,1,reactive,60,False,inf,inf,inf,null,"[0, 1, 11, 7, 7, 3, 2, 9, 3, 8, 2, 25, 59, 74, 62, 16, 50, 48, 48, 34, 0]"
j10,1,stnu,60,True,28,0.8361105918884277,0.01384592056274414,"[0, 0, 0, 0, 11, 11, 14, 16, 25, 1, 18, 0, 0, 0, 0, 0, 0, 0, 0, 0, 28]","""[0, 1, 11, 7, 7, 3, 2, 9, 3, 8, 2, 25, 59, 74, 62, 16, 50, 48, 48, 34, 0]"""
j10,1,proactive_quantile_0.9,60,False,inf,0.06013894081115723,inf,"[0, 0, 0, 0, 11, 11, 14, 15, 24, 2, 19, 0, 0, 0, 0, 0, 0, 0, 0, 0, 73]","""[0, 3, 11, 6, 9, 2, 2, 9, 6, 10, 2, 25, 59, 74, 62, 16, 50, 48, 48, 34, 0]"""
j10,1,reactive,60,False,inf,inf,inf,null,"[0, 3, 11, 6, 9, 2, 2, 9, 6, 10, 2, 25, 59, 74, 62, 16, 50, 48, 48, 34, 0]"
j10,1,stnu,60,True,30,0.8470170497894287,0.013846874237060547,"[0, 0, 0, 0, 11, 11, 13, 15, 24, 3, 20, 0, 0, 0, 0, 0, 0, 0, 0, 0, 30]","""[0, 3, 11, 6, 9, 2, 2, 9, 6, 10, 2, 25, 59, 74, 62, 16, 50, 48, 48, 34, 0]"""
j10,1,proactive_quantile_0.9,60,False,inf,0.06058168411254883,inf,"[0, 0, 0, 0, 11, 11, 14, 15, 24, 2, 19, 0, 0, 0, 0, 0, 0, 0, 0, 0, 73]","""[0, 1, 12, 9, 8, 4, 1, 6, 5, 10, 2, 25, 59, 74, 62, 16, 50, 48, 48, 34, 0]"""
j10,1,reactive,60,False,inf,inf,inf,null,"[0, 1, 12, 9, 8, 4, 1, 6, 5, 10, 2, 25, 59, 74, 62, 16, 50, 48, 48, 34, 0]"
j10,1,stnu,60,True,28,0.8289151191711426,0.013936758041381836,"[0, 0, 0, 0, 12, 12, 16, 17, 23, 1, 20, 0, 0, 0, 0, 0, 0, 0, 0, 0, 28]","""[0, 1, 12, 9, 8, 4, 1, 6, 5, 10, 2, 25, 59, 74, 62, 16, 50, 48, 48, 34, 0]"""
j10,1,proactive_quantile_0.9,60,True,30,0.06444811820983887,0.0009906291961669922,"[0, 0, 0, 0, 11, 11, 14, 15, 24, 2, 19, 0, 0, 0, 0, 0, 0, 0, 0, 0, 73]","""[0, 2, 8, 8, 6, 2, 1, 6, 5, 12, 5, 25, 59, 74, 62, 16, 50, 48, 48, 34, 0]"""
j10,1,reactive,60,True,29,0.06444811820983887,0.21686434745788574,"[0, 0, 0, 0, 11, 11, 14, 15, 24, 2, 19, 0, 0, 0, 0, 0, 0, 0, 0, 0, 29]","[0, 2, 8, 8, 6, 2, 1, 6, 5, 12, 5, 25, 59, 74, 62, 16, 50, 48, 48, 34, 0]"
j10,1,stnu,60,True,26,0.8423912525177002,0.013689994812011719,"[0, 0, 0, 0, 8, 8, 14, 15, 21, 2, 15, 0, 0, 0, 0, 0, 0, 0, 0, 0, 26]","""[0, 2, 8, 8, 6, 2, 1, 6, 5, 12, 5, 25, 59, 74, 62, 16, 50, 48, 48, 34, 0]"""
j10,1,proactive_quantile_0.9,60,False,inf,0.06482791900634766,inf,"[0, 0, 0, 0, 11, 11, 14, 15, 24, 2, 19, 0, 0, 0, 0, 0, 0, 0, 0, 0, 73]","""[0, 1, 8, 8, 9, 3, 2, 10, 6, 12, 5, 25, 59, 74, 62, 16, 50, 48, 48, 34, 0]"""
j10,1,reactive,60,False,inf,inf,inf,null,"[0, 1, 8, 8, 9, 3, 2, 10, 6, 12, 5, 25, 59, 74, 62, 16, 50, 48, 48, 34, 0]"
j10,1,stnu,60,True,31,0.8504016399383545,0.013689994812011719,"[0, 0, 0, 0, 8, 8, 13, 15, 25, 1, 17, 0, 0, 0, 0, 0, 0, 0, 0, 0, 31]","""[0, 1, 8, 8, 9, 3, 2, 10, 6, 12, 5, 25, 59, 74, 62, 16, 50, 48, 48, 34, 0]"""
j10,1,proactive_quantile_0.9,60,True,30,0.05975031852722168,0.0010333061218261719,"[0, 0, 0, 0, 11, 11, 14, 15, 24, 2, 19, 0, 0, 0, 0, 0, 0, 0, 0, 0, 73]","""[0, 3, 12, 5, 7, 3, 1, 7, 5, 6, 7, 25, 59, 74, 62, 16, 50, 48, 48, 34, 0]"""
j10,1,reactive,60,False,inf,inf,inf,null,"[0, 3, 12, 5, 7, 3, 1, 7, 5, 6, 7, 25, 59, 74, 62, 16, 50, 48, 48, 34, 0]"
j10,1,stnu,60,True,28,1.0259068012237549,0.013940572738647461,"[0, 0, 0, 0, 12, 12, 15, 16, 23, 3, 19, 0, 0, 0, 0, 0, 0, 0, 0, 0, 28]","""[0, 3, 12, 5, 7, 3, 1, 7, 5, 6, 7, 25, 59, 74, 62, 16, 50, 48, 48, 34, 0]"""
j10,1,proactive_quantile_0.9,60,True,30,0.060449838638305664,0.0009958744049072266,"[0, 0, 0, 0, 11, 11, 14, 15, 24, 2, 19, 0, 0, 0, 0, 0, 0, 0, 0, 0, 73]","""[0, 3, 10, 7, 9, 3, 1, 10, 3, 10, 2, 25, 59, 74, 62, 16, 50, 48, 48, 34, 0]"""
j10,1,reactive,60,False,inf,inf,inf,null,"[0, 3, 10, 7, 9, 3, 1, 10, 3, 10, 2, 25, 59, 74, 62, 16, 50, 48, 48, 34, 0]"
j10,1,stnu,60,True,27,0.8399081230163574,0.013996601104736328,"[0, 0, 0, 0, 10, 10, 13, 14, 24, 3, 19, 0, 0, 0, 0, 0, 0, 0, 0, 0, 27]","""[0, 3, 10, 7, 9, 3, 1, 10, 3, 10, 2, 25, 59, 74, 62, 16, 50, 48, 48, 34, 0]"""
j10,1,proactive_quantile_0.9,60,True,24,0.060169219970703125,0.000476837158203125,"[0, 0, 0, 0, 7, 7, 16, 10, 19, 16, 7, 0, 0, 0, 59]","""[0, 6, 4, 8, 4, 7, 2, 6, 6, 6, 3, 60, 25, 55, 0]"""
j10,1,reactive,60,False,inf,inf,inf,null,"[0, 6, 4, 8, 4, 7, 2, 6, 6, 6, 3, 60, 25, 55, 0]"
j10,1,stnu,60,True,26,0.7800695896148682,0.007277011871337891,"[0, 0, 0, 0, 8, 8, 18, 12, 20, 18, 8, 0, 0, 0, 26]","""[0, 6, 4, 8, 4, 7, 2, 6, 6, 6, 3, 60, 25, 55, 0]"""
j10,1,proactive_quantile_0.9,60,False,inf,0.05514883995056152,inf,"[0, 0, 0, 0, 7, 7, 16, 10, 19, 16, 7, 0, 0, 0, 59]","""[0, 3, 3, 4, 4, 6, 2, 2, 5, 3, 6, 60, 25, 55, 0]"""
j10,1,reactive,60,False,inf,inf,inf,null,"[0, 3, 3, 4, 4, 6, 2, 2, 5, 3, 6, 60, 25, 55, 0]"
j10,1,stnu,60,True,17,0.7840862274169922,0.007193088531494141,"[0, 0, 0, 0, 4, 4, 10, 8, 12, 10, 4, 0, 0, 0, 17]","""[0, 3, 3, 4, 4, 6, 2, 2, 5, 3, 6, 60, 25, 55, 0]"""
j10,1,proactive_quantile_0.9,60,True,24,0.05625486373901367,0.0004611015319824219,"[0, 0, 0, 0, 7, 7, 16, 10, 19, 16, 7, 0, 0, 0, 59]","""[0, 4, 4, 5, 1, 10, 2, 6, 6, 3, 4, 60, 25, 55, 0]"""
j10,1,reactive,60,False,inf,inf,inf,null,"[0, 4, 4, 5, 1, 10, 2, 6, 6, 3, 4, 60, 25, 55, 0]"
j10,1,stnu,60,True,23,0.809215784072876,0.0070078372955322266,"[0, 0, 0, 0, 5, 5, 15, 6, 17, 15, 5, 0, 0, 0, 23]","""[0, 4, 4, 5, 1, 10, 2, 6, 6, 3, 4, 60, 25, 55, 0]"""
j10,1,proactive_quantile_0.9,60,True,24,0.05632805824279785,0.0004570484161376953,"[0, 0, 0, 0, 7, 7, 16, 10, 19, 16, 7, 0, 0, 0, 59]","""[0, 4, 2, 3, 3, 10, 4, 6, 5, 7, 2, 60, 25, 55, 0]"""
j10,1,reactive,60,False,inf,inf,inf,null,"[0, 4, 2, 3, 3, 10, 4, 6, 5, 7, 2, 60, 25, 55, 0]"
j10,1,stnu,60,True,23,0.7889926433563232,0.00719761848449707,"[0, 0, 0, 0, 4, 4, 14, 7, 18, 14, 3, 0, 0, 0, 23]","""[0, 4, 2, 3, 3, 10, 4, 6, 5, 7, 2, 60, 25, 55, 0]"""
j10,1,proactive_quantile_0.9,60,True,24,0.0572209358215332,0.00046706199645996094,"[0, 0, 0, 0, 7, 7, 16, 10, 19, 16, 7, 0, 0, 0, 59]","""[0, 5, 2, 4, 3, 7, 1, 7, 4, 6, 2, 60, 25, 55, 0]"""
j10,1,reactive,60,False,inf,inf,inf,null,"[0, 5, 2, 4, 3, 7, 1, 7, 4, 6, 2, 60, 25, 55, 0]"
j10,1,stnu,60,True,21,0.8089838027954102,0.007075071334838867,"[0, 0, 0, 0, 5, 5, 15, 8, 16, 15, 4, 0, 0, 0, 21]","""[0, 5, 2, 4, 3, 7, 1, 7, 4, 6, 2, 60, 25, 55, 0]"""
j10,1,proactive_quantile_0.9,60,False,inf,0.05498480796813965,inf,"[0, 0, 0, 0, 7, 7, 16, 10, 19, 16, 7, 0, 0, 0, 59]","""[0, 7, 1, 7, 4, 5, 4, 4, 5, 3, 6, 60, 25, 55, 0]"""
j10,1,reactive,60,False,inf,inf,inf,null,"[0, 7, 1, 7, 4, 5, 4, 4, 5, 3, 6, 60, 25, 55, 0]"
j10,1,stnu,60,True,24,0.8120591640472412,0.007032155990600586,"[0, 0, 0, 0, 7, 7, 15, 11, 19, 15, 7, 0, 0, 0, 24]","""[0, 7, 1, 7, 4, 5, 4, 4, 5, 3, 6, 60, 25, 55, 0]"""
j10,1,proactive_quantile_0.9,60,True,24,0.05908846855163574,0.0004420280456542969,"[0, 0, 0, 0, 7, 7, 16, 10, 19, 16, 7, 0, 0, 0, 59]","""[0, 7, 2, 3, 2, 10, 1, 3, 5, 5, 3, 60, 25, 55, 0]"""
j10,1,reactive,60,False,inf,inf,inf,null,"[0, 7, 2, 3, 2, 10, 1, 3, 5, 5, 3, 60, 25, 55, 0]"
j10,1,stnu,60,True,23,0.8474924564361572,0.007058143615722656,"[0, 0, 0, 0, 7, 7, 17, 9, 18, 17, 3, 0, 0, 0, 23]","""[0, 7, 2, 3, 2, 10, 1, 3, 5, 5, 3, 60, 25, 55, 0]"""
j10,1,proactive_quantile_0.9,60,False,inf,0.06144881248474121,inf,"[0, 0, 0, 0, 7, 7, 16, 10, 19, 16, 7, 0, 0, 0, 59]","""[0, 5, 4, 8, 4, 9, 3, 3, 3, 5, 6, 60, 25, 55, 0]"""
j10,1,reactive,60,False,inf,inf,inf,null,"[0, 5, 4, 8, 4, 9, 3, 3, 3, 5, 6, 60, 25, 55, 0]"
j10,1,stnu,60,True,23,0.7879462242126465,0.006955862045288086,"[0, 0, 0, 0, 8, 8, 17, 12, 20, 17, 8, 0, 0, 0, 23]","""[0, 5, 4, 8, 4, 9, 3, 3, 3, 5, 6, 60, 25, 55, 0]"""
j10,1,proactive_quantile_0.9,60,True,24,0.055533647537231445,0.0004639625549316406,"[0, 0, 0, 0, 7, 7, 16, 10, 19, 16, 7, 0, 0, 0, 59]","""[0, 7, 2, 7, 1, 6, 3, 7, 4, 7, 7, 60, 25, 55, 0]"""
j10,1,reactive,60,False,inf,inf,inf,null,"[0, 7, 2, 7, 1, 6, 3, 7, 4, 7, 7, 60, 25, 55, 0]"
j10,1,stnu,60,True,22,0.7906968593597412,0.006951332092285156,"[0, 0, 0, 0, 7, 7, 15, 8, 18, 15, 7, 0, 0, 0, 22]","""[0, 7, 2, 7, 1, 6, 3, 7, 4, 7, 7, 60, 25, 55, 0]"""
j10,1,proactive_quantile_0.9,60,False,inf,0.05586957931518555,inf,"[0, 0, 0, 0, 7, 7, 16, 10, 19, 16, 7, 0, 0, 0, 59]","""[0, 4, 1, 4, 4, 7, 2, 5, 2, 5, 7, 60, 25, 55, 0]"""
j10,1,reactive,60,False,inf,inf,inf,null,"[0, 4, 1, 4, 4, 7, 2, 5, 2, 5, 7, 60, 25, 55, 0]"
j10,1,stnu,60,True,18,0.8878886699676514,0.00692439079284668,"[0, 0, 0, 0, 4, 4, 13, 8, 15, 13, 4, 0, 0, 0, 18]","""[0, 4, 1, 4, 4, 7, 2, 5, 2, 5, 7, 60, 25, 55, 0]"""
j10,1,proactive_quantile_0.9,60,False,inf,0.05990004539489746,inf,"[0, 0, 0, 0, 3, 10, 10, 12, 20, 28, 20, 0, 0, 0, 0, 0, 74]","""[0, 2, 7, 2, 5, 1, 2, 7, 9, 1, 9, 40, 25, 60, 75, 71, 0]"""
j10,1,reactive,60,False,inf,inf,inf,null,"[0, 2, 7, 2, 5, 1, 2, 7, 9, 1, 9, 40, 25, 60, 75, 71, 0]"
j10,1,stnu,60,True,26,0.8411891460418701,0.008744478225708008,"[0, 0, 0, 0, 2, 7, 7, 9, 16, 25, 16, 0, 0, 0, 0, 0, 26]","""[0, 2, 7, 2, 5, 1, 2, 7, 9, 1, 9, 40, 25, 60, 75, 71, 0]"""
j10,1,proactive_quantile_0.9,60,True,31,0.05970954895019531,0.0006706714630126953,"[0, 0, 0, 0, 3, 10, 10, 12, 20, 28, 20, 0, 0, 0, 0, 0, 74]","""[0, 1, 6, 2, 7, 1, 3, 9, 10, 1, 6, 40, 25, 60, 75, 71, 0]"""
j10,1,reactive,60,False,inf,inf,inf,null,"[0, 1, 6, 2, 7, 1, 3, 9, 10, 1, 6, 40, 25, 60, 75, 71, 0]"
j10,1,stnu,60,True,31,0.9230833053588867,0.009082317352294922,"[0, 0, 0, 0, 2, 9, 9, 12, 21, 27, 21, 0, 0, 0, 0, 0, 31]","""[0, 1, 6, 2, 7, 1, 3, 9, 10, 1, 6, 40, 25, 60, 75, 71, 0]"""
j10,1,proactive_quantile_0.9,60,False,inf,0.06079578399658203,inf,"[0, 0, 0, 0, 3, 10, 10, 12, 20, 28, 20, 0, 0, 0, 0, 0, 74]","""[0, 1, 3, 4, 8, 2, 2, 7, 9, 1, 9, 40, 25, 60, 75, 71, 0]"""
j10,1,reactive,60,False,inf,inf,inf,null,"[0, 1, 3, 4, 8, 2, 2, 7, 9, 1, 9, 40, 25, 60, 75, 71, 0]"
j10,1,stnu,60,True,31,0.7953813076019287,0.008883237838745117,"[0, 0, 0, 0, 4, 12, 12, 14, 21, 30, 21, 0, 0, 0, 0, 0, 31]","""[0, 1, 3, 4, 8, 2, 2, 7, 9, 1, 9, 40, 25, 60, 75, 71, 0]"""
j10,1,proactive_quantile_0.9,60,True,31,0.06439423561096191,0.0006787776947021484,"[0, 0, 0, 0, 3, 10, 10, 12, 20, 28, 20, 0, 0, 0, 0, 0, 74]","""[0, 2, 8, 3, 5, 1, 1, 5, 9, 2, 5, 40, 25, 60, 75, 71, 0]"""
j10,1,reactive,60,True,30,0.06439423561096191,0.20398783683776855,"[0, 0, 0, 0, 3, 10, 10, 12, 20, 28, 20, 0, 0, 0, 0, 0, 30]","[0, 2, 8, 3, 5, 1, 1, 5, 9, 2, 5, 40, 25, 60, 75, 71, 0]"
j10,1,stnu,60,True,23,0.8145532608032227,0.008908271789550781,"[0, 0, 0, 0, 3, 8, 8, 9, 14, 19, 14, 0, 0, 0, 0, 0, 23]","""[0, 2, 8, 3, 5, 1, 1, 5, 9, 2, 5, 40, 25, 60, 75, 71, 0]"""
j10,1,proactive_quantile_0.9,60,True,31,0.061482906341552734,0.0007112026214599609,"[0, 0, 0, 0, 3, 10, 10, 12, 20, 28, 20, 0, 0, 0, 0, 0, 74]","""[0, 2, 8, 1, 3, 2, 3, 8, 10, 2, 6, 40, 25, 60, 75, 71, 0]"""
j10,1,reactive,60,True,30,0.061482906341552734,0.1741955280303955,"[0, 0, 0, 0, 3, 10, 10, 12, 20, 28, 20, 0, 0, 0, 0, 0, 30]","[0, 2, 8, 1, 3, 2, 3, 8, 10, 2, 6, 40, 25, 60, 75, 71, 0]"
j10,1,stnu,60,True,29,0.7887725830078125,0.008845806121826172,"[0, 0, 0, 0, 2, 8, 8, 11, 19, 25, 19, 0, 0, 0, 0, 0, 29]","""[0, 2, 8, 1, 3, 2, 3, 8, 10, 2, 6, 40, 25, 60, 75, 71, 0]"""
j10,1,proactive_quantile_0.9,60,True,31,0.05879831314086914,0.0006852149963378906,"[0, 0, 0, 0, 3, 10, 10, 12, 20, 28, 20, 0, 0, 0, 0, 0, 74]","""[0, 2, 7, 3, 6, 2, 3, 6, 10, 2, 8, 40, 25, 60, 75, 71, 0]"""
j10,1,reactive,60,True,30,0.05879831314086914,0.13911843299865723,"[0, 0, 0, 0, 3, 10, 10, 12, 20, 28, 20, 0, 0, 0, 0, 0, 30]","[0, 2, 7, 3, 6, 2, 3, 6, 10, 2, 8, 40, 25, 60, 75, 71, 0]"
j10,1,stnu,60,True,28,0.8128139972686768,0.008887290954589844,"[0, 0, 0, 0, 3, 9, 9, 12, 18, 26, 18, 0, 0, 0, 0, 0, 28]","""[0, 2, 7, 3, 6, 2, 3, 6, 10, 2, 8, 40, 25, 60, 75, 71, 0]"""
j10,1,proactive_quantile_0.9,60,True,31,0.16884779930114746,0.000682830810546875,"[0, 0, 0, 0, 3, 10, 10, 12, 20, 28, 20, 0, 0, 0, 0, 0, 74]","""[0, 2, 3, 3, 4, 1, 1, 8, 8, 2, 4, 40, 25, 60, 75, 71, 0]"""
j10,1,reactive,60,True,30,0.16884779930114746,0.18018627166748047,"[0, 0, 0, 0, 3, 10, 10, 12, 20, 28, 20, 0, 0, 0, 0, 0, 30]","[0, 2, 3, 3, 4, 1, 1, 8, 8, 2, 4, 40, 25, 60, 75, 71, 0]"
j10,1,stnu,60,True,24,0.797250509262085,0.008936643600463867,"[0, 0, 0, 0, 3, 7, 7, 8, 16, 20, 16, 0, 0, 0, 0, 0, 24]","""[0, 2, 3, 3, 4, 1, 1, 8, 8, 2, 4, 40, 25, 60, 75, 71, 0]"""
j10,1,proactive_quantile_0.9,60,False,inf,0.05982565879821777,inf,"[0, 0, 0, 0, 3, 10, 10, 12, 20, 28, 20, 0, 0, 0, 0, 0, 74]","""[0, 1, 6, 4, 3, 1, 2, 4, 12, 1, 6, 40, 25, 60, 75, 71, 0]"""
j10,1,reactive,60,False,inf,inf,inf,null,"[0, 1, 6, 4, 3, 1, 2, 4, 12, 1, 6, 40, 25, 60, 75, 71, 0]"
j10,1,stnu,60,True,25,0.7979733943939209,0.008880138397216797,"[0, 0, 0, 0, 4, 7, 7, 9, 13, 19, 13, 0, 0, 0, 0, 0, 25]","""[0, 1, 6, 4, 3, 1, 2, 4, 12, 1, 6, 40, 25, 60, 75, 71, 0]"""
j10,1,proactive_quantile_0.9,60,False,inf,0.06627440452575684,inf,"[0, 0, 0, 0, 3, 10, 10, 12, 20, 28, 20, 0, 0, 0, 0, 0, 74]","""[0, 1, 8, 3, 8, 1, 3, 4, 9, 2, 7, 40, 25, 60, 75, 71, 0]"""
j10,1,reactive,60,False,inf,inf,inf,null,"[0, 1, 8, 3, 8, 1, 3, 4, 9, 2, 7, 40, 25, 60, 75, 71, 0]"
j10,1,stnu,60,True,27,0.8155937194824219,0.00887608528137207,"[0, 0, 0, 0, 3, 11, 11, 14, 18, 25, 18, 0, 0, 0, 0, 0, 27]","""[0, 1, 8, 3, 8, 1, 3, 4, 9, 2, 7, 40, 25, 60, 75, 71, 0]"""
j10,1,proactive_quantile_0.9,60,True,31,0.06147336959838867,0.0007197856903076172,"[0, 0, 0, 0, 3, 10, 10, 12, 20, 28, 20, 0, 0, 0, 0, 0, 74]","""[0, 2, 6, 2, 4, 1, 1, 8, 12, 1, 7, 40, 25, 60, 75, 71, 0]"""
j10,1,reactive,60,True,32,0.06147336959838867,0.1730496883392334,"[0, 0, 0, 0, 3, 10, 10, 12, 20, 28, 20, 0, 0, 0, 0, 0, 32]","[0, 2, 6, 2, 4, 1, 1, 8, 12, 1, 7, 40, 25, 60, 75, 71, 0]"
j10,1,stnu,60,True,27,0.822627067565918,0.00886225700378418,"[0, 0, 0, 0, 2, 6, 6, 7, 15, 22, 15, 0, 0, 0, 0, 0, 27]","""[0, 2, 6, 2, 4, 1, 1, 8, 12, 1, 7, 40, 25, 60, 75, 71, 0]"""
j10,1,proactive_quantile_0.9,60,False,inf,0.08651947975158691,inf,"[0, 0, 0, 0, 9, 9, 11, 10, 19, 13, 10, 0, 0, 0, 0, 0, 0, 0, 73]","""[0, 8, 2, 7, 6, 2, 9, 3, 8, 5, 4, 66, 57, 56, 60, 21, 28, 74, 0]"""
j10,1,reactive,60,False,inf,inf,inf,null,"[0, 8, 2, 7, 6, 2, 9, 3, 8, 5, 4, 66, 57, 56, 60, 21, 28, 74, 0]"
j10,1,stnu,60,False,inf,0.7724897861480713,inf,[],"""[0, 8, 2, 7, 6, 2, 9, 3, 8, 5, 4, 66, 57, 56, 60, 21, 28, 74, 0]"""
j10,1,proactive_quantile_0.9,60,True,26,0.09009122848510742,0.0009317398071289062,"[0, 0, 0, 0, 9, 9, 11, 10, 19, 13, 10, 0, 0, 0, 0, 0, 0, 0, 73]","""[0, 6, 5, 8, 4, 1, 5, 4, 7, 6, 2, 66, 57, 56, 60, 21, 28, 74, 0]"""
j10,1,reactive,60,True,26,0.09009122848510742,0.17986345291137695,"[0, 0, 0, 0, 9, 9, 11, 10, 19, 13, 10, 0, 0, 0, 0, 0, 0, 0, 26]","[0, 6, 5, 8, 4, 1, 5, 4, 7, 6, 2, 66, 57, 56, 60, 21, 28, 74, 0]"
j10,1,stnu,60,False,inf,0.7740983963012695,inf,[],"""[0, 6, 5, 8, 4, 1, 5, 4, 7, 6, 2, 66, 57, 56, 60, 21, 28, 74, 0]"""
j10,1,proactive_quantile_0.9,60,False,inf,0.06401538848876953,inf,"[0, 0, 0, 0, 9, 9, 11, 10, 19, 13, 10, 0, 0, 0, 0, 0, 0, 0, 73]","""[0, 12, 4, 7, 6, 1, 9, 3, 8, 3, 1, 66, 57, 56, 60, 21, 28, 74, 0]"""
j10,1,reactive,60,False,inf,inf,inf,null,"[0, 12, 4, 7, 6, 1, 9, 3, 8, 3, 1, 66, 57, 56, 60, 21, 28, 74, 0]"
j10,1,stnu,60,False,inf,0.8083877563476562,inf,[],"""[0, 12, 4, 7, 6, 1, 9, 3, 8, 3, 1, 66, 57, 56, 60, 21, 28, 74, 0]"""
j10,1,proactive_quantile_0.9,60,True,26,0.06083226203918457,0.0008943080902099609,"[0, 0, 0, 0, 9, 9, 11, 10, 19, 13, 10, 0, 0, 0, 0, 0, 0, 0, 73]","""[0, 11, 4, 6, 4, 1, 7, 2, 5, 3, 4, 66, 57, 56, 60, 21, 28, 74, 0]"""
j10,1,reactive,60,True,24,0.06083226203918457,0.1934516429901123,"[0, 0, 0, 0, 9, 9, 11, 10, 19, 13, 10, 0, 0, 0, 0, 0, 0, 0, 24]","[0, 11, 4, 6, 4, 1, 7, 2, 5, 3, 4, 66, 57, 56, 60, 21, 28, 74, 0]"
j10,1,stnu,60,False,inf,0.7902898788452148,inf,[],"""[0, 11, 4, 6, 4, 1, 7, 2, 5, 3, 4, 66, 57, 56, 60, 21, 28, 74, 0]"""
j10,1,proactive_quantile_0.9,60,False,inf,0.055295705795288086,inf,"[0, 0, 0, 0, 9, 9, 11, 10, 19, 13, 10, 0, 0, 0, 0, 0, 0, 0, 73]","""[0, 12, 4, 9, 5, 1, 6, 2, 3, 6, 3, 66, 57, 56, 60, 21, 28, 74, 0]"""
j10,1,reactive,60,False,inf,inf,inf,null,"[0, 12, 4, 9, 5, 1, 6, 2, 3, 6, 3, 66, 57, 56, 60, 21, 28, 74, 0]"
j10,1,stnu,60,False,inf,0.7884440422058105,inf,[],"""[0, 12, 4, 9, 5, 1, 6, 2, 3, 6, 3, 66, 57, 56, 60, 21, 28, 74, 0]"""
j10,1,proactive_quantile_0.9,60,False,inf,0.059715986251831055,inf,"[0, 0, 0, 0, 9, 9, 11, 10, 19, 13, 10, 0, 0, 0, 0, 0, 0, 0, 73]","""[0, 6, 3, 10, 3, 2, 4, 3, 4, 6, 2, 66, 57, 56, 60, 21, 28, 74, 0]"""
j10,1,reactive,60,False,inf,inf,inf,null,"[0, 6, 3, 10, 3, 2, 4, 3, 4, 6, 2, 66, 57, 56, 60, 21, 28, 74, 0]"
j10,1,stnu,60,False,inf,0.9027478694915771,inf,[],"""[0, 6, 3, 10, 3, 2, 4, 3, 4, 6, 2, 66, 57, 56, 60, 21, 28, 74, 0]"""
j10,1,proactive_quantile_0.9,60,True,26,0.06257987022399902,0.0008990764617919922,"[0, 0, 0, 0, 9, 9, 11, 10, 19, 13, 10, 0, 0, 0, 0, 0, 0, 0, 73]","""[0, 7, 5, 9, 6, 1, 7, 2, 7, 4, 3, 66, 57, 56, 60, 21, 28, 74, 0]"""
j10,1,reactive,60,True,26,0.06257987022399902,0.12058353424072266,"[0, 0, 0, 0, 9, 9, 11, 10, 19, 13, 10, 0, 0, 0, 0, 0, 0, 0, 26]","[0, 7, 5, 9, 6, 1, 7, 2, 7, 4, 3, 66, 57, 56, 60, 21, 28, 74, 0]"
j10,1,stnu,60,False,inf,0.7744038105010986,inf,[],"""[0, 7, 5, 9, 6, 1, 7, 2, 7, 4, 3, 66, 57, 56, 60, 21, 28, 74, 0]"""
j10,1,proactive_quantile_0.9,60,True,26,0.05642271041870117,0.0008721351623535156,"[0, 0, 0, 0, 9, 9, 11, 10, 19, 13, 10, 0, 0, 0, 0, 0, 0, 0, 73]","""[0, 6, 4, 6, 6, 1, 4, 2, 7, 3, 4, 66, 57, 56, 60, 21, 28, 74, 0]"""
j10,1,reactive,60,True,26,0.05642271041870117,0.20989084243774414,"[0, 0, 0, 0, 9, 9, 11, 10, 19, 13, 10, 0, 0, 0, 0, 0, 0, 0, 26]","[0, 6, 4, 6, 6, 1, 4, 2, 7, 3, 4, 66, 57, 56, 60, 21, 28, 74, 0]"
j10,1,stnu,60,False,inf,0.767930269241333,inf,[],"""[0, 6, 4, 6, 6, 1, 4, 2, 7, 3, 4, 66, 57, 56, 60, 21, 28, 74, 0]"""
j10,1,proactive_quantile_0.9,60,False,inf,0.05730271339416504,inf,"[0, 0, 0, 0, 9, 9, 11, 10, 19, 13, 10, 0, 0, 0, 0, 0, 0, 0, 73]","""[0, 12, 2, 8, 8, 2, 5, 3, 6, 7, 1, 66, 57, 56, 60, 21, 28, 74, 0]"""
j10,1,reactive,60,False,inf,inf,inf,null,"[0, 12, 2, 8, 8, 2, 5, 3, 6, 7, 1, 66, 57, 56, 60, 21, 28, 74, 0]"
j10,1,stnu,60,False,inf,0.7975108623504639,inf,[],"""[0, 12, 2, 8, 8, 2, 5, 3, 6, 7, 1, 66, 57, 56, 60, 21, 28, 74, 0]"""
j10,1,proactive_quantile_0.9,60,False,inf,0.0634922981262207,inf,"[0, 0, 0, 0, 9, 9, 11, 10, 19, 13, 10, 0, 0, 0, 0, 0, 0, 0, 73]","""[0, 7, 6, 7, 6, 2, 4, 3, 8, 6, 2, 66, 57, 56, 60, 21, 28, 74, 0]"""
j10,1,reactive,60,False,inf,inf,inf,null,"[0, 7, 6, 7, 6, 2, 4, 3, 8, 6, 2, 66, 57, 56, 60, 21, 28, 74, 0]"
j10,1,stnu,60,False,inf,0.7754864692687988,inf,[],"""[0, 7, 6, 7, 6, 2, 4, 3, 8, 6, 2, 66, 57, 56, 60, 21, 28, 74, 0]"""
j10,1,proactive_quantile_0.9,60,True,30,0.05840182304382324,0.0005118846893310547,"[0, 0, 0, 0, 7, 7, 12, 12, 19, 19, 19, 0, 0, 0, 0, 69]","""[0, 7, 1, 7, 4, 3, 7, 6, 4, 6, 10, 18, 70, 50, 23, 0]"""
j10,1,reactive,60,True,29,0.05840182304382324,0.11433196067810059,"[0, 0, 0, 0, 7, 7, 12, 12, 19, 19, 19, 0, 0, 0, 0, 29]","[0, 7, 1, 7, 4, 3, 7, 6, 4, 6, 10, 18, 70, 50, 23, 0]"
j10,1,stnu,60,True,28,0.8123311996459961,0.007893562316894531,"[0, 0, 0, 0, 7, 7, 11, 11, 18, 18, 18, 0, 0, 0, 0, 28]","""[0, 7, 1, 7, 4, 3, 7, 6, 4, 6, 10, 18, 70, 50, 23, 0]"""
j10,1,proactive_quantile_0.9,60,True,30,0.05658221244812012,0.0005438327789306641,"[0, 0, 0, 0, 7, 7, 12, 12, 19, 19, 19, 0, 0, 0, 0, 69]","""[0, 6, 1, 8, 6, 1, 7, 3, 5, 8, 7, 18, 70, 50, 23, 0]"""
j10,1,reactive,60,False,inf,inf,inf,null,"[0, 6, 1, 8, 6, 1, 7, 3, 5, 8, 7, 18, 70, 50, 23, 0]"
j10,1,stnu,60,True,29,0.822535514831543,0.007854938507080078,"[0, 0, 0, 0, 8, 8, 14, 14, 21, 21, 21, 0, 0, 0, 0, 29]","""[0, 6, 1, 8, 6, 1, 7, 3, 5, 8, 7, 18, 70, 50, 23, 0]"""
j10,1,proactive_quantile_0.9,60,True,30,0.05682492256164551,0.0005505084991455078,"[0, 0, 0, 0, 7, 7, 12, 12, 19, 19, 19, 0, 0, 0, 0, 69]","""[0, 10, 2, 7, 5, 2, 5, 3, 8, 7, 9, 18, 70, 50, 23, 0]"""
j10,1,reactive,60,True,28,0.05682492256164551,0.1427931785583496,"[0, 0, 0, 0, 7, 7, 12, 12, 19, 19, 19, 0, 0, 0, 0, 28]","[0, 10, 2, 7, 5, 2, 5, 3, 8, 7, 9, 18, 70, 50, 23, 0]"
j10,1,stnu,60,True,26,0.7872819900512695,0.007885932922363281,"[0, 0, 0, 0, 7, 7, 12, 12, 17, 17, 17, 0, 0, 0, 0, 26]","""[0, 10, 2, 7, 5, 2, 5, 3, 8, 7, 9, 18, 70, 50, 23, 0]"""
j10,1,proactive_quantile_0.9,60,True,30,0.056005001068115234,0.0005171298980712891,"[0, 0, 0, 0, 7, 7, 12, 12, 19, 19, 19, 0, 0, 0, 0, 69]","""[0, 5, 1, 8, 6, 4, 5, 6, 7, 9, 10, 18, 70, 50, 23, 0]"""
j10,1,reactive,60,False,inf,inf,inf,null,"[0, 5, 1, 8, 6, 4, 5, 6, 7, 9, 10, 18, 70, 50, 23, 0]"
j10,1,stnu,60,True,30,0.7836859226226807,0.007840394973754883,"[0, 0, 0, 0, 8, 8, 14, 14, 20, 20, 20, 0, 0, 0, 0, 30]","""[0, 5, 1, 8, 6, 4, 5, 6, 7, 9, 10, 18, 70, 50, 23, 0]"""
j10,1,proactive_quantile_0.9,60,True,30,0.05682110786437988,0.0004894733428955078,"[0, 0, 0, 0, 7, 7, 12, 12, 19, 19, 19, 0, 0, 0, 0, 69]","""[0, 5, 2, 5, 3, 2, 4, 5, 5, 6, 11, 18, 70, 50, 23, 0]"""
j10,1,reactive,60,True,30,0.05682110786437988,0.16139483451843262,"[0, 0, 0, 0, 7, 7, 12, 12, 19, 19, 19, 0, 0, 0, 0, 30]","[0, 5, 2, 5, 3, 2, 4, 5, 5, 6, 11, 18, 70, 50, 23, 0]"
j10,1,stnu,60,True,24,0.8078572750091553,0.007880210876464844,"[0, 0, 0, 0, 5, 5, 8, 8, 13, 13, 13, 0, 0, 0, 0, 24]","""[0, 5, 2, 5, 3, 2, 4, 5, 5, 6, 11, 18, 70, 50, 23, 0]"""
j10,1,proactive_quantile_0.9,60,True,30,0.05894970893859863,0.0005254745483398438,"[0, 0, 0, 0, 7, 7, 12, 12, 19, 19, 19, 0, 0, 0, 0, 69]","""[0, 6, 1, 8, 5, 3, 8, 6, 6, 7, 11, 18, 70, 50, 23, 0]"""
j10,1,reactive,60,False,inf,inf,inf,null,"[0, 6, 1, 8, 5, 3, 8, 6, 6, 7, 11, 18, 70, 50, 23, 0]"
j10,1,stnu,60,True,32,0.8002536296844482,0.00789642333984375,"[0, 0, 0, 0, 8, 8, 13, 13, 21, 21, 21, 0, 0, 0, 0, 32]","""[0, 6, 1, 8, 5, 3, 8, 6, 6, 7, 11, 18, 70, 50, 23, 0]"""
j10,1,proactive_quantile_0.9,60,True,30,0.05647468566894531,0.0004954338073730469,"[0, 0, 0, 0, 7, 7, 12, 12, 19, 19, 19, 0, 0, 0, 0, 69]","""[0, 8, 2, 5, 6, 2, 4, 6, 5, 7, 7, 18, 70, 50, 23, 0]"""
j10,1,reactive,60,False,inf,inf,inf,null,"[0, 8, 2, 5, 6, 2, 4, 6, 5, 7, 7, 18, 70, 50, 23, 0]"
j10,1,stnu,60,True,24,0.8139121532440186,0.0077741146087646484,"[0, 0, 0, 0, 5, 5, 11, 11, 17, 17, 17, 0, 0, 0, 0, 24]","""[0, 8, 2, 5, 6, 2, 4, 6, 5, 7, 7, 18, 70, 50, 23, 0]"""
j10,1,proactive_quantile_0.9,60,True,30,0.055925607681274414,0.0004787445068359375,"[0, 0, 0, 0, 7, 7, 12, 12, 19, 19, 19, 0, 0, 0, 0, 69]","""[0, 8, 1, 6, 6, 4, 3, 3, 6, 7, 8, 18, 70, 50, 23, 0]"""
j10,1,reactive,60,False,inf,inf,inf,null,"[0, 8, 1, 6, 6, 4, 3, 3, 6, 7, 8, 18, 70, 50, 23, 0]"
j10,1,stnu,60,True,23,0.7844617366790771,0.0077056884765625,"[0, 0, 0, 0, 6, 6, 12, 12, 15, 15, 15, 0, 0, 0, 0, 23]","""[0, 8, 1, 6, 6, 4, 3, 3, 6, 7, 8, 18, 70, 50, 23, 0]"""
j10,1,proactive_quantile_0.9,60,True,30,0.061541080474853516,0.0005147457122802734,"[0, 0, 0, 0, 7, 7, 12, 12, 19, 19, 19, 0, 0, 0, 0, 69]","""[0, 7, 1, 3, 4, 1, 7, 6, 5, 8, 9, 18, 70, 50, 23, 0]"""
j10,1,reactive,60,True,28,0.061541080474853516,0.30350279808044434,"[0, 0, 0, 0, 7, 7, 12, 12, 19, 19, 19, 0, 0, 0, 0, 28]","[0, 7, 1, 3, 4, 1, 7, 6, 5, 8, 9, 18, 70, 50, 23, 0]"
j10,1,stnu,60,True,23,0.8188188076019287,0.0078029632568359375,"[0, 0, 0, 0, 3, 3, 7, 7, 14, 14, 14, 0, 0, 0, 0, 23]","""[0, 7, 1, 3, 4, 1, 7, 6, 5, 8, 9, 18, 70, 50, 23, 0]"""
j10,1,proactive_quantile_0.9,60,True,30,0.05814814567565918,0.0005114078521728516,"[0, 0, 0, 0, 7, 7, 12, 12, 19, 19, 19, 0, 0, 0, 0, 69]","""[0, 7, 1, 3, 4, 4, 6, 5, 4, 7, 12, 18, 70, 50, 23, 0]"""
j10,1,reactive,60,True,31,0.05814814567565918,0.15668773651123047,"[0, 0, 0, 0, 7, 7, 12, 12, 19, 19, 19, 0, 0, 0, 0, 31]","[0, 7, 1, 3, 4, 4, 6, 5, 4, 7, 12, 18, 70, 50, 23, 0]"
j10,1,stnu,60,True,15,0.7868313789367676,0.007696390151977539,"[0, 0, 0, 0, 2, 2, 3, 3, 9, 9, 9, 0, 0, 0, 0, 15]","""[0, 4, 2, 1, 1, 4, 6, 2, 2, 5, 6, 18, 70, 50, 23, 0]"""
j10,1,stnu,60,False,inf,0.8203272819519043,inf,[],"""[0, 3, 8, 2, 5, 4, 6, 10, 6, 2, 5, 2, 43, 71, 64, 53, 15, 43, 37, 46, 0]"""
j10,1,stnu,60,False,inf,0.8207144737243652,inf,[],"""[0, 2, 5, 2, 4, 3, 7, 10, 5, 2, 2, 2, 43, 71, 64, 53, 15, 43, 37, 46, 0]"""
j10,1,stnu,60,False,inf,0.7903919219970703,inf,[],"""[0, 3, 1, 5, 7, 2, 1, 6, 2, 1, 2, 2, 43, 71, 64, 53, 15, 43, 37, 46, 0]"""
j10,1,stnu,60,False,inf,0.78851318359375,inf,[],"""[0, 2, 5, 5, 6, 5, 2, 7, 3, 2, 5, 2, 43, 71, 64, 53, 15, 43, 37, 46, 0]"""
j10,1,stnu,60,False,inf,0.798694372177124,inf,[],"""[0, 1, 6, 7, 6, 5, 4, 5, 2, 1, 2, 2, 43, 71, 64, 53, 15, 43, 37, 46, 0]"""
j10,1,stnu,60,False,inf,0.7873213291168213,inf,[],"""[0, 3, 10, 3, 5, 3, 3, 10, 6, 3, 6, 2, 43, 71, 64, 53, 15, 43, 37, 46, 0]"""
j10,1,stnu,60,False,inf,0.9048006534576416,inf,[],"""[0, 2, 8, 5, 5, 2, 3, 5, 6, 3, 2, 2, 43, 71, 64, 53, 15, 43, 37, 46, 0]"""
j10,1,stnu,60,False,inf,0.784637451171875,inf,[],"""[0, 2, 5, 6, 3, 3, 5, 8, 5, 1, 3, 2, 43, 71, 64, 53, 15, 43, 37, 46, 0]"""
j10,1,stnu,60,False,inf,0.8081927299499512,inf,[],"""[0, 2, 10, 7, 4, 4, 3, 9, 5, 3, 7, 2, 43, 71, 64, 53, 15, 43, 37, 46, 0]"""
j10,1,stnu,60,False,inf,0.8043622970581055,inf,[],"""[0, 2, 5, 5, 3, 2, 4, 10, 2, 2, 5, 2, 43, 71, 64, 53, 15, 43, 37, 46, 0]"""
j10,1,proactive_quantile_0.9,60,True,19,0.056021928787231445,0.0002770423889160156,"[0, 0, 0, 0, 3, 3, 7, 10, 12, 13, 13, 0, 0, 22]","""[0, 5, 6, 1, 10, 6, 4, 1, 1, 6, 4, 23, 13, 0]"""
j10,1,reactive,60,False,inf,inf,inf,null,"[0, 5, 6, 1, 10, 6, 4, 1, 1, 6, 4, 23, 13, 0]"
j10,1,stnu,60,True,18,0.7830159664154053,0.006115436553955078,"[0, 0, 0, 0, 1, 1, 6, 10, 11, 12, 12, 0, 0, 18]","""[0, 5, 6, 1, 10, 6, 4, 1, 1, 6, 4, 23, 13, 0]"""
j10,1,proactive_quantile_0.9,60,False,inf,0.056169748306274414,inf,"[0, 0, 0, 0, 3, 3, 7, 10, 12, 13, 13, 0, 0, 22]","""[0, 5, 3, 2, 10, 8, 2, 4, 1, 6, 1, 23, 13, 0]"""
j10,1,reactive,60,False,inf,inf,inf,null,"[0, 5, 3, 2, 10, 8, 2, 4, 1, 6, 1, 23, 13, 0]"
j10,1,stnu,60,True,19,0.7872679233551025,0.0060422420501708984,"[0, 0, 0, 0, 2, 2, 5, 7, 12, 13, 13, 0, 0, 19]","""[0, 5, 3, 2, 10, 8, 2, 4, 1, 6, 1, 23, 13, 0]"""
j10,1,proactive_quantile_0.9,60,False,inf,0.05553865432739258,inf,"[0, 0, 0, 0, 3, 3, 7, 10, 12, 13, 13, 0, 0, 22]","""[0, 6, 7, 4, 9, 7, 3, 2, 2, 3, 3, 23, 13, 0]"""
j10,1,reactive,60,False,inf,inf,inf,null,"[0, 6, 7, 4, 9, 7, 3, 2, 2, 3, 3, 23, 13, 0]"
j10,1,stnu,60,True,18,0.7560667991638184,0.0059626102447509766,"[0, 0, 0, 0, 4, 4, 7, 10, 13, 15, 15, 0, 0, 18]","""[0, 6, 7, 4, 9, 7, 3, 2, 2, 3, 3, 23, 13, 0]"""
j10,1,proactive_quantile_0.9,60,False,inf,0.05511331558227539,inf,"[0, 0, 0, 0, 3, 3, 7, 10, 12, 13, 13, 0, 0, 22]","""[0, 3, 4, 3, 7, 6, 4, 3, 2, 5, 3, 23, 13, 0]"""
j10,1,reactive,60,False,inf,inf,inf,null,"[0, 3, 4, 3, 7, 6, 4, 3, 2, 5, 3, 23, 13, 0]"
j10,1,stnu,60,True,17,0.782142162322998,0.006190061569213867,"[0, 0, 0, 0, 3, 3, 4, 8, 10, 12, 12, 0, 0, 17]","""[0, 3, 4, 3, 7, 6, 4, 3, 2, 5, 3, 23, 13, 0]"""
j10,1,proactive_quantile_0.9,60,False,inf,0.05523991584777832,inf,"[0, 0, 0, 0, 3, 3, 7, 10, 12, 13, 13, 0, 0, 22]","""[0, 3, 4, 2, 6, 6, 4, 4, 2, 2, 2, 23, 13, 0]"""
j10,1,reactive,60,False,inf,inf,inf,null,"[0, 3, 4, 2, 6, 6, 4, 4, 2, 2, 2, 23, 13, 0]"
j10,1,stnu,60,True,14,1.13035249710083,0.006132364273071289,"[0, 0, 0, 0, 2, 2, 4, 8, 8, 12, 12, 0, 0, 14]","""[0, 3, 4, 2, 6, 6, 4, 4, 2, 2, 2, 23, 13, 0]"""
j10,1,proactive_quantile_0.9,60,True,19,0.055863380432128906,0.00023055076599121094,"[0, 0, 0, 0, 3, 3, 7, 10, 12, 13, 13, 0, 0, 22]","""[0, 2, 6, 1, 9, 6, 3, 1, 1, 2, 1, 23, 13, 0]"""
j10,1,reactive,60,True,14,0.055863380432128906,0.14042448997497559,"[0, 0, 0, 0, 3, 3, 7, 10, 12, 11, 13, 0, 0, 14]","[0, 2, 6, 1, 9, 6, 3, 1, 1, 2, 1, 23, 13, 0]"
j10,1,stnu,60,True,13,0.7892007827758789,0.006040096282958984,"[0, 0, 0, 0, 1, 1, 6, 9, 10, 11, 11, 0, 0, 13]","""[0, 2, 6, 1, 9, 6, 3, 1, 1, 2, 1, 23, 13, 0]"""
j10,1,proactive_quantile_0.9,60,True,19,0.05669236183166504,0.00023102760314941406,"[0, 0, 0, 0, 3, 3, 7, 10, 12, 13, 13, 0, 0, 22]","""[0, 5, 3, 3, 9, 8, 2, 1, 1, 4, 2, 23, 13, 0]"""
j10,1,reactive,60,True,17,0.05669236183166504,0.11614727973937988,"[0, 0, 0, 0, 3, 3, 7, 10, 12, 13, 13, 0, 0, 17]","[0, 5, 3, 3, 9, 8, 2, 1, 1, 4, 2, 23, 13, 0]"
j10,1,stnu,60,True,17,0.7632260322570801,0.005968809127807617,"[0, 0, 0, 0, 3, 3, 5, 7, 12, 13, 13, 0, 0, 17]","""[0, 5, 3, 3, 9, 8, 2, 1, 1, 4, 2, 23, 13, 0]"""
j10,1,proactive_quantile_0.9,60,False,inf,0.05954384803771973,inf,"[0, 0, 0, 0, 3, 3, 7, 10, 12, 13, 13, 0, 0, 22]","""[0, 2, 4, 3, 5, 4, 3, 3, 2, 3, 3, 23, 13, 0]"""
j10,1,reactive,60,False,inf,inf,inf,null,"[0, 2, 4, 3, 5, 4, 3, 3, 2, 3, 3, 23, 13, 0]"
j10,1,stnu,60,True,13,0.8494505882263184,0.005788087844848633,"[0, 0, 0, 0, 3, 3, 4, 7, 8, 10, 10, 0, 0, 13]","""[0, 2, 4, 3, 5, 4, 3, 3, 2, 3, 3, 23, 13, 0]"""
j10,1,proactive_quantile_0.9,60,False,inf,0.05788302421569824,inf,"[0, 0, 0, 0, 3, 3, 7, 10, 12, 13, 13, 0, 0, 22]","""[0, 5, 6, 4, 8, 4, 3, 4, 2, 5, 2, 23, 13, 0]"""
j10,1,reactive,60,False,inf,inf,inf,null,"[0, 5, 6, 4, 8, 4, 3, 4, 2, 5, 2, 23, 13, 0]"
j10,1,stnu,60,True,19,0.7839150428771973,0.006002664566040039,"[0, 0, 0, 0, 4, 4, 6, 9, 12, 14, 14, 0, 0, 19]","""[0, 5, 6, 4, 8, 4, 3, 4, 2, 5, 2, 23, 13, 0]"""
j10,1,proactive_quantile_0.9,60,False,inf,0.0577702522277832,inf,"[0, 0, 0, 0, 3, 3, 7, 10, 12, 13, 13, 0, 0, 22]","""[0, 2, 6, 4, 10, 5, 3, 2, 2, 4, 4, 23, 13, 0]"""
j10,1,reactive,60,False,inf,inf,inf,null,"[0, 2, 6, 4, 10, 5, 3, 2, 2, 4, 4, 23, 13, 0]"
j10,1,stnu,60,True,20,0.7981204986572266,0.005953550338745117,"[0, 0, 0, 0, 4, 4, 6, 9, 14, 16, 16, 0, 0, 20]","""[0, 2, 6, 4, 10, 5, 3, 2, 2, 4, 4, 23, 13, 0]"""
j10,1,proactive_quantile_0.9,60,True,26,0.05563211441040039,0.0007505416870117188,"[0, 0, 0, 0, 5, 5, 8, 10, 15, 15, 5, 0, 0, 0, 0, 0, 0, 0, 68]","""[0, 2, 2, 2, 2, 5, 8, 4, 2, 11, 1, 69, 52, 33, 29, 12, 35, 64, 0]"""
j10,1,reactive,60,False,inf,inf,inf,null,"[0, 2, 2, 2, 2, 5, 8, 4, 2, 11, 1, 69, 52, 33, 29, 12, 35, 64, 0]"
j10,1,stnu,60,True,23,0.8181600570678711,0.010626077651977539,"[0, 0, 0, 0, 2, 2, 4, 7, 12, 12, 2, 0, 0, 0, 0, 0, 0, 0, 23]","""[0, 2, 2, 2, 2, 5, 8, 4, 2, 11, 1, 69, 52, 33, 29, 12, 35, 64, 0]"""
j10,1,proactive_quantile_0.9,60,True,26,0.054505109786987305,0.0007719993591308594,"[0, 0, 0, 0, 5, 5, 8, 10, 15, 15, 5, 0, 0, 0, 0, 0, 0, 0, 68]","""[0, 2, 4, 4, 4, 4, 6, 2, 6, 7, 2, 69, 52, 33, 29, 12, 35, 64, 0]"""
j10,1,reactive,60,False,inf,inf,inf,null,"[0, 2, 4, 4, 4, 4, 6, 2, 6, 7, 2, 69, 52, 33, 29, 12, 35, 64, 0]"
j10,1,stnu,60,True,21,0.7976346015930176,0.010599613189697266,"[0, 0, 0, 0, 4, 4, 8, 8, 14, 14, 4, 0, 0, 0, 0, 0, 0, 0, 21]","""[0, 2, 4, 4, 4, 4, 6, 2, 6, 7, 2, 69, 52, 33, 29, 12, 35, 64, 0]"""
j10,1,proactive_quantile_0.9,60,True,26,0.0587618350982666,0.0007386207580566406,"[0, 0, 0, 0, 5, 5, 8, 10, 15, 15, 5, 0, 0, 0, 0, 0, 0, 0, 68]","""[0, 3, 2, 2, 3, 6, 8, 2, 2, 10, 2, 69, 52, 33, 29, 12, 35, 64, 0]"""
j10,1,reactive,60,False,inf,inf,inf,null,"[0, 3, 2, 2, 3, 6, 8, 2, 2, 10, 2, 69, 52, 33, 29, 12, 35, 64, 0]"
j10,1,stnu,60,True,24,0.7884514331817627,0.010658740997314453,"[0, 0, 0, 0, 3, 3, 6, 9, 14, 14, 3, 0, 0, 0, 0, 0, 0, 0, 24]","""[0, 3, 2, 2, 3, 6, 8, 2, 2, 10, 2, 69, 52, 33, 29, 12, 35, 64, 0]"""
j10,1,proactive_quantile_0.9,60,True,26,0.05797719955444336,0.0007691383361816406,"[0, 0, 0, 0, 5, 5, 8, 10, 15, 15, 5, 0, 0, 0, 0, 0, 0, 0, 68]","""[0, 3, 4, 5, 3, 5, 8, 2, 2, 11, 1, 69, 52, 33, 29, 12, 35, 64, 0]"""
j10,1,reactive,60,False,inf,inf,inf,null,"[0, 3, 4, 5, 3, 5, 8, 2, 2, 11, 1, 69, 52, 33, 29, 12, 35, 64, 0]"
j10,1,stnu,60,True,27,0.8058269023895264,0.010747909545898438,"[0, 0, 0, 0, 5, 5, 8, 10, 16, 16, 5, 0, 0, 0, 0, 0, 0, 0, 27]","""[0, 3, 4, 5, 3, 5, 8, 2, 2, 11, 1, 69, 52, 33, 29, 12, 35, 64, 0]"""
j10,1,proactive_quantile_0.9,60,True,26,0.05446624755859375,0.0007512569427490234,"[0, 0, 0, 0, 5, 5, 8, 10, 15, 15, 5, 0, 0, 0, 0, 0, 0, 0, 68]","""[0, 3, 4, 5, 2, 5, 8, 3, 2, 9, 2, 69, 52, 33, 29, 12, 35, 64, 0]"""
j10,1,reactive,60,False,inf,inf,inf,null,"[0, 3, 4, 5, 2, 5, 8, 3, 2, 9, 2, 69, 52, 33, 29, 12, 35, 64, 0]"
j10,1,stnu,60,True,24,0.9409961700439453,0.010708093643188477,"[0, 0, 0, 0, 5, 5, 7, 10, 15, 15, 5, 0, 0, 0, 0, 0, 0, 0, 24]","""[0, 3, 4, 5, 2, 5, 8, 3, 2, 9, 2, 69, 52, 33, 29, 12, 35, 64, 0]"""
j10,1,proactive_quantile_0.9,60,True,26,0.05985140800476074,0.0006959438323974609,"[0, 0, 0, 0, 5, 5, 8, 10, 15, 15, 5, 0, 0, 0, 0, 0, 0, 0, 68]","""[0, 1, 3, 3, 1, 3, 6, 4, 2, 6, 1, 69, 52, 33, 29, 12, 35, 64, 0]"""
j10,1,reactive,60,True,21,0.05985140800476074,0.1793534755706787,"[0, 0, 0, 0, 5, 5, 8, 10, 15, 15, 5, 0, 0, 0, 0, 0, 0, 0, 21]","[0, 1, 3, 3, 1, 3, 6, 4, 2, 6, 1, 69, 52, 33, 29, 12, 35, 64, 0]"
j10,1,stnu,60,True,16,0.8019487857818604,0.01058650016784668,"[0, 0, 0, 0, 3, 3, 4, 6, 10, 10, 3, 0, 0, 0, 0, 0, 0, 0, 16]","""[0, 1, 3, 3, 1, 3, 6, 4, 2, 6, 1, 69, 52, 33, 29, 12, 35, 64, 0]"""
j10,1,proactive_quantile_0.9,60,True,26,0.05696225166320801,0.0007059574127197266,"[0, 0, 0, 0, 5, 5, 8, 10, 15, 15, 5, 0, 0, 0, 0, 0, 0, 0, 68]","""[0, 1, 6, 5, 2, 2, 7, 3, 2, 6, 1, 69, 52, 33, 29, 12, 35, 64, 0]"""
j10,1,reactive,60,False,inf,inf,inf,null,"[0, 1, 6, 5, 2, 2, 7, 3, 2, 6, 1, 69, 52, 33, 29, 12, 35, 64, 0]"
j10,1,stnu,60,True,20,0.821721076965332,0.010765314102172852,"[0, 0, 0, 0, 5, 6, 7, 8, 14, 14, 5, 0, 0, 0, 0, 0, 0, 0, 20]","""[0, 1, 6, 5, 2, 2, 7, 3, 2, 6, 1, 69, 52, 33, 29, 12, 35, 64, 0]"""
j10,1,proactive_quantile_0.9,60,True,26,0.05498003959655762,0.0007290840148925781,"[0, 0, 0, 0, 5, 5, 8, 10, 15, 15, 5, 0, 0, 0, 0, 0, 0, 0, 68]","""[0, 1, 4, 3, 4, 3, 4, 3, 6, 9, 1, 69, 52, 33, 29, 12, 35, 64, 0]"""
j10,1,reactive,60,False,inf,inf,inf,null,"[0, 1, 4, 3, 4, 3, 4, 3, 6, 9, 1, 69, 52, 33, 29, 12, 35, 64, 0]"
j10,1,stnu,60,True,20,0.7929496765136719,0.010716915130615234,"[0, 0, 0, 0, 3, 4, 7, 7, 11, 11, 3, 0, 0, 0, 0, 0, 0, 0, 20]","""[0, 1, 4, 3, 4, 3, 4, 3, 6, 9, 1, 69, 52, 33, 29, 12, 35, 64, 0]"""
j10,1,proactive_quantile_0.9,60,True,26,0.05544090270996094,0.0007622241973876953,"[0, 0, 0, 0, 5, 5, 8, 10, 15, 15, 5, 0, 0, 0, 0, 0, 0, 0, 68]","""[0, 2, 6, 3, 2, 5, 8, 6, 5, 8, 2, 69, 52, 33, 29, 12, 35, 64, 0]"""
j10,1,reactive,60,False,inf,inf,inf,null,"[0, 2, 6, 3, 2, 5, 8, 6, 5, 8, 2, 69, 52, 33, 29, 12, 35, 64, 0]"
j10,1,stnu,60,True,25,0.9078514575958252,0.010602712631225586,"[0, 0, 0, 0, 3, 6, 6, 11, 14, 17, 3, 0, 0, 0, 0, 0, 0, 0, 25]","""[0, 2, 6, 3, 2, 5, 8, 6, 5, 8, 2, 69, 52, 33, 29, 12, 35, 64, 0]"""
j10,1,proactive_quantile_0.9,60,True,26,0.05492210388183594,0.0007636547088623047,"[0, 0, 0, 0, 5, 5, 8, 10, 15, 15, 5, 0, 0, 0, 0, 0, 0, 0, 68]","""[0, 4, 6, 5, 4, 6, 7, 5, 4, 8, 1, 69, 52, 33, 29, 12, 35, 64, 0]"""
j10,1,reactive,60,False,inf,inf,inf,null,"[0, 4, 6, 5, 4, 6, 7, 5, 4, 8, 1, 69, 52, 33, 29, 12, 35, 64, 0]"
j10,1,stnu,60,True,25,0.9279212951660156,0.010616779327392578,"[0, 0, 0, 0, 5, 6, 9, 12, 16, 17, 5, 0, 0, 0, 0, 0, 0, 0, 25]","""[0, 4, 6, 5, 4, 6, 7, 5, 4, 8, 1, 69, 52, 33, 29, 12, 35, 64, 0]"""
j10,1,stnu,60,False,inf,0.7678470611572266,inf,[],"""[0, 1, 1, 2, 2, 2, 5, 4, 4, 2, 9, 10, 0]"""
j10,1,stnu,60,False,inf,0.7414634227752686,inf,[],"""[0, 3, 2, 2, 1, 3, 5, 4, 3, 1, 8, 10, 0]"""
j10,1,stnu,60,False,inf,0.7630996704101562,inf,[],"""[0, 1, 2, 2, 2, 3, 5, 4, 1, 1, 5, 10, 0]"""
j10,1,stnu,60,False,inf,0.7339110374450684,inf,[],"""[0, 3, 1, 6, 2, 3, 2, 2, 1, 3, 9, 10, 0]"""
j10,1,stnu,60,False,inf,0.736412763595581,inf,[],"""[0, 3, 2, 3, 2, 3, 2, 3, 1, 1, 6, 10, 0]"""
j10,1,stnu,60,False,inf,0.7882146835327148,inf,[],"""[0, 2, 1, 2, 1, 3, 2, 3, 4, 2, 9, 10, 0]"""
j10,1,stnu,60,False,inf,0.7368249893188477,inf,[],"""[0, 3, 1, 3, 2, 2, 3, 2, 4, 2, 4, 10, 0]"""
j10,1,stnu,60,False,inf,0.7403974533081055,inf,[],"""[0, 3, 3, 5, 2, 2, 5, 2, 1, 2, 8, 10, 0]"""
j10,1,stnu,60,False,inf,0.7445924282073975,inf,[],"""[0, 2, 1, 2, 1, 3, 3, 3, 4, 3, 8, 10, 0]"""
j10,1,stnu,60,False,inf,0.7457370758056641,inf,[],"""[0, 3, 4, 4, 2, 3, 5, 4, 3, 2, 7, 10, 0]"""
j10,1,proactive_quantile_0.9,60,True,25,0.06045413017272949,0.001041412353515625,"[0, 0, 0, 0, 3, 6, 14, 9, 20, 20, 9, 0, 0, 0, 0, 0, 0, 0, 0, 0, 81]","""[0, 10, 4, 2, 10, 6, 2, 7, 2, 2, 6, 27, 10, 61, 70, 68, 27, 59, 82, 69, 0]"""
j10,1,reactive,60,False,inf,inf,inf,null,"[0, 10, 4, 2, 10, 6, 2, 7, 2, 2, 6, 27, 10, 61, 70, 68, 27, 59, 82, 69, 0]"
j10,1,stnu,60,True,19,0.9735405445098877,0.012588024139404297,"[0, 0, 0, 0, 2, 4, 12, 10, 17, 17, 10, 0, 0, 0, 0, 0, 0, 0, 0, 0, 19]","""[0, 10, 4, 2, 10, 6, 2, 7, 2, 2, 6, 27, 10, 61, 70, 68, 27, 59, 82, 69, 0]"""
j10,1,proactive_quantile_0.9,60,True,25,0.061388254165649414,0.0011162757873535156,"[0, 0, 0, 0, 3, 6, 14, 9, 20, 20, 9, 0, 0, 0, 0, 0, 0, 0, 0, 0, 81]","""[0, 7, 7, 2, 9, 5, 3, 9, 1, 4, 8, 27, 10, 61, 70, 68, 27, 59, 82, 69, 0]"""
j10,1,reactive,60,False,inf,inf,inf,null,"[0, 7, 7, 2, 9, 5, 3, 9, 1, 4, 8, 27, 10, 61, 70, 68, 27, 59, 82, 69, 0]"
j10,1,stnu,60,True,20,0.8148467540740967,0.012712478637695312,"[0, 0, 0, 0, 2, 7, 12, 7, 16, 16, 7, 0, 0, 0, 0, 0, 0, 0, 0, 0, 20]","""[0, 7, 7, 2, 9, 5, 3, 9, 1, 4, 8, 27, 10, 61, 70, 68, 27, 59, 82, 69, 0]"""
j10,1,proactive_quantile_0.9,60,True,25,0.06673550605773926,0.0010838508605957031,"[0, 0, 0, 0, 3, 6, 14, 9, 20, 20, 9, 0, 0, 0, 0, 0, 0, 0, 0, 0, 81]","""[0, 6, 4, 2, 7, 3, 1, 11, 2, 6, 3, 27, 10, 61, 70, 68, 27, 59, 82, 69, 0]"""
j10,1,reactive,60,True,26,0.06673550605773926,0.18267560005187988,"[0, 0, 0, 0, 3, 6, 14, 9, 20, 20, 9, 0, 0, 0, 0, 0, 0, 0, 0, 0, 26]","[0, 6, 4, 2, 7, 3, 1, 11, 2, 6, 3, 27, 10, 61, 70, 68, 27, 59, 82, 69, 0]"
j10,1,stnu,60,True,23,0.8328604698181152,0.012680530548095703,"[0, 0, 0, 0, 2, 4, 9, 6, 17, 17, 6, 0, 0, 0, 0, 0, 0, 0, 0, 0, 23]","""[0, 6, 4, 2, 7, 3, 1, 11, 2, 6, 3, 27, 10, 61, 70, 68, 27, 59, 82, 69, 0]"""
j10,1,proactive_quantile_0.9,60,False,inf,0.06235098838806152,inf,"[0, 0, 0, 0, 3, 6, 14, 9, 20, 20, 9, 0, 0, 0, 0, 0, 0, 0, 0, 0, 81]","""[0, 9, 6, 3, 12, 3, 2, 7, 3, 5, 7, 27, 10, 61, 70, 68, 27, 59, 82, 69, 0]"""
j10,1,reactive,60,False,inf,inf,inf,null,"[0, 9, 6, 3, 12, 3, 2, 7, 3, 5, 7, 27, 10, 61, 70, 68, 27, 59, 82, 69, 0]"
j10,1,stnu,60,True,22,0.9627673625946045,0.012747764587402344,"[0, 0, 0, 0, 3, 6, 15, 9, 17, 17, 9, 0, 0, 0, 0, 0, 0, 0, 0, 0, 22]","""[0, 9, 6, 3, 12, 3, 2, 7, 3, 5, 7, 27, 10, 61, 70, 68, 27, 59, 82, 69, 0]"""
j10,1,proactive_quantile_0.9,60,True,25,0.06883811950683594,0.0010902881622314453,"[0, 0, 0, 0, 3, 6, 14, 9, 20, 20, 9, 0, 0, 0, 0, 0, 0, 0, 0, 0, 81]","""[0, 8, 6, 4, 6, 4, 2, 10, 3, 5, 6, 27, 10, 61, 70, 68, 27, 59, 82, 69, 0]"""
j10,1,reactive,60,False,inf,inf,inf,null,"[0, 8, 6, 4, 6, 4, 2, 10, 3, 5, 6, 27, 10, 61, 70, 68, 27, 59, 82, 69, 0]"
j10,1,stnu,60,True,23,0.8144350051879883,0.012915611267089844,"[0, 0, 0, 0, 4, 6, 10, 8, 18, 18, 8, 0, 0, 0, 0, 0, 0, 0, 0, 0, 23]","""[0, 8, 6, 4, 6, 4, 2, 10, 3, 5, 6, 27, 10, 61, 70, 68, 27, 59, 82, 69, 0]"""
j10,1,proactive_quantile_0.9,60,True,25,0.062300682067871094,0.0010919570922851562,"[0, 0, 0, 0, 3, 6, 14, 9, 20, 20, 9, 0, 0, 0, 0, 0, 0, 0, 0, 0, 81]","""[0, 8, 7, 4, 11, 2, 3, 9, 3, 6, 4, 27, 10, 61, 70, 68, 27, 59, 82, 69, 0]"""
j10,1,reactive,60,False,inf,inf,inf,null,"[0, 8, 7, 4, 11, 2, 3, 9, 3, 6, 4, 27, 10, 61, 70, 68, 27, 59, 82, 69, 0]"
j10,1,stnu,60,True,24,0.8379735946655273,0.012670040130615234,"[0, 0, 0, 0, 4, 7, 15, 8, 18, 18, 8, 0, 0, 0, 0, 0, 0, 0, 0, 0, 24]","""[0, 8, 7, 4, 11, 2, 3, 9, 3, 6, 4, 27, 10, 61, 70, 68, 27, 59, 82, 69, 0]"""
j10,1,proactive_quantile_0.9,60,True,25,0.062248945236206055,0.0011208057403564453,"[0, 0, 0, 0, 3, 6, 14, 9, 20, 20, 9, 0, 0, 0, 0, 0, 0, 0, 0, 0, 81]","""[0, 5, 5, 3, 10, 2, 1, 11, 2, 4, 5, 27, 10, 61, 70, 68, 27, 59, 82, 69, 0]"""
j10,1,reactive,60,True,24,0.062248945236206055,0.1695420742034912,"[0, 0, 0, 0, 3, 6, 14, 9, 20, 20, 9, 0, 0, 0, 0, 0, 0, 0, 0, 0, 24]","[0, 5, 5, 3, 10, 2, 1, 11, 2, 4, 5, 27, 10, 61, 70, 68, 27, 59, 82, 69, 0]"
j10,1,stnu,60,True,20,0.9565978050231934,0.012559175491333008,"[0, 0, 0, 0, 3, 5, 13, 5, 16, 16, 5, 0, 0, 0, 0, 0, 0, 0, 0, 0, 20]","""[0, 5, 5, 3, 10, 2, 1, 11, 2, 4, 5, 27, 10, 61, 70, 68, 27, 59, 82, 69, 0]"""
j10,1,proactive_quantile_0.9,60,True,25,0.0640401840209961,0.001096963882446289,"[0, 0, 0, 0, 3, 6, 14, 9, 20, 20, 9, 0, 0, 0, 0, 0, 0, 0, 0, 0, 81]","""[0, 6, 6, 1, 11, 5, 2, 10, 1, 4, 6, 27, 10, 61, 70, 68, 27, 59, 82, 69, 0]"""
j10,1,reactive,60,True,24,0.0640401840209961,0.16361284255981445,"[0, 0, 0, 0, 3, 6, 14, 9, 20, 20, 9, 0, 0, 0, 0, 0, 0, 0, 0, 0, 24]","[0, 6, 6, 1, 11, 5, 2, 10, 1, 4, 6, 27, 10, 61, 70, 68, 27, 59, 82, 69, 0]"
j10,1,stnu,60,True,20,0.8411180973052979,0.01291036605834961,"[0, 0, 0, 0, 1, 6, 12, 6, 16, 16, 6, 0, 0, 0, 0, 0, 0, 0, 0, 0, 20]","""[0, 6, 6, 1, 11, 5, 2, 10, 1, 4, 6, 27, 10, 61, 70, 68, 27, 59, 82, 69, 0]"""
j10,1,proactive_quantile_0.9,60,True,25,0.060030460357666016,0.001087188720703125,"[0, 0, 0, 0, 3, 6, 14, 9, 20, 20, 9, 0, 0, 0, 0, 0, 0, 0, 0, 0, 81]","""[0, 5, 5, 4, 6, 3, 1, 8, 4, 6, 3, 27, 10, 61, 70, 68, 27, 59, 82, 69, 0]"""
j10,1,reactive,60,False,inf,inf,inf,null,"[0, 5, 5, 4, 6, 3, 1, 8, 4, 6, 3, 27, 10, 61, 70, 68, 27, 59, 82, 69, 0]"
j10,1,stnu,60,True,19,0.8388135433197021,0.012768983840942383,"[0, 0, 0, 0, 4, 5, 10, 5, 13, 13, 5, 0, 0, 0, 0, 0, 0, 0, 0, 0, 19]","""[0, 5, 5, 4, 6, 3, 1, 8, 4, 6, 3, 27, 10, 61, 70, 68, 27, 59, 82, 69, 0]"""
j10,1,proactive_quantile_0.9,60,True,25,0.06156039237976074,0.0010924339294433594,"[0, 0, 0, 0, 3, 6, 14, 9, 20, 20, 9, 0, 0, 0, 0, 0, 0, 0, 0, 0, 81]","""[0, 8, 5, 3, 12, 3, 1, 10, 3, 6, 4, 27, 10, 61, 70, 68, 27, 59, 82, 69, 0]"""
j10,1,reactive,60,False,inf,inf,inf,null,"[0, 8, 5, 3, 12, 3, 1, 10, 3, 6, 4, 27, 10, 61, 70, 68, 27, 59, 82, 69, 0]"
j10,1,stnu,60,True,24,0.9472599029541016,0.01273655891418457,"[0, 0, 0, 0, 3, 5, 15, 8, 18, 18, 8, 0, 0, 0, 0, 0, 0, 0, 0, 0, 24]","""[0, 8, 5, 3, 12, 3, 1, 10, 3, 6, 4, 27, 10, 61, 70, 68, 27, 59, 82, 69, 0]"""
j10,1,proactive_quantile_0.9,60,True,30,0.06016659736633301,0.0007479190826416016,"[0, 0, 0, 0, 8, 14, 8, 14, 14, 14, 22, 0, 0, 0, 0, 0, 80]","""[0, 4, 12, 8, 7, 3, 4, 7, 6, 6, 9, 69, 24, 57, 49, 81, 0]"""
j10,1,reactive,60,False,inf,inf,inf,null,"[0, 4, 12, 8, 7, 3, 4, 7, 6, 6, 9, 69, 24, 57, 49, 81, 0]"
j10,1,stnu,60,True,31,0.8164803981781006,0.008424758911132812,"[0, 0, 0, 0, 8, 15, 8, 15, 15, 12, 22, 0, 0, 0, 0, 0, 31]","""[0, 4, 12, 8, 7, 3, 4, 7, 6, 6, 9, 69, 24, 57, 49, 81, 0]"""
j10,1,proactive_quantile_0.9,60,True,30,0.05951094627380371,0.0007579326629638672,"[0, 0, 0, 0, 8, 14, 8, 14, 14, 14, 22, 0, 0, 0, 0, 0, 80]","""[0, 5, 8, 5, 4, 7, 7, 9, 3, 6, 7, 69, 24, 57, 49, 81, 0]"""
j10,1,reactive,60,False,inf,inf,inf,null,"[0, 5, 8, 5, 4, 7, 7, 9, 3, 6, 7, 69, 24, 57, 49, 81, 0]"
j10,1,stnu,60,True,28,0.7977542877197266,0.008510112762451172,"[0, 0, 0, 0, 5, 9, 5, 12, 12, 12, 21, 0, 0, 0, 0, 0, 28]","""[0, 5, 8, 5, 4, 7, 7, 9, 3, 6, 7, 69, 24, 57, 49, 81, 0]"""
j10,1,proactive_quantile_0.9,60,True,30,0.059981346130371094,0.0007710456848144531,"[0, 0, 0, 0, 8, 14, 8, 14, 14, 14, 22, 0, 0, 0, 0, 0, 80]","""[0, 4, 7, 8, 6, 2, 2, 5, 3, 6, 7, 69, 24, 57, 49, 81, 0]"""
j10,1,reactive,60,True,29,0.059981346130371094,0.1241300106048584,"[0, 0, 0, 0, 8, 14, 8, 14, 14, 14, 22, 0, 0, 0, 0, 0, 29]","[0, 4, 7, 8, 6, 2, 2, 5, 3, 6, 7, 69, 24, 57, 49, 81, 0]"
j10,1,stnu,60,True,26,0.8112673759460449,0.008565902709960938,"[0, 0, 0, 0, 8, 14, 8, 14, 14, 10, 19, 0, 0, 0, 0, 0, 26]","""[0, 4, 7, 8, 6, 2, 2, 5, 3, 6, 7, 69, 24, 57, 49, 81, 0]"""
j10,1,proactive_quantile_0.9,60,True,30,0.056409597396850586,0.0008292198181152344,"[0, 0, 0, 0, 8, 14, 8, 14, 14, 14, 22, 0, 0, 0, 0, 0, 80]","""[0, 6, 6, 5, 7, 6, 7, 8, 4, 4, 7, 69, 24, 57, 49, 81, 0]"""
j10,1,reactive,60,False,inf,inf,inf,null,"[0, 6, 6, 5, 7, 6, 7, 8, 4, 4, 7, 69, 24, 57, 49, 81, 0]"
j10,1,stnu,60,True,28,0.7984268665313721,0.008391857147216797,"[0, 0, 0, 0, 6, 13, 6, 13, 13, 13, 21, 0, 0, 0, 0, 0, 28]","""[0, 6, 6, 5, 7, 6, 7, 8, 4, 4, 7, 69, 24, 57, 49, 81, 0]"""
j10,1,proactive_quantile_0.9,60,True,30,0.06035614013671875,0.0007164478302001953,"[0, 0, 0, 0, 8, 14, 8, 14, 14, 14, 22, 0, 0, 0, 0, 0, 80]","""[0, 3, 6, 6, 5, 5, 6, 4, 3, 6, 6, 69, 24, 57, 49, 81, 0]"""
j10,1,reactive,60,True,28,0.06035614013671875,0.13729190826416016,"[0, 0, 0, 0, 8, 14, 8, 14, 14, 14, 22, 0, 0, 0, 0, 0, 28]","[0, 3, 6, 6, 5, 5, 6, 4, 3, 6, 6, 69, 24, 57, 49, 81, 0]"
j10,1,stnu,60,True,22,0.8401350975036621,0.008452177047729492,"[0, 0, 0, 0, 6, 11, 6, 12, 12, 12, 16, 0, 0, 0, 0, 0, 22]","""[0, 3, 6, 6, 5, 5, 6, 4, 3, 6, 6, 69, 24, 57, 49, 81, 0]"""
j10,1,proactive_quantile_0.9,60,True,30,0.05803394317626953,0.0007474422454833984,"[0, 0, 0, 0, 8, 14, 8, 14, 14, 14, 22, 0, 0, 0, 0, 0, 80]","""[0, 2, 9, 9, 5, 4, 3, 8, 6, 8, 4, 69, 24, 57, 49, 81, 0]"""
j10,1,reactive,60,False,inf,inf,inf,null,"[0, 2, 9, 9, 5, 4, 3, 8, 6, 8, 4, 69, 24, 57, 49, 81, 0]"
j10,1,stnu,60,True,26,0.9207637310028076,0.008362293243408203,"[0, 0, 0, 0, 9, 14, 9, 14, 14, 12, 22, 0, 0, 0, 0, 0, 26]","""[0, 2, 9, 9, 5, 4, 3, 8, 6, 8, 4, 69, 24, 57, 49, 81, 0]"""
j10,1,proactive_quantile_0.9,60,True,30,0.06362509727478027,0.0007202625274658203,"[0, 0, 0, 0, 8, 14, 8, 14, 14, 14, 22, 0, 0, 0, 0, 0, 80]","""[0, 2, 8, 4, 5, 3, 3, 4, 5, 4, 5, 69, 24, 57, 49, 81, 0]"""
j10,1,reactive,60,True,27,0.06362509727478027,0.13840365409851074,"[0, 0, 0, 0, 8, 14, 8, 14, 14, 14, 22, 0, 0, 0, 0, 0, 27]","[0, 2, 8, 4, 5, 3, 3, 4, 5, 4, 5, 69, 24, 57, 49, 81, 0]"
j10,1,stnu,60,True,18,0.7945802211761475,0.008785724639892578,"[0, 0, 0, 0, 4, 9, 4, 9, 9, 7, 13, 0, 0, 0, 0, 0, 18]","""[0, 2, 8, 4, 5, 3, 3, 4, 5, 4, 5, 69, 24, 57, 49, 81, 0]"""
j10,1,proactive_quantile_0.9,60,True,30,0.06385135650634766,0.0007393360137939453,"[0, 0, 0, 0, 8, 14, 8, 14, 14, 14, 22, 0, 0, 0, 0, 0, 80]","""[0, 4, 9, 4, 2, 2, 5, 5, 7, 8, 9, 69, 24, 57, 49, 81, 0]"""
j10,1,reactive,60,True,31,0.06385135650634766,0.12145471572875977,"[0, 0, 0, 0, 8, 14, 8, 14, 14, 14, 22, 0, 0, 0, 0, 0, 31]","[0, 4, 9, 4, 2, 2, 5, 5, 7, 8, 9, 69, 24, 57, 49, 81, 0]"
j10,1,stnu,60,True,23,0.789625883102417,0.008538484573364258,"[0, 0, 0, 0, 4, 9, 4, 9, 9, 9, 14, 0, 0, 0, 0, 0, 23]","""[0, 4, 9, 4, 2, 2, 5, 5, 7, 8, 9, 69, 24, 57, 49, 81, 0]"""
j10,1,proactive_quantile_0.9,60,True,30,0.05818057060241699,0.0007338523864746094,"[0, 0, 0, 0, 8, 14, 8, 14, 14, 14, 22, 0, 0, 0, 0, 0, 80]","""[0, 4, 12, 6, 7, 3, 2, 8, 6, 5, 6, 69, 24, 57, 49, 81, 0]"""
j10,1,reactive,60,False,inf,inf,inf,null,"[0, 4, 12, 6, 7, 3, 2, 8, 6, 5, 6, 69, 24, 57, 49, 81, 0]"
j10,1,stnu,60,True,27,0.7819113731384277,0.008636951446533203,"[0, 0, 0, 0, 6, 13, 6, 13, 13, 8, 21, 0, 0, 0, 0, 0, 27]","""[0, 4, 12, 6, 7, 3, 2, 8, 6, 5, 6, 69, 24, 57, 49, 81, 0]"""
j10,1,proactive_quantile_0.9,60,True,30,0.05875682830810547,0.0007450580596923828,"[0, 0, 0, 0, 8, 14, 8, 14, 14, 14, 22, 0, 0, 0, 0, 0, 80]","""[0, 6, 9, 7, 5, 2, 7, 4, 7, 4, 8, 69, 24, 57, 49, 81, 0]"""
j10,1,reactive,60,False,inf,inf,inf,null,"[0, 6, 9, 7, 5, 2, 7, 4, 7, 4, 8, 69, 24, 57, 49, 81, 0]"
j10,1,stnu,60,True,26,0.7899744510650635,0.008493661880493164,"[0, 0, 0, 0, 7, 12, 7, 14, 14, 14, 18, 0, 0, 0, 0, 0, 26]","""[0, 6, 9, 7, 5, 2, 7, 4, 7, 4, 8, 69, 24, 57, 49, 81, 0]"""
j10,1,proactive_quantile_0.9,60,True,29,0.06330037117004395,0.00028252601623535156,"[0, 0, 0, 0, 8, 16, 18, 16, 25, 24, 16, 0, 32]","""[0, 9, 8, 6, 9, 3, 8, 9, 3, 6, 8, 33, 0]"""
j10,1,reactive,60,False,inf,inf,inf,null,"[0, 9, 8, 6, 9, 3, 8, 9, 3, 6, 8, 33, 0]"
j10,1,stnu,60,True,33,0.7926380634307861,0.00547027587890625,"[0, 0, 0, 0, 9, 18, 21, 18, 29, 27, 18, 0, 33]","""[0, 9, 8, 6, 9, 3, 8, 9, 3, 6, 8, 33, 0]"""
j10,1,proactive_quantile_0.9,60,True,29,0.05843997001647949,0.00026917457580566406,"[0, 0, 0, 0, 8, 16, 18, 16, 25, 24, 16, 0, 32]","""[0, 8, 4, 7, 6, 2, 7, 6, 2, 5, 6, 33, 0]"""
j10,1,reactive,60,True,29,0.05843997001647949,0.0823519229888916,"[0, 0, 0, 0, 8, 16, 18, 16, 25, 24, 16, 0, 29]","[0, 8, 4, 7, 6, 2, 7, 6, 2, 5, 6, 33, 0]"
j10,1,stnu,60,True,25,0.7773787975311279,0.005286216735839844,"[0, 0, 0, 0, 8, 14, 16, 14, 23, 20, 14, 0, 25]","""[0, 8, 4, 7, 6, 2, 7, 6, 2, 5, 6, 33, 0]"""
j10,1,proactive_quantile_0.9,60,True,29,0.05825686454772949,0.00026345252990722656,"[0, 0, 0, 0, 8, 16, 18, 16, 25, 24, 16, 0, 32]","""[0, 6, 6, 10, 5, 2, 8, 8, 1, 2, 4, 33, 0]"""
j10,1,reactive,60,False,inf,inf,inf,null,"[0, 6, 6, 10, 5, 2, 8, 8, 1, 2, 4, 33, 0]"
j10,1,stnu,60,True,22,0.7930660247802734,0.0053861141204833984,"[0, 0, 0, 0, 6, 11, 13, 11, 21, 19, 11, 0, 22]","""[0, 6, 6, 10, 5, 2, 8, 8, 1, 2, 4, 33, 0]"""
j10,1,proactive_quantile_0.9,60,True,29,0.05859041213989258,0.0002543926239013672,"[0, 0, 0, 0, 8, 16, 18, 16, 25, 24, 16, 0, 32]","""[0, 4, 4, 5, 6, 2, 5, 7, 1, 6, 4, 33, 0]"""
j10,1,reactive,60,True,30,0.05859041213989258,0.11913132667541504,"[0, 0, 0, 0, 8, 16, 18, 16, 25, 24, 16, 0, 30]","[0, 4, 4, 5, 6, 2, 5, 7, 1, 6, 4, 33, 0]"
j10,1,stnu,60,True,23,0.8071413040161133,0.005333423614501953,"[0, 0, 0, 0, 4, 10, 12, 10, 17, 17, 10, 0, 23]","""[0, 4, 4, 5, 6, 2, 5, 7, 1, 6, 4, 33, 0]"""
j10,1,proactive_quantile_0.9,60,True,29,0.058886051177978516,0.0002510547637939453,"[0, 0, 0, 0, 8, 16, 18, 16, 25, 24, 16, 0, 32]","""[0, 5, 8, 8, 8, 1, 7, 6, 2, 4, 7, 33, 0]"""
j10,1,reactive,60,True,28,0.058886051177978516,0.09692072868347168,"[0, 0, 0, 0, 8, 16, 18, 16, 25, 24, 16, 0, 28]","[0, 5, 8, 8, 8, 1, 7, 6, 2, 4, 7, 33, 0]"
j10,1,stnu,60,True,27,0.7919306755065918,0.005300283432006836,"[0, 0, 0, 0, 8, 16, 17, 16, 24, 23, 16, 0, 27]","""[0, 5, 8, 8, 8, 1, 7, 6, 2, 4, 7, 33, 0]"""
j10,1,proactive_quantile_0.9,60,True,29,0.05921673774719238,0.00023651123046875,"[0, 0, 0, 0, 8, 16, 18, 16, 25, 24, 16, 0, 32]","""[0, 9, 5, 7, 5, 3, 3, 5, 3, 2, 7, 33, 0]"""
j10,1,reactive,60,False,inf,inf,inf,null,"[0, 9, 5, 7, 5, 3, 3, 5, 3, 2, 7, 33, 0]"
j10,1,stnu,60,True,24,0.7933428287506104,0.005480766296386719,"[0, 0, 0, 0, 9, 14, 17, 14, 21, 21, 14, 0, 24]","""[0, 9, 5, 7, 5, 3, 3, 5, 3, 2, 7, 33, 0]"""
j10,1,proactive_quantile_0.9,60,True,29,0.1780533790588379,0.0002624988555908203,"[0, 0, 0, 0, 8, 16, 18, 16, 25, 24, 16, 0, 32]","""[0, 9, 8, 7, 7, 1, 6, 5, 4, 3, 4, 33, 0]"""
j10,1,reactive,60,True,29,0.1780533790588379,0.10061144828796387,"[0, 0, 0, 0, 8, 16, 18, 16, 25, 24, 16, 0, 29]","[0, 9, 8, 7, 7, 1, 6, 5, 4, 3, 4, 33, 0]"
j10,1,stnu,60,True,27,0.7931625843048096,0.005344867706298828,"[0, 0, 0, 0, 9, 16, 17, 16, 23, 21, 16, 0, 27]","""[0, 9, 8, 7, 7, 1, 6, 5, 4, 3, 4, 33, 0]"""
j10,1,proactive_quantile_0.9,60,True,29,0.05941057205200195,0.00027823448181152344,"[0, 0, 0, 0, 8, 16, 18, 16, 25, 24, 16, 0, 32]","""[0, 8, 8, 7, 7, 1, 7, 9, 3, 3, 6, 33, 0]"""
j10,1,reactive,60,False,inf,inf,inf,null,"[0, 8, 8, 7, 7, 1, 7, 9, 3, 3, 6, 33, 0]"
j10,1,stnu,60,True,27,0.8049900531768799,0.00540614128112793,"[0, 0, 0, 0, 8, 15, 16, 15, 23, 24, 15, 0, 27]","""[0, 8, 8, 7, 7, 1, 7, 9, 3, 3, 6, 33, 0]"""
j10,1,proactive_quantile_0.9,60,True,29,0.06519675254821777,0.00026345252990722656,"[0, 0, 0, 0, 8, 16, 18, 16, 25, 24, 16, 0, 32]","""[0, 8, 6, 10, 9, 1, 6, 5, 3, 4, 8, 33, 0]"""
j10,1,reactive,60,False,inf,inf,inf,null,"[0, 8, 6, 10, 9, 1, 6, 5, 3, 4, 8, 33, 0]"
j10,1,stnu,60,True,29,0.7905354499816895,0.005341053009033203,"[0, 0, 0, 0, 8, 17, 18, 17, 25, 25, 17, 0, 29]","""[0, 8, 6, 10, 9, 1, 6, 5, 3, 4, 8, 33, 0]"""
j10,1,proactive_quantile_0.9,60,True,29,0.05932807922363281,0.0002818107604980469,"[0, 0, 0, 0, 8, 16, 18, 16, 25, 24, 16, 0, 32]","""[0, 6, 4, 8, 9, 2, 4, 6, 3, 5, 6, 33, 0]"""
j10,1,reactive,60,False,inf,inf,inf,null,"[0, 6, 4, 8, 9, 2, 4, 6, 3, 5, 6, 33, 0]"
j10,1,stnu,60,True,26,0.790337324142456,0.005433559417724609,"[0, 0, 0, 0, 6, 15, 17, 15, 21, 21, 15, 0, 26]","""[0, 6, 4, 8, 9, 2, 4, 6, 3, 5, 6, 33, 0]"""
j10,1,proactive_quantile_0.9,60,True,27,0.06212139129638672,0.0008776187896728516,"[0, 0, 0, 0, 3, 3, 11, 12, 16, 11, 20, 0, 0, 0, 0, 0, 0, 0, 74]","""[0, 3, 2, 9, 6, 10, 3, 6, 7, 4, 4, 49, 31, 31, 75, 72, 52, 34, 0]"""
j10,1,reactive,60,False,inf,inf,inf,null,"[0, 3, 2, 9, 6, 10, 3, 6, 7, 4, 4, 49, 31, 31, 75, 72, 52, 34, 0]"
j10,1,stnu,60,True,23,1.0056254863739014,0.010648488998413086,"[0, 0, 0, 0, 3, 3, 9, 13, 13, 9, 19, 0, 0, 0, 0, 0, 0, 0, 23]","""[0, 3, 2, 9, 6, 10, 3, 6, 7, 4, 4, 49, 31, 31, 75, 72, 52, 34, 0]"""
j10,1,proactive_quantile_0.9,60,True,27,0.059209585189819336,0.0008792877197265625,"[0, 0, 0, 0, 3, 3, 11, 12, 16, 11, 20, 0, 0, 0, 0, 0, 0, 0, 74]","""[0, 1, 2, 8, 6, 10, 6, 7, 11, 7, 2, 49, 31, 31, 75, 72, 52, 34, 0]"""
j10,1,reactive,60,False,inf,inf,inf,null,"[0, 1, 2, 8, 6, 10, 6, 7, 11, 7, 2, 49, 31, 31, 75, 72, 52, 34, 0]"
j10,1,stnu,60,True,25,0.8349113464355469,0.011021137237548828,"[0, 0, 0, 0, 2, 2, 8, 12, 14, 8, 19, 0, 0, 0, 0, 0, 0, 0, 25]","""[0, 1, 2, 8, 6, 10, 6, 7, 11, 7, 2, 49, 31, 31, 75, 72, 52, 34, 0]"""
j10,1,proactive_quantile_0.9,60,False,inf,0.061728477478027344,inf,"[0, 0, 0, 0, 3, 3, 11, 12, 16, 11, 20, 0, 0, 0, 0, 0, 0, 0, 74]","""[0, 1, 4, 4, 6, 9, 4, 4, 12, 4, 4, 49, 31, 31, 75, 72, 52, 34, 0]"""
j10,1,reactive,60,False,inf,inf,inf,null,"[0, 1, 4, 4, 6, 9, 4, 4, 12, 4, 4, 49, 31, 31, 75, 72, 52, 34, 0]"
j10,1,stnu,60,True,26,0.8133864402770996,0.010844230651855469,"[0, 0, 0, 0, 4, 4, 10, 13, 14, 10, 17, 0, 0, 0, 0, 0, 0, 0, 26]","""[0, 1, 4, 4, 6, 9, 4, 4, 12, 4, 4, 49, 31, 31, 75, 72, 52, 34, 0]"""
j10,1,proactive_quantile_0.9,60,True,27,0.062485694885253906,0.0008149147033691406,"[0, 0, 0, 0, 3, 3, 11, 12, 16, 11, 20, 0, 0, 0, 0, 0, 0, 0, 74]","""[0, 4, 3, 8, 5, 7, 6, 5, 9, 3, 3, 49, 31, 31, 75, 72, 52, 34, 0]"""
j10,1,reactive,60,False,inf,inf,inf,null,"[0, 4, 3, 8, 5, 7, 6, 5, 9, 3, 3, 49, 31, 31, 75, 72, 52, 34, 0]"
j10,1,stnu,60,True,24,0.7837667465209961,0.011056900024414062,"[0, 0, 0, 0, 4, 4, 9, 11, 15, 9, 16, 0, 0, 0, 0, 0, 0, 0, 24]","""[0, 4, 3, 8, 5, 7, 6, 5, 9, 3, 3, 49, 31, 31, 75, 72, 52, 34, 0]"""
j10,1,proactive_quantile_0.9,60,True,27,0.0595698356628418,0.0008664131164550781,"[0, 0, 0, 0, 3, 3, 11, 12, 16, 11, 20, 0, 0, 0, 0, 0, 0, 0, 74]","""[0, 1, 2, 7, 9, 8, 5, 4, 8, 4, 3, 49, 31, 31, 75, 72, 52, 34, 0]"""
j10,1,reactive,60,False,inf,inf,inf,null,"[0, 1, 2, 7, 9, 8, 5, 4, 8, 4, 3, 49, 31, 31, 75, 72, 52, 34, 0]"
j10,1,stnu,60,True,24,0.8311800956726074,0.01085352897644043,"[0, 0, 0, 0, 2, 2, 11, 11, 16, 11, 15, 0, 0, 0, 0, 0, 0, 0, 24]","""[0, 1, 2, 7, 9, 8, 5, 4, 8, 4, 3, 49, 31, 31, 75, 72, 52, 34, 0]"""
j10,1,proactive_quantile_0.9,60,False,inf,0.06291699409484863,inf,"[0, 0, 0, 0, 3, 3, 11, 12, 16, 11, 20, 0, 0, 0, 0, 0, 0, 0, 74]","""[0, 2, 4, 8, 6, 8, 4, 5, 8, 5, 1, 49, 31, 31, 75, 72, 52, 34, 0]"""
j10,1,reactive,60,False,inf,inf,inf,null,"[0, 2, 4, 8, 6, 8, 4, 5, 8, 5, 1, 49, 31, 31, 75, 72, 52, 34, 0]"
j10,1,stnu,60,True,22,0.8232285976409912,0.011050701141357422,"[0, 0, 0, 0, 4, 4, 10, 12, 14, 10, 17, 0, 0, 0, 0, 0, 0, 0, 22]","""[0, 2, 4, 8, 6, 8, 4, 5, 8, 5, 1, 49, 31, 31, 75, 72, 52, 34, 0]"""
j10,1,proactive_quantile_0.9,60,False,inf,0.06451702117919922,inf,"[0, 0, 0, 0, 3, 3, 11, 12, 16, 11, 20, 0, 0, 0, 0, 0, 0, 0, 74]","""[0, 2, 4, 8, 4, 5, 6, 9, 8, 4, 2, 49, 31, 31, 75, 72, 52, 34, 0]"""
j10,1,reactive,60,False,inf,inf,inf,null,"[0, 2, 4, 8, 4, 5, 6, 9, 8, 4, 2, 49, 31, 31, 75, 72, 52, 34, 0]"
j10,1,stnu,60,True,22,0.8147780895233154,0.010877847671508789,"[0, 0, 0, 0, 4, 4, 8, 9, 14, 8, 18, 0, 0, 0, 0, 0, 0, 0, 22]","""[0, 2, 4, 8, 4, 5, 6, 9, 8, 4, 2, 49, 31, 31, 75, 72, 52, 34, 0]"""
j10,1,proactive_quantile_0.9,60,True,27,0.0599520206451416,0.0008471012115478516,"[0, 0, 0, 0, 3, 3, 11, 12, 16, 11, 20, 0, 0, 0, 0, 0, 0, 0, 74]","""[0, 1, 3, 7, 8, 8, 3, 4, 6, 2, 1, 49, 31, 31, 75, 72, 52, 34, 0]"""
j10,1,reactive,60,True,22,0.0599520206451416,0.18223810195922852,"[0, 0, 0, 0, 3, 3, 11, 12, 16, 11, 20, 0, 0, 0, 0, 0, 0, 0, 22]","[0, 1, 3, 7, 8, 8, 3, 4, 6, 2, 1, 49, 31, 31, 75, 72, 52, 34, 0]"
j10,1,stnu,60,True,20,0.8305435180664062,0.011004209518432617,"[0, 0, 0, 0, 3, 3, 11, 11, 14, 11, 15, 0, 0, 0, 0, 0, 0, 0, 20]","""[0, 1, 3, 7, 8, 8, 3, 4, 6, 2, 1, 49, 31, 31, 75, 72, 52, 34, 0]"""
j10,1,proactive_quantile_0.9,60,True,27,0.060884714126586914,0.0008475780487060547,"[0, 0, 0, 0, 3, 3, 11, 12, 16, 11, 20, 0, 0, 0, 0, 0, 0, 0, 74]","""[0, 3, 3, 7, 4, 10, 3, 8, 8, 7, 4, 49, 31, 31, 75, 72, 52, 34, 0]"""
j10,1,reactive,60,False,inf,inf,inf,null,"[0, 3, 3, 7, 4, 10, 3, 8, 8, 7, 4, 49, 31, 31, 75, 72, 52, 34, 0]"
j10,1,stnu,60,True,25,0.9196500778198242,0.010601520538330078,"[0, 0, 0, 0, 3, 3, 7, 13, 13, 7, 21, 0, 0, 0, 0, 0, 0, 0, 25]","""[0, 3, 3, 7, 4, 10, 3, 8, 8, 7, 4, 49, 31, 31, 75, 72, 52, 34, 0]"""
j10,1,proactive_quantile_0.9,60,True,27,0.06116890907287598,0.0008764266967773438,"[0, 0, 0, 0, 3, 3, 11, 12, 16, 11, 20, 0, 0, 0, 0, 0, 0, 0, 74]","""[0, 1, 2, 5, 7, 10, 4, 5, 12, 3, 4, 49, 31, 31, 75, 72, 52, 34, 0]"""
j10,1,reactive,60,False,inf,inf,inf,null,"[0, 1, 2, 5, 7, 10, 4, 5, 12, 3, 4, 49, 31, 31, 75, 72, 52, 34, 0]"
j10,1,stnu,60,True,25,0.8244223594665527,0.01083993911743164,"[0, 0, 0, 0, 2, 2, 9, 12, 13, 9, 17, 0, 0, 0, 0, 0, 0, 0, 25]","""[0, 1, 2, 5, 7, 10, 4, 5, 12, 3, 4, 49, 31, 31, 75, 72, 52, 34, 0]"""
j10,1,proactive_quantile_0.9,60,False,inf,0.07422685623168945,inf,"[0, 0, 0, 2, 1, 1, 12, 2, 15, 15, 18, 0, 0, 0, 0, 0, 0, 73]","""[0, 1, 3, 1, 2, 11, 1, 13, 3, 5, 3, 22, 17, 49, 74, 73, 30, 0]"""
j10,1,reactive,60,False,inf,inf,inf,null,"[0, 1, 3, 1, 2, 11, 1, 13, 3, 5, 3, 22, 17, 49, 74, 73, 30, 0]"
j10,1,stnu,60,True,22,0.8521685600280762,0.00996541976928711,"[0, 0, 0, 3, 1, 1, 12, 3, 16, 16, 19, 0, 0, 0, 0, 0, 0, 22]","""[0, 1, 3, 1, 2, 11, 1, 13, 3, 5, 3, 22, 17, 49, 74, 73, 30, 0]"""
j10,1,proactive_quantile_0.9,60,False,inf,0.0725407600402832,inf,"[0, 0, 0, 2, 1, 1, 12, 2, 15, 15, 18, 0, 0, 0, 0, 0, 0, 73]","""[0, 2, 2, 3, 1, 11, 2, 6, 2, 6, 1, 22, 17, 49, 74, 73, 30, 0]"""
j10,1,reactive,60,False,inf,inf,inf,null,"[0, 2, 2, 3, 1, 11, 2, 6, 2, 6, 1, 22, 17, 49, 74, 73, 30, 0]"
j10,1,stnu,60,True,21,0.9445350170135498,0.009763002395629883,"[0, 0, 0, 3, 2, 2, 13, 3, 15, 15, 17, 0, 0, 0, 0, 0, 0, 21]","""[0, 2, 2, 3, 1, 11, 2, 6, 2, 6, 1, 22, 17, 49, 74, 73, 30, 0]"""
j10,1,proactive_quantile_0.9,60,False,inf,0.07370328903198242,inf,"[0, 0, 0, 2, 1, 1, 12, 2, 15, 15, 18, 0, 0, 0, 0, 0, 0, 73]","""[0, 2, 3, 3, 1, 6, 4, 9, 2, 7, 3, 22, 17, 49, 74, 73, 30, 0]"""
j10,1,reactive,60,False,inf,inf,inf,null,"[0, 2, 3, 3, 1, 6, 4, 9, 2, 7, 3, 22, 17, 49, 74, 73, 30, 0]"
j10,1,stnu,60,True,19,0.8509221076965332,0.009918451309204102,"[0, 0, 0, 3, 2, 2, 8, 3, 12, 12, 14, 0, 0, 0, 0, 0, 0, 19]","""[0, 2, 3, 3, 1, 6, 4, 9, 2, 7, 3, 22, 17, 49, 74, 73, 30, 0]"""
j10,1,proactive_quantile_0.9,60,True,24,0.0713653564453125,0.0007059574127197266,"[0, 0, 0, 2, 1, 1, 12, 2, 15, 15, 18, 0, 0, 0, 0, 0, 0, 73]","""[0, 1, 1, 1, 1, 9, 3, 13, 3, 5, 3, 22, 17, 49, 74, 73, 30, 0]"""
j10,1,reactive,60,True,21,0.0713653564453125,0.15448784828186035,"[0, 0, 0, 2, 1, 1, 12, 2, 15, 15, 18, 0, 0, 0, 0, 0, 0, 21]","[0, 1, 1, 1, 1, 9, 3, 13, 3, 5, 3, 22, 17, 49, 74, 73, 30, 0]"
j10,1,stnu,60,True,21,0.8298916816711426,0.010033607482910156,"[0, 0, 0, 2, 1, 1, 10, 2, 15, 15, 18, 0, 0, 0, 0, 0, 0, 21]","""[0, 1, 1, 1, 1, 9, 3, 13, 3, 5, 3, 22, 17, 49, 74, 73, 30, 0]"""
j10,1,proactive_quantile_0.9,60,False,inf,0.07355165481567383,inf,"[0, 0, 0, 2, 1, 1, 12, 2, 15, 15, 18, 0, 0, 0, 0, 0, 0, 73]","""[0, 1, 3, 1, 2, 12, 3, 10, 1, 7, 2, 22, 17, 49, 74, 73, 30, 0]"""
j10,1,reactive,60,False,inf,inf,inf,null,"[0, 1, 3, 1, 2, 12, 3, 10, 1, 7, 2, 22, 17, 49, 74, 73, 30, 0]"
j10,1,stnu,60,True,23,0.8445744514465332,0.00988149642944336,"[0, 0, 0, 3, 1, 1, 13, 3, 16, 16, 17, 0, 0, 0, 0, 0, 0, 23]","""[0, 1, 3, 1, 2, 12, 3, 10, 1, 7, 2, 22, 17, 49, 74, 73, 30, 0]"""
j10,1,proactive_quantile_0.9,60,False,inf,0.07015275955200195,inf,"[0, 0, 0, 2, 1, 1, 12, 2, 15, 15, 18, 0, 0, 0, 0, 0, 0, 73]","""[0, 1, 1, 4, 2, 10, 1, 7, 2, 8, 3, 22, 17, 49, 74, 73, 30, 0]"""
j10,1,reactive,60,False,inf,inf,inf,null,"[0, 1, 1, 4, 2, 10, 1, 7, 2, 8, 3, 22, 17, 49, 74, 73, 30, 0]"
j10,1,stnu,60,True,20,0.8346447944641113,0.010019063949584961,"[0, 0, 0, 3, 1, 1, 11, 3, 12, 12, 14, 0, 0, 0, 0, 0, 0, 20]","""[0, 1, 1, 4, 2, 10, 1, 7, 2, 8, 3, 22, 17, 49, 74, 73, 30, 0]"""
j10,1,proactive_quantile_0.9,60,False,inf,0.0685570240020752,inf,"[0, 0, 0, 2, 1, 1, 12, 2, 15, 15, 18, 0, 0, 0, 0, 0, 0, 73]","""[0, 1, 2, 1, 2, 7, 1, 9, 4, 9, 4, 22, 17, 49, 74, 73, 30, 0]"""
j10,1,reactive,60,False,inf,inf,inf,null,"[0, 1, 2, 1, 2, 7, 1, 9, 4, 9, 4, 22, 17, 49, 74, 73, 30, 0]"
j10,1,stnu,60,True,21,0.967343807220459,0.009978294372558594,"[0, 0, 0, 3, 1, 1, 8, 3, 12, 12, 16, 0, 0, 0, 0, 0, 0, 21]","""[0, 1, 2, 1, 2, 7, 1, 9, 4, 9, 4, 22, 17, 49, 74, 73, 30, 0]"""
j10,1,proactive_quantile_0.9,60,False,inf,0.06950616836547852,inf,"[0, 0, 0, 2, 1, 1, 12, 2, 15, 15, 18, 0, 0, 0, 0, 0, 0, 73]","""[0, 1, 2, 3, 2, 11, 4, 7, 2, 7, 2, 22, 17, 49, 74, 73, 30, 0]"""
j10,1,reactive,60,False,inf,inf,inf,null,"[0, 1, 2, 3, 2, 11, 4, 7, 2, 7, 2, 22, 17, 49, 74, 73, 30, 0]"
j10,1,stnu,60,True,23,0.8261780738830566,0.010206937789916992,"[0, 0, 0, 3, 1, 1, 12, 3, 16, 16, 18, 0, 0, 0, 0, 0, 0, 23]","""[0, 1, 2, 3, 2, 11, 4, 7, 2, 7, 2, 22, 17, 49, 74, 73, 30, 0]"""
j10,1,proactive_quantile_0.9,60,False,inf,0.07315182685852051,inf,"[0, 0, 0, 2, 1, 1, 12, 2, 15, 15, 18, 0, 0, 0, 0, 0, 0, 73]","""[0, 2, 1, 2, 1, 8, 4, 8, 2, 8, 4, 22, 17, 49, 74, 73, 30, 0]"""
j10,1,reactive,60,False,inf,inf,inf,null,"[0, 2, 1, 2, 1, 8, 4, 8, 2, 8, 4, 22, 17, 49, 74, 73, 30, 0]"
j10,1,stnu,60,True,22,0.8600659370422363,0.00991368293762207,"[0, 0, 0, 3, 2, 2, 10, 3, 14, 14, 16, 0, 0, 0, 0, 0, 0, 22]","""[0, 2, 1, 2, 1, 8, 4, 8, 2, 8, 4, 22, 17, 49, 74, 73, 30, 0]"""
j10,1,proactive_quantile_0.9,60,False,inf,0.07361221313476562,inf,"[0, 0, 0, 2, 1, 1, 12, 2, 15, 15, 18, 0, 0, 0, 0, 0, 0, 73]","""[0, 1, 3, 4, 1, 12, 2, 7, 2, 7, 2, 22, 17, 49, 74, 73, 30, 0]"""
j10,1,reactive,60,False,inf,inf,inf,null,"[0, 1, 3, 4, 1, 12, 2, 7, 2, 7, 2, 22, 17, 49, 74, 73, 30, 0]"
j10,1,stnu,60,True,22,0.8227338790893555,0.010038614273071289,"[0, 0, 0, 3, 1, 1, 13, 3, 15, 15, 17, 0, 0, 0, 0, 0, 0, 22]","""[0, 1, 3, 4, 1, 12, 2, 7, 2, 7, 2, 22, 17, 49, 74, 73, 30, 0]"""
j10,1,proactive_quantile_0.9,60,True,31,0.07709503173828125,0.000324249267578125,"[0, 1, 0, 0, 17, 11, 18, 20, 16, 20, 26, 0, 0, 0, 44]","""[0, 8, 7, 1, 1, 3, 2, 5, 1, 1, 4, 32, 18, 45, 0]"""
j10,1,reactive,60,True,30,0.07709503173828125,0.15702486038208008,"[0, 1, 0, 0, 17, 11, 18, 20, 16, 20, 26, 0, 0, 0, 30]","[0, 8, 7, 1, 1, 3, 2, 5, 1, 1, 4, 32, 18, 45, 0]"
j10,1,stnu,60,False,inf,0.8199830055236816,inf,[],"""[0, 6, 8, 1, 1, 3, 2, 5, 1, 1, 4, 32, 18, 45, 0]"""
j10,1,proactive_quantile_0.9,60,False,inf,0.07733511924743652,inf,"[0, 1, 0, 0, 17, 11, 18, 20, 16, 20, 26, 0, 0, 0, 44]","""[0, 5, 6, 1, 2, 2, 2, 5, 2, 3, 6, 32, 18, 45, 0]"""
j10,1,reactive,60,False,inf,inf,inf,null,"[0, 5, 6, 1, 2, 2, 2, 5, 2, 3, 6, 32, 18, 45, 0]"
j10,1,stnu,60,False,inf,0.828789472579956,inf,[],"""[0, 4, 8, 1, 2, 2, 2, 5, 2, 1, 3, 32, 18, 45, 0]"""
j10,1,proactive_quantile_0.9,60,False,inf,0.07954072952270508,inf,"[0, 1, 0, 0, 17, 11, 18, 20, 16, 20, 26, 0, 0, 0, 44]","""[0, 7, 10, 2, 1, 5, 3, 4, 2, 3, 3, 32, 18, 45, 0]"""
j10,1,reactive,60,False,inf,inf,inf,null,"[0, 7, 10, 2, 1, 5, 3, 4, 2, 3, 3, 32, 18, 45, 0]"
j10,1,stnu,60,False,inf,0.8257176876068115,inf,[],"""[0, 4, 6, 2, 1, 5, 3, 4, 2, 1, 3, 32, 18, 45, 0]"""
j10,1,proactive_quantile_0.9,60,False,inf,0.0783834457397461,inf,"[0, 1, 0, 0, 17, 11, 18, 20, 16, 20, 26, 0, 0, 0, 44]","""[0, 5, 7, 1, 2, 3, 1, 6, 1, 1, 4, 32, 18, 45, 0]"""
j10,1,reactive,60,False,inf,inf,inf,null,"[0, 5, 7, 1, 2, 3, 1, 6, 1, 1, 4, 32, 18, 45, 0]"
j10,1,stnu,60,False,inf,0.7980470657348633,inf,[],"""[0, 6, 4, 1, 2, 3, 1, 6, 1, 1, 4, 32, 18, 45, 0]"""
j10,1,proactive_quantile_0.9,60,False,inf,0.07695364952087402,inf,"[0, 1, 0, 0, 17, 11, 18, 20, 16, 20, 26, 0, 0, 0, 44]","""[0, 6, 12, 2, 1, 4, 1, 7, 2, 3, 2, 32, 18, 45, 0]"""
j10,1,reactive,60,False,inf,inf,inf,null,"[0, 6, 12, 2, 1, 4, 1, 7, 2, 3, 2, 32, 18, 45, 0]"
j10,1,stnu,60,False,inf,0.8026933670043945,inf,[],"""[0, 6, 6, 2, 1, 4, 1, 7, 2, 1, 2, 32, 18, 45, 0]"""
j10,1,proactive_quantile_0.9,60,False,inf,0.08105587959289551,inf,"[0, 1, 0, 0, 17, 11, 18, 20, 16, 20, 26, 0, 0, 0, 44]","""[0, 6, 8, 2, 1, 4, 1, 4, 2, 2, 2, 32, 18, 45, 0]"""
j10,1,reactive,60,False,inf,inf,inf,null,"[0, 6, 8, 2, 1, 4, 1, 4, 2, 2, 2, 32, 18, 45, 0]"
j10,1,stnu,60,False,inf,0.8256993293762207,inf,[],"""[0, 4, 3, 2, 1, 4, 1, 4, 2, 2, 5, 32, 18, 45, 0]"""
j10,1,proactive_quantile_0.9,60,False,inf,0.07659721374511719,inf,"[0, 1, 0, 0, 17, 11, 18, 20, 16, 20, 26, 0, 0, 0, 44]","""[0, 8, 10, 2, 2, 5, 2, 7, 2, 1, 2, 32, 18, 45, 0]"""
j10,1,reactive,60,False,inf,inf,inf,null,"[0, 8, 10, 2, 2, 5, 2, 7, 2, 1, 2, 32, 18, 45, 0]"
j10,1,stnu,60,False,inf,0.7911849021911621,inf,[],"""[0, 3, 7, 2, 2, 5, 2, 7, 2, 1, 5, 32, 18, 45, 0]"""
j10,1,proactive_quantile_0.9,60,False,inf,0.07929706573486328,inf,"[0, 1, 0, 0, 17, 11, 18, 20, 16, 20, 26, 0, 0, 0, 44]","""[0, 7, 6, 2, 1, 2, 2, 4, 2, 1, 4, 32, 18, 45, 0]"""
j10,1,reactive,60,False,inf,inf,inf,null,"[0, 7, 6, 2, 1, 2, 2, 4, 2, 1, 4, 32, 18, 45, 0]"
j10,1,stnu,60,False,inf,0.7891926765441895,inf,[],"""[0, 4, 7, 2, 1, 2, 2, 4, 2, 2, 3, 32, 18, 45, 0]"""
j10,1,proactive_quantile_0.9,60,False,inf,0.07613301277160645,inf,"[0, 1, 0, 0, 17, 11, 18, 20, 16, 20, 26, 0, 0, 0, 44]","""[0, 9, 8, 2, 2, 3, 2, 5, 2, 3, 3, 32, 18, 45, 0]"""
j10,1,reactive,60,False,inf,inf,inf,null,"[0, 9, 8, 2, 2, 3, 2, 5, 2, 3, 3, 32, 18, 45, 0]"
j10,1,stnu,60,False,inf,0.8095645904541016,inf,[],"""[0, 6, 8, 2, 2, 3, 2, 5, 2, 1, 3, 32, 18, 45, 0]"""
j10,1,proactive_quantile_0.9,60,False,inf,0.07826566696166992,inf,"[0, 1, 0, 0, 17, 11, 18, 20, 16, 20, 26, 0, 0, 0, 44]","""[0, 9, 9, 1, 2, 6, 3, 5, 2, 1, 4, 32, 18, 45, 0]"""
j10,1,reactive,60,False,inf,inf,inf,null,"[0, 9, 9, 1, 2, 6, 3, 5, 2, 1, 4, 32, 18, 45, 0]"
j10,1,stnu,60,False,inf,0.9190657138824463,inf,[],"""[0, 4, 3, 1, 2, 6, 3, 5, 2, 1, 5, 32, 18, 45, 0]"""
j10,1,proactive_quantile_0.9,60,False,inf,0.0571444034576416,inf,"[0, 0, 0, 0, 5, 9, 2, 9, 11, 9, 12, 0, 0, 0, 0, 0, 0, 0, 0, 0, 67]","""[0, 1, 5, 6, 3, 1, 5, 1, 3, 2, 7, 44, 38, 66, 56, 68, 12, 25, 12, 31, 0]"""
j10,1,reactive,60,False,inf,inf,inf,null,"[0, 1, 5, 6, 3, 1, 5, 1, 3, 2, 7, 44, 38, 66, 56, 68, 12, 25, 12, 31, 0]"
j10,1,stnu,60,False,inf,0.8831367492675781,inf,[],"""[0, 1, 5, 6, 3, 1, 5, 1, 3, 2, 7, 44, 38, 66, 56, 68, 12, 25, 12, 31, 0]"""
j10,1,proactive_quantile_0.9,60,True,18,0.055741310119628906,0.0008730888366699219,"[0, 0, 0, 0, 5, 9, 2, 9, 11, 9, 12, 0, 0, 0, 0, 0, 0, 0, 0, 0, 67]","""[0, 2, 7, 4, 1, 1, 10, 2, 1, 2, 4, 44, 38, 66, 56, 68, 12, 25, 12, 31, 0]"""
j10,1,reactive,60,False,inf,inf,inf,null,"[0, 2, 7, 4, 1, 1, 10, 2, 1, 2, 4, 44, 38, 66, 56, 68, 12, 25, 12, 31, 0]"
j10,1,stnu,60,False,inf,0.7887294292449951,inf,[],"""[0, 2, 7, 4, 1, 1, 10, 2, 1, 2, 4, 44, 38, 66, 56, 68, 12, 25, 12, 31, 0]"""
j10,1,proactive_quantile_0.9,60,True,18,0.054369211196899414,0.00091552734375,"[0, 0, 0, 0, 5, 9, 2, 9, 11, 9, 12, 0, 0, 0, 0, 0, 0, 0, 0, 0, 67]","""[0, 2, 8, 2, 3, 3, 8, 3, 3, 2, 5, 44, 38, 66, 56, 68, 12, 25, 12, 31, 0]"""
j10,1,reactive,60,True,17,0.054369211196899414,0.1759035587310791,"[0, 0, 0, 0, 5, 9, 2, 9, 11, 9, 12, 0, 0, 0, 0, 0, 0, 0, 0, 0, 17]","[0, 2, 8, 2, 3, 3, 8, 3, 3, 2, 5, 44, 38, 66, 56, 68, 12, 25, 12, 31, 0]"
j10,1,stnu,60,False,inf,0.787255048751831,inf,[],"""[0, 2, 8, 2, 3, 3, 8, 3, 3, 2, 5, 44, 38, 66, 56, 68, 12, 25, 12, 31, 0]"""
j10,1,proactive_quantile_0.9,60,False,inf,0.05476522445678711,inf,"[0, 0, 0, 0, 5, 9, 2, 9, 11, 9, 12, 0, 0, 0, 0, 0, 0, 0, 0, 0, 67]","""[0, 1, 9, 6, 2, 3, 8, 3, 1, 1, 5, 44, 38, 66, 56, 68, 12, 25, 12, 31, 0]"""
j10,1,reactive,60,False,inf,inf,inf,null,"[0, 1, 9, 6, 2, 3, 8, 3, 1, 1, 5, 44, 38, 66, 56, 68, 12, 25, 12, 31, 0]"
j10,1,stnu,60,False,inf,0.7851376533508301,inf,[],"""[0, 1, 9, 6, 2, 3, 8, 3, 1, 1, 5, 44, 38, 66, 56, 68, 12, 25, 12, 31, 0]"""
j10,1,proactive_quantile_0.9,60,False,inf,0.05425667762756348,inf,"[0, 0, 0, 0, 5, 9, 2, 9, 11, 9, 12, 0, 0, 0, 0, 0, 0, 0, 0, 0, 67]","""[0, 2, 9, 3, 1, 1, 10, 3, 4, 2, 3, 44, 38, 66, 56, 68, 12, 25, 12, 31, 0]"""
j10,1,reactive,60,False,inf,inf,inf,null,"[0, 2, 9, 3, 1, 1, 10, 3, 4, 2, 3, 44, 38, 66, 56, 68, 12, 25, 12, 31, 0]"
j10,1,stnu,60,False,inf,0.7646181583404541,inf,[],"""[0, 2, 9, 3, 1, 1, 10, 3, 4, 2, 3, 44, 38, 66, 56, 68, 12, 25, 12, 31, 0]"""
j10,1,proactive_quantile_0.9,60,False,inf,0.05424165725708008,inf,"[0, 0, 0, 0, 5, 9, 2, 9, 11, 9, 12, 0, 0, 0, 0, 0, 0, 0, 0, 0, 67]","""[0, 3, 7, 5, 3, 4, 9, 1, 4, 2, 7, 44, 38, 66, 56, 68, 12, 25, 12, 31, 0]"""
j10,1,reactive,60,False,inf,inf,inf,null,"[0, 3, 7, 5, 3, 4, 9, 1, 4, 2, 7, 44, 38, 66, 56, 68, 12, 25, 12, 31, 0]"
j10,1,stnu,60,False,inf,0.7691593170166016,inf,[],"""[0, 3, 7, 5, 3, 4, 9, 1, 4, 2, 7, 44, 38, 66, 56, 68, 12, 25, 12, 31, 0]"""
j10,1,proactive_quantile_0.9,60,True,18,0.05548453330993652,0.0008420944213867188,"[0, 0, 0, 0, 5, 9, 2, 9, 11, 9, 12, 0, 0, 0, 0, 0, 0, 0, 0, 0, 67]","""[0, 2, 10, 3, 1, 4, 5, 1, 4, 1, 4, 44, 38, 66, 56, 68, 12, 25, 12, 31, 0]"""
j10,1,reactive,60,False,inf,inf,inf,null,"[0, 2, 10, 3, 1, 4, 5, 1, 4, 1, 4, 44, 38, 66, 56, 68, 12, 25, 12, 31, 0]"
j10,1,stnu,60,False,inf,0.7753028869628906,inf,[],"""[0, 2, 10, 3, 1, 4, 5, 1, 4, 1, 4, 44, 38, 66, 56, 68, 12, 25, 12, 31, 0]"""
j10,1,proactive_quantile_0.9,60,True,18,0.05335736274719238,0.0008389949798583984,"[0, 0, 0, 0, 5, 9, 2, 9, 11, 9, 12, 0, 0, 0, 0, 0, 0, 0, 0, 0, 67]","""[0, 3, 7, 2, 2, 1, 9, 3, 3, 1, 5, 44, 38, 66, 56, 68, 12, 25, 12, 31, 0]"""
j10,1,reactive,60,False,inf,inf,inf,null,"[0, 3, 7, 2, 2, 1, 9, 3, 3, 1, 5, 44, 38, 66, 56, 68, 12, 25, 12, 31, 0]"
j10,1,stnu,60,False,inf,0.78688645362854,inf,[],"""[0, 3, 7, 2, 2, 1, 9, 3, 3, 1, 5, 44, 38, 66, 56, 68, 12, 25, 12, 31, 0]"""
j10,1,proactive_quantile_0.9,60,False,inf,0.054242849349975586,inf,"[0, 0, 0, 0, 5, 9, 2, 9, 11, 9, 12, 0, 0, 0, 0, 0, 0, 0, 0, 0, 67]","""[0, 1, 7, 6, 2, 3, 10, 3, 1, 1, 5, 44, 38, 66, 56, 68, 12, 25, 12, 31, 0]"""
j10,1,reactive,60,False,inf,inf,inf,null,"[0, 1, 7, 6, 2, 3, 10, 3, 1, 1, 5, 44, 38, 66, 56, 68, 12, 25, 12, 31, 0]"
j10,1,stnu,60,False,inf,0.7810471057891846,inf,[],"""[0, 1, 7, 6, 2, 3, 10, 3, 1, 1, 5, 44, 38, 66, 56, 68, 12, 25, 12, 31, 0]"""
j10,1,proactive_quantile_0.9,60,False,inf,0.05699443817138672,inf,"[0, 0, 0, 0, 5, 9, 2, 9, 11, 9, 12, 0, 0, 0, 0, 0, 0, 0, 0, 0, 67]","""[0, 3, 8, 5, 2, 4, 10, 3, 3, 2, 2, 44, 38, 66, 56, 68, 12, 25, 12, 31, 0]"""
j10,1,reactive,60,False,inf,inf,inf,null,"[0, 3, 8, 5, 2, 4, 10, 3, 3, 2, 2, 44, 38, 66, 56, 68, 12, 25, 12, 31, 0]"
j10,1,stnu,60,False,inf,0.7605493068695068,inf,[],"""[0, 3, 8, 5, 2, 4, 10, 3, 3, 2, 2, 44, 38, 66, 56, 68, 12, 25, 12, 31, 0]"""
j10,1,proactive_quantile_0.9,60,False,inf,0.06524133682250977,inf,"[0, 0, 0, 0, 14, 5, 25, 28, 25, 28, 36, 0, 0, 0, 0, 0, 0, 0, 0, 0, 0, 88]","""[0, 1, 6, 3, 7, 9, 1, 8, 9, 3, 3, 63, 54, 45, 84, 79, 46, 83, 87, 89, 48, 0]"""
j10,1,reactive,60,False,inf,inf,inf,null,"[0, 1, 6, 3, 7, 9, 1, 8, 9, 3, 3, 63, 54, 45, 84, 79, 46, 83, 87, 89, 48, 0]"
j10,1,stnu,60,False,inf,0.7964720726013184,inf,[],"""[0, 1, 6, 3, 7, 9, 1, 8, 9, 3, 3, 63, 54, 45, 84, 79, 46, 83, 87, 89, 48, 0]"""
j10,1,proactive_quantile_0.9,60,True,43,0.06645584106445312,0.001402139663696289,"[0, 0, 0, 0, 14, 5, 25, 28, 25, 28, 36, 0, 0, 0, 0, 0, 0, 0, 0, 0, 0, 88]","""[0, 2, 2, 3, 11, 5, 1, 7, 7, 5, 7, 63, 54, 45, 84, 79, 46, 83, 87, 89, 48, 0]"""
j10,1,reactive,60,True,43,0.06645584106445312,0.24033594131469727,"[0, 0, 0, 0, 14, 5, 25, 28, 25, 28, 36, 0, 0, 0, 0, 0, 0, 0, 0, 0, 0, 43]","[0, 2, 2, 3, 11, 5, 1, 7, 7, 5, 7, 63, 54, 45, 84, 79, 46, 83, 87, 89, 48, 0]"
j10,1,stnu,60,False,inf,0.8086910247802734,inf,[],"""[0, 2, 2, 3, 11, 5, 1, 7, 7, 5, 7, 63, 54, 45, 84, 79, 46, 83, 87, 89, 48, 0]"""
j10,1,proactive_quantile_0.9,60,True,43,0.06839990615844727,0.0013895034790039062,"[0, 0, 0, 0, 14, 5, 25, 28, 25, 28, 36, 0, 0, 0, 0, 0, 0, 0, 0, 0, 0, 88]","""[0, 1, 4, 7, 9, 8, 2, 9, 9, 6, 4, 63, 54, 45, 84, 79, 46, 83, 87, 89, 48, 0]"""
j10,1,reactive,60,False,inf,inf,inf,null,"[0, 1, 4, 7, 9, 8, 2, 9, 9, 6, 4, 63, 54, 45, 84, 79, 46, 83, 87, 89, 48, 0]"
j10,1,stnu,60,False,inf,0.8013143539428711,inf,[],"""[0, 1, 4, 7, 9, 8, 2, 9, 9, 6, 4, 63, 54, 45, 84, 79, 46, 83, 87, 89, 48, 0]"""
j10,1,proactive_quantile_0.9,60,True,43,0.06529474258422852,0.0014667510986328125,"[0, 0, 0, 0, 14, 5, 25, 28, 25, 28, 36, 0, 0, 0, 0, 0, 0, 0, 0, 0, 0, 88]","""[0, 3, 3, 7, 10, 9, 1, 8, 9, 6, 5, 63, 54, 45, 84, 79, 46, 83, 87, 89, 48, 0]"""
j10,1,reactive,60,True,41,0.06529474258422852,0.21879243850708008,"[0, 0, 0, 0, 14, 5, 25, 28, 25, 28, 36, 0, 0, 0, 0, 0, 0, 0, 0, 0, 0, 41]","[0, 3, 3, 7, 10, 9, 1, 8, 9, 6, 5, 63, 54, 45, 84, 79, 46, 83, 87, 89, 48, 0]"
j10,1,stnu,60,False,inf,0.7827548980712891,inf,[],"""[0, 3, 3, 7, 10, 9, 1, 8, 9, 6, 5, 63, 54, 45, 84, 79, 46, 83, 87, 89, 48, 0]"""
j10,1,proactive_quantile_0.9,60,False,inf,0.06361603736877441,inf,"[0, 0, 0, 0, 14, 5, 25, 28, 25, 28, 36, 0, 0, 0, 0, 0, 0, 0, 0, 0, 0, 88]","""[0, 4, 6, 2, 8, 7, 2, 8, 6, 4, 3, 63, 54, 45, 84, 79, 46, 83, 87, 89, 48, 0]"""
j10,1,reactive,60,False,inf,inf,inf,null,"[0, 4, 6, 2, 8, 7, 2, 8, 6, 4, 3, 63, 54, 45, 84, 79, 46, 83, 87, 89, 48, 0]"
j10,1,stnu,60,False,inf,0.8180575370788574,inf,[],"""[0, 4, 6, 2, 8, 7, 2, 8, 6, 4, 3, 63, 54, 45, 84, 79, 46, 83, 87, 89, 48, 0]"""
j10,1,proactive_quantile_0.9,60,True,43,0.06575417518615723,0.0014219284057617188,"[0, 0, 0, 0, 14, 5, 25, 28, 25, 28, 36, 0, 0, 0, 0, 0, 0, 0, 0, 0, 0, 88]","""[0, 2, 5, 5, 7, 7, 1, 8, 9, 4, 6, 63, 54, 45, 84, 79, 46, 83, 87, 89, 48, 0]"""
j10,1,reactive,60,True,42,0.06575417518615723,0.35108160972595215,"[0, 0, 0, 0, 14, 5, 25, 28, 25, 28, 36, 0, 0, 0, 0, 0, 0, 0, 0, 0, 0, 42]","[0, 2, 5, 5, 7, 7, 1, 8, 9, 4, 6, 63, 54, 45, 84, 79, 46, 83, 87, 89, 48, 0]"
j10,1,stnu,60,False,inf,0.8020751476287842,inf,[],"""[0, 2, 5, 5, 7, 7, 1, 8, 9, 4, 6, 63, 54, 45, 84, 79, 46, 83, 87, 89, 48, 0]"""
j10,1,proactive_quantile_0.9,60,False,inf,0.060629844665527344,inf,"[0, 0, 0, 0, 14, 5, 25, 28, 25, 28, 36, 0, 0, 0, 0, 0, 0, 0, 0, 0, 0, 88]","""[0, 2, 3, 2, 7, 9, 4, 5, 8, 4, 6, 63, 54, 45, 84, 79, 46, 83, 87, 89, 48, 0]"""
j10,1,reactive,60,False,inf,inf,inf,null,"[0, 2, 3, 2, 7, 9, 4, 5, 8, 4, 6, 63, 54, 45, 84, 79, 46, 83, 87, 89, 48, 0]"
j10,1,stnu,60,False,inf,0.8054614067077637,inf,[],"""[0, 2, 3, 2, 7, 9, 4, 5, 8, 4, 6, 63, 54, 45, 84, 79, 46, 83, 87, 89, 48, 0]"""
j10,1,proactive_quantile_0.9,60,False,inf,0.06422996520996094,inf,"[0, 0, 0, 0, 14, 5, 25, 28, 25, 28, 36, 0, 0, 0, 0, 0, 0, 0, 0, 0, 0, 88]","""[0, 4, 6, 3, 11, 10, 4, 4, 8, 5, 8, 63, 54, 45, 84, 79, 46, 83, 87, 89, 48, 0]"""
j10,1,reactive,60,False,inf,inf,inf,null,"[0, 4, 6, 3, 11, 10, 4, 4, 8, 5, 8, 63, 54, 45, 84, 79, 46, 83, 87, 89, 48, 0]"
j10,1,stnu,60,False,inf,0.7985732555389404,inf,[],"""[0, 4, 6, 3, 11, 10, 4, 4, 8, 5, 8, 63, 54, 45, 84, 79, 46, 83, 87, 89, 48, 0]"""
j10,1,proactive_quantile_0.9,60,False,inf,0.06613707542419434,inf,"[0, 0, 0, 0, 14, 5, 25, 28, 25, 28, 36, 0, 0, 0, 0, 0, 0, 0, 0, 0, 0, 88]","""[0, 3, 5, 5, 12, 5, 2, 6, 8, 6, 4, 63, 54, 45, 84, 79, 46, 83, 87, 89, 48, 0]"""
j10,1,reactive,60,False,inf,inf,inf,null,"[0, 3, 5, 5, 12, 5, 2, 6, 8, 6, 4, 63, 54, 45, 84, 79, 46, 83, 87, 89, 48, 0]"
j10,1,stnu,60,False,inf,0.7972867488861084,inf,[],"""[0, 3, 5, 5, 12, 5, 2, 6, 8, 6, 4, 63, 54, 45, 84, 79, 46, 83, 87, 89, 48, 0]"""
j10,1,proactive_quantile_0.9,60,False,inf,0.06676530838012695,inf,"[0, 0, 0, 0, 14, 5, 25, 28, 25, 28, 36, 0, 0, 0, 0, 0, 0, 0, 0, 0, 0, 88]","""[0, 3, 5, 4, 9, 10, 2, 6, 8, 3, 7, 63, 54, 45, 84, 79, 46, 83, 87, 89, 48, 0]"""
j10,1,reactive,60,False,inf,inf,inf,null,"[0, 3, 5, 4, 9, 10, 2, 6, 8, 3, 7, 63, 54, 45, 84, 79, 46, 83, 87, 89, 48, 0]"
j10,1,stnu,60,False,inf,0.7908058166503906,inf,[],"""[0, 3, 5, 4, 9, 10, 2, 6, 8, 3, 7, 63, 54, 45, 84, 79, 46, 83, 87, 89, 48, 0]"""
j10,1,proactive_quantile_0.9,60,False,inf,0.07965660095214844,inf,"[0, 0, 0, 1, 7, 3, 5, 12, 21, 28, 21, 0, 0, 0, 0, 0, 0, 0, 0, 0, 82]","""[0, 2, 2, 1, 6, 1, 1, 7, 5, 1, 6, 11, 51, 83, 70, 18, 64, 51, 42, 32, 0]"""
j10,1,reactive,60,False,inf,inf,inf,null,"[0, 2, 2, 1, 6, 1, 1, 7, 5, 1, 6, 11, 51, 83, 70, 18, 64, 51, 42, 32, 0]"
j10,1,stnu,60,False,inf,0.8213214874267578,inf,[],"""[0, 2, 2, 1, 6, 1, 1, 7, 5, 1, 6, 11, 51, 83, 70, 18, 64, 51, 42, 32, 0]"""
j10,1,proactive_quantile_0.9,60,False,inf,0.0761716365814209,inf,"[0, 0, 0, 1, 7, 3, 5, 12, 21, 28, 21, 0, 0, 0, 0, 0, 0, 0, 0, 0, 82]","""[0, 5, 1, 3, 2, 3, 3, 8, 3, 1, 4, 11, 51, 83, 70, 18, 64, 51, 42, 32, 0]"""
j10,1,reactive,60,False,inf,inf,inf,null,"[0, 5, 1, 3, 2, 3, 3, 8, 3, 1, 4, 11, 51, 83, 70, 18, 64, 51, 42, 32, 0]"
j10,1,stnu,60,False,inf,0.8141922950744629,inf,[],"""[0, 5, 1, 3, 2, 3, 3, 8, 3, 1, 4, 11, 51, 83, 70, 18, 64, 51, 42, 32, 0]"""
j10,1,proactive_quantile_0.9,60,False,inf,0.07794809341430664,inf,"[0, 0, 0, 1, 7, 3, 5, 12, 21, 28, 21, 0, 0, 0, 0, 0, 0, 0, 0, 0, 82]","""[0, 3, 1, 1, 5, 3, 1, 6, 8, 1, 5, 11, 51, 83, 70, 18, 64, 51, 42, 32, 0]"""
j10,1,reactive,60,False,inf,inf,inf,null,"[0, 3, 1, 1, 5, 3, 1, 6, 8, 1, 5, 11, 51, 83, 70, 18, 64, 51, 42, 32, 0]"
j10,1,stnu,60,False,inf,0.8010461330413818,inf,[],"""[0, 3, 1, 1, 5, 3, 1, 6, 8, 1, 5, 11, 51, 83, 70, 18, 64, 51, 42, 32, 0]"""
j10,1,proactive_quantile_0.9,60,False,inf,0.07910919189453125,inf,"[0, 0, 0, 1, 7, 3, 5, 12, 21, 28, 21, 0, 0, 0, 0, 0, 0, 0, 0, 0, 82]","""[0, 3, 2, 1, 6, 3, 1, 7, 3, 1, 4, 11, 51, 83, 70, 18, 64, 51, 42, 32, 0]"""
j10,1,reactive,60,False,inf,inf,inf,null,"[0, 3, 2, 1, 6, 3, 1, 7, 3, 1, 4, 11, 51, 83, 70, 18, 64, 51, 42, 32, 0]"
j10,1,stnu,60,False,inf,0.7945857048034668,inf,[],"""[0, 3, 2, 1, 6, 3, 1, 7, 3, 1, 4, 11, 51, 83, 70, 18, 64, 51, 42, 32, 0]"""
j10,1,proactive_quantile_0.9,60,True,29,0.0795586109161377,0.0009834766387939453,"[0, 0, 0, 1, 7, 3, 5, 12, 21, 28, 21, 0, 0, 0, 0, 0, 0, 0, 0, 0, 82]","""[0, 3, 1, 2, 4, 2, 1, 8, 5, 1, 8, 11, 51, 83, 70, 18, 64, 51, 42, 32, 0]"""
j10,1,reactive,60,True,29,0.0795586109161377,0.2406177520751953,"[0, 0, 0, 1, 7, 3, 5, 12, 21, 28, 21, 0, 0, 0, 0, 0, 0, 0, 0, 0, 29]","[0, 3, 1, 2, 4, 2, 1, 8, 5, 1, 8, 11, 51, 83, 70, 18, 64, 51, 42, 32, 0]"
j10,1,stnu,60,False,inf,0.8044438362121582,inf,[],"""[0, 3, 1, 2, 4, 2, 1, 8, 5, 1, 8, 11, 51, 83, 70, 18, 64, 51, 42, 32, 0]"""
j10,1,proactive_quantile_0.9,60,False,inf,0.07891392707824707,inf,"[0, 0, 0, 1, 7, 3, 5, 12, 21, 28, 21, 0, 0, 0, 0, 0, 0, 0, 0, 0, 82]","""[0, 6, 1, 3, 2, 3, 3, 7, 3, 1, 6, 11, 51, 83, 70, 18, 64, 51, 42, 32, 0]"""
j10,1,reactive,60,False,inf,inf,inf,null,"[0, 6, 1, 3, 2, 3, 3, 7, 3, 1, 6, 11, 51, 83, 70, 18, 64, 51, 42, 32, 0]"
j10,1,stnu,60,False,inf,0.8224434852600098,inf,[],"""[0, 6, 1, 3, 2, 3, 3, 7, 3, 1, 6, 11, 51, 83, 70, 18, 64, 51, 42, 32, 0]"""
j10,1,proactive_quantile_0.9,60,False,inf,0.0769965648651123,inf,"[0, 0, 0, 1, 7, 3, 5, 12, 21, 28, 21, 0, 0, 0, 0, 0, 0, 0, 0, 0, 82]","""[0, 3, 2, 3, 4, 3, 1, 5, 3, 1, 9, 11, 51, 83, 70, 18, 64, 51, 42, 32, 0]"""
j10,1,reactive,60,False,inf,inf,inf,null,"[0, 3, 2, 3, 4, 3, 1, 5, 3, 1, 9, 11, 51, 83, 70, 18, 64, 51, 42, 32, 0]"
j10,1,stnu,60,False,inf,0.8644492626190186,inf,[],"""[0, 3, 2, 3, 4, 3, 1, 5, 3, 1, 9, 11, 51, 83, 70, 18, 64, 51, 42, 32, 0]"""
j10,1,proactive_quantile_0.9,60,False,inf,0.07437968254089355,inf,"[0, 0, 0, 1, 7, 3, 5, 12, 21, 28, 21, 0, 0, 0, 0, 0, 0, 0, 0, 0, 82]","""[0, 4, 2, 2, 3, 2, 1, 8, 4, 2, 7, 11, 51, 83, 70, 18, 64, 51, 42, 32, 0]"""
j10,1,reactive,60,False,inf,inf,inf,null,"[0, 4, 2, 2, 3, 2, 1, 8, 4, 2, 7, 11, 51, 83, 70, 18, 64, 51, 42, 32, 0]"
j10,1,stnu,60,False,inf,0.7713196277618408,inf,[],"""[0, 4, 2, 2, 3, 2, 1, 8, 4, 2, 7, 11, 51, 83, 70, 18, 64, 51, 42, 32, 0]"""
j10,1,proactive_quantile_0.9,60,False,inf,0.0767970085144043,inf,"[0, 0, 0, 1, 7, 3, 5, 12, 21, 28, 21, 0, 0, 0, 0, 0, 0, 0, 0, 0, 82]","""[0, 5, 2, 2, 4, 3, 3, 8, 8, 2, 8, 11, 51, 83, 70, 18, 64, 51, 42, 32, 0]"""
j10,1,reactive,60,False,inf,inf,inf,null,"[0, 5, 2, 2, 4, 3, 3, 8, 8, 2, 8, 11, 51, 83, 70, 18, 64, 51, 42, 32, 0]"
j10,1,stnu,60,False,inf,0.7715249061584473,inf,[],"""[0, 5, 2, 2, 4, 3, 3, 8, 8, 2, 8, 11, 51, 83, 70, 18, 64, 51, 42, 32, 0]"""
j10,1,proactive_quantile_0.9,60,False,inf,0.07952260971069336,inf,"[0, 0, 0, 1, 7, 3, 5, 12, 21, 28, 21, 0, 0, 0, 0, 0, 0, 0, 0, 0, 82]","""[0, 5, 1, 3, 5, 2, 2, 5, 7, 1, 9, 11, 51, 83, 70, 18, 64, 51, 42, 32, 0]"""
j10,1,reactive,60,False,inf,inf,inf,null,"[0, 5, 1, 3, 5, 2, 2, 5, 7, 1, 9, 11, 51, 83, 70, 18, 64, 51, 42, 32, 0]"
j10,1,stnu,60,False,inf,0.779090166091919,inf,[],"""[0, 5, 1, 3, 5, 2, 2, 5, 7, 1, 9, 11, 51, 83, 70, 18, 64, 51, 42, 32, 0]"""
j10,1,proactive_quantile_0.9,60,True,28,0.05855202674865723,0.0009365081787109375,"[0, 0, 0, 0, 5, 6, 6, 15, 15, 5, 22, 0, 0, 0, 0, 0, 0, 0, 0, 65]","""[0, 6, 6, 5, 4, 6, 6, 4, 2, 4, 2, 54, 36, 66, 65, 55, 56, 20, 43, 0]"""
j10,1,reactive,60,False,inf,inf,inf,null,"[0, 6, 6, 5, 4, 6, 6, 4, 2, 4, 2, 54, 36, 66, 65, 55, 56, 20, 43, 0]"
j10,1,stnu,60,True,18,0.8415615558624268,0.011883735656738281,"[0, 0, 0, 0, 6, 6, 6, 12, 12, 6, 16, 0, 0, 0, 0, 0, 0, 0, 0, 18]","""[0, 6, 6, 5, 4, 6, 6, 4, 2, 4, 2, 54, 36, 66, 65, 55, 56, 20, 43, 0]"""
j10,1,proactive_quantile_0.9,60,False,inf,0.061897993087768555,inf,"[0, 0, 0, 0, 5, 6, 6, 15, 15, 5, 22, 0, 0, 0, 0, 0, 0, 0, 0, 65]","""[0, 4, 4, 7, 5, 4, 10, 4, 3, 3, 4, 54, 36, 66, 65, 55, 56, 20, 43, 0]"""
j10,1,reactive,60,False,inf,inf,inf,null,"[0, 4, 4, 7, 5, 4, 10, 4, 3, 3, 4, 54, 36, 66, 65, 55, 56, 20, 43, 0]"
j10,1,stnu,60,True,25,0.9666500091552734,0.011812925338745117,"[0, 0, 0, 0, 4, 7, 7, 17, 17, 4, 21, 0, 0, 0, 0, 0, 0, 0, 0, 25]","""[0, 4, 4, 7, 5, 4, 10, 4, 3, 3, 4, 54, 36, 66, 65, 55, 56, 20, 43, 0]"""
j10,1,proactive_quantile_0.9,60,True,28,0.06599712371826172,0.0009350776672363281,"[0, 0, 0, 0, 5, 6, 6, 15, 15, 5, 22, 0, 0, 0, 0, 0, 0, 0, 0, 65]","""[0, 5, 2, 5, 5, 2, 7, 4, 1, 4, 2, 54, 36, 66, 65, 55, 56, 20, 43, 0]"""
j10,1,reactive,60,True,24,0.06599712371826172,0.1831803321838379,"[0, 0, 0, 0, 5, 6, 6, 15, 15, 5, 22, 0, 0, 0, 0, 0, 0, 0, 0, 24]","[0, 5, 2, 5, 5, 2, 7, 4, 1, 4, 2, 54, 36, 66, 65, 55, 56, 20, 43, 0]"
j10,1,stnu,60,True,18,0.8159282207489014,0.012053728103637695,"[0, 0, 0, 0, 5, 5, 5, 12, 12, 5, 16, 0, 0, 0, 0, 0, 0, 0, 0, 18]","""[0, 5, 2, 5, 5, 2, 7, 4, 1, 4, 2, 54, 36, 66, 65, 55, 56, 20, 43, 0]"""
j10,1,proactive_quantile_0.9,60,True,28,0.06499218940734863,0.0009210109710693359,"[0, 0, 0, 0, 5, 6, 6, 15, 15, 5, 22, 0, 0, 0, 0, 0, 0, 0, 0, 65]","""[0, 4, 7, 2, 3, 5, 10, 8, 4, 1, 6, 54, 36, 66, 65, 55, 56, 20, 43, 0]"""
j10,1,reactive,60,False,inf,inf,inf,null,"[0, 4, 7, 2, 3, 5, 10, 8, 4, 1, 6, 54, 36, 66, 65, 55, 56, 20, 43, 0]"
j10,1,stnu,60,True,31,0.8130240440368652,0.011935949325561523,"[0, 0, 0, 0, 4, 7, 7, 17, 17, 4, 25, 0, 0, 0, 0, 0, 0, 0, 0, 31]","""[0, 4, 7, 2, 3, 5, 10, 8, 4, 1, 6, 54, 36, 66, 65, 55, 56, 20, 43, 0]"""
j10,1,proactive_quantile_0.9,60,True,28,0.06592822074890137,0.0009505748748779297,"[0, 0, 0, 0, 5, 6, 6, 15, 15, 5, 22, 0, 0, 0, 0, 0, 0, 0, 0, 65]","""[0, 6, 7, 2, 8, 3, 10, 7, 1, 1, 3, 54, 36, 66, 65, 55, 56, 20, 43, 0]"""
j10,1,reactive,60,False,inf,inf,inf,null,"[0, 6, 7, 2, 8, 3, 10, 7, 1, 1, 3, 54, 36, 66, 65, 55, 56, 20, 43, 0]"
j10,1,stnu,60,True,27,0.8102264404296875,0.012024641036987305,"[0, 0, 0, 0, 6, 7, 7, 17, 17, 6, 24, 0, 0, 0, 0, 0, 0, 0, 0, 27]","""[0, 6, 7, 2, 8, 3, 10, 7, 1, 1, 3, 54, 36, 66, 65, 55, 56, 20, 43, 0]"""
j10,1,proactive_quantile_0.9,60,True,28,0.0582125186920166,0.0009396076202392578,"[0, 0, 0, 0, 5, 6, 6, 15, 15, 5, 22, 0, 0, 0, 0, 0, 0, 0, 0, 65]","""[0, 2, 5, 3, 8, 2, 10, 6, 4, 2, 4, 54, 36, 66, 65, 55, 56, 20, 43, 0]"""
j10,1,reactive,60,False,inf,inf,inf,null,"[0, 2, 5, 3, 8, 2, 10, 6, 4, 2, 4, 54, 36, 66, 65, 55, 56, 20, 43, 0]"
j10,1,stnu,60,True,18,0.8295407295227051,0.012012481689453125,"[0, 0, 0, 0, 2, 5, 5, 15, 15, 2, 17, 0, 0, 0, 0, 0, 0, 0, 0, 18]","""[0, 2, 5, 2, 4, 1, 10, 1, 2, 1, 1, 54, 36, 66, 65, 55, 56, 20, 43, 0]"""
j10,1,proactive_quantile_0.9,60,True,28,0.0592648983001709,0.0009186267852783203,"[0, 0, 0, 0, 5, 6, 6, 15, 15, 5, 22, 0, 0, 0, 0, 0, 0, 0, 0, 65]","""[0, 5, 7, 6, 8, 3, 5, 8, 1, 3, 6, 54, 36, 66, 65, 55, 56, 20, 43, 0]"""
j10,1,reactive,60,False,inf,inf,inf,null,"[0, 5, 7, 6, 8, 3, 5, 8, 1, 3, 6, 54, 36, 66, 65, 55, 56, 20, 43, 0]"
j10,1,stnu,60,True,27,0.9577727317810059,0.012003183364868164,"[0, 0, 0, 0, 5, 7, 7, 13, 12, 5, 21, 0, 0, 0, 0, 0, 0, 0, 0, 27]","""[0, 5, 7, 6, 8, 3, 5, 8, 1, 3, 6, 54, 36, 66, 65, 55, 56, 20, 43, 0]"""
j10,1,proactive_quantile_0.9,60,True,28,0.05804252624511719,0.0009238719940185547,"[0, 0, 0, 0, 5, 6, 6, 15, 15, 5, 22, 0, 0, 0, 0, 0, 0, 0, 0, 65]","""[0, 3, 5, 2, 5, 5, 9, 3, 2, 3, 3, 54, 36, 66, 65, 55, 56, 20, 43, 0]"""
j10,1,reactive,60,True,25,0.05804252624511719,0.1726062297821045,"[0, 0, 0, 0, 5, 6, 6, 15, 15, 5, 22, 0, 0, 0, 0, 0, 0, 0, 0, 25]","[0, 3, 5, 2, 5, 5, 9, 3, 2, 3, 3, 54, 36, 66, 65, 55, 56, 20, 43, 0]"
j10,1,stnu,60,True,20,0.8304615020751953,0.012130260467529297,"[0, 0, 0, 0, 3, 5, 5, 14, 14, 3, 17, 0, 0, 0, 0, 0, 0, 0, 0, 20]","""[0, 3, 5, 2, 5, 5, 9, 3, 2, 3, 3, 54, 36, 66, 65, 55, 56, 20, 43, 0]"""
j10,1,proactive_quantile_0.9,60,True,28,0.0580601692199707,0.0009565353393554688,"[0, 0, 0, 0, 5, 6, 6, 15, 15, 5, 22, 0, 0, 0, 0, 0, 0, 0, 0, 65]","""[0, 5, 7, 6, 7, 3, 6, 4, 1, 2, 5, 54, 36, 66, 65, 55, 56, 20, 43, 0]"""
j10,1,reactive,60,False,inf,inf,inf,null,"[0, 5, 7, 6, 7, 3, 6, 4, 1, 2, 5, 54, 36, 66, 65, 55, 56, 20, 43, 0]"
j10,1,stnu,60,True,22,0.8120384216308594,0.011913537979125977,"[0, 0, 0, 0, 5, 7, 7, 13, 13, 5, 17, 0, 0, 0, 0, 0, 0, 0, 0, 22]","""[0, 5, 7, 6, 7, 3, 6, 4, 1, 2, 5, 54, 36, 66, 65, 55, 56, 20, 43, 0]"""
j10,1,proactive_quantile_0.9,60,True,28,0.05963277816772461,0.0009057521820068359,"[0, 0, 0, 0, 5, 6, 6, 15, 15, 5, 22, 0, 0, 0, 0, 0, 0, 0, 0, 65]","""[0, 2, 4, 3, 3, 2, 10, 7, 1, 2, 3, 54, 36, 66, 65, 55, 56, 20, 43, 0]"""
j10,1,reactive,60,False,inf,inf,inf,null,"[0, 2, 4, 3, 3, 2, 10, 7, 1, 2, 3, 54, 36, 66, 65, 55, 56, 20, 43, 0]"
j10,1,stnu,60,True,24,0.8162827491760254,0.012081384658813477,"[0, 0, 0, 0, 2, 4, 4, 14, 14, 2, 21, 0, 0, 0, 0, 0, 0, 0, 0, 24]","""[0, 2, 4, 3, 3, 2, 10, 7, 1, 2, 3, 54, 36, 66, 65, 55, 56, 20, 43, 0]"""
j10,1,proactive_quantile_0.9,60,False,inf,0.0841975212097168,inf,"[0, 0, 10, 0, 7, 9, 14, 20, 12, 21, 15, 0, 0, 0, 0, 0, 0, 0, 0, 0, 76]","""[0, 4, 2, 6, 3, 1, 3, 2, 3, 1, 7, 77, 53, 27, 43, 58, 47, 36, 35, 24, 0]"""
j10,1,reactive,60,False,inf,inf,inf,null,"[0, 4, 2, 6, 3, 1, 3, 2, 3, 1, 7, 77, 53, 27, 43, 58, 47, 36, 35, 24, 0]"
j10,1,stnu,60,False,inf,0.8236756324768066,inf,[],"""[0, 4, 2, 6, 3, 1, 1, 7, 3, 1, 3, 77, 53, 27, 43, 58, 47, 36, 35, 24, 0]"""
j10,1,proactive_quantile_0.9,60,False,inf,0.08274459838867188,inf,"[0, 0, 10, 0, 7, 9, 14, 20, 12, 21, 15, 0, 0, 0, 0, 0, 0, 0, 0, 0, 76]","""[0, 6, 5, 12, 2, 2, 7, 1, 1, 2, 8, 77, 53, 27, 43, 58, 47, 36, 35, 24, 0]"""
j10,1,reactive,60,False,inf,inf,inf,null,"[0, 6, 5, 12, 2, 2, 7, 1, 1, 2, 8, 77, 53, 27, 43, 58, 47, 36, 35, 24, 0]"
j10,1,stnu,60,False,inf,0.7821195125579834,inf,[],"""[0, 6, 4, 12, 2, 2, 1, 9, 1, 2, 7, 77, 53, 27, 43, 58, 47, 36, 35, 24, 0]"""
j10,1,proactive_quantile_0.9,60,False,inf,0.0806889533996582,inf,"[0, 0, 10, 0, 7, 9, 14, 20, 12, 21, 15, 0, 0, 0, 0, 0, 0, 0, 0, 0, 76]","""[0, 8, 2, 11, 3, 2, 2, 1, 3, 2, 7, 77, 53, 27, 43, 58, 47, 36, 35, 24, 0]"""
j10,1,reactive,60,False,inf,inf,inf,null,"[0, 8, 2, 11, 3, 2, 2, 1, 3, 2, 7, 77, 53, 27, 43, 58, 47, 36, 35, 24, 0]"
j10,1,stnu,60,False,inf,0.8338751792907715,inf,[],"""[0, 8, 5, 11, 3, 2, 2, 9, 3, 2, 8, 77, 53, 27, 43, 58, 47, 36, 35, 24, 0]"""
j10,1,proactive_quantile_0.9,60,False,inf,0.08196616172790527,inf,"[0, 0, 10, 0, 7, 9, 14, 20, 12, 21, 15, 0, 0, 0, 0, 0, 0, 0, 0, 0, 76]","""[0, 7, 3, 7, 2, 1, 2, 2, 2, 1, 6, 77, 53, 27, 43, 58, 47, 36, 35, 24, 0]"""
j10,1,reactive,60,False,inf,inf,inf,null,"[0, 7, 3, 7, 2, 1, 2, 2, 2, 1, 6, 77, 53, 27, 43, 58, 47, 36, 35, 24, 0]"
j10,1,stnu,60,False,inf,0.8363029956817627,inf,[],"""[0, 7, 6, 7, 2, 1, 1, 9, 2, 1, 3, 77, 53, 27, 43, 58, 47, 36, 35, 24, 0]"""
j10,1,proactive_quantile_0.9,60,False,inf,0.08024382591247559,inf,"[0, 0, 10, 0, 7, 9, 14, 20, 12, 21, 15, 0, 0, 0, 0, 0, 0, 0, 0, 0, 76]","""[0, 7, 2, 12, 2, 1, 7, 2, 1, 1, 9, 77, 53, 27, 43, 58, 47, 36, 35, 24, 0]"""
j10,1,reactive,60,False,inf,inf,inf,null,"[0, 7, 2, 12, 2, 1, 7, 2, 1, 1, 9, 77, 53, 27, 43, 58, 47, 36, 35, 24, 0]"
j10,1,stnu,60,False,inf,0.8260962963104248,inf,[],"""[0, 7, 5, 12, 2, 1, 2, 8, 1, 1, 6, 77, 53, 27, 43, 58, 47, 36, 35, 24, 0]"""
j10,1,proactive_quantile_0.9,60,False,inf,0.07967329025268555,inf,"[0, 0, 10, 0, 7, 9, 14, 20, 12, 21, 15, 0, 0, 0, 0, 0, 0, 0, 0, 0, 76]","""[0, 7, 5, 12, 3, 2, 5, 1, 1, 2, 8, 77, 53, 27, 43, 58, 47, 36, 35, 24, 0]"""
j10,1,reactive,60,False,inf,inf,inf,null,"[0, 7, 5, 12, 3, 2, 5, 1, 1, 2, 8, 77, 53, 27, 43, 58, 47, 36, 35, 24, 0]"
j10,1,stnu,60,False,inf,0.7965414524078369,inf,[],"""[0, 7, 4, 12, 3, 2, 1, 9, 1, 2, 3, 77, 53, 27, 43, 58, 47, 36, 35, 24, 0]"""
j10,1,proactive_quantile_0.9,60,False,inf,0.08469533920288086,inf,"[0, 0, 10, 0, 7, 9, 14, 20, 12, 21, 15, 0, 0, 0, 0, 0, 0, 0, 0, 0, 76]","""[0, 4, 4, 10, 3, 2, 6, 2, 1, 2, 9, 77, 53, 27, 43, 58, 47, 36, 35, 24, 0]"""
j10,1,reactive,60,False,inf,inf,inf,null,"[0, 4, 4, 10, 3, 2, 6, 2, 1, 2, 9, 77, 53, 27, 43, 58, 47, 36, 35, 24, 0]"
j10,1,stnu,60,False,inf,0.8003933429718018,inf,[],"""[0, 4, 2, 10, 3, 2, 1, 7, 1, 2, 8, 77, 53, 27, 43, 58, 47, 36, 35, 24, 0]"""
j10,1,proactive_quantile_0.9,60,False,inf,0.07889270782470703,inf,"[0, 0, 10, 0, 7, 9, 14, 20, 12, 21, 15, 0, 0, 0, 0, 0, 0, 0, 0, 0, 76]","""[0, 6, 5, 7, 1, 2, 3, 2, 3, 1, 9, 77, 53, 27, 43, 58, 47, 36, 35, 24, 0]"""
j10,1,reactive,60,False,inf,inf,inf,null,"[0, 6, 5, 7, 1, 2, 3, 2, 3, 1, 9, 77, 53, 27, 43, 58, 47, 36, 35, 24, 0]"
j10,1,stnu,60,False,inf,0.8067793846130371,inf,[],"""[0, 6, 3, 7, 1, 2, 2, 9, 3, 1, 6, 77, 53, 27, 43, 58, 47, 36, 35, 24, 0]"""
j10,1,proactive_quantile_0.9,60,False,inf,0.07902264595031738,inf,"[0, 0, 10, 0, 7, 9, 14, 20, 12, 21, 15, 0, 0, 0, 0, 0, 0, 0, 0, 0, 76]","""[0, 4, 4, 11, 1, 1, 5, 2, 1, 2, 5, 77, 53, 27, 43, 58, 47, 36, 35, 24, 0]"""
j10,1,reactive,60,False,inf,inf,inf,null,"[0, 4, 4, 11, 1, 1, 5, 2, 1, 2, 5, 77, 53, 27, 43, 58, 47, 36, 35, 24, 0]"
j10,1,stnu,60,False,inf,0.7984476089477539,inf,[],"""[0, 4, 2, 11, 1, 1, 1, 5, 1, 2, 3, 77, 53, 27, 43, 58, 47, 36, 35, 24, 0]"""
j10,1,proactive_quantile_0.9,60,False,inf,0.08107566833496094,inf,"[0, 0, 10, 0, 7, 9, 14, 20, 12, 21, 15, 0, 0, 0, 0, 0, 0, 0, 0, 0, 76]","""[0, 6, 5, 7, 2, 1, 5, 2, 3, 1, 8, 77, 53, 27, 43, 58, 47, 36, 35, 24, 0]"""
j10,1,reactive,60,False,inf,inf,inf,null,"[0, 6, 5, 7, 2, 1, 5, 2, 3, 1, 8, 77, 53, 27, 43, 58, 47, 36, 35, 24, 0]"
j10,1,stnu,60,False,inf,0.8552341461181641,inf,[],"""[0, 6, 4, 7, 2, 1, 9, 2, 9, 7, 7, 77, 53, 27, 43, 58, 47, 36, 35, 24, 0]"""
j10,1,proactive_quantile_0.9,60,False,inf,0.06440186500549316,inf,"[0, 0, 5, 0, 5, 6, 15, 20, 7, 12, 32, 0, 0, 0, 0, 0, 0, 0, 0, 0, 65]","""[0, 2, 6, 2, 1, 9, 2, 9, 4, 9, 4, 17, 32, 17, 59, 41, 56, 54, 66, 60, 0]"""
j10,1,reactive,60,False,inf,inf,inf,null,"[0, 2, 6, 2, 1, 9, 2, 9, 4, 9, 4, 17, 32, 17, 59, 41, 56, 54, 66, 60, 0]"
j10,1,stnu,60,True,30,0.8472065925598145,0.013665199279785156,"[0, 0, 2, 0, 2, 2, 11, 17, 3, 8, 26, 0, 0, 0, 0, 0, 0, 0, 0, 0, 30]","""[0, 2, 6, 2, 1, 9, 2, 9, 4, 9, 4, 17, 32, 17, 59, 41, 56, 54, 66, 60, 0]"""
j10,1,proactive_quantile_0.9,60,False,inf,0.06495881080627441,inf,"[0, 0, 5, 0, 5, 6, 15, 20, 7, 12, 32, 0, 0, 0, 0, 0, 0, 0, 0, 0, 65]","""[0, 5, 2, 5, 3, 5, 1, 13, 2, 9, 9, 17, 32, 17, 59, 41, 56, 54, 66, 60, 0]"""
j10,1,reactive,60,False,inf,inf,inf,null,"[0, 5, 2, 5, 3, 5, 1, 13, 2, 9, 9, 17, 32, 17, 59, 41, 56, 54, 66, 60, 0]"
j10,1,stnu,60,True,41,0.878664493560791,0.01366734504699707,"[0, 0, 5, 0, 5, 5, 10, 19, 8, 10, 32, 0, 0, 0, 0, 0, 0, 0, 0, 0, 41]","""[0, 5, 2, 5, 3, 5, 1, 13, 2, 9, 9, 17, 32, 17, 59, 41, 56, 54, 66, 60, 0]"""
j10,1,proactive_quantile_0.9,60,True,40,0.06308794021606445,0.0009667873382568359,"[0, 0, 5, 0, 5, 6, 15, 20, 7, 12, 32, 0, 0, 0, 0, 0, 0, 0, 0, 0, 65]","""[0, 4, 4, 4, 3, 10, 2, 10, 2, 7, 9, 17, 32, 17, 59, 41, 56, 54, 66, 60, 0]"""
j10,1,reactive,60,False,inf,inf,inf,null,"[0, 4, 4, 4, 3, 10, 2, 10, 2, 7, 9, 17, 32, 17, 59, 41, 56, 54, 66, 60, 0]"
j10,1,stnu,60,True,35,0.8706352710723877,0.01378631591796875,"[0, 0, 4, 0, 4, 4, 14, 16, 7, 9, 26, 0, 0, 0, 0, 0, 0, 0, 0, 0, 35]","""[0, 4, 4, 4, 3, 10, 2, 10, 2, 7, 9, 17, 32, 17, 59, 41, 56, 54, 66, 60, 0]"""
j10,1,proactive_quantile_0.9,60,True,40,0.0612335205078125,0.00091552734375,"[0, 0, 5, 0, 5, 6, 15, 20, 7, 12, 32, 0, 0, 0, 0, 0, 0, 0, 0, 0, 65]","""[0, 4, 6, 2, 1, 5, 1, 7, 5, 5, 4, 17, 32, 17, 59, 41, 56, 54, 66, 60, 0]"""
j10,1,reactive,60,True,36,0.0612335205078125,0.3953590393066406,"[0, 0, 5, 0, 5, 6, 15, 20, 7, 12, 32, 0, 0, 0, 0, 0, 0, 0, 0, 0, 36]","[0, 4, 6, 2, 1, 5, 1, 7, 5, 5, 4, 17, 32, 17, 59, 41, 56, 54, 66, 60, 0]"
j10,1,stnu,60,True,26,0.8497326374053955,0.013680458068847656,"[0, 0, 4, 0, 4, 2, 10, 15, 5, 10, 22, 0, 0, 0, 0, 0, 0, 0, 0, 0, 26]","""[0, 4, 6, 2, 1, 5, 1, 7, 5, 5, 4, 17, 32, 17, 59, 41, 56, 54, 66, 60, 0]"""
j10,1,proactive_quantile_0.9,60,False,inf,0.0627446174621582,inf,"[0, 0, 5, 0, 5, 6, 15, 20, 7, 12, 32, 0, 0, 0, 0, 0, 0, 0, 0, 0, 65]","""[0, 6, 6, 7, 3, 9, 2, 9, 4, 4, 9, 17, 32, 17, 59, 41, 56, 54, 66, 60, 0]"""
j10,1,reactive,60,False,inf,inf,inf,null,"[0, 6, 6, 7, 3, 9, 2, 9, 4, 4, 9, 17, 32, 17, 59, 41, 56, 54, 66, 60, 0]"
j10,1,stnu,60,True,36,0.8890883922576904,0.0136260986328125,"[0, 0, 6, 0, 6, 7, 16, 18, 9, 13, 27, 0, 0, 0, 0, 0, 0, 0, 0, 0, 36]","""[0, 6, 6, 7, 3, 9, 2, 9, 4, 4, 9, 17, 32, 17, 59, 41, 56, 54, 66, 60, 0]"""
j10,1,proactive_quantile_0.9,60,True,40,0.0668938159942627,0.0009965896606445312,"[0, 0, 5, 0, 5, 6, 15, 20, 7, 12, 32, 0, 0, 0, 0, 0, 0, 0, 0, 0, 65]","""[0, 3, 5, 5, 1, 5, 2, 8, 4, 5, 7, 17, 32, 17, 59, 41, 56, 54, 66, 60, 0]"""
j10,1,reactive,60,True,39,0.0668938159942627,0.24231457710266113,"[0, 0, 5, 0, 5, 6, 15, 20, 7, 12, 32, 0, 0, 0, 0, 0, 0, 0, 0, 0, 39]","[0, 3, 5, 5, 1, 5, 2, 8, 4, 5, 7, 17, 32, 17, 59, 41, 56, 54, 66, 60, 0]"
j10,1,stnu,60,True,29,0.8510677814483643,0.014019250869750977,"[0, 0, 3, 0, 3, 5, 10, 14, 5, 9, 22, 0, 0, 0, 0, 0, 0, 0, 0, 0, 29]","""[0, 3, 5, 5, 1, 5, 2, 8, 4, 5, 7, 17, 32, 17, 59, 41, 56, 54, 66, 60, 0]"""
j10,1,proactive_quantile_0.9,60,True,40,0.0646359920501709,0.0009834766387939453,"[0, 0, 5, 0, 5, 6, 15, 20, 7, 12, 32, 0, 0, 0, 0, 0, 0, 0, 0, 0, 65]","""[0, 3, 5, 5, 3, 6, 2, 8, 3, 8, 6, 17, 32, 17, 59, 41, 56, 54, 66, 60, 0]"""
j10,1,reactive,60,False,inf,inf,inf,null,"[0, 3, 5, 5, 3, 6, 2, 8, 3, 8, 6, 17, 32, 17, 59, 41, 56, 54, 66, 60, 0]"
j10,1,stnu,60,True,31,1.6978940963745117,0.013679265975952148,"[0, 0, 3, 0, 3, 5, 11, 17, 6, 9, 25, 0, 0, 0, 0, 0, 0, 0, 0, 0, 31]","""[0, 3, 5, 5, 3, 6, 2, 8, 3, 8, 6, 17, 32, 17, 59, 41, 56, 54, 66, 60, 0]"""
j10,1,proactive_quantile_0.9,60,False,inf,0.06533145904541016,inf,"[0, 0, 5, 0, 5, 6, 15, 20, 7, 12, 32, 0, 0, 0, 0, 0, 0, 0, 0, 0, 65]","""[0, 5, 5, 7, 1, 10, 2, 7, 6, 6, 5, 17, 32, 17, 59, 41, 56, 54, 66, 60, 0]"""
j10,1,reactive,60,False,inf,inf,inf,null,"[0, 5, 5, 7, 1, 10, 2, 7, 6, 6, 5, 17, 32, 17, 59, 41, 56, 54, 66, 60, 0]"
j10,1,stnu,60,True,31,1.1164095401763916,0.013494014739990234,"[0, 0, 5, 0, 5, 7, 17, 19, 7, 13, 26, 0, 0, 0, 0, 0, 0, 0, 0, 0, 31]","""[0, 5, 5, 7, 1, 10, 2, 7, 6, 6, 5, 17, 32, 17, 59, 41, 56, 54, 66, 60, 0]"""
j10,1,proactive_quantile_0.9,60,True,40,0.21799445152282715,0.0009474754333496094,"[0, 0, 5, 0, 5, 6, 15, 20, 7, 12, 32, 0, 0, 0, 0, 0, 0, 0, 0, 0, 65]","""[0, 5, 2, 4, 2, 10, 1, 7, 2, 4, 4, 17, 32, 17, 59, 41, 56, 54, 66, 60, 0]"""
j10,1,reactive,60,False,inf,inf,inf,null,"[0, 5, 2, 4, 2, 10, 1, 7, 2, 4, 4, 17, 32, 17, 59, 41, 56, 54, 66, 60, 0]"
j10,1,stnu,60,True,26,1.574256181716919,0.013670921325683594,"[0, 0, 5, 0, 5, 4, 14, 15, 7, 9, 22, 0, 0, 0, 0, 0, 0, 0, 0, 0, 26]","""[0, 5, 2, 4, 2, 10, 1, 7, 2, 4, 4, 17, 32, 17, 59, 41, 56, 54, 66, 60, 0]"""
j10,1,proactive_quantile_0.9,60,False,inf,0.06296157836914062,inf,"[0, 0, 5, 0, 5, 6, 15, 20, 7, 12, 32, 0, 0, 0, 0, 0, 0, 0, 0, 0, 65]","""[0, 2, 2, 7, 3, 5, 1, 7, 2, 9, 6, 17, 32, 17, 59, 41, 56, 54, 66, 60, 0]"""
j10,1,reactive,60,False,inf,inf,inf,null,"[0, 2, 2, 7, 3, 5, 1, 7, 2, 9, 6, 17, 32, 17, 59, 41, 56, 54, 66, 60, 0]"
j10,1,stnu,60,True,31,0.812690019607544,0.013669967651367188,"[0, 0, 2, 0, 2, 7, 12, 18, 7, 9, 25, 0, 0, 0, 0, 0, 0, 0, 0, 0, 31]","""[0, 2, 2, 7, 3, 5, 1, 7, 2, 9, 6, 17, 32, 17, 59, 41, 56, 54, 66, 60, 0]"""
j10,1,proactive_quantile_0.9,60,True,25,0.05722928047180176,0.0005462169647216797,"[0, 0, 0, 0, 6, 6, 11, 11, 11, 17, 17, 0, 0, 0, 0, 0, 44]","""[0, 9, 1, 3, 4, 5, 1, 7, 1, 6, 4, 35, 42, 42, 45, 22, 0]"""
j10,1,reactive,60,False,inf,inf,inf,null,"[0, 9, 1, 3, 4, 5, 1, 7, 1, 6, 4, 35, 42, 42, 45, 22, 0]"
j10,1,stnu,60,False,inf,0.7822146415710449,inf,[],"""[0, 9, 1, 3, 4, 5, 7, 7, 1, 6, 4, 35, 42, 42, 45, 22, 0]"""
j10,1,proactive_quantile_0.9,60,True,25,0.05893588066101074,0.0005071163177490234,"[0, 0, 0, 0, 6, 6, 11, 11, 11, 17, 17, 0, 0, 0, 0, 0, 44]","""[0, 7, 1, 2, 4, 2, 2, 4, 1, 5, 1, 35, 42, 42, 45, 22, 0]"""
j10,1,reactive,60,True,22,0.05893588066101074,0.17751359939575195,"[0, 0, 0, 0, 6, 6, 11, 11, 11, 17, 17, 0, 0, 0, 0, 0, 22]","[0, 7, 1, 2, 4, 2, 2, 4, 1, 5, 1, 35, 42, 42, 45, 22, 0]"
j10,1,stnu,60,False,inf,0.7421166896820068,inf,[],"""[0, 7, 1, 2, 4, 2, 5, 4, 1, 5, 1, 35, 42, 42, 45, 22, 0]"""
j10,1,proactive_quantile_0.9,60,True,25,0.05539870262145996,0.0005402565002441406,"[0, 0, 0, 0, 6, 6, 11, 11, 11, 17, 17, 0, 0, 0, 0, 0, 44]","""[0, 11, 1, 5, 5, 5, 2, 6, 1, 7, 2, 35, 42, 42, 45, 22, 0]"""
j10,1,reactive,60,True,24,0.05539870262145996,0.10333108901977539,"[0, 0, 0, 0, 6, 6, 11, 11, 11, 17, 17, 0, 0, 0, 0, 0, 24]","[0, 11, 1, 5, 5, 5, 2, 6, 1, 7, 2, 35, 42, 42, 45, 22, 0]"
j10,1,stnu,60,False,inf,0.7495479583740234,inf,[],"""[0, 11, 1, 5, 5, 5, 8, 6, 1, 7, 2, 35, 42, 42, 45, 22, 0]"""
j10,1,proactive_quantile_0.9,60,True,16,0.06321859359741211,0.0005211830139160156,"[0, 0, 0, 0, 6, 6, 9, 9, 9, 12, 13, 0, 0, 0, 0, 0, 44]","""[0, 8, 2, 7, 3, 1, 2, 3, 1, 1, 2, 35, 42, 42, 45, 22, 0]"""
j10,1,reactive,60,False,inf,inf,inf,null,"[0, 8, 2, 7, 3, 1, 2, 3, 1, 1, 2, 35, 42, 42, 45, 22, 0]"
j10,1,stnu,60,False,inf,0.755983829498291,inf,[],"""[0, 6, 1, 7, 4, 4, 7, 6, 1, 8, 2, 35, 42, 42, 45, 22, 0]"""
j10,1,proactive_quantile_0.9,60,False,inf,0.06455373764038086,inf,"[0, 0, 0, 0, 6, 6, 11, 11, 11, 17, 17, 0, 0, 0, 0, 0, 44]","""[0, 12, 4, 2, 4, 4, 1, 2, 1, 5, 4, 35, 42, 42, 45, 22, 0]"""
j10,1,reactive,60,False,inf,inf,inf,null,"[0, 12, 4, 2, 4, 4, 1, 2, 1, 5, 4, 35, 42, 42, 45, 22, 0]"
j10,1,stnu,60,False,inf,0.7412395477294922,inf,[],"""[0, 12, 4, 2, 4, 4, 4, 2, 1, 5, 4, 35, 42, 42, 45, 22, 0]"""
j10,1,proactive_quantile_0.9,60,True,25,0.06079220771789551,0.0005347728729248047,"[0, 0, 0, 0, 6, 6, 11, 11, 11, 17, 17, 0, 0, 0, 0, 0, 44]","""[0, 10, 1, 4, 3, 4, 1, 4, 2, 5, 3, 35, 42, 42, 45, 22, 0]"""
j10,1,reactive,60,True,22,0.06079220771789551,0.19788384437561035,"[0, 0, 0, 0, 6, 6, 11, 11, 11, 17, 17, 0, 0, 0, 0, 0, 22]","[0, 10, 1, 4, 3, 4, 1, 4, 2, 5, 3, 35, 42, 42, 45, 22, 0]"
j10,1,stnu,60,False,inf,0.7491228580474854,inf,[],"""[0, 10, 1, 4, 3, 4, 8, 4, 2, 5, 3, 35, 42, 42, 45, 22, 0]"""
j10,1,proactive_quantile_0.9,60,True,25,0.058743953704833984,0.0005397796630859375,"[0, 0, 0, 0, 6, 6, 11, 11, 11, 17, 17, 0, 0, 0, 0, 0, 44]","""[0, 11, 1, 4, 4, 2, 3, 6, 1, 9, 2, 35, 42, 42, 45, 22, 0]"""
j10,1,reactive,60,True,26,0.058743953704833984,0.16470122337341309,"[0, 0, 0, 0, 6, 6, 11, 11, 11, 17, 17, 0, 0, 0, 0, 0, 26]","[0, 11, 1, 4, 4, 2, 3, 6, 1, 9, 2, 35, 42, 42, 45, 22, 0]"
j10,1,stnu,60,False,inf,0.7543103694915771,inf,[],"""[0, 11, 1, 4, 4, 2, 9, 6, 1, 9, 2, 35, 42, 42, 45, 22, 0]"""
j10,1,proactive_quantile_0.9,60,True,25,0.05784273147583008,0.0005486011505126953,"[0, 0, 0, 0, 6, 6, 11, 11, 11, 17, 17, 0, 0, 0, 0, 0, 44]","""[0, 9, 2, 2, 6, 5, 2, 7, 1, 9, 4, 35, 42, 42, 45, 22, 0]"""
j10,1,reactive,60,False,inf,inf,inf,null,"[0, 9, 2, 2, 6, 5, 2, 7, 1, 9, 4, 35, 42, 42, 45, 22, 0]"
j10,1,stnu,60,False,inf,0.7409672737121582,inf,[],"""[0, 9, 2, 2, 6, 5, 8, 7, 1, 9, 4, 35, 42, 42, 45, 22, 0]"""
j10,1,proactive_quantile_0.9,60,False,inf,0.05842947959899902,inf,"[0, 0, 0, 0, 6, 6, 11, 11, 11, 17, 17, 0, 0, 0, 0, 0, 44]","""[0, 10, 3, 7, 2, 6, 3, 3, 1, 9, 2, 35, 42, 42, 45, 22, 0]"""
j10,1,reactive,60,False,inf,inf,inf,null,"[0, 10, 3, 7, 2, 6, 3, 3, 1, 9, 2, 35, 42, 42, 45, 22, 0]"
j10,1,stnu,60,False,inf,0.7462873458862305,inf,[],"""[0, 10, 3, 7, 2, 6, 7, 3, 1, 9, 2, 35, 42, 42, 45, 22, 0]"""
j10,1,proactive_quantile_0.9,60,True,25,0.05752372741699219,0.0005390644073486328,"[0, 0, 0, 0, 6, 6, 11, 11, 11, 17, 17, 0, 0, 0, 0, 0, 44]","""[0, 9, 4, 2, 4, 5, 3, 4, 1, 4, 1, 35, 42, 42, 45, 22, 0]"""
j10,1,reactive,60,True,21,0.05752372741699219,0.17505955696105957,"[0, 0, 0, 0, 6, 6, 11, 11, 11, 17, 17, 0, 0, 0, 0, 0, 21]","[0, 9, 4, 2, 4, 5, 3, 4, 1, 4, 1, 35, 42, 42, 45, 22, 0]"
j10,1,stnu,60,False,inf,0.7461884021759033,inf,[],"""[0, 9, 4, 2, 4, 5, 8, 4, 1, 4, 1, 35, 42, 42, 45, 22, 0]"""
j10,1,stnu,60,False,inf,0.7618043422698975,inf,[],"""[0, 7, 2, 1, 3, 7, 3, 9, 3, 1, 5, 56, 56, 46, 36, 70, 7, 69, 77, 74, 0]"""
j10,1,stnu,60,False,inf,0.7745885848999023,inf,[],"""[0, 8, 2, 4, 2, 7, 1, 9, 5, 2, 3, 56, 56, 46, 36, 70, 7, 69, 77, 74, 0]"""
j10,1,stnu,60,False,inf,0.7730202674865723,inf,[],"""[0, 4, 2, 3, 2, 8, 2, 9, 4, 1, 5, 56, 56, 46, 36, 70, 7, 69, 77, 74, 0]"""
j10,1,stnu,60,False,inf,0.8720362186431885,inf,[],"""[0, 4, 2, 3, 2, 11, 3, 5, 2, 2, 3, 56, 56, 46, 36, 70, 7, 69, 77, 74, 0]"""
j10,1,stnu,60,False,inf,0.7760262489318848,inf,[],"""[0, 5, 2, 3, 2, 10, 2, 9, 3, 2, 2, 56, 56, 46, 36, 70, 7, 69, 77, 74, 0]"""
j10,1,stnu,60,False,inf,0.7814550399780273,inf,[],"""[0, 7, 1, 2, 2, 6, 2, 4, 4, 2, 2, 56, 56, 46, 36, 70, 7, 69, 77, 74, 0]"""
j10,1,stnu,60,False,inf,0.7814302444458008,inf,[],"""[0, 6, 2, 2, 3, 8, 2, 7, 3, 2, 6, 56, 56, 46, 36, 70, 7, 69, 77, 74, 0]"""
j10,1,stnu,60,False,inf,0.7839183807373047,inf,[],"""[0, 3, 2, 3, 2, 11, 1, 5, 3, 2, 2, 56, 56, 46, 36, 70, 7, 69, 77, 74, 0]"""
j10,1,stnu,60,False,inf,0.78778076171875,inf,[],"""[0, 5, 1, 1, 1, 6, 2, 5, 5, 1, 5, 56, 56, 46, 36, 70, 7, 69, 77, 74, 0]"""
j10,1,stnu,60,False,inf,0.7650671005249023,inf,[],"""[0, 3, 1, 2, 3, 10, 2, 7, 5, 1, 2, 56, 56, 46, 36, 70, 7, 69, 77, 74, 0]"""
j10,1,proactive_quantile_0.9,60,False,inf,0.06235837936401367,inf,"[0, 0, 5, 0, 7, 22, 7, 28, 15, 13, 35, 0, 0, 70]","""[0, 8, 8, 6, 2, 5, 4, 3, 7, 7, 2, 48, 71, 0]"""
j10,1,reactive,60,False,inf,inf,inf,null,"[0, 8, 8, 6, 2, 5, 4, 3, 7, 7, 2, 48, 71, 0]"
j10,1,stnu,60,True,29,0.7943484783172607,0.006222963333129883,"[0, 0, 6, 0, 8, 19, 8, 24, 12, 10, 27, 0, 0, 29]","""[0, 8, 8, 6, 2, 5, 4, 3, 7, 7, 2, 48, 71, 0]"""
j10,1,proactive_quantile_0.9,60,True,38,0.05901694297790527,0.00043129920959472656,"[0, 0, 5, 0, 7, 22, 7, 28, 15, 13, 35, 0, 0, 70]","""[0, 6, 10, 2, 2, 4, 6, 6, 6, 8, 2, 48, 71, 0]"""
j10,1,reactive,60,True,37,0.05901694297790527,0.17056584358215332,"[0, 0, 5, 0, 7, 22, 7, 28, 15, 13, 35, 0, 0, 37]","[0, 6, 10, 2, 2, 4, 6, 6, 6, 8, 2, 48, 71, 0]"
j10,1,stnu,60,True,30,0.7643272876739502,0.006139993667602539,"[0, 0, 2, 0, 6, 18, 6, 22, 12, 8, 28, 0, 0, 30]","""[0, 6, 10, 2, 2, 4, 6, 6, 6, 8, 2, 48, 71, 0]"""
j10,1,proactive_quantile_0.9,60,False,inf,0.058312416076660156,inf,"[0, 0, 5, 0, 7, 22, 7, 28, 15, 13, 35, 0, 0, 70]","""[0, 8, 7, 3, 3, 4, 4, 3, 8, 5, 2, 48, 71, 0]"""
j10,1,reactive,60,False,inf,inf,inf,null,"[0, 8, 7, 3, 3, 4, 4, 3, 8, 5, 2, 48, 71, 0]"
j10,1,stnu,60,True,29,0.9435317516326904,0.00626683235168457,"[0, 0, 3, 0, 8, 20, 8, 24, 12, 11, 27, 0, 0, 29]","""[0, 8, 7, 3, 3, 4, 4, 3, 8, 5, 2, 48, 71, 0]"""
j10,1,proactive_quantile_0.9,60,True,38,0.05924487113952637,0.00043511390686035156,"[0, 0, 5, 0, 7, 22, 7, 28, 15, 13, 35, 0, 0, 70]","""[0, 3, 10, 3, 2, 5, 8, 7, 7, 7, 4, 48, 71, 0]"""
j10,1,reactive,60,True,39,0.05924487113952637,0.16234207153320312,"[0, 0, 5, 0, 7, 22, 7, 28, 15, 13, 35, 0, 0, 39]","[0, 3, 10, 3, 2, 5, 8, 7, 7, 7, 4, 48, 71, 0]"
j10,1,stnu,60,True,34,0.7800979614257812,0.006161928176879883,"[0, 0, 3, 0, 3, 18, 3, 23, 11, 5, 30, 0, 0, 34]","""[0, 3, 10, 3, 2, 5, 8, 7, 7, 7, 4, 48, 71, 0]"""
j10,1,proactive_quantile_0.9,60,True,38,0.06145787239074707,0.0004451274871826172,"[0, 0, 5, 0, 7, 22, 7, 28, 15, 13, 35, 0, 0, 70]","""[0, 6, 12, 5, 3, 4, 7, 3, 6, 7, 3, 48, 71, 0]"""
j10,1,reactive,60,True,38,0.06145787239074707,0.13720917701721191,"[0, 0, 5, 0, 7, 22, 7, 28, 15, 13, 35, 0, 0, 38]","[0, 6, 12, 5, 3, 4, 7, 3, 6, 7, 3, 48, 71, 0]"
j10,1,stnu,60,True,29,0.7875461578369141,0.006171703338623047,"[0, 0, 5, 0, 6, 19, 6, 23, 13, 9, 26, 0, 0, 29]","""[0, 6, 12, 5, 3, 4, 7, 3, 6, 7, 3, 48, 71, 0]"""
j10,1,proactive_quantile_0.9,60,False,inf,0.05968904495239258,inf,"[0, 0, 5, 0, 7, 22, 7, 28, 15, 13, 35, 0, 0, 70]","""[0, 8, 9, 6, 3, 5, 7, 4, 7, 5, 1, 48, 71, 0]"""
j10,1,reactive,60,False,inf,inf,inf,null,"[0, 8, 9, 6, 3, 5, 7, 4, 7, 5, 1, 48, 71, 0]"
j10,1,stnu,60,True,32,0.7723755836486816,0.006159543991088867,"[0, 0, 6, 0, 8, 22, 8, 27, 15, 11, 31, 0, 0, 32]","""[0, 8, 9, 6, 3, 5, 7, 4, 7, 5, 1, 48, 71, 0]"""
j10,1,proactive_quantile_0.9,60,True,38,0.06562089920043945,0.0004220008850097656,"[0, 0, 5, 0, 7, 22, 7, 28, 15, 13, 35, 0, 0, 70]","""[0, 3, 11, 4, 2, 4, 6, 3, 3, 9, 3, 48, 71, 0]"""
j10,1,reactive,60,True,38,0.06562089920043945,0.15684032440185547,"[0, 0, 5, 0, 7, 22, 7, 28, 15, 13, 35, 0, 0, 38]","[0, 3, 11, 4, 2, 4, 6, 3, 3, 9, 3, 48, 71, 0]"
j10,1,stnu,60,True,25,0.7787423133850098,0.006218910217285156,"[0, 0, 4, 0, 3, 15, 4, 19, 10, 5, 22, 0, 0, 25]","""[0, 3, 11, 4, 2, 4, 6, 3, 3, 9, 3, 48, 71, 0]"""
j10,1,proactive_quantile_0.9,60,True,38,0.05921745300292969,0.00044608116149902344,"[0, 0, 5, 0, 7, 22, 7, 28, 15, 13, 35, 0, 0, 70]","""[0, 4, 9, 2, 5, 7, 7, 6, 7, 9, 4, 48, 71, 0]"""
j10,1,reactive,60,False,inf,inf,inf,null,"[0, 4, 9, 2, 5, 7, 7, 6, 7, 9, 4, 48, 71, 0]"
j10,1,stnu,60,True,35,0.7847099304199219,0.006090402603149414,"[0, 0, 2, 0, 4, 18, 4, 25, 11, 9, 31, 0, 0, 35]","""[0, 4, 9, 2, 5, 7, 7, 6, 7, 9, 4, 48, 71, 0]"""
j10,1,proactive_quantile_0.9,60,True,38,0.06060528755187988,0.0004394054412841797,"[0, 0, 5, 0, 7, 22, 7, 28, 15, 13, 35, 0, 0, 70]","""[0, 3, 8, 4, 5, 4, 7, 4, 3, 7, 3, 48, 71, 0]"""
j10,1,reactive,60,True,38,0.06060528755187988,0.18666625022888184,"[0, 0, 5, 0, 7, 22, 7, 28, 15, 13, 35, 0, 0, 38]","[0, 3, 8, 4, 5, 4, 7, 4, 3, 7, 3, 48, 71, 0]"
j10,1,stnu,60,True,26,0.7476944923400879,0.006237030029296875,"[0, 0, 4, 0, 3, 15, 4, 19, 11, 8, 23, 0, 0, 26]","""[0, 3, 8, 4, 5, 4, 7, 4, 3, 7, 3, 48, 71, 0]"""
j10,1,proactive_quantile_0.9,60,True,38,0.06018519401550293,0.00043702125549316406,"[0, 0, 5, 0, 7, 22, 7, 28, 15, 13, 35, 0, 0, 70]","""[0, 3, 8, 5, 6, 7, 8, 6, 4, 10, 1, 48, 71, 0]"""
j10,1,reactive,60,False,inf,inf,inf,null,"[0, 3, 8, 5, 6, 7, 8, 6, 4, 10, 1, 48, 71, 0]"
j10,1,stnu,60,True,33,0.952850341796875,0.006264925003051758,"[0, 0, 5, 0, 3, 19, 5, 26, 13, 9, 32, 0, 0, 33]","""[0, 3, 8, 5, 6, 7, 8, 6, 4, 10, 1, 48, 71, 0]"""
j10,1,proactive_quantile_0.9,60,False,inf,0.05851411819458008,inf,"[0, 0, 0, 0, 9, 10, 18, 20, 23, 28, 18, 0, 39]","""[0, 10, 6, 4, 1, 4, 3, 8, 2, 9, 5, 18, 0]"""
j10,1,reactive,60,False,inf,inf,inf,null,"[0, 10, 6, 4, 1, 4, 3, 8, 2, 9, 5, 18, 0]"
j10,1,stnu,60,True,35,0.7988719940185547,0.005490779876708984,"[0, 0, 0, 0, 10, 11, 15, 18, 20, 26, 15, 0, 35]","""[0, 10, 6, 4, 1, 4, 3, 8, 2, 9, 5, 18, 0]"""
j10,1,proactive_quantile_0.9,60,False,inf,0.06101393699645996,inf,"[0, 0, 0, 0, 9, 10, 18, 20, 23, 28, 18, 0, 39]","""[0, 10, 6, 3, 2, 8, 1, 8, 1, 7, 6, 18, 0]"""
j10,1,reactive,60,False,inf,inf,inf,null,"[0, 10, 6, 3, 2, 8, 1, 8, 1, 7, 6, 18, 0]"
j10,1,stnu,60,True,36,0.9326529502868652,0.005491971969604492,"[0, 0, 0, 0, 10, 12, 20, 21, 26, 29, 20, 0, 36]","""[0, 10, 6, 3, 2, 8, 1, 8, 1, 7, 6, 18, 0]"""
j10,1,proactive_quantile_0.9,60,True,39,0.057660818099975586,0.0002224445343017578,"[0, 0, 0, 0, 9, 10, 18, 20, 23, 28, 18, 0, 39]","""[0, 6, 6, 4, 2, 4, 3, 6, 1, 11, 2, 18, 0]"""
j10,1,reactive,60,False,inf,inf,inf,null,"[0, 6, 6, 4, 2, 4, 3, 6, 1, 11, 2, 18, 0]"
j10,1,stnu,60,True,32,0.7897794246673584,0.00560760498046875,"[0, 0, 0, 0, 6, 8, 12, 15, 15, 21, 12, 0, 32]","""[0, 6, 6, 4, 2, 4, 3, 6, 1, 11, 2, 18, 0]"""
j10,1,proactive_quantile_0.9,60,False,inf,0.05981087684631348,inf,"[0, 0, 0, 0, 9, 10, 18, 20, 23, 28, 18, 0, 39]","""[0, 8, 5, 2, 2, 9, 2, 5, 2, 8, 6, 18, 0]"""
j10,1,reactive,60,False,inf,inf,inf,null,"[0, 8, 5, 2, 2, 9, 2, 5, 2, 8, 6, 18, 0]"
j10,1,stnu,60,True,35,0.7671098709106445,0.0055811405181884766,"[0, 0, 0, 0, 8, 10, 19, 21, 25, 27, 19, 0, 35]","""[0, 8, 5, 2, 2, 9, 2, 5, 2, 8, 6, 18, 0]"""
j10,1,proactive_quantile_0.9,60,True,39,0.05993199348449707,0.0002129077911376953,"[0, 0, 0, 0, 9, 10, 18, 20, 23, 28, 18, 0, 39]","""[0, 5, 6, 1, 2, 4, 1, 9, 2, 8, 5, 18, 0]"""
j10,1,reactive,60,False,inf,inf,inf,null,"[0, 5, 6, 1, 2, 4, 1, 9, 2, 8, 5, 18, 0]"
j10,1,stnu,60,True,30,0.7660365104675293,0.005629062652587891,"[0, 0, 0, 0, 6, 8, 12, 13, 17, 22, 12, 0, 30]","""[0, 5, 6, 1, 2, 4, 1, 9, 2, 8, 5, 18, 0]"""
j10,1,proactive_quantile_0.9,60,True,39,0.057598114013671875,0.00022029876708984375,"[0, 0, 0, 0, 9, 10, 18, 20, 23, 28, 18, 0, 39]","""[0, 9, 6, 3, 2, 5, 2, 5, 2, 11, 5, 18, 0]"""
j10,1,reactive,60,False,inf,inf,inf,null,"[0, 9, 6, 3, 2, 5, 2, 5, 2, 11, 5, 18, 0]"
j10,1,stnu,60,True,34,0.7683453559875488,0.005472660064697266,"[0, 0, 0, 0, 9, 11, 16, 18, 21, 23, 16, 0, 34]","""[0, 9, 6, 3, 2, 5, 2, 5, 2, 11, 5, 18, 0]"""
j10,1,proactive_quantile_0.9,60,True,39,0.05921030044555664,0.00024771690368652344,"[0, 0, 0, 0, 9, 10, 18, 20, 23, 28, 18, 0, 39]","""[0, 8, 9, 3, 1, 6, 2, 5, 2, 8, 5, 18, 0]"""
j10,1,reactive,60,True,36,0.05921030044555664,0.12975788116455078,"[0, 0, 0, 0, 9, 10, 18, 20, 23, 28, 18, 0, 36]","[0, 8, 9, 3, 1, 6, 2, 5, 2, 8, 5, 18, 0]"
j10,1,stnu,60,True,31,0.7679576873779297,0.005512714385986328,"[0, 0, 0, 0, 9, 10, 16, 18, 21, 23, 16, 0, 31]","""[0, 8, 9, 3, 1, 6, 2, 5, 2, 8, 5, 18, 0]"""
j10,1,proactive_quantile_0.9,60,True,39,0.05794978141784668,0.0002281665802001953,"[0, 0, 0, 0, 9, 10, 18, 20, 23, 28, 18, 0, 39]","""[0, 5, 4, 2, 2, 8, 2, 6, 3, 8, 3, 18, 0]"""
j10,1,reactive,60,False,inf,inf,inf,null,"[0, 5, 4, 2, 2, 8, 2, 6, 3, 8, 3, 18, 0]"
j10,1,stnu,60,True,31,0.7722795009613037,0.005548715591430664,"[0, 0, 0, 0, 5, 7, 15, 17, 18, 23, 15, 0, 31]","""[0, 5, 4, 2, 2, 8, 2, 6, 3, 8, 3, 18, 0]"""
j10,1,proactive_quantile_0.9,60,True,39,0.05676627159118652,0.00022411346435546875,"[0, 0, 0, 0, 9, 10, 18, 20, 23, 28, 18, 0, 39]","""[0, 6, 5, 4, 1, 4, 2, 6, 3, 11, 5, 18, 0]"""
j10,1,reactive,60,True,37,0.05676627159118652,0.24279451370239258,"[0, 0, 0, 0, 9, 10, 18, 20, 23, 26, 18, 0, 37]","[0, 6, 5, 4, 1, 4, 2, 6, 3, 11, 5, 18, 0]"
j10,1,stnu,60,True,30,0.7786333560943604,0.005555868148803711,"[0, 0, 0, 0, 6, 7, 11, 13, 16, 19, 11, 0, 30]","""[0, 6, 5, 4, 1, 4, 2, 6, 3, 11, 5, 18, 0]"""
j10,1,proactive_quantile_0.9,60,False,inf,0.05674433708190918,inf,"[0, 0, 0, 0, 9, 10, 18, 20, 23, 28, 18, 0, 39]","""[0, 10, 5, 3, 2, 4, 3, 4, 2, 7, 5, 18, 0]"""
j10,1,reactive,60,False,inf,inf,inf,null,"[0, 10, 5, 3, 2, 4, 3, 4, 2, 7, 5, 18, 0]"
j10,1,stnu,60,True,30,0.7510857582092285,0.005522966384887695,"[0, 0, 0, 0, 10, 12, 16, 19, 21, 23, 16, 0, 30]","""[0, 10, 5, 3, 2, 4, 3, 4, 2, 7, 5, 18, 0]"""
j10,1,proactive_quantile_0.9,60,True,26,0.09261298179626465,0.0006532669067382812,"[0, 0, 0, 0, 7, 2, 8, 12, 17, 17, 12, 0, 0, 0, 0, 0, 0, 0, 0, 55]","""[0, 6, 1, 4, 3, 6, 1, 3, 4, 7, 2, 26, 44, 17, 28, 11, 56, 36, 26, 0]"""
j10,1,reactive,60,True,24,0.09261298179626465,0.21571135520935059,"[0, 0, 0, 0, 7, 2, 8, 12, 17, 17, 12, 0, 0, 0, 0, 0, 0, 0, 0, 24]","[0, 6, 1, 4, 3, 6, 1, 3, 4, 7, 2, 26, 44, 17, 28, 11, 56, 36, 26, 0]"
j10,1,stnu,60,True,20,0.9822161197662354,0.012082815170288086,"[0, 0, 0, 0, 7, 1, 7, 10, 13, 13, 10, 0, 0, 0, 0, 0, 0, 0, 0, 20]","""[0, 6, 1, 4, 3, 6, 1, 3, 4, 7, 2, 26, 44, 17, 28, 11, 56, 36, 26, 0]"""
j10,1,proactive_quantile_0.9,60,False,inf,0.058686017990112305,inf,"[0, 0, 0, 0, 7, 2, 8, 12, 17, 17, 12, 0, 0, 0, 0, 0, 0, 0, 0, 55]","""[0, 8, 1, 8, 6, 2, 2, 2, 5, 8, 2, 26, 44, 17, 28, 11, 56, 36, 26, 0]"""
j10,1,reactive,60,False,inf,inf,inf,null,"[0, 8, 1, 8, 6, 2, 2, 2, 5, 8, 2, 26, 44, 17, 28, 11, 56, 36, 26, 0]"
j10,1,stnu,60,True,24,0.8108797073364258,0.012143135070800781,"[0, 0, 0, 0, 8, 1, 8, 14, 16, 16, 14, 0, 0, 0, 0, 0, 0, 0, 0, 24]","""[0, 8, 1, 8, 6, 2, 2, 2, 5, 8, 2, 26, 44, 17, 28, 11, 56, 36, 26, 0]"""
j10,1,proactive_quantile_0.9,60,True,26,0.06450009346008301,0.0006809234619140625,"[0, 0, 0, 0, 7, 2, 8, 12, 17, 17, 12, 0, 0, 0, 0, 0, 0, 0, 0, 55]","""[0, 8, 3, 4, 2, 4, 2, 2, 8, 9, 1, 26, 44, 17, 28, 11, 56, 36, 26, 0]"""
j10,1,reactive,60,False,inf,inf,inf,null,"[0, 8, 3, 4, 2, 4, 2, 2, 8, 9, 1, 26, 44, 17, 28, 11, 56, 36, 26, 0]"
j10,1,stnu,60,True,21,0.9683871269226074,0.01204681396484375,"[0, 0, 0, 0, 7, 3, 8, 10, 12, 12, 10, 0, 0, 0, 0, 0, 0, 0, 0, 21]","""[0, 8, 3, 4, 2, 4, 2, 2, 8, 9, 1, 26, 44, 17, 28, 11, 56, 36, 26, 0]"""
j10,1,proactive_quantile_0.9,60,False,inf,0.06039857864379883,inf,"[0, 0, 0, 0, 7, 2, 8, 12, 17, 17, 12, 0, 0, 0, 0, 0, 0, 0, 0, 55]","""[0, 9, 1, 8, 2, 5, 2, 4, 3, 6, 2, 26, 44, 17, 28, 11, 56, 36, 26, 0]"""
j10,1,reactive,60,False,inf,inf,inf,null,"[0, 9, 1, 8, 2, 5, 2, 4, 3, 6, 2, 26, 44, 17, 28, 11, 56, 36, 26, 0]"
j10,1,stnu,60,True,21,0.8341884613037109,0.012101888656616211,"[0, 0, 0, 0, 8, 1, 9, 11, 15, 15, 11, 0, 0, 0, 0, 0, 0, 0, 0, 21]","""[0, 9, 1, 8, 2, 5, 2, 4, 3, 6, 2, 26, 44, 17, 28, 11, 56, 36, 26, 0]"""
j10,1,proactive_quantile_0.9,60,True,26,0.0645744800567627,0.0006597042083740234,"[0, 0, 0, 0, 7, 2, 8, 12, 17, 17, 12, 0, 0, 0, 0, 0, 0, 0, 0, 55]","""[0, 5, 1, 8, 6, 5, 2, 4, 4, 7, 2, 26, 44, 17, 28, 11, 56, 36, 26, 0]"""
j10,1,reactive,60,False,inf,inf,inf,null,"[0, 5, 1, 8, 6, 5, 2, 4, 4, 7, 2, 26, 44, 17, 28, 11, 56, 36, 26, 0]"
j10,1,stnu,60,True,25,0.8252222537994385,0.011994600296020508,"[0, 0, 0, 0, 8, 1, 6, 14, 18, 18, 14, 0, 0, 0, 0, 0, 0, 0, 0, 25]","""[0, 5, 1, 8, 6, 5, 2, 4, 4, 7, 2, 26, 44, 17, 28, 11, 56, 36, 26, 0]"""
j10,1,proactive_quantile_0.9,60,True,26,0.06184840202331543,0.0006532669067382812,"[0, 0, 0, 0, 7, 2, 8, 12, 17, 17, 12, 0, 0, 0, 0, 0, 0, 0, 0, 55]","""[0, 8, 2, 7, 3, 5, 1, 4, 5, 6, 1, 26, 44, 17, 28, 11, 56, 36, 26, 0]"""
j10,1,reactive,60,True,23,0.06184840202331543,0.15040922164916992,"[0, 0, 0, 0, 7, 2, 8, 12, 17, 17, 12, 0, 0, 0, 0, 0, 0, 0, 0, 23]","[0, 8, 2, 7, 3, 5, 1, 4, 5, 6, 1, 26, 44, 17, 28, 11, 56, 36, 26, 0]"
j10,1,stnu,60,True,20,0.8381762504577637,0.012071847915649414,"[0, 0, 0, 0, 7, 2, 8, 10, 14, 14, 10, 0, 0, 0, 0, 0, 0, 0, 0, 20]","""[0, 8, 2, 7, 3, 5, 1, 4, 5, 6, 1, 26, 44, 17, 28, 11, 56, 36, 26, 0]"""
j10,1,proactive_quantile_0.9,60,True,26,0.06145501136779785,0.0006721019744873047,"[0, 0, 0, 0, 7, 2, 8, 12, 17, 17, 12, 0, 0, 0, 0, 0, 0, 0, 0, 55]","""[0, 4, 3, 3, 6, 3, 2, 4, 5, 8, 3, 26, 44, 17, 28, 11, 56, 36, 26, 0]"""
j10,1,reactive,60,False,inf,inf,inf,null,"[0, 4, 3, 3, 6, 3, 2, 4, 5, 8, 3, 26, 44, 17, 28, 11, 56, 36, 26, 0]"
j10,1,stnu,60,True,24,0.8218159675598145,0.012014150619506836,"[0, 0, 0, 0, 6, 3, 6, 12, 16, 16, 12, 0, 0, 0, 0, 0, 0, 0, 0, 24]","""[0, 4, 3, 3, 6, 3, 2, 4, 5, 8, 3, 26, 44, 17, 28, 11, 56, 36, 26, 0]"""
j10,1,proactive_quantile_0.9,60,False,inf,0.06202554702758789,inf,"[0, 0, 0, 0, 7, 2, 8, 12, 17, 17, 12, 0, 0, 0, 0, 0, 0, 0, 0, 55]","""[0, 9, 2, 8, 4, 3, 2, 3, 8, 8, 1, 26, 44, 17, 28, 11, 56, 36, 26, 0]"""
j10,1,reactive,60,False,inf,inf,inf,null,"[0, 9, 2, 8, 4, 3, 2, 3, 8, 8, 1, 26, 44, 17, 28, 11, 56, 36, 26, 0]"
j10,1,stnu,60,True,23,0.8289909362792969,0.012253046035766602,"[0, 0, 0, 0, 8, 2, 9, 12, 15, 15, 12, 0, 0, 0, 0, 0, 0, 0, 0, 23]","""[0, 9, 2, 8, 4, 3, 2, 3, 8, 8, 1, 26, 44, 17, 28, 11, 56, 36, 26, 0]"""
j10,1,proactive_quantile_0.9,60,False,inf,0.0682823657989502,inf,"[0, 0, 0, 0, 7, 2, 8, 12, 17, 17, 12, 0, 0, 0, 0, 0, 0, 0, 0, 55]","""[0, 8, 2, 8, 2, 2, 1, 6, 4, 10, 2, 26, 44, 17, 28, 11, 56, 36, 26, 0]"""
j10,1,reactive,60,False,inf,inf,inf,null,"[0, 8, 2, 8, 2, 2, 1, 6, 4, 10, 2, 26, 44, 17, 28, 11, 56, 36, 26, 0]"
j10,1,stnu,60,True,26,0.8327631950378418,0.01202249526977539,"[0, 0, 0, 0, 8, 2, 8, 10, 16, 16, 10, 0, 0, 0, 0, 0, 0, 0, 0, 26]","""[0, 8, 2, 8, 2, 2, 1, 6, 4, 10, 2, 26, 44, 17, 28, 11, 56, 36, 26, 0]"""
j10,1,proactive_quantile_0.9,60,False,inf,0.06321239471435547,inf,"[0, 0, 0, 0, 7, 2, 8, 12, 17, 17, 12, 0, 0, 0, 0, 0, 0, 0, 0, 55]","""[0, 5, 2, 8, 5, 6, 1, 6, 8, 10, 3, 26, 44, 17, 28, 11, 56, 36, 26, 0]"""
j10,1,reactive,60,False,inf,inf,inf,null,"[0, 5, 2, 8, 5, 6, 1, 6, 8, 10, 3, 26, 44, 17, 28, 11, 56, 36, 26, 0]"
j10,1,stnu,60,True,29,0.9821796417236328,0.012037992477416992,"[0, 0, 0, 0, 8, 2, 8, 13, 19, 19, 13, 0, 0, 0, 0, 0, 0, 0, 0, 29]","""[0, 5, 2, 8, 5, 6, 1, 6, 8, 10, 3, 26, 44, 17, 28, 11, 56, 36, 26, 0]"""
j10,1,proactive_quantile_0.9,60,True,40,0.06348752975463867,0.00032973289489746094,"[0, 0, 22, 0, 24, 36, 11, 11, 39, 24, 37, 0, 0, 40]","""[0, 4, 1, 9, 8, 1, 7, 4, 2, 7, 2, 41, 26, 0]"""
j10,1,reactive,60,True,37,0.06348752975463867,0.23864340782165527,"[0, 0, 22, 0, 24, 32, 11, 11, 33, 24, 35, 0, 0, 37]","[0, 4, 1, 9, 8, 1, 7, 4, 2, 7, 2, 41, 26, 0]"
j10,1,stnu,60,True,30,0.8111810684204102,0.00654149055480957,"[0, 0, 16, 0, 17, 25, 9, 9, 28, 17, 26, 0, 0, 30]","""[0, 4, 1, 9, 8, 1, 7, 4, 2, 7, 2, 41, 26, 0]"""
j10,1,proactive_quantile_0.9,60,False,inf,0.06293773651123047,inf,"[0, 0, 22, 0, 24, 36, 11, 11, 39, 24, 37, 0, 0, 40]","""[0, 1, 2, 12, 11, 1, 8, 2, 2, 7, 3, 41, 26, 0]"""
j10,1,reactive,60,False,inf,inf,inf,null,"[0, 1, 2, 12, 11, 1, 8, 2, 2, 7, 3, 41, 26, 0]"
j10,1,stnu,60,True,39,0.9603621959686279,0.0065000057220458984,"[0, 0, 20, 0, 22, 33, 12, 12, 37, 22, 34, 0, 0, 39]","""[0, 1, 2, 12, 11, 1, 8, 2, 2, 7, 3, 41, 26, 0]"""
j10,1,proactive_quantile_0.9,60,False,inf,0.07123947143554688,inf,"[0, 0, 2, 0, 4, 11, 11, 3, 26, 18, 16, 0, 0, 40]","""[0, 4, 2, 2, 7, 13, 3, 5, 1, 9, 2, 41, 26, 0]"""
j10,1,reactive,60,False,inf,inf,inf,null,"[0, 4, 2, 2, 7, 13, 3, 5, 1, 9, 2, 41, 26, 0]"
j10,1,stnu,60,True,41,0.8114967346191406,0.0066335201263427734,"[0, 0, 23, 0, 25, 36, 11, 11, 40, 25, 38, 0, 0, 41]","""[0, 3, 2, 11, 11, 2, 12, 5, 1, 7, 2, 41, 26, 0]"""
j10,1,proactive_quantile_0.9,60,False,inf,0.06475424766540527,inf,"[0, 0, 22, 0, 24, 36, 11, 11, 39, 24, 37, 0, 0, 40]","""[0, 2, 3, 12, 10, 2, 7, 4, 2, 9, 1, 41, 26, 0]"""
j10,1,reactive,60,False,inf,inf,inf,null,"[0, 2, 3, 12, 10, 2, 7, 4, 2, 9, 1, 41, 26, 0]"
j10,1,stnu,60,True,37,0.9589829444885254,0.006633281707763672,"[0, 0, 19, 0, 22, 32, 12, 12, 35, 22, 34, 0, 0, 37]","""[0, 2, 3, 12, 10, 2, 7, 4, 2, 9, 1, 41, 26, 0]"""
j10,1,proactive_quantile_0.9,60,True,40,0.06478357315063477,0.00033593177795410156,"[0, 0, 22, 0, 24, 36, 11, 11, 39, 24, 37, 0, 0, 40]","""[0, 2, 1, 10, 11, 1, 10, 6, 2, 4, 1, 41, 26, 0]"""
j10,1,reactive,60,True,41,0.06478357315063477,0.21007728576660156,"[0, 0, 22, 0, 24, 36, 11, 11, 39, 24, 37, 0, 0, 41]","[0, 2, 1, 10, 11, 1, 10, 6, 2, 4, 1, 41, 26, 0]"
j10,1,stnu,60,True,36,0.8053100109100342,0.006665229797363281,"[0, 0, 20, 0, 21, 32, 10, 10, 34, 21, 33, 0, 0, 36]","""[0, 2, 1, 10, 11, 1, 10, 6, 2, 4, 1, 41, 26, 0]"""
j10,1,proactive_quantile_0.9,60,False,inf,0.06455254554748535,inf,"[0, 0, 22, 0, 24, 36, 11, 11, 39, 24, 37, 0, 0, 40]","""[0, 2, 3, 9, 7, 1, 7, 5, 2, 6, 2, 41, 26, 0]"""
j10,1,reactive,60,False,inf,inf,inf,null,"[0, 2, 3, 9, 7, 1, 7, 5, 2, 6, 2, 41, 26, 0]"
j10,1,stnu,60,True,31,0.963808536529541,0.006453514099121094,"[0, 0, 16, 0, 19, 26, 9, 9, 29, 19, 27, 0, 0, 31]","""[0, 2, 3, 9, 7, 1, 7, 5, 2, 6, 2, 41, 26, 0]"""
j10,1,proactive_quantile_0.9,60,True,40,0.06304502487182617,0.00033020973205566406,"[0, 0, 22, 0, 24, 36, 11, 11, 39, 24, 37, 0, 0, 40]","""[0, 3, 2, 7, 8, 1, 10, 6, 1, 8, 1, 41, 26, 0]"""
j10,1,reactive,60,True,35,0.06304502487182617,0.11559653282165527,"[0, 0, 22, 0, 24, 32, 11, 11, 33, 24, 34, 0, 0, 35]","[0, 3, 2, 7, 8, 1, 10, 6, 1, 8, 1, 41, 26, 0]"
j10,1,stnu,60,True,30,0.7988755702972412,0.0065877437591552734,"[0, 0, 17, 0, 19, 27, 7, 7, 29, 19, 28, 0, 0, 30]","""[0, 3, 2, 7, 8, 1, 10, 6, 1, 8, 1, 41, 26, 0]"""
j10,1,proactive_quantile_0.9,60,False,inf,0.06541013717651367,inf,"[0, 0, 22, 0, 24, 36, 11, 11, 39, 24, 37, 0, 0, 40]","""[0, 3, 1, 10, 13, 1, 10, 6, 1, 6, 3, 41, 26, 0]"""
j10,1,reactive,60,False,inf,inf,inf,null,"[0, 3, 1, 10, 13, 1, 10, 6, 1, 6, 3, 41, 26, 0]"
j10,1,stnu,60,True,39,0.9614417552947998,0.006704092025756836,"[0, 0, 20, 0, 21, 34, 10, 10, 38, 21, 35, 0, 0, 39]","""[0, 3, 1, 10, 13, 1, 10, 6, 1, 6, 3, 41, 26, 0]"""
j10,1,proactive_quantile_0.9,60,False,inf,0.06384134292602539,inf,"[0, 0, 22, 0, 24, 36, 11, 11, 39, 24, 37, 0, 0, 40]","""[0, 2, 2, 12, 11, 1, 11, 2, 1, 4, 1, 41, 26, 0]"""
j10,1,reactive,60,False,inf,inf,inf,null,"[0, 2, 2, 12, 11, 1, 11, 2, 1, 4, 1, 41, 26, 0]"
j10,1,stnu,60,True,39,0.7799158096313477,0.0067288875579833984,"[0, 0, 23, 0, 25, 36, 12, 12, 38, 25, 37, 0, 0, 39]","""[0, 2, 2, 12, 11, 1, 11, 2, 1, 4, 1, 41, 26, 0]"""
j10,1,proactive_quantile_0.9,60,False,inf,0.06250596046447754,inf,"[0, 0, 22, 0, 24, 36, 11, 11, 39, 24, 37, 0, 0, 40]","""[0, 1, 2, 11, 7, 2, 6, 4, 1, 8, 1, 41, 26, 0]"""
j10,1,reactive,60,True,36,0.06250596046447754,0.16727495193481445,"[0, 0, 22, 0, 24, 32, 11, 11, 34, 24, 35, 0, 0, 36]","[0, 1, 2, 11, 7, 2, 6, 4, 1, 8, 1, 41, 26, 0]"
j10,1,stnu,60,True,23,0.8010399341583252,0.006424903869628906,"[0, 0, 3, 0, 5, 13, 13, 4, 22, 16, 15, 0, 0, 23]","""[0, 4, 2, 3, 8, 6, 2, 4, 1, 6, 1, 41, 26, 0]"""
j10,1,proactive_quantile_0.9,60,True,24,0.05742692947387695,0.0009903907775878906,"[0, 0, 0, 0, 5, 6, 12, 5, 9, 12, 17, 0, 0, 0, 0, 0, 0, 0, 0, 90]","""[0, 1, 5, 8, 1, 5, 5, 3, 10, 7, 5, 60, 84, 77, 34, 27, 12, 91, 22, 0]"""
j10,1,reactive,60,True,22,0.05742692947387695,0.15514874458312988,"[0, 0, 0, 0, 5, 6, 12, 5, 9, 12, 17, 0, 0, 0, 0, 0, 0, 0, 0, 22]","[0, 1, 5, 8, 1, 5, 5, 3, 10, 7, 5, 60, 84, 77, 34, 27, 12, 91, 22, 0]"
j10,1,stnu,60,False,inf,0.7923386096954346,inf,[],"""[0, 1, 5, 8, 1, 5, 5, 3, 10, 7, 5, 60, 84, 77, 34, 27, 12, 91, 22, 0]"""
j10,1,proactive_quantile_0.9,60,False,inf,0.0584104061126709,inf,"[0, 0, 0, 0, 5, 6, 12, 5, 9, 12, 17, 0, 0, 0, 0, 0, 0, 0, 0, 90]","""[0, 4, 2, 10, 1, 7, 2, 3, 7, 7, 3, 60, 84, 77, 34, 27, 12, 91, 22, 0]"""
j10,1,reactive,60,False,inf,inf,inf,null,"[0, 4, 2, 10, 1, 7, 2, 3, 7, 7, 3, 60, 84, 77, 34, 27, 12, 91, 22, 0]"
j10,1,stnu,60,False,inf,0.7897119522094727,inf,[],"""[0, 4, 2, 10, 1, 7, 2, 3, 7, 7, 3, 60, 84, 77, 34, 27, 12, 91, 22, 0]"""
j10,1,proactive_quantile_0.9,60,True,24,0.0586545467376709,0.0009729862213134766,"[0, 0, 0, 0, 5, 6, 12, 5, 9, 12, 17, 0, 0, 0, 0, 0, 0, 0, 0, 90]","""[0, 3, 4, 7, 1, 2, 3, 4, 7, 7, 5, 60, 84, 77, 34, 27, 12, 91, 22, 0]"""
j10,1,reactive,60,True,22,0.0586545467376709,0.17732882499694824,"[0, 0, 0, 0, 5, 6, 12, 5, 9, 12, 17, 0, 0, 0, 0, 0, 0, 0, 0, 22]","[0, 3, 4, 7, 1, 2, 3, 4, 7, 7, 5, 60, 84, 77, 34, 27, 12, 91, 22, 0]"
j10,1,stnu,60,False,inf,0.7681360244750977,inf,[],"""[0, 3, 4, 7, 1, 2, 3, 4, 7, 7, 5, 60, 84, 77, 34, 27, 12, 91, 22, 0]"""
j10,1,proactive_quantile_0.9,60,False,inf,0.06326103210449219,inf,"[0, 0, 0, 0, 5, 6, 12, 5, 9, 12, 17, 0, 0, 0, 0, 0, 0, 0, 0, 90]","""[0, 1, 4, 8, 2, 6, 5, 4, 10, 9, 5, 60, 84, 77, 34, 27, 12, 91, 22, 0]"""
j10,1,reactive,60,False,inf,inf,inf,null,"[0, 1, 4, 8, 2, 6, 5, 4, 10, 9, 5, 60, 84, 77, 34, 27, 12, 91, 22, 0]"
j10,1,stnu,60,False,inf,0.8306126594543457,inf,[],"""[0, 1, 4, 8, 2, 6, 5, 4, 10, 9, 5, 60, 84, 77, 34, 27, 12, 91, 22, 0]"""
j10,1,proactive_quantile_0.9,60,True,24,0.06350469589233398,0.000988006591796875,"[0, 0, 0, 0, 5, 6, 12, 5, 9, 12, 17, 0, 0, 0, 0, 0, 0, 0, 0, 90]","""[0, 3, 3, 8, 1, 3, 4, 4, 6, 8, 6, 60, 84, 77, 34, 27, 12, 91, 22, 0]"""
j10,1,reactive,60,True,23,0.06350469589233398,0.1569230556488037,"[0, 0, 0, 0, 5, 6, 12, 5, 9, 12, 17, 0, 0, 0, 0, 0, 0, 0, 0, 23]","[0, 3, 3, 8, 1, 3, 4, 4, 6, 8, 6, 60, 84, 77, 34, 27, 12, 91, 22, 0]"
j10,1,stnu,60,False,inf,0.8006138801574707,inf,[],"""[0, 3, 3, 8, 1, 3, 4, 4, 6, 8, 6, 60, 84, 77, 34, 27, 12, 91, 22, 0]"""
j10,1,proactive_quantile_0.9,60,False,inf,0.05955815315246582,inf,"[0, 0, 0, 0, 5, 6, 12, 5, 9, 12, 17, 0, 0, 0, 0, 0, 0, 0, 0, 90]","""[0, 1, 4, 5, 2, 3, 4, 6, 6, 7, 3, 60, 84, 77, 34, 27, 12, 91, 22, 0]"""
j10,1,reactive,60,False,inf,inf,inf,null,"[0, 1, 4, 5, 2, 3, 4, 6, 6, 7, 3, 60, 84, 77, 34, 27, 12, 91, 22, 0]"
j10,1,stnu,60,False,inf,0.774205207824707,inf,[],"""[0, 1, 4, 5, 2, 3, 4, 6, 6, 7, 3, 60, 84, 77, 34, 27, 12, 91, 22, 0]"""
j10,1,proactive_quantile_0.9,60,False,inf,0.060883522033691406,inf,"[0, 0, 0, 0, 5, 6, 12, 5, 9, 12, 17, 0, 0, 0, 0, 0, 0, 0, 0, 90]","""[0, 1, 2, 5, 2, 6, 2, 2, 10, 9, 5, 60, 84, 77, 34, 27, 12, 91, 22, 0]"""
j10,1,reactive,60,False,inf,inf,inf,null,"[0, 1, 2, 5, 2, 6, 2, 2, 10, 9, 5, 60, 84, 77, 34, 27, 12, 91, 22, 0]"
j10,1,stnu,60,False,inf,0.9102349281311035,inf,[],"""[0, 1, 2, 5, 2, 6, 2, 2, 10, 9, 5, 60, 84, 77, 34, 27, 12, 91, 22, 0]"""
j10,1,proactive_quantile_0.9,60,False,inf,0.06136274337768555,inf,"[0, 0, 0, 0, 5, 6, 12, 5, 9, 12, 17, 0, 0, 0, 0, 0, 0, 0, 0, 90]","""[0, 1, 5, 7, 2, 7, 3, 7, 6, 8, 8, 60, 84, 77, 34, 27, 12, 91, 22, 0]"""
j10,1,reactive,60,False,inf,inf,inf,null,"[0, 1, 5, 7, 2, 7, 3, 7, 6, 8, 8, 60, 84, 77, 34, 27, 12, 91, 22, 0]"
j10,1,stnu,60,False,inf,0.7789695262908936,inf,[],"""[0, 1, 5, 7, 2, 7, 3, 7, 6, 8, 8, 60, 84, 77, 34, 27, 12, 91, 22, 0]"""
j10,1,proactive_quantile_0.9,60,True,24,0.0664968490600586,0.0009946823120117188,"[0, 0, 0, 0, 5, 6, 12, 5, 9, 12, 17, 0, 0, 0, 0, 0, 0, 0, 0, 90]","""[0, 3, 4, 6, 1, 3, 5, 7, 5, 8, 8, 60, 84, 77, 34, 27, 12, 91, 22, 0]"""
j10,1,reactive,60,True,25,0.0664968490600586,0.15975046157836914,"[0, 0, 0, 0, 5, 6, 12, 5, 9, 12, 17, 0, 0, 0, 0, 0, 0, 0, 0, 25]","[0, 3, 4, 6, 1, 3, 5, 7, 5, 8, 8, 60, 84, 77, 34, 27, 12, 91, 22, 0]"
j10,1,stnu,60,False,inf,0.7734503746032715,inf,[],"""[0, 3, 4, 6, 1, 3, 5, 7, 5, 8, 8, 60, 84, 77, 34, 27, 12, 91, 22, 0]"""
j10,1,proactive_quantile_0.9,60,True,24,0.062020063400268555,0.0009927749633789062,"[0, 0, 0, 0, 5, 6, 12, 5, 9, 12, 17, 0, 0, 0, 0, 0, 0, 0, 0, 90]","""[0, 4, 5, 10, 1, 6, 3, 5, 6, 6, 5, 60, 84, 77, 34, 27, 12, 91, 22, 0]"""
j10,1,reactive,60,False,inf,inf,inf,null,"[0, 4, 5, 10, 1, 6, 3, 5, 6, 6, 5, 60, 84, 77, 34, 27, 12, 91, 22, 0]"
j10,1,stnu,60,False,inf,0.7755277156829834,inf,[],"""[0, 4, 5, 10, 1, 6, 3, 5, 6, 6, 5, 60, 84, 77, 34, 27, 12, 91, 22, 0]"""
j10,1,proactive_quantile_0.9,60,False,inf,0.0626516342163086,inf,"[0, 0, 3, 0, 7, 15, 9, 17, 15, 24, 24, 0, 0, 0, 80]","""[0, 4, 4, 4, 6, 1, 3, 7, 1, 1, 12, 68, 81, 40, 0]"""
j10,1,reactive,60,False,inf,inf,inf,null,"[0, 4, 4, 4, 6, 1, 3, 7, 1, 1, 12, 68, 81, 40, 0]"
j10,1,stnu,60,False,inf,0.7870409488677979,inf,[],"""[0, 4, 4, 4, 6, 1, 3, 7, 1, 1, 12, 68, 81, 40, 0]"""
j10,1,proactive_quantile_0.9,60,True,35,0.059454917907714844,0.0004982948303222656,"[0, 0, 3, 0, 7, 15, 9, 17, 15, 24, 24, 0, 0, 0, 80]","""[0, 2, 4, 5, 4, 1, 5, 5, 2, 4, 7, 68, 81, 40, 0]"""
j10,1,reactive,60,True,31,0.059454917907714844,0.18387627601623535,"[0, 0, 3, 0, 7, 15, 9, 17, 15, 24, 24, 0, 0, 0, 31]","[0, 2, 4, 5, 4, 1, 5, 5, 2, 4, 7, 68, 81, 40, 0]"
j10,1,stnu,60,False,inf,0.7497591972351074,inf,[],"""[0, 2, 4, 5, 4, 1, 5, 5, 2, 4, 7, 68, 81, 40, 0]"""
j10,1,proactive_quantile_0.9,60,True,35,0.06122279167175293,0.0005409717559814453,"[0, 0, 3, 0, 7, 15, 9, 17, 15, 24, 24, 0, 0, 0, 80]","""[0, 3, 2, 4, 5, 3, 4, 7, 2, 4, 6, 68, 81, 40, 0]"""
j10,1,reactive,60,False,inf,inf,inf,null,"[0, 3, 2, 4, 5, 3, 4, 7, 2, 4, 6, 68, 81, 40, 0]"
j10,1,stnu,60,False,inf,0.7720308303833008,inf,[],"""[0, 3, 2, 4, 5, 3, 4, 7, 2, 4, 6, 68, 81, 40, 0]"""
j10,1,proactive_quantile_0.9,60,False,inf,0.06056690216064453,inf,"[0, 0, 3, 0, 7, 15, 9, 17, 15, 24, 24, 0, 0, 0, 80]","""[0, 4, 3, 3, 8, 3, 7, 3, 2, 1, 8, 68, 81, 40, 0]"""
j10,1,reactive,60,False,inf,inf,inf,null,"[0, 4, 3, 3, 8, 3, 7, 3, 2, 1, 8, 68, 81, 40, 0]"
j10,1,stnu,60,False,inf,0.7545866966247559,inf,[],"""[0, 4, 3, 3, 8, 3, 7, 3, 2, 1, 8, 68, 81, 40, 0]"""
j10,1,proactive_quantile_0.9,60,True,35,0.06010007858276367,0.0005218982696533203,"[0, 0, 3, 0, 7, 15, 9, 17, 15, 24, 24, 0, 0, 0, 80]","""[0, 1, 3, 3, 4, 2, 2, 7, 2, 2, 10, 68, 81, 40, 0]"""
j10,1,reactive,60,True,34,0.06010007858276367,0.1516416072845459,"[0, 0, 3, 0, 7, 15, 9, 17, 15, 24, 24, 0, 0, 0, 34]","[0, 1, 3, 3, 4, 2, 2, 7, 2, 2, 10, 68, 81, 40, 0]"
j10,1,stnu,60,False,inf,0.7757735252380371,inf,[],"""[0, 1, 3, 3, 4, 2, 2, 7, 2, 2, 10, 68, 81, 40, 0]"""
j10,1,proactive_quantile_0.9,60,False,inf,0.06335878372192383,inf,"[0, 0, 3, 0, 7, 15, 9, 17, 15, 24, 24, 0, 0, 0, 80]","""[0, 3, 7, 6, 9, 3, 2, 3, 1, 2, 9, 68, 81, 40, 0]"""
j10,1,reactive,60,False,inf,inf,inf,null,"[0, 3, 7, 6, 9, 3, 2, 3, 1, 2, 9, 68, 81, 40, 0]"
j10,1,stnu,60,False,inf,0.7578020095825195,inf,[],"""[0, 3, 7, 6, 9, 3, 2, 3, 1, 2, 9, 68, 81, 40, 0]"""
j10,1,proactive_quantile_0.9,60,False,inf,0.05722761154174805,inf,"[0, 0, 3, 0, 7, 15, 9, 17, 15, 24, 24, 0, 0, 0, 80]","""[0, 2, 7, 8, 6, 2, 3, 8, 1, 2, 7, 68, 81, 40, 0]"""
j10,1,reactive,60,False,inf,inf,inf,null,"[0, 2, 7, 8, 6, 2, 3, 8, 1, 2, 7, 68, 81, 40, 0]"
j10,1,stnu,60,False,inf,0.7639684677124023,inf,[],"""[0, 2, 7, 8, 6, 2, 3, 8, 1, 2, 7, 68, 81, 40, 0]"""
j10,1,proactive_quantile_0.9,60,False,inf,0.060597896575927734,inf,"[0, 0, 3, 0, 7, 15, 9, 17, 15, 24, 24, 0, 0, 0, 80]","""[0, 1, 7, 6, 4, 3, 2, 3, 2, 3, 11, 68, 81, 40, 0]"""
j10,1,reactive,60,False,inf,inf,inf,null,"[0, 1, 7, 6, 4, 3, 2, 3, 2, 3, 11, 68, 81, 40, 0]"
j10,1,stnu,60,False,inf,0.7631433010101318,inf,[],"""[0, 1, 7, 6, 4, 3, 2, 3, 2, 3, 11, 68, 81, 40, 0]"""
j10,1,proactive_quantile_0.9,60,True,35,0.06078386306762695,0.0005505084991455078,"[0, 0, 3, 0, 7, 15, 9, 17, 15, 24, 24, 0, 0, 0, 80]","""[0, 4, 3, 3, 6, 1, 5, 3, 2, 3, 11, 68, 81, 40, 0]"""
j10,1,reactive,60,True,35,0.06078386306762695,0.16125178337097168,"[0, 0, 3, 0, 7, 15, 9, 17, 15, 24, 24, 0, 0, 0, 35]","[0, 4, 3, 3, 6, 1, 5, 3, 2, 3, 11, 68, 81, 40, 0]"
j10,1,stnu,60,False,inf,0.7597951889038086,inf,[],"""[0, 4, 3, 3, 6, 1, 5, 3, 2, 3, 11, 68, 81, 40, 0]"""
j10,1,proactive_quantile_0.9,60,True,35,0.06296014785766602,0.0005602836608886719,"[0, 0, 3, 0, 7, 15, 9, 17, 15, 24, 24, 0, 0, 0, 80]","""[0, 4, 2, 3, 5, 1, 2, 7, 1, 1, 8, 68, 81, 40, 0]"""
j10,1,reactive,60,True,32,0.06296014785766602,0.1915900707244873,"[0, 0, 3, 0, 7, 15, 9, 17, 15, 24, 24, 0, 0, 0, 32]","[0, 4, 2, 3, 5, 1, 2, 7, 1, 1, 8, 68, 81, 40, 0]"
j10,1,stnu,60,False,inf,0.7590107917785645,inf,[],"""[0, 4, 2, 3, 5, 1, 2, 7, 1, 1, 8, 68, 81, 40, 0]"""
j10,1,proactive_quantile_0.9,60,False,inf,0.06333041191101074,inf,"[0, 0, 0, 0, 20, 6, 9, 20, 29, 29, 27, 0, 51]","""[0, 2, 9, 4, 8, 4, 11, 4, 2, 3, 12, 52, 0]"""
j10,1,reactive,60,False,inf,inf,inf,null,"[0, 2, 9, 4, 8, 4, 11, 4, 2, 3, 12, 52, 0]"
j10,1,stnu,60,True,35,0.7956259250640869,0.005369901657104492,"[0, 0, 0, 0, 19, 4, 8, 19, 27, 27, 23, 0, 35]","""[0, 2, 9, 4, 8, 4, 11, 4, 2, 3, 12, 52, 0]"""
j10,1,proactive_quantile_0.9,60,False,inf,0.05746722221374512,inf,"[0, 0, 0, 0, 20, 6, 9, 20, 29, 29, 27, 0, 51]","""[0, 5, 10, 4, 9, 4, 10, 7, 2, 2, 9, 52, 0]"""
j10,1,reactive,60,False,inf,inf,inf,null,"[0, 5, 10, 4, 9, 4, 10, 7, 2, 2, 9, 52, 0]"
j10,1,stnu,60,True,35,0.7783052921295166,0.0052373409271240234,"[0, 0, 0, 0, 19, 5, 9, 19, 28, 28, 26, 0, 35]","""[0, 5, 10, 4, 9, 4, 10, 7, 2, 2, 9, 52, 0]"""
j10,1,proactive_quantile_0.9,60,False,inf,0.06419038772583008,inf,"[0, 0, 0, 0, 20, 6, 9, 20, 29, 29, 27, 0, 51]","""[0, 6, 11, 2, 10, 4, 10, 6, 4, 2, 12, 52, 0]"""
j10,1,reactive,60,False,inf,inf,inf,null,"[0, 6, 11, 2, 10, 4, 10, 6, 4, 2, 12, 52, 0]"
j10,1,stnu,60,True,38,0.7730143070220947,0.00538182258605957,"[0, 0, 0, 0, 20, 6, 10, 20, 30, 30, 26, 0, 38]","""[0, 6, 11, 2, 10, 4, 10, 6, 4, 2, 12, 52, 0]"""
j10,1,proactive_quantile_0.9,60,False,inf,0.058298587799072266,inf,"[0, 0, 0, 0, 20, 6, 9, 20, 29, 29, 27, 0, 51]","""[0, 6, 12, 5, 6, 4, 7, 7, 1, 2, 6, 52, 0]"""
j10,1,reactive,60,False,inf,inf,inf,null,"[0, 6, 12, 5, 6, 4, 7, 7, 1, 2, 6, 52, 0]"
j10,1,stnu,60,True,30,0.7811813354492188,0.005372524261474609,"[0, 0, 0, 0, 17, 6, 10, 17, 24, 24, 24, 0, 30]","""[0, 6, 12, 5, 6, 4, 7, 7, 1, 2, 6, 52, 0]"""
j10,1,proactive_quantile_0.9,60,False,inf,0.05823516845703125,inf,"[0, 0, 0, 0, 20, 6, 9, 20, 29, 29, 27, 0, 51]","""[0, 2, 10, 7, 6, 2, 10, 4, 1, 4, 7, 52, 0]"""
j10,1,reactive,60,False,inf,inf,inf,null,"[0, 2, 10, 7, 6, 2, 10, 4, 1, 4, 7, 52, 0]"
j10,1,stnu,60,True,30,0.7928204536437988,0.005426645278930664,"[0, 0, 0, 0, 19, 7, 9, 19, 25, 25, 23, 0, 30]","""[0, 2, 10, 7, 6, 2, 10, 4, 1, 4, 7, 52, 0]"""
j10,1,proactive_quantile_0.9,60,False,inf,0.06160330772399902,inf,"[0, 0, 0, 0, 20, 6, 9, 20, 29, 29, 27, 0, 51]","""[0, 3, 12, 7, 9, 4, 10, 7, 2, 3, 12, 52, 0]"""
j10,1,reactive,60,False,inf,inf,inf,null,"[0, 3, 12, 7, 9, 4, 10, 7, 2, 3, 12, 52, 0]"
j10,1,stnu,60,True,40,0.7906146049499512,0.005262851715087891,"[0, 0, 0, 0, 21, 7, 11, 21, 30, 30, 28, 0, 40]","""[0, 3, 12, 7, 9, 4, 10, 7, 2, 3, 12, 52, 0]"""
j10,1,proactive_quantile_0.9,60,False,inf,0.059084415435791016,inf,"[0, 0, 0, 0, 20, 6, 9, 20, 29, 29, 27, 0, 51]","""[0, 4, 7, 3, 7, 2, 12, 8, 1, 6, 9, 52, 0]"""
j10,1,reactive,60,False,inf,inf,inf,null,"[0, 4, 7, 3, 7, 2, 12, 8, 1, 6, 9, 52, 0]"
j10,1,stnu,60,True,35,1.1090962886810303,0.005380868911743164,"[0, 0, 0, 0, 18, 4, 6, 18, 26, 26, 26, 0, 35]","""[0, 4, 7, 3, 7, 2, 12, 8, 1, 6, 9, 52, 0]"""
j10,1,proactive_quantile_0.9,60,False,inf,0.06015586853027344,inf,"[0, 0, 0, 0, 20, 6, 9, 20, 29, 29, 27, 0, 51]","""[0, 3, 11, 7, 7, 1, 10, 5, 1, 4, 10, 52, 0]"""
j10,1,reactive,60,False,inf,inf,inf,null,"[0, 3, 11, 7, 7, 1, 10, 5, 1, 4, 10, 52, 0]"
j10,1,stnu,60,True,33,0.808091402053833,0.0053882598876953125,"[0, 0, 0, 0, 18, 7, 8, 18, 25, 25, 23, 0, 33]","""[0, 3, 11, 7, 7, 1, 10, 5, 1, 4, 10, 52, 0]"""
j10,1,proactive_quantile_0.9,60,False,inf,0.060843706130981445,inf,"[0, 0, 0, 0, 20, 6, 9, 20, 29, 29, 27, 0, 51]","""[0, 2, 12, 7, 9, 1, 12, 5, 3, 6, 8, 52, 0]"""
j10,1,reactive,60,False,inf,inf,inf,null,"[0, 2, 12, 7, 9, 1, 12, 5, 3, 6, 8, 52, 0]"
j10,1,stnu,60,True,35,0.786034345626831,0.005297660827636719,"[0, 0, 0, 0, 20, 7, 8, 20, 29, 29, 25, 0, 35]","""[0, 2, 12, 7, 9, 1, 12, 5, 3, 6, 8, 52, 0]"""
j10,1,proactive_quantile_0.9,60,True,38,0.05851912498474121,0.0003170967102050781,"[0, 0, 0, 0, 20, 6, 9, 20, 29, 29, 27, 0, 51]","""[0, 5, 11, 5, 6, 2, 8, 8, 3, 5, 7, 52, 0]"""
j10,1,reactive,60,True,34,0.05851912498474121,0.25679779052734375,"[0, 0, 0, 0, 20, 6, 9, 20, 29, 29, 27, 0, 34]","[0, 5, 11, 5, 6, 2, 8, 8, 3, 5, 7, 52, 0]"
j10,1,stnu,60,True,30,0.7586908340454102,0.0053250789642333984,"[0, 0, 0, 0, 15, 5, 7, 15, 23, 23, 23, 0, 30]","""[0, 5, 11, 5, 6, 2, 8, 8, 3, 5, 7, 52, 0]"""
j10,1,proactive_quantile_0.9,60,True,30,0.05582427978515625,0.0006532669067382812,"[0, 0, 0, 0, 12, 8, 8, 12, 23, 13, 14, 0, 0, 0, 0, 85]","""[0, 7, 7, 8, 1, 4, 3, 9, 6, 8, 3, 86, 13, 86, 46, 0]"""
j10,1,reactive,60,True,29,0.05582427978515625,0.19806146621704102,"[0, 0, 0, 0, 12, 8, 8, 12, 23, 13, 14, 0, 0, 0, 0, 85]","[0, 7, 7, 8, 1, 4, 3, 9, 6, 8, 3, 86, 13, 86, 46, 0]"
j10,1,stnu,60,True,26,0.7938539981842041,0.007579803466796875,"[0, 0, 0, 0, 11, 8, 8, 11, 20, 12, 12, 0, 0, 0, 0, 26]","""[0, 7, 7, 8, 1, 4, 3, 9, 6, 8, 3, 86, 13, 86, 46, 0]"""
j10,1,proactive_quantile_0.9,60,True,30,0.056902170181274414,0.0006570816040039062,"[0, 0, 0, 0, 12, 8, 8, 12, 23, 13, 14, 0, 0, 0, 0, 85]","""[0, 8, 10, 7, 3, 5, 3, 7, 5, 10, 5, 86, 13, 86, 46, 0]"""
j10,1,reactive,60,False,inf,inf,inf,null,"[0, 8, 10, 7, 3, 5, 3, 7, 5, 10, 5, 86, 13, 86, 46, 0]"
j10,1,stnu,60,True,28,0.8018620014190674,0.007970333099365234,"[0, 0, 0, 0, 11, 8, 8, 11, 23, 13, 14, 0, 0, 0, 0, 28]","""[0, 8, 10, 7, 3, 5, 3, 7, 5, 10, 5, 86, 13, 86, 46, 0]"""
j10,1,proactive_quantile_0.9,60,True,30,0.06019330024719238,0.0006265640258789062,"[0, 0, 0, 0, 12, 8, 8, 12, 23, 13, 14, 0, 0, 0, 0, 85]","""[0, 5, 12, 6, 3, 5, 2, 12, 8, 6, 6, 86, 13, 86, 46, 0]"""
j10,1,reactive,60,False,inf,inf,inf,null,"[0, 5, 12, 6, 3, 5, 2, 12, 8, 6, 6, 86, 13, 86, 46, 0]"
j10,1,stnu,60,True,32,0.7716550827026367,0.0076904296875,"[0, 0, 0, 0, 12, 6, 6, 12, 24, 12, 15, 0, 0, 0, 0, 32]","""[0, 5, 12, 6, 3, 5, 2, 12, 8, 6, 6, 86, 13, 86, 46, 0]"""
j10,1,proactive_quantile_0.9,60,True,30,0.06130528450012207,0.000659942626953125,"[0, 0, 0, 0, 12, 8, 8, 12, 23, 13, 14, 0, 0, 0, 0, 85]","""[0, 9, 8, 7, 3, 6, 2, 10, 3, 10, 3, 86, 13, 86, 46, 0]"""
j10,1,reactive,60,False,inf,inf,inf,null,"[0, 9, 8, 7, 3, 6, 2, 10, 3, 10, 3, 86, 13, 86, 46, 0]"
j10,1,stnu,60,True,28,0.7890408039093018,0.00774693489074707,"[0, 0, 0, 0, 11, 9, 9, 11, 25, 15, 14, 0, 0, 0, 0, 28]","""[0, 9, 8, 7, 3, 6, 2, 10, 3, 10, 3, 86, 13, 86, 46, 0]"""
j10,1,proactive_quantile_0.9,60,True,30,0.058084726333618164,0.0006260871887207031,"[0, 0, 0, 0, 12, 8, 8, 12, 23, 13, 14, 0, 0, 0, 0, 85]","""[0, 8, 13, 3, 2, 5, 1, 8, 6, 6, 4, 86, 13, 86, 46, 0]"""
j10,1,reactive,60,False,inf,inf,inf,null,"[0, 8, 13, 3, 2, 5, 1, 8, 6, 6, 4, 86, 13, 86, 46, 0]"
j10,1,stnu,60,True,27,0.8043601512908936,0.00757908821105957,"[0, 0, 0, 0, 13, 8, 8, 13, 21, 13, 15, 0, 0, 0, 0, 27]","""[0, 8, 13, 3, 2, 5, 1, 8, 6, 6, 4, 86, 13, 86, 46, 0]"""
j10,1,proactive_quantile_0.9,60,True,30,0.06014418601989746,0.0006525516510009766,"[0, 0, 0, 0, 12, 8, 8, 12, 23, 13, 14, 0, 0, 0, 0, 85]","""[0, 6, 13, 8, 3, 3, 2, 12, 4, 8, 4, 86, 13, 86, 46, 0]"""
j10,1,reactive,60,False,inf,inf,inf,null,"[0, 6, 13, 8, 3, 3, 2, 12, 4, 8, 4, 86, 13, 86, 46, 0]"
j10,1,stnu,60,True,29,0.7937746047973633,0.007803916931152344,"[0, 0, 0, 0, 13, 8, 8, 13, 25, 13, 16, 0, 0, 0, 0, 29]","""[0, 6, 13, 8, 3, 3, 2, 12, 4, 8, 4, 86, 13, 86, 46, 0]"""
j10,1,proactive_quantile_0.9,60,True,30,0.062212467193603516,0.0006587505340576172,"[0, 0, 0, 0, 12, 8, 8, 12, 23, 13, 14, 0, 0, 0, 0, 85]","""[0, 8, 12, 7, 3, 2, 3, 12, 8, 7, 5, 86, 13, 86, 46, 0]"""
j10,1,reactive,60,False,inf,inf,inf,null,"[0, 8, 12, 7, 3, 2, 3, 12, 8, 7, 5, 86, 13, 86, 46, 0]"
j10,1,stnu,60,True,32,0.804889440536499,0.007691621780395508,"[0, 0, 0, 0, 12, 8, 8, 12, 24, 12, 15, 0, 0, 0, 0, 32]","""[0, 8, 12, 7, 3, 2, 3, 12, 8, 7, 5, 86, 13, 86, 46, 0]"""
j10,1,proactive_quantile_0.9,60,True,30,0.0571897029876709,0.0006613731384277344,"[0, 0, 0, 0, 12, 8, 8, 12, 23, 13, 14, 0, 0, 0, 0, 85]","""[0, 8, 8, 8, 2, 4, 2, 12, 6, 5, 3, 86, 13, 86, 46, 0]"""
j10,1,reactive,60,False,inf,inf,inf,null,"[0, 8, 8, 8, 2, 4, 2, 12, 6, 5, 3, 86, 13, 86, 46, 0]"
j10,1,stnu,60,True,28,0.9327456951141357,0.0076906681060791016,"[0, 0, 0, 0, 10, 8, 8, 10, 22, 12, 12, 0, 0, 0, 0, 28]","""[0, 8, 8, 8, 2, 4, 2, 12, 6, 5, 3, 86, 13, 86, 46, 0]"""
j10,1,proactive_quantile_0.9,60,True,30,0.06097292900085449,0.0006642341613769531,"[0, 0, 0, 0, 12, 8, 8, 12, 23, 13, 14, 0, 0, 0, 0, 85]","""[0, 9, 9, 4, 2, 4, 1, 9, 4, 10, 7, 86, 13, 86, 46, 0]"""
j10,1,reactive,60,False,inf,inf,inf,null,"[0, 9, 9, 4, 2, 4, 1, 9, 4, 10, 7, 86, 13, 86, 46, 0]"
j10,1,stnu,60,True,27,0.7822985649108887,0.007578134536743164,"[0, 0, 0, 0, 10, 9, 9, 10, 23, 13, 12, 0, 0, 0, 0, 27]","""[0, 9, 9, 4, 2, 4, 1, 9, 4, 10, 7, 86, 13, 86, 46, 0]"""
j10,1,proactive_quantile_0.9,60,True,30,0.06109428405761719,0.0006349086761474609,"[0, 0, 0, 0, 12, 8, 8, 12, 23, 13, 14, 0, 0, 0, 0, 85]","""[0, 4, 13, 5, 3, 6, 2, 10, 6, 6, 8, 86, 13, 86, 46, 0]"""
j10,1,reactive,60,False,inf,inf,inf,null,"[0, 4, 13, 5, 3, 6, 2, 10, 6, 6, 8, 86, 13, 86, 46, 0]"
j10,1,stnu,60,True,30,0.7787322998046875,0.007681846618652344,"[0, 0, 0, 0, 13, 5, 5, 13, 24, 13, 16, 0, 0, 0, 0, 30]","""[0, 4, 13, 5, 3, 6, 2, 10, 6, 6, 8, 86, 13, 86, 46, 0]"""
j10,1,proactive_quantile_0.9,60,False,inf,0.06316018104553223,inf,"[0, 0, 12, 0, 7, 7, 20, 10, 19, 22, 12, 0, 33]","""[0, 6, 7, 2, 3, 3, 1, 2, 2, 4, 7, 34, 0]"""
j10,1,reactive,60,False,inf,inf,inf,null,"[0, 6, 7, 2, 3, 3, 1, 2, 2, 4, 7, 34, 0]"
j10,1,stnu,60,True,29,0.7850644588470459,0.005614757537841797,"[0, 0, 6, 0, 6, 13, 13, 9, 27, 23, 16, 0, 29]","""[0, 6, 7, 2, 3, 3, 1, 2, 2, 4, 7, 34, 0]"""
j10,1,proactive_quantile_0.9,60,False,inf,0.061654090881347656,inf,"[0, 0, 12, 0, 7, 7, 20, 10, 19, 22, 12, 0, 33]","""[0, 4, 5, 6, 3, 6, 3, 1, 1, 7, 3, 34, 0]"""
j10,1,reactive,60,False,inf,inf,inf,null,"[0, 4, 5, 6, 3, 6, 3, 1, 1, 7, 3, 34, 0]"
j10,1,stnu,60,True,26,0.8003652095794678,0.0056035518646240234,"[0, 0, 4, 0, 6, 9, 10, 9, 25, 18, 15, 0, 26]","""[0, 4, 5, 6, 3, 6, 3, 1, 1, 7, 3, 34, 0]"""
j10,1,proactive_quantile_0.9,60,False,inf,0.1129598617553711,inf,"[0, 0, 12, 0, 7, 7, 20, 10, 19, 22, 12, 0, 33]","""[0, 6, 4, 2, 3, 6, 1, 2, 2, 3, 7, 34, 0]"""
j10,1,reactive,60,False,inf,inf,inf,null,"[0, 6, 4, 2, 3, 6, 1, 2, 2, 3, 7, 34, 0]"
j10,1,stnu,60,True,28,0.7967526912689209,0.005626201629638672,"[0, 0, 6, 0, 6, 10, 11, 9, 26, 23, 16, 0, 28]","""[0, 6, 4, 2, 3, 6, 1, 2, 2, 3, 7, 34, 0]"""
j10,1,proactive_quantile_0.9,60,False,inf,0.061326026916503906,inf,"[0, 0, 12, 0, 7, 7, 20, 10, 19, 22, 12, 0, 33]","""[0, 3, 4, 5, 3, 6, 2, 2, 1, 6, 7, 34, 0]"""
j10,1,reactive,60,False,inf,inf,inf,null,"[0, 3, 4, 5, 3, 6, 2, 2, 1, 6, 7, 34, 0]"
j10,1,stnu,60,True,27,0.779536247253418,0.0057032108306884766,"[0, 0, 3, 0, 5, 7, 10, 8, 26, 20, 13, 0, 27]","""[0, 3, 4, 5, 3, 6, 2, 2, 1, 6, 7, 34, 0]"""
j10,1,proactive_quantile_0.9,60,False,inf,0.06249094009399414,inf,"[0, 0, 12, 0, 7, 7, 20, 10, 19, 22, 12, 0, 33]","""[0, 3, 6, 3, 4, 6, 1, 3, 2, 3, 5, 34, 0]"""
j10,1,reactive,60,False,inf,inf,inf,null,"[0, 3, 6, 3, 4, 6, 1, 3, 2, 3, 5, 34, 0]"
j10,1,stnu,60,True,25,0.7823877334594727,0.00565648078918457,"[0, 0, 3, 0, 3, 9, 10, 7, 23, 20, 15, 0, 25]","""[0, 3, 6, 3, 4, 6, 1, 3, 2, 3, 5, 34, 0]"""
j10,1,proactive_quantile_0.9,60,False,inf,0.0626990795135498,inf,"[0, 0, 12, 0, 7, 7, 20, 10, 19, 22, 12, 0, 33]","""[0, 6, 9, 4, 3, 5, 2, 2, 2, 6, 4, 34, 0]"""
j10,1,reactive,60,False,inf,inf,inf,null,"[0, 6, 9, 4, 3, 5, 2, 2, 2, 6, 4, 34, 0]"
j10,1,stnu,60,True,32,0.7726645469665527,0.005602598190307617,"[0, 0, 6, 0, 6, 15, 15, 9, 30, 24, 20, 0, 32]","""[0, 6, 9, 4, 3, 5, 2, 2, 2, 6, 4, 34, 0]"""
j10,1,proactive_quantile_0.9,60,False,inf,0.05984616279602051,inf,"[0, 0, 12, 0, 7, 7, 20, 10, 19, 22, 12, 0, 33]","""[0, 8, 9, 2, 1, 5, 2, 3, 2, 6, 3, 34, 0]"""
j10,1,reactive,60,False,inf,inf,inf,null,"[0, 8, 9, 2, 1, 5, 2, 3, 2, 6, 3, 34, 0]"
j10,1,stnu,60,True,33,0.7905995845794678,0.005648136138916016,"[0, 0, 8, 0, 8, 17, 17, 9, 31, 25, 22, 0, 33]","""[0, 8, 9, 2, 1, 5, 2, 3, 2, 6, 3, 34, 0]"""
j10,1,proactive_quantile_0.9,60,False,inf,0.06216883659362793,inf,"[0, 0, 12, 0, 7, 7, 20, 10, 19, 22, 12, 0, 33]","""[0, 5, 6, 7, 4, 3, 2, 2, 1, 5, 4, 34, 0]"""
j10,1,reactive,60,False,inf,inf,inf,null,"[0, 5, 6, 7, 4, 3, 2, 2, 1, 5, 4, 34, 0]"
j10,1,stnu,60,True,25,0.798626184463501,0.005639314651489258,"[0, 0, 5, 0, 7, 11, 13, 11, 24, 19, 15, 0, 25]","""[0, 5, 6, 7, 4, 3, 2, 2, 1, 5, 4, 34, 0]"""
j10,1,proactive_quantile_0.9,60,True,28,0.06072521209716797,0.0002453327178955078,"[0, 0, 12, 0, 7, 7, 20, 10, 19, 22, 12, 0, 33]","""[0, 7, 8, 6, 3, 5, 1, 2, 1, 3, 7, 34, 0]"""
j10,1,reactive,60,True,25,0.06072521209716797,0.0209505558013916,"[0, 0, 12, 0, 7, 7, 20, 10, 19, 22, 12, 0, 25]","[0, 7, 8, 6, 3, 5, 1, 2, 1, 3, 7, 34, 0]"
j10,1,stnu,60,True,31,0.7747020721435547,0.005713939666748047,"[0, 0, 7, 0, 7, 15, 15, 10, 30, 27, 20, 0, 31]","""[0, 7, 8, 6, 3, 5, 1, 2, 1, 3, 7, 34, 0]"""
j10,1,proactive_quantile_0.9,60,False,inf,0.06536340713500977,inf,"[0, 0, 12, 0, 7, 7, 20, 10, 19, 22, 12, 0, 33]","""[0, 8, 8, 3, 2, 4, 1, 2, 1, 7, 8, 34, 0]"""
j10,1,reactive,60,False,inf,inf,inf,null,"[0, 8, 8, 3, 2, 4, 1, 2, 1, 7, 8, 34, 0]"
j10,1,stnu,60,True,36,0.7784445285797119,0.005696773529052734,"[0, 0, 8, 0, 8, 16, 16, 10, 35, 28, 20, 0, 36]","""[0, 8, 8, 3, 2, 4, 1, 2, 1, 7, 8, 34, 0]"""
j10,1,proactive_quantile_0.9,60,True,29,0.05720686912536621,0.0009441375732421875,"[0, 0, 0, 0, 5, 11, 13, 16, 22, 16, 13, 0, 0, 0, 0, 0, 0, 0, 0, 78]","""[0, 4, 11, 8, 11, 3, 1, 4, 3, 2, 4, 79, 31, 41, 26, 18, 62, 69, 77, 0]"""
j10,1,reactive,60,False,inf,inf,inf,null,"[0, 4, 11, 8, 11, 3, 1, 4, 3, 2, 4, 79, 31, 41, 26, 18, 62, 69, 77, 0]"
j10,1,stnu,60,False,inf,0.7802982330322266,inf,[],"""[0, 4, 6, 8, 11, 7, 1, 4, 3, 2, 4, 79, 31, 41, 26, 18, 62, 69, 77, 0]"""
j10,1,proactive_quantile_0.9,60,True,29,0.05964183807373047,0.0009429454803466797,"[0, 0, 0, 0, 5, 11, 13, 16, 22, 16, 13, 0, 0, 0, 0, 0, 0, 0, 0, 78]","""[0, 5, 12, 4, 8, 2, 2, 2, 3, 1, 5, 79, 31, 41, 26, 18, 62, 69, 77, 0]"""
j10,1,reactive,60,False,inf,inf,inf,null,"[0, 5, 12, 4, 8, 2, 2, 2, 3, 1, 5, 79, 31, 41, 26, 18, 62, 69, 77, 0]"
j10,1,stnu,60,False,inf,0.7595877647399902,inf,[],"""[0, 5, 8, 4, 8, 5, 2, 2, 3, 1, 5, 79, 31, 41, 26, 18, 62, 69, 77, 0]"""
j10,1,proactive_quantile_0.9,60,True,29,0.06215715408325195,0.0010213851928710938,"[0, 0, 0, 0, 5, 11, 13, 16, 22, 16, 13, 0, 0, 0, 0, 0, 0, 0, 0, 78]","""[0, 6, 9, 7, 8, 3, 3, 5, 7, 2, 8, 79, 31, 41, 26, 18, 62, 69, 77, 0]"""
j10,1,reactive,60,False,inf,inf,inf,null,"[0, 6, 9, 7, 8, 3, 3, 5, 7, 2, 8, 79, 31, 41, 26, 18, 62, 69, 77, 0]"
j10,1,stnu,60,False,inf,0.7712059020996094,inf,[],"""[0, 6, 7, 7, 8, 3, 3, 5, 7, 2, 8, 79, 31, 41, 26, 18, 62, 69, 77, 0]"""
j10,1,proactive_quantile_0.9,60,True,29,0.054120540618896484,0.0009546279907226562,"[0, 0, 0, 0, 5, 11, 13, 16, 22, 16, 13, 0, 0, 0, 0, 0, 0, 0, 0, 78]","""[0, 3, 10, 7, 10, 3, 2, 5, 6, 1, 8, 79, 31, 41, 26, 18, 62, 69, 77, 0]"""
j10,1,reactive,60,False,inf,inf,inf,null,"[0, 3, 10, 7, 10, 3, 2, 5, 6, 1, 8, 79, 31, 41, 26, 18, 62, 69, 77, 0]"
j10,1,stnu,60,False,inf,0.7767329216003418,inf,[],"""[0, 3, 7, 7, 10, 5, 2, 5, 6, 1, 8, 79, 31, 41, 26, 18, 62, 69, 77, 0]"""
j10,1,proactive_quantile_0.9,60,True,29,0.05776238441467285,0.0009663105010986328,"[0, 0, 0, 0, 5, 11, 13, 16, 22, 16, 13, 0, 0, 0, 0, 0, 0, 0, 0, 78]","""[0, 6, 7, 7, 10, 2, 3, 5, 6, 2, 6, 79, 31, 41, 26, 18, 62, 69, 77, 0]"""
j10,1,reactive,60,False,inf,inf,inf,null,"[0, 6, 7, 7, 10, 2, 3, 5, 6, 2, 6, 79, 31, 41, 26, 18, 62, 69, 77, 0]"
j10,1,stnu,60,False,inf,0.7662241458892822,inf,[],"""[0, 6, 5, 7, 10, 5, 3, 5, 6, 2, 6, 79, 31, 41, 26, 18, 62, 69, 77, 0]"""
j10,1,proactive_quantile_0.9,60,True,29,0.060936927795410156,0.0009775161743164062,"[0, 0, 0, 0, 5, 11, 13, 16, 22, 16, 13, 0, 0, 0, 0, 0, 0, 0, 0, 78]","""[0, 3, 6, 7, 8, 1, 1, 3, 4, 2, 6, 79, 31, 41, 26, 18, 62, 69, 77, 0]"""
j10,1,reactive,60,True,26,0.060936927795410156,0.2101278305053711,"[0, 0, 0, 0, 5, 11, 13, 16, 22, 16, 13, 0, 0, 0, 0, 0, 0, 0, 0, 26]","[0, 3, 6, 7, 8, 1, 1, 3, 4, 2, 6, 79, 31, 41, 26, 18, 62, 69, 77, 0]"
j10,1,stnu,60,False,inf,0.7674362659454346,inf,[],"""[0, 3, 4, 7, 8, 8, 1, 3, 4, 2, 6, 79, 31, 41, 26, 18, 62, 69, 77, 0]"""
j10,1,proactive_quantile_0.9,60,True,29,0.06435418128967285,0.000986337661743164,"[0, 0, 0, 0, 5, 11, 13, 16, 22, 16, 13, 0, 0, 0, 0, 0, 0, 0, 0, 78]","""[0, 6, 9, 6, 12, 1, 2, 5, 4, 2, 3, 79, 31, 41, 26, 18, 62, 69, 77, 0]"""
j10,1,reactive,60,False,inf,inf,inf,null,"[0, 6, 9, 6, 12, 1, 2, 5, 4, 2, 3, 79, 31, 41, 26, 18, 62, 69, 77, 0]"
j10,1,stnu,60,False,inf,0.7881979942321777,inf,[],"""[0, 6, 4, 6, 12, 6, 2, 5, 4, 2, 3, 79, 31, 41, 26, 18, 62, 69, 77, 0]"""
j10,1,proactive_quantile_0.9,60,True,29,0.056134939193725586,0.0009696483612060547,"[0, 0, 0, 0, 5, 11, 13, 16, 22, 16, 13, 0, 0, 0, 0, 0, 0, 0, 0, 78]","""[0, 2, 6, 8, 12, 3, 3, 7, 5, 2, 3, 79, 31, 41, 26, 18, 62, 69, 77, 0]"""
j10,1,reactive,60,False,inf,inf,inf,null,"[0, 2, 6, 8, 12, 3, 3, 7, 5, 2, 3, 79, 31, 41, 26, 18, 62, 69, 77, 0]"
j10,1,stnu,60,False,inf,0.7704133987426758,inf,[],"""[0, 2, 6, 8, 12, 6, 3, 7, 5, 2, 3, 79, 31, 41, 26, 18, 62, 69, 77, 0]"""
j10,1,proactive_quantile_0.9,60,True,29,0.05669760704040527,0.0009653568267822266,"[0, 0, 0, 0, 5, 11, 13, 16, 22, 16, 13, 0, 0, 0, 0, 0, 0, 0, 0, 78]","""[0, 5, 7, 7, 11, 2, 2, 7, 4, 1, 7, 79, 31, 41, 26, 18, 62, 69, 77, 0]"""
j10,1,reactive,60,False,inf,inf,inf,null,"[0, 5, 7, 7, 11, 2, 2, 7, 4, 1, 7, 79, 31, 41, 26, 18, 62, 69, 77, 0]"
j10,1,stnu,60,False,inf,0.7677922248840332,inf,[],"""[0, 5, 7, 7, 11, 4, 2, 7, 4, 1, 7, 79, 31, 41, 26, 18, 62, 69, 77, 0]"""
j10,1,proactive_quantile_0.9,60,True,29,0.05718564987182617,0.000985860824584961,"[0, 0, 0, 0, 5, 11, 13, 16, 22, 16, 13, 0, 0, 0, 0, 0, 0, 0, 0, 78]","""[0, 6, 12, 7, 12, 3, 3, 5, 3, 2, 8, 79, 31, 41, 26, 18, 62, 69, 77, 0]"""
j10,1,reactive,60,False,inf,inf,inf,null,"[0, 6, 12, 7, 12, 3, 3, 5, 3, 2, 8, 79, 31, 41, 26, 18, 62, 69, 77, 0]"
j10,1,stnu,60,False,inf,0.7663185596466064,inf,[],"""[0, 6, 7, 7, 12, 7, 3, 5, 3, 2, 8, 79, 31, 41, 26, 18, 62, 69, 77, 0]"""
j10,1,proactive_quantile_0.9,60,False,inf,0.05923867225646973,inf,"[0, 6, 0, 0, 13, 6, 9, 18, 25, 25, 9, 0, 72]","""[0, 6, 5, 4, 5, 4, 11, 4, 13, 10, 1, 73, 0]"""
j10,1,reactive,60,False,inf,inf,inf,null,"[0, 6, 5, 4, 5, 4, 11, 4, 13, 10, 1, 73, 0]"
j10,1,stnu,60,True,33,0.7855985164642334,0.005288839340209961,"[0, 5, 0, 0, 11, 5, 9, 16, 20, 20, 9, 0, 33]","""[0, 6, 5, 4, 5, 4, 11, 4, 13, 10, 1, 73, 0]"""
j10,1,proactive_quantile_0.9,60,False,inf,0.05775928497314453,inf,"[0, 6, 0, 0, 13, 6, 9, 18, 25, 25, 9, 0, 72]","""[0, 5, 7, 6, 5, 1, 7, 3, 8, 9, 2, 73, 0]"""
j10,1,reactive,60,False,inf,inf,inf,null,"[0, 5, 7, 6, 5, 1, 7, 3, 8, 9, 2, 73, 0]"
j10,1,stnu,60,True,29,0.7912442684173584,0.005209922790527344,"[0, 7, 0, 0, 12, 7, 8, 17, 20, 20, 8, 0, 29]","""[0, 5, 7, 6, 5, 1, 7, 3, 8, 9, 2, 73, 0]"""
j10,1,proactive_quantile_0.9,60,False,inf,0.09414410591125488,inf,"[0, 6, 0, 0, 13, 6, 9, 18, 25, 25, 9, 0, 72]","""[0, 6, 7, 6, 6, 4, 13, 4, 7, 12, 2, 73, 0]"""
j10,1,reactive,60,False,inf,inf,inf,null,"[0, 6, 7, 6, 6, 4, 13, 4, 7, 12, 2, 73, 0]"
j10,1,stnu,60,True,36,0.8490605354309082,0.00519561767578125,"[0, 7, 0, 0, 13, 7, 11, 19, 24, 24, 11, 0, 36]","""[0, 6, 7, 6, 6, 4, 13, 4, 7, 12, 2, 73, 0]"""
j10,1,proactive_quantile_0.9,60,False,inf,0.05712294578552246,inf,"[0, 6, 0, 0, 13, 6, 9, 18, 25, 25, 9, 0, 72]","""[0, 8, 4, 5, 2, 1, 8, 6, 13, 12, 1, 73, 0]"""
j10,1,reactive,60,False,inf,inf,inf,null,"[0, 8, 4, 5, 2, 1, 8, 6, 13, 12, 1, 73, 0]"
j10,1,stnu,60,True,33,0.9452958106994629,0.005232572555541992,"[0, 4, 0, 0, 12, 4, 5, 14, 20, 20, 5, 0, 33]","""[0, 8, 4, 5, 2, 1, 8, 6, 13, 12, 1, 73, 0]"""
j10,1,proactive_quantile_0.9,60,True,37,0.2268657684326172,0.0003743171691894531,"[0, 6, 0, 0, 13, 6, 9, 18, 25, 25, 9, 0, 72]","""[0, 3, 5, 9, 4, 4, 8, 6, 9, 6, 1, 73, 0]"""
j10,1,reactive,60,False,inf,inf,inf,null,"[0, 3, 5, 9, 4, 4, 8, 6, 9, 6, 1, 73, 0]"
j10,1,stnu,60,True,27,0.8330650329589844,0.00530552864074707,"[0, 5, 0, 0, 8, 5, 9, 12, 18, 18, 9, 0, 27]","""[0, 3, 5, 9, 4, 4, 8, 6, 9, 6, 1, 73, 0]"""
j10,1,proactive_quantile_0.9,60,True,37,0.05936145782470703,0.0003638267517089844,"[0, 6, 0, 0, 13, 6, 9, 18, 25, 25, 9, 0, 72]","""[0, 3, 5, 9, 6, 1, 6, 5, 7, 11, 2, 73, 0]"""
j10,1,reactive,60,False,inf,inf,inf,null,"[0, 3, 5, 9, 6, 1, 6, 5, 7, 11, 2, 73, 0]"
j10,1,stnu,60,True,30,0.8247509002685547,0.005379915237426758,"[0, 5, 0, 0, 8, 5, 9, 14, 19, 19, 9, 0, 30]","""[0, 3, 5, 9, 6, 1, 6, 5, 7, 11, 2, 73, 0]"""
j10,1,proactive_quantile_0.9,60,False,inf,0.05981326103210449,inf,"[0, 6, 0, 0, 13, 6, 9, 18, 25, 25, 9, 0, 72]","""[0, 8, 5, 6, 5, 4, 7, 5, 6, 8, 2, 73, 0]"""
j10,1,reactive,60,False,inf,inf,inf,null,"[0, 8, 5, 6, 5, 4, 7, 5, 6, 8, 2, 73, 0]"
j10,1,stnu,60,True,31,0.7949240207672119,0.00532841682434082,"[0, 5, 0, 0, 13, 5, 9, 18, 23, 23, 9, 0, 31]","""[0, 8, 5, 6, 5, 4, 7, 5, 6, 8, 2, 73, 0]"""
j10,1,proactive_quantile_0.9,60,True,37,0.06163644790649414,0.0003609657287597656,"[0, 6, 0, 0, 13, 6, 9, 18, 25, 25, 9, 0, 72]","""[0, 7, 4, 7, 2, 3, 9, 6, 10, 8, 1, 73, 0]"""
j10,1,reactive,60,True,35,0.06163644790649414,0.10740971565246582,"[0, 6, 0, 0, 13, 6, 9, 18, 25, 25, 9, 0, 35]","[0, 7, 4, 7, 2, 3, 9, 6, 10, 8, 1, 73, 0]"
j10,1,stnu,60,True,29,0.784428596496582,0.005373239517211914,"[0, 4, 0, 0, 11, 4, 7, 13, 19, 19, 7, 0, 29]","""[0, 7, 4, 7, 2, 3, 9, 6, 10, 8, 1, 73, 0]"""
j10,1,proactive_quantile_0.9,60,False,inf,0.06089138984680176,inf,"[0, 6, 0, 0, 13, 6, 9, 18, 25, 25, 9, 0, 72]","""[0, 8, 4, 6, 3, 4, 10, 7, 12, 6, 2, 73, 0]"""
j10,1,reactive,60,False,inf,inf,inf,null,"[0, 8, 4, 6, 3, 4, 10, 7, 12, 6, 2, 73, 0]"
j10,1,stnu,60,True,34,0.7706887722015381,0.005297660827636719,"[0, 4, 0, 0, 12, 4, 8, 15, 22, 22, 8, 0, 34]","""[0, 8, 4, 6, 3, 4, 10, 7, 12, 6, 2, 73, 0]"""
j10,1,proactive_quantile_0.9,60,True,37,0.056717634201049805,0.00033354759216308594,"[0, 6, 0, 0, 13, 6, 9, 18, 25, 25, 9, 0, 72]","""[0, 7, 4, 4, 3, 1, 9, 6, 6, 10, 2, 73, 0]"""
j10,1,reactive,60,True,35,0.056717634201049805,0.14631915092468262,"[0, 6, 0, 0, 13, 6, 9, 18, 25, 25, 9, 0, 35]","[0, 7, 4, 4, 3, 1, 9, 6, 6, 10, 2, 73, 0]"
j10,1,stnu,60,True,30,0.7756123542785645,0.00536799430847168,"[0, 4, 0, 0, 11, 4, 5, 14, 20, 20, 5, 0, 30]","""[0, 7, 4, 4, 3, 1, 9, 6, 6, 10, 2, 73, 0]"""
j10,1,proactive_quantile_0.9,60,False,inf,0.05604410171508789,inf,"[0, 0, 0, 0, 10, 15, 5, 10, 18, 26, 5, 0, 0, 0, 0, 70]","""[0, 4, 6, 11, 6, 7, 6, 7, 3, 5, 3, 55, 18, 71, 24, 0]"""
j10,1,reactive,60,False,inf,inf,inf,null,"[0, 4, 6, 11, 6, 7, 6, 7, 3, 5, 3, 55, 18, 71, 24, 0]"
j10,1,stnu,60,False,inf,0.8114125728607178,inf,[],"""[0, 4, 6, 11, 6, 7, 6, 7, 6, 5, 3, 55, 18, 71, 24, 0]"""
j10,1,proactive_quantile_0.9,60,True,33,0.05327463150024414,0.0005238056182861328,"[0, 0, 0, 0, 10, 15, 5, 10, 18, 26, 5, 0, 0, 0, 0, 70]","""[0, 3, 5, 9, 3, 10, 4, 5, 4, 6, 2, 55, 18, 71, 24, 0]"""
j10,1,reactive,60,True,32,0.05327463150024414,0.17780160903930664,"[0, 0, 0, 0, 10, 15, 5, 10, 18, 26, 5, 0, 0, 0, 0, 32]","[0, 3, 5, 9, 3, 10, 4, 5, 4, 6, 2, 55, 18, 71, 24, 0]"
j10,1,stnu,60,False,inf,0.7582149505615234,inf,[],"""[0, 3, 5, 9, 3, 10, 4, 5, 7, 6, 2, 55, 18, 71, 24, 0]"""
j10,1,proactive_quantile_0.9,60,False,inf,0.05757784843444824,inf,"[0, 0, 0, 0, 10, 15, 5, 10, 18, 26, 5, 0, 0, 0, 0, 70]","""[0, 5, 5, 9, 4, 6, 6, 7, 2, 7, 5, 55, 18, 71, 24, 0]"""
j10,1,reactive,60,False,inf,inf,inf,null,"[0, 5, 5, 9, 4, 6, 6, 7, 2, 7, 5, 55, 18, 71, 24, 0]"
j10,1,stnu,60,False,inf,0.7502007484436035,inf,[],"""[0, 5, 5, 9, 4, 6, 6, 7, 3, 7, 5, 55, 18, 71, 24, 0]"""
j10,1,proactive_quantile_0.9,60,True,33,0.059627532958984375,0.0005466938018798828,"[0, 0, 0, 0, 10, 15, 5, 10, 18, 26, 5, 0, 0, 0, 0, 70]","""[0, 5, 5, 7, 4, 11, 2, 6, 6, 7, 5, 55, 18, 71, 24, 0]"""
j10,1,reactive,60,True,33,0.059627532958984375,0.11775541305541992,"[0, 0, 0, 0, 10, 15, 5, 10, 18, 26, 5, 0, 0, 0, 0, 33]","[0, 5, 5, 7, 4, 11, 2, 6, 6, 7, 5, 55, 18, 71, 24, 0]"
j10,1,stnu,60,False,inf,0.7678184509277344,inf,[],"""[0, 5, 5, 7, 4, 11, 2, 6, 7, 7, 5, 55, 18, 71, 24, 0]"""
j10,1,proactive_quantile_0.9,60,False,inf,0.05498337745666504,inf,"[0, 0, 0, 0, 10, 15, 5, 10, 18, 26, 5, 0, 0, 0, 0, 70]","""[0, 4, 6, 6, 4, 7, 2, 4, 4, 8, 4, 55, 18, 71, 24, 0]"""
j10,1,reactive,60,False,inf,inf,inf,null,"[0, 4, 6, 6, 4, 7, 2, 4, 4, 8, 4, 55, 18, 71, 24, 0]"
j10,1,stnu,60,False,inf,0.7532973289489746,inf,[],"""[0, 4, 6, 6, 4, 7, 2, 4, 5, 8, 4, 55, 18, 71, 24, 0]"""
j10,1,proactive_quantile_0.9,60,True,33,0.06161141395568848,0.0005228519439697266,"[0, 0, 0, 0, 10, 15, 5, 10, 18, 26, 5, 0, 0, 0, 0, 70]","""[0, 4, 2, 9, 4, 9, 5, 6, 2, 8, 4, 55, 18, 71, 24, 0]"""
j10,1,reactive,60,True,34,0.06161141395568848,0.1658172607421875,"[0, 0, 0, 0, 10, 15, 5, 10, 18, 26, 5, 0, 0, 0, 0, 34]","[0, 4, 2, 9, 4, 9, 5, 6, 2, 8, 4, 55, 18, 71, 24, 0]"
j10,1,stnu,60,False,inf,0.7430596351623535,inf,[],"""[0, 4, 2, 9, 4, 9, 5, 6, 3, 8, 4, 55, 18, 71, 24, 0]"""
j10,1,proactive_quantile_0.9,60,False,inf,0.058539390563964844,inf,"[0, 0, 0, 0, 10, 15, 5, 10, 18, 26, 5, 0, 0, 0, 0, 70]","""[0, 6, 2, 9, 5, 12, 2, 4, 6, 7, 6, 55, 18, 71, 24, 0]"""
j10,1,reactive,60,False,inf,inf,inf,null,"[0, 6, 2, 9, 5, 12, 2, 4, 6, 7, 6, 55, 18, 71, 24, 0]"
j10,1,stnu,60,False,inf,0.7759945392608643,inf,[],"""[0, 6, 2, 9, 5, 12, 2, 4, 4, 7, 6, 55, 18, 71, 24, 0]"""
j10,1,proactive_quantile_0.9,60,True,33,0.05701327323913574,0.0005383491516113281,"[0, 0, 0, 0, 10, 15, 5, 10, 18, 26, 5, 0, 0, 0, 0, 70]","""[0, 3, 3, 6, 6, 11, 5, 9, 3, 7, 5, 55, 18, 71, 24, 0]"""
j10,1,reactive,60,False,inf,inf,inf,null,"[0, 3, 3, 6, 6, 11, 5, 9, 3, 7, 5, 55, 18, 71, 24, 0]"
j10,1,stnu,60,False,inf,0.7588741779327393,inf,[],"""[0, 3, 3, 6, 6, 11, 5, 9, 4, 7, 5, 55, 18, 71, 24, 0]"""
j10,1,proactive_quantile_0.9,60,False,inf,0.06258606910705566,inf,"[0, 0, 0, 0, 10, 15, 5, 10, 18, 26, 5, 0, 0, 0, 0, 70]","""[0, 6, 3, 11, 4, 7, 3, 6, 4, 6, 5, 55, 18, 71, 24, 0]"""
j10,1,reactive,60,False,inf,inf,inf,null,"[0, 6, 3, 11, 4, 7, 3, 6, 4, 6, 5, 55, 18, 71, 24, 0]"
j10,1,stnu,60,False,inf,0.7891526222229004,inf,[],"""[0, 6, 3, 11, 4, 7, 3, 6, 4, 6, 5, 55, 18, 71, 24, 0]"""
j10,1,proactive_quantile_0.9,60,True,33,0.05602312088012695,0.0005667209625244141,"[0, 0, 0, 0, 10, 15, 5, 10, 18, 26, 5, 0, 0, 0, 0, 70]","""[0, 3, 2, 9, 6, 10, 3, 9, 3, 4, 5, 55, 18, 71, 24, 0]"""
j10,1,reactive,60,False,inf,inf,inf,null,"[0, 3, 2, 9, 6, 10, 3, 9, 3, 4, 5, 55, 18, 71, 24, 0]"
j10,1,stnu,60,False,inf,0.7950489521026611,inf,[],"""[0, 3, 2, 9, 6, 10, 3, 9, 5, 4, 5, 55, 18, 71, 24, 0]"""
j10,1,stnu,60,False,inf,0.8044478893280029,inf,[],"""[0, 1, 1, 3, 4, 2, 10, 9, 12, 4, 8, 28, 19, 11, 59, 0]"""
j10,1,stnu,60,False,inf,0.7730133533477783,inf,[],"""[0, 1, 2, 3, 1, 2, 9, 5, 11, 3, 10, 28, 19, 11, 59, 0]"""
j10,1,stnu,60,False,inf,0.7787199020385742,inf,[],"""[0, 2, 2, 4, 4, 1, 6, 8, 12, 2, 6, 28, 19, 11, 59, 0]"""
j10,1,stnu,60,False,inf,0.7685191631317139,inf,[],"""[0, 2, 2, 3, 4, 2, 7, 9, 11, 3, 7, 28, 19, 11, 59, 0]"""
j10,1,stnu,60,False,inf,0.7753283977508545,inf,[],"""[0, 3, 1, 1, 1, 2, 7, 4, 12, 5, 6, 28, 19, 11, 59, 0]"""
j10,1,stnu,60,False,inf,0.7891461849212646,inf,[],"""[0, 3, 1, 3, 4, 2, 8, 6, 8, 6, 11, 28, 19, 11, 59, 0]"""
j10,1,stnu,60,False,inf,0.7800958156585693,inf,[],"""[0, 1, 3, 1, 2, 2, 7, 7, 12, 5, 8, 28, 19, 11, 59, 0]"""
j10,1,stnu,60,False,inf,0.7672739028930664,inf,[],"""[0, 1, 3, 2, 4, 1, 8, 7, 10, 2, 6, 28, 19, 11, 59, 0]"""
j10,1,stnu,60,False,inf,0.768726110458374,inf,[],"""[0, 4, 3, 3, 4, 2, 8, 6, 10, 6, 7, 28, 19, 11, 59, 0]"""
j10,1,stnu,60,False,inf,0.7432873249053955,inf,[],"""[0, 2, 3, 2, 1, 2, 6, 7, 9, 6, 10, 28, 19, 11, 59, 0]"""
j10,1,proactive_quantile_0.9,60,False,inf,0.05915570259094238,inf,"[0, 2, 0, 0, 8, 7, 21, 12, 15, 23, 28, 0, 0, 64]","""[0, 2, 3, 3, 7, 4, 5, 5, 8, 7, 6, 32, 65, 0]"""
j10,1,reactive,60,False,inf,inf,inf,null,"[0, 2, 3, 3, 7, 4, 5, 5, 8, 7, 6, 32, 65, 0]"
j10,1,stnu,60,True,27,0.7812662124633789,0.006085395812988281,"[0, 3, 0, 0, 5, 3, 12, 7, 12, 20, 20, 0, 0, 27]","""[0, 2, 3, 3, 7, 4, 5, 5, 8, 7, 6, 32, 65, 0]"""
j10,1,proactive_quantile_0.9,60,False,inf,0.06603121757507324,inf,"[0, 2, 0, 0, 8, 7, 21, 12, 15, 23, 28, 0, 0, 64]","""[0, 6, 5, 1, 8, 5, 4, 6, 6, 4, 3, 32, 65, 0]"""
j10,1,reactive,60,False,inf,inf,inf,null,"[0, 6, 5, 1, 8, 5, 4, 6, 6, 4, 3, 32, 65, 0]"
j10,1,stnu,60,True,25,0.7709453105926514,0.006323337554931641,"[0, 1, 0, 0, 7, 5, 16, 10, 15, 21, 21, 0, 0, 25]","""[0, 6, 5, 1, 8, 5, 4, 6, 6, 4, 3, 32, 65, 0]"""
j10,1,proactive_quantile_0.9,60,False,inf,0.05998349189758301,inf,"[0, 2, 0, 0, 8, 7, 21, 12, 15, 23, 28, 0, 0, 64]","""[0, 7, 6, 1, 7, 4, 7, 7, 6, 5, 5, 32, 65, 0]"""
j10,1,reactive,60,False,inf,inf,inf,null,"[0, 7, 6, 1, 7, 4, 7, 7, 6, 5, 5, 32, 65, 0]"
j10,1,stnu,60,True,29,0.7923500537872314,0.00634455680847168,"[0, 1, 0, 0, 8, 6, 17, 10, 15, 21, 24, 0, 0, 29]","""[0, 7, 6, 1, 7, 4, 7, 7, 6, 5, 5, 32, 65, 0]"""
j10,1,proactive_quantile_0.9,60,True,33,0.05811047554016113,0.0003669261932373047,"[0, 2, 0, 0, 8, 7, 21, 12, 15, 23, 28, 0, 0, 64]","""[0, 2, 8, 2, 4, 5, 8, 9, 4, 2, 6, 32, 65, 0]"""
j10,1,reactive,60,False,inf,inf,inf,null,"[0, 2, 8, 2, 4, 5, 8, 9, 4, 2, 6, 32, 65, 0]"
j10,1,stnu,60,True,36,0.789973258972168,0.0062084197998046875,"[0, 2, 0, 0, 8, 8, 22, 13, 13, 22, 30, 0, 0, 36]","""[0, 2, 8, 2, 4, 5, 8, 9, 4, 2, 6, 32, 65, 0]"""
j10,1,proactive_quantile_0.9,60,True,33,0.060822248458862305,0.0003838539123535156,"[0, 2, 0, 0, 8, 7, 21, 12, 15, 23, 28, 0, 0, 64]","""[0, 6, 5, 2, 3, 6, 7, 8, 4, 6, 2, 32, 65, 0]"""
j10,1,reactive,60,True,30,0.060822248458862305,0.12268805503845215,"[0, 2, 0, 0, 8, 7, 21, 12, 15, 23, 28, 0, 0, 30]","[0, 6, 5, 2, 3, 6, 7, 8, 4, 6, 2, 32, 65, 0]"
j10,1,stnu,60,True,28,0.9558060169219971,0.006327390670776367,"[0, 2, 0, 0, 8, 5, 19, 11, 11, 19, 26, 0, 0, 28]","""[0, 6, 5, 2, 3, 6, 7, 8, 4, 6, 2, 32, 65, 0]"""
j10,1,proactive_quantile_0.9,60,False,inf,0.06246685981750488,inf,"[0, 2, 0, 0, 8, 7, 21, 12, 15, 23, 28, 0, 0, 64]","""[0, 3, 7, 3, 7, 3, 3, 5, 6, 5, 3, 32, 65, 0]"""
j10,1,reactive,60,False,inf,inf,inf,null,"[0, 3, 7, 3, 7, 3, 3, 5, 6, 5, 3, 32, 65, 0]"
j10,1,stnu,60,True,25,0.7958676815032959,0.006333827972412109,"[0, 3, 0, 0, 7, 7, 15, 10, 14, 20, 20, 0, 0, 25]","""[0, 3, 7, 3, 7, 3, 3, 5, 6, 5, 3, 32, 65, 0]"""
j10,1,proactive_quantile_0.9,60,True,33,0.057801246643066406,0.00039839744567871094,"[0, 2, 0, 0, 8, 7, 21, 12, 15, 23, 28, 0, 0, 64]","""[0, 5, 8, 1, 7, 5, 4, 7, 7, 6, 4, 32, 65, 0]"""
j10,1,reactive,60,False,inf,inf,inf,null,"[0, 5, 8, 1, 7, 5, 4, 7, 7, 6, 4, 32, 65, 0]"
j10,1,stnu,60,True,28,0.9391269683837891,0.00615692138671875,"[0, 1, 0, 0, 8, 8, 20, 13, 15, 22, 24, 0, 0, 28]","""[0, 5, 8, 1, 7, 5, 4, 7, 7, 6, 4, 32, 65, 0]"""
j10,1,proactive_quantile_0.9,60,True,33,0.062200307846069336,0.0003838539123535156,"[0, 2, 0, 0, 8, 7, 21, 12, 15, 23, 28, 0, 0, 64]","""[0, 4, 4, 2, 6, 5, 7, 8, 6, 5, 5, 32, 65, 0]"""
j10,1,reactive,60,True,33,0.062200307846069336,0.12133288383483887,"[0, 2, 0, 0, 8, 7, 21, 12, 15, 23, 28, 0, 0, 33]","[0, 4, 4, 2, 6, 5, 7, 8, 6, 5, 5, 32, 65, 0]"
j10,1,stnu,60,True,29,0.7940020561218262,0.006333827972412109,"[0, 2, 0, 0, 6, 4, 17, 9, 12, 18, 24, 0, 0, 29]","""[0, 4, 4, 2, 6, 5, 7, 8, 6, 5, 5, 32, 65, 0]"""
j10,1,proactive_quantile_0.9,60,False,inf,0.059393882751464844,inf,"[0, 2, 0, 0, 8, 7, 21, 12, 15, 23, 28, 0, 0, 64]","""[0, 6, 3, 1, 8, 5, 3, 10, 8, 6, 5, 32, 65, 0]"""
j10,1,reactive,60,False,inf,inf,inf,null,"[0, 6, 3, 1, 8, 5, 3, 10, 8, 6, 5, 32, 65, 0]"
j10,1,stnu,60,True,29,0.7744643688201904,0.006294727325439453,"[0, 1, 0, 0, 7, 3, 18, 8, 15, 23, 23, 0, 0, 29]","""[0, 6, 3, 1, 8, 5, 3, 10, 8, 6, 5, 32, 65, 0]"""
j10,1,proactive_quantile_0.9,60,False,inf,0.0561375617980957,inf,"[0, 2, 0, 0, 8, 7, 21, 12, 15, 23, 28, 0, 0, 64]","""[0, 4, 8, 1, 7, 4, 5, 10, 7, 3, 2, 32, 65, 0]"""
j10,1,reactive,60,False,inf,inf,inf,null,"[0, 4, 8, 1, 7, 4, 5, 10, 7, 3, 2, 32, 65, 0]"
j10,1,stnu,60,True,29,0.7915210723876953,0.006255626678466797,"[0, 1, 0, 0, 8, 8, 22, 12, 15, 22, 27, 0, 0, 29]","""[0, 4, 8, 1, 7, 4, 5, 10, 7, 3, 2, 32, 65, 0]"""
j10,1,proactive_quantile_0.9,60,True,39,0.06125140190124512,0.0002751350402832031,"[0, 6, 0, 0, 7, 21, 18, 14, 24, 24, 31, 0, 41]","""[0, 8, 4, 4, 8, 2, 2, 5, 7, 3, 6, 42, 0]"""
j10,1,reactive,60,False,inf,inf,inf,null,"[0, 8, 4, 4, 8, 2, 2, 5, 7, 3, 6, 42, 0]"
j10,1,stnu,60,True,28,0.7836031913757324,0.005404233932495117,"[0, 4, 0, 0, 4, 17, 12, 12, 19, 19, 22, 0, 28]","""[0, 8, 4, 4, 8, 2, 2, 5, 7, 3, 6, 42, 0]"""
j10,1,proactive_quantile_0.9,60,True,39,0.059706926345825195,0.0003159046173095703,"[0, 6, 0, 0, 7, 21, 18, 14, 24, 24, 31, 0, 41]","""[0, 8, 3, 4, 8, 3, 3, 8, 6, 6, 9, 42, 0]"""
j10,1,reactive,60,False,inf,inf,inf,null,"[0, 8, 3, 4, 8, 3, 3, 8, 6, 6, 9, 42, 0]"
j10,1,stnu,60,True,38,0.7945339679718018,0.005338191986083984,"[0, 3, 0, 0, 4, 20, 12, 12, 23, 23, 29, 0, 38]","""[0, 8, 3, 4, 8, 3, 3, 8, 6, 6, 9, 42, 0]"""
j10,1,proactive_quantile_0.9,60,True,39,0.06502962112426758,0.0002949237823486328,"[0, 6, 0, 0, 7, 21, 18, 14, 24, 24, 31, 0, 41]","""[0, 10, 3, 7, 5, 3, 2, 8, 10, 3, 5, 42, 0]"""
j10,1,reactive,60,True,36,0.06502962112426758,0.16304540634155273,"[0, 6, 0, 0, 7, 21, 18, 14, 24, 24, 31, 0, 36]","[0, 10, 3, 7, 5, 3, 2, 8, 10, 3, 5, 42, 0]"
j10,1,stnu,60,True,33,0.8085355758666992,0.005398750305175781,"[0, 3, 0, 0, 7, 20, 13, 12, 23, 23, 26, 0, 33]","""[0, 10, 3, 7, 5, 3, 2, 8, 10, 3, 5, 42, 0]"""
j10,1,proactive_quantile_0.9,60,False,inf,0.05788707733154297,inf,"[0, 6, 0, 0, 7, 21, 18, 14, 24, 24, 31, 0, 41]","""[0, 10, 7, 7, 4, 2, 2, 7, 12, 7, 7, 42, 0]"""
j10,1,reactive,60,False,inf,inf,inf,null,"[0, 10, 7, 7, 4, 2, 2, 7, 12, 7, 7, 42, 0]"
j10,1,stnu,60,True,34,0.7862052917480469,0.005356311798095703,"[0, 7, 0, 0, 7, 18, 17, 11, 20, 20, 27, 0, 34]","""[0, 10, 7, 7, 4, 2, 2, 7, 12, 7, 7, 42, 0]"""
j10,1,proactive_quantile_0.9,60,False,inf,0.05917096138000488,inf,"[0, 6, 0, 0, 7, 21, 18, 14, 24, 24, 31, 0, 41]","""[0, 10, 7, 7, 6, 2, 6, 3, 8, 3, 7, 42, 0]"""
j10,1,reactive,60,False,inf,inf,inf,null,"[0, 10, 7, 7, 6, 2, 6, 3, 8, 3, 7, 42, 0]"
j10,1,stnu,60,True,33,0.8222877979278564,0.005351066589355469,"[0, 7, 0, 0, 7, 16, 17, 13, 23, 23, 26, 0, 33]","""[0, 10, 7, 7, 6, 2, 6, 3, 8, 3, 7, 42, 0]"""
j10,1,proactive_quantile_0.9,60,False,inf,0.05910205841064453,inf,"[0, 6, 0, 0, 7, 21, 18, 14, 24, 24, 31, 0, 41]","""[0, 9, 6, 3, 8, 2, 3, 4, 12, 5, 5, 42, 0]"""
j10,1,reactive,60,False,inf,inf,inf,null,"[0, 9, 6, 3, 8, 2, 3, 4, 12, 5, 5, 42, 0]"
j10,1,stnu,60,True,32,0.774254322052002,0.005406856536865234,"[0, 6, 0, 0, 6, 18, 15, 14, 20, 20, 25, 0, 32]","""[0, 9, 6, 3, 8, 2, 3, 4, 12, 5, 5, 42, 0]"""
j10,1,proactive_quantile_0.9,60,False,inf,0.05946755409240723,inf,"[0, 6, 0, 0, 7, 21, 18, 14, 24, 24, 31, 0, 41]","""[0, 12, 4, 6, 8, 3, 3, 3, 6, 3, 6, 42, 0]"""
j10,1,reactive,60,False,inf,inf,inf,null,"[0, 12, 4, 6, 8, 3, 3, 3, 6, 3, 6, 42, 0]"
j10,1,stnu,60,True,29,0.9245612621307373,0.0054514408111572266,"[0, 4, 0, 0, 6, 17, 16, 14, 20, 20, 23, 0, 29]","""[0, 12, 4, 6, 8, 3, 3, 3, 6, 3, 6, 42, 0]"""
j10,1,proactive_quantile_0.9,60,False,inf,0.060563087463378906,inf,"[0, 6, 0, 0, 7, 21, 18, 14, 24, 24, 31, 0, 41]","""[0, 13, 2, 4, 5, 1, 6, 6, 11, 3, 4, 42, 0]"""
j10,1,reactive,60,False,inf,inf,inf,null,"[0, 13, 2, 4, 5, 1, 6, 6, 11, 3, 4, 42, 0]"
j10,1,stnu,60,True,32,0.7829222679138184,0.005600929260253906,"[0, 2, 0, 0, 4, 15, 15, 9, 21, 21, 24, 0, 32]","""[0, 13, 2, 4, 5, 1, 6, 6, 11, 3, 4, 42, 0]"""
j10,1,proactive_quantile_0.9,60,True,39,0.05864453315734863,0.0003008842468261719,"[0, 6, 0, 0, 7, 21, 18, 14, 24, 24, 31, 0, 41]","""[0, 7, 3, 4, 5, 3, 6, 7, 12, 6, 9, 42, 0]"""
j10,1,reactive,60,True,39,0.05864453315734863,0.15238499641418457,"[0, 6, 0, 0, 7, 21, 18, 14, 24, 24, 30, 0, 39]","[0, 7, 3, 4, 5, 3, 6, 7, 12, 6, 9, 42, 0]"
j10,1,stnu,60,True,34,0.9560103416442871,0.0061838626861572266,"[0, 3, 0, 0, 4, 16, 10, 9, 19, 19, 25, 0, 34]","""[0, 7, 3, 4, 5, 3, 6, 7, 12, 6, 9, 42, 0]"""
j10,1,proactive_quantile_0.9,60,False,inf,0.05693817138671875,inf,"[0, 6, 0, 0, 7, 21, 18, 14, 24, 24, 31, 0, 41]","""[0, 7, 7, 4, 6, 2, 7, 5, 13, 7, 6, 42, 0]"""
j10,1,reactive,60,False,inf,inf,inf,null,"[0, 7, 7, 4, 6, 2, 7, 5, 13, 7, 6, 42, 0]"
j10,1,stnu,60,True,34,0.7813477516174316,0.005330562591552734,"[0, 7, 0, 0, 7, 18, 14, 13, 21, 21, 28, 0, 34]","""[0, 7, 7, 4, 6, 2, 7, 5, 13, 7, 6, 42, 0]"""
j10,1,proactive_quantile_0.9,60,True,25,0.06500029563903809,0.001115560531616211,"[0, 0, 0, 0, 2, 7, 9, 6, 17, 17, 17, 0, 0, 0, 0, 0, 0, 0, 0, 0, 79]","""[0, 3, 6, 5, 7, 7, 6, 5, 4, 6, 1, 59, 14, 35, 45, 80, 34, 75, 69, 40, 0]"""
j10,1,reactive,60,False,inf,inf,inf,null,"[0, 3, 6, 5, 7, 7, 6, 5, 4, 6, 1, 59, 14, 35, 45, 80, 34, 75, 69, 40, 0]"
j10,1,stnu,60,True,22,0.8772087097167969,0.013223886489868164,"[0, 0, 0, 0, 3, 6, 10, 5, 16, 16, 16, 0, 0, 0, 0, 0, 0, 0, 0, 0, 22]","""[0, 3, 6, 5, 7, 7, 6, 5, 4, 6, 1, 59, 14, 35, 45, 80, 34, 75, 69, 40, 0]"""
j10,1,proactive_quantile_0.9,60,True,25,0.06136441230773926,0.0010998249053955078,"[0, 0, 0, 0, 2, 7, 9, 6, 17, 17, 17, 0, 0, 0, 0, 0, 0, 0, 0, 0, 79]","""[0, 3, 5, 2, 4, 6, 9, 8, 8, 4, 3, 59, 14, 35, 45, 80, 34, 75, 69, 40, 0]"""
j10,1,reactive,60,False,inf,inf,inf,null,"[0, 3, 5, 2, 4, 6, 9, 8, 8, 4, 3, 59, 14, 35, 45, 80, 34, 75, 69, 40, 0]"
j10,1,stnu,60,True,24,0.8241698741912842,0.013054847717285156,"[0, 0, 0, 0, 3, 5, 7, 3, 16, 16, 16, 0, 0, 0, 0, 0, 0, 0, 0, 0, 24]","""[0, 3, 5, 2, 4, 6, 9, 8, 8, 4, 3, 59, 14, 35, 45, 80, 34, 75, 69, 40, 0]"""
j10,1,proactive_quantile_0.9,60,True,25,0.06096172332763672,0.0010714530944824219,"[0, 0, 0, 0, 2, 7, 9, 6, 17, 17, 17, 0, 0, 0, 0, 0, 0, 0, 0, 0, 79]","""[0, 3, 3, 7, 5, 6, 7, 6, 5, 7, 4, 59, 14, 35, 45, 80, 34, 75, 69, 40, 0]"""
j10,1,reactive,60,False,inf,inf,inf,null,"[0, 3, 3, 7, 5, 6, 7, 6, 5, 7, 4, 59, 14, 35, 45, 80, 34, 75, 69, 40, 0]"
j10,1,stnu,60,True,22,0.8140826225280762,0.013410806655883789,"[0, 0, 0, 0, 3, 7, 8, 7, 15, 15, 15, 0, 0, 0, 0, 0, 0, 0, 0, 0, 22]","""[0, 3, 3, 7, 5, 6, 7, 6, 5, 7, 4, 59, 14, 35, 45, 80, 34, 75, 69, 40, 0]"""
j10,1,proactive_quantile_0.9,60,True,25,0.0671851634979248,0.0011026859283447266,"[0, 0, 0, 0, 2, 7, 9, 6, 17, 17, 17, 0, 0, 0, 0, 0, 0, 0, 0, 0, 79]","""[0, 3, 6, 7, 7, 5, 8, 5, 6, 5, 4, 59, 14, 35, 45, 80, 34, 75, 69, 40, 0]"""
j10,1,reactive,60,False,inf,inf,inf,null,"[0, 3, 6, 7, 7, 5, 8, 5, 6, 5, 4, 59, 14, 35, 45, 80, 34, 75, 69, 40, 0]"
j10,1,stnu,60,True,24,0.827683687210083,0.013389825820922852,"[0, 0, 0, 0, 3, 7, 10, 7, 18, 18, 18, 0, 0, 0, 0, 0, 0, 0, 0, 0, 24]","""[0, 3, 6, 7, 7, 5, 8, 5, 6, 5, 4, 59, 14, 35, 45, 80, 34, 75, 69, 40, 0]"""
j10,1,proactive_quantile_0.9,60,True,25,0.06037449836730957,0.0010335445404052734,"[0, 0, 0, 0, 2, 7, 9, 6, 17, 17, 17, 0, 0, 0, 0, 0, 0, 0, 0, 0, 79]","""[0, 3, 5, 2, 6, 3, 7, 7, 8, 8, 1, 59, 14, 35, 45, 80, 34, 75, 69, 40, 0]"""
j10,1,reactive,60,False,inf,inf,inf,null,"[0, 3, 5, 2, 6, 3, 7, 7, 8, 8, 1, 59, 14, 35, 45, 80, 34, 75, 69, 40, 0]"
j10,1,stnu,60,True,24,0.814708948135376,0.013330698013305664,"[0, 0, 0, 0, 3, 5, 9, 3, 16, 16, 16, 0, 0, 0, 0, 0, 0, 0, 0, 0, 24]","""[0, 3, 5, 2, 6, 3, 7, 7, 8, 8, 1, 59, 14, 35, 45, 80, 34, 75, 69, 40, 0]"""
j10,1,proactive_quantile_0.9,60,True,25,0.06071972846984863,0.0009875297546386719,"[0, 0, 0, 0, 2, 7, 9, 6, 17, 17, 17, 0, 0, 0, 0, 0, 0, 0, 0, 0, 79]","""[0, 1, 8, 2, 5, 3, 9, 5, 3, 6, 4, 59, 14, 35, 45, 80, 34, 75, 69, 40, 0]"""
j10,1,reactive,60,False,inf,inf,inf,null,"[0, 1, 8, 2, 5, 3, 9, 5, 3, 6, 4, 59, 14, 35, 45, 80, 34, 75, 69, 40, 0]"
j10,1,stnu,60,True,23,0.8266143798828125,0.013336896896362305,"[0, 0, 0, 0, 1, 8, 8, 2, 17, 17, 17, 0, 0, 0, 0, 0, 0, 0, 0, 0, 23]","""[0, 1, 8, 2, 5, 3, 9, 5, 3, 6, 4, 59, 14, 35, 45, 80, 34, 75, 69, 40, 0]"""
j10,1,proactive_quantile_0.9,60,True,25,0.06328034400939941,0.0010464191436767578,"[0, 0, 0, 0, 2, 7, 9, 6, 17, 17, 17, 0, 0, 0, 0, 0, 0, 0, 0, 0, 79]","""[0, 3, 4, 5, 7, 7, 4, 6, 6, 9, 3, 59, 14, 35, 45, 80, 34, 75, 69, 40, 0]"""
j10,1,reactive,60,False,inf,inf,inf,null,"[0, 3, 4, 5, 7, 7, 4, 6, 6, 9, 3, 59, 14, 35, 45, 80, 34, 75, 69, 40, 0]"
j10,1,stnu,60,True,23,0.8266491889953613,0.013291358947753906,"[0, 0, 0, 0, 3, 5, 10, 5, 14, 14, 14, 0, 0, 0, 0, 0, 0, 0, 0, 0, 23]","""[0, 3, 4, 5, 7, 7, 4, 6, 6, 9, 3, 59, 14, 35, 45, 80, 34, 75, 69, 40, 0]"""
j10,1,proactive_quantile_0.9,60,False,inf,0.05987906455993652,inf,"[0, 0, 0, 0, 2, 7, 9, 6, 17, 17, 17, 0, 0, 0, 0, 0, 0, 0, 0, 0, 79]","""[0, 1, 7, 7, 8, 7, 8, 5, 3, 5, 2, 59, 14, 35, 45, 80, 34, 75, 69, 40, 0]"""
j10,1,reactive,60,False,inf,inf,inf,null,"[0, 1, 7, 7, 8, 7, 8, 5, 3, 5, 2, 59, 14, 35, 45, 80, 34, 75, 69, 40, 0]"
j10,1,stnu,60,True,22,0.8353695869445801,0.013315439224243164,"[0, 0, 0, 0, 1, 7, 9, 7, 17, 17, 17, 0, 0, 0, 0, 0, 0, 0, 0, 0, 22]","""[0, 1, 7, 7, 8, 7, 8, 5, 3, 5, 2, 59, 14, 35, 45, 80, 34, 75, 69, 40, 0]"""
j10,1,proactive_quantile_0.9,60,True,25,0.061945199966430664,0.0010356903076171875,"[0, 0, 0, 0, 2, 7, 9, 6, 17, 17, 17, 0, 0, 0, 0, 0, 0, 0, 0, 0, 79]","""[0, 2, 7, 3, 6, 6, 8, 5, 6, 8, 1, 59, 14, 35, 45, 80, 34, 75, 69, 40, 0]"""
j10,1,reactive,60,True,25,0.061945199966430664,0.15805435180664062,"[0, 0, 0, 0, 2, 7, 9, 6, 17, 17, 17, 0, 0, 0, 0, 0, 0, 0, 0, 0, 25]","[0, 2, 7, 3, 6, 6, 8, 5, 6, 8, 1, 59, 14, 35, 45, 80, 34, 75, 69, 40, 0]"
j10,1,stnu,60,True,24,0.8285245895385742,0.013576269149780273,"[0, 0, 0, 0, 2, 7, 8, 3, 16, 16, 16, 0, 0, 0, 0, 0, 0, 0, 0, 0, 24]","""[0, 2, 7, 3, 6, 6, 8, 5, 6, 8, 1, 59, 14, 35, 45, 80, 34, 75, 69, 40, 0]"""
j10,1,proactive_quantile_0.9,60,True,25,0.06196713447570801,0.001088857650756836,"[0, 0, 0, 0, 2, 7, 9, 6, 17, 17, 17, 0, 0, 0, 0, 0, 0, 0, 0, 0, 79]","""[0, 3, 4, 5, 5, 8, 9, 5, 6, 5, 4, 59, 14, 35, 45, 80, 34, 75, 69, 40, 0]"""
j10,1,reactive,60,False,inf,inf,inf,null,"[0, 3, 4, 5, 5, 8, 9, 5, 6, 5, 4, 59, 14, 35, 45, 80, 34, 75, 69, 40, 0]"
j10,1,stnu,60,True,23,0.935276985168457,0.01333165168762207,"[0, 0, 0, 0, 3, 5, 8, 5, 17, 17, 17, 0, 0, 0, 0, 0, 0, 0, 0, 0, 23]","""[0, 3, 4, 5, 5, 8, 9, 5, 6, 5, 4, 59, 14, 35, 45, 80, 34, 75, 69, 40, 0]"""
j10,1,proactive_quantile_0.9,60,False,inf,0.06374645233154297,inf,"[0, 0, 0, 0, 5, 13, 11, 11, 18, 18, 5, 0, 0, 0, 0, 0, 0, 60]","""[0, 3, 2, 4, 3, 6, 2, 4, 4, 2, 6, 30, 52, 59, 15, 48, 61, 0]"""
j10,1,reactive,60,False,inf,inf,inf,null,"[0, 3, 2, 4, 3, 6, 2, 4, 4, 2, 6, 30, 52, 59, 15, 48, 61, 0]"
j10,1,stnu,60,False,inf,0.7771885395050049,inf,[],"""[0, 3, 2, 4, 3, 6, 2, 4, 4, 2, 6, 30, 52, 59, 15, 48, 61, 0]"""
j10,1,proactive_quantile_0.9,60,True,21,0.06543421745300293,0.0006580352783203125,"[0, 0, 0, 0, 5, 13, 11, 11, 18, 18, 5, 0, 0, 0, 0, 0, 0, 60]","""[0, 2, 1, 4, 2, 5, 2, 3, 4, 1, 5, 30, 52, 59, 15, 48, 61, 0]"""
j10,1,reactive,60,True,22,0.06543421745300293,0.18879103660583496,"[0, 0, 0, 0, 5, 13, 11, 11, 18, 18, 5, 0, 0, 0, 0, 0, 0, 22]","[0, 2, 1, 4, 2, 5, 2, 3, 4, 1, 5, 30, 52, 59, 15, 48, 61, 0]"
j10,1,stnu,60,False,inf,0.912330150604248,inf,[],"""[0, 2, 1, 4, 2, 5, 2, 3, 4, 1, 5, 30, 52, 59, 15, 48, 61, 0]"""
j10,1,proactive_quantile_0.9,60,False,inf,0.0645442008972168,inf,"[0, 0, 0, 0, 5, 13, 11, 11, 18, 18, 5, 0, 0, 0, 0, 0, 0, 60]","""[0, 4, 1, 6, 4, 6, 3, 1, 3, 3, 9, 30, 52, 59, 15, 48, 61, 0]"""
j10,1,reactive,60,False,inf,inf,inf,null,"[0, 4, 1, 6, 4, 6, 3, 1, 3, 3, 9, 30, 52, 59, 15, 48, 61, 0]"
j10,1,stnu,60,False,inf,0.762998104095459,inf,[],"""[0, 4, 1, 6, 4, 6, 3, 1, 3, 3, 9, 30, 52, 59, 15, 48, 61, 0]"""
j10,1,proactive_quantile_0.9,60,True,21,0.0685417652130127,0.0007214546203613281,"[0, 0, 0, 0, 5, 13, 11, 11, 18, 18, 5, 0, 0, 0, 0, 0, 0, 60]","""[0, 5, 2, 6, 6, 2, 5, 1, 1, 3, 6, 30, 52, 59, 15, 48, 61, 0]"""
j10,1,reactive,60,False,inf,inf,inf,null,"[0, 5, 2, 6, 6, 2, 5, 1, 1, 3, 6, 30, 52, 59, 15, 48, 61, 0]"
j10,1,stnu,60,False,inf,0.7688522338867188,inf,[],"""[0, 5, 2, 6, 6, 2, 5, 1, 1, 3, 6, 30, 52, 59, 15, 48, 61, 0]"""
j10,1,proactive_quantile_0.9,60,True,21,0.06506848335266113,0.0006740093231201172,"[0, 0, 0, 0, 5, 13, 11, 11, 18, 18, 5, 0, 0, 0, 0, 0, 0, 60]","""[0, 5, 3, 5, 4, 2, 2, 2, 4, 2, 8, 30, 52, 59, 15, 48, 61, 0]"""
j10,1,reactive,60,True,22,0.06506848335266113,0.14141368865966797,"[0, 0, 0, 0, 5, 13, 11, 11, 18, 18, 5, 0, 0, 0, 0, 0, 0, 22]","[0, 5, 3, 5, 4, 2, 2, 2, 4, 2, 8, 30, 52, 59, 15, 48, 61, 0]"
j10,1,stnu,60,False,inf,0.7588162422180176,inf,[],"""[0, 5, 3, 5, 4, 2, 2, 2, 4, 2, 8, 30, 52, 59, 15, 48, 61, 0]"""
j10,1,proactive_quantile_0.9,60,True,21,0.06982660293579102,0.0006811618804931641,"[0, 0, 0, 0, 5, 13, 11, 11, 18, 18, 5, 0, 0, 0, 0, 0, 0, 60]","""[0, 4, 3, 4, 6, 4, 7, 2, 3, 3, 5, 30, 52, 59, 15, 48, 61, 0]"""
j10,1,reactive,60,True,21,0.06982660293579102,0.1937425136566162,"[0, 0, 0, 0, 5, 13, 11, 11, 18, 18, 5, 0, 0, 0, 0, 0, 0, 21]","[0, 4, 3, 4, 6, 4, 7, 2, 3, 3, 5, 30, 52, 59, 15, 48, 61, 0]"
j10,1,stnu,60,False,inf,0.8723549842834473,inf,[],"""[0, 4, 3, 4, 6, 4, 7, 2, 3, 3, 5, 30, 52, 59, 15, 48, 61, 0]"""
j10,1,proactive_quantile_0.9,60,False,inf,0.06621122360229492,inf,"[0, 0, 0, 0, 5, 13, 11, 11, 18, 18, 5, 0, 0, 0, 0, 0, 0, 60]","""[0, 3, 3, 6, 3, 6, 6, 4, 4, 2, 6, 30, 52, 59, 15, 48, 61, 0]"""
j10,1,reactive,60,False,inf,inf,inf,null,"[0, 3, 3, 6, 3, 6, 6, 4, 4, 2, 6, 30, 52, 59, 15, 48, 61, 0]"
j10,1,stnu,60,False,inf,0.7663912773132324,inf,[],"""[0, 3, 3, 6, 3, 6, 6, 4, 4, 2, 6, 30, 52, 59, 15, 48, 61, 0]"""
j10,1,proactive_quantile_0.9,60,False,inf,0.061743974685668945,inf,"[0, 0, 0, 0, 5, 13, 11, 11, 18, 18, 5, 0, 0, 0, 0, 0, 0, 60]","""[0, 2, 1, 5, 7, 6, 5, 4, 1, 3, 5, 30, 52, 59, 15, 48, 61, 0]"""
j10,1,reactive,60,False,inf,inf,inf,null,"[0, 2, 1, 5, 7, 6, 5, 4, 1, 3, 5, 30, 52, 59, 15, 48, 61, 0]"
j10,1,stnu,60,False,inf,0.7383034229278564,inf,[],"""[0, 2, 1, 5, 7, 6, 5, 4, 1, 3, 5, 30, 52, 59, 15, 48, 61, 0]"""
j10,1,proactive_quantile_0.9,60,False,inf,0.0630805492401123,inf,"[0, 0, 0, 0, 5, 13, 11, 11, 18, 18, 5, 0, 0, 0, 0, 0, 0, 60]","""[0, 5, 1, 4, 4, 6, 3, 3, 3, 3, 5, 30, 52, 59, 15, 48, 61, 0]"""
j10,1,reactive,60,False,inf,inf,inf,null,"[0, 5, 1, 4, 4, 6, 3, 3, 3, 3, 5, 30, 52, 59, 15, 48, 61, 0]"
j10,1,stnu,60,False,inf,0.7499887943267822,inf,[],"""[0, 5, 1, 4, 4, 6, 3, 3, 3, 3, 5, 30, 52, 59, 15, 48, 61, 0]"""
j10,1,proactive_quantile_0.9,60,True,21,0.06337189674377441,0.0007038116455078125,"[0, 0, 0, 0, 5, 13, 11, 11, 18, 18, 5, 0, 0, 0, 0, 0, 0, 60]","""[0, 3, 2, 6, 3, 4, 7, 2, 4, 2, 8, 30, 52, 59, 15, 48, 61, 0]"""
j10,1,reactive,60,False,inf,inf,inf,null,"[0, 3, 2, 6, 3, 4, 7, 2, 4, 2, 8, 30, 52, 59, 15, 48, 61, 0]"
j10,1,stnu,60,False,inf,0.7848291397094727,inf,[],"""[0, 3, 2, 6, 3, 4, 7, 2, 4, 2, 8, 30, 52, 59, 15, 48, 61, 0]"""
j10,1,proactive_quantile_0.9,60,False,inf,0.08711695671081543,inf,"[0, 0, 6, 13, 9, 3, 10, 5, 10, 20, 18, 0, 0, 0, 0, 0, 0, 0, 0, 77]","""[0, 4, 3, 3, 1, 3, 3, 1, 2, 1, 1, 10, 68, 21, 13, 78, 25, 54, 57, 0]"""
j10,1,reactive,60,False,inf,inf,inf,null,"[0, 4, 3, 3, 1, 3, 3, 1, 2, 1, 1, 10, 68, 21, 13, 78, 25, 54, 57, 0]"
j10,1,stnu,60,False,inf,0.8349199295043945,inf,[],"""[0, 4, 3, 4, 3, 3, 3, 1, 2, 1, 1, 10, 68, 21, 13, 78, 25, 54, 57, 0]"""
j10,1,proactive_quantile_0.9,60,False,inf,0.08309364318847656,inf,"[0, 0, 6, 13, 9, 3, 10, 5, 10, 20, 18, 0, 0, 0, 0, 0, 0, 0, 0, 77]","""[0, 3, 4, 2, 1, 1, 2, 2, 2, 2, 3, 10, 68, 21, 13, 78, 25, 54, 57, 0]"""
j10,1,reactive,60,False,inf,inf,inf,null,"[0, 3, 4, 2, 1, 1, 2, 2, 2, 2, 3, 10, 68, 21, 13, 78, 25, 54, 57, 0]"
j10,1,stnu,60,False,inf,0.8240342140197754,inf,[],"""[0, 3, 4, 4, 3, 1, 2, 2, 2, 2, 3, 10, 68, 21, 13, 78, 25, 54, 57, 0]"""
j10,1,proactive_quantile_0.9,60,False,inf,0.08262944221496582,inf,"[0, 0, 6, 13, 9, 3, 10, 5, 10, 20, 18, 0, 0, 0, 0, 0, 0, 0, 0, 77]","""[0, 2, 4, 4, 1, 3, 3, 1, 2, 2, 1, 10, 68, 21, 13, 78, 25, 54, 57, 0]"""
j10,1,reactive,60,False,inf,inf,inf,null,"[0, 2, 4, 4, 1, 3, 3, 1, 2, 2, 1, 10, 68, 21, 13, 78, 25, 54, 57, 0]"
j10,1,stnu,60,False,inf,0.8203792572021484,inf,[],"""[0, 2, 4, 5, 1, 3, 3, 1, 2, 2, 1, 10, 68, 21, 13, 78, 25, 54, 57, 0]"""
j10,1,proactive_quantile_0.9,60,False,inf,0.0882253646850586,inf,"[0, 0, 6, 13, 9, 3, 10, 5, 10, 20, 18, 0, 0, 0, 0, 0, 0, 0, 0, 77]","""[0, 2, 2, 4, 2, 1, 1, 2, 4, 1, 2, 10, 68, 21, 13, 78, 25, 54, 57, 0]"""
j10,1,reactive,60,False,inf,inf,inf,null,"[0, 2, 2, 4, 2, 1, 1, 2, 4, 1, 2, 10, 68, 21, 13, 78, 25, 54, 57, 0]"
j10,1,stnu,60,False,inf,0.8107366561889648,inf,[],"""[0, 2, 2, 8, 3, 1, 1, 2, 4, 1, 2, 10, 68, 21, 13, 78, 25, 54, 57, 0]"""
j10,1,proactive_quantile_0.9,60,False,inf,0.0888221263885498,inf,"[0, 0, 6, 13, 9, 3, 10, 5, 10, 20, 18, 0, 0, 0, 0, 0, 0, 0, 0, 77]","""[0, 4, 4, 6, 2, 3, 3, 2, 1, 1, 1, 10, 68, 21, 13, 78, 25, 54, 57, 0]"""
j10,1,reactive,60,False,inf,inf,inf,null,"[0, 4, 4, 6, 2, 3, 3, 2, 1, 1, 1, 10, 68, 21, 13, 78, 25, 54, 57, 0]"
j10,1,stnu,60,False,inf,0.8019006252288818,inf,[],"""[0, 4, 4, 8, 3, 3, 3, 2, 1, 1, 1, 10, 68, 21, 13, 78, 25, 54, 57, 0]"""
j10,1,proactive_quantile_0.9,60,False,inf,0.08278417587280273,inf,"[0, 0, 6, 13, 9, 3, 10, 5, 10, 20, 18, 0, 0, 0, 0, 0, 0, 0, 0, 77]","""[0, 4, 3, 2, 2, 1, 4, 2, 4, 1, 2, 10, 68, 21, 13, 78, 25, 54, 57, 0]"""
j10,1,reactive,60,False,inf,inf,inf,null,"[0, 4, 3, 2, 2, 1, 4, 2, 4, 1, 2, 10, 68, 21, 13, 78, 25, 54, 57, 0]"
j10,1,stnu,60,False,inf,0.8055992126464844,inf,[],"""[0, 4, 3, 8, 2, 1, 4, 2, 4, 1, 2, 10, 68, 21, 13, 78, 25, 54, 57, 0]"""
j10,1,proactive_quantile_0.9,60,False,inf,0.08291053771972656,inf,"[0, 0, 6, 13, 9, 3, 10, 5, 10, 20, 18, 0, 0, 0, 0, 0, 0, 0, 0, 77]","""[0, 3, 2, 5, 1, 2, 4, 2, 4, 3, 3, 10, 68, 21, 13, 78, 25, 54, 57, 0]"""
j10,1,reactive,60,False,inf,inf,inf,null,"[0, 3, 2, 5, 1, 2, 4, 2, 4, 3, 3, 10, 68, 21, 13, 78, 25, 54, 57, 0]"
j10,1,stnu,60,False,inf,0.8208801746368408,inf,[],"""[0, 3, 2, 4, 1, 2, 4, 2, 4, 3, 3, 10, 68, 21, 13, 78, 25, 54, 57, 0]"""
j10,1,proactive_quantile_0.9,60,False,inf,0.08404111862182617,inf,"[0, 0, 6, 13, 9, 3, 10, 5, 10, 20, 18, 0, 0, 0, 0, 0, 0, 0, 0, 77]","""[0, 2, 2, 4, 1, 1, 4, 1, 4, 2, 1, 10, 68, 21, 13, 78, 25, 54, 57, 0]"""
j10,1,reactive,60,False,inf,inf,inf,null,"[0, 2, 2, 4, 1, 1, 4, 1, 4, 2, 1, 10, 68, 21, 13, 78, 25, 54, 57, 0]"
j10,1,stnu,60,False,inf,0.8197028636932373,inf,[],"""[0, 2, 2, 9, 2, 1, 4, 1, 4, 2, 1, 10, 68, 21, 13, 78, 25, 54, 57, 0]"""
j10,1,proactive_quantile_0.9,60,False,inf,0.08764266967773438,inf,"[0, 0, 6, 13, 9, 3, 10, 5, 10, 20, 18, 0, 0, 0, 0, 0, 0, 0, 0, 77]","""[0, 2, 3, 6, 2, 3, 2, 2, 2, 2, 2, 10, 68, 21, 13, 78, 25, 54, 57, 0]"""
j10,1,reactive,60,False,inf,inf,inf,null,"[0, 2, 3, 6, 2, 3, 2, 2, 2, 2, 2, 10, 68, 21, 13, 78, 25, 54, 57, 0]"
j10,1,stnu,60,False,inf,0.807584285736084,inf,[],"""[0, 2, 3, 9, 2, 3, 2, 2, 2, 2, 2, 10, 68, 21, 13, 78, 25, 54, 57, 0]"""
j10,1,proactive_quantile_0.9,60,False,inf,0.08153867721557617,inf,"[0, 0, 6, 13, 9, 3, 10, 5, 10, 20, 18, 0, 0, 0, 0, 0, 0, 0, 0, 77]","""[0, 1, 2, 4, 2, 3, 1, 2, 2, 3, 3, 10, 68, 21, 13, 78, 25, 54, 57, 0]"""
j10,1,reactive,60,False,inf,inf,inf,null,"[0, 1, 2, 4, 2, 3, 1, 2, 2, 3, 3, 10, 68, 21, 13, 78, 25, 54, 57, 0]"
j10,1,stnu,60,False,inf,0.8051588535308838,inf,[],"""[0, 1, 2, 4, 2, 3, 1, 2, 2, 3, 3, 10, 68, 21, 13, 78, 25, 54, 57, 0]"""
j10,1,proactive_quantile_0.9,60,True,24,0.0540773868560791,0.00024008750915527344,"[0, 0, 0, 0, 6, 9, 11, 5, 16, 16, 16, 0, 38]","""[0, 7, 6, 5, 1, 5, 2, 2, 2, 6, 9, 39, 0]"""
j10,1,reactive,60,False,inf,inf,inf,null,"[0, 7, 6, 5, 1, 5, 2, 2, 2, 6, 9, 39, 0]"
j10,1,stnu,60,True,19,0.7692666053771973,0.005173444747924805,"[0, 0, 0, 0, 7, 8, 8, 5, 13, 13, 10, 0, 19]","""[0, 7, 6, 5, 1, 5, 2, 2, 2, 6, 9, 39, 0]"""
j10,1,proactive_quantile_0.9,60,False,inf,0.06436586380004883,inf,"[0, 0, 0, 0, 6, 9, 11, 5, 16, 16, 16, 0, 38]","""[0, 2, 10, 3, 2, 5, 6, 7, 1, 6, 6, 39, 0]"""
j10,1,reactive,60,False,inf,inf,inf,null,"[0, 2, 10, 3, 2, 5, 6, 7, 1, 6, 6, 39, 0]"
j10,1,stnu,60,True,22,0.790325403213501,0.005202531814575195,"[0, 0, 0, 0, 3, 10, 10, 3, 16, 16, 16, 0, 22]","""[0, 2, 10, 3, 2, 5, 6, 7, 1, 6, 6, 39, 0]"""
j10,1,proactive_quantile_0.9,60,False,inf,0.05639481544494629,inf,"[0, 0, 0, 0, 6, 9, 11, 5, 16, 16, 16, 0, 38]","""[0, 7, 10, 4, 2, 6, 2, 7, 2, 7, 6, 39, 0]"""
j10,1,reactive,60,False,inf,inf,inf,null,"[0, 7, 10, 4, 2, 6, 2, 7, 2, 7, 6, 39, 0]"
j10,1,stnu,60,True,23,0.7720308303833008,0.005321979522705078,"[0, 0, 0, 0, 7, 10, 11, 4, 16, 16, 13, 0, 23]","""[0, 7, 10, 4, 2, 6, 2, 7, 2, 7, 6, 39, 0]"""
j10,1,proactive_quantile_0.9,60,True,24,0.0570988655090332,0.0002608299255371094,"[0, 0, 0, 0, 6, 9, 11, 5, 16, 16, 16, 0, 38]","""[0, 5, 9, 5, 2, 3, 6, 3, 2, 3, 6, 39, 0]"""
j10,1,reactive,60,False,inf,inf,inf,null,"[0, 5, 9, 5, 2, 3, 6, 3, 2, 3, 6, 39, 0]"
j10,1,stnu,60,True,21,0.8555862903594971,0.0052509307861328125,"[0, 0, 0, 0, 5, 9, 9, 5, 15, 15, 15, 0, 21]","""[0, 5, 9, 5, 2, 3, 6, 3, 2, 3, 6, 39, 0]"""
j10,1,proactive_quantile_0.9,60,True,24,0.05631852149963379,0.0002694129943847656,"[0, 0, 0, 0, 6, 9, 11, 5, 16, 16, 16, 0, 38]","""[0, 7, 6, 2, 2, 5, 3, 2, 2, 5, 7, 39, 0]"""
j10,1,reactive,60,False,inf,inf,inf,null,"[0, 7, 6, 2, 2, 5, 3, 2, 2, 5, 7, 39, 0]"
j10,1,stnu,60,True,19,0.9004132747650146,0.00517582893371582,"[0, 0, 0, 0, 7, 9, 9, 2, 14, 14, 12, 0, 19]","""[0, 7, 6, 2, 2, 5, 3, 2, 2, 5, 7, 39, 0]"""
j10,1,proactive_quantile_0.9,60,False,inf,0.052160024642944336,inf,"[0, 0, 0, 0, 6, 9, 11, 5, 16, 16, 16, 0, 38]","""[0, 7, 7, 2, 1, 8, 2, 5, 2, 7, 7, 39, 0]"""
j10,1,reactive,60,False,inf,inf,inf,null,"[0, 7, 7, 2, 1, 8, 2, 5, 2, 7, 7, 39, 0]"
j10,1,stnu,60,True,23,0.7753701210021973,0.005246400833129883,"[0, 0, 0, 0, 7, 8, 8, 2, 16, 16, 10, 0, 23]","""[0, 7, 7, 2, 1, 8, 2, 5, 2, 7, 7, 39, 0]"""
j10,1,proactive_quantile_0.9,60,True,24,0.05916404724121094,0.00024962425231933594,"[0, 0, 0, 0, 6, 9, 11, 5, 16, 16, 16, 0, 38]","""[0, 3, 9, 5, 1, 3, 6, 2, 2, 8, 4, 39, 0]"""
j10,1,reactive,60,False,inf,inf,inf,null,"[0, 3, 9, 5, 1, 3, 6, 2, 2, 8, 4, 39, 0]"
j10,1,stnu,60,True,23,0.8131437301635742,0.0052738189697265625,"[0, 0, 0, 0, 5, 9, 9, 5, 15, 15, 15, 0, 23]","""[0, 3, 9, 5, 1, 3, 6, 2, 2, 8, 4, 39, 0]"""
j10,1,proactive_quantile_0.9,60,True,24,0.05607342720031738,0.00029087066650390625,"[0, 0, 0, 0, 6, 9, 11, 5, 16, 16, 16, 0, 38]","""[0, 6, 10, 6, 1, 7, 3, 4, 1, 7, 9, 39, 0]"""
j10,1,reactive,60,False,inf,inf,inf,null,"[0, 6, 10, 6, 1, 7, 3, 4, 1, 7, 9, 39, 0]"
j10,1,stnu,60,True,24,0.7804057598114014,0.005359172821044922,"[0, 0, 0, 0, 6, 10, 10, 6, 17, 17, 13, 0, 24]","""[0, 6, 10, 6, 1, 7, 3, 4, 1, 7, 9, 39, 0]"""
j10,1,proactive_quantile_0.9,60,False,inf,0.05759239196777344,inf,"[0, 0, 0, 0, 6, 9, 11, 5, 16, 16, 16, 0, 38]","""[0, 7, 10, 3, 2, 4, 6, 3, 1, 4, 8, 39, 0]"""
j10,1,reactive,60,False,inf,inf,inf,null,"[0, 7, 10, 3, 2, 4, 6, 3, 1, 4, 8, 39, 0]"
j10,1,stnu,60,True,24,0.7779290676116943,0.0054111480712890625,"[0, 0, 0, 0, 7, 10, 10, 3, 16, 16, 16, 0, 24]","""[0, 7, 10, 3, 2, 4, 6, 3, 1, 4, 8, 39, 0]"""
j10,1,proactive_quantile_0.9,60,True,24,0.056568145751953125,0.0002624988555908203,"[0, 0, 0, 0, 6, 9, 11, 5, 16, 16, 16, 0, 38]","""[0, 4, 5, 5, 2, 6, 5, 5, 1, 7, 4, 39, 0]"""
j10,1,reactive,60,True,23,0.056568145751953125,0.09871649742126465,"[0, 0, 0, 0, 6, 9, 11, 5, 16, 16, 16, 0, 23]","[0, 4, 5, 5, 2, 6, 5, 5, 1, 7, 4, 39, 0]"
j10,1,stnu,60,True,22,0.7760031223297119,0.00524592399597168,"[0, 0, 0, 0, 5, 7, 10, 5, 15, 15, 15, 0, 22]","""[0, 4, 5, 5, 2, 6, 5, 5, 1, 7, 4, 39, 0]"""
j10,1,proactive_quantile_0.9,60,True,28,0.05594921112060547,0.0004687309265136719,"[0, 0, 0, 0, 1, 1, 1, 13, 13, 20, 8, 0, 0, 0, 64]","""[0, 6, 1, 2, 3, 1, 13, 6, 1, 7, 10, 65, 52, 23, 0]"""
j10,1,reactive,60,False,inf,inf,inf,null,"[0, 6, 1, 2, 3, 1, 13, 6, 1, 7, 10, 65, 52, 23, 0]"
j10,1,stnu,60,True,28,0.7775232791900635,0.006876468658447266,"[0, 0, 0, 0, 2, 2, 2, 15, 15, 21, 6, 0, 0, 0, 28]","""[0, 6, 1, 2, 3, 1, 13, 6, 1, 7, 10, 65, 52, 23, 0]"""
j10,1,proactive_quantile_0.9,60,True,28,0.05687117576599121,0.0004913806915283203,"[0, 0, 0, 0, 1, 1, 1, 13, 13, 20, 8, 0, 0, 0, 64]","""[0, 3, 3, 2, 7, 2, 7, 8, 1, 5, 7, 65, 52, 23, 0]"""
j10,1,reactive,60,False,inf,inf,inf,null,"[0, 3, 3, 2, 7, 2, 7, 8, 1, 5, 7, 65, 52, 23, 0]"
j10,1,stnu,60,True,22,0.7804157733917236,0.0068302154541015625,"[0, 0, 0, 0, 2, 2, 2, 9, 9, 17, 9, 0, 0, 0, 22]","""[0, 3, 3, 2, 7, 2, 7, 8, 1, 5, 7, 65, 52, 23, 0]"""
j10,1,proactive_quantile_0.9,60,True,28,0.054325103759765625,0.0004703998565673828,"[0, 0, 0, 0, 1, 1, 1, 13, 13, 20, 8, 0, 0, 0, 64]","""[0, 6, 4, 1, 5, 3, 8, 5, 2, 8, 9, 65, 52, 23, 0]"""
j10,1,reactive,60,True,28,0.054325103759765625,0.08987307548522949,"[0, 0, 0, 0, 1, 1, 1, 13, 13, 20, 8, 0, 0, 0, 28]","[0, 6, 4, 1, 5, 3, 8, 5, 2, 8, 9, 65, 52, 23, 0]"
j10,1,stnu,60,True,23,0.788447380065918,0.00678563117980957,"[0, 0, 0, 0, 1, 1, 1, 9, 9, 15, 6, 0, 0, 0, 23]","""[0, 6, 4, 1, 5, 3, 8, 5, 2, 8, 9, 65, 52, 23, 0]"""
j10,1,proactive_quantile_0.9,60,True,28,0.07979440689086914,0.0004658699035644531,"[0, 0, 0, 0, 1, 1, 1, 13, 13, 20, 8, 0, 0, 0, 64]","""[0, 3, 1, 2, 4, 3, 8, 8, 2, 6, 10, 65, 52, 23, 0]"""
j10,1,reactive,60,False,inf,inf,inf,null,"[0, 3, 1, 2, 4, 3, 8, 8, 2, 6, 10, 65, 52, 23, 0]"
j10,1,stnu,60,True,24,0.7875931262969971,0.006857156753540039,"[0, 0, 0, 0, 2, 2, 2, 10, 10, 18, 6, 0, 0, 0, 24]","""[0, 3, 1, 2, 4, 3, 8, 8, 2, 6, 10, 65, 52, 23, 0]"""
j10,1,proactive_quantile_0.9,60,True,28,0.057933807373046875,0.0004458427429199219,"[0, 0, 0, 0, 1, 1, 1, 13, 13, 20, 8, 0, 0, 0, 64]","""[0, 6, 1, 1, 5, 1, 12, 3, 1, 7, 6, 65, 52, 23, 0]"""
j10,1,reactive,60,True,27,0.057933807373046875,0.10335469245910645,"[0, 0, 0, 0, 1, 1, 1, 13, 13, 20, 8, 0, 0, 0, 27]","[0, 6, 1, 1, 5, 1, 12, 3, 1, 7, 6, 65, 52, 23, 0]"
j10,1,stnu,60,True,23,0.7665865421295166,0.006815195083618164,"[0, 0, 0, 0, 1, 1, 1, 13, 13, 16, 6, 0, 0, 0, 23]","""[0, 6, 1, 1, 5, 1, 12, 3, 1, 7, 6, 65, 52, 23, 0]"""
j10,1,proactive_quantile_0.9,60,True,28,0.054424285888671875,0.0004315376281738281,"[0, 0, 0, 0, 1, 1, 1, 13, 13, 20, 8, 0, 0, 0, 64]","""[0, 5, 1, 2, 7, 3, 7, 7, 2, 7, 6, 65, 52, 23, 0]"""
j10,1,reactive,60,False,inf,inf,inf,null,"[0, 5, 1, 2, 7, 3, 7, 7, 2, 7, 6, 65, 52, 23, 0]"
j10,1,stnu,60,True,23,0.7790684700012207,0.006985902786254883,"[0, 0, 0, 0, 2, 2, 2, 9, 9, 16, 9, 0, 0, 0, 23]","""[0, 5, 1, 2, 7, 3, 7, 7, 2, 7, 6, 65, 52, 23, 0]"""
j10,1,proactive_quantile_0.9,60,True,28,0.05660104751586914,0.0004668235778808594,"[0, 0, 0, 0, 1, 1, 1, 13, 13, 20, 8, 0, 0, 0, 64]","""[0, 4, 3, 1, 8, 1, 12, 3, 1, 5, 7, 65, 52, 23, 0]"""
j10,1,reactive,60,False,inf,inf,inf,null,"[0, 4, 3, 1, 8, 1, 12, 3, 1, 5, 7, 65, 52, 23, 0]"
j10,1,stnu,60,True,21,0.9515447616577148,0.006903648376464844,"[0, 0, 0, 0, 1, 1, 1, 13, 13, 16, 9, 0, 0, 0, 21]","""[0, 4, 3, 1, 8, 1, 12, 3, 1, 5, 7, 65, 52, 23, 0]"""
j10,1,proactive_quantile_0.9,60,True,28,0.059973955154418945,0.0004680156707763672,"[0, 0, 0, 0, 1, 1, 1, 13, 13, 20, 8, 0, 0, 0, 64]","""[0, 3, 1, 2, 8, 2, 12, 8, 2, 9, 6, 65, 52, 23, 0]"""
j10,1,reactive,60,False,inf,inf,inf,null,"[0, 3, 1, 2, 8, 2, 12, 8, 2, 9, 6, 65, 52, 23, 0]"
j10,1,stnu,60,True,31,0.7672779560089111,0.006818056106567383,"[0, 0, 0, 0, 2, 2, 2, 14, 14, 22, 10, 0, 0, 0, 31]","""[0, 3, 1, 2, 8, 2, 12, 8, 2, 9, 6, 65, 52, 23, 0]"""
j10,1,proactive_quantile_0.9,60,True,28,0.05490922927856445,0.0004622936248779297,"[0, 0, 0, 0, 1, 1, 1, 13, 13, 20, 8, 0, 0, 0, 64]","""[0, 4, 3, 1, 3, 2, 13, 7, 1, 5, 9, 65, 52, 23, 0]"""
j10,1,reactive,60,False,inf,inf,inf,null,"[0, 4, 3, 1, 3, 2, 13, 7, 1, 5, 9, 65, 52, 23, 0]"
j10,1,stnu,60,True,26,0.7807481288909912,0.0067844390869140625,"[0, 0, 0, 0, 1, 1, 1, 14, 14, 21, 4, 0, 0, 0, 26]","""[0, 4, 3, 1, 3, 2, 13, 7, 1, 5, 9, 65, 52, 23, 0]"""
j10,1,proactive_quantile_0.9,60,True,28,0.05516386032104492,0.0004456043243408203,"[0, 0, 0, 0, 1, 1, 1, 13, 13, 20, 8, 0, 0, 0, 64]","""[0, 5, 2, 1, 3, 1, 7, 8, 2, 6, 10, 65, 52, 23, 0]"""
j10,1,reactive,60,False,inf,inf,inf,null,"[0, 5, 2, 1, 3, 1, 7, 8, 2, 6, 10, 65, 52, 23, 0]"
j10,1,stnu,60,True,22,0.7837681770324707,0.006795167922973633,"[0, 0, 0, 0, 1, 1, 1, 8, 8, 16, 5, 0, 0, 0, 22]","""[0, 5, 2, 1, 3, 1, 7, 8, 2, 6, 10, 65, 52, 23, 0]"""
j10,1,proactive_quantile_0.9,60,False,inf,0.05942559242248535,inf,"[0, 1, 0, 0, 10, 2, 12, 13, 14, 13, 7, 0, 0, 0, 0, 63]","""[0, 5, 2, 3, 3, 6, 1, 1, 1, 4, 7, 39, 64, 12, 16, 0]"""
j10,1,reactive,60,False,inf,inf,inf,null,"[0, 5, 2, 3, 3, 6, 1, 1, 1, 4, 7, 39, 64, 12, 16, 0]"
j10,1,stnu,60,False,inf,0.7652103900909424,inf,[],"""[0, 5, 2, 3, 3, 6, 1, 1, 2, 4, 7, 39, 64, 12, 16, 0]"""
j10,1,proactive_quantile_0.9,60,True,18,0.0642695426940918,0.0004334449768066406,"[0, 1, 0, 0, 10, 2, 12, 13, 14, 13, 7, 0, 0, 0, 0, 63]","""[0, 3, 3, 2, 1, 6, 1, 1, 2, 5, 8, 39, 64, 12, 16, 0]"""
j10,1,reactive,60,False,inf,inf,inf,null,"[0, 3, 3, 2, 1, 6, 1, 1, 2, 5, 8, 39, 64, 12, 16, 0]"
j10,1,stnu,60,False,inf,0.746962308883667,inf,[],"""[0, 3, 3, 2, 1, 6, 1, 1, 1, 5, 8, 39, 64, 12, 16, 0]"""
j10,1,proactive_quantile_0.9,60,False,inf,0.05649447441101074,inf,"[0, 1, 0, 0, 10, 2, 12, 13, 14, 13, 7, 0, 0, 0, 0, 63]","""[0, 7, 2, 3, 3, 6, 1, 2, 2, 3, 5, 39, 64, 12, 16, 0]"""
j10,1,reactive,60,False,inf,inf,inf,null,"[0, 7, 2, 3, 3, 6, 1, 2, 2, 3, 5, 39, 64, 12, 16, 0]"
j10,1,stnu,60,False,inf,0.7755815982818604,inf,[],"""[0, 7, 2, 3, 3, 6, 1, 2, 2, 3, 5, 39, 64, 12, 16, 0]"""
j10,1,proactive_quantile_0.9,60,False,inf,0.06088519096374512,inf,"[0, 1, 0, 0, 10, 2, 12, 13, 14, 13, 7, 0, 0, 0, 0, 63]","""[0, 6, 3, 3, 3, 8, 1, 2, 1, 5, 3, 39, 64, 12, 16, 0]"""
j10,1,reactive,60,False,inf,inf,inf,null,"[0, 6, 3, 3, 3, 8, 1, 2, 1, 5, 3, 39, 64, 12, 16, 0]"
j10,1,stnu,60,False,inf,0.7447283267974854,inf,[],"""[0, 6, 3, 3, 3, 8, 1, 2, 2, 5, 3, 39, 64, 12, 16, 0]"""
j10,1,proactive_quantile_0.9,60,False,inf,0.054090023040771484,inf,"[0, 1, 0, 0, 10, 2, 12, 13, 14, 13, 7, 0, 0, 0, 0, 63]","""[0, 6, 2, 2, 2, 4, 1, 2, 2, 2, 8, 39, 64, 12, 16, 0]"""
j10,1,reactive,60,False,inf,inf,inf,null,"[0, 6, 2, 2, 2, 4, 1, 2, 2, 2, 8, 39, 64, 12, 16, 0]"
j10,1,stnu,60,False,inf,0.7509791851043701,inf,[],"""[0, 6, 2, 2, 2, 4, 1, 2, 2, 2, 8, 39, 64, 12, 16, 0]"""
j10,1,proactive_quantile_0.9,60,False,inf,0.06186676025390625,inf,"[0, 1, 0, 0, 10, 2, 12, 13, 14, 13, 7, 0, 0, 0, 0, 63]","""[0, 5, 1, 3, 3, 4, 2, 2, 2, 6, 5, 39, 64, 12, 16, 0]"""
j10,1,reactive,60,False,inf,inf,inf,null,"[0, 5, 1, 3, 3, 4, 2, 2, 2, 6, 5, 39, 64, 12, 16, 0]"
j10,1,stnu,60,False,inf,0.7520303726196289,inf,[],"""[0, 5, 1, 3, 3, 4, 2, 2, 2, 6, 5, 39, 64, 12, 16, 0]"""
j10,1,proactive_quantile_0.9,60,False,inf,0.05789518356323242,inf,"[0, 1, 0, 0, 10, 2, 12, 13, 14, 13, 7, 0, 0, 0, 0, 63]","""[0, 2, 3, 2, 2, 4, 2, 1, 1, 6, 6, 39, 64, 12, 16, 0]"""
j10,1,reactive,60,False,inf,inf,inf,null,"[0, 2, 3, 2, 2, 4, 2, 1, 1, 6, 6, 39, 64, 12, 16, 0]"
j10,1,stnu,60,False,inf,0.7529823780059814,inf,[],"""[0, 2, 3, 2, 2, 4, 2, 1, 2, 6, 6, 39, 64, 12, 16, 0]"""
j10,1,proactive_quantile_0.9,60,False,inf,0.056345462799072266,inf,"[0, 1, 0, 0, 10, 2, 12, 13, 14, 13, 7, 0, 0, 0, 0, 63]","""[0, 2, 2, 2, 2, 7, 1, 2, 2, 4, 5, 39, 64, 12, 16, 0]"""
j10,1,reactive,60,False,inf,inf,inf,null,"[0, 2, 2, 2, 2, 7, 1, 2, 2, 4, 5, 39, 64, 12, 16, 0]"
j10,1,stnu,60,False,inf,0.7436323165893555,inf,[],"""[0, 2, 2, 2, 2, 7, 1, 2, 1, 4, 5, 39, 64, 12, 16, 0]"""
j10,1,proactive_quantile_0.9,60,False,inf,0.05852842330932617,inf,"[0, 1, 0, 0, 10, 2, 12, 13, 14, 13, 7, 0, 0, 0, 0, 63]","""[0, 6, 2, 3, 3, 5, 1, 2, 1, 4, 3, 39, 64, 12, 16, 0]"""
j10,1,reactive,60,False,inf,inf,inf,null,"[0, 6, 2, 3, 3, 5, 1, 2, 1, 4, 3, 39, 64, 12, 16, 0]"
j10,1,stnu,60,False,inf,0.7438952922821045,inf,[],"""[0, 6, 2, 3, 3, 5, 1, 2, 1, 4, 3, 39, 64, 12, 16, 0]"""
j10,1,proactive_quantile_0.9,60,False,inf,0.05794334411621094,inf,"[0, 1, 0, 0, 10, 2, 12, 13, 14, 13, 7, 0, 0, 0, 0, 63]","""[0, 7, 1, 2, 1, 7, 1, 1, 2, 3, 8, 39, 64, 12, 16, 0]"""
j10,1,reactive,60,False,inf,inf,inf,null,"[0, 7, 1, 2, 1, 7, 1, 1, 2, 3, 8, 39, 64, 12, 16, 0]"
j10,1,stnu,60,False,inf,0.7604906558990479,inf,[],"""[0, 7, 1, 2, 1, 7, 1, 1, 2, 3, 8, 39, 64, 12, 16, 0]"""
j10,1,proactive_quantile_0.9,60,True,23,0.06037020683288574,0.0002455711364746094,"[0, 0, 0, 0, 3, 3, 9, 11, 14, 17, 14, 0, 25]","""[0, 2, 4, 3, 4, 5, 4, 1, 8, 4, 10, 26, 0]"""
j10,1,reactive,60,False,inf,inf,inf,null,"[0, 2, 4, 3, 4, 5, 4, 1, 8, 4, 10, 26, 0]"
j10,1,stnu,60,True,20,0.8377602100372314,0.005069732666015625,"[0, 0, 0, 0, 4, 4, 9, 9, 10, 13, 10, 0, 20]","""[0, 2, 4, 3, 4, 5, 4, 1, 8, 4, 10, 26, 0]"""
j10,1,proactive_quantile_0.9,60,True,23,0.05618000030517578,0.0002562999725341797,"[0, 0, 0, 0, 3, 3, 9, 11, 14, 17, 14, 0, 25]","""[0, 4, 1, 8, 8, 5, 7, 4, 8, 2, 6, 26, 0]"""
j10,1,reactive,60,False,inf,inf,inf,null,"[0, 4, 1, 8, 8, 5, 7, 4, 8, 2, 6, 26, 0]"
j10,1,stnu,60,True,24,0.7722280025482178,0.005061626434326172,"[0, 0, 0, 0, 4, 4, 9, 12, 16, 16, 16, 0, 24]","""[0, 4, 1, 8, 8, 5, 7, 4, 8, 2, 6, 26, 0]"""
j10,1,proactive_quantile_0.9,60,True,23,0.05606269836425781,0.0002205371856689453,"[0, 0, 0, 0, 3, 3, 9, 11, 14, 17, 14, 0, 25]","""[0, 3, 2, 7, 5, 2, 5, 2, 5, 7, 8, 26, 0]"""
j10,1,reactive,60,True,24,0.05606269836425781,0.08428955078125,"[0, 0, 0, 0, 3, 3, 9, 11, 14, 17, 14, 0, 24]","[0, 3, 2, 7, 5, 2, 5, 2, 5, 7, 8, 26, 0]"
j10,1,stnu,60,True,19,0.7708292007446289,0.005017995834350586,"[0, 0, 0, 0, 3, 3, 7, 8, 10, 12, 10, 0, 19]","""[0, 3, 2, 7, 5, 2, 5, 2, 5, 7, 8, 26, 0]"""
j10,1,proactive_quantile_0.9,60,True,23,0.05599713325500488,0.00023508071899414062,"[0, 0, 0, 0, 3, 3, 9, 11, 14, 17, 14, 0, 25]","""[0, 1, 3, 4, 7, 3, 9, 2, 8, 6, 10, 26, 0]"""
j10,1,reactive,60,False,inf,inf,inf,null,"[0, 1, 3, 4, 7, 3, 9, 2, 8, 6, 10, 26, 0]"
j10,1,stnu,60,True,22,0.7677967548370361,0.005029916763305664,"[0, 0, 0, 0, 3, 3, 6, 10, 12, 15, 12, 0, 22]","""[0, 1, 3, 4, 7, 3, 9, 2, 8, 6, 10, 26, 0]"""
j10,1,proactive_quantile_0.9,60,True,23,0.058483123779296875,0.0002696514129638672,"[0, 0, 0, 0, 3, 3, 9, 11, 14, 17, 14, 0, 25]","""[0, 1, 2, 7, 5, 6, 5, 2, 6, 4, 9, 26, 0]"""
j10,1,reactive,60,True,23,0.058483123779296875,0.0737459659576416,"[0, 0, 0, 0, 3, 3, 9, 11, 14, 17, 14, 0, 23]","[0, 1, 2, 7, 5, 6, 5, 2, 6, 4, 9, 26, 0]"
j10,1,stnu,60,True,19,0.8767814636230469,0.005069732666015625,"[0, 0, 0, 0, 2, 2, 8, 8, 10, 13, 10, 0, 19]","""[0, 1, 2, 7, 5, 6, 5, 2, 6, 4, 9, 26, 0]"""
j10,1,proactive_quantile_0.9,60,True,23,0.05590534210205078,0.0002465248107910156,"[0, 0, 0, 0, 3, 3, 9, 11, 14, 17, 14, 0, 25]","""[0, 4, 3, 4, 8, 7, 4, 2, 8, 7, 10, 26, 0]"""
j10,1,reactive,60,False,inf,inf,inf,null,"[0, 4, 3, 4, 8, 7, 4, 2, 8, 7, 10, 26, 0]"
j10,1,stnu,60,True,24,0.7643210887908936,0.0049593448638916016,"[0, 0, 0, 0, 4, 4, 11, 12, 14, 15, 14, 0, 24]","""[0, 4, 3, 4, 8, 7, 4, 2, 8, 7, 10, 26, 0]"""
j10,1,proactive_quantile_0.9,60,True,23,0.05676150321960449,0.00023484230041503906,"[0, 0, 0, 0, 3, 3, 9, 11, 14, 17, 14, 0, 25]","""[0, 2, 3, 3, 9, 6, 9, 3, 9, 5, 5, 26, 0]"""
j10,1,reactive,60,False,inf,inf,inf,null,"[0, 2, 3, 3, 9, 6, 9, 3, 9, 5, 5, 26, 0]"
j10,1,stnu,60,True,24,0.7812652587890625,0.005076885223388672,"[0, 0, 0, 0, 3, 3, 9, 12, 15, 18, 15, 0, 24]","""[0, 2, 3, 3, 9, 6, 9, 3, 9, 5, 5, 26, 0]"""
j10,1,proactive_quantile_0.9,60,True,23,0.055771589279174805,0.00022220611572265625,"[0, 0, 0, 0, 3, 3, 9, 11, 14, 17, 14, 0, 25]","""[0, 4, 4, 3, 5, 3, 5, 2, 8, 2, 9, 26, 0]"""
j10,1,reactive,60,False,inf,inf,inf,null,"[0, 4, 4, 3, 5, 3, 5, 2, 8, 2, 9, 26, 0]"
j10,1,stnu,60,True,20,0.7866942882537842,0.005107402801513672,"[0, 0, 0, 0, 4, 4, 7, 9, 11, 12, 11, 0, 20]","""[0, 4, 4, 3, 5, 3, 5, 2, 8, 2, 9, 26, 0]"""
j10,1,proactive_quantile_0.9,60,True,23,0.05884408950805664,0.00024008750915527344,"[0, 0, 0, 0, 3, 3, 9, 11, 14, 17, 14, 0, 25]","""[0, 3, 3, 5, 4, 6, 6, 3, 9, 7, 9, 26, 0]"""
j10,1,reactive,60,True,24,0.05884408950805664,0.03977823257446289,"[0, 0, 0, 0, 3, 3, 9, 11, 14, 17, 14, 0, 24]","[0, 3, 3, 5, 4, 6, 6, 3, 9, 7, 9, 26, 0]"
j10,1,stnu,60,True,22,0.9016311168670654,0.004927158355712891,"[0, 0, 0, 0, 3, 3, 9, 9, 12, 15, 12, 0, 22]","""[0, 3, 3, 5, 4, 6, 6, 3, 9, 7, 9, 26, 0]"""
j10,1,proactive_quantile_0.9,60,True,23,0.05711841583251953,0.00023221969604492188,"[0, 0, 0, 0, 3, 3, 9, 11, 14, 17, 14, 0, 25]","""[0, 2, 1, 8, 4, 2, 9, 3, 5, 7, 9, 26, 0]"""
j10,1,reactive,60,False,inf,inf,inf,null,"[0, 2, 1, 8, 4, 2, 9, 3, 5, 7, 9, 26, 0]"
j10,1,stnu,60,True,24,0.7841384410858154,0.005019664764404297,"[0, 0, 0, 0, 2, 2, 8, 8, 11, 17, 11, 0, 24]","""[0, 2, 1, 8, 4, 2, 9, 3, 5, 7, 9, 26, 0]"""
j10,1,proactive_quantile_0.9,60,False,inf,0.06276607513427734,inf,"[0, 0, 0, 8, 10, 3, 10, 18, 12, 21, 27, 0, 0, 0, 0, 77]","""[0, 3, 6, 1, 6, 8, 1, 2, 5, 2, 9, 5, 78, 70, 76, 0]"""
j10,1,reactive,60,False,inf,inf,inf,null,"[0, 3, 6, 1, 6, 8, 1, 2, 5, 2, 9, 5, 78, 70, 76, 0]"
j10,1,stnu,60,True,28,0.8094136714935303,0.007805347442626953,"[0, 0, 0, 6, 11, 3, 11, 17, 12, 17, 19, 0, 0, 0, 0, 28]","""[0, 3, 6, 1, 6, 8, 1, 2, 5, 2, 9, 5, 78, 70, 76, 0]"""
j10,1,proactive_quantile_0.9,60,False,inf,0.06012701988220215,inf,"[0, 0, 0, 8, 10, 3, 10, 18, 12, 21, 27, 0, 0, 0, 0, 77]","""[0, 3, 5, 1, 9, 4, 3, 4, 6, 7, 5, 5, 78, 70, 76, 0]"""
j10,1,reactive,60,False,inf,inf,inf,null,"[0, 3, 5, 1, 9, 4, 3, 4, 6, 7, 5, 5, 78, 70, 76, 0]"
j10,1,stnu,60,True,28,0.7954950332641602,0.00784921646118164,"[0, 0, 0, 5, 7, 3, 7, 16, 10, 16, 23, 0, 0, 0, 0, 28]","""[0, 3, 5, 1, 9, 4, 3, 4, 6, 7, 5, 5, 78, 70, 76, 0]"""
j10,1,proactive_quantile_0.9,60,False,inf,0.16908788681030273,inf,"[0, 0, 0, 8, 10, 3, 10, 18, 12, 21, 27, 0, 0, 0, 0, 77]","""[0, 4, 9, 1, 6, 8, 3, 2, 10, 6, 9, 5, 78, 70, 76, 0]"""
j10,1,reactive,60,False,inf,inf,inf,null,"[0, 4, 9, 1, 6, 8, 3, 2, 10, 6, 9, 5, 78, 70, 76, 0]"
j10,1,stnu,60,True,40,0.9137334823608398,0.007918357849121094,"[0, 0, 0, 9, 12, 4, 12, 18, 15, 25, 31, 0, 0, 0, 0, 40]","""[0, 4, 9, 1, 6, 8, 3, 2, 10, 6, 9, 5, 78, 70, 76, 0]"""
j10,1,proactive_quantile_0.9,60,False,inf,0.061780691146850586,inf,"[0, 0, 0, 8, 10, 3, 10, 18, 12, 21, 27, 0, 0, 0, 0, 77]","""[0, 1, 9, 1, 6, 8, 2, 6, 10, 4, 8, 5, 78, 70, 76, 0]"""
j10,1,reactive,60,False,inf,inf,inf,null,"[0, 1, 9, 1, 6, 8, 2, 6, 10, 4, 8, 5, 78, 70, 76, 0]"
j10,1,stnu,60,True,34,0.8060581684112549,0.007812738418579102,"[0, 0, 0, 9, 10, 1, 10, 16, 12, 22, 26, 0, 0, 0, 0, 34]","""[0, 1, 9, 1, 6, 8, 2, 6, 10, 4, 8, 5, 78, 70, 76, 0]"""
j10,1,proactive_quantile_0.9,60,False,inf,0.0608670711517334,inf,"[0, 0, 0, 8, 10, 3, 10, 18, 12, 21, 27, 0, 0, 0, 0, 77]","""[0, 4, 6, 1, 8, 8, 3, 2, 7, 3, 8, 5, 78, 70, 76, 0]"""
j10,1,reactive,60,False,inf,inf,inf,null,"[0, 4, 6, 1, 8, 8, 3, 2, 7, 3, 8, 5, 78, 70, 76, 0]"
j10,1,stnu,60,True,33,0.7972218990325928,0.007903575897216797,"[0, 0, 0, 6, 12, 4, 12, 20, 15, 22, 25, 0, 0, 0, 0, 33]","""[0, 4, 6, 1, 8, 8, 3, 2, 7, 3, 8, 5, 78, 70, 76, 0]"""
j10,1,proactive_quantile_0.9,60,False,inf,0.0601046085357666,inf,"[0, 0, 0, 8, 10, 3, 10, 18, 12, 21, 27, 0, 0, 0, 0, 77]","""[0, 2, 7, 3, 4, 7, 2, 5, 10, 7, 9, 5, 78, 70, 76, 0]"""
j10,1,reactive,60,False,inf,inf,inf,null,"[0, 2, 7, 3, 4, 7, 2, 5, 10, 7, 9, 5, 78, 70, 76, 0]"
j10,1,stnu,60,True,38,0.9362697601318359,0.007799625396728516,"[0, 0, 0, 7, 10, 2, 10, 14, 12, 22, 29, 0, 0, 0, 0, 38]","""[0, 2, 7, 3, 4, 7, 2, 5, 10, 7, 9, 5, 78, 70, 76, 0]"""
j10,1,proactive_quantile_0.9,60,False,inf,0.058907270431518555,inf,"[0, 0, 0, 8, 10, 3, 10, 18, 12, 21, 27, 0, 0, 0, 0, 77]","""[0, 1, 7, 1, 4, 4, 2, 2, 8, 7, 9, 5, 78, 70, 76, 0]"""
j10,1,reactive,60,False,inf,inf,inf,null,"[0, 1, 7, 1, 4, 4, 2, 2, 8, 7, 9, 5, 78, 70, 76, 0]"
j10,1,stnu,60,True,34,0.8148379325866699,0.007812976837158203,"[0, 0, 0, 7, 8, 1, 8, 12, 10, 18, 25, 0, 0, 0, 0, 34]","""[0, 1, 7, 1, 4, 4, 2, 2, 8, 7, 9, 5, 78, 70, 76, 0]"""
j10,1,proactive_quantile_0.9,60,False,inf,0.06767082214355469,inf,"[0, 0, 0, 8, 10, 3, 10, 18, 12, 21, 27, 0, 0, 0, 0, 77]","""[0, 1, 9, 2, 6, 3, 1, 4, 7, 7, 9, 5, 78, 70, 76, 0]"""
j10,1,reactive,60,False,inf,inf,inf,null,"[0, 1, 9, 2, 6, 3, 1, 4, 7, 7, 9, 5, 78, 70, 76, 0]"
j10,1,stnu,60,True,35,0.7988314628601074,0.007813215255737305,"[0, 0, 0, 9, 11, 1, 11, 17, 12, 19, 26, 0, 0, 0, 0, 35]","""[0, 1, 9, 2, 6, 3, 1, 4, 7, 7, 9, 5, 78, 70, 76, 0]"""
j10,1,proactive_quantile_0.9,60,False,inf,0.08846044540405273,inf,"[0, 0, 0, 8, 10, 3, 10, 18, 12, 21, 27, 0, 0, 0, 0, 77]","""[0, 2, 4, 3, 6, 8, 1, 2, 6, 4, 7, 5, 78, 70, 76, 0]"""
j10,1,reactive,60,False,inf,inf,inf,null,"[0, 2, 4, 3, 6, 8, 1, 2, 6, 4, 7, 5, 78, 70, 76, 0]"
j10,1,stnu,60,True,28,0.8338873386383057,0.007912397384643555,"[0, 0, 0, 4, 10, 2, 10, 16, 11, 17, 21, 0, 0, 0, 0, 28]","""[0, 2, 4, 3, 6, 8, 1, 2, 6, 4, 7, 5, 78, 70, 76, 0]"""
j10,1,proactive_quantile_0.9,60,False,inf,0.061202049255371094,inf,"[0, 0, 0, 8, 10, 3, 10, 18, 12, 21, 27, 0, 0, 0, 0, 77]","""[0, 3, 5, 3, 8, 5, 2, 5, 6, 4, 4, 5, 78, 70, 76, 0]"""
j10,1,reactive,60,False,inf,inf,inf,null,"[0, 3, 5, 3, 8, 5, 2, 5, 6, 4, 4, 5, 78, 70, 76, 0]"
j10,1,stnu,60,True,25,0.7929849624633789,0.007730722427368164,"[0, 0, 0, 5, 8, 3, 8, 16, 10, 16, 21, 0, 0, 0, 0, 25]","""[0, 3, 5, 3, 8, 5, 2, 5, 6, 4, 4, 5, 78, 70, 76, 0]"""
j10,1,proactive_quantile_0.9,60,False,inf,0.05836629867553711,inf,"[0, 0, 0, 0, 2, 5, 8, 9, 15, 11, 16, 0, 0, 46]","""[0, 11, 3, 3, 8, 4, 3, 3, 5, 2, 11, 47, 29, 0]"""
j10,1,reactive,60,False,inf,inf,inf,null,"[0, 11, 3, 3, 8, 4, 3, 3, 5, 2, 11, 47, 29, 0]"
j10,1,stnu,60,False,inf,0.7394449710845947,inf,[],"""[0, 11, 3, 3, 8, 4, 3, 3, 5, 2, 11, 47, 29, 0]"""
j10,1,proactive_quantile_0.9,60,True,28,0.05638599395751953,0.0003223419189453125,"[0, 0, 0, 0, 2, 5, 8, 9, 15, 11, 16, 0, 0, 46]","""[0, 7, 6, 1, 3, 4, 7, 5, 4, 5, 6, 47, 29, 0]"""
j10,1,reactive,60,False,inf,inf,inf,null,"[0, 7, 6, 1, 3, 4, 7, 5, 4, 5, 6, 47, 29, 0]"
j10,1,stnu,60,False,inf,0.8705801963806152,inf,[],"""[0, 7, 6, 1, 3, 4, 7, 5, 4, 5, 6, 47, 29, 0]"""
j10,1,proactive_quantile_0.9,60,True,28,0.05747866630554199,0.0003440380096435547,"[0, 0, 0, 0, 2, 5, 8, 9, 15, 11, 16, 0, 0, 46]","""[0, 8, 5, 1, 8, 3, 7, 5, 6, 5, 6, 47, 29, 0]"""
j10,1,reactive,60,False,inf,inf,inf,null,"[0, 8, 5, 1, 8, 3, 7, 5, 6, 5, 6, 47, 29, 0]"
j10,1,stnu,60,False,inf,0.7396426200866699,inf,[],"""[0, 8, 5, 1, 8, 3, 7, 5, 6, 5, 6, 47, 29, 0]"""
j10,1,proactive_quantile_0.9,60,True,28,0.08553957939147949,0.00035119056701660156,"[0, 0, 0, 0, 2, 5, 8, 9, 15, 11, 16, 0, 0, 46]","""[0, 6, 2, 3, 6, 1, 6, 6, 7, 3, 12, 47, 29, 0]"""
j10,1,reactive,60,False,inf,inf,inf,null,"[0, 6, 2, 3, 6, 1, 6, 6, 7, 3, 12, 47, 29, 0]"
j10,1,stnu,60,False,inf,0.7543611526489258,inf,[],"""[0, 6, 2, 3, 6, 1, 6, 6, 7, 3, 12, 47, 29, 0]"""
j10,1,proactive_quantile_0.9,60,True,28,0.05104422569274902,0.0003483295440673828,"[0, 0, 0, 0, 2, 5, 8, 9, 15, 11, 16, 0, 0, 46]","""[0, 9, 2, 3, 5, 2, 5, 6, 6, 6, 8, 47, 29, 0]"""
j10,1,reactive,60,False,inf,inf,inf,null,"[0, 9, 2, 3, 5, 2, 5, 6, 6, 6, 8, 47, 29, 0]"
j10,1,stnu,60,False,inf,0.7314701080322266,inf,[],"""[0, 9, 2, 3, 5, 2, 5, 6, 6, 6, 8, 47, 29, 0]"""
j10,1,proactive_quantile_0.9,60,True,28,0.05614018440246582,0.0003428459167480469,"[0, 0, 0, 0, 2, 5, 8, 9, 15, 11, 16, 0, 0, 46]","""[0, 7, 2, 1, 5, 3, 8, 6, 3, 2, 13, 47, 29, 0]"""
j10,1,reactive,60,True,29,0.05614018440246582,0.17564630508422852,"[0, 0, 0, 0, 2, 5, 8, 9, 15, 11, 16, 0, 0, 29]","[0, 7, 2, 1, 5, 3, 8, 6, 3, 2, 13, 47, 29, 0]"
j10,1,stnu,60,False,inf,0.7441747188568115,inf,[],"""[0, 7, 2, 1, 5, 3, 8, 6, 3, 2, 13, 47, 29, 0]"""
j10,1,proactive_quantile_0.9,60,True,28,0.05687308311462402,0.0003483295440673828,"[0, 0, 0, 0, 2, 5, 8, 9, 15, 11, 16, 0, 0, 46]","""[0, 11, 2, 1, 4, 4, 3, 6, 7, 2, 13, 47, 29, 0]"""
j10,1,reactive,60,False,inf,inf,inf,null,"[0, 11, 2, 1, 4, 4, 3, 6, 7, 2, 13, 47, 29, 0]"
j10,1,stnu,60,False,inf,0.7489223480224609,inf,[],"""[0, 11, 2, 1, 4, 4, 3, 6, 7, 2, 13, 47, 29, 0]"""
j10,1,proactive_quantile_0.9,60,True,28,0.05733633041381836,0.0003497600555419922,"[0, 0, 0, 0, 2, 5, 8, 9, 15, 11, 16, 0, 0, 46]","""[0, 10, 4, 2, 4, 3, 7, 8, 3, 3, 8, 47, 29, 0]"""
j10,1,reactive,60,False,inf,inf,inf,null,"[0, 10, 4, 2, 4, 3, 7, 8, 3, 3, 8, 47, 29, 0]"
j10,1,stnu,60,False,inf,0.7718124389648438,inf,[],"""[0, 10, 4, 2, 4, 3, 7, 8, 3, 3, 8, 47, 29, 0]"""
j10,1,proactive_quantile_0.9,60,False,inf,0.0602266788482666,inf,"[0, 0, 0, 0, 2, 5, 8, 9, 15, 11, 16, 0, 0, 46]","""[0, 6, 3, 3, 6, 1, 7, 8, 5, 2, 8, 47, 29, 0]"""
j10,1,reactive,60,False,inf,inf,inf,null,"[0, 6, 3, 3, 6, 1, 7, 8, 5, 2, 8, 47, 29, 0]"
j10,1,stnu,60,False,inf,0.7522752285003662,inf,[],"""[0, 6, 3, 3, 6, 1, 7, 8, 5, 2, 8, 47, 29, 0]"""
j10,1,proactive_quantile_0.9,60,True,28,0.05659317970275879,0.00034356117248535156,"[0, 0, 0, 0, 2, 5, 8, 9, 15, 11, 16, 0, 0, 46]","""[0, 7, 3, 1, 6, 2, 8, 5, 6, 4, 8, 47, 29, 0]"""
j10,1,reactive,60,True,24,0.05659317970275879,0.17061710357666016,"[0, 0, 0, 0, 2, 5, 8, 9, 15, 11, 16, 0, 0, 24]","[0, 7, 3, 1, 6, 2, 8, 5, 6, 4, 8, 47, 29, 0]"
j10,1,stnu,60,False,inf,0.7530407905578613,inf,[],"""[0, 7, 3, 1, 6, 2, 8, 5, 6, 4, 8, 47, 29, 0]"""
j10,1,proactive_quantile_0.9,60,False,inf,0.08497428894042969,inf,"[0, 1, 12, 0, 18, 4, 7, 2, 6, 27, 28, 0, 0, 0, 0, 0, 0, 0, 76]","""[0, 1, 3, 1, 9, 1, 6, 2, 1, 1, 1, 65, 23, 77, 18, 6, 65, 58, 0]"""
j10,1,reactive,60,False,inf,inf,inf,null,"[0, 1, 3, 1, 9, 1, 6, 2, 1, 1, 1, 65, 23, 77, 18, 6, 65, 58, 0]"
j10,1,stnu,60,False,inf,0.8110911846160889,inf,[],"""[0, 1, 3, 1, 2, 1, 5, 3, 1, 1, 1, 65, 23, 77, 18, 6, 65, 58, 0]"""
j10,1,proactive_quantile_0.9,60,False,inf,0.08520984649658203,inf,"[0, 1, 12, 0, 18, 4, 7, 2, 6, 27, 28, 0, 0, 0, 0, 0, 0, 0, 76]","""[0, 1, 5, 1, 7, 1, 6, 1, 2, 1, 2, 65, 23, 77, 18, 6, 65, 58, 0]"""
j10,1,reactive,60,False,inf,inf,inf,null,"[0, 1, 5, 1, 7, 1, 6, 1, 2, 1, 2, 65, 23, 77, 18, 6, 65, 58, 0]"
j10,1,stnu,60,False,inf,0.8130054473876953,inf,[],"""[0, 1, 5, 1, 2, 1, 3, 2, 2, 1, 2, 65, 23, 77, 18, 6, 65, 58, 0]"""
j10,1,proactive_quantile_0.9,60,False,inf,0.08469319343566895,inf,"[0, 1, 12, 0, 18, 4, 7, 2, 6, 27, 28, 0, 0, 0, 0, 0, 0, 0, 76]","""[0, 1, 5, 1, 8, 3, 2, 1, 2, 2, 4, 65, 23, 77, 18, 6, 65, 58, 0]"""
j10,1,reactive,60,False,inf,inf,inf,null,"[0, 1, 5, 1, 8, 3, 2, 1, 2, 2, 4, 65, 23, 77, 18, 6, 65, 58, 0]"
j10,1,stnu,60,False,inf,0.8048112392425537,inf,[],"""[0, 1, 5, 1, 2, 3, 6, 1, 2, 2, 4, 65, 23, 77, 18, 6, 65, 58, 0]"""
j10,1,proactive_quantile_0.9,60,False,inf,0.0813910961151123,inf,"[0, 1, 12, 0, 18, 4, 7, 2, 6, 27, 28, 0, 0, 0, 0, 0, 0, 0, 76]","""[0, 1, 2, 2, 6, 3, 5, 1, 1, 2, 2, 65, 23, 77, 18, 6, 65, 58, 0]"""
j10,1,reactive,60,False,inf,inf,inf,null,"[0, 1, 2, 2, 6, 3, 5, 1, 1, 2, 2, 65, 23, 77, 18, 6, 65, 58, 0]"
j10,1,stnu,60,False,inf,0.8107080459594727,inf,[],"""[0, 1, 2, 2, 3, 3, 2, 3, 1, 2, 2, 65, 23, 77, 18, 6, 65, 58, 0]"""
j10,1,proactive_quantile_0.9,60,False,inf,0.08235979080200195,inf,"[0, 1, 12, 0, 18, 4, 7, 2, 6, 27, 28, 0, 0, 0, 0, 0, 0, 0, 76]","""[0, 1, 2, 1, 10, 1, 2, 1, 2, 1, 2, 65, 23, 77, 18, 6, 65, 58, 0]"""
j10,1,reactive,60,False,inf,inf,inf,null,"[0, 1, 2, 1, 10, 1, 2, 1, 2, 1, 2, 65, 23, 77, 18, 6, 65, 58, 0]"
j10,1,stnu,60,False,inf,0.8063924312591553,inf,[],"""[0, 1, 2, 1, 2, 1, 4, 1, 2, 1, 2, 65, 23, 77, 18, 6, 65, 58, 0]"""
j10,1,proactive_quantile_0.9,60,False,inf,0.08875441551208496,inf,"[0, 1, 12, 0, 18, 4, 7, 2, 6, 27, 28, 0, 0, 0, 0, 0, 0, 0, 76]","""[0, 1, 5, 2, 10, 1, 5, 1, 2, 2, 2, 65, 23, 77, 18, 6, 65, 58, 0]"""
j10,1,reactive,60,False,inf,inf,inf,null,"[0, 1, 5, 2, 10, 1, 5, 1, 2, 2, 2, 65, 23, 77, 18, 6, 65, 58, 0]"
j10,1,stnu,60,False,inf,0.7896249294281006,inf,[],"""[0, 1, 5, 2, 2, 1, 5, 2, 2, 2, 2, 65, 23, 77, 18, 6, 65, 58, 0]"""
j10,1,proactive_quantile_0.9,60,False,inf,0.08464241027832031,inf,"[0, 1, 12, 0, 18, 4, 7, 2, 6, 27, 28, 0, 0, 0, 0, 0, 0, 0, 76]","""[0, 2, 7, 2, 5, 1, 3, 1, 2, 2, 3, 65, 23, 77, 18, 6, 65, 58, 0]"""
j10,1,reactive,60,False,inf,inf,inf,null,"[0, 2, 7, 2, 5, 1, 3, 1, 2, 2, 3, 65, 23, 77, 18, 6, 65, 58, 0]"
j10,1,stnu,60,False,inf,0.7992246150970459,inf,[],"""[0, 2, 7, 2, 1, 1, 2, 3, 2, 2, 3, 65, 23, 77, 18, 6, 65, 58, 0]"""
j10,1,proactive_quantile_0.9,60,False,inf,0.0844423770904541,inf,"[0, 1, 12, 0, 18, 4, 7, 2, 6, 27, 28, 0, 0, 0, 0, 0, 0, 0, 76]","""[0, 1, 2, 2, 6, 1, 2, 2, 1, 1, 1, 65, 23, 77, 18, 6, 65, 58, 0]"""
j10,1,reactive,60,False,inf,inf,inf,null,"[0, 1, 2, 2, 6, 1, 2, 2, 1, 1, 1, 65, 23, 77, 18, 6, 65, 58, 0]"
j10,1,stnu,60,False,inf,0.7945272922515869,inf,[],"""[0, 1, 2, 2, 3, 1, 6, 2, 1, 1, 1, 65, 23, 77, 18, 6, 65, 58, 0]"""
j10,1,proactive_quantile_0.9,60,False,inf,0.08661270141601562,inf,"[0, 1, 12, 0, 18, 4, 7, 2, 6, 27, 28, 0, 0, 0, 0, 0, 0, 0, 76]","""[0, 2, 6, 2, 5, 2, 6, 2, 1, 1, 1, 65, 23, 77, 18, 6, 65, 58, 0]"""
j10,1,reactive,60,False,inf,inf,inf,null,"[0, 2, 6, 2, 5, 2, 6, 2, 1, 1, 1, 65, 23, 77, 18, 6, 65, 58, 0]"
j10,1,stnu,60,False,inf,0.922372579574585,inf,[],"""[0, 2, 6, 2, 1, 2, 4, 2, 1, 1, 1, 65, 23, 77, 18, 6, 65, 58, 0]"""
j10,1,proactive_quantile_0.9,60,False,inf,0.08452892303466797,inf,"[0, 1, 12, 0, 18, 4, 7, 2, 6, 27, 28, 0, 0, 0, 0, 0, 0, 0, 76]","""[0, 1, 5, 2, 9, 2, 4, 1, 1, 1, 3, 65, 23, 77, 18, 6, 65, 58, 0]"""
j10,1,reactive,60,False,inf,inf,inf,null,"[0, 1, 5, 2, 9, 2, 4, 1, 1, 1, 3, 65, 23, 77, 18, 6, 65, 58, 0]"
j10,1,stnu,60,False,inf,0.8058333396911621,inf,[],"""[0, 1, 5, 2, 2, 2, 2, 1, 1, 1, 3, 65, 23, 77, 18, 6, 65, 58, 0]"""
j10,1,proactive_quantile_0.9,60,False,inf,0.0686187744140625,inf,"[0, 0, 0, 5, 7, 7, 5, 12, 12, 17, 13, 0, 0, 0, 0, 0, 0, 0, 0, 70]","""[0, 4, 5, 3, 7, 2, 8, 6, 9, 4, 2, 71, 15, 34, 69, 51, 24, 69, 29, 0]"""
j10,1,reactive,60,False,inf,inf,inf,null,"[0, 4, 5, 3, 7, 2, 8, 6, 9, 4, 2, 71, 15, 34, 69, 51, 24, 69, 29, 0]"
j10,1,stnu,60,True,22,0.7967207431793213,0.011900186538696289,"[0, 0, 0, 4, 7, 7, 4, 12, 12, 18, 14, 0, 0, 0, 0, 0, 0, 0, 0, 22]","""[0, 4, 5, 3, 7, 2, 8, 6, 9, 4, 2, 71, 15, 34, 69, 51, 24, 69, 29, 0]"""
j10,1,proactive_quantile_0.9,60,False,inf,0.059574127197265625,inf,"[0, 0, 0, 5, 7, 7, 5, 12, 12, 17, 13, 0, 0, 0, 0, 0, 0, 0, 0, 70]","""[0, 3, 4, 3, 5, 3, 5, 3, 6, 2, 4, 71, 15, 34, 69, 51, 24, 69, 29, 0]"""
j10,1,reactive,60,False,inf,inf,inf,null,"[0, 3, 4, 3, 5, 3, 5, 3, 6, 2, 4, 71, 15, 34, 69, 51, 24, 69, 29, 0]"
j10,1,stnu,60,True,15,0.8281962871551514,0.01181173324584961,"[0, 0, 0, 3, 6, 6, 3, 9, 9, 12, 11, 0, 0, 0, 0, 0, 0, 0, 0, 15]","""[0, 3, 4, 3, 5, 3, 5, 3, 6, 2, 4, 71, 15, 34, 69, 51, 24, 69, 29, 0]"""
j10,1,proactive_quantile_0.9,60,True,23,0.06348609924316406,0.0008761882781982422,"[0, 0, 0, 5, 7, 7, 5, 12, 12, 17, 13, 0, 0, 0, 0, 0, 0, 0, 0, 70]","""[0, 4, 6, 1, 2, 3, 7, 2, 8, 6, 2, 71, 15, 34, 69, 51, 24, 69, 29, 0]"""
j10,1,reactive,60,True,23,0.06348609924316406,0.20949459075927734,"[0, 0, 0, 5, 7, 7, 5, 12, 12, 17, 13, 0, 0, 0, 0, 0, 0, 0, 0, 23]","[0, 4, 6, 1, 2, 3, 7, 2, 8, 6, 2, 71, 15, 34, 69, 51, 24, 69, 29, 0]"
j10,1,stnu,60,True,19,0.8106787204742432,0.011866569519042969,"[0, 0, 0, 4, 6, 6, 4, 11, 11, 13, 11, 0, 0, 0, 0, 0, 0, 0, 0, 19]","""[0, 4, 6, 1, 2, 3, 7, 2, 8, 6, 2, 71, 15, 34, 69, 51, 24, 69, 29, 0]"""
j10,1,proactive_quantile_0.9,60,False,inf,0.06026649475097656,inf,"[0, 0, 0, 5, 7, 7, 5, 12, 12, 17, 13, 0, 0, 0, 0, 0, 0, 0, 0, 70]","""[0, 4, 8, 2, 6, 2, 4, 2, 10, 3, 4, 71, 15, 34, 69, 51, 24, 69, 29, 0]"""
j10,1,reactive,60,False,inf,inf,inf,null,"[0, 4, 8, 2, 6, 2, 4, 2, 10, 3, 4, 71, 15, 34, 69, 51, 24, 69, 29, 0]"
j10,1,stnu,60,True,20,0.8574974536895752,0.011850357055664062,"[0, 0, 0, 4, 8, 8, 4, 10, 10, 14, 14, 0, 0, 0, 0, 0, 0, 0, 0, 20]","""[0, 4, 8, 2, 6, 2, 4, 2, 10, 3, 4, 71, 15, 34, 69, 51, 24, 69, 29, 0]"""
j10,1,proactive_quantile_0.9,60,False,inf,0.06570935249328613,inf,"[0, 0, 0, 5, 7, 7, 5, 12, 12, 17, 13, 0, 0, 0, 0, 0, 0, 0, 0, 70]","""[0, 6, 3, 3, 4, 1, 5, 6, 6, 6, 6, 71, 15, 34, 69, 51, 24, 69, 29, 0]"""
j10,1,reactive,60,False,inf,inf,inf,null,"[0, 6, 3, 3, 4, 1, 5, 6, 6, 6, 6, 71, 15, 34, 69, 51, 24, 69, 29, 0]"
j10,1,stnu,60,True,23,0.8170218467712402,0.011956453323364258,"[0, 0, 0, 6, 9, 9, 6, 11, 11, 17, 13, 0, 0, 0, 0, 0, 0, 0, 0, 23]","""[0, 6, 3, 3, 4, 1, 5, 6, 6, 6, 6, 71, 15, 34, 69, 51, 24, 69, 29, 0]"""
j10,1,proactive_quantile_0.9,60,True,23,0.06212019920349121,0.0008325576782226562,"[0, 0, 0, 5, 7, 7, 5, 12, 12, 17, 13, 0, 0, 0, 0, 0, 0, 0, 0, 70]","""[0, 4, 7, 1, 4, 3, 7, 6, 8, 4, 5, 71, 15, 34, 69, 51, 24, 69, 29, 0]"""
j10,1,reactive,60,False,inf,inf,inf,null,"[0, 4, 7, 1, 4, 3, 7, 6, 8, 4, 5, 71, 15, 34, 69, 51, 24, 69, 29, 0]"
j10,1,stnu,60,True,21,0.8417088985443115,0.011959314346313477,"[0, 0, 0, 4, 7, 7, 4, 11, 11, 17, 11, 0, 0, 0, 0, 0, 0, 0, 0, 21]","""[0, 4, 7, 1, 4, 3, 7, 6, 8, 4, 5, 71, 15, 34, 69, 51, 24, 69, 29, 0]"""
j10,1,proactive_quantile_0.9,60,False,inf,0.06196308135986328,inf,"[0, 0, 0, 5, 7, 7, 5, 12, 12, 17, 13, 0, 0, 0, 0, 0, 0, 0, 0, 70]","""[0, 3, 7, 3, 7, 2, 6, 6, 11, 5, 6, 71, 15, 34, 69, 51, 24, 69, 29, 0]"""
j10,1,reactive,60,False,inf,inf,inf,null,"[0, 3, 7, 3, 7, 2, 6, 6, 11, 5, 6, 71, 15, 34, 69, 51, 24, 69, 29, 0]"
j10,1,stnu,60,True,20,0.9540657997131348,0.011600255966186523,"[0, 0, 0, 3, 7, 7, 3, 9, 9, 15, 14, 0, 0, 0, 0, 0, 0, 0, 0, 20]","""[0, 3, 7, 3, 7, 2, 6, 6, 11, 5, 6, 71, 15, 34, 69, 51, 24, 69, 29, 0]"""
j10,1,proactive_quantile_0.9,60,True,23,0.06553792953491211,0.0008363723754882812,"[0, 0, 0, 5, 7, 7, 5, 12, 12, 17, 13, 0, 0, 0, 0, 0, 0, 0, 0, 70]","""[0, 2, 5, 1, 2, 1, 8, 2, 11, 6, 2, 71, 15, 34, 69, 51, 24, 69, 29, 0]"""
j10,1,reactive,60,False,inf,inf,inf,null,"[0, 2, 5, 1, 2, 1, 8, 2, 11, 6, 2, 71, 15, 34, 69, 51, 24, 69, 29, 0]"
j10,1,stnu,60,True,21,0.8313274383544922,0.011888742446899414,"[0, 0, 0, 2, 5, 5, 2, 10, 10, 12, 10, 0, 0, 0, 0, 0, 0, 0, 0, 21]","""[0, 2, 5, 1, 2, 1, 8, 2, 11, 6, 2, 71, 15, 34, 69, 51, 24, 69, 29, 0]"""
j10,1,proactive_quantile_0.9,60,True,23,0.06871724128723145,0.0007796287536621094,"[0, 0, 0, 5, 7, 7, 5, 12, 12, 17, 13, 0, 0, 0, 0, 0, 0, 0, 0, 70]","""[0, 3, 5, 1, 6, 2, 6, 4, 8, 2, 3, 71, 15, 34, 69, 51, 24, 69, 29, 0]"""
j10,1,reactive,60,True,20,0.06871724128723145,0.20578241348266602,"[0, 0, 0, 5, 7, 7, 5, 12, 12, 17, 13, 0, 0, 0, 0, 0, 0, 0, 0, 20]","[0, 3, 5, 1, 6, 2, 6, 4, 8, 2, 3, 71, 15, 34, 69, 51, 24, 69, 29, 0]"
j10,1,stnu,60,True,17,0.817948579788208,0.011947393417358398,"[0, 0, 0, 3, 5, 5, 3, 9, 9, 13, 11, 0, 0, 0, 0, 0, 0, 0, 0, 17]","""[0, 3, 5, 1, 6, 2, 6, 4, 8, 2, 3, 71, 15, 34, 69, 51, 24, 69, 29, 0]"""
j10,1,proactive_quantile_0.9,60,True,23,0.06859779357910156,0.0008409023284912109,"[0, 0, 0, 5, 7, 7, 5, 12, 12, 17, 13, 0, 0, 0, 0, 0, 0, 0, 0, 70]","""[0, 5, 5, 1, 2, 2, 7, 2, 12, 2, 2, 71, 15, 34, 69, 51, 24, 69, 29, 0]"""
j10,1,reactive,60,True,24,0.06859779357910156,0.17667603492736816,"[0, 0, 0, 5, 7, 7, 5, 12, 12, 17, 13, 0, 0, 0, 0, 0, 0, 0, 0, 24]","[0, 5, 5, 1, 2, 2, 7, 2, 12, 2, 2, 71, 15, 34, 69, 51, 24, 69, 29, 0]"
j10,1,stnu,60,True,24,0.8312757015228271,0.011728048324584961,"[0, 0, 0, 5, 6, 6, 5, 12, 12, 14, 12, 0, 0, 0, 0, 0, 0, 0, 0, 24]","""[0, 5, 5, 1, 2, 2, 7, 2, 12, 2, 2, 71, 15, 34, 69, 51, 24, 69, 29, 0]"""
j10,1,stnu,60,False,inf,0.7896761894226074,inf,[],"""[0, 5, 2, 1, 2, 4, 4, 4, 9, 2, 9, 14, 59, 3, 27, 52, 20, 24, 0]"""
j10,1,stnu,60,False,inf,0.7686870098114014,inf,[],"""[0, 2, 2, 3, 2, 3, 4, 1, 7, 2, 7, 14, 59, 3, 27, 52, 20, 24, 0]"""
j10,1,stnu,60,False,inf,0.7742829322814941,inf,[],"""[0, 4, 3, 1, 2, 1, 3, 3, 7, 3, 8, 14, 59, 3, 27, 52, 20, 24, 0]"""
j10,1,stnu,60,False,inf,0.7708287239074707,inf,[],"""[0, 5, 3, 3, 1, 3, 3, 3, 8, 2, 11, 14, 59, 3, 27, 52, 20, 24, 0]"""
j10,1,stnu,60,False,inf,0.7998249530792236,inf,[],"""[0, 6, 3, 3, 2, 1, 6, 2, 12, 6, 8, 14, 59, 3, 27, 52, 20, 24, 0]"""
j10,1,stnu,60,False,inf,0.915259599685669,inf,[],"""[0, 2, 2, 1, 1, 3, 5, 3, 8, 6, 6, 14, 59, 3, 27, 52, 20, 24, 0]"""
j10,1,stnu,60,False,inf,0.780524492263794,inf,[],"""[0, 5, 1, 1, 1, 4, 4, 2, 9, 6, 12, 14, 59, 3, 27, 52, 20, 24, 0]"""
j10,1,stnu,60,False,inf,0.7735466957092285,inf,[],"""[0, 2, 1, 1, 1, 4, 4, 2, 11, 2, 9, 14, 59, 3, 27, 52, 20, 24, 0]"""
j10,1,stnu,60,False,inf,0.7658247947692871,inf,[],"""[0, 4, 1, 3, 2, 4, 7, 3, 8, 6, 12, 14, 59, 3, 27, 52, 20, 24, 0]"""
j10,1,stnu,60,False,inf,0.7667489051818848,inf,[],"""[0, 6, 2, 2, 1, 4, 7, 4, 6, 2, 8, 14, 59, 3, 27, 52, 20, 24, 0]"""
j10,1,proactive_quantile_0.9,60,False,inf,0.05891585350036621,inf,"[0, 0, 0, 0, 16, 8, 17, 8, 25, 22, 33, 0, 55]","""[0, 4, 8, 3, 8, 10, 2, 9, 3, 6, 7, 56, 0]"""
j10,1,reactive,60,False,inf,inf,inf,null,"[0, 4, 8, 3, 8, 10, 2, 9, 3, 6, 7, 56, 0]"
j10,1,stnu,60,True,35,0.7831442356109619,0.005255222320556641,"[0, 0, 0, 0, 17, 8, 18, 8, 25, 20, 28, 0, 35]","""[0, 4, 8, 3, 8, 10, 2, 9, 3, 6, 7, 56, 0]"""
j10,1,proactive_quantile_0.9,60,False,inf,0.0811305046081543,inf,"[0, 0, 0, 0, 16, 8, 17, 8, 25, 22, 33, 0, 55]","""[0, 3, 5, 7, 10, 6, 5, 5, 3, 8, 4, 56, 0]"""
j10,1,reactive,60,False,inf,inf,inf,null,"[0, 3, 5, 7, 10, 6, 5, 5, 3, 8, 4, 56, 0]"
j10,1,stnu,60,True,30,0.7784478664398193,0.0052509307861328125,"[0, 0, 0, 0, 12, 7, 13, 7, 22, 18, 26, 0, 30]","""[0, 3, 5, 7, 10, 6, 5, 5, 3, 8, 4, 56, 0]"""
j10,1,proactive_quantile_0.9,60,True,41,0.058649539947509766,0.00036144256591796875,"[0, 0, 0, 0, 16, 8, 17, 8, 25, 22, 33, 0, 55]","""[0, 4, 8, 7, 5, 5, 6, 7, 5, 9, 5, 56, 0]"""
j10,1,reactive,60,False,inf,inf,inf,null,"[0, 4, 8, 7, 5, 5, 6, 7, 5, 9, 5, 56, 0]"
j10,1,stnu,60,True,33,0.7684292793273926,0.005316257476806641,"[0, 0, 0, 0, 15, 8, 13, 8, 20, 19, 28, 0, 33]","""[0, 4, 8, 7, 5, 5, 6, 7, 5, 9, 5, 56, 0]"""
j10,1,proactive_quantile_0.9,60,True,41,0.05665922164916992,0.0002942085266113281,"[0, 0, 0, 0, 16, 8, 17, 8, 25, 22, 33, 0, 55]","""[0, 3, 6, 4, 8, 8, 4, 5, 6, 6, 4, 56, 0]"""
j10,1,reactive,60,True,37,0.05665922164916992,0.3280341625213623,"[0, 0, 0, 0, 16, 8, 17, 8, 25, 22, 33, 0, 37]","[0, 3, 6, 4, 8, 8, 4, 5, 6, 6, 4, 56, 0]"
j10,1,stnu,60,True,29,0.7699859142303467,0.005255699157714844,"[0, 0, 0, 0, 11, 6, 14, 6, 19, 18, 25, 0, 29]","""[0, 3, 6, 4, 8, 8, 4, 5, 6, 6, 4, 56, 0]"""
j10,1,proactive_quantile_0.9,60,True,41,0.05727338790893555,0.0003349781036376953,"[0, 0, 0, 0, 16, 8, 17, 8, 25, 22, 33, 0, 55]","""[0, 6, 6, 7, 6, 9, 4, 5, 7, 11, 6, 56, 0]"""
j10,1,reactive,60,True,39,0.05727338790893555,0.14346742630004883,"[0, 0, 0, 0, 16, 8, 17, 8, 25, 22, 33, 0, 39]","[0, 6, 6, 7, 6, 9, 4, 5, 7, 11, 6, 56, 0]"
j10,1,stnu,60,True,37,0.7833476066589355,0.0052340030670166016,"[0, 0, 0, 0, 12, 7, 16, 7, 18, 20, 31, 0, 37]","""[0, 6, 6, 7, 6, 9, 4, 5, 7, 11, 6, 56, 0]"""
j10,1,proactive_quantile_0.9,60,True,41,0.20908451080322266,0.00033593177795410156,"[0, 0, 0, 0, 16, 8, 17, 8, 25, 22, 33, 0, 55]","""[0, 6, 4, 6, 5, 8, 4, 7, 7, 6, 9, 56, 0]"""
j10,1,reactive,60,True,42,0.20908451080322266,0.15236735343933105,"[0, 0, 0, 0, 16, 8, 17, 8, 25, 22, 33, 0, 42]","[0, 6, 4, 6, 5, 8, 4, 7, 7, 6, 9, 56, 0]"
j10,1,stnu,60,True,34,0.791370153427124,0.005164146423339844,"[0, 0, 0, 0, 13, 6, 14, 6, 18, 18, 25, 0, 34]","""[0, 6, 4, 6, 5, 8, 4, 7, 7, 6, 9, 56, 0]"""
j10,1,proactive_quantile_0.9,60,False,inf,0.055235862731933594,inf,"[0, 0, 0, 0, 16, 8, 17, 8, 25, 22, 33, 0, 55]","""[0, 2, 4, 6, 10, 6, 4, 4, 4, 6, 5, 56, 0]"""
j10,1,reactive,60,False,inf,inf,inf,null,"[0, 2, 4, 6, 10, 6, 4, 4, 4, 6, 5, 56, 0]"
j10,1,stnu,60,True,29,0.7697198390960693,0.005321025848388672,"[0, 0, 0, 0, 10, 6, 12, 6, 20, 16, 24, 0, 29]","""[0, 2, 4, 6, 10, 6, 4, 4, 4, 6, 5, 56, 0]"""
j10,1,proactive_quantile_0.9,60,False,inf,0.20290374755859375,inf,"[0, 0, 0, 0, 16, 8, 17, 8, 25, 22, 33, 0, 55]","""[0, 2, 8, 4, 7, 9, 4, 9, 3, 10, 4, 56, 0]"""
j10,1,reactive,60,False,inf,inf,inf,null,"[0, 2, 8, 4, 7, 9, 4, 9, 3, 10, 4, 56, 0]"
j10,1,stnu,60,True,35,0.7601635456085205,0.005237579345703125,"[0, 0, 0, 0, 17, 8, 17, 8, 24, 21, 31, 0, 35]","""[0, 2, 8, 4, 7, 9, 4, 9, 3, 10, 4, 56, 0]"""
j10,1,proactive_quantile_0.9,60,True,41,0.05389881134033203,0.0003135204315185547,"[0, 0, 0, 0, 16, 8, 17, 8, 25, 22, 33, 0, 55]","""[0, 3, 9, 2, 5, 8, 4, 9, 4, 9, 9, 56, 0]"""
j10,1,reactive,60,False,inf,inf,inf,null,"[0, 3, 9, 2, 5, 8, 4, 9, 4, 9, 9, 56, 0]"
j10,1,stnu,60,True,39,0.827251672744751,0.005187034606933594,"[0, 0, 0, 0, 18, 9, 17, 9, 23, 21, 30, 0, 39]","""[0, 3, 9, 2, 5, 8, 4, 9, 4, 9, 9, 56, 0]"""
j10,1,proactive_quantile_0.9,60,True,41,0.05622673034667969,0.0002880096435546875,"[0, 0, 0, 0, 16, 8, 17, 8, 25, 22, 33, 0, 55]","""[0, 2, 9, 7, 9, 9, 4, 5, 7, 6, 6, 56, 0]"""
j10,1,reactive,60,False,inf,inf,inf,null,"[0, 2, 9, 7, 9, 9, 4, 5, 7, 6, 6, 56, 0]"
j10,1,stnu,60,True,36,0.9198358058929443,0.005230426788330078,"[0, 0, 0, 0, 14, 9, 18, 9, 23, 22, 30, 0, 36]","""[0, 2, 9, 7, 9, 9, 4, 5, 7, 6, 6, 56, 0]"""
j10,1,proactive_quantile_0.9,60,True,32,0.05763077735900879,0.00043964385986328125,"[0, 0, 0, 0, 8, 16, 22, 16, 22, 8, 25, 0, 0, 0, 71]","""[0, 3, 6, 2, 7, 5, 3, 2, 8, 1, 8, 72, 48, 27, 0]"""
j10,1,reactive,60,True,33,0.05763077735900879,0.16454339027404785,"[0, 0, 0, 0, 8, 16, 22, 16, 22, 8, 25, 0, 0, 0, 33]","[0, 3, 6, 2, 7, 5, 3, 2, 8, 1, 8, 72, 48, 27, 0]"
j10,1,stnu,60,True,29,0.8008139133453369,0.006898164749145508,"[0, 0, 0, 0, 6, 13, 18, 13, 18, 6, 21, 0, 0, 0, 29]","""[0, 3, 6, 2, 7, 5, 3, 2, 8, 1, 8, 72, 48, 27, 0]"""
j10,1,proactive_quantile_0.9,60,True,32,0.06606888771057129,0.0004487037658691406,"[0, 0, 0, 0, 8, 16, 22, 16, 22, 8, 25, 0, 0, 0, 71]","""[0, 6, 7, 6, 6, 6, 3, 5, 4, 1, 8, 72, 48, 27, 0]"""
j10,1,reactive,60,True,33,0.06606888771057129,0.1546921730041504,"[0, 0, 0, 0, 8, 16, 22, 16, 22, 8, 25, 0, 0, 0, 33]","[0, 6, 7, 6, 6, 6, 3, 5, 4, 1, 8, 72, 48, 27, 0]"
j10,1,stnu,60,True,30,0.7926247119903564,0.006948947906494141,"[0, 0, 0, 0, 7, 13, 19, 13, 19, 7, 22, 0, 0, 0, 30]","""[0, 6, 7, 6, 6, 6, 3, 5, 4, 1, 8, 72, 48, 27, 0]"""
j10,1,proactive_quantile_0.9,60,True,32,0.0614171028137207,0.0004489421844482422,"[0, 0, 0, 0, 8, 16, 22, 16, 22, 8, 25, 0, 0, 0, 71]","""[0, 5, 9, 2, 5, 6, 1, 4, 5, 2, 7, 72, 48, 27, 0]"""
j10,1,reactive,60,False,inf,inf,inf,null,"[0, 5, 9, 2, 5, 6, 1, 4, 5, 2, 7, 72, 48, 27, 0]"
j10,1,stnu,60,True,28,0.7812449932098389,0.007052183151245117,"[0, 0, 0, 0, 9, 14, 20, 14, 20, 9, 21, 0, 0, 0, 28]","""[0, 5, 9, 2, 5, 6, 1, 4, 5, 2, 7, 72, 48, 27, 0]"""
j10,1,proactive_quantile_0.9,60,True,32,0.06612014770507812,0.0004482269287109375,"[0, 0, 0, 0, 8, 16, 22, 16, 22, 8, 25, 0, 0, 0, 71]","""[0, 4, 9, 3, 5, 4, 4, 6, 3, 1, 4, 72, 48, 27, 0]"""
j10,1,reactive,60,False,inf,inf,inf,null,"[0, 4, 9, 3, 5, 4, 4, 6, 3, 1, 4, 72, 48, 27, 0]"
j10,1,stnu,60,True,26,0.8242435455322266,0.007007122039794922,"[0, 0, 0, 0, 9, 14, 18, 14, 20, 9, 22, 0, 0, 0, 26]","""[0, 4, 9, 3, 5, 4, 4, 6, 3, 1, 4, 72, 48, 27, 0]"""
j10,1,proactive_quantile_0.9,60,True,32,0.05694127082824707,0.0004374980926513672,"[0, 0, 0, 0, 8, 16, 22, 16, 22, 8, 25, 0, 0, 0, 71]","""[0, 6, 9, 2, 4, 3, 2, 3, 6, 3, 5, 72, 48, 27, 0]"""
j10,1,reactive,60,False,inf,inf,inf,null,"[0, 6, 9, 2, 4, 3, 2, 3, 6, 3, 5, 72, 48, 27, 0]"
j10,1,stnu,60,True,23,0.7937538623809814,0.006976127624511719,"[0, 0, 0, 0, 9, 13, 16, 13, 16, 9, 18, 0, 0, 0, 23]","""[0, 6, 9, 2, 4, 3, 2, 3, 6, 3, 5, 72, 48, 27, 0]"""
j10,1,proactive_quantile_0.9,60,True,32,0.06080198287963867,0.00046634674072265625,"[0, 0, 0, 0, 8, 16, 22, 16, 22, 8, 25, 0, 0, 0, 71]","""[0, 4, 4, 4, 7, 7, 4, 5, 8, 2, 7, 72, 48, 27, 0]"""
j10,1,reactive,60,False,inf,inf,inf,null,"[0, 4, 4, 4, 7, 7, 4, 5, 8, 2, 7, 72, 48, 27, 0]"
j10,1,stnu,60,True,29,0.7920739650726318,0.006953239440917969,"[0, 0, 0, 0, 4, 11, 18, 11, 18, 4, 22, 0, 0, 0, 29]","""[0, 4, 4, 4, 7, 7, 4, 5, 8, 2, 7, 72, 48, 27, 0]"""
j10,1,proactive_quantile_0.9,60,True,32,0.05560159683227539,0.0004456043243408203,"[0, 0, 0, 0, 8, 16, 22, 16, 22, 8, 25, 0, 0, 0, 71]","""[0, 6, 7, 3, 7, 3, 3, 5, 3, 2, 7, 72, 48, 27, 0]"""
j10,1,reactive,60,True,32,0.05560159683227539,0.2779200077056885,"[0, 0, 0, 0, 8, 16, 22, 16, 22, 8, 25, 0, 0, 0, 32]","[0, 6, 7, 3, 7, 3, 3, 5, 3, 2, 7, 72, 48, 27, 0]"
j10,1,stnu,60,True,27,0.7596509456634521,0.007006168365478516,"[0, 0, 0, 0, 7, 14, 17, 14, 19, 7, 20, 0, 0, 0, 27]","""[0, 6, 7, 3, 7, 3, 3, 5, 3, 2, 7, 72, 48, 27, 0]"""
j10,1,proactive_quantile_0.9,60,True,32,0.053572654724121094,0.0004341602325439453,"[0, 0, 0, 0, 8, 16, 22, 16, 22, 8, 25, 0, 0, 0, 71]","""[0, 4, 5, 3, 5, 3, 2, 3, 8, 4, 4, 72, 48, 27, 0]"""
j10,1,reactive,60,True,30,0.053572654724121094,0.19287443161010742,"[0, 0, 0, 0, 8, 16, 22, 16, 22, 8, 25, 0, 0, 0, 30]","[0, 4, 5, 3, 5, 3, 2, 3, 8, 4, 4, 72, 48, 27, 0]"
j10,1,stnu,60,True,21,0.7617762088775635,0.006935834884643555,"[0, 0, 0, 0, 5, 10, 13, 10, 13, 5, 15, 0, 0, 0, 21]","""[0, 4, 5, 3, 5, 3, 2, 3, 8, 4, 4, 72, 48, 27, 0]"""
j10,1,proactive_quantile_0.9,60,True,32,0.056203603744506836,0.0004355907440185547,"[0, 0, 0, 0, 8, 16, 22, 16, 22, 8, 25, 0, 0, 0, 71]","""[0, 6, 5, 2, 6, 4, 4, 4, 7, 3, 3, 72, 48, 27, 0]"""
j10,1,reactive,60,False,inf,inf,inf,null,"[0, 6, 5, 2, 6, 4, 4, 4, 7, 3, 3, 72, 48, 27, 0]"
j10,1,stnu,60,True,23,0.7767848968505859,0.006904125213623047,"[0, 0, 0, 0, 6, 12, 16, 12, 16, 6, 20, 0, 0, 0, 23]","""[0, 6, 5, 2, 6, 4, 4, 4, 7, 3, 3, 72, 48, 27, 0]"""
j10,1,proactive_quantile_0.9,60,True,32,0.05838322639465332,0.00043582916259765625,"[0, 0, 0, 0, 8, 16, 22, 16, 22, 8, 25, 0, 0, 0, 71]","""[0, 3, 9, 4, 6, 4, 2, 6, 6, 1, 3, 72, 48, 27, 0]"""
j10,1,reactive,60,False,inf,inf,inf,null,"[0, 3, 9, 4, 6, 4, 2, 6, 6, 1, 3, 72, 48, 27, 0]"
j10,1,stnu,60,True,27,0.7848944664001465,0.0069539546966552734,"[0, 0, 0, 0, 9, 15, 19, 15, 21, 9, 21, 0, 0, 0, 27]","""[0, 3, 9, 4, 6, 4, 2, 6, 6, 1, 3, 72, 48, 27, 0]"""
j10,1,proactive_quantile_0.9,60,False,inf,0.07565164566040039,inf,"[0, 0, 0, 1, 2, 13, 7, 12, 10, 10, 19, 0, 0, 29]","""[0, 1, 1, 8, 6, 4, 5, 1, 4, 3, 3, 10, 30, 0]"""
j10,1,reactive,60,False,inf,inf,inf,null,"[0, 1, 1, 8, 6, 4, 5, 1, 4, 3, 3, 10, 30, 0]"
j10,1,stnu,60,False,inf,0.7728939056396484,inf,[],"""[0, 1, 3, 6, 5, 8, 5, 1, 4, 3, 4, 10, 30, 0]"""
j10,1,proactive_quantile_0.9,60,False,inf,0.0810098648071289,inf,"[0, 0, 0, 1, 2, 13, 7, 12, 10, 10, 19, 0, 0, 29]","""[0, 3, 1, 8, 3, 6, 3, 2, 3, 1, 3, 10, 30, 0]"""
j10,1,reactive,60,False,inf,inf,inf,null,"[0, 3, 1, 8, 3, 6, 3, 2, 3, 1, 3, 10, 30, 0]"
j10,1,stnu,60,True,23,0.7993640899658203,0.0061931610107421875,"[0, 0, 0, 1, 2, 9, 6, 15, 9, 5, 17, 0, 0, 23]","""[0, 2, 1, 8, 3, 6, 3, 2, 3, 1, 6, 10, 30, 0]"""
j10,1,proactive_quantile_0.9,60,False,inf,0.07130169868469238,inf,"[0, 0, 0, 1, 2, 13, 7, 12, 10, 10, 19, 0, 0, 29]","""[0, 2, 2, 8, 3, 4, 2, 1, 3, 2, 2, 10, 30, 0]"""
j10,1,reactive,60,False,inf,inf,inf,null,"[0, 2, 2, 8, 3, 4, 2, 1, 3, 2, 2, 10, 30, 0]"
j10,1,stnu,60,False,inf,0.7402174472808838,inf,[],"""[0, 3, 3, 9, 3, 5, 2, 1, 3, 3, 5, 10, 30, 0]"""
j10,1,proactive_quantile_0.9,60,False,inf,0.07488226890563965,inf,"[0, 0, 0, 1, 2, 13, 7, 12, 10, 10, 19, 0, 0, 29]","""[0, 3, 2, 7, 6, 6, 5, 2, 1, 1, 2, 10, 30, 0]"""
j10,1,reactive,60,False,inf,inf,inf,null,"[0, 3, 2, 7, 6, 6, 5, 2, 1, 1, 2, 10, 30, 0]"
j10,1,stnu,60,False,inf,0.7646498680114746,inf,[],"""[0, 2, 4, 10, 7, 5, 5, 2, 1, 3, 3, 10, 30, 0]"""
j10,1,proactive_quantile_0.9,60,False,inf,0.07686138153076172,inf,"[0, 0, 0, 1, 2, 13, 7, 12, 10, 10, 19, 0, 0, 29]","""[0, 2, 2, 5, 2, 5, 6, 1, 1, 1, 2, 10, 30, 0]"""
j10,1,reactive,60,False,inf,inf,inf,null,"[0, 2, 2, 5, 2, 5, 6, 1, 1, 1, 2, 10, 30, 0]"
j10,1,stnu,60,False,inf,0.8133690357208252,inf,[],"""[0, 2, 2, 8, 7, 9, 6, 1, 1, 3, 3, 10, 30, 0]"""
j10,1,proactive_quantile_0.9,60,False,inf,0.07381963729858398,inf,"[0, 0, 0, 1, 2, 13, 7, 12, 10, 10, 19, 0, 0, 29]","""[0, 3, 1, 8, 2, 7, 2, 2, 3, 2, 1, 10, 30, 0]"""
j10,1,reactive,60,False,inf,inf,inf,null,"[0, 3, 1, 8, 2, 7, 2, 2, 3, 2, 1, 10, 30, 0]"
j10,1,stnu,60,False,inf,0.8622236251831055,inf,[],"""[0, 1, 4, 10, 4, 5, 2, 2, 3, 4, 5, 10, 30, 0]"""
j10,1,proactive_quantile_0.9,60,False,inf,0.07604289054870605,inf,"[0, 0, 0, 1, 2, 13, 7, 12, 10, 10, 19, 0, 0, 29]","""[0, 1, 1, 7, 4, 7, 6, 1, 4, 3, 1, 10, 30, 0]"""
j10,1,reactive,60,False,inf,inf,inf,null,"[0, 1, 1, 7, 4, 7, 6, 1, 4, 3, 1, 10, 30, 0]"
j10,1,stnu,60,False,inf,0.7649612426757812,inf,[],"""[0, 1, 1, 8, 3, 4, 6, 1, 4, 6, 4, 10, 30, 0]"""
j10,1,proactive_quantile_0.9,60,False,inf,0.0793612003326416,inf,"[0, 0, 0, 1, 2, 13, 7, 12, 10, 10, 19, 0, 0, 29]","""[0, 1, 2, 7, 2, 5, 6, 1, 1, 3, 2, 10, 30, 0]"""
j10,1,reactive,60,False,inf,inf,inf,null,"[0, 1, 2, 7, 2, 5, 6, 1, 1, 3, 2, 10, 30, 0]"
j10,1,stnu,60,False,inf,0.7780256271362305,inf,[],"""[0, 1, 3, 8, 3, 8, 6, 1, 1, 7, 2, 10, 30, 0]"""
j10,1,proactive_quantile_0.9,60,False,inf,0.07788300514221191,inf,"[0, 0, 0, 1, 2, 13, 7, 12, 10, 10, 19, 0, 0, 29]","""[0, 1, 1, 6, 5, 7, 4, 1, 4, 2, 3, 10, 30, 0]"""
j10,1,reactive,60,False,inf,inf,inf,null,"[0, 1, 1, 6, 5, 7, 4, 1, 4, 2, 3, 10, 30, 0]"
j10,1,stnu,60,False,inf,0.7731368541717529,inf,[],"""[0, 2, 4, 10, 4, 9, 4, 1, 4, 5, 5, 10, 30, 0]"""
j10,1,proactive_quantile_0.9,60,False,inf,0.08145976066589355,inf,"[0, 0, 0, 1, 2, 13, 7, 12, 10, 10, 19, 0, 0, 29]","""[0, 3, 2, 7, 4, 7, 3, 2, 4, 1, 1, 10, 30, 0]"""
j10,1,reactive,60,False,inf,inf,inf,null,"[0, 3, 2, 7, 4, 7, 3, 2, 4, 1, 1, 10, 30, 0]"
j10,1,stnu,60,False,inf,0.7553131580352783,inf,[],"""[0, 2, 3, 6, 5, 8, 3, 2, 4, 4, 4, 10, 30, 0]"""
j10,1,proactive_quantile_0.9,60,True,28,0.05919599533081055,0.0004961490631103516,"[0, 0, 0, 0, 5, 14, 14, 14, 21, 21, 21, 0, 0, 0, 0, 65]","""[0, 2, 4, 2, 8, 5, 3, 3, 1, 6, 8, 31, 39, 66, 37, 0]"""
j10,1,reactive,60,True,29,0.05919599533081055,0.16835570335388184,"[0, 0, 0, 0, 5, 14, 14, 14, 21, 21, 21, 0, 0, 0, 0, 29]","[0, 2, 4, 2, 8, 5, 3, 3, 1, 6, 8, 31, 39, 66, 37, 0]"
j10,1,stnu,60,True,23,0.8067865371704102,0.007548093795776367,"[0, 0, 0, 0, 2, 10, 10, 10, 15, 13, 15, 0, 0, 0, 0, 23]","""[0, 2, 4, 2, 8, 5, 3, 3, 1, 6, 8, 31, 39, 66, 37, 0]"""
j10,1,proactive_quantile_0.9,60,True,28,0.05748796463012695,0.0004968643188476562,"[0, 0, 0, 0, 5, 14, 14, 14, 21, 21, 21, 0, 0, 0, 0, 65]","""[0, 1, 3, 5, 8, 7, 4, 5, 1, 8, 3, 31, 39, 66, 37, 0]"""
j10,1,reactive,60,True,29,0.05748796463012695,0.10616946220397949,"[0, 0, 0, 0, 5, 14, 14, 14, 21, 21, 21, 0, 0, 0, 0, 29]","[0, 1, 3, 5, 8, 7, 4, 5, 1, 8, 3, 31, 39, 66, 37, 0]"
j10,1,stnu,60,True,26,0.9546008110046387,0.007595539093017578,"[0, 0, 0, 0, 5, 13, 13, 13, 20, 18, 20, 0, 0, 0, 0, 26]","""[0, 1, 3, 5, 8, 7, 4, 5, 1, 8, 3, 31, 39, 66, 37, 0]"""
j10,1,proactive_quantile_0.9,60,True,28,0.05707550048828125,0.0005090236663818359,"[0, 0, 0, 0, 5, 14, 14, 14, 21, 21, 21, 0, 0, 0, 0, 65]","""[0, 2, 4, 5, 5, 5, 6, 6, 1, 6, 8, 31, 39, 66, 37, 0]"""
j10,1,reactive,60,True,29,0.05707550048828125,0.14911127090454102,"[0, 0, 0, 0, 5, 14, 14, 14, 21, 21, 21, 0, 0, 0, 0, 29]","[0, 2, 4, 5, 5, 5, 6, 6, 1, 6, 8, 31, 39, 66, 37, 0]"
j10,1,stnu,60,True,24,0.8037443161010742,0.007555484771728516,"[0, 0, 0, 0, 5, 10, 10, 10, 16, 16, 16, 0, 0, 0, 0, 24]","""[0, 2, 4, 5, 5, 5, 6, 6, 1, 6, 8, 31, 39, 66, 37, 0]"""
j10,1,proactive_quantile_0.9,60,True,28,0.06388020515441895,0.0005052089691162109,"[0, 0, 0, 0, 5, 14, 14, 14, 21, 21, 21, 0, 0, 0, 0, 65]","""[0, 2, 2, 2, 7, 5, 3, 7, 1, 5, 3, 31, 39, 66, 37, 0]"""
j10,1,reactive,60,True,26,0.06388020515441895,0.15578961372375488,"[0, 0, 0, 0, 5, 14, 14, 14, 21, 21, 21, 0, 0, 0, 0, 26]","[0, 2, 2, 2, 7, 5, 3, 7, 1, 5, 3, 31, 39, 66, 37, 0]"
j10,1,stnu,60,True,21,0.8089542388916016,0.007611989974975586,"[0, 0, 0, 0, 2, 9, 9, 9, 16, 16, 16, 0, 0, 0, 0, 21]","""[0, 2, 2, 2, 7, 5, 3, 7, 1, 5, 3, 31, 39, 66, 37, 0]"""
j10,1,proactive_quantile_0.9,60,False,inf,0.05940389633178711,inf,"[0, 0, 0, 0, 5, 14, 14, 14, 21, 21, 21, 0, 0, 0, 0, 65]","""[0, 2, 2, 6, 9, 3, 8, 3, 1, 5, 3, 31, 39, 66, 37, 0]"""
j10,1,reactive,60,False,inf,inf,inf,null,"[0, 2, 2, 6, 9, 3, 8, 3, 1, 5, 3, 31, 39, 66, 37, 0]"
j10,1,stnu,60,True,28,0.7993688583374023,0.007589817047119141,"[0, 0, 0, 0, 6, 15, 15, 15, 23, 23, 23, 0, 0, 0, 0, 28]","""[0, 2, 2, 6, 9, 3, 8, 3, 1, 5, 3, 31, 39, 66, 37, 0]"""
j10,1,proactive_quantile_0.9,60,False,inf,0.05869770050048828,inf,"[0, 0, 0, 0, 5, 14, 14, 14, 21, 21, 21, 0, 0, 0, 0, 65]","""[0, 1, 1, 2, 8, 2, 8, 4, 2, 6, 7, 31, 39, 66, 37, 0]"""
j10,1,reactive,60,False,inf,inf,inf,null,"[0, 1, 1, 2, 8, 2, 8, 4, 2, 6, 7, 31, 39, 66, 37, 0]"
j10,1,stnu,60,True,25,0.8152384757995605,0.007649660110473633,"[0, 0, 0, 0, 2, 10, 10, 10, 18, 18, 18, 0, 0, 0, 0, 25]","""[0, 1, 1, 2, 8, 2, 8, 4, 2, 6, 7, 31, 39, 66, 37, 0]"""
j10,1,proactive_quantile_0.9,60,True,28,0.05909442901611328,0.0004999637603759766,"[0, 0, 0, 0, 5, 14, 14, 14, 21, 21, 21, 0, 0, 0, 0, 65]","""[0, 2, 4, 5, 7, 5, 6, 4, 2, 3, 3, 31, 39, 66, 37, 0]"""
j10,1,reactive,60,True,24,0.05909442901611328,0.14600038528442383,"[0, 0, 0, 0, 5, 14, 14, 14, 21, 21, 21, 0, 0, 0, 0, 24]","[0, 2, 4, 5, 7, 5, 6, 4, 2, 3, 3, 31, 39, 66, 37, 0]"
j10,1,stnu,60,True,21,0.8012909889221191,0.00766301155090332,"[0, 0, 0, 0, 5, 12, 12, 12, 18, 18, 18, 0, 0, 0, 0, 21]","""[0, 2, 4, 5, 7, 5, 6, 4, 2, 3, 3, 31, 39, 66, 37, 0]"""
j10,1,proactive_quantile_0.9,60,False,inf,0.05729246139526367,inf,"[0, 0, 0, 0, 5, 14, 14, 14, 21, 21, 21, 0, 0, 0, 0, 65]","""[0, 2, 3, 5, 5, 7, 7, 8, 2, 3, 3, 31, 39, 66, 37, 0]"""
j10,1,reactive,60,False,inf,inf,inf,null,"[0, 2, 3, 5, 5, 7, 7, 8, 2, 3, 3, 31, 39, 66, 37, 0]"
j10,1,stnu,60,True,21,0.7791469097137451,0.007580995559692383,"[0, 0, 0, 0, 5, 10, 10, 10, 18, 18, 18, 0, 0, 0, 0, 21]","""[0, 2, 3, 5, 5, 7, 7, 8, 2, 3, 3, 31, 39, 66, 37, 0]"""
j10,1,proactive_quantile_0.9,60,False,inf,0.057390689849853516,inf,"[0, 0, 0, 0, 5, 14, 14, 14, 21, 21, 21, 0, 0, 0, 0, 65]","""[0, 1, 2, 4, 5, 6, 8, 7, 2, 5, 7, 31, 39, 66, 37, 0]"""
j10,1,reactive,60,False,inf,inf,inf,null,"[0, 1, 2, 4, 5, 6, 8, 7, 2, 5, 7, 31, 39, 66, 37, 0]"
j10,1,stnu,60,True,24,0.9589846134185791,0.00761866569519043,"[0, 0, 0, 0, 4, 9, 9, 9, 17, 17, 17, 0, 0, 0, 0, 24]","""[0, 1, 2, 4, 5, 6, 8, 7, 2, 5, 7, 31, 39, 66, 37, 0]"""
j10,1,proactive_quantile_0.9,60,False,inf,0.05754256248474121,inf,"[0, 0, 0, 0, 5, 14, 14, 14, 21, 21, 21, 0, 0, 0, 0, 65]","""[0, 2, 1, 6, 8, 6, 6, 8, 1, 4, 8, 31, 39, 66, 37, 0]"""
j10,1,reactive,60,False,inf,inf,inf,null,"[0, 2, 1, 6, 8, 6, 6, 8, 1, 4, 8, 31, 39, 66, 37, 0]"
j10,1,stnu,60,True,30,0.8015334606170654,0.007546186447143555,"[0, 0, 0, 0, 6, 14, 14, 14, 22, 22, 22, 0, 0, 0, 0, 30]","""[0, 2, 1, 6, 8, 6, 6, 8, 1, 4, 8, 31, 39, 66, 37, 0]"""
j20,1,proactive_quantile_0.9,60,False,inf,0.09900188446044922,inf,"[0, 0, 0, 0, 10, 20, 9, 18, 21, 9, 25, 36, 41, 29, 41, 50, 56, 56, 50, 68, 56, 0, 0, 116]","""[0, 8, 3, 10, 7, 5, 2, 4, 9, 9, 6, 5, 4, 7, 7, 5, 12, 1, 6, 1, 6, 117, 51, 0]"""
j20,1,reactive,60,False,inf,inf,inf,null,"[0, 8, 3, 10, 7, 5, 2, 4, 9, 9, 6, 5, 4, 7, 7, 5, 12, 1, 6, 1, 6, 117, 51, 0]"
j20,1,stnu,60,True,65,0.9707419872283936,0.02390003204345703,"[0, 0, 0, 0, 12, 19, 10, 19, 23, 10, 24, 30, 39, 32, 39, 46, 52, 52, 46, 64, 52, 0, 0, 65]","""[0, 8, 3, 10, 7, 5, 2, 4, 9, 9, 6, 5, 4, 7, 7, 5, 12, 1, 6, 1, 6, 117, 51, 0]"""
j20,1,proactive_quantile_0.9,60,False,inf,0.23766422271728516,inf,"[0, 0, 0, 0, 10, 20, 9, 18, 21, 9, 25, 36, 41, 29, 41, 50, 56, 56, 50, 68, 56, 0, 0, 116]","""[0, 5, 5, 6, 6, 6, 2, 2, 6, 12, 6, 2, 3, 7, 10, 7, 13, 2, 2, 4, 6, 117, 51, 0]"""
j20,1,reactive,60,False,inf,inf,inf,null,"[0, 5, 5, 6, 6, 6, 2, 2, 6, 12, 6, 2, 3, 7, 10, 7, 13, 2, 2, 4, 6, 117, 51, 0]"
j20,1,stnu,60,True,66,0.9974815845489502,0.023567676544189453,"[0, 0, 0, 0, 8, 18, 6, 14, 16, 6, 24, 30, 32, 24, 32, 42, 49, 49, 42, 62, 49, 0, 0, 66]","""[0, 5, 5, 6, 6, 6, 2, 2, 6, 12, 6, 2, 3, 7, 10, 7, 13, 2, 2, 4, 6, 117, 51, 0]"""
j20,1,proactive_quantile_0.9,60,False,inf,0.09985780715942383,inf,"[0, 0, 0, 0, 10, 20, 9, 18, 21, 9, 25, 36, 41, 29, 41, 50, 56, 56, 50, 68, 56, 0, 0, 116]","""[0, 10, 5, 9, 5, 4, 1, 1, 5, 7, 6, 5, 3, 6, 10, 2, 10, 1, 3, 1, 3, 117, 51, 0]"""
j20,1,reactive,60,False,inf,inf,inf,null,"[0, 10, 5, 9, 5, 4, 1, 1, 5, 7, 6, 5, 3, 6, 10, 2, 10, 1, 3, 1, 3, 117, 51, 0]"
j20,1,stnu,60,True,56,1.1149249076843262,0.023752450942993164,"[0, 0, 0, 0, 11, 17, 10, 16, 17, 10, 21, 27, 32, 22, 32, 42, 45, 45, 42, 55, 45, 0, 0, 56]","""[0, 10, 5, 9, 5, 4, 1, 1, 5, 7, 6, 5, 3, 6, 10, 2, 10, 1, 3, 1, 3, 117, 51, 0]"""
j20,1,proactive_quantile_0.9,60,False,inf,0.09908032417297363,inf,"[0, 0, 0, 0, 10, 20, 9, 18, 21, 9, 25, 36, 41, 29, 41, 50, 56, 56, 50, 68, 56, 0, 0, 116]","""[0, 7, 2, 10, 4, 4, 2, 4, 9, 6, 11, 4, 6, 7, 5, 2, 11, 2, 4, 4, 2, 117, 51, 0]"""
j20,1,reactive,60,False,inf,inf,inf,null,"[0, 7, 2, 10, 4, 4, 2, 4, 9, 6, 11, 4, 6, 7, 5, 2, 11, 2, 4, 4, 2, 117, 51, 0]"
j20,1,stnu,60,True,61,1.1052415370941162,0.02338862419128418,"[0, 0, 0, 0, 12, 16, 10, 16, 20, 10, 20, 31, 36, 29, 36, 42, 46, 46, 42, 57, 46, 0, 0, 61]","""[0, 7, 2, 10, 4, 4, 2, 4, 9, 6, 11, 4, 6, 7, 5, 2, 11, 2, 4, 4, 2, 117, 51, 0]"""
j20,1,proactive_quantile_0.9,60,False,inf,0.09615898132324219,inf,"[0, 0, 0, 0, 10, 20, 9, 18, 21, 9, 25, 36, 41, 29, 41, 50, 56, 56, 50, 68, 56, 0, 0, 116]","""[0, 7, 3, 10, 4, 6, 1, 2, 5, 11, 9, 2, 2, 7, 8, 4, 8, 1, 2, 2, 4, 117, 51, 0]"""
j20,1,reactive,60,False,inf,inf,inf,null,"[0, 7, 3, 10, 4, 6, 1, 2, 5, 11, 9, 2, 2, 7, 8, 4, 8, 1, 2, 2, 4, 117, 51, 0]"
j20,1,stnu,60,True,60,0.9837164878845215,0.02357625961303711,"[0, 0, 0, 0, 11, 21, 10, 15, 17, 10, 27, 36, 38, 27, 38, 46, 50, 50, 46, 58, 50, 0, 0, 60]","""[0, 7, 3, 10, 4, 6, 1, 2, 5, 11, 9, 2, 2, 7, 8, 4, 8, 1, 2, 2, 4, 117, 51, 0]"""
j20,1,proactive_quantile_0.9,60,True,49,0.0947883129119873,0.0005633831024169922,"[0, 0, 9, 0, 8, 16, 16, 16, 18, 9, 20, 22, 27, 24, 27, 30, 33, 33, 31, 40, 33, 0, 0, 116]","""[0, 6, 3, 5, 5, 1, 2, 2, 4, 10, 1, 2, 1, 7, 1, 2, 4, 2, 1, 9, 2, 117, 51, 0]"""
j20,1,reactive,60,True,49,0.0947883129119873,0.45516180992126465,"[0, 0, 9, 0, 8, 16, 16, 16, 18, 9, 20, 22, 27, 24, 27, 30, 33, 33, 31, 40, 33, 0, 0, 49]","[0, 6, 3, 5, 5, 1, 2, 2, 4, 10, 1, 2, 1, 7, 1, 2, 4, 2, 1, 9, 2, 117, 51, 0]"
j20,1,stnu,60,True,66,0.9704816341400146,0.023709535598754883,"[0, 0, 0, 0, 12, 20, 10, 17, 21, 10, 23, 31, 39, 29, 39, 48, 53, 53, 48, 64, 53, 0, 0, 66]","""[0, 10, 5, 7, 5, 3, 2, 4, 8, 10, 8, 2, 4, 10, 9, 2, 11, 2, 5, 2, 2, 117, 51, 0]"""
j20,1,proactive_quantile_0.9,60,False,inf,0.10543656349182129,inf,"[0, 0, 0, 0, 10, 20, 9, 18, 21, 9, 25, 36, 41, 29, 41, 50, 56, 56, 50, 68, 56, 0, 0, 116]","""[0, 8, 5, 5, 7, 4, 2, 2, 4, 12, 11, 5, 6, 5, 7, 3, 8, 1, 3, 1, 5, 117, 51, 0]"""
j20,1,reactive,60,False,inf,inf,inf,null,"[0, 8, 5, 5, 7, 4, 2, 2, 4, 12, 11, 5, 6, 5, 7, 3, 8, 1, 3, 1, 5, 117, 51, 0]"
j20,1,stnu,60,True,59,0.9850630760192871,0.023424386978149414,"[0, 0, 0, 0, 10, 20, 8, 17, 19, 8, 24, 35, 40, 24, 40, 47, 50, 50, 47, 58, 50, 0, 0, 59]","""[0, 8, 5, 5, 7, 4, 2, 2, 4, 12, 11, 5, 6, 5, 7, 3, 8, 1, 3, 1, 5, 117, 51, 0]"""
j20,1,proactive_quantile_0.9,60,False,inf,0.09592175483703613,inf,"[0, 0, 0, 0, 10, 20, 9, 18, 21, 9, 25, 36, 41, 29, 41, 50, 56, 56, 50, 68, 56, 0, 0, 116]","""[0, 9, 5, 5, 4, 6, 1, 1, 8, 8, 7, 2, 4, 6, 10, 4, 13, 1, 2, 1, 2, 117, 51, 0]"""
j20,1,reactive,60,False,inf,inf,inf,null,"[0, 9, 5, 5, 4, 6, 1, 1, 8, 8, 7, 2, 4, 6, 10, 4, 13, 1, 2, 1, 2, 117, 51, 0]"
j20,1,stnu,60,True,60,0.9826929569244385,0.023495912551879883,"[0, 0, 0, 0, 10, 17, 9, 14, 15, 9, 23, 30, 32, 23, 32, 42, 46, 46, 42, 59, 46, 0, 0, 60]","""[0, 9, 5, 5, 4, 6, 1, 1, 8, 8, 7, 2, 4, 6, 10, 4, 13, 1, 2, 1, 2, 117, 51, 0]"""
j20,1,proactive_quantile_0.9,60,False,inf,0.09815239906311035,inf,"[0, 0, 0, 0, 10, 20, 9, 18, 21, 9, 25, 36, 41, 29, 41, 50, 56, 56, 50, 68, 56, 0, 0, 116]","""[0, 5, 5, 8, 7, 2, 1, 3, 8, 12, 8, 3, 6, 10, 5, 4, 8, 2, 3, 2, 2, 117, 51, 0]"""
j20,1,reactive,60,False,inf,inf,inf,null,"[0, 5, 5, 8, 7, 2, 1, 3, 8, 12, 8, 3, 6, 10, 5, 4, 8, 2, 3, 2, 2, 117, 51, 0]"
j20,1,stnu,60,True,57,1.0035207271575928,0.02366495132446289,"[0, 0, 0, 0, 9, 20, 8, 16, 19, 8, 22, 30, 37, 27, 37, 43, 47, 47, 43, 55, 47, 0, 0, 57]","""[0, 5, 5, 8, 7, 2, 1, 3, 8, 12, 8, 3, 6, 10, 5, 4, 8, 2, 3, 2, 2, 117, 51, 0]"""
j20,1,proactive_quantile_0.9,60,False,inf,0.09563326835632324,inf,"[0, 0, 0, 0, 10, 20, 9, 18, 21, 9, 25, 36, 41, 29, 41, 50, 56, 56, 50, 68, 56, 0, 0, 116]","""[0, 5, 5, 7, 6, 5, 1, 1, 7, 6, 10, 6, 3, 10, 7, 5, 12, 3, 4, 4, 4, 117, 51, 0]"""
j20,1,reactive,60,False,inf,inf,inf,null,"[0, 5, 5, 7, 6, 5, 1, 1, 7, 6, 10, 6, 3, 10, 7, 5, 12, 3, 4, 4, 4, 117, 51, 0]"
j20,1,stnu,60,True,63,0.9788985252380371,0.023495912551879883,"[0, 0, 0, 0, 8, 14, 7, 14, 15, 7, 19, 29, 35, 22, 35, 42, 47, 47, 42, 59, 47, 0, 0, 63]","""[0, 5, 5, 7, 6, 5, 1, 1, 7, 6, 10, 6, 3, 10, 7, 5, 12, 3, 4, 4, 4, 117, 51, 0]"""
j20,1,proactive_quantile_0.9,60,True,41,0.10030007362365723,0.001397848129272461,"[0, 0, 0, 0, 6, 3, 6, 3, 8, 12, 12, 8, 19, 21, 8, 19, 24, 24, 35, 35, 16, 0, 0, 0, 0, 0, 0, 0, 157]","""[0, 2, 4, 4, 6, 4, 2, 3, 5, 4, 6, 5, 3, 4, 9, 3, 10, 6, 2, 2, 1, 5, 33, 158, 128, 84, 96, 156, 0]"""
j20,1,reactive,60,False,inf,inf,inf,null,"[0, 2, 4, 4, 6, 4, 2, 3, 5, 4, 6, 5, 3, 4, 9, 3, 10, 6, 2, 2, 1, 5, 33, 158, 128, 84, 96, 156, 0]"
j20,1,stnu,60,True,32,0.9642658233642578,0.029895782470703125,"[0, 0, 0, 0, 4, 2, 4, 2, 6, 10, 10, 6, 15, 16, 6, 15, 20, 20, 30, 30, 11, 0, 0, 0, 0, 0, 0, 0, 32]","""[0, 2, 4, 4, 6, 4, 2, 3, 5, 4, 6, 5, 3, 4, 9, 3, 10, 6, 2, 2, 1, 5, 33, 158, 128, 84, 96, 156, 0]"""
j20,1,proactive_quantile_0.9,60,True,41,0.09572649002075195,0.0014629364013671875,"[0, 0, 0, 0, 6, 3, 6, 3, 8, 12, 12, 8, 19, 21, 8, 19, 24, 24, 35, 35, 16, 0, 0, 0, 0, 0, 0, 0, 157]","""[0, 2, 2, 4, 6, 4, 3, 4, 2, 7, 6, 9, 5, 2, 7, 2, 10, 6, 3, 3, 2, 5, 33, 158, 128, 84, 96, 156, 0]"""
j20,1,reactive,60,False,inf,inf,inf,null,"[0, 2, 2, 4, 6, 4, 3, 4, 2, 7, 6, 9, 5, 2, 7, 2, 10, 6, 3, 3, 2, 5, 33, 158, 128, 84, 96, 156, 0]"
j20,1,stnu,60,True,30,0.9809329509735107,0.0297698974609375,"[0, 0, 0, 0, 2, 2, 2, 2, 6, 8, 8, 6, 17, 15, 6, 17, 17, 17, 27, 27, 15, 0, 0, 0, 0, 0, 0, 0, 30]","""[0, 2, 2, 4, 6, 4, 3, 4, 2, 7, 6, 9, 5, 2, 7, 2, 10, 6, 3, 3, 2, 5, 33, 158, 128, 84, 96, 156, 0]"""
j20,1,proactive_quantile_0.9,60,True,41,0.09276962280273438,0.0014264583587646484,"[0, 0, 0, 0, 6, 3, 6, 3, 8, 12, 12, 8, 19, 21, 8, 19, 24, 24, 35, 35, 16, 0, 0, 0, 0, 0, 0, 0, 157]","""[0, 2, 7, 8, 4, 5, 2, 4, 2, 8, 8, 7, 7, 1, 9, 2, 7, 8, 1, 3, 2, 5, 33, 158, 128, 84, 96, 156, 0]"""
j20,1,reactive,60,False,inf,inf,inf,null,"[0, 2, 7, 8, 4, 5, 2, 4, 2, 8, 8, 7, 7, 1, 9, 2, 7, 8, 1, 3, 2, 5, 33, 158, 128, 84, 96, 156, 0]"
j20,1,stnu,60,True,31,0.9671957492828369,0.030052661895751953,"[0, 0, 0, 0, 7, 2, 7, 2, 9, 11, 11, 9, 19, 19, 9, 19, 20, 20, 27, 28, 16, 0, 0, 0, 0, 0, 0, 0, 31]","""[0, 2, 7, 8, 4, 5, 2, 4, 2, 8, 8, 7, 7, 1, 9, 2, 7, 8, 1, 3, 2, 5, 33, 158, 128, 84, 96, 156, 0]"""
j20,1,proactive_quantile_0.9,60,True,41,0.10032272338867188,0.0014188289642333984,"[0, 0, 0, 0, 6, 3, 6, 3, 8, 12, 12, 8, 19, 21, 8, 19, 24, 24, 35, 35, 16, 0, 0, 0, 0, 0, 0, 0, 157]","""[0, 3, 6, 6, 2, 7, 3, 4, 2, 6, 5, 4, 7, 2, 12, 6, 10, 3, 1, 4, 2, 5, 33, 158, 128, 84, 96, 156, 0]"""
j20,1,reactive,60,False,inf,inf,inf,null,"[0, 3, 6, 6, 2, 7, 3, 4, 2, 6, 5, 4, 7, 2, 12, 6, 10, 3, 1, 4, 2, 5, 33, 158, 128, 84, 96, 156, 0]"
j20,1,stnu,60,True,19,1.1387622356414795,0.030501127243041992,"[0, 0, 0, 0, 2, 5, 2, 5, 7, 9, 11, 7, 12, 13, 5, 11, 14, 6, 18, 18, 12, 0, 0, 0, 0, 0, 0, 0, 19]","""[0, 3, 2, 3, 5, 4, 3, 2, 2, 2, 2, 5, 1, 1, 1, 6, 4, 1, 1, 1, 1, 5, 33, 158, 128, 84, 96, 156, 0]"""
j20,1,proactive_quantile_0.9,60,False,inf,0.09462356567382812,inf,"[0, 0, 0, 0, 6, 3, 6, 3, 8, 12, 12, 8, 19, 21, 8, 19, 24, 24, 35, 35, 16, 0, 0, 0, 0, 0, 0, 0, 157]","""[0, 1, 2, 7, 4, 9, 3, 4, 3, 8, 6, 8, 7, 4, 9, 3, 9, 6, 1, 4, 4, 5, 33, 158, 128, 84, 96, 156, 0]"""
j20,1,reactive,60,False,inf,inf,inf,null,"[0, 1, 2, 7, 4, 9, 3, 4, 3, 8, 6, 8, 7, 4, 9, 3, 9, 6, 1, 4, 4, 5, 33, 158, 128, 84, 96, 156, 0]"
j20,1,stnu,60,True,35,1.1630949974060059,0.029989957809448242,"[0, 0, 0, 0, 2, 1, 2, 1, 7, 10, 10, 7, 19, 18, 5, 19, 22, 22, 31, 31, 15, 0, 0, 0, 0, 0, 0, 0, 35]","""[0, 1, 2, 7, 4, 9, 3, 4, 3, 8, 6, 8, 7, 4, 9, 3, 9, 6, 1, 4, 4, 5, 33, 158, 128, 84, 96, 156, 0]"""
j20,1,proactive_quantile_0.9,60,False,inf,0.09538102149963379,inf,"[0, 0, 0, 0, 6, 3, 6, 3, 8, 12, 12, 8, 19, 21, 8, 19, 24, 24, 35, 35, 16, 0, 0, 0, 0, 0, 0, 0, 157]","""[0, 4, 2, 5, 6, 8, 3, 5, 4, 3, 7, 4, 8, 4, 9, 3, 9, 7, 2, 7, 4, 5, 33, 158, 128, 84, 96, 156, 0]"""
j20,1,reactive,60,False,inf,inf,inf,null,"[0, 4, 2, 5, 6, 8, 3, 5, 4, 3, 7, 4, 8, 4, 9, 3, 9, 7, 2, 7, 4, 5, 33, 158, 128, 84, 96, 156, 0]"
j20,1,stnu,60,True,39,1.172908067703247,0.029890060424804688,"[0, 0, 0, 0, 4, 4, 4, 4, 9, 12, 12, 9, 18, 19, 9, 18, 23, 23, 32, 32, 13, 0, 0, 0, 0, 0, 0, 0, 39]","""[0, 4, 2, 5, 6, 8, 3, 5, 4, 3, 7, 4, 8, 4, 9, 3, 9, 7, 2, 7, 4, 5, 33, 158, 128, 84, 96, 156, 0]"""
j20,1,proactive_quantile_0.9,60,True,41,0.09628820419311523,0.0015845298767089844,"[0, 0, 0, 0, 6, 3, 6, 3, 8, 12, 12, 8, 19, 21, 8, 19, 24, 24, 35, 35, 16, 0, 0, 0, 0, 0, 0, 0, 157]","""[0, 1, 6, 4, 2, 8, 1, 3, 5, 8, 8, 9, 5, 3, 9, 5, 8, 7, 3, 2, 1, 5, 33, 158, 128, 84, 96, 156, 0]"""
j20,1,reactive,60,False,inf,inf,inf,null,"[0, 1, 6, 4, 2, 8, 1, 3, 5, 8, 8, 9, 5, 3, 9, 5, 8, 7, 3, 2, 1, 5, 33, 158, 128, 84, 96, 156, 0]"
j20,1,stnu,60,True,31,1.1412370204925537,0.029784440994262695,"[0, 0, 0, 0, 6, 1, 6, 1, 7, 9, 9, 7, 17, 17, 7, 17, 20, 20, 28, 28, 16, 0, 0, 0, 0, 0, 0, 0, 31]","""[0, 1, 6, 4, 2, 8, 1, 3, 5, 8, 8, 9, 5, 3, 9, 5, 8, 7, 3, 2, 1, 5, 33, 158, 128, 84, 96, 156, 0]"""
j20,1,proactive_quantile_0.9,60,True,41,0.09709978103637695,0.0013880729675292969,"[0, 0, 0, 0, 6, 3, 6, 3, 8, 12, 12, 8, 19, 21, 8, 19, 24, 24, 35, 35, 16, 0, 0, 0, 0, 0, 0, 0, 157]","""[0, 3, 3, 8, 5, 4, 3, 2, 2, 5, 6, 5, 3, 3, 10, 5, 7, 8, 3, 2, 3, 5, 33, 158, 128, 84, 96, 156, 0]"""
j20,1,reactive,60,False,inf,inf,inf,null,"[0, 3, 3, 8, 5, 4, 3, 2, 2, 5, 6, 5, 3, 3, 10, 5, 7, 8, 3, 2, 3, 5, 33, 158, 128, 84, 96, 156, 0]"
j20,1,stnu,60,True,29,0.9861586093902588,0.03057384490966797,"[0, 0, 0, 0, 3, 3, 3, 3, 8, 8, 8, 8, 16, 16, 6, 16, 19, 19, 26, 27, 13, 0, 0, 0, 0, 0, 0, 0, 29]","""[0, 3, 3, 8, 5, 4, 3, 2, 2, 5, 6, 5, 3, 3, 10, 5, 7, 8, 3, 2, 3, 5, 33, 158, 128, 84, 96, 156, 0]"""
j20,1,proactive_quantile_0.9,60,True,41,0.2555723190307617,0.0013885498046875,"[0, 0, 0, 0, 6, 3, 6, 3, 8, 12, 12, 8, 19, 21, 8, 19, 24, 24, 35, 35, 16, 0, 0, 0, 0, 0, 0, 0, 157]","""[0, 2, 7, 7, 3, 5, 1, 3, 5, 7, 8, 7, 8, 3, 10, 5, 10, 3, 1, 7, 3, 5, 33, 158, 128, 84, 96, 156, 0]"""
j20,1,reactive,60,False,inf,inf,inf,null,"[0, 2, 7, 7, 3, 5, 1, 3, 5, 7, 8, 7, 8, 3, 10, 5, 10, 3, 1, 7, 3, 5, 33, 158, 128, 84, 96, 156, 0]"
j20,1,stnu,60,True,38,0.9695148468017578,0.029835224151611328,"[0, 0, 0, 0, 7, 2, 7, 2, 8, 10, 10, 8, 18, 18, 8, 18, 21, 21, 31, 31, 15, 0, 0, 0, 0, 0, 0, 0, 38]","""[0, 2, 7, 7, 3, 5, 1, 3, 5, 7, 8, 7, 8, 3, 10, 5, 10, 3, 1, 7, 3, 5, 33, 158, 128, 84, 96, 156, 0]"""
j20,1,proactive_quantile_0.9,60,False,inf,0.10119175910949707,inf,"[0, 0, 0, 0, 6, 3, 6, 3, 8, 12, 12, 8, 19, 21, 8, 19, 24, 24, 35, 35, 16, 0, 0, 0, 0, 0, 0, 0, 157]","""[0, 1, 7, 4, 6, 4, 1, 4, 5, 7, 10, 7, 3, 3, 8, 5, 10, 4, 2, 5, 4, 5, 33, 158, 128, 84, 96, 156, 0]"""
j20,1,reactive,60,False,inf,inf,inf,null,"[0, 1, 7, 4, 6, 4, 1, 4, 5, 7, 10, 7, 3, 3, 8, 5, 10, 4, 2, 5, 4, 5, 33, 158, 128, 84, 96, 156, 0]"
j20,1,stnu,60,True,41,0.9750399589538574,0.02993607521057129,"[0, 0, 0, 0, 7, 1, 7, 1, 8, 13, 13, 8, 20, 23, 8, 20, 26, 26, 36, 36, 15, 0, 0, 0, 0, 0, 0, 0, 41]","""[0, 1, 7, 4, 6, 4, 1, 4, 5, 7, 10, 7, 3, 3, 8, 5, 10, 4, 2, 5, 4, 5, 33, 158, 128, 84, 96, 156, 0]"""
j20,1,proactive_quantile_0.9,60,True,41,0.09408950805664062,0.0010704994201660156,"[0, 0, 0, 0, 1, 4, 2, 4, 5, 9, 8, 12, 24, 12, 24, 27, 5, 19, 28, 5, 34, 0, 0, 0, 0, 0, 113]","""[0, 2, 6, 3, 2, 3, 3, 1, 4, 3, 3, 11, 7, 6, 4, 4, 6, 10, 4, 9, 6, 110, 113, 6, 105, 114, 0]"""
j20,1,reactive,60,False,inf,inf,inf,null,"[0, 2, 6, 3, 2, 3, 3, 1, 4, 3, 3, 11, 7, 6, 4, 4, 6, 10, 4, 9, 6, 110, 113, 6, 105, 114, 0]"
j20,1,stnu,60,False,inf,0.8878798484802246,inf,[],"""[0, 2, 7, 3, 2, 3, 3, 1, 4, 3, 3, 11, 7, 6, 4, 4, 6, 10, 4, 9, 6, 110, 113, 6, 105, 114, 0]"""
j20,1,proactive_quantile_0.9,60,True,41,0.09639692306518555,0.0010485649108886719,"[0, 0, 0, 0, 1, 4, 2, 4, 5, 9, 8, 12, 24, 12, 24, 27, 5, 19, 28, 5, 34, 0, 0, 0, 0, 0, 113]","""[0, 1, 3, 1, 1, 5, 3, 1, 1, 4, 4, 7, 3, 6, 1, 4, 7, 7, 4, 9, 6, 110, 113, 6, 105, 114, 0]"""
j20,1,reactive,60,False,inf,inf,inf,null,"[0, 1, 3, 1, 1, 5, 3, 1, 1, 4, 4, 7, 3, 6, 1, 4, 7, 7, 4, 9, 6, 110, 113, 6, 105, 114, 0]"
j20,1,stnu,60,False,inf,0.8948521614074707,inf,[],"""[0, 1, 6, 1, 1, 5, 3, 1, 1, 4, 4, 7, 3, 6, 1, 4, 7, 7, 4, 9, 6, 110, 113, 6, 105, 114, 0]"""
j20,1,proactive_quantile_0.9,60,False,inf,0.09347200393676758,inf,"[0, 0, 0, 0, 1, 4, 2, 4, 5, 9, 8, 12, 24, 12, 24, 27, 5, 19, 28, 5, 34, 0, 0, 0, 0, 0, 113]","""[0, 2, 5, 2, 4, 6, 3, 1, 3, 2, 4, 8, 8, 8, 2, 4, 10, 5, 4, 6, 3, 110, 113, 6, 105, 114, 0]"""
j20,1,reactive,60,False,inf,inf,inf,null,"[0, 2, 5, 2, 4, 6, 3, 1, 3, 2, 4, 8, 8, 8, 2, 4, 10, 5, 4, 6, 3, 110, 113, 6, 105, 114, 0]"
j20,1,stnu,60,False,inf,0.8979847431182861,inf,[],"""[0, 2, 7, 2, 4, 6, 3, 1, 3, 2, 4, 8, 8, 8, 2, 4, 10, 5, 4, 6, 3, 110, 113, 6, 105, 114, 0]"""
j20,1,proactive_quantile_0.9,60,False,inf,0.08757257461547852,inf,"[0, 0, 0, 0, 1, 4, 2, 4, 5, 9, 8, 12, 24, 12, 24, 27, 5, 19, 28, 5, 34, 0, 0, 0, 0, 0, 113]","""[0, 2, 6, 2, 4, 6, 1, 2, 3, 4, 1, 7, 6, 5, 3, 5, 6, 5, 7, 8, 3, 110, 113, 6, 105, 114, 0]"""
j20,1,reactive,60,False,inf,inf,inf,null,"[0, 2, 6, 2, 4, 6, 1, 2, 3, 4, 1, 7, 6, 5, 3, 5, 6, 5, 7, 8, 3, 110, 113, 6, 105, 114, 0]"
j20,1,stnu,60,False,inf,1.0157485008239746,inf,[],"""[0, 2, 7, 2, 4, 6, 1, 2, 3, 4, 1, 7, 6, 5, 3, 5, 6, 5, 7, 8, 3, 110, 113, 6, 105, 114, 0]"""
j20,1,proactive_quantile_0.9,60,True,41,0.08559751510620117,0.0010843276977539062,"[0, 0, 0, 0, 1, 4, 2, 4, 5, 9, 8, 12, 24, 12, 24, 27, 5, 19, 28, 5, 34, 0, 0, 0, 0, 0, 113]","""[0, 2, 5, 1, 3, 4, 3, 1, 1, 3, 1, 12, 6, 6, 2, 3, 5, 8, 6, 5, 3, 110, 113, 6, 105, 114, 0]"""
j20,1,reactive,60,False,inf,inf,inf,null,"[0, 2, 5, 1, 3, 4, 3, 1, 1, 3, 1, 12, 6, 6, 2, 3, 5, 8, 6, 5, 3, 110, 113, 6, 105, 114, 0]"
j20,1,stnu,60,False,inf,0.9104814529418945,inf,[],"""[0, 1, 12, 1, 3, 4, 3, 1, 1, 3, 1, 12, 6, 6, 2, 3, 5, 8, 6, 5, 3, 110, 113, 6, 105, 114, 0]"""
j20,1,proactive_quantile_0.9,60,False,inf,0.09034132957458496,inf,"[0, 0, 0, 0, 1, 4, 2, 4, 5, 9, 8, 12, 24, 12, 24, 27, 5, 19, 28, 5, 34, 0, 0, 0, 0, 0, 113]","""[0, 1, 2, 3, 2, 6, 1, 1, 2, 3, 4, 12, 3, 3, 4, 3, 8, 9, 7, 5, 3, 110, 113, 6, 105, 114, 0]"""
j20,1,reactive,60,False,inf,inf,inf,null,"[0, 1, 2, 3, 2, 6, 1, 1, 2, 3, 4, 12, 3, 3, 4, 3, 8, 9, 7, 5, 3, 110, 113, 6, 105, 114, 0]"
j20,1,stnu,60,False,inf,0.8840858936309814,inf,[],"""[0, 2, 9, 3, 2, 6, 1, 1, 2, 3, 4, 12, 3, 3, 4, 3, 8, 9, 7, 5, 3, 110, 113, 6, 105, 114, 0]"""
j20,1,proactive_quantile_0.9,60,True,41,0.09074854850769043,0.0010790824890136719,"[0, 0, 0, 0, 1, 4, 2, 4, 5, 9, 8, 12, 24, 12, 24, 27, 5, 19, 28, 5, 34, 0, 0, 0, 0, 0, 113]","""[0, 1, 3, 3, 1, 3, 1, 2, 3, 2, 2, 12, 7, 4, 2, 3, 7, 5, 7, 7, 7, 110, 113, 6, 105, 114, 0]"""
j20,1,reactive,60,False,inf,inf,inf,null,"[0, 1, 3, 3, 1, 3, 1, 2, 3, 2, 2, 12, 7, 4, 2, 3, 7, 5, 7, 7, 7, 110, 113, 6, 105, 114, 0]"
j20,1,stnu,60,False,inf,0.9529197216033936,inf,[],"""[0, 3, 8, 3, 1, 3, 1, 2, 3, 2, 2, 12, 7, 4, 2, 3, 7, 5, 7, 7, 7, 110, 113, 6, 105, 114, 0]"""
j20,1,proactive_quantile_0.9,60,True,41,0.08788704872131348,0.0010492801666259766,"[0, 0, 0, 0, 1, 4, 2, 4, 5, 9, 8, 12, 24, 12, 24, 27, 5, 19, 28, 5, 34, 0, 0, 0, 0, 0, 113]","""[0, 1, 4, 2, 3, 5, 1, 2, 4, 3, 2, 6, 8, 7, 4, 7, 7, 9, 7, 7, 6, 110, 113, 6, 105, 114, 0]"""
j20,1,reactive,60,False,inf,inf,inf,null,"[0, 1, 4, 2, 3, 5, 1, 2, 4, 3, 2, 6, 8, 7, 4, 7, 7, 9, 7, 7, 6, 110, 113, 6, 105, 114, 0]"
j20,1,stnu,60,False,inf,0.9396588802337646,inf,[],"""[0, 3, 9, 2, 3, 5, 1, 2, 4, 3, 2, 6, 8, 7, 4, 7, 7, 9, 7, 7, 6, 110, 113, 6, 105, 114, 0]"""
j20,1,proactive_quantile_0.9,60,True,41,0.08863067626953125,0.0010921955108642578,"[0, 0, 0, 0, 1, 4, 2, 4, 5, 9, 8, 12, 24, 12, 24, 27, 5, 19, 28, 5, 34, 0, 0, 0, 0, 0, 113]","""[0, 1, 2, 1, 1, 2, 2, 2, 4, 4, 2, 7, 5, 6, 3, 6, 10, 5, 5, 5, 7, 110, 113, 6, 105, 114, 0]"""
j20,1,reactive,60,False,inf,inf,inf,null,"[0, 1, 2, 1, 1, 2, 2, 2, 4, 4, 2, 7, 5, 6, 3, 6, 10, 5, 5, 5, 7, 110, 113, 6, 105, 114, 0]"
j20,1,stnu,60,False,inf,1.003737449645996,inf,[],"""[0, 1, 11, 1, 1, 2, 2, 2, 4, 4, 2, 7, 5, 6, 3, 6, 10, 5, 5, 5, 7, 110, 113, 6, 105, 114, 0]"""
j20,1,proactive_quantile_0.9,60,False,inf,0.08843398094177246,inf,"[0, 0, 0, 0, 1, 4, 2, 4, 5, 9, 8, 12, 24, 12, 24, 27, 5, 19, 28, 5, 34, 0, 0, 0, 0, 0, 113]","""[0, 2, 5, 1, 4, 6, 2, 2, 1, 3, 3, 12, 6, 6, 3, 5, 9, 5, 7, 9, 4, 110, 113, 6, 105, 114, 0]"""
j20,1,reactive,60,False,inf,inf,inf,null,"[0, 2, 5, 1, 4, 6, 2, 2, 1, 3, 3, 12, 6, 6, 3, 5, 9, 5, 7, 9, 4, 110, 113, 6, 105, 114, 0]"
j20,1,stnu,60,False,inf,0.8900027275085449,inf,[],"""[0, 2, 8, 1, 4, 6, 2, 2, 1, 3, 3, 12, 6, 6, 3, 5, 9, 5, 7, 9, 4, 110, 113, 6, 105, 114, 0]"""
j20,1,proactive_quantile_0.9,60,True,47,0.09741854667663574,0.0019268989562988281,"[0, 0, 0, 0, 5, 9, 5, 16, 24, 5, 7, 13, 16, 32, 18, 27, 24, 16, 34, 40, 27, 0, 0, 0, 0, 0, 0, 0, 0, 0, 0, 0, 0, 149]","""[0, 3, 6, 7, 12, 4, 2, 8, 9, 10, 4, 4, 3, 4, 6, 4, 8, 10, 8, 3, 4, 15, 143, 33, 150, 111, 67, 64, 98, 85, 44, 48, 106, 0]"""
j20,1,reactive,60,False,inf,inf,inf,null,"[0, 3, 6, 7, 12, 4, 2, 8, 9, 10, 4, 4, 3, 4, 6, 4, 8, 10, 8, 3, 4, 15, 143, 33, 150, 111, 67, 64, 98, 85, 44, 48, 106, 0]"
j20,1,stnu,60,False,inf,0.9447541236877441,inf,[],"""[0, 3, 6, 7, 12, 4, 2, 8, 9, 10, 4, 8, 3, 4, 6, 4, 8, 10, 8, 3, 4, 15, 143, 33, 150, 111, 67, 64, 98, 85, 44, 48, 106, 0]"""
j20,1,proactive_quantile_0.9,60,True,47,0.09772372245788574,0.0019106864929199219,"[0, 0, 0, 0, 5, 9, 5, 16, 24, 5, 7, 13, 16, 32, 18, 27, 24, 16, 34, 40, 27, 0, 0, 0, 0, 0, 0, 0, 0, 0, 0, 0, 0, 149]","""[0, 4, 6, 10, 9, 4, 3, 6, 9, 10, 6, 2, 2, 5, 6, 5, 8, 5, 5, 4, 6, 15, 143, 33, 150, 111, 67, 64, 98, 85, 44, 48, 106, 0]"""
j20,1,reactive,60,False,inf,inf,inf,null,"[0, 4, 6, 10, 9, 4, 3, 6, 9, 10, 6, 2, 2, 5, 6, 5, 8, 5, 5, 4, 6, 15, 143, 33, 150, 111, 67, 64, 98, 85, 44, 48, 106, 0]"
j20,1,stnu,60,False,inf,0.9171857833862305,inf,[],"""[0, 4, 6, 10, 9, 4, 3, 6, 9, 10, 6, 8, 2, 5, 6, 5, 8, 5, 5, 4, 6, 15, 143, 33, 150, 111, 67, 64, 98, 85, 44, 48, 106, 0]"""
j20,1,proactive_quantile_0.9,60,True,47,0.10332965850830078,0.001964092254638672,"[0, 0, 0, 0, 5, 9, 5, 16, 24, 5, 7, 13, 16, 32, 18, 27, 24, 16, 34, 40, 27, 0, 0, 0, 0, 0, 0, 0, 0, 0, 0, 0, 0, 149]","""[0, 4, 2, 6, 6, 4, 2, 9, 9, 8, 4, 3, 6, 5, 8, 3, 6, 8, 3, 6, 4, 15, 143, 33, 150, 111, 67, 64, 98, 85, 44, 48, 106, 0]"""
j20,1,reactive,60,False,inf,inf,inf,null,"[0, 4, 2, 6, 6, 4, 2, 9, 9, 8, 4, 3, 6, 5, 8, 3, 6, 8, 3, 6, 4, 15, 143, 33, 150, 111, 67, 64, 98, 85, 44, 48, 106, 0]"
j20,1,stnu,60,False,inf,0.9179391860961914,inf,[],"""[0, 4, 2, 6, 6, 4, 2, 9, 9, 8, 4, 5, 6, 5, 8, 3, 6, 8, 3, 6, 4, 15, 143, 33, 150, 111, 67, 64, 98, 85, 44, 48, 106, 0]"""
j20,1,proactive_quantile_0.9,60,True,47,0.10495734214782715,0.0019762516021728516,"[0, 0, 0, 0, 5, 9, 5, 16, 24, 5, 7, 13, 16, 32, 18, 27, 24, 16, 34, 40, 27, 0, 0, 0, 0, 0, 0, 0, 0, 0, 0, 0, 0, 149]","""[0, 5, 2, 8, 7, 6, 2, 7, 4, 6, 3, 6, 5, 9, 6, 3, 8, 8, 7, 5, 7, 15, 143, 33, 150, 111, 67, 64, 98, 85, 44, 48, 106, 0]"""
j20,1,reactive,60,False,inf,inf,inf,null,"[0, 5, 2, 8, 7, 6, 2, 7, 4, 6, 3, 6, 5, 9, 6, 3, 8, 8, 7, 5, 7, 15, 143, 33, 150, 111, 67, 64, 98, 85, 44, 48, 106, 0]"
j20,1,stnu,60,False,inf,1.0606930255889893,inf,[],"""[0, 5, 2, 8, 7, 6, 2, 7, 4, 6, 3, 7, 5, 9, 6, 3, 8, 8, 7, 5, 7, 15, 143, 33, 150, 111, 67, 64, 98, 85, 44, 48, 106, 0]"""
j20,1,proactive_quantile_0.9,60,True,47,0.09958219528198242,0.0019140243530273438,"[0, 0, 0, 0, 5, 9, 5, 16, 24, 5, 7, 13, 16, 32, 18, 27, 24, 16, 34, 40, 27, 0, 0, 0, 0, 0, 0, 0, 0, 0, 0, 0, 0, 149]","""[0, 2, 3, 8, 8, 6, 2, 7, 9, 9, 3, 4, 5, 8, 9, 5, 8, 8, 8, 6, 6, 15, 143, 33, 150, 111, 67, 64, 98, 85, 44, 48, 106, 0]"""
j20,1,reactive,60,False,inf,inf,inf,null,"[0, 2, 3, 8, 8, 6, 2, 7, 9, 9, 3, 4, 5, 8, 9, 5, 8, 8, 8, 6, 6, 15, 143, 33, 150, 111, 67, 64, 98, 85, 44, 48, 106, 0]"
j20,1,stnu,60,False,inf,0.8861672878265381,inf,[],"""[0, 2, 3, 8, 8, 6, 2, 7, 9, 9, 3, 5, 5, 8, 9, 5, 8, 8, 8, 6, 6, 15, 143, 33, 150, 111, 67, 64, 98, 85, 44, 48, 106, 0]"""
j20,1,proactive_quantile_0.9,60,True,47,0.09249472618103027,0.0018525123596191406,"[0, 0, 0, 0, 5, 9, 5, 16, 24, 5, 7, 13, 16, 32, 18, 27, 24, 16, 34, 40, 27, 0, 0, 0, 0, 0, 0, 0, 0, 0, 0, 0, 0, 149]","""[0, 5, 4, 9, 7, 3, 1, 5, 7, 9, 5, 6, 5, 4, 9, 3, 7, 8, 8, 6, 5, 15, 143, 33, 150, 111, 67, 64, 98, 85, 44, 48, 106, 0]"""
j20,1,reactive,60,False,inf,inf,inf,null,"[0, 5, 4, 9, 7, 3, 1, 5, 7, 9, 5, 6, 5, 4, 9, 3, 7, 8, 8, 6, 5, 15, 143, 33, 150, 111, 67, 64, 98, 85, 44, 48, 106, 0]"
j20,1,stnu,60,False,inf,0.9353585243225098,inf,[],"""[0, 5, 4, 9, 7, 3, 1, 5, 7, 9, 5, 5, 5, 4, 9, 3, 7, 8, 8, 6, 5, 15, 143, 33, 150, 111, 67, 64, 98, 85, 44, 48, 106, 0]"""
j20,1,proactive_quantile_0.9,60,True,47,0.10662102699279785,0.0019936561584472656,"[0, 0, 0, 0, 5, 9, 5, 16, 24, 5, 7, 13, 16, 32, 18, 27, 24, 16, 34, 40, 27, 0, 0, 0, 0, 0, 0, 0, 0, 0, 0, 0, 0, 149]","""[0, 5, 5, 7, 10, 5, 1, 5, 9, 6, 5, 4, 4, 7, 7, 6, 6, 5, 6, 8, 8, 15, 143, 33, 150, 111, 67, 64, 98, 85, 44, 48, 106, 0]"""
j20,1,reactive,60,False,inf,inf,inf,null,"[0, 5, 5, 7, 10, 5, 1, 5, 9, 6, 5, 4, 4, 7, 7, 6, 6, 5, 6, 8, 8, 15, 143, 33, 150, 111, 67, 64, 98, 85, 44, 48, 106, 0]"
j20,1,stnu,60,False,inf,0.9308321475982666,inf,[],"""[0, 5, 5, 7, 10, 5, 1, 5, 9, 6, 5, 7, 4, 7, 7, 6, 6, 5, 6, 8, 8, 15, 143, 33, 150, 111, 67, 64, 98, 85, 44, 48, 106, 0]"""
j20,1,proactive_quantile_0.9,60,True,47,0.09672069549560547,0.0019519329071044922,"[0, 0, 0, 0, 5, 9, 5, 16, 24, 5, 7, 13, 16, 32, 18, 27, 24, 16, 34, 40, 27, 0, 0, 0, 0, 0, 0, 0, 0, 0, 0, 0, 0, 149]","""[0, 2, 2, 7, 12, 3, 2, 6, 5, 5, 7, 5, 6, 7, 9, 6, 3, 9, 4, 8, 3, 15, 143, 33, 150, 111, 67, 64, 98, 85, 44, 48, 106, 0]"""
j20,1,reactive,60,False,inf,inf,inf,null,"[0, 2, 2, 7, 12, 3, 2, 6, 5, 5, 7, 5, 6, 7, 9, 6, 3, 9, 4, 8, 3, 15, 143, 33, 150, 111, 67, 64, 98, 85, 44, 48, 106, 0]"
j20,1,stnu,60,False,inf,0.9131484031677246,inf,[],"""[0, 2, 2, 7, 12, 3, 2, 6, 5, 5, 7, 7, 6, 7, 9, 6, 3, 9, 4, 8, 3, 15, 143, 33, 150, 111, 67, 64, 98, 85, 44, 48, 106, 0]"""
j20,1,proactive_quantile_0.9,60,True,47,0.09648942947387695,0.0018944740295410156,"[0, 0, 0, 0, 5, 9, 5, 16, 24, 5, 7, 13, 16, 32, 18, 27, 24, 16, 34, 40, 27, 0, 0, 0, 0, 0, 0, 0, 0, 0, 0, 0, 0, 149]","""[0, 6, 3, 5, 7, 2, 2, 4, 5, 8, 6, 5, 2, 4, 10, 6, 4, 5, 4, 5, 6, 15, 143, 33, 150, 111, 67, 64, 98, 85, 44, 48, 106, 0]"""
j20,1,reactive,60,False,inf,inf,inf,null,"[0, 6, 3, 5, 7, 2, 2, 4, 5, 8, 6, 5, 2, 4, 10, 6, 4, 5, 4, 5, 6, 15, 143, 33, 150, 111, 67, 64, 98, 85, 44, 48, 106, 0]"
j20,1,stnu,60,False,inf,0.9054121971130371,inf,[],"""[0, 6, 3, 5, 7, 2, 2, 4, 5, 8, 6, 4, 2, 4, 10, 6, 4, 5, 4, 5, 6, 15, 143, 33, 150, 111, 67, 64, 98, 85, 44, 48, 106, 0]"""
j20,1,proactive_quantile_0.9,60,True,47,0.09874629974365234,0.0019762516021728516,"[0, 0, 0, 0, 5, 9, 5, 16, 24, 5, 7, 13, 16, 32, 18, 27, 24, 16, 34, 40, 27, 0, 0, 0, 0, 0, 0, 0, 0, 0, 0, 0, 0, 149]","""[0, 2, 4, 5, 12, 5, 2, 4, 9, 6, 6, 6, 2, 6, 6, 6, 5, 7, 5, 3, 4, 15, 143, 33, 150, 111, 67, 64, 98, 85, 44, 48, 106, 0]"""
j20,1,reactive,60,False,inf,inf,inf,null,"[0, 2, 4, 5, 12, 5, 2, 4, 9, 6, 6, 6, 2, 6, 6, 6, 5, 7, 5, 3, 4, 15, 143, 33, 150, 111, 67, 64, 98, 85, 44, 48, 106, 0]"
j20,1,stnu,60,False,inf,0.9167420864105225,inf,[],"""[0, 2, 4, 5, 12, 5, 2, 4, 9, 6, 6, 6, 2, 6, 6, 6, 5, 7, 5, 3, 4, 15, 143, 33, 150, 111, 67, 64, 98, 85, 44, 48, 106, 0]"""
j20,1,proactive_quantile_0.9,60,True,50,0.10212326049804688,0.002617359161376953,"[0, 0, 0, 0, 8, 16, 8, 8, 24, 14, 25, 30, 25, 2, 16, 39, 27, 32, 32, 43, 47, 0, 0, 0, 0, 0, 0, 0, 0, 0, 0, 0, 0, 0, 0, 0, 0, 0, 145]","""[0, 10, 1, 6, 7, 7, 6, 9, 5, 6, 3, 9, 3, 4, 5, 6, 3, 11, 1, 6, 1, 127, 133, 43, 62, 146, 36, 42, 84, 108, 119, 37, 62, 102, 44, 64, 48, 119, 0]"""
j20,1,reactive,60,False,inf,inf,inf,null,"[0, 10, 1, 6, 7, 7, 6, 9, 5, 6, 3, 9, 3, 4, 5, 6, 3, 11, 1, 6, 1, 127, 133, 43, 62, 146, 36, 42, 84, 108, 119, 37, 62, 102, 44, 64, 48, 119, 0]"
j20,1,stnu,60,True,43,1.0672619342803955,0.05765843391418457,"[0, 0, 0, 0, 6, 13, 6, 6, 20, 12, 20, 25, 20, 1, 13, 34, 23, 26, 26, 37, 40, 0, 0, 0, 0, 0, 0, 0, 0, 0, 0, 0, 0, 0, 0, 0, 0, 0, 43]","""[0, 10, 1, 6, 7, 7, 6, 9, 5, 6, 3, 9, 3, 4, 5, 6, 3, 11, 1, 6, 1, 127, 133, 43, 62, 146, 36, 42, 84, 108, 119, 37, 62, 102, 44, 64, 48, 119, 0]"""
j20,1,proactive_quantile_0.9,60,True,50,0.1025552749633789,0.0026738643646240234,"[0, 0, 0, 0, 8, 16, 8, 8, 24, 14, 25, 30, 25, 2, 16, 39, 27, 32, 32, 43, 47, 0, 0, 0, 0, 0, 0, 0, 0, 0, 0, 0, 0, 0, 0, 0, 0, 0, 145]","""[0, 11, 3, 4, 9, 4, 4, 9, 5, 10, 6, 10, 1, 4, 3, 4, 6, 7, 2, 4, 3, 127, 133, 43, 62, 146, 36, 42, 84, 108, 119, 37, 62, 102, 44, 64, 48, 119, 0]"""
j20,1,reactive,60,False,inf,inf,inf,null,"[0, 11, 3, 4, 9, 4, 4, 9, 5, 10, 6, 10, 1, 4, 3, 4, 6, 7, 2, 4, 3, 127, 133, 43, 62, 146, 36, 42, 84, 108, 119, 37, 62, 102, 44, 64, 48, 119, 0]"
j20,1,stnu,60,True,44,1.0588421821594238,0.05754494667053223,"[0, 0, 0, 0, 7, 16, 7, 7, 20, 11, 21, 27, 21, 3, 16, 37, 22, 28, 28, 37, 41, 0, 0, 0, 0, 0, 0, 0, 0, 0, 0, 0, 0, 0, 0, 0, 0, 0, 44]","""[0, 11, 3, 4, 9, 4, 4, 9, 5, 10, 6, 10, 1, 4, 3, 4, 6, 7, 2, 4, 3, 127, 133, 43, 62, 146, 36, 42, 84, 108, 119, 37, 62, 102, 44, 64, 48, 119, 0]"""
j20,1,proactive_quantile_0.9,60,True,50,0.09907245635986328,0.0025949478149414062,"[0, 0, 0, 0, 8, 16, 8, 8, 24, 14, 25, 30, 25, 2, 16, 39, 27, 32, 32, 43, 47, 0, 0, 0, 0, 0, 0, 0, 0, 0, 0, 0, 0, 0, 0, 0, 0, 0, 145]","""[0, 10, 1, 9, 6, 6, 5, 7, 5, 11, 5, 5, 3, 2, 3, 5, 3, 11, 2, 5, 3, 127, 133, 43, 62, 146, 36, 42, 84, 108, 119, 37, 62, 102, 44, 64, 48, 119, 0]"""
j20,1,reactive,60,False,inf,inf,inf,null,"[0, 10, 1, 9, 6, 6, 5, 7, 5, 11, 5, 5, 3, 2, 3, 5, 3, 11, 2, 5, 3, 127, 133, 43, 62, 146, 36, 42, 84, 108, 119, 37, 62, 102, 44, 64, 48, 119, 0]"
j20,1,stnu,60,True,47,1.1544480323791504,0.057805776596069336,"[0, 0, 0, 0, 9, 15, 9, 9, 21, 14, 25, 30, 25, 1, 15, 35, 28, 31, 31, 42, 42, 0, 0, 0, 0, 0, 0, 0, 0, 0, 0, 0, 0, 0, 0, 0, 0, 0, 47]","""[0, 10, 1, 9, 6, 6, 5, 7, 5, 11, 5, 5, 3, 2, 3, 5, 3, 11, 2, 5, 3, 127, 133, 43, 62, 146, 36, 42, 84, 108, 119, 37, 62, 102, 44, 64, 48, 119, 0]"""
j20,1,proactive_quantile_0.9,60,True,50,0.10641145706176758,0.0026094913482666016,"[0, 0, 0, 0, 8, 16, 8, 8, 24, 14, 25, 30, 25, 2, 16, 39, 27, 32, 32, 43, 47, 0, 0, 0, 0, 0, 0, 0, 0, 0, 0, 0, 0, 0, 0, 0, 0, 0, 145]","""[0, 12, 2, 7, 7, 7, 3, 10, 6, 6, 4, 5, 2, 2, 8, 8, 2, 9, 2, 4, 3, 127, 133, 43, 62, 146, 36, 42, 84, 108, 119, 37, 62, 102, 44, 64, 48, 119, 0]"""
j20,1,reactive,60,True,50,0.10641145706176758,0.6065480709075928,"[0, 0, 0, 0, 8, 16, 8, 8, 24, 14, 25, 30, 25, 2, 16, 39, 27, 32, 32, 43, 47, 0, 0, 0, 0, 0, 0, 0, 0, 0, 0, 0, 0, 0, 0, 0, 0, 0, 50]","[0, 12, 2, 7, 7, 7, 3, 10, 6, 6, 4, 5, 2, 2, 8, 8, 2, 9, 2, 4, 3, 127, 133, 43, 62, 146, 36, 42, 84, 108, 119, 37, 62, 102, 44, 64, 48, 119, 0]"
j20,1,stnu,60,True,44,1.2710859775543213,0.05740785598754883,"[0, 0, 0, 0, 7, 14, 7, 7, 22, 12, 22, 28, 22, 2, 14, 33, 24, 28, 28, 37, 41, 0, 0, 0, 0, 0, 0, 0, 0, 0, 0, 0, 0, 0, 0, 0, 0, 0, 44]","""[0, 12, 2, 7, 7, 7, 3, 10, 6, 6, 4, 5, 2, 2, 8, 8, 2, 9, 2, 4, 3, 127, 133, 43, 62, 146, 36, 42, 84, 108, 119, 37, 62, 102, 44, 64, 48, 119, 0]"""
j20,1,proactive_quantile_0.9,60,True,50,0.10614633560180664,0.002531290054321289,"[0, 0, 0, 0, 8, 16, 8, 8, 24, 14, 25, 30, 25, 2, 16, 39, 27, 32, 32, 43, 47, 0, 0, 0, 0, 0, 0, 0, 0, 0, 0, 0, 0, 0, 0, 0, 0, 0, 145]","""[0, 10, 2, 9, 9, 8, 5, 5, 4, 11, 6, 9, 1, 1, 3, 5, 6, 12, 2, 2, 1, 127, 133, 43, 62, 146, 36, 42, 84, 108, 119, 37, 62, 102, 44, 64, 48, 119, 0]"""
j20,1,reactive,60,False,inf,inf,inf,null,"[0, 10, 2, 9, 9, 8, 5, 5, 4, 11, 6, 9, 1, 1, 3, 5, 6, 12, 2, 2, 1, 127, 133, 43, 62, 146, 36, 42, 84, 108, 119, 37, 62, 102, 44, 64, 48, 119, 0]"
j20,1,stnu,60,True,47,1.141124963760376,0.05778026580810547,"[0, 0, 0, 0, 9, 18, 9, 9, 26, 14, 26, 32, 26, 2, 18, 41, 27, 33, 33, 45, 46, 0, 0, 0, 0, 0, 0, 0, 0, 0, 0, 0, 0, 0, 0, 0, 0, 0, 47]","""[0, 10, 2, 9, 9, 8, 5, 5, 4, 11, 6, 9, 1, 1, 3, 5, 6, 12, 2, 2, 1, 127, 133, 43, 62, 146, 36, 42, 84, 108, 119, 37, 62, 102, 44, 64, 48, 119, 0]"""
j20,1,proactive_quantile_0.9,60,True,50,0.09732723236083984,0.002592802047729492,"[0, 0, 0, 0, 8, 16, 8, 8, 24, 14, 25, 30, 25, 2, 16, 39, 27, 32, 32, 43, 47, 0, 0, 0, 0, 0, 0, 0, 0, 0, 0, 0, 0, 0, 0, 0, 0, 0, 145]","""[0, 10, 2, 6, 7, 9, 3, 9, 2, 8, 3, 5, 1, 3, 3, 9, 2, 6, 1, 5, 2, 127, 133, 43, 62, 146, 36, 42, 84, 108, 119, 37, 62, 102, 44, 64, 48, 119, 0]"""
j20,1,reactive,60,False,inf,inf,inf,null,"[0, 10, 2, 6, 7, 9, 3, 9, 2, 8, 3, 5, 1, 3, 3, 9, 2, 6, 1, 5, 2, 127, 133, 43, 62, 146, 36, 42, 84, 108, 119, 37, 62, 102, 44, 64, 48, 119, 0]"
j20,1,stnu,60,True,41,1.0314769744873047,0.05780601501464844,"[0, 0, 0, 0, 6, 13, 6, 6, 22, 10, 22, 25, 22, 2, 13, 30, 23, 25, 25, 31, 39, 0, 0, 0, 0, 0, 0, 0, 0, 0, 0, 0, 0, 0, 0, 0, 0, 0, 41]","""[0, 10, 2, 6, 7, 9, 3, 9, 2, 8, 3, 5, 1, 3, 3, 9, 2, 6, 1, 5, 2, 127, 133, 43, 62, 146, 36, 42, 84, 108, 119, 37, 62, 102, 44, 64, 48, 119, 0]"""
j20,1,proactive_quantile_0.9,60,True,50,0.09889531135559082,0.002550840377807617,"[0, 0, 0, 0, 8, 16, 8, 8, 24, 14, 25, 30, 25, 2, 16, 39, 27, 32, 32, 43, 47, 0, 0, 0, 0, 0, 0, 0, 0, 0, 0, 0, 0, 0, 0, 0, 0, 0, 145]","""[0, 8, 1, 4, 8, 4, 3, 10, 4, 6, 5, 10, 1, 1, 5, 4, 6, 10, 2, 5, 3, 127, 133, 43, 62, 146, 36, 42, 84, 108, 119, 37, 62, 102, 44, 64, 48, 119, 0]"""
j20,1,reactive,60,False,inf,inf,inf,null,"[0, 8, 1, 4, 8, 4, 3, 10, 4, 6, 5, 10, 1, 1, 5, 4, 6, 10, 2, 5, 3, 127, 133, 43, 62, 146, 36, 42, 84, 108, 119, 37, 62, 102, 44, 64, 48, 119, 0]"
j20,1,stnu,60,True,39,1.065330982208252,0.05743408203125,"[0, 0, 0, 0, 4, 12, 4, 4, 17, 8, 17, 22, 17, 1, 12, 32, 18, 24, 24, 34, 36, 0, 0, 0, 0, 0, 0, 0, 0, 0, 0, 0, 0, 0, 0, 0, 0, 0, 39]","""[0, 8, 1, 4, 8, 4, 3, 10, 4, 6, 5, 10, 1, 1, 5, 4, 6, 10, 2, 5, 3, 127, 133, 43, 62, 146, 36, 42, 84, 108, 119, 37, 62, 102, 44, 64, 48, 119, 0]"""
j20,1,proactive_quantile_0.9,60,True,50,0.10526800155639648,0.0025131702423095703,"[0, 0, 0, 0, 8, 16, 8, 8, 24, 14, 25, 30, 25, 2, 16, 39, 27, 32, 32, 43, 47, 0, 0, 0, 0, 0, 0, 0, 0, 0, 0, 0, 0, 0, 0, 0, 0, 0, 145]","""[0, 9, 3, 4, 7, 6, 2, 7, 3, 10, 3, 7, 1, 1, 4, 6, 5, 6, 1, 6, 4, 127, 133, 43, 62, 146, 36, 42, 84, 108, 119, 37, 62, 102, 44, 64, 48, 119, 0]"""
j20,1,reactive,60,False,inf,inf,inf,null,"[0, 9, 3, 4, 7, 6, 2, 7, 3, 10, 3, 7, 1, 1, 4, 6, 5, 6, 1, 6, 4, 127, 133, 43, 62, 146, 36, 42, 84, 108, 119, 37, 62, 102, 44, 64, 48, 119, 0]"
j20,1,stnu,60,True,39,1.1595056056976318,0.058380126953125,"[0, 0, 0, 0, 4, 11, 4, 4, 17, 9, 19, 22, 19, 3, 11, 29, 20, 25, 25, 31, 35, 0, 0, 0, 0, 0, 0, 0, 0, 0, 0, 0, 0, 0, 0, 0, 0, 0, 39]","""[0, 9, 3, 4, 7, 6, 2, 7, 3, 10, 3, 7, 1, 1, 4, 6, 5, 6, 1, 6, 4, 127, 133, 43, 62, 146, 36, 42, 84, 108, 119, 37, 62, 102, 44, 64, 48, 119, 0]"""
j20,1,proactive_quantile_0.9,60,True,50,0.10417032241821289,0.0025246143341064453,"[0, 0, 0, 0, 8, 16, 8, 8, 24, 14, 25, 30, 25, 2, 16, 39, 27, 32, 32, 43, 47, 0, 0, 0, 0, 0, 0, 0, 0, 0, 0, 0, 0, 0, 0, 0, 0, 0, 145]","""[0, 11, 2, 5, 4, 4, 6, 8, 5, 9, 6, 8, 3, 4, 6, 4, 4, 8, 1, 5, 4, 127, 133, 43, 62, 146, 36, 42, 84, 108, 119, 37, 62, 102, 44, 64, 48, 119, 0]"""
j20,1,reactive,60,False,inf,inf,inf,null,"[0, 11, 2, 5, 4, 4, 6, 8, 5, 9, 6, 8, 3, 4, 6, 4, 4, 8, 1, 5, 4, 127, 133, 43, 62, 146, 36, 42, 84, 108, 119, 37, 62, 102, 44, 64, 48, 119, 0]"
j20,1,stnu,60,True,43,1.2132399082183838,0.05724644660949707,"[0, 0, 0, 0, 6, 12, 6, 6, 18, 12, 21, 27, 21, 2, 12, 35, 24, 28, 28, 36, 39, 0, 0, 0, 0, 0, 0, 0, 0, 0, 0, 0, 0, 0, 0, 0, 0, 0, 43]","""[0, 11, 2, 5, 4, 4, 6, 8, 5, 9, 6, 8, 3, 4, 6, 4, 4, 8, 1, 5, 4, 127, 133, 43, 62, 146, 36, 42, 84, 108, 119, 37, 62, 102, 44, 64, 48, 119, 0]"""
j20,1,proactive_quantile_0.9,60,True,50,0.10565567016601562,0.0025315284729003906,"[0, 0, 0, 0, 8, 16, 8, 8, 24, 14, 25, 30, 25, 2, 16, 39, 27, 32, 32, 43, 47, 0, 0, 0, 0, 0, 0, 0, 0, 0, 0, 0, 0, 0, 0, 0, 0, 0, 145]","""[0, 6, 2, 9, 5, 9, 3, 7, 4, 10, 2, 9, 1, 1, 5, 8, 3, 6, 1, 6, 2, 127, 133, 43, 62, 146, 36, 42, 84, 108, 119, 37, 62, 102, 44, 64, 48, 119, 0]"""
j20,1,reactive,60,False,inf,inf,inf,null,"[0, 6, 2, 9, 5, 9, 3, 7, 4, 10, 2, 9, 1, 1, 5, 8, 3, 6, 1, 6, 2, 127, 133, 43, 62, 146, 36, 42, 84, 108, 119, 37, 62, 102, 44, 64, 48, 119, 0]"
j20,1,stnu,60,True,46,1.2048394680023193,0.05710768699645996,"[0, 0, 0, 0, 9, 14, 9, 9, 23, 12, 23, 27, 23, 2, 14, 36, 24, 27, 27, 36, 44, 0, 0, 0, 0, 0, 0, 0, 0, 0, 0, 0, 0, 0, 0, 0, 0, 0, 46]","""[0, 6, 2, 9, 5, 9, 3, 7, 4, 10, 2, 9, 1, 1, 5, 8, 3, 6, 1, 6, 2, 127, 133, 43, 62, 146, 36, 42, 84, 108, 119, 37, 62, 102, 44, 64, 48, 119, 0]"""
j20,1,proactive_quantile_0.9,60,False,inf,0.1026601791381836,inf,"[0, 0, 0, 0, 2, 5, 4, 4, 12, 9, 13, 14, 12, 14, 23, 15, 23, 23, 23, 29, 24, 0, 0, 0, 0, 0, 0, 0, 0, 0, 0, 0, 0, 137]","""[0, 9, 6, 2, 2, 4, 4, 8, 2, 4, 3, 8, 2, 4, 2, 7, 3, 5, 3, 4, 6, 71, 94, 19, 51, 40, 61, 82, 26, 90, 138, 85, 81, 0]"""
j20,1,reactive,60,False,inf,inf,inf,null,"[0, 9, 6, 2, 2, 4, 4, 8, 2, 4, 3, 8, 2, 4, 2, 7, 3, 5, 3, 4, 6, 71, 94, 19, 51, 40, 61, 82, 26, 90, 138, 85, 81, 0]"
j20,1,stnu,60,False,inf,0.9551889896392822,inf,[],"""[0, 9, 6, 2, 2, 4, 4, 8, 2, 4, 3, 8, 2, 4, 2, 7, 3, 5, 3, 4, 6, 71, 94, 19, 51, 40, 61, 82, 26, 90, 138, 85, 81, 0]"""
j20,1,proactive_quantile_0.9,60,False,inf,0.0994424819946289,inf,"[0, 0, 0, 0, 2, 5, 4, 4, 12, 9, 13, 14, 12, 14, 23, 15, 23, 23, 23, 29, 24, 0, 0, 0, 0, 0, 0, 0, 0, 0, 0, 0, 0, 137]","""[0, 5, 4, 2, 1, 3, 4, 6, 1, 6, 2, 9, 3, 9, 2, 7, 3, 7, 4, 8, 3, 71, 94, 19, 51, 40, 61, 82, 26, 90, 138, 85, 81, 0]"""
j20,1,reactive,60,False,inf,inf,inf,null,"[0, 5, 4, 2, 1, 3, 4, 6, 1, 6, 2, 9, 3, 9, 2, 7, 3, 7, 4, 8, 3, 71, 94, 19, 51, 40, 61, 82, 26, 90, 138, 85, 81, 0]"
j20,1,stnu,60,False,inf,0.9056925773620605,inf,[],"""[0, 5, 4, 2, 1, 3, 4, 6, 1, 6, 2, 9, 3, 9, 2, 7, 3, 7, 4, 8, 3, 71, 94, 19, 51, 40, 61, 82, 26, 90, 138, 85, 81, 0]"""
j20,1,proactive_quantile_0.9,60,False,inf,0.10525393486022949,inf,"[0, 0, 0, 0, 2, 5, 4, 4, 12, 9, 13, 14, 12, 14, 23, 15, 23, 23, 23, 29, 24, 0, 0, 0, 0, 0, 0, 0, 0, 0, 0, 0, 0, 137]","""[0, 8, 5, 3, 1, 8, 4, 7, 1, 2, 1, 10, 1, 9, 1, 8, 1, 2, 2, 7, 2, 71, 94, 19, 51, 40, 61, 82, 26, 90, 138, 85, 81, 0]"""
j20,1,reactive,60,False,inf,inf,inf,null,"[0, 8, 5, 3, 1, 8, 4, 7, 1, 2, 1, 10, 1, 9, 1, 8, 1, 2, 2, 7, 2, 71, 94, 19, 51, 40, 61, 82, 26, 90, 138, 85, 81, 0]"
j20,1,stnu,60,False,inf,1.03403639793396,inf,[],"""[0, 8, 5, 3, 1, 8, 4, 7, 1, 2, 1, 10, 1, 9, 1, 8, 1, 2, 2, 7, 2, 71, 94, 19, 51, 40, 61, 82, 26, 90, 138, 85, 81, 0]"""
j20,1,proactive_quantile_0.9,60,False,inf,0.10247015953063965,inf,"[0, 0, 0, 0, 2, 5, 4, 4, 12, 9, 13, 14, 12, 14, 23, 15, 23, 23, 23, 29, 24, 0, 0, 0, 0, 0, 0, 0, 0, 0, 0, 0, 0, 137]","""[0, 9, 5, 1, 3, 8, 2, 7, 1, 2, 2, 7, 2, 8, 2, 5, 2, 6, 4, 7, 4, 71, 94, 19, 51, 40, 61, 82, 26, 90, 138, 85, 81, 0]"""
j20,1,reactive,60,False,inf,inf,inf,null,"[0, 9, 5, 1, 3, 8, 2, 7, 1, 2, 2, 7, 2, 8, 2, 5, 2, 6, 4, 7, 4, 71, 94, 19, 51, 40, 61, 82, 26, 90, 138, 85, 81, 0]"
j20,1,stnu,60,False,inf,0.9312052726745605,inf,[],"""[0, 9, 5, 1, 3, 8, 2, 7, 1, 2, 2, 7, 2, 8, 2, 5, 2, 6, 4, 7, 4, 71, 94, 19, 51, 40, 61, 82, 26, 90, 138, 85, 81, 0]"""
j20,1,proactive_quantile_0.9,60,False,inf,0.11072063446044922,inf,"[0, 0, 0, 0, 2, 4, 4, 4, 12, 5, 13, 7, 9, 13, 15, 9, 12, 12, 12, 13, 16, 0, 0, 0, 0, 0, 0, 0, 0, 0, 0, 0, 0, 137]","""[0, 7, 1, 3, 1, 5, 1, 7, 1, 3, 3, 4, 1, 2, 2, 1, 2, 2, 3, 2, 5, 71, 94, 19, 51, 40, 61, 82, 26, 90, 138, 85, 81, 0]"""
j20,1,reactive,60,False,inf,inf,inf,null,"[0, 7, 1, 3, 1, 5, 1, 7, 1, 3, 3, 4, 1, 2, 2, 1, 2, 2, 3, 2, 5, 71, 94, 19, 51, 40, 61, 82, 26, 90, 138, 85, 81, 0]"
j20,1,stnu,60,False,inf,0.9193024635314941,inf,[],"""[0, 9, 6, 3, 1, 7, 2, 5, 1, 2, 2, 9, 1, 4, 2, 9, 1, 6, 3, 9, 4, 71, 94, 19, 51, 40, 61, 82, 26, 90, 138, 85, 81, 0]"""
j20,1,proactive_quantile_0.9,60,False,inf,0.1074075698852539,inf,"[0, 0, 0, 0, 2, 5, 4, 4, 12, 9, 13, 14, 12, 14, 23, 15, 23, 23, 23, 29, 24, 0, 0, 0, 0, 0, 0, 0, 0, 0, 0, 0, 0, 137]","""[0, 7, 3, 2, 2, 8, 5, 4, 2, 3, 3, 7, 4, 7, 2, 5, 4, 2, 2, 7, 4, 71, 94, 19, 51, 40, 61, 82, 26, 90, 138, 85, 81, 0]"""
j20,1,reactive,60,False,inf,inf,inf,null,"[0, 7, 3, 2, 2, 8, 5, 4, 2, 3, 3, 7, 4, 7, 2, 5, 4, 2, 2, 7, 4, 71, 94, 19, 51, 40, 61, 82, 26, 90, 138, 85, 81, 0]"
j20,1,stnu,60,False,inf,0.9132113456726074,inf,[],"""[0, 7, 3, 2, 2, 8, 5, 4, 2, 3, 3, 7, 4, 7, 2, 5, 4, 2, 2, 7, 4, 71, 94, 19, 51, 40, 61, 82, 26, 90, 138, 85, 81, 0]"""
j20,1,proactive_quantile_0.9,60,False,inf,0.09902691841125488,inf,"[0, 0, 0, 0, 2, 5, 4, 4, 12, 9, 13, 14, 12, 14, 23, 15, 23, 23, 23, 29, 24, 0, 0, 0, 0, 0, 0, 0, 0, 0, 0, 0, 0, 137]","""[0, 6, 2, 3, 2, 7, 2, 6, 2, 6, 1, 8, 3, 9, 2, 6, 2, 5, 3, 9, 5, 71, 94, 19, 51, 40, 61, 82, 26, 90, 138, 85, 81, 0]"""
j20,1,reactive,60,False,inf,inf,inf,null,"[0, 6, 2, 3, 2, 7, 2, 6, 2, 6, 1, 8, 3, 9, 2, 6, 2, 5, 3, 9, 5, 71, 94, 19, 51, 40, 61, 82, 26, 90, 138, 85, 81, 0]"
j20,1,stnu,60,False,inf,0.9315404891967773,inf,[],"""[0, 6, 2, 3, 2, 7, 2, 6, 2, 6, 1, 8, 3, 9, 2, 6, 2, 5, 3, 9, 5, 71, 94, 19, 51, 40, 61, 82, 26, 90, 138, 85, 81, 0]"""
j20,1,proactive_quantile_0.9,60,False,inf,0.10643911361694336,inf,"[0, 0, 0, 0, 2, 5, 4, 4, 12, 9, 13, 14, 12, 14, 23, 15, 23, 23, 23, 29, 24, 0, 0, 0, 0, 0, 0, 0, 0, 0, 0, 0, 0, 137]","""[0, 9, 5, 2, 1, 4, 2, 4, 2, 2, 2, 10, 3, 7, 2, 4, 4, 3, 4, 7, 3, 71, 94, 19, 51, 40, 61, 82, 26, 90, 138, 85, 81, 0]"""
j20,1,reactive,60,False,inf,inf,inf,null,"[0, 9, 5, 2, 1, 4, 2, 4, 2, 2, 2, 10, 3, 7, 2, 4, 4, 3, 4, 7, 3, 71, 94, 19, 51, 40, 61, 82, 26, 90, 138, 85, 81, 0]"
j20,1,stnu,60,False,inf,1.0209918022155762,inf,[],"""[0, 9, 5, 2, 1, 4, 2, 4, 2, 2, 2, 10, 3, 7, 2, 4, 4, 3, 4, 7, 3, 71, 94, 19, 51, 40, 61, 82, 26, 90, 138, 85, 81, 0]"""
j20,1,proactive_quantile_0.9,60,False,inf,0.09818291664123535,inf,"[0, 0, 0, 0, 2, 5, 4, 4, 12, 9, 13, 14, 12, 14, 23, 15, 23, 23, 23, 29, 24, 0, 0, 0, 0, 0, 0, 0, 0, 0, 0, 0, 0, 137]","""[0, 4, 6, 3, 1, 5, 4, 7, 2, 3, 1, 7, 3, 9, 1, 6, 1, 4, 4, 9, 4, 71, 94, 19, 51, 40, 61, 82, 26, 90, 138, 85, 81, 0]"""
j20,1,reactive,60,False,inf,inf,inf,null,"[0, 4, 6, 3, 1, 5, 4, 7, 2, 3, 1, 7, 3, 9, 1, 6, 1, 4, 4, 9, 4, 71, 94, 19, 51, 40, 61, 82, 26, 90, 138, 85, 81, 0]"
j20,1,stnu,60,False,inf,0.917428731918335,inf,[],"""[0, 4, 6, 3, 1, 5, 4, 7, 2, 3, 1, 7, 3, 9, 1, 6, 1, 4, 4, 9, 4, 71, 94, 19, 51, 40, 61, 82, 26, 90, 138, 85, 81, 0]"""
j20,1,proactive_quantile_0.9,60,False,inf,0.10066556930541992,inf,"[0, 0, 0, 0, 2, 5, 4, 4, 12, 9, 13, 14, 12, 14, 23, 15, 23, 23, 23, 29, 24, 0, 0, 0, 0, 0, 0, 0, 0, 0, 0, 0, 0, 137]","""[0, 8, 4, 2, 2, 7, 6, 5, 1, 6, 1, 9, 3, 9, 2, 8, 3, 6, 4, 6, 2, 71, 94, 19, 51, 40, 61, 82, 26, 90, 138, 85, 81, 0]"""
j20,1,reactive,60,False,inf,inf,inf,null,"[0, 8, 4, 2, 2, 7, 6, 5, 1, 6, 1, 9, 3, 9, 2, 8, 3, 6, 4, 6, 2, 71, 94, 19, 51, 40, 61, 82, 26, 90, 138, 85, 81, 0]"
j20,1,stnu,60,False,inf,0.916290283203125,inf,[],"""[0, 8, 4, 2, 2, 7, 6, 5, 1, 6, 1, 9, 3, 9, 2, 8, 3, 6, 4, 6, 2, 71, 94, 19, 51, 40, 61, 82, 26, 90, 138, 85, 81, 0]"""
j20,1,proactive_quantile_0.9,60,False,inf,0.10951995849609375,inf,"[0, 12, 0, 0, 6, 2, 24, 13, 23, 30, 13, 38, 15, 21, 36, 36, 22, 44, 49, 47, 44, 0, 0, 0, 0, 0, 0, 0, 0, 0, 0, 0, 0, 0, 0, 0, 152]","""[0, 10, 5, 1, 2, 8, 6, 4, 5, 6, 3, 2, 6, 3, 4, 3, 6, 2, 6, 3, 4, 53, 57, 76, 94, 102, 37, 100, 135, 153, 68, 57, 81, 62, 111, 128, 0]"""
j20,1,reactive,60,False,inf,inf,inf,null,"[0, 10, 5, 1, 2, 8, 6, 4, 5, 6, 3, 2, 6, 3, 4, 3, 6, 2, 6, 3, 4, 53, 57, 76, 94, 102, 37, 100, 135, 153, 68, 57, 81, 62, 111, 128, 0]"
j20,1,stnu,60,True,44,1.25264573097229,0.05426526069641113,"[0, 7, 0, 0, 5, 1, 17, 9, 17, 23, 9, 32, 12, 13, 29, 29, 18, 34, 38, 36, 34, 0, 0, 0, 0, 0, 0, 0, 0, 0, 0, 0, 0, 0, 0, 0, 44]","""[0, 10, 5, 1, 2, 8, 6, 4, 5, 6, 3, 2, 6, 3, 4, 3, 6, 2, 6, 3, 4, 53, 57, 76, 94, 102, 37, 100, 135, 153, 68, 57, 81, 62, 111, 128, 0]"""
j20,1,proactive_quantile_0.9,60,False,inf,0.11223220825195312,inf,"[0, 12, 0, 0, 6, 2, 24, 13, 23, 30, 13, 38, 15, 21, 36, 36, 22, 44, 49, 47, 44, 0, 0, 0, 0, 0, 0, 0, 0, 0, 0, 0, 0, 0, 0, 0, 152]","""[0, 7, 7, 1, 3, 6, 4, 5, 4, 3, 1, 2, 4, 1, 6, 1, 6, 3, 4, 8, 5, 53, 57, 76, 94, 102, 37, 100, 135, 153, 68, 57, 81, 62, 111, 128, 0]"""
j20,1,reactive,60,False,inf,inf,inf,null,"[0, 7, 7, 1, 3, 6, 4, 5, 4, 3, 1, 2, 4, 1, 6, 1, 6, 3, 4, 8, 5, 53, 57, 76, 94, 102, 37, 100, 135, 153, 68, 57, 81, 62, 111, 128, 0]"
j20,1,stnu,60,True,41,1.2622978687286377,0.05352354049682617,"[0, 10, 0, 0, 7, 1, 17, 10, 17, 21, 7, 25, 8, 15, 24, 24, 15, 30, 35, 33, 30, 0, 0, 0, 0, 0, 0, 0, 0, 0, 0, 0, 0, 0, 0, 0, 41]","""[0, 7, 7, 1, 3, 6, 4, 5, 4, 3, 1, 2, 4, 1, 6, 1, 6, 3, 4, 8, 5, 53, 57, 76, 94, 102, 37, 100, 135, 153, 68, 57, 81, 62, 111, 128, 0]"""
j20,1,proactive_quantile_0.9,60,False,inf,0.10663437843322754,inf,"[0, 12, 0, 0, 6, 2, 24, 13, 23, 30, 13, 38, 15, 21, 36, 36, 22, 44, 49, 47, 44, 0, 0, 0, 0, 0, 0, 0, 0, 0, 0, 0, 0, 0, 0, 0, 152]","""[0, 8, 7, 1, 2, 6, 5, 6, 5, 7, 3, 4, 3, 4, 4, 2, 9, 2, 3, 8, 4, 53, 57, 76, 94, 102, 37, 100, 135, 153, 68, 57, 81, 62, 111, 128, 0]"""
j20,1,reactive,60,False,inf,inf,inf,null,"[0, 8, 7, 1, 2, 6, 5, 6, 5, 7, 3, 4, 3, 4, 4, 2, 9, 2, 3, 8, 4, 53, 57, 76, 94, 102, 37, 100, 135, 153, 68, 57, 81, 62, 111, 128, 0]"
j20,1,stnu,60,True,47,1.0561549663543701,0.053458213806152344,"[0, 9, 0, 0, 7, 1, 19, 9, 17, 24, 7, 33, 10, 15, 31, 31, 15, 37, 41, 39, 37, 0, 0, 0, 0, 0, 0, 0, 0, 0, 0, 0, 0, 0, 0, 0, 47]","""[0, 8, 7, 1, 2, 6, 5, 6, 5, 7, 3, 4, 3, 4, 4, 2, 9, 2, 3, 8, 4, 53, 57, 76, 94, 102, 37, 100, 135, 153, 68, 57, 81, 62, 111, 128, 0]"""
j20,1,proactive_quantile_0.9,60,False,inf,0.10700368881225586,inf,"[0, 12, 0, 0, 6, 2, 24, 13, 23, 30, 13, 38, 15, 21, 36, 36, 22, 44, 49, 47, 44, 0, 0, 0, 0, 0, 0, 0, 0, 0, 0, 0, 0, 0, 0, 0, 152]","""[0, 8, 6, 2, 3, 9, 2, 6, 3, 5, 1, 4, 3, 4, 7, 1, 4, 1, 6, 3, 4, 53, 57, 76, 94, 102, 37, 100, 135, 153, 68, 57, 81, 62, 111, 128, 0]"""
j20,1,reactive,60,False,inf,inf,inf,null,"[0, 8, 6, 2, 3, 9, 2, 6, 3, 5, 1, 4, 3, 4, 7, 1, 4, 1, 6, 3, 4, 53, 57, 76, 94, 102, 37, 100, 135, 153, 68, 57, 81, 62, 111, 128, 0]"
j20,1,stnu,60,True,45,1.0432913303375244,0.053105831146240234,"[0, 9, 0, 0, 6, 2, 21, 11, 17, 23, 11, 29, 12, 17, 28, 28, 17, 35, 39, 36, 35, 0, 0, 0, 0, 0, 0, 0, 0, 0, 0, 0, 0, 0, 0, 0, 45]","""[0, 8, 6, 2, 3, 9, 2, 6, 3, 5, 1, 4, 3, 4, 7, 1, 4, 1, 6, 3, 4, 53, 57, 76, 94, 102, 37, 100, 135, 153, 68, 57, 81, 62, 111, 128, 0]"""
j20,1,proactive_quantile_0.9,60,False,inf,0.10636353492736816,inf,"[0, 12, 0, 0, 6, 2, 24, 13, 23, 30, 13, 38, 15, 21, 36, 36, 22, 44, 49, 47, 44, 0, 0, 0, 0, 0, 0, 0, 0, 0, 0, 0, 0, 0, 0, 0, 152]","""[0, 6, 7, 1, 2, 7, 5, 9, 3, 5, 2, 7, 7, 1, 8, 1, 5, 1, 3, 3, 6, 53, 57, 76, 94, 102, 37, 100, 135, 153, 68, 57, 81, 62, 111, 128, 0]"""
j20,1,reactive,60,False,inf,inf,inf,null,"[0, 6, 7, 1, 2, 7, 5, 9, 3, 5, 2, 7, 7, 1, 8, 1, 5, 1, 3, 3, 6, 53, 57, 76, 94, 102, 37, 100, 135, 153, 68, 57, 81, 62, 111, 128, 0]"
j20,1,stnu,60,True,46,1.039724349975586,0.053739070892333984,"[0, 9, 0, 0, 7, 1, 19, 9, 15, 24, 8, 30, 10, 18, 29, 29, 18, 37, 43, 38, 37, 0, 0, 0, 0, 0, 0, 0, 0, 0, 0, 0, 0, 0, 0, 0, 46]","""[0, 6, 7, 1, 2, 7, 5, 9, 3, 5, 2, 7, 7, 1, 8, 1, 5, 1, 3, 3, 6, 53, 57, 76, 94, 102, 37, 100, 135, 153, 68, 57, 81, 62, 111, 128, 0]"""
j20,1,proactive_quantile_0.9,60,False,inf,0.10496640205383301,inf,"[0, 12, 0, 0, 6, 2, 24, 13, 23, 30, 13, 38, 15, 21, 36, 36, 22, 44, 49, 47, 44, 0, 0, 0, 0, 0, 0, 0, 0, 0, 0, 0, 0, 0, 0, 0, 152]","""[0, 12, 5, 1, 4, 7, 2, 5, 2, 2, 3, 6, 6, 1, 8, 2, 9, 4, 6, 5, 5, 53, 57, 76, 94, 102, 37, 100, 135, 153, 68, 57, 81, 62, 111, 128, 0]"""
j20,1,reactive,60,False,inf,inf,inf,null,"[0, 12, 5, 1, 4, 7, 2, 5, 2, 2, 3, 6, 6, 1, 8, 2, 9, 4, 6, 5, 5, 53, 57, 76, 94, 102, 37, 100, 135, 153, 68, 57, 81, 62, 111, 128, 0]"
j20,1,stnu,60,True,45,1.0322723388671875,0.053789377212524414,"[0, 9, 0, 0, 5, 1, 21, 9, 21, 23, 8, 28, 11, 14, 26, 26, 17, 34, 39, 38, 34, 0, 0, 0, 0, 0, 0, 0, 0, 0, 0, 0, 0, 0, 0, 0, 45]","""[0, 12, 5, 1, 4, 7, 2, 5, 2, 2, 3, 6, 6, 1, 8, 2, 9, 4, 6, 5, 5, 53, 57, 76, 94, 102, 37, 100, 135, 153, 68, 57, 81, 62, 111, 128, 0]"""
j20,1,proactive_quantile_0.9,60,False,inf,0.10759735107421875,inf,"[0, 12, 0, 0, 6, 2, 24, 13, 23, 30, 13, 38, 15, 21, 36, 36, 22, 44, 49, 47, 44, 0, 0, 0, 0, 0, 0, 0, 0, 0, 0, 0, 0, 0, 0, 0, 152]","""[0, 10, 4, 1, 7, 7, 3, 9, 6, 5, 1, 7, 4, 3, 7, 2, 8, 2, 4, 6, 4, 53, 57, 76, 94, 102, 37, 100, 135, 153, 68, 57, 81, 62, 111, 128, 0]"""
j20,1,reactive,60,False,inf,inf,inf,null,"[0, 10, 4, 1, 7, 7, 3, 9, 6, 5, 1, 7, 4, 3, 7, 2, 8, 2, 4, 6, 4, 53, 57, 76, 94, 102, 37, 100, 135, 153, 68, 57, 81, 62, 111, 128, 0]"
j20,1,stnu,60,True,49,1.2222208976745605,0.05355644226074219,"[0, 11, 0, 0, 4, 1, 23, 11, 21, 27, 8, 34, 9, 20, 32, 32, 20, 41, 45, 43, 41, 0, 0, 0, 0, 0, 0, 0, 0, 0, 0, 0, 0, 0, 0, 0, 49]","""[0, 10, 4, 1, 7, 7, 3, 9, 6, 5, 1, 7, 4, 3, 7, 2, 8, 2, 4, 6, 4, 53, 57, 76, 94, 102, 37, 100, 135, 153, 68, 57, 81, 62, 111, 128, 0]"""
j20,1,proactive_quantile_0.9,60,False,inf,0.11263060569763184,inf,"[0, 12, 0, 0, 6, 2, 24, 13, 23, 30, 13, 38, 15, 21, 36, 36, 22, 44, 49, 47, 44, 0, 0, 0, 0, 0, 0, 0, 0, 0, 0, 0, 0, 0, 0, 0, 152]","""[0, 7, 6, 3, 5, 11, 6, 5, 2, 6, 1, 7, 3, 1, 7, 3, 7, 2, 5, 8, 2, 53, 57, 76, 94, 102, 37, 100, 135, 153, 68, 57, 81, 62, 111, 128, 0]"""
j20,1,reactive,60,False,inf,inf,inf,null,"[0, 7, 6, 3, 5, 11, 6, 5, 2, 6, 1, 7, 3, 1, 7, 3, 7, 2, 5, 8, 2, 53, 57, 76, 94, 102, 37, 100, 135, 153, 68, 57, 81, 62, 111, 128, 0]"
j20,1,stnu,60,True,52,1.195432186126709,0.052851200103759766,"[0, 11, 0, 0, 6, 3, 20, 14, 18, 26, 14, 35, 15, 19, 32, 32, 19, 42, 44, 44, 42, 0, 0, 0, 0, 0, 0, 0, 0, 0, 0, 0, 0, 0, 0, 0, 52]","""[0, 7, 6, 3, 5, 11, 6, 5, 2, 6, 1, 7, 3, 1, 7, 3, 7, 2, 5, 8, 2, 53, 57, 76, 94, 102, 37, 100, 135, 153, 68, 57, 81, 62, 111, 128, 0]"""
j20,1,proactive_quantile_0.9,60,False,inf,0.11488032341003418,inf,"[0, 12, 0, 0, 6, 2, 24, 13, 23, 30, 13, 38, 15, 21, 36, 36, 22, 44, 49, 47, 44, 0, 0, 0, 0, 0, 0, 0, 0, 0, 0, 0, 0, 0, 0, 0, 152]","""[0, 8, 7, 2, 3, 9, 6, 6, 4, 4, 2, 3, 5, 4, 7, 1, 9, 4, 3, 6, 2, 53, 57, 76, 94, 102, 37, 100, 135, 153, 68, 57, 81, 62, 111, 128, 0]"""
j20,1,reactive,60,False,inf,inf,inf,null,"[0, 8, 7, 2, 3, 9, 6, 6, 4, 4, 2, 3, 5, 4, 7, 1, 9, 4, 3, 6, 2, 53, 57, 76, 94, 102, 37, 100, 135, 153, 68, 57, 81, 62, 111, 128, 0]"
j20,1,stnu,60,True,48,1.147681713104248,0.05408191680908203,"[0, 10, 0, 0, 7, 2, 21, 11, 18, 27, 11, 32, 13, 17, 31, 31, 18, 38, 42, 42, 38, 0, 0, 0, 0, 0, 0, 0, 0, 0, 0, 0, 0, 0, 0, 0, 48]","""[0, 8, 7, 2, 3, 9, 6, 6, 4, 4, 2, 3, 5, 4, 7, 1, 9, 4, 3, 6, 2, 53, 57, 76, 94, 102, 37, 100, 135, 153, 68, 57, 81, 62, 111, 128, 0]"""
j20,1,proactive_quantile_0.9,60,False,inf,0.11336374282836914,inf,"[0, 12, 0, 0, 6, 2, 24, 13, 23, 30, 13, 38, 15, 21, 36, 36, 22, 44, 49, 47, 44, 0, 0, 0, 0, 0, 0, 0, 0, 0, 0, 0, 0, 0, 0, 0, 152]","""[0, 7, 2, 1, 6, 8, 5, 6, 5, 5, 1, 7, 7, 4, 5, 1, 5, 4, 4, 6, 6, 53, 57, 76, 94, 102, 37, 100, 135, 153, 68, 57, 81, 62, 111, 128, 0]"""
j20,1,reactive,60,False,inf,inf,inf,null,"[0, 7, 2, 1, 6, 8, 5, 6, 5, 5, 1, 7, 7, 4, 5, 1, 5, 4, 4, 6, 6, 53, 57, 76, 94, 102, 37, 100, 135, 153, 68, 57, 81, 62, 111, 128, 0]"
j20,1,stnu,60,True,47,1.0677545070648193,0.05328989028930664,"[0, 8, 0, 0, 2, 1, 19, 9, 15, 24, 9, 30, 10, 15, 29, 29, 17, 37, 43, 41, 37, 0, 0, 0, 0, 0, 0, 0, 0, 0, 0, 0, 0, 0, 0, 0, 47]","""[0, 7, 2, 1, 6, 8, 5, 6, 5, 5, 1, 7, 7, 4, 5, 1, 5, 4, 4, 6, 6, 53, 57, 76, 94, 102, 37, 100, 135, 153, 68, 57, 81, 62, 111, 128, 0]"""
j20,1,stnu,60,False,inf,0.8852899074554443,inf,[],"""[0, 3, 5, 3, 5, 8, 3, 2, 6, 6, 1, 8, 10, 3, 2, 3, 5, 5, 12, 2, 6, 34, 4, 33, 112, 149, 0]"""
j20,1,stnu,60,False,inf,0.9051690101623535,inf,[],"""[0, 4, 3, 3, 6, 8, 2, 1, 7, 6, 2, 7, 7, 1, 3, 7, 4, 8, 8, 5, 3, 34, 4, 33, 112, 149, 0]"""
j20,1,stnu,60,False,inf,0.8605682849884033,inf,[],"""[0, 3, 3, 1, 5, 5, 6, 3, 8, 6, 2, 5, 13, 1, 2, 7, 5, 8, 12, 2, 3, 34, 4, 33, 112, 149, 0]"""
j20,1,stnu,60,False,inf,0.8729004859924316,inf,[],"""[0, 6, 3, 1, 2, 7, 4, 3, 6, 5, 2, 4, 10, 3, 1, 5, 6, 4, 10, 4, 7, 34, 4, 33, 112, 149, 0]"""
j20,1,stnu,60,False,inf,0.9762921333312988,inf,[],"""[0, 2, 5, 2, 5, 7, 6, 1, 6, 7, 1, 7, 6, 3, 1, 3, 2, 8, 9, 4, 5, 34, 4, 33, 112, 149, 0]"""
j20,1,stnu,60,False,inf,0.8768641948699951,inf,[],"""[0, 2, 6, 2, 4, 8, 5, 2, 6, 5, 2, 8, 8, 2, 2, 3, 3, 8, 8, 6, 4, 34, 4, 33, 112, 149, 0]"""
j20,1,stnu,60,False,inf,0.8560993671417236,inf,[],"""[0, 2, 5, 4, 4, 7, 5, 3, 3, 5, 2, 4, 13, 2, 2, 7, 5, 4, 11, 6, 7, 34, 4, 33, 112, 149, 0]"""
j20,1,stnu,60,False,inf,0.8753368854522705,inf,[],"""[0, 6, 2, 1, 2, 9, 6, 2, 8, 8, 2, 5, 13, 3, 1, 3, 2, 9, 12, 4, 3, 34, 4, 33, 112, 149, 0]"""
j20,1,stnu,60,False,inf,0.8802168369293213,inf,[],"""[0, 6, 2, 3, 4, 8, 5, 3, 3, 7, 1, 6, 6, 1, 2, 4, 7, 8, 7, 3, 3, 34, 4, 33, 112, 149, 0]"""
j20,1,stnu,60,False,inf,0.8812618255615234,inf,[],"""[0, 5, 5, 1, 4, 10, 4, 2, 4, 4, 1, 5, 12, 2, 2, 6, 7, 8, 10, 2, 3, 34, 4, 33, 112, 149, 0]"""
j20,1,proactive_quantile_0.9,60,True,40,0.08897137641906738,0.0014281272888183594,"[0, 0, 0, 0, 9, 9, 10, 7, 15, 15, 7, 21, 28, 10, 21, 15, 23, 12, 34, 18, 34, 0, 0, 0, 0, 0, 0, 0, 137]","""[0, 8, 5, 4, 2, 5, 2, 6, 8, 2, 4, 5, 4, 7, 4, 1, 4, 6, 4, 5, 2, 36, 68, 73, 137, 138, 95, 109, 0]"""
j20,1,reactive,60,False,inf,inf,inf,null,"[0, 8, 5, 4, 2, 5, 2, 6, 8, 2, 4, 5, 4, 7, 4, 1, 4, 6, 4, 5, 2, 36, 68, 73, 137, 138, 95, 109, 0]"
j20,1,stnu,60,True,30,1.098590612411499,0.027860641479492188,"[0, 0, 0, 0, 8, 8, 10, 5, 13, 13, 5, 15, 22, 10, 17, 13, 22, 9, 26, 17, 26, 0, 0, 0, 0, 0, 0, 0, 30]","""[0, 8, 5, 4, 2, 5, 2, 6, 8, 2, 4, 5, 4, 7, 4, 1, 4, 6, 4, 5, 2, 36, 68, 73, 137, 138, 95, 109, 0]"""
j20,1,proactive_quantile_0.9,60,True,40,0.09763598442077637,0.0013699531555175781,"[0, 0, 0, 0, 9, 9, 10, 7, 15, 15, 7, 21, 28, 10, 21, 15, 23, 12, 34, 18, 34, 0, 0, 0, 0, 0, 0, 0, 137]","""[0, 8, 3, 4, 1, 5, 1, 5, 8, 2, 2, 4, 5, 6, 1, 2, 6, 7, 6, 6, 1, 36, 68, 73, 137, 138, 95, 109, 0]"""
j20,1,reactive,60,False,inf,inf,inf,null,"[0, 8, 3, 4, 1, 5, 1, 5, 8, 2, 2, 4, 5, 6, 1, 2, 6, 7, 6, 6, 1, 36, 68, 73, 137, 138, 95, 109, 0]"
j20,1,stnu,60,True,33,1.1122756004333496,0.02759242057800293,"[0, 0, 0, 0, 8, 8, 9, 4, 13, 13, 4, 15, 21, 9, 15, 13, 21, 8, 27, 15, 27, 0, 0, 0, 0, 0, 0, 0, 33]","""[0, 8, 3, 4, 1, 5, 1, 5, 8, 2, 2, 4, 5, 6, 1, 2, 6, 7, 6, 6, 1, 36, 68, 73, 137, 138, 95, 109, 0]"""
j20,1,proactive_quantile_0.9,60,True,40,0.09542179107666016,0.001417398452758789,"[0, 0, 0, 0, 9, 9, 10, 7, 15, 15, 7, 21, 28, 10, 21, 15, 23, 12, 34, 18, 34, 0, 0, 0, 0, 0, 0, 0, 137]","""[0, 7, 6, 3, 2, 2, 4, 9, 8, 7, 5, 3, 7, 6, 3, 3, 4, 6, 4, 2, 3, 36, 68, 73, 137, 138, 95, 109, 0]"""
j20,1,reactive,60,False,inf,inf,inf,null,"[0, 7, 6, 3, 2, 2, 4, 9, 8, 7, 5, 3, 7, 6, 3, 3, 4, 6, 4, 2, 3, 36, 68, 73, 137, 138, 95, 109, 0]"
j20,1,stnu,60,True,36,1.1152396202087402,0.027453184127807617,"[0, 0, 0, 0, 7, 7, 9, 6, 9, 15, 6, 22, 25, 9, 22, 15, 22, 11, 32, 17, 32, 0, 0, 0, 0, 0, 0, 0, 36]","""[0, 7, 6, 3, 2, 2, 4, 9, 8, 7, 5, 3, 7, 6, 3, 3, 4, 6, 4, 2, 3, 36, 68, 73, 137, 138, 95, 109, 0]"""
j20,1,proactive_quantile_0.9,60,True,40,0.09102416038513184,0.0014328956604003906,"[0, 0, 0, 0, 9, 9, 10, 7, 15, 15, 7, 21, 28, 10, 21, 15, 23, 12, 34, 18, 34, 0, 0, 0, 0, 0, 0, 0, 137]","""[0, 5, 5, 4, 1, 3, 1, 4, 7, 6, 3, 7, 7, 7, 4, 3, 4, 3, 4, 5, 2, 36, 68, 73, 137, 138, 95, 109, 0]"""
j20,1,reactive,60,False,inf,inf,inf,null,"[0, 5, 5, 4, 1, 3, 1, 4, 7, 6, 3, 7, 7, 7, 4, 3, 4, 3, 4, 5, 2, 36, 68, 73, 137, 138, 95, 109, 0]"
j20,1,stnu,60,True,33,1.1219398975372314,0.02746438980102539,"[0, 0, 0, 0, 5, 5, 6, 5, 8, 9, 5, 15, 22, 6, 15, 9, 18, 8, 29, 13, 29, 0, 0, 0, 0, 0, 0, 0, 33]","""[0, 5, 5, 4, 1, 3, 1, 4, 7, 6, 3, 7, 7, 7, 4, 3, 4, 3, 4, 5, 2, 36, 68, 73, 137, 138, 95, 109, 0]"""
j20,1,proactive_quantile_0.9,60,True,40,0.09712958335876465,0.0013895034790039062,"[0, 0, 0, 0, 9, 9, 10, 7, 15, 15, 7, 21, 28, 10, 21, 15, 23, 12, 34, 18, 34, 0, 0, 0, 0, 0, 0, 0, 137]","""[0, 5, 5, 4, 1, 3, 1, 7, 4, 3, 6, 7, 2, 7, 2, 2, 8, 2, 2, 6, 2, 36, 68, 73, 137, 138, 95, 109, 0]"""
j20,1,reactive,60,False,inf,inf,inf,null,"[0, 5, 5, 4, 1, 3, 1, 7, 4, 3, 6, 7, 2, 7, 2, 2, 8, 2, 2, 6, 2, 36, 68, 73, 137, 138, 95, 109, 0]"
j20,1,stnu,60,True,29,1.097506046295166,0.027523517608642578,"[0, 0, 0, 0, 5, 5, 6, 5, 8, 12, 5, 15, 22, 6, 15, 12, 19, 11, 27, 13, 27, 0, 0, 0, 0, 0, 0, 0, 29]","""[0, 5, 5, 4, 1, 3, 1, 7, 4, 3, 6, 7, 2, 7, 2, 2, 8, 2, 2, 6, 2, 36, 68, 73, 137, 138, 95, 109, 0]"""
j20,1,proactive_quantile_0.9,60,True,22,0.09524846076965332,0.0013363361358642578,"[0, 0, 0, 0, 5, 5, 6, 3, 10, 5, 3, 10, 12, 6, 12, 5, 10, 5, 17, 11, 17, 0, 0, 0, 0, 0, 0, 0, 137]","""[0, 5, 3, 3, 1, 3, 2, 3, 1, 4, 2, 1, 5, 2, 3, 2, 6, 4, 3, 1, 2, 36, 68, 73, 137, 138, 95, 109, 0]"""
j20,1,reactive,60,False,inf,inf,inf,null,"[0, 5, 3, 3, 1, 3, 2, 3, 1, 4, 2, 1, 5, 2, 3, 2, 6, 4, 3, 1, 2, 36, 68, 73, 137, 138, 95, 109, 0]"
j20,1,stnu,60,True,32,0.9532256126403809,0.027751445770263672,"[0, 0, 0, 0, 9, 9, 10, 4, 14, 14, 4, 17, 24, 10, 17, 14, 21, 9, 29, 15, 29, 0, 0, 0, 0, 0, 0, 0, 32]","""[0, 9, 4, 4, 1, 5, 4, 8, 7, 3, 4, 7, 4, 2, 3, 2, 8, 6, 3, 5, 1, 36, 68, 73, 137, 138, 95, 109, 0]"""
j20,1,proactive_quantile_0.9,60,True,40,0.08910799026489258,0.0013456344604492188,"[0, 0, 0, 0, 9, 9, 10, 7, 15, 15, 7, 21, 28, 10, 21, 15, 23, 12, 34, 18, 34, 0, 0, 0, 0, 0, 0, 0, 137]","""[0, 6, 5, 3, 1, 2, 3, 8, 8, 2, 6, 3, 5, 4, 1, 3, 6, 5, 5, 5, 3, 36, 68, 73, 137, 138, 95, 109, 0]"""
j20,1,reactive,60,False,inf,inf,inf,null,"[0, 6, 5, 3, 1, 2, 3, 8, 8, 2, 6, 3, 5, 4, 1, 3, 6, 5, 5, 5, 3, 36, 68, 73, 137, 138, 95, 109, 0]"
j20,1,stnu,60,True,32,1.0147826671600342,0.02754950523376465,"[0, 0, 0, 0, 6, 6, 7, 5, 8, 13, 5, 15, 21, 7, 15, 13, 21, 11, 27, 16, 27, 0, 0, 0, 0, 0, 0, 0, 32]","""[0, 6, 5, 3, 1, 2, 3, 8, 8, 2, 6, 3, 5, 4, 1, 3, 6, 5, 5, 5, 3, 36, 68, 73, 137, 138, 95, 109, 0]"""
j20,1,proactive_quantile_0.9,60,True,40,0.09967255592346191,0.001556396484375,"[0, 0, 0, 0, 9, 9, 10, 7, 15, 15, 7, 21, 28, 10, 21, 15, 23, 12, 34, 18, 34, 0, 0, 0, 0, 0, 0, 0, 137]","""[0, 7, 7, 3, 1, 7, 4, 4, 9, 5, 3, 5, 3, 7, 4, 2, 4, 7, 3, 2, 3, 36, 68, 73, 137, 138, 95, 109, 0]"""
j20,1,reactive,60,False,inf,inf,inf,null,"[0, 7, 7, 3, 1, 7, 4, 4, 9, 5, 3, 5, 3, 7, 4, 2, 4, 7, 3, 2, 3, 36, 68, 73, 137, 138, 95, 109, 0]"
j20,1,stnu,60,True,30,0.9551999568939209,0.027678251266479492,"[0, 0, 0, 0, 7, 7, 8, 7, 14, 14, 7, 19, 24, 8, 19, 14, 23, 10, 27, 17, 27, 0, 0, 0, 0, 0, 0, 0, 30]","""[0, 7, 7, 3, 1, 7, 4, 4, 9, 5, 3, 5, 3, 7, 4, 2, 4, 7, 3, 2, 3, 36, 68, 73, 137, 138, 95, 109, 0]"""
j20,1,proactive_quantile_0.9,60,False,inf,0.08814501762390137,inf,"[0, 0, 0, 0, 9, 9, 10, 7, 15, 15, 7, 21, 28, 10, 21, 15, 23, 12, 34, 18, 34, 0, 0, 0, 0, 0, 0, 0, 137]","""[0, 10, 3, 1, 2, 7, 3, 9, 8, 7, 6, 4, 4, 4, 3, 3, 9, 4, 6, 5, 3, 36, 68, 73, 137, 138, 95, 109, 0]"""
j20,1,reactive,60,False,inf,inf,inf,null,"[0, 10, 3, 1, 2, 7, 3, 9, 8, 7, 6, 4, 4, 4, 3, 3, 9, 4, 6, 5, 3, 36, 68, 73, 137, 138, 95, 109, 0]"
j20,1,stnu,60,True,40,0.9225714206695557,0.02779698371887207,"[0, 0, 0, 0, 10, 10, 12, 3, 17, 17, 3, 24, 28, 12, 24, 17, 25, 10, 34, 16, 34, 0, 0, 0, 0, 0, 0, 0, 40]","""[0, 10, 3, 1, 2, 7, 3, 9, 8, 7, 6, 4, 4, 4, 3, 3, 9, 4, 6, 5, 3, 36, 68, 73, 137, 138, 95, 109, 0]"""
j20,1,proactive_quantile_0.9,60,True,40,0.09345459938049316,0.0013942718505859375,"[0, 0, 0, 0, 9, 9, 10, 7, 15, 15, 7, 21, 28, 10, 21, 15, 23, 12, 34, 18, 34, 0, 0, 0, 0, 0, 0, 0, 137]","""[0, 6, 4, 4, 1, 5, 2, 5, 4, 4, 2, 6, 5, 6, 4, 3, 6, 7, 7, 6, 3, 36, 68, 73, 137, 138, 95, 109, 0]"""
j20,1,reactive,60,False,inf,inf,inf,null,"[0, 6, 4, 4, 1, 5, 2, 5, 4, 4, 2, 6, 5, 6, 4, 3, 6, 7, 7, 6, 3, 36, 68, 73, 137, 138, 95, 109, 0]"
j20,1,stnu,60,True,33,0.9250888824462891,0.028065204620361328,"[0, 0, 0, 0, 6, 6, 7, 4, 11, 11, 4, 15, 21, 7, 15, 11, 19, 6, 26, 13, 26, 0, 0, 0, 0, 0, 0, 0, 33]","""[0, 6, 4, 4, 1, 5, 2, 5, 4, 4, 2, 6, 5, 6, 4, 3, 6, 7, 7, 6, 3, 36, 68, 73, 137, 138, 95, 109, 0]"""
j20,1,proactive_quantile_0.9,60,False,inf,0.11745023727416992,inf,"[0, 0, 0, 0, 7, 22, 8, 8, 19, 33, 13, 20, 13, 35, 24, 24, 25, 42, 40, 44, 36, 0, 0, 0, 0, 0, 0, 0, 0, 0, 173]","""[0, 5, 7, 8, 5, 11, 5, 6, 2, 8, 7, 3, 3, 3, 2, 12, 8, 3, 7, 4, 6, 174, 28, 80, 51, 27, 118, 26, 131, 103, 0]"""
j20,1,reactive,60,False,inf,inf,inf,null,"[0, 5, 7, 8, 5, 11, 5, 6, 2, 8, 7, 3, 3, 3, 2, 12, 8, 3, 7, 4, 6, 174, 28, 80, 51, 27, 118, 26, 131, 103, 0]"
j20,1,stnu,60,False,inf,0.9564392566680908,inf,[],"""[0, 5, 7, 8, 5, 11, 5, 6, 2, 8, 7, 3, 3, 3, 2, 12, 8, 3, 7, 4, 6, 174, 28, 80, 51, 27, 118, 26, 131, 103, 0]"""
j20,1,proactive_quantile_0.9,60,False,inf,0.09750723838806152,inf,"[0, 0, 0, 0, 7, 22, 8, 8, 19, 33, 13, 20, 13, 35, 24, 24, 25, 42, 40, 44, 36, 0, 0, 0, 0, 0, 0, 0, 0, 0, 173]","""[0, 7, 9, 5, 7, 7, 3, 7, 1, 5, 8, 2, 1, 6, 1, 6, 9, 2, 7, 4, 5, 174, 28, 80, 51, 27, 118, 26, 131, 103, 0]"""
j20,1,reactive,60,False,inf,inf,inf,null,"[0, 7, 9, 5, 7, 7, 3, 7, 1, 5, 8, 2, 1, 6, 1, 6, 9, 2, 7, 4, 5, 174, 28, 80, 51, 27, 118, 26, 131, 103, 0]"
j20,1,stnu,60,False,inf,0.9050657749176025,inf,[],"""[0, 7, 9, 5, 7, 7, 3, 7, 1, 5, 8, 2, 1, 6, 1, 6, 9, 2, 7, 4, 5, 174, 28, 80, 51, 27, 118, 26, 131, 103, 0]"""
j20,1,proactive_quantile_0.9,60,False,inf,0.09892392158508301,inf,"[0, 0, 0, 0, 7, 22, 8, 8, 19, 33, 13, 20, 13, 35, 24, 24, 25, 42, 40, 44, 36, 0, 0, 0, 0, 0, 0, 0, 0, 0, 173]","""[0, 7, 6, 3, 5, 7, 4, 6, 2, 6, 9, 3, 1, 6, 1, 11, 9, 1, 7, 6, 6, 174, 28, 80, 51, 27, 118, 26, 131, 103, 0]"""
j20,1,reactive,60,False,inf,inf,inf,null,"[0, 7, 6, 3, 5, 7, 4, 6, 2, 6, 9, 3, 1, 6, 1, 11, 9, 1, 7, 6, 6, 174, 28, 80, 51, 27, 118, 26, 131, 103, 0]"
j20,1,stnu,60,False,inf,0.9088358879089355,inf,[],"""[0, 7, 6, 3, 5, 7, 4, 6, 2, 6, 9, 3, 1, 6, 1, 11, 9, 1, 7, 6, 6, 174, 28, 80, 51, 27, 118, 26, 131, 103, 0]"""
j20,1,proactive_quantile_0.9,60,False,inf,0.09627461433410645,inf,"[0, 0, 0, 0, 7, 22, 8, 8, 19, 33, 13, 20, 13, 35, 24, 24, 25, 42, 40, 44, 36, 0, 0, 0, 0, 0, 0, 0, 0, 0, 173]","""[0, 6, 8, 7, 5, 6, 4, 7, 1, 8, 9, 3, 3, 4, 2, 7, 11, 1, 7, 6, 3, 174, 28, 80, 51, 27, 118, 26, 131, 103, 0]"""
j20,1,reactive,60,False,inf,inf,inf,null,"[0, 6, 8, 7, 5, 6, 4, 7, 1, 8, 9, 3, 3, 4, 2, 7, 11, 1, 7, 6, 3, 174, 28, 80, 51, 27, 118, 26, 131, 103, 0]"
j20,1,stnu,60,False,inf,0.9240624904632568,inf,[],"""[0, 6, 8, 7, 5, 6, 4, 7, 1, 8, 9, 3, 3, 4, 2, 7, 11, 1, 7, 6, 3, 174, 28, 80, 51, 27, 118, 26, 131, 103, 0]"""
j20,1,proactive_quantile_0.9,60,False,inf,0.0994119644165039,inf,"[0, 0, 0, 0, 7, 22, 8, 8, 19, 33, 13, 20, 13, 35, 24, 24, 25, 42, 40, 44, 36, 0, 0, 0, 0, 0, 0, 0, 0, 0, 173]","""[0, 5, 5, 8, 7, 12, 6, 12, 1, 5, 12, 1, 3, 6, 2, 12, 12, 2, 10, 2, 2, 174, 28, 80, 51, 27, 118, 26, 131, 103, 0]"""
j20,1,reactive,60,False,inf,inf,inf,null,"[0, 5, 5, 8, 7, 12, 6, 12, 1, 5, 12, 1, 3, 6, 2, 12, 12, 2, 10, 2, 2, 174, 28, 80, 51, 27, 118, 26, 131, 103, 0]"
j20,1,stnu,60,False,inf,0.9294235706329346,inf,[],"""[0, 5, 5, 8, 7, 12, 6, 12, 1, 5, 12, 1, 3, 6, 2, 12, 12, 2, 10, 2, 2, 174, 28, 80, 51, 27, 118, 26, 131, 103, 0]"""
j20,1,proactive_quantile_0.9,60,True,49,0.10167074203491211,0.0015633106231689453,"[0, 0, 0, 0, 7, 22, 8, 8, 19, 33, 13, 20, 13, 35, 24, 24, 25, 42, 40, 44, 36, 0, 0, 0, 0, 0, 0, 0, 0, 0, 173]","""[0, 8, 5, 6, 2, 7, 3, 10, 1, 7, 9, 2, 1, 4, 1, 7, 9, 3, 10, 2, 4, 174, 28, 80, 51, 27, 118, 26, 131, 103, 0]"""
j20,1,reactive,60,False,inf,inf,inf,null,"[0, 8, 5, 6, 2, 7, 3, 10, 1, 7, 9, 2, 1, 4, 1, 7, 9, 3, 10, 2, 4, 174, 28, 80, 51, 27, 118, 26, 131, 103, 0]"
j20,1,stnu,60,False,inf,0.9154465198516846,inf,[],"""[0, 8, 5, 6, 2, 7, 3, 10, 1, 7, 9, 2, 1, 4, 1, 7, 9, 3, 10, 2, 4, 174, 28, 80, 51, 27, 118, 26, 131, 103, 0]"""
j20,1,proactive_quantile_0.9,60,False,inf,0.10319852828979492,inf,"[0, 0, 0, 0, 7, 22, 8, 8, 19, 33, 13, 20, 13, 35, 24, 24, 25, 42, 40, 44, 36, 0, 0, 0, 0, 0, 0, 0, 0, 0, 173]","""[0, 8, 5, 5, 4, 9, 3, 10, 1, 7, 6, 2, 3, 4, 2, 10, 7, 2, 8, 5, 3, 174, 28, 80, 51, 27, 118, 26, 131, 103, 0]"""
j20,1,reactive,60,False,inf,inf,inf,null,"[0, 8, 5, 5, 4, 9, 3, 10, 1, 7, 6, 2, 3, 4, 2, 10, 7, 2, 8, 5, 3, 174, 28, 80, 51, 27, 118, 26, 131, 103, 0]"
j20,1,stnu,60,False,inf,1.040407657623291,inf,[],"""[0, 8, 5, 5, 4, 9, 3, 10, 1, 7, 6, 2, 3, 4, 2, 10, 7, 2, 8, 5, 3, 174, 28, 80, 51, 27, 118, 26, 131, 103, 0]"""
j20,1,proactive_quantile_0.9,60,False,inf,0.1034703254699707,inf,"[0, 0, 0, 0, 7, 22, 8, 8, 19, 33, 13, 20, 13, 35, 24, 24, 25, 42, 40, 44, 36, 0, 0, 0, 0, 0, 0, 0, 0, 0, 173]","""[0, 6, 5, 7, 5, 10, 4, 8, 2, 10, 11, 2, 3, 4, 1, 10, 7, 2, 7, 4, 5, 174, 28, 80, 51, 27, 118, 26, 131, 103, 0]"""
j20,1,reactive,60,False,inf,inf,inf,null,"[0, 6, 5, 7, 5, 10, 4, 8, 2, 10, 11, 2, 3, 4, 1, 10, 7, 2, 7, 4, 5, 174, 28, 80, 51, 27, 118, 26, 131, 103, 0]"
j20,1,stnu,60,False,inf,0.9322390556335449,inf,[],"""[0, 6, 5, 7, 5, 10, 4, 8, 2, 10, 11, 2, 3, 4, 1, 10, 7, 2, 7, 4, 5, 174, 28, 80, 51, 27, 118, 26, 131, 103, 0]"""
j20,1,proactive_quantile_0.9,60,True,49,0.11696171760559082,0.0015566349029541016,"[0, 0, 0, 0, 7, 22, 8, 8, 19, 33, 13, 20, 13, 35, 24, 24, 25, 42, 40, 44, 36, 0, 0, 0, 0, 0, 0, 0, 0, 0, 173]","""[0, 4, 8, 5, 2, 11, 4, 7, 1, 9, 11, 2, 3, 5, 1, 9, 10, 3, 6, 5, 6, 174, 28, 80, 51, 27, 118, 26, 131, 103, 0]"""
j20,1,reactive,60,False,inf,inf,inf,null,"[0, 4, 8, 5, 2, 11, 4, 7, 1, 9, 11, 2, 3, 5, 1, 9, 10, 3, 6, 5, 6, 174, 28, 80, 51, 27, 118, 26, 131, 103, 0]"
j20,1,stnu,60,False,inf,0.9298453330993652,inf,[],"""[0, 4, 8, 5, 2, 11, 4, 7, 1, 9, 11, 2, 3, 5, 1, 9, 10, 3, 6, 5, 6, 174, 28, 80, 51, 27, 118, 26, 131, 103, 0]"""
j20,1,proactive_quantile_0.9,60,False,inf,0.09906697273254395,inf,"[0, 0, 0, 0, 7, 22, 8, 8, 19, 33, 13, 20, 13, 35, 24, 24, 25, 42, 40, 44, 36, 0, 0, 0, 0, 0, 0, 0, 0, 0, 173]","""[0, 4, 5, 4, 6, 7, 6, 10, 1, 7, 8, 2, 3, 5, 1, 9, 10, 3, 7, 4, 6, 174, 28, 80, 51, 27, 118, 26, 131, 103, 0]"""
j20,1,reactive,60,False,inf,inf,inf,null,"[0, 4, 5, 4, 6, 7, 6, 10, 1, 7, 8, 2, 3, 5, 1, 9, 10, 3, 7, 4, 6, 174, 28, 80, 51, 27, 118, 26, 131, 103, 0]"
j20,1,stnu,60,False,inf,0.9127357006072998,inf,[],"""[0, 4, 5, 4, 6, 7, 6, 10, 1, 7, 8, 2, 3, 5, 1, 9, 10, 3, 7, 4, 6, 174, 28, 80, 51, 27, 118, 26, 131, 103, 0]"""
j20,1,proactive_quantile_0.9,60,False,inf,0.09759354591369629,inf,"[0, 0, 0, 0, 8, 8, 9, 11, 9, 17, 19, 19, 19, 12, 24, 26, 29, 37, 44, 33, 18, 0, 76]","""[0, 6, 6, 8, 1, 4, 6, 1, 6, 2, 4, 4, 4, 4, 9, 4, 4, 5, 2, 4, 1, 77, 0]"""
j20,1,reactive,60,False,inf,inf,inf,null,"[0, 6, 6, 8, 1, 4, 6, 1, 6, 2, 4, 4, 4, 4, 9, 4, 4, 5, 2, 4, 1, 77, 0]"
j20,1,stnu,60,True,37,0.9136698246002197,0.01876354217529297,"[0, 0, 0, 0, 6, 8, 7, 12, 8, 14, 16, 17, 17, 13, 21, 21, 25, 30, 35, 30, 17, 0, 37]","""[0, 6, 6, 8, 1, 4, 6, 1, 6, 2, 4, 4, 4, 4, 9, 4, 4, 5, 2, 4, 1, 77, 0]"""
j20,1,proactive_quantile_0.9,60,False,inf,0.08935356140136719,inf,"[0, 0, 0, 0, 8, 8, 9, 11, 9, 17, 19, 19, 19, 12, 24, 26, 29, 37, 44, 33, 18, 0, 76]","""[0, 9, 5, 5, 1, 3, 4, 2, 8, 2, 8, 4, 5, 3, 5, 3, 6, 8, 1, 6, 2, 77, 0]"""
j20,1,reactive,60,False,inf,inf,inf,null,"[0, 9, 5, 5, 1, 3, 4, 2, 8, 2, 8, 4, 5, 3, 5, 3, 6, 8, 1, 6, 2, 77, 0]"
j20,1,stnu,60,True,45,0.9451284408569336,0.018746376037597656,"[0, 0, 0, 0, 5, 5, 9, 8, 9, 17, 19, 19, 19, 10, 24, 27, 30, 36, 44, 30, 17, 0, 45]","""[0, 9, 5, 5, 1, 3, 4, 2, 8, 2, 8, 4, 5, 3, 5, 3, 6, 8, 1, 6, 2, 77, 0]"""
j20,1,proactive_quantile_0.9,60,False,inf,0.09062504768371582,inf,"[0, 0, 0, 0, 8, 8, 9, 11, 9, 17, 19, 19, 19, 12, 24, 26, 29, 37, 44, 33, 18, 0, 76]","""[0, 10, 6, 4, 1, 2, 4, 2, 6, 1, 6, 3, 3, 6, 7, 3, 8, 3, 2, 2, 2, 77, 0]"""
j20,1,reactive,60,False,inf,inf,inf,null,"[0, 10, 6, 4, 1, 2, 4, 2, 6, 1, 6, 3, 3, 6, 7, 3, 8, 3, 2, 2, 2, 77, 0]"
j20,1,stnu,60,True,39,0.9599871635437012,0.01892876625061035,"[0, 0, 0, 0, 6, 6, 10, 8, 10, 16, 17, 17, 17, 10, 20, 23, 26, 34, 37, 27, 16, 0, 39]","""[0, 10, 6, 4, 1, 2, 4, 2, 6, 1, 6, 3, 3, 6, 7, 3, 8, 3, 2, 2, 2, 77, 0]"""
j20,1,proactive_quantile_0.9,60,False,inf,0.0946958065032959,inf,"[0, 0, 0, 0, 8, 8, 9, 11, 9, 17, 19, 19, 19, 12, 24, 26, 29, 37, 44, 33, 18, 0, 76]","""[0, 7, 4, 4, 2, 2, 5, 2, 4, 2, 7, 4, 2, 7, 7, 1, 6, 7, 3, 5, 2, 77, 0]"""
j20,1,reactive,60,False,inf,inf,inf,null,"[0, 7, 4, 4, 2, 2, 5, 2, 4, 2, 7, 4, 2, 7, 7, 1, 6, 7, 3, 5, 2, 77, 0]"
j20,1,stnu,60,True,38,1.0697672367095947,0.018720388412475586,"[0, 0, 0, 0, 4, 4, 7, 6, 7, 12, 14, 15, 15, 8, 19, 21, 22, 28, 35, 26, 15, 0, 38]","""[0, 7, 4, 4, 2, 2, 5, 2, 4, 2, 7, 4, 2, 7, 7, 1, 6, 7, 3, 5, 2, 77, 0]"""
j20,1,proactive_quantile_0.9,60,False,inf,0.09457802772521973,inf,"[0, 0, 0, 0, 8, 8, 9, 11, 9, 17, 19, 19, 19, 12, 24, 26, 29, 37, 44, 33, 18, 0, 76]","""[0, 10, 9, 9, 2, 3, 5, 2, 8, 3, 3, 3, 6, 7, 8, 1, 6, 8, 2, 3, 3, 77, 0]"""
j20,1,reactive,60,False,inf,inf,inf,null,"[0, 10, 9, 9, 2, 3, 5, 2, 8, 3, 3, 3, 6, 7, 8, 1, 6, 8, 2, 3, 3, 77, 0]"
j20,1,stnu,60,True,46,0.9208889007568359,0.018947601318359375,"[0, 0, 0, 0, 9, 9, 11, 12, 11, 19, 22, 22, 22, 14, 28, 28, 29, 36, 44, 36, 21, 0, 46]","""[0, 10, 9, 9, 2, 3, 5, 2, 8, 3, 3, 3, 6, 7, 8, 1, 6, 8, 2, 3, 3, 77, 0]"""
j20,1,proactive_quantile_0.9,60,False,inf,0.0960991382598877,inf,"[0, 0, 0, 0, 8, 8, 9, 11, 9, 17, 19, 19, 19, 12, 24, 26, 29, 37, 44, 33, 18, 0, 76]","""[0, 10, 9, 9, 2, 2, 7, 2, 8, 3, 3, 3, 4, 6, 9, 1, 7, 7, 2, 2, 3, 77, 0]"""
j20,1,reactive,60,False,inf,inf,inf,null,"[0, 10, 9, 9, 2, 2, 7, 2, 8, 3, 3, 3, 4, 6, 9, 1, 7, 7, 2, 2, 3, 77, 0]"
j20,1,stnu,60,True,44,0.9257359504699707,0.01884603500366211,"[0, 0, 0, 0, 9, 9, 11, 11, 11, 19, 22, 22, 22, 13, 26, 26, 27, 35, 42, 35, 19, 0, 44]","""[0, 10, 9, 9, 2, 2, 7, 2, 8, 3, 3, 3, 4, 6, 9, 1, 7, 7, 2, 2, 3, 77, 0]"""
j20,1,proactive_quantile_0.9,60,True,46,0.22162961959838867,0.0004646778106689453,"[0, 0, 0, 0, 8, 8, 9, 11, 9, 17, 19, 19, 19, 12, 24, 26, 29, 37, 44, 33, 18, 0, 76]","""[0, 10, 5, 9, 1, 1, 4, 1, 7, 3, 5, 3, 4, 3, 10, 4, 6, 7, 1, 5, 1, 77, 0]"""
j20,1,reactive,60,False,inf,inf,inf,null,"[0, 10, 5, 9, 1, 1, 4, 1, 7, 3, 5, 3, 4, 3, 10, 4, 6, 7, 1, 5, 1, 77, 0]"
j20,1,stnu,60,True,43,0.9299931526184082,0.018886089324951172,"[0, 0, 0, 0, 5, 9, 10, 10, 10, 17, 20, 20, 20, 11, 24, 25, 29, 35, 42, 34, 17, 0, 43]","""[0, 10, 5, 9, 1, 1, 4, 1, 7, 3, 5, 3, 4, 3, 10, 4, 6, 7, 1, 5, 1, 77, 0]"""
j20,1,proactive_quantile_0.9,60,False,inf,0.09764623641967773,inf,"[0, 0, 0, 0, 8, 8, 9, 11, 9, 17, 19, 19, 19, 12, 24, 26, 29, 37, 44, 33, 18, 0, 76]","""[0, 5, 8, 4, 2, 3, 5, 2, 7, 2, 7, 5, 6, 3, 5, 1, 7, 6, 3, 3, 2, 77, 0]"""
j20,1,reactive,60,False,inf,inf,inf,null,"[0, 5, 8, 4, 2, 3, 5, 2, 7, 2, 7, 5, 6, 3, 5, 1, 7, 6, 3, 3, 2, 77, 0]"
j20,1,stnu,60,True,43,0.9733235836029053,0.019109725952148438,"[0, 0, 0, 0, 8, 8, 10, 11, 10, 17, 19, 19, 19, 13, 25, 26, 27, 34, 40, 30, 17, 0, 43]","""[0, 5, 8, 4, 2, 3, 5, 2, 7, 2, 7, 5, 6, 3, 5, 1, 7, 6, 3, 3, 2, 77, 0]"""
j20,1,proactive_quantile_0.9,60,False,inf,0.09557271003723145,inf,"[0, 0, 0, 0, 8, 8, 9, 11, 9, 17, 19, 19, 19, 12, 24, 26, 29, 37, 44, 33, 18, 0, 76]","""[0, 6, 5, 4, 1, 4, 4, 1, 9, 2, 7, 6, 4, 3, 5, 3, 6, 5, 3, 2, 1, 77, 0]"""
j20,1,reactive,60,False,inf,inf,inf,null,"[0, 6, 5, 4, 1, 4, 4, 1, 9, 2, 7, 6, 4, 3, 5, 3, 6, 5, 3, 2, 1, 77, 0]"
j20,1,stnu,60,True,41,0.9353880882263184,0.018875837326049805,"[0, 0, 0, 0, 5, 5, 6, 9, 6, 15, 17, 17, 17, 10, 23, 24, 27, 33, 38, 28, 15, 0, 41]","""[0, 6, 5, 4, 1, 4, 4, 1, 9, 2, 7, 6, 4, 3, 5, 3, 6, 5, 3, 2, 1, 77, 0]"""
j20,1,proactive_quantile_0.9,60,True,46,0.09629201889038086,0.0004820823669433594,"[0, 0, 0, 0, 8, 8, 9, 11, 9, 17, 19, 19, 19, 12, 24, 26, 29, 37, 44, 33, 18, 0, 76]","""[0, 9, 9, 8, 1, 2, 6, 1, 4, 3, 7, 6, 6, 6, 7, 1, 8, 6, 2, 5, 2, 77, 0]"""
j20,1,reactive,60,False,inf,inf,inf,null,"[0, 9, 9, 8, 1, 2, 6, 1, 4, 3, 7, 6, 6, 6, 7, 1, 8, 6, 2, 5, 2, 77, 0]"
j20,1,stnu,60,True,43,0.9414083957672119,0.018828868865966797,"[0, 0, 0, 0, 9, 9, 10, 11, 10, 16, 19, 19, 19, 12, 25, 26, 27, 35, 41, 32, 18, 0, 43]","""[0, 9, 9, 8, 1, 2, 6, 1, 4, 3, 7, 6, 6, 6, 7, 1, 8, 6, 2, 5, 2, 77, 0]"""
j20,1,stnu,60,False,inf,0.9565868377685547,inf,[],"""[0, 2, 7, 8, 3, 5, 7, 6, 4, 3, 7, 1, 10, 5, 4, 3, 4, 3, 3, 10, 7, 118, 11, 38, 112, 102, 38, 63, 142, 118, 129, 59, 65, 94, 163, 0]"""
j20,1,stnu,60,False,inf,0.9450976848602295,inf,[],"""[0, 4, 4, 7, 6, 5, 6, 2, 7, 5, 8, 2, 9, 6, 3, 4, 4, 1, 7, 7, 5, 118, 11, 38, 112, 102, 38, 63, 142, 118, 129, 59, 65, 94, 163, 0]"""
j20,1,stnu,60,False,inf,0.9676122665405273,inf,[],"""[0, 5, 2, 8, 3, 4, 8, 3, 4, 6, 7, 3, 5, 6, 5, 3, 5, 3, 4, 10, 6, 118, 11, 38, 112, 102, 38, 63, 142, 118, 129, 59, 65, 94, 163, 0]"""
j20,1,stnu,60,False,inf,0.9676296710968018,inf,[],"""[0, 7, 4, 3, 5, 4, 8, 6, 8, 3, 4, 2, 5, 6, 8, 8, 4, 4, 4, 8, 8, 118, 11, 38, 112, 102, 38, 63, 142, 118, 129, 59, 65, 94, 163, 0]"""
j20,1,stnu,60,False,inf,0.9662153720855713,inf,[],"""[0, 3, 6, 3, 6, 8, 7, 4, 7, 7, 7, 4, 10, 5, 3, 3, 6, 1, 4, 6, 3, 118, 11, 38, 112, 102, 38, 63, 142, 118, 129, 59, 65, 94, 163, 0]"""
j20,1,stnu,60,False,inf,0.9726808071136475,inf,[],"""[0, 4, 6, 3, 4, 8, 8, 3, 6, 3, 7, 4, 10, 3, 3, 6, 5, 1, 6, 12, 6, 118, 11, 38, 112, 102, 38, 63, 142, 118, 129, 59, 65, 94, 163, 0]"""
j20,1,stnu,60,False,inf,0.9725284576416016,inf,[],"""[0, 6, 4, 6, 2, 7, 3, 4, 5, 5, 8, 1, 5, 5, 4, 8, 6, 4, 7, 11, 8, 118, 11, 38, 112, 102, 38, 63, 142, 118, 129, 59, 65, 94, 163, 0]"""
j20,1,stnu,60,False,inf,0.9579417705535889,inf,[],"""[0, 6, 2, 5, 6, 8, 4, 6, 4, 6, 8, 4, 6, 7, 8, 6, 4, 2, 8, 6, 6, 118, 11, 38, 112, 102, 38, 63, 142, 118, 129, 59, 65, 94, 163, 0]"""
j20,1,stnu,60,False,inf,1.178286075592041,inf,[],"""[0, 5, 5, 5, 5, 8, 7, 6, 6, 3, 4, 2, 9, 3, 7, 7, 3, 4, 4, 7, 5, 118, 11, 38, 112, 102, 38, 63, 142, 118, 129, 59, 65, 94, 163, 0]"""
j20,1,stnu,60,False,inf,0.9874727725982666,inf,[],"""[0, 7, 7, 7, 2, 6, 6, 5, 6, 2, 9, 1, 5, 6, 4, 7, 6, 4, 8, 7, 7, 118, 11, 38, 112, 102, 38, 63, 142, 118, 129, 59, 65, 94, 163, 0]"""
j20,1,proactive_quantile_0.9,60,False,inf,0.11000943183898926,inf,"[0, 0, 26, 0, 7, 9, 7, 20, 20, 21, 9, 48, 42, 34, 27, 34, 40, 49, 59, 50, 40, 0, 0, 0, 0, 0, 0, 0, 0, 0, 0, 0, 116]","""[0, 8, 7, 4, 2, 8, 3, 6, 2, 6, 4, 3, 4, 4, 1, 2, 5, 1, 6, 5, 3, 69, 70, 50, 30, 62, 59, 96, 117, 115, 78, 88, 0]"""
j20,1,reactive,60,False,inf,inf,inf,null,"[0, 8, 7, 4, 2, 8, 3, 6, 2, 6, 4, 3, 4, 4, 1, 2, 5, 1, 6, 5, 3, 69, 70, 50, 30, 62, 59, 96, 117, 115, 78, 88, 0]"
j20,1,stnu,60,True,57,1.087585687637329,0.04379129409790039,"[0, 0, 25, 0, 8, 11, 8, 19, 19, 21, 11, 43, 39, 32, 27, 32, 36, 43, 51, 46, 36, 0, 0, 0, 0, 0, 0, 0, 0, 0, 0, 0, 57]","""[0, 8, 7, 4, 2, 8, 3, 6, 2, 6, 4, 3, 4, 4, 1, 2, 5, 1, 6, 5, 3, 69, 70, 50, 30, 62, 59, 96, 117, 115, 78, 88, 0]"""
j20,1,proactive_quantile_0.9,60,False,inf,0.10406851768493652,inf,"[0, 0, 26, 0, 7, 9, 7, 20, 20, 21, 9, 48, 42, 34, 27, 34, 40, 49, 59, 50, 40, 0, 0, 0, 0, 0, 0, 0, 0, 0, 0, 0, 116]","""[0, 5, 9, 6, 1, 9, 2, 2, 1, 3, 3, 2, 4, 6, 2, 2, 9, 1, 6, 5, 1, 69, 70, 50, 30, 62, 59, 96, 117, 115, 78, 88, 0]"""
j20,1,reactive,60,False,inf,inf,inf,null,"[0, 5, 9, 6, 1, 9, 2, 2, 1, 3, 3, 2, 4, 6, 2, 2, 9, 1, 6, 5, 1, 69, 70, 50, 30, 62, 59, 96, 117, 115, 78, 88, 0]"
j20,1,stnu,60,True,52,1.065544605255127,0.04397726058959961,"[0, 0, 19, 0, 6, 8, 6, 17, 17, 18, 8, 39, 35, 28, 21, 28, 34, 43, 46, 41, 34, 0, 0, 0, 0, 0, 0, 0, 0, 0, 0, 0, 52]","""[0, 5, 9, 6, 1, 9, 2, 2, 1, 3, 3, 2, 4, 6, 2, 2, 9, 1, 6, 5, 1, 69, 70, 50, 30, 62, 59, 96, 117, 115, 78, 88, 0]"""
j20,1,proactive_quantile_0.9,60,False,inf,0.11034893989562988,inf,"[0, 0, 26, 0, 7, 9, 7, 20, 20, 21, 9, 48, 42, 34, 27, 34, 40, 49, 59, 50, 40, 0, 0, 0, 0, 0, 0, 0, 0, 0, 0, 0, 116]","""[0, 7, 5, 7, 1, 6, 2, 4, 2, 4, 2, 3, 4, 5, 2, 6, 9, 2, 3, 9, 1, 69, 70, 50, 30, 62, 59, 96, 117, 115, 78, 88, 0]"""
j20,1,reactive,60,False,inf,inf,inf,null,"[0, 7, 5, 7, 1, 6, 2, 4, 2, 4, 2, 3, 4, 5, 2, 6, 9, 2, 3, 9, 1, 69, 70, 50, 30, 62, 59, 96, 117, 115, 78, 88, 0]"
j20,1,stnu,60,True,50,1.0943553447723389,0.04414248466491699,"[0, 0, 19, 0, 7, 9, 7, 15, 15, 17, 9, 35, 31, 24, 21, 24, 30, 39, 47, 38, 30, 0, 0, 0, 0, 0, 0, 0, 0, 0, 0, 0, 50]","""[0, 7, 5, 7, 1, 6, 2, 4, 2, 4, 2, 3, 4, 5, 2, 6, 9, 2, 3, 9, 1, 69, 70, 50, 30, 62, 59, 96, 117, 115, 78, 88, 0]"""
j20,1,proactive_quantile_0.9,60,False,inf,0.11178779602050781,inf,"[0, 0, 26, 0, 7, 9, 7, 20, 20, 21, 9, 48, 42, 34, 27, 34, 40, 49, 59, 50, 40, 0, 0, 0, 0, 0, 0, 0, 0, 0, 0, 0, 116]","""[0, 5, 9, 7, 3, 6, 2, 3, 2, 4, 5, 1, 2, 4, 2, 3, 5, 1, 4, 9, 3, 69, 70, 50, 30, 62, 59, 96, 117, 115, 78, 88, 0]"""
j20,1,reactive,60,False,inf,inf,inf,null,"[0, 5, 9, 7, 3, 6, 2, 3, 2, 4, 5, 1, 2, 4, 2, 3, 5, 1, 4, 9, 3, 69, 70, 50, 30, 62, 59, 96, 117, 115, 78, 88, 0]"
j20,1,stnu,60,True,51,1.083742380142212,0.04395437240600586,"[0, 0, 19, 0, 7, 10, 7, 16, 16, 18, 10, 37, 35, 28, 22, 28, 32, 37, 47, 38, 32, 0, 0, 0, 0, 0, 0, 0, 0, 0, 0, 0, 51]","""[0, 5, 9, 7, 3, 6, 2, 3, 2, 4, 5, 1, 2, 4, 2, 3, 5, 1, 4, 9, 3, 69, 70, 50, 30, 62, 59, 96, 117, 115, 78, 88, 0]"""
j20,1,proactive_quantile_0.9,60,False,inf,0.11548233032226562,inf,"[0, 0, 26, 0, 7, 9, 7, 20, 20, 21, 9, 48, 42, 34, 27, 34, 40, 49, 59, 50, 40, 0, 0, 0, 0, 0, 0, 0, 0, 0, 0, 0, 116]","""[0, 5, 7, 4, 3, 11, 1, 7, 2, 4, 3, 3, 6, 5, 2, 3, 5, 2, 6, 7, 2, 69, 70, 50, 30, 62, 59, 96, 117, 115, 78, 88, 0]"""
j20,1,reactive,60,False,inf,inf,inf,null,"[0, 5, 7, 4, 3, 11, 1, 7, 2, 4, 3, 3, 6, 5, 2, 3, 5, 2, 6, 7, 2, 69, 70, 50, 30, 62, 59, 96, 117, 115, 78, 88, 0]"
j20,1,stnu,60,True,62,1.0573067665100098,0.04397320747375488,"[0, 0, 26, 0, 5, 8, 5, 19, 19, 21, 8, 46, 40, 33, 26, 33, 38, 46, 56, 49, 38, 0, 0, 0, 0, 0, 0, 0, 0, 0, 0, 0, 62]","""[0, 5, 7, 4, 3, 11, 1, 7, 2, 4, 3, 3, 6, 5, 2, 3, 5, 2, 6, 7, 2, 69, 70, 50, 30, 62, 59, 96, 117, 115, 78, 88, 0]"""
j20,1,proactive_quantile_0.9,60,False,inf,0.10594940185546875,inf,"[0, 0, 26, 0, 7, 9, 7, 20, 20, 21, 9, 48, 42, 34, 27, 34, 40, 49, 59, 50, 40, 0, 0, 0, 0, 0, 0, 0, 0, 0, 0, 0, 116]","""[0, 4, 7, 3, 3, 11, 2, 4, 2, 4, 6, 1, 7, 5, 1, 4, 5, 1, 5, 5, 2, 69, 70, 50, 30, 62, 59, 96, 117, 115, 78, 88, 0]"""
j20,1,reactive,60,False,inf,inf,inf,null,"[0, 4, 7, 3, 3, 11, 2, 4, 2, 4, 6, 1, 7, 5, 1, 4, 5, 1, 5, 5, 2, 69, 70, 50, 30, 62, 59, 96, 117, 115, 78, 88, 0]"
j20,1,stnu,60,True,54,1.0622131824493408,0.04400157928466797,"[0, 0, 22, 0, 4, 7, 4, 18, 18, 20, 7, 43, 36, 29, 24, 29, 34, 43, 49, 44, 34, 0, 0, 0, 0, 0, 0, 0, 0, 0, 0, 0, 54]","""[0, 4, 7, 3, 3, 11, 2, 4, 2, 4, 6, 1, 7, 5, 1, 4, 5, 1, 5, 5, 2, 69, 70, 50, 30, 62, 59, 96, 117, 115, 78, 88, 0]"""
j20,1,proactive_quantile_0.9,60,False,inf,0.1144564151763916,inf,"[0, 0, 26, 0, 7, 9, 7, 20, 20, 21, 9, 48, 42, 34, 27, 34, 40, 49, 59, 50, 40, 0, 0, 0, 0, 0, 0, 0, 0, 0, 0, 0, 116]","""[0, 8, 6, 3, 1, 11, 3, 5, 2, 5, 4, 1, 2, 5, 2, 4, 10, 4, 5, 10, 2, 69, 70, 50, 30, 62, 59, 96, 117, 115, 78, 88, 0]"""
j20,1,reactive,60,False,inf,inf,inf,null,"[0, 8, 6, 3, 1, 11, 3, 5, 2, 5, 4, 1, 2, 5, 2, 4, 10, 4, 5, 10, 2, 69, 70, 50, 30, 62, 59, 96, 117, 115, 78, 88, 0]"
j20,1,stnu,60,True,58,1.0822789669036865,0.04392194747924805,"[0, 0, 27, 0, 8, 11, 8, 22, 22, 24, 11, 42, 40, 33, 29, 33, 38, 48, 53, 43, 38, 0, 0, 0, 0, 0, 0, 0, 0, 0, 0, 0, 58]","""[0, 8, 6, 3, 1, 11, 3, 5, 2, 5, 4, 1, 2, 5, 2, 4, 10, 4, 5, 10, 2, 69, 70, 50, 30, 62, 59, 96, 117, 115, 78, 88, 0]"""
j20,1,proactive_quantile_0.9,60,False,inf,0.11160135269165039,inf,"[0, 0, 26, 0, 7, 9, 7, 20, 20, 21, 9, 48, 42, 34, 27, 34, 40, 49, 59, 50, 40, 0, 0, 0, 0, 0, 0, 0, 0, 0, 0, 0, 116]","""[0, 5, 4, 3, 1, 10, 1, 3, 2, 5, 3, 3, 4, 4, 2, 6, 9, 3, 4, 10, 3, 69, 70, 50, 30, 62, 59, 96, 117, 115, 78, 88, 0]"""
j20,1,reactive,60,False,inf,inf,inf,null,"[0, 5, 4, 3, 1, 10, 1, 3, 2, 5, 3, 3, 4, 4, 2, 6, 9, 3, 4, 10, 3, 69, 70, 50, 30, 62, 59, 96, 117, 115, 78, 88, 0]"
j20,1,stnu,60,True,55,1.066518783569336,0.04383206367492676,"[0, 0, 19, 0, 5, 6, 5, 16, 16, 18, 6, 38, 34, 25, 23, 25, 31, 40, 51, 41, 31, 0, 0, 0, 0, 0, 0, 0, 0, 0, 0, 0, 55]","""[0, 5, 4, 3, 1, 10, 1, 3, 2, 5, 3, 3, 4, 4, 2, 6, 9, 3, 4, 10, 3, 69, 70, 50, 30, 62, 59, 96, 117, 115, 78, 88, 0]"""
j20,1,proactive_quantile_0.9,60,False,inf,0.10878658294677734,inf,"[0, 0, 26, 0, 7, 9, 7, 20, 20, 21, 9, 48, 42, 34, 27, 34, 40, 49, 59, 50, 40, 0, 0, 0, 0, 0, 0, 0, 0, 0, 0, 0, 116]","""[0, 7, 9, 8, 1, 9, 1, 2, 1, 6, 7, 1, 3, 3, 1, 2, 7, 1, 6, 6, 2, 69, 70, 50, 30, 62, 59, 96, 117, 115, 78, 88, 0]"""
j20,1,reactive,60,False,inf,inf,inf,null,"[0, 7, 9, 8, 1, 9, 1, 2, 1, 6, 7, 1, 3, 3, 1, 2, 7, 1, 6, 6, 2, 69, 70, 50, 30, 62, 59, 96, 117, 115, 78, 88, 0]"
j20,1,stnu,60,True,50,1.0765292644500732,0.04413723945617676,"[0, 0, 20, 0, 8, 9, 8, 18, 18, 19, 9, 37, 34, 29, 25, 29, 32, 39, 44, 38, 32, 0, 0, 0, 0, 0, 0, 0, 0, 0, 0, 0, 50]","""[0, 7, 9, 8, 1, 9, 1, 2, 1, 6, 7, 1, 3, 3, 1, 2, 7, 1, 6, 6, 2, 69, 70, 50, 30, 62, 59, 96, 117, 115, 78, 88, 0]"""
j20,1,proactive_quantile_0.9,60,False,inf,0.10412001609802246,inf,"[0, 0, 26, 0, 7, 9, 7, 20, 20, 21, 9, 48, 42, 34, 27, 34, 40, 49, 59, 50, 40, 0, 0, 0, 0, 0, 0, 0, 0, 0, 0, 0, 116]","""[0, 6, 5, 3, 3, 6, 3, 7, 1, 5, 3, 1, 2, 2, 3, 2, 8, 1, 3, 6, 1, 69, 70, 50, 30, 62, 59, 96, 117, 115, 78, 88, 0]"""
j20,1,reactive,60,False,inf,inf,inf,null,"[0, 6, 5, 3, 3, 6, 3, 7, 1, 5, 3, 1, 2, 2, 3, 2, 8, 1, 3, 6, 1, 69, 70, 50, 30, 62, 59, 96, 117, 115, 78, 88, 0]"
j20,1,stnu,60,True,42,1.059194564819336,0.04359245300292969,"[0, 0, 22, 0, 6, 9, 6, 15, 15, 16, 9, 32, 30, 27, 22, 27, 29, 37, 39, 33, 29, 0, 0, 0, 0, 0, 0, 0, 0, 0, 0, 0, 42]","""[0, 6, 5, 3, 3, 6, 3, 7, 1, 5, 3, 1, 2, 2, 3, 2, 8, 1, 3, 6, 1, 69, 70, 50, 30, 62, 59, 96, 117, 115, 78, 88, 0]"""
j20,1,proactive_quantile_0.9,60,True,35,0.26827526092529297,0.0007054805755615234,"[0, 0, 0, 0, 2, 2, 3, 2, 9, 7, 13, 19, 13, 16, 16, 20, 26, 26, 27, 29, 20, 0, 0, 117]","""[0, 1, 1, 6, 5, 11, 6, 4, 4, 7, 4, 8, 2, 1, 4, 7, 4, 1, 3, 6, 3, 118, 116, 0]"""
j20,1,reactive,60,False,inf,inf,inf,null,"[0, 1, 1, 6, 5, 11, 6, 4, 4, 7, 4, 8, 2, 1, 4, 7, 4, 1, 3, 6, 3, 118, 116, 0]"
j20,1,stnu,60,True,33,0.9638049602508545,0.019319534301757812,"[0, 0, 0, 0, 1, 1, 1, 1, 7, 6, 12, 16, 13, 15, 15, 16, 23, 23, 24, 27, 16, 0, 0, 33]","""[0, 1, 1, 6, 5, 11, 6, 4, 4, 7, 4, 8, 2, 1, 4, 7, 4, 1, 3, 6, 3, 118, 116, 0]"""
j20,1,proactive_quantile_0.9,60,True,35,0.09002685546875,0.0006866455078125,"[0, 0, 0, 0, 2, 2, 3, 2, 9, 7, 13, 19, 13, 16, 16, 20, 26, 26, 27, 29, 20, 0, 0, 117]","""[0, 4, 3, 3, 4, 7, 4, 6, 7, 4, 4, 5, 1, 2, 9, 7, 3, 1, 7, 3, 7, 118, 116, 0]"""
j20,1,reactive,60,False,inf,inf,inf,null,"[0, 4, 3, 3, 4, 7, 4, 6, 7, 4, 4, 5, 1, 2, 9, 7, 3, 1, 7, 3, 7, 118, 116, 0]"
j20,1,stnu,60,True,31,1.082054853439331,0.019464492797851562,"[0, 0, 0, 0, 3, 3, 4, 3, 8, 4, 10, 17, 9, 15, 15, 17, 24, 24, 24, 27, 15, 0, 0, 31]","""[0, 4, 3, 3, 4, 7, 4, 6, 7, 4, 4, 5, 1, 2, 9, 7, 3, 1, 7, 3, 7, 118, 116, 0]"""
j20,1,proactive_quantile_0.9,60,True,35,0.09152078628540039,0.0007331371307373047,"[0, 0, 0, 0, 2, 2, 3, 2, 9, 7, 13, 19, 13, 16, 16, 20, 26, 26, 27, 29, 20, 0, 0, 117]","""[0, 1, 3, 8, 6, 8, 7, 6, 5, 2, 5, 6, 2, 1, 9, 7, 3, 3, 4, 2, 8, 118, 116, 0]"""
j20,1,reactive,60,False,inf,inf,inf,null,"[0, 1, 3, 8, 6, 8, 7, 6, 5, 2, 5, 6, 2, 1, 9, 7, 3, 3, 4, 2, 8, 118, 116, 0]"
j20,1,stnu,60,True,28,0.9327907562255859,0.019368886947631836,"[0, 0, 0, 0, 3, 3, 1, 3, 9, 8, 11, 15, 10, 14, 14, 16, 23, 23, 23, 26, 16, 0, 0, 28]","""[0, 1, 3, 8, 6, 8, 7, 6, 5, 2, 5, 6, 2, 1, 9, 7, 3, 3, 4, 2, 8, 118, 116, 0]"""
j20,1,proactive_quantile_0.9,60,True,35,0.08922243118286133,0.0006923675537109375,"[0, 0, 0, 0, 2, 2, 3, 2, 9, 7, 13, 19, 13, 16, 16, 20, 26, 26, 27, 29, 20, 0, 0, 117]","""[0, 3, 3, 4, 6, 10, 3, 5, 6, 5, 8, 5, 2, 3, 8, 7, 3, 2, 8, 7, 3, 118, 116, 0]"""
j20,1,reactive,60,False,inf,inf,inf,null,"[0, 3, 3, 4, 6, 10, 3, 5, 6, 5, 8, 5, 2, 3, 8, 7, 3, 2, 8, 7, 3, 118, 116, 0]"
j20,1,stnu,60,True,38,1.0014564990997314,0.01945352554321289,"[0, 0, 0, 0, 3, 3, 3, 3, 9, 4, 13, 18, 9, 15, 15, 21, 28, 28, 28, 31, 21, 0, 0, 38]","""[0, 3, 3, 4, 6, 10, 3, 5, 6, 5, 8, 5, 2, 3, 8, 7, 3, 2, 8, 7, 3, 118, 116, 0]"""
j20,1,proactive_quantile_0.9,60,True,35,0.0919187068939209,0.0007238388061523438,"[0, 0, 0, 0, 2, 2, 3, 2, 9, 7, 13, 19, 13, 16, 16, 20, 26, 26, 27, 29, 20, 0, 0, 117]","""[0, 4, 3, 5, 2, 6, 6, 5, 6, 3, 7, 8, 1, 3, 9, 4, 2, 1, 3, 6, 3, 118, 116, 0]"""
j20,1,reactive,60,False,inf,inf,inf,null,"[0, 4, 3, 5, 2, 6, 6, 5, 6, 3, 7, 8, 1, 3, 9, 4, 2, 1, 3, 6, 3, 118, 116, 0]"
j20,1,stnu,60,True,33,1.0194942951202393,0.01940774917602539,"[0, 0, 0, 0, 3, 3, 4, 3, 10, 5, 9, 19, 10, 16, 16, 19, 25, 25, 27, 27, 16, 0, 0, 33]","""[0, 4, 3, 5, 2, 6, 6, 5, 6, 3, 7, 8, 1, 3, 9, 4, 2, 1, 3, 6, 3, 118, 116, 0]"""
j20,1,proactive_quantile_0.9,60,True,35,0.0983579158782959,0.0007393360137939453,"[0, 0, 0, 0, 2, 2, 3, 2, 9, 7, 13, 19, 13, 16, 16, 20, 26, 26, 27, 29, 20, 0, 0, 117]","""[0, 4, 3, 5, 6, 11, 3, 7, 6, 6, 3, 9, 2, 1, 5, 6, 2, 3, 3, 2, 4, 118, 116, 0]"""
j20,1,reactive,60,False,inf,inf,inf,null,"[0, 4, 3, 5, 6, 11, 3, 7, 6, 6, 3, 9, 2, 1, 5, 6, 2, 3, 3, 2, 4, 118, 116, 0]"
j20,1,stnu,60,True,28,0.9488973617553711,0.019664525985717773,"[0, 0, 0, 0, 3, 3, 4, 3, 9, 5, 14, 16, 11, 15, 15, 17, 23, 23, 25, 26, 17, 0, 0, 28]","""[0, 4, 3, 5, 6, 11, 3, 7, 6, 6, 3, 9, 2, 1, 5, 6, 2, 3, 3, 2, 4, 118, 116, 0]"""
j20,1,proactive_quantile_0.9,60,True,35,0.10139226913452148,0.0007252693176269531,"[0, 0, 0, 0, 2, 2, 3, 2, 9, 7, 13, 19, 13, 16, 16, 20, 26, 26, 27, 29, 20, 0, 0, 117]","""[0, 3, 3, 8, 3, 8, 2, 6, 5, 3, 7, 5, 1, 2, 9, 2, 2, 1, 7, 6, 7, 118, 116, 0]"""
j20,1,reactive,60,False,inf,inf,inf,null,"[0, 3, 3, 8, 3, 8, 2, 6, 5, 3, 7, 5, 1, 2, 9, 2, 2, 1, 7, 6, 7, 118, 116, 0]"
j20,1,stnu,60,True,31,1.125610113143921,0.019565820693969727,"[0, 0, 0, 0, 3, 3, 3, 3, 8, 8, 11, 15, 11, 13, 13, 18, 22, 22, 22, 25, 18, 0, 0, 31]","""[0, 3, 3, 8, 3, 8, 2, 6, 5, 3, 7, 5, 1, 2, 9, 2, 2, 1, 7, 6, 7, 118, 116, 0]"""
j20,1,proactive_quantile_0.9,60,True,35,0.08982515335083008,0.0006976127624511719,"[0, 0, 0, 0, 2, 2, 3, 2, 9, 7, 13, 19, 13, 16, 16, 20, 26, 26, 27, 29, 20, 0, 0, 117]","""[0, 1, 3, 6, 2, 8, 6, 5, 3, 5, 3, 4, 4, 3, 6, 3, 3, 2, 8, 3, 6, 118, 116, 0]"""
j20,1,reactive,60,False,inf,inf,inf,null,"[0, 1, 3, 6, 2, 8, 6, 5, 3, 5, 3, 4, 4, 3, 6, 3, 3, 2, 8, 3, 6, 118, 116, 0]"
j20,1,stnu,60,True,30,0.9364261627197266,0.019289493560791016,"[0, 0, 0, 0, 3, 3, 1, 3, 7, 6, 11, 18, 11, 15, 15, 18, 21, 21, 22, 24, 14, 0, 0, 30]","""[0, 1, 3, 6, 2, 8, 6, 5, 3, 5, 3, 4, 4, 3, 6, 3, 3, 2, 8, 3, 6, 118, 116, 0]"""
j20,1,proactive_quantile_0.9,60,False,inf,0.08962869644165039,inf,"[0, 0, 0, 0, 2, 2, 3, 2, 9, 7, 13, 19, 13, 16, 16, 20, 26, 26, 27, 29, 20, 0, 0, 117]","""[0, 2, 2, 7, 5, 12, 6, 6, 8, 6, 6, 5, 3, 1, 9, 7, 2, 4, 4, 7, 5, 118, 116, 0]"""
j20,1,reactive,60,False,inf,inf,inf,null,"[0, 2, 2, 7, 5, 12, 6, 6, 8, 6, 6, 5, 3, 1, 9, 7, 2, 4, 4, 7, 5, 118, 116, 0]"
j20,1,stnu,60,True,38,0.9428133964538574,0.019270896911621094,"[0, 0, 0, 0, 2, 2, 2, 2, 8, 7, 14, 17, 13, 16, 16, 20, 27, 27, 27, 31, 20, 0, 0, 38]","""[0, 2, 2, 7, 5, 12, 6, 6, 8, 6, 6, 5, 3, 1, 9, 7, 2, 4, 4, 7, 5, 118, 116, 0]"""
j20,1,proactive_quantile_0.9,60,True,35,0.09821343421936035,0.0007789134979248047,"[0, 0, 0, 0, 2, 2, 3, 2, 9, 7, 13, 19, 13, 16, 16, 20, 26, 26, 27, 29, 20, 0, 0, 117]","""[0, 1, 2, 8, 6, 9, 3, 4, 7, 5, 4, 7, 1, 4, 5, 4, 2, 3, 5, 6, 8, 118, 116, 0]"""
j20,1,reactive,60,False,inf,inf,inf,null,"[0, 1, 2, 8, 6, 9, 3, 4, 7, 5, 4, 7, 1, 4, 5, 4, 2, 3, 5, 6, 8, 118, 116, 0]"
j20,1,stnu,60,True,32,0.94223952293396,0.01940774917602539,"[0, 0, 0, 0, 2, 2, 1, 2, 8, 8, 11, 19, 13, 15, 15, 19, 23, 23, 26, 26, 15, 0, 0, 32]","""[0, 1, 2, 8, 6, 9, 3, 4, 7, 5, 4, 7, 1, 4, 5, 4, 2, 3, 5, 6, 8, 118, 116, 0]"""
j20,1,proactive_quantile_0.9,60,False,inf,0.09519624710083008,inf,"[0, 0, 0, 0, 1, 6, 2, 4, 4, 10, 1, 6, 13, 9, 12, 15, 14, 17, 25, 25, 25, 0, 0, 0, 0, 0, 0, 0, 0, 0, 0, 0, 0, 0, 168]","""[0, 1, 5, 2, 1, 1, 1, 5, 7, 6, 9, 2, 6, 5, 4, 6, 6, 4, 3, 5, 2, 118, 23, 100, 92, 159, 35, 41, 129, 64, 26, 169, 133, 42, 0]"""
j20,1,reactive,60,False,inf,inf,inf,null,"[0, 1, 5, 2, 1, 1, 1, 5, 7, 6, 9, 2, 6, 5, 4, 6, 6, 4, 3, 5, 2, 118, 23, 100, 92, 159, 35, 41, 129, 64, 26, 169, 133, 42, 0]"
j20,1,stnu,60,False,inf,0.9755241870880127,inf,[],"""[0, 1, 5, 2, 1, 1, 1, 5, 7, 6, 9, 2, 6, 5, 4, 6, 6, 4, 3, 5, 2, 118, 23, 100, 92, 159, 35, 41, 129, 64, 26, 169, 133, 42, 0]"""
j20,1,proactive_quantile_0.9,60,False,inf,0.0950016975402832,inf,"[0, 0, 0, 0, 1, 6, 2, 4, 4, 10, 1, 6, 13, 9, 12, 15, 14, 17, 25, 25, 25, 0, 0, 0, 0, 0, 0, 0, 0, 0, 0, 0, 0, 0, 168]","""[0, 2, 7, 2, 2, 3, 3, 4, 8, 3, 6, 5, 6, 2, 3, 4, 7, 7, 7, 8, 3, 118, 23, 100, 92, 159, 35, 41, 129, 64, 26, 169, 133, 42, 0]"""
j20,1,reactive,60,False,inf,inf,inf,null,"[0, 2, 7, 2, 2, 3, 3, 4, 8, 3, 6, 5, 6, 2, 3, 4, 7, 7, 7, 8, 3, 118, 23, 100, 92, 159, 35, 41, 129, 64, 26, 169, 133, 42, 0]"
j20,1,stnu,60,False,inf,0.9562411308288574,inf,[],"""[0, 2, 7, 2, 2, 3, 3, 4, 8, 3, 6, 5, 6, 2, 3, 4, 7, 7, 7, 8, 3, 118, 23, 100, 92, 159, 35, 41, 129, 64, 26, 169, 133, 42, 0]"""
j20,1,proactive_quantile_0.9,60,False,inf,0.21295666694641113,inf,"[0, 0, 0, 0, 1, 6, 2, 4, 4, 10, 1, 6, 13, 9, 12, 15, 14, 17, 25, 25, 25, 0, 0, 0, 0, 0, 0, 0, 0, 0, 0, 0, 0, 0, 168]","""[0, 2, 7, 2, 2, 2, 3, 5, 7, 3, 8, 3, 6, 3, 4, 4, 12, 6, 5, 10, 3, 118, 23, 100, 92, 159, 35, 41, 129, 64, 26, 169, 133, 42, 0]"""
j20,1,reactive,60,False,inf,inf,inf,null,"[0, 2, 7, 2, 2, 2, 3, 5, 7, 3, 8, 3, 6, 3, 4, 4, 12, 6, 5, 10, 3, 118, 23, 100, 92, 159, 35, 41, 129, 64, 26, 169, 133, 42, 0]"
j20,1,stnu,60,False,inf,0.9660282135009766,inf,[],"""[0, 2, 3, 2, 2, 2, 3, 6, 8, 2, 12, 1, 2, 5, 4, 1, 3, 6, 5, 1, 5, 118, 23, 100, 92, 159, 35, 41, 129, 64, 26, 169, 133, 42, 0]"""
j20,1,proactive_quantile_0.9,60,False,inf,0.09256887435913086,inf,"[0, 0, 0, 0, 1, 6, 2, 4, 4, 10, 1, 6, 13, 9, 12, 15, 14, 17, 25, 25, 25, 0, 0, 0, 0, 0, 0, 0, 0, 0, 0, 0, 0, 0, 168]","""[0, 2, 4, 2, 2, 1, 1, 3, 9, 3, 11, 4, 8, 5, 5, 9, 6, 8, 5, 6, 5, 118, 23, 100, 92, 159, 35, 41, 129, 64, 26, 169, 133, 42, 0]"""
j20,1,reactive,60,False,inf,inf,inf,null,"[0, 2, 4, 2, 2, 1, 1, 3, 9, 3, 11, 4, 8, 5, 5, 9, 6, 8, 5, 6, 5, 118, 23, 100, 92, 159, 35, 41, 129, 64, 26, 169, 133, 42, 0]"
j20,1,stnu,60,False,inf,0.9116172790527344,inf,[],"""[0, 2, 4, 2, 2, 1, 1, 3, 9, 3, 11, 4, 8, 5, 5, 9, 6, 8, 5, 6, 5, 118, 23, 100, 92, 159, 35, 41, 129, 64, 26, 169, 133, 42, 0]"""
j20,1,proactive_quantile_0.9,60,False,inf,0.0975499153137207,inf,"[0, 0, 0, 0, 1, 6, 2, 4, 4, 10, 1, 6, 13, 9, 12, 15, 14, 17, 25, 25, 25, 0, 0, 0, 0, 0, 0, 0, 0, 0, 0, 0, 0, 0, 168]","""[0, 2, 5, 3, 2, 4, 1, 5, 8, 5, 12, 4, 9, 4, 2, 5, 6, 5, 5, 7, 7, 118, 23, 100, 92, 159, 35, 41, 129, 64, 26, 169, 133, 42, 0]"""
j20,1,reactive,60,False,inf,inf,inf,null,"[0, 2, 5, 3, 2, 4, 1, 5, 8, 5, 12, 4, 9, 4, 2, 5, 6, 5, 5, 7, 7, 118, 23, 100, 92, 159, 35, 41, 129, 64, 26, 169, 133, 42, 0]"
j20,1,stnu,60,False,inf,0.9320247173309326,inf,[],"""[0, 2, 5, 3, 2, 4, 1, 5, 8, 5, 12, 4, 9, 4, 2, 5, 6, 5, 5, 7, 7, 118, 23, 100, 92, 159, 35, 41, 129, 64, 26, 169, 133, 42, 0]"""
j20,1,proactive_quantile_0.9,60,False,inf,0.09356808662414551,inf,"[0, 0, 0, 0, 1, 6, 2, 4, 4, 10, 1, 6, 13, 9, 12, 15, 14, 17, 25, 25, 25, 0, 0, 0, 0, 0, 0, 0, 0, 0, 0, 0, 0, 0, 168]","""[0, 1, 4, 6, 2, 4, 3, 7, 4, 6, 7, 4, 10, 4, 2, 9, 10, 7, 6, 9, 6, 118, 23, 100, 92, 159, 35, 41, 129, 64, 26, 169, 133, 42, 0]"""
j20,1,reactive,60,False,inf,inf,inf,null,"[0, 1, 4, 6, 2, 4, 3, 7, 4, 6, 7, 4, 10, 4, 2, 9, 10, 7, 6, 9, 6, 118, 23, 100, 92, 159, 35, 41, 129, 64, 26, 169, 133, 42, 0]"
j20,1,stnu,60,False,inf,0.9533920288085938,inf,[],"""[0, 1, 4, 6, 2, 4, 3, 7, 4, 6, 7, 4, 10, 4, 2, 9, 10, 7, 6, 9, 6, 118, 23, 100, 92, 159, 35, 41, 129, 64, 26, 169, 133, 42, 0]"""
j20,1,proactive_quantile_0.9,60,False,inf,0.09244632720947266,inf,"[0, 0, 0, 0, 1, 6, 2, 4, 4, 10, 1, 6, 13, 9, 12, 15, 14, 17, 25, 25, 25, 0, 0, 0, 0, 0, 0, 0, 0, 0, 0, 0, 0, 0, 168]","""[0, 1, 6, 4, 2, 2, 1, 4, 6, 4, 8, 2, 10, 4, 4, 9, 9, 8, 4, 8, 6, 118, 23, 100, 92, 159, 35, 41, 129, 64, 26, 169, 133, 42, 0]"""
j20,1,reactive,60,False,inf,inf,inf,null,"[0, 1, 6, 4, 2, 2, 1, 4, 6, 4, 8, 2, 10, 4, 4, 9, 9, 8, 4, 8, 6, 118, 23, 100, 92, 159, 35, 41, 129, 64, 26, 169, 133, 42, 0]"
j20,1,stnu,60,False,inf,0.9156918525695801,inf,[],"""[0, 1, 6, 4, 2, 2, 1, 4, 6, 4, 8, 2, 10, 4, 4, 9, 9, 8, 4, 8, 6, 118, 23, 100, 92, 159, 35, 41, 129, 64, 26, 169, 133, 42, 0]"""
j20,1,proactive_quantile_0.9,60,False,inf,0.09305238723754883,inf,"[0, 0, 0, 0, 1, 6, 2, 4, 4, 10, 1, 6, 13, 9, 12, 15, 14, 17, 25, 25, 25, 0, 0, 0, 0, 0, 0, 0, 0, 0, 0, 0, 0, 0, 168]","""[0, 1, 7, 4, 2, 3, 1, 4, 9, 4, 9, 3, 7, 3, 3, 9, 9, 8, 4, 5, 4, 118, 23, 100, 92, 159, 35, 41, 129, 64, 26, 169, 133, 42, 0]"""
j20,1,reactive,60,False,inf,inf,inf,null,"[0, 1, 7, 4, 2, 3, 1, 4, 9, 4, 9, 3, 7, 3, 3, 9, 9, 8, 4, 5, 4, 118, 23, 100, 92, 159, 35, 41, 129, 64, 26, 169, 133, 42, 0]"
j20,1,stnu,60,False,inf,0.9301531314849854,inf,[],"""[0, 1, 7, 4, 2, 3, 1, 4, 9, 4, 9, 3, 7, 3, 3, 9, 9, 8, 4, 5, 4, 118, 23, 100, 92, 159, 35, 41, 129, 64, 26, 169, 133, 42, 0]"""
j20,1,proactive_quantile_0.9,60,False,inf,0.1036977767944336,inf,"[0, 0, 0, 0, 1, 6, 2, 4, 4, 10, 1, 6, 13, 9, 12, 15, 14, 17, 25, 25, 25, 0, 0, 0, 0, 0, 0, 0, 0, 0, 0, 0, 0, 0, 168]","""[0, 1, 7, 4, 1, 4, 2, 2, 5, 3, 6, 5, 8, 4, 6, 9, 7, 7, 6, 10, 5, 118, 23, 100, 92, 159, 35, 41, 129, 64, 26, 169, 133, 42, 0]"""
j20,1,reactive,60,False,inf,inf,inf,null,"[0, 1, 7, 4, 1, 4, 2, 2, 5, 3, 6, 5, 8, 4, 6, 9, 7, 7, 6, 10, 5, 118, 23, 100, 92, 159, 35, 41, 129, 64, 26, 169, 133, 42, 0]"
j20,1,stnu,60,False,inf,0.9705812931060791,inf,[],"""[0, 1, 7, 4, 1, 4, 2, 2, 5, 3, 6, 5, 8, 4, 6, 9, 7, 7, 6, 10, 5, 118, 23, 100, 92, 159, 35, 41, 129, 64, 26, 169, 133, 42, 0]"""
j20,1,proactive_quantile_0.9,60,False,inf,0.09609007835388184,inf,"[0, 0, 0, 0, 1, 6, 2, 4, 4, 10, 1, 6, 13, 9, 12, 15, 14, 17, 25, 25, 25, 0, 0, 0, 0, 0, 0, 0, 0, 0, 0, 0, 0, 0, 168]","""[0, 1, 2, 3, 2, 1, 1, 3, 4, 2, 8, 5, 8, 4, 5, 4, 9, 9, 7, 6, 7, 118, 23, 100, 92, 159, 35, 41, 129, 64, 26, 169, 133, 42, 0]"""
j20,1,reactive,60,False,inf,inf,inf,null,"[0, 1, 2, 3, 2, 1, 1, 3, 4, 2, 8, 5, 8, 4, 5, 4, 9, 9, 7, 6, 7, 118, 23, 100, 92, 159, 35, 41, 129, 64, 26, 169, 133, 42, 0]"
j20,1,stnu,60,False,inf,0.9293971061706543,inf,[],"""[0, 1, 2, 3, 2, 1, 1, 3, 4, 2, 8, 5, 8, 4, 5, 4, 9, 9, 7, 6, 7, 118, 23, 100, 92, 159, 35, 41, 129, 64, 26, 169, 133, 42, 0]"""
j20,1,proactive_quantile_0.9,60,True,50,0.09752225875854492,0.0022432804107666016,"[0, 0, 0, 0, 9, 6, 9, 11, 17, 18, 17, 29, 29, 9, 23, 25, 35, 35, 20, 43, 35, 0, 0, 0, 0, 0, 0, 0, 0, 0, 0, 0, 0, 0, 0, 152]","""[0, 3, 7, 5, 3, 4, 6, 7, 1, 7, 5, 4, 2, 3, 1, 4, 3, 4, 2, 4, 11, 17, 122, 62, 21, 153, 125, 51, 54, 58, 49, 145, 74, 139, 144, 0]"""
j20,1,reactive,60,False,inf,inf,inf,null,"[0, 3, 7, 5, 3, 4, 6, 7, 1, 7, 5, 4, 2, 3, 1, 4, 3, 4, 2, 4, 11, 17, 122, 62, 21, 153, 125, 51, 54, 58, 49, 145, 74, 139, 144, 0]"
j20,1,stnu,60,False,inf,0.9549059867858887,inf,[],"""[0, 3, 7, 5, 3, 4, 6, 7, 1, 7, 5, 4, 2, 3, 1, 4, 3, 4, 2, 4, 11, 17, 122, 62, 21, 153, 125, 51, 54, 58, 49, 145, 74, 139, 144, 0]"""
j20,1,proactive_quantile_0.9,60,False,inf,0.09102153778076172,inf,"[0, 0, 0, 0, 9, 6, 9, 11, 17, 18, 17, 29, 29, 9, 23, 25, 35, 35, 20, 43, 35, 0, 0, 0, 0, 0, 0, 0, 0, 0, 0, 0, 0, 0, 0, 152]","""[0, 4, 5, 10, 5, 5, 7, 10, 1, 6, 4, 4, 5, 6, 2, 6, 2, 7, 1, 5, 7, 17, 122, 62, 21, 153, 125, 51, 54, 58, 49, 145, 74, 139, 144, 0]"""
j20,1,reactive,60,False,inf,inf,inf,null,"[0, 4, 5, 10, 5, 5, 7, 10, 1, 6, 4, 4, 5, 6, 2, 6, 2, 7, 1, 5, 7, 17, 122, 62, 21, 153, 125, 51, 54, 58, 49, 145, 74, 139, 144, 0]"
j20,1,stnu,60,False,inf,0.9565093517303467,inf,[],"""[0, 4, 5, 10, 5, 5, 7, 10, 1, 6, 4, 4, 5, 6, 2, 6, 2, 7, 1, 5, 7, 17, 122, 62, 21, 153, 125, 51, 54, 58, 49, 145, 74, 139, 144, 0]"""
j20,1,proactive_quantile_0.9,60,True,50,0.0993947982788086,0.0022933483123779297,"[0, 0, 0, 0, 9, 6, 9, 11, 17, 18, 17, 29, 29, 9, 23, 25, 35, 35, 20, 43, 35, 0, 0, 0, 0, 0, 0, 0, 0, 0, 0, 0, 0, 0, 0, 152]","""[0, 3, 7, 5, 6, 2, 4, 8, 2, 11, 5, 3, 6, 7, 3, 8, 5, 9, 1, 4, 10, 17, 122, 62, 21, 153, 125, 51, 54, 58, 49, 145, 74, 139, 144, 0]"""
j20,1,reactive,60,False,inf,inf,inf,null,"[0, 3, 7, 5, 6, 2, 4, 8, 2, 11, 5, 3, 6, 7, 3, 8, 5, 9, 1, 4, 10, 17, 122, 62, 21, 153, 125, 51, 54, 58, 49, 145, 74, 139, 144, 0]"
j20,1,stnu,60,False,inf,1.0526511669158936,inf,[],"""[0, 3, 7, 5, 6, 2, 4, 8, 2, 11, 5, 3, 6, 7, 3, 8, 5, 9, 1, 4, 10, 17, 122, 62, 21, 153, 125, 51, 54, 58, 49, 145, 74, 139, 144, 0]"""
j20,1,proactive_quantile_0.9,60,True,50,0.09297561645507812,0.0023496150970458984,"[0, 0, 0, 0, 9, 6, 9, 11, 17, 18, 17, 29, 29, 9, 23, 25, 35, 35, 20, 43, 35, 0, 0, 0, 0, 0, 0, 0, 0, 0, 0, 0, 0, 0, 0, 152]","""[0, 7, 6, 5, 6, 3, 7, 8, 2, 9, 7, 4, 6, 2, 3, 5, 2, 4, 1, 3, 11, 17, 122, 62, 21, 153, 125, 51, 54, 58, 49, 145, 74, 139, 144, 0]"""
j20,1,reactive,60,False,inf,inf,inf,null,"[0, 7, 6, 5, 6, 3, 7, 8, 2, 9, 7, 4, 6, 2, 3, 5, 2, 4, 1, 3, 11, 17, 122, 62, 21, 153, 125, 51, 54, 58, 49, 145, 74, 139, 144, 0]"
j20,1,stnu,60,False,inf,0.9470703601837158,inf,[],"""[0, 7, 6, 5, 6, 3, 7, 8, 2, 9, 7, 4, 6, 2, 3, 5, 2, 4, 1, 3, 11, 17, 122, 62, 21, 153, 125, 51, 54, 58, 49, 145, 74, 139, 144, 0]"""
j20,1,proactive_quantile_0.9,60,True,50,0.09396243095397949,0.002412080764770508,"[0, 0, 0, 0, 9, 6, 9, 11, 17, 18, 17, 29, 29, 9, 23, 25, 35, 35, 20, 43, 35, 0, 0, 0, 0, 0, 0, 0, 0, 0, 0, 0, 0, 0, 0, 152]","""[0, 6, 2, 8, 4, 3, 7, 7, 1, 12, 6, 6, 2, 4, 3, 4, 4, 7, 1, 4, 10, 17, 122, 62, 21, 153, 125, 51, 54, 58, 49, 145, 74, 139, 144, 0]"""
j20,1,reactive,60,False,inf,inf,inf,null,"[0, 6, 2, 8, 4, 3, 7, 7, 1, 12, 6, 6, 2, 4, 3, 4, 4, 7, 1, 4, 10, 17, 122, 62, 21, 153, 125, 51, 54, 58, 49, 145, 74, 139, 144, 0]"
j20,1,stnu,60,False,inf,0.927603006362915,inf,[],"""[0, 6, 2, 8, 4, 3, 7, 7, 1, 12, 6, 6, 2, 4, 3, 4, 4, 7, 1, 4, 10, 17, 122, 62, 21, 153, 125, 51, 54, 58, 49, 145, 74, 139, 144, 0]"""
j20,1,proactive_quantile_0.9,60,True,50,0.09233593940734863,0.0022764205932617188,"[0, 0, 0, 0, 9, 6, 9, 11, 17, 18, 17, 29, 29, 9, 23, 25, 35, 35, 20, 43, 35, 0, 0, 0, 0, 0, 0, 0, 0, 0, 0, 0, 0, 0, 0, 152]","""[0, 3, 5, 8, 4, 6, 4, 10, 1, 10, 5, 3, 5, 7, 2, 3, 3, 5, 1, 6, 12, 17, 122, 62, 21, 153, 125, 51, 54, 58, 49, 145, 74, 139, 144, 0]"""
j20,1,reactive,60,False,inf,inf,inf,null,"[0, 3, 5, 8, 4, 6, 4, 10, 1, 10, 5, 3, 5, 7, 2, 3, 3, 5, 1, 6, 12, 17, 122, 62, 21, 153, 125, 51, 54, 58, 49, 145, 74, 139, 144, 0]"
j20,1,stnu,60,False,inf,0.9335319995880127,inf,[],"""[0, 3, 5, 8, 4, 6, 4, 10, 1, 10, 5, 3, 5, 7, 2, 3, 3, 5, 1, 6, 12, 17, 122, 62, 21, 153, 125, 51, 54, 58, 49, 145, 74, 139, 144, 0]"""
j20,1,proactive_quantile_0.9,60,True,50,0.094207763671875,0.0022902488708496094,"[0, 0, 0, 0, 9, 6, 9, 11, 17, 18, 17, 29, 29, 9, 23, 25, 35, 35, 20, 43, 35, 0, 0, 0, 0, 0, 0, 0, 0, 0, 0, 0, 0, 0, 0, 152]","""[0, 6, 2, 9, 6, 5, 9, 5, 2, 11, 5, 5, 2, 2, 3, 6, 7, 9, 1, 6, 7, 17, 122, 62, 21, 153, 125, 51, 54, 58, 49, 145, 74, 139, 144, 0]"""
j20,1,reactive,60,False,inf,inf,inf,null,"[0, 6, 2, 9, 6, 5, 9, 5, 2, 11, 5, 5, 2, 2, 3, 6, 7, 9, 1, 6, 7, 17, 122, 62, 21, 153, 125, 51, 54, 58, 49, 145, 74, 139, 144, 0]"
j20,1,stnu,60,False,inf,0.9659113883972168,inf,[],"""[0, 6, 2, 9, 6, 5, 9, 5, 2, 11, 5, 5, 2, 2, 3, 6, 7, 9, 1, 6, 7, 17, 122, 62, 21, 153, 125, 51, 54, 58, 49, 145, 74, 139, 144, 0]"""
j20,1,proactive_quantile_0.9,60,True,50,0.23065185546875,0.002256155014038086,"[0, 0, 0, 0, 9, 6, 9, 11, 17, 18, 17, 29, 29, 9, 23, 25, 35, 35, 20, 43, 35, 0, 0, 0, 0, 0, 0, 0, 0, 0, 0, 0, 0, 0, 0, 152]","""[0, 7, 5, 9, 3, 3, 6, 6, 1, 10, 4, 4, 3, 5, 3, 4, 6, 7, 1, 4, 10, 17, 122, 62, 21, 153, 125, 51, 54, 58, 49, 145, 74, 139, 144, 0]"""
j20,1,reactive,60,False,inf,inf,inf,null,"[0, 7, 5, 9, 3, 3, 6, 6, 1, 10, 4, 4, 3, 5, 3, 4, 6, 7, 1, 4, 10, 17, 122, 62, 21, 153, 125, 51, 54, 58, 49, 145, 74, 139, 144, 0]"
j20,1,stnu,60,False,inf,0.9325897693634033,inf,[],"""[0, 7, 5, 9, 3, 3, 6, 6, 1, 10, 4, 4, 3, 5, 3, 4, 6, 7, 1, 4, 10, 17, 122, 62, 21, 153, 125, 51, 54, 58, 49, 145, 74, 139, 144, 0]"""
j20,1,proactive_quantile_0.9,60,True,50,0.09330177307128906,0.0022687911987304688,"[0, 0, 0, 0, 9, 6, 9, 11, 17, 18, 17, 29, 29, 9, 23, 25, 35, 35, 20, 43, 35, 0, 0, 0, 0, 0, 0, 0, 0, 0, 0, 0, 0, 0, 0, 152]","""[0, 3, 3, 7, 7, 6, 9, 5, 1, 7, 5, 7, 4, 5, 1, 5, 3, 7, 1, 5, 11, 17, 122, 62, 21, 153, 125, 51, 54, 58, 49, 145, 74, 139, 144, 0]"""
j20,1,reactive,60,False,inf,inf,inf,null,"[0, 3, 3, 7, 7, 6, 9, 5, 1, 7, 5, 7, 4, 5, 1, 5, 3, 7, 1, 5, 11, 17, 122, 62, 21, 153, 125, 51, 54, 58, 49, 145, 74, 139, 144, 0]"
j20,1,stnu,60,False,inf,0.9650378227233887,inf,[],"""[0, 3, 3, 7, 7, 6, 9, 5, 1, 7, 5, 7, 4, 5, 1, 5, 3, 7, 1, 5, 11, 17, 122, 62, 21, 153, 125, 51, 54, 58, 49, 145, 74, 139, 144, 0]"""
j20,1,proactive_quantile_0.9,60,True,50,0.10004448890686035,0.0023183822631835938,"[0, 0, 0, 0, 9, 6, 9, 11, 17, 18, 17, 29, 29, 9, 23, 25, 35, 35, 20, 43, 35, 0, 0, 0, 0, 0, 0, 0, 0, 0, 0, 0, 0, 0, 0, 152]","""[0, 3, 2, 5, 7, 5, 8, 8, 2, 8, 2, 6, 3, 5, 1, 5, 6, 6, 1, 6, 9, 17, 122, 62, 21, 153, 125, 51, 54, 58, 49, 145, 74, 139, 144, 0]"""
j20,1,reactive,60,False,inf,inf,inf,null,"[0, 3, 2, 5, 7, 5, 8, 8, 2, 8, 2, 6, 3, 5, 1, 5, 6, 6, 1, 6, 9, 17, 122, 62, 21, 153, 125, 51, 54, 58, 49, 145, 74, 139, 144, 0]"
j20,1,stnu,60,False,inf,0.956531286239624,inf,[],"""[0, 3, 2, 5, 7, 5, 8, 8, 2, 8, 2, 6, 3, 5, 1, 5, 6, 6, 1, 6, 9, 17, 122, 62, 21, 153, 125, 51, 54, 58, 49, 145, 74, 139, 144, 0]"""
j20,1,proactive_quantile_0.9,60,False,inf,0.09683585166931152,inf,"[0, 0, 0, 0, 9, 3, 11, 11, 34, 15, 6, 18, 20, 26, 20, 27, 40, 25, 49, 31, 39, 0, 0, 0, 0, 0, 0, 0, 0, 0, 0, 147]","""[0, 5, 5, 1, 3, 1, 4, 10, 1, 5, 10, 3, 8, 6, 2, 7, 8, 5, 3, 5, 7, 85, 148, 8, 39, 22, 111, 84, 50, 72, 68, 0]"""
j20,1,reactive,60,False,inf,inf,inf,null,"[0, 5, 5, 1, 3, 1, 4, 10, 1, 5, 10, 3, 8, 6, 2, 7, 8, 5, 3, 5, 7, 85, 148, 8, 39, 22, 111, 84, 50, 72, 68, 0]"
j20,1,stnu,60,False,inf,0.9589211940765381,inf,[],"""[0, 5, 5, 1, 3, 2, 4, 10, 1, 5, 10, 3, 8, 6, 2, 7, 8, 5, 3, 5, 7, 85, 148, 8, 39, 22, 111, 84, 50, 72, 68, 0]"""
j20,1,proactive_quantile_0.9,60,False,inf,0.0992429256439209,inf,"[0, 0, 0, 0, 9, 3, 11, 11, 34, 15, 6, 18, 20, 26, 20, 27, 40, 25, 49, 31, 39, 0, 0, 0, 0, 0, 0, 0, 0, 0, 0, 147]","""[0, 7, 7, 2, 1, 4, 3, 5, 2, 4, 9, 6, 4, 9, 4, 8, 7, 7, 3, 8, 6, 85, 148, 8, 39, 22, 111, 84, 50, 72, 68, 0]"""
j20,1,reactive,60,False,inf,inf,inf,null,"[0, 7, 7, 2, 1, 4, 3, 5, 2, 4, 9, 6, 4, 9, 4, 8, 7, 7, 3, 8, 6, 85, 148, 8, 39, 22, 111, 84, 50, 72, 68, 0]"
j20,1,stnu,60,False,inf,0.9297835826873779,inf,[],"""[0, 7, 7, 2, 1, 1, 3, 5, 2, 4, 9, 6, 4, 9, 4, 8, 7, 7, 3, 8, 6, 85, 148, 8, 39, 22, 111, 84, 50, 72, 68, 0]"""
j20,1,proactive_quantile_0.9,60,True,52,0.10559797286987305,0.0014901161193847656,"[0, 0, 0, 0, 9, 3, 11, 11, 34, 15, 6, 18, 20, 26, 20, 27, 40, 25, 49, 31, 39, 0, 0, 0, 0, 0, 0, 0, 0, 0, 0, 147]","""[0, 6, 5, 1, 2, 4, 7, 9, 2, 2, 8, 3, 5, 4, 7, 9, 8, 7, 1, 8, 9, 85, 148, 8, 39, 22, 111, 84, 50, 72, 68, 0]"""
j20,1,reactive,60,False,inf,inf,inf,null,"[0, 6, 5, 1, 2, 4, 7, 9, 2, 2, 8, 3, 5, 4, 7, 9, 8, 7, 1, 8, 9, 85, 148, 8, 39, 22, 111, 84, 50, 72, 68, 0]"
j20,1,stnu,60,False,inf,0.9756462574005127,inf,[],"""[0, 6, 5, 1, 2, 3, 7, 9, 2, 2, 8, 3, 5, 4, 7, 9, 8, 7, 1, 8, 9, 85, 148, 8, 39, 22, 111, 84, 50, 72, 68, 0]"""
j20,1,proactive_quantile_0.9,60,False,inf,0.2685577869415283,inf,"[0, 0, 0, 0, 9, 3, 11, 11, 34, 15, 6, 18, 20, 26, 20, 27, 40, 25, 49, 31, 39, 0, 0, 0, 0, 0, 0, 0, 0, 0, 0, 147]","""[0, 5, 10, 2, 3, 2, 4, 8, 2, 6, 7, 3, 3, 9, 6, 6, 9, 3, 4, 5, 12, 85, 148, 8, 39, 22, 111, 84, 50, 72, 68, 0]"""
j20,1,reactive,60,False,inf,inf,inf,null,"[0, 5, 10, 2, 3, 2, 4, 8, 2, 6, 7, 3, 3, 9, 6, 6, 9, 3, 4, 5, 12, 85, 148, 8, 39, 22, 111, 84, 50, 72, 68, 0]"
j20,1,stnu,60,False,inf,0.9342219829559326,inf,[],"""[0, 5, 10, 2, 3, 3, 4, 8, 2, 6, 7, 3, 3, 9, 6, 6, 9, 3, 4, 5, 12, 85, 148, 8, 39, 22, 111, 84, 50, 72, 68, 0]"""
j20,1,proactive_quantile_0.9,60,False,inf,0.1016397476196289,inf,"[0, 0, 0, 0, 9, 3, 11, 11, 34, 15, 6, 18, 20, 26, 20, 27, 40, 25, 49, 31, 39, 0, 0, 0, 0, 0, 0, 0, 0, 0, 0, 147]","""[0, 5, 8, 3, 3, 1, 3, 10, 2, 4, 10, 4, 3, 8, 4, 13, 8, 7, 1, 5, 9, 85, 148, 8, 39, 22, 111, 84, 50, 72, 68, 0]"""
j20,1,reactive,60,False,inf,inf,inf,null,"[0, 5, 8, 3, 3, 1, 3, 10, 2, 4, 10, 4, 3, 8, 4, 13, 8, 7, 1, 5, 9, 85, 148, 8, 39, 22, 111, 84, 50, 72, 68, 0]"
j20,1,stnu,60,False,inf,0.9517419338226318,inf,[],"""[0, 5, 8, 3, 3, 1, 3, 10, 2, 4, 10, 4, 3, 8, 4, 13, 8, 7, 1, 5, 9, 85, 148, 8, 39, 22, 111, 84, 50, 72, 68, 0]"""
j20,1,proactive_quantile_0.9,60,False,inf,0.10314631462097168,inf,"[0, 0, 0, 0, 9, 3, 11, 11, 34, 15, 6, 18, 20, 26, 20, 27, 40, 25, 49, 31, 39, 0, 0, 0, 0, 0, 0, 0, 0, 0, 0, 147]","""[0, 7, 10, 2, 1, 3, 8, 7, 1, 5, 9, 8, 6, 9, 7, 10, 10, 5, 2, 5, 10, 85, 148, 8, 39, 22, 111, 84, 50, 72, 68, 0]"""
j20,1,reactive,60,False,inf,inf,inf,null,"[0, 7, 10, 2, 1, 3, 8, 7, 1, 5, 9, 8, 6, 9, 7, 10, 10, 5, 2, 5, 10, 85, 148, 8, 39, 22, 111, 84, 50, 72, 68, 0]"
j20,1,stnu,60,False,inf,1.0720715522766113,inf,[],"""[0, 7, 10, 2, 1, 2, 8, 7, 1, 5, 9, 8, 6, 9, 7, 10, 10, 5, 2, 5, 10, 85, 148, 8, 39, 22, 111, 84, 50, 72, 68, 0]"""
j20,1,proactive_quantile_0.9,60,False,inf,0.09508991241455078,inf,"[0, 0, 0, 0, 9, 3, 11, 11, 34, 15, 6, 18, 20, 26, 20, 27, 40, 25, 49, 31, 39, 0, 0, 0, 0, 0, 0, 0, 0, 0, 0, 147]","""[0, 7, 6, 4, 3, 4, 7, 8, 2, 4, 6, 8, 5, 6, 7, 13, 7, 7, 2, 5, 7, 85, 148, 8, 39, 22, 111, 84, 50, 72, 68, 0]"""
j20,1,reactive,60,False,inf,inf,inf,null,"[0, 7, 6, 4, 3, 4, 7, 8, 2, 4, 6, 8, 5, 6, 7, 13, 7, 7, 2, 5, 7, 85, 148, 8, 39, 22, 111, 84, 50, 72, 68, 0]"
j20,1,stnu,60,False,inf,0.959965705871582,inf,[],"""[0, 7, 6, 4, 3, 1, 7, 8, 2, 4, 6, 8, 5, 6, 7, 13, 7, 7, 2, 5, 7, 85, 148, 8, 39, 22, 111, 84, 50, 72, 68, 0]"""
j20,1,proactive_quantile_0.9,60,False,inf,0.0972435474395752,inf,"[0, 0, 0, 0, 9, 3, 11, 11, 34, 15, 6, 18, 20, 26, 20, 27, 40, 25, 49, 31, 39, 0, 0, 0, 0, 0, 0, 0, 0, 0, 0, 147]","""[0, 2, 8, 2, 3, 3, 4, 5, 1, 2, 6, 5, 6, 9, 3, 7, 10, 2, 1, 6, 12, 85, 148, 8, 39, 22, 111, 84, 50, 72, 68, 0]"""
j20,1,reactive,60,False,inf,inf,inf,null,"[0, 2, 8, 2, 3, 3, 4, 5, 1, 2, 6, 5, 6, 9, 3, 7, 10, 2, 1, 6, 12, 85, 148, 8, 39, 22, 111, 84, 50, 72, 68, 0]"
j20,1,stnu,60,False,inf,0.9631452560424805,inf,[],"""[0, 2, 8, 2, 3, 2, 4, 5, 1, 2, 6, 5, 6, 9, 3, 7, 10, 2, 1, 6, 12, 85, 148, 8, 39, 22, 111, 84, 50, 72, 68, 0]"""
j20,1,proactive_quantile_0.9,60,False,inf,0.10097956657409668,inf,"[0, 0, 0, 0, 9, 3, 11, 11, 34, 15, 6, 18, 20, 26, 20, 27, 40, 25, 49, 31, 39, 0, 0, 0, 0, 0, 0, 0, 0, 0, 0, 147]","""[0, 6, 10, 3, 3, 1, 7, 8, 2, 6, 9, 3, 8, 5, 7, 12, 6, 2, 3, 8, 7, 85, 148, 8, 39, 22, 111, 84, 50, 72, 68, 0]"""
j20,1,reactive,60,False,inf,inf,inf,null,"[0, 6, 10, 3, 3, 1, 7, 8, 2, 6, 9, 3, 8, 5, 7, 12, 6, 2, 3, 8, 7, 85, 148, 8, 39, 22, 111, 84, 50, 72, 68, 0]"
j20,1,stnu,60,False,inf,0.9516658782958984,inf,[],"""[0, 6, 10, 3, 3, 2, 7, 8, 2, 6, 9, 3, 8, 5, 7, 12, 6, 2, 3, 8, 7, 85, 148, 8, 39, 22, 111, 84, 50, 72, 68, 0]"""
j20,1,proactive_quantile_0.9,60,False,inf,0.1053769588470459,inf,"[0, 0, 0, 0, 9, 3, 11, 11, 34, 15, 6, 18, 20, 26, 20, 27, 40, 25, 49, 31, 39, 0, 0, 0, 0, 0, 0, 0, 0, 0, 0, 147]","""[0, 7, 6, 4, 1, 3, 5, 5, 2, 4, 5, 8, 7, 6, 4, 11, 9, 4, 2, 9, 9, 85, 148, 8, 39, 22, 111, 84, 50, 72, 68, 0]"""
j20,1,reactive,60,False,inf,inf,inf,null,"[0, 7, 6, 4, 1, 3, 5, 5, 2, 4, 5, 8, 7, 6, 4, 11, 9, 4, 2, 9, 9, 85, 148, 8, 39, 22, 111, 84, 50, 72, 68, 0]"
j20,1,stnu,60,False,inf,0.9368350505828857,inf,[],"""[0, 7, 6, 4, 1, 1, 5, 5, 2, 4, 5, 8, 7, 6, 4, 11, 9, 4, 2, 9, 9, 85, 148, 8, 39, 22, 111, 84, 50, 72, 68, 0]"""
j20,1,proactive_quantile_0.9,60,True,49,0.10515785217285156,0.0013041496276855469,"[0, 0, 0, 0, 12, 12, 11, 14, 21, 5, 12, 25, 21, 21, 30, 17, 28, 33, 41, 33, 14, 0, 0, 0, 0, 0, 0, 0, 138]","""[0, 2, 8, 7, 3, 4, 3, 3, 6, 5, 8, 9, 5, 9, 9, 7, 1, 4, 4, 1, 4, 139, 31, 102, 45, 77, 124, 51, 0]"""
j20,1,reactive,60,False,inf,inf,inf,null,"[0, 2, 8, 7, 3, 4, 3, 3, 6, 5, 8, 9, 5, 9, 9, 7, 1, 4, 4, 1, 4, 139, 31, 102, 45, 77, 124, 51, 0]"
j20,1,stnu,60,True,36,1.0050256252288818,0.030287742614746094,"[0, 0, 0, 0, 8, 8, 8, 11, 14, 2, 8, 19, 16, 16, 22, 12, 21, 28, 32, 28, 11, 0, 0, 0, 0, 0, 0, 0, 36]","""[0, 2, 8, 7, 3, 4, 3, 3, 6, 5, 8, 9, 5, 9, 9, 7, 1, 4, 4, 1, 4, 139, 31, 102, 45, 77, 124, 51, 0]"""
j20,1,proactive_quantile_0.9,60,True,49,0.1006767749786377,0.0012996196746826172,"[0, 0, 0, 0, 12, 12, 11, 14, 21, 5, 12, 25, 21, 21, 30, 17, 28, 33, 41, 33, 14, 0, 0, 0, 0, 0, 0, 0, 138]","""[0, 4, 8, 6, 6, 1, 2, 4, 7, 5, 10, 9, 7, 8, 8, 4, 1, 2, 4, 2, 7, 139, 31, 102, 45, 77, 124, 51, 0]"""
j20,1,reactive,60,False,inf,inf,inf,null,"[0, 4, 8, 6, 6, 1, 2, 4, 7, 5, 10, 9, 7, 8, 8, 4, 1, 2, 4, 2, 7, 139, 31, 102, 45, 77, 124, 51, 0]"
j20,1,stnu,60,True,39,1.0006325244903564,0.030414581298828125,"[0, 0, 0, 0, 9, 9, 8, 10, 14, 4, 9, 19, 19, 19, 27, 15, 26, 28, 35, 28, 10, 0, 0, 0, 0, 0, 0, 0, 39]","""[0, 4, 8, 6, 6, 1, 2, 4, 7, 5, 10, 9, 7, 8, 8, 4, 1, 2, 4, 2, 7, 139, 31, 102, 45, 77, 124, 51, 0]"""
j20,1,proactive_quantile_0.9,60,True,49,0.09661054611206055,0.001247406005859375,"[0, 0, 0, 0, 12, 12, 11, 14, 21, 5, 12, 25, 21, 21, 30, 17, 28, 33, 41, 33, 14, 0, 0, 0, 0, 0, 0, 0, 138]","""[0, 2, 6, 9, 2, 3, 3, 4, 9, 8, 6, 5, 3, 7, 12, 6, 1, 1, 7, 1, 2, 139, 31, 102, 45, 77, 124, 51, 0]"""
j20,1,reactive,60,False,inf,inf,inf,null,"[0, 2, 6, 9, 2, 3, 3, 4, 9, 8, 6, 5, 3, 7, 12, 6, 1, 1, 7, 1, 2, 139, 31, 102, 45, 77, 124, 51, 0]"
j20,1,stnu,60,True,41,0.9794061183929443,0.030121564865112305,"[0, 0, 0, 0, 10, 10, 6, 9, 13, 2, 10, 19, 16, 16, 22, 13, 19, 24, 34, 24, 10, 0, 0, 0, 0, 0, 0, 0, 41]","""[0, 2, 6, 9, 2, 3, 3, 4, 9, 8, 6, 5, 3, 7, 12, 6, 1, 1, 7, 1, 2, 139, 31, 102, 45, 77, 124, 51, 0]"""
j20,1,proactive_quantile_0.9,60,False,inf,0.10128092765808105,inf,"[0, 0, 0, 0, 12, 12, 11, 14, 21, 5, 12, 25, 21, 21, 30, 17, 28, 33, 41, 33, 14, 0, 0, 0, 0, 0, 0, 0, 138]","""[0, 6, 6, 10, 6, 3, 4, 3, 10, 8, 5, 9, 4, 7, 11, 9, 3, 2, 4, 1, 7, 139, 31, 102, 45, 77, 124, 51, 0]"""
j20,1,reactive,60,False,inf,inf,inf,null,"[0, 6, 6, 10, 6, 3, 4, 3, 10, 8, 5, 9, 4, 7, 11, 9, 3, 2, 4, 1, 7, 139, 31, 102, 45, 77, 124, 51, 0]"
j20,1,stnu,60,True,47,0.9718620777130127,0.03044271469116211,"[0, 0, 0, 0, 14, 14, 6, 10, 13, 6, 14, 29, 21, 21, 32, 20, 29, 38, 43, 38, 14, 0, 0, 0, 0, 0, 0, 0, 47]","""[0, 6, 6, 10, 6, 3, 4, 3, 10, 8, 5, 9, 4, 7, 11, 9, 3, 2, 4, 1, 7, 139, 31, 102, 45, 77, 124, 51, 0]"""
j20,1,proactive_quantile_0.9,60,True,49,0.1027841567993164,0.0013501644134521484,"[0, 0, 0, 0, 12, 12, 11, 14, 21, 5, 12, 25, 21, 21, 30, 17, 28, 33, 41, 33, 14, 0, 0, 0, 0, 0, 0, 0, 138]","""[0, 6, 11, 6, 4, 3, 1, 4, 10, 6, 9, 4, 3, 7, 10, 5, 1, 3, 6, 2, 6, 139, 31, 102, 45, 77, 124, 51, 0]"""
j20,1,reactive,60,False,inf,inf,inf,null,"[0, 6, 11, 6, 4, 3, 1, 4, 10, 6, 9, 4, 3, 7, 10, 5, 1, 3, 6, 2, 6, 139, 31, 102, 45, 77, 124, 51, 0]"
j20,1,stnu,60,True,42,0.9768986701965332,0.030141115188598633,"[0, 0, 0, 0, 12, 12, 11, 12, 16, 6, 12, 21, 21, 21, 26, 16, 24, 28, 36, 28, 12, 0, 0, 0, 0, 0, 0, 0, 42]","""[0, 6, 11, 6, 4, 3, 1, 4, 10, 6, 9, 4, 3, 7, 10, 5, 1, 3, 6, 2, 6, 139, 31, 102, 45, 77, 124, 51, 0]"""
j20,1,proactive_quantile_0.9,60,False,inf,0.1048898696899414,inf,"[0, 0, 0, 0, 12, 12, 11, 14, 21, 5, 12, 25, 21, 21, 30, 17, 28, 33, 41, 33, 14, 0, 0, 0, 0, 0, 0, 0, 138]","""[0, 2, 6, 11, 2, 1, 2, 8, 7, 4, 7, 9, 6, 9, 8, 6, 1, 4, 6, 4, 3, 139, 31, 102, 45, 77, 124, 51, 0]"""
j20,1,reactive,60,False,inf,inf,inf,null,"[0, 2, 6, 11, 2, 1, 2, 8, 7, 4, 7, 9, 6, 9, 8, 6, 1, 4, 6, 4, 3, 139, 31, 102, 45, 77, 124, 51, 0]"
j20,1,stnu,60,True,39,0.9755055904388428,0.030242919921875,"[0, 0, 0, 0, 11, 11, 6, 8, 16, 2, 11, 19, 18, 18, 25, 13, 24, 28, 33, 28, 8, 0, 0, 0, 0, 0, 0, 0, 39]","""[0, 2, 6, 11, 2, 1, 2, 8, 7, 4, 7, 9, 6, 9, 8, 6, 1, 4, 6, 4, 3, 139, 31, 102, 45, 77, 124, 51, 0]"""
j20,1,proactive_quantile_0.9,60,False,inf,0.0948789119720459,inf,"[0, 0, 0, 0, 12, 12, 11, 14, 21, 5, 12, 25, 21, 21, 30, 17, 28, 33, 41, 33, 14, 0, 0, 0, 0, 0, 0, 0, 138]","""[0, 4, 9, 8, 3, 3, 4, 8, 9, 3, 7, 6, 7, 9, 6, 8, 1, 3, 6, 2, 2, 139, 31, 102, 45, 77, 124, 51, 0]"""
j20,1,reactive,60,False,inf,inf,inf,null,"[0, 4, 9, 8, 3, 3, 4, 8, 9, 3, 7, 6, 7, 9, 6, 8, 1, 3, 6, 2, 2, 139, 31, 102, 45, 77, 124, 51, 0]"
j20,1,stnu,60,True,42,0.9659581184387207,0.03037238121032715,"[0, 0, 0, 0, 9, 9, 9, 13, 21, 4, 9, 20, 21, 21, 30, 12, 28, 30, 36, 30, 13, 0, 0, 0, 0, 0, 0, 0, 42]","""[0, 4, 9, 8, 3, 3, 4, 8, 9, 3, 7, 6, 7, 9, 6, 8, 1, 3, 6, 2, 2, 139, 31, 102, 45, 77, 124, 51, 0]"""
j20,1,proactive_quantile_0.9,60,False,inf,0.09688925743103027,inf,"[0, 0, 0, 0, 12, 12, 6, 9, 12, 3, 6, 16, 9, 15, 18, 13, 15, 21, 23, 21, 9, 0, 0, 0, 0, 0, 0, 0, 138]","""[0, 4, 3, 10, 1, 4, 2, 2, 6, 3, 4, 4, 4, 4, 2, 5, 2, 3, 7, 3, 1, 139, 31, 102, 45, 77, 124, 51, 0]"""
j20,1,reactive,60,False,inf,inf,inf,null,"[0, 4, 3, 10, 1, 4, 2, 2, 6, 3, 4, 4, 4, 4, 2, 5, 2, 3, 7, 3, 1, 139, 31, 102, 45, 77, 124, 51, 0]"
j20,1,stnu,60,True,32,0.9705984592437744,0.03117847442626953,"[0, 0, 0, 0, 12, 12, 7, 9, 12, 4, 7, 18, 11, 16, 18, 13, 16, 22, 25, 22, 11, 0, 0, 0, 0, 0, 0, 0, 32]","""[0, 4, 3, 10, 1, 4, 2, 2, 6, 3, 4, 4, 4, 4, 2, 5, 2, 3, 7, 3, 1, 139, 31, 102, 45, 77, 124, 51, 0]"""
j20,1,proactive_quantile_0.9,60,True,49,0.09472346305847168,0.0012962818145751953,"[0, 0, 0, 0, 12, 12, 11, 14, 21, 5, 12, 25, 21, 21, 30, 17, 28, 33, 41, 33, 14, 0, 0, 0, 0, 0, 0, 0, 138]","""[0, 6, 11, 6, 2, 4, 1, 4, 5, 8, 6, 6, 6, 7, 9, 5, 2, 4, 6, 1, 2, 139, 31, 102, 45, 77, 124, 51, 0]"""
j20,1,reactive,60,False,inf,inf,inf,null,"[0, 6, 11, 6, 2, 4, 1, 4, 5, 8, 6, 6, 6, 7, 9, 5, 2, 4, 6, 1, 2, 139, 31, 102, 45, 77, 124, 51, 0]"
j20,1,stnu,60,True,43,1.030714750289917,0.030439138412475586,"[0, 0, 0, 0, 14, 14, 11, 12, 16, 6, 14, 23, 20, 20, 28, 18, 26, 29, 37, 29, 14, 0, 0, 0, 0, 0, 0, 0, 43]","""[0, 6, 11, 6, 2, 4, 1, 4, 5, 8, 6, 6, 6, 7, 9, 5, 2, 4, 6, 1, 2, 139, 31, 102, 45, 77, 124, 51, 0]"""
j20,1,proactive_quantile_0.9,60,False,inf,0.09503054618835449,inf,"[0, 0, 0, 0, 12, 12, 11, 14, 21, 5, 12, 25, 21, 21, 30, 17, 28, 33, 41, 33, 14, 0, 0, 0, 0, 0, 0, 0, 138]","""[0, 5, 6, 8, 5, 1, 4, 7, 10, 5, 10, 8, 6, 6, 12, 9, 1, 4, 8, 4, 4, 139, 31, 102, 45, 77, 124, 51, 0]"""
j20,1,reactive,60,False,inf,inf,inf,null,"[0, 5, 6, 8, 5, 1, 4, 7, 10, 5, 10, 8, 6, 6, 12, 9, 1, 4, 8, 4, 4, 139, 31, 102, 45, 77, 124, 51, 0]"
j20,1,stnu,60,True,47,0.9424316883087158,0.030360937118530273,"[0, 0, 0, 0, 10, 10, 6, 10, 17, 5, 10, 24, 20, 20, 27, 15, 26, 32, 39, 32, 10, 0, 0, 0, 0, 0, 0, 0, 47]","""[0, 5, 6, 8, 5, 1, 4, 7, 10, 5, 10, 8, 6, 6, 12, 9, 1, 4, 8, 4, 4, 139, 31, 102, 45, 77, 124, 51, 0]"""
j20,1,proactive_quantile_0.9,60,False,inf,0.1026153564453125,inf,"[0, 7, 0, 0, 8, 17, 18, 26, 8, 26, 33, 33, 33, 19, 21, 17, 42, 40, 47, 48, 57, 0, 0, 0, 130]","""[0, 10, 7, 6, 7, 2, 6, 6, 1, 7, 7, 7, 4, 1, 6, 4, 4, 9, 9, 5, 9, 131, 19, 75, 0]"""
j20,1,reactive,60,False,inf,inf,inf,null,"[0, 10, 7, 6, 7, 2, 6, 6, 1, 7, 7, 7, 4, 1, 6, 4, 4, 9, 9, 5, 9, 131, 19, 75, 0]"
j20,1,stnu,60,True,61,1.0758159160614014,0.02555084228515625,"[0, 7, 0, 0, 7, 14, 16, 24, 7, 24, 30, 31, 31, 17, 18, 14, 37, 38, 41, 47, 52, 0, 0, 0, 61]","""[0, 10, 7, 6, 7, 2, 6, 6, 1, 7, 7, 7, 4, 1, 6, 4, 4, 9, 9, 5, 9, 131, 19, 75, 0]"""
j20,1,proactive_quantile_0.9,60,False,inf,0.09972095489501953,inf,"[0, 7, 0, 0, 8, 17, 18, 26, 8, 26, 33, 33, 33, 19, 21, 17, 42, 40, 47, 48, 57, 0, 0, 0, 130]","""[0, 6, 6, 4, 6, 1, 9, 8, 4, 3, 10, 8, 6, 1, 6, 6, 6, 6, 6, 5, 8, 131, 19, 75, 0]"""
j20,1,reactive,60,False,inf,inf,inf,null,"[0, 6, 6, 4, 6, 1, 9, 8, 4, 3, 10, 8, 6, 1, 6, 6, 6, 6, 6, 5, 8, 131, 19, 75, 0]"
j20,1,stnu,60,True,60,1.1092076301574707,0.02523493766784668,"[0, 6, 0, 0, 6, 12, 13, 22, 6, 22, 30, 30, 30, 13, 14, 12, 40, 38, 46, 46, 52, 0, 0, 0, 60]","""[0, 6, 6, 4, 6, 1, 9, 8, 4, 3, 10, 8, 6, 1, 6, 6, 6, 6, 6, 5, 8, 131, 19, 75, 0]"""
j20,1,proactive_quantile_0.9,60,False,inf,0.10133147239685059,inf,"[0, 7, 0, 0, 8, 17, 18, 26, 8, 26, 33, 33, 33, 19, 21, 17, 42, 40, 47, 48, 57, 0, 0, 0, 130]","""[0, 6, 8, 8, 7, 2, 6, 4, 2, 7, 7, 5, 3, 2, 6, 5, 5, 9, 7, 8, 9, 131, 19, 75, 0]"""
j20,1,reactive,60,False,inf,inf,inf,null,"[0, 6, 8, 8, 7, 2, 6, 4, 2, 7, 7, 5, 3, 2, 6, 5, 5, 9, 7, 8, 9, 131, 19, 75, 0]"
j20,1,stnu,60,True,63,0.9519233703613281,0.02554488182067871,"[0, 8, 0, 0, 8, 15, 17, 25, 8, 25, 29, 32, 32, 17, 19, 15, 36, 37, 41, 46, 54, 0, 0, 0, 63]","""[0, 6, 8, 8, 7, 2, 6, 4, 2, 7, 7, 5, 3, 2, 6, 5, 5, 9, 7, 8, 9, 131, 19, 75, 0]"""
j20,1,proactive_quantile_0.9,60,False,inf,0.09790158271789551,inf,"[0, 7, 0, 0, 8, 17, 18, 26, 8, 26, 33, 33, 33, 19, 21, 17, 42, 40, 47, 48, 57, 0, 0, 0, 130]","""[0, 13, 4, 5, 10, 1, 7, 8, 2, 4, 10, 7, 2, 3, 4, 4, 5, 5, 9, 7, 4, 131, 19, 75, 0]"""
j20,1,reactive,60,False,inf,inf,inf,null,"[0, 13, 4, 5, 10, 1, 7, 8, 2, 4, 10, 7, 2, 3, 4, 4, 5, 5, 9, 7, 4, 131, 19, 75, 0]"
j20,1,stnu,60,True,60,0.9513890743255615,0.025513172149658203,"[0, 4, 0, 0, 5, 15, 16, 24, 5, 24, 32, 32, 32, 17, 20, 15, 42, 39, 47, 47, 56, 0, 0, 0, 60]","""[0, 13, 4, 5, 10, 1, 7, 8, 2, 4, 10, 7, 2, 3, 4, 4, 5, 5, 9, 7, 4, 131, 19, 75, 0]"""
j20,1,proactive_quantile_0.9,60,False,inf,0.09960317611694336,inf,"[0, 7, 0, 0, 8, 17, 18, 26, 8, 26, 33, 33, 33, 19, 21, 17, 42, 40, 47, 48, 57, 0, 0, 0, 130]","""[0, 6, 8, 4, 5, 1, 8, 3, 1, 5, 6, 5, 4, 2, 5, 3, 2, 5, 5, 10, 8, 131, 19, 75, 0]"""
j20,1,reactive,60,False,inf,inf,inf,null,"[0, 6, 8, 4, 5, 1, 8, 3, 1, 5, 6, 5, 4, 2, 5, 3, 2, 5, 5, 10, 8, 131, 19, 75, 0]"
j20,1,stnu,60,True,55,0.968975305557251,0.025437116622924805,"[0, 8, 0, 0, 8, 13, 14, 22, 8, 22, 25, 27, 27, 14, 16, 13, 31, 32, 33, 37, 47, 0, 0, 0, 55]","""[0, 6, 8, 4, 5, 1, 8, 3, 1, 5, 6, 5, 4, 2, 5, 3, 2, 5, 5, 10, 8, 131, 19, 75, 0]"""
j20,1,proactive_quantile_0.9,60,True,65,0.10532951354980469,0.0007224082946777344,"[0, 7, 0, 0, 8, 17, 18, 26, 8, 26, 33, 33, 33, 19, 21, 17, 42, 40, 47, 48, 57, 0, 0, 0, 130]","""[0, 11, 4, 4, 9, 1, 6, 4, 2, 5, 9, 8, 4, 3, 2, 2, 4, 5, 9, 9, 6, 131, 19, 75, 0]"""
j20,1,reactive,60,False,inf,inf,inf,null,"[0, 11, 4, 4, 9, 1, 6, 4, 2, 5, 9, 8, 4, 3, 2, 2, 4, 5, 9, 9, 6, 131, 19, 75, 0]"
j20,1,stnu,60,True,53,0.9930648803710938,0.0261993408203125,"[0, 4, 0, 0, 4, 13, 14, 20, 4, 20, 24, 25, 25, 15, 18, 13, 33, 33, 37, 38, 47, 0, 0, 0, 53]","""[0, 11, 4, 4, 9, 1, 6, 4, 2, 5, 9, 8, 4, 3, 2, 2, 4, 5, 9, 9, 6, 131, 19, 75, 0]"""
j20,1,proactive_quantile_0.9,60,False,inf,0.09647393226623535,inf,"[0, 7, 0, 0, 8, 17, 18, 26, 8, 26, 33, 33, 33, 19, 21, 17, 42, 40, 47, 48, 57, 0, 0, 0, 130]","""[0, 9, 4, 5, 8, 1, 4, 5, 4, 8, 10, 8, 7, 2, 5, 2, 3, 9, 9, 6, 6, 131, 19, 75, 0]"""
j20,1,reactive,60,False,inf,inf,inf,null,"[0, 9, 4, 5, 8, 1, 4, 5, 4, 8, 10, 8, 7, 2, 5, 2, 3, 9, 9, 6, 6, 131, 19, 75, 0]"
j20,1,stnu,60,True,58,0.9851207733154297,0.025547266006469727,"[0, 4, 0, 0, 5, 13, 14, 21, 5, 21, 26, 29, 29, 14, 16, 13, 36, 37, 39, 46, 52, 0, 0, 0, 58]","""[0, 9, 4, 5, 8, 1, 4, 5, 4, 8, 10, 8, 7, 2, 5, 2, 3, 9, 9, 6, 6, 131, 19, 75, 0]"""
j20,1,proactive_quantile_0.9,60,False,inf,0.10739636421203613,inf,"[0, 7, 0, 0, 8, 17, 18, 26, 8, 26, 33, 33, 33, 19, 21, 17, 42, 40, 47, 48, 57, 0, 0, 0, 130]","""[0, 10, 7, 9, 9, 2, 8, 3, 4, 3, 5, 4, 4, 3, 3, 2, 6, 8, 9, 10, 9, 131, 19, 75, 0]"""
j20,1,reactive,60,False,inf,inf,inf,null,"[0, 10, 7, 9, 9, 2, 8, 3, 4, 3, 5, 4, 4, 3, 3, 2, 6, 8, 9, 10, 9, 131, 19, 75, 0]"
j20,1,stnu,60,True,62,0.9757509231567383,0.02558732032775879,"[0, 7, 0, 0, 9, 18, 20, 28, 9, 28, 31, 31, 31, 20, 23, 18, 36, 35, 42, 43, 53, 0, 0, 0, 62]","""[0, 10, 7, 9, 9, 2, 8, 3, 4, 3, 5, 4, 4, 3, 3, 2, 6, 8, 9, 10, 9, 131, 19, 75, 0]"""
j20,1,proactive_quantile_0.9,60,False,inf,0.10645365715026855,inf,"[0, 7, 0, 0, 8, 17, 18, 26, 8, 26, 33, 33, 33, 19, 21, 17, 42, 40, 47, 48, 57, 0, 0, 0, 130]","""[0, 6, 6, 4, 10, 1, 7, 7, 2, 5, 8, 5, 4, 3, 2, 5, 6, 6, 8, 8, 9, 131, 19, 75, 0]"""
j20,1,reactive,60,False,inf,inf,inf,null,"[0, 6, 6, 4, 10, 1, 7, 7, 2, 5, 8, 5, 4, 3, 2, 5, 6, 6, 8, 8, 9, 131, 19, 75, 0]"
j20,1,stnu,60,True,62,1.0009775161743164,0.025532007217407227,"[0, 6, 0, 0, 6, 16, 17, 24, 6, 24, 31, 31, 31, 17, 20, 16, 39, 36, 45, 45, 53, 0, 0, 0, 62]","""[0, 6, 6, 4, 10, 1, 7, 7, 2, 5, 8, 5, 4, 3, 2, 5, 6, 6, 8, 8, 9, 131, 19, 75, 0]"""
j20,1,proactive_quantile_0.9,60,False,inf,0.0990591049194336,inf,"[0, 7, 0, 0, 8, 17, 18, 26, 8, 26, 33, 33, 33, 19, 21, 17, 42, 40, 47, 48, 57, 0, 0, 0, 130]","""[0, 13, 5, 5, 10, 2, 7, 5, 4, 6, 6, 7, 7, 2, 5, 2, 2, 6, 10, 8, 4, 131, 19, 75, 0]"""
j20,1,reactive,60,False,inf,inf,inf,null,"[0, 13, 5, 5, 10, 2, 7, 5, 4, 6, 6, 7, 7, 2, 5, 2, 2, 6, 10, 8, 4, 131, 19, 75, 0]"
j20,1,stnu,60,True,56,1.0058181285858154,0.025578737258911133,"[0, 5, 0, 0, 5, 15, 17, 25, 5, 25, 30, 31, 31, 18, 20, 15, 38, 38, 40, 44, 52, 0, 0, 0, 56]","""[0, 13, 5, 5, 10, 2, 7, 5, 4, 6, 6, 7, 7, 2, 5, 2, 2, 6, 10, 8, 4, 131, 19, 75, 0]"""
j20,1,proactive_quantile_0.9,60,False,inf,0.09646821022033691,inf,"[0, 0, 0, 0, 12, 11, 2, 8, 9, 15, 15, 21, 2, 26, 10, 22, 27, 17, 26, 29, 29, 0, 0, 88]","""[0, 6, 9, 2, 4, 5, 3, 1, 4, 6, 3, 4, 3, 1, 3, 2, 1, 10, 3, 7, 2, 89, 82, 0]"""
j20,1,reactive,60,False,inf,inf,inf,null,"[0, 6, 9, 2, 4, 5, 3, 1, 4, 6, 3, 4, 3, 1, 3, 2, 1, 10, 3, 7, 2, 89, 82, 0]"
j20,1,stnu,60,True,33,1.1081862449645996,0.022431373596191406,"[0, 0, 0, 0, 10, 9, 2, 6, 6, 14, 14, 17, 2, 24, 7, 20, 25, 14, 24, 26, 26, 0, 0, 33]","""[0, 6, 9, 2, 4, 5, 3, 1, 4, 6, 3, 4, 3, 1, 3, 2, 1, 10, 3, 7, 2, 89, 82, 0]"""
j20,1,proactive_quantile_0.9,60,False,inf,0.09429812431335449,inf,"[0, 0, 0, 0, 12, 11, 2, 8, 9, 15, 15, 21, 2, 26, 10, 22, 27, 17, 26, 29, 29, 0, 0, 88]","""[0, 6, 6, 1, 3, 4, 3, 3, 7, 3, 5, 8, 7, 2, 2, 1, 1, 10, 6, 4, 2, 89, 82, 0]"""
j20,1,reactive,60,False,inf,inf,inf,null,"[0, 6, 6, 1, 3, 4, 3, 3, 7, 3, 5, 8, 7, 2, 2, 1, 1, 10, 6, 4, 2, 89, 82, 0]"
j20,1,stnu,60,True,33,1.1626007556915283,0.022679567337036133,"[0, 0, 0, 0, 13, 6, 1, 8, 8, 16, 16, 21, 1, 26, 11, 21, 28, 16, 26, 29, 29, 0, 0, 33]","""[0, 6, 6, 1, 3, 4, 3, 3, 7, 3, 5, 8, 7, 2, 2, 1, 1, 10, 6, 4, 2, 89, 82, 0]"""
j20,1,proactive_quantile_0.9,60,False,inf,0.09771060943603516,inf,"[0, 0, 0, 0, 12, 11, 2, 8, 9, 15, 15, 21, 2, 26, 10, 22, 27, 17, 26, 29, 29, 0, 0, 88]","""[0, 8, 11, 2, 3, 5, 7, 2, 6, 3, 3, 7, 3, 1, 3, 1, 2, 5, 7, 5, 4, 89, 82, 0]"""
j20,1,reactive,60,False,inf,inf,inf,null,"[0, 8, 11, 2, 3, 5, 7, 2, 6, 3, 3, 7, 3, 1, 3, 1, 2, 5, 7, 5, 4, 89, 82, 0]"
j20,1,stnu,60,True,31,0.9784669876098633,0.022789716720581055,"[0, 0, 0, 0, 13, 11, 2, 8, 9, 16, 16, 19, 2, 21, 10, 19, 22, 16, 21, 26, 26, 0, 0, 31]","""[0, 8, 11, 2, 3, 5, 7, 2, 6, 3, 3, 7, 3, 1, 3, 1, 2, 5, 7, 5, 4, 89, 82, 0]"""
j20,1,proactive_quantile_0.9,60,False,inf,0.09776878356933594,inf,"[0, 0, 0, 0, 12, 11, 2, 8, 9, 15, 15, 21, 2, 26, 10, 22, 27, 17, 26, 29, 29, 0, 0, 88]","""[0, 7, 8, 1, 3, 7, 3, 1, 7, 4, 5, 3, 6, 1, 3, 1, 2, 10, 5, 4, 4, 89, 82, 0]"""
j20,1,reactive,60,False,inf,inf,inf,null,"[0, 7, 8, 1, 3, 7, 3, 1, 7, 4, 5, 3, 6, 1, 3, 1, 2, 10, 5, 4, 4, 89, 82, 0]"
j20,1,stnu,60,True,32,1.0407884120941162,0.022467374801635742,"[0, 0, 0, 0, 11, 8, 1, 7, 7, 14, 14, 19, 1, 25, 8, 19, 26, 15, 25, 28, 28, 0, 0, 32]","""[0, 7, 8, 1, 3, 7, 3, 1, 7, 4, 5, 3, 6, 1, 3, 1, 2, 10, 5, 4, 4, 89, 82, 0]"""
j20,1,proactive_quantile_0.9,60,False,inf,0.09601235389709473,inf,"[0, 0, 0, 0, 12, 11, 2, 8, 9, 15, 15, 21, 2, 26, 10, 22, 27, 17, 26, 29, 29, 0, 0, 88]","""[0, 8, 8, 2, 1, 2, 4, 1, 6, 5, 6, 6, 3, 2, 3, 1, 1, 6, 7, 5, 2, 89, 82, 0]"""
j20,1,reactive,60,False,inf,inf,inf,null,"[0, 8, 8, 2, 1, 2, 4, 1, 6, 5, 6, 6, 3, 2, 3, 1, 1, 6, 7, 5, 2, 89, 82, 0]"
j20,1,stnu,60,True,31,1.0269861221313477,0.022626876831054688,"[0, 0, 0, 0, 12, 8, 2, 8, 8, 14, 14, 20, 2, 21, 9, 20, 23, 14, 21, 26, 26, 0, 0, 31]","""[0, 8, 8, 2, 1, 2, 4, 1, 6, 5, 6, 6, 3, 2, 3, 1, 1, 6, 7, 5, 2, 89, 82, 0]"""
j20,1,proactive_quantile_0.9,60,False,inf,0.09524941444396973,inf,"[0, 0, 0, 0, 12, 11, 2, 8, 9, 15, 15, 21, 2, 26, 10, 22, 27, 17, 26, 29, 29, 0, 0, 88]","""[0, 4, 9, 2, 1, 5, 6, 2, 2, 3, 7, 8, 3, 1, 2, 2, 1, 7, 5, 6, 4, 89, 82, 0]"""
j20,1,reactive,60,False,inf,inf,inf,null,"[0, 4, 9, 2, 1, 5, 6, 2, 2, 3, 7, 8, 3, 1, 2, 2, 1, 7, 5, 6, 4, 89, 82, 0]"
j20,1,stnu,60,True,32,0.9938969612121582,0.022418737411499023,"[0, 0, 0, 0, 10, 9, 2, 5, 8, 11, 11, 18, 2, 21, 8, 18, 22, 14, 21, 26, 26, 0, 0, 32]","""[0, 4, 9, 2, 1, 5, 6, 2, 2, 3, 7, 8, 3, 1, 2, 2, 1, 7, 5, 6, 4, 89, 82, 0]"""
j20,1,proactive_quantile_0.9,60,False,inf,0.09574770927429199,inf,"[0, 0, 0, 0, 12, 11, 2, 8, 9, 15, 15, 21, 2, 26, 10, 22, 27, 17, 26, 29, 29, 0, 0, 88]","""[0, 7, 11, 1, 4, 6, 7, 1, 2, 8, 3, 3, 6, 1, 2, 2, 2, 5, 7, 3, 2, 89, 82, 0]"""
j20,1,reactive,60,False,inf,inf,inf,null,"[0, 7, 11, 1, 4, 6, 7, 1, 2, 8, 3, 3, 6, 1, 2, 2, 2, 5, 7, 3, 2, 89, 82, 0]"
j20,1,stnu,60,True,32,1.13499116897583,0.022525310516357422,"[0, 0, 0, 0, 11, 11, 1, 7, 8, 15, 15, 18, 1, 25, 8, 23, 26, 17, 25, 28, 28, 0, 0, 32]","""[0, 7, 11, 1, 4, 6, 7, 1, 2, 8, 3, 3, 6, 1, 2, 2, 2, 5, 7, 3, 2, 89, 82, 0]"""
j20,1,proactive_quantile_0.9,60,False,inf,0.09776639938354492,inf,"[0, 0, 0, 0, 12, 11, 2, 8, 9, 15, 15, 21, 2, 26, 10, 22, 27, 17, 26, 29, 29, 0, 0, 88]","""[0, 4, 8, 3, 2, 5, 6, 2, 6, 5, 6, 7, 7, 1, 1, 1, 3, 8, 4, 4, 2, 89, 82, 0]"""
j20,1,reactive,60,False,inf,inf,inf,null,"[0, 4, 8, 3, 2, 5, 6, 2, 6, 5, 6, 7, 7, 1, 1, 1, 3, 8, 4, 4, 2, 89, 82, 0]"
j20,1,stnu,60,True,33,1.1539416313171387,0.022457361221313477,"[0, 0, 0, 0, 13, 8, 3, 10, 10, 16, 16, 22, 3, 24, 12, 22, 25, 16, 24, 29, 29, 0, 0, 33]","""[0, 4, 8, 3, 2, 5, 6, 2, 6, 5, 6, 7, 7, 1, 1, 1, 3, 8, 4, 4, 2, 89, 82, 0]"""
j20,1,proactive_quantile_0.9,60,False,inf,0.10346579551696777,inf,"[0, 0, 0, 0, 12, 11, 2, 8, 9, 15, 15, 21, 2, 26, 10, 22, 27, 17, 26, 29, 29, 0, 0, 88]","""[0, 8, 6, 2, 1, 6, 8, 3, 7, 4, 4, 7, 4, 1, 3, 2, 3, 7, 7, 2, 3, 89, 82, 0]"""
j20,1,reactive,60,False,inf,inf,inf,null,"[0, 8, 6, 2, 1, 6, 8, 3, 7, 4, 4, 7, 4, 1, 3, 2, 3, 7, 7, 2, 3, 89, 82, 0]"
j20,1,stnu,60,True,31,0.9957461357116699,0.02274775505065918,"[0, 0, 0, 0, 14, 6, 2, 8, 10, 17, 17, 21, 2, 24, 11, 21, 25, 17, 24, 28, 28, 0, 0, 31]","""[0, 8, 6, 2, 1, 6, 8, 3, 7, 4, 4, 7, 4, 1, 3, 2, 3, 7, 7, 2, 3, 89, 82, 0]"""
j20,1,proactive_quantile_0.9,60,False,inf,0.09309673309326172,inf,"[0, 0, 0, 0, 12, 11, 2, 8, 9, 15, 15, 21, 2, 26, 10, 22, 27, 17, 26, 29, 29, 0, 0, 88]","""[0, 7, 10, 3, 3, 3, 4, 1, 7, 3, 4, 7, 6, 1, 3, 2, 2, 9, 4, 5, 2, 89, 82, 0]"""
j20,1,reactive,60,False,inf,inf,inf,null,"[0, 7, 10, 3, 3, 3, 4, 1, 7, 3, 4, 7, 6, 1, 3, 2, 2, 9, 4, 5, 2, 89, 82, 0]"
j20,1,stnu,60,True,33,0.9927842617034912,0.022635459899902344,"[0, 0, 0, 0, 13, 10, 3, 9, 9, 16, 16, 20, 3, 25, 10, 20, 26, 16, 25, 28, 28, 0, 0, 33]","""[0, 7, 10, 3, 3, 3, 4, 1, 7, 3, 4, 7, 6, 1, 3, 2, 2, 9, 4, 5, 2, 89, 82, 0]"""
j20,1,proactive_quantile_0.9,60,False,inf,0.1053152084350586,inf,"[0, 0, 0, 0, 8, 7, 14, 14, 14, 22, 25, 28, 25, 14, 34, 25, 42, 28, 42, 49, 36, 0, 0, 0, 0, 161]","""[0, 8, 5, 5, 4, 3, 7, 7, 9, 5, 4, 6, 4, 8, 8, 5, 8, 1, 5, 9, 4, 34, 114, 67, 162, 0]"""
j20,1,reactive,60,False,inf,inf,inf,null,"[0, 8, 5, 5, 4, 3, 7, 7, 9, 5, 4, 6, 4, 8, 8, 5, 8, 1, 5, 9, 4, 34, 114, 67, 162, 0]"
j20,1,stnu,60,True,53,1.1491336822509766,0.026529788970947266,"[0, 0, 0, 0, 8, 8, 12, 12, 12, 21, 21, 26, 21, 12, 27, 21, 36, 26, 36, 44, 32, 0, 0, 0, 0, 53]","""[0, 8, 5, 5, 4, 3, 7, 7, 9, 5, 4, 6, 4, 8, 8, 5, 8, 1, 5, 9, 4, 34, 114, 67, 162, 0]"""
j20,1,proactive_quantile_0.9,60,False,inf,0.10583710670471191,inf,"[0, 0, 0, 0, 8, 7, 14, 14, 14, 22, 25, 28, 25, 14, 34, 25, 42, 28, 42, 49, 36, 0, 0, 0, 0, 161]","""[0, 7, 4, 7, 2, 8, 7, 4, 8, 3, 4, 6, 1, 10, 9, 7, 5, 2, 4, 7, 5, 34, 114, 67, 162, 0]"""
j20,1,reactive,60,False,inf,inf,inf,null,"[0, 7, 4, 7, 2, 8, 7, 4, 8, 3, 4, 6, 1, 10, 9, 7, 5, 2, 4, 7, 5, 34, 114, 67, 162, 0]"
j20,1,stnu,60,True,53,1.196854829788208,0.026790857315063477,"[0, 0, 0, 0, 7, 7, 15, 15, 15, 23, 23, 27, 25, 15, 32, 25, 41, 27, 41, 46, 33, 0, 0, 0, 0, 53]","""[0, 7, 4, 7, 2, 8, 7, 4, 8, 3, 4, 6, 1, 10, 9, 7, 5, 2, 4, 7, 5, 34, 114, 67, 162, 0]"""
j20,1,proactive_quantile_0.9,60,False,inf,0.0972757339477539,inf,"[0, 0, 0, 0, 8, 7, 14, 14, 14, 22, 25, 28, 25, 14, 34, 25, 42, 28, 42, 49, 36, 0, 0, 0, 0, 161]","""[0, 7, 4, 3, 2, 5, 6, 7, 8, 6, 4, 4, 2, 8, 9, 5, 6, 2, 4, 9, 4, 34, 114, 67, 162, 0]"""
j20,1,reactive,60,False,inf,inf,inf,null,"[0, 7, 4, 3, 2, 5, 6, 7, 8, 6, 4, 4, 2, 8, 9, 5, 6, 2, 4, 9, 4, 34, 114, 67, 162, 0]"
j20,1,stnu,60,True,52,1.2129437923431396,0.026447057723999023,"[0, 0, 0, 0, 7, 7, 12, 12, 12, 20, 20, 26, 20, 12, 28, 20, 37, 26, 37, 43, 30, 0, 0, 0, 0, 52]","""[0, 7, 4, 3, 2, 5, 6, 7, 8, 6, 4, 4, 2, 8, 9, 5, 6, 2, 4, 9, 4, 34, 114, 67, 162, 0]"""
j20,1,proactive_quantile_0.9,60,False,inf,0.300140380859375,inf,"[0, 0, 0, 0, 8, 7, 14, 14, 14, 22, 25, 28, 25, 14, 34, 25, 42, 28, 42, 49, 36, 0, 0, 0, 0, 161]","""[0, 4, 6, 5, 7, 8, 7, 6, 8, 2, 4, 6, 2, 8, 5, 5, 7, 2, 7, 8, 6, 34, 114, 67, 162, 0]"""
j20,1,reactive,60,False,inf,inf,inf,null,"[0, 4, 6, 5, 7, 8, 7, 6, 8, 2, 4, 6, 2, 8, 5, 5, 7, 2, 7, 8, 6, 34, 114, 67, 162, 0]"
j20,1,stnu,60,True,52,1.0105514526367188,0.026526927947998047,"[0, 0, 0, 0, 6, 5, 13, 13, 13, 21, 21, 25, 21, 13, 27, 21, 37, 25, 37, 44, 31, 0, 0, 0, 0, 52]","""[0, 4, 6, 5, 7, 8, 7, 6, 8, 2, 4, 6, 2, 8, 5, 5, 7, 2, 7, 8, 6, 34, 114, 67, 162, 0]"""
j20,1,proactive_quantile_0.9,60,False,inf,0.09961152076721191,inf,"[0, 0, 0, 0, 8, 7, 14, 14, 14, 22, 25, 28, 25, 14, 34, 25, 42, 28, 42, 49, 36, 0, 0, 0, 0, 161]","""[0, 6, 7, 7, 4, 8, 7, 6, 5, 6, 3, 5, 2, 8, 7, 10, 8, 1, 5, 7, 6, 34, 114, 67, 162, 0]"""
j20,1,reactive,60,False,inf,inf,inf,null,"[0, 6, 7, 7, 4, 8, 7, 6, 5, 6, 3, 5, 2, 8, 7, 10, 8, 1, 5, 7, 6, 34, 114, 67, 162, 0]"
j20,1,stnu,60,True,55,1.019789695739746,0.026573657989501953,"[0, 0, 0, 0, 7, 7, 15, 15, 15, 21, 22, 27, 23, 15, 33, 23, 40, 27, 40, 48, 33, 0, 0, 0, 0, 55]","""[0, 6, 7, 7, 4, 8, 7, 6, 5, 6, 3, 5, 2, 8, 7, 10, 8, 1, 5, 7, 6, 34, 114, 67, 162, 0]"""
j20,1,proactive_quantile_0.9,60,False,inf,0.1072852611541748,inf,"[0, 0, 0, 0, 8, 7, 14, 14, 14, 22, 25, 28, 25, 14, 34, 25, 42, 28, 42, 49, 36, 0, 0, 0, 0, 161]","""[0, 3, 8, 4, 4, 6, 11, 4, 4, 4, 4, 7, 2, 8, 6, 9, 3, 3, 9, 9, 4, 34, 114, 67, 162, 0]"""
j20,1,reactive,60,False,inf,inf,inf,null,"[0, 3, 8, 4, 4, 6, 11, 4, 4, 4, 4, 7, 2, 8, 6, 9, 3, 3, 9, 9, 4, 34, 114, 67, 162, 0]"
j20,1,stnu,60,True,50,0.9999730587005615,0.02661728858947754,"[0, 0, 0, 0, 8, 4, 12, 12, 12, 16, 23, 27, 23, 12, 32, 23, 38, 27, 38, 41, 34, 0, 0, 0, 0, 50]","""[0, 3, 8, 4, 4, 6, 11, 4, 4, 4, 4, 7, 2, 8, 6, 9, 3, 3, 9, 9, 4, 34, 114, 67, 162, 0]"""
j20,1,proactive_quantile_0.9,60,False,inf,0.10060334205627441,inf,"[0, 0, 0, 0, 8, 7, 14, 14, 14, 22, 25, 28, 25, 14, 34, 25, 42, 28, 42, 49, 36, 0, 0, 0, 0, 161]","""[0, 7, 6, 8, 4, 8, 9, 8, 9, 3, 2, 6, 2, 9, 6, 8, 8, 3, 6, 8, 3, 34, 114, 67, 162, 0]"""
j20,1,reactive,60,False,inf,inf,inf,null,"[0, 7, 6, 8, 4, 8, 9, 8, 9, 3, 2, 6, 2, 9, 6, 8, 8, 3, 6, 8, 3, 34, 114, 67, 162, 0]"
j20,1,stnu,60,True,55,0.9907913208007812,0.026478052139282227,"[0, 0, 0, 0, 8, 8, 16, 16, 16, 25, 25, 28, 25, 16, 33, 25, 39, 28, 39, 47, 34, 0, 0, 0, 0, 55]","""[0, 7, 6, 8, 4, 8, 9, 8, 9, 3, 2, 6, 2, 9, 6, 8, 8, 3, 6, 8, 3, 34, 114, 67, 162, 0]"""
j20,1,proactive_quantile_0.9,60,True,58,0.10728907585144043,0.0010001659393310547,"[0, 0, 0, 0, 8, 7, 14, 14, 14, 22, 25, 28, 25, 14, 34, 25, 42, 28, 42, 49, 36, 0, 0, 0, 0, 161]","""[0, 5, 8, 3, 2, 8, 9, 8, 8, 4, 2, 7, 3, 6, 7, 5, 3, 3, 7, 5, 6, 34, 114, 67, 162, 0]"""
j20,1,reactive,60,False,inf,inf,inf,null,"[0, 5, 8, 3, 2, 8, 9, 8, 8, 4, 2, 7, 3, 6, 7, 5, 3, 3, 7, 5, 6, 34, 114, 67, 162, 0]"
j20,1,stnu,60,True,46,0.987156867980957,0.026497364044189453,"[0, 0, 0, 0, 8, 5, 13, 13, 13, 21, 22, 25, 22, 13, 28, 22, 38, 25, 38, 41, 32, 0, 0, 0, 0, 46]","""[0, 5, 8, 3, 2, 8, 9, 8, 8, 4, 2, 7, 3, 6, 7, 5, 3, 3, 7, 5, 6, 34, 114, 67, 162, 0]"""
j20,1,proactive_quantile_0.9,60,False,inf,0.09729623794555664,inf,"[0, 0, 0, 0, 8, 7, 14, 14, 14, 22, 25, 28, 25, 14, 34, 25, 42, 28, 42, 49, 36, 0, 0, 0, 0, 161]","""[0, 4, 4, 6, 3, 3, 9, 4, 7, 3, 3, 7, 2, 6, 4, 7, 8, 2, 6, 9, 5, 34, 114, 67, 162, 0]"""
j20,1,reactive,60,False,inf,inf,inf,null,"[0, 4, 4, 6, 3, 3, 9, 4, 7, 3, 3, 7, 2, 6, 4, 7, 8, 2, 6, 9, 5, 34, 114, 67, 162, 0]"
j20,1,stnu,60,True,50,0.9619941711425781,0.026587724685668945,"[0, 0, 0, 0, 6, 6, 9, 9, 9, 16, 18, 21, 18, 9, 25, 18, 33, 21, 33, 41, 28, 0, 0, 0, 0, 50]","""[0, 4, 4, 6, 3, 3, 9, 4, 7, 3, 3, 7, 2, 6, 4, 7, 8, 2, 6, 9, 5, 34, 114, 67, 162, 0]"""
j20,1,proactive_quantile_0.9,60,False,inf,0.09531116485595703,inf,"[0, 0, 0, 0, 8, 7, 14, 14, 14, 22, 25, 28, 25, 14, 34, 25, 42, 28, 42, 49, 36, 0, 0, 0, 0, 161]","""[0, 7, 4, 6, 3, 3, 6, 4, 8, 3, 4, 8, 4, 7, 4, 5, 4, 2, 8, 10, 2, 34, 114, 67, 162, 0]"""
j20,1,reactive,60,False,inf,inf,inf,null,"[0, 7, 4, 6, 3, 3, 6, 4, 8, 3, 4, 8, 4, 7, 4, 5, 4, 2, 8, 10, 2, 34, 114, 67, 162, 0]"
j20,1,stnu,60,True,46,1.0510807037353516,0.026600360870361328,"[0, 0, 0, 0, 7, 7, 10, 10, 10, 18, 18, 22, 18, 10, 24, 18, 32, 22, 32, 36, 30, 0, 0, 0, 0, 46]","""[0, 7, 4, 6, 3, 3, 6, 4, 8, 3, 4, 8, 4, 7, 4, 5, 4, 2, 8, 10, 2, 34, 114, 67, 162, 0]"""
j20,1,proactive_quantile_0.9,60,True,42,0.10313606262207031,0.0032885074615478516,"[0, 0, 0, 0, 2, 7, 7, 12, 2, 13, 8, 12, 19, 13, 22, 20, 29, 29, 15, 36, 36, 0, 0, 0, 0, 0, 0, 0, 0, 0, 0, 0, 0, 0, 0, 0, 0, 0, 0, 0, 0, 167]","""[0, 1, 9, 2, 4, 5, 4, 9, 3, 3, 5, 5, 1, 6, 8, 8, 3, 3, 9, 5, 5, 71, 113, 22, 71, 161, 168, 100, 159, 126, 90, 26, 78, 23, 150, 122, 124, 78, 25, 55, 45, 0]"""
j20,1,reactive,60,False,inf,inf,inf,null,"[0, 1, 9, 2, 4, 5, 4, 9, 3, 3, 5, 5, 1, 6, 8, 8, 3, 3, 9, 5, 5, 71, 113, 22, 71, 161, 168, 100, 159, 126, 90, 26, 78, 23, 150, 122, 124, 78, 25, 55, 45, 0]"
j20,1,stnu,60,False,inf,1.0083489418029785,inf,[],"""[0, 1, 9, 2, 4, 5, 4, 9, 3, 3, 5, 5, 1, 6, 8, 8, 3, 3, 9, 5, 5, 71, 113, 22, 71, 161, 168, 100, 159, 126, 90, 26, 78, 23, 150, 122, 124, 78, 25, 55, 45, 0]"""
j20,1,proactive_quantile_0.9,60,True,42,0.1053934097290039,0.0033164024353027344,"[0, 0, 0, 0, 2, 7, 7, 12, 2, 13, 8, 12, 19, 13, 22, 20, 29, 29, 15, 36, 36, 0, 0, 0, 0, 0, 0, 0, 0, 0, 0, 0, 0, 0, 0, 0, 0, 0, 0, 0, 0, 167]","""[0, 1, 7, 3, 4, 2, 6, 5, 3, 7, 6, 5, 3, 4, 10, 8, 2, 7, 9, 3, 6, 71, 113, 22, 71, 161, 168, 100, 159, 126, 90, 26, 78, 23, 150, 122, 124, 78, 25, 55, 45, 0]"""
j20,1,reactive,60,False,inf,inf,inf,null,"[0, 1, 7, 3, 4, 2, 6, 5, 3, 7, 6, 5, 3, 4, 10, 8, 2, 7, 9, 3, 6, 71, 113, 22, 71, 161, 168, 100, 159, 126, 90, 26, 78, 23, 150, 122, 124, 78, 25, 55, 45, 0]"
j20,1,stnu,60,False,inf,0.9800419807434082,inf,[],"""[0, 1, 7, 3, 4, 2, 6, 5, 3, 7, 6, 5, 3, 4, 10, 8, 2, 7, 9, 3, 6, 71, 113, 22, 71, 161, 168, 100, 159, 126, 90, 26, 78, 23, 150, 122, 124, 78, 25, 55, 45, 0]"""
j20,1,proactive_quantile_0.9,60,True,42,0.10187673568725586,0.0031833648681640625,"[0, 0, 0, 0, 2, 7, 7, 12, 2, 13, 8, 12, 19, 13, 22, 20, 29, 29, 15, 36, 36, 0, 0, 0, 0, 0, 0, 0, 0, 0, 0, 0, 0, 0, 0, 0, 0, 0, 0, 0, 0, 167]","""[0, 3, 4, 1, 5, 2, 2, 4, 1, 5, 3, 3, 2, 5, 10, 7, 1, 4, 9, 6, 3, 71, 113, 22, 71, 161, 168, 100, 159, 126, 90, 26, 78, 23, 150, 122, 124, 78, 25, 55, 45, 0]"""
j20,1,reactive,60,False,inf,inf,inf,null,"[0, 3, 4, 1, 5, 2, 2, 4, 1, 5, 3, 3, 2, 5, 10, 7, 1, 4, 9, 6, 3, 71, 113, 22, 71, 161, 168, 100, 159, 126, 90, 26, 78, 23, 150, 122, 124, 78, 25, 55, 45, 0]"
j20,1,stnu,60,False,inf,0.9583213329315186,inf,[],"""[0, 3, 4, 1, 5, 2, 2, 4, 1, 5, 3, 3, 2, 5, 10, 7, 1, 4, 9, 6, 3, 71, 113, 22, 71, 161, 168, 100, 159, 126, 90, 26, 78, 23, 150, 122, 124, 78, 25, 55, 45, 0]"""
j20,1,proactive_quantile_0.9,60,True,42,0.16154909133911133,0.0033550262451171875,"[0, 0, 0, 0, 2, 7, 7, 12, 2, 13, 8, 12, 19, 13, 22, 20, 29, 29, 15, 36, 36, 0, 0, 0, 0, 0, 0, 0, 0, 0, 0, 0, 0, 0, 0, 0, 0, 0, 0, 0, 0, 167]","""[0, 1, 4, 3, 3, 3, 4, 5, 1, 4, 6, 7, 3, 7, 12, 10, 4, 8, 6, 2, 3, 71, 113, 22, 71, 161, 168, 100, 159, 126, 90, 26, 78, 23, 150, 122, 124, 78, 25, 55, 45, 0]"""
j20,1,reactive,60,False,inf,inf,inf,null,"[0, 1, 4, 3, 3, 3, 4, 5, 1, 4, 6, 7, 3, 7, 12, 10, 4, 8, 6, 2, 3, 71, 113, 22, 71, 161, 168, 100, 159, 126, 90, 26, 78, 23, 150, 122, 124, 78, 25, 55, 45, 0]"
j20,1,stnu,60,False,inf,1.0910236835479736,inf,[],"""[0, 1, 4, 3, 3, 3, 4, 5, 1, 4, 6, 7, 3, 7, 12, 10, 4, 8, 6, 2, 3, 71, 113, 22, 71, 161, 168, 100, 159, 126, 90, 26, 78, 23, 150, 122, 124, 78, 25, 55, 45, 0]"""
j20,1,proactive_quantile_0.9,60,False,inf,0.15624427795410156,inf,"[0, 0, 0, 0, 2, 7, 7, 12, 2, 13, 8, 12, 19, 13, 22, 20, 29, 29, 15, 36, 36, 0, 0, 0, 0, 0, 0, 0, 0, 0, 0, 0, 0, 0, 0, 0, 0, 0, 0, 0, 0, 167]","""[0, 1, 5, 3, 2, 7, 4, 7, 1, 5, 3, 4, 4, 7, 7, 6, 3, 6, 5, 4, 6, 71, 113, 22, 71, 161, 168, 100, 159, 126, 90, 26, 78, 23, 150, 122, 124, 78, 25, 55, 45, 0]"""
j20,1,reactive,60,False,inf,inf,inf,null,"[0, 1, 5, 3, 2, 7, 4, 7, 1, 5, 3, 4, 4, 7, 7, 6, 3, 6, 5, 4, 6, 71, 113, 22, 71, 161, 168, 100, 159, 126, 90, 26, 78, 23, 150, 122, 124, 78, 25, 55, 45, 0]"
j20,1,stnu,60,False,inf,0.9829065799713135,inf,[],"""[0, 1, 5, 3, 2, 7, 4, 7, 1, 5, 3, 4, 4, 7, 7, 6, 3, 6, 5, 4, 6, 71, 113, 22, 71, 161, 168, 100, 159, 126, 90, 26, 78, 23, 150, 122, 124, 78, 25, 55, 45, 0]"""
j20,1,proactive_quantile_0.9,60,True,42,0.10346364974975586,0.0033292770385742188,"[0, 0, 0, 0, 2, 7, 7, 12, 2, 13, 8, 12, 19, 13, 22, 20, 29, 29, 15, 36, 36, 0, 0, 0, 0, 0, 0, 0, 0, 0, 0, 0, 0, 0, 0, 0, 0, 0, 0, 0, 0, 167]","""[0, 3, 6, 1, 3, 5, 4, 9, 3, 8, 4, 5, 1, 4, 6, 5, 4, 6, 9, 6, 6, 71, 113, 22, 71, 161, 168, 100, 159, 126, 90, 26, 78, 23, 150, 122, 124, 78, 25, 55, 45, 0]"""
j20,1,reactive,60,False,inf,inf,inf,null,"[0, 3, 6, 1, 3, 5, 4, 9, 3, 8, 4, 5, 1, 4, 6, 5, 4, 6, 9, 6, 6, 71, 113, 22, 71, 161, 168, 100, 159, 126, 90, 26, 78, 23, 150, 122, 124, 78, 25, 55, 45, 0]"
j20,1,stnu,60,False,inf,1.1325898170471191,inf,[],"""[0, 3, 6, 1, 3, 5, 4, 9, 3, 8, 4, 5, 1, 4, 6, 5, 4, 6, 9, 6, 6, 71, 113, 22, 71, 161, 168, 100, 159, 126, 90, 26, 78, 23, 150, 122, 124, 78, 25, 55, 45, 0]"""
j20,1,proactive_quantile_0.9,60,True,42,0.10600519180297852,0.003430604934692383,"[0, 0, 0, 0, 2, 7, 7, 12, 2, 13, 8, 12, 19, 13, 22, 20, 29, 29, 15, 36, 36, 0, 0, 0, 0, 0, 0, 0, 0, 0, 0, 0, 0, 0, 0, 0, 0, 0, 0, 0, 0, 167]","""[0, 3, 4, 3, 5, 6, 6, 6, 3, 5, 6, 7, 3, 5, 6, 7, 4, 7, 6, 3, 4, 71, 113, 22, 71, 161, 168, 100, 159, 126, 90, 26, 78, 23, 150, 122, 124, 78, 25, 55, 45, 0]"""
j20,1,reactive,60,False,inf,inf,inf,null,"[0, 3, 4, 3, 5, 6, 6, 6, 3, 5, 6, 7, 3, 5, 6, 7, 4, 7, 6, 3, 4, 71, 113, 22, 71, 161, 168, 100, 159, 126, 90, 26, 78, 23, 150, 122, 124, 78, 25, 55, 45, 0]"
j20,1,stnu,60,False,inf,0.9356026649475098,inf,[],"""[0, 3, 4, 3, 5, 6, 6, 6, 3, 5, 6, 7, 3, 5, 6, 7, 4, 7, 6, 3, 4, 71, 113, 22, 71, 161, 168, 100, 159, 126, 90, 26, 78, 23, 150, 122, 124, 78, 25, 55, 45, 0]"""
j20,1,proactive_quantile_0.9,60,True,42,0.10347604751586914,0.0032596588134765625,"[0, 0, 0, 0, 2, 7, 7, 12, 2, 13, 8, 12, 19, 13, 22, 20, 29, 29, 15, 36, 36, 0, 0, 0, 0, 0, 0, 0, 0, 0, 0, 0, 0, 0, 0, 0, 0, 0, 0, 0, 0, 167]","""[0, 3, 5, 1, 6, 2, 6, 8, 3, 7, 5, 5, 3, 5, 12, 8, 2, 5, 6, 5, 6, 71, 113, 22, 71, 161, 168, 100, 159, 126, 90, 26, 78, 23, 150, 122, 124, 78, 25, 55, 45, 0]"""
j20,1,reactive,60,False,inf,inf,inf,null,"[0, 3, 5, 1, 6, 2, 6, 8, 3, 7, 5, 5, 3, 5, 12, 8, 2, 5, 6, 5, 6, 71, 113, 22, 71, 161, 168, 100, 159, 126, 90, 26, 78, 23, 150, 122, 124, 78, 25, 55, 45, 0]"
j20,1,stnu,60,False,inf,0.9435901641845703,inf,[],"""[0, 3, 5, 1, 6, 2, 6, 8, 3, 7, 5, 5, 3, 5, 12, 8, 2, 5, 6, 5, 6, 71, 113, 22, 71, 161, 168, 100, 159, 126, 90, 26, 78, 23, 150, 122, 124, 78, 25, 55, 45, 0]"""
j20,1,proactive_quantile_0.9,60,True,42,0.24710726737976074,0.003151416778564453,"[0, 0, 0, 0, 2, 7, 7, 12, 2, 13, 8, 12, 19, 13, 22, 20, 29, 29, 15, 36, 36, 0, 0, 0, 0, 0, 0, 0, 0, 0, 0, 0, 0, 0, 0, 0, 0, 0, 0, 0, 0, 167]","""[0, 2, 7, 3, 6, 4, 2, 4, 2, 7, 3, 7, 3, 6, 8, 6, 1, 6, 7, 4, 5, 71, 113, 22, 71, 161, 168, 100, 159, 126, 90, 26, 78, 23, 150, 122, 124, 78, 25, 55, 45, 0]"""
j20,1,reactive,60,False,inf,inf,inf,null,"[0, 2, 7, 3, 6, 4, 2, 4, 2, 7, 3, 7, 3, 6, 8, 6, 1, 6, 7, 4, 5, 71, 113, 22, 71, 161, 168, 100, 159, 126, 90, 26, 78, 23, 150, 122, 124, 78, 25, 55, 45, 0]"
j20,1,stnu,60,False,inf,1.004462718963623,inf,[],"""[0, 2, 7, 3, 6, 4, 2, 4, 2, 7, 3, 7, 3, 6, 8, 6, 1, 6, 7, 4, 5, 71, 113, 22, 71, 161, 168, 100, 159, 126, 90, 26, 78, 23, 150, 122, 124, 78, 25, 55, 45, 0]"""
j20,1,proactive_quantile_0.9,60,True,42,0.09999442100524902,0.003271341323852539,"[0, 0, 0, 0, 2, 7, 7, 12, 2, 13, 8, 12, 19, 13, 22, 20, 29, 29, 15, 36, 36, 0, 0, 0, 0, 0, 0, 0, 0, 0, 0, 0, 0, 0, 0, 0, 0, 0, 0, 0, 0, 167]","""[0, 1, 4, 3, 4, 4, 3, 9, 1, 6, 3, 5, 3, 7, 12, 9, 4, 7, 6, 2, 2, 71, 113, 22, 71, 161, 168, 100, 159, 126, 90, 26, 78, 23, 150, 122, 124, 78, 25, 55, 45, 0]"""
j20,1,reactive,60,False,inf,inf,inf,null,"[0, 1, 4, 3, 4, 4, 3, 9, 1, 6, 3, 5, 3, 7, 12, 9, 4, 7, 6, 2, 2, 71, 113, 22, 71, 161, 168, 100, 159, 126, 90, 26, 78, 23, 150, 122, 124, 78, 25, 55, 45, 0]"
j20,1,stnu,60,False,inf,0.9437000751495361,inf,[],"""[0, 1, 4, 3, 4, 4, 3, 9, 1, 6, 3, 5, 3, 7, 12, 9, 4, 7, 6, 2, 2, 71, 113, 22, 71, 161, 168, 100, 159, 126, 90, 26, 78, 23, 150, 122, 124, 78, 25, 55, 45, 0]"""
j20,1,proactive_quantile_0.9,60,True,38,0.10058164596557617,0.002593994140625,"[0, 0, 0, 0, 7, 5, 7, 9, 8, 10, 10, 15, 18, 18, 26, 21, 15, 21, 30, 30, 26, 0, 0, 0, 0, 0, 0, 0, 0, 0, 0, 0, 0, 0, 0, 0, 0, 0, 0, 0, 0, 147]","""[0, 2, 3, 4, 2, 2, 1, 8, 2, 4, 3, 4, 2, 5, 2, 8, 7, 5, 5, 6, 3, 36, 139, 52, 9, 7, 64, 53, 139, 73, 76, 42, 81, 137, 148, 32, 22, 48, 81, 82, 66, 0]"""
j20,1,reactive,60,False,inf,inf,inf,null,"[0, 2, 3, 4, 2, 2, 1, 8, 2, 4, 3, 4, 2, 5, 2, 8, 7, 5, 5, 6, 3, 36, 139, 52, 9, 7, 64, 53, 139, 73, 76, 42, 81, 137, 148, 32, 22, 48, 81, 82, 66, 0]"
j20,1,stnu,60,False,inf,0.9790387153625488,inf,[],"""[0, 2, 5, 4, 2, 2, 1, 4, 2, 4, 3, 4, 6, 5, 2, 8, 7, 5, 5, 6, 3, 36, 139, 52, 9, 7, 64, 53, 139, 73, 76, 42, 81, 137, 148, 32, 22, 48, 81, 82, 66, 0]"""
j20,1,proactive_quantile_0.9,60,True,38,0.09506654739379883,0.002560853958129883,"[0, 0, 0, 0, 7, 5, 7, 9, 8, 10, 10, 15, 18, 18, 26, 21, 15, 21, 30, 30, 26, 0, 0, 0, 0, 0, 0, 0, 0, 0, 0, 0, 0, 0, 0, 0, 0, 0, 0, 0, 0, 147]","""[0, 7, 8, 4, 1, 2, 3, 5, 2, 3, 5, 3, 4, 4, 2, 5, 5, 6, 4, 7, 8, 36, 139, 52, 9, 7, 64, 53, 139, 73, 76, 42, 81, 137, 148, 32, 22, 48, 81, 82, 66, 0]"""
j20,1,reactive,60,False,inf,inf,inf,null,"[0, 7, 8, 4, 1, 2, 3, 5, 2, 3, 5, 3, 4, 4, 2, 5, 5, 6, 4, 7, 8, 36, 139, 52, 9, 7, 64, 53, 139, 73, 76, 42, 81, 137, 148, 32, 22, 48, 81, 82, 66, 0]"
j20,1,stnu,60,False,inf,0.9774298667907715,inf,[],"""[0, 7, 4, 4, 1, 2, 3, 7, 2, 3, 5, 3, 4, 4, 2, 5, 5, 6, 4, 7, 8, 36, 139, 52, 9, 7, 64, 53, 139, 73, 76, 42, 81, 137, 148, 32, 22, 48, 81, 82, 66, 0]"""
j20,1,proactive_quantile_0.9,60,True,38,0.24543309211730957,0.002602100372314453,"[0, 0, 0, 0, 7, 5, 7, 9, 8, 10, 10, 15, 18, 18, 26, 21, 15, 21, 30, 30, 26, 0, 0, 0, 0, 0, 0, 0, 0, 0, 0, 0, 0, 0, 0, 0, 0, 0, 0, 0, 0, 147]","""[0, 7, 3, 6, 2, 1, 1, 8, 2, 4, 2, 4, 3, 5, 3, 6, 3, 6, 7, 6, 7, 36, 139, 52, 9, 7, 64, 53, 139, 73, 76, 42, 81, 137, 148, 32, 22, 48, 81, 82, 66, 0]"""
j20,1,reactive,60,False,inf,inf,inf,null,"[0, 7, 3, 6, 2, 1, 1, 8, 2, 4, 2, 4, 3, 5, 3, 6, 3, 6, 7, 6, 7, 36, 139, 52, 9, 7, 64, 53, 139, 73, 76, 42, 81, 137, 148, 32, 22, 48, 81, 82, 66, 0]"
j20,1,stnu,60,False,inf,0.9667658805847168,inf,[],"""[0, 7, 5, 6, 2, 3, 1, 3, 2, 4, 2, 4, 4, 5, 3, 6, 3, 6, 7, 6, 7, 36, 139, 52, 9, 7, 64, 53, 139, 73, 76, 42, 81, 137, 148, 32, 22, 48, 81, 82, 66, 0]"""
j20,1,proactive_quantile_0.9,60,True,38,0.10138058662414551,0.002594470977783203,"[0, 0, 0, 0, 7, 5, 7, 9, 8, 10, 10, 15, 18, 18, 26, 21, 15, 21, 30, 30, 26, 0, 0, 0, 0, 0, 0, 0, 0, 0, 0, 0, 0, 0, 0, 0, 0, 0, 0, 0, 0, 147]","""[0, 2, 6, 4, 2, 1, 1, 5, 2, 4, 3, 1, 4, 5, 1, 6, 2, 2, 8, 7, 3, 36, 139, 52, 9, 7, 64, 53, 139, 73, 76, 42, 81, 137, 148, 32, 22, 48, 81, 82, 66, 0]"""
j20,1,reactive,60,False,inf,inf,inf,null,"[0, 2, 6, 4, 2, 1, 1, 5, 2, 4, 3, 1, 4, 5, 1, 6, 2, 2, 8, 7, 3, 36, 139, 52, 9, 7, 64, 53, 139, 73, 76, 42, 81, 137, 148, 32, 22, 48, 81, 82, 66, 0]"
j20,1,stnu,60,False,inf,1.0124149322509766,inf,[],"""[0, 2, 4, 4, 2, 3, 1, 3, 2, 4, 3, 1, 6, 5, 1, 6, 2, 2, 8, 7, 3, 36, 139, 52, 9, 7, 64, 53, 139, 73, 76, 42, 81, 137, 148, 32, 22, 48, 81, 82, 66, 0]"""
j20,1,proactive_quantile_0.9,60,True,38,0.09533500671386719,0.0026044845581054688,"[0, 0, 0, 0, 7, 5, 7, 9, 8, 10, 10, 15, 18, 18, 26, 21, 15, 21, 30, 30, 26, 0, 0, 0, 0, 0, 0, 0, 0, 0, 0, 0, 0, 0, 0, 0, 0, 0, 0, 0, 0, 147]","""[0, 7, 8, 6, 1, 1, 3, 5, 3, 2, 6, 2, 4, 5, 3, 5, 7, 3, 4, 7, 6, 36, 139, 52, 9, 7, 64, 53, 139, 73, 76, 42, 81, 137, 148, 32, 22, 48, 81, 82, 66, 0]"""
j20,1,reactive,60,False,inf,inf,inf,null,"[0, 7, 8, 6, 1, 1, 3, 5, 3, 2, 6, 2, 4, 5, 3, 5, 7, 3, 4, 7, 6, 36, 139, 52, 9, 7, 64, 53, 139, 73, 76, 42, 81, 137, 148, 32, 22, 48, 81, 82, 66, 0]"
j20,1,stnu,60,False,inf,0.9644408226013184,inf,[],"""[0, 7, 9, 6, 1, 2, 3, 6, 3, 2, 6, 2, 5, 5, 3, 5, 7, 3, 4, 7, 6, 36, 139, 52, 9, 7, 64, 53, 139, 73, 76, 42, 81, 137, 148, 32, 22, 48, 81, 82, 66, 0]"""
j20,1,proactive_quantile_0.9,60,True,38,0.10109233856201172,0.0025725364685058594,"[0, 0, 0, 0, 7, 5, 7, 9, 8, 10, 10, 15, 18, 18, 26, 21, 15, 21, 30, 30, 26, 0, 0, 0, 0, 0, 0, 0, 0, 0, 0, 0, 0, 0, 0, 0, 0, 0, 0, 0, 0, 147]","""[0, 6, 6, 3, 1, 2, 1, 9, 3, 1, 4, 4, 1, 6, 2, 10, 3, 7, 7, 4, 7, 36, 139, 52, 9, 7, 64, 53, 139, 73, 76, 42, 81, 137, 148, 32, 22, 48, 81, 82, 66, 0]"""
j20,1,reactive,60,False,inf,inf,inf,null,"[0, 6, 6, 3, 1, 2, 1, 9, 3, 1, 4, 4, 1, 6, 2, 10, 3, 7, 7, 4, 7, 36, 139, 52, 9, 7, 64, 53, 139, 73, 76, 42, 81, 137, 148, 32, 22, 48, 81, 82, 66, 0]"
j20,1,stnu,60,False,inf,1.005073070526123,inf,[],"""[0, 6, 8, 3, 1, 3, 1, 4, 3, 1, 4, 4, 7, 6, 2, 10, 3, 7, 7, 4, 7, 36, 139, 52, 9, 7, 64, 53, 139, 73, 76, 42, 81, 137, 148, 32, 22, 48, 81, 82, 66, 0]"""
j20,1,proactive_quantile_0.9,60,True,38,0.24871325492858887,0.0025703907012939453,"[0, 0, 0, 0, 7, 5, 7, 9, 8, 10, 10, 15, 18, 18, 26, 21, 15, 21, 30, 30, 26, 0, 0, 0, 0, 0, 0, 0, 0, 0, 0, 0, 0, 0, 0, 0, 0, 0, 0, 0, 0, 147]","""[0, 3, 6, 6, 2, 1, 3, 7, 3, 4, 3, 1, 4, 9, 3, 5, 7, 6, 7, 3, 3, 36, 139, 52, 9, 7, 64, 53, 139, 73, 76, 42, 81, 137, 148, 32, 22, 48, 81, 82, 66, 0]"""
j20,1,reactive,60,False,inf,inf,inf,null,"[0, 3, 6, 6, 2, 1, 3, 7, 3, 4, 3, 1, 4, 9, 3, 5, 7, 6, 7, 3, 3, 36, 139, 52, 9, 7, 64, 53, 139, 73, 76, 42, 81, 137, 148, 32, 22, 48, 81, 82, 66, 0]"
j20,1,stnu,60,False,inf,0.9717991352081299,inf,[],"""[0, 3, 9, 6, 2, 1, 3, 5, 3, 4, 3, 1, 5, 9, 3, 5, 7, 6, 7, 3, 3, 36, 139, 52, 9, 7, 64, 53, 139, 73, 76, 42, 81, 137, 148, 32, 22, 48, 81, 82, 66, 0]"""
j20,1,proactive_quantile_0.9,60,True,38,0.09531497955322266,0.002559661865234375,"[0, 0, 0, 0, 7, 5, 7, 9, 8, 10, 10, 15, 18, 18, 26, 21, 15, 21, 30, 30, 26, 0, 0, 0, 0, 0, 0, 0, 0, 0, 0, 0, 0, 0, 0, 0, 0, 0, 0, 0, 0, 147]","""[0, 3, 8, 6, 1, 2, 2, 6, 2, 3, 3, 3, 4, 5, 1, 6, 4, 2, 7, 4, 4, 36, 139, 52, 9, 7, 64, 53, 139, 73, 76, 42, 81, 137, 148, 32, 22, 48, 81, 82, 66, 0]"""
j20,1,reactive,60,False,inf,inf,inf,null,"[0, 3, 8, 6, 1, 2, 2, 6, 2, 3, 3, 3, 4, 5, 1, 6, 4, 2, 7, 4, 4, 36, 139, 52, 9, 7, 64, 53, 139, 73, 76, 42, 81, 137, 148, 32, 22, 48, 81, 82, 66, 0]"
j20,1,stnu,60,False,inf,0.9809014797210693,inf,[],"""[0, 3, 7, 6, 1, 2, 2, 6, 2, 3, 3, 3, 6, 5, 1, 6, 4, 2, 7, 4, 4, 36, 139, 52, 9, 7, 64, 53, 139, 73, 76, 42, 81, 137, 148, 32, 22, 48, 81, 82, 66, 0]"""
j20,1,proactive_quantile_0.9,60,True,38,0.09662961959838867,0.002584218978881836,"[0, 0, 0, 0, 7, 5, 7, 9, 8, 10, 10, 15, 18, 18, 26, 21, 15, 21, 30, 30, 26, 0, 0, 0, 0, 0, 0, 0, 0, 0, 0, 0, 0, 0, 0, 0, 0, 0, 0, 0, 0, 147]","""[0, 5, 5, 3, 1, 1, 1, 5, 1, 4, 3, 2, 3, 7, 2, 9, 7, 5, 4, 6, 7, 36, 139, 52, 9, 7, 64, 53, 139, 73, 76, 42, 81, 137, 148, 32, 22, 48, 81, 82, 66, 0]"""
j20,1,reactive,60,False,inf,inf,inf,null,"[0, 5, 5, 3, 1, 1, 1, 5, 1, 4, 3, 2, 3, 7, 2, 9, 7, 5, 4, 6, 7, 36, 139, 52, 9, 7, 64, 53, 139, 73, 76, 42, 81, 137, 148, 32, 22, 48, 81, 82, 66, 0]"
j20,1,stnu,60,False,inf,0.9678168296813965,inf,[],"""[0, 5, 7, 3, 1, 2, 1, 6, 1, 4, 3, 2, 5, 7, 2, 9, 7, 5, 4, 6, 7, 36, 139, 52, 9, 7, 64, 53, 139, 73, 76, 42, 81, 137, 148, 32, 22, 48, 81, 82, 66, 0]"""
j20,1,proactive_quantile_0.9,60,True,38,0.10210633277893066,0.002579212188720703,"[0, 0, 0, 0, 7, 5, 7, 9, 8, 10, 10, 15, 18, 18, 26, 21, 15, 21, 30, 30, 26, 0, 0, 0, 0, 0, 0, 0, 0, 0, 0, 0, 0, 0, 0, 0, 0, 0, 0, 0, 0, 147]","""[0, 3, 3, 5, 1, 1, 1, 5, 2, 1, 3, 3, 2, 6, 3, 7, 2, 3, 6, 7, 6, 36, 139, 52, 9, 7, 64, 53, 139, 73, 76, 42, 81, 137, 148, 32, 22, 48, 81, 82, 66, 0]"""
j20,1,reactive,60,True,37,0.10210633277893066,0.6536788940429688,"[0, 0, 0, 0, 7, 5, 7, 9, 8, 10, 10, 15, 18, 18, 26, 21, 15, 21, 30, 30, 26, 0, 0, 0, 0, 0, 0, 0, 0, 0, 0, 0, 0, 0, 0, 0, 0, 0, 0, 0, 0, 37]","[0, 3, 3, 5, 1, 1, 1, 5, 2, 1, 3, 3, 2, 6, 3, 7, 2, 3, 6, 7, 6, 36, 139, 52, 9, 7, 64, 53, 139, 73, 76, 42, 81, 137, 148, 32, 22, 48, 81, 82, 66, 0]"
j20,1,stnu,60,False,inf,0.9879004955291748,inf,[],"""[0, 3, 9, 5, 1, 3, 1, 4, 2, 1, 3, 3, 3, 6, 3, 7, 2, 3, 6, 7, 6, 36, 139, 52, 9, 7, 64, 53, 139, 73, 76, 42, 81, 137, 148, 32, 22, 48, 81, 82, 66, 0]"""
j20,1,proactive_quantile_0.9,60,False,inf,0.10070919990539551,inf,"[0, 0, 0, 0, 6, 6, 12, 12, 18, 21, 20, 14, 28, 36, 14, 22, 22, 43, 28, 50, 27, 0, 0, 0, 0, 0, 122]","""[0, 6, 6, 4, 2, 5, 6, 5, 2, 2, 7, 9, 6, 3, 9, 2, 9, 8, 5, 8, 1, 86, 119, 117, 123, 82, 0]"""
j20,1,reactive,60,False,inf,inf,inf,null,"[0, 6, 6, 4, 2, 5, 6, 5, 2, 2, 7, 9, 6, 3, 9, 2, 9, 8, 5, 8, 1, 86, 119, 117, 123, 82, 0]"
j20,1,stnu,60,True,47,1.0365841388702393,0.028153657913208008,"[0, 0, 0, 0, 6, 6, 8, 8, 13, 15, 14, 11, 22, 28, 11, 20, 20, 31, 22, 39, 22, 0, 0, 0, 0, 0, 47]","""[0, 6, 6, 4, 2, 5, 6, 5, 2, 2, 7, 9, 6, 3, 9, 2, 9, 8, 5, 8, 1, 86, 119, 117, 123, 82, 0]"""
j20,1,proactive_quantile_0.9,60,False,inf,0.09827995300292969,inf,"[0, 0, 0, 0, 6, 6, 12, 12, 18, 21, 20, 14, 28, 36, 14, 22, 22, 43, 28, 50, 27, 0, 0, 0, 0, 0, 122]","""[0, 6, 6, 5, 4, 7, 6, 2, 1, 4, 9, 9, 4, 7, 5, 4, 9, 8, 3, 8, 3, 86, 119, 117, 123, 82, 0]"""
j20,1,reactive,60,False,inf,inf,inf,null,"[0, 6, 6, 5, 4, 7, 6, 2, 1, 4, 9, 9, 4, 7, 5, 4, 9, 8, 3, 8, 3, 86, 119, 117, 123, 82, 0]"
j20,1,stnu,60,True,53,0.9992554187774658,0.027940988540649414,"[0, 0, 0, 0, 6, 6, 10, 10, 12, 16, 16, 13, 26, 30, 13, 22, 22, 37, 26, 45, 26, 0, 0, 0, 0, 0, 53]","""[0, 6, 6, 5, 4, 7, 6, 2, 1, 4, 9, 9, 4, 7, 5, 4, 9, 8, 3, 8, 3, 86, 119, 117, 123, 82, 0]"""
j20,1,proactive_quantile_0.9,60,False,inf,0.09851431846618652,inf,"[0, 0, 0, 0, 6, 6, 12, 12, 18, 21, 20, 14, 28, 36, 14, 22, 22, 43, 28, 50, 27, 0, 0, 0, 0, 0, 122]","""[0, 7, 6, 3, 7, 9, 5, 4, 3, 6, 5, 6, 9, 4, 7, 1, 9, 5, 2, 7, 3, 86, 119, 117, 123, 82, 0]"""
j20,1,reactive,60,False,inf,inf,inf,null,"[0, 7, 6, 3, 7, 9, 5, 4, 3, 6, 5, 6, 9, 4, 7, 1, 9, 5, 2, 7, 3, 86, 119, 117, 123, 82, 0]"
j20,1,stnu,60,True,52,1.0027821063995361,0.0279998779296875,"[0, 0, 0, 0, 7, 6, 14, 14, 18, 21, 19, 15, 27, 36, 15, 22, 22, 40, 27, 45, 27, 0, 0, 0, 0, 0, 52]","""[0, 7, 6, 3, 7, 9, 5, 4, 3, 6, 5, 6, 9, 4, 7, 1, 9, 5, 2, 7, 3, 86, 119, 117, 123, 82, 0]"""
j20,1,proactive_quantile_0.9,60,True,59,0.10635948181152344,0.0012345314025878906,"[0, 0, 0, 0, 6, 6, 12, 12, 18, 21, 20, 14, 28, 36, 14, 22, 22, 43, 28, 50, 27, 0, 0, 0, 0, 0, 122]","""[0, 6, 4, 7, 3, 4, 7, 2, 1, 5, 9, 5, 9, 6, 6, 4, 7, 4, 5, 9, 3, 86, 119, 117, 123, 82, 0]"""
j20,1,reactive,60,False,inf,inf,inf,null,"[0, 6, 4, 7, 3, 4, 7, 2, 1, 5, 9, 5, 9, 6, 6, 4, 7, 4, 5, 9, 3, 86, 119, 117, 123, 82, 0]"
j20,1,stnu,60,True,53,0.9983670711517334,0.027802467346191406,"[0, 0, 0, 0, 6, 7, 9, 9, 11, 16, 16, 11, 25, 34, 11, 17, 17, 40, 25, 44, 21, 0, 0, 0, 0, 0, 53]","""[0, 6, 4, 7, 3, 4, 7, 2, 1, 5, 9, 5, 9, 6, 6, 4, 7, 4, 5, 9, 3, 86, 119, 117, 123, 82, 0]"""
j20,1,proactive_quantile_0.9,60,True,59,0.10350155830383301,0.0012021064758300781,"[0, 0, 0, 0, 6, 6, 12, 12, 18, 21, 20, 14, 28, 36, 14, 22, 22, 43, 28, 50, 27, 0, 0, 0, 0, 0, 122]","""[0, 2, 3, 2, 5, 8, 6, 6, 4, 3, 6, 4, 9, 4, 5, 4, 5, 5, 5, 6, 2, 86, 119, 117, 123, 82, 0]"""
j20,1,reactive,60,False,inf,inf,inf,null,"[0, 2, 3, 2, 5, 8, 6, 6, 4, 3, 6, 4, 9, 4, 5, 4, 5, 5, 5, 6, 2, 86, 119, 117, 123, 82, 0]"
j20,1,stnu,60,True,46,1.011906623840332,0.028116226196289062,"[0, 0, 0, 0, 3, 3, 8, 8, 14, 18, 14, 11, 22, 31, 11, 18, 18, 35, 22, 40, 22, 0, 0, 0, 0, 0, 46]","""[0, 2, 3, 2, 5, 8, 6, 6, 4, 3, 6, 4, 9, 4, 5, 4, 5, 5, 5, 6, 2, 86, 119, 117, 123, 82, 0]"""
j20,1,proactive_quantile_0.9,60,True,59,0.11022686958312988,0.001210927963256836,"[0, 0, 0, 0, 6, 6, 12, 12, 18, 21, 20, 14, 28, 36, 14, 22, 22, 43, 28, 50, 27, 0, 0, 0, 0, 0, 122]","""[0, 7, 7, 7, 4, 5, 9, 4, 1, 3, 6, 4, 6, 4, 5, 4, 9, 6, 2, 9, 3, 86, 119, 117, 123, 82, 0]"""
j20,1,reactive,60,False,inf,inf,inf,null,"[0, 7, 7, 7, 4, 5, 9, 4, 1, 3, 6, 4, 6, 4, 5, 4, 9, 6, 2, 9, 3, 86, 119, 117, 123, 82, 0]"
j20,1,stnu,60,True,51,0.9801125526428223,0.02772355079650879,"[0, 0, 0, 0, 7, 7, 11, 11, 15, 20, 20, 12, 26, 32, 12, 17, 17, 36, 26, 42, 23, 0, 0, 0, 0, 0, 51]","""[0, 7, 7, 7, 4, 5, 9, 4, 1, 3, 6, 4, 6, 4, 5, 4, 9, 6, 2, 9, 3, 86, 119, 117, 123, 82, 0]"""
j20,1,proactive_quantile_0.9,60,False,inf,0.10702919960021973,inf,"[0, 0, 0, 0, 6, 6, 12, 12, 18, 21, 20, 14, 28, 36, 14, 22, 22, 43, 28, 50, 27, 0, 0, 0, 0, 0, 122]","""[0, 3, 7, 7, 5, 9, 9, 7, 3, 3, 6, 8, 8, 5, 5, 2, 8, 7, 4, 10, 1, 86, 119, 117, 123, 82, 0]"""
j20,1,reactive,60,False,inf,inf,inf,null,"[0, 3, 7, 7, 5, 9, 9, 7, 3, 3, 6, 8, 8, 5, 5, 2, 8, 7, 4, 10, 1, 86, 119, 117, 123, 82, 0]"
j20,1,stnu,60,True,57,1.1915228366851807,0.027811527252197266,"[0, 0, 0, 0, 7, 7, 12, 12, 19, 22, 21, 16, 27, 35, 16, 24, 24, 40, 27, 47, 26, 0, 0, 0, 0, 0, 57]","""[0, 3, 7, 7, 5, 9, 9, 7, 3, 3, 6, 8, 8, 5, 5, 2, 8, 7, 4, 10, 1, 86, 119, 117, 123, 82, 0]"""
j20,1,proactive_quantile_0.9,60,True,59,0.10353398323059082,0.0012843608856201172,"[0, 0, 0, 0, 6, 6, 12, 12, 18, 21, 20, 14, 28, 36, 14, 22, 22, 43, 28, 50, 27, 0, 0, 0, 0, 0, 122]","""[0, 2, 3, 4, 6, 4, 9, 6, 4, 6, 9, 4, 7, 6, 8, 4, 9, 7, 3, 5, 2, 86, 119, 117, 123, 82, 0]"""
j20,1,reactive,60,False,inf,inf,inf,null,"[0, 2, 3, 4, 6, 4, 9, 6, 4, 6, 9, 4, 7, 6, 8, 4, 9, 7, 3, 5, 2, 86, 119, 117, 123, 82, 0]"
j20,1,stnu,60,True,52,1.151782512664795,0.027942180633544922,"[0, 0, 0, 0, 3, 4, 9, 9, 15, 19, 18, 9, 27, 34, 8, 19, 19, 40, 27, 47, 25, 0, 0, 0, 0, 0, 52]","""[0, 2, 3, 4, 6, 4, 9, 6, 4, 6, 9, 4, 7, 6, 8, 4, 9, 7, 3, 5, 2, 86, 119, 117, 123, 82, 0]"""
j20,1,proactive_quantile_0.9,60,True,59,0.10335278511047363,0.0012788772583007812,"[0, 0, 0, 0, 6, 6, 12, 12, 18, 21, 20, 14, 28, 36, 14, 22, 22, 43, 28, 50, 27, 0, 0, 0, 0, 0, 122]","""[0, 2, 2, 6, 3, 7, 8, 4, 2, 7, 4, 8, 7, 8, 8, 4, 9, 5, 4, 9, 2, 86, 119, 117, 123, 82, 0]"""
j20,1,reactive,60,False,inf,inf,inf,null,"[0, 2, 2, 6, 3, 7, 8, 4, 2, 7, 4, 8, 7, 8, 8, 4, 9, 5, 4, 9, 2, 86, 119, 117, 123, 82, 0]"
j20,1,stnu,60,True,54,1.2048475742340088,0.027680397033691406,"[0, 0, 0, 0, 2, 6, 6, 6, 10, 14, 14, 13, 25, 32, 13, 21, 21, 40, 25, 45, 25, 0, 0, 0, 0, 0, 54]","""[0, 2, 2, 6, 3, 7, 8, 4, 2, 7, 4, 8, 7, 8, 8, 4, 9, 5, 4, 9, 2, 86, 119, 117, 123, 82, 0]"""
j20,1,proactive_quantile_0.9,60,True,59,0.1015322208404541,0.0012242794036865234,"[0, 0, 0, 0, 6, 6, 12, 12, 18, 21, 20, 14, 28, 36, 14, 22, 22, 43, 28, 50, 27, 0, 0, 0, 0, 0, 122]","""[0, 7, 7, 7, 3, 6, 8, 4, 4, 6, 7, 4, 8, 3, 6, 2, 7, 7, 3, 10, 1, 86, 119, 117, 123, 82, 0]"""
j20,1,reactive,60,False,inf,inf,inf,null,"[0, 7, 7, 7, 3, 6, 8, 4, 4, 6, 7, 4, 8, 3, 6, 2, 7, 7, 3, 10, 1, 86, 119, 117, 123, 82, 0]"
j20,1,stnu,60,True,53,1.235337734222412,0.027916669845581055,"[0, 0, 0, 0, 7, 7, 10, 10, 14, 18, 18, 13, 25, 33, 13, 19, 19, 36, 25, 43, 24, 0, 0, 0, 0, 0, 53]","""[0, 7, 7, 7, 3, 6, 8, 4, 4, 6, 7, 4, 8, 3, 6, 2, 7, 7, 3, 10, 1, 86, 119, 117, 123, 82, 0]"""
j20,1,proactive_quantile_0.9,60,False,inf,0.09570932388305664,inf,"[0, 0, 0, 0, 7, 7, 12, 11, 12, 17, 18, 11, 17, 26, 18, 26, 29, 29, 35, 31, 24, 0, 0, 0, 0, 0, 0, 0, 150]","""[0, 8, 6, 6, 12, 6, 2, 6, 1, 1, 9, 5, 6, 3, 2, 5, 4, 1, 6, 7, 6, 11, 30, 151, 57, 81, 89, 150, 0]"""
j20,1,reactive,60,False,inf,inf,inf,null,"[0, 8, 6, 6, 12, 6, 2, 6, 1, 1, 9, 5, 6, 3, 2, 5, 4, 1, 6, 7, 6, 11, 30, 151, 57, 81, 89, 150, 0]"
j20,1,stnu,60,True,37,1.2147691249847412,0.030525922775268555,"[0, 0, 0, 0, 6, 6, 12, 8, 12, 14, 18, 8, 14, 20, 18, 20, 27, 27, 31, 28, 20, 0, 0, 0, 0, 0, 0, 0, 37]","""[0, 8, 6, 6, 12, 6, 2, 6, 1, 1, 9, 5, 6, 3, 2, 5, 4, 1, 6, 7, 6, 11, 30, 151, 57, 81, 89, 150, 0]"""
j20,1,proactive_quantile_0.9,60,False,inf,0.10462594032287598,inf,"[0, 0, 0, 0, 7, 7, 12, 11, 12, 17, 18, 11, 17, 26, 18, 26, 29, 29, 35, 31, 24, 0, 0, 0, 0, 0, 0, 0, 150]","""[0, 9, 8, 8, 11, 6, 3, 5, 4, 1, 9, 4, 8, 5, 5, 6, 5, 3, 6, 6, 10, 11, 30, 151, 57, 81, 89, 150, 0]"""
j20,1,reactive,60,False,inf,inf,inf,null,"[0, 9, 8, 8, 11, 6, 3, 5, 4, 1, 9, 4, 8, 5, 5, 6, 5, 3, 6, 6, 10, 11, 30, 151, 57, 81, 89, 150, 0]"
j20,1,stnu,60,True,40,1.1975831985473633,0.030079364776611328,"[0, 0, 0, 0, 8, 8, 14, 9, 14, 18, 19, 9, 18, 26, 19, 26, 28, 28, 34, 32, 24, 0, 0, 0, 0, 0, 0, 0, 40]","""[0, 9, 8, 8, 11, 6, 3, 5, 4, 1, 9, 4, 8, 5, 5, 6, 5, 3, 6, 6, 10, 11, 30, 151, 57, 81, 89, 150, 0]"""
j20,1,proactive_quantile_0.9,60,True,46,0.10485076904296875,0.0013434886932373047,"[0, 0, 0, 0, 7, 7, 12, 11, 12, 17, 18, 11, 17, 26, 18, 26, 29, 29, 35, 31, 24, 0, 0, 0, 0, 0, 0, 0, 150]","""[0, 7, 7, 8, 9, 4, 3, 4, 4, 2, 12, 3, 6, 6, 6, 5, 6, 1, 6, 9, 8, 11, 30, 151, 57, 81, 89, 150, 0]"""
j20,1,reactive,60,False,inf,inf,inf,null,"[0, 7, 7, 8, 9, 4, 3, 4, 4, 2, 12, 3, 6, 6, 6, 5, 6, 1, 6, 9, 8, 11, 30, 151, 57, 81, 89, 150, 0]"
j20,1,stnu,60,True,42,1.165419578552246,0.030114412307739258,"[0, 0, 0, 0, 7, 8, 12, 8, 12, 16, 18, 7, 16, 22, 18, 22, 30, 30, 36, 31, 24, 0, 0, 0, 0, 0, 0, 0, 42]","""[0, 7, 7, 8, 9, 4, 3, 4, 4, 2, 12, 3, 6, 6, 6, 5, 6, 1, 6, 9, 8, 11, 30, 151, 57, 81, 89, 150, 0]"""
j20,1,proactive_quantile_0.9,60,True,46,0.10646891593933105,0.0013170242309570312,"[0, 0, 0, 0, 7, 7, 12, 11, 12, 17, 18, 11, 17, 26, 18, 26, 29, 29, 35, 31, 24, 0, 0, 0, 0, 0, 0, 0, 150]","""[0, 7, 3, 3, 12, 3, 4, 6, 2, 2, 12, 4, 9, 6, 4, 3, 3, 2, 10, 9, 8, 11, 30, 151, 57, 81, 89, 150, 0]"""
j20,1,reactive,60,False,inf,inf,inf,null,"[0, 7, 3, 3, 12, 3, 4, 6, 2, 2, 12, 4, 9, 6, 4, 3, 3, 2, 10, 9, 8, 11, 30, 151, 57, 81, 89, 150, 0]"
j20,1,stnu,60,True,40,1.2162539958953857,0.030353307723999023,"[0, 0, 0, 0, 3, 3, 7, 7, 7, 11, 15, 7, 11, 20, 15, 20, 27, 27, 30, 29, 19, 0, 0, 0, 0, 0, 0, 0, 40]","""[0, 7, 3, 3, 12, 3, 4, 6, 2, 2, 12, 4, 9, 6, 4, 3, 3, 2, 10, 9, 8, 11, 30, 151, 57, 81, 89, 150, 0]"""
j20,1,proactive_quantile_0.9,60,False,inf,0.10435628890991211,inf,"[0, 0, 0, 0, 7, 5, 10, 7, 7, 13, 10, 7, 13, 22, 10, 22, 14, 12, 27, 15, 14, 0, 0, 0, 0, 0, 0, 0, 150]","""[0, 3, 6, 2, 2, 2, 1, 1, 1, 1, 3, 2, 8, 6, 4, 3, 2, 3, 2, 6, 2, 11, 30, 151, 57, 81, 89, 150, 0]"""
j20,1,reactive,60,False,inf,inf,inf,null,"[0, 3, 6, 2, 2, 2, 1, 1, 1, 1, 3, 2, 8, 6, 4, 3, 2, 3, 2, 6, 2, 11, 30, 151, 57, 81, 89, 150, 0]"
j20,1,stnu,60,True,38,1.238004207611084,0.03005075454711914,"[0, 0, 0, 0, 5, 5, 9, 9, 9, 12, 14, 9, 12, 20, 14, 20, 20, 20, 26, 25, 21, 0, 0, 0, 0, 0, 0, 0, 38]","""[0, 9, 5, 4, 9, 2, 2, 5, 1, 1, 6, 3, 8, 4, 7, 5, 3, 3, 12, 4, 5, 11, 30, 151, 57, 81, 89, 150, 0]"""
j20,1,proactive_quantile_0.9,60,True,46,0.0959470272064209,0.0013113021850585938,"[0, 0, 0, 0, 7, 7, 12, 11, 12, 17, 18, 11, 17, 26, 18, 26, 29, 29, 35, 31, 24, 0, 0, 0, 0, 0, 0, 0, 150]","""[0, 11, 7, 5, 12, 3, 3, 7, 1, 2, 7, 4, 5, 4, 2, 2, 3, 3, 10, 4, 7, 11, 30, 151, 57, 81, 89, 150, 0]"""
j20,1,reactive,60,False,inf,inf,inf,null,"[0, 11, 7, 5, 12, 3, 3, 7, 1, 2, 7, 4, 5, 4, 2, 2, 3, 3, 10, 4, 7, 11, 30, 151, 57, 81, 89, 150, 0]"
j20,1,stnu,60,True,39,1.0027132034301758,0.030220746994018555,"[0, 0, 0, 0, 7, 7, 11, 11, 11, 15, 19, 11, 15, 20, 19, 20, 26, 26, 29, 29, 21, 0, 0, 0, 0, 0, 0, 0, 39]","""[0, 11, 7, 5, 12, 3, 3, 7, 1, 2, 7, 4, 5, 4, 2, 2, 3, 3, 10, 4, 7, 11, 30, 151, 57, 81, 89, 150, 0]"""
j20,1,proactive_quantile_0.9,60,True,46,0.1020500659942627,0.0013327598571777344,"[0, 0, 0, 0, 7, 7, 12, 11, 12, 17, 18, 11, 17, 26, 18, 26, 29, 29, 35, 31, 24, 0, 0, 0, 0, 0, 0, 0, 150]","""[0, 10, 3, 8, 9, 3, 6, 4, 1, 2, 8, 3, 8, 7, 6, 4, 7, 3, 12, 6, 10, 11, 30, 151, 57, 81, 89, 150, 0]"""
j20,1,reactive,60,False,inf,inf,inf,null,"[0, 10, 3, 8, 9, 3, 6, 4, 1, 2, 8, 3, 8, 7, 6, 4, 7, 3, 12, 6, 10, 11, 30, 151, 57, 81, 89, 150, 0]"
j20,1,stnu,60,True,47,1.0087194442749023,0.030039072036743164,"[0, 0, 0, 0, 3, 8, 11, 10, 11, 17, 19, 10, 17, 25, 19, 25, 27, 27, 35, 30, 25, 0, 0, 0, 0, 0, 0, 0, 47]","""[0, 10, 3, 8, 9, 3, 6, 4, 1, 2, 8, 3, 8, 7, 6, 4, 7, 3, 12, 6, 10, 11, 30, 151, 57, 81, 89, 150, 0]"""
j20,1,proactive_quantile_0.9,60,True,46,0.09998321533203125,0.0013108253479003906,"[0, 0, 0, 0, 7, 7, 12, 11, 12, 17, 18, 11, 17, 26, 18, 26, 29, 29, 35, 31, 24, 0, 0, 0, 0, 0, 0, 0, 150]","""[0, 9, 5, 5, 8, 5, 6, 3, 3, 2, 11, 5, 8, 5, 2, 3, 5, 2, 12, 7, 8, 11, 30, 151, 57, 81, 89, 150, 0]"""
j20,1,reactive,60,False,inf,inf,inf,null,"[0, 9, 5, 5, 8, 5, 6, 3, 3, 2, 11, 5, 8, 5, 2, 3, 5, 2, 12, 7, 8, 11, 30, 151, 57, 81, 89, 150, 0]"
j20,1,stnu,60,True,46,1.0147716999053955,0.030807971954345703,"[0, 0, 0, 0, 5, 5, 10, 9, 10, 16, 18, 9, 16, 24, 18, 24, 29, 29, 34, 31, 20, 0, 0, 0, 0, 0, 0, 0, 46]","""[0, 9, 5, 5, 8, 5, 6, 3, 3, 2, 11, 5, 8, 5, 2, 3, 5, 2, 12, 7, 8, 11, 30, 151, 57, 81, 89, 150, 0]"""
j20,1,proactive_quantile_0.9,60,True,46,0.10809159278869629,0.001264810562133789,"[0, 0, 0, 0, 7, 7, 12, 11, 12, 17, 18, 11, 17, 26, 18, 26, 29, 29, 35, 31, 24, 0, 0, 0, 0, 0, 0, 0, 150]","""[0, 12, 5, 8, 9, 5, 4, 4, 1, 1, 6, 6, 6, 3, 6, 6, 6, 1, 9, 8, 9, 11, 30, 151, 57, 81, 89, 150, 0]"""
j20,1,reactive,60,False,inf,inf,inf,null,"[0, 12, 5, 8, 9, 5, 4, 4, 1, 1, 6, 6, 6, 3, 6, 6, 6, 1, 9, 8, 9, 11, 30, 151, 57, 81, 89, 150, 0]"
j20,1,stnu,60,True,43,0.9943633079528809,0.030091285705566406,"[0, 0, 0, 0, 5, 8, 13, 12, 13, 18, 19, 12, 18, 24, 19, 24, 25, 25, 34, 30, 25, 0, 0, 0, 0, 0, 0, 0, 43]","""[0, 12, 5, 8, 9, 5, 4, 4, 1, 1, 6, 6, 6, 3, 6, 6, 6, 1, 9, 8, 9, 11, 30, 151, 57, 81, 89, 150, 0]"""
j20,1,proactive_quantile_0.9,60,True,46,0.10321402549743652,0.0013248920440673828,"[0, 0, 0, 0, 7, 7, 12, 11, 12, 17, 18, 11, 17, 26, 18, 26, 29, 29, 35, 31, 24, 0, 0, 0, 0, 0, 0, 0, 150]","""[0, 6, 8, 6, 11, 5, 6, 5, 3, 1, 11, 5, 6, 3, 7, 6, 6, 2, 12, 5, 5, 11, 30, 151, 57, 81, 89, 150, 0]"""
j20,1,reactive,60,False,inf,inf,inf,null,"[0, 6, 8, 6, 11, 5, 6, 5, 3, 1, 11, 5, 6, 3, 7, 6, 6, 2, 12, 5, 5, 11, 30, 151, 57, 81, 89, 150, 0]"
j20,1,stnu,60,True,49,1.0380864143371582,0.030304431915283203,"[0, 0, 0, 0, 8, 8, 13, 8, 13, 19, 20, 6, 19, 25, 20, 25, 31, 31, 37, 33, 27, 0, 0, 0, 0, 0, 0, 0, 49]","""[0, 6, 8, 6, 11, 5, 6, 5, 3, 1, 11, 5, 6, 3, 7, 6, 6, 2, 12, 5, 5, 11, 30, 151, 57, 81, 89, 150, 0]"""
j20,1,proactive_quantile_0.9,60,False,inf,0.13947701454162598,inf,"[0, 0, 19, 0, 3, 9, 7, 8, 12, 5, 21, 7, 13, 25, 24, 28, 27, 19, 35, 33, 28, 0, 0, 0, 0, 0, 0, 0, 0, 0, 0, 0, 0, 0, 0, 0, 0, 0, 0, 169]","""[0, 4, 2, 4, 2, 2, 1, 2, 4, 3, 3, 2, 3, 1, 2, 6, 2, 2, 6, 2, 8, 40, 124, 51, 22, 162, 95, 165, 125, 168, 63, 79, 78, 170, 54, 153, 152, 62, 41, 0]"""
j20,1,reactive,60,False,inf,inf,inf,null,"[0, 4, 2, 4, 2, 2, 1, 2, 4, 3, 3, 2, 3, 1, 2, 6, 2, 2, 6, 2, 8, 40, 124, 51, 22, 162, 95, 165, 125, 168, 63, 79, 78, 170, 54, 153, 152, 62, 41, 0]"
j20,1,stnu,60,False,inf,1.0663306713104248,inf,[],"""[0, 4, 2, 4, 2, 2, 1, 2, 4, 3, 3, 2, 3, 1, 2, 6, 2, 2, 6, 2, 8, 40, 124, 51, 22, 162, 95, 165, 125, 168, 63, 79, 78, 170, 54, 153, 152, 62, 41, 0]"""
j20,1,proactive_quantile_0.9,60,False,inf,0.1442241668701172,inf,"[0, 0, 19, 0, 3, 9, 7, 8, 12, 5, 21, 7, 13, 25, 24, 28, 27, 19, 35, 33, 28, 0, 0, 0, 0, 0, 0, 0, 0, 0, 0, 0, 0, 0, 0, 0, 0, 0, 0, 169]","""[0, 4, 1, 5, 2, 4, 1, 2, 5, 1, 2, 6, 7, 3, 3, 6, 2, 4, 10, 3, 4, 40, 124, 51, 22, 162, 95, 165, 125, 168, 63, 79, 78, 170, 54, 153, 152, 62, 41, 0]"""
j20,1,reactive,60,False,inf,inf,inf,null,"[0, 4, 1, 5, 2, 4, 1, 2, 5, 1, 2, 6, 7, 3, 3, 6, 2, 4, 10, 3, 4, 40, 124, 51, 22, 162, 95, 165, 125, 168, 63, 79, 78, 170, 54, 153, 152, 62, 41, 0]"
j20,1,stnu,60,False,inf,1.032170057296753,inf,[],"""[0, 4, 1, 5, 2, 4, 1, 2, 5, 1, 2, 6, 7, 3, 3, 6, 2, 4, 10, 3, 4, 40, 124, 51, 22, 162, 95, 165, 125, 168, 63, 79, 78, 170, 54, 153, 152, 62, 41, 0]"""
j20,1,proactive_quantile_0.9,60,False,inf,0.1385633945465088,inf,"[0, 0, 19, 0, 3, 9, 7, 8, 12, 5, 21, 7, 13, 25, 24, 28, 27, 19, 35, 33, 28, 0, 0, 0, 0, 0, 0, 0, 0, 0, 0, 0, 0, 0, 0, 0, 0, 0, 0, 169]","""[0, 2, 3, 8, 1, 4, 1, 1, 5, 2, 2, 5, 3, 1, 1, 2, 2, 7, 6, 7, 8, 40, 124, 51, 22, 162, 95, 165, 125, 168, 63, 79, 78, 170, 54, 153, 152, 62, 41, 0]"""
j20,1,reactive,60,False,inf,inf,inf,null,"[0, 2, 3, 8, 1, 4, 1, 1, 5, 2, 2, 5, 3, 1, 1, 2, 2, 7, 6, 7, 8, 40, 124, 51, 22, 162, 95, 165, 125, 168, 63, 79, 78, 170, 54, 153, 152, 62, 41, 0]"
j20,1,stnu,60,False,inf,1.123215913772583,inf,[],"""[0, 2, 3, 8, 1, 4, 1, 1, 5, 2, 2, 5, 3, 1, 1, 2, 2, 7, 6, 7, 8, 40, 124, 51, 22, 162, 95, 165, 125, 168, 63, 79, 78, 170, 54, 153, 152, 62, 41, 0]"""
j20,1,proactive_quantile_0.9,60,True,44,0.1370556354522705,0.003154277801513672,"[0, 0, 19, 0, 3, 9, 7, 8, 12, 5, 21, 7, 13, 25, 24, 28, 27, 19, 35, 33, 28, 0, 0, 0, 0, 0, 0, 0, 0, 0, 0, 0, 0, 0, 0, 0, 0, 0, 0, 169]","""[0, 2, 1, 4, 3, 1, 1, 1, 7, 2, 1, 4, 4, 2, 4, 3, 1, 5, 8, 2, 4, 40, 124, 51, 22, 162, 95, 165, 125, 168, 63, 79, 78, 170, 54, 153, 152, 62, 41, 0]"""
j20,1,reactive,60,False,inf,inf,inf,null,"[0, 2, 1, 4, 3, 1, 1, 1, 7, 2, 1, 4, 4, 2, 4, 3, 1, 5, 8, 2, 4, 40, 124, 51, 22, 162, 95, 165, 125, 168, 63, 79, 78, 170, 54, 153, 152, 62, 41, 0]"
j20,1,stnu,60,False,inf,1.0738050937652588,inf,[],"""[0, 2, 1, 4, 3, 1, 1, 1, 7, 2, 1, 4, 4, 2, 4, 3, 1, 5, 8, 2, 4, 40, 124, 51, 22, 162, 95, 165, 125, 168, 63, 79, 78, 170, 54, 153, 152, 62, 41, 0]"""
j20,1,proactive_quantile_0.9,60,False,inf,0.14392471313476562,inf,"[0, 0, 19, 0, 3, 9, 7, 8, 12, 5, 21, 7, 13, 25, 24, 28, 27, 19, 35, 33, 28, 0, 0, 0, 0, 0, 0, 0, 0, 0, 0, 0, 0, 0, 0, 0, 0, 0, 0, 169]","""[0, 3, 2, 3, 1, 2, 1, 2, 8, 1, 1, 2, 5, 4, 2, 2, 1, 3, 10, 7, 8, 40, 124, 51, 22, 162, 95, 165, 125, 168, 63, 79, 78, 170, 54, 153, 152, 62, 41, 0]"""
j20,1,reactive,60,False,inf,inf,inf,null,"[0, 3, 2, 3, 1, 2, 1, 2, 8, 1, 1, 2, 5, 4, 2, 2, 1, 3, 10, 7, 8, 40, 124, 51, 22, 162, 95, 165, 125, 168, 63, 79, 78, 170, 54, 153, 152, 62, 41, 0]"
j20,1,stnu,60,False,inf,1.0228593349456787,inf,[],"""[0, 3, 2, 3, 1, 2, 1, 2, 8, 1, 1, 2, 5, 4, 2, 2, 1, 3, 10, 7, 8, 40, 124, 51, 22, 162, 95, 165, 125, 168, 63, 79, 78, 170, 54, 153, 152, 62, 41, 0]"""
j20,1,proactive_quantile_0.9,60,False,inf,0.14375591278076172,inf,"[0, 0, 19, 0, 3, 9, 7, 8, 12, 5, 21, 7, 13, 25, 24, 28, 27, 19, 35, 33, 28, 0, 0, 0, 0, 0, 0, 0, 0, 0, 0, 0, 0, 0, 0, 0, 0, 0, 0, 169]","""[0, 2, 3, 7, 3, 4, 1, 1, 3, 1, 4, 5, 3, 2, 4, 4, 1, 4, 10, 3, 7, 40, 124, 51, 22, 162, 95, 165, 125, 168, 63, 79, 78, 170, 54, 153, 152, 62, 41, 0]"""
j20,1,reactive,60,False,inf,inf,inf,null,"[0, 2, 3, 7, 3, 4, 1, 1, 3, 1, 4, 5, 3, 2, 4, 4, 1, 4, 10, 3, 7, 40, 124, 51, 22, 162, 95, 165, 125, 168, 63, 79, 78, 170, 54, 153, 152, 62, 41, 0]"
j20,1,stnu,60,False,inf,1.0262231826782227,inf,[],"""[0, 2, 3, 7, 3, 4, 1, 1, 3, 1, 4, 5, 3, 2, 4, 4, 1, 4, 10, 3, 7, 40, 124, 51, 22, 162, 95, 165, 125, 168, 63, 79, 78, 170, 54, 153, 152, 62, 41, 0]"""
j20,1,proactive_quantile_0.9,60,False,inf,0.2831146717071533,inf,"[0, 0, 19, 0, 3, 9, 7, 8, 12, 5, 21, 7, 13, 25, 24, 28, 27, 19, 35, 33, 28, 0, 0, 0, 0, 0, 0, 0, 0, 0, 0, 0, 0, 0, 0, 0, 0, 0, 0, 169]","""[0, 1, 1, 3, 2, 1, 2, 1, 7, 1, 1, 2, 3, 2, 4, 5, 1, 4, 8, 2, 7, 40, 124, 51, 22, 162, 95, 165, 125, 168, 63, 79, 78, 170, 54, 153, 152, 62, 41, 0]"""
j20,1,reactive,60,False,inf,inf,inf,null,"[0, 1, 1, 3, 2, 1, 2, 1, 7, 1, 1, 2, 3, 2, 4, 5, 1, 4, 8, 2, 7, 40, 124, 51, 22, 162, 95, 165, 125, 168, 63, 79, 78, 170, 54, 153, 152, 62, 41, 0]"
j20,1,stnu,60,False,inf,1.037175178527832,inf,[],"""[0, 1, 1, 3, 2, 1, 2, 1, 7, 1, 1, 2, 3, 2, 4, 5, 1, 4, 8, 2, 7, 40, 124, 51, 22, 162, 95, 165, 125, 168, 63, 79, 78, 170, 54, 153, 152, 62, 41, 0]"""
j20,1,proactive_quantile_0.9,60,True,44,0.1462860107421875,0.0032341480255126953,"[0, 0, 19, 0, 3, 9, 7, 8, 12, 5, 21, 7, 13, 25, 24, 28, 27, 19, 35, 33, 28, 0, 0, 0, 0, 0, 0, 0, 0, 0, 0, 0, 0, 0, 0, 0, 0, 0, 0, 169]","""[0, 1, 3, 7, 2, 1, 1, 1, 7, 1, 3, 4, 3, 3, 2, 6, 1, 2, 9, 3, 5, 40, 124, 51, 22, 162, 95, 165, 125, 168, 63, 79, 78, 170, 54, 153, 152, 62, 41, 0]"""
j20,1,reactive,60,False,inf,inf,inf,null,"[0, 1, 3, 7, 2, 1, 1, 1, 7, 1, 3, 4, 3, 3, 2, 6, 1, 2, 9, 3, 5, 40, 124, 51, 22, 162, 95, 165, 125, 168, 63, 79, 78, 170, 54, 153, 152, 62, 41, 0]"
j20,1,stnu,60,False,inf,1.030493974685669,inf,[],"""[0, 1, 3, 7, 2, 1, 1, 1, 7, 1, 3, 4, 3, 3, 2, 6, 1, 2, 9, 3, 10, 40, 124, 51, 22, 162, 95, 165, 125, 168, 63, 79, 78, 170, 54, 153, 152, 62, 41, 0]"""
j20,1,proactive_quantile_0.9,60,False,inf,0.13901257514953613,inf,"[0, 0, 19, 0, 3, 9, 7, 8, 12, 5, 21, 7, 13, 25, 24, 28, 27, 19, 35, 33, 28, 0, 0, 0, 0, 0, 0, 0, 0, 0, 0, 0, 0, 0, 0, 0, 0, 0, 0, 169]","""[0, 4, 2, 6, 1, 3, 2, 1, 5, 1, 4, 6, 3, 2, 1, 5, 1, 6, 6, 4, 7, 40, 124, 51, 22, 162, 95, 165, 125, 168, 63, 79, 78, 170, 54, 153, 152, 62, 41, 0]"""
j20,1,reactive,60,False,inf,inf,inf,null,"[0, 4, 2, 6, 1, 3, 2, 1, 5, 1, 4, 6, 3, 2, 1, 5, 1, 6, 6, 4, 7, 40, 124, 51, 22, 162, 95, 165, 125, 168, 63, 79, 78, 170, 54, 153, 152, 62, 41, 0]"
j20,1,stnu,60,False,inf,1.0278477668762207,inf,[],"""[0, 4, 2, 6, 1, 3, 2, 1, 5, 1, 4, 6, 3, 2, 1, 5, 1, 6, 6, 4, 7, 40, 124, 51, 22, 162, 95, 165, 125, 168, 63, 79, 78, 170, 54, 153, 152, 62, 41, 0]"""
j20,1,proactive_quantile_0.9,60,False,inf,0.13220882415771484,inf,"[0, 0, 19, 0, 3, 9, 7, 8, 12, 5, 21, 7, 13, 25, 24, 28, 27, 19, 35, 33, 28, 0, 0, 0, 0, 0, 0, 0, 0, 0, 0, 0, 0, 0, 0, 0, 0, 0, 0, 169]","""[0, 4, 1, 3, 3, 3, 1, 2, 5, 3, 3, 3, 6, 2, 3, 5, 2, 6, 9, 5, 3, 40, 124, 51, 22, 162, 95, 165, 125, 168, 63, 79, 78, 170, 54, 153, 152, 62, 41, 0]"""
j20,1,reactive,60,False,inf,inf,inf,null,"[0, 4, 1, 3, 3, 3, 1, 2, 5, 3, 3, 3, 6, 2, 3, 5, 2, 6, 9, 5, 3, 40, 124, 51, 22, 162, 95, 165, 125, 168, 63, 79, 78, 170, 54, 153, 152, 62, 41, 0]"
j20,1,stnu,60,False,inf,1.031135082244873,inf,[],"""[0, 4, 1, 3, 3, 3, 1, 2, 5, 3, 3, 3, 6, 2, 3, 5, 2, 6, 9, 5, 3, 40, 124, 51, 22, 162, 95, 165, 125, 168, 63, 79, 78, 170, 54, 153, 152, 62, 41, 0]"""
j20,1,stnu,60,False,inf,0.9456343650817871,inf,[],"""[0, 4, 2, 7, 8, 2, 4, 1, 8, 1, 3, 3, 5, 8, 3, 2, 1, 2, 5, 7, 1, 114, 108, 136, 98, 49, 138, 76, 95, 80, 21, 36, 0]"""
j20,1,stnu,60,False,inf,0.9462294578552246,inf,[],"""[0, 2, 5, 8, 6, 1, 8, 1, 9, 3, 1, 1, 5, 5, 1, 1, 1, 2, 6, 7, 1, 114, 108, 136, 98, 49, 138, 76, 95, 80, 21, 36, 0]"""
j20,1,stnu,60,False,inf,0.9200131893157959,inf,[],"""[0, 2, 3, 3, 8, 3, 6, 2, 9, 2, 3, 2, 5, 4, 1, 3, 3, 2, 7, 8, 1, 114, 108, 136, 98, 49, 138, 76, 95, 80, 21, 36, 0]"""
j20,1,stnu,60,False,inf,0.9313995838165283,inf,[],"""[0, 4, 4, 4, 6, 1, 8, 1, 10, 3, 4, 3, 3, 9, 1, 1, 1, 1, 7, 8, 2, 114, 108, 136, 98, 49, 138, 76, 95, 80, 21, 36, 0]"""
j20,1,stnu,60,False,inf,0.9578778743743896,inf,[],"""[0, 4, 2, 7, 10, 1, 6, 2, 6, 1, 2, 3, 3, 4, 2, 3, 2, 3, 7, 7, 3, 114, 108, 136, 98, 49, 138, 76, 95, 80, 21, 36, 0]"""
j20,1,stnu,60,False,inf,1.059591293334961,inf,[],"""[0, 3, 5, 6, 8, 3, 8, 1, 7, 4, 1, 1, 4, 5, 2, 1, 1, 1, 8, 3, 2, 114, 108, 136, 98, 49, 138, 76, 95, 80, 21, 36, 0]"""
j20,1,stnu,60,False,inf,0.9301838874816895,inf,[],"""[0, 1, 4, 7, 5, 3, 6, 2, 7, 4, 3, 3, 6, 7, 1, 2, 1, 1, 3, 6, 2, 114, 108, 136, 98, 49, 138, 76, 95, 80, 21, 36, 0]"""
j20,1,stnu,60,False,inf,0.9393064975738525,inf,[],"""[0, 1, 2, 3, 7, 2, 8, 1, 10, 2, 3, 1, 2, 4, 3, 3, 1, 1, 4, 4, 3, 114, 108, 136, 98, 49, 138, 76, 95, 80, 21, 36, 0]"""
j20,1,stnu,60,False,inf,0.9236946105957031,inf,[],"""[0, 1, 6, 3, 9, 3, 6, 2, 7, 4, 4, 2, 3, 5, 3, 3, 4, 3, 6, 6, 1, 114, 108, 136, 98, 49, 138, 76, 95, 80, 21, 36, 0]"""
j20,1,stnu,60,False,inf,0.9339282512664795,inf,[],"""[0, 3, 6, 6, 9, 3, 9, 2, 10, 4, 3, 2, 5, 9, 1, 3, 3, 3, 4, 4, 3, 114, 108, 136, 98, 49, 138, 76, 95, 80, 21, 36, 0]"""
j20,1,proactive_quantile_0.9,60,False,inf,0.10199666023254395,inf,"[0, 0, 0, 0, 7, 15, 15, 15, 23, 9, 23, 7, 23, 34, 34, 27, 25, 39, 46, 34, 15, 0, 0, 0, 0, 0, 135]","""[0, 9, 7, 5, 9, 7, 8, 5, 10, 4, 10, 1, 3, 5, 3, 3, 3, 6, 9, 9, 8, 106, 27, 43, 109, 136, 0]"""
j20,1,reactive,60,False,inf,inf,inf,null,"[0, 9, 7, 5, 9, 7, 8, 5, 10, 4, 10, 1, 3, 5, 3, 3, 3, 6, 9, 9, 8, 106, 27, 43, 109, 136, 0]"
j20,1,stnu,60,True,52,0.9898669719696045,0.026911020278930664,"[0, 0, 0, 0, 7, 16, 16, 16, 24, 9, 24, 7, 24, 34, 34, 27, 27, 37, 43, 34, 13, 0, 0, 0, 0, 0, 52]","""[0, 9, 7, 5, 9, 7, 8, 5, 10, 4, 10, 1, 3, 5, 3, 3, 3, 6, 9, 9, 8, 106, 27, 43, 109, 136, 0]"""
j20,1,proactive_quantile_0.9,60,True,55,0.1000967025756836,0.0010592937469482422,"[0, 0, 0, 0, 7, 15, 15, 15, 23, 9, 23, 7, 23, 34, 34, 27, 25, 39, 46, 34, 15, 0, 0, 0, 0, 0, 135]","""[0, 8, 5, 8, 5, 6, 5, 8, 11, 3, 8, 4, 1, 3, 6, 4, 6, 7, 5, 8, 6, 106, 27, 43, 109, 136, 0]"""
j20,1,reactive,60,False,inf,inf,inf,null,"[0, 8, 5, 8, 5, 6, 5, 8, 11, 3, 8, 4, 1, 3, 6, 4, 6, 7, 5, 8, 6, 106, 27, 43, 109, 136, 0]"
j20,1,stnu,60,True,50,1.0002670288085938,0.027347087860107422,"[0, 0, 0, 0, 8, 13, 13, 13, 21, 8, 21, 8, 21, 32, 32, 22, 22, 38, 45, 32, 12, 0, 0, 0, 0, 0, 50]","""[0, 8, 5, 8, 5, 6, 5, 8, 11, 3, 8, 4, 1, 3, 6, 4, 6, 7, 5, 8, 6, 106, 27, 43, 109, 136, 0]"""
j20,1,proactive_quantile_0.9,60,True,55,0.10132718086242676,0.0010612010955810547,"[0, 0, 0, 0, 7, 15, 15, 15, 23, 9, 23, 7, 23, 34, 34, 27, 25, 39, 46, 34, 15, 0, 0, 0, 0, 0, 135]","""[0, 10, 4, 4, 5, 4, 8, 5, 11, 4, 9, 1, 2, 7, 5, 2, 3, 5, 9, 9, 9, 106, 27, 43, 109, 136, 0]"""
j20,1,reactive,60,False,inf,inf,inf,null,"[0, 10, 4, 4, 5, 4, 8, 5, 11, 4, 9, 1, 2, 7, 5, 2, 3, 5, 9, 9, 9, 106, 27, 43, 109, 136, 0]"
j20,1,stnu,60,True,52,0.9897763729095459,0.027718544006347656,"[0, 0, 0, 0, 4, 14, 14, 14, 22, 10, 22, 4, 22, 33, 33, 24, 24, 38, 43, 33, 14, 0, 0, 0, 0, 0, 52]","""[0, 10, 4, 4, 5, 4, 8, 5, 11, 4, 9, 1, 2, 7, 5, 2, 3, 5, 9, 9, 9, 106, 27, 43, 109, 136, 0]"""
j20,1,proactive_quantile_0.9,60,True,55,0.09752011299133301,0.0010676383972167969,"[0, 0, 0, 0, 7, 15, 15, 15, 23, 9, 23, 7, 23, 34, 34, 27, 25, 39, 46, 34, 15, 0, 0, 0, 0, 0, 135]","""[0, 8, 5, 8, 9, 4, 4, 4, 11, 2, 11, 3, 2, 7, 6, 4, 2, 3, 6, 9, 9, 106, 27, 43, 109, 136, 0]"""
j20,1,reactive,60,False,inf,inf,inf,null,"[0, 8, 5, 8, 9, 4, 4, 4, 11, 2, 11, 3, 2, 7, 6, 4, 2, 3, 6, 9, 9, 106, 27, 43, 109, 136, 0]"
j20,1,stnu,60,True,47,1.018481731414795,0.027560949325561523,"[0, 0, 0, 0, 8, 17, 17, 17, 21, 8, 21, 8, 21, 32, 32, 23, 23, 38, 41, 32, 11, 0, 0, 0, 0, 0, 47]","""[0, 8, 5, 8, 9, 4, 4, 4, 11, 2, 11, 3, 2, 7, 6, 4, 2, 3, 6, 9, 9, 106, 27, 43, 109, 136, 0]"""
j20,1,proactive_quantile_0.9,60,False,inf,0.10527586936950684,inf,"[0, 0, 0, 0, 7, 15, 15, 15, 23, 9, 23, 7, 23, 34, 34, 27, 25, 39, 46, 34, 15, 0, 0, 0, 0, 0, 135]","""[0, 10, 7, 5, 9, 4, 4, 7, 9, 4, 7, 3, 3, 3, 2, 2, 6, 8, 8, 9, 12, 106, 27, 43, 109, 136, 0]"""
j20,1,reactive,60,False,inf,inf,inf,null,"[0, 10, 7, 5, 9, 4, 4, 7, 9, 4, 7, 3, 3, 3, 2, 2, 6, 8, 8, 9, 12, 106, 27, 43, 109, 136, 0]"
j20,1,stnu,60,True,50,1.0108566284179688,0.02736067771911621,"[0, 0, 0, 0, 7, 16, 16, 16, 23, 10, 23, 7, 23, 32, 32, 26, 26, 34, 42, 32, 14, 0, 0, 0, 0, 0, 50]","""[0, 10, 7, 5, 9, 4, 4, 7, 9, 4, 7, 3, 3, 3, 2, 2, 6, 8, 8, 9, 12, 106, 27, 43, 109, 136, 0]"""
j20,1,proactive_quantile_0.9,60,True,55,0.10697412490844727,0.001115560531616211,"[0, 0, 0, 0, 7, 15, 15, 15, 23, 9, 23, 7, 23, 34, 34, 27, 25, 39, 46, 34, 15, 0, 0, 0, 0, 0, 135]","""[0, 6, 7, 6, 6, 7, 6, 6, 12, 6, 12, 3, 2, 5, 3, 1, 6, 7, 6, 8, 12, 106, 27, 43, 109, 136, 0]"""
j20,1,reactive,60,False,inf,inf,inf,null,"[0, 6, 7, 6, 6, 7, 6, 6, 12, 6, 12, 3, 2, 5, 3, 1, 6, 7, 6, 8, 12, 106, 27, 43, 109, 136, 0]"
j20,1,stnu,60,True,48,1.0143415927886963,0.027265548706054688,"[0, 0, 0, 0, 7, 13, 13, 13, 20, 6, 20, 7, 20, 32, 32, 24, 22, 35, 42, 32, 12, 0, 0, 0, 0, 0, 48]","""[0, 6, 7, 6, 6, 7, 6, 6, 12, 6, 12, 3, 2, 5, 3, 1, 6, 7, 6, 8, 12, 106, 27, 43, 109, 136, 0]"""
j20,1,proactive_quantile_0.9,60,False,inf,0.09258246421813965,inf,"[0, 0, 0, 0, 7, 15, 15, 15, 23, 9, 23, 7, 23, 34, 34, 27, 25, 39, 46, 34, 15, 0, 0, 0, 0, 0, 135]","""[0, 10, 4, 7, 8, 5, 5, 8, 8, 2, 8, 3, 1, 4, 2, 2, 3, 5, 7, 4, 13, 106, 27, 43, 109, 136, 0]"""
j20,1,reactive,60,False,inf,inf,inf,null,"[0, 10, 4, 7, 8, 5, 5, 8, 8, 2, 8, 3, 1, 4, 2, 2, 3, 5, 7, 4, 13, 106, 27, 43, 109, 136, 0]"
j20,1,stnu,60,True,45,1.0064184665679932,0.027207612991333008,"[0, 0, 0, 0, 7, 15, 15, 15, 23, 10, 23, 7, 23, 31, 31, 25, 24, 33, 38, 31, 12, 0, 0, 0, 0, 0, 45]","""[0, 10, 4, 7, 8, 5, 5, 8, 8, 2, 8, 3, 1, 4, 2, 2, 3, 5, 7, 4, 13, 106, 27, 43, 109, 136, 0]"""
j20,1,proactive_quantile_0.9,60,True,55,0.10236167907714844,0.0010716915130615234,"[0, 0, 0, 0, 7, 15, 15, 15, 23, 9, 23, 7, 23, 34, 34, 27, 25, 39, 46, 34, 15, 0, 0, 0, 0, 0, 135]","""[0, 10, 7, 6, 8, 4, 4, 7, 12, 7, 12, 2, 2, 3, 2, 4, 4, 5, 6, 8, 8, 106, 27, 43, 109, 136, 0]"""
j20,1,reactive,60,False,inf,inf,inf,null,"[0, 10, 7, 6, 8, 4, 4, 7, 12, 7, 12, 2, 2, 3, 2, 4, 4, 5, 6, 8, 8, 106, 27, 43, 109, 136, 0]"
j20,1,stnu,60,True,49,1.0048444271087646,0.027277708053588867,"[0, 0, 0, 0, 7, 17, 17, 17, 24, 10, 24, 7, 24, 36, 36, 26, 26, 38, 43, 36, 17, 0, 0, 0, 0, 0, 49]","""[0, 10, 7, 6, 8, 4, 4, 7, 12, 7, 12, 2, 2, 3, 2, 4, 4, 5, 6, 8, 8, 106, 27, 43, 109, 136, 0]"""
j20,1,proactive_quantile_0.9,60,True,55,0.09566497802734375,0.0010619163513183594,"[0, 0, 0, 0, 7, 15, 15, 15, 23, 9, 23, 7, 23, 34, 34, 27, 25, 39, 46, 34, 15, 0, 0, 0, 0, 0, 135]","""[0, 9, 6, 6, 7, 4, 8, 6, 7, 3, 6, 3, 2, 3, 6, 1, 3, 6, 8, 9, 8, 106, 27, 43, 109, 136, 0]"""
j20,1,reactive,60,False,inf,inf,inf,null,"[0, 9, 6, 6, 7, 4, 8, 6, 7, 3, 6, 3, 2, 3, 6, 1, 3, 6, 8, 9, 8, 106, 27, 43, 109, 136, 0]"
j20,1,stnu,60,True,48,1.0060627460479736,0.027385473251342773,"[0, 0, 0, 0, 6, 13, 13, 13, 21, 9, 21, 6, 21, 28, 28, 23, 23, 34, 40, 28, 12, 0, 0, 0, 0, 0, 48]","""[0, 9, 6, 6, 7, 4, 8, 6, 7, 3, 6, 3, 2, 3, 6, 1, 3, 6, 8, 9, 8, 106, 27, 43, 109, 136, 0]"""
j20,1,proactive_quantile_0.9,60,True,55,0.09597134590148926,0.0010552406311035156,"[0, 0, 0, 0, 7, 15, 15, 15, 23, 9, 23, 7, 23, 34, 34, 27, 25, 39, 46, 34, 15, 0, 0, 0, 0, 0, 135]","""[0, 5, 3, 5, 4, 8, 5, 4, 12, 4, 12, 4, 2, 7, 3, 3, 2, 7, 8, 9, 12, 106, 27, 43, 109, 136, 0]"""
j20,1,reactive,60,False,inf,inf,inf,null,"[0, 5, 3, 5, 4, 8, 5, 4, 12, 4, 12, 4, 2, 7, 3, 3, 2, 7, 8, 9, 12, 106, 27, 43, 109, 136, 0]"
j20,1,stnu,60,True,47,1.0141005516052246,0.027230501174926758,"[0, 0, 0, 0, 5, 9, 9, 9, 17, 5, 17, 5, 17, 29, 29, 21, 19, 32, 39, 29, 9, 0, 0, 0, 0, 0, 47]","""[0, 5, 3, 5, 4, 8, 5, 4, 12, 4, 12, 4, 2, 7, 3, 3, 2, 7, 8, 9, 12, 106, 27, 43, 109, 136, 0]"""
j20,1,proactive_quantile_0.9,60,False,inf,0.07967782020568848,inf,"[0, 0, 11, 0, 3, 4, 3, 1, 3, 11, 11, 11, 14, 12, 22, 22, 14, 22, 30, 33, 21, 0, 0, 0, 0, 0, 0, 0, 0, 0, 136]","""[0, 4, 9, 2, 1, 5, 9, 3, 5, 4, 1, 12, 7, 3, 9, 9, 4, 7, 4, 2, 3, 27, 94, 137, 120, 35, 98, 21, 43, 101, 0]"""
j20,1,reactive,60,False,inf,inf,inf,null,"[0, 4, 9, 2, 1, 5, 9, 3, 5, 4, 1, 12, 7, 3, 9, 9, 4, 7, 4, 2, 3, 27, 94, 137, 120, 35, 98, 21, 43, 101, 0]"
j20,1,stnu,60,False,inf,0.9220895767211914,inf,[],"""[0, 4, 9, 2, 1, 5, 9, 3, 5, 4, 1, 12, 7, 3, 9, 9, 4, 7, 4, 2, 3, 27, 94, 137, 120, 35, 98, 21, 43, 101, 0]"""
j20,1,proactive_quantile_0.9,60,False,inf,0.08289861679077148,inf,"[0, 0, 11, 0, 3, 4, 3, 1, 3, 11, 11, 11, 14, 12, 22, 22, 14, 22, 30, 33, 21, 0, 0, 0, 0, 0, 0, 0, 0, 0, 136]","""[0, 1, 9, 1, 2, 4, 5, 6, 9, 4, 2, 10, 5, 3, 4, 8, 3, 6, 4, 2, 2, 27, 94, 137, 120, 35, 98, 21, 43, 101, 0]"""
j20,1,reactive,60,False,inf,inf,inf,null,"[0, 1, 9, 1, 2, 4, 5, 6, 9, 4, 2, 10, 5, 3, 4, 8, 3, 6, 4, 2, 2, 27, 94, 137, 120, 35, 98, 21, 43, 101, 0]"
j20,1,stnu,60,False,inf,0.9086258411407471,inf,[],"""[0, 1, 9, 1, 2, 4, 5, 6, 9, 4, 2, 10, 5, 3, 4, 8, 3, 6, 4, 2, 2, 27, 94, 137, 120, 35, 98, 21, 43, 101, 0]"""
j20,1,proactive_quantile_0.9,60,False,inf,0.08191323280334473,inf,"[0, 0, 11, 0, 3, 4, 3, 1, 3, 11, 11, 11, 14, 12, 22, 22, 14, 22, 30, 33, 21, 0, 0, 0, 0, 0, 0, 0, 0, 0, 136]","""[0, 1, 9, 1, 2, 4, 8, 5, 4, 4, 1, 9, 6, 1, 8, 4, 6, 7, 3, 1, 4, 27, 94, 137, 120, 35, 98, 21, 43, 101, 0]"""
j20,1,reactive,60,False,inf,inf,inf,null,"[0, 1, 9, 1, 2, 4, 8, 5, 4, 4, 1, 9, 6, 1, 8, 4, 6, 7, 3, 1, 4, 27, 94, 137, 120, 35, 98, 21, 43, 101, 0]"
j20,1,stnu,60,False,inf,0.9052200317382812,inf,[],"""[0, 1, 2, 1, 2, 4, 2, 2, 3, 1, 1, 3, 2, 1, 6, 4, 6, 5, 3, 2, 1, 27, 94, 137, 120, 35, 98, 21, 43, 101, 0]"""
j20,1,proactive_quantile_0.9,60,True,35,0.08890700340270996,0.0014472007751464844,"[0, 0, 11, 0, 3, 4, 3, 1, 3, 11, 11, 11, 14, 12, 22, 22, 14, 22, 30, 33, 21, 0, 0, 0, 0, 0, 0, 0, 0, 0, 136]","""[0, 1, 8, 1, 1, 4, 6, 2, 6, 2, 1, 12, 8, 1, 7, 5, 5, 6, 6, 2, 3, 27, 94, 137, 120, 35, 98, 21, 43, 101, 0]"""
j20,1,reactive,60,False,inf,inf,inf,null,"[0, 1, 8, 1, 1, 4, 6, 2, 6, 2, 1, 12, 8, 1, 7, 5, 5, 6, 6, 2, 3, 27, 94, 137, 120, 35, 98, 21, 43, 101, 0]"
j20,1,stnu,60,False,inf,1.0318934917449951,inf,[],"""[0, 1, 8, 1, 1, 4, 6, 2, 6, 2, 1, 12, 8, 1, 7, 5, 5, 6, 6, 2, 3, 27, 94, 137, 120, 35, 98, 21, 43, 101, 0]"""
j20,1,proactive_quantile_0.9,60,True,35,0.08162283897399902,0.0014319419860839844,"[0, 0, 11, 0, 3, 4, 3, 1, 3, 11, 11, 11, 14, 12, 22, 22, 14, 22, 30, 33, 21, 0, 0, 0, 0, 0, 0, 0, 0, 0, 136]","""[0, 2, 7, 2, 1, 5, 6, 6, 6, 2, 1, 8, 4, 3, 9, 6, 5, 9, 5, 2, 4, 27, 94, 137, 120, 35, 98, 21, 43, 101, 0]"""
j20,1,reactive,60,False,inf,inf,inf,null,"[0, 2, 7, 2, 1, 5, 6, 6, 6, 2, 1, 8, 4, 3, 9, 6, 5, 9, 5, 2, 4, 27, 94, 137, 120, 35, 98, 21, 43, 101, 0]"
j20,1,stnu,60,False,inf,0.9055061340332031,inf,[],"""[0, 2, 7, 2, 1, 5, 6, 6, 6, 2, 1, 8, 4, 3, 9, 6, 5, 9, 5, 2, 4, 27, 94, 137, 120, 35, 98, 21, 43, 101, 0]"""
j20,1,proactive_quantile_0.9,60,False,inf,0.08415913581848145,inf,"[0, 0, 11, 0, 3, 4, 3, 1, 3, 11, 11, 11, 14, 12, 22, 22, 14, 22, 30, 33, 21, 0, 0, 0, 0, 0, 0, 0, 0, 0, 136]","""[0, 4, 9, 2, 2, 3, 9, 2, 4, 2, 1, 10, 4, 1, 9, 5, 7, 9, 2, 2, 4, 27, 94, 137, 120, 35, 98, 21, 43, 101, 0]"""
j20,1,reactive,60,False,inf,inf,inf,null,"[0, 4, 9, 2, 2, 3, 9, 2, 4, 2, 1, 10, 4, 1, 9, 5, 7, 9, 2, 2, 4, 27, 94, 137, 120, 35, 98, 21, 43, 101, 0]"
j20,1,stnu,60,False,inf,0.9181134700775146,inf,[],"""[0, 4, 9, 2, 2, 3, 9, 2, 4, 2, 1, 10, 4, 1, 9, 5, 7, 9, 2, 2, 4, 27, 94, 137, 120, 35, 98, 21, 43, 101, 0]"""
j20,1,proactive_quantile_0.9,60,False,inf,0.08267521858215332,inf,"[0, 0, 11, 0, 3, 4, 3, 1, 3, 11, 11, 11, 14, 12, 22, 22, 14, 22, 30, 33, 21, 0, 0, 0, 0, 0, 0, 0, 0, 0, 136]","""[0, 1, 7, 2, 2, 6, 4, 5, 5, 3, 2, 8, 3, 1, 8, 5, 7, 8, 3, 2, 2, 27, 94, 137, 120, 35, 98, 21, 43, 101, 0]"""
j20,1,reactive,60,False,inf,inf,inf,null,"[0, 1, 7, 2, 2, 6, 4, 5, 5, 3, 2, 8, 3, 1, 8, 5, 7, 8, 3, 2, 2, 27, 94, 137, 120, 35, 98, 21, 43, 101, 0]"
j20,1,stnu,60,False,inf,0.9027388095855713,inf,[],"""[0, 1, 7, 2, 2, 6, 4, 5, 5, 3, 2, 8, 3, 1, 8, 5, 7, 8, 3, 2, 2, 27, 94, 137, 120, 35, 98, 21, 43, 101, 0]"""
j20,1,proactive_quantile_0.9,60,True,35,0.08542585372924805,0.0014433860778808594,"[0, 0, 11, 0, 3, 4, 3, 1, 3, 11, 11, 11, 14, 12, 22, 22, 14, 22, 30, 33, 21, 0, 0, 0, 0, 0, 0, 0, 0, 0, 136]","""[0, 1, 7, 2, 1, 4, 4, 4, 8, 2, 1, 12, 6, 2, 9, 9, 4, 7, 5, 2, 2, 27, 94, 137, 120, 35, 98, 21, 43, 101, 0]"""
j20,1,reactive,60,False,inf,inf,inf,null,"[0, 1, 7, 2, 1, 4, 4, 4, 8, 2, 1, 12, 6, 2, 9, 9, 4, 7, 5, 2, 2, 27, 94, 137, 120, 35, 98, 21, 43, 101, 0]"
j20,1,stnu,60,False,inf,0.8970062732696533,inf,[],"""[0, 1, 7, 2, 1, 4, 4, 4, 8, 2, 1, 12, 6, 2, 9, 9, 4, 7, 5, 2, 2, 27, 94, 137, 120, 35, 98, 21, 43, 101, 0]"""
j20,1,proactive_quantile_0.9,60,False,inf,0.08881020545959473,inf,"[0, 0, 11, 0, 3, 4, 3, 1, 3, 11, 11, 11, 14, 12, 22, 22, 14, 22, 30, 33, 21, 0, 0, 0, 0, 0, 0, 0, 0, 0, 136]","""[0, 4, 7, 1, 2, 8, 7, 3, 8, 3, 2, 6, 4, 1, 8, 4, 7, 11, 6, 2, 4, 27, 94, 137, 120, 35, 98, 21, 43, 101, 0]"""
j20,1,reactive,60,False,inf,inf,inf,null,"[0, 4, 7, 1, 2, 8, 7, 3, 8, 3, 2, 6, 4, 1, 8, 4, 7, 11, 6, 2, 4, 27, 94, 137, 120, 35, 98, 21, 43, 101, 0]"
j20,1,stnu,60,False,inf,0.9240005016326904,inf,[],"""[0, 4, 7, 1, 2, 8, 7, 3, 8, 3, 2, 6, 4, 1, 8, 4, 7, 11, 6, 2, 4, 27, 94, 137, 120, 35, 98, 21, 43, 101, 0]"""
j20,1,proactive_quantile_0.9,60,False,inf,0.08223223686218262,inf,"[0, 0, 11, 0, 3, 4, 3, 1, 3, 11, 11, 11, 14, 12, 22, 22, 14, 22, 30, 33, 21, 0, 0, 0, 0, 0, 0, 0, 0, 0, 136]","""[0, 1, 9, 2, 2, 4, 4, 6, 9, 1, 2, 12, 6, 3, 7, 7, 4, 9, 5, 3, 4, 27, 94, 137, 120, 35, 98, 21, 43, 101, 0]"""
j20,1,reactive,60,False,inf,inf,inf,null,"[0, 1, 9, 2, 2, 4, 4, 6, 9, 1, 2, 12, 6, 3, 7, 7, 4, 9, 5, 3, 4, 27, 94, 137, 120, 35, 98, 21, 43, 101, 0]"
j20,1,stnu,60,False,inf,1.0278022289276123,inf,[],"""[0, 1, 9, 2, 2, 4, 4, 6, 9, 1, 2, 12, 6, 3, 7, 7, 4, 9, 5, 3, 4, 27, 94, 137, 120, 35, 98, 21, 43, 101, 0]"""
j20,1,proactive_quantile_0.9,60,True,44,0.08887338638305664,0.0009157657623291016,"[0, 0, 0, 0, 7, 6, 13, 9, 9, 6, 16, 16, 22, 11, 22, 9, 27, 31, 35, 33, 22, 0, 0, 0, 0, 0, 0, 86]","""[0, 3, 6, 10, 7, 3, 5, 8, 2, 4, 1, 3, 6, 2, 9, 2, 8, 3, 8, 4, 2, 24, 87, 60, 48, 48, 79, 0]"""
j20,1,reactive,60,False,inf,inf,inf,null,"[0, 3, 6, 10, 7, 3, 5, 8, 2, 4, 1, 3, 6, 2, 9, 2, 8, 3, 8, 4, 2, 24, 87, 60, 48, 48, 79, 0]"
j20,1,stnu,60,True,39,3.1984262466430664,0.026531696319580078,"[0, 0, 0, 0, 6, 3, 13, 6, 6, 3, 14, 14, 17, 10, 18, 6, 23, 27, 31, 30, 18, 0, 0, 0, 0, 0, 0, 39]","""[0, 3, 6, 10, 7, 3, 5, 8, 2, 4, 1, 3, 6, 2, 9, 2, 8, 3, 8, 4, 2, 24, 87, 60, 48, 48, 79, 0]"""
j20,1,proactive_quantile_0.9,60,True,44,0.1356678009033203,0.0009407997131347656,"[0, 0, 0, 0, 7, 6, 13, 9, 9, 6, 16, 16, 22, 11, 22, 9, 27, 31, 35, 33, 22, 0, 0, 0, 0, 0, 0, 86]","""[0, 3, 7, 11, 3, 2, 10, 4, 2, 3, 2, 3, 2, 1, 5, 7, 8, 3, 9, 3, 7, 24, 87, 60, 48, 48, 79, 0]"""
j20,1,reactive,60,False,inf,inf,inf,null,"[0, 3, 7, 11, 3, 2, 10, 4, 2, 3, 2, 3, 2, 1, 5, 7, 8, 3, 9, 3, 7, 24, 87, 60, 48, 48, 79, 0]"
j20,1,stnu,60,True,37,0.984351396560669,0.026480913162231445,"[0, 0, 0, 0, 7, 3, 10, 7, 7, 3, 12, 14, 17, 11, 20, 7, 19, 25, 28, 28, 20, 0, 0, 0, 0, 0, 0, 37]","""[0, 3, 7, 11, 3, 2, 10, 4, 2, 3, 2, 3, 2, 1, 5, 7, 8, 3, 9, 3, 7, 24, 87, 60, 48, 48, 79, 0]"""
j20,1,proactive_quantile_0.9,60,True,44,0.09082293510437012,0.0008971691131591797,"[0, 0, 0, 0, 7, 6, 13, 9, 9, 6, 16, 16, 22, 11, 22, 9, 27, 31, 35, 33, 22, 0, 0, 0, 0, 0, 0, 86]","""[0, 7, 3, 12, 6, 3, 5, 3, 2, 4, 2, 5, 3, 2, 5, 3, 7, 2, 5, 3, 7, 24, 87, 60, 48, 48, 79, 0]"""
j20,1,reactive,60,False,inf,inf,inf,null,"[0, 7, 3, 12, 6, 3, 5, 3, 2, 4, 2, 5, 3, 2, 5, 3, 7, 2, 5, 3, 7, 24, 87, 60, 48, 48, 79, 0]"
j20,1,stnu,60,True,34,1.0020697116851807,0.02629232406616211,"[0, 0, 0, 0, 7, 7, 13, 10, 10, 7, 14, 14, 19, 12, 18, 10, 22, 23, 29, 25, 19, 0, 0, 0, 0, 0, 0, 34]","""[0, 7, 3, 12, 6, 3, 5, 3, 2, 4, 2, 5, 3, 2, 5, 3, 7, 2, 5, 3, 7, 24, 87, 60, 48, 48, 79, 0]"""
j20,1,proactive_quantile_0.9,60,True,44,0.09213399887084961,0.0009357929229736328,"[0, 0, 0, 0, 7, 6, 13, 9, 9, 6, 16, 16, 22, 11, 22, 9, 27, 31, 35, 33, 22, 0, 0, 0, 0, 0, 0, 86]","""[0, 4, 5, 10, 2, 2, 7, 7, 1, 5, 2, 7, 5, 1, 9, 3, 5, 1, 9, 6, 6, 24, 87, 60, 48, 48, 79, 0]"""
j20,1,reactive,60,False,inf,inf,inf,null,"[0, 4, 5, 10, 2, 2, 7, 7, 1, 5, 2, 7, 5, 1, 9, 3, 5, 1, 9, 6, 6, 24, 87, 60, 48, 48, 79, 0]"
j20,1,stnu,60,True,39,0.9865405559539795,0.02642083168029785,"[0, 0, 0, 0, 5, 4, 9, 6, 6, 4, 13, 13, 20, 10, 16, 6, 25, 25, 30, 26, 20, 0, 0, 0, 0, 0, 0, 39]","""[0, 4, 5, 10, 2, 2, 7, 7, 1, 5, 2, 7, 5, 1, 9, 3, 5, 1, 9, 6, 6, 24, 87, 60, 48, 48, 79, 0]"""
j20,1,proactive_quantile_0.9,60,True,44,0.08969283103942871,0.0009353160858154297,"[0, 0, 0, 0, 7, 6, 13, 9, 9, 6, 16, 16, 22, 11, 22, 9, 27, 31, 35, 33, 22, 0, 0, 0, 0, 0, 0, 86]","""[0, 7, 8, 7, 4, 2, 10, 5, 2, 5, 2, 7, 5, 3, 5, 4, 4, 3, 10, 2, 3, 24, 87, 60, 48, 48, 79, 0]"""
j20,1,reactive,60,False,inf,inf,inf,null,"[0, 7, 8, 7, 4, 2, 10, 5, 2, 5, 2, 7, 5, 3, 5, 4, 4, 3, 10, 2, 3, 24, 87, 60, 48, 48, 79, 0]"
j20,1,stnu,60,True,41,1.2104418277740479,0.026038646697998047,"[0, 0, 0, 0, 8, 7, 12, 9, 9, 7, 15, 15, 22, 12, 22, 9, 27, 27, 31, 30, 22, 0, 0, 0, 0, 0, 0, 41]","""[0, 7, 8, 7, 4, 2, 10, 5, 2, 5, 2, 7, 5, 3, 5, 4, 4, 3, 10, 2, 3, 24, 87, 60, 48, 48, 79, 0]"""
j20,1,proactive_quantile_0.9,60,True,44,0.09029912948608398,0.0009381771087646484,"[0, 0, 0, 0, 7, 6, 13, 9, 9, 6, 16, 16, 22, 11, 22, 9, 27, 31, 35, 33, 22, 0, 0, 0, 0, 0, 0, 86]","""[0, 2, 5, 10, 4, 4, 5, 3, 1, 6, 1, 2, 5, 1, 9, 7, 5, 1, 10, 6, 4, 24, 87, 60, 48, 48, 79, 0]"""
j20,1,reactive,60,False,inf,inf,inf,null,"[0, 2, 5, 10, 4, 4, 5, 3, 1, 6, 1, 2, 5, 1, 9, 7, 5, 1, 10, 6, 4, 24, 87, 60, 48, 48, 79, 0]"
j20,1,stnu,60,True,35,0.9834003448486328,0.026263952255249023,"[0, 0, 0, 0, 5, 2, 9, 6, 6, 2, 11, 13, 15, 10, 14, 6, 20, 23, 25, 24, 15, 0, 0, 0, 0, 0, 0, 35]","""[0, 2, 5, 10, 4, 4, 5, 3, 1, 6, 1, 2, 5, 1, 9, 7, 5, 1, 10, 6, 4, 24, 87, 60, 48, 48, 79, 0]"""
j20,1,proactive_quantile_0.9,60,True,44,0.09175848960876465,0.0009353160858154297,"[0, 0, 0, 0, 7, 6, 13, 9, 9, 6, 16, 16, 22, 11, 22, 9, 27, 31, 35, 33, 22, 0, 0, 0, 0, 0, 0, 86]","""[0, 4, 4, 11, 6, 3, 7, 5, 2, 5, 1, 6, 5, 3, 6, 7, 5, 3, 8, 5, 3, 24, 87, 60, 48, 48, 79, 0]"""
j20,1,reactive,60,False,inf,inf,inf,null,"[0, 4, 4, 11, 6, 3, 7, 5, 2, 5, 1, 6, 5, 3, 6, 7, 5, 3, 8, 5, 3, 24, 87, 60, 48, 48, 79, 0]"
j20,1,stnu,60,True,38,0.9983904361724854,0.026334524154663086,"[0, 0, 0, 0, 4, 4, 10, 7, 7, 4, 14, 14, 20, 11, 17, 7, 25, 23, 30, 26, 20, 0, 0, 0, 0, 0, 0, 38]","""[0, 4, 4, 11, 6, 3, 7, 5, 2, 5, 1, 6, 5, 3, 6, 7, 5, 3, 8, 5, 3, 24, 87, 60, 48, 48, 79, 0]"""
j20,1,proactive_quantile_0.9,60,True,44,0.1005704402923584,0.0008490085601806641,"[0, 0, 0, 0, 7, 6, 13, 9, 9, 6, 16, 16, 22, 11, 22, 9, 27, 31, 35, 33, 22, 0, 0, 0, 0, 0, 0, 86]","""[0, 4, 5, 6, 3, 1, 5, 4, 1, 2, 1, 5, 2, 2, 6, 6, 4, 3, 7, 5, 4, 24, 87, 60, 48, 48, 79, 0]"""
j20,1,reactive,60,False,inf,inf,inf,null,"[0, 4, 5, 6, 3, 1, 5, 4, 1, 2, 1, 5, 2, 2, 6, 6, 4, 3, 7, 5, 4, 24, 87, 60, 48, 48, 79, 0]"
j20,1,stnu,60,True,29,1.0541279315948486,0.02605581283569336,"[0, 0, 0, 0, 5, 4, 8, 5, 5, 4, 9, 11, 16, 6, 13, 5, 18, 19, 22, 22, 16, 0, 0, 0, 0, 0, 0, 29]","""[0, 4, 5, 6, 3, 1, 5, 4, 1, 2, 1, 5, 2, 2, 6, 6, 4, 3, 7, 5, 4, 24, 87, 60, 48, 48, 79, 0]"""
j20,1,proactive_quantile_0.9,60,True,44,0.09980607032775879,0.001047372817993164,"[0, 0, 0, 0, 7, 6, 13, 9, 9, 6, 16, 16, 22, 11, 22, 9, 27, 31, 35, 33, 22, 0, 0, 0, 0, 0, 0, 86]","""[0, 4, 7, 12, 6, 4, 8, 6, 2, 2, 2, 7, 4, 3, 5, 6, 7, 2, 10, 2, 6, 24, 87, 60, 48, 48, 79, 0]"""
j20,1,reactive,60,False,inf,inf,inf,null,"[0, 4, 7, 12, 6, 4, 8, 6, 2, 2, 2, 7, 4, 3, 5, 6, 7, 2, 10, 2, 6, 24, 87, 60, 48, 48, 79, 0]"
j20,1,stnu,60,True,43,1.0112099647521973,0.026019811630249023,"[0, 0, 0, 0, 7, 4, 13, 8, 8, 4, 15, 15, 22, 12, 21, 8, 26, 26, 33, 28, 22, 0, 0, 0, 0, 0, 0, 43]","""[0, 4, 7, 12, 6, 4, 8, 6, 2, 2, 2, 7, 4, 3, 5, 6, 7, 2, 10, 2, 6, 24, 87, 60, 48, 48, 79, 0]"""
j20,1,proactive_quantile_0.9,60,True,44,0.08641362190246582,0.0009608268737792969,"[0, 0, 0, 0, 7, 6, 13, 9, 9, 6, 16, 16, 22, 11, 22, 9, 27, 31, 35, 33, 22, 0, 0, 0, 0, 0, 0, 86]","""[0, 7, 4, 6, 7, 1, 8, 8, 2, 5, 2, 7, 2, 4, 9, 7, 7, 3, 10, 2, 5, 24, 87, 60, 48, 48, 79, 0]"""
j20,1,reactive,60,False,inf,inf,inf,null,"[0, 7, 4, 6, 7, 1, 8, 8, 2, 5, 2, 7, 2, 4, 9, 7, 7, 3, 10, 2, 5, 24, 87, 60, 48, 48, 79, 0]"
j20,1,stnu,60,True,44,0.96616530418396,0.026287317276000977,"[0, 0, 0, 0, 7, 7, 14, 8, 8, 7, 16, 16, 23, 12, 22, 8, 25, 31, 34, 34, 23, 0, 0, 0, 0, 0, 0, 44]","""[0, 7, 4, 6, 7, 1, 8, 8, 2, 5, 2, 7, 2, 4, 9, 7, 7, 3, 10, 2, 5, 24, 87, 60, 48, 48, 79, 0]"""
j20,1,proactive_quantile_0.9,60,True,60,0.09354734420776367,0.0006084442138671875,"[0, 0, 0, 0, 8, 16, 16, 8, 24, 7, 16, 24, 12, 7, 36, 44, 24, 30, 31, 53, 35, 0, 152]","""[0, 4, 3, 3, 8, 4, 2, 8, 12, 6, 3, 6, 6, 2, 6, 6, 6, 4, 9, 7, 8, 153, 0]"""
j20,1,reactive,60,False,inf,inf,inf,null,"[0, 4, 3, 3, 8, 4, 2, 8, 12, 6, 3, 6, 6, 2, 6, 6, 6, 4, 9, 7, 8, 153, 0]"
j20,1,stnu,60,True,47,1.1181328296661377,0.020427227020263672,"[0, 0, 0, 0, 4, 12, 12, 4, 16, 3, 12, 16, 9, 3, 28, 34, 16, 22, 22, 40, 26, 0, 47]","""[0, 4, 3, 3, 8, 4, 2, 8, 12, 6, 3, 6, 6, 2, 6, 6, 6, 4, 9, 7, 8, 153, 0]"""
j20,1,proactive_quantile_0.9,60,True,60,0.0972890853881836,0.0005888938903808594,"[0, 0, 0, 0, 8, 16, 16, 8, 24, 7, 16, 24, 12, 7, 36, 44, 24, 30, 31, 53, 35, 0, 152]","""[0, 6, 4, 2, 6, 4, 2, 6, 12, 5, 1, 6, 5, 3, 9, 6, 6, 5, 8, 6, 5, 153, 0]"""
j20,1,reactive,60,False,inf,inf,inf,null,"[0, 6, 4, 2, 6, 4, 2, 6, 12, 5, 1, 6, 5, 3, 9, 6, 6, 5, 8, 6, 5, 153, 0]"
j20,1,stnu,60,True,49,1.1638522148132324,0.020467281341552734,"[0, 0, 0, 0, 6, 12, 12, 6, 16, 4, 12, 16, 9, 4, 28, 37, 16, 22, 22, 43, 27, 0, 49]","""[0, 6, 4, 2, 6, 4, 2, 6, 12, 5, 1, 6, 5, 3, 9, 6, 6, 5, 8, 6, 5, 153, 0]"""
j20,1,proactive_quantile_0.9,60,True,60,0.09303498268127441,0.0005877017974853516,"[0, 0, 0, 0, 8, 16, 16, 8, 24, 7, 16, 24, 12, 7, 36, 44, 24, 30, 31, 53, 35, 0, 152]","""[0, 5, 3, 1, 4, 7, 3, 5, 7, 3, 2, 6, 5, 4, 6, 10, 3, 6, 9, 5, 7, 153, 0]"""
j20,1,reactive,60,False,inf,inf,inf,null,"[0, 5, 3, 1, 4, 7, 3, 5, 7, 3, 2, 6, 5, 4, 6, 10, 3, 6, 9, 5, 7, 153, 0]"
j20,1,stnu,60,True,51,1.1923854351043701,0.020576000213623047,"[0, 0, 0, 0, 5, 10, 10, 5, 17, 3, 9, 17, 6, 3, 29, 36, 17, 23, 23, 46, 29, 0, 51]","""[0, 5, 3, 1, 4, 7, 3, 5, 7, 3, 2, 6, 5, 4, 6, 10, 3, 6, 9, 5, 7, 153, 0]"""
j20,1,proactive_quantile_0.9,60,True,60,0.09865498542785645,0.0005993843078613281,"[0, 0, 0, 0, 8, 16, 16, 8, 24, 7, 16, 24, 12, 7, 36, 44, 24, 30, 31, 53, 35, 0, 152]","""[0, 8, 5, 2, 5, 8, 2, 4, 11, 6, 3, 4, 8, 2, 8, 10, 4, 2, 9, 7, 3, 153, 0]"""
j20,1,reactive,60,False,inf,inf,inf,null,"[0, 8, 5, 2, 5, 8, 2, 4, 11, 6, 3, 4, 8, 2, 8, 10, 4, 2, 9, 7, 3, 153, 0]"
j20,1,stnu,60,True,57,1.1371235847473145,0.020397663116455078,"[0, 0, 0, 0, 8, 13, 13, 8, 21, 5, 13, 21, 11, 5, 32, 40, 21, 25, 25, 50, 27, 0, 57]","""[0, 8, 5, 2, 5, 8, 2, 4, 11, 6, 3, 4, 8, 2, 8, 10, 4, 2, 9, 7, 3, 153, 0]"""
j20,1,proactive_quantile_0.9,60,True,60,0.10277271270751953,0.0006151199340820312,"[0, 0, 0, 0, 8, 16, 16, 8, 24, 7, 16, 24, 12, 7, 36, 44, 24, 30, 31, 53, 35, 0, 152]","""[0, 8, 8, 2, 7, 5, 4, 5, 8, 5, 1, 2, 6, 4, 8, 8, 6, 4, 9, 3, 7, 153, 0]"""
j20,1,reactive,60,False,inf,inf,inf,null,"[0, 8, 8, 2, 7, 5, 4, 5, 8, 5, 1, 2, 6, 4, 8, 8, 6, 4, 9, 3, 7, 153, 0]"
j20,1,stnu,60,True,47,1.140995979309082,0.02045607566833496,"[0, 0, 0, 0, 8, 15, 15, 8, 20, 8, 15, 20, 13, 8, 28, 36, 20, 22, 26, 44, 26, 0, 47]","""[0, 8, 8, 2, 7, 5, 4, 5, 8, 5, 1, 2, 6, 4, 8, 8, 6, 4, 9, 3, 7, 153, 0]"""
j20,1,proactive_quantile_0.9,60,True,60,0.10291647911071777,0.0006568431854248047,"[0, 0, 0, 0, 8, 16, 16, 8, 24, 7, 16, 24, 12, 7, 36, 44, 24, 30, 31, 53, 35, 0, 152]","""[0, 5, 8, 1, 9, 9, 2, 5, 10, 4, 1, 2, 9, 4, 8, 10, 7, 5, 10, 4, 6, 153, 0]"""
j20,1,reactive,60,False,inf,inf,inf,null,"[0, 5, 8, 1, 9, 9, 2, 5, 10, 4, 1, 2, 9, 4, 8, 10, 7, 5, 10, 4, 6, 153, 0]"
j20,1,stnu,60,True,58,1.1599111557006836,0.02054738998413086,"[0, 0, 0, 0, 8, 17, 17, 5, 26, 8, 17, 26, 12, 8, 36, 44, 26, 28, 33, 54, 33, 0, 58]","""[0, 5, 8, 1, 9, 9, 2, 5, 10, 4, 1, 2, 9, 4, 8, 10, 7, 5, 10, 4, 6, 153, 0]"""
j20,1,proactive_quantile_0.9,60,True,60,0.10451912879943848,0.000614166259765625,"[0, 0, 0, 0, 8, 16, 16, 8, 24, 7, 16, 24, 12, 7, 36, 44, 24, 30, 31, 53, 35, 0, 152]","""[0, 5, 7, 1, 7, 8, 3, 7, 13, 5, 1, 2, 8, 3, 9, 10, 5, 6, 11, 4, 5, 153, 0]"""
j20,1,reactive,60,False,inf,inf,inf,null,"[0, 5, 7, 1, 7, 8, 3, 7, 13, 5, 1, 2, 8, 3, 9, 10, 5, 6, 11, 4, 5, 153, 0]"
j20,1,stnu,60,True,58,1.1191585063934326,0.02036142349243164,"[0, 0, 0, 0, 7, 14, 14, 5, 22, 7, 14, 22, 12, 7, 35, 44, 22, 24, 27, 54, 30, 0, 58]","""[0, 5, 7, 1, 7, 8, 3, 7, 13, 5, 1, 2, 8, 3, 9, 10, 5, 6, 11, 4, 5, 153, 0]"""
j20,1,proactive_quantile_0.9,60,True,60,0.09488701820373535,0.0006034374237060547,"[0, 0, 0, 0, 8, 16, 16, 8, 24, 7, 16, 24, 12, 7, 36, 44, 24, 30, 31, 53, 35, 0, 152]","""[0, 5, 8, 2, 9, 4, 2, 4, 11, 4, 1, 4, 7, 2, 8, 10, 3, 2, 10, 4, 6, 153, 0]"""
j20,1,reactive,60,False,inf,inf,inf,null,"[0, 5, 8, 2, 9, 4, 2, 4, 11, 4, 1, 4, 7, 2, 8, 10, 3, 2, 10, 4, 6, 153, 0]"
j20,1,stnu,60,True,54,1.186143159866333,0.02052760124206543,"[0, 0, 0, 0, 8, 17, 17, 5, 21, 8, 17, 21, 12, 8, 32, 40, 21, 25, 25, 50, 27, 0, 54]","""[0, 5, 8, 2, 9, 4, 2, 4, 11, 4, 1, 4, 7, 2, 8, 10, 3, 2, 10, 4, 6, 153, 0]"""
j20,1,proactive_quantile_0.9,60,False,inf,0.09718775749206543,inf,"[0, 0, 0, 0, 8, 16, 16, 8, 24, 7, 16, 24, 12, 7, 36, 44, 24, 30, 31, 53, 35, 0, 152]","""[0, 9, 5, 2, 6, 4, 4, 6, 7, 5, 2, 4, 8, 3, 7, 8, 4, 6, 12, 3, 3, 153, 0]"""
j20,1,reactive,60,False,inf,inf,inf,null,"[0, 9, 5, 2, 6, 4, 4, 6, 7, 5, 2, 4, 8, 3, 7, 8, 4, 6, 12, 3, 3, 153, 0]"
j20,1,stnu,60,True,47,1.1684589385986328,0.02044224739074707,"[0, 0, 0, 0, 9, 15, 15, 9, 19, 5, 15, 19, 10, 5, 29, 36, 19, 23, 23, 44, 29, 0, 47]","""[0, 9, 5, 2, 6, 4, 4, 6, 7, 5, 2, 4, 8, 3, 7, 8, 4, 6, 12, 3, 3, 153, 0]"""
j20,1,proactive_quantile_0.9,60,True,60,0.09841299057006836,0.0006325244903564453,"[0, 0, 0, 0, 8, 16, 16, 8, 24, 7, 16, 24, 12, 7, 36, 44, 24, 30, 31, 53, 35, 0, 152]","""[0, 5, 5, 4, 8, 7, 4, 5, 12, 6, 3, 6, 4, 2, 6, 10, 7, 2, 12, 8, 7, 153, 0]"""
j20,1,reactive,60,False,inf,inf,inf,null,"[0, 5, 5, 4, 8, 7, 4, 5, 12, 6, 3, 6, 4, 2, 6, 10, 7, 2, 12, 8, 7, 153, 0]"
j20,1,stnu,60,True,31,1.1134331226348877,0.020250797271728516,"[0, 0, 0, 0, 5, 7, 7, 5, 8, 5, 9, 12, 7, 5, 16, 18, 12, 15, 15, 25, 17, 0, 31]","""[0, 5, 5, 4, 1, 1, 2, 2, 7, 2, 3, 1, 1, 3, 2, 7, 3, 2, 1, 6, 2, 153, 0]"""
j20,1,proactive_quantile_0.9,60,False,inf,0.10334086418151855,inf,"[0, 0, 0, 4, 2, 10, 1, 2, 7, 1, 17, 11, 9, 16, 11, 24, 18, 17, 13, 18, 30, 0, 0, 0, 0, 0, 145]","""[0, 1, 2, 4, 6, 9, 9, 6, 4, 4, 3, 3, 2, 2, 5, 3, 3, 2, 3, 3, 2, 55, 146, 146, 58, 46, 0]"""
j20,1,reactive,60,False,inf,inf,inf,null,"[0, 1, 2, 4, 6, 9, 9, 6, 4, 4, 3, 3, 2, 2, 5, 3, 3, 2, 3, 3, 2, 55, 146, 146, 58, 46, 0]"
j20,1,stnu,60,False,inf,0.9872727394104004,inf,[],"""[0, 7, 1, 5, 7, 10, 9, 6, 2, 5, 3, 2, 2, 7, 7, 7, 8, 2, 6, 10, 4, 55, 146, 146, 58, 46, 0]"""
j20,1,proactive_quantile_0.9,60,False,inf,0.09780311584472656,inf,"[0, 0, 0, 0, 7, 9, 1, 7, 16, 1, 20, 18, 16, 22, 22, 27, 22, 31, 31, 34, 35, 0, 0, 0, 0, 0, 145]","""[0, 7, 1, 8, 5, 7, 9, 10, 7, 2, 6, 2, 2, 10, 10, 7, 5, 3, 4, 12, 5, 55, 146, 146, 58, 46, 0]"""
j20,1,reactive,60,False,inf,inf,inf,null,"[0, 7, 1, 8, 5, 7, 9, 10, 7, 2, 6, 2, 2, 10, 10, 7, 5, 3, 4, 12, 5, 55, 146, 146, 58, 46, 0]"
j20,1,stnu,60,False,inf,0.9141151905059814,inf,[],"""[0, 7, 1, 8, 5, 7, 9, 10, 7, 2, 6, 2, 2, 10, 10, 7, 5, 3, 4, 12, 5, 55, 146, 146, 58, 46, 0]"""
j20,1,proactive_quantile_0.9,60,False,inf,0.09518909454345703,inf,"[0, 0, 0, 0, 7, 9, 1, 7, 16, 1, 20, 18, 16, 22, 22, 27, 22, 31, 31, 34, 35, 0, 0, 0, 0, 0, 145]","""[0, 3, 1, 6, 7, 6, 9, 10, 7, 4, 8, 3, 6, 9, 5, 9, 8, 2, 2, 11, 3, 55, 146, 146, 58, 46, 0]"""
j20,1,reactive,60,False,inf,inf,inf,null,"[0, 3, 1, 6, 7, 6, 9, 10, 7, 4, 8, 3, 6, 9, 5, 9, 8, 2, 2, 11, 3, 55, 146, 146, 58, 46, 0]"
j20,1,stnu,60,False,inf,0.942819356918335,inf,[],"""[0, 3, 1, 6, 7, 6, 9, 10, 7, 4, 8, 3, 6, 9, 5, 9, 8, 2, 2, 11, 3, 55, 146, 146, 58, 46, 0]"""
j20,1,proactive_quantile_0.9,60,False,inf,0.0965874195098877,inf,"[0, 0, 0, 0, 7, 9, 1, 7, 16, 1, 20, 18, 16, 22, 22, 27, 22, 31, 31, 34, 35, 0, 0, 0, 0, 0, 145]","""[0, 4, 2, 9, 5, 9, 7, 10, 3, 4, 6, 3, 2, 5, 10, 4, 6, 3, 4, 12, 2, 55, 146, 146, 58, 46, 0]"""
j20,1,reactive,60,False,inf,inf,inf,null,"[0, 4, 2, 9, 5, 9, 7, 10, 3, 4, 6, 3, 2, 5, 10, 4, 6, 3, 4, 12, 2, 55, 146, 146, 58, 46, 0]"
j20,1,stnu,60,False,inf,0.9388620853424072,inf,[],"""[0, 4, 2, 9, 5, 9, 7, 10, 3, 4, 6, 3, 2, 5, 10, 4, 6, 3, 4, 12, 2, 55, 146, 146, 58, 46, 0]"""
j20,1,proactive_quantile_0.9,60,False,inf,0.09609580039978027,inf,"[0, 0, 0, 0, 7, 9, 1, 7, 16, 1, 20, 18, 16, 22, 22, 27, 22, 31, 31, 34, 35, 0, 0, 0, 0, 0, 145]","""[0, 5, 1, 10, 6, 7, 4, 10, 5, 2, 8, 2, 6, 8, 10, 7, 8, 3, 6, 11, 5, 55, 146, 146, 58, 46, 0]"""
j20,1,reactive,60,False,inf,inf,inf,null,"[0, 5, 1, 10, 6, 7, 4, 10, 5, 2, 8, 2, 6, 8, 10, 7, 8, 3, 6, 11, 5, 55, 146, 146, 58, 46, 0]"
j20,1,stnu,60,False,inf,1.0661962032318115,inf,[],"""[0, 5, 1, 10, 6, 7, 4, 10, 5, 2, 8, 2, 6, 8, 10, 7, 8, 3, 6, 11, 5, 55, 146, 146, 58, 46, 0]"""
j20,1,proactive_quantile_0.9,60,False,inf,0.09706807136535645,inf,"[0, 0, 0, 0, 7, 9, 1, 7, 16, 1, 20, 18, 16, 22, 22, 27, 22, 31, 31, 34, 35, 0, 0, 0, 0, 0, 145]","""[0, 3, 2, 6, 6, 6, 6, 9, 5, 5, 8, 2, 7, 5, 9, 9, 8, 2, 5, 7, 2, 55, 146, 146, 58, 46, 0]"""
j20,1,reactive,60,False,inf,inf,inf,null,"[0, 3, 2, 6, 6, 6, 6, 9, 5, 5, 8, 2, 7, 5, 9, 9, 8, 2, 5, 7, 2, 55, 146, 146, 58, 46, 0]"
j20,1,stnu,60,False,inf,1.0587372779846191,inf,[],"""[0, 3, 2, 6, 6, 6, 6, 9, 5, 5, 8, 2, 7, 5, 9, 9, 8, 2, 5, 7, 2, 55, 146, 146, 58, 46, 0]"""
j20,1,proactive_quantile_0.9,60,False,inf,0.10302042961120605,inf,"[0, 0, 0, 0, 7, 9, 1, 7, 16, 1, 20, 18, 16, 22, 22, 27, 22, 31, 31, 34, 35, 0, 0, 0, 0, 0, 145]","""[0, 3, 1, 7, 5, 9, 7, 8, 7, 3, 7, 1, 2, 7, 10, 4, 7, 3, 3, 10, 3, 55, 146, 146, 58, 46, 0]"""
j20,1,reactive,60,False,inf,inf,inf,null,"[0, 3, 1, 7, 5, 9, 7, 8, 7, 3, 7, 1, 2, 7, 10, 4, 7, 3, 3, 10, 3, 55, 146, 146, 58, 46, 0]"
j20,1,stnu,60,False,inf,0.9488801956176758,inf,[],"""[0, 3, 1, 7, 5, 9, 7, 8, 7, 3, 7, 1, 2, 7, 10, 4, 7, 3, 3, 10, 3, 55, 146, 146, 58, 46, 0]"""
j20,1,proactive_quantile_0.9,60,False,inf,0.10337495803833008,inf,"[0, 0, 0, 0, 7, 9, 1, 7, 16, 1, 20, 18, 16, 22, 22, 27, 22, 31, 31, 34, 35, 0, 0, 0, 0, 0, 145]","""[0, 3, 1, 10, 7, 8, 7, 5, 6, 4, 8, 2, 7, 5, 8, 7, 8, 4, 5, 10, 3, 55, 146, 146, 58, 46, 0]"""
j20,1,reactive,60,False,inf,inf,inf,null,"[0, 3, 1, 10, 7, 8, 7, 5, 6, 4, 8, 2, 7, 5, 8, 7, 8, 4, 5, 10, 3, 55, 146, 146, 58, 46, 0]"
j20,1,stnu,60,False,inf,0.9210832118988037,inf,[],"""[0, 3, 1, 10, 7, 8, 7, 5, 6, 4, 8, 2, 7, 5, 8, 7, 8, 4, 5, 10, 3, 55, 146, 146, 58, 46, 0]"""
j20,1,proactive_quantile_0.9,60,False,inf,0.09393739700317383,inf,"[0, 0, 0, 0, 7, 9, 1, 7, 16, 1, 20, 18, 16, 22, 22, 27, 22, 31, 31, 34, 35, 0, 0, 0, 0, 0, 145]","""[0, 6, 2, 5, 8, 6, 6, 7, 6, 5, 8, 1, 7, 8, 10, 5, 6, 2, 3, 8, 5, 55, 146, 146, 58, 46, 0]"""
j20,1,reactive,60,False,inf,inf,inf,null,"[0, 6, 2, 5, 8, 6, 6, 7, 6, 5, 8, 1, 7, 8, 10, 5, 6, 2, 3, 8, 5, 55, 146, 146, 58, 46, 0]"
j20,1,stnu,60,False,inf,0.9034440517425537,inf,[],"""[0, 6, 2, 5, 8, 6, 6, 7, 6, 5, 8, 1, 7, 8, 10, 5, 6, 2, 3, 8, 5, 55, 146, 146, 58, 46, 0]"""
j20,1,proactive_quantile_0.9,60,True,45,0.09806990623474121,0.0011055469512939453,"[0, 0, 0, 0, 7, 9, 1, 7, 16, 1, 20, 18, 16, 22, 22, 27, 22, 31, 31, 34, 35, 0, 0, 0, 0, 0, 145]","""[0, 3, 2, 6, 4, 9, 9, 7, 2, 5, 7, 3, 6, 5, 8, 7, 5, 3, 2, 12, 4, 55, 146, 146, 58, 46, 0]"""
j20,1,reactive,60,False,inf,inf,inf,null,"[0, 3, 2, 6, 4, 9, 9, 7, 2, 5, 7, 3, 6, 5, 8, 7, 5, 3, 2, 12, 4, 55, 146, 146, 58, 46, 0]"
j20,1,stnu,60,False,inf,1.0350375175476074,inf,[],"""[0, 3, 2, 6, 4, 9, 9, 7, 2, 5, 7, 3, 6, 5, 8, 7, 5, 3, 2, 12, 4, 55, 146, 146, 58, 46, 0]"""
j20,1,proactive_quantile_0.9,60,False,inf,0.09963750839233398,inf,"[0, 0, 0, 0, 1, 2, 1, 11, 6, 16, 5, 16, 16, 4, 8, 2, 5, 5, 17, 13, 24, 0, 0, 0, 0, 143]","""[0, 2, 7, 3, 2, 3, 3, 6, 1, 2, 1, 1, 7, 2, 10, 1, 5, 2, 2, 4, 2, 76, 94, 114, 144, 0]"""
j20,1,reactive,60,False,inf,inf,inf,null,"[0, 2, 7, 3, 2, 3, 3, 6, 1, 2, 1, 1, 7, 2, 10, 1, 5, 2, 2, 4, 2, 76, 94, 114, 144, 0]"
j20,1,stnu,60,True,40,1.087378740310669,0.02473306655883789,"[0, 0, 0, 0, 9, 18, 9, 9, 25, 29, 25, 20, 18, 18, 29, 18, 21, 25, 38, 32, 36, 0, 0, 0, 0, 40]","""[0, 7, 9, 7, 4, 6, 3, 9, 4, 7, 7, 2, 7, 2, 8, 3, 7, 4, 2, 3, 2, 76, 94, 114, 144, 0]"""
j20,1,proactive_quantile_0.9,60,False,inf,0.10100126266479492,inf,"[0, 0, 0, 0, 9, 16, 9, 8, 24, 27, 24, 17, 16, 16, 27, 16, 19, 24, 38, 32, 33, 0, 0, 0, 0, 143]","""[0, 9, 7, 7, 3, 5, 3, 6, 4, 4, 8, 3, 4, 2, 6, 2, 7, 5, 2, 6, 1, 76, 94, 114, 144, 0]"""
j20,1,reactive,60,False,inf,inf,inf,null,"[0, 9, 7, 7, 3, 5, 3, 6, 4, 4, 8, 3, 4, 2, 6, 2, 7, 5, 2, 6, 1, 76, 94, 114, 144, 0]"
j20,1,stnu,60,True,32,1.1275923252105713,0.024531126022338867,"[0, 0, 0, 0, 9, 13, 9, 7, 18, 22, 18, 15, 13, 13, 22, 13, 15, 18, 28, 26, 26, 0, 0, 0, 0, 32]","""[0, 9, 7, 7, 3, 5, 3, 6, 4, 4, 8, 3, 4, 2, 6, 2, 7, 5, 2, 6, 1, 76, 94, 114, 144, 0]"""
j20,1,proactive_quantile_0.9,60,False,inf,0.09872722625732422,inf,"[0, 0, 0, 0, 9, 16, 9, 8, 24, 27, 24, 17, 16, 16, 27, 16, 19, 24, 38, 32, 33, 0, 0, 0, 0, 143]","""[0, 7, 9, 9, 5, 5, 3, 7, 2, 4, 6, 1, 4, 2, 9, 3, 2, 4, 3, 3, 2, 76, 94, 114, 144, 0]"""
j20,1,reactive,60,False,inf,inf,inf,null,"[0, 7, 9, 9, 5, 5, 3, 7, 2, 4, 6, 1, 4, 2, 9, 3, 2, 4, 3, 3, 2, 76, 94, 114, 144, 0]"
j20,1,stnu,60,True,35,1.182621955871582,0.024526119232177734,"[0, 0, 0, 0, 9, 16, 9, 9, 21, 23, 21, 18, 16, 16, 23, 16, 19, 21, 32, 27, 27, 0, 0, 0, 0, 35]","""[0, 7, 9, 9, 5, 5, 3, 7, 2, 4, 6, 1, 4, 2, 9, 3, 2, 4, 3, 3, 2, 76, 94, 114, 144, 0]"""
j20,1,proactive_quantile_0.9,60,False,inf,0.09710979461669922,inf,"[0, 0, 0, 0, 9, 16, 9, 8, 24, 27, 24, 17, 16, 16, 27, 16, 19, 24, 38, 32, 33, 0, 0, 0, 0, 143]","""[0, 5, 6, 9, 8, 6, 3, 8, 4, 5, 3, 2, 9, 1, 8, 2, 6, 4, 2, 2, 3, 76, 94, 114, 144, 0]"""
j20,1,reactive,60,False,inf,inf,inf,null,"[0, 5, 6, 9, 8, 6, 3, 8, 4, 5, 3, 2, 9, 1, 8, 2, 6, 4, 2, 2, 3, 76, 94, 114, 144, 0]"
j20,1,stnu,60,True,40,1.1676945686340332,0.024845123291015625,"[0, 0, 0, 0, 9, 17, 9, 6, 26, 30, 26, 18, 17, 17, 30, 17, 19, 26, 38, 30, 35, 0, 0, 0, 0, 40]","""[0, 5, 6, 9, 8, 6, 3, 8, 4, 5, 3, 2, 9, 1, 8, 2, 6, 4, 2, 2, 3, 76, 94, 114, 144, 0]"""
j20,1,proactive_quantile_0.9,60,False,inf,0.09845876693725586,inf,"[0, 0, 0, 0, 9, 16, 9, 8, 24, 27, 24, 17, 16, 16, 27, 16, 19, 24, 38, 32, 33, 0, 0, 0, 0, 143]","""[0, 9, 4, 8, 8, 5, 3, 7, 2, 3, 8, 2, 5, 2, 6, 2, 3, 8, 2, 3, 2, 76, 94, 114, 144, 0]"""
j20,1,reactive,60,False,inf,inf,inf,null,"[0, 9, 4, 8, 8, 5, 3, 7, 2, 3, 8, 2, 5, 2, 6, 2, 3, 8, 2, 3, 2, 76, 94, 114, 144, 0]"
j20,1,stnu,60,True,34,1.1261169910430908,0.024643898010253906,"[0, 0, 0, 0, 9, 17, 9, 4, 22, 24, 22, 19, 17, 17, 24, 17, 19, 22, 32, 30, 30, 0, 0, 0, 0, 34]","""[0, 9, 4, 8, 8, 5, 3, 7, 2, 3, 8, 2, 5, 2, 6, 2, 3, 8, 2, 3, 2, 76, 94, 114, 144, 0]"""
j20,1,proactive_quantile_0.9,60,False,inf,0.09397435188293457,inf,"[0, 0, 0, 0, 9, 16, 9, 8, 24, 27, 24, 17, 16, 16, 27, 16, 19, 24, 38, 32, 33, 0, 0, 0, 0, 143]","""[0, 6, 7, 5, 5, 5, 4, 5, 2, 2, 6, 2, 4, 2, 10, 4, 7, 5, 2, 6, 3, 76, 94, 114, 144, 0]"""
j20,1,reactive,60,False,inf,inf,inf,null,"[0, 6, 7, 5, 5, 5, 4, 5, 2, 2, 6, 2, 4, 2, 10, 4, 7, 5, 2, 6, 3, 76, 94, 114, 144, 0]"
j20,1,stnu,60,True,35,1.1621322631835938,0.024738788604736328,"[0, 0, 0, 0, 7, 12, 7, 7, 17, 23, 17, 14, 12, 12, 23, 12, 16, 17, 33, 23, 25, 0, 0, 0, 0, 35]","""[0, 6, 7, 5, 5, 5, 4, 5, 2, 2, 6, 2, 4, 2, 10, 4, 7, 5, 2, 6, 3, 76, 94, 114, 144, 0]"""
j20,1,proactive_quantile_0.9,60,True,40,0.10071468353271484,0.0010814666748046875,"[0, 0, 0, 0, 9, 16, 9, 8, 24, 27, 24, 17, 16, 16, 27, 16, 19, 24, 38, 32, 33, 0, 0, 0, 0, 143]","""[0, 10, 8, 6, 6, 7, 6, 5, 4, 6, 6, 2, 7, 1, 6, 2, 3, 9, 2, 6, 1, 76, 94, 114, 144, 0]"""
j20,1,reactive,60,False,inf,inf,inf,null,"[0, 10, 8, 6, 6, 7, 6, 5, 4, 6, 6, 2, 7, 1, 6, 2, 3, 9, 2, 6, 1, 76, 94, 114, 144, 0]"
j20,1,stnu,60,True,38,1.1850216388702393,0.02467060089111328,"[0, 0, 0, 0, 10, 16, 10, 8, 23, 27, 23, 17, 16, 16, 27, 16, 18, 23, 34, 32, 33, 0, 0, 0, 0, 38]","""[0, 10, 8, 6, 6, 7, 6, 5, 4, 6, 6, 2, 7, 1, 6, 2, 3, 9, 2, 6, 1, 76, 94, 114, 144, 0]"""
j20,1,proactive_quantile_0.9,60,False,inf,0.10231494903564453,inf,"[0, 0, 0, 0, 9, 16, 9, 8, 24, 27, 24, 17, 16, 16, 27, 16, 19, 24, 38, 32, 33, 0, 0, 0, 0, 143]","""[0, 6, 4, 9, 3, 6, 3, 5, 4, 2, 3, 3, 8, 2, 12, 3, 5, 4, 1, 4, 3, 76, 94, 114, 144, 0]"""
j20,1,reactive,60,False,inf,inf,inf,null,"[0, 6, 4, 9, 3, 6, 3, 5, 4, 2, 3, 3, 8, 2, 12, 3, 5, 4, 1, 4, 3, 76, 94, 114, 144, 0]"
j20,1,stnu,60,True,37,1.1588873863220215,0.024918794631958008,"[0, 0, 0, 0, 9, 12, 9, 4, 20, 24, 20, 14, 12, 12, 24, 12, 15, 20, 36, 24, 26, 0, 0, 0, 0, 37]","""[0, 6, 4, 9, 3, 6, 3, 5, 4, 2, 3, 3, 8, 2, 12, 3, 5, 4, 1, 4, 3, 76, 94, 114, 144, 0]"""
j20,1,proactive_quantile_0.9,60,True,40,0.09512042999267578,0.0010104179382324219,"[0, 0, 0, 0, 9, 16, 9, 8, 24, 27, 24, 17, 16, 16, 27, 16, 19, 24, 38, 32, 33, 0, 0, 0, 0, 143]","""[0, 10, 5, 9, 6, 9, 4, 5, 1, 5, 3, 4, 8, 1, 11, 4, 7, 7, 2, 5, 1, 76, 94, 114, 144, 0]"""
j20,1,reactive,60,False,inf,inf,inf,null,"[0, 10, 5, 9, 6, 9, 4, 5, 1, 5, 3, 4, 8, 1, 11, 4, 7, 7, 2, 5, 1, 76, 94, 114, 144, 0]"
j20,1,stnu,60,True,40,1.170619010925293,0.024760961532592773,"[0, 0, 0, 0, 10, 16, 10, 5, 25, 27, 25, 17, 16, 16, 27, 16, 20, 25, 38, 32, 32, 0, 0, 0, 0, 40]","""[0, 10, 5, 9, 6, 9, 4, 5, 1, 5, 3, 4, 8, 1, 11, 4, 7, 7, 2, 5, 1, 76, 94, 114, 144, 0]"""
j20,1,proactive_quantile_0.9,60,False,inf,0.09558534622192383,inf,"[0, 0, 0, 0, 9, 16, 9, 8, 24, 27, 24, 17, 16, 16, 27, 16, 19, 24, 38, 32, 33, 0, 0, 0, 0, 143]","""[0, 9, 5, 9, 4, 5, 3, 8, 3, 6, 5, 1, 7, 2, 10, 2, 4, 9, 3, 6, 1, 76, 94, 114, 144, 0]"""
j20,1,reactive,60,False,inf,inf,inf,null,"[0, 9, 5, 9, 4, 5, 3, 8, 3, 6, 5, 1, 7, 2, 10, 2, 4, 9, 3, 6, 1, 76, 94, 114, 144, 0]"
j20,1,stnu,60,True,36,1.1349577903747559,0.024638652801513672,"[0, 0, 0, 0, 9, 13, 9, 5, 20, 23, 20, 15, 13, 13, 23, 13, 15, 20, 33, 29, 29, 0, 0, 0, 0, 36]","""[0, 9, 5, 9, 4, 5, 3, 8, 3, 6, 5, 1, 7, 2, 10, 2, 4, 9, 3, 6, 1, 76, 94, 114, 144, 0]"""
j20,1,proactive_quantile_0.9,60,True,40,0.09683561325073242,0.0019495487213134766,"[0, 0, 0, 0, 2, 8, 16, 7, 7, 10, 2, 13, 10, 8, 15, 10, 22, 24, 29, 25, 22, 0, 0, 0, 0, 0, 0, 0, 0, 0, 0, 135]","""[0, 3, 8, 4, 8, 8, 7, 4, 1, 3, 6, 7, 6, 6, 7, 4, 3, 4, 10, 5, 11, 58, 136, 103, 120, 35, 56, 111, 79, 81, 131, 0]"""
j20,1,reactive,60,False,inf,inf,inf,null,"[0, 3, 8, 4, 8, 8, 7, 4, 1, 3, 6, 7, 6, 6, 7, 4, 3, 4, 10, 5, 11, 58, 136, 103, 120, 35, 56, 111, 79, 81, 131, 0]"
j20,1,stnu,60,True,37,0.9831666946411133,0.03321361541748047,"[0, 0, 0, 0, 3, 8, 16, 4, 4, 11, 3, 14, 9, 8, 15, 11, 21, 23, 27, 24, 22, 0, 0, 0, 0, 0, 0, 0, 0, 0, 0, 37]","""[0, 3, 8, 4, 8, 8, 7, 4, 1, 3, 6, 7, 6, 6, 7, 4, 3, 4, 10, 5, 11, 58, 136, 103, 120, 35, 56, 111, 79, 81, 131, 0]"""
j20,1,proactive_quantile_0.9,60,True,40,0.09423708915710449,0.0017554759979248047,"[0, 0, 0, 0, 2, 8, 16, 7, 7, 10, 2, 13, 10, 8, 15, 10, 22, 24, 29, 25, 22, 0, 0, 0, 0, 0, 0, 0, 0, 0, 0, 135]","""[0, 3, 5, 5, 7, 5, 7, 5, 1, 3, 6, 4, 7, 6, 2, 3, 2, 5, 8, 6, 7, 58, 136, 103, 120, 35, 56, 111, 79, 81, 131, 0]"""
j20,1,reactive,60,False,inf,inf,inf,null,"[0, 3, 5, 5, 7, 5, 7, 5, 1, 3, 6, 4, 7, 6, 2, 3, 2, 5, 8, 6, 7, 58, 136, 103, 120, 35, 56, 111, 79, 81, 131, 0]"
j20,1,stnu,60,True,33,0.9533088207244873,0.03314065933227539,"[0, 0, 0, 0, 3, 5, 13, 5, 5, 10, 3, 13, 9, 5, 13, 10, 17, 20, 25, 19, 17, 0, 0, 0, 0, 0, 0, 0, 0, 0, 0, 33]","""[0, 3, 5, 5, 7, 5, 7, 5, 1, 3, 6, 4, 7, 6, 2, 3, 2, 5, 8, 6, 7, 58, 136, 103, 120, 35, 56, 111, 79, 81, 131, 0]"""
j20,1,proactive_quantile_0.9,60,True,40,0.09290885925292969,0.0018224716186523438,"[0, 0, 0, 0, 2, 8, 16, 7, 7, 10, 2, 13, 10, 8, 15, 10, 22, 24, 29, 25, 22, 0, 0, 0, 0, 0, 0, 0, 0, 0, 0, 135]","""[0, 1, 5, 3, 9, 8, 9, 9, 1, 2, 5, 2, 8, 3, 4, 2, 2, 4, 7, 7, 12, 58, 136, 103, 120, 35, 56, 111, 79, 81, 131, 0]"""
j20,1,reactive,60,False,inf,inf,inf,null,"[0, 1, 5, 3, 9, 8, 9, 9, 1, 2, 5, 2, 8, 3, 4, 2, 2, 4, 7, 7, 12, 58, 136, 103, 120, 35, 56, 111, 79, 81, 131, 0]"
j20,1,stnu,60,True,33,0.9510374069213867,0.033315420150756836,"[0, 0, 0, 0, 1, 5, 13, 3, 3, 10, 1, 12, 6, 5, 12, 10, 14, 22, 26, 16, 16, 0, 0, 0, 0, 0, 0, 0, 0, 0, 0, 33]","""[0, 1, 5, 3, 9, 8, 9, 9, 1, 2, 5, 2, 8, 3, 4, 2, 2, 4, 7, 7, 12, 58, 136, 103, 120, 35, 56, 111, 79, 81, 131, 0]"""
j20,1,proactive_quantile_0.9,60,True,40,0.0911402702331543,0.0018935203552246094,"[0, 0, 0, 0, 2, 8, 16, 7, 7, 10, 2, 13, 10, 8, 15, 10, 22, 24, 29, 25, 22, 0, 0, 0, 0, 0, 0, 0, 0, 0, 0, 135]","""[0, 2, 4, 4, 5, 6, 4, 5, 4, 3, 8, 4, 9, 6, 7, 2, 1, 5, 12, 5, 12, 58, 136, 103, 120, 35, 56, 111, 79, 81, 131, 0]"""
j20,1,reactive,60,False,inf,inf,inf,null,"[0, 2, 4, 4, 5, 6, 4, 5, 4, 3, 8, 4, 9, 6, 7, 2, 1, 5, 12, 5, 12, 58, 136, 103, 120, 35, 56, 111, 79, 81, 131, 0]"
j20,1,stnu,60,True,36,0.953094482421875,0.03327798843383789,"[0, 0, 0, 0, 2, 4, 12, 4, 4, 8, 2, 11, 10, 4, 12, 10, 19, 19, 24, 20, 19, 0, 0, 0, 0, 0, 0, 0, 0, 0, 0, 36]","""[0, 2, 4, 4, 5, 6, 4, 5, 4, 3, 8, 4, 9, 6, 7, 2, 1, 5, 12, 5, 12, 58, 136, 103, 120, 35, 56, 111, 79, 81, 131, 0]"""
j20,1,proactive_quantile_0.9,60,True,40,0.09692072868347168,0.00180816650390625,"[0, 0, 0, 0, 2, 8, 16, 7, 7, 10, 2, 13, 10, 8, 15, 10, 22, 24, 29, 25, 22, 0, 0, 0, 0, 0, 0, 0, 0, 0, 0, 135]","""[0, 2, 6, 4, 4, 4, 6, 8, 1, 2, 8, 5, 12, 2, 5, 4, 1, 6, 10, 9, 12, 58, 136, 103, 120, 35, 56, 111, 79, 81, 131, 0]"""
j20,1,reactive,60,False,inf,inf,inf,null,"[0, 2, 6, 4, 4, 4, 6, 8, 1, 2, 8, 5, 12, 2, 5, 4, 1, 6, 10, 9, 12, 58, 136, 103, 120, 35, 56, 111, 79, 81, 131, 0]"
j20,1,stnu,60,True,15,1.6885361671447754,0.03402400016784668,"[0, 0, 0, 0, 1, 4, 6, 4, 2, 6, 1, 9, 6, 4, 9, 6, 10, 10, 13, 13, 8, 0, 0, 0, 0, 0, 0, 0, 0, 0, 0, 15]","""[0, 1, 4, 2, 2, 2, 3, 2, 2, 3, 5, 1, 2, 2, 4, 2, 2, 1, 2, 2, 5, 58, 136, 103, 120, 35, 56, 111, 79, 81, 131, 0]"""
j20,1,proactive_quantile_0.9,60,True,40,0.10127639770507812,0.0019469261169433594,"[0, 0, 0, 0, 2, 8, 16, 7, 7, 10, 2, 13, 10, 8, 15, 10, 22, 24, 29, 25, 22, 0, 0, 0, 0, 0, 0, 0, 0, 0, 0, 135]","""[0, 1, 9, 7, 6, 7, 5, 9, 2, 3, 4, 4, 11, 6, 4, 6, 3, 6, 11, 8, 11, 58, 136, 103, 120, 35, 56, 111, 79, 81, 131, 0]"""
j20,1,reactive,60,False,inf,inf,inf,null,"[0, 1, 9, 7, 6, 7, 5, 9, 2, 3, 4, 4, 11, 6, 4, 6, 3, 6, 11, 8, 11, 58, 136, 103, 120, 35, 56, 111, 79, 81, 131, 0]"
j20,1,stnu,60,True,38,0.9608328342437744,0.033060550689697266,"[0, 0, 0, 0, 1, 9, 16, 7, 7, 9, 1, 15, 9, 9, 16, 9, 20, 21, 27, 23, 20, 0, 0, 0, 0, 0, 0, 0, 0, 0, 0, 38]","""[0, 1, 9, 7, 6, 7, 5, 9, 2, 3, 4, 4, 11, 6, 4, 6, 3, 6, 11, 8, 11, 58, 136, 103, 120, 35, 56, 111, 79, 81, 131, 0]"""
j20,1,proactive_quantile_0.9,60,True,40,0.09237456321716309,0.0018384456634521484,"[0, 0, 0, 0, 2, 8, 16, 7, 7, 10, 2, 13, 10, 8, 15, 10, 22, 24, 29, 25, 22, 0, 0, 0, 0, 0, 0, 0, 0, 0, 0, 135]","""[0, 2, 5, 3, 8, 4, 5, 7, 3, 3, 4, 5, 13, 5, 2, 5, 1, 3, 8, 5, 12, 58, 136, 103, 120, 35, 56, 111, 79, 81, 131, 0]"""
j20,1,reactive,60,False,inf,inf,inf,null,"[0, 2, 5, 3, 8, 4, 5, 7, 3, 3, 4, 5, 13, 5, 2, 5, 1, 3, 8, 5, 12, 58, 136, 103, 120, 35, 56, 111, 79, 81, 131, 0]"
j20,1,stnu,60,True,31,0.946176290512085,0.03415942192077637,"[0, 0, 0, 0, 2, 5, 15, 3, 3, 10, 2, 13, 6, 5, 15, 10, 19, 20, 23, 20, 19, 0, 0, 0, 0, 0, 0, 0, 0, 0, 0, 31]","""[0, 2, 5, 3, 8, 4, 5, 7, 3, 3, 4, 5, 13, 5, 2, 5, 1, 3, 8, 5, 12, 58, 136, 103, 120, 35, 56, 111, 79, 81, 131, 0]"""
j20,1,proactive_quantile_0.9,60,True,40,0.10191559791564941,0.0018222332000732422,"[0, 0, 0, 0, 2, 8, 16, 7, 7, 10, 2, 13, 10, 8, 15, 10, 22, 24, 29, 25, 22, 0, 0, 0, 0, 0, 0, 0, 0, 0, 0, 135]","""[0, 1, 9, 3, 7, 4, 6, 4, 2, 1, 4, 7, 9, 4, 7, 6, 2, 4, 9, 7, 7, 58, 136, 103, 120, 35, 56, 111, 79, 81, 131, 0]"""
j20,1,reactive,60,False,inf,inf,inf,null,"[0, 1, 9, 3, 7, 4, 6, 4, 2, 1, 4, 7, 9, 4, 7, 6, 2, 4, 9, 7, 7, 58, 136, 103, 120, 35, 56, 111, 79, 81, 131, 0]"
j20,1,stnu,60,True,33,0.9673943519592285,0.03333544731140137,"[0, 0, 0, 0, 1, 9, 14, 3, 3, 8, 1, 13, 9, 9, 14, 8, 20, 20, 24, 22, 21, 0, 0, 0, 0, 0, 0, 0, 0, 0, 0, 33]","""[0, 1, 9, 3, 7, 4, 6, 4, 2, 1, 4, 7, 9, 4, 7, 6, 2, 4, 9, 7, 7, 58, 136, 103, 120, 35, 56, 111, 79, 81, 131, 0]"""
j20,1,proactive_quantile_0.9,60,False,inf,0.10116910934448242,inf,"[0, 0, 0, 0, 2, 8, 16, 7, 7, 10, 2, 13, 10, 8, 15, 10, 22, 24, 29, 25, 22, 0, 0, 0, 0, 0, 0, 0, 0, 0, 0, 135]","""[0, 2, 5, 6, 9, 4, 9, 9, 4, 1, 9, 7, 13, 6, 5, 3, 2, 5, 11, 9, 7, 58, 136, 103, 120, 35, 56, 111, 79, 81, 131, 0]"""
j20,1,reactive,60,False,inf,inf,inf,null,"[0, 2, 5, 6, 9, 4, 9, 9, 4, 1, 9, 7, 13, 6, 5, 3, 2, 5, 11, 9, 7, 58, 136, 103, 120, 35, 56, 111, 79, 81, 131, 0]"
j20,1,stnu,60,True,40,0.9594528675079346,0.03303265571594238,"[0, 0, 0, 0, 2, 5, 15, 6, 6, 11, 2, 12, 11, 5, 15, 11, 24, 24, 29, 26, 24, 0, 0, 0, 0, 0, 0, 0, 0, 0, 0, 40]","""[0, 2, 5, 6, 9, 4, 9, 9, 4, 1, 9, 7, 13, 6, 5, 3, 2, 5, 11, 9, 7, 58, 136, 103, 120, 35, 56, 111, 79, 81, 131, 0]"""
j20,1,proactive_quantile_0.9,60,True,40,0.09613180160522461,0.0019192695617675781,"[0, 0, 0, 0, 2, 8, 16, 7, 7, 10, 2, 13, 10, 8, 15, 10, 22, 24, 29, 25, 22, 0, 0, 0, 0, 0, 0, 0, 0, 0, 0, 135]","""[0, 1, 7, 7, 7, 5, 5, 6, 4, 3, 5, 2, 13, 5, 5, 6, 3, 6, 6, 8, 8, 58, 136, 103, 120, 35, 56, 111, 79, 81, 131, 0]"""
j20,1,reactive,60,False,inf,inf,inf,null,"[0, 1, 7, 7, 7, 5, 5, 6, 4, 3, 5, 2, 13, 5, 5, 6, 3, 6, 6, 8, 8, 58, 136, 103, 120, 35, 56, 111, 79, 81, 131, 0]"
j20,1,stnu,60,True,36,0.9336254596710205,0.03319811820983887,"[0, 0, 0, 0, 1, 7, 17, 7, 7, 11, 1, 14, 11, 7, 17, 11, 24, 24, 30, 27, 24, 0, 0, 0, 0, 0, 0, 0, 0, 0, 0, 36]","""[0, 1, 7, 7, 7, 5, 5, 6, 4, 3, 5, 2, 13, 5, 5, 6, 3, 6, 6, 8, 8, 58, 136, 103, 120, 35, 56, 111, 79, 81, 131, 0]"""
j20,1,proactive_quantile_0.9,60,True,34,0.10393452644348145,0.0017769336700439453,"[0, 0, 0, 0, 3, 4, 8, 8, 4, 11, 3, 16, 11, 16, 18, 13, 16, 24, 29, 17, 30, 0, 0, 0, 0, 0, 0, 0, 0, 0, 0, 0, 0, 153]","""[0, 6, 4, 8, 1, 9, 2, 4, 2, 4, 5, 2, 5, 2, 10, 7, 2, 5, 3, 1, 2, 82, 105, 135, 33, 50, 18, 146, 80, 65, 42, 154, 22, 0]"""
j20,1,reactive,60,False,inf,inf,inf,null,"[0, 6, 4, 8, 1, 9, 2, 4, 2, 4, 5, 2, 5, 2, 10, 7, 2, 5, 3, 1, 2, 82, 105, 135, 33, 50, 18, 146, 80, 65, 42, 154, 22, 0]"
j20,1,stnu,60,False,inf,0.9194705486297607,inf,[],"""[0, 6, 4, 8, 1, 9, 2, 4, 2, 4, 5, 2, 5, 2, 10, 7, 2, 5, 3, 1, 2, 82, 105, 135, 33, 50, 18, 146, 80, 65, 42, 154, 22, 0]"""
j20,1,proactive_quantile_0.9,60,False,inf,0.10444521903991699,inf,"[0, 0, 0, 0, 3, 4, 8, 8, 4, 11, 3, 16, 11, 16, 18, 13, 16, 24, 29, 17, 30, 0, 0, 0, 0, 0, 0, 0, 0, 0, 0, 0, 0, 153]","""[0, 6, 3, 6, 2, 8, 3, 1, 2, 2, 8, 2, 5, 1, 6, 9, 4, 4, 2, 2, 2, 82, 105, 135, 33, 50, 18, 146, 80, 65, 42, 154, 22, 0]"""
j20,1,reactive,60,False,inf,inf,inf,null,"[0, 6, 3, 6, 2, 8, 3, 1, 2, 2, 8, 2, 5, 1, 6, 9, 4, 4, 2, 2, 2, 82, 105, 135, 33, 50, 18, 146, 80, 65, 42, 154, 22, 0]"
j20,1,stnu,60,False,inf,0.9225559234619141,inf,[],"""[0, 6, 3, 6, 2, 8, 3, 1, 2, 2, 8, 2, 5, 1, 6, 9, 4, 4, 2, 2, 2, 82, 105, 135, 33, 50, 18, 146, 80, 65, 42, 154, 22, 0]"""
j20,1,proactive_quantile_0.9,60,True,34,0.10373377799987793,0.0017862319946289062,"[0, 0, 0, 0, 3, 4, 8, 8, 4, 11, 3, 16, 11, 16, 18, 13, 16, 24, 29, 17, 30, 0, 0, 0, 0, 0, 0, 0, 0, 0, 0, 0, 0, 153]","""[0, 4, 1, 5, 2, 6, 4, 2, 5, 4, 6, 2, 5, 3, 8, 9, 3, 3, 2, 2, 1, 82, 105, 135, 33, 50, 18, 146, 80, 65, 42, 154, 22, 0]"""
j20,1,reactive,60,False,inf,inf,inf,null,"[0, 4, 1, 5, 2, 6, 4, 2, 5, 4, 6, 2, 5, 3, 8, 9, 3, 3, 2, 2, 1, 82, 105, 135, 33, 50, 18, 146, 80, 65, 42, 154, 22, 0]"
j20,1,stnu,60,True,24,1.1080942153930664,0.0398101806640625,"[0, 0, 0, 0, 3, 5, 3, 5, 5, 9, 3, 9, 11, 16, 18, 9, 11, 16, 22, 16, 18, 0, 0, 0, 0, 0, 0, 0, 0, 0, 0, 0, 0, 24]","""[0, 3, 3, 6, 2, 4, 2, 2, 4, 1, 1, 2, 5, 2, 4, 2, 4, 2, 2, 1, 1, 82, 105, 135, 33, 50, 18, 146, 80, 65, 42, 154, 22, 0]"""
j20,1,proactive_quantile_0.9,60,False,inf,0.10858297348022461,inf,"[0, 0, 0, 0, 3, 4, 8, 8, 4, 11, 3, 16, 11, 16, 18, 13, 16, 24, 29, 17, 30, 0, 0, 0, 0, 0, 0, 0, 0, 0, 0, 0, 0, 153]","""[0, 7, 2, 6, 2, 11, 6, 2, 2, 3, 6, 2, 6, 1, 6, 6, 3, 5, 5, 2, 1, 82, 105, 135, 33, 50, 18, 146, 80, 65, 42, 154, 22, 0]"""
j20,1,reactive,60,False,inf,inf,inf,null,"[0, 7, 2, 6, 2, 11, 6, 2, 2, 3, 6, 2, 6, 1, 6, 6, 3, 5, 5, 2, 1, 82, 105, 135, 33, 50, 18, 146, 80, 65, 42, 154, 22, 0]"
j20,1,stnu,60,False,inf,0.8971874713897705,inf,[],"""[0, 7, 2, 6, 2, 11, 6, 2, 2, 3, 6, 2, 6, 1, 6, 6, 3, 5, 5, 2, 1, 82, 105, 135, 33, 50, 18, 146, 80, 65, 42, 154, 22, 0]"""
j20,1,proactive_quantile_0.9,60,False,inf,0.10377860069274902,inf,"[0, 0, 0, 0, 3, 4, 8, 8, 4, 11, 3, 16, 11, 16, 18, 13, 16, 24, 29, 17, 30, 0, 0, 0, 0, 0, 0, 0, 0, 0, 0, 0, 0, 153]","""[0, 8, 4, 7, 2, 6, 4, 1, 5, 1, 10, 1, 6, 2, 11, 11, 3, 7, 3, 3, 1, 82, 105, 135, 33, 50, 18, 146, 80, 65, 42, 154, 22, 0]"""
j20,1,reactive,60,False,inf,inf,inf,null,"[0, 8, 4, 7, 2, 6, 4, 1, 5, 1, 10, 1, 6, 2, 11, 11, 3, 7, 3, 3, 1, 82, 105, 135, 33, 50, 18, 146, 80, 65, 42, 154, 22, 0]"
j20,1,stnu,60,False,inf,0.8807897567749023,inf,[],"""[0, 8, 4, 7, 2, 6, 4, 1, 5, 1, 10, 1, 6, 2, 11, 11, 3, 7, 3, 3, 1, 82, 105, 135, 33, 50, 18, 146, 80, 65, 42, 154, 22, 0]"""
j20,1,proactive_quantile_0.9,60,True,34,0.09970903396606445,0.001859903335571289,"[0, 0, 0, 0, 3, 4, 8, 8, 4, 11, 3, 16, 11, 16, 18, 13, 16, 24, 29, 17, 30, 0, 0, 0, 0, 0, 0, 0, 0, 0, 0, 0, 0, 153]","""[0, 8, 2, 10, 1, 6, 4, 3, 3, 4, 6, 2, 5, 2, 12, 11, 4, 5, 5, 4, 2, 82, 105, 135, 33, 50, 18, 146, 80, 65, 42, 154, 22, 0]"""
j20,1,reactive,60,False,inf,inf,inf,null,"[0, 8, 2, 10, 1, 6, 4, 3, 3, 4, 6, 2, 5, 2, 12, 11, 4, 5, 5, 4, 2, 82, 105, 135, 33, 50, 18, 146, 80, 65, 42, 154, 22, 0]"
j20,1,stnu,60,False,inf,0.9190165996551514,inf,[],"""[0, 8, 2, 10, 1, 6, 4, 3, 3, 4, 6, 2, 5, 2, 12, 11, 4, 5, 5, 4, 2, 82, 105, 135, 33, 50, 18, 146, 80, 65, 42, 154, 22, 0]"""
j20,1,proactive_quantile_0.9,60,True,34,0.10932326316833496,0.0018453598022460938,"[0, 0, 0, 0, 3, 4, 8, 8, 4, 11, 3, 16, 11, 16, 18, 13, 16, 24, 29, 17, 30, 0, 0, 0, 0, 0, 0, 0, 0, 0, 0, 0, 0, 153]","""[0, 7, 3, 8, 1, 7, 2, 4, 6, 2, 7, 1, 5, 2, 7, 9, 6, 5, 3, 2, 1, 82, 105, 135, 33, 50, 18, 146, 80, 65, 42, 154, 22, 0]"""
j20,1,reactive,60,False,inf,inf,inf,null,"[0, 7, 3, 8, 1, 7, 2, 4, 6, 2, 7, 1, 5, 2, 7, 9, 6, 5, 3, 2, 1, 82, 105, 135, 33, 50, 18, 146, 80, 65, 42, 154, 22, 0]"
j20,1,stnu,60,False,inf,1.4639899730682373,inf,[],"""[0, 7, 3, 8, 1, 7, 2, 4, 6, 2, 7, 1, 5, 2, 7, 9, 6, 5, 3, 2, 1, 82, 105, 135, 33, 50, 18, 146, 80, 65, 42, 154, 22, 0]"""
j20,1,proactive_quantile_0.9,60,False,inf,0.1061253547668457,inf,"[0, 0, 0, 0, 3, 4, 8, 8, 4, 11, 3, 16, 11, 16, 18, 13, 16, 24, 29, 17, 30, 0, 0, 0, 0, 0, 0, 0, 0, 0, 0, 0, 0, 153]","""[0, 5, 3, 6, 2, 6, 3, 2, 3, 1, 10, 1, 6, 1, 11, 7, 3, 7, 2, 4, 2, 82, 105, 135, 33, 50, 18, 146, 80, 65, 42, 154, 22, 0]"""
j20,1,reactive,60,False,inf,inf,inf,null,"[0, 5, 3, 6, 2, 6, 3, 2, 3, 1, 10, 1, 6, 1, 11, 7, 3, 7, 2, 4, 2, 82, 105, 135, 33, 50, 18, 146, 80, 65, 42, 154, 22, 0]"
j20,1,stnu,60,False,inf,1.55995512008667,inf,[],"""[0, 5, 3, 6, 2, 6, 3, 2, 3, 1, 10, 1, 6, 1, 11, 7, 3, 7, 2, 4, 2, 82, 105, 135, 33, 50, 18, 146, 80, 65, 42, 154, 22, 0]"""
j20,1,proactive_quantile_0.9,60,True,34,0.11043620109558105,0.0018274784088134766,"[0, 0, 0, 0, 3, 4, 8, 8, 4, 11, 3, 16, 11, 16, 18, 13, 16, 24, 29, 17, 30, 0, 0, 0, 0, 0, 0, 0, 0, 0, 0, 0, 0, 153]","""[0, 8, 3, 9, 1, 11, 2, 3, 7, 4, 9, 2, 6, 3, 7, 6, 6, 2, 4, 4, 2, 82, 105, 135, 33, 50, 18, 146, 80, 65, 42, 154, 22, 0]"""
j20,1,reactive,60,False,inf,inf,inf,null,"[0, 8, 3, 9, 1, 11, 2, 3, 7, 4, 9, 2, 6, 3, 7, 6, 6, 2, 4, 4, 2, 82, 105, 135, 33, 50, 18, 146, 80, 65, 42, 154, 22, 0]"
j20,1,stnu,60,False,inf,0.8943955898284912,inf,[],"""[0, 8, 3, 9, 1, 11, 2, 3, 7, 4, 9, 2, 6, 3, 7, 6, 6, 2, 4, 4, 2, 82, 105, 135, 33, 50, 18, 146, 80, 65, 42, 154, 22, 0]"""
j20,1,proactive_quantile_0.9,60,True,34,0.1097574234008789,0.0018095970153808594,"[0, 0, 0, 0, 3, 4, 8, 8, 4, 11, 3, 16, 11, 16, 18, 13, 16, 24, 29, 17, 30, 0, 0, 0, 0, 0, 0, 0, 0, 0, 0, 0, 0, 153]","""[0, 4, 1, 5, 1, 8, 4, 1, 5, 1, 6, 1, 6, 3, 12, 7, 2, 2, 3, 1, 1, 82, 105, 135, 33, 50, 18, 146, 80, 65, 42, 154, 22, 0]"""
j20,1,reactive,60,False,inf,inf,inf,null,"[0, 4, 1, 5, 1, 8, 4, 1, 5, 1, 6, 1, 6, 3, 12, 7, 2, 2, 3, 1, 1, 82, 105, 135, 33, 50, 18, 146, 80, 65, 42, 154, 22, 0]"
j20,1,stnu,60,False,inf,1.0495326519012451,inf,[],"""[0, 4, 1, 5, 1, 8, 4, 1, 5, 1, 6, 1, 6, 3, 12, 7, 2, 2, 3, 1, 1, 82, 105, 135, 33, 50, 18, 146, 80, 65, 42, 154, 22, 0]"""
j20,1,proactive_quantile_0.9,60,False,inf,0.10226106643676758,inf,"[0, 8, 0, 0, 2, 4, 8, 6, 9, 16, 19, 17, 22, 2, 30, 30, 11, 30, 38, 38, 38, 0, 0, 0, 0, 0, 0, 166]","""[0, 12, 10, 3, 1, 3, 4, 1, 3, 1, 1, 2, 9, 9, 3, 7, 7, 4, 11, 8, 7, 26, 9, 167, 159, 116, 164, 0]"""
j20,1,reactive,60,False,inf,inf,inf,null,"[0, 12, 10, 3, 1, 3, 4, 1, 3, 1, 1, 2, 9, 9, 3, 7, 7, 4, 11, 8, 7, 26, 9, 167, 159, 116, 164, 0]"
j20,1,stnu,60,False,inf,0.9188621044158936,inf,[],"""[0, 12, 10, 3, 1, 3, 4, 1, 3, 1, 1, 2, 9, 9, 3, 7, 7, 4, 11, 8, 7, 26, 9, 167, 159, 116, 164, 0]"""
j20,1,proactive_quantile_0.9,60,False,inf,0.09168100357055664,inf,"[0, 8, 0, 0, 2, 4, 8, 6, 9, 16, 19, 17, 22, 2, 30, 30, 11, 30, 38, 38, 38, 0, 0, 0, 0, 0, 0, 166]","""[0, 10, 10, 1, 3, 1, 4, 1, 4, 1, 1, 3, 4, 5, 4, 7, 5, 6, 7, 9, 5, 26, 9, 167, 159, 116, 164, 0]"""
j20,1,reactive,60,False,inf,inf,inf,null,"[0, 10, 10, 1, 3, 1, 4, 1, 4, 1, 1, 3, 4, 5, 4, 7, 5, 6, 7, 9, 5, 26, 9, 167, 159, 116, 164, 0]"
j20,1,stnu,60,False,inf,0.9210608005523682,inf,[],"""[0, 10, 10, 1, 3, 1, 4, 1, 4, 1, 1, 3, 4, 5, 4, 7, 5, 6, 7, 9, 5, 26, 9, 167, 159, 116, 164, 0]"""
j20,1,proactive_quantile_0.9,60,False,inf,0.10141801834106445,inf,"[0, 8, 0, 0, 2, 4, 8, 6, 9, 16, 19, 17, 22, 2, 30, 30, 11, 30, 38, 38, 38, 0, 0, 0, 0, 0, 0, 166]","""[0, 10, 9, 3, 2, 1, 3, 2, 8, 2, 1, 5, 5, 10, 6, 4, 8, 8, 12, 8, 5, 26, 9, 167, 159, 116, 164, 0]"""
j20,1,reactive,60,False,inf,inf,inf,null,"[0, 10, 9, 3, 2, 1, 3, 2, 8, 2, 1, 5, 5, 10, 6, 4, 8, 8, 12, 8, 5, 26, 9, 167, 159, 116, 164, 0]"
j20,1,stnu,60,False,inf,0.9038894176483154,inf,[],"""[0, 10, 9, 3, 2, 1, 3, 2, 8, 2, 1, 5, 5, 10, 6, 4, 8, 8, 12, 8, 5, 26, 9, 167, 159, 116, 164, 0]"""
j20,1,proactive_quantile_0.9,60,False,inf,0.10035443305969238,inf,"[0, 8, 0, 0, 2, 4, 8, 6, 9, 16, 19, 17, 22, 2, 30, 30, 11, 30, 38, 38, 38, 0, 0, 0, 0, 0, 0, 166]","""[0, 11, 6, 3, 3, 3, 4, 1, 6, 2, 2, 2, 5, 10, 2, 6, 6, 8, 6, 7, 9, 26, 9, 167, 159, 116, 164, 0]"""
j20,1,reactive,60,False,inf,inf,inf,null,"[0, 11, 6, 3, 3, 3, 4, 1, 6, 2, 2, 2, 5, 10, 2, 6, 6, 8, 6, 7, 9, 26, 9, 167, 159, 116, 164, 0]"
j20,1,stnu,60,False,inf,0.9024064540863037,inf,[],"""[0, 11, 6, 3, 3, 3, 4, 1, 6, 2, 2, 2, 5, 10, 2, 6, 6, 8, 6, 7, 9, 26, 9, 167, 159, 116, 164, 0]"""
j20,1,proactive_quantile_0.9,60,True,50,0.1018977165222168,0.0014567375183105469,"[0, 8, 0, 0, 2, 4, 8, 6, 9, 16, 19, 17, 22, 2, 30, 30, 11, 30, 38, 38, 38, 0, 0, 0, 0, 0, 0, 166]","""[0, 7, 5, 1, 2, 3, 3, 1, 8, 1, 2, 3, 5, 8, 4, 7, 7, 4, 7, 7, 5, 26, 9, 167, 159, 116, 164, 0]"""
j20,1,reactive,60,False,inf,inf,inf,null,"[0, 7, 5, 1, 2, 3, 3, 1, 8, 1, 2, 3, 5, 8, 4, 7, 7, 4, 7, 7, 5, 26, 9, 167, 159, 116, 164, 0]"
j20,1,stnu,60,False,inf,0.8932802677154541,inf,[],"""[0, 7, 5, 1, 2, 3, 3, 1, 8, 1, 2, 3, 5, 8, 4, 7, 7, 4, 7, 7, 5, 26, 9, 167, 159, 116, 164, 0]"""
j20,1,proactive_quantile_0.9,60,False,inf,0.24541330337524414,inf,"[0, 8, 0, 0, 2, 4, 8, 6, 9, 16, 19, 17, 22, 2, 30, 30, 11, 30, 38, 38, 38, 0, 0, 0, 0, 0, 0, 166]","""[0, 6, 10, 1, 2, 1, 4, 1, 3, 1, 1, 4, 9, 5, 2, 7, 7, 8, 7, 5, 5, 26, 9, 167, 159, 116, 164, 0]"""
j20,1,reactive,60,False,inf,inf,inf,null,"[0, 6, 10, 1, 2, 1, 4, 1, 3, 1, 1, 4, 9, 5, 2, 7, 7, 8, 7, 5, 5, 26, 9, 167, 159, 116, 164, 0]"
j20,1,stnu,60,False,inf,0.897078275680542,inf,[],"""[0, 6, 10, 1, 2, 1, 4, 1, 3, 1, 1, 4, 9, 5, 2, 7, 7, 8, 7, 5, 5, 26, 9, 167, 159, 116, 164, 0]"""
j20,1,proactive_quantile_0.9,60,True,50,0.09794878959655762,0.0013685226440429688,"[0, 8, 0, 0, 2, 4, 8, 6, 9, 16, 19, 17, 22, 2, 30, 30, 11, 30, 38, 38, 38, 0, 0, 0, 0, 0, 0, 166]","""[0, 7, 5, 1, 3, 1, 1, 1, 3, 2, 2, 3, 7, 8, 7, 3, 3, 6, 10, 5, 5, 26, 9, 167, 159, 116, 164, 0]"""
j20,1,reactive,60,False,inf,inf,inf,null,"[0, 7, 5, 1, 3, 1, 1, 1, 3, 2, 2, 3, 7, 8, 7, 3, 3, 6, 10, 5, 5, 26, 9, 167, 159, 116, 164, 0]"
j20,1,stnu,60,False,inf,0.9493646621704102,inf,[],"""[0, 7, 5, 1, 3, 1, 1, 1, 3, 2, 2, 3, 7, 8, 7, 3, 3, 6, 10, 5, 5, 26, 9, 167, 159, 116, 164, 0]"""
j20,1,proactive_quantile_0.9,60,False,inf,0.09070014953613281,inf,"[0, 8, 0, 0, 2, 4, 8, 6, 9, 16, 19, 17, 22, 2, 30, 30, 11, 30, 38, 38, 38, 0, 0, 0, 0, 0, 0, 166]","""[0, 11, 5, 3, 2, 3, 1, 1, 6, 1, 2, 3, 9, 9, 2, 4, 8, 9, 7, 4, 4, 26, 9, 167, 159, 116, 164, 0]"""
j20,1,reactive,60,False,inf,inf,inf,null,"[0, 11, 5, 3, 2, 3, 1, 1, 6, 1, 2, 3, 9, 9, 2, 4, 8, 9, 7, 4, 4, 26, 9, 167, 159, 116, 164, 0]"
j20,1,stnu,60,False,inf,0.8925385475158691,inf,[],"""[0, 11, 5, 3, 2, 3, 1, 1, 6, 1, 2, 3, 9, 9, 2, 4, 8, 9, 7, 4, 4, 26, 9, 167, 159, 116, 164, 0]"""
j20,1,proactive_quantile_0.9,60,False,inf,0.0953073501586914,inf,"[0, 8, 0, 0, 2, 4, 8, 6, 9, 16, 19, 17, 22, 2, 30, 30, 11, 30, 38, 38, 38, 0, 0, 0, 0, 0, 0, 166]","""[0, 10, 8, 2, 3, 3, 2, 2, 3, 1, 3, 2, 8, 7, 3, 6, 7, 8, 9, 9, 8, 26, 9, 167, 159, 116, 164, 0]"""
j20,1,reactive,60,False,inf,inf,inf,null,"[0, 10, 8, 2, 3, 3, 2, 2, 3, 1, 3, 2, 8, 7, 3, 6, 7, 8, 9, 9, 8, 26, 9, 167, 159, 116, 164, 0]"
j20,1,stnu,60,False,inf,0.895606279373169,inf,[],"""[0, 10, 8, 2, 3, 3, 2, 2, 3, 1, 3, 2, 8, 7, 3, 6, 7, 8, 9, 9, 8, 26, 9, 167, 159, 116, 164, 0]"""
j20,1,proactive_quantile_0.9,60,False,inf,0.09573698043823242,inf,"[0, 8, 0, 0, 2, 4, 8, 6, 9, 16, 19, 17, 22, 2, 30, 30, 11, 30, 38, 38, 38, 0, 0, 0, 0, 0, 0, 166]","""[0, 11, 10, 3, 1, 2, 3, 3, 7, 1, 3, 6, 7, 8, 5, 8, 3, 7, 8, 9, 4, 26, 9, 167, 159, 116, 164, 0]"""
j20,1,reactive,60,False,inf,inf,inf,null,"[0, 11, 10, 3, 1, 2, 3, 3, 7, 1, 3, 6, 7, 8, 5, 8, 3, 7, 8, 9, 4, 26, 9, 167, 159, 116, 164, 0]"
j20,1,stnu,60,False,inf,0.8998804092407227,inf,[],"""[0, 11, 10, 3, 1, 2, 3, 3, 7, 1, 3, 6, 7, 8, 5, 8, 3, 7, 8, 9, 4, 26, 9, 167, 159, 116, 164, 0]"""
j20,1,proactive_quantile_0.9,60,False,inf,0.09415650367736816,inf,"[0, 0, 0, 0, 6, 6, 9, 12, 9, 18, 6, 24, 10, 29, 9, 18, 10, 12, 30, 23, 20, 0, 0, 0, 0, 0, 0, 0, 0, 0, 0, 0, 0, 0, 0, 138]","""[0, 1, 3, 4, 3, 1, 3, 2, 2, 5, 2, 5, 2, 1, 1, 6, 9, 5, 6, 8, 4, 133, 74, 10, 60, 78, 19, 15, 9, 139, 136, 30, 27, 58, 31, 0]"""
j20,1,reactive,60,False,inf,inf,inf,null,"[0, 1, 3, 4, 3, 1, 3, 2, 2, 5, 2, 5, 2, 1, 1, 6, 9, 5, 6, 8, 4, 133, 74, 10, 60, 78, 19, 15, 9, 139, 136, 30, 27, 58, 31, 0]"
j20,1,stnu,60,False,inf,0.9665064811706543,inf,[],"""[0, 1, 3, 4, 3, 1, 3, 8, 9, 5, 2, 5, 2, 1, 1, 6, 9, 5, 6, 8, 4, 133, 74, 10, 60, 78, 19, 15, 9, 139, 136, 30, 27, 58, 31, 0]"""
j20,1,proactive_quantile_0.9,60,False,inf,0.09362006187438965,inf,"[0, 0, 0, 0, 6, 6, 9, 12, 9, 18, 6, 24, 10, 29, 9, 18, 10, 12, 30, 23, 20, 0, 0, 0, 0, 0, 0, 0, 0, 0, 0, 0, 0, 0, 0, 138]","""[0, 1, 2, 4, 2, 4, 1, 6, 1, 7, 3, 3, 2, 2, 2, 3, 6, 4, 5, 8, 3, 133, 74, 10, 60, 78, 19, 15, 9, 139, 136, 30, 27, 58, 31, 0]"""
j20,1,reactive,60,False,inf,inf,inf,null,"[0, 1, 2, 4, 2, 4, 1, 6, 1, 7, 3, 3, 2, 2, 2, 3, 6, 4, 5, 8, 3, 133, 74, 10, 60, 78, 19, 15, 9, 139, 136, 30, 27, 58, 31, 0]"
j20,1,stnu,60,False,inf,0.934628963470459,inf,[],"""[0, 1, 3, 4, 2, 4, 1, 6, 9, 7, 3, 3, 2, 2, 2, 3, 6, 4, 5, 8, 3, 133, 74, 10, 60, 78, 19, 15, 9, 139, 136, 30, 27, 58, 31, 0]"""
j20,1,proactive_quantile_0.9,60,False,inf,0.09949016571044922,inf,"[0, 0, 0, 0, 6, 6, 9, 12, 9, 18, 6, 24, 10, 29, 9, 18, 10, 12, 30, 23, 20, 0, 0, 0, 0, 0, 0, 0, 0, 0, 0, 0, 0, 0, 0, 138]","""[0, 2, 5, 3, 3, 3, 3, 3, 1, 7, 3, 4, 2, 2, 2, 5, 5, 4, 6, 12, 3, 133, 74, 10, 60, 78, 19, 15, 9, 139, 136, 30, 27, 58, 31, 0]"""
j20,1,reactive,60,False,inf,inf,inf,null,"[0, 2, 5, 3, 3, 3, 3, 3, 1, 7, 3, 4, 2, 2, 2, 5, 5, 4, 6, 12, 3, 133, 74, 10, 60, 78, 19, 15, 9, 139, 136, 30, 27, 58, 31, 0]"
j20,1,stnu,60,False,inf,0.9637377262115479,inf,[],"""[0, 2, 1, 1, 3, 3, 3, 3, 1, 4, 3, 4, 2, 2, 2, 2, 2, 4, 2, 1, 1, 133, 74, 10, 60, 78, 19, 15, 9, 139, 136, 30, 27, 58, 31, 0]"""
j20,1,proactive_quantile_0.9,60,False,inf,0.0967860221862793,inf,"[0, 0, 0, 0, 6, 6, 9, 12, 9, 18, 6, 24, 10, 29, 9, 18, 10, 12, 30, 23, 20, 0, 0, 0, 0, 0, 0, 0, 0, 0, 0, 0, 0, 0, 0, 138]","""[0, 1, 3, 3, 4, 1, 4, 4, 2, 6, 1, 4, 1, 2, 1, 5, 5, 5, 6, 7, 1, 133, 74, 10, 60, 78, 19, 15, 9, 139, 136, 30, 27, 58, 31, 0]"""
j20,1,reactive,60,False,inf,inf,inf,null,"[0, 1, 3, 3, 4, 1, 4, 4, 2, 6, 1, 4, 1, 2, 1, 5, 5, 5, 6, 7, 1, 133, 74, 10, 60, 78, 19, 15, 9, 139, 136, 30, 27, 58, 31, 0]"
j20,1,stnu,60,False,inf,0.9109580516815186,inf,[],"""[0, 1, 3, 3, 4, 1, 4, 3, 6, 6, 1, 4, 1, 2, 1, 5, 5, 5, 6, 7, 1, 133, 74, 10, 60, 78, 19, 15, 9, 139, 136, 30, 27, 58, 31, 0]"""
j20,1,proactive_quantile_0.9,60,False,inf,0.09055304527282715,inf,"[0, 0, 0, 0, 6, 6, 9, 12, 9, 18, 6, 24, 10, 29, 9, 18, 10, 12, 30, 23, 20, 0, 0, 0, 0, 0, 0, 0, 0, 0, 0, 0, 0, 0, 0, 138]","""[0, 2, 6, 2, 1, 2, 3, 3, 1, 5, 3, 6, 1, 1, 2, 2, 9, 5, 3, 12, 1, 133, 74, 10, 60, 78, 19, 15, 9, 139, 136, 30, 27, 58, 31, 0]"""
j20,1,reactive,60,False,inf,inf,inf,null,"[0, 2, 6, 2, 1, 2, 3, 3, 1, 5, 3, 6, 1, 1, 2, 2, 9, 5, 3, 12, 1, 133, 74, 10, 60, 78, 19, 15, 9, 139, 136, 30, 27, 58, 31, 0]"
j20,1,stnu,60,False,inf,1.6958811283111572,inf,[],"""[0, 2, 4, 2, 1, 2, 3, 8, 10, 5, 3, 6, 1, 1, 2, 2, 9, 5, 3, 12, 1, 133, 74, 10, 60, 78, 19, 15, 9, 139, 136, 30, 27, 58, 31, 0]"""
j20,1,proactive_quantile_0.9,60,False,inf,0.09605789184570312,inf,"[0, 0, 0, 0, 6, 6, 9, 12, 9, 18, 6, 24, 10, 29, 9, 18, 10, 12, 30, 23, 20, 0, 0, 0, 0, 0, 0, 0, 0, 0, 0, 0, 0, 0, 0, 138]","""[0, 2, 4, 2, 3, 1, 3, 3, 2, 7, 2, 4, 2, 1, 1, 2, 9, 7, 4, 10, 2, 133, 74, 10, 60, 78, 19, 15, 9, 139, 136, 30, 27, 58, 31, 0]"""
j20,1,reactive,60,False,inf,inf,inf,null,"[0, 2, 4, 2, 3, 1, 3, 3, 2, 7, 2, 4, 2, 1, 1, 2, 9, 7, 4, 10, 2, 133, 74, 10, 60, 78, 19, 15, 9, 139, 136, 30, 27, 58, 31, 0]"
j20,1,stnu,60,False,inf,1.5612869262695312,inf,[],"""[0, 2, 4, 2, 3, 1, 3, 8, 8, 7, 2, 4, 2, 1, 1, 2, 9, 7, 4, 10, 2, 133, 74, 10, 60, 78, 19, 15, 9, 139, 136, 30, 27, 58, 31, 0]"""
j20,1,proactive_quantile_0.9,60,True,35,0.10051655769348145,0.0016634464263916016,"[0, 0, 0, 0, 6, 6, 9, 12, 9, 18, 6, 24, 10, 29, 9, 18, 10, 12, 30, 23, 20, 0, 0, 0, 0, 0, 0, 0, 0, 0, 0, 0, 0, 0, 0, 138]","""[0, 2, 5, 7, 2, 1, 4, 4, 1, 8, 3, 6, 1, 2, 2, 4, 4, 5, 5, 6, 4, 133, 74, 10, 60, 78, 19, 15, 9, 139, 136, 30, 27, 58, 31, 0]"""
j20,1,reactive,60,False,inf,inf,inf,null,"[0, 2, 5, 7, 2, 1, 4, 4, 1, 8, 3, 6, 1, 2, 2, 4, 4, 5, 5, 6, 4, 133, 74, 10, 60, 78, 19, 15, 9, 139, 136, 30, 27, 58, 31, 0]"
j20,1,stnu,60,False,inf,0.9094445705413818,inf,[],"""[0, 2, 4, 7, 2, 1, 4, 3, 7, 8, 3, 6, 1, 2, 2, 4, 4, 5, 5, 6, 4, 133, 74, 10, 60, 78, 19, 15, 9, 139, 136, 30, 27, 58, 31, 0]"""
j20,1,proactive_quantile_0.9,60,True,35,0.08990955352783203,0.0016932487487792969,"[0, 0, 0, 0, 6, 6, 9, 12, 9, 18, 6, 24, 10, 29, 9, 18, 10, 12, 30, 23, 20, 0, 0, 0, 0, 0, 0, 0, 0, 0, 0, 0, 0, 0, 0, 138]","""[0, 2, 7, 5, 1, 3, 2, 6, 1, 7, 1, 2, 1, 1, 2, 6, 8, 5, 3, 13, 3, 133, 74, 10, 60, 78, 19, 15, 9, 139, 136, 30, 27, 58, 31, 0]"""
j20,1,reactive,60,False,inf,inf,inf,null,"[0, 2, 7, 5, 1, 3, 2, 6, 1, 7, 1, 2, 1, 1, 2, 6, 8, 5, 3, 13, 3, 133, 74, 10, 60, 78, 19, 15, 9, 139, 136, 30, 27, 58, 31, 0]"
j20,1,stnu,60,False,inf,0.8897018432617188,inf,[],"""[0, 2, 2, 5, 1, 3, 2, 6, 7, 7, 1, 2, 1, 1, 2, 6, 8, 5, 3, 13, 3, 133, 74, 10, 60, 78, 19, 15, 9, 139, 136, 30, 27, 58, 31, 0]"""
j20,1,proactive_quantile_0.9,60,False,inf,0.09760093688964844,inf,"[0, 0, 0, 0, 6, 6, 9, 12, 9, 18, 6, 24, 10, 29, 9, 18, 10, 12, 30, 23, 20, 0, 0, 0, 0, 0, 0, 0, 0, 0, 0, 0, 0, 0, 0, 138]","""[0, 2, 5, 5, 2, 1, 3, 3, 1, 5, 2, 6, 2, 2, 2, 3, 9, 5, 3, 13, 4, 133, 74, 10, 60, 78, 19, 15, 9, 139, 136, 30, 27, 58, 31, 0]"""
j20,1,reactive,60,False,inf,inf,inf,null,"[0, 2, 5, 5, 2, 1, 3, 3, 1, 5, 2, 6, 2, 2, 2, 3, 9, 5, 3, 13, 4, 133, 74, 10, 60, 78, 19, 15, 9, 139, 136, 30, 27, 58, 31, 0]"
j20,1,stnu,60,False,inf,0.9897449016571045,inf,[],"""[0, 2, 2, 5, 2, 1, 3, 8, 9, 5, 2, 6, 2, 2, 2, 3, 9, 5, 3, 13, 4, 133, 74, 10, 60, 78, 19, 15, 9, 139, 136, 30, 27, 58, 31, 0]"""
j20,1,proactive_quantile_0.9,60,False,inf,0.09019613265991211,inf,"[0, 0, 0, 0, 6, 6, 9, 12, 9, 18, 6, 24, 10, 29, 9, 18, 10, 12, 30, 23, 20, 0, 0, 0, 0, 0, 0, 0, 0, 0, 0, 0, 0, 0, 0, 138]","""[0, 1, 7, 6, 4, 2, 3, 6, 2, 7, 3, 3, 2, 1, 1, 2, 7, 9, 4, 9, 2, 133, 74, 10, 60, 78, 19, 15, 9, 139, 136, 30, 27, 58, 31, 0]"""
j20,1,reactive,60,False,inf,inf,inf,null,"[0, 1, 7, 6, 4, 2, 3, 6, 2, 7, 3, 3, 2, 1, 1, 2, 7, 9, 4, 9, 2, 133, 74, 10, 60, 78, 19, 15, 9, 139, 136, 30, 27, 58, 31, 0]"
j20,1,stnu,60,False,inf,0.892775297164917,inf,[],"""[0, 1, 2, 6, 4, 2, 3, 3, 10, 7, 3, 3, 2, 1, 1, 2, 7, 9, 4, 9, 2, 133, 74, 10, 60, 78, 19, 15, 9, 139, 136, 30, 27, 58, 31, 0]"""
j20,1,proactive_quantile_0.9,60,True,53,0.09478163719177246,0.0012390613555908203,"[0, 0, 0, 0, 6, 6, 8, 14, 15, 9, 20, 23, 23, 23, 6, 28, 28, 35, 42, 35, 31, 0, 0, 0, 0, 159]","""[0, 5, 7, 3, 3, 9, 5, 6, 4, 4, 8, 4, 6, 9, 8, 8, 7, 3, 11, 4, 9, 136, 150, 160, 70, 0]"""
j20,1,reactive,60,False,inf,inf,inf,null,"[0, 5, 7, 3, 3, 9, 5, 6, 4, 4, 8, 4, 6, 9, 8, 8, 7, 3, 11, 4, 9, 136, 150, 160, 70, 0]"
j20,1,stnu,60,True,51,1.2679407596588135,0.02475452423095703,"[0, 0, 0, 0, 7, 7, 10, 16, 16, 5, 20, 22, 22, 22, 7, 28, 28, 36, 40, 36, 28, 0, 0, 0, 0, 51]","""[0, 5, 7, 3, 3, 9, 5, 6, 4, 4, 8, 4, 6, 9, 8, 8, 7, 3, 11, 4, 9, 136, 150, 160, 70, 0]"""
j20,1,proactive_quantile_0.9,60,True,53,0.1013636589050293,0.0012407302856445312,"[0, 0, 0, 0, 6, 6, 8, 14, 15, 9, 20, 23, 23, 23, 6, 28, 28, 35, 42, 35, 31, 0, 0, 0, 0, 159]","""[0, 8, 2, 5, 2, 5, 8, 7, 5, 4, 11, 4, 3, 8, 3, 5, 5, 6, 11, 6, 8, 136, 150, 160, 70, 0]"""
j20,1,reactive,60,False,inf,inf,inf,null,"[0, 8, 2, 5, 2, 5, 8, 7, 5, 4, 11, 4, 3, 8, 3, 5, 5, 6, 11, 6, 8, 136, 150, 160, 70, 0]"
j20,1,stnu,60,True,50,1.1071393489837646,0.02475428581237793,"[0, 0, 0, 0, 5, 5, 7, 12, 15, 8, 20, 20, 19, 20, 5, 24, 24, 31, 39, 31, 31, 0, 0, 0, 0, 50]","""[0, 8, 2, 5, 2, 5, 8, 7, 5, 4, 11, 4, 3, 8, 3, 5, 5, 6, 11, 6, 8, 136, 150, 160, 70, 0]"""
j20,1,proactive_quantile_0.9,60,True,53,0.09572362899780273,0.0011970996856689453,"[0, 0, 0, 0, 6, 6, 8, 14, 15, 9, 20, 23, 23, 23, 6, 28, 28, 35, 42, 35, 31, 0, 0, 0, 0, 159]","""[0, 5, 4, 5, 3, 6, 5, 9, 3, 2, 11, 4, 4, 8, 8, 6, 7, 7, 11, 6, 6, 136, 150, 160, 70, 0]"""
j20,1,reactive,60,False,inf,inf,inf,null,"[0, 5, 4, 5, 3, 6, 5, 9, 3, 2, 11, 4, 4, 8, 8, 6, 7, 7, 11, 6, 6, 136, 150, 160, 70, 0]"
j20,1,stnu,60,True,51,1.1179940700531006,0.024317026138305664,"[0, 0, 0, 0, 5, 5, 8, 13, 13, 5, 16, 22, 22, 22, 5, 26, 26, 33, 40, 33, 27, 0, 0, 0, 0, 51]","""[0, 5, 4, 5, 3, 6, 5, 9, 3, 2, 11, 4, 4, 8, 8, 6, 7, 7, 11, 6, 6, 136, 150, 160, 70, 0]"""
j20,1,proactive_quantile_0.9,60,False,inf,0.09024596214294434,inf,"[0, 0, 0, 0, 6, 6, 8, 14, 15, 9, 20, 23, 23, 23, 6, 28, 28, 35, 42, 35, 31, 0, 0, 0, 0, 159]","""[0, 9, 3, 4, 3, 4, 5, 6, 2, 4, 6, 6, 5, 4, 8, 3, 8, 7, 9, 6, 7, 136, 150, 160, 70, 0]"""
j20,1,reactive,60,False,inf,inf,inf,null,"[0, 9, 3, 4, 3, 4, 5, 6, 2, 4, 6, 6, 5, 4, 8, 3, 8, 7, 9, 6, 7, 136, 150, 160, 70, 0]"
j20,1,stnu,60,True,49,1.1237759590148926,0.024467945098876953,"[0, 0, 0, 0, 4, 4, 7, 13, 13, 9, 15, 19, 19, 19, 4, 25, 25, 33, 40, 33, 24, 0, 0, 0, 0, 49]","""[0, 9, 3, 4, 3, 4, 5, 6, 2, 4, 6, 6, 5, 4, 8, 3, 8, 7, 9, 6, 7, 136, 150, 160, 70, 0]"""
j20,1,proactive_quantile_0.9,60,True,53,0.09129834175109863,0.0012099742889404297,"[0, 0, 0, 0, 6, 6, 8, 14, 15, 9, 20, 23, 23, 23, 6, 28, 28, 35, 42, 35, 31, 0, 0, 0, 0, 159]","""[0, 9, 5, 5, 1, 5, 5, 6, 2, 4, 8, 5, 4, 9, 4, 8, 7, 5, 7, 3, 12, 136, 150, 160, 70, 0]"""
j20,1,reactive,60,False,inf,inf,inf,null,"[0, 9, 5, 5, 1, 5, 5, 6, 2, 4, 8, 5, 4, 9, 4, 8, 7, 5, 7, 3, 12, 136, 150, 160, 70, 0]"
j20,1,stnu,60,True,44,1.1266536712646484,0.02661442756652832,"[0, 0, 0, 0, 5, 5, 6, 13, 13, 9, 15, 19, 19, 19, 5, 24, 24, 32, 37, 32, 23, 0, 0, 0, 0, 44]","""[0, 9, 5, 5, 1, 5, 5, 6, 2, 4, 8, 5, 4, 9, 4, 8, 7, 5, 7, 3, 12, 136, 150, 160, 70, 0]"""
j20,1,proactive_quantile_0.9,60,True,53,0.09973454475402832,0.0012018680572509766,"[0, 0, 0, 0, 6, 6, 8, 14, 15, 9, 20, 23, 23, 23, 6, 28, 28, 35, 42, 35, 31, 0, 0, 0, 0, 159]","""[0, 6, 5, 3, 2, 9, 5, 9, 4, 2, 6, 6, 3, 7, 4, 3, 4, 7, 6, 6, 8, 136, 150, 160, 70, 0]"""
j20,1,reactive,60,False,inf,inf,inf,null,"[0, 6, 5, 3, 2, 9, 5, 9, 4, 2, 6, 6, 3, 7, 4, 3, 4, 7, 6, 6, 8, 136, 150, 160, 70, 0]"
j20,1,stnu,60,True,46,0.9780983924865723,0.024747848510742188,"[0, 0, 0, 0, 5, 5, 7, 14, 14, 6, 18, 23, 23, 23, 5, 29, 29, 33, 40, 33, 26, 0, 0, 0, 0, 46]","""[0, 6, 5, 3, 2, 9, 5, 9, 4, 2, 6, 6, 3, 7, 4, 3, 4, 7, 6, 6, 8, 136, 150, 160, 70, 0]"""
j20,1,proactive_quantile_0.9,60,False,inf,0.09905314445495605,inf,"[0, 0, 0, 0, 6, 6, 8, 14, 15, 9, 20, 23, 23, 23, 6, 28, 28, 35, 42, 35, 31, 0, 0, 0, 0, 159]","""[0, 10, 4, 5, 1, 4, 3, 5, 5, 4, 6, 4, 5, 7, 5, 4, 8, 4, 7, 5, 8, 136, 150, 160, 70, 0]"""
j20,1,reactive,60,False,inf,inf,inf,null,"[0, 10, 4, 5, 1, 4, 3, 5, 5, 4, 6, 4, 5, 7, 5, 4, 8, 4, 7, 5, 8, 136, 150, 160, 70, 0]"
j20,1,stnu,60,True,44,0.9437134265899658,0.024413585662841797,"[0, 0, 0, 0, 5, 5, 6, 14, 14, 10, 19, 19, 19, 19, 5, 24, 24, 32, 37, 32, 25, 0, 0, 0, 0, 44]","""[0, 10, 4, 5, 1, 4, 3, 5, 5, 4, 6, 4, 5, 7, 5, 4, 8, 4, 7, 5, 8, 136, 150, 160, 70, 0]"""
j20,1,proactive_quantile_0.9,60,True,53,0.09452700614929199,0.0011973381042480469,"[0, 0, 0, 0, 6, 6, 8, 14, 15, 9, 20, 23, 23, 23, 6, 28, 28, 35, 42, 35, 31, 0, 0, 0, 0, 159]","""[0, 6, 4, 6, 3, 6, 8, 5, 2, 2, 12, 6, 3, 5, 7, 6, 6, 8, 10, 6, 7, 136, 150, 160, 70, 0]"""
j20,1,reactive,60,False,inf,inf,inf,null,"[0, 6, 4, 6, 3, 6, 8, 5, 2, 2, 12, 6, 3, 5, 7, 6, 6, 8, 10, 6, 7, 136, 150, 160, 70, 0]"
j20,1,stnu,60,True,49,0.967900276184082,0.024445056915283203,"[0, 0, 0, 0, 6, 6, 9, 13, 17, 6, 19, 19, 18, 19, 6, 25, 25, 31, 39, 31, 31, 0, 0, 0, 0, 49]","""[0, 6, 4, 6, 3, 6, 8, 5, 2, 2, 12, 6, 3, 5, 7, 6, 6, 8, 10, 6, 7, 136, 150, 160, 70, 0]"""
j20,1,proactive_quantile_0.9,60,False,inf,0.09601902961730957,inf,"[0, 0, 0, 0, 6, 6, 8, 14, 15, 9, 20, 23, 23, 23, 6, 28, 28, 35, 42, 35, 31, 0, 0, 0, 0, 159]","""[0, 9, 5, 3, 1, 9, 3, 10, 5, 6, 9, 6, 5, 6, 7, 7, 8, 5, 6, 2, 12, 136, 150, 160, 70, 0]"""
j20,1,reactive,60,False,inf,inf,inf,null,"[0, 9, 5, 3, 1, 9, 3, 10, 5, 6, 9, 6, 5, 6, 7, 7, 8, 5, 6, 2, 12, 136, 150, 160, 70, 0]"
j20,1,stnu,60,True,50,0.9585700035095215,0.0247495174407959,"[0, 0, 0, 0, 5, 5, 6, 15, 15, 9, 20, 25, 25, 25, 5, 31, 31, 39, 44, 39, 30, 0, 0, 0, 0, 50]","""[0, 9, 5, 3, 1, 9, 3, 10, 5, 6, 9, 6, 5, 6, 7, 7, 8, 5, 6, 2, 12, 136, 150, 160, 70, 0]"""
j20,1,proactive_quantile_0.9,60,False,inf,0.09923100471496582,inf,"[0, 0, 0, 0, 6, 6, 8, 14, 15, 9, 20, 23, 23, 23, 6, 28, 28, 35, 42, 35, 31, 0, 0, 0, 0, 159]","""[0, 10, 6, 2, 3, 9, 3, 8, 2, 5, 11, 3, 3, 5, 5, 4, 3, 6, 7, 2, 12, 136, 150, 160, 70, 0]"""
j20,1,reactive,60,False,inf,inf,inf,null,"[0, 10, 6, 2, 3, 9, 3, 8, 2, 5, 11, 3, 3, 5, 5, 4, 3, 6, 7, 2, 12, 136, 150, 160, 70, 0]"
j20,1,stnu,60,True,47,0.906451940536499,0.02442622184753418,"[0, 0, 0, 0, 6, 6, 9, 15, 15, 10, 17, 23, 23, 23, 6, 26, 26, 30, 40, 30, 28, 0, 0, 0, 0, 47]","""[0, 10, 6, 2, 3, 9, 3, 8, 2, 5, 11, 3, 3, 5, 5, 4, 3, 6, 7, 2, 12, 136, 150, 160, 70, 0]"""
j20,1,proactive_quantile_0.9,60,False,inf,0.09367990493774414,inf,"[0, 0, 0, 0, 7, 4, 6, 5, 1, 1, 1, 7, 7, 7, 11, 10, 8, 14, 14, 17, 17, 0, 0, 0, 0, 0, 0, 0, 0, 0, 0, 0, 0, 0, 0, 0, 0, 153]","""[0, 1, 8, 1, 3, 1, 3, 1, 7, 1, 4, 2, 2, 6, 3, 3, 3, 4, 4, 6, 3, 27, 8, 82, 11, 93, 38, 154, 128, 99, 55, 9, 89, 41, 53, 51, 22, 0]"""
j20,1,reactive,60,False,inf,inf,inf,null,"[0, 1, 8, 1, 3, 1, 3, 1, 7, 1, 4, 2, 2, 6, 3, 3, 3, 4, 4, 6, 3, 27, 8, 82, 11, 93, 38, 154, 128, 99, 55, 9, 89, 41, 53, 51, 22, 0]"
j20,1,stnu,60,False,inf,1.0267925262451172,inf,[],"""[0, 1, 5, 1, 3, 1, 3, 1, 7, 1, 1, 2, 2, 4, 3, 3, 3, 4, 3, 2, 2, 27, 8, 82, 11, 93, 38, 154, 128, 99, 55, 9, 89, 41, 53, 51, 22, 0]"""
j20,1,proactive_quantile_0.9,60,False,inf,0.09112310409545898,inf,"[0, 0, 0, 0, 7, 4, 6, 5, 1, 1, 1, 7, 7, 7, 11, 10, 8, 14, 14, 17, 17, 0, 0, 0, 0, 0, 0, 0, 0, 0, 0, 0, 0, 0, 0, 0, 0, 153]","""[0, 1, 3, 2, 1, 2, 3, 1, 2, 4, 7, 2, 2, 4, 3, 2, 3, 4, 3, 5, 2, 27, 8, 82, 11, 93, 38, 154, 128, 99, 55, 9, 89, 41, 53, 51, 22, 0]"""
j20,1,reactive,60,False,inf,inf,inf,null,"[0, 1, 3, 2, 1, 2, 3, 1, 2, 4, 7, 2, 2, 4, 3, 2, 3, 4, 3, 5, 2, 27, 8, 82, 11, 93, 38, 154, 128, 99, 55, 9, 89, 41, 53, 51, 22, 0]"
j20,1,stnu,60,False,inf,0.8761320114135742,inf,[],"""[0, 1, 3, 2, 1, 2, 3, 1, 2, 4, 7, 2, 2, 4, 3, 2, 3, 2, 3, 5, 2, 27, 8, 82, 11, 93, 38, 154, 128, 99, 55, 9, 89, 41, 53, 51, 22, 0]"""
j20,1,proactive_quantile_0.9,60,True,23,0.08948802947998047,0.0018565654754638672,"[0, 0, 0, 0, 7, 4, 6, 5, 1, 1, 1, 7, 7, 7, 11, 10, 8, 14, 14, 17, 17, 0, 0, 0, 0, 0, 0, 0, 0, 0, 0, 0, 0, 0, 0, 0, 0, 153]","""[0, 2, 3, 2, 2, 1, 3, 2, 2, 3, 2, 3, 1, 4, 2, 2, 3, 4, 6, 2, 2, 27, 8, 82, 11, 93, 38, 154, 128, 99, 55, 9, 89, 41, 53, 51, 22, 0]"""
j20,1,reactive,60,False,inf,inf,inf,null,"[0, 2, 3, 2, 2, 1, 3, 2, 2, 3, 2, 3, 1, 4, 2, 2, 3, 4, 6, 2, 2, 27, 8, 82, 11, 93, 38, 154, 128, 99, 55, 9, 89, 41, 53, 51, 22, 0]"
j20,1,stnu,60,False,inf,0.9614992141723633,inf,[],"""[0, 2, 7, 2, 2, 1, 3, 2, 2, 3, 1, 3, 1, 1, 2, 2, 3, 4, 4, 1, 2, 27, 8, 82, 11, 93, 38, 154, 128, 99, 55, 9, 89, 41, 53, 51, 22, 0]"""
j20,1,proactive_quantile_0.9,60,False,inf,0.090972900390625,inf,"[0, 0, 0, 0, 7, 4, 6, 5, 1, 1, 1, 7, 7, 7, 11, 10, 8, 14, 14, 17, 17, 0, 0, 0, 0, 0, 0, 0, 0, 0, 0, 0, 0, 0, 0, 0, 0, 153]","""[0, 1, 6, 2, 2, 1, 1, 2, 5, 1, 7, 1, 1, 3, 2, 4, 3, 4, 5, 3, 3, 27, 8, 82, 11, 93, 38, 154, 128, 99, 55, 9, 89, 41, 53, 51, 22, 0]"""
j20,1,reactive,60,False,inf,inf,inf,null,"[0, 1, 6, 2, 2, 1, 1, 2, 5, 1, 7, 1, 1, 3, 2, 4, 3, 4, 5, 3, 3, 27, 8, 82, 11, 93, 38, 154, 128, 99, 55, 9, 89, 41, 53, 51, 22, 0]"
j20,1,stnu,60,False,inf,0.9623353481292725,inf,[],"""[0, 1, 6, 2, 2, 1, 1, 2, 5, 1, 7, 1, 1, 3, 2, 4, 3, 7, 5, 3, 3, 27, 8, 82, 11, 93, 38, 154, 128, 99, 55, 9, 89, 41, 53, 51, 22, 0]"""
j20,1,proactive_quantile_0.9,60,False,inf,0.09027767181396484,inf,"[0, 0, 0, 0, 7, 4, 6, 5, 1, 1, 1, 7, 7, 7, 11, 10, 8, 14, 14, 17, 17, 0, 0, 0, 0, 0, 0, 0, 0, 0, 0, 0, 0, 0, 0, 0, 0, 153]","""[0, 2, 4, 1, 2, 1, 3, 2, 5, 3, 5, 2, 2, 7, 2, 4, 2, 1, 3, 2, 2, 27, 8, 82, 11, 93, 38, 154, 128, 99, 55, 9, 89, 41, 53, 51, 22, 0]"""
j20,1,reactive,60,False,inf,inf,inf,null,"[0, 2, 4, 1, 2, 1, 3, 2, 5, 3, 5, 2, 2, 7, 2, 4, 2, 1, 3, 2, 2, 27, 8, 82, 11, 93, 38, 154, 128, 99, 55, 9, 89, 41, 53, 51, 22, 0]"
j20,1,stnu,60,False,inf,0.9345016479492188,inf,[],"""[0, 2, 4, 1, 2, 1, 3, 2, 5, 3, 5, 2, 2, 7, 2, 4, 2, 5, 3, 2, 2, 27, 8, 82, 11, 93, 38, 154, 128, 99, 55, 9, 89, 41, 53, 51, 22, 0]"""
j20,1,proactive_quantile_0.9,60,False,inf,0.10661458969116211,inf,"[0, 0, 0, 0, 7, 1, 7, 2, 1, 4, 3, 7, 7, 6, 10, 10, 13, 13, 10, 16, 16, 0, 0, 0, 0, 0, 0, 0, 0, 0, 0, 0, 0, 0, 0, 0, 0, 153]","""[0, 1, 4, 1, 3, 2, 4, 2, 7, 2, 1, 3, 2, 2, 4, 4, 4, 1, 1, 3, 2, 27, 8, 82, 11, 93, 38, 154, 128, 99, 55, 9, 89, 41, 53, 51, 22, 0]"""
j20,1,reactive,60,False,inf,inf,inf,null,"[0, 1, 4, 1, 3, 2, 4, 2, 7, 2, 1, 3, 2, 2, 4, 4, 4, 1, 1, 3, 2, 27, 8, 82, 11, 93, 38, 154, 128, 99, 55, 9, 89, 41, 53, 51, 22, 0]"
j20,1,stnu,60,False,inf,1.0069987773895264,inf,[],"""[0, 1, 4, 1, 3, 2, 4, 2, 7, 2, 1, 3, 2, 2, 4, 4, 4, 1, 1, 3, 2, 27, 8, 82, 11, 93, 38, 154, 128, 99, 55, 9, 89, 41, 53, 51, 22, 0]"""
j20,1,proactive_quantile_0.9,60,False,inf,0.14126181602478027,inf,"[0, 0, 0, 0, 7, 1, 7, 2, 1, 4, 3, 7, 7, 6, 10, 10, 13, 13, 10, 16, 16, 0, 0, 0, 0, 0, 0, 0, 0, 0, 0, 0, 0, 0, 0, 0, 0, 153]","""[0, 1, 3, 1, 3, 2, 2, 2, 3, 3, 2, 1, 1, 1, 1, 1, 3, 1, 3, 1, 2, 27, 8, 82, 11, 93, 38, 154, 128, 99, 55, 9, 89, 41, 53, 51, 22, 0]"""
j20,1,reactive,60,False,inf,inf,inf,null,"[0, 1, 3, 1, 3, 2, 2, 2, 3, 3, 2, 1, 1, 1, 1, 1, 3, 1, 3, 1, 2, 27, 8, 82, 11, 93, 38, 154, 128, 99, 55, 9, 89, 41, 53, 51, 22, 0]"
j20,1,stnu,60,False,inf,0.954601526260376,inf,[],"""[0, 1, 3, 1, 3, 2, 2, 2, 3, 3, 2, 1, 1, 1, 1, 1, 3, 1, 3, 1, 2, 27, 8, 82, 11, 93, 38, 154, 128, 99, 55, 9, 89, 41, 53, 51, 22, 0]"""
j20,1,proactive_quantile_0.9,60,False,inf,0.09790492057800293,inf,"[0, 0, 0, 0, 7, 4, 6, 5, 1, 1, 1, 7, 7, 7, 11, 10, 8, 14, 14, 17, 17, 0, 0, 0, 0, 0, 0, 0, 0, 0, 0, 0, 0, 0, 0, 0, 0, 153]","""[0, 2, 6, 1, 4, 1, 4, 2, 3, 2, 7, 2, 1, 3, 4, 1, 1, 1, 6, 7, 3, 27, 8, 82, 11, 93, 38, 154, 128, 99, 55, 9, 89, 41, 53, 51, 22, 0]"""
j20,1,reactive,60,False,inf,inf,inf,null,"[0, 2, 6, 1, 4, 1, 4, 2, 3, 2, 7, 2, 1, 3, 4, 1, 1, 1, 6, 7, 3, 27, 8, 82, 11, 93, 38, 154, 128, 99, 55, 9, 89, 41, 53, 51, 22, 0]"
j20,1,stnu,60,False,inf,0.8939545154571533,inf,[],"""[0, 2, 6, 1, 4, 1, 4, 2, 3, 2, 7, 2, 1, 3, 4, 1, 1, 3, 6, 7, 3, 27, 8, 82, 11, 93, 38, 154, 128, 99, 55, 9, 89, 41, 53, 51, 22, 0]"""
j20,1,proactive_quantile_0.9,60,False,inf,0.10298991203308105,inf,"[0, 0, 0, 0, 7, 1, 7, 2, 1, 4, 3, 7, 7, 6, 10, 10, 13, 13, 10, 16, 16, 0, 0, 0, 0, 0, 0, 0, 0, 0, 0, 0, 0, 0, 0, 0, 0, 153]","""[0, 2, 7, 1, 3, 2, 2, 2, 2, 3, 1, 4, 2, 2, 1, 4, 2, 1, 4, 1, 1, 27, 8, 82, 11, 93, 38, 154, 128, 99, 55, 9, 89, 41, 53, 51, 22, 0]"""
j20,1,reactive,60,False,inf,inf,inf,null,"[0, 2, 7, 1, 3, 2, 2, 2, 2, 3, 1, 4, 2, 2, 1, 4, 2, 1, 4, 1, 1, 27, 8, 82, 11, 93, 38, 154, 128, 99, 55, 9, 89, 41, 53, 51, 22, 0]"
j20,1,stnu,60,False,inf,0.924318790435791,inf,[],"""[0, 2, 8, 1, 3, 2, 2, 2, 2, 3, 6, 4, 2, 4, 1, 4, 2, 2, 6, 5, 1, 27, 8, 82, 11, 93, 38, 154, 128, 99, 55, 9, 89, 41, 53, 51, 22, 0]"""
j20,1,proactive_quantile_0.9,60,False,inf,0.09520387649536133,inf,"[0, 0, 0, 0, 7, 4, 6, 5, 1, 1, 1, 7, 7, 7, 11, 10, 8, 14, 14, 17, 17, 0, 0, 0, 0, 0, 0, 0, 0, 0, 0, 0, 0, 0, 0, 0, 0, 153]","""[0, 2, 8, 1, 3, 2, 1, 2, 4, 4, 5, 2, 1, 4, 1, 2, 3, 3, 6, 6, 1, 27, 8, 82, 11, 93, 38, 154, 128, 99, 55, 9, 89, 41, 53, 51, 22, 0]"""
j20,1,reactive,60,False,inf,inf,inf,null,"[0, 2, 8, 1, 3, 2, 1, 2, 4, 4, 5, 2, 1, 4, 1, 2, 3, 3, 6, 6, 1, 27, 8, 82, 11, 93, 38, 154, 128, 99, 55, 9, 89, 41, 53, 51, 22, 0]"
j20,1,stnu,60,False,inf,0.9023406505584717,inf,[],"""[0, 2, 8, 1, 3, 2, 1, 2, 4, 4, 5, 2, 1, 4, 1, 2, 3, 5, 6, 6, 1, 27, 8, 82, 11, 93, 38, 154, 128, 99, 55, 9, 89, 41, 53, 51, 22, 0]"""
j20,1,proactive_quantile_0.9,60,False,inf,0.09901928901672363,inf,"[0, 0, 0, 0, 6, 7, 14, 19, 16, 25, 19, 26, 30, 30, 14, 21, 34, 28, 39, 33, 34, 0, 0, 146]","""[0, 5, 8, 8, 4, 10, 5, 6, 7, 4, 3, 7, 2, 3, 6, 7, 5, 2, 4, 12, 8, 40, 147, 0]"""
j20,1,reactive,60,False,inf,inf,inf,null,"[0, 5, 8, 8, 4, 10, 5, 6, 7, 4, 3, 7, 2, 3, 6, 7, 5, 2, 4, 12, 8, 40, 147, 0]"
j20,1,stnu,60,True,44,0.9625625610351562,0.02215099334716797,"[0, 0, 0, 0, 5, 8, 9, 18, 18, 25, 18, 25, 29, 29, 9, 15, 32, 25, 37, 32, 32, 0, 0, 44]","""[0, 5, 8, 8, 4, 10, 5, 6, 7, 4, 3, 7, 2, 3, 6, 7, 5, 2, 4, 12, 8, 40, 147, 0]"""
j20,1,proactive_quantile_0.9,60,True,46,0.08599400520324707,0.0006387233734130859,"[0, 0, 0, 0, 6, 7, 14, 19, 16, 25, 19, 26, 30, 30, 14, 21, 34, 28, 39, 33, 34, 0, 0, 146]","""[0, 6, 8, 3, 8, 8, 6, 8, 6, 3, 5, 6, 4, 1, 5, 5, 3, 7, 4, 11, 7, 40, 147, 0]"""
j20,1,reactive,60,False,inf,inf,inf,null,"[0, 6, 8, 3, 8, 8, 6, 8, 6, 3, 5, 6, 4, 1, 5, 5, 3, 7, 4, 11, 7, 40, 147, 0]"
j20,1,stnu,60,True,43,0.9085292816162109,0.022274494171142578,"[0, 0, 0, 0, 6, 8, 14, 20, 16, 25, 20, 28, 28, 28, 14, 20, 35, 28, 38, 32, 35, 0, 0, 43]","""[0, 6, 8, 3, 8, 8, 6, 8, 6, 3, 5, 6, 4, 1, 5, 5, 3, 7, 4, 11, 7, 40, 147, 0]"""
j20,1,proactive_quantile_0.9,60,False,inf,0.09834575653076172,inf,"[0, 0, 0, 0, 6, 7, 14, 19, 16, 25, 19, 26, 30, 30, 14, 21, 34, 28, 39, 33, 34, 0, 0, 146]","""[0, 3, 3, 4, 6, 6, 6, 6, 7, 6, 3, 6, 1, 3, 8, 6, 4, 2, 4, 10, 8, 40, 147, 0]"""
j20,1,reactive,60,False,inf,inf,inf,null,"[0, 3, 3, 4, 6, 6, 6, 6, 7, 6, 3, 6, 1, 3, 8, 6, 4, 2, 4, 10, 8, 40, 147, 0]"
j20,1,stnu,60,True,37,0.9622020721435547,0.022473573684692383,"[0, 0, 0, 0, 3, 4, 9, 15, 10, 18, 15, 21, 24, 24, 9, 17, 27, 23, 31, 27, 27, 0, 0, 37]","""[0, 3, 3, 4, 6, 6, 6, 6, 7, 6, 3, 6, 1, 3, 8, 6, 4, 2, 4, 10, 8, 40, 147, 0]"""
j20,1,proactive_quantile_0.9,60,True,46,0.10252737998962402,0.000682830810546875,"[0, 0, 0, 0, 6, 7, 14, 19, 16, 25, 19, 26, 30, 30, 14, 21, 34, 28, 39, 33, 34, 0, 0, 146]","""[0, 7, 7, 8, 5, 5, 5, 8, 5, 4, 5, 7, 2, 4, 7, 7, 3, 4, 3, 12, 10, 40, 147, 0]"""
j20,1,reactive,60,False,inf,inf,inf,null,"[0, 7, 7, 8, 5, 5, 5, 8, 5, 4, 5, 7, 2, 4, 7, 7, 3, 4, 3, 12, 10, 40, 147, 0]"
j20,1,stnu,60,True,42,0.9639136791229248,0.021977901458740234,"[0, 0, 0, 0, 7, 8, 12, 17, 13, 22, 17, 25, 26, 26, 12, 19, 32, 26, 35, 30, 32, 0, 0, 42]","""[0, 7, 7, 8, 5, 5, 5, 8, 5, 4, 5, 7, 2, 4, 7, 7, 3, 4, 3, 12, 10, 40, 147, 0]"""
j20,1,proactive_quantile_0.9,60,True,46,0.17638635635375977,0.0006401538848876953,"[0, 0, 0, 0, 6, 7, 14, 19, 16, 25, 19, 26, 30, 30, 14, 21, 34, 28, 39, 33, 34, 0, 0, 146]","""[0, 4, 4, 3, 6, 9, 2, 8, 7, 5, 5, 6, 1, 2, 7, 4, 4, 2, 5, 7, 9, 40, 147, 0]"""
j20,1,reactive,60,False,inf,inf,inf,null,"[0, 4, 4, 3, 6, 9, 2, 8, 7, 5, 5, 6, 1, 2, 7, 4, 4, 2, 5, 7, 9, 40, 147, 0]"
j20,1,stnu,60,True,36,0.9275579452514648,0.022001981735229492,"[0, 0, 0, 0, 4, 4, 10, 13, 13, 20, 13, 21, 25, 25, 10, 17, 27, 21, 31, 27, 27, 0, 0, 36]","""[0, 4, 4, 3, 6, 9, 2, 8, 7, 5, 5, 6, 1, 2, 7, 4, 4, 2, 5, 7, 9, 40, 147, 0]"""
j20,1,proactive_quantile_0.9,60,True,46,0.23317313194274902,0.0006585121154785156,"[0, 0, 0, 0, 6, 7, 14, 19, 16, 25, 19, 26, 30, 30, 14, 21, 34, 28, 39, 33, 34, 0, 0, 146]","""[0, 7, 7, 6, 5, 8, 2, 6, 5, 4, 4, 9, 1, 1, 6, 7, 5, 3, 8, 8, 10, 40, 147, 0]"""
j20,1,reactive,60,False,inf,inf,inf,null,"[0, 7, 7, 6, 5, 8, 2, 6, 5, 4, 4, 9, 1, 1, 6, 7, 5, 3, 8, 8, 10, 40, 147, 0]"
j20,1,stnu,60,True,43,0.9387903213500977,0.02222299575805664,"[0, 0, 0, 0, 7, 7, 12, 15, 15, 20, 15, 21, 25, 25, 12, 18, 30, 25, 35, 26, 30, 0, 0, 43]","""[0, 7, 7, 6, 5, 8, 2, 6, 5, 4, 4, 9, 1, 1, 6, 7, 5, 3, 8, 8, 10, 40, 147, 0]"""
j20,1,proactive_quantile_0.9,60,False,inf,0.09308671951293945,inf,"[0, 0, 0, 0, 6, 7, 14, 19, 16, 25, 19, 26, 30, 30, 14, 21, 34, 28, 39, 33, 34, 0, 0, 146]","""[0, 2, 7, 4, 9, 6, 6, 5, 7, 3, 5, 7, 2, 1, 6, 5, 5, 5, 4, 6, 6, 40, 147, 0]"""
j20,1,reactive,60,False,inf,inf,inf,null,"[0, 2, 7, 4, 9, 6, 6, 5, 7, 3, 5, 7, 2, 1, 6, 5, 5, 5, 4, 6, 6, 40, 147, 0]"
j20,1,stnu,60,True,38,0.9663279056549072,0.022136449813842773,"[0, 0, 0, 0, 2, 7, 11, 17, 13, 22, 17, 22, 25, 25, 11, 17, 29, 22, 34, 27, 29, 0, 0, 38]","""[0, 2, 7, 4, 9, 6, 6, 5, 7, 3, 5, 7, 2, 1, 6, 5, 5, 5, 4, 6, 6, 40, 147, 0]"""
j20,1,proactive_quantile_0.9,60,False,inf,0.09699106216430664,inf,"[0, 0, 0, 0, 6, 7, 14, 19, 16, 25, 19, 26, 30, 30, 14, 21, 34, 28, 39, 33, 34, 0, 0, 146]","""[0, 2, 4, 5, 6, 5, 5, 3, 8, 5, 4, 5, 2, 4, 8, 7, 4, 6, 3, 12, 7, 40, 147, 0]"""
j20,1,reactive,60,False,inf,inf,inf,null,"[0, 2, 4, 5, 6, 5, 5, 3, 8, 5, 4, 5, 2, 4, 8, 7, 4, 6, 3, 12, 7, 40, 147, 0]"
j20,1,stnu,60,True,39,0.9198286533355713,0.02198481559753418,"[0, 0, 0, 0, 2, 5, 8, 13, 10, 18, 13, 18, 23, 23, 8, 16, 29, 23, 33, 27, 29, 0, 0, 39]","""[0, 2, 4, 5, 6, 5, 5, 3, 8, 5, 4, 5, 2, 4, 8, 7, 4, 6, 3, 12, 7, 40, 147, 0]"""
j20,1,proactive_quantile_0.9,60,True,46,0.22637629508972168,0.0006301403045654297,"[0, 0, 0, 0, 6, 7, 14, 19, 16, 25, 19, 26, 30, 30, 14, 21, 34, 28, 39, 33, 34, 0, 0, 146]","""[0, 4, 6, 4, 5, 6, 3, 7, 5, 2, 3, 8, 2, 3, 5, 8, 6, 3, 3, 6, 10, 40, 147, 0]"""
j20,1,reactive,60,False,inf,inf,inf,null,"[0, 4, 6, 4, 5, 6, 3, 7, 5, 2, 3, 8, 2, 3, 5, 8, 6, 3, 3, 6, 10, 40, 147, 0]"
j20,1,stnu,60,True,37,0.9528408050537109,0.02204608917236328,"[0, 0, 0, 0, 4, 6, 9, 12, 12, 17, 12, 19, 22, 22, 9, 14, 27, 22, 33, 25, 27, 0, 0, 37]","""[0, 4, 6, 4, 5, 6, 3, 7, 5, 2, 3, 8, 2, 3, 5, 8, 6, 3, 3, 6, 10, 40, 147, 0]"""
j20,1,proactive_quantile_0.9,60,True,46,0.09303903579711914,0.0006465911865234375,"[0, 0, 0, 0, 6, 7, 14, 19, 16, 25, 19, 26, 30, 30, 14, 21, 34, 28, 39, 33, 34, 0, 0, 146]","""[0, 2, 4, 8, 5, 7, 3, 6, 10, 5, 5, 4, 4, 3, 7, 8, 3, 4, 8, 8, 7, 40, 147, 0]"""
j20,1,reactive,60,False,inf,inf,inf,null,"[0, 2, 4, 8, 5, 7, 3, 6, 10, 5, 5, 4, 4, 3, 7, 8, 3, 4, 8, 8, 7, 40, 147, 0]"
j20,1,stnu,60,True,45,0.9203786849975586,0.022101402282714844,"[0, 0, 0, 0, 2, 8, 8, 15, 15, 25, 15, 25, 30, 30, 8, 15, 34, 25, 37, 34, 34, 0, 0, 45]","""[0, 2, 4, 8, 5, 7, 3, 6, 10, 5, 5, 4, 4, 3, 7, 8, 3, 4, 8, 8, 7, 40, 147, 0]"""
j20,1,proactive_quantile_0.9,60,True,50,0.09934663772583008,0.0004603862762451172,"[0, 0, 0, 0, 9, 7, 17, 9, 16, 24, 9, 21, 33, 24, 21, 33, 32, 39, 42, 24, 38, 0, 0, 65]","""[0, 7, 8, 2, 7, 3, 3, 5, 3, 5, 8, 4, 5, 6, 4, 6, 4, 4, 4, 6, 2, 22, 66, 0]"""
j20,1,reactive,60,False,inf,inf,inf,null,"[0, 7, 8, 2, 7, 3, 3, 5, 3, 5, 8, 4, 5, 6, 4, 6, 4, 4, 4, 6, 2, 22, 66, 0]"
j20,1,stnu,60,True,39,0.9502575397491455,0.022246122360229492,"[0, 0, 0, 0, 7, 8, 14, 7, 12, 17, 7, 15, 25, 19, 15, 25, 25, 31, 35, 19, 30, 0, 0, 39]","""[0, 7, 8, 2, 7, 3, 3, 5, 3, 5, 8, 4, 5, 6, 4, 6, 4, 4, 4, 6, 2, 22, 66, 0]"""
j20,1,proactive_quantile_0.9,60,True,50,0.09012842178344727,0.00047659873962402344,"[0, 0, 0, 0, 9, 7, 17, 9, 16, 24, 9, 21, 33, 24, 21, 33, 32, 39, 42, 24, 38, 0, 0, 65]","""[0, 5, 7, 4, 6, 3, 3, 6, 4, 8, 10, 1, 4, 8, 1, 3, 4, 3, 6, 5, 6, 22, 66, 0]"""
j20,1,reactive,60,True,48,0.09012842178344727,0.5972485542297363,"[0, 0, 0, 0, 9, 7, 17, 9, 16, 24, 9, 21, 33, 24, 21, 33, 32, 39, 42, 24, 38, 0, 0, 48]","[0, 5, 7, 4, 6, 3, 3, 6, 4, 8, 10, 1, 4, 8, 1, 3, 4, 3, 6, 5, 6, 22, 66, 0]"
j20,1,stnu,60,True,37,0.9090332984924316,0.02242445945739746,"[0, 0, 0, 0, 5, 7, 11, 5, 11, 14, 5, 15, 24, 16, 15, 24, 24, 28, 31, 16, 28, 0, 0, 37]","""[0, 5, 7, 4, 6, 3, 3, 6, 4, 8, 10, 1, 4, 8, 1, 3, 4, 3, 6, 5, 6, 22, 66, 0]"""
j20,1,proactive_quantile_0.9,60,False,inf,0.09070801734924316,inf,"[0, 0, 0, 0, 9, 7, 17, 9, 16, 24, 9, 21, 33, 24, 21, 33, 32, 39, 42, 24, 38, 0, 0, 65]","""[0, 7, 5, 6, 7, 6, 8, 3, 6, 10, 10, 3, 5, 7, 4, 3, 4, 4, 5, 3, 6, 22, 66, 0]"""
j20,1,reactive,60,False,inf,inf,inf,null,"[0, 7, 5, 6, 7, 6, 8, 3, 6, 10, 10, 3, 5, 7, 4, 3, 4, 4, 5, 3, 6, 22, 66, 0]"
j20,1,stnu,60,True,46,1.0647826194763184,0.022356033325195312,"[0, 0, 0, 0, 7, 6, 14, 7, 12, 22, 7, 18, 32, 22, 18, 32, 29, 37, 41, 22, 37, 0, 0, 46]","""[0, 7, 5, 6, 7, 6, 8, 3, 6, 10, 10, 3, 5, 7, 4, 3, 4, 4, 5, 3, 6, 22, 66, 0]"""
j20,1,proactive_quantile_0.9,60,True,50,0.08942794799804688,0.0004534721374511719,"[0, 0, 0, 0, 9, 7, 17, 9, 16, 24, 9, 21, 33, 24, 21, 33, 32, 39, 42, 24, 38, 0, 0, 65]","""[0, 7, 5, 2, 6, 3, 6, 5, 3, 8, 8, 4, 2, 6, 3, 4, 4, 3, 9, 4, 4, 22, 66, 0]"""
j20,1,reactive,60,False,inf,inf,inf,null,"[0, 7, 5, 2, 6, 3, 6, 5, 3, 8, 8, 4, 2, 6, 3, 4, 4, 3, 9, 4, 4, 22, 66, 0]"
j20,1,stnu,60,True,43,0.8974566459655762,0.022238969802856445,"[0, 0, 0, 0, 7, 5, 13, 7, 12, 19, 7, 15, 27, 19, 15, 27, 25, 31, 34, 19, 29, 0, 0, 43]","""[0, 7, 5, 2, 6, 3, 6, 5, 3, 8, 8, 4, 2, 6, 3, 4, 4, 3, 9, 4, 4, 22, 66, 0]"""
j20,1,proactive_quantile_0.9,60,True,50,0.09270286560058594,0.0004723072052001953,"[0, 0, 0, 0, 9, 7, 17, 9, 16, 24, 9, 21, 33, 24, 21, 33, 32, 39, 42, 24, 38, 0, 0, 65]","""[0, 7, 5, 6, 9, 2, 7, 5, 6, 5, 7, 2, 5, 5, 1, 3, 4, 2, 7, 4, 5, 22, 66, 0]"""
j20,1,reactive,60,False,inf,inf,inf,null,"[0, 7, 5, 6, 9, 2, 7, 5, 6, 5, 7, 2, 5, 5, 1, 3, 4, 2, 7, 4, 5, 22, 66, 0]"
j20,1,stnu,60,True,42,0.9100162982940674,0.022437334060668945,"[0, 0, 0, 0, 7, 6, 16, 7, 12, 23, 7, 18, 28, 23, 18, 28, 28, 33, 35, 23, 33, 0, 0, 42]","""[0, 7, 5, 6, 9, 2, 7, 5, 6, 5, 7, 2, 5, 5, 1, 3, 4, 2, 7, 4, 5, 22, 66, 0]"""
j20,1,proactive_quantile_0.9,60,True,50,0.09357428550720215,0.0004968643188476562,"[0, 0, 0, 0, 9, 7, 17, 9, 16, 24, 9, 21, 33, 24, 21, 33, 32, 39, 42, 24, 38, 0, 0, 65]","""[0, 8, 8, 3, 6, 3, 7, 6, 3, 7, 13, 4, 5, 8, 1, 3, 2, 1, 9, 8, 5, 22, 66, 0]"""
j20,1,reactive,60,False,inf,inf,inf,null,"[0, 8, 8, 3, 6, 3, 7, 6, 3, 7, 13, 4, 5, 8, 1, 3, 2, 1, 9, 8, 5, 22, 66, 0]"
j20,1,stnu,60,True,48,0.9071626663208008,0.022025108337402344,"[0, 0, 0, 0, 8, 8, 14, 8, 14, 21, 8, 21, 33, 25, 21, 33, 33, 38, 39, 25, 38, 0, 0, 48]","""[0, 8, 8, 3, 6, 3, 7, 6, 3, 7, 13, 4, 5, 8, 1, 3, 2, 1, 9, 8, 5, 22, 66, 0]"""
j20,1,proactive_quantile_0.9,60,True,50,0.09822225570678711,0.0004801750183105469,"[0, 0, 0, 0, 9, 7, 17, 9, 16, 24, 9, 21, 33, 24, 21, 33, 32, 39, 42, 24, 38, 0, 0, 65]","""[0, 7, 3, 3, 8, 5, 4, 7, 6, 8, 7, 3, 2, 7, 4, 5, 4, 4, 4, 7, 3, 22, 66, 0]"""
j20,1,reactive,60,False,inf,inf,inf,null,"[0, 7, 3, 3, 8, 5, 4, 7, 6, 8, 7, 3, 2, 7, 4, 5, 4, 4, 4, 7, 3, 22, 66, 0]"
j20,1,stnu,60,True,44,1.0003070831298828,0.022357463836669922,"[0, 0, 0, 0, 7, 3, 15, 7, 14, 19, 7, 20, 31, 24, 20, 31, 31, 36, 40, 24, 35, 0, 0, 44]","""[0, 7, 3, 3, 8, 5, 4, 7, 6, 8, 7, 3, 2, 7, 4, 5, 4, 4, 4, 7, 3, 22, 66, 0]"""
j20,1,proactive_quantile_0.9,60,False,inf,0.09287500381469727,inf,"[0, 0, 0, 0, 9, 7, 17, 9, 16, 24, 9, 21, 33, 24, 21, 33, 32, 39, 42, 24, 38, 0, 0, 65]","""[0, 10, 8, 4, 4, 2, 8, 6, 2, 8, 12, 2, 2, 7, 4, 3, 5, 4, 7, 8, 5, 22, 66, 0]"""
j20,1,reactive,60,False,inf,inf,inf,null,"[0, 10, 8, 4, 4, 2, 8, 6, 2, 8, 12, 2, 2, 7, 4, 3, 5, 4, 7, 8, 5, 22, 66, 0]"
j20,1,stnu,60,True,49,0.9438900947570801,0.022429704666137695,"[0, 0, 0, 0, 10, 8, 16, 10, 16, 24, 10, 22, 34, 26, 22, 34, 33, 38, 42, 26, 38, 0, 0, 49]","""[0, 10, 8, 4, 4, 2, 8, 6, 2, 8, 12, 2, 2, 7, 4, 3, 5, 4, 7, 8, 5, 22, 66, 0]"""
j20,1,proactive_quantile_0.9,60,True,50,0.09368324279785156,0.0004706382751464844,"[0, 0, 0, 0, 9, 7, 17, 9, 16, 24, 9, 21, 33, 24, 21, 33, 32, 39, 42, 24, 38, 0, 0, 65]","""[0, 8, 4, 5, 7, 4, 3, 3, 2, 7, 10, 4, 2, 4, 2, 6, 3, 1, 7, 7, 2, 22, 66, 0]"""
j20,1,reactive,60,False,inf,inf,inf,null,"[0, 8, 4, 5, 7, 4, 3, 3, 2, 7, 10, 4, 2, 4, 2, 6, 3, 1, 7, 7, 2, 22, 66, 0]"
j20,1,stnu,60,True,43,0.9282875061035156,0.022377967834472656,"[0, 0, 0, 0, 8, 5, 15, 8, 11, 18, 8, 18, 29, 22, 18, 29, 26, 35, 36, 22, 31, 0, 0, 43]","""[0, 8, 4, 5, 7, 4, 3, 3, 2, 7, 10, 4, 2, 4, 2, 6, 3, 1, 7, 7, 2, 22, 66, 0]"""
j20,1,proactive_quantile_0.9,60,True,50,0.09088444709777832,0.00046539306640625,"[0, 0, 0, 0, 9, 7, 17, 9, 16, 24, 9, 21, 33, 24, 21, 33, 32, 39, 42, 24, 38, 0, 0, 65]","""[0, 5, 6, 2, 6, 3, 4, 4, 6, 9, 12, 2, 4, 5, 2, 5, 3, 4, 9, 3, 2, 22, 66, 0]"""
j20,1,reactive,60,False,inf,inf,inf,null,"[0, 5, 6, 2, 6, 3, 4, 4, 6, 9, 12, 2, 4, 5, 2, 5, 3, 4, 9, 3, 2, 22, 66, 0]"
j20,1,stnu,60,True,42,0.9160914421081543,0.022233247756958008,"[0, 0, 0, 0, 5, 6, 11, 5, 9, 15, 5, 17, 24, 19, 17, 24, 24, 29, 33, 19, 28, 0, 0, 42]","""[0, 5, 6, 2, 6, 3, 4, 4, 6, 9, 12, 2, 4, 5, 2, 5, 3, 4, 9, 3, 2, 22, 66, 0]"""
j20,1,proactive_quantile_0.9,60,True,39,0.10458564758300781,0.002634286880493164,"[0, 0, 0, 0, 8, 8, 13, 3, 20, 8, 19, 6, 19, 26, 28, 8, 21, 28, 34, 31, 23, 0, 0, 0, 0, 0, 0, 0, 0, 0, 0, 0, 0, 0, 0, 0, 0, 148]","""[0, 7, 4, 8, 6, 8, 7, 2, 4, 12, 6, 1, 4, 6, 2, 6, 1, 4, 5, 8, 2, 81, 67, 100, 25, 71, 102, 113, 86, 140, 56, 138, 127, 16, 54, 116, 149, 0]"""
j20,1,reactive,60,False,inf,inf,inf,null,"[0, 7, 4, 8, 6, 8, 7, 2, 4, 12, 6, 1, 4, 6, 2, 6, 1, 4, 5, 8, 2, 81, 67, 100, 25, 71, 102, 113, 86, 140, 56, 138, 127, 16, 54, 116, 149, 0]"
j20,1,stnu,60,True,38,1.1019549369812012,0.05355429649353027,"[0, 0, 0, 0, 8, 8, 14, 4, 20, 8, 20, 6, 20, 24, 26, 8, 21, 26, 30, 30, 22, 0, 0, 0, 0, 0, 0, 0, 0, 0, 0, 0, 0, 0, 0, 0, 0, 38]","""[0, 7, 4, 8, 6, 8, 7, 2, 4, 12, 6, 1, 4, 6, 2, 6, 1, 4, 5, 8, 2, 81, 67, 100, 25, 71, 102, 113, 86, 140, 56, 138, 127, 16, 54, 116, 149, 0]"""
j20,1,proactive_quantile_0.9,60,True,39,0.10531902313232422,0.0026445388793945312,"[0, 0, 0, 0, 8, 8, 13, 3, 20, 8, 19, 6, 19, 26, 28, 8, 21, 28, 34, 31, 23, 0, 0, 0, 0, 0, 0, 0, 0, 0, 0, 0, 0, 0, 0, 0, 0, 148]","""[0, 7, 3, 6, 5, 12, 5, 4, 3, 9, 8, 4, 4, 3, 3, 6, 1, 3, 6, 9, 2, 81, 67, 100, 25, 71, 102, 113, 86, 140, 56, 138, 127, 16, 54, 116, 149, 0]"""
j20,1,reactive,60,False,inf,inf,inf,null,"[0, 7, 3, 6, 5, 12, 5, 4, 3, 9, 8, 4, 4, 3, 3, 6, 1, 3, 6, 9, 2, 81, 67, 100, 25, 71, 102, 113, 86, 140, 56, 138, 127, 16, 54, 116, 149, 0]"
j20,1,stnu,60,True,36,1.0902481079101562,0.0537564754486084,"[0, 0, 0, 0, 7, 7, 12, 3, 19, 7, 16, 7, 16, 22, 24, 6, 17, 24, 27, 27, 19, 0, 0, 0, 0, 0, 0, 0, 0, 0, 0, 0, 0, 0, 0, 0, 0, 36]","""[0, 7, 3, 6, 5, 12, 5, 4, 3, 9, 8, 4, 4, 3, 3, 6, 1, 3, 6, 9, 2, 81, 67, 100, 25, 71, 102, 113, 86, 140, 56, 138, 127, 16, 54, 116, 149, 0]"""
j20,1,proactive_quantile_0.9,60,True,39,0.10235905647277832,0.0026061534881591797,"[0, 0, 0, 0, 8, 8, 13, 3, 20, 8, 19, 6, 19, 26, 28, 8, 21, 28, 34, 31, 23, 0, 0, 0, 0, 0, 0, 0, 0, 0, 0, 0, 0, 0, 0, 0, 0, 148]","""[0, 4, 3, 9, 6, 8, 9, 3, 4, 8, 9, 2, 2, 2, 7, 6, 2, 2, 3, 8, 5, 81, 67, 100, 25, 71, 102, 113, 86, 140, 56, 138, 127, 16, 54, 116, 149, 0]"""
j20,1,reactive,60,False,inf,inf,inf,null,"[0, 4, 3, 9, 6, 8, 9, 3, 4, 8, 9, 2, 2, 2, 7, 6, 2, 2, 3, 8, 5, 81, 67, 100, 25, 71, 102, 113, 86, 140, 56, 138, 127, 16, 54, 116, 149, 0]"
j20,1,stnu,60,True,41,1.003516674041748,0.054187774658203125,"[0, 0, 0, 0, 9, 9, 15, 3, 17, 9, 17, 6, 17, 26, 31, 9, 24, 31, 38, 33, 26, 0, 0, 0, 0, 0, 0, 0, 0, 0, 0, 0, 0, 0, 0, 0, 0, 41]","""[0, 4, 3, 9, 6, 8, 9, 3, 4, 8, 9, 2, 2, 2, 7, 6, 2, 2, 3, 8, 5, 81, 67, 100, 25, 71, 102, 113, 86, 140, 56, 138, 127, 16, 54, 116, 149, 0]"""
j20,1,proactive_quantile_0.9,60,True,39,0.10584902763366699,0.002588510513305664,"[0, 0, 0, 0, 8, 8, 13, 3, 20, 8, 19, 6, 19, 26, 28, 8, 21, 28, 34, 31, 23, 0, 0, 0, 0, 0, 0, 0, 0, 0, 0, 0, 0, 0, 0, 0, 0, 148]","""[0, 6, 2, 5, 5, 9, 6, 2, 2, 6, 9, 1, 2, 2, 2, 3, 3, 4, 5, 9, 2, 81, 67, 100, 25, 71, 102, 113, 86, 140, 56, 138, 127, 16, 54, 116, 149, 0]"""
j20,1,reactive,60,False,inf,inf,inf,null,"[0, 6, 2, 5, 5, 9, 6, 2, 2, 6, 9, 1, 2, 2, 2, 3, 3, 4, 5, 9, 2, 81, 67, 100, 25, 71, 102, 113, 86, 140, 56, 138, 127, 16, 54, 116, 149, 0]"
j20,1,stnu,60,True,35,1.0190083980560303,0.05368375778198242,"[0, 0, 0, 0, 6, 6, 11, 2, 15, 6, 12, 4, 12, 20, 22, 5, 17, 22, 26, 26, 20, 0, 0, 0, 0, 0, 0, 0, 0, 0, 0, 0, 0, 0, 0, 0, 0, 35]","""[0, 6, 2, 5, 5, 9, 6, 2, 2, 6, 9, 1, 2, 2, 2, 3, 3, 4, 5, 9, 2, 81, 67, 100, 25, 71, 102, 113, 86, 140, 56, 138, 127, 16, 54, 116, 149, 0]"""
j20,1,proactive_quantile_0.9,60,True,39,0.10045742988586426,0.002713441848754883,"[0, 0, 0, 0, 8, 8, 13, 3, 20, 8, 19, 6, 19, 26, 28, 8, 21, 28, 34, 31, 23, 0, 0, 0, 0, 0, 0, 0, 0, 0, 0, 0, 0, 0, 0, 0, 0, 148]","""[0, 5, 3, 5, 2, 12, 4, 2, 6, 9, 9, 4, 5, 5, 5, 6, 1, 3, 6, 6, 5, 81, 67, 100, 25, 71, 102, 113, 86, 140, 56, 138, 127, 16, 54, 116, 149, 0]"""
j20,1,reactive,60,True,40,0.10045742988586426,0.5378932952880859,"[0, 0, 0, 0, 8, 8, 13, 3, 20, 8, 19, 6, 19, 26, 28, 8, 21, 28, 34, 31, 23, 0, 0, 0, 0, 0, 0, 0, 0, 0, 0, 0, 0, 0, 0, 0, 0, 40]","[0, 5, 3, 5, 2, 12, 4, 2, 6, 9, 9, 4, 5, 5, 5, 6, 1, 3, 6, 6, 5, 81, 67, 100, 25, 71, 102, 113, 86, 140, 56, 138, 127, 16, 54, 116, 149, 0]"
j20,1,stnu,60,True,34,1.1158881187438965,0.05372190475463867,"[0, 0, 0, 0, 5, 5, 9, 3, 17, 5, 14, 5, 14, 23, 23, 5, 13, 23, 28, 28, 17, 0, 0, 0, 0, 0, 0, 0, 0, 0, 0, 0, 0, 0, 0, 0, 0, 34]","""[0, 5, 3, 5, 2, 12, 4, 2, 6, 9, 9, 4, 5, 5, 5, 6, 1, 3, 6, 6, 5, 81, 67, 100, 25, 71, 102, 113, 86, 140, 56, 138, 127, 16, 54, 116, 149, 0]"""
j20,1,proactive_quantile_0.9,60,False,inf,0.1022491455078125,inf,"[0, 0, 0, 0, 8, 8, 13, 3, 20, 8, 19, 6, 19, 26, 28, 8, 21, 28, 34, 31, 23, 0, 0, 0, 0, 0, 0, 0, 0, 0, 0, 0, 0, 0, 0, 0, 0, 148]","""[0, 9, 4, 4, 3, 10, 5, 2, 3, 9, 9, 3, 3, 5, 7, 3, 2, 2, 6, 8, 5, 81, 67, 100, 25, 71, 102, 113, 86, 140, 56, 138, 127, 16, 54, 116, 149, 0]"""
j20,1,reactive,60,False,inf,inf,inf,null,"[0, 9, 4, 4, 3, 10, 5, 2, 3, 9, 9, 3, 3, 5, 7, 3, 2, 2, 6, 8, 5, 81, 67, 100, 25, 71, 102, 113, 86, 140, 56, 138, 127, 16, 54, 116, 149, 0]"
j20,1,stnu,60,True,40,1.1247174739837646,0.054009199142456055,"[0, 0, 0, 0, 9, 9, 12, 4, 19, 9, 18, 6, 18, 22, 27, 4, 17, 27, 34, 29, 19, 0, 0, 0, 0, 0, 0, 0, 0, 0, 0, 0, 0, 0, 0, 0, 0, 40]","""[0, 9, 4, 4, 3, 10, 5, 2, 3, 9, 9, 3, 3, 5, 7, 3, 2, 2, 6, 8, 5, 81, 67, 100, 25, 71, 102, 113, 86, 140, 56, 138, 127, 16, 54, 116, 149, 0]"""
j20,1,proactive_quantile_0.9,60,False,inf,0.09746956825256348,inf,"[0, 0, 0, 0, 8, 8, 13, 3, 20, 8, 19, 6, 19, 26, 28, 8, 21, 28, 34, 31, 23, 0, 0, 0, 0, 0, 0, 0, 0, 0, 0, 0, 0, 0, 0, 0, 0, 148]","""[0, 9, 2, 9, 4, 10, 9, 2, 3, 8, 9, 3, 2, 5, 6, 6, 1, 2, 5, 5, 3, 81, 67, 100, 25, 71, 102, 113, 86, 140, 56, 138, 127, 16, 54, 116, 149, 0]"""
j20,1,reactive,60,False,inf,inf,inf,null,"[0, 9, 2, 9, 4, 10, 9, 2, 3, 8, 9, 3, 2, 5, 6, 6, 1, 2, 5, 5, 3, 81, 67, 100, 25, 71, 102, 113, 86, 140, 56, 138, 127, 16, 54, 116, 149, 0]"
j20,1,stnu,60,True,37,1.1251037120819092,0.054041147232055664,"[0, 0, 0, 0, 9, 9, 13, 2, 19, 9, 17, 4, 17, 23, 26, 9, 22, 26, 32, 28, 23, 0, 0, 0, 0, 0, 0, 0, 0, 0, 0, 0, 0, 0, 0, 0, 0, 37]","""[0, 9, 2, 9, 4, 10, 9, 2, 3, 8, 9, 3, 2, 5, 6, 6, 1, 2, 5, 5, 3, 81, 67, 100, 25, 71, 102, 113, 86, 140, 56, 138, 127, 16, 54, 116, 149, 0]"""
j20,1,proactive_quantile_0.9,60,True,39,0.10667800903320312,0.0025894641876220703,"[0, 0, 0, 0, 8, 8, 13, 3, 20, 8, 19, 6, 19, 26, 28, 8, 21, 28, 34, 31, 23, 0, 0, 0, 0, 0, 0, 0, 0, 0, 0, 0, 0, 0, 0, 0, 0, 148]","""[0, 9, 2, 7, 6, 8, 5, 2, 4, 6, 7, 2, 3, 6, 4, 4, 3, 3, 5, 4, 3, 81, 67, 100, 25, 71, 102, 113, 86, 140, 56, 138, 127, 16, 54, 116, 149, 0]"""
j20,1,reactive,60,False,inf,inf,inf,null,"[0, 9, 2, 7, 6, 8, 5, 2, 4, 6, 7, 2, 3, 6, 4, 4, 3, 3, 5, 4, 3, 81, 67, 100, 25, 71, 102, 113, 86, 140, 56, 138, 127, 16, 54, 116, 149, 0]"
j20,1,stnu,60,True,35,1.0178909301757812,0.05387115478515625,"[0, 0, 0, 0, 9, 9, 15, 2, 17, 9, 15, 4, 15, 23, 26, 7, 20, 26, 30, 29, 23, 0, 0, 0, 0, 0, 0, 0, 0, 0, 0, 0, 0, 0, 0, 0, 0, 35]","""[0, 9, 2, 7, 6, 8, 5, 2, 4, 6, 7, 2, 3, 6, 4, 4, 3, 3, 5, 4, 3, 81, 67, 100, 25, 71, 102, 113, 86, 140, 56, 138, 127, 16, 54, 116, 149, 0]"""
j20,1,proactive_quantile_0.9,60,True,39,0.10778450965881348,0.0026853084564208984,"[0, 0, 0, 0, 8, 8, 13, 3, 20, 8, 19, 6, 19, 26, 28, 8, 21, 28, 34, 31, 23, 0, 0, 0, 0, 0, 0, 0, 0, 0, 0, 0, 0, 0, 0, 0, 0, 148]","""[0, 6, 4, 5, 5, 9, 7, 4, 3, 11, 5, 1, 6, 3, 7, 4, 2, 4, 6, 8, 2, 81, 67, 100, 25, 71, 102, 113, 86, 140, 56, 138, 127, 16, 54, 116, 149, 0]"""
j20,1,reactive,60,False,inf,inf,inf,null,"[0, 6, 4, 5, 5, 9, 7, 4, 3, 11, 5, 1, 6, 3, 7, 4, 2, 4, 6, 8, 2, 81, 67, 100, 25, 71, 102, 113, 86, 140, 56, 138, 127, 16, 54, 116, 149, 0]"
j20,1,stnu,60,True,37,0.997225284576416,0.05364632606506348,"[0, 0, 0, 0, 8, 8, 13, 4, 19, 8, 19, 8, 19, 25, 24, 5, 20, 24, 31, 28, 22, 0, 0, 0, 0, 0, 0, 0, 0, 0, 0, 0, 0, 0, 0, 0, 0, 37]","""[0, 6, 4, 5, 5, 9, 7, 4, 3, 11, 5, 1, 6, 3, 7, 4, 2, 4, 6, 8, 2, 81, 67, 100, 25, 71, 102, 113, 86, 140, 56, 138, 127, 16, 54, 116, 149, 0]"""
j20,1,proactive_quantile_0.9,60,True,39,0.10291099548339844,0.002621173858642578,"[0, 0, 0, 0, 8, 8, 13, 3, 20, 8, 19, 6, 19, 26, 28, 8, 21, 28, 34, 31, 23, 0, 0, 0, 0, 0, 0, 0, 0, 0, 0, 0, 0, 0, 0, 0, 0, 148]","""[0, 8, 3, 7, 6, 13, 5, 4, 5, 7, 7, 3, 4, 2, 4, 4, 2, 1, 4, 5, 5, 81, 67, 100, 25, 71, 102, 113, 86, 140, 56, 138, 127, 16, 54, 116, 149, 0]"""
j20,1,reactive,60,False,inf,inf,inf,null,"[0, 8, 3, 7, 6, 13, 5, 4, 5, 7, 7, 3, 4, 2, 4, 4, 2, 1, 4, 5, 5, 81, 67, 100, 25, 71, 102, 113, 86, 140, 56, 138, 127, 16, 54, 116, 149, 0]"
j20,1,stnu,60,True,34,1.0505564212799072,0.05470705032348633,"[0, 0, 0, 0, 8, 8, 14, 3, 21, 8, 15, 7, 15, 26, 26, 7, 19, 26, 30, 28, 21, 0, 0, 0, 0, 0, 0, 0, 0, 0, 0, 0, 0, 0, 0, 0, 0, 34]","""[0, 8, 3, 7, 6, 13, 5, 4, 5, 7, 7, 3, 4, 2, 4, 4, 2, 1, 4, 5, 5, 81, 67, 100, 25, 71, 102, 113, 86, 140, 56, 138, 127, 16, 54, 116, 149, 0]"""
j20,1,proactive_quantile_0.9,60,False,inf,0.09198522567749023,inf,"[0, 0, 0, 0, 6, 12, 8, 9, 8, 9, 9, 12, 23, 10, 18, 26, 37, 26, 12, 40, 32, 0, 0, 0, 0, 0, 0, 0, 0, 0, 0, 0, 0, 0, 0, 138]","""[0, 6, 7, 3, 2, 4, 1, 4, 1, 2, 2, 11, 4, 1, 9, 8, 1, 7, 2, 7, 7, 114, 17, 25, 139, 71, 65, 49, 68, 51, 47, 113, 19, 139, 59, 0]"""
j20,1,reactive,60,False,inf,inf,inf,null,"[0, 6, 7, 3, 2, 4, 1, 4, 1, 2, 2, 11, 4, 1, 9, 8, 1, 7, 2, 7, 7, 114, 17, 25, 139, 71, 65, 49, 68, 51, 47, 113, 19, 139, 59, 0]"
j20,1,stnu,60,False,inf,0.8995447158813477,inf,[],"""[0, 3, 3, 3, 1, 4, 1, 4, 1, 2, 2, 4, 2, 1, 2, 12, 7, 11, 5, 3, 3, 114, 17, 25, 139, 71, 65, 49, 68, 51, 47, 113, 19, 139, 59, 0]"""
j20,1,proactive_quantile_0.9,60,False,inf,0.10287904739379883,inf,"[0, 0, 0, 0, 6, 12, 8, 9, 8, 9, 9, 12, 23, 10, 18, 26, 37, 26, 12, 40, 32, 0, 0, 0, 0, 0, 0, 0, 0, 0, 0, 0, 0, 0, 0, 138]","""[0, 4, 6, 4, 3, 5, 1, 2, 1, 2, 1, 6, 4, 1, 5, 8, 4, 4, 6, 9, 5, 114, 17, 25, 139, 71, 65, 49, 68, 51, 47, 113, 19, 139, 59, 0]"""
j20,1,reactive,60,False,inf,inf,inf,null,"[0, 4, 6, 4, 3, 5, 1, 2, 1, 2, 1, 6, 4, 1, 5, 8, 4, 4, 6, 9, 5, 114, 17, 25, 139, 71, 65, 49, 68, 51, 47, 113, 19, 139, 59, 0]"
j20,1,stnu,60,False,inf,0.8973393440246582,inf,[],"""[0, 4, 6, 4, 3, 5, 1, 2, 1, 2, 1, 6, 4, 2, 5, 8, 4, 4, 6, 9, 5, 114, 17, 25, 139, 71, 65, 49, 68, 51, 47, 113, 19, 139, 59, 0]"""
j20,1,proactive_quantile_0.9,60,False,inf,0.0994105339050293,inf,"[0, 0, 0, 2, 4, 5, 3, 2, 6, 7, 5, 11, 16, 8, 5, 16, 28, 11, 10, 35, 18, 0, 0, 0, 0, 0, 0, 0, 0, 0, 0, 0, 0, 0, 0, 138]","""[0, 3, 1, 3, 1, 4, 2, 3, 2, 1, 1, 5, 2, 1, 2, 10, 3, 7, 4, 7, 6, 114, 17, 25, 139, 71, 65, 49, 68, 51, 47, 113, 19, 139, 59, 0]"""
j20,1,reactive,60,False,inf,inf,inf,null,"[0, 3, 1, 3, 1, 4, 2, 3, 2, 1, 1, 5, 2, 1, 2, 10, 3, 7, 4, 7, 6, 114, 17, 25, 139, 71, 65, 49, 68, 51, 47, 113, 19, 139, 59, 0]"
j20,1,stnu,60,False,inf,0.8812909126281738,inf,[],"""[0, 7, 6, 2, 1, 4, 2, 3, 2, 1, 1, 7, 6, 4, 8, 9, 1, 7, 4, 7, 5, 114, 17, 25, 139, 71, 65, 49, 68, 51, 47, 113, 19, 139, 59, 0]"""
j20,1,proactive_quantile_0.9,60,False,inf,0.10122990608215332,inf,"[0, 0, 0, 0, 6, 12, 8, 9, 8, 9, 9, 12, 23, 10, 18, 26, 37, 26, 12, 40, 32, 0, 0, 0, 0, 0, 0, 0, 0, 0, 0, 0, 0, 0, 0, 138]","""[0, 6, 5, 1, 1, 2, 2, 1, 2, 2, 2, 11, 5, 3, 8, 11, 4, 5, 6, 7, 7, 114, 17, 25, 139, 71, 65, 49, 68, 51, 47, 113, 19, 139, 59, 0]"""
j20,1,reactive,60,False,inf,inf,inf,null,"[0, 6, 5, 1, 1, 2, 2, 1, 2, 2, 2, 11, 5, 3, 8, 11, 4, 5, 6, 7, 7, 114, 17, 25, 139, 71, 65, 49, 68, 51, 47, 113, 19, 139, 59, 0]"
j20,1,stnu,60,False,inf,0.9103190898895264,inf,[],"""[0, 6, 5, 1, 1, 2, 2, 1, 2, 2, 2, 11, 5, 4, 8, 11, 4, 5, 6, 7, 7, 114, 17, 25, 139, 71, 65, 49, 68, 51, 47, 113, 19, 139, 59, 0]"""
j20,1,proactive_quantile_0.9,60,False,inf,0.09331297874450684,inf,"[0, 0, 0, 0, 6, 12, 8, 9, 8, 9, 9, 12, 23, 10, 18, 26, 37, 26, 12, 40, 32, 0, 0, 0, 0, 0, 0, 0, 0, 0, 0, 0, 0, 0, 0, 138]","""[0, 8, 3, 4, 1, 6, 1, 2, 1, 2, 1, 8, 7, 2, 4, 11, 2, 5, 7, 9, 7, 114, 17, 25, 139, 71, 65, 49, 68, 51, 47, 113, 19, 139, 59, 0]"""
j20,1,reactive,60,False,inf,inf,inf,null,"[0, 8, 3, 4, 1, 6, 1, 2, 1, 2, 1, 8, 7, 2, 4, 11, 2, 5, 7, 9, 7, 114, 17, 25, 139, 71, 65, 49, 68, 51, 47, 113, 19, 139, 59, 0]"
j20,1,stnu,60,False,inf,0.9105129241943359,inf,[],"""[0, 8, 3, 4, 1, 6, 1, 2, 1, 2, 1, 8, 7, 1, 4, 11, 2, 5, 7, 9, 7, 114, 17, 25, 139, 71, 65, 49, 68, 51, 47, 113, 19, 139, 59, 0]"""
j20,1,proactive_quantile_0.9,60,False,inf,0.09950590133666992,inf,"[0, 0, 0, 0, 6, 12, 8, 9, 8, 9, 9, 12, 23, 10, 18, 26, 37, 26, 12, 40, 32, 0, 0, 0, 0, 0, 0, 0, 0, 0, 0, 0, 0, 0, 0, 138]","""[0, 7, 4, 1, 1, 2, 1, 1, 2, 1, 1, 6, 6, 1, 4, 6, 1, 4, 4, 8, 4, 114, 17, 25, 139, 71, 65, 49, 68, 51, 47, 113, 19, 139, 59, 0]"""
j20,1,reactive,60,False,inf,inf,inf,null,"[0, 7, 4, 1, 1, 2, 1, 1, 2, 1, 1, 6, 6, 1, 4, 6, 1, 4, 4, 8, 4, 114, 17, 25, 139, 71, 65, 49, 68, 51, 47, 113, 19, 139, 59, 0]"
j20,1,stnu,60,False,inf,0.885673999786377,inf,[],"""[0, 7, 4, 1, 1, 2, 1, 1, 2, 1, 1, 6, 6, 3, 4, 6, 1, 4, 4, 8, 4, 114, 17, 25, 139, 71, 65, 49, 68, 51, 47, 113, 19, 139, 59, 0]"""
j20,1,proactive_quantile_0.9,60,False,inf,0.09234619140625,inf,"[0, 0, 0, 0, 6, 12, 8, 9, 8, 9, 9, 12, 23, 10, 18, 26, 37, 26, 12, 40, 32, 0, 0, 0, 0, 0, 0, 0, 0, 0, 0, 0, 0, 0, 0, 138]","""[0, 9, 3, 1, 2, 7, 2, 3, 2, 2, 1, 8, 6, 3, 6, 6, 3, 2, 4, 6, 8, 114, 17, 25, 139, 71, 65, 49, 68, 51, 47, 113, 19, 139, 59, 0]"""
j20,1,reactive,60,False,inf,inf,inf,null,"[0, 9, 3, 1, 2, 7, 2, 3, 2, 2, 1, 8, 6, 3, 6, 6, 3, 2, 4, 6, 8, 114, 17, 25, 139, 71, 65, 49, 68, 51, 47, 113, 19, 139, 59, 0]"
j20,1,stnu,60,False,inf,0.8945949077606201,inf,[],"""[0, 9, 3, 1, 2, 7, 2, 3, 2, 2, 1, 8, 6, 2, 6, 6, 3, 2, 4, 6, 8, 114, 17, 25, 139, 71, 65, 49, 68, 51, 47, 113, 19, 139, 59, 0]"""
j20,1,proactive_quantile_0.9,60,False,inf,0.10195207595825195,inf,"[0, 0, 0, 0, 6, 12, 8, 9, 8, 9, 9, 12, 23, 10, 18, 26, 37, 26, 12, 40, 32, 0, 0, 0, 0, 0, 0, 0, 0, 0, 0, 0, 0, 0, 0, 138]","""[0, 4, 3, 1, 3, 6, 2, 4, 1, 2, 2, 10, 7, 3, 4, 8, 1, 6, 6, 7, 5, 114, 17, 25, 139, 71, 65, 49, 68, 51, 47, 113, 19, 139, 59, 0]"""
j20,1,reactive,60,False,inf,inf,inf,null,"[0, 4, 3, 1, 3, 6, 2, 4, 1, 2, 2, 10, 7, 3, 4, 8, 1, 6, 6, 7, 5, 114, 17, 25, 139, 71, 65, 49, 68, 51, 47, 113, 19, 139, 59, 0]"
j20,1,stnu,60,False,inf,0.8894741535186768,inf,[],"""[0, 4, 3, 1, 3, 6, 2, 4, 1, 2, 2, 10, 7, 2, 4, 8, 1, 6, 6, 7, 5, 114, 17, 25, 139, 71, 65, 49, 68, 51, 47, 113, 19, 139, 59, 0]"""
j20,1,proactive_quantile_0.9,60,False,inf,0.10071182250976562,inf,"[0, 0, 0, 0, 6, 12, 8, 9, 8, 9, 9, 12, 23, 10, 18, 26, 37, 26, 12, 40, 32, 0, 0, 0, 0, 0, 0, 0, 0, 0, 0, 0, 0, 0, 0, 138]","""[0, 7, 2, 2, 3, 2, 1, 3, 2, 2, 1, 10, 7, 1, 4, 11, 3, 2, 5, 5, 4, 114, 17, 25, 139, 71, 65, 49, 68, 51, 47, 113, 19, 139, 59, 0]"""
j20,1,reactive,60,False,inf,inf,inf,null,"[0, 7, 2, 2, 3, 2, 1, 3, 2, 2, 1, 10, 7, 1, 4, 11, 3, 2, 5, 5, 4, 114, 17, 25, 139, 71, 65, 49, 68, 51, 47, 113, 19, 139, 59, 0]"
j20,1,stnu,60,False,inf,0.908184289932251,inf,[],"""[0, 7, 2, 2, 3, 2, 1, 3, 2, 2, 1, 10, 7, 3, 4, 11, 3, 2, 5, 5, 4, 114, 17, 25, 139, 71, 65, 49, 68, 51, 47, 113, 19, 139, 59, 0]"""
j20,1,proactive_quantile_0.9,60,False,inf,0.09562277793884277,inf,"[0, 0, 0, 0, 6, 12, 8, 9, 8, 9, 9, 12, 23, 10, 18, 26, 37, 26, 12, 40, 32, 0, 0, 0, 0, 0, 0, 0, 0, 0, 0, 0, 0, 0, 0, 138]","""[0, 4, 6, 3, 3, 5, 1, 4, 2, 2, 1, 6, 3, 1, 6, 8, 3, 5, 5, 7, 9, 114, 17, 25, 139, 71, 65, 49, 68, 51, 47, 113, 19, 139, 59, 0]"""
j20,1,reactive,60,False,inf,inf,inf,null,"[0, 4, 6, 3, 3, 5, 1, 4, 2, 2, 1, 6, 3, 1, 6, 8, 3, 5, 5, 7, 9, 114, 17, 25, 139, 71, 65, 49, 68, 51, 47, 113, 19, 139, 59, 0]"
j20,1,stnu,60,False,inf,0.8698015213012695,inf,[],"""[0, 4, 6, 3, 3, 5, 1, 4, 2, 2, 1, 6, 3, 2, 6, 8, 3, 5, 5, 7, 9, 114, 17, 25, 139, 71, 65, 49, 68, 51, 47, 113, 19, 139, 59, 0]"""
j20,1,proactive_quantile_0.9,60,False,inf,0.09172964096069336,inf,"[0, 2, 0, 0, 2, 3, 2, 6, 2, 7, 7, 7, 14, 14, 2, 7, 19, 16, 31, 21, 21, 0, 0, 0, 0, 0, 0, 0, 0, 138]","""[0, 2, 3, 3, 1, 1, 6, 2, 2, 5, 6, 3, 4, 2, 5, 2, 12, 5, 1, 2, 2, 40, 91, 103, 139, 83, 42, 46, 24, 0]"""
j20,1,reactive,60,False,inf,inf,inf,null,"[0, 2, 3, 3, 1, 1, 6, 2, 2, 5, 6, 3, 4, 2, 5, 2, 12, 5, 1, 2, 2, 40, 91, 103, 139, 83, 42, 46, 24, 0]"
j20,1,stnu,60,True,32,0.9367899894714355,0.030330181121826172,"[0, 3, 0, 0, 3, 4, 3, 5, 3, 9, 9, 9, 15, 15, 3, 8, 19, 17, 31, 22, 22, 0, 0, 0, 0, 0, 0, 0, 0, 32]","""[0, 2, 3, 3, 1, 1, 6, 2, 2, 5, 6, 3, 4, 2, 5, 2, 12, 5, 1, 2, 2, 40, 91, 103, 139, 83, 42, 46, 24, 0]"""
j20,1,proactive_quantile_0.9,60,False,inf,0.09829044342041016,inf,"[0, 2, 0, 0, 2, 3, 2, 6, 2, 7, 7, 7, 14, 14, 2, 7, 19, 16, 31, 21, 21, 0, 0, 0, 0, 0, 0, 0, 0, 138]","""[0, 4, 3, 3, 2, 3, 3, 1, 1, 8, 6, 4, 2, 2, 5, 4, 9, 4, 2, 6, 1, 40, 91, 103, 139, 83, 42, 46, 24, 0]"""
j20,1,reactive,60,False,inf,inf,inf,null,"[0, 4, 3, 3, 2, 3, 3, 1, 1, 8, 6, 4, 2, 2, 5, 4, 9, 4, 2, 6, 1, 40, 91, 103, 139, 83, 42, 46, 24, 0]"
j20,1,stnu,60,True,29,1.0286962985992432,0.030776500701904297,"[0, 3, 0, 0, 3, 5, 3, 8, 3, 9, 8, 9, 14, 14, 3, 8, 17, 17, 27, 21, 21, 0, 0, 0, 0, 0, 0, 0, 0, 29]","""[0, 4, 3, 3, 2, 3, 3, 1, 1, 8, 6, 4, 2, 2, 5, 4, 9, 4, 2, 6, 1, 40, 91, 103, 139, 83, 42, 46, 24, 0]"""
j20,1,proactive_quantile_0.9,60,False,inf,0.09849023818969727,inf,"[0, 2, 0, 0, 2, 3, 2, 6, 2, 7, 7, 7, 14, 14, 2, 7, 19, 16, 31, 21, 21, 0, 0, 0, 0, 0, 0, 0, 0, 138]","""[0, 2, 1, 1, 1, 4, 2, 1, 4, 8, 7, 3, 6, 3, 6, 6, 9, 2, 3, 7, 2, 40, 91, 103, 139, 83, 42, 46, 24, 0]"""
j20,1,reactive,60,False,inf,inf,inf,null,"[0, 2, 1, 1, 1, 4, 2, 1, 4, 8, 7, 3, 6, 3, 6, 6, 9, 2, 3, 7, 2, 40, 91, 103, 139, 83, 42, 46, 24, 0]"
j20,1,stnu,60,True,32,1.0210776329040527,0.03154110908508301,"[0, 1, 0, 0, 1, 2, 1, 6, 1, 7, 7, 7, 14, 14, 1, 7, 20, 17, 29, 19, 20, 0, 0, 0, 0, 0, 0, 0, 0, 32]","""[0, 2, 1, 1, 1, 4, 2, 1, 4, 8, 7, 3, 6, 3, 6, 6, 9, 2, 3, 7, 2, 40, 91, 103, 139, 83, 42, 46, 24, 0]"""
j20,1,proactive_quantile_0.9,60,False,inf,0.09802651405334473,inf,"[0, 2, 0, 0, 2, 3, 2, 6, 2, 7, 7, 7, 14, 14, 2, 7, 19, 16, 31, 21, 21, 0, 0, 0, 0, 0, 0, 0, 0, 138]","""[0, 6, 1, 2, 1, 4, 3, 2, 3, 9, 4, 7, 5, 2, 4, 4, 10, 6, 2, 2, 3, 40, 91, 103, 139, 83, 42, 46, 24, 0]"""
j20,1,reactive,60,False,inf,inf,inf,null,"[0, 6, 1, 2, 1, 4, 3, 2, 3, 9, 4, 7, 5, 2, 4, 4, 10, 6, 2, 2, 3, 40, 91, 103, 139, 83, 42, 46, 24, 0]"
j20,1,stnu,60,True,33,1.0186431407928467,0.030517578125,"[0, 2, 0, 0, 2, 3, 1, 7, 1, 9, 8, 9, 16, 16, 2, 7, 21, 18, 31, 24, 24, 0, 0, 0, 0, 0, 0, 0, 0, 33]","""[0, 6, 1, 2, 1, 4, 3, 2, 3, 9, 4, 7, 5, 2, 4, 4, 10, 6, 2, 2, 3, 40, 91, 103, 139, 83, 42, 46, 24, 0]"""
j20,1,proactive_quantile_0.9,60,False,inf,0.08898544311523438,inf,"[0, 2, 0, 0, 2, 3, 2, 6, 2, 7, 7, 7, 14, 14, 2, 7, 19, 16, 31, 21, 21, 0, 0, 0, 0, 0, 0, 0, 0, 138]","""[0, 5, 1, 3, 1, 4, 5, 1, 2, 9, 6, 6, 5, 2, 4, 2, 12, 3, 4, 7, 2, 40, 91, 103, 139, 83, 42, 46, 24, 0]"""
j20,1,reactive,60,False,inf,inf,inf,null,"[0, 5, 1, 3, 1, 4, 5, 1, 2, 9, 6, 6, 5, 2, 4, 2, 12, 3, 4, 7, 2, 40, 91, 103, 139, 83, 42, 46, 24, 0]"
j20,1,stnu,60,True,36,1.0301620960235596,0.030870914459228516,"[0, 3, 0, 0, 3, 4, 1, 8, 1, 9, 8, 9, 15, 15, 3, 8, 20, 18, 32, 21, 21, 0, 0, 0, 0, 0, 0, 0, 0, 36]","""[0, 5, 1, 3, 1, 4, 5, 1, 2, 9, 6, 6, 5, 2, 4, 2, 12, 3, 4, 7, 2, 40, 91, 103, 139, 83, 42, 46, 24, 0]"""
j20,1,proactive_quantile_0.9,60,False,inf,0.08882904052734375,inf,"[0, 2, 0, 0, 2, 3, 2, 6, 2, 7, 7, 7, 14, 14, 2, 7, 19, 16, 31, 21, 21, 0, 0, 0, 0, 0, 0, 0, 0, 138]","""[0, 4, 2, 3, 1, 1, 2, 1, 2, 10, 3, 7, 3, 1, 5, 6, 11, 5, 2, 7, 1, 40, 91, 103, 139, 83, 42, 46, 24, 0]"""
j20,1,reactive,60,False,inf,inf,inf,null,"[0, 4, 2, 3, 1, 1, 2, 1, 2, 10, 3, 7, 3, 1, 5, 6, 11, 5, 2, 7, 1, 40, 91, 103, 139, 83, 42, 46, 24, 0]"
j20,1,stnu,60,True,31,1.0167670249938965,0.030259132385253906,"[0, 3, 0, 0, 3, 4, 2, 5, 2, 7, 8, 7, 14, 14, 3, 8, 17, 17, 29, 22, 22, 0, 0, 0, 0, 0, 0, 0, 0, 31]","""[0, 4, 2, 3, 1, 1, 2, 1, 2, 10, 3, 7, 3, 1, 5, 6, 11, 5, 2, 7, 1, 40, 91, 103, 139, 83, 42, 46, 24, 0]"""
j20,1,proactive_quantile_0.9,60,False,inf,0.08835625648498535,inf,"[0, 2, 0, 0, 2, 3, 2, 6, 2, 7, 7, 7, 14, 14, 2, 7, 19, 16, 31, 21, 21, 0, 0, 0, 0, 0, 0, 0, 0, 138]","""[0, 6, 3, 2, 2, 1, 5, 1, 3, 9, 7, 8, 4, 1, 2, 5, 7, 4, 1, 5, 3, 40, 91, 103, 139, 83, 42, 46, 24, 0]"""
j20,1,reactive,60,False,inf,inf,inf,null,"[0, 6, 3, 2, 2, 1, 5, 1, 3, 9, 7, 8, 4, 1, 2, 5, 7, 4, 1, 5, 3, 40, 91, 103, 139, 83, 42, 46, 24, 0]"
j20,1,stnu,60,True,29,0.9065635204315186,0.0305328369140625,"[0, 3, 0, 0, 3, 5, 3, 6, 3, 9, 9, 9, 17, 17, 2, 6, 21, 18, 28, 22, 22, 0, 0, 0, 0, 0, 0, 0, 0, 29]","""[0, 6, 3, 2, 2, 1, 5, 1, 3, 9, 7, 8, 4, 1, 2, 5, 7, 4, 1, 5, 3, 40, 91, 103, 139, 83, 42, 46, 24, 0]"""
j20,1,proactive_quantile_0.9,60,False,inf,0.08950304985046387,inf,"[0, 2, 0, 0, 2, 3, 2, 6, 2, 7, 7, 7, 14, 14, 2, 7, 19, 16, 31, 21, 21, 0, 0, 0, 0, 0, 0, 0, 0, 138]","""[0, 2, 1, 2, 2, 2, 5, 2, 2, 6, 5, 6, 5, 1, 2, 5, 13, 5, 4, 6, 2, 40, 91, 103, 139, 83, 42, 46, 24, 0]"""
j20,1,reactive,60,False,inf,inf,inf,null,"[0, 2, 1, 2, 2, 2, 5, 2, 2, 6, 5, 6, 5, 1, 2, 5, 13, 5, 4, 6, 2, 40, 91, 103, 139, 83, 42, 46, 24, 0]"
j20,1,stnu,60,True,36,0.889930009841919,0.030317306518554688,"[0, 2, 0, 0, 2, 4, 1, 6, 1, 8, 6, 8, 14, 14, 2, 6, 19, 15, 32, 20, 20, 0, 0, 0, 0, 0, 0, 0, 0, 36]","""[0, 2, 1, 2, 2, 2, 5, 2, 2, 6, 5, 6, 5, 1, 2, 5, 13, 5, 4, 6, 2, 40, 91, 103, 139, 83, 42, 46, 24, 0]"""
j20,1,proactive_quantile_0.9,60,True,34,0.08992409706115723,0.0011780261993408203,"[0, 2, 0, 0, 2, 3, 2, 6, 2, 7, 7, 7, 14, 14, 2, 7, 19, 16, 31, 21, 21, 0, 0, 0, 0, 0, 0, 0, 0, 138]","""[0, 4, 1, 1, 1, 1, 4, 1, 3, 5, 2, 4, 4, 3, 4, 3, 11, 5, 4, 3, 1, 40, 91, 103, 139, 83, 42, 46, 24, 0]"""
j20,1,reactive,60,False,inf,inf,inf,null,"[0, 4, 1, 1, 1, 1, 4, 1, 3, 5, 2, 4, 4, 3, 4, 3, 11, 5, 4, 3, 1, 40, 91, 103, 139, 83, 42, 46, 24, 0]"
j20,1,stnu,60,True,28,0.8953738212585449,0.03043079376220703,"[0, 1, 0, 0, 1, 2, 1, 3, 1, 5, 5, 5, 9, 9, 1, 5, 13, 12, 24, 17, 17, 0, 0, 0, 0, 0, 0, 0, 0, 28]","""[0, 4, 1, 1, 1, 1, 4, 1, 3, 5, 2, 4, 4, 3, 4, 3, 11, 5, 4, 3, 1, 40, 91, 103, 139, 83, 42, 46, 24, 0]"""
j20,1,proactive_quantile_0.9,60,False,inf,0.09742879867553711,inf,"[0, 2, 0, 0, 2, 3, 2, 6, 2, 7, 7, 7, 14, 14, 2, 7, 19, 16, 31, 21, 21, 0, 0, 0, 0, 0, 0, 0, 0, 138]","""[0, 6, 2, 3, 2, 2, 3, 2, 1, 6, 5, 6, 6, 3, 2, 3, 10, 6, 1, 6, 2, 40, 91, 103, 139, 83, 42, 46, 24, 0]"""
j20,1,reactive,60,False,inf,inf,inf,null,"[0, 6, 2, 3, 2, 2, 3, 2, 1, 6, 5, 6, 6, 3, 2, 3, 10, 6, 1, 6, 2, 40, 91, 103, 139, 83, 42, 46, 24, 0]"
j20,1,stnu,60,True,32,0.9041323661804199,0.03034067153930664,"[0, 3, 0, 0, 3, 5, 2, 7, 2, 9, 9, 9, 15, 15, 3, 7, 21, 18, 31, 24, 24, 0, 0, 0, 0, 0, 0, 0, 0, 32]","""[0, 6, 2, 3, 2, 2, 3, 2, 1, 6, 5, 6, 6, 3, 2, 3, 10, 6, 1, 6, 2, 40, 91, 103, 139, 83, 42, 46, 24, 0]"""
j20,1,proactive_quantile_0.9,60,False,inf,0.0954439640045166,inf,"[0, 11, 0, 0, 5, 11, 14, 5, 16, 11, 17, 8, 26, 28, 17, 26, 39, 41, 49, 17, 31, 0, 0, 0, 161]","""[0, 2, 6, 10, 4, 4, 2, 3, 6, 4, 6, 12, 3, 12, 10, 5, 1, 7, 4, 8, 9, 40, 130, 162, 0]"""
j20,1,reactive,60,False,inf,inf,inf,null,"[0, 2, 6, 10, 4, 4, 2, 3, 6, 4, 6, 12, 3, 12, 10, 5, 1, 7, 4, 8, 9, 40, 130, 162, 0]"
j20,1,stnu,60,True,49,0.9455506801605225,0.024065017700195312,"[0, 10, 0, 0, 6, 10, 14, 6, 16, 10, 14, 10, 22, 25, 14, 24, 37, 38, 45, 16, 29, 0, 0, 0, 49]","""[0, 2, 6, 10, 4, 4, 2, 3, 6, 4, 6, 12, 3, 12, 10, 5, 1, 7, 4, 8, 9, 40, 130, 162, 0]"""
j20,1,proactive_quantile_0.9,60,False,inf,0.09505271911621094,inf,"[0, 11, 0, 0, 5, 11, 14, 5, 16, 11, 17, 8, 26, 28, 17, 26, 39, 41, 49, 17, 31, 0, 0, 0, 161]","""[0, 2, 2, 10, 2, 7, 3, 5, 5, 3, 10, 12, 1, 12, 8, 5, 2, 4, 8, 9, 5, 40, 130, 162, 0]"""
j20,1,reactive,60,False,inf,inf,inf,null,"[0, 2, 2, 10, 2, 7, 3, 5, 5, 3, 10, 12, 1, 12, 8, 5, 2, 4, 8, 9, 5, 40, 130, 162, 0]"
j20,1,stnu,60,True,54,0.9522600173950195,0.02392411231994629,"[0, 10, 0, 0, 2, 10, 13, 2, 16, 10, 17, 4, 27, 28, 17, 27, 40, 42, 46, 17, 32, 0, 0, 0, 54]","""[0, 2, 2, 10, 2, 7, 3, 5, 5, 3, 10, 12, 1, 12, 8, 5, 2, 4, 8, 9, 5, 40, 130, 162, 0]"""
j20,1,proactive_quantile_0.9,60,False,inf,0.09039807319641113,inf,"[0, 11, 0, 0, 5, 11, 14, 5, 16, 11, 17, 8, 26, 28, 17, 26, 39, 41, 49, 17, 31, 0, 0, 0, 161]","""[0, 3, 6, 7, 2, 2, 2, 6, 3, 2, 7, 11, 2, 11, 9, 3, 2, 5, 3, 7, 5, 40, 130, 162, 0]"""
j20,1,reactive,60,False,inf,inf,inf,null,"[0, 3, 6, 7, 2, 2, 2, 6, 3, 2, 7, 11, 2, 11, 9, 3, 2, 5, 3, 7, 5, 40, 130, 162, 0]"
j20,1,stnu,60,True,45,0.9205663204193115,0.023981571197509766,"[0, 12, 0, 0, 6, 12, 15, 6, 17, 12, 15, 8, 22, 24, 14, 24, 35, 37, 42, 17, 27, 0, 0, 0, 45]","""[0, 3, 6, 7, 2, 2, 2, 6, 3, 2, 7, 11, 2, 11, 9, 3, 2, 5, 3, 7, 5, 40, 130, 162, 0]"""
j20,1,proactive_quantile_0.9,60,True,56,0.0937809944152832,0.0008990764617919922,"[0, 11, 0, 0, 5, 11, 14, 5, 16, 11, 17, 8, 26, 28, 17, 26, 39, 41, 49, 17, 31, 0, 0, 0, 161]","""[0, 2, 2, 6, 1, 5, 1, 7, 6, 3, 9, 7, 2, 9, 8, 4, 1, 9, 5, 8, 9, 40, 130, 162, 0]"""
j20,1,reactive,60,False,inf,inf,inf,null,"[0, 2, 2, 6, 1, 5, 1, 7, 6, 3, 9, 7, 2, 9, 8, 4, 1, 9, 5, 8, 9, 40, 130, 162, 0]"
j20,1,stnu,60,True,50,0.9060194492340088,0.024063587188720703,"[0, 9, 0, 0, 2, 9, 12, 2, 13, 9, 14, 3, 23, 25, 14, 23, 34, 36, 45, 14, 27, 0, 0, 0, 50]","""[0, 2, 2, 6, 1, 5, 1, 7, 6, 3, 9, 7, 2, 9, 8, 4, 1, 9, 5, 8, 9, 40, 130, 162, 0]"""
j20,1,proactive_quantile_0.9,60,False,inf,0.17158865928649902,inf,"[0, 11, 0, 0, 5, 11, 14, 5, 16, 11, 17, 8, 26, 28, 17, 26, 39, 41, 49, 17, 31, 0, 0, 0, 161]","""[0, 2, 3, 10, 2, 7, 1, 5, 4, 2, 10, 11, 3, 12, 9, 2, 3, 5, 7, 7, 8, 40, 130, 162, 0]"""
j20,1,reactive,60,False,inf,inf,inf,null,"[0, 2, 3, 10, 2, 7, 1, 5, 4, 2, 10, 11, 3, 12, 9, 2, 3, 5, 7, 7, 8, 40, 130, 162, 0]"
j20,1,stnu,60,True,57,0.8971600532531738,0.024151325225830078,"[0, 10, 0, 0, 3, 10, 12, 3, 13, 10, 17, 5, 27, 30, 17, 27, 42, 45, 50, 17, 30, 0, 0, 0, 57]","""[0, 2, 3, 10, 2, 7, 1, 5, 4, 2, 10, 11, 3, 12, 9, 2, 3, 5, 7, 7, 8, 40, 130, 162, 0]"""
j20,1,proactive_quantile_0.9,60,True,56,0.09883642196655273,0.0008575916290283203,"[0, 11, 0, 0, 5, 11, 14, 5, 16, 11, 17, 8, 26, 28, 17, 26, 39, 41, 49, 17, 31, 0, 0, 0, 161]","""[0, 3, 3, 8, 1, 3, 1, 3, 6, 3, 7, 8, 3, 7, 7, 5, 3, 8, 6, 10, 5, 40, 130, 162, 0]"""
j20,1,reactive,60,False,inf,inf,inf,null,"[0, 3, 3, 8, 1, 3, 1, 3, 6, 3, 7, 8, 3, 7, 7, 5, 3, 8, 6, 10, 5, 40, 130, 162, 0]"
j20,1,stnu,60,True,46,0.9378871917724609,0.023833513259887695,"[0, 8, 0, 0, 3, 8, 11, 3, 12, 8, 11, 4, 18, 22, 11, 22, 29, 32, 40, 12, 27, 0, 0, 0, 46]","""[0, 3, 3, 8, 1, 3, 1, 3, 6, 3, 7, 8, 3, 7, 7, 5, 3, 8, 6, 10, 5, 40, 130, 162, 0]"""
j20,1,proactive_quantile_0.9,60,False,inf,0.0919806957244873,inf,"[0, 11, 0, 0, 5, 11, 14, 5, 16, 11, 17, 8, 26, 28, 17, 26, 39, 41, 49, 17, 31, 0, 0, 0, 161]","""[0, 2, 6, 11, 1, 3, 2, 7, 3, 2, 5, 10, 3, 6, 10, 4, 3, 7, 3, 10, 8, 40, 130, 162, 0]"""
j20,1,reactive,60,False,inf,inf,inf,null,"[0, 2, 6, 11, 1, 3, 2, 7, 3, 2, 5, 10, 3, 6, 10, 4, 3, 7, 3, 10, 8, 40, 130, 162, 0]"
j20,1,stnu,60,True,49,0.9077343940734863,0.02406001091003418,"[0, 13, 0, 0, 6, 13, 15, 6, 17, 13, 16, 7, 21, 27, 16, 27, 33, 39, 46, 17, 31, 0, 0, 0, 49]","""[0, 2, 6, 11, 1, 3, 2, 7, 3, 2, 5, 10, 3, 6, 10, 4, 3, 7, 3, 10, 8, 40, 130, 162, 0]"""
j20,1,proactive_quantile_0.9,60,True,56,0.09112381935119629,0.0008568763732910156,"[0, 11, 0, 0, 5, 11, 14, 5, 16, 11, 17, 8, 26, 28, 17, 26, 39, 41, 49, 17, 31, 0, 0, 0, 161]","""[0, 3, 2, 8, 4, 5, 1, 5, 4, 3, 10, 8, 2, 10, 8, 2, 2, 7, 6, 9, 5, 40, 130, 162, 0]"""
j20,1,reactive,60,False,inf,inf,inf,null,"[0, 3, 2, 8, 4, 5, 1, 5, 4, 3, 10, 8, 2, 10, 8, 2, 2, 7, 6, 9, 5, 40, 130, 162, 0]"
j20,1,stnu,60,True,50,0.9795160293579102,0.024158239364624023,"[0, 8, 0, 0, 2, 8, 11, 2, 12, 8, 13, 6, 23, 25, 13, 23, 35, 37, 44, 13, 25, 0, 0, 0, 50]","""[0, 3, 2, 8, 4, 5, 1, 5, 4, 3, 10, 8, 2, 10, 8, 2, 2, 7, 6, 9, 5, 40, 130, 162, 0]"""
j20,1,proactive_quantile_0.9,60,True,56,0.09441661834716797,0.0008656978607177734,"[0, 11, 0, 0, 5, 11, 14, 5, 16, 11, 17, 8, 26, 28, 17, 26, 39, 41, 49, 17, 31, 0, 0, 0, 161]","""[0, 1, 4, 10, 2, 6, 3, 6, 2, 1, 5, 12, 2, 6, 10, 3, 3, 9, 5, 10, 5, 40, 130, 162, 0]"""
j20,1,reactive,60,False,inf,inf,inf,null,"[0, 1, 4, 10, 2, 6, 3, 6, 2, 1, 5, 12, 2, 6, 10, 3, 3, 9, 5, 10, 5, 40, 130, 162, 0]"
j20,1,stnu,60,True,49,0.8977503776550293,0.023834943771362305,"[0, 10, 0, 0, 4, 10, 11, 4, 14, 10, 16, 6, 21, 26, 16, 26, 32, 35, 44, 16, 29, 0, 0, 0, 49]","""[0, 1, 4, 10, 2, 6, 3, 6, 2, 1, 5, 12, 2, 6, 10, 3, 3, 9, 5, 10, 5, 40, 130, 162, 0]"""
j20,1,proactive_quantile_0.9,60,False,inf,0.09316730499267578,inf,"[0, 11, 0, 0, 5, 11, 14, 5, 16, 11, 17, 8, 26, 28, 17, 26, 39, 41, 49, 17, 31, 0, 0, 0, 161]","""[0, 2, 4, 8, 4, 3, 2, 2, 5, 4, 10, 7, 3, 11, 6, 4, 1, 9, 7, 6, 6, 40, 130, 162, 0]"""
j20,1,reactive,60,False,inf,inf,inf,null,"[0, 2, 4, 8, 4, 3, 2, 2, 5, 4, 10, 7, 3, 11, 6, 4, 1, 9, 7, 6, 6, 40, 130, 162, 0]"
j20,1,stnu,60,True,53,0.8978171348571777,0.02408123016357422,"[0, 8, 0, 0, 4, 8, 12, 4, 14, 8, 12, 8, 22, 25, 12, 22, 36, 37, 46, 14, 26, 0, 0, 0, 53]","""[0, 2, 4, 8, 4, 3, 2, 2, 5, 4, 10, 7, 3, 11, 6, 4, 1, 9, 7, 6, 6, 40, 130, 162, 0]"""
j20,1,proactive_quantile_0.9,60,True,51,0.09269261360168457,0.0015573501586914062,"[0, 0, 0, 0, 6, 5, 8, 8, 6, 15, 6, 13, 16, 28, 22, 36, 23, 29, 28, 43, 43, 0, 0, 0, 0, 0, 0, 0, 0, 141]","""[0, 6, 4, 3, 7, 2, 8, 3, 9, 2, 10, 5, 4, 4, 6, 5, 3, 6, 4, 8, 3, 97, 92, 42, 94, 132, 130, 33, 142, 0]"""
j20,1,reactive,60,True,51,0.09269261360168457,0.5110676288604736,"[0, 0, 0, 0, 6, 5, 8, 8, 6, 15, 6, 13, 16, 28, 22, 36, 23, 29, 28, 43, 43, 0, 0, 0, 0, 0, 0, 0, 0, 51]","[0, 6, 4, 3, 7, 2, 8, 3, 9, 2, 10, 5, 4, 4, 6, 5, 3, 6, 4, 8, 3, 97, 92, 42, 94, 132, 130, 33, 142, 0]"
j20,1,stnu,60,False,inf,0.9600322246551514,inf,[],"""[0, 6, 4, 3, 7, 9, 8, 3, 9, 2, 10, 5, 4, 4, 6, 5, 3, 6, 4, 8, 3, 97, 92, 42, 94, 132, 130, 33, 142, 0]"""
j20,1,proactive_quantile_0.9,60,False,inf,0.10202836990356445,inf,"[0, 0, 0, 0, 6, 5, 8, 8, 6, 15, 6, 13, 16, 28, 22, 36, 23, 29, 28, 43, 43, 0, 0, 0, 0, 0, 0, 0, 0, 141]","""[0, 7, 7, 2, 7, 3, 7, 2, 5, 7, 6, 8, 5, 7, 4, 7, 3, 6, 3, 8, 3, 97, 92, 42, 94, 132, 130, 33, 142, 0]"""
j20,1,reactive,60,False,inf,inf,inf,null,"[0, 7, 7, 2, 7, 3, 7, 2, 5, 7, 6, 8, 5, 7, 4, 7, 3, 6, 3, 8, 3, 97, 92, 42, 94, 132, 130, 33, 142, 0]"
j20,1,stnu,60,False,inf,0.863173246383667,inf,[],"""[0, 7, 7, 2, 7, 6, 7, 2, 5, 7, 6, 8, 5, 7, 4, 7, 3, 6, 3, 8, 3, 97, 92, 42, 94, 132, 130, 33, 142, 0]"""
j20,1,proactive_quantile_0.9,60,True,51,0.09310340881347656,0.0016286373138427734,"[0, 0, 0, 0, 6, 5, 8, 8, 6, 15, 6, 13, 16, 28, 22, 36, 23, 29, 28, 43, 43, 0, 0, 0, 0, 0, 0, 0, 0, 141]","""[0, 4, 3, 3, 4, 1, 5, 3, 6, 4, 6, 10, 4, 6, 6, 5, 4, 5, 8, 7, 8, 97, 92, 42, 94, 132, 130, 33, 142, 0]"""
j20,1,reactive,60,False,inf,inf,inf,null,"[0, 4, 3, 3, 4, 1, 5, 3, 6, 4, 6, 10, 4, 6, 6, 5, 4, 5, 8, 7, 8, 97, 92, 42, 94, 132, 130, 33, 142, 0]"
j20,1,stnu,60,False,inf,0.8582572937011719,inf,[],"""[0, 4, 3, 3, 4, 6, 5, 3, 6, 4, 6, 10, 4, 6, 6, 5, 4, 5, 8, 7, 8, 97, 92, 42, 94, 132, 130, 33, 142, 0]"""
j20,1,proactive_quantile_0.9,60,True,51,0.09573674201965332,0.0015537738800048828,"[0, 0, 0, 0, 6, 5, 8, 8, 6, 15, 6, 13, 16, 28, 22, 36, 23, 29, 28, 43, 43, 0, 0, 0, 0, 0, 0, 0, 0, 141]","""[0, 6, 7, 5, 4, 1, 4, 4, 10, 6, 7, 5, 6, 5, 3, 6, 2, 4, 4, 5, 3, 97, 92, 42, 94, 132, 130, 33, 142, 0]"""
j20,1,reactive,60,True,48,0.09573674201965332,0.5100572109222412,"[0, 0, 0, 0, 6, 5, 8, 8, 6, 15, 6, 13, 16, 28, 22, 36, 23, 29, 28, 43, 43, 0, 0, 0, 0, 0, 0, 0, 0, 48]","[0, 6, 7, 5, 4, 1, 4, 4, 10, 6, 7, 5, 6, 5, 3, 6, 2, 4, 4, 5, 3, 97, 92, 42, 94, 132, 130, 33, 142, 0]"
j20,1,stnu,60,False,inf,0.8427772521972656,inf,[],"""[0, 6, 7, 5, 4, 7, 4, 4, 10, 6, 7, 5, 6, 5, 3, 6, 2, 4, 4, 5, 3, 97, 92, 42, 94, 132, 130, 33, 142, 0]"""
j20,1,proactive_quantile_0.9,60,False,inf,0.0929563045501709,inf,"[0, 0, 0, 0, 6, 5, 8, 8, 6, 15, 6, 13, 16, 28, 22, 36, 23, 29, 28, 43, 43, 0, 0, 0, 0, 0, 0, 0, 0, 141]","""[0, 3, 7, 4, 6, 4, 9, 2, 6, 3, 10, 7, 6, 8, 5, 7, 7, 4, 6, 8, 7, 97, 92, 42, 94, 132, 130, 33, 142, 0]"""
j20,1,reactive,60,False,inf,inf,inf,null,"[0, 3, 7, 4, 6, 4, 9, 2, 6, 3, 10, 7, 6, 8, 5, 7, 7, 4, 6, 8, 7, 97, 92, 42, 94, 132, 130, 33, 142, 0]"
j20,1,stnu,60,False,inf,0.9114184379577637,inf,[],"""[0, 3, 7, 4, 6, 6, 9, 2, 6, 3, 10, 7, 6, 8, 5, 7, 7, 4, 6, 8, 7, 97, 92, 42, 94, 132, 130, 33, 142, 0]"""
j20,1,proactive_quantile_0.9,60,False,inf,0.09998631477355957,inf,"[0, 0, 0, 0, 6, 5, 8, 8, 6, 15, 6, 13, 16, 28, 22, 36, 23, 29, 28, 43, 43, 0, 0, 0, 0, 0, 0, 0, 0, 141]","""[0, 2, 6, 3, 6, 2, 9, 4, 6, 3, 6, 7, 6, 5, 2, 7, 4, 8, 3, 7, 3, 97, 92, 42, 94, 132, 130, 33, 142, 0]"""
j20,1,reactive,60,False,inf,inf,inf,null,"[0, 2, 6, 3, 6, 2, 9, 4, 6, 3, 6, 7, 6, 5, 2, 7, 4, 8, 3, 7, 3, 97, 92, 42, 94, 132, 130, 33, 142, 0]"
j20,1,stnu,60,False,inf,0.9300124645233154,inf,[],"""[0, 2, 6, 3, 6, 8, 9, 4, 6, 3, 6, 7, 6, 5, 2, 7, 4, 8, 3, 7, 3, 97, 92, 42, 94, 132, 130, 33, 142, 0]"""
j20,1,proactive_quantile_0.9,60,False,inf,0.09368896484375,inf,"[0, 0, 0, 0, 6, 5, 8, 8, 6, 15, 6, 13, 16, 28, 22, 36, 23, 29, 28, 43, 43, 0, 0, 0, 0, 0, 0, 0, 0, 141]","""[0, 6, 7, 6, 8, 1, 7, 3, 8, 6, 10, 6, 6, 4, 4, 5, 3, 5, 3, 8, 6, 97, 92, 42, 94, 132, 130, 33, 142, 0]"""
j20,1,reactive,60,False,inf,inf,inf,null,"[0, 6, 7, 6, 8, 1, 7, 3, 8, 6, 10, 6, 6, 4, 4, 5, 3, 5, 3, 8, 6, 97, 92, 42, 94, 132, 130, 33, 142, 0]"
j20,1,stnu,60,False,inf,0.8414645195007324,inf,[],"""[0, 6, 7, 6, 8, 4, 7, 3, 8, 6, 10, 6, 6, 4, 4, 5, 3, 5, 3, 8, 6, 97, 92, 42, 94, 132, 130, 33, 142, 0]"""
j20,1,proactive_quantile_0.9,60,True,51,0.09288668632507324,0.0015628337860107422,"[0, 0, 0, 0, 6, 5, 8, 8, 6, 15, 6, 13, 16, 28, 22, 36, 23, 29, 28, 43, 43, 0, 0, 0, 0, 0, 0, 0, 0, 141]","""[0, 3, 8, 6, 8, 2, 7, 3, 5, 2, 5, 6, 5, 9, 4, 7, 3, 7, 5, 5, 3, 97, 92, 42, 94, 132, 130, 33, 142, 0]"""
j20,1,reactive,60,False,inf,inf,inf,null,"[0, 3, 8, 6, 8, 2, 7, 3, 5, 2, 5, 6, 5, 9, 4, 7, 3, 7, 5, 5, 3, 97, 92, 42, 94, 132, 130, 33, 142, 0]"
j20,1,stnu,60,False,inf,0.8425090312957764,inf,[],"""[0, 3, 8, 6, 8, 8, 7, 3, 5, 2, 5, 6, 5, 9, 4, 7, 3, 7, 5, 5, 3, 97, 92, 42, 94, 132, 130, 33, 142, 0]"""
j20,1,proactive_quantile_0.9,60,False,inf,0.09209728240966797,inf,"[0, 0, 0, 0, 6, 5, 8, 8, 6, 15, 6, 13, 16, 28, 22, 36, 23, 29, 28, 43, 43, 0, 0, 0, 0, 0, 0, 0, 0, 141]","""[0, 5, 3, 4, 7, 4, 6, 3, 5, 5, 6, 10, 6, 4, 7, 5, 6, 4, 7, 9, 3, 97, 92, 42, 94, 132, 130, 33, 142, 0]"""
j20,1,reactive,60,False,inf,inf,inf,null,"[0, 5, 3, 4, 7, 4, 6, 3, 5, 5, 6, 10, 6, 4, 7, 5, 6, 4, 7, 9, 3, 97, 92, 42, 94, 132, 130, 33, 142, 0]"
j20,1,stnu,60,False,inf,0.8864200115203857,inf,[],"""[0, 5, 3, 4, 7, 4, 6, 3, 5, 5, 6, 10, 6, 4, 7, 5, 6, 4, 7, 9, 3, 97, 92, 42, 94, 132, 130, 33, 142, 0]"""
j20,1,proactive_quantile_0.9,60,True,51,0.10152602195739746,0.0015864372253417969,"[0, 0, 0, 0, 6, 5, 8, 8, 6, 15, 6, 13, 16, 28, 22, 36, 23, 29, 28, 43, 43, 0, 0, 0, 0, 0, 0, 0, 0, 141]","""[0, 4, 4, 2, 4, 3, 4, 3, 6, 4, 8, 6, 6, 9, 6, 4, 3, 7, 7, 8, 6, 97, 92, 42, 94, 132, 130, 33, 142, 0]"""
j20,1,reactive,60,False,inf,inf,inf,null,"[0, 4, 4, 2, 4, 3, 4, 3, 6, 4, 8, 6, 6, 9, 6, 4, 3, 7, 7, 8, 6, 97, 92, 42, 94, 132, 130, 33, 142, 0]"
j20,1,stnu,60,False,inf,0.8627521991729736,inf,[],"""[0, 4, 4, 2, 4, 7, 4, 3, 6, 4, 8, 6, 6, 9, 6, 4, 3, 7, 7, 8, 6, 97, 92, 42, 94, 132, 130, 33, 142, 0]"""
j20,1,proactive_quantile_0.9,60,False,inf,0.10233402252197266,inf,"[0, 0, 0, 0, 2, 3, 2, 2, 9, 4, 14, 4, 6, 5, 8, 11, 8, 14, 17, 9, 16, 0, 0, 0, 0, 67]","""[0, 2, 1, 2, 1, 2, 1, 3, 5, 2, 3, 3, 3, 3, 1, 6, 6, 1, 8, 3, 3, 48, 68, 34, 68, 0]"""
j20,1,reactive,60,False,inf,inf,inf,null,"[0, 2, 1, 2, 1, 2, 1, 3, 5, 2, 3, 3, 3, 3, 1, 6, 6, 1, 8, 3, 3, 48, 68, 34, 68, 0]"
j20,1,stnu,60,True,28,1.0420403480529785,0.026874780654907227,"[0, 0, 0, 0, 2, 3, 2, 2, 11, 5, 16, 5, 8, 7, 10, 14, 10, 16, 20, 11, 20, 0, 0, 0, 0, 28]","""[0, 2, 1, 2, 1, 2, 1, 3, 5, 2, 3, 3, 3, 3, 1, 6, 6, 1, 8, 3, 3, 48, 68, 34, 68, 0]"""
j20,1,proactive_quantile_0.9,60,False,inf,0.10530591011047363,inf,"[0, 0, 0, 0, 2, 3, 2, 2, 9, 4, 14, 4, 6, 5, 8, 11, 8, 14, 17, 9, 16, 0, 0, 0, 0, 67]","""[0, 1, 3, 1, 1, 1, 2, 6, 3, 2, 1, 3, 4, 3, 1, 5, 4, 3, 6, 1, 2, 48, 68, 34, 68, 0]"""
j20,1,reactive,60,False,inf,inf,inf,null,"[0, 1, 3, 1, 1, 1, 2, 6, 3, 2, 1, 3, 4, 3, 1, 5, 4, 3, 6, 1, 2, 48, 68, 34, 68, 0]"
j20,1,stnu,60,True,23,0.9602296352386475,0.026862621307373047,"[0, 0, 0, 0, 3, 4, 3, 3, 11, 5, 14, 5, 8, 7, 10, 12, 10, 14, 17, 11, 17, 0, 0, 0, 0, 23]","""[0, 1, 3, 1, 1, 1, 2, 6, 3, 2, 1, 3, 4, 3, 1, 5, 4, 3, 6, 1, 2, 48, 68, 34, 68, 0]"""
j20,1,proactive_quantile_0.9,60,False,inf,0.09573554992675781,inf,"[0, 0, 0, 0, 2, 3, 2, 2, 9, 4, 14, 4, 6, 5, 8, 11, 8, 14, 17, 9, 16, 0, 0, 0, 0, 67]","""[0, 2, 2, 3, 2, 2, 2, 3, 3, 1, 3, 2, 5, 2, 2, 3, 3, 3, 12, 2, 1, 48, 68, 34, 68, 0]"""
j20,1,reactive,60,False,inf,inf,inf,null,"[0, 2, 2, 3, 2, 2, 2, 3, 3, 1, 3, 2, 5, 2, 2, 3, 3, 3, 12, 2, 1, 48, 68, 34, 68, 0]"
j20,1,stnu,60,True,30,0.9589767456054688,0.026624679565429688,"[0, 0, 0, 0, 3, 5, 2, 3, 12, 7, 15, 7, 9, 8, 10, 14, 10, 15, 18, 12, 18, 0, 0, 0, 0, 30]","""[0, 2, 2, 3, 2, 2, 2, 3, 3, 1, 3, 2, 5, 2, 2, 3, 3, 3, 12, 2, 1, 48, 68, 34, 68, 0]"""
j20,1,proactive_quantile_0.9,60,False,inf,0.10120820999145508,inf,"[0, 0, 0, 0, 2, 3, 2, 2, 9, 4, 14, 4, 6, 5, 8, 11, 8, 14, 17, 9, 16, 0, 0, 0, 0, 67]","""[0, 2, 3, 3, 2, 2, 3, 7, 3, 1, 3, 2, 5, 3, 2, 4, 3, 3, 10, 2, 1, 48, 68, 34, 68, 0]"""
j20,1,reactive,60,False,inf,inf,inf,null,"[0, 2, 3, 3, 2, 2, 3, 7, 3, 1, 3, 2, 5, 3, 2, 4, 3, 3, 10, 2, 1, 48, 68, 34, 68, 0]"
j20,1,stnu,60,True,29,0.9504308700561523,0.02680826187133789,"[0, 0, 0, 0, 3, 5, 3, 3, 13, 7, 16, 7, 9, 8, 11, 15, 11, 16, 19, 13, 19, 0, 0, 0, 0, 29]","""[0, 2, 3, 3, 2, 2, 3, 7, 3, 1, 3, 2, 5, 3, 2, 4, 3, 3, 10, 2, 1, 48, 68, 34, 68, 0]"""
j20,1,proactive_quantile_0.9,60,False,inf,0.10786128044128418,inf,"[0, 0, 0, 0, 2, 3, 2, 2, 9, 4, 14, 4, 6, 5, 8, 11, 8, 14, 17, 9, 16, 0, 0, 0, 0, 67]","""[0, 2, 3, 1, 2, 1, 3, 3, 4, 2, 1, 1, 4, 1, 2, 4, 2, 1, 9, 3, 1, 48, 68, 34, 68, 0]"""
j20,1,reactive,60,False,inf,inf,inf,null,"[0, 2, 3, 1, 2, 1, 3, 3, 4, 2, 1, 1, 4, 1, 2, 4, 2, 1, 9, 3, 1, 48, 68, 34, 68, 0]"
j20,1,stnu,60,True,27,1.0919742584228516,0.026856422424316406,"[0, 0, 0, 0, 3, 5, 3, 3, 11, 6, 15, 6, 8, 8, 9, 14, 9, 15, 18, 11, 18, 0, 0, 0, 0, 27]","""[0, 2, 3, 1, 2, 1, 3, 3, 4, 2, 1, 1, 4, 1, 2, 4, 2, 1, 9, 3, 1, 48, 68, 34, 68, 0]"""
j20,1,proactive_quantile_0.9,60,False,inf,0.10518956184387207,inf,"[0, 0, 0, 0, 2, 3, 2, 2, 9, 4, 14, 4, 6, 5, 8, 11, 8, 14, 17, 9, 16, 0, 0, 0, 0, 67]","""[0, 2, 1, 3, 2, 1, 2, 4, 3, 2, 1, 1, 2, 2, 1, 4, 4, 1, 6, 1, 3, 48, 68, 34, 68, 0]"""
j20,1,reactive,60,False,inf,inf,inf,null,"[0, 2, 1, 3, 2, 1, 2, 4, 3, 2, 1, 1, 2, 2, 1, 4, 4, 1, 6, 1, 3, 48, 68, 34, 68, 0]"
j20,1,stnu,60,True,22,0.9583122730255127,0.026874065399169922,"[0, 0, 0, 0, 3, 5, 2, 3, 11, 6, 14, 6, 8, 8, 10, 12, 10, 14, 16, 11, 16, 0, 0, 0, 0, 22]","""[0, 2, 1, 3, 2, 1, 2, 4, 3, 2, 1, 1, 2, 2, 1, 4, 4, 1, 6, 1, 3, 48, 68, 34, 68, 0]"""
j20,1,proactive_quantile_0.9,60,False,inf,0.09949779510498047,inf,"[0, 0, 0, 0, 2, 3, 2, 2, 9, 4, 14, 4, 6, 5, 8, 11, 8, 14, 17, 9, 16, 0, 0, 0, 0, 67]","""[0, 1, 2, 2, 1, 2, 3, 5, 4, 1, 4, 3, 4, 3, 2, 3, 2, 1, 7, 2, 2, 48, 68, 34, 68, 0]"""
j20,1,reactive,60,False,inf,inf,inf,null,"[0, 1, 2, 2, 1, 2, 3, 5, 4, 1, 4, 3, 4, 3, 2, 3, 2, 1, 7, 2, 2, 48, 68, 34, 68, 0]"
j20,1,stnu,60,True,26,0.9741983413696289,0.02668905258178711,"[0, 0, 0, 0, 2, 3, 2, 2, 11, 5, 15, 5, 8, 6, 9, 13, 9, 15, 19, 11, 16, 0, 0, 0, 0, 26]","""[0, 1, 2, 2, 1, 2, 3, 5, 4, 1, 4, 3, 4, 3, 2, 3, 2, 1, 7, 2, 2, 48, 68, 34, 68, 0]"""
j20,1,proactive_quantile_0.9,60,False,inf,0.10013294219970703,inf,"[0, 0, 0, 0, 2, 3, 2, 2, 9, 4, 14, 4, 6, 5, 8, 11, 8, 14, 17, 9, 16, 0, 0, 0, 0, 67]","""[0, 2, 1, 1, 1, 1, 2, 4, 2, 1, 2, 3, 6, 1, 2, 6, 6, 2, 7, 1, 2, 48, 68, 34, 68, 0]"""
j20,1,reactive,60,False,inf,inf,inf,null,"[0, 2, 1, 1, 1, 1, 2, 4, 2, 1, 2, 3, 6, 1, 2, 6, 6, 2, 7, 1, 2, 48, 68, 34, 68, 0]"
j20,1,stnu,60,True,26,0.9653370380401611,0.02693963050842285,"[0, 0, 0, 0, 2, 3, 2, 1, 9, 4, 13, 4, 7, 5, 7, 13, 7, 13, 19, 9, 19, 0, 0, 0, 0, 26]","""[0, 2, 1, 1, 1, 1, 2, 4, 2, 1, 2, 3, 6, 1, 2, 6, 6, 2, 7, 1, 2, 48, 68, 34, 68, 0]"""
j20,1,proactive_quantile_0.9,60,False,inf,0.09968400001525879,inf,"[0, 0, 0, 0, 2, 3, 2, 2, 9, 4, 14, 4, 6, 5, 8, 11, 8, 14, 17, 9, 16, 0, 0, 0, 0, 67]","""[0, 2, 2, 1, 1, 2, 2, 2, 5, 1, 4, 1, 2, 3, 2, 5, 6, 3, 10, 1, 2, 48, 68, 34, 68, 0]"""
j20,1,reactive,60,False,inf,inf,inf,null,"[0, 2, 2, 1, 1, 2, 2, 2, 5, 1, 4, 1, 2, 3, 2, 5, 6, 3, 10, 1, 2, 48, 68, 34, 68, 0]"
j20,1,stnu,60,True,30,1.056732416152954,0.026696443557739258,"[0, 0, 0, 0, 2, 3, 2, 2, 11, 5, 16, 5, 6, 6, 9, 12, 9, 16, 20, 11, 19, 0, 0, 0, 0, 30]","""[0, 2, 2, 1, 1, 2, 2, 2, 5, 1, 4, 1, 2, 3, 2, 5, 6, 3, 10, 1, 2, 48, 68, 34, 68, 0]"""
j20,1,proactive_quantile_0.9,60,False,inf,0.09952592849731445,inf,"[0, 0, 0, 0, 2, 3, 2, 2, 9, 4, 14, 4, 6, 5, 8, 11, 8, 14, 17, 9, 16, 0, 0, 0, 0, 67]","""[0, 3, 2, 3, 1, 1, 2, 5, 4, 2, 1, 1, 5, 3, 2, 3, 6, 3, 10, 2, 2, 48, 68, 34, 68, 0]"""
j20,1,reactive,60,False,inf,inf,inf,null,"[0, 3, 2, 3, 1, 1, 2, 5, 4, 2, 1, 1, 5, 3, 2, 3, 6, 3, 10, 2, 2, 48, 68, 34, 68, 0]"
j20,1,stnu,60,True,29,0.944225549697876,0.02652430534362793,"[0, 0, 0, 0, 3, 4, 3, 3, 12, 5, 16, 5, 7, 7, 10, 14, 10, 16, 19, 12, 19, 0, 0, 0, 0, 29]","""[0, 3, 2, 3, 1, 1, 2, 5, 4, 2, 1, 1, 5, 3, 2, 3, 6, 3, 10, 2, 2, 48, 68, 34, 68, 0]"""
j20,1,proactive_quantile_0.9,60,True,37,0.1008610725402832,0.002866029739379883,"[0, 0, 0, 0, 3, 6, 15, 7, 14, 6, 9, 20, 9, 3, 16, 22, 15, 21, 23, 28, 23, 0, 0, 0, 0, 0, 0, 0, 0, 0, 0, 0, 0, 0, 0, 0, 0, 163]","""[0, 7, 3, 3, 3, 1, 5, 3, 8, 6, 3, 7, 5, 4, 2, 1, 1, 2, 2, 6, 8, 108, 138, 6, 44, 130, 164, 108, 55, 98, 153, 112, 26, 125, 110, 108, 124, 0]"""
j20,1,reactive,60,True,34,0.1008610725402832,0.5730800628662109,"[0, 0, 0, 0, 3, 6, 15, 7, 14, 6, 9, 20, 9, 3, 16, 22, 15, 21, 23, 28, 23, 0, 0, 0, 0, 0, 0, 0, 0, 0, 0, 0, 0, 0, 0, 0, 0, 34]","[0, 7, 3, 3, 3, 1, 5, 3, 8, 6, 3, 7, 5, 4, 2, 1, 1, 2, 2, 6, 8, 108, 138, 6, 44, 130, 164, 108, 55, 98, 153, 112, 26, 125, 110, 108, 124, 0]"
j20,1,stnu,60,False,inf,0.9636335372924805,inf,[],"""[0, 7, 3, 3, 3, 1, 5, 3, 8, 6, 3, 7, 5, 4, 2, 1, 1, 2, 2, 6, 8, 108, 138, 6, 44, 130, 164, 108, 55, 98, 153, 112, 26, 125, 110, 108, 124, 0]"""
j20,1,proactive_quantile_0.9,60,False,inf,0.10196208953857422,inf,"[0, 0, 0, 0, 3, 6, 15, 7, 14, 6, 9, 20, 9, 3, 16, 22, 15, 21, 23, 28, 23, 0, 0, 0, 0, 0, 0, 0, 0, 0, 0, 0, 0, 0, 0, 0, 0, 163]","""[0, 7, 2, 3, 2, 2, 6, 6, 8, 2, 5, 5, 8, 4, 3, 1, 1, 1, 1, 5, 7, 108, 138, 6, 44, 130, 164, 108, 55, 98, 153, 112, 26, 125, 110, 108, 124, 0]"""
j20,1,reactive,60,False,inf,inf,inf,null,"[0, 7, 2, 3, 2, 2, 6, 6, 8, 2, 5, 5, 8, 4, 3, 1, 1, 1, 1, 5, 7, 108, 138, 6, 44, 130, 164, 108, 55, 98, 153, 112, 26, 125, 110, 108, 124, 0]"
j20,1,stnu,60,False,inf,0.8846068382263184,inf,[],"""[0, 7, 2, 3, 2, 2, 6, 6, 8, 2, 5, 5, 8, 4, 3, 1, 1, 1, 1, 5, 7, 108, 138, 6, 44, 130, 164, 108, 55, 98, 153, 112, 26, 125, 110, 108, 124, 0]"""
j20,1,proactive_quantile_0.9,60,False,inf,0.10587382316589355,inf,"[0, 0, 0, 0, 3, 6, 15, 7, 14, 6, 9, 20, 9, 3, 16, 22, 15, 21, 23, 28, 23, 0, 0, 0, 0, 0, 0, 0, 0, 0, 0, 0, 0, 0, 0, 0, 0, 163]","""[0, 7, 1, 6, 2, 2, 3, 4, 8, 3, 6, 4, 8, 3, 6, 2, 2, 1, 3, 8, 6, 108, 138, 6, 44, 130, 164, 108, 55, 98, 153, 112, 26, 125, 110, 108, 124, 0]"""
j20,1,reactive,60,False,inf,inf,inf,null,"[0, 7, 1, 6, 2, 2, 3, 4, 8, 3, 6, 4, 8, 3, 6, 2, 2, 1, 3, 8, 6, 108, 138, 6, 44, 130, 164, 108, 55, 98, 153, 112, 26, 125, 110, 108, 124, 0]"
j20,1,stnu,60,False,inf,1.003648281097412,inf,[],"""[0, 7, 1, 6, 2, 2, 3, 4, 8, 3, 6, 4, 8, 3, 6, 2, 2, 1, 3, 8, 6, 108, 138, 6, 44, 130, 164, 108, 55, 98, 153, 112, 26, 125, 110, 108, 124, 0]"""
j20,1,proactive_quantile_0.9,60,False,inf,0.0987856388092041,inf,"[0, 0, 0, 0, 3, 3, 6, 1, 5, 5, 7, 10, 7, 3, 8, 8, 6, 10, 11, 18, 9, 0, 0, 0, 0, 0, 0, 0, 0, 0, 0, 0, 0, 0, 0, 0, 0, 163]","""[0, 2, 3, 1, 2, 3, 1, 2, 4, 2, 9, 2, 2, 1, 1, 2, 1, 2, 2, 10, 2, 108, 138, 6, 44, 130, 164, 108, 55, 98, 153, 112, 26, 125, 110, 108, 124, 0]"""
j20,1,reactive,60,False,inf,inf,inf,null,"[0, 2, 3, 1, 2, 3, 1, 2, 4, 2, 9, 2, 2, 1, 1, 2, 1, 2, 2, 10, 2, 108, 138, 6, 44, 130, 164, 108, 55, 98, 153, 112, 26, 125, 110, 108, 124, 0]"
j20,1,stnu,60,False,inf,0.915111780166626,inf,[],"""[0, 8, 3, 7, 2, 1, 2, 7, 8, 7, 2, 5, 8, 3, 5, 2, 1, 2, 2, 10, 6, 108, 138, 6, 44, 130, 164, 108, 55, 98, 153, 112, 26, 125, 110, 108, 124, 0]"""
j20,1,proactive_quantile_0.9,60,False,inf,0.09740138053894043,inf,"[0, 0, 0, 0, 3, 6, 15, 7, 14, 6, 9, 20, 9, 3, 16, 22, 15, 21, 23, 28, 23, 0, 0, 0, 0, 0, 0, 0, 0, 0, 0, 0, 0, 0, 0, 0, 0, 163]","""[0, 8, 1, 4, 3, 3, 2, 8, 5, 6, 5, 8, 7, 7, 5, 2, 2, 2, 3, 7, 7, 108, 138, 6, 44, 130, 164, 108, 55, 98, 153, 112, 26, 125, 110, 108, 124, 0]"""
j20,1,reactive,60,False,inf,inf,inf,null,"[0, 8, 1, 4, 3, 3, 2, 8, 5, 6, 5, 8, 7, 7, 5, 2, 2, 2, 3, 7, 7, 108, 138, 6, 44, 130, 164, 108, 55, 98, 153, 112, 26, 125, 110, 108, 124, 0]"
j20,1,stnu,60,False,inf,0.896367073059082,inf,[],"""[0, 8, 1, 4, 3, 3, 2, 8, 5, 6, 5, 8, 7, 7, 5, 2, 2, 2, 3, 7, 7, 108, 138, 6, 44, 130, 164, 108, 55, 98, 153, 112, 26, 125, 110, 108, 124, 0]"""
j20,1,proactive_quantile_0.9,60,True,37,0.09593367576599121,0.0029685497283935547,"[0, 0, 0, 0, 3, 6, 15, 7, 14, 6, 9, 20, 9, 3, 16, 22, 15, 21, 23, 28, 23, 0, 0, 0, 0, 0, 0, 0, 0, 0, 0, 0, 0, 0, 0, 0, 0, 163]","""[0, 8, 1, 3, 2, 3, 6, 5, 5, 3, 4, 9, 7, 4, 2, 2, 2, 2, 3, 9, 12, 108, 138, 6, 44, 130, 164, 108, 55, 98, 153, 112, 26, 125, 110, 108, 124, 0]"""
j20,1,reactive,60,False,inf,inf,inf,null,"[0, 8, 1, 3, 2, 3, 6, 5, 5, 3, 4, 9, 7, 4, 2, 2, 2, 2, 3, 9, 12, 108, 138, 6, 44, 130, 164, 108, 55, 98, 153, 112, 26, 125, 110, 108, 124, 0]"
j20,1,stnu,60,False,inf,0.891533374786377,inf,[],"""[0, 8, 1, 3, 2, 3, 6, 5, 5, 3, 4, 9, 7, 4, 2, 2, 2, 2, 3, 9, 12, 108, 138, 6, 44, 130, 164, 108, 55, 98, 153, 112, 26, 125, 110, 108, 124, 0]"""
j20,1,proactive_quantile_0.9,60,False,inf,0.10250067710876465,inf,"[0, 0, 0, 0, 3, 6, 15, 7, 14, 6, 9, 20, 9, 3, 16, 22, 15, 21, 23, 28, 23, 0, 0, 0, 0, 0, 0, 0, 0, 0, 0, 0, 0, 0, 0, 0, 0, 163]","""[0, 6, 3, 6, 3, 4, 3, 5, 5, 6, 6, 5, 4, 7, 6, 1, 3, 1, 2, 10, 12, 108, 138, 6, 44, 130, 164, 108, 55, 98, 153, 112, 26, 125, 110, 108, 124, 0]"""
j20,1,reactive,60,False,inf,inf,inf,null,"[0, 6, 3, 6, 3, 4, 3, 5, 5, 6, 6, 5, 4, 7, 6, 1, 3, 1, 2, 10, 12, 108, 138, 6, 44, 130, 164, 108, 55, 98, 153, 112, 26, 125, 110, 108, 124, 0]"
j20,1,stnu,60,False,inf,0.8973145484924316,inf,[],"""[0, 6, 3, 6, 3, 4, 3, 5, 5, 6, 6, 5, 4, 7, 6, 1, 3, 1, 2, 10, 12, 108, 138, 6, 44, 130, 164, 108, 55, 98, 153, 112, 26, 125, 110, 108, 124, 0]"""
j20,1,proactive_quantile_0.9,60,False,inf,0.10037755966186523,inf,"[0, 0, 0, 0, 3, 6, 15, 7, 14, 6, 9, 20, 9, 3, 16, 22, 15, 21, 23, 28, 23, 0, 0, 0, 0, 0, 0, 0, 0, 0, 0, 0, 0, 0, 0, 0, 0, 163]","""[0, 5, 1, 4, 2, 4, 6, 5, 9, 4, 6, 8, 3, 6, 6, 1, 3, 1, 1, 10, 11, 108, 138, 6, 44, 130, 164, 108, 55, 98, 153, 112, 26, 125, 110, 108, 124, 0]"""
j20,1,reactive,60,False,inf,inf,inf,null,"[0, 5, 1, 4, 2, 4, 6, 5, 9, 4, 6, 8, 3, 6, 6, 1, 3, 1, 1, 10, 11, 108, 138, 6, 44, 130, 164, 108, 55, 98, 153, 112, 26, 125, 110, 108, 124, 0]"
j20,1,stnu,60,False,inf,0.9122483730316162,inf,[],"""[0, 5, 1, 4, 2, 4, 6, 5, 9, 4, 6, 8, 3, 6, 6, 1, 3, 1, 1, 10, 11, 108, 138, 6, 44, 130, 164, 108, 55, 98, 153, 112, 26, 125, 110, 108, 124, 0]"""
j20,1,proactive_quantile_0.9,60,False,inf,0.09786295890808105,inf,"[0, 0, 0, 0, 3, 6, 15, 7, 14, 6, 9, 20, 9, 3, 16, 22, 15, 21, 23, 28, 23, 0, 0, 0, 0, 0, 0, 0, 0, 0, 0, 0, 0, 0, 0, 0, 0, 163]","""[0, 4, 3, 6, 3, 4, 2, 6, 4, 5, 2, 4, 6, 6, 5, 1, 2, 2, 3, 6, 12, 108, 138, 6, 44, 130, 164, 108, 55, 98, 153, 112, 26, 125, 110, 108, 124, 0]"""
j20,1,reactive,60,False,inf,inf,inf,null,"[0, 4, 3, 6, 3, 4, 2, 6, 4, 5, 2, 4, 6, 6, 5, 1, 2, 2, 3, 6, 12, 108, 138, 6, 44, 130, 164, 108, 55, 98, 153, 112, 26, 125, 110, 108, 124, 0]"
j20,1,stnu,60,False,inf,0.8897984027862549,inf,[],"""[0, 4, 3, 6, 3, 4, 2, 6, 4, 5, 2, 4, 6, 6, 5, 1, 2, 2, 3, 6, 12, 108, 138, 6, 44, 130, 164, 108, 55, 98, 153, 112, 26, 125, 110, 108, 124, 0]"""
j20,1,proactive_quantile_0.9,60,False,inf,0.09935903549194336,inf,"[0, 0, 0, 0, 3, 6, 15, 7, 14, 6, 9, 20, 9, 3, 16, 22, 15, 21, 23, 28, 23, 0, 0, 0, 0, 0, 0, 0, 0, 0, 0, 0, 0, 0, 0, 0, 0, 163]","""[0, 3, 1, 3, 2, 4, 6, 6, 8, 2, 6, 5, 3, 2, 3, 1, 3, 1, 2, 6, 7, 108, 138, 6, 44, 130, 164, 108, 55, 98, 153, 112, 26, 125, 110, 108, 124, 0]"""
j20,1,reactive,60,False,inf,inf,inf,null,"[0, 3, 1, 3, 2, 4, 6, 6, 8, 2, 6, 5, 3, 2, 3, 1, 3, 1, 2, 6, 7, 108, 138, 6, 44, 130, 164, 108, 55, 98, 153, 112, 26, 125, 110, 108, 124, 0]"
j20,1,stnu,60,False,inf,0.8999693393707275,inf,[],"""[0, 3, 1, 3, 2, 4, 6, 6, 8, 2, 6, 5, 3, 2, 3, 1, 3, 1, 2, 6, 7, 108, 138, 6, 44, 130, 164, 108, 55, 98, 153, 112, 26, 125, 110, 108, 124, 0]"""
