instance_folder,noise_factor,method,time_limit,feasibility,obj,time_offline,time_online,start_times,real_durations
Fattahi_setup_20,2.0,reactive_quantile_0.9,5,True,1268,2093.948648452759,261.81409335136414,"[0, 219, 235, 425, 287, 364, 467, 761, 0, 101, 280, 405, 0, 77, 431, 887, 116, 105, 283, 306, 0, 140, 394, 1162, 0, 254, 372, 522, 0, 254, 452, 624, 0, 181, 362, 694, 0, 237, 479, 926, 0, 419, 767, 796, 0, 477, 596, 950]",null
Fattahi_setup_20,2.0,reactive_quantile_0.9,5,True,1283,2083.638939142227,262.70960211753845,"[0, 273, 431, 432, 148, 500, 472, 868, 0, 101, 195, 354, 0, 147, 286, 491, 0, 126, 166, 237, 0, 395, 1042, 1177, 0, 163, 276, 738, 0, 258, 517, 673, 0, 285, 495, 732, 0, 275, 482, 712, 90, 218, 466, 518, 80, 389, 718, 946]",null
Fattahi_setup_20,2.0,reactive_quantile_0.9,5,True,1239,2101.106258869171,263.5467936992645,"[0, 83, 206, 578, 0, 337, 441, 544, 0, 52, 265, 376, 0, 56, 240, 448, 0, 106, 162, 241, 383, 583, 710, 1138, 0, 427, 486, 1118, 0, 217, 426, 581, 0, 453, 853, 795, 0, 252, 465, 657, 138, 632, 680, 979, 0, 324, 567, 736]",null
Fattahi_setup_20,2.0,reactive_quantile_0.9,5,True,1277,2054.29225730896,265.17271184921265,"[0, 106, 242, 418, 0, 389, 502, 894, 0, 62, 278, 325, 0, 59, 286, 504, 0, 109, 147, 213, 279, 740, 1003, 1168, 0, 309, 289, 825, 0, 263, 473, 699, 79, 143, 420, 644, 0, 270, 485, 708, 0, 148, 338, 729, 73, 442, 650, 868]",null
Fattahi_setup_20,2.0,reactive_quantile_0.9,5,True,1378,2059.511744737625,261.6120011806488,"[0, 192, 229, 557, 0, 445, 431, 440, 0, 54, 289, 307, 0, 104, 280, 662, 0, 260, 266, 291, 0, 415, 999, 1187, 285, 207, 303, 718, 0, 220, 416, 706, 69, 608, 816, 986, 0, 281, 562, 1219, 0, 234, 370, 738, 0, 386, 688, 773]",null
