instance_folder,noise_factor,method,time_limit,feasibility,obj,time_offline,time_online,start_times,real_durations
j10,2,proactive_quantile_0.75,60,True,16,0.3967399597167969,0.0006794929504394531,"[0, 0, 0, 0, 2, 4, 4, 10, 14, 6, 2, 0, 0, 0, 0, 0, 0, 0, 68]","""[0, 2, 3, 1, 1, 7, 3, 1, 1, 1, 9, 46, 15, 23, 34, 69, 49, 65, 0]"""
j10,2,reactive,60,False,inf,inf,inf,null,"[0, 2, 3, 1, 1, 7, 3, 1, 1, 1, 9, 46, 15, 23, 34, 69, 49, 65, 0]"
j10,2,stnu,60,True,30,2.241222381591797,0.012140989303588867,"[0, 0, 0, 0, 7, 15, 12, 20, 25, 16, 7, 0, 0, 0, 0, 0, 0, 0, 30]","""[0, 6, 12, 7, 6, 5, 3, 5, 5, 2, 9, 46, 15, 23, 34, 69, 49, 65, 0]"""
j10,2,proactive_quantile_0.75,60,True,35,0.04701590538024902,0.0006992816925048828,"[0, 0, 0, 0, 9, 16, 10, 25, 31, 16, 9, 0, 0, 0, 0, 0, 0, 0, 68]","""[0, 8, 7, 1, 3, 1, 1, 1, 1, 1, 2, 46, 15, 23, 34, 69, 49, 65, 0]"""
j10,2,reactive,60,True,32,0.04701590538024902,0.14168357849121094,"[0, 0, 0, 0, 9, 16, 10, 25, 31, 16, 9, 0, 0, 0, 0, 0, 0, 0, 32]","[0, 8, 7, 1, 3, 1, 1, 1, 1, 1, 2, 46, 15, 23, 34, 69, 49, 65, 0]"
j10,2,stnu,60,True,14,0.6694173812866211,0.011966943740844727,"[0, 0, 0, 0, 8, 11, 8, 12, 13, 11, 1, 0, 0, 0, 0, 0, 0, 0, 14]","""[0, 8, 7, 1, 3, 1, 1, 1, 1, 1, 2, 46, 15, 23, 34, 69, 49, 65, 0]"""
j10,2,proactive_quantile_0.75,60,True,35,0.0395660400390625,0.0007338523864746094,"[0, 0, 0, 0, 9, 16, 10, 25, 31, 16, 9, 0, 0, 0, 0, 0, 0, 0, 68]","""[0, 6, 8, 12, 10, 4, 3, 4, 2, 1, 6, 46, 15, 23, 34, 69, 49, 65, 0]"""
j10,2,reactive,60,False,inf,inf,inf,null,"[0, 6, 8, 12, 10, 4, 3, 4, 2, 1, 6, 46, 15, 23, 34, 69, 49, 65, 0]"
j10,2,stnu,60,True,32,0.642441987991333,0.011290311813354492,"[0, 0, 0, 0, 12, 22, 12, 26, 30, 22, 12, 0, 0, 0, 0, 0, 0, 0, 32]","""[0, 6, 8, 12, 10, 4, 3, 4, 2, 1, 6, 46, 15, 23, 34, 69, 49, 65, 0]"""
j10,2,proactive_quantile_0.75,60,True,35,0.04895305633544922,0.0007238388061523438,"[0, 0, 0, 0, 9, 16, 10, 25, 31, 16, 9, 0, 0, 0, 0, 0, 0, 0, 68]","""[0, 3, 13, 5, 6, 1, 3, 8, 3, 1, 5, 46, 15, 23, 34, 69, 49, 65, 0]"""
j10,2,reactive,60,False,inf,inf,inf,null,"[0, 3, 13, 5, 6, 1, 3, 8, 3, 1, 5, 46, 15, 23, 34, 69, 49, 65, 0]"
j10,2,stnu,60,True,28,0.7820971012115479,0.011275768280029297,"[0, 0, 0, 0, 5, 16, 13, 17, 25, 16, 5, 0, 0, 0, 0, 0, 0, 0, 28]","""[0, 3, 13, 5, 6, 1, 3, 8, 3, 1, 5, 46, 15, 23, 34, 69, 49, 65, 0]"""
j10,2,proactive_quantile_0.75,60,True,35,0.054047346115112305,0.0006990432739257812,"[0, 0, 0, 0, 9, 16, 10, 25, 31, 16, 9, 0, 0, 0, 0, 0, 0, 0, 68]","""[0, 1, 3, 10, 1, 1, 3, 2, 4, 2, 6, 46, 15, 23, 34, 69, 49, 65, 0]"""
j10,2,reactive,60,False,inf,inf,inf,null,"[0, 1, 3, 10, 1, 1, 3, 2, 4, 2, 6, 46, 15, 23, 34, 69, 49, 65, 0]"
j10,2,stnu,60,True,24,0.7640800476074219,0.011374711990356445,"[0, 0, 0, 0, 10, 13, 10, 18, 20, 16, 10, 0, 0, 0, 0, 0, 0, 0, 24]","""[0, 1, 3, 10, 1, 1, 3, 2, 4, 2, 6, 46, 15, 23, 34, 69, 49, 65, 0]"""
j10,2,proactive_quantile_0.75,60,True,18,0.07210612297058105,0.0007045269012451172,"[0, 0, 0, 0, 2, 4, 4, 10, 16, 6, 4, 0, 0, 0, 0, 0, 0, 0, 68]","""[0, 2, 2, 1, 1, 9, 2, 8, 3, 3, 2, 46, 15, 23, 34, 69, 49, 65, 0]"""
j10,2,reactive,60,False,inf,inf,inf,null,"[0, 2, 2, 1, 1, 9, 2, 8, 3, 3, 2, 46, 15, 23, 34, 69, 49, 65, 0]"
j10,2,stnu,60,True,33,0.5752568244934082,0.011385917663574219,"[0, 0, 0, 0, 11, 18, 11, 23, 31, 20, 11, 0, 0, 0, 0, 0, 0, 0, 33]","""[0, 4, 6, 11, 7, 2, 3, 8, 2, 3, 9, 46, 15, 23, 34, 69, 49, 65, 0]"""
j10,2,proactive_quantile_0.75,60,True,35,0.05147600173950195,0.0007429122924804688,"[0, 0, 0, 0, 9, 16, 10, 25, 31, 16, 9, 0, 0, 0, 0, 0, 0, 0, 68]","""[0, 4, 8, 12, 4, 5, 2, 3, 5, 2, 9, 46, 15, 23, 34, 69, 49, 65, 0]"""
j10,2,reactive,60,False,inf,inf,inf,null,"[0, 4, 8, 12, 4, 5, 2, 3, 5, 2, 9, 46, 15, 23, 34, 69, 49, 65, 0]"
j10,2,stnu,60,True,31,0.6474602222442627,0.011270284652709961,"[0, 0, 0, 0, 12, 16, 12, 23, 26, 21, 12, 0, 0, 0, 0, 0, 0, 0, 31]","""[0, 4, 8, 12, 4, 5, 2, 3, 5, 2, 9, 46, 15, 23, 34, 69, 49, 65, 0]"""
j10,2,proactive_quantile_0.75,60,True,35,0.05201268196105957,0.0007126331329345703,"[0, 0, 0, 0, 9, 16, 10, 25, 31, 16, 9, 0, 0, 0, 0, 0, 0, 0, 68]","""[0, 7, 7, 2, 7, 12, 3, 4, 4, 1, 1, 46, 15, 23, 34, 69, 49, 65, 0]"""
j10,2,reactive,60,False,inf,inf,inf,null,"[0, 7, 7, 2, 7, 12, 3, 4, 4, 1, 1, 46, 15, 23, 34, 69, 49, 65, 0]"
j10,2,stnu,60,True,34,0.673861026763916,0.01122903823852539,"[0, 0, 0, 0, 7, 14, 7, 26, 30, 14, 2, 0, 0, 0, 0, 0, 0, 0, 34]","""[0, 7, 7, 2, 7, 12, 3, 4, 4, 1, 1, 46, 15, 23, 34, 69, 49, 65, 0]"""
j10,2,proactive_quantile_0.75,60,True,35,0.058652639389038086,0.0007436275482177734,"[0, 0, 0, 0, 9, 16, 10, 25, 31, 16, 9, 0, 0, 0, 0, 0, 0, 0, 68]","""[0, 8, 10, 9, 8, 10, 1, 6, 5, 2, 2, 46, 15, 23, 34, 69, 49, 65, 0]"""
j10,2,reactive,60,False,inf,inf,inf,null,"[0, 8, 10, 9, 8, 10, 1, 6, 5, 2, 2, 46, 15, 23, 34, 69, 49, 65, 0]"
j10,2,stnu,60,True,38,0.70644211769104,0.011289358139038086,"[0, 0, 0, 0, 9, 17, 10, 27, 33, 17, 9, 0, 0, 0, 0, 0, 0, 0, 38]","""[0, 8, 10, 9, 8, 10, 1, 6, 5, 2, 2, 46, 15, 23, 34, 69, 49, 65, 0]"""
j10,2,proactive_quantile_0.75,60,True,35,0.07218766212463379,0.0007114410400390625,"[0, 0, 0, 0, 9, 16, 10, 25, 31, 16, 9, 0, 0, 0, 0, 0, 0, 0, 68]","""[0, 3, 3, 2, 7, 5, 1, 5, 3, 1, 2, 46, 15, 23, 34, 69, 49, 65, 0]"""
j10,2,reactive,60,True,34,0.07218766212463379,0.13013911247253418,"[0, 0, 0, 0, 9, 16, 10, 25, 31, 16, 9, 0, 0, 0, 0, 0, 0, 0, 34]","[0, 3, 3, 2, 7, 5, 1, 5, 3, 1, 2, 46, 15, 23, 34, 69, 49, 65, 0]"
j10,2,stnu,60,True,23,0.6285779476165771,0.011263847351074219,"[0, 0, 0, 0, 3, 10, 3, 15, 20, 10, 2, 0, 0, 0, 0, 0, 0, 0, 23]","""[0, 3, 3, 2, 7, 5, 1, 5, 3, 1, 2, 46, 15, 23, 34, 69, 49, 65, 0]"""
j10,2,proactive_quantile_0.75,60,False,inf,0.13179993629455566,inf,"[0, 0, 0, 4, 7, 10, 8, 16, 24, 22, 24, 0, 41]","""[0, 7, 6, 6, 4, 1, 8, 6, 6, 3, 15, 42, 0]"""
j10,2,reactive,60,False,inf,inf,inf,null,"[0, 7, 6, 6, 4, 1, 8, 6, 6, 3, 15, 42, 0]"
j10,2,stnu,60,True,44,0.682995080947876,0.005951404571533203,"[0, 0, 0, 6, 7, 12, 12, 20, 29, 26, 29, 0, 44]","""[0, 7, 6, 6, 4, 1, 8, 6, 6, 3, 15, 42, 0]"""
j10,2,proactive_quantile_0.75,60,False,inf,0.056601762771606445,inf,"[0, 0, 0, 4, 7, 10, 8, 16, 24, 22, 24, 0, 41]","""[0, 1, 2, 5, 4, 1, 5, 1, 7, 2, 12, 42, 0]"""
j10,2,reactive,60,False,inf,inf,inf,null,"[0, 1, 2, 5, 4, 1, 5, 1, 7, 2, 12, 42, 0]"
j10,2,stnu,60,True,27,0.6810147762298584,0.005997419357299805,"[0, 0, 0, 2, 2, 7, 7, 12, 15, 13, 15, 0, 27]","""[0, 1, 2, 5, 4, 1, 5, 1, 7, 2, 12, 42, 0]"""
j10,2,proactive_quantile_0.75,60,False,inf,0.04867434501647949,inf,"[0, 0, 0, 4, 7, 10, 8, 16, 24, 22, 24, 0, 41]","""[0, 4, 6, 4, 3, 5, 6, 7, 3, 1, 4, 42, 0]"""
j10,2,reactive,60,False,inf,inf,inf,null,"[0, 4, 6, 4, 3, 5, 6, 7, 3, 1, 4, 42, 0]"
j10,2,stnu,60,True,28,0.6017639636993408,0.005974292755126953,"[0, 0, 0, 6, 6, 10, 10, 16, 24, 23, 24, 0, 28]","""[0, 4, 6, 4, 3, 5, 6, 7, 3, 1, 4, 42, 0]"""
j10,2,proactive_quantile_0.75,60,False,inf,0.04973340034484863,inf,"[0, 0, 6, 0, 11, 17, 11, 23, 20, 32, 32, 0, 41]","""[0, 4, 9, 7, 5, 7, 6, 12, 11, 4, 6, 42, 0]"""
j10,2,reactive,60,False,inf,inf,inf,null,"[0, 4, 9, 7, 5, 7, 6, 12, 11, 4, 6, 42, 0]"
j10,2,stnu,60,True,30,0.6404540538787842,0.006001472473144531,"[0, 0, 0, 6, 6, 8, 8, 15, 20, 18, 20, 0, 30]","""[0, 6, 6, 2, 1, 7, 3, 3, 2, 2, 10, 42, 0]"""
j10,2,proactive_quantile_0.75,60,False,inf,0.05738639831542969,inf,"[0, 0, 0, 4, 7, 10, 8, 16, 24, 22, 24, 0, 41]","""[0, 6, 6, 1, 4, 2, 6, 1, 10, 3, 9, 42, 0]"""
j10,2,reactive,60,False,inf,inf,inf,null,"[0, 6, 6, 1, 4, 2, 6, 1, 10, 3, 9, 42, 0]"
j10,2,stnu,60,True,27,0.6011097431182861,0.005941867828369141,"[0, 0, 0, 6, 6, 10, 7, 13, 17, 14, 17, 0, 27]","""[0, 6, 6, 1, 4, 2, 6, 1, 10, 3, 9, 42, 0]"""
j10,2,proactive_quantile_0.75,60,False,inf,0.04502749443054199,inf,"[0, 0, 0, 4, 7, 10, 8, 16, 24, 22, 24, 0, 41]","""[0, 4, 2, 2, 3, 6, 1, 8, 7, 2, 7, 42, 0]"""
j10,2,reactive,60,False,inf,inf,inf,null,"[0, 4, 2, 2, 3, 6, 1, 8, 7, 2, 7, 42, 0]"
j10,2,stnu,60,True,46,0.5820598602294922,0.005849599838256836,"[0, 0, 7, 0, 10, 13, 10, 22, 22, 36, 28, 0, 46]","""[0, 10, 2, 7, 3, 6, 12, 6, 14, 10, 7, 42, 0]"""
j10,2,proactive_quantile_0.75,60,False,inf,0.058429718017578125,inf,"[0, 0, 0, 4, 7, 10, 8, 16, 24, 22, 24, 0, 41]","""[0, 4, 5, 6, 3, 2, 7, 2, 12, 3, 6, 42, 0]"""
j10,2,reactive,60,False,inf,inf,inf,null,"[0, 4, 5, 6, 3, 2, 7, 2, 12, 3, 6, 42, 0]"
j10,2,stnu,60,True,35,0.5817437171936035,0.0059185028076171875,"[0, 0, 0, 5, 5, 11, 11, 18, 23, 20, 23, 0, 35]","""[0, 4, 5, 6, 3, 2, 7, 2, 12, 3, 6, 42, 0]"""
j10,2,proactive_quantile_0.75,60,True,35,0.13911199569702148,0.000263214111328125,"[0, 0, 0, 4, 7, 10, 8, 16, 24, 22, 24, 0, 41]","""[0, 7, 3, 1, 4, 1, 9, 6, 7, 2, 5, 42, 0]"""
j10,2,reactive,60,False,inf,inf,inf,null,"[0, 7, 3, 1, 4, 1, 9, 6, 7, 2, 5, 42, 0]"
j10,2,stnu,60,True,31,0.5963802337646484,0.005975484848022461,"[0, 0, 0, 3, 7, 11, 7, 16, 24, 22, 24, 0, 31]","""[0, 7, 3, 1, 4, 1, 9, 6, 7, 2, 5, 42, 0]"""
j10,2,proactive_quantile_0.75,60,False,inf,0.0511629581451416,inf,"[0, 0, 6, 0, 11, 17, 11, 23, 20, 32, 32, 0, 41]","""[0, 4, 8, 7, 1, 1, 1, 9, 15, 5, 7, 42, 0]"""
j10,2,reactive,60,False,inf,inf,inf,null,"[0, 4, 8, 7, 1, 1, 1, 9, 15, 5, 7, 42, 0]"
j10,2,stnu,60,True,39,0.5779132843017578,0.005881309509277344,"[0, 0, 7, 0, 13, 16, 13, 17, 17, 32, 26, 0, 39]","""[0, 4, 6, 7, 3, 1, 1, 9, 15, 4, 13, 42, 0]"""
j10,2,proactive_quantile_0.75,60,False,inf,0.08764171600341797,inf,"[0, 0, 6, 0, 11, 17, 11, 23, 20, 32, 32, 0, 41]","""[0, 10, 6, 4, 2, 7, 6, 2, 10, 5, 12, 42, 0]"""
j10,2,reactive,60,False,inf,inf,inf,null,"[0, 10, 6, 4, 2, 7, 6, 2, 10, 5, 12, 42, 0]"
j10,2,stnu,60,True,35,0.6400902271270752,0.005923032760620117,"[0, 0, 0, 3, 7, 10, 9, 17, 23, 22, 23, 0, 35]","""[0, 7, 3, 6, 3, 7, 2, 5, 12, 1, 3, 42, 0]"""
j10,2,proactive_quantile_0.75,60,False,inf,0.2254045009613037,inf,"[0, 0, 0, 2, 2, 4, 8, 10, 14, 15, 6, 0, 0, 0, 0, 0, 0, 0, 0, 0, 69]","""[0, 3, 3, 1, 2, 4, 1, 3, 9, 8, 5, 70, 66, 45, 53, 15, 50, 37, 70, 33, 0]"""
j10,2,reactive,60,False,inf,inf,inf,null,"[0, 3, 3, 1, 2, 4, 1, 3, 9, 8, 5, 70, 66, 45, 53, 15, 50, 37, 70, 33, 0]"
j10,2,stnu,60,True,21,0.7981431484222412,0.013782739639282227,"[0, 0, 0, 3, 3, 5, 9, 9, 12, 9, 5, 0, 0, 0, 0, 0, 0, 0, 0, 0, 21]","""[0, 3, 3, 1, 2, 4, 1, 3, 9, 7, 5, 70, 66, 45, 53, 15, 50, 37, 70, 33, 0]"""
j10,2,proactive_quantile_0.75,60,False,inf,0.06037449836730957,inf,"[0, 0, 6, 0, 8, 10, 18, 14, 28, 14, 14, 0, 0, 0, 0, 0, 0, 0, 0, 0, 69]","""[0, 8, 2, 3, 1, 5, 13, 5, 7, 3, 7, 70, 66, 45, 53, 15, 50, 37, 70, 33, 0]"""
j10,2,reactive,60,False,inf,inf,inf,null,"[0, 8, 2, 3, 1, 5, 13, 5, 7, 3, 7, 70, 66, 45, 53, 15, 50, 37, 70, 33, 0]"
j10,2,stnu,60,True,21,0.706195592880249,0.01367950439453125,"[0, 0, 0, 3, 3, 4, 7, 7, 14, 7, 14, 0, 0, 0, 0, 0, 0, 0, 0, 0, 21]","""[0, 3, 2, 11, 1, 3, 5, 2, 3, 5, 7, 70, 66, 45, 53, 15, 50, 37, 70, 33, 0]"""
j10,2,proactive_quantile_0.75,60,False,inf,0.06316542625427246,inf,"[0, 0, 6, 0, 8, 10, 18, 14, 28, 14, 14, 0, 0, 0, 0, 0, 0, 0, 0, 0, 69]","""[0, 8, 2, 4, 1, 6, 8, 4, 13, 3, 1, 70, 66, 45, 53, 15, 50, 37, 70, 33, 0]"""
j10,2,reactive,60,False,inf,inf,inf,null,"[0, 8, 2, 4, 1, 6, 8, 4, 13, 3, 1, 70, 66, 45, 53, 15, 50, 37, 70, 33, 0]"
j10,2,stnu,60,True,28,0.6384387016296387,0.014149904251098633,"[0, 2, 0, 0, 5, 6, 8, 8, 17, 8, 5, 0, 0, 0, 0, 0, 0, 0, 0, 0, 28]","""[0, 3, 2, 2, 1, 2, 9, 3, 11, 7, 1, 70, 66, 45, 53, 15, 50, 37, 70, 33, 0]"""
j10,2,proactive_quantile_0.75,60,False,inf,0.15668129920959473,inf,"[0, 0, 6, 0, 8, 10, 18, 14, 28, 14, 14, 0, 0, 0, 0, 0, 0, 0, 0, 0, 69]","""[0, 8, 2, 1, 1, 2, 4, 3, 13, 4, 7, 70, 66, 45, 53, 15, 50, 37, 70, 33, 0]"""
j10,2,reactive,60,False,inf,inf,inf,null,"[0, 8, 2, 1, 1, 2, 4, 3, 13, 4, 7, 70, 66, 45, 53, 15, 50, 37, 70, 33, 0]"
j10,2,stnu,60,True,23,0.6479270458221436,0.01403188705444336,"[0, 2, 0, 0, 5, 6, 8, 8, 20, 12, 5, 0, 0, 0, 0, 0, 0, 0, 0, 0, 23]","""[0, 3, 2, 2, 1, 2, 3, 3, 3, 8, 7, 70, 66, 45, 53, 15, 50, 37, 70, 33, 0]"""
j10,2,proactive_quantile_0.75,60,True,25,0.14981555938720703,0.0009815692901611328,"[0, 0, 0, 4, 2, 4, 8, 13, 16, 8, 6, 0, 0, 0, 0, 0, 0, 0, 0, 0, 69]","""[0, 2, 2, 3, 2, 3, 2, 1, 12, 7, 8, 70, 66, 45, 53, 15, 50, 37, 70, 33, 0]"""
j10,2,reactive,60,False,inf,inf,inf,null,"[0, 2, 2, 3, 2, 3, 2, 1, 12, 7, 8, 70, 66, 45, 53, 15, 50, 37, 70, 33, 0]"
j10,2,stnu,60,True,13,0.848228931427002,0.013753175735473633,"[0, 0, 0, 2, 2, 4, 6, 6, 10, 6, 4, 0, 0, 0, 0, 0, 0, 0, 0, 0, 13]","""[0, 2, 2, 2, 2, 2, 2, 1, 2, 7, 6, 70, 66, 45, 53, 15, 50, 37, 70, 33, 0]"""
j10,2,proactive_quantile_0.75,60,False,inf,0.05490517616271973,inf,"[0, 0, 6, 0, 8, 10, 18, 14, 28, 14, 14, 0, 0, 0, 0, 0, 0, 0, 0, 0, 69]","""[0, 7, 2, 3, 1, 1, 11, 2, 13, 6, 3, 70, 66, 45, 53, 15, 50, 37, 70, 33, 0]"""
j10,2,reactive,60,False,inf,inf,inf,null,"[0, 7, 2, 3, 1, 1, 11, 2, 13, 6, 3, 70, 66, 45, 53, 15, 50, 37, 70, 33, 0]"
j10,2,stnu,60,True,16,0.8308291435241699,0.013650178909301758,"[0, 0, 0, 2, 2, 3, 8, 8, 11, 8, 6, 0, 0, 0, 0, 0, 0, 0, 0, 0, 16]","""[0, 1, 2, 4, 1, 5, 1, 3, 5, 3, 3, 70, 66, 45, 53, 15, 50, 37, 70, 33, 0]"""
j10,2,proactive_quantile_0.75,60,False,inf,0.0523991584777832,inf,"[0, 0, 6, 0, 8, 10, 18, 14, 28, 14, 14, 0, 0, 0, 0, 0, 0, 0, 0, 0, 69]","""[0, 4, 3, 4, 2, 5, 12, 6, 6, 2, 4, 70, 66, 45, 53, 15, 50, 37, 70, 33, 0]"""
j10,2,reactive,60,False,inf,inf,inf,null,"[0, 4, 3, 4, 2, 5, 12, 6, 6, 2, 4, 70, 66, 45, 53, 15, 50, 37, 70, 33, 0]"
j10,2,stnu,60,True,24,0.6398138999938965,0.014234781265258789,"[0, 3, 0, 0, 4, 6, 9, 9, 16, 9, 4, 0, 0, 0, 0, 0, 0, 0, 0, 0, 24]","""[0, 1, 3, 2, 2, 3, 7, 3, 8, 1, 4, 70, 66, 45, 53, 15, 50, 37, 70, 33, 0]"""
j10,2,proactive_quantile_0.75,60,False,inf,0.05547904968261719,inf,"[0, 0, 6, 0, 8, 10, 18, 14, 28, 14, 14, 0, 0, 0, 0, 0, 0, 0, 0, 0, 69]","""[0, 1, 3, 4, 2, 5, 5, 3, 13, 3, 1, 70, 66, 45, 53, 15, 50, 37, 70, 33, 0]"""
j10,2,reactive,60,False,inf,inf,inf,null,"[0, 1, 3, 4, 2, 5, 5, 3, 13, 3, 1, 70, 66, 45, 53, 15, 50, 37, 70, 33, 0]"
j10,2,stnu,60,True,25,0.6544952392578125,0.014186620712280273,"[0, 3, 0, 0, 4, 6, 9, 9, 18, 9, 4, 0, 0, 0, 0, 0, 0, 0, 0, 0, 25]","""[0, 1, 3, 1, 2, 3, 9, 2, 7, 5, 1, 70, 66, 45, 53, 15, 50, 37, 70, 33, 0]"""
j10,2,proactive_quantile_0.75,60,True,24,0.1706225872039795,0.0009477138519287109,"[0, 0, 0, 2, 2, 4, 8, 8, 14, 8, 5, 0, 0, 0, 0, 0, 0, 0, 0, 0, 69]","""[0, 1, 1, 2, 2, 4, 2, 3, 3, 4, 5, 70, 66, 45, 53, 15, 50, 37, 70, 33, 0]"""
j10,2,reactive,60,True,17,0.1706225872039795,0.1502211093902588,"[0, 0, 0, 2, 2, 4, 8, 8, 14, 8, 5, 0, 0, 0, 0, 0, 0, 0, 0, 0, 69]","[0, 1, 1, 2, 2, 4, 2, 3, 3, 4, 5, 70, 66, 45, 53, 15, 50, 37, 70, 33, 0]"
j10,2,stnu,60,True,27,0.6607973575592041,0.01409292221069336,"[0, 3, 0, 0, 4, 6, 10, 10, 16, 12, 4, 0, 0, 0, 0, 0, 0, 0, 0, 0, 27]","""[0, 1, 1, 3, 2, 4, 2, 3, 11, 4, 8, 70, 66, 45, 53, 15, 50, 37, 70, 33, 0]"""
j10,2,proactive_quantile_0.75,60,False,inf,0.05051398277282715,inf,"[0, 0, 6, 0, 8, 10, 18, 14, 28, 14, 14, 0, 0, 0, 0, 0, 0, 0, 0, 0, 69]","""[0, 1, 1, 2, 3, 5, 7, 4, 3, 4, 1, 70, 66, 45, 53, 15, 50, 37, 70, 33, 0]"""
j10,2,reactive,60,False,inf,inf,inf,null,"[0, 1, 1, 2, 3, 5, 7, 4, 3, 4, 1, 70, 66, 45, 53, 15, 50, 37, 70, 33, 0]"
j10,2,stnu,60,True,21,0.6133036613464355,0.013688087463378906,"[0, 2, 0, 0, 4, 7, 8, 8, 15, 8, 4, 0, 0, 0, 0, 0, 0, 0, 0, 0, 21]","""[0, 2, 1, 2, 3, 1, 3, 4, 6, 7, 1, 70, 66, 45, 53, 15, 50, 37, 70, 33, 0]"""
j10,2,proactive_quantile_0.75,60,True,19,0.06455063819885254,0.00109100341796875,"[0, 0, 0, 0, 3, 3, 3, 5, 9, 15, 9, 0, 0, 0, 0, 0, 0, 0, 0, 0, 0, 83]","""[0, 1, 4, 3, 2, 2, 1, 13, 2, 4, 2, 68, 20, 84, 26, 19, 22, 72, 76, 56, 83, 0]"""
j10,2,reactive,60,False,inf,inf,inf,null,"[0, 1, 4, 3, 2, 2, 1, 13, 2, 4, 2, 68, 20, 84, 26, 19, 22, 72, 76, 56, 83, 0]"
j10,2,stnu,60,True,23,0.6717736721038818,0.01420283317565918,"[0, 0, 0, 0, 4, 4, 3, 6, 6, 19, 6, 0, 0, 0, 0, 0, 0, 0, 0, 0, 0, 23]","""[0, 1, 4, 3, 2, 2, 1, 13, 2, 4, 2, 68, 20, 84, 26, 19, 22, 72, 76, 56, 83, 0]"""
j10,2,proactive_quantile_0.75,60,False,inf,0.1166236400604248,inf,"[0, 0, 0, 0, 3, 3, 3, 5, 9, 15, 9, 0, 0, 0, 0, 0, 0, 0, 0, 0, 0, 83]","""[0, 11, 3, 4, 3, 2, 1, 6, 3, 5, 3, 68, 20, 84, 26, 19, 22, 72, 76, 56, 83, 0]"""
j10,2,reactive,60,False,inf,inf,inf,null,"[0, 11, 3, 4, 3, 2, 1, 6, 3, 5, 3, 68, 20, 84, 26, 19, 22, 72, 76, 56, 83, 0]"
j10,2,stnu,60,True,31,0.6151564121246338,0.014143943786621094,"[0, 0, 0, 0, 4, 4, 4, 19, 16, 25, 3, 0, 0, 0, 0, 0, 0, 0, 0, 0, 0, 31]","""[0, 14, 3, 4, 12, 7, 15, 6, 2, 6, 10, 68, 20, 84, 26, 19, 22, 72, 76, 56, 83, 0]"""
j10,2,proactive_quantile_0.75,60,True,19,0.05347895622253418,0.0011186599731445312,"[0, 0, 0, 0, 3, 3, 3, 5, 9, 15, 9, 0, 0, 0, 0, 0, 0, 0, 0, 0, 0, 83]","""[0, 3, 4, 2, 2, 3, 3, 10, 2, 1, 7, 68, 20, 84, 26, 19, 22, 72, 76, 56, 83, 0]"""
j10,2,reactive,60,False,inf,inf,inf,null,"[0, 3, 4, 2, 2, 3, 3, 10, 2, 1, 7, 68, 20, 84, 26, 19, 22, 72, 76, 56, 83, 0]"
j10,2,stnu,60,True,36,0.630211353302002,0.014139652252197266,"[0, 0, 0, 0, 4, 4, 2, 13, 13, 26, 4, 0, 0, 0, 0, 0, 0, 0, 0, 0, 0, 36]","""[0, 7, 4, 2, 6, 9, 8, 13, 2, 10, 11, 68, 20, 84, 26, 19, 22, 72, 76, 56, 83, 0]"""
j10,2,proactive_quantile_0.75,60,False,inf,0.0634918212890625,inf,"[0, 0, 0, 0, 3, 3, 3, 5, 9, 15, 9, 0, 0, 0, 0, 0, 0, 0, 0, 0, 0, 83]","""[0, 2, 4, 4, 3, 3, 3, 11, 1, 6, 2, 68, 20, 84, 26, 19, 22, 72, 76, 56, 83, 0]"""
j10,2,reactive,60,False,inf,inf,inf,null,"[0, 2, 4, 4, 3, 3, 3, 11, 1, 6, 2, 68, 20, 84, 26, 19, 22, 72, 76, 56, 83, 0]"
j10,2,stnu,60,True,33,0.6370532512664795,0.014237403869628906,"[0, 0, 0, 0, 4, 4, 4, 14, 14, 24, 4, 0, 0, 0, 0, 0, 0, 0, 0, 0, 0, 33]","""[0, 8, 4, 4, 10, 8, 9, 4, 10, 9, 10, 68, 20, 84, 26, 19, 22, 72, 76, 56, 83, 0]"""
j10,2,proactive_quantile_0.75,60,True,36,0.12418222427368164,0.0011219978332519531,"[0, 0, 0, 0, 3, 3, 3, 14, 13, 25, 3, 0, 0, 0, 0, 0, 0, 0, 0, 0, 0, 83]","""[0, 3, 1, 4, 3, 5, 5, 5, 11, 9, 11, 68, 20, 84, 26, 19, 22, 72, 76, 56, 83, 0]"""
j10,2,reactive,60,False,inf,inf,inf,null,"[0, 3, 1, 4, 3, 5, 5, 5, 11, 9, 11, 68, 20, 84, 26, 19, 22, 72, 76, 56, 83, 0]"
j10,2,stnu,60,True,29,0.6182496547698975,0.014183521270751953,"[0, 0, 0, 0, 4, 4, 4, 9, 9, 20, 1, 0, 0, 0, 0, 0, 0, 0, 0, 0, 0, 29]","""[0, 3, 1, 4, 3, 5, 5, 5, 11, 9, 11, 68, 20, 84, 26, 19, 22, 72, 76, 56, 83, 0]"""
j10,2,proactive_quantile_0.75,60,False,inf,0.05156898498535156,inf,"[0, 0, 0, 0, 3, 3, 3, 5, 9, 15, 9, 0, 0, 0, 0, 0, 0, 0, 0, 0, 0, 83]","""[0, 9, 2, 1, 3, 8, 2, 2, 2, 5, 8, 68, 20, 84, 26, 19, 22, 72, 76, 56, 83, 0]"""
j10,2,reactive,60,False,inf,inf,inf,null,"[0, 9, 2, 1, 3, 8, 2, 2, 2, 5, 8, 68, 20, 84, 26, 19, 22, 72, 76, 56, 83, 0]"
j10,2,stnu,60,True,18,0.6299448013305664,0.01441335678100586,"[0, 0, 0, 0, 2, 2, 1, 5, 10, 12, 10, 0, 0, 0, 0, 0, 0, 0, 0, 0, 0, 18]","""[0, 9, 2, 1, 3, 8, 2, 2, 2, 5, 8, 68, 20, 84, 26, 19, 22, 72, 76, 56, 83, 0]"""
j10,2,proactive_quantile_0.75,60,True,19,0.11667728424072266,0.001100778579711914,"[0, 0, 0, 0, 3, 3, 3, 5, 9, 15, 9, 0, 0, 0, 0, 0, 0, 0, 0, 0, 0, 83]","""[0, 3, 1, 1, 2, 3, 2, 10, 2, 2, 10, 68, 20, 84, 26, 19, 22, 72, 76, 56, 83, 0]"""
j10,2,reactive,60,True,19,0.11667728424072266,0.15992093086242676,"[0, 0, 0, 0, 3, 3, 3, 5, 9, 15, 9, 0, 0, 0, 0, 0, 0, 0, 0, 0, 0, 19]","[0, 3, 1, 1, 2, 3, 2, 10, 2, 2, 10, 68, 20, 84, 26, 19, 22, 72, 76, 56, 83, 0]"
j10,2,stnu,60,True,27,0.6092891693115234,0.014234066009521484,"[0, 0, 0, 0, 1, 1, 1, 13, 13, 18, 1, 0, 0, 0, 0, 0, 0, 0, 0, 0, 0, 27]","""[0, 9, 1, 1, 12, 7, 4, 5, 2, 9, 10, 68, 20, 84, 26, 19, 22, 72, 76, 56, 83, 0]"""
j10,2,proactive_quantile_0.75,60,True,19,0.049330711364746094,0.0010938644409179688,"[0, 0, 0, 0, 3, 3, 3, 5, 9, 15, 9, 0, 0, 0, 0, 0, 0, 0, 0, 0, 0, 83]","""[0, 3, 2, 2, 3, 3, 2, 11, 2, 5, 4, 68, 20, 84, 26, 19, 22, 72, 76, 56, 83, 0]"""
j10,2,reactive,60,False,inf,inf,inf,null,"[0, 3, 2, 2, 3, 3, 2, 11, 2, 5, 4, 68, 20, 84, 26, 19, 22, 72, 76, 56, 83, 0]"
j10,2,stnu,60,True,38,0.6293323040008545,0.014153003692626953,"[0, 0, 0, 0, 2, 2, 2, 11, 11, 24, 2, 0, 0, 0, 0, 0, 0, 0, 0, 0, 0, 38]","""[0, 6, 2, 2, 9, 4, 3, 13, 2, 14, 8, 68, 20, 84, 26, 19, 22, 72, 76, 56, 83, 0]"""
j10,2,proactive_quantile_0.75,60,False,inf,0.09499502182006836,inf,"[0, 0, 0, 0, 3, 3, 3, 5, 9, 15, 9, 0, 0, 0, 0, 0, 0, 0, 0, 0, 0, 83]","""[0, 8, 1, 2, 3, 4, 2, 7, 1, 6, 9, 68, 20, 84, 26, 19, 22, 72, 76, 56, 83, 0]"""
j10,2,reactive,60,False,inf,inf,inf,null,"[0, 8, 1, 2, 3, 4, 2, 7, 1, 6, 9, 68, 20, 84, 26, 19, 22, 72, 76, 56, 83, 0]"
j10,2,stnu,60,True,40,0.6142730712890625,0.014166116714477539,"[0, 0, 0, 0, 2, 2, 2, 14, 14, 26, 1, 0, 0, 0, 0, 0, 0, 0, 0, 0, 0, 40]","""[0, 8, 1, 2, 12, 3, 4, 6, 12, 14, 7, 68, 20, 84, 26, 19, 22, 72, 76, 56, 83, 0]"""
j10,2,proactive_quantile_0.75,60,False,inf,0.058504581451416016,inf,"[0, 0, 0, 0, 3, 3, 3, 5, 9, 15, 9, 0, 0, 0, 0, 0, 0, 0, 0, 0, 0, 83]","""[0, 12, 2, 3, 3, 1, 3, 12, 3, 3, 4, 68, 20, 84, 26, 19, 22, 72, 76, 56, 83, 0]"""
j10,2,reactive,60,False,inf,inf,inf,null,"[0, 12, 2, 3, 3, 1, 3, 12, 3, 3, 4, 68, 20, 84, 26, 19, 22, 72, 76, 56, 83, 0]"
j10,2,stnu,60,True,21,0.5960049629211426,0.014546632766723633,"[0, 0, 0, 0, 3, 3, 3, 6, 12, 18, 12, 0, 0, 0, 0, 0, 0, 0, 0, 0, 0, 21]","""[0, 12, 2, 3, 3, 1, 3, 12, 3, 3, 4, 68, 20, 84, 26, 19, 22, 72, 76, 56, 83, 0]"""
j10,2,stnu,60,False,inf,0.6082830429077148,inf,[],"""[0, 3, 12, 6, 7, 10, 9, 6, 10, 4, 3, 3, 15, 36, 67, 39, 26, 59, 0]"""
j10,2,stnu,60,False,inf,0.6065330505371094,inf,[],"""[0, 4, 6, 4, 2, 9, 3, 4, 1, 2, 4, 3, 15, 36, 67, 39, 26, 59, 0]"""
j10,2,stnu,60,False,inf,0.5717182159423828,inf,[],"""[0, 3, 10, 1, 1, 10, 7, 2, 6, 1, 3, 3, 15, 36, 67, 39, 26, 59, 0]"""
j10,2,stnu,60,False,inf,0.6021728515625,inf,[],"""[0, 3, 13, 6, 6, 6, 8, 4, 9, 9, 1, 3, 15, 36, 67, 39, 26, 59, 0]"""
j10,2,stnu,60,False,inf,0.5558853149414062,inf,[],"""[0, 4, 12, 2, 4, 8, 7, 6, 6, 5, 1, 3, 15, 36, 67, 39, 26, 59, 0]"""
j10,2,stnu,60,False,inf,0.571260929107666,inf,[],"""[0, 4, 8, 1, 6, 6, 1, 4, 12, 9, 4, 3, 15, 36, 67, 39, 26, 59, 0]"""
j10,2,stnu,60,False,inf,0.5967662334442139,inf,[],"""[0, 3, 9, 7, 5, 9, 1, 6, 12, 7, 1, 3, 15, 36, 67, 39, 26, 59, 0]"""
j10,2,stnu,60,False,inf,0.5511107444763184,inf,[],"""[0, 4, 7, 4, 8, 9, 6, 4, 2, 10, 3, 3, 15, 36, 67, 39, 26, 59, 0]"""
j10,2,stnu,60,False,inf,0.5927972793579102,inf,[],"""[0, 3, 7, 8, 7, 2, 7, 1, 3, 10, 2, 3, 15, 36, 67, 39, 26, 59, 0]"""
j10,2,stnu,60,False,inf,0.6378557682037354,inf,[],"""[0, 3, 6, 10, 4, 2, 3, 1, 10, 3, 1, 3, 15, 36, 67, 39, 26, 59, 0]"""
j10,2,stnu,60,False,inf,0.6130037307739258,inf,[],"""[0, 3, 8, 1, 6, 11, 14, 6, 10, 6, 1, 38, 15, 47, 0]"""
j10,2,stnu,60,False,inf,0.5941784381866455,inf,[],"""[0, 2, 7, 3, 1, 4, 9, 6, 10, 8, 2, 38, 15, 47, 0]"""
j10,2,stnu,60,False,inf,0.5806233882904053,inf,[],"""[0, 2, 8, 4, 4, 3, 4, 2, 3, 6, 2, 38, 15, 47, 0]"""
j10,2,stnu,60,False,inf,0.627403974533081,inf,[],"""[0, 4, 9, 4, 1, 16, 10, 2, 3, 6, 1, 38, 15, 47, 0]"""
j10,2,stnu,60,False,inf,0.594841718673706,inf,[],"""[0, 2, 10, 3, 2, 2, 6, 4, 5, 4, 12, 38, 15, 47, 0]"""
j10,2,stnu,60,False,inf,0.565194845199585,inf,[],"""[0, 4, 8, 2, 4, 15, 10, 4, 10, 6, 3, 38, 15, 47, 0]"""
j10,2,stnu,60,False,inf,0.5703706741333008,inf,[],"""[0, 1, 10, 10, 1, 7, 2, 1, 5, 14, 7, 38, 15, 47, 0]"""
j10,2,stnu,60,False,inf,0.5425989627838135,inf,[],"""[0, 2, 2, 2, 6, 3, 12, 2, 7, 8, 2, 38, 15, 47, 0]"""
j10,2,stnu,60,False,inf,0.6681220531463623,inf,[],"""[0, 3, 1, 1, 3, 1, 9, 4, 7, 3, 11, 38, 15, 47, 0]"""
j10,2,stnu,60,False,inf,0.6536257266998291,inf,[],"""[0, 1, 1, 2, 1, 3, 3, 6, 8, 4, 10, 38, 15, 47, 0]"""
j10,2,proactive_quantile_0.75,60,True,27,0.13184380531311035,0.00028705596923828125,"[0, 0, 0, 0, 3, 6, 10, 17, 6, 17, 20, 0, 60]","""[0, 2, 3, 2, 2, 6, 1, 1, 2, 10, 8, 61, 0]"""
j10,2,reactive,60,False,inf,inf,inf,null,"[0, 2, 3, 2, 2, 6, 1, 1, 2, 10, 8, 61, 0]"
j10,2,stnu,60,True,26,0.7302072048187256,0.005566120147705078,"[0, 0, 0, 0, 3, 5, 11, 17, 5, 18, 18, 0, 26]","""[0, 2, 3, 2, 2, 6, 6, 1, 2, 5, 8, 61, 0]"""
j10,2,proactive_quantile_0.75,60,True,35,0.06105542182922363,0.00028824806213378906,"[0, 0, 0, 0, 4, 10, 14, 21, 10, 14, 28, 0, 60]","""[0, 3, 2, 3, 2, 5, 10, 8, 1, 4, 6, 61, 0]"""
j10,2,reactive,60,False,inf,inf,inf,null,"[0, 3, 2, 3, 2, 5, 10, 8, 1, 4, 6, 61, 0]"
j10,2,stnu,60,True,34,0.5847468376159668,0.005505561828613281,"[0, 0, 0, 0, 3, 5, 10, 20, 5, 10, 28, 0, 34]","""[0, 3, 2, 3, 2, 5, 10, 8, 1, 4, 6, 61, 0]"""
j10,2,proactive_quantile_0.75,60,False,inf,0.04968118667602539,inf,"[0, 0, 0, 0, 4, 10, 14, 21, 10, 14, 28, 0, 60]","""[0, 1, 4, 2, 4, 6, 3, 8, 7, 7, 8, 61, 0]"""
j10,2,reactive,60,False,inf,inf,inf,null,"[0, 1, 4, 2, 4, 6, 3, 8, 7, 7, 8, 61, 0]"
j10,2,stnu,60,True,37,0.7391932010650635,0.005532026290893555,"[0, 0, 0, 0, 4, 8, 14, 21, 8, 14, 29, 0, 37]","""[0, 1, 4, 2, 4, 6, 3, 8, 7, 7, 8, 61, 0]"""
j10,2,proactive_quantile_0.75,60,False,inf,0.043195486068725586,inf,"[0, 0, 0, 0, 4, 10, 14, 21, 10, 14, 28, 0, 60]","""[0, 6, 2, 2, 5, 5, 7, 8, 7, 5, 7, 61, 0]"""
j10,2,reactive,60,False,inf,inf,inf,null,"[0, 6, 2, 2, 5, 5, 7, 8, 7, 5, 7, 61, 0]"
j10,2,stnu,60,True,38,0.5925061702728271,0.0055654048919677734,"[0, 0, 0, 0, 6, 11, 16, 23, 11, 16, 31, 0, 38]","""[0, 6, 2, 2, 5, 5, 7, 8, 7, 5, 7, 61, 0]"""
j10,2,proactive_quantile_0.75,60,True,35,0.13187837600708008,0.0002853870391845703,"[0, 0, 0, 0, 4, 10, 14, 21, 10, 14, 28, 0, 60]","""[0, 2, 4, 9, 3, 3, 2, 6, 2, 9, 1, 61, 0]"""
j10,2,reactive,60,True,28,0.13187837600708008,0.11030125617980957,"[0, 0, 0, 0, 4, 10, 14, 21, 10, 14, 27, 0, 28]","[0, 2, 4, 9, 3, 3, 2, 6, 2, 9, 1, 61, 0]"
j10,2,stnu,60,True,26,0.6301937103271484,0.005517005920410156,"[0, 0, 0, 0, 4, 7, 10, 19, 9, 10, 25, 0, 26]","""[0, 2, 4, 9, 3, 3, 2, 6, 2, 9, 1, 61, 0]"""
j10,2,proactive_quantile_0.75,60,True,21,0.06201171875,0.0002644062042236328,"[0, 0, 0, 0, 3, 6, 10, 12, 6, 15, 15, 0, 60]","""[0, 4, 1, 1, 3, 5, 3, 3, 2, 1, 4, 61, 0]"""
j10,2,reactive,60,False,inf,inf,inf,null,"[0, 4, 1, 1, 3, 5, 3, 3, 2, 1, 4, 61, 0]"
j10,2,stnu,60,True,21,0.5974793434143066,0.005483388900756836,"[0, 0, 0, 0, 2, 3, 8, 11, 8, 8, 20, 0, 21]","""[0, 2, 1, 8, 1, 5, 3, 9, 5, 2, 1, 61, 0]"""
j10,2,proactive_quantile_0.75,60,True,35,0.059125423431396484,0.0003025531768798828,"[0, 0, 0, 0, 4, 10, 14, 21, 10, 14, 28, 0, 60]","""[0, 2, 4, 6, 9, 3, 4, 7, 5, 8, 3, 61, 0]"""
j10,2,reactive,60,False,inf,inf,inf,null,"[0, 2, 4, 6, 9, 3, 4, 7, 5, 8, 3, 61, 0]"
j10,2,stnu,60,True,34,0.6738965511322021,0.005504608154296875,"[0, 0, 0, 0, 4, 13, 16, 24, 13, 16, 31, 0, 34]","""[0, 2, 4, 6, 9, 3, 4, 7, 5, 8, 3, 61, 0]"""
j10,2,proactive_quantile_0.75,60,True,27,0.13049888610839844,0.0002846717834472656,"[0, 0, 0, 0, 3, 6, 10, 17, 6, 17, 20, 0, 60]","""[0, 1, 3, 6, 3, 6, 3, 2, 1, 8, 7, 61, 0]"""
j10,2,reactive,60,False,inf,inf,inf,null,"[0, 1, 3, 6, 3, 6, 3, 2, 1, 8, 7, 61, 0]"
j10,2,stnu,60,True,31,0.6389753818511963,0.005529642105102539,"[0, 0, 0, 0, 2, 6, 12, 21, 6, 12, 24, 0, 31]","""[0, 2, 2, 1, 4, 6, 9, 3, 5, 8, 7, 61, 0]"""
j10,2,proactive_quantile_0.75,60,True,21,0.0594639778137207,0.0002522468566894531,"[0, 0, 0, 0, 3, 6, 10, 12, 6, 15, 15, 0, 60]","""[0, 1, 2, 3, 1, 3, 1, 3, 1, 2, 5, 61, 0]"""
j10,2,reactive,60,True,20,0.0594639778137207,0.12414336204528809,"[0, 0, 0, 0, 3, 6, 10, 12, 6, 15, 15, 0, 20]","[0, 1, 2, 3, 1, 3, 1, 3, 1, 2, 5, 61, 0]"
j10,2,stnu,60,True,27,0.6709933280944824,0.005523204803466797,"[0, 0, 0, 0, 2, 3, 6, 11, 3, 13, 13, 0, 27]","""[0, 1, 2, 3, 1, 3, 5, 2, 1, 14, 4, 61, 0]"""
j10,2,proactive_quantile_0.75,60,True,21,0.05071139335632324,0.00026726722717285156,"[0, 0, 0, 0, 3, 6, 10, 12, 6, 15, 15, 0, 60]","""[0, 2, 1, 5, 1, 3, 1, 2, 2, 4, 7, 61, 0]"""
j10,2,reactive,60,True,22,0.05071139335632324,0.11000347137451172,"[0, 0, 0, 0, 3, 6, 10, 12, 6, 15, 15, 0, 22]","[0, 2, 1, 5, 1, 3, 1, 2, 2, 4, 7, 61, 0]"
j10,2,stnu,60,True,31,0.600398063659668,0.005603790283203125,"[0, 0, 0, 0, 5, 11, 14, 18, 11, 14, 24, 0, 31]","""[0, 5, 3, 1, 6, 3, 4, 6, 1, 2, 7, 61, 0]"""
j10,2,proactive_quantile_0.75,60,False,inf,0.05161595344543457,inf,"[0, 4, 0, 0, 13, 24, 4, 4, 27, 24, 7, 0, 0, 0, 83]","""[0, 7, 9, 1, 5, 4, 9, 15, 7, 5, 8, 51, 12, 84, 0]"""
j10,2,reactive,60,False,inf,inf,inf,null,"[0, 7, 9, 1, 5, 4, 9, 15, 7, 5, 8, 51, 12, 84, 0]"
j10,2,stnu,60,True,18,0.6394696235656738,0.006743907928466797,"[0, 5, 0, 0, 8, 12, 5, 1, 14, 12, 5, 0, 0, 0, 18]","""[0, 3, 5, 1, 4, 2, 1, 9, 4, 2, 2, 51, 12, 84, 0]"""
j10,2,proactive_quantile_0.75,60,True,38,0.05343461036682129,0.0004894733428955078,"[0, 4, 0, 0, 13, 24, 4, 4, 27, 24, 7, 0, 0, 0, 83]","""[0, 5, 8, 3, 7, 3, 4, 14, 10, 2, 9, 51, 12, 84, 0]"""
j10,2,reactive,60,False,inf,inf,inf,null,"[0, 5, 8, 3, 7, 3, 4, 14, 10, 2, 9, 51, 12, 84, 0]"
j10,2,stnu,60,False,inf,0.59153151512146,inf,[],"""[0, 5, 8, 3, 4, 3, 4, 4, 10, 2, 9, 51, 12, 84, 0]"""
j10,2,proactive_quantile_0.75,60,True,38,0.05146908760070801,0.00045418739318847656,"[0, 4, 0, 0, 13, 24, 4, 4, 27, 24, 7, 0, 0, 0, 83]","""[0, 10, 2, 3, 7, 1, 3, 5, 6, 9, 5, 51, 12, 84, 0]"""
j10,2,reactive,60,False,inf,inf,inf,null,"[0, 10, 2, 3, 7, 1, 3, 5, 6, 9, 5, 51, 12, 84, 0]"
j10,2,stnu,60,True,21,0.6922659873962402,0.007029056549072266,"[0, 0, 0, 0, 7, 12, 6, 6, 13, 12, 7, 0, 0, 0, 21]","""[0, 3, 6, 3, 2, 1, 1, 5, 3, 9, 5, 51, 12, 84, 0]"""
j10,2,proactive_quantile_0.75,60,False,inf,0.043799400329589844,inf,"[0, 4, 0, 0, 13, 24, 4, 4, 27, 24, 7, 0, 0, 0, 83]","""[0, 3, 4, 5, 15, 3, 6, 12, 4, 6, 8, 51, 12, 84, 0]"""
j10,2,reactive,60,False,inf,inf,inf,null,"[0, 3, 4, 5, 15, 3, 6, 12, 4, 6, 8, 51, 12, 84, 0]"
j10,2,stnu,60,False,inf,0.566277265548706,inf,[],"""[0, 3, 4, 5, 1, 3, 6, 13, 4, 6, 8, 51, 12, 84, 0]"""
j10,2,proactive_quantile_0.75,60,False,inf,0.059146881103515625,inf,"[0, 4, 0, 0, 13, 24, 4, 4, 27, 24, 7, 0, 0, 0, 83]","""[0, 9, 6, 6, 14, 1, 1, 15, 12, 5, 8, 51, 12, 84, 0]"""
j10,2,reactive,60,False,inf,inf,inf,null,"[0, 9, 6, 6, 14, 1, 1, 15, 12, 5, 8, 51, 12, 84, 0]"
j10,2,stnu,60,True,17,0.6018943786621094,0.006800651550292969,"[0, 6, 0, 0, 8, 11, 6, 6, 12, 15, 6, 0, 0, 0, 17]","""[0, 1, 4, 6, 2, 1, 5, 9, 1, 2, 2, 51, 12, 84, 0]"""
j10,2,proactive_quantile_0.75,60,True,18,0.04907989501953125,0.00041556358337402344,"[0, 4, 0, 0, 7, 10, 4, 4, 12, 14, 4, 0, 0, 0, 83]","""[0, 4, 3, 1, 4, 2, 6, 3, 2, 1, 1, 51, 12, 84, 0]"""
j10,2,reactive,60,False,inf,inf,inf,null,"[0, 4, 3, 1, 4, 2, 6, 3, 2, 1, 1, 51, 12, 84, 0]"
j10,2,stnu,60,False,inf,0.5605885982513428,inf,[],"""[0, 11, 4, 1, 4, 4, 6, 3, 15, 8, 4, 51, 12, 84, 0]"""
j10,2,proactive_quantile_0.75,60,True,38,0.0562899112701416,0.00045800209045410156,"[0, 4, 0, 0, 13, 24, 4, 4, 27, 24, 7, 0, 0, 0, 83]","""[0, 5, 4, 1, 14, 3, 5, 5, 4, 1, 7, 51, 12, 84, 0]"""
j10,2,reactive,60,False,inf,inf,inf,null,"[0, 5, 4, 1, 14, 3, 5, 5, 4, 1, 7, 51, 12, 84, 0]"
j10,2,stnu,60,False,inf,0.5469584465026855,inf,[],"""[0, 5, 4, 1, 1, 3, 5, 13, 4, 1, 7, 51, 12, 84, 0]"""
j10,2,proactive_quantile_0.75,60,False,inf,0.04599785804748535,inf,"[0, 4, 0, 0, 7, 10, 4, 4, 12, 14, 4, 0, 0, 0, 83]","""[0, 1, 4, 3, 4, 1, 1, 13, 3, 5, 3, 51, 12, 84, 0]"""
j10,2,reactive,60,False,inf,inf,inf,null,"[0, 1, 4, 3, 4, 1, 1, 13, 3, 5, 3, 51, 12, 84, 0]"
j10,2,stnu,60,False,inf,0.5810608863830566,inf,[],"""[0, 5, 10, 3, 4, 4, 8, 13, 4, 1, 3, 51, 12, 84, 0]"""
j10,2,proactive_quantile_0.75,60,True,23,0.06581401824951172,0.0004305839538574219,"[0, 0, 3, 3, 3, 6, 7, 9, 11, 19, 7, 0, 0, 0, 83]","""[0, 3, 5, 5, 3, 2, 3, 9, 5, 5, 1, 51, 12, 84, 0]"""
j10,2,reactive,60,False,inf,inf,inf,null,"[0, 3, 5, 5, 3, 2, 3, 9, 5, 5, 1, 51, 12, 84, 0]"
j10,2,stnu,60,True,19,0.5722410678863525,0.006691694259643555,"[0, 5, 0, 0, 8, 11, 5, 5, 12, 14, 5, 0, 0, 0, 19]","""[0, 3, 5, 5, 3, 1, 3, 9, 5, 5, 1, 51, 12, 84, 0]"""
j10,2,proactive_quantile_0.75,60,False,inf,0.04840517044067383,inf,"[0, 4, 0, 0, 7, 10, 4, 4, 12, 14, 4, 0, 0, 0, 83]","""[0, 3, 1, 3, 4, 1, 5, 10, 3, 2, 1, 51, 12, 84, 0]"""
j10,2,reactive,60,False,inf,inf,inf,null,"[0, 3, 1, 3, 4, 1, 5, 10, 3, 2, 1, 51, 12, 84, 0]"
j10,2,stnu,60,True,15,0.6869943141937256,0.0068607330322265625,"[0, 3, 0, 0, 6, 10, 3, 3, 11, 13, 3, 0, 0, 0, 15]","""[0, 3, 1, 3, 4, 1, 5, 10, 3, 2, 1, 51, 12, 84, 0]"""
j10,2,proactive_quantile_0.75,60,False,inf,0.14003515243530273,inf,"[0, 0, 0, 0, 4, 4, 4, 10, 12, 6, 6, 0, 0, 20]","""[0, 6, 8, 3, 1, 2, 2, 2, 7, 1, 8, 21, 21, 0]"""
j10,2,reactive,60,False,inf,inf,inf,null,"[0, 6, 8, 3, 1, 2, 2, 2, 7, 1, 8, 21, 21, 0]"
j10,2,stnu,60,False,inf,0.5740127563476562,inf,[],"""[0, 6, 8, 3, 1, 1, 2, 2, 7, 1, 8, 21, 21, 0]"""
j10,2,proactive_quantile_0.75,60,True,18,0.04499530792236328,0.00022673606872558594,"[0, 0, 0, 0, 4, 4, 4, 10, 12, 6, 6, 0, 0, 20]","""[0, 3, 6, 1, 1, 2, 1, 1, 2, 3, 7, 21, 21, 0]"""
j10,2,reactive,60,True,14,0.04499530792236328,0.10504698753356934,"[0, 0, 0, 0, 4, 4, 4, 10, 12, 6, 6, 0, 0, 20]","[0, 3, 6, 1, 1, 2, 1, 1, 2, 3, 7, 21, 21, 0]"
j10,2,stnu,60,False,inf,0.584381103515625,inf,[],"""[0, 3, 6, 1, 1, 7, 1, 1, 2, 3, 7, 21, 21, 0]"""
j10,2,proactive_quantile_0.75,60,True,18,0.05644655227661133,0.00024127960205078125,"[0, 0, 0, 0, 4, 4, 4, 10, 12, 6, 6, 0, 0, 20]","""[0, 2, 7, 3, 1, 1, 3, 2, 1, 2, 7, 21, 21, 0]"""
j10,2,reactive,60,False,inf,inf,inf,null,"[0, 2, 7, 3, 1, 1, 3, 2, 1, 2, 7, 21, 21, 0]"
j10,2,stnu,60,False,inf,0.5602662563323975,inf,[],"""[0, 2, 7, 3, 1, 5, 3, 2, 1, 2, 7, 21, 21, 0]"""
j10,2,proactive_quantile_0.75,60,False,inf,0.12972593307495117,inf,"[0, 0, 0, 0, 4, 2, 4, 8, 14, 12, 12, 0, 0, 20]","""[0, 4, 16, 3, 7, 3, 1, 2, 8, 1, 7, 21, 21, 0]"""
j10,2,reactive,60,False,inf,inf,inf,null,"[0, 4, 16, 3, 7, 3, 1, 2, 8, 1, 7, 21, 21, 0]"
j10,2,stnu,60,False,inf,0.5532135963439941,inf,[],"""[0, 4, 4, 3, 3, 1, 1, 2, 8, 1, 7, 21, 21, 0]"""
j10,2,proactive_quantile_0.75,60,False,inf,0.14340758323669434,inf,"[0, 0, 0, 0, 4, 2, 4, 8, 14, 12, 12, 0, 0, 20]","""[0, 4, 6, 1, 6, 8, 3, 2, 1, 1, 6, 21, 21, 0]"""
j10,2,reactive,60,False,inf,inf,inf,null,"[0, 4, 6, 1, 6, 8, 3, 2, 1, 1, 6, 21, 21, 0]"
j10,2,stnu,60,False,inf,0.5636827945709229,inf,[],"""[0, 4, 4, 1, 2, 4, 3, 2, 1, 1, 6, 21, 21, 0]"""
j10,2,proactive_quantile_0.75,60,False,inf,0.13709616661071777,inf,"[0, 0, 0, 0, 4, 2, 4, 8, 14, 12, 12, 0, 0, 20]","""[0, 3, 12, 1, 7, 1, 1, 2, 8, 2, 5, 21, 21, 0]"""
j10,2,reactive,60,False,inf,0.13709616661071777,0.0679786205291748,"[0, 0, 0, 0, 4, 2, 4, 8, 14, 12, 12, 0, 0, 20]","[0, 3, 12, 1, 7, 1, 1, 2, 8, 2, 5, 21, 21, 0]"
j10,2,stnu,60,False,inf,0.5607142448425293,inf,[],"""[0, 3, 5, 1, 4, 6, 1, 2, 8, 2, 5, 21, 21, 0]"""
j10,2,proactive_quantile_0.75,60,True,20,0.13342070579528809,0.00025773048400878906,"[0, 0, 0, 0, 4, 2, 4, 8, 14, 12, 12, 0, 0, 20]","""[0, 3, 14, 1, 3, 1, 1, 2, 6, 3, 9, 21, 21, 0]"""
j10,2,reactive,60,False,inf,inf,inf,null,"[0, 3, 14, 1, 3, 1, 1, 2, 6, 3, 9, 21, 21, 0]"
j10,2,stnu,60,False,inf,0.5696158409118652,inf,[],"""[0, 3, 4, 1, 4, 6, 1, 2, 6, 3, 9, 21, 21, 0]"""
j10,2,proactive_quantile_0.75,60,True,20,0.1449756622314453,0.00023102760314941406,"[0, 0, 0, 0, 4, 2, 4, 8, 14, 12, 12, 0, 0, 20]","""[0, 3, 11, 3, 2, 6, 1, 2, 3, 1, 2, 21, 21, 0]"""
j10,2,reactive,60,False,inf,inf,inf,null,"[0, 3, 11, 3, 2, 6, 1, 2, 3, 1, 2, 21, 21, 0]"
j10,2,stnu,60,False,inf,0.542557954788208,inf,[],"""[0, 3, 2, 3, 3, 2, 1, 2, 3, 1, 2, 21, 21, 0]"""
j10,2,proactive_quantile_0.75,60,True,18,0.08053469657897949,0.00022983551025390625,"[0, 0, 0, 0, 4, 4, 4, 10, 12, 6, 6, 0, 0, 20]","""[0, 3, 1, 2, 4, 4, 3, 3, 5, 1, 4, 21, 21, 0]"""
j10,2,reactive,60,False,inf,inf,inf,null,"[0, 3, 1, 2, 4, 4, 3, 3, 5, 1, 4, 21, 21, 0]"
j10,2,stnu,60,False,inf,0.6213235855102539,inf,[],"""[0, 3, 1, 2, 4, 6, 3, 3, 5, 1, 4, 21, 21, 0]"""
j10,2,proactive_quantile_0.75,60,True,20,0.12734675407409668,0.0002484321594238281,"[0, 0, 0, 0, 4, 2, 4, 8, 14, 12, 12, 0, 0, 20]","""[0, 1, 3, 3, 1, 9, 3, 1, 6, 1, 3, 21, 21, 0]"""
j10,2,reactive,60,False,inf,inf,inf,null,"[0, 1, 3, 3, 1, 9, 3, 1, 6, 1, 3, 21, 21, 0]"
j10,2,stnu,60,False,inf,0.5732548236846924,inf,[],"""[0, 1, 6, 3, 2, 2, 3, 1, 6, 1, 3, 21, 21, 0]"""
j10,2,proactive_quantile_0.75,60,False,inf,0.05999016761779785,inf,"[0, 0, 0, 10, 4, 20, 4, 20, 20, 29, 39, 0, 0, 0, 0, 0, 0, 0, 0, 0, 72]","""[0, 4, 3, 3, 7, 4, 8, 4, 1, 12, 2, 69, 64, 35, 29, 36, 23, 73, 58, 68, 0]"""
j10,2,reactive,60,False,inf,inf,inf,null,"[0, 4, 3, 3, 7, 4, 8, 4, 1, 12, 2, 69, 64, 35, 29, 36, 23, 73, 58, 68, 0]"
j10,2,stnu,60,True,32,0.640355110168457,0.013361692428588867,"[0, 0, 0, 11, 3, 14, 3, 14, 14, 18, 30, 0, 0, 0, 0, 0, 0, 0, 0, 0, 32]","""[0, 4, 3, 3, 2, 4, 8, 4, 1, 12, 2, 69, 64, 35, 29, 36, 23, 73, 58, 68, 0]"""
j10,2,proactive_quantile_0.75,60,False,inf,0.05332493782043457,inf,"[0, 0, 0, 10, 4, 20, 4, 20, 20, 29, 39, 0, 0, 0, 0, 0, 0, 0, 0, 0, 72]","""[0, 13, 5, 13, 13, 6, 3, 2, 3, 3, 2, 69, 64, 35, 29, 36, 23, 73, 58, 68, 0]"""
j10,2,reactive,60,False,inf,inf,inf,null,"[0, 13, 5, 13, 13, 6, 3, 2, 3, 3, 2, 69, 64, 35, 29, 36, 23, 73, 58, 68, 0]"
j10,2,stnu,60,True,32,0.5811545848846436,0.01330113410949707,"[0, 0, 0, 8, 5, 21, 5, 21, 21, 27, 30, 0, 0, 0, 0, 0, 0, 0, 0, 0, 32]","""[0, 13, 5, 13, 8, 6, 3, 2, 3, 3, 2, 69, 64, 35, 29, 36, 23, 73, 58, 68, 0]"""
j10,2,proactive_quantile_0.75,60,False,inf,0.10113883018493652,inf,"[0, 0, 0, 10, 4, 20, 4, 20, 20, 29, 39, 0, 0, 0, 0, 0, 0, 0, 0, 0, 72]","""[0, 13, 5, 2, 10, 1, 6, 1, 3, 9, 3, 69, 64, 35, 29, 36, 23, 73, 58, 68, 0]"""
j10,2,reactive,60,False,inf,inf,inf,null,"[0, 13, 5, 2, 10, 1, 6, 1, 3, 9, 3, 69, 64, 35, 29, 36, 23, 73, 58, 68, 0]"
j10,2,stnu,60,True,26,0.5979428291320801,0.013153076171875,"[0, 0, 0, 11, 5, 13, 5, 13, 13, 14, 23, 0, 0, 0, 0, 0, 0, 0, 0, 0, 26]","""[0, 13, 5, 2, 8, 1, 6, 1, 3, 9, 3, 69, 64, 35, 29, 36, 23, 73, 58, 68, 0]"""
j10,2,proactive_quantile_0.75,60,True,41,0.04233860969543457,0.00098419189453125,"[0, 0, 0, 10, 4, 20, 4, 20, 20, 29, 39, 0, 0, 0, 0, 0, 0, 0, 0, 0, 72]","""[0, 8, 2, 8, 6, 1, 5, 11, 3, 5, 1, 69, 64, 35, 29, 36, 23, 73, 58, 68, 0]"""
j10,2,reactive,60,False,inf,inf,inf,null,"[0, 8, 2, 8, 6, 1, 5, 11, 3, 5, 1, 69, 64, 35, 29, 36, 23, 73, 58, 68, 0]"
j10,2,stnu,60,True,32,0.6173529624938965,0.013472557067871094,"[0, 0, 0, 7, 2, 15, 2, 15, 15, 26, 31, 0, 0, 0, 0, 0, 0, 0, 0, 0, 32]","""[0, 8, 2, 8, 6, 1, 5, 11, 3, 5, 1, 69, 64, 35, 29, 36, 23, 73, 58, 68, 0]"""
j10,2,proactive_quantile_0.75,60,False,inf,0.22394180297851562,inf,"[0, 0, 0, 10, 4, 20, 4, 20, 20, 29, 39, 0, 0, 0, 0, 0, 0, 0, 0, 0, 72]","""[0, 11, 6, 13, 2, 1, 3, 6, 4, 10, 2, 69, 64, 35, 29, 36, 23, 73, 58, 68, 0]"""
j10,2,reactive,60,False,inf,inf,inf,null,"[0, 11, 6, 13, 2, 1, 3, 6, 4, 10, 2, 69, 64, 35, 29, 36, 23, 73, 58, 68, 0]"
j10,2,stnu,60,True,40,0.6294596195220947,0.013445854187011719,"[0, 0, 0, 9, 6, 22, 6, 22, 22, 28, 38, 0, 0, 0, 0, 0, 0, 0, 0, 0, 40]","""[0, 11, 6, 13, 1, 1, 3, 6, 4, 10, 2, 69, 64, 35, 29, 36, 23, 73, 58, 68, 0]"""
j10,2,proactive_quantile_0.75,60,False,inf,0.05919313430786133,inf,"[0, 0, 0, 10, 4, 20, 4, 20, 20, 29, 39, 0, 0, 0, 0, 0, 0, 0, 0, 0, 72]","""[0, 2, 6, 13, 13, 2, 7, 3, 2, 4, 1, 69, 64, 35, 29, 36, 23, 73, 58, 68, 0]"""
j10,2,reactive,60,False,inf,inf,inf,null,"[0, 2, 6, 13, 13, 2, 7, 3, 2, 4, 1, 69, 64, 35, 29, 36, 23, 73, 58, 68, 0]"
j10,2,stnu,60,True,34,0.6187686920166016,0.013371467590332031,"[0, 0, 0, 13, 6, 26, 6, 26, 26, 29, 33, 0, 0, 0, 0, 0, 0, 0, 0, 0, 34]","""[0, 2, 6, 13, 2, 2, 7, 3, 2, 4, 1, 69, 64, 35, 29, 36, 23, 73, 58, 68, 0]"""
j10,2,proactive_quantile_0.75,60,False,inf,0.0636906623840332,inf,"[0, 0, 0, 10, 4, 20, 4, 20, 20, 29, 39, 0, 0, 0, 0, 0, 0, 0, 0, 0, 72]","""[0, 8, 5, 2, 4, 1, 7, 9, 4, 10, 1, 69, 64, 35, 29, 36, 23, 73, 58, 68, 0]"""
j10,2,reactive,60,False,inf,inf,inf,null,"[0, 8, 5, 2, 4, 1, 7, 9, 4, 10, 1, 69, 64, 35, 29, 36, 23, 73, 58, 68, 0]"
j10,2,stnu,60,True,34,0.633000373840332,0.013448238372802734,"[0, 0, 0, 12, 5, 14, 5, 14, 14, 23, 33, 0, 0, 0, 0, 0, 0, 0, 0, 0, 34]","""[0, 8, 5, 2, 1, 1, 7, 9, 4, 10, 1, 69, 64, 35, 29, 36, 23, 73, 58, 68, 0]"""
j10,2,proactive_quantile_0.75,60,True,41,0.14464831352233887,0.0010027885437011719,"[0, 0, 0, 10, 4, 20, 4, 20, 20, 29, 39, 0, 0, 0, 0, 0, 0, 0, 0, 0, 72]","""[0, 6, 2, 10, 5, 3, 5, 6, 3, 3, 1, 69, 64, 35, 29, 36, 23, 73, 58, 68, 0]"""
j10,2,reactive,60,True,40,0.14464831352233887,0.1810314655303955,"[0, 0, 0, 10, 4, 20, 4, 20, 20, 29, 39, 0, 0, 0, 0, 0, 0, 0, 0, 0, 40]","[0, 6, 2, 10, 5, 3, 5, 6, 3, 3, 1, 69, 64, 35, 29, 36, 23, 73, 58, 68, 0]"
j10,2,stnu,60,True,27,0.6946392059326172,0.013370275497436523,"[0, 0, 0, 7, 2, 17, 2, 17, 17, 23, 26, 0, 0, 0, 0, 0, 0, 0, 0, 0, 27]","""[0, 6, 2, 10, 7, 3, 5, 6, 3, 3, 1, 69, 64, 35, 29, 36, 23, 73, 58, 68, 0]"""
j10,2,proactive_quantile_0.75,60,False,inf,0.0643463134765625,inf,"[0, 0, 0, 10, 4, 20, 4, 20, 20, 29, 39, 0, 0, 0, 0, 0, 0, 0, 0, 0, 72]","""[0, 8, 3, 13, 8, 4, 1, 5, 2, 4, 2, 69, 64, 35, 29, 36, 23, 73, 58, 68, 0]"""
j10,2,reactive,60,False,inf,inf,inf,null,"[0, 8, 3, 13, 8, 4, 1, 5, 2, 4, 2, 69, 64, 35, 29, 36, 23, 73, 58, 68, 0]"
j10,2,stnu,60,True,28,0.6227562427520752,0.013614654541015625,"[0, 0, 0, 4, 3, 17, 3, 17, 17, 22, 26, 0, 0, 0, 0, 0, 0, 0, 0, 0, 28]","""[0, 8, 3, 13, 4, 4, 1, 5, 2, 4, 2, 69, 64, 35, 29, 36, 23, 73, 58, 68, 0]"""
j10,2,proactive_quantile_0.75,60,False,inf,0.046683549880981445,inf,"[0, 0, 0, 10, 4, 20, 4, 20, 20, 29, 39, 0, 0, 0, 0, 0, 0, 0, 0, 0, 72]","""[0, 2, 4, 6, 10, 6, 7, 11, 1, 6, 2, 69, 64, 35, 29, 36, 23, 73, 58, 68, 0]"""
j10,2,reactive,60,False,inf,inf,inf,null,"[0, 2, 4, 6, 10, 6, 7, 11, 1, 6, 2, 69, 64, 35, 29, 36, 23, 73, 58, 68, 0]"
j10,2,stnu,60,True,36,0.6021904945373535,0.013347148895263672,"[0, 0, 0, 11, 4, 17, 4, 17, 17, 28, 34, 0, 0, 0, 0, 0, 0, 0, 0, 0, 36]","""[0, 2, 4, 6, 1, 6, 7, 11, 1, 6, 2, 69, 64, 35, 29, 36, 23, 73, 58, 68, 0]"""
j10,2,proactive_quantile_0.75,60,False,inf,0.04625511169433594,inf,"[0, 0, 0, 0, 4, 4, 15, 6, 21, 15, 15, 0, 61]","""[0, 5, 1, 6, 10, 6, 6, 2, 11, 8, 12, 62, 0]"""
j10,2,reactive,60,False,inf,inf,inf,null,"[0, 5, 1, 6, 10, 6, 6, 2, 11, 8, 12, 62, 0]"
j10,2,stnu,60,True,34,0.608771562576294,0.00543665885925293,"[0, 0, 0, 0, 5, 5, 15, 6, 23, 15, 11, 0, 34]","""[0, 5, 1, 6, 10, 6, 6, 2, 11, 8, 6, 62, 0]"""
j10,2,proactive_quantile_0.75,60,True,30,0.04859662055969238,0.0002963542938232422,"[0, 0, 0, 0, 4, 4, 15, 6, 21, 15, 15, 0, 61]","""[0, 4, 5, 5, 4, 8, 3, 5, 1, 9, 3, 62, 0]"""
j10,2,reactive,60,False,inf,inf,inf,null,"[0, 4, 5, 5, 4, 8, 3, 5, 1, 9, 3, 62, 0]"
j10,2,stnu,60,True,23,0.5739870071411133,0.005383014678955078,"[0, 0, 0, 0, 5, 5, 13, 5, 22, 13, 13, 0, 23]","""[0, 4, 5, 5, 4, 8, 3, 5, 1, 9, 5, 62, 0]"""
j10,2,proactive_quantile_0.75,60,True,30,0.03857111930847168,0.00029969215393066406,"[0, 0, 0, 0, 4, 4, 15, 6, 21, 15, 15, 0, 61]","""[0, 4, 6, 2, 2, 4, 5, 6, 2, 3, 16, 62, 0]"""
j10,2,reactive,60,False,inf,inf,inf,null,"[0, 4, 6, 2, 2, 4, 5, 6, 2, 3, 16, 62, 0]"
j10,2,stnu,60,True,19,0.583345890045166,0.0054361820220947266,"[0, 0, 0, 0, 6, 6, 10, 6, 17, 12, 12, 0, 19]","""[0, 4, 6, 2, 2, 4, 5, 6, 2, 3, 5, 62, 0]"""
j10,2,proactive_quantile_0.75,60,True,30,0.04937624931335449,0.00034332275390625,"[0, 0, 0, 0, 4, 4, 15, 6, 21, 15, 15, 0, 61]","""[0, 1, 5, 3, 9, 15, 7, 5, 1, 10, 13, 62, 0]"""
j10,2,reactive,60,False,inf,inf,inf,null,"[0, 1, 5, 3, 9, 15, 7, 5, 1, 10, 13, 62, 0]"
j10,2,stnu,60,True,31,0.5848085880279541,0.005398988723754883,"[0, 0, 0, 0, 5, 5, 20, 5, 30, 20, 20, 0, 31]","""[0, 1, 5, 3, 9, 15, 7, 5, 1, 10, 2, 62, 0]"""
j10,2,proactive_quantile_0.75,60,False,inf,0.12270951271057129,inf,"[0, 0, 0, 0, 3, 2, 12, 3, 14, 12, 12, 0, 61]","""[0, 4, 2, 3, 2, 10, 1, 6, 3, 3, 2, 62, 0]"""
j10,2,reactive,60,False,inf,inf,inf,null,"[0, 4, 2, 3, 2, 10, 1, 6, 3, 3, 2, 62, 0]"
j10,2,stnu,60,True,28,0.5838179588317871,0.005342721939086914,"[0, 0, 0, 0, 4, 3, 13, 4, 14, 13, 13, 0, 28]","""[0, 4, 2, 3, 2, 10, 1, 7, 5, 15, 1, 62, 0]"""
j10,2,proactive_quantile_0.75,60,True,18,0.1243133544921875,0.00027561187744140625,"[0, 0, 0, 0, 3, 2, 12, 3, 14, 12, 12, 0, 61]","""[0, 2, 1, 3, 1, 9, 2, 2, 1, 2, 5, 62, 0]"""
j10,2,reactive,60,True,17,0.1243133544921875,0.1099095344543457,"[0, 0, 0, 0, 3, 2, 12, 3, 14, 12, 12, 0, 17]","[0, 2, 1, 3, 1, 9, 2, 2, 1, 2, 5, 62, 0]"
j10,2,stnu,60,True,26,0.5790016651153564,0.0054798126220703125,"[0, 0, 0, 0, 3, 3, 17, 8, 25, 17, 17, 0, 26]","""[0, 3, 2, 8, 4, 14, 8, 6, 1, 4, 5, 62, 0]"""
j10,2,proactive_quantile_0.75,60,False,inf,0.09170413017272949,inf,"[0, 0, 0, 0, 3, 2, 12, 3, 14, 12, 12, 0, 61]","""[0, 1, 2, 1, 2, 11, 1, 7, 3, 1, 2, 62, 0]"""
j10,2,reactive,60,False,inf,inf,inf,null,"[0, 1, 2, 1, 2, 11, 1, 7, 3, 1, 2, 62, 0]"
j10,2,stnu,60,True,27,0.5861208438873291,0.005425930023193359,"[0, 0, 0, 0, 6, 6, 11, 6, 22, 13, 13, 0, 27]","""[0, 2, 6, 6, 4, 5, 9, 7, 5, 9, 2, 62, 0]"""
j10,2,proactive_quantile_0.75,60,True,30,0.042489051818847656,0.00031375885009765625,"[0, 0, 0, 0, 4, 4, 15, 6, 21, 15, 15, 0, 61]","""[0, 2, 4, 3, 7, 7, 9, 1, 6, 4, 5, 62, 0]"""
j10,2,reactive,60,False,inf,inf,inf,null,"[0, 2, 4, 3, 7, 7, 9, 1, 6, 4, 5, 62, 0]"
j10,2,stnu,60,True,26,0.5739879608154297,0.005446195602416992,"[0, 0, 0, 0, 4, 4, 11, 4, 20, 11, 11, 0, 26]","""[0, 2, 4, 3, 7, 7, 9, 1, 6, 4, 3, 62, 0]"""
j10,2,proactive_quantile_0.75,60,True,30,0.04684281349182129,0.0002999305725097656,"[0, 0, 0, 0, 4, 4, 15, 6, 21, 15, 15, 0, 61]","""[0, 1, 2, 4, 4, 5, 4, 7, 11, 2, 9, 62, 0]"""
j10,2,reactive,60,True,32,0.04684281349182129,0.1012880802154541,"[0, 0, 0, 0, 4, 4, 15, 6, 21, 15, 15, 0, 32]","[0, 1, 2, 4, 4, 5, 4, 7, 11, 2, 9, 62, 0]"
j10,2,stnu,60,True,24,0.592562198638916,0.0053899288177490234,"[0, 0, 0, 0, 2, 2, 7, 4, 13, 11, 11, 0, 24]","""[0, 1, 2, 4, 4, 5, 4, 7, 11, 2, 1, 62, 0]"""
j10,2,proactive_quantile_0.75,60,True,18,0.0720360279083252,0.00027298927307128906,"[0, 0, 0, 0, 3, 2, 12, 3, 14, 12, 12, 0, 61]","""[0, 1, 3, 2, 2, 4, 2, 5, 2, 2, 9, 62, 0]"""
j10,2,reactive,60,False,inf,inf,inf,null,"[0, 1, 3, 2, 2, 4, 2, 5, 2, 2, 9, 62, 0]"
j10,2,stnu,60,True,31,0.5752143859863281,0.005392789840698242,"[0, 0, 0, 0, 1, 1, 10, 8, 23, 14, 14, 0, 31]","""[0, 1, 1, 8, 4, 9, 5, 6, 8, 2, 9, 62, 0]"""
j10,2,proactive_quantile_0.75,60,False,inf,0.0505375862121582,inf,"[0, 0, 0, 0, 11, 11, 15, 17, 27, 3, 20, 0, 0, 0, 0, 0, 0, 0, 0, 0, 73]","""[0, 2, 13, 10, 7, 6, 1, 8, 5, 12, 10, 25, 59, 74, 62, 16, 50, 48, 48, 34, 0]"""
j10,2,reactive,60,False,inf,inf,inf,null,"[0, 2, 13, 10, 7, 6, 1, 8, 5, 12, 10, 25, 59, 74, 62, 16, 50, 48, 48, 34, 0]"
j10,2,stnu,60,False,inf,0.5981004238128662,inf,[],"""[0, 2, 13, 10, 10, 6, 1, 8, 5, 2, 2, 25, 59, 74, 62, 16, 50, 48, 48, 34, 0]"""
j10,2,proactive_quantile_0.75,60,True,33,0.0472261905670166,0.0009663105010986328,"[0, 0, 0, 0, 11, 11, 15, 17, 27, 3, 20, 0, 0, 0, 0, 0, 0, 0, 0, 0, 73]","""[0, 1, 4, 9, 10, 4, 2, 7, 9, 10, 12, 25, 59, 74, 62, 16, 50, 48, 48, 34, 0]"""
j10,2,reactive,60,False,inf,inf,inf,null,"[0, 1, 4, 9, 10, 4, 2, 7, 9, 10, 12, 25, 59, 74, 62, 16, 50, 48, 48, 34, 0]"
j10,2,stnu,60,False,inf,0.5659914016723633,inf,[],"""[0, 1, 4, 9, 8, 4, 2, 7, 9, 10, 6, 25, 59, 74, 62, 16, 50, 48, 48, 34, 0]"""
j10,2,proactive_quantile_0.75,60,False,inf,0.06101870536804199,inf,"[0, 0, 0, 0, 11, 11, 15, 17, 27, 3, 20, 0, 0, 0, 0, 0, 0, 0, 0, 0, 73]","""[0, 3, 11, 7, 6, 2, 1, 11, 8, 13, 7, 25, 59, 74, 62, 16, 50, 48, 48, 34, 0]"""
j10,2,reactive,60,False,inf,inf,inf,null,"[0, 3, 11, 7, 6, 2, 1, 11, 8, 13, 7, 25, 59, 74, 62, 16, 50, 48, 48, 34, 0]"
j10,2,stnu,60,False,inf,0.5748207569122314,inf,[],"""[0, 3, 11, 7, 3, 2, 1, 11, 8, 9, 1, 25, 59, 74, 62, 16, 50, 48, 48, 34, 0]"""
j10,2,proactive_quantile_0.75,60,True,33,0.045130014419555664,0.0009968280792236328,"[0, 0, 0, 0, 11, 11, 15, 17, 27, 3, 20, 0, 0, 0, 0, 0, 0, 0, 0, 0, 73]","""[0, 3, 9, 9, 6, 1, 3, 9, 9, 9, 12, 25, 59, 74, 62, 16, 50, 48, 48, 34, 0]"""
j10,2,reactive,60,False,inf,inf,inf,null,"[0, 3, 9, 9, 6, 1, 3, 9, 9, 9, 12, 25, 59, 74, 62, 16, 50, 48, 48, 34, 0]"
j10,2,stnu,60,False,inf,0.5608906745910645,inf,[],"""[0, 3, 9, 9, 9, 1, 3, 9, 9, 10, 9, 25, 59, 74, 62, 16, 50, 48, 48, 34, 0]"""
j10,2,proactive_quantile_0.75,60,False,inf,0.059400320053100586,inf,"[0, 0, 0, 0, 11, 11, 15, 17, 27, 3, 20, 0, 0, 0, 0, 0, 0, 0, 0, 0, 73]","""[0, 3, 7, 13, 9, 2, 2, 10, 4, 9, 11, 25, 59, 74, 62, 16, 50, 48, 48, 34, 0]"""
j10,2,reactive,60,False,inf,inf,inf,null,"[0, 3, 7, 13, 9, 2, 2, 10, 4, 9, 11, 25, 59, 74, 62, 16, 50, 48, 48, 34, 0]"
j10,2,stnu,60,False,inf,0.5455617904663086,inf,[],"""[0, 3, 7, 13, 7, 2, 2, 10, 4, 4, 9, 25, 59, 74, 62, 16, 50, 48, 48, 34, 0]"""
j10,2,proactive_quantile_0.75,60,True,33,0.06238865852355957,0.0009386539459228516,"[0, 0, 0, 0, 11, 11, 15, 17, 27, 3, 20, 0, 0, 0, 0, 0, 0, 0, 0, 0, 73]","""[0, 1, 5, 5, 3, 1, 2, 11, 3, 10, 11, 25, 59, 74, 62, 16, 50, 48, 48, 34, 0]"""
j10,2,reactive,60,False,inf,inf,inf,null,"[0, 1, 5, 5, 3, 1, 2, 11, 3, 10, 11, 25, 59, 74, 62, 16, 50, 48, 48, 34, 0]"
j10,2,stnu,60,False,inf,0.5789978504180908,inf,[],"""[0, 1, 5, 5, 5, 1, 2, 11, 3, 9, 9, 25, 59, 74, 62, 16, 50, 48, 48, 34, 0]"""
j10,2,proactive_quantile_0.75,60,False,inf,0.03301382064819336,inf,"[0, 0, 0, 0, 11, 11, 15, 17, 27, 3, 20, 0, 0, 0, 0, 0, 0, 0, 0, 0, 73]","""[0, 4, 14, 3, 8, 5, 1, 6, 6, 14, 7, 25, 59, 74, 62, 16, 50, 48, 48, 34, 0]"""
j10,2,reactive,60,False,inf,inf,inf,null,"[0, 4, 14, 3, 8, 5, 1, 6, 6, 14, 7, 25, 59, 74, 62, 16, 50, 48, 48, 34, 0]"
j10,2,stnu,60,False,inf,0.615147590637207,inf,[],"""[0, 4, 14, 3, 4, 5, 1, 6, 6, 2, 4, 25, 59, 74, 62, 16, 50, 48, 48, 34, 0]"""
j10,2,proactive_quantile_0.75,60,False,inf,0.049757957458496094,inf,"[0, 0, 0, 0, 11, 11, 15, 17, 27, 3, 20, 0, 0, 0, 0, 0, 0, 0, 0, 0, 73]","""[0, 4, 5, 7, 10, 5, 2, 5, 9, 12, 11, 25, 59, 74, 62, 16, 50, 48, 48, 34, 0]"""
j10,2,reactive,60,False,inf,inf,inf,null,"[0, 4, 5, 7, 10, 5, 2, 5, 9, 12, 11, 25, 59, 74, 62, 16, 50, 48, 48, 34, 0]"
j10,2,stnu,60,False,inf,0.568375825881958,inf,[],"""[0, 4, 5, 7, 9, 5, 2, 5, 9, 8, 9, 25, 59, 74, 62, 16, 50, 48, 48, 34, 0]"""
j10,2,proactive_quantile_0.75,60,True,33,0.05903434753417969,0.0009477138519287109,"[0, 0, 0, 0, 11, 11, 15, 17, 27, 3, 20, 0, 0, 0, 0, 0, 0, 0, 0, 0, 73]","""[0, 4, 9, 4, 5, 2, 3, 13, 9, 6, 5, 25, 59, 74, 62, 16, 50, 48, 48, 34, 0]"""
j10,2,reactive,60,False,inf,inf,inf,null,"[0, 4, 9, 4, 5, 2, 3, 13, 9, 6, 5, 25, 59, 74, 62, 16, 50, 48, 48, 34, 0]"
j10,2,stnu,60,False,inf,0.5666794776916504,inf,[],"""[0, 4, 9, 4, 11, 2, 3, 13, 9, 5, 5, 25, 59, 74, 62, 16, 50, 48, 48, 34, 0]"""
j10,2,proactive_quantile_0.75,60,True,33,0.059319257736206055,0.0009500980377197266,"[0, 0, 0, 0, 11, 11, 15, 17, 27, 3, 20, 0, 0, 0, 0, 0, 0, 0, 0, 0, 73]","""[0, 4, 3, 7, 2, 1, 2, 10, 4, 11, 10, 25, 59, 74, 62, 16, 50, 48, 48, 34, 0]"""
j10,2,reactive,60,False,inf,inf,inf,null,"[0, 4, 3, 7, 2, 1, 2, 10, 4, 11, 10, 25, 59, 74, 62, 16, 50, 48, 48, 34, 0]"
j10,2,stnu,60,False,inf,0.5874645709991455,inf,[],"""[0, 4, 3, 7, 9, 1, 2, 10, 4, 3, 7, 25, 59, 74, 62, 16, 50, 48, 48, 34, 0]"""
j10,2,proactive_quantile_0.75,60,False,inf,0.0520327091217041,inf,"[0, 0, 0, 0, 7, 7, 17, 11, 21, 17, 7, 0, 0, 0, 59]","""[0, 8, 1, 2, 5, 9, 3, 1, 6, 3, 2, 60, 25, 55, 0]"""
j10,2,reactive,60,False,inf,inf,inf,null,"[0, 8, 1, 2, 5, 9, 3, 1, 6, 3, 2, 60, 25, 55, 0]"
j10,2,stnu,60,True,26,0.6158647537231445,0.007010698318481445,"[0, 0, 0, 0, 8, 8, 17, 13, 20, 17, 2, 0, 0, 0, 26]","""[0, 8, 1, 2, 5, 9, 3, 1, 6, 7, 2, 60, 25, 55, 0]"""
j10,2,proactive_quantile_0.75,60,False,inf,0.1130361557006836,inf,"[0, 0, 0, 0, 6, 6, 13, 10, 16, 16, 6, 0, 0, 0, 59]","""[0, 1, 3, 2, 2, 5, 4, 9, 2, 2, 3, 60, 25, 55, 0]"""
j10,2,reactive,60,False,inf,inf,inf,null,"[0, 1, 3, 2, 2, 5, 4, 9, 2, 2, 3, 60, 25, 55, 0]"
j10,2,stnu,60,True,25,0.5705571174621582,0.006812095642089844,"[0, 0, 0, 0, 3, 4, 9, 5, 10, 14, 4, 0, 0, 0, 25]","""[0, 3, 4, 3, 2, 5, 1, 9, 4, 11, 3, 60, 25, 55, 0]"""
j10,2,proactive_quantile_0.75,60,True,22,0.09990429878234863,0.0004277229309082031,"[0, 0, 0, 0, 6, 6, 13, 10, 16, 16, 6, 0, 0, 0, 59]","""[0, 5, 1, 6, 6, 9, 3, 5, 1, 7, 1, 60, 25, 55, 0]"""
j10,2,reactive,60,False,inf,inf,inf,null,"[0, 5, 1, 6, 6, 9, 3, 5, 1, 7, 1, 60, 25, 55, 0]"
j10,2,stnu,60,True,28,0.5726280212402344,0.007051944732666016,"[0, 0, 0, 0, 5, 5, 18, 11, 20, 18, 4, 0, 0, 0, 28]","""[0, 5, 4, 2, 6, 13, 2, 5, 4, 10, 6, 60, 25, 55, 0]"""
j10,2,proactive_quantile_0.75,60,True,27,0.054996490478515625,0.00046443939208984375,"[0, 0, 0, 0, 7, 7, 17, 11, 21, 17, 7, 0, 0, 0, 59]","""[0, 6, 3, 6, 1, 12, 2, 7, 8, 5, 9, 60, 25, 55, 0]"""
j10,2,reactive,60,False,inf,inf,inf,null,"[0, 6, 3, 6, 1, 12, 2, 7, 8, 5, 9, 60, 25, 55, 0]"
j10,2,stnu,60,True,28,0.555762767791748,0.006918907165527344,"[0, 0, 0, 0, 6, 6, 18, 7, 20, 18, 6, 0, 0, 0, 28]","""[0, 6, 3, 6, 1, 12, 2, 7, 8, 6, 9, 60, 25, 55, 0]"""
j10,2,proactive_quantile_0.75,60,False,inf,0.04163169860839844,inf,"[0, 0, 0, 0, 7, 7, 17, 11, 21, 17, 7, 0, 0, 0, 59]","""[0, 3, 1, 10, 6, 5, 2, 8, 2, 3, 8, 60, 25, 55, 0]"""
j10,2,reactive,60,False,inf,inf,inf,null,"[0, 3, 1, 10, 6, 5, 2, 8, 2, 3, 8, 60, 25, 55, 0]"
j10,2,stnu,60,True,35,0.5669465065002441,0.0072557926177978516,"[0, 0, 0, 0, 10, 10, 18, 16, 20, 24, 10, 0, 0, 0, 35]","""[0, 3, 1, 10, 6, 5, 2, 8, 2, 11, 8, 60, 25, 55, 0]"""
j10,2,proactive_quantile_0.75,60,False,inf,0.05109047889709473,inf,"[0, 0, 0, 0, 7, 7, 17, 11, 21, 17, 7, 0, 0, 0, 59]","""[0, 10, 4, 7, 2, 3, 2, 9, 2, 8, 2, 60, 25, 55, 0]"""
j10,2,reactive,60,False,inf,inf,inf,null,"[0, 10, 4, 7, 2, 3, 2, 9, 2, 8, 2, 60, 25, 55, 0]"
j10,2,stnu,60,True,30,0.5758497714996338,0.006994962692260742,"[0, 0, 0, 0, 10, 10, 13, 12, 15, 21, 7, 0, 0, 0, 30]","""[0, 10, 4, 7, 2, 3, 2, 9, 2, 9, 2, 60, 25, 55, 0]"""
j10,2,proactive_quantile_0.75,60,False,inf,0.11408257484436035,inf,"[0, 0, 0, 0, 6, 6, 13, 10, 16, 14, 6, 0, 0, 0, 59]","""[0, 1, 3, 8, 2, 1, 3, 2, 3, 6, 4, 60, 25, 55, 0]"""
j10,2,reactive,60,False,inf,inf,inf,null,"[0, 1, 3, 8, 2, 1, 3, 2, 3, 6, 4, 60, 25, 55, 0]"
j10,2,stnu,60,True,31,0.5783779621124268,0.006978273391723633,"[0, 0, 0, 0, 3, 5, 16, 5, 17, 16, 5, 0, 0, 0, 31]","""[0, 1, 5, 3, 2, 11, 1, 8, 3, 15, 1, 60, 25, 55, 0]"""
j10,2,proactive_quantile_0.75,60,True,27,0.054193735122680664,0.00043773651123046875,"[0, 0, 0, 0, 6, 6, 13, 15, 16, 21, 6, 0, 0, 0, 59]","""[0, 2, 3, 6, 12, 8, 2, 5, 4, 6, 1, 60, 25, 55, 0]"""
j10,2,reactive,60,False,inf,inf,inf,null,"[0, 2, 3, 6, 12, 8, 2, 5, 4, 6, 1, 60, 25, 55, 0]"
j10,2,stnu,60,True,18,0.5769588947296143,0.0069162845611572266,"[0, 0, 0, 0, 6, 6, 14, 9, 16, 10, 6, 0, 0, 0, 18]","""[0, 2, 5, 6, 3, 8, 2, 1, 2, 6, 1, 60, 25, 55, 0]"""
j10,2,proactive_quantile_0.75,60,False,inf,0.04088544845581055,inf,"[0, 0, 0, 0, 7, 7, 17, 11, 21, 17, 7, 0, 0, 0, 59]","""[0, 10, 6, 3, 3, 5, 2, 7, 4, 5, 2, 60, 25, 55, 0]"""
j10,2,reactive,60,False,inf,inf,inf,null,"[0, 10, 6, 3, 3, 5, 2, 7, 4, 5, 2, 60, 25, 55, 0]"
j10,2,stnu,60,True,17,0.569098711013794,0.0070018768310546875,"[0, 0, 0, 0, 4, 6, 9, 9, 10, 12, 6, 0, 0, 0, 17]","""[0, 4, 6, 3, 3, 3, 1, 3, 3, 5, 3, 60, 25, 55, 0]"""
j10,2,proactive_quantile_0.75,60,False,inf,0.05479168891906738,inf,"[0, 0, 0, 0, 7, 7, 17, 11, 21, 17, 7, 0, 0, 0, 59]","""[0, 10, 6, 3, 4, 11, 5, 4, 5, 6, 4, 60, 25, 55, 0]"""
j10,2,reactive,60,False,inf,inf,inf,null,"[0, 10, 6, 3, 4, 11, 5, 4, 5, 6, 4, 60, 25, 55, 0]"
j10,2,stnu,60,True,31,0.5696761608123779,0.0069141387939453125,"[0, 0, 0, 0, 10, 10, 21, 14, 26, 21, 6, 0, 0, 0, 31]","""[0, 10, 6, 3, 4, 11, 5, 4, 5, 5, 4, 60, 25, 55, 0]"""
j10,2,proactive_quantile_0.75,60,False,inf,0.1495654582977295,inf,"[0, 0, 0, 0, 4, 11, 11, 14, 23, 32, 23, 0, 0, 0, 0, 0, 74]","""[0, 2, 5, 5, 10, 2, 3, 7, 13, 1, 7, 40, 25, 60, 75, 71, 0]"""
j10,2,reactive,60,False,inf,inf,inf,null,"[0, 2, 5, 5, 10, 2, 3, 7, 13, 1, 7, 40, 25, 60, 75, 71, 0]"
j10,2,stnu,60,True,33,0.6112504005432129,0.009198427200317383,"[0, 0, 0, 0, 5, 15, 15, 18, 25, 32, 25, 0, 0, 0, 0, 0, 33]","""[0, 2, 5, 5, 10, 2, 3, 7, 3, 1, 7, 40, 25, 60, 75, 71, 0]"""
j10,2,proactive_quantile_0.75,60,False,inf,0.061065673828125,inf,"[0, 0, 0, 0, 4, 11, 11, 14, 23, 32, 23, 0, 0, 0, 0, 0, 74]","""[0, 3, 2, 1, 9, 4, 1, 8, 7, 2, 2, 40, 25, 60, 75, 71, 0]"""
j10,2,reactive,60,False,inf,inf,inf,null,"[0, 3, 2, 1, 9, 4, 1, 8, 7, 2, 2, 40, 25, 60, 75, 71, 0]"
j10,2,stnu,60,True,30,0.5892088413238525,0.009311199188232422,"[0, 0, 0, 0, 3, 12, 12, 16, 24, 28, 24, 0, 0, 0, 0, 0, 30]","""[0, 3, 2, 1, 9, 4, 1, 8, 4, 2, 2, 40, 25, 60, 75, 71, 0]"""
j10,2,proactive_quantile_0.75,60,False,inf,0.06165623664855957,inf,"[0, 0, 0, 0, 4, 11, 11, 14, 23, 32, 23, 0, 0, 0, 0, 0, 74]","""[0, 2, 9, 3, 2, 4, 4, 4, 7, 1, 11, 40, 25, 60, 75, 71, 0]"""
j10,2,reactive,60,False,inf,inf,inf,null,"[0, 2, 9, 3, 2, 4, 4, 4, 7, 1, 11, 40, 25, 60, 75, 71, 0]"
j10,2,stnu,60,True,26,0.604555606842041,0.009123086929321289,"[0, 0, 0, 0, 3, 6, 6, 10, 14, 14, 15, 0, 0, 0, 0, 0, 26]","""[0, 2, 2, 3, 3, 4, 3, 4, 7, 1, 11, 40, 25, 60, 75, 71, 0]"""
j10,2,proactive_quantile_0.75,60,False,inf,0.061326026916503906,inf,"[0, 0, 0, 0, 4, 11, 11, 14, 23, 32, 23, 0, 0, 0, 0, 0, 74]","""[0, 2, 9, 6, 8, 4, 3, 9, 6, 1, 9, 40, 25, 60, 75, 71, 0]"""
j10,2,reactive,60,False,inf,inf,inf,null,"[0, 2, 9, 6, 8, 4, 3, 9, 6, 1, 9, 40, 25, 60, 75, 71, 0]"
j10,2,stnu,60,True,37,0.5917413234710693,0.009296178817749023,"[0, 0, 0, 0, 6, 14, 14, 18, 27, 36, 27, 0, 0, 0, 0, 0, 37]","""[0, 2, 9, 6, 8, 4, 3, 9, 1, 1, 9, 40, 25, 60, 75, 71, 0]"""
j10,2,proactive_quantile_0.75,60,False,inf,0.14766669273376465,inf,"[0, 0, 0, 0, 4, 11, 11, 14, 23, 32, 23, 0, 0, 0, 0, 0, 74]","""[0, 3, 6, 5, 5, 4, 3, 1, 10, 2, 8, 40, 25, 60, 75, 71, 0]"""
j10,2,reactive,60,False,inf,inf,inf,null,"[0, 3, 6, 5, 5, 4, 3, 1, 10, 2, 8, 40, 25, 60, 75, 71, 0]"
j10,2,stnu,60,True,25,0.5968544483184814,0.009167671203613281,"[0, 0, 0, 0, 5, 10, 10, 14, 15, 23, 15, 0, 0, 0, 0, 0, 25]","""[0, 3, 6, 5, 5, 4, 3, 1, 8, 2, 8, 40, 25, 60, 75, 71, 0]"""
j10,2,proactive_quantile_0.75,60,True,34,0.06521439552307129,0.0006489753723144531,"[0, 0, 0, 0, 4, 11, 11, 14, 23, 32, 23, 0, 0, 0, 0, 0, 74]","""[0, 1, 3, 1, 2, 1, 3, 8, 6, 2, 6, 40, 25, 60, 75, 71, 0]"""
j10,2,reactive,60,True,34,0.06521439552307129,0.12600946426391602,"[0, 0, 0, 0, 4, 11, 11, 14, 23, 32, 23, 0, 0, 0, 0, 0, 34]","[0, 1, 3, 1, 2, 1, 3, 8, 6, 2, 6, 40, 25, 60, 75, 71, 0]"
j10,2,stnu,60,True,22,0.6000664234161377,0.009147167205810547,"[0, 0, 0, 0, 1, 3, 3, 6, 14, 20, 14, 0, 0, 0, 0, 0, 22]","""[0, 1, 3, 1, 2, 1, 3, 8, 1, 2, 6, 40, 25, 60, 75, 71, 0]"""
j10,2,proactive_quantile_0.75,60,False,inf,0.05834770202636719,inf,"[0, 0, 0, 0, 4, 11, 11, 14, 23, 32, 23, 0, 0, 0, 0, 0, 74]","""[0, 3, 4, 2, 1, 4, 2, 11, 13, 1, 12, 40, 25, 60, 75, 71, 0]"""
j10,2,reactive,60,False,inf,inf,inf,null,"[0, 3, 4, 2, 1, 4, 2, 11, 13, 1, 12, 40, 25, 60, 75, 71, 0]"
j10,2,stnu,60,True,32,0.6219344139099121,0.009249687194824219,"[0, 0, 0, 0, 3, 4, 4, 8, 19, 31, 19, 0, 0, 0, 0, 0, 32]","""[0, 3, 4, 2, 1, 4, 2, 11, 8, 1, 12, 40, 25, 60, 75, 71, 0]"""
j10,2,proactive_quantile_0.75,60,True,34,0.05955934524536133,0.0006780624389648438,"[0, 0, 0, 0, 4, 11, 11, 14, 23, 32, 23, 0, 0, 0, 0, 0, 74]","""[0, 2, 5, 2, 6, 3, 4, 6, 9, 2, 9, 40, 25, 60, 75, 71, 0]"""
j10,2,reactive,60,True,34,0.05955934524536133,0.10845112800598145,"[0, 0, 0, 0, 4, 11, 11, 14, 23, 32, 23, 0, 0, 0, 0, 0, 34]","[0, 2, 5, 2, 6, 3, 4, 6, 9, 2, 9, 40, 25, 60, 75, 71, 0]"
j10,2,stnu,60,True,29,0.6360623836517334,0.009249448776245117,"[0, 0, 0, 0, 2, 8, 8, 12, 18, 27, 18, 0, 0, 0, 0, 0, 29]","""[0, 2, 5, 2, 6, 3, 4, 6, 1, 2, 9, 40, 25, 60, 75, 71, 0]"""
j10,2,proactive_quantile_0.75,60,True,34,0.051448822021484375,0.0006525516510009766,"[0, 0, 0, 0, 4, 11, 11, 14, 23, 32, 23, 0, 0, 0, 0, 0, 74]","""[0, 1, 7, 4, 1, 4, 3, 7, 11, 1, 3, 40, 25, 60, 75, 71, 0]"""
j10,2,reactive,60,False,inf,inf,inf,null,"[0, 1, 7, 4, 1, 4, 3, 7, 11, 1, 3, 40, 25, 60, 75, 71, 0]"
j10,2,stnu,60,True,24,0.5987503528594971,0.009225845336914062,"[0, 0, 0, 0, 4, 7, 7, 11, 18, 23, 18, 0, 0, 0, 0, 0, 24]","""[0, 1, 7, 4, 1, 4, 3, 7, 5, 1, 3, 40, 25, 60, 75, 71, 0]"""
j10,2,proactive_quantile_0.75,60,True,34,0.06114673614501953,0.0006489753723144531,"[0, 0, 0, 0, 4, 11, 11, 14, 23, 32, 23, 0, 0, 0, 0, 0, 74]","""[0, 3, 1, 4, 2, 1, 1, 5, 13, 3, 6, 40, 25, 60, 75, 71, 0]"""
j10,2,reactive,60,True,36,0.06114673614501953,0.14234566688537598,"[0, 0, 0, 0, 4, 11, 11, 14, 23, 32, 23, 0, 0, 0, 0, 0, 36]","[0, 3, 1, 4, 2, 1, 1, 5, 13, 3, 6, 40, 25, 60, 75, 71, 0]"
j10,2,stnu,60,True,27,0.6038296222686768,0.009160995483398438,"[0, 0, 0, 0, 4, 6, 6, 9, 14, 14, 17, 0, 0, 0, 0, 0, 27]","""[0, 3, 2, 4, 2, 1, 3, 5, 13, 3, 6, 40, 25, 60, 75, 71, 0]"""
j10,2,proactive_quantile_0.75,60,True,27,0.04947376251220703,0.0008635520935058594,"[0, 0, 0, 0, 10, 10, 11, 12, 20, 16, 12, 0, 0, 0, 0, 0, 0, 0, 73]","""[0, 11, 1, 10, 3, 2, 6, 5, 3, 7, 2, 66, 57, 56, 60, 21, 28, 74, 0]"""
j10,2,reactive,60,True,23,0.04947376251220703,0.11524081230163574,"[0, 0, 0, 0, 10, 10, 11, 12, 20, 16, 12, 0, 0, 0, 0, 0, 0, 0, 23]","[0, 11, 1, 10, 3, 2, 6, 5, 3, 7, 2, 66, 57, 56, 60, 21, 28, 74, 0]"
j10,2,stnu,60,False,inf,0.6042482852935791,inf,[],"""[0, 1, 3, 3, 4, 2, 1, 2, 7, 3, 11, 66, 57, 56, 60, 21, 28, 74, 0]"""
j10,2,proactive_quantile_0.75,60,False,inf,0.09388589859008789,inf,"[0, 0, 0, 0, 9, 9, 3, 11, 16, 9, 11, 0, 0, 0, 0, 0, 0, 0, 73]","""[0, 4, 4, 12, 3, 2, 4, 1, 6, 1, 4, 66, 57, 56, 60, 21, 28, 74, 0]"""
j10,2,reactive,60,False,inf,inf,inf,null,"[0, 4, 4, 12, 3, 2, 4, 1, 6, 1, 4, 66, 57, 56, 60, 21, 28, 74, 0]"
j10,2,stnu,60,False,inf,0.6517632007598877,inf,[],"""[0, 4, 4, 12, 3, 3, 4, 1, 6, 1, 4, 66, 57, 56, 60, 21, 28, 74, 0]"""
j10,2,proactive_quantile_0.75,60,True,22,0.05997157096862793,0.0008001327514648438,"[0, 0, 0, 0, 9, 9, 3, 11, 16, 9, 11, 0, 0, 0, 0, 0, 0, 0, 73]","""[0, 1, 1, 4, 1, 2, 1, 1, 9, 1, 3, 66, 57, 56, 60, 21, 28, 74, 0]"""
j10,2,reactive,60,True,25,0.05997157096862793,0.16436195373535156,"[0, 0, 0, 0, 9, 9, 3, 11, 16, 9, 11, 0, 0, 0, 0, 0, 0, 0, 25]","[0, 1, 1, 4, 1, 2, 1, 1, 9, 1, 3, 66, 57, 56, 60, 21, 28, 74, 0]"
j10,2,stnu,60,False,inf,0.5695791244506836,inf,[],"""[0, 4, 3, 3, 6, 3, 1, 3, 9, 1, 6, 66, 57, 56, 60, 21, 28, 74, 0]"""
j10,2,proactive_quantile_0.75,60,False,inf,0.14062714576721191,inf,"[0, 0, 0, 0, 10, 10, 11, 12, 20, 16, 12, 0, 0, 0, 0, 0, 0, 0, 73]","""[0, 9, 2, 12, 9, 1, 7, 3, 10, 3, 3, 66, 57, 56, 60, 21, 28, 74, 0]"""
j10,2,reactive,60,False,inf,inf,inf,null,"[0, 9, 2, 12, 9, 1, 7, 3, 10, 3, 3, 66, 57, 56, 60, 21, 28, 74, 0]"
j10,2,stnu,60,False,inf,0.6113576889038086,inf,[],"""[0, 9, 2, 12, 7, 1, 7, 3, 8, 3, 3, 66, 57, 56, 60, 21, 28, 74, 0]"""
j10,2,proactive_quantile_0.75,60,False,inf,0.06394290924072266,inf,"[0, 0, 0, 0, 9, 9, 3, 11, 16, 9, 11, 0, 0, 0, 0, 0, 0, 0, 73]","""[0, 2, 4, 11, 3, 2, 1, 1, 5, 1, 2, 66, 57, 56, 60, 21, 28, 74, 0]"""
j10,2,reactive,60,False,inf,inf,inf,null,"[0, 2, 4, 11, 3, 2, 1, 1, 5, 1, 2, 66, 57, 56, 60, 21, 28, 74, 0]"
j10,2,stnu,60,False,inf,0.648507833480835,inf,[],"""[0, 2, 4, 11, 3, 1, 1, 1, 5, 1, 2, 66, 57, 56, 60, 21, 28, 74, 0]"""
j10,2,proactive_quantile_0.75,60,False,inf,0.05115056037902832,inf,"[0, 0, 0, 0, 9, 9, 3, 11, 16, 9, 11, 0, 0, 0, 0, 0, 0, 0, 73]","""[0, 3, 4, 5, 6, 3, 1, 3, 7, 3, 2, 66, 57, 56, 60, 21, 28, 74, 0]"""
j10,2,reactive,60,False,inf,inf,inf,null,"[0, 3, 4, 5, 6, 3, 1, 3, 7, 3, 2, 66, 57, 56, 60, 21, 28, 74, 0]"
j10,2,stnu,60,False,inf,0.6405105590820312,inf,[],"""[0, 3, 4, 5, 6, 2, 1, 3, 7, 3, 2, 66, 57, 56, 60, 21, 28, 74, 0]"""
j10,2,proactive_quantile_0.75,60,False,inf,0.04150986671447754,inf,"[0, 0, 0, 0, 9, 9, 3, 11, 16, 9, 11, 0, 0, 0, 0, 0, 0, 0, 73]","""[0, 2, 3, 11, 6, 1, 3, 1, 4, 1, 3, 66, 57, 56, 60, 21, 28, 74, 0]"""
j10,2,reactive,60,False,inf,inf,inf,null,"[0, 2, 3, 11, 6, 1, 3, 1, 4, 1, 3, 66, 57, 56, 60, 21, 28, 74, 0]"
j10,2,stnu,60,False,inf,0.5766994953155518,inf,[],"""[0, 2, 3, 11, 6, 3, 3, 1, 4, 1, 3, 66, 57, 56, 60, 21, 28, 74, 0]"""
j10,2,proactive_quantile_0.75,60,False,inf,0.060350656509399414,inf,"[0, 0, 0, 0, 10, 10, 11, 12, 20, 16, 12, 0, 0, 0, 0, 0, 0, 0, 73]","""[0, 13, 3, 5, 9, 3, 12, 1, 4, 1, 4, 66, 57, 56, 60, 21, 28, 74, 0]"""
j10,2,reactive,60,False,inf,inf,inf,null,"[0, 13, 3, 5, 9, 3, 12, 1, 4, 1, 4, 66, 57, 56, 60, 21, 28, 74, 0]"
j10,2,stnu,60,False,inf,0.5598633289337158,inf,[],"""[0, 1, 3, 6, 9, 3, 1, 2, 3, 2, 2, 66, 57, 56, 60, 21, 28, 74, 0]"""
j10,2,proactive_quantile_0.75,60,True,27,0.06445527076721191,0.0008754730224609375,"[0, 0, 0, 0, 10, 10, 11, 12, 20, 16, 12, 0, 0, 0, 0, 0, 0, 0, 73]","""[0, 9, 5, 7, 1, 1, 6, 3, 1, 8, 1, 66, 57, 56, 60, 21, 28, 74, 0]"""
j10,2,reactive,60,True,24,0.06445527076721191,0.17209100723266602,"[0, 0, 0, 0, 10, 10, 11, 12, 20, 16, 12, 0, 0, 0, 0, 0, 0, 0, 24]","[0, 9, 5, 7, 1, 1, 6, 3, 1, 8, 1, 66, 57, 56, 60, 21, 28, 74, 0]"
j10,2,stnu,60,False,inf,0.5616402626037598,inf,[],"""[0, 3, 3, 6, 1, 1, 4, 1, 1, 1, 4, 66, 57, 56, 60, 21, 28, 74, 0]"""
j10,2,proactive_quantile_0.75,60,False,inf,0.0508575439453125,inf,"[0, 0, 0, 0, 10, 10, 11, 12, 20, 16, 12, 0, 0, 0, 0, 0, 0, 0, 73]","""[0, 13, 1, 12, 3, 1, 1, 3, 1, 5, 3, 66, 57, 56, 60, 21, 28, 74, 0]"""
j10,2,reactive,60,False,inf,inf,inf,null,"[0, 13, 1, 12, 3, 1, 1, 3, 1, 5, 3, 66, 57, 56, 60, 21, 28, 74, 0]"
j10,2,stnu,60,False,inf,0.582268476486206,inf,[],"""[0, 4, 2, 12, 3, 1, 4, 1, 8, 2, 3, 66, 57, 56, 60, 21, 28, 74, 0]"""
j10,2,proactive_quantile_0.75,60,True,28,0.04679369926452637,0.0004787445068359375,"[0, 0, 0, 0, 7, 7, 10, 10, 17, 17, 17, 0, 0, 0, 0, 69]","""[0, 12, 1, 6, 1, 1, 10, 5, 10, 3, 4, 18, 70, 50, 23, 0]"""
j10,2,reactive,60,False,inf,inf,inf,null,"[0, 12, 1, 6, 1, 1, 10, 5, 10, 3, 4, 18, 70, 50, 23, 0]"
j10,2,stnu,60,True,32,0.6206202507019043,0.007981061935424805,"[0, 0, 0, 0, 6, 6, 12, 12, 22, 22, 22, 0, 0, 0, 0, 32]","""[0, 12, 1, 6, 3, 1, 10, 5, 10, 3, 4, 18, 70, 50, 23, 0]"""
j10,2,proactive_quantile_0.75,60,True,28,0.048326730728149414,0.0005025863647460938,"[0, 0, 0, 0, 7, 7, 10, 10, 17, 17, 17, 0, 0, 0, 0, 69]","""[0, 13, 3, 2, 3, 2, 8, 4, 2, 12, 9, 18, 70, 50, 23, 0]"""
j10,2,reactive,60,False,inf,inf,inf,null,"[0, 13, 3, 2, 3, 2, 8, 4, 2, 12, 9, 18, 70, 50, 23, 0]"
j10,2,stnu,60,True,33,0.5823161602020264,0.007991313934326172,"[0, 0, 0, 0, 3, 3, 13, 13, 21, 21, 21, 0, 0, 0, 0, 33]","""[0, 13, 3, 2, 1, 2, 8, 4, 2, 12, 9, 18, 70, 50, 23, 0]"""
j10,2,proactive_quantile_0.75,60,True,28,0.049723148345947266,0.0004918575286865234,"[0, 0, 0, 0, 7, 7, 10, 10, 17, 17, 17, 0, 0, 0, 0, 69]","""[0, 10, 2, 8, 2, 1, 7, 2, 6, 3, 13, 18, 70, 50, 23, 0]"""
j10,2,reactive,60,False,inf,inf,inf,null,"[0, 10, 2, 8, 2, 1, 7, 2, 6, 3, 13, 18, 70, 50, 23, 0]"
j10,2,stnu,60,True,36,0.5827739238739014,0.007897615432739258,"[0, 0, 0, 0, 8, 8, 16, 16, 23, 23, 23, 0, 0, 0, 0, 36]","""[0, 10, 2, 8, 8, 1, 7, 2, 6, 3, 13, 18, 70, 50, 23, 0]"""
j10,2,proactive_quantile_0.75,60,False,inf,0.04393815994262695,inf,"[0, 0, 0, 0, 2, 2, 5, 5, 11, 11, 11, 0, 0, 0, 0, 69]","""[0, 12, 1, 3, 2, 2, 6, 2, 3, 1, 1, 18, 70, 50, 23, 0]"""
j10,2,reactive,60,False,inf,inf,inf,null,"[0, 12, 1, 3, 2, 2, 6, 2, 3, 1, 1, 18, 70, 50, 23, 0]"
j10,2,stnu,60,True,27,0.6007635593414307,0.00788569450378418,"[0, 0, 0, 0, 3, 3, 10, 10, 17, 17, 17, 0, 0, 0, 0, 27]","""[0, 5, 1, 3, 7, 2, 7, 2, 4, 6, 10, 18, 70, 50, 23, 0]"""
j10,2,proactive_quantile_0.75,60,True,20,0.08499336242675781,0.0004646778106689453,"[0, 0, 0, 0, 2, 2, 5, 5, 11, 11, 11, 0, 0, 0, 0, 69]","""[0, 9, 1, 3, 1, 5, 1, 3, 10, 6, 4, 18, 70, 50, 23, 0]"""
j10,2,reactive,60,False,inf,inf,inf,null,"[0, 9, 1, 3, 1, 5, 1, 3, 10, 6, 4, 18, 70, 50, 23, 0]"
j10,2,stnu,60,True,28,0.5922331809997559,0.007863521575927734,"[0, 0, 0, 0, 3, 3, 8, 8, 15, 15, 15, 0, 0, 0, 0, 28]","""[0, 3, 3, 3, 5, 5, 7, 3, 3, 2, 13, 18, 70, 50, 23, 0]"""
j10,2,proactive_quantile_0.75,60,True,28,0.0507814884185791,0.0005004405975341797,"[0, 0, 0, 0, 7, 7, 10, 10, 17, 17, 17, 0, 0, 0, 0, 69]","""[0, 10, 3, 5, 4, 3, 8, 4, 2, 12, 15, 18, 70, 50, 23, 0]"""
j10,2,reactive,60,False,inf,inf,inf,null,"[0, 10, 3, 5, 4, 3, 8, 4, 2, 12, 15, 18, 70, 50, 23, 0]"
j10,2,stnu,60,True,15,0.660728931427002,0.007737398147583008,"[0, 0, 0, 0, 3, 3, 7, 7, 10, 10, 10, 0, 0, 0, 0, 15]","""[0, 4, 3, 3, 4, 3, 3, 3, 1, 1, 5, 18, 70, 50, 23, 0]"""
j10,2,proactive_quantile_0.75,60,False,inf,0.04048490524291992,inf,"[0, 0, 0, 0, 7, 7, 10, 10, 17, 17, 17, 0, 0, 0, 0, 69]","""[0, 4, 1, 8, 3, 1, 9, 8, 4, 3, 6, 18, 70, 50, 23, 0]"""
j10,2,reactive,60,False,inf,inf,inf,null,"[0, 4, 1, 8, 3, 1, 9, 8, 4, 3, 6, 18, 70, 50, 23, 0]"
j10,2,stnu,60,True,27,0.695669412612915,0.007919788360595703,"[0, 0, 0, 0, 8, 8, 12, 12, 21, 21, 21, 0, 0, 0, 0, 27]","""[0, 4, 1, 8, 4, 1, 9, 8, 4, 3, 6, 18, 70, 50, 23, 0]"""
j10,2,proactive_quantile_0.75,60,True,20,0.12003111839294434,0.00047206878662109375,"[0, 0, 0, 0, 2, 2, 5, 5, 11, 11, 11, 0, 0, 0, 0, 69]","""[0, 11, 1, 3, 2, 5, 3, 6, 3, 1, 4, 18, 70, 50, 23, 0]"""
j10,2,reactive,60,False,inf,inf,inf,null,"[0, 11, 1, 3, 2, 5, 3, 6, 3, 1, 4, 18, 70, 50, 23, 0]"
j10,2,stnu,60,True,30,0.5932128429412842,0.007772207260131836,"[0, 0, 0, 0, 4, 4, 10, 10, 17, 17, 17, 0, 0, 0, 0, 30]","""[0, 5, 2, 4, 6, 5, 7, 6, 5, 3, 13, 18, 70, 50, 23, 0]"""
j10,2,proactive_quantile_0.75,60,True,28,0.054846763610839844,0.0005347728729248047,"[0, 0, 0, 0, 7, 7, 10, 10, 17, 17, 17, 0, 0, 0, 0, 69]","""[0, 6, 2, 1, 1, 3, 7, 8, 7, 3, 10, 18, 70, 50, 23, 0]"""
j10,2,reactive,60,False,inf,inf,inf,null,"[0, 6, 2, 1, 1, 3, 7, 8, 7, 3, 10, 18, 70, 50, 23, 0]"
j10,2,stnu,60,True,24,0.6120615005493164,0.007716655731201172,"[0, 0, 0, 0, 2, 2, 6, 6, 14, 14, 14, 0, 0, 0, 0, 24]","""[0, 6, 2, 1, 2, 3, 7, 8, 7, 3, 10, 18, 70, 50, 23, 0]"""
j10,2,proactive_quantile_0.75,60,True,18,0.03078293800354004,0.0004470348358154297,"[0, 0, 0, 0, 2, 2, 5, 5, 11, 11, 11, 0, 0, 0, 0, 69]","""[0, 7, 1, 3, 3, 3, 1, 3, 1, 6, 8, 18, 70, 50, 23, 0]"""
j10,2,reactive,60,False,inf,inf,inf,null,"[0, 7, 1, 3, 3, 3, 1, 3, 1, 6, 8, 18, 70, 50, 23, 0]"
j10,2,stnu,60,True,31,0.5848639011383057,0.007595062255859375,"[0, 0, 0, 0, 2, 2, 8, 8, 16, 16, 16, 0, 0, 0, 0, 31]","""[0, 8, 1, 2, 3, 3, 8, 3, 2, 8, 15, 18, 70, 50, 23, 0]"""
j10,2,proactive_quantile_0.75,60,True,21,0.08936667442321777,0.0002372264862060547,"[0, 0, 0, 0, 4, 4, 7, 11, 14, 15, 16, 0, 0, 22]","""[0, 3, 9, 2, 2, 9, 1, 5, 2, 5, 3, 23, 13, 0]"""
j10,2,reactive,60,False,inf,inf,inf,null,"[0, 3, 9, 2, 2, 9, 1, 5, 2, 5, 3, 23, 13, 0]"
j10,2,stnu,60,False,inf,0.5512514114379883,inf,[],"""[0, 3, 9, 2, 2, 9, 1, 5, 2, 5, 3, 23, 13, 0]"""
j10,2,proactive_quantile_0.75,60,False,inf,0.05681347846984863,inf,"[0, 0, 0, 0, 4, 4, 7, 11, 14, 15, 16, 0, 0, 22]","""[0, 3, 2, 1, 8, 4, 1, 2, 3, 7, 5, 23, 13, 0]"""
j10,2,reactive,60,False,inf,inf,inf,null,"[0, 3, 2, 1, 8, 4, 1, 2, 3, 7, 5, 23, 13, 0]"
j10,2,stnu,60,False,inf,0.5615839958190918,inf,[],"""[0, 3, 2, 1, 8, 4, 1, 2, 3, 7, 5, 23, 13, 0]"""
j10,2,proactive_quantile_0.75,60,True,21,0.04947257041931152,0.00022292137145996094,"[0, 0, 0, 0, 4, 4, 7, 11, 14, 15, 16, 0, 0, 22]","""[0, 8, 6, 1, 4, 2, 2, 3, 2, 3, 1, 23, 13, 0]"""
j10,2,reactive,60,True,18,0.04947257041931152,0.11934351921081543,"[0, 0, 0, 0, 4, 4, 7, 11, 14, 15, 16, 0, 0, 18]","[0, 8, 6, 1, 4, 2, 2, 3, 2, 3, 1, 23, 13, 0]"
j10,2,stnu,60,False,inf,0.5490601062774658,inf,[],"""[0, 8, 6, 1, 4, 2, 2, 3, 2, 3, 1, 23, 13, 0]"""
j10,2,proactive_quantile_0.75,60,False,inf,0.052835941314697266,inf,"[0, 0, 0, 0, 4, 4, 7, 11, 14, 15, 16, 0, 0, 22]","""[0, 5, 1, 4, 10, 4, 5, 4, 3, 9, 3, 23, 13, 0]"""
j10,2,reactive,60,False,inf,inf,inf,null,"[0, 5, 1, 4, 10, 4, 5, 4, 3, 9, 3, 23, 13, 0]"
j10,2,stnu,60,False,inf,0.5410408973693848,inf,[],"""[0, 5, 1, 4, 10, 4, 5, 4, 3, 9, 3, 23, 13, 0]"""
j10,2,proactive_quantile_0.75,60,True,21,0.0547184944152832,0.00024008750915527344,"[0, 0, 0, 0, 4, 4, 7, 11, 14, 15, 16, 0, 0, 22]","""[0, 4, 4, 3, 10, 8, 4, 6, 1, 1, 5, 23, 13, 0]"""
j10,2,reactive,60,False,inf,inf,inf,null,"[0, 4, 4, 3, 10, 8, 4, 6, 1, 1, 5, 23, 13, 0]"
j10,2,stnu,60,False,inf,0.5727801322937012,inf,[],"""[0, 4, 4, 3, 10, 8, 4, 6, 1, 1, 5, 23, 13, 0]"""
j10,2,proactive_quantile_0.75,60,False,inf,0.13872814178466797,inf,"[0, 0, 0, 0, 4, 4, 7, 11, 14, 15, 16, 0, 0, 22]","""[0, 4, 1, 6, 13, 2, 2, 6, 3, 7, 2, 23, 13, 0]"""
j10,2,reactive,60,False,inf,inf,inf,null,"[0, 4, 1, 6, 13, 2, 2, 6, 3, 7, 2, 23, 13, 0]"
j10,2,stnu,60,False,inf,0.5448386669158936,inf,[],"""[0, 4, 1, 6, 13, 2, 2, 6, 3, 7, 2, 23, 13, 0]"""
j10,2,proactive_quantile_0.75,60,True,21,0.052577972412109375,0.00023126602172851562,"[0, 0, 0, 0, 4, 4, 7, 11, 14, 15, 16, 0, 0, 22]","""[0, 2, 7, 4, 4, 1, 3, 2, 1, 8, 5, 23, 13, 0]"""
j10,2,reactive,60,True,23,0.052577972412109375,0.10022091865539551,"[0, 0, 0, 0, 4, 4, 7, 11, 14, 15, 16, 0, 0, 22]","[0, 2, 7, 4, 4, 1, 3, 2, 1, 8, 5, 23, 13, 0]"
j10,2,stnu,60,False,inf,0.5446290969848633,inf,[],"""[0, 2, 7, 4, 4, 1, 3, 2, 1, 8, 5, 23, 13, 0]"""
j10,2,proactive_quantile_0.75,60,True,21,0.13718366622924805,0.00022149085998535156,"[0, 0, 0, 0, 4, 4, 7, 11, 14, 15, 16, 0, 0, 22]","""[0, 4, 5, 5, 2, 7, 2, 1, 1, 1, 5, 23, 13, 0]"""
j10,2,reactive,60,False,inf,inf,inf,null,"[0, 4, 5, 5, 2, 7, 2, 1, 1, 1, 5, 23, 13, 0]"
j10,2,stnu,60,False,inf,0.559640645980835,inf,[],"""[0, 4, 5, 5, 2, 7, 2, 1, 1, 1, 5, 23, 13, 0]"""
j10,2,proactive_quantile_0.75,60,False,inf,0.04971456527709961,inf,"[0, 0, 0, 0, 4, 4, 7, 11, 14, 15, 16, 0, 0, 22]","""[0, 6, 4, 1, 8, 8, 2, 4, 3, 6, 6, 23, 13, 0]"""
j10,2,reactive,60,False,inf,inf,inf,null,"[0, 6, 4, 1, 8, 8, 2, 4, 3, 6, 6, 23, 13, 0]"
j10,2,stnu,60,False,inf,0.5615143775939941,inf,[],"""[0, 6, 4, 1, 8, 8, 2, 4, 3, 6, 6, 23, 13, 0]"""
j10,2,proactive_quantile_0.75,60,False,inf,0.03508496284484863,inf,"[0, 0, 0, 0, 4, 4, 7, 11, 14, 15, 16, 0, 0, 22]","""[0, 3, 4, 3, 7, 5, 5, 1, 3, 4, 6, 23, 13, 0]"""
j10,2,reactive,60,False,inf,inf,inf,null,"[0, 3, 4, 3, 7, 5, 5, 1, 3, 4, 6, 23, 13, 0]"
j10,2,stnu,60,False,inf,0.5549168586730957,inf,[],"""[0, 3, 4, 3, 7, 5, 5, 1, 3, 4, 6, 23, 13, 0]"""
j10,2,proactive_quantile_0.75,60,False,inf,0.05460381507873535,inf,"[0, 0, 0, 0, 6, 6, 10, 10, 17, 16, 6, 0, 0, 0, 0, 0, 0, 0, 68]","""[0, 3, 4, 2, 5, 6, 2, 5, 5, 4, 1, 69, 52, 33, 29, 12, 35, 64, 0]"""
j10,2,reactive,60,False,inf,inf,inf,null,"[0, 3, 4, 2, 5, 6, 2, 5, 5, 4, 1, 69, 52, 33, 29, 12, 35, 64, 0]"
j10,2,stnu,60,False,inf,0.5964164733886719,inf,[],"""[0, 3, 4, 2, 5, 3, 2, 5, 5, 4, 1, 69, 52, 33, 29, 12, 35, 64, 0]"""
j10,2,proactive_quantile_0.75,60,True,27,0.05447959899902344,0.0007147789001464844,"[0, 0, 0, 0, 6, 6, 10, 10, 17, 16, 6, 0, 0, 0, 0, 0, 0, 0, 68]","""[0, 5, 3, 8, 5, 2, 1, 5, 1, 13, 3, 69, 52, 33, 29, 12, 35, 64, 0]"""
j10,2,reactive,60,False,inf,inf,inf,null,"[0, 5, 3, 8, 5, 2, 1, 5, 1, 13, 3, 69, 52, 33, 29, 12, 35, 64, 0]"
j10,2,stnu,60,False,inf,0.5666415691375732,inf,[],"""[0, 5, 3, 8, 5, 1, 1, 5, 1, 13, 3, 69, 52, 33, 29, 12, 35, 64, 0]"""
j10,2,proactive_quantile_0.75,60,True,27,0.05405116081237793,0.000698089599609375,"[0, 0, 0, 0, 6, 6, 10, 10, 17, 16, 6, 0, 0, 0, 0, 0, 0, 0, 68]","""[0, 1, 3, 2, 1, 2, 6, 7, 4, 7, 3, 69, 52, 33, 29, 12, 35, 64, 0]"""
j10,2,reactive,60,False,inf,inf,inf,null,"[0, 1, 3, 2, 1, 2, 6, 7, 4, 7, 3, 69, 52, 33, 29, 12, 35, 64, 0]"
j10,2,stnu,60,True,17,0.6708154678344727,0.010472297668457031,"[0, 0, 0, 0, 6, 6, 8, 8, 10, 15, 6, 0, 0, 0, 0, 0, 0, 0, 17]","""[0, 1, 2, 6, 2, 2, 2, 7, 4, 2, 6, 69, 52, 33, 29, 12, 35, 64, 0]"""
j10,2,proactive_quantile_0.75,60,True,27,0.0530548095703125,0.0007169246673583984,"[0, 0, 0, 0, 6, 6, 10, 10, 17, 16, 6, 0, 0, 0, 0, 0, 0, 0, 68]","""[0, 2, 3, 7, 3, 6, 8, 7, 1, 12, 3, 69, 52, 33, 29, 12, 35, 64, 0]"""
j10,2,reactive,60,False,inf,inf,inf,null,"[0, 2, 3, 7, 3, 6, 8, 7, 1, 12, 3, 69, 52, 33, 29, 12, 35, 64, 0]"
j10,2,stnu,60,False,inf,0.575021505355835,inf,[],"""[0, 2, 3, 7, 3, 1, 8, 7, 1, 12, 3, 69, 52, 33, 29, 12, 35, 64, 0]"""
j10,2,proactive_quantile_0.75,60,True,27,0.05400204658508301,0.0007469654083251953,"[0, 0, 0, 0, 6, 6, 10, 10, 17, 16, 6, 0, 0, 0, 0, 0, 0, 0, 68]","""[0, 1, 7, 6, 6, 4, 6, 8, 7, 11, 3, 69, 52, 33, 29, 12, 35, 64, 0]"""
j10,2,reactive,60,False,inf,inf,inf,null,"[0, 1, 7, 6, 6, 4, 6, 8, 7, 11, 3, 69, 52, 33, 29, 12, 35, 64, 0]"
j10,2,stnu,60,False,inf,0.567511796951294,inf,[],"""[0, 1, 7, 6, 6, 7, 6, 8, 7, 11, 3, 69, 52, 33, 29, 12, 35, 64, 0]"""
j10,2,proactive_quantile_0.75,60,True,14,0.048886775970458984,0.0006878376007080078,"[0, 0, 0, 0, 4, 4, 6, 8, 8, 11, 4, 0, 0, 0, 0, 0, 0, 0, 68]","""[0, 2, 2, 3, 2, 3, 2, 4, 3, 3, 2, 69, 52, 33, 29, 12, 35, 64, 0]"""
j10,2,reactive,60,False,inf,inf,inf,null,"[0, 2, 2, 3, 2, 3, 2, 4, 3, 3, 2, 69, 52, 33, 29, 12, 35, 64, 0]"
j10,2,stnu,60,False,inf,0.5644268989562988,inf,[],"""[0, 3, 3, 5, 4, 4, 8, 8, 4, 13, 2, 69, 52, 33, 29, 12, 35, 64, 0]"""
j10,2,proactive_quantile_0.75,60,True,14,0.06132793426513672,0.0006964206695556641,"[0, 0, 0, 0, 4, 4, 6, 8, 8, 11, 4, 0, 0, 0, 0, 0, 0, 0, 68]","""[0, 1, 3, 6, 3, 5, 1, 2, 3, 2, 2, 69, 52, 33, 29, 12, 35, 64, 0]"""
j10,2,reactive,60,False,inf,inf,inf,null,"[0, 1, 3, 6, 3, 5, 1, 2, 3, 2, 2, 69, 52, 33, 29, 12, 35, 64, 0]"
j10,2,stnu,60,True,15,0.7039167881011963,0.010402679443359375,"[0, 0, 0, 0, 6, 6, 7, 11, 11, 13, 6, 0, 0, 0, 0, 0, 0, 0, 15]","""[0, 1, 3, 6, 1, 5, 1, 1, 2, 2, 6, 69, 52, 33, 29, 12, 35, 64, 0]"""
j10,2,proactive_quantile_0.75,60,True,27,0.04301333427429199,0.0007228851318359375,"[0, 0, 0, 0, 6, 6, 10, 10, 17, 16, 6, 0, 0, 0, 0, 0, 0, 0, 68]","""[0, 6, 4, 4, 4, 4, 9, 1, 3, 15, 2, 69, 52, 33, 29, 12, 35, 64, 0]"""
j10,2,reactive,60,False,inf,inf,inf,null,"[0, 6, 4, 4, 4, 4, 9, 1, 3, 15, 2, 69, 52, 33, 29, 12, 35, 64, 0]"
j10,2,stnu,60,False,inf,0.6503887176513672,inf,[],"""[0, 6, 4, 4, 4, 3, 9, 1, 3, 15, 2, 69, 52, 33, 29, 12, 35, 64, 0]"""
j10,2,proactive_quantile_0.75,60,True,27,0.0579378604888916,0.0007333755493164062,"[0, 0, 0, 0, 6, 6, 10, 10, 17, 16, 6, 0, 0, 0, 0, 0, 0, 0, 68]","""[0, 4, 4, 4, 2, 5, 1, 7, 4, 12, 2, 69, 52, 33, 29, 12, 35, 64, 0]"""
j10,2,reactive,60,False,inf,inf,inf,null,"[0, 4, 4, 4, 2, 5, 1, 7, 4, 12, 2, 69, 52, 33, 29, 12, 35, 64, 0]"
j10,2,stnu,60,False,inf,0.5805292129516602,inf,[],"""[0, 4, 4, 4, 2, 2, 1, 7, 4, 12, 2, 69, 52, 33, 29, 12, 35, 64, 0]"""
j10,2,proactive_quantile_0.75,60,True,25,0.06468439102172852,0.0006971359252929688,"[0, 0, 0, 0, 4, 4, 6, 10, 10, 14, 4, 0, 0, 0, 0, 0, 0, 0, 68]","""[0, 2, 2, 4, 1, 7, 1, 1, 5, 4, 2, 69, 52, 33, 29, 12, 35, 64, 0]"""
j10,2,reactive,60,False,inf,inf,inf,null,"[0, 2, 2, 4, 1, 7, 1, 1, 5, 4, 2, 69, 52, 33, 29, 12, 35, 64, 0]"
j10,2,stnu,60,False,inf,0.5721287727355957,inf,[],"""[0, 2, 4, 6, 3, 3, 3, 1, 5, 4, 2, 69, 52, 33, 29, 12, 35, 64, 0]"""
j10,2,proactive_quantile_0.75,60,True,27,0.05570197105407715,0.0010263919830322266,"[0, 0, 0, 0, 4, 6, 15, 10, 21, 21, 10, 0, 0, 0, 0, 0, 0, 0, 0, 0, 81]","""[0, 4, 3, 2, 6, 7, 1, 9, 1, 1, 3, 27, 10, 61, 70, 68, 27, 59, 82, 69, 0]"""
j10,2,reactive,60,True,22,0.05570197105407715,0.16435718536376953,"[0, 0, 0, 0, 4, 6, 15, 10, 21, 21, 10, 0, 0, 0, 0, 0, 0, 0, 0, 0, 22]","[0, 4, 3, 2, 6, 7, 1, 9, 1, 1, 3, 27, 10, 61, 70, 68, 27, 59, 82, 69, 0]"
j10,2,stnu,60,True,14,0.6643157005310059,0.012114286422729492,"[0, 0, 0, 0, 2, 3, 12, 4, 13, 13, 4, 0, 0, 0, 0, 0, 0, 0, 0, 0, 14]","""[0, 4, 3, 2, 10, 7, 1, 9, 1, 1, 3, 27, 10, 61, 70, 68, 27, 59, 82, 69, 0]"""
j10,2,proactive_quantile_0.75,60,False,inf,0.10784530639648438,inf,"[0, 0, 0, 0, 4, 6, 11, 6, 14, 12, 6, 0, 0, 0, 0, 0, 0, 0, 0, 0, 81]","""[0, 6, 7, 3, 2, 7, 3, 3, 2, 2, 3, 27, 10, 61, 70, 68, 27, 59, 82, 69, 0]"""
j10,2,reactive,60,False,inf,inf,inf,null,"[0, 6, 7, 3, 2, 7, 3, 3, 2, 2, 3, 27, 10, 61, 70, 68, 27, 59, 82, 69, 0]"
j10,2,stnu,60,True,19,0.5970673561096191,0.012203454971313477,"[0, 0, 0, 0, 6, 7, 8, 7, 11, 14, 7, 0, 0, 0, 0, 0, 0, 0, 0, 0, 19]","""[0, 5, 7, 6, 2, 7, 3, 4, 2, 5, 3, 27, 10, 61, 70, 68, 27, 59, 82, 69, 0]"""
j10,2,proactive_quantile_0.75,60,False,inf,0.11656761169433594,inf,"[0, 0, 0, 0, 4, 6, 11, 6, 14, 12, 6, 0, 0, 0, 0, 0, 0, 0, 0, 0, 81]","""[0, 7, 1, 4, 6, 2, 4, 2, 1, 2, 3, 27, 10, 61, 70, 68, 27, 59, 82, 69, 0]"""
j10,2,reactive,60,False,inf,inf,inf,null,"[0, 7, 1, 4, 6, 2, 4, 2, 1, 2, 3, 27, 10, 61, 70, 68, 27, 59, 82, 69, 0]"
j10,2,stnu,60,True,15,0.6907708644866943,0.012578248977661133,"[0, 0, 0, 0, 4, 7, 10, 7, 13, 13, 7, 0, 0, 0, 0, 0, 0, 0, 0, 0, 15]","""[0, 7, 7, 4, 6, 2, 3, 1, 1, 2, 6, 27, 10, 61, 70, 68, 27, 59, 82, 69, 0]"""
j10,2,proactive_quantile_0.75,60,False,inf,0.11606025695800781,inf,"[0, 0, 0, 0, 4, 6, 11, 6, 14, 12, 6, 0, 0, 0, 0, 0, 0, 0, 0, 0, 81]","""[0, 2, 1, 3, 7, 7, 1, 6, 5, 2, 1, 27, 10, 61, 70, 68, 27, 59, 82, 69, 0]"""
j10,2,reactive,60,False,inf,inf,inf,null,"[0, 2, 1, 3, 7, 7, 1, 6, 5, 2, 1, 27, 10, 61, 70, 68, 27, 59, 82, 69, 0]"
j10,2,stnu,60,True,25,0.6408138275146484,0.012126922607421875,"[0, 0, 0, 0, 1, 1, 8, 5, 19, 19, 5, 0, 0, 0, 0, 0, 0, 0, 0, 0, 25]","""[0, 5, 1, 1, 7, 7, 1, 14, 5, 6, 3, 27, 10, 61, 70, 68, 27, 59, 82, 69, 0]"""
j10,2,proactive_quantile_0.75,60,False,inf,0.14193320274353027,inf,"[0, 0, 0, 0, 4, 6, 11, 6, 14, 12, 6, 0, 0, 0, 0, 0, 0, 0, 0, 0, 81]","""[0, 7, 1, 5, 6, 2, 4, 6, 3, 3, 3, 27, 10, 61, 70, 68, 27, 59, 82, 69, 0]"""
j10,2,reactive,60,False,inf,inf,inf,null,"[0, 7, 1, 5, 6, 2, 4, 6, 3, 3, 3, 27, 10, 61, 70, 68, 27, 59, 82, 69, 0]"
j10,2,stnu,60,True,22,0.7056360244750977,0.012482166290283203,"[0, 0, 0, 0, 5, 7, 11, 7, 12, 12, 7, 0, 0, 0, 0, 0, 0, 0, 0, 0, 22]","""[0, 7, 2, 5, 6, 2, 1, 2, 10, 3, 7, 27, 10, 61, 70, 68, 27, 59, 82, 69, 0]"""
j10,2,proactive_quantile_0.75,60,False,inf,0.11927652359008789,inf,"[0, 0, 0, 0, 4, 6, 11, 6, 14, 12, 6, 0, 0, 0, 0, 0, 0, 0, 0, 0, 81]","""[0, 6, 8, 1, 4, 9, 3, 1, 4, 2, 3, 27, 10, 61, 70, 68, 27, 59, 82, 69, 0]"""
j10,2,reactive,60,False,inf,inf,inf,null,"[0, 6, 8, 1, 4, 9, 3, 1, 4, 2, 3, 27, 10, 61, 70, 68, 27, 59, 82, 69, 0]"
j10,2,stnu,60,True,25,0.6183726787567139,0.012346744537353516,"[0, 0, 0, 0, 5, 8, 11, 11, 20, 20, 11, 0, 0, 0, 0, 0, 0, 0, 0, 0, 25]","""[0, 11, 8, 5, 4, 9, 3, 9, 4, 5, 7, 27, 10, 61, 70, 68, 27, 59, 82, 69, 0]"""
j10,2,proactive_quantile_0.75,60,True,27,0.04269576072692871,0.0010066032409667969,"[0, 0, 0, 0, 4, 6, 15, 10, 21, 21, 10, 0, 0, 0, 0, 0, 0, 0, 0, 0, 81]","""[0, 10, 5, 4, 4, 4, 1, 5, 1, 5, 4, 27, 10, 61, 70, 68, 27, 59, 82, 69, 0]"""
j10,2,reactive,60,True,26,0.04269576072692871,0.14202308654785156,"[0, 0, 0, 0, 4, 6, 15, 10, 21, 21, 10, 0, 0, 0, 0, 0, 0, 0, 0, 0, 26]","[0, 10, 5, 4, 4, 4, 1, 5, 1, 5, 4, 27, 10, 61, 70, 68, 27, 59, 82, 69, 0]"
j10,2,stnu,60,True,20,0.6053023338317871,0.012331962585449219,"[0, 0, 0, 0, 4, 5, 10, 10, 15, 15, 10, 0, 0, 0, 0, 0, 0, 0, 0, 0, 20]","""[0, 10, 5, 4, 6, 4, 1, 5, 1, 5, 4, 27, 10, 61, 70, 68, 27, 59, 82, 69, 0]"""
j10,2,proactive_quantile_0.75,60,True,27,0.07099652290344238,0.001064300537109375,"[0, 0, 0, 0, 4, 6, 15, 10, 21, 21, 10, 0, 0, 0, 0, 0, 0, 0, 0, 0, 81]","""[0, 12, 8, 5, 6, 9, 4, 13, 1, 2, 9, 27, 10, 61, 70, 68, 27, 59, 82, 69, 0]"""
j10,2,reactive,60,False,inf,inf,inf,null,"[0, 12, 8, 5, 6, 9, 4, 13, 1, 2, 9, 27, 10, 61, 70, 68, 27, 59, 82, 69, 0]"
j10,2,stnu,60,True,27,0.6466755867004395,0.01222681999206543,"[0, 0, 0, 0, 5, 8, 12, 12, 25, 25, 12, 0, 0, 0, 0, 0, 0, 0, 0, 0, 27]","""[0, 12, 8, 5, 3, 9, 4, 13, 1, 2, 9, 27, 10, 61, 70, 68, 27, 59, 82, 69, 0]"""
j10,2,proactive_quantile_0.75,60,False,inf,0.12382817268371582,inf,"[0, 0, 0, 0, 4, 6, 11, 6, 14, 12, 6, 0, 0, 0, 0, 0, 0, 0, 0, 0, 81]","""[0, 1, 4, 1, 3, 7, 3, 4, 4, 3, 1, 27, 10, 61, 70, 68, 27, 59, 82, 69, 0]"""
j10,2,reactive,60,False,inf,inf,inf,null,"[0, 1, 4, 1, 3, 7, 3, 4, 4, 3, 1, 27, 10, 61, 70, 68, 27, 59, 82, 69, 0]"
j10,2,stnu,60,True,34,0.6119289398193359,0.012245655059814453,"[0, 0, 0, 0, 5, 5, 13, 13, 28, 28, 13, 0, 0, 0, 0, 0, 0, 0, 0, 0, 34]","""[0, 13, 4, 5, 3, 7, 3, 15, 4, 6, 4, 27, 10, 61, 70, 68, 27, 59, 82, 69, 0]"""
j10,2,proactive_quantile_0.75,60,True,18,0.12095403671264648,0.000989675521850586,"[0, 0, 0, 0, 4, 6, 11, 6, 14, 12, 6, 0, 0, 0, 0, 0, 0, 0, 0, 0, 81]","""[0, 2, 4, 1, 5, 6, 1, 3, 1, 1, 1, 27, 10, 61, 70, 68, 27, 59, 82, 69, 0]"""
j10,2,reactive,60,True,15,0.12095403671264648,0.17292428016662598,"[0, 0, 0, 0, 4, 6, 11, 6, 14, 12, 6, 0, 0, 0, 0, 0, 0, 0, 0, 0, 15]","[0, 2, 4, 1, 5, 6, 1, 3, 1, 1, 1, 27, 10, 61, 70, 68, 27, 59, 82, 69, 0]"
j10,2,stnu,60,True,19,0.6177413463592529,0.012088537216186523,"[0, 0, 0, 0, 5, 5, 10, 4, 14, 14, 4, 0, 0, 0, 0, 0, 0, 0, 0, 0, 19]","""[0, 4, 4, 5, 5, 6, 1, 10, 1, 5, 6, 27, 10, 61, 70, 68, 27, 59, 82, 69, 0]"""
j10,2,proactive_quantile_0.75,60,True,30,0.039972543716430664,0.0007023811340332031,"[0, 0, 0, 0, 9, 15, 9, 15, 15, 15, 24, 0, 0, 0, 0, 0, 80]","""[0, 1, 11, 1, 7, 7, 2, 9, 5, 8, 2, 69, 24, 57, 49, 81, 0]"""
j10,2,reactive,60,False,inf,inf,inf,null,"[0, 1, 11, 1, 7, 7, 2, 9, 5, 8, 2, 69, 24, 57, 49, 81, 0]"
j10,2,stnu,60,True,22,2.0462429523468018,0.008449554443359375,"[0, 0, 0, 0, 1, 11, 1, 11, 8, 3, 20, 0, 0, 0, 0, 0, 22]","""[0, 1, 11, 1, 7, 7, 2, 9, 5, 8, 2, 69, 24, 57, 49, 81, 0]"""
j10,2,proactive_quantile_0.75,60,True,30,0.04784440994262695,0.0007042884826660156,"[0, 0, 0, 0, 9, 15, 9, 15, 15, 15, 24, 0, 0, 0, 0, 0, 80]","""[0, 8, 11, 11, 3, 2, 5, 4, 7, 3, 1, 69, 24, 57, 49, 81, 0]"""
j10,2,reactive,60,False,inf,inf,inf,null,"[0, 8, 11, 11, 3, 2, 5, 4, 7, 3, 1, 69, 24, 57, 49, 81, 0]"
j10,2,stnu,60,True,23,0.6605699062347412,0.008402347564697266,"[0, 0, 0, 0, 11, 14, 11, 16, 16, 16, 20, 0, 0, 0, 0, 0, 23]","""[0, 8, 11, 11, 3, 2, 5, 4, 7, 3, 1, 69, 24, 57, 49, 81, 0]"""
j10,2,proactive_quantile_0.75,60,True,30,0.04928278923034668,0.0007176399230957031,"[0, 0, 0, 0, 9, 15, 9, 15, 15, 15, 24, 0, 0, 0, 0, 0, 80]","""[0, 1, 7, 10, 3, 6, 4, 10, 9, 1, 3, 69, 24, 57, 49, 81, 0]"""
j10,2,reactive,60,False,inf,inf,inf,null,"[0, 1, 7, 10, 3, 6, 4, 10, 9, 1, 3, 69, 24, 57, 49, 81, 0]"
j10,2,stnu,60,True,27,0.5874481201171875,0.008531332015991211,"[0, 0, 0, 0, 10, 13, 10, 14, 14, 14, 24, 0, 0, 0, 0, 0, 27]","""[0, 1, 7, 10, 3, 6, 4, 10, 9, 1, 3, 69, 24, 57, 49, 81, 0]"""
j10,2,proactive_quantile_0.75,60,True,30,0.040708065032958984,0.0006997585296630859,"[0, 0, 0, 0, 9, 15, 9, 15, 15, 15, 24, 0, 0, 0, 0, 0, 80]","""[0, 2, 14, 11, 3, 4, 9, 11, 9, 2, 1, 69, 24, 57, 49, 81, 0]"""
j10,2,reactive,60,False,inf,inf,inf,null,"[0, 2, 14, 11, 3, 4, 9, 11, 9, 2, 1, 69, 24, 57, 49, 81, 0]"
j10,2,stnu,60,True,32,0.5977051258087158,0.008536100387573242,"[0, 0, 0, 0, 11, 14, 11, 20, 20, 20, 31, 0, 0, 0, 0, 0, 32]","""[0, 2, 14, 11, 3, 4, 9, 11, 9, 2, 1, 69, 24, 57, 49, 81, 0]"""
j10,2,proactive_quantile_0.75,60,True,30,0.04015684127807617,0.0006871223449707031,"[0, 0, 0, 0, 9, 15, 9, 15, 15, 15, 24, 0, 0, 0, 0, 0, 80]","""[0, 6, 11, 5, 8, 3, 4, 6, 7, 3, 6, 69, 24, 57, 49, 81, 0]"""
j10,2,reactive,60,False,inf,inf,inf,null,"[0, 6, 11, 5, 8, 3, 4, 6, 7, 3, 6, 69, 24, 57, 49, 81, 0]"
j10,2,stnu,60,True,26,0.5921475887298584,0.008582115173339844,"[0, 0, 0, 0, 6, 14, 6, 14, 14, 10, 20, 0, 0, 0, 0, 0, 26]","""[0, 6, 11, 5, 8, 3, 4, 6, 7, 3, 6, 69, 24, 57, 49, 81, 0]"""
j10,2,proactive_quantile_0.75,60,True,30,0.04367780685424805,0.0007157325744628906,"[0, 0, 0, 0, 9, 15, 9, 15, 15, 15, 24, 0, 0, 0, 0, 0, 80]","""[0, 1, 11, 11, 2, 1, 1, 11, 2, 10, 6, 69, 24, 57, 49, 81, 0]"""
j10,2,reactive,60,False,inf,inf,inf,null,"[0, 1, 11, 11, 2, 1, 1, 11, 2, 10, 6, 69, 24, 57, 49, 81, 0]"
j10,2,stnu,60,True,16,0.5932357311248779,0.008435964584350586,"[0, 0, 0, 0, 3, 6, 3, 6, 6, 6, 13, 0, 0, 0, 0, 0, 16]","""[0, 1, 3, 2, 3, 7, 3, 3, 3, 10, 2, 69, 24, 57, 49, 81, 0]"""
j10,2,proactive_quantile_0.75,60,True,30,0.04879260063171387,0.0007123947143554688,"[0, 0, 0, 0, 9, 15, 9, 15, 15, 15, 24, 0, 0, 0, 0, 0, 80]","""[0, 3, 6, 8, 9, 7, 4, 9, 6, 7, 7, 69, 24, 57, 49, 81, 0]"""
j10,2,reactive,60,False,inf,inf,inf,null,"[0, 3, 6, 8, 9, 7, 4, 9, 6, 7, 7, 69, 24, 57, 49, 81, 0]"
j10,2,stnu,60,True,33,0.5836172103881836,0.008464813232421875,"[0, 0, 0, 0, 8, 17, 8, 17, 17, 12, 26, 0, 0, 0, 0, 0, 33]","""[0, 3, 6, 8, 9, 7, 4, 9, 6, 7, 7, 69, 24, 57, 49, 81, 0]"""
j10,2,proactive_quantile_0.75,60,True,28,0.09360170364379883,0.0006811618804931641,"[0, 0, 0, 0, 7, 9, 7, 9, 9, 13, 19, 0, 0, 0, 0, 0, 80]","""[0, 3, 3, 7, 2, 1, 6, 9, 2, 6, 10, 69, 24, 57, 49, 81, 0]"""
j10,2,reactive,60,True,29,0.09360170364379883,0.09410667419433594,"[0, 0, 0, 0, 7, 9, 7, 9, 9, 13, 19, 0, 0, 0, 0, 0, 29]","[0, 3, 3, 7, 2, 1, 6, 9, 2, 6, 10, 69, 24, 57, 49, 81, 0]"
j10,2,stnu,60,True,28,0.6691858768463135,0.00856781005859375,"[0, 0, 0, 0, 7, 9, 7, 10, 10, 10, 18, 0, 0, 0, 0, 0, 28]","""[0, 3, 3, 7, 2, 9, 3, 5, 2, 6, 10, 69, 24, 57, 49, 81, 0]"""
j10,2,proactive_quantile_0.75,60,True,30,0.04938173294067383,0.0006971359252929688,"[0, 0, 0, 0, 9, 15, 9, 15, 15, 15, 24, 0, 0, 0, 0, 0, 80]","""[0, 1, 11, 4, 9, 1, 3, 7, 9, 10, 3, 69, 24, 57, 49, 81, 0]"""
j10,2,reactive,60,False,inf,inf,inf,null,"[0, 1, 11, 4, 9, 1, 3, 7, 9, 10, 3, 69, 24, 57, 49, 81, 0]"
j10,2,stnu,60,True,23,0.6163554191589355,0.008617162704467773,"[0, 0, 0, 0, 4, 13, 4, 13, 13, 7, 20, 0, 0, 0, 0, 0, 23]","""[0, 1, 11, 4, 9, 1, 3, 7, 9, 10, 3, 69, 24, 57, 49, 81, 0]"""
j10,2,proactive_quantile_0.75,60,True,30,0.052575111389160156,0.0006859302520751953,"[0, 0, 0, 0, 9, 15, 9, 15, 15, 15, 24, 0, 0, 0, 0, 0, 80]","""[0, 3, 3, 11, 2, 3, 5, 4, 5, 10, 5, 69, 24, 57, 49, 81, 0]"""
j10,2,reactive,60,False,inf,inf,inf,null,"[0, 3, 3, 11, 2, 3, 5, 4, 5, 10, 5, 69, 24, 57, 49, 81, 0]"
j10,2,stnu,60,True,31,0.6679503917694092,0.00843667984008789,"[0, 0, 0, 0, 11, 13, 11, 16, 16, 16, 26, 0, 0, 0, 0, 0, 31]","""[0, 3, 3, 11, 2, 3, 5, 4, 5, 10, 5, 69, 24, 57, 49, 81, 0]"""
j10,2,proactive_quantile_0.75,60,True,22,0.12097024917602539,0.00021219253540039062,"[0, 0, 0, 4, 4, 13, 16, 13, 19, 16, 13, 0, 32]","""[0, 4, 2, 3, 3, 3, 3, 3, 4, 1, 7, 33, 0]"""
j10,2,reactive,60,True,23,0.12097024917602539,0.07421159744262695,"[0, 0, 0, 4, 4, 13, 16, 13, 19, 16, 13, 0, 23]","[0, 4, 2, 3, 3, 3, 3, 3, 4, 1, 7, 33, 0]"
j10,2,stnu,60,False,inf,0.6023600101470947,inf,[],"""[0, 10, 7, 8, 3, 3, 4, 11, 5, 1, 7, 33, 0]"""
j10,2,proactive_quantile_0.75,60,False,inf,0.047251224517822266,inf,"[0, 4, 0, 0, 4, 6, 9, 6, 12, 9, 8, 0, 32]","""[0, 3, 2, 3, 2, 4, 2, 3, 1, 5, 3, 33, 0]"""
j10,2,reactive,60,False,inf,inf,inf,null,"[0, 3, 2, 3, 2, 4, 2, 3, 1, 5, 3, 33, 0]"
j10,2,stnu,60,False,inf,0.5544219017028809,inf,[],"""[0, 3, 11, 2, 8, 4, 2, 7, 2, 2, 7, 33, 0]"""
j10,2,proactive_quantile_0.75,60,False,inf,0.05802202224731445,inf,"[0, 4, 0, 0, 4, 6, 9, 6, 12, 9, 8, 0, 32]","""[0, 6, 5, 3, 1, 1, 1, 1, 2, 8, 5, 33, 0]"""
j10,2,reactive,60,False,inf,inf,inf,null,"[0, 6, 5, 3, 1, 1, 1, 1, 2, 8, 5, 33, 0]"
j10,2,stnu,60,False,inf,0.6411476135253906,inf,[],"""[0, 11, 4, 5, 11, 3, 7, 7, 5, 4, 12, 33, 0]"""
j10,2,proactive_quantile_0.75,60,True,29,0.04309558868408203,0.0002689361572265625,"[0, 4, 0, 0, 4, 13, 16, 13, 25, 22, 13, 0, 32]","""[0, 2, 2, 13, 8, 2, 7, 7, 5, 2, 6, 33, 0]"""
j10,2,reactive,60,True,30,0.04309558868408203,0.09852457046508789,"[0, 4, 0, 0, 4, 13, 16, 13, 25, 22, 13, 0, 30]","[0, 2, 2, 13, 8, 2, 7, 7, 5, 2, 6, 33, 0]"
j10,2,stnu,60,False,inf,0.5468056201934814,inf,[],"""[0, 2, 5, 13, 8, 2, 7, 7, 5, 8, 6, 33, 0]"""
j10,2,proactive_quantile_0.75,60,True,22,0.06554794311523438,0.00024509429931640625,"[0, 0, 0, 4, 4, 13, 16, 13, 19, 16, 13, 0, 32]","""[0, 4, 2, 6, 12, 2, 2, 3, 4, 2, 5, 33, 0]"""
j10,2,reactive,60,False,inf,inf,inf,null,"[0, 4, 2, 6, 12, 2, 2, 3, 4, 2, 5, 33, 0]"
j10,2,stnu,60,False,inf,0.6275780200958252,inf,[],"""[0, 6, 4, 12, 12, 2, 5, 4, 6, 2, 5, 33, 0]"""
j10,2,proactive_quantile_0.75,60,True,15,0.07317852973937988,0.000209808349609375,"[0, 4, 0, 0, 4, 6, 9, 6, 12, 9, 8, 0, 32]","""[0, 5, 3, 1, 3, 3, 3, 3, 4, 3, 3, 33, 0]"""
j10,2,reactive,60,False,inf,inf,inf,null,"[0, 5, 3, 1, 3, 3, 3, 3, 4, 3, 3, 33, 0]"
j10,2,stnu,60,False,inf,0.5361230373382568,inf,[],"""[0, 2, 10, 8, 2, 1, 2, 9, 3, 3, 6, 33, 0]"""
j10,2,proactive_quantile_0.75,60,True,15,0.047711849212646484,0.00022554397583007812,"[0, 4, 0, 0, 4, 6, 9, 6, 12, 9, 8, 0, 32]","""[0, 4, 3, 3, 3, 1, 3, 2, 2, 4, 3, 33, 0]"""
j10,2,reactive,60,False,inf,inf,inf,null,"[0, 4, 3, 3, 3, 1, 3, 2, 2, 4, 3, 33, 0]"
j10,2,stnu,60,False,inf,0.5553529262542725,inf,[],"""[0, 4, 11, 9, 4, 3, 2, 9, 2, 8, 7, 33, 0]"""
j10,2,proactive_quantile_0.75,60,True,15,0.03268003463745117,0.0002238750457763672,"[0, 4, 0, 0, 4, 6, 9, 6, 12, 9, 8, 0, 32]","""[0, 3, 1, 2, 1, 3, 1, 2, 2, 4, 8, 33, 0]"""
j10,2,reactive,60,True,16,0.03268003463745117,0.08249187469482422,"[0, 4, 0, 0, 4, 6, 9, 6, 12, 9, 8, 0, 16]","[0, 3, 1, 2, 1, 3, 1, 2, 2, 4, 8, 33, 0]"
j10,2,stnu,60,False,inf,0.579291820526123,inf,[],"""[0, 4, 2, 5, 3, 3, 7, 2, 2, 5, 4, 33, 0]"""
j10,2,proactive_quantile_0.75,60,False,inf,0.03975629806518555,inf,"[0, 4, 0, 0, 4, 6, 9, 6, 12, 9, 8, 0, 32]","""[0, 1, 1, 4, 3, 2, 4, 1, 4, 8, 5, 33, 0]"""
j10,2,reactive,60,False,inf,inf,inf,null,"[0, 1, 1, 4, 3, 2, 4, 1, 4, 8, 5, 33, 0]"
j10,2,stnu,60,False,inf,0.622307300567627,inf,[],"""[0, 7, 5, 6, 8, 3, 1, 5, 3, 3, 10, 33, 0]"""
j10,2,proactive_quantile_0.75,60,False,inf,0.11141705513000488,inf,"[0, 0, 0, 4, 4, 13, 16, 13, 19, 16, 13, 0, 32]","""[0, 6, 5, 1, 8, 2, 4, 1, 4, 4, 10, 33, 0]"""
j10,2,reactive,60,False,inf,inf,inf,null,"[0, 6, 5, 1, 8, 2, 4, 1, 4, 4, 10, 33, 0]"
j10,2,stnu,60,False,inf,0.5376076698303223,inf,[],"""[0, 11, 12, 5, 8, 2, 3, 5, 4, 4, 10, 33, 0]"""
j10,2,proactive_quantile_0.75,60,False,inf,0.05876660346984863,inf,"[0, 0, 0, 0, 4, 4, 13, 14, 19, 13, 23, 0, 0, 0, 0, 0, 0, 0, 74]","""[0, 5, 6, 2, 11, 11, 1, 11, 11, 3, 1, 49, 31, 31, 75, 72, 52, 34, 0]"""
j10,2,reactive,60,False,inf,inf,inf,null,"[0, 5, 6, 2, 11, 11, 1, 11, 11, 3, 1, 49, 31, 31, 75, 72, 52, 34, 0]"
j10,2,stnu,60,False,inf,0.5899946689605713,inf,[],"""[0, 5, 6, 2, 11, 11, 1, 11, 3, 3, 1, 49, 31, 31, 75, 72, 52, 34, 0]"""
j10,2,proactive_quantile_0.75,60,True,30,0.051973819732666016,0.0007700920104980469,"[0, 0, 0, 0, 4, 4, 13, 14, 19, 13, 23, 0, 0, 0, 0, 0, 0, 0, 74]","""[0, 1, 1, 5, 9, 3, 3, 1, 10, 2, 2, 49, 31, 31, 75, 72, 52, 34, 0]"""
j10,2,reactive,60,True,29,0.051973819732666016,0.15880250930786133,"[0, 0, 0, 0, 4, 4, 13, 14, 19, 13, 23, 0, 0, 0, 0, 0, 0, 0, 29]","[0, 1, 1, 5, 9, 3, 3, 1, 10, 2, 2, 49, 31, 31, 75, 72, 52, 34, 0]"
j10,2,stnu,60,False,inf,0.5591933727264404,inf,[],"""[0, 1, 1, 5, 9, 3, 3, 1, 7, 2, 2, 49, 31, 31, 75, 72, 52, 34, 0]"""
j10,2,proactive_quantile_0.75,60,False,inf,0.08397483825683594,inf,"[0, 0, 0, 0, 3, 3, 7, 9, 11, 7, 18, 0, 0, 0, 0, 0, 0, 0, 74]","""[0, 2, 4, 4, 5, 8, 3, 2, 10, 6, 3, 49, 31, 31, 75, 72, 52, 34, 0]"""
j10,2,reactive,60,False,inf,inf,inf,null,"[0, 2, 4, 4, 5, 8, 3, 2, 10, 6, 3, 49, 31, 31, 75, 72, 52, 34, 0]"
j10,2,stnu,60,False,inf,0.5651779174804688,inf,[],"""[0, 1, 4, 5, 5, 9, 6, 2, 10, 1, 2, 49, 31, 31, 75, 72, 52, 34, 0]"""
j10,2,proactive_quantile_0.75,60,False,inf,0.04925203323364258,inf,"[0, 0, 0, 0, 4, 4, 13, 14, 19, 13, 23, 0, 0, 0, 0, 0, 0, 0, 74]","""[0, 4, 6, 11, 10, 6, 3, 8, 3, 3, 1, 49, 31, 31, 75, 72, 52, 34, 0]"""
j10,2,reactive,60,False,inf,inf,inf,null,"[0, 4, 6, 11, 10, 6, 3, 8, 3, 3, 1, 49, 31, 31, 75, 72, 52, 34, 0]"
j10,2,stnu,60,False,inf,0.6590209007263184,inf,[],"""[0, 3, 4, 2, 5, 4, 5, 8, 3, 1, 12, 49, 31, 31, 75, 72, 52, 34, 0]"""
j10,2,proactive_quantile_0.75,60,True,30,0.04182076454162598,0.000804901123046875,"[0, 0, 0, 0, 4, 4, 13, 14, 19, 13, 23, 0, 0, 0, 0, 0, 0, 0, 74]","""[0, 5, 1, 1, 11, 2, 3, 12, 8, 6, 6, 49, 31, 31, 75, 72, 52, 34, 0]"""
j10,2,reactive,60,False,inf,inf,inf,null,"[0, 5, 1, 1, 11, 2, 3, 12, 8, 6, 6, 49, 31, 31, 75, 72, 52, 34, 0]"
j10,2,stnu,60,False,inf,0.6003532409667969,inf,[],"""[0, 5, 1, 1, 11, 2, 3, 12, 2, 6, 6, 49, 31, 31, 75, 72, 52, 34, 0]"""
j10,2,proactive_quantile_0.75,60,True,21,0.04767012596130371,0.0007872581481933594,"[0, 0, 0, 0, 3, 3, 7, 9, 11, 7, 15, 0, 0, 0, 0, 0, 0, 0, 74]","""[0, 1, 2, 2, 1, 8, 2, 6, 7, 2, 4, 49, 31, 31, 75, 72, 52, 34, 0]"""
j10,2,reactive,60,False,inf,inf,inf,null,"[0, 1, 2, 2, 1, 8, 2, 6, 7, 2, 4, 49, 31, 31, 75, 72, 52, 34, 0]"
j10,2,stnu,60,False,inf,0.5561728477478027,inf,[],"""[0, 2, 4, 12, 4, 8, 2, 10, 7, 4, 3, 49, 31, 31, 75, 72, 52, 34, 0]"""
j10,2,proactive_quantile_0.75,60,True,30,0.05387425422668457,0.0008366107940673828,"[0, 0, 0, 0, 4, 4, 13, 14, 19, 13, 23, 0, 0, 0, 0, 0, 0, 0, 74]","""[0, 6, 1, 3, 8, 6, 7, 9, 13, 2, 2, 49, 31, 31, 75, 72, 52, 34, 0]"""
j10,2,reactive,60,False,inf,inf,inf,null,"[0, 6, 1, 3, 8, 6, 7, 9, 13, 2, 2, 49, 31, 31, 75, 72, 52, 34, 0]"
j10,2,stnu,60,False,inf,0.5650582313537598,inf,[],"""[0, 6, 1, 3, 8, 6, 7, 9, 7, 2, 2, 49, 31, 31, 75, 72, 52, 34, 0]"""
j10,2,proactive_quantile_0.75,60,True,30,0.05829167366027832,0.0008347034454345703,"[0, 0, 0, 0, 4, 4, 13, 14, 19, 13, 23, 0, 0, 0, 0, 0, 0, 0, 74]","""[0, 1, 4, 12, 4, 13, 1, 3, 14, 1, 6, 49, 31, 31, 75, 72, 52, 34, 0]"""
j10,2,reactive,60,False,inf,inf,inf,null,"[0, 1, 4, 12, 4, 13, 1, 3, 14, 1, 6, 49, 31, 31, 75, 72, 52, 34, 0]"
j10,2,stnu,60,False,inf,0.6456985473632812,inf,[],"""[0, 2, 1, 3, 5, 2, 4, 3, 14, 4, 2, 49, 31, 31, 75, 72, 52, 34, 0]"""
j10,2,proactive_quantile_0.75,60,True,30,0.04858589172363281,0.0008008480072021484,"[0, 0, 0, 0, 4, 4, 13, 14, 19, 13, 23, 0, 0, 0, 0, 0, 0, 0, 74]","""[0, 4, 1, 2, 7, 9, 4, 2, 9, 3, 2, 49, 31, 31, 75, 72, 52, 34, 0]"""
j10,2,reactive,60,True,28,0.04858589172363281,0.15152955055236816,"[0, 0, 0, 0, 4, 4, 13, 14, 19, 13, 23, 0, 0, 0, 0, 0, 0, 0, 28]","[0, 4, 1, 2, 7, 9, 4, 2, 9, 3, 2, 49, 31, 31, 75, 72, 52, 34, 0]"
j10,2,stnu,60,False,inf,0.5756494998931885,inf,[],"""[0, 4, 1, 2, 7, 9, 4, 2, 13, 3, 2, 49, 31, 31, 75, 72, 52, 34, 0]"""
j10,2,proactive_quantile_0.75,60,False,inf,0.04900622367858887,inf,"[0, 0, 0, 0, 4, 4, 13, 14, 19, 13, 23, 0, 0, 0, 0, 0, 0, 0, 74]","""[0, 5, 6, 9, 5, 11, 3, 8, 14, 4, 1, 49, 31, 31, 75, 72, 52, 34, 0]"""
j10,2,reactive,60,False,inf,inf,inf,null,"[0, 5, 6, 9, 5, 11, 3, 8, 14, 4, 1, 49, 31, 31, 75, 72, 52, 34, 0]"
j10,2,stnu,60,False,inf,0.5633680820465088,inf,[],"""[0, 5, 6, 9, 5, 11, 3, 8, 9, 4, 1, 49, 31, 31, 75, 72, 52, 34, 0]"""
j10,2,proactive_quantile_0.75,60,False,inf,0.10031390190124512,inf,"[0, 0, 0, 4, 2, 2, 13, 4, 23, 17, 16, 0, 0, 0, 0, 0, 0, 73]","""[0, 3, 3, 6, 1, 9, 2, 6, 1, 5, 12, 22, 17, 49, 74, 73, 30, 0]"""
j10,2,reactive,60,False,inf,inf,inf,null,"[0, 3, 3, 6, 1, 9, 2, 6, 1, 5, 12, 22, 17, 49, 74, 73, 30, 0]"
j10,2,stnu,60,False,inf,0.6985530853271484,inf,[],"""[0, 3, 4, 10, 1, 2, 6, 7, 1, 13, 6, 22, 17, 49, 74, 73, 30, 0]"""
j10,2,proactive_quantile_0.75,60,False,inf,0.054639339447021484,inf,"[0, 0, 0, 4, 2, 2, 13, 4, 23, 17, 16, 0, 0, 0, 0, 0, 0, 73]","""[0, 3, 1, 4, 1, 9, 2, 5, 3, 6, 11, 22, 17, 49, 74, 73, 30, 0]"""
j10,2,reactive,60,False,inf,inf,inf,null,"[0, 3, 1, 4, 1, 9, 2, 5, 3, 6, 11, 22, 17, 49, 74, 73, 30, 0]"
j10,2,stnu,60,False,inf,0.5925953388214111,inf,[],"""[0, 5, 1, 6, 1, 8, 2, 1, 3, 4, 1, 22, 17, 49, 74, 73, 30, 0]"""
j10,2,proactive_quantile_0.75,60,False,inf,0.16262364387512207,inf,"[0, 0, 0, 4, 2, 2, 13, 4, 23, 17, 16, 0, 0, 0, 0, 0, 0, 73]","""[0, 1, 1, 2, 3, 8, 6, 12, 5, 2, 12, 22, 17, 49, 74, 73, 30, 0]"""
j10,2,reactive,60,False,inf,inf,inf,null,"[0, 1, 1, 2, 3, 8, 6, 12, 5, 2, 12, 22, 17, 49, 74, 73, 30, 0]"
j10,2,stnu,60,False,inf,0.5488944053649902,inf,[],"""[0, 8, 8, 7, 3, 7, 4, 2, 5, 2, 6, 22, 17, 49, 74, 73, 30, 0]"""
j10,2,proactive_quantile_0.75,60,False,inf,0.15969085693359375,inf,"[0, 0, 0, 4, 2, 2, 13, 4, 23, 17, 16, 0, 0, 0, 0, 0, 0, 73]","""[0, 3, 1, 1, 2, 5, 2, 9, 4, 6, 12, 22, 17, 49, 74, 73, 30, 0]"""
j10,2,reactive,60,False,inf,inf,inf,null,"[0, 3, 1, 1, 2, 5, 2, 9, 4, 6, 12, 22, 17, 49, 74, 73, 30, 0]"
j10,2,stnu,60,False,inf,0.5645999908447266,inf,[],"""[0, 7, 5, 3, 2, 9, 13, 2, 4, 11, 6, 22, 17, 49, 74, 73, 30, 0]"""
j10,2,proactive_quantile_0.75,60,True,27,0.05656909942626953,0.0006477832794189453,"[0, 0, 0, 4, 2, 2, 13, 4, 23, 17, 16, 0, 0, 0, 0, 0, 0, 73]","""[0, 1, 1, 2, 2, 7, 4, 8, 6, 3, 6, 22, 17, 49, 74, 73, 30, 0]"""
j10,2,reactive,60,True,29,0.05656909942626953,0.1463935375213623,"[0, 0, 0, 4, 2, 2, 13, 4, 23, 17, 16, 0, 0, 0, 0, 0, 0, 29]","[0, 1, 1, 2, 2, 7, 4, 8, 6, 3, 6, 22, 17, 49, 74, 73, 30, 0]"
j10,2,stnu,60,False,inf,1.2982208728790283,inf,[],"""[0, 9, 3, 2, 2, 10, 7, 3, 6, 10, 4, 22, 17, 49, 74, 73, 30, 0]"""
j10,2,proactive_quantile_0.75,60,False,inf,0.13246679306030273,inf,"[0, 0, 0, 4, 2, 2, 13, 4, 23, 17, 16, 0, 0, 0, 0, 0, 0, 73]","""[0, 1, 3, 4, 3, 5, 3, 15, 1, 7, 1, 22, 17, 49, 74, 73, 30, 0]"""
j10,2,reactive,60,False,inf,inf,inf,null,"[0, 1, 3, 4, 3, 5, 3, 15, 1, 7, 1, 22, 17, 49, 74, 73, 30, 0]"
j10,2,stnu,60,False,inf,0.7776288986206055,inf,[],"""[0, 5, 7, 2, 3, 5, 9, 3, 1, 9, 5, 22, 17, 49, 74, 73, 30, 0]"""
j10,2,proactive_quantile_0.75,60,False,inf,0.16904997825622559,inf,"[0, 0, 0, 4, 2, 2, 13, 4, 23, 17, 16, 0, 0, 0, 0, 0, 0, 73]","""[0, 2, 1, 2, 1, 3, 4, 13, 3, 5, 10, 22, 17, 49, 74, 73, 30, 0]"""
j10,2,reactive,60,False,inf,inf,inf,null,"[0, 2, 1, 2, 1, 3, 4, 13, 3, 5, 10, 22, 17, 49, 74, 73, 30, 0]"
j10,2,stnu,60,False,inf,0.5456480979919434,inf,[],"""[0, 4, 2, 8, 1, 10, 7, 4, 3, 11, 1, 22, 17, 49, 74, 73, 30, 0]"""
j10,2,proactive_quantile_0.75,60,False,inf,0.06596779823303223,inf,"[0, 0, 13, 16, 2, 2, 23, 11, 33, 33, 25, 0, 0, 0, 0, 0, 0, 73]","""[0, 3, 3, 8, 6, 10, 3, 6, 3, 10, 1, 22, 17, 49, 74, 73, 30, 0]"""
j10,2,reactive,60,False,inf,inf,inf,null,"[0, 3, 3, 8, 6, 10, 3, 6, 3, 10, 1, 22, 17, 49, 74, 73, 30, 0]"
j10,2,stnu,60,False,inf,0.5775108337402344,inf,[],"""[0, 5, 6, 8, 2, 10, 3, 6, 3, 10, 1, 22, 17, 49, 74, 73, 30, 0]"""
j10,2,proactive_quantile_0.75,60,True,27,0.05498218536376953,0.0007565021514892578,"[0, 0, 0, 4, 2, 2, 13, 4, 23, 17, 16, 0, 0, 0, 0, 0, 0, 73]","""[0, 1, 2, 1, 1, 11, 2, 16, 5, 5, 3, 22, 17, 49, 74, 73, 30, 0]"""
j10,2,reactive,60,False,inf,inf,inf,null,"[0, 1, 2, 1, 1, 11, 2, 16, 5, 5, 3, 22, 17, 49, 74, 73, 30, 0]"
j10,2,stnu,60,False,inf,0.551250696182251,inf,[],"""[0, 10, 5, 9, 1, 11, 4, 2, 5, 2, 4, 22, 17, 49, 74, 73, 30, 0]"""
j10,2,proactive_quantile_0.75,60,False,inf,0.06064200401306152,inf,"[0, 0, 0, 4, 2, 2, 13, 4, 23, 17, 16, 0, 0, 0, 0, 0, 0, 73]","""[0, 2, 1, 1, 2, 8, 4, 14, 1, 6, 4, 22, 17, 49, 74, 73, 30, 0]"""
j10,2,reactive,60,False,inf,inf,inf,null,"[0, 2, 1, 1, 2, 8, 4, 14, 1, 6, 4, 22, 17, 49, 74, 73, 30, 0]"
j10,2,stnu,60,False,inf,0.5751709938049316,inf,[],"""[0, 15, 9, 9, 2, 8, 12, 3, 1, 6, 5, 22, 17, 49, 74, 73, 30, 0]"""
j10,2,stnu,60,False,inf,0.5653209686279297,inf,[],"""[0, 3, 2, 2, 1, 4, 2, 3, 3, 1, 2, 44, 38, 66, 56, 68, 12, 25, 12, 31, 0]"""
j10,2,stnu,60,False,inf,0.5344703197479248,inf,[],"""[0, 3, 4, 5, 4, 6, 4, 2, 2, 2, 6, 44, 38, 66, 56, 68, 12, 25, 12, 31, 0]"""
j10,2,stnu,60,False,inf,0.5540657043457031,inf,[],"""[0, 3, 1, 2, 1, 6, 8, 2, 1, 2, 2, 44, 38, 66, 56, 68, 12, 25, 12, 31, 0]"""
j10,2,stnu,60,False,inf,0.6156861782073975,inf,[],"""[0, 2, 12, 3, 3, 9, 8, 3, 1, 3, 6, 44, 38, 66, 56, 68, 12, 25, 12, 31, 0]"""
j10,2,stnu,60,False,inf,0.5646564960479736,inf,[],"""[0, 1, 3, 2, 4, 1, 13, 3, 6, 3, 2, 44, 38, 66, 56, 68, 12, 25, 12, 31, 0]"""
j10,2,stnu,60,False,inf,0.548466682434082,inf,[],"""[0, 3, 4, 8, 3, 1, 2, 4, 6, 3, 2, 44, 38, 66, 56, 68, 12, 25, 12, 31, 0]"""
j10,2,stnu,60,False,inf,0.5481479167938232,inf,[],"""[0, 1, 7, 4, 4, 6, 7, 1, 4, 2, 1, 44, 38, 66, 56, 68, 12, 25, 12, 31, 0]"""
j10,2,stnu,60,False,inf,0.6259715557098389,inf,[],"""[0, 3, 12, 1, 3, 7, 9, 1, 1, 2, 6, 44, 38, 66, 56, 68, 12, 25, 12, 31, 0]"""
j10,2,stnu,60,False,inf,0.5653204917907715,inf,[],"""[0, 4, 11, 5, 1, 2, 13, 3, 5, 2, 3, 44, 38, 66, 56, 68, 12, 25, 12, 31, 0]"""
j10,2,stnu,60,False,inf,0.5546691417694092,inf,[],"""[0, 2, 11, 3, 1, 7, 11, 3, 1, 1, 1, 44, 38, 66, 56, 68, 12, 25, 12, 31, 0]"""
j10,2,proactive_quantile_0.75,60,True,47,0.04171323776245117,0.0013682842254638672,"[0, 0, 0, 0, 6, 17, 27, 31, 27, 31, 40, 0, 0, 0, 0, 0, 0, 0, 0, 0, 0, 88]","""[0, 6, 1, 4, 11, 12, 1, 9, 4, 4, 2, 63, 54, 45, 84, 79, 46, 83, 87, 89, 48, 0]"""
j10,2,reactive,60,False,inf,inf,inf,null,"[0, 6, 1, 4, 11, 12, 1, 9, 4, 4, 2, 63, 54, 45, 84, 79, 46, 83, 87, 89, 48, 0]"
j10,2,stnu,60,False,inf,0.5935108661651611,inf,[],"""[0, 6, 1, 4, 4, 12, 1, 9, 1, 4, 2, 63, 54, 45, 84, 79, 46, 83, 87, 89, 48, 0]"""
j10,2,proactive_quantile_0.75,60,False,inf,0.05225801467895508,inf,"[0, 0, 0, 0, 6, 17, 27, 31, 27, 31, 40, 0, 0, 0, 0, 0, 0, 0, 0, 0, 0, 88]","""[0, 4, 8, 5, 8, 7, 6, 9, 11, 2, 6, 63, 54, 45, 84, 79, 46, 83, 87, 89, 48, 0]"""
j10,2,reactive,60,False,inf,inf,inf,null,"[0, 4, 8, 5, 8, 7, 6, 9, 11, 2, 6, 63, 54, 45, 84, 79, 46, 83, 87, 89, 48, 0]"
j10,2,stnu,60,False,inf,0.5776457786560059,inf,[],"""[0, 4, 8, 5, 2, 7, 6, 9, 1, 2, 6, 63, 54, 45, 84, 79, 46, 83, 87, 89, 48, 0]"""
j10,2,proactive_quantile_0.75,60,False,inf,0.05187797546386719,inf,"[0, 0, 0, 0, 6, 17, 27, 31, 27, 31, 40, 0, 0, 0, 0, 0, 0, 0, 0, 0, 0, 88]","""[0, 2, 7, 7, 14, 10, 1, 3, 15, 4, 5, 63, 54, 45, 84, 79, 46, 83, 87, 89, 48, 0]"""
j10,2,reactive,60,False,inf,inf,inf,null,"[0, 2, 7, 7, 14, 10, 1, 3, 15, 4, 5, 63, 54, 45, 84, 79, 46, 83, 87, 89, 48, 0]"
j10,2,stnu,60,False,inf,0.5669214725494385,inf,[],"""[0, 2, 7, 7, 2, 10, 1, 3, 3, 4, 5, 63, 54, 45, 84, 79, 46, 83, 87, 89, 48, 0]"""
j10,2,proactive_quantile_0.75,60,False,inf,0.04528331756591797,inf,"[0, 0, 0, 0, 6, 17, 27, 31, 27, 31, 40, 0, 0, 0, 0, 0, 0, 0, 0, 0, 0, 88]","""[0, 2, 5, 4, 10, 11, 4, 5, 14, 6, 1, 63, 54, 45, 84, 79, 46, 83, 87, 89, 48, 0]"""
j10,2,reactive,60,False,inf,inf,inf,null,"[0, 2, 5, 4, 10, 11, 4, 5, 14, 6, 1, 63, 54, 45, 84, 79, 46, 83, 87, 89, 48, 0]"
j10,2,stnu,60,False,inf,0.5711710453033447,inf,[],"""[0, 2, 5, 4, 3, 11, 4, 5, 1, 6, 1, 63, 54, 45, 84, 79, 46, 83, 87, 89, 48, 0]"""
j10,2,proactive_quantile_0.75,60,False,inf,0.15051555633544922,inf,"[0, 0, 0, 0, 6, 17, 27, 31, 27, 31, 40, 0, 0, 0, 0, 0, 0, 0, 0, 0, 0, 88]","""[0, 3, 2, 2, 15, 3, 5, 4, 14, 2, 4, 63, 54, 45, 84, 79, 46, 83, 87, 89, 48, 0]"""
j10,2,reactive,60,False,inf,inf,inf,null,"[0, 3, 2, 2, 15, 3, 5, 4, 14, 2, 4, 63, 54, 45, 84, 79, 46, 83, 87, 89, 48, 0]"
j10,2,stnu,60,False,inf,0.5548992156982422,inf,[],"""[0, 3, 2, 2, 1, 3, 5, 4, 3, 2, 4, 63, 54, 45, 84, 79, 46, 83, 87, 89, 48, 0]"""
j10,2,proactive_quantile_0.75,60,True,47,0.08600401878356934,0.0013818740844726562,"[0, 0, 0, 0, 6, 17, 27, 31, 27, 31, 40, 0, 0, 0, 0, 0, 0, 0, 0, 0, 0, 88]","""[0, 2, 6, 3, 8, 2, 4, 10, 7, 7, 2, 63, 54, 45, 84, 79, 46, 83, 87, 89, 48, 0]"""
j10,2,reactive,60,False,inf,inf,inf,null,"[0, 2, 6, 3, 8, 2, 4, 10, 7, 7, 2, 63, 54, 45, 84, 79, 46, 83, 87, 89, 48, 0]"
j10,2,stnu,60,False,inf,0.6894481182098389,inf,[],"""[0, 2, 6, 3, 2, 2, 4, 10, 3, 7, 2, 63, 54, 45, 84, 79, 46, 83, 87, 89, 48, 0]"""
j10,2,proactive_quantile_0.75,60,False,inf,0.048320770263671875,inf,"[0, 0, 0, 0, 6, 17, 27, 31, 27, 31, 40, 0, 0, 0, 0, 0, 0, 0, 0, 0, 0, 88]","""[0, 2, 6, 9, 12, 9, 5, 3, 7, 2, 8, 63, 54, 45, 84, 79, 46, 83, 87, 89, 48, 0]"""
j10,2,reactive,60,False,inf,inf,inf,null,"[0, 2, 6, 9, 12, 9, 5, 3, 7, 2, 8, 63, 54, 45, 84, 79, 46, 83, 87, 89, 48, 0]"
j10,2,stnu,60,False,inf,0.5704843997955322,inf,[],"""[0, 2, 6, 9, 2, 9, 5, 3, 2, 2, 8, 63, 54, 45, 84, 79, 46, 83, 87, 89, 48, 0]"""
j10,2,proactive_quantile_0.75,60,False,inf,0.14910650253295898,inf,"[0, 0, 0, 0, 6, 6, 16, 18, 16, 18, 22, 0, 0, 0, 0, 0, 0, 0, 0, 0, 0, 88]","""[0, 2, 7, 8, 1, 3, 2, 5, 2, 1, 2, 63, 54, 45, 84, 79, 46, 83, 87, 89, 48, 0]"""
j10,2,reactive,60,False,inf,inf,inf,null,"[0, 2, 7, 8, 1, 3, 2, 5, 2, 1, 2, 63, 54, 45, 84, 79, 46, 83, 87, 89, 48, 0]"
j10,2,stnu,60,False,inf,0.5769667625427246,inf,[],"""[0, 4, 7, 8, 1, 3, 5, 4, 2, 1, 9, 63, 54, 45, 84, 79, 46, 83, 87, 89, 48, 0]"""
j10,2,proactive_quantile_0.75,60,False,inf,0.11766862869262695,inf,"[0, 0, 0, 0, 6, 6, 16, 18, 16, 18, 22, 0, 0, 0, 0, 0, 0, 0, 0, 0, 0, 88]","""[0, 1, 6, 5, 3, 12, 1, 5, 1, 1, 2, 63, 54, 45, 84, 79, 46, 83, 87, 89, 48, 0]"""
j10,2,reactive,60,False,inf,inf,inf,null,"[0, 1, 6, 5, 3, 12, 1, 5, 1, 1, 2, 63, 54, 45, 84, 79, 46, 83, 87, 89, 48, 0]"
j10,2,stnu,60,False,inf,0.5885953903198242,inf,[],"""[0, 2, 6, 5, 3, 12, 1, 4, 1, 1, 10, 63, 54, 45, 84, 79, 46, 83, 87, 89, 48, 0]"""
j10,2,proactive_quantile_0.75,60,False,inf,0.11477470397949219,inf,"[0, 0, 0, 0, 6, 6, 16, 18, 16, 18, 22, 0, 0, 0, 0, 0, 0, 0, 0, 0, 0, 88]","""[0, 2, 2, 7, 4, 2, 2, 5, 1, 8, 1, 63, 54, 45, 84, 79, 46, 83, 87, 89, 48, 0]"""
j10,2,reactive,60,False,inf,inf,inf,null,"[0, 2, 2, 7, 4, 2, 2, 5, 1, 8, 1, 63, 54, 45, 84, 79, 46, 83, 87, 89, 48, 0]"
j10,2,stnu,60,False,inf,0.5903871059417725,inf,[],"""[0, 2, 2, 7, 4, 2, 5, 9, 1, 8, 1, 63, 54, 45, 84, 79, 46, 83, 87, 89, 48, 0]"""
j10,2,proactive_quantile_0.75,60,False,inf,0.1606752872467041,inf,"[0, 0, 0, 2, 6, 12, 15, 15, 31, 38, 25, 0, 0, 0, 0, 0, 0, 0, 0, 0, 82]","""[0, 1, 2, 3, 6, 2, 1, 13, 8, 1, 8, 11, 51, 83, 70, 18, 64, 51, 42, 32, 0]"""
j10,2,reactive,60,False,inf,inf,inf,null,"[0, 1, 2, 3, 6, 2, 1, 13, 8, 1, 8, 11, 51, 83, 70, 18, 64, 51, 42, 32, 0]"
j10,2,stnu,60,False,inf,0.8217957019805908,inf,[],"""[0, 3, 2, 3, 6, 2, 1, 13, 8, 1, 8, 11, 51, 83, 70, 18, 64, 51, 42, 32, 0]"""
j10,2,proactive_quantile_0.75,60,False,inf,0.16190600395202637,inf,"[0, 0, 0, 2, 6, 12, 15, 15, 31, 38, 25, 0, 0, 0, 0, 0, 0, 0, 0, 0, 82]","""[0, 3, 1, 2, 5, 4, 2, 9, 8, 1, 6, 11, 51, 83, 70, 18, 64, 51, 42, 32, 0]"""
j10,2,reactive,60,False,inf,inf,inf,null,"[0, 3, 1, 2, 5, 4, 2, 9, 8, 1, 6, 11, 51, 83, 70, 18, 64, 51, 42, 32, 0]"
j10,2,stnu,60,False,inf,0.6052160263061523,inf,[],"""[0, 2, 1, 2, 5, 4, 2, 9, 8, 1, 6, 11, 51, 83, 70, 18, 64, 51, 42, 32, 0]"""
j10,2,proactive_quantile_0.75,60,False,inf,0.15369534492492676,inf,"[0, 0, 0, 2, 6, 12, 15, 15, 31, 38, 25, 0, 0, 0, 0, 0, 0, 0, 0, 0, 82]","""[0, 1, 3, 4, 7, 2, 3, 12, 6, 3, 6, 11, 51, 83, 70, 18, 64, 51, 42, 32, 0]"""
j10,2,reactive,60,False,inf,inf,inf,null,"[0, 1, 3, 4, 7, 2, 3, 12, 6, 3, 6, 11, 51, 83, 70, 18, 64, 51, 42, 32, 0]"
j10,2,stnu,60,False,inf,0.5918352603912354,inf,[],"""[0, 1, 3, 4, 7, 2, 3, 12, 6, 3, 6, 11, 51, 83, 70, 18, 64, 51, 42, 32, 0]"""
j10,2,proactive_quantile_0.75,60,False,inf,0.09593868255615234,inf,"[0, 0, 0, 2, 6, 12, 15, 15, 31, 38, 25, 0, 0, 0, 0, 0, 0, 0, 0, 0, 82]","""[0, 4, 1, 3, 6, 3, 2, 11, 5, 2, 5, 11, 51, 83, 70, 18, 64, 51, 42, 32, 0]"""
j10,2,reactive,60,False,inf,inf,inf,null,"[0, 4, 1, 3, 6, 3, 2, 11, 5, 2, 5, 11, 51, 83, 70, 18, 64, 51, 42, 32, 0]"
j10,2,stnu,60,False,inf,0.5839507579803467,inf,[],"""[0, 2, 1, 3, 6, 3, 2, 11, 5, 2, 5, 11, 51, 83, 70, 18, 64, 51, 42, 32, 0]"""
j10,2,proactive_quantile_0.75,60,False,inf,0.07562875747680664,inf,"[0, 0, 0, 2, 6, 12, 15, 15, 31, 38, 25, 0, 0, 0, 0, 0, 0, 0, 0, 0, 82]","""[0, 4, 1, 3, 1, 1, 4, 13, 8, 1, 5, 11, 51, 83, 70, 18, 64, 51, 42, 32, 0]"""
j10,2,reactive,60,False,inf,inf,inf,null,"[0, 4, 1, 3, 1, 1, 4, 13, 8, 1, 5, 11, 51, 83, 70, 18, 64, 51, 42, 32, 0]"
j10,2,stnu,60,False,inf,0.572725772857666,inf,[],"""[0, 5, 1, 3, 1, 1, 4, 13, 8, 1, 5, 11, 51, 83, 70, 18, 64, 51, 42, 32, 0]"""
j10,2,proactive_quantile_0.75,60,False,inf,0.06138896942138672,inf,"[0, 0, 0, 2, 6, 12, 15, 15, 31, 38, 25, 0, 0, 0, 0, 0, 0, 0, 0, 0, 82]","""[0, 1, 2, 4, 6, 4, 2, 12, 3, 2, 5, 11, 51, 83, 70, 18, 64, 51, 42, 32, 0]"""
j10,2,reactive,60,False,inf,inf,inf,null,"[0, 1, 2, 4, 6, 4, 2, 12, 3, 2, 5, 11, 51, 83, 70, 18, 64, 51, 42, 32, 0]"
j10,2,stnu,60,False,inf,0.6394648551940918,inf,[],"""[0, 2, 2, 4, 6, 4, 2, 12, 3, 2, 5, 11, 51, 83, 70, 18, 64, 51, 42, 32, 0]"""
j10,2,proactive_quantile_0.75,60,False,inf,0.12789273262023926,inf,"[0, 0, 0, 2, 6, 12, 15, 15, 31, 38, 25, 0, 0, 0, 0, 0, 0, 0, 0, 0, 82]","""[0, 6, 1, 4, 5, 2, 3, 10, 10, 3, 2, 11, 51, 83, 70, 18, 64, 51, 42, 32, 0]"""
j10,2,reactive,60,False,inf,inf,inf,null,"[0, 6, 1, 4, 5, 2, 3, 10, 10, 3, 2, 11, 51, 83, 70, 18, 64, 51, 42, 32, 0]"
j10,2,stnu,60,False,inf,0.8277451992034912,inf,[],"""[0, 2, 1, 4, 5, 2, 3, 10, 10, 3, 2, 11, 51, 83, 70, 18, 64, 51, 42, 32, 0]"""
j10,2,proactive_quantile_0.75,60,False,inf,0.05696892738342285,inf,"[0, 0, 6, 0, 6, 3, 12, 12, 22, 29, 22, 0, 0, 0, 0, 0, 0, 0, 0, 0, 82]","""[0, 1, 7, 1, 5, 2, 4, 6, 4, 3, 8, 11, 51, 83, 70, 18, 64, 51, 42, 32, 0]"""
j10,2,reactive,60,False,inf,inf,inf,null,"[0, 1, 7, 1, 5, 2, 4, 6, 4, 3, 8, 11, 51, 83, 70, 18, 64, 51, 42, 32, 0]"
j10,2,stnu,60,False,inf,0.7060909271240234,inf,[],"""[0, 7, 2, 1, 5, 2, 4, 6, 4, 2, 5, 11, 51, 83, 70, 18, 64, 51, 42, 32, 0]"""
j10,2,proactive_quantile_0.75,60,False,inf,0.06088685989379883,inf,"[0, 0, 0, 2, 6, 12, 15, 15, 31, 38, 25, 0, 0, 0, 0, 0, 0, 0, 0, 0, 82]","""[0, 2, 2, 2, 2, 4, 1, 8, 8, 2, 5, 11, 51, 83, 70, 18, 64, 51, 42, 32, 0]"""
j10,2,reactive,60,False,inf,inf,inf,null,"[0, 2, 2, 2, 2, 4, 1, 8, 8, 2, 5, 11, 51, 83, 70, 18, 64, 51, 42, 32, 0]"
j10,2,stnu,60,False,inf,0.5665361881256104,inf,[],"""[0, 3, 2, 2, 2, 4, 1, 8, 8, 2, 5, 11, 51, 83, 70, 18, 64, 51, 42, 32, 0]"""
j10,2,proactive_quantile_0.75,60,True,40,0.15929102897644043,0.000946044921875,"[0, 0, 0, 2, 6, 12, 15, 15, 31, 38, 25, 0, 0, 0, 0, 0, 0, 0, 0, 0, 82]","""[0, 1, 3, 4, 4, 2, 3, 6, 6, 3, 4, 11, 51, 83, 70, 18, 64, 51, 42, 32, 0]"""
j10,2,reactive,60,True,41,0.15929102897644043,0.220350980758667,"[0, 0, 0, 2, 6, 12, 15, 15, 31, 38, 25, 0, 0, 0, 0, 0, 0, 0, 0, 0, 41]","[0, 1, 3, 4, 4, 2, 3, 6, 6, 3, 4, 11, 51, 83, 70, 18, 64, 51, 42, 32, 0]"
j10,2,stnu,60,False,inf,0.717806339263916,inf,[],"""[0, 4, 3, 4, 4, 2, 3, 6, 6, 3, 4, 11, 51, 83, 70, 18, 64, 51, 42, 32, 0]"""
j10,2,proactive_quantile_0.75,60,True,29,0.04929399490356445,0.0009000301361083984,"[0, 0, 0, 0, 6, 7, 6, 16, 16, 6, 23, 0, 0, 0, 0, 0, 0, 0, 0, 65]","""[0, 2, 4, 6, 8, 4, 4, 3, 3, 2, 5, 54, 36, 66, 65, 55, 56, 20, 43, 0]"""
j10,2,reactive,60,True,28,0.04929399490356445,0.16056537628173828,"[0, 0, 0, 0, 6, 7, 6, 16, 16, 6, 23, 0, 0, 0, 0, 0, 0, 0, 0, 28]","[0, 2, 4, 6, 8, 4, 4, 3, 3, 2, 5, 54, 36, 66, 65, 55, 56, 20, 43, 0]"
j10,2,stnu,60,True,16,0.6282081604003906,0.011722087860107422,"[0, 0, 0, 0, 2, 4, 4, 8, 8, 2, 11, 0, 0, 0, 0, 0, 0, 0, 0, 16]","""[0, 2, 4, 2, 4, 4, 4, 3, 3, 2, 5, 54, 36, 66, 65, 55, 56, 20, 43, 0]"""
j10,2,proactive_quantile_0.75,60,True,29,0.05867648124694824,0.0009298324584960938,"[0, 0, 0, 0, 6, 7, 6, 16, 16, 6, 23, 0, 0, 0, 0, 0, 0, 0, 0, 65]","""[0, 4, 8, 3, 6, 4, 9, 7, 6, 1, 2, 54, 36, 66, 65, 55, 56, 20, 43, 0]"""
j10,2,reactive,60,False,inf,inf,inf,null,"[0, 4, 8, 3, 6, 4, 9, 7, 6, 1, 2, 54, 36, 66, 65, 55, 56, 20, 43, 0]"
j10,2,stnu,60,True,26,0.612647533416748,0.01187753677368164,"[0, 0, 0, 0, 7, 8, 8, 17, 17, 7, 24, 0, 0, 0, 0, 0, 0, 0, 0, 26]","""[0, 4, 8, 7, 8, 4, 9, 7, 6, 1, 2, 54, 36, 66, 65, 55, 56, 20, 43, 0]"""
j10,2,proactive_quantile_0.75,60,True,29,0.04908418655395508,0.0008807182312011719,"[0, 0, 0, 0, 6, 7, 6, 16, 16, 6, 23, 0, 0, 0, 0, 0, 0, 0, 0, 65]","""[0, 4, 6, 2, 6, 5, 6, 6, 2, 5, 9, 54, 36, 66, 65, 55, 56, 20, 43, 0]"""
j10,2,reactive,60,True,32,0.04908418655395508,0.1522812843322754,"[0, 0, 0, 0, 6, 7, 6, 16, 16, 6, 23, 0, 0, 0, 0, 0, 0, 0, 0, 32]","[0, 4, 6, 2, 6, 5, 6, 6, 2, 5, 9, 54, 36, 66, 65, 55, 56, 20, 43, 0]"
j10,2,stnu,60,True,31,0.686042070388794,0.011712312698364258,"[0, 0, 0, 0, 8, 8, 8, 16, 14, 8, 22, 0, 0, 0, 0, 0, 0, 0, 0, 31]","""[0, 4, 6, 8, 8, 5, 6, 6, 2, 5, 9, 54, 36, 66, 65, 55, 56, 20, 43, 0]"""
j10,2,proactive_quantile_0.75,60,True,24,0.1176750659942627,0.0008745193481445312,"[0, 0, 0, 0, 2, 6, 6, 18, 18, 2, 22, 0, 0, 0, 0, 0, 0, 0, 0, 65]","""[0, 1, 8, 1, 6, 1, 4, 4, 3, 2, 3, 54, 36, 66, 65, 55, 56, 20, 43, 0]"""
j10,2,reactive,60,False,inf,inf,inf,null,"[0, 1, 8, 1, 6, 1, 4, 4, 3, 2, 3, 54, 36, 66, 65, 55, 56, 20, 43, 0]"
j10,2,stnu,60,False,inf,0.6211822032928467,inf,[],"""[0, 1, 8, 6, 7, 2, 4, 5, 2, 1, 3, 54, 36, 66, 65, 55, 56, 20, 43, 0]"""
j10,2,proactive_quantile_0.75,60,True,29,0.0497126579284668,0.0009133815765380859,"[0, 0, 0, 0, 6, 7, 6, 16, 16, 6, 23, 0, 0, 0, 0, 0, 0, 0, 0, 65]","""[0, 7, 5, 3, 10, 7, 10, 5, 3, 1, 2, 54, 36, 66, 65, 55, 56, 20, 43, 0]"""
j10,2,reactive,60,False,inf,inf,inf,null,"[0, 7, 5, 3, 10, 7, 10, 5, 3, 1, 2, 54, 36, 66, 65, 55, 56, 20, 43, 0]"
j10,2,stnu,60,True,24,0.6229474544525146,0.011861801147460938,"[0, 0, 0, 0, 7, 7, 7, 17, 17, 7, 22, 0, 0, 0, 0, 0, 0, 0, 0, 24]","""[0, 7, 5, 7, 6, 7, 10, 5, 3, 1, 2, 54, 36, 66, 65, 55, 56, 20, 43, 0]"""
j10,2,proactive_quantile_0.75,60,False,inf,0.0391077995300293,inf,"[0, 0, 0, 0, 2, 6, 6, 16, 16, 2, 20, 0, 0, 0, 0, 0, 0, 0, 0, 65]","""[0, 3, 5, 6, 7, 2, 3, 5, 2, 3, 1, 54, 36, 66, 65, 55, 56, 20, 43, 0]"""
j10,2,reactive,60,False,inf,inf,inf,null,"[0, 3, 5, 6, 7, 2, 3, 5, 2, 3, 1, 54, 36, 66, 65, 55, 56, 20, 43, 0]"
j10,2,stnu,60,False,inf,0.6598358154296875,inf,[],"""[0, 3, 5, 10, 5, 4, 14, 5, 3, 1, 6, 54, 36, 66, 65, 55, 56, 20, 43, 0]"""
j10,2,proactive_quantile_0.75,60,True,29,0.04860258102416992,0.0008935928344726562,"[0, 0, 0, 0, 6, 7, 6, 16, 16, 6, 23, 0, 0, 0, 0, 0, 0, 0, 0, 65]","""[0, 5, 6, 10, 1, 3, 6, 2, 2, 5, 7, 54, 36, 66, 65, 55, 56, 20, 43, 0]"""
j10,2,reactive,60,False,inf,inf,inf,null,"[0, 5, 6, 10, 1, 3, 6, 2, 2, 5, 7, 54, 36, 66, 65, 55, 56, 20, 43, 0]"
j10,2,stnu,60,True,22,0.606935977935791,0.011890649795532227,"[0, 0, 0, 0, 7, 7, 7, 13, 13, 7, 15, 0, 0, 0, 0, 0, 0, 0, 0, 22]","""[0, 5, 6, 7, 6, 3, 6, 2, 2, 5, 7, 54, 36, 66, 65, 55, 56, 20, 43, 0]"""
j10,2,proactive_quantile_0.75,60,False,inf,0.1240851879119873,inf,"[0, 0, 0, 0, 2, 6, 6, 18, 18, 2, 22, 0, 0, 0, 0, 0, 0, 0, 0, 65]","""[0, 3, 5, 8, 3, 2, 15, 3, 2, 1, 1, 54, 36, 66, 65, 55, 56, 20, 43, 0]"""
j10,2,reactive,60,False,inf,inf,inf,null,"[0, 3, 5, 8, 3, 2, 15, 3, 2, 1, 1, 54, 36, 66, 65, 55, 56, 20, 43, 0]"
j10,2,stnu,60,True,29,0.6060969829559326,0.01189112663269043,"[0, 0, 0, 0, 8, 8, 8, 13, 11, 8, 23, 0, 0, 0, 0, 0, 0, 0, 0, 29]","""[0, 8, 5, 8, 5, 3, 2, 10, 2, 1, 6, 54, 36, 66, 65, 55, 56, 20, 43, 0]"""
j10,2,proactive_quantile_0.75,60,True,29,0.046003103256225586,0.0009007453918457031,"[0, 0, 0, 0, 6, 7, 6, 16, 16, 6, 23, 0, 0, 0, 0, 0, 0, 0, 0, 65]","""[0, 8, 3, 1, 1, 8, 4, 1, 3, 1, 5, 54, 36, 66, 65, 55, 56, 20, 43, 0]"""
j10,2,reactive,60,False,inf,inf,inf,null,"[0, 8, 3, 1, 1, 8, 4, 1, 3, 1, 5, 54, 36, 66, 65, 55, 56, 20, 43, 0]"
j10,2,stnu,60,True,20,0.6037623882293701,0.011898994445800781,"[0, 0, 0, 0, 8, 4, 4, 12, 12, 8, 15, 0, 0, 0, 0, 0, 0, 0, 0, 20]","""[0, 8, 3, 4, 2, 8, 4, 1, 3, 1, 5, 54, 36, 66, 65, 55, 56, 20, 43, 0]"""
j10,2,proactive_quantile_0.75,60,True,22,0.22344231605529785,0.00089263916015625,"[0, 0, 0, 0, 2, 6, 6, 16, 16, 2, 20, 0, 0, 0, 0, 0, 0, 0, 0, 65]","""[0, 2, 8, 4, 5, 4, 5, 5, 3, 4, 1, 54, 36, 66, 65, 55, 56, 20, 43, 0]"""
j10,2,reactive,60,False,inf,inf,inf,null,"[0, 2, 8, 4, 5, 4, 5, 5, 3, 4, 1, 54, 36, 66, 65, 55, 56, 20, 43, 0]"
j10,2,stnu,60,True,32,0.6237928867340088,0.011897563934326172,"[0, 0, 0, 0, 7, 8, 8, 19, 13, 7, 25, 0, 0, 0, 0, 0, 0, 0, 0, 32]","""[0, 7, 8, 1, 12, 5, 5, 6, 4, 4, 7, 54, 36, 66, 65, 55, 56, 20, 43, 0]"""
j10,2,proactive_quantile_0.75,60,True,20,0.03744959831237793,0.000982522964477539,"[0, 0, 0, 0, 2, 2, 8, 8, 5, 2, 14, 0, 0, 0, 0, 0, 0, 0, 0, 0, 65]","""[0, 3, 2, 1, 4, 2, 2, 4, 4, 10, 4, 17, 32, 17, 59, 41, 56, 54, 66, 60, 0]"""
j10,2,reactive,60,False,inf,inf,inf,null,"[0, 3, 2, 1, 4, 2, 2, 4, 4, 10, 4, 17, 32, 17, 59, 41, 56, 54, 66, 60, 0]"
j10,2,stnu,60,True,15,1.8386824131011963,0.012948036193847656,"[0, 0, 0, 0, 3, 3, 7, 7, 7, 1, 11, 0, 0, 0, 0, 0, 0, 0, 0, 0, 15]","""[0, 3, 2, 1, 4, 2, 2, 4, 4, 10, 4, 17, 32, 17, 59, 41, 56, 54, 66, 60, 0]"""
j10,2,proactive_quantile_0.75,60,True,45,0.0661780834197998,0.0009999275207519531,"[0, 0, 6, 0, 6, 6, 16, 24, 9, 15, 36, 0, 0, 0, 0, 0, 0, 0, 0, 0, 65]","""[0, 1, 8, 5, 1, 7, 2, 12, 6, 5, 3, 17, 32, 17, 59, 41, 56, 54, 66, 60, 0]"""
j10,2,reactive,60,True,39,0.0661780834197998,0.1958920955657959,"[0, 0, 6, 0, 6, 6, 16, 24, 9, 15, 36, 0, 0, 0, 0, 0, 0, 0, 0, 0, 39]","[0, 1, 8, 5, 1, 7, 2, 12, 6, 5, 3, 17, 32, 17, 59, 41, 56, 54, 66, 60, 0]"
j10,2,stnu,60,True,20,1.301114797592163,0.012683629989624023,"[0, 0, 0, 0, 2, 2, 7, 7, 3, 2, 14, 0, 0, 0, 0, 0, 0, 0, 0, 0, 20]","""[0, 1, 2, 2, 1, 5, 2, 5, 6, 12, 6, 17, 32, 17, 59, 41, 56, 54, 66, 60, 0]"""
j10,2,proactive_quantile_0.75,60,True,20,0.05476212501525879,0.0009496212005615234,"[0, 0, 0, 0, 2, 2, 8, 8, 5, 2, 14, 0, 0, 0, 0, 0, 0, 0, 0, 0, 65]","""[0, 2, 4, 2, 3, 6, 2, 7, 8, 5, 1, 17, 32, 17, 59, 41, 56, 54, 66, 60, 0]"""
j10,2,reactive,60,False,inf,inf,inf,null,"[0, 2, 4, 2, 3, 6, 2, 7, 8, 5, 1, 17, 32, 17, 59, 41, 56, 54, 66, 60, 0]"
j10,2,stnu,60,True,16,1.0027732849121094,0.012993812561035156,"[0, 0, 0, 0, 2, 2, 8, 8, 5, 2, 15, 0, 0, 0, 0, 0, 0, 0, 0, 0, 16]","""[0, 2, 4, 2, 3, 6, 2, 7, 8, 5, 1, 17, 32, 17, 59, 41, 56, 54, 66, 60, 0]"""
j10,2,proactive_quantile_0.75,60,True,20,0.0658731460571289,0.0009653568267822266,"[0, 0, 0, 0, 2, 2, 8, 8, 5, 2, 14, 0, 0, 0, 0, 0, 0, 0, 0, 0, 65]","""[0, 2, 4, 2, 3, 1, 1, 3, 6, 7, 8, 17, 32, 17, 59, 41, 56, 54, 66, 60, 0]"""
j10,2,reactive,60,True,22,0.0658731460571289,0.14133238792419434,"[0, 0, 0, 0, 2, 2, 8, 8, 5, 2, 14, 0, 0, 0, 0, 0, 0, 0, 0, 0, 22]","[0, 2, 4, 2, 3, 1, 1, 3, 6, 7, 8, 17, 32, 17, 59, 41, 56, 54, 66, 60, 0]"
j10,2,stnu,60,True,19,0.7232413291931152,0.012773275375366211,"[0, 0, 0, 0, 2, 2, 5, 5, 5, 2, 11, 0, 0, 0, 0, 0, 0, 0, 0, 0, 19]","""[0, 2, 4, 2, 3, 1, 1, 3, 6, 7, 8, 17, 32, 17, 59, 41, 56, 54, 66, 60, 0]"""
j10,2,proactive_quantile_0.75,60,True,20,0.05276179313659668,0.0009553432464599609,"[0, 0, 0, 0, 2, 2, 8, 8, 5, 2, 14, 0, 0, 0, 0, 0, 0, 0, 0, 0, 65]","""[0, 2, 3, 2, 1, 3, 3, 5, 1, 15, 2, 17, 32, 17, 59, 41, 56, 54, 66, 60, 0]"""
j10,2,reactive,60,True,17,0.05276179313659668,0.13027215003967285,"[0, 0, 0, 0, 2, 2, 8, 8, 5, 2, 14, 0, 0, 0, 0, 0, 0, 0, 0, 0, 17]","[0, 2, 3, 2, 1, 3, 3, 5, 1, 15, 2, 17, 32, 17, 59, 41, 56, 54, 66, 60, 0]"
j10,2,stnu,60,True,19,0.7056546211242676,0.012810707092285156,"[0, 0, 0, 0, 2, 2, 5, 5, 3, 2, 17, 0, 0, 0, 0, 0, 0, 0, 0, 0, 19]","""[0, 2, 3, 2, 1, 3, 3, 5, 1, 15, 2, 17, 32, 17, 59, 41, 56, 54, 66, 60, 0]"""
j10,2,proactive_quantile_0.75,60,True,20,0.07025432586669922,0.0009374618530273438,"[0, 0, 0, 0, 2, 2, 8, 8, 5, 2, 14, 0, 0, 0, 0, 0, 0, 0, 0, 0, 65]","""[0, 3, 3, 2, 2, 1, 2, 5, 8, 3, 7, 17, 32, 17, 59, 41, 56, 54, 66, 60, 0]"""
j10,2,reactive,60,False,inf,inf,inf,null,"[0, 3, 3, 2, 2, 1, 2, 5, 8, 3, 7, 17, 32, 17, 59, 41, 56, 54, 66, 60, 0]"
j10,2,stnu,60,True,20,0.7809634208679199,0.012881278991699219,"[0, 0, 0, 0, 3, 3, 5, 5, 5, 2, 13, 0, 0, 0, 0, 0, 0, 0, 0, 0, 20]","""[0, 3, 3, 2, 2, 1, 2, 5, 8, 3, 7, 17, 32, 17, 59, 41, 56, 54, 66, 60, 0]"""
j10,2,proactive_quantile_0.75,60,False,inf,0.056334495544433594,inf,"[0, 0, 6, 0, 6, 6, 16, 24, 9, 15, 36, 0, 0, 0, 0, 0, 0, 0, 0, 0, 65]","""[0, 8, 7, 7, 2, 4, 2, 11, 5, 10, 2, 17, 32, 17, 59, 41, 56, 54, 66, 60, 0]"""
j10,2,reactive,60,False,inf,inf,inf,null,"[0, 8, 7, 7, 2, 4, 2, 11, 5, 10, 2, 17, 32, 17, 59, 41, 56, 54, 66, 60, 0]"
j10,2,stnu,60,True,18,0.8855090141296387,0.01278376579284668,"[0, 0, 0, 0, 3, 3, 8, 8, 5, 3, 10, 0, 0, 0, 0, 0, 0, 0, 0, 0, 18]","""[0, 1, 1, 3, 2, 5, 2, 1, 5, 6, 8, 17, 32, 17, 59, 41, 56, 54, 66, 60, 0]"""
j10,2,proactive_quantile_0.75,60,True,20,0.06382107734680176,0.0009734630584716797,"[0, 0, 0, 0, 2, 2, 8, 8, 5, 2, 14, 0, 0, 0, 0, 0, 0, 0, 0, 0, 65]","""[0, 1, 2, 3, 3, 6, 2, 4, 1, 16, 8, 17, 32, 17, 59, 41, 56, 54, 66, 60, 0]"""
j10,2,reactive,60,False,inf,inf,inf,null,"[0, 1, 2, 3, 3, 6, 2, 4, 1, 16, 8, 17, 32, 17, 59, 41, 56, 54, 66, 60, 0]"
j10,2,stnu,60,True,27,0.6952216625213623,0.012992143630981445,"[0, 0, 0, 0, 3, 3, 9, 9, 6, 3, 19, 0, 0, 0, 0, 0, 0, 0, 0, 0, 27]","""[0, 1, 2, 3, 3, 6, 2, 4, 1, 16, 8, 17, 32, 17, 59, 41, 56, 54, 66, 60, 0]"""
j10,2,proactive_quantile_0.75,60,True,20,0.14498591423034668,0.0009427070617675781,"[0, 0, 0, 0, 2, 2, 8, 8, 5, 2, 14, 0, 0, 0, 0, 0, 0, 0, 0, 0, 65]","""[0, 3, 1, 1, 4, 3, 2, 8, 3, 3, 6, 17, 32, 17, 59, 41, 56, 54, 66, 60, 0]"""
j10,2,reactive,60,False,inf,inf,inf,null,"[0, 3, 1, 1, 4, 3, 2, 8, 3, 3, 6, 17, 32, 17, 59, 41, 56, 54, 66, 60, 0]"
j10,2,stnu,60,True,21,0.7513566017150879,0.012766122817993164,"[0, 0, 0, 0, 3, 3, 7, 7, 7, 1, 15, 0, 0, 0, 0, 0, 0, 0, 0, 0, 21]","""[0, 3, 1, 1, 4, 3, 2, 8, 3, 3, 6, 17, 32, 17, 59, 41, 56, 54, 66, 60, 0]"""
j10,2,proactive_quantile_0.75,60,True,20,0.05287742614746094,0.0009300708770751953,"[0, 0, 0, 0, 2, 2, 8, 8, 5, 2, 14, 0, 0, 0, 0, 0, 0, 0, 0, 0, 65]","""[0, 1, 2, 1, 1, 2, 3, 1, 8, 6, 5, 17, 32, 17, 59, 41, 56, 54, 66, 60, 0]"""
j10,2,reactive,60,True,19,0.05287742614746094,0.2313990592956543,"[0, 0, 0, 0, 2, 2, 8, 8, 5, 2, 14, 0, 0, 0, 0, 0, 0, 0, 0, 0, 19]","[0, 1, 2, 1, 1, 2, 3, 1, 8, 6, 5, 17, 32, 17, 59, 41, 56, 54, 66, 60, 0]"
j10,2,stnu,60,True,40,0.6793863773345947,0.013433218002319336,"[0, 0, 4, 0, 4, 9, 21, 24, 9, 17, 30, 0, 0, 0, 0, 0, 0, 0, 0, 0, 40]","""[0, 4, 3, 9, 1, 12, 3, 6, 8, 3, 10, 17, 32, 17, 59, 41, 56, 54, 66, 60, 0]"""
j10,2,proactive_quantile_0.75,60,True,20,0.03927922248840332,0.0005121231079101562,"[0, 0, 0, 0, 6, 6, 10, 10, 10, 14, 16, 0, 0, 0, 0, 0, 44]","""[0, 6, 1, 1, 2, 2, 3, 2, 1, 2, 5, 35, 42, 42, 45, 22, 0]"""
j10,2,reactive,60,True,21,0.03927922248840332,0.16952061653137207,"[0, 0, 0, 0, 6, 6, 10, 10, 10, 14, 16, 0, 0, 0, 0, 0, 21]","[0, 6, 1, 1, 2, 2, 3, 2, 1, 2, 5, 35, 42, 42, 45, 22, 0]"
j10,2,stnu,60,False,inf,0.6797142028808594,inf,[],"""[0, 15, 4, 1, 4, 7, 1, 2, 1, 11, 5, 35, 42, 42, 45, 22, 0]"""
j10,2,proactive_quantile_0.75,60,True,25,0.037247419357299805,0.0005214214324951172,"[0, 0, 0, 0, 6, 6, 12, 12, 12, 16, 16, 0, 0, 0, 0, 0, 44]","""[0, 3, 1, 2, 2, 5, 4, 5, 2, 6, 5, 35, 42, 42, 45, 22, 0]"""
j10,2,reactive,60,False,inf,inf,inf,null,"[0, 3, 1, 2, 2, 5, 4, 5, 2, 6, 5, 35, 42, 42, 45, 22, 0]"
j10,2,stnu,60,False,inf,0.7076177597045898,inf,[],"""[0, 1, 2, 2, 2, 5, 1, 5, 2, 1, 5, 35, 42, 42, 45, 22, 0]"""
j10,2,proactive_quantile_0.75,60,False,inf,0.15358209609985352,inf,"[0, 0, 0, 0, 6, 6, 10, 10, 10, 14, 14, 0, 0, 0, 0, 0, 44]","""[0, 6, 1, 4, 1, 3, 4, 6, 7, 9, 1, 35, 42, 42, 45, 22, 0]"""
j10,2,reactive,60,False,inf,inf,inf,null,"[0, 6, 1, 4, 1, 3, 4, 6, 7, 9, 1, 35, 42, 42, 45, 22, 0]"
j10,2,stnu,60,False,inf,0.6714282035827637,inf,[],"""[0, 15, 5, 4, 7, 7, 3, 6, 3, 9, 1, 35, 42, 42, 45, 22, 0]"""
j10,2,proactive_quantile_0.75,60,False,inf,0.05054450035095215,inf,"[0, 0, 0, 0, 6, 6, 10, 10, 10, 14, 16, 0, 0, 0, 0, 0, 44]","""[0, 8, 3, 1, 1, 3, 4, 3, 1, 3, 1, 35, 42, 42, 45, 22, 0]"""
j10,2,reactive,60,False,inf,inf,inf,null,"[0, 8, 3, 1, 1, 3, 4, 3, 1, 3, 1, 35, 42, 42, 45, 22, 0]"
j10,2,stnu,60,False,inf,0.627915620803833,inf,[],"""[0, 5, 1, 1, 4, 2, 3, 3, 1, 2, 1, 35, 42, 42, 45, 22, 0]"""
j10,2,proactive_quantile_0.75,60,True,20,0.04987287521362305,0.0005576610565185547,"[0, 0, 0, 0, 6, 6, 10, 10, 10, 14, 16, 0, 0, 0, 0, 0, 44]","""[0, 10, 3, 9, 1, 3, 3, 5, 3, 1, 4, 35, 42, 42, 45, 22, 0]"""
j10,2,reactive,60,False,inf,inf,inf,null,"[0, 10, 3, 9, 1, 3, 3, 5, 3, 1, 4, 35, 42, 42, 45, 22, 0]"
j10,2,stnu,60,False,inf,0.6544599533081055,inf,[],"""[0, 10, 3, 9, 1, 3, 3, 5, 3, 1, 4, 35, 42, 42, 45, 22, 0]"""
j10,2,proactive_quantile_0.75,60,False,inf,0.046906471252441406,inf,"[0, 0, 0, 0, 6, 6, 10, 10, 10, 14, 16, 0, 0, 0, 0, 0, 44]","""[0, 1, 1, 1, 4, 6, 2, 3, 3, 2, 4, 35, 42, 42, 45, 22, 0]"""
j10,2,reactive,60,False,inf,inf,inf,null,"[0, 1, 1, 1, 4, 6, 2, 3, 3, 2, 4, 35, 42, 42, 45, 22, 0]"
j10,2,stnu,60,False,inf,0.6240668296813965,inf,[],"""[0, 1, 1, 1, 4, 6, 2, 3, 3, 2, 4, 35, 42, 42, 45, 22, 0]"""
j10,2,proactive_quantile_0.75,60,True,25,0.04323911666870117,0.0005755424499511719,"[0, 0, 0, 0, 6, 6, 12, 12, 12, 16, 16, 0, 0, 0, 0, 0, 44]","""[0, 15, 3, 7, 4, 5, 2, 3, 3, 11, 6, 35, 42, 42, 45, 22, 0]"""
j10,2,reactive,60,False,inf,inf,inf,null,"[0, 15, 3, 7, 4, 5, 2, 3, 3, 11, 6, 35, 42, 42, 45, 22, 0]"
j10,2,stnu,60,False,inf,0.6319622993469238,inf,[],"""[0, 15, 3, 7, 3, 5, 2, 3, 3, 11, 6, 35, 42, 42, 45, 22, 0]"""
j10,2,proactive_quantile_0.75,60,True,25,0.06708526611328125,0.0005331039428710938,"[0, 0, 0, 0, 6, 6, 12, 12, 12, 16, 16, 0, 0, 0, 0, 0, 44]","""[0, 3, 6, 5, 2, 6, 2, 4, 1, 8, 3, 35, 42, 42, 45, 22, 0]"""
j10,2,reactive,60,True,24,0.06708526611328125,0.2968895435333252,"[0, 0, 0, 0, 6, 6, 12, 12, 12, 16, 16, 0, 0, 0, 0, 0, 24]","[0, 3, 6, 5, 2, 6, 2, 4, 1, 8, 3, 35, 42, 42, 45, 22, 0]"
j10,2,stnu,60,False,inf,0.6369965076446533,inf,[],"""[0, 3, 6, 5, 4, 6, 2, 4, 1, 8, 3, 35, 42, 42, 45, 22, 0]"""
j10,2,proactive_quantile_0.75,60,True,25,0.04558539390563965,0.0005452632904052734,"[0, 0, 0, 0, 6, 6, 12, 12, 12, 16, 16, 0, 0, 0, 0, 0, 44]","""[0, 8, 2, 4, 4, 2, 2, 2, 3, 7, 3, 35, 42, 42, 45, 22, 0]"""
j10,2,reactive,60,True,23,0.04558539390563965,0.18061494827270508,"[0, 0, 0, 0, 6, 6, 12, 12, 12, 16, 16, 0, 0, 0, 0, 0, 23]","[0, 8, 2, 4, 4, 2, 2, 2, 3, 7, 3, 35, 42, 42, 45, 22, 0]"
j10,2,stnu,60,False,inf,0.6416282653808594,inf,[],"""[0, 8, 2, 4, 5, 2, 2, 2, 3, 7, 3, 35, 42, 42, 45, 22, 0]"""
j10,2,proactive_quantile_0.75,60,True,25,0.04370522499084473,0.0005590915679931641,"[0, 0, 0, 0, 6, 6, 12, 12, 12, 16, 16, 0, 0, 0, 0, 0, 44]","""[0, 11, 2, 5, 4, 6, 3, 3, 3, 10, 1, 35, 42, 42, 45, 22, 0]"""
j10,2,reactive,60,True,26,0.04370522499084473,0.11454653739929199,"[0, 0, 0, 0, 6, 6, 12, 12, 12, 16, 16, 0, 0, 0, 0, 0, 26]","[0, 11, 2, 5, 4, 6, 3, 3, 3, 10, 1, 35, 42, 42, 45, 22, 0]"
j10,2,stnu,60,False,inf,0.6655416488647461,inf,[],"""[0, 11, 2, 5, 4, 6, 3, 3, 3, 10, 1, 35, 42, 42, 45, 22, 0]"""
j10,2,proactive_quantile_0.75,60,False,inf,0.06560516357421875,inf,"[0, 0, 6, 0, 7, 23, 7, 29, 16, 13, 36, 0, 0, 70]","""[0, 1, 14, 2, 8, 8, 12, 5, 10, 3, 3, 48, 71, 0]"""
j10,2,reactive,60,False,inf,inf,inf,null,"[0, 1, 14, 2, 8, 8, 12, 5, 10, 3, 3, 48, 71, 0]"
j10,2,stnu,60,True,34,0.6853013038635254,0.0060024261474609375,"[0, 0, 2, 0, 1, 9, 2, 26, 16, 14, 31, 0, 0, 34]","""[0, 1, 14, 2, 8, 15, 12, 5, 10, 3, 3, 48, 71, 0]"""
j10,2,proactive_quantile_0.75,60,False,inf,0.15434026718139648,inf,"[0, 0, 0, 0, 7, 11, 25, 28, 7, 14, 32, 0, 0, 70]","""[0, 8, 3, 6, 6, 15, 1, 5, 4, 8, 8, 48, 71, 0]"""
j10,2,reactive,60,False,inf,inf,inf,null,"[0, 8, 3, 6, 6, 15, 1, 5, 4, 8, 8, 48, 71, 0]"
j10,2,stnu,60,True,35,0.653752326965332,0.006036520004272461,"[0, 0, 6, 0, 8, 15, 8, 30, 15, 16, 33, 0, 0, 35]","""[0, 8, 5, 6, 7, 15, 8, 3, 4, 13, 2, 48, 71, 0]"""
j10,2,proactive_quantile_0.75,60,False,inf,0.15166592597961426,inf,"[0, 0, 0, 0, 7, 11, 25, 28, 7, 14, 32, 0, 0, 70]","""[0, 5, 13, 6, 4, 4, 2, 6, 8, 1, 1, 48, 71, 0]"""
j10,2,reactive,60,False,inf,inf,inf,null,"[0, 5, 13, 6, 4, 4, 2, 6, 8, 1, 1, 48, 71, 0]"
j10,2,stnu,60,True,27,0.7537775039672852,0.00615382194519043,"[0, 0, 0, 0, 6, 16, 9, 20, 6, 26, 26, 0, 0, 27]","""[0, 5, 13, 6, 10, 1, 11, 6, 3, 1, 1, 48, 71, 0]"""
j10,2,proactive_quantile_0.75,60,False,inf,0.16457414627075195,inf,"[0, 0, 0, 0, 7, 11, 25, 28, 7, 14, 32, 0, 0, 70]","""[0, 5, 8, 1, 6, 5, 2, 3, 10, 5, 1, 48, 71, 0]"""
j10,2,reactive,60,False,inf,inf,inf,null,"[0, 5, 8, 1, 6, 5, 2, 3, 10, 5, 1, 48, 71, 0]"
j10,2,stnu,60,True,28,0.6614141464233398,0.0059261322021484375,"[0, 0, 1, 0, 5, 12, 5, 23, 13, 12, 27, 0, 0, 28]","""[0, 5, 12, 1, 7, 5, 7, 4, 10, 6, 1, 48, 71, 0]"""
j10,2,proactive_quantile_0.75,60,False,inf,0.04815864562988281,inf,"[0, 0, 6, 0, 7, 23, 7, 29, 16, 13, 36, 0, 0, 70]","""[0, 2, 13, 7, 7, 3, 11, 8, 4, 13, 2, 48, 71, 0]"""
j10,2,reactive,60,False,inf,inf,inf,null,"[0, 2, 13, 7, 7, 3, 11, 8, 4, 13, 2, 48, 71, 0]"
j10,2,stnu,60,True,41,0.6201455593109131,0.0060045719146728516,"[0, 0, 7, 0, 2, 9, 7, 31, 20, 18, 39, 0, 0, 41]","""[0, 2, 13, 7, 7, 11, 11, 8, 4, 13, 2, 48, 71, 0]"""
j10,2,proactive_quantile_0.75,60,False,inf,0.041753530502319336,inf,"[0, 0, 6, 0, 7, 23, 7, 29, 16, 13, 36, 0, 0, 70]","""[0, 2, 9, 8, 7, 6, 3, 6, 5, 2, 1, 48, 71, 0]"""
j10,2,reactive,60,False,inf,inf,inf,null,"[0, 2, 9, 8, 7, 6, 3, 6, 5, 2, 1, 48, 71, 0]"
j10,2,stnu,60,True,29,0.6280620098114014,0.00590825080871582,"[0, 0, 8, 0, 2, 9, 8, 22, 17, 11, 28, 0, 0, 29]","""[0, 2, 9, 8, 7, 13, 3, 6, 5, 2, 1, 48, 71, 0]"""
j10,2,proactive_quantile_0.75,60,True,40,0.07395052909851074,0.00043773651123046875,"[0, 0, 6, 0, 7, 23, 7, 29, 16, 13, 36, 0, 0, 70]","""[0, 3, 3, 4, 8, 9, 6, 10, 2, 11, 2, 48, 71, 0]"""
j10,2,reactive,60,False,inf,inf,inf,null,"[0, 3, 3, 4, 8, 9, 6, 10, 2, 11, 2, 48, 71, 0]"
j10,2,stnu,60,True,34,0.7760891914367676,0.005962848663330078,"[0, 0, 4, 0, 3, 11, 4, 22, 11, 11, 32, 0, 0, 34]","""[0, 3, 3, 4, 8, 10, 6, 10, 2, 11, 2, 48, 71, 0]"""
j10,2,proactive_quantile_0.75,60,False,inf,0.151580810546875,inf,"[0, 0, 0, 0, 7, 11, 25, 28, 7, 14, 32, 0, 0, 70]","""[0, 9, 12, 2, 6, 15, 4, 5, 5, 4, 7, 48, 71, 0]"""
j10,2,reactive,60,False,inf,inf,inf,null,"[0, 9, 12, 2, 6, 15, 4, 5, 5, 4, 7, 48, 71, 0]"
j10,2,stnu,60,True,36,0.6615452766418457,0.0060577392578125,"[0, 0, 2, 0, 9, 13, 9, 30, 13, 21, 34, 0, 0, 36]","""[0, 9, 6, 2, 4, 15, 12, 4, 5, 9, 2, 48, 71, 0]"""
j10,2,proactive_quantile_0.75,60,False,inf,0.04713082313537598,inf,"[0, 0, 6, 0, 7, 23, 7, 29, 16, 13, 36, 0, 0, 70]","""[0, 9, 14, 8, 4, 7, 2, 6, 10, 8, 2, 48, 71, 0]"""
j10,2,reactive,60,False,inf,inf,inf,null,"[0, 9, 14, 8, 4, 7, 2, 6, 10, 8, 2, 48, 71, 0]"
j10,2,stnu,60,True,40,0.6798043251037598,0.0060460567474365234,"[0, 0, 8, 0, 9, 13, 9, 32, 22, 13, 38, 0, 0, 40]","""[0, 9, 14, 8, 4, 7, 2, 6, 10, 8, 2, 48, 71, 0]"""
j10,2,proactive_quantile_0.75,60,True,40,0.06744933128356934,0.0004048347473144531,"[0, 0, 6, 0, 7, 23, 7, 29, 16, 13, 36, 0, 0, 70]","""[0, 6, 9, 1, 5, 2, 7, 6, 2, 4, 3, 48, 71, 0]"""
j10,2,reactive,60,True,39,0.06744933128356934,0.13472700119018555,"[0, 0, 6, 0, 7, 23, 7, 29, 16, 13, 36, 0, 0, 39]","[0, 6, 9, 1, 5, 2, 7, 6, 2, 4, 3, 48, 71, 0]"
j10,2,stnu,60,True,36,0.6354489326477051,0.006045341491699219,"[0, 0, 1, 0, 6, 11, 6, 27, 11, 13, 33, 0, 0, 36]","""[0, 6, 9, 1, 5, 16, 7, 6, 2, 4, 3, 48, 71, 0]"""
j10,2,proactive_quantile_0.75,60,False,inf,0.05256962776184082,inf,"[0, 0, 0, 0, 10, 12, 21, 24, 24, 33, 21, 0, 44]","""[0, 4, 2, 1, 2, 11, 1, 8, 1, 4, 4, 18, 0]"""
j10,2,reactive,60,False,inf,inf,inf,null,"[0, 4, 2, 1, 2, 11, 1, 8, 1, 4, 4, 18, 0]"
j10,2,stnu,60,True,42,0.7226119041442871,0.005372285842895508,"[0, 0, 0, 0, 12, 14, 26, 30, 30, 38, 26, 0, 42]","""[0, 12, 2, 1, 2, 12, 1, 8, 1, 4, 4, 18, 0]"""
j10,2,proactive_quantile_0.75,60,True,44,0.04863333702087402,0.00019979476928710938,"[0, 0, 0, 0, 10, 12, 21, 24, 24, 33, 21, 0, 44]","""[0, 6, 3, 1, 2, 8, 2, 1, 2, 14, 1, 18, 0]"""
j10,2,reactive,60,True,39,0.04863333702087402,0.14881229400634766,"[0, 0, 0, 0, 10, 12, 21, 24, 24, 25, 21, 0, 36]","[0, 6, 3, 1, 2, 8, 2, 1, 2, 14, 1, 18, 0]"
j10,2,stnu,60,True,34,0.7153501510620117,0.00537109375,"[0, 0, 0, 0, 8, 10, 16, 18, 18, 20, 16, 0, 34]","""[0, 8, 3, 1, 2, 6, 2, 1, 2, 14, 1, 18, 0]"""
j10,2,proactive_quantile_0.75,60,True,44,0.048250675201416016,0.0002110004425048828,"[0, 0, 0, 0, 10, 12, 21, 24, 24, 33, 21, 0, 44]","""[0, 4, 1, 1, 3, 1, 3, 12, 1, 15, 3, 18, 0]"""
j10,2,reactive,60,False,inf,inf,inf,null,"[0, 4, 1, 1, 3, 1, 3, 12, 1, 15, 3, 18, 0]"
j10,2,stnu,60,True,51,0.7653830051422119,0.00521397590637207,"[0, 0, 0, 0, 7, 10, 21, 24, 24, 36, 21, 0, 51]","""[0, 7, 1, 1, 3, 11, 3, 12, 1, 15, 3, 18, 0]"""
j10,2,proactive_quantile_0.75,60,False,inf,0.05233001708984375,inf,"[0, 0, 0, 0, 10, 12, 21, 24, 24, 33, 21, 0, 44]","""[0, 5, 1, 1, 3, 10, 4, 11, 3, 10, 2, 18, 0]"""
j10,2,reactive,60,False,inf,inf,inf,null,"[0, 5, 1, 1, 3, 10, 4, 11, 3, 10, 2, 18, 0]"
j10,2,stnu,60,True,39,0.6416456699371338,0.005273103713989258,"[0, 0, 0, 0, 5, 8, 14, 18, 18, 29, 14, 0, 39]","""[0, 5, 1, 1, 3, 6, 4, 11, 3, 10, 2, 18, 0]"""
j10,2,proactive_quantile_0.75,60,True,44,0.05078577995300293,0.0001900196075439453,"[0, 0, 0, 0, 10, 12, 21, 24, 24, 33, 21, 0, 44]","""[0, 3, 1, 3, 2, 7, 1, 6, 4, 4, 2, 18, 0]"""
j10,2,reactive,60,True,37,0.05078577995300293,0.14782428741455078,"[0, 0, 0, 0, 10, 12, 21, 24, 24, 33, 21, 0, 37]","[0, 3, 1, 3, 2, 7, 1, 6, 4, 4, 2, 18, 0]"
j10,2,stnu,60,True,25,0.6323587894439697,0.005376100540161133,"[0, 0, 0, 0, 6, 8, 13, 15, 15, 21, 13, 0, 25]","""[0, 6, 1, 3, 2, 5, 1, 6, 4, 4, 2, 18, 0]"""
j10,2,proactive_quantile_0.75,60,True,44,0.13419270515441895,0.00021505355834960938,"[0, 0, 0, 0, 10, 12, 21, 24, 24, 33, 21, 0, 44]","""[0, 6, 3, 2, 2, 11, 2, 5, 1, 4, 3, 18, 0]"""
j10,2,reactive,60,False,inf,inf,inf,null,"[0, 6, 3, 2, 2, 11, 2, 5, 1, 4, 3, 18, 0]"
j10,2,stnu,60,True,34,0.6584117412567139,0.0053501129150390625,"[0, 0, 0, 0, 8, 10, 22, 25, 25, 30, 22, 0, 34]","""[0, 8, 3, 2, 2, 12, 2, 5, 1, 4, 3, 18, 0]"""
j10,2,proactive_quantile_0.75,60,True,44,0.05507707595825195,0.00019240379333496094,"[0, 0, 0, 0, 10, 12, 21, 24, 24, 33, 21, 0, 44]","""[0, 4, 1, 2, 2, 7, 2, 1, 1, 14, 1, 18, 0]"""
j10,2,reactive,60,True,38,0.05507707595825195,0.11713027954101562,"[0, 0, 0, 0, 10, 12, 21, 23, 23, 24, 21, 0, 35]","[0, 4, 1, 2, 2, 7, 2, 1, 1, 14, 1, 18, 0]"
j10,2,stnu,60,True,27,0.7553110122680664,0.005434989929199219,"[0, 0, 0, 0, 6, 8, 10, 12, 12, 13, 10, 0, 27]","""[0, 6, 1, 2, 2, 2, 2, 1, 1, 14, 1, 18, 0]"""
j10,2,proactive_quantile_0.75,60,False,inf,0.03733515739440918,inf,"[0, 0, 0, 0, 10, 12, 21, 24, 24, 33, 21, 0, 44]","""[0, 6, 3, 2, 1, 1, 4, 12, 1, 10, 3, 18, 0]"""
j10,2,reactive,60,False,inf,inf,inf,null,"[0, 6, 3, 2, 1, 1, 4, 12, 1, 10, 3, 18, 0]"
j10,2,stnu,60,True,36,0.7087438106536865,0.005391359329223633,"[0, 0, 0, 0, 6, 7, 10, 14, 14, 26, 10, 0, 36]","""[0, 6, 3, 2, 1, 3, 4, 12, 1, 10, 3, 18, 0]"""
j10,2,proactive_quantile_0.75,60,False,inf,0.04883432388305664,inf,"[0, 0, 0, 0, 10, 12, 21, 24, 24, 33, 21, 0, 44]","""[0, 11, 1, 2, 2, 8, 4, 3, 5, 12, 4, 18, 0]"""
j10,2,reactive,60,False,inf,inf,inf,null,"[0, 11, 1, 2, 2, 8, 4, 3, 5, 12, 4, 18, 0]"
j10,2,stnu,60,True,36,0.7598834037780762,0.005293846130371094,"[0, 0, 0, 0, 11, 13, 16, 20, 20, 25, 16, 0, 36]","""[0, 11, 1, 2, 2, 3, 4, 3, 5, 11, 4, 18, 0]"""
j10,2,proactive_quantile_0.75,60,False,inf,0.04609417915344238,inf,"[0, 0, 0, 0, 10, 12, 21, 24, 24, 33, 21, 0, 44]","""[0, 11, 2, 1, 3, 2, 2, 1, 1, 12, 4, 18, 0]"""
j10,2,reactive,60,False,inf,inf,inf,null,"[0, 11, 2, 1, 3, 2, 2, 1, 1, 12, 4, 18, 0]"
j10,2,stnu,60,True,25,0.6721954345703125,0.005435943603515625,"[0, 0, 0, 0, 3, 6, 8, 12, 12, 13, 8, 0, 25]","""[0, 3, 2, 1, 3, 2, 2, 1, 1, 12, 4, 18, 0]"""
j10,2,proactive_quantile_0.75,60,True,32,0.0553591251373291,0.0006635189056396484,"[0, 0, 0, 3, 10, 3, 3, 16, 22, 22, 16, 0, 0, 0, 0, 0, 0, 0, 0, 55]","""[0, 3, 4, 6, 4, 1, 3, 4, 7, 2, 3, 26, 44, 17, 28, 11, 56, 36, 26, 0]"""
j10,2,reactive,60,False,inf,inf,inf,null,"[0, 3, 4, 6, 4, 1, 3, 4, 7, 2, 3, 26, 44, 17, 28, 11, 56, 36, 26, 0]"
j10,2,stnu,60,False,inf,0.7434394359588623,inf,[],"""[0, 7, 4, 7, 4, 1, 3, 4, 7, 2, 3, 26, 44, 17, 28, 11, 56, 36, 26, 0]"""
j10,2,proactive_quantile_0.75,60,True,29,0.13756775856018066,0.0006666183471679688,"[0, 0, 0, 3, 9, 2, 3, 12, 18, 18, 12, 0, 0, 0, 0, 0, 0, 0, 0, 55]","""[0, 3, 2, 5, 2, 1, 2, 3, 10, 7, 4, 26, 44, 17, 28, 11, 56, 36, 26, 0]"""
j10,2,reactive,60,True,28,0.13756775856018066,0.17687320709228516,"[0, 0, 0, 3, 9, 2, 3, 12, 18, 18, 12, 0, 0, 0, 0, 0, 0, 0, 0, 28]","[0, 3, 2, 5, 2, 1, 2, 3, 10, 7, 4, 26, 44, 17, 28, 11, 56, 36, 26, 0]"
j10,2,stnu,60,False,inf,0.6438133716583252,inf,[],"""[0, 8, 3, 2, 8, 4, 2, 3, 10, 5, 4, 26, 44, 17, 28, 11, 56, 36, 26, 0]"""
j10,2,proactive_quantile_0.75,60,False,inf,0.0795128345489502,inf,"[0, 0, 0, 3, 9, 2, 3, 12, 18, 18, 12, 0, 0, 0, 0, 0, 0, 0, 0, 55]","""[0, 4, 2, 7, 3, 6, 3, 9, 2, 2, 2, 26, 44, 17, 28, 11, 56, 36, 26, 0]"""
j10,2,reactive,60,False,inf,inf,inf,null,"[0, 4, 2, 7, 3, 6, 3, 9, 2, 2, 2, 26, 44, 17, 28, 11, 56, 36, 26, 0]"
j10,2,stnu,60,False,inf,0.6120166778564453,inf,[],"""[0, 10, 3, 13, 7, 8, 3, 7, 2, 3, 2, 26, 44, 17, 28, 11, 56, 36, 26, 0]"""
j10,2,proactive_quantile_0.75,60,True,25,0.06588506698608398,0.00067138671875,"[0, 0, 0, 3, 9, 2, 3, 12, 18, 18, 12, 0, 0, 0, 0, 0, 0, 0, 0, 55]","""[0, 3, 3, 8, 4, 6, 1, 8, 3, 7, 4, 26, 44, 17, 28, 11, 56, 36, 26, 0]"""
j10,2,reactive,60,False,inf,inf,inf,null,"[0, 3, 3, 8, 4, 6, 1, 8, 3, 7, 4, 26, 44, 17, 28, 11, 56, 36, 26, 0]"
j10,2,stnu,60,False,inf,0.8206169605255127,inf,[],"""[0, 4, 2, 2, 4, 1, 1, 7, 7, 10, 4, 26, 44, 17, 28, 11, 56, 36, 26, 0]"""
j10,2,proactive_quantile_0.75,60,False,inf,0.0560300350189209,inf,"[0, 0, 0, 3, 9, 2, 3, 12, 18, 18, 12, 0, 0, 0, 0, 0, 0, 0, 0, 55]","""[0, 4, 1, 6, 2, 3, 2, 8, 2, 7, 2, 26, 44, 17, 28, 11, 56, 36, 26, 0]"""
j10,2,reactive,60,False,inf,inf,inf,null,"[0, 4, 1, 6, 2, 3, 2, 8, 2, 7, 2, 26, 44, 17, 28, 11, 56, 36, 26, 0]"
j10,2,stnu,60,False,inf,0.6861217021942139,inf,[],"""[0, 8, 2, 8, 6, 4, 2, 7, 3, 2, 2, 26, 44, 17, 28, 11, 56, 36, 26, 0]"""
j10,2,proactive_quantile_0.75,60,False,inf,0.0546572208404541,inf,"[0, 0, 0, 3, 9, 2, 3, 12, 18, 18, 12, 0, 0, 0, 0, 0, 0, 0, 0, 55]","""[0, 4, 3, 4, 1, 4, 2, 2, 4, 9, 3, 26, 44, 17, 28, 11, 56, 36, 26, 0]"""
j10,2,reactive,60,False,inf,inf,inf,null,"[0, 4, 3, 4, 1, 4, 2, 2, 4, 9, 3, 26, 44, 17, 28, 11, 56, 36, 26, 0]"
j10,2,stnu,60,False,inf,0.6249423027038574,inf,[],"""[0, 2, 3, 2, 1, 3, 2, 6, 4, 8, 3, 26, 44, 17, 28, 11, 56, 36, 26, 0]"""
j10,2,proactive_quantile_0.75,60,False,inf,0.16839385032653809,inf,"[0, 0, 0, 3, 9, 2, 3, 12, 18, 18, 12, 0, 0, 0, 0, 0, 0, 0, 0, 55]","""[0, 3, 1, 5, 4, 3, 2, 5, 7, 6, 4, 26, 44, 17, 28, 11, 56, 36, 26, 0]"""
j10,2,reactive,60,False,inf,inf,inf,null,"[0, 3, 1, 5, 4, 3, 2, 5, 7, 6, 4, 26, 44, 17, 28, 11, 56, 36, 26, 0]"
j10,2,stnu,60,False,inf,0.6282088756561279,inf,[],"""[0, 6, 4, 8, 1, 3, 3, 5, 7, 2, 4, 26, 44, 17, 28, 11, 56, 36, 26, 0]"""
j10,2,proactive_quantile_0.75,60,True,25,0.06422019004821777,0.0006291866302490234,"[0, 0, 0, 3, 9, 2, 3, 12, 18, 18, 12, 0, 0, 0, 0, 0, 0, 0, 0, 55]","""[0, 1, 1, 5, 3, 2, 2, 1, 2, 6, 4, 26, 44, 17, 28, 11, 56, 36, 26, 0]"""
j10,2,reactive,60,True,24,0.06422019004821777,0.17857074737548828,"[0, 0, 0, 3, 9, 2, 3, 12, 18, 18, 12, 0, 0, 0, 0, 0, 0, 0, 0, 24]","[0, 1, 1, 5, 3, 2, 2, 1, 2, 6, 4, 26, 44, 17, 28, 11, 56, 36, 26, 0]"
j10,2,stnu,60,False,inf,0.6874549388885498,inf,[],"""[0, 1, 4, 11, 2, 3, 2, 4, 10, 7, 4, 26, 44, 17, 28, 11, 56, 36, 26, 0]"""
j10,2,proactive_quantile_0.75,60,False,inf,0.07906270027160645,inf,"[0, 0, 0, 3, 10, 3, 3, 16, 22, 22, 16, 0, 0, 0, 0, 0, 0, 0, 0, 55]","""[0, 1, 3, 9, 2, 6, 1, 7, 2, 10, 1, 26, 44, 17, 28, 11, 56, 36, 26, 0]"""
j10,2,reactive,60,False,inf,inf,inf,null,"[0, 1, 3, 9, 2, 6, 1, 7, 2, 10, 1, 26, 44, 17, 28, 11, 56, 36, 26, 0]"
j10,2,stnu,60,False,inf,0.593231201171875,inf,[],"""[0, 4, 3, 7, 2, 6, 1, 7, 2, 10, 1, 26, 44, 17, 28, 11, 56, 36, 26, 0]"""
j10,2,proactive_quantile_0.75,60,True,25,0.05068087577819824,0.0006313323974609375,"[0, 0, 0, 3, 9, 2, 3, 12, 18, 18, 12, 0, 0, 0, 0, 0, 0, 0, 0, 55]","""[0, 2, 1, 4, 1, 6, 1, 3, 4, 7, 1, 26, 44, 17, 28, 11, 56, 36, 26, 0]"""
j10,2,reactive,60,True,25,0.05068087577819824,0.19037866592407227,"[0, 0, 0, 3, 9, 2, 3, 12, 18, 18, 12, 0, 0, 0, 0, 0, 0, 0, 0, 25]","[0, 2, 1, 4, 1, 6, 1, 3, 4, 7, 1, 26, 44, 17, 28, 11, 56, 36, 26, 0]"
j10,2,stnu,60,False,inf,0.7280573844909668,inf,[],"""[0, 1, 1, 12, 3, 2, 1, 1, 10, 3, 1, 26, 44, 17, 28, 11, 56, 36, 26, 0]"""
j10,2,proactive_quantile_0.75,60,False,inf,0.05398869514465332,inf,"[0, 0, 0, 12, 3, 10, 15, 21, 15, 28, 25, 0, 0, 40]","""[0, 4, 3, 1, 7, 3, 7, 3, 2, 7, 3, 41, 26, 0]"""
j10,2,reactive,60,False,inf,inf,inf,null,"[0, 4, 3, 1, 7, 3, 7, 3, 2, 7, 3, 41, 26, 0]"
j10,2,stnu,60,False,inf,0.7757408618927002,inf,[],"""[0, 4, 3, 1, 7, 3, 7, 3, 3, 10, 3, 41, 26, 0]"""
j10,2,proactive_quantile_0.75,60,False,inf,0.07041192054748535,inf,"[0, 0, 0, 12, 3, 10, 15, 21, 15, 28, 25, 0, 0, 40]","""[0, 5, 2, 4, 7, 1, 4, 2, 12, 5, 3, 41, 26, 0]"""
j10,2,reactive,60,False,inf,inf,inf,null,"[0, 5, 2, 4, 7, 1, 4, 2, 12, 5, 3, 41, 26, 0]"
j10,2,stnu,60,False,inf,0.7919521331787109,inf,[],"""[0, 5, 2, 4, 7, 1, 4, 2, 1, 8, 3, 41, 26, 0]"""
j10,2,proactive_quantile_0.75,60,False,inf,0.16807794570922852,inf,"[0, 0, 0, 12, 3, 10, 15, 21, 15, 28, 25, 0, 0, 40]","""[0, 1, 3, 4, 2, 2, 6, 6, 1, 1, 2, 41, 26, 0]"""
j10,2,reactive,60,False,inf,inf,inf,null,"[0, 1, 3, 4, 2, 2, 6, 6, 1, 1, 2, 41, 26, 0]"
j10,2,stnu,60,False,inf,0.7290477752685547,inf,[],"""[0, 1, 3, 4, 2, 2, 6, 6, 3, 1, 2, 41, 26, 0]"""
j10,2,proactive_quantile_0.75,60,False,inf,0.06254196166992188,inf,"[0, 0, 0, 12, 3, 10, 15, 21, 15, 28, 25, 0, 0, 40]","""[0, 3, 3, 2, 5, 1, 7, 5, 3, 9, 1, 41, 26, 0]"""
j10,2,reactive,60,False,inf,inf,inf,null,"[0, 3, 3, 2, 5, 1, 7, 5, 3, 9, 1, 41, 26, 0]"
j10,2,stnu,60,False,inf,0.5831975936889648,inf,[],"""[0, 3, 3, 2, 5, 1, 7, 5, 1, 12, 1, 41, 26, 0]"""
j10,2,proactive_quantile_0.75,60,False,inf,0.1963789463043213,inf,"[0, 0, 0, 12, 3, 10, 15, 21, 15, 28, 25, 0, 0, 40]","""[0, 6, 4, 4, 7, 2, 8, 6, 9, 2, 4, 41, 26, 0]"""
j10,2,reactive,60,False,inf,inf,inf,null,"[0, 6, 4, 4, 7, 2, 8, 6, 9, 2, 4, 41, 26, 0]"
j10,2,stnu,60,False,inf,0.7361729145050049,inf,[],"""[0, 6, 4, 4, 7, 2, 8, 6, 1, 9, 4, 41, 26, 0]"""
j10,2,proactive_quantile_0.75,60,False,inf,0.10726237297058105,inf,"[0, 0, 0, 12, 3, 10, 15, 21, 15, 28, 25, 0, 0, 40]","""[0, 1, 1, 1, 8, 2, 7, 5, 8, 3, 2, 41, 26, 0]"""
j10,2,reactive,60,False,inf,inf,inf,null,"[0, 1, 1, 1, 8, 2, 7, 5, 8, 3, 2, 41, 26, 0]"
j10,2,stnu,60,True,35,0.7713556289672852,0.006176948547363281,"[0, 9, 8, 0, 9, 17, 1, 1, 24, 17, 26, 0, 0, 35]","""[0, 2, 1, 1, 8, 7, 7, 1, 7, 9, 9, 41, 26, 0]"""
j10,2,proactive_quantile_0.75,60,False,inf,0.17040157318115234,inf,"[0, 0, 0, 12, 3, 10, 15, 21, 15, 28, 25, 0, 0, 40]","""[0, 3, 3, 1, 10, 2, 5, 4, 9, 11, 1, 41, 26, 0]"""
j10,2,reactive,60,False,inf,inf,inf,null,"[0, 3, 3, 1, 10, 2, 5, 4, 9, 11, 1, 41, 26, 0]"
j10,2,stnu,60,False,inf,0.6540031433105469,inf,[],"""[0, 3, 3, 1, 10, 2, 5, 4, 3, 11, 1, 41, 26, 0]"""
j10,2,proactive_quantile_0.75,60,True,37,0.0628671646118164,0.0002970695495605469,"[0, 0, 0, 12, 3, 10, 15, 21, 15, 28, 25, 0, 0, 40]","""[0, 3, 1, 1, 5, 1, 3, 2, 11, 5, 1, 41, 26, 0]"""
j10,2,reactive,60,True,31,0.0628671646118164,0.20798802375793457,"[0, 0, 0, 12, 3, 10, 15, 21, 15, 26, 25, 0, 0, 31]","[0, 3, 1, 1, 5, 1, 3, 2, 11, 5, 1, 41, 26, 0]"
j10,2,stnu,60,False,inf,0.6602294445037842,inf,[],"""[0, 3, 1, 1, 5, 1, 3, 2, 1, 7, 1, 41, 26, 0]"""
j10,2,proactive_quantile_0.75,60,False,inf,0.04897427558898926,inf,"[0, 0, 0, 12, 3, 10, 15, 21, 15, 28, 25, 0, 0, 40]","""[0, 1, 4, 3, 1, 3, 2, 4, 12, 8, 3, 41, 26, 0]"""
j10,2,reactive,60,False,inf,inf,inf,null,"[0, 1, 4, 3, 1, 3, 2, 4, 12, 8, 3, 41, 26, 0]"
j10,2,stnu,60,False,inf,0.6402020454406738,inf,[],"""[0, 1, 4, 3, 1, 3, 2, 4, 3, 10, 3, 41, 26, 0]"""
j10,2,proactive_quantile_0.75,60,False,inf,0.05658245086669922,inf,"[0, 0, 0, 12, 3, 10, 15, 21, 15, 28, 25, 0, 0, 40]","""[0, 2, 4, 2, 10, 1, 4, 2, 3, 1, 2, 41, 26, 0]"""
j10,2,reactive,60,False,inf,inf,inf,null,"[0, 2, 4, 2, 10, 1, 4, 2, 3, 1, 2, 41, 26, 0]"
j10,2,stnu,60,False,inf,0.7665705680847168,inf,[],"""[0, 7, 10, 2, 16, 9, 4, 9, 3, 3, 2, 41, 26, 0]"""
j10,2,proactive_quantile_0.75,60,False,inf,0.1864776611328125,inf,"[0, 0, 0, 0, 2, 4, 10, 3, 4, 10, 12, 0, 0, 0, 0, 0, 0, 0, 0, 90]","""[0, 2, 3, 5, 2, 9, 3, 1, 5, 2, 1, 60, 84, 77, 34, 27, 12, 91, 22, 0]"""
j10,2,reactive,60,False,inf,inf,inf,null,"[0, 2, 3, 5, 2, 9, 3, 1, 5, 2, 1, 60, 84, 77, 34, 27, 12, 91, 22, 0]"
j10,2,stnu,60,False,inf,0.6635441780090332,inf,[],"""[0, 2, 3, 5, 2, 9, 3, 1, 5, 2, 1, 60, 84, 77, 34, 27, 12, 91, 22, 0]"""
j10,2,proactive_quantile_0.75,60,False,inf,0.17663812637329102,inf,"[0, 0, 0, 0, 2, 4, 10, 3, 4, 10, 12, 0, 0, 0, 0, 0, 0, 0, 0, 90]","""[0, 4, 2, 3, 2, 9, 2, 4, 8, 3, 3, 60, 84, 77, 34, 27, 12, 91, 22, 0]"""
j10,2,reactive,60,False,inf,inf,inf,null,"[0, 4, 2, 3, 2, 9, 2, 4, 8, 3, 3, 60, 84, 77, 34, 27, 12, 91, 22, 0]"
j10,2,stnu,60,False,inf,0.6355688571929932,inf,[],"""[0, 4, 2, 3, 2, 9, 2, 4, 8, 3, 3, 60, 84, 77, 34, 27, 12, 91, 22, 0]"""
j10,2,proactive_quantile_0.75,60,False,inf,0.05631732940673828,inf,"[0, 0, 0, 0, 2, 4, 10, 3, 4, 10, 12, 0, 0, 0, 0, 0, 0, 0, 0, 90]","""[0, 2, 3, 2, 1, 9, 2, 2, 3, 5, 3, 60, 84, 77, 34, 27, 12, 91, 22, 0]"""
j10,2,reactive,60,False,inf,inf,inf,null,"[0, 2, 3, 2, 1, 9, 2, 2, 3, 5, 3, 60, 84, 77, 34, 27, 12, 91, 22, 0]"
j10,2,stnu,60,False,inf,0.650404691696167,inf,[],"""[0, 2, 3, 2, 1, 9, 2, 2, 3, 5, 3, 60, 84, 77, 34, 27, 12, 91, 22, 0]"""
j10,2,proactive_quantile_0.75,60,False,inf,0.05388689041137695,inf,"[0, 0, 0, 0, 2, 4, 10, 3, 4, 10, 12, 0, 0, 0, 0, 0, 0, 0, 0, 90]","""[0, 4, 3, 1, 3, 1, 3, 6, 4, 8, 1, 60, 84, 77, 34, 27, 12, 91, 22, 0]"""
j10,2,reactive,60,False,inf,inf,inf,null,"[0, 4, 3, 1, 3, 1, 3, 6, 4, 8, 1, 60, 84, 77, 34, 27, 12, 91, 22, 0]"
j10,2,stnu,60,False,inf,0.7125928401947021,inf,[],"""[0, 4, 3, 1, 3, 1, 3, 6, 4, 8, 1, 60, 84, 77, 34, 27, 12, 91, 22, 0]"""
j10,2,proactive_quantile_0.75,60,False,inf,0.05155062675476074,inf,"[0, 0, 0, 0, 2, 4, 10, 3, 4, 10, 12, 0, 0, 0, 0, 0, 0, 0, 0, 90]","""[0, 2, 2, 2, 1, 7, 2, 8, 10, 1, 3, 60, 84, 77, 34, 27, 12, 91, 22, 0]"""
j10,2,reactive,60,False,inf,inf,inf,null,"[0, 2, 2, 2, 1, 7, 2, 8, 10, 1, 3, 60, 84, 77, 34, 27, 12, 91, 22, 0]"
j10,2,stnu,60,False,inf,0.7447719573974609,inf,[],"""[0, 2, 2, 2, 1, 7, 8, 8, 10, 5, 10, 60, 84, 77, 34, 27, 12, 91, 22, 0]"""
j10,2,proactive_quantile_0.75,60,False,inf,0.05143570899963379,inf,"[0, 0, 0, 0, 2, 4, 10, 3, 4, 10, 12, 0, 0, 0, 0, 0, 0, 0, 0, 90]","""[0, 3, 2, 2, 3, 5, 3, 8, 4, 5, 1, 60, 84, 77, 34, 27, 12, 91, 22, 0]"""
j10,2,reactive,60,False,inf,inf,inf,null,"[0, 3, 2, 2, 3, 5, 3, 8, 4, 5, 1, 60, 84, 77, 34, 27, 12, 91, 22, 0]"
j10,2,stnu,60,False,inf,0.734194278717041,inf,[],"""[0, 3, 2, 2, 3, 5, 3, 8, 4, 5, 1, 60, 84, 77, 34, 27, 12, 91, 22, 0]"""
j10,2,proactive_quantile_0.75,60,True,16,0.04828834533691406,0.0009443759918212891,"[0, 0, 0, 0, 2, 4, 10, 3, 4, 10, 12, 0, 0, 0, 0, 0, 0, 0, 0, 90]","""[0, 3, 2, 3, 1, 4, 3, 4, 6, 1, 1, 60, 84, 77, 34, 27, 12, 91, 22, 0]"""
j10,2,reactive,60,False,inf,inf,inf,null,"[0, 3, 2, 3, 1, 4, 3, 4, 6, 1, 1, 60, 84, 77, 34, 27, 12, 91, 22, 0]"
j10,2,stnu,60,False,inf,0.6366634368896484,inf,[],"""[0, 3, 2, 3, 1, 4, 3, 4, 6, 1, 1, 60, 84, 77, 34, 27, 12, 91, 22, 0]"""
j10,2,proactive_quantile_0.75,60,False,inf,0.0631246566772461,inf,"[0, 0, 0, 0, 2, 4, 10, 3, 4, 10, 12, 0, 0, 0, 0, 0, 0, 0, 0, 90]","""[0, 4, 3, 3, 2, 4, 2, 8, 4, 7, 3, 60, 84, 77, 34, 27, 12, 91, 22, 0]"""
j10,2,reactive,60,False,inf,inf,inf,null,"[0, 4, 3, 3, 2, 4, 2, 8, 4, 7, 3, 60, 84, 77, 34, 27, 12, 91, 22, 0]"
j10,2,stnu,60,False,inf,0.6678307056427002,inf,[],"""[0, 3, 3, 3, 2, 4, 3, 8, 4, 9, 13, 60, 84, 77, 34, 27, 12, 91, 22, 0]"""
j10,2,proactive_quantile_0.75,60,True,16,0.12790560722351074,0.0010478496551513672,"[0, 0, 0, 0, 2, 4, 10, 3, 4, 10, 12, 0, 0, 0, 0, 0, 0, 0, 0, 90]","""[0, 2, 2, 1, 1, 6, 2, 3, 9, 8, 2, 60, 84, 77, 34, 27, 12, 91, 22, 0]"""
j10,2,reactive,60,True,18,0.12790560722351074,0.15577125549316406,"[0, 0, 0, 0, 2, 4, 10, 3, 4, 10, 12, 0, 0, 0, 0, 0, 0, 0, 0, 18]","[0, 2, 2, 1, 1, 6, 2, 3, 9, 8, 2, 60, 84, 77, 34, 27, 12, 91, 22, 0]"
j10,2,stnu,60,False,inf,0.6222403049468994,inf,[],"""[0, 2, 2, 1, 1, 6, 2, 3, 9, 8, 2, 60, 84, 77, 34, 27, 12, 91, 22, 0]"""
j10,2,proactive_quantile_0.75,60,False,inf,0.20575523376464844,inf,"[0, 0, 0, 0, 2, 4, 10, 3, 4, 10, 12, 0, 0, 0, 0, 0, 0, 0, 0, 90]","""[0, 4, 2, 2, 3, 6, 1, 9, 6, 4, 1, 60, 84, 77, 34, 27, 12, 91, 22, 0]"""
j10,2,reactive,60,False,inf,inf,inf,null,"[0, 4, 2, 2, 3, 6, 1, 9, 6, 4, 1, 60, 84, 77, 34, 27, 12, 91, 22, 0]"
j10,2,stnu,60,False,inf,0.6237497329711914,inf,[],"""[0, 4, 2, 2, 3, 6, 1, 9, 6, 4, 1, 60, 84, 77, 34, 27, 12, 91, 22, 0]"""
j10,2,proactive_quantile_0.75,60,False,inf,0.049559831619262695,inf,"[0, 0, 4, 0, 7, 10, 10, 13, 16, 20, 20, 0, 0, 0, 80]","""[0, 5, 2, 5, 3, 2, 5, 4, 4, 5, 4, 68, 81, 40, 0]"""
j10,2,reactive,60,False,inf,inf,inf,null,"[0, 5, 2, 5, 3, 2, 5, 4, 4, 5, 4, 68, 81, 40, 0]"
j10,2,stnu,60,True,20,0.7110395431518555,0.006998777389526367,"[0, 0, 0, 0, 3, 6, 10, 8, 16, 10, 12, 0, 0, 0, 20]","""[0, 3, 5, 2, 3, 2, 2, 2, 4, 6, 4, 68, 81, 40, 0]"""
j10,2,proactive_quantile_0.75,60,False,inf,0.13575196266174316,inf,"[0, 0, 0, 0, 3, 5, 11, 8, 13, 20, 13, 0, 0, 0, 80]","""[0, 3, 4, 4, 2, 2, 3, 3, 7, 6, 5, 68, 81, 40, 0]"""
j10,2,reactive,60,False,inf,inf,inf,null,"[0, 3, 4, 4, 2, 2, 3, 3, 7, 6, 5, 68, 81, 40, 0]"
j10,2,stnu,60,True,23,0.6582510471343994,0.007149457931518555,"[0, 0, 0, 0, 4, 6, 12, 9, 20, 12, 15, 0, 0, 0, 23]","""[0, 3, 4, 4, 2, 3, 3, 3, 3, 8, 5, 68, 81, 40, 0]"""
j10,2,proactive_quantile_0.75,60,False,inf,0.05001020431518555,inf,"[0, 0, 4, 0, 7, 10, 10, 13, 16, 20, 20, 0, 0, 0, 80]","""[0, 3, 7, 5, 2, 2, 4, 2, 3, 5, 3, 68, 81, 40, 0]"""
j10,2,reactive,60,False,inf,inf,inf,null,"[0, 3, 7, 5, 2, 2, 4, 2, 3, 5, 3, 68, 81, 40, 0]"
j10,2,stnu,60,True,20,0.6948816776275635,0.0072515010833740234,"[0, 0, 0, 0, 2, 4, 8, 5, 17, 8, 11, 0, 0, 0, 20]","""[0, 2, 7, 1, 2, 1, 3, 3, 3, 9, 3, 68, 81, 40, 0]"""
j10,2,proactive_quantile_0.75,60,False,inf,0.05655932426452637,inf,"[0, 0, 4, 0, 7, 10, 10, 13, 16, 20, 20, 0, 0, 0, 80]","""[0, 3, 7, 7, 2, 1, 4, 6, 4, 2, 5, 68, 81, 40, 0]"""
j10,2,reactive,60,False,inf,inf,inf,null,"[0, 3, 7, 7, 2, 1, 4, 6, 4, 2, 5, 68, 81, 40, 0]"
j10,2,stnu,60,False,inf,0.6744363307952881,inf,[],"""[0, 3, 5, 7, 10, 1, 4, 6, 4, 2, 2, 68, 81, 40, 0]"""
j10,2,proactive_quantile_0.75,60,False,inf,0.06566119194030762,inf,"[0, 0, 4, 0, 7, 10, 10, 13, 16, 20, 20, 0, 0, 0, 80]","""[0, 3, 1, 5, 3, 4, 4, 4, 3, 1, 12, 68, 81, 40, 0]"""
j10,2,reactive,60,False,inf,inf,inf,null,"[0, 3, 1, 5, 3, 4, 4, 4, 3, 1, 12, 68, 81, 40, 0]"
j10,2,stnu,60,True,23,0.6657378673553467,0.007132291793823242,"[0, 0, 0, 0, 3, 6, 11, 8, 20, 11, 12, 0, 0, 0, 23]","""[0, 3, 4, 3, 3, 2, 1, 3, 3, 9, 1, 68, 81, 40, 0]"""
j10,2,proactive_quantile_0.75,60,False,inf,0.10659146308898926,inf,"[0, 0, 0, 0, 3, 5, 11, 8, 13, 20, 13, 0, 0, 0, 80]","""[0, 3, 14, 3, 3, 2, 2, 3, 5, 6, 9, 68, 81, 40, 0]"""
j10,2,reactive,60,False,inf,inf,inf,null,"[0, 3, 14, 3, 3, 2, 2, 3, 5, 6, 9, 68, 81, 40, 0]"
j10,2,stnu,60,True,25,0.6563904285430908,0.0072209835052490234,"[0, 0, 0, 0, 3, 6, 14, 8, 20, 14, 16, 0, 0, 0, 25]","""[0, 3, 14, 3, 3, 2, 2, 3, 4, 6, 9, 68, 81, 40, 0]"""
j10,2,proactive_quantile_0.75,60,False,inf,0.14422607421875,inf,"[0, 0, 0, 0, 3, 5, 11, 8, 13, 20, 13, 0, 0, 0, 80]","""[0, 4, 15, 3, 2, 4, 2, 2, 13, 4, 3, 68, 81, 40, 0]"""
j10,2,reactive,60,False,inf,inf,inf,null,"[0, 4, 15, 3, 2, 4, 2, 2, 13, 4, 3, 68, 81, 40, 0]"
j10,2,stnu,60,False,inf,0.6506733894348145,inf,[],"""[0, 4, 2, 2, 3, 4, 6, 10, 3, 4, 3, 68, 81, 40, 0]"""
j10,2,proactive_quantile_0.75,60,False,inf,0.05507469177246094,inf,"[0, 0, 4, 0, 7, 10, 10, 13, 16, 20, 20, 0, 0, 0, 80]","""[0, 6, 2, 5, 2, 4, 4, 6, 2, 5, 3, 68, 81, 40, 0]"""
j10,2,reactive,60,False,inf,inf,inf,null,"[0, 6, 2, 5, 2, 4, 4, 6, 2, 5, 3, 68, 81, 40, 0]"
j10,2,stnu,60,False,inf,0.6336722373962402,inf,[],"""[0, 6, 6, 5, 12, 4, 4, 6, 2, 5, 2, 68, 81, 40, 0]"""
j10,2,proactive_quantile_0.75,60,False,inf,0.0859682559967041,inf,"[0, 0, 4, 0, 7, 10, 10, 13, 16, 20, 20, 0, 0, 0, 80]","""[0, 5, 8, 2, 1, 2, 2, 5, 2, 6, 11, 68, 81, 40, 0]"""
j10,2,reactive,60,False,inf,inf,inf,null,"[0, 5, 8, 2, 1, 2, 2, 5, 2, 6, 11, 68, 81, 40, 0]"
j10,2,stnu,60,False,inf,0.646496057510376,inf,[],"""[0, 5, 3, 2, 11, 2, 2, 5, 2, 6, 3, 68, 81, 40, 0]"""
j10,2,proactive_quantile_0.75,60,False,inf,0.12324094772338867,inf,"[0, 0, 0, 0, 3, 5, 11, 8, 13, 20, 13, 0, 0, 0, 80]","""[0, 4, 4, 2, 3, 4, 3, 3, 3, 3, 3, 68, 81, 40, 0]"""
j10,2,reactive,60,False,inf,inf,inf,null,"[0, 4, 4, 2, 3, 4, 3, 3, 3, 3, 3, 68, 81, 40, 0]"
j10,2,stnu,60,True,20,0.846215009689331,0.007061004638671875,"[0, 0, 0, 0, 4, 7, 12, 9, 15, 12, 15, 0, 0, 0, 20]","""[0, 4, 4, 2, 3, 2, 3, 3, 3, 3, 5, 68, 81, 40, 0]"""
j10,2,proactive_quantile_0.75,60,False,inf,0.036388397216796875,inf,"[0, 0, 0, 0, 6, 2, 4, 11, 16, 18, 15, 0, 51]","""[0, 1, 9, 1, 13, 1, 2, 6, 3, 4, 4, 52, 0]"""
j10,2,reactive,60,False,inf,inf,inf,null,"[0, 1, 9, 1, 13, 1, 2, 6, 3, 4, 4, 52, 0]"
j10,2,stnu,60,True,29,0.6736066341400146,0.005032777786254883,"[0, 0, 0, 0, 9, 1, 2, 9, 22, 25, 15, 0, 29]","""[0, 1, 9, 1, 13, 1, 2, 6, 3, 4, 4, 52, 0]"""
j10,2,proactive_quantile_0.75,60,False,inf,0.05506753921508789,inf,"[0, 0, 0, 0, 6, 2, 4, 11, 16, 18, 15, 0, 51]","""[0, 3, 8, 1, 12, 1, 1, 3, 3, 4, 6, 52, 0]"""
j10,2,reactive,60,False,inf,inf,inf,null,"[0, 3, 8, 1, 12, 1, 1, 3, 3, 4, 6, 52, 0]"
j10,2,stnu,60,True,27,0.6894192695617676,0.0051190853118896484,"[0, 0, 0, 0, 9, 7, 9, 10, 21, 21, 21, 0, 27]","""[0, 7, 4, 2, 12, 2, 1, 8, 6, 5, 3, 52, 0]"""
j10,2,proactive_quantile_0.75,60,False,inf,0.056830644607543945,inf,"[0, 0, 0, 0, 6, 2, 4, 11, 16, 18, 15, 0, 51]","""[0, 3, 9, 2, 5, 2, 1, 3, 2, 2, 4, 52, 0]"""
j10,2,reactive,60,False,inf,inf,inf,null,"[0, 3, 9, 2, 5, 2, 1, 3, 2, 2, 4, 52, 0]"
j10,2,stnu,60,True,27,0.6752307415008545,0.005265474319458008,"[0, 0, 0, 0, 14, 7, 9, 14, 19, 19, 19, 0, 27]","""[0, 5, 14, 7, 5, 2, 1, 4, 2, 6, 8, 52, 0]"""
j10,2,proactive_quantile_0.75,60,False,inf,0.05516934394836426,inf,"[0, 0, 0, 0, 6, 2, 4, 11, 16, 18, 15, 0, 51]","""[0, 1, 3, 3, 13, 2, 5, 5, 3, 1, 2, 52, 0]"""
j10,2,reactive,60,False,inf,inf,inf,null,"[0, 1, 3, 3, 13, 2, 5, 5, 3, 1, 2, 52, 0]"
j10,2,stnu,60,True,20,0.6976664066314697,0.005094051361083984,"[0, 0, 0, 0, 3, 3, 5, 10, 16, 19, 15, 0, 20]","""[0, 1, 3, 3, 13, 2, 5, 5, 3, 1, 2, 52, 0]"""
j10,2,proactive_quantile_0.75,60,False,inf,0.15070843696594238,inf,"[0, 0, 0, 0, 6, 2, 4, 11, 16, 18, 15, 0, 51]","""[0, 1, 3, 3, 10, 2, 1, 1, 3, 2, 6, 52, 0]"""
j10,2,reactive,60,False,inf,inf,inf,null,"[0, 1, 3, 3, 10, 2, 1, 1, 3, 2, 6, 52, 0]"
j10,2,stnu,60,True,28,0.6550753116607666,0.0051000118255615234,"[0, 0, 0, 0, 6, 3, 5, 6, 13, 13, 6, 0, 28]","""[0, 1, 3, 3, 7, 2, 1, 1, 3, 15, 6, 52, 0]"""
j10,2,proactive_quantile_0.75,60,False,inf,0.06136822700500488,inf,"[0, 0, 0, 0, 21, 6, 10, 21, 31, 31, 28, 0, 51]","""[0, 8, 10, 4, 2, 6, 9, 1, 5, 8, 7, 52, 0]"""
j10,2,reactive,60,False,inf,inf,inf,null,"[0, 8, 10, 4, 2, 6, 9, 1, 5, 8, 7, 52, 0]"
j10,2,stnu,60,True,18,0.7430336475372314,0.0051081180572509766,"[0, 0, 0, 0, 8, 2, 3, 11, 12, 17, 12, 0, 18]","""[0, 2, 8, 2, 2, 1, 8, 1, 2, 1, 5, 52, 0]"""
j10,2,proactive_quantile_0.75,60,True,21,0.05538439750671387,0.0002987384796142578,"[0, 0, 0, 0, 6, 2, 4, 11, 16, 18, 15, 0, 51]","""[0, 4, 6, 2, 7, 2, 5, 5, 1, 1, 2, 52, 0]"""
j10,2,reactive,60,True,17,0.05538439750671387,0.09911274909973145,"[0, 0, 0, 0, 6, 2, 4, 11, 16, 13, 15, 0, 17]","[0, 4, 6, 2, 7, 2, 5, 5, 1, 1, 2, 52, 0]"
j10,2,stnu,60,True,17,0.6632587909698486,0.005265474319458008,"[0, 0, 0, 0, 6, 2, 4, 9, 14, 16, 14, 0, 17]","""[0, 4, 6, 2, 7, 2, 5, 5, 1, 1, 2, 52, 0]"""
j10,2,proactive_quantile_0.75,60,False,inf,0.05473518371582031,inf,"[0, 0, 0, 0, 6, 2, 4, 11, 16, 18, 15, 0, 51]","""[0, 2, 2, 2, 2, 3, 8, 6, 1, 4, 5, 52, 0]"""
j10,2,reactive,60,False,inf,inf,inf,null,"[0, 2, 2, 2, 2, 3, 8, 6, 1, 4, 5, 52, 0]"
j10,2,stnu,60,True,30,0.66202712059021,0.005207538604736328,"[0, 0, 0, 0, 10, 6, 10, 18, 27, 18, 18, 0, 30]","""[0, 6, 8, 3, 2, 4, 8, 9, 3, 6, 9, 52, 0]"""
j10,2,proactive_quantile_0.75,60,False,inf,0.14478659629821777,inf,"[0, 0, 0, 0, 6, 2, 4, 11, 16, 18, 15, 0, 51]","""[0, 3, 3, 2, 11, 2, 3, 4, 1, 4, 5, 52, 0]"""
j10,2,reactive,60,False,inf,inf,inf,null,"[0, 3, 3, 2, 11, 2, 3, 4, 1, 4, 5, 52, 0]"
j10,2,stnu,60,True,24,0.6619284152984619,0.005185604095458984,"[0, 0, 0, 0, 7, 6, 7, 10, 19, 18, 18, 0, 24]","""[0, 5, 4, 6, 11, 1, 3, 9, 5, 1, 4, 52, 0]"""
j10,2,proactive_quantile_0.75,60,False,inf,0.05535721778869629,inf,"[0, 0, 0, 0, 6, 2, 4, 11, 16, 18, 15, 0, 51]","""[0, 1, 3, 1, 8, 3, 8, 1, 2, 3, 5, 52, 0]"""
j10,2,reactive,60,False,inf,inf,inf,null,"[0, 1, 3, 1, 8, 3, 8, 1, 2, 3, 5, 52, 0]"
j10,2,stnu,60,True,21,0.6414520740509033,0.005103111267089844,"[0, 0, 0, 0, 3, 1, 4, 12, 13, 18, 13, 0, 21]","""[0, 1, 3, 1, 8, 3, 8, 1, 2, 3, 5, 52, 0]"""
j10,2,proactive_quantile_0.75,60,False,inf,0.053794145584106445,inf,"[0, 0, 0, 0, 6, 2, 6, 6, 8, 6, 9, 0, 0, 0, 0, 85]","""[0, 1, 9, 6, 3, 6, 4, 3, 8, 3, 4, 86, 13, 86, 46, 0]"""
j10,2,reactive,60,False,inf,inf,inf,null,"[0, 1, 9, 6, 3, 6, 4, 3, 8, 3, 4, 86, 13, 86, 46, 0]"
j10,2,stnu,60,False,inf,0.6832537651062012,inf,[],"""[0, 1, 9, 4, 3, 6, 4, 3, 8, 3, 10, 86, 13, 86, 46, 0]"""
j10,2,proactive_quantile_0.75,60,False,inf,0.052412986755371094,inf,"[0, 0, 0, 0, 6, 2, 6, 6, 8, 6, 9, 0, 0, 0, 0, 85]","""[0, 3, 9, 6, 1, 1, 1, 3, 1, 2, 1, 86, 13, 86, 46, 0]"""
j10,2,reactive,60,False,inf,inf,inf,null,"[0, 3, 9, 6, 1, 1, 1, 3, 1, 2, 1, 86, 13, 86, 46, 0]"
j10,2,stnu,60,False,inf,0.6875646114349365,inf,[],"""[0, 3, 9, 5, 1, 1, 1, 3, 1, 2, 10, 86, 13, 86, 46, 0]"""
j10,2,proactive_quantile_0.75,60,True,25,0.06037092208862305,0.0006766319274902344,"[0, 0, 0, 0, 9, 9, 9, 6, 17, 15, 12, 0, 0, 0, 0, 85]","""[0, 12, 1, 8, 2, 7, 3, 14, 1, 8, 7, 86, 13, 86, 46, 0]"""
j10,2,reactive,60,False,inf,inf,inf,null,"[0, 12, 1, 8, 2, 7, 3, 14, 1, 8, 7, 86, 13, 86, 46, 0]"
j10,2,stnu,60,False,inf,0.6308350563049316,inf,[],"""[0, 2, 1, 8, 1, 2, 3, 2, 7, 1, 7, 86, 13, 86, 46, 0]"""
j10,2,proactive_quantile_0.75,60,False,inf,0.06565165519714355,inf,"[0, 0, 0, 0, 6, 2, 6, 6, 8, 6, 9, 0, 0, 0, 0, 85]","""[0, 2, 9, 5, 3, 6, 3, 2, 7, 2, 7, 86, 13, 86, 46, 0]"""
j10,2,reactive,60,False,inf,inf,inf,null,"[0, 2, 9, 5, 3, 6, 3, 2, 7, 2, 7, 86, 13, 86, 46, 0]"
j10,2,stnu,60,False,inf,0.6066889762878418,inf,[],"""[0, 2, 9, 7, 3, 6, 3, 2, 7, 2, 3, 86, 13, 86, 46, 0]"""
j10,2,proactive_quantile_0.75,60,True,25,0.04718923568725586,0.0006453990936279297,"[0, 0, 0, 0, 9, 9, 9, 6, 17, 15, 12, 0, 0, 0, 0, 85]","""[0, 7, 9, 6, 3, 1, 2, 15, 2, 4, 4, 86, 13, 86, 46, 0]"""
j10,2,reactive,60,False,inf,inf,inf,null,"[0, 7, 9, 6, 3, 1, 2, 15, 2, 4, 4, 86, 13, 86, 46, 0]"
j10,2,stnu,60,False,inf,0.6474308967590332,inf,[],"""[0, 7, 9, 6, 3, 1, 2, 2, 2, 4, 7, 86, 13, 86, 46, 0]"""
j10,2,proactive_quantile_0.75,60,False,inf,0.0614619255065918,inf,"[0, 0, 0, 0, 6, 2, 6, 6, 8, 6, 9, 0, 0, 0, 0, 85]","""[0, 1, 5, 7, 2, 6, 4, 1, 3, 1, 5, 86, 13, 86, 46, 0]"""
j10,2,reactive,60,False,inf,inf,inf,null,"[0, 1, 5, 7, 2, 6, 4, 1, 3, 1, 5, 86, 13, 86, 46, 0]"
j10,2,stnu,60,False,inf,0.7207279205322266,inf,[],"""[0, 1, 5, 8, 2, 6, 4, 1, 3, 1, 10, 86, 13, 86, 46, 0]"""
j10,2,proactive_quantile_0.75,60,False,inf,0.05668973922729492,inf,"[0, 0, 0, 0, 6, 2, 6, 6, 8, 6, 9, 0, 0, 0, 0, 85]","""[0, 2, 2, 6, 3, 6, 4, 3, 1, 3, 5, 86, 13, 86, 46, 0]"""
j10,2,reactive,60,False,inf,inf,inf,null,"[0, 2, 2, 6, 3, 6, 4, 3, 1, 3, 5, 86, 13, 86, 46, 0]"
j10,2,stnu,60,False,inf,0.6266188621520996,inf,[],"""[0, 12, 10, 8, 3, 1, 4, 3, 10, 4, 5, 86, 13, 86, 46, 0]"""
j10,2,proactive_quantile_0.75,60,False,inf,0.06312346458435059,inf,"[0, 0, 0, 0, 9, 9, 9, 6, 17, 15, 12, 0, 0, 0, 0, 85]","""[0, 10, 4, 10, 3, 2, 2, 6, 2, 7, 9, 86, 13, 86, 46, 0]"""
j10,2,reactive,60,False,inf,inf,inf,null,"[0, 10, 4, 10, 3, 2, 2, 6, 2, 7, 9, 86, 13, 86, 46, 0]"
j10,2,stnu,60,False,inf,0.6865296363830566,inf,[],"""[0, 3, 4, 10, 1, 3, 2, 1, 5, 3, 9, 86, 13, 86, 46, 0]"""
j10,2,proactive_quantile_0.75,60,False,inf,0.06025409698486328,inf,"[0, 0, 0, 0, 6, 2, 6, 6, 8, 6, 9, 0, 0, 0, 0, 85]","""[0, 3, 9, 8, 2, 5, 1, 1, 7, 2, 4, 86, 13, 86, 46, 0]"""
j10,2,reactive,60,False,inf,inf,inf,null,"[0, 3, 9, 8, 2, 5, 1, 1, 7, 2, 4, 86, 13, 86, 46, 0]"
j10,2,stnu,60,False,inf,0.6838264465332031,inf,[],"""[0, 3, 9, 5, 2, 5, 1, 1, 7, 2, 7, 86, 13, 86, 46, 0]"""
j10,2,proactive_quantile_0.75,60,False,inf,0.056793212890625,inf,"[0, 0, 0, 0, 6, 2, 6, 6, 8, 6, 9, 0, 0, 0, 0, 85]","""[0, 3, 1, 6, 3, 1, 3, 3, 3, 3, 3, 86, 13, 86, 46, 0]"""
j10,2,reactive,60,False,inf,inf,inf,null,"[0, 3, 1, 6, 3, 1, 3, 3, 3, 3, 3, 86, 13, 86, 46, 0]"
j10,2,stnu,60,False,inf,0.7013862133026123,inf,[],"""[0, 3, 1, 1, 3, 1, 3, 3, 3, 3, 4, 86, 13, 86, 46, 0]"""
j10,2,proactive_quantile_0.75,60,False,inf,0.1125185489654541,inf,"[0, 0, 13, 0, 7, 7, 22, 11, 20, 25, 13, 0, 33]","""[0, 8, 9, 7, 2, 6, 1, 4, 3, 8, 3, 34, 0]"""
j10,2,reactive,60,False,inf,inf,inf,null,"[0, 8, 9, 7, 2, 6, 1, 4, 3, 8, 3, 34, 0]"
j10,2,stnu,60,True,13,0.7671244144439697,0.005265235900878906,"[0, 0, 0, 0, 4, 7, 9, 7, 10, 10, 10, 0, 13]","""[0, 4, 1, 5, 3, 3, 1, 2, 3, 1, 3, 34, 0]"""
j10,2,proactive_quantile_0.75,60,False,inf,0.0448000431060791,inf,"[0, 0, 13, 0, 7, 7, 22, 11, 20, 25, 13, 0, 33]","""[0, 5, 8, 3, 2, 8, 3, 1, 3, 8, 5, 34, 0]"""
j10,2,reactive,60,False,inf,inf,inf,null,"[0, 5, 8, 3, 2, 8, 3, 1, 3, 8, 5, 34, 0]"
j10,2,stnu,60,True,21,0.6989226341247559,0.005224943161010742,"[0, 0, 0, 0, 8, 12, 15, 12, 16, 16, 16, 0, 21]","""[0, 8, 4, 12, 4, 4, 1, 3, 3, 2, 5, 34, 0]"""
j10,2,proactive_quantile_0.75,60,False,inf,0.054889678955078125,inf,"[0, 0, 13, 0, 7, 7, 22, 11, 20, 25, 13, 0, 33]","""[0, 6, 5, 2, 5, 6, 2, 4, 2, 3, 7, 34, 0]"""
j10,2,reactive,60,False,inf,inf,inf,null,"[0, 6, 5, 2, 5, 6, 2, 4, 2, 3, 7, 34, 0]"
j10,2,stnu,60,True,29,0.62626051902771,0.005654096603393555,"[0, 0, 0, 16, 9, 9, 27, 16, 14, 28, 18, 0, 29]","""[0, 6, 9, 11, 5, 2, 1, 2, 2, 1, 5, 34, 0]"""
j10,2,proactive_quantile_0.75,60,False,inf,0.15654826164245605,inf,"[0, 0, 13, 0, 7, 7, 22, 11, 20, 25, 13, 0, 33]","""[0, 6, 5, 6, 5, 8, 3, 2, 3, 3, 2, 34, 0]"""
j10,2,reactive,60,False,inf,inf,inf,null,"[0, 6, 5, 6, 5, 8, 3, 2, 3, 3, 2, 34, 0]"
j10,2,stnu,60,True,36,0.6227610111236572,0.005603790283203125,"[0, 0, 0, 15, 7, 7, 30, 15, 12, 32, 16, 0, 36]","""[0, 7, 4, 15, 5, 1, 2, 1, 3, 4, 7, 34, 0]"""
j10,2,proactive_quantile_0.75,60,False,inf,0.06389617919921875,inf,"[0, 0, 13, 0, 7, 7, 22, 11, 20, 25, 13, 0, 33]","""[0, 4, 3, 1, 6, 7, 3, 4, 2, 3, 6, 34, 0]"""
j10,2,reactive,60,False,inf,inf,inf,null,"[0, 4, 3, 1, 6, 7, 3, 4, 2, 3, 6, 34, 0]"
j10,2,stnu,60,True,31,0.6688244342803955,0.005571842193603516,"[0, 0, 0, 16, 8, 8, 25, 16, 14, 27, 17, 0, 31]","""[0, 1, 8, 3, 6, 4, 2, 1, 2, 4, 8, 34, 0]"""
j10,2,proactive_quantile_0.75,60,False,inf,0.034270286560058594,inf,"[0, 0, 13, 0, 7, 7, 22, 11, 20, 25, 13, 0, 33]","""[0, 7, 12, 7, 3, 5, 2, 3, 2, 6, 9, 34, 0]"""
j10,2,reactive,60,False,inf,inf,inf,null,"[0, 7, 12, 7, 3, 5, 2, 3, 2, 6, 9, 34, 0]"
j10,2,stnu,60,True,31,0.7712953090667725,0.00560760498046875,"[0, 0, 0, 15, 10, 10, 27, 15, 13, 28, 16, 0, 31]","""[0, 10, 4, 12, 3, 1, 1, 1, 2, 3, 7, 34, 0]"""
j10,2,proactive_quantile_0.75,60,False,inf,0.1755523681640625,inf,"[0, 0, 13, 0, 7, 7, 22, 11, 20, 25, 13, 0, 33]","""[0, 10, 11, 4, 3, 7, 4, 1, 2, 8, 9, 34, 0]"""
j10,2,reactive,60,False,inf,inf,inf,null,"[0, 10, 11, 4, 3, 7, 4, 1, 2, 8, 9, 34, 0]"
j10,2,stnu,60,True,26,0.6538105010986328,0.0056269168853759766,"[0, 0, 0, 11, 6, 6, 21, 11, 9, 24, 13, 0, 26]","""[0, 2, 6, 9, 3, 1, 3, 2, 2, 2, 8, 34, 0]"""
j10,2,proactive_quantile_0.75,60,True,31,0.05498933792114258,0.00027179718017578125,"[0, 0, 13, 0, 7, 7, 22, 11, 20, 25, 13, 0, 33]","""[0, 6, 3, 2, 2, 6, 1, 3, 2, 1, 7, 34, 0]"""
j10,2,reactive,60,True,24,0.05498933792114258,0.09145855903625488,"[0, 0, 13, 0, 7, 7, 22, 11, 20, 23, 13, 0, 24]","[0, 6, 3, 2, 2, 6, 1, 3, 2, 1, 7, 34, 0]"
j10,2,stnu,60,True,22,0.6875312328338623,0.005811452865600586,"[0, 0, 0, 9, 3, 3, 18, 9, 7, 19, 10, 0, 22]","""[0, 3, 2, 6, 2, 4, 1, 1, 2, 3, 8, 34, 0]"""
j10,2,proactive_quantile_0.75,60,False,inf,0.0493624210357666,inf,"[0, 0, 13, 0, 7, 7, 22, 11, 20, 25, 13, 0, 33]","""[0, 10, 2, 1, 1, 4, 1, 3, 1, 7, 8, 34, 0]"""
j10,2,reactive,60,False,inf,inf,inf,null,"[0, 10, 2, 1, 1, 4, 1, 3, 1, 7, 8, 34, 0]"
j10,2,stnu,60,True,25,0.6561489105224609,0.00558924674987793,"[0, 0, 0, 11, 7, 7, 22, 11, 10, 24, 12, 0, 25]","""[0, 7, 7, 11, 1, 3, 2, 1, 1, 1, 7, 34, 0]"""
j10,2,proactive_quantile_0.75,60,False,inf,0.05555415153503418,inf,"[0, 0, 13, 0, 7, 7, 22, 11, 20, 25, 13, 0, 33]","""[0, 6, 2, 3, 5, 4, 2, 1, 2, 2, 8, 34, 0]"""
j10,2,reactive,60,False,inf,inf,inf,null,"[0, 6, 2, 3, 5, 4, 2, 1, 2, 2, 8, 34, 0]"
j10,2,stnu,60,True,22,0.6841623783111572,0.005684375762939453,"[0, 0, 0, 10, 3, 3, 18, 10, 8, 20, 11, 0, 22]","""[0, 2, 3, 4, 5, 1, 2, 1, 2, 2, 7, 34, 0]"""
j10,2,proactive_quantile_0.75,60,False,inf,0.04527688026428223,inf,"[0, 0, 0, 0, 6, 11, 14, 8, 14, 17, 14, 0, 0, 0, 0, 0, 0, 0, 0, 78]","""[0, 2, 7, 7, 2, 4, 3, 4, 3, 3, 6, 79, 31, 41, 26, 18, 62, 69, 77, 0]"""
j10,2,reactive,60,False,inf,inf,inf,null,"[0, 2, 7, 7, 2, 4, 3, 4, 3, 3, 6, 79, 31, 41, 26, 18, 62, 69, 77, 0]"
j10,2,stnu,60,True,16,0.7722067832946777,0.011876106262207031,"[0, 0, 0, 0, 2, 6, 10, 4, 10, 13, 10, 0, 0, 0, 0, 0, 0, 0, 0, 16]","""[0, 2, 6, 7, 2, 4, 3, 5, 1, 3, 6, 79, 31, 41, 26, 18, 62, 69, 77, 0]"""
j10,2,proactive_quantile_0.75,60,True,17,0.04668545722961426,0.0009410381317138672,"[0, 0, 0, 0, 2, 7, 10, 4, 10, 13, 10, 0, 0, 0, 0, 0, 0, 0, 0, 78]","""[0, 2, 6, 7, 2, 4, 1, 5, 2, 2, 2, 79, 31, 41, 26, 18, 62, 69, 77, 0]"""
j10,2,reactive,60,False,inf,inf,inf,null,"[0, 2, 6, 7, 2, 4, 1, 5, 2, 2, 2, 79, 31, 41, 26, 18, 62, 69, 77, 0]"
j10,2,stnu,60,True,14,0.6651959419250488,0.011878728866577148,"[0, 0, 0, 0, 2, 6, 10, 4, 10, 12, 10, 0, 0, 0, 0, 0, 0, 0, 0, 14]","""[0, 2, 6, 6, 2, 4, 1, 5, 2, 2, 2, 79, 31, 41, 26, 18, 62, 69, 77, 0]"""
j10,2,proactive_quantile_0.75,60,True,17,0.04977607727050781,0.0009095668792724609,"[0, 0, 0, 0, 2, 7, 10, 4, 10, 13, 10, 0, 0, 0, 0, 0, 0, 0, 0, 78]","""[0, 3, 7, 6, 1, 1, 1, 2, 2, 1, 3, 79, 31, 41, 26, 18, 62, 69, 77, 0]"""
j10,2,reactive,60,False,inf,inf,inf,null,"[0, 3, 7, 6, 1, 1, 1, 2, 2, 1, 3, 79, 31, 41, 26, 18, 62, 69, 77, 0]"
j10,2,stnu,60,True,11,0.6936864852905273,0.011931896209716797,"[0, 0, 0, 0, 3, 7, 8, 4, 8, 10, 8, 0, 0, 0, 0, 0, 0, 0, 0, 11]","""[0, 3, 7, 3, 1, 1, 1, 2, 2, 1, 3, 79, 31, 41, 26, 18, 62, 69, 77, 0]"""
j10,2,proactive_quantile_0.75,60,False,inf,0.03920602798461914,inf,"[0, 0, 0, 0, 6, 11, 14, 8, 14, 17, 14, 0, 0, 0, 0, 0, 0, 0, 0, 78]","""[0, 7, 12, 3, 3, 4, 3, 4, 4, 2, 5, 79, 31, 41, 26, 18, 62, 69, 77, 0]"""
j10,2,reactive,60,False,inf,inf,inf,null,"[0, 7, 12, 3, 3, 4, 3, 4, 4, 2, 5, 79, 31, 41, 26, 18, 62, 69, 77, 0]"
j10,2,stnu,60,True,13,0.7450292110443115,0.01201009750366211,"[0, 0, 0, 0, 1, 3, 8, 4, 8, 11, 8, 0, 0, 0, 0, 0, 0, 0, 0, 13]","""[0, 1, 3, 3, 3, 4, 3, 4, 2, 2, 5, 79, 31, 41, 26, 18, 62, 69, 77, 0]"""
j10,2,proactive_quantile_0.75,60,False,inf,0.05580425262451172,inf,"[0, 0, 0, 0, 6, 11, 14, 8, 14, 17, 14, 0, 0, 0, 0, 0, 0, 0, 0, 78]","""[0, 8, 12, 9, 2, 4, 2, 1, 5, 2, 10, 79, 31, 41, 26, 18, 62, 69, 77, 0]"""
j10,2,reactive,60,False,inf,inf,inf,null,"[0, 8, 12, 9, 2, 4, 2, 1, 5, 2, 10, 79, 31, 41, 26, 18, 62, 69, 77, 0]"
j10,2,stnu,60,True,24,0.7743320465087891,0.011794567108154297,"[0, 0, 0, 0, 3, 10, 14, 5, 14, 16, 14, 0, 0, 0, 0, 0, 0, 0, 0, 24]","""[0, 3, 10, 9, 2, 4, 2, 6, 1, 2, 10, 79, 31, 41, 26, 18, 62, 69, 77, 0]"""
j10,2,proactive_quantile_0.75,60,True,17,0.04290914535522461,0.0009202957153320312,"[0, 0, 0, 0, 2, 7, 10, 4, 10, 13, 10, 0, 0, 0, 0, 0, 0, 0, 0, 78]","""[0, 2, 4, 6, 3, 1, 1, 2, 3, 3, 4, 79, 31, 41, 26, 18, 62, 69, 77, 0]"""
j10,2,reactive,60,False,inf,inf,inf,null,"[0, 2, 4, 6, 3, 1, 1, 2, 3, 3, 4, 79, 31, 41, 26, 18, 62, 69, 77, 0]"
j10,2,stnu,60,True,13,0.6906039714813232,0.011889219284057617,"[0, 0, 0, 0, 2, 4, 7, 5, 7, 10, 7, 0, 0, 0, 0, 0, 0, 0, 0, 13]","""[0, 2, 4, 5, 3, 1, 1, 2, 3, 3, 4, 79, 31, 41, 26, 18, 62, 69, 77, 0]"""
j10,2,proactive_quantile_0.75,60,True,17,0.13186430931091309,0.0009136199951171875,"[0, 0, 0, 0, 2, 7, 10, 4, 10, 13, 10, 0, 0, 0, 0, 0, 0, 0, 0, 78]","""[0, 1, 1, 2, 1, 1, 3, 6, 1, 3, 1, 79, 31, 41, 26, 18, 62, 69, 77, 0]"""
j10,2,reactive,60,True,16,0.13186430931091309,0.32852602005004883,"[0, 0, 0, 0, 2, 7, 10, 4, 10, 13, 10, 0, 0, 0, 0, 0, 0, 0, 0, 16]","[0, 1, 1, 2, 1, 1, 3, 6, 1, 3, 1, 79, 31, 41, 26, 18, 62, 69, 77, 0]"
j10,2,stnu,60,True,14,0.6771721839904785,0.011902570724487305,"[0, 0, 0, 0, 1, 1, 8, 2, 8, 11, 8, 0, 0, 0, 0, 0, 0, 0, 0, 14]","""[0, 1, 1, 3, 1, 1, 3, 6, 1, 3, 1, 79, 31, 41, 26, 18, 62, 69, 77, 0]"""
j10,2,proactive_quantile_0.75,60,True,17,0.04767775535583496,0.0009484291076660156,"[0, 0, 0, 0, 2, 7, 10, 4, 10, 13, 10, 0, 0, 0, 0, 0, 0, 0, 0, 78]","""[0, 1, 4, 3, 2, 4, 3, 5, 2, 3, 7, 79, 31, 41, 26, 18, 62, 69, 77, 0]"""
j10,2,reactive,60,False,inf,inf,inf,null,"[0, 1, 4, 3, 2, 4, 3, 5, 2, 3, 7, 79, 31, 41, 26, 18, 62, 69, 77, 0]"
j10,2,stnu,60,True,17,0.7100293636322021,0.01200413703918457,"[0, 0, 0, 0, 1, 4, 10, 3, 10, 13, 10, 0, 0, 0, 0, 0, 0, 0, 0, 17]","""[0, 1, 4, 10, 2, 4, 3, 5, 2, 3, 7, 79, 31, 41, 26, 18, 62, 69, 77, 0]"""
j10,2,proactive_quantile_0.75,60,True,17,0.04456686973571777,0.0009911060333251953,"[0, 0, 0, 0, 2, 7, 10, 4, 10, 13, 10, 0, 0, 0, 0, 0, 0, 0, 0, 78]","""[0, 1, 6, 6, 2, 3, 3, 6, 3, 3, 10, 79, 31, 41, 26, 18, 62, 69, 77, 0]"""
j10,2,reactive,60,True,20,0.04456686973571777,0.14362215995788574,"[0, 0, 0, 0, 2, 7, 10, 4, 10, 13, 10, 0, 0, 0, 0, 0, 0, 0, 0, 20]","[0, 1, 6, 6, 2, 3, 3, 6, 3, 3, 10, 79, 31, 41, 26, 18, 62, 69, 77, 0]"
j10,2,stnu,60,True,19,0.7451198101043701,0.011930465698242188,"[0, 0, 0, 0, 1, 6, 9, 3, 9, 12, 9, 0, 0, 0, 0, 0, 0, 0, 0, 19]","""[0, 1, 6, 7, 2, 3, 3, 6, 3, 3, 10, 79, 31, 41, 26, 18, 62, 69, 77, 0]"""
j10,2,proactive_quantile_0.75,60,True,17,0.04841899871826172,0.0009255409240722656,"[0, 0, 0, 0, 2, 7, 10, 4, 10, 13, 10, 0, 0, 0, 0, 0, 0, 0, 0, 78]","""[0, 2, 2, 6, 3, 1, 1, 1, 3, 2, 2, 79, 31, 41, 26, 18, 62, 69, 77, 0]"""
j10,2,reactive,60,False,inf,inf,inf,null,"[0, 2, 2, 6, 3, 1, 1, 1, 3, 2, 2, 79, 31, 41, 26, 18, 62, 69, 77, 0]"
j10,2,stnu,60,True,13,0.6709086894989014,0.011951923370361328,"[0, 0, 0, 0, 2, 2, 8, 5, 8, 11, 8, 0, 0, 0, 0, 0, 0, 0, 0, 13]","""[0, 2, 2, 8, 3, 1, 1, 1, 3, 2, 2, 79, 31, 41, 26, 18, 62, 69, 77, 0]"""
j10,2,proactive_quantile_0.75,60,False,inf,0.03734183311462402,inf,"[0, 0, 0, 0, 7, 7, 11, 13, 23, 20, 11, 0, 72]","""[0, 2, 10, 3, 2, 4, 7, 1, 5, 5, 1, 73, 0]"""
j10,2,reactive,60,False,inf,inf,inf,null,"[0, 2, 10, 3, 2, 4, 7, 1, 5, 5, 1, 73, 0]"
j10,2,stnu,60,True,16,0.6796433925628662,0.005406379699707031,"[0, 0, 3, 0, 2, 4, 4, 4, 11, 8, 8, 0, 16]","""[0, 2, 1, 3, 2, 4, 7, 1, 5, 5, 1, 73, 0]"""
j10,2,proactive_quantile_0.75,60,True,35,0.1673886775970459,0.0003750324249267578,"[0, 0, 0, 0, 7, 7, 11, 13, 23, 20, 11, 0, 72]","""[0, 4, 2, 7, 7, 2, 16, 1, 8, 12, 2, 73, 0]"""
j10,2,reactive,60,False,inf,inf,inf,null,"[0, 4, 2, 7, 7, 2, 16, 1, 8, 12, 2, 73, 0]"
j10,2,stnu,60,True,35,0.6770987510681152,0.005385637283325195,"[0, 0, 7, 0, 4, 11, 11, 11, 27, 13, 13, 0, 35]","""[0, 4, 4, 7, 7, 2, 16, 1, 8, 12, 2, 73, 0]"""
j10,2,proactive_quantile_0.75,60,True,35,0.05326271057128906,0.00032448768615722656,"[0, 0, 0, 0, 7, 7, 11, 13, 23, 20, 11, 0, 72]","""[0, 5, 3, 3, 4, 2, 3, 5, 9, 6, 2, 73, 0]"""
j10,2,reactive,60,True,32,0.05326271057128906,0.11796355247497559,"[0, 0, 0, 0, 7, 7, 11, 13, 23, 20, 11, 0, 32]","[0, 5, 3, 3, 4, 2, 3, 5, 9, 6, 2, 73, 0]"
j10,2,stnu,60,True,25,0.6191811561584473,0.00534367561340332,"[0, 0, 5, 0, 5, 9, 9, 9, 16, 14, 14, 0, 25]","""[0, 5, 3, 3, 4, 2, 3, 5, 9, 6, 2, 73, 0]"""
j10,2,proactive_quantile_0.75,60,True,35,0.1764051914215088,0.0003414154052734375,"[0, 0, 0, 0, 7, 7, 11, 13, 23, 20, 11, 0, 72]","""[0, 1, 3, 6, 6, 4, 13, 10, 5, 3, 2, 73, 0]"""
j10,2,reactive,60,False,inf,inf,inf,null,"[0, 1, 3, 6, 6, 4, 13, 10, 5, 3, 2, 73, 0]"
j10,2,stnu,60,True,32,0.6668975353240967,0.005307912826538086,"[0, 0, 6, 0, 1, 14, 14, 14, 27, 24, 24, 0, 32]","""[0, 1, 8, 6, 6, 4, 13, 10, 5, 3, 2, 73, 0]"""
j10,2,proactive_quantile_0.75,60,False,inf,0.0577387809753418,inf,"[0, 0, 0, 0, 7, 7, 11, 13, 23, 20, 11, 0, 72]","""[0, 6, 8, 4, 2, 3, 8, 9, 8, 6, 2, 73, 0]"""
j10,2,reactive,60,False,inf,inf,inf,null,"[0, 6, 8, 4, 2, 3, 8, 9, 8, 6, 2, 73, 0]"
j10,2,stnu,60,True,32,0.7718019485473633,0.00534367561340332,"[0, 0, 6, 0, 6, 13, 13, 13, 24, 22, 22, 0, 32]","""[0, 6, 7, 4, 2, 3, 8, 9, 8, 6, 2, 73, 0]"""
j10,2,proactive_quantile_0.75,60,False,inf,0.047677040100097656,inf,"[0, 0, 0, 0, 7, 7, 11, 13, 23, 20, 11, 0, 72]","""[0, 3, 3, 1, 1, 4, 11, 3, 16, 4, 3, 73, 0]"""
j10,2,reactive,60,False,inf,inf,inf,null,"[0, 3, 3, 1, 1, 4, 11, 3, 16, 4, 3, 73, 0]"
j10,2,stnu,60,True,36,0.6449360847473145,0.00527501106262207,"[0, 0, 3, 0, 3, 9, 9, 9, 20, 13, 13, 0, 36]","""[0, 3, 6, 1, 1, 4, 11, 3, 16, 4, 3, 73, 0]"""
j10,2,proactive_quantile_0.75,60,True,35,0.039472341537475586,0.0003457069396972656,"[0, 0, 0, 0, 7, 7, 11, 13, 23, 20, 11, 0, 72]","""[0, 4, 3, 3, 2, 1, 10, 1, 8, 10, 1, 73, 0]"""
j10,2,reactive,60,True,31,0.039472341537475586,0.14303064346313477,"[0, 0, 0, 0, 7, 7, 11, 13, 23, 20, 11, 0, 31]","[0, 4, 3, 3, 2, 1, 10, 1, 8, 10, 1, 73, 0]"
j10,2,stnu,60,True,24,0.6636381149291992,0.005339622497558594,"[0, 0, 4, 0, 4, 6, 6, 6, 16, 7, 7, 0, 24]","""[0, 4, 1, 3, 2, 1, 10, 1, 8, 10, 1, 73, 0]"""
j10,2,proactive_quantile_0.75,60,False,inf,0.14101052284240723,inf,"[0, 0, 0, 0, 7, 7, 11, 13, 23, 20, 11, 0, 72]","""[0, 9, 1, 5, 7, 4, 8, 5, 10, 10, 1, 73, 0]"""
j10,2,reactive,60,False,inf,inf,inf,null,"[0, 9, 1, 5, 7, 4, 8, 5, 10, 10, 1, 73, 0]"
j10,2,stnu,60,True,34,0.68123459815979,0.005367279052734375,"[0, 0, 9, 0, 9, 16, 16, 16, 24, 21, 21, 0, 34]","""[0, 9, 5, 5, 7, 4, 8, 5, 10, 10, 1, 73, 0]"""
j10,2,proactive_quantile_0.75,60,True,35,0.05369162559509277,0.00034356117248535156,"[0, 0, 0, 0, 7, 7, 11, 13, 23, 20, 11, 0, 72]","""[0, 7, 6, 3, 1, 6, 14, 3, 4, 5, 1, 73, 0]"""
j10,2,reactive,60,False,inf,inf,inf,null,"[0, 7, 6, 3, 1, 6, 14, 3, 4, 5, 1, 73, 0]"
j10,2,stnu,60,True,26,0.744931697845459,0.005546092987060547,"[0, 0, 0, 0, 7, 7, 7, 11, 21, 21, 10, 0, 26]","""[0, 7, 6, 3, 1, 3, 14, 2, 4, 5, 1, 73, 0]"""
j10,2,proactive_quantile_0.75,60,False,inf,0.05293607711791992,inf,"[0, 0, 0, 0, 7, 7, 11, 13, 23, 20, 11, 0, 72]","""[0, 3, 1, 6, 3, 3, 10, 4, 11, 9, 3, 73, 0]"""
j10,2,reactive,60,False,inf,inf,inf,null,"[0, 3, 1, 6, 3, 3, 10, 4, 11, 9, 3, 73, 0]"
j10,2,stnu,60,True,34,0.6533446311950684,0.0053369998931884766,"[0, 0, 6, 0, 3, 13, 13, 13, 23, 17, 17, 0, 34]","""[0, 3, 7, 6, 3, 3, 10, 4, 11, 9, 3, 73, 0]"""
j10,2,proactive_quantile_0.75,60,True,31,0.05301952362060547,0.0003247261047363281,"[0, 0, 3, 0, 10, 10, 16, 19, 20, 16, 22, 0, 0, 64]","""[0, 4, 1, 2, 3, 6, 2, 2, 4, 4, 5, 32, 65, 0]"""
j10,2,reactive,60,True,27,0.05301952362060547,0.1504838466644287,"[0, 0, 3, 0, 10, 10, 16, 19, 20, 16, 22, 0, 0, 27]","[0, 4, 1, 2, 3, 6, 2, 2, 4, 4, 5, 32, 65, 0]"
j10,2,stnu,60,True,28,0.6641695499420166,0.006116628646850586,"[0, 2, 0, 0, 6, 6, 14, 12, 16, 12, 16, 0, 0, 28]","""[0, 4, 4, 2, 3, 6, 2, 2, 4, 4, 12, 32, 65, 0]"""
j10,2,proactive_quantile_0.75,60,False,inf,0.11991000175476074,inf,"[0, 0, 3, 0, 10, 10, 16, 19, 20, 16, 22, 0, 0, 64]","""[0, 1, 10, 1, 2, 2, 6, 3, 7, 1, 2, 32, 65, 0]"""
j10,2,reactive,60,False,inf,inf,inf,null,"[0, 1, 10, 1, 2, 2, 6, 3, 7, 1, 2, 32, 65, 0]"
j10,2,stnu,60,True,37,0.6214520931243896,0.00626683235168457,"[0, 1, 0, 0, 10, 10, 22, 12, 12, 22, 30, 0, 0, 37]","""[0, 7, 10, 1, 1, 2, 8, 10, 9, 1, 7, 32, 65, 0]"""
j10,2,proactive_quantile_0.75,60,False,inf,0.11478066444396973,inf,"[0, 0, 3, 0, 10, 10, 16, 19, 20, 16, 22, 0, 0, 64]","""[0, 4, 3, 4, 6, 8, 2, 4, 4, 4, 5, 32, 65, 0]"""
j10,2,reactive,60,False,inf,inf,inf,null,"[0, 4, 3, 4, 6, 8, 2, 4, 4, 4, 5, 32, 65, 0]"
j10,2,stnu,60,True,31,0.6427602767944336,0.006196498870849609,"[0, 4, 0, 0, 8, 8, 20, 16, 20, 16, 22, 0, 0, 31]","""[0, 4, 6, 4, 6, 8, 2, 4, 11, 4, 1, 32, 65, 0]"""
j10,2,proactive_quantile_0.75,60,False,inf,0.0955348014831543,inf,"[0, 0, 3, 0, 10, 10, 16, 19, 20, 16, 22, 0, 0, 64]","""[0, 2, 3, 4, 6, 7, 1, 1, 10, 1, 4, 32, 65, 0]"""
j10,2,reactive,60,False,inf,inf,inf,null,"[0, 2, 3, 4, 6, 7, 1, 1, 10, 1, 4, 32, 65, 0]"
j10,2,stnu,60,True,22,0.7541830539703369,0.006103038787841797,"[0, 4, 0, 0, 6, 6, 14, 13, 14, 13, 15, 0, 0, 22]","""[0, 2, 4, 4, 6, 7, 1, 1, 3, 1, 7, 32, 65, 0]"""
j10,2,proactive_quantile_0.75,60,False,inf,0.050368547439575195,inf,"[0, 3, 0, 0, 9, 7, 23, 13, 16, 25, 30, 0, 0, 64]","""[0, 3, 4, 2, 4, 7, 10, 10, 10, 3, 2, 32, 65, 0]"""
j10,2,reactive,60,False,inf,inf,inf,null,"[0, 3, 4, 2, 4, 7, 10, 10, 10, 3, 2, 32, 65, 0]"
j10,2,stnu,60,True,29,0.7624366283416748,0.006079673767089844,"[0, 2, 0, 0, 8, 8, 16, 15, 19, 15, 21, 0, 0, 29]","""[0, 1, 8, 2, 2, 7, 5, 1, 10, 4, 3, 32, 65, 0]"""
j10,2,proactive_quantile_0.75,60,False,inf,0.054984331130981445,inf,"[0, 0, 3, 0, 10, 10, 16, 19, 20, 16, 22, 0, 0, 64]","""[0, 2, 7, 3, 7, 5, 5, 3, 13, 3, 2, 32, 65, 0]"""
j10,2,reactive,60,False,inf,inf,inf,null,"[0, 2, 7, 3, 7, 5, 5, 3, 13, 3, 2, 32, 65, 0]"
j10,2,stnu,60,True,23,0.6427068710327148,0.0061872005462646484,"[0, 3, 0, 0, 7, 7, 17, 14, 17, 14, 22, 0, 0, 23]","""[0, 2, 7, 3, 7, 5, 5, 3, 5, 3, 1, 32, 65, 0]"""
j10,2,proactive_quantile_0.75,60,True,36,0.14954328536987305,0.0003693103790283203,"[0, 3, 0, 0, 9, 7, 23, 13, 16, 25, 30, 0, 0, 64]","""[0, 1, 6, 3, 9, 4, 6, 2, 1, 3, 1, 32, 65, 0]"""
j10,2,reactive,60,False,inf,inf,inf,null,"[0, 1, 6, 3, 9, 4, 6, 2, 1, 3, 1, 32, 65, 0]"
j10,2,stnu,60,True,24,0.6645762920379639,0.006041288375854492,"[0, 3, 0, 0, 6, 6, 11, 10, 12, 10, 12, 0, 0, 24]","""[0, 3, 6, 3, 2, 4, 1, 1, 1, 2, 12, 32, 65, 0]"""
j10,2,proactive_quantile_0.75,60,False,inf,0.05912923812866211,inf,"[0, 3, 0, 0, 9, 7, 23, 13, 16, 25, 30, 0, 0, 64]","""[0, 5, 1, 2, 8, 4, 2, 12, 10, 1, 7, 32, 65, 0]"""
j10,2,reactive,60,False,inf,inf,inf,null,"[0, 5, 1, 2, 8, 4, 2, 12, 10, 1, 7, 32, 65, 0]"
j10,2,stnu,60,True,26,0.6218400001525879,0.006125926971435547,"[0, 2, 0, 0, 5, 5, 14, 11, 14, 11, 18, 0, 0, 26]","""[0, 2, 5, 2, 6, 4, 4, 3, 10, 2, 8, 32, 65, 0]"""
j10,2,proactive_quantile_0.75,60,False,inf,0.1440272331237793,inf,"[0, 10, 0, 0, 10, 7, 19, 7, 30, 20, 26, 0, 0, 64]","""[0, 12, 2, 8, 9, 12, 8, 1, 8, 1, 2, 32, 65, 0]"""
j10,2,reactive,60,False,inf,inf,inf,null,"[0, 12, 2, 8, 9, 12, 8, 1, 8, 1, 2, 32, 65, 0]"
j10,2,stnu,60,True,40,0.6545252799987793,0.006146907806396484,"[0, 4, 0, 0, 12, 2, 20, 12, 21, 29, 32, 0, 0, 40]","""[0, 8, 2, 4, 9, 1, 8, 8, 8, 3, 8, 32, 65, 0]"""
j10,2,proactive_quantile_0.75,60,True,31,0.051569461822509766,0.0003650188446044922,"[0, 0, 3, 0, 10, 10, 16, 19, 20, 16, 22, 0, 0, 64]","""[0, 4, 1, 3, 1, 1, 2, 1, 9, 3, 6, 32, 65, 0]"""
j10,2,reactive,60,True,29,0.051569461822509766,0.14487409591674805,"[0, 0, 3, 0, 10, 10, 16, 19, 20, 16, 22, 0, 0, 29]","[0, 4, 1, 3, 1, 1, 2, 1, 9, 3, 6, 32, 65, 0]"
j10,2,stnu,60,True,15,0.6574704647064209,0.0060880184173583984,"[0, 3, 0, 0, 8, 8, 10, 9, 12, 9, 12, 0, 0, 15]","""[0, 4, 8, 3, 1, 1, 2, 1, 3, 3, 2, 32, 65, 0]"""
j10,2,proactive_quantile_0.75,60,True,39,0.16837191581726074,0.00029540061950683594,"[0, 0, 0, 0, 9, 12, 16, 16, 23, 23, 30, 0, 41]","""[0, 15, 4, 9, 1, 4, 3, 1, 7, 1, 11, 42, 0]"""
j10,2,reactive,60,True,41,0.16837191581726074,0.19729280471801758,"[0, 0, 0, 0, 9, 12, 16, 16, 23, 23, 30, 0, 41]","[0, 15, 4, 9, 1, 4, 3, 1, 7, 1, 11, 42, 0]"
j10,2,stnu,60,False,inf,0.667222261428833,inf,[],"""[0, 15, 1, 9, 1, 4, 3, 1, 7, 1, 11, 42, 0]"""
j10,2,proactive_quantile_0.75,60,False,inf,0.16209673881530762,inf,"[0, 0, 0, 0, 9, 12, 16, 16, 23, 23, 30, 0, 41]","""[0, 7, 6, 4, 9, 3, 1, 9, 5, 8, 10, 42, 0]"""
j10,2,reactive,60,False,inf,inf,inf,null,"[0, 7, 6, 4, 9, 3, 1, 9, 5, 8, 10, 42, 0]"
j10,2,stnu,60,True,37,0.6406054496765137,0.005475759506225586,"[0, 0, 8, 0, 12, 5, 17, 17, 26, 26, 29, 0, 37]","""[0, 8, 4, 5, 5, 3, 1, 9, 3, 2, 8, 42, 0]"""
j10,2,proactive_quantile_0.75,60,False,inf,0.04876446723937988,inf,"[0, 0, 0, 0, 9, 12, 16, 16, 23, 23, 30, 0, 41]","""[0, 6, 3, 5, 6, 2, 9, 1, 14, 5, 4, 42, 0]"""
j10,2,reactive,60,False,inf,inf,inf,null,"[0, 6, 3, 5, 6, 2, 9, 1, 14, 5, 4, 42, 0]"
j10,2,stnu,60,False,inf,0.7653956413269043,inf,[],"""[0, 6, 9, 5, 6, 2, 9, 1, 14, 5, 4, 42, 0]"""
j10,2,proactive_quantile_0.75,60,False,inf,0.04578757286071777,inf,"[0, 0, 0, 0, 9, 12, 16, 16, 23, 23, 30, 0, 41]","""[0, 7, 9, 6, 2, 1, 4, 7, 8, 10, 11, 42, 0]"""
j10,2,reactive,60,False,inf,inf,inf,null,"[0, 7, 9, 6, 2, 1, 4, 7, 8, 10, 11, 42, 0]"
j10,2,stnu,60,False,inf,0.6601800918579102,inf,[],"""[0, 7, 8, 6, 2, 1, 4, 7, 8, 10, 11, 42, 0]"""
j10,2,proactive_quantile_0.75,60,False,inf,0.064300537109375,inf,"[0, 0, 0, 0, 9, 12, 16, 16, 23, 23, 30, 0, 41]","""[0, 7, 9, 9, 10, 3, 6, 6, 10, 9, 11, 42, 0]"""
j10,2,reactive,60,False,inf,inf,inf,null,"[0, 7, 9, 9, 10, 3, 6, 6, 10, 9, 11, 42, 0]"
j10,2,stnu,60,False,inf,0.7752528190612793,inf,[],"""[0, 7, 1, 9, 10, 3, 6, 6, 10, 9, 11, 42, 0]"""
j10,2,proactive_quantile_0.75,60,False,inf,0.043469905853271484,inf,"[0, 0, 0, 0, 9, 12, 16, 16, 23, 23, 30, 0, 41]","""[0, 6, 9, 6, 9, 3, 3, 8, 9, 1, 9, 42, 0]"""
j10,2,reactive,60,False,inf,inf,inf,null,"[0, 6, 9, 6, 9, 3, 3, 8, 9, 1, 9, 42, 0]"
j10,2,stnu,60,True,25,0.7252051830291748,0.005589485168457031,"[0, 0, 3, 0, 10, 2, 11, 11, 19, 19, 23, 0, 25]","""[0, 7, 7, 2, 1, 1, 3, 8, 4, 1, 2, 42, 0]"""
j10,2,proactive_quantile_0.75,60,False,inf,0.04746127128601074,inf,"[0, 0, 0, 0, 9, 12, 16, 16, 23, 23, 30, 0, 41]","""[0, 15, 1, 5, 8, 1, 8, 8, 14, 1, 1, 42, 0]"""
j10,2,reactive,60,False,inf,inf,inf,null,"[0, 15, 1, 5, 8, 1, 8, 8, 14, 1, 1, 42, 0]"
j10,2,stnu,60,True,41,0.7019743919372559,0.005539417266845703,"[0, 0, 9, 0, 16, 6, 19, 19, 27, 27, 32, 0, 41]","""[0, 4, 7, 6, 3, 3, 8, 8, 1, 5, 9, 42, 0]"""
j10,2,proactive_quantile_0.75,60,False,inf,0.2866959571838379,inf,"[0, 0, 0, 0, 9, 12, 16, 16, 23, 23, 30, 0, 41]","""[0, 14, 7, 10, 7, 1, 6, 1, 5, 7, 3, 42, 0]"""
j10,2,reactive,60,False,inf,inf,inf,null,"[0, 14, 7, 10, 7, 1, 6, 1, 5, 7, 3, 42, 0]"
j10,2,stnu,60,False,inf,0.6289424896240234,inf,[],"""[0, 14, 9, 10, 7, 1, 6, 1, 5, 7, 3, 42, 0]"""
j10,2,proactive_quantile_0.75,60,False,inf,0.04805159568786621,inf,"[0, 0, 0, 0, 9, 12, 16, 16, 23, 23, 30, 0, 41]","""[0, 8, 9, 8, 2, 4, 9, 2, 11, 3, 9, 42, 0]"""
j10,2,reactive,60,False,inf,inf,inf,null,"[0, 8, 9, 8, 2, 4, 9, 2, 11, 3, 9, 42, 0]"
j10,2,stnu,60,True,28,0.6580724716186523,0.005499601364135742,"[0, 0, 5, 0, 13, 4, 14, 14, 23, 23, 26, 0, 28]","""[0, 12, 8, 4, 1, 1, 9, 2, 3, 2, 2, 42, 0]"""
j10,2,proactive_quantile_0.75,60,True,39,0.054528236389160156,0.0003070831298828125,"[0, 0, 0, 0, 9, 12, 16, 16, 23, 23, 30, 0, 41]","""[0, 4, 7, 2, 6, 4, 3, 5, 11, 3, 6, 42, 0]"""
j10,2,reactive,60,True,36,0.054528236389160156,0.14426922798156738,"[0, 0, 0, 0, 9, 12, 16, 16, 23, 23, 30, 0, 36]","[0, 4, 7, 2, 6, 4, 3, 5, 11, 3, 6, 42, 0]"
j10,2,stnu,60,False,inf,0.6308591365814209,inf,[],"""[0, 4, 9, 2, 6, 4, 3, 5, 11, 3, 6, 42, 0]"""
j10,2,proactive_quantile_0.75,60,True,28,0.05421566963195801,0.0010151863098144531,"[0, 0, 0, 0, 3, 7, 10, 6, 19, 19, 19, 0, 0, 0, 0, 0, 0, 0, 0, 0, 79]","""[0, 1, 3, 4, 1, 5, 12, 5, 9, 11, 3, 59, 14, 35, 45, 80, 34, 75, 69, 40, 0]"""
j10,2,reactive,60,False,inf,inf,inf,null,"[0, 1, 3, 4, 1, 5, 12, 5, 9, 11, 3, 59, 14, 35, 45, 80, 34, 75, 69, 40, 0]"
j10,2,stnu,60,True,32,0.8001358509063721,0.013274908065795898,"[0, 0, 0, 0, 6, 6, 9, 6, 21, 21, 21, 0, 0, 0, 0, 0, 0, 0, 0, 0, 32]","""[0, 1, 6, 4, 1, 5, 12, 3, 9, 11, 3, 59, 14, 35, 45, 80, 34, 75, 69, 40, 0]"""
j10,2,proactive_quantile_0.75,60,True,28,0.05432868003845215,0.001018524169921875,"[0, 0, 0, 0, 3, 7, 10, 6, 19, 19, 19, 0, 0, 0, 0, 0, 0, 0, 0, 0, 79]","""[0, 2, 9, 1, 10, 2, 7, 4, 8, 7, 4, 59, 14, 35, 45, 80, 34, 75, 69, 40, 0]"""
j10,2,reactive,60,False,inf,inf,inf,null,"[0, 2, 9, 1, 10, 2, 7, 4, 8, 7, 4, 59, 14, 35, 45, 80, 34, 75, 69, 40, 0]"
j10,2,stnu,60,True,28,0.6514084339141846,0.012986898422241211,"[0, 0, 0, 0, 3, 3, 13, 3, 20, 20, 20, 0, 0, 0, 0, 0, 0, 0, 0, 0, 28]","""[0, 2, 3, 1, 10, 2, 7, 2, 8, 7, 4, 59, 14, 35, 45, 80, 34, 75, 69, 40, 0]"""
j10,2,proactive_quantile_0.75,60,True,28,0.05422639846801758,0.0009784698486328125,"[0, 0, 0, 0, 3, 7, 10, 6, 19, 19, 19, 0, 0, 0, 0, 0, 0, 0, 0, 0, 79]","""[0, 2, 3, 1, 2, 1, 8, 10, 10, 5, 3, 59, 14, 35, 45, 80, 34, 75, 69, 40, 0]"""
j10,2,reactive,60,True,29,0.05422639846801758,0.18889999389648438,"[0, 0, 0, 0, 3, 7, 10, 6, 19, 19, 19, 0, 0, 0, 0, 0, 0, 0, 0, 0, 29]","[0, 2, 3, 1, 2, 1, 8, 10, 10, 5, 3, 59, 14, 35, 45, 80, 34, 75, 69, 40, 0]"
j10,2,stnu,60,True,22,0.6616089344024658,0.012887716293334961,"[0, 0, 0, 0, 2, 2, 4, 1, 12, 12, 12, 0, 0, 0, 0, 0, 0, 0, 0, 0, 22]","""[0, 2, 1, 1, 2, 1, 8, 3, 10, 5, 3, 59, 14, 35, 45, 80, 34, 75, 69, 40, 0]"""
j10,2,proactive_quantile_0.75,60,True,28,0.06394362449645996,0.0010209083557128906,"[0, 0, 0, 0, 3, 7, 10, 6, 19, 19, 19, 0, 0, 0, 0, 0, 0, 0, 0, 0, 79]","""[0, 2, 4, 2, 7, 4, 10, 8, 7, 8, 5, 59, 14, 35, 45, 80, 34, 75, 69, 40, 0]"""
j10,2,reactive,60,False,inf,inf,inf,null,"[0, 2, 4, 2, 7, 4, 10, 8, 7, 8, 5, 59, 14, 35, 45, 80, 34, 75, 69, 40, 0]"
j10,2,stnu,60,True,30,0.7364950180053711,0.013008832931518555,"[0, 0, 0, 0, 5, 5, 12, 5, 22, 22, 22, 0, 0, 0, 0, 0, 0, 0, 0, 0, 30]","""[0, 2, 5, 2, 7, 4, 10, 2, 7, 8, 5, 59, 14, 35, 45, 80, 34, 75, 69, 40, 0]"""
j10,2,proactive_quantile_0.75,60,True,28,0.057474374771118164,0.001074075698852539,"[0, 0, 0, 0, 3, 7, 10, 6, 19, 19, 19, 0, 0, 0, 0, 0, 0, 0, 0, 0, 79]","""[0, 1, 10, 3, 6, 4, 12, 10, 10, 3, 4, 59, 14, 35, 45, 80, 34, 75, 69, 40, 0]"""
j10,2,reactive,60,False,inf,inf,inf,null,"[0, 1, 10, 3, 6, 4, 12, 10, 10, 3, 4, 59, 14, 35, 45, 80, 34, 75, 69, 40, 0]"
j10,2,stnu,60,True,19,0.6370935440063477,0.013189554214477539,"[0, 0, 0, 0, 2, 7, 7, 4, 14, 14, 14, 0, 0, 0, 0, 0, 0, 0, 0, 0, 19]","""[0, 2, 7, 4, 3, 4, 7, 2, 4, 5, 3, 59, 14, 35, 45, 80, 34, 75, 69, 40, 0]"""
j10,2,proactive_quantile_0.75,60,True,28,0.043134212493896484,0.0010159015655517578,"[0, 0, 0, 0, 3, 7, 10, 6, 19, 19, 19, 0, 0, 0, 0, 0, 0, 0, 0, 0, 79]","""[0, 4, 8, 7, 3, 3, 5, 8, 8, 10, 5, 59, 14, 35, 45, 80, 34, 75, 69, 40, 0]"""
j10,2,reactive,60,False,inf,inf,inf,null,"[0, 4, 8, 7, 3, 3, 5, 8, 8, 10, 5, 59, 14, 35, 45, 80, 34, 75, 69, 40, 0]"
j10,2,stnu,60,True,27,0.6416547298431396,0.013226747512817383,"[0, 0, 0, 0, 9, 9, 12, 9, 17, 17, 17, 0, 0, 0, 0, 0, 0, 0, 0, 0, 27]","""[0, 4, 9, 7, 3, 3, 5, 3, 8, 10, 5, 59, 14, 35, 45, 80, 34, 75, 69, 40, 0]"""
j10,2,proactive_quantile_0.75,60,False,inf,0.13496804237365723,inf,"[0, 0, 0, 0, 2, 6, 8, 3, 14, 14, 17, 0, 0, 0, 0, 0, 0, 0, 0, 0, 79]","""[0, 1, 5, 4, 1, 2, 1, 3, 1, 5, 12, 59, 14, 35, 45, 80, 34, 75, 69, 40, 0]"""
j10,2,reactive,60,False,inf,inf,inf,null,"[0, 1, 5, 4, 1, 2, 1, 3, 1, 5, 12, 59, 14, 35, 45, 80, 34, 75, 69, 40, 0]"
j10,2,stnu,60,True,22,0.8400559425354004,0.013028621673583984,"[0, 0, 0, 0, 1, 8, 7, 4, 10, 10, 10, 0, 0, 0, 0, 0, 0, 0, 0, 0, 22]","""[0, 1, 8, 4, 1, 2, 1, 3, 1, 12, 6, 59, 14, 35, 45, 80, 34, 75, 69, 40, 0]"""
j10,2,proactive_quantile_0.75,60,True,28,0.05353569984436035,0.0010721683502197266,"[0, 0, 0, 0, 3, 7, 10, 6, 19, 19, 19, 0, 0, 0, 0, 0, 0, 0, 0, 0, 79]","""[0, 4, 10, 9, 2, 1, 6, 2, 9, 1, 4, 59, 14, 35, 45, 80, 34, 75, 69, 40, 0]"""
j10,2,reactive,60,False,inf,inf,inf,null,"[0, 4, 10, 9, 2, 1, 6, 2, 9, 1, 4, 59, 14, 35, 45, 80, 34, 75, 69, 40, 0]"
j10,2,stnu,60,True,25,0.6465225219726562,0.013227462768554688,"[0, 0, 0, 0, 4, 4, 10, 9, 16, 16, 16, 0, 0, 0, 0, 0, 0, 0, 0, 0, 25]","""[0, 4, 2, 9, 2, 1, 6, 1, 9, 1, 4, 59, 14, 35, 45, 80, 34, 75, 69, 40, 0]"""
j10,2,proactive_quantile_0.75,60,True,28,0.05010700225830078,0.0010013580322265625,"[0, 0, 0, 0, 3, 7, 10, 6, 19, 19, 19, 0, 0, 0, 0, 0, 0, 0, 0, 0, 79]","""[0, 4, 5, 6, 2, 7, 6, 10, 3, 3, 6, 59, 14, 35, 45, 80, 34, 75, 69, 40, 0]"""
j10,2,reactive,60,False,inf,inf,inf,null,"[0, 4, 5, 6, 2, 7, 6, 10, 3, 3, 6, 59, 14, 35, 45, 80, 34, 75, 69, 40, 0]"
j10,2,stnu,60,True,20,0.6386423110961914,0.012978315353393555,"[0, 0, 0, 0, 4, 4, 8, 6, 14, 14, 14, 0, 0, 0, 0, 0, 0, 0, 0, 0, 20]","""[0, 4, 3, 6, 2, 7, 6, 2, 3, 3, 6, 59, 14, 35, 45, 80, 34, 75, 69, 40, 0]"""
j10,2,proactive_quantile_0.75,60,True,28,0.09749484062194824,0.001028299331665039,"[0, 0, 0, 0, 2, 6, 8, 3, 14, 14, 17, 0, 0, 0, 0, 0, 0, 0, 0, 0, 79]","""[0, 2, 1, 2, 8, 1, 2, 2, 4, 3, 13, 59, 14, 35, 45, 80, 34, 75, 69, 40, 0]"""
j10,2,reactive,60,False,inf,inf,inf,null,"[0, 2, 1, 2, 8, 1, 2, 2, 4, 3, 13, 59, 14, 35, 45, 80, 34, 75, 69, 40, 0]"
j10,2,stnu,60,True,24,0.6520571708679199,0.01297903060913086,"[0, 0, 0, 0, 4, 4, 11, 9, 20, 20, 20, 0, 0, 0, 0, 0, 0, 0, 0, 0, 24]","""[0, 4, 1, 9, 4, 1, 9, 2, 4, 3, 1, 59, 14, 35, 45, 80, 34, 75, 69, 40, 0]"""
j10,2,proactive_quantile_0.75,60,False,inf,0.04449963569641113,inf,"[0, 0, 0, 0, 3, 15, 9, 9, 21, 21, 6, 0, 0, 0, 0, 0, 0, 60]","""[0, 7, 4, 2, 9, 7, 2, 2, 4, 1, 8, 30, 52, 59, 15, 48, 61, 0]"""
j10,2,reactive,60,False,inf,inf,inf,null,"[0, 7, 4, 2, 9, 7, 2, 2, 4, 1, 8, 30, 52, 59, 15, 48, 61, 0]"
j10,2,stnu,60,True,16,0.6607744693756104,0.009453058242797852,"[0, 0, 0, 0, 3, 7, 7, 7, 14, 14, 4, 0, 0, 0, 0, 0, 0, 16]","""[0, 4, 3, 2, 4, 7, 3, 1, 2, 1, 1, 30, 52, 59, 15, 48, 61, 0]"""
j10,2,proactive_quantile_0.75,60,True,17,0.05553936958312988,0.0006802082061767578,"[0, 0, 0, 0, 2, 8, 8, 8, 14, 14, 3, 0, 0, 0, 0, 0, 0, 60]","""[0, 4, 1, 1, 3, 4, 7, 3, 3, 2, 3, 30, 52, 59, 15, 48, 61, 0]"""
j10,2,reactive,60,False,inf,inf,inf,null,"[0, 4, 1, 1, 3, 4, 7, 3, 3, 2, 3, 30, 52, 59, 15, 48, 61, 0]"
j10,2,stnu,60,True,16,0.6531953811645508,0.00945425033569336,"[0, 0, 0, 0, 1, 7, 7, 7, 11, 14, 4, 0, 0, 0, 0, 0, 0, 16]","""[0, 4, 1, 1, 3, 4, 7, 3, 3, 2, 3, 30, 52, 59, 15, 48, 61, 0]"""
j10,2,proactive_quantile_0.75,60,True,17,0.053802490234375,0.0006899833679199219,"[0, 0, 0, 0, 2, 8, 8, 8, 14, 14, 3, 0, 0, 0, 0, 0, 0, 60]","""[0, 1, 3, 3, 7, 3, 7, 1, 1, 2, 2, 30, 52, 59, 15, 48, 61, 0]"""
j10,2,reactive,60,False,inf,inf,inf,null,"[0, 1, 3, 3, 7, 3, 7, 1, 1, 2, 2, 30, 52, 59, 15, 48, 61, 0]"
j10,2,stnu,60,True,19,0.6446781158447266,0.009680747985839844,"[0, 0, 0, 0, 3, 10, 10, 10, 13, 17, 3, 0, 0, 0, 0, 0, 0, 19]","""[0, 1, 3, 3, 7, 3, 7, 1, 1, 2, 2, 30, 52, 59, 15, 48, 61, 0]"""
j10,2,proactive_quantile_0.75,60,True,17,0.0586245059967041,0.0006678104400634766,"[0, 0, 0, 0, 2, 8, 8, 8, 14, 14, 3, 0, 0, 0, 0, 0, 0, 60]","""[0, 1, 1, 1, 1, 3, 9, 2, 3, 3, 2, 30, 52, 59, 15, 48, 61, 0]"""
j10,2,reactive,60,False,inf,inf,inf,null,"[0, 1, 1, 1, 1, 3, 9, 2, 3, 3, 2, 30, 52, 59, 15, 48, 61, 0]"
j10,2,stnu,60,False,inf,0.6002085208892822,inf,[],"""[0, 3, 1, 1, 8, 3, 1, 2, 3, 3, 9, 30, 52, 59, 15, 48, 61, 0]"""
j10,2,proactive_quantile_0.75,60,False,inf,0.05233573913574219,inf,"[0, 0, 0, 0, 2, 8, 8, 8, 14, 14, 3, 0, 0, 0, 0, 0, 0, 60]","""[0, 2, 1, 1, 4, 8, 5, 1, 3, 1, 2, 30, 52, 59, 15, 48, 61, 0]"""
j10,2,reactive,60,False,inf,inf,inf,null,"[0, 2, 1, 1, 4, 8, 5, 1, 3, 1, 2, 30, 52, 59, 15, 48, 61, 0]"
j10,2,stnu,60,True,16,0.6577422618865967,0.009634017944335938,"[0, 0, 0, 0, 1, 5, 5, 5, 13, 13, 2, 0, 0, 0, 0, 0, 0, 16]","""[0, 2, 1, 1, 4, 8, 5, 1, 3, 1, 2, 30, 52, 59, 15, 48, 61, 0]"""
j10,2,proactive_quantile_0.75,60,True,17,0.05734586715698242,0.0006837844848632812,"[0, 0, 0, 0, 2, 8, 8, 8, 14, 14, 3, 0, 0, 0, 0, 0, 0, 60]","""[0, 3, 3, 1, 3, 6, 7, 3, 3, 1, 1, 30, 52, 59, 15, 48, 61, 0]"""
j10,2,reactive,60,False,inf,inf,inf,null,"[0, 3, 3, 1, 3, 6, 7, 3, 3, 1, 1, 30, 52, 59, 15, 48, 61, 0]"
j10,2,stnu,60,True,15,0.6520588397979736,0.009395599365234375,"[0, 0, 0, 0, 3, 6, 6, 6, 12, 13, 3, 0, 0, 0, 0, 0, 0, 15]","""[0, 3, 3, 1, 3, 6, 7, 3, 3, 1, 1, 30, 52, 59, 15, 48, 61, 0]"""
j10,2,proactive_quantile_0.75,60,True,25,0.0433049201965332,0.0006556510925292969,"[0, 0, 0, 0, 3, 15, 9, 9, 21, 21, 6, 0, 0, 0, 0, 0, 0, 60]","""[0, 3, 1, 1, 2, 1, 1, 3, 3, 4, 8, 30, 52, 59, 15, 48, 61, 0]"""
j10,2,reactive,60,True,25,0.0433049201965332,0.22253942489624023,"[0, 0, 0, 0, 3, 15, 9, 9, 21, 21, 6, 0, 0, 0, 0, 0, 0, 25]","[0, 3, 1, 1, 2, 1, 1, 3, 3, 4, 8, 30, 52, 59, 15, 48, 61, 0]"
j10,2,stnu,60,True,16,0.6575493812561035,0.009464263916015625,"[0, 0, 0, 0, 2, 5, 5, 5, 7, 12, 2, 0, 0, 0, 0, 0, 0, 16]","""[0, 2, 2, 1, 2, 1, 7, 2, 4, 4, 3, 30, 52, 59, 15, 48, 61, 0]"""
j10,2,proactive_quantile_0.75,60,False,inf,0.0654606819152832,inf,"[0, 0, 0, 0, 3, 15, 9, 9, 21, 21, 6, 0, 0, 0, 0, 0, 0, 60]","""[0, 2, 3, 1, 9, 4, 7, 5, 1, 1, 10, 30, 52, 59, 15, 48, 61, 0]"""
j10,2,reactive,60,False,inf,inf,inf,null,"[0, 2, 3, 1, 9, 4, 7, 5, 1, 1, 10, 30, 52, 59, 15, 48, 61, 0]"
j10,2,stnu,60,True,17,0.6584653854370117,0.009487390518188477,"[0, 0, 0, 0, 3, 10, 10, 10, 14, 16, 2, 0, 0, 0, 0, 0, 0, 17]","""[0, 2, 3, 1, 7, 4, 6, 3, 2, 1, 1, 30, 52, 59, 15, 48, 61, 0]"""
j10,2,proactive_quantile_0.75,60,True,17,0.034401893615722656,0.0006527900695800781,"[0, 0, 0, 0, 2, 8, 8, 8, 14, 14, 3, 0, 0, 0, 0, 0, 0, 60]","""[0, 3, 2, 1, 4, 6, 2, 1, 2, 2, 2, 30, 52, 59, 15, 48, 61, 0]"""
j10,2,reactive,60,True,16,0.034401893615722656,0.12625527381896973,"[0, 0, 0, 0, 2, 8, 8, 8, 14, 14, 3, 0, 0, 0, 0, 0, 0, 16]","[0, 3, 2, 1, 4, 6, 2, 1, 2, 2, 2, 30, 52, 59, 15, 48, 61, 0]"
j10,2,stnu,60,False,inf,0.5916380882263184,inf,[],"""[0, 1, 3, 5, 7, 6, 6, 1, 6, 2, 4, 30, 52, 59, 15, 48, 61, 0]"""
j10,2,proactive_quantile_0.75,60,True,17,0.05206799507141113,0.0006539821624755859,"[0, 0, 0, 0, 2, 8, 8, 8, 14, 14, 3, 0, 0, 0, 0, 0, 0, 60]","""[0, 4, 3, 1, 1, 1, 7, 1, 3, 3, 1, 30, 52, 59, 15, 48, 61, 0]"""
j10,2,reactive,60,False,inf,inf,inf,null,"[0, 4, 3, 1, 1, 1, 7, 1, 3, 3, 1, 30, 52, 59, 15, 48, 61, 0]"
j10,2,stnu,60,True,15,0.669325590133667,0.009397745132446289,"[0, 0, 0, 0, 3, 5, 5, 5, 6, 12, 4, 0, 0, 0, 0, 0, 0, 15]","""[0, 4, 3, 1, 1, 1, 7, 1, 3, 3, 1, 30, 52, 59, 15, 48, 61, 0]"""
j10,2,proactive_quantile_0.75,60,False,inf,0.35654592514038086,inf,"[0, 0, 4, 11, 8, 17, 24, 20, 20, 28, 34, 0, 0, 0, 0, 0, 0, 0, 0, 77]","""[0, 2, 4, 4, 4, 2, 5, 6, 8, 7, 4, 10, 68, 21, 13, 78, 25, 54, 57, 0]"""
j10,2,reactive,60,False,inf,inf,inf,null,"[0, 2, 4, 4, 4, 2, 5, 6, 8, 7, 4, 10, 68, 21, 13, 78, 25, 54, 57, 0]"
j10,2,stnu,60,False,inf,0.6784353256225586,inf,[],"""[0, 3, 4, 4, 1, 2, 5, 2, 5, 2, 1, 10, 68, 21, 13, 78, 25, 54, 57, 0]"""
j10,2,proactive_quantile_0.75,60,False,inf,0.41141533851623535,inf,"[0, 0, 4, 11, 8, 17, 24, 20, 20, 28, 34, 0, 0, 0, 0, 0, 0, 0, 0, 77]","""[0, 5, 3, 6, 4, 2, 4, 5, 5, 1, 15, 10, 68, 21, 13, 78, 25, 54, 57, 0]"""
j10,2,reactive,60,False,inf,inf,inf,null,"[0, 5, 3, 6, 4, 2, 4, 5, 5, 1, 15, 10, 68, 21, 13, 78, 25, 54, 57, 0]"
j10,2,stnu,60,False,inf,0.7346835136413574,inf,[],"""[0, 1, 3, 6, 2, 2, 4, 1, 1, 4, 4, 10, 68, 21, 13, 78, 25, 54, 57, 0]"""
j10,2,proactive_quantile_0.75,60,False,inf,0.10658788681030273,inf,"[0, 0, 4, 11, 8, 17, 30, 20, 20, 24, 34, 0, 0, 0, 0, 0, 0, 0, 0, 77]","""[0, 3, 5, 5, 1, 4, 3, 5, 5, 4, 16, 10, 68, 21, 13, 78, 25, 54, 57, 0]"""
j10,2,reactive,60,False,inf,inf,inf,null,"[0, 3, 5, 5, 1, 4, 3, 5, 5, 4, 16, 10, 68, 21, 13, 78, 25, 54, 57, 0]"
j10,2,stnu,60,False,inf,0.6370830535888672,inf,[],"""[0, 4, 5, 5, 2, 4, 3, 1, 6, 1, 1, 10, 68, 21, 13, 78, 25, 54, 57, 0]"""
j10,2,proactive_quantile_0.75,60,False,inf,0.1670386791229248,inf,"[0, 0, 4, 11, 8, 17, 24, 20, 20, 28, 34, 0, 0, 0, 0, 0, 0, 0, 0, 77]","""[0, 5, 6, 3, 3, 4, 4, 5, 5, 3, 14, 10, 68, 21, 13, 78, 25, 54, 57, 0]"""
j10,2,reactive,60,False,inf,inf,inf,null,"[0, 5, 6, 3, 3, 4, 4, 5, 5, 3, 14, 10, 68, 21, 13, 78, 25, 54, 57, 0]"
j10,2,stnu,60,False,inf,0.6871170997619629,inf,[],"""[0, 2, 6, 3, 2, 4, 4, 2, 6, 2, 1, 10, 68, 21, 13, 78, 25, 54, 57, 0]"""
j10,2,proactive_quantile_0.75,60,False,inf,0.10909342765808105,inf,"[0, 0, 4, 11, 8, 17, 30, 20, 20, 24, 34, 0, 0, 0, 0, 0, 0, 0, 0, 77]","""[0, 4, 1, 6, 2, 3, 3, 5, 8, 8, 8, 10, 68, 21, 13, 78, 25, 54, 57, 0]"""
j10,2,reactive,60,False,inf,inf,inf,null,"[0, 4, 1, 6, 2, 3, 3, 5, 8, 8, 8, 10, 68, 21, 13, 78, 25, 54, 57, 0]"
j10,2,stnu,60,False,inf,0.6408905982971191,inf,[],"""[0, 8, 1, 6, 3, 3, 3, 1, 5, 1, 3, 10, 68, 21, 13, 78, 25, 54, 57, 0]"""
j10,2,proactive_quantile_0.75,60,False,inf,0.1033329963684082,inf,"[0, 0, 4, 11, 8, 17, 30, 20, 20, 24, 34, 0, 0, 0, 0, 0, 0, 0, 0, 77]","""[0, 6, 1, 3, 1, 1, 3, 1, 6, 3, 4, 10, 68, 21, 13, 78, 25, 54, 57, 0]"""
j10,2,reactive,60,False,inf,inf,inf,null,"[0, 6, 1, 3, 1, 1, 3, 1, 6, 3, 4, 10, 68, 21, 13, 78, 25, 54, 57, 0]"
j10,2,stnu,60,False,inf,0.8490722179412842,inf,[],"""[0, 1, 1, 3, 2, 1, 3, 3, 4, 3, 2, 10, 68, 21, 13, 78, 25, 54, 57, 0]"""
j10,2,proactive_quantile_0.75,60,False,inf,0.20949816703796387,inf,"[0, 0, 4, 11, 8, 17, 25, 20, 20, 22, 28, 0, 0, 0, 0, 0, 0, 0, 0, 77]","""[0, 1, 3, 5, 3, 2, 4, 1, 3, 3, 7, 10, 68, 21, 13, 78, 25, 54, 57, 0]"""
j10,2,reactive,60,False,inf,inf,inf,null,"[0, 1, 3, 5, 3, 2, 4, 1, 3, 3, 7, 10, 68, 21, 13, 78, 25, 54, 57, 0]"
j10,2,stnu,60,False,inf,0.6096506118774414,inf,[],"""[0, 2, 3, 5, 2, 2, 2, 1, 4, 3, 3, 10, 68, 21, 13, 78, 25, 54, 57, 0]"""
j10,2,proactive_quantile_0.75,60,False,inf,0.3889625072479248,inf,"[0, 0, 4, 11, 8, 17, 24, 20, 20, 28, 34, 0, 0, 0, 0, 0, 0, 0, 0, 77]","""[0, 5, 4, 5, 2, 3, 1, 5, 3, 5, 9, 10, 68, 21, 13, 78, 25, 54, 57, 0]"""
j10,2,reactive,60,False,inf,inf,inf,null,"[0, 5, 4, 5, 2, 3, 1, 5, 3, 5, 9, 10, 68, 21, 13, 78, 25, 54, 57, 0]"
j10,2,stnu,60,False,inf,0.6387183666229248,inf,[],"""[0, 10, 4, 5, 3, 3, 1, 3, 3, 3, 1, 10, 68, 21, 13, 78, 25, 54, 57, 0]"""
j10,2,proactive_quantile_0.75,60,False,inf,0.14987683296203613,inf,"[0, 0, 4, 11, 8, 17, 25, 20, 20, 22, 28, 0, 0, 0, 0, 0, 0, 0, 0, 77]","""[0, 4, 2, 2, 4, 4, 3, 1, 1, 4, 4, 10, 68, 21, 13, 78, 25, 54, 57, 0]"""
j10,2,reactive,60,False,inf,inf,inf,null,"[0, 4, 2, 2, 4, 4, 3, 1, 1, 4, 4, 10, 68, 21, 13, 78, 25, 54, 57, 0]"
j10,2,stnu,60,False,inf,0.6669912338256836,inf,[],"""[0, 1, 2, 2, 3, 4, 5, 1, 5, 4, 3, 10, 68, 21, 13, 78, 25, 54, 57, 0]"""
j10,2,proactive_quantile_0.75,60,False,inf,0.15508437156677246,inf,"[0, 0, 4, 11, 8, 17, 24, 20, 20, 28, 34, 0, 0, 0, 0, 0, 0, 0, 0, 77]","""[0, 2, 2, 6, 4, 2, 2, 4, 10, 1, 16, 10, 68, 21, 13, 78, 25, 54, 57, 0]"""
j10,2,reactive,60,False,inf,inf,inf,null,"[0, 2, 2, 6, 4, 2, 2, 4, 10, 1, 16, 10, 68, 21, 13, 78, 25, 54, 57, 0]"
j10,2,stnu,60,False,inf,0.6571485996246338,inf,[],"""[0, 2, 2, 6, 2, 2, 2, 1, 1, 4, 4, 10, 68, 21, 13, 78, 25, 54, 57, 0]"""
j10,2,proactive_quantile_0.75,60,True,15,0.0436854362487793,0.00024199485778808594,"[0, 0, 0, 0, 6, 6, 3, 3, 11, 8, 9, 0, 38]","""[0, 6, 5, 1, 1, 3, 6, 3, 2, 1, 4, 39, 0]"""
j10,2,reactive,60,False,inf,inf,inf,null,"[0, 6, 5, 1, 1, 3, 6, 3, 2, 1, 4, 39, 0]"
j10,2,stnu,60,True,14,0.7045457363128662,0.005144834518432617,"[0, 0, 0, 0, 6, 6, 4, 1, 10, 9, 10, 0, 14]","""[0, 6, 2, 1, 1, 3, 6, 3, 2, 1, 4, 39, 0]"""
j10,2,proactive_quantile_0.75,60,True,15,0.06238126754760742,0.00026297569274902344,"[0, 0, 0, 0, 6, 6, 3, 3, 11, 8, 9, 0, 38]","""[0, 7, 4, 1, 2, 1, 5, 1, 3, 6, 6, 39, 0]"""
j10,2,reactive,60,False,inf,inf,inf,null,"[0, 7, 4, 1, 2, 1, 5, 1, 3, 6, 6, 39, 0]"
j10,2,stnu,60,True,19,0.7180001735687256,0.005314826965332031,"[0, 0, 0, 0, 4, 4, 4, 1, 11, 6, 11, 0, 19]","""[0, 3, 4, 1, 2, 1, 5, 10, 3, 6, 8, 39, 0]"""
j10,2,proactive_quantile_0.75,60,True,26,0.04289817810058594,0.0002765655517578125,"[0, 0, 0, 0, 6, 12, 6, 10, 19, 19, 16, 0, 38]","""[0, 2, 4, 8, 3, 6, 5, 9, 1, 7, 7, 39, 0]"""
j10,2,reactive,60,False,inf,inf,inf,null,"[0, 2, 4, 8, 3, 6, 5, 9, 1, 7, 7, 39, 0]"
j10,2,stnu,60,True,18,0.7887670993804932,0.00518345832824707,"[0, 0, 0, 0, 6, 6, 6, 4, 11, 8, 11, 0, 18]","""[0, 2, 6, 4, 2, 2, 5, 1, 1, 5, 7, 39, 0]"""
j10,2,proactive_quantile_0.75,60,True,26,0.04909205436706543,0.00024008750915527344,"[0, 0, 0, 0, 6, 12, 6, 10, 19, 19, 16, 0, 38]","""[0, 1, 6, 4, 1, 1, 4, 8, 1, 1, 7, 39, 0]"""
j10,2,reactive,60,False,inf,inf,inf,null,"[0, 1, 6, 4, 1, 1, 4, 8, 1, 1, 7, 39, 0]"
j10,2,stnu,60,True,24,0.7166533470153809,0.005178928375244141,"[0, 0, 0, 0, 4, 4, 4, 1, 11, 6, 11, 0, 24]","""[0, 1, 4, 1, 1, 2, 4, 10, 1, 1, 13, 39, 0]"""
j10,2,proactive_quantile_0.75,60,True,15,0.03755688667297363,0.0002288818359375,"[0, 0, 0, 0, 6, 6, 3, 3, 11, 8, 9, 0, 38]","""[0, 2, 5, 1, 3, 1, 5, 2, 2, 1, 4, 39, 0]"""
j10,2,reactive,60,False,inf,inf,inf,null,"[0, 2, 5, 1, 3, 1, 5, 2, 2, 1, 4, 39, 0]"
j10,2,stnu,60,True,15,0.6264297962188721,0.00515294075012207,"[0, 0, 0, 0, 6, 6, 6, 1, 11, 9, 11, 0, 15]","""[0, 6, 6, 1, 3, 1, 5, 2, 2, 1, 4, 39, 0]"""
j10,2,proactive_quantile_0.75,60,False,inf,0.053200721740722656,inf,"[0, 0, 0, 0, 6, 6, 3, 3, 11, 8, 9, 0, 38]","""[0, 8, 11, 4, 2, 3, 1, 2, 2, 2, 3, 39, 0]"""
j10,2,reactive,60,False,inf,inf,inf,null,"[0, 8, 11, 4, 2, 3, 1, 2, 2, 2, 3, 39, 0]"
j10,2,stnu,60,True,14,0.6462936401367188,0.0050771236419677734,"[0, 0, 0, 0, 8, 8, 6, 4, 11, 11, 11, 0, 14]","""[0, 8, 5, 4, 2, 3, 1, 2, 2, 2, 3, 39, 0]"""
j10,2,proactive_quantile_0.75,60,True,26,0.04618024826049805,0.0002734661102294922,"[0, 0, 0, 0, 6, 12, 6, 10, 19, 19, 16, 0, 38]","""[0, 3, 7, 2, 4, 5, 5, 9, 3, 4, 12, 39, 0]"""
j10,2,reactive,60,False,inf,inf,inf,null,"[0, 3, 7, 2, 4, 5, 5, 9, 3, 4, 12, 39, 0]"
j10,2,stnu,60,True,16,0.669731616973877,0.0051190853118896484,"[0, 0, 0, 0, 6, 6, 6, 1, 11, 7, 11, 0, 16]","""[0, 3, 6, 1, 1, 1, 5, 3, 3, 5, 5, 39, 0]"""
j10,2,proactive_quantile_0.75,60,True,15,0.05281496047973633,0.0002899169921875,"[0, 0, 0, 0, 6, 6, 3, 3, 11, 8, 9, 0, 38]","""[0, 9, 3, 2, 2, 1, 6, 2, 2, 4, 2, 39, 0]"""
j10,2,reactive,60,False,inf,inf,inf,null,"[0, 9, 3, 2, 2, 1, 6, 2, 2, 4, 2, 39, 0]"
j10,2,stnu,60,True,13,0.6274232864379883,0.00496673583984375,"[0, 0, 0, 0, 5, 5, 5, 2, 11, 7, 11, 0, 13]","""[0, 4, 5, 2, 2, 1, 6, 2, 2, 4, 2, 39, 0]"""
j10,2,proactive_quantile_0.75,60,False,inf,0.13337922096252441,inf,"[0, 0, 0, 0, 6, 6, 6, 3, 12, 8, 12, 0, 38]","""[0, 2, 1, 4, 1, 2, 4, 3, 2, 3, 8, 39, 0]"""
j10,2,reactive,60,False,inf,inf,inf,null,"[0, 2, 1, 4, 1, 2, 4, 3, 2, 3, 8, 39, 0]"
j10,2,stnu,60,True,19,0.6487174034118652,0.0050814151763916016,"[0, 0, 0, 0, 2, 7, 7, 4, 11, 9, 11, 0, 19]","""[0, 2, 1, 4, 1, 2, 4, 3, 2, 3, 8, 39, 0]"""
j10,2,proactive_quantile_0.75,60,True,15,0.05334973335266113,0.0002446174621582031,"[0, 0, 0, 0, 6, 6, 3, 3, 11, 8, 9, 0, 38]","""[0, 3, 11, 3, 3, 2, 5, 2, 1, 3, 2, 39, 0]"""
j10,2,reactive,60,False,inf,inf,inf,null,"[0, 3, 11, 3, 3, 2, 5, 2, 1, 3, 2, 39, 0]"
j10,2,stnu,60,True,12,0.6584737300872803,0.005101442337036133,"[0, 0, 0, 0, 3, 5, 5, 3, 10, 7, 10, 0, 12]","""[0, 3, 2, 3, 3, 2, 5, 2, 1, 3, 2, 39, 0]"""
j10,2,proactive_quantile_0.75,60,True,30,0.052617788314819336,0.0004734992980957031,"[0, 0, 0, 0, 2, 2, 2, 14, 14, 21, 9, 0, 0, 0, 64]","""[0, 1, 1, 3, 6, 3, 11, 6, 3, 7, 2, 65, 52, 23, 0]"""
j10,2,reactive,60,False,inf,inf,inf,null,"[0, 1, 1, 3, 6, 3, 11, 6, 3, 7, 2, 65, 52, 23, 0]"
j10,2,stnu,60,False,inf,0.6260573863983154,inf,[],"""[0, 1, 1, 3, 6, 3, 11, 9, 3, 7, 2, 65, 52, 23, 0]"""
j10,2,proactive_quantile_0.75,60,True,30,0.045903682708740234,0.00046324729919433594,"[0, 0, 0, 0, 2, 2, 2, 14, 14, 21, 9, 0, 0, 0, 64]","""[0, 2, 1, 1, 8, 3, 10, 3, 3, 7, 11, 65, 52, 23, 0]"""
j10,2,reactive,60,False,inf,inf,inf,null,"[0, 2, 1, 1, 8, 3, 10, 3, 3, 7, 11, 65, 52, 23, 0]"
j10,2,stnu,60,False,inf,0.6400771141052246,inf,[],"""[0, 2, 1, 1, 8, 3, 10, 4, 3, 7, 11, 65, 52, 23, 0]"""
j10,2,proactive_quantile_0.75,60,True,30,0.05262923240661621,0.000484466552734375,"[0, 0, 0, 0, 2, 2, 2, 14, 14, 21, 9, 0, 0, 0, 64]","""[0, 8, 3, 1, 10, 6, 5, 10, 1, 11, 8, 65, 52, 23, 0]"""
j10,2,reactive,60,False,inf,inf,inf,null,"[0, 8, 3, 1, 10, 6, 5, 10, 1, 11, 8, 65, 52, 23, 0]"
j10,2,stnu,60,False,inf,0.6278114318847656,inf,[],"""[0, 8, 3, 1, 10, 6, 5, 11, 1, 11, 8, 65, 52, 23, 0]"""
j10,2,proactive_quantile_0.75,60,True,30,0.0592656135559082,0.0005714893341064453,"[0, 0, 0, 0, 2, 2, 2, 14, 14, 21, 9, 0, 0, 0, 64]","""[0, 8, 1, 1, 5, 5, 6, 10, 2, 10, 12, 65, 52, 23, 0]"""
j10,2,reactive,60,False,inf,inf,inf,null,"[0, 8, 1, 1, 5, 5, 6, 10, 2, 10, 12, 65, 52, 23, 0]"
j10,2,stnu,60,False,inf,0.6738827228546143,inf,[],"""[0, 8, 1, 1, 5, 5, 6, 6, 2, 10, 12, 65, 52, 23, 0]"""
j10,2,proactive_quantile_0.75,60,True,30,0.04730653762817383,0.0004763603210449219,"[0, 0, 0, 0, 2, 2, 2, 14, 14, 21, 9, 0, 0, 0, 64]","""[0, 3, 2, 1, 1, 6, 14, 8, 2, 7, 5, 65, 52, 23, 0]"""
j10,2,reactive,60,False,inf,inf,inf,null,"[0, 3, 2, 1, 1, 6, 14, 8, 2, 7, 5, 65, 52, 23, 0]"
j10,2,stnu,60,False,inf,0.6488783359527588,inf,[],"""[0, 3, 2, 1, 1, 6, 14, 13, 2, 7, 5, 65, 52, 23, 0]"""
j10,2,proactive_quantile_0.75,60,True,30,0.048099517822265625,0.0004525184631347656,"[0, 0, 0, 0, 2, 2, 2, 14, 14, 21, 9, 0, 0, 0, 64]","""[0, 2, 1, 2, 2, 2, 9, 8, 1, 5, 12, 65, 52, 23, 0]"""
j10,2,reactive,60,False,inf,inf,inf,null,"[0, 2, 1, 2, 2, 2, 9, 8, 1, 5, 12, 65, 52, 23, 0]"
j10,2,stnu,60,False,inf,0.7737019062042236,inf,[],"""[0, 2, 1, 2, 2, 2, 9, 12, 1, 5, 12, 65, 52, 23, 0]"""
j10,2,proactive_quantile_0.75,60,True,30,0.0533447265625,0.0004527568817138672,"[0, 0, 0, 0, 2, 2, 2, 14, 14, 21, 9, 0, 0, 0, 64]","""[0, 2, 1, 2, 2, 6, 6, 4, 1, 1, 11, 65, 52, 23, 0]"""
j10,2,reactive,60,True,22,0.0533447265625,0.12893128395080566,"[0, 0, 0, 0, 2, 2, 2, 14, 14, 21, 9, 0, 0, 0, 22]","[0, 2, 1, 2, 2, 6, 6, 4, 1, 1, 11, 65, 52, 23, 0]"
j10,2,stnu,60,True,17,0.6448876857757568,0.006602764129638672,"[0, 0, 0, 0, 2, 2, 2, 8, 8, 13, 8, 0, 0, 0, 17]","""[0, 4, 3, 2, 5, 6, 4, 4, 1, 4, 5, 65, 52, 23, 0]"""
j10,2,proactive_quantile_0.75,60,True,30,0.05251765251159668,0.0004863739013671875,"[0, 0, 0, 0, 2, 2, 2, 14, 14, 21, 9, 0, 0, 0, 64]","""[0, 2, 3, 1, 1, 5, 12, 8, 1, 12, 12, 65, 52, 23, 0]"""
j10,2,reactive,60,False,inf,inf,inf,null,"[0, 2, 3, 1, 1, 5, 12, 8, 1, 12, 12, 65, 52, 23, 0]"
j10,2,stnu,60,True,21,0.6586031913757324,0.00647282600402832,"[0, 0, 0, 0, 1, 1, 1, 8, 8, 16, 6, 0, 0, 0, 21]","""[0, 1, 1, 1, 3, 5, 7, 8, 1, 5, 3, 65, 52, 23, 0]"""
j10,2,proactive_quantile_0.75,60,True,30,0.0561065673828125,0.0004684925079345703,"[0, 0, 0, 0, 2, 2, 2, 14, 14, 21, 9, 0, 0, 0, 64]","""[0, 1, 2, 3, 1, 3, 13, 4, 1, 4, 11, 65, 52, 23, 0]"""
j10,2,reactive,60,False,inf,inf,inf,null,"[0, 1, 2, 3, 1, 3, 13, 4, 1, 4, 11, 65, 52, 23, 0]"
j10,2,stnu,60,True,20,0.6670234203338623,0.0066585540771484375,"[0, 0, 0, 0, 3, 3, 3, 15, 15, 19, 7, 0, 0, 0, 20]","""[0, 2, 1, 3, 4, 3, 12, 4, 1, 1, 6, 65, 52, 23, 0]"""
j10,2,proactive_quantile_0.75,60,True,30,0.0524289608001709,0.0004763603210449219,"[0, 0, 0, 0, 2, 2, 2, 14, 14, 21, 9, 0, 0, 0, 64]","""[0, 7, 2, 1, 1, 2, 9, 5, 3, 3, 11, 65, 52, 23, 0]"""
j10,2,reactive,60,True,24,0.0524289608001709,0.14189791679382324,"[0, 0, 0, 0, 2, 2, 2, 14, 14, 21, 9, 0, 0, 0, 24]","[0, 7, 2, 1, 1, 2, 9, 5, 3, 3, 11, 65, 52, 23, 0]"
j10,2,stnu,60,True,18,0.630378007888794,0.006526947021484375,"[0, 0, 0, 0, 1, 1, 1, 8, 8, 13, 6, 0, 0, 0, 18]","""[0, 6, 3, 1, 1, 2, 7, 5, 3, 5, 3, 65, 52, 23, 0]"""
j10,2,proactive_quantile_0.75,60,True,23,0.04194235801696777,0.0002460479736328125,"[0, 0, 0, 0, 3, 2, 5, 6, 9, 11, 9, 0, 25]","""[0, 1, 3, 2, 3, 4, 8, 4, 8, 15, 8, 26, 0]"""
j10,2,reactive,60,False,inf,inf,inf,null,"[0, 1, 3, 2, 3, 4, 8, 4, 8, 15, 8, 26, 0]"
j10,2,stnu,60,True,28,0.6582739353179932,0.0051920413970947266,"[0, 0, 0, 0, 3, 1, 5, 6, 10, 13, 10, 0, 28]","""[0, 1, 3, 2, 3, 4, 8, 4, 4, 15, 8, 26, 0]"""
j10,2,proactive_quantile_0.75,60,True,23,0.12451410293579102,0.00021886825561523438,"[0, 0, 0, 0, 3, 2, 5, 6, 9, 11, 9, 0, 25]","""[0, 3, 1, 4, 2, 4, 8, 3, 10, 3, 6, 26, 0]"""
j10,2,reactive,60,False,inf,inf,inf,null,"[0, 3, 1, 4, 2, 4, 8, 3, 10, 3, 6, 26, 0]"
j10,2,stnu,60,True,18,0.6493048667907715,0.005130767822265625,"[0, 0, 0, 0, 3, 3, 7, 7, 10, 15, 10, 0, 18]","""[0, 3, 1, 4, 2, 4, 8, 3, 2, 3, 6, 26, 0]"""
j10,2,proactive_quantile_0.75,60,True,23,0.046941518783569336,0.0002472400665283203,"[0, 0, 0, 0, 3, 2, 5, 6, 9, 11, 9, 0, 25]","""[0, 2, 1, 4, 3, 3, 2, 4, 7, 13, 8, 26, 0]"""
j10,2,reactive,60,False,inf,inf,inf,null,"[0, 2, 1, 4, 3, 3, 2, 4, 7, 13, 8, 26, 0]"
j10,2,stnu,60,True,22,0.6043314933776855,0.0052378177642822266,"[0, 0, 0, 0, 2, 2, 5, 5, 9, 9, 9, 0, 22]","""[0, 2, 1, 4, 3, 3, 2, 4, 2, 13, 8, 26, 0]"""
j10,2,proactive_quantile_0.75,60,True,23,0.13062167167663574,0.0002219676971435547,"[0, 0, 0, 0, 3, 2, 5, 6, 9, 11, 9, 0, 25]","""[0, 2, 3, 2, 2, 4, 4, 4, 12, 4, 9, 26, 0]"""
j10,2,reactive,60,False,inf,inf,inf,null,"[0, 2, 3, 2, 2, 4, 4, 4, 12, 4, 9, 26, 0]"
j10,2,stnu,60,True,19,0.6212725639343262,0.005089759826660156,"[0, 0, 0, 0, 3, 2, 6, 6, 10, 10, 10, 0, 19]","""[0, 2, 3, 2, 2, 4, 4, 4, 3, 4, 9, 26, 0]"""
j10,2,proactive_quantile_0.75,60,True,23,0.06059980392456055,0.00022673606872558594,"[0, 0, 0, 0, 3, 2, 5, 6, 9, 11, 9, 0, 25]","""[0, 2, 2, 6, 1, 1, 1, 1, 10, 11, 8, 26, 0]"""
j10,2,reactive,60,True,22,0.06059980392456055,0.09296631813049316,"[0, 0, 0, 0, 3, 2, 5, 6, 9, 11, 9, 0, 22]","[0, 2, 2, 6, 1, 1, 1, 1, 10, 11, 8, 26, 0]"
j10,2,stnu,60,True,18,0.7446300983428955,0.0053558349609375,"[0, 0, 0, 0, 2, 2, 3, 6, 7, 7, 7, 0, 18]","""[0, 2, 2, 6, 1, 1, 1, 1, 3, 11, 8, 26, 0]"""
j10,2,proactive_quantile_0.75,60,True,17,0.11778736114501953,0.00019788742065429688,"[0, 0, 0, 0, 3, 2, 5, 7, 10, 11, 10, 0, 25]","""[0, 3, 4, 4, 3, 1, 6, 1, 1, 4, 2, 26, 0]"""
j10,2,reactive,60,False,inf,inf,inf,null,"[0, 3, 4, 4, 3, 1, 6, 1, 1, 4, 2, 26, 0]"
j10,2,stnu,60,True,14,0.701101541519165,0.005310773849487305,"[0, 0, 0, 0, 4, 3, 4, 7, 8, 10, 8, 0, 14]","""[0, 3, 4, 6, 3, 1, 6, 1, 1, 4, 2, 26, 0]"""
j10,2,proactive_quantile_0.75,60,True,23,0.1255035400390625,0.0002422332763671875,"[0, 0, 0, 0, 3, 2, 5, 6, 9, 11, 9, 0, 25]","""[0, 2, 2, 3, 4, 1, 4, 2, 5, 9, 3, 26, 0]"""
j10,2,reactive,60,False,inf,inf,inf,null,"[0, 2, 2, 3, 4, 1, 4, 2, 5, 9, 3, 26, 0]"
j10,2,stnu,60,True,17,0.7733891010284424,0.005237102508544922,"[0, 0, 0, 0, 2, 2, 3, 6, 8, 8, 8, 0, 17]","""[0, 2, 2, 3, 4, 1, 4, 2, 1, 9, 3, 26, 0]"""
j10,2,proactive_quantile_0.75,60,True,23,0.04708552360534668,0.00023698806762695312,"[0, 0, 0, 0, 3, 2, 5, 6, 9, 11, 9, 0, 25]","""[0, 3, 1, 6, 4, 1, 8, 2, 11, 8, 8, 26, 0]"""
j10,2,reactive,60,False,inf,inf,inf,null,"[0, 3, 1, 6, 4, 1, 8, 2, 11, 8, 8, 26, 0]"
j10,2,stnu,60,True,20,0.6756322383880615,0.005162954330444336,"[0, 0, 0, 0, 3, 3, 4, 7, 9, 12, 9, 0, 20]","""[0, 3, 1, 6, 4, 1, 8, 2, 4, 8, 8, 26, 0]"""
j10,2,proactive_quantile_0.75,60,True,23,0.06588602066040039,0.00022840499877929688,"[0, 0, 0, 0, 3, 2, 5, 6, 9, 11, 9, 0, 25]","""[0, 3, 1, 1, 2, 4, 8, 3, 10, 6, 8, 26, 0]"""
j10,2,reactive,60,False,inf,inf,inf,null,"[0, 3, 1, 1, 2, 4, 8, 3, 10, 6, 8, 26, 0]"
j10,2,stnu,60,True,21,0.6981315612792969,0.005104780197143555,"[0, 0, 0, 0, 3, 3, 7, 7, 10, 15, 10, 0, 21]","""[0, 3, 1, 1, 2, 4, 8, 3, 4, 6, 8, 26, 0]"""
j10,2,proactive_quantile_0.75,60,True,23,0.12626242637634277,0.0002162456512451172,"[0, 0, 0, 0, 3, 2, 5, 6, 9, 11, 9, 0, 25]","""[0, 1, 4, 4, 4, 2, 6, 2, 10, 6, 6, 26, 0]"""
j10,2,reactive,60,False,inf,inf,inf,null,"[0, 1, 4, 4, 4, 2, 6, 2, 10, 6, 6, 26, 0]"
j10,2,stnu,60,True,16,0.7114031314849854,0.00534367561340332,"[0, 0, 0, 0, 4, 1, 4, 8, 10, 10, 10, 0, 16]","""[0, 1, 4, 4, 4, 2, 6, 2, 4, 6, 6, 26, 0]"""
j10,2,proactive_quantile_0.75,60,False,inf,0.057016611099243164,inf,"[0, 0, 0, 9, 12, 4, 11, 21, 14, 21, 27, 0, 0, 0, 0, 77]","""[0, 4, 2, 2, 6, 6, 4, 6, 5, 11, 8, 5, 78, 70, 76, 0]"""
j10,2,reactive,60,False,inf,inf,inf,null,"[0, 4, 2, 2, 6, 6, 4, 6, 5, 11, 8, 5, 78, 70, 76, 0]"
j10,2,stnu,60,False,inf,0.652000904083252,inf,[],"""[0, 4, 2, 2, 6, 9, 4, 6, 5, 11, 8, 5, 78, 70, 76, 0]"""
j10,2,proactive_quantile_0.75,60,False,inf,0.06681013107299805,inf,"[0, 0, 0, 9, 12, 4, 11, 21, 14, 21, 27, 0, 0, 0, 0, 77]","""[0, 3, 12, 3, 1, 7, 2, 2, 12, 6, 3, 5, 78, 70, 76, 0]"""
j10,2,reactive,60,False,inf,inf,inf,null,"[0, 3, 12, 3, 1, 7, 2, 2, 12, 6, 3, 5, 78, 70, 76, 0]"
j10,2,stnu,60,False,inf,0.6205844879150391,inf,[],"""[0, 3, 5, 3, 3, 7, 2, 8, 10, 6, 3, 5, 78, 70, 76, 0]"""
j10,2,proactive_quantile_0.75,60,True,32,0.05773282051086426,0.0006315708160400391,"[0, 0, 0, 4, 11, 7, 6, 8, 13, 20, 20, 0, 0, 0, 0, 77]","""[0, 2, 5, 3, 2, 1, 2, 2, 15, 6, 14, 5, 78, 70, 76, 0]"""
j10,2,reactive,60,True,34,0.05773282051086426,0.14357614517211914,"[0, 0, 0, 4, 11, 7, 6, 8, 13, 20, 20, 0, 0, 0, 0, 34]","[0, 2, 5, 3, 2, 1, 2, 2, 15, 6, 14, 5, 78, 70, 76, 0]"
j10,2,stnu,60,False,inf,0.7405061721801758,inf,[],"""[0, 2, 6, 3, 2, 1, 4, 4, 5, 6, 8, 5, 78, 70, 76, 0]"""
j10,2,proactive_quantile_0.75,60,False,inf,0.1582803726196289,inf,"[0, 0, 0, 9, 12, 4, 11, 21, 14, 21, 27, 0, 0, 0, 0, 77]","""[0, 1, 11, 1, 1, 6, 4, 3, 4, 10, 1, 5, 78, 70, 76, 0]"""
j10,2,reactive,60,False,inf,inf,inf,null,"[0, 1, 11, 1, 1, 6, 4, 3, 4, 10, 1, 5, 78, 70, 76, 0]"
j10,2,stnu,60,False,inf,0.6466770172119141,inf,[],"""[0, 1, 11, 1, 1, 3, 4, 3, 4, 10, 1, 5, 78, 70, 76, 0]"""
j10,2,proactive_quantile_0.75,60,False,inf,0.05731701850891113,inf,"[0, 0, 0, 4, 11, 7, 6, 8, 13, 20, 20, 0, 0, 0, 0, 77]","""[0, 2, 2, 1, 9, 9, 1, 4, 7, 7, 11, 5, 78, 70, 76, 0]"""
j10,2,reactive,60,False,inf,inf,inf,null,"[0, 2, 2, 1, 9, 9, 1, 4, 7, 7, 11, 5, 78, 70, 76, 0]"
j10,2,stnu,60,False,inf,0.7292871475219727,inf,[],"""[0, 2, 2, 1, 9, 9, 4, 2, 10, 7, 1, 5, 78, 70, 76, 0]"""
j10,2,proactive_quantile_0.75,60,True,32,0.04842805862426758,0.0006060600280761719,"[0, 0, 0, 4, 11, 7, 6, 8, 13, 20, 20, 0, 0, 0, 0, 77]","""[0, 5, 1, 1, 7, 1, 3, 4, 11, 2, 3, 5, 78, 70, 76, 0]"""
j10,2,reactive,60,False,inf,inf,inf,null,"[0, 5, 1, 1, 7, 1, 3, 4, 11, 2, 3, 5, 78, 70, 76, 0]"
j10,2,stnu,60,False,inf,0.6319580078125,inf,[],"""[0, 5, 7, 1, 7, 1, 4, 5, 7, 2, 5, 5, 78, 70, 76, 0]"""
j10,2,proactive_quantile_0.75,60,False,inf,0.05696463584899902,inf,"[0, 0, 0, 9, 12, 4, 11, 21, 14, 21, 27, 0, 0, 0, 0, 77]","""[0, 4, 1, 4, 8, 6, 4, 8, 10, 9, 8, 5, 78, 70, 76, 0]"""
j10,2,reactive,60,False,inf,inf,inf,null,"[0, 4, 1, 4, 8, 6, 4, 8, 10, 9, 8, 5, 78, 70, 76, 0]"
j10,2,stnu,60,False,inf,0.6123318672180176,inf,[],"""[0, 4, 1, 4, 8, 1, 4, 8, 10, 9, 8, 5, 78, 70, 76, 0]"""
j10,2,proactive_quantile_0.75,60,False,inf,0.07283306121826172,inf,"[0, 0, 0, 9, 12, 4, 11, 21, 14, 21, 27, 0, 0, 0, 0, 77]","""[0, 2, 11, 2, 9, 6, 4, 7, 9, 6, 11, 5, 78, 70, 76, 0]"""
j10,2,reactive,60,False,inf,inf,inf,null,"[0, 2, 11, 2, 9, 6, 4, 7, 9, 6, 11, 5, 78, 70, 76, 0]"
j10,2,stnu,60,False,inf,0.6421177387237549,inf,[],"""[0, 2, 11, 2, 9, 8, 4, 7, 9, 6, 11, 5, 78, 70, 76, 0]"""
j10,2,proactive_quantile_0.75,60,False,inf,0.07490420341491699,inf,"[0, 0, 0, 9, 12, 4, 11, 21, 14, 21, 27, 0, 0, 0, 0, 77]","""[0, 1, 2, 3, 11, 7, 2, 1, 10, 8, 12, 5, 78, 70, 76, 0]"""
j10,2,reactive,60,False,inf,inf,inf,null,"[0, 1, 2, 3, 11, 7, 2, 1, 10, 8, 12, 5, 78, 70, 76, 0]"
j10,2,stnu,60,False,inf,0.6215250492095947,inf,[],"""[0, 1, 2, 3, 11, 1, 2, 1, 10, 8, 12, 5, 78, 70, 76, 0]"""
j10,2,proactive_quantile_0.75,60,False,inf,0.06163787841796875,inf,"[0, 0, 0, 4, 11, 7, 6, 8, 13, 20, 20, 0, 0, 0, 0, 77]","""[0, 5, 4, 1, 7, 8, 3, 3, 9, 5, 11, 5, 78, 70, 76, 0]"""
j10,2,reactive,60,False,inf,inf,inf,null,"[0, 5, 4, 1, 7, 8, 3, 3, 9, 5, 11, 5, 78, 70, 76, 0]"
j10,2,stnu,60,False,inf,0.6273972988128662,inf,[],"""[0, 5, 5, 1, 7, 8, 4, 7, 6, 5, 2, 5, 78, 70, 76, 0]"""
j10,2,proactive_quantile_0.75,60,False,inf,0.16293597221374512,inf,"[0, 0, 0, 0, 3, 6, 18, 10, 10, 18, 25, 0, 0, 46]","""[0, 10, 6, 4, 8, 10, 3, 3, 5, 2, 1, 47, 29, 0]"""
j10,2,reactive,60,False,inf,inf,inf,null,"[0, 10, 6, 4, 8, 10, 3, 3, 5, 2, 1, 47, 29, 0]"
j10,2,stnu,60,False,inf,0.8438284397125244,inf,[],"""[0, 10, 6, 4, 8, 6, 3, 3, 5, 2, 15, 47, 29, 0]"""
j10,2,proactive_quantile_0.75,60,True,28,0.08890628814697266,0.0003783702850341797,"[0, 0, 0, 0, 3, 6, 18, 10, 10, 18, 25, 0, 0, 46]","""[0, 12, 3, 2, 7, 14, 9, 4, 6, 5, 2, 47, 29, 0]"""
j10,2,reactive,60,False,inf,inf,inf,null,"[0, 12, 3, 2, 7, 14, 9, 4, 6, 5, 2, 47, 29, 0]"
j10,2,stnu,60,False,inf,0.6115808486938477,inf,[],"""[0, 12, 3, 2, 7, 3, 9, 4, 6, 5, 7, 47, 29, 0]"""
j10,2,proactive_quantile_0.75,60,True,28,0.05184531211853027,0.00040459632873535156,"[0, 0, 0, 0, 3, 6, 18, 10, 10, 18, 25, 0, 0, 46]","""[0, 14, 6, 3, 6, 8, 9, 5, 5, 8, 2, 47, 29, 0]"""
j10,2,reactive,60,False,inf,inf,inf,null,"[0, 14, 6, 3, 6, 8, 9, 5, 5, 8, 2, 47, 29, 0]"
j10,2,stnu,60,False,inf,0.6066381931304932,inf,[],"""[0, 14, 6, 3, 6, 2, 9, 5, 5, 8, 4, 47, 29, 0]"""
j10,2,proactive_quantile_0.75,60,True,28,0.06009960174560547,0.00040912628173828125,"[0, 0, 0, 0, 3, 6, 18, 10, 10, 18, 25, 0, 0, 46]","""[0, 12, 2, 3, 3, 4, 8, 9, 8, 3, 1, 47, 29, 0]"""
j10,2,reactive,60,False,inf,inf,inf,null,"[0, 12, 2, 3, 3, 4, 8, 9, 8, 3, 1, 47, 29, 0]"
j10,2,stnu,60,False,inf,0.5537707805633545,inf,[],"""[0, 12, 2, 3, 3, 5, 8, 9, 8, 3, 4, 47, 29, 0]"""
j10,2,proactive_quantile_0.75,60,True,28,0.044591426849365234,0.0003762245178222656,"[0, 0, 0, 0, 3, 6, 18, 10, 10, 18, 25, 0, 0, 46]","""[0, 15, 6, 2, 2, 13, 7, 8, 4, 8, 4, 47, 29, 0]"""
j10,2,reactive,60,False,inf,inf,inf,null,"[0, 15, 6, 2, 2, 13, 7, 8, 4, 8, 4, 47, 29, 0]"
j10,2,stnu,60,False,inf,0.6363804340362549,inf,[],"""[0, 15, 6, 2, 2, 3, 7, 8, 4, 8, 13, 47, 29, 0]"""
j10,2,proactive_quantile_0.75,60,True,28,0.11347126960754395,0.0003485679626464844,"[0, 0, 0, 0, 3, 6, 18, 10, 10, 18, 25, 0, 0, 46]","""[0, 13, 2, 1, 1, 6, 8, 4, 5, 5, 2, 47, 29, 0]"""
j10,2,reactive,60,False,inf,inf,inf,null,"[0, 13, 2, 1, 1, 6, 8, 4, 5, 5, 2, 47, 29, 0]"
j10,2,stnu,60,False,inf,0.6226546764373779,inf,[],"""[0, 13, 2, 1, 1, 2, 8, 4, 5, 5, 10, 47, 29, 0]"""
j10,2,proactive_quantile_0.75,60,False,inf,0.04940629005432129,inf,"[0, 0, 0, 0, 3, 6, 18, 10, 10, 18, 25, 0, 0, 46]","""[0, 11, 7, 3, 8, 6, 4, 5, 3, 1, 4, 47, 29, 0]"""
j10,2,reactive,60,False,inf,inf,inf,null,"[0, 11, 7, 3, 8, 6, 4, 5, 3, 1, 4, 47, 29, 0]"
j10,2,stnu,60,False,inf,0.6407670974731445,inf,[],"""[0, 11, 7, 3, 8, 4, 4, 5, 3, 1, 6, 47, 29, 0]"""
j10,2,proactive_quantile_0.75,60,True,28,0.0517888069152832,0.00038123130798339844,"[0, 0, 0, 0, 3, 6, 18, 10, 10, 18, 25, 0, 0, 46]","""[0, 15, 2, 1, 7, 8, 3, 10, 3, 6, 1, 47, 29, 0]"""
j10,2,reactive,60,True,26,0.0517888069152832,0.13590764999389648,"[0, 0, 0, 0, 3, 6, 18, 10, 10, 18, 25, 0, 0, 26]","[0, 15, 2, 1, 7, 8, 3, 10, 3, 6, 1, 47, 29, 0]"
j10,2,stnu,60,False,inf,0.6125798225402832,inf,[],"""[0, 15, 2, 1, 7, 5, 3, 10, 3, 6, 8, 47, 29, 0]"""
j10,2,proactive_quantile_0.75,60,True,28,0.06699037551879883,0.0003540515899658203,"[0, 0, 0, 0, 3, 6, 18, 10, 10, 18, 25, 0, 0, 46]","""[0, 6, 1, 4, 4, 4, 3, 9, 1, 6, 3, 47, 29, 0]"""
j10,2,reactive,60,False,inf,inf,inf,null,"[0, 6, 1, 4, 4, 4, 3, 9, 1, 6, 3, 47, 29, 0]"
j10,2,stnu,60,False,inf,0.6170520782470703,inf,[],"""[0, 6, 1, 4, 4, 4, 3, 9, 1, 6, 5, 47, 29, 0]"""
j10,2,proactive_quantile_0.75,60,True,28,0.04714632034301758,0.0003809928894042969,"[0, 0, 0, 0, 3, 6, 18, 10, 10, 18, 25, 0, 0, 46]","""[0, 15, 2, 4, 5, 6, 7, 9, 2, 3, 2, 47, 29, 0]"""
j10,2,reactive,60,False,inf,inf,inf,null,"[0, 15, 2, 4, 5, 6, 7, 9, 2, 3, 2, 47, 29, 0]"
j10,2,stnu,60,False,inf,0.6993598937988281,inf,[],"""[0, 15, 2, 4, 5, 1, 7, 9, 2, 3, 4, 47, 29, 0]"""
j10,2,proactive_quantile_0.75,60,False,inf,0.06615257263183594,inf,"[0, 0, 0, 6, 7, 9, 6, 13, 13, 19, 13, 0, 0, 0, 0, 0, 0, 0, 0, 70]","""[0, 6, 2, 3, 8, 1, 4, 6, 12, 1, 6, 71, 15, 34, 69, 51, 24, 69, 29, 0]"""
j10,2,reactive,60,False,inf,inf,inf,null,"[0, 6, 2, 3, 8, 1, 4, 6, 12, 1, 6, 71, 15, 34, 69, 51, 24, 69, 29, 0]"
j10,2,stnu,60,True,17,3.0104494094848633,0.012106657028198242,"[0, 0, 0, 0, 2, 5, 2, 8, 8, 14, 6, 0, 0, 0, 0, 0, 0, 0, 0, 17]","""[0, 2, 4, 1, 3, 3, 4, 6, 5, 3, 6, 71, 15, 34, 69, 51, 24, 69, 29, 0]"""
j10,2,proactive_quantile_0.75,60,False,inf,0.06934809684753418,inf,"[0, 0, 0, 6, 7, 9, 6, 13, 13, 19, 13, 0, 0, 0, 0, 0, 0, 0, 0, 70]","""[0, 7, 1, 3, 9, 4, 9, 4, 5, 4, 1, 71, 15, 34, 69, 51, 24, 69, 29, 0]"""
j10,2,reactive,60,False,inf,inf,inf,null,"[0, 7, 1, 3, 9, 4, 9, 4, 5, 4, 1, 71, 15, 34, 69, 51, 24, 69, 29, 0]"
j10,2,stnu,60,True,17,0.7691740989685059,0.012180566787719727,"[0, 0, 0, 6, 9, 8, 6, 12, 12, 13, 12, 0, 0, 0, 0, 0, 0, 0, 0, 17]","""[0, 6, 1, 2, 1, 1, 6, 1, 5, 2, 1, 71, 15, 34, 69, 51, 24, 69, 29, 0]"""
j10,2,proactive_quantile_0.75,60,False,inf,0.05543351173400879,inf,"[0, 0, 0, 6, 7, 9, 6, 13, 13, 19, 13, 0, 0, 0, 0, 0, 0, 0, 0, 70]","""[0, 5, 8, 4, 1, 2, 9, 3, 10, 2, 2, 71, 15, 34, 69, 51, 24, 69, 29, 0]"""
j10,2,reactive,60,False,inf,inf,inf,null,"[0, 5, 8, 4, 1, 2, 9, 3, 10, 2, 2, 71, 15, 34, 69, 51, 24, 69, 29, 0]"
j10,2,stnu,60,False,inf,0.6453728675842285,inf,[],"""[0, 5, 8, 4, 1, 2, 9, 3, 2, 2, 2, 71, 15, 34, 69, 51, 24, 69, 29, 0]"""
j10,2,proactive_quantile_0.75,60,False,inf,0.057270050048828125,inf,"[0, 0, 0, 6, 7, 9, 6, 13, 13, 19, 13, 0, 0, 0, 0, 0, 0, 0, 0, 70]","""[0, 3, 9, 3, 6, 1, 1, 5, 12, 2, 4, 71, 15, 34, 69, 51, 24, 69, 29, 0]"""
j10,2,reactive,60,False,inf,inf,inf,null,"[0, 3, 9, 3, 6, 1, 1, 5, 12, 2, 4, 71, 15, 34, 69, 51, 24, 69, 29, 0]"
j10,2,stnu,60,True,23,0.7000322341918945,0.012198686599731445,"[0, 0, 0, 3, 10, 9, 3, 10, 11, 12, 11, 0, 0, 0, 0, 0, 0, 0, 0, 23]","""[0, 3, 9, 2, 1, 1, 6, 2, 12, 3, 2, 71, 15, 34, 69, 51, 24, 69, 29, 0]"""
j10,2,proactive_quantile_0.75,60,True,19,0.03819704055786133,0.0008745193481445312,"[0, 0, 0, 4, 9, 7, 4, 10, 12, 13, 12, 0, 0, 0, 0, 0, 0, 0, 0, 70]","""[0, 1, 8, 2, 1, 1, 2, 3, 6, 1, 10, 71, 15, 34, 69, 51, 24, 69, 29, 0]"""
j10,2,reactive,60,False,inf,inf,inf,null,"[0, 1, 8, 2, 1, 1, 2, 3, 6, 1, 10, 71, 15, 34, 69, 51, 24, 69, 29, 0]"
j10,2,stnu,60,True,18,0.8404464721679688,0.011938810348510742,"[0, 0, 0, 1, 9, 8, 1, 9, 10, 12, 10, 0, 0, 0, 0, 0, 0, 0, 0, 18]","""[0, 1, 8, 2, 1, 1, 2, 3, 8, 1, 4, 71, 15, 34, 69, 51, 24, 69, 29, 0]"""
j10,2,proactive_quantile_0.75,60,True,25,0.056185007095336914,0.0008533000946044922,"[0, 0, 0, 6, 7, 9, 6, 13, 13, 19, 13, 0, 0, 0, 0, 0, 0, 0, 0, 70]","""[0, 3, 4, 1, 2, 1, 6, 4, 9, 1, 2, 71, 15, 34, 69, 51, 24, 69, 29, 0]"""
j10,2,reactive,60,True,22,0.056185007095336914,0.20883464813232422,"[0, 0, 0, 6, 7, 9, 6, 13, 13, 19, 13, 0, 0, 0, 0, 0, 0, 0, 0, 22]","[0, 3, 4, 1, 2, 1, 6, 4, 9, 1, 2, 71, 15, 34, 69, 51, 24, 69, 29, 0]"
j10,2,stnu,60,False,inf,0.6752059459686279,inf,[],"""[0, 3, 3, 1, 2, 1, 6, 4, 8, 1, 2, 71, 15, 34, 69, 51, 24, 69, 29, 0]"""
j10,2,proactive_quantile_0.75,60,False,inf,0.058075904846191406,inf,"[0, 0, 0, 4, 9, 7, 4, 10, 12, 13, 12, 0, 0, 0, 0, 0, 0, 0, 0, 70]","""[0, 4, 10, 3, 2, 1, 5, 2, 7, 2, 10, 71, 15, 34, 69, 51, 24, 69, 29, 0]"""
j10,2,reactive,60,False,inf,inf,inf,null,"[0, 4, 10, 3, 2, 1, 5, 2, 7, 2, 10, 71, 15, 34, 69, 51, 24, 69, 29, 0]"
j10,2,stnu,60,False,inf,0.6301119327545166,inf,[],"""[0, 7, 8, 3, 3, 4, 6, 5, 7, 7, 4, 71, 15, 34, 69, 51, 24, 69, 29, 0]"""
j10,2,proactive_quantile_0.75,60,False,inf,0.06342267990112305,inf,"[0, 0, 0, 4, 9, 7, 4, 10, 12, 13, 12, 0, 0, 0, 0, 0, 0, 0, 0, 70]","""[0, 5, 3, 1, 4, 3, 8, 2, 8, 2, 10, 71, 15, 34, 69, 51, 24, 69, 29, 0]"""
j10,2,reactive,60,False,inf,inf,inf,null,"[0, 5, 3, 1, 4, 3, 8, 2, 8, 2, 10, 71, 15, 34, 69, 51, 24, 69, 29, 0]"
j10,2,stnu,60,False,inf,0.6010425090789795,inf,[],"""[0, 5, 1, 3, 4, 1, 9, 5, 8, 4, 1, 71, 15, 34, 69, 51, 24, 69, 29, 0]"""
j10,2,proactive_quantile_0.75,60,False,inf,0.07759809494018555,inf,"[0, 0, 0, 6, 7, 9, 6, 13, 13, 19, 13, 0, 0, 0, 0, 0, 0, 0, 0, 70]","""[0, 7, 7, 3, 6, 4, 5, 1, 4, 7, 6, 71, 15, 34, 69, 51, 24, 69, 29, 0]"""
j10,2,reactive,60,False,inf,inf,inf,null,"[0, 7, 7, 3, 6, 4, 5, 1, 4, 7, 6, 71, 15, 34, 69, 51, 24, 69, 29, 0]"
j10,2,stnu,60,True,20,0.7241001129150391,0.012067794799804688,"[0, 0, 0, 0, 5, 11, 5, 13, 13, 17, 11, 0, 0, 0, 0, 0, 0, 0, 0, 20]","""[0, 5, 11, 2, 4, 2, 5, 1, 5, 3, 6, 71, 15, 34, 69, 51, 24, 69, 29, 0]"""
j10,2,proactive_quantile_0.75,60,False,inf,0.041603803634643555,inf,"[0, 0, 0, 4, 9, 7, 4, 10, 12, 13, 12, 0, 0, 0, 0, 0, 0, 0, 0, 70]","""[0, 6, 9, 1, 3, 2, 2, 1, 2, 2, 1, 71, 15, 34, 69, 51, 24, 69, 29, 0]"""
j10,2,reactive,60,False,inf,inf,inf,null,"[0, 6, 9, 1, 3, 2, 2, 1, 2, 2, 1, 71, 15, 34, 69, 51, 24, 69, 29, 0]"
j10,2,stnu,60,True,23,0.9952547550201416,0.012136459350585938,"[0, 0, 0, 6, 11, 9, 6, 11, 14, 14, 14, 0, 0, 0, 0, 0, 0, 0, 0, 23]","""[0, 6, 9, 1, 3, 2, 2, 1, 9, 2, 3, 71, 15, 34, 69, 51, 24, 69, 29, 0]"""
j10,2,proactive_quantile_0.75,60,False,inf,0.06313443183898926,inf,"[0, 0, 0, 0, 7, 7, 14, 7, 20, 17, 20, 0, 55]","""[0, 3, 1, 8, 4, 4, 2, 3, 10, 3, 13, 56, 0]"""
j10,2,reactive,60,False,inf,inf,inf,null,"[0, 3, 1, 8, 4, 4, 2, 3, 10, 3, 13, 56, 0]"
j10,2,stnu,60,True,40,0.7341833114624023,0.005108833312988281,"[0, 0, 0, 0, 8, 8, 12, 8, 19, 29, 19, 0, 40]","""[0, 3, 1, 8, 11, 4, 4, 3, 10, 11, 7, 56, 0]"""
j10,2,proactive_quantile_0.75,60,False,inf,0.06134819984436035,inf,"[0, 0, 0, 0, 18, 9, 19, 9, 28, 25, 36, 0, 55]","""[0, 7, 5, 9, 5, 12, 5, 7, 10, 4, 3, 56, 0]"""
j10,2,reactive,60,False,inf,inf,inf,null,"[0, 7, 5, 9, 5, 12, 5, 7, 10, 4, 3, 56, 0]"
j10,2,stnu,60,True,33,0.6313643455505371,0.005175113677978516,"[0, 0, 0, 0, 16, 9, 21, 9, 26, 26, 30, 0, 33]","""[0, 7, 5, 9, 5, 12, 5, 7, 5, 4, 3, 56, 0]"""
j10,2,proactive_quantile_0.75,60,False,inf,0.04452681541442871,inf,"[0, 0, 0, 0, 18, 9, 19, 9, 28, 25, 36, 0, 55]","""[0, 8, 5, 7, 11, 3, 1, 10, 2, 13, 3, 56, 0]"""
j10,2,reactive,60,False,inf,inf,inf,null,"[0, 8, 5, 7, 11, 3, 1, 10, 2, 13, 3, 56, 0]"
j10,2,stnu,60,True,33,0.616565465927124,0.0051610469818115234,"[0, 0, 0, 0, 17, 8, 11, 7, 28, 17, 30, 0, 33]","""[0, 8, 5, 7, 11, 3, 1, 10, 2, 13, 3, 56, 0]"""
j10,2,proactive_quantile_0.75,60,False,inf,0.03934454917907715,inf,"[0, 0, 0, 0, 18, 9, 19, 9, 28, 25, 36, 0, 55]","""[0, 7, 9, 1, 13, 3, 5, 5, 10, 15, 5, 56, 0]"""
j10,2,reactive,60,False,inf,inf,inf,null,"[0, 7, 9, 1, 13, 3, 5, 5, 10, 15, 5, 56, 0]"
j10,2,stnu,60,True,27,0.6240699291229248,0.0051648616790771484,"[0, 0, 0, 0, 3, 3, 10, 3, 14, 12, 14, 0, 27]","""[0, 1, 3, 3, 3, 7, 2, 2, 13, 2, 6, 56, 0]"""
j10,2,proactive_quantile_0.75,60,False,inf,0.04918527603149414,inf,"[0, 0, 0, 0, 18, 9, 19, 9, 28, 25, 36, 0, 55]","""[0, 1, 6, 4, 10, 4, 1, 4, 8, 13, 5, 56, 0]"""
j10,2,reactive,60,False,inf,inf,inf,null,"[0, 1, 6, 4, 10, 4, 1, 4, 8, 13, 5, 56, 0]"
j10,2,stnu,60,True,29,0.6444475650787354,0.005179643630981445,"[0, 0, 0, 0, 10, 6, 10, 6, 20, 11, 24, 0, 29]","""[0, 1, 6, 4, 10, 4, 1, 4, 5, 13, 5, 56, 0]"""
j10,2,proactive_quantile_0.75,60,False,inf,0.04726862907409668,inf,"[0, 0, 0, 0, 18, 9, 19, 9, 28, 25, 36, 0, 55]","""[0, 4, 2, 3, 10, 9, 6, 2, 10, 13, 11, 56, 0]"""
j10,2,reactive,60,False,inf,inf,inf,null,"[0, 4, 2, 3, 10, 9, 6, 2, 10, 13, 11, 56, 0]"
j10,2,stnu,60,True,43,0.6076774597167969,0.0053021907806396484,"[0, 0, 0, 0, 5, 4, 13, 3, 19, 19, 32, 0, 43]","""[0, 4, 2, 3, 10, 9, 6, 2, 12, 13, 11, 56, 0]"""
j10,2,proactive_quantile_0.75,60,True,37,0.1662731170654297,0.00031566619873046875,"[0, 0, 0, 0, 7, 7, 14, 7, 17, 26, 17, 0, 55]","""[0, 6, 10, 2, 5, 5, 3, 4, 8, 15, 3, 56, 0]"""
j10,2,reactive,60,False,inf,inf,inf,null,"[0, 6, 10, 2, 5, 5, 3, 4, 8, 15, 3, 56, 0]"
j10,2,stnu,60,True,33,0.6395249366760254,0.005183219909667969,"[0, 0, 0, 0, 10, 10, 15, 10, 20, 18, 20, 0, 33]","""[0, 2, 10, 2, 2, 5, 3, 4, 8, 2, 13, 56, 0]"""
j10,2,proactive_quantile_0.75,60,False,inf,0.055255889892578125,inf,"[0, 0, 0, 0, 7, 7, 14, 7, 20, 17, 20, 0, 55]","""[0, 3, 1, 7, 2, 1, 3, 4, 5, 4, 10, 56, 0]"""
j10,2,reactive,60,False,inf,inf,inf,null,"[0, 3, 1, 7, 2, 1, 3, 4, 5, 4, 10, 56, 0]"
j10,2,stnu,60,True,41,0.6759161949157715,0.0052852630615234375,"[0, 0, 0, 0, 20, 8, 15, 8, 23, 20, 31, 0, 41]","""[0, 2, 8, 4, 3, 7, 2, 12, 5, 11, 10, 56, 0]"""
j10,2,proactive_quantile_0.75,60,True,45,0.04036068916320801,0.000316619873046875,"[0, 0, 0, 0, 18, 9, 19, 9, 28, 25, 36, 0, 55]","""[0, 5, 3, 6, 9, 5, 5, 11, 3, 4, 5, 56, 0]"""
j10,2,reactive,60,True,36,0.04036068916320801,0.12037158012390137,"[0, 0, 0, 0, 18, 9, 19, 9, 28, 25, 31, 0, 36]","[0, 5, 3, 6, 9, 5, 5, 11, 3, 4, 5, 56, 0]"
j10,2,stnu,60,True,31,0.6976213455200195,0.005198001861572266,"[0, 0, 0, 0, 17, 6, 11, 6, 26, 17, 26, 0, 31]","""[0, 5, 3, 6, 9, 5, 5, 11, 3, 4, 5, 56, 0]"""
j10,2,proactive_quantile_0.75,60,True,45,0.04761624336242676,0.00033926963806152344,"[0, 0, 0, 0, 18, 9, 19, 9, 28, 25, 36, 0, 55]","""[0, 5, 5, 7, 5, 13, 2, 9, 6, 9, 9, 56, 0]"""
j10,2,reactive,60,False,inf,inf,inf,null,"[0, 5, 5, 7, 5, 13, 2, 9, 6, 9, 9, 56, 0]"
j10,2,stnu,60,True,40,0.6443016529083252,0.005214691162109375,"[0, 0, 0, 0, 16, 7, 20, 7, 22, 22, 31, 0, 40]","""[0, 5, 5, 7, 5, 13, 2, 9, 9, 9, 9, 56, 0]"""
j10,2,proactive_quantile_0.75,60,True,39,0.05259370803833008,0.0005152225494384766,"[0, 0, 0, 0, 10, 19, 28, 19, 28, 10, 32, 0, 0, 0, 71]","""[0, 1, 7, 8, 8, 9, 4, 8, 9, 3, 10, 72, 48, 27, 0]"""
j10,2,reactive,60,True,42,0.05259370803833008,0.13719725608825684,"[0, 0, 0, 0, 10, 19, 28, 19, 28, 10, 32, 0, 0, 0, 42]","[0, 1, 7, 8, 8, 9, 4, 8, 9, 3, 10, 72, 48, 27, 0]"
j10,2,stnu,60,True,27,0.7041518688201904,0.006963253021240234,"[0, 0, 0, 0, 7, 9, 15, 9, 17, 7, 17, 0, 0, 0, 27]","""[0, 1, 7, 1, 1, 6, 1, 8, 3, 2, 10, 72, 48, 27, 0]"""
j10,2,proactive_quantile_0.75,60,True,39,0.05579376220703125,0.0004913806915283203,"[0, 0, 0, 0, 10, 19, 28, 19, 28, 10, 32, 0, 0, 0, 71]","""[0, 7, 7, 7, 5, 12, 1, 7, 2, 1, 9, 72, 48, 27, 0]"""
j10,2,reactive,60,False,inf,inf,inf,null,"[0, 7, 7, 7, 5, 12, 1, 7, 2, 1, 9, 72, 48, 27, 0]"
j10,2,stnu,60,True,27,0.6906964778900146,0.006806612014770508,"[0, 0, 0, 0, 7, 11, 15, 11, 18, 7, 18, 0, 0, 0, 27]","""[0, 7, 7, 1, 4, 4, 3, 7, 3, 3, 9, 72, 48, 27, 0]"""
j10,2,proactive_quantile_0.75,60,False,inf,0.05562901496887207,inf,"[0, 0, 0, 0, 9, 12, 18, 12, 18, 9, 20, 0, 0, 0, 71]","""[0, 2, 6, 2, 2, 4, 3, 7, 1, 1, 3, 72, 48, 27, 0]"""
j10,2,reactive,60,False,inf,inf,inf,null,"[0, 2, 6, 2, 2, 4, 3, 7, 1, 1, 3, 72, 48, 27, 0]"
j10,2,stnu,60,True,18,0.6973869800567627,0.006895303726196289,"[0, 0, 0, 0, 6, 8, 12, 8, 15, 6, 15, 0, 0, 0, 18]","""[0, 2, 6, 2, 2, 4, 3, 7, 2, 1, 3, 72, 48, 27, 0]"""
j10,2,proactive_quantile_0.75,60,True,27,0.06314826011657715,0.0005145072937011719,"[0, 0, 0, 0, 9, 12, 18, 12, 18, 9, 20, 0, 0, 0, 71]","""[0, 3, 1, 1, 3, 5, 3, 6, 4, 2, 8, 72, 48, 27, 0]"""
j10,2,reactive,60,False,inf,inf,inf,null,"[0, 3, 1, 1, 3, 5, 3, 6, 4, 2, 8, 72, 48, 27, 0]"
j10,2,stnu,60,True,22,0.7569127082824707,0.006902933120727539,"[0, 0, 0, 0, 3, 6, 11, 6, 12, 1, 14, 0, 0, 0, 22]","""[0, 3, 1, 1, 3, 5, 3, 6, 1, 2, 8, 72, 48, 27, 0]"""
j10,2,proactive_quantile_0.75,60,True,27,0.039044857025146484,0.0004608631134033203,"[0, 0, 0, 0, 9, 12, 18, 12, 18, 9, 20, 0, 0, 0, 71]","""[0, 1, 2, 3, 3, 8, 2, 4, 3, 3, 4, 72, 48, 27, 0]"""
j10,2,reactive,60,False,inf,inf,inf,null,"[0, 1, 2, 3, 3, 8, 2, 4, 3, 3, 4, 72, 48, 27, 0]"
j10,2,stnu,60,True,20,0.6804502010345459,0.006942272186279297,"[0, 0, 0, 0, 3, 6, 14, 6, 14, 3, 16, 0, 0, 0, 20]","""[0, 1, 2, 3, 3, 8, 2, 4, 3, 3, 4, 72, 48, 27, 0]"""
j10,2,proactive_quantile_0.75,60,False,inf,0.04426169395446777,inf,"[0, 0, 0, 0, 9, 12, 18, 12, 18, 9, 20, 0, 0, 0, 71]","""[0, 4, 1, 1, 4, 1, 1, 1, 2, 3, 6, 72, 48, 27, 0]"""
j10,2,reactive,60,False,inf,inf,inf,null,"[0, 4, 1, 1, 4, 1, 1, 1, 2, 3, 6, 72, 48, 27, 0]"
j10,2,stnu,60,False,inf,0.6205804347991943,inf,[],"""[0, 4, 1, 1, 8, 2, 4, 1, 10, 6, 6, 72, 48, 27, 0]"""
j10,2,proactive_quantile_0.75,60,True,27,0.0653831958770752,0.0004115104675292969,"[0, 0, 0, 0, 9, 12, 18, 12, 18, 9, 20, 0, 0, 0, 71]","""[0, 3, 1, 1, 3, 4, 1, 1, 1, 2, 3, 72, 48, 27, 0]"""
j10,2,reactive,60,True,23,0.0653831958770752,0.1708059310913086,"[0, 0, 0, 0, 9, 12, 18, 12, 18, 9, 20, 0, 0, 0, 23]","[0, 3, 1, 1, 3, 4, 1, 1, 1, 2, 3, 72, 48, 27, 0]"
j10,2,stnu,60,False,inf,0.6326839923858643,inf,[],"""[0, 3, 1, 3, 2, 1, 1, 1, 3, 5, 3, 72, 48, 27, 0]"""
j10,2,proactive_quantile_0.75,60,True,27,0.043405771255493164,0.0004265308380126953,"[0, 0, 0, 0, 9, 12, 18, 12, 18, 9, 20, 0, 0, 0, 71]","""[0, 1, 7, 3, 2, 1, 2, 2, 2, 1, 4, 72, 48, 27, 0]"""
j10,2,reactive,60,True,24,0.043405771255493164,0.12942886352539062,"[0, 0, 0, 0, 9, 12, 18, 12, 18, 9, 20, 0, 0, 0, 24]","[0, 1, 7, 3, 2, 1, 2, 2, 2, 1, 4, 72, 48, 27, 0]"
j10,2,stnu,60,False,inf,0.63885498046875,inf,[],"""[0, 1, 7, 5, 11, 1, 4, 2, 6, 6, 4, 72, 48, 27, 0]"""
j10,2,proactive_quantile_0.75,60,False,inf,0.047774314880371094,inf,"[0, 0, 0, 0, 10, 19, 28, 19, 28, 10, 32, 0, 0, 0, 71]","""[0, 8, 8, 7, 12, 12, 3, 6, 3, 5, 1, 72, 48, 27, 0]"""
j10,2,reactive,60,False,inf,inf,inf,null,"[0, 8, 8, 7, 12, 12, 3, 6, 3, 5, 1, 72, 48, 27, 0]"
j10,2,stnu,60,True,20,0.6435747146606445,0.006852626800537109,"[0, 0, 0, 0, 10, 12, 15, 12, 18, 10, 18, 0, 0, 0, 20]","""[0, 8, 10, 4, 2, 3, 1, 6, 2, 2, 1, 72, 48, 27, 0]"""
j10,2,proactive_quantile_0.75,60,False,inf,0.051904916763305664,inf,"[0, 0, 0, 0, 9, 12, 18, 12, 18, 9, 20, 0, 0, 0, 71]","""[0, 4, 11, 2, 4, 2, 3, 7, 3, 1, 1, 72, 48, 27, 0]"""
j10,2,reactive,60,False,inf,inf,inf,null,"[0, 4, 11, 2, 4, 2, 3, 7, 3, 1, 1, 72, 48, 27, 0]"
j10,2,stnu,60,True,23,0.7427759170532227,0.0069959163665771484,"[0, 0, 0, 0, 11, 15, 17, 15, 22, 11, 22, 0, 0, 0, 23]","""[0, 4, 11, 2, 4, 2, 3, 7, 1, 1, 1, 72, 48, 27, 0]"""
j10,2,proactive_quantile_0.75,60,False,inf,0.047135114669799805,inf,"[0, 0, 0, 2, 3, 12, 9, 21, 12, 20, 23, 0, 0, 29]","""[0, 2, 2, 13, 9, 1, 12, 1, 1, 5, 8, 10, 30, 0]"""
j10,2,reactive,60,False,inf,inf,inf,null,"[0, 2, 2, 13, 9, 1, 12, 1, 1, 5, 8, 10, 30, 0]"
j10,2,stnu,60,False,inf,0.6693921089172363,inf,[],"""[0, 1, 2, 13, 2, 4, 4, 1, 1, 4, 8, 10, 30, 0]"""
j10,2,proactive_quantile_0.75,60,False,inf,0.04816770553588867,inf,"[0, 0, 0, 2, 3, 12, 9, 21, 12, 20, 23, 0, 0, 29]","""[0, 2, 2, 8, 7, 4, 10, 2, 5, 6, 3, 10, 30, 0]"""
j10,2,reactive,60,False,inf,inf,inf,null,"[0, 2, 2, 8, 7, 4, 10, 2, 5, 6, 3, 10, 30, 0]"
j10,2,stnu,60,False,inf,0.6499154567718506,inf,[],"""[0, 2, 2, 12, 8, 1, 4, 2, 5, 4, 3, 10, 30, 0]"""
j10,2,proactive_quantile_0.75,60,False,inf,0.04690289497375488,inf,"[0, 0, 0, 2, 3, 12, 9, 21, 12, 20, 23, 0, 0, 29]","""[0, 4, 3, 3, 2, 2, 4, 2, 2, 2, 6, 10, 30, 0]"""
j10,2,reactive,60,False,inf,inf,inf,null,"[0, 4, 3, 3, 2, 2, 4, 2, 2, 2, 6, 10, 30, 0]"
j10,2,stnu,60,False,inf,0.706524133682251,inf,[],"""[0, 4, 3, 5, 5, 9, 2, 2, 2, 4, 6, 10, 30, 0]"""
j10,2,proactive_quantile_0.75,60,False,inf,0.04857349395751953,inf,"[0, 0, 0, 2, 3, 12, 9, 21, 12, 20, 23, 0, 0, 29]","""[0, 1, 3, 9, 3, 11, 8, 2, 1, 9, 2, 10, 30, 0]"""
j10,2,reactive,60,False,inf,inf,inf,null,"[0, 1, 3, 9, 3, 11, 8, 2, 1, 9, 2, 10, 30, 0]"
j10,2,stnu,60,False,inf,0.6260490417480469,inf,[],"""[0, 3, 3, 9, 3, 3, 5, 2, 1, 4, 2, 10, 30, 0]"""
j10,2,proactive_quantile_0.75,60,False,inf,0.04589557647705078,inf,"[0, 0, 0, 2, 3, 12, 9, 21, 12, 20, 23, 0, 0, 29]","""[0, 1, 2, 3, 4, 2, 15, 2, 5, 8, 7, 10, 30, 0]"""
j10,2,reactive,60,False,inf,inf,inf,null,"[0, 1, 2, 3, 4, 2, 15, 2, 5, 8, 7, 10, 30, 0]"
j10,2,stnu,60,False,inf,0.6618998050689697,inf,[],"""[0, 1, 2, 3, 6, 1, 3, 2, 5, 1, 7, 10, 30, 0]"""
j10,2,proactive_quantile_0.75,60,False,inf,0.04779458045959473,inf,"[0, 0, 0, 2, 3, 12, 9, 21, 12, 20, 23, 0, 0, 29]","""[0, 3, 1, 6, 4, 12, 9, 3, 5, 2, 5, 10, 30, 0]"""
j10,2,reactive,60,False,inf,inf,inf,null,"[0, 3, 1, 6, 4, 12, 9, 3, 5, 2, 5, 10, 30, 0]"
j10,2,stnu,60,False,inf,0.7602849006652832,inf,[],"""[0, 2, 1, 5, 4, 3, 6, 3, 5, 3, 5, 10, 30, 0]"""
j10,2,proactive_quantile_0.75,60,False,inf,0.1571047306060791,inf,"[0, 0, 0, 2, 3, 12, 9, 21, 12, 20, 23, 0, 0, 29]","""[0, 4, 1, 8, 2, 4, 9, 2, 1, 8, 8, 10, 30, 0]"""
j10,2,reactive,60,False,inf,inf,inf,null,"[0, 4, 1, 8, 2, 4, 9, 2, 1, 8, 8, 10, 30, 0]"
j10,2,stnu,60,False,inf,0.6253738403320312,inf,[],"""[0, 1, 1, 12, 2, 6, 1, 2, 1, 3, 8, 10, 30, 0]"""
j10,2,proactive_quantile_0.75,60,False,inf,0.051423072814941406,inf,"[0, 0, 0, 2, 3, 12, 9, 21, 12, 20, 23, 0, 0, 29]","""[0, 1, 3, 8, 1, 10, 4, 3, 6, 6, 8, 10, 30, 0]"""
j10,2,reactive,60,False,inf,inf,inf,null,"[0, 1, 3, 8, 1, 10, 4, 3, 6, 6, 8, 10, 30, 0]"
j10,2,stnu,60,False,inf,0.5956974029541016,inf,[],"""[0, 3, 3, 4, 2, 3, 3, 3, 6, 2, 8, 10, 30, 0]"""
j10,2,proactive_quantile_0.75,60,False,inf,0.04489445686340332,inf,"[0, 0, 0, 2, 3, 12, 9, 21, 12, 20, 23, 0, 0, 29]","""[0, 1, 3, 13, 8, 8, 3, 2, 2, 6, 6, 10, 30, 0]"""
j10,2,reactive,60,False,inf,inf,inf,null,"[0, 1, 3, 13, 8, 8, 3, 2, 2, 6, 6, 10, 30, 0]"
j10,2,stnu,60,False,inf,0.6182167530059814,inf,[],"""[0, 3, 3, 10, 6, 9, 6, 2, 2, 4, 6, 10, 30, 0]"""
j10,2,proactive_quantile_0.75,60,True,29,0.048201799392700195,0.00028228759765625,"[0, 0, 0, 2, 3, 12, 9, 21, 12, 20, 23, 0, 0, 29]","""[0, 2, 3, 4, 5, 5, 7, 2, 6, 6, 5, 10, 30, 0]"""
j10,2,reactive,60,True,28,0.048201799392700195,0.16340065002441406,"[0, 0, 0, 2, 3, 12, 9, 21, 12, 20, 23, 0, 0, 28]","[0, 2, 3, 4, 5, 5, 7, 2, 6, 6, 5, 10, 30, 0]"
j10,2,stnu,60,False,inf,0.6533260345458984,inf,[],"""[0, 3, 3, 10, 8, 7, 2, 2, 6, 4, 5, 10, 30, 0]"""
j10,2,proactive_quantile_0.75,60,False,inf,0.0765542984008789,inf,"[0, 0, 0, 0, 6, 16, 16, 16, 23, 23, 23, 0, 0, 0, 0, 65]","""[0, 3, 3, 2, 9, 4, 10, 1, 1, 7, 3, 31, 39, 66, 37, 0]"""
j10,2,reactive,60,False,inf,inf,inf,null,"[0, 3, 3, 2, 9, 4, 10, 1, 1, 7, 3, 31, 39, 66, 37, 0]"
j10,2,stnu,60,False,inf,0.6274495124816895,inf,[],"""[0, 3, 3, 2, 9, 4, 5, 15, 1, 7, 3, 31, 39, 66, 37, 0]"""
j10,2,proactive_quantile_0.75,60,False,inf,0.05903172492980957,inf,"[0, 0, 0, 0, 6, 16, 16, 16, 23, 23, 23, 0, 0, 0, 0, 65]","""[0, 1, 4, 3, 7, 9, 9, 5, 3, 8, 10, 31, 39, 66, 37, 0]"""
j10,2,reactive,60,False,inf,inf,inf,null,"[0, 1, 4, 3, 7, 9, 9, 5, 3, 8, 10, 31, 39, 66, 37, 0]"
j10,2,stnu,60,False,inf,0.7762014865875244,inf,[],"""[0, 1, 4, 3, 7, 9, 15, 14, 3, 8, 10, 31, 39, 66, 37, 0]"""
j10,2,proactive_quantile_0.75,60,False,inf,0.05037951469421387,inf,"[0, 0, 0, 0, 6, 16, 16, 16, 23, 23, 23, 0, 0, 0, 0, 65]","""[0, 3, 2, 5, 11, 6, 10, 6, 3, 5, 7, 31, 39, 66, 37, 0]"""
j10,2,reactive,60,False,inf,inf,inf,null,"[0, 3, 2, 5, 11, 6, 10, 6, 3, 5, 7, 31, 39, 66, 37, 0]"
j10,2,stnu,60,False,inf,0.7112083435058594,inf,[],"""[0, 3, 1, 1, 1, 6, 10, 6, 8, 8, 9, 31, 39, 66, 37, 0]"""
j10,2,proactive_quantile_0.75,60,False,inf,0.03861856460571289,inf,"[0, 0, 0, 0, 6, 16, 16, 16, 23, 23, 23, 0, 0, 0, 0, 65]","""[0, 3, 4, 7, 7, 3, 9, 3, 3, 3, 4, 31, 39, 66, 37, 0]"""
j10,2,reactive,60,False,inf,inf,inf,null,"[0, 3, 4, 7, 7, 3, 9, 3, 3, 3, 4, 31, 39, 66, 37, 0]"
j10,2,stnu,60,False,inf,0.6752457618713379,inf,[],"""[0, 3, 4, 7, 7, 3, 7, 11, 3, 3, 4, 31, 39, 66, 37, 0]"""
j10,2,proactive_quantile_0.75,60,False,inf,0.07002902030944824,inf,"[0, 0, 0, 0, 6, 16, 16, 16, 23, 23, 23, 0, 0, 0, 0, 65]","""[0, 2, 3, 2, 5, 4, 8, 3, 2, 1, 3, 31, 39, 66, 37, 0]"""
j10,2,reactive,60,False,inf,inf,inf,null,"[0, 2, 3, 2, 5, 4, 8, 3, 2, 1, 3, 31, 39, 66, 37, 0]"
j10,2,stnu,60,False,inf,0.6058173179626465,inf,[],"""[0, 2, 3, 2, 5, 4, 14, 14, 2, 1, 3, 31, 39, 66, 37, 0]"""
j10,2,proactive_quantile_0.75,60,False,inf,0.04468512535095215,inf,"[0, 0, 0, 0, 2, 11, 11, 11, 17, 17, 17, 0, 0, 0, 0, 65]","""[0, 2, 1, 2, 7, 3, 7, 1, 3, 4, 5, 31, 39, 66, 37, 0]"""
j10,2,reactive,60,False,inf,inf,inf,null,"[0, 2, 1, 2, 7, 3, 7, 1, 3, 4, 5, 31, 39, 66, 37, 0]"
j10,2,stnu,60,False,inf,0.6422953605651855,inf,[],"""[0, 2, 1, 2, 5, 7, 7, 15, 3, 9, 5, 31, 39, 66, 37, 0]"""
j10,2,proactive_quantile_0.75,60,False,inf,0.049230098724365234,inf,"[0, 0, 0, 0, 6, 16, 16, 16, 23, 23, 23, 0, 0, 0, 0, 65]","""[0, 2, 1, 1, 5, 2, 5, 9, 1, 3, 3, 31, 39, 66, 37, 0]"""
j10,2,reactive,60,False,inf,inf,inf,null,"[0, 2, 1, 1, 5, 2, 5, 9, 1, 3, 3, 31, 39, 66, 37, 0]"
j10,2,stnu,60,False,inf,0.7081124782562256,inf,[],"""[0, 1, 3, 3, 11, 2, 5, 9, 6, 7, 15, 31, 39, 66, 37, 0]"""
j10,2,proactive_quantile_0.75,60,False,inf,0.08196043968200684,inf,"[0, 0, 0, 0, 6, 16, 16, 16, 23, 23, 23, 0, 0, 0, 0, 65]","""[0, 3, 1, 1, 12, 4, 1, 8, 3, 2, 1, 31, 39, 66, 37, 0]"""
j10,2,reactive,60,False,inf,inf,inf,null,"[0, 3, 1, 1, 12, 4, 1, 8, 3, 2, 1, 31, 39, 66, 37, 0]"
j10,2,stnu,60,False,inf,0.6660869121551514,inf,[],"""[0, 1, 1, 2, 3, 4, 1, 8, 3, 7, 5, 31, 39, 66, 37, 0]"""
j10,2,proactive_quantile_0.75,60,False,inf,0.051429033279418945,inf,"[0, 0, 0, 0, 6, 16, 16, 16, 23, 23, 23, 0, 0, 0, 0, 65]","""[0, 2, 5, 8, 13, 5, 8, 2, 2, 7, 9, 31, 39, 66, 37, 0]"""
j10,2,reactive,60,False,inf,inf,inf,null,"[0, 2, 5, 8, 13, 5, 8, 2, 2, 7, 9, 31, 39, 66, 37, 0]"
j10,2,stnu,60,False,inf,0.7459449768066406,inf,[],"""[0, 2, 1, 2, 4, 5, 8, 2, 8, 8, 5, 31, 39, 66, 37, 0]"""
j10,2,proactive_quantile_0.75,60,False,inf,0.13046789169311523,inf,"[0, 0, 0, 0, 2, 11, 11, 11, 17, 17, 17, 0, 0, 0, 0, 65]","""[0, 2, 1, 2, 8, 9, 1, 5, 1, 9, 13, 31, 39, 66, 37, 0]"""
j10,2,reactive,60,False,inf,inf,inf,null,"[0, 2, 1, 2, 8, 9, 1, 5, 1, 9, 13, 31, 39, 66, 37, 0]"
j10,2,stnu,60,False,inf,0.5959479808807373,inf,[],"""[0, 2, 3, 1, 9, 9, 11, 15, 1, 9, 4, 31, 39, 66, 37, 0]"""
j20,2,proactive_quantile_0.75,60,True,62,0.17197036743164062,0.0007481575012207031,"[0, 0, 0, 0, 10, 21, 10, 21, 27, 10, 21, 24, 32, 39, 30, 40, 46, 46, 49, 58, 46, 0, 0, 116]","""[0, 2, 3, 13, 14, 3, 7, 4, 9, 5, 1, 3, 8, 5, 5, 1, 11, 10, 4, 5, 2, 117, 51, 0]"""
j20,2,reactive,60,False,inf,inf,inf,null,"[0, 2, 3, 13, 14, 3, 7, 4, 9, 5, 1, 3, 8, 5, 5, 1, 11, 10, 4, 5, 2, 117, 51, 0]"
j20,2,stnu,60,True,56,0.8723483085632324,0.02264237403869629,"[0, 0, 0, 0, 16, 24, 13, 24, 27, 13, 24, 27, 31, 35, 31, 39, 40, 40, 40, 51, 40, 0, 0, 56]","""[0, 2, 4, 13, 8, 7, 3, 3, 8, 5, 1, 3, 8, 5, 5, 1, 11, 1, 4, 5, 3, 117, 51, 0]"""
j20,2,proactive_quantile_0.75,60,False,inf,0.1031639575958252,inf,"[0, 0, 0, 0, 12, 21, 10, 32, 36, 10, 21, 32, 38, 45, 38, 48, 54, 54, 55, 66, 55, 0, 0, 116]","""[0, 3, 4, 7, 5, 3, 3, 3, 7, 14, 15, 4, 6, 10, 8, 3, 4, 1, 2, 2, 8, 117, 51, 0]"""
j20,2,reactive,60,False,inf,inf,inf,null,"[0, 3, 4, 7, 5, 3, 3, 3, 7, 14, 15, 4, 6, 10, 8, 3, 4, 1, 2, 2, 8, 117, 51, 0]"
j20,2,stnu,60,True,48,0.7548480033874512,0.022359371185302734,"[0, 0, 0, 0, 10, 21, 7, 15, 24, 7, 21, 24, 29, 31, 29, 37, 40, 41, 41, 44, 40, 0, 0, 48]","""[0, 3, 7, 7, 5, 8, 3, 3, 7, 14, 3, 4, 6, 10, 8, 3, 4, 1, 2, 2, 8, 117, 51, 0]"""
j20,2,proactive_quantile_0.75,60,False,inf,0.08488631248474121,inf,"[0, 0, 0, 0, 12, 21, 10, 32, 36, 10, 21, 32, 38, 45, 38, 48, 54, 54, 55, 66, 55, 0, 0, 116]","""[0, 3, 2, 8, 7, 2, 2, 6, 8, 4, 14, 5, 2, 6, 12, 2, 11, 3, 7, 2, 8, 117, 51, 0]"""
j20,2,reactive,60,False,inf,inf,inf,null,"[0, 3, 2, 8, 7, 2, 2, 6, 8, 4, 14, 5, 2, 6, 12, 2, 11, 3, 7, 2, 8, 117, 51, 0]"
j20,2,stnu,60,True,55,0.8030784130096436,0.022481203079223633,"[0, 0, 0, 0, 10, 17, 8, 17, 23, 8, 17, 23, 28, 31, 28, 40, 42, 42, 40, 53, 42, 0, 0, 55]","""[0, 3, 7, 8, 7, 5, 2, 6, 8, 4, 1, 5, 2, 6, 12, 2, 11, 3, 7, 2, 8, 117, 51, 0]"""
j20,2,proactive_quantile_0.75,60,False,inf,0.07534909248352051,inf,"[0, 0, 0, 0, 12, 21, 10, 32, 36, 10, 21, 32, 38, 45, 38, 48, 54, 54, 55, 66, 55, 0, 0, 116]","""[0, 4, 1, 8, 10, 3, 3, 1, 12, 15, 8, 7, 4, 9, 9, 7, 10, 2, 8, 6, 1, 117, 51, 0]"""
j20,2,reactive,60,False,inf,inf,inf,null,"[0, 4, 1, 8, 10, 3, 3, 1, 12, 15, 8, 7, 4, 9, 9, 7, 10, 2, 8, 6, 1, 117, 51, 0]"
j20,2,stnu,60,True,65,0.7925212383270264,0.022472143173217773,"[0, 0, 0, 0, 11, 23, 8, 21, 26, 8, 23, 26, 33, 38, 33, 42, 49, 49, 47, 59, 49, 0, 0, 65]","""[0, 4, 8, 8, 10, 6, 3, 1, 12, 15, 3, 7, 4, 9, 9, 7, 10, 2, 8, 6, 1, 117, 51, 0]"""
j20,2,proactive_quantile_0.75,60,True,62,0.1704082489013672,0.0006463527679443359,"[0, 0, 0, 0, 10, 21, 10, 21, 27, 10, 21, 24, 32, 39, 30, 40, 46, 46, 49, 58, 46, 0, 0, 116]","""[0, 7, 1, 7, 4, 3, 4, 7, 3, 15, 1, 2, 7, 8, 3, 1, 3, 8, 4, 6, 2, 117, 51, 0]"""
j20,2,reactive,60,False,inf,inf,inf,null,"[0, 7, 1, 7, 4, 3, 4, 7, 3, 15, 1, 2, 7, 8, 3, 1, 3, 8, 4, 6, 2, 117, 51, 0]"
j20,2,stnu,60,True,55,0.7774877548217773,0.022366046905517578,"[0, 0, 0, 0, 8, 22, 7, 17, 23, 7, 22, 23, 25, 33, 25, 32, 33, 41, 41, 49, 33, 0, 0, 55]","""[0, 7, 1, 7, 9, 3, 1, 1, 10, 15, 1, 2, 7, 8, 3, 1, 3, 2, 8, 6, 4, 117, 51, 0]"""
j20,2,proactive_quantile_0.75,60,False,inf,0.10183453559875488,inf,"[0, 0, 0, 0, 12, 21, 10, 32, 36, 10, 21, 32, 38, 45, 38, 48, 54, 54, 55, 66, 55, 0, 0, 116]","""[0, 10, 2, 8, 6, 1, 2, 5, 1, 8, 11, 8, 4, 9, 13, 8, 12, 3, 2, 3, 4, 117, 51, 0]"""
j20,2,reactive,60,False,inf,inf,inf,null,"[0, 10, 2, 8, 6, 1, 2, 5, 1, 8, 11, 8, 4, 9, 13, 8, 12, 3, 2, 3, 4, 117, 51, 0]"
j20,2,stnu,60,True,67,0.7969226837158203,0.022468090057373047,"[0, 0, 0, 0, 12, 18, 10, 18, 23, 10, 18, 23, 31, 24, 31, 44, 52, 52, 44, 64, 52, 0, 0, 67]","""[0, 10, 3, 8, 6, 3, 2, 5, 1, 8, 4, 8, 4, 9, 13, 8, 12, 3, 2, 3, 4, 117, 51, 0]"""
j20,2,proactive_quantile_0.75,60,False,inf,0.1166696548461914,inf,"[0, 0, 0, 0, 12, 21, 10, 32, 36, 10, 21, 32, 38, 45, 38, 48, 54, 54, 55, 66, 55, 0, 0, 116]","""[0, 7, 1, 11, 8, 2, 2, 2, 11, 7, 14, 5, 4, 12, 5, 8, 5, 4, 4, 4, 2, 117, 51, 0]"""
j20,2,reactive,60,False,inf,inf,inf,null,"[0, 7, 1, 11, 8, 2, 2, 2, 11, 7, 14, 5, 4, 12, 5, 8, 5, 4, 4, 4, 2, 117, 51, 0]"
j20,2,stnu,60,True,55,0.7842645645141602,0.022301912307739258,"[0, 0, 0, 0, 13, 21, 11, 21, 24, 11, 21, 24, 29, 35, 29, 34, 42, 47, 47, 51, 42, 0, 0, 55]","""[0, 7, 5, 11, 8, 1, 2, 2, 11, 7, 3, 5, 4, 12, 5, 8, 5, 4, 4, 4, 2, 117, 51, 0]"""
j20,2,proactive_quantile_0.75,60,False,inf,0.24645423889160156,inf,"[0, 0, 0, 0, 12, 21, 10, 32, 36, 10, 21, 32, 38, 45, 38, 48, 54, 54, 55, 66, 55, 0, 0, 116]","""[0, 3, 4, 10, 5, 1, 3, 1, 6, 5, 11, 4, 1, 8, 10, 7, 10, 4, 6, 1, 4, 117, 51, 0]"""
j20,2,reactive,60,False,inf,inf,inf,null,"[0, 3, 4, 10, 5, 1, 3, 1, 6, 5, 11, 4, 1, 8, 10, 7, 10, 4, 6, 1, 4, 117, 51, 0]"
j20,2,stnu,60,True,52,0.7674334049224854,0.02212977409362793,"[0, 0, 0, 0, 13, 18, 10, 18, 20, 10, 18, 20, 24, 26, 24, 34, 41, 41, 34, 51, 41, 0, 0, 52]","""[0, 3, 6, 10, 5, 2, 3, 1, 6, 5, 2, 4, 1, 8, 10, 7, 10, 4, 6, 1, 4, 117, 51, 0]"""
j20,2,proactive_quantile_0.75,60,True,62,0.17326068878173828,0.0006527900695800781,"[0, 0, 0, 0, 10, 21, 10, 21, 27, 10, 21, 24, 32, 39, 30, 40, 46, 46, 49, 58, 46, 0, 0, 116]","""[0, 2, 2, 5, 7, 2, 6, 6, 6, 7, 4, 8, 8, 7, 8, 3, 9, 9, 1, 6, 2, 117, 51, 0]"""
j20,2,reactive,60,False,inf,inf,inf,null,"[0, 2, 2, 5, 7, 2, 6, 6, 6, 7, 4, 8, 8, 7, 8, 3, 9, 9, 1, 6, 2, 117, 51, 0]"
j20,2,stnu,60,True,56,0.9043893814086914,0.022573232650756836,"[0, 0, 0, 0, 7, 18, 5, 18, 22, 5, 18, 22, 30, 32, 30, 38, 41, 41, 39, 50, 41, 0, 0, 56]","""[0, 2, 4, 5, 11, 2, 2, 4, 10, 7, 4, 8, 8, 7, 8, 3, 9, 2, 5, 6, 2, 117, 51, 0]"""
j20,2,proactive_quantile_0.75,60,False,inf,0.08957481384277344,inf,"[0, 0, 0, 0, 12, 21, 10, 32, 36, 10, 21, 32, 38, 45, 38, 48, 54, 54, 55, 66, 55, 0, 0, 116]","""[0, 9, 1, 8, 6, 2, 1, 3, 4, 15, 15, 6, 2, 9, 9, 7, 9, 3, 7, 1, 2, 117, 51, 0]"""
j20,2,reactive,60,False,inf,inf,inf,null,"[0, 9, 1, 8, 6, 2, 1, 3, 4, 15, 15, 6, 2, 9, 9, 7, 9, 3, 7, 1, 2, 117, 51, 0]"
j20,2,stnu,60,True,75,1.0223479270935059,0.022561073303222656,"[0, 0, 0, 0, 9, 25, 9, 25, 27, 9, 25, 27, 40, 31, 40, 49, 54, 54, 49, 63, 54, 0, 0, 75]","""[0, 9, 1, 8, 9, 6, 5, 2, 4, 16, 1, 13, 7, 8, 9, 5, 9, 6, 2, 12, 2, 117, 51, 0]"""
j20,2,proactive_quantile_0.75,60,False,inf,0.09169816970825195,inf,"[0, 0, 0, 0, 2, 4, 2, 4, 8, 10, 11, 8, 14, 15, 5, 14, 17, 8, 21, 21, 14, 0, 0, 0, 0, 0, 0, 0, 157]","""[0, 1, 3, 4, 2, 6, 1, 5, 1, 3, 4, 7, 1, 3, 1, 4, 2, 4, 1, 1, 4, 5, 33, 158, 128, 84, 96, 156, 0]"""
j20,2,reactive,60,False,inf,inf,inf,null,"[0, 1, 3, 4, 2, 6, 1, 5, 1, 3, 4, 7, 1, 3, 1, 4, 2, 4, 1, 1, 4, 5, 33, 158, 128, 84, 96, 156, 0]"
j20,2,stnu,60,False,inf,0.6807692050933838,inf,[],"""[0, 1, 3, 1, 7, 6, 7, 8, 7, 5, 9, 3, 4, 5, 1, 4, 2, 7, 1, 1, 3, 5, 33, 158, 128, 84, 96, 156, 0]"""
j20,2,proactive_quantile_0.75,60,True,33,0.16077494621276855,0.0014553070068359375,"[0, 0, 0, 0, 2, 4, 2, 4, 8, 8, 11, 8, 14, 15, 5, 14, 19, 8, 23, 27, 14, 0, 0, 0, 0, 0, 0, 0, 157]","""[0, 5, 3, 6, 2, 3, 3, 6, 2, 5, 5, 4, 4, 4, 1, 8, 1, 1, 8, 6, 2, 5, 33, 158, 128, 84, 96, 156, 0]"""
j20,2,reactive,60,False,inf,inf,inf,null,"[0, 5, 3, 6, 2, 3, 3, 6, 2, 5, 5, 4, 4, 4, 1, 8, 1, 1, 8, 6, 2, 5, 33, 158, 128, 84, 96, 156, 0]"
j20,2,stnu,60,False,inf,0.6880061626434326,inf,[],"""[0, 5, 3, 6, 2, 3, 3, 6, 1, 5, 5, 4, 1, 2, 1, 7, 1, 1, 2, 1, 1, 5, 33, 158, 128, 84, 96, 156, 0]"""
j20,2,proactive_quantile_0.75,60,False,inf,0.13806486129760742,inf,"[0, 0, 0, 0, 2, 4, 2, 4, 8, 8, 11, 8, 14, 15, 5, 14, 19, 8, 23, 27, 14, 0, 0, 0, 0, 0, 0, 0, 157]","""[0, 5, 1, 5, 4, 5, 3, 5, 6, 5, 4, 4, 4, 4, 3, 9, 1, 4, 2, 3, 12, 5, 33, 158, 128, 84, 96, 156, 0]"""
j20,2,reactive,60,False,inf,inf,inf,null,"[0, 5, 1, 5, 4, 5, 3, 5, 6, 5, 4, 4, 4, 4, 3, 9, 1, 4, 2, 3, 12, 5, 33, 158, 128, 84, 96, 156, 0]"
j20,2,stnu,60,False,inf,0.7693755626678467,inf,[],"""[0, 5, 1, 5, 4, 5, 2, 5, 3, 5, 4, 4, 1, 3, 3, 8, 1, 4, 1, 1, 4, 5, 33, 158, 128, 84, 96, 156, 0]"""
j20,2,proactive_quantile_0.75,60,False,inf,0.0905296802520752,inf,"[0, 0, 0, 0, 2, 4, 2, 4, 8, 10, 11, 8, 14, 15, 5, 14, 17, 8, 21, 21, 14, 0, 0, 0, 0, 0, 0, 0, 157]","""[0, 1, 3, 6, 9, 4, 4, 5, 1, 2, 6, 9, 1, 2, 1, 7, 2, 4, 3, 2, 4, 5, 33, 158, 128, 84, 96, 156, 0]"""
j20,2,reactive,60,False,inf,inf,inf,null,"[0, 1, 3, 6, 9, 4, 4, 5, 1, 2, 6, 9, 1, 2, 1, 7, 2, 4, 3, 2, 4, 5, 33, 158, 128, 84, 96, 156, 0]"
j20,2,stnu,60,False,inf,0.6679742336273193,inf,[],"""[0, 1, 3, 6, 6, 4, 4, 5, 1, 2, 6, 9, 1, 2, 1, 7, 2, 4, 3, 2, 4, 5, 33, 158, 128, 84, 96, 156, 0]"""
j20,2,proactive_quantile_0.75,60,False,inf,0.08657479286193848,inf,"[0, 0, 0, 0, 6, 4, 6, 4, 10, 12, 13, 10, 23, 29, 18, 29, 33, 30, 44, 44, 19, 0, 0, 0, 0, 0, 0, 0, 157]","""[0, 1, 2, 9, 8, 3, 3, 6, 4, 3, 7, 8, 10, 5, 9, 5, 14, 7, 3, 9, 5, 5, 33, 158, 128, 84, 96, 156, 0]"""
j20,2,reactive,60,False,inf,inf,inf,null,"[0, 1, 2, 9, 8, 3, 3, 6, 4, 3, 7, 8, 10, 5, 9, 5, 14, 7, 3, 9, 5, 5, 33, 158, 128, 84, 96, 156, 0]"
j20,2,stnu,60,False,inf,0.8269762992858887,inf,[],"""[0, 1, 2, 6, 8, 5, 4, 2, 3, 6, 2, 6, 1, 2, 4, 5, 2, 4, 3, 3, 3, 5, 33, 158, 128, 84, 96, 156, 0]"""
j20,2,proactive_quantile_0.75,60,True,33,0.14864587783813477,0.0014584064483642578,"[0, 0, 0, 0, 2, 4, 2, 4, 8, 8, 11, 8, 14, 15, 5, 14, 19, 8, 23, 27, 14, 0, 0, 0, 0, 0, 0, 0, 157]","""[0, 4, 2, 5, 3, 1, 2, 2, 1, 1, 6, 6, 5, 4, 1, 9, 3, 3, 1, 9, 12, 5, 33, 158, 128, 84, 96, 156, 0]"""
j20,2,reactive,60,False,inf,inf,inf,null,"[0, 4, 2, 5, 3, 1, 2, 2, 1, 1, 6, 6, 5, 4, 1, 9, 3, 3, 1, 9, 12, 5, 33, 158, 128, 84, 96, 156, 0]"
j20,2,stnu,60,False,inf,0.7906973361968994,inf,[],"""[0, 4, 2, 5, 3, 1, 1, 2, 2, 1, 6, 6, 2, 2, 1, 9, 3, 3, 1, 3, 4, 5, 33, 158, 128, 84, 96, 156, 0]"""
j20,2,proactive_quantile_0.75,60,True,23,0.10372805595397949,0.0014455318450927734,"[0, 0, 0, 0, 2, 4, 2, 4, 8, 10, 11, 8, 14, 15, 5, 14, 17, 8, 21, 21, 14, 0, 0, 0, 0, 0, 0, 0, 157]","""[0, 5, 3, 6, 1, 2, 4, 6, 2, 4, 6, 3, 1, 3, 1, 3, 2, 4, 1, 3, 1, 5, 33, 158, 128, 84, 96, 156, 0]"""
j20,2,reactive,60,False,inf,inf,inf,null,"[0, 5, 3, 6, 1, 2, 4, 6, 2, 4, 6, 3, 1, 3, 1, 3, 2, 4, 1, 3, 1, 5, 33, 158, 128, 84, 96, 156, 0]"
j20,2,stnu,60,False,inf,0.6957483291625977,inf,[],"""[0, 5, 3, 6, 2, 2, 4, 6, 2, 4, 6, 3, 1, 3, 1, 3, 2, 4, 1, 3, 1, 5, 33, 158, 128, 84, 96, 156, 0]"""
j20,2,proactive_quantile_0.75,60,True,33,0.14120936393737793,0.001491546630859375,"[0, 0, 0, 0, 2, 4, 2, 4, 8, 8, 11, 8, 14, 15, 5, 14, 19, 8, 23, 27, 14, 0, 0, 0, 0, 0, 0, 0, 157]","""[0, 5, 3, 4, 4, 3, 3, 1, 4, 4, 6, 3, 7, 1, 2, 3, 6, 3, 6, 7, 12, 5, 33, 158, 128, 84, 96, 156, 0]"""
j20,2,reactive,60,False,inf,inf,inf,null,"[0, 5, 3, 4, 4, 3, 3, 1, 4, 4, 6, 3, 7, 1, 2, 3, 6, 3, 6, 7, 12, 5, 33, 158, 128, 84, 96, 156, 0]"
j20,2,stnu,60,False,inf,0.7415103912353516,inf,[],"""[0, 5, 3, 4, 4, 3, 1, 1, 1, 4, 6, 3, 4, 1, 2, 7, 6, 3, 3, 1, 4, 5, 33, 158, 128, 84, 96, 156, 0]"""
j20,2,proactive_quantile_0.75,60,False,inf,0.09478020668029785,inf,"[0, 0, 0, 0, 2, 4, 2, 4, 8, 10, 11, 8, 14, 15, 5, 14, 17, 8, 21, 21, 14, 0, 0, 0, 0, 0, 0, 0, 157]","""[0, 1, 2, 2, 4, 8, 4, 5, 3, 4, 4, 2, 3, 1, 4, 3, 4, 3, 2, 1, 1, 5, 33, 158, 128, 84, 96, 156, 0]"""
j20,2,reactive,60,False,inf,inf,inf,null,"[0, 1, 2, 2, 4, 8, 4, 5, 3, 4, 4, 2, 3, 1, 4, 3, 4, 3, 2, 1, 1, 5, 33, 158, 128, 84, 96, 156, 0]"
j20,2,stnu,60,False,inf,0.7577934265136719,inf,[],"""[0, 1, 2, 2, 8, 8, 4, 5, 3, 4, 4, 2, 3, 1, 4, 3, 4, 3, 2, 1, 1, 5, 33, 158, 128, 84, 96, 156, 0]"""
j20,2,proactive_quantile_0.75,60,False,inf,0.08167886734008789,inf,"[0, 0, 0, 0, 2, 4, 2, 4, 8, 10, 11, 8, 14, 15, 5, 14, 17, 8, 21, 21, 14, 0, 0, 0, 0, 0, 0, 0, 157]","""[0, 2, 3, 6, 2, 1, 3, 1, 3, 1, 3, 8, 2, 3, 1, 4, 3, 4, 3, 1, 2, 5, 33, 158, 128, 84, 96, 156, 0]"""
j20,2,reactive,60,False,inf,inf,inf,null,"[0, 2, 3, 6, 2, 1, 3, 1, 3, 1, 3, 8, 2, 3, 1, 4, 3, 4, 3, 1, 2, 5, 33, 158, 128, 84, 96, 156, 0]"
j20,2,stnu,60,False,inf,0.6749789714813232,inf,[],"""[0, 2, 3, 6, 6, 1, 3, 1, 3, 1, 3, 8, 2, 3, 1, 4, 3, 4, 3, 1, 2, 5, 33, 158, 128, 84, 96, 156, 0]"""
j20,2,proactive_quantile_0.75,60,True,33,0.15394377708435059,0.0020639896392822266,"[0, 0, 0, 0, 2, 6, 4, 7, 11, 2, 7, 13, 13, 20, 19, 23, 19, 6, 25, 29, 23, 0, 0, 0, 0, 0, 0, 0, 0, 0, 0, 0, 0, 149]","""[0, 1, 4, 5, 3, 3, 4, 3, 2, 7, 4, 5, 2, 3, 5, 3, 9, 9, 2, 1, 6, 15, 143, 33, 150, 111, 67, 64, 98, 85, 44, 48, 106, 0]"""
j20,2,reactive,60,False,inf,inf,inf,null,"[0, 1, 4, 5, 3, 3, 4, 3, 2, 7, 4, 5, 2, 3, 5, 3, 9, 9, 2, 1, 6, 15, 143, 33, 150, 111, 67, 64, 98, 85, 44, 48, 106, 0]"
j20,2,stnu,60,True,26,0.9105868339538574,0.04105067253112793,"[0, 0, 0, 0, 1, 8, 4, 8, 11, 1, 8, 13, 12, 15, 15, 20, 15, 4, 23, 25, 20, 0, 0, 0, 0, 0, 0, 0, 0, 0, 0, 0, 0, 26]","""[0, 1, 4, 5, 3, 3, 4, 3, 2, 9, 4, 1, 3, 3, 5, 3, 7, 9, 2, 1, 1, 15, 143, 33, 150, 111, 67, 64, 98, 85, 44, 48, 106, 0]"""
j20,2,proactive_quantile_0.75,60,True,33,0.0884714126586914,0.0019953250885009766,"[0, 0, 0, 0, 2, 6, 4, 7, 11, 2, 7, 13, 13, 20, 19, 23, 19, 6, 25, 29, 23, 0, 0, 0, 0, 0, 0, 0, 0, 0, 0, 0, 0, 149]","""[0, 1, 1, 3, 2, 4, 3, 6, 11, 9, 1, 7, 3, 7, 4, 1, 7, 6, 1, 5, 1, 15, 143, 33, 150, 111, 67, 64, 98, 85, 44, 48, 106, 0]"""
j20,2,reactive,60,False,inf,inf,inf,null,"[0, 1, 1, 3, 2, 4, 3, 6, 11, 9, 1, 7, 3, 7, 4, 1, 7, 6, 1, 5, 1, 15, 143, 33, 150, 111, 67, 64, 98, 85, 44, 48, 106, 0]"
j20,2,stnu,60,True,33,0.8088159561157227,0.04123997688293457,"[0, 0, 0, 0, 1, 4, 1, 4, 10, 1, 4, 9, 10, 21, 16, 20, 16, 3, 21, 28, 20, 0, 0, 0, 0, 0, 0, 0, 0, 0, 0, 0, 0, 33]","""[0, 1, 1, 3, 2, 4, 3, 6, 11, 9, 1, 7, 1, 7, 4, 1, 10, 6, 1, 5, 6, 15, 143, 33, 150, 111, 67, 64, 98, 85, 44, 48, 106, 0]"""
j20,2,proactive_quantile_0.75,60,True,33,0.07859253883361816,0.001996755599975586,"[0, 0, 0, 0, 2, 6, 4, 7, 11, 2, 7, 13, 13, 20, 19, 23, 19, 6, 25, 29, 23, 0, 0, 0, 0, 0, 0, 0, 0, 0, 0, 0, 0, 149]","""[0, 2, 6, 1, 5, 2, 1, 1, 5, 4, 5, 3, 3, 11, 6, 3, 1, 5, 2, 3, 1, 15, 143, 33, 150, 111, 67, 64, 98, 85, 44, 48, 106, 0]"""
j20,2,reactive,60,False,inf,inf,inf,null,"[0, 2, 6, 1, 5, 2, 1, 1, 5, 4, 5, 3, 3, 11, 6, 3, 1, 5, 2, 3, 1, 15, 143, 33, 150, 111, 67, 64, 98, 85, 44, 48, 106, 0]"
j20,2,stnu,60,True,32,0.9371297359466553,0.04111003875732422,"[0, 0, 0, 0, 2, 7, 6, 7, 10, 2, 7, 12, 12, 18, 18, 24, 18, 7, 27, 29, 24, 0, 0, 0, 0, 0, 0, 0, 0, 0, 0, 0, 0, 32]","""[0, 2, 6, 1, 5, 2, 1, 1, 5, 8, 5, 6, 2, 11, 6, 3, 1, 5, 2, 3, 4, 15, 143, 33, 150, 111, 67, 64, 98, 85, 44, 48, 106, 0]"""
j20,2,proactive_quantile_0.75,60,True,33,0.06431078910827637,0.001965761184692383,"[0, 0, 0, 0, 2, 6, 4, 7, 11, 2, 7, 13, 13, 20, 19, 23, 19, 6, 25, 29, 23, 0, 0, 0, 0, 0, 0, 0, 0, 0, 0, 0, 0, 149]","""[0, 1, 4, 4, 3, 3, 3, 1, 11, 7, 1, 3, 3, 4, 6, 3, 1, 6, 1, 4, 1, 15, 143, 33, 150, 111, 67, 64, 98, 85, 44, 48, 106, 0]"""
j20,2,reactive,60,False,inf,inf,inf,null,"[0, 1, 4, 4, 3, 3, 3, 1, 11, 7, 1, 3, 3, 4, 6, 3, 1, 6, 1, 4, 1, 15, 143, 33, 150, 111, 67, 64, 98, 85, 44, 48, 106, 0]"
j20,2,stnu,60,True,29,1.0555448532104492,0.04097104072570801,"[0, 0, 0, 0, 1, 7, 4, 7, 10, 1, 7, 10, 10, 21, 13, 19, 13, 4, 22, 25, 19, 0, 0, 0, 0, 0, 0, 0, 0, 0, 0, 0, 0, 29]","""[0, 1, 4, 4, 3, 3, 3, 1, 11, 9, 1, 3, 1, 4, 6, 3, 6, 6, 1, 4, 3, 15, 143, 33, 150, 111, 67, 64, 98, 85, 44, 48, 106, 0]"""
j20,2,proactive_quantile_0.75,60,True,33,0.15497183799743652,0.001977205276489258,"[0, 0, 0, 0, 2, 6, 4, 7, 11, 2, 7, 13, 13, 20, 19, 23, 19, 6, 25, 29, 23, 0, 0, 0, 0, 0, 0, 0, 0, 0, 0, 0, 0, 149]","""[0, 1, 6, 3, 4, 3, 4, 2, 4, 6, 3, 3, 1, 3, 4, 3, 8, 2, 3, 5, 2, 15, 143, 33, 150, 111, 67, 64, 98, 85, 44, 48, 106, 0]"""
j20,2,reactive,60,False,inf,inf,inf,null,"[0, 1, 6, 3, 4, 3, 4, 2, 4, 6, 3, 3, 1, 3, 4, 3, 8, 2, 3, 5, 2, 15, 143, 33, 150, 111, 67, 64, 98, 85, 44, 48, 106, 0]"
j20,2,stnu,60,False,inf,0.8331773281097412,inf,[],"""[0, 4, 6, 11, 4, 4, 4, 4, 4, 13, 7, 3, 8, 3, 3, 6, 12, 3, 10, 2, 7, 15, 143, 33, 150, 111, 67, 64, 98, 85, 44, 48, 106, 0]"""
j20,2,proactive_quantile_0.75,60,True,33,0.0967714786529541,0.002061605453491211,"[0, 0, 0, 0, 2, 6, 4, 7, 11, 2, 7, 13, 13, 20, 19, 23, 19, 6, 25, 29, 23, 0, 0, 0, 0, 0, 0, 0, 0, 0, 0, 0, 0, 149]","""[0, 2, 4, 3, 5, 4, 1, 5, 5, 2, 1, 4, 2, 9, 3, 3, 6, 8, 1, 6, 2, 15, 143, 33, 150, 111, 67, 64, 98, 85, 44, 48, 106, 0]"""
j20,2,reactive,60,False,inf,inf,inf,null,"[0, 2, 4, 3, 5, 4, 1, 5, 5, 2, 1, 4, 2, 9, 3, 3, 6, 8, 1, 6, 2, 15, 143, 33, 150, 111, 67, 64, 98, 85, 44, 48, 106, 0]"
j20,2,stnu,60,True,33,0.930396556854248,0.041144371032714844,"[0, 0, 0, 0, 2, 5, 4, 7, 12, 2, 5, 15, 12, 18, 18, 21, 18, 7, 24, 27, 21, 0, 0, 0, 0, 0, 0, 0, 0, 0, 0, 0, 0, 33]","""[0, 2, 4, 3, 5, 4, 1, 5, 5, 6, 1, 3, 1, 9, 3, 3, 9, 8, 1, 6, 6, 15, 143, 33, 150, 111, 67, 64, 98, 85, 44, 48, 106, 0]"""
j20,2,proactive_quantile_0.75,60,True,33,0.0856931209564209,0.0019409656524658203,"[0, 0, 0, 0, 2, 6, 4, 7, 11, 2, 7, 13, 13, 20, 19, 23, 19, 6, 25, 29, 23, 0, 0, 0, 0, 0, 0, 0, 0, 0, 0, 0, 0, 149]","""[0, 2, 3, 4, 6, 1, 3, 1, 1, 10, 3, 5, 1, 9, 1, 2, 4, 2, 1, 6, 3, 15, 143, 33, 150, 111, 67, 64, 98, 85, 44, 48, 106, 0]"""
j20,2,reactive,60,False,inf,inf,inf,null,"[0, 2, 3, 4, 6, 1, 3, 1, 1, 10, 3, 5, 1, 9, 1, 2, 4, 2, 1, 6, 3, 15, 143, 33, 150, 111, 67, 64, 98, 85, 44, 48, 106, 0]"
j20,2,stnu,60,False,inf,0.7732100486755371,inf,[],"""[0, 2, 3, 12, 6, 7, 2, 1, 14, 10, 3, 4, 7, 10, 1, 10, 4, 2, 1, 4, 3, 15, 143, 33, 150, 111, 67, 64, 98, 85, 44, 48, 106, 0]"""
j20,2,proactive_quantile_0.75,60,True,33,0.15411639213562012,0.002009153366088867,"[0, 0, 0, 0, 2, 6, 4, 7, 11, 2, 7, 13, 13, 20, 19, 23, 19, 6, 25, 29, 23, 0, 0, 0, 0, 0, 0, 0, 0, 0, 0, 0, 0, 149]","""[0, 2, 2, 5, 5, 2, 1, 2, 8, 1, 2, 1, 1, 12, 6, 2, 9, 3, 3, 2, 4, 15, 143, 33, 150, 111, 67, 64, 98, 85, 44, 48, 106, 0]"""
j20,2,reactive,60,False,inf,inf,inf,null,"[0, 2, 2, 5, 5, 2, 1, 2, 8, 1, 2, 1, 1, 12, 6, 2, 9, 3, 3, 2, 4, 15, 143, 33, 150, 111, 67, 64, 98, 85, 44, 48, 106, 0]"
j20,2,stnu,60,True,34,0.8528754711151123,0.04077649116516113,"[0, 0, 0, 0, 2, 5, 2, 7, 12, 2, 5, 10, 12, 20, 13, 19, 13, 7, 21, 32, 19, 0, 0, 0, 0, 0, 0, 0, 0, 0, 0, 0, 0, 34]","""[0, 2, 2, 5, 5, 2, 1, 2, 8, 10, 2, 1, 1, 12, 6, 2, 7, 3, 3, 2, 4, 15, 143, 33, 150, 111, 67, 64, 98, 85, 44, 48, 106, 0]"""
j20,2,proactive_quantile_0.75,60,True,33,0.0819253921508789,0.0020911693572998047,"[0, 0, 0, 0, 2, 6, 4, 7, 11, 2, 7, 13, 13, 20, 19, 23, 19, 6, 25, 29, 23, 0, 0, 0, 0, 0, 0, 0, 0, 0, 0, 0, 0, 149]","""[0, 3, 2, 9, 3, 2, 4, 5, 10, 10, 3, 7, 1, 12, 1, 3, 5, 8, 1, 4, 6, 15, 143, 33, 150, 111, 67, 64, 98, 85, 44, 48, 106, 0]"""
j20,2,reactive,60,False,inf,inf,inf,null,"[0, 3, 2, 9, 3, 2, 4, 5, 10, 10, 3, 7, 1, 12, 1, 3, 5, 8, 1, 4, 6, 15, 143, 33, 150, 111, 67, 64, 98, 85, 44, 48, 106, 0]"
j20,2,stnu,60,True,40,0.8158199787139893,0.04074907302856445,"[0, 0, 0, 0, 3, 9, 2, 9, 14, 3, 9, 14, 14, 24, 22, 23, 22, 6, 26, 36, 23, 0, 0, 0, 0, 0, 0, 0, 0, 0, 0, 0, 0, 40]","""[0, 3, 2, 9, 3, 2, 4, 5, 10, 4, 3, 8, 1, 12, 1, 3, 5, 8, 1, 4, 6, 15, 143, 33, 150, 111, 67, 64, 98, 85, 44, 48, 106, 0]"""
j20,2,proactive_quantile_0.75,60,True,33,0.07787895202636719,0.0019559860229492188,"[0, 0, 0, 0, 2, 6, 4, 7, 11, 2, 7, 13, 13, 20, 19, 23, 19, 6, 25, 29, 23, 0, 0, 0, 0, 0, 0, 0, 0, 0, 0, 0, 0, 149]","""[0, 1, 4, 4, 5, 3, 4, 2, 10, 3, 3, 3, 3, 4, 5, 2, 4, 2, 3, 3, 3, 15, 143, 33, 150, 111, 67, 64, 98, 85, 44, 48, 106, 0]"""
j20,2,reactive,60,False,inf,inf,inf,null,"[0, 1, 4, 4, 5, 3, 4, 2, 10, 3, 3, 3, 3, 4, 5, 2, 4, 2, 3, 3, 3, 15, 143, 33, 150, 111, 67, 64, 98, 85, 44, 48, 106, 0]"
j20,2,stnu,60,True,28,0.8833413124084473,0.04110550880432129,"[0, 0, 0, 0, 1, 8, 4, 8, 11, 1, 8, 11, 11, 21, 13, 18, 13, 6, 20, 25, 18, 0, 0, 0, 0, 0, 0, 0, 0, 0, 0, 0, 0, 28]","""[0, 1, 4, 4, 5, 3, 4, 2, 10, 6, 3, 2, 1, 4, 5, 2, 10, 2, 3, 3, 1, 15, 143, 33, 150, 111, 67, 64, 98, 85, 44, 48, 106, 0]"""
j20,2,proactive_quantile_0.75,60,True,31,0.08685159683227539,0.0026979446411132812,"[0, 0, 0, 0, 2, 8, 2, 2, 14, 4, 14, 16, 11, 3, 8, 22, 14, 18, 18, 29, 24, 0, 0, 0, 0, 0, 0, 0, 0, 0, 0, 0, 0, 0, 0, 0, 0, 0, 145]","""[0, 10, 1, 1, 2, 3, 3, 6, 4, 7, 1, 8, 3, 3, 4, 3, 6, 7, 2, 2, 3, 127, 133, 43, 62, 146, 36, 42, 84, 108, 119, 37, 62, 102, 44, 64, 48, 119, 0]"""
j20,2,reactive,60,False,inf,inf,inf,null,"[0, 10, 1, 1, 2, 3, 3, 6, 4, 7, 1, 8, 3, 3, 4, 3, 6, 7, 2, 2, 3, 127, 133, 43, 62, 146, 36, 42, 84, 108, 119, 37, 62, 102, 44, 64, 48, 119, 0]"
j20,2,stnu,60,True,32,1.0184991359710693,0.05464339256286621,"[0, 0, 0, 0, 1, 10, 1, 1, 13, 4, 13, 14, 11, 1, 4, 22, 14, 20, 20, 30, 25, 0, 0, 0, 0, 0, 0, 0, 0, 0, 0, 0, 0, 0, 0, 0, 0, 0, 32]","""[0, 10, 1, 1, 2, 3, 3, 6, 4, 7, 1, 8, 3, 3, 4, 3, 6, 10, 2, 2, 3, 127, 133, 43, 62, 146, 36, 42, 84, 108, 119, 37, 62, 102, 44, 64, 48, 119, 0]"""
j20,2,proactive_quantile_0.75,60,True,38,0.1584186553955078,0.0027823448181152344,"[0, 0, 0, 0, 2, 8, 2, 2, 14, 4, 14, 16, 12, 3, 8, 22, 15, 24, 24, 36, 31, 0, 0, 0, 0, 0, 0, 0, 0, 0, 0, 0, 0, 0, 0, 0, 0, 0, 145]","""[0, 6, 3, 2, 8, 5, 1, 7, 3, 5, 1, 1, 2, 3, 4, 10, 8, 4, 4, 2, 2, 127, 133, 43, 62, 146, 36, 42, 84, 108, 119, 37, 62, 102, 44, 64, 48, 119, 0]"""
j20,2,reactive,60,False,inf,inf,inf,null,"[0, 6, 3, 2, 8, 5, 1, 7, 3, 5, 1, 1, 2, 3, 4, 10, 8, 4, 4, 2, 2, 127, 133, 43, 62, 146, 36, 42, 84, 108, 119, 37, 62, 102, 44, 64, 48, 119, 0]"
j20,2,stnu,60,True,32,1.066462516784668,0.054657936096191406,"[0, 0, 0, 0, 2, 10, 2, 2, 15, 3, 15, 16, 10, 3, 10, 19, 12, 17, 18, 30, 20, 0, 0, 0, 0, 0, 0, 0, 0, 0, 0, 0, 0, 0, 0, 0, 0, 0, 32]","""[0, 7, 3, 2, 8, 5, 1, 7, 3, 5, 1, 1, 2, 3, 4, 1, 5, 13, 1, 2, 3, 127, 133, 43, 62, 146, 36, 42, 84, 108, 119, 37, 62, 102, 44, 64, 48, 119, 0]"""
j20,2,proactive_quantile_0.75,60,True,31,0.15213942527770996,0.002649068832397461,"[0, 0, 0, 0, 2, 8, 2, 2, 14, 4, 14, 16, 11, 3, 8, 22, 14, 18, 18, 29, 24, 0, 0, 0, 0, 0, 0, 0, 0, 0, 0, 0, 0, 0, 0, 0, 0, 0, 145]","""[0, 9, 4, 3, 7, 2, 1, 4, 4, 5, 1, 1, 1, 1, 4, 3, 5, 5, 1, 3, 2, 127, 133, 43, 62, 146, 36, 42, 84, 108, 119, 37, 62, 102, 44, 64, 48, 119, 0]"""
j20,2,reactive,60,False,inf,inf,inf,null,"[0, 9, 4, 3, 7, 2, 1, 4, 4, 5, 1, 1, 1, 1, 4, 3, 5, 5, 1, 3, 2, 127, 133, 43, 62, 146, 36, 42, 84, 108, 119, 37, 62, 102, 44, 64, 48, 119, 0]"
j20,2,stnu,60,True,30,0.8470923900604248,0.05431675910949707,"[0, 0, 0, 0, 3, 10, 3, 3, 12, 4, 14, 15, 10, 4, 10, 17, 11, 16, 16, 27, 20, 0, 0, 0, 0, 0, 0, 0, 0, 0, 0, 0, 0, 0, 0, 0, 0, 0, 30]","""[0, 9, 4, 3, 7, 2, 1, 4, 4, 5, 1, 1, 1, 1, 4, 3, 5, 11, 1, 3, 2, 127, 133, 43, 62, 146, 36, 42, 84, 108, 119, 37, 62, 102, 44, 64, 48, 119, 0]"""
j20,2,proactive_quantile_0.75,60,True,31,0.13071608543395996,0.002629518508911133,"[0, 0, 0, 0, 2, 8, 2, 2, 14, 4, 14, 16, 11, 3, 8, 22, 14, 18, 18, 29, 24, 0, 0, 0, 0, 0, 0, 0, 0, 0, 0, 0, 0, 0, 0, 0, 0, 0, 145]","""[0, 7, 2, 1, 4, 6, 1, 9, 2, 2, 1, 8, 4, 1, 3, 3, 3, 4, 3, 3, 3, 127, 133, 43, 62, 146, 36, 42, 84, 108, 119, 37, 62, 102, 44, 64, 48, 119, 0]"""
j20,2,reactive,60,False,inf,inf,inf,null,"[0, 7, 2, 1, 4, 6, 1, 9, 2, 2, 1, 8, 4, 1, 3, 3, 3, 4, 3, 3, 3, 127, 133, 43, 62, 146, 36, 42, 84, 108, 119, 37, 62, 102, 44, 64, 48, 119, 0]"
j20,2,stnu,60,False,inf,0.7170886993408203,inf,[],"""[0, 7, 2, 2, 2, 7, 1, 8, 2, 2, 6, 5, 4, 2, 2, 6, 1, 14, 3, 5, 1, 127, 133, 43, 62, 146, 36, 42, 84, 108, 119, 37, 62, 102, 44, 64, 48, 119, 0]"""
j20,2,proactive_quantile_0.75,60,True,31,0.08648419380187988,0.0027441978454589844,"[0, 0, 0, 0, 2, 8, 2, 2, 14, 4, 14, 16, 11, 3, 8, 22, 14, 18, 18, 29, 24, 0, 0, 0, 0, 0, 0, 0, 0, 0, 0, 0, 0, 0, 0, 0, 0, 0, 145]","""[0, 9, 1, 2, 5, 8, 2, 10, 5, 5, 3, 1, 2, 2, 5, 3, 6, 13, 3, 3, 3, 127, 133, 43, 62, 146, 36, 42, 84, 108, 119, 37, 62, 102, 44, 64, 48, 119, 0]"""
j20,2,reactive,60,False,inf,inf,inf,null,"[0, 9, 1, 2, 5, 8, 2, 10, 5, 5, 3, 1, 2, 2, 5, 3, 6, 13, 3, 3, 3, 127, 133, 43, 62, 146, 36, 42, 84, 108, 119, 37, 62, 102, 44, 64, 48, 119, 0]"
j20,2,stnu,60,True,34,0.8123853206634521,0.05434989929199219,"[0, 0, 0, 0, 2, 9, 2, 2, 17, 4, 17, 20, 9, 1, 7, 25, 12, 20, 22, 31, 28, 0, 0, 0, 0, 0, 0, 0, 0, 0, 0, 0, 0, 0, 0, 0, 0, 0, 34]","""[0, 9, 1, 2, 5, 8, 2, 10, 5, 5, 3, 1, 2, 2, 5, 3, 6, 3, 3, 3, 3, 127, 133, 43, 62, 146, 36, 42, 84, 108, 119, 37, 62, 102, 44, 64, 48, 119, 0]"""
j20,2,proactive_quantile_0.75,60,True,52,0.08197188377380371,0.0027618408203125,"[0, 0, 0, 0, 9, 18, 9, 9, 27, 15, 27, 29, 26, 3, 18, 39, 29, 35, 35, 46, 48, 0, 0, 0, 0, 0, 0, 0, 0, 0, 0, 0, 0, 0, 0, 0, 0, 0, 145]","""[0, 14, 3, 7, 1, 6, 6, 13, 2, 14, 1, 10, 4, 3, 4, 2, 6, 9, 3, 1, 6, 127, 133, 43, 62, 146, 36, 42, 84, 108, 119, 37, 62, 102, 44, 64, 48, 119, 0]"""
j20,2,reactive,60,False,inf,inf,inf,null,"[0, 14, 3, 7, 1, 6, 6, 13, 2, 14, 1, 10, 4, 3, 4, 2, 6, 9, 3, 1, 6, 127, 133, 43, 62, 146, 36, 42, 84, 108, 119, 37, 62, 102, 44, 64, 48, 119, 0]"
j20,2,stnu,60,True,28,0.83306884765625,0.05439496040344238,"[0, 0, 0, 0, 1, 7, 1, 1, 10, 4, 11, 12, 7, 3, 6, 16, 11, 13, 13, 25, 18, 0, 0, 0, 0, 0, 0, 0, 0, 0, 0, 0, 0, 0, 0, 0, 0, 0, 28]","""[0, 7, 3, 1, 1, 3, 3, 10, 2, 2, 1, 1, 4, 3, 5, 2, 2, 12, 3, 3, 2, 127, 133, 43, 62, 146, 36, 42, 84, 108, 119, 37, 62, 102, 44, 64, 48, 119, 0]"""
j20,2,proactive_quantile_0.75,60,True,31,0.1166524887084961,0.0026955604553222656,"[0, 0, 0, 0, 2, 8, 2, 2, 14, 4, 14, 16, 11, 3, 8, 22, 14, 18, 18, 29, 24, 0, 0, 0, 0, 0, 0, 0, 0, 0, 0, 0, 0, 0, 0, 0, 0, 0, 145]","""[0, 8, 2, 1, 7, 6, 2, 1, 4, 3, 2, 5, 1, 1, 6, 3, 3, 9, 1, 3, 2, 127, 133, 43, 62, 146, 36, 42, 84, 108, 119, 37, 62, 102, 44, 64, 48, 119, 0]"""
j20,2,reactive,60,False,inf,inf,inf,null,"[0, 8, 2, 1, 7, 6, 2, 1, 4, 3, 2, 5, 1, 1, 6, 3, 3, 9, 1, 3, 2, 127, 133, 43, 62, 146, 36, 42, 84, 108, 119, 37, 62, 102, 44, 64, 48, 119, 0]"
j20,2,stnu,60,False,inf,0.7344522476196289,inf,[],"""[0, 10, 2, 6, 5, 4, 2, 9, 8, 3, 4, 11, 1, 4, 9, 8, 4, 7, 1, 2, 2, 127, 133, 43, 62, 146, 36, 42, 84, 108, 119, 37, 62, 102, 44, 64, 48, 119, 0]"""
j20,2,proactive_quantile_0.75,60,True,31,0.08773422241210938,0.0027060508728027344,"[0, 0, 0, 0, 2, 8, 2, 2, 14, 4, 14, 16, 11, 3, 8, 22, 14, 18, 18, 29, 24, 0, 0, 0, 0, 0, 0, 0, 0, 0, 0, 0, 0, 0, 0, 0, 0, 0, 145]","""[0, 2, 2, 1, 7, 1, 3, 2, 2, 8, 3, 7, 3, 1, 1, 2, 5, 8, 3, 3, 1, 127, 133, 43, 62, 146, 36, 42, 84, 108, 119, 37, 62, 102, 44, 64, 48, 119, 0]"""
j20,2,reactive,60,False,inf,inf,inf,null,"[0, 2, 2, 1, 7, 1, 3, 2, 2, 8, 3, 7, 3, 1, 1, 2, 5, 8, 3, 3, 1, 127, 133, 43, 62, 146, 36, 42, 84, 108, 119, 37, 62, 102, 44, 64, 48, 119, 0]"
j20,2,stnu,60,False,inf,0.7406823635101318,inf,[],"""[0, 8, 2, 9, 2, 6, 3, 11, 6, 8, 8, 3, 3, 3, 2, 10, 4, 14, 3, 3, 3, 127, 133, 43, 62, 146, 36, 42, 84, 108, 119, 37, 62, 102, 44, 64, 48, 119, 0]"""
j20,2,proactive_quantile_0.75,60,True,31,0.08288383483886719,0.002654552459716797,"[0, 0, 0, 0, 2, 8, 2, 2, 14, 4, 14, 16, 11, 3, 8, 22, 14, 18, 18, 29, 24, 0, 0, 0, 0, 0, 0, 0, 0, 0, 0, 0, 0, 0, 0, 0, 0, 0, 145]","""[0, 12, 4, 1, 5, 3, 1, 6, 6, 8, 1, 3, 4, 3, 1, 3, 1, 5, 1, 3, 2, 127, 133, 43, 62, 146, 36, 42, 84, 108, 119, 37, 62, 102, 44, 64, 48, 119, 0]"""
j20,2,reactive,60,False,inf,inf,inf,null,"[0, 12, 4, 1, 5, 3, 1, 6, 6, 8, 1, 3, 4, 3, 1, 3, 1, 5, 1, 3, 2, 127, 133, 43, 62, 146, 36, 42, 84, 108, 119, 37, 62, 102, 44, 64, 48, 119, 0]"
j20,2,stnu,60,True,31,0.8418502807617188,0.054949283599853516,"[0, 0, 0, 0, 1, 12, 1, 1, 15, 2, 15, 16, 12, 4, 7, 22, 16, 17, 21, 28, 25, 0, 0, 0, 0, 0, 0, 0, 0, 0, 0, 0, 0, 0, 0, 0, 0, 0, 31]","""[0, 12, 4, 1, 5, 3, 1, 6, 6, 8, 1, 3, 4, 3, 1, 3, 1, 11, 1, 3, 2, 127, 133, 43, 62, 146, 36, 42, 84, 108, 119, 37, 62, 102, 44, 64, 48, 119, 0]"""
j20,2,proactive_quantile_0.75,60,False,inf,0.10244107246398926,inf,"[0, 0, 0, 0, 2, 8, 2, 2, 14, 4, 14, 16, 11, 3, 8, 22, 14, 18, 18, 29, 24, 0, 0, 0, 0, 0, 0, 0, 0, 0, 0, 0, 0, 0, 0, 0, 0, 0, 145]","""[0, 10, 2, 2, 8, 1, 3, 4, 6, 2, 3, 6, 3, 3, 8, 2, 3, 10, 1, 2, 1, 127, 133, 43, 62, 146, 36, 42, 84, 108, 119, 37, 62, 102, 44, 64, 48, 119, 0]"""
j20,2,reactive,60,False,inf,inf,inf,null,"[0, 10, 2, 2, 8, 1, 3, 4, 6, 2, 3, 6, 3, 3, 8, 2, 3, 10, 1, 2, 1, 127, 133, 43, 62, 146, 36, 42, 84, 108, 119, 37, 62, 102, 44, 64, 48, 119, 0]"
j20,2,stnu,60,True,37,0.8461484909057617,0.054578304290771484,"[0, 0, 0, 0, 2, 10, 2, 2, 11, 5, 18, 21, 10, 2, 10, 27, 13, 21, 21, 35, 29, 0, 0, 0, 0, 0, 0, 0, 0, 0, 0, 0, 0, 0, 0, 0, 0, 0, 37]","""[0, 10, 2, 2, 8, 1, 3, 4, 6, 2, 3, 6, 3, 3, 8, 2, 3, 14, 1, 2, 1, 127, 133, 43, 62, 146, 36, 42, 84, 108, 119, 37, 62, 102, 44, 64, 48, 119, 0]"""
j20,2,proactive_quantile_0.75,60,False,inf,0.0877680778503418,inf,"[0, 0, 0, 0, 6, 9, 9, 9, 18, 11, 20, 17, 16, 20, 23, 22, 31, 31, 31, 37, 25, 0, 0, 0, 0, 0, 0, 0, 0, 0, 0, 0, 0, 137]","""[0, 6, 3, 4, 3, 4, 1, 2, 3, 7, 1, 6, 4, 2, 2, 1, 2, 5, 6, 12, 9, 71, 94, 19, 51, 40, 61, 82, 26, 90, 138, 85, 81, 0]"""
j20,2,reactive,60,False,inf,inf,inf,null,"[0, 6, 3, 4, 3, 4, 1, 2, 3, 7, 1, 6, 4, 2, 2, 1, 2, 5, 6, 12, 9, 71, 94, 19, 51, 40, 61, 82, 26, 90, 138, 85, 81, 0]"
j20,2,stnu,60,False,inf,0.762016773223877,inf,[],"""[0, 3, 2, 3, 3, 7, 1, 9, 1, 3, 1, 6, 4, 2, 2, 6, 1, 2, 2, 6, 4, 71, 94, 19, 51, 40, 61, 82, 26, 90, 138, 85, 81, 0]"""
j20,2,proactive_quantile_0.75,60,False,inf,0.07919979095458984,inf,"[0, 0, 0, 0, 3, 7, 6, 6, 15, 8, 17, 11, 14, 18, 21, 14, 23, 21, 20, 34, 23, 0, 0, 0, 0, 0, 0, 0, 0, 0, 0, 0, 0, 137]","""[0, 3, 9, 4, 2, 5, 3, 7, 2, 3, 1, 7, 8, 2, 1, 3, 11, 6, 1, 2, 6, 71, 94, 19, 51, 40, 61, 82, 26, 90, 138, 85, 81, 0]"""
j20,2,reactive,60,False,inf,inf,inf,null,"[0, 3, 9, 4, 2, 5, 3, 7, 2, 3, 1, 7, 8, 2, 1, 3, 11, 6, 1, 2, 6, 71, 94, 19, 51, 40, 61, 82, 26, 90, 138, 85, 81, 0]"
j20,2,stnu,60,False,inf,0.7576096057891846,inf,[],"""[0, 3, 3, 4, 2, 5, 3, 6, 2, 3, 1, 2, 5, 2, 1, 3, 3, 2, 1, 5, 3, 71, 94, 19, 51, 40, 61, 82, 26, 90, 138, 85, 81, 0]"""
j20,2,proactive_quantile_0.75,60,False,inf,0.19918513298034668,inf,"[0, 0, 0, 0, 3, 6, 6, 6, 15, 8, 17, 11, 12, 19, 21, 12, 16, 17, 17, 19, 23, 0, 0, 0, 0, 0, 0, 0, 0, 0, 0, 0, 0, 137]","""[0, 8, 3, 1, 4, 3, 1, 10, 1, 2, 1, 5, 3, 1, 3, 2, 2, 3, 2, 1, 6, 71, 94, 19, 51, 40, 61, 82, 26, 90, 138, 85, 81, 0]"""
j20,2,reactive,60,False,inf,inf,inf,null,"[0, 8, 3, 1, 4, 3, 1, 10, 1, 2, 1, 5, 3, 1, 3, 2, 2, 3, 2, 1, 6, 71, 94, 19, 51, 40, 61, 82, 26, 90, 138, 85, 81, 0]"
j20,2,stnu,60,False,inf,0.7942581176757812,inf,[],"""[0, 8, 3, 1, 4, 3, 1, 10, 1, 2, 1, 5, 5, 1, 3, 2, 2, 3, 2, 1, 6, 71, 94, 19, 51, 40, 61, 82, 26, 90, 138, 85, 81, 0]"""
j20,2,proactive_quantile_0.75,60,False,inf,0.09286117553710938,inf,"[0, 0, 0, 0, 6, 9, 9, 9, 18, 11, 20, 17, 16, 20, 23, 22, 31, 31, 31, 37, 25, 0, 0, 0, 0, 0, 0, 0, 0, 0, 0, 0, 0, 137]","""[0, 3, 3, 1, 2, 2, 1, 9, 3, 3, 2, 6, 3, 3, 3, 4, 2, 6, 4, 11, 2, 71, 94, 19, 51, 40, 61, 82, 26, 90, 138, 85, 81, 0]"""
j20,2,reactive,60,False,inf,inf,inf,null,"[0, 3, 3, 1, 2, 2, 1, 9, 3, 3, 2, 6, 3, 3, 3, 4, 2, 6, 4, 11, 2, 71, 94, 19, 51, 40, 61, 82, 26, 90, 138, 85, 81, 0]"
j20,2,stnu,60,False,inf,0.7144565582275391,inf,[],"""[0, 1, 3, 3, 2, 4, 1, 6, 3, 4, 2, 6, 3, 3, 3, 5, 2, 3, 3, 8, 7, 71, 94, 19, 51, 40, 61, 82, 26, 90, 138, 85, 81, 0]"""
j20,2,proactive_quantile_0.75,60,True,29,0.17707228660583496,0.001786947250366211,"[0, 0, 0, 0, 3, 6, 6, 6, 15, 8, 17, 11, 12, 19, 21, 12, 16, 17, 17, 19, 23, 0, 0, 0, 0, 0, 0, 0, 0, 0, 0, 0, 0, 137]","""[0, 7, 1, 1, 3, 5, 2, 6, 1, 1, 3, 3, 3, 3, 2, 4, 1, 1, 2, 3, 4, 71, 94, 19, 51, 40, 61, 82, 26, 90, 138, 85, 81, 0]"""
j20,2,reactive,60,False,inf,inf,inf,null,"[0, 7, 1, 1, 3, 5, 2, 6, 1, 1, 3, 3, 3, 3, 2, 4, 1, 1, 2, 3, 4, 71, 94, 19, 51, 40, 61, 82, 26, 90, 138, 85, 81, 0]"
j20,2,stnu,60,False,inf,0.8190197944641113,inf,[],"""[0, 7, 1, 1, 3, 5, 2, 6, 1, 1, 3, 3, 5, 3, 2, 4, 1, 1, 2, 3, 4, 71, 94, 19, 51, 40, 61, 82, 26, 90, 138, 85, 81, 0]"""
j20,2,proactive_quantile_0.75,60,False,inf,0.14557647705078125,inf,"[0, 0, 0, 0, 3, 6, 6, 6, 15, 8, 17, 11, 12, 19, 21, 12, 16, 17, 17, 19, 23, 0, 0, 0, 0, 0, 0, 0, 0, 0, 0, 0, 0, 137]","""[0, 7, 2, 4, 2, 7, 1, 8, 1, 4, 2, 8, 1, 1, 3, 3, 3, 3, 4, 6, 5, 71, 94, 19, 51, 40, 61, 82, 26, 90, 138, 85, 81, 0]"""
j20,2,reactive,60,False,inf,inf,inf,null,"[0, 7, 2, 4, 2, 7, 1, 8, 1, 4, 2, 8, 1, 1, 3, 3, 3, 3, 4, 6, 5, 71, 94, 19, 51, 40, 61, 82, 26, 90, 138, 85, 81, 0]"
j20,2,stnu,60,False,inf,0.7211704254150391,inf,[],"""[0, 7, 2, 4, 2, 7, 1, 8, 1, 4, 2, 8, 4, 1, 3, 3, 3, 3, 4, 6, 5, 71, 94, 19, 51, 40, 61, 82, 26, 90, 138, 85, 81, 0]"""
j20,2,proactive_quantile_0.75,60,False,inf,0.09061312675476074,inf,"[0, 0, 0, 0, 3, 6, 6, 6, 15, 8, 17, 11, 12, 19, 21, 12, 16, 17, 17, 19, 23, 0, 0, 0, 0, 0, 0, 0, 0, 0, 0, 0, 0, 137]","""[0, 10, 1, 2, 1, 2, 1, 12, 1, 3, 1, 8, 3, 1, 1, 4, 2, 2, 4, 5, 5, 71, 94, 19, 51, 40, 61, 82, 26, 90, 138, 85, 81, 0]"""
j20,2,reactive,60,False,inf,inf,inf,null,"[0, 10, 1, 2, 1, 2, 1, 12, 1, 3, 1, 8, 3, 1, 1, 4, 2, 2, 4, 5, 5, 71, 94, 19, 51, 40, 61, 82, 26, 90, 138, 85, 81, 0]"
j20,2,stnu,60,False,inf,0.7212209701538086,inf,[],"""[0, 5, 2, 3, 1, 10, 1, 7, 2, 3, 6, 7, 4, 1, 1, 2, 3, 2, 2, 12, 5, 71, 94, 19, 51, 40, 61, 82, 26, 90, 138, 85, 81, 0]"""
j20,2,proactive_quantile_0.75,60,False,inf,0.10906147956848145,inf,"[0, 0, 0, 0, 3, 6, 6, 6, 15, 8, 17, 11, 12, 19, 21, 12, 16, 17, 17, 19, 23, 0, 0, 0, 0, 0, 0, 0, 0, 0, 0, 0, 0, 137]","""[0, 1, 2, 3, 3, 1, 3, 2, 3, 2, 3, 3, 3, 3, 2, 6, 3, 3, 1, 5, 5, 71, 94, 19, 51, 40, 61, 82, 26, 90, 138, 85, 81, 0]"""
j20,2,reactive,60,False,inf,inf,inf,null,"[0, 1, 2, 3, 3, 1, 3, 2, 3, 2, 3, 3, 3, 3, 2, 6, 3, 3, 1, 5, 5, 71, 94, 19, 51, 40, 61, 82, 26, 90, 138, 85, 81, 0]"
j20,2,stnu,60,False,inf,0.7283642292022705,inf,[],"""[0, 1, 2, 3, 3, 1, 3, 2, 3, 2, 3, 3, 2, 3, 2, 6, 3, 3, 1, 5, 5, 71, 94, 19, 51, 40, 61, 82, 26, 90, 138, 85, 81, 0]"""
j20,2,proactive_quantile_0.75,60,False,inf,0.08607196807861328,inf,"[0, 0, 0, 0, 3, 6, 6, 6, 15, 8, 17, 11, 12, 19, 21, 12, 16, 17, 17, 19, 23, 0, 0, 0, 0, 0, 0, 0, 0, 0, 0, 0, 0, 137]","""[0, 8, 1, 4, 4, 3, 1, 11, 1, 2, 4, 2, 1, 3, 2, 2, 2, 3, 2, 1, 8, 71, 94, 19, 51, 40, 61, 82, 26, 90, 138, 85, 81, 0]"""
j20,2,reactive,60,False,inf,inf,inf,null,"[0, 8, 1, 4, 4, 3, 1, 11, 1, 2, 4, 2, 1, 3, 2, 2, 2, 3, 2, 1, 8, 71, 94, 19, 51, 40, 61, 82, 26, 90, 138, 85, 81, 0]"
j20,2,stnu,60,False,inf,0.8058147430419922,inf,[],"""[0, 8, 1, 4, 4, 3, 1, 11, 1, 2, 4, 2, 5, 3, 2, 2, 2, 3, 2, 1, 8, 71, 94, 19, 51, 40, 61, 82, 26, 90, 138, 85, 81, 0]"""
j20,2,proactive_quantile_0.75,60,True,29,0.1990952491760254,0.0017790794372558594,"[0, 0, 0, 0, 3, 6, 6, 6, 15, 8, 17, 11, 12, 19, 21, 12, 16, 17, 17, 19, 23, 0, 0, 0, 0, 0, 0, 0, 0, 0, 0, 0, 0, 137]","""[0, 4, 1, 1, 2, 8, 1, 10, 1, 1, 4, 1, 1, 1, 3, 1, 3, 2, 1, 1, 3, 71, 94, 19, 51, 40, 61, 82, 26, 90, 138, 85, 81, 0]"""
j20,2,reactive,60,False,inf,inf,inf,null,"[0, 4, 1, 1, 2, 8, 1, 10, 1, 1, 4, 1, 1, 1, 3, 1, 3, 2, 1, 1, 3, 71, 94, 19, 51, 40, 61, 82, 26, 90, 138, 85, 81, 0]"
j20,2,stnu,60,False,inf,0.7506330013275146,inf,[],"""[0, 4, 1, 1, 2, 8, 1, 10, 1, 1, 4, 1, 5, 1, 3, 1, 3, 2, 1, 1, 3, 71, 94, 19, 51, 40, 61, 82, 26, 90, 138, 85, 81, 0]"""
j20,2,proactive_quantile_0.75,60,False,inf,0.1777973175048828,inf,"[0, 22, 0, 0, 10, 3, 27, 14, 16, 33, 14, 42, 16, 23, 39, 39, 23, 48, 54, 52, 48, 0, 0, 0, 0, 0, 0, 0, 0, 0, 0, 0, 0, 0, 0, 0, 152]","""[0, 15, 11, 1, 7, 11, 9, 2, 2, 5, 4, 6, 5, 5, 6, 1, 9, 5, 5, 1, 6, 53, 57, 76, 94, 102, 37, 100, 135, 153, 68, 57, 81, 62, 111, 128, 0]"""
j20,2,reactive,60,False,inf,inf,inf,null,"[0, 15, 11, 1, 7, 11, 9, 2, 2, 5, 4, 6, 5, 5, 6, 1, 9, 5, 5, 1, 6, 53, 57, 76, 94, 102, 37, 100, 135, 153, 68, 57, 81, 62, 111, 128, 0]"
j20,2,stnu,60,True,58,1.0995383262634277,0.05395221710205078,"[0, 1, 0, 0, 20, 2, 34, 16, 16, 29, 16, 37, 12, 29, 36, 36, 20, 43, 42, 48, 48, 0, 0, 0, 0, 0, 0, 0, 0, 0, 0, 0, 0, 0, 0, 0, 58]","""[0, 15, 2, 1, 3, 10, 2, 2, 2, 5, 4, 6, 5, 5, 6, 1, 9, 5, 5, 10, 6, 53, 57, 76, 94, 102, 37, 100, 135, 153, 68, 57, 81, 62, 111, 128, 0]"""
j20,2,proactive_quantile_0.75,60,False,inf,0.08258581161499023,inf,"[0, 22, 0, 0, 10, 3, 27, 14, 16, 33, 14, 42, 16, 23, 39, 39, 23, 48, 54, 52, 48, 0, 0, 0, 0, 0, 0, 0, 0, 0, 0, 0, 0, 0, 0, 0, 152]","""[0, 10, 12, 3, 4, 12, 9, 4, 8, 8, 3, 6, 10, 5, 6, 4, 3, 5, 5, 10, 2, 53, 57, 76, 94, 102, 37, 100, 135, 153, 68, 57, 81, 62, 111, 128, 0]"""
j20,2,reactive,60,False,inf,inf,inf,null,"[0, 10, 12, 3, 4, 12, 9, 4, 8, 8, 3, 6, 10, 5, 6, 4, 3, 5, 5, 10, 2, 53, 57, 76, 94, 102, 37, 100, 135, 153, 68, 57, 81, 62, 111, 128, 0]"
j20,2,stnu,60,True,56,1.0590364933013916,0.05381894111633301,"[0, 3, 0, 0, 21, 3, 31, 13, 13, 26, 13, 38, 13, 26, 34, 34, 21, 44, 40, 49, 49, 0, 0, 0, 0, 0, 0, 0, 0, 0, 0, 0, 0, 0, 0, 0, 56]","""[0, 10, 1, 3, 5, 10, 3, 4, 8, 8, 3, 6, 10, 5, 6, 4, 3, 5, 5, 7, 2, 53, 57, 76, 94, 102, 37, 100, 135, 153, 68, 57, 81, 62, 111, 128, 0]"""
j20,2,proactive_quantile_0.75,60,False,inf,0.1890428066253662,inf,"[0, 22, 0, 0, 10, 3, 27, 14, 16, 33, 14, 42, 16, 23, 39, 39, 23, 48, 54, 52, 48, 0, 0, 0, 0, 0, 0, 0, 0, 0, 0, 0, 0, 0, 0, 0, 152]","""[0, 4, 10, 2, 3, 4, 5, 1, 7, 7, 3, 7, 1, 6, 11, 3, 1, 6, 8, 7, 6, 53, 57, 76, 94, 102, 37, 100, 135, 153, 68, 57, 81, 62, 111, 128, 0]"""
j20,2,reactive,60,False,inf,inf,inf,null,"[0, 4, 10, 2, 3, 4, 5, 1, 7, 7, 3, 7, 1, 6, 11, 3, 1, 6, 8, 7, 6, 53, 57, 76, 94, 102, 37, 100, 135, 153, 68, 57, 81, 62, 111, 128, 0]"
j20,2,stnu,60,True,60,1.5340490341186523,0.054425716400146484,"[0, 2, 0, 0, 20, 7, 31, 17, 7, 25, 17, 36, 17, 25, 33, 33, 20, 44, 44, 50, 52, 0, 0, 0, 0, 0, 0, 0, 0, 0, 0, 0, 0, 0, 0, 0, 60]","""[0, 4, 7, 2, 5, 10, 2, 1, 7, 7, 3, 7, 1, 6, 11, 3, 1, 6, 8, 10, 6, 53, 57, 76, 94, 102, 37, 100, 135, 153, 68, 57, 81, 62, 111, 128, 0]"""
j20,2,proactive_quantile_0.75,60,False,inf,0.08956766128540039,inf,"[0, 22, 0, 0, 10, 3, 27, 14, 16, 33, 14, 42, 16, 23, 39, 39, 23, 48, 54, 52, 48, 0, 0, 0, 0, 0, 0, 0, 0, 0, 0, 0, 0, 0, 0, 0, 152]","""[0, 12, 2, 3, 8, 9, 9, 9, 3, 1, 2, 2, 1, 6, 12, 1, 9, 5, 4, 3, 3, 53, 57, 76, 94, 102, 37, 100, 135, 153, 68, 57, 81, 62, 111, 128, 0]"""
j20,2,reactive,60,False,inf,inf,inf,null,"[0, 12, 2, 3, 8, 9, 9, 9, 3, 1, 2, 2, 1, 6, 12, 1, 9, 5, 4, 3, 3, 53, 57, 76, 94, 102, 37, 100, 135, 153, 68, 57, 81, 62, 111, 128, 0]"
j20,2,stnu,60,True,69,0.8319613933563232,0.05384993553161621,"[0, 3, 0, 0, 24, 3, 33, 15, 15, 27, 15, 37, 6, 27, 36, 36, 18, 48, 48, 53, 53, 0, 0, 0, 0, 0, 0, 0, 0, 0, 0, 0, 0, 0, 0, 0, 69]","""[0, 12, 2, 3, 1, 3, 3, 9, 3, 1, 2, 2, 1, 6, 12, 1, 9, 5, 4, 16, 3, 53, 57, 76, 94, 102, 37, 100, 135, 153, 68, 57, 81, 62, 111, 128, 0]"""
j20,2,proactive_quantile_0.75,60,False,inf,0.09056401252746582,inf,"[0, 22, 0, 0, 10, 3, 27, 14, 16, 33, 14, 42, 16, 23, 39, 39, 23, 48, 54, 52, 48, 0, 0, 0, 0, 0, 0, 0, 0, 0, 0, 0, 0, 0, 0, 0, 152]","""[0, 11, 13, 4, 4, 4, 3, 9, 6, 2, 1, 8, 5, 2, 11, 3, 11, 4, 4, 5, 2, 53, 57, 76, 94, 102, 37, 100, 135, 153, 68, 57, 81, 62, 111, 128, 0]"""
j20,2,reactive,60,False,inf,inf,inf,null,"[0, 11, 13, 4, 4, 4, 3, 9, 6, 2, 1, 8, 5, 2, 11, 3, 11, 4, 4, 5, 2, 53, 57, 76, 94, 102, 37, 100, 135, 153, 68, 57, 81, 62, 111, 128, 0]"
j20,2,stnu,60,True,56,0.8903307914733887,0.054167985916137695,"[0, 4, 0, 0, 24, 6, 34, 15, 15, 32, 15, 38, 15, 32, 35, 35, 21, 46, 46, 50, 50, 0, 0, 0, 0, 0, 0, 0, 0, 0, 0, 0, 0, 0, 0, 0, 56]","""[0, 11, 6, 4, 3, 9, 1, 9, 6, 2, 1, 8, 5, 2, 11, 3, 11, 4, 4, 6, 2, 53, 57, 76, 94, 102, 37, 100, 135, 153, 68, 57, 81, 62, 111, 128, 0]"""
j20,2,proactive_quantile_0.75,60,False,inf,0.08595132827758789,inf,"[0, 22, 0, 0, 10, 3, 27, 14, 16, 33, 14, 42, 16, 23, 39, 39, 23, 48, 54, 52, 48, 0, 0, 0, 0, 0, 0, 0, 0, 0, 0, 0, 0, 0, 0, 0, 152]","""[0, 5, 10, 3, 8, 10, 9, 2, 3, 2, 1, 7, 6, 1, 2, 2, 12, 2, 7, 10, 2, 53, 57, 76, 94, 102, 37, 100, 135, 153, 68, 57, 81, 62, 111, 128, 0]"""
j20,2,reactive,60,False,inf,inf,inf,null,"[0, 5, 10, 3, 8, 10, 9, 2, 3, 2, 1, 7, 6, 1, 2, 2, 12, 2, 7, 10, 2, 53, 57, 76, 94, 102, 37, 100, 135, 153, 68, 57, 81, 62, 111, 128, 0]"
j20,2,stnu,60,True,46,1.2434184551239014,0.054305076599121094,"[0, 3, 0, 0, 16, 8, 28, 14, 8, 27, 14, 33, 14, 27, 31, 31, 15, 40, 33, 42, 42, 0, 0, 0, 0, 0, 0, 0, 0, 0, 0, 0, 0, 0, 0, 0, 46]","""[0, 5, 8, 3, 2, 6, 3, 2, 3, 2, 1, 7, 6, 1, 2, 2, 12, 2, 7, 4, 2, 53, 57, 76, 94, 102, 37, 100, 135, 153, 68, 57, 81, 62, 111, 128, 0]"""
j20,2,proactive_quantile_0.75,60,False,inf,0.08792638778686523,inf,"[0, 22, 0, 0, 10, 3, 27, 14, 16, 33, 14, 42, 16, 23, 39, 39, 23, 48, 54, 52, 48, 0, 0, 0, 0, 0, 0, 0, 0, 0, 0, 0, 0, 0, 0, 0, 152]","""[0, 8, 2, 2, 5, 9, 8, 5, 5, 3, 4, 4, 4, 4, 12, 1, 10, 6, 7, 7, 1, 53, 57, 76, 94, 102, 37, 100, 135, 153, 68, 57, 81, 62, 111, 128, 0]"""
j20,2,reactive,60,False,inf,inf,inf,null,"[0, 8, 2, 2, 5, 9, 8, 5, 5, 3, 4, 4, 4, 4, 12, 1, 10, 6, 7, 7, 1, 53, 57, 76, 94, 102, 37, 100, 135, 153, 68, 57, 81, 62, 111, 128, 0]"
j20,2,stnu,60,True,60,1.0599775314331055,0.05407524108886719,"[0, 2, 0, 0, 18, 9, 31, 13, 10, 27, 13, 33, 13, 27, 32, 32, 17, 44, 44, 50, 51, 0, 0, 0, 0, 0, 0, 0, 0, 0, 0, 0, 0, 0, 0, 0, 60]","""[0, 8, 9, 2, 2, 4, 1, 5, 5, 3, 4, 4, 4, 4, 12, 1, 10, 6, 7, 10, 1, 53, 57, 76, 94, 102, 37, 100, 135, 153, 68, 57, 81, 62, 111, 128, 0]"""
j20,2,proactive_quantile_0.75,60,False,inf,0.18721365928649902,inf,"[0, 22, 0, 0, 10, 3, 27, 14, 16, 33, 14, 42, 16, 23, 39, 39, 23, 48, 48, 52, 54, 0, 0, 0, 0, 0, 0, 0, 0, 0, 0, 0, 0, 0, 0, 0, 152]","""[0, 8, 4, 4, 9, 15, 5, 10, 2, 5, 3, 3, 7, 1, 4, 1, 9, 2, 6, 6, 6, 53, 57, 76, 94, 102, 37, 100, 135, 153, 68, 57, 81, 62, 111, 128, 0]"""
j20,2,reactive,60,False,inf,inf,inf,null,"[0, 8, 4, 4, 9, 15, 5, 10, 2, 5, 3, 3, 7, 1, 4, 1, 9, 2, 6, 6, 6, 53, 57, 76, 94, 102, 37, 100, 135, 153, 68, 57, 81, 62, 111, 128, 0]"
j20,2,stnu,60,True,47,0.8361568450927734,0.053716182708740234,"[0, 4, 0, 0, 22, 7, 27, 12, 12, 26, 12, 32, 12, 26, 31, 31, 15, 35, 35, 37, 41, 0, 0, 0, 0, 0, 0, 0, 0, 0, 0, 0, 0, 0, 0, 0, 47]","""[0, 8, 7, 4, 4, 5, 3, 10, 2, 5, 3, 3, 7, 1, 4, 1, 9, 2, 6, 7, 6, 53, 57, 76, 94, 102, 37, 100, 135, 153, 68, 57, 81, 62, 111, 128, 0]"""
j20,2,proactive_quantile_0.75,60,True,60,0.11032819747924805,0.002531766891479492,"[0, 22, 0, 0, 10, 3, 27, 14, 16, 33, 14, 42, 16, 23, 39, 39, 23, 48, 54, 52, 48, 0, 0, 0, 0, 0, 0, 0, 0, 0, 0, 0, 0, 0, 0, 0, 152]","""[0, 7, 9, 2, 6, 6, 5, 5, 7, 4, 4, 4, 6, 3, 3, 4, 9, 3, 2, 5, 2, 53, 57, 76, 94, 102, 37, 100, 135, 153, 68, 57, 81, 62, 111, 128, 0]"""
j20,2,reactive,60,True,57,0.11032819747924805,0.8933277130126953,"[0, 22, 0, 0, 10, 3, 27, 14, 16, 33, 14, 42, 16, 23, 39, 39, 23, 48, 54, 52, 48, 0, 0, 0, 0, 0, 0, 0, 0, 0, 0, 0, 0, 0, 0, 0, 57]","[0, 7, 9, 2, 6, 6, 5, 5, 7, 4, 4, 4, 6, 3, 3, 4, 9, 3, 2, 5, 2, 53, 57, 76, 94, 102, 37, 100, 135, 153, 68, 57, 81, 62, 111, 128, 0]"
j20,2,stnu,60,True,59,0.8438625335693359,0.053998708724975586,"[0, 2, 0, 0, 20, 2, 31, 15, 9, 28, 15, 37, 15, 28, 33, 33, 19, 41, 37, 44, 44, 0, 0, 0, 0, 0, 0, 0, 0, 0, 0, 0, 0, 0, 0, 0, 59]","""[0, 7, 1, 2, 3, 13, 2, 5, 7, 4, 4, 4, 6, 3, 3, 4, 9, 3, 2, 15, 2, 53, 57, 76, 94, 102, 37, 100, 135, 153, 68, 57, 81, 62, 111, 128, 0]"""
j20,2,proactive_quantile_0.75,60,False,inf,0.08661675453186035,inf,"[0, 22, 0, 0, 10, 3, 27, 14, 16, 33, 14, 42, 16, 23, 39, 39, 23, 48, 54, 52, 48, 0, 0, 0, 0, 0, 0, 0, 0, 0, 0, 0, 0, 0, 0, 0, 152]","""[0, 4, 5, 4, 9, 15, 6, 11, 8, 3, 4, 6, 1, 5, 8, 3, 4, 6, 6, 10, 2, 53, 57, 76, 94, 102, 37, 100, 135, 153, 68, 57, 81, 62, 111, 128, 0]"""
j20,2,reactive,60,False,inf,inf,inf,null,"[0, 4, 5, 4, 9, 15, 6, 11, 8, 3, 4, 6, 1, 5, 8, 3, 4, 6, 6, 10, 2, 53, 57, 76, 94, 102, 37, 100, 135, 153, 68, 57, 81, 62, 111, 128, 0]"
j20,2,stnu,60,True,59,1.016526699066162,0.05430245399475098,"[0, 4, 0, 0, 20, 5, 26, 9, 8, 21, 9, 32, 9, 21, 29, 29, 16, 38, 37, 44, 44, 0, 0, 0, 0, 0, 0, 0, 0, 0, 0, 0, 0, 0, 0, 0, 59]","""[0, 4, 5, 4, 1, 4, 3, 11, 8, 3, 4, 6, 1, 5, 8, 3, 4, 6, 6, 15, 2, 53, 57, 76, 94, 102, 37, 100, 135, 153, 68, 57, 81, 62, 111, 128, 0]"""
j20,2,proactive_quantile_0.75,60,False,inf,0.0832664966583252,inf,"[0, 0, 0, 0, 6, 6, 8, 4, 12, 7, 4, 12, 15, 16, 22, 7, 12, 6, 26, 12, 21, 0, 0, 0, 0, 0, 0, 0, 137]","""[0, 5, 3, 4, 1, 8, 2, 1, 2, 1, 3, 2, 7, 5, 3, 3, 8, 5, 3, 4, 1, 36, 68, 73, 137, 138, 95, 109, 0]"""
j20,2,reactive,60,False,inf,inf,inf,null,"[0, 5, 3, 4, 1, 8, 2, 1, 2, 1, 3, 2, 7, 5, 3, 3, 8, 5, 3, 4, 1, 36, 68, 73, 137, 138, 95, 109, 0]"
j20,2,stnu,60,True,22,0.9069743156433105,0.028091907501220703,"[0, 0, 0, 0, 6, 5, 8, 3, 13, 6, 3, 13, 15, 8, 15, 6, 13, 6, 20, 11, 21, 0, 0, 0, 0, 0, 0, 0, 22]","""[0, 5, 3, 4, 2, 8, 2, 1, 2, 1, 3, 2, 5, 5, 3, 3, 8, 5, 2, 4, 1, 36, 68, 73, 137, 138, 95, 109, 0]"""
j20,2,proactive_quantile_0.75,60,False,inf,0.08200550079345703,inf,"[0, 0, 0, 0, 6, 6, 8, 4, 12, 7, 4, 12, 15, 16, 22, 7, 12, 6, 26, 12, 21, 0, 0, 0, 0, 0, 0, 0, 137]","""[0, 5, 1, 3, 1, 6, 4, 4, 2, 1, 1, 3, 4, 5, 2, 4, 8, 7, 6, 1, 1, 36, 68, 73, 137, 138, 95, 109, 0]"""
j20,2,reactive,60,False,inf,inf,inf,null,"[0, 5, 1, 3, 1, 6, 4, 4, 2, 1, 1, 3, 4, 5, 2, 4, 8, 7, 6, 1, 1, 36, 68, 73, 137, 138, 95, 109, 0]"
j20,2,stnu,60,True,37,0.7444663047790527,0.027098894119262695,"[0, 0, 0, 0, 6, 6, 7, 9, 14, 19, 9, 24, 27, 9, 24, 19, 26, 15, 31, 21, 31, 0, 0, 0, 0, 0, 0, 0, 37]","""[0, 6, 9, 6, 1, 8, 4, 10, 12, 5, 6, 3, 4, 5, 2, 4, 1, 6, 6, 3, 2, 36, 68, 73, 137, 138, 95, 109, 0]"""
j20,2,proactive_quantile_0.75,60,False,inf,0.07589340209960938,inf,"[0, 0, 0, 0, 10, 10, 12, 7, 22, 16, 7, 22, 29, 12, 22, 16, 22, 13, 41, 31, 41, 0, 0, 0, 0, 0, 0, 0, 137]","""[0, 9, 4, 1, 1, 3, 5, 1, 7, 7, 3, 2, 15, 10, 3, 2, 1, 12, 4, 4, 1, 36, 68, 73, 137, 138, 95, 109, 0]"""
j20,2,reactive,60,False,inf,inf,inf,null,"[0, 9, 4, 1, 1, 3, 5, 1, 7, 7, 3, 2, 15, 10, 3, 2, 1, 12, 4, 4, 1, 36, 68, 73, 137, 138, 95, 109, 0]"
j20,2,stnu,60,True,37,0.7521116733551025,0.02748274803161621,"[0, 0, 0, 0, 9, 9, 10, 4, 17, 15, 4, 22, 24, 10, 22, 15, 24, 9, 29, 16, 29, 0, 0, 0, 0, 0, 0, 0, 37]","""[0, 9, 4, 1, 1, 8, 5, 1, 7, 7, 3, 2, 5, 6, 3, 2, 1, 4, 8, 3, 1, 36, 68, 73, 137, 138, 95, 109, 0]"""
j20,2,proactive_quantile_0.75,60,True,32,0.07342076301574707,0.0014464855194091797,"[0, 0, 0, 0, 6, 6, 8, 4, 12, 7, 4, 12, 15, 16, 22, 7, 12, 6, 26, 12, 21, 0, 0, 0, 0, 0, 0, 0, 137]","""[0, 3, 6, 3, 3, 6, 4, 4, 2, 6, 2, 4, 8, 5, 6, 3, 4, 1, 2, 3, 2, 36, 68, 73, 137, 138, 95, 109, 0]"""
j20,2,reactive,60,False,inf,inf,inf,null,"[0, 3, 6, 3, 3, 6, 4, 4, 2, 6, 2, 4, 8, 5, 6, 3, 4, 1, 2, 3, 2, 36, 68, 73, 137, 138, 95, 109, 0]"
j20,2,stnu,60,True,34,0.7719674110412598,0.027662277221679688,"[0, 0, 0, 0, 8, 3, 11, 6, 15, 10, 6, 16, 20, 11, 17, 10, 16, 8, 26, 15, 26, 0, 0, 0, 0, 0, 0, 0, 34]","""[0, 3, 6, 3, 3, 6, 4, 4, 2, 6, 2, 4, 6, 1, 6, 3, 4, 1, 8, 3, 2, 36, 68, 73, 137, 138, 95, 109, 0]"""
j20,2,proactive_quantile_0.75,60,False,inf,0.05500173568725586,inf,"[0, 0, 0, 0, 6, 6, 8, 4, 12, 7, 4, 12, 15, 16, 22, 7, 12, 6, 26, 12, 21, 0, 0, 0, 0, 0, 0, 0, 137]","""[0, 5, 2, 3, 3, 2, 1, 4, 2, 3, 1, 1, 5, 2, 3, 2, 1, 8, 3, 6, 2, 36, 68, 73, 137, 138, 95, 109, 0]"""
j20,2,reactive,60,False,inf,inf,inf,null,"[0, 5, 2, 3, 3, 2, 1, 4, 2, 3, 1, 1, 5, 2, 3, 2, 1, 8, 3, 6, 2, 36, 68, 73, 137, 138, 95, 109, 0]"
j20,2,stnu,60,True,29,0.8452844619750977,0.02802586555480957,"[0, 0, 0, 0, 5, 5, 8, 2, 13, 6, 2, 13, 16, 8, 16, 6, 13, 5, 21, 13, 21, 0, 0, 0, 0, 0, 0, 0, 29]","""[0, 5, 2, 3, 3, 2, 1, 4, 2, 3, 1, 1, 5, 8, 3, 2, 1, 8, 8, 6, 2, 36, 68, 73, 137, 138, 95, 109, 0]"""
j20,2,proactive_quantile_0.75,60,False,inf,0.0740513801574707,inf,"[0, 0, 0, 0, 6, 6, 8, 4, 12, 7, 4, 12, 15, 16, 22, 7, 12, 6, 26, 12, 21, 0, 0, 0, 0, 0, 0, 0, 137]","""[0, 7, 5, 1, 2, 5, 4, 2, 3, 1, 3, 2, 3, 3, 5, 2, 2, 1, 5, 6, 3, 36, 68, 73, 137, 138, 95, 109, 0]"""
j20,2,reactive,60,False,inf,inf,inf,null,"[0, 7, 5, 1, 2, 5, 4, 2, 3, 1, 3, 2, 3, 3, 5, 2, 2, 1, 5, 6, 3, 36, 68, 73, 137, 138, 95, 109, 0]"
j20,2,stnu,60,True,43,0.7458651065826416,0.027351856231689453,"[0, 0, 0, 0, 8, 8, 10, 10, 13, 21, 10, 26, 35, 10, 26, 21, 26, 17, 38, 21, 38, 0, 0, 0, 0, 0, 0, 0, 43]","""[0, 8, 10, 3, 2, 5, 5, 11, 3, 5, 7, 9, 3, 3, 5, 2, 11, 2, 5, 5, 2, 36, 68, 73, 137, 138, 95, 109, 0]"""
j20,2,proactive_quantile_0.75,60,False,inf,0.17080950736999512,inf,"[0, 0, 0, 0, 6, 6, 8, 4, 12, 7, 4, 12, 15, 8, 14, 7, 13, 6, 21, 12, 21, 0, 0, 0, 0, 0, 0, 0, 137]","""[0, 8, 3, 4, 1, 7, 6, 4, 3, 5, 3, 2, 6, 2, 4, 8, 5, 6, 7, 3, 4, 36, 68, 73, 137, 138, 95, 109, 0]"""
j20,2,reactive,60,False,inf,inf,inf,null,"[0, 8, 3, 4, 1, 7, 6, 4, 3, 5, 3, 2, 6, 2, 4, 8, 5, 6, 7, 3, 4, 36, 68, 73, 137, 138, 95, 109, 0]"
j20,2,stnu,60,True,30,0.8579812049865723,0.027264833450317383,"[0, 0, 0, 0, 8, 8, 9, 3, 15, 8, 4, 15, 17, 9, 17, 7, 15, 8, 24, 15, 24, 0, 0, 0, 0, 0, 0, 0, 30]","""[0, 8, 3, 4, 1, 2, 6, 4, 2, 5, 3, 2, 7, 3, 6, 8, 5, 7, 6, 5, 4, 36, 68, 73, 137, 138, 95, 109, 0]"""
j20,2,proactive_quantile_0.75,60,True,27,0.1679670810699463,0.0014090538024902344,"[0, 0, 0, 0, 6, 6, 8, 4, 12, 7, 4, 12, 15, 8, 14, 7, 13, 6, 21, 12, 21, 0, 0, 0, 0, 0, 0, 0, 137]","""[0, 2, 4, 1, 2, 4, 1, 4, 7, 2, 3, 1, 1, 9, 5, 4, 1, 5, 1, 1, 4, 36, 68, 73, 137, 138, 95, 109, 0]"""
j20,2,reactive,60,False,inf,inf,inf,null,"[0, 2, 4, 1, 2, 4, 1, 4, 7, 2, 3, 1, 1, 9, 5, 4, 1, 5, 1, 1, 4, 36, 68, 73, 137, 138, 95, 109, 0]"
j20,2,stnu,60,True,25,0.9037091732025146,0.02766871452331543,"[0, 0, 0, 0, 5, 2, 6, 4, 8, 8, 4, 10, 14, 6, 14, 8, 11, 5, 19, 8, 19, 0, 0, 0, 0, 0, 0, 0, 25]","""[0, 2, 4, 1, 1, 6, 2, 4, 1, 2, 1, 1, 1, 8, 5, 3, 1, 3, 6, 4, 2, 36, 68, 73, 137, 138, 95, 109, 0]"""
j20,2,proactive_quantile_0.75,60,True,27,0.166534423828125,0.0014524459838867188,"[0, 0, 0, 0, 6, 6, 8, 4, 12, 7, 4, 12, 15, 8, 14, 7, 13, 6, 21, 12, 21, 0, 0, 0, 0, 0, 0, 0, 137]","""[0, 5, 5, 2, 3, 3, 5, 2, 1, 4, 3, 3, 2, 1, 1, 3, 3, 1, 5, 7, 3, 36, 68, 73, 137, 138, 95, 109, 0]"""
j20,2,reactive,60,False,inf,inf,inf,null,"[0, 5, 5, 2, 3, 3, 5, 2, 1, 4, 3, 3, 2, 1, 1, 3, 3, 1, 5, 7, 3, 36, 68, 73, 137, 138, 95, 109, 0]"
j20,2,stnu,60,True,19,0.873652458190918,0.027871370315551758,"[0, 0, 0, 0, 6, 5, 8, 5, 11, 7, 5, 11, 14, 8, 14, 7, 11, 6, 16, 11, 16, 0, 0, 0, 0, 0, 0, 0, 19]","""[0, 5, 5, 2, 2, 5, 3, 2, 1, 4, 1, 3, 2, 6, 1, 1, 3, 5, 3, 2, 3, 36, 68, 73, 137, 138, 95, 109, 0]"""
j20,2,proactive_quantile_0.75,60,True,27,0.17630410194396973,0.0014684200286865234,"[0, 0, 0, 0, 6, 6, 8, 4, 12, 7, 4, 12, 15, 8, 14, 7, 13, 6, 21, 12, 21, 0, 0, 0, 0, 0, 0, 0, 137]","""[0, 5, 5, 2, 2, 7, 6, 4, 3, 4, 2, 4, 4, 9, 2, 2, 7, 6, 1, 6, 1, 36, 68, 73, 137, 138, 95, 109, 0]"""
j20,2,reactive,60,False,inf,inf,inf,null,"[0, 5, 5, 2, 2, 7, 6, 4, 3, 4, 2, 4, 4, 9, 2, 2, 7, 6, 1, 6, 1, 36, 68, 73, 137, 138, 95, 109, 0]"
j20,2,stnu,60,True,27,0.8653175830841064,0.027576446533203125,"[0, 0, 0, 0, 8, 5, 11, 5, 15, 9, 5, 15, 19, 11, 19, 9, 13, 8, 23, 15, 23, 0, 0, 0, 0, 0, 0, 0, 27]","""[0, 5, 5, 2, 3, 6, 4, 4, 2, 4, 3, 4, 4, 8, 2, 3, 7, 3, 4, 4, 2, 36, 68, 73, 137, 138, 95, 109, 0]"""
j20,2,proactive_quantile_0.75,60,False,inf,0.2612619400024414,inf,"[0, 0, 0, 0, 7, 18, 9, 9, 20, 29, 9, 22, 15, 33, 20, 25, 22, 39, 39, 42, 36, 0, 0, 0, 0, 0, 0, 0, 0, 0, 173]","""[0, 12, 2, 10, 3, 7, 2, 11, 2, 4, 3, 2, 1, 2, 1, 11, 5, 3, 2, 3, 7, 174, 28, 80, 51, 27, 118, 26, 131, 103, 0]"""
j20,2,reactive,60,False,inf,inf,inf,null,"[0, 12, 2, 10, 3, 7, 2, 11, 2, 4, 3, 2, 1, 2, 1, 11, 5, 3, 2, 3, 7, 174, 28, 80, 51, 27, 118, 26, 131, 103, 0]"
j20,2,stnu,60,False,inf,0.8563077449798584,inf,[],"""[0, 12, 2, 10, 3, 7, 2, 4, 3, 4, 12, 3, 1, 2, 1, 7, 5, 3, 2, 3, 7, 174, 28, 80, 51, 27, 118, 26, 131, 103, 0]"""
j20,2,proactive_quantile_0.75,60,False,inf,0.23550653457641602,inf,"[0, 0, 6, 0, 6, 25, 15, 9, 20, 36, 12, 22, 17, 36, 23, 25, 25, 46, 42, 49, 36, 0, 0, 0, 0, 0, 0, 0, 0, 0, 173]","""[0, 12, 9, 6, 8, 8, 1, 14, 2, 4, 15, 1, 4, 5, 3, 4, 11, 3, 8, 6, 5, 174, 28, 80, 51, 27, 118, 26, 131, 103, 0]"""
j20,2,reactive,60,False,inf,inf,inf,null,"[0, 12, 9, 6, 8, 8, 1, 14, 2, 4, 15, 1, 4, 5, 3, 4, 11, 3, 8, 6, 5, 174, 28, 80, 51, 27, 118, 26, 131, 103, 0]"
j20,2,stnu,60,False,inf,0.7048187255859375,inf,[],"""[0, 2, 3, 9, 1, 2, 1, 2, 2, 4, 2, 3, 4, 5, 3, 15, 3, 1, 14, 4, 5, 174, 28, 80, 51, 27, 118, 26, 131, 103, 0]"""
j20,2,proactive_quantile_0.75,60,False,inf,0.11948060989379883,inf,"[0, 0, 6, 0, 6, 25, 15, 9, 20, 36, 12, 22, 17, 36, 23, 25, 25, 46, 42, 49, 36, 0, 0, 0, 0, 0, 0, 0, 0, 0, 173]","""[0, 1, 6, 6, 8, 11, 2, 14, 2, 12, 5, 2, 1, 1, 3, 15, 13, 3, 9, 4, 7, 174, 28, 80, 51, 27, 118, 26, 131, 103, 0]"""
j20,2,reactive,60,False,inf,inf,inf,null,"[0, 1, 6, 6, 8, 11, 2, 14, 2, 12, 5, 2, 1, 1, 3, 15, 13, 3, 9, 4, 7, 174, 28, 80, 51, 27, 118, 26, 131, 103, 0]"
j20,2,stnu,60,False,inf,0.7973809242248535,inf,[],"""[0, 1, 6, 7, 2, 11, 7, 3, 2, 12, 7, 4, 1, 1, 3, 14, 13, 3, 9, 4, 7, 174, 28, 80, 51, 27, 118, 26, 131, 103, 0]"""
j20,2,proactive_quantile_0.75,60,False,inf,0.10661125183105469,inf,"[0, 0, 6, 0, 6, 23, 13, 6, 13, 27, 8, 22, 15, 25, 20, 25, 20, 36, 31, 38, 30, 0, 0, 0, 0, 0, 0, 0, 0, 0, 173]","""[0, 2, 8, 8, 1, 2, 3, 9, 1, 1, 14, 2, 2, 2, 2, 14, 1, 2, 4, 5, 8, 174, 28, 80, 51, 27, 118, 26, 131, 103, 0]"""
j20,2,reactive,60,False,inf,inf,inf,null,"[0, 2, 8, 8, 1, 2, 3, 9, 1, 1, 14, 2, 2, 2, 2, 14, 1, 2, 4, 5, 8, 174, 28, 80, 51, 27, 118, 26, 131, 103, 0]"
j20,2,stnu,60,False,inf,0.8122377395629883,inf,[],"""[0, 7, 4, 3, 1, 7, 2, 9, 2, 2, 10, 2, 2, 2, 2, 14, 3, 3, 9, 5, 8, 174, 28, 80, 51, 27, 118, 26, 131, 103, 0]"""
j20,2,proactive_quantile_0.75,60,False,inf,0.13506031036376953,inf,"[0, 0, 6, 0, 6, 23, 13, 6, 13, 27, 8, 22, 15, 25, 20, 25, 20, 36, 31, 38, 30, 0, 0, 0, 0, 0, 0, 0, 0, 0, 173]","""[0, 8, 3, 6, 2, 3, 1, 3, 2, 1, 5, 1, 3, 4, 1, 8, 3, 1, 13, 1, 5, 174, 28, 80, 51, 27, 118, 26, 131, 103, 0]"""
j20,2,reactive,60,False,inf,inf,inf,null,"[0, 8, 3, 6, 2, 3, 1, 3, 2, 1, 5, 1, 3, 4, 1, 8, 3, 1, 13, 1, 5, 174, 28, 80, 51, 27, 118, 26, 131, 103, 0]"
j20,2,stnu,60,False,inf,0.7462790012359619,inf,[],"""[0, 11, 2, 4, 2, 15, 8, 3, 2, 12, 7, 1, 3, 4, 1, 11, 8, 2, 11, 1, 1, 174, 28, 80, 51, 27, 118, 26, 131, 103, 0]"""
j20,2,proactive_quantile_0.75,60,False,inf,0.24001526832580566,inf,"[0, 0, 0, 0, 7, 18, 9, 9, 20, 29, 9, 22, 15, 33, 20, 25, 22, 39, 39, 42, 36, 0, 0, 0, 0, 0, 0, 0, 0, 0, 173]","""[0, 4, 8, 2, 1, 11, 5, 13, 1, 13, 4, 3, 1, 6, 1, 9, 3, 4, 9, 6, 8, 174, 28, 80, 51, 27, 118, 26, 131, 103, 0]"""
j20,2,reactive,60,False,inf,inf,inf,null,"[0, 4, 8, 2, 1, 11, 5, 13, 1, 13, 4, 3, 1, 6, 1, 9, 3, 4, 9, 6, 8, 174, 28, 80, 51, 27, 118, 26, 131, 103, 0]"
j20,2,stnu,60,False,inf,0.8589210510253906,inf,[],"""[0, 1, 6, 9, 1, 1, 3, 1, 3, 1, 4, 13, 1, 6, 1, 11, 1, 1, 15, 4, 1, 174, 28, 80, 51, 27, 118, 26, 131, 103, 0]"""
j20,2,proactive_quantile_0.75,60,False,inf,0.1065666675567627,inf,"[0, 0, 6, 0, 6, 23, 13, 6, 13, 27, 8, 22, 15, 25, 20, 25, 20, 36, 31, 38, 30, 0, 0, 0, 0, 0, 0, 0, 0, 0, 173]","""[0, 1, 3, 6, 2, 4, 3, 3, 3, 3, 5, 1, 2, 2, 3, 4, 3, 1, 4, 3, 6, 174, 28, 80, 51, 27, 118, 26, 131, 103, 0]"""
j20,2,reactive,60,False,inf,inf,inf,null,"[0, 1, 3, 6, 2, 4, 3, 3, 3, 3, 5, 1, 2, 2, 3, 4, 3, 1, 4, 3, 6, 174, 28, 80, 51, 27, 118, 26, 131, 103, 0]"
j20,2,stnu,60,False,inf,0.7346644401550293,inf,[],"""[0, 5, 3, 6, 2, 12, 3, 11, 3, 4, 5, 2, 2, 2, 3, 4, 14, 2, 2, 3, 2, 174, 28, 80, 51, 27, 118, 26, 131, 103, 0]"""
j20,2,proactive_quantile_0.75,60,False,inf,0.21369194984436035,inf,"[0, 0, 0, 0, 7, 18, 9, 9, 20, 29, 9, 22, 15, 33, 20, 25, 22, 39, 39, 42, 36, 0, 0, 0, 0, 0, 0, 0, 0, 0, 173]","""[0, 3, 7, 1, 1, 6, 2, 10, 2, 9, 12, 4, 4, 4, 1, 7, 12, 4, 2, 5, 4, 174, 28, 80, 51, 27, 118, 26, 131, 103, 0]"""
j20,2,reactive,60,False,inf,inf,inf,null,"[0, 3, 7, 1, 1, 6, 2, 10, 2, 9, 12, 4, 4, 4, 1, 7, 12, 4, 2, 5, 4, 174, 28, 80, 51, 27, 118, 26, 131, 103, 0]"
j20,2,stnu,60,False,inf,0.7139055728912354,inf,[],"""[0, 6, 7, 5, 1, 4, 2, 5, 3, 3, 3, 8, 4, 4, 1, 16, 2, 3, 10, 5, 3, 174, 28, 80, 51, 27, 118, 26, 131, 103, 0]"""
j20,2,proactive_quantile_0.75,60,False,inf,0.13403630256652832,inf,"[0, 0, 6, 0, 6, 23, 13, 6, 13, 27, 8, 22, 15, 25, 20, 25, 20, 36, 31, 38, 30, 0, 0, 0, 0, 0, 0, 0, 0, 0, 173]","""[0, 5, 3, 7, 2, 1, 3, 8, 2, 3, 6, 1, 2, 7, 1, 4, 1, 1, 10, 2, 6, 174, 28, 80, 51, 27, 118, 26, 131, 103, 0]"""
j20,2,reactive,60,False,inf,inf,inf,null,"[0, 5, 3, 7, 2, 1, 3, 8, 2, 3, 6, 1, 2, 7, 1, 4, 1, 1, 10, 2, 6, 174, 28, 80, 51, 27, 118, 26, 131, 103, 0]"
j20,2,stnu,60,False,inf,0.7613978385925293,inf,[],"""[0, 5, 3, 7, 2, 3, 3, 8, 3, 3, 13, 8, 2, 7, 1, 8, 4, 1, 10, 9, 2, 174, 28, 80, 51, 27, 118, 26, 131, 103, 0]"""
j20,2,proactive_quantile_0.75,60,False,inf,0.18468999862670898,inf,"[0, 0, 0, 0, 7, 16, 11, 7, 18, 27, 9, 22, 13, 28, 20, 25, 25, 37, 35, 44, 28, 0, 0, 0, 0, 0, 0, 0, 0, 0, 173]","""[0, 2, 7, 7, 1, 6, 1, 10, 3, 4, 14, 4, 4, 1, 3, 13, 3, 4, 6, 7, 2, 174, 28, 80, 51, 27, 118, 26, 131, 103, 0]"""
j20,2,reactive,60,False,inf,inf,inf,null,"[0, 2, 7, 7, 1, 6, 1, 10, 3, 4, 14, 4, 4, 1, 3, 13, 3, 4, 6, 7, 2, 174, 28, 80, 51, 27, 118, 26, 131, 103, 0]"
j20,2,stnu,60,False,inf,0.7223145961761475,inf,[],"""[0, 2, 1, 4, 1, 6, 1, 7, 3, 2, 9, 3, 4, 1, 3, 6, 3, 1, 6, 9, 2, 174, 28, 80, 51, 27, 118, 26, 131, 103, 0]"""
j20,2,proactive_quantile_0.75,60,False,inf,0.06884884834289551,inf,"[0, 0, 0, 0, 2, 2, 2, 7, 4, 10, 13, 13, 14, 9, 17, 19, 21, 30, 36, 36, 12, 0, 76]","""[0, 1, 2, 3, 1, 3, 3, 2, 8, 2, 4, 4, 4, 4, 3, 1, 2, 3, 2, 11, 2, 77, 0]"""
j20,2,reactive,60,False,inf,inf,inf,null,"[0, 1, 2, 3, 1, 3, 3, 2, 8, 2, 4, 4, 4, 4, 3, 1, 2, 3, 2, 11, 2, 77, 0]"
j20,2,stnu,60,True,38,0.924492359161377,0.01909017562866211,"[0, 0, 0, 0, 2, 2, 2, 5, 5, 14, 16, 16, 16, 7, 20, 20, 21, 26, 36, 23, 14, 0, 38]","""[0, 1, 2, 4, 1, 3, 3, 2, 9, 2, 4, 4, 4, 4, 3, 1, 2, 10, 2, 3, 2, 77, 0]"""
j20,2,proactive_quantile_0.75,60,False,inf,0.06508946418762207,inf,"[0, 0, 0, 0, 2, 2, 2, 7, 4, 10, 13, 13, 14, 9, 17, 19, 21, 30, 36, 36, 12, 0, 76]","""[0, 3, 2, 1, 2, 3, 11, 3, 8, 1, 2, 1, 4, 1, 8, 2, 6, 4, 3, 3, 1, 77, 0]"""
j20,2,reactive,60,False,inf,inf,inf,null,"[0, 3, 2, 1, 2, 3, 11, 3, 8, 1, 2, 1, 4, 1, 8, 2, 6, 4, 3, 3, 1, 77, 0]"
j20,2,stnu,60,True,38,0.7802703380584717,0.018930435180664062,"[0, 0, 0, 0, 3, 3, 3, 7, 6, 10, 15, 14, 15, 10, 19, 19, 21, 33, 35, 32, 14, 0, 38]","""[0, 3, 2, 7, 2, 3, 11, 3, 4, 1, 2, 1, 4, 1, 13, 2, 6, 2, 3, 1, 1, 77, 0]"""
j20,2,proactive_quantile_0.75,60,False,inf,0.05844926834106445,inf,"[0, 0, 0, 0, 2, 2, 2, 7, 4, 10, 13, 13, 14, 9, 17, 19, 21, 30, 36, 36, 12, 0, 76]","""[0, 2, 2, 5, 2, 2, 13, 2, 3, 3, 6, 1, 3, 3, 12, 2, 4, 8, 3, 13, 3, 77, 0]"""
j20,2,reactive,60,False,inf,inf,inf,null,"[0, 2, 2, 5, 2, 2, 13, 2, 3, 3, 6, 1, 3, 3, 12, 2, 4, 8, 3, 13, 3, 77, 0]"
j20,2,stnu,60,True,43,0.7168710231781006,0.01900482177734375,"[0, 0, 0, 0, 2, 2, 2, 4, 4, 6, 18, 15, 18, 6, 21, 24, 26, 31, 40, 28, 15, 0, 43]","""[0, 2, 2, 1, 2, 2, 13, 2, 1, 3, 6, 1, 3, 3, 7, 2, 4, 9, 3, 3, 3, 77, 0]"""
j20,2,proactive_quantile_0.75,60,True,47,0.28829407691955566,0.0004513263702392578,"[0, 0, 0, 0, 2, 2, 2, 7, 4, 10, 13, 13, 14, 9, 17, 19, 21, 30, 36, 36, 12, 0, 76]","""[0, 2, 1, 1, 2, 3, 6, 3, 3, 3, 4, 3, 4, 1, 4, 3, 2, 5, 2, 6, 1, 77, 0]"""
j20,2,reactive,60,False,inf,inf,inf,null,"[0, 2, 1, 1, 2, 3, 6, 3, 3, 3, 4, 3, 4, 1, 4, 3, 2, 5, 2, 6, 1, 77, 0]"
j20,2,stnu,60,True,30,0.7361631393432617,0.01898789405822754,"[0, 0, 0, 0, 2, 2, 2, 9, 5, 14, 17, 17, 17, 12, 21, 21, 24, 26, 28, 24, 14, 0, 30]","""[0, 2, 1, 9, 2, 3, 6, 3, 9, 3, 4, 3, 4, 1, 3, 3, 2, 2, 2, 1, 1, 77, 0]"""
j20,2,proactive_quantile_0.75,60,False,inf,0.14533424377441406,inf,"[0, 0, 0, 0, 2, 2, 2, 7, 4, 10, 13, 13, 14, 9, 17, 19, 21, 30, 36, 36, 12, 0, 76]","""[0, 3, 2, 8, 1, 3, 10, 3, 5, 2, 4, 3, 4, 4, 12, 1, 5, 5, 2, 4, 1, 77, 0]"""
j20,2,reactive,60,False,inf,inf,inf,null,"[0, 3, 2, 8, 1, 3, 10, 3, 5, 2, 4, 3, 4, 4, 12, 1, 5, 5, 2, 4, 1, 77, 0]"
j20,2,stnu,60,True,31,0.7509517669677734,0.019432544708251953,"[0, 0, 0, 0, 3, 3, 3, 6, 6, 9, 14, 13, 14, 9, 18, 18, 19, 24, 29, 21, 13, 0, 31]","""[0, 3, 2, 2, 1, 3, 10, 3, 2, 2, 4, 3, 4, 4, 3, 1, 5, 5, 2, 1, 1, 77, 0]"""
j20,2,proactive_quantile_0.75,60,False,inf,0.06867456436157227,inf,"[0, 0, 0, 0, 2, 2, 2, 7, 4, 10, 13, 13, 14, 9, 17, 19, 21, 30, 36, 36, 12, 0, 76]","""[0, 2, 3, 3, 3, 1, 10, 1, 8, 4, 3, 4, 4, 4, 15, 1, 6, 8, 1, 5, 3, 77, 0]"""
j20,2,reactive,60,False,inf,inf,inf,null,"[0, 2, 3, 3, 3, 1, 10, 1, 8, 4, 3, 4, 4, 4, 15, 1, 6, 8, 1, 5, 3, 77, 0]"
j20,2,stnu,60,True,43,0.7503330707550049,0.01896214485168457,"[0, 0, 0, 0, 3, 3, 3, 8, 6, 14, 18, 18, 18, 9, 22, 22, 23, 37, 42, 34, 14, 0, 43]","""[0, 2, 3, 8, 3, 1, 10, 1, 8, 4, 3, 4, 4, 4, 12, 1, 6, 5, 1, 3, 3, 77, 0]"""
j20,2,proactive_quantile_0.75,60,True,53,0.06337165832519531,0.0004031658172607422,"[0, 0, 0, 0, 9, 9, 11, 13, 11, 20, 23, 23, 25, 15, 29, 30, 34, 43, 50, 39, 21, 0, 76]","""[0, 2, 3, 8, 1, 2, 7, 2, 1, 3, 1, 1, 1, 6, 6, 2, 7, 4, 2, 7, 5, 77, 0]"""
j20,2,reactive,60,True,49,0.06337165832519531,0.38042354583740234,"[0, 0, 0, 0, 9, 9, 11, 13, 11, 20, 23, 23, 25, 15, 29, 30, 34, 43, 47, 39, 21, 0, 49]","[0, 2, 3, 8, 1, 2, 7, 2, 1, 3, 1, 1, 1, 6, 6, 2, 7, 4, 2, 7, 5, 77, 0]"
j20,2,stnu,60,True,35,0.735973596572876,0.018961668014526367,"[0, 0, 0, 0, 2, 2, 2, 4, 3, 12, 15, 15, 15, 6, 16, 18, 21, 28, 32, 22, 12, 0, 35]","""[0, 2, 2, 4, 1, 1, 10, 2, 9, 3, 3, 1, 1, 2, 6, 3, 7, 4, 3, 3, 1, 77, 0]"""
j20,2,proactive_quantile_0.75,60,True,53,0.06669330596923828,0.00043654441833496094,"[0, 0, 0, 0, 9, 9, 11, 13, 11, 20, 23, 23, 25, 15, 29, 30, 34, 43, 50, 39, 21, 0, 76]","""[0, 2, 10, 1, 2, 4, 1, 2, 8, 4, 8, 6, 2, 9, 3, 6, 5, 2, 3, 3, 2, 77, 0]"""
j20,2,reactive,60,False,inf,inf,inf,null,"[0, 2, 10, 1, 2, 4, 1, 2, 8, 4, 8, 6, 2, 9, 3, 6, 5, 2, 3, 3, 2, 77, 0]"
j20,2,stnu,60,True,31,0.8862674236297607,0.019033432006835938,"[0, 0, 0, 0, 3, 3, 3, 10, 5, 12, 16, 16, 16, 12, 19, 20, 22, 27, 29, 22, 13, 0, 31]","""[0, 3, 1, 10, 2, 1, 6, 2, 3, 4, 4, 3, 2, 1, 3, 2, 5, 2, 2, 2, 1, 77, 0]"""
j20,2,proactive_quantile_0.75,60,False,inf,0.0730900764465332,inf,"[0, 0, 0, 0, 2, 2, 2, 7, 4, 10, 13, 13, 14, 9, 17, 19, 21, 30, 36, 36, 12, 0, 76]","""[0, 2, 2, 10, 2, 3, 5, 1, 8, 2, 2, 1, 3, 2, 12, 1, 6, 6, 1, 5, 1, 77, 0]"""
j20,2,reactive,60,False,inf,inf,inf,null,"[0, 2, 2, 10, 2, 3, 5, 1, 8, 2, 2, 1, 3, 2, 12, 1, 6, 6, 1, 5, 1, 77, 0]"
j20,2,stnu,60,True,39,0.7366757392883301,0.019095897674560547,"[0, 0, 0, 0, 2, 2, 2, 6, 5, 11, 13, 13, 13, 7, 16, 16, 17, 29, 38, 26, 11, 0, 39]","""[0, 2, 2, 6, 2, 3, 5, 1, 6, 2, 2, 1, 3, 2, 10, 1, 6, 9, 1, 3, 1, 77, 0]"""
j20,2,proactive_quantile_0.75,60,False,inf,0.054960012435913086,inf,"[0, 0, 0, 0, 2, 2, 2, 7, 4, 10, 13, 13, 14, 9, 17, 19, 21, 30, 36, 36, 12, 0, 76]","""[0, 2, 1, 5, 1, 2, 7, 2, 9, 3, 7, 2, 3, 1, 13, 2, 8, 7, 2, 7, 2, 77, 0]"""
j20,2,reactive,60,False,inf,inf,inf,null,"[0, 2, 1, 5, 1, 2, 7, 2, 9, 3, 7, 2, 3, 1, 13, 2, 8, 7, 2, 7, 2, 77, 0]"
j20,2,stnu,60,True,42,0.7216567993164062,0.01905369758605957,"[0, 0, 0, 0, 2, 2, 2, 4, 4, 13, 16, 16, 16, 6, 19, 23, 25, 35, 40, 32, 13, 0, 42]","""[0, 2, 1, 3, 1, 2, 7, 2, 9, 3, 7, 2, 3, 1, 13, 2, 8, 5, 2, 3, 2, 77, 0]"""
j20,2,proactive_quantile_0.75,60,False,inf,0.14040470123291016,inf,"[0, 0, 27, 0, 7, 10, 7, 21, 21, 23, 10, 51, 45, 36, 29, 36, 42, 52, 64, 54, 42, 0, 0, 0, 0, 0, 0, 0, 0, 0, 0, 0, 116]","""[0, 1, 10, 2, 2, 13, 3, 5, 2, 8, 5, 2, 2, 3, 3, 1, 12, 5, 1, 6, 2, 69, 70, 50, 30, 62, 59, 96, 117, 115, 78, 88, 0]"""
j20,2,reactive,60,False,inf,inf,inf,null,"[0, 1, 10, 2, 2, 13, 3, 5, 2, 8, 5, 2, 2, 3, 3, 1, 12, 5, 1, 6, 2, 69, 70, 50, 30, 62, 59, 96, 117, 115, 78, 88, 0]"
j20,2,stnu,60,False,inf,0.8475193977355957,inf,[],"""[0, 1, 10, 2, 2, 13, 14, 4, 2, 8, 5, 2, 2, 3, 3, 1, 12, 5, 1, 6, 2, 69, 70, 50, 30, 62, 59, 96, 117, 115, 78, 88, 0]"""
j20,2,proactive_quantile_0.75,60,False,inf,0.2108166217803955,inf,"[0, 0, 27, 0, 7, 10, 7, 21, 21, 23, 10, 51, 45, 36, 29, 36, 42, 52, 64, 54, 42, 0, 0, 0, 0, 0, 0, 0, 0, 0, 0, 0, 116]","""[0, 4, 4, 5, 4, 13, 4, 5, 1, 8, 4, 1, 9, 2, 4, 7, 10, 1, 10, 5, 2, 69, 70, 50, 30, 62, 59, 96, 117, 115, 78, 88, 0]"""
j20,2,reactive,60,False,inf,inf,inf,null,"[0, 4, 4, 5, 4, 13, 4, 5, 1, 8, 4, 1, 9, 2, 4, 7, 10, 1, 10, 5, 2, 69, 70, 50, 30, 62, 59, 96, 117, 115, 78, 88, 0]"
j20,2,stnu,60,False,inf,0.7580883502960205,inf,[],"""[0, 4, 4, 5, 4, 13, 3, 6, 1, 8, 4, 1, 9, 2, 4, 7, 10, 1, 10, 5, 2, 69, 70, 50, 30, 62, 59, 96, 117, 115, 78, 88, 0]"""
j20,2,proactive_quantile_0.75,60,False,inf,0.1300039291381836,inf,"[0, 0, 27, 0, 7, 10, 7, 21, 21, 23, 10, 51, 45, 36, 29, 36, 42, 52, 64, 54, 42, 0, 0, 0, 0, 0, 0, 0, 0, 0, 0, 0, 116]","""[0, 2, 7, 7, 1, 12, 1, 1, 2, 2, 5, 4, 9, 9, 3, 2, 12, 2, 3, 9, 2, 69, 70, 50, 30, 62, 59, 96, 117, 115, 78, 88, 0]"""
j20,2,reactive,60,False,inf,inf,inf,null,"[0, 2, 7, 7, 1, 12, 1, 1, 2, 2, 5, 4, 9, 9, 3, 2, 12, 2, 3, 9, 2, 69, 70, 50, 30, 62, 59, 96, 117, 115, 78, 88, 0]"
j20,2,stnu,60,False,inf,0.7630431652069092,inf,[],"""[0, 2, 7, 7, 1, 12, 11, 4, 2, 2, 5, 4, 9, 9, 3, 2, 12, 2, 3, 9, 2, 69, 70, 50, 30, 62, 59, 96, 117, 115, 78, 88, 0]"""
j20,2,proactive_quantile_0.75,60,False,inf,0.1015164852142334,inf,"[0, 0, 27, 0, 7, 10, 7, 21, 21, 23, 10, 51, 45, 36, 29, 36, 42, 52, 64, 54, 42, 0, 0, 0, 0, 0, 0, 0, 0, 0, 0, 0, 116]","""[0, 8, 6, 6, 2, 13, 1, 1, 1, 4, 5, 2, 7, 2, 2, 3, 13, 5, 7, 11, 4, 69, 70, 50, 30, 62, 59, 96, 117, 115, 78, 88, 0]"""
j20,2,reactive,60,False,inf,inf,inf,null,"[0, 8, 6, 6, 2, 13, 1, 1, 1, 4, 5, 2, 7, 2, 2, 3, 13, 5, 7, 11, 4, 69, 70, 50, 30, 62, 59, 96, 117, 115, 78, 88, 0]"
j20,2,stnu,60,False,inf,0.9086017608642578,inf,[],"""[0, 8, 6, 6, 2, 13, 16, 2, 1, 4, 5, 2, 7, 2, 2, 3, 13, 5, 7, 11, 4, 69, 70, 50, 30, 62, 59, 96, 117, 115, 78, 88, 0]"""
j20,2,proactive_quantile_0.75,60,True,71,0.10025978088378906,0.0016829967498779297,"[0, 0, 27, 0, 7, 10, 7, 21, 21, 23, 10, 51, 45, 36, 29, 36, 42, 52, 64, 54, 42, 0, 0, 0, 0, 0, 0, 0, 0, 0, 0, 0, 116]","""[0, 7, 2, 7, 1, 7, 1, 5, 2, 7, 2, 3, 5, 4, 4, 3, 2, 3, 8, 4, 4, 69, 70, 50, 30, 62, 59, 96, 117, 115, 78, 88, 0]"""
j20,2,reactive,60,True,72,0.10025978088378906,0.6836199760437012,"[0, 0, 27, 0, 7, 10, 7, 21, 21, 23, 10, 51, 45, 36, 29, 36, 42, 52, 64, 54, 42, 0, 0, 0, 0, 0, 0, 0, 0, 0, 0, 0, 72]","[0, 7, 2, 7, 1, 7, 1, 5, 2, 7, 2, 3, 5, 4, 4, 3, 2, 3, 8, 4, 4, 69, 70, 50, 30, 62, 59, 96, 117, 115, 78, 88, 0]"
j20,2,stnu,60,False,inf,0.8181819915771484,inf,[],"""[0, 7, 2, 7, 1, 7, 4, 5, 2, 7, 2, 3, 5, 4, 4, 3, 2, 3, 8, 4, 4, 69, 70, 50, 30, 62, 59, 96, 117, 115, 78, 88, 0]"""
j20,2,proactive_quantile_0.75,60,False,inf,0.21134138107299805,inf,"[0, 0, 13, 0, 7, 22, 2, 9, 33, 35, 9, 48, 22, 37, 35, 38, 50, 59, 63, 37, 7, 0, 0, 0, 0, 0, 0, 0, 0, 0, 0, 0, 116]","""[0, 2, 8, 7, 3, 9, 2, 6, 1, 1, 5, 3, 3, 14, 3, 15, 4, 4, 10, 5, 3, 69, 70, 50, 30, 62, 59, 96, 117, 115, 78, 88, 0]"""
j20,2,reactive,60,False,inf,inf,inf,null,"[0, 2, 8, 7, 3, 9, 2, 6, 1, 1, 5, 3, 3, 14, 3, 15, 4, 4, 10, 5, 3, 69, 70, 50, 30, 62, 59, 96, 117, 115, 78, 88, 0]"
j20,2,stnu,60,False,inf,0.8275444507598877,inf,[],"""[0, 3, 8, 7, 1, 9, 5, 6, 1, 3, 5, 3, 4, 2, 1, 7, 6, 4, 10, 10, 1, 69, 70, 50, 30, 62, 59, 96, 117, 115, 78, 88, 0]"""
j20,2,proactive_quantile_0.75,60,False,inf,0.08758163452148438,inf,"[0, 0, 27, 0, 7, 10, 7, 21, 21, 23, 10, 51, 45, 36, 29, 36, 42, 52, 64, 54, 42, 0, 0, 0, 0, 0, 0, 0, 0, 0, 0, 0, 116]","""[0, 1, 3, 7, 1, 5, 3, 3, 2, 6, 9, 4, 3, 4, 2, 6, 5, 2, 2, 11, 3, 69, 70, 50, 30, 62, 59, 96, 117, 115, 78, 88, 0]"""
j20,2,reactive,60,False,inf,inf,inf,null,"[0, 1, 3, 7, 1, 5, 3, 3, 2, 6, 9, 4, 3, 4, 2, 6, 5, 2, 2, 11, 3, 69, 70, 50, 30, 62, 59, 96, 117, 115, 78, 88, 0]"
j20,2,stnu,60,False,inf,0.8575234413146973,inf,[],"""[0, 1, 3, 7, 1, 5, 16, 2, 2, 6, 9, 4, 3, 4, 2, 6, 5, 2, 2, 11, 3, 69, 70, 50, 30, 62, 59, 96, 117, 115, 78, 88, 0]"""
j20,2,proactive_quantile_0.75,60,False,inf,0.11509823799133301,inf,"[0, 0, 27, 0, 7, 10, 7, 21, 21, 23, 10, 51, 45, 36, 29, 36, 42, 52, 64, 54, 42, 0, 0, 0, 0, 0, 0, 0, 0, 0, 0, 0, 116]","""[0, 9, 12, 2, 1, 8, 2, 7, 1, 4, 8, 1, 7, 7, 3, 6, 5, 2, 10, 4, 2, 69, 70, 50, 30, 62, 59, 96, 117, 115, 78, 88, 0]"""
j20,2,reactive,60,False,inf,inf,inf,null,"[0, 9, 12, 2, 1, 8, 2, 7, 1, 4, 8, 1, 7, 7, 3, 6, 5, 2, 10, 4, 2, 69, 70, 50, 30, 62, 59, 96, 117, 115, 78, 88, 0]"
j20,2,stnu,60,False,inf,0.8178551197052002,inf,[],"""[0, 9, 12, 2, 1, 8, 7, 1, 1, 4, 8, 1, 7, 7, 3, 6, 5, 2, 10, 4, 2, 69, 70, 50, 30, 62, 59, 96, 117, 115, 78, 88, 0]"""
j20,2,proactive_quantile_0.75,60,False,inf,0.09172940254211426,inf,"[0, 0, 27, 0, 7, 10, 7, 21, 21, 23, 10, 51, 45, 36, 29, 36, 42, 52, 64, 54, 42, 0, 0, 0, 0, 0, 0, 0, 0, 0, 0, 0, 116]","""[0, 9, 8, 2, 4, 11, 2, 1, 1, 4, 6, 2, 8, 8, 1, 9, 13, 1, 2, 8, 4, 69, 70, 50, 30, 62, 59, 96, 117, 115, 78, 88, 0]"""
j20,2,reactive,60,False,inf,inf,inf,null,"[0, 9, 8, 2, 4, 11, 2, 1, 1, 4, 6, 2, 8, 8, 1, 9, 13, 1, 2, 8, 4, 69, 70, 50, 30, 62, 59, 96, 117, 115, 78, 88, 0]"
j20,2,stnu,60,False,inf,0.8231456279754639,inf,[],"""[0, 9, 8, 2, 4, 11, 6, 1, 1, 4, 6, 2, 8, 8, 1, 9, 13, 1, 2, 8, 4, 69, 70, 50, 30, 62, 59, 96, 117, 115, 78, 88, 0]"""
j20,2,proactive_quantile_0.75,60,False,inf,0.15737605094909668,inf,"[0, 0, 27, 0, 7, 10, 7, 21, 21, 23, 10, 51, 45, 36, 29, 36, 42, 52, 64, 54, 42, 0, 0, 0, 0, 0, 0, 0, 0, 0, 0, 0, 116]","""[0, 4, 9, 2, 1, 11, 2, 6, 2, 7, 7, 1, 9, 6, 1, 6, 2, 4, 7, 8, 1, 69, 70, 50, 30, 62, 59, 96, 117, 115, 78, 88, 0]"""
j20,2,reactive,60,False,inf,inf,inf,null,"[0, 4, 9, 2, 1, 11, 2, 6, 2, 7, 7, 1, 9, 6, 1, 6, 2, 4, 7, 8, 1, 69, 70, 50, 30, 62, 59, 96, 117, 115, 78, 88, 0]"
j20,2,stnu,60,False,inf,0.7322988510131836,inf,[],"""[0, 4, 9, 2, 1, 11, 5, 2, 2, 7, 7, 1, 9, 6, 1, 6, 2, 4, 7, 8, 1, 69, 70, 50, 30, 62, 59, 96, 117, 115, 78, 88, 0]"""
j20,2,proactive_quantile_0.75,60,True,37,0.06802868843078613,0.0007326602935791016,"[0, 0, 0, 0, 3, 3, 4, 3, 10, 7, 14, 21, 13, 17, 17, 21, 27, 27, 30, 31, 21, 0, 0, 117]","""[0, 4, 3, 3, 4, 10, 5, 6, 3, 7, 8, 8, 2, 4, 12, 2, 4, 5, 4, 2, 7, 118, 116, 0]"""
j20,2,reactive,60,False,inf,inf,inf,null,"[0, 4, 3, 3, 4, 10, 5, 6, 3, 7, 8, 8, 2, 4, 12, 2, 4, 5, 4, 2, 7, 118, 116, 0]"
j20,2,stnu,60,True,39,0.7285091876983643,0.019438505172729492,"[0, 0, 0, 0, 3, 3, 4, 3, 9, 4, 13, 12, 11, 13, 13, 21, 23, 23, 28, 28, 21, 0, 0, 39]","""[0, 4, 3, 3, 4, 10, 5, 6, 3, 7, 8, 8, 2, 4, 5, 2, 4, 5, 11, 2, 7, 118, 116, 0]"""
j20,2,proactive_quantile_0.75,60,False,inf,0.10038423538208008,inf,"[0, 0, 0, 0, 3, 3, 4, 3, 10, 7, 14, 21, 13, 17, 17, 21, 27, 27, 30, 31, 21, 0, 0, 117]","""[0, 5, 1, 1, 8, 9, 9, 8, 9, 1, 8, 9, 2, 6, 10, 4, 1, 5, 1, 8, 4, 118, 116, 0]"""
j20,2,reactive,60,False,inf,inf,inf,null,"[0, 5, 1, 1, 8, 9, 9, 8, 9, 1, 8, 9, 2, 6, 10, 4, 1, 5, 1, 8, 4, 118, 116, 0]"
j20,2,stnu,60,True,27,0.7736823558807373,0.019164085388183594,"[0, 0, 0, 0, 3, 3, 6, 3, 7, 3, 6, 11, 6, 9, 9, 11, 20, 17, 19, 23, 9, 0, 0, 27]","""[0, 3, 1, 3, 2, 2, 1, 3, 2, 3, 1, 8, 3, 2, 10, 6, 3, 3, 8, 2, 6, 118, 116, 0]"""
j20,2,proactive_quantile_0.75,60,True,24,0.057822465896606445,0.0006480216979980469,"[0, 0, 0, 0, 2, 5, 3, 2, 6, 3, 9, 9, 6, 9, 9, 13, 18, 17, 18, 20, 13, 0, 0, 117]","""[0, 4, 3, 1, 5, 5, 3, 2, 4, 2, 2, 4, 2, 2, 9, 2, 3, 3, 1, 2, 2, 118, 116, 0]"""
j20,2,reactive,60,False,inf,inf,inf,null,"[0, 4, 3, 1, 5, 5, 3, 2, 4, 2, 2, 4, 2, 2, 9, 2, 3, 3, 1, 2, 2, 118, 116, 0]"
j20,2,stnu,60,True,25,0.7442529201507568,0.019170284271240234,"[0, 0, 0, 0, 3, 3, 6, 3, 9, 4, 8, 13, 8, 10, 10, 13, 18, 15, 17, 21, 13, 0, 0, 25]","""[0, 4, 3, 1, 5, 5, 3, 2, 4, 2, 2, 4, 2, 2, 2, 2, 3, 3, 1, 4, 2, 118, 116, 0]"""
j20,2,proactive_quantile_0.75,60,False,inf,0.0966029167175293,inf,"[0, 0, 0, 0, 2, 5, 3, 2, 6, 3, 9, 9, 6, 9, 9, 13, 18, 17, 18, 20, 13, 0, 0, 117]","""[0, 3, 2, 1, 6, 5, 3, 3, 3, 3, 6, 8, 2, 1, 2, 3, 1, 4, 6, 3, 4, 118, 116, 0]"""
j20,2,reactive,60,False,inf,inf,inf,null,"[0, 3, 2, 1, 6, 5, 3, 3, 3, 3, 6, 8, 2, 1, 2, 3, 1, 4, 6, 3, 4, 118, 116, 0]"
j20,2,stnu,60,True,26,0.7635743618011475,0.019487857818603516,"[0, 0, 0, 0, 2, 2, 6, 2, 9, 3, 8, 12, 8, 10, 10, 14, 21, 17, 20, 22, 14, 0, 0, 26]","""[0, 3, 2, 1, 6, 5, 3, 3, 3, 3, 6, 8, 2, 1, 2, 3, 1, 4, 6, 2, 4, 118, 116, 0]"""
j20,2,proactive_quantile_0.75,60,True,24,0.07878232002258301,0.0006937980651855469,"[0, 0, 0, 0, 2, 5, 3, 2, 6, 3, 9, 9, 6, 9, 9, 13, 18, 17, 18, 20, 13, 0, 0, 117]","""[0, 3, 2, 2, 1, 3, 2, 1, 2, 1, 2, 9, 3, 1, 6, 5, 2, 3, 8, 2, 5, 118, 116, 0]"""
j20,2,reactive,60,False,inf,inf,inf,null,"[0, 3, 2, 2, 1, 3, 2, 1, 2, 1, 2, 9, 3, 1, 6, 5, 2, 3, 8, 2, 5, 118, 116, 0]"
j20,2,stnu,60,True,26,0.8006560802459717,0.01919865608215332,"[0, 0, 0, 0, 2, 2, 4, 2, 6, 3, 5, 9, 5, 8, 8, 9, 18, 14, 18, 20, 8, 0, 0, 26]","""[0, 3, 2, 2, 1, 3, 2, 1, 2, 1, 2, 9, 3, 1, 2, 5, 2, 3, 8, 1, 5, 118, 116, 0]"""
j20,2,proactive_quantile_0.75,60,False,inf,0.07135891914367676,inf,"[0, 0, 0, 0, 3, 3, 4, 3, 10, 7, 14, 21, 13, 17, 17, 21, 27, 27, 30, 31, 21, 0, 0, 117]","""[0, 2, 1, 9, 3, 3, 4, 8, 1, 7, 9, 1, 6, 4, 1, 8, 6, 1, 1, 8, 7, 118, 116, 0]"""
j20,2,reactive,60,False,inf,inf,inf,null,"[0, 2, 1, 9, 3, 3, 4, 8, 1, 7, 9, 1, 6, 4, 1, 8, 6, 1, 1, 8, 7, 118, 116, 0]"
j20,2,stnu,60,True,22,0.8744702339172363,0.019144773483276367,"[0, 0, 0, 0, 2, 2, 2, 2, 6, 1, 6, 9, 6, 7, 7, 9, 15, 14, 14, 16, 9, 0, 0, 22]","""[0, 1, 2, 1, 3, 4, 2, 2, 3, 1, 1, 2, 1, 2, 1, 5, 1, 1, 8, 1, 5, 118, 116, 0]"""
j20,2,proactive_quantile_0.75,60,True,24,0.07587718963623047,0.0006296634674072266,"[0, 0, 0, 0, 2, 5, 3, 2, 6, 3, 9, 9, 6, 9, 9, 13, 18, 17, 18, 20, 13, 0, 0, 117]","""[0, 1, 1, 2, 2, 6, 1, 1, 1, 2, 4, 5, 2, 1, 5, 3, 3, 3, 2, 3, 2, 118, 116, 0]"""
j20,2,reactive,60,False,inf,inf,inf,null,"[0, 1, 1, 2, 2, 6, 1, 1, 1, 2, 4, 5, 2, 1, 5, 3, 3, 3, 2, 3, 2, 118, 116, 0]"
j20,2,stnu,60,True,40,0.766857385635376,0.01935863494873047,"[0, 0, 0, 0, 1, 1, 6, 1, 9, 9, 12, 14, 10, 14, 12, 18, 23, 26, 26, 32, 18, 0, 0, 40]","""[0, 6, 1, 9, 3, 11, 2, 2, 5, 1, 1, 12, 2, 4, 4, 5, 4, 6, 13, 8, 5, 118, 116, 0]"""
j20,2,proactive_quantile_0.75,60,True,24,0.09034466743469238,0.0006530284881591797,"[0, 0, 0, 0, 2, 5, 3, 2, 6, 3, 9, 9, 6, 9, 9, 13, 18, 17, 18, 20, 13, 0, 0, 117]","""[0, 4, 2, 1, 2, 5, 1, 5, 4, 2, 2, 5, 3, 1, 9, 1, 2, 1, 3, 4, 1, 118, 116, 0]"""
j20,2,reactive,60,False,inf,inf,inf,null,"[0, 4, 2, 1, 2, 5, 1, 5, 4, 2, 2, 5, 3, 1, 9, 1, 2, 1, 3, 4, 1, 118, 116, 0]"
j20,2,stnu,60,True,20,0.7323193550109863,0.0191495418548584,"[0, 0, 0, 0, 2, 2, 6, 2, 7, 4, 7, 11, 7, 10, 10, 11, 17, 12, 17, 19, 11, 0, 0, 20]","""[0, 4, 2, 1, 2, 5, 1, 5, 4, 2, 2, 5, 3, 1, 7, 1, 2, 1, 3, 1, 1, 118, 116, 0]"""
j20,2,proactive_quantile_0.75,60,True,24,0.07019996643066406,0.00066375732421875,"[0, 0, 0, 0, 2, 5, 3, 2, 6, 3, 9, 9, 6, 9, 9, 13, 18, 17, 18, 20, 13, 0, 0, 117]","""[0, 4, 1, 3, 5, 3, 3, 6, 3, 1, 2, 4, 2, 1, 11, 6, 1, 3, 5, 2, 4, 118, 116, 0]"""
j20,2,reactive,60,False,inf,inf,inf,null,"[0, 4, 1, 3, 5, 3, 3, 6, 3, 1, 2, 4, 2, 1, 11, 6, 1, 3, 5, 2, 4, 118, 116, 0]"
j20,2,stnu,60,True,25,0.7181282043457031,0.019372224807739258,"[0, 0, 0, 0, 3, 3, 5, 3, 8, 4, 8, 11, 8, 10, 10, 11, 20, 17, 17, 21, 11, 0, 0, 25]","""[0, 4, 1, 3, 5, 3, 3, 6, 3, 1, 2, 4, 2, 1, 5, 6, 1, 3, 5, 4, 4, 118, 116, 0]"""
j20,2,proactive_quantile_0.75,60,True,24,0.09306979179382324,0.0006437301635742188,"[0, 0, 0, 0, 2, 5, 3, 2, 6, 3, 9, 9, 6, 9, 9, 13, 18, 17, 18, 20, 13, 0, 0, 117]","""[0, 2, 1, 1, 6, 5, 1, 5, 2, 1, 5, 2, 3, 1, 2, 4, 3, 1, 1, 4, 5, 118, 116, 0]"""
j20,2,reactive,60,False,inf,inf,inf,null,"[0, 2, 1, 1, 6, 5, 1, 5, 2, 1, 5, 2, 3, 1, 2, 4, 3, 1, 1, 4, 5, 118, 116, 0]"
j20,2,stnu,60,True,24,0.7738258838653564,0.019432544708251953,"[0, 0, 0, 0, 1, 1, 3, 1, 7, 2, 7, 11, 7, 10, 10, 12, 19, 16, 19, 22, 12, 0, 0, 24]","""[0, 2, 1, 1, 6, 5, 1, 5, 2, 1, 5, 2, 3, 1, 9, 4, 3, 1, 1, 2, 5, 118, 116, 0]"""
j20,2,proactive_quantile_0.75,60,False,inf,0.14197278022766113,inf,"[0, 0, 0, 0, 8, 4, 11, 11, 34, 16, 6, 18, 21, 25, 25, 31, 44, 22, 54, 34, 43, 0, 0, 0, 0, 0, 0, 0, 0, 0, 0, 147]","""[0, 6, 6, 5, 4, 3, 3, 13, 2, 7, 11, 2, 8, 2, 5, 6, 12, 6, 5, 6, 3, 85, 148, 8, 39, 22, 111, 84, 50, 72, 68, 0]"""
j20,2,reactive,60,False,inf,inf,inf,null,"[0, 6, 6, 5, 4, 3, 3, 13, 2, 7, 11, 2, 8, 2, 5, 6, 12, 6, 5, 6, 3, 85, 148, 8, 39, 22, 111, 84, 50, 72, 68, 0]"
j20,2,stnu,60,False,inf,0.8222177028656006,inf,[],"""[0, 7, 8, 5, 4, 3, 3, 10, 2, 7, 11, 2, 8, 2, 5, 6, 12, 8, 5, 6, 3, 85, 148, 8, 39, 22, 111, 84, 50, 72, 68, 0]"""
j20,2,proactive_quantile_0.75,60,False,inf,0.12125587463378906,inf,"[0, 0, 0, 0, 7, 4, 10, 10, 14, 14, 7, 16, 19, 23, 19, 26, 32, 23, 39, 38, 32, 0, 0, 0, 0, 0, 0, 0, 0, 0, 0, 147]","""[0, 3, 9, 6, 4, 2, 6, 6, 2, 3, 8, 1, 1, 12, 2, 5, 4, 7, 3, 8, 7, 85, 148, 8, 39, 22, 111, 84, 50, 72, 68, 0]"""
j20,2,reactive,60,False,inf,inf,inf,null,"[0, 3, 9, 6, 4, 2, 6, 6, 2, 3, 8, 1, 1, 12, 2, 5, 4, 7, 3, 8, 7, 85, 148, 8, 39, 22, 111, 84, 50, 72, 68, 0]"
j20,2,stnu,60,False,inf,0.8356926441192627,inf,[],"""[0, 8, 9, 6, 4, 5, 6, 6, 2, 2, 10, 1, 1, 4, 2, 5, 4, 3, 5, 8, 7, 85, 148, 8, 39, 22, 111, 84, 50, 72, 68, 0]"""
j20,2,proactive_quantile_0.75,60,False,inf,0.15878844261169434,inf,"[0, 0, 0, 0, 7, 4, 10, 10, 14, 14, 7, 16, 19, 23, 19, 26, 32, 23, 39, 38, 32, 0, 0, 0, 0, 0, 0, 0, 0, 0, 0, 147]","""[0, 2, 3, 2, 1, 1, 3, 1, 3, 3, 7, 7, 7, 1, 2, 2, 6, 1, 1, 7, 3, 85, 148, 8, 39, 22, 111, 84, 50, 72, 68, 0]"""
j20,2,reactive,60,False,inf,inf,inf,null,"[0, 2, 3, 2, 1, 1, 3, 1, 3, 3, 7, 7, 7, 1, 2, 2, 6, 1, 1, 7, 3, 85, 148, 8, 39, 22, 111, 84, 50, 72, 68, 0]"
j20,2,stnu,60,False,inf,0.7333893775939941,inf,[],"""[0, 1, 3, 2, 1, 5, 3, 1, 3, 1, 8, 7, 7, 2, 2, 4, 6, 10, 5, 7, 3, 85, 148, 8, 39, 22, 111, 84, 50, 72, 68, 0]"""
j20,2,proactive_quantile_0.75,60,True,58,0.08603906631469727,0.0014863014221191406,"[0, 0, 0, 0, 8, 4, 11, 11, 34, 16, 6, 18, 21, 25, 25, 31, 44, 22, 54, 34, 43, 0, 0, 0, 0, 0, 0, 0, 0, 0, 0, 147]","""[0, 2, 5, 2, 1, 1, 6, 9, 2, 5, 7, 1, 10, 8, 9, 5, 8, 4, 1, 8, 12, 85, 148, 8, 39, 22, 111, 84, 50, 72, 68, 0]"""
j20,2,reactive,60,False,inf,inf,inf,null,"[0, 2, 5, 2, 1, 1, 6, 9, 2, 5, 7, 1, 10, 8, 9, 5, 8, 4, 1, 8, 12, 85, 148, 8, 39, 22, 111, 84, 50, 72, 68, 0]"
j20,2,stnu,60,False,inf,0.7280771732330322,inf,[],"""[0, 4, 4, 2, 1, 1, 6, 10, 2, 5, 7, 1, 10, 8, 9, 5, 8, 5, 1, 8, 12, 85, 148, 8, 39, 22, 111, 84, 50, 72, 68, 0]"""
j20,2,proactive_quantile_0.75,60,False,inf,0.07755184173583984,inf,"[0, 0, 0, 0, 8, 4, 11, 11, 34, 16, 6, 18, 21, 25, 25, 31, 44, 22, 54, 34, 43, 0, 0, 0, 0, 0, 0, 0, 0, 0, 0, 147]","""[0, 6, 6, 4, 4, 3, 3, 11, 2, 7, 2, 2, 8, 3, 2, 16, 2, 3, 3, 11, 5, 85, 148, 8, 39, 22, 111, 84, 50, 72, 68, 0]"""
j20,2,reactive,60,False,inf,inf,inf,null,"[0, 6, 6, 4, 4, 3, 3, 11, 2, 7, 2, 2, 8, 3, 2, 16, 2, 3, 3, 11, 5, 85, 148, 8, 39, 22, 111, 84, 50, 72, 68, 0]"
j20,2,stnu,60,False,inf,0.8713266849517822,inf,[],"""[0, 6, 6, 4, 4, 3, 3, 8, 2, 3, 7, 2, 8, 7, 1, 4, 10, 3, 3, 1, 8, 85, 148, 8, 39, 22, 111, 84, 50, 72, 68, 0]"""
j20,2,proactive_quantile_0.75,60,False,inf,0.08373332023620605,inf,"[0, 0, 0, 0, 8, 4, 11, 11, 34, 16, 6, 18, 21, 25, 25, 31, 44, 22, 54, 34, 43, 0, 0, 0, 0, 0, 0, 0, 0, 0, 0, 147]","""[0, 5, 5, 2, 4, 1, 7, 7, 1, 2, 9, 10, 2, 5, 1, 5, 3, 5, 5, 6, 7, 85, 148, 8, 39, 22, 111, 84, 50, 72, 68, 0]"""
j20,2,reactive,60,False,inf,inf,inf,null,"[0, 5, 5, 2, 4, 1, 7, 7, 1, 2, 9, 10, 2, 5, 1, 5, 3, 5, 5, 6, 7, 85, 148, 8, 39, 22, 111, 84, 50, 72, 68, 0]"
j20,2,stnu,60,False,inf,0.9747307300567627,inf,[],"""[0, 5, 5, 2, 4, 1, 5, 12, 1, 3, 4, 10, 2, 2, 3, 4, 1, 5, 5, 3, 4, 85, 148, 8, 39, 22, 111, 84, 50, 72, 68, 0]"""
j20,2,proactive_quantile_0.75,60,False,inf,0.08516907691955566,inf,"[0, 0, 0, 0, 7, 4, 10, 10, 14, 14, 7, 16, 19, 23, 19, 26, 32, 23, 39, 38, 32, 0, 0, 0, 0, 0, 0, 0, 0, 0, 0, 147]","""[0, 8, 5, 2, 3, 2, 4, 6, 3, 1, 9, 3, 10, 12, 1, 5, 2, 8, 1, 8, 5, 85, 148, 8, 39, 22, 111, 84, 50, 72, 68, 0]"""
j20,2,reactive,60,False,inf,inf,inf,null,"[0, 8, 5, 2, 3, 2, 4, 6, 3, 1, 9, 3, 10, 12, 1, 5, 2, 8, 1, 8, 5, 85, 148, 8, 39, 22, 111, 84, 50, 72, 68, 0]"
j20,2,stnu,60,False,inf,0.7088949680328369,inf,[],"""[0, 1, 5, 2, 3, 3, 4, 6, 3, 1, 10, 3, 10, 4, 1, 8, 2, 16, 3, 8, 5, 85, 148, 8, 39, 22, 111, 84, 50, 72, 68, 0]"""
j20,2,proactive_quantile_0.75,60,False,inf,0.06916427612304688,inf,"[0, 0, 0, 0, 7, 4, 10, 10, 14, 14, 7, 16, 19, 23, 19, 26, 32, 23, 39, 38, 32, 0, 0, 0, 0, 0, 0, 0, 0, 0, 0, 147]","""[0, 7, 5, 3, 1, 2, 6, 6, 1, 2, 4, 6, 2, 6, 2, 2, 2, 9, 1, 3, 1, 85, 148, 8, 39, 22, 111, 84, 50, 72, 68, 0]"""
j20,2,reactive,60,False,inf,inf,inf,null,"[0, 7, 5, 3, 1, 2, 6, 6, 1, 2, 4, 6, 2, 6, 2, 2, 2, 9, 1, 3, 1, 85, 148, 8, 39, 22, 111, 84, 50, 72, 68, 0]"
j20,2,stnu,60,False,inf,0.7434971332550049,inf,[],"""[0, 3, 5, 3, 1, 5, 6, 6, 1, 1, 9, 6, 2, 4, 2, 8, 2, 9, 2, 3, 1, 85, 148, 8, 39, 22, 111, 84, 50, 72, 68, 0]"""
j20,2,proactive_quantile_0.75,60,False,inf,0.08095359802246094,inf,"[0, 0, 0, 0, 7, 4, 10, 10, 14, 14, 7, 16, 19, 23, 19, 26, 32, 23, 39, 38, 32, 0, 0, 0, 0, 0, 0, 0, 0, 0, 0, 147]","""[0, 9, 7, 5, 4, 2, 1, 2, 3, 2, 10, 3, 8, 10, 3, 3, 10, 5, 3, 6, 1, 85, 148, 8, 39, 22, 111, 84, 50, 72, 68, 0]"""
j20,2,reactive,60,False,inf,inf,inf,null,"[0, 9, 7, 5, 4, 2, 1, 2, 3, 2, 10, 3, 8, 10, 3, 3, 10, 5, 3, 6, 1, 85, 148, 8, 39, 22, 111, 84, 50, 72, 68, 0]"
j20,2,stnu,60,False,inf,0.7169733047485352,inf,[],"""[0, 3, 7, 5, 4, 6, 1, 2, 3, 2, 6, 3, 8, 5, 3, 7, 10, 12, 6, 6, 1, 85, 148, 8, 39, 22, 111, 84, 50, 72, 68, 0]"""
j20,2,proactive_quantile_0.75,60,False,inf,0.0803842544555664,inf,"[0, 0, 0, 0, 8, 4, 11, 11, 34, 16, 6, 18, 21, 25, 25, 31, 44, 22, 54, 34, 43, 0, 0, 0, 0, 0, 0, 0, 0, 0, 0, 147]","""[0, 6, 6, 2, 4, 6, 8, 12, 3, 3, 3, 1, 3, 12, 8, 10, 9, 10, 3, 12, 15, 85, 148, 8, 39, 22, 111, 84, 50, 72, 68, 0]"""
j20,2,reactive,60,False,inf,inf,inf,null,"[0, 6, 6, 2, 4, 6, 8, 12, 3, 3, 3, 1, 3, 12, 8, 10, 9, 10, 3, 12, 15, 85, 148, 8, 39, 22, 111, 84, 50, 72, 68, 0]"
j20,2,stnu,60,False,inf,0.7868094444274902,inf,[],"""[0, 6, 6, 2, 4, 6, 4, 11, 3, 3, 10, 1, 3, 6, 3, 3, 1, 10, 3, 1, 8, 85, 148, 8, 39, 22, 111, 84, 50, 72, 68, 0]"""
j20,2,proactive_quantile_0.75,60,False,inf,0.13550114631652832,inf,"[0, 0, 0, 0, 12, 12, 6, 10, 12, 4, 7, 16, 11, 16, 18, 19, 17, 22, 25, 22, 10, 0, 0, 0, 0, 0, 0, 0, 138]","""[0, 5, 9, 7, 1, 3, 4, 2, 3, 4, 3, 5, 9, 9, 3, 6, 3, 1, 3, 3, 1, 139, 31, 102, 45, 77, 124, 51, 0]"""
j20,2,reactive,60,False,inf,inf,inf,null,"[0, 5, 9, 7, 1, 3, 4, 2, 3, 4, 3, 5, 9, 9, 3, 6, 3, 1, 3, 3, 1, 139, 31, 102, 45, 77, 124, 51, 0]"
j20,2,stnu,60,True,38,0.9575982093811035,0.02922654151916504,"[0, 0, 0, 0, 6, 6, 9, 13, 15, 7, 11, 24, 15, 15, 27, 15, 24, 30, 33, 30, 13, 0, 0, 0, 0, 0, 0, 0, 38]","""[0, 7, 9, 6, 1, 3, 4, 2, 5, 4, 3, 5, 9, 15, 2, 6, 3, 1, 5, 3, 11, 139, 31, 102, 45, 77, 124, 51, 0]"""
j20,2,proactive_quantile_0.75,60,False,inf,0.07254147529602051,inf,"[0, 0, 0, 0, 12, 12, 6, 10, 12, 4, 7, 16, 11, 16, 18, 19, 17, 22, 25, 22, 10, 0, 0, 0, 0, 0, 0, 0, 138]","""[0, 2, 9, 4, 1, 1, 5, 3, 9, 1, 1, 2, 7, 8, 1, 5, 3, 3, 3, 2, 3, 139, 31, 102, 45, 77, 124, 51, 0]"""
j20,2,reactive,60,False,inf,inf,inf,null,"[0, 2, 9, 4, 1, 1, 5, 3, 9, 1, 1, 2, 7, 8, 1, 5, 3, 3, 3, 2, 3, 139, 31, 102, 45, 77, 124, 51, 0]"
j20,2,stnu,60,True,37,0.8354935646057129,0.029183149337768555,"[0, 0, 0, 0, 13, 13, 9, 14, 17, 1, 9, 24, 17, 17, 27, 17, 24, 30, 33, 30, 14, 0, 0, 0, 0, 0, 0, 0, 37]","""[0, 1, 9, 13, 1, 1, 5, 3, 3, 1, 1, 2, 7, 4, 3, 5, 3, 3, 4, 2, 3, 139, 31, 102, 45, 77, 124, 51, 0]"""
j20,2,proactive_quantile_0.75,60,True,32,0.09494256973266602,0.0012600421905517578,"[0, 0, 0, 0, 12, 12, 6, 10, 12, 4, 7, 16, 11, 16, 18, 19, 17, 22, 25, 22, 10, 0, 0, 0, 0, 0, 0, 0, 138]","""[0, 5, 6, 7, 2, 5, 4, 1, 2, 1, 5, 7, 3, 3, 2, 3, 1, 1, 8, 1, 1, 139, 31, 102, 45, 77, 124, 51, 0]"""
j20,2,reactive,60,False,inf,inf,inf,null,"[0, 5, 6, 7, 2, 5, 4, 1, 2, 1, 5, 7, 3, 3, 2, 3, 1, 1, 8, 1, 1, 139, 31, 102, 45, 77, 124, 51, 0]"
j20,2,stnu,60,True,54,0.8097550868988037,0.028887510299682617,"[0, 0, 0, 0, 8, 8, 7, 11, 28, 8, 18, 28, 28, 28, 41, 11, 41, 43, 49, 43, 18, 0, 0, 0, 0, 0, 0, 0, 54]","""[0, 8, 7, 3, 3, 6, 4, 4, 13, 10, 10, 3, 11, 9, 4, 10, 2, 3, 5, 6, 7, 139, 31, 102, 45, 77, 124, 51, 0]"""
j20,2,proactive_quantile_0.75,60,False,inf,0.15685629844665527,inf,"[0, 0, 0, 0, 12, 12, 6, 10, 12, 4, 7, 16, 11, 16, 18, 19, 17, 22, 25, 22, 10, 0, 0, 0, 0, 0, 0, 0, 138]","""[0, 3, 7, 8, 3, 2, 6, 2, 9, 1, 2, 1, 1, 7, 3, 3, 2, 1, 2, 4, 3, 139, 31, 102, 45, 77, 124, 51, 0]"""
j20,2,reactive,60,False,inf,inf,inf,null,"[0, 3, 7, 8, 3, 2, 6, 2, 9, 1, 2, 1, 1, 7, 3, 3, 2, 1, 2, 4, 3, 139, 31, 102, 45, 77, 124, 51, 0]"
j20,2,stnu,60,True,62,0.7412707805633545,0.028742551803588867,"[0, 0, 0, 0, 14, 14, 14, 20, 26, 4, 14, 29, 29, 29, 28, 20, 44, 48, 54, 48, 20, 0, 0, 0, 0, 0, 0, 0, 62]","""[0, 4, 11, 14, 6, 4, 6, 6, 2, 7, 5, 11, 15, 2, 12, 1, 4, 2, 8, 6, 9, 139, 31, 102, 45, 77, 124, 51, 0]"""
j20,2,proactive_quantile_0.75,60,False,inf,0.06684637069702148,inf,"[0, 0, 0, 0, 12, 12, 6, 10, 12, 4, 7, 16, 11, 16, 18, 19, 17, 22, 25, 22, 10, 0, 0, 0, 0, 0, 0, 0, 138]","""[0, 5, 5, 14, 2, 6, 2, 2, 5, 1, 5, 1, 2, 9, 3, 3, 3, 2, 2, 1, 2, 139, 31, 102, 45, 77, 124, 51, 0]"""
j20,2,reactive,60,False,inf,inf,inf,null,"[0, 5, 5, 14, 2, 6, 2, 2, 5, 1, 5, 1, 2, 9, 3, 3, 3, 2, 2, 1, 2, 139, 31, 102, 45, 77, 124, 51, 0]"
j20,2,stnu,60,True,51,0.7332031726837158,0.02904367446899414,"[0, 0, 0, 0, 14, 14, 14, 16, 22, 1, 14, 22, 21, 31, 29, 21, 30, 37, 44, 37, 16, 0, 0, 0, 0, 0, 0, 0, 51]","""[0, 1, 14, 7, 7, 8, 2, 5, 7, 3, 3, 8, 3, 6, 15, 10, 2, 5, 7, 4, 3, 139, 31, 102, 45, 77, 124, 51, 0]"""
j20,2,proactive_quantile_0.75,60,False,inf,0.09048962593078613,inf,"[0, 0, 0, 0, 12, 12, 6, 10, 12, 4, 7, 16, 11, 16, 18, 19, 17, 22, 25, 22, 10, 0, 0, 0, 0, 0, 0, 0, 138]","""[0, 6, 9, 10, 1, 6, 4, 3, 7, 3, 2, 3, 2, 3, 2, 1, 1, 1, 5, 1, 1, 139, 31, 102, 45, 77, 124, 51, 0]"""
j20,2,reactive,60,False,inf,inf,inf,null,"[0, 6, 9, 10, 1, 6, 4, 3, 7, 3, 2, 3, 2, 3, 2, 1, 1, 1, 5, 1, 1, 139, 31, 102, 45, 77, 124, 51, 0]"
j20,2,stnu,60,True,55,0.7453012466430664,0.02899909019470215,"[0, 0, 0, 0, 14, 14, 14, 18, 25, 6, 14, 25, 25, 25, 27, 17, 35, 38, 44, 38, 18, 0, 0, 0, 0, 0, 0, 0, 55]","""[0, 6, 14, 9, 3, 4, 4, 7, 2, 3, 4, 10, 5, 8, 9, 8, 3, 6, 11, 4, 2, 139, 31, 102, 45, 77, 124, 51, 0]"""
j20,2,proactive_quantile_0.75,60,False,inf,0.09925150871276855,inf,"[0, 0, 0, 0, 12, 12, 6, 10, 12, 4, 7, 16, 11, 16, 18, 19, 17, 22, 25, 22, 10, 0, 0, 0, 0, 0, 0, 0, 138]","""[0, 1, 1, 10, 1, 5, 1, 3, 4, 1, 6, 4, 7, 8, 1, 6, 1, 3, 7, 1, 3, 139, 31, 102, 45, 77, 124, 51, 0]"""
j20,2,reactive,60,False,inf,inf,inf,null,"[0, 1, 1, 10, 1, 5, 1, 3, 4, 1, 6, 4, 7, 8, 1, 6, 1, 3, 7, 1, 3, 139, 31, 102, 45, 77, 124, 51, 0]"
j20,2,stnu,60,True,44,0.764246940612793,0.029288053512573242,"[0, 0, 0, 0, 8, 8, 8, 9, 14, 2, 8, 18, 18, 18, 20, 13, 32, 33, 36, 33, 9, 0, 0, 0, 0, 0, 0, 0, 44]","""[0, 2, 4, 8, 5, 6, 1, 2, 6, 6, 2, 10, 14, 7, 6, 4, 1, 3, 8, 2, 9, 139, 31, 102, 45, 77, 124, 51, 0]"""
j20,2,proactive_quantile_0.75,60,False,inf,0.08090424537658691,inf,"[0, 0, 0, 0, 12, 12, 6, 10, 12, 4, 7, 16, 11, 16, 18, 19, 17, 22, 25, 22, 10, 0, 0, 0, 0, 0, 0, 0, 138]","""[0, 3, 6, 15, 2, 1, 6, 3, 5, 3, 1, 6, 7, 9, 1, 6, 2, 2, 2, 4, 3, 139, 31, 102, 45, 77, 124, 51, 0]"""
j20,2,reactive,60,False,inf,inf,inf,null,"[0, 3, 6, 15, 2, 1, 6, 3, 5, 3, 1, 6, 7, 9, 1, 6, 2, 2, 2, 4, 3, 139, 31, 102, 45, 77, 124, 51, 0]"
j20,2,stnu,60,True,38,0.8291206359863281,0.029177188873291016,"[0, 0, 0, 0, 4, 4, 6, 12, 15, 4, 7, 22, 15, 15, 27, 15, 22, 28, 32, 28, 12, 0, 0, 0, 0, 0, 0, 0, 38]","""[0, 4, 6, 4, 2, 1, 6, 3, 12, 3, 1, 6, 7, 11, 1, 6, 2, 2, 6, 4, 15, 139, 31, 102, 45, 77, 124, 51, 0]"""
j20,2,proactive_quantile_0.75,60,False,inf,0.08301401138305664,inf,"[0, 0, 0, 0, 12, 12, 6, 10, 12, 4, 7, 16, 11, 16, 18, 19, 17, 22, 25, 22, 10, 0, 0, 0, 0, 0, 0, 0, 138]","""[0, 4, 7, 4, 2, 6, 3, 3, 2, 4, 2, 1, 8, 1, 3, 2, 2, 2, 3, 2, 3, 139, 31, 102, 45, 77, 124, 51, 0]"""
j20,2,reactive,60,False,inf,inf,inf,null,"[0, 4, 7, 4, 2, 6, 3, 3, 2, 4, 2, 1, 8, 1, 3, 2, 2, 2, 3, 2, 3, 139, 31, 102, 45, 77, 124, 51, 0]"
j20,2,stnu,60,True,36,0.8444640636444092,0.029282808303833008,"[0, 0, 0, 0, 6, 6, 7, 10, 13, 5, 9, 21, 13, 13, 24, 13, 21, 28, 30, 28, 10, 0, 0, 0, 0, 0, 0, 0, 36]","""[0, 5, 7, 6, 2, 6, 3, 3, 11, 4, 2, 1, 8, 15, 1, 2, 2, 2, 6, 2, 14, 139, 31, 102, 45, 77, 124, 51, 0]"""
j20,2,proactive_quantile_0.75,60,False,inf,0.07967495918273926,inf,"[0, 0, 0, 0, 12, 12, 6, 10, 12, 4, 7, 16, 11, 16, 18, 19, 17, 22, 25, 22, 10, 0, 0, 0, 0, 0, 0, 0, 138]","""[0, 4, 4, 13, 1, 6, 4, 2, 2, 1, 3, 8, 2, 4, 1, 1, 2, 2, 2, 2, 1, 139, 31, 102, 45, 77, 124, 51, 0]"""
j20,2,reactive,60,False,inf,inf,inf,null,"[0, 4, 4, 13, 1, 6, 4, 2, 2, 1, 3, 8, 2, 4, 1, 1, 2, 2, 2, 2, 1, 139, 31, 102, 45, 77, 124, 51, 0]"
j20,2,stnu,60,True,43,0.7527599334716797,0.02914285659790039,"[0, 0, 0, 0, 9, 9, 9, 13, 18, 4, 9, 21, 21, 21, 23, 15, 30, 32, 35, 32, 13, 0, 0, 0, 0, 0, 0, 0, 43]","""[0, 4, 8, 9, 6, 1, 4, 5, 5, 3, 3, 9, 5, 4, 4, 2, 2, 3, 8, 2, 8, 139, 31, 102, 45, 77, 124, 51, 0]"""
j20,2,proactive_quantile_0.75,60,False,inf,0.07863712310791016,inf,"[0, 7, 0, 0, 9, 19, 21, 30, 9, 30, 37, 37, 37, 21, 24, 19, 47, 44, 53, 53, 63, 0, 0, 0, 130]","""[0, 3, 6, 6, 8, 2, 11, 6, 4, 4, 4, 10, 4, 4, 2, 3, 5, 5, 3, 13, 11, 131, 19, 75, 0]"""
j20,2,reactive,60,False,inf,inf,inf,null,"[0, 3, 6, 6, 8, 2, 11, 6, 4, 4, 4, 10, 4, 4, 2, 3, 5, 5, 3, 13, 11, 131, 19, 75, 0]"
j20,2,stnu,60,True,72,0.7834780216217041,0.025208234786987305,"[0, 6, 0, 0, 6, 14, 16, 27, 6, 27, 35, 33, 35, 16, 20, 14, 39, 43, 48, 48, 61, 0, 0, 0, 72]","""[0, 3, 6, 6, 8, 2, 11, 6, 4, 8, 4, 10, 4, 4, 2, 3, 5, 5, 3, 13, 11, 131, 19, 75, 0]"""
j20,2,proactive_quantile_0.75,60,False,inf,0.18613839149475098,inf,"[0, 0, 10, 0, 3, 10, 12, 19, 13, 30, 21, 19, 21, 17, 23, 13, 27, 37, 27, 43, 39, 0, 0, 0, 130]","""[0, 4, 3, 4, 7, 1, 2, 2, 1, 8, 3, 3, 4, 3, 3, 2, 2, 2, 2, 7, 2, 131, 19, 75, 0]"""
j20,2,reactive,60,False,inf,inf,inf,null,"[0, 4, 3, 4, 7, 1, 2, 2, 1, 8, 3, 3, 4, 3, 3, 2, 2, 2, 2, 7, 2, 131, 19, 75, 0]"
j20,2,stnu,60,False,inf,0.8118546009063721,inf,[],"""[0, 4, 3, 4, 7, 1, 2, 2, 1, 1, 3, 3, 4, 3, 3, 7, 2, 2, 2, 2, 4, 131, 19, 75, 0]"""
j20,2,proactive_quantile_0.75,60,False,inf,0.07799005508422852,inf,"[0, 7, 0, 0, 9, 19, 21, 30, 9, 30, 37, 37, 37, 21, 24, 19, 47, 44, 53, 53, 63, 0, 0, 0, 130]","""[0, 10, 4, 11, 5, 3, 12, 10, 1, 1, 4, 2, 5, 1, 8, 3, 4, 6, 7, 3, 1, 131, 19, 75, 0]"""
j20,2,reactive,60,False,inf,inf,inf,null,"[0, 10, 4, 11, 5, 3, 12, 10, 1, 1, 4, 2, 5, 1, 8, 3, 4, 6, 7, 3, 1, 131, 19, 75, 0]"
j20,2,stnu,60,False,inf,0.6731259822845459,inf,[],"""[0, 5, 4, 2, 6, 3, 1, 2, 1, 3, 1, 3, 5, 2, 3, 8, 6, 3, 1, 3, 2, 131, 19, 75, 0]"""
j20,2,proactive_quantile_0.75,60,False,inf,0.09026646614074707,inf,"[0, 0, 10, 0, 3, 10, 12, 19, 13, 30, 21, 19, 21, 17, 23, 13, 27, 37, 27, 43, 39, 0, 0, 0, 130]","""[0, 4, 3, 3, 5, 2, 1, 1, 5, 10, 1, 2, 8, 1, 4, 2, 5, 2, 1, 3, 5, 131, 19, 75, 0]"""
j20,2,reactive,60,False,inf,inf,inf,null,"[0, 4, 3, 3, 5, 2, 1, 1, 5, 10, 1, 2, 8, 1, 4, 2, 5, 2, 1, 3, 5, 131, 19, 75, 0]"
j20,2,stnu,60,False,inf,0.8918719291687012,inf,[],"""[0, 4, 3, 3, 5, 1, 1, 1, 5, 1, 1, 2, 8, 1, 4, 5, 5, 2, 1, 9, 4, 131, 19, 75, 0]"""
j20,2,proactive_quantile_0.75,60,False,inf,0.058063507080078125,inf,"[0, 0, 10, 0, 3, 10, 12, 19, 13, 30, 21, 19, 21, 17, 23, 13, 27, 37, 27, 43, 39, 0, 0, 0, 130]","""[0, 5, 2, 3, 7, 1, 1, 3, 1, 2, 3, 1, 4, 3, 1, 1, 7, 1, 1, 3, 3, 131, 19, 75, 0]"""
j20,2,reactive,60,False,inf,inf,inf,null,"[0, 5, 2, 3, 7, 1, 1, 3, 1, 2, 3, 1, 4, 3, 1, 1, 7, 1, 1, 3, 3, 131, 19, 75, 0]"
j20,2,stnu,60,False,inf,0.6782078742980957,inf,[],"""[0, 5, 2, 3, 7, 2, 1, 3, 1, 6, 3, 1, 4, 3, 1, 3, 7, 1, 1, 10, 1, 131, 19, 75, 0]"""
j20,2,proactive_quantile_0.75,60,False,inf,0.07919931411743164,inf,"[0, 0, 10, 0, 3, 10, 12, 19, 13, 30, 21, 19, 21, 17, 23, 13, 27, 37, 27, 43, 39, 0, 0, 0, 130]","""[0, 1, 1, 4, 7, 2, 2, 3, 3, 10, 2, 3, 9, 3, 2, 3, 8, 3, 4, 3, 5, 131, 19, 75, 0]"""
j20,2,reactive,60,False,inf,inf,inf,null,"[0, 1, 1, 4, 7, 2, 2, 3, 3, 10, 2, 3, 9, 3, 2, 3, 8, 3, 4, 3, 5, 131, 19, 75, 0]"
j20,2,stnu,60,False,inf,0.7513723373413086,inf,[],"""[0, 1, 1, 4, 7, 1, 2, 3, 3, 3, 2, 3, 9, 3, 2, 1, 8, 3, 4, 2, 5, 131, 19, 75, 0]"""
j20,2,proactive_quantile_0.75,60,False,inf,0.08011555671691895,inf,"[0, 7, 0, 0, 9, 19, 21, 30, 9, 30, 37, 37, 37, 21, 24, 19, 47, 44, 53, 53, 63, 0, 0, 0, 130]","""[0, 9, 3, 12, 8, 3, 3, 10, 4, 8, 7, 10, 2, 4, 8, 1, 1, 5, 10, 4, 9, 131, 19, 75, 0]"""
j20,2,reactive,60,False,inf,inf,inf,null,"[0, 9, 3, 12, 8, 3, 3, 10, 4, 8, 7, 10, 2, 4, 8, 1, 1, 5, 10, 4, 9, 131, 19, 75, 0]"
j20,2,stnu,60,False,inf,0.7052555084228516,inf,[],"""[0, 2, 2, 4, 8, 3, 5, 3, 4, 7, 3, 3, 2, 1, 4, 7, 3, 2, 4, 4, 3, 131, 19, 75, 0]"""
j20,2,proactive_quantile_0.75,60,False,inf,0.09607839584350586,inf,"[0, 0, 10, 0, 3, 10, 12, 19, 13, 30, 21, 19, 21, 17, 23, 13, 27, 37, 27, 43, 39, 0, 0, 0, 130]","""[0, 4, 2, 2, 5, 3, 10, 3, 6, 8, 2, 3, 6, 2, 3, 3, 6, 3, 1, 5, 2, 131, 19, 75, 0]"""
j20,2,reactive,60,False,inf,inf,inf,null,"[0, 4, 2, 2, 5, 3, 10, 3, 6, 8, 2, 3, 6, 2, 3, 3, 6, 3, 1, 5, 2, 131, 19, 75, 0]"
j20,2,stnu,60,False,inf,0.694671630859375,inf,[],"""[0, 4, 2, 2, 5, 1, 10, 3, 6, 9, 2, 3, 6, 2, 3, 5, 6, 3, 1, 2, 1, 131, 19, 75, 0]"""
j20,2,proactive_quantile_0.75,60,False,inf,0.08915948867797852,inf,"[0, 0, 10, 0, 3, 10, 12, 19, 13, 30, 21, 19, 21, 17, 23, 13, 27, 37, 27, 43, 39, 0, 0, 0, 130]","""[0, 6, 3, 1, 8, 1, 4, 2, 4, 9, 3, 2, 8, 1, 4, 3, 4, 1, 1, 5, 3, 131, 19, 75, 0]"""
j20,2,reactive,60,False,inf,inf,inf,null,"[0, 6, 3, 1, 8, 1, 4, 2, 4, 9, 3, 2, 8, 1, 4, 3, 4, 1, 1, 5, 3, 131, 19, 75, 0]"
j20,2,stnu,60,False,inf,0.7853796482086182,inf,[],"""[0, 6, 3, 1, 8, 3, 4, 2, 4, 9, 3, 2, 8, 1, 4, 4, 4, 1, 1, 3, 1, 131, 19, 75, 0]"""
j20,2,proactive_quantile_0.75,60,False,inf,0.08274602890014648,inf,"[0, 0, 10, 0, 3, 10, 12, 19, 13, 30, 21, 19, 21, 17, 23, 13, 27, 37, 27, 43, 39, 0, 0, 0, 130]","""[0, 6, 3, 2, 4, 1, 9, 3, 2, 8, 3, 3, 3, 2, 4, 1, 6, 2, 4, 6, 5, 131, 19, 75, 0]"""
j20,2,reactive,60,False,inf,inf,inf,null,"[0, 6, 3, 2, 4, 1, 9, 3, 2, 8, 3, 3, 3, 2, 4, 1, 6, 2, 4, 6, 5, 131, 19, 75, 0]"
j20,2,stnu,60,False,inf,0.7331891059875488,inf,[],"""[0, 6, 3, 2, 4, 3, 9, 3, 2, 1, 3, 3, 3, 2, 4, 5, 6, 2, 4, 8, 1, 131, 19, 75, 0]"""
j20,2,proactive_quantile_0.75,60,False,inf,0.16609811782836914,inf,"[0, 0, 0, 0, 7, 9, 2, 11, 8, 10, 14, 18, 2, 11, 11, 16, 15, 16, 28, 18, 28, 0, 0, 88]","""[0, 10, 9, 1, 2, 1, 4, 2, 1, 3, 1, 1, 6, 2, 1, 2, 2, 11, 3, 1, 9, 89, 82, 0]"""
j20,2,reactive,60,False,inf,inf,inf,null,"[0, 10, 9, 1, 2, 1, 4, 2, 1, 3, 1, 1, 6, 2, 1, 2, 2, 11, 3, 1, 9, 89, 82, 0]"
j20,2,stnu,60,True,29,0.7355477809906006,0.021370887756347656,"[0, 0, 0, 0, 9, 11, 1, 10, 10, 11, 12, 23, 1, 13, 7, 21, 21, 12, 16, 23, 28, 0, 0, 29]","""[0, 10, 9, 1, 2, 1, 1, 1, 1, 10, 1, 5, 6, 2, 2, 2, 1, 4, 10, 1, 1, 89, 82, 0]"""
j20,2,proactive_quantile_0.75,60,False,inf,0.1468946933746338,inf,"[0, 0, 0, 0, 7, 9, 2, 11, 8, 10, 14, 18, 2, 11, 11, 16, 15, 16, 28, 18, 28, 0, 0, 88]","""[0, 1, 2, 2, 3, 2, 7, 4, 4, 1, 2, 4, 8, 1, 2, 3, 4, 6, 9, 1, 9, 89, 82, 0]"""
j20,2,reactive,60,False,inf,inf,inf,null,"[0, 1, 2, 2, 3, 2, 7, 4, 4, 1, 2, 4, 8, 1, 2, 3, 4, 6, 9, 1, 9, 89, 82, 0]"
j20,2,stnu,60,True,28,0.7540521621704102,0.02121257781982422,"[0, 0, 0, 0, 2, 11, 2, 6, 10, 6, 14, 21, 2, 16, 10, 17, 18, 14, 18, 21, 27, 0, 0, 28]","""[0, 1, 2, 2, 3, 2, 4, 6, 4, 5, 2, 6, 8, 1, 1, 3, 3, 4, 5, 1, 1, 89, 82, 0]"""
j20,2,proactive_quantile_0.75,60,False,inf,0.1746838092803955,inf,"[0, 0, 0, 0, 7, 9, 2, 11, 8, 10, 14, 18, 2, 11, 11, 16, 15, 16, 28, 18, 28, 0, 0, 88]","""[0, 6, 4, 1, 2, 3, 8, 4, 3, 5, 1, 3, 9, 1, 4, 3, 3, 3, 10, 1, 13, 89, 82, 0]"""
j20,2,reactive,60,False,inf,inf,inf,null,"[0, 6, 4, 1, 2, 3, 8, 4, 3, 5, 1, 3, 9, 1, 4, 3, 3, 3, 10, 1, 13, 89, 82, 0]"
j20,2,stnu,60,True,28,0.7206695079803467,0.0211637020111084,"[0, 0, 0, 0, 4, 12, 1, 9, 10, 9, 15, 22, 1, 16, 10, 19, 19, 15, 18, 22, 26, 0, 0, 28]","""[0, 6, 4, 1, 2, 3, 8, 1, 3, 10, 1, 4, 9, 1, 2, 3, 3, 3, 3, 1, 2, 89, 82, 0]"""
j20,2,proactive_quantile_0.75,60,False,inf,0.16924762725830078,inf,"[0, 0, 0, 0, 7, 9, 2, 11, 8, 10, 14, 18, 2, 11, 11, 16, 15, 16, 28, 18, 28, 0, 0, 88]","""[0, 10, 10, 3, 4, 1, 5, 1, 2, 7, 3, 8, 5, 2, 3, 1, 3, 15, 15, 2, 9, 89, 82, 0]"""
j20,2,reactive,60,False,inf,inf,inf,null,"[0, 10, 10, 3, 4, 1, 5, 1, 2, 7, 3, 8, 5, 2, 3, 1, 3, 15, 15, 2, 9, 89, 82, 0]"
j20,2,stnu,60,True,39,0.7494533061981201,0.0218505859375,"[0, 0, 0, 0, 12, 12, 4, 10, 12, 14, 14, 19, 4, 17, 27, 30, 30, 17, 31, 33, 33, 0, 0, 39]","""[0, 10, 10, 4, 2, 4, 6, 2, 5, 13, 3, 5, 5, 2, 3, 1, 3, 3, 4, 6, 4, 89, 82, 0]"""
j20,2,proactive_quantile_0.75,60,False,inf,0.15985798835754395,inf,"[0, 0, 0, 0, 7, 9, 2, 11, 8, 10, 14, 18, 2, 11, 11, 16, 15, 16, 28, 18, 28, 0, 0, 88]","""[0, 4, 7, 3, 4, 3, 1, 2, 2, 9, 1, 7, 5, 3, 3, 2, 1, 9, 7, 2, 8, 89, 82, 0]"""
j20,2,reactive,60,False,inf,inf,inf,null,"[0, 4, 7, 3, 4, 3, 1, 2, 2, 9, 1, 7, 5, 3, 3, 2, 1, 9, 7, 2, 8, 89, 82, 0]"
j20,2,stnu,60,True,31,0.8716371059417725,0.021294832229614258,"[0, 0, 0, 0, 7, 11, 3, 7, 8, 11, 14, 22, 3, 15, 8, 18, 19, 14, 19, 22, 30, 0, 0, 31]","""[0, 4, 7, 3, 4, 3, 4, 3, 2, 1, 1, 8, 5, 3, 2, 2, 3, 5, 4, 2, 1, 89, 82, 0]"""
j20,2,proactive_quantile_0.75,60,False,inf,0.1079404354095459,inf,"[0, 0, 0, 0, 7, 9, 2, 11, 8, 10, 14, 18, 2, 11, 11, 16, 15, 16, 28, 18, 28, 0, 0, 88]","""[0, 1, 4, 3, 2, 3, 7, 2, 2, 3, 1, 9, 4, 2, 2, 3, 4, 11, 13, 3, 3, 89, 82, 0]"""
j20,2,reactive,60,False,inf,inf,inf,null,"[0, 1, 4, 3, 2, 3, 7, 2, 2, 3, 1, 9, 4, 2, 2, 3, 4, 11, 13, 3, 3, 89, 82, 0]"
j20,2,stnu,60,True,27,0.7567152976989746,0.02178668975830078,"[0, 0, 0, 0, 4, 8, 3, 7, 7, 7, 11, 18, 3, 12, 7, 15, 16, 11, 16, 18, 25, 0, 0, 27]","""[0, 1, 4, 3, 2, 3, 4, 1, 2, 8, 1, 7, 4, 2, 1, 3, 2, 5, 11, 3, 1, 89, 82, 0]"""
j20,2,proactive_quantile_0.75,60,False,inf,0.11612844467163086,inf,"[0, 0, 0, 0, 7, 9, 2, 11, 8, 10, 14, 18, 2, 11, 11, 16, 15, 16, 28, 18, 28, 0, 0, 88]","""[0, 12, 10, 1, 3, 3, 2, 5, 4, 5, 1, 8, 3, 1, 3, 2, 4, 11, 13, 3, 12, 89, 82, 0]"""
j20,2,reactive,60,False,inf,inf,inf,null,"[0, 12, 10, 1, 3, 3, 2, 5, 4, 5, 1, 8, 3, 1, 3, 2, 4, 11, 13, 3, 12, 89, 82, 0]"
j20,2,stnu,60,True,33,0.772458553314209,0.0211942195892334,"[0, 0, 0, 0, 10, 13, 1, 12, 12, 13, 16, 22, 1, 17, 11, 18, 20, 16, 20, 22, 25, 0, 0, 33]","""[0, 12, 10, 1, 3, 3, 10, 1, 4, 2, 1, 1, 3, 1, 1, 2, 2, 4, 13, 3, 1, 89, 82, 0]"""
j20,2,proactive_quantile_0.75,60,False,inf,0.17554855346679688,inf,"[0, 0, 0, 0, 7, 9, 2, 11, 8, 10, 14, 18, 2, 11, 11, 16, 15, 16, 28, 18, 28, 0, 0, 88]","""[0, 6, 10, 1, 4, 3, 8, 1, 3, 5, 2, 3, 3, 1, 4, 1, 1, 10, 4, 3, 5, 89, 82, 0]"""
j20,2,reactive,60,False,inf,inf,inf,null,"[0, 6, 10, 1, 4, 3, 8, 1, 3, 5, 2, 3, 3, 1, 4, 1, 1, 10, 4, 3, 5, 89, 82, 0]"
j20,2,stnu,60,True,31,0.7334957122802734,0.02159881591796875,"[0, 0, 0, 0, 10, 14, 1, 10, 10, 14, 17, 25, 1, 19, 8, 20, 23, 17, 23, 25, 28, 0, 0, 31]","""[0, 6, 10, 1, 4, 3, 7, 3, 3, 4, 2, 1, 3, 1, 2, 1, 2, 6, 8, 3, 1, 89, 82, 0]"""
j20,2,proactive_quantile_0.75,60,False,inf,0.08397436141967773,inf,"[0, 0, 0, 0, 12, 11, 3, 9, 10, 16, 16, 24, 3, 22, 23, 26, 27, 17, 28, 30, 31, 0, 0, 88]","""[0, 6, 15, 4, 2, 4, 9, 1, 9, 9, 2, 2, 2, 1, 1, 3, 3, 10, 2, 3, 6, 89, 82, 0]"""
j20,2,reactive,60,False,inf,inf,inf,null,"[0, 6, 15, 4, 2, 4, 9, 1, 9, 9, 2, 2, 2, 1, 1, 3, 3, 10, 2, 3, 6, 89, 82, 0]"
j20,2,stnu,60,True,31,0.8258538246154785,0.021558761596679688,"[0, 0, 0, 0, 2, 13, 1, 10, 10, 10, 15, 22, 1, 16, 10, 19, 20, 15, 20, 22, 25, 0, 0, 31]","""[0, 6, 2, 1, 3, 2, 9, 4, 2, 9, 1, 3, 2, 1, 3, 3, 1, 5, 11, 2, 3, 89, 82, 0]"""
j20,2,proactive_quantile_0.75,60,False,inf,0.08818984031677246,inf,"[0, 0, 0, 0, 7, 9, 2, 11, 8, 10, 14, 18, 2, 11, 11, 16, 15, 16, 28, 18, 28, 0, 0, 88]","""[0, 5, 3, 1, 3, 3, 3, 5, 2, 1, 1, 8, 7, 3, 1, 2, 1, 14, 3, 3, 6, 89, 82, 0]"""
j20,2,reactive,60,False,inf,inf,inf,null,"[0, 5, 3, 1, 3, 3, 3, 5, 2, 1, 1, 8, 7, 3, 1, 2, 1, 14, 3, 3, 6, 89, 82, 0]"
j20,2,stnu,60,True,28,0.8634767532348633,0.02112293243408203,"[0, 0, 0, 0, 3, 9, 1, 5, 8, 6, 12, 18, 1, 13, 8, 16, 16, 12, 16, 18, 26, 0, 0, 28]","""[0, 5, 3, 1, 3, 3, 4, 4, 2, 9, 1, 8, 7, 3, 1, 2, 1, 4, 12, 3, 2, 89, 82, 0]"""
j20,2,proactive_quantile_0.75,60,False,inf,0.15817689895629883,inf,"[0, 0, 0, 0, 7, 7, 13, 13, 13, 19, 19, 23, 19, 13, 21, 19, 30, 23, 30, 36, 30, 0, 0, 0, 0, 161]","""[0, 4, 3, 1, 7, 2, 8, 3, 8, 6, 2, 10, 2, 1, 4, 12, 9, 1, 3, 5, 4, 34, 114, 67, 162, 0]"""
j20,2,reactive,60,False,inf,inf,inf,null,"[0, 4, 3, 1, 7, 2, 8, 3, 8, 6, 2, 10, 2, 1, 4, 12, 9, 1, 3, 5, 4, 34, 114, 67, 162, 0]"
j20,2,stnu,60,True,52,0.7915117740631104,0.025272130966186523,"[0, 0, 0, 0, 4, 4, 14, 14, 14, 22, 22, 28, 22, 5, 24, 22, 38, 28, 38, 47, 38, 0, 0, 0, 0, 52]","""[0, 4, 3, 1, 10, 1, 8, 3, 8, 6, 2, 10, 2, 1, 4, 12, 9, 1, 3, 5, 4, 34, 114, 67, 162, 0]"""
j20,2,proactive_quantile_0.75,60,True,42,0.08556294441223145,0.0009472370147705078,"[0, 0, 0, 0, 7, 7, 13, 13, 13, 19, 19, 23, 19, 13, 21, 19, 30, 23, 30, 36, 30, 0, 0, 0, 0, 161]","""[0, 8, 3, 6, 5, 1, 2, 1, 6, 5, 1, 4, 3, 10, 6, 3, 4, 1, 2, 7, 1, 34, 114, 67, 162, 0]"""
j20,2,reactive,60,False,inf,inf,inf,null,"[0, 8, 3, 6, 5, 1, 2, 1, 6, 5, 1, 4, 3, 10, 6, 3, 4, 1, 2, 7, 1, 34, 114, 67, 162, 0]"
j20,2,stnu,60,True,38,0.7480015754699707,0.025235652923583984,"[0, 0, 0, 0, 8, 8, 12, 12, 12, 18, 18, 23, 18, 9, 21, 18, 27, 23, 27, 31, 27, 0, 0, 0, 0, 38]","""[0, 8, 3, 6, 4, 1, 2, 1, 6, 5, 1, 4, 3, 10, 6, 3, 4, 1, 2, 7, 1, 34, 114, 67, 162, 0]"""
j20,2,proactive_quantile_0.75,60,False,inf,0.08744668960571289,inf,"[0, 0, 0, 0, 7, 7, 13, 13, 13, 19, 19, 23, 19, 13, 21, 19, 30, 23, 30, 36, 30, 0, 0, 0, 0, 161]","""[0, 1, 1, 6, 2, 7, 5, 1, 6, 3, 2, 9, 3, 4, 1, 11, 8, 1, 1, 4, 3, 34, 114, 67, 162, 0]"""
j20,2,reactive,60,False,inf,inf,inf,null,"[0, 1, 1, 6, 2, 7, 5, 1, 6, 3, 2, 9, 3, 4, 1, 11, 8, 1, 1, 4, 3, 34, 114, 67, 162, 0]"
j20,2,stnu,60,True,46,0.7454252243041992,0.02511453628540039,"[0, 0, 0, 0, 1, 6, 16, 16, 16, 22, 22, 25, 22, 16, 25, 22, 34, 25, 34, 42, 34, 0, 0, 0, 0, 46]","""[0, 1, 1, 6, 3, 10, 5, 1, 6, 3, 2, 9, 3, 4, 1, 11, 8, 1, 1, 4, 3, 34, 114, 67, 162, 0]"""
j20,2,proactive_quantile_0.75,60,True,42,0.17814350128173828,0.0009729862213134766,"[0, 0, 0, 0, 7, 7, 13, 13, 13, 19, 19, 23, 19, 13, 21, 19, 30, 23, 30, 36, 30, 0, 0, 0, 0, 161]","""[0, 3, 3, 10, 9, 3, 5, 1, 2, 6, 1, 7, 2, 10, 6, 5, 1, 2, 6, 3, 4, 34, 114, 67, 162, 0]"""
j20,2,reactive,60,False,inf,inf,inf,null,"[0, 3, 3, 10, 9, 3, 5, 1, 2, 6, 1, 7, 2, 10, 6, 5, 1, 2, 6, 3, 4, 34, 114, 67, 162, 0]"
j20,2,stnu,60,True,42,0.8687245845794678,0.025501489639282227,"[0, 0, 0, 0, 3, 10, 16, 16, 16, 18, 21, 26, 21, 16, 26, 21, 33, 26, 33, 39, 33, 0, 0, 0, 0, 42]","""[0, 3, 3, 10, 2, 6, 5, 1, 2, 6, 1, 7, 2, 10, 6, 5, 1, 2, 6, 3, 4, 34, 114, 67, 162, 0]"""
j20,2,proactive_quantile_0.75,60,False,inf,0.1697549819946289,inf,"[0, 0, 0, 0, 7, 7, 13, 13, 13, 19, 20, 29, 19, 14, 21, 19, 30, 28, 30, 36, 36, 0, 0, 0, 0, 161]","""[0, 6, 2, 2, 2, 8, 6, 3, 6, 5, 3, 6, 3, 12, 2, 9, 5, 3, 3, 1, 6, 34, 114, 67, 162, 0]"""
j20,2,reactive,60,False,inf,inf,inf,null,"[0, 6, 2, 2, 2, 8, 6, 3, 6, 5, 3, 6, 3, 12, 2, 9, 5, 3, 3, 1, 6, 34, 114, 67, 162, 0]"
j20,2,stnu,60,True,33,0.9075131416320801,0.02521061897277832,"[0, 0, 0, 0, 2, 2, 9, 9, 9, 15, 15, 21, 15, 9, 21, 15, 27, 21, 27, 32, 27, 0, 0, 0, 0, 33]","""[0, 2, 2, 2, 1, 7, 6, 3, 6, 2, 3, 6, 3, 12, 2, 9, 5, 3, 3, 1, 2, 34, 114, 67, 162, 0]"""
j20,2,proactive_quantile_0.75,60,True,42,0.1746077537536621,0.0009276866912841797,"[0, 0, 0, 0, 7, 7, 13, 13, 13, 19, 19, 23, 19, 13, 21, 19, 30, 23, 30, 36, 30, 0, 0, 0, 0, 161]","""[0, 9, 2, 3, 3, 3, 6, 1, 5, 2, 2, 1, 3, 8, 2, 14, 5, 1, 1, 1, 4, 34, 114, 67, 162, 0]"""
j20,2,reactive,60,False,inf,inf,inf,null,"[0, 9, 2, 3, 3, 3, 6, 1, 5, 2, 2, 1, 3, 8, 2, 14, 5, 1, 1, 1, 4, 34, 114, 67, 162, 0]"
j20,2,stnu,60,True,40,1.030177354812622,0.025417804718017578,"[0, 0, 0, 0, 9, 9, 14, 14, 14, 19, 20, 22, 20, 10, 23, 20, 34, 23, 34, 39, 34, 0, 0, 0, 0, 40]","""[0, 9, 2, 3, 5, 1, 6, 1, 5, 2, 2, 1, 3, 8, 2, 14, 5, 1, 1, 1, 4, 34, 114, 67, 162, 0]"""
j20,2,proactive_quantile_0.75,60,True,42,0.08039045333862305,0.0009076595306396484,"[0, 0, 0, 0, 7, 7, 13, 13, 13, 19, 19, 23, 19, 13, 21, 19, 30, 23, 30, 36, 30, 0, 0, 0, 0, 161]","""[0, 2, 1, 5, 4, 1, 4, 1, 1, 1, 1, 10, 2, 8, 3, 4, 4, 3, 2, 1, 1, 34, 114, 67, 162, 0]"""
j20,2,reactive,60,False,inf,inf,inf,null,"[0, 2, 1, 5, 4, 1, 4, 1, 1, 1, 1, 10, 2, 8, 3, 4, 4, 3, 2, 1, 1, 34, 114, 67, 162, 0]"
j20,2,stnu,60,True,30,0.9011976718902588,0.02511119842529297,"[0, 0, 0, 0, 2, 5, 8, 8, 8, 9, 12, 15, 12, 7, 15, 12, 25, 15, 25, 29, 25, 0, 0, 0, 0, 30]","""[0, 2, 1, 5, 6, 2, 4, 1, 1, 1, 1, 10, 2, 8, 3, 4, 4, 3, 2, 1, 1, 34, 114, 67, 162, 0]"""
j20,2,proactive_quantile_0.75,60,True,42,0.08114051818847656,0.0009608268737792969,"[0, 0, 0, 0, 7, 7, 13, 13, 13, 19, 19, 23, 19, 13, 21, 19, 30, 23, 30, 36, 30, 0, 0, 0, 0, 161]","""[0, 9, 3, 1, 3, 6, 7, 1, 6, 2, 2, 5, 2, 1, 5, 8, 6, 2, 5, 4, 3, 34, 114, 67, 162, 0]"""
j20,2,reactive,60,False,inf,inf,inf,null,"[0, 9, 3, 1, 3, 6, 7, 1, 6, 2, 2, 5, 2, 1, 5, 8, 6, 2, 5, 4, 3, 34, 114, 67, 162, 0]"
j20,2,stnu,60,True,40,0.7724065780639648,0.025120258331298828,"[0, 0, 0, 0, 9, 9, 15, 15, 15, 21, 22, 24, 22, 15, 24, 22, 30, 24, 30, 36, 30, 0, 0, 0, 0, 40]","""[0, 9, 3, 1, 4, 6, 7, 1, 6, 2, 2, 5, 2, 1, 5, 8, 6, 2, 5, 4, 3, 34, 114, 67, 162, 0]"""
j20,2,proactive_quantile_0.75,60,False,inf,0.08779621124267578,inf,"[0, 0, 0, 0, 7, 7, 13, 13, 13, 19, 19, 23, 19, 13, 21, 19, 30, 23, 30, 36, 30, 0, 0, 0, 0, 161]","""[0, 1, 3, 6, 5, 8, 4, 2, 1, 6, 3, 2, 1, 9, 6, 15, 6, 2, 2, 2, 3, 34, 114, 67, 162, 0]"""
j20,2,reactive,60,False,inf,inf,inf,null,"[0, 1, 3, 6, 5, 8, 4, 2, 1, 6, 3, 2, 1, 9, 6, 15, 6, 2, 2, 2, 3, 34, 114, 67, 162, 0]"
j20,2,stnu,60,True,48,0.7639963626861572,0.026447534561157227,"[0, 0, 0, 0, 6, 6, 11, 11, 11, 17, 18, 22, 18, 11, 26, 18, 29, 22, 29, 41, 26, 0, 0, 0, 0, 48]","""[0, 3, 5, 6, 5, 5, 7, 3, 6, 3, 4, 3, 3, 2, 3, 5, 9, 4, 12, 7, 2, 34, 114, 67, 162, 0]"""
j20,2,proactive_quantile_0.75,60,True,42,0.10921812057495117,0.0009658336639404297,"[0, 0, 0, 0, 7, 7, 13, 13, 13, 19, 19, 23, 19, 13, 21, 19, 30, 23, 30, 36, 30, 0, 0, 0, 0, 161]","""[0, 3, 3, 7, 8, 4, 6, 2, 1, 5, 2, 4, 3, 11, 3, 5, 2, 2, 1, 8, 1, 34, 114, 67, 162, 0]"""
j20,2,reactive,60,False,inf,inf,inf,null,"[0, 3, 3, 7, 8, 4, 6, 2, 1, 5, 2, 4, 3, 11, 3, 5, 2, 2, 1, 8, 1, 34, 114, 67, 162, 0]"
j20,2,stnu,60,True,62,0.7627933025360107,0.026262521743774414,"[0, 0, 0, 0, 7, 7, 9, 9, 15, 27, 27, 31, 27, 9, 37, 27, 47, 31, 47, 54, 41, 0, 0, 0, 0, 62]","""[0, 7, 1, 7, 8, 2, 15, 9, 12, 1, 1, 10, 4, 7, 10, 10, 6, 3, 7, 8, 1, 34, 114, 67, 162, 0]"""
j20,2,proactive_quantile_0.75,60,True,31,0.16666245460510254,0.0032880306243896484,"[0, 0, 0, 0, 2, 8, 8, 10, 2, 10, 8, 10, 12, 10, 16, 14, 23, 23, 14, 26, 27, 0, 0, 0, 0, 0, 0, 0, 0, 0, 0, 0, 0, 0, 0, 0, 0, 0, 0, 0, 0, 167]","""[0, 2, 8, 2, 3, 3, 2, 1, 1, 1, 9, 3, 4, 2, 12, 10, 1, 1, 7, 3, 6, 71, 113, 22, 71, 161, 168, 100, 159, 126, 90, 26, 78, 23, 150, 122, 124, 78, 25, 55, 45, 0]"""
j20,2,reactive,60,False,inf,inf,inf,null,"[0, 2, 8, 2, 3, 3, 2, 1, 1, 1, 9, 3, 4, 2, 12, 10, 1, 1, 7, 3, 6, 71, 113, 22, 71, 161, 168, 100, 159, 126, 90, 26, 78, 23, 150, 122, 124, 78, 25, 55, 45, 0]"
j20,2,stnu,60,False,inf,0.7563388347625732,inf,[],"""[0, 2, 1, 2, 3, 3, 2, 8, 1, 1, 6, 3, 13, 2, 13, 10, 9, 1, 7, 4, 7, 71, 113, 22, 71, 161, 168, 100, 159, 126, 90, 26, 78, 23, 150, 122, 124, 78, 25, 55, 45, 0]"""
j20,2,proactive_quantile_0.75,60,True,31,0.13975858688354492,0.003170490264892578,"[0, 0, 0, 0, 2, 8, 8, 10, 2, 10, 8, 10, 12, 10, 16, 14, 23, 23, 14, 26, 27, 0, 0, 0, 0, 0, 0, 0, 0, 0, 0, 0, 0, 0, 0, 0, 0, 0, 0, 0, 0, 167]","""[0, 2, 3, 2, 5, 1, 1, 1, 3, 3, 8, 2, 6, 5, 5, 2, 1, 4, 6, 3, 4, 71, 113, 22, 71, 161, 168, 100, 159, 126, 90, 26, 78, 23, 150, 122, 124, 78, 25, 55, 45, 0]"""
j20,2,reactive,60,False,inf,inf,inf,null,"[0, 2, 3, 2, 5, 1, 1, 1, 3, 3, 8, 2, 6, 5, 5, 2, 1, 4, 6, 3, 4, 71, 113, 22, 71, 161, 168, 100, 159, 126, 90, 26, 78, 23, 150, 122, 124, 78, 25, 55, 45, 0]"
j20,2,stnu,60,False,inf,0.8090105056762695,inf,[],"""[0, 4, 7, 2, 5, 8, 4, 9, 3, 6, 1, 8, 6, 3, 5, 3, 1, 4, 6, 3, 1, 71, 113, 22, 71, 161, 168, 100, 159, 126, 90, 26, 78, 23, 150, 122, 124, 78, 25, 55, 45, 0]"""
j20,2,proactive_quantile_0.75,60,True,31,0.1669909954071045,0.003293275833129883,"[0, 0, 0, 0, 2, 8, 8, 10, 2, 10, 8, 10, 12, 10, 16, 14, 23, 23, 14, 26, 27, 0, 0, 0, 0, 0, 0, 0, 0, 0, 0, 0, 0, 0, 0, 0, 0, 0, 0, 0, 0, 167]","""[0, 3, 1, 2, 7, 1, 3, 2, 3, 2, 8, 3, 2, 2, 12, 10, 5, 1, 3, 1, 1, 71, 113, 22, 71, 161, 168, 100, 159, 126, 90, 26, 78, 23, 150, 122, 124, 78, 25, 55, 45, 0]"""
j20,2,reactive,60,False,inf,inf,inf,null,"[0, 3, 1, 2, 7, 1, 3, 2, 3, 2, 8, 3, 2, 2, 12, 10, 5, 1, 3, 1, 1, 71, 113, 22, 71, 161, 168, 100, 159, 126, 90, 26, 78, 23, 150, 122, 124, 78, 25, 55, 45, 0]"
j20,2,stnu,60,False,inf,0.7885298728942871,inf,[],"""[0, 3, 1, 2, 7, 1, 3, 2, 3, 2, 8, 3, 2, 2, 12, 10, 5, 1, 3, 1, 1, 71, 113, 22, 71, 161, 168, 100, 159, 126, 90, 26, 78, 23, 150, 122, 124, 78, 25, 55, 45, 0]"""
j20,2,proactive_quantile_0.75,60,True,31,0.1566770076751709,0.003226757049560547,"[0, 0, 0, 0, 2, 8, 8, 10, 2, 10, 8, 10, 12, 10, 16, 14, 23, 23, 14, 26, 27, 0, 0, 0, 0, 0, 0, 0, 0, 0, 0, 0, 0, 0, 0, 0, 0, 0, 0, 0, 0, 167]","""[0, 1, 10, 3, 5, 3, 1, 3, 4, 3, 7, 3, 3, 2, 3, 12, 6, 3, 1, 1, 2, 71, 113, 22, 71, 161, 168, 100, 159, 126, 90, 26, 78, 23, 150, 122, 124, 78, 25, 55, 45, 0]"""
j20,2,reactive,60,False,inf,inf,inf,null,"[0, 1, 10, 3, 5, 3, 1, 3, 4, 3, 7, 3, 3, 2, 3, 12, 6, 3, 1, 1, 2, 71, 113, 22, 71, 161, 168, 100, 159, 126, 90, 26, 78, 23, 150, 122, 124, 78, 25, 55, 45, 0]"
j20,2,stnu,60,False,inf,0.7160625457763672,inf,[],"""[0, 1, 10, 3, 5, 2, 2, 3, 4, 8, 8, 5, 3, 1, 7, 10, 6, 2, 1, 9, 2, 71, 113, 22, 71, 161, 168, 100, 159, 126, 90, 26, 78, 23, 150, 122, 124, 78, 25, 55, 45, 0]"""
j20,2,proactive_quantile_0.75,60,True,31,0.07435798645019531,0.003149747848510742,"[0, 0, 0, 0, 2, 8, 8, 10, 2, 10, 8, 10, 12, 10, 16, 14, 23, 23, 14, 26, 27, 0, 0, 0, 0, 0, 0, 0, 0, 0, 0, 0, 0, 0, 0, 0, 0, 0, 0, 0, 0, 167]","""[0, 3, 5, 1, 2, 2, 2, 2, 1, 2, 4, 2, 2, 2, 5, 12, 4, 4, 5, 4, 2, 71, 113, 22, 71, 161, 168, 100, 159, 126, 90, 26, 78, 23, 150, 122, 124, 78, 25, 55, 45, 0]"""
j20,2,reactive,60,False,inf,inf,inf,null,"[0, 3, 5, 1, 2, 2, 2, 2, 1, 2, 4, 2, 2, 2, 5, 12, 4, 4, 5, 4, 2, 71, 113, 22, 71, 161, 168, 100, 159, 126, 90, 26, 78, 23, 150, 122, 124, 78, 25, 55, 45, 0]"
j20,2,stnu,60,False,inf,0.7726631164550781,inf,[],"""[0, 3, 5, 1, 2, 2, 2, 2, 1, 2, 5, 2, 2, 2, 5, 12, 4, 4, 5, 4, 2, 71, 113, 22, 71, 161, 168, 100, 159, 126, 90, 26, 78, 23, 150, 122, 124, 78, 25, 55, 45, 0]"""
j20,2,proactive_quantile_0.75,60,True,31,0.07340526580810547,0.003322124481201172,"[0, 0, 0, 0, 2, 8, 8, 10, 2, 10, 8, 10, 12, 10, 16, 14, 23, 23, 14, 26, 27, 0, 0, 0, 0, 0, 0, 0, 0, 0, 0, 0, 0, 0, 0, 0, 0, 0, 0, 0, 0, 167]","""[0, 3, 2, 3, 1, 3, 2, 4, 1, 3, 8, 2, 1, 3, 12, 4, 2, 3, 3, 2, 5, 71, 113, 22, 71, 161, 168, 100, 159, 126, 90, 26, 78, 23, 150, 122, 124, 78, 25, 55, 45, 0]"""
j20,2,reactive,60,False,inf,inf,inf,null,"[0, 3, 2, 3, 1, 3, 2, 4, 1, 3, 8, 2, 1, 3, 12, 4, 2, 3, 3, 2, 5, 71, 113, 22, 71, 161, 168, 100, 159, 126, 90, 26, 78, 23, 150, 122, 124, 78, 25, 55, 45, 0]"
j20,2,stnu,60,False,inf,0.6954381465911865,inf,[],"""[0, 3, 2, 3, 1, 3, 2, 4, 1, 3, 8, 2, 1, 3, 12, 4, 2, 3, 3, 4, 5, 71, 113, 22, 71, 161, 168, 100, 159, 126, 90, 26, 78, 23, 150, 122, 124, 78, 25, 55, 45, 0]"""
j20,2,proactive_quantile_0.75,60,False,inf,0.06824302673339844,inf,"[0, 0, 0, 0, 2, 8, 8, 14, 3, 14, 8, 14, 21, 14, 25, 21, 31, 31, 15, 38, 38, 0, 0, 0, 0, 0, 0, 0, 0, 0, 0, 0, 0, 0, 0, 0, 0, 0, 0, 0, 0, 167]","""[0, 1, 10, 3, 8, 7, 3, 12, 1, 5, 2, 6, 3, 1, 6, 11, 4, 1, 9, 4, 2, 71, 113, 22, 71, 161, 168, 100, 159, 126, 90, 26, 78, 23, 150, 122, 124, 78, 25, 55, 45, 0]"""
j20,2,reactive,60,False,inf,inf,inf,null,"[0, 1, 10, 3, 8, 7, 3, 12, 1, 5, 2, 6, 3, 1, 6, 11, 4, 1, 9, 4, 2, 71, 113, 22, 71, 161, 168, 100, 159, 126, 90, 26, 78, 23, 150, 122, 124, 78, 25, 55, 45, 0]"
j20,2,stnu,60,False,inf,0.7078635692596436,inf,[],"""[0, 3, 10, 3, 8, 1, 1, 4, 1, 2, 2, 3, 3, 6, 12, 7, 4, 2, 2, 4, 6, 71, 113, 22, 71, 161, 168, 100, 159, 126, 90, 26, 78, 23, 150, 122, 124, 78, 25, 55, 45, 0]"""
j20,2,proactive_quantile_0.75,60,True,31,0.08106422424316406,0.0032248497009277344,"[0, 0, 0, 0, 2, 8, 8, 10, 2, 10, 8, 10, 12, 10, 16, 14, 23, 23, 14, 26, 27, 0, 0, 0, 0, 0, 0, 0, 0, 0, 0, 0, 0, 0, 0, 0, 0, 0, 0, 0, 0, 167]","""[0, 2, 1, 3, 8, 2, 3, 4, 4, 1, 3, 2, 6, 4, 3, 5, 6, 1, 5, 4, 5, 71, 113, 22, 71, 161, 168, 100, 159, 126, 90, 26, 78, 23, 150, 122, 124, 78, 25, 55, 45, 0]"""
j20,2,reactive,60,False,inf,inf,inf,null,"[0, 2, 1, 3, 8, 2, 3, 4, 4, 1, 3, 2, 6, 4, 3, 5, 6, 1, 5, 4, 5, 71, 113, 22, 71, 161, 168, 100, 159, 126, 90, 26, 78, 23, 150, 122, 124, 78, 25, 55, 45, 0]"
j20,2,stnu,60,False,inf,0.7481961250305176,inf,[],"""[0, 2, 1, 3, 8, 2, 3, 4, 4, 1, 10, 2, 6, 4, 3, 5, 6, 1, 5, 2, 5, 71, 113, 22, 71, 161, 168, 100, 159, 126, 90, 26, 78, 23, 150, 122, 124, 78, 25, 55, 45, 0]"""
j20,2,proactive_quantile_0.75,60,True,31,0.07269954681396484,0.0031807422637939453,"[0, 0, 0, 0, 2, 8, 8, 10, 2, 10, 8, 10, 12, 10, 16, 14, 23, 23, 14, 26, 27, 0, 0, 0, 0, 0, 0, 0, 0, 0, 0, 0, 0, 0, 0, 0, 0, 0, 0, 0, 0, 167]","""[0, 2, 5, 2, 1, 2, 3, 1, 1, 3, 8, 1, 3, 4, 3, 5, 1, 4, 8, 3, 6, 71, 113, 22, 71, 161, 168, 100, 159, 126, 90, 26, 78, 23, 150, 122, 124, 78, 25, 55, 45, 0]"""
j20,2,reactive,60,False,inf,inf,inf,null,"[0, 2, 5, 2, 1, 2, 3, 1, 1, 3, 8, 1, 3, 4, 3, 5, 1, 4, 8, 3, 6, 71, 113, 22, 71, 161, 168, 100, 159, 126, 90, 26, 78, 23, 150, 122, 124, 78, 25, 55, 45, 0]"
j20,2,stnu,60,False,inf,0.8416967391967773,inf,[],"""[0, 2, 5, 2, 1, 2, 3, 1, 1, 3, 8, 1, 3, 4, 3, 5, 1, 4, 8, 4, 6, 71, 113, 22, 71, 161, 168, 100, 159, 126, 90, 26, 78, 23, 150, 122, 124, 78, 25, 55, 45, 0]"""
j20,2,proactive_quantile_0.75,60,True,31,0.15425348281860352,0.0032227039337158203,"[0, 0, 0, 0, 2, 8, 8, 10, 2, 10, 8, 10, 12, 10, 16, 14, 23, 23, 14, 26, 27, 0, 0, 0, 0, 0, 0, 0, 0, 0, 0, 0, 0, 0, 0, 0, 0, 0, 0, 0, 0, 167]","""[0, 1, 1, 1, 8, 2, 1, 1, 1, 3, 9, 1, 3, 5, 2, 11, 6, 4, 3, 3, 1, 71, 113, 22, 71, 161, 168, 100, 159, 126, 90, 26, 78, 23, 150, 122, 124, 78, 25, 55, 45, 0]"""
j20,2,reactive,60,False,inf,inf,inf,null,"[0, 1, 1, 1, 8, 2, 1, 1, 1, 3, 9, 1, 3, 5, 2, 11, 6, 4, 3, 3, 1, 71, 113, 22, 71, 161, 168, 100, 159, 126, 90, 26, 78, 23, 150, 122, 124, 78, 25, 55, 45, 0]"
j20,2,stnu,60,False,inf,0.7384641170501709,inf,[],"""[0, 1, 1, 1, 8, 2, 1, 1, 1, 3, 3, 1, 3, 5, 2, 11, 6, 4, 3, 3, 1, 71, 113, 22, 71, 161, 168, 100, 159, 126, 90, 26, 78, 23, 150, 122, 124, 78, 25, 55, 45, 0]"""
j20,2,proactive_quantile_0.75,60,True,29,0.15409088134765625,0.0011110305786132812,"[0, 0, 0, 0, 2, 2, 6, 6, 9, 11, 9, 5, 11, 18, 6, 14, 14, 20, 17, 22, 17, 0, 0, 0, 0, 0, 122]","""[0, 1, 6, 3, 2, 1, 2, 2, 3, 4, 1, 3, 3, 2, 3, 2, 1, 2, 4, 2, 1, 86, 119, 117, 123, 82, 0]"""
j20,2,reactive,60,False,inf,inf,inf,null,"[0, 1, 6, 3, 2, 1, 2, 2, 3, 4, 1, 3, 3, 2, 3, 2, 1, 2, 4, 2, 1, 86, 119, 117, 123, 82, 0]"
j20,2,stnu,60,True,20,0.9127552509307861,0.026545047760009766,"[0, 0, 0, 0, 3, 3, 6, 6, 8, 11, 8, 4, 11, 14, 6, 11, 11, 16, 13, 18, 13, 0, 0, 0, 0, 0, 20]","""[0, 1, 6, 3, 2, 1, 2, 2, 3, 2, 1, 3, 3, 2, 3, 2, 1, 2, 4, 2, 1, 86, 119, 117, 123, 82, 0]"""
j20,2,proactive_quantile_0.75,60,True,29,0.05849599838256836,0.0011103153228759766,"[0, 0, 0, 0, 2, 2, 6, 6, 9, 11, 9, 5, 11, 18, 6, 14, 14, 20, 17, 22, 17, 0, 0, 0, 0, 0, 122]","""[0, 3, 3, 2, 3, 1, 2, 3, 3, 3, 2, 4, 1, 1, 4, 2, 2, 2, 2, 6, 3, 86, 119, 117, 123, 82, 0]"""
j20,2,reactive,60,False,inf,inf,inf,null,"[0, 3, 3, 2, 3, 1, 2, 3, 3, 3, 2, 4, 1, 1, 4, 2, 2, 2, 2, 6, 3, 86, 119, 117, 123, 82, 0]"
j20,2,stnu,60,True,30,0.7603096961975098,0.0265505313873291,"[0, 0, 0, 0, 3, 2, 6, 6, 9, 12, 9, 3, 12, 14, 6, 12, 12, 22, 19, 24, 19, 0, 0, 0, 0, 0, 30]","""[0, 3, 3, 2, 3, 1, 2, 3, 3, 7, 2, 4, 1, 1, 4, 2, 2, 2, 2, 6, 3, 86, 119, 117, 123, 82, 0]"""
j20,2,proactive_quantile_0.75,60,False,inf,0.08394598960876465,inf,"[0, 0, 0, 0, 2, 2, 6, 6, 9, 11, 9, 5, 11, 18, 6, 14, 14, 20, 17, 22, 17, 0, 0, 0, 0, 0, 122]","""[0, 3, 7, 3, 2, 1, 4, 3, 2, 3, 1, 9, 5, 1, 3, 2, 2, 1, 5, 9, 3, 86, 119, 117, 123, 82, 0]"""
j20,2,reactive,60,False,inf,inf,inf,null,"[0, 3, 7, 3, 2, 1, 4, 3, 2, 3, 1, 9, 5, 1, 3, 2, 2, 1, 5, 9, 3, 86, 119, 117, 123, 82, 0]"
j20,2,stnu,60,True,30,0.7910873889923096,0.026539325714111328,"[0, 0, 0, 0, 3, 3, 7, 7, 11, 13, 11, 4, 13, 18, 7, 13, 13, 19, 16, 21, 16, 0, 0, 0, 0, 0, 30]","""[0, 3, 7, 3, 2, 1, 4, 3, 2, 3, 1, 9, 5, 1, 3, 2, 2, 1, 5, 9, 3, 86, 119, 117, 123, 82, 0]"""
j20,2,proactive_quantile_0.75,60,False,inf,0.0737161636352539,inf,"[0, 0, 0, 0, 2, 2, 6, 6, 9, 11, 9, 5, 11, 18, 6, 14, 14, 20, 17, 22, 17, 0, 0, 0, 0, 0, 122]","""[0, 1, 3, 2, 5, 3, 2, 3, 3, 4, 1, 11, 1, 3, 3, 3, 4, 3, 1, 6, 1, 86, 119, 117, 123, 82, 0]"""
j20,2,reactive,60,False,inf,inf,inf,null,"[0, 1, 3, 2, 5, 3, 2, 3, 3, 4, 1, 11, 1, 3, 3, 3, 4, 3, 1, 6, 1, 86, 119, 117, 123, 82, 0]"
j20,2,stnu,60,True,56,0.745586633682251,0.027167081832885742,"[0, 0, 0, 0, 7, 2, 11, 8, 12, 17, 17, 11, 27, 39, 11, 17, 17, 45, 27, 49, 21, 0, 0, 0, 0, 0, 56]","""[0, 7, 1, 2, 1, 9, 4, 2, 5, 4, 10, 6, 12, 6, 1, 1, 8, 4, 4, 7, 2, 86, 119, 117, 123, 82, 0]"""
j20,2,proactive_quantile_0.75,60,False,inf,0.08321046829223633,inf,"[0, 0, 0, 0, 2, 2, 6, 6, 9, 11, 9, 5, 11, 18, 6, 14, 14, 20, 17, 22, 17, 0, 0, 0, 0, 0, 122]","""[0, 3, 2, 2, 4, 2, 2, 3, 1, 2, 1, 11, 6, 1, 9, 2, 2, 3, 3, 1, 2, 86, 119, 117, 123, 82, 0]"""
j20,2,reactive,60,False,inf,inf,inf,null,"[0, 3, 2, 2, 4, 2, 2, 3, 1, 2, 1, 11, 6, 1, 9, 2, 2, 3, 3, 1, 2, 86, 119, 117, 123, 82, 0]"
j20,2,stnu,60,True,24,1.4230613708496094,0.026553630828857422,"[0, 0, 0, 0, 3, 2, 7, 7, 10, 11, 10, 4, 11, 18, 7, 16, 16, 20, 18, 23, 18, 0, 0, 0, 0, 0, 24]","""[0, 3, 2, 2, 4, 2, 2, 3, 1, 1, 1, 11, 6, 1, 9, 2, 2, 3, 3, 1, 2, 86, 119, 117, 123, 82, 0]"""
j20,2,proactive_quantile_0.75,60,True,29,0.07475996017456055,0.0011637210845947266,"[0, 0, 0, 0, 2, 2, 6, 6, 9, 11, 9, 5, 11, 18, 6, 14, 14, 20, 17, 22, 17, 0, 0, 0, 0, 0, 122]","""[0, 3, 3, 2, 1, 1, 3, 2, 2, 4, 2, 9, 6, 1, 6, 2, 1, 2, 4, 6, 2, 86, 119, 117, 123, 82, 0]"""
j20,2,reactive,60,False,inf,inf,inf,null,"[0, 3, 3, 2, 1, 1, 3, 2, 2, 4, 2, 9, 6, 1, 6, 2, 1, 2, 4, 6, 2, 86, 119, 117, 123, 82, 0]"
j20,2,stnu,60,True,26,0.8076629638671875,0.026744604110717773,"[0, 0, 0, 0, 3, 2, 4, 4, 7, 9, 7, 3, 9, 15, 4, 12, 12, 18, 16, 20, 16, 0, 0, 0, 0, 0, 26]","""[0, 3, 3, 2, 1, 1, 3, 2, 2, 7, 2, 9, 6, 1, 6, 2, 1, 2, 4, 6, 2, 86, 119, 117, 123, 82, 0]"""
j20,2,proactive_quantile_0.75,60,True,29,0.08312392234802246,0.0011577606201171875,"[0, 0, 0, 0, 2, 2, 6, 6, 9, 11, 9, 5, 11, 18, 6, 14, 14, 20, 17, 22, 17, 0, 0, 0, 0, 0, 122]","""[0, 1, 5, 2, 2, 4, 2, 1, 3, 1, 2, 1, 3, 2, 4, 2, 4, 1, 4, 8, 3, 86, 119, 117, 123, 82, 0]"""
j20,2,reactive,60,False,inf,inf,inf,null,"[0, 1, 5, 2, 2, 4, 2, 1, 3, 1, 2, 1, 3, 2, 4, 2, 4, 1, 4, 8, 3, 86, 119, 117, 123, 82, 0]"
j20,2,stnu,60,True,30,0.8359911441802979,0.02635788917541504,"[0, 0, 0, 0, 2, 2, 5, 6, 7, 10, 7, 6, 10, 14, 6, 10, 10, 21, 18, 22, 18, 0, 0, 0, 0, 0, 30]","""[0, 1, 5, 2, 2, 4, 2, 1, 3, 8, 2, 1, 3, 2, 4, 2, 4, 1, 4, 8, 3, 86, 119, 117, 123, 82, 0]"""
j20,2,proactive_quantile_0.75,60,False,inf,0.11630558967590332,inf,"[0, 0, 0, 0, 2, 2, 6, 6, 9, 11, 9, 5, 11, 18, 6, 14, 14, 20, 17, 22, 17, 0, 0, 0, 0, 0, 122]","""[0, 2, 6, 3, 3, 1, 3, 4, 1, 9, 2, 10, 6, 1, 5, 3, 4, 2, 2, 9, 2, 86, 119, 117, 123, 82, 0]"""
j20,2,reactive,60,False,inf,inf,inf,null,"[0, 2, 6, 3, 3, 1, 3, 4, 1, 9, 2, 10, 6, 1, 5, 3, 4, 2, 2, 9, 2, 86, 119, 117, 123, 82, 0]"
j20,2,stnu,60,True,30,0.9642508029937744,0.02636575698852539,"[0, 0, 0, 0, 3, 3, 6, 6, 10, 12, 10, 4, 12, 18, 6, 14, 14, 19, 17, 21, 17, 0, 0, 0, 0, 0, 30]","""[0, 2, 6, 3, 3, 1, 3, 4, 1, 4, 2, 10, 6, 1, 5, 3, 4, 2, 2, 9, 2, 86, 119, 117, 123, 82, 0]"""
j20,2,proactive_quantile_0.75,60,True,29,0.10918402671813965,0.0011286735534667969,"[0, 0, 0, 0, 2, 2, 6, 6, 9, 11, 9, 5, 11, 18, 6, 14, 14, 20, 17, 22, 17, 0, 0, 0, 0, 0, 122]","""[0, 1, 1, 1, 3, 4, 1, 4, 1, 9, 3, 2, 5, 2, 3, 2, 2, 1, 3, 1, 2, 86, 119, 117, 123, 82, 0]"""
j20,2,reactive,60,False,inf,inf,inf,null,"[0, 1, 1, 1, 3, 4, 1, 4, 1, 9, 3, 2, 5, 2, 3, 2, 2, 1, 3, 1, 2, 86, 119, 117, 123, 82, 0]"
j20,2,stnu,60,True,21,0.9274072647094727,0.026897668838500977,"[0, 0, 0, 0, 1, 1, 4, 5, 9, 12, 9, 5, 12, 17, 5, 12, 10, 19, 16, 20, 16, 0, 0, 0, 0, 0, 21]","""[0, 1, 1, 1, 3, 4, 1, 4, 1, 4, 3, 2, 5, 2, 3, 2, 2, 1, 3, 1, 2, 86, 119, 117, 123, 82, 0]"""
j20,2,proactive_quantile_0.75,60,True,29,0.08289861679077148,0.001146554946899414,"[0, 0, 0, 0, 2, 2, 6, 6, 9, 11, 9, 5, 11, 18, 6, 14, 14, 20, 17, 22, 17, 0, 0, 0, 0, 0, 122]","""[0, 1, 3, 2, 3, 2, 1, 1, 1, 2, 1, 6, 4, 3, 4, 2, 4, 3, 4, 4, 3, 86, 119, 117, 123, 82, 0]"""
j20,2,reactive,60,False,inf,inf,inf,null,"[0, 1, 3, 2, 3, 2, 1, 1, 1, 2, 1, 6, 4, 3, 4, 2, 4, 3, 4, 4, 3, 86, 119, 117, 123, 82, 0]"
j20,2,stnu,60,True,24,0.8746004104614258,0.026570558547973633,"[0, 0, 0, 0, 2, 2, 5, 5, 6, 7, 6, 4, 7, 14, 5, 10, 10, 17, 12, 20, 12, 0, 0, 0, 0, 0, 24]","""[0, 1, 3, 2, 3, 2, 1, 1, 1, 5, 1, 6, 4, 3, 4, 2, 4, 3, 4, 4, 3, 86, 119, 117, 123, 82, 0]"""
j20,2,proactive_quantile_0.75,60,True,46,0.12742352485656738,0.0012736320495605469,"[0, 0, 0, 0, 6, 6, 12, 7, 7, 18, 18, 10, 18, 28, 18, 27, 30, 21, 34, 28, 30, 0, 0, 0, 0, 0, 0, 0, 150]","""[0, 9, 4, 8, 5, 6, 4, 5, 4, 10, 4, 2, 10, 1, 3, 3, 3, 6, 7, 3, 4, 11, 30, 151, 57, 81, 89, 150, 0]"""
j20,2,reactive,60,False,inf,inf,inf,null,"[0, 9, 4, 8, 5, 6, 4, 5, 4, 10, 4, 2, 10, 1, 3, 3, 3, 6, 7, 3, 4, 11, 30, 151, 57, 81, 89, 150, 0]"
j20,2,stnu,60,True,40,0.9583594799041748,0.02945423126220703,"[0, 0, 0, 0, 9, 8, 15, 15, 15, 19, 15, 15, 19, 30, 19, 30, 21, 19, 38, 22, 22, 0, 0, 0, 0, 0, 0, 0, 40]","""[0, 15, 9, 8, 6, 6, 4, 1, 4, 2, 4, 1, 11, 8, 3, 3, 5, 1, 2, 2, 8, 11, 30, 151, 57, 81, 89, 150, 0]"""
j20,2,proactive_quantile_0.75,60,True,36,0.07799768447875977,0.001210927963256836,"[0, 0, 0, 0, 7, 6, 12, 7, 7, 16, 12, 7, 16, 26, 12, 26, 18, 15, 32, 20, 18, 0, 0, 0, 0, 0, 0, 0, 150]","""[0, 8, 1, 4, 3, 1, 4, 2, 1, 1, 2, 1, 13, 1, 1, 3, 1, 3, 5, 1, 1, 11, 30, 151, 57, 81, 89, 150, 0]"""
j20,2,reactive,60,False,inf,inf,inf,null,"[0, 8, 1, 4, 3, 1, 4, 2, 1, 1, 2, 1, 13, 1, 1, 3, 1, 3, 5, 1, 1, 11, 30, 151, 57, 81, 89, 150, 0]"
j20,2,stnu,60,True,37,1.0087428092956543,0.031255245208740234,"[0, 0, 0, 0, 8, 4, 11, 8, 8, 15, 11, 8, 15, 28, 11, 28, 16, 13, 32, 17, 16, 0, 0, 0, 0, 0, 0, 0, 37]","""[0, 8, 1, 4, 3, 1, 4, 2, 1, 1, 2, 1, 13, 1, 1, 4, 1, 3, 5, 1, 1, 11, 30, 151, 57, 81, 89, 150, 0]"""
j20,2,proactive_quantile_0.75,60,True,47,0.10847353935241699,0.00130462646484375,"[0, 0, 0, 0, 7, 7, 13, 11, 13, 19, 18, 11, 19, 29, 18, 29, 29, 29, 36, 35, 24, 0, 0, 0, 0, 0, 0, 0, 150]","""[0, 9, 4, 2, 4, 5, 1, 9, 3, 1, 3, 8, 2, 3, 5, 2, 5, 3, 10, 12, 11, 11, 30, 151, 57, 81, 89, 150, 0]"""
j20,2,reactive,60,True,47,0.10847353935241699,0.6085965633392334,"[0, 0, 0, 0, 7, 7, 13, 11, 13, 19, 18, 11, 19, 29, 18, 29, 29, 29, 36, 35, 24, 0, 0, 0, 0, 0, 0, 0, 47]","[0, 9, 4, 2, 4, 5, 1, 9, 3, 1, 3, 8, 2, 3, 5, 2, 5, 3, 10, 12, 11, 11, 30, 151, 57, 81, 89, 150, 0]"
j20,2,stnu,60,True,40,0.7870497703552246,0.030004024505615234,"[0, 0, 0, 0, 2, 7, 12, 12, 12, 13, 12, 12, 20, 26, 15, 26, 21, 21, 36, 24, 24, 0, 0, 0, 0, 0, 0, 0, 40]","""[0, 9, 2, 7, 4, 5, 1, 9, 3, 1, 1, 8, 2, 3, 5, 2, 5, 3, 4, 12, 11, 11, 30, 151, 57, 81, 89, 150, 0]"""
j20,2,proactive_quantile_0.75,60,True,46,0.15372395515441895,0.001291036605834961,"[0, 0, 0, 0, 6, 6, 12, 7, 7, 18, 18, 10, 18, 28, 18, 27, 30, 21, 34, 28, 30, 0, 0, 0, 0, 0, 0, 0, 150]","""[0, 4, 5, 6, 4, 4, 4, 1, 6, 13, 3, 2, 5, 4, 3, 2, 3, 7, 4, 8, 11, 11, 30, 151, 57, 81, 89, 150, 0]"""
j20,2,reactive,60,False,inf,inf,inf,null,"[0, 4, 5, 6, 4, 4, 4, 1, 6, 13, 3, 2, 5, 4, 3, 2, 3, 7, 4, 8, 11, 11, 30, 151, 57, 81, 89, 150, 0]"
j20,2,stnu,60,True,28,0.7977421283721924,0.030761003494262695,"[0, 0, 0, 0, 5, 6, 10, 6, 6, 13, 10, 5, 13, 21, 10, 21, 15, 13, 26, 18, 15, 0, 0, 0, 0, 0, 0, 0, 28]","""[0, 4, 5, 6, 4, 4, 3, 1, 1, 1, 3, 2, 8, 4, 3, 2, 3, 2, 2, 8, 1, 11, 30, 151, 57, 81, 89, 150, 0]"""
j20,2,proactive_quantile_0.75,60,True,46,0.15965700149536133,0.0012891292572021484,"[0, 0, 0, 0, 6, 6, 12, 11, 11, 16, 12, 11, 16, 27, 18, 25, 28, 18, 34, 25, 30, 0, 0, 0, 0, 0, 0, 0, 150]","""[0, 14, 5, 5, 3, 2, 3, 8, 1, 14, 3, 2, 1, 5, 8, 2, 7, 5, 14, 11, 8, 11, 30, 151, 57, 81, 89, 150, 0]"""
j20,2,reactive,60,False,inf,inf,inf,null,"[0, 14, 5, 5, 3, 2, 3, 8, 1, 14, 3, 2, 1, 5, 8, 2, 7, 5, 14, 11, 8, 11, 30, 151, 57, 81, 89, 150, 0]"
j20,2,stnu,60,True,30,0.7838554382324219,0.03072214126586914,"[0, 0, 0, 0, 7, 5, 10, 7, 7, 15, 12, 7, 15, 24, 12, 24, 18, 15, 29, 21, 18, 0, 0, 0, 0, 0, 0, 0, 30]","""[0, 7, 5, 5, 3, 2, 3, 5, 2, 3, 3, 2, 9, 5, 3, 2, 2, 3, 1, 1, 3, 11, 30, 151, 57, 81, 89, 150, 0]"""
j20,2,proactive_quantile_0.75,60,False,inf,0.07861113548278809,inf,"[0, 0, 0, 0, 7, 6, 12, 7, 7, 16, 12, 7, 16, 26, 12, 26, 18, 15, 32, 20, 18, 0, 0, 0, 0, 0, 0, 0, 150]","""[0, 9, 3, 5, 6, 6, 2, 4, 2, 3, 1, 6, 11, 1, 6, 2, 2, 3, 4, 4, 2, 11, 30, 151, 57, 81, 89, 150, 0]"""
j20,2,reactive,60,False,inf,inf,inf,null,"[0, 9, 3, 5, 6, 6, 2, 4, 2, 3, 1, 6, 11, 1, 6, 2, 2, 3, 4, 4, 2, 11, 30, 151, 57, 81, 89, 150, 0]"
j20,2,stnu,60,True,39,0.7921454906463623,0.03067469596862793,"[0, 0, 0, 0, 9, 5, 15, 9, 9, 21, 15, 9, 21, 32, 15, 32, 24, 16, 35, 26, 24, 0, 0, 0, 0, 0, 0, 0, 39]","""[0, 9, 3, 5, 6, 6, 2, 4, 2, 3, 1, 6, 11, 1, 6, 3, 2, 3, 4, 4, 2, 11, 30, 151, 57, 81, 89, 150, 0]"""
j20,2,proactive_quantile_0.75,60,True,36,0.10547804832458496,0.0012521743774414062,"[0, 0, 0, 0, 7, 6, 12, 7, 7, 16, 12, 7, 16, 26, 12, 26, 18, 15, 32, 20, 18, 0, 0, 0, 0, 0, 0, 0, 150]","""[0, 2, 6, 4, 3, 5, 1, 1, 1, 2, 2, 5, 12, 7, 3, 3, 2, 4, 2, 2, 3, 11, 30, 151, 57, 81, 89, 150, 0]"""
j20,2,reactive,60,False,inf,inf,inf,null,"[0, 2, 6, 4, 3, 5, 1, 1, 1, 2, 2, 5, 12, 7, 3, 3, 2, 4, 2, 2, 3, 11, 30, 151, 57, 81, 89, 150, 0]"
j20,2,stnu,60,True,33,0.8547801971435547,0.030986785888671875,"[0, 0, 0, 0, 6, 4, 9, 6, 6, 12, 9, 6, 12, 24, 9, 24, 15, 11, 31, 18, 15, 0, 0, 0, 0, 0, 0, 0, 33]","""[0, 2, 6, 4, 3, 5, 1, 1, 1, 2, 2, 5, 12, 7, 3, 1, 2, 4, 2, 2, 3, 11, 30, 151, 57, 81, 89, 150, 0]"""
j20,2,proactive_quantile_0.75,60,True,36,0.0756993293762207,0.0011982917785644531,"[0, 0, 0, 0, 7, 6, 12, 7, 7, 16, 12, 7, 16, 26, 12, 26, 18, 15, 32, 20, 18, 0, 0, 0, 0, 0, 0, 0, 150]","""[0, 5, 1, 7, 2, 1, 2, 1, 3, 1, 3, 1, 12, 3, 3, 3, 3, 4, 4, 7, 1, 11, 30, 151, 57, 81, 89, 150, 0]"""
j20,2,reactive,60,False,inf,inf,inf,null,"[0, 5, 1, 7, 2, 1, 2, 1, 3, 1, 3, 1, 12, 3, 3, 3, 3, 4, 4, 7, 1, 11, 30, 151, 57, 81, 89, 150, 0]"
j20,2,stnu,60,True,32,0.781151533126831,0.030912399291992188,"[0, 0, 0, 0, 5, 7, 8, 7, 7, 13, 10, 5, 13, 25, 10, 25, 17, 13, 28, 20, 17, 0, 0, 0, 0, 0, 0, 0, 32]","""[0, 5, 1, 7, 2, 1, 2, 1, 3, 1, 3, 1, 12, 3, 3, 3, 3, 4, 4, 7, 1, 11, 30, 151, 57, 81, 89, 150, 0]"""
j20,2,proactive_quantile_0.75,60,False,inf,0.07152318954467773,inf,"[0, 0, 0, 0, 7, 7, 13, 11, 13, 19, 18, 11, 19, 29, 18, 29, 29, 29, 36, 35, 24, 0, 0, 0, 0, 0, 0, 0, 150]","""[0, 6, 5, 8, 5, 2, 3, 4, 6, 1, 11, 2, 12, 10, 2, 8, 8, 4, 8, 8, 12, 11, 30, 151, 57, 81, 89, 150, 0]"""
j20,2,reactive,60,False,inf,inf,inf,null,"[0, 6, 5, 8, 5, 2, 3, 4, 6, 1, 11, 2, 12, 10, 2, 8, 8, 4, 8, 8, 12, 11, 30, 151, 57, 81, 89, 150, 0]"
j20,2,stnu,60,True,29,0.838890552520752,0.031383514404296875,"[0, 0, 0, 0, 7, 6, 11, 7, 7, 14, 11, 7, 14, 26, 11, 26, 18, 14, 28, 21, 18, 0, 0, 0, 0, 0, 0, 0, 29]","""[0, 7, 6, 6, 4, 2, 3, 1, 3, 1, 3, 5, 12, 1, 2, 2, 3, 4, 1, 1, 3, 11, 30, 151, 57, 81, 89, 150, 0]"""
j20,2,proactive_quantile_0.75,60,False,inf,0.07728791236877441,inf,"[0, 0, 0, 0, 7, 6, 12, 7, 7, 16, 12, 7, 16, 26, 12, 26, 18, 15, 32, 20, 18, 0, 0, 0, 0, 0, 0, 0, 150]","""[0, 10, 8, 7, 3, 8, 5, 4, 2, 1, 3, 6, 6, 4, 1, 3, 2, 3, 1, 3, 1, 11, 30, 151, 57, 81, 89, 150, 0]"""
j20,2,reactive,60,False,inf,inf,inf,null,"[0, 10, 8, 7, 3, 8, 5, 4, 2, 1, 3, 6, 6, 4, 1, 3, 2, 3, 1, 3, 1, 11, 30, 151, 57, 81, 89, 150, 0]"
j20,2,stnu,60,True,31,0.7732865810394287,0.030709505081176758,"[0, 0, 0, 0, 10, 7, 15, 10, 10, 20, 15, 10, 20, 26, 15, 26, 21, 18, 30, 23, 21, 0, 0, 0, 0, 0, 0, 0, 31]","""[0, 10, 8, 7, 3, 8, 5, 4, 2, 1, 3, 6, 6, 4, 1, 2, 2, 3, 1, 3, 1, 11, 30, 151, 57, 81, 89, 150, 0]"""
j20,2,proactive_quantile_0.75,60,False,inf,0.24493002891540527,inf,"[0, 0, 10, 0, 4, 13, 10, 25, 13, 7, 23, 7, 13, 33, 19, 43, 27, 27, 40, 54, 33, 0, 0, 0, 0, 0, 0, 0, 0, 0, 0, 0, 0, 0, 0, 0, 0, 0, 0, 169]","""[0, 5, 1, 10, 3, 4, 4, 3, 13, 3, 6, 7, 5, 3, 6, 4, 4, 4, 8, 2, 1, 40, 124, 51, 22, 162, 95, 165, 125, 168, 63, 79, 78, 170, 54, 153, 152, 62, 41, 0]"""
j20,2,reactive,60,False,inf,inf,inf,null,"[0, 5, 1, 10, 3, 4, 4, 3, 13, 3, 6, 7, 5, 3, 6, 4, 4, 4, 8, 2, 1, 40, 124, 51, 22, 162, 95, 165, 125, 168, 63, 79, 78, 170, 54, 153, 152, 62, 41, 0]"
j20,2,stnu,60,False,inf,1.148378849029541,inf,[],"""[0, 5, 7, 10, 3, 3, 3, 1, 13, 8, 6, 7, 5, 3, 7, 2, 2, 6, 13, 7, 1, 40, 124, 51, 22, 162, 95, 165, 125, 168, 63, 79, 78, 170, 54, 153, 152, 62, 41, 0]"""
j20,2,proactive_quantile_0.75,60,False,inf,0.13293242454528809,inf,"[0, 0, 23, 0, 4, 14, 10, 12, 26, 7, 26, 7, 13, 32, 19, 36, 30, 18, 40, 42, 33, 0, 0, 0, 0, 0, 0, 0, 0, 0, 0, 0, 0, 0, 0, 0, 0, 0, 0, 169]","""[0, 6, 4, 5, 4, 4, 1, 1, 7, 2, 3, 5, 3, 5, 1, 1, 1, 2, 7, 1, 2, 40, 124, 51, 22, 162, 95, 165, 125, 168, 63, 79, 78, 170, 54, 153, 152, 62, 41, 0]"""
j20,2,reactive,60,False,inf,inf,inf,null,"[0, 6, 4, 5, 4, 4, 1, 1, 7, 2, 3, 5, 3, 5, 1, 1, 1, 2, 7, 1, 2, 40, 124, 51, 22, 162, 95, 165, 125, 168, 63, 79, 78, 170, 54, 153, 152, 62, 41, 0]"
j20,2,stnu,60,False,inf,0.8526928424835205,inf,[],"""[0, 6, 4, 5, 4, 4, 1, 1, 8, 2, 3, 6, 3, 5, 1, 1, 1, 2, 5, 6, 2, 40, 124, 51, 22, 162, 95, 165, 125, 168, 63, 79, 78, 170, 54, 153, 152, 62, 41, 0]"""
j20,2,proactive_quantile_0.75,60,False,inf,0.4547615051269531,inf,"[0, 0, 13, 0, 4, 7, 11, 17, 20, 16, 20, 7, 19, 30, 13, 42, 31, 24, 31, 53, 33, 0, 0, 0, 0, 0, 0, 0, 0, 0, 0, 0, 0, 0, 0, 0, 0, 0, 0, 169]","""[0, 3, 2, 2, 4, 2, 2, 3, 10, 1, 2, 7, 9, 4, 4, 13, 3, 2, 5, 2, 5, 40, 124, 51, 22, 162, 95, 165, 125, 168, 63, 79, 78, 170, 54, 153, 152, 62, 41, 0]"""
j20,2,reactive,60,False,inf,inf,inf,null,"[0, 3, 2, 2, 4, 2, 2, 3, 10, 1, 2, 7, 9, 4, 4, 13, 3, 2, 5, 2, 5, 40, 124, 51, 22, 162, 95, 165, 125, 168, 63, 79, 78, 170, 54, 153, 152, 62, 41, 0]"
j20,2,stnu,60,False,inf,1.6301169395446777,inf,[],"""[0, 3, 2, 2, 4, 2, 2, 3, 10, 1, 2, 6, 9, 4, 4, 7, 3, 2, 15, 2, 5, 40, 124, 51, 22, 162, 95, 165, 125, 168, 63, 79, 78, 170, 54, 153, 152, 62, 41, 0]"""
j20,2,proactive_quantile_0.75,60,False,inf,0.11295032501220703,inf,"[0, 0, 23, 0, 4, 14, 10, 12, 26, 7, 26, 7, 13, 32, 19, 36, 30, 18, 40, 42, 33, 0, 0, 0, 0, 0, 0, 0, 0, 0, 0, 0, 0, 0, 0, 0, 0, 0, 0, 169]","""[0, 3, 4, 6, 3, 5, 1, 2, 2, 3, 6, 5, 9, 5, 1, 7, 1, 2, 13, 5, 6, 40, 124, 51, 22, 162, 95, 165, 125, 168, 63, 79, 78, 170, 54, 153, 152, 62, 41, 0]"""
j20,2,reactive,60,False,inf,inf,inf,null,"[0, 3, 4, 6, 3, 5, 1, 2, 2, 3, 6, 5, 9, 5, 1, 7, 1, 2, 13, 5, 6, 40, 124, 51, 22, 162, 95, 165, 125, 168, 63, 79, 78, 170, 54, 153, 152, 62, 41, 0]"
j20,2,stnu,60,False,inf,1.498119592666626,inf,[],"""[0, 3, 4, 6, 3, 5, 1, 2, 3, 3, 6, 10, 9, 2, 8, 7, 1, 2, 3, 7, 6, 40, 124, 51, 22, 162, 95, 165, 125, 168, 63, 79, 78, 170, 54, 153, 152, 62, 41, 0]"""
j20,2,proactive_quantile_0.75,60,False,inf,0.23646807670593262,inf,"[0, 0, 10, 0, 4, 13, 10, 25, 13, 7, 23, 7, 13, 33, 19, 43, 27, 27, 40, 54, 33, 0, 0, 0, 0, 0, 0, 0, 0, 0, 0, 0, 0, 0, 0, 0, 0, 0, 0, 169]","""[0, 1, 1, 2, 2, 9, 2, 3, 3, 4, 6, 1, 7, 8, 4, 11, 5, 3, 7, 3, 6, 40, 124, 51, 22, 162, 95, 165, 125, 168, 63, 79, 78, 170, 54, 153, 152, 62, 41, 0]"""
j20,2,reactive,60,False,inf,inf,inf,null,"[0, 1, 1, 2, 2, 9, 2, 3, 3, 4, 6, 1, 7, 8, 4, 11, 5, 3, 7, 3, 6, 40, 124, 51, 22, 162, 95, 165, 125, 168, 63, 79, 78, 170, 54, 153, 152, 62, 41, 0]"
j20,2,stnu,60,False,inf,1.181696891784668,inf,[],"""[0, 1, 1, 2, 2, 3, 1, 3, 3, 4, 6, 4, 7, 1, 4, 2, 1, 3, 15, 3, 6, 40, 124, 51, 22, 162, 95, 165, 125, 168, 63, 79, 78, 170, 54, 153, 152, 62, 41, 0]"""
j20,2,proactive_quantile_0.75,60,False,inf,0.19440865516662598,inf,"[0, 0, 23, 0, 4, 14, 10, 12, 26, 7, 26, 7, 13, 32, 19, 36, 30, 18, 40, 42, 33, 0, 0, 0, 0, 0, 0, 0, 0, 0, 0, 0, 0, 0, 0, 0, 0, 0, 0, 169]","""[0, 1, 4, 6, 1, 5, 2, 2, 3, 2, 1, 6, 1, 3, 6, 3, 2, 1, 3, 9, 8, 40, 124, 51, 22, 162, 95, 165, 125, 168, 63, 79, 78, 170, 54, 153, 152, 62, 41, 0]"""
j20,2,reactive,60,False,inf,inf,inf,null,"[0, 1, 4, 6, 1, 5, 2, 2, 3, 2, 1, 6, 1, 3, 6, 3, 2, 1, 3, 9, 8, 40, 124, 51, 22, 162, 95, 165, 125, 168, 63, 79, 78, 170, 54, 153, 152, 62, 41, 0]"
j20,2,stnu,60,False,inf,1.6224544048309326,inf,[],"""[0, 1, 8, 6, 1, 5, 2, 2, 12, 8, 1, 7, 5, 3, 8, 3, 2, 12, 3, 9, 8, 40, 124, 51, 22, 162, 95, 165, 125, 168, 63, 79, 78, 170, 54, 153, 152, 62, 41, 0]"""
j20,2,proactive_quantile_0.75,60,False,inf,0.2953305244445801,inf,"[0, 0, 23, 0, 4, 14, 10, 12, 26, 7, 26, 7, 13, 32, 19, 36, 30, 18, 40, 42, 33, 0, 0, 0, 0, 0, 0, 0, 0, 0, 0, 0, 0, 0, 0, 0, 0, 0, 0, 169]","""[0, 2, 4, 10, 1, 5, 3, 1, 9, 4, 1, 7, 9, 6, 4, 4, 2, 5, 12, 5, 6, 40, 124, 51, 22, 162, 95, 165, 125, 168, 63, 79, 78, 170, 54, 153, 152, 62, 41, 0]"""
j20,2,reactive,60,False,inf,inf,inf,null,"[0, 2, 4, 10, 1, 5, 3, 1, 9, 4, 1, 7, 9, 6, 4, 4, 2, 5, 12, 5, 6, 40, 124, 51, 22, 162, 95, 165, 125, 168, 63, 79, 78, 170, 54, 153, 152, 62, 41, 0]"
j20,2,stnu,60,False,inf,1.0166730880737305,inf,[],"""[0, 2, 4, 10, 1, 5, 3, 1, 11, 4, 1, 5, 3, 6, 4, 4, 2, 5, 15, 5, 6, 40, 124, 51, 22, 162, 95, 165, 125, 168, 63, 79, 78, 170, 54, 153, 152, 62, 41, 0]"""
j20,2,proactive_quantile_0.75,60,False,inf,0.0977013111114502,inf,"[0, 0, 23, 0, 4, 14, 10, 12, 26, 7, 26, 7, 13, 32, 19, 36, 30, 18, 40, 42, 33, 0, 0, 0, 0, 0, 0, 0, 0, 0, 0, 0, 0, 0, 0, 0, 0, 0, 0, 169]","""[0, 2, 1, 9, 2, 4, 1, 3, 8, 4, 5, 2, 9, 3, 6, 1, 2, 4, 7, 9, 1, 40, 124, 51, 22, 162, 95, 165, 125, 168, 63, 79, 78, 170, 54, 153, 152, 62, 41, 0]"""
j20,2,reactive,60,False,inf,inf,inf,null,"[0, 2, 1, 9, 2, 4, 1, 3, 8, 4, 5, 2, 9, 3, 6, 1, 2, 4, 7, 9, 1, 40, 124, 51, 22, 162, 95, 165, 125, 168, 63, 79, 78, 170, 54, 153, 152, 62, 41, 0]"
j20,2,stnu,60,False,inf,1.0334243774414062,inf,[],"""[0, 2, 1, 9, 2, 4, 1, 3, 8, 7, 5, 7, 9, 3, 6, 1, 2, 3, 7, 9, 1, 40, 124, 51, 22, 162, 95, 165, 125, 168, 63, 79, 78, 170, 54, 153, 152, 62, 41, 0]"""
j20,2,proactive_quantile_0.75,60,False,inf,0.2616429328918457,inf,"[0, 0, 10, 0, 4, 13, 10, 25, 13, 7, 23, 7, 13, 33, 19, 43, 27, 27, 40, 54, 33, 0, 0, 0, 0, 0, 0, 0, 0, 0, 0, 0, 0, 0, 0, 0, 0, 0, 0, 169]","""[0, 5, 3, 1, 3, 2, 1, 3, 11, 1, 2, 2, 13, 2, 2, 8, 3, 3, 12, 8, 5, 40, 124, 51, 22, 162, 95, 165, 125, 168, 63, 79, 78, 170, 54, 153, 152, 62, 41, 0]"""
j20,2,reactive,60,False,inf,inf,inf,null,"[0, 5, 3, 1, 3, 2, 1, 3, 11, 1, 2, 2, 13, 2, 2, 8, 3, 3, 12, 8, 5, 40, 124, 51, 22, 162, 95, 165, 125, 168, 63, 79, 78, 170, 54, 153, 152, 62, 41, 0]"
j20,2,stnu,60,False,inf,0.8474991321563721,inf,[],"""[0, 5, 3, 1, 3, 5, 1, 3, 3, 7, 2, 13, 5, 4, 2, 8, 2, 4, 5, 4, 5, 40, 124, 51, 22, 162, 95, 165, 125, 168, 63, 79, 78, 170, 54, 153, 152, 62, 41, 0]"""
j20,2,proactive_quantile_0.75,60,False,inf,0.15804743766784668,inf,"[0, 0, 23, 0, 4, 14, 10, 12, 26, 7, 26, 7, 13, 32, 19, 36, 30, 18, 40, 42, 33, 0, 0, 0, 0, 0, 0, 0, 0, 0, 0, 0, 0, 0, 0, 0, 0, 0, 0, 169]","""[0, 3, 2, 7, 2, 1, 2, 3, 3, 2, 3, 2, 4, 3, 3, 1, 1, 7, 13, 8, 7, 40, 124, 51, 22, 162, 95, 165, 125, 168, 63, 79, 78, 170, 54, 153, 152, 62, 41, 0]"""
j20,2,reactive,60,False,inf,inf,inf,null,"[0, 3, 2, 7, 2, 1, 2, 3, 3, 2, 3, 2, 4, 3, 3, 1, 1, 7, 13, 8, 7, 40, 124, 51, 22, 162, 95, 165, 125, 168, 63, 79, 78, 170, 54, 153, 152, 62, 41, 0]"
j20,2,stnu,60,False,inf,1.711745023727417,inf,[],"""[0, 3, 4, 7, 2, 1, 4, 2, 3, 1, 3, 3, 10, 3, 8, 1, 1, 2, 13, 8, 7, 40, 124, 51, 22, 162, 95, 165, 125, 168, 63, 79, 78, 170, 54, 153, 152, 62, 41, 0]"""
j20,2,proactive_quantile_0.75,60,False,inf,0.17051362991333008,inf,"[0, 0, 0, 0, 2, 8, 8, 8, 16, 7, 15, 2, 15, 24, 23, 14, 18, 26, 35, 24, 23, 0, 0, 0, 0, 0, 135]","""[0, 5, 4, 3, 2, 4, 5, 5, 1, 1, 5, 1, 1, 1, 2, 3, 9, 7, 7, 4, 4, 106, 27, 43, 109, 136, 0]"""
j20,2,reactive,60,False,inf,inf,inf,null,"[0, 5, 4, 3, 2, 4, 5, 5, 1, 1, 5, 1, 1, 1, 2, 3, 9, 7, 7, 4, 4, 106, 27, 43, 109, 136, 0]"
j20,2,stnu,60,True,37,0.7977721691131592,0.026506662368774414,"[0, 0, 0, 0, 3, 5, 5, 5, 17, 5, 17, 3, 16, 22, 18, 13, 17, 22, 30, 26, 13, 0, 0, 0, 0, 0, 37]","""[0, 5, 1, 3, 2, 4, 7, 5, 1, 8, 5, 1, 1, 1, 2, 3, 9, 7, 7, 4, 4, 106, 27, 43, 109, 136, 0]"""
j20,2,proactive_quantile_0.75,60,False,inf,0.07795476913452148,inf,"[0, 0, 0, 0, 7, 16, 16, 16, 25, 10, 25, 7, 25, 36, 36, 34, 28, 39, 46, 36, 22, 0, 0, 0, 0, 0, 135]","""[0, 8, 2, 1, 10, 1, 10, 2, 8, 6, 5, 4, 4, 9, 4, 6, 7, 7, 13, 5, 15, 106, 27, 43, 109, 136, 0]"""
j20,2,reactive,60,False,inf,inf,inf,null,"[0, 8, 2, 1, 10, 1, 10, 2, 8, 6, 5, 4, 4, 9, 4, 6, 7, 7, 13, 5, 15, 106, 27, 43, 109, 136, 0]"
j20,2,stnu,60,True,40,0.7731449604034424,0.02633357048034668,"[0, 0, 0, 0, 3, 10, 10, 10, 20, 7, 20, 3, 20, 27, 26, 12, 24, 30, 37, 31, 10, 0, 0, 0, 0, 0, 40]","""[0, 7, 3, 3, 7, 10, 10, 2, 6, 1, 7, 3, 4, 2, 4, 3, 7, 7, 3, 4, 1, 106, 27, 43, 109, 136, 0]"""
j20,2,proactive_quantile_0.75,60,True,56,0.2383255958557129,0.0010714530944824219,"[0, 0, 0, 0, 7, 16, 16, 16, 25, 10, 25, 7, 25, 36, 36, 34, 28, 39, 46, 36, 22, 0, 0, 0, 0, 0, 135]","""[0, 9, 1, 8, 9, 6, 5, 7, 11, 9, 12, 1, 2, 5, 3, 2, 4, 3, 5, 4, 8, 106, 27, 43, 109, 136, 0]"""
j20,2,reactive,60,False,inf,inf,inf,null,"[0, 9, 1, 8, 9, 6, 5, 7, 11, 9, 12, 1, 2, 5, 3, 2, 4, 3, 5, 4, 8, 106, 27, 43, 109, 136, 0]"
j20,2,stnu,60,True,40,0.7537751197814941,0.026713132858276367,"[0, 0, 0, 0, 1, 10, 10, 4, 14, 10, 15, 1, 15, 26, 17, 12, 17, 26, 33, 27, 12, 0, 0, 0, 0, 0, 40]","""[0, 10, 2, 1, 3, 1, 5, 7, 1, 2, 11, 2, 2, 1, 3, 1, 4, 4, 7, 6, 2, 106, 27, 43, 109, 136, 0]"""
j20,2,proactive_quantile_0.75,60,False,inf,0.16447806358337402,inf,"[0, 0, 0, 0, 2, 8, 8, 8, 16, 7, 15, 2, 15, 24, 23, 14, 18, 26, 35, 24, 23, 0, 0, 0, 0, 0, 135]","""[0, 1, 1, 3, 5, 10, 3, 5, 10, 5, 10, 4, 4, 2, 4, 1, 5, 12, 1, 4, 1, 106, 27, 43, 109, 136, 0]"""
j20,2,reactive,60,False,inf,inf,inf,null,"[0, 1, 1, 3, 5, 10, 3, 5, 10, 5, 10, 4, 4, 2, 4, 1, 5, 12, 1, 4, 1, 106, 27, 43, 109, 136, 0]"
j20,2,stnu,60,True,45,0.9347190856933594,0.02645707130432129,"[0, 0, 0, 0, 3, 8, 8, 8, 18, 1, 18, 3, 18, 28, 28, 13, 22, 32, 44, 32, 8, 0, 0, 0, 0, 0, 45]","""[0, 1, 1, 3, 5, 10, 6, 5, 10, 4, 10, 4, 4, 2, 4, 1, 5, 12, 1, 4, 1, 106, 27, 43, 109, 136, 0]"""
j20,2,proactive_quantile_0.75,60,True,42,0.07629132270812988,0.0009765625,"[0, 0, 0, 0, 2, 8, 8, 8, 16, 7, 15, 2, 15, 24, 23, 14, 18, 26, 35, 24, 23, 0, 0, 0, 0, 0, 135]","""[0, 8, 2, 2, 4, 3, 5, 3, 5, 2, 1, 1, 3, 1, 2, 2, 3, 11, 3, 5, 2, 106, 27, 43, 109, 136, 0]"""
j20,2,reactive,60,False,inf,inf,inf,null,"[0, 8, 2, 2, 4, 3, 5, 3, 5, 2, 1, 1, 3, 1, 2, 2, 3, 11, 3, 5, 2, 106, 27, 43, 109, 136, 0]"
j20,2,stnu,60,False,inf,0.8413128852844238,inf,[],"""[0, 12, 4, 5, 10, 9, 7, 6, 5, 2, 5, 3, 3, 7, 7, 1, 3, 7, 5, 7, 8, 106, 27, 43, 109, 136, 0]"""
j20,2,proactive_quantile_0.75,60,False,inf,0.08344769477844238,inf,"[0, 0, 0, 0, 2, 8, 8, 8, 16, 7, 15, 2, 15, 24, 23, 14, 18, 26, 35, 24, 23, 0, 0, 0, 0, 0, 135]","""[0, 7, 3, 1, 7, 2, 6, 8, 3, 2, 10, 1, 4, 2, 2, 2, 7, 9, 6, 2, 2, 106, 27, 43, 109, 136, 0]"""
j20,2,reactive,60,False,inf,inf,inf,null,"[0, 7, 3, 1, 7, 2, 6, 8, 3, 2, 10, 1, 4, 2, 2, 2, 7, 9, 6, 2, 2, 106, 27, 43, 109, 136, 0]"
j20,2,stnu,60,True,39,0.8513562679290771,0.026376962661743164,"[0, 0, 0, 0, 1, 8, 8, 8, 14, 7, 14, 1, 18, 24, 22, 16, 22, 24, 33, 29, 12, 0, 0, 0, 0, 0, 39]","""[0, 7, 4, 1, 7, 2, 5, 8, 3, 5, 10, 1, 4, 2, 2, 2, 7, 9, 6, 2, 2, 106, 27, 43, 109, 136, 0]"""
j20,2,proactive_quantile_0.75,60,False,inf,0.09878873825073242,inf,"[0, 0, 0, 0, 2, 8, 8, 8, 16, 7, 15, 2, 15, 24, 23, 14, 18, 26, 35, 24, 23, 0, 0, 0, 0, 0, 135]","""[0, 4, 1, 2, 9, 6, 4, 4, 6, 9, 7, 4, 3, 2, 4, 1, 7, 2, 2, 2, 2, 106, 27, 43, 109, 136, 0]"""
j20,2,reactive,60,False,inf,inf,inf,null,"[0, 4, 1, 2, 9, 6, 4, 4, 6, 9, 7, 4, 3, 2, 4, 1, 7, 2, 2, 2, 2, 106, 27, 43, 109, 136, 0]"
j20,2,stnu,60,True,35,0.7559328079223633,0.026430845260620117,"[0, 0, 0, 0, 2, 11, 11, 11, 17, 4, 21, 2, 21, 28, 24, 15, 24, 28, 33, 31, 11, 0, 0, 0, 0, 0, 35]","""[0, 4, 3, 2, 9, 6, 10, 4, 6, 5, 7, 4, 3, 2, 4, 1, 7, 2, 2, 2, 2, 106, 27, 43, 109, 136, 0]"""
j20,2,proactive_quantile_0.75,60,False,inf,0.1755506992340088,inf,"[0, 0, 0, 0, 2, 8, 10, 8, 15, 10, 17, 2, 15, 28, 26, 14, 22, 29, 40, 31, 16, 0, 0, 0, 0, 0, 135]","""[0, 5, 3, 3, 4, 6, 6, 5, 5, 7, 3, 3, 9, 13, 2, 9, 2, 6, 3, 12, 3, 106, 27, 43, 109, 136, 0]"""
j20,2,reactive,60,False,inf,inf,inf,null,"[0, 5, 3, 3, 4, 6, 6, 5, 5, 7, 3, 3, 9, 13, 2, 9, 2, 6, 3, 12, 3, 106, 27, 43, 109, 136, 0]"
j20,2,stnu,60,True,31,0.7385299205780029,0.026377439498901367,"[0, 0, 0, 0, 3, 8, 8, 7, 14, 8, 14, 3, 15, 21, 21, 12, 18, 23, 30, 23, 9, 0, 0, 0, 0, 0, 31]","""[0, 8, 1, 3, 4, 6, 6, 5, 7, 1, 3, 3, 3, 1, 2, 3, 2, 7, 1, 6, 1, 106, 27, 43, 109, 136, 0]"""
j20,2,proactive_quantile_0.75,60,False,inf,0.2932770252227783,inf,"[0, 0, 0, 0, 2, 8, 8, 8, 16, 7, 15, 2, 15, 24, 23, 14, 18, 26, 35, 24, 23, 0, 0, 0, 0, 0, 135]","""[0, 7, 2, 1, 1, 9, 4, 8, 10, 5, 7, 3, 4, 3, 2, 3, 4, 8, 1, 5, 4, 106, 27, 43, 109, 136, 0]"""
j20,2,reactive,60,False,inf,inf,inf,null,"[0, 7, 2, 1, 1, 9, 4, 8, 10, 5, 7, 3, 4, 3, 2, 3, 4, 8, 1, 5, 4, 106, 27, 43, 109, 136, 0]"
j20,2,stnu,60,True,37,0.7688417434692383,0.026588916778564453,"[0, 0, 0, 0, 1, 7, 7, 4, 16, 7, 17, 1, 17, 26, 26, 12, 21, 28, 36, 29, 9, 0, 0, 0, 0, 0, 37]","""[0, 7, 3, 1, 1, 9, 10, 8, 10, 2, 7, 3, 4, 3, 2, 3, 4, 8, 1, 5, 4, 106, 27, 43, 109, 136, 0]"""
j20,2,proactive_quantile_0.75,60,False,inf,0.28270506858825684,inf,"[0, 0, 0, 0, 2, 8, 8, 8, 16, 7, 15, 2, 15, 24, 23, 14, 18, 26, 35, 24, 23, 0, 0, 0, 0, 0, 135]","""[0, 5, 3, 1, 5, 4, 3, 8, 7, 8, 2, 3, 1, 1, 4, 3, 7, 12, 1, 4, 3, 106, 27, 43, 109, 136, 0]"""
j20,2,reactive,60,False,inf,inf,inf,null,"[0, 5, 3, 1, 5, 4, 3, 8, 7, 8, 2, 3, 1, 1, 4, 3, 7, 12, 1, 4, 3, 106, 27, 43, 109, 136, 0]"
j20,2,stnu,60,True,35,0.8157172203063965,0.026738882064819336,"[0, 0, 0, 0, 1, 6, 6, 6, 11, 5, 11, 1, 17, 18, 18, 14, 18, 22, 34, 25, 8, 0, 0, 0, 0, 0, 35]","""[0, 5, 1, 1, 5, 4, 1, 8, 7, 3, 2, 3, 1, 1, 4, 3, 7, 12, 1, 4, 3, 106, 27, 43, 109, 136, 0]"""
j20,2,proactive_quantile_0.75,60,False,inf,0.08993721008300781,inf,"[0, 0, 0, 0, 6, 2, 9, 6, 6, 2, 10, 10, 12, 2, 19, 6, 18, 26, 20, 29, 12, 0, 0, 0, 0, 0, 0, 86]","""[0, 3, 9, 2, 4, 4, 13, 5, 3, 2, 3, 1, 7, 2, 9, 7, 3, 2, 4, 3, 6, 24, 87, 60, 48, 48, 79, 0]"""
j20,2,reactive,60,False,inf,inf,inf,null,"[0, 3, 9, 2, 4, 4, 13, 5, 3, 2, 3, 1, 7, 2, 9, 7, 3, 2, 4, 3, 6, 24, 87, 60, 48, 48, 79, 0]"
j20,2,stnu,60,True,33,0.794543981552124,0.02711343765258789,"[0, 0, 0, 0, 8, 3, 12, 7, 8, 3, 12, 12, 14, 2, 25, 7, 21, 26, 25, 28, 14, 0, 0, 0, 0, 0, 0, 33]","""[0, 3, 8, 2, 4, 4, 13, 5, 3, 2, 2, 1, 7, 2, 1, 7, 2, 2, 8, 3, 3, 24, 87, 60, 48, 48, 79, 0]"""
j20,2,proactive_quantile_0.75,60,False,inf,0.07832694053649902,inf,"[0, 0, 0, 0, 6, 2, 9, 6, 6, 2, 10, 10, 12, 2, 19, 6, 18, 26, 20, 29, 12, 0, 0, 0, 0, 0, 0, 86]","""[0, 3, 5, 1, 1, 2, 10, 3, 3, 6, 1, 2, 3, 2, 8, 3, 2, 4, 9, 2, 3, 24, 87, 60, 48, 48, 79, 0]"""
j20,2,reactive,60,False,inf,inf,inf,null,"[0, 3, 5, 1, 1, 2, 10, 3, 3, 6, 1, 2, 3, 2, 8, 3, 2, 4, 9, 2, 3, 24, 87, 60, 48, 48, 79, 0]"
j20,2,stnu,60,True,31,0.7547836303710938,0.027217626571655273,"[0, 0, 0, 0, 9, 3, 12, 5, 9, 3, 12, 8, 12, 1, 22, 5, 15, 25, 22, 29, 10, 0, 0, 0, 0, 0, 0, 31]","""[0, 3, 2, 1, 1, 2, 10, 3, 3, 6, 3, 2, 3, 2, 3, 3, 1, 4, 1, 2, 5, 24, 87, 60, 48, 48, 79, 0]"""
j20,2,proactive_quantile_0.75,60,True,48,0.10455727577209473,0.0009348392486572266,"[0, 0, 0, 0, 7, 6, 13, 10, 10, 6, 17, 17, 23, 11, 23, 10, 29, 33, 38, 36, 23, 0, 0, 0, 0, 0, 0, 86]","""[0, 5, 3, 5, 7, 2, 4, 2, 3, 2, 3, 9, 7, 4, 9, 12, 8, 2, 9, 2, 7, 24, 87, 60, 48, 48, 79, 0]"""
j20,2,reactive,60,False,inf,inf,inf,null,"[0, 5, 3, 5, 7, 2, 4, 2, 3, 2, 3, 9, 7, 4, 9, 12, 8, 2, 9, 2, 7, 24, 87, 60, 48, 48, 79, 0]"
j20,2,stnu,60,True,29,0.7634432315826416,0.026712417602539062,"[0, 0, 0, 0, 5, 3, 9, 5, 5, 3, 9, 7, 9, 3, 17, 5, 16, 23, 17, 25, 9, 0, 0, 0, 0, 0, 0, 29]","""[0, 3, 3, 3, 4, 2, 4, 2, 3, 2, 3, 2, 7, 2, 6, 3, 1, 2, 6, 4, 6, 24, 87, 60, 48, 48, 79, 0]"""
j20,2,proactive_quantile_0.75,60,True,48,0.1744213104248047,0.0009655952453613281,"[0, 0, 0, 0, 7, 6, 13, 10, 10, 6, 17, 17, 23, 11, 23, 10, 29, 33, 38, 36, 23, 0, 0, 0, 0, 0, 0, 86]","""[0, 5, 9, 11, 3, 6, 10, 6, 1, 5, 2, 9, 8, 6, 3, 9, 2, 1, 3, 5, 6, 24, 87, 60, 48, 48, 79, 0]"""
j20,2,reactive,60,False,inf,inf,inf,null,"[0, 5, 9, 11, 3, 6, 10, 6, 1, 5, 2, 9, 8, 6, 3, 9, 2, 1, 3, 5, 6, 24, 87, 60, 48, 48, 79, 0]"
j20,2,stnu,60,True,36,0.7491104602813721,0.02704310417175293,"[0, 0, 0, 0, 9, 3, 14, 9, 9, 3, 14, 14, 16, 2, 26, 9, 24, 34, 26, 35, 16, 0, 0, 0, 0, 0, 0, 36]","""[0, 3, 9, 2, 4, 6, 10, 5, 1, 5, 2, 2, 8, 2, 8, 3, 2, 1, 1, 1, 13, 24, 87, 60, 48, 48, 79, 0]"""
j20,2,proactive_quantile_0.75,60,False,inf,0.15446829795837402,inf,"[0, 0, 0, 0, 6, 2, 9, 6, 6, 2, 10, 10, 12, 2, 19, 6, 18, 26, 20, 29, 12, 0, 0, 0, 0, 0, 0, 86]","""[0, 1, 4, 3, 4, 6, 13, 2, 1, 6, 1, 3, 5, 2, 2, 7, 2, 1, 3, 1, 6, 24, 87, 60, 48, 48, 79, 0]"""
j20,2,reactive,60,False,inf,inf,inf,null,"[0, 1, 4, 3, 4, 6, 13, 2, 1, 6, 1, 3, 5, 2, 2, 7, 2, 1, 3, 1, 6, 24, 87, 60, 48, 48, 79, 0]"
j20,2,stnu,60,True,33,0.8879218101501465,0.027216672897338867,"[0, 0, 0, 0, 9, 3, 13, 9, 9, 3, 13, 11, 16, 3, 26, 9, 21, 31, 26, 32, 16, 0, 0, 0, 0, 0, 0, 33]","""[0, 1, 4, 3, 4, 6, 13, 2, 1, 6, 2, 3, 5, 2, 5, 7, 1, 1, 4, 1, 3, 24, 87, 60, 48, 48, 79, 0]"""
j20,2,proactive_quantile_0.75,60,True,35,0.16677451133728027,0.000881195068359375,"[0, 0, 0, 0, 6, 2, 9, 6, 6, 2, 10, 10, 12, 2, 19, 6, 18, 26, 20, 29, 12, 0, 0, 0, 0, 0, 0, 86]","""[0, 1, 5, 2, 4, 6, 2, 2, 3, 6, 3, 1, 5, 1, 8, 4, 3, 1, 3, 2, 5, 24, 87, 60, 48, 48, 79, 0]"""
j20,2,reactive,60,False,inf,inf,inf,null,"[0, 1, 5, 2, 4, 6, 2, 2, 3, 6, 3, 1, 5, 1, 8, 4, 3, 1, 3, 2, 5, 24, 87, 60, 48, 48, 79, 0]"
j20,2,stnu,60,True,27,0.8367369174957275,0.02692437171936035,"[0, 0, 0, 0, 8, 2, 12, 8, 8, 2, 12, 10, 12, 2, 20, 8, 17, 23, 20, 24, 12, 0, 0, 0, 0, 0, 0, 27]","""[0, 1, 4, 2, 4, 6, 2, 2, 3, 6, 2, 1, 5, 1, 3, 4, 3, 1, 4, 3, 14, 24, 87, 60, 48, 48, 79, 0]"""
j20,2,proactive_quantile_0.75,60,True,35,0.050203561782836914,0.0008478164672851562,"[0, 0, 0, 0, 6, 2, 9, 6, 6, 2, 10, 10, 12, 2, 19, 6, 18, 26, 20, 29, 12, 0, 0, 0, 0, 0, 0, 86]","""[0, 2, 5, 1, 2, 4, 5, 4, 2, 3, 2, 1, 2, 1, 5, 8, 1, 1, 2, 2, 3, 24, 87, 60, 48, 48, 79, 0]"""
j20,2,reactive,60,True,31,0.050203561782836914,0.32640862464904785,"[0, 0, 0, 0, 6, 2, 9, 6, 6, 2, 10, 10, 12, 2, 19, 6, 18, 26, 20, 29, 12, 0, 0, 0, 0, 0, 0, 31]","[0, 2, 5, 1, 2, 4, 5, 4, 2, 3, 2, 1, 2, 1, 5, 8, 1, 1, 2, 2, 3, 24, 87, 60, 48, 48, 79, 0]"
j20,2,stnu,60,True,28,0.7310512065887451,0.027056455612182617,"[0, 0, 0, 0, 6, 2, 10, 6, 6, 2, 10, 10, 14, 1, 17, 6, 16, 25, 17, 26, 14, 0, 0, 0, 0, 0, 0, 28]","""[0, 2, 2, 1, 2, 4, 5, 4, 2, 3, 3, 1, 2, 1, 8, 8, 1, 1, 7, 2, 7, 24, 87, 60, 48, 48, 79, 0]"""
j20,2,proactive_quantile_0.75,60,False,inf,0.07074213027954102,inf,"[0, 0, 0, 0, 6, 2, 9, 6, 6, 2, 10, 10, 12, 2, 19, 6, 18, 26, 20, 29, 12, 0, 0, 0, 0, 0, 0, 86]","""[0, 3, 3, 1, 1, 4, 4, 5, 2, 4, 1, 3, 8, 3, 6, 7, 1, 2, 10, 8, 5, 24, 87, 60, 48, 48, 79, 0]"""
j20,2,reactive,60,False,inf,inf,inf,null,"[0, 3, 3, 1, 1, 4, 4, 5, 2, 4, 1, 3, 8, 3, 6, 7, 1, 2, 10, 8, 5, 24, 87, 60, 48, 48, 79, 0]"
j20,2,stnu,60,False,inf,0.6630465984344482,inf,[],"""[0, 5, 3, 1, 5, 4, 4, 4, 2, 4, 3, 3, 8, 1, 5, 1, 9, 2, 10, 8, 5, 24, 87, 60, 48, 48, 79, 0]"""
j20,2,proactive_quantile_0.75,60,False,inf,0.15995478630065918,inf,"[0, 0, 0, 0, 6, 2, 9, 6, 6, 2, 10, 10, 12, 2, 19, 6, 18, 26, 20, 29, 12, 0, 0, 0, 0, 0, 0, 86]","""[0, 3, 7, 3, 3, 2, 13, 5, 1, 3, 2, 1, 1, 3, 2, 6, 3, 4, 2, 6, 8, 24, 87, 60, 48, 48, 79, 0]"""
j20,2,reactive,60,False,inf,inf,inf,null,"[0, 3, 7, 3, 3, 2, 13, 5, 1, 3, 2, 1, 1, 3, 2, 6, 3, 4, 2, 6, 8, 24, 87, 60, 48, 48, 79, 0]"
j20,2,stnu,60,True,41,0.8090100288391113,0.02690720558166504,"[0, 0, 0, 0, 7, 3, 11, 6, 7, 3, 11, 11, 12, 3, 24, 6, 13, 33, 24, 37, 12, 0, 0, 0, 0, 0, 0, 41]","""[0, 3, 7, 3, 3, 2, 13, 5, 1, 3, 2, 1, 1, 3, 9, 6, 3, 4, 1, 4, 11, 24, 87, 60, 48, 48, 79, 0]"""
j20,2,proactive_quantile_0.75,60,True,35,0.08844327926635742,0.0009014606475830078,"[0, 0, 0, 0, 6, 2, 9, 6, 6, 2, 10, 10, 12, 2, 19, 6, 18, 26, 20, 29, 12, 0, 0, 0, 0, 0, 0, 86]","""[0, 1, 2, 3, 3, 2, 10, 2, 1, 6, 2, 3, 8, 3, 10, 2, 3, 2, 6, 4, 3, 24, 87, 60, 48, 48, 79, 0]"""
j20,2,reactive,60,False,inf,inf,inf,null,"[0, 1, 2, 3, 3, 2, 10, 2, 1, 6, 2, 3, 8, 3, 10, 2, 3, 2, 6, 4, 3, 24, 87, 60, 48, 48, 79, 0]"
j20,2,stnu,60,True,36,0.752164363861084,0.026920795440673828,"[0, 0, 0, 0, 9, 3, 12, 6, 9, 3, 12, 8, 11, 3, 22, 6, 19, 31, 22, 33, 12, 0, 0, 0, 0, 0, 0, 36]","""[0, 1, 2, 3, 3, 2, 10, 2, 1, 6, 2, 3, 8, 3, 9, 2, 1, 2, 2, 3, 4, 24, 87, 60, 48, 48, 79, 0]"""
j20,2,proactive_quantile_0.75,60,True,65,0.07251954078674316,0.0005936622619628906,"[0, 0, 0, 0, 9, 18, 18, 9, 27, 7, 18, 27, 13, 7, 39, 48, 27, 33, 34, 58, 39, 0, 152]","""[0, 10, 5, 1, 6, 6, 4, 9, 8, 2, 4, 3, 7, 3, 11, 9, 2, 1, 12, 8, 1, 153, 0]"""
j20,2,reactive,60,False,inf,inf,inf,null,"[0, 10, 5, 1, 6, 6, 4, 9, 8, 2, 4, 3, 7, 3, 11, 9, 2, 1, 12, 8, 1, 153, 0]"
j20,2,stnu,60,True,37,0.7757551670074463,0.01986217498779297,"[0, 0, 0, 0, 7, 8, 8, 9, 13, 7, 8, 13, 8, 5, 23, 25, 13, 18, 18, 29, 23, 0, 37]","""[0, 7, 5, 1, 1, 5, 1, 9, 10, 1, 4, 5, 4, 3, 2, 4, 5, 4, 4, 8, 5, 153, 0]"""
j20,2,proactive_quantile_0.75,60,False,inf,0.17297577857971191,inf,"[0, 0, 0, 0, 7, 9, 9, 17, 13, 7, 9, 13, 9, 7, 20, 22, 13, 17, 17, 29, 20, 0, 152]","""[0, 2, 8, 2, 2, 5, 3, 4, 10, 1, 4, 5, 6, 4, 2, 4, 6, 3, 4, 5, 7, 153, 0]"""
j20,2,reactive,60,False,inf,inf,inf,null,"[0, 2, 8, 2, 2, 5, 3, 4, 10, 1, 4, 5, 6, 4, 2, 4, 6, 3, 4, 5, 7, 153, 0]"
j20,2,stnu,60,True,38,0.843796968460083,0.020111799240112305,"[0, 0, 0, 0, 8, 10, 10, 13, 16, 8, 10, 16, 10, 8, 26, 28, 16, 22, 22, 33, 26, 0, 38]","""[0, 2, 8, 2, 2, 5, 3, 10, 10, 1, 4, 5, 6, 4, 2, 4, 6, 3, 4, 5, 7, 153, 0]"""
j20,2,proactive_quantile_0.75,60,False,inf,0.10446596145629883,inf,"[0, 0, 0, 0, 9, 18, 18, 9, 27, 7, 18, 27, 13, 7, 39, 48, 27, 33, 34, 58, 39, 0, 152]","""[0, 11, 1, 5, 4, 12, 3, 7, 10, 4, 3, 1, 4, 6, 7, 9, 9, 4, 5, 8, 7, 153, 0]"""
j20,2,reactive,60,False,inf,inf,inf,null,"[0, 11, 1, 5, 4, 12, 3, 7, 10, 4, 3, 1, 4, 6, 7, 9, 9, 4, 5, 8, 7, 153, 0]"
j20,2,stnu,60,True,41,0.8029940128326416,0.02074408531188965,"[0, 0, 0, 0, 4, 6, 6, 8, 11, 5, 6, 11, 6, 5, 20, 23, 11, 16, 16, 33, 20, 0, 41]","""[0, 4, 1, 5, 1, 1, 2, 7, 9, 1, 3, 5, 5, 2, 3, 10, 1, 3, 4, 8, 8, 153, 0]"""
j20,2,proactive_quantile_0.75,60,False,inf,0.16518092155456543,inf,"[0, 0, 0, 0, 7, 9, 9, 17, 13, 7, 9, 13, 9, 7, 20, 22, 13, 17, 17, 29, 20, 0, 152]","""[0, 7, 9, 1, 1, 5, 1, 4, 9, 1, 4, 5, 5, 3, 3, 6, 1, 4, 4, 4, 1, 153, 0]"""
j20,2,reactive,60,False,inf,inf,inf,null,"[0, 7, 9, 1, 1, 5, 1, 4, 9, 1, 4, 5, 5, 3, 3, 6, 1, 4, 4, 4, 1, 153, 0]"
j20,2,stnu,60,True,37,0.785773515701294,0.020203590393066406,"[0, 0, 0, 0, 9, 10, 10, 12, 15, 9, 10, 15, 10, 9, 24, 27, 15, 20, 20, 33, 24, 0, 37]","""[0, 7, 9, 1, 1, 5, 1, 8, 9, 1, 4, 5, 5, 3, 3, 6, 1, 4, 4, 4, 1, 153, 0]"""
j20,2,proactive_quantile_0.75,60,True,65,0.07516002655029297,0.0005898475646972656,"[0, 0, 0, 0, 9, 18, 18, 9, 27, 7, 18, 27, 13, 7, 39, 48, 27, 33, 34, 58, 39, 0, 152]","""[0, 10, 8, 2, 3, 3, 1, 11, 14, 4, 2, 4, 5, 2, 8, 11, 4, 6, 6, 3, 6, 153, 0]"""
j20,2,reactive,60,False,inf,inf,inf,null,"[0, 10, 8, 2, 3, 3, 1, 11, 14, 4, 2, 4, 5, 2, 8, 11, 4, 6, 6, 3, 6, 153, 0]"
j20,2,stnu,60,True,30,0.7693910598754883,0.020121335983276367,"[0, 0, 0, 0, 8, 11, 11, 12, 16, 8, 11, 16, 11, 8, 23, 25, 16, 20, 20, 27, 23, 0, 30]","""[0, 4, 8, 2, 3, 4, 1, 11, 2, 3, 2, 1, 5, 2, 2, 2, 4, 1, 1, 3, 2, 153, 0]"""
j20,2,proactive_quantile_0.75,60,False,inf,0.10078835487365723,inf,"[0, 0, 0, 0, 7, 9, 9, 17, 13, 7, 9, 13, 9, 7, 20, 22, 13, 17, 17, 29, 20, 0, 152]","""[0, 10, 6, 2, 2, 3, 1, 1, 7, 1, 1, 1, 6, 4, 2, 1, 2, 3, 4, 3, 7, 153, 0]"""
j20,2,reactive,60,False,inf,inf,inf,null,"[0, 10, 6, 2, 2, 3, 1, 1, 7, 1, 1, 1, 6, 4, 2, 1, 2, 3, 4, 3, 7, 153, 0]"
j20,2,stnu,60,True,51,0.7899515628814697,0.02028059959411621,"[0, 0, 0, 0, 6, 11, 11, 4, 21, 6, 11, 21, 11, 6, 32, 38, 21, 22, 24, 48, 28, 0, 51]","""[0, 4, 6, 2, 5, 10, 3, 5, 11, 5, 1, 1, 7, 4, 1, 10, 3, 6, 4, 3, 10, 153, 0]"""
j20,2,proactive_quantile_0.75,60,False,inf,0.07571005821228027,inf,"[0, 0, 0, 0, 7, 9, 9, 17, 13, 7, 9, 13, 9, 7, 20, 22, 13, 17, 17, 29, 20, 0, 152]","""[0, 2, 10, 2, 2, 3, 2, 1, 10, 1, 4, 4, 2, 3, 2, 3, 6, 1, 4, 7, 7, 153, 0]"""
j20,2,reactive,60,False,inf,inf,inf,null,"[0, 2, 10, 2, 2, 3, 2, 1, 10, 1, 4, 4, 2, 3, 2, 3, 6, 1, 4, 7, 7, 153, 0]"
j20,2,stnu,60,True,40,0.8036417961120605,0.02008509635925293,"[0, 0, 0, 0, 10, 12, 12, 14, 15, 10, 12, 16, 12, 10, 25, 27, 16, 22, 22, 33, 26, 0, 40]","""[0, 2, 10, 2, 2, 3, 2, 5, 10, 1, 4, 4, 2, 3, 2, 3, 6, 1, 4, 7, 7, 153, 0]"""
j20,2,proactive_quantile_0.75,60,True,36,0.07468962669372559,0.0005235671997070312,"[0, 0, 0, 0, 7, 9, 9, 17, 13, 7, 9, 13, 9, 7, 20, 22, 13, 17, 17, 29, 20, 0, 152]","""[0, 1, 7, 2, 2, 3, 3, 3, 8, 3, 2, 4, 2, 4, 1, 1, 3, 4, 2, 10, 3, 153, 0]"""
j20,2,reactive,60,False,inf,inf,inf,null,"[0, 1, 7, 2, 2, 3, 3, 3, 8, 3, 2, 4, 2, 4, 1, 1, 3, 4, 2, 10, 3, 153, 0]"
j20,2,stnu,60,True,34,0.7670774459838867,0.019961118698120117,"[0, 0, 0, 0, 7, 10, 10, 13, 13, 7, 10, 13, 10, 7, 21, 22, 13, 17, 17, 24, 21, 0, 34]","""[0, 1, 7, 2, 2, 3, 3, 3, 8, 3, 2, 4, 2, 4, 1, 1, 3, 4, 2, 10, 3, 153, 0]"""
j20,2,proactive_quantile_0.75,60,False,inf,0.1154320240020752,inf,"[0, 0, 0, 0, 9, 18, 18, 9, 27, 7, 18, 27, 13, 7, 39, 48, 27, 33, 34, 58, 39, 0, 152]","""[0, 8, 9, 2, 9, 5, 1, 4, 3, 3, 1, 7, 3, 3, 11, 2, 8, 6, 12, 3, 7, 153, 0]"""
j20,2,reactive,60,False,inf,inf,inf,null,"[0, 8, 9, 2, 9, 5, 1, 4, 3, 3, 1, 7, 3, 3, 11, 2, 8, 6, 12, 3, 7, 153, 0]"
j20,2,stnu,60,True,31,0.7415781021118164,0.020317792892456055,"[0, 0, 0, 0, 9, 12, 12, 15, 16, 9, 12, 16, 12, 9, 22, 23, 16, 20, 20, 28, 22, 0, 31]","""[0, 8, 9, 2, 2, 4, 3, 4, 5, 3, 1, 4, 2, 1, 1, 4, 4, 2, 1, 3, 6, 153, 0]"""
j20,2,proactive_quantile_0.75,60,False,inf,0.07558441162109375,inf,"[0, 0, 0, 0, 7, 9, 9, 17, 13, 7, 9, 13, 9, 7, 20, 22, 13, 17, 17, 29, 20, 0, 152]","""[0, 7, 6, 3, 1, 6, 1, 2, 6, 2, 3, 1, 6, 4, 2, 10, 5, 2, 1, 8, 6, 153, 0]"""
j20,2,reactive,60,False,inf,inf,inf,null,"[0, 7, 6, 3, 1, 6, 1, 2, 6, 2, 3, 1, 6, 4, 2, 10, 5, 2, 1, 8, 6, 153, 0]"
j20,2,stnu,60,True,42,0.8008444309234619,0.02017068862915039,"[0, 0, 0, 0, 7, 9, 9, 10, 15, 7, 9, 15, 9, 6, 22, 24, 15, 20, 20, 34, 22, 0, 42]","""[0, 7, 6, 3, 1, 6, 1, 8, 6, 2, 3, 1, 6, 4, 2, 10, 5, 2, 1, 8, 6, 153, 0]"""
j20,2,proactive_quantile_0.75,60,False,inf,0.08322620391845703,inf,"[0, 0, 0, 0, 7, 20, 2, 7, 14, 2, 30, 17, 14, 20, 20, 37, 30, 30, 40, 34, 46, 0, 0, 0, 0, 0, 145]","""[0, 6, 3, 12, 5, 10, 1, 2, 5, 3, 2, 2, 8, 10, 4, 12, 4, 3, 5, 15, 1, 55, 146, 146, 58, 46, 0]"""
j20,2,reactive,60,False,inf,inf,inf,null,"[0, 6, 3, 12, 5, 10, 1, 2, 5, 3, 2, 2, 8, 10, 4, 12, 4, 3, 5, 15, 1, 55, 146, 146, 58, 46, 0]"
j20,2,stnu,60,False,inf,0.6957690715789795,inf,[],"""[0, 6, 3, 12, 5, 10, 1, 2, 5, 1, 2, 2, 2, 10, 4, 12, 4, 3, 5, 2, 1, 55, 146, 146, 58, 46, 0]"""
j20,2,proactive_quantile_0.75,60,False,inf,0.15926814079284668,inf,"[0, 0, 0, 0, 3, 13, 2, 3, 9, 6, 18, 13, 10, 16, 13, 30, 23, 19, 21, 23, 36, 0, 0, 0, 0, 0, 145]","""[0, 3, 2, 3, 2, 7, 6, 5, 4, 1, 8, 1, 1, 2, 9, 3, 3, 2, 1, 4, 1, 55, 146, 146, 58, 46, 0]"""
j20,2,reactive,60,False,inf,inf,inf,null,"[0, 3, 2, 3, 2, 7, 6, 5, 4, 1, 8, 1, 1, 2, 9, 3, 3, 2, 1, 4, 1, 55, 146, 146, 58, 46, 0]"
j20,2,stnu,60,True,37,0.7603902816772461,0.0273282527923584,"[0, 0, 0, 0, 3, 26, 2, 3, 8, 14, 16, 12, 8, 12, 12, 33, 33, 21, 16, 23, 36, 0, 0, 0, 0, 0, 37]","""[0, 3, 2, 3, 2, 7, 6, 5, 4, 1, 10, 4, 1, 2, 9, 3, 3, 2, 11, 4, 1, 55, 146, 146, 58, 46, 0]"""
j20,2,proactive_quantile_0.75,60,False,inf,0.1090388298034668,inf,"[0, 0, 0, 0, 3, 13, 2, 3, 9, 6, 18, 13, 10, 16, 13, 30, 23, 19, 21, 23, 36, 0, 0, 0, 0, 0, 145]","""[0, 1, 1, 5, 3, 13, 3, 7, 1, 4, 15, 1, 1, 3, 5, 8, 2, 2, 6, 3, 4, 55, 146, 146, 58, 46, 0]"""
j20,2,reactive,60,False,inf,inf,inf,null,"[0, 1, 1, 5, 3, 13, 3, 7, 1, 4, 15, 1, 1, 3, 5, 8, 2, 2, 6, 3, 4, 55, 146, 146, 58, 46, 0]"
j20,2,stnu,60,False,inf,0.6945874691009521,inf,[],"""[0, 8, 1, 2, 10, 13, 9, 7, 5, 7, 3, 1, 1, 5, 6, 3, 4, 4, 2, 3, 6, 55, 146, 146, 58, 46, 0]"""
j20,2,proactive_quantile_0.75,60,True,39,0.08234071731567383,0.0010824203491210938,"[0, 0, 0, 0, 3, 13, 2, 3, 9, 6, 18, 13, 10, 16, 13, 30, 23, 19, 21, 23, 36, 0, 0, 0, 0, 0, 145]","""[0, 3, 2, 4, 1, 7, 2, 8, 3, 3, 10, 3, 1, 2, 6, 6, 7, 3, 3, 6, 2, 55, 146, 146, 58, 46, 0]"""
j20,2,reactive,60,True,38,0.08234071731567383,0.4783651828765869,"[0, 0, 0, 0, 3, 13, 2, 3, 9, 6, 18, 13, 10, 16, 13, 30, 23, 19, 21, 23, 36, 0, 0, 0, 0, 0, 145]","[0, 3, 2, 4, 1, 7, 2, 8, 3, 3, 10, 3, 1, 2, 6, 6, 7, 3, 3, 6, 2, 55, 146, 146, 58, 46, 0]"
j20,2,stnu,60,True,36,0.7775804996490479,0.027823686599731445,"[0, 0, 0, 0, 3, 20, 2, 3, 6, 13, 16, 11, 6, 11, 11, 27, 27, 17, 14, 20, 34, 0, 0, 0, 0, 0, 36]","""[0, 3, 2, 4, 1, 7, 4, 8, 3, 3, 2, 3, 1, 2, 6, 6, 7, 3, 6, 6, 2, 55, 146, 146, 58, 46, 0]"""
j20,2,proactive_quantile_0.75,60,False,inf,0.34914493560791016,inf,"[0, 0, 0, 0, 3, 13, 2, 3, 9, 6, 18, 13, 10, 16, 13, 30, 23, 19, 21, 23, 36, 0, 0, 0, 0, 0, 145]","""[0, 4, 2, 6, 7, 4, 2, 7, 6, 5, 13, 1, 3, 3, 5, 7, 8, 1, 2, 1, 1, 55, 146, 146, 58, 46, 0]"""
j20,2,reactive,60,False,inf,inf,inf,null,"[0, 4, 2, 6, 7, 4, 2, 7, 6, 5, 13, 1, 3, 3, 5, 7, 8, 1, 2, 1, 1, 55, 146, 146, 58, 46, 0]"
j20,2,stnu,60,False,inf,0.7203173637390137,inf,[],"""[0, 9, 2, 5, 8, 4, 11, 7, 8, 4, 10, 1, 3, 4, 6, 5, 3, 6, 4, 1, 6, 55, 146, 146, 58, 46, 0]"""
j20,2,proactive_quantile_0.75,60,False,inf,0.07552552223205566,inf,"[0, 0, 0, 0, 3, 13, 2, 3, 9, 6, 18, 13, 10, 16, 13, 30, 23, 19, 21, 23, 36, 0, 0, 0, 0, 0, 145]","""[0, 3, 3, 2, 5, 11, 6, 2, 2, 5, 12, 4, 2, 1, 6, 3, 6, 1, 6, 2, 4, 55, 146, 146, 58, 46, 0]"""
j20,2,reactive,60,False,inf,inf,inf,null,"[0, 3, 3, 2, 5, 11, 6, 2, 2, 5, 12, 4, 2, 1, 6, 3, 6, 1, 6, 2, 4, 55, 146, 146, 58, 46, 0]"
j20,2,stnu,60,True,45,0.8725733757019043,0.027921199798583984,"[0, 0, 0, 0, 3, 24, 1, 3, 8, 11, 16, 10, 8, 10, 10, 35, 35, 16, 14, 17, 41, 0, 0, 0, 0, 0, 45]","""[0, 3, 1, 2, 5, 11, 3, 2, 2, 5, 8, 4, 2, 1, 6, 3, 6, 1, 8, 2, 4, 55, 146, 146, 58, 46, 0]"""
j20,2,proactive_quantile_0.75,60,False,inf,0.07905006408691406,inf,"[0, 0, 0, 0, 7, 20, 2, 7, 14, 2, 30, 17, 14, 20, 20, 37, 30, 30, 40, 34, 46, 0, 0, 0, 0, 0, 145]","""[0, 2, 1, 8, 4, 4, 2, 3, 8, 3, 4, 1, 5, 4, 3, 12, 4, 3, 8, 7, 7, 55, 146, 146, 58, 46, 0]"""
j20,2,reactive,60,False,inf,inf,inf,null,"[0, 2, 1, 8, 4, 4, 2, 3, 8, 3, 4, 1, 5, 4, 3, 12, 4, 3, 8, 7, 7, 55, 146, 146, 58, 46, 0]"
j20,2,stnu,60,True,39,0.7928237915039062,0.027547836303710938,"[0, 0, 0, 0, 3, 21, 1, 3, 8, 14, 17, 11, 8, 11, 11, 26, 27, 18, 14, 19, 36, 0, 0, 0, 0, 0, 39]","""[0, 3, 1, 6, 5, 4, 3, 3, 3, 3, 4, 3, 2, 3, 7, 1, 9, 1, 12, 8, 3, 55, 146, 146, 58, 46, 0]"""
j20,2,proactive_quantile_0.75,60,False,inf,0.11305665969848633,inf,"[0, 0, 0, 0, 3, 13, 2, 3, 9, 6, 18, 13, 10, 16, 13, 30, 23, 19, 21, 23, 36, 0, 0, 0, 0, 0, 145]","""[0, 4, 2, 2, 3, 7, 3, 12, 4, 5, 5, 3, 1, 3, 6, 7, 3, 2, 6, 5, 1, 55, 146, 146, 58, 46, 0]"""
j20,2,reactive,60,False,inf,inf,inf,null,"[0, 4, 2, 2, 3, 7, 3, 12, 4, 5, 5, 3, 1, 3, 6, 7, 3, 2, 6, 5, 1, 55, 146, 146, 58, 46, 0]"
j20,2,stnu,60,True,45,0.7958548069000244,0.027590036392211914,"[0, 0, 0, 0, 4, 30, 1, 4, 7, 19, 24, 16, 7, 16, 16, 37, 37, 24, 17, 26, 44, 0, 0, 0, 0, 0, 45]","""[0, 4, 1, 2, 3, 7, 5, 12, 4, 5, 6, 1, 1, 3, 6, 7, 3, 2, 14, 5, 1, 55, 146, 146, 58, 46, 0]"""
j20,2,proactive_quantile_0.75,60,False,inf,0.16382122039794922,inf,"[0, 0, 0, 0, 3, 13, 2, 3, 9, 6, 18, 13, 10, 16, 13, 30, 23, 19, 21, 23, 36, 0, 0, 0, 0, 0, 145]","""[0, 2, 2, 6, 7, 7, 1, 7, 6, 4, 15, 4, 2, 1, 2, 2, 6, 2, 4, 4, 1, 55, 146, 146, 58, 46, 0]"""
j20,2,reactive,60,False,inf,inf,inf,null,"[0, 2, 2, 6, 7, 7, 1, 7, 6, 4, 15, 4, 2, 1, 2, 2, 6, 2, 4, 4, 1, 55, 146, 146, 58, 46, 0]"
j20,2,stnu,60,True,37,0.7855100631713867,0.02762317657470703,"[0, 0, 0, 0, 2, 23, 1, 2, 9, 16, 20, 15, 9, 15, 15, 30, 30, 20, 19, 22, 36, 0, 0, 0, 0, 0, 37]","""[0, 2, 1, 6, 7, 7, 5, 7, 6, 4, 3, 4, 2, 1, 2, 2, 6, 2, 9, 4, 1, 55, 146, 146, 58, 46, 0]"""
j20,2,proactive_quantile_0.75,60,False,inf,0.11649823188781738,inf,"[0, 0, 0, 0, 3, 13, 2, 3, 9, 6, 18, 13, 10, 16, 13, 30, 23, 19, 21, 23, 36, 0, 0, 0, 0, 0, 145]","""[0, 2, 1, 5, 1, 3, 3, 12, 3, 4, 16, 3, 2, 3, 8, 8, 3, 1, 2, 8, 3, 55, 146, 146, 58, 46, 0]"""
j20,2,reactive,60,False,inf,inf,inf,null,"[0, 2, 1, 5, 1, 3, 3, 12, 3, 4, 16, 3, 2, 3, 8, 8, 3, 1, 2, 8, 3, 55, 146, 146, 58, 46, 0]"
j20,2,stnu,60,True,43,0.7723660469055176,0.027460575103759766,"[0, 0, 0, 0, 2, 29, 2, 2, 5, 17, 21, 14, 5, 14, 14, 32, 32, 22, 17, 23, 40, 0, 0, 0, 0, 0, 43]","""[0, 2, 2, 5, 1, 3, 3, 12, 3, 4, 8, 3, 2, 3, 8, 8, 3, 1, 15, 8, 3, 55, 146, 146, 58, 46, 0]"""
j20,2,proactive_quantile_0.75,60,False,inf,0.07300758361816406,inf,"[0, 0, 0, 0, 10, 17, 10, 9, 26, 30, 26, 19, 18, 17, 30, 17, 21, 26, 41, 35, 36, 0, 0, 0, 0, 143]","""[0, 8, 3, 8, 9, 6, 5, 12, 4, 7, 5, 6, 4, 2, 9, 5, 3, 12, 2, 4, 1, 76, 94, 114, 144, 0]"""
j20,2,reactive,60,False,inf,inf,inf,null,"[0, 8, 3, 8, 9, 6, 5, 12, 4, 7, 5, 6, 4, 2, 9, 5, 3, 12, 2, 4, 1, 76, 94, 114, 144, 0]"
j20,2,stnu,60,True,33,0.7462472915649414,0.024690866470336914,"[0, 0, 0, 0, 3, 6, 8, 10, 13, 17, 10, 17, 17, 6, 20, 6, 13, 10, 30, 18, 24, 0, 0, 0, 0, 33]","""[0, 3, 3, 5, 3, 1, 5, 7, 2, 3, 3, 3, 4, 2, 10, 4, 5, 1, 3, 6, 1, 76, 94, 114, 144, 0]"""
j20,2,proactive_quantile_0.75,60,False,inf,0.08979034423828125,inf,"[0, 0, 0, 0, 2, 4, 2, 11, 8, 17, 8, 17, 17, 6, 11, 4, 8, 8, 21, 12, 26, 0, 0, 0, 0, 143]","""[0, 3, 4, 8, 2, 5, 1, 2, 4, 3, 1, 3, 2, 2, 12, 2, 2, 2, 2, 1, 3, 76, 94, 114, 144, 0]"""
j20,2,reactive,60,False,inf,inf,inf,null,"[0, 3, 4, 8, 2, 5, 1, 2, 4, 3, 1, 3, 2, 2, 12, 2, 2, 2, 2, 1, 3, 76, 94, 114, 144, 0]"
j20,2,stnu,60,True,33,0.7389791011810303,0.02442789077758789,"[0, 0, 0, 0, 3, 5, 7, 8, 12, 16, 10, 16, 12, 5, 19, 5, 12, 10, 31, 16, 19, 0, 0, 0, 0, 33]","""[0, 3, 8, 11, 2, 5, 1, 2, 4, 3, 1, 3, 2, 2, 12, 2, 2, 2, 2, 1, 3, 76, 94, 114, 144, 0]"""
j20,2,proactive_quantile_0.75,60,False,inf,0.09029150009155273,inf,"[0, 0, 0, 0, 2, 4, 2, 11, 8, 17, 8, 17, 17, 6, 11, 4, 8, 8, 21, 12, 26, 0, 0, 0, 0, 143]","""[0, 1, 9, 5, 1, 6, 7, 8, 3, 2, 3, 2, 7, 3, 13, 3, 4, 1, 3, 3, 4, 76, 94, 114, 144, 0]"""
j20,2,reactive,60,False,inf,inf,inf,null,"[0, 1, 9, 5, 1, 6, 7, 8, 3, 2, 3, 2, 7, 3, 13, 3, 4, 1, 3, 3, 4, 76, 94, 114, 144, 0]"
j20,2,stnu,60,True,33,0.741161584854126,0.02473926544189453,"[0, 0, 0, 0, 1, 2, 5, 5, 12, 15, 8, 15, 13, 2, 17, 2, 12, 8, 30, 16, 20, 0, 0, 0, 0, 33]","""[0, 1, 4, 9, 1, 6, 7, 8, 3, 2, 3, 2, 7, 3, 13, 3, 4, 1, 3, 3, 4, 76, 94, 114, 144, 0]"""
j20,2,proactive_quantile_0.75,60,False,inf,0.07682132720947266,inf,"[0, 0, 0, 0, 2, 4, 2, 11, 8, 17, 8, 17, 17, 6, 11, 4, 8, 8, 21, 12, 26, 0, 0, 0, 0, 143]","""[0, 1, 3, 5, 1, 2, 8, 3, 1, 2, 1, 3, 1, 1, 6, 2, 2, 3, 3, 3, 2, 76, 94, 114, 144, 0]"""
j20,2,reactive,60,False,inf,inf,inf,null,"[0, 1, 3, 5, 1, 2, 8, 3, 1, 2, 1, 3, 1, 1, 6, 2, 2, 3, 3, 3, 2, 76, 94, 114, 144, 0]"
j20,2,stnu,60,True,26,0.8613591194152832,0.024657726287841797,"[0, 0, 0, 0, 1, 2, 3, 11, 11, 14, 4, 14, 14, 2, 17, 2, 11, 4, 23, 13, 17, 0, 0, 0, 0, 26]","""[0, 1, 11, 3, 1, 2, 8, 3, 1, 2, 1, 3, 1, 1, 6, 2, 2, 3, 3, 3, 2, 76, 94, 114, 144, 0]"""
j20,2,proactive_quantile_0.75,60,False,inf,0.0780649185180664,inf,"[0, 0, 0, 0, 2, 4, 2, 11, 8, 17, 8, 17, 17, 6, 11, 4, 8, 8, 21, 12, 26, 0, 0, 0, 0, 143]","""[0, 2, 3, 3, 3, 4, 6, 5, 2, 2, 3, 1, 12, 3, 5, 2, 6, 2, 2, 2, 4, 76, 94, 114, 144, 0]"""
j20,2,reactive,60,False,inf,inf,inf,null,"[0, 2, 3, 3, 3, 4, 6, 5, 2, 2, 3, 1, 12, 3, 5, 2, 6, 2, 2, 2, 4, 76, 94, 114, 144, 0]"
j20,2,stnu,60,True,32,0.7888219356536865,0.02473306655883789,"[0, 0, 0, 0, 2, 5, 8, 7, 14, 16, 9, 16, 14, 5, 20, 5, 14, 9, 30, 20, 26, 0, 0, 0, 0, 32]","""[0, 2, 6, 5, 3, 4, 6, 5, 2, 2, 3, 1, 12, 3, 5, 2, 6, 2, 2, 2, 4, 76, 94, 114, 144, 0]"""
j20,2,proactive_quantile_0.75,60,False,inf,0.30199623107910156,inf,"[0, 0, 0, 0, 2, 4, 2, 11, 8, 17, 8, 17, 17, 6, 11, 4, 8, 8, 21, 12, 26, 0, 0, 0, 0, 143]","""[0, 2, 8, 8, 3, 3, 7, 3, 1, 1, 3, 1, 10, 3, 11, 4, 4, 3, 2, 2, 2, 76, 94, 114, 144, 0]"""
j20,2,reactive,60,False,inf,inf,inf,null,"[0, 2, 8, 8, 3, 3, 7, 3, 1, 1, 3, 1, 10, 3, 11, 4, 4, 3, 2, 2, 2, 76, 94, 114, 144, 0]"
j20,2,stnu,60,True,32,0.7188847064971924,0.02455615997314453,"[0, 0, 0, 0, 2, 5, 8, 9, 15, 16, 9, 16, 15, 5, 19, 5, 15, 9, 30, 19, 25, 0, 0, 0, 0, 32]","""[0, 2, 1, 9, 3, 3, 7, 3, 1, 1, 3, 1, 10, 3, 11, 4, 4, 3, 2, 2, 2, 76, 94, 114, 144, 0]"""
j20,2,proactive_quantile_0.75,60,True,29,0.08554625511169434,0.0009922981262207031,"[0, 0, 0, 0, 2, 4, 2, 11, 8, 17, 8, 17, 17, 6, 11, 4, 8, 8, 21, 12, 26, 0, 0, 0, 0, 143]","""[0, 1, 6, 2, 3, 3, 2, 6, 1, 1, 3, 1, 8, 1, 3, 4, 3, 2, 2, 4, 2, 76, 94, 114, 144, 0]"""
j20,2,reactive,60,False,inf,inf,inf,null,"[0, 1, 6, 2, 3, 3, 2, 6, 1, 1, 3, 1, 8, 1, 3, 4, 3, 2, 2, 4, 2, 76, 94, 114, 144, 0]"
j20,2,stnu,60,True,43,0.7437589168548584,0.02532505989074707,"[0, 0, 0, 0, 7, 17, 7, 5, 29, 34, 29, 18, 9, 17, 34, 17, 19, 29, 38, 36, 36, 0, 0, 0, 0, 43]","""[0, 3, 5, 7, 10, 12, 2, 4, 5, 1, 7, 2, 8, 1, 3, 2, 4, 2, 4, 7, 2, 76, 94, 114, 144, 0]"""
j20,2,proactive_quantile_0.75,60,False,inf,0.06979632377624512,inf,"[0, 0, 0, 0, 2, 4, 2, 11, 8, 17, 8, 17, 17, 6, 11, 4, 8, 8, 21, 12, 26, 0, 0, 0, 0, 143]","""[0, 1, 11, 5, 2, 6, 7, 5, 2, 2, 3, 3, 1, 1, 7, 3, 6, 3, 3, 5, 1, 76, 94, 114, 144, 0]"""
j20,2,reactive,60,False,inf,inf,inf,null,"[0, 1, 11, 5, 2, 6, 7, 5, 2, 2, 3, 3, 1, 1, 7, 3, 6, 3, 3, 5, 1, 76, 94, 114, 144, 0]"
j20,2,stnu,60,True,28,0.7940628528594971,0.024646759033203125,"[0, 0, 0, 0, 1, 3, 4, 9, 12, 14, 9, 14, 14, 3, 18, 3, 12, 9, 25, 18, 23, 0, 0, 0, 0, 28]","""[0, 1, 9, 6, 2, 6, 7, 5, 2, 2, 3, 3, 1, 1, 7, 3, 6, 3, 3, 5, 1, 76, 94, 114, 144, 0]"""
j20,2,proactive_quantile_0.75,60,False,inf,0.29868268966674805,inf,"[0, 0, 0, 0, 2, 4, 2, 11, 8, 17, 8, 17, 17, 6, 11, 4, 8, 8, 21, 12, 26, 0, 0, 0, 0, 143]","""[0, 2, 7, 6, 3, 3, 4, 2, 1, 2, 3, 3, 6, 2, 8, 3, 1, 2, 2, 4, 2, 76, 94, 114, 144, 0]"""
j20,2,reactive,60,False,inf,inf,inf,null,"[0, 2, 7, 6, 3, 3, 4, 2, 1, 2, 3, 3, 6, 2, 8, 3, 1, 2, 2, 4, 2, 76, 94, 114, 144, 0]"
j20,2,stnu,60,True,25,0.754429817199707,0.024572372436523438,"[0, 0, 0, 0, 2, 5, 7, 8, 11, 12, 8, 12, 11, 5, 15, 5, 11, 8, 23, 12, 17, 0, 0, 0, 0, 25]","""[0, 2, 3, 5, 3, 3, 4, 2, 1, 2, 3, 3, 6, 2, 8, 3, 1, 2, 2, 4, 2, 76, 94, 114, 144, 0]"""
j20,2,proactive_quantile_0.75,60,False,inf,0.06746649742126465,inf,"[0, 0, 0, 0, 10, 17, 10, 9, 26, 30, 26, 19, 18, 17, 30, 17, 21, 26, 41, 35, 36, 0, 0, 0, 0, 143]","""[0, 11, 1, 11, 10, 11, 2, 6, 3, 9, 2, 6, 10, 1, 5, 2, 9, 6, 2, 7, 4, 76, 94, 114, 144, 0]"""
j20,2,reactive,60,False,inf,inf,inf,null,"[0, 11, 1, 11, 10, 11, 2, 6, 3, 9, 2, 6, 10, 1, 5, 2, 9, 6, 2, 7, 4, 76, 94, 114, 144, 0]"
j20,2,stnu,60,True,31,0.8164117336273193,0.024598121643066406,"[0, 0, 0, 0, 2, 4, 5, 8, 12, 14, 8, 14, 14, 4, 17, 4, 12, 8, 28, 17, 24, 0, 0, 0, 0, 31]","""[0, 2, 1, 12, 2, 1, 2, 6, 1, 3, 1, 1, 10, 1, 6, 4, 5, 1, 3, 1, 4, 76, 94, 114, 144, 0]"""
j20,2,proactive_quantile_0.75,60,False,inf,0.06928396224975586,inf,"[0, 0, 0, 0, 2, 6, 12, 6, 6, 10, 2, 13, 9, 6, 13, 10, 15, 15, 17, 18, 13, 0, 0, 0, 0, 0, 0, 0, 0, 0, 0, 135]","""[0, 3, 8, 5, 6, 8, 4, 1, 1, 4, 1, 2, 3, 3, 6, 1, 4, 2, 3, 1, 5, 58, 136, 103, 120, 35, 56, 111, 79, 81, 131, 0]"""
j20,2,reactive,60,False,inf,inf,inf,null,"[0, 3, 8, 5, 6, 8, 4, 1, 1, 4, 1, 2, 3, 3, 6, 1, 4, 2, 3, 1, 5, 58, 136, 103, 120, 35, 56, 111, 79, 81, 131, 0]"
j20,2,stnu,60,True,24,0.9135706424713135,0.0328221321105957,"[0, 0, 0, 0, 3, 9, 17, 8, 5, 8, 3, 17, 9, 8, 12, 11, 19, 21, 23, 23, 12, 0, 0, 0, 0, 0, 0, 0, 0, 0, 0, 24]","""[0, 3, 8, 5, 6, 8, 4, 1, 3, 4, 1, 2, 3, 3, 6, 1, 4, 2, 1, 1, 5, 58, 136, 103, 120, 35, 56, 111, 79, 81, 131, 0]"""
j20,2,proactive_quantile_0.75,60,True,34,0.2823507785797119,0.0017991065979003906,"[0, 0, 0, 0, 2, 6, 12, 6, 6, 10, 2, 14, 9, 6, 14, 10, 20, 21, 23, 23, 13, 0, 0, 0, 0, 0, 0, 0, 0, 0, 0, 135]","""[0, 3, 4, 1, 1, 1, 8, 2, 4, 1, 8, 5, 1, 3, 7, 3, 2, 3, 8, 8, 7, 58, 136, 103, 120, 35, 56, 111, 79, 81, 131, 0]"""
j20,2,reactive,60,False,inf,inf,inf,null,"[0, 3, 4, 1, 1, 1, 8, 2, 4, 1, 8, 5, 1, 3, 7, 3, 2, 3, 8, 8, 7, 58, 136, 103, 120, 35, 56, 111, 79, 81, 131, 0]"
j20,2,stnu,60,True,24,0.6848692893981934,0.03308606147766113,"[0, 0, 0, 0, 3, 4, 7, 4, 1, 11, 3, 16, 11, 4, 16, 7, 17, 17, 20, 20, 16, 0, 0, 0, 0, 0, 0, 0, 0, 0, 0, 24]","""[0, 3, 4, 1, 1, 1, 4, 2, 1, 2, 8, 1, 5, 3, 4, 3, 2, 3, 2, 4, 7, 58, 136, 103, 120, 35, 56, 111, 79, 81, 131, 0]"""
j20,2,proactive_quantile_0.75,60,True,40,0.06472325325012207,0.0017647743225097656,"[0, 0, 0, 0, 3, 9, 18, 7, 7, 11, 3, 15, 12, 9, 16, 12, 24, 27, 29, 28, 24, 0, 0, 0, 0, 0, 0, 0, 0, 0, 0, 135]","""[0, 4, 1, 3, 5, 6, 3, 4, 6, 1, 5, 6, 11, 3, 1, 7, 6, 3, 15, 9, 13, 58, 136, 103, 120, 35, 56, 111, 79, 81, 131, 0]"""
j20,2,reactive,60,False,inf,inf,inf,null,"[0, 4, 1, 3, 5, 6, 3, 4, 6, 1, 5, 6, 11, 3, 1, 7, 6, 3, 15, 9, 13, 58, 136, 103, 120, 35, 56, 111, 79, 81, 131, 0]"
j20,2,stnu,60,True,23,0.7838077545166016,0.032698631286621094,"[0, 0, 0, 0, 3, 4, 12, 9, 9, 11, 3, 15, 11, 3, 15, 12, 17, 17, 20, 21, 15, 0, 0, 0, 0, 0, 0, 0, 0, 0, 0, 23]","""[0, 3, 3, 9, 1, 3, 1, 3, 2, 3, 8, 2, 4, 1, 5, 3, 4, 3, 1, 2, 5, 58, 136, 103, 120, 35, 56, 111, 79, 81, 131, 0]"""
j20,2,proactive_quantile_0.75,60,True,23,0.08030509948730469,0.001744985580444336,"[0, 0, 0, 0, 2, 6, 12, 6, 6, 10, 2, 13, 9, 6, 13, 10, 15, 15, 17, 18, 13, 0, 0, 0, 0, 0, 0, 0, 0, 0, 0, 135]","""[0, 3, 4, 1, 2, 5, 1, 1, 4, 2, 4, 3, 3, 4, 4, 4, 4, 1, 1, 4, 11, 58, 136, 103, 120, 35, 56, 111, 79, 81, 131, 0]"""
j20,2,reactive,60,False,inf,inf,inf,null,"[0, 3, 4, 1, 2, 5, 1, 1, 4, 2, 4, 3, 3, 4, 4, 4, 4, 1, 1, 4, 11, 58, 136, 103, 120, 35, 56, 111, 79, 81, 131, 0]"
j20,2,stnu,60,True,35,0.6866023540496826,0.031929731369018555,"[0, 0, 0, 0, 4, 4, 15, 1, 1, 15, 4, 16, 8, 4, 16, 15, 20, 26, 30, 23, 19, 0, 0, 0, 0, 0, 0, 0, 0, 0, 0, 35]","""[0, 4, 4, 1, 11, 6, 11, 12, 11, 1, 4, 3, 4, 8, 4, 5, 3, 4, 5, 1, 11, 58, 136, 103, 120, 35, 56, 111, 79, 81, 131, 0]"""
j20,2,proactive_quantile_0.75,60,True,23,0.07658052444458008,0.0016908645629882812,"[0, 0, 0, 0, 2, 6, 12, 6, 6, 10, 2, 13, 9, 6, 13, 10, 15, 15, 17, 18, 13, 0, 0, 0, 0, 0, 0, 0, 0, 0, 0, 135]","""[0, 2, 4, 3, 3, 7, 2, 1, 3, 3, 10, 3, 3, 3, 2, 2, 4, 2, 3, 2, 7, 58, 136, 103, 120, 35, 56, 111, 79, 81, 131, 0]"""
j20,2,reactive,60,False,inf,inf,inf,null,"[0, 2, 4, 3, 3, 7, 2, 1, 3, 3, 10, 3, 3, 3, 2, 2, 4, 2, 3, 2, 7, 58, 136, 103, 120, 35, 56, 111, 79, 81, 131, 0]"
j20,2,stnu,60,True,24,0.7323229312896729,0.03292036056518555,"[0, 0, 0, 0, 2, 5, 12, 4, 3, 12, 2, 15, 12, 4, 15, 7, 18, 18, 20, 22, 15, 0, 0, 0, 0, 0, 0, 0, 0, 0, 0, 24]","""[0, 2, 4, 3, 3, 7, 2, 1, 3, 3, 10, 3, 3, 3, 2, 2, 4, 2, 2, 2, 7, 58, 136, 103, 120, 35, 56, 111, 79, 81, 131, 0]"""
j20,2,proactive_quantile_0.75,60,True,23,0.29491686820983887,0.0016808509826660156,"[0, 0, 0, 0, 2, 6, 12, 6, 6, 10, 2, 13, 9, 6, 13, 10, 15, 15, 17, 18, 13, 0, 0, 0, 0, 0, 0, 0, 0, 0, 0, 135]","""[0, 2, 2, 2, 3, 1, 1, 3, 1, 2, 9, 1, 6, 1, 4, 1, 2, 1, 1, 2, 4, 58, 136, 103, 120, 35, 56, 111, 79, 81, 131, 0]"""
j20,2,reactive,60,False,inf,inf,inf,null,"[0, 2, 2, 2, 3, 1, 1, 3, 1, 2, 9, 1, 6, 1, 4, 1, 2, 1, 1, 2, 4, 58, 136, 103, 120, 35, 56, 111, 79, 81, 131, 0]"
j20,2,stnu,60,True,21,0.7396013736724854,0.03298783302307129,"[0, 0, 0, 0, 2, 5, 6, 2, 2, 11, 2, 16, 11, 2, 16, 7, 17, 17, 20, 19, 16, 0, 0, 0, 0, 0, 0, 0, 0, 0, 0, 21]","""[0, 2, 2, 2, 3, 1, 1, 3, 5, 2, 9, 1, 5, 1, 4, 1, 2, 1, 1, 2, 4, 58, 136, 103, 120, 35, 56, 111, 79, 81, 131, 0]"""
j20,2,proactive_quantile_0.75,60,True,23,0.09688973426818848,0.0018260478973388672,"[0, 0, 0, 0, 2, 6, 12, 6, 6, 10, 2, 13, 9, 6, 13, 10, 15, 15, 17, 18, 13, 0, 0, 0, 0, 0, 0, 0, 0, 0, 0, 135]","""[0, 3, 6, 9, 4, 7, 1, 3, 2, 2, 7, 1, 2, 1, 1, 1, 1, 2, 1, 3, 4, 58, 136, 103, 120, 35, 56, 111, 79, 81, 131, 0]"""
j20,2,reactive,60,False,inf,inf,inf,null,"[0, 3, 6, 9, 4, 7, 1, 3, 2, 2, 7, 1, 2, 1, 1, 1, 1, 2, 1, 3, 4, 58, 136, 103, 120, 35, 56, 111, 79, 81, 131, 0]"
j20,2,stnu,60,True,23,0.7146458625793457,0.03279519081115723,"[0, 0, 0, 0, 3, 7, 14, 9, 9, 15, 3, 17, 10, 6, 17, 15, 18, 18, 20, 20, 16, 0, 0, 0, 0, 0, 0, 0, 0, 0, 0, 23]","""[0, 3, 6, 9, 4, 7, 1, 3, 6, 2, 7, 1, 6, 1, 1, 1, 1, 2, 2, 3, 4, 58, 136, 103, 120, 35, 56, 111, 79, 81, 131, 0]"""
j20,2,proactive_quantile_0.75,60,False,inf,0.06216740608215332,inf,"[0, 0, 0, 0, 2, 6, 12, 6, 6, 10, 2, 13, 9, 6, 13, 10, 15, 15, 17, 18, 13, 0, 0, 0, 0, 0, 0, 0, 0, 0, 0, 135]","""[0, 3, 7, 6, 1, 1, 2, 3, 6, 4, 3, 3, 4, 3, 4, 2, 1, 3, 3, 4, 13, 58, 136, 103, 120, 35, 56, 111, 79, 81, 131, 0]"""
j20,2,reactive,60,False,inf,inf,inf,null,"[0, 3, 7, 6, 1, 1, 2, 3, 6, 4, 3, 3, 4, 3, 4, 2, 1, 3, 3, 4, 13, 58, 136, 103, 120, 35, 56, 111, 79, 81, 131, 0]"
j20,2,stnu,60,True,23,0.7417075634002686,0.032913923263549805,"[0, 0, 0, 0, 3, 7, 10, 7, 6, 7, 3, 12, 7, 7, 11, 10, 15, 15, 18, 18, 10, 0, 0, 0, 0, 0, 0, 0, 0, 0, 0, 23]","""[0, 3, 7, 6, 1, 1, 2, 3, 1, 4, 3, 3, 1, 3, 4, 2, 1, 3, 2, 4, 13, 58, 136, 103, 120, 35, 56, 111, 79, 81, 131, 0]"""
j20,2,proactive_quantile_0.75,60,False,inf,0.08250832557678223,inf,"[0, 0, 0, 0, 2, 6, 12, 6, 6, 10, 2, 13, 9, 6, 13, 10, 15, 15, 17, 18, 13, 0, 0, 0, 0, 0, 0, 0, 0, 0, 0, 135]","""[0, 1, 8, 2, 3, 8, 3, 2, 2, 2, 1, 1, 5, 3, 4, 2, 3, 3, 1, 3, 7, 58, 136, 103, 120, 35, 56, 111, 79, 81, 131, 0]"""
j20,2,reactive,60,False,inf,inf,inf,null,"[0, 1, 8, 2, 3, 8, 3, 2, 2, 2, 1, 1, 5, 3, 4, 2, 3, 3, 1, 3, 7, 58, 136, 103, 120, 35, 56, 111, 79, 81, 131, 0]"
j20,2,stnu,60,True,25,0.8919994831085205,0.033025503158569336,"[0, 0, 0, 0, 1, 8, 16, 8, 2, 8, 1, 16, 8, 8, 12, 11, 17, 19, 22, 22, 12, 0, 0, 0, 0, 0, 0, 0, 0, 0, 0, 25]","""[0, 1, 8, 2, 3, 8, 3, 2, 6, 2, 1, 1, 4, 3, 4, 2, 3, 3, 2, 3, 7, 58, 136, 103, 120, 35, 56, 111, 79, 81, 131, 0]"""
j20,2,proactive_quantile_0.75,60,False,inf,0.2700226306915283,inf,"[0, 0, 0, 0, 2, 6, 12, 6, 6, 10, 2, 13, 9, 6, 13, 10, 15, 15, 17, 18, 13, 0, 0, 0, 0, 0, 0, 0, 0, 0, 0, 135]","""[0, 1, 8, 6, 2, 4, 2, 2, 2, 2, 2, 1, 6, 2, 6, 3, 2, 1, 1, 1, 2, 58, 136, 103, 120, 35, 56, 111, 79, 81, 131, 0]"""
j20,2,reactive,60,False,inf,inf,inf,null,"[0, 1, 8, 6, 2, 4, 2, 2, 2, 2, 2, 1, 6, 2, 6, 3, 2, 1, 1, 1, 2, 58, 136, 103, 120, 35, 56, 111, 79, 81, 131, 0]"
j20,2,stnu,60,True,41,0.6918728351593018,0.03179025650024414,"[0, 0, 0, 0, 4, 8, 15, 6, 6, 15, 4, 17, 14, 8, 17, 15, 28, 28, 34, 29, 28, 0, 0, 0, 0, 0, 0, 0, 0, 0, 0, 41]","""[0, 4, 8, 6, 9, 7, 1, 5, 9, 2, 10, 1, 14, 3, 6, 3, 1, 6, 6, 12, 2, 58, 136, 103, 120, 35, 56, 111, 79, 81, 131, 0]"""
j20,2,proactive_quantile_0.75,60,True,31,0.07102060317993164,0.0017879009246826172,"[0, 0, 0, 0, 3, 5, 6, 6, 5, 10, 3, 11, 10, 16, 18, 9, 12, 16, 27, 16, 19, 0, 0, 0, 0, 0, 0, 0, 0, 0, 0, 0, 0, 153]","""[0, 8, 4, 3, 3, 5, 2, 5, 1, 1, 1, 1, 1, 3, 10, 3, 1, 3, 2, 1, 2, 82, 105, 135, 33, 50, 18, 146, 80, 65, 42, 154, 22, 0]"""
j20,2,reactive,60,False,inf,inf,inf,null,"[0, 8, 4, 3, 3, 5, 2, 5, 1, 1, 1, 1, 1, 3, 10, 3, 1, 3, 2, 1, 2, 82, 105, 135, 33, 50, 18, 146, 80, 65, 42, 154, 22, 0]"
j20,2,stnu,60,False,inf,0.8037729263305664,inf,[],"""[0, 8, 4, 3, 3, 5, 2, 5, 1, 1, 1, 1, 1, 3, 10, 3, 1, 3, 2, 1, 2, 82, 105, 135, 33, 50, 18, 146, 80, 65, 42, 154, 22, 0]"""
j20,2,proactive_quantile_0.75,60,True,31,0.15808534622192383,0.0018072128295898438,"[0, 0, 0, 0, 3, 5, 6, 6, 5, 10, 3, 11, 10, 16, 18, 9, 12, 16, 27, 16, 19, 0, 0, 0, 0, 0, 0, 0, 0, 0, 0, 0, 0, 153]","""[0, 5, 1, 4, 2, 5, 1, 1, 3, 3, 2, 1, 6, 2, 12, 3, 6, 1, 3, 4, 1, 82, 105, 135, 33, 50, 18, 146, 80, 65, 42, 154, 22, 0]"""
j20,2,reactive,60,False,inf,inf,inf,null,"[0, 5, 1, 4, 2, 5, 1, 1, 3, 3, 2, 1, 6, 2, 12, 3, 6, 1, 3, 4, 1, 82, 105, 135, 33, 50, 18, 146, 80, 65, 42, 154, 22, 0]"
j20,2,stnu,60,False,inf,0.6752300262451172,inf,[],"""[0, 5, 1, 4, 2, 5, 1, 1, 5, 3, 2, 1, 6, 2, 12, 3, 6, 1, 3, 4, 1, 82, 105, 135, 33, 50, 18, 146, 80, 65, 42, 154, 22, 0]"""
j20,2,proactive_quantile_0.75,60,True,31,0.14846062660217285,0.0018007755279541016,"[0, 0, 0, 0, 3, 5, 6, 6, 5, 10, 3, 11, 10, 16, 18, 9, 12, 16, 27, 16, 19, 0, 0, 0, 0, 0, 0, 0, 0, 0, 0, 0, 0, 153]","""[0, 8, 1, 1, 3, 6, 3, 2, 2, 2, 1, 2, 7, 3, 11, 3, 5, 2, 2, 2, 2, 82, 105, 135, 33, 50, 18, 146, 80, 65, 42, 154, 22, 0]"""
j20,2,reactive,60,False,inf,inf,inf,null,"[0, 8, 1, 1, 3, 6, 3, 2, 2, 2, 1, 2, 7, 3, 11, 3, 5, 2, 2, 2, 2, 82, 105, 135, 33, 50, 18, 146, 80, 65, 42, 154, 22, 0]"
j20,2,stnu,60,False,inf,0.7612364292144775,inf,[],"""[0, 8, 1, 1, 3, 6, 3, 2, 3, 2, 1, 1, 7, 3, 11, 3, 5, 2, 2, 2, 2, 82, 105, 135, 33, 50, 18, 146, 80, 65, 42, 154, 22, 0]"""
j20,2,proactive_quantile_0.75,60,True,31,0.08390951156616211,0.0019016265869140625,"[0, 0, 0, 0, 3, 5, 6, 6, 5, 10, 3, 11, 10, 16, 18, 9, 12, 16, 27, 16, 19, 0, 0, 0, 0, 0, 0, 0, 0, 0, 0, 0, 0, 153]","""[0, 2, 3, 5, 1, 4, 4, 3, 2, 1, 2, 2, 5, 1, 1, 2, 3, 4, 4, 1, 2, 82, 105, 135, 33, 50, 18, 146, 80, 65, 42, 154, 22, 0]"""
j20,2,reactive,60,False,inf,inf,inf,null,"[0, 2, 3, 5, 1, 4, 4, 3, 2, 1, 2, 2, 5, 1, 1, 2, 3, 4, 4, 1, 2, 82, 105, 135, 33, 50, 18, 146, 80, 65, 42, 154, 22, 0]"
j20,2,stnu,60,False,inf,0.6466774940490723,inf,[],"""[0, 2, 3, 5, 1, 4, 4, 3, 6, 1, 2, 1, 5, 1, 1, 2, 3, 4, 4, 1, 2, 82, 105, 135, 33, 50, 18, 146, 80, 65, 42, 154, 22, 0]"""
j20,2,proactive_quantile_0.75,60,True,31,0.06492924690246582,0.0017697811126708984,"[0, 0, 0, 0, 3, 5, 6, 6, 5, 10, 3, 11, 10, 16, 18, 9, 12, 16, 27, 16, 19, 0, 0, 0, 0, 0, 0, 0, 0, 0, 0, 0, 0, 153]","""[0, 1, 2, 6, 2, 6, 3, 3, 2, 2, 2, 3, 1, 2, 10, 3, 4, 1, 5, 1, 2, 82, 105, 135, 33, 50, 18, 146, 80, 65, 42, 154, 22, 0]"""
j20,2,reactive,60,False,inf,inf,inf,null,"[0, 1, 2, 6, 2, 6, 3, 3, 2, 2, 2, 3, 1, 2, 10, 3, 4, 1, 5, 1, 2, 82, 105, 135, 33, 50, 18, 146, 80, 65, 42, 154, 22, 0]"
j20,2,stnu,60,False,inf,0.7746200561523438,inf,[],"""[0, 1, 2, 6, 2, 6, 3, 3, 1, 2, 2, 2, 1, 2, 10, 3, 4, 1, 5, 1, 2, 82, 105, 135, 33, 50, 18, 146, 80, 65, 42, 154, 22, 0]"""
j20,2,proactive_quantile_0.75,60,False,inf,0.068359375,inf,"[0, 0, 0, 0, 4, 10, 6, 6, 10, 12, 4, 16, 10, 16, 19, 16, 16, 27, 30, 18, 33, 0, 0, 0, 0, 0, 0, 0, 0, 0, 0, 0, 0, 153]","""[0, 6, 6, 7, 2, 3, 5, 5, 6, 1, 13, 2, 3, 4, 9, 4, 2, 4, 8, 4, 3, 82, 105, 135, 33, 50, 18, 146, 80, 65, 42, 154, 22, 0]"""
j20,2,reactive,60,False,inf,inf,inf,null,"[0, 6, 6, 7, 2, 3, 5, 5, 6, 1, 13, 2, 3, 4, 9, 4, 2, 4, 8, 4, 3, 82, 105, 135, 33, 50, 18, 146, 80, 65, 42, 154, 22, 0]"
j20,2,stnu,60,False,inf,0.7280488014221191,inf,[],"""[0, 6, 2, 2, 2, 3, 1, 5, 6, 1, 1, 1, 7, 2, 11, 2, 3, 1, 4, 4, 3, 82, 105, 135, 33, 50, 18, 146, 80, 65, 42, 154, 22, 0]"""
j20,2,proactive_quantile_0.75,60,True,31,0.06377673149108887,0.0019080638885498047,"[0, 0, 0, 0, 3, 5, 6, 6, 5, 10, 3, 11, 10, 16, 18, 9, 12, 16, 27, 16, 19, 0, 0, 0, 0, 0, 0, 0, 0, 0, 0, 0, 0, 153]","""[0, 2, 3, 2, 1, 1, 4, 1, 2, 3, 2, 2, 3, 3, 10, 2, 2, 4, 5, 4, 1, 82, 105, 135, 33, 50, 18, 146, 80, 65, 42, 154, 22, 0]"""
j20,2,reactive,60,False,inf,inf,inf,null,"[0, 2, 3, 2, 1, 1, 4, 1, 2, 3, 2, 2, 3, 3, 10, 2, 2, 4, 5, 4, 1, 82, 105, 135, 33, 50, 18, 146, 80, 65, 42, 154, 22, 0]"
j20,2,stnu,60,False,inf,0.7735919952392578,inf,[],"""[0, 2, 3, 2, 1, 1, 4, 1, 5, 3, 2, 3, 3, 3, 10, 2, 2, 4, 5, 4, 1, 82, 105, 135, 33, 50, 18, 146, 80, 65, 42, 154, 22, 0]"""
j20,2,proactive_quantile_0.75,60,True,31,0.15762567520141602,0.0017333030700683594,"[0, 0, 0, 0, 3, 5, 6, 6, 5, 10, 3, 11, 10, 16, 18, 9, 12, 16, 27, 16, 19, 0, 0, 0, 0, 0, 0, 0, 0, 0, 0, 0, 0, 153]","""[0, 9, 4, 8, 1, 4, 2, 1, 8, 1, 1, 1, 2, 2, 6, 2, 5, 4, 3, 2, 2, 82, 105, 135, 33, 50, 18, 146, 80, 65, 42, 154, 22, 0]"""
j20,2,reactive,60,False,inf,inf,inf,null,"[0, 9, 4, 8, 1, 4, 2, 1, 8, 1, 1, 1, 2, 2, 6, 2, 5, 4, 3, 2, 2, 82, 105, 135, 33, 50, 18, 146, 80, 65, 42, 154, 22, 0]"
j20,2,stnu,60,False,inf,0.7213594913482666,inf,[],"""[0, 9, 4, 8, 1, 4, 2, 1, 7, 1, 1, 1, 2, 2, 6, 2, 5, 4, 3, 2, 2, 82, 105, 135, 33, 50, 18, 146, 80, 65, 42, 154, 22, 0]"""
j20,2,proactive_quantile_0.75,60,True,31,0.08009147644042969,0.0017862319946289062,"[0, 0, 0, 0, 3, 5, 6, 6, 5, 10, 3, 11, 10, 16, 18, 9, 12, 16, 27, 16, 19, 0, 0, 0, 0, 0, 0, 0, 0, 0, 0, 0, 0, 153]","""[0, 6, 4, 6, 2, 1, 2, 5, 2, 2, 3, 2, 2, 1, 9, 2, 5, 2, 3, 3, 3, 82, 105, 135, 33, 50, 18, 146, 80, 65, 42, 154, 22, 0]"""
j20,2,reactive,60,False,inf,inf,inf,null,"[0, 6, 4, 6, 2, 1, 2, 5, 2, 2, 3, 2, 2, 1, 9, 2, 5, 2, 3, 3, 3, 82, 105, 135, 33, 50, 18, 146, 80, 65, 42, 154, 22, 0]"
j20,2,stnu,60,False,inf,0.7354335784912109,inf,[],"""[0, 8, 4, 6, 5, 1, 7, 5, 9, 5, 3, 1, 2, 1, 15, 2, 9, 2, 13, 3, 6, 82, 105, 135, 33, 50, 18, 146, 80, 65, 42, 154, 22, 0]"""
j20,2,proactive_quantile_0.75,60,True,31,0.07238960266113281,0.001821279525756836,"[0, 0, 0, 0, 3, 5, 6, 6, 5, 10, 3, 11, 10, 16, 18, 9, 12, 16, 27, 16, 19, 0, 0, 0, 0, 0, 0, 0, 0, 0, 0, 0, 0, 153]","""[0, 3, 1, 5, 1, 4, 4, 5, 6, 1, 1, 2, 1, 2, 2, 1, 6, 1, 1, 3, 1, 82, 105, 135, 33, 50, 18, 146, 80, 65, 42, 154, 22, 0]"""
j20,2,reactive,60,False,inf,inf,inf,null,"[0, 3, 1, 5, 1, 4, 4, 5, 6, 1, 1, 2, 1, 2, 2, 1, 6, 1, 1, 3, 1, 82, 105, 135, 33, 50, 18, 146, 80, 65, 42, 154, 22, 0]"
j20,2,stnu,60,False,inf,0.7631187438964844,inf,[],"""[0, 3, 1, 5, 1, 4, 4, 5, 8, 1, 1, 2, 1, 2, 2, 1, 6, 1, 1, 3, 1, 82, 105, 135, 33, 50, 18, 146, 80, 65, 42, 154, 22, 0]"""
j20,2,proactive_quantile_0.75,60,False,inf,0.07861495018005371,inf,"[0, 0, 0, 0, 4, 6, 10, 14, 8, 26, 4, 17, 10, 33, 10, 17, 12, 17, 35, 26, 26, 0, 0, 0, 0, 0, 0, 0, 0, 0, 0, 0, 0, 0, 0, 138]","""[0, 2, 6, 9, 4, 4, 5, 3, 1, 7, 2, 6, 1, 1, 2, 10, 6, 8, 6, 14, 3, 133, 74, 10, 60, 78, 19, 15, 9, 139, 136, 30, 27, 58, 31, 0]"""
j20,2,reactive,60,False,inf,inf,inf,null,"[0, 2, 6, 9, 4, 4, 5, 3, 1, 7, 2, 6, 1, 1, 2, 10, 6, 8, 6, 14, 3, 133, 74, 10, 60, 78, 19, 15, 9, 139, 136, 30, 27, 58, 31, 0]"
j20,2,stnu,60,False,inf,0.7005424499511719,inf,[],"""[0, 2, 6, 9, 4, 4, 5, 3, 1, 7, 2, 8, 1, 1, 2, 5, 6, 8, 6, 14, 3, 133, 74, 10, 60, 78, 19, 15, 9, 139, 136, 30, 27, 58, 31, 0]"""
j20,2,proactive_quantile_0.75,60,False,inf,0.07667040824890137,inf,"[0, 0, 0, 0, 4, 6, 10, 14, 8, 26, 4, 17, 10, 33, 10, 17, 12, 17, 35, 26, 26, 0, 0, 0, 0, 0, 0, 0, 0, 0, 0, 0, 0, 0, 0, 138]","""[0, 1, 3, 8, 2, 2, 6, 3, 3, 9, 4, 5, 2, 1, 3, 4, 10, 6, 4, 5, 1, 133, 74, 10, 60, 78, 19, 15, 9, 139, 136, 30, 27, 58, 31, 0]"""
j20,2,reactive,60,False,inf,inf,inf,null,"[0, 1, 3, 8, 2, 2, 6, 3, 3, 9, 4, 5, 2, 1, 3, 4, 10, 6, 4, 5, 1, 133, 74, 10, 60, 78, 19, 15, 9, 139, 136, 30, 27, 58, 31, 0]"
j20,2,stnu,60,False,inf,0.7448732852935791,inf,[],"""[0, 1, 3, 8, 2, 2, 6, 3, 3, 9, 4, 8, 2, 1, 3, 4, 10, 6, 4, 5, 1, 133, 74, 10, 60, 78, 19, 15, 9, 139, 136, 30, 27, 58, 31, 0]"""
j20,2,proactive_quantile_0.75,60,True,41,0.06762576103210449,0.0016529560089111328,"[0, 0, 0, 0, 4, 6, 10, 14, 8, 26, 4, 17, 10, 33, 10, 17, 12, 17, 35, 26, 26, 0, 0, 0, 0, 0, 0, 0, 0, 0, 0, 0, 0, 0, 0, 138]","""[0, 3, 3, 5, 1, 3, 3, 2, 2, 8, 3, 5, 2, 3, 3, 12, 7, 4, 1, 6, 4, 133, 74, 10, 60, 78, 19, 15, 9, 139, 136, 30, 27, 58, 31, 0]"""
j20,2,reactive,60,False,inf,inf,inf,null,"[0, 3, 3, 5, 1, 3, 3, 2, 2, 8, 3, 5, 2, 3, 3, 12, 7, 4, 1, 6, 4, 133, 74, 10, 60, 78, 19, 15, 9, 139, 136, 30, 27, 58, 31, 0]"
j20,2,stnu,60,False,inf,0.7028415203094482,inf,[],"""[0, 3, 3, 5, 1, 3, 3, 2, 2, 8, 3, 8, 2, 3, 3, 7, 7, 4, 1, 6, 4, 133, 74, 10, 60, 78, 19, 15, 9, 139, 136, 30, 27, 58, 31, 0]"""
j20,2,proactive_quantile_0.75,60,False,inf,0.1453537940979004,inf,"[0, 0, 0, 0, 4, 6, 10, 14, 8, 26, 4, 17, 10, 33, 10, 17, 12, 17, 35, 26, 26, 0, 0, 0, 0, 0, 0, 0, 0, 0, 0, 0, 0, 0, 0, 138]","""[0, 2, 4, 4, 1, 1, 6, 4, 3, 2, 4, 4, 2, 1, 3, 3, 6, 11, 5, 5, 1, 133, 74, 10, 60, 78, 19, 15, 9, 139, 136, 30, 27, 58, 31, 0]"""
j20,2,reactive,60,False,inf,inf,inf,null,"[0, 2, 4, 4, 1, 1, 6, 4, 3, 2, 4, 4, 2, 1, 3, 3, 6, 11, 5, 5, 1, 133, 74, 10, 60, 78, 19, 15, 9, 139, 136, 30, 27, 58, 31, 0]"
j20,2,stnu,60,False,inf,0.8652236461639404,inf,[],"""[0, 2, 4, 4, 1, 1, 6, 4, 3, 2, 4, 8, 2, 1, 3, 9, 6, 11, 5, 5, 1, 133, 74, 10, 60, 78, 19, 15, 9, 139, 136, 30, 27, 58, 31, 0]"""
j20,2,proactive_quantile_0.75,60,False,inf,0.1017906665802002,inf,"[0, 0, 0, 0, 4, 6, 10, 14, 8, 26, 4, 17, 10, 33, 10, 17, 12, 17, 35, 26, 26, 0, 0, 0, 0, 0, 0, 0, 0, 0, 0, 0, 0, 0, 0, 138]","""[0, 1, 5, 3, 5, 4, 1, 1, 1, 6, 3, 2, 2, 1, 3, 3, 2, 5, 2, 7, 4, 133, 74, 10, 60, 78, 19, 15, 9, 139, 136, 30, 27, 58, 31, 0]"""
j20,2,reactive,60,False,inf,inf,inf,null,"[0, 1, 5, 3, 5, 4, 1, 1, 1, 6, 3, 2, 2, 1, 3, 3, 2, 5, 2, 7, 4, 133, 74, 10, 60, 78, 19, 15, 9, 139, 136, 30, 27, 58, 31, 0]"
j20,2,stnu,60,False,inf,0.7249069213867188,inf,[],"""[0, 1, 5, 3, 5, 4, 1, 1, 1, 6, 3, 6, 2, 1, 3, 4, 2, 5, 2, 7, 4, 133, 74, 10, 60, 78, 19, 15, 9, 139, 136, 30, 27, 58, 31, 0]"""
j20,2,proactive_quantile_0.75,60,False,inf,0.07444882392883301,inf,"[0, 0, 0, 0, 4, 6, 10, 14, 8, 26, 4, 17, 10, 33, 10, 17, 12, 17, 35, 26, 26, 0, 0, 0, 0, 0, 0, 0, 0, 0, 0, 0, 0, 0, 0, 138]","""[0, 3, 3, 6, 1, 4, 6, 1, 3, 5, 1, 1, 3, 1, 1, 6, 4, 7, 6, 10, 4, 133, 74, 10, 60, 78, 19, 15, 9, 139, 136, 30, 27, 58, 31, 0]"""
j20,2,reactive,60,False,inf,inf,inf,null,"[0, 3, 3, 6, 1, 4, 6, 1, 3, 5, 1, 1, 3, 1, 1, 6, 4, 7, 6, 10, 4, 133, 74, 10, 60, 78, 19, 15, 9, 139, 136, 30, 27, 58, 31, 0]"
j20,2,stnu,60,False,inf,0.6746480464935303,inf,[],"""[0, 3, 3, 6, 1, 4, 6, 1, 3, 5, 1, 1, 3, 1, 1, 6, 4, 7, 6, 10, 4, 133, 74, 10, 60, 78, 19, 15, 9, 139, 136, 30, 27, 58, 31, 0]"""
j20,2,proactive_quantile_0.75,60,False,inf,0.1803593635559082,inf,"[0, 0, 0, 0, 4, 6, 10, 14, 8, 26, 4, 17, 10, 33, 10, 17, 12, 17, 35, 26, 26, 0, 0, 0, 0, 0, 0, 0, 0, 0, 0, 0, 0, 0, 0, 138]","""[0, 1, 6, 9, 2, 4, 4, 3, 1, 3, 2, 3, 1, 1, 1, 14, 1, 3, 6, 15, 6, 133, 74, 10, 60, 78, 19, 15, 9, 139, 136, 30, 27, 58, 31, 0]"""
j20,2,reactive,60,False,inf,inf,inf,null,"[0, 1, 6, 9, 2, 4, 4, 3, 1, 3, 2, 3, 1, 1, 1, 14, 1, 3, 6, 15, 6, 133, 74, 10, 60, 78, 19, 15, 9, 139, 136, 30, 27, 58, 31, 0]"
j20,2,stnu,60,False,inf,0.7042179107666016,inf,[],"""[0, 1, 6, 9, 2, 4, 4, 3, 1, 3, 2, 5, 1, 1, 1, 4, 1, 3, 6, 15, 6, 133, 74, 10, 60, 78, 19, 15, 9, 139, 136, 30, 27, 58, 31, 0]"""
j20,2,proactive_quantile_0.75,60,False,inf,0.07969474792480469,inf,"[0, 0, 0, 0, 4, 6, 10, 14, 8, 26, 4, 17, 10, 33, 10, 17, 12, 17, 35, 26, 26, 0, 0, 0, 0, 0, 0, 0, 0, 0, 0, 0, 0, 0, 0, 138]","""[0, 1, 1, 7, 5, 5, 3, 2, 3, 6, 2, 6, 2, 2, 3, 16, 2, 1, 3, 11, 5, 133, 74, 10, 60, 78, 19, 15, 9, 139, 136, 30, 27, 58, 31, 0]"""
j20,2,reactive,60,False,inf,inf,inf,null,"[0, 1, 1, 7, 5, 5, 3, 2, 3, 6, 2, 6, 2, 2, 3, 16, 2, 1, 3, 11, 5, 133, 74, 10, 60, 78, 19, 15, 9, 139, 136, 30, 27, 58, 31, 0]"
j20,2,stnu,60,False,inf,0.8342313766479492,inf,[],"""[0, 1, 1, 7, 5, 5, 3, 2, 3, 6, 2, 7, 2, 2, 3, 3, 2, 1, 3, 11, 5, 133, 74, 10, 60, 78, 19, 15, 9, 139, 136, 30, 27, 58, 31, 0]"""
j20,2,proactive_quantile_0.75,60,False,inf,0.07208800315856934,inf,"[0, 0, 0, 0, 4, 6, 10, 14, 8, 26, 4, 17, 10, 33, 10, 17, 12, 17, 35, 26, 26, 0, 0, 0, 0, 0, 0, 0, 0, 0, 0, 0, 0, 0, 0, 138]","""[0, 2, 6, 8, 6, 1, 1, 2, 3, 4, 1, 1, 3, 2, 3, 7, 8, 12, 1, 11, 1, 133, 74, 10, 60, 78, 19, 15, 9, 139, 136, 30, 27, 58, 31, 0]"""
j20,2,reactive,60,False,inf,inf,inf,null,"[0, 2, 6, 8, 6, 1, 1, 2, 3, 4, 1, 1, 3, 2, 3, 7, 8, 12, 1, 11, 1, 133, 74, 10, 60, 78, 19, 15, 9, 139, 136, 30, 27, 58, 31, 0]"
j20,2,stnu,60,False,inf,0.8678247928619385,inf,[],"""[0, 2, 6, 8, 6, 1, 1, 2, 3, 4, 1, 1, 3, 2, 3, 7, 8, 12, 1, 11, 1, 133, 74, 10, 60, 78, 19, 15, 9, 139, 136, 30, 27, 58, 31, 0]"""
j20,2,proactive_quantile_0.75,60,False,inf,0.08106231689453125,inf,"[0, 0, 0, 0, 4, 6, 10, 14, 8, 26, 4, 17, 10, 33, 10, 17, 12, 17, 35, 26, 26, 0, 0, 0, 0, 0, 0, 0, 0, 0, 0, 0, 0, 0, 0, 138]","""[0, 1, 6, 9, 5, 6, 2, 3, 1, 3, 1, 5, 3, 3, 2, 6, 6, 7, 4, 11, 5, 133, 74, 10, 60, 78, 19, 15, 9, 139, 136, 30, 27, 58, 31, 0]"""
j20,2,reactive,60,False,inf,inf,inf,null,"[0, 1, 6, 9, 5, 6, 2, 3, 1, 3, 1, 5, 3, 3, 2, 6, 6, 7, 4, 11, 5, 133, 74, 10, 60, 78, 19, 15, 9, 139, 136, 30, 27, 58, 31, 0]"
j20,2,stnu,60,False,inf,0.7489619255065918,inf,[],"""[0, 1, 6, 9, 5, 6, 2, 3, 1, 3, 1, 3, 3, 3, 2, 7, 6, 7, 4, 11, 5, 133, 74, 10, 60, 78, 19, 15, 9, 139, 136, 30, 27, 58, 31, 0]"""
j20,2,proactive_quantile_0.75,60,True,53,0.09530520439147949,0.0011687278747558594,"[0, 0, 0, 0, 6, 6, 9, 15, 16, 10, 22, 25, 25, 25, 6, 28, 31, 35, 42, 38, 33, 0, 0, 0, 0, 159]","""[0, 3, 1, 6, 2, 3, 7, 10, 7, 5, 8, 3, 2, 7, 7, 10, 8, 8, 6, 7, 12, 136, 150, 160, 70, 0]"""
j20,2,reactive,60,False,inf,inf,inf,null,"[0, 3, 1, 6, 2, 3, 7, 10, 7, 5, 8, 3, 2, 7, 7, 10, 8, 8, 6, 7, 12, 136, 150, 160, 70, 0]"
j20,2,stnu,60,True,33,3.268488645553589,0.02428436279296875,"[0, 0, 0, 0, 1, 1, 3, 7, 5, 7, 7, 9, 9, 12, 1, 12, 13, 19, 26, 26, 19, 0, 0, 0, 0, 33]","""[0, 7, 1, 2, 2, 4, 2, 2, 2, 5, 12, 2, 2, 1, 1, 2, 8, 6, 2, 7, 7, 136, 150, 160, 70, 0]"""
j20,2,proactive_quantile_0.75,60,True,30,0.07184982299804688,0.0010859966278076172,"[0, 0, 0, 0, 2, 2, 4, 8, 7, 10, 9, 11, 11, 14, 2, 14, 17, 18, 23, 23, 19, 0, 0, 0, 0, 159]","""[0, 9, 2, 3, 3, 3, 4, 1, 1, 1, 2, 7, 4, 2, 2, 4, 5, 2, 3, 8, 6, 136, 150, 160, 70, 0]"""
j20,2,reactive,60,False,inf,inf,inf,null,"[0, 9, 2, 3, 3, 3, 4, 1, 1, 1, 2, 7, 4, 2, 2, 4, 5, 2, 3, 8, 6, 136, 150, 160, 70, 0]"
j20,2,stnu,60,True,26,0.6993927955627441,0.024362802505493164,"[0, 0, 0, 0, 2, 2, 5, 8, 7, 9, 8, 9, 9, 10, 2, 13, 16, 17, 23, 23, 17, 0, 0, 0, 0, 26]","""[0, 9, 2, 3, 3, 3, 2, 1, 1, 1, 2, 7, 4, 2, 2, 4, 5, 2, 3, 3, 6, 136, 150, 160, 70, 0]"""
j20,2,proactive_quantile_0.75,60,False,inf,0.09265613555908203,inf,"[0, 0, 0, 0, 2, 2, 4, 8, 7, 10, 9, 11, 11, 14, 2, 14, 17, 18, 23, 23, 19, 0, 0, 0, 0, 159]","""[0, 9, 1, 1, 1, 8, 4, 2, 2, 3, 7, 4, 1, 2, 3, 2, 6, 4, 5, 8, 5, 136, 150, 160, 70, 0]"""
j20,2,reactive,60,False,inf,inf,inf,null,"[0, 9, 1, 1, 1, 8, 4, 2, 2, 3, 7, 4, 1, 2, 3, 2, 6, 4, 5, 8, 5, 136, 150, 160, 70, 0]"
j20,2,stnu,60,True,28,0.7574365139007568,0.024463891983032227,"[0, 0, 0, 0, 1, 1, 4, 11, 8, 9, 11, 13, 13, 13, 1, 14, 17, 18, 23, 23, 18, 0, 0, 0, 0, 28]","""[0, 9, 1, 1, 1, 8, 4, 2, 3, 3, 7, 4, 1, 2, 3, 2, 5, 4, 5, 1, 5, 136, 150, 160, 70, 0]"""
j20,2,proactive_quantile_0.75,60,True,30,0.11476016044616699,0.0010907649993896484,"[0, 0, 0, 0, 2, 2, 4, 8, 7, 10, 9, 11, 11, 14, 2, 14, 17, 18, 23, 23, 19, 0, 0, 0, 0, 159]","""[0, 6, 1, 3, 3, 2, 4, 1, 3, 6, 5, 6, 3, 3, 2, 4, 3, 2, 4, 3, 1, 136, 150, 160, 70, 0]"""
j20,2,reactive,60,False,inf,inf,inf,null,"[0, 6, 1, 3, 3, 2, 4, 1, 3, 6, 5, 6, 3, 3, 2, 4, 3, 2, 4, 3, 1, 136, 150, 160, 70, 0]"
j20,2,stnu,60,True,25,0.7531030178070068,0.024518728256225586,"[0, 0, 0, 0, 1, 1, 4, 9, 7, 6, 9, 10, 10, 12, 1, 13, 16, 17, 19, 19, 17, 0, 0, 0, 0, 25]","""[0, 6, 1, 3, 3, 2, 3, 1, 2, 6, 5, 6, 3, 3, 2, 4, 2, 2, 4, 6, 1, 136, 150, 160, 70, 0]"""
j20,2,proactive_quantile_0.75,60,True,53,0.09877896308898926,0.0011467933654785156,"[0, 0, 0, 0, 6, 6, 9, 15, 16, 10, 22, 25, 25, 25, 6, 28, 31, 35, 42, 38, 33, 0, 0, 0, 0, 159]","""[0, 9, 2, 5, 1, 3, 5, 6, 1, 5, 6, 1, 1, 6, 3, 3, 9, 5, 14, 1, 15, 136, 150, 160, 70, 0]"""
j20,2,reactive,60,False,inf,inf,inf,null,"[0, 9, 2, 5, 1, 3, 5, 6, 1, 5, 6, 1, 1, 6, 3, 3, 9, 5, 14, 1, 15, 136, 150, 160, 70, 0]"
j20,2,stnu,60,True,41,0.7238738536834717,0.024130821228027344,"[0, 0, 0, 0, 5, 5, 9, 14, 14, 9, 15, 20, 20, 20, 5, 28, 28, 31, 37, 37, 24, 0, 0, 0, 0, 41]","""[0, 9, 2, 5, 1, 3, 5, 6, 1, 5, 9, 1, 8, 6, 3, 3, 9, 5, 4, 1, 7, 136, 150, 160, 70, 0]"""
j20,2,proactive_quantile_0.75,60,False,inf,0.14285659790039062,inf,"[0, 0, 0, 0, 2, 2, 4, 8, 7, 10, 9, 11, 11, 14, 2, 14, 17, 18, 23, 23, 19, 0, 0, 0, 0, 159]","""[0, 10, 3, 4, 1, 7, 3, 2, 2, 6, 2, 3, 4, 3, 2, 6, 8, 4, 3, 10, 4, 136, 150, 160, 70, 0]"""
j20,2,reactive,60,False,inf,inf,inf,null,"[0, 10, 3, 4, 1, 7, 3, 2, 2, 6, 2, 3, 4, 3, 2, 6, 8, 4, 3, 10, 4, 136, 150, 160, 70, 0]"
j20,2,stnu,60,True,31,0.6586899757385254,0.02445197105407715,"[0, 0, 0, 0, 3, 3, 5, 11, 9, 10, 11, 13, 13, 16, 3, 17, 19, 23, 27, 27, 23, 0, 0, 0, 0, 31]","""[0, 10, 3, 4, 1, 7, 4, 2, 2, 6, 2, 3, 4, 3, 2, 6, 2, 4, 3, 4, 4, 136, 150, 160, 70, 0]"""
j20,2,proactive_quantile_0.75,60,False,inf,0.14615225791931152,inf,"[0, 0, 0, 0, 2, 2, 4, 8, 7, 10, 9, 11, 11, 14, 2, 14, 17, 18, 23, 23, 19, 0, 0, 0, 0, 159]","""[0, 3, 2, 4, 3, 6, 4, 4, 2, 3, 6, 6, 4, 1, 2, 1, 2, 6, 5, 10, 5, 136, 150, 160, 70, 0]"""
j20,2,reactive,60,False,inf,inf,inf,null,"[0, 3, 2, 4, 3, 6, 4, 4, 2, 3, 6, 6, 4, 1, 2, 1, 2, 6, 5, 10, 5, 136, 150, 160, 70, 0]"
j20,2,stnu,60,True,35,0.7715084552764893,0.024569272994995117,"[0, 0, 0, 0, 2, 2, 5, 12, 9, 5, 12, 16, 16, 16, 2, 20, 22, 22, 28, 28, 21, 0, 0, 0, 0, 35]","""[0, 3, 2, 4, 3, 6, 4, 4, 3, 3, 6, 6, 4, 1, 2, 1, 3, 6, 5, 7, 5, 136, 150, 160, 70, 0]"""
j20,2,proactive_quantile_0.75,60,False,inf,0.0823526382446289,inf,"[0, 0, 0, 0, 2, 2, 4, 8, 7, 10, 9, 11, 11, 14, 2, 14, 17, 18, 23, 23, 19, 0, 0, 0, 0, 159]","""[0, 11, 2, 4, 3, 3, 3, 3, 3, 5, 5, 4, 4, 2, 3, 3, 7, 2, 1, 8, 3, 136, 150, 160, 70, 0]"""
j20,2,reactive,60,False,inf,inf,inf,null,"[0, 11, 2, 4, 3, 3, 3, 3, 3, 5, 5, 4, 4, 2, 3, 3, 7, 2, 1, 8, 3, 136, 150, 160, 70, 0]"
j20,2,stnu,60,True,33,0.7366232872009277,0.024622678756713867,"[0, 0, 0, 0, 2, 2, 5, 9, 6, 11, 9, 12, 12, 16, 2, 16, 18, 19, 27, 27, 19, 0, 0, 0, 0, 33]","""[0, 11, 2, 4, 3, 3, 1, 3, 3, 5, 5, 4, 4, 2, 3, 3, 9, 2, 1, 6, 3, 136, 150, 160, 70, 0]"""
j20,2,proactive_quantile_0.75,60,False,inf,0.07745671272277832,inf,"[0, 0, 0, 0, 2, 2, 4, 8, 7, 10, 9, 11, 11, 14, 2, 14, 17, 18, 23, 23, 19, 0, 0, 0, 0, 159]","""[0, 6, 2, 1, 2, 6, 2, 1, 2, 5, 10, 2, 3, 3, 3, 5, 7, 2, 3, 9, 6, 136, 150, 160, 70, 0]"""
j20,2,reactive,60,False,inf,inf,inf,null,"[0, 6, 2, 1, 2, 6, 2, 1, 2, 5, 10, 2, 3, 3, 3, 5, 7, 2, 3, 9, 6, 136, 150, 160, 70, 0]"
j20,2,stnu,60,True,32,0.685917854309082,0.024658918380737305,"[0, 0, 0, 0, 2, 2, 5, 11, 8, 6, 11, 12, 12, 12, 2, 15, 15, 21, 27, 27, 21, 0, 0, 0, 0, 32]","""[0, 6, 2, 1, 2, 6, 3, 1, 3, 5, 10, 2, 3, 3, 3, 5, 2, 2, 3, 5, 6, 136, 150, 160, 70, 0]"""
j20,2,proactive_quantile_0.75,60,True,53,0.06709051132202148,0.0011515617370605469,"[0, 0, 0, 0, 6, 6, 9, 15, 16, 10, 22, 25, 25, 25, 6, 28, 31, 35, 42, 38, 33, 0, 0, 0, 0, 159]","""[0, 2, 7, 4, 3, 12, 7, 3, 3, 5, 13, 2, 1, 7, 6, 1, 5, 8, 6, 6, 12, 136, 150, 160, 70, 0]"""
j20,2,reactive,60,False,inf,inf,inf,null,"[0, 2, 7, 4, 3, 12, 7, 3, 3, 5, 13, 2, 1, 7, 6, 1, 5, 8, 6, 6, 12, 136, 150, 160, 70, 0]"
j20,2,stnu,60,True,31,0.7215061187744141,0.024311065673828125,"[0, 0, 0, 0, 2, 2, 5, 10, 8, 6, 10, 12, 12, 12, 2, 13, 20, 20, 25, 25, 14, 0, 0, 0, 0, 31]","""[0, 6, 2, 3, 3, 8, 3, 2, 1, 3, 4, 8, 1, 3, 1, 1, 5, 5, 6, 6, 1, 136, 150, 160, 70, 0]"""
j20,2,proactive_quantile_0.75,60,True,34,0.07921123504638672,0.0005640983581542969,"[0, 0, 0, 0, 6, 2, 8, 12, 11, 15, 12, 15, 19, 19, 8, 12, 20, 18, 23, 22, 21, 0, 0, 146]","""[0, 8, 2, 2, 2, 9, 3, 1, 1, 1, 1, 4, 4, 3, 4, 1, 4, 1, 7, 9, 5, 40, 147, 0]"""
j20,2,reactive,60,False,inf,inf,inf,null,"[0, 8, 2, 2, 2, 9, 3, 1, 1, 1, 1, 4, 4, 3, 4, 1, 4, 1, 7, 9, 5, 40, 147, 0]"
j20,2,stnu,60,False,inf,0.6158580780029297,inf,[],"""[0, 8, 8, 5, 2, 6, 7, 4, 3, 7, 5, 7, 1, 2, 8, 6, 3, 9, 10, 7, 2, 40, 147, 0]"""
j20,2,proactive_quantile_0.75,60,False,inf,0.11224555969238281,inf,"[0, 0, 0, 0, 6, 7, 15, 21, 17, 27, 21, 28, 33, 33, 15, 22, 37, 29, 43, 37, 37, 0, 0, 146]","""[0, 3, 7, 4, 2, 11, 8, 10, 12, 2, 8, 4, 2, 2, 2, 1, 4, 1, 4, 14, 9, 40, 147, 0]"""
j20,2,reactive,60,False,inf,inf,inf,null,"[0, 3, 7, 4, 2, 11, 8, 10, 12, 2, 8, 4, 2, 2, 2, 1, 4, 1, 4, 14, 9, 40, 147, 0]"
j20,2,stnu,60,False,inf,0.6457991600036621,inf,[],"""[0, 3, 7, 4, 2, 11, 8, 10, 12, 2, 8, 4, 2, 2, 2, 1, 4, 1, 4, 5, 9, 40, 147, 0]"""
j20,2,proactive_quantile_0.75,60,False,inf,0.0833289623260498,inf,"[0, 0, 0, 0, 6, 2, 8, 12, 11, 15, 12, 15, 19, 19, 8, 12, 20, 18, 23, 22, 21, 0, 0, 146]","""[0, 1, 4, 2, 2, 1, 2, 3, 5, 1, 2, 3, 4, 1, 4, 7, 3, 1, 3, 9, 11, 40, 147, 0]"""
j20,2,reactive,60,False,inf,inf,inf,null,"[0, 1, 4, 2, 2, 1, 2, 3, 5, 1, 2, 3, 4, 1, 4, 7, 3, 1, 3, 9, 11, 40, 147, 0]"
j20,2,stnu,60,True,30,0.9301097393035889,0.021622896194458008,"[0, 0, 0, 0, 4, 2, 6, 10, 10, 15, 8, 15, 16, 17, 6, 10, 19, 18, 22, 20, 19, 0, 0, 30]","""[0, 2, 4, 2, 2, 1, 2, 3, 5, 1, 2, 3, 4, 1, 4, 7, 3, 1, 2, 9, 11, 40, 147, 0]"""
j20,2,proactive_quantile_0.75,60,False,inf,0.14377617835998535,inf,"[0, 0, 0, 0, 6, 2, 8, 12, 11, 15, 12, 15, 19, 19, 8, 12, 20, 18, 23, 22, 21, 0, 0, 146]","""[0, 9, 4, 3, 3, 10, 6, 3, 6, 6, 2, 1, 3, 3, 2, 3, 3, 1, 1, 9, 11, 40, 147, 0]"""
j20,2,reactive,60,False,inf,inf,inf,null,"[0, 9, 4, 3, 3, 10, 6, 3, 6, 6, 2, 1, 3, 3, 2, 3, 3, 1, 1, 9, 11, 40, 147, 0]"
j20,2,stnu,60,True,40,1.0057084560394287,0.021456241607666016,"[0, 0, 0, 0, 8, 3, 11, 17, 13, 20, 17, 20, 26, 26, 11, 17, 22, 21, 29, 29, 29, 0, 0, 40]","""[0, 8, 4, 3, 3, 10, 6, 3, 6, 6, 2, 1, 3, 3, 2, 3, 3, 1, 7, 9, 11, 40, 147, 0]"""
j20,2,proactive_quantile_0.75,60,False,inf,0.0874638557434082,inf,"[0, 0, 0, 0, 6, 2, 8, 12, 11, 15, 12, 15, 19, 19, 8, 12, 20, 18, 23, 22, 21, 0, 0, 146]","""[0, 5, 5, 2, 1, 7, 3, 1, 5, 1, 3, 1, 2, 1, 1, 7, 2, 1, 6, 3, 7, 40, 147, 0]"""
j20,2,reactive,60,False,inf,inf,inf,null,"[0, 5, 5, 2, 1, 7, 3, 1, 5, 1, 3, 1, 2, 1, 1, 7, 2, 1, 6, 3, 7, 40, 147, 0]"
j20,2,stnu,60,True,24,0.9234585762023926,0.021384000778198242,"[0, 0, 0, 0, 5, 2, 6, 9, 9, 14, 9, 14, 15, 16, 6, 9, 17, 16, 19, 17, 17, 0, 0, 24]","""[0, 5, 5, 2, 1, 7, 3, 1, 5, 1, 3, 1, 2, 1, 1, 7, 2, 1, 4, 3, 7, 40, 147, 0]"""
j20,2,proactive_quantile_0.75,60,False,inf,0.10816287994384766,inf,"[0, 0, 0, 0, 6, 2, 8, 12, 11, 15, 12, 15, 19, 19, 8, 12, 20, 18, 23, 22, 21, 0, 0, 146]","""[0, 9, 5, 3, 2, 3, 6, 3, 4, 5, 2, 4, 3, 1, 2, 8, 4, 3, 2, 4, 5, 40, 147, 0]"""
j20,2,reactive,60,False,inf,inf,inf,null,"[0, 9, 5, 3, 2, 3, 6, 3, 4, 5, 2, 4, 3, 1, 2, 8, 4, 3, 2, 4, 5, 40, 147, 0]"
j20,2,stnu,60,True,33,0.7288343906402588,0.021419048309326172,"[0, 0, 0, 0, 6, 3, 8, 14, 10, 17, 14, 17, 22, 22, 8, 14, 25, 22, 29, 25, 25, 0, 0, 33]","""[0, 6, 5, 3, 2, 3, 6, 3, 4, 5, 2, 4, 3, 1, 2, 8, 4, 3, 4, 4, 5, 40, 147, 0]"""
j20,2,proactive_quantile_0.75,60,True,50,0.0712885856628418,0.0006165504455566406,"[0, 0, 0, 0, 6, 7, 15, 21, 17, 27, 21, 28, 33, 33, 15, 22, 37, 29, 43, 37, 37, 0, 0, 146]","""[0, 1, 7, 1, 6, 13, 2, 4, 13, 1, 2, 7, 3, 2, 7, 7, 3, 2, 6, 4, 3, 40, 147, 0]"""
j20,2,reactive,60,False,inf,inf,inf,null,"[0, 1, 7, 1, 6, 13, 2, 4, 13, 1, 2, 7, 3, 2, 7, 7, 3, 2, 6, 4, 3, 40, 147, 0]"
j20,2,stnu,60,False,inf,0.6734497547149658,inf,[],"""[0, 8, 7, 1, 6, 13, 2, 4, 13, 1, 2, 7, 3, 2, 7, 7, 3, 2, 6, 10, 3, 40, 147, 0]"""
j20,2,proactive_quantile_0.75,60,False,inf,0.07466864585876465,inf,"[0, 0, 0, 0, 6, 2, 8, 12, 11, 15, 12, 15, 19, 19, 8, 12, 20, 18, 23, 22, 21, 0, 0, 146]","""[0, 8, 3, 1, 3, 10, 2, 1, 6, 4, 1, 3, 3, 1, 1, 2, 2, 2, 5, 16, 11, 40, 147, 0]"""
j20,2,reactive,60,False,inf,inf,inf,null,"[0, 8, 3, 1, 3, 10, 2, 1, 6, 4, 1, 3, 3, 1, 1, 2, 2, 2, 5, 16, 11, 40, 147, 0]"
j20,2,stnu,60,True,40,0.710007905960083,0.021382808685302734,"[0, 0, 0, 0, 3, 1, 6, 11, 11, 17, 11, 17, 21, 21, 6, 11, 22, 20, 24, 24, 22, 0, 0, 40]","""[0, 3, 3, 1, 3, 10, 2, 1, 6, 4, 1, 3, 3, 1, 1, 2, 2, 2, 8, 16, 11, 40, 147, 0]"""
j20,2,proactive_quantile_0.75,60,False,inf,0.14641976356506348,inf,"[0, 0, 0, 0, 6, 2, 8, 12, 11, 15, 12, 15, 19, 19, 8, 12, 20, 18, 23, 22, 21, 0, 0, 146]","""[0, 9, 5, 1, 3, 3, 3, 4, 3, 3, 3, 3, 1, 2, 1, 2, 3, 3, 7, 5, 2, 40, 147, 0]"""
j20,2,reactive,60,False,inf,inf,inf,null,"[0, 9, 5, 1, 3, 3, 3, 4, 3, 3, 3, 3, 1, 2, 1, 2, 3, 3, 7, 5, 2, 40, 147, 0]"
j20,2,stnu,60,True,31,0.6866409778594971,0.021587133407592773,"[0, 0, 0, 0, 6, 1, 9, 12, 10, 16, 12, 16, 19, 19, 9, 12, 22, 19, 25, 21, 22, 0, 0, 31]","""[0, 6, 5, 1, 3, 3, 3, 4, 3, 3, 3, 3, 1, 2, 1, 2, 3, 3, 6, 5, 2, 40, 147, 0]"""
j20,2,proactive_quantile_0.75,60,False,inf,0.14071249961853027,inf,"[0, 0, 0, 0, 6, 2, 8, 12, 11, 15, 12, 15, 19, 19, 8, 12, 20, 18, 23, 22, 21, 0, 0, 146]","""[0, 5, 2, 2, 2, 7, 3, 1, 1, 5, 1, 2, 1, 2, 2, 3, 4, 3, 2, 4, 9, 40, 147, 0]"""
j20,2,reactive,60,False,inf,inf,inf,null,"[0, 5, 2, 2, 2, 7, 3, 1, 1, 5, 1, 2, 1, 2, 2, 3, 4, 3, 2, 4, 9, 40, 147, 0]"
j20,2,stnu,60,False,inf,0.6188287734985352,inf,[],"""[0, 5, 10, 7, 1, 3, 5, 8, 2, 7, 7, 11, 2, 2, 2, 1, 2, 6, 3, 2, 5, 40, 147, 0]"""
j20,2,proactive_quantile_0.75,60,False,inf,0.24458956718444824,inf,"[0, 0, 0, 0, 6, 2, 15, 6, 12, 19, 6, 17, 23, 19, 17, 23, 26, 26, 30, 20, 25, 0, 0, 65]","""[0, 3, 2, 6, 8, 6, 5, 8, 4, 3, 13, 4, 1, 10, 3, 4, 3, 3, 8, 12, 6, 22, 66, 0]"""
j20,2,reactive,60,False,inf,inf,inf,null,"[0, 3, 2, 6, 8, 6, 5, 8, 4, 3, 13, 4, 1, 10, 3, 4, 3, 3, 8, 12, 6, 22, 66, 0]"
j20,2,stnu,60,True,43,0.7692751884460449,0.02157306671142578,"[0, 0, 0, 0, 6, 2, 18, 6, 14, 23, 6, 18, 26, 23, 18, 26, 33, 33, 36, 23, 27, 0, 0, 43]","""[0, 3, 2, 6, 12, 6, 5, 8, 4, 3, 8, 4, 1, 10, 3, 4, 3, 3, 7, 12, 6, 22, 66, 0]"""
j20,2,proactive_quantile_0.75,60,False,inf,0.25666022300720215,inf,"[0, 0, 0, 0, 6, 2, 15, 6, 12, 19, 6, 17, 23, 19, 17, 23, 26, 26, 30, 20, 25, 0, 0, 65]","""[0, 9, 3, 3, 11, 4, 4, 7, 3, 4, 12, 3, 2, 6, 1, 3, 3, 1, 1, 7, 4, 22, 66, 0]"""
j20,2,reactive,60,False,inf,inf,inf,null,"[0, 9, 3, 3, 11, 4, 4, 7, 3, 4, 12, 3, 2, 6, 1, 3, 3, 1, 1, 7, 4, 22, 66, 0]"
j20,2,stnu,60,True,37,0.6794044971466064,0.021320343017578125,"[0, 0, 0, 0, 9, 3, 19, 9, 16, 23, 9, 24, 27, 24, 24, 27, 30, 30, 33, 27, 29, 0, 0, 37]","""[0, 9, 3, 3, 7, 5, 4, 7, 3, 4, 15, 3, 2, 6, 1, 3, 3, 1, 4, 7, 4, 22, 66, 0]"""
j20,2,proactive_quantile_0.75,60,True,56,0.0679481029510498,0.00046825408935546875,"[0, 0, 0, 0, 10, 7, 20, 10, 17, 27, 10, 22, 37, 27, 23, 37, 36, 43, 47, 27, 43, 0, 0, 65]","""[0, 5, 6, 6, 9, 4, 7, 5, 4, 8, 3, 4, 7, 1, 2, 1, 6, 2, 11, 10, 8, 22, 66, 0]"""
j20,2,reactive,60,False,inf,inf,inf,null,"[0, 5, 6, 6, 9, 4, 7, 5, 4, 8, 3, 4, 7, 1, 2, 1, 6, 2, 11, 10, 8, 22, 66, 0]"
j20,2,stnu,60,True,49,0.7273871898651123,0.021503686904907227,"[0, 0, 0, 0, 6, 6, 14, 6, 14, 21, 5, 11, 29, 21, 18, 29, 22, 36, 38, 21, 36, 0, 0, 49]","""[0, 5, 6, 6, 4, 8, 7, 5, 4, 8, 3, 4, 7, 1, 2, 1, 1, 2, 11, 6, 8, 22, 66, 0]"""
j20,2,proactive_quantile_0.75,60,False,inf,0.24708890914916992,inf,"[0, 0, 0, 0, 6, 2, 15, 6, 12, 19, 6, 17, 23, 19, 17, 23, 26, 26, 30, 20, 25, 0, 0, 65]","""[0, 9, 3, 6, 10, 1, 4, 6, 3, 3, 5, 1, 2, 3, 1, 4, 2, 4, 4, 13, 4, 22, 66, 0]"""
j20,2,reactive,60,False,inf,inf,inf,null,"[0, 9, 3, 6, 10, 1, 4, 6, 3, 3, 5, 1, 2, 3, 1, 4, 2, 4, 4, 13, 4, 22, 66, 0]"
j20,2,stnu,60,True,36,0.8246080875396729,0.021528244018554688,"[0, 0, 0, 0, 9, 3, 18, 9, 15, 22, 9, 18, 25, 22, 18, 25, 29, 29, 33, 22, 27, 0, 0, 36]","""[0, 9, 3, 6, 4, 6, 4, 6, 3, 3, 6, 1, 2, 3, 1, 4, 2, 4, 3, 13, 4, 22, 66, 0]"""
j20,2,proactive_quantile_0.75,60,False,inf,0.10604548454284668,inf,"[0, 0, 0, 0, 6, 2, 15, 6, 12, 19, 6, 17, 23, 19, 17, 23, 26, 26, 30, 20, 25, 0, 0, 65]","""[0, 7, 2, 6, 11, 8, 2, 1, 2, 5, 4, 3, 1, 2, 1, 2, 3, 6, 6, 5, 6, 22, 66, 0]"""
j20,2,reactive,60,False,inf,inf,inf,null,"[0, 7, 2, 6, 11, 8, 2, 1, 2, 5, 4, 3, 1, 2, 1, 2, 3, 6, 6, 5, 6, 22, 66, 0]"
j20,2,stnu,60,True,32,0.6798439025878906,0.02176833152770996,"[0, 0, 0, 0, 7, 2, 12, 7, 10, 14, 7, 15, 19, 15, 15, 19, 21, 21, 27, 18, 20, 0, 0, 32]","""[0, 7, 2, 6, 1, 8, 2, 1, 2, 5, 8, 3, 1, 2, 1, 2, 3, 6, 5, 5, 6, 22, 66, 0]"""
j20,2,proactive_quantile_0.75,60,False,inf,0.0908658504486084,inf,"[0, 0, 0, 0, 6, 2, 15, 6, 12, 19, 6, 17, 23, 19, 17, 23, 26, 26, 30, 20, 25, 0, 0, 65]","""[0, 9, 1, 2, 4, 7, 5, 1, 1, 5, 12, 4, 1, 8, 1, 1, 4, 5, 7, 14, 6, 22, 66, 0]"""
j20,2,reactive,60,False,inf,inf,inf,null,"[0, 9, 1, 2, 4, 7, 5, 1, 1, 5, 12, 4, 1, 8, 1, 1, 4, 5, 7, 14, 6, 22, 66, 0]"
j20,2,stnu,60,True,40,0.7131435871124268,0.021563291549682617,"[0, 0, 0, 0, 9, 1, 17, 9, 10, 22, 9, 17, 27, 22, 17, 27, 30, 30, 35, 22, 28, 0, 0, 40]","""[0, 9, 1, 2, 8, 3, 5, 1, 1, 5, 4, 4, 1, 8, 1, 1, 4, 5, 5, 14, 6, 22, 66, 0]"""
j20,2,proactive_quantile_0.75,60,True,56,0.06646418571472168,0.0004680156707763672,"[0, 0, 0, 0, 10, 7, 20, 10, 17, 27, 10, 22, 37, 27, 23, 37, 36, 43, 47, 27, 43, 0, 0, 65]","""[0, 7, 9, 4, 7, 1, 2, 3, 8, 4, 13, 3, 5, 12, 2, 4, 1, 3, 12, 10, 1, 22, 66, 0]"""
j20,2,reactive,60,False,inf,inf,inf,null,"[0, 7, 9, 4, 7, 1, 2, 3, 8, 4, 13, 3, 5, 12, 2, 4, 1, 3, 12, 10, 1, 22, 66, 0]"
j20,2,stnu,60,True,34,0.7611715793609619,0.02163386344909668,"[0, 0, 0, 0, 3, 2, 11, 3, 10, 15, 3, 16, 19, 16, 16, 19, 20, 20, 23, 19, 20, 0, 0, 34]","""[0, 3, 2, 3, 7, 8, 4, 3, 1, 4, 13, 3, 1, 2, 2, 1, 1, 3, 2, 15, 2, 22, 66, 0]"""
j20,2,proactive_quantile_0.75,60,True,56,0.07013559341430664,0.0004699230194091797,"[0, 0, 0, 0, 10, 7, 20, 10, 17, 27, 10, 22, 37, 27, 23, 37, 36, 43, 47, 27, 43, 0, 0, 65]","""[0, 4, 2, 6, 11, 9, 8, 5, 5, 5, 8, 5, 1, 5, 4, 6, 5, 4, 8, 3, 4, 22, 66, 0]"""
j20,2,reactive,60,False,inf,inf,inf,null,"[0, 4, 2, 6, 11, 9, 8, 5, 5, 5, 8, 5, 1, 5, 4, 6, 5, 4, 8, 3, 4, 22, 66, 0]"
j20,2,stnu,60,True,46,0.7880086898803711,0.02145528793334961,"[0, 0, 0, 0, 6, 6, 11, 6, 11, 19, 4, 13, 24, 19, 16, 24, 24, 34, 38, 20, 34, 0, 0, 46]","""[0, 4, 2, 6, 4, 5, 8, 5, 5, 5, 9, 5, 1, 5, 4, 6, 7, 4, 8, 14, 4, 22, 66, 0]"""
j20,2,proactive_quantile_0.75,60,True,39,0.06932878494262695,0.00044274330139160156,"[0, 0, 0, 0, 6, 2, 15, 6, 12, 19, 6, 17, 23, 19, 17, 23, 26, 26, 30, 20, 25, 0, 0, 65]","""[0, 3, 1, 5, 10, 4, 5, 4, 4, 6, 7, 2, 3, 3, 2, 2, 2, 4, 7, 14, 6, 22, 66, 0]"""
j20,2,reactive,60,False,inf,inf,inf,null,"[0, 3, 1, 5, 10, 4, 5, 4, 4, 6, 7, 2, 3, 3, 2, 2, 2, 4, 7, 14, 6, 22, 66, 0]"
j20,2,stnu,60,True,48,0.7466020584106445,0.02152872085571289,"[0, 0, 0, 0, 7, 5, 17, 7, 11, 21, 7, 17, 30, 21, 17, 30, 30, 37, 41, 21, 37, 0, 0, 48]","""[0, 7, 1, 5, 10, 4, 4, 4, 5, 8, 7, 4, 1, 9, 2, 3, 7, 4, 7, 14, 3, 22, 66, 0]"""
j20,2,proactive_quantile_0.75,60,False,inf,0.06667208671569824,inf,"[0, 0, 0, 0, 10, 7, 20, 10, 17, 27, 10, 22, 37, 27, 23, 37, 36, 43, 47, 27, 43, 0, 0, 65]","""[0, 2, 1, 2, 8, 5, 5, 3, 8, 6, 15, 1, 2, 8, 6, 4, 6, 5, 2, 1, 6, 22, 66, 0]"""
j20,2,reactive,60,False,inf,inf,inf,null,"[0, 2, 1, 2, 8, 5, 5, 3, 8, 6, 15, 1, 2, 8, 6, 4, 6, 5, 2, 1, 6, 22, 66, 0]"
j20,2,stnu,60,True,42,0.7133808135986328,0.021573305130004883,"[0, 0, 0, 0, 9, 3, 14, 9, 13, 18, 9, 24, 27, 24, 24, 27, 33, 33, 39, 27, 28, 0, 0, 42]","""[0, 9, 3, 2, 2, 5, 4, 4, 1, 5, 15, 3, 1, 9, 2, 1, 6, 5, 3, 9, 5, 22, 66, 0]"""
j20,2,proactive_quantile_0.75,60,False,inf,0.07696247100830078,inf,"[0, 0, 0, 0, 9, 9, 15, 4, 21, 9, 20, 8, 20, 27, 30, 9, 24, 30, 36, 34, 27, 0, 0, 0, 0, 0, 0, 0, 0, 0, 0, 0, 0, 0, 0, 0, 0, 148]","""[0, 8, 5, 9, 1, 16, 12, 4, 7, 15, 3, 6, 7, 5, 3, 7, 4, 2, 1, 2, 5, 81, 67, 100, 25, 71, 102, 113, 86, 140, 56, 138, 127, 16, 54, 116, 149, 0]"""
j20,2,reactive,60,False,inf,inf,inf,null,"[0, 8, 5, 9, 1, 16, 12, 4, 7, 15, 3, 6, 7, 5, 3, 7, 4, 2, 1, 2, 5, 81, 67, 100, 25, 71, 102, 113, 86, 140, 56, 138, 127, 16, 54, 116, 149, 0]"
j20,2,stnu,60,True,24,0.7821416854858398,0.05222058296203613,"[0, 0, 0, 0, 5, 5, 7, 5, 7, 3, 13, 7, 13, 11, 17, 3, 10, 17, 22, 19, 13, 0, 0, 0, 0, 0, 0, 0, 0, 0, 0, 0, 0, 0, 0, 0, 0, 24]","""[0, 3, 5, 2, 2, 1, 3, 2, 4, 8, 4, 1, 2, 3, 5, 4, 3, 2, 2, 1, 1, 81, 67, 100, 25, 71, 102, 113, 86, 140, 56, 138, 127, 16, 54, 116, 149, 0]"""
j20,2,proactive_quantile_0.75,60,True,43,0.07583498954772949,0.002635955810546875,"[0, 0, 0, 0, 9, 9, 15, 4, 21, 9, 20, 8, 20, 27, 30, 9, 24, 30, 36, 34, 27, 0, 0, 0, 0, 0, 0, 0, 0, 0, 0, 0, 0, 0, 0, 0, 0, 148]","""[0, 6, 1, 4, 5, 8, 7, 4, 7, 14, 5, 3, 1, 2, 1, 3, 3, 3, 8, 7, 4, 81, 67, 100, 25, 71, 102, 113, 86, 140, 56, 138, 127, 16, 54, 116, 149, 0]"""
j20,2,reactive,60,False,inf,inf,inf,null,"[0, 6, 1, 4, 5, 8, 7, 4, 7, 14, 5, 3, 1, 2, 1, 3, 3, 3, 8, 7, 4, 81, 67, 100, 25, 71, 102, 113, 86, 140, 56, 138, 127, 16, 54, 116, 149, 0]"
j20,2,stnu,60,True,18,0.8102986812591553,0.05228376388549805,"[0, 0, 0, 0, 2, 2, 6, 1, 6, 2, 10, 6, 10, 10, 14, 2, 9, 14, 16, 16, 10, 0, 0, 0, 0, 0, 0, 0, 0, 0, 0, 0, 0, 0, 0, 0, 0, 18]","""[0, 2, 1, 2, 2, 4, 2, 2, 4, 1, 4, 3, 4, 1, 2, 3, 1, 2, 2, 1, 3, 81, 67, 100, 25, 71, 102, 113, 86, 140, 56, 138, 127, 16, 54, 116, 149, 0]"""
j20,2,proactive_quantile_0.75,60,False,inf,0.10939645767211914,inf,"[0, 0, 0, 0, 9, 9, 15, 4, 21, 9, 20, 8, 20, 27, 30, 9, 24, 30, 36, 34, 27, 0, 0, 0, 0, 0, 0, 0, 0, 0, 0, 0, 0, 0, 0, 0, 0, 148]","""[0, 9, 4, 11, 8, 9, 10, 1, 9, 11, 12, 2, 6, 5, 6, 5, 2, 2, 2, 2, 1, 81, 67, 100, 25, 71, 102, 113, 86, 140, 56, 138, 127, 16, 54, 116, 149, 0]"""
j20,2,reactive,60,False,inf,inf,inf,null,"[0, 9, 4, 11, 8, 9, 10, 1, 9, 11, 12, 2, 6, 5, 6, 5, 2, 2, 2, 2, 1, 81, 67, 100, 25, 71, 102, 113, 86, 140, 56, 138, 127, 16, 54, 116, 149, 0]"
j20,2,stnu,60,True,30,0.8007721900939941,0.05112886428833008,"[0, 0, 0, 0, 6, 6, 12, 6, 12, 2, 6, 7, 16, 16, 21, 2, 16, 22, 27, 24, 24, 0, 0, 0, 0, 0, 0, 0, 0, 0, 0, 0, 0, 0, 0, 0, 0, 30]","""[0, 2, 6, 1, 6, 1, 3, 1, 4, 4, 12, 2, 6, 5, 6, 1, 8, 2, 2, 6, 3, 81, 67, 100, 25, 71, 102, 113, 86, 140, 56, 138, 127, 16, 54, 116, 149, 0]"""
j20,2,proactive_quantile_0.75,60,False,inf,0.14698553085327148,inf,"[0, 0, 0, 0, 4, 4, 8, 4, 8, 3, 12, 7, 12, 11, 21, 3, 10, 21, 25, 24, 12, 0, 0, 0, 0, 0, 0, 0, 0, 0, 0, 0, 0, 0, 0, 0, 0, 148]","""[0, 1, 5, 1, 4, 3, 3, 3, 2, 7, 6, 3, 2, 5, 3, 3, 1, 1, 3, 1, 2, 81, 67, 100, 25, 71, 102, 113, 86, 140, 56, 138, 127, 16, 54, 116, 149, 0]"""
j20,2,reactive,60,False,inf,inf,inf,null,"[0, 1, 5, 1, 4, 3, 3, 3, 2, 7, 6, 3, 2, 5, 3, 3, 1, 1, 3, 1, 2, 81, 67, 100, 25, 71, 102, 113, 86, 140, 56, 138, 127, 16, 54, 116, 149, 0]"
j20,2,stnu,60,False,inf,0.7003388404846191,inf,[],"""[0, 2, 5, 10, 1, 15, 11, 6, 9, 3, 9, 6, 4, 7, 8, 7, 3, 2, 4, 12, 6, 81, 67, 100, 25, 71, 102, 113, 86, 140, 56, 138, 127, 16, 54, 116, 149, 0]"""
j20,2,proactive_quantile_0.75,60,True,30,0.1467134952545166,0.0025653839111328125,"[0, 0, 0, 0, 4, 4, 8, 4, 8, 3, 12, 7, 12, 11, 21, 3, 10, 21, 25, 24, 12, 0, 0, 0, 0, 0, 0, 0, 0, 0, 0, 0, 0, 0, 0, 0, 0, 148]","""[0, 1, 1, 4, 1, 2, 1, 2, 1, 5, 10, 2, 1, 3, 4, 2, 1, 3, 1, 6, 2, 81, 67, 100, 25, 71, 102, 113, 86, 140, 56, 138, 127, 16, 54, 116, 149, 0]"""
j20,2,reactive,60,False,inf,inf,inf,null,"[0, 1, 1, 4, 1, 2, 1, 2, 1, 5, 10, 2, 1, 3, 4, 2, 1, 3, 1, 6, 2, 81, 67, 100, 25, 71, 102, 113, 86, 140, 56, 138, 127, 16, 54, 116, 149, 0]"
j20,2,stnu,60,True,28,0.8433837890625,0.05203580856323242,"[0, 0, 0, 0, 1, 4, 6, 1, 6, 4, 9, 6, 9, 8, 19, 4, 8, 19, 23, 22, 9, 0, 0, 0, 0, 0, 0, 0, 0, 0, 0, 0, 0, 0, 0, 0, 0, 28]","""[0, 1, 1, 4, 1, 1, 1, 2, 1, 5, 10, 2, 1, 3, 4, 2, 1, 3, 1, 6, 2, 81, 67, 100, 25, 71, 102, 113, 86, 140, 56, 138, 127, 16, 54, 116, 149, 0]"""
j20,2,proactive_quantile_0.75,60,True,30,0.07817339897155762,0.002550363540649414,"[0, 0, 0, 0, 4, 4, 8, 4, 8, 3, 12, 7, 12, 11, 21, 3, 10, 21, 25, 24, 12, 0, 0, 0, 0, 0, 0, 0, 0, 0, 0, 0, 0, 0, 0, 0, 0, 148]","""[0, 2, 2, 1, 4, 1, 1, 1, 4, 3, 12, 1, 1, 4, 2, 4, 1, 3, 3, 2, 2, 81, 67, 100, 25, 71, 102, 113, 86, 140, 56, 138, 127, 16, 54, 116, 149, 0]"""
j20,2,reactive,60,False,inf,inf,inf,null,"[0, 2, 2, 1, 4, 1, 1, 1, 4, 3, 12, 1, 1, 4, 2, 4, 1, 3, 3, 2, 2, 81, 67, 100, 25, 71, 102, 113, 86, 140, 56, 138, 127, 16, 54, 116, 149, 0]"
j20,2,stnu,60,False,inf,0.7737894058227539,inf,[],"""[0, 11, 2, 2, 2, 14, 11, 2, 1, 10, 2, 2, 8, 8, 7, 2, 2, 1, 2, 5, 8, 81, 67, 100, 25, 71, 102, 113, 86, 140, 56, 138, 127, 16, 54, 116, 149, 0]"""
j20,2,proactive_quantile_0.75,60,True,30,0.11173582077026367,0.0025043487548828125,"[0, 0, 0, 0, 4, 4, 8, 4, 8, 3, 12, 7, 12, 11, 21, 3, 10, 21, 25, 24, 12, 0, 0, 0, 0, 0, 0, 0, 0, 0, 0, 0, 0, 0, 0, 0, 0, 148]","""[0, 3, 1, 2, 3, 1, 2, 4, 4, 7, 8, 2, 4, 1, 1, 3, 2, 2, 1, 4, 3, 81, 67, 100, 25, 71, 102, 113, 86, 140, 56, 138, 127, 16, 54, 116, 149, 0]"""
j20,2,reactive,60,False,inf,inf,inf,null,"[0, 3, 1, 2, 3, 1, 2, 4, 4, 7, 8, 2, 4, 1, 1, 3, 2, 2, 1, 4, 3, 81, 67, 100, 25, 71, 102, 113, 86, 140, 56, 138, 127, 16, 54, 116, 149, 0]"
j20,2,stnu,60,True,24,0.7519967555999756,0.05222439765930176,"[0, 0, 0, 0, 3, 3, 6, 1, 6, 3, 10, 6, 10, 10, 18, 3, 8, 18, 20, 20, 10, 0, 0, 0, 0, 0, 0, 0, 0, 0, 0, 0, 0, 0, 0, 0, 0, 24]","""[0, 3, 1, 2, 3, 3, 2, 4, 4, 7, 8, 2, 4, 1, 1, 3, 2, 2, 1, 4, 3, 81, 67, 100, 25, 71, 102, 113, 86, 140, 56, 138, 127, 16, 54, 116, 149, 0]"""
j20,2,proactive_quantile_0.75,60,False,inf,0.1069481372833252,inf,"[0, 0, 0, 0, 4, 4, 8, 4, 8, 3, 12, 7, 12, 11, 21, 3, 10, 21, 25, 24, 12, 0, 0, 0, 0, 0, 0, 0, 0, 0, 0, 0, 0, 0, 0, 0, 0, 148]","""[0, 2, 3, 3, 5, 3, 3, 3, 4, 8, 11, 2, 2, 3, 5, 1, 3, 2, 1, 4, 2, 81, 67, 100, 25, 71, 102, 113, 86, 140, 56, 138, 127, 16, 54, 116, 149, 0]"""
j20,2,reactive,60,False,inf,inf,inf,null,"[0, 2, 3, 3, 5, 3, 3, 3, 4, 8, 11, 2, 2, 3, 5, 1, 3, 2, 1, 4, 2, 81, 67, 100, 25, 71, 102, 113, 86, 140, 56, 138, 127, 16, 54, 116, 149, 0]"
j20,2,stnu,60,False,inf,0.6557395458221436,inf,[],"""[0, 10, 3, 1, 2, 13, 5, 4, 2, 3, 7, 3, 3, 8, 3, 6, 3, 6, 2, 10, 7, 81, 67, 100, 25, 71, 102, 113, 86, 140, 56, 138, 127, 16, 54, 116, 149, 0]"""
j20,2,proactive_quantile_0.75,60,False,inf,0.08434152603149414,inf,"[0, 0, 0, 0, 4, 4, 8, 4, 8, 3, 12, 7, 12, 11, 21, 3, 10, 21, 25, 24, 12, 0, 0, 0, 0, 0, 0, 0, 0, 0, 0, 0, 0, 0, 0, 0, 0, 148]","""[0, 3, 6, 2, 5, 1, 3, 1, 3, 10, 12, 1, 4, 1, 1, 4, 2, 1, 4, 1, 3, 81, 67, 100, 25, 71, 102, 113, 86, 140, 56, 138, 127, 16, 54, 116, 149, 0]"""
j20,2,reactive,60,False,inf,inf,inf,null,"[0, 3, 6, 2, 5, 1, 3, 1, 3, 10, 12, 1, 4, 1, 1, 4, 2, 1, 4, 1, 3, 81, 67, 100, 25, 71, 102, 113, 86, 140, 56, 138, 127, 16, 54, 116, 149, 0]"
j20,2,stnu,60,True,34,0.813823938369751,0.052308082580566406,"[0, 0, 0, 0, 6, 6, 11, 6, 11, 3, 16, 7, 16, 14, 28, 3, 14, 28, 30, 30, 16, 0, 0, 0, 0, 0, 0, 0, 0, 0, 0, 0, 0, 0, 0, 0, 0, 34]","""[0, 3, 6, 2, 5, 1, 3, 1, 3, 10, 12, 1, 4, 1, 1, 4, 2, 2, 4, 1, 3, 81, 67, 100, 25, 71, 102, 113, 86, 140, 56, 138, 127, 16, 54, 116, 149, 0]"""
j20,2,proactive_quantile_0.75,60,True,30,0.08147382736206055,0.0025374889373779297,"[0, 0, 0, 0, 4, 4, 8, 4, 8, 3, 12, 7, 12, 11, 21, 3, 10, 21, 25, 24, 12, 0, 0, 0, 0, 0, 0, 0, 0, 0, 0, 0, 0, 0, 0, 0, 0, 148]","""[0, 3, 2, 3, 1, 2, 2, 4, 2, 2, 6, 2, 1, 6, 2, 1, 2, 3, 2, 5, 4, 81, 67, 100, 25, 71, 102, 113, 86, 140, 56, 138, 127, 16, 54, 116, 149, 0]"""
j20,2,reactive,60,False,inf,inf,inf,null,"[0, 3, 2, 3, 1, 2, 2, 4, 2, 2, 6, 2, 1, 6, 2, 1, 2, 3, 2, 5, 4, 81, 67, 100, 25, 71, 102, 113, 86, 140, 56, 138, 127, 16, 54, 116, 149, 0]"
j20,2,stnu,60,True,25,0.9647583961486816,0.051781654357910156,"[0, 0, 0, 0, 3, 3, 4, 2, 6, 3, 10, 6, 10, 8, 16, 3, 8, 16, 20, 20, 10, 0, 0, 0, 0, 0, 0, 0, 0, 0, 0, 0, 0, 0, 0, 0, 0, 25]","""[0, 3, 2, 3, 1, 1, 2, 4, 2, 2, 6, 2, 1, 6, 2, 1, 2, 4, 2, 5, 4, 81, 67, 100, 25, 71, 102, 113, 86, 140, 56, 138, 127, 16, 54, 116, 149, 0]"""
j20,2,proactive_quantile_0.75,60,False,inf,0.18642878532409668,inf,"[0, 0, 5, 0, 3, 10, 6, 16, 4, 6, 8, 18, 26, 8, 20, 24, 30, 22, 12, 33, 29, 0, 0, 0, 0, 0, 0, 0, 0, 0, 0, 0, 0, 0, 0, 138]","""[0, 1, 7, 3, 3, 7, 1, 3, 3, 1, 1, 2, 3, 4, 1, 5, 2, 5, 7, 9, 3, 114, 17, 25, 139, 71, 65, 49, 68, 51, 47, 113, 19, 139, 59, 0]"""
j20,2,reactive,60,False,inf,inf,inf,null,"[0, 1, 7, 3, 3, 7, 1, 3, 3, 1, 1, 2, 3, 4, 1, 5, 2, 5, 7, 9, 3, 114, 17, 25, 139, 71, 65, 49, 68, 51, 47, 113, 19, 139, 59, 0]"
j20,2,stnu,60,False,inf,0.8893189430236816,inf,[],"""[0, 1, 7, 3, 3, 7, 1, 3, 3, 1, 1, 2, 3, 4, 1, 5, 2, 5, 7, 9, 3, 114, 17, 25, 139, 71, 65, 49, 68, 51, 47, 113, 19, 139, 59, 0]"""
j20,2,proactive_quantile_0.75,60,False,inf,0.15076231956481934,inf,"[0, 0, 5, 0, 3, 10, 6, 16, 4, 6, 8, 18, 26, 8, 20, 24, 30, 22, 12, 33, 29, 0, 0, 0, 0, 0, 0, 0, 0, 0, 0, 0, 0, 0, 0, 138]","""[0, 1, 4, 4, 1, 2, 1, 1, 1, 2, 1, 7, 4, 3, 3, 6, 3, 4, 1, 1, 3, 114, 17, 25, 139, 71, 65, 49, 68, 51, 47, 113, 19, 139, 59, 0]"""
j20,2,reactive,60,False,inf,inf,inf,null,"[0, 1, 4, 4, 1, 2, 1, 1, 1, 2, 1, 7, 4, 3, 3, 6, 3, 4, 1, 1, 3, 114, 17, 25, 139, 71, 65, 49, 68, 51, 47, 113, 19, 139, 59, 0]"
j20,2,stnu,60,False,inf,0.9295158386230469,inf,[],"""[0, 1, 4, 4, 1, 2, 1, 1, 1, 2, 1, 7, 4, 3, 3, 6, 3, 4, 1, 1, 3, 114, 17, 25, 139, 71, 65, 49, 68, 51, 47, 113, 19, 139, 59, 0]"""
j20,2,proactive_quantile_0.75,60,False,inf,0.18546676635742188,inf,"[0, 0, 5, 0, 3, 10, 6, 16, 4, 6, 8, 18, 26, 8, 20, 24, 30, 22, 12, 33, 29, 0, 0, 0, 0, 0, 0, 0, 0, 0, 0, 0, 0, 0, 0, 138]","""[0, 5, 8, 2, 1, 9, 1, 5, 2, 3, 2, 3, 1, 3, 3, 1, 4, 1, 4, 10, 9, 114, 17, 25, 139, 71, 65, 49, 68, 51, 47, 113, 19, 139, 59, 0]"""
j20,2,reactive,60,False,inf,inf,inf,null,"[0, 5, 8, 2, 1, 9, 1, 5, 2, 3, 2, 3, 1, 3, 3, 1, 4, 1, 4, 10, 9, 114, 17, 25, 139, 71, 65, 49, 68, 51, 47, 113, 19, 139, 59, 0]"
j20,2,stnu,60,False,inf,0.6444990634918213,inf,[],"""[0, 5, 2, 2, 1, 2, 3, 2, 2, 3, 2, 3, 1, 3, 3, 15, 4, 14, 4, 3, 9, 114, 17, 25, 139, 71, 65, 49, 68, 51, 47, 113, 19, 139, 59, 0]"""
j20,2,proactive_quantile_0.75,60,True,42,0.08077263832092285,0.0018374919891357422,"[0, 0, 5, 0, 3, 10, 6, 16, 4, 6, 8, 18, 26, 8, 20, 24, 30, 22, 12, 33, 29, 0, 0, 0, 0, 0, 0, 0, 0, 0, 0, 0, 0, 0, 0, 138]","""[0, 3, 8, 4, 2, 8, 2, 2, 2, 1, 2, 5, 2, 2, 1, 5, 1, 2, 1, 8, 8, 114, 17, 25, 139, 71, 65, 49, 68, 51, 47, 113, 19, 139, 59, 0]"""
j20,2,reactive,60,False,inf,inf,inf,null,"[0, 3, 8, 4, 2, 8, 2, 2, 2, 1, 2, 5, 2, 2, 1, 5, 1, 2, 1, 8, 8, 114, 17, 25, 139, 71, 65, 49, 68, 51, 47, 113, 19, 139, 59, 0]"
j20,2,stnu,60,False,inf,0.6360070705413818,inf,[],"""[0, 3, 4, 4, 2, 6, 2, 2, 2, 1, 2, 5, 2, 2, 1, 16, 1, 13, 1, 7, 8, 114, 17, 25, 139, 71, 65, 49, 68, 51, 47, 113, 19, 139, 59, 0]"""
j20,2,proactive_quantile_0.75,60,False,inf,0.2713332176208496,inf,"[0, 0, 5, 0, 3, 10, 6, 16, 4, 6, 8, 18, 26, 8, 20, 24, 30, 22, 12, 33, 29, 0, 0, 0, 0, 0, 0, 0, 0, 0, 0, 0, 0, 0, 0, 138]","""[0, 1, 6, 2, 3, 8, 3, 4, 2, 3, 3, 2, 1, 1, 2, 9, 1, 4, 6, 3, 7, 114, 17, 25, 139, 71, 65, 49, 68, 51, 47, 113, 19, 139, 59, 0]"""
j20,2,reactive,60,False,inf,inf,inf,null,"[0, 1, 6, 2, 3, 8, 3, 4, 2, 3, 3, 2, 1, 1, 2, 9, 1, 4, 6, 3, 7, 114, 17, 25, 139, 71, 65, 49, 68, 51, 47, 113, 19, 139, 59, 0]"
j20,2,stnu,60,False,inf,0.9547173976898193,inf,[],"""[0, 1, 6, 2, 3, 8, 3, 4, 2, 3, 3, 2, 1, 1, 2, 9, 1, 4, 6, 3, 7, 114, 17, 25, 139, 71, 65, 49, 68, 51, 47, 113, 19, 139, 59, 0]"""
j20,2,proactive_quantile_0.75,60,False,inf,0.24202632904052734,inf,"[0, 0, 6, 0, 3, 7, 4, 18, 5, 7, 9, 17, 23, 9, 24, 26, 38, 26, 12, 41, 26, 0, 0, 0, 0, 0, 0, 0, 0, 0, 0, 0, 0, 0, 0, 138]","""[0, 5, 3, 1, 1, 5, 1, 1, 3, 3, 2, 8, 3, 2, 1, 8, 1, 5, 5, 10, 3, 114, 17, 25, 139, 71, 65, 49, 68, 51, 47, 113, 19, 139, 59, 0]"""
j20,2,reactive,60,False,inf,inf,inf,null,"[0, 5, 3, 1, 1, 5, 1, 1, 3, 3, 2, 8, 3, 2, 1, 8, 1, 5, 5, 10, 3, 114, 17, 25, 139, 71, 65, 49, 68, 51, 47, 113, 19, 139, 59, 0]"
j20,2,stnu,60,False,inf,0.6592814922332764,inf,[],"""[0, 5, 3, 1, 1, 7, 1, 1, 3, 3, 2, 8, 3, 2, 1, 8, 1, 10, 4, 10, 7, 114, 17, 25, 139, 71, 65, 49, 68, 51, 47, 113, 19, 139, 59, 0]"""
j20,2,proactive_quantile_0.75,60,False,inf,0.07717680931091309,inf,"[0, 0, 6, 0, 3, 7, 4, 18, 5, 7, 9, 17, 23, 9, 24, 26, 38, 26, 12, 41, 26, 0, 0, 0, 0, 0, 0, 0, 0, 0, 0, 0, 0, 0, 0, 138]","""[0, 3, 1, 4, 3, 5, 2, 6, 3, 3, 1, 4, 3, 1, 1, 9, 2, 4, 6, 3, 8, 114, 17, 25, 139, 71, 65, 49, 68, 51, 47, 113, 19, 139, 59, 0]"""
j20,2,reactive,60,False,inf,inf,inf,null,"[0, 3, 1, 4, 3, 5, 2, 6, 3, 3, 1, 4, 3, 1, 1, 9, 2, 4, 6, 3, 8, 114, 17, 25, 139, 71, 65, 49, 68, 51, 47, 113, 19, 139, 59, 0]"
j20,2,stnu,60,False,inf,0.675694465637207,inf,[],"""[0, 3, 7, 4, 3, 1, 3, 6, 3, 3, 1, 4, 3, 1, 1, 6, 2, 4, 7, 7, 1, 114, 17, 25, 139, 71, 65, 49, 68, 51, 47, 113, 19, 139, 59, 0]"""
j20,2,proactive_quantile_0.75,60,False,inf,0.08563041687011719,inf,"[0, 0, 6, 0, 3, 7, 4, 18, 5, 7, 9, 17, 23, 9, 24, 26, 38, 26, 12, 41, 26, 0, 0, 0, 0, 0, 0, 0, 0, 0, 0, 0, 0, 0, 0, 138]","""[0, 5, 4, 4, 2, 3, 2, 3, 3, 1, 1, 1, 2, 1, 2, 15, 4, 5, 6, 6, 3, 114, 17, 25, 139, 71, 65, 49, 68, 51, 47, 113, 19, 139, 59, 0]"""
j20,2,reactive,60,False,inf,inf,inf,null,"[0, 5, 4, 4, 2, 3, 2, 3, 3, 1, 1, 1, 2, 1, 2, 15, 4, 5, 6, 6, 3, 114, 17, 25, 139, 71, 65, 49, 68, 51, 47, 113, 19, 139, 59, 0]"
j20,2,stnu,60,False,inf,0.6831445693969727,inf,[],"""[0, 5, 2, 4, 2, 2, 1, 5, 3, 1, 1, 1, 2, 1, 2, 9, 4, 5, 4, 4, 8, 114, 17, 25, 139, 71, 65, 49, 68, 51, 47, 113, 19, 139, 59, 0]"""
j20,2,proactive_quantile_0.75,60,False,inf,0.1828765869140625,inf,"[0, 0, 5, 0, 3, 10, 6, 16, 4, 6, 8, 18, 26, 8, 20, 24, 30, 22, 12, 33, 29, 0, 0, 0, 0, 0, 0, 0, 0, 0, 0, 0, 0, 0, 0, 138]","""[0, 1, 6, 2, 1, 1, 1, 5, 1, 2, 2, 3, 3, 1, 1, 1, 4, 4, 8, 5, 4, 114, 17, 25, 139, 71, 65, 49, 68, 51, 47, 113, 19, 139, 59, 0]"""
j20,2,reactive,60,False,inf,inf,inf,null,"[0, 1, 6, 2, 1, 1, 1, 5, 1, 2, 2, 3, 3, 1, 1, 1, 4, 4, 8, 5, 4, 114, 17, 25, 139, 71, 65, 49, 68, 51, 47, 113, 19, 139, 59, 0]"
j20,2,stnu,60,False,inf,0.6665797233581543,inf,[],"""[0, 1, 3, 2, 1, 9, 1, 6, 1, 2, 2, 3, 3, 1, 1, 6, 4, 11, 8, 2, 4, 114, 17, 25, 139, 71, 65, 49, 68, 51, 47, 113, 19, 139, 59, 0]"""
j20,2,proactive_quantile_0.75,60,False,inf,0.19391250610351562,inf,"[0, 0, 5, 0, 3, 10, 6, 16, 4, 6, 8, 18, 26, 8, 20, 24, 30, 22, 12, 33, 29, 0, 0, 0, 0, 0, 0, 0, 0, 0, 0, 0, 0, 0, 0, 138]","""[0, 5, 6, 2, 3, 8, 3, 6, 3, 2, 2, 5, 1, 4, 2, 3, 4, 1, 5, 3, 5, 114, 17, 25, 139, 71, 65, 49, 68, 51, 47, 113, 19, 139, 59, 0]"""
j20,2,reactive,60,False,inf,inf,inf,null,"[0, 5, 6, 2, 3, 8, 3, 6, 3, 2, 2, 5, 1, 4, 2, 3, 4, 1, 5, 3, 5, 114, 17, 25, 139, 71, 65, 49, 68, 51, 47, 113, 19, 139, 59, 0]"
j20,2,stnu,60,False,inf,0.9174957275390625,inf,[],"""[0, 5, 6, 2, 3, 8, 3, 6, 3, 2, 2, 5, 1, 4, 2, 3, 4, 1, 5, 3, 5, 114, 17, 25, 139, 71, 65, 49, 68, 51, 47, 113, 19, 139, 59, 0]"""
j20,2,proactive_quantile_0.75,60,False,inf,0.08716607093811035,inf,"[0, 0, 0, 0, 3, 5, 3, 7, 4, 15, 7, 7, 13, 13, 2, 13, 19, 15, 22, 18, 18, 0, 0, 0, 0, 0, 0, 0, 0, 138]","""[0, 3, 4, 2, 1, 1, 5, 1, 3, 3, 6, 1, 1, 1, 3, 3, 4, 2, 1, 1, 3, 40, 91, 103, 139, 83, 42, 46, 24, 0]"""
j20,2,reactive,60,False,inf,inf,inf,null,"[0, 3, 4, 2, 1, 1, 5, 1, 3, 3, 6, 1, 1, 1, 3, 3, 4, 2, 1, 1, 3, 40, 91, 103, 139, 83, 42, 46, 24, 0]"
j20,2,stnu,60,False,inf,0.7092640399932861,inf,[],"""[0, 3, 4, 2, 1, 1, 5, 1, 3, 3, 6, 5, 1, 1, 3, 3, 3, 2, 1, 1, 3, 40, 91, 103, 139, 83, 42, 46, 24, 0]"""
j20,2,proactive_quantile_0.75,60,False,inf,0.10771012306213379,inf,"[0, 0, 0, 0, 3, 5, 3, 7, 4, 15, 7, 7, 13, 13, 2, 13, 19, 15, 22, 18, 18, 0, 0, 0, 0, 0, 0, 0, 0, 138]","""[0, 2, 2, 1, 2, 1, 6, 1, 2, 5, 5, 3, 1, 3, 3, 1, 2, 2, 4, 3, 1, 40, 91, 103, 139, 83, 42, 46, 24, 0]"""
j20,2,reactive,60,False,inf,inf,inf,null,"[0, 2, 2, 1, 2, 1, 6, 1, 2, 5, 5, 3, 1, 3, 3, 1, 2, 2, 4, 3, 1, 40, 91, 103, 139, 83, 42, 46, 24, 0]"
j20,2,stnu,60,True,32,0.8038885593414307,0.029900789260864258,"[0, 0, 0, 0, 2, 4, 2, 8, 2, 12, 8, 8, 12, 10, 1, 8, 22, 17, 28, 19, 19, 0, 0, 0, 0, 0, 0, 0, 0, 32]","""[0, 2, 2, 1, 2, 1, 6, 4, 5, 5, 2, 2, 4, 1, 3, 8, 3, 2, 4, 9, 3, 40, 91, 103, 139, 83, 42, 46, 24, 0]"""
j20,2,proactive_quantile_0.75,60,False,inf,0.07432031631469727,inf,"[0, 0, 0, 0, 3, 5, 3, 7, 4, 15, 7, 7, 13, 13, 2, 13, 19, 15, 22, 18, 18, 0, 0, 0, 0, 0, 0, 0, 0, 138]","""[0, 2, 1, 2, 3, 2, 6, 1, 3, 2, 5, 8, 5, 1, 2, 1, 2, 4, 3, 1, 1, 40, 91, 103, 139, 83, 42, 46, 24, 0]"""
j20,2,reactive,60,False,inf,inf,inf,null,"[0, 2, 1, 2, 3, 2, 6, 1, 3, 2, 5, 8, 5, 1, 2, 1, 2, 4, 3, 1, 1, 40, 91, 103, 139, 83, 42, 46, 24, 0]"
j20,2,stnu,60,False,inf,0.6024601459503174,inf,[],"""[0, 2, 4, 2, 3, 2, 6, 1, 3, 2, 5, 9, 5, 1, 2, 1, 2, 4, 3, 1, 3, 40, 91, 103, 139, 83, 42, 46, 24, 0]"""
j20,2,proactive_quantile_0.75,60,True,41,0.19147610664367676,0.0011954307556152344,"[0, 0, 0, 0, 3, 5, 3, 9, 3, 13, 9, 7, 13, 13, 2, 9, 25, 16, 37, 19, 19, 0, 0, 0, 0, 0, 0, 0, 0, 138]","""[0, 1, 2, 1, 1, 2, 5, 3, 1, 3, 2, 4, 10, 3, 1, 8, 12, 1, 3, 1, 4, 40, 91, 103, 139, 83, 42, 46, 24, 0]"""
j20,2,reactive,60,False,inf,inf,inf,null,"[0, 1, 2, 1, 1, 2, 5, 3, 1, 3, 2, 4, 10, 3, 1, 8, 12, 1, 3, 1, 4, 40, 91, 103, 139, 83, 42, 46, 24, 0]"
j20,2,stnu,60,True,35,0.7092266082763672,0.03013467788696289,"[0, 4, 0, 0, 4, 5, 2, 8, 2, 9, 18, 7, 18, 18, 4, 11, 20, 21, 32, 23, 23, 0, 0, 0, 0, 0, 0, 0, 0, 35]","""[0, 4, 2, 4, 1, 2, 4, 1, 1, 6, 2, 11, 2, 3, 7, 8, 12, 2, 3, 4, 4, 40, 91, 103, 139, 83, 42, 46, 24, 0]"""
j20,2,proactive_quantile_0.75,60,False,inf,0.06975936889648438,inf,"[0, 3, 0, 0, 3, 5, 3, 9, 3, 11, 9, 9, 16, 16, 3, 9, 22, 19, 34, 25, 25, 0, 0, 0, 0, 0, 0, 0, 0, 138]","""[0, 1, 2, 4, 1, 5, 6, 2, 3, 12, 4, 9, 8, 3, 4, 4, 5, 1, 4, 5, 3, 40, 91, 103, 139, 83, 42, 46, 24, 0]"""
j20,2,reactive,60,False,inf,inf,inf,null,"[0, 1, 2, 4, 1, 5, 6, 2, 3, 12, 4, 9, 8, 3, 4, 4, 5, 1, 4, 5, 3, 40, 91, 103, 139, 83, 42, 46, 24, 0]"
j20,2,stnu,60,True,31,0.8935892581939697,0.030164718627929688,"[0, 0, 0, 0, 4, 6, 4, 9, 4, 12, 9, 9, 18, 18, 3, 9, 25, 21, 30, 22, 22, 0, 0, 0, 0, 0, 0, 0, 0, 31]","""[0, 2, 4, 3, 1, 2, 5, 3, 3, 2, 1, 9, 3, 3, 3, 4, 5, 1, 1, 5, 3, 40, 91, 103, 139, 83, 42, 46, 24, 0]"""
j20,2,proactive_quantile_0.75,60,False,inf,0.07434701919555664,inf,"[0, 0, 0, 0, 3, 5, 3, 7, 4, 15, 7, 7, 13, 13, 2, 13, 19, 15, 22, 18, 18, 0, 0, 0, 0, 0, 0, 0, 0, 138]","""[0, 2, 4, 3, 3, 1, 2, 1, 2, 4, 8, 6, 6, 3, 2, 3, 1, 1, 4, 2, 4, 40, 91, 103, 139, 83, 42, 46, 24, 0]"""
j20,2,reactive,60,False,inf,inf,inf,null,"[0, 2, 4, 3, 3, 1, 2, 1, 2, 4, 8, 6, 6, 3, 2, 3, 1, 1, 4, 2, 4, 40, 91, 103, 139, 83, 42, 46, 24, 0]"
j20,2,stnu,60,True,39,0.6946799755096436,0.029924392700195312,"[0, 1, 0, 0, 1, 4, 1, 10, 1, 11, 23, 10, 23, 23, 1, 10, 29, 26, 33, 29, 29, 0, 0, 0, 0, 0, 0, 0, 0, 39]","""[0, 8, 1, 1, 3, 6, 6, 1, 4, 12, 2, 13, 6, 3, 6, 7, 4, 3, 6, 2, 4, 40, 91, 103, 139, 83, 42, 46, 24, 0]"""
j20,2,proactive_quantile_0.75,60,True,41,0.20082783699035645,0.0011868476867675781,"[0, 0, 0, 0, 3, 5, 3, 9, 3, 13, 9, 7, 13, 13, 2, 9, 25, 16, 37, 19, 19, 0, 0, 0, 0, 0, 0, 0, 0, 138]","""[0, 3, 2, 1, 1, 1, 3, 4, 5, 3, 4, 5, 8, 1, 3, 8, 13, 2, 2, 3, 2, 40, 91, 103, 139, 83, 42, 46, 24, 0]"""
j20,2,reactive,60,False,inf,inf,inf,null,"[0, 3, 2, 1, 1, 1, 3, 4, 5, 3, 4, 5, 8, 1, 3, 8, 13, 2, 2, 3, 2, 40, 91, 103, 139, 83, 42, 46, 24, 0]"
j20,2,stnu,60,True,42,0.6992635726928711,0.030064821243286133,"[0, 2, 0, 0, 2, 3, 2, 10, 2, 13, 23, 7, 11, 11, 1, 7, 27, 12, 40, 27, 27, 0, 0, 0, 0, 0, 0, 0, 0, 42]","""[0, 8, 2, 1, 1, 1, 4, 3, 5, 10, 4, 4, 6, 1, 6, 8, 13, 1, 2, 8, 2, 40, 91, 103, 139, 83, 42, 46, 24, 0]"""
j20,2,proactive_quantile_0.75,60,False,inf,0.08974504470825195,inf,"[0, 0, 0, 0, 3, 5, 3, 7, 4, 15, 7, 7, 13, 13, 2, 13, 19, 15, 22, 18, 18, 0, 0, 0, 0, 0, 0, 0, 0, 138]","""[0, 1, 3, 3, 2, 2, 3, 1, 1, 4, 2, 8, 2, 3, 3, 2, 2, 4, 2, 1, 2, 40, 91, 103, 139, 83, 42, 46, 24, 0]"""
j20,2,reactive,60,False,inf,inf,inf,null,"[0, 1, 3, 3, 2, 2, 3, 1, 1, 4, 2, 8, 2, 3, 3, 2, 2, 4, 2, 1, 2, 40, 91, 103, 139, 83, 42, 46, 24, 0]"
j20,2,stnu,60,False,inf,0.6414005756378174,inf,[],"""[0, 1, 3, 3, 2, 2, 3, 1, 1, 4, 2, 5, 2, 3, 3, 2, 1, 4, 2, 1, 3, 40, 91, 103, 139, 83, 42, 46, 24, 0]"""
j20,2,proactive_quantile_0.75,60,False,inf,0.07119607925415039,inf,"[0, 0, 0, 0, 3, 5, 3, 7, 4, 15, 7, 7, 13, 13, 2, 13, 19, 15, 22, 18, 18, 0, 0, 0, 0, 0, 0, 0, 0, 138]","""[0, 3, 3, 1, 3, 2, 2, 2, 1, 7, 8, 9, 1, 1, 3, 1, 1, 2, 3, 1, 4, 40, 91, 103, 139, 83, 42, 46, 24, 0]"""
j20,2,reactive,60,False,inf,inf,inf,null,"[0, 3, 3, 1, 3, 2, 2, 2, 1, 7, 8, 9, 1, 1, 3, 1, 1, 2, 3, 1, 4, 40, 91, 103, 139, 83, 42, 46, 24, 0]"
j20,2,stnu,60,False,inf,0.6030960083007812,inf,[],"""[0, 3, 2, 1, 3, 2, 2, 2, 1, 7, 8, 5, 1, 1, 3, 1, 3, 2, 3, 1, 3, 40, 91, 103, 139, 83, 42, 46, 24, 0]"""
j20,2,proactive_quantile_0.75,60,False,inf,0.06433773040771484,inf,"[0, 0, 0, 0, 3, 5, 3, 7, 4, 15, 7, 7, 13, 13, 2, 13, 19, 15, 22, 18, 18, 0, 0, 0, 0, 0, 0, 0, 0, 138]","""[0, 2, 1, 1, 3, 2, 3, 1, 3, 2, 6, 5, 3, 2, 3, 1, 2, 2, 4, 3, 4, 40, 91, 103, 139, 83, 42, 46, 24, 0]"""
j20,2,reactive,60,False,inf,inf,inf,null,"[0, 2, 1, 1, 3, 2, 3, 1, 3, 2, 6, 5, 3, 2, 3, 1, 2, 2, 4, 3, 4, 40, 91, 103, 139, 83, 42, 46, 24, 0]"
j20,2,stnu,60,True,47,0.7662103176116943,0.029779911041259766,"[0, 4, 0, 0, 4, 7, 4, 10, 4, 11, 23, 9, 19, 19, 3, 11, 26, 22, 41, 26, 26, 0, 0, 0, 0, 0, 0, 0, 0, 47]","""[0, 6, 4, 3, 3, 1, 5, 1, 3, 12, 3, 10, 3, 3, 8, 7, 15, 1, 6, 9, 2, 40, 91, 103, 139, 83, 42, 46, 24, 0]"""
j20,2,proactive_quantile_0.75,60,False,inf,0.07365894317626953,inf,"[0, 0, 0, 0, 2, 6, 6, 2, 9, 6, 12, 5, 8, 11, 12, 21, 10, 21, 30, 12, 25, 0, 0, 0, 161]","""[0, 4, 1, 8, 4, 7, 3, 2, 3, 1, 2, 3, 1, 3, 5, 3, 2, 8, 2, 9, 13, 40, 130, 162, 0]"""
j20,2,reactive,60,False,inf,inf,inf,null,"[0, 4, 1, 8, 4, 7, 3, 2, 3, 1, 2, 3, 1, 3, 5, 3, 2, 8, 2, 9, 13, 40, 130, 162, 0]"
j20,2,stnu,60,True,48,0.7028498649597168,0.023470401763916016,"[0, 0, 0, 0, 8, 8, 13, 8, 16, 8, 16, 13, 29, 30, 16, 29, 30, 33, 45, 16, 32, 0, 0, 0, 48]","""[0, 4, 1, 8, 5, 7, 3, 8, 5, 5, 13, 15, 1, 3, 4, 1, 2, 8, 3, 6, 13, 40, 130, 162, 0]"""
j20,2,proactive_quantile_0.75,60,False,inf,0.06389498710632324,inf,"[0, 0, 0, 0, 2, 6, 6, 2, 9, 6, 12, 5, 8, 11, 12, 21, 10, 21, 30, 12, 25, 0, 0, 0, 161]","""[0, 3, 3, 2, 2, 5, 3, 2, 2, 2, 7, 4, 3, 6, 12, 4, 2, 5, 4, 10, 6, 40, 130, 162, 0]"""
j20,2,reactive,60,False,inf,inf,inf,null,"[0, 3, 3, 2, 2, 5, 3, 2, 2, 2, 7, 4, 3, 6, 12, 4, 2, 5, 4, 10, 6, 40, 130, 162, 0]"
j20,2,stnu,60,True,36,0.7807292938232422,0.023134231567382812,"[0, 0, 0, 0, 3, 5, 5, 3, 9, 5, 14, 5, 9, 12, 14, 26, 12, 26, 31, 14, 30, 0, 0, 0, 36]","""[0, 3, 3, 2, 2, 5, 3, 2, 2, 9, 7, 4, 3, 6, 12, 4, 2, 5, 4, 10, 6, 40, 130, 162, 0]"""
j20,2,proactive_quantile_0.75,60,True,60,0.06596994400024414,0.0008149147033691406,"[0, 11, 0, 0, 6, 11, 15, 6, 18, 11, 17, 10, 27, 30, 17, 27, 41, 44, 53, 18, 33, 0, 0, 0, 161]","""[0, 2, 2, 6, 2, 8, 2, 1, 3, 3, 9, 9, 1, 3, 9, 6, 4, 3, 6, 3, 3, 40, 130, 162, 0]"""
j20,2,reactive,60,False,inf,inf,inf,null,"[0, 2, 2, 6, 2, 8, 2, 1, 3, 3, 9, 9, 1, 3, 9, 6, 4, 3, 6, 3, 3, 40, 130, 162, 0]"
j20,2,stnu,60,True,31,0.7650048732757568,0.02310943603515625,"[0, 0, 0, 0, 1, 5, 5, 1, 9, 5, 13, 5, 9, 10, 13, 23, 10, 23, 28, 13, 28, 0, 0, 0, 31]","""[0, 2, 1, 5, 4, 8, 2, 2, 1, 6, 10, 4, 1, 4, 2, 5, 1, 3, 2, 1, 3, 40, 130, 162, 0]"""
j20,2,proactive_quantile_0.75,60,False,inf,0.159773588180542,inf,"[0, 0, 0, 0, 2, 6, 6, 2, 9, 6, 12, 5, 8, 11, 12, 21, 10, 21, 30, 12, 25, 0, 0, 0, 161]","""[0, 3, 2, 6, 4, 8, 3, 4, 2, 4, 1, 3, 3, 5, 2, 3, 1, 9, 3, 10, 8, 40, 130, 162, 0]"""
j20,2,reactive,60,False,inf,inf,inf,null,"[0, 3, 2, 6, 4, 8, 3, 4, 2, 4, 1, 3, 3, 5, 2, 3, 1, 9, 3, 10, 8, 40, 130, 162, 0]"
j20,2,stnu,60,True,29,0.7032160758972168,0.023101091384887695,"[0, 0, 0, 0, 2, 6, 6, 2, 9, 6, 15, 6, 9, 12, 15, 17, 12, 17, 26, 15, 20, 0, 0, 0, 29]","""[0, 3, 2, 6, 4, 8, 3, 4, 2, 9, 1, 3, 3, 5, 2, 3, 1, 9, 3, 10, 8, 40, 130, 162, 0]"""
j20,2,proactive_quantile_0.75,60,False,inf,0.10354757308959961,inf,"[0, 0, 0, 0, 2, 6, 6, 2, 9, 6, 12, 5, 8, 11, 12, 21, 10, 21, 30, 12, 25, 0, 0, 0, 161]","""[0, 1, 2, 7, 3, 6, 3, 2, 2, 3, 6, 3, 2, 2, 9, 5, 3, 10, 6, 1, 2, 40, 130, 162, 0]"""
j20,2,reactive,60,False,inf,inf,inf,null,"[0, 1, 2, 7, 3, 6, 3, 2, 2, 3, 6, 3, 2, 2, 9, 5, 3, 10, 6, 1, 2, 40, 130, 162, 0]"
j20,2,stnu,60,True,42,0.7754888534545898,0.02314162254333496,"[0, 0, 0, 0, 2, 7, 7, 2, 10, 7, 17, 5, 8, 12, 17, 26, 10, 26, 36, 17, 31, 0, 0, 0, 42]","""[0, 1, 2, 7, 3, 6, 3, 2, 2, 10, 6, 3, 2, 2, 9, 5, 3, 10, 6, 1, 2, 40, 130, 162, 0]"""
j20,2,proactive_quantile_0.75,60,False,inf,0.15846657752990723,inf,"[0, 0, 0, 0, 2, 6, 6, 2, 9, 6, 12, 5, 8, 11, 12, 21, 10, 21, 30, 12, 25, 0, 0, 0, 161]","""[0, 2, 2, 5, 4, 6, 1, 4, 2, 1, 3, 3, 3, 4, 6, 4, 1, 10, 4, 9, 2, 40, 130, 162, 0]"""
j20,2,reactive,60,False,inf,inf,inf,null,"[0, 2, 2, 5, 4, 6, 1, 4, 2, 1, 3, 3, 3, 4, 6, 4, 1, 10, 4, 9, 2, 40, 130, 162, 0]"
j20,2,stnu,60,True,35,0.67228102684021,0.023195981979370117,"[0, 0, 0, 0, 2, 6, 6, 2, 9, 6, 15, 6, 9, 12, 15, 21, 12, 21, 31, 15, 25, 0, 0, 0, 35]","""[0, 2, 2, 5, 4, 6, 1, 4, 2, 9, 3, 3, 3, 4, 6, 4, 1, 10, 4, 9, 2, 40, 130, 162, 0]"""
j20,2,proactive_quantile_0.75,60,False,inf,0.07433891296386719,inf,"[0, 0, 0, 0, 2, 6, 6, 2, 9, 6, 12, 5, 8, 11, 12, 21, 10, 21, 30, 12, 25, 0, 0, 0, 161]","""[0, 1, 2, 8, 3, 3, 1, 1, 1, 4, 1, 4, 1, 3, 8, 2, 3, 6, 3, 6, 9, 40, 130, 162, 0]"""
j20,2,reactive,60,False,inf,inf,inf,null,"[0, 1, 2, 8, 3, 3, 1, 1, 1, 4, 1, 4, 1, 3, 8, 2, 3, 6, 3, 6, 9, 40, 130, 162, 0]"
j20,2,stnu,60,True,48,0.6924488544464111,0.02342391014099121,"[0, 0, 0, 0, 8, 8, 11, 8, 12, 8, 13, 11, 18, 21, 13, 26, 26, 31, 40, 13, 31, 0, 0, 0, 48]","""[0, 1, 7, 8, 3, 3, 1, 5, 4, 3, 5, 4, 3, 3, 13, 5, 2, 6, 8, 5, 9, 40, 130, 162, 0]"""
j20,2,proactive_quantile_0.75,60,False,inf,0.07724905014038086,inf,"[0, 0, 0, 0, 2, 6, 6, 2, 9, 6, 12, 5, 8, 11, 12, 21, 10, 21, 30, 12, 25, 0, 0, 0, 161]","""[0, 2, 3, 7, 1, 5, 2, 3, 3, 4, 8, 4, 3, 6, 6, 3, 2, 1, 4, 11, 5, 40, 130, 162, 0]"""
j20,2,reactive,60,False,inf,inf,inf,null,"[0, 2, 3, 7, 1, 5, 2, 3, 3, 4, 8, 4, 3, 6, 6, 3, 2, 1, 4, 11, 5, 40, 130, 162, 0]"
j20,2,stnu,60,True,39,0.7052509784698486,0.023554563522338867,"[0, 0, 0, 0, 7, 7, 13, 7, 15, 7, 13, 13, 27, 29, 13, 27, 29, 35, 38, 15, 33, 0, 0, 0, 39]","""[0, 2, 7, 7, 3, 5, 2, 4, 3, 6, 6, 14, 2, 6, 11, 6, 1, 1, 1, 3, 5, 40, 130, 162, 0]"""
j20,2,proactive_quantile_0.75,60,False,inf,0.1452312469482422,inf,"[0, 0, 0, 0, 2, 6, 6, 2, 9, 6, 12, 5, 8, 11, 12, 21, 10, 21, 30, 12, 25, 0, 0, 0, 161]","""[0, 3, 3, 8, 2, 4, 1, 1, 2, 2, 10, 2, 3, 2, 11, 3, 2, 3, 6, 1, 10, 40, 130, 162, 0]"""
j20,2,reactive,60,False,inf,inf,inf,null,"[0, 3, 3, 8, 2, 4, 1, 1, 2, 2, 10, 2, 3, 2, 11, 3, 2, 3, 6, 1, 10, 40, 130, 162, 0]"
j20,2,stnu,60,True,36,0.6984336376190186,0.02311110496520996,"[0, 0, 0, 0, 3, 8, 8, 3, 9, 8, 12, 5, 7, 11, 12, 23, 10, 23, 26, 12, 26, 0, 0, 0, 36]","""[0, 3, 3, 8, 2, 4, 1, 1, 2, 2, 10, 2, 3, 2, 11, 3, 2, 3, 6, 1, 10, 40, 130, 162, 0]"""
j20,2,proactive_quantile_0.75,60,True,35,0.0961918830871582,0.0008020401000976562,"[0, 0, 0, 0, 2, 6, 6, 2, 9, 6, 12, 5, 8, 11, 12, 21, 10, 21, 30, 12, 25, 0, 0, 0, 161]","""[0, 2, 1, 5, 2, 5, 4, 3, 1, 4, 5, 2, 2, 2, 9, 5, 1, 6, 3, 6, 9, 40, 130, 162, 0]"""
j20,2,reactive,60,False,inf,inf,inf,null,"[0, 2, 1, 5, 2, 5, 4, 3, 1, 4, 5, 2, 2, 2, 9, 5, 1, 6, 3, 6, 9, 40, 130, 162, 0]"
j20,2,stnu,60,True,34,0.7020657062530518,0.023235082626342773,"[0, 0, 0, 0, 1, 5, 5, 1, 9, 5, 11, 4, 6, 10, 11, 20, 9, 20, 26, 11, 25, 0, 0, 0, 34]","""[0, 2, 1, 5, 2, 5, 4, 3, 1, 6, 5, 2, 2, 2, 9, 5, 1, 6, 3, 6, 9, 40, 130, 162, 0]"""
j20,2,proactive_quantile_0.75,60,False,inf,0.15480542182922363,inf,"[0, 0, 0, 0, 6, 6, 10, 10, 6, 16, 6, 13, 19, 29, 23, 38, 26, 32, 29, 45, 45, 0, 0, 0, 0, 0, 0, 0, 0, 141]","""[0, 7, 8, 2, 6, 3, 8, 2, 9, 7, 6, 13, 9, 10, 6, 4, 8, 1, 4, 5, 3, 97, 92, 42, 94, 132, 130, 33, 142, 0]"""
j20,2,reactive,60,False,inf,inf,inf,null,"[0, 7, 8, 2, 6, 3, 8, 2, 9, 7, 6, 13, 9, 10, 6, 4, 8, 1, 4, 5, 3, 97, 92, 42, 94, 132, 130, 33, 142, 0]"
j20,2,stnu,60,False,inf,0.7485289573669434,inf,[],"""[0, 3, 2, 1, 4, 3, 1, 2, 2, 7, 2, 13, 3, 10, 8, 14, 8, 3, 4, 5, 3, 97, 92, 42, 94, 132, 130, 33, 142, 0]"""
j20,2,proactive_quantile_0.75,60,False,inf,0.07568144798278809,inf,"[0, 0, 0, 0, 6, 6, 10, 10, 6, 16, 6, 13, 19, 29, 23, 38, 26, 32, 29, 45, 45, 0, 0, 0, 0, 0, 0, 0, 0, 141]","""[0, 3, 2, 7, 3, 2, 10, 4, 7, 3, 10, 5, 9, 6, 3, 1, 5, 10, 2, 5, 1, 97, 92, 42, 94, 132, 130, 33, 142, 0]"""
j20,2,reactive,60,False,inf,inf,inf,null,"[0, 3, 2, 7, 3, 2, 10, 4, 7, 3, 10, 5, 9, 6, 3, 1, 5, 10, 2, 5, 1, 97, 92, 42, 94, 132, 130, 33, 142, 0]"
j20,2,stnu,60,False,inf,0.7123239040374756,inf,[],"""[0, 3, 2, 7, 3, 2, 10, 5, 7, 4, 10, 5, 9, 6, 5, 1, 1, 10, 14, 5, 13, 97, 92, 42, 94, 132, 130, 33, 142, 0]"""
j20,2,proactive_quantile_0.75,60,False,inf,0.07881522178649902,inf,"[0, 0, 0, 0, 6, 6, 10, 10, 6, 16, 6, 13, 19, 29, 23, 38, 26, 32, 29, 45, 45, 0, 0, 0, 0, 0, 0, 0, 0, 141]","""[0, 4, 6, 8, 8, 6, 3, 2, 7, 9, 12, 7, 4, 4, 6, 10, 5, 7, 8, 6, 2, 97, 92, 42, 94, 132, 130, 33, 142, 0]"""
j20,2,reactive,60,False,inf,inf,inf,null,"[0, 4, 6, 8, 8, 6, 3, 2, 7, 9, 12, 7, 4, 4, 6, 10, 5, 7, 8, 6, 2, 97, 92, 42, 94, 132, 130, 33, 142, 0]"
j20,2,stnu,60,False,inf,0.6721105575561523,inf,[],"""[0, 4, 6, 8, 8, 6, 3, 2, 7, 5, 12, 7, 4, 4, 1, 10, 4, 7, 3, 6, 5, 97, 92, 42, 94, 132, 130, 33, 142, 0]"""
j20,2,proactive_quantile_0.75,60,True,54,0.06479668617248535,0.0015299320220947266,"[0, 0, 0, 0, 6, 6, 10, 10, 6, 16, 6, 13, 19, 29, 23, 38, 26, 32, 29, 45, 45, 0, 0, 0, 0, 0, 0, 0, 0, 141]","""[0, 1, 7, 1, 1, 6, 4, 3, 11, 3, 11, 3, 6, 8, 2, 1, 7, 2, 1, 7, 9, 97, 92, 42, 94, 132, 130, 33, 142, 0]"""
j20,2,reactive,60,False,inf,inf,inf,null,"[0, 1, 7, 1, 1, 6, 4, 3, 11, 3, 11, 3, 6, 8, 2, 1, 7, 2, 1, 7, 9, 97, 92, 42, 94, 132, 130, 33, 142, 0]"
j20,2,stnu,60,False,inf,0.7306976318359375,inf,[],"""[0, 1, 5, 6, 4, 6, 3, 3, 1, 3, 3, 3, 8, 8, 9, 10, 7, 2, 1, 7, 9, 97, 92, 42, 94, 132, 130, 33, 142, 0]"""
j20,2,proactive_quantile_0.75,60,False,inf,0.07988309860229492,inf,"[0, 0, 0, 0, 6, 6, 10, 10, 6, 16, 6, 13, 19, 29, 23, 38, 26, 32, 29, 45, 45, 0, 0, 0, 0, 0, 0, 0, 0, 141]","""[0, 8, 3, 4, 7, 6, 7, 1, 4, 3, 5, 8, 9, 9, 1, 6, 1, 7, 6, 8, 8, 97, 92, 42, 94, 132, 130, 33, 142, 0]"""
j20,2,reactive,60,False,inf,inf,inf,null,"[0, 8, 3, 4, 7, 6, 7, 1, 4, 3, 5, 8, 9, 9, 1, 6, 1, 7, 6, 8, 8, 97, 92, 42, 94, 132, 130, 33, 142, 0]"
j20,2,stnu,60,False,inf,0.6478185653686523,inf,[],"""[0, 8, 3, 4, 7, 6, 7, 4, 4, 5, 5, 8, 9, 9, 2, 6, 1, 7, 7, 8, 9, 97, 92, 42, 94, 132, 130, 33, 142, 0]"""
j20,2,proactive_quantile_0.75,60,False,inf,0.1431877613067627,inf,"[0, 0, 0, 0, 6, 6, 10, 10, 6, 16, 6, 13, 19, 29, 23, 38, 26, 32, 29, 45, 45, 0, 0, 0, 0, 0, 0, 0, 0, 141]","""[0, 8, 5, 8, 2, 1, 6, 4, 8, 1, 2, 7, 2, 5, 1, 4, 4, 7, 10, 1, 9, 97, 92, 42, 94, 132, 130, 33, 142, 0]"""
j20,2,reactive,60,False,inf,inf,inf,null,"[0, 8, 5, 8, 2, 1, 6, 4, 8, 1, 2, 7, 2, 5, 1, 4, 4, 7, 10, 1, 9, 97, 92, 42, 94, 132, 130, 33, 142, 0]"
j20,2,stnu,60,False,inf,0.6267976760864258,inf,[],"""[0, 8, 5, 8, 2, 1, 6, 3, 8, 3, 2, 7, 2, 5, 8, 4, 4, 7, 8, 1, 12, 97, 92, 42, 94, 132, 130, 33, 142, 0]"""
j20,2,proactive_quantile_0.75,60,False,inf,0.05914425849914551,inf,"[0, 0, 0, 0, 6, 6, 10, 10, 6, 16, 6, 13, 19, 29, 23, 38, 26, 32, 29, 45, 45, 0, 0, 0, 0, 0, 0, 0, 0, 141]","""[0, 9, 2, 3, 6, 3, 1, 1, 2, 8, 6, 5, 9, 12, 5, 10, 9, 8, 10, 8, 3, 97, 92, 42, 94, 132, 130, 33, 142, 0]"""
j20,2,reactive,60,False,inf,inf,inf,null,"[0, 9, 2, 3, 6, 3, 1, 1, 2, 8, 6, 5, 9, 12, 5, 10, 9, 8, 10, 8, 3, 97, 92, 42, 94, 132, 130, 33, 142, 0]"
j20,2,stnu,60,False,inf,0.7373692989349365,inf,[],"""[0, 9, 2, 3, 6, 3, 1, 7, 2, 2, 6, 5, 9, 12, 2, 10, 3, 8, 14, 8, 7, 97, 92, 42, 94, 132, 130, 33, 142, 0]"""
j20,2,proactive_quantile_0.75,60,False,inf,0.07188105583190918,inf,"[0, 0, 0, 0, 6, 6, 10, 10, 6, 16, 6, 13, 19, 29, 23, 38, 26, 32, 29, 45, 45, 0, 0, 0, 0, 0, 0, 0, 0, 141]","""[0, 5, 10, 3, 10, 2, 7, 2, 8, 1, 6, 12, 5, 9, 6, 10, 8, 9, 10, 11, 9, 97, 92, 42, 94, 132, 130, 33, 142, 0]"""
j20,2,reactive,60,False,inf,inf,inf,null,"[0, 5, 10, 3, 10, 2, 7, 2, 8, 1, 6, 12, 5, 9, 6, 10, 8, 9, 10, 11, 9, 97, 92, 42, 94, 132, 130, 33, 142, 0]"
j20,2,stnu,60,False,inf,0.6414358615875244,inf,[],"""[0, 5, 10, 3, 10, 2, 7, 1, 8, 5, 6, 12, 5, 9, 5, 10, 4, 9, 4, 11, 9, 97, 92, 42, 94, 132, 130, 33, 142, 0]"""
j20,2,proactive_quantile_0.75,60,False,inf,0.15816640853881836,inf,"[0, 0, 0, 0, 6, 6, 10, 10, 6, 16, 6, 13, 19, 29, 23, 38, 26, 32, 29, 45, 45, 0, 0, 0, 0, 0, 0, 0, 0, 141]","""[0, 2, 8, 1, 2, 4, 5, 3, 5, 1, 4, 2, 7, 10, 4, 9, 1, 5, 7, 9, 8, 97, 92, 42, 94, 132, 130, 33, 142, 0]"""
j20,2,reactive,60,False,inf,inf,inf,null,"[0, 2, 8, 1, 2, 4, 5, 3, 5, 1, 4, 2, 7, 10, 4, 9, 1, 5, 7, 9, 8, 97, 92, 42, 94, 132, 130, 33, 142, 0]"
j20,2,stnu,60,False,inf,0.7339231967926025,inf,[],"""[0, 4, 8, 2, 1, 4, 1, 3, 1, 1, 4, 2, 7, 10, 5, 4, 1, 1, 7, 9, 9, 97, 92, 42, 94, 132, 130, 33, 142, 0]"""
j20,2,proactive_quantile_0.75,60,False,inf,0.09349775314331055,inf,"[0, 0, 0, 0, 6, 6, 10, 10, 6, 16, 6, 13, 19, 29, 23, 38, 26, 32, 29, 45, 45, 0, 0, 0, 0, 0, 0, 0, 0, 141]","""[0, 5, 7, 8, 11, 4, 5, 1, 8, 5, 6, 11, 2, 10, 7, 6, 7, 4, 4, 2, 10, 97, 92, 42, 94, 132, 130, 33, 142, 0]"""
j20,2,reactive,60,False,inf,inf,inf,null,"[0, 5, 7, 8, 11, 4, 5, 1, 8, 5, 6, 11, 2, 10, 7, 6, 7, 4, 4, 2, 10, 97, 92, 42, 94, 132, 130, 33, 142, 0]"
j20,2,stnu,60,False,inf,0.66813063621521,inf,[],"""[0, 5, 7, 8, 11, 4, 5, 1, 8, 4, 6, 11, 2, 10, 4, 6, 2, 4, 15, 2, 4, 97, 92, 42, 94, 132, 130, 33, 142, 0]"""
j20,2,proactive_quantile_0.75,60,False,inf,0.1617298126220703,inf,"[0, 0, 0, 0, 3, 15, 3, 3, 13, 5, 23, 6, 7, 11, 9, 17, 9, 15, 27, 14, 24, 0, 0, 0, 0, 67]","""[0, 4, 2, 4, 1, 3, 3, 2, 9, 3, 4, 4, 2, 2, 1, 1, 6, 4, 12, 11, 1, 48, 68, 34, 68, 0]"""
j20,2,reactive,60,False,inf,inf,inf,null,"[0, 4, 2, 4, 1, 3, 3, 2, 9, 3, 4, 4, 2, 2, 1, 1, 6, 4, 12, 11, 1, 48, 68, 34, 68, 0]"
j20,2,stnu,60,True,41,0.752570390701294,0.026091337203979492,"[0, 0, 0, 0, 4, 5, 4, 4, 14, 8, 23, 7, 11, 12, 11, 17, 11, 17, 29, 14, 23, 0, 0, 0, 0, 41]","""[0, 4, 2, 4, 1, 3, 3, 2, 9, 3, 6, 4, 2, 2, 1, 3, 6, 4, 12, 2, 1, 48, 68, 34, 68, 0]"""
j20,2,proactive_quantile_0.75,60,False,inf,0.08976173400878906,inf,"[0, 0, 0, 0, 3, 15, 3, 3, 13, 5, 23, 6, 7, 11, 9, 17, 9, 15, 27, 14, 24, 0, 0, 0, 0, 67]","""[0, 3, 2, 4, 2, 1, 2, 5, 7, 2, 2, 2, 1, 3, 2, 2, 1, 6, 7, 6, 2, 48, 68, 34, 68, 0]"""
j20,2,reactive,60,False,inf,inf,inf,null,"[0, 3, 2, 4, 2, 1, 2, 5, 7, 2, 2, 2, 1, 3, 2, 2, 1, 6, 7, 6, 2, 48, 68, 34, 68, 0]"
j20,2,stnu,60,True,39,0.7934095859527588,0.02448725700378418,"[0, 0, 0, 0, 5, 20, 10, 5, 10, 5, 17, 16, 18, 16, 18, 20, 12, 20, 26, 20, 25, 0, 0, 0, 0, 39]","""[0, 5, 2, 5, 3, 5, 6, 5, 7, 7, 1, 2, 1, 1, 2, 2, 1, 6, 7, 6, 14, 48, 68, 34, 68, 0]"""
j20,2,proactive_quantile_0.75,60,False,inf,0.1486804485321045,inf,"[0, 0, 0, 0, 3, 15, 3, 3, 13, 5, 23, 6, 7, 11, 9, 17, 9, 15, 27, 14, 24, 0, 0, 0, 0, 67]","""[0, 2, 3, 2, 3, 3, 3, 9, 13, 3, 3, 3, 2, 3, 1, 9, 7, 3, 10, 6, 2, 48, 68, 34, 68, 0]"""
j20,2,reactive,60,False,inf,inf,inf,null,"[0, 2, 3, 2, 3, 3, 3, 9, 13, 3, 3, 3, 2, 3, 1, 9, 7, 3, 10, 6, 2, 48, 68, 34, 68, 0]"
j20,2,stnu,60,True,46,0.7089707851409912,0.024439096450805664,"[0, 0, 0, 0, 8, 31, 15, 6, 15, 8, 22, 23, 24, 23, 29, 31, 16, 31, 36, 31, 36, 0, 0, 0, 0, 46]","""[0, 6, 8, 6, 4, 3, 4, 9, 7, 8, 7, 1, 2, 1, 2, 5, 7, 3, 10, 6, 9, 48, 68, 34, 68, 0]"""
j20,2,proactive_quantile_0.75,60,False,inf,0.15774154663085938,inf,"[0, 0, 0, 0, 3, 15, 3, 3, 13, 5, 23, 6, 7, 11, 9, 17, 9, 15, 27, 14, 24, 0, 0, 0, 0, 67]","""[0, 2, 3, 4, 2, 3, 4, 9, 5, 1, 4, 2, 2, 3, 1, 1, 6, 5, 10, 8, 3, 48, 68, 34, 68, 0]"""
j20,2,reactive,60,False,inf,inf,inf,null,"[0, 2, 3, 4, 2, 3, 4, 9, 5, 1, 4, 2, 2, 3, 1, 1, 6, 5, 10, 8, 3, 48, 68, 34, 68, 0]"
j20,2,stnu,60,True,44,0.7614479064941406,0.02608323097229004,"[0, 0, 0, 0, 4, 6, 3, 4, 17, 9, 25, 7, 10, 14, 13, 20, 13, 19, 34, 17, 25, 0, 0, 0, 0, 44]","""[0, 2, 3, 4, 2, 3, 4, 9, 5, 1, 9, 2, 2, 3, 1, 5, 6, 5, 10, 3, 3, 48, 68, 34, 68, 0]"""
j20,2,proactive_quantile_0.75,60,False,inf,0.15969204902648926,inf,"[0, 0, 0, 0, 3, 15, 3, 3, 13, 5, 23, 6, 7, 11, 9, 17, 9, 15, 27, 14, 24, 0, 0, 0, 0, 67]","""[0, 4, 3, 3, 1, 3, 2, 5, 12, 3, 3, 4, 6, 2, 3, 3, 7, 3, 12, 9, 2, 48, 68, 34, 68, 0]"""
j20,2,reactive,60,False,inf,inf,inf,null,"[0, 4, 3, 3, 1, 3, 2, 5, 12, 3, 3, 4, 6, 2, 3, 3, 7, 3, 12, 9, 2, 48, 68, 34, 68, 0]"
j20,2,stnu,60,True,43,0.7061889171600342,0.02618098258972168,"[0, 0, 0, 0, 4, 5, 4, 3, 17, 8, 29, 6, 11, 14, 11, 21, 11, 18, 31, 17, 29, 0, 0, 0, 0, 43]","""[0, 4, 3, 3, 1, 3, 2, 5, 12, 3, 2, 4, 6, 2, 3, 3, 7, 3, 12, 4, 2, 48, 68, 34, 68, 0]"""
j20,2,proactive_quantile_0.75,60,False,inf,0.07873082160949707,inf,"[0, 0, 0, 0, 3, 15, 3, 3, 13, 5, 23, 6, 7, 11, 9, 17, 9, 15, 27, 14, 24, 0, 0, 0, 0, 67]","""[0, 3, 1, 4, 2, 3, 1, 7, 6, 1, 6, 1, 8, 2, 2, 4, 3, 1, 4, 11, 1, 48, 68, 34, 68, 0]"""
j20,2,reactive,60,False,inf,inf,inf,null,"[0, 3, 1, 4, 2, 3, 1, 7, 6, 1, 6, 1, 8, 2, 2, 4, 3, 1, 4, 11, 1, 48, 68, 34, 68, 0]"
j20,2,stnu,60,True,41,0.7143762111663818,0.02626347541809082,"[0, 0, 0, 0, 4, 6, 3, 4, 18, 9, 28, 4, 10, 13, 11, 22, 11, 18, 37, 18, 28, 0, 0, 0, 0, 41]","""[0, 3, 1, 4, 2, 3, 1, 7, 6, 1, 9, 1, 8, 2, 2, 6, 3, 1, 4, 4, 1, 48, 68, 34, 68, 0]"""
j20,2,proactive_quantile_0.75,60,False,inf,0.1597301959991455,inf,"[0, 0, 0, 0, 3, 15, 3, 3, 13, 5, 23, 6, 7, 11, 9, 17, 9, 15, 27, 14, 24, 0, 0, 0, 0, 67]","""[0, 3, 3, 1, 1, 1, 1, 9, 10, 1, 4, 2, 3, 4, 2, 8, 2, 5, 13, 6, 2, 48, 68, 34, 68, 0]"""
j20,2,reactive,60,False,inf,inf,inf,null,"[0, 3, 3, 1, 1, 1, 1, 9, 10, 1, 4, 2, 3, 4, 2, 8, 2, 5, 13, 6, 2, 48, 68, 34, 68, 0]"
j20,2,stnu,60,True,44,0.7824785709381104,0.026093482971191406,"[0, 0, 0, 0, 3, 4, 3, 3, 18, 5, 28, 4, 6, 14, 12, 21, 12, 18, 31, 18, 28, 0, 0, 0, 0, 44]","""[0, 3, 3, 1, 1, 1, 1, 9, 10, 1, 3, 2, 3, 4, 2, 2, 2, 5, 13, 3, 2, 48, 68, 34, 68, 0]"""
j20,2,proactive_quantile_0.75,60,False,inf,0.07239985466003418,inf,"[0, 0, 0, 0, 6, 18, 10, 4, 10, 6, 19, 20, 24, 25, 26, 30, 12, 34, 38, 34, 36, 0, 0, 0, 0, 67]","""[0, 11, 8, 5, 4, 6, 2, 8, 3, 1, 9, 3, 7, 5, 4, 6, 6, 1, 13, 8, 7, 48, 68, 34, 68, 0]"""
j20,2,reactive,60,False,inf,inf,inf,null,"[0, 11, 8, 5, 4, 6, 2, 8, 3, 1, 9, 3, 7, 5, 4, 6, 6, 1, 13, 8, 7, 48, 68, 34, 68, 0]"
j20,2,stnu,60,True,47,0.7894847393035889,0.026158571243286133,"[0, 0, 0, 0, 4, 5, 4, 3, 16, 7, 23, 5, 9, 12, 11, 17, 11, 17, 32, 16, 23, 0, 0, 0, 0, 47]","""[0, 4, 3, 1, 1, 2, 1, 8, 4, 2, 9, 4, 7, 2, 1, 6, 6, 1, 15, 1, 4, 48, 68, 34, 68, 0]"""
j20,2,proactive_quantile_0.75,60,False,inf,0.15247488021850586,inf,"[0, 0, 0, 0, 3, 15, 3, 3, 13, 5, 23, 6, 7, 11, 9, 17, 9, 15, 27, 14, 24, 0, 0, 0, 0, 67]","""[0, 2, 3, 4, 1, 3, 2, 9, 8, 3, 1, 4, 4, 3, 1, 1, 8, 6, 3, 10, 2, 48, 68, 34, 68, 0]"""
j20,2,reactive,60,False,inf,inf,inf,null,"[0, 2, 3, 4, 1, 3, 2, 9, 8, 3, 1, 4, 4, 3, 1, 1, 8, 6, 3, 10, 2, 48, 68, 34, 68, 0]"
j20,2,stnu,60,True,45,0.6957170963287354,0.024708032608032227,"[0, 0, 0, 0, 4, 31, 12, 3, 12, 4, 22, 20, 25, 20, 26, 31, 12, 31, 38, 31, 38, 0, 0, 0, 0, 45]","""[0, 9, 4, 3, 2, 2, 8, 9, 10, 3, 4, 5, 4, 11, 4, 7, 8, 6, 3, 10, 7, 48, 68, 34, 68, 0]"""
j20,2,proactive_quantile_0.75,60,False,inf,0.1583874225616455,inf,"[0, 0, 0, 0, 3, 15, 3, 3, 13, 5, 23, 6, 7, 11, 9, 17, 9, 15, 27, 14, 24, 0, 0, 0, 0, 67]","""[0, 3, 3, 3, 2, 2, 3, 8, 4, 3, 2, 3, 7, 2, 1, 7, 2, 1, 8, 2, 4, 48, 68, 34, 68, 0]"""
j20,2,reactive,60,False,inf,inf,inf,null,"[0, 3, 3, 3, 2, 2, 3, 8, 4, 3, 2, 3, 7, 2, 1, 7, 2, 1, 8, 2, 4, 48, 68, 34, 68, 0]"
j20,2,stnu,60,True,36,0.7372612953186035,0.026327848434448242,"[0, 0, 0, 0, 3, 5, 3, 3, 17, 7, 23, 6, 10, 12, 11, 20, 11, 17, 28, 17, 23, 0, 0, 0, 0, 36]","""[0, 3, 3, 3, 2, 2, 3, 8, 4, 3, 5, 3, 7, 2, 1, 3, 2, 1, 8, 3, 4, 48, 68, 34, 68, 0]"""
