instance_folder,noise_factor,method,time_limit,feasibility,obj,time_offline,time_online,start_times,real_durations
j10,1,proactive_quantile_0.9,600,True,31,0.1022191047668457,0.0007293224334716797,"[0, 0, 0, 0, 8, 15, 9, 23, 28, 15, 8, 0, 0, 0, 0, 0, 0, 0, 68]","""[0, 6, 5, 9, 7, 4, 2, 3, 3, 1, 7, 46, 15, 23, 34, 69, 49, 65, 0]"""
j10,1,reactive,600,False,inf,inf,inf,null,"[0, 6, 5, 9, 7, 4, 2, 3, 3, 1, 7, 46, 15, 23, 34, 69, 49, 65, 0]"
j10,1,stnu,600,False,inf,0.19449210166931152,inf,[],"""[0, 6, 5, 9, 7, 4, 2, 3, 3, 1, 7, 46, 15, 23, 34, 69, 49, 65, 0]"""
j10,1,proactive_quantile_0.9,600,True,31,0.0552973747253418,0.0007221698760986328,"[0, 0, 0, 0, 8, 15, 9, 23, 28, 15, 8, 0, 0, 0, 0, 0, 0, 0, 68]","""[0, 6, 9, 8, 8, 6, 1, 4, 2, 2, 6, 46, 15, 23, 34, 69, 49, 65, 0]"""
j10,1,reactive,600,False,inf,inf,inf,null,"[0, 6, 9, 8, 8, 6, 1, 4, 2, 2, 6, 46, 15, 23, 34, 69, 49, 65, 0]"
j10,1,stnu,600,False,inf,0.22262215614318848,inf,[],"""[0, 6, 9, 8, 8, 6, 1, 4, 2, 2, 6, 46, 15, 23, 34, 69, 49, 65, 0]"""
j10,1,proactive_quantile_0.9,600,True,31,0.053720712661743164,0.0007319450378417969,"[0, 0, 0, 0, 8, 15, 9, 23, 28, 15, 8, 0, 0, 0, 0, 0, 0, 0, 68]","""[0, 5, 9, 8, 7, 8, 2, 6, 1, 1, 7, 46, 15, 23, 34, 69, 49, 65, 0]"""
j10,1,reactive,600,False,inf,inf,inf,null,"[0, 5, 9, 8, 7, 8, 2, 6, 1, 1, 7, 46, 15, 23, 34, 69, 49, 65, 0]"
j10,1,stnu,600,False,inf,0.1575019359588623,inf,[],"""[0, 5, 9, 8, 7, 8, 2, 6, 1, 1, 7, 46, 15, 23, 34, 69, 49, 65, 0]"""
j10,1,proactive_quantile_0.9,600,True,31,0.05526423454284668,0.0007236003875732422,"[0, 0, 0, 0, 8, 15, 9, 23, 28, 15, 8, 0, 0, 0, 0, 0, 0, 0, 68]","""[0, 2, 10, 4, 6, 7, 1, 4, 4, 2, 5, 46, 15, 23, 34, 69, 49, 65, 0]"""
j10,1,reactive,600,False,inf,inf,inf,null,"[0, 2, 10, 4, 6, 7, 1, 4, 4, 2, 5, 46, 15, 23, 34, 69, 49, 65, 0]"
j10,1,stnu,600,False,inf,0.15350651741027832,inf,[],"""[0, 2, 10, 4, 6, 7, 1, 4, 4, 2, 5, 46, 15, 23, 34, 69, 49, 65, 0]"""
j10,1,proactive_quantile_0.9,600,True,31,0.051323890686035156,0.0007197856903076172,"[0, 0, 0, 0, 8, 15, 9, 23, 28, 15, 8, 0, 0, 0, 0, 0, 0, 0, 68]","""[0, 6, 6, 7, 4, 9, 1, 4, 1, 1, 3, 46, 15, 23, 34, 69, 49, 65, 0]"""
j10,1,reactive,600,False,inf,inf,inf,null,"[0, 6, 6, 7, 4, 9, 1, 4, 1, 1, 3, 46, 15, 23, 34, 69, 49, 65, 0]"
j10,1,stnu,600,False,inf,0.15802884101867676,inf,[],"""[0, 6, 6, 7, 4, 9, 1, 4, 1, 1, 3, 46, 15, 23, 34, 69, 49, 65, 0]"""
j10,1,proactive_quantile_0.9,600,True,31,0.05974459648132324,0.0007345676422119141,"[0, 0, 0, 0, 8, 15, 9, 23, 28, 15, 8, 0, 0, 0, 0, 0, 0, 0, 68]","""[0, 6, 5, 7, 8, 7, 2, 2, 4, 1, 8, 46, 15, 23, 34, 69, 49, 65, 0]"""
j10,1,reactive,600,False,inf,inf,inf,null,"[0, 6, 5, 7, 8, 7, 2, 2, 4, 1, 8, 46, 15, 23, 34, 69, 49, 65, 0]"
j10,1,stnu,600,False,inf,0.15944910049438477,inf,[],"""[0, 6, 5, 7, 8, 7, 2, 2, 4, 1, 8, 46, 15, 23, 34, 69, 49, 65, 0]"""
j10,1,proactive_quantile_0.9,600,True,31,0.05823183059692383,0.0007219314575195312,"[0, 0, 0, 0, 8, 15, 9, 23, 28, 15, 8, 0, 0, 0, 0, 0, 0, 0, 68]","""[0, 6, 9, 8, 3, 4, 1, 5, 3, 1, 5, 46, 15, 23, 34, 69, 49, 65, 0]"""
j10,1,reactive,600,True,31,0.05823183059692383,0.09819388389587402,"[0, 0, 0, 0, 8, 15, 9, 23, 28, 15, 8, 0, 0, 0, 0, 0, 0, 0, 31]","[0, 6, 9, 8, 3, 4, 1, 5, 3, 1, 5, 46, 15, 23, 34, 69, 49, 65, 0]"
j10,1,stnu,600,False,inf,0.18271160125732422,inf,[],"""[0, 6, 9, 8, 3, 4, 1, 5, 3, 1, 5, 46, 15, 23, 34, 69, 49, 65, 0]"""
j10,1,proactive_quantile_0.9,600,True,31,0.055402517318725586,0.0007028579711914062,"[0, 0, 0, 0, 8, 15, 9, 23, 28, 15, 8, 0, 0, 0, 0, 0, 0, 0, 68]","""[0, 3, 7, 7, 7, 4, 2, 2, 2, 3, 4, 46, 15, 23, 34, 69, 49, 65, 0]"""
j10,1,reactive,600,True,30,0.055402517318725586,0.136488676071167,"[0, 0, 0, 0, 8, 15, 9, 23, 28, 15, 8, 0, 0, 0, 0, 0, 0, 0, 30]","[0, 3, 7, 7, 7, 4, 2, 2, 2, 3, 4, 46, 15, 23, 34, 69, 49, 65, 0]"
j10,1,stnu,600,False,inf,0.15465283393859863,inf,[],"""[0, 3, 7, 7, 7, 4, 2, 2, 2, 3, 4, 46, 15, 23, 34, 69, 49, 65, 0]"""
j10,1,proactive_quantile_0.9,600,True,31,0.05532646179199219,0.0007333755493164062,"[0, 0, 0, 0, 8, 15, 9, 23, 28, 15, 8, 0, 0, 0, 0, 0, 0, 0, 68]","""[0, 3, 9, 5, 4, 9, 2, 4, 3, 1, 8, 46, 15, 23, 34, 69, 49, 65, 0]"""
j10,1,reactive,600,False,inf,inf,inf,null,"[0, 3, 9, 5, 4, 9, 2, 4, 3, 1, 8, 46, 15, 23, 34, 69, 49, 65, 0]"
j10,1,stnu,600,False,inf,0.15404081344604492,inf,[],"""[0, 3, 9, 5, 4, 9, 2, 4, 3, 1, 8, 46, 15, 23, 34, 69, 49, 65, 0]"""
j10,1,proactive_quantile_0.9,600,True,31,0.05859827995300293,0.0007462501525878906,"[0, 0, 0, 0, 8, 15, 9, 23, 28, 15, 8, 0, 0, 0, 0, 0, 0, 0, 68]","""[0, 6, 10, 7, 7, 5, 2, 6, 3, 3, 5, 46, 15, 23, 34, 69, 49, 65, 0]"""
j10,1,reactive,600,False,inf,inf,inf,null,"[0, 6, 10, 7, 7, 5, 2, 6, 3, 3, 5, 46, 15, 23, 34, 69, 49, 65, 0]"
j10,1,stnu,600,False,inf,0.15820765495300293,inf,[],"""[0, 6, 10, 7, 7, 5, 2, 6, 3, 3, 5, 46, 15, 23, 34, 69, 49, 65, 0]"""
j10,1,proactive_quantile_0.9,600,False,inf,0.0576930046081543,inf,"[0, 0, 5, 0, 11, 17, 11, 22, 19, 30, 30, 0, 41]","""[0, 8, 6, 3, 5, 5, 6, 9, 6, 5, 7, 42, 0]"""
j10,1,reactive,600,False,inf,inf,inf,null,"[0, 8, 6, 3, 5, 5, 6, 9, 6, 5, 7, 42, 0]"
j10,1,stnu,600,False,inf,0.20266318321228027,inf,[],"""[0, 8, 6, 3, 5, 5, 6, 9, 6, 5, 7, 42, 0]"""
j10,1,proactive_quantile_0.9,600,False,inf,0.056500911712646484,inf,"[0, 0, 5, 0, 11, 17, 11, 22, 19, 30, 30, 0, 41]","""[0, 12, 5, 3, 4, 5, 6, 6, 12, 3, 6, 42, 0]"""
j10,1,reactive,600,False,inf,inf,inf,null,"[0, 12, 5, 3, 4, 5, 6, 6, 12, 3, 6, 42, 0]"
j10,1,stnu,600,False,inf,0.18471264839172363,inf,[],"""[0, 12, 5, 3, 4, 5, 6, 6, 12, 3, 6, 42, 0]"""
j10,1,proactive_quantile_0.9,600,False,inf,0.06281542778015137,inf,"[0, 0, 5, 0, 11, 17, 11, 22, 19, 30, 30, 0, 41]","""[0, 9, 9, 2, 3, 6, 5, 4, 8, 3, 12, 42, 0]"""
j10,1,reactive,600,False,inf,inf,inf,null,"[0, 9, 9, 2, 3, 6, 5, 4, 8, 3, 12, 42, 0]"
j10,1,stnu,600,False,inf,0.15773630142211914,inf,[],"""[0, 9, 9, 2, 3, 6, 5, 4, 8, 3, 12, 42, 0]"""
j10,1,proactive_quantile_0.9,600,False,inf,0.056735992431640625,inf,"[0, 0, 5, 0, 11, 17, 11, 22, 19, 30, 30, 0, 41]","""[0, 12, 9, 5, 2, 3, 7, 4, 11, 6, 9, 42, 0]"""
j10,1,reactive,600,False,inf,inf,inf,null,"[0, 12, 9, 5, 2, 3, 7, 4, 11, 6, 9, 42, 0]"
j10,1,stnu,600,False,inf,0.1554722785949707,inf,[],"""[0, 12, 9, 5, 2, 3, 7, 4, 11, 6, 9, 42, 0]"""
j10,1,proactive_quantile_0.9,600,False,inf,0.057913780212402344,inf,"[0, 0, 5, 0, 11, 17, 11, 22, 19, 30, 30, 0, 41]","""[0, 7, 10, 5, 2, 4, 9, 5, 8, 3, 12, 42, 0]"""
j10,1,reactive,600,False,inf,inf,inf,null,"[0, 7, 10, 5, 2, 4, 9, 5, 8, 3, 12, 42, 0]"
j10,1,stnu,600,False,inf,0.15740537643432617,inf,[],"""[0, 7, 10, 5, 2, 4, 9, 5, 8, 3, 12, 42, 0]"""
j10,1,proactive_quantile_0.9,600,False,inf,0.05680131912231445,inf,"[0, 0, 5, 0, 11, 17, 11, 22, 19, 30, 30, 0, 41]","""[0, 10, 6, 2, 4, 6, 4, 9, 7, 3, 7, 42, 0]"""
j10,1,reactive,600,False,inf,inf,inf,null,"[0, 10, 6, 2, 4, 6, 4, 9, 7, 3, 7, 42, 0]"
j10,1,stnu,600,False,inf,0.151702880859375,inf,[],"""[0, 10, 6, 2, 4, 6, 4, 9, 7, 3, 7, 42, 0]"""
j10,1,proactive_quantile_0.9,600,True,41,0.05903911590576172,0.00027060508728027344,"[0, 0, 5, 0, 11, 17, 11, 22, 19, 30, 30, 0, 41]","""[0, 9, 7, 2, 2, 2, 6, 6, 10, 3, 6, 42, 0]"""
j10,1,reactive,600,True,36,0.05903911590576172,0.18548989295959473,"[0, 0, 5, 0, 11, 17, 11, 22, 19, 30, 30, 0, 36]","[0, 9, 7, 2, 2, 2, 6, 6, 10, 3, 6, 42, 0]"
j10,1,stnu,600,False,inf,0.15332341194152832,inf,[],"""[0, 9, 7, 2, 2, 2, 6, 6, 10, 3, 6, 42, 0]"""
j10,1,proactive_quantile_0.9,600,False,inf,0.05613303184509277,inf,"[0, 0, 5, 0, 11, 17, 11, 22, 19, 30, 30, 0, 41]","""[0, 8, 7, 4, 3, 6, 8, 6, 12, 6, 10, 42, 0]"""
j10,1,reactive,600,False,inf,inf,inf,null,"[0, 8, 7, 4, 3, 6, 8, 6, 12, 6, 10, 42, 0]"
j10,1,stnu,600,False,inf,0.15187692642211914,inf,[],"""[0, 8, 7, 4, 3, 6, 8, 6, 12, 6, 10, 42, 0]"""
j10,1,proactive_quantile_0.9,600,False,inf,0.05686593055725098,inf,"[0, 0, 5, 0, 11, 17, 11, 22, 19, 30, 30, 0, 41]","""[0, 12, 9, 5, 7, 3, 9, 6, 9, 3, 10, 42, 0]"""
j10,1,reactive,600,False,inf,inf,inf,null,"[0, 12, 9, 5, 7, 3, 9, 6, 9, 3, 10, 42, 0]"
j10,1,stnu,600,False,inf,0.1693570613861084,inf,[],"""[0, 12, 9, 5, 7, 3, 9, 6, 9, 3, 10, 42, 0]"""
j10,1,proactive_quantile_0.9,600,False,inf,0.062075138092041016,inf,"[0, 0, 5, 0, 11, 17, 11, 22, 19, 30, 30, 0, 41]","""[0, 10, 6, 5, 3, 3, 9, 9, 7, 5, 11, 42, 0]"""
j10,1,reactive,600,False,inf,inf,inf,null,"[0, 10, 6, 5, 3, 3, 9, 9, 7, 5, 11, 42, 0]"
j10,1,stnu,600,False,inf,0.153489351272583,inf,[],"""[0, 10, 6, 5, 3, 3, 9, 9, 7, 5, 11, 42, 0]"""
j10,1,proactive_quantile_0.9,600,False,inf,0.07066965103149414,inf,"[0, 0, 0, 2, 1, 2, 5, 5, 11, 5, 5, 0, 0, 0, 0, 0, 0, 0, 0, 0, 69]","""[0, 2, 2, 1, 2, 2, 7, 2, 9, 3, 5, 70, 66, 45, 53, 15, 50, 37, 70, 33, 0]"""
j10,1,reactive,600,False,inf,inf,inf,null,"[0, 2, 2, 1, 2, 2, 7, 2, 9, 3, 5, 70, 66, 45, 53, 15, 50, 37, 70, 33, 0]"
j10,1,stnu,600,False,inf,0.2551717758178711,inf,[],"""[0, 2, 2, 1, 2, 2, 7, 2, 9, 3, 5, 70, 66, 45, 53, 15, 50, 37, 70, 33, 0]"""
j10,1,proactive_quantile_0.9,600,True,22,0.06991100311279297,0.0009210109710693359,"[0, 0, 0, 2, 1, 2, 5, 5, 11, 5, 5, 0, 0, 0, 0, 0, 0, 0, 0, 0, 69]","""[0, 1, 2, 1, 1, 3, 3, 3, 7, 2, 2, 70, 66, 45, 53, 15, 50, 37, 70, 33, 0]"""
j10,1,reactive,600,False,inf,inf,inf,null,"[0, 1, 2, 1, 1, 3, 3, 3, 7, 2, 2, 70, 66, 45, 53, 15, 50, 37, 70, 33, 0]"
j10,1,stnu,600,False,inf,0.1676323413848877,inf,[],"""[0, 1, 2, 1, 1, 3, 3, 3, 7, 2, 2, 70, 66, 45, 53, 15, 50, 37, 70, 33, 0]"""
j10,1,proactive_quantile_0.9,600,False,inf,0.07427406311035156,inf,"[0, 0, 0, 2, 1, 2, 5, 5, 11, 5, 5, 0, 0, 0, 0, 0, 0, 0, 0, 0, 69]","""[0, 1, 1, 2, 1, 4, 4, 2, 6, 3, 3, 70, 66, 45, 53, 15, 50, 37, 70, 33, 0]"""
j10,1,reactive,600,False,inf,inf,inf,null,"[0, 1, 1, 2, 1, 4, 4, 2, 6, 3, 3, 70, 66, 45, 53, 15, 50, 37, 70, 33, 0]"
j10,1,stnu,600,False,inf,0.17099475860595703,inf,[],"""[0, 1, 1, 2, 1, 4, 4, 2, 6, 3, 3, 70, 66, 45, 53, 15, 50, 37, 70, 33, 0]"""
j10,1,proactive_quantile_0.9,600,True,22,0.06922388076782227,0.0009686946868896484,"[0, 0, 0, 2, 1, 2, 5, 5, 11, 5, 5, 0, 0, 0, 0, 0, 0, 0, 0, 0, 69]","""[0, 1, 1, 2, 1, 1, 7, 3, 6, 7, 3, 70, 66, 45, 53, 15, 50, 37, 70, 33, 0]"""
j10,1,reactive,600,False,inf,inf,inf,null,"[0, 1, 1, 2, 1, 1, 7, 3, 6, 7, 3, 70, 66, 45, 53, 15, 50, 37, 70, 33, 0]"
j10,1,stnu,600,False,inf,0.203352689743042,inf,[],"""[0, 1, 1, 2, 1, 1, 7, 3, 6, 7, 3, 70, 66, 45, 53, 15, 50, 37, 70, 33, 0]"""
j10,1,proactive_quantile_0.9,600,False,inf,0.07022857666015625,inf,"[0, 0, 0, 2, 1, 2, 5, 5, 11, 5, 5, 0, 0, 0, 0, 0, 0, 0, 0, 0, 69]","""[0, 2, 1, 2, 1, 1, 3, 2, 12, 5, 5, 70, 66, 45, 53, 15, 50, 37, 70, 33, 0]"""
j10,1,reactive,600,False,inf,inf,inf,null,"[0, 2, 1, 2, 1, 1, 3, 2, 12, 5, 5, 70, 66, 45, 53, 15, 50, 37, 70, 33, 0]"
j10,1,stnu,600,False,inf,0.17382121086120605,inf,[],"""[0, 2, 1, 2, 1, 1, 3, 2, 12, 5, 5, 70, 66, 45, 53, 15, 50, 37, 70, 33, 0]"""
j10,1,proactive_quantile_0.9,600,False,inf,0.06960749626159668,inf,"[0, 0, 0, 2, 1, 2, 5, 5, 11, 5, 5, 0, 0, 0, 0, 0, 0, 0, 0, 0, 69]","""[0, 1, 2, 1, 2, 2, 4, 3, 8, 4, 6, 70, 66, 45, 53, 15, 50, 37, 70, 33, 0]"""
j10,1,reactive,600,False,inf,inf,inf,null,"[0, 1, 2, 1, 2, 2, 4, 3, 8, 4, 6, 70, 66, 45, 53, 15, 50, 37, 70, 33, 0]"
j10,1,stnu,600,False,inf,0.2264571189880371,inf,[],"""[0, 1, 2, 1, 2, 2, 4, 3, 8, 4, 6, 70, 66, 45, 53, 15, 50, 37, 70, 33, 0]"""
j10,1,proactive_quantile_0.9,600,True,22,0.07030534744262695,0.0009632110595703125,"[0, 0, 0, 2, 1, 2, 5, 5, 11, 5, 5, 0, 0, 0, 0, 0, 0, 0, 0, 0, 69]","""[0, 1, 2, 2, 1, 3, 6, 2, 11, 3, 5, 70, 66, 45, 53, 15, 50, 37, 70, 33, 0]"""
j10,1,reactive,600,False,inf,inf,inf,null,"[0, 1, 2, 2, 1, 3, 6, 2, 11, 3, 5, 70, 66, 45, 53, 15, 50, 37, 70, 33, 0]"
j10,1,stnu,600,False,inf,0.1788790225982666,inf,[],"""[0, 1, 2, 2, 1, 3, 6, 2, 11, 3, 5, 70, 66, 45, 53, 15, 50, 37, 70, 33, 0]"""
j10,1,proactive_quantile_0.9,600,False,inf,0.07220101356506348,inf,"[0, 0, 0, 2, 1, 2, 5, 5, 11, 5, 5, 0, 0, 0, 0, 0, 0, 0, 0, 0, 69]","""[0, 2, 1, 1, 2, 4, 6, 3, 10, 7, 4, 70, 66, 45, 53, 15, 50, 37, 70, 33, 0]"""
j10,1,reactive,600,False,inf,inf,inf,null,"[0, 2, 1, 1, 2, 4, 6, 3, 10, 7, 4, 70, 66, 45, 53, 15, 50, 37, 70, 33, 0]"
j10,1,stnu,600,False,inf,0.20491814613342285,inf,[],"""[0, 2, 1, 1, 2, 4, 6, 3, 10, 7, 4, 70, 66, 45, 53, 15, 50, 37, 70, 33, 0]"""
j10,1,proactive_quantile_0.9,600,False,inf,0.07402896881103516,inf,"[0, 0, 0, 2, 1, 2, 5, 5, 11, 5, 5, 0, 0, 0, 0, 0, 0, 0, 0, 0, 69]","""[0, 2, 1, 1, 2, 1, 7, 1, 6, 5, 2, 70, 66, 45, 53, 15, 50, 37, 70, 33, 0]"""
j10,1,reactive,600,False,inf,inf,inf,null,"[0, 2, 1, 1, 2, 1, 7, 1, 6, 5, 2, 70, 66, 45, 53, 15, 50, 37, 70, 33, 0]"
j10,1,stnu,600,False,inf,0.17142891883850098,inf,[],"""[0, 2, 1, 1, 2, 1, 7, 1, 6, 5, 2, 70, 66, 45, 53, 15, 50, 37, 70, 33, 0]"""
j10,1,proactive_quantile_0.9,600,False,inf,0.06918525695800781,inf,"[0, 0, 0, 2, 1, 2, 5, 5, 11, 5, 5, 0, 0, 0, 0, 0, 0, 0, 0, 0, 69]","""[0, 2, 1, 1, 2, 3, 6, 3, 6, 4, 6, 70, 66, 45, 53, 15, 50, 37, 70, 33, 0]"""
j10,1,reactive,600,False,inf,inf,inf,null,"[0, 2, 1, 1, 2, 3, 6, 3, 6, 4, 6, 70, 66, 45, 53, 15, 50, 37, 70, 33, 0]"
j10,1,stnu,600,False,inf,0.1674966812133789,inf,[],"""[0, 2, 1, 1, 2, 3, 6, 3, 6, 4, 6, 70, 66, 45, 53, 15, 50, 37, 70, 33, 0]"""
j10,1,proactive_quantile_0.9,600,True,35,0.06047701835632324,0.0011603832244873047,"[0, 0, 0, 0, 2, 2, 2, 13, 12, 24, 2, 0, 0, 0, 0, 0, 0, 0, 0, 0, 0, 83]","""[0, 7, 1, 2, 9, 4, 7, 11, 9, 6, 8, 68, 20, 84, 26, 19, 22, 72, 76, 56, 83, 0]"""
j10,1,reactive,600,True,30,0.06047701835632324,0.15619945526123047,"[0, 0, 0, 0, 2, 2, 2, 13, 12, 24, 2, 0, 0, 0, 0, 0, 0, 0, 0, 0, 0, 30]","[0, 7, 1, 2, 9, 4, 7, 11, 9, 6, 8, 68, 20, 84, 26, 19, 22, 72, 76, 56, 83, 0]"
j10,1,stnu,600,False,inf,0.19079017639160156,inf,[],"""[0, 7, 1, 10, 9, 4, 7, 11, 9, 6, 8, 68, 20, 84, 26, 19, 22, 72, 76, 56, 83, 0]"""
j10,1,proactive_quantile_0.9,600,True,35,0.057646751403808594,0.0011212825775146484,"[0, 0, 0, 0, 2, 2, 2, 13, 12, 24, 2, 0, 0, 0, 0, 0, 0, 0, 0, 0, 0, 83]","""[0, 8, 1, 1, 6, 4, 10, 7, 6, 10, 8, 68, 20, 84, 26, 19, 22, 72, 76, 56, 83, 0]"""
j10,1,reactive,600,True,34,0.057646751403808594,0.1885662078857422,"[0, 0, 0, 0, 2, 2, 2, 13, 12, 24, 2, 0, 0, 0, 0, 0, 0, 0, 0, 0, 0, 34]","[0, 8, 1, 1, 6, 4, 10, 7, 6, 10, 8, 68, 20, 84, 26, 19, 22, 72, 76, 56, 83, 0]"
j10,1,stnu,600,False,inf,0.17478466033935547,inf,[],"""[0, 8, 1, 12, 6, 4, 10, 7, 6, 10, 8, 68, 20, 84, 26, 19, 22, 72, 76, 56, 83, 0]"""
j10,1,proactive_quantile_0.9,600,False,inf,0.05636096000671387,inf,"[0, 0, 0, 0, 2, 2, 2, 13, 12, 24, 2, 0, 0, 0, 0, 0, 0, 0, 0, 0, 0, 83]","""[0, 13, 2, 3, 7, 7, 6, 6, 5, 7, 7, 68, 20, 84, 26, 19, 22, 72, 76, 56, 83, 0]"""
j10,1,reactive,600,False,inf,inf,inf,null,"[0, 13, 2, 3, 7, 7, 6, 6, 5, 7, 7, 68, 20, 84, 26, 19, 22, 72, 76, 56, 83, 0]"
j10,1,stnu,600,False,inf,0.16257619857788086,inf,[],"""[0, 13, 2, 6, 7, 7, 6, 6, 5, 7, 7, 68, 20, 84, 26, 19, 22, 72, 76, 56, 83, 0]"""
j10,1,proactive_quantile_0.9,600,True,35,0.052452802658081055,0.001163482666015625,"[0, 0, 0, 0, 2, 2, 2, 13, 12, 24, 2, 0, 0, 0, 0, 0, 0, 0, 0, 0, 0, 83]","""[0, 8, 2, 2, 6, 8, 12, 12, 5, 8, 9, 68, 20, 84, 26, 19, 22, 72, 76, 56, 83, 0]"""
j10,1,reactive,600,False,inf,inf,inf,null,"[0, 8, 2, 2, 6, 8, 12, 12, 5, 8, 9, 68, 20, 84, 26, 19, 22, 72, 76, 56, 83, 0]"
j10,1,stnu,600,False,inf,0.22836971282958984,inf,[],"""[0, 8, 2, 8, 6, 8, 12, 12, 5, 8, 9, 68, 20, 84, 26, 19, 22, 72, 76, 56, 83, 0]"""
j10,1,proactive_quantile_0.9,600,False,inf,0.06161928176879883,inf,"[0, 0, 0, 0, 2, 2, 2, 13, 12, 24, 2, 0, 0, 0, 0, 0, 0, 0, 0, 0, 0, 83]","""[0, 10, 3, 3, 10, 6, 6, 6, 9, 7, 10, 68, 20, 84, 26, 19, 22, 72, 76, 56, 83, 0]"""
j10,1,reactive,600,False,inf,inf,inf,null,"[0, 10, 3, 3, 10, 6, 6, 6, 9, 7, 10, 68, 20, 84, 26, 19, 22, 72, 76, 56, 83, 0]"
j10,1,stnu,600,False,inf,0.15430450439453125,inf,[],"""[0, 10, 3, 9, 10, 6, 6, 6, 9, 7, 10, 68, 20, 84, 26, 19, 22, 72, 76, 56, 83, 0]"""
j10,1,proactive_quantile_0.9,600,True,35,0.055811405181884766,0.0011644363403320312,"[0, 0, 0, 0, 2, 2, 2, 13, 12, 24, 2, 0, 0, 0, 0, 0, 0, 0, 0, 0, 0, 83]","""[0, 11, 1, 1, 9, 8, 8, 12, 4, 7, 10, 68, 20, 84, 26, 19, 22, 72, 76, 56, 83, 0]"""
j10,1,reactive,600,False,inf,inf,inf,null,"[0, 11, 1, 1, 9, 8, 8, 12, 4, 7, 10, 68, 20, 84, 26, 19, 22, 72, 76, 56, 83, 0]"
j10,1,stnu,600,False,inf,0.15584158897399902,inf,[],"""[0, 11, 1, 7, 9, 8, 8, 12, 4, 7, 10, 68, 20, 84, 26, 19, 22, 72, 76, 56, 83, 0]"""
j10,1,proactive_quantile_0.9,600,False,inf,0.05917811393737793,inf,"[0, 0, 0, 0, 2, 2, 2, 13, 12, 24, 2, 0, 0, 0, 0, 0, 0, 0, 0, 0, 0, 83]","""[0, 11, 3, 1, 6, 7, 10, 10, 7, 12, 9, 68, 20, 84, 26, 19, 22, 72, 76, 56, 83, 0]"""
j10,1,reactive,600,False,inf,inf,inf,null,"[0, 11, 3, 1, 6, 7, 10, 10, 7, 12, 9, 68, 20, 84, 26, 19, 22, 72, 76, 56, 83, 0]"
j10,1,stnu,600,False,inf,0.15612506866455078,inf,[],"""[0, 11, 3, 11, 6, 7, 10, 10, 7, 12, 9, 68, 20, 84, 26, 19, 22, 72, 76, 56, 83, 0]"""
j10,1,proactive_quantile_0.9,600,True,35,0.05627274513244629,0.0011489391326904297,"[0, 0, 0, 0, 2, 2, 2, 13, 12, 24, 2, 0, 0, 0, 0, 0, 0, 0, 0, 0, 0, 83]","""[0, 13, 1, 2, 9, 7, 7, 11, 7, 11, 6, 68, 20, 84, 26, 19, 22, 72, 76, 56, 83, 0]"""
j10,1,reactive,600,False,inf,inf,inf,null,"[0, 13, 1, 2, 9, 7, 7, 11, 7, 11, 6, 68, 20, 84, 26, 19, 22, 72, 76, 56, 83, 0]"
j10,1,stnu,600,False,inf,0.1738886833190918,inf,[],"""[0, 13, 1, 11, 9, 7, 7, 11, 7, 11, 6, 68, 20, 84, 26, 19, 22, 72, 76, 56, 83, 0]"""
j10,1,proactive_quantile_0.9,600,True,35,0.05727553367614746,0.0011372566223144531,"[0, 0, 0, 0, 2, 2, 2, 13, 12, 24, 2, 0, 0, 0, 0, 0, 0, 0, 0, 0, 0, 83]","""[0, 9, 2, 1, 6, 9, 11, 6, 5, 12, 7, 68, 20, 84, 26, 19, 22, 72, 76, 56, 83, 0]"""
j10,1,reactive,600,True,36,0.05727553367614746,0.16467857360839844,"[0, 0, 0, 0, 2, 2, 2, 13, 12, 24, 2, 0, 0, 0, 0, 0, 0, 0, 0, 0, 0, 36]","[0, 9, 2, 1, 6, 9, 11, 6, 5, 12, 7, 68, 20, 84, 26, 19, 22, 72, 76, 56, 83, 0]"
j10,1,stnu,600,False,inf,0.1583399772644043,inf,[],"""[0, 9, 2, 8, 6, 9, 11, 6, 5, 12, 7, 68, 20, 84, 26, 19, 22, 72, 76, 56, 83, 0]"""
j10,1,proactive_quantile_0.9,600,True,35,0.05939340591430664,0.0011532306671142578,"[0, 0, 0, 0, 2, 2, 2, 13, 12, 24, 2, 0, 0, 0, 0, 0, 0, 0, 0, 0, 0, 83]","""[0, 7, 2, 2, 8, 9, 6, 6, 4, 8, 9, 68, 20, 84, 26, 19, 22, 72, 76, 56, 83, 0]"""
j10,1,reactive,600,True,32,0.05939340591430664,0.13437867164611816,"[0, 0, 0, 0, 2, 2, 2, 13, 12, 24, 2, 0, 0, 0, 0, 0, 0, 0, 0, 0, 0, 32]","[0, 7, 2, 2, 8, 9, 6, 6, 4, 8, 9, 68, 20, 84, 26, 19, 22, 72, 76, 56, 83, 0]"
j10,1,stnu,600,False,inf,0.1653575897216797,inf,[],"""[0, 7, 2, 12, 8, 9, 6, 6, 4, 8, 9, 68, 20, 84, 26, 19, 22, 72, 76, 56, 83, 0]"""
j10,1,proactive_quantile_0.9,600,True,29,0.059828996658325195,0.0006322860717773438,"[0, 0, 0, 2, 15, 9, 9, 11, 21, 17, 16, 0, 0, 0, 0, 0, 0, 0, 66]","""[0, 1, 10, 6, 2, 4, 4, 6, 6, 5, 1, 3, 15, 36, 67, 39, 26, 59, 0]"""
j10,1,reactive,600,True,27,0.059828996658325195,0.20667099952697754,"[0, 0, 0, 2, 15, 9, 9, 11, 21, 17, 16, 0, 0, 0, 0, 0, 0, 0, 27]","[0, 1, 10, 6, 2, 4, 4, 6, 6, 5, 1, 3, 15, 36, 67, 39, 26, 59, 0]"
j10,1,stnu,600,False,inf,0.18745875358581543,inf,[],"""[0, 1, 10, 6, 2, 4, 4, 6, 6, 5, 1, 3, 15, 36, 67, 39, 26, 59, 0]"""
j10,1,proactive_quantile_0.9,600,True,29,0.06032514572143555,0.0006263256072998047,"[0, 0, 0, 2, 15, 9, 9, 11, 21, 17, 16, 0, 0, 0, 0, 0, 0, 0, 66]","""[0, 2, 11, 5, 3, 4, 2, 3, 4, 8, 3, 3, 15, 36, 67, 39, 26, 59, 0]"""
j10,1,reactive,600,True,25,0.06032514572143555,0.2001187801361084,"[0, 0, 0, 2, 15, 9, 9, 11, 21, 17, 16, 0, 0, 0, 0, 0, 0, 0, 25]","[0, 2, 11, 5, 3, 4, 2, 3, 4, 8, 3, 3, 15, 36, 67, 39, 26, 59, 0]"
j10,1,stnu,600,False,inf,0.15188241004943848,inf,[],"""[0, 2, 11, 5, 3, 4, 2, 3, 4, 8, 3, 3, 15, 36, 67, 39, 26, 59, 0]"""
j10,1,proactive_quantile_0.9,600,False,inf,0.06461739540100098,inf,"[0, 0, 0, 2, 15, 9, 9, 11, 21, 17, 16, 0, 0, 0, 0, 0, 0, 0, 66]","""[0, 3, 11, 3, 2, 6, 4, 7, 8, 7, 1, 3, 15, 36, 67, 39, 26, 59, 0]"""
j10,1,reactive,600,False,inf,inf,inf,null,"[0, 3, 11, 3, 2, 6, 4, 7, 8, 7, 1, 3, 15, 36, 67, 39, 26, 59, 0]"
j10,1,stnu,600,False,inf,0.2013411521911621,inf,[],"""[0, 3, 11, 3, 2, 6, 4, 7, 8, 7, 1, 3, 15, 36, 67, 39, 26, 59, 0]"""
j10,1,proactive_quantile_0.9,600,True,29,0.06151103973388672,0.0006284713745117188,"[0, 0, 0, 2, 15, 9, 9, 11, 21, 17, 16, 0, 0, 0, 0, 0, 0, 0, 66]","""[0, 2, 10, 5, 6, 5, 5, 2, 7, 7, 2, 3, 15, 36, 67, 39, 26, 59, 0]"""
j10,1,reactive,600,True,28,0.06151103973388672,0.17137813568115234,"[0, 0, 0, 2, 15, 9, 9, 11, 21, 17, 16, 0, 0, 0, 0, 0, 0, 0, 28]","[0, 2, 10, 5, 6, 5, 5, 2, 7, 7, 2, 3, 15, 36, 67, 39, 26, 59, 0]"
j10,1,stnu,600,False,inf,0.155867338180542,inf,[],"""[0, 2, 10, 5, 6, 5, 5, 2, 7, 7, 2, 3, 15, 36, 67, 39, 26, 59, 0]"""
j10,1,proactive_quantile_0.9,600,False,inf,0.06352949142456055,inf,"[0, 0, 0, 2, 15, 9, 9, 11, 21, 17, 16, 0, 0, 0, 0, 0, 0, 0, 66]","""[0, 1, 10, 8, 2, 7, 4, 3, 9, 4, 3, 3, 15, 36, 67, 39, 26, 59, 0]"""
j10,1,reactive,600,False,inf,inf,inf,null,"[0, 1, 10, 8, 2, 7, 4, 3, 9, 4, 3, 3, 15, 36, 67, 39, 26, 59, 0]"
j10,1,stnu,600,False,inf,0.20492959022521973,inf,[],"""[0, 1, 10, 8, 2, 7, 4, 3, 9, 4, 3, 3, 15, 36, 67, 39, 26, 59, 0]"""
j10,1,proactive_quantile_0.9,600,False,inf,0.0635688304901123,inf,"[0, 0, 0, 2, 15, 9, 9, 11, 21, 17, 16, 0, 0, 0, 0, 0, 0, 0, 66]","""[0, 3, 8, 3, 7, 4, 6, 6, 4, 5, 3, 3, 15, 36, 67, 39, 26, 59, 0]"""
j10,1,reactive,600,False,inf,inf,inf,null,"[0, 3, 8, 3, 7, 4, 6, 6, 4, 5, 3, 3, 15, 36, 67, 39, 26, 59, 0]"
j10,1,stnu,600,False,inf,0.23178839683532715,inf,[],"""[0, 3, 8, 3, 7, 4, 6, 6, 4, 5, 3, 3, 15, 36, 67, 39, 26, 59, 0]"""
j10,1,proactive_quantile_0.9,600,False,inf,0.060820579528808594,inf,"[0, 0, 0, 2, 15, 9, 9, 11, 21, 17, 16, 0, 0, 0, 0, 0, 0, 0, 66]","""[0, 1, 10, 8, 7, 8, 3, 2, 7, 6, 1, 3, 15, 36, 67, 39, 26, 59, 0]"""
j10,1,reactive,600,False,inf,inf,inf,null,"[0, 1, 10, 8, 7, 8, 3, 2, 7, 6, 1, 3, 15, 36, 67, 39, 26, 59, 0]"
j10,1,stnu,600,False,inf,0.1574864387512207,inf,[],"""[0, 1, 10, 8, 7, 8, 3, 2, 7, 6, 1, 3, 15, 36, 67, 39, 26, 59, 0]"""
j10,1,proactive_quantile_0.9,600,True,29,0.06505560874938965,0.0006439685821533203,"[0, 0, 0, 2, 15, 9, 9, 11, 21, 17, 16, 0, 0, 0, 0, 0, 0, 0, 66]","""[0, 1, 9, 7, 2, 3, 5, 7, 4, 6, 3, 3, 15, 36, 67, 39, 26, 59, 0]"""
j10,1,reactive,600,False,inf,inf,inf,null,"[0, 1, 9, 7, 2, 3, 5, 7, 4, 6, 3, 3, 15, 36, 67, 39, 26, 59, 0]"
j10,1,stnu,600,False,inf,0.15523838996887207,inf,[],"""[0, 1, 9, 7, 2, 3, 5, 7, 4, 6, 3, 3, 15, 36, 67, 39, 26, 59, 0]"""
j10,1,proactive_quantile_0.9,600,False,inf,0.06143355369567871,inf,"[0, 0, 0, 2, 15, 9, 9, 11, 21, 17, 16, 0, 0, 0, 0, 0, 0, 0, 66]","""[0, 3, 6, 7, 4, 5, 4, 4, 6, 3, 1, 3, 15, 36, 67, 39, 26, 59, 0]"""
j10,1,reactive,600,False,inf,inf,inf,null,"[0, 3, 6, 7, 4, 5, 4, 4, 6, 3, 1, 3, 15, 36, 67, 39, 26, 59, 0]"
j10,1,stnu,600,False,inf,0.15330171585083008,inf,[],"""[0, 3, 6, 7, 4, 5, 4, 4, 6, 3, 1, 3, 15, 36, 67, 39, 26, 59, 0]"""
j10,1,proactive_quantile_0.9,600,True,29,0.062383413314819336,0.0006346702575683594,"[0, 0, 0, 2, 15, 9, 9, 11, 21, 17, 16, 0, 0, 0, 0, 0, 0, 0, 66]","""[0, 1, 11, 4, 3, 5, 6, 2, 4, 6, 2, 3, 15, 36, 67, 39, 26, 59, 0]"""
j10,1,reactive,600,True,25,0.062383413314819336,0.20522093772888184,"[0, 0, 0, 2, 15, 9, 9, 11, 21, 17, 16, 0, 0, 0, 0, 0, 0, 0, 25]","[0, 1, 11, 4, 3, 5, 6, 2, 4, 6, 2, 3, 15, 36, 67, 39, 26, 59, 0]"
j10,1,stnu,600,False,inf,0.16203570365905762,inf,[],"""[0, 1, 11, 4, 3, 5, 6, 2, 4, 6, 2, 3, 15, 36, 67, 39, 26, 59, 0]"""
j10,1,proactive_quantile_0.9,600,False,inf,0.052469730377197266,inf,"[0, 0, 0, 8, 8, 23, 14, 11, 32, 32, 23, 0, 0, 0, 46]","""[0, 1, 8, 7, 4, 9, 6, 1, 10, 8, 6, 38, 15, 47, 0]"""
j10,1,reactive,600,False,inf,inf,inf,null,"[0, 1, 8, 7, 4, 9, 6, 1, 10, 8, 6, 38, 15, 47, 0]"
j10,1,stnu,600,False,inf,0.15914654731750488,inf,[],"""[0, 1, 8, 7, 4, 9, 6, 1, 10, 8, 6, 38, 15, 47, 0]"""
j10,1,proactive_quantile_0.9,600,False,inf,0.0573267936706543,inf,"[0, 0, 0, 8, 8, 23, 14, 11, 32, 32, 23, 0, 0, 0, 46]","""[0, 2, 7, 9, 1, 8, 8, 4, 6, 7, 4, 38, 15, 47, 0]"""
j10,1,reactive,600,False,inf,inf,inf,null,"[0, 2, 7, 9, 1, 8, 8, 4, 6, 7, 4, 38, 15, 47, 0]"
j10,1,stnu,600,False,inf,0.14856910705566406,inf,[],"""[0, 2, 7, 9, 1, 8, 8, 4, 6, 7, 4, 38, 15, 47, 0]"""
j10,1,proactive_quantile_0.9,600,False,inf,0.052129507064819336,inf,"[0, 0, 0, 8, 8, 23, 14, 11, 32, 32, 23, 0, 0, 0, 46]","""[0, 2, 5, 8, 3, 5, 10, 2, 7, 8, 8, 38, 15, 47, 0]"""
j10,1,reactive,600,False,inf,inf,inf,null,"[0, 2, 5, 8, 3, 5, 10, 2, 7, 8, 8, 38, 15, 47, 0]"
j10,1,stnu,600,False,inf,0.15624690055847168,inf,[],"""[0, 2, 5, 8, 3, 5, 10, 2, 7, 8, 8, 38, 15, 47, 0]"""
j10,1,proactive_quantile_0.9,600,True,41,0.05297422409057617,0.0003757476806640625,"[0, 0, 0, 8, 8, 23, 14, 11, 32, 32, 23, 0, 0, 0, 46]","""[0, 3, 8, 5, 2, 9, 6, 2, 9, 8, 4, 38, 15, 47, 0]"""
j10,1,reactive,600,True,41,0.05297422409057617,0.1517655849456787,"[0, 0, 0, 8, 8, 23, 14, 11, 32, 32, 23, 0, 0, 0, 41]","[0, 3, 8, 5, 2, 9, 6, 2, 9, 8, 4, 38, 15, 47, 0]"
j10,1,stnu,600,False,inf,0.1549084186553955,inf,[],"""[0, 3, 8, 5, 2, 9, 6, 2, 9, 8, 4, 38, 15, 47, 0]"""
j10,1,proactive_quantile_0.9,600,True,41,0.052393436431884766,0.0003783702850341797,"[0, 0, 0, 8, 8, 23, 14, 11, 32, 32, 23, 0, 0, 0, 46]","""[0, 1, 8, 8, 2, 5, 5, 1, 7, 8, 6, 38, 15, 47, 0]"""
j10,1,reactive,600,True,40,0.052393436431884766,0.16942834854125977,"[0, 0, 0, 8, 8, 23, 14, 11, 32, 32, 23, 0, 0, 0, 40]","[0, 1, 8, 8, 2, 5, 5, 1, 7, 8, 6, 38, 15, 47, 0]"
j10,1,stnu,600,False,inf,0.1459958553314209,inf,[],"""[0, 1, 8, 8, 2, 5, 5, 1, 7, 8, 6, 38, 15, 47, 0]"""
j10,1,proactive_quantile_0.9,600,False,inf,0.05189180374145508,inf,"[0, 0, 0, 8, 8, 23, 14, 11, 32, 32, 23, 0, 0, 0, 46]","""[0, 3, 9, 7, 2, 7, 9, 1, 7, 4, 6, 38, 15, 47, 0]"""
j10,1,reactive,600,False,inf,inf,inf,null,"[0, 3, 9, 7, 2, 7, 9, 1, 7, 4, 6, 38, 15, 47, 0]"
j10,1,stnu,600,False,inf,0.1503903865814209,inf,[],"""[0, 3, 9, 7, 2, 7, 9, 1, 7, 4, 6, 38, 15, 47, 0]"""
j10,1,proactive_quantile_0.9,600,False,inf,0.05421900749206543,inf,"[0, 0, 0, 8, 8, 23, 14, 11, 32, 32, 23, 0, 0, 0, 46]","""[0, 2, 8, 5, 3, 7, 9, 4, 5, 5, 7, 38, 15, 47, 0]"""
j10,1,reactive,600,False,inf,inf,inf,null,"[0, 2, 8, 5, 3, 7, 9, 4, 5, 5, 7, 38, 15, 47, 0]"
j10,1,stnu,600,False,inf,0.1543121337890625,inf,[],"""[0, 2, 8, 5, 3, 7, 9, 4, 5, 5, 7, 38, 15, 47, 0]"""
j10,1,proactive_quantile_0.9,600,False,inf,0.05385398864746094,inf,"[0, 0, 0, 8, 8, 23, 14, 11, 32, 32, 23, 0, 0, 0, 46]","""[0, 2, 6, 9, 4, 5, 6, 1, 9, 7, 4, 38, 15, 47, 0]"""
j10,1,reactive,600,False,inf,inf,inf,null,"[0, 2, 6, 9, 4, 5, 6, 1, 9, 7, 4, 38, 15, 47, 0]"
j10,1,stnu,600,False,inf,0.15085411071777344,inf,[],"""[0, 2, 6, 9, 4, 5, 6, 1, 9, 7, 4, 38, 15, 47, 0]"""
j10,1,proactive_quantile_0.9,600,False,inf,0.052562713623046875,inf,"[0, 0, 0, 8, 8, 23, 14, 11, 32, 32, 23, 0, 0, 0, 46]","""[0, 1, 5, 6, 2, 10, 8, 4, 5, 5, 9, 38, 15, 47, 0]"""
j10,1,reactive,600,False,inf,inf,inf,null,"[0, 1, 5, 6, 2, 10, 8, 4, 5, 5, 9, 38, 15, 47, 0]"
j10,1,stnu,600,False,inf,0.15182805061340332,inf,[],"""[0, 1, 5, 6, 2, 10, 8, 4, 5, 5, 9, 38, 15, 47, 0]"""
j10,1,proactive_quantile_0.9,600,False,inf,0.05306506156921387,inf,"[0, 0, 0, 8, 8, 23, 14, 11, 32, 32, 23, 0, 0, 0, 46]","""[0, 3, 9, 10, 4, 10, 10, 1, 5, 6, 6, 38, 15, 47, 0]"""
j10,1,reactive,600,False,inf,inf,inf,null,"[0, 3, 9, 10, 4, 10, 10, 1, 5, 6, 6, 38, 15, 47, 0]"
j10,1,stnu,600,False,inf,0.1475837230682373,inf,[],"""[0, 3, 9, 10, 4, 10, 10, 1, 5, 6, 6, 38, 15, 47, 0]"""
j10,1,proactive_quantile_0.9,600,True,33,0.06057572364807129,0.000274658203125,"[0, 0, 0, 0, 3, 9, 12, 19, 9, 12, 26, 0, 60]","""[0, 2, 3, 4, 2, 3, 3, 7, 3, 3, 5, 61, 0]"""
j10,1,reactive,600,True,31,0.06057572364807129,0.1183786392211914,"[0, 0, 0, 0, 3, 9, 12, 19, 9, 12, 26, 0, 31]","[0, 2, 3, 4, 2, 3, 3, 7, 3, 3, 5, 61, 0]"
j10,1,stnu,600,False,inf,0.1951742172241211,inf,[],"""[0, 2, 3, 4, 2, 3, 3, 7, 3, 3, 5, 61, 0]"""
j10,1,proactive_quantile_0.9,600,False,inf,0.05753803253173828,inf,"[0, 0, 0, 0, 3, 9, 12, 19, 9, 12, 26, 0, 60]","""[0, 1, 1, 3, 5, 4, 8, 4, 4, 6, 4, 61, 0]"""
j10,1,reactive,600,False,inf,inf,inf,null,"[0, 1, 1, 3, 5, 4, 8, 4, 4, 6, 4, 61, 0]"
j10,1,stnu,600,False,inf,0.16022419929504395,inf,[],"""[0, 1, 1, 3, 5, 4, 8, 4, 4, 6, 4, 61, 0]"""
j10,1,proactive_quantile_0.9,600,True,33,0.056524038314819336,0.0002892017364501953,"[0, 0, 0, 0, 3, 9, 12, 19, 9, 12, 26, 0, 60]","""[0, 1, 3, 8, 6, 4, 5, 4, 2, 4, 7, 61, 0]"""
j10,1,reactive,600,False,inf,inf,inf,null,"[0, 1, 3, 8, 6, 4, 5, 4, 2, 4, 7, 61, 0]"
j10,1,stnu,600,False,inf,0.14975905418395996,inf,[],"""[0, 1, 3, 8, 6, 4, 5, 4, 2, 4, 7, 61, 0]"""
j10,1,proactive_quantile_0.9,600,True,33,0.11368918418884277,0.00029778480529785156,"[0, 0, 0, 0, 3, 9, 12, 19, 9, 12, 26, 0, 60]","""[0, 1, 3, 5, 7, 4, 6, 5, 2, 6, 6, 61, 0]"""
j10,1,reactive,600,False,inf,inf,inf,null,"[0, 1, 3, 5, 7, 4, 6, 5, 2, 6, 6, 61, 0]"
j10,1,stnu,600,False,inf,0.15501904487609863,inf,[],"""[0, 1, 3, 5, 7, 4, 6, 5, 2, 6, 6, 61, 0]"""
j10,1,proactive_quantile_0.9,600,True,33,0.05569291114807129,0.0002720355987548828,"[0, 0, 0, 0, 3, 9, 12, 19, 9, 12, 26, 0, 60]","""[0, 2, 2, 5, 4, 1, 5, 3, 3, 3, 7, 61, 0]"""
j10,1,reactive,600,True,29,0.05569291114807129,0.11179780960083008,"[0, 0, 0, 0, 3, 9, 12, 19, 9, 12, 22, 0, 29]","[0, 2, 2, 5, 4, 1, 5, 3, 3, 3, 7, 61, 0]"
j10,1,stnu,600,False,inf,0.17073440551757812,inf,[],"""[0, 2, 2, 5, 4, 1, 5, 3, 3, 3, 7, 61, 0]"""
j10,1,proactive_quantile_0.9,600,True,33,0.0574188232421875,0.00029730796813964844,"[0, 0, 0, 0, 3, 9, 12, 19, 9, 12, 26, 0, 60]","""[0, 2, 2, 5, 6, 2, 6, 7, 5, 5, 4, 61, 0]"""
j10,1,reactive,600,True,30,0.0574188232421875,0.07832050323486328,"[0, 0, 0, 0, 3, 9, 12, 19, 9, 12, 26, 0, 30]","[0, 2, 2, 5, 6, 2, 6, 7, 5, 5, 4, 61, 0]"
j10,1,stnu,600,False,inf,0.15650606155395508,inf,[],"""[0, 2, 2, 5, 6, 2, 6, 7, 5, 5, 4, 61, 0]"""
j10,1,proactive_quantile_0.9,600,True,33,0.05659770965576172,0.0002548694610595703,"[0, 0, 0, 0, 3, 9, 12, 19, 9, 12, 26, 0, 60]","""[0, 2, 2, 7, 2, 2, 7, 4, 2, 6, 3, 61, 0]"""
j10,1,reactive,600,True,26,0.05659770965576172,0.09783935546875,"[0, 0, 0, 0, 3, 9, 12, 19, 9, 12, 23, 0, 26]","[0, 2, 2, 7, 2, 2, 7, 4, 2, 6, 3, 61, 0]"
j10,1,stnu,600,False,inf,0.15137362480163574,inf,[],"""[0, 2, 2, 7, 2, 2, 7, 4, 2, 6, 3, 61, 0]"""
j10,1,proactive_quantile_0.9,600,False,inf,0.05621790885925293,inf,"[0, 0, 0, 0, 3, 9, 12, 19, 9, 12, 26, 0, 60]","""[0, 3, 1, 6, 6, 4, 4, 4, 6, 4, 7, 61, 0]"""
j10,1,reactive,600,False,inf,inf,inf,null,"[0, 3, 1, 6, 6, 4, 4, 4, 6, 4, 7, 61, 0]"
j10,1,stnu,600,False,inf,0.15088319778442383,inf,[],"""[0, 3, 1, 6, 6, 4, 4, 4, 6, 4, 7, 61, 0]"""
j10,1,proactive_quantile_0.9,600,True,33,0.05795598030090332,0.0002849102020263672,"[0, 0, 0, 0, 3, 9, 12, 19, 9, 12, 26, 0, 60]","""[0, 4, 3, 3, 2, 1, 4, 6, 2, 7, 5, 61, 0]"""
j10,1,reactive,600,False,inf,inf,inf,null,"[0, 4, 3, 3, 2, 1, 4, 6, 2, 7, 5, 61, 0]"
j10,1,stnu,600,False,inf,0.15616893768310547,inf,[],"""[0, 4, 3, 3, 2, 1, 4, 6, 2, 7, 5, 61, 0]"""
j10,1,proactive_quantile_0.9,600,True,33,0.057711124420166016,0.00029397010803222656,"[0, 0, 0, 0, 3, 9, 12, 19, 9, 12, 26, 0, 60]","""[0, 3, 3, 6, 7, 4, 5, 3, 2, 8, 3, 61, 0]"""
j10,1,reactive,600,False,inf,inf,inf,null,"[0, 3, 3, 6, 7, 4, 5, 3, 2, 8, 3, 61, 0]"
j10,1,stnu,600,False,inf,0.15035104751586914,inf,[],"""[0, 3, 3, 6, 7, 4, 5, 3, 2, 8, 3, 61, 0]"""
j10,1,proactive_quantile_0.9,600,True,35,0.058504343032836914,0.00046181678771972656,"[0, 3, 0, 0, 11, 22, 3, 3, 24, 22, 7, 0, 0, 0, 83]","""[0, 4, 5, 3, 9, 3, 4, 8, 11, 5, 7, 51, 12, 84, 0]"""
j10,1,reactive,600,False,inf,inf,inf,null,"[0, 4, 5, 3, 9, 3, 4, 8, 11, 5, 7, 51, 12, 84, 0]"
j10,1,stnu,600,False,inf,0.16701269149780273,inf,[],"""[0, 4, 5, 3, 9, 3, 4, 8, 11, 5, 7, 51, 12, 84, 0]"""
j10,1,proactive_quantile_0.9,600,True,35,0.05796957015991211,0.00046372413635253906,"[0, 3, 0, 0, 11, 22, 3, 3, 24, 22, 7, 0, 0, 0, 83]","""[0, 7, 3, 1, 11, 1, 6, 10, 11, 2, 4, 51, 12, 84, 0]"""
j10,1,reactive,600,True,35,0.05796957015991211,0.12031674385070801,"[0, 3, 0, 0, 11, 22, 3, 3, 24, 22, 7, 0, 0, 0, 35]","[0, 7, 3, 1, 11, 1, 6, 10, 11, 2, 4, 51, 12, 84, 0]"
j10,1,stnu,600,False,inf,0.15267133712768555,inf,[],"""[0, 7, 3, 1, 11, 1, 6, 10, 11, 2, 4, 51, 12, 84, 0]"""
j10,1,proactive_quantile_0.9,600,True,35,0.05837249755859375,0.0004582405090332031,"[0, 3, 0, 0, 11, 22, 3, 3, 24, 22, 7, 0, 0, 0, 83]","""[0, 8, 5, 2, 9, 2, 4, 12, 7, 6, 2, 51, 12, 84, 0]"""
j10,1,reactive,600,True,31,0.05837249755859375,0.09137940406799316,"[0, 3, 0, 0, 11, 22, 3, 3, 24, 22, 7, 0, 0, 0, 31]","[0, 8, 5, 2, 9, 2, 4, 12, 7, 6, 2, 51, 12, 84, 0]"
j10,1,stnu,600,False,inf,0.15825486183166504,inf,[],"""[0, 8, 5, 2, 9, 2, 4, 12, 7, 6, 2, 51, 12, 84, 0]"""
j10,1,proactive_quantile_0.9,600,False,inf,0.05773496627807617,inf,"[0, 3, 0, 0, 11, 22, 3, 3, 24, 22, 7, 0, 0, 0, 83]","""[0, 9, 3, 4, 6, 3, 2, 8, 7, 3, 4, 51, 12, 84, 0]"""
j10,1,reactive,600,False,inf,inf,inf,null,"[0, 9, 3, 4, 6, 3, 2, 8, 7, 3, 4, 51, 12, 84, 0]"
j10,1,stnu,600,False,inf,0.2012803554534912,inf,[],"""[0, 9, 3, 4, 6, 3, 2, 8, 7, 3, 4, 51, 12, 84, 0]"""
j10,1,proactive_quantile_0.9,600,True,35,0.0594635009765625,0.0004489421844482422,"[0, 3, 0, 0, 11, 22, 3, 3, 24, 22, 7, 0, 0, 0, 83]","""[0, 6, 8, 2, 9, 2, 6, 6, 6, 5, 3, 51, 12, 84, 0]"""
j10,1,reactive,600,False,inf,inf,inf,null,"[0, 6, 8, 2, 9, 2, 6, 6, 6, 5, 3, 51, 12, 84, 0]"
j10,1,stnu,600,False,inf,0.15120387077331543,inf,[],"""[0, 6, 8, 2, 9, 2, 6, 6, 6, 5, 3, 51, 12, 84, 0]"""
j10,1,proactive_quantile_0.9,600,True,35,0.05970501899719238,0.0004563331604003906,"[0, 3, 0, 0, 11, 22, 3, 3, 24, 22, 7, 0, 0, 0, 83]","""[0, 6, 8, 1, 9, 1, 7, 11, 9, 4, 4, 51, 12, 84, 0]"""
j10,1,reactive,600,False,inf,inf,inf,null,"[0, 6, 8, 1, 9, 1, 7, 11, 9, 4, 4, 51, 12, 84, 0]"
j10,1,stnu,600,False,inf,0.15648889541625977,inf,[],"""[0, 6, 8, 1, 9, 1, 7, 11, 9, 4, 4, 51, 12, 84, 0]"""
j10,1,proactive_quantile_0.9,600,True,35,0.06111907958984375,0.0004787445068359375,"[0, 3, 0, 0, 11, 22, 3, 3, 24, 22, 7, 0, 0, 0, 83]","""[0, 9, 4, 3, 8, 3, 5, 6, 7, 7, 7, 51, 12, 84, 0]"""
j10,1,reactive,600,False,inf,inf,inf,null,"[0, 9, 4, 3, 8, 3, 5, 6, 7, 7, 7, 51, 12, 84, 0]"
j10,1,stnu,600,False,inf,0.16150474548339844,inf,[],"""[0, 9, 4, 3, 8, 3, 5, 6, 7, 7, 7, 51, 12, 84, 0]"""
j10,1,proactive_quantile_0.9,600,True,35,0.058545589447021484,0.0004417896270751953,"[0, 3, 0, 0, 11, 22, 3, 3, 24, 22, 7, 0, 0, 0, 83]","""[0, 4, 4, 2, 8, 1, 3, 6, 10, 5, 3, 51, 12, 84, 0]"""
j10,1,reactive,600,True,34,0.058545589447021484,0.12183380126953125,"[0, 3, 0, 0, 11, 22, 3, 3, 24, 22, 7, 0, 0, 0, 34]","[0, 4, 4, 2, 8, 1, 3, 6, 10, 5, 3, 51, 12, 84, 0]"
j10,1,stnu,600,False,inf,0.15563416481018066,inf,[],"""[0, 4, 4, 2, 8, 1, 3, 6, 10, 5, 3, 51, 12, 84, 0]"""
j10,1,proactive_quantile_0.9,600,True,35,0.06254315376281738,0.0004634857177734375,"[0, 3, 0, 0, 11, 22, 3, 3, 24, 22, 7, 0, 0, 0, 83]","""[0, 7, 7, 1, 12, 3, 3, 9, 8, 4, 5, 51, 12, 84, 0]"""
j10,1,reactive,600,False,inf,inf,inf,null,"[0, 7, 7, 1, 12, 3, 3, 9, 8, 4, 5, 51, 12, 84, 0]"
j10,1,stnu,600,False,inf,0.15145659446716309,inf,[],"""[0, 7, 7, 1, 12, 3, 3, 9, 8, 4, 5, 51, 12, 84, 0]"""
j10,1,proactive_quantile_0.9,600,False,inf,0.06230497360229492,inf,"[0, 3, 0, 0, 11, 22, 3, 3, 24, 22, 7, 0, 0, 0, 83]","""[0, 7, 4, 4, 11, 3, 4, 11, 10, 7, 7, 51, 12, 84, 0]"""
j10,1,reactive,600,False,inf,inf,inf,null,"[0, 7, 4, 4, 11, 3, 4, 11, 10, 7, 7, 51, 12, 84, 0]"
j10,1,stnu,600,False,inf,0.15720200538635254,inf,[],"""[0, 7, 4, 4, 11, 3, 4, 11, 10, 7, 7, 51, 12, 84, 0]"""
j20,1,proactive_quantile_0.9,600,False,inf,0.09538650512695312,inf,"[0, 0, 0, 0, 10, 20, 9, 18, 21, 9, 25, 36, 41, 29, 41, 50, 56, 56, 50, 68, 56, 0, 0, 116]","""[0, 10, 2, 7, 6, 3, 2, 2, 9, 12, 6, 3, 4, 6, 9, 2, 11, 1, 3, 3, 5, 117, 51, 0]"""
j20,1,reactive,600,False,inf,inf,inf,null,"[0, 10, 2, 7, 6, 3, 2, 2, 9, 12, 6, 3, 4, 6, 9, 2, 11, 1, 3, 3, 5, 117, 51, 0]"
j20,1,stnu,600,False,inf,0.3044438362121582,inf,[],"""[0, 10, 2, 7, 6, 3, 2, 2, 9, 12, 6, 3, 4, 6, 9, 2, 11, 1, 3, 3, 5, 117, 51, 0]"""
j20,1,proactive_quantile_0.9,600,False,inf,0.09138846397399902,inf,"[0, 0, 0, 0, 10, 20, 9, 18, 21, 9, 25, 36, 41, 29, 41, 50, 56, 56, 50, 68, 56, 0, 0, 116]","""[0, 6, 6, 7, 5, 4, 2, 3, 7, 8, 11, 4, 2, 9, 5, 7, 12, 2, 5, 4, 5, 117, 51, 0]"""
j20,1,reactive,600,False,inf,inf,inf,null,"[0, 6, 6, 7, 5, 4, 2, 3, 7, 8, 11, 4, 2, 9, 5, 7, 12, 2, 5, 4, 5, 117, 51, 0]"
j20,1,stnu,600,False,inf,0.20334124565124512,inf,[],"""[0, 6, 6, 7, 5, 4, 2, 3, 7, 8, 11, 4, 2, 9, 5, 7, 12, 2, 5, 4, 5, 117, 51, 0]"""
j20,1,proactive_quantile_0.9,600,False,inf,0.09181666374206543,inf,"[0, 0, 0, 0, 10, 20, 9, 18, 21, 9, 25, 36, 41, 29, 41, 50, 56, 56, 50, 68, 56, 0, 0, 116]","""[0, 10, 4, 6, 9, 3, 2, 4, 5, 7, 9, 2, 3, 10, 6, 2, 9, 3, 4, 4, 5, 117, 51, 0]"""
j20,1,reactive,600,False,inf,inf,inf,null,"[0, 10, 4, 6, 9, 3, 2, 4, 5, 7, 9, 2, 3, 10, 6, 2, 9, 3, 4, 4, 5, 117, 51, 0]"
j20,1,stnu,600,False,inf,0.2010936737060547,inf,[],"""[0, 10, 4, 6, 9, 3, 2, 4, 5, 7, 9, 2, 3, 10, 6, 2, 9, 3, 4, 4, 5, 117, 51, 0]"""
j20,1,proactive_quantile_0.9,600,False,inf,0.09473156929016113,inf,"[0, 0, 0, 0, 10, 20, 9, 18, 21, 9, 25, 36, 41, 29, 41, 50, 56, 56, 50, 68, 56, 0, 0, 116]","""[0, 7, 3, 7, 9, 4, 2, 1, 8, 10, 9, 4, 4, 7, 9, 2, 13, 1, 6, 4, 5, 117, 51, 0]"""
j20,1,reactive,600,False,inf,inf,inf,null,"[0, 7, 3, 7, 9, 4, 2, 1, 8, 10, 9, 4, 4, 7, 9, 2, 13, 1, 6, 4, 5, 117, 51, 0]"
j20,1,stnu,600,False,inf,0.2001175880432129,inf,[],"""[0, 7, 3, 7, 9, 4, 2, 1, 8, 10, 9, 4, 4, 7, 9, 2, 13, 1, 6, 4, 5, 117, 51, 0]"""
j20,1,proactive_quantile_0.9,600,False,inf,0.09746909141540527,inf,"[0, 0, 9, 0, 8, 16, 16, 16, 18, 9, 20, 22, 27, 24, 27, 30, 33, 33, 31, 40, 33, 0, 0, 116]","""[0, 7, 1, 5, 8, 1, 1, 2, 3, 9, 3, 5, 2, 5, 1, 4, 3, 1, 3, 6, 3, 117, 51, 0]"""
j20,1,reactive,600,False,inf,inf,inf,null,"[0, 7, 1, 5, 8, 1, 1, 2, 3, 9, 3, 5, 2, 5, 1, 4, 3, 1, 3, 6, 3, 117, 51, 0]"
j20,1,stnu,600,False,inf,0.25523924827575684,inf,[],"""[0, 10, 6, 5, 8, 5, 1, 2, 4, 9, 11, 5, 3, 9, 5, 3, 8, 1, 5, 4, 3, 117, 51, 0]"""
j20,1,proactive_quantile_0.9,600,False,inf,0.0897367000579834,inf,"[0, 0, 0, 0, 10, 20, 9, 18, 21, 9, 25, 36, 41, 29, 41, 50, 56, 56, 50, 68, 56, 0, 0, 116]","""[0, 8, 4, 5, 7, 6, 1, 3, 7, 12, 6, 4, 6, 7, 10, 2, 11, 3, 5, 3, 3, 117, 51, 0]"""
j20,1,reactive,600,False,inf,inf,inf,null,"[0, 8, 4, 5, 7, 6, 1, 3, 7, 12, 6, 4, 6, 7, 10, 2, 11, 3, 5, 3, 3, 117, 51, 0]"
j20,1,stnu,600,False,inf,0.203047513961792,inf,[],"""[0, 8, 4, 5, 7, 6, 1, 3, 7, 12, 6, 4, 6, 7, 10, 2, 11, 3, 5, 3, 3, 117, 51, 0]"""
j20,1,proactive_quantile_0.9,600,False,inf,0.0950307846069336,inf,"[0, 0, 0, 0, 10, 20, 9, 18, 21, 9, 25, 36, 41, 29, 41, 50, 56, 56, 50, 68, 56, 0, 0, 116]","""[0, 10, 2, 6, 5, 2, 2, 1, 4, 12, 7, 6, 5, 7, 6, 7, 9, 2, 5, 1, 6, 117, 51, 0]"""
j20,1,reactive,600,False,inf,inf,inf,null,"[0, 10, 2, 6, 5, 2, 2, 1, 4, 12, 7, 6, 5, 7, 6, 7, 9, 2, 5, 1, 6, 117, 51, 0]"
j20,1,stnu,600,False,inf,0.19780826568603516,inf,[],"""[0, 10, 2, 6, 5, 2, 2, 1, 4, 12, 7, 6, 5, 7, 6, 7, 9, 2, 5, 1, 6, 117, 51, 0]"""
j20,1,proactive_quantile_0.9,600,False,inf,0.09171938896179199,inf,"[0, 0, 0, 0, 10, 20, 9, 18, 21, 9, 25, 36, 41, 29, 41, 50, 56, 56, 50, 68, 56, 0, 0, 116]","""[0, 10, 6, 5, 4, 5, 1, 3, 6, 8, 12, 6, 6, 8, 9, 6, 13, 3, 2, 2, 3, 117, 51, 0]"""
j20,1,reactive,600,False,inf,inf,inf,null,"[0, 10, 6, 5, 4, 5, 1, 3, 6, 8, 12, 6, 6, 8, 9, 6, 13, 3, 2, 2, 3, 117, 51, 0]"
j20,1,stnu,600,False,inf,0.20201921463012695,inf,[],"""[0, 10, 6, 5, 4, 5, 1, 3, 6, 8, 12, 6, 6, 8, 9, 6, 13, 3, 2, 2, 3, 117, 51, 0]"""
j20,1,proactive_quantile_0.9,600,False,inf,0.09870409965515137,inf,"[0, 0, 0, 0, 10, 20, 9, 18, 21, 9, 25, 36, 41, 29, 41, 50, 56, 56, 50, 68, 56, 0, 0, 116]","""[0, 8, 2, 10, 8, 5, 1, 4, 6, 8, 7, 6, 2, 8, 8, 2, 9, 2, 3, 3, 6, 117, 51, 0]"""
j20,1,reactive,600,False,inf,inf,inf,null,"[0, 8, 2, 10, 8, 5, 1, 4, 6, 8, 7, 6, 2, 8, 8, 2, 9, 2, 3, 3, 6, 117, 51, 0]"
j20,1,stnu,600,False,inf,0.20110440254211426,inf,[],"""[0, 8, 2, 10, 8, 5, 1, 4, 6, 8, 7, 6, 2, 8, 8, 2, 9, 2, 3, 3, 6, 117, 51, 0]"""
j20,1,proactive_quantile_0.9,600,False,inf,0.08941793441772461,inf,"[0, 0, 0, 0, 10, 20, 9, 18, 21, 9, 25, 36, 41, 29, 41, 50, 56, 56, 50, 68, 56, 0, 0, 116]","""[0, 6, 5, 8, 4, 3, 2, 4, 6, 11, 8, 2, 5, 6, 7, 4, 13, 2, 4, 2, 2, 117, 51, 0]"""
j20,1,reactive,600,False,inf,inf,inf,null,"[0, 6, 5, 8, 4, 3, 2, 4, 6, 11, 8, 2, 5, 6, 7, 4, 13, 2, 4, 2, 2, 117, 51, 0]"
j20,1,stnu,600,False,inf,0.19948816299438477,inf,[],"""[0, 6, 5, 8, 4, 3, 2, 4, 6, 11, 8, 2, 5, 6, 7, 4, 13, 2, 4, 2, 2, 117, 51, 0]"""
j20,1,proactive_quantile_0.9,600,True,41,0.09314346313476562,0.0014286041259765625,"[0, 0, 0, 0, 6, 3, 6, 3, 8, 12, 12, 8, 19, 21, 8, 19, 24, 24, 35, 35, 16, 0, 0, 0, 0, 0, 0, 0, 157]","""[0, 4, 4, 6, 3, 9, 1, 2, 4, 7, 8, 6, 4, 2, 7, 6, 6, 7, 1, 3, 3, 5, 33, 158, 128, 84, 96, 156, 0]"""
j20,1,reactive,600,False,inf,inf,inf,null,"[0, 4, 4, 6, 3, 9, 1, 2, 4, 7, 8, 6, 4, 2, 7, 6, 6, 7, 1, 3, 3, 5, 33, 158, 128, 84, 96, 156, 0]"
j20,1,stnu,600,False,inf,0.1948258876800537,inf,[],"""[0, 4, 4, 6, 3, 9, 1, 2, 4, 7, 8, 6, 4, 2, 7, 6, 6, 7, 1, 3, 3, 5, 33, 158, 128, 84, 96, 156, 0]"""
j20,1,proactive_quantile_0.9,600,False,inf,0.09636688232421875,inf,"[0, 0, 0, 0, 6, 3, 6, 3, 8, 12, 12, 8, 19, 21, 8, 19, 24, 24, 35, 35, 16, 0, 0, 0, 0, 0, 0, 0, 157]","""[0, 2, 4, 7, 3, 4, 3, 2, 5, 7, 9, 9, 4, 4, 12, 5, 6, 7, 1, 7, 3, 5, 33, 158, 128, 84, 96, 156, 0]"""
j20,1,reactive,600,False,inf,inf,inf,null,"[0, 2, 4, 7, 3, 4, 3, 2, 5, 7, 9, 9, 4, 4, 12, 5, 6, 7, 1, 7, 3, 5, 33, 158, 128, 84, 96, 156, 0]"
j20,1,stnu,600,False,inf,0.2020704746246338,inf,[],"""[0, 2, 4, 7, 3, 4, 3, 2, 5, 7, 9, 9, 4, 4, 12, 5, 6, 7, 1, 7, 3, 5, 33, 158, 128, 84, 96, 156, 0]"""
j20,1,proactive_quantile_0.9,600,True,41,0.0961449146270752,0.0014178752899169922,"[0, 0, 0, 0, 6, 3, 6, 3, 8, 12, 12, 8, 19, 21, 8, 19, 24, 24, 35, 35, 16, 0, 0, 0, 0, 0, 0, 0, 157]","""[0, 2, 5, 8, 5, 8, 3, 3, 6, 6, 6, 5, 7, 1, 8, 4, 9, 3, 3, 5, 4, 5, 33, 158, 128, 84, 96, 156, 0]"""
j20,1,reactive,600,False,inf,inf,inf,null,"[0, 2, 5, 8, 5, 8, 3, 3, 6, 6, 6, 5, 7, 1, 8, 4, 9, 3, 3, 5, 4, 5, 33, 158, 128, 84, 96, 156, 0]"
j20,1,stnu,600,False,inf,0.20168757438659668,inf,[],"""[0, 2, 5, 8, 5, 8, 3, 3, 6, 6, 6, 5, 7, 1, 8, 4, 9, 3, 3, 5, 4, 5, 33, 158, 128, 84, 96, 156, 0]"""
j20,1,proactive_quantile_0.9,600,True,41,0.0907142162322998,0.001451730728149414,"[0, 0, 0, 0, 6, 3, 6, 3, 8, 12, 12, 8, 19, 21, 8, 19, 24, 24, 35, 35, 16, 0, 0, 0, 0, 0, 0, 0, 157]","""[0, 1, 2, 6, 2, 6, 2, 4, 2, 4, 6, 7, 6, 1, 9, 3, 6, 7, 3, 5, 1, 5, 33, 158, 128, 84, 96, 156, 0]"""
j20,1,reactive,600,True,40,0.0907142162322998,0.582334041595459,"[0, 0, 0, 0, 6, 3, 6, 3, 8, 12, 12, 8, 19, 21, 8, 19, 24, 24, 35, 35, 16, 0, 0, 0, 0, 0, 0, 0, 40]","[0, 1, 2, 6, 2, 6, 2, 4, 2, 4, 6, 7, 6, 1, 9, 3, 6, 7, 3, 5, 1, 5, 33, 158, 128, 84, 96, 156, 0]"
j20,1,stnu,600,False,inf,0.1960303783416748,inf,[],"""[0, 1, 2, 6, 2, 6, 2, 4, 2, 4, 6, 7, 6, 1, 9, 3, 6, 7, 3, 5, 1, 5, 33, 158, 128, 84, 96, 156, 0]"""
j20,1,proactive_quantile_0.9,600,True,41,0.0962979793548584,0.0014085769653320312,"[0, 0, 0, 0, 6, 3, 6, 3, 8, 12, 12, 8, 19, 21, 8, 19, 24, 24, 35, 35, 16, 0, 0, 0, 0, 0, 0, 0, 157]","""[0, 1, 2, 8, 3, 4, 2, 3, 6, 8, 9, 5, 7, 1, 7, 2, 10, 6, 2, 3, 3, 5, 33, 158, 128, 84, 96, 156, 0]"""
j20,1,reactive,600,False,inf,inf,inf,null,"[0, 1, 2, 8, 3, 4, 2, 3, 6, 8, 9, 5, 7, 1, 7, 2, 10, 6, 2, 3, 3, 5, 33, 158, 128, 84, 96, 156, 0]"
j20,1,stnu,600,False,inf,0.19958949089050293,inf,[],"""[0, 1, 2, 8, 3, 4, 2, 3, 6, 8, 9, 5, 7, 1, 7, 2, 10, 6, 2, 3, 3, 5, 33, 158, 128, 84, 96, 156, 0]"""
j20,1,proactive_quantile_0.9,600,False,inf,0.09614753723144531,inf,"[0, 0, 0, 0, 6, 3, 6, 3, 8, 12, 12, 8, 19, 21, 8, 19, 24, 24, 35, 35, 16, 0, 0, 0, 0, 0, 0, 0, 157]","""[0, 2, 7, 7, 6, 5, 2, 5, 3, 8, 10, 7, 5, 1, 9, 5, 11, 4, 1, 4, 4, 5, 33, 158, 128, 84, 96, 156, 0]"""
j20,1,reactive,600,False,inf,inf,inf,null,"[0, 2, 7, 7, 6, 5, 2, 5, 3, 8, 10, 7, 5, 1, 9, 5, 11, 4, 1, 4, 4, 5, 33, 158, 128, 84, 96, 156, 0]"
j20,1,stnu,600,False,inf,0.20144915580749512,inf,[],"""[0, 2, 7, 7, 6, 5, 2, 5, 3, 8, 10, 7, 5, 1, 9, 5, 11, 4, 1, 4, 4, 5, 33, 158, 128, 84, 96, 156, 0]"""
j20,1,proactive_quantile_0.9,600,True,41,0.08699536323547363,0.0014414787292480469,"[0, 0, 0, 0, 6, 3, 6, 3, 8, 12, 12, 8, 19, 21, 8, 19, 24, 24, 35, 35, 16, 0, 0, 0, 0, 0, 0, 0, 157]","""[0, 2, 3, 5, 2, 4, 2, 5, 4, 3, 6, 4, 4, 4, 11, 7, 11, 3, 2, 2, 4, 5, 33, 158, 128, 84, 96, 156, 0]"""
j20,1,reactive,600,False,inf,inf,inf,null,"[0, 2, 3, 5, 2, 4, 2, 5, 4, 3, 6, 4, 4, 4, 11, 7, 11, 3, 2, 2, 4, 5, 33, 158, 128, 84, 96, 156, 0]"
j20,1,stnu,600,False,inf,0.2010488510131836,inf,[],"""[0, 2, 3, 5, 2, 4, 2, 5, 4, 3, 6, 4, 4, 4, 11, 7, 11, 3, 2, 2, 4, 5, 33, 158, 128, 84, 96, 156, 0]"""
j20,1,proactive_quantile_0.9,600,True,41,0.09061431884765625,0.0014178752899169922,"[0, 0, 0, 0, 6, 3, 6, 3, 8, 12, 12, 8, 19, 21, 8, 19, 24, 24, 35, 35, 16, 0, 0, 0, 0, 0, 0, 0, 157]","""[0, 2, 4, 4, 4, 8, 2, 2, 5, 6, 9, 4, 8, 3, 8, 6, 10, 3, 1, 5, 2, 5, 33, 158, 128, 84, 96, 156, 0]"""
j20,1,reactive,600,True,40,0.09061431884765625,0.4028785228729248,"[0, 0, 0, 0, 6, 3, 6, 3, 8, 12, 12, 8, 19, 21, 8, 19, 24, 24, 35, 35, 16, 0, 0, 0, 0, 0, 0, 0, 40]","[0, 2, 4, 4, 4, 8, 2, 2, 5, 6, 9, 4, 8, 3, 8, 6, 10, 3, 1, 5, 2, 5, 33, 158, 128, 84, 96, 156, 0]"
j20,1,stnu,600,False,inf,0.2613534927368164,inf,[],"""[0, 2, 4, 4, 4, 8, 2, 2, 5, 6, 9, 4, 8, 3, 8, 6, 10, 3, 1, 5, 2, 5, 33, 158, 128, 84, 96, 156, 0]"""
j20,1,proactive_quantile_0.9,600,False,inf,0.09272456169128418,inf,"[0, 0, 0, 0, 6, 3, 6, 3, 8, 12, 12, 8, 19, 21, 8, 19, 24, 24, 35, 35, 16, 0, 0, 0, 0, 0, 0, 0, 157]","""[0, 3, 2, 6, 7, 4, 3, 6, 6, 7, 7, 5, 3, 1, 6, 3, 7, 3, 1, 3, 4, 5, 33, 158, 128, 84, 96, 156, 0]"""
j20,1,reactive,600,False,inf,inf,inf,null,"[0, 3, 2, 6, 7, 4, 3, 6, 6, 7, 7, 5, 3, 1, 6, 3, 7, 3, 1, 3, 4, 5, 33, 158, 128, 84, 96, 156, 0]"
j20,1,stnu,600,False,inf,0.20041537284851074,inf,[],"""[0, 3, 2, 6, 7, 4, 3, 6, 6, 7, 7, 5, 3, 1, 6, 3, 7, 3, 1, 3, 4, 5, 33, 158, 128, 84, 96, 156, 0]"""
j20,1,proactive_quantile_0.9,600,True,41,0.09437727928161621,0.0014467239379882812,"[0, 0, 0, 0, 6, 3, 6, 3, 8, 12, 12, 8, 19, 21, 8, 19, 24, 24, 35, 35, 16, 0, 0, 0, 0, 0, 0, 0, 157]","""[0, 4, 2, 5, 3, 9, 3, 4, 4, 8, 7, 9, 5, 1, 11, 5, 12, 8, 1, 3, 4, 5, 33, 158, 128, 84, 96, 156, 0]"""
j20,1,reactive,600,False,inf,inf,inf,null,"[0, 4, 2, 5, 3, 9, 3, 4, 4, 8, 7, 9, 5, 1, 11, 5, 12, 8, 1, 3, 4, 5, 33, 158, 128, 84, 96, 156, 0]"
j20,1,stnu,600,False,inf,0.19137120246887207,inf,[],"""[0, 4, 2, 5, 3, 9, 3, 4, 4, 8, 7, 9, 5, 1, 11, 5, 12, 8, 1, 3, 4, 5, 33, 158, 128, 84, 96, 156, 0]"""
j20,1,proactive_quantile_0.9,600,True,41,0.08780932426452637,0.0010552406311035156,"[0, 0, 0, 0, 1, 4, 2, 4, 5, 9, 8, 12, 24, 12, 24, 27, 5, 19, 28, 5, 34, 0, 0, 0, 0, 0, 113]","""[0, 2, 6, 2, 4, 2, 2, 1, 4, 3, 2, 10, 4, 5, 3, 3, 6, 7, 3, 4, 6, 110, 113, 6, 105, 114, 0]"""
j20,1,reactive,600,False,inf,inf,inf,null,"[0, 2, 6, 2, 4, 2, 2, 1, 4, 3, 2, 10, 4, 5, 3, 3, 6, 7, 3, 4, 6, 110, 113, 6, 105, 114, 0]"
j20,1,stnu,600,False,inf,0.23083877563476562,inf,[],"""[0, 2, 9, 2, 4, 2, 2, 1, 4, 3, 2, 10, 4, 5, 3, 3, 6, 7, 3, 4, 6, 110, 113, 6, 105, 114, 0]"""
j20,1,proactive_quantile_0.9,600,True,41,0.08830833435058594,0.0010528564453125,"[0, 0, 0, 0, 1, 4, 2, 4, 5, 9, 8, 12, 24, 12, 24, 27, 5, 19, 28, 5, 34, 0, 0, 0, 0, 0, 113]","""[0, 1, 4, 3, 4, 3, 1, 1, 2, 4, 3, 7, 4, 6, 1, 7, 10, 5, 7, 5, 6, 110, 113, 6, 105, 114, 0]"""
j20,1,reactive,600,False,inf,inf,inf,null,"[0, 1, 4, 3, 4, 3, 1, 1, 2, 4, 3, 7, 4, 6, 1, 7, 10, 5, 7, 5, 6, 110, 113, 6, 105, 114, 0]"
j20,1,stnu,600,False,inf,0.2098548412322998,inf,[],"""[0, 3, 9, 3, 4, 3, 1, 1, 2, 4, 3, 7, 4, 6, 1, 7, 10, 5, 7, 5, 6, 110, 113, 6, 105, 114, 0]"""
j20,1,proactive_quantile_0.9,600,True,41,0.08435964584350586,0.0010516643524169922,"[0, 0, 0, 0, 1, 4, 2, 4, 5, 9, 8, 12, 24, 12, 24, 27, 5, 19, 28, 5, 34, 0, 0, 0, 0, 0, 113]","""[0, 2, 4, 2, 2, 3, 1, 1, 1, 4, 3, 10, 8, 3, 3, 3, 6, 5, 8, 8, 3, 110, 113, 6, 105, 114, 0]"""
j20,1,reactive,600,False,inf,inf,inf,null,"[0, 2, 4, 2, 2, 3, 1, 1, 1, 4, 3, 10, 8, 3, 3, 3, 6, 5, 8, 8, 3, 110, 113, 6, 105, 114, 0]"
j20,1,stnu,600,False,inf,0.19256591796875,inf,[],"""[0, 2, 9, 2, 2, 3, 1, 1, 1, 4, 3, 10, 8, 3, 3, 3, 6, 5, 8, 8, 3, 110, 113, 6, 105, 114, 0]"""
j20,1,proactive_quantile_0.9,600,True,41,0.08302950859069824,0.001043558120727539,"[0, 0, 0, 0, 1, 4, 2, 4, 5, 9, 8, 12, 24, 12, 24, 27, 5, 19, 28, 5, 34, 0, 0, 0, 0, 0, 113]","""[0, 1, 5, 1, 2, 4, 1, 1, 3, 2, 4, 10, 5, 5, 4, 4, 6, 7, 5, 4, 4, 110, 113, 6, 105, 114, 0]"""
j20,1,reactive,600,False,inf,inf,inf,null,"[0, 1, 5, 1, 2, 4, 1, 1, 3, 2, 4, 10, 5, 5, 4, 4, 6, 7, 5, 4, 4, 110, 113, 6, 105, 114, 0]"
j20,1,stnu,600,False,inf,0.20760631561279297,inf,[],"""[0, 3, 8, 1, 2, 4, 1, 1, 3, 2, 4, 10, 5, 5, 4, 4, 6, 7, 5, 4, 4, 110, 113, 6, 105, 114, 0]"""
j20,1,proactive_quantile_0.9,600,False,inf,0.08837151527404785,inf,"[0, 0, 0, 0, 1, 4, 2, 4, 5, 9, 8, 12, 24, 12, 24, 27, 5, 19, 28, 5, 34, 0, 0, 0, 0, 0, 113]","""[0, 1, 6, 3, 3, 4, 3, 2, 3, 1, 4, 8, 3, 7, 1, 5, 7, 10, 5, 4, 6, 110, 113, 6, 105, 114, 0]"""
j20,1,reactive,600,False,inf,inf,inf,null,"[0, 1, 6, 3, 3, 4, 3, 2, 3, 1, 4, 8, 3, 7, 1, 5, 7, 10, 5, 4, 6, 110, 113, 6, 105, 114, 0]"
j20,1,stnu,600,False,inf,0.21795058250427246,inf,[],"""[0, 1, 7, 3, 3, 4, 3, 2, 3, 1, 4, 8, 3, 7, 1, 5, 7, 10, 5, 4, 6, 110, 113, 6, 105, 114, 0]"""
j20,1,proactive_quantile_0.9,600,True,41,0.08740854263305664,0.00109100341796875,"[0, 0, 0, 0, 1, 4, 2, 4, 5, 9, 8, 12, 24, 12, 24, 27, 5, 19, 28, 5, 34, 0, 0, 0, 0, 0, 113]","""[0, 2, 6, 1, 1, 4, 1, 1, 2, 4, 4, 9, 6, 5, 3, 7, 9, 8, 3, 6, 8, 110, 113, 6, 105, 114, 0]"""
j20,1,reactive,600,False,inf,inf,inf,null,"[0, 2, 6, 1, 1, 4, 1, 1, 2, 4, 4, 9, 6, 5, 3, 7, 9, 8, 3, 6, 8, 110, 113, 6, 105, 114, 0]"
j20,1,stnu,600,False,inf,0.20483636856079102,inf,[],"""[0, 3, 6, 1, 1, 4, 1, 1, 2, 4, 4, 9, 6, 5, 3, 7, 9, 8, 3, 6, 8, 110, 113, 6, 105, 114, 0]"""
j20,1,proactive_quantile_0.9,600,True,41,0.0874478816986084,0.0010731220245361328,"[0, 0, 0, 0, 1, 4, 2, 4, 5, 9, 8, 12, 24, 12, 24, 27, 5, 19, 28, 5, 34, 0, 0, 0, 0, 0, 113]","""[0, 1, 3, 2, 2, 5, 1, 2, 4, 3, 1, 10, 8, 8, 2, 7, 9, 6, 6, 8, 5, 110, 113, 6, 105, 114, 0]"""
j20,1,reactive,600,False,inf,inf,inf,null,"[0, 1, 3, 2, 2, 5, 1, 2, 4, 3, 1, 10, 8, 8, 2, 7, 9, 6, 6, 8, 5, 110, 113, 6, 105, 114, 0]"
j20,1,stnu,600,False,inf,0.20994019508361816,inf,[],"""[0, 1, 10, 2, 2, 5, 1, 2, 4, 3, 1, 10, 8, 8, 2, 7, 9, 6, 6, 8, 5, 110, 113, 6, 105, 114, 0]"""
j20,1,proactive_quantile_0.9,600,True,41,0.08129024505615234,0.0011000633239746094,"[0, 0, 0, 0, 1, 4, 2, 4, 5, 9, 8, 12, 24, 12, 24, 27, 5, 19, 28, 5, 34, 0, 0, 0, 0, 0, 113]","""[0, 1, 5, 3, 4, 5, 2, 2, 3, 1, 4, 7, 3, 7, 2, 7, 10, 5, 7, 6, 4, 110, 113, 6, 105, 114, 0]"""
j20,1,reactive,600,False,inf,inf,inf,null,"[0, 1, 5, 3, 4, 5, 2, 2, 3, 1, 4, 7, 3, 7, 2, 7, 10, 5, 7, 6, 4, 110, 113, 6, 105, 114, 0]"
j20,1,stnu,600,False,inf,0.23566937446594238,inf,[],"""[0, 3, 6, 3, 4, 5, 2, 2, 3, 1, 4, 7, 3, 7, 2, 7, 10, 5, 7, 6, 4, 110, 113, 6, 105, 114, 0]"""
j20,1,proactive_quantile_0.9,600,True,41,0.08443546295166016,0.0010874271392822266,"[0, 0, 0, 0, 1, 4, 2, 4, 5, 9, 8, 12, 24, 12, 24, 27, 5, 19, 28, 5, 34, 0, 0, 0, 0, 0, 113]","""[0, 1, 2, 1, 3, 4, 1, 1, 2, 2, 4, 8, 3, 3, 1, 7, 10, 10, 4, 7, 3, 110, 113, 6, 105, 114, 0]"""
j20,1,reactive,600,False,inf,inf,inf,null,"[0, 1, 2, 1, 3, 4, 1, 1, 2, 2, 4, 8, 3, 3, 1, 7, 10, 10, 4, 7, 3, 110, 113, 6, 105, 114, 0]"
j20,1,stnu,600,False,inf,0.21125173568725586,inf,[],"""[0, 1, 8, 1, 3, 4, 1, 1, 2, 2, 4, 8, 3, 3, 1, 7, 10, 10, 4, 7, 3, 110, 113, 6, 105, 114, 0]"""
j20,1,proactive_quantile_0.9,600,True,41,0.08840250968933105,0.0010750293731689453,"[0, 0, 0, 0, 1, 4, 2, 4, 5, 9, 8, 12, 24, 12, 24, 27, 5, 19, 28, 5, 34, 0, 0, 0, 0, 0, 113]","""[0, 2, 2, 3, 4, 4, 2, 2, 4, 1, 2, 9, 4, 3, 3, 4, 6, 6, 5, 6, 6, 110, 113, 6, 105, 114, 0]"""
j20,1,reactive,600,False,inf,inf,inf,null,"[0, 2, 2, 3, 4, 4, 2, 2, 4, 1, 2, 9, 4, 3, 3, 4, 6, 6, 5, 6, 6, 110, 113, 6, 105, 114, 0]"
j20,1,stnu,600,False,inf,0.24312639236450195,inf,[],"""[0, 3, 11, 3, 4, 4, 2, 2, 4, 1, 2, 9, 4, 3, 3, 4, 6, 6, 5, 6, 6, 110, 113, 6, 105, 114, 0]"""
j20,1,proactive_quantile_0.9,600,True,47,0.09636163711547852,0.0020194053649902344,"[0, 0, 0, 0, 5, 9, 5, 16, 24, 5, 7, 13, 16, 32, 18, 27, 24, 16, 34, 40, 27, 0, 0, 0, 0, 0, 0, 0, 0, 0, 0, 0, 0, 149]","""[0, 4, 3, 10, 8, 2, 3, 9, 8, 9, 7, 3, 6, 7, 8, 4, 4, 9, 8, 3, 6, 15, 143, 33, 150, 111, 67, 64, 98, 85, 44, 48, 106, 0]"""
j20,1,reactive,600,False,inf,inf,inf,null,"[0, 4, 3, 10, 8, 2, 3, 9, 8, 9, 7, 3, 6, 7, 8, 4, 4, 9, 8, 3, 6, 15, 143, 33, 150, 111, 67, 64, 98, 85, 44, 48, 106, 0]"
j20,1,stnu,600,False,inf,0.2616569995880127,inf,[],"""[0, 4, 3, 10, 8, 2, 3, 9, 8, 9, 7, 4, 6, 7, 8, 4, 4, 9, 8, 3, 6, 15, 143, 33, 150, 111, 67, 64, 98, 85, 44, 48, 106, 0]"""
j20,1,proactive_quantile_0.9,600,True,47,0.09318709373474121,0.0020036697387695312,"[0, 0, 0, 0, 5, 9, 5, 16, 24, 5, 7, 13, 16, 32, 18, 27, 24, 16, 34, 40, 27, 0, 0, 0, 0, 0, 0, 0, 0, 0, 0, 0, 0, 149]","""[0, 2, 4, 9, 6, 3, 1, 8, 9, 9, 6, 5, 3, 7, 5, 6, 4, 6, 8, 3, 7, 15, 143, 33, 150, 111, 67, 64, 98, 85, 44, 48, 106, 0]"""
j20,1,reactive,600,False,inf,inf,inf,null,"[0, 2, 4, 9, 6, 3, 1, 8, 9, 9, 6, 5, 3, 7, 5, 6, 4, 6, 8, 3, 7, 15, 143, 33, 150, 111, 67, 64, 98, 85, 44, 48, 106, 0]"
j20,1,stnu,600,False,inf,0.20741486549377441,inf,[],"""[0, 2, 4, 9, 6, 3, 1, 8, 9, 9, 6, 4, 3, 7, 5, 6, 4, 6, 8, 3, 7, 15, 143, 33, 150, 111, 67, 64, 98, 85, 44, 48, 106, 0]"""
j20,1,proactive_quantile_0.9,600,True,47,0.09425473213195801,0.001966714859008789,"[0, 0, 0, 0, 5, 9, 5, 16, 24, 5, 7, 13, 16, 32, 18, 27, 24, 16, 34, 40, 27, 0, 0, 0, 0, 0, 0, 0, 0, 0, 0, 0, 0, 149]","""[0, 6, 2, 9, 12, 4, 3, 9, 8, 5, 6, 5, 2, 9, 5, 7, 6, 9, 8, 4, 7, 15, 143, 33, 150, 111, 67, 64, 98, 85, 44, 48, 106, 0]"""
j20,1,reactive,600,False,inf,inf,inf,null,"[0, 6, 2, 9, 12, 4, 3, 9, 8, 5, 6, 5, 2, 9, 5, 7, 6, 9, 8, 4, 7, 15, 143, 33, 150, 111, 67, 64, 98, 85, 44, 48, 106, 0]"
j20,1,stnu,600,False,inf,0.1984415054321289,inf,[],"""[0, 6, 2, 9, 12, 4, 3, 9, 8, 5, 6, 8, 2, 9, 5, 7, 6, 9, 8, 4, 7, 15, 143, 33, 150, 111, 67, 64, 98, 85, 44, 48, 106, 0]"""
j20,1,proactive_quantile_0.9,600,True,47,0.09796905517578125,0.0020051002502441406,"[0, 0, 0, 0, 5, 9, 5, 16, 24, 5, 7, 13, 16, 32, 18, 27, 24, 16, 34, 40, 27, 0, 0, 0, 0, 0, 0, 0, 0, 0, 0, 0, 0, 149]","""[0, 3, 6, 9, 12, 3, 1, 8, 9, 10, 2, 5, 6, 7, 9, 5, 3, 8, 8, 5, 6, 15, 143, 33, 150, 111, 67, 64, 98, 85, 44, 48, 106, 0]"""
j20,1,reactive,600,False,inf,inf,inf,null,"[0, 3, 6, 9, 12, 3, 1, 8, 9, 10, 2, 5, 6, 7, 9, 5, 3, 8, 8, 5, 6, 15, 143, 33, 150, 111, 67, 64, 98, 85, 44, 48, 106, 0]"
j20,1,stnu,600,False,inf,0.20165467262268066,inf,[],"""[0, 3, 6, 9, 12, 3, 1, 8, 9, 10, 2, 4, 6, 7, 9, 5, 3, 8, 8, 5, 6, 15, 143, 33, 150, 111, 67, 64, 98, 85, 44, 48, 106, 0]"""
j20,1,proactive_quantile_0.9,600,True,47,0.10101556777954102,0.0019693374633789062,"[0, 0, 0, 0, 5, 9, 5, 16, 24, 5, 7, 13, 16, 32, 18, 27, 24, 16, 34, 40, 27, 0, 0, 0, 0, 0, 0, 0, 0, 0, 0, 0, 0, 149]","""[0, 3, 4, 10, 10, 6, 1, 6, 6, 8, 7, 6, 6, 4, 9, 4, 3, 6, 4, 7, 7, 15, 143, 33, 150, 111, 67, 64, 98, 85, 44, 48, 106, 0]"""
j20,1,reactive,600,False,inf,inf,inf,null,"[0, 3, 4, 10, 10, 6, 1, 6, 6, 8, 7, 6, 6, 4, 9, 4, 3, 6, 4, 7, 7, 15, 143, 33, 150, 111, 67, 64, 98, 85, 44, 48, 106, 0]"
j20,1,stnu,600,False,inf,0.2726175785064697,inf,[],"""[0, 3, 4, 10, 10, 6, 1, 6, 6, 8, 7, 6, 6, 4, 9, 4, 3, 6, 4, 7, 7, 15, 143, 33, 150, 111, 67, 64, 98, 85, 44, 48, 106, 0]"""
j20,1,proactive_quantile_0.9,600,True,47,0.0940086841583252,0.0019423961639404297,"[0, 0, 0, 0, 5, 9, 5, 16, 24, 5, 7, 13, 16, 32, 18, 27, 24, 16, 34, 40, 27, 0, 0, 0, 0, 0, 0, 0, 0, 0, 0, 0, 0, 149]","""[0, 6, 6, 6, 6, 3, 2, 7, 6, 8, 6, 5, 5, 9, 6, 3, 4, 8, 3, 7, 3, 15, 143, 33, 150, 111, 67, 64, 98, 85, 44, 48, 106, 0]"""
j20,1,reactive,600,False,inf,inf,inf,null,"[0, 6, 6, 6, 6, 3, 2, 7, 6, 8, 6, 5, 5, 9, 6, 3, 4, 8, 3, 7, 3, 15, 143, 33, 150, 111, 67, 64, 98, 85, 44, 48, 106, 0]"
j20,1,stnu,600,False,inf,0.20160841941833496,inf,[],"""[0, 6, 6, 6, 6, 3, 2, 7, 6, 8, 6, 7, 5, 9, 6, 3, 4, 8, 3, 7, 3, 15, 143, 33, 150, 111, 67, 64, 98, 85, 44, 48, 106, 0]"""
j20,1,proactive_quantile_0.9,600,True,47,0.09246158599853516,0.0019936561584472656,"[0, 0, 0, 0, 5, 9, 5, 16, 24, 5, 7, 13, 16, 32, 18, 27, 24, 16, 34, 40, 27, 0, 0, 0, 0, 0, 0, 0, 0, 0, 0, 0, 0, 149]","""[0, 2, 5, 5, 6, 2, 2, 9, 9, 8, 6, 5, 5, 9, 6, 3, 7, 6, 6, 8, 4, 15, 143, 33, 150, 111, 67, 64, 98, 85, 44, 48, 106, 0]"""
j20,1,reactive,600,False,inf,inf,inf,null,"[0, 2, 5, 5, 6, 2, 2, 9, 9, 8, 6, 5, 5, 9, 6, 3, 7, 6, 6, 8, 4, 15, 143, 33, 150, 111, 67, 64, 98, 85, 44, 48, 106, 0]"
j20,1,stnu,600,False,inf,0.20598578453063965,inf,[],"""[0, 2, 5, 5, 6, 2, 2, 9, 9, 8, 6, 9, 5, 9, 6, 3, 7, 6, 6, 8, 4, 15, 143, 33, 150, 111, 67, 64, 98, 85, 44, 48, 106, 0]"""
j20,1,proactive_quantile_0.9,600,True,47,0.09800887107849121,0.0019893646240234375,"[0, 0, 0, 0, 5, 9, 5, 16, 24, 5, 7, 13, 16, 32, 18, 27, 24, 16, 34, 40, 27, 0, 0, 0, 0, 0, 0, 0, 0, 0, 0, 0, 0, 149]","""[0, 3, 6, 9, 10, 2, 1, 8, 9, 7, 3, 6, 6, 4, 6, 5, 8, 8, 8, 4, 7, 15, 143, 33, 150, 111, 67, 64, 98, 85, 44, 48, 106, 0]"""
j20,1,reactive,600,False,inf,inf,inf,null,"[0, 3, 6, 9, 10, 2, 1, 8, 9, 7, 3, 6, 6, 4, 6, 5, 8, 8, 8, 4, 7, 15, 143, 33, 150, 111, 67, 64, 98, 85, 44, 48, 106, 0]"
j20,1,stnu,600,False,inf,0.20700907707214355,inf,[],"""[0, 3, 6, 9, 10, 2, 1, 8, 9, 7, 3, 4, 6, 4, 6, 5, 8, 8, 8, 4, 7, 15, 143, 33, 150, 111, 67, 64, 98, 85, 44, 48, 106, 0]"""
j20,1,proactive_quantile_0.9,600,True,47,0.09273695945739746,0.0020062923431396484,"[0, 0, 0, 0, 5, 9, 5, 16, 24, 5, 7, 13, 16, 32, 18, 27, 24, 16, 34, 40, 27, 0, 0, 0, 0, 0, 0, 0, 0, 0, 0, 0, 0, 149]","""[0, 4, 4, 8, 9, 6, 3, 9, 5, 9, 7, 3, 3, 9, 9, 8, 7, 9, 6, 4, 3, 15, 143, 33, 150, 111, 67, 64, 98, 85, 44, 48, 106, 0]"""
j20,1,reactive,600,False,inf,inf,inf,null,"[0, 4, 4, 8, 9, 6, 3, 9, 5, 9, 7, 3, 3, 9, 9, 8, 7, 9, 6, 4, 3, 15, 143, 33, 150, 111, 67, 64, 98, 85, 44, 48, 106, 0]"
j20,1,stnu,600,False,inf,0.1994478702545166,inf,[],"""[0, 4, 4, 8, 9, 6, 3, 9, 5, 9, 7, 4, 3, 9, 9, 8, 7, 9, 6, 4, 3, 15, 143, 33, 150, 111, 67, 64, 98, 85, 44, 48, 106, 0]"""
j20,1,proactive_quantile_0.9,600,True,47,0.0978703498840332,0.0020246505737304688,"[0, 0, 0, 0, 5, 9, 5, 16, 24, 5, 7, 13, 16, 32, 18, 27, 24, 16, 34, 40, 27, 0, 0, 0, 0, 0, 0, 0, 0, 0, 0, 0, 0, 149]","""[0, 3, 4, 5, 11, 6, 2, 5, 8, 8, 2, 3, 5, 7, 9, 3, 8, 7, 6, 8, 6, 15, 143, 33, 150, 111, 67, 64, 98, 85, 44, 48, 106, 0]"""
j20,1,reactive,600,True,48,0.0978703498840332,0.524733304977417,"[0, 0, 0, 0, 5, 9, 5, 16, 24, 5, 7, 13, 16, 32, 18, 27, 24, 16, 34, 40, 27, 0, 0, 0, 0, 0, 0, 0, 0, 0, 0, 0, 0, 48]","[0, 3, 4, 5, 11, 6, 2, 5, 8, 8, 2, 3, 5, 7, 9, 3, 8, 7, 6, 8, 6, 15, 143, 33, 150, 111, 67, 64, 98, 85, 44, 48, 106, 0]"
j20,1,stnu,600,False,inf,0.20681309700012207,inf,[],"""[0, 3, 4, 5, 11, 6, 2, 5, 8, 8, 2, 4, 5, 7, 9, 3, 8, 7, 6, 8, 6, 15, 143, 33, 150, 111, 67, 64, 98, 85, 44, 48, 106, 0]"""
j20,1,proactive_quantile_0.9,600,True,50,0.09506583213806152,0.0026149749755859375,"[0, 0, 0, 0, 8, 16, 8, 8, 24, 14, 25, 30, 25, 2, 16, 39, 27, 32, 32, 43, 47, 0, 0, 0, 0, 0, 0, 0, 0, 0, 0, 0, 0, 0, 0, 0, 0, 0, 145]","""[0, 12, 3, 8, 4, 8, 6, 8, 2, 9, 2, 7, 3, 1, 5, 8, 2, 9, 1, 4, 4, 127, 133, 43, 62, 146, 36, 42, 84, 108, 119, 37, 62, 102, 44, 64, 48, 119, 0]"""
j20,1,reactive,600,False,inf,inf,inf,null,"[0, 12, 3, 8, 4, 8, 6, 8, 2, 9, 2, 7, 3, 1, 5, 8, 2, 9, 1, 4, 4, 127, 133, 43, 62, 146, 36, 42, 84, 108, 119, 37, 62, 102, 44, 64, 48, 119, 0]"
j20,1,stnu,600,False,inf,0.22456789016723633,inf,[],"""[0, 12, 3, 8, 4, 8, 6, 8, 2, 9, 2, 7, 3, 1, 5, 8, 2, 9, 1, 4, 4, 127, 133, 43, 62, 146, 36, 42, 84, 108, 119, 37, 62, 102, 44, 64, 48, 119, 0]"""
j20,1,proactive_quantile_0.9,600,True,50,0.09838485717773438,0.0026807785034179688,"[0, 0, 0, 0, 8, 16, 8, 8, 24, 14, 25, 30, 25, 2, 16, 39, 27, 32, 32, 43, 47, 0, 0, 0, 0, 0, 0, 0, 0, 0, 0, 0, 0, 0, 0, 0, 0, 0, 145]","""[0, 8, 2, 4, 8, 8, 4, 10, 5, 11, 6, 6, 1, 3, 5, 7, 2, 7, 1, 6, 4, 127, 133, 43, 62, 146, 36, 42, 84, 108, 119, 37, 62, 102, 44, 64, 48, 119, 0]"""
j20,1,reactive,600,False,inf,inf,inf,null,"[0, 8, 2, 4, 8, 8, 4, 10, 5, 11, 6, 6, 1, 3, 5, 7, 2, 7, 1, 6, 4, 127, 133, 43, 62, 146, 36, 42, 84, 108, 119, 37, 62, 102, 44, 64, 48, 119, 0]"
j20,1,stnu,600,False,inf,0.22456836700439453,inf,[],"""[0, 8, 2, 4, 8, 8, 4, 10, 5, 11, 6, 6, 1, 3, 5, 7, 2, 7, 1, 6, 4, 127, 133, 43, 62, 146, 36, 42, 84, 108, 119, 37, 62, 102, 44, 64, 48, 119, 0]"""
j20,1,proactive_quantile_0.9,600,True,50,0.10036778450012207,0.0026772022247314453,"[0, 0, 0, 0, 8, 16, 8, 8, 24, 14, 25, 30, 25, 2, 16, 39, 27, 32, 32, 43, 47, 0, 0, 0, 0, 0, 0, 0, 0, 0, 0, 0, 0, 0, 0, 0, 0, 0, 145]","""[0, 10, 1, 9, 9, 5, 7, 10, 6, 8, 2, 9, 2, 4, 3, 5, 2, 6, 1, 4, 1, 127, 133, 43, 62, 146, 36, 42, 84, 108, 119, 37, 62, 102, 44, 64, 48, 119, 0]"""
j20,1,reactive,600,False,inf,inf,inf,null,"[0, 10, 1, 9, 9, 5, 7, 10, 6, 8, 2, 9, 2, 4, 3, 5, 2, 6, 1, 4, 1, 127, 133, 43, 62, 146, 36, 42, 84, 108, 119, 37, 62, 102, 44, 64, 48, 119, 0]"
j20,1,stnu,600,False,inf,0.2687993049621582,inf,[],"""[0, 10, 1, 9, 9, 5, 7, 10, 6, 8, 2, 9, 2, 4, 3, 5, 2, 6, 1, 4, 1, 127, 133, 43, 62, 146, 36, 42, 84, 108, 119, 37, 62, 102, 44, 64, 48, 119, 0]"""
j20,1,proactive_quantile_0.9,600,True,50,0.09717774391174316,0.0026574134826660156,"[0, 0, 0, 0, 8, 16, 8, 8, 24, 14, 25, 30, 25, 2, 16, 39, 27, 32, 32, 43, 47, 0, 0, 0, 0, 0, 0, 0, 0, 0, 0, 0, 0, 0, 0, 0, 0, 0, 145]","""[0, 9, 2, 9, 9, 7, 4, 10, 5, 10, 6, 10, 1, 3, 4, 9, 5, 8, 2, 2, 1, 127, 133, 43, 62, 146, 36, 42, 84, 108, 119, 37, 62, 102, 44, 64, 48, 119, 0]"""
j20,1,reactive,600,False,inf,inf,inf,null,"[0, 9, 2, 9, 9, 7, 4, 10, 5, 10, 6, 10, 1, 3, 4, 9, 5, 8, 2, 2, 1, 127, 133, 43, 62, 146, 36, 42, 84, 108, 119, 37, 62, 102, 44, 64, 48, 119, 0]"
j20,1,stnu,600,False,inf,0.2079470157623291,inf,[],"""[0, 9, 2, 9, 9, 7, 4, 10, 5, 10, 6, 10, 1, 3, 4, 9, 5, 8, 2, 2, 1, 127, 133, 43, 62, 146, 36, 42, 84, 108, 119, 37, 62, 102, 44, 64, 48, 119, 0]"""
j20,1,proactive_quantile_0.9,600,True,50,0.09929561614990234,0.00270843505859375,"[0, 0, 0, 0, 8, 16, 8, 8, 24, 14, 25, 30, 25, 2, 16, 39, 27, 32, 32, 43, 47, 0, 0, 0, 0, 0, 0, 0, 0, 0, 0, 0, 0, 0, 0, 0, 0, 0, 145]","""[0, 11, 1, 6, 7, 4, 4, 9, 6, 10, 4, 6, 1, 2, 5, 8, 5, 6, 2, 3, 2, 127, 133, 43, 62, 146, 36, 42, 84, 108, 119, 37, 62, 102, 44, 64, 48, 119, 0]"""
j20,1,reactive,600,True,49,0.09929561614990234,0.5922470092773438,"[0, 0, 0, 0, 8, 16, 8, 8, 24, 14, 25, 30, 25, 2, 16, 39, 27, 32, 32, 43, 47, 0, 0, 0, 0, 0, 0, 0, 0, 0, 0, 0, 0, 0, 0, 0, 0, 0, 49]","[0, 11, 1, 6, 7, 4, 4, 9, 6, 10, 4, 6, 1, 2, 5, 8, 5, 6, 2, 3, 2, 127, 133, 43, 62, 146, 36, 42, 84, 108, 119, 37, 62, 102, 44, 64, 48, 119, 0]"
j20,1,stnu,600,False,inf,0.21376657485961914,inf,[],"""[0, 11, 1, 6, 7, 4, 4, 9, 6, 10, 4, 6, 1, 2, 5, 8, 5, 6, 2, 3, 2, 127, 133, 43, 62, 146, 36, 42, 84, 108, 119, 37, 62, 102, 44, 64, 48, 119, 0]"""
j20,1,proactive_quantile_0.9,600,True,50,0.10436487197875977,0.002687692642211914,"[0, 0, 0, 0, 8, 16, 8, 8, 24, 14, 25, 30, 25, 2, 16, 39, 27, 32, 32, 43, 47, 0, 0, 0, 0, 0, 0, 0, 0, 0, 0, 0, 0, 0, 0, 0, 0, 0, 145]","""[0, 6, 1, 9, 7, 4, 3, 9, 2, 8, 3, 5, 1, 4, 7, 5, 3, 12, 1, 6, 2, 127, 133, 43, 62, 146, 36, 42, 84, 108, 119, 37, 62, 102, 44, 64, 48, 119, 0]"""
j20,1,reactive,600,False,inf,inf,inf,null,"[0, 6, 1, 9, 7, 4, 3, 9, 2, 8, 3, 5, 1, 4, 7, 5, 3, 12, 1, 6, 2, 127, 133, 43, 62, 146, 36, 42, 84, 108, 119, 37, 62, 102, 44, 64, 48, 119, 0]"
j20,1,stnu,600,False,inf,0.21199631690979004,inf,[],"""[0, 6, 1, 9, 7, 4, 3, 9, 2, 8, 3, 5, 1, 4, 7, 5, 3, 12, 1, 6, 2, 127, 133, 43, 62, 146, 36, 42, 84, 108, 119, 37, 62, 102, 44, 64, 48, 119, 0]"""
j20,1,proactive_quantile_0.9,600,True,50,0.09719395637512207,0.002662181854248047,"[0, 0, 0, 0, 8, 16, 8, 8, 24, 14, 25, 30, 25, 2, 16, 39, 27, 32, 32, 43, 47, 0, 0, 0, 0, 0, 0, 0, 0, 0, 0, 0, 0, 0, 0, 0, 0, 0, 145]","""[0, 7, 1, 9, 8, 4, 7, 9, 5, 6, 4, 7, 1, 3, 7, 5, 2, 8, 2, 2, 3, 127, 133, 43, 62, 146, 36, 42, 84, 108, 119, 37, 62, 102, 44, 64, 48, 119, 0]"""
j20,1,reactive,600,False,inf,inf,inf,null,"[0, 7, 1, 9, 8, 4, 7, 9, 5, 6, 4, 7, 1, 3, 7, 5, 2, 8, 2, 2, 3, 127, 133, 43, 62, 146, 36, 42, 84, 108, 119, 37, 62, 102, 44, 64, 48, 119, 0]"
j20,1,stnu,600,False,inf,0.285994291305542,inf,[],"""[0, 7, 1, 9, 8, 4, 7, 9, 5, 6, 4, 7, 1, 3, 7, 5, 2, 8, 2, 2, 3, 127, 133, 43, 62, 146, 36, 42, 84, 108, 119, 37, 62, 102, 44, 64, 48, 119, 0]"""
j20,1,proactive_quantile_0.9,600,True,50,0.10148262977600098,0.002645730972290039,"[0, 0, 0, 0, 8, 16, 8, 8, 24, 14, 25, 30, 25, 2, 16, 39, 27, 32, 32, 43, 47, 0, 0, 0, 0, 0, 0, 0, 0, 0, 0, 0, 0, 0, 0, 0, 0, 0, 145]","""[0, 11, 1, 4, 4, 5, 2, 7, 3, 7, 5, 5, 1, 4, 3, 9, 6, 9, 1, 6, 1, 127, 133, 43, 62, 146, 36, 42, 84, 108, 119, 37, 62, 102, 44, 64, 48, 119, 0]"""
j20,1,reactive,600,False,inf,inf,inf,null,"[0, 11, 1, 4, 4, 5, 2, 7, 3, 7, 5, 5, 1, 4, 3, 9, 6, 9, 1, 6, 1, 127, 133, 43, 62, 146, 36, 42, 84, 108, 119, 37, 62, 102, 44, 64, 48, 119, 0]"
j20,1,stnu,600,False,inf,0.22910404205322266,inf,[],"""[0, 11, 1, 4, 4, 5, 2, 7, 3, 7, 5, 5, 1, 4, 3, 9, 6, 9, 1, 6, 1, 127, 133, 43, 62, 146, 36, 42, 84, 108, 119, 37, 62, 102, 44, 64, 48, 119, 0]"""
j20,1,proactive_quantile_0.9,600,True,50,0.09776115417480469,0.002691030502319336,"[0, 0, 0, 0, 8, 16, 8, 8, 24, 14, 25, 30, 25, 2, 16, 39, 27, 32, 32, 43, 47, 0, 0, 0, 0, 0, 0, 0, 0, 0, 0, 0, 0, 0, 0, 0, 0, 0, 145]","""[0, 8, 2, 8, 9, 6, 6, 8, 2, 11, 3, 10, 3, 2, 5, 4, 4, 9, 2, 5, 1, 127, 133, 43, 62, 146, 36, 42, 84, 108, 119, 37, 62, 102, 44, 64, 48, 119, 0]"""
j20,1,reactive,600,False,inf,inf,inf,null,"[0, 8, 2, 8, 9, 6, 6, 8, 2, 11, 3, 10, 3, 2, 5, 4, 4, 9, 2, 5, 1, 127, 133, 43, 62, 146, 36, 42, 84, 108, 119, 37, 62, 102, 44, 64, 48, 119, 0]"
j20,1,stnu,600,False,inf,0.22416210174560547,inf,[],"""[0, 8, 2, 8, 9, 6, 6, 8, 2, 11, 3, 10, 3, 2, 5, 4, 4, 9, 2, 5, 1, 127, 133, 43, 62, 146, 36, 42, 84, 108, 119, 37, 62, 102, 44, 64, 48, 119, 0]"""
j20,1,proactive_quantile_0.9,600,True,50,0.09619379043579102,0.0026073455810546875,"[0, 0, 0, 0, 8, 16, 8, 8, 24, 14, 25, 30, 25, 2, 16, 39, 27, 32, 32, 43, 47, 0, 0, 0, 0, 0, 0, 0, 0, 0, 0, 0, 0, 0, 0, 0, 0, 0, 145]","""[0, 13, 2, 4, 6, 6, 3, 8, 6, 7, 6, 9, 1, 3, 3, 9, 4, 6, 2, 3, 4, 127, 133, 43, 62, 146, 36, 42, 84, 108, 119, 37, 62, 102, 44, 64, 48, 119, 0]"""
j20,1,reactive,600,False,inf,inf,inf,null,"[0, 13, 2, 4, 6, 6, 3, 8, 6, 7, 6, 9, 1, 3, 3, 9, 4, 6, 2, 3, 4, 127, 133, 43, 62, 146, 36, 42, 84, 108, 119, 37, 62, 102, 44, 64, 48, 119, 0]"
j20,1,stnu,600,False,inf,0.27147960662841797,inf,[],"""[0, 13, 2, 4, 6, 6, 3, 8, 6, 7, 6, 9, 1, 3, 3, 9, 4, 6, 2, 3, 4, 127, 133, 43, 62, 146, 36, 42, 84, 108, 119, 37, 62, 102, 44, 64, 48, 119, 0]"""
j20,1,proactive_quantile_0.9,600,True,37,0.0981435775756836,0.0016911029815673828,"[0, 0, 0, 0, 2, 5, 4, 4, 12, 9, 13, 14, 12, 14, 23, 15, 23, 23, 23, 29, 24, 0, 0, 0, 0, 0, 0, 0, 0, 0, 0, 0, 0, 137]","""[0, 5, 6, 2, 2, 6, 4, 8, 2, 3, 1, 7, 2, 4, 1, 5, 1, 2, 4, 8, 6, 71, 94, 19, 51, 40, 61, 82, 26, 90, 138, 85, 81, 0]"""
j20,1,reactive,600,False,inf,inf,inf,null,"[0, 5, 6, 2, 2, 6, 4, 8, 2, 3, 1, 7, 2, 4, 1, 5, 1, 2, 4, 8, 6, 71, 94, 19, 51, 40, 61, 82, 26, 90, 138, 85, 81, 0]"
j20,1,stnu,600,False,inf,0.21813583374023438,inf,[],"""[0, 5, 6, 2, 2, 6, 4, 8, 2, 3, 1, 7, 2, 4, 1, 5, 1, 2, 4, 8, 6, 71, 94, 19, 51, 40, 61, 82, 26, 90, 138, 85, 81, 0]"""
j20,1,proactive_quantile_0.9,600,False,inf,0.09308433532714844,inf,"[0, 0, 0, 0, 2, 5, 4, 4, 12, 9, 13, 14, 12, 14, 23, 15, 23, 23, 23, 29, 24, 0, 0, 0, 0, 0, 0, 0, 0, 0, 0, 0, 0, 137]","""[0, 5, 3, 3, 3, 7, 2, 8, 1, 2, 1, 8, 3, 4, 1, 7, 4, 6, 4, 4, 3, 71, 94, 19, 51, 40, 61, 82, 26, 90, 138, 85, 81, 0]"""
j20,1,reactive,600,False,inf,inf,inf,null,"[0, 5, 3, 3, 3, 7, 2, 8, 1, 2, 1, 8, 3, 4, 1, 7, 4, 6, 4, 4, 3, 71, 94, 19, 51, 40, 61, 82, 26, 90, 138, 85, 81, 0]"
j20,1,stnu,600,False,inf,0.2679877281188965,inf,[],"""[0, 5, 3, 3, 3, 7, 2, 8, 1, 2, 1, 8, 3, 4, 1, 7, 4, 6, 4, 4, 3, 71, 94, 19, 51, 40, 61, 82, 26, 90, 138, 85, 81, 0]"""
j20,1,proactive_quantile_0.9,600,True,37,0.1018226146697998,0.0016989707946777344,"[0, 0, 0, 0, 2, 5, 4, 4, 12, 9, 13, 14, 12, 14, 23, 15, 23, 23, 23, 29, 24, 0, 0, 0, 0, 0, 0, 0, 0, 0, 0, 0, 0, 137]","""[0, 6, 4, 1, 3, 8, 3, 6, 2, 4, 2, 5, 4, 7, 1, 7, 1, 3, 2, 4, 3, 71, 94, 19, 51, 40, 61, 82, 26, 90, 138, 85, 81, 0]"""
j20,1,reactive,600,False,inf,inf,inf,null,"[0, 6, 4, 1, 3, 8, 3, 6, 2, 4, 2, 5, 4, 7, 1, 7, 1, 3, 2, 4, 3, 71, 94, 19, 51, 40, 61, 82, 26, 90, 138, 85, 81, 0]"
j20,1,stnu,600,False,inf,0.21746015548706055,inf,[],"""[0, 6, 4, 1, 3, 8, 3, 6, 2, 4, 2, 5, 4, 7, 1, 7, 1, 3, 2, 4, 3, 71, 94, 19, 51, 40, 61, 82, 26, 90, 138, 85, 81, 0]"""
j20,1,proactive_quantile_0.9,600,False,inf,0.09804940223693848,inf,"[0, 0, 0, 0, 2, 4, 4, 4, 12, 5, 13, 7, 9, 13, 15, 9, 12, 12, 12, 13, 16, 0, 0, 0, 0, 0, 0, 0, 0, 0, 0, 0, 0, 137]","""[0, 8, 2, 2, 1, 5, 1, 4, 2, 1, 3, 2, 2, 2, 1, 4, 2, 1, 1, 6, 3, 71, 94, 19, 51, 40, 61, 82, 26, 90, 138, 85, 81, 0]"""
j20,1,reactive,600,False,inf,inf,inf,null,"[0, 8, 2, 2, 1, 5, 1, 4, 2, 1, 3, 2, 2, 2, 1, 4, 2, 1, 1, 6, 3, 71, 94, 19, 51, 40, 61, 82, 26, 90, 138, 85, 81, 0]"
j20,1,stnu,600,False,inf,0.21155476570129395,inf,[],"""[0, 4, 6, 2, 1, 5, 5, 9, 2, 5, 2, 9, 3, 6, 1, 7, 4, 7, 1, 6, 3, 71, 94, 19, 51, 40, 61, 82, 26, 90, 138, 85, 81, 0]"""
j20,1,proactive_quantile_0.9,600,False,inf,0.09696745872497559,inf,"[0, 0, 0, 0, 2, 5, 4, 4, 12, 9, 13, 14, 12, 14, 23, 15, 23, 23, 23, 29, 24, 0, 0, 0, 0, 0, 0, 0, 0, 0, 0, 0, 0, 137]","""[0, 9, 5, 2, 3, 6, 6, 4, 1, 2, 3, 7, 4, 9, 1, 6, 4, 4, 3, 6, 7, 71, 94, 19, 51, 40, 61, 82, 26, 90, 138, 85, 81, 0]"""
j20,1,reactive,600,False,inf,inf,inf,null,"[0, 9, 5, 2, 3, 6, 6, 4, 1, 2, 3, 7, 4, 9, 1, 6, 4, 4, 3, 6, 7, 71, 94, 19, 51, 40, 61, 82, 26, 90, 138, 85, 81, 0]"
j20,1,stnu,600,False,inf,0.20836615562438965,inf,[],"""[0, 9, 5, 2, 3, 6, 6, 4, 1, 2, 3, 7, 4, 9, 1, 6, 4, 4, 3, 6, 7, 71, 94, 19, 51, 40, 61, 82, 26, 90, 138, 85, 81, 0]"""
j20,1,proactive_quantile_0.9,600,False,inf,0.0957329273223877,inf,"[0, 0, 0, 0, 2, 5, 4, 4, 12, 9, 13, 14, 12, 14, 23, 15, 23, 23, 23, 29, 24, 0, 0, 0, 0, 0, 0, 0, 0, 0, 0, 0, 0, 137]","""[0, 8, 5, 3, 2, 7, 5, 4, 2, 2, 4, 10, 1, 7, 1, 8, 2, 7, 4, 4, 3, 71, 94, 19, 51, 40, 61, 82, 26, 90, 138, 85, 81, 0]"""
j20,1,reactive,600,False,inf,inf,inf,null,"[0, 8, 5, 3, 2, 7, 5, 4, 2, 2, 4, 10, 1, 7, 1, 8, 2, 7, 4, 4, 3, 71, 94, 19, 51, 40, 61, 82, 26, 90, 138, 85, 81, 0]"
j20,1,stnu,600,False,inf,0.20655441284179688,inf,[],"""[0, 8, 5, 3, 2, 7, 5, 4, 2, 2, 4, 10, 1, 7, 1, 8, 2, 7, 4, 4, 3, 71, 94, 19, 51, 40, 61, 82, 26, 90, 138, 85, 81, 0]"""
j20,1,proactive_quantile_0.9,600,True,37,0.09771251678466797,0.001737356185913086,"[0, 0, 0, 0, 2, 5, 4, 4, 12, 9, 13, 14, 12, 14, 23, 15, 23, 23, 23, 29, 24, 0, 0, 0, 0, 0, 0, 0, 0, 0, 0, 0, 0, 137]","""[0, 5, 6, 1, 2, 8, 4, 5, 2, 4, 3, 6, 3, 8, 2, 4, 4, 6, 2, 6, 2, 71, 94, 19, 51, 40, 61, 82, 26, 90, 138, 85, 81, 0]"""
j20,1,reactive,600,False,inf,inf,inf,null,"[0, 5, 6, 1, 2, 8, 4, 5, 2, 4, 3, 6, 3, 8, 2, 4, 4, 6, 2, 6, 2, 71, 94, 19, 51, 40, 61, 82, 26, 90, 138, 85, 81, 0]"
j20,1,stnu,600,False,inf,0.20745182037353516,inf,[],"""[0, 5, 6, 1, 2, 8, 4, 5, 2, 4, 3, 6, 3, 8, 2, 4, 4, 6, 2, 6, 2, 71, 94, 19, 51, 40, 61, 82, 26, 90, 138, 85, 81, 0]"""
j20,1,proactive_quantile_0.9,600,True,37,0.10083413124084473,0.0017359256744384766,"[0, 0, 0, 0, 2, 5, 4, 4, 12, 9, 13, 14, 12, 14, 23, 15, 23, 23, 23, 29, 24, 0, 0, 0, 0, 0, 0, 0, 0, 0, 0, 0, 0, 137]","""[0, 9, 3, 1, 3, 5, 2, 4, 2, 2, 1, 9, 2, 8, 2, 5, 1, 5, 3, 4, 2, 71, 94, 19, 51, 40, 61, 82, 26, 90, 138, 85, 81, 0]"""
j20,1,reactive,600,False,inf,inf,inf,null,"[0, 9, 3, 1, 3, 5, 2, 4, 2, 2, 1, 9, 2, 8, 2, 5, 1, 5, 3, 4, 2, 71, 94, 19, 51, 40, 61, 82, 26, 90, 138, 85, 81, 0]"
j20,1,stnu,600,False,inf,0.2818179130554199,inf,[],"""[0, 9, 3, 1, 3, 5, 2, 4, 2, 2, 1, 9, 2, 8, 2, 5, 1, 5, 3, 4, 2, 71, 94, 19, 51, 40, 61, 82, 26, 90, 138, 85, 81, 0]"""
j20,1,proactive_quantile_0.9,600,False,inf,0.09603357315063477,inf,"[0, 0, 0, 0, 2, 5, 4, 4, 12, 9, 13, 14, 12, 14, 23, 15, 23, 23, 23, 29, 24, 0, 0, 0, 0, 0, 0, 0, 0, 0, 0, 0, 0, 137]","""[0, 8, 6, 2, 2, 6, 6, 8, 1, 6, 3, 6, 4, 4, 2, 4, 3, 3, 2, 9, 3, 71, 94, 19, 51, 40, 61, 82, 26, 90, 138, 85, 81, 0]"""
j20,1,reactive,600,False,inf,inf,inf,null,"[0, 8, 6, 2, 2, 6, 6, 8, 1, 6, 3, 6, 4, 4, 2, 4, 3, 3, 2, 9, 3, 71, 94, 19, 51, 40, 61, 82, 26, 90, 138, 85, 81, 0]"
j20,1,stnu,600,False,inf,0.6448535919189453,inf,[],"""[0, 8, 6, 2, 2, 6, 6, 8, 1, 6, 3, 6, 4, 4, 2, 4, 3, 3, 2, 9, 3, 71, 94, 19, 51, 40, 61, 82, 26, 90, 138, 85, 81, 0]"""
j20,1,proactive_quantile_0.9,600,False,inf,0.09531116485595703,inf,"[0, 0, 0, 0, 2, 5, 4, 4, 12, 9, 13, 14, 12, 14, 23, 15, 23, 23, 23, 29, 24, 0, 0, 0, 0, 0, 0, 0, 0, 0, 0, 0, 0, 137]","""[0, 9, 4, 1, 3, 5, 4, 6, 2, 6, 1, 9, 4, 8, 2, 6, 3, 6, 2, 4, 4, 71, 94, 19, 51, 40, 61, 82, 26, 90, 138, 85, 81, 0]"""
j20,1,reactive,600,False,inf,inf,inf,null,"[0, 9, 4, 1, 3, 5, 4, 6, 2, 6, 1, 9, 4, 8, 2, 6, 3, 6, 2, 4, 4, 71, 94, 19, 51, 40, 61, 82, 26, 90, 138, 85, 81, 0]"
j20,1,stnu,600,False,inf,0.21231436729431152,inf,[],"""[0, 9, 4, 1, 3, 5, 4, 6, 2, 6, 1, 9, 4, 8, 2, 6, 3, 6, 2, 4, 4, 71, 94, 19, 51, 40, 61, 82, 26, 90, 138, 85, 81, 0]"""
j10,2,proactive_quantile_0.9,600,True,41,0.05733180046081543,0.0007190704345703125,"[0, 0, 0, 0, 10, 19, 11, 29, 36, 19, 10, 0, 0, 0, 0, 0, 0, 0, 68]","""[0, 2, 10, 1, 10, 1, 1, 2, 6, 1, 5, 46, 15, 23, 34, 69, 49, 65, 0]"""
j10,2,reactive,600,False,inf,inf,inf,null,"[0, 2, 10, 1, 10, 1, 1, 2, 6, 1, 5, 46, 15, 23, 34, 69, 49, 65, 0]"
j10,2,stnu,600,False,inf,0.18897676467895508,inf,[],"""[0, 2, 10, 1, 10, 1, 1, 2, 6, 1, 5, 46, 15, 23, 34, 69, 49, 65, 0]"""
j10,2,proactive_quantile_0.9,600,True,41,0.05570340156555176,0.000743865966796875,"[0, 0, 0, 0, 10, 19, 11, 29, 36, 19, 10, 0, 0, 0, 0, 0, 0, 0, 68]","""[0, 2, 8, 11, 5, 12, 3, 7, 6, 2, 9, 46, 15, 23, 34, 69, 49, 65, 0]"""
j10,2,reactive,600,False,inf,inf,inf,null,"[0, 2, 8, 11, 5, 12, 3, 7, 6, 2, 9, 46, 15, 23, 34, 69, 49, 65, 0]"
j10,2,stnu,600,False,inf,0.18728852272033691,inf,[],"""[0, 2, 8, 11, 5, 12, 3, 7, 6, 2, 9, 46, 15, 23, 34, 69, 49, 65, 0]"""
j10,2,proactive_quantile_0.9,600,True,41,0.058258056640625,0.0007278919219970703,"[0, 0, 0, 0, 10, 19, 11, 29, 36, 19, 10, 0, 0, 0, 0, 0, 0, 0, 68]","""[0, 6, 11, 5, 5, 7, 1, 1, 4, 1, 9, 46, 15, 23, 34, 69, 49, 65, 0]"""
j10,2,reactive,600,True,40,0.058258056640625,0.12080788612365723,"[0, 0, 0, 0, 10, 19, 11, 29, 36, 19, 10, 0, 0, 0, 0, 0, 0, 0, 40]","[0, 6, 11, 5, 5, 7, 1, 1, 4, 1, 9, 46, 15, 23, 34, 69, 49, 65, 0]"
j10,2,stnu,600,False,inf,0.1703650951385498,inf,[],"""[0, 6, 11, 5, 5, 7, 1, 1, 4, 1, 9, 46, 15, 23, 34, 69, 49, 65, 0]"""
j10,2,proactive_quantile_0.9,600,True,41,0.054265737533569336,0.0007236003875732422,"[0, 0, 0, 0, 10, 19, 11, 29, 36, 19, 10, 0, 0, 0, 0, 0, 0, 0, 68]","""[0, 8, 2, 6, 7, 5, 3, 8, 4, 3, 3, 46, 15, 23, 34, 69, 49, 65, 0]"""
j10,2,reactive,600,False,inf,inf,inf,null,"[0, 8, 2, 6, 7, 5, 3, 8, 4, 3, 3, 46, 15, 23, 34, 69, 49, 65, 0]"
j10,2,stnu,600,False,inf,0.15505027770996094,inf,[],"""[0, 8, 2, 6, 7, 5, 3, 8, 4, 3, 3, 46, 15, 23, 34, 69, 49, 65, 0]"""
j10,2,proactive_quantile_0.9,600,True,41,0.05621004104614258,0.0007050037384033203,"[0, 0, 0, 0, 10, 19, 11, 29, 36, 19, 10, 0, 0, 0, 0, 0, 0, 0, 68]","""[0, 3, 2, 5, 8, 3, 2, 5, 4, 1, 2, 46, 15, 23, 34, 69, 49, 65, 0]"""
j10,2,reactive,600,True,40,0.05621004104614258,0.13875031471252441,"[0, 0, 0, 0, 10, 19, 11, 29, 36, 19, 10, 0, 0, 0, 0, 0, 0, 0, 40]","[0, 3, 2, 5, 8, 3, 2, 5, 4, 1, 2, 46, 15, 23, 34, 69, 49, 65, 0]"
j10,2,stnu,600,False,inf,0.17229700088500977,inf,[],"""[0, 3, 2, 5, 8, 3, 2, 5, 4, 1, 2, 46, 15, 23, 34, 69, 49, 65, 0]"""
j10,2,proactive_quantile_0.9,600,True,41,0.054779052734375,0.0007228851318359375,"[0, 0, 0, 0, 10, 19, 11, 29, 36, 19, 10, 0, 0, 0, 0, 0, 0, 0, 68]","""[0, 8, 4, 10, 9, 3, 2, 8, 4, 3, 1, 46, 15, 23, 34, 69, 49, 65, 0]"""
j10,2,reactive,600,False,inf,inf,inf,null,"[0, 8, 4, 10, 9, 3, 2, 8, 4, 3, 1, 46, 15, 23, 34, 69, 49, 65, 0]"
j10,2,stnu,600,False,inf,0.17419672012329102,inf,[],"""[0, 8, 4, 10, 9, 3, 2, 8, 4, 3, 1, 46, 15, 23, 34, 69, 49, 65, 0]"""
j10,2,proactive_quantile_0.9,600,True,41,0.0549311637878418,0.0007231235504150391,"[0, 0, 0, 0, 10, 19, 11, 29, 36, 19, 10, 0, 0, 0, 0, 0, 0, 0, 68]","""[0, 8, 5, 9, 8, 1, 3, 8, 1, 3, 1, 46, 15, 23, 34, 69, 49, 65, 0]"""
j10,2,reactive,600,False,inf,inf,inf,null,"[0, 8, 5, 9, 8, 1, 3, 8, 1, 3, 1, 46, 15, 23, 34, 69, 49, 65, 0]"
j10,2,stnu,600,False,inf,0.15529751777648926,inf,[],"""[0, 8, 5, 9, 8, 1, 3, 8, 1, 3, 1, 46, 15, 23, 34, 69, 49, 65, 0]"""
j10,2,proactive_quantile_0.9,600,True,41,0.05728864669799805,0.0007216930389404297,"[0, 0, 0, 0, 10, 19, 11, 29, 36, 19, 10, 0, 0, 0, 0, 0, 0, 0, 68]","""[0, 8, 7, 12, 4, 4, 1, 2, 4, 1, 4, 46, 15, 23, 34, 69, 49, 65, 0]"""
j10,2,reactive,600,False,inf,inf,inf,null,"[0, 8, 7, 12, 4, 4, 1, 2, 4, 1, 4, 46, 15, 23, 34, 69, 49, 65, 0]"
j10,2,stnu,600,False,inf,0.15520763397216797,inf,[],"""[0, 8, 7, 12, 4, 4, 1, 2, 4, 1, 4, 46, 15, 23, 34, 69, 49, 65, 0]"""
j10,2,proactive_quantile_0.9,600,True,41,0.05452919006347656,0.0007297992706298828,"[0, 0, 0, 0, 10, 19, 11, 29, 36, 19, 10, 0, 0, 0, 0, 0, 0, 0, 68]","""[0, 7, 13, 5, 8, 11, 2, 2, 1, 1, 1, 46, 15, 23, 34, 69, 49, 65, 0]"""
j10,2,reactive,600,False,inf,inf,inf,null,"[0, 7, 13, 5, 8, 11, 2, 2, 1, 1, 1, 46, 15, 23, 34, 69, 49, 65, 0]"
j10,2,stnu,600,False,inf,0.18877911567687988,inf,[],"""[0, 7, 13, 5, 8, 11, 2, 2, 1, 1, 1, 46, 15, 23, 34, 69, 49, 65, 0]"""
j10,2,proactive_quantile_0.9,600,True,41,0.05343317985534668,0.0007405281066894531,"[0, 0, 0, 0, 10, 19, 11, 29, 36, 19, 10, 0, 0, 0, 0, 0, 0, 0, 68]","""[0, 6, 2, 9, 9, 11, 1, 8, 2, 1, 3, 46, 15, 23, 34, 69, 49, 65, 0]"""
j10,2,reactive,600,False,inf,inf,inf,null,"[0, 6, 2, 9, 9, 11, 1, 8, 2, 1, 3, 46, 15, 23, 34, 69, 49, 65, 0]"
j10,2,stnu,600,False,inf,0.1597764492034912,inf,[],"""[0, 6, 2, 9, 9, 11, 1, 8, 2, 1, 3, 46, 15, 23, 34, 69, 49, 65, 0]"""
j10,2,proactive_quantile_0.9,600,False,inf,0.05758929252624512,inf,"[0, 0, 5, 0, 13, 16, 23, 23, 13, 31, 31, 0, 41]","""[0, 14, 2, 4, 2, 8, 2, 6, 4, 7, 8, 42, 0]"""
j10,2,reactive,600,False,inf,inf,inf,null,"[0, 14, 2, 4, 2, 8, 2, 6, 4, 7, 8, 42, 0]"
j10,2,stnu,600,False,inf,0.17301535606384277,inf,[],"""[0, 14, 2, 4, 2, 8, 2, 6, 4, 7, 8, 42, 0]"""
j10,2,proactive_quantile_0.9,600,True,41,0.05645108222961426,0.0002593994140625,"[0, 0, 5, 0, 13, 16, 23, 23, 13, 31, 31, 0, 41]","""[0, 11, 2, 1, 4, 6, 5, 3, 3, 4, 2, 42, 0]"""
j10,2,reactive,600,False,inf,inf,inf,null,"[0, 11, 2, 1, 4, 6, 5, 3, 3, 4, 2, 42, 0]"
j10,2,stnu,600,False,inf,0.15143370628356934,inf,[],"""[0, 11, 2, 1, 4, 6, 5, 3, 3, 4, 2, 42, 0]"""
j10,2,proactive_quantile_0.9,600,True,41,0.05578136444091797,0.00023865699768066406,"[0, 0, 5, 0, 13, 16, 23, 23, 13, 31, 31, 0, 41]","""[0, 3, 1, 3, 4, 5, 4, 1, 2, 7, 2, 42, 0]"""
j10,2,reactive,600,False,inf,inf,inf,null,"[0, 3, 1, 3, 4, 5, 4, 1, 2, 7, 2, 42, 0]"
j10,2,stnu,600,False,inf,0.1477031707763672,inf,[],"""[0, 3, 1, 3, 4, 5, 4, 1, 2, 7, 2, 42, 0]"""
j10,2,proactive_quantile_0.9,600,True,41,0.05987262725830078,0.00025010108947753906,"[0, 0, 5, 0, 13, 16, 23, 23, 13, 31, 31, 0, 41]","""[0, 7, 2, 4, 4, 5, 8, 8, 1, 11, 1, 42, 0]"""
j10,2,reactive,600,False,inf,inf,inf,null,"[0, 7, 2, 4, 4, 5, 8, 8, 1, 11, 1, 42, 0]"
j10,2,stnu,600,False,inf,0.1552114486694336,inf,[],"""[0, 7, 2, 4, 4, 5, 8, 8, 1, 11, 1, 42, 0]"""
j10,2,proactive_quantile_0.9,600,True,41,0.0613245964050293,0.00027108192443847656,"[0, 0, 5, 0, 13, 16, 23, 23, 13, 31, 31, 0, 41]","""[0, 3, 1, 4, 2, 6, 4, 8, 2, 10, 7, 42, 0]"""
j10,2,reactive,600,True,41,0.0613245964050293,0.22003936767578125,"[0, 0, 5, 0, 13, 16, 23, 23, 13, 31, 31, 0, 41]","[0, 3, 1, 4, 2, 6, 4, 8, 2, 10, 7, 42, 0]"
j10,2,stnu,600,False,inf,0.18453240394592285,inf,[],"""[0, 3, 1, 4, 2, 6, 4, 8, 2, 10, 7, 42, 0]"""
j10,2,proactive_quantile_0.9,600,True,41,0.05771350860595703,0.00025534629821777344,"[0, 0, 5, 0, 13, 16, 23, 23, 13, 31, 31, 0, 41]","""[0, 13, 1, 1, 2, 5, 7, 4, 8, 7, 2, 42, 0]"""
j10,2,reactive,600,True,38,0.05771350860595703,0.14719295501708984,"[0, 0, 5, 0, 13, 16, 23, 23, 13, 31, 31, 0, 38]","[0, 13, 1, 1, 2, 5, 7, 4, 8, 7, 2, 42, 0]"
j10,2,stnu,600,False,inf,0.14963960647583008,inf,[],"""[0, 13, 1, 1, 2, 5, 7, 4, 8, 7, 2, 42, 0]"""
j10,2,proactive_quantile_0.9,600,False,inf,0.05510997772216797,inf,"[0, 0, 5, 0, 13, 16, 23, 23, 13, 31, 31, 0, 41]","""[0, 9, 4, 6, 3, 2, 5, 1, 5, 3, 9, 42, 0]"""
j10,2,reactive,600,False,inf,inf,inf,null,"[0, 9, 4, 6, 3, 2, 5, 1, 5, 3, 9, 42, 0]"
j10,2,stnu,600,False,inf,0.1547260284423828,inf,[],"""[0, 9, 4, 6, 3, 2, 5, 1, 5, 3, 9, 42, 0]"""
j10,2,proactive_quantile_0.9,600,True,41,0.05981159210205078,0.0002593994140625,"[0, 0, 5, 0, 13, 16, 23, 23, 13, 31, 31, 0, 41]","""[0, 5, 1, 4, 3, 5, 8, 4, 9, 9, 6, 42, 0]"""
j10,2,reactive,600,True,40,0.05981159210205078,0.1543121337890625,"[0, 0, 5, 0, 13, 16, 23, 23, 13, 31, 31, 0, 40]","[0, 5, 1, 4, 3, 5, 8, 4, 9, 9, 6, 42, 0]"
j10,2,stnu,600,False,inf,0.19719529151916504,inf,[],"""[0, 5, 1, 4, 3, 5, 8, 4, 9, 9, 6, 42, 0]"""
j10,2,proactive_quantile_0.9,600,False,inf,0.056038856506347656,inf,"[0, 0, 5, 0, 13, 16, 23, 23, 13, 31, 31, 0, 41]","""[0, 7, 4, 6, 4, 4, 8, 7, 3, 9, 8, 42, 0]"""
j10,2,reactive,600,False,inf,inf,inf,null,"[0, 7, 4, 6, 4, 4, 8, 7, 3, 9, 8, 42, 0]"
j10,2,stnu,600,False,inf,0.15129423141479492,inf,[],"""[0, 7, 4, 6, 4, 4, 8, 7, 3, 9, 8, 42, 0]"""
j10,2,proactive_quantile_0.9,600,False,inf,0.05587649345397949,inf,"[0, 0, 5, 0, 13, 16, 23, 23, 13, 31, 31, 0, 41]","""[0, 10, 5, 2, 1, 8, 4, 2, 4, 9, 2, 42, 0]"""
j10,2,reactive,600,False,inf,inf,inf,null,"[0, 10, 5, 2, 1, 8, 4, 2, 4, 9, 2, 42, 0]"
j10,2,stnu,600,False,inf,0.14723968505859375,inf,[],"""[0, 10, 5, 2, 1, 8, 4, 2, 4, 9, 2, 42, 0]"""
j10,2,proactive_quantile_0.9,600,False,inf,0.067291259765625,inf,"[0, 0, 0, 4, 2, 4, 9, 9, 17, 9, 9, 0, 0, 0, 0, 0, 0, 0, 0, 0, 69]","""[0, 1, 3, 1, 3, 6, 1, 4, 7, 7, 6, 70, 66, 45, 53, 15, 50, 37, 70, 33, 0]"""
j10,2,reactive,600,False,inf,inf,inf,null,"[0, 1, 3, 1, 3, 6, 1, 4, 7, 7, 6, 70, 66, 45, 53, 15, 50, 37, 70, 33, 0]"
j10,2,stnu,600,False,inf,0.20571208000183105,inf,[],"""[0, 1, 3, 2, 3, 6, 13, 3, 11, 1, 6, 70, 66, 45, 53, 15, 50, 37, 70, 33, 0]"""
j10,2,proactive_quantile_0.9,600,False,inf,0.06730914115905762,inf,"[0, 0, 0, 4, 2, 4, 9, 9, 17, 9, 9, 0, 0, 0, 0, 0, 0, 0, 0, 0, 69]","""[0, 3, 1, 3, 2, 2, 5, 1, 15, 5, 8, 70, 66, 45, 53, 15, 50, 37, 70, 33, 0]"""
j10,2,reactive,600,False,inf,inf,inf,null,"[0, 3, 1, 3, 2, 2, 5, 1, 15, 5, 8, 70, 66, 45, 53, 15, 50, 37, 70, 33, 0]"
j10,2,stnu,600,False,inf,0.21693134307861328,inf,[],"""[0, 3, 1, 2, 2, 2, 4, 2, 11, 4, 8, 70, 66, 45, 53, 15, 50, 37, 70, 33, 0]"""
j10,2,proactive_quantile_0.9,600,True,30,0.06832742691040039,0.0009615421295166016,"[0, 0, 0, 4, 2, 4, 9, 9, 17, 9, 9, 0, 0, 0, 0, 0, 0, 0, 0, 0, 69]","""[0, 1, 1, 1, 2, 1, 2, 1, 15, 9, 8, 70, 66, 45, 53, 15, 50, 37, 70, 33, 0]"""
j10,2,reactive,600,True,32,0.06832742691040039,0.1965770721435547,"[0, 0, 0, 4, 2, 4, 9, 9, 17, 9, 9, 0, 0, 0, 0, 0, 0, 0, 0, 0, 69]","[0, 1, 1, 1, 2, 1, 2, 1, 15, 9, 8, 70, 66, 45, 53, 15, 50, 37, 70, 33, 0]"
j10,2,stnu,600,False,inf,0.15700411796569824,inf,[],"""[0, 1, 1, 2, 2, 1, 9, 5, 13, 4, 8, 70, 66, 45, 53, 15, 50, 37, 70, 33, 0]"""
j10,2,proactive_quantile_0.9,600,True,30,0.06952309608459473,0.0009286403656005859,"[0, 0, 0, 4, 2, 4, 9, 9, 17, 9, 9, 0, 0, 0, 0, 0, 0, 0, 0, 0, 69]","""[0, 1, 1, 1, 1, 3, 3, 3, 6, 3, 6, 70, 66, 45, 53, 15, 50, 37, 70, 33, 0]"""
j10,2,reactive,600,True,23,0.06952309608459473,0.20447349548339844,"[0, 0, 0, 4, 2, 4, 9, 9, 17, 9, 9, 0, 0, 0, 0, 0, 0, 0, 0, 0, 69]","[0, 1, 1, 1, 1, 3, 3, 3, 6, 3, 6, 70, 66, 45, 53, 15, 50, 37, 70, 33, 0]"
j10,2,stnu,600,False,inf,0.16162705421447754,inf,[],"""[0, 1, 1, 3, 1, 3, 3, 3, 10, 3, 6, 70, 66, 45, 53, 15, 50, 37, 70, 33, 0]"""
j10,2,proactive_quantile_0.9,600,True,30,0.0692281723022461,0.0009522438049316406,"[0, 0, 0, 4, 2, 4, 9, 9, 17, 9, 9, 0, 0, 0, 0, 0, 0, 0, 0, 0, 69]","""[0, 1, 1, 2, 1, 5, 6, 1, 5, 8, 3, 70, 66, 45, 53, 15, 50, 37, 70, 33, 0]"""
j10,2,reactive,600,True,22,0.0692281723022461,0.17452669143676758,"[0, 0, 0, 4, 2, 4, 9, 9, 17, 9, 9, 0, 0, 0, 0, 0, 0, 0, 0, 0, 69]","[0, 1, 1, 2, 1, 5, 6, 1, 5, 8, 3, 70, 66, 45, 53, 15, 50, 37, 70, 33, 0]"
j10,2,stnu,600,False,inf,0.15810060501098633,inf,[],"""[0, 1, 1, 4, 1, 5, 8, 6, 5, 7, 3, 70, 66, 45, 53, 15, 50, 37, 70, 33, 0]"""
j10,2,proactive_quantile_0.9,600,True,30,0.0664682388305664,0.0009815692901611328,"[0, 0, 0, 4, 2, 4, 9, 9, 17, 9, 9, 0, 0, 0, 0, 0, 0, 0, 0, 0, 69]","""[0, 2, 2, 1, 2, 3, 7, 3, 9, 7, 7, 70, 66, 45, 53, 15, 50, 37, 70, 33, 0]"""
j10,2,reactive,600,True,26,0.0664682388305664,0.11011385917663574,"[0, 0, 0, 4, 2, 4, 9, 9, 17, 9, 9, 0, 0, 0, 0, 0, 0, 0, 0, 0, 69]","[0, 2, 2, 1, 2, 3, 7, 3, 9, 7, 7, 70, 66, 45, 53, 15, 50, 37, 70, 33, 0]"
j10,2,stnu,600,False,inf,0.15895938873291016,inf,[],"""[0, 2, 2, 4, 2, 3, 11, 3, 3, 6, 7, 70, 66, 45, 53, 15, 50, 37, 70, 33, 0]"""
j10,2,proactive_quantile_0.9,600,False,inf,0.07048964500427246,inf,"[0, 0, 0, 4, 2, 4, 9, 9, 17, 9, 9, 0, 0, 0, 0, 0, 0, 0, 0, 0, 69]","""[0, 3, 3, 2, 2, 2, 1, 2, 14, 2, 5, 70, 66, 45, 53, 15, 50, 37, 70, 33, 0]"""
j10,2,reactive,600,False,inf,inf,inf,null,"[0, 3, 3, 2, 2, 2, 1, 2, 14, 2, 5, 70, 66, 45, 53, 15, 50, 37, 70, 33, 0]"
j10,2,stnu,600,False,inf,0.15737414360046387,inf,[],"""[0, 3, 3, 4, 2, 2, 6, 5, 4, 3, 5, 70, 66, 45, 53, 15, 50, 37, 70, 33, 0]"""
j10,2,proactive_quantile_0.9,600,False,inf,0.06787538528442383,inf,"[0, 0, 0, 4, 2, 4, 9, 9, 17, 9, 9, 0, 0, 0, 0, 0, 0, 0, 0, 0, 69]","""[0, 3, 3, 1, 3, 1, 7, 2, 11, 8, 5, 70, 66, 45, 53, 15, 50, 37, 70, 33, 0]"""
j10,2,reactive,600,False,inf,inf,inf,null,"[0, 3, 3, 1, 3, 1, 7, 2, 11, 8, 5, 70, 66, 45, 53, 15, 50, 37, 70, 33, 0]"
j10,2,stnu,600,False,inf,0.1636817455291748,inf,[],"""[0, 3, 3, 4, 3, 1, 12, 3, 11, 2, 5, 70, 66, 45, 53, 15, 50, 37, 70, 33, 0]"""
j10,2,proactive_quantile_0.9,600,False,inf,0.06573033332824707,inf,"[0, 0, 0, 4, 2, 4, 9, 9, 17, 9, 9, 0, 0, 0, 0, 0, 0, 0, 0, 0, 69]","""[0, 3, 2, 2, 2, 2, 3, 4, 10, 8, 6, 70, 66, 45, 53, 15, 50, 37, 70, 33, 0]"""
j10,2,reactive,600,False,inf,inf,inf,null,"[0, 3, 2, 2, 2, 2, 3, 4, 10, 8, 6, 70, 66, 45, 53, 15, 50, 37, 70, 33, 0]"
j10,2,stnu,600,False,inf,0.15761303901672363,inf,[],"""[0, 3, 2, 1, 2, 2, 12, 1, 5, 6, 6, 70, 66, 45, 53, 15, 50, 37, 70, 33, 0]"""
j10,2,proactive_quantile_0.9,600,False,inf,0.06409311294555664,inf,"[0, 0, 0, 4, 2, 4, 9, 9, 17, 9, 9, 0, 0, 0, 0, 0, 0, 0, 0, 0, 69]","""[0, 3, 2, 1, 1, 3, 2, 2, 14, 8, 7, 70, 66, 45, 53, 15, 50, 37, 70, 33, 0]"""
j10,2,reactive,600,False,inf,inf,inf,null,"[0, 3, 2, 1, 1, 3, 2, 2, 14, 8, 7, 70, 66, 45, 53, 15, 50, 37, 70, 33, 0]"
j10,2,stnu,600,False,inf,0.15447545051574707,inf,[],"""[0, 3, 2, 1, 1, 3, 8, 2, 4, 4, 7, 70, 66, 45, 53, 15, 50, 37, 70, 33, 0]"""
j10,2,proactive_quantile_0.9,600,True,42,0.05636715888977051,0.0012044906616210938,"[0, 0, 0, 0, 3, 3, 3, 16, 14, 29, 3, 0, 0, 0, 0, 0, 0, 0, 0, 0, 0, 83]","""[0, 8, 2, 3, 10, 11, 12, 14, 4, 15, 7, 68, 20, 84, 26, 19, 22, 72, 76, 56, 83, 0]"""
j10,2,reactive,600,False,inf,inf,inf,null,"[0, 8, 2, 3, 10, 11, 12, 14, 4, 15, 7, 68, 20, 84, 26, 19, 22, 72, 76, 56, 83, 0]"
j10,2,stnu,600,False,inf,0.1882190704345703,inf,[],"""[0, 8, 2, 3, 10, 11, 12, 14, 4, 15, 7, 68, 20, 84, 26, 19, 22, 72, 76, 56, 83, 0]"""
j10,2,proactive_quantile_0.9,600,True,42,0.05577349662780762,0.0011458396911621094,"[0, 0, 0, 0, 3, 3, 3, 16, 14, 29, 3, 0, 0, 0, 0, 0, 0, 0, 0, 0, 0, 83]","""[0, 3, 3, 2, 12, 8, 15, 3, 4, 5, 4, 68, 20, 84, 26, 19, 22, 72, 76, 56, 83, 0]"""
j10,2,reactive,600,False,inf,inf,inf,null,"[0, 3, 3, 2, 12, 8, 15, 3, 4, 5, 4, 68, 20, 84, 26, 19, 22, 72, 76, 56, 83, 0]"
j10,2,stnu,600,False,inf,0.15879106521606445,inf,[],"""[0, 3, 3, 2, 12, 8, 15, 3, 4, 5, 4, 68, 20, 84, 26, 19, 22, 72, 76, 56, 83, 0]"""
j10,2,proactive_quantile_0.9,600,True,42,0.055824995040893555,0.0011544227600097656,"[0, 0, 0, 0, 3, 3, 3, 16, 14, 29, 3, 0, 0, 0, 0, 0, 0, 0, 0, 0, 0, 83]","""[0, 13, 1, 2, 2, 9, 9, 12, 10, 15, 5, 68, 20, 84, 26, 19, 22, 72, 76, 56, 83, 0]"""
j10,2,reactive,600,True,44,0.055824995040893555,0.18204522132873535,"[0, 0, 0, 0, 3, 3, 3, 16, 14, 29, 3, 0, 0, 0, 0, 0, 0, 0, 0, 0, 0, 44]","[0, 13, 1, 2, 2, 9, 9, 12, 10, 15, 5, 68, 20, 84, 26, 19, 22, 72, 76, 56, 83, 0]"
j10,2,stnu,600,False,inf,0.15317153930664062,inf,[],"""[0, 13, 1, 2, 2, 9, 9, 12, 10, 15, 5, 68, 20, 84, 26, 19, 22, 72, 76, 56, 83, 0]"""
j10,2,proactive_quantile_0.9,600,False,inf,0.05681014060974121,inf,"[0, 0, 0, 0, 3, 3, 3, 16, 14, 29, 3, 0, 0, 0, 0, 0, 0, 0, 0, 0, 0, 83]","""[0, 16, 2, 4, 6, 4, 11, 6, 3, 15, 3, 68, 20, 84, 26, 19, 22, 72, 76, 56, 83, 0]"""
j10,2,reactive,600,False,inf,inf,inf,null,"[0, 16, 2, 4, 6, 4, 11, 6, 3, 15, 3, 68, 20, 84, 26, 19, 22, 72, 76, 56, 83, 0]"
j10,2,stnu,600,False,inf,0.1548905372619629,inf,[],"""[0, 16, 2, 4, 6, 4, 11, 6, 3, 15, 3, 68, 20, 84, 26, 19, 22, 72, 76, 56, 83, 0]"""
j10,2,proactive_quantile_0.9,600,True,42,0.056841135025024414,0.0011823177337646484,"[0, 0, 0, 0, 3, 3, 3, 16, 14, 29, 3, 0, 0, 0, 0, 0, 0, 0, 0, 0, 0, 83]","""[0, 15, 1, 2, 11, 6, 9, 7, 7, 10, 10, 68, 20, 84, 26, 19, 22, 72, 76, 56, 83, 0]"""
j10,2,reactive,600,False,inf,inf,inf,null,"[0, 15, 1, 2, 11, 6, 9, 7, 7, 10, 10, 68, 20, 84, 26, 19, 22, 72, 76, 56, 83, 0]"
j10,2,stnu,600,False,inf,0.15350127220153809,inf,[],"""[0, 15, 1, 2, 11, 6, 9, 7, 7, 10, 10, 68, 20, 84, 26, 19, 22, 72, 76, 56, 83, 0]"""
j10,2,proactive_quantile_0.9,600,False,inf,0.056349754333496094,inf,"[0, 0, 0, 0, 3, 3, 3, 16, 14, 29, 3, 0, 0, 0, 0, 0, 0, 0, 0, 0, 0, 83]","""[0, 14, 1, 4, 12, 10, 7, 3, 2, 12, 6, 68, 20, 84, 26, 19, 22, 72, 76, 56, 83, 0]"""
j10,2,reactive,600,False,inf,inf,inf,null,"[0, 14, 1, 4, 12, 10, 7, 3, 2, 12, 6, 68, 20, 84, 26, 19, 22, 72, 76, 56, 83, 0]"
j10,2,stnu,600,False,inf,0.15398287773132324,inf,[],"""[0, 14, 1, 4, 12, 10, 7, 3, 2, 12, 6, 68, 20, 84, 26, 19, 22, 72, 76, 56, 83, 0]"""
j10,2,proactive_quantile_0.9,600,True,42,0.06024360656738281,0.0011508464813232422,"[0, 0, 0, 0, 3, 3, 3, 16, 14, 29, 3, 0, 0, 0, 0, 0, 0, 0, 0, 0, 0, 83]","""[0, 4, 2, 3, 3, 9, 15, 9, 8, 10, 13, 68, 20, 84, 26, 19, 22, 72, 76, 56, 83, 0]"""
j10,2,reactive,600,False,inf,inf,inf,null,"[0, 4, 2, 3, 3, 9, 15, 9, 8, 10, 13, 68, 20, 84, 26, 19, 22, 72, 76, 56, 83, 0]"
j10,2,stnu,600,False,inf,0.15359735488891602,inf,[],"""[0, 4, 2, 3, 3, 9, 15, 9, 8, 10, 13, 68, 20, 84, 26, 19, 22, 72, 76, 56, 83, 0]"""
j10,2,proactive_quantile_0.9,600,True,42,0.060450077056884766,0.0011448860168457031,"[0, 0, 0, 0, 3, 3, 3, 16, 14, 29, 3, 0, 0, 0, 0, 0, 0, 0, 0, 0, 0, 83]","""[0, 8, 1, 1, 2, 6, 10, 6, 1, 13, 8, 68, 20, 84, 26, 19, 22, 72, 76, 56, 83, 0]"""
j10,2,reactive,600,True,42,0.060450077056884766,0.19224834442138672,"[0, 0, 0, 0, 3, 3, 3, 16, 14, 29, 3, 0, 0, 0, 0, 0, 0, 0, 0, 0, 0, 42]","[0, 8, 1, 1, 2, 6, 10, 6, 1, 13, 8, 68, 20, 84, 26, 19, 22, 72, 76, 56, 83, 0]"
j10,2,stnu,600,False,inf,0.15853548049926758,inf,[],"""[0, 8, 1, 1, 2, 6, 10, 6, 1, 13, 8, 68, 20, 84, 26, 19, 22, 72, 76, 56, 83, 0]"""
j10,2,proactive_quantile_0.9,600,True,42,0.0558469295501709,0.001134634017944336,"[0, 0, 0, 0, 3, 3, 3, 16, 14, 29, 3, 0, 0, 0, 0, 0, 0, 0, 0, 0, 0, 83]","""[0, 7, 2, 3, 2, 9, 12, 10, 5, 7, 2, 68, 20, 84, 26, 19, 22, 72, 76, 56, 83, 0]"""
j10,2,reactive,600,True,36,0.0558469295501709,0.16456317901611328,"[0, 0, 0, 0, 3, 3, 3, 16, 14, 29, 3, 0, 0, 0, 0, 0, 0, 0, 0, 0, 0, 36]","[0, 7, 2, 3, 2, 9, 12, 10, 5, 7, 2, 68, 20, 84, 26, 19, 22, 72, 76, 56, 83, 0]"
j10,2,stnu,600,False,inf,0.15601444244384766,inf,[],"""[0, 7, 2, 3, 2, 9, 12, 10, 5, 7, 2, 68, 20, 84, 26, 19, 22, 72, 76, 56, 83, 0]"""
j10,2,proactive_quantile_0.9,600,False,inf,0.055886268615722656,inf,"[0, 0, 0, 0, 3, 3, 3, 16, 14, 29, 3, 0, 0, 0, 0, 0, 0, 0, 0, 0, 0, 83]","""[0, 11, 1, 4, 13, 8, 3, 8, 4, 7, 10, 68, 20, 84, 26, 19, 22, 72, 76, 56, 83, 0]"""
j10,2,reactive,600,False,inf,inf,inf,null,"[0, 11, 1, 4, 13, 8, 3, 8, 4, 7, 10, 68, 20, 84, 26, 19, 22, 72, 76, 56, 83, 0]"
j10,2,stnu,600,False,inf,0.1558544635772705,inf,[],"""[0, 11, 1, 4, 13, 8, 3, 8, 4, 7, 10, 68, 20, 84, 26, 19, 22, 72, 76, 56, 83, 0]"""
j10,2,stnu,600,False,inf,0.21846675872802734,inf,[],"""[0, 3, 3, 6, 2, 8, 6, 9, 6, 6, 3, 3, 15, 36, 67, 39, 26, 59, 0]"""
j10,2,stnu,600,False,inf,0.16111326217651367,inf,[],"""[0, 1, 11, 8, 4, 2, 3, 8, 9, 10, 3, 3, 15, 36, 67, 39, 26, 59, 0]"""
j10,2,stnu,600,False,inf,0.16215801239013672,inf,[],"""[0, 1, 13, 3, 8, 7, 5, 9, 7, 9, 4, 3, 15, 36, 67, 39, 26, 59, 0]"""
j10,2,stnu,600,False,inf,0.16367268562316895,inf,[],"""[0, 4, 7, 10, 6, 1, 2, 7, 1, 5, 4, 3, 15, 36, 67, 39, 26, 59, 0]"""
j10,2,stnu,600,False,inf,0.16038799285888672,inf,[],"""[0, 1, 8, 5, 2, 1, 2, 8, 4, 7, 1, 3, 15, 36, 67, 39, 26, 59, 0]"""
j10,2,stnu,600,False,inf,0.16048765182495117,inf,[],"""[0, 1, 4, 4, 2, 8, 7, 6, 10, 1, 2, 3, 15, 36, 67, 39, 26, 59, 0]"""
j10,2,stnu,600,False,inf,0.1623530387878418,inf,[],"""[0, 1, 11, 4, 6, 10, 7, 5, 11, 7, 2, 3, 15, 36, 67, 39, 26, 59, 0]"""
j10,2,stnu,600,False,inf,0.15592622756958008,inf,[],"""[0, 2, 5, 2, 1, 10, 3, 1, 11, 10, 1, 3, 15, 36, 67, 39, 26, 59, 0]"""
j10,2,stnu,600,False,inf,0.1615920066833496,inf,[],"""[0, 4, 11, 1, 7, 5, 6, 5, 8, 10, 1, 3, 15, 36, 67, 39, 26, 59, 0]"""
j10,2,stnu,600,False,inf,0.16994237899780273,inf,[],"""[0, 3, 11, 9, 5, 1, 9, 7, 4, 5, 1, 3, 15, 36, 67, 39, 26, 59, 0]"""
j10,2,proactive_quantile_0.9,600,True,45,0.06088089942932129,0.0002665519714355469,"[0, 0, 0, 0, 5, 13, 18, 27, 13, 18, 36, 0, 60]","""[0, 1, 4, 8, 1, 3, 2, 2, 3, 5, 1, 61, 0]"""
j10,2,reactive,600,True,23,0.06088089942932129,0.16010355949401855,"[0, 0, 0, 0, 5, 13, 18, 20, 13, 18, 22, 0, 23]","[0, 1, 4, 8, 1, 3, 2, 2, 3, 5, 1, 61, 0]"
j10,2,stnu,600,False,inf,0.21179890632629395,inf,[],"""[0, 1, 4, 8, 1, 3, 2, 2, 3, 5, 1, 61, 0]"""
j10,2,proactive_quantile_0.9,600,True,45,0.054984092712402344,0.00030922889709472656,"[0, 0, 0, 0, 5, 13, 18, 27, 13, 18, 36, 0, 60]","""[0, 1, 1, 9, 4, 1, 8, 7, 8, 9, 7, 61, 0]"""
j10,2,reactive,600,True,43,0.054984092712402344,0.11115360260009766,"[0, 0, 0, 0, 5, 13, 18, 27, 13, 18, 36, 0, 43]","[0, 1, 1, 9, 4, 1, 8, 7, 8, 9, 7, 61, 0]"
j10,2,stnu,600,False,inf,0.16372251510620117,inf,[],"""[0, 1, 1, 9, 4, 1, 8, 7, 8, 9, 7, 61, 0]"""
j10,2,proactive_quantile_0.9,600,False,inf,0.05599856376647949,inf,"[0, 0, 0, 0, 5, 13, 18, 27, 13, 18, 36, 0, 60]","""[0, 6, 1, 10, 9, 3, 2, 7, 3, 2, 9, 61, 0]"""
j10,2,reactive,600,False,inf,inf,inf,null,"[0, 6, 1, 10, 9, 3, 2, 7, 3, 2, 9, 61, 0]"
j10,2,stnu,600,False,inf,0.15476441383361816,inf,[],"""[0, 6, 1, 10, 9, 3, 2, 7, 3, 2, 9, 61, 0]"""
j10,2,proactive_quantile_0.9,600,False,inf,0.05815243721008301,inf,"[0, 0, 0, 0, 5, 13, 18, 27, 13, 18, 36, 0, 60]","""[0, 6, 4, 10, 8, 1, 7, 3, 6, 4, 1, 61, 0]"""
j10,2,reactive,600,False,inf,inf,inf,null,"[0, 6, 4, 10, 8, 1, 7, 3, 6, 4, 1, 61, 0]"
j10,2,stnu,600,False,inf,0.15581655502319336,inf,[],"""[0, 6, 4, 10, 8, 1, 7, 3, 6, 4, 1, 61, 0]"""
j10,2,proactive_quantile_0.9,600,False,inf,0.06118154525756836,inf,"[0, 0, 0, 0, 5, 13, 18, 27, 13, 18, 36, 0, 60]","""[0, 1, 1, 1, 8, 6, 4, 6, 8, 9, 2, 61, 0]"""
j10,2,reactive,600,False,inf,inf,inf,null,"[0, 1, 1, 1, 8, 6, 4, 6, 8, 9, 2, 61, 0]"
j10,2,stnu,600,False,inf,0.15418672561645508,inf,[],"""[0, 1, 1, 1, 8, 6, 4, 6, 8, 9, 2, 61, 0]"""
j10,2,proactive_quantile_0.9,600,True,45,0.05513644218444824,0.0002808570861816406,"[0, 0, 0, 0, 5, 13, 18, 27, 13, 18, 36, 0, 60]","""[0, 6, 2, 2, 4, 2, 3, 1, 3, 6, 8, 61, 0]"""
j10,2,reactive,600,False,inf,inf,inf,null,"[0, 6, 2, 2, 4, 2, 3, 1, 3, 6, 8, 61, 0]"
j10,2,stnu,600,False,inf,0.15596556663513184,inf,[],"""[0, 6, 2, 2, 4, 2, 3, 1, 3, 6, 8, 61, 0]"""
j10,2,proactive_quantile_0.9,600,True,45,0.05553483963012695,0.0003001689910888672,"[0, 0, 0, 0, 5, 13, 18, 27, 13, 18, 36, 0, 60]","""[0, 4, 1, 4, 6, 5, 7, 10, 1, 10, 4, 61, 0]"""
j10,2,reactive,600,False,inf,inf,inf,null,"[0, 4, 1, 4, 6, 5, 7, 10, 1, 10, 4, 61, 0]"
j10,2,stnu,600,False,inf,0.15314245223999023,inf,[],"""[0, 4, 1, 4, 6, 5, 7, 10, 1, 10, 4, 61, 0]"""
j10,2,proactive_quantile_0.9,600,False,inf,0.05873727798461914,inf,"[0, 0, 0, 0, 5, 13, 18, 27, 13, 18, 36, 0, 60]","""[0, 6, 2, 7, 3, 3, 3, 8, 4, 7, 7, 61, 0]"""
j10,2,reactive,600,False,inf,inf,inf,null,"[0, 6, 2, 7, 3, 3, 3, 8, 4, 7, 7, 61, 0]"
j10,2,stnu,600,False,inf,0.20402979850769043,inf,[],"""[0, 6, 2, 7, 3, 3, 3, 8, 4, 7, 7, 61, 0]"""
j10,2,proactive_quantile_0.9,600,True,45,0.05753731727600098,0.0003311634063720703,"[0, 0, 0, 0, 5, 13, 18, 27, 13, 18, 36, 0, 60]","""[0, 3, 4, 8, 9, 5, 8, 9, 2, 7, 10, 61, 0]"""
j10,2,reactive,600,False,inf,inf,inf,null,"[0, 3, 4, 8, 9, 5, 8, 9, 2, 7, 10, 61, 0]"
j10,2,stnu,600,False,inf,0.15601849555969238,inf,[],"""[0, 3, 4, 8, 9, 5, 8, 9, 2, 7, 10, 61, 0]"""
j10,2,proactive_quantile_0.9,600,True,45,0.05751371383666992,0.00028705596923828125,"[0, 0, 0, 0, 5, 13, 18, 27, 13, 18, 36, 0, 60]","""[0, 2, 2, 7, 5, 2, 6, 5, 4, 2, 2, 61, 0]"""
j10,2,reactive,600,True,34,0.05751371383666992,0.14099502563476562,"[0, 0, 0, 0, 5, 13, 18, 27, 13, 18, 32, 0, 34]","[0, 2, 2, 7, 5, 2, 6, 5, 4, 2, 2, 61, 0]"
j10,2,stnu,600,False,inf,0.15375256538391113,inf,[],"""[0, 2, 2, 7, 5, 2, 6, 5, 4, 2, 2, 61, 0]"""
j10,2,proactive_quantile_0.9,600,True,44,0.051729440689086914,0.00045561790466308594,"[0, 5, 0, 0, 15, 28, 5, 5, 31, 28, 9, 0, 0, 0, 83]","""[0, 7, 6, 1, 5, 1, 1, 8, 10, 3, 7, 51, 12, 84, 0]"""
j10,2,reactive,600,True,41,0.051729440689086914,0.1217808723449707,"[0, 5, 0, 0, 15, 28, 5, 5, 31, 28, 9, 0, 0, 0, 41]","[0, 7, 6, 1, 5, 1, 1, 8, 10, 3, 7, 51, 12, 84, 0]"
j10,2,stnu,600,False,inf,0.15013813972473145,inf,[],"""[0, 7, 6, 1, 5, 1, 1, 8, 10, 3, 7, 51, 12, 84, 0]"""
j10,2,proactive_quantile_0.9,600,True,44,0.051635026931762695,0.0004832744598388672,"[0, 5, 0, 0, 15, 28, 5, 5, 31, 28, 9, 0, 0, 0, 83]","""[0, 7, 8, 1, 12, 4, 4, 14, 8, 6, 3, 51, 12, 84, 0]"""
j10,2,reactive,600,False,inf,inf,inf,null,"[0, 7, 8, 1, 12, 4, 4, 14, 8, 6, 3, 51, 12, 84, 0]"
j10,2,stnu,600,False,inf,0.15401721000671387,inf,[],"""[0, 7, 8, 1, 12, 4, 4, 14, 8, 6, 3, 51, 12, 84, 0]"""
j10,2,proactive_quantile_0.9,600,True,44,0.05387163162231445,0.0004868507385253906,"[0, 5, 0, 0, 15, 28, 5, 5, 31, 28, 9, 0, 0, 0, 83]","""[0, 10, 6, 5, 5, 3, 6, 9, 12, 3, 9, 51, 12, 84, 0]"""
j10,2,reactive,600,True,43,0.05387163162231445,0.08524179458618164,"[0, 5, 0, 0, 15, 28, 5, 5, 31, 28, 9, 0, 0, 0, 43]","[0, 10, 6, 5, 5, 3, 6, 9, 12, 3, 9, 51, 12, 84, 0]"
j10,2,stnu,600,False,inf,0.15064215660095215,inf,[],"""[0, 10, 6, 5, 5, 3, 6, 9, 12, 3, 9, 51, 12, 84, 0]"""
j10,2,proactive_quantile_0.9,600,True,44,0.051244497299194336,0.0004706382751464844,"[0, 5, 0, 0, 15, 28, 5, 5, 31, 28, 9, 0, 0, 0, 83]","""[0, 11, 3, 1, 7, 4, 2, 9, 10, 7, 2, 51, 12, 84, 0]"""
j10,2,reactive,600,False,inf,inf,inf,null,"[0, 11, 3, 1, 7, 4, 2, 9, 10, 7, 2, 51, 12, 84, 0]"
j10,2,stnu,600,False,inf,0.15108823776245117,inf,[],"""[0, 11, 3, 1, 7, 4, 2, 9, 10, 7, 2, 51, 12, 84, 0]"""
j10,2,proactive_quantile_0.9,600,True,44,0.05143308639526367,0.00046062469482421875,"[0, 5, 0, 0, 15, 28, 5, 5, 31, 28, 9, 0, 0, 0, 83]","""[0, 12, 7, 3, 5, 4, 1, 4, 9, 5, 7, 51, 12, 84, 0]"""
j10,2,reactive,600,False,inf,inf,inf,null,"[0, 12, 7, 3, 5, 4, 1, 4, 9, 5, 7, 51, 12, 84, 0]"
j10,2,stnu,600,False,inf,0.14775824546813965,inf,[],"""[0, 12, 7, 3, 5, 4, 1, 4, 9, 5, 7, 51, 12, 84, 0]"""
j10,2,proactive_quantile_0.9,600,False,inf,0.052127838134765625,inf,"[0, 5, 0, 0, 15, 28, 5, 5, 31, 28, 9, 0, 0, 0, 83]","""[0, 6, 8, 6, 7, 4, 4, 7, 3, 7, 9, 51, 12, 84, 0]"""
j10,2,reactive,600,False,inf,inf,inf,null,"[0, 6, 8, 6, 7, 4, 4, 7, 3, 7, 9, 51, 12, 84, 0]"
j10,2,stnu,600,False,inf,0.15716147422790527,inf,[],"""[0, 6, 8, 6, 7, 4, 4, 7, 3, 7, 9, 51, 12, 84, 0]"""
j10,2,proactive_quantile_0.9,600,True,44,0.0537877082824707,0.0004646778106689453,"[0, 5, 0, 0, 15, 28, 5, 5, 31, 28, 9, 0, 0, 0, 83]","""[0, 11, 6, 4, 3, 3, 2, 5, 8, 8, 4, 51, 12, 84, 0]"""
j10,2,reactive,600,False,inf,inf,inf,null,"[0, 11, 6, 4, 3, 3, 2, 5, 8, 8, 4, 51, 12, 84, 0]"
j10,2,stnu,600,False,inf,0.15034222602844238,inf,[],"""[0, 11, 6, 4, 3, 3, 2, 5, 8, 8, 4, 51, 12, 84, 0]"""
j10,2,proactive_quantile_0.9,600,True,44,0.05431246757507324,0.0004515647888183594,"[0, 5, 0, 0, 15, 28, 5, 5, 31, 28, 9, 0, 0, 0, 83]","""[0, 6, 2, 3, 10, 4, 6, 4, 8, 3, 1, 51, 12, 84, 0]"""
j10,2,reactive,600,False,inf,inf,inf,null,"[0, 6, 2, 3, 10, 4, 6, 4, 8, 3, 1, 51, 12, 84, 0]"
j10,2,stnu,600,False,inf,0.14720535278320312,inf,[],"""[0, 6, 2, 3, 10, 4, 6, 4, 8, 3, 1, 51, 12, 84, 0]"""
j10,2,proactive_quantile_0.9,600,True,44,0.05218148231506348,0.0004725456237792969,"[0, 5, 0, 0, 15, 28, 5, 5, 31, 28, 9, 0, 0, 0, 83]","""[0, 3, 10, 1, 3, 4, 5, 11, 15, 1, 8, 51, 12, 84, 0]"""
j10,2,reactive,600,False,inf,inf,inf,null,"[0, 3, 10, 1, 3, 4, 5, 11, 15, 1, 8, 51, 12, 84, 0]"
j10,2,stnu,600,False,inf,0.1489706039428711,inf,[],"""[0, 3, 10, 1, 3, 4, 5, 11, 15, 1, 8, 51, 12, 84, 0]"""
j10,2,proactive_quantile_0.9,600,False,inf,0.05154085159301758,inf,"[0, 5, 0, 0, 15, 28, 5, 5, 31, 28, 9, 0, 0, 0, 83]","""[0, 3, 3, 6, 3, 1, 3, 8, 4, 4, 1, 51, 12, 84, 0]"""
j10,2,reactive,600,False,inf,inf,inf,null,"[0, 3, 3, 6, 3, 1, 3, 8, 4, 4, 1, 51, 12, 84, 0]"
j10,2,stnu,600,False,inf,0.15100359916687012,inf,[],"""[0, 3, 3, 6, 3, 1, 3, 8, 4, 4, 1, 51, 12, 84, 0]"""
j20,2,proactive_quantile_0.9,600,False,inf,0.09599995613098145,inf,"[0, 0, 0, 0, 13, 24, 11, 23, 28, 11, 31, 44, 51, 38, 51, 62, 70, 70, 62, 84, 70, 0, 0, 116]","""[0, 2, 1, 7, 12, 3, 1, 3, 7, 12, 12, 6, 8, 3, 9, 9, 16, 2, 4, 6, 8, 117, 51, 0]"""
j20,2,reactive,600,False,inf,inf,inf,null,"[0, 2, 1, 7, 12, 3, 1, 3, 7, 12, 12, 6, 8, 3, 9, 9, 16, 2, 4, 6, 8, 117, 51, 0]"
j20,2,stnu,600,False,inf,0.19715332984924316,inf,[],"""[0, 2, 1, 7, 12, 3, 1, 3, 7, 12, 12, 6, 8, 3, 9, 9, 16, 2, 4, 6, 8, 117, 51, 0]"""
j20,2,proactive_quantile_0.9,600,False,inf,0.08954191207885742,inf,"[0, 0, 0, 0, 13, 24, 11, 23, 28, 11, 31, 44, 51, 38, 51, 62, 70, 70, 62, 84, 70, 0, 0, 116]","""[0, 2, 3, 2, 10, 2, 3, 3, 7, 11, 15, 3, 8, 2, 8, 9, 16, 1, 7, 2, 1, 117, 51, 0]"""
j20,2,reactive,600,False,inf,inf,inf,null,"[0, 2, 3, 2, 10, 2, 3, 3, 7, 11, 15, 3, 8, 2, 8, 9, 16, 1, 7, 2, 1, 117, 51, 0]"
j20,2,stnu,600,False,inf,0.21225833892822266,inf,[],"""[0, 2, 3, 2, 10, 2, 3, 3, 7, 11, 15, 3, 8, 2, 8, 9, 16, 1, 7, 2, 1, 117, 51, 0]"""
j20,2,proactive_quantile_0.9,600,True,89,0.09183239936828613,0.0006563663482666016,"[0, 0, 0, 0, 13, 24, 11, 23, 28, 11, 31, 44, 51, 38, 51, 62, 70, 70, 62, 84, 70, 0, 0, 116]","""[0, 8, 7, 11, 2, 1, 2, 1, 11, 11, 10, 5, 4, 11, 7, 6, 13, 3, 4, 5, 6, 117, 51, 0]"""
j20,2,reactive,600,False,inf,inf,inf,null,"[0, 8, 7, 11, 2, 1, 2, 1, 11, 11, 10, 5, 4, 11, 7, 6, 13, 3, 4, 5, 6, 117, 51, 0]"
j20,2,stnu,600,False,inf,0.21465039253234863,inf,[],"""[0, 8, 7, 11, 2, 1, 2, 1, 11, 11, 10, 5, 4, 11, 7, 6, 13, 3, 4, 5, 6, 117, 51, 0]"""
j20,2,proactive_quantile_0.9,600,False,inf,0.09197449684143066,inf,"[0, 0, 0, 0, 13, 24, 11, 23, 28, 11, 31, 44, 51, 38, 51, 62, 70, 70, 62, 84, 70, 0, 0, 116]","""[0, 3, 7, 13, 4, 4, 2, 3, 6, 14, 15, 8, 3, 5, 11, 9, 5, 2, 4, 6, 3, 117, 51, 0]"""
j20,2,reactive,600,False,inf,inf,inf,null,"[0, 3, 7, 13, 4, 4, 2, 3, 6, 14, 15, 8, 3, 5, 11, 9, 5, 2, 4, 6, 3, 117, 51, 0]"
j20,2,stnu,600,False,inf,0.22214627265930176,inf,[],"""[0, 3, 7, 13, 4, 4, 2, 3, 6, 14, 15, 8, 3, 5, 11, 9, 5, 2, 4, 6, 3, 117, 51, 0]"""
j20,2,proactive_quantile_0.9,600,False,inf,0.09726786613464355,inf,"[0, 0, 0, 0, 13, 24, 11, 23, 28, 11, 31, 44, 51, 38, 51, 62, 70, 70, 62, 84, 70, 0, 0, 116]","""[0, 9, 6, 7, 4, 6, 3, 1, 5, 12, 10, 5, 6, 10, 4, 2, 13, 3, 3, 1, 6, 117, 51, 0]"""
j20,2,reactive,600,False,inf,inf,inf,null,"[0, 9, 6, 7, 4, 6, 3, 1, 5, 12, 10, 5, 6, 10, 4, 2, 13, 3, 3, 1, 6, 117, 51, 0]"
j20,2,stnu,600,False,inf,0.2690548896789551,inf,[],"""[0, 9, 6, 7, 4, 6, 3, 1, 5, 12, 10, 5, 6, 10, 4, 2, 13, 3, 3, 1, 6, 117, 51, 0]"""
j20,2,proactive_quantile_0.9,600,True,89,0.09005308151245117,0.0006518363952636719,"[0, 0, 0, 0, 13, 24, 11, 23, 28, 11, 31, 44, 51, 38, 51, 62, 70, 70, 62, 84, 70, 0, 0, 116]","""[0, 11, 7, 12, 2, 3, 1, 3, 3, 9, 7, 6, 6, 12, 4, 8, 14, 2, 8, 6, 5, 117, 51, 0]"""
j20,2,reactive,600,True,90,0.09005308151245117,0.42011094093322754,"[0, 0, 0, 0, 13, 24, 11, 23, 28, 11, 31, 44, 51, 38, 51, 62, 70, 70, 62, 84, 70, 0, 0, 90]","[0, 11, 7, 12, 2, 3, 1, 3, 3, 9, 7, 6, 6, 12, 4, 8, 14, 2, 8, 6, 5, 117, 51, 0]"
j20,2,stnu,600,False,inf,0.2001509666442871,inf,[],"""[0, 11, 7, 12, 2, 3, 1, 3, 3, 9, 7, 6, 6, 12, 4, 8, 14, 2, 8, 6, 5, 117, 51, 0]"""
j20,2,proactive_quantile_0.9,600,True,89,0.09285783767700195,0.0006144046783447266,"[0, 0, 0, 0, 13, 24, 11, 23, 28, 11, 31, 44, 51, 38, 51, 62, 70, 70, 62, 84, 70, 0, 0, 116]","""[0, 10, 6, 8, 3, 2, 1, 5, 6, 9, 7, 5, 1, 3, 5, 8, 3, 3, 3, 5, 2, 117, 51, 0]"""
j20,2,reactive,600,True,78,0.09285783767700195,0.4585702419281006,"[0, 0, 0, 0, 13, 24, 11, 23, 28, 11, 31, 44, 51, 38, 51, 62, 70, 70, 62, 73, 70, 0, 0, 78]","[0, 10, 6, 8, 3, 2, 1, 5, 6, 9, 7, 5, 1, 3, 5, 8, 3, 3, 3, 5, 2, 117, 51, 0]"
j20,2,stnu,600,False,inf,0.19873452186584473,inf,[],"""[0, 10, 6, 8, 3, 2, 1, 5, 6, 9, 7, 5, 1, 3, 5, 8, 3, 3, 3, 5, 2, 117, 51, 0]"""
j20,2,proactive_quantile_0.9,600,True,89,0.09098267555236816,0.0005996227264404297,"[0, 0, 0, 0, 13, 24, 11, 23, 28, 11, 31, 44, 51, 38, 51, 62, 70, 70, 62, 84, 70, 0, 0, 116]","""[0, 11, 3, 8, 4, 7, 1, 2, 9, 5, 5, 1, 7, 5, 12, 1, 6, 1, 2, 1, 2, 117, 51, 0]"""
j20,2,reactive,600,False,inf,inf,inf,null,"[0, 11, 3, 8, 4, 7, 1, 2, 9, 5, 5, 1, 7, 5, 12, 1, 6, 1, 2, 1, 2, 117, 51, 0]"
j20,2,stnu,600,False,inf,0.20182037353515625,inf,[],"""[0, 11, 3, 8, 4, 7, 1, 2, 9, 5, 5, 1, 7, 5, 12, 1, 6, 1, 2, 1, 2, 117, 51, 0]"""
j20,2,proactive_quantile_0.9,600,False,inf,0.09363102912902832,inf,"[0, 0, 0, 0, 13, 23, 11, 23, 26, 11, 24, 27, 34, 34, 34, 39, 44, 44, 43, 53, 53, 0, 0, 116]","""[0, 12, 4, 13, 12, 1, 2, 2, 9, 12, 2, 3, 1, 5, 5, 6, 3, 2, 2, 3, 3, 117, 51, 0]"""
j20,2,reactive,600,False,inf,inf,inf,null,"[0, 12, 4, 13, 12, 1, 2, 2, 9, 12, 2, 3, 1, 5, 5, 6, 3, 2, 2, 3, 3, 117, 51, 0]"
j20,2,stnu,600,False,inf,0.19876813888549805,inf,[],"""[0, 12, 5, 13, 12, 3, 2, 4, 7, 12, 5, 3, 1, 2, 11, 4, 12, 4, 6, 1, 2, 117, 51, 0]"""
j20,2,proactive_quantile_0.9,600,True,89,0.09266185760498047,0.0005991458892822266,"[0, 0, 0, 0, 13, 24, 11, 23, 28, 11, 31, 44, 51, 38, 51, 62, 70, 70, 62, 84, 70, 0, 0, 116]","""[0, 9, 3, 6, 5, 7, 1, 1, 5, 5, 4, 6, 3, 4, 3, 2, 12, 3, 5, 5, 2, 117, 51, 0]"""
j20,2,reactive,600,True,81,0.09266185760498047,0.5144243240356445,"[0, 0, 0, 0, 13, 24, 11, 23, 28, 11, 31, 44, 51, 38, 51, 62, 64, 64, 62, 76, 64, 0, 0, 81]","[0, 9, 3, 6, 5, 7, 1, 1, 5, 5, 4, 6, 3, 4, 3, 2, 12, 3, 5, 5, 2, 117, 51, 0]"
j20,2,stnu,600,False,inf,0.22315287590026855,inf,[],"""[0, 9, 3, 6, 5, 7, 1, 1, 5, 5, 4, 6, 3, 4, 3, 2, 12, 3, 5, 5, 2, 117, 51, 0]"""
j20,2,stnu,600,False,inf,0.20796775817871094,inf,[],"""[0, 1, 4, 2, 4, 7, 2, 7, 6, 8, 9, 5, 2, 6, 9, 7, 10, 2, 3, 9, 6, 5, 33, 158, 128, 84, 96, 156, 0]"""
j20,2,stnu,600,False,inf,0.2074146270751953,inf,[],"""[0, 2, 5, 7, 1, 3, 2, 7, 6, 10, 10, 3, 3, 5, 10, 6, 11, 5, 3, 1, 5, 5, 33, 158, 128, 84, 96, 156, 0]"""
j20,2,stnu,600,False,inf,0.2154848575592041,inf,[],"""[0, 2, 4, 6, 2, 8, 2, 6, 7, 5, 6, 4, 3, 4, 10, 6, 11, 5, 1, 1, 3, 5, 33, 158, 128, 84, 96, 156, 0]"""
j20,2,stnu,600,False,inf,0.21994614601135254,inf,[],"""[0, 1, 8, 9, 6, 3, 3, 1, 4, 8, 10, 5, 9, 4, 8, 8, 11, 1, 1, 9, 1, 5, 33, 158, 128, 84, 96, 156, 0]"""
j20,2,stnu,600,False,inf,0.2250051498413086,inf,[],"""[0, 1, 2, 1, 5, 9, 2, 2, 4, 10, 13, 7, 6, 5, 5, 1, 8, 7, 4, 7, 3, 5, 33, 158, 128, 84, 96, 156, 0]"""
j20,2,stnu,600,False,inf,0.20103001594543457,inf,[],"""[0, 3, 8, 9, 7, 12, 1, 3, 1, 9, 9, 9, 8, 2, 10, 7, 6, 10, 1, 1, 3, 5, 33, 158, 128, 84, 96, 156, 0]"""
j20,2,stnu,600,False,inf,0.21040773391723633,inf,[],"""[0, 3, 8, 5, 3, 9, 3, 4, 7, 5, 11, 12, 2, 2, 14, 6, 3, 6, 2, 9, 6, 5, 33, 158, 128, 84, 96, 156, 0]"""
j20,2,stnu,600,False,inf,0.2073509693145752,inf,[],"""[0, 2, 2, 8, 3, 1, 1, 5, 3, 9, 12, 1, 7, 5, 10, 9, 15, 1, 4, 1, 6, 5, 33, 158, 128, 84, 96, 156, 0]"""
j20,2,stnu,600,False,inf,0.21241497993469238,inf,[],"""[0, 6, 7, 7, 9, 5, 1, 3, 6, 5, 3, 7, 7, 2, 11, 9, 9, 7, 4, 3, 4, 5, 33, 158, 128, 84, 96, 156, 0]"""
j20,2,stnu,600,False,inf,0.2059495449066162,inf,[],"""[0, 4, 9, 2, 2, 10, 2, 8, 5, 3, 13, 11, 8, 4, 4, 2, 14, 9, 4, 6, 4, 5, 33, 158, 128, 84, 96, 156, 0]"""
j20,2,proactive_quantile_0.9,600,True,47,0.09189486503601074,0.001953601837158203,"[0, 0, 0, 0, 2, 11, 5, 8, 18, 2, 8, 16, 16, 28, 23, 28, 23, 7, 30, 38, 28, 0, 0, 0, 0, 0, 0, 0, 0, 0, 0, 0, 0, 149]","""[0, 1, 6, 3, 2, 1, 2, 8, 12, 5, 3, 6, 8, 9, 4, 2, 6, 2, 10, 9, 9, 15, 143, 33, 150, 111, 67, 64, 98, 85, 44, 48, 106, 0]"""
j20,2,reactive,600,False,inf,inf,inf,null,"[0, 1, 6, 3, 2, 1, 2, 8, 12, 5, 3, 6, 8, 9, 4, 2, 6, 2, 10, 9, 9, 15, 143, 33, 150, 111, 67, 64, 98, 85, 44, 48, 106, 0]"
j20,2,stnu,600,False,inf,0.2113938331604004,inf,[],"""[0, 1, 6, 3, 2, 1, 1, 8, 12, 5, 5, 6, 8, 9, 9, 2, 6, 2, 10, 9, 9, 15, 143, 33, 150, 111, 67, 64, 98, 85, 44, 48, 106, 0]"""
j20,2,proactive_quantile_0.9,600,True,47,0.09053778648376465,0.0019423961639404297,"[0, 0, 0, 0, 2, 11, 5, 8, 18, 2, 8, 16, 16, 28, 23, 28, 23, 7, 30, 38, 28, 0, 0, 0, 0, 0, 0, 0, 0, 0, 0, 0, 0, 149]","""[0, 3, 3, 6, 1, 2, 3, 4, 8, 7, 1, 7, 3, 12, 6, 1, 2, 7, 7, 6, 10, 15, 143, 33, 150, 111, 67, 64, 98, 85, 44, 48, 106, 0]"""
j20,2,reactive,600,False,inf,inf,inf,null,"[0, 3, 3, 6, 1, 2, 3, 4, 8, 7, 1, 7, 3, 12, 6, 1, 2, 7, 7, 6, 10, 15, 143, 33, 150, 111, 67, 64, 98, 85, 44, 48, 106, 0]"
j20,2,stnu,600,False,inf,0.20813632011413574,inf,[],"""[0, 3, 3, 6, 1, 2, 2, 4, 8, 7, 8, 7, 3, 12, 2, 1, 2, 7, 7, 6, 10, 15, 143, 33, 150, 111, 67, 64, 98, 85, 44, 48, 106, 0]"""
j20,2,proactive_quantile_0.9,600,True,47,0.09134793281555176,0.0019352436065673828,"[0, 0, 0, 0, 2, 11, 5, 8, 18, 2, 8, 16, 16, 28, 23, 28, 23, 7, 30, 38, 28, 0, 0, 0, 0, 0, 0, 0, 0, 0, 0, 0, 0, 149]","""[0, 3, 3, 2, 4, 6, 1, 9, 4, 12, 9, 7, 1, 6, 6, 2, 2, 4, 9, 5, 6, 15, 143, 33, 150, 111, 67, 64, 98, 85, 44, 48, 106, 0]"""
j20,2,reactive,600,False,inf,inf,inf,null,"[0, 3, 3, 2, 4, 6, 1, 9, 4, 12, 9, 7, 1, 6, 6, 2, 2, 4, 9, 5, 6, 15, 143, 33, 150, 111, 67, 64, 98, 85, 44, 48, 106, 0]"
j20,2,stnu,600,False,inf,0.2024679183959961,inf,[],"""[0, 3, 3, 2, 4, 6, 2, 9, 4, 12, 1, 7, 1, 6, 7, 2, 2, 4, 9, 5, 6, 15, 143, 33, 150, 111, 67, 64, 98, 85, 44, 48, 106, 0]"""
j20,2,proactive_quantile_0.9,600,True,47,0.09338235855102539,0.0019068717956542969,"[0, 0, 0, 0, 2, 11, 5, 8, 18, 2, 8, 16, 16, 28, 23, 28, 23, 7, 30, 38, 28, 0, 0, 0, 0, 0, 0, 0, 0, 0, 0, 0, 0, 149]","""[0, 2, 1, 4, 3, 7, 2, 7, 8, 2, 6, 8, 5, 4, 2, 1, 7, 4, 2, 8, 5, 15, 143, 33, 150, 111, 67, 64, 98, 85, 44, 48, 106, 0]"""
j20,2,reactive,600,False,inf,inf,inf,null,"[0, 2, 1, 4, 3, 7, 2, 7, 8, 2, 6, 8, 5, 4, 2, 1, 7, 4, 2, 8, 5, 15, 143, 33, 150, 111, 67, 64, 98, 85, 44, 48, 106, 0]"
j20,2,stnu,600,False,inf,0.2689933776855469,inf,[],"""[0, 2, 1, 4, 3, 7, 3, 7, 8, 2, 2, 8, 5, 4, 5, 1, 7, 4, 2, 8, 5, 15, 143, 33, 150, 111, 67, 64, 98, 85, 44, 48, 106, 0]"""
j20,2,proactive_quantile_0.9,600,True,47,0.090118408203125,0.0019712448120117188,"[0, 0, 0, 0, 2, 11, 5, 8, 18, 2, 8, 16, 16, 28, 23, 28, 23, 7, 30, 38, 28, 0, 0, 0, 0, 0, 0, 0, 0, 0, 0, 0, 0, 149]","""[0, 2, 5, 2, 1, 1, 2, 3, 6, 3, 3, 5, 8, 6, 5, 3, 8, 9, 7, 3, 5, 15, 143, 33, 150, 111, 67, 64, 98, 85, 44, 48, 106, 0]"""
j20,2,reactive,600,False,inf,inf,inf,null,"[0, 2, 5, 2, 1, 1, 2, 3, 6, 3, 3, 5, 8, 6, 5, 3, 8, 9, 7, 3, 5, 15, 143, 33, 150, 111, 67, 64, 98, 85, 44, 48, 106, 0]"
j20,2,stnu,600,False,inf,0.2054309844970703,inf,[],"""[0, 2, 5, 2, 1, 1, 3, 3, 6, 3, 5, 5, 8, 6, 8, 3, 8, 9, 7, 3, 5, 15, 143, 33, 150, 111, 67, 64, 98, 85, 44, 48, 106, 0]"""
j20,2,proactive_quantile_0.9,600,True,38,0.09413647651672363,0.0018846988677978516,"[0, 0, 0, 0, 2, 8, 5, 8, 13, 2, 8, 15, 15, 23, 22, 27, 22, 7, 29, 33, 27, 0, 0, 0, 0, 0, 0, 0, 0, 0, 0, 0, 0, 149]","""[0, 3, 2, 9, 1, 4, 3, 6, 6, 1, 3, 1, 1, 2, 3, 1, 2, 5, 1, 3, 4, 15, 143, 33, 150, 111, 67, 64, 98, 85, 44, 48, 106, 0]"""
j20,2,reactive,600,False,inf,inf,inf,null,"[0, 3, 2, 9, 1, 4, 3, 6, 6, 1, 3, 1, 1, 2, 3, 1, 2, 5, 1, 3, 4, 15, 143, 33, 150, 111, 67, 64, 98, 85, 44, 48, 106, 0]"
j20,2,stnu,600,False,inf,0.20243287086486816,inf,[],"""[0, 3, 2, 5, 1, 3, 3, 10, 6, 10, 3, 7, 4, 2, 13, 1, 3, 9, 10, 8, 4, 15, 143, 33, 150, 111, 67, 64, 98, 85, 44, 48, 106, 0]"""
j20,2,proactive_quantile_0.9,600,True,47,0.08976960182189941,0.0019161701202392578,"[0, 0, 0, 0, 2, 11, 5, 8, 18, 2, 8, 16, 16, 28, 23, 28, 23, 7, 30, 38, 28, 0, 0, 0, 0, 0, 0, 0, 0, 0, 0, 0, 0, 149]","""[0, 1, 3, 3, 6, 1, 1, 8, 12, 9, 4, 6, 3, 6, 2, 2, 1, 8, 4, 9, 4, 15, 143, 33, 150, 111, 67, 64, 98, 85, 44, 48, 106, 0]"""
j20,2,reactive,600,False,inf,inf,inf,null,"[0, 1, 3, 3, 6, 1, 1, 8, 12, 9, 4, 6, 3, 6, 2, 2, 1, 8, 4, 9, 4, 15, 143, 33, 150, 111, 67, 64, 98, 85, 44, 48, 106, 0]"
j20,2,stnu,600,False,inf,0.20747923851013184,inf,[],"""[0, 1, 3, 3, 6, 1, 3, 8, 12, 9, 3, 6, 3, 6, 8, 2, 1, 8, 4, 9, 4, 15, 143, 33, 150, 111, 67, 64, 98, 85, 44, 48, 106, 0]"""
j20,2,proactive_quantile_0.9,600,True,47,0.09180188179016113,0.0019638538360595703,"[0, 0, 0, 0, 2, 11, 5, 8, 18, 2, 8, 16, 16, 28, 23, 28, 23, 7, 30, 38, 28, 0, 0, 0, 0, 0, 0, 0, 0, 0, 0, 0, 0, 149]","""[0, 2, 3, 13, 6, 7, 4, 4, 7, 9, 4, 4, 6, 9, 2, 3, 5, 8, 3, 4, 3, 15, 143, 33, 150, 111, 67, 64, 98, 85, 44, 48, 106, 0]"""
j20,2,reactive,600,False,inf,inf,inf,null,"[0, 2, 3, 13, 6, 7, 4, 4, 7, 9, 4, 4, 6, 9, 2, 3, 5, 8, 3, 4, 3, 15, 143, 33, 150, 111, 67, 64, 98, 85, 44, 48, 106, 0]"
j20,2,stnu,600,False,inf,0.262514591217041,inf,[],"""[0, 2, 3, 13, 6, 7, 3, 4, 7, 9, 7, 4, 6, 9, 9, 3, 5, 8, 3, 4, 3, 15, 143, 33, 150, 111, 67, 64, 98, 85, 44, 48, 106, 0]"""
j20,2,proactive_quantile_0.9,600,True,47,0.09743094444274902,0.0019152164459228516,"[0, 0, 0, 0, 2, 11, 5, 8, 18, 2, 8, 16, 16, 28, 23, 28, 23, 7, 30, 38, 28, 0, 0, 0, 0, 0, 0, 0, 0, 0, 0, 0, 0, 149]","""[0, 1, 6, 9, 2, 5, 1, 8, 3, 3, 1, 4, 3, 9, 5, 2, 7, 4, 1, 4, 6, 15, 143, 33, 150, 111, 67, 64, 98, 85, 44, 48, 106, 0]"""
j20,2,reactive,600,False,inf,inf,inf,null,"[0, 1, 6, 9, 2, 5, 1, 8, 3, 3, 1, 4, 3, 9, 5, 2, 7, 4, 1, 4, 6, 15, 143, 33, 150, 111, 67, 64, 98, 85, 44, 48, 106, 0]"
j20,2,stnu,600,False,inf,0.20551109313964844,inf,[],"""[0, 1, 6, 9, 2, 5, 2, 8, 3, 3, 2, 4, 3, 9, 12, 2, 7, 4, 1, 4, 6, 15, 143, 33, 150, 111, 67, 64, 98, 85, 44, 48, 106, 0]"""
j20,2,proactive_quantile_0.9,600,True,47,0.09242057800292969,0.0019488334655761719,"[0, 0, 0, 0, 2, 11, 5, 8, 18, 2, 8, 16, 16, 28, 23, 28, 23, 7, 30, 38, 28, 0, 0, 0, 0, 0, 0, 0, 0, 0, 0, 0, 0, 149]","""[0, 1, 2, 12, 3, 4, 1, 4, 2, 6, 7, 6, 5, 8, 1, 1, 1, 13, 8, 1, 8, 15, 143, 33, 150, 111, 67, 64, 98, 85, 44, 48, 106, 0]"""
j20,2,reactive,600,False,inf,inf,inf,null,"[0, 1, 2, 12, 3, 4, 1, 4, 2, 6, 7, 6, 5, 8, 1, 1, 1, 13, 8, 1, 8, 15, 143, 33, 150, 111, 67, 64, 98, 85, 44, 48, 106, 0]"
j20,2,stnu,600,False,inf,0.2102959156036377,inf,[],"""[0, 1, 2, 12, 3, 4, 4, 4, 2, 6, 1, 6, 5, 8, 5, 1, 1, 13, 8, 1, 8, 15, 143, 33, 150, 111, 67, 64, 98, 85, 44, 48, 106, 0]"""
j20,2,proactive_quantile_0.9,600,True,64,0.10368871688842773,0.0027267932891845703,"[0, 0, 0, 0, 10, 20, 10, 10, 30, 18, 31, 38, 31, 3, 20, 49, 34, 41, 41, 54, 59, 0, 0, 0, 0, 0, 0, 0, 0, 0, 0, 0, 0, 0, 0, 0, 0, 0, 145]","""[0, 13, 2, 4, 5, 9, 1, 11, 4, 14, 6, 6, 3, 1, 9, 11, 4, 13, 1, 6, 4, 127, 133, 43, 62, 146, 36, 42, 84, 108, 119, 37, 62, 102, 44, 64, 48, 119, 0]"""
j20,2,reactive,600,False,inf,inf,inf,null,"[0, 13, 2, 4, 5, 9, 1, 11, 4, 14, 6, 6, 3, 1, 9, 11, 4, 13, 1, 6, 4, 127, 133, 43, 62, 146, 36, 42, 84, 108, 119, 37, 62, 102, 44, 64, 48, 119, 0]"
j20,2,stnu,600,False,inf,0.22888827323913574,inf,[],"""[0, 13, 2, 4, 5, 9, 1, 11, 4, 14, 6, 6, 3, 1, 9, 11, 4, 13, 1, 6, 4, 127, 133, 43, 62, 146, 36, 42, 84, 108, 119, 37, 62, 102, 44, 64, 48, 119, 0]"""
j20,2,proactive_quantile_0.9,600,True,64,0.09660983085632324,0.0027039051055908203,"[0, 0, 0, 0, 10, 20, 10, 10, 30, 18, 31, 38, 31, 3, 20, 49, 34, 41, 41, 54, 59, 0, 0, 0, 0, 0, 0, 0, 0, 0, 0, 0, 0, 0, 0, 0, 0, 0, 145]","""[0, 9, 3, 7, 9, 2, 7, 10, 1, 15, 1, 4, 4, 1, 10, 6, 7, 11, 2, 7, 3, 127, 133, 43, 62, 146, 36, 42, 84, 108, 119, 37, 62, 102, 44, 64, 48, 119, 0]"""
j20,2,reactive,600,False,inf,inf,inf,null,"[0, 9, 3, 7, 9, 2, 7, 10, 1, 15, 1, 4, 4, 1, 10, 6, 7, 11, 2, 7, 3, 127, 133, 43, 62, 146, 36, 42, 84, 108, 119, 37, 62, 102, 44, 64, 48, 119, 0]"
j20,2,stnu,600,False,inf,0.28000450134277344,inf,[],"""[0, 9, 3, 7, 9, 2, 7, 10, 1, 15, 1, 4, 4, 1, 10, 6, 7, 11, 2, 7, 3, 127, 133, 43, 62, 146, 36, 42, 84, 108, 119, 37, 62, 102, 44, 64, 48, 119, 0]"""
j20,2,proactive_quantile_0.9,600,True,64,0.09873223304748535,0.0026314258575439453,"[0, 0, 0, 0, 10, 20, 10, 10, 30, 18, 31, 38, 31, 3, 20, 49, 34, 41, 41, 54, 59, 0, 0, 0, 0, 0, 0, 0, 0, 0, 0, 0, 0, 0, 0, 0, 0, 0, 145]","""[0, 9, 3, 12, 8, 4, 2, 5, 5, 8, 1, 2, 2, 5, 7, 2, 5, 10, 3, 8, 1, 127, 133, 43, 62, 146, 36, 42, 84, 108, 119, 37, 62, 102, 44, 64, 48, 119, 0]"""
j20,2,reactive,600,False,inf,inf,inf,null,"[0, 9, 3, 12, 8, 4, 2, 5, 5, 8, 1, 2, 2, 5, 7, 2, 5, 10, 3, 8, 1, 127, 133, 43, 62, 146, 36, 42, 84, 108, 119, 37, 62, 102, 44, 64, 48, 119, 0]"
j20,2,stnu,600,False,inf,0.24154973030090332,inf,[],"""[0, 9, 3, 12, 8, 4, 2, 5, 5, 8, 1, 2, 2, 5, 7, 2, 5, 10, 3, 8, 1, 127, 133, 43, 62, 146, 36, 42, 84, 108, 119, 37, 62, 102, 44, 64, 48, 119, 0]"""
j20,2,proactive_quantile_0.9,600,True,64,0.09578609466552734,0.002656221389770508,"[0, 0, 0, 0, 10, 20, 10, 10, 30, 18, 31, 38, 31, 3, 20, 49, 34, 41, 41, 54, 59, 0, 0, 0, 0, 0, 0, 0, 0, 0, 0, 0, 0, 0, 0, 0, 0, 0, 145]","""[0, 11, 3, 8, 11, 3, 4, 6, 1, 13, 6, 2, 3, 1, 8, 9, 4, 6, 3, 4, 2, 127, 133, 43, 62, 146, 36, 42, 84, 108, 119, 37, 62, 102, 44, 64, 48, 119, 0]"""
j20,2,reactive,600,False,inf,inf,inf,null,"[0, 11, 3, 8, 11, 3, 4, 6, 1, 13, 6, 2, 3, 1, 8, 9, 4, 6, 3, 4, 2, 127, 133, 43, 62, 146, 36, 42, 84, 108, 119, 37, 62, 102, 44, 64, 48, 119, 0]"
j20,2,stnu,600,False,inf,0.22525811195373535,inf,[],"""[0, 11, 3, 8, 11, 3, 4, 6, 1, 13, 6, 2, 3, 1, 8, 9, 4, 6, 3, 4, 2, 127, 133, 43, 62, 146, 36, 42, 84, 108, 119, 37, 62, 102, 44, 64, 48, 119, 0]"""
j20,2,proactive_quantile_0.9,600,True,64,0.09716606140136719,0.0027313232421875,"[0, 0, 0, 0, 10, 20, 10, 10, 30, 18, 31, 38, 31, 3, 20, 49, 34, 41, 41, 54, 59, 0, 0, 0, 0, 0, 0, 0, 0, 0, 0, 0, 0, 0, 0, 0, 0, 0, 145]","""[0, 10, 2, 6, 5, 1, 5, 12, 2, 13, 7, 8, 1, 4, 6, 9, 1, 7, 2, 8, 4, 127, 133, 43, 62, 146, 36, 42, 84, 108, 119, 37, 62, 102, 44, 64, 48, 119, 0]"""
j20,2,reactive,600,True,63,0.09716606140136719,0.6234641075134277,"[0, 0, 0, 0, 10, 20, 10, 10, 30, 18, 31, 38, 31, 3, 20, 49, 34, 41, 41, 54, 59, 0, 0, 0, 0, 0, 0, 0, 0, 0, 0, 0, 0, 0, 0, 0, 0, 0, 63]","[0, 10, 2, 6, 5, 1, 5, 12, 2, 13, 7, 8, 1, 4, 6, 9, 1, 7, 2, 8, 4, 127, 133, 43, 62, 146, 36, 42, 84, 108, 119, 37, 62, 102, 44, 64, 48, 119, 0]"
j20,2,stnu,600,False,inf,0.28560566902160645,inf,[],"""[0, 10, 2, 6, 5, 1, 5, 12, 2, 13, 7, 8, 1, 4, 6, 9, 1, 7, 2, 8, 4, 127, 133, 43, 62, 146, 36, 42, 84, 108, 119, 37, 62, 102, 44, 64, 48, 119, 0]"""
j20,2,proactive_quantile_0.9,600,True,64,0.10358119010925293,0.002650022506713867,"[0, 0, 0, 0, 10, 20, 10, 10, 30, 18, 31, 38, 31, 3, 20, 49, 34, 41, 41, 54, 59, 0, 0, 0, 0, 0, 0, 0, 0, 0, 0, 0, 0, 0, 0, 0, 0, 0, 145]","""[0, 16, 2, 5, 11, 12, 1, 12, 6, 13, 6, 4, 4, 2, 3, 4, 1, 3, 1, 5, 6, 127, 133, 43, 62, 146, 36, 42, 84, 108, 119, 37, 62, 102, 44, 64, 48, 119, 0]"""
j20,2,reactive,600,False,inf,inf,inf,null,"[0, 16, 2, 5, 11, 12, 1, 12, 6, 13, 6, 4, 4, 2, 3, 4, 1, 3, 1, 5, 6, 127, 133, 43, 62, 146, 36, 42, 84, 108, 119, 37, 62, 102, 44, 64, 48, 119, 0]"
j20,2,stnu,600,False,inf,0.21138429641723633,inf,[],"""[0, 16, 2, 5, 11, 12, 1, 12, 6, 13, 6, 4, 4, 2, 3, 4, 1, 3, 1, 5, 6, 127, 133, 43, 62, 146, 36, 42, 84, 108, 119, 37, 62, 102, 44, 64, 48, 119, 0]"""
j20,2,proactive_quantile_0.9,600,True,64,0.10025572776794434,0.002658843994140625,"[0, 0, 0, 0, 10, 20, 10, 10, 30, 18, 31, 38, 31, 3, 20, 49, 34, 41, 41, 54, 59, 0, 0, 0, 0, 0, 0, 0, 0, 0, 0, 0, 0, 0, 0, 0, 0, 0, 145]","""[0, 4, 1, 6, 9, 8, 1, 4, 6, 7, 8, 2, 3, 4, 9, 6, 3, 10, 1, 6, 3, 127, 133, 43, 62, 146, 36, 42, 84, 108, 119, 37, 62, 102, 44, 64, 48, 119, 0]"""
j20,2,reactive,600,False,inf,inf,inf,null,"[0, 4, 1, 6, 9, 8, 1, 4, 6, 7, 8, 2, 3, 4, 9, 6, 3, 10, 1, 6, 3, 127, 133, 43, 62, 146, 36, 42, 84, 108, 119, 37, 62, 102, 44, 64, 48, 119, 0]"
j20,2,stnu,600,False,inf,0.22480201721191406,inf,[],"""[0, 4, 1, 6, 9, 8, 1, 4, 6, 7, 8, 2, 3, 4, 9, 6, 3, 10, 1, 6, 3, 127, 133, 43, 62, 146, 36, 42, 84, 108, 119, 37, 62, 102, 44, 64, 48, 119, 0]"""
j20,2,proactive_quantile_0.9,600,True,64,0.09839677810668945,0.0025806427001953125,"[0, 0, 0, 0, 10, 20, 10, 10, 30, 18, 31, 38, 31, 3, 20, 49, 34, 41, 41, 54, 59, 0, 0, 0, 0, 0, 0, 0, 0, 0, 0, 0, 0, 0, 0, 0, 0, 0, 145]","""[0, 5, 4, 1, 6, 5, 7, 2, 7, 4, 3, 8, 3, 3, 2, 1, 7, 3, 2, 8, 6, 127, 133, 43, 62, 146, 36, 42, 84, 108, 119, 37, 62, 102, 44, 64, 48, 119, 0]"""
j20,2,reactive,600,False,inf,inf,inf,null,"[0, 5, 4, 1, 6, 5, 7, 2, 7, 4, 3, 8, 3, 3, 2, 1, 7, 3, 2, 8, 6, 127, 133, 43, 62, 146, 36, 42, 84, 108, 119, 37, 62, 102, 44, 64, 48, 119, 0]"
j20,2,stnu,600,False,inf,0.25577306747436523,inf,[],"""[0, 5, 4, 1, 6, 5, 7, 2, 7, 4, 3, 8, 3, 3, 2, 1, 7, 3, 2, 8, 6, 127, 133, 43, 62, 146, 36, 42, 84, 108, 119, 37, 62, 102, 44, 64, 48, 119, 0]"""
j20,2,proactive_quantile_0.9,600,True,64,0.0992588996887207,0.0026929378509521484,"[0, 0, 0, 0, 10, 20, 10, 10, 30, 18, 31, 38, 31, 3, 20, 49, 34, 41, 41, 54, 59, 0, 0, 0, 0, 0, 0, 0, 0, 0, 0, 0, 0, 0, 0, 0, 0, 0, 145]","""[0, 9, 3, 8, 5, 10, 5, 11, 1, 7, 2, 3, 2, 2, 4, 2, 6, 13, 1, 7, 5, 127, 133, 43, 62, 146, 36, 42, 84, 108, 119, 37, 62, 102, 44, 64, 48, 119, 0]"""
j20,2,reactive,600,True,64,0.0992588996887207,0.6361932754516602,"[0, 0, 0, 0, 10, 20, 10, 10, 30, 18, 31, 38, 31, 3, 20, 49, 34, 41, 41, 54, 59, 0, 0, 0, 0, 0, 0, 0, 0, 0, 0, 0, 0, 0, 0, 0, 0, 0, 64]","[0, 9, 3, 8, 5, 10, 5, 11, 1, 7, 2, 3, 2, 2, 4, 2, 6, 13, 1, 7, 5, 127, 133, 43, 62, 146, 36, 42, 84, 108, 119, 37, 62, 102, 44, 64, 48, 119, 0]"
j20,2,stnu,600,False,inf,0.2266073226928711,inf,[],"""[0, 9, 3, 8, 5, 10, 5, 11, 1, 7, 2, 3, 2, 2, 4, 2, 6, 13, 1, 7, 5, 127, 133, 43, 62, 146, 36, 42, 84, 108, 119, 37, 62, 102, 44, 64, 48, 119, 0]"""
j20,2,proactive_quantile_0.9,600,True,64,0.09929060935974121,0.002638101577758789,"[0, 0, 0, 0, 10, 20, 10, 10, 30, 18, 31, 38, 31, 3, 20, 49, 34, 41, 41, 54, 59, 0, 0, 0, 0, 0, 0, 0, 0, 0, 0, 0, 0, 0, 0, 0, 0, 0, 145]","""[0, 8, 1, 6, 3, 1, 3, 6, 8, 6, 1, 11, 1, 3, 2, 5, 3, 13, 3, 1, 2, 127, 133, 43, 62, 146, 36, 42, 84, 108, 119, 37, 62, 102, 44, 64, 48, 119, 0]"""
j20,2,reactive,600,True,61,0.09929060935974121,0.7014114856719971,"[0, 0, 0, 0, 10, 20, 10, 10, 30, 18, 31, 38, 31, 3, 20, 49, 34, 41, 41, 54, 59, 0, 0, 0, 0, 0, 0, 0, 0, 0, 0, 0, 0, 0, 0, 0, 0, 0, 61]","[0, 8, 1, 6, 3, 1, 3, 6, 8, 6, 1, 11, 1, 3, 2, 5, 3, 13, 3, 1, 2, 127, 133, 43, 62, 146, 36, 42, 84, 108, 119, 37, 62, 102, 44, 64, 48, 119, 0]"
j20,2,stnu,600,False,inf,0.21357250213623047,inf,[],"""[0, 8, 1, 6, 3, 1, 3, 6, 8, 6, 1, 11, 1, 3, 2, 5, 3, 13, 3, 1, 2, 127, 133, 43, 62, 146, 36, 42, 84, 108, 119, 37, 62, 102, 44, 64, 48, 119, 0]"""
j20,2,proactive_quantile_0.9,600,False,inf,0.08748579025268555,inf,"[0, 0, 0, 0, 3, 7, 6, 6, 16, 13, 18, 16, 16, 21, 23, 16, 26, 26, 26, 34, 25, 0, 0, 0, 0, 0, 0, 0, 0, 0, 0, 0, 0, 137]","""[0, 9, 7, 4, 4, 1, 3, 9, 1, 2, 2, 5, 4, 1, 1, 11, 5, 5, 5, 6, 2, 71, 94, 19, 51, 40, 61, 82, 26, 90, 138, 85, 81, 0]"""
j20,2,reactive,600,False,inf,inf,inf,null,"[0, 9, 7, 4, 4, 1, 3, 9, 1, 2, 2, 5, 4, 1, 1, 11, 5, 5, 5, 6, 2, 71, 94, 19, 51, 40, 61, 82, 26, 90, 138, 85, 81, 0]"
j20,2,stnu,600,False,inf,0.21803689002990723,inf,[],"""[0, 9, 7, 4, 4, 1, 1, 2, 1, 2, 2, 2, 4, 1, 1, 11, 5, 5, 5, 6, 2, 71, 94, 19, 51, 40, 61, 82, 26, 90, 138, 85, 81, 0]"""
j20,2,proactive_quantile_0.9,600,True,44,0.09170055389404297,0.0016815662384033203,"[0, 0, 0, 0, 3, 7, 6, 6, 16, 13, 18, 16, 16, 21, 23, 16, 26, 26, 26, 34, 25, 0, 0, 0, 0, 0, 0, 0, 0, 0, 0, 0, 0, 137]","""[0, 10, 1, 2, 3, 4, 2, 7, 1, 1, 1, 4, 1, 1, 3, 11, 3, 8, 2, 6, 4, 71, 94, 19, 51, 40, 61, 82, 26, 90, 138, 85, 81, 0]"""
j20,2,reactive,600,False,inf,inf,inf,null,"[0, 10, 1, 2, 3, 4, 2, 7, 1, 1, 1, 4, 1, 1, 3, 11, 3, 8, 2, 6, 4, 71, 94, 19, 51, 40, 61, 82, 26, 90, 138, 85, 81, 0]"
j20,2,stnu,600,False,inf,0.20079708099365234,inf,[],"""[0, 10, 1, 2, 3, 4, 1, 3, 1, 1, 1, 2, 1, 1, 3, 11, 3, 8, 2, 6, 4, 71, 94, 19, 51, 40, 61, 82, 26, 90, 138, 85, 81, 0]"""
j20,2,proactive_quantile_0.9,600,False,inf,0.08528327941894531,inf,"[0, 0, 0, 0, 3, 7, 6, 6, 16, 13, 18, 16, 16, 21, 23, 16, 26, 26, 26, 34, 25, 0, 0, 0, 0, 0, 0, 0, 0, 0, 0, 0, 0, 137]","""[0, 6, 6, 3, 1, 1, 6, 3, 1, 4, 3, 3, 1, 2, 1, 3, 3, 8, 3, 11, 5, 71, 94, 19, 51, 40, 61, 82, 26, 90, 138, 85, 81, 0]"""
j20,2,reactive,600,False,inf,inf,inf,null,"[0, 6, 6, 3, 1, 1, 6, 3, 1, 4, 3, 3, 1, 2, 1, 3, 3, 8, 3, 11, 5, 71, 94, 19, 51, 40, 61, 82, 26, 90, 138, 85, 81, 0]"
j20,2,stnu,600,False,inf,0.26729345321655273,inf,[],"""[0, 6, 6, 3, 1, 1, 1, 9, 1, 4, 3, 13, 1, 2, 1, 3, 3, 8, 3, 11, 5, 71, 94, 19, 51, 40, 61, 82, 26, 90, 138, 85, 81, 0]"""
j20,2,proactive_quantile_0.9,600,False,inf,0.09130978584289551,inf,"[0, 0, 0, 0, 3, 7, 6, 6, 16, 13, 18, 16, 16, 21, 23, 16, 26, 26, 26, 34, 25, 0, 0, 0, 0, 0, 0, 0, 0, 0, 0, 0, 0, 137]","""[0, 12, 6, 3, 4, 5, 7, 5, 2, 4, 3, 2, 1, 2, 1, 9, 2, 8, 4, 11, 2, 71, 94, 19, 51, 40, 61, 82, 26, 90, 138, 85, 81, 0]"""
j20,2,reactive,600,False,inf,inf,inf,null,"[0, 12, 6, 3, 4, 5, 7, 5, 2, 4, 3, 2, 1, 2, 1, 9, 2, 8, 4, 11, 2, 71, 94, 19, 51, 40, 61, 82, 26, 90, 138, 85, 81, 0]"
j20,2,stnu,600,False,inf,0.2028954029083252,inf,[],"""[0, 12, 6, 3, 4, 5, 2, 1, 2, 4, 3, 7, 1, 2, 1, 9, 2, 8, 4, 11, 2, 71, 94, 19, 51, 40, 61, 82, 26, 90, 138, 85, 81, 0]"""
j20,2,proactive_quantile_0.9,600,False,inf,0.08688974380493164,inf,"[0, 0, 0, 0, 3, 7, 6, 6, 16, 13, 18, 16, 16, 21, 23, 16, 26, 26, 26, 34, 25, 0, 0, 0, 0, 0, 0, 0, 0, 0, 0, 0, 0, 137]","""[0, 5, 7, 2, 1, 10, 3, 11, 1, 2, 5, 8, 3, 3, 2, 7, 5, 2, 6, 7, 4, 71, 94, 19, 51, 40, 61, 82, 26, 90, 138, 85, 81, 0]"""
j20,2,reactive,600,False,inf,inf,inf,null,"[0, 5, 7, 2, 1, 10, 3, 11, 1, 2, 5, 8, 3, 3, 2, 7, 5, 2, 6, 7, 4, 71, 94, 19, 51, 40, 61, 82, 26, 90, 138, 85, 81, 0]"
j20,2,stnu,600,False,inf,0.19512248039245605,inf,[],"""[0, 5, 7, 2, 1, 10, 1, 12, 1, 2, 5, 11, 3, 3, 2, 7, 5, 2, 6, 7, 4, 71, 94, 19, 51, 40, 61, 82, 26, 90, 138, 85, 81, 0]"""
j20,2,proactive_quantile_0.9,600,True,44,0.09187674522399902,0.001707315444946289,"[0, 0, 0, 0, 3, 7, 6, 6, 16, 13, 18, 16, 16, 21, 23, 16, 26, 26, 26, 34, 25, 0, 0, 0, 0, 0, 0, 0, 0, 0, 0, 0, 0, 137]","""[0, 5, 3, 4, 4, 3, 3, 8, 3, 3, 6, 2, 2, 1, 1, 4, 4, 9, 3, 3, 9, 71, 94, 19, 51, 40, 61, 82, 26, 90, 138, 85, 81, 0]"""
j20,2,reactive,600,False,inf,inf,inf,null,"[0, 5, 3, 4, 4, 3, 3, 8, 3, 3, 6, 2, 2, 1, 1, 4, 4, 9, 3, 3, 9, 71, 94, 19, 51, 40, 61, 82, 26, 90, 138, 85, 81, 0]"
j20,2,stnu,600,False,inf,0.20667314529418945,inf,[],"""[0, 5, 3, 4, 4, 3, 2, 10, 3, 3, 6, 9, 2, 1, 1, 4, 4, 9, 3, 3, 9, 71, 94, 19, 51, 40, 61, 82, 26, 90, 138, 85, 81, 0]"""
j20,2,proactive_quantile_0.9,600,True,44,0.08662152290344238,0.001756906509399414,"[0, 0, 0, 0, 3, 7, 6, 6, 16, 13, 18, 16, 16, 21, 23, 16, 26, 26, 26, 34, 25, 0, 0, 0, 0, 0, 0, 0, 0, 0, 0, 0, 0, 137]","""[0, 2, 5, 4, 3, 9, 4, 1, 1, 2, 3, 4, 4, 1, 1, 11, 3, 7, 3, 10, 3, 71, 94, 19, 51, 40, 61, 82, 26, 90, 138, 85, 81, 0]"""
j20,2,reactive,600,False,inf,inf,inf,null,"[0, 2, 5, 4, 3, 9, 4, 1, 1, 2, 3, 4, 4, 1, 1, 11, 3, 7, 3, 10, 3, 71, 94, 19, 51, 40, 61, 82, 26, 90, 138, 85, 81, 0]"
j20,2,stnu,600,False,inf,0.21151280403137207,inf,[],"""[0, 2, 5, 4, 3, 9, 1, 4, 1, 2, 3, 3, 4, 1, 1, 11, 3, 7, 3, 10, 3, 71, 94, 19, 51, 40, 61, 82, 26, 90, 138, 85, 81, 0]"""
j20,2,proactive_quantile_0.9,600,True,44,0.08486151695251465,0.0017364025115966797,"[0, 0, 0, 0, 3, 7, 6, 6, 16, 13, 18, 16, 16, 21, 23, 16, 26, 26, 26, 34, 25, 0, 0, 0, 0, 0, 0, 0, 0, 0, 0, 0, 0, 137]","""[0, 2, 5, 1, 3, 4, 2, 9, 2, 1, 5, 5, 6, 2, 1, 1, 4, 1, 1, 6, 8, 71, 94, 19, 51, 40, 61, 82, 26, 90, 138, 85, 81, 0]"""
j20,2,reactive,600,True,40,0.08486151695251465,0.6450061798095703,"[0, 0, 0, 0, 3, 7, 6, 6, 16, 13, 18, 16, 16, 21, 23, 16, 26, 26, 26, 34, 25, 0, 0, 0, 0, 0, 0, 0, 0, 0, 0, 0, 0, 40]","[0, 2, 5, 1, 3, 4, 2, 9, 2, 1, 5, 5, 6, 2, 1, 1, 4, 1, 1, 6, 8, 71, 94, 19, 51, 40, 61, 82, 26, 90, 138, 85, 81, 0]"
j20,2,stnu,600,False,inf,0.20251965522766113,inf,[],"""[0, 2, 5, 1, 3, 4, 1, 3, 2, 1, 5, 4, 6, 2, 1, 1, 4, 1, 1, 6, 8, 71, 94, 19, 51, 40, 61, 82, 26, 90, 138, 85, 81, 0]"""
j20,2,proactive_quantile_0.9,600,True,44,0.0854794979095459,0.0016632080078125,"[0, 0, 0, 0, 3, 7, 6, 6, 16, 13, 18, 16, 16, 21, 23, 16, 26, 26, 26, 34, 25, 0, 0, 0, 0, 0, 0, 0, 0, 0, 0, 0, 0, 137]","""[0, 10, 4, 1, 1, 3, 1, 2, 2, 1, 1, 3, 5, 3, 1, 6, 3, 5, 4, 5, 1, 71, 94, 19, 51, 40, 61, 82, 26, 90, 138, 85, 81, 0]"""
j20,2,reactive,600,False,inf,inf,inf,null,"[0, 10, 4, 1, 1, 3, 1, 2, 2, 1, 1, 3, 5, 3, 1, 6, 3, 5, 4, 5, 1, 71, 94, 19, 51, 40, 61, 82, 26, 90, 138, 85, 81, 0]"
j20,2,stnu,600,False,inf,0.2110586166381836,inf,[],"""[0, 10, 4, 1, 1, 3, 3, 6, 2, 1, 1, 12, 5, 3, 1, 6, 3, 5, 4, 5, 1, 71, 94, 19, 51, 40, 61, 82, 26, 90, 138, 85, 81, 0]"""
j20,2,proactive_quantile_0.9,600,True,44,0.08631110191345215,0.0017457008361816406,"[0, 0, 0, 0, 3, 7, 6, 6, 16, 13, 18, 16, 16, 21, 23, 16, 26, 26, 26, 34, 25, 0, 0, 0, 0, 0, 0, 0, 0, 0, 0, 0, 0, 137]","""[0, 7, 8, 2, 2, 2, 5, 9, 2, 2, 2, 3, 2, 3, 3, 1, 3, 3, 6, 5, 8, 71, 94, 19, 51, 40, 61, 82, 26, 90, 138, 85, 81, 0]"""
j20,2,reactive,600,False,inf,inf,inf,null,"[0, 7, 8, 2, 2, 2, 5, 9, 2, 2, 2, 3, 2, 3, 3, 1, 3, 3, 6, 5, 8, 71, 94, 19, 51, 40, 61, 82, 26, 90, 138, 85, 81, 0]"
j20,2,stnu,600,False,inf,0.21143221855163574,inf,[],"""[0, 7, 8, 2, 2, 2, 1, 7, 2, 2, 2, 13, 2, 3, 3, 1, 3, 3, 6, 5, 8, 71, 94, 19, 51, 40, 61, 82, 26, 90, 138, 85, 81, 0]"""
