instance_folder,noise_factor,method,time_limit,feasibility,obj,time_offline,time_online,start_times,real_durations
j10,2,proactive_quantile_0.9,60,True,41,0.32735514640808105,0.0007433891296386719,"[0, 0, 0, 0, 10, 19, 11, 29, 36, 19, 10, 0, 0, 0, 0, 0, 0, 0, 68]","""[0, 4, 3, 3, 2, 4, 3, 3, 6, 3, 10, 46, 15, 23, 34, 69, 49, 65, 0]"""
j10,2,reactive,60,True,42,0.32735514640808105,0.13944029808044434,"[0, 0, 0, 0, 10, 19, 11, 29, 36, 19, 10, 0, 0, 0, 0, 0, 0, 0, 42]","[0, 4, 3, 3, 2, 4, 3, 3, 6, 3, 10, 46, 15, 23, 34, 69, 49, 65, 0]"
j10,2,stnu,60,True,25,3.9981746673583984,0.01206064224243164,"[0, 0, 0, 0, 4, 7, 4, 16, 19, 13, 3, 0, 0, 0, 0, 0, 0, 0, 25]","""[0, 4, 3, 3, 2, 4, 3, 3, 6, 3, 10, 46, 15, 23, 34, 69, 49, 65, 0]"""
j10,2,proactive_quantile_0.9,60,True,41,0.03421473503112793,0.0007791519165039062,"[0, 0, 0, 0, 10, 19, 11, 29, 36, 19, 10, 0, 0, 0, 0, 0, 0, 0, 68]","""[0, 7, 11, 12, 6, 6, 3, 4, 5, 2, 5, 46, 15, 23, 34, 69, 49, 65, 0]"""
j10,2,reactive,60,False,inf,inf,inf,null,"[0, 7, 11, 12, 6, 6, 3, 4, 5, 2, 5, 46, 15, 23, 34, 69, 49, 65, 0]"
j10,2,stnu,60,True,33,0.6622817516326904,0.011804580688476562,"[0, 0, 0, 0, 12, 18, 12, 24, 28, 18, 12, 0, 0, 0, 0, 0, 0, 0, 33]","""[0, 7, 11, 12, 6, 6, 3, 4, 5, 2, 5, 46, 15, 23, 34, 69, 49, 65, 0]"""
j10,2,proactive_quantile_0.9,60,True,41,0.03913736343383789,0.0007750988006591797,"[0, 0, 0, 0, 10, 19, 11, 29, 36, 19, 10, 0, 0, 0, 0, 0, 0, 0, 68]","""[0, 3, 7, 11, 4, 7, 1, 3, 3, 3, 10, 46, 15, 23, 34, 69, 49, 65, 0]"""
j10,2,reactive,60,False,inf,inf,inf,null,"[0, 3, 7, 11, 4, 7, 1, 3, 3, 3, 10, 46, 15, 23, 34, 69, 49, 65, 0]"
j10,2,stnu,60,True,30,0.6419427394866943,0.011286497116088867,"[0, 0, 0, 0, 11, 15, 11, 24, 27, 21, 11, 0, 0, 0, 0, 0, 0, 0, 30]","""[0, 3, 7, 11, 4, 7, 1, 3, 3, 3, 10, 46, 15, 23, 34, 69, 49, 65, 0]"""
j10,2,proactive_quantile_0.9,60,True,41,0.06624174118041992,0.0008544921875,"[0, 0, 0, 0, 10, 19, 11, 29, 36, 19, 10, 0, 0, 0, 0, 0, 0, 0, 68]","""[0, 2, 9, 11, 10, 8, 1, 5, 3, 1, 9, 46, 15, 23, 34, 69, 49, 65, 0]"""
j10,2,reactive,60,False,inf,inf,inf,null,"[0, 2, 9, 11, 10, 8, 1, 5, 3, 1, 9, 46, 15, 23, 34, 69, 49, 65, 0]"
j10,2,stnu,60,True,17,0.6403734683990479,0.010929584503173828,"[0, 0, 0, 0, 1, 4, 3, 9, 14, 6, 4, 0, 0, 0, 0, 0, 0, 0, 17]","""[0, 3, 1, 1, 3, 5, 3, 5, 3, 2, 4, 46, 15, 23, 34, 69, 49, 65, 0]"""
j10,2,proactive_quantile_0.9,60,True,41,0.05745887756347656,0.0008344650268554688,"[0, 0, 0, 0, 10, 19, 11, 29, 36, 19, 10, 0, 0, 0, 0, 0, 0, 0, 68]","""[0, 5, 9, 2, 9, 11, 3, 1, 5, 2, 6, 46, 15, 23, 34, 69, 49, 65, 0]"""
j10,2,reactive,60,False,inf,inf,inf,null,"[0, 5, 9, 2, 9, 11, 3, 1, 5, 2, 6, 46, 15, 23, 34, 69, 49, 65, 0]"
j10,2,stnu,60,True,31,0.6059296131134033,0.011330842971801758,"[0, 0, 0, 0, 5, 14, 9, 25, 26, 14, 2, 0, 0, 0, 0, 0, 0, 0, 31]","""[0, 5, 9, 2, 9, 11, 3, 1, 5, 2, 6, 46, 15, 23, 34, 69, 49, 65, 0]"""
j10,2,proactive_quantile_0.9,60,True,41,0.04775595664978027,0.0006959438323974609,"[0, 0, 0, 0, 10, 19, 11, 29, 36, 19, 10, 0, 0, 0, 0, 0, 0, 0, 68]","""[0, 5, 4, 1, 3, 8, 3, 3, 1, 4, 3, 46, 15, 23, 34, 69, 49, 65, 0]"""
j10,2,reactive,60,True,37,0.04775595664978027,0.1363534927368164,"[0, 0, 0, 0, 10, 19, 11, 29, 36, 19, 10, 0, 0, 0, 0, 0, 0, 0, 37]","[0, 5, 4, 1, 3, 8, 3, 3, 1, 4, 3, 46, 15, 23, 34, 69, 49, 65, 0]"
j10,2,stnu,60,True,20,0.6143162250518799,0.01129603385925293,"[0, 0, 0, 0, 5, 8, 5, 16, 19, 8, 1, 0, 0, 0, 0, 0, 0, 0, 20]","""[0, 5, 4, 1, 3, 8, 3, 3, 1, 4, 3, 46, 15, 23, 34, 69, 49, 65, 0]"""
j10,2,proactive_quantile_0.9,60,True,41,0.048658132553100586,0.000766754150390625,"[0, 0, 0, 0, 10, 19, 11, 29, 36, 19, 10, 0, 0, 0, 0, 0, 0, 0, 68]","""[0, 4, 4, 9, 3, 12, 2, 1, 3, 4, 8, 46, 15, 23, 34, 69, 49, 65, 0]"""
j10,2,reactive,60,False,inf,inf,inf,null,"[0, 4, 4, 9, 3, 12, 2, 1, 3, 4, 8, 46, 15, 23, 34, 69, 49, 65, 0]"
j10,2,stnu,60,True,28,0.5995297431945801,0.01131892204284668,"[0, 0, 0, 0, 9, 12, 9, 24, 25, 17, 9, 0, 0, 0, 0, 0, 0, 0, 28]","""[0, 4, 4, 9, 3, 12, 2, 1, 3, 4, 8, 46, 15, 23, 34, 69, 49, 65, 0]"""
j10,2,proactive_quantile_0.9,60,True,41,0.04578542709350586,0.0007748603820800781,"[0, 0, 0, 0, 10, 19, 11, 29, 36, 19, 10, 0, 0, 0, 0, 0, 0, 0, 68]","""[0, 7, 5, 11, 7, 12, 1, 3, 1, 2, 10, 46, 15, 23, 34, 69, 49, 65, 0]"""
j10,2,reactive,60,False,inf,inf,inf,null,"[0, 7, 5, 11, 7, 12, 1, 3, 1, 2, 10, 46, 15, 23, 34, 69, 49, 65, 0]"
j10,2,stnu,60,True,34,0.649334192276001,0.01125025749206543,"[0, 0, 0, 0, 11, 18, 11, 30, 33, 21, 11, 0, 0, 0, 0, 0, 0, 0, 34]","""[0, 7, 5, 11, 7, 12, 1, 3, 1, 2, 10, 46, 15, 23, 34, 69, 49, 65, 0]"""
j10,2,proactive_quantile_0.9,60,True,41,0.05390286445617676,0.0007476806640625,"[0, 0, 0, 0, 10, 19, 11, 29, 36, 19, 10, 0, 0, 0, 0, 0, 0, 0, 68]","""[0, 4, 4, 10, 8, 1, 3, 7, 4, 3, 9, 46, 15, 23, 34, 69, 49, 65, 0]"""
j10,2,reactive,60,True,40,0.05390286445617676,0.10827207565307617,"[0, 0, 0, 0, 10, 19, 11, 29, 36, 19, 10, 0, 0, 0, 0, 0, 0, 0, 40]","[0, 4, 4, 10, 8, 1, 3, 7, 4, 3, 9, 46, 15, 23, 34, 69, 49, 65, 0]"
j10,2,stnu,60,True,33,0.6555428504943848,0.010969161987304688,"[0, 0, 0, 0, 10, 18, 10, 22, 29, 19, 10, 0, 0, 0, 0, 0, 0, 0, 33]","""[0, 4, 4, 10, 8, 1, 3, 7, 4, 3, 9, 46, 15, 23, 34, 69, 49, 65, 0]"""
j10,2,proactive_quantile_0.9,60,True,24,0.1377418041229248,0.0007314682006835938,"[0, 0, 0, 0, 2, 4, 5, 12, 19, 7, 2, 0, 0, 0, 0, 0, 0, 0, 68]","""[0, 1, 6, 2, 2, 2, 3, 7, 4, 2, 2, 46, 15, 23, 34, 69, 49, 65, 0]"""
j10,2,reactive,60,False,inf,inf,inf,null,"[0, 1, 6, 2, 2, 2, 3, 7, 4, 2, 2, 46, 15, 23, 34, 69, 49, 65, 0]"
j10,2,stnu,60,True,22,0.6746752262115479,0.01124262809753418,"[0, 0, 0, 0, 2, 4, 6, 11, 18, 9, 2, 0, 0, 0, 0, 0, 0, 0, 22]","""[0, 1, 6, 2, 2, 2, 3, 7, 4, 2, 2, 46, 15, 23, 34, 69, 49, 65, 0]"""
j10,2,proactive_quantile_0.9,60,True,41,0.08782649040222168,0.00031948089599609375,"[0, 0, 5, 0, 9, 12, 9, 19, 28, 26, 28, 0, 41]","""[0, 8, 2, 5, 3, 8, 4, 7, 10, 2, 14, 42, 0]"""
j10,2,reactive,60,False,inf,inf,inf,null,"[0, 8, 2, 5, 3, 8, 4, 7, 10, 2, 14, 42, 0]"
j10,2,stnu,60,True,42,0.6341598033905029,0.005937814712524414,"[0, 0, 0, 2, 8, 11, 8, 19, 28, 26, 28, 0, 42]","""[0, 8, 2, 5, 3, 8, 4, 7, 6, 2, 14, 42, 0]"""
j10,2,proactive_quantile_0.9,60,True,41,0.05754494667053223,0.00026917457580566406,"[0, 0, 5, 0, 9, 12, 9, 19, 28, 26, 28, 0, 41]","""[0, 9, 2, 2, 1, 3, 4, 2, 8, 2, 6, 42, 0]"""
j10,2,reactive,60,True,36,0.05754494667053223,0.2424335479736328,"[0, 0, 5, 0, 9, 12, 9, 19, 28, 26, 28, 0, 36]","[0, 9, 2, 2, 1, 3, 4, 2, 8, 2, 6, 42, 0]"
j10,2,stnu,60,True,25,0.7171566486358643,0.005719900131225586,"[0, 0, 2, 0, 9, 10, 9, 13, 17, 15, 17, 0, 25]","""[0, 9, 2, 2, 1, 3, 4, 2, 8, 2, 6, 42, 0]"""
j10,2,proactive_quantile_0.9,60,False,inf,0.10630249977111816,inf,"[0, 0, 5, 0, 9, 12, 9, 19, 28, 26, 28, 0, 41]","""[0, 6, 6, 2, 4, 4, 8, 1, 2, 3, 3, 42, 0]"""
j10,2,reactive,60,False,inf,inf,inf,null,"[0, 6, 6, 2, 4, 4, 8, 1, 2, 3, 3, 42, 0]"
j10,2,stnu,60,True,30,0.6896729469299316,0.005939960479736328,"[0, 0, 0, 6, 6, 10, 8, 16, 20, 17, 20, 0, 30]","""[0, 6, 6, 2, 4, 4, 8, 1, 10, 3, 3, 42, 0]"""
j10,2,proactive_quantile_0.9,60,False,inf,0.05921053886413574,inf,"[0, 0, 5, 0, 9, 12, 9, 19, 28, 26, 28, 0, 41]","""[0, 8, 2, 2, 3, 3, 5, 2, 7, 3, 12, 42, 0]"""
j10,2,reactive,60,False,inf,inf,inf,null,"[0, 8, 2, 2, 3, 3, 5, 2, 7, 3, 12, 42, 0]"
j10,2,stnu,60,True,32,0.5887701511383057,0.0059206485748291016,"[0, 0, 0, 2, 8, 11, 8, 15, 20, 17, 20, 0, 32]","""[0, 8, 2, 2, 3, 3, 7, 2, 2, 3, 12, 42, 0]"""
j10,2,proactive_quantile_0.9,60,False,inf,0.16089701652526855,inf,"[0, 0, 5, 0, 9, 12, 9, 19, 28, 26, 28, 0, 41]","""[0, 5, 5, 1, 3, 2, 9, 4, 10, 3, 5, 42, 0]"""
j10,2,reactive,60,False,inf,inf,inf,null,"[0, 5, 5, 1, 3, 2, 9, 4, 10, 3, 5, 42, 0]"
j10,2,stnu,60,True,22,0.6383252143859863,0.005924701690673828,"[0, 0, 0, 5, 5, 8, 6, 10, 17, 14, 17, 0, 22]","""[0, 5, 5, 1, 3, 2, 1, 4, 3, 3, 5, 42, 0]"""
j10,2,proactive_quantile_0.9,60,False,inf,0.0627281665802002,inf,"[0, 0, 5, 0, 9, 12, 9, 19, 28, 26, 28, 0, 41]","""[0, 4, 2, 2, 1, 3, 8, 7, 5, 3, 12, 42, 0]"""
j10,2,reactive,60,False,inf,inf,inf,null,"[0, 4, 2, 2, 1, 3, 8, 7, 5, 3, 12, 42, 0]"
j10,2,stnu,60,True,31,0.6356503963470459,0.005921602249145508,"[0, 0, 0, 2, 4, 5, 4, 9, 19, 16, 19, 0, 31]","""[0, 4, 2, 2, 1, 3, 5, 7, 6, 3, 12, 42, 0]"""
j10,2,proactive_quantile_0.9,60,False,inf,0.06035041809082031,inf,"[0, 0, 5, 0, 9, 12, 9, 19, 28, 26, 28, 0, 41]","""[0, 4, 1, 2, 3, 5, 6, 8, 2, 2, 14, 42, 0]"""
j10,2,reactive,60,False,inf,inf,inf,null,"[0, 4, 1, 2, 3, 5, 6, 8, 2, 2, 14, 42, 0]"
j10,2,stnu,60,True,33,0.5835778713226318,0.005801677703857422,"[0, 0, 2, 0, 5, 8, 13, 13, 5, 22, 22, 0, 33]","""[0, 5, 1, 2, 3, 5, 9, 8, 2, 3, 11, 42, 0]"""
j10,2,proactive_quantile_0.9,60,True,41,0.08366012573242188,0.0002696514129638672,"[0, 0, 5, 0, 9, 12, 9, 19, 28, 26, 28, 0, 41]","""[0, 3, 4, 3, 4, 4, 4, 7, 2, 2, 14, 42, 0]"""
j10,2,reactive,60,False,inf,inf,inf,null,"[0, 3, 4, 3, 4, 4, 4, 7, 2, 2, 14, 42, 0]"
j10,2,stnu,60,True,33,0.6690008640289307,0.0057642459869384766,"[0, 0, 3, 0, 11, 15, 19, 19, 11, 26, 26, 0, 33]","""[0, 11, 4, 3, 4, 4, 6, 7, 1, 7, 6, 42, 0]"""
j10,2,proactive_quantile_0.9,60,False,inf,0.06795930862426758,inf,"[0, 0, 5, 0, 9, 12, 9, 19, 28, 26, 28, 0, 41]","""[0, 9, 1, 2, 4, 6, 6, 2, 10, 3, 12, 42, 0]"""
j10,2,reactive,60,False,inf,inf,inf,null,"[0, 9, 1, 2, 4, 6, 6, 2, 10, 3, 12, 42, 0]"
j10,2,stnu,60,True,36,0.7050564289093018,0.005939483642578125,"[0, 0, 0, 1, 9, 13, 9, 19, 24, 21, 24, 0, 36]","""[0, 9, 1, 2, 4, 6, 5, 2, 11, 3, 12, 42, 0]"""
j10,2,proactive_quantile_0.9,60,True,41,0.19341659545898438,0.0002684593200683594,"[0, 0, 5, 0, 9, 12, 9, 19, 28, 26, 28, 0, 41]","""[0, 5, 2, 4, 2, 6, 10, 6, 5, 2, 3, 42, 0]"""
j10,2,reactive,60,True,33,0.19341659545898438,0.12227535247802734,"[0, 0, 5, 0, 9, 12, 9, 19, 28, 26, 28, 0, 33]","[0, 5, 2, 4, 2, 6, 10, 6, 5, 2, 3, 42, 0]"
j10,2,stnu,60,True,32,0.6579110622406006,0.005765438079833984,"[0, 0, 4, 0, 9, 11, 17, 17, 9, 24, 24, 0, 32]","""[0, 9, 2, 4, 2, 6, 7, 6, 1, 8, 5, 42, 0]"""
j10,2,proactive_quantile_0.9,60,False,inf,0.16691255569458008,inf,"[0, 0, 0, 2, 2, 4, 9, 9, 17, 9, 5, 0, 0, 0, 0, 0, 0, 0, 0, 0, 69]","""[0, 1, 3, 3, 1, 4, 4, 3, 8, 2, 5, 70, 66, 45, 53, 15, 50, 37, 70, 33, 0]"""
j10,2,reactive,60,False,inf,inf,inf,null,"[0, 1, 3, 3, 1, 4, 4, 3, 8, 2, 5, 70, 66, 45, 53, 15, 50, 37, 70, 33, 0]"
j10,2,stnu,60,True,22,0.6933543682098389,0.013779401779174805,"[0, 0, 0, 3, 3, 4, 8, 8, 16, 8, 6, 0, 0, 0, 0, 0, 0, 0, 0, 0, 22]","""[0, 1, 3, 3, 1, 4, 8, 3, 6, 2, 3, 70, 66, 45, 53, 15, 50, 37, 70, 33, 0]"""
j10,2,proactive_quantile_0.9,60,True,30,0.05645036697387695,0.0010063648223876953,"[0, 0, 0, 4, 2, 4, 9, 9, 17, 9, 9, 0, 0, 0, 0, 0, 0, 0, 0, 0, 69]","""[0, 1, 1, 3, 2, 1, 7, 3, 15, 1, 7, 70, 66, 45, 53, 15, 50, 37, 70, 33, 0]"""
j10,2,reactive,60,True,32,0.05645036697387695,0.16123509407043457,"[0, 0, 0, 4, 2, 4, 9, 9, 17, 9, 9, 0, 0, 0, 0, 0, 0, 0, 0, 0, 69]","[0, 1, 1, 3, 2, 1, 7, 3, 15, 1, 7, 70, 66, 45, 53, 15, 50, 37, 70, 33, 0]"
j10,2,stnu,60,False,inf,0.635901689529419,inf,[],"""[0, 1, 1, 4, 2, 1, 4, 1, 8, 8, 7, 70, 66, 45, 53, 15, 50, 37, 70, 33, 0]"""
j10,2,proactive_quantile_0.9,60,False,inf,0.05023336410522461,inf,"[0, 0, 0, 4, 2, 4, 9, 9, 17, 9, 9, 0, 0, 0, 0, 0, 0, 0, 0, 0, 69]","""[0, 3, 1, 3, 2, 4, 6, 3, 13, 6, 3, 70, 66, 45, 53, 15, 50, 37, 70, 33, 0]"""
j10,2,reactive,60,False,inf,inf,inf,null,"[0, 3, 1, 3, 2, 4, 6, 3, 13, 6, 3, 70, 66, 45, 53, 15, 50, 37, 70, 33, 0]"
j10,2,stnu,60,True,28,0.575214147567749,0.01379704475402832,"[0, 0, 0, 5, 3, 5, 9, 9, 15, 9, 9, 0, 0, 0, 0, 0, 0, 0, 0, 0, 28]","""[0, 3, 1, 3, 2, 4, 6, 3, 13, 6, 3, 70, 66, 45, 53, 15, 50, 37, 70, 33, 0]"""
j10,2,proactive_quantile_0.9,60,False,inf,0.17907214164733887,inf,"[0, 0, 0, 2, 2, 4, 9, 9, 17, 9, 5, 0, 0, 0, 0, 0, 0, 0, 0, 0, 69]","""[0, 2, 2, 1, 1, 6, 4, 3, 5, 8, 3, 70, 66, 45, 53, 15, 50, 37, 70, 33, 0]"""
j10,2,reactive,60,False,inf,inf,inf,null,"[0, 2, 2, 1, 1, 6, 4, 3, 5, 8, 3, 70, 66, 45, 53, 15, 50, 37, 70, 33, 0]"
j10,2,stnu,60,True,17,0.5768918991088867,0.013887405395507812,"[0, 0, 0, 3, 2, 3, 5, 5, 12, 5, 5, 0, 0, 0, 0, 0, 0, 0, 0, 0, 17]","""[0, 2, 2, 1, 1, 2, 4, 3, 5, 7, 3, 70, 66, 45, 53, 15, 50, 37, 70, 33, 0]"""
j10,2,proactive_quantile_0.9,60,False,inf,0.058851003646850586,inf,"[0, 0, 0, 4, 2, 4, 9, 9, 17, 9, 9, 0, 0, 0, 0, 0, 0, 0, 0, 0, 69]","""[0, 3, 3, 2, 2, 2, 4, 1, 11, 6, 1, 70, 66, 45, 53, 15, 50, 37, 70, 33, 0]"""
j10,2,reactive,60,False,inf,inf,inf,null,"[0, 3, 3, 2, 2, 2, 4, 1, 11, 6, 1, 70, 66, 45, 53, 15, 50, 37, 70, 33, 0]"
j10,2,stnu,60,False,inf,0.563826322555542,inf,[],"""[0, 3, 3, 1, 2, 2, 8, 3, 6, 6, 1, 70, 66, 45, 53, 15, 50, 37, 70, 33, 0]"""
j10,2,proactive_quantile_0.9,60,False,inf,0.17648649215698242,inf,"[0, 0, 0, 2, 2, 4, 9, 9, 17, 9, 5, 0, 0, 0, 0, 0, 0, 0, 0, 0, 69]","""[0, 2, 3, 4, 3, 2, 9, 2, 10, 1, 2, 70, 66, 45, 53, 15, 50, 37, 70, 33, 0]"""
j10,2,reactive,60,False,inf,inf,inf,null,"[0, 2, 3, 4, 3, 2, 9, 2, 10, 1, 2, 70, 66, 45, 53, 15, 50, 37, 70, 33, 0]"
j10,2,stnu,60,True,27,0.6545364856719971,0.013763666152954102,"[0, 0, 0, 3, 3, 6, 8, 8, 20, 8, 7, 0, 0, 0, 0, 0, 0, 0, 0, 0, 27]","""[0, 2, 3, 4, 3, 2, 12, 2, 7, 1, 5, 70, 66, 45, 53, 15, 50, 37, 70, 33, 0]"""
j10,2,proactive_quantile_0.9,60,False,inf,0.19794249534606934,inf,"[0, 0, 0, 2, 2, 4, 9, 9, 17, 9, 5, 0, 0, 0, 0, 0, 0, 0, 0, 0, 69]","""[0, 1, 2, 4, 3, 2, 3, 1, 13, 7, 4, 70, 66, 45, 53, 15, 50, 37, 70, 33, 0]"""
j10,2,reactive,60,False,inf,inf,inf,null,"[0, 1, 2, 4, 3, 2, 3, 1, 13, 7, 4, 70, 66, 45, 53, 15, 50, 37, 70, 33, 0]"
j10,2,stnu,60,True,28,0.6111078262329102,0.01403498649597168,"[0, 0, 0, 5, 2, 5, 10, 10, 15, 10, 10, 0, 0, 0, 0, 0, 0, 0, 0, 0, 28]","""[0, 1, 2, 1, 3, 5, 3, 1, 13, 5, 4, 70, 66, 45, 53, 15, 50, 37, 70, 33, 0]"""
j10,2,proactive_quantile_0.9,60,False,inf,0.25766587257385254,inf,"[0, 0, 0, 2, 2, 4, 9, 9, 17, 9, 5, 0, 0, 0, 0, 0, 0, 0, 0, 0, 69]","""[0, 2, 2, 3, 3, 3, 3, 4, 6, 4, 1, 70, 66, 45, 53, 15, 50, 37, 70, 33, 0]"""
j10,2,reactive,60,False,inf,inf,inf,null,"[0, 2, 2, 3, 3, 3, 3, 4, 6, 4, 1, 70, 66, 45, 53, 15, 50, 37, 70, 33, 0]"
j10,2,stnu,60,True,26,0.6968085765838623,0.013710737228393555,"[0, 0, 0, 2, 2, 5, 8, 8, 19, 8, 5, 0, 0, 0, 0, 0, 0, 0, 0, 0, 26]","""[0, 2, 2, 3, 3, 3, 11, 4, 7, 6, 3, 70, 66, 45, 53, 15, 50, 37, 70, 33, 0]"""
j10,2,proactive_quantile_0.9,60,False,inf,0.12180256843566895,inf,"[0, 0, 0, 2, 2, 4, 9, 9, 20, 9, 5, 0, 0, 0, 0, 0, 0, 0, 0, 0, 69]","""[0, 3, 1, 4, 2, 6, 2, 3, 5, 5, 6, 70, 66, 45, 53, 15, 50, 37, 70, 33, 0]"""
j10,2,reactive,60,False,inf,inf,inf,null,"[0, 3, 1, 4, 2, 6, 2, 3, 5, 5, 6, 70, 66, 45, 53, 15, 50, 37, 70, 33, 0]"
j10,2,stnu,60,True,22,0.6354601383209229,0.01401829719543457,"[0, 0, 0, 5, 3, 5, 6, 6, 10, 6, 6, 0, 0, 0, 0, 0, 0, 0, 0, 0, 22]","""[0, 3, 1, 1, 2, 1, 1, 3, 12, 4, 5, 70, 66, 45, 53, 15, 50, 37, 70, 33, 0]"""
j10,2,proactive_quantile_0.9,60,False,inf,0.2701547145843506,inf,"[0, 0, 0, 2, 2, 4, 9, 9, 17, 9, 5, 0, 0, 0, 0, 0, 0, 0, 0, 0, 69]","""[0, 3, 3, 4, 1, 5, 8, 4, 5, 8, 7, 70, 66, 45, 53, 15, 50, 37, 70, 33, 0]"""
j10,2,reactive,60,False,inf,inf,inf,null,"[0, 3, 3, 4, 1, 5, 8, 4, 5, 8, 7, 70, 66, 45, 53, 15, 50, 37, 70, 33, 0]"
j10,2,stnu,60,True,22,0.7987885475158691,0.013671159744262695,"[0, 0, 0, 3, 3, 4, 9, 9, 15, 9, 7, 0, 0, 0, 0, 0, 0, 0, 0, 0, 22]","""[0, 3, 3, 4, 1, 5, 4, 4, 7, 6, 3, 70, 66, 45, 53, 15, 50, 37, 70, 33, 0]"""
j10,2,proactive_quantile_0.9,60,False,inf,0.0503842830657959,inf,"[0, 0, 0, 0, 3, 3, 3, 5, 10, 16, 10, 0, 0, 0, 0, 0, 0, 0, 0, 0, 0, 83]","""[0, 12, 3, 1, 1, 1, 3, 8, 3, 2, 4, 68, 20, 84, 26, 19, 22, 72, 76, 56, 83, 0]"""
j10,2,reactive,60,False,inf,inf,inf,null,"[0, 12, 3, 1, 1, 1, 3, 8, 3, 2, 4, 68, 20, 84, 26, 19, 22, 72, 76, 56, 83, 0]"
j10,2,stnu,60,True,17,0.6642448902130127,0.014518976211547852,"[0, 0, 0, 0, 3, 1, 1, 4, 12, 15, 12, 0, 0, 0, 0, 0, 0, 0, 0, 0, 0, 17]","""[0, 12, 3, 1, 1, 1, 3, 8, 3, 2, 4, 68, 20, 84, 26, 19, 22, 72, 76, 56, 83, 0]"""
j10,2,proactive_quantile_0.9,60,True,42,0.050805091857910156,0.0011684894561767578,"[0, 0, 0, 0, 3, 3, 3, 16, 14, 29, 3, 0, 0, 0, 0, 0, 0, 0, 0, 0, 0, 83]","""[0, 5, 2, 1, 4, 11, 13, 9, 4, 12, 9, 68, 20, 84, 26, 19, 22, 72, 76, 56, 83, 0]"""
j10,2,reactive,60,True,41,0.050805091857910156,0.1623225212097168,"[0, 0, 0, 0, 3, 3, 3, 16, 14, 29, 3, 0, 0, 0, 0, 0, 0, 0, 0, 0, 0, 41]","[0, 5, 2, 1, 4, 11, 13, 9, 4, 12, 9, 68, 20, 84, 26, 19, 22, 72, 76, 56, 83, 0]"
j10,2,stnu,60,True,35,0.6002602577209473,0.014336585998535156,"[0, 0, 0, 0, 2, 2, 1, 14, 13, 23, 2, 0, 0, 0, 0, 0, 0, 0, 0, 0, 0, 35]","""[0, 5, 2, 1, 4, 11, 13, 9, 4, 12, 9, 68, 20, 84, 26, 19, 22, 72, 76, 56, 83, 0]"""
j10,2,proactive_quantile_0.9,60,True,42,0.05922055244445801,0.0012102127075195312,"[0, 0, 0, 0, 3, 3, 3, 16, 14, 29, 3, 0, 0, 0, 0, 0, 0, 0, 0, 0, 0, 83]","""[0, 6, 1, 3, 2, 6, 15, 15, 1, 10, 7, 68, 20, 84, 26, 19, 22, 72, 76, 56, 83, 0]"""
j10,2,reactive,60,False,inf,inf,inf,null,"[0, 6, 1, 3, 2, 6, 15, 15, 1, 10, 7, 68, 20, 84, 26, 19, 22, 72, 76, 56, 83, 0]"
j10,2,stnu,60,True,43,0.6950194835662842,0.014255523681640625,"[0, 0, 0, 0, 3, 3, 3, 18, 9, 33, 3, 0, 0, 0, 0, 0, 0, 0, 0, 0, 0, 43]","""[0, 6, 1, 3, 2, 6, 15, 15, 1, 10, 7, 68, 20, 84, 26, 19, 22, 72, 76, 56, 83, 0]"""
j10,2,proactive_quantile_0.9,60,True,42,0.05002117156982422,0.0011730194091796875,"[0, 0, 0, 0, 3, 3, 3, 16, 14, 29, 3, 0, 0, 0, 0, 0, 0, 0, 0, 0, 0, 83]","""[0, 4, 1, 1, 7, 11, 11, 11, 10, 10, 13, 68, 20, 84, 26, 19, 22, 72, 76, 56, 83, 0]"""
j10,2,reactive,60,True,39,0.05002117156982422,0.16237306594848633,"[0, 0, 0, 0, 3, 3, 3, 16, 14, 29, 3, 0, 0, 0, 0, 0, 0, 0, 0, 0, 0, 39]","[0, 4, 1, 1, 7, 11, 11, 11, 10, 10, 13, 68, 20, 84, 26, 19, 22, 72, 76, 56, 83, 0]"
j10,2,stnu,60,True,33,0.6039943695068359,0.014140605926513672,"[0, 0, 0, 0, 1, 1, 1, 12, 12, 23, 1, 0, 0, 0, 0, 0, 0, 0, 0, 0, 0, 33]","""[0, 4, 1, 1, 7, 11, 11, 11, 10, 10, 13, 68, 20, 84, 26, 19, 22, 72, 76, 56, 83, 0]"""
j10,2,proactive_quantile_0.9,60,False,inf,0.04881095886230469,inf,"[0, 0, 0, 0, 3, 3, 3, 16, 14, 29, 3, 0, 0, 0, 0, 0, 0, 0, 0, 0, 0, 83]","""[0, 6, 1, 4, 2, 3, 11, 13, 12, 12, 8, 68, 20, 84, 26, 19, 22, 72, 76, 56, 83, 0]"""
j10,2,reactive,60,False,inf,inf,inf,null,"[0, 6, 1, 4, 2, 3, 11, 13, 12, 12, 8, 68, 20, 84, 26, 19, 22, 72, 76, 56, 83, 0]"
j10,2,stnu,60,True,40,0.594702959060669,0.014178752899169922,"[0, 0, 0, 0, 4, 4, 4, 15, 7, 28, 4, 0, 0, 0, 0, 0, 0, 0, 0, 0, 0, 40]","""[0, 6, 1, 4, 2, 3, 11, 13, 12, 12, 8, 68, 20, 84, 26, 19, 22, 72, 76, 56, 83, 0]"""
j10,2,proactive_quantile_0.9,60,False,inf,0.05817055702209473,inf,"[0, 0, 0, 0, 3, 3, 3, 16, 14, 29, 3, 0, 0, 0, 0, 0, 0, 0, 0, 0, 0, 83]","""[0, 5, 2, 4, 10, 12, 7, 13, 5, 12, 3, 68, 20, 84, 26, 19, 22, 72, 76, 56, 83, 0]"""
j10,2,reactive,60,False,inf,inf,inf,null,"[0, 5, 2, 4, 10, 12, 7, 13, 5, 12, 3, 68, 20, 84, 26, 19, 22, 72, 76, 56, 83, 0]"
j10,2,stnu,60,True,41,0.6280620098114014,0.014043331146240234,"[0, 0, 0, 0, 4, 4, 4, 16, 16, 29, 4, 0, 0, 0, 0, 0, 0, 0, 0, 0, 0, 41]","""[0, 5, 2, 4, 10, 12, 7, 13, 5, 12, 3, 68, 20, 84, 26, 19, 22, 72, 76, 56, 83, 0]"""
j10,2,proactive_quantile_0.9,60,False,inf,0.04648470878601074,inf,"[0, 0, 0, 0, 3, 3, 3, 5, 10, 16, 10, 0, 0, 0, 0, 0, 0, 0, 0, 0, 0, 83]","""[0, 6, 4, 4, 1, 3, 1, 5, 3, 1, 2, 68, 20, 84, 26, 19, 22, 72, 76, 56, 83, 0]"""
j10,2,reactive,60,False,inf,inf,inf,null,"[0, 6, 4, 4, 1, 3, 1, 5, 3, 1, 2, 68, 20, 84, 26, 19, 22, 72, 76, 56, 83, 0]"
j10,2,stnu,60,True,30,0.5856847763061523,0.014121055603027344,"[0, 0, 0, 0, 4, 4, 4, 11, 11, 21, 4, 0, 0, 0, 0, 0, 0, 0, 0, 0, 0, 30]","""[0, 8, 4, 4, 7, 7, 4, 10, 7, 9, 5, 68, 20, 84, 26, 19, 22, 72, 76, 56, 83, 0]"""
j10,2,proactive_quantile_0.9,60,False,inf,0.036391496658325195,inf,"[0, 0, 0, 0, 3, 3, 3, 5, 10, 16, 10, 0, 0, 0, 0, 0, 0, 0, 0, 0, 0, 83]","""[0, 7, 1, 3, 1, 6, 3, 5, 3, 4, 8, 68, 20, 84, 26, 19, 22, 72, 76, 56, 83, 0]"""
j10,2,reactive,60,False,inf,inf,inf,null,"[0, 7, 1, 3, 1, 6, 3, 5, 3, 4, 8, 68, 20, 84, 26, 19, 22, 72, 76, 56, 83, 0]"
j10,2,stnu,60,True,24,0.6127586364746094,0.01421046257019043,"[0, 0, 0, 0, 3, 3, 3, 14, 12, 20, 3, 0, 0, 0, 0, 0, 0, 0, 0, 0, 0, 24]","""[0, 12, 1, 3, 5, 9, 11, 6, 4, 4, 12, 68, 20, 84, 26, 19, 22, 72, 76, 56, 83, 0]"""
j10,2,proactive_quantile_0.9,60,True,21,0.13555479049682617,0.0011801719665527344,"[0, 0, 0, 0, 3, 3, 3, 5, 10, 16, 10, 0, 0, 0, 0, 0, 0, 0, 0, 0, 0, 83]","""[0, 10, 2, 2, 1, 4, 2, 8, 2, 6, 1, 68, 20, 84, 26, 19, 22, 72, 76, 56, 83, 0]"""
j10,2,reactive,60,True,22,0.13555479049682617,0.1891622543334961,"[0, 0, 0, 0, 3, 3, 3, 5, 10, 16, 10, 0, 0, 0, 0, 0, 0, 0, 0, 0, 0, 22]","[0, 10, 2, 2, 1, 4, 2, 8, 2, 6, 1, 68, 20, 84, 26, 19, 22, 72, 76, 56, 83, 0]"
j10,2,stnu,60,True,33,0.609426736831665,0.013936042785644531,"[0, 0, 0, 0, 2, 2, 2, 16, 11, 25, 2, 0, 0, 0, 0, 0, 0, 0, 0, 0, 0, 33]","""[0, 7, 2, 2, 9, 2, 14, 9, 4, 8, 3, 68, 20, 84, 26, 19, 22, 72, 76, 56, 83, 0]"""
j10,2,proactive_quantile_0.9,60,True,21,0.0444636344909668,0.0011513233184814453,"[0, 0, 0, 0, 3, 3, 3, 5, 10, 16, 10, 0, 0, 0, 0, 0, 0, 0, 0, 0, 0, 83]","""[0, 6, 3, 3, 1, 6, 1, 7, 1, 2, 3, 68, 20, 84, 26, 19, 22, 72, 76, 56, 83, 0]"""
j10,2,reactive,60,True,18,0.0444636344909668,0.161057710647583,"[0, 0, 0, 0, 3, 3, 3, 5, 10, 16, 10, 0, 0, 0, 0, 0, 0, 0, 0, 0, 0, 18]","[0, 6, 3, 3, 1, 6, 1, 7, 1, 2, 3, 68, 20, 84, 26, 19, 22, 72, 76, 56, 83, 0]"
j10,2,stnu,60,True,17,0.6739709377288818,0.014150619506835938,"[0, 0, 0, 0, 4, 4, 4, 6, 11, 13, 6, 0, 0, 0, 0, 0, 0, 0, 0, 0, 0, 17]","""[0, 4, 3, 4, 1, 7, 2, 7, 1, 4, 3, 68, 20, 84, 26, 19, 22, 72, 76, 56, 83, 0]"""
j10,2,stnu,60,False,inf,0.609515905380249,inf,[],"""[0, 4, 15, 6, 2, 10, 6, 3, 12, 1, 3, 3, 15, 36, 67, 39, 26, 59, 0]"""
j10,2,stnu,60,False,inf,0.6497704982757568,inf,[],"""[0, 4, 8, 2, 9, 5, 4, 5, 9, 7, 2, 3, 15, 36, 67, 39, 26, 59, 0]"""
j10,2,stnu,60,False,inf,0.5565106868743896,inf,[],"""[0, 4, 5, 7, 8, 1, 8, 6, 4, 5, 3, 3, 15, 36, 67, 39, 26, 59, 0]"""
j10,2,stnu,60,False,inf,0.5862812995910645,inf,[],"""[0, 1, 12, 3, 7, 5, 5, 7, 1, 8, 1, 3, 15, 36, 67, 39, 26, 59, 0]"""
j10,2,stnu,60,False,inf,0.5664350986480713,inf,[],"""[0, 3, 9, 9, 1, 10, 5, 8, 7, 8, 2, 3, 15, 36, 67, 39, 26, 59, 0]"""
j10,2,stnu,60,False,inf,0.5827846527099609,inf,[],"""[0, 1, 10, 4, 5, 8, 3, 5, 9, 8, 3, 3, 15, 36, 67, 39, 26, 59, 0]"""
j10,2,stnu,60,False,inf,0.5313408374786377,inf,[],"""[0, 2, 7, 1, 3, 2, 5, 2, 10, 7, 1, 3, 15, 36, 67, 39, 26, 59, 0]"""
j10,2,stnu,60,False,inf,0.6815328598022461,inf,[],"""[0, 1, 4, 3, 4, 10, 2, 8, 9, 9, 1, 3, 15, 36, 67, 39, 26, 59, 0]"""
j10,2,stnu,60,False,inf,0.6320264339447021,inf,[],"""[0, 3, 4, 3, 14, 3, 4, 6, 7, 3, 3, 3, 15, 36, 67, 39, 26, 59, 0]"""
j10,2,stnu,60,False,inf,0.66819167137146,inf,[],"""[0, 2, 13, 7, 4, 1, 3, 2, 3, 3, 1, 3, 15, 36, 67, 39, 26, 59, 0]"""
j10,2,proactive_quantile_0.9,60,False,inf,0.11217761039733887,inf,"[0, 0, 0, 0, 3, 6, 13, 15, 6, 11, 18, 0, 60]","""[0, 3, 3, 1, 3, 4, 1, 2, 8, 8, 10, 61, 0]"""
j10,2,reactive,60,False,inf,inf,inf,null,"[0, 3, 3, 1, 3, 4, 1, 2, 8, 8, 10, 61, 0]"
j10,2,stnu,60,True,35,0.5805926322937012,0.005419015884399414,"[0, 0, 0, 0, 3, 7, 11, 19, 7, 11, 25, 0, 35]","""[0, 3, 2, 3, 4, 4, 4, 6, 8, 8, 10, 61, 0]"""
j10,2,proactive_quantile_0.9,60,True,45,0.061571359634399414,0.0002810955047607422,"[0, 0, 0, 0, 5, 13, 18, 27, 13, 18, 36, 0, 60]","""[0, 3, 1, 4, 3, 5, 5, 1, 2, 1, 7, 61, 0]"""
j10,2,reactive,60,True,35,0.061571359634399414,0.10193371772766113,"[0, 0, 0, 0, 5, 13, 18, 27, 13, 18, 28, 0, 35]","[0, 3, 1, 4, 3, 5, 5, 1, 2, 1, 7, 61, 0]"
j10,2,stnu,60,True,24,0.6943297386169434,0.0055179595947265625,"[0, 0, 0, 0, 3, 6, 11, 16, 6, 11, 17, 0, 24]","""[0, 3, 1, 4, 3, 5, 5, 1, 2, 1, 7, 61, 0]"""
j10,2,proactive_quantile_0.9,60,False,inf,0.13113665580749512,inf,"[0, 0, 0, 0, 3, 6, 13, 15, 6, 11, 18, 0, 60]","""[0, 4, 1, 6, 4, 6, 2, 1, 1, 6, 4, 61, 0]"""
j10,2,reactive,60,False,inf,inf,inf,null,"[0, 4, 1, 6, 4, 6, 2, 1, 1, 6, 4, 61, 0]"
j10,2,stnu,60,True,30,0.5992732048034668,0.00556635856628418,"[0, 0, 0, 0, 4, 5, 11, 17, 5, 11, 26, 0, 30]","""[0, 4, 3, 1, 1, 6, 3, 9, 1, 6, 4, 61, 0]"""
j10,2,proactive_quantile_0.9,60,True,45,0.031234025955200195,0.00030517578125,"[0, 0, 0, 0, 5, 13, 18, 27, 13, 18, 36, 0, 60]","""[0, 4, 1, 7, 1, 5, 2, 10, 6, 10, 9, 61, 0]"""
j10,2,reactive,60,True,46,0.031234025955200195,0.10937619209289551,"[0, 0, 0, 0, 5, 13, 18, 27, 13, 18, 37, 0, 46]","[0, 4, 1, 7, 1, 5, 2, 10, 6, 10, 9, 61, 0]"
j10,2,stnu,60,True,28,0.7355532646179199,0.0054247379302978516,"[0, 0, 0, 0, 4, 8, 14, 17, 8, 13, 19, 0, 28]","""[0, 4, 4, 6, 4, 5, 3, 2, 6, 10, 9, 61, 0]"""
j10,2,proactive_quantile_0.9,60,True,45,0.06031179428100586,0.0003254413604736328,"[0, 0, 0, 0, 5, 13, 18, 27, 13, 18, 36, 0, 60]","""[0, 4, 4, 8, 7, 3, 9, 2, 5, 6, 4, 61, 0]"""
j10,2,reactive,60,True,33,0.06031179428100586,0.1064455509185791,"[0, 0, 0, 0, 5, 13, 18, 27, 13, 18, 29, 0, 33]","[0, 4, 4, 8, 7, 3, 9, 2, 5, 6, 4, 61, 0]"
j10,2,stnu,60,True,29,0.5951013565063477,0.0054738521575927734,"[0, 0, 0, 0, 4, 11, 14, 23, 11, 14, 25, 0, 29]","""[0, 4, 4, 8, 7, 3, 9, 2, 5, 6, 4, 61, 0]"""
j10,2,proactive_quantile_0.9,60,True,45,0.049127817153930664,0.0003037452697753906,"[0, 0, 0, 0, 5, 13, 18, 27, 13, 18, 36, 0, 60]","""[0, 3, 3, 4, 5, 3, 5, 2, 8, 6, 5, 61, 0]"""
j10,2,reactive,60,True,34,0.049127817153930664,0.10451579093933105,"[0, 0, 0, 0, 5, 13, 18, 27, 13, 18, 29, 0, 34]","[0, 3, 3, 4, 5, 3, 5, 2, 8, 6, 5, 61, 0]"
j10,2,stnu,60,True,24,0.5682110786437988,0.005427837371826172,"[0, 0, 0, 0, 3, 8, 11, 17, 8, 11, 19, 0, 24]","""[0, 3, 3, 4, 5, 3, 5, 2, 8, 6, 5, 61, 0]"""
j10,2,proactive_quantile_0.9,60,True,45,0.06446361541748047,0.0003116130828857422,"[0, 0, 0, 0, 5, 13, 18, 27, 13, 18, 36, 0, 60]","""[0, 3, 2, 4, 2, 1, 10, 7, 3, 6, 8, 61, 0]"""
j10,2,reactive,60,False,inf,inf,inf,null,"[0, 3, 2, 4, 2, 1, 10, 7, 3, 6, 8, 61, 0]"
j10,2,stnu,60,True,31,0.5487828254699707,0.005567312240600586,"[0, 0, 0, 0, 3, 5, 6, 16, 5, 6, 23, 0, 31]","""[0, 3, 2, 4, 2, 1, 10, 7, 3, 6, 8, 61, 0]"""
j10,2,proactive_quantile_0.9,60,True,45,0.058034658432006836,0.0002961158752441406,"[0, 0, 0, 0, 5, 13, 18, 27, 13, 18, 36, 0, 60]","""[0, 6, 1, 4, 7, 3, 3, 6, 1, 3, 2, 61, 0]"""
j10,2,reactive,60,False,inf,inf,inf,null,"[0, 6, 1, 4, 7, 3, 3, 6, 1, 3, 2, 61, 0]"
j10,2,stnu,60,True,27,0.5980627536773682,0.005541563034057617,"[0, 0, 0, 0, 6, 13, 16, 19, 13, 16, 25, 0, 27]","""[0, 6, 1, 4, 7, 3, 3, 6, 1, 3, 2, 61, 0]"""
j10,2,proactive_quantile_0.9,60,True,45,0.05110454559326172,0.00031113624572753906,"[0, 0, 0, 0, 5, 13, 18, 27, 13, 18, 36, 0, 60]","""[0, 4, 1, 7, 8, 3, 3, 10, 2, 8, 4, 61, 0]"""
j10,2,reactive,60,False,inf,inf,inf,null,"[0, 4, 1, 7, 8, 3, 3, 10, 2, 8, 4, 61, 0]"
j10,2,stnu,60,True,37,0.5899724960327148,0.005520343780517578,"[0, 0, 0, 0, 4, 12, 15, 23, 12, 15, 33, 0, 37]","""[0, 4, 1, 7, 8, 3, 3, 10, 2, 8, 4, 61, 0]"""
j10,2,proactive_quantile_0.9,60,True,45,0.04861283302307129,0.00029659271240234375,"[0, 0, 0, 0, 5, 13, 18, 27, 13, 18, 36, 0, 60]","""[0, 2, 2, 1, 6, 2, 10, 10, 4, 2, 4, 61, 0]"""
j10,2,reactive,60,False,inf,inf,inf,null,"[0, 2, 2, 1, 6, 2, 10, 10, 4, 2, 4, 61, 0]"
j10,2,stnu,60,True,34,0.5852193832397461,0.0054438114166259766,"[0, 0, 0, 0, 2, 8, 10, 20, 8, 10, 30, 0, 34]","""[0, 2, 2, 1, 6, 2, 10, 10, 4, 2, 4, 61, 0]"""
j10,2,proactive_quantile_0.9,60,False,inf,0.047495365142822266,inf,"[0, 5, 0, 0, 8, 11, 5, 5, 13, 16, 5, 0, 0, 0, 83]","""[0, 2, 2, 1, 4, 3, 4, 5, 5, 2, 4, 51, 12, 84, 0]"""
j10,2,reactive,60,False,inf,inf,inf,null,"[0, 2, 2, 1, 4, 3, 4, 5, 5, 2, 4, 51, 12, 84, 0]"
j10,2,stnu,60,True,34,0.6024813652038574,0.006697654724121094,"[0, 1, 0, 0, 10, 21, 1, 1, 23, 21, 4, 0, 0, 0, 34]","""[0, 9, 4, 1, 11, 2, 4, 9, 11, 5, 8, 51, 12, 84, 0]"""
j10,2,proactive_quantile_0.9,60,True,31,0.15317225456237793,0.00045490264892578125,"[0, 0, 0, 0, 10, 23, 5, 6, 25, 23, 19, 0, 0, 0, 83]","""[0, 9, 1, 6, 11, 3, 4, 6, 2, 5, 3, 51, 12, 84, 0]"""
j10,2,reactive,60,False,inf,inf,inf,null,"[0, 9, 1, 6, 11, 3, 4, 6, 2, 5, 3, 51, 12, 84, 0]"
j10,2,stnu,60,True,45,0.5625913143157959,0.006752490997314453,"[0, 6, 0, 0, 17, 28, 6, 6, 31, 28, 6, 0, 0, 0, 45]","""[0, 11, 3, 6, 11, 3, 4, 6, 14, 5, 3, 51, 12, 84, 0]"""
j10,2,proactive_quantile_0.9,60,True,21,0.05193591117858887,0.0004372596740722656,"[0, 5, 0, 0, 8, 11, 5, 5, 13, 16, 5, 0, 0, 0, 83]","""[0, 2, 5, 1, 2, 2, 3, 6, 4, 1, 3, 51, 12, 84, 0]"""
j10,2,reactive,60,True,17,0.05193591117858887,0.08894610404968262,"[0, 5, 0, 0, 8, 11, 5, 5, 13, 16, 5, 0, 0, 0, 17]","[0, 2, 5, 1, 2, 2, 3, 6, 4, 1, 3, 51, 12, 84, 0]"
j10,2,stnu,60,True,38,0.6256194114685059,0.0066547393798828125,"[0, 1, 0, 0, 8, 19, 1, 1, 23, 19, 5, 0, 0, 0, 38]","""[0, 7, 5, 1, 11, 4, 3, 14, 15, 2, 5, 51, 12, 84, 0]"""
j10,2,proactive_quantile_0.9,60,False,inf,0.0492398738861084,inf,"[0, 5, 0, 0, 8, 11, 5, 5, 13, 16, 5, 0, 0, 0, 83]","""[0, 1, 6, 5, 2, 1, 4, 8, 6, 2, 4, 51, 12, 84, 0]"""
j10,2,reactive,60,False,inf,inf,inf,null,"[0, 1, 6, 5, 2, 1, 4, 8, 6, 2, 4, 51, 12, 84, 0]"
j10,2,stnu,60,True,31,0.5798633098602295,0.006715536117553711,"[0, 5, 0, 0, 12, 23, 5, 5, 26, 23, 5, 0, 0, 0, 31]","""[0, 7, 1, 5, 11, 3, 4, 4, 5, 6, 9, 51, 12, 84, 0]"""
j10,2,proactive_quantile_0.9,60,True,44,0.046132802963256836,0.00046324729919433594,"[0, 5, 0, 0, 15, 28, 5, 5, 31, 28, 9, 0, 0, 0, 83]","""[0, 6, 10, 3, 6, 2, 2, 5, 12, 9, 3, 51, 12, 84, 0]"""
j10,2,reactive,60,False,inf,inf,inf,null,"[0, 6, 10, 3, 6, 2, 2, 5, 12, 9, 3, 51, 12, 84, 0]"
j10,2,stnu,60,True,30,0.5640504360198975,0.006810188293457031,"[0, 3, 0, 0, 10, 16, 3, 3, 18, 16, 10, 0, 0, 0, 30]","""[0, 6, 10, 3, 6, 2, 2, 5, 12, 9, 3, 51, 12, 84, 0]"""
j10,2,proactive_quantile_0.9,60,True,44,0.043413639068603516,0.00048470497131347656,"[0, 5, 0, 0, 15, 28, 5, 5, 31, 28, 9, 0, 0, 0, 83]","""[0, 9, 1, 1, 6, 4, 3, 13, 11, 3, 5, 51, 12, 84, 0]"""
j10,2,reactive,60,False,inf,inf,inf,null,"[0, 9, 1, 1, 6, 4, 3, 13, 11, 3, 5, 51, 12, 84, 0]"
j10,2,stnu,60,True,31,0.5655152797698975,0.00678706169128418,"[0, 1, 0, 0, 10, 16, 1, 1, 20, 16, 1, 0, 0, 0, 31]","""[0, 9, 1, 1, 6, 4, 3, 13, 11, 3, 5, 51, 12, 84, 0]"""
j10,2,proactive_quantile_0.9,60,True,44,0.048624515533447266,0.0005049705505371094,"[0, 5, 0, 0, 15, 28, 5, 5, 31, 28, 9, 0, 0, 0, 83]","""[0, 3, 10, 3, 13, 1, 3, 15, 5, 4, 8, 51, 12, 84, 0]"""
j10,2,reactive,60,False,inf,inf,inf,null,"[0, 3, 10, 3, 13, 1, 3, 15, 5, 4, 8, 51, 12, 84, 0]"
j10,2,stnu,60,True,29,0.5545337200164795,0.00670623779296875,"[0, 3, 0, 0, 10, 23, 3, 3, 24, 23, 10, 0, 0, 0, 29]","""[0, 3, 10, 3, 13, 1, 3, 15, 5, 4, 8, 51, 12, 84, 0]"""
j10,2,proactive_quantile_0.9,60,True,44,0.0475926399230957,0.0004911422729492188,"[0, 5, 0, 0, 15, 28, 5, 5, 31, 28, 9, 0, 0, 0, 83]","""[0, 10, 8, 1, 10, 4, 6, 6, 14, 9, 2, 51, 12, 84, 0]"""
j10,2,reactive,60,False,inf,inf,inf,null,"[0, 10, 8, 1, 10, 4, 6, 6, 14, 9, 2, 51, 12, 84, 0]"
j10,2,stnu,60,True,39,0.5610771179199219,0.006761312484741211,"[0, 1, 0, 0, 11, 21, 1, 1, 25, 21, 8, 0, 0, 0, 39]","""[0, 10, 8, 1, 10, 4, 6, 6, 14, 9, 2, 51, 12, 84, 0]"""
j10,2,proactive_quantile_0.9,60,True,44,0.047333717346191406,0.0005145072937011719,"[0, 5, 0, 0, 15, 28, 5, 5, 31, 28, 9, 0, 0, 0, 83]","""[0, 6, 3, 4, 12, 2, 1, 9, 15, 4, 5, 51, 12, 84, 0]"""
j10,2,reactive,60,True,46,0.047333717346191406,0.11677837371826172,"[0, 5, 0, 0, 15, 28, 5, 5, 31, 28, 9, 0, 0, 0, 46]","[0, 6, 3, 4, 12, 2, 1, 9, 15, 4, 5, 51, 12, 84, 0]"
j10,2,stnu,60,True,39,0.6177923679351807,0.006785392761230469,"[0, 4, 0, 0, 10, 22, 4, 4, 24, 22, 4, 0, 0, 0, 39]","""[0, 6, 3, 4, 12, 2, 1, 9, 15, 4, 5, 51, 12, 84, 0]"""
j10,2,proactive_quantile_0.9,60,True,44,0.04814291000366211,0.0004870891571044922,"[0, 5, 0, 0, 15, 28, 5, 5, 31, 28, 9, 0, 0, 0, 83]","""[0, 6, 2, 2, 7, 3, 1, 3, 8, 4, 2, 51, 12, 84, 0]"""
j10,2,reactive,60,True,39,0.04814291000366211,0.1258533000946045,"[0, 5, 0, 0, 15, 28, 5, 5, 31, 28, 9, 0, 0, 0, 39]","[0, 6, 2, 2, 7, 3, 1, 3, 8, 4, 2, 51, 12, 84, 0]"
j10,2,stnu,60,True,16,0.6620573997497559,0.006807088851928711,"[0, 6, 0, 0, 8, 9, 6, 2, 12, 9, 8, 0, 0, 0, 16]","""[0, 2, 6, 2, 1, 3, 1, 3, 4, 4, 2, 51, 12, 84, 0]"""
j10,2,proactive_quantile_0.9,60,True,20,0.0397946834564209,0.00025653839111328125,"[0, 0, 0, 0, 9, 2, 9, 10, 12, 12, 12, 0, 0, 20]","""[0, 10, 6, 2, 4, 6, 4, 3, 3, 3, 5, 21, 21, 0]"""
j10,2,reactive,60,False,inf,inf,inf,null,"[0, 10, 6, 2, 4, 6, 4, 3, 3, 3, 5, 21, 21, 0]"
j10,2,stnu,60,False,inf,0.6739122867584229,inf,[],"""[0, 1, 6, 2, 4, 8, 2, 3, 4, 1, 3, 21, 21, 0]"""
j10,2,proactive_quantile_0.9,60,True,19,0.12323403358459473,0.0002224445343017578,"[0, 0, 0, 0, 9, 2, 9, 9, 12, 11, 11, 0, 0, 20]","""[0, 4, 2, 3, 2, 4, 1, 1, 4, 2, 4, 21, 21, 0]"""
j10,2,reactive,60,False,inf,inf,inf,null,"[0, 4, 2, 3, 2, 4, 1, 1, 4, 2, 4, 21, 21, 0]"
j10,2,stnu,60,False,inf,0.52569580078125,inf,[],"""[0, 5, 2, 3, 2, 4, 1, 1, 1, 2, 4, 21, 21, 0]"""
j10,2,proactive_quantile_0.9,60,True,19,0.04189157485961914,0.00023674964904785156,"[0, 0, 0, 0, 9, 2, 9, 9, 12, 11, 11, 0, 0, 20]","""[0, 6, 3, 3, 4, 4, 3, 1, 3, 3, 9, 21, 21, 0]"""
j10,2,reactive,60,False,inf,inf,inf,null,"[0, 6, 3, 3, 4, 4, 3, 1, 3, 3, 9, 21, 21, 0]"
j10,2,stnu,60,False,inf,0.5314276218414307,inf,[],"""[0, 1, 3, 3, 4, 4, 3, 1, 8, 3, 9, 21, 21, 0]"""
j10,2,proactive_quantile_0.9,60,True,19,0.07564735412597656,0.00023412704467773438,"[0, 0, 0, 0, 9, 2, 9, 9, 12, 11, 11, 0, 0, 20]","""[0, 10, 3, 1, 1, 3, 1, 1, 8, 1, 7, 21, 21, 0]"""
j10,2,reactive,60,False,inf,inf,inf,null,"[0, 10, 3, 1, 1, 3, 1, 1, 8, 1, 7, 21, 21, 0]"
j10,2,stnu,60,False,inf,0.6103847026824951,inf,[],"""[0, 3, 3, 1, 1, 3, 1, 1, 7, 1, 7, 21, 21, 0]"""
j10,2,proactive_quantile_0.9,60,True,19,0.04224967956542969,0.00024819374084472656,"[0, 0, 0, 0, 9, 2, 9, 9, 12, 11, 11, 0, 0, 20]","""[0, 4, 6, 3, 3, 5, 2, 2, 4, 2, 9, 21, 21, 0]"""
j10,2,reactive,60,False,inf,inf,inf,null,"[0, 4, 6, 3, 3, 5, 2, 2, 4, 2, 9, 21, 21, 0]"
j10,2,stnu,60,False,inf,0.6251204013824463,inf,[],"""[0, 3, 6, 3, 3, 5, 2, 2, 7, 2, 9, 21, 21, 0]"""
j10,2,proactive_quantile_0.9,60,True,19,0.07765507698059082,0.00026988983154296875,"[0, 0, 0, 0, 9, 2, 9, 9, 12, 11, 11, 0, 0, 20]","""[0, 2, 7, 3, 3, 4, 3, 2, 7, 3, 4, 21, 21, 0]"""
j10,2,reactive,60,False,inf,inf,inf,null,"[0, 2, 7, 3, 3, 4, 3, 2, 7, 3, 4, 21, 21, 0]"
j10,2,stnu,60,False,inf,0.6398584842681885,inf,[],"""[0, 1, 7, 3, 3, 4, 3, 2, 1, 3, 4, 21, 21, 0]"""
j10,2,proactive_quantile_0.9,60,True,19,0.04176187515258789,0.00023937225341796875,"[0, 0, 0, 0, 9, 2, 9, 9, 12, 11, 11, 0, 0, 20]","""[0, 10, 7, 3, 1, 4, 3, 3, 6, 2, 1, 21, 21, 0]"""
j10,2,reactive,60,False,inf,inf,inf,null,"[0, 10, 7, 3, 1, 4, 3, 3, 6, 2, 1, 21, 21, 0]"
j10,2,stnu,60,False,inf,0.6143653392791748,inf,[],"""[0, 4, 7, 3, 1, 4, 3, 3, 5, 2, 1, 21, 21, 0]"""
j10,2,proactive_quantile_0.9,60,True,20,0.04069685935974121,0.00024199485778808594,"[0, 0, 0, 0, 9, 2, 9, 10, 12, 12, 12, 0, 0, 20]","""[0, 9, 5, 1, 3, 7, 3, 3, 2, 1, 4, 21, 21, 0]"""
j10,2,reactive,60,False,inf,inf,inf,null,"[0, 9, 5, 1, 3, 7, 3, 3, 2, 1, 4, 21, 21, 0]"
j10,2,stnu,60,False,inf,0.5741462707519531,inf,[],"""[0, 1, 5, 1, 3, 7, 1, 3, 2, 1, 8, 21, 21, 0]"""
j10,2,proactive_quantile_0.9,60,True,19,0.12672877311706543,0.0002505779266357422,"[0, 0, 0, 0, 9, 2, 9, 9, 12, 11, 11, 0, 0, 20]","""[0, 8, 6, 2, 4, 8, 2, 3, 7, 2, 5, 21, 21, 0]"""
j10,2,reactive,60,False,inf,inf,inf,null,"[0, 8, 6, 2, 4, 8, 2, 3, 7, 2, 5, 21, 21, 0]"
j10,2,stnu,60,False,inf,0.5511734485626221,inf,[],"""[0, 6, 6, 2, 4, 8, 2, 3, 5, 2, 5, 21, 21, 0]"""
j10,2,proactive_quantile_0.9,60,True,19,0.1159813404083252,0.00024366378784179688,"[0, 0, 0, 0, 9, 2, 9, 9, 12, 11, 11, 0, 0, 20]","""[0, 9, 2, 2, 3, 5, 1, 1, 6, 1, 3, 21, 21, 0]"""
j10,2,reactive,60,True,18,0.1159813404083252,0.0762491226196289,"[0, 0, 0, 0, 9, 2, 9, 9, 12, 11, 11, 0, 0, 20]","[0, 9, 2, 2, 3, 5, 1, 1, 6, 1, 3, 21, 21, 0]"
j10,2,stnu,60,False,inf,0.5639209747314453,inf,[],"""[0, 2, 2, 2, 3, 6, 1, 1, 6, 1, 3, 21, 21, 0]"""
j10,2,proactive_quantile_0.9,60,False,inf,0.060805320739746094,inf,"[0, 0, 0, 12, 5, 23, 5, 23, 23, 33, 44, 0, 0, 0, 0, 0, 0, 0, 0, 0, 72]","""[0, 13, 5, 6, 9, 5, 7, 4, 4, 13, 1, 69, 64, 35, 29, 36, 23, 73, 58, 68, 0]"""
j10,2,reactive,60,False,inf,inf,inf,null,"[0, 13, 5, 6, 9, 5, 7, 4, 4, 13, 1, 69, 64, 35, 29, 36, 23, 73, 58, 68, 0]"
j10,2,stnu,60,True,37,0.6420342922210693,0.013388395309448242,"[0, 0, 0, 12, 5, 18, 5, 18, 18, 23, 36, 0, 0, 0, 0, 0, 0, 0, 0, 0, 37]","""[0, 13, 5, 6, 9, 5, 7, 4, 4, 13, 1, 69, 64, 35, 29, 36, 23, 73, 58, 68, 0]"""
j10,2,proactive_quantile_0.9,60,True,36,0.1690082550048828,0.0011031627655029297,"[0, 0, 0, 0, 5, 6, 17, 5, 22, 21, 22, 0, 0, 0, 0, 0, 0, 0, 0, 0, 72]","""[0, 6, 5, 1, 7, 3, 2, 7, 6, 2, 5, 69, 64, 35, 29, 36, 23, 73, 58, 68, 0]"""
j10,2,reactive,60,True,28,0.1690082550048828,0.18715906143188477,"[0, 0, 0, 0, 5, 6, 17, 5, 22, 21, 22, 0, 0, 0, 0, 0, 0, 0, 0, 0, 28]","[0, 6, 5, 1, 7, 3, 2, 7, 6, 2, 5, 69, 64, 35, 29, 36, 23, 73, 58, 68, 0]"
j10,2,stnu,60,True,21,0.6285603046417236,0.013416767120361328,"[0, 0, 0, 3, 1, 7, 1, 7, 7, 11, 19, 0, 0, 0, 0, 0, 0, 0, 0, 0, 21]","""[0, 5, 1, 4, 6, 1, 2, 4, 3, 8, 2, 69, 64, 35, 29, 36, 23, 73, 58, 68, 0]"""
j10,2,proactive_quantile_0.9,60,False,inf,0.14535117149353027,inf,"[0, 0, 0, 12, 5, 23, 5, 23, 23, 33, 44, 0, 0, 0, 0, 0, 0, 0, 0, 0, 72]","""[0, 7, 5, 12, 5, 6, 8, 8, 3, 9, 3, 69, 64, 35, 29, 36, 23, 73, 58, 68, 0]"""
j10,2,reactive,60,False,inf,inf,inf,null,"[0, 7, 5, 12, 5, 6, 8, 8, 3, 9, 3, 69, 64, 35, 29, 36, 23, 73, 58, 68, 0]"
j10,2,stnu,60,True,45,0.6788702011108398,0.013381242752075195,"[0, 0, 0, 13, 5, 25, 5, 25, 25, 33, 42, 0, 0, 0, 0, 0, 0, 0, 0, 0, 45]","""[0, 7, 5, 12, 5, 6, 8, 8, 3, 9, 3, 69, 64, 35, 29, 36, 23, 73, 58, 68, 0]"""
j10,2,proactive_quantile_0.9,60,False,inf,0.05205202102661133,inf,"[0, 0, 0, 12, 5, 23, 5, 23, 23, 33, 44, 0, 0, 0, 0, 0, 0, 0, 0, 0, 72]","""[0, 6, 6, 11, 6, 1, 1, 7, 2, 6, 2, 69, 64, 35, 29, 36, 23, 73, 58, 68, 0]"""
j10,2,reactive,60,False,inf,inf,inf,null,"[0, 6, 6, 11, 6, 1, 1, 7, 2, 6, 2, 69, 64, 35, 29, 36, 23, 73, 58, 68, 0]"
j10,2,stnu,60,True,33,0.6212944984436035,0.013502836227416992,"[0, 0, 0, 7, 6, 18, 6, 18, 18, 25, 31, 0, 0, 0, 0, 0, 0, 0, 0, 0, 33]","""[0, 6, 6, 11, 6, 1, 1, 7, 2, 6, 2, 69, 64, 35, 29, 36, 23, 73, 58, 68, 0]"""
j10,2,proactive_quantile_0.9,60,False,inf,0.07146763801574707,inf,"[0, 0, 0, 12, 5, 23, 5, 23, 23, 33, 44, 0, 0, 0, 0, 0, 0, 0, 0, 0, 72]","""[0, 4, 3, 12, 9, 4, 3, 10, 3, 3, 3, 69, 64, 35, 29, 36, 23, 73, 58, 68, 0]"""
j10,2,reactive,60,False,inf,inf,inf,null,"[0, 4, 3, 12, 9, 4, 3, 10, 3, 3, 3, 69, 64, 35, 29, 36, 23, 73, 58, 68, 0]"
j10,2,stnu,60,True,34,0.6064398288726807,0.013320684432983398,"[0, 0, 0, 6, 3, 18, 3, 18, 18, 28, 31, 0, 0, 0, 0, 0, 0, 0, 0, 0, 34]","""[0, 4, 3, 12, 9, 4, 3, 10, 3, 3, 3, 69, 64, 35, 29, 36, 23, 73, 58, 68, 0]"""
j10,2,proactive_quantile_0.9,60,False,inf,0.05156517028808594,inf,"[0, 0, 0, 12, 5, 23, 5, 23, 23, 33, 44, 0, 0, 0, 0, 0, 0, 0, 0, 0, 72]","""[0, 11, 1, 9, 1, 6, 4, 3, 2, 13, 3, 69, 64, 35, 29, 36, 23, 73, 58, 68, 0]"""
j10,2,reactive,60,False,inf,inf,inf,null,"[0, 11, 1, 9, 1, 6, 4, 3, 2, 13, 3, 69, 64, 35, 29, 36, 23, 73, 58, 68, 0]"
j10,2,stnu,60,True,36,0.6155023574829102,0.01344156265258789,"[0, 0, 0, 5, 1, 14, 1, 14, 14, 20, 33, 0, 0, 0, 0, 0, 0, 0, 0, 0, 36]","""[0, 11, 1, 9, 1, 6, 4, 3, 2, 13, 3, 69, 64, 35, 29, 36, 23, 73, 58, 68, 0]"""
j10,2,proactive_quantile_0.9,60,True,46,0.052114009857177734,0.0010516643524169922,"[0, 0, 0, 12, 5, 23, 5, 23, 23, 33, 44, 0, 0, 0, 0, 0, 0, 0, 0, 0, 72]","""[0, 11, 2, 4, 9, 5, 7, 9, 2, 2, 3, 69, 64, 35, 29, 36, 23, 73, 58, 68, 0]"""
j10,2,reactive,60,True,47,0.052114009857177734,0.19759631156921387,"[0, 0, 0, 12, 5, 23, 5, 23, 23, 33, 44, 0, 0, 0, 0, 0, 0, 0, 0, 0, 47]","[0, 11, 2, 4, 9, 5, 7, 9, 2, 2, 3, 69, 64, 35, 29, 36, 23, 73, 58, 68, 0]"
j10,2,stnu,60,True,27,0.6314544677734375,0.013391256332397461,"[0, 0, 0, 9, 2, 13, 2, 13, 13, 22, 24, 0, 0, 0, 0, 0, 0, 0, 0, 0, 27]","""[0, 11, 2, 4, 9, 5, 7, 9, 2, 2, 3, 69, 64, 35, 29, 36, 23, 73, 58, 68, 0]"""
j10,2,proactive_quantile_0.9,60,False,inf,0.04720616340637207,inf,"[0, 0, 0, 12, 5, 23, 5, 23, 23, 33, 44, 0, 0, 0, 0, 0, 0, 0, 0, 0, 72]","""[0, 3, 3, 2, 3, 2, 4, 8, 1, 13, 1, 69, 64, 35, 29, 36, 23, 73, 58, 68, 0]"""
j10,2,reactive,60,False,inf,inf,inf,null,"[0, 3, 3, 2, 3, 2, 4, 8, 1, 13, 1, 69, 64, 35, 29, 36, 23, 73, 58, 68, 0]"
j10,2,stnu,60,True,31,0.6594233512878418,0.013258218765258789,"[0, 0, 0, 7, 3, 9, 3, 9, 9, 17, 30, 0, 0, 0, 0, 0, 0, 0, 0, 0, 31]","""[0, 3, 3, 2, 3, 2, 4, 8, 1, 13, 1, 69, 64, 35, 29, 36, 23, 73, 58, 68, 0]"""
j10,2,proactive_quantile_0.9,60,True,46,0.13835406303405762,0.0010328292846679688,"[0, 0, 0, 12, 5, 23, 5, 23, 23, 33, 44, 0, 0, 0, 0, 0, 0, 0, 0, 0, 72]","""[0, 10, 1, 5, 1, 1, 7, 12, 2, 6, 3, 69, 64, 35, 29, 36, 23, 73, 58, 68, 0]"""
j10,2,reactive,60,False,inf,inf,inf,null,"[0, 10, 1, 5, 1, 1, 7, 12, 2, 6, 3, 69, 64, 35, 29, 36, 23, 73, 58, 68, 0]"
j10,2,stnu,60,True,34,0.6291592121124268,0.013426780700683594,"[0, 0, 0, 8, 1, 13, 1, 13, 13, 25, 31, 0, 0, 0, 0, 0, 0, 0, 0, 0, 34]","""[0, 10, 1, 5, 1, 1, 7, 12, 2, 6, 3, 69, 64, 35, 29, 36, 23, 73, 58, 68, 0]"""
j10,2,proactive_quantile_0.9,60,False,inf,0.05097818374633789,inf,"[0, 0, 0, 12, 5, 23, 5, 23, 23, 33, 44, 0, 0, 0, 0, 0, 0, 0, 0, 0, 72]","""[0, 8, 1, 3, 8, 4, 5, 2, 2, 12, 3, 69, 64, 35, 29, 36, 23, 73, 58, 68, 0]"""
j10,2,reactive,60,False,inf,inf,inf,null,"[0, 8, 1, 3, 8, 4, 5, 2, 2, 12, 3, 69, 64, 35, 29, 36, 23, 73, 58, 68, 0]"
j10,2,stnu,60,True,28,0.6099228858947754,0.013286113739013672,"[0, 0, 0, 6, 1, 9, 1, 9, 9, 13, 25, 0, 0, 0, 0, 0, 0, 0, 0, 0, 28]","""[0, 8, 1, 3, 8, 4, 5, 2, 2, 12, 3, 69, 64, 35, 29, 36, 23, 73, 58, 68, 0]"""
j10,2,proactive_quantile_0.9,60,False,inf,0.04781627655029297,inf,"[0, 0, 0, 0, 5, 5, 18, 5, 26, 18, 18, 0, 61]","""[0, 6, 5, 5, 6, 8, 7, 1, 6, 9, 7, 62, 0]"""
j10,2,reactive,60,False,inf,inf,inf,null,"[0, 6, 5, 5, 6, 8, 7, 1, 6, 9, 7, 62, 0]"
j10,2,stnu,60,True,27,0.5810213088989258,0.0051424503326416016,"[0, 0, 0, 0, 6, 6, 14, 6, 21, 14, 14, 0, 27]","""[0, 6, 5, 5, 6, 8, 7, 1, 6, 9, 7, 62, 0]"""
j10,2,proactive_quantile_0.9,60,True,21,0.07722020149230957,0.0003044605255126953,"[0, 0, 0, 0, 3, 2, 13, 3, 15, 13, 13, 0, 61]","""[0, 1, 2, 3, 2, 9, 2, 8, 3, 3, 9, 62, 0]"""
j10,2,reactive,60,True,22,0.07722020149230957,0.07265019416809082,"[0, 0, 0, 0, 3, 2, 13, 3, 15, 13, 13, 0, 22]","[0, 1, 2, 3, 2, 9, 2, 8, 3, 3, 9, 62, 0]"
j10,2,stnu,60,True,16,0.566058874130249,0.005120754241943359,"[0, 0, 0, 0, 3, 3, 7, 3, 15, 7, 6, 0, 16]","""[0, 1, 3, 7, 4, 3, 7, 1, 1, 9, 9, 62, 0]"""
j10,2,proactive_quantile_0.9,60,True,31,0.04643964767456055,0.0003070831298828125,"[0, 0, 0, 0, 5, 5, 18, 5, 26, 18, 18, 0, 61]","""[0, 3, 3, 1, 8, 14, 6, 1, 3, 2, 4, 62, 0]"""
j10,2,reactive,60,False,inf,inf,inf,null,"[0, 3, 3, 1, 8, 14, 6, 1, 3, 2, 4, 62, 0]"
j10,2,stnu,60,True,26,0.5716812610626221,0.005190134048461914,"[0, 0, 0, 0, 3, 3, 17, 3, 23, 17, 17, 0, 26]","""[0, 3, 3, 1, 8, 14, 6, 1, 3, 2, 4, 62, 0]"""
j10,2,proactive_quantile_0.9,60,True,25,0.11568307876586914,0.00028204917907714844,"[0, 0, 0, 0, 3, 2, 13, 3, 15, 13, 13, 0, 61]","""[0, 2, 2, 3, 1, 5, 1, 1, 4, 8, 8, 62, 0]"""
j10,2,reactive,60,True,21,0.11568307876586914,0.0995025634765625,"[0, 0, 0, 0, 3, 2, 13, 3, 15, 13, 13, 0, 21]","[0, 2, 2, 3, 1, 5, 1, 1, 4, 8, 8, 62, 0]"
j10,2,stnu,60,True,23,0.5718731880187988,0.005171775817871094,"[0, 0, 0, 0, 5, 5, 15, 5, 17, 15, 15, 0, 23]","""[0, 2, 5, 6, 9, 10, 2, 4, 6, 8, 1, 62, 0]"""
j10,2,proactive_quantile_0.9,60,False,inf,0.05405259132385254,inf,"[0, 0, 0, 0, 3, 2, 13, 3, 15, 13, 13, 0, 61]","""[0, 3, 1, 3, 3, 13, 3, 1, 4, 4, 6, 62, 0]"""
j10,2,reactive,60,False,inf,inf,inf,null,"[0, 3, 1, 3, 3, 13, 3, 1, 4, 4, 6, 62, 0]"
j10,2,stnu,60,True,22,0.5798962116241455,0.005243539810180664,"[0, 0, 0, 0, 6, 6, 12, 6, 18, 12, 12, 0, 22]","""[0, 6, 6, 3, 3, 6, 3, 8, 1, 10, 6, 62, 0]"""
j10,2,proactive_quantile_0.9,60,False,inf,0.04190540313720703,inf,"[0, 0, 0, 0, 5, 5, 18, 5, 26, 18, 18, 0, 61]","""[0, 6, 1, 4, 9, 11, 6, 4, 4, 10, 7, 62, 0]"""
j10,2,reactive,60,False,inf,inf,inf,null,"[0, 6, 1, 4, 9, 11, 6, 4, 4, 10, 7, 62, 0]"
j10,2,stnu,60,True,28,0.5810708999633789,0.005225181579589844,"[0, 0, 0, 0, 6, 6, 17, 6, 24, 17, 17, 0, 28]","""[0, 6, 1, 4, 9, 11, 6, 4, 4, 10, 7, 62, 0]"""
j10,2,proactive_quantile_0.9,60,True,31,0.0666360855102539,0.00032019615173339844,"[0, 0, 0, 0, 5, 5, 18, 5, 26, 18, 18, 0, 61]","""[0, 4, 1, 6, 4, 11, 6, 8, 2, 4, 7, 62, 0]"""
j10,2,reactive,60,True,26,0.0666360855102539,0.10222792625427246,"[0, 0, 0, 0, 5, 5, 18, 5, 24, 18, 18, 0, 26]","[0, 4, 1, 6, 4, 11, 6, 8, 2, 4, 7, 62, 0]"
j10,2,stnu,60,True,24,0.5781409740447998,0.00519108772277832,"[0, 0, 0, 0, 4, 4, 15, 4, 22, 15, 15, 0, 24]","""[0, 4, 1, 6, 4, 11, 6, 8, 2, 4, 7, 62, 0]"""
j10,2,proactive_quantile_0.9,60,True,31,0.05730748176574707,0.0002872943878173828,"[0, 0, 0, 0, 5, 5, 18, 5, 26, 18, 18, 0, 61]","""[0, 2, 1, 3, 6, 6, 5, 6, 3, 2, 8, 62, 0]"""
j10,2,reactive,60,True,26,0.05730748176574707,0.11112856864929199,"[0, 0, 0, 0, 5, 5, 18, 5, 23, 18, 18, 0, 26]","[0, 2, 1, 3, 6, 6, 5, 6, 3, 2, 8, 62, 0]"
j10,2,stnu,60,True,19,0.5795712471008301,0.005175352096557617,"[0, 0, 0, 0, 2, 2, 8, 2, 16, 8, 8, 0, 19]","""[0, 2, 1, 3, 6, 6, 5, 6, 3, 2, 8, 62, 0]"""
j10,2,proactive_quantile_0.9,60,True,31,0.04706621170043945,0.0003256797790527344,"[0, 0, 0, 0, 5, 5, 18, 5, 26, 18, 18, 0, 61]","""[0, 2, 3, 4, 10, 3, 8, 7, 4, 8, 8, 62, 0]"""
j10,2,reactive,60,True,30,0.04706621170043945,0.09907031059265137,"[0, 0, 0, 0, 5, 5, 18, 5, 26, 18, 18, 0, 30]","[0, 2, 3, 4, 10, 3, 8, 7, 4, 8, 8, 62, 0]"
j10,2,stnu,60,True,22,0.6532430648803711,0.005396127700805664,"[0, 0, 0, 0, 4, 3, 14, 4, 15, 14, 14, 0, 22]","""[0, 4, 3, 2, 1, 11, 1, 8, 6, 4, 8, 62, 0]"""
j10,2,proactive_quantile_0.9,60,True,31,0.04807758331298828,0.0003104209899902344,"[0, 0, 0, 0, 5, 5, 18, 5, 26, 18, 18, 0, 61]","""[0, 1, 3, 6, 1, 4, 9, 4, 5, 10, 6, 62, 0]"""
j10,2,reactive,60,True,32,0.04807758331298828,0.1113438606262207,"[0, 0, 0, 0, 5, 5, 18, 5, 27, 18, 18, 0, 32]","[0, 1, 3, 6, 1, 4, 9, 4, 5, 10, 6, 62, 0]"
j10,2,stnu,60,True,21,0.5753779411315918,0.005151510238647461,"[0, 0, 0, 0, 3, 3, 7, 3, 16, 7, 7, 0, 21]","""[0, 1, 3, 6, 1, 4, 9, 4, 5, 10, 6, 62, 0]"""
j10,2,proactive_quantile_0.9,60,False,inf,0.07331538200378418,inf,"[0, 0, 0, 0, 7, 5, 5, 7, 18, 10, 18, 0, 0, 0, 0, 0, 0, 0, 0, 0, 73]","""[0, 2, 4, 7, 2, 5, 3, 2, 2, 10, 8, 25, 59, 74, 62, 16, 50, 48, 48, 34, 0]"""
j10,2,reactive,60,False,inf,inf,inf,null,"[0, 2, 4, 7, 2, 5, 3, 2, 2, 10, 8, 25, 59, 74, 62, 16, 50, 48, 48, 34, 0]"
j10,2,stnu,60,False,inf,0.5498716831207275,inf,[],"""[0, 3, 14, 12, 2, 3, 3, 12, 5, 5, 5, 25, 59, 74, 62, 16, 50, 48, 48, 34, 0]"""
j10,2,proactive_quantile_0.9,60,False,inf,0.0522160530090332,inf,"[0, 0, 0, 0, 10, 5, 5, 11, 22, 3, 20, 0, 0, 0, 0, 0, 0, 0, 0, 0, 73]","""[0, 2, 6, 7, 7, 1, 2, 5, 5, 13, 3, 25, 59, 74, 62, 16, 50, 48, 48, 34, 0]"""
j10,2,reactive,60,False,inf,inf,inf,null,"[0, 2, 6, 7, 7, 1, 2, 5, 5, 13, 3, 25, 59, 74, 62, 16, 50, 48, 48, 34, 0]"
j10,2,stnu,60,True,20,0.5830059051513672,0.013172149658203125,"[0, 0, 0, 0, 8, 6, 6, 8, 19, 8, 15, 0, 0, 0, 0, 0, 0, 0, 0, 0, 20]","""[0, 1, 6, 1, 7, 1, 2, 11, 1, 4, 2, 25, 59, 74, 62, 16, 50, 48, 48, 34, 0]"""
j10,2,proactive_quantile_0.9,60,False,inf,0.06138420104980469,inf,"[0, 0, 0, 0, 7, 5, 5, 7, 18, 10, 18, 0, 0, 0, 0, 0, 0, 0, 0, 0, 73]","""[0, 2, 6, 2, 3, 4, 3, 1, 2, 2, 5, 25, 59, 74, 62, 16, 50, 48, 48, 34, 0]"""
j10,2,reactive,60,False,inf,inf,inf,null,"[0, 2, 6, 2, 3, 4, 3, 1, 2, 2, 5, 25, 59, 74, 62, 16, 50, 48, 48, 34, 0]"
j10,2,stnu,60,False,inf,0.5659635066986084,inf,[],"""[0, 3, 15, 11, 3, 3, 3, 6, 9, 8, 3, 25, 59, 74, 62, 16, 50, 48, 48, 34, 0]"""
j10,2,proactive_quantile_0.9,60,False,inf,0.09788227081298828,inf,"[0, 0, 0, 0, 8, 5, 5, 11, 20, 2, 18, 0, 0, 0, 0, 0, 0, 0, 0, 0, 73]","""[0, 3, 6, 3, 8, 1, 3, 8, 2, 4, 1, 25, 59, 74, 62, 16, 50, 48, 48, 34, 0]"""
j10,2,reactive,60,False,inf,inf,inf,null,"[0, 3, 6, 3, 8, 1, 3, 8, 2, 4, 1, 25, 59, 74, 62, 16, 50, 48, 48, 34, 0]"
j10,2,stnu,60,False,inf,0.5705976486206055,inf,[],"""[0, 2, 13, 12, 5, 1, 2, 11, 3, 6, 8, 25, 59, 74, 62, 16, 50, 48, 48, 34, 0]"""
j10,2,proactive_quantile_0.9,60,True,30,0.053134918212890625,0.0009698867797851562,"[0, 0, 0, 0, 10, 5, 5, 11, 22, 3, 20, 0, 0, 0, 0, 0, 0, 0, 0, 0, 73]","""[0, 2, 5, 9, 12, 3, 2, 10, 6, 10, 8, 25, 59, 74, 62, 16, 50, 48, 48, 34, 0]"""
j10,2,reactive,60,False,inf,inf,inf,null,"[0, 2, 5, 9, 12, 3, 2, 10, 6, 10, 8, 25, 59, 74, 62, 16, 50, 48, 48, 34, 0]"
j10,2,stnu,60,True,20,0.6267666816711426,0.013170719146728516,"[0, 0, 0, 0, 7, 5, 5, 7, 17, 7, 15, 0, 0, 0, 0, 0, 0, 0, 0, 0, 20]","""[0, 1, 5, 3, 8, 3, 2, 10, 3, 8, 1, 25, 59, 74, 62, 16, 50, 48, 48, 34, 0]"""
j10,2,proactive_quantile_0.9,60,True,30,0.05789685249328613,0.0009598731994628906,"[0, 0, 0, 0, 10, 5, 5, 11, 22, 3, 20, 0, 0, 0, 0, 0, 0, 0, 0, 0, 73]","""[0, 3, 2, 2, 3, 3, 3, 3, 6, 3, 2, 25, 59, 74, 62, 16, 50, 48, 48, 34, 0]"""
j10,2,reactive,60,True,28,0.05789685249328613,0.19873499870300293,"[0, 0, 0, 0, 10, 5, 5, 11, 22, 3, 20, 0, 0, 0, 0, 0, 0, 0, 0, 0, 28]","[0, 3, 2, 2, 3, 3, 3, 3, 6, 3, 2, 25, 59, 74, 62, 16, 50, 48, 48, 34, 0]"
j10,2,stnu,60,False,inf,0.6128983497619629,inf,[],"""[0, 3, 8, 2, 11, 2, 3, 3, 6, 3, 2, 25, 59, 74, 62, 16, 50, 48, 48, 34, 0]"""
j10,2,proactive_quantile_0.9,60,True,30,0.05773758888244629,0.0010190010070800781,"[0, 0, 0, 0, 10, 5, 5, 11, 22, 3, 20, 0, 0, 0, 0, 0, 0, 0, 0, 0, 73]","""[0, 3, 5, 11, 8, 3, 2, 6, 3, 3, 8, 25, 59, 74, 62, 16, 50, 48, 48, 34, 0]"""
j10,2,reactive,60,True,28,0.05773758888244629,0.12532782554626465,"[0, 0, 0, 0, 10, 5, 5, 11, 22, 3, 20, 0, 0, 0, 0, 0, 0, 0, 0, 0, 28]","[0, 3, 5, 11, 8, 3, 2, 6, 3, 3, 8, 25, 59, 74, 62, 16, 50, 48, 48, 34, 0]"
j10,2,stnu,60,False,inf,0.6235942840576172,inf,[],"""[0, 3, 5, 7, 2, 3, 1, 5, 3, 4, 1, 25, 59, 74, 62, 16, 50, 48, 48, 34, 0]"""
j10,2,proactive_quantile_0.9,60,True,30,0.05809974670410156,0.0010623931884765625,"[0, 0, 0, 0, 10, 5, 5, 11, 22, 3, 20, 0, 0, 0, 0, 0, 0, 0, 0, 0, 73]","""[0, 2, 2, 11, 11, 3, 1, 11, 8, 10, 2, 25, 59, 74, 62, 16, 50, 48, 48, 34, 0]"""
j10,2,reactive,60,False,inf,inf,inf,null,"[0, 2, 2, 11, 11, 3, 1, 11, 8, 10, 2, 25, 59, 74, 62, 16, 50, 48, 48, 34, 0]"
j10,2,stnu,60,True,13,0.5950930118560791,0.01327657699584961,"[0, 0, 0, 0, 3, 2, 2, 3, 8, 3, 7, 0, 0, 0, 0, 0, 0, 0, 0, 0, 13]","""[0, 1, 2, 3, 4, 3, 1, 3, 1, 5, 6, 25, 59, 74, 62, 16, 50, 48, 48, 34, 0]"""
j10,2,proactive_quantile_0.9,60,True,30,0.061275482177734375,0.0009717941284179688,"[0, 0, 0, 0, 10, 5, 5, 11, 22, 3, 20, 0, 0, 0, 0, 0, 0, 0, 0, 0, 73]","""[0, 1, 5, 11, 2, 3, 1, 2, 6, 11, 4, 25, 59, 74, 62, 16, 50, 48, 48, 34, 0]"""
j10,2,reactive,60,True,28,0.061275482177734375,0.15839529037475586,"[0, 0, 0, 0, 10, 5, 5, 11, 22, 3, 20, 0, 0, 0, 0, 0, 0, 0, 0, 0, 28]","[0, 1, 5, 11, 2, 3, 1, 2, 6, 11, 4, 25, 59, 74, 62, 16, 50, 48, 48, 34, 0]"
j10,2,stnu,60,True,21,0.6024062633514404,0.013153791427612305,"[0, 0, 0, 0, 6, 5, 5, 6, 17, 6, 10, 0, 0, 0, 0, 0, 0, 0, 0, 0, 21]","""[0, 1, 5, 3, 4, 3, 1, 11, 4, 2, 4, 25, 59, 74, 62, 16, 50, 48, 48, 34, 0]"""
j10,2,proactive_quantile_0.9,60,True,30,0.056191444396972656,0.0009796619415283203,"[0, 0, 0, 0, 10, 5, 5, 11, 22, 3, 20, 0, 0, 0, 0, 0, 0, 0, 0, 0, 73]","""[0, 3, 5, 11, 6, 1, 1, 5, 4, 5, 8, 25, 59, 74, 62, 16, 50, 48, 48, 34, 0]"""
j10,2,reactive,60,True,28,0.056191444396972656,0.1318340301513672,"[0, 0, 0, 0, 10, 5, 5, 11, 22, 3, 20, 0, 0, 0, 0, 0, 0, 0, 0, 0, 28]","[0, 3, 5, 11, 6, 1, 1, 5, 4, 5, 8, 25, 59, 74, 62, 16, 50, 48, 48, 34, 0]"
j10,2,stnu,60,False,inf,0.6117885112762451,inf,[],"""[0, 1, 5, 3, 12, 3, 1, 10, 4, 9, 8, 25, 59, 74, 62, 16, 50, 48, 48, 34, 0]"""
j10,2,proactive_quantile_0.9,60,False,inf,0.04681515693664551,inf,"[0, 0, 0, 0, 9, 9, 20, 14, 25, 22, 9, 0, 0, 0, 59]","""[0, 10, 1, 1, 6, 10, 6, 2, 5, 1, 2, 60, 25, 55, 0]"""
j10,2,reactive,60,False,inf,inf,inf,null,"[0, 10, 1, 1, 6, 10, 6, 2, 5, 1, 2, 60, 25, 55, 0]"
j10,2,stnu,60,True,31,0.5651631355285645,0.0069484710693359375,"[0, 0, 0, 0, 10, 10, 20, 16, 26, 20, 1, 0, 0, 0, 31]","""[0, 10, 1, 1, 6, 10, 6, 2, 5, 1, 2, 60, 25, 55, 0]"""
j10,2,proactive_quantile_0.9,60,True,25,0.03025054931640625,0.0004088878631591797,"[0, 0, 0, 0, 7, 7, 16, 12, 19, 17, 7, 0, 0, 0, 59]","""[0, 5, 1, 6, 4, 4, 2, 4, 2, 7, 3, 60, 25, 55, 0]"""
j10,2,reactive,60,True,24,0.03025054931640625,0.10251951217651367,"[0, 0, 0, 0, 7, 7, 16, 12, 19, 17, 7, 0, 0, 0, 24]","[0, 5, 1, 6, 4, 4, 2, 4, 2, 7, 3, 60, 25, 55, 0]"
j10,2,stnu,60,True,23,0.6688137054443359,0.006860256195068359,"[0, 0, 0, 0, 6, 6, 10, 10, 12, 16, 6, 0, 0, 0, 23]","""[0, 5, 6, 6, 4, 4, 2, 6, 2, 7, 3, 60, 25, 55, 0]"""
j10,2,proactive_quantile_0.9,60,True,26,0.1365814208984375,0.0004520416259765625,"[0, 0, 0, 0, 7, 7, 16, 12, 23, 17, 7, 0, 0, 0, 59]","""[0, 2, 6, 5, 5, 3, 4, 4, 3, 9, 1, 60, 25, 55, 0]"""
j10,2,reactive,60,True,26,0.1365814208984375,0.12682366371154785,"[0, 0, 0, 0, 7, 7, 16, 12, 23, 17, 7, 0, 0, 0, 26]","[0, 2, 6, 5, 5, 3, 4, 4, 3, 9, 1, 60, 25, 55, 0]"
j10,2,stnu,60,True,23,0.5683813095092773,0.00697636604309082,"[0, 0, 0, 0, 5, 6, 14, 10, 17, 14, 6, 0, 0, 0, 23]","""[0, 5, 6, 2, 5, 3, 3, 4, 5, 9, 8, 60, 25, 55, 0]"""
j10,2,proactive_quantile_0.9,60,True,25,0.043624162673950195,0.00045990943908691406,"[0, 0, 0, 0, 7, 7, 16, 12, 19, 17, 7, 0, 0, 0, 59]","""[0, 5, 6, 6, 2, 1, 2, 6, 1, 3, 3, 60, 25, 55, 0]"""
j10,2,reactive,60,False,inf,inf,inf,null,"[0, 5, 6, 6, 2, 1, 2, 6, 1, 3, 3, 60, 25, 55, 0]"
j10,2,stnu,60,True,29,0.6339447498321533,0.007022857666015625,"[0, 0, 0, 0, 10, 10, 21, 12, 25, 21, 6, 0, 0, 0, 29]","""[0, 10, 6, 4, 2, 11, 4, 4, 4, 1, 9, 60, 25, 55, 0]"""
j10,2,proactive_quantile_0.9,60,True,28,0.12665963172912598,0.0004291534423828125,"[0, 0, 0, 0, 7, 7, 16, 12, 19, 20, 7, 0, 0, 0, 59]","""[0, 2, 3, 7, 5, 6, 1, 6, 1, 5, 4, 60, 25, 55, 0]"""
j10,2,reactive,60,True,25,0.12665963172912598,0.10536766052246094,"[0, 0, 0, 0, 7, 7, 16, 12, 19, 20, 7, 0, 0, 0, 25]","[0, 2, 3, 7, 5, 6, 1, 6, 1, 5, 4, 60, 25, 55, 0]"
j10,2,stnu,60,True,26,0.6089310646057129,0.007062673568725586,"[0, 0, 0, 0, 7, 7, 15, 12, 20, 18, 4, 0, 0, 0, 26]","""[0, 7, 2, 4, 5, 8, 5, 6, 3, 8, 4, 60, 25, 55, 0]"""
j10,2,proactive_quantile_0.9,60,True,32,0.054387569427490234,0.0004470348358154297,"[0, 0, 0, 0, 9, 9, 20, 14, 25, 22, 9, 0, 0, 0, 59]","""[0, 3, 4, 5, 3, 6, 1, 5, 8, 1, 9, 60, 25, 55, 0]"""
j10,2,reactive,60,True,33,0.054387569427490234,0.13710331916809082,"[0, 0, 0, 0, 9, 9, 20, 14, 25, 22, 9, 0, 0, 0, 33]","[0, 3, 4, 5, 3, 6, 1, 5, 8, 1, 9, 60, 25, 55, 0]"
j10,2,stnu,60,True,21,0.6282343864440918,0.00686955451965332,"[0, 0, 0, 0, 8, 8, 11, 11, 13, 16, 8, 0, 0, 0, 21]","""[0, 5, 5, 8, 3, 2, 2, 5, 3, 5, 3, 60, 25, 55, 0]"""
j10,2,proactive_quantile_0.9,60,True,32,0.05677390098571777,0.0004763603210449219,"[0, 0, 0, 0, 9, 9, 20, 14, 25, 22, 9, 0, 0, 0, 59]","""[0, 6, 5, 1, 6, 13, 4, 2, 1, 5, 4, 60, 25, 55, 0]"""
j10,2,reactive,60,False,inf,inf,inf,null,"[0, 6, 5, 1, 6, 13, 4, 2, 1, 5, 4, 60, 25, 55, 0]"
j10,2,stnu,60,True,24,0.5774345397949219,0.007002592086791992,"[0, 0, 0, 0, 6, 6, 19, 12, 23, 19, 5, 0, 0, 0, 24]","""[0, 6, 5, 1, 6, 13, 4, 2, 1, 5, 4, 60, 25, 55, 0]"""
j10,2,proactive_quantile_0.9,60,True,25,0.03551626205444336,0.00043010711669921875,"[0, 0, 0, 0, 7, 7, 16, 12, 19, 17, 7, 0, 0, 0, 59]","""[0, 4, 1, 4, 5, 2, 2, 4, 3, 2, 3, 60, 25, 55, 0]"""
j10,2,reactive,60,True,22,0.03551626205444336,0.12017035484313965,"[0, 0, 0, 0, 7, 7, 16, 12, 19, 17, 7, 0, 0, 0, 22]","[0, 4, 1, 4, 5, 2, 2, 4, 3, 2, 3, 60, 25, 55, 0]"
j10,2,stnu,60,True,15,0.6385700702667236,0.0069196224212646484,"[0, 0, 0, 0, 4, 4, 7, 9, 9, 13, 4, 0, 0, 0, 15]","""[0, 4, 1, 4, 5, 2, 2, 4, 3, 2, 3, 60, 25, 55, 0]"""
j10,2,proactive_quantile_0.9,60,False,inf,0.03300786018371582,inf,"[0, 0, 0, 0, 7, 7, 16, 12, 19, 17, 7, 0, 0, 0, 59]","""[0, 6, 3, 2, 5, 8, 4, 1, 2, 3, 3, 60, 25, 55, 0]"""
j10,2,reactive,60,False,inf,inf,inf,null,"[0, 6, 3, 2, 5, 8, 4, 1, 2, 3, 3, 60, 25, 55, 0]"
j10,2,stnu,60,True,19,0.6229801177978516,0.007109403610229492,"[0, 0, 0, 0, 4, 4, 12, 9, 14, 16, 4, 0, 0, 0, 19]","""[0, 3, 3, 4, 5, 2, 2, 7, 5, 3, 8, 60, 25, 55, 0]"""
j10,2,proactive_quantile_0.9,60,False,inf,0.04883074760437012,inf,"[0, 0, 0, 0, 9, 9, 20, 14, 25, 22, 9, 0, 0, 0, 59]","""[0, 10, 4, 6, 1, 5, 5, 9, 7, 9, 3, 60, 25, 55, 0]"""
j10,2,reactive,60,False,inf,inf,inf,null,"[0, 10, 4, 6, 1, 5, 5, 9, 7, 9, 3, 60, 25, 55, 0]"
j10,2,stnu,60,True,29,0.6131172180175781,0.00701904296875,"[0, 0, 0, 0, 10, 10, 15, 11, 20, 20, 6, 0, 0, 0, 29]","""[0, 10, 4, 6, 1, 5, 5, 9, 7, 9, 3, 60, 25, 55, 0]"""
j10,2,proactive_quantile_0.9,60,True,33,0.03759193420410156,0.0007176399230957031,"[0, 0, 0, 0, 5, 7, 7, 10, 20, 20, 22, 0, 0, 0, 0, 0, 74]","""[0, 2, 2, 3, 2, 2, 3, 9, 7, 1, 2, 40, 25, 60, 75, 71, 0]"""
j10,2,reactive,60,True,27,0.03759193420410156,0.12057352066040039,"[0, 0, 0, 0, 5, 7, 7, 10, 20, 20, 22, 0, 0, 0, 0, 0, 27]","[0, 2, 2, 3, 2, 2, 3, 9, 7, 1, 2, 40, 25, 60, 75, 71, 0]"
j10,2,stnu,60,True,24,0.6478345394134521,0.009107828140258789,"[0, 0, 0, 0, 3, 5, 5, 8, 17, 17, 18, 0, 0, 0, 0, 0, 24]","""[0, 2, 2, 3, 2, 2, 3, 9, 7, 1, 2, 40, 25, 60, 75, 71, 0]"""
j10,2,proactive_quantile_0.9,60,True,33,0.05009341239929199,0.0007262229919433594,"[0, 0, 0, 0, 5, 7, 7, 10, 20, 20, 22, 0, 0, 0, 0, 0, 74]","""[0, 3, 2, 2, 2, 3, 2, 8, 15, 2, 3, 40, 25, 60, 75, 71, 0]"""
j10,2,reactive,60,True,35,0.05009341239929199,0.09697651863098145,"[0, 0, 0, 0, 5, 7, 7, 10, 20, 20, 22, 0, 0, 0, 0, 0, 35]","[0, 3, 2, 2, 2, 3, 2, 8, 15, 2, 3, 40, 25, 60, 75, 71, 0]"
j10,2,stnu,60,True,31,0.6085028648376465,0.009065628051757812,"[0, 0, 0, 0, 3, 5, 5, 8, 16, 19, 16, 0, 0, 0, 0, 0, 31]","""[0, 3, 5, 2, 2, 3, 3, 8, 15, 2, 3, 40, 25, 60, 75, 71, 0]"""
j10,2,proactive_quantile_0.9,60,False,inf,0.0631413459777832,inf,"[0, 0, 0, 0, 5, 14, 14, 17, 27, 37, 27, 0, 0, 0, 0, 0, 74]","""[0, 1, 1, 6, 3, 1, 1, 3, 5, 3, 7, 40, 25, 60, 75, 71, 0]"""
j10,2,reactive,60,False,inf,inf,inf,null,"[0, 1, 1, 6, 3, 1, 1, 3, 5, 3, 7, 40, 25, 60, 75, 71, 0]"
j10,2,stnu,60,True,23,0.6286911964416504,0.009143829345703125,"[0, 0, 0, 0, 6, 9, 9, 10, 13, 20, 13, 0, 0, 0, 0, 0, 23]","""[0, 1, 1, 6, 3, 1, 1, 3, 5, 3, 7, 40, 25, 60, 75, 71, 0]"""
j10,2,proactive_quantile_0.9,60,False,inf,0.05080461502075195,inf,"[0, 0, 0, 0, 5, 14, 14, 17, 27, 37, 27, 0, 0, 0, 0, 0, 74]","""[0, 2, 2, 6, 4, 2, 2, 2, 11, 3, 11, 40, 25, 60, 75, 71, 0]"""
j10,2,reactive,60,False,inf,inf,inf,null,"[0, 2, 2, 6, 4, 2, 2, 2, 11, 3, 11, 40, 25, 60, 75, 71, 0]"
j10,2,stnu,60,True,27,0.605891227722168,0.008937358856201172,"[0, 0, 0, 0, 6, 9, 9, 11, 13, 13, 16, 0, 0, 0, 0, 0, 27]","""[0, 2, 3, 6, 3, 2, 1, 2, 11, 3, 11, 40, 25, 60, 75, 71, 0]"""
j10,2,proactive_quantile_0.9,60,True,40,0.06531262397766113,0.0007312297821044922,"[0, 0, 0, 0, 5, 14, 14, 17, 27, 37, 27, 0, 0, 0, 0, 0, 74]","""[0, 1, 6, 2, 2, 2, 3, 2, 11, 1, 9, 40, 25, 60, 75, 71, 0]"""
j10,2,reactive,60,True,38,0.06531262397766113,0.1485602855682373,"[0, 0, 0, 0, 5, 14, 14, 17, 27, 37, 27, 0, 0, 0, 0, 0, 38]","[0, 1, 6, 2, 2, 2, 3, 2, 11, 1, 9, 40, 25, 60, 75, 71, 0]"
j10,2,stnu,60,True,22,0.685957670211792,0.009136676788330078,"[0, 0, 0, 0, 2, 6, 6, 9, 11, 20, 11, 0, 0, 0, 0, 0, 22]","""[0, 1, 6, 2, 2, 2, 3, 2, 11, 1, 9, 40, 25, 60, 75, 71, 0]"""
j10,2,proactive_quantile_0.9,60,True,40,0.06326079368591309,0.0007238388061523438,"[0, 0, 0, 0, 5, 14, 14, 17, 27, 37, 27, 0, 0, 0, 0, 0, 74]","""[0, 2, 6, 5, 5, 3, 3, 12, 4, 2, 4, 40, 25, 60, 75, 71, 0]"""
j10,2,reactive,60,False,inf,inf,inf,null,"[0, 2, 6, 5, 5, 3, 3, 12, 4, 2, 4, 40, 25, 60, 75, 71, 0]"
j10,2,stnu,60,True,40,0.7032468318939209,0.008938312530517578,"[0, 0, 0, 0, 2, 15, 15, 18, 30, 30, 36, 0, 0, 0, 0, 0, 40]","""[0, 2, 2, 4, 13, 3, 1, 12, 6, 7, 4, 40, 25, 60, 75, 71, 0]"""
j10,2,proactive_quantile_0.9,60,True,40,0.059686899185180664,0.0007498264312744141,"[0, 0, 0, 0, 5, 14, 14, 17, 27, 37, 27, 0, 0, 0, 0, 0, 74]","""[0, 2, 6, 5, 6, 2, 4, 12, 6, 1, 6, 40, 25, 60, 75, 71, 0]"""
j10,2,reactive,60,False,inf,inf,inf,null,"[0, 2, 6, 5, 6, 2, 4, 12, 6, 1, 6, 40, 25, 60, 75, 71, 0]"
j10,2,stnu,60,True,34,0.5876164436340332,0.00916433334350586,"[0, 0, 0, 0, 5, 11, 11, 15, 27, 33, 27, 0, 0, 0, 0, 0, 34]","""[0, 2, 6, 5, 6, 2, 4, 12, 6, 1, 6, 40, 25, 60, 75, 71, 0]"""
j10,2,proactive_quantile_0.9,60,True,33,0.05237913131713867,0.0006856918334960938,"[0, 0, 0, 0, 5, 7, 7, 10, 20, 20, 22, 0, 0, 0, 0, 0, 74]","""[0, 1, 2, 5, 2, 2, 2, 3, 13, 1, 7, 40, 25, 60, 75, 71, 0]"""
j10,2,reactive,60,True,33,0.05237913131713867,0.09998273849487305,"[0, 0, 0, 0, 5, 7, 7, 10, 20, 20, 22, 0, 0, 0, 0, 0, 33]","[0, 1, 2, 5, 2, 2, 2, 3, 13, 1, 7, 40, 25, 60, 75, 71, 0]"
j10,2,stnu,60,True,26,0.5904572010040283,0.009118080139160156,"[0, 0, 0, 0, 5, 8, 8, 10, 13, 20, 13, 0, 0, 0, 0, 0, 26]","""[0, 1, 5, 5, 3, 2, 1, 3, 13, 1, 7, 40, 25, 60, 75, 71, 0]"""
j10,2,proactive_quantile_0.9,60,False,inf,0.11560940742492676,inf,"[0, 0, 0, 0, 2, 15, 15, 18, 28, 28, 35, 0, 0, 0, 0, 0, 74]","""[0, 1, 3, 9, 8, 3, 2, 8, 4, 12, 3, 40, 25, 60, 75, 71, 0]"""
j10,2,reactive,60,False,inf,inf,inf,null,"[0, 1, 3, 9, 8, 3, 2, 8, 4, 12, 3, 40, 25, 60, 75, 71, 0]"
j10,2,stnu,60,True,29,0.5747759342193604,0.009172677993774414,"[0, 0, 0, 0, 4, 5, 5, 8, 16, 16, 19, 0, 0, 0, 0, 0, 29]","""[0, 1, 3, 4, 1, 3, 2, 8, 12, 3, 10, 40, 25, 60, 75, 71, 0]"""
j10,2,proactive_quantile_0.9,60,True,40,0.05150294303894043,0.0007314682006835938,"[0, 0, 0, 0, 5, 14, 14, 17, 27, 37, 27, 0, 0, 0, 0, 0, 74]","""[0, 3, 9, 5, 6, 4, 3, 6, 7, 3, 10, 40, 25, 60, 75, 71, 0]"""
j10,2,reactive,60,False,inf,inf,inf,null,"[0, 3, 9, 5, 6, 4, 3, 6, 7, 3, 10, 40, 25, 60, 75, 71, 0]"
j10,2,stnu,60,True,34,0.6978945732116699,0.009054422378540039,"[0, 0, 0, 0, 5, 11, 11, 15, 21, 31, 21, 0, 0, 0, 0, 0, 34]","""[0, 3, 9, 5, 6, 4, 3, 6, 7, 3, 10, 40, 25, 60, 75, 71, 0]"""
j10,2,proactive_quantile_0.9,60,False,inf,0.04776811599731445,inf,"[0, 0, 0, 0, 10, 10, 3, 12, 19, 10, 12, 0, 0, 0, 0, 0, 0, 0, 73]","""[0, 4, 1, 6, 1, 3, 2, 3, 3, 1, 4, 66, 57, 56, 60, 21, 28, 74, 0]"""
j10,2,reactive,60,False,inf,inf,inf,null,"[0, 4, 1, 6, 1, 3, 2, 3, 3, 1, 4, 66, 57, 56, 60, 21, 28, 74, 0]"
j10,2,stnu,60,False,inf,0.5646851062774658,inf,[],"""[0, 4, 8, 6, 9, 3, 11, 4, 8, 7, 4, 66, 57, 56, 60, 21, 28, 74, 0]"""
j10,2,proactive_quantile_0.9,60,True,27,0.053290605545043945,0.0008580684661865234,"[0, 0, 0, 0, 10, 10, 3, 12, 19, 10, 12, 0, 0, 0, 0, 0, 0, 0, 73]","""[0, 1, 4, 7, 2, 3, 1, 3, 9, 1, 4, 66, 57, 56, 60, 21, 28, 74, 0]"""
j10,2,reactive,60,False,inf,inf,inf,null,"[0, 1, 4, 7, 2, 3, 1, 3, 9, 1, 4, 66, 57, 56, 60, 21, 28, 74, 0]"
j10,2,stnu,60,False,inf,0.5445380210876465,inf,[],"""[0, 1, 4, 7, 2, 3, 1, 3, 9, 1, 4, 66, 57, 56, 60, 21, 28, 74, 0]"""
j10,2,proactive_quantile_0.9,60,False,inf,0.047605276107788086,inf,"[0, 0, 0, 0, 10, 10, 3, 12, 19, 10, 12, 0, 0, 0, 0, 0, 0, 0, 73]","""[0, 3, 3, 9, 5, 1, 2, 2, 1, 3, 4, 66, 57, 56, 60, 21, 28, 74, 0]"""
j10,2,reactive,60,False,inf,inf,inf,null,"[0, 3, 3, 9, 5, 1, 2, 2, 1, 3, 4, 66, 57, 56, 60, 21, 28, 74, 0]"
j10,2,stnu,60,False,inf,0.585543155670166,inf,[],"""[0, 3, 3, 10, 1, 1, 4, 3, 2, 3, 6, 66, 57, 56, 60, 21, 28, 74, 0]"""
j10,2,proactive_quantile_0.9,60,False,inf,0.06270909309387207,inf,"[0, 0, 0, 0, 10, 10, 3, 12, 19, 10, 12, 0, 0, 0, 0, 0, 0, 0, 73]","""[0, 2, 1, 9, 4, 3, 4, 2, 5, 2, 1, 66, 57, 56, 60, 21, 28, 74, 0]"""
j10,2,reactive,60,False,inf,inf,inf,null,"[0, 2, 1, 9, 4, 3, 4, 2, 5, 2, 1, 66, 57, 56, 60, 21, 28, 74, 0]"
j10,2,stnu,60,False,inf,0.5444843769073486,inf,[],"""[0, 2, 1, 9, 4, 3, 4, 2, 5, 2, 1, 66, 57, 56, 60, 21, 28, 74, 0]"""
j10,2,proactive_quantile_0.9,60,True,27,0.05431675910949707,0.0008618831634521484,"[0, 0, 0, 0, 10, 10, 3, 12, 19, 10, 12, 0, 0, 0, 0, 0, 0, 0, 73]","""[0, 3, 3, 4, 9, 1, 2, 3, 8, 1, 1, 66, 57, 56, 60, 21, 28, 74, 0]"""
j10,2,reactive,60,True,27,0.05431675910949707,0.1519472599029541,"[0, 0, 0, 0, 10, 10, 3, 12, 19, 10, 12, 0, 0, 0, 0, 0, 0, 0, 27]","[0, 3, 3, 4, 9, 1, 2, 3, 8, 1, 1, 66, 57, 56, 60, 21, 28, 74, 0]"
j10,2,stnu,60,False,inf,0.5434269905090332,inf,[],"""[0, 3, 8, 4, 6, 1, 9, 3, 9, 4, 1, 66, 57, 56, 60, 21, 28, 74, 0]"""
j10,2,proactive_quantile_0.9,60,False,inf,0.03441953659057617,inf,"[0, 0, 0, 0, 10, 10, 3, 12, 19, 10, 12, 0, 0, 0, 0, 0, 0, 0, 73]","""[0, 4, 2, 11, 9, 1, 1, 3, 2, 3, 3, 66, 57, 56, 60, 21, 28, 74, 0]"""
j10,2,reactive,60,False,inf,inf,inf,null,"[0, 4, 2, 11, 9, 1, 1, 3, 2, 3, 3, 66, 57, 56, 60, 21, 28, 74, 0]"
j10,2,stnu,60,False,inf,0.5542421340942383,inf,[],"""[0, 4, 4, 6, 3, 1, 4, 3, 3, 10, 5, 66, 57, 56, 60, 21, 28, 74, 0]"""
j10,2,proactive_quantile_0.9,60,True,27,0.14412522315979004,0.0009021759033203125,"[0, 0, 0, 0, 10, 10, 3, 12, 18, 10, 12, 0, 0, 0, 0, 0, 0, 0, 73]","""[0, 2, 2, 10, 8, 1, 4, 1, 2, 2, 2, 66, 57, 56, 60, 21, 28, 74, 0]"""
j10,2,reactive,60,True,20,0.14412522315979004,0.22848725318908691,"[0, 0, 0, 0, 10, 10, 3, 12, 18, 10, 12, 0, 0, 0, 0, 0, 0, 0, 20]","[0, 2, 2, 10, 8, 1, 4, 1, 2, 2, 2, 66, 57, 56, 60, 21, 28, 74, 0]"
j10,2,stnu,60,False,inf,0.5552425384521484,inf,[],"""[0, 2, 2, 8, 8, 3, 7, 3, 2, 4, 3, 66, 57, 56, 60, 21, 28, 74, 0]"""
j10,2,proactive_quantile_0.9,60,True,27,0.03972578048706055,0.0009031295776367188,"[0, 0, 0, 0, 11, 11, 3, 13, 19, 13, 18, 0, 0, 0, 0, 0, 0, 0, 73]","""[0, 3, 7, 8, 5, 1, 3, 6, 8, 9, 2, 66, 57, 56, 60, 21, 28, 74, 0]"""
j10,2,reactive,60,True,27,0.03972578048706055,0.13319969177246094,"[0, 0, 0, 0, 11, 11, 3, 13, 19, 13, 18, 0, 0, 0, 0, 0, 0, 0, 27]","[0, 3, 7, 8, 5, 1, 3, 6, 8, 9, 2, 66, 57, 56, 60, 21, 28, 74, 0]"
j10,2,stnu,60,False,inf,0.5626921653747559,inf,[],"""[0, 3, 7, 8, 5, 1, 3, 6, 6, 9, 2, 66, 57, 56, 60, 21, 28, 74, 0]"""
j10,2,proactive_quantile_0.9,60,True,27,0.050008535385131836,0.0009126663208007812,"[0, 0, 0, 0, 10, 10, 3, 12, 19, 10, 12, 0, 0, 0, 0, 0, 0, 0, 73]","""[0, 2, 2, 8, 6, 2, 2, 1, 1, 1, 1, 66, 57, 56, 60, 21, 28, 74, 0]"""
j10,2,reactive,60,True,20,0.050008535385131836,0.17154216766357422,"[0, 0, 0, 0, 10, 10, 3, 12, 19, 10, 12, 0, 0, 0, 0, 0, 0, 0, 20]","[0, 2, 2, 8, 6, 2, 2, 1, 1, 1, 1, 66, 57, 56, 60, 21, 28, 74, 0]"
j10,2,stnu,60,False,inf,0.6285300254821777,inf,[],"""[0, 2, 2, 8, 4, 3, 2, 1, 10, 1, 1, 66, 57, 56, 60, 21, 28, 74, 0]"""
j10,2,proactive_quantile_0.9,60,False,inf,0.041800737380981445,inf,"[0, 0, 0, 0, 11, 11, 3, 13, 19, 13, 18, 0, 0, 0, 0, 0, 0, 0, 73]","""[0, 2, 1, 6, 7, 3, 7, 2, 9, 1, 4, 66, 57, 56, 60, 21, 28, 74, 0]"""
j10,2,reactive,60,False,inf,inf,inf,null,"[0, 2, 1, 6, 7, 3, 7, 2, 9, 1, 4, 66, 57, 56, 60, 21, 28, 74, 0]"
j10,2,stnu,60,False,inf,0.5532000064849854,inf,[],"""[0, 2, 1, 6, 7, 3, 7, 2, 2, 1, 4, 66, 57, 56, 60, 21, 28, 74, 0]"""
j10,2,proactive_quantile_0.9,60,True,38,0.04217720031738281,0.0005631446838378906,"[0, 0, 0, 0, 9, 9, 16, 16, 25, 25, 25, 0, 0, 0, 0, 69]","""[0, 10, 2, 10, 1, 6, 6, 7, 9, 5, 10, 18, 70, 50, 23, 0]"""
j10,2,reactive,60,False,inf,inf,inf,null,"[0, 10, 2, 10, 1, 6, 6, 7, 9, 5, 10, 18, 70, 50, 23, 0]"
j10,2,stnu,60,True,17,0.6712131500244141,0.007617473602294922,"[0, 0, 0, 0, 3, 3, 4, 4, 7, 9, 9, 0, 0, 0, 0, 17]","""[0, 7, 2, 3, 1, 6, 2, 2, 3, 8, 4, 18, 70, 50, 23, 0]"""
j10,2,proactive_quantile_0.9,60,True,38,0.0757746696472168,0.0005176067352294922,"[0, 0, 0, 0, 9, 9, 16, 16, 25, 25, 25, 0, 0, 0, 0, 69]","""[0, 5, 2, 1, 3, 1, 5, 8, 8, 6, 11, 18, 70, 50, 23, 0]"""
j10,2,reactive,60,True,36,0.0757746696472168,0.145371675491333,"[0, 0, 0, 0, 9, 9, 16, 16, 25, 25, 25, 0, 0, 0, 0, 36]","[0, 5, 2, 1, 3, 1, 5, 8, 8, 6, 11, 18, 70, 50, 23, 0]"
j10,2,stnu,60,True,18,0.5721783638000488,0.007469892501831055,"[0, 0, 0, 0, 3, 3, 5, 5, 10, 10, 10, 0, 0, 0, 0, 18]","""[0, 8, 3, 1, 2, 1, 5, 1, 2, 8, 4, 18, 70, 50, 23, 0]"""
j10,2,proactive_quantile_0.9,60,True,21,0.0446772575378418,0.0004992485046386719,"[0, 0, 0, 0, 2, 2, 5, 5, 12, 12, 12, 0, 0, 0, 0, 69]","""[0, 6, 1, 1, 3, 1, 6, 3, 2, 8, 10, 18, 70, 50, 23, 0]"""
j10,2,reactive,60,True,22,0.0446772575378418,0.11865496635437012,"[0, 0, 0, 0, 2, 2, 5, 5, 12, 12, 12, 0, 0, 0, 0, 22]","[0, 6, 1, 1, 3, 1, 6, 3, 2, 8, 10, 18, 70, 50, 23, 0]"
j10,2,stnu,60,True,25,0.5639731884002686,0.007692098617553711,"[0, 0, 0, 0, 9, 9, 11, 11, 17, 17, 17, 0, 0, 0, 0, 25]","""[0, 4, 3, 9, 2, 1, 5, 6, 1, 8, 4, 18, 70, 50, 23, 0]"""
j10,2,proactive_quantile_0.9,60,True,38,0.06244611740112305,0.0004863739013671875,"[0, 0, 0, 0, 9, 9, 16, 16, 25, 25, 25, 0, 0, 0, 0, 69]","""[0, 2, 1, 3, 4, 2, 8, 6, 2, 12, 3, 18, 70, 50, 23, 0]"""
j10,2,reactive,60,True,37,0.06244611740112305,0.14978671073913574,"[0, 0, 0, 0, 9, 9, 16, 16, 25, 25, 25, 0, 0, 0, 0, 37]","[0, 2, 1, 3, 4, 2, 8, 6, 2, 12, 3, 18, 70, 50, 23, 0]"
j10,2,stnu,60,True,27,0.5618886947631836,0.007668256759643555,"[0, 0, 0, 0, 3, 3, 7, 7, 15, 15, 15, 0, 0, 0, 0, 27]","""[0, 2, 1, 3, 4, 2, 8, 6, 2, 12, 3, 18, 70, 50, 23, 0]"""
j10,2,proactive_quantile_0.9,60,True,38,0.04860210418701172,0.00052642822265625,"[0, 0, 0, 0, 9, 9, 16, 16, 25, 25, 25, 0, 0, 0, 0, 69]","""[0, 5, 3, 9, 7, 1, 9, 3, 8, 8, 12, 18, 70, 50, 23, 0]"""
j10,2,reactive,60,True,37,0.04860210418701172,0.109649658203125,"[0, 0, 0, 0, 9, 9, 16, 16, 25, 25, 25, 0, 0, 0, 0, 37]","[0, 5, 3, 9, 7, 1, 9, 3, 8, 8, 12, 18, 70, 50, 23, 0]"
j10,2,stnu,60,True,37,0.5735001564025879,0.007607221603393555,"[0, 0, 0, 0, 9, 9, 16, 16, 25, 25, 25, 0, 0, 0, 0, 37]","""[0, 5, 3, 9, 7, 1, 9, 3, 8, 8, 12, 18, 70, 50, 23, 0]"""
j10,2,proactive_quantile_0.9,60,True,38,0.048558950424194336,0.0005309581756591797,"[0, 0, 0, 0, 9, 9, 16, 16, 25, 25, 25, 0, 0, 0, 0, 69]","""[0, 8, 2, 8, 8, 3, 6, 1, 7, 11, 13, 18, 70, 50, 23, 0]"""
j10,2,reactive,60,False,inf,inf,inf,null,"[0, 8, 2, 8, 8, 3, 6, 1, 7, 11, 13, 18, 70, 50, 23, 0]"
j10,2,stnu,60,True,35,0.5763611793518066,0.007673978805541992,"[0, 0, 0, 0, 8, 8, 16, 16, 22, 22, 22, 0, 0, 0, 0, 35]","""[0, 8, 2, 8, 8, 3, 6, 1, 7, 11, 13, 18, 70, 50, 23, 0]"""
j10,2,proactive_quantile_0.9,60,True,38,0.04723477363586426,0.0005047321319580078,"[0, 0, 0, 0, 9, 9, 16, 16, 25, 25, 25, 0, 0, 0, 0, 69]","""[0, 6, 1, 1, 8, 3, 7, 1, 1, 10, 13, 18, 70, 50, 23, 0]"""
j10,2,reactive,60,False,inf,inf,inf,null,"[0, 6, 1, 1, 8, 3, 7, 1, 1, 10, 13, 18, 70, 50, 23, 0]"
j10,2,stnu,60,True,29,0.6643717288970947,0.007703065872192383,"[0, 0, 0, 0, 1, 1, 9, 9, 16, 16, 16, 0, 0, 0, 0, 29]","""[0, 6, 1, 1, 8, 3, 7, 1, 1, 10, 13, 18, 70, 50, 23, 0]"""
j10,2,proactive_quantile_0.9,60,False,inf,0.0479283332824707,inf,"[0, 0, 0, 0, 2, 2, 5, 5, 12, 12, 12, 0, 0, 0, 0, 69]","""[0, 7, 1, 1, 4, 4, 3, 1, 1, 2, 2, 18, 70, 50, 23, 0]"""
j10,2,reactive,60,False,inf,inf,inf,null,"[0, 7, 1, 1, 4, 4, 3, 1, 1, 2, 2, 18, 70, 50, 23, 0]"
j10,2,stnu,60,True,35,0.5933892726898193,0.007696628570556641,"[0, 0, 0, 0, 10, 10, 13, 14, 22, 22, 22, 0, 0, 0, 0, 35]","""[0, 12, 1, 10, 3, 4, 9, 7, 7, 13, 12, 18, 70, 50, 23, 0]"""
j10,2,proactive_quantile_0.9,60,True,38,0.04983925819396973,0.0004611015319824219,"[0, 0, 0, 0, 9, 9, 16, 16, 25, 25, 25, 0, 0, 0, 0, 69]","""[0, 7, 2, 4, 1, 5, 4, 4, 5, 2, 4, 18, 70, 50, 23, 0]"""
j10,2,reactive,60,True,30,0.04983925819396973,0.13660597801208496,"[0, 0, 0, 0, 9, 9, 16, 16, 25, 25, 25, 0, 0, 0, 0, 30]","[0, 7, 2, 4, 1, 5, 4, 4, 5, 2, 4, 18, 70, 50, 23, 0]"
j10,2,stnu,60,True,18,0.5625991821289062,0.0076334476470947266,"[0, 0, 0, 0, 4, 4, 7, 9, 13, 13, 13, 0, 0, 0, 0, 18]","""[0, 7, 2, 4, 1, 5, 4, 4, 5, 2, 4, 18, 70, 50, 23, 0]"""
j10,2,proactive_quantile_0.9,60,False,inf,0.05435585975646973,inf,"[0, 0, 0, 0, 2, 2, 5, 5, 12, 12, 12, 0, 0, 0, 0, 69]","""[0, 11, 3, 1, 4, 4, 1, 2, 1, 8, 3, 18, 70, 50, 23, 0]"""
j10,2,reactive,60,False,inf,inf,inf,null,"[0, 11, 3, 1, 4, 4, 1, 2, 1, 8, 3, 18, 70, 50, 23, 0]"
j10,2,stnu,60,True,14,0.6724908351898193,0.007549285888671875,"[0, 0, 0, 0, 3, 3, 7, 7, 11, 11, 11, 0, 0, 0, 0, 14]","""[0, 11, 3, 1, 4, 4, 1, 2, 1, 3, 2, 18, 70, 50, 23, 0]"""
j10,2,proactive_quantile_0.9,60,True,21,0.047588348388671875,0.0002319812774658203,"[0, 8, 0, 0, 5, 5, 7, 9, 19, 16, 15, 0, 0, 22]","""[0, 3, 3, 1, 9, 3, 1, 5, 2, 1, 5, 23, 13, 0]"""
j10,2,reactive,60,True,19,0.047588348388671875,0.11137700080871582,"[0, 8, 0, 0, 5, 5, 7, 9, 14, 16, 14, 0, 0, 19]","[0, 3, 3, 1, 9, 3, 1, 5, 2, 1, 5, 23, 13, 0]"
j10,2,stnu,60,True,17,0.6159188747406006,0.005988121032714844,"[0, 4, 0, 0, 1, 1, 3, 4, 15, 9, 10, 0, 0, 17]","""[0, 3, 3, 1, 9, 3, 1, 5, 2, 6, 5, 23, 13, 0]"""
j10,2,proactive_quantile_0.9,60,True,19,0.11389851570129395,0.00025653839111328125,"[0, 0, 0, 0, 5, 7, 7, 12, 12, 15, 14, 0, 0, 22]","""[0, 7, 2, 5, 4, 4, 5, 3, 2, 2, 2, 23, 13, 0]"""
j10,2,reactive,60,False,inf,inf,inf,null,"[0, 7, 2, 5, 4, 4, 5, 3, 2, 2, 2, 23, 13, 0]"
j10,2,stnu,60,True,18,0.5969734191894531,0.006171226501464844,"[0, 9, 0, 0, 5, 5, 5, 9, 9, 16, 12, 0, 0, 18]","""[0, 7, 2, 5, 4, 4, 3, 3, 2, 2, 2, 23, 13, 0]"""
j10,2,proactive_quantile_0.9,60,True,21,0.03972029685974121,0.00024056434631347656,"[0, 8, 0, 0, 5, 5, 7, 9, 19, 16, 15, 0, 0, 22]","""[0, 1, 3, 5, 10, 2, 2, 3, 2, 3, 4, 23, 13, 0]"""
j10,2,reactive,60,True,19,0.03972029685974121,0.09971165657043457,"[0, 8, 0, 0, 5, 5, 7, 9, 15, 12, 15, 0, 0, 19]","[0, 1, 3, 5, 10, 2, 2, 3, 2, 3, 4, 23, 13, 0]"
j10,2,stnu,60,True,13,0.6518855094909668,0.005863666534423828,"[0, 0, 0, 0, 5, 5, 5, 8, 8, 10, 10, 0, 0, 13]","""[0, 1, 3, 5, 3, 2, 2, 2, 1, 3, 2, 23, 13, 0]"""
j10,2,proactive_quantile_0.9,60,False,inf,0.1324474811553955,inf,"[0, 0, 0, 0, 5, 7, 7, 9, 10, 11, 11, 0, 0, 22]","""[0, 3, 8, 6, 3, 2, 2, 3, 4, 3, 2, 23, 13, 0]"""
j10,2,reactive,60,False,inf,inf,inf,null,"[0, 3, 8, 6, 3, 2, 2, 3, 4, 3, 2, 23, 13, 0]"
j10,2,stnu,60,True,25,0.666712760925293,0.005933523178100586,"[0, 0, 0, 0, 6, 6, 8, 10, 10, 13, 13, 0, 0, 25]","""[0, 3, 8, 6, 3, 2, 2, 3, 1, 3, 12, 23, 13, 0]"""
j10,2,proactive_quantile_0.9,60,True,19,0.1256098747253418,0.0002295970916748047,"[0, 0, 0, 0, 5, 7, 7, 12, 12, 15, 14, 0, 0, 22]","""[0, 7, 1, 5, 1, 3, 5, 1, 2, 1, 4, 23, 13, 0]"""
j10,2,reactive,60,True,18,0.1256098747253418,0.08857250213623047,"[0, 0, 0, 0, 5, 7, 7, 12, 12, 15, 14, 0, 0, 18]","[0, 7, 1, 5, 1, 3, 5, 1, 2, 1, 4, 23, 13, 0]"
j10,2,stnu,60,True,16,0.5742473602294922,0.005911588668823242,"[0, 8, 0, 0, 5, 5, 5, 8, 8, 15, 11, 0, 0, 16]","""[0, 7, 1, 5, 1, 3, 1, 1, 3, 1, 4, 23, 13, 0]"""
j10,2,proactive_quantile_0.9,60,False,inf,0.04978585243225098,inf,"[0, 8, 0, 0, 5, 5, 7, 9, 19, 16, 15, 0, 0, 22]","""[0, 7, 2, 6, 13, 4, 2, 5, 2, 1, 5, 23, 13, 0]"""
j10,2,reactive,60,False,inf,inf,inf,null,"[0, 7, 2, 6, 13, 4, 2, 5, 2, 1, 5, 23, 13, 0]"
j10,2,stnu,60,True,19,0.5850629806518555,0.006075143814086914,"[0, 10, 0, 0, 6, 6, 6, 10, 10, 18, 12, 0, 0, 19]","""[0, 8, 2, 6, 3, 4, 2, 1, 2, 1, 5, 23, 13, 0]"""
j10,2,proactive_quantile_0.9,60,True,22,0.13393306732177734,0.00024509429931640625,"[0, 0, 0, 0, 5, 7, 7, 9, 10, 11, 11, 0, 0, 22]","""[0, 3, 3, 6, 4, 3, 2, 1, 4, 3, 11, 23, 13, 0]"""
j10,2,reactive,60,False,inf,inf,inf,null,"[0, 3, 3, 6, 4, 3, 2, 1, 4, 3, 11, 23, 13, 0]"
j10,2,stnu,60,True,24,0.6840786933898926,0.006014585494995117,"[0, 9, 0, 0, 6, 6, 6, 8, 21, 16, 16, 0, 0, 24]","""[0, 7, 3, 6, 2, 3, 2, 2, 3, 7, 5, 23, 13, 0]"""
j10,2,proactive_quantile_0.9,60,False,inf,0.1465458869934082,inf,"[0, 0, 0, 0, 5, 7, 7, 9, 10, 11, 11, 0, 0, 22]","""[0, 5, 5, 5, 1, 4, 3, 1, 3, 2, 3, 23, 13, 0]"""
j10,2,reactive,60,False,inf,inf,inf,null,"[0, 5, 5, 5, 1, 4, 3, 1, 3, 2, 3, 23, 13, 0]"
j10,2,stnu,60,True,20,0.5818393230438232,0.005857706069946289,"[0, 9, 0, 0, 5, 5, 5, 8, 15, 14, 14, 0, 0, 20]","""[0, 5, 5, 5, 5, 4, 3, 1, 3, 6, 1, 23, 13, 0]"""
j10,2,proactive_quantile_0.9,60,True,21,0.034162282943725586,0.00021767616271972656,"[0, 8, 0, 0, 5, 5, 7, 9, 19, 16, 15, 0, 0, 22]","""[0, 1, 3, 3, 10, 3, 2, 4, 3, 1, 1, 23, 13, 0]"""
j10,2,reactive,60,True,18,0.034162282943725586,0.11723899841308594,"[0, 8, 0, 0, 5, 5, 7, 9, 15, 16, 15, 0, 0, 18]","[0, 1, 3, 3, 10, 3, 2, 4, 3, 1, 1, 23, 13, 0]"
j10,2,stnu,60,True,17,0.5910978317260742,0.00585484504699707,"[0, 6, 0, 0, 3, 3, 3, 5, 14, 9, 13, 0, 0, 17]","""[0, 1, 3, 3, 10, 3, 2, 4, 3, 2, 1, 23, 13, 0]"""
j10,2,proactive_quantile_0.9,60,True,19,0.12132453918457031,0.00022602081298828125,"[0, 0, 0, 0, 5, 7, 7, 12, 12, 15, 14, 0, 0, 22]","""[0, 1, 5, 4, 4, 3, 6, 2, 2, 4, 5, 23, 13, 0]"""
j10,2,reactive,60,False,inf,inf,inf,null,"[0, 1, 5, 4, 4, 3, 6, 2, 2, 4, 5, 23, 13, 0]"
j10,2,stnu,60,True,18,0.5725815296173096,0.005873680114746094,"[0, 7, 0, 0, 4, 4, 5, 6, 15, 10, 10, 0, 0, 18]","""[0, 3, 5, 4, 2, 3, 1, 1, 1, 8, 5, 23, 13, 0]"""
j10,2,proactive_quantile_0.9,60,True,20,0.15526652336120605,0.0007071495056152344,"[0, 0, 0, 0, 5, 5, 7, 10, 10, 17, 5, 0, 0, 0, 0, 0, 0, 0, 68]","""[0, 1, 4, 5, 3, 1, 1, 6, 2, 1, 1, 69, 52, 33, 29, 12, 35, 64, 0]"""
j10,2,reactive,60,False,inf,inf,inf,null,"[0, 1, 4, 5, 3, 1, 1, 6, 2, 1, 1, 69, 52, 33, 29, 12, 35, 64, 0]"
j10,2,stnu,60,True,14,0.6843326091766357,0.01072382926940918,"[0, 0, 0, 0, 5, 5, 8, 9, 9, 13, 5, 0, 0, 0, 0, 0, 0, 0, 14]","""[0, 1, 4, 5, 2, 1, 1, 4, 3, 1, 3, 69, 52, 33, 29, 12, 35, 64, 0]"""
j10,2,proactive_quantile_0.9,60,True,30,0.0446319580078125,0.0007536411285400391,"[0, 0, 0, 0, 5, 5, 7, 10, 16, 17, 5, 0, 0, 0, 0, 0, 0, 0, 68]","""[0, 5, 2, 4, 2, 1, 4, 1, 5, 14, 1, 69, 52, 33, 29, 12, 35, 64, 0]"""
j10,2,reactive,60,True,31,0.0446319580078125,0.1286485195159912,"[0, 0, 0, 0, 5, 5, 7, 10, 16, 17, 5, 0, 0, 0, 0, 0, 0, 0, 31]","[0, 5, 2, 4, 2, 1, 4, 1, 5, 14, 1, 69, 52, 33, 29, 12, 35, 64, 0]"
j10,2,stnu,60,True,15,0.826225996017456,0.010556936264038086,"[0, 0, 0, 0, 4, 4, 6, 9, 9, 11, 4, 0, 0, 0, 0, 0, 0, 0, 15]","""[0, 2, 2, 4, 2, 1, 3, 2, 1, 4, 1, 69, 52, 33, 29, 12, 35, 64, 0]"""
j10,2,proactive_quantile_0.9,60,True,30,0.0498356819152832,0.0007364749908447266,"[0, 0, 0, 0, 5, 5, 7, 10, 16, 17, 5, 0, 0, 0, 0, 0, 0, 0, 68]","""[0, 1, 4, 2, 2, 5, 4, 3, 1, 13, 2, 69, 52, 33, 29, 12, 35, 64, 0]"""
j10,2,reactive,60,True,30,0.0498356819152832,0.11916899681091309,"[0, 0, 0, 0, 5, 5, 7, 10, 16, 17, 5, 0, 0, 0, 0, 0, 0, 0, 30]","[0, 1, 4, 2, 2, 5, 4, 3, 1, 13, 2, 69, 52, 33, 29, 12, 35, 64, 0]"
j10,2,stnu,60,True,14,0.6531741619110107,0.010831832885742188,"[0, 0, 0, 0, 4, 4, 6, 9, 9, 11, 2, 0, 0, 0, 0, 0, 0, 0, 14]","""[0, 1, 4, 2, 2, 5, 1, 2, 1, 3, 2, 69, 52, 33, 29, 12, 35, 64, 0]"""
j10,2,proactive_quantile_0.9,60,True,30,0.041190385818481445,0.0007395744323730469,"[0, 0, 0, 0, 5, 5, 7, 10, 16, 17, 5, 0, 0, 0, 0, 0, 0, 0, 68]","""[0, 6, 3, 5, 3, 2, 7, 4, 1, 10, 3, 69, 52, 33, 29, 12, 35, 64, 0]"""
j10,2,reactive,60,False,inf,inf,inf,null,"[0, 6, 3, 5, 3, 2, 7, 4, 1, 10, 3, 69, 52, 33, 29, 12, 35, 64, 0]"
j10,2,stnu,60,True,13,0.6502447128295898,0.010622024536132812,"[0, 0, 0, 0, 5, 5, 8, 9, 9, 12, 5, 0, 0, 0, 0, 0, 0, 0, 13]","""[0, 1, 3, 5, 3, 2, 1, 3, 3, 1, 3, 69, 52, 33, 29, 12, 35, 64, 0]"""
j10,2,proactive_quantile_0.9,60,True,20,0.15078020095825195,0.0007174015045166016,"[0, 0, 0, 0, 5, 5, 7, 10, 10, 17, 5, 0, 0, 0, 0, 0, 0, 0, 68]","""[0, 2, 3, 3, 1, 5, 1, 3, 5, 4, 1, 69, 52, 33, 29, 12, 35, 64, 0]"""
j10,2,reactive,60,True,21,0.15078020095825195,0.12557220458984375,"[0, 0, 0, 0, 5, 5, 7, 10, 10, 17, 5, 0, 0, 0, 0, 0, 0, 0, 21]","[0, 2, 3, 3, 1, 5, 1, 3, 5, 4, 1, 69, 52, 33, 29, 12, 35, 64, 0]"
j10,2,stnu,60,False,inf,0.5497934818267822,inf,[],"""[0, 4, 7, 7, 4, 5, 7, 3, 5, 12, 3, 69, 52, 33, 29, 12, 35, 64, 0]"""
j10,2,proactive_quantile_0.9,60,True,16,0.0304110050201416,0.0007197856903076172,"[0, 0, 0, 0, 5, 5, 7, 10, 10, 13, 5, 0, 0, 0, 0, 0, 0, 0, 68]","""[0, 3, 1, 2, 3, 3, 1, 4, 2, 2, 3, 69, 52, 33, 29, 12, 35, 64, 0]"""
j10,2,reactive,60,False,inf,inf,inf,null,"[0, 3, 1, 2, 3, 3, 1, 4, 2, 2, 3, 69, 52, 33, 29, 12, 35, 64, 0]"
j10,2,stnu,60,True,12,0.6259880065917969,0.010637760162353516,"[0, 0, 0, 0, 3, 2, 6, 7, 7, 11, 3, 0, 0, 0, 0, 0, 0, 0, 12]","""[0, 3, 1, 2, 3, 3, 1, 4, 2, 1, 3, 69, 52, 33, 29, 12, 35, 64, 0]"""
j10,2,proactive_quantile_0.9,60,True,30,0.042330265045166016,0.0007967948913574219,"[0, 0, 0, 0, 5, 5, 7, 10, 16, 17, 5, 0, 0, 0, 0, 0, 0, 0, 68]","""[0, 5, 4, 1, 3, 6, 2, 8, 5, 12, 1, 69, 52, 33, 29, 12, 35, 64, 0]"""
j10,2,reactive,60,False,inf,inf,inf,null,"[0, 5, 4, 1, 3, 6, 2, 8, 5, 12, 1, 69, 52, 33, 29, 12, 35, 64, 0]"
j10,2,stnu,60,False,inf,0.5687687397003174,inf,[],"""[0, 5, 4, 7, 4, 6, 2, 8, 5, 12, 1, 69, 52, 33, 29, 12, 35, 64, 0]"""
j10,2,proactive_quantile_0.9,60,True,30,0.04224514961242676,0.0008003711700439453,"[0, 0, 0, 0, 5, 5, 7, 10, 16, 17, 5, 0, 0, 0, 0, 0, 0, 0, 68]","""[0, 1, 2, 3, 1, 2, 7, 7, 5, 14, 1, 69, 52, 33, 29, 12, 35, 64, 0]"""
j10,2,reactive,60,True,31,0.04224514961242676,0.15418291091918945,"[0, 0, 0, 0, 5, 5, 7, 10, 16, 17, 5, 0, 0, 0, 0, 0, 0, 0, 31]","[0, 1, 2, 3, 1, 2, 7, 7, 5, 14, 1, 69, 52, 33, 29, 12, 35, 64, 0]"
j10,2,stnu,60,False,inf,0.5526361465454102,inf,[],"""[0, 1, 4, 6, 5, 2, 7, 7, 5, 14, 1, 69, 52, 33, 29, 12, 35, 64, 0]"""
j10,2,proactive_quantile_0.9,60,True,30,0.0485224723815918,0.0007264614105224609,"[0, 0, 0, 0, 5, 5, 7, 10, 16, 17, 5, 0, 0, 0, 0, 0, 0, 0, 68]","""[0, 3, 3, 2, 1, 4, 5, 2, 4, 8, 1, 69, 52, 33, 29, 12, 35, 64, 0]"""
j10,2,reactive,60,True,25,0.0485224723815918,0.14359617233276367,"[0, 0, 0, 0, 5, 5, 7, 10, 16, 17, 5, 0, 0, 0, 0, 0, 0, 0, 25]","[0, 3, 3, 2, 1, 4, 5, 2, 4, 8, 1, 69, 52, 33, 29, 12, 35, 64, 0]"
j10,2,stnu,60,True,13,0.6883223056793213,0.010512113571166992,"[0, 0, 0, 0, 3, 3, 4, 7, 7, 11, 3, 0, 0, 0, 0, 0, 0, 0, 13]","""[0, 3, 3, 2, 1, 4, 3, 4, 2, 2, 1, 69, 52, 33, 29, 12, 35, 64, 0]"""
j10,2,proactive_quantile_0.9,60,True,30,0.044814348220825195,0.0007915496826171875,"[0, 0, 0, 0, 5, 5, 7, 10, 16, 17, 5, 0, 0, 0, 0, 0, 0, 0, 68]","""[0, 6, 2, 6, 2, 3, 8, 5, 3, 4, 2, 69, 52, 33, 29, 12, 35, 64, 0]"""
j10,2,reactive,60,False,inf,inf,inf,null,"[0, 6, 2, 6, 2, 3, 8, 5, 3, 4, 2, 69, 52, 33, 29, 12, 35, 64, 0]"
j10,2,stnu,60,False,inf,0.5738358497619629,inf,[],"""[0, 6, 6, 5, 6, 3, 8, 5, 3, 4, 2, 69, 52, 33, 29, 12, 35, 64, 0]"""
j10,2,proactive_quantile_0.9,60,True,31,0.04935812950134277,0.0010845661163330078,"[0, 0, 0, 0, 5, 8, 18, 11, 24, 24, 11, 0, 0, 0, 0, 0, 0, 0, 0, 0, 81]","""[0, 5, 6, 5, 10, 4, 3, 13, 2, 8, 4, 27, 10, 61, 70, 68, 27, 59, 82, 69, 0]"""
j10,2,reactive,60,True,32,0.04935812950134277,0.13927030563354492,"[0, 0, 0, 0, 5, 8, 18, 11, 24, 24, 11, 0, 0, 0, 0, 0, 0, 0, 0, 0, 32]","[0, 5, 6, 5, 10, 4, 3, 13, 2, 8, 4, 27, 10, 61, 70, 68, 27, 59, 82, 69, 0]"
j10,2,stnu,60,True,27,0.5789244174957275,0.012400388717651367,"[0, 0, 0, 0, 5, 6, 15, 6, 19, 19, 6, 0, 0, 0, 0, 0, 0, 0, 0, 0, 27]","""[0, 5, 6, 5, 10, 4, 3, 13, 2, 8, 4, 27, 10, 61, 70, 68, 27, 59, 82, 69, 0]"""
j10,2,proactive_quantile_0.9,60,True,31,0.04989290237426758,0.0011358261108398438,"[0, 0, 0, 0, 5, 8, 18, 11, 24, 24, 11, 0, 0, 0, 0, 0, 0, 0, 0, 0, 81]","""[0, 10, 6, 3, 4, 4, 1, 3, 4, 7, 3, 27, 10, 61, 70, 68, 27, 59, 82, 69, 0]"""
j10,2,reactive,60,True,31,0.04989290237426758,0.15096569061279297,"[0, 0, 0, 0, 5, 8, 18, 11, 24, 24, 11, 0, 0, 0, 0, 0, 0, 0, 0, 0, 31]","[0, 10, 6, 3, 4, 4, 1, 3, 4, 7, 3, 27, 10, 61, 70, 68, 27, 59, 82, 69, 0]"
j10,2,stnu,60,True,20,0.6065473556518555,0.012416362762451172,"[0, 0, 0, 0, 3, 6, 10, 10, 13, 13, 10, 0, 0, 0, 0, 0, 0, 0, 0, 0, 20]","""[0, 10, 6, 3, 4, 4, 1, 3, 4, 7, 3, 27, 10, 61, 70, 68, 27, 59, 82, 69, 0]"""
j10,2,proactive_quantile_0.9,60,True,21,0.05742287635803223,0.0010416507720947266,"[0, 0, 0, 0, 5, 7, 14, 7, 16, 14, 9, 0, 0, 0, 0, 0, 0, 0, 0, 0, 81]","""[0, 3, 7, 6, 5, 1, 3, 2, 3, 6, 1, 27, 10, 61, 70, 68, 27, 59, 82, 69, 0]"""
j10,2,reactive,60,False,inf,inf,inf,null,"[0, 3, 7, 6, 5, 1, 3, 2, 3, 6, 1, 27, 10, 61, 70, 68, 27, 59, 82, 69, 0]"
j10,2,stnu,60,True,22,0.7546217441558838,0.01272273063659668,"[0, 0, 0, 0, 6, 7, 13, 8, 19, 13, 7, 0, 0, 0, 0, 0, 0, 0, 0, 0, 22]","""[0, 3, 7, 6, 5, 1, 6, 5, 3, 6, 8, 27, 10, 61, 70, 68, 27, 59, 82, 69, 0]"""
j10,2,proactive_quantile_0.9,60,True,31,0.0503079891204834,0.001062154769897461,"[0, 0, 0, 0, 5, 8, 18, 11, 24, 24, 11, 0, 0, 0, 0, 0, 0, 0, 0, 0, 81]","""[0, 7, 8, 5, 8, 6, 1, 3, 3, 7, 3, 27, 10, 61, 70, 68, 27, 59, 82, 69, 0]"""
j10,2,reactive,60,True,31,0.0503079891204834,0.14594197273254395,"[0, 0, 0, 0, 5, 8, 18, 11, 24, 24, 11, 0, 0, 0, 0, 0, 0, 0, 0, 0, 31]","[0, 7, 8, 5, 8, 6, 1, 3, 3, 7, 3, 27, 10, 61, 70, 68, 27, 59, 82, 69, 0]"
j10,2,stnu,60,True,22,0.5874593257904053,0.01267695426940918,"[0, 0, 0, 0, 5, 8, 14, 8, 15, 15, 8, 0, 0, 0, 0, 0, 0, 0, 0, 0, 22]","""[0, 7, 8, 5, 8, 6, 1, 3, 3, 7, 3, 27, 10, 61, 70, 68, 27, 59, 82, 69, 0]"""
j10,2,proactive_quantile_0.9,60,True,21,0.048621177673339844,0.0010514259338378906,"[0, 0, 0, 0, 5, 7, 14, 7, 16, 14, 9, 0, 0, 0, 0, 0, 0, 0, 0, 0, 81]","""[0, 3, 6, 5, 3, 2, 2, 2, 4, 8, 2, 27, 10, 61, 70, 68, 27, 59, 82, 69, 0]"""
j10,2,reactive,60,True,22,0.048621177673339844,0.13689160346984863,"[0, 0, 0, 0, 5, 7, 14, 7, 16, 14, 9, 0, 0, 0, 0, 0, 0, 0, 0, 0, 22]","[0, 3, 6, 5, 3, 2, 2, 2, 4, 8, 2, 27, 10, 61, 70, 68, 27, 59, 82, 69, 0]"
j10,2,stnu,60,True,19,0.65871262550354,0.012503623962402344,"[0, 0, 0, 0, 6, 6, 9, 3, 11, 11, 3, 0, 0, 0, 0, 0, 0, 0, 0, 0, 19]","""[0, 3, 3, 6, 3, 1, 2, 1, 8, 8, 2, 27, 10, 61, 70, 68, 27, 59, 82, 69, 0]"""
j10,2,proactive_quantile_0.9,60,False,inf,0.045243024826049805,inf,"[0, 0, 0, 0, 5, 7, 14, 7, 16, 14, 9, 0, 0, 0, 0, 0, 0, 0, 0, 0, 81]","""[0, 2, 8, 1, 6, 3, 3, 4, 1, 8, 3, 27, 10, 61, 70, 68, 27, 59, 82, 69, 0]"""
j10,2,reactive,60,False,inf,inf,inf,null,"[0, 2, 8, 1, 6, 3, 3, 4, 1, 8, 3, 27, 10, 61, 70, 68, 27, 59, 82, 69, 0]"
j10,2,stnu,60,True,18,0.6793177127838135,0.012414216995239258,"[0, 0, 0, 0, 1, 4, 7, 7, 10, 10, 7, 0, 0, 0, 0, 0, 0, 0, 0, 0, 18]","""[0, 7, 4, 1, 4, 2, 3, 3, 1, 8, 6, 27, 10, 61, 70, 68, 27, 59, 82, 69, 0]"""
j10,2,proactive_quantile_0.9,60,True,31,0.051573753356933594,0.0011186599731445312,"[0, 0, 0, 0, 5, 8, 18, 11, 24, 24, 11, 0, 0, 0, 0, 0, 0, 0, 0, 0, 81]","""[0, 11, 1, 5, 12, 6, 4, 15, 4, 6, 8, 27, 10, 61, 70, 68, 27, 59, 82, 69, 0]"""
j10,2,reactive,60,False,inf,inf,inf,null,"[0, 11, 1, 5, 12, 6, 4, 15, 4, 6, 8, 27, 10, 61, 70, 68, 27, 59, 82, 69, 0]"
j10,2,stnu,60,True,32,0.5916814804077148,0.012490272521972656,"[0, 0, 0, 0, 5, 5, 17, 11, 26, 26, 11, 0, 0, 0, 0, 0, 0, 0, 0, 0, 32]","""[0, 11, 1, 5, 12, 6, 4, 15, 4, 6, 8, 27, 10, 61, 70, 68, 27, 59, 82, 69, 0]"""
j10,2,proactive_quantile_0.9,60,True,21,0.05687856674194336,0.0010559558868408203,"[0, 0, 0, 0, 5, 7, 14, 7, 16, 14, 9, 0, 0, 0, 0, 0, 0, 0, 0, 0, 81]","""[0, 5, 4, 6, 1, 1, 2, 3, 4, 4, 3, 27, 10, 61, 70, 68, 27, 59, 82, 69, 0]"""
j10,2,reactive,60,False,inf,inf,inf,null,"[0, 5, 4, 6, 1, 1, 2, 3, 4, 4, 3, 27, 10, 61, 70, 68, 27, 59, 82, 69, 0]"
j10,2,stnu,60,True,21,0.5948667526245117,0.012522459030151367,"[0, 0, 0, 0, 6, 8, 10, 8, 16, 16, 8, 0, 0, 0, 0, 0, 0, 0, 0, 0, 21]","""[0, 5, 8, 6, 4, 1, 3, 8, 5, 4, 6, 27, 10, 61, 70, 68, 27, 59, 82, 69, 0]"""
j10,2,proactive_quantile_0.9,60,True,21,0.04213380813598633,0.0010533332824707031,"[0, 0, 0, 0, 5, 7, 14, 7, 16, 14, 9, 0, 0, 0, 0, 0, 0, 0, 0, 0, 81]","""[0, 2, 8, 6, 5, 1, 3, 1, 2, 5, 2, 27, 10, 61, 70, 68, 27, 59, 82, 69, 0]"""
j10,2,reactive,60,False,inf,inf,inf,null,"[0, 2, 8, 6, 5, 1, 3, 1, 2, 5, 2, 27, 10, 61, 70, 68, 27, 59, 82, 69, 0]"
j10,2,stnu,60,True,20,0.6924896240234375,0.012508153915405273,"[0, 0, 0, 0, 6, 6, 10, 8, 15, 15, 8, 0, 0, 0, 0, 0, 0, 0, 0, 0, 20]","""[0, 8, 3, 6, 3, 4, 2, 7, 4, 5, 2, 27, 10, 61, 70, 68, 27, 59, 82, 69, 0]"""
j10,2,proactive_quantile_0.9,60,True,31,0.057947397232055664,0.0010845661163330078,"[0, 0, 0, 0, 5, 8, 18, 11, 24, 24, 11, 0, 0, 0, 0, 0, 0, 0, 0, 0, 81]","""[0, 8, 8, 5, 12, 5, 2, 10, 5, 1, 5, 27, 10, 61, 70, 68, 27, 59, 82, 69, 0]"""
j10,2,reactive,60,True,29,0.057947397232055664,0.13216590881347656,"[0, 0, 0, 0, 5, 8, 18, 11, 24, 24, 11, 0, 0, 0, 0, 0, 0, 0, 0, 0, 29]","[0, 8, 8, 5, 12, 5, 2, 10, 5, 1, 5, 27, 10, 61, 70, 68, 27, 59, 82, 69, 0]"
j10,2,stnu,60,True,24,0.5965051651000977,0.012512445449829102,"[0, 0, 0, 0, 5, 8, 17, 8, 19, 19, 8, 0, 0, 0, 0, 0, 0, 0, 0, 0, 24]","""[0, 8, 8, 5, 12, 5, 2, 10, 5, 1, 5, 27, 10, 61, 70, 68, 27, 59, 82, 69, 0]"""
j10,2,proactive_quantile_0.9,60,True,30,0.11303353309631348,0.000705718994140625,"[0, 0, 0, 0, 9, 11, 9, 11, 11, 11, 20, 0, 0, 0, 0, 0, 80]","""[0, 5, 3, 3, 1, 2, 3, 9, 3, 10, 9, 69, 24, 57, 49, 81, 0]"""
j10,2,reactive,60,False,inf,inf,inf,null,"[0, 5, 3, 3, 1, 2, 3, 9, 3, 10, 9, 69, 24, 57, 49, 81, 0]"
j10,2,stnu,60,True,24,0.9960284233093262,0.008437871932983398,"[0, 0, 0, 0, 5, 6, 3, 6, 6, 6, 15, 0, 0, 0, 0, 0, 24]","""[0, 5, 3, 3, 1, 2, 3, 9, 3, 10, 9, 69, 24, 57, 49, 81, 0]"""
j10,2,proactive_quantile_0.9,60,True,38,0.05045580863952637,0.0007581710815429688,"[0, 0, 0, 0, 10, 18, 10, 18, 18, 18, 28, 0, 0, 0, 0, 0, 80]","""[0, 5, 11, 11, 1, 3, 4, 11, 7, 9, 11, 69, 24, 57, 49, 81, 0]"""
j10,2,reactive,60,False,inf,inf,inf,null,"[0, 5, 11, 11, 1, 3, 4, 11, 7, 9, 11, 69, 24, 57, 49, 81, 0]"
j10,2,stnu,60,True,37,0.5871937274932861,0.0082550048828125,"[0, 0, 0, 0, 11, 12, 11, 15, 15, 15, 26, 0, 0, 0, 0, 0, 37]","""[0, 5, 11, 11, 1, 3, 4, 11, 7, 9, 11, 69, 24, 57, 49, 81, 0]"""
j10,2,proactive_quantile_0.9,60,True,30,0.12232804298400879,0.0007045269012451172,"[0, 0, 0, 0, 9, 11, 9, 11, 11, 11, 20, 0, 0, 0, 0, 0, 80]","""[0, 4, 1, 9, 3, 6, 1, 8, 1, 3, 5, 69, 24, 57, 49, 81, 0]"""
j10,2,reactive,60,False,inf,inf,inf,null,"[0, 4, 1, 9, 3, 6, 1, 8, 1, 3, 5, 69, 24, 57, 49, 81, 0]"
j10,2,stnu,60,True,32,0.557344913482666,0.008332967758178711,"[0, 0, 0, 0, 10, 12, 10, 15, 15, 15, 27, 0, 0, 0, 0, 0, 32]","""[0, 6, 12, 10, 1, 6, 5, 12, 1, 12, 5, 69, 24, 57, 49, 81, 0]"""
j10,2,proactive_quantile_0.9,60,True,30,0.12370061874389648,0.0006663799285888672,"[0, 0, 0, 0, 9, 11, 9, 11, 11, 11, 20, 0, 0, 0, 0, 0, 80]","""[0, 1, 2, 2, 2, 4, 3, 4, 2, 1, 4, 69, 24, 57, 49, 81, 0]"""
j10,2,reactive,60,False,inf,inf,inf,null,"[0, 1, 2, 2, 2, 4, 3, 4, 2, 1, 4, 69, 24, 57, 49, 81, 0]"
j10,2,stnu,60,True,25,0.573512077331543,0.008373022079467773,"[0, 0, 0, 0, 10, 13, 10, 14, 14, 14, 21, 0, 0, 0, 0, 0, 25]","""[0, 1, 7, 10, 3, 3, 4, 7, 9, 11, 4, 69, 24, 57, 49, 81, 0]"""
j10,2,proactive_quantile_0.9,60,True,38,0.048311710357666016,0.0007302761077880859,"[0, 0, 0, 0, 10, 18, 10, 18, 18, 18, 28, 0, 0, 0, 0, 0, 80]","""[0, 4, 15, 1, 7, 7, 4, 9, 2, 4, 3, 69, 24, 57, 49, 81, 0]"""
j10,2,reactive,60,True,31,0.048311710357666016,0.12216973304748535,"[0, 0, 0, 0, 10, 18, 10, 18, 18, 18, 28, 0, 0, 0, 0, 0, 31]","[0, 4, 15, 1, 7, 7, 4, 9, 2, 4, 3, 69, 24, 57, 49, 81, 0]"
j10,2,stnu,60,True,20,0.6348147392272949,0.008439779281616211,"[0, 0, 0, 0, 10, 11, 10, 11, 11, 11, 17, 0, 0, 0, 0, 0, 20]","""[0, 3, 2, 10, 1, 6, 1, 1, 2, 9, 3, 69, 24, 57, 49, 81, 0]"""
j10,2,proactive_quantile_0.9,60,True,30,0.11590886116027832,0.0007085800170898438,"[0, 0, 0, 0, 9, 11, 9, 11, 11, 11, 20, 0, 0, 0, 0, 0, 80]","""[0, 4, 1, 8, 1, 8, 3, 6, 3, 9, 2, 69, 24, 57, 49, 81, 0]"""
j10,2,reactive,60,False,inf,inf,inf,null,"[0, 4, 1, 8, 1, 8, 3, 6, 3, 9, 2, 69, 24, 57, 49, 81, 0]"
j10,2,stnu,60,True,26,0.5701372623443604,0.008265018463134766,"[0, 0, 0, 0, 5, 13, 5, 13, 13, 13, 24, 0, 0, 0, 0, 0, 26]","""[0, 1, 13, 5, 3, 8, 8, 11, 7, 8, 2, 69, 24, 57, 49, 81, 0]"""
j10,2,proactive_quantile_0.9,60,True,30,0.07139754295349121,0.0007455348968505859,"[0, 0, 0, 0, 9, 11, 9, 11, 11, 11, 20, 0, 0, 0, 0, 0, 80]","""[0, 5, 2, 8, 1, 1, 1, 4, 1, 8, 8, 69, 24, 57, 49, 81, 0]"""
j10,2,reactive,60,True,28,0.07139754295349121,0.1063394546508789,"[0, 0, 0, 0, 9, 11, 9, 11, 11, 11, 20, 0, 0, 0, 0, 0, 28]","[0, 5, 2, 8, 1, 1, 1, 4, 1, 8, 8, 69, 24, 57, 49, 81, 0]"
j10,2,stnu,60,True,31,0.5693960189819336,0.00814056396484375,"[0, 0, 0, 0, 11, 17, 11, 17, 17, 13, 23, 0, 0, 0, 0, 0, 31]","""[0, 6, 15, 11, 6, 6, 2, 5, 3, 7, 8, 69, 24, 57, 49, 81, 0]"""
j10,2,proactive_quantile_0.9,60,True,27,0.03642702102661133,0.0007646083831787109,"[0, 0, 0, 0, 9, 11, 9, 11, 11, 11, 20, 0, 0, 0, 0, 0, 80]","""[0, 3, 1, 7, 2, 5, 1, 6, 1, 1, 7, 69, 24, 57, 49, 81, 0]"""
j10,2,reactive,60,True,27,0.03642702102661133,0.22086024284362793,"[0, 0, 0, 0, 9, 11, 9, 11, 11, 11, 20, 0, 0, 0, 0, 0, 27]","[0, 3, 1, 7, 2, 5, 1, 6, 1, 1, 7, 69, 24, 57, 49, 81, 0]"
j10,2,stnu,60,True,29,0.6421854496002197,0.008332014083862305,"[0, 0, 0, 0, 7, 14, 7, 14, 14, 10, 25, 0, 0, 0, 0, 0, 29]","""[0, 5, 11, 7, 7, 8, 3, 11, 7, 5, 4, 69, 24, 57, 49, 81, 0]"""
j10,2,proactive_quantile_0.9,60,True,38,0.05048561096191406,0.0007469654083251953,"[0, 0, 0, 0, 10, 18, 10, 18, 18, 18, 28, 0, 0, 0, 0, 0, 80]","""[0, 4, 8, 5, 1, 3, 4, 6, 3, 2, 7, 69, 24, 57, 49, 81, 0]"""
j10,2,reactive,60,True,35,0.05048561096191406,0.1272144317626953,"[0, 0, 0, 0, 10, 18, 10, 18, 18, 18, 28, 0, 0, 0, 0, 0, 35]","[0, 4, 8, 5, 1, 3, 4, 6, 3, 2, 7, 69, 24, 57, 49, 81, 0]"
j10,2,stnu,60,True,22,0.5979211330413818,0.008281946182250977,"[0, 0, 0, 0, 5, 8, 5, 9, 9, 9, 15, 0, 0, 0, 0, 0, 22]","""[0, 4, 8, 5, 1, 3, 4, 6, 3, 2, 7, 69, 24, 57, 49, 81, 0]"""
j10,2,proactive_quantile_0.9,60,True,38,0.05616021156311035,0.0007164478302001953,"[0, 0, 0, 0, 10, 18, 10, 18, 18, 18, 28, 0, 0, 0, 0, 0, 80]","""[0, 3, 7, 12, 7, 6, 7, 4, 7, 12, 5, 69, 24, 57, 49, 81, 0]"""
j10,2,reactive,60,False,inf,inf,inf,null,"[0, 3, 7, 12, 7, 6, 7, 4, 7, 12, 5, 69, 24, 57, 49, 81, 0]"
j10,2,stnu,60,True,31,0.5755162239074707,0.008230209350585938,"[0, 0, 0, 0, 12, 19, 12, 19, 19, 19, 25, 0, 0, 0, 0, 0, 31]","""[0, 3, 7, 12, 7, 6, 7, 4, 7, 12, 5, 69, 24, 57, 49, 81, 0]"""
j10,2,proactive_quantile_0.9,60,True,17,0.04966282844543457,0.000232696533203125,"[0, 5, 0, 0, 5, 7, 10, 7, 13, 10, 10, 0, 32]","""[0, 1, 1, 6, 3, 1, 3, 3, 4, 1, 2, 33, 0]"""
j10,2,reactive,60,False,inf,inf,inf,null,"[0, 1, 1, 6, 3, 1, 3, 3, 4, 1, 2, 33, 0]"
j10,2,stnu,60,True,17,0.5968203544616699,0.005036354064941406,"[0, 6, 0, 0, 6, 9, 10, 9, 13, 12, 12, 0, 17]","""[0, 1, 1, 6, 3, 1, 3, 3, 4, 1, 2, 33, 0]"""
j10,2,proactive_quantile_0.9,60,False,inf,0.0488123893737793,inf,"[0, 5, 0, 0, 5, 7, 10, 7, 13, 10, 10, 0, 32]","""[0, 1, 3, 1, 2, 4, 3, 1, 3, 3, 8, 33, 0]"""
j10,2,reactive,60,False,inf,inf,inf,null,"[0, 1, 3, 1, 2, 4, 3, 1, 3, 3, 8, 33, 0]"
j10,2,stnu,60,True,14,0.6468350887298584,0.005193471908569336,"[0, 0, 0, 3, 3, 5, 6, 5, 13, 6, 5, 0, 14]","""[0, 1, 3, 1, 2, 1, 3, 1, 1, 3, 8, 33, 0]"""
j10,2,proactive_quantile_0.9,60,True,17,0.035483360290527344,0.00021719932556152344,"[0, 5, 0, 0, 5, 7, 10, 7, 13, 10, 10, 0, 32]","""[0, 1, 3, 6, 1, 3, 2, 2, 1, 1, 8, 33, 0]"""
j10,2,reactive,60,True,18,0.035483360290527344,0.09187912940979004,"[0, 5, 0, 0, 5, 7, 10, 7, 13, 10, 10, 0, 18]","[0, 1, 3, 6, 1, 3, 2, 2, 1, 1, 8, 33, 0]"
j10,2,stnu,60,True,25,0.5514097213745117,0.005187273025512695,"[0, 3, 0, 0, 3, 12, 14, 12, 24, 24, 12, 0, 25]","""[0, 3, 3, 9, 9, 2, 3, 6, 1, 1, 12, 33, 0]"""
j10,2,proactive_quantile_0.9,60,True,17,0.058425188064575195,0.00024199485778808594,"[0, 5, 0, 0, 5, 7, 10, 7, 13, 10, 10, 0, 32]","""[0, 3, 5, 3, 2, 3, 4, 3, 3, 4, 8, 33, 0]"""
j10,2,reactive,60,False,inf,inf,inf,null,"[0, 3, 5, 3, 2, 3, 4, 3, 3, 4, 8, 33, 0]"
j10,2,stnu,60,True,18,0.571995735168457,0.0050048828125,"[0, 5, 0, 0, 5, 7, 10, 7, 14, 10, 10, 0, 18]","""[0, 3, 5, 3, 2, 3, 4, 3, 3, 4, 8, 33, 0]"""
j10,2,proactive_quantile_0.9,60,False,inf,0.03447437286376953,inf,"[0, 5, 0, 0, 5, 7, 10, 7, 13, 10, 10, 0, 32]","""[0, 2, 6, 6, 3, 3, 4, 3, 1, 2, 6, 33, 0]"""
j10,2,reactive,60,False,inf,inf,inf,null,"[0, 2, 6, 6, 3, 3, 4, 3, 1, 2, 6, 33, 0]"
j10,2,stnu,60,True,18,0.6411750316619873,0.0050008296966552734,"[0, 6, 0, 0, 6, 9, 12, 9, 16, 12, 12, 0, 18]","""[0, 2, 6, 6, 3, 3, 4, 3, 1, 2, 6, 33, 0]"""
j10,2,proactive_quantile_0.9,60,True,17,0.06165027618408203,0.00018358230590820312,"[0, 5, 0, 0, 5, 7, 10, 7, 13, 10, 10, 0, 32]","""[0, 5, 1, 2, 1, 1, 2, 2, 1, 2, 1, 33, 0]"""
j10,2,reactive,60,True,13,0.06165027618408203,0.10494279861450195,"[0, 5, 0, 0, 5, 7, 10, 7, 12, 10, 10, 0, 13]","[0, 5, 1, 2, 1, 1, 2, 2, 1, 2, 1, 33, 0]"
j10,2,stnu,60,True,12,0.6409547328948975,0.00528407096862793,"[0, 0, 0, 1, 1, 5, 9, 5, 11, 9, 5, 0, 12]","""[0, 5, 1, 2, 1, 4, 2, 2, 1, 2, 1, 33, 0]"""
j10,2,proactive_quantile_0.9,60,False,inf,0.058115243911743164,inf,"[0, 5, 0, 0, 5, 7, 10, 7, 13, 10, 10, 0, 32]","""[0, 2, 3, 6, 2, 4, 1, 1, 4, 3, 8, 33, 0]"""
j10,2,reactive,60,False,inf,inf,inf,null,"[0, 2, 3, 6, 2, 4, 1, 1, 4, 3, 8, 33, 0]"
j10,2,stnu,60,True,20,0.5735347270965576,0.005082130432128906,"[0, 6, 0, 0, 6, 8, 12, 8, 13, 12, 12, 0, 20]","""[0, 2, 3, 6, 2, 4, 1, 1, 4, 3, 8, 33, 0]"""
j10,2,proactive_quantile_0.9,60,True,17,0.054876089096069336,0.00023746490478515625,"[0, 5, 0, 0, 5, 7, 10, 7, 13, 10, 10, 0, 32]","""[0, 5, 4, 6, 3, 2, 2, 1, 4, 1, 6, 33, 0]"""
j10,2,reactive,60,False,inf,inf,inf,null,"[0, 5, 4, 6, 3, 2, 2, 1, 4, 1, 6, 33, 0]"
j10,2,stnu,60,True,25,0.5716280937194824,0.005274057388305664,"[0, 4, 0, 0, 4, 10, 12, 10, 22, 21, 10, 0, 25]","""[0, 1, 4, 10, 3, 2, 10, 3, 3, 2, 11, 33, 0]"""
j10,2,proactive_quantile_0.9,60,True,17,0.03960585594177246,0.00020933151245117188,"[0, 5, 0, 0, 5, 7, 10, 7, 13, 10, 10, 0, 32]","""[0, 2, 3, 2, 3, 3, 1, 3, 1, 2, 1, 33, 0]"""
j10,2,reactive,60,False,inf,inf,inf,null,"[0, 2, 3, 2, 3, 3, 1, 3, 1, 2, 1, 33, 0]"
j10,2,stnu,60,True,11,0.5554037094116211,0.005031585693359375,"[0, 3, 0, 0, 3, 6, 9, 6, 10, 9, 9, 0, 11]","""[0, 2, 3, 2, 3, 3, 1, 3, 1, 2, 1, 33, 0]"""
j10,2,proactive_quantile_0.9,60,True,17,0.07145357131958008,0.00020551681518554688,"[0, 5, 0, 0, 5, 7, 10, 7, 13, 10, 10, 0, 32]","""[0, 4, 2, 5, 1, 3, 2, 3, 4, 4, 1, 33, 0]"""
j10,2,reactive,60,True,17,0.07145357131958008,0.08057999610900879,"[0, 5, 0, 0, 5, 7, 10, 7, 13, 10, 10, 0, 17]","[0, 4, 2, 5, 1, 3, 2, 3, 4, 4, 1, 33, 0]"
j10,2,stnu,60,True,15,0.6283814907073975,0.005041599273681641,"[0, 5, 0, 0, 5, 6, 9, 6, 11, 9, 9, 0, 15]","""[0, 4, 2, 5, 1, 3, 2, 3, 4, 4, 1, 33, 0]"""
j10,2,proactive_quantile_0.9,60,False,inf,0.03338956832885742,inf,"[0, 0, 0, 0, 3, 3, 8, 10, 13, 8, 17, 0, 0, 0, 0, 0, 0, 0, 74]","""[0, 4, 2, 4, 5, 3, 4, 5, 10, 3, 1, 49, 31, 31, 75, 72, 52, 34, 0]"""
j10,2,reactive,60,False,inf,inf,inf,null,"[0, 4, 2, 4, 5, 3, 4, 5, 10, 3, 1, 49, 31, 31, 75, 72, 52, 34, 0]"
j10,2,stnu,60,False,inf,0.5962724685668945,inf,[],"""[0, 5, 5, 2, 11, 8, 6, 5, 5, 3, 6, 49, 31, 31, 75, 72, 52, 34, 0]"""
j10,2,proactive_quantile_0.9,60,False,inf,0.12921571731567383,inf,"[0, 0, 0, 0, 3, 3, 8, 10, 13, 8, 20, 0, 0, 0, 0, 0, 0, 0, 74]","""[0, 1, 4, 4, 3, 1, 2, 5, 9, 5, 3, 49, 31, 31, 75, 72, 52, 34, 0]"""
j10,2,reactive,60,False,inf,inf,inf,null,"[0, 1, 4, 4, 3, 1, 2, 5, 9, 5, 3, 49, 31, 31, 75, 72, 52, 34, 0]"
j10,2,stnu,60,True,21,0.5786385536193848,0.010653972625732422,"[0, 0, 0, 0, 4, 4, 7, 7, 12, 7, 15, 0, 0, 0, 0, 0, 0, 0, 21]","""[0, 1, 4, 4, 3, 1, 2, 8, 9, 5, 2, 49, 31, 31, 75, 72, 52, 34, 0]"""
j10,2,proactive_quantile_0.9,60,True,35,0.05074000358581543,0.0009157657623291016,"[0, 0, 0, 0, 5, 5, 15, 16, 22, 15, 26, 0, 0, 0, 0, 0, 0, 0, 74]","""[0, 2, 1, 7, 8, 6, 6, 11, 12, 7, 3, 49, 31, 31, 75, 72, 52, 34, 0]"""
j10,2,reactive,60,False,inf,inf,inf,null,"[0, 2, 1, 7, 8, 6, 6, 11, 12, 7, 3, 49, 31, 31, 75, 72, 52, 34, 0]"
j10,2,stnu,60,True,23,0.666419506072998,0.01070094108581543,"[0, 0, 0, 0, 3, 3, 7, 9, 13, 7, 20, 0, 0, 0, 0, 0, 0, 0, 23]","""[0, 3, 1, 2, 4, 6, 6, 11, 2, 2, 3, 49, 31, 31, 75, 72, 52, 34, 0]"""
j10,2,proactive_quantile_0.9,60,True,24,0.034264326095581055,0.0008637905120849609,"[0, 0, 0, 0, 3, 3, 8, 10, 13, 8, 17, 0, 0, 0, 0, 0, 0, 0, 74]","""[0, 2, 4, 3, 6, 4, 2, 6, 4, 6, 4, 49, 31, 31, 75, 72, 52, 34, 0]"""
j10,2,reactive,60,False,inf,inf,inf,null,"[0, 2, 4, 3, 6, 4, 2, 6, 4, 6, 4, 49, 31, 31, 75, 72, 52, 34, 0]"
j10,2,stnu,60,False,inf,0.5544188022613525,inf,[],"""[0, 1, 4, 2, 7, 11, 6, 5, 13, 7, 1, 49, 31, 31, 75, 72, 52, 34, 0]"""
j10,2,proactive_quantile_0.9,60,True,35,0.05307579040527344,0.0009107589721679688,"[0, 0, 0, 0, 5, 5, 15, 16, 22, 15, 26, 0, 0, 0, 0, 0, 0, 0, 74]","""[0, 5, 5, 7, 8, 6, 7, 1, 13, 7, 3, 49, 31, 31, 75, 72, 52, 34, 0]"""
j10,2,reactive,60,True,35,0.05307579040527344,0.13338804244995117,"[0, 0, 0, 0, 5, 5, 15, 16, 22, 15, 26, 0, 0, 0, 0, 0, 0, 0, 35]","[0, 5, 5, 7, 8, 6, 7, 1, 13, 7, 3, 49, 31, 31, 75, 72, 52, 34, 0]"
j10,2,stnu,60,False,inf,0.6164231300354004,inf,[],"""[0, 5, 5, 7, 8, 6, 7, 1, 13, 7, 3, 49, 31, 31, 75, 72, 52, 34, 0]"""
j10,2,proactive_quantile_0.9,60,True,35,0.0604095458984375,0.0008375644683837891,"[0, 0, 0, 0, 5, 5, 15, 16, 22, 15, 26, 0, 0, 0, 0, 0, 0, 0, 74]","""[0, 4, 4, 6, 5, 6, 1, 1, 8, 8, 2, 49, 31, 31, 75, 72, 52, 34, 0]"""
j10,2,reactive,60,True,30,0.0604095458984375,0.16456222534179688,"[0, 0, 0, 0, 5, 5, 15, 16, 22, 15, 26, 0, 0, 0, 0, 0, 0, 0, 30]","[0, 4, 4, 6, 5, 6, 1, 1, 8, 8, 2, 49, 31, 31, 75, 72, 52, 34, 0]"
j10,2,stnu,60,True,26,0.6669235229492188,0.010603904724121094,"[0, 0, 0, 0, 4, 4, 10, 10, 13, 10, 13, 0, 0, 0, 0, 0, 0, 0, 26]","""[0, 3, 3, 4, 6, 2, 1, 1, 13, 3, 2, 49, 31, 31, 75, 72, 52, 34, 0]"""
j10,2,proactive_quantile_0.9,60,True,25,0.08826184272766113,0.0008499622344970703,"[0, 0, 0, 0, 3, 3, 8, 10, 13, 8, 20, 0, 0, 0, 0, 0, 0, 0, 74]","""[0, 3, 4, 3, 6, 4, 3, 9, 6, 6, 5, 49, 31, 31, 75, 72, 52, 34, 0]"""
j10,2,reactive,60,False,inf,inf,inf,null,"[0, 3, 4, 3, 6, 4, 3, 9, 6, 6, 5, 49, 31, 31, 75, 72, 52, 34, 0]"
j10,2,stnu,60,False,inf,0.543593168258667,inf,[],"""[0, 2, 6, 2, 7, 5, 8, 9, 8, 5, 5, 49, 31, 31, 75, 72, 52, 34, 0]"""
j10,2,proactive_quantile_0.9,60,True,35,0.04734206199645996,0.0009393692016601562,"[0, 0, 0, 0, 5, 5, 15, 16, 22, 15, 26, 0, 0, 0, 0, 0, 0, 0, 74]","""[0, 5, 3, 12, 12, 11, 3, 12, 14, 2, 1, 49, 31, 31, 75, 72, 52, 34, 0]"""
j10,2,reactive,60,False,inf,inf,inf,null,"[0, 5, 3, 12, 12, 11, 3, 12, 14, 2, 1, 49, 31, 31, 75, 72, 52, 34, 0]"
j10,2,stnu,60,True,19,0.6836447715759277,0.010896444320678711,"[0, 0, 0, 0, 4, 4, 5, 10, 11, 5, 17, 0, 0, 0, 0, 0, 0, 0, 19]","""[0, 1, 4, 3, 1, 6, 1, 7, 4, 6, 2, 49, 31, 31, 75, 72, 52, 34, 0]"""
j10,2,proactive_quantile_0.9,60,True,35,0.0498502254486084,0.0008356571197509766,"[0, 0, 0, 0, 5, 5, 15, 16, 22, 15, 26, 0, 0, 0, 0, 0, 0, 0, 74]","""[0, 1, 3, 3, 1, 4, 7, 4, 14, 2, 4, 49, 31, 31, 75, 72, 52, 34, 0]"""
j10,2,reactive,60,True,36,0.0498502254486084,0.17314362525939941,"[0, 0, 0, 0, 5, 5, 15, 16, 22, 15, 26, 0, 0, 0, 0, 0, 0, 0, 36]","[0, 1, 3, 3, 1, 4, 7, 4, 14, 2, 4, 49, 31, 31, 75, 72, 52, 34, 0]"
j10,2,stnu,60,False,inf,0.5523731708526611,inf,[],"""[0, 1, 3, 3, 1, 4, 7, 4, 14, 2, 4, 49, 31, 31, 75, 72, 52, 34, 0]"""
j10,2,proactive_quantile_0.9,60,True,25,0.13326382637023926,0.0008368492126464844,"[0, 0, 0, 0, 3, 3, 8, 10, 13, 8, 20, 0, 0, 0, 0, 0, 0, 0, 74]","""[0, 1, 3, 2, 1, 4, 2, 7, 7, 4, 3, 49, 31, 31, 75, 72, 52, 34, 0]"""
j10,2,reactive,60,True,23,0.13326382637023926,0.16356778144836426,"[0, 0, 0, 0, 3, 3, 8, 10, 13, 8, 20, 0, 0, 0, 0, 0, 0, 0, 23]","[0, 1, 3, 2, 1, 4, 2, 7, 7, 4, 3, 49, 31, 31, 75, 72, 52, 34, 0]"
j10,2,stnu,60,False,inf,0.5517799854278564,inf,[],"""[0, 1, 5, 7, 1, 13, 1, 7, 8, 3, 3, 49, 31, 31, 75, 72, 52, 34, 0]"""
j10,2,proactive_quantile_0.9,60,True,37,0.05659174919128418,0.0007421970367431641,"[0, 0, 0, 4, 2, 2, 15, 4, 28, 26, 18, 0, 0, 0, 0, 0, 0, 73]","""[0, 2, 1, 1, 2, 13, 8, 7, 4, 11, 1, 22, 17, 49, 74, 73, 30, 0]"""
j10,2,reactive,60,True,37,0.05659174919128418,0.1286320686340332,"[0, 0, 0, 4, 2, 2, 15, 4, 28, 26, 18, 0, 0, 0, 0, 0, 0, 37]","[0, 2, 1, 1, 2, 13, 8, 7, 4, 11, 1, 22, 17, 49, 74, 73, 30, 0]"
j10,2,stnu,60,False,inf,0.5712080001831055,inf,[],"""[0, 2, 1, 11, 1, 11, 8, 9, 4, 11, 5, 22, 17, 49, 74, 73, 30, 0]"""
j10,2,proactive_quantile_0.9,60,False,inf,0.0508120059967041,inf,"[0, 0, 0, 4, 2, 2, 15, 4, 28, 20, 18, 0, 0, 0, 0, 0, 0, 73]","""[0, 2, 3, 6, 3, 12, 1, 16, 4, 9, 10, 22, 17, 49, 74, 73, 30, 0]"""
j10,2,reactive,60,False,inf,inf,inf,null,"[0, 2, 3, 6, 3, 12, 1, 16, 4, 9, 10, 22, 17, 49, 74, 73, 30, 0]"
j10,2,stnu,60,False,inf,0.6600408554077148,inf,[],"""[0, 2, 3, 6, 3, 12, 1, 16, 4, 9, 10, 22, 17, 49, 74, 73, 30, 0]"""
j10,2,proactive_quantile_0.9,60,False,inf,0.05646181106567383,inf,"[0, 0, 0, 4, 2, 2, 15, 4, 28, 20, 18, 0, 0, 0, 0, 0, 0, 73]","""[0, 1, 3, 6, 3, 3, 5, 12, 4, 7, 10, 22, 17, 49, 74, 73, 30, 0]"""
j10,2,reactive,60,False,inf,inf,inf,null,"[0, 1, 3, 6, 3, 3, 5, 12, 4, 7, 10, 22, 17, 49, 74, 73, 30, 0]"
j10,2,stnu,60,False,inf,0.5611865520477295,inf,[],"""[0, 1, 3, 6, 3, 3, 5, 12, 4, 7, 10, 22, 17, 49, 74, 73, 30, 0]"""
j10,2,proactive_quantile_0.9,60,False,inf,0.083648681640625,inf,"[0, 0, 0, 4, 2, 2, 15, 4, 28, 20, 18, 0, 0, 0, 0, 0, 0, 73]","""[0, 3, 2, 3, 2, 7, 6, 5, 1, 4, 6, 22, 17, 49, 74, 73, 30, 0]"""
j10,2,reactive,60,False,inf,inf,inf,null,"[0, 3, 2, 3, 2, 7, 6, 5, 1, 4, 6, 22, 17, 49, 74, 73, 30, 0]"
j10,2,stnu,60,False,inf,0.6787011623382568,inf,[],"""[0, 3, 2, 3, 2, 7, 6, 5, 1, 4, 6, 22, 17, 49, 74, 73, 30, 0]"""
j10,2,proactive_quantile_0.9,60,False,inf,0.17159557342529297,inf,"[0, 0, 0, 4, 2, 2, 15, 4, 28, 20, 18, 0, 0, 0, 0, 0, 0, 73]","""[0, 1, 3, 1, 3, 9, 4, 13, 5, 1, 5, 22, 17, 49, 74, 73, 30, 0]"""
j10,2,reactive,60,False,inf,inf,inf,null,"[0, 1, 3, 1, 3, 9, 4, 13, 5, 1, 5, 22, 17, 49, 74, 73, 30, 0]"
j10,2,stnu,60,False,inf,0.5858542919158936,inf,[],"""[0, 1, 3, 1, 3, 9, 4, 13, 5, 1, 5, 22, 17, 49, 74, 73, 30, 0]"""
j10,2,proactive_quantile_0.9,60,True,33,0.10986948013305664,0.0007061958312988281,"[0, 0, 0, 4, 2, 2, 15, 4, 28, 20, 18, 0, 0, 0, 0, 0, 0, 73]","""[0, 2, 4, 2, 1, 15, 1, 9, 5, 7, 5, 22, 17, 49, 74, 73, 30, 0]"""
j10,2,reactive,60,False,inf,inf,inf,null,"[0, 2, 4, 2, 1, 15, 1, 9, 5, 7, 5, 22, 17, 49, 74, 73, 30, 0]"
j10,2,stnu,60,False,inf,0.5657005310058594,inf,[],"""[0, 2, 4, 2, 1, 15, 1, 9, 5, 7, 5, 22, 17, 49, 74, 73, 30, 0]"""
j10,2,proactive_quantile_0.9,60,True,33,0.05170774459838867,0.0007023811340332031,"[0, 0, 0, 4, 2, 2, 15, 4, 28, 20, 18, 0, 0, 0, 0, 0, 0, 73]","""[0, 2, 2, 1, 1, 6, 3, 16, 1, 4, 2, 22, 17, 49, 74, 73, 30, 0]"""
j10,2,reactive,60,False,inf,inf,inf,null,"[0, 2, 2, 1, 1, 6, 3, 16, 1, 4, 2, 22, 17, 49, 74, 73, 30, 0]"
j10,2,stnu,60,False,inf,0.5733776092529297,inf,[],"""[0, 2, 2, 1, 1, 6, 3, 16, 1, 4, 2, 22, 17, 49, 74, 73, 30, 0]"""
j10,2,proactive_quantile_0.9,60,False,inf,0.17800641059875488,inf,"[0, 0, 0, 4, 2, 2, 15, 4, 28, 20, 18, 0, 0, 0, 0, 0, 0, 73]","""[0, 1, 2, 3, 3, 11, 4, 14, 6, 9, 5, 22, 17, 49, 74, 73, 30, 0]"""
j10,2,reactive,60,False,inf,inf,inf,null,"[0, 1, 2, 3, 3, 11, 4, 14, 6, 9, 5, 22, 17, 49, 74, 73, 30, 0]"
j10,2,stnu,60,False,inf,0.6040537357330322,inf,[],"""[0, 1, 2, 3, 3, 11, 4, 14, 6, 9, 5, 22, 17, 49, 74, 73, 30, 0]"""
j10,2,proactive_quantile_0.9,60,False,inf,0.18039965629577637,inf,"[0, 0, 0, 4, 2, 2, 15, 4, 28, 20, 18, 0, 0, 0, 0, 0, 0, 73]","""[0, 3, 3, 3, 2, 11, 2, 4, 1, 5, 12, 22, 17, 49, 74, 73, 30, 0]"""
j10,2,reactive,60,False,inf,inf,inf,null,"[0, 3, 3, 3, 2, 11, 2, 4, 1, 5, 12, 22, 17, 49, 74, 73, 30, 0]"
j10,2,stnu,60,False,inf,0.7089388370513916,inf,[],"""[0, 3, 3, 3, 2, 11, 2, 4, 1, 5, 12, 22, 17, 49, 74, 73, 30, 0]"""
j10,2,proactive_quantile_0.9,60,True,33,0.1635127067565918,0.0007216930389404297,"[0, 0, 0, 4, 2, 2, 15, 4, 28, 20, 18, 0, 0, 0, 0, 0, 0, 73]","""[0, 2, 3, 2, 1, 11, 1, 9, 3, 8, 2, 22, 17, 49, 74, 73, 30, 0]"""
j10,2,reactive,60,True,31,0.1635127067565918,0.14281535148620605,"[0, 0, 0, 4, 2, 2, 15, 4, 28, 20, 18, 0, 0, 0, 0, 0, 0, 31]","[0, 2, 3, 2, 1, 11, 1, 9, 3, 8, 2, 22, 17, 49, 74, 73, 30, 0]"
j10,2,stnu,60,False,inf,0.5939671993255615,inf,[],"""[0, 2, 3, 11, 3, 2, 7, 12, 3, 2, 3, 22, 17, 49, 74, 73, 30, 0]"""
j10,2,proactive_quantile_0.9,60,True,36,0.15447497367858887,0.001398324966430664,"[0, 0, 0, 0, 7, 7, 24, 29, 21, 8, 34, 0, 0, 0, 0, 0, 0, 0, 0, 0, 0, 88]","""[0, 3, 5, 1, 2, 14, 2, 3, 12, 8, 3, 63, 54, 45, 84, 79, 46, 83, 87, 89, 48, 0]"""
j10,2,reactive,60,True,37,0.15447497367858887,0.18248796463012695,"[0, 0, 0, 0, 7, 7, 24, 29, 21, 8, 34, 0, 0, 0, 0, 0, 0, 0, 0, 0, 0, 37]","[0, 3, 5, 1, 2, 14, 2, 3, 12, 8, 3, 63, 54, 45, 84, 79, 46, 83, 87, 89, 48, 0]"
j10,2,stnu,60,True,25,0.6503729820251465,0.014687776565551758,"[0, 0, 0, 0, 6, 5, 18, 19, 18, 5, 22, 0, 0, 0, 0, 0, 0, 0, 0, 0, 0, 25]","""[0, 3, 5, 1, 2, 13, 1, 3, 3, 1, 3, 63, 54, 45, 84, 79, 46, 83, 87, 89, 48, 0]"""
j10,2,proactive_quantile_0.9,60,True,36,0.16671204566955566,0.0014526844024658203,"[0, 0, 0, 0, 7, 7, 24, 29, 21, 8, 34, 0, 0, 0, 0, 0, 0, 0, 0, 0, 0, 88]","""[0, 2, 4, 9, 4, 14, 3, 4, 4, 7, 2, 63, 54, 45, 84, 79, 46, 83, 87, 89, 48, 0]"""
j10,2,reactive,60,False,inf,inf,inf,null,"[0, 2, 4, 9, 4, 14, 3, 4, 4, 7, 2, 63, 54, 45, 84, 79, 46, 83, 87, 89, 48, 0]"
j10,2,stnu,60,True,26,0.6473798751831055,0.014570236206054688,"[0, 0, 0, 0, 13, 4, 17, 20, 17, 9, 24, 0, 0, 0, 0, 0, 0, 0, 0, 0, 0, 26]","""[0, 2, 4, 9, 4, 13, 3, 4, 2, 4, 2, 63, 54, 45, 84, 79, 46, 83, 87, 89, 48, 0]"""
j10,2,proactive_quantile_0.9,60,True,36,0.1659226417541504,0.0013861656188964844,"[0, 0, 0, 0, 7, 7, 24, 29, 21, 8, 34, 0, 0, 0, 0, 0, 0, 0, 0, 0, 0, 88]","""[0, 1, 3, 5, 3, 9, 1, 2, 10, 14, 2, 63, 54, 45, 84, 79, 46, 83, 87, 89, 48, 0]"""
j10,2,reactive,60,True,36,0.1659226417541504,0.1699376106262207,"[0, 0, 0, 0, 7, 7, 24, 29, 21, 8, 34, 0, 0, 0, 0, 0, 0, 0, 0, 0, 0, 36]","[0, 1, 3, 5, 3, 9, 1, 2, 10, 14, 2, 63, 54, 45, 84, 79, 46, 83, 87, 89, 48, 0]"
j10,2,stnu,60,True,24,0.8402292728424072,0.014547109603881836,"[0, 0, 0, 0, 3, 3, 19, 20, 12, 5, 22, 0, 0, 0, 0, 0, 0, 0, 0, 0, 0, 24]","""[0, 1, 3, 5, 3, 9, 1, 2, 10, 14, 2, 63, 54, 45, 84, 79, 46, 83, 87, 89, 48, 0]"""
j10,2,proactive_quantile_0.9,60,True,36,0.16223478317260742,0.0014467239379882812,"[0, 0, 0, 0, 7, 7, 24, 29, 21, 8, 34, 0, 0, 0, 0, 0, 0, 0, 0, 0, 0, 88]","""[0, 2, 6, 8, 1, 16, 4, 4, 5, 6, 1, 63, 54, 45, 84, 79, 46, 83, 87, 89, 48, 0]"""
j10,2,reactive,60,False,inf,inf,inf,null,"[0, 2, 6, 8, 1, 16, 4, 4, 5, 6, 1, 63, 54, 45, 84, 79, 46, 83, 87, 89, 48, 0]"
j10,2,stnu,60,True,19,0.6275720596313477,0.014714717864990234,"[0, 0, 0, 0, 11, 6, 13, 14, 13, 8, 18, 0, 0, 0, 0, 0, 0, 0, 0, 0, 0, 19]","""[0, 2, 6, 8, 1, 7, 1, 4, 3, 3, 1, 63, 54, 45, 84, 79, 46, 83, 87, 89, 48, 0]"""
j10,2,proactive_quantile_0.9,60,False,inf,0.07576847076416016,inf,"[0, 0, 0, 0, 13, 7, 18, 20, 18, 8, 25, 0, 0, 0, 0, 0, 0, 0, 0, 0, 0, 88]","""[0, 1, 3, 4, 4, 6, 1, 6, 3, 3, 2, 63, 54, 45, 84, 79, 46, 83, 87, 89, 48, 0]"""
j10,2,reactive,60,False,inf,inf,inf,null,"[0, 1, 3, 4, 4, 6, 1, 6, 3, 3, 2, 63, 54, 45, 84, 79, 46, 83, 87, 89, 48, 0]"
j10,2,stnu,60,True,20,0.6696791648864746,0.014632940292358398,"[0, 0, 0, 0, 7, 3, 11, 12, 11, 4, 18, 0, 0, 0, 0, 0, 0, 0, 0, 0, 0, 20]","""[0, 1, 3, 4, 4, 6, 1, 6, 3, 3, 2, 63, 54, 45, 84, 79, 46, 83, 87, 89, 48, 0]"""
j10,2,proactive_quantile_0.9,60,True,36,0.16857171058654785,0.0013592243194580078,"[0, 0, 0, 0, 7, 7, 24, 29, 21, 8, 34, 0, 0, 0, 0, 0, 0, 0, 0, 0, 0, 88]","""[0, 2, 2, 7, 3, 8, 4, 5, 5, 12, 3, 63, 54, 45, 84, 79, 46, 83, 87, 89, 48, 0]"""
j10,2,reactive,60,True,37,0.16857171058654785,0.1650378704071045,"[0, 0, 0, 0, 7, 7, 24, 29, 21, 8, 34, 0, 0, 0, 0, 0, 0, 0, 0, 0, 0, 37]","[0, 2, 2, 7, 3, 8, 4, 5, 5, 12, 3, 63, 54, 45, 84, 79, 46, 83, 87, 89, 48, 0]"
j10,2,stnu,60,True,23,0.6390056610107422,0.014461040496826172,"[0, 0, 0, 0, 9, 2, 12, 15, 12, 7, 20, 0, 0, 0, 0, 0, 0, 0, 0, 0, 0, 23]","""[0, 2, 2, 7, 3, 7, 3, 5, 1, 2, 3, 63, 54, 45, 84, 79, 46, 83, 87, 89, 48, 0]"""
j10,2,proactive_quantile_0.9,60,False,inf,0.18146085739135742,inf,"[0, 0, 0, 0, 7, 7, 24, 29, 21, 8, 34, 0, 0, 0, 0, 0, 0, 0, 0, 0, 0, 88]","""[0, 3, 2, 4, 3, 4, 1, 6, 9, 15, 2, 63, 54, 45, 84, 79, 46, 83, 87, 89, 48, 0]"""
j10,2,reactive,60,False,inf,inf,inf,null,"[0, 3, 2, 4, 3, 4, 1, 6, 9, 15, 2, 63, 54, 45, 84, 79, 46, 83, 87, 89, 48, 0]"
j10,2,stnu,60,True,20,0.715651273727417,0.014618635177612305,"[0, 0, 0, 0, 7, 3, 10, 12, 10, 4, 18, 0, 0, 0, 0, 0, 0, 0, 0, 0, 0, 20]","""[0, 3, 2, 4, 3, 2, 2, 6, 2, 3, 2, 63, 54, 45, 84, 79, 46, 83, 87, 89, 48, 0]"""
j10,2,proactive_quantile_0.9,60,False,inf,0.16214680671691895,inf,"[0, 0, 0, 0, 7, 7, 18, 32, 18, 8, 45, 0, 0, 0, 0, 0, 0, 0, 0, 0, 0, 88]","""[0, 5, 6, 9, 4, 5, 14, 10, 2, 4, 1, 63, 54, 45, 84, 79, 46, 83, 87, 89, 48, 0]"""
j10,2,reactive,60,False,inf,inf,inf,null,"[0, 5, 6, 9, 4, 5, 14, 10, 2, 4, 1, 63, 54, 45, 84, 79, 46, 83, 87, 89, 48, 0]"
j10,2,stnu,60,True,22,0.6156148910522461,0.014732599258422852,"[0, 0, 0, 0, 12, 6, 16, 17, 16, 9, 21, 0, 0, 0, 0, 0, 0, 0, 0, 0, 0, 22]","""[0, 3, 6, 9, 4, 5, 1, 4, 2, 3, 1, 63, 54, 45, 84, 79, 46, 83, 87, 89, 48, 0]"""
j10,2,proactive_quantile_0.9,60,True,36,0.22545313835144043,0.0014350414276123047,"[0, 0, 0, 0, 7, 7, 24, 29, 21, 8, 34, 0, 0, 0, 0, 0, 0, 0, 0, 0, 0, 88]","""[0, 3, 1, 5, 1, 9, 4, 4, 11, 4, 3, 63, 54, 45, 84, 79, 46, 83, 87, 89, 48, 0]"""
j10,2,reactive,60,True,37,0.22545313835144043,0.21416902542114258,"[0, 0, 0, 0, 7, 7, 24, 29, 21, 8, 34, 0, 0, 0, 0, 0, 0, 0, 0, 0, 0, 37]","[0, 3, 1, 5, 1, 9, 4, 4, 11, 4, 3, 63, 54, 45, 84, 79, 46, 83, 87, 89, 48, 0]"
j10,2,stnu,60,True,23,0.7304978370666504,0.014570474624633789,"[0, 0, 0, 0, 3, 3, 12, 16, 12, 5, 20, 0, 0, 0, 0, 0, 0, 0, 0, 0, 0, 23]","""[0, 3, 1, 5, 1, 9, 4, 4, 11, 4, 3, 63, 54, 45, 84, 79, 46, 83, 87, 89, 48, 0]"""
j10,2,proactive_quantile_0.9,60,False,inf,0.2550814151763916,inf,"[0, 0, 0, 0, 9, 9, 20, 25, 20, 20, 30, 0, 0, 0, 0, 0, 0, 0, 0, 0, 0, 88]","""[0, 5, 6, 3, 3, 9, 3, 6, 1, 10, 3, 63, 54, 45, 84, 79, 46, 83, 87, 89, 48, 0]"""
j10,2,reactive,60,False,inf,inf,inf,null,"[0, 5, 6, 3, 3, 9, 3, 6, 1, 10, 3, 63, 54, 45, 84, 79, 46, 83, 87, 89, 48, 0]"
j10,2,stnu,60,True,25,0.7605452537536621,0.014234066009521484,"[0, 0, 0, 0, 3, 3, 13, 16, 6, 3, 22, 0, 0, 0, 0, 0, 0, 0, 0, 0, 0, 25]","""[0, 3, 2, 3, 3, 3, 3, 6, 5, 10, 3, 63, 54, 45, 84, 79, 46, 83, 87, 89, 48, 0]"""
j10,2,stnu,60,False,inf,0.772050142288208,inf,[],"""[0, 1, 2, 3, 2, 2, 2, 11, 7, 3, 5, 11, 51, 83, 70, 18, 64, 51, 42, 32, 0]"""
j10,2,stnu,60,False,inf,0.8134608268737793,inf,[],"""[0, 3, 3, 2, 6, 4, 4, 8, 5, 2, 4, 11, 51, 83, 70, 18, 64, 51, 42, 32, 0]"""
j10,2,stnu,60,False,inf,0.6806113719940186,inf,[],"""[0, 7, 1, 4, 2, 1, 2, 6, 6, 3, 3, 11, 51, 83, 70, 18, 64, 51, 42, 32, 0]"""
j10,2,stnu,60,False,inf,0.8091609477996826,inf,[],"""[0, 1, 1, 3, 4, 1, 1, 11, 7, 2, 1, 11, 51, 83, 70, 18, 64, 51, 42, 32, 0]"""
j10,2,stnu,60,False,inf,0.8375914096832275,inf,[],"""[0, 7, 1, 1, 7, 3, 2, 4, 4, 3, 1, 11, 51, 83, 70, 18, 64, 51, 42, 32, 0]"""
j10,2,stnu,60,False,inf,0.632779598236084,inf,[],"""[0, 5, 5, 3, 7, 3, 4, 7, 3, 5, 8, 11, 51, 83, 70, 18, 64, 51, 42, 32, 0]"""
j10,2,stnu,60,False,inf,0.7800216674804688,inf,[],"""[0, 2, 2, 4, 2, 2, 2, 4, 7, 1, 3, 11, 51, 83, 70, 18, 64, 51, 42, 32, 0]"""
j10,2,stnu,60,False,inf,0.7765781879425049,inf,[],"""[0, 8, 8, 4, 4, 2, 4, 4, 2, 5, 6, 11, 51, 83, 70, 18, 64, 51, 42, 32, 0]"""
j10,2,stnu,60,False,inf,0.5667264461517334,inf,[],"""[0, 5, 2, 2, 7, 2, 3, 10, 2, 3, 5, 11, 51, 83, 70, 18, 64, 51, 42, 32, 0]"""
j10,2,stnu,60,False,inf,0.6180300712585449,inf,[],"""[0, 6, 4, 1, 4, 2, 1, 8, 1, 6, 6, 11, 51, 83, 70, 18, 64, 51, 42, 32, 0]"""
j10,2,proactive_quantile_0.9,60,True,37,0.06299161911010742,0.0009357929229736328,"[0, 0, 0, 0, 2, 8, 8, 22, 22, 2, 35, 0, 0, 0, 0, 0, 0, 0, 0, 65]","""[0, 2, 2, 8, 6, 2, 14, 10, 5, 5, 3, 54, 36, 66, 65, 55, 56, 20, 43, 0]"""
j10,2,reactive,60,True,38,0.06299161911010742,0.12912583351135254,"[0, 0, 0, 0, 2, 8, 8, 22, 22, 2, 35, 0, 0, 0, 0, 0, 0, 0, 0, 38]","[0, 2, 2, 8, 6, 2, 14, 10, 5, 5, 3, 54, 36, 66, 65, 55, 56, 20, 43, 0]"
j10,2,stnu,60,True,31,0.6275858879089355,0.012056112289428711,"[0, 0, 0, 0, 6, 2, 2, 13, 13, 6, 23, 0, 0, 0, 0, 0, 0, 0, 0, 31]","""[0, 6, 2, 1, 1, 2, 11, 10, 5, 5, 8, 54, 36, 66, 65, 55, 56, 20, 43, 0]"""
j10,2,proactive_quantile_0.9,60,True,36,0.051035165786743164,0.0009829998016357422,"[0, 0, 0, 0, 7, 8, 8, 19, 19, 7, 28, 0, 0, 0, 0, 0, 0, 0, 0, 65]","""[0, 4, 3, 5, 7, 5, 10, 4, 1, 5, 1, 54, 36, 66, 65, 55, 56, 20, 43, 0]"""
j10,2,reactive,60,True,29,0.051035165786743164,0.16193461418151855,"[0, 0, 0, 0, 7, 8, 8, 19, 19, 7, 28, 0, 0, 0, 0, 0, 0, 0, 0, 29]","[0, 4, 3, 5, 7, 5, 10, 4, 1, 5, 1, 54, 36, 66, 65, 55, 56, 20, 43, 0]"
j10,2,stnu,60,True,20,0.6020641326904297,0.011780738830566406,"[0, 0, 0, 0, 4, 5, 5, 15, 15, 4, 19, 0, 0, 0, 0, 0, 0, 0, 0, 20]","""[0, 4, 3, 5, 7, 5, 10, 4, 1, 5, 1, 54, 36, 66, 65, 55, 56, 20, 43, 0]"""
j10,2,proactive_quantile_0.9,60,True,36,0.05022931098937988,0.0009510517120361328,"[0, 0, 0, 0, 7, 8, 8, 19, 19, 7, 28, 0, 0, 0, 0, 0, 0, 0, 0, 65]","""[0, 8, 1, 8, 2, 8, 10, 7, 3, 4, 1, 54, 36, 66, 65, 55, 56, 20, 43, 0]"""
j10,2,reactive,60,False,inf,inf,inf,null,"[0, 8, 1, 8, 2, 8, 10, 7, 3, 4, 1, 54, 36, 66, 65, 55, 56, 20, 43, 0]"
j10,2,stnu,60,True,28,0.6834843158721924,0.011758089065551758,"[0, 0, 0, 0, 1, 5, 1, 13, 13, 1, 27, 0, 0, 0, 0, 0, 0, 0, 0, 28]","""[0, 1, 1, 5, 6, 8, 10, 14, 3, 4, 1, 54, 36, 66, 65, 55, 56, 20, 43, 0]"""
j10,2,proactive_quantile_0.9,60,False,inf,0.05202317237854004,inf,"[0, 0, 0, 0, 7, 8, 8, 19, 19, 7, 28, 0, 0, 0, 0, 0, 0, 0, 0, 65]","""[0, 4, 4, 9, 6, 5, 6, 5, 6, 2, 9, 54, 36, 66, 65, 55, 56, 20, 43, 0]"""
j10,2,reactive,60,False,inf,inf,inf,null,"[0, 4, 4, 9, 6, 5, 6, 5, 6, 2, 9, 54, 36, 66, 65, 55, 56, 20, 43, 0]"
j10,2,stnu,60,True,28,0.6747398376464844,0.011640071868896484,"[0, 0, 0, 0, 3, 5, 4, 10, 10, 3, 25, 0, 0, 0, 0, 0, 0, 0, 0, 28]","""[0, 3, 4, 3, 7, 5, 4, 15, 6, 2, 3, 54, 36, 66, 65, 55, 56, 20, 43, 0]"""
j10,2,proactive_quantile_0.9,60,True,37,0.12521839141845703,0.0009202957153320312,"[0, 0, 0, 0, 2, 8, 8, 22, 22, 2, 35, 0, 0, 0, 0, 0, 0, 0, 0, 65]","""[0, 2, 8, 1, 3, 6, 4, 6, 2, 3, 1, 54, 36, 66, 65, 55, 56, 20, 43, 0]"""
j10,2,reactive,60,True,36,0.12521839141845703,0.14368152618408203,"[0, 0, 0, 0, 2, 8, 8, 22, 22, 2, 35, 0, 0, 0, 0, 0, 0, 0, 0, 36]","[0, 2, 8, 1, 3, 6, 4, 6, 2, 3, 1, 54, 36, 66, 65, 55, 56, 20, 43, 0]"
j10,2,stnu,60,True,34,0.6822445392608643,0.011810779571533203,"[0, 0, 0, 0, 8, 8, 8, 21, 21, 8, 26, 0, 0, 0, 0, 0, 0, 0, 0, 34]","""[0, 8, 8, 1, 5, 6, 13, 5, 2, 3, 8, 54, 36, 66, 65, 55, 56, 20, 43, 0]"""
j10,2,proactive_quantile_0.9,60,True,26,0.04481077194213867,0.0009119510650634766,"[0, 0, 0, 0, 2, 8, 8, 19, 19, 2, 24, 0, 0, 0, 0, 0, 0, 0, 0, 65]","""[0, 3, 2, 4, 8, 2, 7, 3, 2, 1, 2, 54, 36, 66, 65, 55, 56, 20, 43, 0]"""
j10,2,reactive,60,False,inf,inf,inf,null,"[0, 3, 2, 4, 8, 2, 7, 3, 2, 1, 2, 54, 36, 66, 65, 55, 56, 20, 43, 0]"
j10,2,stnu,60,True,21,0.5655176639556885,0.011830568313598633,"[0, 0, 0, 0, 1, 2, 2, 10, 10, 1, 19, 0, 0, 0, 0, 0, 0, 0, 0, 21]","""[0, 1, 2, 1, 3, 8, 7, 9, 1, 4, 2, 54, 36, 66, 65, 55, 56, 20, 43, 0]"""
j10,2,proactive_quantile_0.9,60,False,inf,0.1279315948486328,inf,"[0, 0, 0, 0, 2, 8, 8, 22, 22, 2, 35, 0, 0, 0, 0, 0, 0, 0, 0, 65]","""[0, 3, 3, 5, 4, 8, 3, 7, 3, 4, 2, 54, 36, 66, 65, 55, 56, 20, 43, 0]"""
j10,2,reactive,60,False,inf,inf,inf,null,"[0, 3, 3, 5, 4, 8, 3, 7, 3, 4, 2, 54, 36, 66, 65, 55, 56, 20, 43, 0]"
j10,2,stnu,60,True,24,0.6323225498199463,0.01170492172241211,"[0, 0, 0, 0, 4, 4, 4, 13, 13, 4, 16, 0, 0, 0, 0, 0, 0, 0, 0, 24]","""[0, 4, 3, 4, 8, 8, 9, 3, 3, 4, 8, 54, 36, 66, 65, 55, 56, 20, 43, 0]"""
j10,2,proactive_quantile_0.9,60,True,36,0.06218981742858887,0.0009982585906982422,"[0, 0, 0, 0, 7, 8, 8, 19, 19, 7, 28, 0, 0, 0, 0, 0, 0, 0, 0, 65]","""[0, 2, 8, 4, 7, 5, 3, 5, 4, 5, 6, 54, 36, 66, 65, 55, 56, 20, 43, 0]"""
j10,2,reactive,60,True,34,0.06218981742858887,0.13821125030517578,"[0, 0, 0, 0, 7, 8, 8, 19, 19, 7, 28, 0, 0, 0, 0, 0, 0, 0, 0, 34]","[0, 2, 8, 4, 7, 5, 3, 5, 4, 5, 6, 54, 36, 66, 65, 55, 56, 20, 43, 0]"
j10,2,stnu,60,True,24,0.6156985759735107,0.011783361434936523,"[0, 0, 0, 0, 2, 8, 8, 13, 13, 2, 18, 0, 0, 0, 0, 0, 0, 0, 0, 24]","""[0, 2, 8, 4, 7, 5, 3, 5, 4, 5, 6, 54, 36, 66, 65, 55, 56, 20, 43, 0]"""
j10,2,proactive_quantile_0.9,60,False,inf,0.12378096580505371,inf,"[0, 0, 0, 0, 2, 8, 8, 22, 22, 2, 35, 0, 0, 0, 0, 0, 0, 0, 0, 65]","""[0, 3, 4, 4, 9, 2, 15, 7, 1, 6, 2, 54, 36, 66, 65, 55, 56, 20, 43, 0]"""
j10,2,reactive,60,False,inf,inf,inf,null,"[0, 3, 4, 4, 9, 2, 15, 7, 1, 6, 2, 54, 36, 66, 65, 55, 56, 20, 43, 0]"
j10,2,stnu,60,True,33,0.6343913078308105,0.011812686920166016,"[0, 0, 0, 0, 6, 5, 5, 16, 12, 6, 26, 0, 0, 0, 0, 0, 0, 0, 0, 33]","""[0, 6, 4, 5, 10, 2, 6, 10, 1, 6, 7, 54, 36, 66, 65, 55, 56, 20, 43, 0]"""
j10,2,proactive_quantile_0.9,60,True,36,0.05010724067687988,0.0009253025054931641,"[0, 0, 0, 0, 7, 8, 8, 19, 19, 7, 28, 0, 0, 0, 0, 0, 0, 0, 0, 65]","""[0, 5, 3, 6, 3, 3, 5, 10, 1, 1, 5, 54, 36, 66, 65, 55, 56, 20, 43, 0]"""
j10,2,reactive,60,False,inf,inf,inf,null,"[0, 5, 3, 6, 3, 3, 5, 10, 1, 1, 5, 54, 36, 66, 65, 55, 56, 20, 43, 0]"
j10,2,stnu,60,True,26,0.7973277568817139,0.011746883392333984,"[0, 0, 0, 0, 5, 6, 6, 11, 11, 5, 21, 0, 0, 0, 0, 0, 0, 0, 0, 26]","""[0, 5, 3, 6, 3, 3, 5, 10, 1, 1, 5, 54, 36, 66, 65, 55, 56, 20, 43, 0]"""
j10,2,proactive_quantile_0.9,60,True,23,0.05297493934631348,0.000972747802734375,"[0, 0, 0, 0, 2, 2, 9, 9, 5, 2, 16, 0, 0, 0, 0, 0, 0, 0, 0, 0, 65]","""[0, 1, 3, 2, 1, 7, 3, 7, 4, 14, 7, 17, 32, 17, 59, 41, 56, 54, 66, 60, 0]"""
j10,2,reactive,60,True,23,0.05297493934631348,0.1168065071105957,"[0, 0, 0, 0, 2, 2, 9, 9, 5, 2, 16, 0, 0, 0, 0, 0, 0, 0, 0, 0, 23]","[0, 1, 3, 2, 1, 7, 3, 7, 4, 14, 7, 17, 32, 17, 59, 41, 56, 54, 66, 60, 0]"
j10,2,stnu,60,True,36,0.6182701587677002,0.013428449630737305,"[0, 0, 4, 0, 4, 2, 9, 12, 5, 9, 28, 0, 0, 0, 0, 0, 0, 0, 0, 0, 36]","""[0, 4, 4, 2, 1, 2, 3, 16, 4, 3, 8, 17, 32, 17, 59, 41, 56, 54, 66, 60, 0]"""
j10,2,proactive_quantile_0.9,60,True,51,0.09908938407897949,0.0009503364562988281,"[0, 0, 7, 0, 7, 8, 19, 27, 10, 17, 41, 0, 0, 0, 0, 0, 0, 0, 0, 0, 65]","""[0, 3, 1, 1, 3, 6, 3, 4, 1, 2, 12, 17, 32, 17, 59, 41, 56, 54, 66, 60, 0]"""
j10,2,reactive,60,True,53,0.09908938407897949,0.20107555389404297,"[0, 0, 7, 0, 7, 8, 19, 27, 10, 17, 41, 0, 0, 0, 0, 0, 0, 0, 0, 0, 53]","[0, 3, 1, 1, 3, 6, 3, 4, 1, 2, 12, 17, 32, 17, 59, 41, 56, 54, 66, 60, 0]"
j10,2,stnu,60,True,26,0.6952788829803467,0.013308286666870117,"[0, 0, 3, 0, 3, 1, 7, 10, 6, 7, 14, 0, 0, 0, 0, 0, 0, 0, 0, 0, 26]","""[0, 3, 1, 1, 3, 6, 3, 4, 1, 2, 12, 17, 32, 17, 59, 41, 56, 54, 66, 60, 0]"""
j10,2,proactive_quantile_0.9,60,True,23,0.07963228225708008,0.0009443759918212891,"[0, 0, 0, 0, 2, 2, 9, 9, 5, 2, 16, 0, 0, 0, 0, 0, 0, 0, 0, 0, 65]","""[0, 3, 2, 2, 2, 3, 2, 6, 6, 9, 3, 17, 32, 17, 59, 41, 56, 54, 66, 60, 0]"""
j10,2,reactive,60,False,inf,inf,inf,null,"[0, 3, 2, 2, 2, 3, 2, 6, 6, 9, 3, 17, 32, 17, 59, 41, 56, 54, 66, 60, 0]"
j10,2,stnu,60,True,15,0.6177268028259277,0.012830495834350586,"[0, 0, 0, 0, 3, 3, 6, 6, 5, 2, 12, 0, 0, 0, 0, 0, 0, 0, 0, 0, 15]","""[0, 3, 2, 2, 2, 3, 2, 6, 6, 9, 3, 17, 32, 17, 59, 41, 56, 54, 66, 60, 0]"""
j10,2,proactive_quantile_0.9,60,True,51,0.05495309829711914,0.0009398460388183594,"[0, 0, 7, 0, 7, 8, 19, 27, 10, 17, 41, 0, 0, 0, 0, 0, 0, 0, 0, 0, 65]","""[0, 1, 1, 8, 3, 2, 2, 8, 2, 2, 8, 17, 32, 17, 59, 41, 56, 54, 66, 60, 0]"""
j10,2,reactive,60,True,49,0.05495309829711914,0.1660149097442627,"[0, 0, 7, 0, 7, 8, 19, 27, 10, 17, 41, 0, 0, 0, 0, 0, 0, 0, 0, 0, 49]","[0, 1, 1, 8, 3, 2, 2, 8, 2, 2, 8, 17, 32, 17, 59, 41, 56, 54, 66, 60, 0]"
j10,2,stnu,60,True,28,0.5965442657470703,0.013319969177246094,"[0, 0, 1, 0, 1, 8, 10, 12, 8, 10, 20, 0, 0, 0, 0, 0, 0, 0, 0, 0, 28]","""[0, 1, 1, 8, 3, 2, 2, 8, 2, 2, 8, 17, 32, 17, 59, 41, 56, 54, 66, 60, 0]"""
j10,2,proactive_quantile_0.9,60,True,23,0.06046652793884277,0.0009305477142333984,"[0, 0, 0, 0, 2, 2, 9, 9, 5, 2, 16, 0, 0, 0, 0, 0, 0, 0, 0, 0, 65]","""[0, 3, 2, 1, 4, 4, 3, 2, 6, 11, 1, 17, 32, 17, 59, 41, 56, 54, 66, 60, 0]"""
j10,2,reactive,60,False,inf,inf,inf,null,"[0, 3, 2, 1, 4, 4, 3, 2, 6, 11, 1, 17, 32, 17, 59, 41, 56, 54, 66, 60, 0]"
j10,2,stnu,60,True,14,0.6243345737457275,0.012937545776367188,"[0, 0, 0, 0, 3, 3, 7, 7, 7, 1, 13, 0, 0, 0, 0, 0, 0, 0, 0, 0, 14]","""[0, 3, 2, 1, 4, 4, 3, 2, 6, 11, 1, 17, 32, 17, 59, 41, 56, 54, 66, 60, 0]"""
j10,2,proactive_quantile_0.9,60,True,41,0.10277771949768066,0.0009508132934570312,"[0, 0, 0, 0, 2, 10, 21, 21, 10, 10, 28, 0, 0, 0, 0, 0, 0, 0, 0, 0, 65]","""[0, 2, 5, 9, 1, 5, 1, 2, 2, 8, 10, 17, 32, 17, 59, 41, 56, 54, 66, 60, 0]"""
j10,2,reactive,60,True,38,0.10277771949768066,0.16920709609985352,"[0, 0, 0, 0, 2, 10, 21, 21, 10, 10, 28, 0, 0, 0, 0, 0, 0, 0, 0, 0, 38]","[0, 2, 5, 9, 1, 5, 1, 2, 2, 8, 10, 17, 32, 17, 59, 41, 56, 54, 66, 60, 0]"
j10,2,stnu,60,True,12,0.6912040710449219,0.012684345245361328,"[0, 0, 0, 0, 2, 2, 5, 5, 5, 2, 10, 0, 0, 0, 0, 0, 0, 0, 0, 0, 12]","""[0, 2, 2, 2, 3, 3, 1, 2, 1, 8, 2, 17, 32, 17, 59, 41, 56, 54, 66, 60, 0]"""
j10,2,proactive_quantile_0.9,60,False,inf,0.06595706939697266,inf,"[0, 0, 7, 0, 7, 8, 19, 27, 10, 17, 41, 0, 0, 0, 0, 0, 0, 0, 0, 0, 65]","""[0, 8, 3, 3, 2, 11, 1, 13, 5, 5, 4, 17, 32, 17, 59, 41, 56, 54, 66, 60, 0]"""
j10,2,reactive,60,False,inf,inf,inf,null,"[0, 8, 3, 3, 2, 11, 1, 13, 5, 5, 4, 17, 32, 17, 59, 41, 56, 54, 66, 60, 0]"
j10,2,stnu,60,True,37,0.6929965019226074,0.013486146926879883,"[0, 0, 8, 0, 8, 3, 15, 20, 10, 15, 33, 0, 0, 0, 0, 0, 0, 0, 0, 0, 37]","""[0, 8, 3, 3, 2, 11, 1, 13, 5, 5, 4, 17, 32, 17, 59, 41, 56, 54, 66, 60, 0]"""
j10,2,proactive_quantile_0.9,60,True,23,0.06233644485473633,0.0009508132934570312,"[0, 0, 0, 0, 2, 2, 9, 9, 5, 2, 16, 0, 0, 0, 0, 0, 0, 0, 0, 0, 65]","""[0, 3, 3, 1, 4, 8, 1, 4, 1, 9, 5, 17, 32, 17, 59, 41, 56, 54, 66, 60, 0]"""
j10,2,reactive,60,False,inf,inf,inf,null,"[0, 3, 3, 1, 4, 8, 1, 4, 1, 9, 5, 17, 32, 17, 59, 41, 56, 54, 66, 60, 0]"
j10,2,stnu,60,True,40,0.6077678203582764,0.013316154479980469,"[0, 0, 1, 0, 1, 4, 13, 14, 5, 6, 30, 0, 0, 0, 0, 0, 0, 0, 0, 0, 40]","""[0, 1, 5, 4, 4, 9, 1, 16, 1, 7, 10, 17, 32, 17, 59, 41, 56, 54, 66, 60, 0]"""
j10,2,proactive_quantile_0.9,60,True,23,0.06219768524169922,0.0009260177612304688,"[0, 0, 0, 0, 2, 2, 9, 9, 5, 2, 16, 0, 0, 0, 0, 0, 0, 0, 0, 0, 65]","""[0, 1, 3, 1, 3, 4, 1, 1, 1, 14, 1, 17, 32, 17, 59, 41, 56, 54, 66, 60, 0]"""
j10,2,reactive,60,True,17,0.06219768524169922,0.16156744956970215,"[0, 0, 0, 0, 2, 2, 9, 9, 5, 2, 16, 0, 0, 0, 0, 0, 0, 0, 0, 0, 17]","[0, 1, 3, 1, 3, 4, 1, 1, 1, 14, 1, 17, 32, 17, 59, 41, 56, 54, 66, 60, 0]"
j10,2,stnu,60,True,16,0.5973992347717285,0.012735843658447266,"[0, 0, 0, 0, 1, 1, 5, 5, 4, 1, 15, 0, 0, 0, 0, 0, 0, 0, 0, 0, 16]","""[0, 1, 3, 1, 3, 4, 1, 1, 1, 14, 1, 17, 32, 17, 59, 41, 56, 54, 66, 60, 0]"""
j10,2,proactive_quantile_0.9,60,True,23,0.053392648696899414,0.0009691715240478516,"[0, 0, 0, 0, 2, 2, 9, 9, 5, 2, 16, 0, 0, 0, 0, 0, 0, 0, 0, 0, 65]","""[0, 1, 3, 2, 2, 8, 1, 4, 8, 15, 4, 17, 32, 17, 59, 41, 56, 54, 66, 60, 0]"""
j10,2,reactive,60,False,inf,inf,inf,null,"[0, 1, 3, 2, 2, 8, 1, 4, 8, 15, 4, 17, 32, 17, 59, 41, 56, 54, 66, 60, 0]"
j10,2,stnu,60,True,41,0.5854387283325195,0.01334834098815918,"[0, 0, 1, 0, 1, 2, 15, 22, 3, 11, 33, 0, 0, 0, 0, 0, 0, 0, 0, 0, 41]","""[0, 1, 4, 2, 2, 13, 1, 11, 8, 11, 8, 17, 32, 17, 59, 41, 56, 54, 66, 60, 0]"""
j10,2,proactive_quantile_0.9,60,False,inf,0.04888486862182617,inf,"[0, 0, 7, 0, 9, 28, 9, 36, 19, 17, 45, 0, 0, 70]","""[0, 1, 7, 6, 1, 3, 5, 10, 10, 12, 6, 48, 71, 0]"""
j10,2,reactive,60,False,inf,inf,inf,null,"[0, 1, 7, 6, 1, 3, 5, 10, 10, 12, 6, 48, 71, 0]"
j10,2,stnu,60,True,40,0.6105310916900635,0.0060596466064453125,"[0, 0, 6, 0, 1, 21, 6, 24, 11, 6, 34, 0, 0, 40]","""[0, 1, 7, 6, 1, 3, 5, 10, 10, 12, 6, 48, 71, 0]"""
j10,2,proactive_quantile_0.9,60,True,50,0.04561305046081543,0.00044083595275878906,"[0, 0, 7, 0, 9, 28, 9, 36, 19, 17, 45, 0, 0, 70]","""[0, 6, 8, 3, 5, 4, 7, 4, 3, 8, 5, 48, 71, 0]"""
j10,2,reactive,60,True,50,0.04561305046081543,0.13115501403808594,"[0, 0, 7, 0, 9, 28, 9, 36, 19, 17, 45, 0, 0, 50]","[0, 6, 8, 3, 5, 4, 7, 4, 3, 8, 5, 48, 71, 0]"
j10,2,stnu,60,True,32,0.5518350601196289,0.0060656070709228516,"[0, 0, 3, 0, 6, 19, 6, 23, 13, 11, 27, 0, 0, 32]","""[0, 6, 8, 3, 5, 4, 7, 4, 3, 8, 5, 48, 71, 0]"""
j10,2,proactive_quantile_0.9,60,False,inf,0.06294536590576172,inf,"[0, 0, 7, 0, 9, 28, 9, 36, 19, 17, 45, 0, 0, 70]","""[0, 10, 6, 3, 8, 4, 12, 8, 1, 4, 3, 48, 71, 0]"""
j10,2,reactive,60,False,inf,inf,inf,null,"[0, 10, 6, 3, 8, 4, 12, 8, 1, 4, 3, 48, 71, 0]"
j10,2,stnu,60,True,30,0.7692155838012695,0.0059931278228759766,"[0, 0, 4, 0, 4, 15, 4, 19, 15, 12, 25, 0, 0, 30]","""[0, 4, 11, 4, 8, 4, 10, 6, 9, 4, 5, 48, 71, 0]"""
j10,2,proactive_quantile_0.9,60,True,50,0.04854226112365723,0.000484466552734375,"[0, 0, 7, 0, 9, 28, 9, 36, 19, 17, 45, 0, 0, 70]","""[0, 8, 11, 4, 3, 9, 4, 10, 4, 13, 5, 48, 71, 0]"""
j10,2,reactive,60,False,inf,inf,inf,null,"[0, 8, 11, 4, 3, 9, 4, 10, 4, 13, 5, 48, 71, 0]"
j10,2,stnu,60,True,48,0.6065735816955566,0.0060422420501708984,"[0, 0, 4, 0, 8, 24, 8, 33, 12, 11, 43, 0, 0, 48]","""[0, 8, 11, 4, 3, 9, 4, 10, 4, 13, 5, 48, 71, 0]"""
j10,2,proactive_quantile_0.9,60,False,inf,0.1372206211090088,inf,"[0, 0, 7, 0, 9, 28, 9, 36, 19, 17, 45, 0, 0, 70]","""[0, 6, 14, 1, 1, 2, 11, 5, 5, 12, 5, 48, 71, 0]"""
j10,2,reactive,60,False,inf,inf,inf,null,"[0, 6, 14, 1, 1, 2, 11, 5, 5, 12, 5, 48, 71, 0]"
j10,2,stnu,60,True,34,0.5734734535217285,0.0060863494873046875,"[0, 0, 1, 0, 6, 22, 6, 24, 17, 7, 29, 0, 0, 34]","""[0, 6, 14, 1, 1, 2, 11, 5, 5, 12, 5, 48, 71, 0]"""
j10,2,proactive_quantile_0.9,60,True,50,0.05346369743347168,0.0004534721374511719,"[0, 0, 7, 0, 9, 28, 9, 36, 19, 17, 45, 0, 0, 70]","""[0, 7, 14, 8, 1, 6, 7, 7, 4, 7, 2, 48, 71, 0]"""
j10,2,reactive,60,True,47,0.05346369743347168,0.1432497501373291,"[0, 0, 7, 0, 9, 28, 9, 36, 19, 17, 45, 0, 0, 47]","[0, 7, 14, 8, 1, 6, 7, 7, 4, 7, 2, 48, 71, 0]"
j10,2,stnu,60,True,37,0.5740208625793457,0.005974531173706055,"[0, 0, 8, 0, 7, 22, 8, 28, 15, 8, 35, 0, 0, 37]","""[0, 7, 14, 8, 1, 6, 7, 7, 4, 7, 2, 48, 71, 0]"""
j10,2,proactive_quantile_0.9,60,True,40,0.12435197830200195,0.00042319297790527344,"[0, 0, 3, 0, 7, 20, 7, 28, 17, 15, 33, 0, 0, 70]","""[0, 6, 4, 1, 4, 3, 5, 3, 5, 7, 3, 48, 71, 0]"""
j10,2,reactive,60,True,36,0.12435197830200195,0.14438796043395996,"[0, 0, 3, 0, 7, 20, 7, 28, 17, 15, 33, 0, 0, 36]","[0, 6, 4, 1, 4, 3, 5, 3, 5, 7, 3, 48, 71, 0]"
j10,2,stnu,60,True,23,0.6427454948425293,0.005991935729980469,"[0, 0, 1, 0, 6, 11, 6, 17, 10, 10, 20, 0, 0, 23]","""[0, 6, 4, 1, 4, 3, 5, 3, 5, 7, 3, 48, 71, 0]"""
j10,2,proactive_quantile_0.9,60,True,50,0.0501558780670166,0.0004432201385498047,"[0, 0, 7, 0, 9, 28, 9, 36, 19, 17, 45, 0, 0, 70]","""[0, 5, 6, 2, 2, 1, 1, 7, 8, 12, 5, 48, 71, 0]"""
j10,2,reactive,60,True,50,0.0501558780670166,0.14696526527404785,"[0, 0, 7, 0, 9, 28, 9, 36, 19, 17, 45, 0, 0, 50]","[0, 5, 6, 2, 2, 1, 1, 7, 8, 12, 5, 48, 71, 0]"
j10,2,stnu,60,True,32,0.5805454254150391,0.006131410598754883,"[0, 0, 2, 0, 5, 19, 5, 20, 7, 7, 27, 0, 0, 32]","""[0, 5, 6, 2, 2, 1, 1, 7, 8, 12, 5, 48, 71, 0]"""
j10,2,proactive_quantile_0.9,60,True,50,0.040944814682006836,0.0004067420959472656,"[0, 0, 7, 0, 9, 28, 9, 36, 19, 17, 45, 0, 0, 70]","""[0, 2, 12, 2, 8, 2, 1, 1, 3, 5, 5, 48, 71, 0]"""
j10,2,reactive,60,True,50,0.040944814682006836,0.14516568183898926,"[0, 0, 7, 0, 9, 28, 9, 36, 19, 17, 45, 0, 0, 50]","[0, 2, 12, 2, 8, 2, 1, 1, 3, 5, 5, 48, 71, 0]"
j10,2,stnu,60,True,23,0.5700347423553467,0.006096601486206055,"[0, 0, 2, 0, 2, 15, 2, 17, 10, 10, 18, 0, 0, 23]","""[0, 2, 12, 2, 8, 2, 1, 1, 3, 5, 5, 48, 71, 0]"""
j10,2,proactive_quantile_0.9,60,True,40,0.1431102752685547,0.0004878044128417969,"[0, 0, 3, 0, 7, 20, 7, 28, 17, 15, 33, 0, 0, 70]","""[0, 7, 8, 1, 6, 9, 13, 4, 6, 2, 7, 48, 71, 0]"""
j10,2,reactive,60,False,inf,inf,inf,null,"[0, 7, 8, 1, 6, 9, 13, 4, 6, 2, 7, 48, 71, 0]"
j10,2,stnu,60,True,43,0.6590056419372559,0.006085872650146484,"[0, 0, 5, 0, 5, 21, 5, 30, 13, 11, 38, 0, 0, 43]","""[0, 5, 5, 5, 6, 9, 8, 8, 8, 2, 5, 48, 71, 0]"""
j10,2,proactive_quantile_0.9,60,True,49,0.134918212890625,0.00020360946655273438,"[0, 0, 0, 0, 11, 13, 23, 26, 26, 36, 23, 0, 49]","""[0, 5, 2, 2, 2, 7, 3, 8, 3, 7, 1, 18, 0]"""
j10,2,reactive,60,True,43,0.134918212890625,0.08984017372131348,"[0, 0, 0, 0, 11, 13, 23, 26, 26, 36, 23, 0, 43]","[0, 5, 2, 2, 2, 7, 3, 8, 3, 7, 1, 18, 0]"
j10,2,stnu,60,True,32,0.6255342960357666,0.0053293704986572266,"[0, 0, 0, 0, 5, 7, 14, 17, 17, 25, 14, 0, 32]","""[0, 5, 2, 2, 2, 7, 3, 8, 3, 7, 1, 18, 0]"""
j10,2,proactive_quantile_0.9,60,False,inf,0.12772226333618164,inf,"[0, 0, 0, 0, 11, 13, 23, 26, 26, 36, 23, 0, 49]","""[0, 3, 2, 2, 3, 11, 4, 1, 2, 4, 1, 18, 0]"""
j10,2,reactive,60,False,inf,inf,inf,null,"[0, 3, 2, 2, 3, 11, 4, 1, 2, 4, 1, 18, 0]"
j10,2,stnu,60,True,44,0.6269347667694092,0.005406856536865234,"[0, 0, 0, 0, 12, 15, 26, 30, 30, 32, 26, 0, 44]","""[0, 12, 7, 5, 3, 11, 4, 1, 2, 12, 3, 18, 0]"""
j10,2,proactive_quantile_0.9,60,True,49,0.14961004257202148,0.00024437904357910156,"[0, 0, 0, 0, 11, 13, 23, 26, 26, 36, 23, 0, 49]","""[0, 11, 2, 2, 3, 7, 1, 10, 4, 8, 1, 18, 0]"""
j10,2,reactive,60,False,inf,inf,inf,null,"[0, 11, 2, 2, 3, 7, 1, 10, 4, 8, 1, 18, 0]"
j10,2,stnu,60,True,40,0.5695865154266357,0.005269289016723633,"[0, 0, 0, 0, 11, 14, 21, 22, 22, 32, 21, 0, 40]","""[0, 11, 2, 2, 3, 7, 1, 10, 4, 8, 1, 18, 0]"""
j10,2,proactive_quantile_0.9,60,False,inf,0.12691354751586914,inf,"[0, 0, 0, 0, 11, 13, 23, 26, 26, 36, 23, 0, 49]","""[0, 8, 3, 2, 1, 8, 1, 5, 3, 11, 4, 18, 0]"""
j10,2,reactive,60,False,inf,inf,inf,null,"[0, 8, 3, 2, 1, 8, 1, 5, 3, 11, 4, 18, 0]"
j10,2,stnu,60,True,37,0.7909691333770752,0.0052754878997802734,"[0, 0, 0, 0, 8, 9, 17, 21, 21, 26, 17, 0, 37]","""[0, 8, 3, 2, 1, 8, 1, 5, 3, 11, 4, 18, 0]"""
j10,2,proactive_quantile_0.9,60,False,inf,0.12680387496948242,inf,"[0, 0, 0, 0, 11, 13, 23, 26, 26, 36, 23, 0, 49]","""[0, 5, 3, 1, 3, 1, 4, 1, 6, 6, 3, 18, 0]"""
j10,2,reactive,60,False,inf,inf,inf,null,"[0, 5, 3, 1, 3, 1, 4, 1, 6, 6, 3, 18, 0]"
j10,2,stnu,60,True,35,0.5680108070373535,0.00539851188659668,"[0, 0, 0, 0, 12, 15, 16, 20, 20, 26, 16, 0, 35]","""[0, 12, 3, 1, 3, 1, 4, 1, 6, 9, 2, 18, 0]"""
j10,2,proactive_quantile_0.9,60,True,49,0.1291639804840088,0.0002148151397705078,"[0, 0, 0, 0, 11, 13, 23, 26, 26, 36, 23, 0, 49]","""[0, 10, 3, 1, 1, 5, 3, 4, 2, 3, 3, 18, 0]"""
j10,2,reactive,60,True,33,0.1291639804840088,0.12476563453674316,"[0, 0, 0, 0, 11, 13, 23, 26, 26, 30, 23, 0, 33]","[0, 10, 3, 1, 1, 5, 3, 4, 2, 3, 3, 18, 0]"
j10,2,stnu,60,True,37,0.6466095447540283,0.005384683609008789,"[0, 0, 0, 0, 9, 10, 15, 18, 21, 23, 15, 0, 37]","""[0, 9, 8, 1, 1, 5, 3, 4, 2, 14, 6, 18, 0]"""
j10,2,proactive_quantile_0.9,60,True,49,0.03877091407775879,0.0002040863037109375,"[0, 0, 0, 0, 11, 13, 23, 26, 26, 36, 23, 0, 49]","""[0, 3, 1, 3, 2, 11, 2, 2, 5, 11, 1, 18, 0]"""
j10,2,reactive,60,False,inf,inf,inf,null,"[0, 3, 1, 3, 2, 11, 2, 2, 5, 11, 1, 18, 0]"
j10,2,stnu,60,True,38,0.6435229778289795,0.005338191986083984,"[0, 0, 0, 0, 11, 13, 24, 26, 26, 31, 24, 0, 38]","""[0, 11, 1, 3, 2, 11, 2, 2, 5, 7, 1, 18, 0]"""
j10,2,proactive_quantile_0.9,60,True,49,0.13775944709777832,0.00021767616271972656,"[0, 0, 0, 0, 11, 13, 23, 26, 26, 36, 23, 0, 49]","""[0, 13, 2, 3, 2, 1, 3, 7, 4, 12, 2, 18, 0]"""
j10,2,reactive,60,False,inf,inf,inf,null,"[0, 13, 2, 3, 2, 1, 3, 7, 4, 12, 2, 18, 0]"
j10,2,stnu,60,True,31,0.6064269542694092,0.005457162857055664,"[0, 0, 0, 0, 8, 10, 11, 14, 14, 21, 11, 0, 31]","""[0, 8, 7, 1, 2, 1, 3, 7, 4, 10, 1, 18, 0]"""
j10,2,proactive_quantile_0.9,60,True,49,0.1194314956665039,0.0002338886260986328,"[0, 0, 0, 0, 11, 13, 23, 26, 26, 36, 23, 0, 49]","""[0, 6, 3, 3, 2, 8, 2, 6, 4, 9, 2, 18, 0]"""
j10,2,reactive,60,True,45,0.1194314956665039,0.13508844375610352,"[0, 0, 0, 0, 11, 13, 23, 26, 26, 36, 23, 0, 45]","[0, 6, 3, 3, 2, 8, 2, 6, 4, 9, 2, 18, 0]"
j10,2,stnu,60,True,45,0.5847132205963135,0.005464076995849609,"[0, 0, 0, 0, 13, 15, 23, 25, 29, 33, 23, 0, 45]","""[0, 13, 2, 3, 2, 8, 2, 6, 4, 12, 6, 18, 0]"""
j10,2,proactive_quantile_0.9,60,False,inf,0.1343822479248047,inf,"[0, 0, 0, 0, 11, 13, 23, 26, 26, 36, 23, 0, 49]","""[0, 4, 1, 1, 3, 8, 4, 10, 3, 5, 1, 18, 0]"""
j10,2,reactive,60,False,inf,inf,inf,null,"[0, 4, 1, 1, 3, 8, 4, 10, 3, 5, 1, 18, 0]"
j10,2,stnu,60,True,34,0.6561169624328613,0.0053253173828125,"[0, 0, 0, 0, 4, 7, 15, 19, 19, 29, 15, 0, 34]","""[0, 4, 1, 1, 3, 8, 4, 10, 3, 5, 1, 18, 0]"""
j10,2,proactive_quantile_0.9,60,True,34,0.19234299659729004,0.0006334781646728516,"[0, 0, 0, 3, 11, 2, 3, 14, 21, 21, 14, 0, 0, 0, 0, 0, 0, 0, 0, 55]","""[0, 3, 1, 6, 1, 2, 3, 8, 4, 13, 2, 26, 44, 17, 28, 11, 56, 36, 26, 0]"""
j10,2,reactive,60,False,inf,inf,inf,null,"[0, 3, 1, 6, 1, 2, 3, 8, 4, 13, 2, 26, 44, 17, 28, 11, 56, 36, 26, 0]"
j10,2,stnu,60,False,inf,0.7402269840240479,inf,[],"""[0, 3, 1, 6, 1, 2, 3, 8, 4, 13, 2, 26, 44, 17, 28, 11, 56, 36, 26, 0]"""
j10,2,proactive_quantile_0.9,60,True,34,0.17130279541015625,0.0006394386291503906,"[0, 0, 0, 3, 11, 2, 3, 14, 21, 21, 14, 0, 0, 0, 0, 0, 0, 0, 0, 55]","""[0, 2, 3, 6, 1, 2, 3, 6, 2, 8, 3, 26, 44, 17, 28, 11, 56, 36, 26, 0]"""
j10,2,reactive,60,False,inf,inf,inf,null,"[0, 2, 3, 6, 1, 2, 3, 6, 2, 8, 3, 26, 44, 17, 28, 11, 56, 36, 26, 0]"
j10,2,stnu,60,False,inf,0.6788973808288574,inf,[],"""[0, 2, 3, 6, 1, 2, 3, 6, 2, 8, 3, 26, 44, 17, 28, 11, 56, 36, 26, 0]"""
j10,2,proactive_quantile_0.9,60,False,inf,0.2821657657623291,inf,"[0, 0, 0, 3, 11, 2, 3, 14, 21, 21, 14, 0, 0, 0, 0, 0, 0, 0, 0, 55]","""[0, 4, 3, 1, 4, 1, 2, 7, 2, 7, 1, 26, 44, 17, 28, 11, 56, 36, 26, 0]"""
j10,2,reactive,60,False,inf,inf,inf,null,"[0, 4, 3, 1, 4, 1, 2, 7, 2, 7, 1, 26, 44, 17, 28, 11, 56, 36, 26, 0]"
j10,2,stnu,60,False,inf,0.6825680732727051,inf,[],"""[0, 4, 3, 1, 4, 1, 2, 7, 2, 7, 1, 26, 44, 17, 28, 11, 56, 36, 26, 0]"""
j10,2,proactive_quantile_0.9,60,False,inf,0.17426538467407227,inf,"[0, 0, 0, 3, 11, 2, 3, 14, 21, 21, 14, 0, 0, 0, 0, 0, 0, 0, 0, 55]","""[0, 4, 2, 3, 2, 4, 1, 3, 4, 6, 3, 26, 44, 17, 28, 11, 56, 36, 26, 0]"""
j10,2,reactive,60,False,inf,inf,inf,null,"[0, 4, 2, 3, 2, 4, 1, 3, 4, 6, 3, 26, 44, 17, 28, 11, 56, 36, 26, 0]"
j10,2,stnu,60,False,inf,0.5849053859710693,inf,[],"""[0, 4, 2, 3, 2, 4, 1, 3, 4, 7, 1, 26, 44, 17, 28, 11, 56, 36, 26, 0]"""
j10,2,proactive_quantile_0.9,60,True,34,0.2862265110015869,0.0006477832794189453,"[0, 0, 0, 3, 11, 2, 3, 14, 21, 21, 14, 0, 0, 0, 0, 0, 0, 0, 0, 55]","""[0, 2, 1, 3, 2, 5, 3, 1, 2, 8, 3, 26, 44, 17, 28, 11, 56, 36, 26, 0]"""
j10,2,reactive,60,True,29,0.2862265110015869,0.18769598007202148,"[0, 0, 0, 3, 11, 2, 3, 14, 21, 21, 14, 0, 0, 0, 0, 0, 0, 0, 0, 29]","[0, 2, 1, 3, 2, 5, 3, 1, 2, 8, 3, 26, 44, 17, 28, 11, 56, 36, 26, 0]"
j10,2,stnu,60,False,inf,0.7161726951599121,inf,[],"""[0, 2, 1, 3, 2, 5, 3, 1, 2, 8, 3, 26, 44, 17, 28, 11, 56, 36, 26, 0]"""
j10,2,proactive_quantile_0.9,60,True,34,0.2833075523376465,0.0006492137908935547,"[0, 0, 0, 3, 11, 2, 3, 14, 21, 21, 14, 0, 0, 0, 0, 0, 0, 0, 0, 55]","""[0, 1, 2, 7, 1, 1, 1, 6, 4, 7, 2, 26, 44, 17, 28, 11, 56, 36, 26, 0]"""
j10,2,reactive,60,True,28,0.2833075523376465,0.16712379455566406,"[0, 0, 0, 3, 11, 2, 3, 14, 21, 21, 14, 0, 0, 0, 0, 0, 0, 0, 0, 28]","[0, 1, 2, 7, 1, 1, 1, 6, 4, 7, 2, 26, 44, 17, 28, 11, 56, 36, 26, 0]"
j10,2,stnu,60,False,inf,0.576094388961792,inf,[],"""[0, 1, 2, 7, 1, 1, 1, 6, 4, 7, 2, 26, 44, 17, 28, 11, 56, 36, 26, 0]"""
j10,2,proactive_quantile_0.9,60,False,inf,0.2856276035308838,inf,"[0, 0, 0, 3, 11, 2, 3, 14, 21, 21, 14, 0, 0, 0, 0, 0, 0, 0, 0, 55]","""[0, 4, 1, 8, 2, 4, 3, 5, 3, 5, 1, 26, 44, 17, 28, 11, 56, 36, 26, 0]"""
j10,2,reactive,60,False,inf,inf,inf,null,"[0, 4, 1, 8, 2, 4, 3, 5, 3, 5, 1, 26, 44, 17, 28, 11, 56, 36, 26, 0]"
j10,2,stnu,60,False,inf,0.650362491607666,inf,[],"""[0, 4, 1, 8, 2, 4, 3, 5, 3, 5, 1, 26, 44, 17, 28, 11, 56, 36, 26, 0]"""
j10,2,proactive_quantile_0.9,60,False,inf,0.2847745418548584,inf,"[0, 0, 0, 3, 11, 2, 3, 14, 21, 21, 14, 0, 0, 0, 0, 0, 0, 0, 0, 55]","""[0, 1, 2, 1, 4, 2, 1, 6, 4, 14, 1, 26, 44, 17, 28, 11, 56, 36, 26, 0]"""
j10,2,reactive,60,False,inf,inf,inf,null,"[0, 1, 2, 1, 4, 2, 1, 6, 4, 14, 1, 26, 44, 17, 28, 11, 56, 36, 26, 0]"
j10,2,stnu,60,False,inf,0.6605465412139893,inf,[],"""[0, 1, 2, 1, 4, 2, 1, 6, 4, 14, 1, 26, 44, 17, 28, 11, 56, 36, 26, 0]"""
j10,2,proactive_quantile_0.9,60,True,34,0.060546875,0.0006823539733886719,"[0, 0, 0, 3, 11, 2, 3, 14, 21, 21, 14, 0, 0, 0, 0, 0, 0, 0, 0, 55]","""[0, 2, 2, 3, 3, 4, 2, 8, 2, 12, 3, 26, 44, 17, 28, 11, 56, 36, 26, 0]"""
j10,2,reactive,60,False,inf,inf,inf,null,"[0, 2, 2, 3, 3, 4, 2, 8, 2, 12, 3, 26, 44, 17, 28, 11, 56, 36, 26, 0]"
j10,2,stnu,60,False,inf,0.6388778686523438,inf,[],"""[0, 2, 2, 3, 3, 4, 2, 8, 2, 12, 3, 26, 44, 17, 28, 11, 56, 36, 26, 0]"""
j10,2,proactive_quantile_0.9,60,True,34,0.08639073371887207,0.0006477832794189453,"[0, 0, 0, 3, 11, 2, 3, 14, 21, 21, 14, 0, 0, 0, 0, 0, 0, 0, 0, 55]","""[0, 2, 2, 1, 1, 6, 3, 2, 3, 11, 4, 26, 44, 17, 28, 11, 56, 36, 26, 0]"""
j10,2,reactive,60,True,32,0.08639073371887207,0.1712656021118164,"[0, 0, 0, 3, 11, 2, 3, 14, 21, 21, 14, 0, 0, 0, 0, 0, 0, 0, 0, 32]","[0, 2, 2, 1, 1, 6, 3, 2, 3, 11, 4, 26, 44, 17, 28, 11, 56, 36, 26, 0]"
j10,2,stnu,60,False,inf,0.6970820426940918,inf,[],"""[0, 2, 2, 1, 1, 6, 3, 2, 3, 11, 4, 26, 44, 17, 28, 11, 56, 36, 26, 0]"""
j10,2,proactive_quantile_0.9,60,False,inf,0.1026144027709961,inf,"[0, 0, 3, 0, 13, 27, 12, 5, 38, 25, 35, 0, 0, 40]","""[0, 5, 8, 1, 16, 6, 8, 9, 1, 7, 2, 41, 26, 0]"""
j10,2,reactive,60,False,inf,inf,inf,null,"[0, 5, 8, 1, 16, 6, 8, 9, 1, 7, 2, 41, 26, 0]"
j10,2,stnu,60,True,34,0.7757487297058105,0.006241559982299805,"[0, 0, 0, 2, 3, 21, 3, 11, 27, 21, 19, 0, 0, 34]","""[0, 1, 2, 1, 16, 6, 8, 9, 7, 9, 2, 41, 26, 0]"""
j10,2,proactive_quantile_0.9,60,False,inf,0.1836237907409668,inf,"[0, 0, 3, 0, 6, 20, 6, 19, 29, 27, 37, 0, 0, 40]","""[0, 3, 1, 4, 14, 9, 11, 9, 9, 6, 2, 41, 26, 0]"""
j10,2,reactive,60,False,inf,inf,inf,null,"[0, 3, 1, 4, 14, 9, 11, 9, 9, 6, 2, 41, 26, 0]"
j10,2,stnu,60,True,31,0.8203644752502441,0.00632929801940918,"[0, 0, 0, 1, 5, 21, 5, 16, 30, 25, 19, 0, 0, 31]","""[0, 3, 1, 4, 14, 9, 11, 9, 1, 6, 2, 41, 26, 0]"""
j10,2,proactive_quantile_0.9,60,False,inf,0.09192776679992676,inf,"[0, 0, 3, 0, 6, 20, 6, 19, 29, 29, 20, 0, 0, 40]","""[0, 2, 2, 4, 7, 8, 3, 2, 6, 6, 7, 41, 26, 0]"""
j10,2,reactive,60,False,inf,inf,inf,null,"[0, 2, 2, 4, 7, 8, 3, 2, 6, 6, 7, 41, 26, 0]"
j10,2,stnu,60,True,31,0.7843778133392334,0.0061492919921875,"[0, 0, 0, 2, 6, 17, 6, 9, 25, 17, 13, 0, 0, 31]","""[0, 2, 2, 4, 7, 8, 3, 2, 6, 8, 4, 41, 26, 0]"""
j10,2,proactive_quantile_0.9,60,False,inf,0.19387006759643555,inf,"[0, 0, 0, 3, 13, 22, 6, 13, 33, 25, 22, 0, 0, 40]","""[0, 5, 4, 2, 3, 6, 3, 3, 1, 10, 1, 41, 26, 0]"""
j10,2,reactive,60,False,inf,inf,inf,null,"[0, 5, 4, 2, 3, 6, 3, 3, 1, 10, 1, 41, 26, 0]"
j10,2,stnu,60,True,29,0.6566574573516846,0.006415367126464844,"[0, 0, 2, 0, 6, 23, 12, 9, 26, 15, 25, 0, 0, 29]","""[0, 9, 4, 2, 3, 2, 3, 3, 3, 8, 1, 41, 26, 0]"""
j10,2,proactive_quantile_0.9,60,False,inf,0.08546066284179688,inf,"[0, 0, 3, 0, 6, 32, 15, 9, 37, 22, 34, 0, 0, 40]","""[0, 9, 2, 1, 6, 3, 7, 2, 1, 3, 3, 41, 26, 0]"""
j10,2,reactive,60,True,29,0.08546066284179688,0.14384961128234863,"[0, 0, 3, 0, 6, 12, 15, 9, 28, 22, 25, 0, 0, 29]","[0, 9, 2, 1, 6, 3, 7, 2, 1, 3, 3, 41, 26, 0]"
j10,2,stnu,60,True,31,0.7329895496368408,0.006094932556152344,"[0, 0, 1, 0, 3, 9, 9, 2, 24, 19, 16, 0, 0, 31]","""[0, 2, 2, 1, 6, 15, 7, 3, 7, 12, 3, 41, 26, 0]"""
j10,2,proactive_quantile_0.9,60,False,inf,0.17188549041748047,inf,"[0, 0, 3, 0, 6, 20, 6, 19, 29, 29, 20, 0, 0, 40]","""[0, 5, 1, 2, 11, 6, 6, 9, 9, 3, 10, 41, 26, 0]"""
j10,2,reactive,60,False,inf,inf,inf,null,"[0, 5, 1, 2, 11, 6, 6, 9, 9, 3, 10, 41, 26, 0]"
j10,2,stnu,60,True,30,0.6707007884979248,0.006540060043334961,"[0, 0, 2, 0, 3, 24, 12, 10, 29, 15, 25, 0, 0, 30]","""[0, 10, 1, 2, 6, 1, 3, 2, 1, 9, 4, 41, 26, 0]"""
j10,2,proactive_quantile_0.9,60,False,inf,0.0752716064453125,inf,"[0, 0, 3, 0, 6, 20, 6, 19, 29, 27, 37, 0, 0, 40]","""[0, 1, 3, 4, 9, 5, 14, 8, 11, 6, 2, 41, 26, 0]"""
j10,2,reactive,60,False,inf,inf,inf,null,"[0, 1, 3, 4, 9, 5, 14, 8, 11, 6, 2, 41, 26, 0]"
j10,2,stnu,60,True,25,0.644848108291626,0.0065305233001708984,"[0, 0, 4, 0, 7, 19, 12, 10, 23, 18, 21, 0, 0, 25]","""[0, 10, 3, 4, 5, 2, 6, 2, 2, 1, 2, 41, 26, 0]"""
j10,2,proactive_quantile_0.9,60,True,40,0.09469056129455566,0.00033473968505859375,"[0, 0, 3, 0, 6, 20, 6, 19, 29, 27, 37, 0, 0, 40]","""[0, 5, 1, 1, 9, 5, 13, 7, 12, 5, 2, 41, 26, 0]"""
j10,2,reactive,60,True,41,0.09469056129455566,0.13618779182434082,"[0, 0, 3, 0, 6, 20, 6, 19, 29, 27, 37, 0, 0, 40]","[0, 5, 1, 1, 9, 5, 13, 7, 12, 5, 2, 41, 26, 0]"
j10,2,stnu,60,False,inf,0.5787456035614014,inf,[],"""[0, 5, 1, 1, 6, 2, 2, 7, 1, 5, 2, 41, 26, 0]"""
j10,2,proactive_quantile_0.9,60,False,inf,0.18132901191711426,inf,"[0, 0, 3, 0, 6, 20, 6, 19, 29, 29, 20, 0, 0, 40]","""[0, 2, 4, 4, 15, 4, 8, 4, 2, 5, 10, 41, 26, 0]"""
j10,2,reactive,60,False,inf,inf,inf,null,"[0, 2, 4, 4, 15, 4, 8, 4, 2, 5, 10, 41, 26, 0]"
j10,2,stnu,60,False,inf,0.6944866180419922,inf,[],"""[0, 2, 4, 4, 4, 3, 8, 4, 1, 1, 4, 41, 26, 0]"""
j10,2,proactive_quantile_0.9,60,False,inf,0.06646060943603516,inf,"[0, 0, 3, 0, 6, 20, 6, 19, 29, 29, 20, 0, 0, 40]","""[0, 4, 3, 4, 4, 9, 3, 6, 8, 12, 4, 41, 26, 0]"""
j10,2,reactive,60,False,inf,inf,inf,null,"[0, 4, 3, 4, 4, 9, 3, 6, 8, 12, 4, 41, 26, 0]"
j10,2,stnu,60,True,32,0.580416202545166,0.0062046051025390625,"[0, 0, 0, 3, 7, 12, 7, 10, 21, 16, 11, 0, 0, 32]","""[0, 4, 3, 4, 4, 9, 3, 6, 6, 16, 1, 41, 26, 0]"""
j10,2,proactive_quantile_0.9,60,True,19,0.0578763484954834,0.0009856224060058594,"[0, 0, 0, 0, 2, 4, 12, 3, 5, 12, 14, 0, 0, 0, 0, 0, 0, 0, 0, 90]","""[0, 2, 3, 4, 2, 1, 3, 4, 7, 2, 2, 60, 84, 77, 34, 27, 12, 91, 22, 0]"""
j10,2,reactive,60,False,inf,inf,inf,null,"[0, 2, 3, 4, 2, 1, 3, 4, 7, 2, 2, 60, 84, 77, 34, 27, 12, 91, 22, 0]"
j10,2,stnu,60,False,inf,0.5423204898834229,inf,[],"""[0, 4, 3, 10, 2, 1, 4, 4, 6, 11, 9, 60, 84, 77, 34, 27, 12, 91, 22, 0]"""
j10,2,proactive_quantile_0.9,60,True,35,0.045081138610839844,0.0009794235229492188,"[0, 0, 0, 0, 2, 4, 19, 2, 11, 12, 26, 0, 0, 0, 0, 0, 0, 0, 0, 90]","""[0, 3, 2, 10, 1, 6, 7, 1, 7, 3, 8, 60, 84, 77, 34, 27, 12, 91, 22, 0]"""
j10,2,reactive,60,True,34,0.045081138610839844,0.15793943405151367,"[0, 0, 0, 0, 2, 4, 19, 2, 11, 12, 26, 0, 0, 0, 0, 0, 0, 0, 0, 34]","[0, 3, 2, 10, 1, 6, 7, 1, 7, 3, 8, 60, 84, 77, 34, 27, 12, 91, 22, 0]"
j10,2,stnu,60,False,inf,0.5345184803009033,inf,[],"""[0, 3, 2, 10, 1, 6, 7, 1, 7, 11, 8, 60, 84, 77, 34, 27, 12, 91, 22, 0]"""
j10,2,proactive_quantile_0.9,60,False,inf,0.04014897346496582,inf,"[0, 0, 0, 0, 2, 4, 19, 2, 11, 12, 26, 0, 0, 0, 0, 0, 0, 0, 0, 90]","""[0, 2, 3, 3, 3, 3, 3, 2, 7, 1, 4, 60, 84, 77, 34, 27, 12, 91, 22, 0]"""
j10,2,reactive,60,False,inf,inf,inf,null,"[0, 2, 3, 3, 3, 3, 3, 2, 7, 1, 4, 60, 84, 77, 34, 27, 12, 91, 22, 0]"
j10,2,stnu,60,False,inf,0.5729467868804932,inf,[],"""[0, 2, 3, 3, 3, 3, 3, 2, 7, 7, 4, 60, 84, 77, 34, 27, 12, 91, 22, 0]"""
j10,2,proactive_quantile_0.9,60,True,35,0.04652690887451172,0.0009398460388183594,"[0, 0, 0, 0, 2, 4, 19, 2, 11, 12, 26, 0, 0, 0, 0, 0, 0, 0, 0, 90]","""[0, 2, 2, 11, 2, 1, 6, 6, 10, 3, 1, 60, 84, 77, 34, 27, 12, 91, 22, 0]"""
j10,2,reactive,60,True,27,0.04652690887451172,0.14395856857299805,"[0, 0, 0, 0, 2, 4, 19, 2, 11, 12, 26, 0, 0, 0, 0, 0, 0, 0, 0, 27]","[0, 2, 2, 11, 2, 1, 6, 6, 10, 3, 1, 60, 84, 77, 34, 27, 12, 91, 22, 0]"
j10,2,stnu,60,False,inf,0.5402231216430664,inf,[],"""[0, 2, 2, 11, 2, 1, 6, 6, 10, 3, 1, 60, 84, 77, 34, 27, 12, 91, 22, 0]"""
j10,2,proactive_quantile_0.9,60,False,inf,0.039427995681762695,inf,"[0, 0, 0, 0, 2, 4, 12, 3, 5, 12, 14, 0, 0, 0, 0, 0, 0, 0, 0, 90]","""[0, 4, 3, 3, 3, 3, 2, 1, 1, 3, 2, 60, 84, 77, 34, 27, 12, 91, 22, 0]"""
j10,2,reactive,60,False,inf,inf,inf,null,"[0, 4, 3, 3, 3, 3, 2, 1, 1, 3, 2, 60, 84, 77, 34, 27, 12, 91, 22, 0]"
j10,2,stnu,60,False,inf,0.5455613136291504,inf,[],"""[0, 4, 3, 3, 3, 3, 1, 1, 8, 3, 9, 60, 84, 77, 34, 27, 12, 91, 22, 0]"""
j10,2,proactive_quantile_0.9,60,False,inf,0.036981821060180664,inf,"[0, 0, 0, 0, 2, 4, 19, 2, 11, 12, 26, 0, 0, 0, 0, 0, 0, 0, 0, 90]","""[0, 2, 3, 10, 3, 2, 6, 8, 3, 6, 4, 60, 84, 77, 34, 27, 12, 91, 22, 0]"""
j10,2,reactive,60,False,inf,inf,inf,null,"[0, 2, 3, 10, 3, 2, 6, 8, 3, 6, 4, 60, 84, 77, 34, 27, 12, 91, 22, 0]"
j10,2,stnu,60,False,inf,0.5965321063995361,inf,[],"""[0, 2, 3, 10, 3, 2, 6, 8, 3, 11, 4, 60, 84, 77, 34, 27, 12, 91, 22, 0]"""
j10,2,proactive_quantile_0.9,60,False,inf,0.03959965705871582,inf,"[0, 0, 0, 0, 2, 4, 19, 2, 11, 12, 26, 0, 0, 0, 0, 0, 0, 0, 0, 90]","""[0, 5, 1, 12, 3, 8, 6, 1, 4, 5, 10, 60, 84, 77, 34, 27, 12, 91, 22, 0]"""
j10,2,reactive,60,False,inf,inf,inf,null,"[0, 5, 1, 12, 3, 8, 6, 1, 4, 5, 10, 60, 84, 77, 34, 27, 12, 91, 22, 0]"
j10,2,stnu,60,False,inf,0.7680683135986328,inf,[],"""[0, 5, 1, 12, 3, 8, 6, 1, 4, 11, 10, 60, 84, 77, 34, 27, 12, 91, 22, 0]"""
j10,2,proactive_quantile_0.9,60,False,inf,0.03985738754272461,inf,"[0, 0, 0, 0, 2, 4, 19, 2, 11, 12, 26, 0, 0, 0, 0, 0, 0, 0, 0, 90]","""[0, 5, 2, 4, 3, 3, 5, 1, 5, 1, 7, 60, 84, 77, 34, 27, 12, 91, 22, 0]"""
j10,2,reactive,60,False,inf,inf,inf,null,"[0, 5, 2, 4, 3, 3, 5, 1, 5, 1, 7, 60, 84, 77, 34, 27, 12, 91, 22, 0]"
j10,2,stnu,60,False,inf,0.5405886173248291,inf,[],"""[0, 5, 2, 4, 3, 3, 5, 1, 5, 1, 7, 60, 84, 77, 34, 27, 12, 91, 22, 0]"""
j10,2,proactive_quantile_0.9,60,False,inf,0.030902862548828125,inf,"[0, 0, 0, 0, 2, 4, 12, 3, 5, 12, 14, 0, 0, 0, 0, 0, 0, 0, 0, 90]","""[0, 1, 1, 1, 3, 4, 3, 6, 8, 8, 2, 60, 84, 77, 34, 27, 12, 91, 22, 0]"""
j10,2,reactive,60,False,inf,inf,inf,null,"[0, 1, 1, 1, 3, 4, 3, 6, 8, 8, 2, 60, 84, 77, 34, 27, 12, 91, 22, 0]"
j10,2,stnu,60,False,inf,0.6596701145172119,inf,[],"""[0, 5, 1, 4, 3, 4, 8, 6, 13, 1, 10, 60, 84, 77, 34, 27, 12, 91, 22, 0]"""
j10,2,proactive_quantile_0.9,60,False,inf,0.21312546730041504,inf,"[0, 0, 0, 0, 2, 4, 12, 3, 5, 12, 14, 0, 0, 0, 0, 0, 0, 0, 0, 90]","""[0, 4, 1, 1, 3, 1, 1, 4, 3, 4, 3, 60, 84, 77, 34, 27, 12, 91, 22, 0]"""
j10,2,reactive,60,False,inf,inf,inf,null,"[0, 4, 1, 1, 3, 1, 1, 4, 3, 4, 3, 60, 84, 77, 34, 27, 12, 91, 22, 0]"
j10,2,stnu,60,False,inf,0.6243700981140137,inf,[],"""[0, 5, 1, 4, 3, 1, 7, 4, 5, 6, 10, 60, 84, 77, 34, 27, 12, 91, 22, 0]"""
j10,2,proactive_quantile_0.9,60,False,inf,0.05110597610473633,inf,"[0, 0, 3, 0, 3, 13, 11, 16, 19, 25, 25, 0, 0, 0, 80]","""[0, 1, 9, 3, 12, 1, 5, 9, 1, 6, 15, 68, 81, 40, 0]"""
j10,2,reactive,60,False,inf,inf,inf,null,"[0, 1, 9, 3, 12, 1, 5, 9, 1, 6, 15, 68, 81, 40, 0]"
j10,2,stnu,60,True,15,0.7380781173706055,0.007142782211303711,"[0, 0, 0, 0, 3, 5, 10, 6, 11, 10, 12, 0, 0, 0, 15]","""[0, 1, 10, 3, 2, 1, 1, 1, 1, 4, 3, 68, 81, 40, 0]"""
j10,2,proactive_quantile_0.9,60,False,inf,0.05070066452026367,inf,"[0, 0, 0, 0, 3, 5, 13, 7, 15, 13, 18, 0, 0, 0, 80]","""[0, 4, 14, 2, 2, 1, 3, 1, 1, 7, 3, 68, 81, 40, 0]"""
j10,2,reactive,60,False,inf,inf,inf,null,"[0, 4, 14, 2, 2, 1, 3, 1, 1, 7, 3, 68, 81, 40, 0]"
j10,2,stnu,60,False,inf,0.5674910545349121,inf,[],"""[0, 1, 4, 2, 3, 4, 6, 5, 1, 1, 6, 68, 81, 40, 0]"""
j10,2,proactive_quantile_0.9,60,True,27,0.13503813743591309,0.0005128383636474609,"[0, 0, 0, 0, 3, 5, 13, 7, 15, 13, 18, 0, 0, 0, 80]","""[0, 4, 11, 1, 2, 1, 1, 1, 3, 6, 2, 68, 81, 40, 0]"""
j10,2,reactive,60,False,inf,inf,inf,null,"[0, 4, 11, 1, 2, 1, 1, 1, 3, 6, 2, 68, 81, 40, 0]"
j10,2,stnu,60,True,17,0.5578474998474121,0.007135868072509766,"[0, 0, 0, 0, 4, 6, 11, 7, 12, 11, 15, 0, 0, 0, 17]","""[0, 4, 11, 1, 2, 1, 1, 1, 3, 6, 2, 68, 81, 40, 0]"""
j10,2,proactive_quantile_0.9,60,False,inf,0.04282975196838379,inf,"[0, 0, 0, 0, 3, 5, 13, 7, 15, 13, 18, 0, 0, 0, 80]","""[0, 1, 11, 1, 3, 1, 3, 1, 2, 4, 9, 68, 81, 40, 0]"""
j10,2,reactive,60,False,inf,inf,inf,null,"[0, 1, 11, 1, 3, 1, 3, 1, 2, 4, 9, 68, 81, 40, 0]"
j10,2,stnu,60,False,inf,0.5456697940826416,inf,[],"""[0, 5, 2, 1, 3, 2, 6, 6, 2, 3, 8, 68, 81, 40, 0]"""
j10,2,proactive_quantile_0.9,60,True,38,0.05082345008850098,0.0005192756652832031,"[0, 0, 3, 0, 3, 13, 11, 16, 19, 25, 25, 0, 0, 0, 80]","""[0, 3, 1, 1, 2, 4, 5, 1, 2, 5, 8, 68, 81, 40, 0]"""
j10,2,reactive,60,False,inf,inf,inf,null,"[0, 3, 1, 1, 2, 4, 5, 1, 2, 5, 8, 68, 81, 40, 0]"
j10,2,stnu,60,False,inf,0.5619237422943115,inf,[],"""[0, 4, 1, 1, 2, 4, 5, 1, 2, 5, 8, 68, 81, 40, 0]"""
j10,2,proactive_quantile_0.9,60,False,inf,0.1224660873413086,inf,"[0, 0, 0, 0, 3, 5, 13, 7, 15, 13, 18, 0, 0, 0, 80]","""[0, 1, 12, 4, 1, 1, 1, 1, 2, 7, 9, 68, 81, 40, 0]"""
j10,2,reactive,60,False,inf,inf,inf,null,"[0, 1, 12, 4, 1, 1, 1, 1, 2, 7, 9, 68, 81, 40, 0]"
j10,2,stnu,60,False,inf,0.6353104114532471,inf,[],"""[0, 1, 3, 4, 11, 1, 1, 8, 2, 3, 7, 68, 81, 40, 0]"""
j10,2,proactive_quantile_0.9,60,True,27,0.05085253715515137,0.0005571842193603516,"[0, 0, 0, 0, 3, 5, 13, 7, 15, 13, 18, 0, 0, 0, 80]","""[0, 4, 12, 1, 2, 2, 2, 2, 3, 6, 9, 68, 81, 40, 0]"""
j10,2,reactive,60,False,inf,inf,inf,null,"[0, 4, 12, 1, 2, 2, 2, 2, 3, 6, 9, 68, 81, 40, 0]"
j10,2,stnu,60,True,26,0.6613655090332031,0.0071332454681396484,"[0, 0, 0, 0, 4, 6, 12, 8, 14, 12, 17, 0, 0, 0, 26]","""[0, 4, 12, 1, 2, 2, 2, 2, 3, 6, 9, 68, 81, 40, 0]"""
j10,2,proactive_quantile_0.9,60,False,inf,0.05009198188781738,inf,"[0, 0, 0, 0, 3, 5, 13, 7, 15, 13, 18, 0, 0, 0, 80]","""[0, 1, 4, 4, 3, 2, 3, 2, 2, 9, 8, 68, 81, 40, 0]"""
j10,2,reactive,60,False,inf,inf,inf,null,"[0, 1, 4, 4, 3, 2, 3, 2, 2, 9, 8, 68, 81, 40, 0]"
j10,2,stnu,60,True,24,0.581418514251709,0.007138967514038086,"[0, 0, 0, 0, 4, 7, 11, 9, 14, 11, 16, 0, 0, 0, 24]","""[0, 1, 4, 4, 3, 2, 3, 2, 2, 9, 8, 68, 81, 40, 0]"""
j10,2,proactive_quantile_0.9,60,False,inf,0.1462249755859375,inf,"[0, 0, 0, 0, 3, 5, 13, 7, 15, 13, 18, 0, 0, 0, 80]","""[0, 2, 14, 3, 3, 3, 2, 2, 2, 2, 9, 68, 81, 40, 0]"""
j10,2,reactive,60,False,inf,inf,inf,null,"[0, 2, 14, 3, 3, 3, 2, 2, 2, 2, 9, 68, 81, 40, 0]"
j10,2,stnu,60,True,27,0.673151969909668,0.007308483123779297,"[0, 0, 0, 0, 3, 6, 14, 9, 16, 14, 18, 0, 0, 0, 27]","""[0, 2, 14, 3, 3, 3, 2, 2, 2, 2, 9, 68, 81, 40, 0]"""
j10,2,proactive_quantile_0.9,60,True,27,0.05363011360168457,0.0005202293395996094,"[0, 0, 0, 0, 3, 5, 13, 7, 15, 13, 18, 0, 0, 0, 80]","""[0, 3, 12, 2, 2, 1, 1, 3, 2, 4, 6, 68, 81, 40, 0]"""
j10,2,reactive,60,True,24,0.05363011360168457,0.11259841918945312,"[0, 0, 0, 0, 3, 5, 13, 7, 15, 13, 18, 0, 0, 0, 24]","[0, 3, 12, 2, 2, 1, 1, 3, 2, 4, 6, 68, 81, 40, 0]"
j10,2,stnu,60,True,21,0.7464895248413086,0.007180213928222656,"[0, 0, 0, 0, 3, 5, 12, 6, 13, 12, 15, 0, 0, 0, 21]","""[0, 3, 12, 2, 2, 1, 1, 3, 2, 4, 6, 68, 81, 40, 0]"""
j10,2,proactive_quantile_0.9,60,False,inf,0.05950760841369629,inf,"[0, 0, 0, 0, 26, 8, 13, 26, 37, 37, 35, 0, 51]","""[0, 5, 9, 9, 2, 3, 7, 2, 2, 2, 3, 52, 0]"""
j10,2,reactive,60,False,inf,inf,inf,null,"[0, 5, 9, 9, 2, 3, 7, 2, 2, 2, 3, 52, 0]"
j10,2,stnu,60,True,19,0.5713484287261963,0.0050046443939208984,"[0, 0, 0, 0, 9, 1, 3, 9, 15, 17, 15, 0, 19]","""[0, 3, 9, 1, 2, 1, 3, 6, 2, 2, 4, 52, 0]"""
j10,2,proactive_quantile_0.9,60,True,36,0.13816022872924805,0.0002646446228027344,"[0, 0, 0, 0, 8, 2, 4, 17, 22, 16, 17, 0, 51]","""[0, 1, 9, 3, 8, 1, 5, 4, 8, 4, 3, 52, 0]"""
j10,2,reactive,60,False,inf,inf,inf,null,"[0, 1, 9, 3, 8, 1, 5, 4, 8, 4, 3, 52, 0]"
j10,2,stnu,60,True,22,0.6811463832855225,0.004998207092285156,"[0, 0, 0, 0, 9, 3, 4, 12, 17, 19, 16, 0, 22]","""[0, 1, 9, 3, 8, 1, 8, 4, 2, 3, 3, 52, 0]"""
j10,2,proactive_quantile_0.9,60,True,48,0.061197519302368164,0.00029015541076660156,"[0, 0, 0, 0, 26, 8, 13, 26, 37, 37, 35, 0, 51]","""[0, 1, 4, 8, 4, 1, 5, 8, 2, 8, 4, 52, 0]"""
j10,2,reactive,60,True,45,0.061197519302368164,0.12252569198608398,"[0, 0, 0, 0, 26, 8, 13, 26, 37, 37, 35, 0, 45]","[0, 1, 4, 8, 4, 1, 5, 8, 2, 8, 4, 52, 0]"
j10,2,stnu,60,True,30,0.5807502269744873,0.005236625671386719,"[0, 0, 0, 0, 14, 8, 9, 14, 22, 22, 22, 0, 30]","""[0, 1, 4, 8, 4, 1, 5, 8, 2, 8, 4, 52, 0]"""
j10,2,proactive_quantile_0.9,60,False,inf,0.048439979553222656,inf,"[0, 0, 0, 0, 8, 2, 4, 13, 19, 21, 18, 0, 51]","""[0, 3, 3, 3, 10, 3, 7, 2, 3, 2, 1, 52, 0]"""
j10,2,reactive,60,False,inf,inf,inf,null,"[0, 3, 3, 3, 10, 3, 7, 2, 3, 2, 1, 52, 0]"
j10,2,stnu,60,True,36,0.6944930553436279,0.005213737487792969,"[0, 0, 0, 0, 19, 8, 12, 19, 29, 29, 28, 0, 36]","""[0, 8, 9, 6, 10, 4, 7, 9, 6, 1, 8, 52, 0]"""
j10,2,proactive_quantile_0.9,60,False,inf,0.056319236755371094,inf,"[0, 0, 0, 0, 26, 8, 13, 26, 37, 37, 35, 0, 51]","""[0, 3, 10, 6, 13, 6, 14, 4, 1, 1, 6, 52, 0]"""
j10,2,reactive,60,False,inf,inf,inf,null,"[0, 3, 10, 6, 13, 6, 14, 4, 1, 1, 6, 52, 0]"
j10,2,stnu,60,True,40,0.5614752769470215,0.005240201950073242,"[0, 0, 0, 0, 26, 6, 12, 26, 39, 39, 30, 0, 40]","""[0, 3, 10, 6, 13, 6, 14, 4, 1, 1, 6, 52, 0]"""
j10,2,proactive_quantile_0.9,60,True,48,0.06301593780517578,0.00032782554626464844,"[0, 0, 0, 0, 26, 8, 13, 26, 37, 37, 35, 0, 51]","""[0, 8, 8, 5, 2, 5, 4, 8, 5, 8, 13, 52, 0]"""
j10,2,reactive,60,True,41,0.06301593780517578,0.1034698486328125,"[0, 0, 0, 0, 26, 8, 13, 26, 34, 28, 28, 0, 41]","[0, 8, 8, 5, 2, 5, 4, 8, 5, 8, 13, 52, 0]"
j10,2,stnu,60,True,38,0.5758144855499268,0.005279064178466797,"[0, 0, 0, 0, 17, 8, 13, 17, 25, 25, 25, 0, 38]","""[0, 8, 8, 5, 2, 5, 4, 8, 5, 8, 13, 52, 0]"""
j10,2,proactive_quantile_0.9,60,False,inf,0.05645942687988281,inf,"[0, 0, 0, 0, 26, 8, 13, 26, 37, 37, 35, 0, 51]","""[0, 1, 13, 8, 12, 1, 5, 10, 4, 1, 8, 52, 0]"""
j10,2,reactive,60,False,inf,inf,inf,null,"[0, 1, 13, 8, 12, 1, 5, 10, 4, 1, 8, 52, 0]"
j10,2,stnu,60,True,36,0.5632073879241943,0.005295753479003906,"[0, 0, 0, 0, 18, 8, 13, 18, 30, 30, 28, 0, 36]","""[0, 1, 13, 8, 12, 1, 5, 10, 4, 1, 8, 52, 0]"""
j10,2,proactive_quantile_0.9,60,False,inf,0.06294989585876465,inf,"[0, 0, 0, 0, 26, 8, 13, 26, 37, 37, 35, 0, 51]","""[0, 7, 10, 7, 11, 2, 5, 10, 4, 7, 3, 52, 0]"""
j10,2,reactive,60,False,inf,inf,inf,null,"[0, 7, 10, 7, 11, 2, 5, 10, 4, 7, 3, 52, 0]"
j10,2,stnu,60,True,33,0.5757660865783691,0.005248069763183594,"[0, 0, 0, 0, 15, 7, 10, 15, 26, 26, 25, 0, 33]","""[0, 7, 10, 7, 11, 2, 5, 10, 4, 7, 3, 52, 0]"""
j10,2,proactive_quantile_0.9,60,False,inf,0.06036829948425293,inf,"[0, 0, 0, 0, 26, 8, 13, 26, 37, 37, 35, 0, 51]","""[0, 8, 12, 9, 6, 3, 13, 1, 6, 3, 14, 52, 0]"""
j10,2,reactive,60,False,inf,inf,inf,null,"[0, 8, 12, 9, 6, 3, 13, 1, 6, 3, 14, 52, 0]"
j10,2,stnu,60,True,14,0.5780923366546631,0.004938840866088867,"[0, 0, 0, 0, 3, 1, 2, 6, 9, 12, 9, 0, 14]","""[0, 1, 3, 1, 6, 1, 4, 3, 3, 2, 2, 52, 0]"""
j10,2,proactive_quantile_0.9,60,True,24,0.05842447280883789,0.0003085136413574219,"[0, 0, 0, 0, 8, 2, 4, 13, 19, 21, 18, 0, 51]","""[0, 4, 8, 3, 10, 2, 10, 4, 3, 4, 2, 52, 0]"""
j10,2,reactive,60,False,inf,inf,inf,null,"[0, 4, 8, 3, 10, 2, 10, 4, 3, 4, 2, 52, 0]"
j10,2,stnu,60,True,34,0.5621683597564697,0.0052030086517333984,"[0, 0, 0, 0, 16, 6, 12, 16, 26, 26, 18, 0, 34]","""[0, 5, 12, 6, 10, 6, 4, 2, 3, 8, 3, 52, 0]"""
j10,2,proactive_quantile_0.9,60,False,inf,0.1303091049194336,inf,"[0, 0, 0, 0, 8, 2, 8, 8, 10, 8, 11, 0, 0, 0, 0, 85]","""[0, 2, 9, 5, 1, 6, 2, 2, 8, 2, 7, 86, 13, 86, 46, 0]"""
j10,2,reactive,60,False,inf,inf,inf,null,"[0, 2, 9, 5, 1, 6, 2, 2, 8, 2, 7, 86, 13, 86, 46, 0]"
j10,2,stnu,60,True,16,0.5685214996337891,0.00751185417175293,"[0, 0, 0, 0, 9, 2, 9, 9, 11, 9, 11, 0, 0, 0, 0, 16]","""[0, 2, 9, 5, 1, 6, 2, 2, 5, 2, 2, 86, 13, 86, 46, 0]"""
j10,2,proactive_quantile_0.9,60,True,40,0.11258053779602051,0.000591278076171875,"[0, 0, 0, 0, 8, 2, 8, 8, 11, 8, 31, 0, 0, 0, 0, 85]","""[0, 3, 2, 3, 4, 1, 4, 1, 2, 1, 7, 86, 13, 86, 46, 0]"""
j10,2,reactive,60,False,inf,inf,inf,null,"[0, 3, 2, 3, 4, 1, 4, 1, 2, 1, 7, 86, 13, 86, 46, 0]"
j10,2,stnu,60,False,inf,0.5704963207244873,inf,[],"""[0, 7, 2, 7, 4, 5, 4, 3, 4, 11, 7, 86, 13, 86, 46, 0]"""
j10,2,proactive_quantile_0.9,60,True,36,0.03677010536193848,0.0006301403045654297,"[0, 0, 0, 0, 14, 2, 9, 14, 27, 14, 17, 0, 0, 0, 0, 85]","""[0, 2, 3, 8, 3, 4, 1, 8, 5, 9, 8, 86, 13, 86, 46, 0]"""
j10,2,reactive,60,True,32,0.03677010536193848,0.192061185836792,"[0, 0, 0, 0, 14, 2, 9, 14, 27, 14, 17, 0, 0, 0, 0, 85]","[0, 2, 3, 8, 3, 4, 1, 8, 5, 9, 8, 86, 13, 86, 46, 0]"
j10,2,stnu,60,True,17,0.5777299404144287,0.007453203201293945,"[0, 0, 0, 0, 7, 2, 8, 8, 10, 8, 10, 0, 0, 0, 0, 17]","""[0, 2, 1, 8, 2, 5, 1, 2, 6, 2, 7, 86, 13, 86, 46, 0]"""
j10,2,proactive_quantile_0.9,60,True,19,0.040001869201660156,0.0006375312805175781,"[0, 0, 0, 0, 8, 2, 8, 8, 10, 8, 11, 0, 0, 0, 0, 85]","""[0, 1, 7, 5, 2, 1, 3, 3, 5, 2, 7, 86, 13, 86, 46, 0]"""
j10,2,reactive,60,False,inf,inf,inf,null,"[0, 1, 7, 5, 2, 1, 3, 3, 5, 2, 7, 86, 13, 86, 46, 0]"
j10,2,stnu,60,False,inf,0.5368611812591553,inf,[],"""[0, 5, 7, 9, 1, 3, 3, 14, 2, 2, 7, 86, 13, 86, 46, 0]"""
j10,2,proactive_quantile_0.9,60,True,19,0.11798715591430664,0.0005898475646972656,"[0, 0, 0, 0, 8, 2, 8, 8, 10, 8, 11, 0, 0, 0, 0, 85]","""[0, 2, 8, 3, 3, 2, 4, 2, 4, 2, 9, 86, 13, 86, 46, 0]"""
j10,2,reactive,60,False,inf,inf,inf,null,"[0, 2, 8, 3, 3, 2, 4, 2, 4, 2, 9, 86, 13, 86, 46, 0]"
j10,2,stnu,60,False,inf,0.5754084587097168,inf,[],"""[0, 7, 8, 3, 4, 7, 4, 4, 4, 6, 1, 86, 13, 86, 46, 0]"""
j10,2,proactive_quantile_0.9,60,True,36,0.04466080665588379,0.0006165504455566406,"[0, 0, 0, 0, 14, 2, 9, 14, 27, 14, 17, 0, 0, 0, 0, 85]","""[0, 1, 8, 9, 4, 5, 3, 3, 4, 5, 3, 86, 13, 86, 46, 0]"""
j10,2,reactive,60,False,inf,inf,inf,null,"[0, 1, 8, 9, 4, 5, 3, 3, 4, 5, 3, 86, 13, 86, 46, 0]"
j10,2,stnu,60,False,inf,0.5476748943328857,inf,[],"""[0, 5, 3, 9, 4, 5, 3, 3, 4, 5, 3, 86, 13, 86, 46, 0]"""
j10,2,proactive_quantile_0.9,60,True,36,0.04508185386657715,0.0006537437438964844,"[0, 0, 0, 0, 14, 2, 9, 14, 27, 14, 17, 0, 0, 0, 0, 85]","""[0, 1, 4, 10, 1, 6, 4, 5, 7, 9, 8, 86, 13, 86, 46, 0]"""
j10,2,reactive,60,False,inf,inf,inf,null,"[0, 1, 4, 10, 1, 6, 4, 5, 7, 9, 8, 86, 13, 86, 46, 0]"
j10,2,stnu,60,False,inf,0.5667219161987305,inf,[],"""[0, 12, 9, 10, 1, 6, 4, 5, 7, 9, 8, 86, 13, 86, 46, 0]"""
j10,2,proactive_quantile_0.9,60,True,36,0.046256303787231445,0.000629425048828125,"[0, 0, 0, 0, 14, 2, 9, 14, 27, 14, 17, 0, 0, 0, 0, 85]","""[0, 1, 15, 7, 4, 7, 4, 7, 5, 11, 3, 86, 13, 86, 46, 0]"""
j10,2,reactive,60,False,inf,inf,inf,null,"[0, 1, 15, 7, 4, 7, 4, 7, 5, 11, 3, 86, 13, 86, 46, 0]"
j10,2,stnu,60,False,inf,0.614642858505249,inf,[],"""[0, 2, 2, 7, 4, 7, 4, 7, 5, 11, 3, 86, 13, 86, 46, 0]"""
j10,2,proactive_quantile_0.9,60,True,36,0.04740715026855469,0.0006921291351318359,"[0, 0, 0, 0, 14, 2, 9, 14, 27, 14, 17, 0, 0, 0, 0, 85]","""[0, 2, 15, 3, 2, 6, 4, 13, 3, 11, 6, 86, 13, 86, 46, 0]"""
j10,2,reactive,60,False,inf,inf,inf,null,"[0, 2, 15, 3, 2, 6, 4, 13, 3, 11, 6, 86, 13, 86, 46, 0]"
j10,2,stnu,60,False,inf,0.5366694927215576,inf,[],"""[0, 2, 2, 3, 2, 6, 4, 13, 3, 11, 6, 86, 13, 86, 46, 0]"""
j10,2,proactive_quantile_0.9,60,True,36,0.04446673393249512,0.0006227493286132812,"[0, 0, 0, 0, 14, 2, 9, 14, 27, 14, 17, 0, 0, 0, 0, 85]","""[0, 3, 11, 8, 3, 1, 3, 7, 9, 13, 10, 86, 13, 86, 46, 0]"""
j10,2,reactive,60,False,inf,inf,inf,null,"[0, 3, 11, 8, 3, 1, 3, 7, 9, 13, 10, 86, 13, 86, 46, 0]"
j10,2,stnu,60,False,inf,0.5364749431610107,inf,[],"""[0, 5, 1, 8, 3, 1, 3, 7, 9, 13, 10, 86, 13, 86, 46, 0]"""
j10,2,proactive_quantile_0.9,60,True,31,0.15584373474121094,0.000240325927734375,"[0, 0, 9, 0, 9, 13, 20, 22, 24, 24, 22, 0, 33]","""[0, 7, 5, 1, 1, 1, 1, 1, 4, 2, 4, 34, 0]"""
j10,2,reactive,60,True,19,0.15584373474121094,0.16190719604492188,"[0, 0, 9, 0, 9, 13, 14, 14, 15, 15, 14, 0, 19]","[0, 7, 5, 1, 1, 1, 1, 1, 4, 2, 4, 34, 0]"
j10,2,stnu,60,True,18,0.7473130226135254,0.00537419319152832,"[0, 0, 7, 0, 7, 8, 12, 13, 14, 14, 13, 0, 18]","""[0, 7, 5, 1, 1, 1, 1, 1, 4, 2, 4, 34, 0]"""
j10,2,proactive_quantile_0.9,60,True,31,0.15552973747253418,0.00023555755615234375,"[0, 0, 9, 0, 9, 13, 20, 22, 24, 24, 22, 0, 33]","""[0, 1, 8, 3, 1, 1, 1, 2, 5, 4, 7, 34, 0]"""
j10,2,reactive,60,True,29,0.15552973747253418,0.15265512466430664,"[0, 0, 9, 0, 9, 13, 20, 22, 24, 24, 22, 0, 29]","[0, 1, 8, 3, 1, 1, 1, 2, 5, 4, 7, 34, 0]"
j10,2,stnu,60,True,15,0.5682797431945801,0.005354404449462891,"[0, 7, 0, 0, 8, 9, 7, 9, 11, 11, 11, 0, 15]","""[0, 1, 5, 7, 1, 1, 1, 2, 4, 4, 2, 34, 0]"""
j10,2,proactive_quantile_0.9,60,True,31,0.17922210693359375,0.00021147727966308594,"[0, 0, 9, 0, 9, 13, 20, 22, 24, 24, 22, 0, 33]","""[0, 2, 4, 1, 2, 4, 1, 1, 8, 3, 5, 34, 0]"""
j10,2,reactive,60,True,25,0.17922210693359375,0.15463662147521973,"[0, 0, 9, 0, 9, 13, 20, 13, 17, 21, 17, 0, 25]","[0, 2, 4, 1, 2, 4, 1, 1, 8, 3, 5, 34, 0]"
j10,2,stnu,60,True,27,0.6777253150939941,0.00555729866027832,"[0, 0, 8, 0, 8, 11, 15, 12, 26, 19, 19, 0, 27]","""[0, 8, 3, 2, 4, 6, 4, 3, 1, 7, 4, 34, 0]"""
j10,2,proactive_quantile_0.9,60,True,33,0.07340836524963379,0.00023055076599121094,"[0, 0, 12, 0, 9, 9, 22, 14, 23, 25, 14, 0, 33]","""[0, 3, 1, 3, 3, 1, 2, 3, 2, 8, 8, 34, 0]"""
j10,2,reactive,60,True,30,0.07340836524963379,0.09337115287780762,"[0, 0, 12, 0, 9, 9, 13, 12, 28, 20, 12, 0, 30]","[0, 3, 1, 3, 3, 1, 2, 3, 2, 8, 8, 34, 0]"
j10,2,stnu,60,True,24,0.5715005397796631,0.005432844161987305,"[0, 0, 4, 0, 3, 3, 9, 6, 14, 16, 6, 0, 24]","""[0, 3, 1, 3, 3, 1, 2, 3, 2, 8, 8, 34, 0]"""
j10,2,proactive_quantile_0.9,60,False,inf,0.15911555290222168,inf,"[0, 0, 9, 0, 9, 13, 20, 22, 24, 24, 22, 0, 33]","""[0, 3, 9, 1, 3, 4, 2, 3, 6, 2, 4, 34, 0]"""
j10,2,reactive,60,False,inf,inf,inf,null,"[0, 3, 9, 1, 3, 4, 2, 3, 6, 2, 4, 34, 0]"
j10,2,stnu,60,True,23,0.6690995693206787,0.00538945198059082,"[0, 0, 3, 0, 3, 6, 12, 14, 17, 17, 14, 0, 23]","""[0, 3, 9, 1, 3, 4, 2, 3, 6, 2, 4, 34, 0]"""
j10,2,proactive_quantile_0.9,60,True,33,0.08084225654602051,0.0002467632293701172,"[0, 0, 12, 0, 9, 9, 22, 14, 23, 25, 14, 0, 33]","""[0, 5, 2, 3, 4, 3, 3, 2, 2, 4, 8, 34, 0]"""
j10,2,reactive,60,True,29,0.08084225654602051,0.09778404235839844,"[0, 0, 12, 0, 9, 9, 22, 14, 23, 25, 14, 0, 29]","[0, 5, 2, 3, 4, 3, 3, 2, 2, 4, 8, 34, 0]"
j10,2,stnu,60,True,23,0.5640115737915039,0.005431652069091797,"[0, 0, 8, 0, 5, 5, 11, 9, 17, 19, 9, 0, 23]","""[0, 5, 2, 3, 4, 3, 3, 2, 2, 4, 8, 34, 0]"""
j10,2,proactive_quantile_0.9,60,True,31,0.15961647033691406,0.000240325927734375,"[0, 0, 9, 0, 9, 13, 20, 22, 24, 24, 22, 0, 33]","""[0, 3, 12, 6, 2, 2, 3, 1, 6, 1, 2, 34, 0]"""
j10,2,reactive,60,False,inf,inf,inf,null,"[0, 3, 12, 6, 2, 2, 3, 1, 6, 1, 2, 34, 0]"
j10,2,stnu,60,True,26,0.552095890045166,0.005412578582763672,"[0, 0, 10, 0, 8, 8, 20, 9, 20, 23, 10, 0, 26]","""[0, 8, 10, 3, 1, 2, 3, 1, 1, 3, 2, 34, 0]"""
j10,2,proactive_quantile_0.9,60,True,33,0.08493709564208984,0.000213623046875,"[0, 0, 12, 0, 9, 9, 22, 14, 23, 25, 14, 0, 33]","""[0, 7, 3, 7, 1, 2, 1, 1, 2, 7, 3, 34, 0]"""
j10,2,reactive,60,True,32,0.08493709564208984,0.12383317947387695,"[0, 0, 12, 0, 9, 9, 22, 14, 23, 25, 14, 0, 32]","[0, 7, 3, 7, 1, 2, 1, 1, 2, 7, 3, 34, 0]"
j10,2,stnu,60,True,21,0.5740485191345215,0.0052988529205322266,"[0, 0, 9, 0, 7, 7, 12, 8, 12, 14, 9, 0, 21]","""[0, 7, 3, 7, 1, 2, 1, 1, 2, 7, 3, 34, 0]"""
j10,2,proactive_quantile_0.9,60,False,inf,0.15068840980529785,inf,"[0, 0, 9, 0, 9, 13, 20, 22, 24, 24, 22, 0, 33]","""[0, 9, 9, 5, 3, 4, 2, 3, 5, 4, 6, 34, 0]"""
j10,2,reactive,60,False,inf,inf,inf,null,"[0, 9, 9, 5, 3, 4, 2, 3, 5, 4, 6, 34, 0]"
j10,2,stnu,60,True,24,0.5491528511047363,0.005438089370727539,"[0, 0, 10, 0, 6, 6, 13, 11, 17, 20, 11, 0, 24]","""[0, 5, 1, 6, 5, 4, 2, 2, 3, 4, 6, 34, 0]"""
j10,2,proactive_quantile_0.9,60,False,inf,0.16527581214904785,inf,"[0, 0, 9, 0, 9, 13, 20, 22, 24, 24, 22, 0, 33]","""[0, 10, 7, 2, 3, 1, 2, 1, 8, 2, 3, 34, 0]"""
j10,2,reactive,60,False,inf,inf,inf,null,"[0, 10, 7, 2, 3, 1, 2, 1, 8, 2, 3, 34, 0]"
j10,2,stnu,60,True,28,0.683875322341919,0.005273103713989258,"[0, 0, 10, 0, 10, 13, 17, 19, 20, 20, 19, 0, 28]","""[0, 10, 7, 2, 3, 1, 2, 1, 8, 2, 3, 34, 0]"""
j10,2,proactive_quantile_0.9,60,True,37,0.048807382583618164,0.0009400844573974609,"[0, 0, 0, 0, 7, 9, 12, 20, 28, 20, 12, 0, 0, 0, 0, 0, 0, 0, 0, 78]","""[0, 7, 5, 2, 5, 1, 4, 1, 9, 3, 5, 79, 31, 41, 26, 18, 62, 69, 77, 0]"""
j10,2,reactive,60,True,37,0.048807382583618164,0.14887452125549316,"[0, 0, 0, 0, 7, 9, 12, 20, 28, 20, 12, 0, 0, 0, 0, 0, 0, 0, 0, 37]","[0, 7, 5, 2, 5, 1, 4, 1, 9, 3, 5, 79, 31, 41, 26, 18, 62, 69, 77, 0]"
j10,2,stnu,60,True,24,0.6016192436218262,0.011737823486328125,"[0, 0, 0, 0, 7, 7, 8, 12, 15, 12, 8, 0, 0, 0, 0, 0, 0, 0, 0, 24]","""[0, 7, 5, 2, 5, 1, 4, 1, 9, 3, 5, 79, 31, 41, 26, 18, 62, 69, 77, 0]"""
j10,2,proactive_quantile_0.9,60,True,37,0.03667330741882324,0.0009341239929199219,"[0, 0, 0, 0, 7, 9, 12, 20, 28, 20, 12, 0, 0, 0, 0, 0, 0, 0, 0, 78]","""[0, 4, 8, 4, 9, 2, 2, 2, 3, 3, 2, 79, 31, 41, 26, 18, 62, 69, 77, 0]"""
j10,2,reactive,60,True,31,0.03667330741882324,0.1662912368774414,"[0, 0, 0, 0, 7, 9, 12, 20, 28, 20, 12, 0, 0, 0, 0, 0, 0, 0, 0, 31]","[0, 4, 8, 4, 9, 2, 2, 2, 3, 3, 2, 79, 31, 41, 26, 18, 62, 69, 77, 0]"
j10,2,stnu,60,True,19,0.5819869041442871,0.01165151596069336,"[0, 0, 0, 0, 4, 8, 10, 13, 16, 13, 10, 0, 0, 0, 0, 0, 0, 0, 0, 19]","""[0, 4, 8, 4, 9, 2, 2, 2, 3, 3, 2, 79, 31, 41, 26, 18, 62, 69, 77, 0]"""
j10,2,proactive_quantile_0.9,60,True,26,0.12537860870361328,0.0009019374847412109,"[0, 0, 0, 0, 2, 9, 12, 4, 12, 15, 12, 0, 0, 0, 0, 0, 0, 0, 0, 78]","""[0, 1, 9, 2, 2, 3, 1, 3, 1, 12, 8, 79, 31, 41, 26, 18, 62, 69, 77, 0]"""
j10,2,reactive,60,True,27,0.12537860870361328,0.1377701759338379,"[0, 0, 0, 0, 2, 9, 12, 4, 12, 15, 12, 0, 0, 0, 0, 0, 0, 0, 0, 27]","[0, 1, 9, 2, 2, 3, 1, 3, 1, 12, 8, 79, 31, 41, 26, 18, 62, 69, 77, 0]"
j10,2,stnu,60,False,inf,0.6416289806365967,inf,[],"""[0, 1, 9, 2, 2, 3, 1, 3, 1, 12, 8, 79, 31, 41, 26, 18, 62, 69, 77, 0]"""
j10,2,proactive_quantile_0.9,60,True,37,0.04043984413146973,0.0009496212005615234,"[0, 0, 0, 0, 7, 9, 12, 20, 28, 20, 12, 0, 0, 0, 0, 0, 0, 0, 0, 78]","""[0, 1, 5, 1, 15, 4, 4, 4, 5, 1, 9, 79, 31, 41, 26, 18, 62, 69, 77, 0]"""
j10,2,reactive,60,False,inf,inf,inf,null,"[0, 1, 5, 1, 15, 4, 4, 4, 5, 1, 9, 79, 31, 41, 26, 18, 62, 69, 77, 0]"
j10,2,stnu,60,True,25,0.571946382522583,0.011713027954101562,"[0, 0, 0, 0, 1, 5, 9, 16, 20, 16, 9, 0, 0, 0, 0, 0, 0, 0, 0, 25]","""[0, 1, 5, 1, 15, 4, 4, 4, 5, 1, 9, 79, 31, 41, 26, 18, 62, 69, 77, 0]"""
j10,2,proactive_quantile_0.9,60,True,26,0.14687609672546387,0.0009737014770507812,"[0, 0, 0, 0, 2, 9, 12, 4, 12, 15, 12, 0, 0, 0, 0, 0, 0, 0, 0, 78]","""[0, 1, 6, 3, 3, 4, 4, 2, 3, 12, 7, 79, 31, 41, 26, 18, 62, 69, 77, 0]"""
j10,2,reactive,60,False,inf,inf,inf,null,"[0, 1, 6, 3, 3, 4, 4, 2, 3, 12, 7, 79, 31, 41, 26, 18, 62, 69, 77, 0]"
j10,2,stnu,60,False,inf,0.5253376960754395,inf,[],"""[0, 1, 6, 12, 3, 4, 4, 1, 3, 3, 2, 79, 31, 41, 26, 18, 62, 69, 77, 0]"""
j10,2,proactive_quantile_0.9,60,True,26,0.15249323844909668,0.0009355545043945312,"[0, 0, 0, 0, 2, 9, 12, 4, 12, 15, 12, 0, 0, 0, 0, 0, 0, 0, 0, 78]","""[0, 2, 8, 3, 3, 1, 1, 5, 3, 2, 5, 79, 31, 41, 26, 18, 62, 69, 77, 0]"""
j10,2,reactive,60,False,inf,inf,inf,null,"[0, 2, 8, 3, 3, 1, 1, 5, 3, 2, 5, 79, 31, 41, 26, 18, 62, 69, 77, 0]"
j10,2,stnu,60,True,25,0.6828258037567139,0.011866569519042969,"[0, 0, 0, 0, 7, 8, 9, 21, 23, 21, 9, 0, 0, 0, 0, 0, 0, 0, 0, 25]","""[0, 7, 8, 2, 14, 1, 1, 2, 2, 1, 5, 79, 31, 41, 26, 18, 62, 69, 77, 0]"""
j10,2,proactive_quantile_0.9,60,True,21,0.03019261360168457,0.0009315013885498047,"[0, 0, 0, 0, 2, 9, 12, 4, 12, 15, 12, 0, 0, 0, 0, 0, 0, 0, 0, 78]","""[0, 2, 7, 8, 2, 2, 3, 6, 2, 3, 5, 79, 31, 41, 26, 18, 62, 69, 77, 0]"""
j10,2,reactive,60,True,18,0.03019261360168457,0.11293935775756836,"[0, 0, 0, 0, 2, 9, 12, 4, 12, 15, 12, 0, 0, 0, 0, 0, 0, 0, 0, 18]","[0, 2, 7, 8, 2, 2, 3, 6, 2, 3, 5, 79, 31, 41, 26, 18, 62, 69, 77, 0]"
j10,2,stnu,60,True,26,0.5697710514068604,0.011818408966064453,"[0, 0, 0, 0, 2, 7, 9, 12, 20, 12, 9, 0, 0, 0, 0, 0, 0, 0, 0, 26]","""[0, 2, 7, 6, 3, 2, 3, 8, 6, 3, 5, 79, 31, 41, 26, 18, 62, 69, 77, 0]"""
j10,2,proactive_quantile_0.9,60,True,21,0.04393482208251953,0.0009496212005615234,"[0, 0, 0, 0, 2, 9, 12, 4, 12, 15, 12, 0, 0, 0, 0, 0, 0, 0, 0, 78]","""[0, 2, 1, 6, 3, 1, 2, 6, 1, 3, 5, 79, 31, 41, 26, 18, 62, 69, 77, 0]"""
j10,2,reactive,60,False,inf,inf,inf,null,"[0, 2, 1, 6, 3, 1, 2, 6, 1, 3, 5, 79, 31, 41, 26, 18, 62, 69, 77, 0]"
j10,2,stnu,60,True,28,0.6029150485992432,0.01177525520324707,"[0, 0, 0, 0, 4, 4, 5, 14, 19, 14, 5, 0, 0, 0, 0, 0, 0, 0, 0, 28]","""[0, 4, 1, 3, 10, 1, 2, 5, 9, 3, 5, 79, 31, 41, 26, 18, 62, 69, 77, 0]"""
j10,2,proactive_quantile_0.9,60,True,26,0.14739108085632324,0.0009140968322753906,"[0, 0, 0, 0, 2, 9, 12, 4, 12, 15, 12, 0, 0, 0, 0, 0, 0, 0, 0, 78]","""[0, 1, 10, 1, 1, 4, 2, 1, 3, 8, 11, 79, 31, 41, 26, 18, 62, 69, 77, 0]"""
j10,2,reactive,60,False,inf,inf,inf,null,"[0, 1, 10, 1, 1, 4, 2, 1, 3, 8, 11, 79, 31, 41, 26, 18, 62, 69, 77, 0]"
j10,2,stnu,60,False,inf,0.5923511981964111,inf,[],"""[0, 1, 10, 1, 1, 4, 2, 1, 3, 8, 11, 79, 31, 41, 26, 18, 62, 69, 77, 0]"""
j10,2,proactive_quantile_0.9,60,True,37,0.04704427719116211,0.0010001659393310547,"[0, 0, 0, 0, 7, 9, 12, 20, 28, 20, 12, 0, 0, 0, 0, 0, 0, 0, 0, 78]","""[0, 8, 10, 5, 6, 4, 4, 5, 3, 2, 10, 79, 31, 41, 26, 18, 62, 69, 77, 0]"""
j10,2,reactive,60,False,inf,inf,inf,null,"[0, 8, 10, 5, 6, 4, 4, 5, 3, 2, 10, 79, 31, 41, 26, 18, 62, 69, 77, 0]"
j10,2,stnu,60,False,inf,0.6562709808349609,inf,[],"""[0, 3, 10, 1, 3, 4, 4, 5, 3, 3, 9, 79, 31, 41, 26, 18, 62, 69, 77, 0]"""
j10,2,proactive_quantile_0.9,60,False,inf,0.1377580165863037,inf,"[0, 0, 9, 0, 17, 24, 17, 24, 33, 33, 33, 0, 72]","""[0, 10, 2, 12, 6, 4, 12, 5, 7, 11, 2, 73, 0]"""
j10,2,reactive,60,False,inf,inf,inf,null,"[0, 10, 2, 12, 6, 4, 12, 5, 7, 11, 2, 73, 0]"
j10,2,stnu,60,True,35,0.5946967601776123,0.005296945571899414,"[0, 0, 10, 0, 12, 18, 12, 18, 24, 24, 24, 0, 35]","""[0, 10, 2, 12, 6, 4, 12, 5, 7, 11, 2, 73, 0]"""
j10,2,proactive_quantile_0.9,60,True,43,0.06141829490661621,0.0003063678741455078,"[0, 0, 0, 0, 10, 7, 7, 20, 30, 27, 9, 0, 72]","""[0, 8, 1, 3, 3, 2, 4, 3, 11, 1, 1, 73, 0]"""
j10,2,reactive,60,True,41,0.06141829490661621,0.12338805198669434,"[0, 0, 0, 0, 10, 7, 7, 20, 30, 27, 9, 0, 41]","[0, 8, 1, 3, 3, 2, 4, 3, 11, 1, 1, 73, 0]"
j10,2,stnu,60,True,35,0.5833115577697754,0.005384683609008789,"[0, 0, 8, 0, 12, 13, 12, 13, 22, 22, 22, 0, 35]","""[0, 8, 4, 4, 1, 1, 4, 9, 8, 13, 1, 73, 0]"""
j10,2,proactive_quantile_0.9,60,True,43,0.03927040100097656,0.0003485679626464844,"[0, 0, 0, 0, 10, 7, 7, 20, 30, 27, 9, 0, 72]","""[0, 9, 5, 1, 9, 2, 15, 6, 10, 2, 1, 73, 0]"""
j10,2,reactive,60,True,40,0.03927040100097656,0.11057591438293457,"[0, 0, 0, 0, 10, 7, 7, 20, 30, 27, 9, 0, 40]","[0, 9, 5, 1, 9, 2, 15, 6, 10, 2, 1, 73, 0]"
j10,2,stnu,60,True,31,0.5886671543121338,0.005317211151123047,"[0, 0, 1, 0, 4, 7, 7, 7, 22, 22, 22, 0, 31]","""[0, 1, 3, 7, 3, 3, 15, 2, 9, 7, 1, 73, 0]"""
j10,2,proactive_quantile_0.9,60,True,43,0.04894900321960449,0.00035572052001953125,"[0, 0, 0, 0, 10, 7, 7, 20, 30, 27, 9, 0, 72]","""[0, 1, 7, 3, 6, 1, 12, 3, 11, 3, 1, 73, 0]"""
j10,2,reactive,60,True,41,0.04894900321960449,0.09185409545898438,"[0, 0, 0, 0, 10, 7, 7, 20, 30, 27, 9, 0, 41]","[0, 1, 7, 3, 6, 1, 12, 3, 11, 3, 1, 73, 0]"
j10,2,stnu,60,True,33,0.5785923004150391,0.005364894866943359,"[0, 0, 10, 0, 11, 15, 11, 15, 23, 23, 23, 0, 33]","""[0, 10, 1, 7, 4, 4, 12, 3, 5, 10, 1, 73, 0]"""
j10,2,proactive_quantile_0.9,60,False,inf,0.06023049354553223,inf,"[0, 0, 9, 0, 17, 24, 17, 24, 33, 33, 33, 0, 72]","""[0, 9, 9, 5, 7, 4, 7, 2, 10, 13, 3, 73, 0]"""
j10,2,reactive,60,False,inf,inf,inf,null,"[0, 9, 9, 5, 7, 4, 7, 2, 10, 13, 3, 73, 0]"
j10,2,stnu,60,True,42,0.6793313026428223,0.00531768798828125,"[0, 0, 9, 0, 18, 25, 18, 25, 29, 29, 29, 0, 42]","""[0, 9, 9, 5, 7, 4, 7, 2, 10, 13, 3, 73, 0]"""
j10,2,proactive_quantile_0.9,60,False,inf,0.048862457275390625,inf,"[0, 0, 0, 0, 10, 7, 7, 20, 30, 27, 9, 0, 72]","""[0, 9, 1, 2, 2, 1, 13, 2, 10, 4, 2, 73, 0]"""
j10,2,reactive,60,True,41,0.048862457275390625,0.09980583190917969,"[0, 0, 0, 0, 10, 7, 7, 20, 31, 27, 9, 0, 41]","[0, 9, 1, 2, 2, 1, 13, 2, 10, 4, 2, 73, 0]"
j10,2,stnu,60,True,30,0.572246789932251,0.005337715148925781,"[0, 0, 3, 0, 4, 5, 4, 5, 17, 17, 17, 0, 30]","""[0, 3, 1, 3, 1, 1, 13, 6, 8, 13, 2, 73, 0]"""
j10,2,proactive_quantile_0.9,60,True,43,0.15502691268920898,0.0003414154052734375,"[0, 0, 0, 0, 10, 7, 7, 20, 29, 29, 9, 0, 72]","""[0, 3, 1, 3, 9, 2, 6, 6, 12, 1, 3, 73, 0]"""
j10,2,reactive,60,True,41,0.15502691268920898,0.1103675365447998,"[0, 0, 0, 0, 10, 7, 7, 20, 29, 29, 9, 0, 41]","[0, 3, 1, 3, 9, 2, 6, 6, 12, 1, 3, 73, 0]"
j10,2,stnu,60,True,36,0.5669071674346924,0.00527644157409668,"[0, 0, 10, 0, 13, 18, 13, 18, 24, 24, 24, 0, 36]","""[0, 10, 3, 2, 5, 6, 6, 6, 12, 12, 1, 73, 0]"""
j10,2,proactive_quantile_0.9,60,True,43,0.04797482490539551,0.0003323554992675781,"[0, 0, 0, 0, 10, 7, 7, 20, 30, 27, 9, 0, 72]","""[0, 3, 6, 3, 10, 3, 8, 5, 10, 2, 2, 73, 0]"""
j10,2,reactive,60,False,inf,inf,inf,null,"[0, 3, 6, 3, 10, 3, 8, 5, 10, 2, 2, 73, 0]"
j10,2,stnu,60,True,36,0.7044661045074463,0.005315303802490234,"[0, 0, 3, 0, 11, 13, 11, 13, 23, 23, 23, 0, 36]","""[0, 3, 8, 3, 2, 1, 8, 10, 13, 11, 2, 73, 0]"""
j10,2,proactive_quantile_0.9,60,False,inf,0.04910755157470703,inf,"[0, 0, 0, 0, 10, 7, 7, 20, 30, 27, 9, 0, 72]","""[0, 12, 3, 1, 3, 1, 7, 5, 4, 4, 2, 73, 0]"""
j10,2,reactive,60,False,inf,inf,inf,null,"[0, 12, 3, 1, 3, 1, 7, 5, 4, 4, 2, 73, 0]"
j10,2,stnu,60,True,25,0.5700509548187256,0.005425453186035156,"[0, 0, 2, 0, 6, 7, 11, 11, 18, 18, 18, 0, 25]","""[0, 2, 4, 11, 1, 2, 7, 6, 3, 7, 2, 73, 0]"""
j10,2,proactive_quantile_0.9,60,False,inf,0.06968355178833008,inf,"[0, 0, 0, 0, 10, 7, 7, 20, 30, 27, 9, 0, 72]","""[0, 2, 8, 2, 5, 1, 12, 6, 14, 4, 2, 73, 0]"""
j10,2,reactive,60,False,inf,inf,inf,null,"[0, 2, 8, 2, 5, 1, 12, 6, 14, 4, 2, 73, 0]"
j10,2,stnu,60,True,36,0.5864629745483398,0.005370378494262695,"[0, 0, 9, 0, 17, 22, 17, 22, 31, 31, 31, 0, 36]","""[0, 9, 8, 6, 5, 3, 12, 9, 4, 5, 2, 73, 0]"""
j10,2,proactive_quantile_0.9,60,False,inf,0.07068276405334473,inf,"[0, 3, 0, 0, 7, 7, 17, 14, 17, 14, 22, 0, 0, 64]","""[0, 1, 5, 1, 6, 5, 6, 2, 1, 4, 8, 32, 65, 0]"""
j10,2,reactive,60,False,inf,inf,inf,null,"[0, 1, 5, 1, 6, 5, 6, 2, 1, 4, 8, 32, 65, 0]"
j10,2,stnu,60,True,27,0.5975613594055176,0.0061185359954833984,"[0, 1, 0, 0, 5, 5, 13, 11, 15, 11, 19, 0, 0, 27]","""[0, 1, 5, 1, 6, 5, 6, 2, 1, 4, 8, 32, 65, 0]"""
j10,2,proactive_quantile_0.9,60,False,inf,0.04960441589355469,inf,"[0, 3, 0, 0, 7, 7, 17, 14, 17, 14, 22, 0, 0, 64]","""[0, 1, 8, 3, 7, 7, 5, 3, 11, 4, 11, 32, 65, 0]"""
j10,2,reactive,60,False,inf,inf,inf,null,"[0, 1, 8, 3, 7, 7, 5, 3, 11, 4, 11, 32, 65, 0]"
j10,2,stnu,60,True,34,0.672266960144043,0.006059885025024414,"[0, 3, 0, 0, 8, 8, 18, 15, 19, 15, 23, 0, 0, 34]","""[0, 1, 8, 3, 7, 7, 5, 3, 11, 4, 11, 32, 65, 0]"""
j10,2,proactive_quantile_0.9,60,False,inf,0.04047369956970215,inf,"[0, 3, 0, 0, 7, 7, 17, 14, 17, 14, 22, 0, 0, 64]","""[0, 2, 6, 3, 5, 8, 2, 2, 1, 1, 4, 32, 65, 0]"""
j10,2,reactive,60,False,inf,inf,inf,null,"[0, 2, 6, 3, 5, 8, 2, 2, 1, 1, 4, 32, 65, 0]"
j10,2,stnu,60,True,37,0.5673234462738037,0.00617671012878418,"[0, 3, 0, 0, 12, 6, 23, 14, 16, 23, 31, 0, 0, 37]","""[0, 9, 6, 3, 4, 8, 8, 9, 1, 6, 6, 32, 65, 0]"""
j10,2,proactive_quantile_0.9,60,True,41,0.1371300220489502,0.0003981590270996094,"[0, 0, 0, 18, 9, 16, 29, 7, 16, 23, 34, 0, 0, 64]","""[0, 13, 3, 5, 4, 6, 3, 4, 15, 4, 1, 32, 65, 0]"""
j10,2,reactive,60,True,33,0.1371300220489502,0.13526368141174316,"[0, 0, 0, 18, 9, 16, 29, 7, 16, 23, 32, 0, 0, 33]","[0, 13, 3, 5, 4, 6, 3, 4, 15, 4, 1, 32, 65, 0]"
j10,2,stnu,60,True,25,0.5942912101745605,0.006133079528808594,"[0, 4, 0, 0, 5, 1, 11, 7, 8, 20, 20, 0, 0, 25]","""[0, 1, 1, 4, 3, 6, 8, 4, 12, 5, 1, 32, 65, 0]"""
j10,2,proactive_quantile_0.9,60,False,inf,0.05077075958251953,inf,"[0, 3, 0, 0, 7, 7, 17, 14, 17, 14, 22, 0, 0, 64]","""[0, 3, 1, 1, 8, 2, 5, 3, 8, 1, 12, 32, 65, 0]"""
j10,2,reactive,60,False,inf,inf,inf,null,"[0, 3, 1, 1, 8, 2, 5, 3, 8, 1, 12, 32, 65, 0]"
j10,2,stnu,60,True,32,0.5910613536834717,0.006036043167114258,"[0, 1, 0, 0, 4, 4, 15, 12, 15, 12, 20, 0, 0, 32]","""[0, 3, 1, 1, 8, 2, 5, 3, 8, 1, 12, 32, 65, 0]"""
j10,2,proactive_quantile_0.9,60,True,41,0.11536121368408203,0.00038123130798339844,"[0, 0, 0, 18, 9, 16, 29, 7, 16, 23, 34, 0, 0, 64]","""[0, 11, 7, 5, 3, 3, 6, 8, 9, 1, 2, 32, 65, 0]"""
j10,2,reactive,60,False,inf,inf,inf,null,"[0, 11, 7, 5, 3, 3, 6, 8, 9, 1, 2, 32, 65, 0]"
j10,2,stnu,60,True,28,0.6782841682434082,0.006125450134277344,"[0, 4, 0, 0, 10, 10, 21, 13, 14, 21, 26, 0, 0, 28]","""[0, 6, 10, 4, 4, 3, 5, 8, 5, 3, 2, 32, 65, 0]"""
j10,2,proactive_quantile_0.9,60,True,43,0.04829668998718262,0.0003941059112548828,"[0, 3, 0, 0, 11, 9, 27, 16, 20, 30, 36, 0, 0, 64]","""[0, 2, 3, 1, 9, 7, 10, 12, 1, 2, 1, 32, 65, 0]"""
j10,2,reactive,60,False,inf,inf,inf,null,"[0, 2, 3, 1, 9, 7, 10, 12, 1, 2, 1, 32, 65, 0]"
j10,2,stnu,60,True,25,0.5789041519165039,0.006011962890625,"[0, 1, 0, 0, 5, 5, 13, 12, 16, 12, 17, 0, 0, 25]","""[0, 4, 1, 1, 7, 7, 4, 1, 1, 4, 8, 32, 65, 0]"""
j10,2,proactive_quantile_0.9,60,True,43,0.1634232997894287,0.00036144256591796875,"[0, 3, 0, 0, 11, 9, 27, 16, 20, 30, 36, 0, 0, 64]","""[0, 3, 8, 1, 5, 5, 2, 3, 2, 6, 3, 32, 65, 0]"""
j10,2,reactive,60,True,36,0.1634232997894287,0.16398358345031738,"[0, 3, 0, 0, 11, 9, 27, 16, 20, 30, 29, 0, 0, 36]","[0, 3, 8, 1, 5, 5, 2, 3, 2, 6, 3, 32, 65, 0]"
j10,2,stnu,60,True,25,0.5596621036529541,0.006090402603149414,"[0, 1, 0, 0, 6, 6, 12, 11, 14, 11, 14, 0, 0, 25]","""[0, 3, 6, 1, 3, 5, 2, 1, 2, 3, 11, 32, 65, 0]"""
j10,2,proactive_quantile_0.9,60,False,inf,0.055724382400512695,inf,"[0, 3, 0, 0, 7, 7, 17, 14, 17, 14, 22, 0, 0, 64]","""[0, 4, 2, 1, 8, 5, 5, 1, 10, 2, 5, 32, 65, 0]"""
j10,2,reactive,60,False,inf,inf,inf,null,"[0, 4, 2, 1, 8, 5, 5, 1, 10, 2, 5, 32, 65, 0]"
j10,2,stnu,60,True,29,0.5606391429901123,0.006178617477416992,"[0, 1, 0, 0, 9, 9, 21, 14, 14, 24, 26, 0, 0, 29]","""[0, 6, 9, 1, 4, 5, 5, 7, 10, 4, 3, 32, 65, 0]"""
j10,2,proactive_quantile_0.9,60,True,41,0.14479684829711914,0.00040459632873535156,"[0, 0, 0, 18, 9, 16, 29, 7, 16, 23, 34, 0, 0, 64]","""[0, 12, 5, 12, 5, 3, 1, 8, 14, 1, 6, 32, 65, 0]"""
j10,2,reactive,60,False,inf,inf,inf,null,"[0, 12, 5, 12, 5, 3, 1, 8, 14, 1, 6, 32, 65, 0]"
j10,2,stnu,60,True,29,0.5589547157287598,0.0061419010162353516,"[0, 4, 0, 0, 8, 1, 16, 8, 11, 23, 23, 0, 0, 29]","""[0, 4, 1, 4, 3, 3, 3, 8, 12, 3, 6, 32, 65, 0]"""
j10,2,proactive_quantile_0.9,60,False,inf,0.050365447998046875,inf,"[0, 0, 0, 0, 10, 23, 15, 15, 26, 34, 24, 0, 41]","""[0, 11, 8, 8, 3, 4, 9, 8, 6, 2, 4, 42, 0]"""
j10,2,reactive,60,False,inf,inf,inf,null,"[0, 11, 8, 8, 3, 4, 9, 8, 6, 2, 4, 42, 0]"
j10,2,stnu,60,False,inf,0.6407570838928223,inf,[],"""[0, 11, 5, 8, 3, 2, 9, 8, 6, 5, 4, 42, 0]"""
j10,2,proactive_quantile_0.9,60,False,inf,0.04864215850830078,inf,"[0, 0, 0, 0, 10, 23, 15, 15, 26, 34, 24, 0, 41]","""[0, 5, 4, 10, 4, 2, 8, 10, 7, 5, 8, 42, 0]"""
j10,2,reactive,60,False,inf,inf,inf,null,"[0, 5, 4, 10, 4, 2, 8, 10, 7, 5, 8, 42, 0]"
j10,2,stnu,60,False,inf,0.5694406032562256,inf,[],"""[0, 10, 2, 10, 4, 1, 8, 10, 7, 3, 8, 42, 0]"""
j10,2,proactive_quantile_0.9,60,False,inf,0.045575857162475586,inf,"[0, 0, 0, 0, 10, 23, 15, 15, 26, 34, 24, 0, 41]","""[0, 16, 1, 7, 2, 1, 5, 4, 16, 3, 12, 42, 0]"""
j10,2,reactive,60,False,inf,inf,inf,null,"[0, 16, 1, 7, 2, 1, 5, 4, 16, 3, 12, 42, 0]"
j10,2,stnu,60,False,inf,0.5365500450134277,inf,[],"""[0, 8, 3, 7, 2, 1, 5, 4, 16, 4, 12, 42, 0]"""
j10,2,proactive_quantile_0.9,60,False,inf,0.05328631401062012,inf,"[0, 0, 0, 0, 10, 23, 15, 15, 26, 34, 24, 0, 41]","""[0, 12, 12, 3, 5, 3, 5, 3, 13, 3, 5, 42, 0]"""
j10,2,reactive,60,False,inf,inf,inf,null,"[0, 12, 12, 3, 5, 3, 5, 3, 13, 3, 5, 42, 0]"
j10,2,stnu,60,False,inf,0.5545496940612793,inf,[],"""[0, 13, 1, 3, 5, 1, 5, 3, 13, 6, 5, 42, 0]"""
j10,2,proactive_quantile_0.9,60,True,40,0.04448580741882324,0.00027489662170410156,"[0, 0, 0, 0, 10, 23, 15, 15, 26, 34, 24, 0, 41]","""[0, 3, 4, 7, 5, 4, 1, 6, 11, 4, 1, 42, 0]"""
j10,2,reactive,60,False,inf,inf,inf,null,"[0, 3, 4, 7, 5, 4, 1, 6, 11, 4, 1, 42, 0]"
j10,2,stnu,60,False,inf,0.552847146987915,inf,[],"""[0, 10, 3, 7, 5, 1, 1, 6, 11, 2, 1, 42, 0]"""
j10,2,proactive_quantile_0.9,60,False,inf,0.15737152099609375,inf,"[0, 0, 0, 0, 10, 23, 15, 15, 26, 34, 24, 0, 41]","""[0, 6, 8, 9, 2, 4, 4, 5, 4, 3, 4, 42, 0]"""
j10,2,reactive,60,True,31,0.15737152099609375,0.1323258876800537,"[0, 0, 0, 0, 10, 23, 15, 15, 27, 20, 20, 0, 31]","[0, 6, 8, 9, 2, 4, 4, 5, 4, 3, 4, 42, 0]"
j10,2,stnu,60,False,inf,0.5637683868408203,inf,[],"""[0, 11, 1, 9, 2, 3, 4, 5, 4, 6, 4, 42, 0]"""
j10,2,proactive_quantile_0.9,60,True,40,0.15066957473754883,0.0003361701965332031,"[0, 0, 0, 0, 10, 23, 15, 15, 26, 34, 24, 0, 41]","""[0, 11, 6, 8, 5, 3, 8, 7, 14, 2, 10, 42, 0]"""
j10,2,reactive,60,True,40,0.15066957473754883,0.06557941436767578,"[0, 0, 0, 0, 10, 23, 15, 15, 26, 34, 24, 0, 40]","[0, 11, 6, 8, 5, 3, 8, 7, 14, 2, 10, 42, 0]"
j10,2,stnu,60,False,inf,0.6587226390838623,inf,[],"""[0, 11, 3, 8, 5, 2, 8, 7, 14, 7, 10, 42, 0]"""
j10,2,proactive_quantile_0.9,60,True,40,0.057530879974365234,0.0003104209899902344,"[0, 0, 0, 0, 10, 23, 15, 15, 26, 34, 24, 0, 41]","""[0, 12, 9, 3, 1, 1, 9, 2, 6, 1, 5, 42, 0]"""
j10,2,reactive,60,True,32,0.057530879974365234,0.1149594783782959,"[0, 0, 0, 0, 10, 23, 15, 15, 26, 24, 24, 0, 32]","[0, 12, 9, 3, 1, 1, 9, 2, 6, 1, 5, 42, 0]"
j10,2,stnu,60,False,inf,0.5324327945709229,inf,[],"""[0, 13, 2, 3, 1, 1, 9, 2, 6, 8, 5, 42, 0]"""
j10,2,proactive_quantile_0.9,60,False,inf,0.1613321304321289,inf,"[0, 0, 0, 0, 10, 23, 15, 15, 26, 34, 24, 0, 41]","""[0, 6, 5, 5, 6, 1, 7, 9, 6, 4, 4, 42, 0]"""
j10,2,reactive,60,False,inf,inf,inf,null,"[0, 6, 5, 5, 6, 1, 7, 9, 6, 4, 4, 42, 0]"
j10,2,stnu,60,False,inf,0.5972070693969727,inf,[],"""[0, 8, 3, 5, 6, 3, 7, 9, 6, 4, 4, 42, 0]"""
j10,2,proactive_quantile_0.9,60,False,inf,0.04920768737792969,inf,"[0, 0, 0, 0, 10, 23, 15, 15, 26, 34, 24, 0, 41]","""[0, 5, 3, 3, 6, 2, 8, 5, 4, 2, 6, 42, 0]"""
j10,2,reactive,60,False,inf,inf,inf,null,"[0, 5, 3, 3, 6, 2, 8, 5, 4, 2, 6, 42, 0]"
j10,2,stnu,60,False,inf,0.5256121158599854,inf,[],"""[0, 7, 1, 3, 6, 2, 8, 5, 4, 2, 6, 42, 0]"""
j10,2,proactive_quantile_0.9,60,True,32,0.058669090270996094,0.0010483264923095703,"[0, 0, 0, 0, 3, 9, 12, 8, 22, 22, 22, 0, 0, 0, 0, 0, 0, 0, 0, 0, 79]","""[0, 4, 7, 5, 10, 10, 3, 1, 1, 2, 2, 59, 14, 35, 45, 80, 34, 75, 69, 40, 0]"""
j10,2,reactive,60,False,inf,inf,inf,null,"[0, 4, 7, 5, 10, 10, 3, 1, 1, 2, 2, 59, 14, 35, 45, 80, 34, 75, 69, 40, 0]"
j10,2,stnu,60,True,26,0.6510424613952637,0.013218164443969727,"[0, 0, 0, 0, 3, 4, 7, 3, 13, 13, 13, 0, 0, 0, 0, 0, 0, 0, 0, 0, 26]","""[0, 3, 4, 3, 4, 2, 6, 1, 1, 2, 13, 59, 14, 35, 45, 80, 34, 75, 69, 40, 0]"""
j10,2,proactive_quantile_0.9,60,True,29,0.13136649131774902,0.0010790824890136719,"[0, 0, 0, 0, 2, 9, 9, 3, 16, 16, 16, 0, 0, 0, 0, 0, 0, 0, 0, 0, 79]","""[0, 1, 2, 1, 3, 4, 5, 3, 2, 4, 11, 59, 14, 35, 45, 80, 34, 75, 69, 40, 0]"""
j10,2,reactive,60,True,27,0.13136649131774902,0.18265748023986816,"[0, 0, 0, 0, 2, 9, 9, 3, 16, 16, 16, 0, 0, 0, 0, 0, 0, 0, 0, 0, 27]","[0, 1, 2, 1, 3, 4, 5, 3, 2, 4, 11, 59, 14, 35, 45, 80, 34, 75, 69, 40, 0]"
j10,2,stnu,60,True,28,0.5915172100067139,0.013180732727050781,"[0, 0, 0, 0, 1, 8, 8, 8, 20, 20, 20, 0, 0, 0, 0, 0, 0, 0, 0, 0, 28]","""[0, 1, 2, 8, 6, 4, 12, 3, 8, 4, 2, 59, 14, 35, 45, 80, 34, 75, 69, 40, 0]"""
j10,2,proactive_quantile_0.9,60,True,32,0.04684329032897949,0.0010459423065185547,"[0, 0, 0, 0, 3, 9, 12, 8, 22, 22, 22, 0, 0, 0, 0, 0, 0, 0, 0, 0, 79]","""[0, 4, 2, 6, 2, 5, 8, 2, 9, 2, 1, 59, 14, 35, 45, 80, 34, 75, 69, 40, 0]"""
j10,2,reactive,60,False,inf,inf,inf,null,"[0, 4, 2, 6, 2, 5, 8, 2, 9, 2, 1, 59, 14, 35, 45, 80, 34, 75, 69, 40, 0]"
j10,2,stnu,60,True,23,0.7093095779418945,0.013009071350097656,"[0, 0, 0, 0, 4, 6, 6, 6, 14, 14, 14, 0, 0, 0, 0, 0, 0, 0, 0, 0, 23]","""[0, 4, 2, 6, 2, 5, 8, 4, 9, 2, 1, 59, 14, 35, 45, 80, 34, 75, 69, 40, 0]"""
j10,2,proactive_quantile_0.9,60,False,inf,0.03713035583496094,inf,"[0, 0, 0, 0, 2, 8, 9, 3, 16, 16, 16, 0, 0, 0, 0, 0, 0, 0, 0, 0, 79]","""[0, 1, 5, 4, 6, 2, 6, 1, 1, 1, 1, 59, 14, 35, 45, 80, 34, 75, 69, 40, 0]"""
j10,2,reactive,60,False,inf,inf,inf,null,"[0, 1, 5, 4, 6, 2, 6, 1, 1, 1, 1, 59, 14, 35, 45, 80, 34, 75, 69, 40, 0]"
j10,2,stnu,60,True,22,0.6831300258636475,0.013138532638549805,"[0, 0, 0, 0, 1, 5, 7, 4, 13, 13, 13, 0, 0, 0, 0, 0, 0, 0, 0, 0, 22]","""[0, 1, 5, 4, 6, 2, 6, 1, 1, 6, 9, 59, 14, 35, 45, 80, 34, 75, 69, 40, 0]"""
j10,2,proactive_quantile_0.9,60,True,32,0.05218148231506348,0.0010457038879394531,"[0, 0, 0, 0, 3, 9, 12, 8, 22, 22, 22, 0, 0, 0, 0, 0, 0, 0, 0, 0, 79]","""[0, 3, 7, 9, 8, 10, 4, 3, 1, 5, 5, 59, 14, 35, 45, 80, 34, 75, 69, 40, 0]"""
j10,2,reactive,60,False,inf,inf,inf,null,"[0, 3, 7, 9, 8, 10, 4, 3, 1, 5, 5, 59, 14, 35, 45, 80, 34, 75, 69, 40, 0]"
j10,2,stnu,60,True,15,0.5859372615814209,0.013197183609008789,"[0, 0, 0, 0, 2, 7, 7, 4, 12, 12, 12, 0, 0, 0, 0, 0, 0, 0, 0, 0, 15]","""[0, 2, 2, 4, 1, 5, 1, 3, 1, 3, 1, 59, 14, 35, 45, 80, 34, 75, 69, 40, 0]"""
j10,2,proactive_quantile_0.9,60,True,32,0.06332159042358398,0.001077890396118164,"[0, 0, 0, 0, 3, 9, 12, 8, 22, 22, 22, 0, 0, 0, 0, 0, 0, 0, 0, 0, 79]","""[0, 1, 7, 5, 1, 4, 9, 3, 7, 1, 1, 59, 14, 35, 45, 80, 34, 75, 69, 40, 0]"""
j10,2,reactive,60,True,29,0.06332159042358398,0.17702913284301758,"[0, 0, 0, 0, 3, 9, 12, 8, 22, 22, 22, 0, 0, 0, 0, 0, 0, 0, 0, 0, 29]","[0, 1, 7, 5, 1, 4, 9, 3, 7, 1, 1, 59, 14, 35, 45, 80, 34, 75, 69, 40, 0]"
j10,2,stnu,60,True,20,0.7295243740081787,0.013254165649414062,"[0, 0, 0, 0, 2, 7, 7, 4, 15, 15, 15, 0, 0, 0, 0, 0, 0, 0, 0, 0, 20]","""[0, 2, 1, 4, 2, 3, 8, 3, 1, 1, 5, 59, 14, 35, 45, 80, 34, 75, 69, 40, 0]"""
j10,2,proactive_quantile_0.9,60,True,32,0.051363229751586914,0.0010373592376708984,"[0, 0, 0, 0, 3, 9, 12, 8, 22, 22, 22, 0, 0, 0, 0, 0, 0, 0, 0, 0, 79]","""[0, 1, 4, 4, 10, 6, 7, 2, 4, 8, 5, 59, 14, 35, 45, 80, 34, 75, 69, 40, 0]"""
j10,2,reactive,60,False,inf,inf,inf,null,"[0, 1, 4, 4, 10, 6, 7, 2, 4, 8, 5, 59, 14, 35, 45, 80, 34, 75, 69, 40, 0]"
j10,2,stnu,60,True,26,0.5844213962554932,0.013051509857177734,"[0, 0, 0, 0, 1, 4, 11, 4, 18, 18, 18, 0, 0, 0, 0, 0, 0, 0, 0, 0, 26]","""[0, 1, 4, 4, 10, 6, 7, 8, 4, 8, 5, 59, 14, 35, 45, 80, 34, 75, 69, 40, 0]"""
j10,2,proactive_quantile_0.9,60,False,inf,0.05474734306335449,inf,"[0, 0, 0, 0, 2, 8, 9, 3, 16, 16, 16, 0, 0, 0, 0, 0, 0, 0, 0, 0, 79]","""[0, 3, 5, 4, 7, 6, 2, 1, 3, 3, 3, 59, 14, 35, 45, 80, 34, 75, 69, 40, 0]"""
j10,2,reactive,60,False,inf,inf,inf,null,"[0, 3, 5, 4, 7, 6, 2, 1, 3, 3, 3, 59, 14, 35, 45, 80, 34, 75, 69, 40, 0]"
j10,2,stnu,60,True,27,0.603736400604248,0.013118982315063477,"[0, 0, 0, 0, 2, 10, 12, 6, 17, 17, 17, 0, 0, 0, 0, 0, 0, 0, 0, 0, 27]","""[0, 2, 10, 6, 10, 7, 4, 5, 10, 2, 4, 59, 14, 35, 45, 80, 34, 75, 69, 40, 0]"""
j10,2,proactive_quantile_0.9,60,True,32,0.07422828674316406,0.0010528564453125,"[0, 0, 0, 0, 3, 9, 12, 8, 22, 22, 22, 0, 0, 0, 0, 0, 0, 0, 0, 0, 79]","""[0, 2, 8, 1, 1, 5, 2, 2, 5, 4, 3, 59, 14, 35, 45, 80, 34, 75, 69, 40, 0]"""
j10,2,reactive,60,True,27,0.07422828674316406,0.18088960647583008,"[0, 0, 0, 0, 3, 9, 12, 8, 22, 22, 22, 0, 0, 0, 0, 0, 0, 0, 0, 0, 27]","[0, 2, 8, 1, 1, 5, 2, 2, 5, 4, 3, 59, 14, 35, 45, 80, 34, 75, 69, 40, 0]"
j10,2,stnu,60,True,18,0.5960693359375,0.013169288635253906,"[0, 0, 0, 0, 2, 8, 8, 2, 13, 13, 13, 0, 0, 0, 0, 0, 0, 0, 0, 0, 18]","""[0, 2, 8, 1, 1, 5, 2, 10, 5, 4, 3, 59, 14, 35, 45, 80, 34, 75, 69, 40, 0]"""
j10,2,proactive_quantile_0.9,60,True,32,0.056899070739746094,0.0010302066802978516,"[0, 0, 0, 0, 3, 9, 12, 8, 22, 22, 22, 0, 0, 0, 0, 0, 0, 0, 0, 0, 79]","""[0, 1, 7, 2, 8, 6, 3, 2, 10, 6, 5, 59, 14, 35, 45, 80, 34, 75, 69, 40, 0]"""
j10,2,reactive,60,True,32,0.056899070739746094,0.1494007110595703,"[0, 0, 0, 0, 3, 9, 12, 8, 22, 22, 22, 0, 0, 0, 0, 0, 0, 0, 0, 0, 32]","[0, 1, 7, 2, 8, 6, 3, 2, 10, 6, 5, 59, 14, 35, 45, 80, 34, 75, 69, 40, 0]"
j10,2,stnu,60,True,23,0.6166229248046875,0.013067960739135742,"[0, 0, 0, 0, 1, 7, 9, 2, 13, 13, 13, 0, 0, 0, 0, 0, 0, 0, 0, 0, 23]","""[0, 1, 7, 2, 8, 6, 3, 9, 10, 6, 5, 59, 14, 35, 45, 80, 34, 75, 69, 40, 0]"""
j10,2,proactive_quantile_0.9,60,True,20,0.03986859321594238,0.0006394386291503906,"[0, 0, 0, 0, 2, 9, 9, 9, 16, 17, 3, 0, 0, 0, 0, 0, 0, 60]","""[0, 1, 1, 3, 4, 8, 5, 2, 3, 2, 2, 30, 52, 59, 15, 48, 61, 0]"""
j10,2,reactive,60,False,inf,inf,inf,null,"[0, 1, 1, 3, 4, 8, 5, 2, 3, 2, 2, 30, 52, 59, 15, 48, 61, 0]"
j10,2,stnu,60,False,inf,0.5626659393310547,inf,[],"""[0, 3, 2, 3, 6, 8, 5, 5, 3, 2, 1, 30, 52, 59, 15, 48, 61, 0]"""
j10,2,proactive_quantile_0.9,60,True,20,0.1194157600402832,0.0006535053253173828,"[0, 0, 0, 0, 2, 9, 9, 9, 16, 17, 3, 0, 0, 0, 0, 0, 0, 60]","""[0, 4, 1, 2, 1, 5, 3, 2, 1, 3, 1, 30, 52, 59, 15, 48, 61, 0]"""
j10,2,reactive,60,False,inf,inf,inf,null,"[0, 4, 1, 2, 1, 5, 3, 2, 1, 3, 1, 30, 52, 59, 15, 48, 61, 0]"
j10,2,stnu,60,False,inf,0.5643513202667236,inf,[],"""[0, 3, 3, 2, 3, 5, 3, 2, 3, 3, 1, 30, 52, 59, 15, 48, 61, 0]"""
j10,2,proactive_quantile_0.9,60,False,inf,0.07473587989807129,inf,"[0, 0, 0, 0, 2, 9, 9, 9, 16, 17, 3, 0, 0, 0, 0, 0, 0, 60]","""[0, 4, 3, 3, 8, 6, 6, 3, 1, 3, 2, 30, 52, 59, 15, 48, 61, 0]"""
j10,2,reactive,60,False,inf,inf,inf,null,"[0, 4, 3, 3, 8, 6, 6, 3, 1, 3, 2, 30, 52, 59, 15, 48, 61, 0]"
j10,2,stnu,60,False,inf,0.5791776180267334,inf,[],"""[0, 3, 1, 3, 1, 6, 6, 3, 6, 3, 5, 30, 52, 59, 15, 48, 61, 0]"""
j10,2,proactive_quantile_0.9,60,True,20,0.05355477333068848,0.0006330013275146484,"[0, 0, 0, 0, 2, 9, 9, 9, 16, 17, 3, 0, 0, 0, 0, 0, 0, 60]","""[0, 2, 2, 1, 3, 4, 1, 1, 4, 2, 2, 30, 52, 59, 15, 48, 61, 0]"""
j10,2,reactive,60,True,20,0.05355477333068848,0.14507746696472168,"[0, 0, 0, 0, 2, 9, 9, 9, 16, 17, 3, 0, 0, 0, 0, 0, 0, 20]","[0, 2, 2, 1, 3, 4, 1, 1, 4, 2, 2, 30, 52, 59, 15, 48, 61, 0]"
j10,2,stnu,60,False,inf,0.5458569526672363,inf,[],"""[0, 3, 1, 1, 6, 4, 1, 6, 3, 2, 3, 30, 52, 59, 15, 48, 61, 0]"""
j10,2,proactive_quantile_0.9,60,True,20,0.06258916854858398,0.0006935596466064453,"[0, 0, 0, 0, 2, 9, 9, 9, 16, 17, 3, 0, 0, 0, 0, 0, 0, 60]","""[0, 4, 2, 2, 8, 3, 7, 2, 2, 4, 3, 30, 52, 59, 15, 48, 61, 0]"""
j10,2,reactive,60,False,inf,inf,inf,null,"[0, 4, 2, 2, 8, 3, 7, 2, 2, 4, 3, 30, 52, 59, 15, 48, 61, 0]"
j10,2,stnu,60,True,21,0.5761370658874512,0.00947713851928711,"[0, 0, 0, 0, 2, 10, 10, 10, 13, 17, 4, 0, 0, 0, 0, 0, 0, 21]","""[0, 4, 2, 2, 8, 3, 7, 2, 2, 4, 3, 30, 52, 59, 15, 48, 61, 0]"""
j10,2,proactive_quantile_0.9,60,True,20,0.05899834632873535,0.0006999969482421875,"[0, 0, 0, 0, 2, 9, 9, 9, 16, 17, 3, 0, 0, 0, 0, 0, 0, 60]","""[0, 3, 1, 2, 7, 2, 5, 3, 4, 2, 3, 30, 52, 59, 15, 48, 61, 0]"""
j10,2,reactive,60,True,20,0.05899834632873535,0.12239360809326172,"[0, 0, 0, 0, 2, 9, 9, 9, 16, 17, 3, 0, 0, 0, 0, 0, 0, 20]","[0, 3, 1, 2, 7, 2, 5, 3, 4, 2, 3, 30, 52, 59, 15, 48, 61, 0]"
j10,2,stnu,60,False,inf,0.5965738296508789,inf,[],"""[0, 5, 2, 2, 9, 2, 5, 2, 1, 2, 6, 30, 52, 59, 15, 48, 61, 0]"""
j10,2,proactive_quantile_0.9,60,True,20,0.04700922966003418,0.000701904296875,"[0, 0, 0, 0, 2, 9, 9, 9, 16, 17, 3, 0, 0, 0, 0, 0, 0, 60]","""[0, 2, 2, 3, 8, 5, 3, 2, 1, 2, 1, 30, 52, 59, 15, 48, 61, 0]"""
j10,2,reactive,60,False,inf,inf,inf,null,"[0, 2, 2, 3, 8, 5, 3, 2, 1, 2, 1, 30, 52, 59, 15, 48, 61, 0]"
j10,2,stnu,60,True,18,0.5973470211029053,0.00956273078918457,"[0, 0, 0, 0, 3, 11, 11, 11, 16, 16, 3, 0, 0, 0, 0, 0, 0, 18]","""[0, 2, 2, 3, 8, 5, 3, 2, 1, 2, 1, 30, 52, 59, 15, 48, 61, 0]"""
j10,2,proactive_quantile_0.9,60,True,20,0.0527796745300293,0.0006704330444335938,"[0, 0, 0, 0, 2, 9, 9, 9, 16, 17, 3, 0, 0, 0, 0, 0, 0, 60]","""[0, 2, 2, 2, 7, 4, 2, 3, 1, 3, 1, 30, 52, 59, 15, 48, 61, 0]"""
j10,2,reactive,60,True,20,0.0527796745300293,0.1070551872253418,"[0, 0, 0, 0, 2, 9, 9, 9, 16, 17, 3, 0, 0, 0, 0, 0, 0, 20]","[0, 2, 2, 2, 7, 4, 2, 3, 1, 3, 1, 30, 52, 59, 15, 48, 61, 0]"
j10,2,stnu,60,True,16,0.7587928771972656,0.009476423263549805,"[0, 0, 0, 0, 2, 9, 9, 9, 13, 13, 2, 0, 0, 0, 0, 0, 0, 16]","""[0, 2, 2, 2, 7, 4, 2, 3, 1, 3, 1, 30, 52, 59, 15, 48, 61, 0]"""
j10,2,proactive_quantile_0.9,60,False,inf,0.0812528133392334,inf,"[0, 0, 0, 0, 2, 9, 9, 9, 16, 17, 3, 0, 0, 0, 0, 0, 0, 60]","""[0, 3, 3, 3, 8, 4, 2, 3, 2, 4, 3, 30, 52, 59, 15, 48, 61, 0]"""
j10,2,reactive,60,False,inf,inf,inf,null,"[0, 3, 3, 3, 8, 4, 2, 3, 2, 4, 3, 30, 52, 59, 15, 48, 61, 0]"
j10,2,stnu,60,False,inf,0.5485353469848633,inf,[],"""[0, 1, 4, 3, 9, 4, 2, 6, 6, 4, 3, 30, 52, 59, 15, 48, 61, 0]"""
j10,2,proactive_quantile_0.9,60,True,20,0.15777897834777832,0.0006740093231201172,"[0, 0, 0, 0, 2, 9, 9, 9, 16, 17, 3, 0, 0, 0, 0, 0, 0, 60]","""[0, 1, 3, 2, 6, 6, 7, 2, 2, 1, 2, 30, 52, 59, 15, 48, 61, 0]"""
j10,2,reactive,60,True,18,0.15777897834777832,0.1250908374786377,"[0, 0, 0, 0, 2, 9, 9, 9, 16, 17, 3, 0, 0, 0, 0, 0, 0, 18]","[0, 1, 3, 2, 6, 6, 7, 2, 2, 1, 2, 30, 52, 59, 15, 48, 61, 0]"
j10,2,stnu,60,False,inf,0.6727221012115479,inf,[],"""[0, 1, 3, 2, 6, 6, 8, 6, 2, 4, 2, 30, 52, 59, 15, 48, 61, 0]"""
j10,2,proactive_quantile_0.9,60,True,46,0.28803133964538574,0.0007562637329101562,"[0, 0, 5, 12, 10, 19, 24, 22, 22, 29, 32, 0, 0, 0, 0, 0, 0, 0, 0, 77]","""[0, 3, 1, 1, 2, 1, 3, 2, 5, 3, 9, 10, 68, 21, 13, 78, 25, 54, 57, 0]"""
j10,2,reactive,60,True,41,0.28803133964538574,0.4733452796936035,"[0, 0, 5, 12, 10, 19, 24, 22, 22, 29, 32, 0, 0, 0, 0, 0, 0, 0, 0, 41]","[0, 3, 1, 1, 2, 1, 3, 2, 5, 3, 9, 10, 68, 21, 13, 78, 25, 54, 57, 0]"
j10,2,stnu,60,False,inf,0.7348592281341553,inf,[],"""[0, 3, 1, 1, 2, 1, 3, 2, 5, 9, 3, 10, 68, 21, 13, 78, 25, 54, 57, 0]"""
j10,2,proactive_quantile_0.9,60,False,inf,0.2043468952178955,inf,"[0, 0, 5, 12, 10, 19, 24, 22, 22, 29, 32, 0, 0, 0, 0, 0, 0, 0, 0, 77]","""[0, 4, 5, 5, 3, 2, 1, 1, 6, 4, 5, 10, 68, 21, 13, 78, 25, 54, 57, 0]"""
j10,2,reactive,60,False,inf,inf,inf,null,"[0, 4, 5, 5, 3, 2, 1, 1, 6, 4, 5, 10, 68, 21, 13, 78, 25, 54, 57, 0]"
j10,2,stnu,60,False,inf,0.5895490646362305,inf,[],"""[0, 4, 5, 5, 3, 2, 3, 1, 7, 4, 1, 10, 68, 21, 13, 78, 25, 54, 57, 0]"""
j10,2,proactive_quantile_0.9,60,True,66,0.2149641513824463,0.0008039474487304688,"[0, 0, 5, 12, 10, 19, 24, 22, 22, 38, 52, 0, 0, 0, 0, 0, 0, 0, 0, 77]","""[0, 3, 4, 5, 1, 3, 5, 1, 6, 7, 7, 10, 68, 21, 13, 78, 25, 54, 57, 0]"""
j10,2,reactive,60,True,59,0.2149641513824463,0.24466466903686523,"[0, 0, 5, 12, 10, 19, 24, 22, 22, 38, 52, 0, 0, 0, 0, 0, 0, 0, 0, 59]","[0, 3, 4, 5, 1, 3, 5, 1, 6, 7, 7, 10, 68, 21, 13, 78, 25, 54, 57, 0]"
j10,2,stnu,60,False,inf,0.5634756088256836,inf,[],"""[0, 3, 4, 5, 1, 3, 4, 1, 7, 4, 2, 10, 68, 21, 13, 78, 25, 54, 57, 0]"""
j10,2,proactive_quantile_0.9,60,False,inf,0.32592129707336426,inf,"[0, 0, 5, 12, 10, 19, 24, 22, 22, 29, 32, 0, 0, 0, 0, 0, 0, 0, 0, 77]","""[0, 5, 5, 7, 2, 3, 5, 3, 4, 2, 11, 10, 68, 21, 13, 78, 25, 54, 57, 0]"""
j10,2,reactive,60,False,inf,inf,inf,null,"[0, 5, 5, 7, 2, 3, 5, 3, 4, 2, 11, 10, 68, 21, 13, 78, 25, 54, 57, 0]"
j10,2,stnu,60,False,inf,0.8620755672454834,inf,[],"""[0, 5, 5, 7, 2, 3, 5, 3, 6, 8, 3, 10, 68, 21, 13, 78, 25, 54, 57, 0]"""
j10,2,proactive_quantile_0.9,60,False,inf,0.20722341537475586,inf,"[0, 0, 5, 12, 10, 19, 24, 22, 22, 38, 52, 0, 0, 0, 0, 0, 0, 0, 0, 77]","""[0, 4, 4, 4, 3, 4, 15, 1, 6, 4, 11, 10, 68, 21, 13, 78, 25, 54, 57, 0]"""
j10,2,reactive,60,False,inf,inf,inf,null,"[0, 4, 4, 4, 3, 4, 15, 1, 6, 4, 11, 10, 68, 21, 13, 78, 25, 54, 57, 0]"
j10,2,stnu,60,False,inf,0.8662004470825195,inf,[],"""[0, 4, 4, 4, 3, 4, 6, 1, 10, 7, 3, 10, 68, 21, 13, 78, 25, 54, 57, 0]"""
j10,2,proactive_quantile_0.9,60,False,inf,0.15059471130371094,inf,"[0, 0, 5, 12, 10, 19, 24, 22, 22, 29, 37, 0, 0, 0, 0, 0, 0, 0, 0, 77]","""[0, 6, 6, 8, 3, 1, 5, 3, 1, 4, 14, 10, 68, 21, 13, 78, 25, 54, 57, 0]"""
j10,2,reactive,60,False,inf,inf,inf,null,"[0, 6, 6, 8, 3, 1, 5, 3, 1, 4, 14, 10, 68, 21, 13, 78, 25, 54, 57, 0]"
j10,2,stnu,60,False,inf,0.9030723571777344,inf,[],"""[0, 6, 6, 8, 3, 1, 5, 3, 10, 4, 3, 10, 68, 21, 13, 78, 25, 54, 57, 0]"""
j10,2,proactive_quantile_0.9,60,False,inf,0.21652936935424805,inf,"[0, 0, 5, 12, 10, 19, 24, 22, 22, 38, 52, 0, 0, 0, 0, 0, 0, 0, 0, 77]","""[0, 6, 2, 4, 1, 4, 14, 2, 6, 14, 3, 10, 68, 21, 13, 78, 25, 54, 57, 0]"""
j10,2,reactive,60,False,inf,inf,inf,null,"[0, 6, 2, 4, 1, 4, 14, 2, 6, 14, 3, 10, 68, 21, 13, 78, 25, 54, 57, 0]"
j10,2,stnu,60,False,inf,0.7594990730285645,inf,[],"""[0, 6, 2, 4, 1, 4, 6, 2, 6, 5, 4, 10, 68, 21, 13, 78, 25, 54, 57, 0]"""
j10,2,proactive_quantile_0.9,60,False,inf,0.32591962814331055,inf,"[0, 0, 5, 12, 10, 19, 24, 22, 22, 38, 41, 0, 0, 0, 0, 0, 0, 0, 0, 77]","""[0, 5, 3, 3, 1, 4, 6, 3, 9, 4, 7, 10, 68, 21, 13, 78, 25, 54, 57, 0]"""
j10,2,reactive,60,False,inf,inf,inf,null,"[0, 5, 3, 3, 1, 4, 6, 3, 9, 4, 7, 10, 68, 21, 13, 78, 25, 54, 57, 0]"
j10,2,stnu,60,False,inf,0.7491869926452637,inf,[],"""[0, 5, 3, 3, 3, 4, 6, 3, 6, 9, 2, 10, 68, 21, 13, 78, 25, 54, 57, 0]"""
j10,2,proactive_quantile_0.9,60,False,inf,0.2170400619506836,inf,"[0, 0, 5, 12, 10, 19, 24, 22, 22, 38, 52, 0, 0, 0, 0, 0, 0, 0, 0, 77]","""[0, 2, 3, 1, 2, 2, 15, 2, 4, 6, 4, 10, 68, 21, 13, 78, 25, 54, 57, 0]"""
j10,2,reactive,60,False,inf,inf,inf,null,"[0, 2, 3, 1, 2, 2, 15, 2, 4, 6, 4, 10, 68, 21, 13, 78, 25, 54, 57, 0]"
j10,2,stnu,60,False,inf,0.7819108963012695,inf,[],"""[0, 2, 3, 1, 2, 2, 1, 2, 4, 1, 1, 10, 68, 21, 13, 78, 25, 54, 57, 0]"""
j10,2,proactive_quantile_0.9,60,False,inf,0.19710803031921387,inf,"[0, 0, 5, 12, 10, 19, 24, 22, 22, 29, 32, 0, 0, 0, 0, 0, 0, 0, 0, 77]","""[0, 1, 2, 6, 1, 4, 2, 1, 2, 1, 4, 10, 68, 21, 13, 78, 25, 54, 57, 0]"""
j10,2,reactive,60,False,inf,inf,inf,null,"[0, 1, 2, 6, 1, 4, 2, 1, 2, 1, 4, 10, 68, 21, 13, 78, 25, 54, 57, 0]"
j10,2,stnu,60,False,inf,0.7306478023529053,inf,[],"""[0, 1, 2, 6, 2, 4, 2, 1, 2, 3, 3, 10, 68, 21, 13, 78, 25, 54, 57, 0]"""
j10,2,proactive_quantile_0.9,60,False,inf,0.05594205856323242,inf,"[0, 0, 0, 0, 8, 11, 15, 7, 22, 20, 22, 0, 38]","""[0, 8, 12, 1, 2, 4, 7, 6, 2, 1, 7, 39, 0]"""
j10,2,reactive,60,False,inf,inf,inf,null,"[0, 8, 12, 1, 2, 4, 7, 6, 2, 1, 7, 39, 0]"
j10,2,stnu,60,True,26,0.5802340507507324,0.00525355339050293,"[0, 0, 0, 0, 8, 12, 12, 1, 19, 16, 19, 0, 26]","""[0, 8, 12, 1, 2, 4, 7, 6, 2, 1, 7, 39, 0]"""
j10,2,proactive_quantile_0.9,60,False,inf,0.034181833267211914,inf,"[0, 0, 0, 0, 7, 7, 7, 3, 14, 9, 14, 0, 38]","""[0, 7, 5, 4, 2, 3, 2, 3, 1, 7, 4, 39, 0]"""
j10,2,reactive,60,False,inf,inf,inf,null,"[0, 7, 5, 4, 2, 3, 2, 3, 1, 7, 4, 39, 0]"
j10,2,stnu,60,True,14,0.6179301738739014,0.005265235900878906,"[0, 0, 0, 0, 4, 6, 7, 4, 10, 10, 9, 0, 14]","""[0, 3, 6, 4, 2, 4, 2, 3, 1, 2, 5, 39, 0]"""
j10,2,proactive_quantile_0.9,60,True,32,0.0489344596862793,0.0002474784851074219,"[0, 0, 0, 0, 8, 11, 15, 7, 22, 20, 22, 0, 38]","""[0, 3, 2, 6, 2, 5, 3, 6, 2, 4, 9, 39, 0]"""
j10,2,reactive,60,True,31,0.0489344596862793,0.09744954109191895,"[0, 0, 0, 0, 8, 11, 15, 7, 22, 20, 22, 0, 31]","[0, 3, 2, 6, 2, 5, 3, 6, 2, 4, 9, 39, 0]"
j10,2,stnu,60,True,24,0.5575911998748779,0.005171537399291992,"[0, 0, 0, 0, 6, 8, 12, 6, 15, 13, 15, 0, 24]","""[0, 3, 2, 6, 2, 5, 3, 6, 2, 4, 9, 39, 0]"""
j10,2,proactive_quantile_0.9,60,False,inf,0.04839515686035156,inf,"[0, 0, 0, 0, 8, 11, 15, 7, 22, 20, 22, 0, 38]","""[0, 6, 12, 1, 3, 10, 8, 2, 1, 3, 10, 39, 0]"""
j10,2,reactive,60,False,inf,inf,inf,null,"[0, 6, 12, 1, 3, 10, 8, 2, 1, 3, 10, 39, 0]"
j10,2,stnu,60,True,30,0.7386291027069092,0.0051534175872802734,"[0, 0, 0, 0, 6, 12, 12, 1, 22, 22, 20, 0, 30]","""[0, 6, 12, 1, 3, 10, 8, 2, 1, 3, 10, 39, 0]"""
j10,2,proactive_quantile_0.9,60,False,inf,0.051325082778930664,inf,"[0, 0, 0, 0, 7, 7, 7, 3, 14, 9, 14, 0, 38]","""[0, 3, 1, 4, 1, 1, 1, 1, 1, 7, 4, 39, 0]"""
j10,2,reactive,60,False,inf,inf,inf,null,"[0, 3, 1, 4, 1, 1, 1, 1, 1, 7, 4, 39, 0]"
j10,2,stnu,60,True,13,0.5797119140625,0.005093574523925781,"[0, 0, 0, 0, 3, 5, 5, 4, 6, 6, 6, 0, 13]","""[0, 3, 1, 4, 1, 1, 1, 1, 1, 7, 4, 39, 0]"""
j10,2,proactive_quantile_0.9,60,False,inf,0.055617332458496094,inf,"[0, 0, 0, 0, 7, 7, 7, 3, 14, 9, 14, 0, 38]","""[0, 2, 2, 1, 3, 1, 4, 2, 2, 3, 2, 39, 0]"""
j10,2,reactive,60,False,inf,inf,inf,null,"[0, 2, 2, 1, 3, 1, 4, 2, 2, 3, 2, 39, 0]"
j10,2,stnu,60,True,16,0.5689601898193359,0.005158662796020508,"[0, 0, 0, 0, 5, 8, 8, 5, 12, 12, 12, 0, 16]","""[0, 3, 6, 5, 3, 4, 4, 1, 2, 4, 1, 39, 0]"""
j10,2,proactive_quantile_0.9,60,False,inf,0.05760335922241211,inf,"[0, 0, 0, 0, 7, 7, 7, 3, 14, 9, 14, 0, 38]","""[0, 8, 2, 2, 3, 1, 3, 3, 2, 3, 5, 39, 0]"""
j10,2,reactive,60,False,inf,inf,inf,null,"[0, 8, 2, 2, 3, 1, 3, 3, 2, 3, 5, 39, 0]"
j10,2,stnu,60,True,28,0.5871107578277588,0.005176544189453125,"[0, 0, 0, 0, 9, 12, 13, 4, 19, 19, 16, 0, 28]","""[0, 9, 7, 4, 3, 7, 3, 9, 2, 9, 5, 39, 0]"""
j10,2,proactive_quantile_0.9,60,False,inf,0.05549454689025879,inf,"[0, 0, 0, 0, 8, 11, 15, 7, 22, 20, 22, 0, 38]","""[0, 2, 3, 4, 1, 8, 1, 9, 3, 1, 7, 39, 0]"""
j10,2,reactive,60,False,inf,inf,inf,null,"[0, 2, 3, 4, 1, 8, 1, 9, 3, 1, 7, 39, 0]"
j10,2,stnu,60,True,21,0.6067996025085449,0.005168914794921875,"[0, 0, 0, 0, 4, 5, 13, 4, 14, 13, 14, 0, 21]","""[0, 2, 3, 4, 1, 8, 1, 9, 3, 1, 7, 39, 0]"""
j10,2,proactive_quantile_0.9,60,True,32,0.055176734924316406,0.00023555755615234375,"[0, 0, 0, 0, 8, 11, 15, 7, 22, 20, 22, 0, 38]","""[0, 1, 7, 1, 2, 6, 5, 2, 3, 5, 2, 39, 0]"""
j10,2,reactive,60,True,25,0.055176734924316406,0.13485312461853027,"[0, 0, 0, 0, 8, 11, 15, 7, 22, 20, 22, 0, 25]","[0, 1, 7, 1, 2, 6, 5, 2, 3, 5, 2, 39, 0]"
j10,2,stnu,60,True,18,0.5801622867584229,0.005136251449584961,"[0, 0, 0, 0, 1, 7, 7, 1, 13, 13, 12, 0, 18]","""[0, 1, 7, 1, 2, 6, 5, 2, 3, 5, 2, 39, 0]"""
j10,2,proactive_quantile_0.9,60,True,21,0.03774285316467285,0.0002586841583251953,"[0, 0, 0, 0, 7, 7, 7, 3, 14, 9, 14, 0, 38]","""[0, 7, 4, 2, 2, 2, 7, 3, 2, 4, 3, 39, 0]"""
j10,2,reactive,60,True,17,0.03774285316467285,0.06631255149841309,"[0, 0, 0, 0, 7, 7, 7, 3, 14, 9, 14, 0, 17]","[0, 7, 4, 2, 2, 2, 7, 3, 2, 4, 3, 39, 0]"
j10,2,stnu,60,True,27,0.6723277568817139,0.0052433013916015625,"[0, 0, 0, 0, 6, 13, 13, 6, 20, 20, 20, 0, 27]","""[0, 2, 13, 6, 2, 7, 7, 6, 2, 4, 7, 39, 0]"""
j10,2,proactive_quantile_0.9,60,True,26,0.049939632415771484,0.0004620552062988281,"[0, 0, 0, 0, 2, 2, 2, 13, 13, 21, 7, 0, 0, 0, 64]","""[0, 4, 4, 1, 2, 4, 7, 7, 3, 4, 2, 65, 52, 23, 0]"""
j10,2,reactive,60,True,25,0.049939632415771484,0.11255955696105957,"[0, 0, 0, 0, 2, 2, 2, 13, 13, 21, 7, 0, 0, 0, 25]","[0, 4, 4, 1, 2, 4, 7, 7, 3, 4, 2, 65, 52, 23, 0]"
j10,2,stnu,60,False,inf,0.5687501430511475,inf,[],"""[0, 1, 2, 1, 7, 4, 8, 4, 3, 9, 13, 65, 52, 23, 0]"""
j10,2,proactive_quantile_0.9,60,True,35,0.0483393669128418,0.0004889965057373047,"[0, 0, 0, 0, 2, 2, 2, 16, 16, 25, 11, 0, 0, 0, 64]","""[0, 5, 6, 2, 8, 5, 6, 10, 1, 5, 11, 65, 52, 23, 0]"""
j10,2,reactive,60,False,inf,inf,inf,null,"[0, 5, 6, 2, 8, 5, 6, 10, 1, 5, 11, 65, 52, 23, 0]"
j10,2,stnu,60,False,inf,0.5853931903839111,inf,[],"""[0, 5, 6, 2, 8, 5, 6, 10, 1, 5, 11, 65, 52, 23, 0]"""
j10,2,proactive_quantile_0.9,60,False,inf,0.048244476318359375,inf,"[0, 0, 0, 0, 2, 2, 2, 16, 16, 25, 11, 0, 0, 0, 64]","""[0, 3, 4, 1, 7, 2, 4, 8, 3, 11, 13, 65, 52, 23, 0]"""
j10,2,reactive,60,False,inf,0.048244476318359375,0.11837172508239746,"[0, 0, 0, 0, 2, 2, 2, 16, 16, 25, 11, 0, 0, 0, 36]","[0, 3, 4, 1, 7, 2, 4, 8, 3, 11, 13, 65, 52, 23, 0]"
j10,2,stnu,60,False,inf,0.5573904514312744,inf,[],"""[0, 3, 4, 1, 7, 2, 4, 8, 3, 11, 13, 65, 52, 23, 0]"""
j10,2,proactive_quantile_0.9,60,True,35,0.044382333755493164,0.0004982948303222656,"[0, 0, 0, 0, 2, 2, 2, 16, 16, 25, 11, 0, 0, 0, 64]","""[0, 6, 6, 1, 3, 1, 12, 9, 3, 10, 12, 65, 52, 23, 0]"""
j10,2,reactive,60,True,35,0.044382333755493164,0.09139013290405273,"[0, 0, 0, 0, 2, 2, 2, 16, 16, 25, 11, 0, 0, 0, 35]","[0, 6, 6, 1, 3, 1, 12, 9, 3, 10, 12, 65, 52, 23, 0]"
j10,2,stnu,60,False,inf,0.5299060344696045,inf,[],"""[0, 6, 6, 1, 3, 1, 12, 9, 3, 10, 12, 65, 52, 23, 0]"""
j10,2,proactive_quantile_0.9,60,True,35,0.04587244987487793,0.0004892349243164062,"[0, 0, 0, 0, 2, 2, 2, 16, 16, 25, 11, 0, 0, 0, 64]","""[0, 1, 2, 2, 8, 6, 11, 8, 1, 9, 9, 65, 52, 23, 0]"""
j10,2,reactive,60,True,34,0.04587244987487793,0.11434435844421387,"[0, 0, 0, 0, 2, 2, 2, 16, 16, 25, 11, 0, 0, 0, 34]","[0, 1, 2, 2, 8, 6, 11, 8, 1, 9, 9, 65, 52, 23, 0]"
j10,2,stnu,60,True,26,0.6632583141326904,0.006689310073852539,"[0, 0, 0, 0, 2, 2, 2, 13, 13, 22, 8, 0, 0, 0, 26]","""[0, 4, 2, 2, 2, 6, 11, 9, 1, 4, 9, 65, 52, 23, 0]"""
j10,2,proactive_quantile_0.9,60,True,26,0.06793332099914551,0.00043392181396484375,"[0, 0, 0, 0, 2, 2, 2, 13, 13, 21, 7, 0, 0, 0, 64]","""[0, 4, 3, 2, 3, 6, 4, 3, 2, 3, 5, 65, 52, 23, 0]"""
j10,2,reactive,60,False,inf,inf,inf,null,"[0, 4, 3, 2, 3, 6, 4, 3, 2, 3, 5, 65, 52, 23, 0]"
j10,2,stnu,60,False,inf,0.5499749183654785,inf,[],"""[0, 3, 5, 2, 3, 6, 9, 9, 2, 10, 13, 65, 52, 23, 0]"""
j10,2,proactive_quantile_0.9,60,True,26,0.04631233215332031,0.0004184246063232422,"[0, 0, 0, 0, 2, 2, 2, 13, 13, 21, 7, 0, 0, 0, 64]","""[0, 3, 2, 2, 2, 1, 3, 8, 1, 2, 2, 65, 52, 23, 0]"""
j10,2,reactive,60,True,23,0.04631233215332031,0.0902855396270752,"[0, 0, 0, 0, 2, 2, 2, 13, 13, 21, 7, 0, 0, 0, 23]","[0, 3, 2, 2, 2, 1, 3, 8, 1, 2, 2, 65, 52, 23, 0]"
j10,2,stnu,60,True,15,0.5657415390014648,0.006547689437866211,"[0, 0, 0, 0, 2, 2, 2, 5, 5, 13, 4, 0, 0, 0, 15]","""[0, 3, 2, 2, 2, 1, 3, 8, 1, 2, 2, 65, 52, 23, 0]"""
j10,2,proactive_quantile_0.9,60,True,26,0.03769683837890625,0.00041866302490234375,"[0, 0, 0, 0, 2, 2, 2, 13, 13, 21, 7, 0, 0, 0, 64]","""[0, 1, 1, 3, 3, 3, 7, 6, 1, 3, 8, 65, 52, 23, 0]"""
j10,2,reactive,60,False,inf,inf,inf,null,"[0, 1, 1, 3, 3, 3, 7, 6, 1, 3, 8, 65, 52, 23, 0]"
j10,2,stnu,60,False,inf,0.5332281589508057,inf,[],"""[0, 5, 2, 3, 8, 3, 7, 9, 1, 10, 4, 65, 52, 23, 0]"""
j10,2,proactive_quantile_0.9,60,True,35,0.04657864570617676,0.00045228004455566406,"[0, 0, 0, 0, 2, 2, 2, 16, 16, 25, 11, 0, 0, 0, 64]","""[0, 1, 2, 1, 8, 2, 14, 5, 1, 9, 4, 65, 52, 23, 0]"""
j10,2,reactive,60,True,34,0.04657864570617676,0.10502958297729492,"[0, 0, 0, 0, 2, 2, 2, 16, 16, 25, 11, 0, 0, 0, 34]","[0, 1, 2, 1, 8, 2, 14, 5, 1, 9, 4, 65, 52, 23, 0]"
j10,2,stnu,60,False,inf,0.56058669090271,inf,[],"""[0, 1, 2, 1, 8, 2, 14, 5, 1, 9, 4, 65, 52, 23, 0]"""
j10,2,proactive_quantile_0.9,60,True,35,0.05248212814331055,0.0004527568817138672,"[0, 0, 0, 0, 2, 2, 2, 16, 16, 25, 11, 0, 0, 0, 64]","""[0, 4, 1, 2, 7, 5, 4, 7, 3, 9, 8, 65, 52, 23, 0]"""
j10,2,reactive,60,True,34,0.05248212814331055,0.09263181686401367,"[0, 0, 0, 0, 2, 2, 2, 16, 16, 25, 11, 0, 0, 0, 34]","[0, 4, 1, 2, 7, 5, 4, 7, 3, 9, 8, 65, 52, 23, 0]"
j10,2,stnu,60,False,inf,0.65323805809021,inf,[],"""[0, 4, 1, 2, 7, 5, 4, 7, 3, 9, 8, 65, 52, 23, 0]"""
j10,2,proactive_quantile_0.9,60,True,20,0.04779839515686035,0.00022721290588378906,"[0, 0, 0, 0, 3, 2, 5, 6, 9, 12, 9, 0, 25]","""[0, 2, 2, 3, 2, 4, 5, 3, 8, 4, 4, 26, 0]"""
j10,2,reactive,60,False,inf,inf,inf,null,"[0, 2, 2, 3, 2, 4, 5, 3, 8, 4, 4, 26, 0]"
j10,2,stnu,60,True,23,3.331052780151367,0.005025148391723633,"[0, 0, 0, 0, 2, 2, 6, 6, 8, 14, 8, 0, 23]","""[0, 2, 2, 5, 2, 4, 8, 2, 8, 9, 2, 26, 0]"""
j10,2,proactive_quantile_0.9,60,True,20,0.0471501350402832,0.00022912025451660156,"[0, 0, 0, 0, 3, 2, 5, 6, 9, 12, 9, 0, 25]","""[0, 3, 4, 2, 1, 4, 5, 1, 4, 4, 6, 26, 0]"""
j10,2,reactive,60,False,inf,inf,inf,null,"[0, 3, 4, 2, 1, 4, 5, 1, 4, 4, 6, 26, 0]"
j10,2,stnu,60,True,20,0.7026078701019287,0.004945039749145508,"[0, 0, 0, 0, 4, 3, 7, 7, 8, 12, 8, 0, 20]","""[0, 3, 4, 2, 1, 4, 5, 1, 4, 8, 6, 26, 0]"""
j10,2,proactive_quantile_0.9,60,True,17,0.0620424747467041,0.0001957416534423828,"[0, 0, 0, 0, 3, 2, 5, 6, 9, 12, 9, 0, 25]","""[0, 2, 4, 6, 2, 3, 6, 2, 3, 1, 1, 26, 0]"""
j10,2,reactive,60,False,inf,inf,inf,null,"[0, 2, 4, 6, 2, 3, 6, 2, 3, 1, 1, 26, 0]"
j10,2,stnu,60,True,26,0.5865120887756348,0.0048902034759521484,"[0, 0, 0, 0, 4, 2, 5, 6, 8, 11, 8, 0, 26]","""[0, 2, 4, 6, 2, 3, 6, 2, 9, 15, 1, 26, 0]"""
j10,2,proactive_quantile_0.9,60,True,25,0.04668140411376953,0.0002512931823730469,"[0, 0, 0, 0, 3, 2, 5, 9, 14, 15, 14, 0, 25]","""[0, 3, 2, 6, 3, 4, 5, 6, 7, 6, 8, 26, 0]"""
j10,2,reactive,60,False,inf,inf,inf,null,"[0, 3, 2, 6, 3, 4, 5, 6, 7, 6, 8, 26, 0]"
j10,2,stnu,60,True,17,0.6374986171722412,0.004957914352416992,"[0, 0, 0, 0, 3, 3, 7, 7, 10, 10, 10, 0, 17]","""[0, 3, 2, 4, 4, 4, 3, 3, 7, 6, 2, 26, 0]"""
j10,2,proactive_quantile_0.9,60,True,20,0.05990290641784668,0.0002205371856689453,"[0, 0, 0, 0, 3, 2, 5, 6, 9, 12, 9, 0, 25]","""[0, 3, 1, 1, 2, 3, 4, 3, 13, 2, 4, 26, 0]"""
j10,2,reactive,60,False,inf,inf,inf,null,"[0, 3, 1, 1, 2, 3, 4, 3, 13, 2, 4, 26, 0]"
j10,2,stnu,60,True,22,0.6371071338653564,0.00494837760925293,"[0, 0, 0, 0, 3, 3, 6, 6, 9, 10, 9, 0, 22]","""[0, 3, 1, 1, 1, 3, 4, 3, 13, 8, 4, 26, 0]"""
j10,2,proactive_quantile_0.9,60,True,20,0.14629030227661133,0.00019550323486328125,"[0, 0, 0, 0, 3, 2, 5, 6, 9, 12, 9, 0, 25]","""[0, 2, 2, 1, 1, 3, 3, 4, 7, 4, 2, 26, 0]"""
j10,2,reactive,60,False,inf,inf,inf,null,"[0, 2, 2, 1, 1, 3, 3, 4, 7, 4, 2, 26, 0]"
j10,2,stnu,60,True,18,0.5790126323699951,0.00506138801574707,"[0, 0, 0, 0, 2, 2, 5, 5, 9, 8, 9, 0, 18]","""[0, 2, 2, 5, 1, 3, 3, 4, 7, 7, 9, 26, 0]"""
j10,2,proactive_quantile_0.9,60,True,20,0.054831504821777344,0.00019741058349609375,"[0, 0, 0, 0, 3, 2, 5, 6, 9, 12, 9, 0, 25]","""[0, 1, 4, 2, 3, 3, 3, 3, 9, 2, 2, 26, 0]"""
j10,2,reactive,60,False,inf,inf,inf,null,"[0, 1, 4, 2, 3, 3, 3, 3, 9, 2, 2, 26, 0]"
j10,2,stnu,60,True,20,0.5734899044036865,0.004965305328369141,"[0, 0, 0, 0, 4, 1, 4, 5, 8, 7, 8, 0, 20]","""[0, 1, 4, 2, 1, 3, 3, 3, 9, 13, 2, 26, 0]"""
j10,2,proactive_quantile_0.9,60,True,20,0.039273977279663086,0.00021767616271972656,"[0, 0, 0, 0, 3, 2, 5, 6, 9, 12, 9, 0, 25]","""[0, 1, 4, 6, 3, 4, 1, 1, 2, 4, 8, 26, 0]"""
j10,2,reactive,60,False,inf,inf,inf,null,"[0, 1, 4, 6, 3, 4, 1, 1, 2, 4, 8, 26, 0]"
j10,2,stnu,60,True,20,0.6242456436157227,0.00504755973815918,"[0, 0, 0, 0, 4, 1, 5, 7, 10, 7, 10, 0, 20]","""[0, 1, 4, 6, 3, 4, 1, 3, 1, 4, 10, 26, 0]"""
j10,2,proactive_quantile_0.9,60,True,20,0.03898358345031738,0.0002148151397705078,"[0, 0, 0, 0, 3, 2, 5, 6, 9, 12, 9, 0, 25]","""[0, 3, 4, 6, 4, 1, 3, 4, 4, 2, 9, 26, 0]"""
j10,2,reactive,60,False,inf,inf,inf,null,"[0, 3, 4, 6, 4, 1, 3, 4, 4, 2, 9, 26, 0]"
j10,2,stnu,60,True,22,0.5814106464385986,0.0050182342529296875,"[0, 0, 0, 0, 4, 3, 4, 8, 12, 7, 12, 0, 22]","""[0, 3, 4, 6, 4, 1, 3, 4, 4, 15, 9, 26, 0]"""
j10,2,proactive_quantile_0.9,60,True,20,0.13457202911376953,0.00020742416381835938,"[0, 0, 0, 0, 3, 2, 5, 6, 9, 12, 9, 0, 25]","""[0, 3, 1, 2, 2, 4, 7, 3, 4, 2, 8, 26, 0]"""
j10,2,reactive,60,False,inf,inf,inf,null,"[0, 3, 1, 2, 2, 4, 7, 3, 4, 2, 8, 26, 0]"
j10,2,stnu,60,True,20,0.5634009838104248,0.0049228668212890625,"[0, 0, 0, 0, 3, 3, 7, 7, 10, 14, 10, 0, 20]","""[0, 3, 1, 2, 4, 4, 7, 3, 4, 6, 8, 26, 0]"""
j10,2,stnu,60,False,inf,0.5870637893676758,inf,[],"""[0, 5, 3, 2, 8, 7, 1, 3, 8, 7, 3, 5, 78, 70, 76, 0]"""
j10,2,stnu,60,False,inf,0.6272721290588379,inf,[],"""[0, 2, 1, 4, 5, 10, 3, 7, 10, 1, 11, 5, 78, 70, 76, 0]"""
j10,2,stnu,60,False,inf,0.6302103996276855,inf,[],"""[0, 1, 6, 1, 5, 9, 3, 1, 3, 7, 8, 5, 78, 70, 76, 0]"""
j10,2,stnu,60,False,inf,0.5983536243438721,inf,[],"""[0, 6, 5, 3, 3, 3, 1, 3, 2, 1, 6, 5, 78, 70, 76, 0]"""
j10,2,stnu,60,False,inf,0.5905945301055908,inf,[],"""[0, 4, 12, 4, 12, 8, 4, 7, 8, 8, 8, 5, 78, 70, 76, 0]"""
j10,2,stnu,60,False,inf,0.5596809387207031,inf,[],"""[0, 5, 4, 1, 1, 8, 3, 7, 10, 9, 7, 5, 78, 70, 76, 0]"""
j10,2,stnu,60,False,inf,0.5585994720458984,inf,[],"""[0, 2, 6, 1, 3, 2, 3, 2, 8, 7, 10, 5, 78, 70, 76, 0]"""
j10,2,stnu,60,False,inf,0.6735665798187256,inf,[],"""[0, 3, 11, 1, 12, 11, 4, 4, 9, 11, 2, 5, 78, 70, 76, 0]"""
j10,2,stnu,60,False,inf,0.5833897590637207,inf,[],"""[0, 3, 9, 3, 5, 9, 1, 7, 13, 6, 11, 5, 78, 70, 76, 0]"""
j10,2,stnu,60,False,inf,0.6596760749816895,inf,[],"""[0, 5, 10, 2, 11, 8, 6, 1, 8, 3, 5, 5, 78, 70, 76, 0]"""
j10,2,proactive_quantile_0.9,60,True,28,0.046994924545288086,0.00037860870361328125,"[0, 0, 0, 0, 3, 7, 12, 12, 20, 13, 21, 0, 0, 46]","""[0, 8, 5, 3, 7, 4, 9, 9, 5, 1, 2, 47, 29, 0]"""
j10,2,reactive,60,True,25,0.046994924545288086,0.10463094711303711,"[0, 0, 0, 0, 3, 7, 12, 12, 20, 13, 21, 0, 0, 25]","[0, 8, 5, 3, 7, 4, 9, 9, 5, 1, 2, 47, 29, 0]"
j10,2,stnu,60,True,22,0.614736795425415,0.005677223205566406,"[0, 0, 0, 0, 3, 5, 10, 10, 11, 10, 19, 0, 0, 22]","""[0, 8, 5, 3, 7, 4, 9, 9, 5, 1, 3, 47, 29, 0]"""
j10,2,proactive_quantile_0.9,60,True,28,0.05724072456359863,0.00038170814514160156,"[0, 0, 0, 0, 3, 7, 12, 12, 20, 13, 21, 0, 0, 46]","""[0, 8, 7, 3, 8, 4, 9, 6, 6, 5, 4, 47, 29, 0]"""
j10,2,reactive,60,True,26,0.05724072456359863,0.08819770812988281,"[0, 0, 0, 0, 3, 7, 12, 12, 20, 13, 21, 0, 0, 26]","[0, 8, 7, 3, 8, 4, 9, 6, 6, 5, 4, 47, 29, 0]"
j10,2,stnu,60,True,23,0.5957460403442383,0.00571131706237793,"[0, 0, 0, 0, 3, 7, 11, 11, 16, 11, 20, 0, 0, 23]","""[0, 8, 7, 3, 8, 4, 9, 6, 6, 5, 3, 47, 29, 0]"""
j10,2,proactive_quantile_0.9,60,True,28,0.04565715789794922,0.00031566619873046875,"[0, 0, 0, 0, 3, 7, 12, 12, 20, 13, 21, 0, 0, 46]","""[0, 4, 1, 4, 3, 1, 3, 7, 5, 3, 1, 47, 29, 0]"""
j10,2,reactive,60,False,inf,inf,inf,null,"[0, 4, 1, 4, 3, 1, 3, 7, 5, 3, 1, 47, 29, 0]"
j10,2,stnu,60,True,16,0.6351287364959717,0.005716085433959961,"[0, 0, 0, 0, 4, 4, 7, 7, 10, 7, 14, 0, 0, 16]","""[0, 4, 1, 4, 3, 1, 3, 7, 5, 3, 2, 47, 29, 0]"""
j10,2,proactive_quantile_0.9,60,True,27,0.13713288307189941,0.00032901763916015625,"[0, 0, 0, 0, 3, 7, 13, 12, 19, 12, 22, 0, 0, 46]","""[0, 8, 3, 4, 7, 3, 4, 3, 3, 1, 1, 47, 29, 0]"""
j10,2,reactive,60,False,inf,inf,inf,null,"[0, 8, 3, 4, 7, 3, 4, 3, 3, 1, 1, 47, 29, 0]"
j10,2,stnu,60,True,17,0.6924829483032227,0.0056743621826171875,"[0, 0, 0, 0, 4, 4, 11, 11, 12, 11, 15, 0, 0, 17]","""[0, 8, 3, 4, 7, 3, 4, 3, 3, 1, 2, 47, 29, 0]"""
j10,2,proactive_quantile_0.9,60,True,28,0.12818408012390137,0.000335693359375,"[0, 0, 0, 0, 3, 7, 12, 12, 20, 13, 21, 0, 0, 46]","""[0, 10, 5, 3, 6, 2, 2, 7, 1, 5, 2, 47, 29, 0]"""
j10,2,reactive,60,True,23,0.12818408012390137,0.13356709480285645,"[0, 0, 0, 0, 3, 7, 12, 12, 20, 13, 21, 0, 0, 23]","[0, 10, 5, 3, 6, 2, 2, 7, 1, 5, 2, 47, 29, 0]"
j10,2,stnu,60,True,17,0.58514404296875,0.005702495574951172,"[0, 0, 0, 0, 3, 5, 9, 9, 15, 10, 16, 0, 0, 17]","""[0, 10, 5, 3, 6, 2, 2, 7, 1, 5, 1, 47, 29, 0]"""
j10,2,proactive_quantile_0.9,60,True,28,0.07600092887878418,0.0003337860107421875,"[0, 0, 0, 0, 3, 7, 12, 12, 20, 13, 21, 0, 0, 46]","""[0, 12, 2, 2, 5, 1, 7, 2, 6, 3, 3, 47, 29, 0]"""
j10,2,reactive,60,True,26,0.07600092887878418,0.13521671295166016,"[0, 0, 0, 0, 3, 7, 12, 12, 20, 13, 21, 0, 0, 26]","[0, 12, 2, 2, 5, 1, 7, 2, 6, 3, 3, 47, 29, 0]"
j10,2,stnu,60,True,21,0.680168867111206,0.0056302547454833984,"[0, 0, 0, 0, 2, 2, 7, 7, 15, 12, 14, 0, 0, 21]","""[0, 12, 2, 2, 5, 1, 7, 2, 6, 3, 1, 47, 29, 0]"""
j10,2,proactive_quantile_0.9,60,False,inf,0.046346426010131836,inf,"[0, 0, 0, 0, 3, 7, 12, 12, 20, 13, 21, 0, 0, 46]","""[0, 6, 4, 4, 5, 3, 2, 5, 9, 4, 3, 47, 29, 0]"""
j10,2,reactive,60,False,inf,inf,inf,null,"[0, 6, 4, 4, 5, 3, 2, 5, 9, 4, 3, 47, 29, 0]"
j10,2,stnu,60,True,22,1.0495481491088867,0.0056612491607666016,"[0, 0, 0, 0, 4, 4, 9, 9, 13, 9, 14, 0, 0, 22]","""[0, 6, 4, 4, 5, 3, 2, 5, 9, 4, 4, 47, 29, 0]"""
j10,2,proactive_quantile_0.9,60,True,28,0.04678034782409668,0.0003647804260253906,"[0, 0, 0, 0, 3, 7, 12, 12, 20, 13, 21, 0, 0, 46]","""[0, 11, 3, 2, 4, 1, 7, 9, 7, 4, 2, 47, 29, 0]"""
j10,2,reactive,60,True,27,0.04678034782409668,0.21442461013793945,"[0, 0, 0, 0, 3, 7, 12, 12, 20, 13, 21, 0, 0, 27]","[0, 11, 3, 2, 4, 1, 7, 9, 7, 4, 2, 47, 29, 0]"
j10,2,stnu,60,True,22,0.5928246974945068,0.006029367446899414,"[0, 0, 0, 0, 2, 3, 6, 6, 15, 11, 15, 0, 0, 22]","""[0, 11, 3, 2, 4, 1, 7, 9, 7, 4, 2, 47, 29, 0]"""
j10,2,proactive_quantile_0.9,60,True,28,0.04676938056945801,0.00033736228942871094,"[0, 0, 0, 0, 3, 7, 12, 12, 20, 13, 21, 0, 0, 46]","""[0, 4, 2, 4, 2, 3, 6, 6, 8, 8, 4, 47, 29, 0]"""
j10,2,reactive,60,False,inf,inf,inf,null,"[0, 4, 2, 4, 2, 3, 6, 6, 8, 8, 4, 47, 29, 0]"
j10,2,stnu,60,True,23,0.5846188068389893,0.005682945251464844,"[0, 0, 0, 0, 4, 4, 7, 7, 15, 7, 13, 0, 0, 23]","""[0, 4, 2, 4, 2, 3, 6, 6, 8, 8, 3, 47, 29, 0]"""
j10,2,proactive_quantile_0.9,60,True,28,0.04826688766479492,0.0003504753112792969,"[0, 0, 0, 0, 3, 7, 12, 12, 20, 13, 21, 0, 0, 46]","""[0, 6, 4, 3, 5, 5, 2, 1, 7, 8, 4, 47, 29, 0]"""
j10,2,reactive,60,True,27,0.04826688766479492,0.12236595153808594,"[0, 0, 0, 0, 3, 7, 12, 12, 20, 13, 21, 0, 0, 27]","[0, 6, 4, 3, 5, 5, 2, 1, 7, 8, 4, 47, 29, 0]"
j10,2,stnu,60,True,24,0.7228381633758545,0.005666494369506836,"[0, 0, 0, 0, 3, 4, 9, 9, 17, 9, 11, 0, 0, 24]","""[0, 6, 4, 3, 5, 5, 2, 1, 7, 8, 3, 47, 29, 0]"""
j10,2,proactive_quantile_0.9,60,True,26,0.04944634437561035,0.0008676052093505859,"[0, 0, 0, 7, 9, 10, 7, 16, 17, 19, 17, 0, 0, 0, 0, 0, 0, 0, 0, 70]","""[0, 7, 4, 3, 7, 3, 3, 4, 1, 3, 8, 71, 15, 34, 69, 51, 24, 69, 29, 0]"""
j10,2,reactive,60,False,inf,inf,inf,null,"[0, 7, 4, 3, 7, 3, 3, 4, 1, 3, 8, 71, 15, 34, 69, 51, 24, 69, 29, 0]"
j10,2,stnu,60,False,inf,5.594162225723267,inf,[],"""[0, 1, 4, 3, 7, 3, 3, 1, 1, 3, 8, 71, 15, 34, 69, 51, 24, 69, 29, 0]"""
j10,2,proactive_quantile_0.9,60,True,26,0.04975461959838867,0.000865936279296875,"[0, 0, 0, 7, 9, 10, 7, 16, 17, 19, 17, 0, 0, 0, 0, 0, 0, 0, 0, 70]","""[0, 6, 2, 1, 6, 1, 1, 2, 1, 7, 5, 71, 15, 34, 69, 51, 24, 69, 29, 0]"""
j10,2,reactive,60,True,26,0.04975461959838867,0.18808746337890625,"[0, 0, 0, 7, 9, 10, 7, 16, 17, 19, 17, 0, 0, 0, 0, 0, 0, 0, 0, 26]","[0, 6, 2, 1, 6, 1, 1, 2, 1, 7, 5, 71, 15, 34, 69, 51, 24, 69, 29, 0]"
j10,2,stnu,60,False,inf,1.4397063255310059,inf,[],"""[0, 1, 2, 1, 6, 1, 1, 6, 1, 7, 5, 71, 15, 34, 69, 51, 24, 69, 29, 0]"""
j10,2,proactive_quantile_0.9,60,False,inf,0.11985278129577637,inf,"[0, 0, 0, 0, 5, 11, 5, 18, 15, 21, 12, 0, 0, 0, 0, 0, 0, 0, 0, 70]","""[0, 3, 10, 2, 7, 8, 2, 4, 8, 7, 4, 71, 15, 34, 69, 51, 24, 69, 29, 0]"""
j10,2,reactive,60,False,inf,inf,inf,null,"[0, 3, 10, 2, 7, 8, 2, 4, 8, 7, 4, 71, 15, 34, 69, 51, 24, 69, 29, 0]"
j10,2,stnu,60,False,inf,1.320969581604004,inf,[],"""[0, 3, 10, 2, 7, 4, 8, 5, 8, 7, 4, 71, 15, 34, 69, 51, 24, 69, 29, 0]"""
j10,2,proactive_quantile_0.9,60,False,inf,0.05111360549926758,inf,"[0, 0, 0, 7, 9, 10, 7, 16, 17, 19, 17, 0, 0, 0, 0, 0, 0, 0, 0, 70]","""[0, 6, 8, 2, 7, 2, 3, 4, 5, 7, 8, 71, 15, 34, 69, 51, 24, 69, 29, 0]"""
j10,2,reactive,60,False,inf,inf,inf,null,"[0, 6, 8, 2, 7, 2, 3, 4, 5, 7, 8, 71, 15, 34, 69, 51, 24, 69, 29, 0]"
j10,2,stnu,60,False,inf,1.1983258724212646,inf,[],"""[0, 3, 2, 1, 7, 8, 4, 4, 5, 7, 3, 71, 15, 34, 69, 51, 24, 69, 29, 0]"""
j10,2,proactive_quantile_0.9,60,False,inf,0.05053448677062988,inf,"[0, 0, 0, 7, 9, 10, 7, 16, 17, 19, 17, 0, 0, 0, 0, 0, 0, 0, 0, 70]","""[0, 5, 6, 3, 9, 1, 2, 3, 2, 4, 6, 71, 15, 34, 69, 51, 24, 69, 29, 0]"""
j10,2,reactive,60,False,inf,inf,inf,null,"[0, 5, 6, 3, 9, 1, 2, 3, 2, 4, 6, 71, 15, 34, 69, 51, 24, 69, 29, 0]"
j10,2,stnu,60,False,inf,1.2205350399017334,inf,[],"""[0, 1, 11, 1, 9, 4, 8, 3, 5, 4, 4, 71, 15, 34, 69, 51, 24, 69, 29, 0]"""
j10,2,proactive_quantile_0.9,60,True,26,0.0479428768157959,0.0008683204650878906,"[0, 0, 0, 7, 9, 10, 7, 16, 17, 19, 17, 0, 0, 0, 0, 0, 0, 0, 0, 70]","""[0, 2, 5, 2, 8, 2, 3, 2, 6, 4, 2, 71, 15, 34, 69, 51, 24, 69, 29, 0]"""
j10,2,reactive,60,True,23,0.0479428768157959,0.17695188522338867,"[0, 0, 0, 7, 9, 10, 7, 16, 17, 19, 17, 0, 0, 0, 0, 0, 0, 0, 0, 23]","[0, 2, 5, 2, 8, 2, 3, 2, 6, 4, 2, 71, 15, 34, 69, 51, 24, 69, 29, 0]"
j10,2,stnu,60,False,inf,1.126676321029663,inf,[],"""[0, 1, 6, 2, 8, 2, 3, 2, 13, 4, 1, 71, 15, 34, 69, 51, 24, 69, 29, 0]"""
j10,2,proactive_quantile_0.9,60,True,28,0.18553757667541504,0.0008523464202880859,"[0, 0, 0, 0, 5, 11, 5, 18, 15, 21, 12, 0, 0, 0, 0, 0, 0, 0, 0, 70]","""[0, 2, 7, 1, 2, 6, 1, 2, 3, 1, 1, 71, 15, 34, 69, 51, 24, 69, 29, 0]"""
j10,2,reactive,60,True,22,0.18553757667541504,0.17351341247558594,"[0, 0, 0, 0, 5, 11, 5, 18, 15, 21, 12, 0, 0, 0, 0, 0, 0, 0, 0, 22]","[0, 2, 7, 1, 2, 6, 1, 2, 3, 1, 1, 71, 15, 34, 69, 51, 24, 69, 29, 0]"
j10,2,stnu,60,False,inf,1.1496691703796387,inf,[],"""[0, 2, 6, 3, 2, 4, 3, 4, 3, 1, 5, 71, 15, 34, 69, 51, 24, 69, 29, 0]"""
j10,2,proactive_quantile_0.9,60,True,26,0.04979991912841797,0.0008971691131591797,"[0, 0, 0, 7, 9, 10, 7, 16, 17, 19, 17, 0, 0, 0, 0, 0, 0, 0, 0, 70]","""[0, 5, 2, 3, 3, 1, 5, 1, 2, 4, 6, 71, 15, 34, 69, 51, 24, 69, 29, 0]"""
j10,2,reactive,60,True,23,0.04979991912841797,0.17287087440490723,"[0, 0, 0, 7, 9, 10, 7, 16, 17, 19, 17, 0, 0, 0, 0, 0, 0, 0, 0, 23]","[0, 5, 2, 3, 3, 1, 5, 1, 2, 4, 6, 71, 15, 34, 69, 51, 24, 69, 29, 0]"
j10,2,stnu,60,False,inf,1.1378252506256104,inf,[],"""[0, 4, 2, 3, 3, 1, 5, 6, 2, 4, 6, 71, 15, 34, 69, 51, 24, 69, 29, 0]"""
j10,2,proactive_quantile_0.9,60,True,26,0.05162191390991211,0.0008530616760253906,"[0, 0, 0, 7, 9, 10, 7, 16, 17, 19, 17, 0, 0, 0, 0, 0, 0, 0, 0, 70]","""[0, 4, 6, 1, 6, 1, 1, 1, 3, 2, 7, 71, 15, 34, 69, 51, 24, 69, 29, 0]"""
j10,2,reactive,60,True,24,0.05162191390991211,0.1900770664215088,"[0, 0, 0, 7, 9, 10, 7, 16, 17, 19, 17, 0, 0, 0, 0, 0, 0, 0, 0, 24]","[0, 4, 6, 1, 6, 1, 1, 1, 3, 2, 7, 71, 15, 34, 69, 51, 24, 69, 29, 0]"
j10,2,stnu,60,False,inf,1.0024564266204834,inf,[],"""[0, 2, 9, 1, 6, 7, 2, 1, 10, 2, 2, 71, 15, 34, 69, 51, 24, 69, 29, 0]"""
j10,2,proactive_quantile_0.9,60,False,inf,0.1535327434539795,inf,"[0, 0, 0, 0, 5, 11, 5, 18, 15, 21, 12, 0, 0, 0, 0, 0, 0, 0, 0, 70]","""[0, 1, 4, 3, 1, 6, 8, 1, 4, 8, 4, 71, 15, 34, 69, 51, 24, 69, 29, 0]"""
j10,2,reactive,60,False,inf,inf,inf,null,"[0, 1, 4, 3, 1, 6, 8, 1, 4, 8, 4, 71, 15, 34, 69, 51, 24, 69, 29, 0]"
j10,2,stnu,60,False,inf,1.164639949798584,inf,[],"""[0, 1, 4, 3, 1, 3, 6, 1, 4, 8, 5, 71, 15, 34, 69, 51, 24, 69, 29, 0]"""
j10,2,proactive_quantile_0.9,60,False,inf,0.0479736328125,inf,"[0, 0, 0, 0, 9, 9, 18, 9, 12, 21, 21, 0, 55]","""[0, 1, 9, 5, 2, 3, 4, 4, 4, 3, 5, 56, 0]"""
j10,2,reactive,60,False,inf,inf,inf,null,"[0, 1, 9, 5, 2, 3, 4, 4, 4, 3, 5, 56, 0]"
j10,2,stnu,60,True,39,0.5804033279418945,0.005144596099853516,"[0, 0, 0, 0, 12, 4, 16, 2, 25, 23, 30, 0, 39]","""[0, 4, 2, 2, 13, 12, 7, 10, 5, 4, 9, 56, 0]"""
j10,2,proactive_quantile_0.9,60,True,51,0.046228885650634766,0.00030803680419921875,"[0, 0, 0, 0, 20, 10, 21, 10, 31, 28, 41, 0, 55]","""[0, 2, 12, 4, 9, 13, 4, 5, 2, 13, 8, 56, 0]"""
j10,2,reactive,60,False,inf,inf,inf,null,"[0, 2, 12, 4, 9, 13, 4, 5, 2, 13, 8, 56, 0]"
j10,2,stnu,60,True,50,0.5904831886291504,0.0052869319915771484,"[0, 0, 0, 0, 17, 12, 25, 12, 26, 29, 42, 0, 50]","""[0, 2, 12, 4, 9, 13, 4, 5, 2, 13, 8, 56, 0]"""
j10,2,proactive_quantile_0.9,60,True,35,0.052636146545410156,0.00026988983154296875,"[0, 0, 0, 0, 9, 9, 18, 9, 12, 21, 21, 0, 55]","""[0, 1, 7, 9, 2, 8, 2, 2, 10, 3, 6, 56, 0]"""
j10,2,reactive,60,True,27,0.052636146545410156,0.09224534034729004,"[0, 0, 0, 0, 9, 9, 18, 9, 12, 21, 21, 0, 27]","[0, 1, 7, 9, 2, 8, 2, 2, 10, 3, 6, 56, 0]"
j10,2,stnu,60,True,23,0.6046962738037109,0.005156040191650391,"[0, 0, 0, 0, 6, 4, 14, 4, 17, 16, 22, 0, 23]","""[0, 2, 4, 2, 11, 10, 2, 2, 1, 6, 1, 56, 0]"""
j10,2,proactive_quantile_0.9,60,False,inf,0.04581856727600098,inf,"[0, 0, 0, 0, 20, 10, 21, 10, 31, 28, 41, 0, 55]","""[0, 6, 9, 7, 13, 2, 2, 3, 4, 14, 9, 56, 0]"""
j10,2,reactive,60,False,inf,inf,inf,null,"[0, 6, 9, 7, 13, 2, 2, 3, 4, 14, 9, 56, 0]"
j10,2,stnu,60,True,45,0.6128287315368652,0.0049915313720703125,"[0, 0, 0, 0, 9, 9, 20, 9, 11, 29, 29, 0, 45]","""[0, 2, 9, 4, 1, 10, 9, 2, 9, 14, 16, 56, 0]"""
j10,2,proactive_quantile_0.9,60,True,51,0.052367448806762695,0.0003085136413574219,"[0, 0, 0, 0, 20, 10, 21, 10, 31, 28, 41, 0, 55]","""[0, 2, 6, 4, 10, 3, 5, 1, 9, 8, 12, 56, 0]"""
j10,2,reactive,60,True,53,0.052367448806762695,0.10507988929748535,"[0, 0, 0, 0, 20, 10, 21, 10, 31, 28, 41, 0, 53]","[0, 2, 6, 4, 10, 3, 5, 1, 9, 8, 12, 56, 0]"
j10,2,stnu,60,True,38,0.5417582988739014,0.0051691532135009766,"[0, 0, 0, 0, 7, 6, 9, 6, 17, 14, 26, 0, 38]","""[0, 2, 6, 4, 10, 3, 5, 1, 9, 8, 12, 56, 0]"""
j10,2,proactive_quantile_0.9,60,False,inf,0.06417679786682129,inf,"[0, 0, 0, 0, 20, 10, 21, 10, 31, 28, 41, 0, 55]","""[0, 3, 6, 5, 9, 5, 4, 2, 8, 15, 2, 56, 0]"""
j10,2,reactive,60,False,inf,inf,inf,null,"[0, 3, 6, 5, 9, 5, 4, 2, 8, 15, 2, 56, 0]"
j10,2,stnu,60,True,32,0.5512285232543945,0.005152702331542969,"[0, 0, 0, 0, 8, 6, 11, 6, 17, 15, 30, 0, 32]","""[0, 3, 6, 5, 9, 5, 4, 2, 8, 15, 2, 56, 0]"""
j10,2,proactive_quantile_0.9,60,True,35,0.06296896934509277,0.0003056526184082031,"[0, 0, 0, 0, 9, 9, 18, 9, 12, 21, 21, 0, 55]","""[0, 2, 9, 5, 4, 10, 2, 2, 7, 4, 9, 56, 0]"""
j10,2,reactive,60,False,inf,inf,inf,null,"[0, 2, 9, 5, 4, 10, 2, 2, 7, 4, 9, 56, 0]"
j10,2,stnu,60,True,32,0.6429080963134766,0.005039691925048828,"[0, 0, 0, 0, 6, 6, 16, 6, 10, 17, 17, 0, 32]","""[0, 2, 6, 4, 4, 10, 1, 2, 3, 15, 9, 56, 0]"""
j10,2,proactive_quantile_0.9,60,True,44,0.11127638816833496,0.0002925395965576172,"[0, 0, 0, 0, 10, 10, 21, 10, 13, 30, 30, 0, 55]","""[0, 2, 1, 4, 1, 3, 10, 4, 8, 5, 10, 56, 0]"""
j10,2,reactive,60,False,inf,inf,inf,null,"[0, 2, 1, 4, 1, 3, 10, 4, 8, 5, 10, 56, 0]"
j10,2,stnu,60,True,28,0.5478200912475586,0.005132913589477539,"[0, 0, 0, 0, 7, 4, 14, 1, 14, 20, 25, 0, 28]","""[0, 4, 1, 1, 3, 10, 6, 6, 8, 5, 3, 56, 0]"""
j10,2,proactive_quantile_0.9,60,True,44,0.16036128997802734,0.000316619873046875,"[0, 0, 0, 0, 10, 10, 21, 10, 13, 30, 30, 0, 55]","""[0, 3, 11, 2, 3, 7, 6, 3, 8, 12, 7, 56, 0]"""
j10,2,reactive,60,False,inf,inf,inf,null,"[0, 3, 11, 2, 3, 7, 6, 3, 8, 12, 7, 56, 0]"
j10,2,stnu,60,True,40,0.631333589553833,0.005017757415771484,"[0, 0, 0, 0, 11, 11, 22, 11, 14, 28, 28, 0, 40]","""[0, 3, 11, 2, 3, 7, 6, 3, 8, 12, 7, 56, 0]"""
j10,2,proactive_quantile_0.9,60,False,inf,0.10521888732910156,inf,"[0, 0, 0, 0, 20, 10, 21, 10, 31, 28, 41, 0, 55]","""[0, 7, 7, 8, 12, 9, 6, 3, 5, 13, 12, 56, 0]"""
j10,2,reactive,60,False,inf,inf,inf,null,"[0, 7, 7, 8, 12, 9, 6, 3, 5, 13, 12, 56, 0]"
j10,2,stnu,60,True,48,0.5498719215393066,0.0050961971282958984,"[0, 0, 0, 0, 11, 8, 17, 8, 23, 23, 36, 0, 48]","""[0, 7, 7, 8, 12, 9, 6, 3, 5, 13, 12, 56, 0]"""
j10,2,proactive_quantile_0.9,60,False,inf,0.044975996017456055,inf,"[0, 0, 0, 0, 10, 13, 21, 13, 21, 10, 26, 0, 0, 0, 71]","""[0, 2, 11, 7, 4, 2, 6, 1, 5, 3, 2, 72, 48, 27, 0]"""
j10,2,reactive,60,False,inf,inf,inf,null,"[0, 2, 11, 7, 4, 2, 6, 1, 5, 3, 2, 72, 48, 27, 0]"
j10,2,stnu,60,True,25,0.5811047554016113,0.006836414337158203,"[0, 0, 0, 0, 11, 15, 17, 15, 17, 11, 23, 0, 0, 0, 25]","""[0, 2, 11, 7, 4, 2, 6, 1, 5, 3, 2, 72, 48, 27, 0]"""
j10,2,proactive_quantile_0.9,60,False,inf,0.04975152015686035,inf,"[0, 0, 0, 0, 10, 13, 21, 13, 21, 10, 26, 0, 0, 0, 71]","""[0, 6, 8, 7, 4, 8, 2, 6, 3, 4, 10, 72, 48, 27, 0]"""
j10,2,reactive,60,False,inf,inf,inf,null,"[0, 6, 8, 7, 4, 8, 2, 6, 3, 4, 10, 72, 48, 27, 0]"
j10,2,stnu,60,False,inf,0.6020815372467041,inf,[],"""[0, 6, 8, 1, 4, 7, 2, 3, 3, 2, 10, 72, 48, 27, 0]"""
j10,2,proactive_quantile_0.9,60,False,inf,0.0472109317779541,inf,"[0, 0, 0, 0, 10, 13, 21, 13, 21, 10, 26, 0, 0, 0, 71]","""[0, 8, 1, 3, 4, 9, 3, 2, 9, 1, 1, 72, 48, 27, 0]"""
j10,2,reactive,60,False,inf,inf,inf,null,"[0, 8, 1, 3, 4, 9, 3, 2, 9, 1, 1, 72, 48, 27, 0]"
j10,2,stnu,60,True,30,0.5564205646514893,0.006787776947021484,"[0, 0, 0, 0, 8, 12, 21, 12, 21, 3, 24, 0, 0, 0, 30]","""[0, 8, 1, 3, 4, 9, 3, 2, 9, 1, 1, 72, 48, 27, 0]"""
j10,2,proactive_quantile_0.9,60,True,37,0.09955549240112305,0.0004241466522216797,"[0, 0, 0, 0, 10, 13, 20, 13, 26, 11, 28, 0, 0, 0, 71]","""[0, 5, 2, 4, 1, 1, 3, 3, 4, 2, 8, 72, 48, 27, 0]"""
j10,2,reactive,60,True,36,0.09955549240112305,0.22524785995483398,"[0, 0, 0, 0, 10, 13, 20, 13, 26, 11, 28, 0, 0, 0, 36]","[0, 5, 2, 4, 1, 1, 3, 3, 4, 2, 8, 72, 48, 27, 0]"
j10,2,stnu,60,True,22,0.5429408550262451,0.006787776947021484,"[0, 0, 0, 0, 5, 6, 9, 6, 13, 3, 14, 0, 0, 0, 22]","""[0, 5, 2, 3, 1, 3, 5, 7, 3, 4, 8, 72, 48, 27, 0]"""
j10,2,proactive_quantile_0.9,60,False,inf,0.04705190658569336,inf,"[0, 0, 0, 0, 10, 13, 21, 13, 21, 10, 26, 0, 0, 0, 71]","""[0, 6, 7, 3, 4, 2, 1, 7, 4, 3, 3, 72, 48, 27, 0]"""
j10,2,reactive,60,False,inf,inf,inf,null,"[0, 6, 7, 3, 4, 2, 1, 7, 4, 3, 3, 72, 48, 27, 0]"
j10,2,stnu,60,True,22,0.603980541229248,0.006780147552490234,"[0, 0, 0, 0, 7, 11, 13, 11, 18, 7, 18, 0, 0, 0, 22]","""[0, 6, 7, 3, 4, 2, 1, 7, 4, 3, 3, 72, 48, 27, 0]"""
j10,2,proactive_quantile_0.9,60,True,35,0.04727530479431152,0.0004596710205078125,"[0, 0, 0, 0, 10, 13, 21, 13, 21, 10, 26, 0, 0, 0, 71]","""[0, 7, 11, 3, 1, 8, 6, 1, 2, 3, 5, 72, 48, 27, 0]"""
j10,2,reactive,60,False,inf,inf,inf,null,"[0, 7, 11, 3, 1, 8, 6, 1, 2, 3, 5, 72, 48, 27, 0]"
j10,2,stnu,60,False,inf,0.624849796295166,inf,[],"""[0, 7, 11, 4, 1, 8, 9, 3, 2, 2, 5, 72, 48, 27, 0]"""
j10,2,proactive_quantile_0.9,60,False,inf,0.04052567481994629,inf,"[0, 0, 0, 0, 10, 13, 21, 13, 21, 10, 26, 0, 0, 0, 71]","""[0, 6, 10, 8, 4, 1, 4, 4, 10, 1, 8, 72, 48, 27, 0]"""
j10,2,reactive,60,False,inf,inf,inf,null,"[0, 6, 10, 8, 4, 1, 4, 4, 10, 1, 8, 72, 48, 27, 0]"
j10,2,stnu,60,False,inf,0.5904281139373779,inf,[],"""[0, 1, 10, 3, 4, 8, 9, 9, 2, 2, 1, 72, 48, 27, 0]"""
j10,2,proactive_quantile_0.9,60,True,35,0.04482889175415039,0.000461578369140625,"[0, 0, 0, 0, 10, 13, 21, 13, 21, 10, 26, 0, 0, 0, 71]","""[0, 7, 7, 2, 1, 6, 4, 7, 7, 5, 2, 72, 48, 27, 0]"""
j10,2,reactive,60,True,28,0.04482889175415039,0.11092615127563477,"[0, 0, 0, 0, 10, 13, 21, 13, 21, 10, 26, 0, 0, 0, 28]","[0, 7, 7, 2, 1, 6, 4, 7, 7, 5, 2, 72, 48, 27, 0]"
j10,2,stnu,60,True,22,0.558490514755249,0.006767749786376953,"[0, 0, 0, 0, 7, 8, 14, 8, 15, 7, 18, 0, 0, 0, 22]","""[0, 7, 7, 2, 1, 6, 4, 7, 7, 5, 2, 72, 48, 27, 0]"""
j10,2,proactive_quantile_0.9,60,True,35,0.057929039001464844,0.0004904270172119141,"[0, 0, 0, 0, 10, 13, 21, 13, 21, 10, 26, 0, 0, 0, 71]","""[0, 2, 7, 4, 2, 2, 6, 7, 5, 2, 6, 72, 48, 27, 0]"""
j10,2,reactive,60,False,inf,inf,inf,null,"[0, 2, 7, 4, 2, 2, 6, 7, 5, 2, 6, 72, 48, 27, 0]"
j10,2,stnu,60,True,23,0.647465705871582,0.0066874027252197266,"[0, 0, 0, 0, 7, 9, 11, 9, 16, 7, 17, 0, 0, 0, 23]","""[0, 2, 7, 4, 2, 2, 6, 7, 5, 2, 6, 72, 48, 27, 0]"""
j10,2,proactive_quantile_0.9,60,True,37,0.05336403846740723,0.00045037269592285156,"[0, 0, 0, 0, 10, 13, 20, 13, 26, 11, 28, 0, 0, 0, 71]","""[0, 7, 3, 1, 1, 1, 3, 3, 2, 3, 2, 72, 48, 27, 0]"""
j10,2,reactive,60,True,30,0.05336403846740723,0.15334367752075195,"[0, 0, 0, 0, 10, 13, 20, 13, 26, 11, 28, 0, 0, 0, 30]","[0, 7, 3, 1, 1, 1, 3, 3, 2, 3, 2, 72, 48, 27, 0]"
j10,2,stnu,60,True,18,0.5862574577331543,0.0068051815032958984,"[0, 0, 0, 0, 7, 8, 10, 8, 14, 3, 16, 0, 0, 0, 18]","""[0, 7, 3, 2, 1, 2, 6, 6, 2, 1, 2, 72, 48, 27, 0]"""
j10,2,stnu,60,False,inf,0.8286170959472656,inf,[],"""[0, 4, 2, 6, 6, 1, 1, 1, 3, 3, 3, 10, 30, 0]"""
j10,2,stnu,60,False,inf,0.6596832275390625,inf,[],"""[0, 3, 1, 4, 6, 6, 7, 3, 4, 4, 3, 10, 30, 0]"""
j10,2,stnu,60,False,inf,0.6657705307006836,inf,[],"""[0, 1, 3, 12, 2, 2, 6, 2, 4, 2, 3, 10, 30, 0]"""
j10,2,stnu,60,False,inf,0.714930534362793,inf,[],"""[0, 2, 3, 2, 4, 5, 4, 1, 1, 1, 3, 10, 30, 0]"""
j10,2,stnu,60,False,inf,0.6785256862640381,inf,[],"""[0, 3, 1, 10, 6, 1, 5, 2, 3, 2, 2, 10, 30, 0]"""
j10,2,stnu,60,False,inf,0.5430314540863037,inf,[],"""[0, 3, 2, 12, 8, 7, 8, 2, 1, 3, 4, 10, 30, 0]"""
j10,2,stnu,60,False,inf,0.8130195140838623,inf,[],"""[0, 1, 3, 13, 5, 4, 7, 1, 1, 3, 1, 10, 30, 0]"""
j10,2,stnu,60,False,inf,0.5387663841247559,inf,[],"""[0, 2, 3, 13, 7, 1, 5, 2, 3, 1, 1, 10, 30, 0]"""
j10,2,stnu,60,False,inf,0.5455653667449951,inf,[],"""[0, 3, 2, 3, 6, 3, 3, 2, 4, 1, 1, 10, 30, 0]"""
j10,2,stnu,60,False,inf,0.6893157958984375,inf,[],"""[0, 1, 2, 12, 3, 2, 4, 2, 4, 2, 3, 10, 30, 0]"""
j10,2,proactive_quantile_0.9,60,True,36,0.05367136001586914,0.00052642822265625,"[0, 0, 0, 0, 7, 18, 18, 18, 27, 27, 27, 0, 0, 0, 0, 65]","""[0, 1, 3, 2, 9, 6, 5, 8, 1, 6, 10, 31, 39, 66, 37, 0]"""
j10,2,reactive,60,True,37,0.05367136001586914,0.1214914321899414,"[0, 0, 0, 0, 7, 18, 18, 18, 27, 27, 27, 0, 0, 0, 0, 37]","[0, 1, 3, 2, 9, 6, 5, 8, 1, 6, 10, 31, 39, 66, 37, 0]"
j10,2,stnu,60,False,inf,0.6036102771759033,inf,[],"""[0, 1, 2, 1, 6, 2, 1, 6, 1, 4, 3, 31, 39, 66, 37, 0]"""
j10,2,proactive_quantile_0.9,60,False,inf,0.052964210510253906,inf,"[0, 0, 0, 0, 7, 18, 18, 18, 27, 27, 27, 0, 0, 0, 0, 65]","""[0, 2, 2, 8, 10, 7, 10, 10, 3, 10, 3, 31, 39, 66, 37, 0]"""
j10,2,reactive,60,False,inf,inf,inf,null,"[0, 2, 2, 8, 10, 7, 10, 10, 3, 10, 3, 31, 39, 66, 37, 0]"
j10,2,stnu,60,False,inf,0.5449533462524414,inf,[],"""[0, 2, 2, 8, 10, 7, 10, 10, 3, 10, 3, 31, 39, 66, 37, 0]"""
j10,2,proactive_quantile_0.9,60,True,36,0.03837323188781738,0.0005295276641845703,"[0, 0, 0, 0, 7, 18, 18, 18, 27, 27, 27, 0, 0, 0, 0, 65]","""[0, 3, 1, 4, 4, 1, 9, 8, 3, 10, 6, 31, 39, 66, 37, 0]"""
j10,2,reactive,60,True,37,0.03837323188781738,0.12088227272033691,"[0, 0, 0, 0, 7, 18, 18, 18, 27, 27, 27, 0, 0, 0, 0, 37]","[0, 3, 1, 4, 4, 1, 9, 8, 3, 10, 6, 31, 39, 66, 37, 0]"
j10,2,stnu,60,False,inf,0.5176777839660645,inf,[],"""[0, 3, 1, 4, 4, 1, 9, 8, 3, 10, 6, 31, 39, 66, 37, 0]"""
j10,2,proactive_quantile_0.9,60,True,36,0.040531158447265625,0.00047969818115234375,"[0, 0, 0, 0, 7, 18, 18, 18, 27, 27, 27, 0, 0, 0, 0, 65]","""[0, 3, 4, 4, 3, 2, 5, 4, 1, 2, 1, 31, 39, 66, 37, 0]"""
j10,2,reactive,60,True,29,0.040531158447265625,0.15295743942260742,"[0, 0, 0, 0, 7, 18, 18, 18, 27, 27, 27, 0, 0, 0, 0, 29]","[0, 3, 4, 4, 3, 2, 5, 4, 1, 2, 1, 31, 39, 66, 37, 0]"
j10,2,stnu,60,False,inf,0.49959826469421387,inf,[],"""[0, 3, 4, 4, 3, 2, 5, 4, 1, 2, 1, 31, 39, 66, 37, 0]"""
j10,2,proactive_quantile_0.9,60,True,33,0.13475751876831055,0.0004942417144775391,"[0, 0, 0, 0, 2, 12, 12, 12, 20, 20, 20, 0, 0, 0, 0, 65]","""[0, 2, 2, 2, 9, 3, 5, 1, 7, 1, 12, 31, 39, 66, 37, 0]"""
j10,2,reactive,60,True,32,0.13475751876831055,0.08693552017211914,"[0, 0, 0, 0, 2, 12, 12, 12, 20, 20, 20, 0, 0, 0, 0, 32]","[0, 2, 2, 2, 9, 3, 5, 1, 7, 1, 12, 31, 39, 66, 37, 0]"
j10,2,stnu,60,False,inf,0.53011155128479,inf,[],"""[0, 2, 1, 1, 10, 1, 1, 6, 1, 9, 6, 31, 39, 66, 37, 0]"""
j10,2,proactive_quantile_0.9,60,False,inf,0.0663599967956543,inf,"[0, 0, 0, 0, 2, 12, 12, 12, 20, 20, 20, 0, 0, 0, 0, 65]","""[0, 1, 2, 3, 3, 3, 6, 9, 2, 2, 5, 31, 39, 66, 37, 0]"""
j10,2,reactive,60,False,inf,inf,inf,null,"[0, 1, 2, 3, 3, 3, 6, 9, 2, 2, 5, 31, 39, 66, 37, 0]"
j10,2,stnu,60,False,inf,0.6081459522247314,inf,[],"""[0, 1, 2, 3, 3, 3, 6, 9, 3, 2, 3, 31, 39, 66, 37, 0]"""
j10,2,proactive_quantile_0.9,60,False,inf,0.04795122146606445,inf,"[0, 0, 0, 0, 7, 18, 18, 18, 27, 27, 27, 0, 0, 0, 0, 65]","""[0, 2, 4, 4, 13, 8, 9, 4, 1, 7, 1, 31, 39, 66, 37, 0]"""
j10,2,reactive,60,False,inf,inf,inf,null,"[0, 2, 4, 4, 13, 8, 9, 4, 1, 7, 1, 31, 39, 66, 37, 0]"
j10,2,stnu,60,False,inf,0.5197396278381348,inf,[],"""[0, 2, 4, 4, 13, 8, 9, 4, 1, 7, 1, 31, 39, 66, 37, 0]"""
j10,2,proactive_quantile_0.9,60,True,29,0.051145315170288086,0.0005147457122802734,"[0, 0, 0, 0, 2, 12, 12, 12, 20, 20, 20, 0, 0, 0, 0, 65]","""[0, 2, 3, 2, 3, 3, 6, 8, 3, 8, 9, 31, 39, 66, 37, 0]"""
j10,2,reactive,60,True,29,0.051145315170288086,0.09354114532470703,"[0, 0, 0, 0, 2, 12, 12, 12, 20, 20, 20, 0, 0, 0, 0, 29]","[0, 2, 3, 2, 3, 3, 6, 8, 3, 8, 9, 31, 39, 66, 37, 0]"
j10,2,stnu,60,False,inf,0.5176417827606201,inf,[],"""[0, 2, 5, 7, 10, 4, 4, 8, 3, 4, 9, 31, 39, 66, 37, 0]"""
j10,2,proactive_quantile_0.9,60,True,36,0.0478971004486084,0.0004723072052001953,"[0, 0, 0, 0, 7, 18, 18, 18, 27, 27, 27, 0, 0, 0, 0, 65]","""[0, 2, 3, 6, 8, 2, 2, 3, 2, 3, 6, 31, 39, 66, 37, 0]"""
j10,2,reactive,60,True,33,0.0478971004486084,0.1199805736541748,"[0, 0, 0, 0, 7, 18, 18, 18, 27, 27, 27, 0, 0, 0, 0, 33]","[0, 2, 3, 6, 8, 2, 2, 3, 2, 3, 6, 31, 39, 66, 37, 0]"
j10,2,stnu,60,False,inf,0.5557899475097656,inf,[],"""[0, 2, 3, 6, 8, 2, 2, 3, 2, 3, 6, 31, 39, 66, 37, 0]"""
j10,2,proactive_quantile_0.9,60,True,36,0.04737663269042969,0.00055694580078125,"[0, 0, 0, 0, 7, 18, 18, 18, 27, 27, 27, 0, 0, 0, 0, 65]","""[0, 2, 1, 2, 4, 9, 6, 2, 1, 8, 6, 31, 39, 66, 37, 0]"""
j10,2,reactive,60,True,35,0.04737663269042969,0.13341403007507324,"[0, 0, 0, 0, 7, 18, 18, 18, 27, 27, 27, 0, 0, 0, 0, 35]","[0, 2, 1, 2, 4, 9, 6, 2, 1, 8, 6, 31, 39, 66, 37, 0]"
j10,2,stnu,60,False,inf,0.5261733531951904,inf,[],"""[0, 2, 1, 2, 4, 9, 6, 2, 1, 8, 6, 31, 39, 66, 37, 0]"""
j20,2,proactive_quantile_0.9,60,True,56,0.07788705825805664,0.0006091594696044922,"[0, 0, 0, 0, 13, 23, 11, 23, 26, 11, 24, 27, 34, 34, 34, 39, 44, 44, 43, 53, 53, 0, 0, 116]","""[0, 9, 1, 7, 3, 3, 1, 3, 7, 8, 1, 2, 3, 4, 2, 4, 3, 3, 2, 1, 2, 117, 51, 0]"""
j20,2,reactive,60,True,49,0.07788705825805664,0.41974711418151855,"[0, 0, 0, 0, 13, 23, 11, 23, 26, 11, 24, 27, 34, 34, 34, 39, 44, 44, 43, 47, 47, 0, 0, 49]","[0, 9, 1, 7, 3, 3, 1, 3, 7, 8, 1, 2, 3, 4, 2, 4, 3, 3, 2, 1, 2, 117, 51, 0]"
j20,2,stnu,60,True,35,0.7496063709259033,0.023476839065551758,"[0, 0, 0, 0, 10, 13, 9, 13, 16, 9, 17, 18, 23, 23, 23, 26, 30, 30, 27, 33, 33, 0, 0, 35]","""[0, 9, 1, 7, 3, 3, 1, 3, 7, 8, 1, 2, 3, 4, 2, 4, 3, 3, 2, 1, 2, 117, 51, 0]"""
j20,2,proactive_quantile_0.9,60,True,56,0.09474492073059082,0.0005948543548583984,"[0, 0, 0, 0, 13, 23, 11, 23, 26, 11, 24, 27, 34, 34, 34, 39, 44, 44, 43, 53, 53, 0, 0, 116]","""[0, 5, 2, 8, 11, 3, 1, 4, 1, 3, 4, 1, 2, 8, 2, 5, 8, 3, 2, 1, 2, 117, 51, 0]"""
j20,2,reactive,60,False,inf,inf,inf,null,"[0, 5, 2, 8, 11, 3, 1, 4, 1, 3, 4, 1, 2, 8, 2, 5, 8, 3, 2, 1, 2, 117, 51, 0]"
j20,2,stnu,60,True,61,0.7628626823425293,0.022454261779785156,"[0, 0, 0, 0, 8, 19, 8, 19, 25, 8, 19, 23, 28, 28, 28, 41, 47, 47, 41, 53, 53, 0, 0, 61]","""[0, 5, 1, 8, 11, 5, 7, 6, 3, 3, 4, 5, 2, 8, 13, 6, 6, 5, 2, 3, 8, 117, 51, 0]"""
j20,2,proactive_quantile_0.9,60,False,inf,0.16603660583496094,inf,"[0, 0, 0, 0, 13, 23, 11, 23, 26, 11, 24, 27, 34, 34, 34, 39, 44, 44, 43, 53, 53, 0, 0, 116]","""[0, 9, 3, 6, 10, 1, 1, 2, 8, 3, 2, 5, 1, 4, 2, 6, 7, 2, 3, 3, 4, 117, 51, 0]"""
j20,2,reactive,60,False,inf,inf,inf,null,"[0, 9, 3, 6, 10, 1, 1, 2, 8, 3, 2, 5, 1, 4, 2, 6, 7, 2, 3, 3, 4, 117, 51, 0]"
j20,2,stnu,60,True,67,0.7329163551330566,0.0230257511138916,"[0, 0, 0, 0, 9, 12, 9, 12, 17, 9, 12, 14, 30, 30, 30, 42, 50, 50, 44, 62, 53, 0, 0, 67]","""[0, 9, 7, 6, 3, 3, 2, 5, 11, 3, 2, 16, 1, 14, 12, 8, 3, 12, 3, 5, 2, 117, 51, 0]"""
j20,2,proactive_quantile_0.9,60,True,80,0.14263033866882324,0.0006694793701171875,"[0, 0, 0, 0, 11, 24, 13, 24, 31, 11, 24, 27, 41, 41, 41, 52, 60, 60, 54, 73, 69, 0, 0, 116]","""[0, 2, 1, 9, 13, 4, 7, 7, 9, 4, 3, 4, 1, 8, 12, 6, 7, 11, 2, 3, 2, 117, 51, 0]"""
j20,2,reactive,60,False,inf,inf,inf,null,"[0, 2, 1, 9, 13, 4, 7, 7, 9, 4, 3, 4, 1, 8, 12, 6, 7, 11, 2, 3, 2, 117, 51, 0]"
j20,2,stnu,60,True,36,0.6822655200958252,0.023672819137573242,"[0, 0, 0, 0, 9, 11, 2, 11, 14, 9, 13, 16, 21, 21, 21, 27, 29, 29, 28, 32, 32, 0, 0, 36]","""[0, 2, 1, 9, 2, 3, 3, 2, 6, 4, 3, 5, 1, 7, 6, 2, 3, 2, 2, 4, 1, 117, 51, 0]"""
j20,2,proactive_quantile_0.9,60,True,80,0.16546416282653809,0.0006499290466308594,"[0, 0, 0, 0, 11, 24, 13, 24, 31, 11, 24, 27, 41, 41, 41, 52, 60, 60, 54, 73, 69, 0, 0, 116]","""[0, 8, 9, 10, 6, 3, 8, 5, 10, 11, 2, 4, 2, 7, 2, 1, 2, 3, 1, 5, 4, 117, 51, 0]"""
j20,2,reactive,60,True,54,0.16546416282653809,0.4601261615753174,"[0, 0, 0, 0, 11, 24, 13, 24, 31, 11, 24, 27, 41, 41, 41, 43, 47, 44, 48, 49, 44, 0, 0, 54]","[0, 8, 9, 10, 6, 3, 8, 5, 10, 11, 2, 4, 2, 7, 2, 1, 2, 3, 1, 5, 4, 117, 51, 0]"
j20,2,stnu,60,True,52,0.7455999851226807,0.023032665252685547,"[0, 0, 0, 0, 10, 21, 10, 21, 26, 10, 21, 23, 36, 36, 27, 38, 44, 44, 43, 47, 46, 0, 0, 52]","""[0, 8, 9, 10, 6, 3, 8, 5, 10, 11, 2, 4, 2, 7, 2, 1, 2, 3, 1, 5, 4, 117, 51, 0]"""
j20,2,proactive_quantile_0.9,60,True,80,0.13547897338867188,0.0006644725799560547,"[0, 0, 0, 0, 11, 24, 13, 24, 31, 11, 24, 27, 41, 41, 41, 52, 60, 60, 54, 73, 69, 0, 0, 116]","""[0, 13, 9, 7, 6, 2, 1, 6, 1, 7, 2, 6, 3, 12, 3, 6, 3, 10, 1, 2, 11, 117, 51, 0]"""
j20,2,reactive,60,False,inf,inf,inf,null,"[0, 13, 9, 7, 6, 2, 1, 6, 1, 7, 2, 6, 3, 12, 3, 6, 3, 10, 1, 2, 11, 117, 51, 0]"
j20,2,stnu,60,True,41,0.7717218399047852,0.023668766021728516,"[0, 0, 0, 0, 15, 16, 13, 16, 20, 13, 20, 22, 25, 25, 25, 29, 35, 35, 35, 39, 39, 0, 0, 41]","""[0, 13, 2, 7, 1, 3, 2, 4, 5, 7, 2, 1, 3, 10, 4, 5, 4, 1, 1, 1, 2, 117, 51, 0]"""
j20,2,proactive_quantile_0.9,60,True,56,0.08789896965026855,0.0005784034729003906,"[0, 0, 0, 0, 13, 23, 11, 23, 26, 11, 24, 27, 34, 34, 34, 39, 44, 44, 43, 53, 53, 0, 0, 116]","""[0, 5, 3, 10, 8, 3, 2, 2, 2, 6, 1, 4, 1, 7, 6, 5, 4, 2, 1, 1, 1, 117, 51, 0]"""
j20,2,reactive,60,False,inf,inf,inf,null,"[0, 5, 3, 10, 8, 3, 2, 2, 2, 6, 1, 4, 1, 7, 6, 5, 4, 2, 1, 1, 1, 117, 51, 0]"
j20,2,stnu,60,True,72,0.8492257595062256,0.023288249969482422,"[0, 0, 0, 0, 12, 20, 10, 20, 23, 10, 28, 43, 47, 35, 47, 54, 58, 58, 54, 69, 58, 0, 0, 72]","""[0, 5, 2, 10, 8, 8, 2, 3, 12, 6, 15, 4, 4, 7, 7, 4, 11, 3, 1, 3, 4, 117, 51, 0]"""
j20,2,proactive_quantile_0.9,60,True,80,0.15760231018066406,0.0007476806640625,"[0, 0, 0, 0, 11, 24, 13, 24, 31, 11, 24, 27, 41, 41, 41, 52, 60, 60, 54, 73, 69, 0, 0, 116]","""[0, 9, 3, 10, 13, 2, 1, 2, 12, 7, 2, 16, 3, 3, 8, 1, 3, 11, 3, 6, 12, 117, 51, 0]"""
j20,2,reactive,60,False,inf,inf,inf,null,"[0, 9, 3, 10, 13, 2, 1, 2, 12, 7, 2, 16, 3, 3, 8, 1, 3, 11, 3, 6, 12, 117, 51, 0]"
j20,2,stnu,60,True,69,0.8966579437255859,0.022678375244140625,"[0, 0, 0, 0, 10, 23, 10, 23, 25, 10, 23, 25, 41, 41, 41, 49, 52, 52, 49, 63, 55, 0, 0, 69]","""[0, 9, 3, 10, 13, 2, 1, 2, 12, 7, 2, 16, 3, 3, 8, 1, 3, 11, 3, 6, 12, 117, 51, 0]"""
j20,2,proactive_quantile_0.9,60,False,inf,0.10006904602050781,inf,"[0, 0, 0, 0, 13, 23, 11, 23, 26, 11, 24, 27, 34, 34, 34, 39, 44, 44, 43, 53, 53, 0, 0, 116]","""[0, 13, 2, 11, 3, 1, 1, 4, 6, 6, 2, 8, 3, 5, 5, 4, 2, 1, 4, 4, 2, 117, 51, 0]"""
j20,2,reactive,60,False,inf,inf,inf,null,"[0, 13, 2, 11, 3, 1, 1, 4, 6, 6, 2, 8, 3, 5, 5, 4, 2, 1, 4, 4, 2, 117, 51, 0]"
j20,2,stnu,60,True,44,0.6761572360992432,0.023493051528930664,"[0, 0, 0, 0, 14, 17, 13, 17, 21, 13, 19, 21, 29, 29, 29, 34, 38, 38, 34, 40, 40, 0, 0, 44]","""[0, 13, 2, 11, 3, 1, 1, 4, 6, 6, 2, 8, 3, 5, 5, 4, 2, 1, 4, 4, 2, 117, 51, 0]"""
j20,2,proactive_quantile_0.9,60,False,inf,0.08173370361328125,inf,"[0, 0, 0, 0, 13, 23, 11, 23, 26, 11, 24, 27, 34, 34, 34, 39, 44, 44, 43, 53, 53, 0, 0, 116]","""[0, 10, 1, 3, 2, 2, 2, 3, 8, 10, 1, 8, 3, 5, 6, 6, 1, 1, 2, 2, 2, 117, 51, 0]"""
j20,2,reactive,60,False,inf,inf,inf,null,"[0, 10, 1, 3, 2, 2, 2, 3, 8, 10, 1, 8, 3, 5, 6, 6, 1, 1, 2, 2, 2, 117, 51, 0]"
j20,2,stnu,60,True,65,0.6714732646942139,0.023392438888549805,"[0, 0, 0, 0, 12, 20, 10, 14, 19, 10, 21, 33, 41, 28, 41, 49, 55, 55, 49, 62, 55, 0, 0, 65]","""[0, 10, 6, 3, 2, 1, 2, 5, 9, 10, 12, 8, 8, 7, 4, 6, 7, 2, 1, 3, 8, 117, 51, 0]"""
j20,2,stnu,60,False,inf,1.197439193725586,inf,[],"""[0, 1, 2, 2, 5, 2, 4, 1, 1, 1, 5, 6, 4, 1, 2, 1, 4, 2, 1, 2, 1, 5, 33, 158, 128, 84, 96, 156, 0]"""
j20,2,stnu,60,False,inf,0.6794118881225586,inf,[],"""[0, 3, 1, 2, 4, 10, 3, 4, 4, 5, 3, 1, 1, 10, 2, 1, 5, 2, 3, 9, 12, 5, 33, 158, 128, 84, 96, 156, 0]"""
j20,2,stnu,60,False,inf,0.7456130981445312,inf,[],"""[0, 3, 1, 5, 1, 4, 4, 2, 4, 1, 3, 2, 4, 9, 1, 1, 3, 2, 3, 3, 10, 5, 33, 158, 128, 84, 96, 156, 0]"""
j20,2,stnu,60,False,inf,0.6072940826416016,inf,[],"""[0, 4, 3, 6, 1, 8, 4, 6, 1, 4, 5, 1, 4, 3, 2, 5, 1, 2, 3, 1, 3, 5, 33, 158, 128, 84, 96, 156, 0]"""
j20,2,stnu,60,False,inf,1.1918675899505615,inf,[],"""[0, 3, 3, 4, 3, 10, 1, 2, 1, 2, 2, 7, 4, 2, 1, 6, 6, 2, 3, 1, 3, 5, 33, 158, 128, 84, 96, 156, 0]"""
j20,2,stnu,60,False,inf,0.6597168445587158,inf,[],"""[0, 2, 1, 1, 3, 5, 1, 5, 8, 3, 3, 2, 4, 6, 2, 9, 5, 3, 1, 9, 4, 5, 33, 158, 128, 84, 96, 156, 0]"""
j20,2,stnu,60,False,inf,0.6677844524383545,inf,[],"""[0, 1, 1, 1, 5, 1, 4, 5, 8, 3, 2, 8, 7, 12, 3, 5, 5, 2, 4, 3, 4, 5, 33, 158, 128, 84, 96, 156, 0]"""
j20,2,stnu,60,False,inf,0.7359068393707275,inf,[],"""[0, 4, 2, 1, 5, 3, 1, 6, 2, 5, 6, 9, 8, 9, 2, 5, 3, 3, 2, 8, 9, 5, 33, 158, 128, 84, 96, 156, 0]"""
j20,2,stnu,60,False,inf,0.6765611171722412,inf,[],"""[0, 1, 1, 5, 8, 7, 1, 5, 4, 6, 3, 6, 9, 12, 2, 10, 4, 1, 2, 12, 1, 5, 33, 158, 128, 84, 96, 156, 0]"""
j20,2,stnu,60,False,inf,0.6330866813659668,inf,[],"""[0, 4, 3, 2, 7, 3, 3, 6, 3, 6, 1, 6, 1, 1, 1, 1, 5, 2, 3, 2, 4, 5, 33, 158, 128, 84, 96, 156, 0]"""
j20,2,proactive_quantile_0.9,60,True,38,0.08761453628540039,0.0019419193267822266,"[0, 0, 0, 0, 2, 8, 5, 8, 13, 2, 8, 15, 15, 23, 22, 27, 22, 7, 29, 33, 27, 0, 0, 0, 0, 0, 0, 0, 0, 0, 0, 0, 0, 149]","""[0, 1, 5, 8, 3, 2, 2, 2, 11, 3, 6, 6, 3, 11, 6, 2, 2, 1, 2, 2, 5, 15, 143, 33, 150, 111, 67, 64, 98, 85, 44, 48, 106, 0]"""
j20,2,reactive,60,False,inf,inf,inf,null,"[0, 1, 5, 8, 3, 2, 2, 2, 11, 3, 6, 6, 3, 11, 6, 2, 2, 1, 2, 2, 5, 15, 143, 33, 150, 111, 67, 64, 98, 85, 44, 48, 106, 0]"
j20,2,stnu,60,True,35,0.7586579322814941,0.0411069393157959,"[0, 0, 0, 0, 1, 8, 5, 8, 10, 1, 8, 14, 14, 22, 22, 28, 22, 5, 30, 33, 28, 0, 0, 0, 0, 0, 0, 0, 0, 0, 0, 0, 0, 35]","""[0, 1, 5, 8, 3, 2, 2, 2, 11, 3, 6, 8, 3, 11, 6, 2, 2, 1, 2, 2, 5, 15, 143, 33, 150, 111, 67, 64, 98, 85, 44, 48, 106, 0]"""
j20,2,proactive_quantile_0.9,60,True,38,0.07509732246398926,0.0019145011901855469,"[0, 0, 0, 0, 2, 8, 5, 8, 13, 2, 8, 15, 15, 23, 22, 27, 22, 7, 29, 33, 27, 0, 0, 0, 0, 0, 0, 0, 0, 0, 0, 0, 0, 149]","""[0, 2, 4, 1, 1, 2, 1, 6, 1, 2, 2, 8, 3, 3, 2, 3, 5, 7, 1, 1, 4, 15, 143, 33, 150, 111, 67, 64, 98, 85, 44, 48, 106, 0]"""
j20,2,reactive,60,False,inf,inf,inf,null,"[0, 2, 4, 1, 1, 2, 1, 6, 1, 2, 2, 8, 3, 3, 2, 3, 5, 7, 1, 1, 4, 15, 143, 33, 150, 111, 67, 64, 98, 85, 44, 48, 106, 0]"
j20,2,stnu,60,True,21,0.7256782054901123,0.04123067855834961,"[0, 0, 0, 0, 2, 5, 4, 5, 11, 2, 5, 11, 11, 14, 14, 16, 14, 4, 19, 20, 16, 0, 0, 0, 0, 0, 0, 0, 0, 0, 0, 0, 0, 21]","""[0, 2, 4, 1, 1, 2, 1, 6, 1, 2, 2, 3, 3, 3, 2, 3, 5, 7, 1, 1, 4, 15, 143, 33, 150, 111, 67, 64, 98, 85, 44, 48, 106, 0]"""
j20,2,proactive_quantile_0.9,60,True,38,0.07388639450073242,0.0020287036895751953,"[0, 0, 0, 0, 2, 8, 5, 8, 13, 2, 8, 15, 15, 23, 22, 27, 22, 7, 29, 33, 27, 0, 0, 0, 0, 0, 0, 0, 0, 0, 0, 0, 0, 149]","""[0, 3, 6, 6, 6, 1, 2, 2, 7, 5, 4, 5, 1, 12, 4, 1, 8, 9, 2, 5, 2, 15, 143, 33, 150, 111, 67, 64, 98, 85, 44, 48, 106, 0]"""
j20,2,reactive,60,False,inf,inf,inf,null,"[0, 3, 6, 6, 6, 1, 2, 2, 7, 5, 4, 5, 1, 12, 4, 1, 8, 9, 2, 5, 2, 15, 143, 33, 150, 111, 67, 64, 98, 85, 44, 48, 106, 0]"
j20,2,stnu,60,True,43,0.7650294303894043,0.041155099868774414,"[0, 0, 0, 0, 3, 8, 6, 9, 11, 3, 8, 18, 18, 26, 26, 30, 26, 9, 31, 38, 30, 0, 0, 0, 0, 0, 0, 0, 0, 0, 0, 0, 0, 43]","""[0, 3, 6, 6, 6, 1, 2, 2, 7, 5, 4, 8, 1, 12, 4, 1, 8, 9, 2, 5, 2, 15, 143, 33, 150, 111, 67, 64, 98, 85, 44, 48, 106, 0]"""
j20,2,proactive_quantile_0.9,60,True,38,0.1474757194519043,0.0020754337310791016,"[0, 0, 0, 0, 2, 8, 5, 8, 13, 2, 8, 15, 15, 23, 22, 27, 22, 7, 29, 33, 27, 0, 0, 0, 0, 0, 0, 0, 0, 0, 0, 0, 0, 149]","""[0, 2, 5, 9, 6, 4, 2, 4, 4, 8, 4, 2, 1, 11, 4, 3, 4, 8, 2, 6, 6, 15, 143, 33, 150, 111, 67, 64, 98, 85, 44, 48, 106, 0]"""
j20,2,reactive,60,False,inf,inf,inf,null,"[0, 2, 5, 9, 6, 4, 2, 4, 4, 8, 4, 2, 1, 11, 4, 3, 4, 8, 2, 6, 6, 15, 143, 33, 150, 111, 67, 64, 98, 85, 44, 48, 106, 0]"
j20,2,stnu,60,True,40,0.8115730285644531,0.040949344635009766,"[0, 0, 0, 0, 2, 9, 5, 9, 13, 2, 9, 16, 16, 23, 23, 27, 23, 8, 30, 34, 27, 0, 0, 0, 0, 0, 0, 0, 0, 0, 0, 0, 0, 40]","""[0, 2, 5, 9, 6, 4, 2, 4, 4, 8, 4, 7, 1, 11, 4, 3, 4, 8, 2, 6, 6, 15, 143, 33, 150, 111, 67, 64, 98, 85, 44, 48, 106, 0]"""
j20,2,proactive_quantile_0.9,60,True,38,0.1523892879486084,0.0019621849060058594,"[0, 0, 0, 0, 2, 8, 5, 8, 13, 2, 8, 15, 15, 23, 22, 27, 22, 7, 29, 33, 27, 0, 0, 0, 0, 0, 0, 0, 0, 0, 0, 0, 0, 149]","""[0, 2, 5, 3, 5, 2, 2, 1, 7, 7, 4, 4, 1, 1, 2, 1, 6, 6, 2, 3, 3, 15, 143, 33, 150, 111, 67, 64, 98, 85, 44, 48, 106, 0]"""
j20,2,reactive,60,True,36,0.1523892879486084,0.37265563011169434,"[0, 0, 0, 0, 2, 8, 5, 8, 13, 2, 8, 15, 15, 23, 22, 27, 22, 7, 29, 33, 27, 0, 0, 0, 0, 0, 0, 0, 0, 0, 0, 0, 0, 36]","[0, 2, 5, 3, 5, 2, 2, 1, 7, 7, 4, 4, 1, 1, 2, 1, 6, 6, 2, 3, 3, 15, 143, 33, 150, 111, 67, 64, 98, 85, 44, 48, 106, 0]"
j20,2,stnu,60,False,inf,0.6173703670501709,inf,[],"""[0, 2, 5, 5, 5, 1, 2, 3, 7, 10, 4, 8, 4, 1, 10, 1, 4, 7, 2, 9, 9, 15, 143, 33, 150, 111, 67, 64, 98, 85, 44, 48, 106, 0]"""
j20,2,proactive_quantile_0.9,60,True,38,0.08091974258422852,0.0020079612731933594,"[0, 0, 0, 0, 2, 8, 5, 8, 13, 2, 8, 15, 15, 23, 22, 27, 22, 7, 29, 33, 27, 0, 0, 0, 0, 0, 0, 0, 0, 0, 0, 0, 0, 149]","""[0, 3, 6, 4, 3, 2, 1, 2, 11, 9, 6, 3, 1, 3, 1, 3, 8, 7, 3, 6, 1, 15, 143, 33, 150, 111, 67, 64, 98, 85, 44, 48, 106, 0]"""
j20,2,reactive,60,False,inf,inf,inf,null,"[0, 3, 6, 4, 3, 2, 1, 2, 11, 9, 6, 3, 1, 3, 1, 3, 8, 7, 3, 6, 1, 15, 143, 33, 150, 111, 67, 64, 98, 85, 44, 48, 106, 0]"
j20,2,stnu,60,True,32,0.778024435043335,0.04100608825683594,"[0, 0, 0, 0, 3, 7, 6, 7, 12, 3, 7, 13, 13, 23, 14, 15, 14, 6, 18, 26, 15, 0, 0, 0, 0, 0, 0, 0, 0, 0, 0, 0, 0, 32]","""[0, 3, 6, 4, 3, 2, 1, 2, 11, 9, 6, 1, 1, 3, 1, 3, 8, 7, 3, 6, 1, 15, 143, 33, 150, 111, 67, 64, 98, 85, 44, 48, 106, 0]"""
j20,2,proactive_quantile_0.9,60,True,38,0.10333251953125,0.002010345458984375,"[0, 0, 0, 0, 2, 8, 5, 8, 13, 2, 8, 15, 15, 23, 22, 27, 22, 7, 29, 33, 27, 0, 0, 0, 0, 0, 0, 0, 0, 0, 0, 0, 0, 149]","""[0, 3, 2, 8, 5, 4, 3, 1, 10, 10, 8, 2, 3, 12, 3, 1, 9, 4, 1, 5, 4, 15, 143, 33, 150, 111, 67, 64, 98, 85, 44, 48, 106, 0]"""
j20,2,reactive,60,False,inf,inf,inf,null,"[0, 3, 2, 8, 5, 4, 3, 1, 10, 10, 8, 2, 3, 12, 3, 1, 9, 4, 1, 5, 4, 15, 143, 33, 150, 111, 67, 64, 98, 85, 44, 48, 106, 0]"
j20,2,stnu,60,True,40,0.8306839466094971,0.04114222526550293,"[0, 0, 0, 0, 3, 8, 2, 8, 13, 3, 8, 16, 16, 23, 21, 24, 21, 8, 25, 35, 24, 0, 0, 0, 0, 0, 0, 0, 0, 0, 0, 0, 0, 40]","""[0, 3, 2, 8, 5, 4, 3, 1, 10, 10, 8, 5, 3, 12, 3, 1, 9, 4, 1, 5, 4, 15, 143, 33, 150, 111, 67, 64, 98, 85, 44, 48, 106, 0]"""
j20,2,proactive_quantile_0.9,60,True,38,0.18974852561950684,0.001956462860107422,"[0, 0, 0, 0, 2, 8, 5, 8, 13, 2, 8, 15, 15, 23, 22, 27, 22, 7, 29, 33, 27, 0, 0, 0, 0, 0, 0, 0, 0, 0, 0, 0, 0, 149]","""[0, 3, 3, 2, 6, 4, 4, 4, 2, 5, 4, 7, 2, 2, 1, 1, 3, 9, 1, 2, 6, 15, 143, 33, 150, 111, 67, 64, 98, 85, 44, 48, 106, 0]"""
j20,2,reactive,60,False,inf,inf,inf,null,"[0, 3, 3, 2, 6, 4, 4, 4, 2, 5, 4, 7, 2, 2, 1, 1, 3, 9, 1, 2, 6, 15, 143, 33, 150, 111, 67, 64, 98, 85, 44, 48, 106, 0]"
j20,2,stnu,60,True,31,0.7068119049072266,0.04118680953979492,"[0, 0, 0, 0, 3, 7, 3, 9, 13, 3, 7, 18, 18, 22, 22, 23, 22, 9, 24, 29, 23, 0, 0, 0, 0, 0, 0, 0, 0, 0, 0, 0, 0, 31]","""[0, 3, 3, 2, 6, 4, 4, 4, 2, 5, 4, 4, 2, 2, 1, 1, 3, 9, 1, 2, 6, 15, 143, 33, 150, 111, 67, 64, 98, 85, 44, 48, 106, 0]"""
j20,2,proactive_quantile_0.9,60,True,38,0.1571798324584961,0.0018303394317626953,"[0, 0, 0, 0, 2, 8, 5, 8, 13, 2, 8, 15, 15, 23, 22, 27, 22, 7, 29, 33, 27, 0, 0, 0, 0, 0, 0, 0, 0, 0, 0, 0, 0, 149]","""[0, 3, 5, 8, 2, 2, 1, 1, 11, 4, 4, 6, 3, 4, 1, 3, 1, 3, 1, 4, 6, 15, 143, 33, 150, 111, 67, 64, 98, 85, 44, 48, 106, 0]"""
j20,2,reactive,60,False,inf,inf,inf,null,"[0, 3, 5, 8, 2, 2, 1, 1, 11, 4, 4, 6, 3, 4, 1, 3, 1, 3, 1, 4, 6, 15, 143, 33, 150, 111, 67, 64, 98, 85, 44, 48, 106, 0]"
j20,2,stnu,60,True,29,0.708146333694458,0.04118609428405762,"[0, 0, 0, 0, 3, 8, 5, 8, 10, 3, 8, 12, 12, 21, 15, 16, 15, 5, 19, 25, 16, 0, 0, 0, 0, 0, 0, 0, 0, 0, 0, 0, 0, 29]","""[0, 3, 5, 8, 2, 2, 1, 1, 11, 4, 4, 2, 3, 4, 1, 3, 1, 3, 1, 4, 6, 15, 143, 33, 150, 111, 67, 64, 98, 85, 44, 48, 106, 0]"""
j20,2,proactive_quantile_0.9,60,True,47,0.06833696365356445,0.0019049644470214844,"[0, 0, 0, 0, 2, 11, 5, 8, 18, 2, 8, 16, 16, 28, 23, 28, 23, 7, 30, 38, 28, 0, 0, 0, 0, 0, 0, 0, 0, 0, 0, 0, 0, 149]","""[0, 1, 5, 6, 3, 8, 3, 10, 11, 12, 5, 1, 7, 7, 2, 2, 9, 8, 9, 4, 9, 15, 143, 33, 150, 111, 67, 64, 98, 85, 44, 48, 106, 0]"""
j20,2,reactive,60,False,inf,inf,inf,null,"[0, 1, 5, 6, 3, 8, 3, 10, 11, 12, 5, 1, 7, 7, 2, 2, 9, 8, 9, 4, 9, 15, 143, 33, 150, 111, 67, 64, 98, 85, 44, 48, 106, 0]"
j20,2,stnu,60,True,36,0.8984584808349609,0.041310787200927734,"[0, 0, 0, 0, 1, 9, 5, 9, 13, 1, 9, 13, 13, 24, 16, 18, 16, 5, 20, 31, 18, 0, 0, 0, 0, 0, 0, 0, 0, 0, 0, 0, 0, 36]","""[0, 1, 5, 3, 3, 4, 4, 4, 11, 8, 3, 1, 3, 7, 2, 2, 1, 6, 3, 5, 3, 15, 143, 33, 150, 111, 67, 64, 98, 85, 44, 48, 106, 0]"""
j20,2,proactive_quantile_0.9,60,True,36,0.10315823554992676,0.002475261688232422,"[0, 0, 0, 0, 2, 10, 2, 2, 17, 4, 17, 19, 13, 3, 10, 27, 16, 21, 22, 34, 29, 0, 0, 0, 0, 0, 0, 0, 0, 0, 0, 0, 0, 0, 0, 0, 0, 0, 145]","""[0, 4, 3, 2, 2, 7, 3, 6, 3, 7, 1, 4, 4, 2, 6, 1, 4, 3, 3, 2, 3, 127, 133, 43, 62, 146, 36, 42, 84, 108, 119, 37, 62, 102, 44, 64, 48, 119, 0]"""
j20,2,reactive,60,False,inf,inf,inf,null,"[0, 4, 3, 2, 2, 7, 3, 6, 3, 7, 1, 4, 4, 2, 6, 1, 4, 3, 3, 2, 3, 127, 133, 43, 62, 146, 36, 42, 84, 108, 119, 37, 62, 102, 44, 64, 48, 119, 0]"
j20,2,stnu,60,False,inf,0.5964887142181396,inf,[],"""[0, 7, 3, 12, 6, 7, 9, 7, 5, 13, 5, 2, 4, 6, 1, 8, 3, 10, 3, 7, 6, 127, 133, 43, 62, 146, 36, 42, 84, 108, 119, 37, 62, 102, 44, 64, 48, 119, 0]"""
j20,2,proactive_quantile_0.9,60,True,36,0.07907938957214355,0.002454519271850586,"[0, 0, 0, 0, 2, 10, 2, 2, 17, 4, 17, 19, 13, 3, 10, 27, 16, 21, 22, 34, 29, 0, 0, 0, 0, 0, 0, 0, 0, 0, 0, 0, 0, 0, 0, 0, 0, 0, 145]","""[0, 1, 1, 3, 1, 7, 2, 4, 1, 2, 2, 6, 4, 1, 8, 3, 2, 8, 3, 2, 1, 127, 133, 43, 62, 146, 36, 42, 84, 108, 119, 37, 62, 102, 44, 64, 48, 119, 0]"""
j20,2,reactive,60,False,inf,inf,inf,null,"[0, 1, 1, 3, 1, 7, 2, 4, 1, 2, 2, 6, 4, 1, 8, 3, 2, 8, 3, 2, 1, 127, 133, 43, 62, 146, 36, 42, 84, 108, 119, 37, 62, 102, 44, 64, 48, 119, 0]"
j20,2,stnu,60,True,27,0.784090518951416,0.05379295349121094,"[0, 0, 0, 0, 3, 4, 3, 3, 11, 5, 13, 15, 7, 1, 5, 21, 11, 15, 15, 25, 24, 0, 0, 0, 0, 0, 0, 0, 0, 0, 0, 0, 0, 0, 0, 0, 0, 0, 27]","""[0, 1, 1, 3, 1, 7, 2, 4, 1, 2, 2, 6, 4, 1, 8, 3, 2, 8, 3, 2, 1, 127, 133, 43, 62, 146, 36, 42, 84, 108, 119, 37, 62, 102, 44, 64, 48, 119, 0]"""
j20,2,proactive_quantile_0.9,60,True,36,0.07697725296020508,0.002509593963623047,"[0, 0, 0, 0, 2, 10, 2, 2, 17, 4, 17, 19, 13, 3, 10, 27, 16, 21, 22, 34, 29, 0, 0, 0, 0, 0, 0, 0, 0, 0, 0, 0, 0, 0, 0, 0, 0, 0, 145]","""[0, 9, 3, 1, 6, 1, 2, 1, 3, 6, 2, 9, 2, 1, 2, 2, 6, 3, 1, 3, 2, 127, 133, 43, 62, 146, 36, 42, 84, 108, 119, 37, 62, 102, 44, 64, 48, 119, 0]"""
j20,2,reactive,60,False,inf,inf,inf,null,"[0, 9, 3, 1, 6, 1, 2, 1, 3, 6, 2, 9, 2, 1, 2, 2, 6, 3, 1, 3, 2, 127, 133, 43, 62, 146, 36, 42, 84, 108, 119, 37, 62, 102, 44, 64, 48, 119, 0]"
j20,2,stnu,60,True,28,0.8356916904449463,0.05418229103088379,"[0, 0, 0, 0, 1, 9, 1, 1, 10, 3, 10, 12, 9, 3, 7, 21, 11, 17, 17, 25, 23, 0, 0, 0, 0, 0, 0, 0, 0, 0, 0, 0, 0, 0, 0, 0, 0, 0, 28]","""[0, 9, 3, 1, 6, 1, 2, 1, 3, 6, 2, 9, 2, 1, 2, 2, 6, 3, 1, 3, 2, 127, 133, 43, 62, 146, 36, 42, 84, 108, 119, 37, 62, 102, 44, 64, 48, 119, 0]"""
j20,2,proactive_quantile_0.9,60,True,36,0.07852959632873535,0.0025467872619628906,"[0, 0, 0, 0, 2, 10, 2, 2, 17, 4, 17, 19, 13, 3, 10, 27, 16, 21, 22, 34, 29, 0, 0, 0, 0, 0, 0, 0, 0, 0, 0, 0, 0, 0, 0, 0, 0, 0, 145]","""[0, 3, 3, 1, 9, 6, 1, 7, 6, 8, 3, 7, 2, 3, 5, 1, 5, 14, 1, 1, 2, 127, 133, 43, 62, 146, 36, 42, 84, 108, 119, 37, 62, 102, 44, 64, 48, 119, 0]"""
j20,2,reactive,60,False,inf,inf,inf,null,"[0, 3, 3, 1, 9, 6, 1, 7, 6, 8, 3, 7, 2, 3, 5, 1, 5, 14, 1, 1, 2, 127, 133, 43, 62, 146, 36, 42, 84, 108, 119, 37, 62, 102, 44, 64, 48, 119, 0]"
j20,2,stnu,60,True,43,0.9338624477386475,0.054956912994384766,"[0, 0, 0, 0, 1, 10, 1, 1, 16, 2, 16, 23, 10, 3, 10, 29, 24, 29, 29, 37, 37, 0, 0, 0, 0, 0, 0, 0, 0, 0, 0, 0, 0, 0, 0, 0, 0, 0, 43]","""[0, 3, 3, 1, 9, 6, 1, 7, 8, 8, 7, 6, 4, 3, 5, 8, 4, 5, 4, 1, 6, 127, 133, 43, 62, 146, 36, 42, 84, 108, 119, 37, 62, 102, 44, 64, 48, 119, 0]"""
j20,2,proactive_quantile_0.9,60,True,41,0.1449902057647705,0.002582073211669922,"[0, 0, 0, 0, 2, 10, 2, 2, 17, 4, 17, 19, 13, 3, 10, 27, 16, 21, 22, 34, 29, 0, 0, 0, 0, 0, 0, 0, 0, 0, 0, 0, 0, 0, 0, 0, 0, 0, 145]","""[0, 9, 1, 1, 1, 3, 2, 3, 3, 9, 1, 4, 3, 1, 5, 1, 1, 9, 3, 3, 4, 127, 133, 43, 62, 146, 36, 42, 84, 108, 119, 37, 62, 102, 44, 64, 48, 119, 0]"""
j20,2,reactive,60,True,37,0.1449902057647705,0.49669432640075684,"[0, 0, 0, 0, 2, 10, 2, 2, 17, 4, 17, 19, 13, 3, 10, 27, 16, 21, 22, 34, 29, 0, 0, 0, 0, 0, 0, 0, 0, 0, 0, 0, 0, 0, 0, 0, 0, 0, 37]","[0, 9, 1, 1, 1, 3, 2, 3, 3, 9, 1, 4, 3, 1, 5, 1, 1, 9, 3, 3, 4, 127, 133, 43, 62, 146, 36, 42, 84, 108, 119, 37, 62, 102, 44, 64, 48, 119, 0]"
j20,2,stnu,60,True,26,0.7842016220092773,0.05390167236328125,"[0, 0, 0, 0, 1, 9, 1, 1, 12, 3, 12, 15, 12, 1, 3, 19, 15, 16, 16, 25, 20, 0, 0, 0, 0, 0, 0, 0, 0, 0, 0, 0, 0, 0, 0, 0, 0, 0, 26]","""[0, 9, 1, 1, 1, 3, 2, 3, 3, 9, 1, 4, 3, 1, 3, 1, 1, 9, 3, 1, 2, 127, 133, 43, 62, 146, 36, 42, 84, 108, 119, 37, 62, 102, 44, 64, 48, 119, 0]"""
j20,2,proactive_quantile_0.9,60,True,64,0.0820920467376709,0.002530336380004883,"[0, 0, 0, 0, 10, 20, 10, 10, 30, 18, 31, 38, 31, 3, 20, 49, 34, 41, 41, 54, 59, 0, 0, 0, 0, 0, 0, 0, 0, 0, 0, 0, 0, 0, 0, 0, 0, 0, 145]","""[0, 9, 2, 5, 3, 9, 5, 4, 7, 4, 1, 11, 3, 4, 9, 4, 1, 15, 2, 5, 5, 127, 133, 43, 62, 146, 36, 42, 84, 108, 119, 37, 62, 102, 44, 64, 48, 119, 0]"""
j20,2,reactive,60,False,inf,inf,inf,null,"[0, 9, 2, 5, 3, 9, 5, 4, 7, 4, 1, 11, 3, 4, 9, 4, 1, 15, 2, 5, 5, 127, 133, 43, 62, 146, 36, 42, 84, 108, 119, 37, 62, 102, 44, 64, 48, 119, 0]"
j20,2,stnu,60,False,inf,0.62308669090271,inf,[],"""[0, 9, 2, 5, 3, 9, 5, 4, 7, 4, 1, 11, 3, 4, 9, 4, 1, 15, 2, 5, 5, 127, 133, 43, 62, 146, 36, 42, 84, 108, 119, 37, 62, 102, 44, 64, 48, 119, 0]"""
j20,2,proactive_quantile_0.9,60,True,36,0.08231759071350098,0.002487659454345703,"[0, 0, 0, 0, 2, 10, 2, 2, 17, 4, 17, 19, 13, 3, 10, 27, 16, 21, 22, 34, 29, 0, 0, 0, 0, 0, 0, 0, 0, 0, 0, 0, 0, 0, 0, 0, 0, 0, 145]","""[0, 7, 1, 1, 6, 4, 1, 9, 6, 4, 2, 5, 1, 1, 5, 1, 6, 11, 3, 3, 2, 127, 133, 43, 62, 146, 36, 42, 84, 108, 119, 37, 62, 102, 44, 64, 48, 119, 0]"""
j20,2,reactive,60,False,inf,inf,inf,null,"[0, 7, 1, 1, 6, 4, 1, 9, 6, 4, 2, 5, 1, 1, 5, 1, 6, 11, 3, 3, 2, 127, 133, 43, 62, 146, 36, 42, 84, 108, 119, 37, 62, 102, 44, 64, 48, 119, 0]"
j20,2,stnu,60,False,inf,0.7686035633087158,inf,[],"""[0, 10, 1, 7, 11, 8, 3, 13, 3, 7, 3, 10, 1, 5, 10, 3, 2, 13, 3, 5, 6, 127, 133, 43, 62, 146, 36, 42, 84, 108, 119, 37, 62, 102, 44, 64, 48, 119, 0]"""
j20,2,proactive_quantile_0.9,60,True,36,0.08022618293762207,0.0025289058685302734,"[0, 0, 0, 0, 2, 10, 2, 2, 17, 4, 17, 19, 13, 3, 10, 27, 16, 21, 22, 34, 29, 0, 0, 0, 0, 0, 0, 0, 0, 0, 0, 0, 0, 0, 0, 0, 0, 0, 145]","""[0, 10, 4, 2, 1, 3, 2, 2, 5, 9, 1, 8, 3, 2, 6, 2, 2, 7, 1, 1, 1, 127, 133, 43, 62, 146, 36, 42, 84, 108, 119, 37, 62, 102, 44, 64, 48, 119, 0]"""
j20,2,reactive,60,False,inf,inf,inf,null,"[0, 10, 4, 2, 1, 3, 2, 2, 5, 9, 1, 8, 3, 2, 6, 2, 2, 7, 1, 1, 1, 127, 133, 43, 62, 146, 36, 42, 84, 108, 119, 37, 62, 102, 44, 64, 48, 119, 0]"
j20,2,stnu,60,True,28,0.783872127532959,0.05409407615661621,"[0, 0, 0, 0, 2, 10, 2, 2, 13, 4, 13, 16, 13, 4, 6, 24, 16, 18, 18, 27, 26, 0, 0, 0, 0, 0, 0, 0, 0, 0, 0, 0, 0, 0, 0, 0, 0, 0, 28]","""[0, 10, 4, 2, 1, 3, 2, 2, 5, 9, 1, 8, 3, 2, 6, 2, 2, 7, 1, 1, 1, 127, 133, 43, 62, 146, 36, 42, 84, 108, 119, 37, 62, 102, 44, 64, 48, 119, 0]"""
j20,2,proactive_quantile_0.9,60,True,36,0.08146238327026367,0.002460002899169922,"[0, 0, 0, 0, 2, 10, 2, 2, 17, 4, 17, 19, 13, 3, 10, 27, 16, 21, 22, 34, 29, 0, 0, 0, 0, 0, 0, 0, 0, 0, 0, 0, 0, 0, 0, 0, 0, 0, 145]","""[0, 8, 1, 2, 2, 6, 3, 6, 5, 7, 1, 5, 1, 1, 4, 3, 2, 10, 2, 3, 3, 127, 133, 43, 62, 146, 36, 42, 84, 108, 119, 37, 62, 102, 44, 64, 48, 119, 0]"""
j20,2,reactive,60,False,inf,inf,inf,null,"[0, 8, 1, 2, 2, 6, 3, 6, 5, 7, 1, 5, 1, 1, 4, 3, 2, 10, 2, 3, 3, 127, 133, 43, 62, 146, 36, 42, 84, 108, 119, 37, 62, 102, 44, 64, 48, 119, 0]"
j20,2,stnu,60,True,30,0.789987325668335,0.05428433418273926,"[0, 0, 0, 0, 2, 8, 2, 2, 14, 5, 14, 15, 12, 1, 5, 21, 13, 15, 19, 27, 24, 0, 0, 0, 0, 0, 0, 0, 0, 0, 0, 0, 0, 0, 0, 0, 0, 0, 30]","""[0, 8, 1, 2, 2, 6, 3, 6, 5, 7, 1, 5, 1, 1, 4, 3, 2, 10, 2, 3, 3, 127, 133, 43, 62, 146, 36, 42, 84, 108, 119, 37, 62, 102, 44, 64, 48, 119, 0]"""
j20,2,proactive_quantile_0.9,60,True,36,0.08974504470825195,0.0024611949920654297,"[0, 0, 0, 0, 2, 10, 2, 2, 17, 4, 17, 19, 13, 3, 10, 27, 16, 21, 22, 34, 29, 0, 0, 0, 0, 0, 0, 0, 0, 0, 0, 0, 0, 0, 0, 0, 0, 0, 145]","""[0, 10, 1, 2, 2, 3, 2, 3, 5, 8, 2, 6, 2, 2, 5, 2, 6, 15, 2, 3, 1, 127, 133, 43, 62, 146, 36, 42, 84, 108, 119, 37, 62, 102, 44, 64, 48, 119, 0]"""
j20,2,reactive,60,False,inf,inf,inf,null,"[0, 10, 1, 2, 2, 3, 2, 3, 5, 8, 2, 6, 2, 2, 5, 2, 6, 15, 2, 3, 1, 127, 133, 43, 62, 146, 36, 42, 84, 108, 119, 37, 62, 102, 44, 64, 48, 119, 0]"
j20,2,stnu,60,True,38,0.7188057899475098,0.05423784255981445,"[0, 0, 0, 0, 2, 10, 2, 2, 13, 4, 13, 15, 12, 1, 4, 22, 14, 20, 20, 35, 24, 0, 0, 0, 0, 0, 0, 0, 0, 0, 0, 0, 0, 0, 0, 0, 0, 0, 38]","""[0, 10, 1, 2, 2, 3, 2, 3, 5, 8, 2, 6, 2, 2, 5, 2, 6, 15, 2, 3, 1, 127, 133, 43, 62, 146, 36, 42, 84, 108, 119, 37, 62, 102, 44, 64, 48, 119, 0]"""
j20,2,proactive_quantile_0.9,60,False,inf,0.08017683029174805,inf,"[0, 0, 0, 0, 3, 6, 6, 6, 16, 8, 18, 11, 13, 20, 22, 13, 18, 18, 18, 20, 24, 0, 0, 0, 0, 0, 0, 0, 0, 0, 0, 0, 0, 137]","""[0, 8, 2, 3, 2, 2, 1, 10, 2, 1, 2, 1, 5, 2, 3, 1, 3, 3, 4, 5, 7, 71, 94, 19, 51, 40, 61, 82, 26, 90, 138, 85, 81, 0]"""
j20,2,reactive,60,False,inf,inf,inf,null,"[0, 8, 2, 3, 2, 2, 1, 10, 2, 1, 2, 1, 5, 2, 3, 1, 3, 3, 4, 5, 7, 71, 94, 19, 51, 40, 61, 82, 26, 90, 138, 85, 81, 0]"
j20,2,stnu,60,False,inf,0.6061990261077881,inf,[],"""[0, 8, 2, 3, 2, 2, 1, 10, 2, 1, 2, 1, 5, 2, 3, 1, 3, 3, 4, 5, 7, 71, 94, 19, 51, 40, 61, 82, 26, 90, 138, 85, 81, 0]"""
j20,2,proactive_quantile_0.9,60,True,46,0.17304611206054688,0.0016703605651855469,"[0, 0, 0, 0, 3, 6, 7, 6, 16, 9, 18, 12, 13, 18, 23, 13, 23, 23, 23, 36, 25, 0, 0, 0, 0, 0, 0, 0, 0, 0, 0, 0, 0, 137]","""[0, 9, 1, 4, 2, 8, 3, 10, 2, 2, 6, 7, 2, 1, 2, 6, 12, 8, 5, 2, 5, 71, 94, 19, 51, 40, 61, 82, 26, 90, 138, 85, 81, 0]"""
j20,2,reactive,60,False,inf,inf,inf,null,"[0, 9, 1, 4, 2, 8, 3, 10, 2, 2, 6, 7, 2, 1, 2, 6, 12, 8, 5, 2, 5, 71, 94, 19, 51, 40, 61, 82, 26, 90, 138, 85, 81, 0]"
j20,2,stnu,60,False,inf,0.686084508895874,inf,[],"""[0, 1, 1, 4, 2, 8, 3, 10, 1, 2, 3, 1, 2, 1, 2, 4, 3, 3, 2, 2, 5, 71, 94, 19, 51, 40, 61, 82, 26, 90, 138, 85, 81, 0]"""
j20,2,proactive_quantile_0.9,60,False,inf,0.06924986839294434,inf,"[0, 0, 0, 0, 3, 6, 6, 6, 16, 8, 18, 11, 13, 20, 22, 13, 18, 18, 18, 20, 24, 0, 0, 0, 0, 0, 0, 0, 0, 0, 0, 0, 0, 137]","""[0, 1, 2, 2, 3, 8, 2, 9, 3, 1, 2, 2, 1, 3, 2, 4, 1, 2, 1, 3, 2, 71, 94, 19, 51, 40, 61, 82, 26, 90, 138, 85, 81, 0]"""
j20,2,reactive,60,False,inf,inf,inf,null,"[0, 1, 2, 2, 3, 8, 2, 9, 3, 1, 2, 2, 1, 3, 2, 4, 1, 2, 1, 3, 2, 71, 94, 19, 51, 40, 61, 82, 26, 90, 138, 85, 81, 0]"
j20,2,stnu,60,False,inf,0.6275968551635742,inf,[],"""[0, 1, 2, 2, 3, 8, 2, 9, 3, 1, 2, 2, 1, 3, 2, 4, 1, 2, 1, 3, 2, 71, 94, 19, 51, 40, 61, 82, 26, 90, 138, 85, 81, 0]"""
j20,2,proactive_quantile_0.9,60,False,inf,0.08365058898925781,inf,"[0, 0, 0, 0, 3, 6, 6, 6, 16, 8, 18, 11, 13, 20, 22, 13, 18, 18, 18, 20, 24, 0, 0, 0, 0, 0, 0, 0, 0, 0, 0, 0, 0, 137]","""[0, 4, 2, 1, 2, 6, 1, 3, 1, 3, 4, 2, 6, 3, 3, 2, 1, 2, 1, 3, 7, 71, 94, 19, 51, 40, 61, 82, 26, 90, 138, 85, 81, 0]"""
j20,2,reactive,60,False,inf,inf,inf,null,"[0, 4, 2, 1, 2, 6, 1, 3, 1, 3, 4, 2, 6, 3, 3, 2, 1, 2, 1, 3, 7, 71, 94, 19, 51, 40, 61, 82, 26, 90, 138, 85, 81, 0]"
j20,2,stnu,60,False,inf,0.683924674987793,inf,[],"""[0, 4, 2, 1, 2, 6, 1, 3, 1, 3, 4, 2, 6, 3, 3, 2, 1, 2, 1, 3, 7, 71, 94, 19, 51, 40, 61, 82, 26, 90, 138, 85, 81, 0]"""
j20,2,proactive_quantile_0.9,60,True,31,0.17463374137878418,0.0016598701477050781,"[0, 0, 0, 0, 3, 6, 6, 6, 16, 8, 18, 11, 13, 20, 22, 13, 18, 18, 18, 20, 24, 0, 0, 0, 0, 0, 0, 0, 0, 0, 0, 0, 0, 137]","""[0, 8, 2, 2, 3, 7, 3, 3, 2, 2, 3, 3, 3, 3, 2, 2, 2, 1, 4, 6, 4, 71, 94, 19, 51, 40, 61, 82, 26, 90, 138, 85, 81, 0]"""
j20,2,reactive,60,False,inf,inf,inf,null,"[0, 8, 2, 2, 3, 7, 3, 3, 2, 2, 3, 3, 3, 3, 2, 2, 2, 1, 4, 6, 4, 71, 94, 19, 51, 40, 61, 82, 26, 90, 138, 85, 81, 0]"
j20,2,stnu,60,False,inf,0.6920268535614014,inf,[],"""[0, 8, 2, 2, 3, 7, 3, 3, 2, 2, 3, 3, 3, 3, 2, 2, 2, 1, 4, 6, 4, 71, 94, 19, 51, 40, 61, 82, 26, 90, 138, 85, 81, 0]"""
j20,2,proactive_quantile_0.9,60,False,inf,0.07334423065185547,inf,"[0, 0, 0, 0, 3, 6, 6, 6, 16, 8, 18, 11, 13, 20, 22, 13, 18, 18, 18, 20, 24, 0, 0, 0, 0, 0, 0, 0, 0, 0, 0, 0, 0, 137]","""[0, 7, 3, 4, 3, 4, 2, 4, 3, 4, 2, 7, 1, 2, 2, 5, 3, 1, 4, 2, 3, 71, 94, 19, 51, 40, 61, 82, 26, 90, 138, 85, 81, 0]"""
j20,2,reactive,60,False,inf,inf,inf,null,"[0, 7, 3, 4, 3, 4, 2, 4, 3, 4, 2, 7, 1, 2, 2, 5, 3, 1, 4, 2, 3, 71, 94, 19, 51, 40, 61, 82, 26, 90, 138, 85, 81, 0]"
j20,2,stnu,60,False,inf,0.6579539775848389,inf,[],"""[0, 5, 1, 4, 3, 4, 2, 6, 2, 4, 1, 9, 1, 2, 2, 2, 1, 1, 1, 9, 4, 71, 94, 19, 51, 40, 61, 82, 26, 90, 138, 85, 81, 0]"""
j20,2,proactive_quantile_0.9,60,False,inf,0.07269883155822754,inf,"[0, 0, 0, 0, 3, 6, 6, 6, 16, 8, 18, 11, 13, 20, 22, 13, 18, 18, 18, 20, 24, 0, 0, 0, 0, 0, 0, 0, 0, 0, 0, 0, 0, 137]","""[0, 2, 3, 1, 4, 1, 3, 7, 3, 4, 1, 1, 4, 2, 1, 3, 3, 2, 4, 8, 8, 71, 94, 19, 51, 40, 61, 82, 26, 90, 138, 85, 81, 0]"""
j20,2,reactive,60,False,inf,inf,inf,null,"[0, 2, 3, 1, 4, 1, 3, 7, 3, 4, 1, 1, 4, 2, 1, 3, 3, 2, 4, 8, 8, 71, 94, 19, 51, 40, 61, 82, 26, 90, 138, 85, 81, 0]"
j20,2,stnu,60,False,inf,0.6328508853912354,inf,[],"""[0, 2, 3, 1, 4, 1, 3, 7, 3, 4, 1, 1, 4, 2, 1, 3, 3, 2, 4, 8, 8, 71, 94, 19, 51, 40, 61, 82, 26, 90, 138, 85, 81, 0]"""
j20,2,proactive_quantile_0.9,60,True,44,0.12747716903686523,0.0016622543334960938,"[0, 0, 0, 0, 3, 7, 6, 6, 16, 13, 18, 16, 16, 21, 23, 16, 26, 26, 26, 34, 25, 0, 0, 0, 0, 0, 0, 0, 0, 0, 0, 0, 0, 137]","""[0, 7, 1, 4, 1, 9, 4, 1, 1, 1, 3, 6, 4, 1, 2, 12, 5, 6, 3, 8, 6, 71, 94, 19, 51, 40, 61, 82, 26, 90, 138, 85, 81, 0]"""
j20,2,reactive,60,False,inf,inf,inf,null,"[0, 7, 1, 4, 1, 9, 4, 1, 1, 1, 3, 6, 4, 1, 2, 12, 5, 6, 3, 8, 6, 71, 94, 19, 51, 40, 61, 82, 26, 90, 138, 85, 81, 0]"
j20,2,stnu,60,False,inf,0.6049461364746094,inf,[],"""[0, 5, 1, 4, 1, 8, 2, 1, 1, 1, 1, 6, 4, 1, 2, 5, 2, 2, 2, 5, 8, 71, 94, 19, 51, 40, 61, 82, 26, 90, 138, 85, 81, 0]"""
j20,2,proactive_quantile_0.9,60,False,inf,0.08726835250854492,inf,"[0, 0, 0, 0, 3, 6, 6, 6, 16, 8, 18, 11, 13, 20, 22, 13, 18, 18, 18, 20, 24, 0, 0, 0, 0, 0, 0, 0, 0, 0, 0, 0, 0, 137]","""[0, 7, 3, 1, 2, 5, 3, 9, 1, 1, 1, 5, 6, 2, 2, 2, 2, 1, 2, 4, 6, 71, 94, 19, 51, 40, 61, 82, 26, 90, 138, 85, 81, 0]"""
j20,2,reactive,60,False,inf,inf,inf,null,"[0, 7, 3, 1, 2, 5, 3, 9, 1, 1, 1, 5, 6, 2, 2, 2, 2, 1, 2, 4, 6, 71, 94, 19, 51, 40, 61, 82, 26, 90, 138, 85, 81, 0]"
j20,2,stnu,60,False,inf,0.600430965423584,inf,[],"""[0, 7, 3, 1, 2, 5, 3, 9, 1, 1, 1, 5, 6, 2, 2, 2, 2, 1, 2, 4, 6, 71, 94, 19, 51, 40, 61, 82, 26, 90, 138, 85, 81, 0]"""
j20,2,proactive_quantile_0.9,60,True,31,0.17473959922790527,0.0016064643859863281,"[0, 0, 0, 0, 3, 6, 6, 6, 16, 8, 18, 11, 13, 20, 22, 13, 18, 18, 18, 20, 24, 0, 0, 0, 0, 0, 0, 0, 0, 0, 0, 0, 0, 137]","""[0, 10, 2, 1, 3, 5, 1, 9, 1, 2, 2, 5, 4, 1, 3, 1, 2, 3, 3, 7, 5, 71, 94, 19, 51, 40, 61, 82, 26, 90, 138, 85, 81, 0]"""
j20,2,reactive,60,False,inf,inf,inf,null,"[0, 10, 2, 1, 3, 5, 1, 9, 1, 2, 2, 5, 4, 1, 3, 1, 2, 3, 3, 7, 5, 71, 94, 19, 51, 40, 61, 82, 26, 90, 138, 85, 81, 0]"
j20,2,stnu,60,False,inf,0.6979694366455078,inf,[],"""[0, 1, 3, 1, 3, 9, 1, 1, 3, 2, 3, 3, 4, 1, 3, 8, 3, 6, 1, 10, 5, 71, 94, 19, 51, 40, 61, 82, 26, 90, 138, 85, 81, 0]"""
j20,2,proactive_quantile_0.9,60,True,69,0.0826406478881836,0.0024809837341308594,"[0, 23, 0, 0, 8, 3, 31, 16, 16, 36, 16, 47, 16, 26, 44, 44, 25, 55, 61, 60, 54, 0, 0, 0, 0, 0, 0, 0, 0, 0, 0, 0, 0, 0, 0, 0, 152]","""[0, 4, 6, 1, 7, 12, 9, 9, 5, 5, 4, 3, 3, 4, 12, 1, 9, 4, 4, 6, 1, 53, 57, 76, 94, 102, 37, 100, 135, 153, 68, 57, 81, 62, 111, 128, 0]"""
j20,2,reactive,60,False,inf,inf,inf,null,"[0, 4, 6, 1, 7, 12, 9, 9, 5, 5, 4, 3, 3, 4, 12, 1, 9, 4, 4, 6, 1, 53, 57, 76, 94, 102, 37, 100, 135, 153, 68, 57, 81, 62, 111, 128, 0]"
j20,2,stnu,60,True,57,0.8299694061279297,0.0535280704498291,"[0, 18, 0, 0, 6, 1, 26, 13, 13, 26, 13, 36, 13, 22, 35, 35, 17, 47, 51, 51, 47, 0, 0, 0, 0, 0, 0, 0, 0, 0, 0, 0, 0, 0, 0, 0, 57]","""[0, 4, 6, 1, 7, 12, 9, 9, 5, 5, 4, 3, 3, 4, 12, 1, 9, 4, 4, 6, 1, 53, 57, 76, 94, 102, 37, 100, 135, 153, 68, 57, 81, 62, 111, 128, 0]"""
j20,2,proactive_quantile_0.9,60,False,inf,0.1718459129333496,inf,"[0, 23, 0, 0, 8, 3, 31, 16, 16, 36, 16, 47, 16, 26, 44, 44, 25, 55, 61, 60, 54, 0, 0, 0, 0, 0, 0, 0, 0, 0, 0, 0, 0, 0, 0, 0, 152]","""[0, 15, 4, 2, 4, 5, 2, 5, 5, 6, 1, 3, 8, 4, 12, 2, 4, 3, 2, 7, 7, 53, 57, 76, 94, 102, 37, 100, 135, 153, 68, 57, 81, 62, 111, 128, 0]"""
j20,2,reactive,60,False,inf,inf,inf,null,"[0, 15, 4, 2, 4, 5, 2, 5, 5, 6, 1, 3, 8, 4, 12, 2, 4, 3, 2, 7, 7, 53, 57, 76, 94, 102, 37, 100, 135, 153, 68, 57, 81, 62, 111, 128, 0]"
j20,2,stnu,60,True,56,0.8882513046264648,0.05246996879577637,"[0, 13, 0, 0, 4, 2, 19, 8, 8, 28, 7, 36, 7, 15, 34, 34, 15, 46, 53, 49, 46, 0, 0, 0, 0, 0, 0, 0, 0, 0, 0, 0, 0, 0, 0, 0, 56]","""[0, 15, 4, 2, 4, 5, 2, 5, 5, 6, 1, 3, 8, 4, 12, 2, 4, 3, 2, 7, 7, 53, 57, 76, 94, 102, 37, 100, 135, 153, 68, 57, 81, 62, 111, 128, 0]"""
j20,2,proactive_quantile_0.9,60,False,inf,0.16722416877746582,inf,"[0, 23, 0, 0, 8, 3, 31, 16, 16, 36, 16, 47, 16, 26, 44, 44, 25, 55, 61, 60, 54, 0, 0, 0, 0, 0, 0, 0, 0, 0, 0, 0, 0, 0, 0, 0, 152]","""[0, 7, 4, 3, 7, 13, 1, 3, 7, 5, 2, 5, 10, 2, 10, 4, 7, 6, 3, 8, 1, 53, 57, 76, 94, 102, 37, 100, 135, 153, 68, 57, 81, 62, 111, 128, 0]"""
j20,2,reactive,60,False,inf,inf,inf,null,"[0, 7, 4, 3, 7, 13, 1, 3, 7, 5, 2, 5, 10, 2, 10, 4, 7, 6, 3, 8, 1, 53, 57, 76, 94, 102, 37, 100, 135, 153, 68, 57, 81, 62, 111, 128, 0]"
j20,2,stnu,60,True,62,0.7295644283294678,0.05243372917175293,"[0, 23, 0, 0, 4, 3, 28, 16, 16, 33, 16, 42, 16, 26, 38, 38, 26, 48, 54, 54, 48, 0, 0, 0, 0, 0, 0, 0, 0, 0, 0, 0, 0, 0, 0, 0, 62]","""[0, 7, 4, 3, 7, 13, 1, 3, 7, 5, 2, 5, 10, 2, 10, 4, 7, 6, 3, 8, 1, 53, 57, 76, 94, 102, 37, 100, 135, 153, 68, 57, 81, 62, 111, 128, 0]"""
j20,2,proactive_quantile_0.9,60,False,inf,0.08217239379882812,inf,"[0, 23, 0, 0, 8, 3, 31, 16, 16, 36, 16, 47, 16, 26, 44, 44, 25, 55, 61, 60, 54, 0, 0, 0, 0, 0, 0, 0, 0, 0, 0, 0, 0, 0, 0, 0, 152]","""[0, 4, 6, 3, 6, 9, 5, 7, 8, 9, 3, 1, 6, 4, 3, 4, 1, 2, 7, 3, 1, 53, 57, 76, 94, 102, 37, 100, 135, 153, 68, 57, 81, 62, 111, 128, 0]"""
j20,2,reactive,60,False,inf,inf,inf,null,"[0, 4, 6, 3, 6, 9, 5, 7, 8, 9, 3, 1, 6, 4, 3, 4, 1, 2, 7, 3, 1, 53, 57, 76, 94, 102, 37, 100, 135, 153, 68, 57, 81, 62, 111, 128, 0]"
j20,2,stnu,60,True,47,0.8288969993591309,0.05263853073120117,"[0, 20, 0, 0, 6, 3, 23, 12, 12, 24, 12, 37, 12, 19, 33, 33, 18, 38, 40, 40, 36, 0, 0, 0, 0, 0, 0, 0, 0, 0, 0, 0, 0, 0, 0, 0, 47]","""[0, 4, 6, 3, 6, 9, 5, 7, 8, 9, 3, 1, 6, 4, 3, 4, 1, 2, 7, 3, 1, 53, 57, 76, 94, 102, 37, 100, 135, 153, 68, 57, 81, 62, 111, 128, 0]"""
j20,2,proactive_quantile_0.9,60,False,inf,0.1729297637939453,inf,"[0, 23, 0, 0, 8, 3, 31, 16, 16, 36, 16, 47, 16, 26, 44, 44, 25, 55, 61, 60, 54, 0, 0, 0, 0, 0, 0, 0, 0, 0, 0, 0, 0, 0, 0, 0, 152]","""[0, 10, 5, 2, 8, 9, 5, 5, 7, 9, 2, 3, 2, 3, 3, 2, 4, 4, 3, 2, 2, 53, 57, 76, 94, 102, 37, 100, 135, 153, 68, 57, 81, 62, 111, 128, 0]"""
j20,2,reactive,60,False,inf,inf,inf,null,"[0, 10, 5, 2, 8, 9, 5, 5, 7, 9, 2, 3, 2, 3, 3, 2, 4, 4, 3, 2, 2, 53, 57, 76, 94, 102, 37, 100, 135, 153, 68, 57, 81, 62, 111, 128, 0]"
j20,2,stnu,60,True,51,0.7782528400421143,0.052315711975097656,"[0, 20, 0, 0, 5, 2, 21, 13, 13, 30, 11, 41, 11, 18, 39, 39, 13, 44, 48, 48, 42, 0, 0, 0, 0, 0, 0, 0, 0, 0, 0, 0, 0, 0, 0, 0, 51]","""[0, 10, 5, 2, 8, 9, 5, 5, 7, 9, 2, 3, 2, 3, 3, 2, 4, 4, 3, 2, 2, 53, 57, 76, 94, 102, 37, 100, 135, 153, 68, 57, 81, 62, 111, 128, 0]"""
j20,2,proactive_quantile_0.9,60,False,inf,0.08842587471008301,inf,"[0, 23, 0, 0, 8, 3, 31, 16, 16, 36, 16, 47, 16, 26, 44, 44, 25, 55, 61, 60, 54, 0, 0, 0, 0, 0, 0, 0, 0, 0, 0, 0, 0, 0, 0, 0, 152]","""[0, 9, 8, 1, 6, 13, 2, 2, 6, 3, 2, 5, 2, 6, 2, 2, 9, 5, 4, 3, 3, 53, 57, 76, 94, 102, 37, 100, 135, 153, 68, 57, 81, 62, 111, 128, 0]"""
j20,2,reactive,60,False,inf,inf,inf,null,"[0, 9, 8, 1, 6, 13, 2, 2, 6, 3, 2, 5, 2, 6, 2, 2, 9, 5, 4, 3, 3, 53, 57, 76, 94, 102, 37, 100, 135, 153, 68, 57, 81, 62, 111, 128, 0]"
j20,2,stnu,60,True,48,0.8444757461547852,0.05237984657287598,"[0, 20, 0, 0, 8, 1, 22, 14, 14, 29, 14, 34, 14, 16, 32, 32, 16, 39, 44, 44, 34, 0, 0, 0, 0, 0, 0, 0, 0, 0, 0, 0, 0, 0, 0, 0, 48]","""[0, 9, 8, 1, 6, 13, 2, 2, 6, 3, 2, 5, 2, 6, 2, 2, 9, 5, 4, 3, 3, 53, 57, 76, 94, 102, 37, 100, 135, 153, 68, 57, 81, 62, 111, 128, 0]"""
j20,2,proactive_quantile_0.9,60,False,inf,0.1270604133605957,inf,"[0, 23, 0, 0, 8, 3, 31, 16, 16, 36, 16, 47, 16, 26, 44, 44, 25, 55, 61, 60, 54, 0, 0, 0, 0, 0, 0, 0, 0, 0, 0, 0, 0, 0, 0, 0, 152]","""[0, 9, 6, 2, 6, 14, 2, 7, 2, 3, 1, 7, 3, 6, 11, 3, 4, 4, 3, 10, 6, 53, 57, 76, 94, 102, 37, 100, 135, 153, 68, 57, 81, 62, 111, 128, 0]"""
j20,2,reactive,60,False,inf,inf,inf,null,"[0, 9, 6, 2, 6, 14, 2, 7, 2, 3, 1, 7, 3, 6, 11, 3, 4, 4, 3, 10, 6, 53, 57, 76, 94, 102, 37, 100, 135, 153, 68, 57, 81, 62, 111, 128, 0]"
j20,2,stnu,60,True,57,0.9582071304321289,0.05257892608642578,"[0, 18, 0, 0, 6, 2, 29, 16, 16, 29, 16, 35, 16, 23, 32, 32, 19, 43, 49, 47, 43, 0, 0, 0, 0, 0, 0, 0, 0, 0, 0, 0, 0, 0, 0, 0, 57]","""[0, 9, 6, 2, 6, 14, 2, 7, 2, 3, 1, 7, 3, 6, 11, 3, 4, 4, 3, 10, 6, 53, 57, 76, 94, 102, 37, 100, 135, 153, 68, 57, 81, 62, 111, 128, 0]"""
j20,2,proactive_quantile_0.9,60,False,inf,0.27663636207580566,inf,"[0, 23, 0, 0, 8, 3, 31, 16, 16, 36, 16, 47, 16, 26, 44, 44, 25, 55, 61, 60, 54, 0, 0, 0, 0, 0, 0, 0, 0, 0, 0, 0, 0, 0, 0, 0, 152]","""[0, 7, 9, 2, 1, 13, 2, 9, 4, 8, 4, 5, 8, 6, 6, 3, 9, 3, 2, 6, 8, 53, 57, 76, 94, 102, 37, 100, 135, 153, 68, 57, 81, 62, 111, 128, 0]"""
j20,2,reactive,60,False,inf,inf,inf,null,"[0, 7, 9, 2, 1, 13, 2, 9, 4, 8, 4, 5, 8, 6, 6, 3, 9, 3, 2, 6, 8, 53, 57, 76, 94, 102, 37, 100, 135, 153, 68, 57, 81, 62, 111, 128, 0]"
j20,2,stnu,60,True,57,0.9025440216064453,0.0527036190032959,"[0, 19, 0, 0, 9, 2, 30, 15, 15, 32, 15, 43, 15, 24, 40, 40, 23, 48, 54, 51, 46, 0, 0, 0, 0, 0, 0, 0, 0, 0, 0, 0, 0, 0, 0, 0, 57]","""[0, 7, 9, 2, 1, 13, 2, 9, 4, 8, 4, 5, 8, 6, 6, 3, 9, 3, 2, 6, 8, 53, 57, 76, 94, 102, 37, 100, 135, 153, 68, 57, 81, 62, 111, 128, 0]"""
j20,2,proactive_quantile_0.9,60,False,inf,0.08002805709838867,inf,"[0, 23, 0, 0, 8, 3, 31, 16, 16, 36, 16, 47, 16, 26, 44, 44, 25, 55, 61, 60, 54, 0, 0, 0, 0, 0, 0, 0, 0, 0, 0, 0, 0, 0, 0, 0, 152]","""[0, 5, 8, 4, 4, 7, 7, 3, 2, 4, 2, 4, 7, 6, 10, 1, 5, 3, 2, 2, 2, 53, 57, 76, 94, 102, 37, 100, 135, 153, 68, 57, 81, 62, 111, 128, 0]"""
j20,2,reactive,60,False,inf,inf,inf,null,"[0, 5, 8, 4, 4, 7, 7, 3, 2, 4, 2, 4, 7, 6, 10, 1, 5, 3, 2, 2, 2, 53, 57, 76, 94, 102, 37, 100, 135, 153, 68, 57, 81, 62, 111, 128, 0]"
j20,2,stnu,60,True,46,0.7777464389801025,0.052637338638305664,"[0, 14, 0, 0, 8, 4, 24, 12, 12, 24, 11, 32, 11, 18, 31, 31, 18, 41, 44, 44, 41, 0, 0, 0, 0, 0, 0, 0, 0, 0, 0, 0, 0, 0, 0, 0, 46]","""[0, 5, 8, 4, 4, 7, 7, 3, 2, 4, 2, 4, 7, 6, 10, 1, 5, 3, 2, 2, 2, 53, 57, 76, 94, 102, 37, 100, 135, 153, 68, 57, 81, 62, 111, 128, 0]"""
j20,2,proactive_quantile_0.9,60,False,inf,0.17281246185302734,inf,"[0, 23, 0, 0, 8, 3, 31, 16, 16, 36, 16, 47, 16, 26, 44, 44, 25, 55, 61, 60, 54, 0, 0, 0, 0, 0, 0, 0, 0, 0, 0, 0, 0, 0, 0, 0, 152]","""[0, 6, 9, 1, 7, 8, 3, 12, 4, 7, 4, 5, 9, 1, 1, 4, 8, 5, 1, 7, 4, 53, 57, 76, 94, 102, 37, 100, 135, 153, 68, 57, 81, 62, 111, 128, 0]"""
j20,2,reactive,60,False,inf,inf,inf,null,"[0, 6, 9, 1, 7, 8, 3, 12, 4, 7, 4, 5, 9, 1, 1, 4, 8, 5, 1, 7, 4, 53, 57, 76, 94, 102, 37, 100, 135, 153, 68, 57, 81, 62, 111, 128, 0]"
j20,2,stnu,60,True,57,0.735560417175293,0.052617549896240234,"[0, 20, 0, 0, 9, 1, 29, 16, 16, 29, 9, 40, 9, 28, 36, 36, 18, 45, 50, 50, 37, 0, 0, 0, 0, 0, 0, 0, 0, 0, 0, 0, 0, 0, 0, 0, 57]","""[0, 6, 9, 1, 7, 8, 3, 12, 4, 7, 4, 5, 9, 1, 1, 4, 8, 5, 1, 7, 4, 53, 57, 76, 94, 102, 37, 100, 135, 153, 68, 57, 81, 62, 111, 128, 0]"""
j20,2,proactive_quantile_0.9,60,True,38,0.07020449638366699,0.0014028549194335938,"[0, 0, 0, 0, 7, 7, 9, 5, 14, 8, 5, 14, 17, 19, 26, 8, 14, 7, 31, 14, 24, 0, 0, 0, 0, 0, 0, 0, 137]","""[0, 2, 6, 2, 3, 6, 2, 1, 3, 6, 2, 3, 6, 7, 2, 4, 3, 7, 1, 4, 1, 36, 68, 73, 137, 138, 95, 109, 0]"""
j20,2,reactive,60,False,inf,inf,inf,null,"[0, 2, 6, 2, 3, 6, 2, 1, 3, 6, 2, 3, 6, 7, 2, 4, 3, 7, 1, 4, 1, 36, 68, 73, 137, 138, 95, 109, 0]"
j20,2,stnu,60,True,29,0.7481851577758789,0.028341293334960938,"[0, 0, 0, 0, 8, 8, 11, 6, 15, 7, 6, 15, 18, 19, 26, 7, 15, 8, 28, 15, 24, 0, 0, 0, 0, 0, 0, 0, 29]","""[0, 2, 6, 2, 3, 6, 2, 1, 3, 6, 2, 3, 6, 7, 2, 4, 3, 7, 1, 4, 1, 36, 68, 73, 137, 138, 95, 109, 0]"""
j20,2,proactive_quantile_0.9,60,True,38,0.08412671089172363,0.0013353824615478516,"[0, 0, 0, 0, 7, 7, 9, 5, 14, 8, 5, 14, 17, 19, 26, 8, 14, 7, 31, 14, 24, 0, 0, 0, 0, 0, 0, 0, 137]","""[0, 4, 2, 2, 3, 6, 4, 2, 1, 4, 1, 2, 8, 4, 1, 1, 6, 1, 3, 5, 1, 36, 68, 73, 137, 138, 95, 109, 0]"""
j20,2,reactive,60,False,inf,inf,inf,null,"[0, 4, 2, 2, 3, 6, 4, 2, 1, 4, 1, 2, 8, 4, 1, 1, 6, 1, 3, 5, 1, 36, 68, 73, 137, 138, 95, 109, 0]"
j20,2,stnu,60,True,29,0.8216173648834229,0.026617765426635742,"[0, 0, 0, 0, 4, 4, 7, 2, 11, 4, 2, 10, 18, 11, 15, 4, 11, 4, 26, 13, 26, 0, 0, 0, 0, 0, 0, 0, 29]","""[0, 4, 2, 2, 3, 6, 4, 2, 6, 4, 1, 5, 8, 4, 1, 7, 6, 9, 3, 5, 1, 36, 68, 73, 137, 138, 95, 109, 0]"""
j20,2,proactive_quantile_0.9,60,True,38,0.07122182846069336,0.0013971328735351562,"[0, 0, 0, 0, 7, 7, 9, 5, 14, 8, 5, 14, 17, 19, 26, 8, 14, 7, 31, 14, 24, 0, 0, 0, 0, 0, 0, 0, 137]","""[0, 7, 1, 4, 3, 6, 2, 1, 3, 3, 1, 3, 8, 7, 5, 4, 8, 6, 2, 2, 3, 36, 68, 73, 137, 138, 95, 109, 0]"""
j20,2,reactive,60,False,inf,inf,inf,null,"[0, 7, 1, 4, 3, 6, 2, 1, 3, 3, 1, 3, 8, 7, 5, 4, 8, 6, 2, 2, 3, 36, 68, 73, 137, 138, 95, 109, 0]"
j20,2,stnu,60,True,33,0.8415148258209229,0.027195453643798828,"[0, 0, 0, 0, 7, 7, 8, 1, 13, 2, 1, 13, 16, 8, 17, 2, 15, 7, 24, 15, 24, 0, 0, 0, 0, 0, 0, 0, 33]","""[0, 7, 1, 4, 1, 6, 2, 1, 5, 3, 1, 3, 7, 7, 1, 8, 9, 7, 6, 2, 9, 36, 68, 73, 137, 138, 95, 109, 0]"""
j20,2,proactive_quantile_0.9,60,True,38,0.0689854621887207,0.0013320446014404297,"[0, 0, 0, 0, 7, 7, 9, 5, 14, 8, 5, 14, 17, 19, 26, 8, 14, 7, 31, 14, 24, 0, 0, 0, 0, 0, 0, 0, 137]","""[0, 2, 5, 3, 1, 7, 1, 2, 1, 3, 2, 4, 8, 8, 4, 1, 6, 2, 2, 2, 1, 36, 68, 73, 137, 138, 95, 109, 0]"""
j20,2,reactive,60,False,inf,inf,inf,null,"[0, 2, 5, 3, 1, 7, 1, 2, 1, 3, 2, 4, 8, 8, 4, 1, 6, 2, 2, 2, 1, 36, 68, 73, 137, 138, 95, 109, 0]"
j20,2,stnu,60,True,32,0.8058528900146484,0.026961565017700195,"[0, 0, 0, 0, 3, 2, 5, 5, 11, 8, 5, 11, 15, 5, 15, 8, 13, 8, 20, 13, 16, 0, 0, 0, 0, 0, 0, 0, 32]","""[0, 2, 5, 3, 2, 7, 1, 2, 6, 3, 3, 4, 1, 8, 5, 4, 3, 2, 7, 2, 16, 36, 68, 73, 137, 138, 95, 109, 0]"""
j20,2,proactive_quantile_0.9,60,True,38,0.06954741477966309,0.0014145374298095703,"[0, 0, 0, 0, 7, 7, 9, 5, 14, 8, 5, 14, 17, 19, 26, 8, 14, 7, 31, 14, 24, 0, 0, 0, 0, 0, 0, 0, 137]","""[0, 2, 3, 1, 3, 5, 2, 3, 1, 3, 2, 1, 4, 5, 5, 4, 6, 7, 4, 4, 1, 36, 68, 73, 137, 138, 95, 109, 0]"""
j20,2,reactive,60,False,inf,inf,inf,null,"[0, 2, 3, 1, 3, 5, 2, 3, 1, 3, 2, 1, 4, 5, 5, 4, 6, 7, 4, 4, 1, 36, 68, 73, 137, 138, 95, 109, 0]"
j20,2,stnu,60,True,40,0.7603766918182373,0.026908397674560547,"[0, 0, 0, 0, 4, 4, 7, 10, 11, 13, 10, 17, 29, 10, 17, 13, 20, 13, 38, 21, 38, 0, 0, 0, 0, 0, 0, 0, 40]","""[0, 4, 10, 3, 3, 7, 3, 3, 9, 4, 3, 5, 9, 7, 5, 4, 5, 8, 1, 8, 2, 36, 68, 73, 137, 138, 95, 109, 0]"""
j20,2,proactive_quantile_0.9,60,True,38,0.07169604301452637,0.0013887882232666016,"[0, 0, 0, 0, 7, 7, 9, 5, 14, 8, 5, 14, 17, 19, 26, 8, 14, 7, 31, 14, 24, 0, 0, 0, 0, 0, 0, 0, 137]","""[0, 7, 5, 1, 3, 2, 2, 3, 3, 6, 1, 1, 3, 2, 4, 4, 5, 7, 7, 2, 2, 36, 68, 73, 137, 138, 95, 109, 0]"""
j20,2,reactive,60,False,inf,inf,inf,null,"[0, 7, 5, 1, 3, 2, 2, 3, 3, 6, 1, 1, 3, 2, 4, 4, 5, 7, 7, 2, 2, 36, 68, 73, 137, 138, 95, 109, 0]"
j20,2,stnu,60,True,33,0.825981855392456,0.02725362777709961,"[0, 0, 0, 0, 7, 7, 10, 5, 14, 8, 5, 14, 15, 10, 16, 8, 14, 8, 26, 14, 26, 0, 0, 0, 0, 0, 0, 0, 33]","""[0, 7, 5, 1, 3, 2, 2, 3, 5, 6, 3, 1, 2, 2, 2, 2, 12, 6, 7, 2, 4, 36, 68, 73, 137, 138, 95, 109, 0]"""
j20,2,proactive_quantile_0.9,60,True,40,0.15950560569763184,0.0014548301696777344,"[0, 0, 0, 0, 7, 7, 9, 5, 14, 8, 5, 14, 17, 9, 21, 8, 16, 7, 30, 16, 26, 0, 0, 0, 0, 0, 0, 0, 137]","""[0, 6, 2, 2, 2, 7, 2, 1, 13, 4, 1, 2, 7, 7, 3, 7, 8, 3, 7, 4, 12, 36, 68, 73, 137, 138, 95, 109, 0]"""
j20,2,reactive,60,True,38,0.15950560569763184,0.34328508377075195,"[0, 0, 0, 0, 7, 7, 9, 5, 14, 8, 5, 14, 17, 9, 21, 8, 16, 7, 30, 16, 26, 0, 0, 0, 0, 0, 0, 0, 38]","[0, 6, 2, 2, 2, 7, 2, 1, 13, 4, 1, 2, 7, 7, 3, 7, 8, 3, 7, 4, 12, 36, 68, 73, 137, 138, 95, 109, 0]"
j20,2,stnu,60,True,35,0.8133647441864014,0.02718067169189453,"[0, 0, 0, 0, 6, 6, 8, 2, 13, 3, 2, 13, 15, 8, 19, 3, 15, 6, 26, 15, 23, 0, 0, 0, 0, 0, 0, 0, 35]","""[0, 6, 2, 2, 2, 7, 2, 1, 13, 4, 1, 2, 7, 7, 3, 7, 8, 3, 7, 4, 12, 36, 68, 73, 137, 138, 95, 109, 0]"""
j20,2,proactive_quantile_0.9,60,False,inf,0.10994410514831543,inf,"[0, 0, 0, 0, 7, 7, 9, 5, 14, 8, 5, 14, 17, 9, 21, 8, 16, 7, 30, 16, 26, 0, 0, 0, 0, 0, 0, 0, 137]","""[0, 3, 3, 1, 3, 8, 4, 4, 10, 6, 1, 3, 6, 4, 8, 6, 5, 6, 8, 3, 3, 36, 68, 73, 137, 138, 95, 109, 0]"""
j20,2,reactive,60,False,inf,inf,inf,null,"[0, 3, 3, 1, 3, 8, 4, 4, 10, 6, 1, 3, 6, 4, 8, 6, 5, 6, 8, 3, 3, 36, 68, 73, 137, 138, 95, 109, 0]"
j20,2,stnu,60,True,32,0.752516508102417,0.028256654739379883,"[0, 0, 0, 0, 5, 5, 7, 3, 13, 7, 3, 13, 16, 16, 24, 7, 13, 5, 27, 13, 21, 0, 0, 0, 0, 0, 0, 0, 32]","""[0, 3, 3, 1, 2, 8, 4, 4, 2, 6, 2, 3, 5, 4, 3, 1, 5, 8, 5, 3, 3, 36, 68, 73, 137, 138, 95, 109, 0]"""
j20,2,proactive_quantile_0.9,60,True,40,0.1626288890838623,0.0014624595642089844,"[0, 0, 0, 0, 7, 7, 9, 5, 14, 8, 5, 14, 17, 9, 21, 8, 16, 7, 30, 16, 26, 0, 0, 0, 0, 0, 0, 0, 137]","""[0, 6, 6, 3, 2, 7, 4, 3, 2, 2, 2, 3, 6, 6, 8, 4, 1, 8, 7, 4, 15, 36, 68, 73, 137, 138, 95, 109, 0]"""
j20,2,reactive,60,False,inf,inf,inf,null,"[0, 6, 6, 3, 2, 7, 4, 3, 2, 2, 2, 3, 6, 6, 8, 4, 1, 8, 7, 4, 15, 36, 68, 73, 137, 138, 95, 109, 0]"
j20,2,stnu,60,True,33,0.7479829788208008,0.0283815860748291,"[0, 0, 0, 0, 8, 8, 11, 6, 15, 9, 6, 15, 18, 19, 26, 9, 15, 8, 31, 15, 24, 0, 0, 0, 0, 0, 0, 0, 33]","""[0, 6, 6, 3, 3, 7, 4, 3, 3, 2, 2, 3, 6, 6, 5, 1, 7, 5, 2, 4, 2, 36, 68, 73, 137, 138, 95, 109, 0]"""
j20,2,proactive_quantile_0.9,60,False,inf,0.06253385543823242,inf,"[0, 0, 0, 0, 7, 7, 9, 5, 14, 8, 5, 14, 17, 19, 26, 8, 14, 7, 31, 14, 24, 0, 0, 0, 0, 0, 0, 0, 137]","""[0, 3, 5, 1, 3, 8, 4, 2, 1, 1, 2, 1, 2, 2, 4, 3, 8, 4, 8, 1, 1, 36, 68, 73, 137, 138, 95, 109, 0]"""
j20,2,reactive,60,False,inf,inf,inf,null,"[0, 3, 5, 1, 3, 8, 4, 2, 1, 1, 2, 1, 2, 2, 4, 3, 8, 4, 8, 1, 1, 36, 68, 73, 137, 138, 95, 109, 0]"
j20,2,stnu,60,True,36,0.6613950729370117,0.02838301658630371,"[0, 0, 0, 0, 7, 7, 10, 5, 15, 7, 5, 15, 16, 16, 24, 7, 15, 7, 28, 14, 23, 0, 0, 0, 0, 0, 0, 0, 36]","""[0, 3, 5, 1, 3, 8, 4, 2, 1, 1, 2, 1, 2, 2, 4, 3, 8, 4, 8, 1, 1, 36, 68, 73, 137, 138, 95, 109, 0]"""
j20,2,proactive_quantile_0.9,60,False,inf,0.0800161361694336,inf,"[0, 0, 8, 0, 8, 25, 18, 10, 19, 38, 10, 23, 20, 38, 23, 26, 25, 49, 45, 52, 39, 0, 0, 0, 0, 0, 0, 0, 0, 0, 173]","""[0, 1, 1, 8, 3, 13, 1, 6, 1, 3, 3, 4, 4, 6, 3, 11, 5, 3, 3, 8, 1, 174, 28, 80, 51, 27, 118, 26, 131, 103, 0]"""
j20,2,reactive,60,False,inf,inf,inf,null,"[0, 1, 1, 8, 3, 13, 1, 6, 1, 3, 3, 4, 4, 6, 3, 11, 5, 3, 3, 8, 1, 174, 28, 80, 51, 27, 118, 26, 131, 103, 0]"
j20,2,stnu,60,False,inf,0.7620842456817627,inf,[],"""[0, 1, 5, 1, 3, 4, 1, 6, 3, 3, 6, 4, 10, 6, 3, 11, 5, 3, 3, 4, 4, 174, 28, 80, 51, 27, 118, 26, 131, 103, 0]"""
j20,2,proactive_quantile_0.9,60,True,59,0.08444952964782715,0.001539468765258789,"[0, 0, 8, 0, 8, 25, 18, 10, 19, 38, 10, 23, 20, 38, 23, 26, 25, 49, 45, 52, 39, 0, 0, 0, 0, 0, 0, 0, 0, 0, 173]","""[0, 6, 4, 5, 1, 9, 3, 5, 2, 9, 5, 3, 3, 8, 1, 4, 4, 2, 7, 1, 5, 174, 28, 80, 51, 27, 118, 26, 131, 103, 0]"""
j20,2,reactive,60,False,inf,inf,inf,null,"[0, 6, 4, 5, 1, 9, 3, 5, 2, 9, 5, 3, 3, 8, 1, 4, 4, 2, 7, 1, 5, 174, 28, 80, 51, 27, 118, 26, 131, 103, 0]"
j20,2,stnu,60,False,inf,0.7140319347381592,inf,[],"""[0, 6, 4, 5, 1, 9, 3, 5, 2, 9, 11, 4, 3, 8, 1, 4, 4, 2, 7, 1, 5, 174, 28, 80, 51, 27, 118, 26, 131, 103, 0]"""
j20,2,proactive_quantile_0.9,60,False,inf,0.10392618179321289,inf,"[0, 0, 8, 0, 8, 25, 18, 10, 19, 38, 10, 23, 20, 38, 23, 26, 25, 49, 45, 52, 39, 0, 0, 0, 0, 0, 0, 0, 0, 0, 173]","""[0, 6, 12, 6, 2, 14, 1, 2, 3, 5, 13, 2, 3, 3, 1, 13, 7, 2, 6, 7, 2, 174, 28, 80, 51, 27, 118, 26, 131, 103, 0]"""
j20,2,reactive,60,False,inf,inf,inf,null,"[0, 6, 12, 6, 2, 14, 1, 2, 3, 5, 13, 2, 3, 3, 1, 13, 7, 2, 6, 7, 2, 174, 28, 80, 51, 27, 118, 26, 131, 103, 0]"
j20,2,stnu,60,False,inf,0.8528461456298828,inf,[],"""[0, 6, 4, 1, 2, 4, 1, 2, 3, 2, 3, 1, 7, 3, 1, 13, 7, 2, 6, 5, 9, 174, 28, 80, 51, 27, 118, 26, 131, 103, 0]"""
j20,2,proactive_quantile_0.9,60,False,inf,0.2874882221221924,inf,"[0, 0, 7, 0, 8, 26, 17, 8, 21, 31, 10, 23, 19, 34, 23, 28, 25, 41, 37, 44, 28, 0, 0, 0, 0, 0, 0, 0, 0, 0, 173]","""[0, 1, 12, 6, 2, 2, 2, 9, 3, 2, 13, 4, 1, 2, 2, 10, 2, 4, 2, 6, 3, 174, 28, 80, 51, 27, 118, 26, 131, 103, 0]"""
j20,2,reactive,60,False,inf,inf,inf,null,"[0, 1, 12, 6, 2, 2, 2, 9, 3, 2, 13, 4, 1, 2, 2, 10, 2, 4, 2, 6, 3, 174, 28, 80, 51, 27, 118, 26, 131, 103, 0]"
j20,2,stnu,60,False,inf,0.6531710624694824,inf,[],"""[0, 5, 7, 1, 2, 4, 2, 3, 2, 2, 10, 4, 12, 7, 2, 10, 4, 4, 2, 6, 3, 174, 28, 80, 51, 27, 118, 26, 131, 103, 0]"""
j20,2,proactive_quantile_0.9,60,False,inf,0.09059953689575195,inf,"[0, 0, 8, 0, 8, 25, 18, 10, 19, 38, 10, 23, 20, 38, 23, 26, 25, 49, 45, 52, 39, 0, 0, 0, 0, 0, 0, 0, 0, 0, 173]","""[0, 9, 2, 3, 3, 14, 2, 8, 3, 13, 13, 2, 3, 5, 1, 12, 7, 2, 11, 3, 8, 174, 28, 80, 51, 27, 118, 26, 131, 103, 0]"""
j20,2,reactive,60,False,inf,inf,inf,null,"[0, 9, 2, 3, 3, 14, 2, 8, 3, 13, 13, 2, 3, 5, 1, 12, 7, 2, 11, 3, 8, 174, 28, 80, 51, 27, 118, 26, 131, 103, 0]"
j20,2,stnu,60,False,inf,0.6022138595581055,inf,[],"""[0, 9, 8, 2, 3, 2, 2, 8, 3, 2, 8, 1, 12, 5, 1, 12, 7, 2, 11, 2, 5, 174, 28, 80, 51, 27, 118, 26, 131, 103, 0]"""
j20,2,proactive_quantile_0.9,60,False,inf,0.3194594383239746,inf,"[0, 0, 7, 0, 8, 26, 17, 8, 21, 31, 10, 23, 19, 34, 23, 28, 25, 41, 37, 44, 28, 0, 0, 0, 0, 0, 0, 0, 0, 0, 173]","""[0, 4, 9, 4, 1, 1, 2, 15, 3, 3, 13, 1, 2, 4, 2, 14, 3, 3, 2, 2, 4, 174, 28, 80, 51, 27, 118, 26, 131, 103, 0]"""
j20,2,reactive,60,False,inf,inf,inf,null,"[0, 4, 9, 4, 1, 1, 2, 15, 3, 3, 13, 1, 2, 4, 2, 14, 3, 3, 2, 2, 4, 174, 28, 80, 51, 27, 118, 26, 131, 103, 0]"
j20,2,stnu,60,False,inf,0.9102232456207275,inf,[],"""[0, 12, 9, 7, 1, 2, 2, 5, 2, 3, 2, 1, 6, 8, 2, 14, 14, 3, 2, 2, 3, 174, 28, 80, 51, 27, 118, 26, 131, 103, 0]"""
j20,2,proactive_quantile_0.9,60,False,inf,0.1003115177154541,inf,"[0, 0, 8, 0, 8, 26, 18, 7, 16, 36, 10, 23, 20, 26, 23, 26, 33, 39, 33, 41, 39, 0, 0, 0, 0, 0, 0, 0, 0, 0, 173]","""[0, 8, 4, 3, 3, 1, 3, 1, 3, 3, 12, 2, 2, 4, 3, 8, 2, 2, 16, 3, 3, 174, 28, 80, 51, 27, 118, 26, 131, 103, 0]"""
j20,2,reactive,60,False,inf,inf,inf,null,"[0, 8, 4, 3, 3, 1, 3, 1, 3, 3, 12, 2, 2, 4, 3, 8, 2, 2, 16, 3, 3, 174, 28, 80, 51, 27, 118, 26, 131, 103, 0]"
j20,2,stnu,60,False,inf,0.6029551029205322,inf,[],"""[0, 3, 3, 3, 3, 14, 3, 1, 2, 6, 12, 3, 2, 4, 3, 8, 14, 4, 3, 3, 6, 174, 28, 80, 51, 27, 118, 26, 131, 103, 0]"""
j20,2,proactive_quantile_0.9,60,True,59,0.08351993560791016,0.0015146732330322266,"[0, 0, 8, 0, 8, 25, 18, 10, 19, 38, 10, 23, 20, 38, 23, 26, 25, 49, 45, 52, 39, 0, 0, 0, 0, 0, 0, 0, 0, 0, 173]","""[0, 3, 1, 3, 2, 8, 1, 4, 1, 13, 13, 3, 3, 7, 2, 3, 12, 1, 3, 1, 6, 174, 28, 80, 51, 27, 118, 26, 131, 103, 0]"""
j20,2,reactive,60,False,inf,inf,inf,null,"[0, 3, 1, 3, 2, 8, 1, 4, 1, 13, 13, 3, 3, 7, 2, 3, 12, 1, 3, 1, 6, 174, 28, 80, 51, 27, 118, 26, 131, 103, 0]"
j20,2,stnu,60,False,inf,0.7851042747497559,inf,[],"""[0, 3, 3, 7, 2, 3, 1, 4, 3, 3, 2, 2, 13, 7, 2, 3, 12, 1, 3, 5, 4, 174, 28, 80, 51, 27, 118, 26, 131, 103, 0]"""
j20,2,proactive_quantile_0.9,60,False,inf,0.16191768646240234,inf,"[0, 0, 8, 0, 8, 25, 18, 10, 19, 38, 10, 23, 20, 38, 23, 26, 25, 49, 45, 52, 39, 0, 0, 0, 0, 0, 0, 0, 0, 0, 173]","""[0, 8, 6, 7, 3, 12, 1, 6, 1, 3, 7, 1, 1, 2, 2, 14, 12, 1, 3, 8, 1, 174, 28, 80, 51, 27, 118, 26, 131, 103, 0]"""
j20,2,reactive,60,False,inf,inf,inf,null,"[0, 8, 6, 7, 3, 12, 1, 6, 1, 3, 7, 1, 1, 2, 2, 14, 12, 1, 3, 8, 1, 174, 28, 80, 51, 27, 118, 26, 131, 103, 0]"
j20,2,stnu,60,False,inf,0.6379396915435791,inf,[],"""[0, 8, 6, 9, 3, 12, 1, 6, 1, 3, 9, 2, 1, 2, 2, 14, 12, 1, 3, 8, 1, 174, 28, 80, 51, 27, 118, 26, 131, 103, 0]"""
j20,2,proactive_quantile_0.9,60,False,inf,0.12518644332885742,inf,"[0, 0, 8, 0, 8, 25, 18, 7, 21, 30, 10, 23, 20, 29, 23, 26, 26, 44, 38, 53, 29, 0, 0, 0, 0, 0, 0, 0, 0, 0, 173]","""[0, 3, 2, 6, 3, 2, 1, 13, 2, 4, 10, 4, 2, 2, 2, 11, 3, 7, 8, 13, 10, 174, 28, 80, 51, 27, 118, 26, 131, 103, 0]"""
j20,2,reactive,60,False,inf,inf,inf,null,"[0, 3, 2, 6, 3, 2, 1, 13, 2, 4, 10, 4, 2, 2, 2, 11, 3, 7, 8, 13, 10, 174, 28, 80, 51, 27, 118, 26, 131, 103, 0]"
j20,2,stnu,60,False,inf,0.6155824661254883,inf,[],"""[0, 1, 8, 3, 3, 6, 1, 1, 1, 8, 7, 4, 2, 8, 2, 8, 12, 1, 6, 2, 2, 174, 28, 80, 51, 27, 118, 26, 131, 103, 0]"""
j20,2,proactive_quantile_0.9,60,True,44,0.10138154029846191,0.0004055500030517578,"[0, 0, 0, 0, 2, 2, 2, 9, 4, 12, 15, 15, 15, 11, 18, 22, 24, 34, 42, 29, 18, 0, 76]","""[0, 2, 1, 2, 3, 2, 5, 1, 9, 3, 7, 3, 3, 2, 8, 3, 4, 8, 2, 3, 2, 77, 0]"""
j20,2,reactive,60,False,inf,inf,inf,null,"[0, 2, 1, 2, 3, 2, 5, 1, 9, 3, 7, 3, 3, 2, 8, 3, 4, 8, 2, 3, 2, 77, 0]"
j20,2,stnu,60,True,41,0.6992380619049072,0.018180131912231445,"[0, 0, 0, 0, 4, 4, 7, 7, 7, 16, 19, 19, 19, 8, 24, 24, 28, 32, 40, 32, 16, 0, 41]","""[0, 7, 4, 2, 3, 2, 1, 1, 9, 3, 5, 1, 5, 7, 8, 4, 4, 8, 1, 1, 5, 77, 0]"""
j20,2,proactive_quantile_0.9,60,False,inf,0.08615589141845703,inf,"[0, 0, 0, 0, 2, 2, 2, 9, 4, 12, 15, 15, 15, 11, 18, 22, 24, 34, 42, 29, 18, 0, 76]","""[0, 1, 2, 9, 2, 1, 5, 2, 7, 1, 5, 1, 4, 3, 10, 2, 5, 5, 3, 2, 2, 77, 0]"""
j20,2,reactive,60,False,inf,inf,inf,null,"[0, 1, 2, 9, 2, 1, 5, 2, 7, 1, 5, 1, 4, 3, 10, 2, 5, 5, 3, 2, 2, 77, 0]"
j20,2,stnu,60,True,36,0.6457867622375488,0.018707275390625,"[0, 0, 0, 0, 2, 2, 2, 9, 4, 11, 14, 14, 14, 11, 18, 20, 22, 28, 33, 28, 18, 0, 36]","""[0, 1, 2, 9, 2, 1, 5, 2, 7, 1, 5, 1, 4, 3, 10, 2, 5, 5, 3, 2, 2, 77, 0]"""
j20,2,proactive_quantile_0.9,60,False,inf,0.04591989517211914,inf,"[0, 0, 0, 0, 2, 2, 2, 9, 4, 12, 15, 15, 15, 11, 18, 22, 24, 34, 42, 29, 18, 0, 76]","""[0, 3, 2, 7, 2, 1, 6, 2, 7, 4, 6, 3, 3, 4, 2, 2, 10, 2, 1, 2, 2, 77, 0]"""
j20,2,reactive,60,False,inf,inf,inf,null,"[0, 3, 2, 7, 2, 1, 6, 2, 7, 4, 6, 3, 3, 4, 2, 2, 10, 2, 1, 2, 2, 77, 0]"
j20,2,stnu,60,True,47,0.6267349720001221,0.018098831176757812,"[0, 0, 0, 0, 3, 9, 5, 12, 9, 14, 18, 21, 21, 14, 29, 27, 30, 40, 45, 31, 21, 0, 47]","""[0, 4, 3, 9, 2, 3, 6, 2, 5, 4, 6, 2, 8, 7, 2, 3, 10, 5, 2, 8, 6, 77, 0]"""
j20,2,proactive_quantile_0.9,60,False,inf,0.15006256103515625,inf,"[0, 0, 0, 0, 2, 2, 2, 9, 4, 12, 15, 15, 15, 11, 18, 22, 24, 34, 42, 29, 18, 0, 76]","""[0, 1, 2, 7, 1, 3, 4, 3, 7, 4, 8, 3, 3, 4, 11, 2, 10, 2, 2, 3, 1, 77, 0]"""
j20,2,reactive,60,False,inf,inf,inf,null,"[0, 1, 2, 7, 1, 3, 4, 3, 7, 4, 8, 3, 3, 4, 11, 2, 10, 2, 2, 3, 1, 77, 0]"
j20,2,stnu,60,True,38,0.6321461200714111,0.01872873306274414,"[0, 0, 0, 0, 2, 2, 2, 7, 3, 10, 14, 14, 14, 10, 17, 22, 24, 34, 36, 28, 17, 0, 38]","""[0, 1, 2, 7, 1, 3, 4, 3, 7, 4, 8, 3, 3, 4, 11, 2, 10, 2, 2, 3, 1, 77, 0]"""
j20,2,proactive_quantile_0.9,60,True,44,0.06572890281677246,0.00039505958557128906,"[0, 0, 0, 0, 2, 2, 2, 9, 4, 12, 15, 15, 15, 11, 18, 22, 24, 34, 42, 29, 18, 0, 76]","""[0, 2, 1, 2, 2, 2, 11, 1, 1, 2, 5, 4, 1, 1, 12, 1, 9, 5, 3, 3, 3, 77, 0]"""
j20,2,reactive,60,False,inf,inf,inf,null,"[0, 2, 1, 2, 2, 2, 11, 1, 1, 2, 5, 4, 1, 1, 12, 1, 9, 5, 3, 3, 3, 77, 0]"
j20,2,stnu,60,True,38,0.7528340816497803,0.01858210563659668,"[0, 0, 0, 0, 2, 2, 2, 4, 4, 5, 13, 13, 7, 5, 17, 20, 21, 30, 35, 29, 17, 0, 38]","""[0, 2, 1, 2, 2, 2, 11, 1, 1, 2, 5, 4, 1, 1, 12, 1, 9, 5, 3, 3, 3, 77, 0]"""
j20,2,proactive_quantile_0.9,60,True,44,0.07103705406188965,0.00039505958557128906,"[0, 0, 0, 0, 2, 2, 2, 9, 4, 12, 15, 15, 15, 11, 18, 22, 24, 34, 42, 29, 18, 0, 76]","""[0, 2, 3, 9, 1, 2, 4, 3, 6, 1, 7, 2, 1, 2, 9, 3, 11, 2, 3, 1, 2, 77, 0]"""
j20,2,reactive,60,False,inf,inf,inf,null,"[0, 2, 3, 9, 1, 2, 4, 3, 6, 1, 7, 2, 1, 2, 9, 3, 11, 2, 3, 1, 2, 77, 0]"
j20,2,stnu,60,True,40,0.6565301418304443,0.018781423568725586,"[0, 0, 0, 0, 3, 3, 3, 9, 4, 10, 14, 14, 14, 12, 16, 21, 24, 35, 37, 25, 16, 0, 40]","""[0, 2, 3, 9, 1, 2, 4, 3, 6, 1, 7, 2, 1, 2, 9, 3, 11, 2, 3, 1, 2, 77, 0]"""
j20,2,proactive_quantile_0.9,60,False,inf,0.05868864059448242,inf,"[0, 0, 0, 0, 2, 2, 2, 9, 4, 12, 15, 15, 15, 11, 18, 22, 24, 34, 42, 29, 18, 0, 76]","""[0, 3, 1, 9, 2, 1, 2, 3, 3, 1, 8, 4, 4, 2, 2, 3, 2, 5, 2, 1, 3, 77, 0]"""
j20,2,reactive,60,False,inf,inf,inf,null,"[0, 3, 1, 9, 2, 1, 2, 3, 3, 1, 8, 4, 4, 2, 2, 3, 2, 5, 2, 1, 3, 77, 0]"
j20,2,stnu,60,True,34,0.7432553768157959,0.018704891204833984,"[0, 0, 0, 0, 3, 3, 3, 9, 5, 8, 14, 14, 14, 12, 18, 22, 25, 27, 32, 25, 18, 0, 34]","""[0, 3, 1, 9, 2, 1, 2, 3, 3, 1, 8, 4, 4, 2, 2, 3, 2, 5, 2, 1, 3, 77, 0]"""
j20,2,proactive_quantile_0.9,60,False,inf,0.08475828170776367,inf,"[0, 0, 0, 0, 2, 2, 2, 9, 4, 12, 15, 15, 15, 11, 18, 22, 24, 34, 42, 29, 18, 0, 76]","""[0, 2, 3, 3, 2, 3, 10, 1, 3, 3, 4, 2, 4, 2, 4, 2, 6, 9, 3, 2, 2, 77, 0]"""
j20,2,reactive,60,False,inf,inf,inf,null,"[0, 2, 3, 3, 2, 3, 10, 1, 3, 3, 4, 2, 4, 2, 4, 2, 6, 9, 3, 2, 2, 77, 0]"
j20,2,stnu,60,True,37,0.7095935344696045,0.01860976219177246,"[0, 0, 0, 0, 3, 3, 3, 6, 5, 8, 13, 13, 11, 7, 15, 17, 19, 25, 34, 19, 15, 0, 37]","""[0, 2, 3, 3, 2, 3, 10, 1, 3, 3, 4, 2, 4, 2, 4, 2, 6, 9, 3, 2, 2, 77, 0]"""
j20,2,proactive_quantile_0.9,60,True,44,0.17870640754699707,0.00037384033203125,"[0, 0, 0, 0, 2, 2, 2, 9, 4, 12, 15, 15, 15, 11, 18, 22, 24, 34, 42, 29, 18, 0, 76]","""[0, 1, 2, 9, 3, 2, 6, 2, 4, 2, 2, 4, 2, 2, 2, 1, 1, 4, 1, 2, 2, 77, 0]"""
j20,2,reactive,60,False,inf,inf,inf,null,"[0, 1, 2, 9, 3, 2, 6, 2, 4, 2, 2, 4, 2, 2, 2, 1, 1, 4, 1, 2, 2, 77, 0]"
j20,2,stnu,60,True,26,0.7444145679473877,0.018628358840942383,"[0, 0, 0, 0, 2, 2, 2, 9, 5, 9, 13, 13, 13, 11, 17, 19, 20, 21, 25, 20, 17, 0, 26]","""[0, 1, 2, 9, 3, 2, 6, 2, 4, 2, 2, 4, 2, 2, 2, 1, 1, 4, 1, 2, 2, 77, 0]"""
j20,2,proactive_quantile_0.9,60,True,61,0.058412790298461914,0.00043773651123046875,"[0, 0, 0, 0, 10, 10, 12, 15, 12, 22, 25, 25, 25, 17, 32, 34, 39, 49, 58, 43, 25, 0, 76]","""[0, 4, 8, 1, 1, 2, 5, 1, 4, 2, 8, 1, 6, 2, 12, 4, 2, 7, 4, 4, 6, 77, 0]"""
j20,2,reactive,60,False,inf,inf,inf,null,"[0, 4, 8, 1, 1, 2, 5, 1, 4, 2, 8, 1, 6, 2, 12, 4, 2, 7, 4, 4, 6, 77, 0]"
j20,2,stnu,60,True,42,0.6209545135498047,0.018142223358154297,"[0, 0, 0, 0, 8, 8, 9, 10, 9, 14, 16, 16, 16, 11, 22, 24, 28, 30, 38, 34, 14, 0, 42]","""[0, 4, 8, 1, 1, 2, 5, 1, 4, 2, 8, 1, 6, 2, 12, 4, 2, 7, 4, 4, 6, 77, 0]"""
j20,2,proactive_quantile_0.9,60,False,inf,0.22991538047790527,inf,"[0, 0, 33, 0, 9, 12, 9, 25, 25, 27, 12, 62, 54, 43, 35, 43, 51, 62, 76, 65, 51, 0, 0, 0, 0, 0, 0, 0, 0, 0, 0, 0, 116]","""[0, 9, 12, 10, 2, 4, 3, 9, 3, 5, 9, 3, 1, 9, 3, 9, 2, 6, 10, 12, 2, 69, 70, 50, 30, 62, 59, 96, 117, 115, 78, 88, 0]"""
j20,2,reactive,60,False,inf,inf,inf,null,"[0, 9, 12, 10, 2, 4, 3, 9, 3, 5, 9, 3, 1, 9, 3, 9, 2, 6, 10, 12, 2, 69, 70, 50, 30, 62, 59, 96, 117, 115, 78, 88, 0]"
j20,2,stnu,60,True,75,0.8931083679199219,0.04401826858520508,"[0, 0, 26, 0, 10, 13, 10, 17, 22, 25, 13, 50, 49, 38, 30, 38, 47, 50, 65, 53, 47, 0, 0, 0, 0, 0, 0, 0, 0, 0, 0, 0, 75]","""[0, 9, 12, 10, 2, 4, 3, 9, 3, 5, 9, 3, 1, 9, 3, 9, 2, 6, 10, 12, 2, 69, 70, 50, 30, 62, 59, 96, 117, 115, 78, 88, 0]"""
j20,2,proactive_quantile_0.9,60,False,inf,0.08027815818786621,inf,"[0, 0, 33, 0, 9, 12, 9, 25, 25, 27, 12, 62, 54, 43, 35, 43, 51, 62, 76, 65, 51, 0, 0, 0, 0, 0, 0, 0, 0, 0, 0, 0, 116]","""[0, 2, 8, 7, 1, 13, 3, 9, 3, 3, 8, 3, 2, 3, 1, 6, 4, 5, 5, 2, 1, 69, 70, 50, 30, 62, 59, 96, 117, 115, 78, 88, 0]"""
j20,2,reactive,60,False,inf,inf,inf,null,"[0, 2, 8, 7, 1, 13, 3, 9, 3, 3, 8, 3, 2, 3, 1, 6, 4, 5, 5, 2, 1, 69, 70, 50, 30, 62, 59, 96, 117, 115, 78, 88, 0]"
j20,2,stnu,60,True,60,0.8775277137756348,0.04365968704223633,"[0, 0, 32, 0, 7, 10, 7, 23, 23, 26, 10, 50, 47, 40, 32, 40, 46, 50, 55, 53, 46, 0, 0, 0, 0, 0, 0, 0, 0, 0, 0, 0, 60]","""[0, 2, 8, 7, 1, 13, 3, 9, 3, 3, 8, 3, 2, 3, 1, 6, 4, 5, 5, 2, 1, 69, 70, 50, 30, 62, 59, 96, 117, 115, 78, 88, 0]"""
j20,2,proactive_quantile_0.9,60,False,inf,0.08028674125671387,inf,"[0, 0, 33, 0, 9, 12, 9, 25, 25, 27, 12, 62, 54, 43, 35, 43, 51, 62, 76, 65, 51, 0, 0, 0, 0, 0, 0, 0, 0, 0, 0, 0, 116]","""[0, 6, 8, 10, 1, 11, 4, 1, 2, 5, 4, 4, 8, 5, 2, 7, 5, 5, 6, 6, 3, 69, 70, 50, 30, 62, 59, 96, 117, 115, 78, 88, 0]"""
j20,2,reactive,60,False,inf,inf,inf,null,"[0, 6, 8, 10, 1, 11, 4, 1, 2, 5, 4, 4, 8, 5, 2, 7, 5, 5, 6, 6, 3, 69, 70, 50, 30, 62, 59, 96, 117, 115, 78, 88, 0]"
j20,2,stnu,60,True,68,0.8664624691009521,0.04352378845214844,"[0, 0, 26, 0, 10, 14, 10, 25, 25, 27, 14, 52, 44, 34, 32, 34, 41, 52, 62, 56, 41, 0, 0, 0, 0, 0, 0, 0, 0, 0, 0, 0, 68]","""[0, 6, 8, 10, 1, 11, 4, 1, 2, 5, 4, 4, 8, 5, 2, 7, 5, 5, 6, 6, 3, 69, 70, 50, 30, 62, 59, 96, 117, 115, 78, 88, 0]"""
j20,2,proactive_quantile_0.9,60,False,inf,0.08453679084777832,inf,"[0, 0, 33, 0, 9, 12, 9, 25, 25, 27, 12, 62, 54, 43, 35, 43, 51, 62, 76, 65, 51, 0, 0, 0, 0, 0, 0, 0, 0, 0, 0, 0, 116]","""[0, 9, 3, 5, 3, 11, 4, 9, 3, 7, 7, 4, 7, 3, 1, 7, 2, 3, 2, 2, 4, 69, 70, 50, 30, 62, 59, 96, 117, 115, 78, 88, 0]"""
j20,2,reactive,60,False,inf,inf,inf,null,"[0, 9, 3, 5, 3, 11, 4, 9, 3, 7, 7, 4, 7, 3, 1, 7, 2, 3, 2, 2, 4, 69, 70, 50, 30, 62, 59, 96, 117, 115, 78, 88, 0]"
j20,2,stnu,60,True,62,0.8140826225280762,0.04384016990661621,"[0, 0, 33, 0, 9, 13, 9, 24, 24, 27, 13, 54, 47, 36, 34, 36, 43, 54, 60, 58, 43, 0, 0, 0, 0, 0, 0, 0, 0, 0, 0, 0, 62]","""[0, 9, 3, 5, 3, 11, 4, 9, 3, 7, 7, 4, 7, 3, 1, 7, 2, 3, 2, 2, 4, 69, 70, 50, 30, 62, 59, 96, 117, 115, 78, 88, 0]"""
j20,2,proactive_quantile_0.9,60,False,inf,0.08362913131713867,inf,"[0, 0, 33, 0, 9, 12, 9, 25, 25, 27, 12, 62, 54, 43, 35, 43, 51, 62, 76, 65, 51, 0, 0, 0, 0, 0, 0, 0, 0, 0, 0, 0, 116]","""[0, 7, 11, 3, 4, 9, 1, 9, 3, 4, 7, 4, 2, 6, 2, 7, 7, 4, 6, 4, 4, 69, 70, 50, 30, 62, 59, 96, 117, 115, 78, 88, 0]"""
j20,2,reactive,60,False,inf,inf,inf,null,"[0, 7, 11, 3, 4, 9, 1, 9, 3, 4, 7, 4, 2, 6, 2, 7, 7, 4, 6, 4, 4, 69, 70, 50, 30, 62, 59, 96, 117, 115, 78, 88, 0]"
j20,2,stnu,60,True,68,0.9314048290252686,0.04341769218444824,"[0, 0, 29, 0, 7, 11, 7, 20, 20, 23, 11, 54, 51, 40, 29, 40, 47, 54, 62, 58, 47, 0, 0, 0, 0, 0, 0, 0, 0, 0, 0, 0, 68]","""[0, 7, 11, 3, 4, 9, 1, 9, 3, 4, 7, 4, 2, 6, 2, 7, 7, 4, 6, 4, 4, 69, 70, 50, 30, 62, 59, 96, 117, 115, 78, 88, 0]"""
j20,2,proactive_quantile_0.9,60,True,85,0.06773924827575684,0.001644134521484375,"[0, 0, 33, 0, 9, 12, 9, 25, 25, 27, 12, 62, 54, 43, 35, 43, 51, 62, 76, 65, 51, 0, 0, 0, 0, 0, 0, 0, 0, 0, 0, 0, 116]","""[0, 4, 2, 6, 3, 3, 3, 8, 1, 9, 4, 2, 2, 1, 2, 6, 10, 1, 8, 3, 1, 69, 70, 50, 30, 62, 59, 96, 117, 115, 78, 88, 0]"""
j20,2,reactive,60,True,84,0.06773924827575684,0.910560131072998,"[0, 0, 33, 0, 9, 12, 9, 25, 25, 27, 12, 62, 54, 43, 35, 43, 51, 62, 76, 65, 51, 0, 0, 0, 0, 0, 0, 0, 0, 0, 0, 0, 84]","[0, 4, 2, 6, 3, 3, 3, 8, 1, 9, 4, 2, 2, 1, 2, 6, 10, 1, 8, 3, 1, 69, 70, 50, 30, 62, 59, 96, 117, 115, 78, 88, 0]"
j20,2,stnu,60,True,54,0.8431863784790039,0.043776750564575195,"[0, 0, 20, 0, 6, 9, 6, 12, 13, 14, 9, 41, 32, 25, 23, 25, 31, 41, 46, 43, 31, 0, 0, 0, 0, 0, 0, 0, 0, 0, 0, 0, 54]","""[0, 4, 2, 6, 3, 3, 3, 8, 1, 9, 4, 2, 2, 1, 2, 6, 10, 1, 8, 3, 1, 69, 70, 50, 30, 62, 59, 96, 117, 115, 78, 88, 0]"""
j20,2,proactive_quantile_0.9,60,False,inf,0.19558310508728027,inf,"[0, 7, 31, 0, 7, 10, 9, 24, 24, 38, 12, 71, 40, 53, 29, 48, 62, 72, 85, 42, 61, 0, 0, 0, 0, 0, 0, 0, 0, 0, 0, 0, 116]","""[0, 1, 3, 1, 1, 12, 2, 5, 3, 8, 5, 2, 1, 4, 3, 12, 10, 11, 8, 5, 3, 69, 70, 50, 30, 62, 59, 96, 117, 115, 78, 88, 0]"""
j20,2,reactive,60,False,inf,inf,inf,null,"[0, 1, 3, 1, 1, 12, 2, 5, 3, 8, 5, 2, 1, 4, 3, 12, 10, 11, 8, 5, 3, 69, 70, 50, 30, 62, 59, 96, 117, 115, 78, 88, 0]"
j20,2,stnu,60,True,46,0.7264101505279541,0.0437626838684082,"[0, 0, 17, 0, 4, 6, 4, 9, 11, 13, 6, 30, 29, 23, 20, 23, 27, 30, 37, 32, 27, 0, 0, 0, 0, 0, 0, 0, 0, 0, 0, 0, 46]","""[0, 4, 1, 4, 1, 3, 2, 8, 2, 7, 5, 2, 1, 4, 3, 3, 2, 3, 9, 5, 2, 69, 70, 50, 30, 62, 59, 96, 117, 115, 78, 88, 0]"""
j20,2,proactive_quantile_0.9,60,False,inf,0.08110523223876953,inf,"[0, 0, 33, 0, 9, 12, 9, 25, 25, 27, 12, 62, 54, 43, 35, 43, 51, 62, 76, 65, 51, 0, 0, 0, 0, 0, 0, 0, 0, 0, 0, 0, 116]","""[0, 7, 6, 2, 2, 6, 1, 4, 3, 1, 4, 1, 9, 3, 4, 2, 5, 1, 7, 9, 1, 69, 70, 50, 30, 62, 59, 96, 117, 115, 78, 88, 0]"""
j20,2,reactive,60,False,inf,inf,inf,null,"[0, 7, 6, 2, 2, 6, 1, 4, 3, 1, 4, 1, 9, 3, 4, 2, 5, 1, 7, 9, 1, 69, 70, 50, 30, 62, 59, 96, 117, 115, 78, 88, 0]"
j20,2,stnu,60,True,55,0.7323415279388428,0.043543100357055664,"[0, 0, 19, 0, 7, 9, 7, 15, 15, 18, 9, 38, 29, 25, 19, 25, 28, 38, 48, 39, 28, 0, 0, 0, 0, 0, 0, 0, 0, 0, 0, 0, 55]","""[0, 7, 6, 2, 2, 6, 1, 4, 3, 1, 4, 1, 9, 3, 4, 2, 5, 1, 7, 9, 1, 69, 70, 50, 30, 62, 59, 96, 117, 115, 78, 88, 0]"""
j20,2,proactive_quantile_0.9,60,False,inf,0.08867597579956055,inf,"[0, 0, 33, 0, 9, 12, 9, 25, 25, 27, 12, 62, 54, 43, 35, 43, 51, 62, 76, 65, 51, 0, 0, 0, 0, 0, 0, 0, 0, 0, 0, 0, 116]","""[0, 8, 5, 3, 1, 15, 1, 1, 2, 5, 8, 1, 2, 1, 4, 1, 7, 4, 3, 6, 4, 69, 70, 50, 30, 62, 59, 96, 117, 115, 78, 88, 0]"""
j20,2,reactive,60,False,inf,inf,inf,null,"[0, 8, 5, 3, 1, 15, 1, 1, 2, 5, 8, 1, 2, 1, 4, 1, 7, 4, 3, 6, 4, 69, 70, 50, 30, 62, 59, 96, 117, 115, 78, 88, 0]"
j20,2,stnu,60,True,53,0.7438383102416992,0.04365253448486328,"[0, 0, 25, 0, 8, 9, 8, 24, 24, 26, 9, 43, 40, 35, 31, 35, 36, 43, 50, 44, 36, 0, 0, 0, 0, 0, 0, 0, 0, 0, 0, 0, 53]","""[0, 8, 5, 3, 1, 15, 1, 1, 2, 5, 8, 1, 2, 1, 4, 1, 7, 4, 3, 6, 4, 69, 70, 50, 30, 62, 59, 96, 117, 115, 78, 88, 0]"""
j20,2,proactive_quantile_0.9,60,False,inf,0.18930315971374512,inf,"[0, 0, 33, 0, 9, 12, 9, 25, 25, 27, 12, 62, 54, 43, 35, 43, 51, 62, 76, 65, 51, 0, 0, 0, 0, 0, 0, 0, 0, 0, 0, 0, 116]","""[0, 8, 3, 3, 2, 13, 4, 1, 3, 7, 9, 3, 3, 1, 1, 2, 12, 3, 7, 4, 2, 69, 70, 50, 30, 62, 59, 96, 117, 115, 78, 88, 0]"""
j20,2,reactive,60,False,inf,inf,inf,null,"[0, 8, 3, 3, 2, 13, 4, 1, 3, 7, 9, 3, 3, 1, 1, 2, 12, 3, 7, 4, 2, 69, 70, 50, 30, 62, 59, 96, 117, 115, 78, 88, 0]"
j20,2,stnu,60,True,64,0.8139653205871582,0.04357767105102539,"[0, 0, 26, 0, 8, 12, 8, 25, 25, 28, 12, 50, 40, 36, 35, 36, 38, 50, 57, 53, 38, 0, 0, 0, 0, 0, 0, 0, 0, 0, 0, 0, 64]","""[0, 8, 3, 3, 2, 13, 4, 1, 3, 7, 9, 3, 3, 1, 1, 2, 12, 3, 7, 4, 2, 69, 70, 50, 30, 62, 59, 96, 117, 115, 78, 88, 0]"""
j20,2,proactive_quantile_0.9,60,True,27,0.06984972953796387,0.0006432533264160156,"[0, 0, 0, 0, 2, 2, 3, 2, 7, 5, 7, 10, 7, 9, 9, 12, 19, 17, 19, 21, 12, 0, 0, 117]","""[0, 4, 1, 1, 4, 6, 2, 6, 3, 2, 6, 1, 3, 1, 1, 5, 2, 3, 5, 4, 1, 118, 116, 0]"""
j20,2,reactive,60,False,inf,inf,inf,null,"[0, 4, 1, 1, 4, 6, 2, 6, 3, 2, 6, 1, 3, 1, 1, 5, 2, 3, 5, 4, 1, 118, 116, 0]"
j20,2,stnu,60,True,25,0.8086142539978027,0.01865839958190918,"[0, 0, 0, 0, 1, 1, 4, 1, 8, 6, 7, 11, 8, 11, 11, 13, 18, 18, 18, 21, 13, 0, 0, 25]","""[0, 4, 1, 1, 4, 6, 2, 6, 3, 2, 6, 1, 3, 1, 1, 5, 2, 3, 5, 4, 1, 118, 116, 0]"""
j20,2,proactive_quantile_0.9,60,True,27,0.07051968574523926,0.0006666183471679688,"[0, 0, 0, 0, 2, 2, 3, 2, 7, 5, 7, 10, 7, 9, 9, 12, 19, 17, 19, 21, 12, 0, 0, 117]","""[0, 4, 1, 2, 3, 4, 1, 5, 4, 1, 2, 9, 1, 1, 12, 2, 2, 4, 8, 4, 5, 118, 116, 0]"""
j20,2,reactive,60,False,inf,inf,inf,null,"[0, 4, 1, 2, 3, 4, 1, 5, 4, 1, 2, 9, 1, 1, 12, 2, 2, 4, 8, 4, 5, 118, 116, 0]"
j20,2,stnu,60,True,27,0.7417678833007812,0.018579483032226562,"[0, 0, 0, 0, 2, 2, 4, 2, 6, 5, 6, 10, 6, 7, 7, 10, 19, 12, 19, 21, 10, 0, 0, 27]","""[0, 4, 1, 2, 3, 4, 1, 5, 4, 1, 2, 9, 1, 1, 12, 2, 2, 4, 8, 4, 5, 118, 116, 0]"""
j20,2,proactive_quantile_0.9,60,True,27,0.1678464412689209,0.0006511211395263672,"[0, 0, 0, 0, 2, 2, 3, 2, 7, 5, 7, 10, 7, 9, 9, 12, 19, 17, 19, 21, 12, 0, 0, 117]","""[0, 3, 2, 2, 3, 4, 2, 5, 3, 3, 3, 4, 2, 1, 12, 4, 2, 3, 2, 1, 5, 118, 116, 0]"""
j20,2,reactive,60,False,inf,inf,inf,null,"[0, 3, 2, 2, 3, 4, 2, 5, 3, 3, 3, 4, 2, 1, 12, 4, 2, 3, 2, 1, 5, 118, 116, 0]"
j20,2,stnu,60,True,25,0.6385385990142822,0.01869034767150879,"[0, 0, 0, 0, 2, 2, 3, 2, 8, 5, 6, 11, 8, 10, 10, 11, 22, 15, 22, 24, 11, 0, 0, 25]","""[0, 3, 2, 2, 3, 4, 2, 5, 3, 3, 3, 4, 2, 1, 12, 4, 2, 3, 2, 1, 5, 118, 116, 0]"""
j20,2,proactive_quantile_0.9,60,True,27,0.160858154296875,0.0006425380706787109,"[0, 0, 0, 0, 2, 2, 3, 2, 7, 5, 7, 10, 7, 9, 9, 12, 19, 17, 19, 21, 12, 0, 0, 117]","""[0, 3, 3, 2, 6, 4, 2, 6, 2, 2, 5, 7, 2, 1, 7, 6, 1, 2, 1, 1, 2, 118, 116, 0]"""
j20,2,reactive,60,False,inf,inf,inf,null,"[0, 3, 3, 2, 6, 4, 2, 6, 2, 2, 5, 7, 2, 1, 7, 6, 1, 2, 1, 1, 2, 118, 116, 0]"
j20,2,stnu,60,True,46,0.6519038677215576,0.019066333770751953,"[0, 0, 0, 0, 3, 3, 4, 3, 10, 10, 8, 19, 19, 25, 25, 29, 38, 38, 38, 43, 25, 0, 0, 46]","""[0, 4, 3, 10, 5, 4, 4, 5, 1, 9, 1, 9, 6, 4, 7, 9, 5, 1, 3, 3, 7, 118, 116, 0]"""
j20,2,proactive_quantile_0.9,60,True,27,0.18285441398620605,0.0006453990936279297,"[0, 0, 0, 0, 2, 2, 3, 2, 7, 5, 7, 10, 7, 9, 9, 12, 19, 17, 19, 21, 12, 0, 0, 117]","""[0, 1, 2, 2, 5, 1, 3, 6, 3, 1, 3, 9, 1, 1, 7, 4, 2, 4, 1, 1, 2, 118, 116, 0]"""
j20,2,reactive,60,True,22,0.18285441398620605,0.2471923828125,"[0, 0, 0, 0, 2, 2, 3, 2, 7, 5, 7, 10, 7, 9, 9, 12, 19, 17, 19, 21, 12, 0, 0, 22]","[0, 1, 2, 2, 5, 1, 3, 6, 3, 1, 3, 9, 1, 1, 7, 4, 2, 4, 1, 1, 2, 118, 116, 0]"
j20,2,stnu,60,True,20,0.678443193435669,0.018796205520629883,"[0, 0, 0, 0, 2, 2, 1, 2, 7, 4, 7, 10, 7, 8, 8, 10, 15, 14, 19, 18, 10, 0, 0, 20]","""[0, 1, 2, 2, 5, 1, 3, 6, 3, 1, 3, 9, 1, 1, 7, 4, 2, 4, 1, 1, 2, 118, 116, 0]"""
j20,2,proactive_quantile_0.9,60,True,48,0.06496787071228027,0.0006613731384277344,"[0, 0, 0, 0, 3, 3, 5, 3, 13, 9, 16, 25, 17, 22, 22, 27, 35, 35, 35, 40, 25, 0, 0, 117]","""[0, 3, 2, 9, 4, 8, 6, 6, 1, 3, 3, 1, 5, 4, 1, 6, 1, 2, 10, 4, 1, 118, 116, 0]"""
j20,2,reactive,60,True,45,0.06496787071228027,0.43788862228393555,"[0, 0, 0, 0, 3, 3, 5, 3, 13, 9, 16, 25, 17, 22, 22, 27, 35, 35, 35, 40, 25, 0, 0, 45]","[0, 3, 2, 9, 4, 8, 6, 6, 1, 3, 3, 1, 5, 4, 1, 6, 1, 2, 10, 4, 1, 118, 116, 0]"
j20,2,stnu,60,True,22,0.6517462730407715,0.018581151962280273,"[0, 0, 0, 0, 2, 2, 2, 2, 7, 3, 7, 9, 7, 9, 9, 10, 18, 14, 18, 21, 10, 0, 0, 22]","""[0, 2, 2, 1, 5, 3, 1, 3, 2, 1, 3, 9, 2, 1, 1, 4, 3, 3, 1, 1, 8, 118, 116, 0]"""
j20,2,proactive_quantile_0.9,60,True,27,0.09125733375549316,0.0006592273712158203,"[0, 0, 0, 0, 2, 2, 3, 2, 7, 5, 7, 10, 7, 9, 9, 12, 19, 17, 19, 21, 12, 0, 0, 117]","""[0, 3, 2, 1, 6, 3, 2, 5, 1, 3, 3, 2, 3, 1, 8, 5, 1, 3, 6, 3, 6, 118, 116, 0]"""
j20,2,reactive,60,False,inf,inf,inf,null,"[0, 3, 2, 1, 6, 3, 2, 5, 1, 3, 3, 2, 3, 1, 8, 5, 1, 3, 6, 3, 6, 118, 116, 0]"
j20,2,stnu,60,True,25,0.8544490337371826,0.018808603286743164,"[0, 0, 0, 0, 2, 2, 3, 2, 8, 5, 8, 9, 8, 11, 11, 12, 19, 17, 19, 20, 12, 0, 0, 25]","""[0, 3, 2, 1, 6, 3, 2, 5, 1, 3, 3, 2, 3, 1, 8, 5, 1, 3, 6, 3, 6, 118, 116, 0]"""
j20,2,proactive_quantile_0.9,60,True,27,0.0868370532989502,0.0006482601165771484,"[0, 0, 0, 0, 2, 2, 3, 2, 7, 5, 7, 10, 7, 9, 9, 12, 19, 17, 19, 21, 12, 0, 0, 117]","""[0, 2, 3, 3, 2, 3, 2, 3, 3, 1, 5, 9, 3, 3, 12, 1, 2, 3, 3, 2, 7, 118, 116, 0]"""
j20,2,reactive,60,False,inf,inf,inf,null,"[0, 2, 3, 3, 2, 3, 2, 3, 3, 1, 5, 9, 3, 3, 12, 1, 2, 3, 3, 2, 7, 118, 116, 0]"
j20,2,stnu,60,True,25,0.6782426834106445,0.018904447555541992,"[0, 0, 0, 0, 3, 3, 2, 3, 6, 4, 6, 9, 6, 9, 9, 12, 21, 13, 21, 23, 12, 0, 0, 25]","""[0, 2, 3, 3, 2, 3, 2, 3, 3, 1, 5, 9, 3, 3, 12, 1, 2, 3, 3, 2, 7, 118, 116, 0]"""
j20,2,proactive_quantile_0.9,60,True,27,0.08900618553161621,0.0006322860717773438,"[0, 0, 0, 0, 2, 2, 3, 2, 7, 5, 7, 10, 7, 9, 9, 12, 19, 17, 19, 21, 12, 0, 0, 117]","""[0, 3, 1, 2, 1, 5, 1, 1, 2, 1, 6, 1, 2, 2, 1, 2, 3, 3, 4, 4, 3, 118, 116, 0]"""
j20,2,reactive,60,False,inf,inf,inf,null,"[0, 3, 1, 2, 1, 5, 1, 1, 2, 1, 6, 1, 2, 2, 1, 2, 3, 3, 4, 4, 3, 118, 116, 0]"
j20,2,stnu,60,True,37,0.6736524105072021,0.019273996353149414,"[0, 0, 0, 0, 2, 2, 3, 2, 12, 3, 11, 18, 12, 13, 13, 18, 26, 26, 26, 31, 18, 0, 0, 37]","""[0, 3, 2, 2, 6, 9, 9, 7, 1, 7, 7, 8, 1, 4, 1, 8, 5, 3, 1, 6, 3, 118, 116, 0]"""
j20,2,proactive_quantile_0.9,60,True,27,0.0697479248046875,0.0006957054138183594,"[0, 0, 0, 0, 2, 2, 3, 2, 7, 5, 7, 10, 7, 9, 9, 12, 19, 17, 19, 21, 12, 0, 0, 117]","""[0, 1, 1, 1, 4, 6, 2, 3, 4, 2, 6, 1, 1, 2, 3, 1, 1, 4, 6, 1, 8, 118, 116, 0]"""
j20,2,reactive,60,False,inf,inf,inf,null,"[0, 1, 1, 1, 4, 6, 2, 3, 4, 2, 6, 1, 1, 2, 3, 1, 1, 4, 6, 1, 8, 118, 116, 0]"
j20,2,stnu,60,True,27,0.6569423675537109,0.018762826919555664,"[0, 0, 0, 0, 1, 1, 1, 1, 7, 3, 7, 11, 7, 8, 8, 13, 21, 14, 21, 22, 13, 0, 0, 27]","""[0, 1, 1, 1, 4, 6, 2, 3, 4, 2, 6, 1, 1, 2, 3, 1, 1, 4, 6, 1, 8, 118, 116, 0]"""
j20,2,stnu,60,False,inf,0.7145514488220215,inf,[],"""[0, 9, 10, 5, 4, 2, 5, 11, 1, 2, 10, 8, 5, 12, 3, 15, 11, 1, 1, 13, 6, 85, 148, 8, 39, 22, 111, 84, 50, 72, 68, 0]"""
j20,2,stnu,60,False,inf,0.7301008701324463,inf,[],"""[0, 2, 2, 4, 4, 6, 4, 6, 2, 1, 5, 7, 6, 3, 3, 9, 10, 5, 3, 7, 5, 85, 148, 8, 39, 22, 111, 84, 50, 72, 68, 0]"""
j20,2,stnu,60,False,inf,0.6575372219085693,inf,[],"""[0, 3, 5, 4, 3, 5, 5, 9, 1, 3, 10, 7, 4, 9, 3, 2, 8, 7, 4, 3, 2, 85, 148, 8, 39, 22, 111, 84, 50, 72, 68, 0]"""
j20,2,stnu,60,False,inf,0.7193560600280762,inf,[],"""[0, 7, 3, 2, 4, 4, 10, 1, 3, 3, 2, 10, 9, 5, 2, 11, 3, 2, 2, 12, 13, 85, 148, 8, 39, 22, 111, 84, 50, 72, 68, 0]"""
j20,2,stnu,60,False,inf,0.7736954689025879,inf,[],"""[0, 8, 10, 2, 1, 1, 1, 2, 2, 3, 6, 10, 3, 4, 2, 4, 3, 2, 3, 8, 7, 85, 148, 8, 39, 22, 111, 84, 50, 72, 68, 0]"""
j20,2,stnu,60,False,inf,0.784020185470581,inf,[],"""[0, 7, 7, 3, 4, 1, 4, 5, 3, 3, 8, 8, 1, 4, 2, 1, 7, 7, 2, 1, 5, 85, 148, 8, 39, 22, 111, 84, 50, 72, 68, 0]"""
j20,2,stnu,60,False,inf,0.7161717414855957,inf,[],"""[0, 8, 7, 4, 4, 3, 8, 8, 2, 1, 6, 6, 9, 9, 4, 5, 12, 5, 1, 11, 8, 85, 148, 8, 39, 22, 111, 84, 50, 72, 68, 0]"""
j20,2,stnu,60,False,inf,0.6330387592315674,inf,[],"""[0, 2, 3, 3, 2, 5, 1, 1, 3, 2, 3, 12, 4, 15, 3, 6, 7, 1, 5, 8, 5, 85, 148, 8, 39, 22, 111, 84, 50, 72, 68, 0]"""
j20,2,stnu,60,False,inf,0.6984026432037354,inf,[],"""[0, 5, 1, 2, 3, 2, 2, 4, 2, 6, 2, 5, 6, 7, 9, 3, 6, 4, 4, 12, 6, 85, 148, 8, 39, 22, 111, 84, 50, 72, 68, 0]"""
j20,2,stnu,60,False,inf,0.6915507316589355,inf,[],"""[0, 8, 7, 5, 3, 5, 2, 8, 2, 3, 11, 7, 9, 7, 2, 9, 10, 5, 3, 8, 7, 85, 148, 8, 39, 22, 111, 84, 50, 72, 68, 0]"""
j20,2,proactive_quantile_0.9,60,False,inf,0.0661008358001709,inf,"[0, 0, 0, 0, 14, 14, 13, 18, 27, 7, 16, 31, 27, 27, 38, 21, 36, 41, 51, 41, 18, 0, 0, 0, 0, 0, 0, 0, 138]","""[0, 7, 10, 7, 6, 5, 5, 4, 6, 2, 7, 12, 6, 12, 13, 11, 1, 2, 3, 3, 8, 139, 31, 102, 45, 77, 124, 51, 0]"""
j20,2,reactive,60,False,inf,inf,inf,null,"[0, 7, 10, 7, 6, 5, 5, 4, 6, 2, 7, 12, 6, 12, 13, 11, 1, 2, 3, 3, 8, 139, 31, 102, 45, 77, 124, 51, 0]"
j20,2,stnu,60,True,45,0.777529239654541,0.029555559158325195,"[0, 0, 0, 0, 10, 10, 10, 15, 19, 7, 10, 27, 23, 23, 27, 16, 29, 39, 42, 39, 15, 0, 0, 0, 0, 0, 0, 0, 45]","""[0, 7, 10, 7, 6, 5, 5, 4, 6, 2, 7, 12, 6, 12, 13, 11, 1, 2, 3, 3, 8, 139, 31, 102, 45, 77, 124, 51, 0]"""
j20,2,proactive_quantile_0.9,60,True,61,0.09420132637023926,0.001306772232055664,"[0, 0, 0, 0, 14, 14, 13, 18, 27, 7, 16, 31, 27, 27, 38, 21, 36, 41, 51, 41, 18, 0, 0, 0, 0, 0, 0, 0, 138]","""[0, 5, 8, 4, 5, 5, 3, 4, 3, 5, 10, 4, 4, 10, 10, 8, 3, 1, 2, 6, 3, 139, 31, 102, 45, 77, 124, 51, 0]"""
j20,2,reactive,60,True,53,0.09420132637023926,0.39040541648864746,"[0, 0, 0, 0, 14, 14, 13, 18, 27, 7, 16, 31, 27, 27, 38, 21, 36, 41, 51, 41, 18, 0, 0, 0, 0, 0, 0, 0, 53]","[0, 5, 8, 4, 5, 5, 3, 4, 3, 5, 10, 4, 4, 10, 10, 8, 3, 1, 2, 6, 3, 139, 31, 102, 45, 77, 124, 51, 0]"
j20,2,stnu,60,True,38,0.7197020053863525,0.02945232391357422,"[0, 0, 0, 0, 8, 8, 8, 11, 20, 5, 10, 21, 20, 20, 23, 13, 24, 30, 36, 30, 11, 0, 0, 0, 0, 0, 0, 0, 38]","""[0, 5, 8, 4, 5, 5, 3, 4, 3, 5, 10, 4, 4, 10, 10, 8, 3, 1, 2, 6, 3, 139, 31, 102, 45, 77, 124, 51, 0]"""
j20,2,proactive_quantile_0.9,60,False,inf,0.08129715919494629,inf,"[0, 0, 0, 0, 14, 14, 13, 18, 27, 7, 16, 31, 27, 27, 38, 21, 36, 41, 51, 41, 18, 0, 0, 0, 0, 0, 0, 0, 138]","""[0, 2, 4, 4, 3, 1, 3, 3, 8, 7, 13, 3, 6, 2, 10, 10, 3, 2, 2, 1, 1, 139, 31, 102, 45, 77, 124, 51, 0]"""
j20,2,reactive,60,False,inf,inf,inf,null,"[0, 2, 4, 4, 3, 1, 3, 3, 8, 7, 13, 3, 6, 2, 10, 10, 3, 2, 2, 1, 1, 139, 31, 102, 45, 77, 124, 51, 0]"
j20,2,stnu,60,True,42,0.6449792385101318,0.02898383140563965,"[0, 0, 0, 0, 4, 4, 4, 7, 22, 2, 9, 22, 22, 17, 30, 7, 28, 31, 40, 31, 9, 0, 0, 0, 0, 0, 0, 0, 42]","""[0, 2, 4, 4, 3, 1, 3, 3, 8, 7, 13, 3, 6, 2, 10, 10, 3, 2, 2, 1, 1, 139, 31, 102, 45, 77, 124, 51, 0]"""
j20,2,proactive_quantile_0.9,60,True,61,0.07358670234680176,0.0013458728790283203,"[0, 0, 0, 0, 14, 14, 13, 18, 27, 7, 16, 31, 27, 27, 38, 21, 36, 41, 51, 41, 18, 0, 0, 0, 0, 0, 0, 0, 138]","""[0, 4, 13, 10, 2, 5, 5, 8, 4, 10, 4, 7, 9, 6, 10, 2, 3, 1, 6, 3, 4, 139, 31, 102, 45, 77, 124, 51, 0]"""
j20,2,reactive,60,False,inf,inf,inf,null,"[0, 4, 13, 10, 2, 5, 5, 8, 4, 10, 4, 7, 9, 6, 10, 2, 3, 1, 6, 3, 4, 139, 31, 102, 45, 77, 124, 51, 0]"
j20,2,stnu,60,True,47,0.6611638069152832,0.02964186668395996,"[0, 0, 0, 0, 13, 13, 13, 18, 26, 4, 14, 22, 26, 26, 30, 18, 35, 38, 41, 38, 18, 0, 0, 0, 0, 0, 0, 0, 47]","""[0, 4, 13, 10, 2, 5, 5, 8, 4, 10, 4, 7, 9, 6, 10, 2, 3, 1, 6, 3, 4, 139, 31, 102, 45, 77, 124, 51, 0]"""
j20,2,proactive_quantile_0.9,60,True,61,0.06800556182861328,0.0012669563293457031,"[0, 0, 0, 0, 14, 14, 13, 18, 27, 7, 16, 31, 27, 27, 38, 21, 36, 41, 51, 41, 18, 0, 0, 0, 0, 0, 0, 0, 138]","""[0, 7, 6, 9, 7, 3, 1, 1, 4, 8, 2, 8, 3, 12, 12, 11, 1, 3, 11, 5, 1, 139, 31, 102, 45, 77, 124, 51, 0]"""
j20,2,reactive,60,True,62,0.06800556182861328,0.4011096954345703,"[0, 0, 0, 0, 14, 14, 13, 18, 27, 7, 16, 31, 27, 27, 38, 21, 36, 41, 51, 41, 18, 0, 0, 0, 0, 0, 0, 0, 62]","[0, 7, 6, 9, 7, 3, 1, 1, 4, 8, 2, 8, 3, 12, 12, 11, 1, 3, 11, 5, 1, 139, 31, 102, 45, 77, 124, 51, 0]"
j20,2,stnu,60,True,51,0.7298872470855713,0.029447317123413086,"[0, 0, 0, 0, 9, 9, 7, 8, 17, 7, 15, 27, 17, 17, 27, 16, 27, 35, 40, 35, 15, 0, 0, 0, 0, 0, 0, 0, 51]","""[0, 7, 6, 9, 7, 3, 1, 1, 4, 8, 2, 8, 3, 12, 12, 11, 1, 3, 11, 5, 1, 139, 31, 102, 45, 77, 124, 51, 0]"""
j20,2,proactive_quantile_0.9,60,False,inf,0.0762026309967041,inf,"[0, 0, 0, 0, 14, 14, 13, 18, 27, 7, 16, 31, 27, 27, 38, 21, 36, 41, 51, 41, 18, 0, 0, 0, 0, 0, 0, 0, 138]","""[0, 2, 7, 9, 5, 3, 6, 8, 12, 5, 5, 4, 9, 12, 14, 11, 2, 6, 9, 5, 2, 139, 31, 102, 45, 77, 124, 51, 0]"""
j20,2,reactive,60,False,inf,inf,inf,null,"[0, 2, 7, 9, 5, 3, 6, 8, 12, 5, 5, 4, 9, 12, 14, 11, 2, 6, 9, 5, 2, 139, 31, 102, 45, 77, 124, 51, 0]"
j20,2,stnu,60,True,56,0.7021713256835938,0.029418230056762695,"[0, 0, 0, 0, 9, 9, 7, 13, 21, 2, 9, 25, 21, 21, 33, 14, 30, 33, 47, 33, 13, 0, 0, 0, 0, 0, 0, 0, 56]","""[0, 2, 7, 9, 5, 3, 6, 8, 12, 5, 5, 4, 9, 12, 14, 11, 2, 6, 9, 5, 2, 139, 31, 102, 45, 77, 124, 51, 0]"""
j20,2,proactive_quantile_0.9,60,True,44,0.11534452438354492,0.00131988525390625,"[0, 0, 0, 0, 14, 14, 8, 13, 15, 7, 10, 21, 15, 19, 29, 25, 23, 29, 35, 29, 13, 0, 0, 0, 0, 0, 0, 0, 138]","""[0, 4, 6, 9, 4, 6, 6, 3, 5, 2, 2, 7, 9, 12, 1, 10, 1, 2, 8, 4, 1, 139, 31, 102, 45, 77, 124, 51, 0]"""
j20,2,reactive,60,False,inf,inf,inf,null,"[0, 4, 6, 9, 4, 6, 6, 3, 5, 2, 2, 7, 9, 12, 1, 10, 1, 2, 8, 4, 1, 139, 31, 102, 45, 77, 124, 51, 0]"
j20,2,stnu,60,True,56,0.7501370906829834,0.029230356216430664,"[0, 0, 0, 0, 14, 14, 6, 14, 18, 2, 6, 24, 8, 24, 25, 18, 18, 36, 45, 36, 14, 0, 0, 0, 0, 0, 0, 0, 56]","""[0, 2, 6, 14, 4, 10, 8, 3, 7, 2, 2, 1, 10, 12, 3, 1, 1, 9, 11, 5, 1, 139, 31, 102, 45, 77, 124, 51, 0]"""
j20,2,proactive_quantile_0.9,60,False,inf,0.13308334350585938,inf,"[0, 0, 0, 0, 14, 14, 8, 13, 15, 7, 10, 21, 15, 19, 29, 25, 23, 29, 35, 29, 13, 0, 0, 0, 0, 0, 0, 0, 138]","""[0, 4, 1, 7, 8, 3, 3, 3, 6, 1, 5, 3, 9, 1, 1, 5, 3, 2, 4, 2, 8, 139, 31, 102, 45, 77, 124, 51, 0]"""
j20,2,reactive,60,False,inf,inf,inf,null,"[0, 4, 1, 7, 8, 3, 3, 3, 6, 1, 5, 3, 9, 1, 1, 5, 3, 2, 4, 2, 8, 139, 31, 102, 45, 77, 124, 51, 0]"
j20,2,stnu,60,True,48,0.7041339874267578,0.02976822853088379,"[0, 0, 0, 0, 7, 7, 6, 9, 22, 4, 9, 22, 22, 22, 35, 15, 32, 35, 47, 35, 9, 0, 0, 0, 0, 0, 0, 0, 48]","""[0, 4, 6, 7, 8, 3, 3, 2, 13, 5, 13, 6, 10, 1, 12, 5, 1, 2, 1, 4, 8, 139, 31, 102, 45, 77, 124, 51, 0]"""
j20,2,proactive_quantile_0.9,60,True,61,0.07609033584594727,0.0012791156768798828,"[0, 0, 0, 0, 14, 14, 13, 18, 27, 7, 16, 31, 27, 27, 38, 21, 36, 41, 51, 41, 18, 0, 0, 0, 0, 0, 0, 0, 138]","""[0, 5, 7, 14, 1, 5, 1, 8, 3, 2, 7, 3, 2, 1, 8, 3, 1, 4, 10, 2, 8, 139, 31, 102, 45, 77, 124, 51, 0]"""
j20,2,reactive,60,True,61,0.07609033584594727,0.3708364963531494,"[0, 0, 0, 0, 14, 14, 13, 18, 27, 7, 16, 31, 27, 27, 38, 21, 36, 41, 51, 41, 18, 0, 0, 0, 0, 0, 0, 0, 61]","[0, 5, 7, 14, 1, 5, 1, 8, 3, 2, 7, 3, 2, 1, 8, 3, 1, 4, 10, 2, 8, 139, 31, 102, 45, 77, 124, 51, 0]"
j20,2,stnu,60,True,42,0.787987232208252,0.02933788299560547,"[0, 0, 0, 0, 14, 14, 7, 8, 21, 5, 14, 22, 21, 21, 24, 19, 23, 25, 32, 25, 8, 0, 0, 0, 0, 0, 0, 0, 42]","""[0, 5, 7, 14, 1, 5, 1, 8, 3, 2, 7, 3, 2, 1, 8, 3, 1, 4, 10, 2, 8, 139, 31, 102, 45, 77, 124, 51, 0]"""
j20,2,proactive_quantile_0.9,60,True,44,0.15701699256896973,0.0013213157653808594,"[0, 0, 0, 0, 14, 14, 8, 13, 15, 7, 10, 21, 15, 19, 29, 25, 23, 29, 35, 29, 13, 0, 0, 0, 0, 0, 0, 0, 138]","""[0, 4, 9, 12, 8, 1, 3, 3, 3, 1, 1, 7, 7, 6, 2, 12, 3, 6, 8, 3, 8, 139, 31, 102, 45, 77, 124, 51, 0]"""
j20,2,reactive,60,False,inf,inf,inf,null,"[0, 4, 9, 12, 8, 1, 3, 3, 3, 1, 1, 7, 7, 6, 2, 12, 3, 6, 8, 3, 8, 139, 31, 102, 45, 77, 124, 51, 0]"
j20,2,stnu,60,True,45,0.8717422485351562,0.0294039249420166,"[0, 0, 0, 0, 12, 12, 9, 12, 15, 4, 9, 20, 15, 15, 25, 25, 22, 27, 37, 27, 12, 0, 0, 0, 0, 0, 0, 0, 45]","""[0, 4, 9, 12, 8, 1, 3, 3, 3, 1, 1, 7, 7, 6, 2, 12, 3, 6, 8, 3, 8, 139, 31, 102, 45, 77, 124, 51, 0]"""
j20,2,proactive_quantile_0.9,60,False,inf,0.07860183715820312,inf,"[0, 9, 0, 0, 10, 21, 23, 33, 10, 42, 42, 33, 51, 23, 26, 21, 59, 51, 61, 61, 72, 0, 0, 0, 130]","""[0, 11, 9, 9, 9, 1, 2, 5, 2, 6, 6, 5, 6, 1, 3, 7, 1, 12, 5, 7, 8, 131, 19, 75, 0]"""
j20,2,reactive,60,False,inf,inf,inf,null,"[0, 11, 9, 9, 9, 1, 2, 5, 2, 6, 6, 5, 6, 1, 3, 7, 1, 12, 5, 7, 8, 131, 19, 75, 0]"
j20,2,stnu,60,True,63,0.708791971206665,0.025213003158569336,"[0, 9, 0, 0, 9, 18, 20, 24, 9, 30, 30, 25, 36, 20, 21, 18, 42, 36, 48, 48, 55, 0, 0, 0, 63]","""[0, 11, 9, 9, 9, 1, 2, 5, 2, 6, 6, 5, 6, 1, 3, 7, 1, 12, 5, 7, 8, 131, 19, 75, 0]"""
j20,2,proactive_quantile_0.9,60,True,82,0.08111429214477539,0.0007126331329345703,"[0, 9, 0, 0, 10, 21, 23, 33, 10, 42, 42, 33, 51, 23, 26, 21, 59, 51, 61, 61, 72, 0, 0, 0, 130]","""[0, 9, 6, 10, 7, 2, 7, 7, 6, 2, 4, 3, 8, 4, 2, 4, 7, 1, 9, 2, 6, 131, 19, 75, 0]"""
j20,2,reactive,60,False,inf,inf,inf,null,"[0, 9, 6, 10, 7, 2, 7, 7, 6, 2, 4, 3, 8, 4, 2, 4, 7, 1, 9, 2, 6, 131, 19, 75, 0]"
j20,2,stnu,60,True,58,0.8867402076721191,0.025110483169555664,"[0, 6, 0, 0, 10, 17, 19, 26, 10, 33, 33, 26, 35, 19, 23, 17, 43, 35, 43, 43, 52, 0, 0, 0, 58]","""[0, 9, 6, 10, 7, 2, 7, 7, 6, 2, 4, 3, 8, 4, 2, 4, 7, 1, 9, 2, 6, 131, 19, 75, 0]"""
j20,2,proactive_quantile_0.9,60,True,82,0.10684585571289062,0.0007295608520507812,"[0, 9, 0, 0, 10, 21, 23, 33, 10, 42, 42, 33, 51, 23, 26, 21, 59, 51, 61, 61, 72, 0, 0, 0, 130]","""[0, 12, 9, 1, 10, 1, 12, 4, 4, 6, 9, 5, 6, 2, 2, 4, 6, 3, 5, 2, 12, 131, 19, 75, 0]"""
j20,2,reactive,60,False,inf,inf,inf,null,"[0, 12, 9, 1, 10, 1, 12, 4, 4, 6, 9, 5, 6, 2, 2, 4, 6, 3, 5, 2, 12, 131, 19, 75, 0]"
j20,2,stnu,60,True,68,0.7838559150695801,0.02511119842529297,"[0, 9, 0, 0, 9, 19, 21, 33, 9, 38, 38, 33, 44, 21, 23, 19, 50, 44, 50, 50, 56, 0, 0, 0, 68]","""[0, 12, 9, 1, 10, 1, 12, 4, 4, 6, 9, 5, 6, 2, 2, 4, 6, 3, 5, 2, 12, 131, 19, 75, 0]"""
j20,2,proactive_quantile_0.9,60,False,inf,0.16291260719299316,inf,"[0, 9, 0, 0, 10, 21, 23, 33, 10, 42, 42, 33, 51, 23, 26, 21, 59, 51, 61, 61, 72, 0, 0, 0, 130]","""[0, 7, 5, 4, 4, 3, 11, 3, 1, 10, 5, 5, 1, 4, 5, 5, 1, 7, 5, 3, 3, 131, 19, 75, 0]"""
j20,2,reactive,60,False,inf,inf,inf,null,"[0, 7, 5, 4, 4, 3, 11, 3, 1, 10, 5, 5, 1, 4, 5, 5, 1, 7, 5, 3, 3, 131, 19, 75, 0]"
j20,2,stnu,60,True,53,0.8255918025970459,0.025259017944335938,"[0, 5, 0, 0, 5, 9, 12, 23, 5, 28, 28, 23, 38, 12, 16, 9, 39, 38, 45, 45, 50, 0, 0, 0, 53]","""[0, 7, 5, 4, 4, 3, 11, 3, 1, 10, 5, 5, 1, 4, 5, 5, 1, 7, 5, 3, 3, 131, 19, 75, 0]"""
j20,2,proactive_quantile_0.9,60,False,inf,0.07077717781066895,inf,"[0, 9, 0, 0, 10, 21, 23, 33, 10, 42, 42, 33, 51, 23, 26, 21, 59, 51, 61, 61, 72, 0, 0, 0, 130]","""[0, 6, 8, 11, 12, 3, 8, 6, 1, 9, 5, 5, 5, 2, 8, 4, 8, 4, 5, 2, 12, 131, 19, 75, 0]"""
j20,2,reactive,60,False,inf,inf,inf,null,"[0, 6, 8, 11, 12, 3, 8, 6, 1, 9, 5, 5, 5, 2, 8, 4, 8, 4, 5, 2, 12, 131, 19, 75, 0]"
j20,2,stnu,60,True,76,0.7079694271087646,0.025155067443847656,"[0, 8, 0, 0, 11, 23, 26, 36, 11, 42, 42, 36, 51, 26, 28, 23, 56, 51, 56, 56, 64, 0, 0, 0, 76]","""[0, 6, 8, 11, 12, 3, 8, 6, 1, 9, 5, 5, 5, 2, 8, 4, 8, 4, 5, 2, 12, 131, 19, 75, 0]"""
j20,2,proactive_quantile_0.9,60,False,inf,0.14263629913330078,inf,"[0, 9, 0, 0, 10, 21, 23, 33, 10, 42, 42, 33, 51, 23, 26, 21, 59, 51, 61, 61, 72, 0, 0, 0, 130]","""[0, 13, 9, 6, 13, 3, 11, 8, 1, 3, 8, 10, 5, 1, 8, 3, 5, 4, 9, 7, 11, 131, 19, 75, 0]"""
j20,2,reactive,60,False,inf,inf,inf,null,"[0, 13, 9, 6, 13, 3, 11, 8, 1, 3, 8, 10, 5, 1, 8, 3, 5, 4, 9, 7, 11, 131, 19, 75, 0]"
j20,2,stnu,60,True,74,0.9034678936004639,0.02508091926574707,"[0, 9, 0, 0, 9, 22, 25, 36, 9, 46, 46, 36, 49, 25, 26, 22, 54, 49, 54, 54, 63, 0, 0, 0, 74]","""[0, 13, 9, 6, 13, 3, 11, 8, 1, 3, 8, 10, 5, 1, 8, 3, 5, 4, 9, 7, 11, 131, 19, 75, 0]"""
j20,2,proactive_quantile_0.9,60,True,82,0.05917239189147949,0.0007021427154541016,"[0, 9, 0, 0, 10, 21, 23, 33, 10, 42, 42, 33, 51, 23, 26, 21, 59, 51, 61, 61, 72, 0, 0, 0, 130]","""[0, 8, 2, 7, 4, 2, 5, 2, 2, 6, 6, 8, 9, 2, 8, 2, 8, 4, 7, 11, 5, 131, 19, 75, 0]"""
j20,2,reactive,60,False,inf,inf,inf,null,"[0, 8, 2, 7, 4, 2, 5, 2, 2, 6, 6, 8, 9, 2, 8, 2, 8, 4, 7, 11, 5, 131, 19, 75, 0]"
j20,2,stnu,60,True,62,0.7824301719665527,0.02527308464050293,"[0, 2, 0, 0, 7, 11, 13, 23, 7, 31, 31, 23, 37, 13, 15, 11, 46, 37, 46, 46, 57, 0, 0, 0, 62]","""[0, 8, 2, 7, 4, 2, 5, 2, 2, 6, 6, 8, 9, 2, 8, 2, 8, 4, 7, 11, 5, 131, 19, 75, 0]"""
j20,2,proactive_quantile_0.9,60,False,inf,0.08177614212036133,inf,"[0, 9, 0, 0, 10, 21, 23, 33, 10, 42, 42, 33, 51, 23, 26, 21, 59, 51, 61, 61, 72, 0, 0, 0, 130]","""[0, 16, 4, 2, 5, 3, 8, 6, 2, 5, 6, 5, 9, 4, 3, 3, 3, 6, 5, 4, 8, 131, 19, 75, 0]"""
j20,2,reactive,60,False,inf,inf,inf,null,"[0, 16, 4, 2, 5, 3, 8, 6, 2, 5, 6, 5, 9, 4, 3, 3, 3, 6, 5, 4, 8, 131, 19, 75, 0]"
j20,2,stnu,60,True,61,0.8031997680664062,0.0253448486328125,"[0, 4, 0, 0, 4, 9, 20, 28, 4, 34, 34, 28, 39, 20, 24, 9, 48, 39, 48, 48, 53, 0, 0, 0, 61]","""[0, 16, 4, 2, 5, 3, 8, 6, 2, 5, 6, 5, 9, 4, 3, 3, 3, 6, 5, 4, 8, 131, 19, 75, 0]"""
j20,2,proactive_quantile_0.9,60,False,inf,0.17065143585205078,inf,"[0, 9, 0, 0, 10, 21, 23, 33, 10, 42, 42, 33, 51, 23, 26, 21, 59, 51, 61, 61, 72, 0, 0, 0, 130]","""[0, 16, 1, 10, 12, 2, 9, 7, 4, 8, 5, 3, 2, 1, 8, 1, 7, 11, 10, 12, 6, 131, 19, 75, 0]"""
j20,2,reactive,60,False,inf,inf,inf,null,"[0, 16, 1, 10, 12, 2, 9, 7, 4, 8, 5, 3, 2, 1, 8, 1, 7, 11, 10, 12, 6, 131, 19, 75, 0]"
j20,2,stnu,60,True,77,0.8083148002624512,0.025231122970581055,"[0, 1, 0, 0, 10, 22, 24, 33, 10, 40, 40, 33, 48, 24, 25, 22, 50, 48, 59, 59, 71, 0, 0, 0, 77]","""[0, 16, 1, 10, 12, 2, 9, 7, 4, 8, 5, 3, 2, 1, 8, 1, 7, 11, 10, 12, 6, 131, 19, 75, 0]"""
j20,2,proactive_quantile_0.9,60,True,82,0.06135892868041992,0.0007135868072509766,"[0, 9, 0, 0, 10, 21, 23, 33, 10, 42, 42, 33, 51, 23, 26, 21, 59, 51, 61, 61, 72, 0, 0, 0, 130]","""[0, 15, 5, 6, 6, 1, 10, 1, 1, 3, 2, 9, 5, 2, 4, 2, 6, 6, 13, 11, 4, 131, 19, 75, 0]"""
j20,2,reactive,60,True,76,0.06135892868041992,0.4002382755279541,"[0, 9, 0, 0, 10, 21, 23, 33, 10, 42, 42, 33, 51, 23, 26, 21, 59, 51, 61, 61, 72, 0, 0, 0, 76]","[0, 15, 5, 6, 6, 1, 10, 1, 1, 3, 2, 9, 5, 2, 4, 2, 6, 6, 13, 11, 4, 131, 19, 75, 0]"
j20,2,stnu,60,True,65,0.6791307926177979,0.025246143341064453,"[0, 5, 0, 0, 6, 12, 20, 30, 6, 39, 39, 30, 42, 20, 22, 12, 47, 42, 48, 48, 61, 0, 0, 0, 65]","""[0, 15, 5, 6, 6, 1, 10, 1, 1, 3, 2, 9, 5, 2, 4, 2, 6, 6, 13, 11, 4, 131, 19, 75, 0]"""
j20,2,proactive_quantile_0.9,60,True,40,0.08265376091003418,0.0005679130554199219,"[0, 0, 0, 0, 9, 20, 3, 3, 11, 12, 9, 12, 3, 22, 14, 20, 24, 22, 27, 26, 27, 0, 0, 88]","""[0, 1, 8, 2, 1, 1, 6, 4, 2, 9, 3, 3, 11, 2, 3, 2, 2, 2, 15, 2, 1, 89, 82, 0]"""
j20,2,reactive,60,False,inf,inf,inf,null,"[0, 1, 8, 2, 1, 1, 6, 4, 2, 9, 3, 3, 11, 2, 3, 2, 2, 2, 15, 2, 1, 89, 82, 0]"
j20,2,stnu,60,True,44,0.7098727226257324,0.022616863250732422,"[0, 0, 0, 0, 12, 12, 2, 8, 11, 18, 13, 20, 2, 32, 20, 32, 34, 20, 34, 37, 37, 0, 0, 44]","""[0, 8, 5, 2, 1, 8, 3, 4, 7, 2, 7, 5, 9, 2, 4, 2, 3, 12, 7, 7, 3, 89, 82, 0]"""
j20,2,proactive_quantile_0.9,60,False,inf,0.05545687675476074,inf,"[0, 0, 0, 0, 9, 20, 3, 3, 11, 12, 9, 12, 3, 22, 14, 20, 24, 22, 27, 26, 27, 0, 0, 88]","""[0, 3, 4, 1, 3, 3, 7, 3, 4, 8, 3, 2, 8, 2, 1, 2, 3, 6, 12, 3, 3, 89, 82, 0]"""
j20,2,reactive,60,False,inf,inf,inf,null,"[0, 3, 4, 1, 3, 3, 7, 3, 4, 8, 3, 2, 8, 2, 1, 2, 3, 6, 12, 3, 3, 89, 82, 0]"
j20,2,stnu,60,True,39,0.8363988399505615,0.023035526275634766,"[0, 0, 0, 0, 6, 18, 3, 3, 10, 10, 6, 10, 1, 21, 14, 18, 23, 21, 27, 26, 27, 0, 0, 39]","""[0, 3, 4, 1, 3, 3, 7, 3, 4, 8, 3, 2, 8, 2, 1, 2, 3, 6, 12, 3, 3, 89, 82, 0]"""
j20,2,proactive_quantile_0.9,60,False,inf,0.09958791732788086,inf,"[0, 0, 0, 0, 9, 20, 3, 3, 11, 12, 9, 12, 3, 22, 14, 20, 24, 22, 27, 26, 27, 0, 0, 88]","""[0, 4, 6, 3, 3, 1, 3, 4, 1, 3, 1, 3, 6, 3, 3, 3, 2, 6, 4, 1, 2, 89, 82, 0]"""
j20,2,reactive,60,False,inf,inf,inf,null,"[0, 4, 6, 3, 3, 1, 3, 4, 1, 3, 1, 3, 6, 3, 3, 3, 2, 6, 4, 1, 2, 89, 82, 0]"
j20,2,stnu,60,True,45,0.713404655456543,0.022771596908569336,"[0, 0, 0, 0, 8, 11, 3, 4, 11, 12, 11, 18, 3, 31, 18, 31, 34, 18, 34, 36, 36, 0, 0, 45]","""[0, 4, 5, 3, 3, 7, 8, 4, 1, 3, 5, 8, 6, 3, 3, 3, 2, 13, 10, 9, 2, 89, 82, 0]"""
j20,2,proactive_quantile_0.9,60,False,inf,0.07660913467407227,inf,"[0, 0, 0, 0, 13, 13, 3, 10, 12, 20, 18, 26, 3, 32, 29, 32, 34, 21, 34, 37, 37, 0, 0, 88]","""[0, 5, 15, 2, 5, 3, 7, 3, 1, 2, 2, 4, 2, 3, 2, 3, 1, 2, 8, 4, 1, 89, 82, 0]"""
j20,2,reactive,60,False,inf,inf,inf,null,"[0, 5, 15, 2, 5, 3, 7, 3, 1, 2, 2, 4, 2, 3, 2, 3, 1, 2, 8, 4, 1, 89, 82, 0]"
j20,2,stnu,60,True,35,1.1141209602355957,0.022680997848510742,"[0, 0, 0, 0, 15, 15, 2, 5, 9, 20, 20, 22, 2, 24, 22, 24, 27, 20, 27, 28, 28, 0, 0, 35]","""[0, 5, 15, 2, 5, 3, 7, 3, 1, 2, 2, 4, 2, 3, 2, 3, 1, 2, 8, 4, 1, 89, 82, 0]"""
j20,2,proactive_quantile_0.9,60,False,inf,0.07297348976135254,inf,"[0, 0, 0, 0, 13, 13, 3, 10, 12, 20, 18, 26, 3, 32, 29, 32, 34, 21, 34, 37, 37, 0, 0, 88]","""[0, 2, 12, 4, 1, 9, 10, 1, 4, 10, 5, 2, 6, 3, 1, 2, 4, 6, 10, 3, 6, 89, 82, 0]"""
j20,2,reactive,60,False,inf,inf,inf,null,"[0, 2, 12, 4, 1, 9, 10, 1, 4, 10, 5, 2, 6, 3, 1, 2, 4, 6, 10, 3, 6, 89, 82, 0]"
j20,2,stnu,60,True,42,0.8518509864807129,0.022381305694580078,"[0, 0, 0, 0, 5, 21, 4, 4, 12, 12, 5, 12, 4, 24, 15, 21, 27, 24, 30, 30, 30, 0, 0, 42]","""[0, 1, 5, 4, 4, 3, 8, 1, 3, 9, 2, 1, 5, 3, 2, 2, 3, 3, 12, 1, 3, 89, 82, 0]"""
j20,2,proactive_quantile_0.9,60,False,inf,0.15946578979492188,inf,"[0, 0, 0, 0, 9, 20, 3, 3, 11, 12, 9, 12, 3, 22, 14, 20, 24, 22, 27, 26, 27, 0, 0, 88]","""[0, 3, 3, 3, 1, 3, 5, 1, 4, 9, 2, 8, 6, 3, 1, 2, 3, 4, 15, 3, 3, 89, 82, 0]"""
j20,2,reactive,60,False,inf,inf,inf,null,"[0, 3, 3, 3, 1, 3, 5, 1, 4, 9, 2, 8, 6, 3, 1, 2, 3, 4, 15, 3, 3, 89, 82, 0]"
j20,2,stnu,60,True,36,0.8492436408996582,0.0227658748626709,"[0, 0, 0, 0, 12, 12, 3, 3, 10, 15, 13, 16, 3, 29, 21, 29, 32, 16, 32, 34, 34, 0, 0, 36]","""[0, 1, 12, 3, 1, 4, 7, 1, 5, 6, 2, 1, 6, 3, 2, 2, 2, 13, 4, 2, 1, 89, 82, 0]"""
j20,2,proactive_quantile_0.9,60,False,inf,0.07701516151428223,inf,"[0, 0, 0, 0, 13, 13, 3, 10, 12, 20, 18, 26, 3, 32, 29, 32, 34, 21, 34, 37, 37, 0, 0, 88]","""[0, 4, 8, 4, 6, 9, 3, 2, 8, 2, 1, 7, 5, 2, 2, 2, 2, 9, 9, 3, 3, 89, 82, 0]"""
j20,2,reactive,60,False,inf,inf,inf,null,"[0, 4, 8, 4, 6, 9, 3, 2, 8, 2, 1, 7, 5, 2, 2, 2, 2, 9, 9, 3, 3, 89, 82, 0]"
j20,2,stnu,60,True,38,0.7056388854980469,0.022673845291137695,"[0, 0, 0, 0, 8, 9, 4, 4, 9, 17, 14, 18, 4, 27, 19, 27, 29, 18, 29, 31, 31, 0, 0, 38]","""[0, 4, 8, 4, 6, 9, 3, 2, 8, 2, 1, 7, 5, 2, 2, 2, 2, 9, 9, 3, 3, 89, 82, 0]"""
j20,2,proactive_quantile_0.9,60,False,inf,0.16029906272888184,inf,"[0, 0, 0, 0, 9, 20, 3, 3, 11, 12, 9, 12, 3, 22, 14, 20, 24, 22, 27, 26, 27, 0, 0, 88]","""[0, 4, 2, 3, 1, 3, 7, 1, 3, 2, 3, 3, 1, 1, 2, 1, 2, 4, 8, 2, 2, 89, 82, 0]"""
j20,2,reactive,60,False,inf,inf,inf,null,"[0, 4, 2, 3, 1, 3, 7, 1, 3, 2, 3, 3, 1, 1, 2, 1, 2, 4, 8, 2, 2, 89, 82, 0]"
j20,2,stnu,60,True,45,0.6770567893981934,0.024859905242919922,"[0, 0, 0, 0, 15, 15, 3, 6, 6, 19, 19, 28, 3, 36, 28, 36, 37, 24, 37, 41, 41, 0, 0, 45]","""[0, 6, 15, 3, 4, 9, 3, 1, 3, 9, 9, 2, 3, 1, 3, 1, 4, 12, 1, 1, 4, 89, 82, 0]"""
j20,2,proactive_quantile_0.9,60,False,inf,0.10690164566040039,inf,"[0, 0, 0, 0, 9, 20, 3, 3, 11, 12, 9, 12, 3, 22, 14, 20, 24, 22, 27, 26, 27, 0, 0, 88]","""[0, 2, 7, 4, 2, 1, 1, 1, 1, 4, 3, 1, 2, 1, 1, 2, 3, 4, 7, 3, 2, 89, 82, 0]"""
j20,2,reactive,60,False,inf,inf,inf,null,"[0, 2, 7, 4, 2, 1, 1, 1, 1, 4, 3, 1, 2, 1, 1, 2, 3, 4, 7, 3, 2, 89, 82, 0]"
j20,2,stnu,60,True,38,0.7408154010772705,0.02277088165283203,"[0, 0, 0, 0, 12, 13, 4, 11, 13, 20, 13, 21, 4, 30, 24, 30, 32, 20, 32, 36, 36, 0, 0, 38]","""[0, 11, 3, 4, 1, 4, 9, 1, 7, 4, 8, 2, 2, 1, 4, 2, 4, 10, 2, 2, 2, 89, 82, 0]"""
j20,2,proactive_quantile_0.9,60,False,inf,0.07445096969604492,inf,"[0, 0, 0, 0, 13, 13, 3, 10, 12, 20, 18, 26, 3, 32, 29, 32, 34, 21, 34, 37, 37, 0, 0, 88]","""[0, 7, 3, 4, 3, 4, 2, 1, 8, 1, 3, 8, 4, 2, 1, 2, 4, 12, 3, 4, 4, 89, 82, 0]"""
j20,2,reactive,60,False,inf,inf,inf,null,"[0, 7, 3, 4, 3, 4, 2, 1, 8, 1, 3, 8, 4, 2, 1, 2, 4, 12, 3, 4, 4, 89, 82, 0]"
j20,2,stnu,60,True,35,0.7441906929016113,0.02332472801208496,"[0, 0, 0, 0, 10, 18, 4, 4, 13, 11, 10, 13, 4, 21, 16, 18, 23, 21, 27, 25, 27, 0, 0, 35]","""[0, 2, 10, 4, 1, 3, 2, 1, 3, 4, 3, 5, 3, 2, 1, 2, 2, 6, 8, 1, 2, 89, 82, 0]"""
j20,2,proactive_quantile_0.9,60,True,53,0.0762474536895752,0.0009942054748535156,"[0, 0, 0, 0, 9, 9, 17, 17, 17, 24, 25, 29, 25, 17, 27, 25, 38, 29, 38, 46, 38, 0, 0, 0, 0, 161]","""[0, 4, 3, 3, 9, 4, 7, 1, 6, 6, 4, 1, 1, 8, 1, 3, 4, 1, 1, 3, 2, 34, 114, 67, 162, 0]"""
j20,2,reactive,60,False,inf,inf,inf,null,"[0, 4, 3, 3, 9, 4, 7, 1, 6, 6, 4, 1, 1, 8, 1, 3, 4, 1, 1, 3, 2, 34, 114, 67, 162, 0]"
j20,2,stnu,60,True,54,0.7299778461456299,0.026402711868286133,"[0, 0, 0, 0, 9, 3, 18, 18, 18, 25, 26, 30, 26, 18, 34, 26, 46, 30, 46, 51, 38, 0, 0, 0, 0, 54]","""[0, 3, 9, 3, 9, 4, 8, 1, 7, 4, 3, 8, 4, 5, 12, 6, 5, 4, 4, 3, 2, 34, 114, 67, 162, 0]"""
j20,2,proactive_quantile_0.9,60,True,53,0.07557082176208496,0.0010149478912353516,"[0, 0, 0, 0, 9, 9, 17, 17, 17, 24, 25, 29, 25, 17, 27, 25, 38, 29, 38, 46, 38, 0, 0, 0, 0, 161]","""[0, 9, 1, 7, 3, 9, 1, 2, 6, 5, 2, 6, 3, 11, 3, 12, 5, 3, 6, 1, 2, 34, 114, 67, 162, 0]"""
j20,2,reactive,60,False,inf,inf,inf,null,"[0, 9, 1, 7, 3, 9, 1, 2, 6, 5, 2, 6, 3, 11, 3, 12, 5, 3, 6, 1, 2, 34, 114, 67, 162, 0]"
j20,2,stnu,60,True,43,0.8751575946807861,0.0251617431640625,"[0, 0, 0, 0, 9, 9, 18, 18, 18, 24, 24, 29, 24, 18, 29, 24, 36, 29, 36, 42, 36, 0, 0, 0, 0, 43]","""[0, 9, 1, 7, 3, 9, 1, 2, 6, 5, 2, 6, 3, 11, 3, 12, 5, 3, 6, 1, 2, 34, 114, 67, 162, 0]"""
j20,2,proactive_quantile_0.9,60,True,53,0.11228394508361816,0.0009679794311523438,"[0, 0, 0, 0, 9, 9, 17, 17, 17, 24, 25, 29, 25, 17, 27, 25, 38, 29, 38, 46, 38, 0, 0, 0, 0, 161]","""[0, 1, 1, 8, 4, 5, 8, 1, 7, 3, 4, 8, 1, 11, 2, 8, 7, 3, 1, 8, 3, 34, 114, 67, 162, 0]"""
j20,2,reactive,60,True,54,0.11228394508361816,0.3463122844696045,"[0, 0, 0, 0, 9, 9, 17, 17, 17, 24, 25, 29, 25, 17, 27, 25, 38, 29, 38, 46, 38, 0, 0, 0, 0, 54]","[0, 1, 1, 8, 4, 5, 8, 1, 7, 3, 4, 8, 1, 11, 2, 8, 7, 3, 1, 8, 3, 34, 114, 67, 162, 0]"
j20,2,stnu,60,True,48,0.8595013618469238,0.025257587432861328,"[0, 0, 0, 0, 8, 8, 13, 13, 13, 20, 21, 25, 21, 13, 24, 21, 33, 25, 33, 40, 33, 0, 0, 0, 0, 48]","""[0, 1, 1, 8, 4, 5, 8, 1, 7, 3, 4, 8, 1, 11, 2, 8, 7, 3, 1, 8, 3, 34, 114, 67, 162, 0]"""
j20,2,proactive_quantile_0.9,60,True,53,0.1647944450378418,0.0009508132934570312,"[0, 0, 0, 0, 9, 9, 17, 17, 17, 24, 25, 29, 25, 17, 27, 25, 38, 29, 38, 46, 38, 0, 0, 0, 0, 161]","""[0, 9, 3, 4, 7, 4, 4, 2, 4, 1, 3, 9, 2, 1, 4, 12, 8, 3, 4, 3, 2, 34, 114, 67, 162, 0]"""
j20,2,reactive,60,True,49,0.1647944450378418,0.3986663818359375,"[0, 0, 0, 0, 9, 9, 17, 17, 17, 24, 25, 29, 25, 17, 27, 25, 38, 29, 38, 46, 38, 0, 0, 0, 0, 49]","[0, 9, 3, 4, 7, 4, 4, 2, 4, 1, 3, 9, 2, 1, 4, 12, 8, 3, 4, 3, 2, 34, 114, 67, 162, 0]"
j20,2,stnu,60,True,42,0.7833917140960693,0.02493453025817871,"[0, 0, 0, 0, 9, 9, 14, 14, 13, 18, 18, 30, 18, 14, 26, 18, 33, 30, 33, 39, 39, 0, 0, 0, 0, 42]","""[0, 9, 3, 4, 4, 5, 4, 12, 4, 9, 3, 9, 5, 1, 4, 12, 1, 3, 4, 3, 1, 34, 114, 67, 162, 0]"""
j20,2,proactive_quantile_0.9,60,True,53,0.07820773124694824,0.0009212493896484375,"[0, 0, 0, 0, 9, 9, 17, 17, 17, 24, 25, 29, 25, 17, 27, 25, 38, 29, 38, 46, 38, 0, 0, 0, 0, 161]","""[0, 5, 3, 5, 6, 5, 9, 2, 1, 4, 3, 4, 1, 1, 3, 9, 2, 3, 2, 6, 4, 34, 114, 67, 162, 0]"""
j20,2,reactive,60,False,inf,inf,inf,null,"[0, 5, 3, 5, 6, 5, 9, 2, 1, 4, 3, 4, 1, 1, 3, 9, 2, 3, 2, 6, 4, 34, 114, 67, 162, 0]"
j20,2,stnu,60,True,63,0.6938724517822266,0.026575326919555664,"[0, 0, 0, 0, 10, 10, 16, 16, 16, 25, 30, 36, 30, 16, 41, 30, 49, 36, 51, 56, 47, 0, 0, 0, 0, 63]","""[0, 10, 7, 5, 6, 5, 14, 3, 9, 2, 6, 11, 1, 10, 8, 11, 7, 4, 4, 7, 4, 34, 114, 67, 162, 0]"""
j20,2,proactive_quantile_0.9,60,True,53,0.14914917945861816,0.0009758472442626953,"[0, 0, 0, 0, 9, 9, 17, 17, 17, 24, 25, 29, 25, 17, 27, 25, 38, 29, 38, 46, 38, 0, 0, 0, 0, 161]","""[0, 10, 2, 4, 3, 4, 5, 2, 4, 3, 1, 7, 1, 3, 2, 7, 1, 3, 6, 7, 1, 34, 114, 67, 162, 0]"""
j20,2,reactive,60,False,inf,inf,inf,null,"[0, 10, 2, 4, 3, 4, 5, 2, 4, 3, 1, 7, 1, 3, 2, 7, 1, 3, 6, 7, 1, 34, 114, 67, 162, 0]"
j20,2,stnu,60,True,46,0.7633583545684814,0.025067806243896484,"[0, 0, 0, 0, 10, 10, 13, 13, 13, 18, 18, 26, 18, 13, 24, 18, 29, 26, 29, 39, 35, 0, 0, 0, 0, 46]","""[0, 10, 2, 4, 3, 3, 5, 9, 4, 1, 6, 7, 2, 3, 2, 7, 10, 3, 6, 7, 7, 34, 114, 67, 162, 0]"""
j20,2,proactive_quantile_0.9,60,True,53,0.07604432106018066,0.000949859619140625,"[0, 0, 0, 0, 9, 9, 17, 17, 17, 24, 25, 29, 25, 17, 27, 25, 38, 29, 38, 46, 38, 0, 0, 0, 0, 161]","""[0, 7, 2, 6, 1, 5, 8, 3, 8, 4, 3, 4, 3, 4, 4, 5, 2, 3, 6, 3, 4, 34, 114, 67, 162, 0]"""
j20,2,reactive,60,False,inf,inf,inf,null,"[0, 7, 2, 6, 1, 5, 8, 3, 8, 4, 3, 4, 3, 4, 4, 5, 2, 3, 6, 3, 4, 34, 114, 67, 162, 0]"
j20,2,stnu,60,True,53,0.6999871730804443,0.02651190757751465,"[0, 0, 0, 0, 7, 6, 15, 15, 15, 27, 29, 35, 29, 15, 41, 29, 45, 35, 45, 46, 41, 0, 0, 0, 0, 53]","""[0, 1, 7, 6, 1, 9, 14, 7, 12, 6, 6, 1, 3, 5, 4, 12, 1, 2, 8, 2, 2, 34, 114, 67, 162, 0]"""
j20,2,proactive_quantile_0.9,60,True,53,0.14745759963989258,0.0009429454803466797,"[0, 0, 0, 0, 9, 9, 17, 17, 17, 24, 25, 29, 25, 17, 27, 25, 38, 29, 38, 46, 38, 0, 0, 0, 0, 161]","""[0, 8, 1, 7, 1, 7, 7, 3, 8, 6, 2, 4, 2, 4, 2, 4, 3, 2, 1, 3, 3, 34, 114, 67, 162, 0]"""
j20,2,reactive,60,False,inf,inf,inf,null,"[0, 8, 1, 7, 1, 7, 7, 3, 8, 6, 2, 4, 2, 4, 2, 4, 3, 2, 1, 3, 3, 34, 114, 67, 162, 0]"
j20,2,stnu,60,True,52,0.67220139503479,0.026348114013671875,"[0, 0, 0, 0, 12, 7, 13, 13, 13, 23, 27, 30, 27, 13, 35, 27, 42, 30, 45, 46, 42, 0, 0, 0, 0, 52]","""[0, 5, 12, 7, 1, 6, 14, 10, 4, 7, 1, 12, 2, 9, 1, 8, 4, 2, 7, 6, 3, 34, 114, 67, 162, 0]"""
j20,2,proactive_quantile_0.9,60,True,53,0.15550541877746582,0.0009310245513916016,"[0, 0, 0, 0, 9, 9, 17, 17, 17, 24, 25, 29, 25, 17, 27, 25, 38, 29, 38, 46, 38, 0, 0, 0, 0, 161]","""[0, 4, 3, 1, 1, 8, 6, 2, 1, 3, 3, 1, 2, 9, 5, 3, 4, 2, 5, 5, 4, 34, 114, 67, 162, 0]"""
j20,2,reactive,60,True,51,0.15550541877746582,0.2919602394104004,"[0, 0, 0, 0, 9, 9, 17, 17, 17, 24, 25, 29, 25, 17, 27, 25, 38, 29, 38, 46, 38, 0, 0, 0, 0, 51]","[0, 4, 3, 1, 1, 8, 6, 2, 1, 3, 3, 1, 2, 9, 5, 3, 4, 2, 5, 5, 4, 34, 114, 67, 162, 0]"
j20,2,stnu,60,True,36,0.7884461879730225,0.025239944458007812,"[0, 0, 0, 0, 4, 4, 12, 12, 12, 14, 18, 21, 18, 12, 21, 18, 26, 21, 26, 31, 26, 0, 0, 0, 0, 36]","""[0, 4, 3, 1, 1, 8, 6, 2, 1, 3, 3, 1, 2, 9, 5, 3, 4, 2, 5, 5, 4, 34, 114, 67, 162, 0]"""
j20,2,proactive_quantile_0.9,60,False,inf,0.1699051856994629,inf,"[0, 0, 0, 0, 9, 9, 17, 17, 18, 25, 25, 35, 25, 17, 30, 25, 38, 35, 38, 47, 44, 0, 0, 0, 0, 161]","""[0, 10, 1, 1, 1, 9, 4, 5, 7, 8, 6, 6, 3, 9, 5, 7, 5, 3, 3, 7, 6, 34, 114, 67, 162, 0]"""
j20,2,reactive,60,False,inf,inf,inf,null,"[0, 10, 1, 1, 1, 9, 4, 5, 7, 8, 6, 6, 3, 9, 5, 7, 5, 3, 3, 7, 6, 34, 114, 67, 162, 0]"
j20,2,stnu,60,True,43,0.7007739543914795,0.025087356567382812,"[0, 0, 0, 0, 10, 10, 13, 13, 13, 20, 20, 24, 20, 13, 23, 20, 30, 24, 30, 36, 30, 0, 0, 0, 0, 43]","""[0, 10, 1, 1, 1, 3, 4, 1, 7, 3, 4, 6, 3, 9, 5, 7, 6, 3, 3, 7, 2, 34, 114, 67, 162, 0]"""
j20,2,proactive_quantile_0.9,60,True,34,0.06828570365905762,0.0011336803436279297,"[0, 0, 0, 0, 2, 2, 7, 7, 10, 12, 10, 5, 12, 21, 7, 15, 16, 23, 19, 25, 19, 0, 0, 0, 0, 0, 122]","""[0, 2, 3, 1, 2, 4, 3, 3, 3, 5, 2, 6, 7, 3, 9, 2, 3, 1, 6, 6, 2, 86, 119, 117, 123, 82, 0]"""
j20,2,reactive,60,False,inf,inf,inf,null,"[0, 2, 3, 1, 2, 4, 3, 3, 3, 5, 2, 6, 7, 3, 9, 2, 3, 1, 6, 6, 2, 86, 119, 117, 123, 82, 0]"
j20,2,stnu,60,True,53,0.8901972770690918,0.02728104591369629,"[0, 0, 0, 0, 9, 2, 11, 11, 12, 23, 15, 11, 29, 39, 5, 23, 23, 45, 29, 48, 29, 0, 0, 0, 0, 0, 53]","""[0, 9, 2, 2, 2, 3, 4, 1, 2, 6, 2, 12, 10, 6, 1, 6, 6, 3, 3, 5, 3, 86, 119, 117, 123, 82, 0]"""
j20,2,proactive_quantile_0.9,60,False,inf,0.3024296760559082,inf,"[0, 0, 0, 0, 2, 2, 7, 7, 10, 12, 10, 5, 12, 21, 7, 15, 16, 23, 20, 29, 120, 0, 0, 0, 0, 0, 122]","""[0, 1, 3, 3, 1, 2, 4, 3, 1, 1, 2, 7, 4, 2, 10, 1, 7, 1, 5, 6, 2, 86, 119, 117, 123, 82, 0]"""
j20,2,reactive,60,False,inf,inf,inf,null,"[0, 1, 3, 3, 1, 2, 4, 3, 1, 1, 2, 7, 4, 2, 10, 1, 7, 1, 5, 6, 2, 86, 119, 117, 123, 82, 0]"
j20,2,stnu,60,True,26,0.7683963775634766,0.02695751190185547,"[0, 0, 0, 0, 3, 3, 4, 5, 8, 10, 8, 5, 10, 20, 5, 17, 17, 22, 18, 23, 18, 0, 0, 0, 0, 0, 26]","""[0, 1, 3, 3, 1, 2, 4, 3, 1, 1, 2, 12, 4, 2, 10, 1, 1, 1, 5, 3, 2, 86, 119, 117, 123, 82, 0]"""
j20,2,proactive_quantile_0.9,60,False,inf,0.28393006324768066,inf,"[0, 0, 0, 0, 2, 2, 7, 7, 10, 12, 10, 5, 12, 21, 7, 15, 16, 23, 20, 29, 120, 0, 0, 0, 0, 0, 122]","""[0, 3, 5, 3, 3, 2, 1, 1, 3, 2, 2, 9, 2, 2, 2, 2, 4, 2, 3, 11, 3, 86, 119, 117, 123, 82, 0]"""
j20,2,reactive,60,False,inf,inf,inf,null,"[0, 3, 5, 3, 3, 2, 1, 1, 3, 2, 2, 9, 2, 2, 2, 2, 4, 2, 3, 11, 3, 86, 119, 117, 123, 82, 0]"
j20,2,stnu,60,True,22,0.8848414421081543,0.026792049407958984,"[0, 0, 0, 0, 3, 3, 6, 6, 7, 10, 7, 5, 10, 16, 6, 10, 10, 18, 13, 20, 13, 0, 0, 0, 0, 0, 22]","""[0, 3, 5, 3, 3, 2, 1, 1, 3, 2, 2, 2, 2, 2, 2, 2, 3, 2, 3, 2, 3, 86, 119, 117, 123, 82, 0]"""
j20,2,proactive_quantile_0.9,60,True,34,0.26470255851745605,0.001119375228881836,"[0, 0, 0, 0, 2, 2, 7, 7, 10, 12, 10, 5, 12, 21, 7, 15, 16, 23, 19, 25, 19, 0, 0, 0, 0, 0, 122]","""[0, 2, 3, 1, 3, 4, 3, 3, 1, 2, 1, 5, 1, 1, 8, 1, 2, 3, 6, 9, 1, 86, 119, 117, 123, 82, 0]"""
j20,2,reactive,60,False,inf,inf,inf,null,"[0, 2, 3, 1, 3, 4, 3, 3, 1, 2, 1, 5, 1, 1, 8, 1, 2, 3, 6, 9, 1, 86, 119, 117, 123, 82, 0]"
j20,2,stnu,60,True,30,0.9040765762329102,0.026795625686645508,"[0, 0, 0, 0, 2, 1, 5, 5, 8, 9, 8, 5, 9, 16, 5, 10, 13, 17, 15, 21, 15, 0, 0, 0, 0, 0, 30]","""[0, 2, 3, 1, 3, 4, 3, 3, 1, 2, 1, 5, 1, 1, 8, 1, 2, 3, 6, 9, 1, 86, 119, 117, 123, 82, 0]"""
j20,2,proactive_quantile_0.9,60,True,34,0.09304332733154297,0.0011250972747802734,"[0, 0, 0, 0, 2, 2, 7, 7, 10, 12, 10, 5, 12, 21, 7, 15, 16, 23, 19, 25, 19, 0, 0, 0, 0, 0, 122]","""[0, 1, 5, 2, 5, 3, 4, 2, 1, 2, 2, 2, 3, 3, 10, 1, 2, 1, 1, 1, 3, 86, 119, 117, 123, 82, 0]"""
j20,2,reactive,60,False,inf,inf,inf,null,"[0, 1, 5, 2, 5, 3, 4, 2, 1, 2, 2, 2, 3, 3, 10, 1, 2, 1, 1, 1, 3, 86, 119, 117, 123, 82, 0]"
j20,2,stnu,60,True,27,0.8737947940826416,0.027143001556396484,"[0, 0, 0, 0, 2, 2, 7, 7, 11, 13, 11, 5, 13, 22, 7, 13, 17, 25, 19, 26, 19, 0, 0, 0, 0, 0, 27]","""[0, 1, 5, 2, 5, 3, 4, 2, 1, 2, 2, 2, 3, 3, 10, 1, 2, 1, 1, 1, 3, 86, 119, 117, 123, 82, 0]"""
j20,2,proactive_quantile_0.9,60,True,34,0.07538437843322754,0.0011222362518310547,"[0, 0, 0, 0, 2, 2, 7, 7, 10, 12, 10, 5, 12, 21, 7, 15, 16, 23, 19, 25, 19, 0, 0, 0, 0, 0, 122]","""[0, 3, 1, 2, 1, 4, 4, 1, 1, 3, 1, 10, 8, 1, 2, 3, 1, 2, 4, 2, 3, 86, 119, 117, 123, 82, 0]"""
j20,2,reactive,60,False,inf,inf,inf,null,"[0, 3, 1, 2, 1, 4, 4, 1, 1, 3, 1, 10, 8, 1, 2, 3, 1, 2, 4, 2, 3, 86, 119, 117, 123, 82, 0]"
j20,2,stnu,60,True,27,0.8544189929962158,0.02674245834350586,"[0, 0, 0, 0, 3, 2, 4, 6, 8, 9, 8, 6, 9, 22, 6, 16, 16, 23, 19, 25, 19, 0, 0, 0, 0, 0, 27]","""[0, 3, 1, 2, 1, 4, 4, 1, 1, 3, 1, 10, 8, 1, 2, 3, 1, 2, 4, 2, 3, 86, 119, 117, 123, 82, 0]"""
j20,2,proactive_quantile_0.9,60,False,inf,0.27596497535705566,inf,"[0, 0, 0, 0, 2, 2, 7, 7, 10, 12, 10, 5, 12, 21, 7, 15, 16, 23, 19, 25, 19, 0, 0, 0, 0, 0, 122]","""[0, 1, 4, 3, 6, 4, 1, 1, 3, 5, 1, 12, 6, 1, 5, 2, 3, 1, 1, 1, 1, 86, 119, 117, 123, 82, 0]"""
j20,2,reactive,60,False,inf,inf,inf,null,"[0, 1, 4, 3, 6, 4, 1, 1, 3, 5, 1, 12, 6, 1, 5, 2, 3, 1, 1, 1, 1, 86, 119, 117, 123, 82, 0]"
j20,2,stnu,60,True,26,0.6925992965698242,0.027096986770629883,"[0, 0, 0, 0, 3, 3, 9, 9, 10, 13, 10, 7, 13, 23, 9, 19, 19, 24, 22, 25, 22, 0, 0, 0, 0, 0, 26]","""[0, 1, 4, 3, 6, 4, 1, 1, 3, 5, 1, 12, 6, 1, 5, 2, 3, 1, 1, 1, 1, 86, 119, 117, 123, 82, 0]"""
j20,2,proactive_quantile_0.9,60,True,34,0.09129667282104492,0.0011556148529052734,"[0, 0, 0, 0, 2, 2, 7, 7, 10, 12, 10, 5, 12, 21, 7, 15, 16, 23, 19, 25, 19, 0, 0, 0, 0, 0, 122]","""[0, 1, 6, 1, 6, 3, 2, 3, 3, 5, 2, 2, 10, 3, 2, 3, 4, 2, 3, 10, 3, 86, 119, 117, 123, 82, 0]"""
j20,2,reactive,60,False,inf,inf,inf,null,"[0, 1, 6, 1, 6, 3, 2, 3, 3, 5, 2, 2, 10, 3, 2, 3, 4, 2, 3, 10, 3, 86, 119, 117, 123, 82, 0]"
j20,2,stnu,60,True,38,0.9017484188079834,0.027101755142211914,"[0, 0, 0, 0, 1, 1, 7, 7, 10, 13, 10, 4, 13, 23, 7, 13, 13, 26, 18, 28, 18, 0, 0, 0, 0, 0, 38]","""[0, 1, 6, 1, 6, 3, 2, 3, 3, 5, 2, 2, 10, 3, 2, 3, 4, 2, 3, 10, 3, 86, 119, 117, 123, 82, 0]"""
j20,2,proactive_quantile_0.9,60,False,inf,0.07593464851379395,inf,"[0, 0, 0, 0, 2, 2, 7, 7, 10, 12, 10, 5, 12, 21, 7, 15, 16, 23, 19, 25, 19, 0, 0, 0, 0, 0, 122]","""[0, 3, 2, 1, 6, 3, 1, 1, 3, 3, 3, 3, 5, 2, 7, 3, 4, 3, 2, 7, 2, 86, 119, 117, 123, 82, 0]"""
j20,2,reactive,60,False,inf,inf,inf,null,"[0, 3, 2, 1, 6, 3, 1, 1, 3, 3, 3, 3, 5, 2, 7, 3, 4, 3, 2, 7, 2, 86, 119, 117, 123, 82, 0]"
j20,2,stnu,60,True,34,0.8867745399475098,0.026768922805786133,"[0, 0, 0, 0, 3, 1, 9, 9, 10, 13, 10, 4, 13, 22, 9, 13, 16, 24, 20, 27, 20, 0, 0, 0, 0, 0, 34]","""[0, 3, 2, 1, 6, 3, 1, 1, 3, 3, 3, 3, 5, 2, 7, 3, 4, 3, 2, 7, 2, 86, 119, 117, 123, 82, 0]"""
j20,2,proactive_quantile_0.9,60,False,inf,0.07910442352294922,inf,"[0, 0, 0, 0, 2, 2, 7, 7, 10, 12, 10, 5, 12, 21, 7, 15, 16, 23, 19, 25, 19, 0, 0, 0, 0, 0, 122]","""[0, 1, 2, 2, 6, 3, 1, 1, 1, 4, 2, 12, 1, 3, 7, 1, 4, 1, 4, 8, 2, 86, 119, 117, 123, 82, 0]"""
j20,2,reactive,60,False,inf,inf,inf,null,"[0, 1, 2, 2, 6, 3, 1, 1, 1, 4, 2, 12, 1, 3, 7, 1, 4, 1, 4, 8, 2, 86, 119, 117, 123, 82, 0]"
j20,2,stnu,60,True,43,0.7770764827728271,0.027088165283203125,"[0, 0, 0, 0, 7, 7, 10, 10, 14, 26, 16, 16, 31, 32, 16, 26, 26, 34, 31, 38, 31, 0, 0, 0, 0, 0, 43]","""[0, 6, 7, 1, 3, 9, 6, 4, 2, 5, 10, 10, 1, 2, 8, 5, 10, 4, 1, 5, 1, 86, 119, 117, 123, 82, 0]"""
j20,2,proactive_quantile_0.9,60,True,49,0.23691916465759277,0.0012934207916259766,"[0, 0, 0, 0, 8, 7, 15, 9, 9, 20, 15, 9, 20, 34, 15, 37, 34, 18, 44, 27, 34, 0, 0, 0, 0, 0, 0, 0, 150]","""[0, 6, 1, 8, 2, 2, 4, 2, 1, 10, 1, 2, 15, 8, 3, 4, 2, 7, 3, 6, 4, 11, 30, 151, 57, 81, 89, 150, 0]"""
j20,2,reactive,60,False,inf,inf,inf,null,"[0, 6, 1, 8, 2, 2, 4, 2, 1, 10, 1, 2, 15, 8, 3, 4, 2, 7, 3, 6, 4, 11, 30, 151, 57, 81, 89, 150, 0]"
j20,2,stnu,60,True,42,0.757190465927124,0.029709577560424805,"[0, 0, 0, 0, 4, 4, 11, 11, 11, 18, 13, 11, 18, 23, 17, 23, 23, 23, 35, 35, 24, 0, 0, 0, 0, 0, 0, 0, 42]","""[0, 11, 4, 2, 7, 6, 7, 2, 6, 3, 5, 2, 5, 3, 7, 4, 6, 4, 7, 6, 11, 11, 30, 151, 57, 81, 89, 150, 0]"""
j20,2,proactive_quantile_0.9,60,True,42,0.09113860130310059,0.0012483596801757812,"[0, 0, 0, 0, 9, 7, 14, 9, 9, 19, 14, 9, 19, 30, 14, 30, 21, 17, 37, 23, 21, 0, 0, 0, 0, 0, 0, 0, 150]","""[0, 9, 2, 8, 3, 5, 5, 2, 3, 1, 4, 1, 9, 5, 3, 1, 2, 1, 5, 7, 1, 11, 30, 151, 57, 81, 89, 150, 0]"""
j20,2,reactive,60,False,inf,inf,inf,null,"[0, 9, 2, 8, 3, 5, 5, 2, 3, 1, 4, 1, 9, 5, 3, 1, 2, 1, 5, 7, 1, 11, 30, 151, 57, 81, 89, 150, 0]"
j20,2,stnu,60,True,37,0.7136325836181641,0.030763626098632812,"[0, 0, 0, 0, 9, 8, 13, 9, 9, 18, 13, 9, 18, 27, 13, 27, 19, 17, 32, 21, 19, 0, 0, 0, 0, 0, 0, 0, 37]","""[0, 9, 2, 8, 3, 5, 5, 2, 3, 1, 4, 1, 9, 5, 3, 1, 2, 1, 5, 7, 1, 11, 30, 151, 57, 81, 89, 150, 0]"""
j20,2,proactive_quantile_0.9,60,True,42,0.07412362098693848,0.0012068748474121094,"[0, 0, 0, 0, 9, 7, 14, 9, 9, 19, 14, 9, 19, 30, 14, 30, 21, 17, 37, 23, 21, 0, 0, 0, 0, 0, 0, 0, 150]","""[0, 2, 2, 7, 4, 1, 6, 2, 1, 1, 3, 4, 8, 8, 2, 4, 1, 3, 1, 8, 1, 11, 30, 151, 57, 81, 89, 150, 0]"""
j20,2,reactive,60,False,inf,inf,inf,null,"[0, 2, 2, 7, 4, 1, 6, 2, 1, 1, 3, 4, 8, 8, 2, 4, 1, 3, 1, 8, 1, 11, 30, 151, 57, 81, 89, 150, 0]"
j20,2,stnu,60,True,44,0.6946985721588135,0.0296475887298584,"[0, 0, 0, 0, 9, 9, 14, 14, 14, 19, 20, 14, 19, 27, 20, 27, 35, 35, 37, 38, 24, 0, 0, 0, 0, 0, 0, 0, 44]","""[0, 14, 9, 2, 5, 1, 5, 6, 4, 1, 15, 1, 8, 7, 4, 7, 2, 3, 6, 6, 6, 11, 30, 151, 57, 81, 89, 150, 0]"""
j20,2,proactive_quantile_0.9,60,False,inf,0.0724325180053711,inf,"[0, 0, 0, 0, 9, 7, 14, 9, 9, 19, 14, 9, 19, 30, 14, 30, 21, 17, 37, 23, 21, 0, 0, 0, 0, 0, 0, 0, 150]","""[0, 6, 2, 6, 2, 5, 2, 3, 2, 3, 2, 1, 8, 2, 3, 4, 1, 2, 5, 3, 1, 11, 30, 151, 57, 81, 89, 150, 0]"""
j20,2,reactive,60,False,inf,inf,inf,null,"[0, 6, 2, 6, 2, 5, 2, 3, 2, 3, 2, 1, 8, 2, 3, 4, 1, 2, 5, 3, 1, 11, 30, 151, 57, 81, 89, 150, 0]"
j20,2,stnu,60,True,31,0.7083284854888916,0.030988693237304688,"[0, 0, 0, 0, 6, 6, 11, 6, 6, 14, 11, 6, 14, 22, 11, 22, 17, 13, 26, 18, 17, 0, 0, 0, 0, 0, 0, 0, 31]","""[0, 6, 2, 6, 2, 5, 2, 3, 2, 3, 2, 1, 8, 2, 3, 4, 1, 2, 5, 3, 1, 11, 30, 151, 57, 81, 89, 150, 0]"""
j20,2,proactive_quantile_0.9,60,False,inf,0.07729816436767578,inf,"[0, 0, 0, 0, 9, 7, 14, 9, 9, 19, 14, 9, 19, 30, 14, 30, 21, 17, 37, 23, 21, 0, 0, 0, 0, 0, 0, 0, 150]","""[0, 4, 7, 6, 1, 8, 1, 4, 1, 3, 3, 5, 8, 8, 1, 1, 3, 3, 4, 5, 1, 11, 30, 151, 57, 81, 89, 150, 0]"""
j20,2,reactive,60,False,inf,inf,inf,null,"[0, 4, 7, 6, 1, 8, 1, 4, 1, 3, 3, 5, 8, 8, 1, 1, 3, 3, 4, 5, 1, 11, 30, 151, 57, 81, 89, 150, 0]"
j20,2,stnu,60,True,38,0.7473313808441162,0.02978372573852539,"[0, 0, 0, 0, 7, 6, 13, 7, 7, 16, 13, 4, 16, 22, 13, 28, 25, 16, 30, 25, 25, 0, 0, 0, 0, 0, 0, 0, 38]","""[0, 4, 7, 6, 1, 7, 1, 9, 1, 6, 3, 5, 5, 8, 12, 1, 3, 3, 4, 3, 13, 11, 30, 151, 57, 81, 89, 150, 0]"""
j20,2,proactive_quantile_0.9,60,True,49,0.14058732986450195,0.0012977123260498047,"[0, 0, 0, 0, 8, 7, 15, 9, 9, 20, 15, 9, 20, 34, 15, 37, 34, 18, 44, 27, 34, 0, 0, 0, 0, 0, 0, 0, 150]","""[0, 8, 7, 3, 6, 7, 5, 1, 3, 15, 2, 8, 10, 4, 11, 7, 3, 1, 5, 1, 9, 11, 30, 151, 57, 81, 89, 150, 0]"""
j20,2,reactive,60,False,inf,inf,inf,null,"[0, 8, 7, 3, 6, 7, 5, 1, 3, 15, 2, 8, 10, 4, 11, 7, 3, 1, 5, 1, 9, 11, 30, 151, 57, 81, 89, 150, 0]"
j20,2,stnu,60,True,40,0.6705513000488281,0.029805421829223633,"[0, 0, 0, 0, 5, 7, 12, 8, 12, 17, 17, 8, 18, 23, 18, 23, 23, 23, 31, 30, 22, 0, 0, 0, 0, 0, 0, 0, 40]","""[0, 8, 5, 7, 12, 5, 5, 1, 6, 3, 5, 8, 5, 8, 4, 7, 1, 1, 9, 1, 5, 11, 30, 151, 57, 81, 89, 150, 0]"""
j20,2,proactive_quantile_0.9,60,True,42,0.07327580451965332,0.0012102127075195312,"[0, 0, 0, 0, 9, 7, 14, 9, 9, 19, 14, 9, 19, 30, 14, 30, 21, 17, 37, 23, 21, 0, 0, 0, 0, 0, 0, 0, 150]","""[0, 2, 8, 1, 6, 1, 6, 4, 3, 1, 1, 2, 4, 2, 2, 2, 1, 4, 6, 1, 3, 11, 30, 151, 57, 81, 89, 150, 0]"""
j20,2,reactive,60,False,inf,inf,inf,null,"[0, 2, 8, 1, 6, 1, 6, 4, 3, 1, 1, 2, 4, 2, 2, 2, 1, 4, 6, 1, 3, 11, 30, 151, 57, 81, 89, 150, 0]"
j20,2,stnu,60,True,32,0.7271265983581543,0.031018972396850586,"[0, 0, 0, 0, 8, 1, 14, 8, 8, 20, 14, 8, 20, 24, 14, 24, 21, 15, 26, 24, 21, 0, 0, 0, 0, 0, 0, 0, 32]","""[0, 2, 8, 1, 6, 1, 6, 4, 3, 1, 1, 2, 4, 2, 2, 2, 1, 4, 6, 1, 3, 11, 30, 151, 57, 81, 89, 150, 0]"""
j20,2,proactive_quantile_0.9,60,True,42,0.07495474815368652,0.0012292861938476562,"[0, 0, 0, 0, 9, 7, 14, 9, 9, 19, 14, 9, 19, 30, 14, 30, 21, 17, 37, 23, 21, 0, 0, 0, 0, 0, 0, 0, 150]","""[0, 4, 5, 7, 4, 5, 6, 2, 3, 1, 4, 4, 5, 1, 5, 4, 1, 3, 6, 2, 1, 11, 30, 151, 57, 81, 89, 150, 0]"""
j20,2,reactive,60,False,inf,inf,inf,null,"[0, 4, 5, 7, 4, 5, 6, 2, 3, 1, 4, 4, 5, 1, 5, 4, 1, 3, 6, 2, 1, 11, 30, 151, 57, 81, 89, 150, 0]"
j20,2,stnu,60,True,47,0.7700212001800537,0.029856443405151367,"[0, 0, 0, 0, 1, 5, 10, 5, 10, 17, 12, 4, 17, 22, 12, 22, 27, 27, 35, 30, 18, 0, 0, 0, 0, 0, 0, 0, 47]","""[0, 4, 1, 5, 11, 5, 7, 6, 2, 1, 15, 5, 5, 1, 2, 7, 8, 3, 12, 5, 12, 11, 30, 151, 57, 81, 89, 150, 0]"""
j20,2,proactive_quantile_0.9,60,True,49,0.14151287078857422,0.001287221908569336,"[0, 0, 0, 0, 8, 7, 15, 9, 9, 20, 15, 9, 20, 34, 15, 37, 34, 18, 44, 27, 34, 0, 0, 0, 0, 0, 0, 0, 150]","""[0, 3, 6, 2, 6, 4, 4, 1, 1, 7, 3, 4, 16, 1, 10, 1, 2, 6, 2, 12, 13, 11, 30, 151, 57, 81, 89, 150, 0]"""
j20,2,reactive,60,False,inf,inf,inf,null,"[0, 3, 6, 2, 6, 4, 4, 1, 1, 7, 3, 4, 16, 1, 10, 1, 2, 6, 2, 12, 13, 11, 30, 151, 57, 81, 89, 150, 0]"
j20,2,stnu,60,True,59,0.7742996215820312,0.02968621253967285,"[0, 0, 0, 0, 10, 10, 14, 14, 14, 25, 25, 14, 25, 35, 25, 35, 35, 35, 46, 46, 33, 0, 0, 0, 0, 0, 0, 0, 59]","""[0, 14, 10, 10, 15, 2, 6, 1, 2, 3, 5, 4, 10, 1, 8, 1, 4, 2, 13, 12, 13, 11, 30, 151, 57, 81, 89, 150, 0]"""
j20,2,proactive_quantile_0.9,60,True,49,0.14653968811035156,0.0012962818145751953,"[0, 0, 0, 0, 8, 7, 15, 9, 9, 20, 15, 9, 20, 34, 15, 37, 34, 18, 44, 27, 34, 0, 0, 0, 0, 0, 0, 0, 150]","""[0, 6, 8, 1, 4, 9, 6, 8, 2, 9, 4, 5, 10, 7, 5, 4, 2, 3, 2, 6, 12, 11, 30, 151, 57, 81, 89, 150, 0]"""
j20,2,reactive,60,False,inf,inf,inf,null,"[0, 6, 8, 1, 4, 9, 6, 8, 2, 9, 4, 5, 10, 7, 5, 4, 2, 3, 2, 6, 12, 11, 30, 151, 57, 81, 89, 150, 0]"
j20,2,stnu,60,True,50,0.789067268371582,0.029934406280517578,"[0, 0, 0, 0, 4, 10, 15, 12, 15, 22, 20, 12, 22, 26, 20, 26, 35, 35, 42, 38, 25, 0, 0, 0, 0, 0, 0, 0, 50]","""[0, 12, 4, 10, 15, 5, 7, 8, 5, 1, 15, 5, 4, 8, 5, 4, 7, 2, 8, 6, 13, 11, 30, 151, 57, 81, 89, 150, 0]"""
j20,2,proactive_quantile_0.9,60,False,inf,0.06276869773864746,inf,"[0, 0, 0, 0, 2, 10, 10, 10, 19, 9, 19, 2, 19, 29, 28, 17, 22, 31, 41, 30, 16, 0, 0, 0, 0, 0, 135]","""[0, 8, 3, 3, 7, 6, 7, 2, 2, 5, 2, 1, 3, 1, 2, 2, 4, 6, 7, 9, 4, 106, 27, 43, 109, 136, 0]"""
j20,2,reactive,60,False,inf,inf,inf,null,"[0, 8, 3, 3, 7, 6, 7, 2, 2, 5, 2, 1, 3, 1, 2, 2, 4, 6, 7, 9, 4, 106, 27, 43, 109, 136, 0]"
j20,2,stnu,60,True,40,2.4117794036865234,0.02526116371154785,"[0, 0, 0, 0, 3, 10, 10, 10, 17, 8, 17, 3, 17, 19, 20, 13, 20, 22, 33, 24, 13, 0, 0, 0, 0, 0, 40]","""[0, 8, 3, 3, 7, 6, 7, 2, 2, 5, 2, 1, 3, 1, 2, 2, 4, 6, 7, 9, 4, 106, 27, 43, 109, 136, 0]"""
j20,2,proactive_quantile_0.9,60,False,inf,0.07439613342285156,inf,"[0, 0, 0, 0, 2, 10, 10, 10, 19, 9, 19, 2, 19, 29, 28, 17, 22, 31, 41, 30, 16, 0, 0, 0, 0, 0, 135]","""[0, 6, 3, 3, 9, 4, 3, 8, 3, 4, 5, 3, 2, 2, 1, 2, 7, 10, 3, 10, 4, 106, 27, 43, 109, 136, 0]"""
j20,2,reactive,60,False,inf,inf,inf,null,"[0, 6, 3, 3, 9, 4, 3, 8, 3, 4, 5, 3, 2, 2, 1, 2, 7, 10, 3, 10, 4, 106, 27, 43, 109, 136, 0]"
j20,2,stnu,60,True,44,0.7652361392974854,0.02542567253112793,"[0, 0, 0, 0, 3, 12, 12, 12, 22, 6, 16, 3, 22, 25, 25, 20, 24, 27, 41, 31, 10, 0, 0, 0, 0, 0, 44]","""[0, 6, 3, 3, 9, 4, 3, 8, 3, 4, 5, 3, 2, 2, 1, 2, 7, 10, 3, 10, 4, 106, 27, 43, 109, 136, 0]"""
j20,2,proactive_quantile_0.9,60,False,inf,0.08537173271179199,inf,"[0, 0, 0, 0, 2, 10, 10, 10, 19, 9, 19, 2, 19, 29, 28, 17, 22, 31, 41, 30, 16, 0, 0, 0, 0, 0, 135]","""[0, 5, 4, 3, 1, 3, 10, 2, 6, 8, 6, 3, 1, 3, 1, 1, 9, 12, 5, 6, 1, 106, 27, 43, 109, 136, 0]"""
j20,2,reactive,60,False,inf,inf,inf,null,"[0, 5, 4, 3, 1, 3, 10, 2, 6, 8, 6, 3, 1, 3, 1, 1, 9, 12, 5, 6, 1, 106, 27, 43, 109, 136, 0]"
j20,2,stnu,60,True,46,0.8733272552490234,0.02784276008605957,"[0, 0, 0, 0, 3, 4, 9, 6, 14, 9, 18, 3, 14, 29, 20, 13, 20, 29, 41, 29, 17, 0, 0, 0, 0, 0, 46]","""[0, 9, 4, 3, 1, 3, 4, 2, 6, 8, 11, 3, 2, 9, 5, 1, 9, 12, 5, 6, 1, 106, 27, 43, 109, 136, 0]"""
j20,2,proactive_quantile_0.9,60,False,inf,0.15047574043273926,inf,"[0, 0, 0, 0, 2, 10, 10, 10, 19, 9, 19, 2, 19, 29, 28, 17, 22, 31, 41, 30, 16, 0, 0, 0, 0, 0, 135]","""[0, 3, 1, 3, 3, 3, 6, 5, 2, 1, 5, 1, 4, 3, 3, 3, 6, 8, 10, 6, 1, 106, 27, 43, 109, 136, 0]"""
j20,2,reactive,60,False,inf,inf,inf,null,"[0, 3, 1, 3, 3, 3, 6, 5, 2, 1, 5, 1, 4, 3, 3, 3, 6, 8, 10, 6, 1, 106, 27, 43, 109, 136, 0]"
j20,2,stnu,60,True,40,0.8217823505401611,0.02552652359008789,"[0, 0, 0, 0, 3, 6, 6, 6, 14, 3, 12, 3, 14, 17, 18, 11, 18, 21, 30, 24, 4, 0, 0, 0, 0, 0, 40]","""[0, 3, 1, 3, 3, 3, 6, 5, 2, 1, 5, 1, 4, 3, 3, 3, 6, 8, 10, 6, 1, 106, 27, 43, 109, 136, 0]"""
j20,2,proactive_quantile_0.9,60,True,50,0.07390570640563965,0.0010132789611816406,"[0, 0, 0, 0, 2, 10, 10, 10, 19, 9, 19, 2, 19, 29, 28, 17, 22, 31, 41, 30, 16, 0, 0, 0, 0, 0, 135]","""[0, 6, 1, 3, 1, 3, 9, 1, 7, 5, 10, 2, 3, 2, 2, 1, 5, 12, 10, 7, 2, 106, 27, 43, 109, 136, 0]"""
j20,2,reactive,60,False,inf,inf,inf,null,"[0, 6, 1, 3, 1, 3, 9, 1, 7, 5, 10, 2, 3, 2, 2, 1, 5, 12, 10, 7, 2, 106, 27, 43, 109, 136, 0]"
j20,2,stnu,60,True,49,0.7703688144683838,0.025515317916870117,"[0, 0, 0, 0, 3, 6, 6, 5, 13, 6, 15, 3, 15, 25, 20, 11, 18, 27, 39, 25, 11, 0, 0, 0, 0, 0, 49]","""[0, 6, 1, 3, 1, 3, 9, 1, 7, 5, 10, 2, 3, 2, 2, 1, 5, 12, 10, 7, 2, 106, 27, 43, 109, 136, 0]"""
j20,2,proactive_quantile_0.9,60,False,inf,0.149749755859375,inf,"[0, 0, 0, 0, 2, 10, 10, 10, 19, 9, 19, 2, 19, 29, 28, 17, 22, 31, 41, 30, 16, 0, 0, 0, 0, 0, 135]","""[0, 10, 3, 3, 6, 1, 2, 5, 9, 1, 12, 3, 1, 1, 3, 2, 5, 4, 10, 1, 2, 106, 27, 43, 109, 136, 0]"""
j20,2,reactive,60,False,inf,inf,inf,null,"[0, 10, 3, 3, 6, 1, 2, 5, 9, 1, 12, 3, 1, 1, 3, 2, 5, 4, 10, 1, 2, 106, 27, 43, 109, 136, 0]"
j20,2,stnu,60,True,42,0.728604793548584,0.025422334671020508,"[0, 0, 0, 0, 3, 10, 10, 9, 16, 10, 12, 3, 16, 25, 25, 14, 17, 28, 32, 25, 11, 0, 0, 0, 0, 0, 42]","""[0, 10, 3, 3, 6, 1, 2, 5, 9, 1, 12, 3, 1, 1, 3, 2, 5, 4, 10, 1, 2, 106, 27, 43, 109, 136, 0]"""
j20,2,proactive_quantile_0.9,60,False,inf,0.15628480911254883,inf,"[0, 0, 0, 0, 2, 10, 10, 10, 19, 9, 19, 2, 19, 29, 28, 17, 22, 31, 41, 30, 16, 0, 0, 0, 0, 0, 135]","""[0, 8, 4, 3, 2, 8, 7, 5, 1, 2, 2, 2, 4, 3, 3, 3, 9, 7, 3, 3, 1, 106, 27, 43, 109, 136, 0]"""
j20,2,reactive,60,False,inf,inf,inf,null,"[0, 8, 4, 3, 2, 8, 7, 5, 1, 2, 2, 2, 4, 3, 3, 3, 9, 7, 3, 3, 1, 106, 27, 43, 109, 136, 0]"
j20,2,stnu,60,True,35,0.6625866889953613,0.024811983108520508,"[0, 0, 0, 0, 3, 8, 8, 5, 16, 8, 16, 3, 16, 18, 20, 10, 20, 23, 32, 29, 10, 0, 0, 0, 0, 0, 35]","""[0, 8, 4, 3, 2, 8, 7, 5, 1, 2, 2, 2, 4, 3, 3, 3, 9, 7, 3, 3, 1, 106, 27, 43, 109, 136, 0]"""
j20,2,proactive_quantile_0.9,60,False,inf,0.09485816955566406,inf,"[0, 0, 0, 0, 2, 10, 10, 10, 19, 9, 19, 2, 19, 29, 28, 17, 22, 31, 41, 30, 16, 0, 0, 0, 0, 0, 135]","""[0, 4, 1, 2, 4, 10, 8, 6, 5, 2, 2, 3, 2, 2, 2, 3, 4, 2, 6, 5, 1, 106, 27, 43, 109, 136, 0]"""
j20,2,reactive,60,False,inf,inf,inf,null,"[0, 4, 1, 2, 4, 10, 8, 6, 5, 2, 2, 3, 2, 2, 2, 3, 4, 2, 6, 5, 1, 106, 27, 43, 109, 136, 0]"
j20,2,stnu,60,False,inf,0.5945219993591309,inf,[],"""[0, 4, 5, 7, 5, 2, 8, 1, 15, 1, 14, 2, 2, 1, 2, 3, 4, 2, 6, 5, 7, 106, 27, 43, 109, 136, 0]"""
j20,2,proactive_quantile_0.9,60,True,50,0.07532358169555664,0.0009922981262207031,"[0, 0, 0, 0, 2, 10, 10, 10, 19, 9, 19, 2, 19, 29, 28, 17, 22, 31, 41, 30, 16, 0, 0, 0, 0, 0, 135]","""[0, 1, 1, 3, 8, 8, 8, 2, 7, 4, 6, 2, 1, 1, 2, 2, 9, 6, 4, 1, 1, 106, 27, 43, 109, 136, 0]"""
j20,2,reactive,60,False,inf,inf,inf,null,"[0, 1, 1, 3, 8, 8, 8, 2, 7, 4, 6, 2, 1, 1, 2, 2, 9, 6, 4, 1, 1, 106, 27, 43, 109, 136, 0]"
j20,2,stnu,60,True,38,0.6925621032714844,0.025451183319091797,"[0, 0, 0, 0, 3, 11, 11, 11, 19, 1, 19, 3, 19, 26, 26, 13, 20, 28, 34, 29, 5, 0, 0, 0, 0, 0, 38]","""[0, 1, 1, 3, 8, 8, 8, 2, 7, 4, 6, 2, 1, 1, 2, 2, 9, 6, 4, 1, 1, 106, 27, 43, 109, 136, 0]"""
j20,2,proactive_quantile_0.9,60,False,inf,0.09304475784301758,inf,"[0, 0, 0, 0, 2, 10, 10, 10, 19, 9, 19, 2, 19, 29, 28, 17, 22, 31, 41, 30, 16, 0, 0, 0, 0, 0, 135]","""[0, 8, 3, 2, 1, 2, 6, 2, 6, 2, 2, 3, 4, 3, 1, 2, 6, 11, 4, 11, 4, 106, 27, 43, 109, 136, 0]"""
j20,2,reactive,60,False,inf,inf,inf,null,"[0, 8, 3, 2, 1, 2, 6, 2, 6, 2, 2, 3, 4, 3, 1, 2, 6, 11, 4, 11, 4, 106, 27, 43, 109, 136, 0]"
j20,2,stnu,60,True,39,0.6544804573059082,0.02550196647644043,"[0, 0, 0, 0, 2, 8, 8, 5, 14, 8, 14, 2, 14, 20, 20, 10, 18, 23, 35, 24, 10, 0, 0, 0, 0, 0, 39]","""[0, 8, 3, 2, 1, 2, 6, 2, 6, 2, 2, 3, 4, 3, 1, 2, 6, 11, 4, 11, 4, 106, 27, 43, 109, 136, 0]"""
j20,2,proactive_quantile_0.9,60,False,inf,0.07077527046203613,inf,"[0, 0, 0, 0, 8, 2, 11, 7, 8, 2, 12, 12, 14, 2, 22, 7, 21, 31, 23, 34, 14, 0, 0, 0, 0, 0, 0, 86]","""[0, 3, 3, 2, 2, 1, 13, 6, 2, 2, 1, 1, 5, 2, 5, 5, 3, 1, 3, 4, 14, 24, 87, 60, 48, 48, 79, 0]"""
j20,2,reactive,60,False,inf,inf,inf,null,"[0, 3, 3, 2, 2, 1, 13, 6, 2, 2, 1, 1, 5, 2, 5, 5, 3, 1, 3, 4, 14, 24, 87, 60, 48, 48, 79, 0]"
j20,2,stnu,60,True,30,0.9246940612792969,0.0262603759765625,"[0, 0, 0, 0, 4, 3, 7, 4, 5, 3, 10, 10, 11, 2, 20, 4, 16, 25, 19, 26, 11, 0, 0, 0, 0, 0, 0, 30]","""[0, 3, 3, 2, 2, 1, 13, 6, 2, 2, 1, 1, 5, 2, 5, 5, 3, 1, 3, 4, 14, 24, 87, 60, 48, 48, 79, 0]"""
j20,2,proactive_quantile_0.9,60,True,41,0.2940833568572998,0.0009076595306396484,"[0, 0, 0, 0, 8, 2, 11, 7, 8, 2, 12, 12, 14, 2, 22, 7, 21, 31, 23, 34, 14, 0, 0, 0, 0, 0, 0, 86]","""[0, 2, 9, 1, 4, 4, 4, 3, 3, 3, 3, 2, 6, 1, 6, 1, 3, 4, 10, 7, 13, 24, 87, 60, 48, 48, 79, 0]"""
j20,2,reactive,60,False,inf,inf,inf,null,"[0, 2, 9, 1, 4, 4, 4, 3, 3, 3, 3, 2, 6, 1, 6, 1, 3, 4, 10, 7, 13, 24, 87, 60, 48, 48, 79, 0]"
j20,2,stnu,60,True,37,0.6929492950439453,0.026247501373291016,"[0, 0, 0, 0, 9, 2, 13, 6, 9, 2, 13, 9, 11, 1, 17, 6, 17, 23, 20, 30, 13, 0, 0, 0, 0, 0, 0, 37]","""[0, 2, 9, 1, 4, 4, 4, 3, 3, 3, 3, 2, 6, 1, 6, 1, 3, 4, 10, 7, 13, 24, 87, 60, 48, 48, 79, 0]"""
j20,2,proactive_quantile_0.9,60,False,inf,0.0697031021118164,inf,"[0, 0, 0, 0, 8, 2, 11, 7, 8, 2, 12, 12, 14, 2, 22, 7, 21, 31, 23, 34, 14, 0, 0, 0, 0, 0, 0, 86]","""[0, 3, 7, 2, 1, 4, 12, 6, 2, 4, 1, 2, 4, 3, 1, 3, 1, 4, 9, 5, 3, 24, 87, 60, 48, 48, 79, 0]"""
j20,2,reactive,60,False,inf,inf,inf,null,"[0, 3, 7, 2, 1, 4, 12, 6, 2, 4, 1, 2, 4, 3, 1, 3, 1, 4, 9, 5, 3, 24, 87, 60, 48, 48, 79, 0]"
j20,2,stnu,60,True,42,0.8560609817504883,0.026746273040771484,"[0, 0, 0, 0, 7, 3, 8, 7, 7, 3, 13, 13, 15, 2, 22, 7, 20, 31, 33, 33, 15, 0, 0, 0, 0, 0, 0, 42]","""[0, 3, 7, 2, 1, 4, 14, 6, 4, 4, 2, 2, 5, 3, 9, 3, 6, 2, 9, 1, 3, 24, 87, 60, 48, 48, 79, 0]"""
j20,2,proactive_quantile_0.9,60,True,41,0.06990432739257812,0.0008356571197509766,"[0, 0, 0, 0, 8, 2, 11, 7, 8, 2, 12, 12, 14, 2, 22, 7, 21, 31, 23, 34, 14, 0, 0, 0, 0, 0, 0, 86]","""[0, 1, 1, 2, 1, 5, 8, 2, 3, 1, 1, 1, 1, 2, 6, 6, 2, 3, 3, 6, 11, 24, 87, 60, 48, 48, 79, 0]"""
j20,2,reactive,60,True,40,0.06990432739257812,0.4147012233734131,"[0, 0, 0, 0, 8, 2, 11, 7, 8, 2, 12, 12, 14, 2, 22, 7, 21, 31, 23, 34, 14, 0, 0, 0, 0, 0, 0, 40]","[0, 1, 1, 2, 1, 5, 8, 2, 3, 1, 1, 1, 1, 2, 6, 6, 2, 3, 3, 6, 11, 24, 87, 60, 48, 48, 79, 0]"
j20,2,stnu,60,True,39,0.680495023727417,0.025908708572387695,"[0, 0, 0, 0, 6, 6, 14, 11, 11, 6, 13, 13, 17, 10, 22, 14, 18, 30, 33, 33, 22, 0, 0, 0, 0, 0, 0, 39]","""[0, 6, 6, 10, 2, 5, 8, 2, 3, 4, 1, 4, 1, 2, 8, 6, 12, 3, 3, 6, 1, 24, 87, 60, 48, 48, 79, 0]"""
j20,2,proactive_quantile_0.9,60,False,inf,0.28001976013183594,inf,"[0, 0, 0, 0, 8, 2, 11, 7, 8, 2, 12, 12, 14, 2, 22, 7, 21, 31, 23, 34, 14, 0, 0, 0, 0, 0, 0, 86]","""[0, 3, 6, 2, 3, 5, 11, 1, 3, 2, 1, 3, 7, 3, 7, 4, 2, 3, 2, 3, 13, 24, 87, 60, 48, 48, 79, 0]"""
j20,2,reactive,60,False,inf,inf,inf,null,"[0, 3, 6, 2, 3, 5, 11, 1, 3, 2, 1, 3, 7, 3, 7, 4, 2, 3, 2, 3, 13, 24, 87, 60, 48, 48, 79, 0]"
j20,2,stnu,60,True,35,0.7897059917449951,0.0261843204498291,"[0, 0, 0, 0, 8, 3, 11, 8, 8, 3, 11, 9, 12, 2, 22, 8, 19, 29, 21, 32, 12, 0, 0, 0, 0, 0, 0, 35]","""[0, 3, 6, 2, 3, 5, 11, 1, 3, 2, 1, 3, 7, 3, 7, 4, 2, 3, 2, 3, 13, 24, 87, 60, 48, 48, 79, 0]"""
j20,2,proactive_quantile_0.9,60,True,41,0.07096099853515625,0.0008955001831054688,"[0, 0, 0, 0, 8, 2, 11, 7, 8, 2, 12, 12, 14, 2, 22, 7, 21, 31, 23, 34, 14, 0, 0, 0, 0, 0, 0, 86]","""[0, 3, 1, 2, 3, 1, 7, 5, 1, 1, 3, 2, 8, 3, 1, 6, 1, 3, 5, 3, 11, 24, 87, 60, 48, 48, 79, 0]"""
j20,2,reactive,60,False,inf,inf,inf,null,"[0, 3, 1, 2, 3, 1, 7, 5, 1, 1, 3, 2, 8, 3, 1, 6, 1, 3, 5, 3, 11, 24, 87, 60, 48, 48, 79, 0]"
j20,2,stnu,60,True,29,0.6669197082519531,0.02629876136779785,"[0, 0, 0, 0, 4, 3, 7, 5, 4, 3, 10, 10, 12, 2, 20, 5, 20, 21, 21, 26, 12, 0, 0, 0, 0, 0, 0, 29]","""[0, 3, 1, 2, 3, 1, 7, 5, 1, 1, 3, 2, 8, 3, 1, 6, 1, 3, 5, 3, 11, 24, 87, 60, 48, 48, 79, 0]"""
j20,2,proactive_quantile_0.9,60,True,41,0.07235884666442871,0.0009036064147949219,"[0, 0, 0, 0, 8, 2, 11, 7, 8, 2, 12, 12, 14, 2, 22, 7, 21, 31, 23, 34, 14, 0, 0, 0, 0, 0, 0, 86]","""[0, 3, 2, 2, 4, 1, 9, 6, 3, 2, 3, 3, 3, 2, 10, 1, 1, 4, 4, 2, 6, 24, 87, 60, 48, 48, 79, 0]"""
j20,2,reactive,60,False,inf,inf,inf,null,"[0, 3, 2, 2, 4, 1, 9, 6, 3, 2, 3, 3, 3, 2, 10, 1, 1, 4, 4, 2, 6, 24, 87, 60, 48, 48, 79, 0]"
j20,2,stnu,60,True,33,0.6226716041564941,0.026108980178833008,"[0, 0, 0, 0, 4, 3, 8, 4, 5, 3, 10, 10, 13, 2, 17, 4, 16, 27, 17, 31, 13, 0, 0, 0, 0, 0, 0, 33]","""[0, 3, 2, 2, 4, 1, 9, 6, 3, 2, 3, 3, 3, 2, 10, 1, 1, 4, 4, 2, 6, 24, 87, 60, 48, 48, 79, 0]"""
j20,2,proactive_quantile_0.9,60,True,41,0.05949115753173828,0.0008869171142578125,"[0, 0, 0, 0, 8, 2, 11, 7, 8, 2, 12, 12, 14, 2, 22, 7, 21, 31, 23, 34, 14, 0, 0, 0, 0, 0, 0, 86]","""[0, 1, 1, 3, 1, 1, 6, 4, 2, 6, 3, 2, 8, 2, 4, 1, 2, 2, 9, 8, 15, 24, 87, 60, 48, 48, 79, 0]"""
j20,2,reactive,60,False,inf,inf,inf,null,"[0, 1, 1, 3, 1, 1, 6, 4, 2, 6, 3, 2, 8, 2, 4, 1, 2, 2, 9, 8, 15, 24, 87, 60, 48, 48, 79, 0]"
j20,2,stnu,60,True,41,0.8159527778625488,0.026631832122802734,"[0, 0, 0, 0, 4, 3, 5, 5, 9, 3, 9, 9, 11, 3, 13, 5, 26, 16, 32, 32, 11, 0, 0, 0, 0, 0, 0, 41]","""[0, 1, 1, 3, 1, 1, 6, 4, 4, 6, 3, 2, 9, 2, 3, 1, 6, 1, 9, 3, 15, 24, 87, 60, 48, 48, 79, 0]"""
j20,2,proactive_quantile_0.9,60,True,41,0.07155132293701172,0.0008776187896728516,"[0, 0, 0, 0, 8, 2, 11, 7, 8, 2, 12, 12, 14, 2, 22, 7, 21, 31, 23, 34, 14, 0, 0, 0, 0, 0, 0, 86]","""[0, 2, 6, 1, 1, 1, 3, 1, 2, 4, 3, 3, 3, 1, 7, 2, 3, 4, 8, 5, 3, 24, 87, 60, 48, 48, 79, 0]"""
j20,2,reactive,60,False,inf,inf,inf,null,"[0, 2, 6, 1, 1, 1, 3, 1, 2, 4, 3, 3, 3, 1, 7, 2, 3, 4, 8, 5, 3, 24, 87, 60, 48, 48, 79, 0]"
j20,2,stnu,60,True,28,0.8863677978515625,0.026169538497924805,"[0, 0, 0, 0, 6, 2, 8, 3, 6, 2, 8, 6, 9, 1, 12, 3, 12, 19, 15, 23, 9, 0, 0, 0, 0, 0, 0, 28]","""[0, 2, 6, 1, 1, 1, 3, 1, 2, 4, 3, 3, 3, 1, 7, 2, 3, 4, 8, 5, 3, 24, 87, 60, 48, 48, 79, 0]"""
j20,2,proactive_quantile_0.9,60,True,41,0.08400106430053711,0.0008962154388427734,"[0, 0, 0, 0, 8, 2, 11, 7, 8, 2, 12, 12, 14, 2, 22, 7, 21, 31, 23, 34, 14, 0, 0, 0, 0, 0, 0, 86]","""[0, 2, 8, 2, 3, 4, 3, 2, 1, 2, 3, 2, 7, 2, 1, 8, 3, 3, 8, 4, 9, 24, 87, 60, 48, 48, 79, 0]"""
j20,2,reactive,60,False,inf,inf,inf,null,"[0, 2, 8, 2, 3, 4, 3, 2, 1, 2, 3, 2, 7, 2, 1, 8, 3, 3, 8, 4, 9, 24, 87, 60, 48, 48, 79, 0]"
j20,2,stnu,60,True,36,0.8657913208007812,0.02604055404663086,"[0, 0, 0, 0, 8, 2, 11, 6, 8, 2, 11, 8, 14, 2, 21, 6, 21, 22, 24, 32, 14, 0, 0, 0, 0, 0, 0, 36]","""[0, 2, 8, 2, 3, 4, 3, 2, 1, 2, 3, 2, 7, 2, 1, 8, 3, 3, 8, 4, 9, 24, 87, 60, 48, 48, 79, 0]"""
j20,2,proactive_quantile_0.9,60,True,44,0.07409429550170898,0.0005214214324951172,"[0, 0, 0, 0, 10, 12, 12, 10, 17, 7, 13, 17, 10, 7, 26, 28, 17, 22, 22, 37, 25, 0, 152]","""[0, 4, 8, 4, 2, 6, 2, 3, 7, 1, 4, 3, 6, 4, 1, 9, 2, 2, 4, 5, 1, 153, 0]"""
j20,2,reactive,60,False,inf,inf,inf,null,"[0, 4, 8, 4, 2, 6, 2, 3, 7, 1, 4, 3, 6, 4, 1, 9, 2, 2, 4, 5, 1, 153, 0]"
j20,2,stnu,60,True,42,0.7383866310119629,0.02047896385192871,"[0, 0, 0, 0, 12, 14, 14, 9, 20, 8, 14, 20, 12, 8, 27, 28, 20, 23, 23, 37, 27, 0, 42]","""[0, 4, 8, 4, 2, 6, 2, 3, 7, 1, 4, 3, 6, 4, 1, 9, 2, 2, 4, 5, 1, 153, 0]"""
j20,2,proactive_quantile_0.9,60,True,44,0.09364533424377441,0.0005140304565429688,"[0, 0, 0, 0, 10, 12, 12, 10, 17, 7, 13, 17, 10, 7, 26, 28, 17, 22, 22, 37, 25, 0, 152]","""[0, 11, 8, 3, 1, 1, 1, 3, 8, 3, 1, 5, 1, 3, 3, 1, 5, 1, 3, 8, 3, 153, 0]"""
j20,2,reactive,60,False,inf,inf,inf,null,"[0, 11, 8, 3, 1, 1, 1, 3, 8, 3, 1, 5, 1, 3, 3, 1, 5, 1, 3, 8, 3, 153, 0]"
j20,2,stnu,60,True,35,0.7874958515167236,0.020364761352539062,"[0, 0, 0, 0, 11, 12, 12, 11, 13, 8, 14, 15, 11, 8, 23, 26, 15, 20, 20, 27, 23, 0, 35]","""[0, 11, 8, 3, 1, 1, 1, 3, 8, 3, 1, 5, 1, 3, 3, 1, 5, 1, 3, 8, 3, 153, 0]"""
j20,2,proactive_quantile_0.9,60,False,inf,0.15178227424621582,inf,"[0, 0, 0, 0, 10, 20, 20, 10, 30, 9, 20, 30, 16, 9, 44, 54, 30, 38, 39, 65, 45, 0, 152]","""[0, 2, 3, 6, 5, 6, 1, 9, 14, 8, 3, 8, 11, 2, 12, 12, 10, 5, 7, 8, 4, 153, 0]"""
j20,2,reactive,60,False,inf,inf,inf,null,"[0, 2, 3, 6, 5, 6, 1, 9, 14, 8, 3, 8, 11, 2, 12, 12, 10, 5, 7, 8, 4, 153, 0]"
j20,2,stnu,60,True,34,0.7418177127838135,0.02053046226501465,"[0, 0, 0, 0, 8, 11, 11, 8, 14, 6, 11, 14, 8, 6, 19, 21, 14, 17, 17, 28, 19, 0, 34]","""[0, 2, 3, 6, 3, 3, 1, 2, 2, 2, 3, 1, 4, 2, 2, 7, 3, 1, 2, 6, 7, 153, 0]"""
j20,2,proactive_quantile_0.9,60,True,44,0.07636237144470215,0.0005097389221191406,"[0, 0, 0, 0, 10, 12, 12, 10, 17, 7, 13, 17, 10, 7, 26, 28, 17, 22, 22, 37, 25, 0, 152]","""[0, 3, 3, 3, 1, 4, 1, 3, 2, 2, 1, 4, 3, 4, 2, 9, 3, 4, 4, 2, 6, 153, 0]"""
j20,2,reactive,60,False,inf,inf,inf,null,"[0, 3, 3, 3, 1, 4, 1, 3, 2, 2, 1, 4, 3, 4, 2, 9, 3, 4, 4, 2, 6, 153, 0]"
j20,2,stnu,60,True,33,0.9038815498352051,0.02056264877319336,"[0, 0, 0, 0, 7, 8, 8, 5, 12, 3, 8, 12, 7, 3, 20, 22, 12, 16, 16, 31, 20, 0, 33]","""[0, 3, 3, 3, 1, 4, 1, 3, 2, 2, 1, 4, 3, 4, 2, 9, 3, 4, 4, 2, 6, 153, 0]"""
j20,2,proactive_quantile_0.9,60,True,74,0.1740865707397461,0.0006003379821777344,"[0, 0, 0, 0, 10, 20, 20, 10, 30, 9, 20, 30, 16, 9, 44, 54, 30, 38, 39, 65, 45, 0, 152]","""[0, 11, 7, 5, 4, 6, 1, 2, 4, 8, 3, 8, 11, 1, 8, 9, 3, 7, 11, 4, 2, 153, 0]"""
j20,2,reactive,60,False,inf,inf,inf,null,"[0, 11, 7, 5, 4, 6, 1, 2, 4, 8, 3, 8, 11, 1, 8, 9, 3, 7, 11, 4, 2, 153, 0]"
j20,2,stnu,60,True,41,0.7965342998504639,0.02062058448791504,"[0, 0, 0, 0, 11, 13, 13, 11, 14, 5, 15, 18, 11, 5, 28, 30, 18, 24, 24, 39, 28, 0, 41]","""[0, 11, 2, 5, 2, 1, 3, 4, 9, 1, 3, 3, 2, 3, 2, 9, 6, 1, 4, 2, 8, 153, 0]"""
j20,2,proactive_quantile_0.9,60,True,44,0.09602665901184082,0.0005428791046142578,"[0, 0, 0, 0, 10, 12, 12, 10, 17, 7, 13, 17, 10, 7, 26, 28, 17, 22, 22, 37, 25, 0, 152]","""[0, 4, 1, 4, 2, 6, 1, 3, 8, 1, 2, 3, 6, 2, 1, 9, 6, 3, 1, 8, 6, 153, 0]"""
j20,2,reactive,60,False,inf,inf,inf,null,"[0, 4, 1, 4, 2, 6, 1, 3, 8, 1, 2, 3, 6, 2, 1, 9, 6, 3, 1, 8, 6, 153, 0]"
j20,2,stnu,60,True,40,2.456713914871216,0.02052164077758789,"[0, 0, 0, 0, 6, 8, 8, 5, 14, 4, 8, 14, 6, 4, 22, 23, 14, 20, 20, 32, 23, 0, 40]","""[0, 4, 1, 4, 2, 6, 1, 3, 8, 1, 2, 3, 6, 2, 1, 9, 6, 3, 1, 8, 6, 153, 0]"""
j20,2,proactive_quantile_0.9,60,True,44,0.07597231864929199,0.0005440711975097656,"[0, 0, 0, 0, 10, 12, 12, 10, 17, 7, 13, 17, 10, 7, 26, 28, 17, 22, 22, 37, 25, 0, 152]","""[0, 4, 3, 3, 1, 3, 1, 3, 9, 1, 2, 6, 2, 4, 3, 9, 1, 3, 3, 3, 5, 153, 0]"""
j20,2,reactive,60,False,inf,inf,inf,null,"[0, 4, 3, 3, 1, 3, 1, 3, 9, 1, 2, 6, 2, 4, 3, 9, 1, 3, 3, 3, 5, 153, 0]"
j20,2,stnu,60,True,35,0.8107988834381104,0.02035379409790039,"[0, 0, 0, 0, 7, 8, 8, 4, 11, 3, 8, 11, 7, 3, 20, 23, 11, 17, 17, 32, 20, 0, 35]","""[0, 4, 3, 3, 1, 3, 1, 3, 9, 1, 2, 6, 2, 4, 3, 9, 1, 3, 3, 3, 5, 153, 0]"""
j20,2,proactive_quantile_0.9,60,False,inf,0.19405126571655273,inf,"[0, 0, 0, 0, 10, 12, 12, 10, 17, 7, 13, 17, 10, 7, 26, 28, 17, 22, 22, 37, 25, 0, 152]","""[0, 12, 8, 6, 3, 2, 3, 2, 1, 2, 4, 4, 5, 2, 1, 7, 3, 1, 1, 4, 6, 153, 0]"""
j20,2,reactive,60,False,inf,inf,inf,null,"[0, 12, 8, 6, 3, 2, 3, 2, 1, 2, 4, 4, 5, 2, 1, 7, 3, 1, 1, 4, 6, 153, 0]"
j20,2,stnu,60,True,36,0.6969895362854004,0.020527362823486328,"[0, 0, 0, 0, 12, 15, 15, 12, 17, 8, 15, 19, 12, 8, 24, 25, 19, 23, 23, 32, 24, 0, 36]","""[0, 12, 8, 6, 3, 2, 3, 2, 1, 2, 4, 4, 5, 2, 1, 7, 3, 1, 1, 4, 6, 153, 0]"""
j20,2,proactive_quantile_0.9,60,False,inf,0.2258753776550293,inf,"[0, 0, 0, 0, 10, 12, 12, 10, 17, 7, 13, 17, 10, 7, 26, 28, 17, 22, 22, 37, 25, 0, 152]","""[0, 9, 7, 3, 3, 5, 3, 1, 6, 1, 4, 4, 5, 3, 3, 5, 2, 4, 4, 4, 8, 153, 0]"""
j20,2,reactive,60,False,inf,inf,inf,null,"[0, 9, 7, 3, 3, 5, 3, 1, 6, 1, 4, 4, 5, 3, 3, 5, 2, 4, 4, 4, 8, 153, 0]"
j20,2,stnu,60,True,38,0.6902797222137451,0.020692110061645508,"[0, 0, 0, 0, 10, 13, 13, 9, 18, 7, 13, 18, 10, 7, 26, 29, 18, 22, 22, 34, 26, 0, 38]","""[0, 9, 7, 3, 3, 5, 3, 1, 6, 1, 4, 4, 5, 3, 3, 5, 2, 4, 4, 4, 8, 153, 0]"""
j20,2,proactive_quantile_0.9,60,True,44,0.15941476821899414,0.0005238056182861328,"[0, 0, 0, 0, 10, 12, 12, 10, 17, 7, 13, 17, 10, 7, 26, 28, 17, 22, 22, 37, 25, 0, 152]","""[0, 11, 4, 3, 2, 2, 2, 2, 5, 2, 4, 2, 6, 2, 3, 6, 6, 3, 1, 3, 3, 153, 0]"""
j20,2,reactive,60,False,inf,inf,inf,null,"[0, 11, 4, 3, 2, 2, 2, 2, 5, 2, 4, 2, 6, 2, 3, 6, 6, 3, 1, 3, 3, 153, 0]"
j20,2,stnu,60,True,36,0.6818418502807617,0.02063894271850586,"[0, 0, 0, 0, 11, 13, 13, 11, 15, 4, 13, 17, 11, 4, 24, 27, 17, 23, 23, 33, 26, 0, 36]","""[0, 11, 4, 3, 2, 2, 2, 2, 5, 2, 4, 2, 6, 2, 3, 6, 6, 3, 1, 3, 3, 153, 0]"""
j20,2,proactive_quantile_0.9,60,True,55,0.0980522632598877,0.0011188983917236328,"[0, 0, 0, 0, 3, 26, 2, 3, 10, 11, 18, 16, 14, 15, 16, 37, 37, 27, 19, 32, 48, 0, 0, 0, 0, 0, 145]","""[0, 3, 3, 4, 8, 4, 7, 9, 3, 4, 6, 2, 1, 12, 4, 8, 9, 1, 2, 10, 7, 55, 146, 146, 58, 46, 0]"""
j20,2,reactive,60,False,inf,inf,inf,null,"[0, 3, 3, 4, 8, 4, 7, 9, 3, 4, 6, 2, 1, 12, 4, 8, 9, 1, 2, 10, 7, 55, 146, 146, 58, 46, 0]"
j20,2,stnu,60,False,inf,0.707629919052124,inf,[],"""[0, 3, 3, 4, 6, 4, 7, 9, 3, 4, 6, 2, 1, 12, 4, 8, 9, 1, 2, 10, 7, 55, 146, 146, 58, 46, 0]"""
j20,2,proactive_quantile_0.9,60,True,55,0.07811260223388672,0.0010647773742675781,"[0, 0, 0, 0, 3, 26, 2, 3, 10, 11, 18, 16, 14, 15, 16, 37, 37, 27, 19, 32, 48, 0, 0, 0, 0, 0, 145]","""[0, 1, 1, 4, 5, 5, 2, 5, 1, 7, 4, 1, 2, 4, 13, 3, 5, 5, 7, 6, 7, 55, 146, 146, 58, 46, 0]"""
j20,2,reactive,60,False,inf,inf,inf,null,"[0, 1, 1, 4, 5, 5, 2, 5, 1, 7, 4, 1, 2, 4, 13, 3, 5, 5, 7, 6, 7, 55, 146, 146, 58, 46, 0]"
j20,2,stnu,60,False,inf,0.7162268161773682,inf,[],"""[0, 1, 1, 4, 6, 5, 2, 5, 1, 7, 4, 1, 2, 4, 13, 3, 5, 5, 7, 6, 7, 55, 146, 146, 58, 46, 0]"""
j20,2,proactive_quantile_0.9,60,False,inf,0.07996988296508789,inf,"[0, 0, 0, 0, 3, 26, 2, 3, 10, 11, 18, 16, 14, 15, 16, 37, 37, 27, 19, 32, 48, 0, 0, 0, 0, 0, 145]","""[0, 3, 2, 8, 1, 7, 10, 6, 6, 4, 4, 1, 1, 9, 5, 8, 10, 2, 4, 15, 2, 55, 146, 146, 58, 46, 0]"""
j20,2,reactive,60,False,inf,inf,inf,null,"[0, 3, 2, 8, 1, 7, 10, 6, 6, 4, 4, 1, 1, 9, 5, 8, 10, 2, 4, 15, 2, 55, 146, 146, 58, 46, 0]"
j20,2,stnu,60,False,inf,0.5838577747344971,inf,[],"""[0, 3, 2, 8, 9, 7, 10, 6, 6, 4, 4, 1, 1, 9, 5, 8, 10, 2, 4, 15, 2, 55, 146, 146, 58, 46, 0]"""
j20,2,proactive_quantile_0.9,60,False,inf,0.16573119163513184,inf,"[0, 0, 0, 0, 3, 26, 2, 3, 10, 11, 18, 16, 14, 15, 16, 37, 37, 27, 19, 32, 48, 0, 0, 0, 0, 0, 145]","""[0, 1, 1, 8, 7, 13, 6, 9, 3, 1, 9, 1, 3, 12, 12, 10, 10, 4, 1, 12, 3, 55, 146, 146, 58, 46, 0]"""
j20,2,reactive,60,False,inf,inf,inf,null,"[0, 1, 1, 8, 7, 13, 6, 9, 3, 1, 9, 1, 3, 12, 12, 10, 10, 4, 1, 12, 3, 55, 146, 146, 58, 46, 0]"
j20,2,stnu,60,False,inf,1.2766902446746826,inf,[],"""[0, 1, 1, 8, 1, 13, 6, 9, 3, 1, 9, 1, 3, 12, 12, 10, 10, 4, 1, 12, 3, 55, 146, 146, 58, 46, 0]"""
j20,2,proactive_quantile_0.9,60,False,inf,0.17064189910888672,inf,"[0, 0, 0, 0, 3, 26, 2, 3, 10, 11, 18, 16, 14, 15, 16, 37, 37, 27, 19, 32, 48, 0, 0, 0, 0, 0, 145]","""[0, 1, 2, 12, 2, 8, 7, 13, 5, 6, 10, 2, 1, 8, 11, 5, 11, 4, 4, 3, 8, 55, 146, 146, 58, 46, 0]"""
j20,2,reactive,60,False,inf,inf,inf,null,"[0, 1, 2, 12, 2, 8, 7, 13, 5, 6, 10, 2, 1, 8, 11, 5, 11, 4, 4, 3, 8, 55, 146, 146, 58, 46, 0]"
j20,2,stnu,60,False,inf,0.7114033699035645,inf,[],"""[0, 1, 2, 12, 10, 8, 7, 13, 5, 6, 10, 2, 1, 8, 11, 5, 11, 4, 4, 3, 8, 55, 146, 146, 58, 46, 0]"""
j20,2,proactive_quantile_0.9,60,True,55,0.14464926719665527,0.0011096000671386719,"[0, 0, 0, 0, 3, 26, 2, 3, 10, 11, 18, 16, 14, 15, 16, 37, 37, 27, 19, 32, 48, 0, 0, 0, 0, 0, 145]","""[0, 2, 1, 6, 3, 2, 7, 6, 6, 4, 4, 3, 1, 11, 6, 12, 6, 6, 7, 7, 3, 55, 146, 146, 58, 46, 0]"""
j20,2,reactive,60,False,inf,inf,inf,null,"[0, 2, 1, 6, 3, 2, 7, 6, 6, 4, 4, 3, 1, 11, 6, 12, 6, 6, 7, 7, 3, 55, 146, 146, 58, 46, 0]"
j20,2,stnu,60,False,inf,0.5938773155212402,inf,[],"""[0, 2, 1, 6, 5, 2, 7, 6, 6, 4, 4, 3, 1, 11, 6, 12, 6, 6, 7, 7, 3, 55, 146, 146, 58, 46, 0]"""
j20,2,proactive_quantile_0.9,60,True,55,0.1762864589691162,0.001117706298828125,"[0, 0, 0, 0, 3, 26, 2, 3, 10, 11, 18, 16, 14, 15, 16, 37, 37, 27, 19, 32, 48, 0, 0, 0, 0, 0, 145]","""[0, 3, 2, 13, 4, 11, 3, 4, 2, 4, 10, 2, 3, 12, 2, 11, 3, 1, 7, 12, 3, 55, 146, 146, 58, 46, 0]"""
j20,2,reactive,60,False,inf,inf,inf,null,"[0, 3, 2, 13, 4, 11, 3, 4, 2, 4, 10, 2, 3, 12, 2, 11, 3, 1, 7, 12, 3, 55, 146, 146, 58, 46, 0]"
j20,2,stnu,60,False,inf,0.6176595687866211,inf,[],"""[0, 3, 2, 13, 3, 11, 3, 4, 2, 4, 10, 2, 3, 12, 2, 11, 3, 1, 7, 12, 3, 55, 146, 146, 58, 46, 0]"""
j20,2,proactive_quantile_0.9,60,True,55,0.07585906982421875,0.0010938644409179688,"[0, 0, 0, 0, 3, 26, 2, 3, 10, 11, 18, 16, 14, 15, 16, 37, 37, 27, 19, 32, 48, 0, 0, 0, 0, 0, 145]","""[0, 3, 2, 13, 1, 7, 10, 8, 5, 6, 1, 2, 2, 3, 6, 2, 9, 1, 1, 6, 6, 55, 146, 146, 58, 46, 0]"""
j20,2,reactive,60,True,54,0.07585906982421875,0.32065820693969727,"[0, 0, 0, 0, 3, 26, 2, 3, 10, 11, 18, 16, 14, 15, 16, 37, 37, 27, 19, 32, 48, 0, 0, 0, 0, 0, 145]","[0, 3, 2, 13, 1, 7, 10, 8, 5, 6, 1, 2, 2, 3, 6, 2, 9, 1, 1, 6, 6, 55, 146, 146, 58, 46, 0]"
j20,2,stnu,60,False,inf,0.601250171661377,inf,[],"""[0, 3, 2, 13, 4, 7, 10, 8, 5, 6, 1, 2, 2, 3, 6, 2, 9, 1, 1, 6, 6, 55, 146, 146, 58, 46, 0]"""
j20,2,proactive_quantile_0.9,60,False,inf,0.0789649486541748,inf,"[0, 0, 0, 0, 3, 26, 2, 3, 10, 11, 18, 16, 14, 15, 16, 37, 37, 27, 19, 32, 48, 0, 0, 0, 0, 0, 145]","""[0, 2, 3, 4, 8, 2, 2, 2, 6, 8, 5, 3, 1, 7, 4, 5, 9, 5, 8, 4, 7, 55, 146, 146, 58, 46, 0]"""
j20,2,reactive,60,False,inf,inf,inf,null,"[0, 2, 3, 4, 8, 2, 2, 2, 6, 8, 5, 3, 1, 7, 4, 5, 9, 5, 8, 4, 7, 55, 146, 146, 58, 46, 0]"
j20,2,stnu,60,False,inf,0.6142830848693848,inf,[],"""[0, 2, 3, 4, 6, 2, 2, 2, 6, 8, 5, 3, 1, 7, 4, 5, 9, 5, 8, 4, 7, 55, 146, 146, 58, 46, 0]"""
j20,2,proactive_quantile_0.9,60,True,55,0.07648396492004395,0.001096487045288086,"[0, 0, 0, 0, 3, 26, 2, 3, 10, 11, 18, 16, 14, 15, 16, 37, 37, 27, 19, 32, 48, 0, 0, 0, 0, 0, 145]","""[0, 2, 3, 2, 6, 2, 12, 6, 1, 2, 4, 2, 3, 11, 13, 11, 11, 3, 6, 5, 1, 55, 146, 146, 58, 46, 0]"""
j20,2,reactive,60,False,inf,inf,inf,null,"[0, 2, 3, 2, 6, 2, 12, 6, 1, 2, 4, 2, 3, 11, 13, 11, 11, 3, 6, 5, 1, 55, 146, 146, 58, 46, 0]"
j20,2,stnu,60,False,inf,0.6399571895599365,inf,[],"""[0, 2, 3, 2, 10, 2, 12, 6, 1, 2, 4, 2, 3, 11, 13, 11, 11, 3, 6, 5, 1, 55, 146, 146, 58, 46, 0]"""
j20,2,proactive_quantile_0.9,60,False,inf,0.08055281639099121,inf,"[0, 0, 0, 0, 2, 4, 2, 13, 9, 20, 9, 20, 20, 4, 12, 6, 9, 9, 23, 14, 30, 0, 0, 0, 0, 143]","""[0, 1, 14, 5, 3, 4, 4, 6, 1, 3, 2, 1, 12, 1, 9, 4, 2, 2, 3, 10, 2, 76, 94, 114, 144, 0]"""
j20,2,reactive,60,False,inf,inf,inf,null,"[0, 1, 14, 5, 3, 4, 4, 6, 1, 3, 2, 1, 12, 1, 9, 4, 2, 2, 3, 10, 2, 76, 94, 114, 144, 0]"
j20,2,stnu,60,True,27,0.8099701404571533,0.02315831184387207,"[0, 0, 0, 0, 1, 4, 1, 8, 8, 14, 8, 14, 14, 4, 13, 5, 8, 8, 22, 13, 25, 0, 0, 0, 0, 27]","""[0, 1, 4, 5, 3, 4, 4, 6, 5, 3, 6, 1, 4, 1, 9, 2, 2, 2, 3, 3, 2, 76, 94, 114, 144, 0]"""
j20,2,proactive_quantile_0.9,60,False,inf,0.15573954582214355,inf,"[0, 0, 0, 0, 2, 4, 2, 13, 9, 20, 9, 20, 20, 4, 12, 6, 9, 9, 23, 14, 30, 0, 0, 0, 0, 143]","""[0, 2, 10, 7, 1, 3, 2, 7, 1, 1, 1, 3, 3, 3, 4, 1, 5, 2, 3, 4, 2, 76, 94, 114, 144, 0]"""
j20,2,reactive,60,False,inf,inf,inf,null,"[0, 2, 10, 7, 1, 3, 2, 7, 1, 1, 1, 3, 3, 3, 4, 1, 5, 2, 3, 4, 2, 76, 94, 114, 144, 0]"
j20,2,stnu,60,True,25,0.7686710357666016,0.023476600646972656,"[0, 0, 0, 0, 2, 3, 2, 10, 7, 17, 7, 17, 17, 3, 8, 6, 7, 7, 20, 12, 23, 0, 0, 0, 0, 25]","""[0, 2, 10, 7, 1, 3, 2, 7, 1, 1, 1, 3, 3, 3, 4, 1, 5, 2, 3, 4, 2, 76, 94, 114, 144, 0]"""
j20,2,proactive_quantile_0.9,60,False,inf,0.060341835021972656,inf,"[0, 0, 0, 0, 2, 4, 2, 13, 9, 20, 9, 20, 20, 4, 12, 6, 9, 9, 23, 14, 30, 0, 0, 0, 0, 143]","""[0, 3, 5, 4, 2, 4, 4, 4, 2, 3, 2, 1, 11, 3, 12, 1, 5, 1, 3, 14, 2, 76, 94, 114, 144, 0]"""
j20,2,reactive,60,False,inf,inf,inf,null,"[0, 3, 5, 4, 2, 4, 4, 4, 2, 3, 2, 1, 11, 3, 12, 1, 5, 1, 3, 14, 2, 76, 94, 114, 144, 0]"
j20,2,stnu,60,True,32,0.8435792922973633,0.02347254753112793,"[0, 0, 0, 0, 3, 5, 3, 9, 11, 16, 11, 16, 15, 5, 15, 5, 11, 11, 27, 16, 30, 0, 0, 0, 0, 32]","""[0, 3, 2, 4, 2, 4, 4, 4, 4, 3, 4, 1, 8, 6, 12, 3, 5, 1, 3, 1, 2, 76, 94, 114, 144, 0]"""
j20,2,proactive_quantile_0.9,60,False,inf,0.0569911003112793,inf,"[0, 0, 0, 0, 2, 4, 2, 13, 9, 20, 9, 20, 20, 4, 12, 6, 9, 9, 23, 14, 30, 0, 0, 0, 0, 143]","""[0, 1, 10, 7, 1, 3, 5, 4, 3, 1, 1, 3, 9, 3, 13, 2, 2, 3, 1, 4, 1, 76, 94, 114, 144, 0]"""
j20,2,reactive,60,False,inf,inf,inf,null,"[0, 1, 10, 7, 1, 3, 5, 4, 3, 1, 1, 3, 9, 3, 13, 2, 2, 3, 1, 4, 1, 76, 94, 114, 144, 0]"
j20,2,stnu,60,True,25,0.661017894744873,0.023427248001098633,"[0, 0, 0, 0, 1, 2, 1, 10, 7, 14, 7, 14, 14, 2, 10, 5, 7, 7, 23, 10, 24, 0, 0, 0, 0, 25]","""[0, 1, 10, 7, 1, 3, 5, 4, 3, 1, 1, 3, 9, 3, 13, 2, 2, 3, 1, 4, 1, 76, 94, 114, 144, 0]"""
j20,2,proactive_quantile_0.9,60,False,inf,0.09528803825378418,inf,"[0, 0, 0, 0, 2, 4, 2, 13, 9, 20, 9, 20, 20, 4, 12, 6, 9, 9, 23, 14, 30, 0, 0, 0, 0, 143]","""[0, 1, 15, 1, 1, 6, 7, 8, 3, 4, 2, 3, 12, 2, 11, 2, 1, 2, 1, 6, 3, 76, 94, 114, 144, 0]"""
j20,2,reactive,60,False,inf,inf,inf,null,"[0, 1, 15, 1, 1, 6, 7, 8, 3, 4, 2, 3, 12, 2, 11, 2, 1, 2, 1, 6, 3, 76, 94, 114, 144, 0]"
j20,2,stnu,60,True,26,0.8082952499389648,0.023301362991333008,"[0, 0, 0, 0, 1, 2, 1, 8, 8, 16, 8, 16, 16, 2, 11, 2, 8, 8, 22, 11, 23, 0, 0, 0, 0, 26]","""[0, 1, 5, 1, 1, 6, 7, 8, 3, 4, 4, 3, 2, 2, 11, 5, 1, 2, 1, 5, 3, 76, 94, 114, 144, 0]"""
j20,2,proactive_quantile_0.9,60,True,32,0.2459251880645752,0.0009706020355224609,"[0, 0, 0, 0, 2, 4, 2, 10, 11, 17, 9, 17, 18, 4, 16, 7, 12, 12, 27, 17, 29, 0, 0, 0, 0, 143]","""[0, 3, 8, 1, 3, 6, 7, 6, 4, 2, 2, 3, 8, 3, 11, 2, 1, 3, 2, 5, 4, 76, 94, 114, 144, 0]"""
j20,2,reactive,60,False,inf,inf,inf,null,"[0, 3, 8, 1, 3, 6, 7, 6, 4, 2, 2, 3, 8, 3, 11, 2, 1, 3, 2, 5, 4, 76, 94, 114, 144, 0]"
j20,2,stnu,60,True,30,0.7149448394775391,0.023859739303588867,"[0, 0, 0, 0, 3, 6, 3, 14, 12, 20, 12, 20, 20, 6, 13, 8, 12, 12, 24, 15, 26, 0, 0, 0, 0, 30]","""[0, 3, 8, 1, 3, 6, 7, 6, 1, 2, 2, 3, 6, 2, 11, 1, 1, 3, 2, 10, 4, 76, 94, 114, 144, 0]"""
j20,2,proactive_quantile_0.9,60,True,32,0.16840362548828125,0.000997304916381836,"[0, 0, 0, 0, 2, 4, 2, 10, 11, 17, 9, 17, 18, 4, 16, 7, 12, 12, 27, 17, 29, 0, 0, 0, 0, 143]","""[0, 2, 11, 1, 1, 5, 5, 1, 2, 2, 10, 1, 5, 3, 10, 1, 1, 2, 2, 4, 1, 76, 94, 114, 144, 0]"""
j20,2,reactive,60,False,inf,inf,inf,null,"[0, 2, 11, 1, 1, 5, 5, 1, 2, 2, 10, 1, 5, 3, 10, 1, 1, 2, 2, 4, 1, 76, 94, 114, 144, 0]"
j20,2,stnu,60,True,26,0.7430541515350342,0.023156404495239258,"[0, 0, 0, 0, 2, 3, 2, 11, 11, 13, 8, 13, 18, 3, 13, 3, 8, 8, 23, 13, 25, 0, 0, 0, 0, 26]","""[0, 2, 11, 1, 1, 5, 5, 1, 2, 2, 10, 1, 5, 3, 10, 1, 1, 2, 2, 4, 1, 76, 94, 114, 144, 0]"""
j20,2,proactive_quantile_0.9,60,True,33,0.05553483963012695,0.0010254383087158203,"[0, 0, 0, 0, 2, 4, 2, 13, 9, 20, 9, 20, 20, 4, 12, 6, 9, 9, 23, 14, 30, 0, 0, 0, 0, 143]","""[0, 1, 9, 4, 3, 5, 5, 4, 4, 4, 2, 1, 8, 3, 8, 3, 3, 2, 2, 8, 3, 76, 94, 114, 144, 0]"""
j20,2,reactive,60,False,inf,inf,inf,null,"[0, 1, 9, 4, 3, 5, 5, 4, 4, 4, 2, 1, 8, 3, 8, 3, 3, 2, 2, 8, 3, 76, 94, 114, 144, 0]"
j20,2,stnu,60,True,31,0.709500789642334,0.023082733154296875,"[0, 0, 0, 0, 1, 4, 1, 9, 9, 13, 9, 13, 17, 4, 13, 4, 9, 9, 21, 13, 28, 0, 0, 0, 0, 31]","""[0, 1, 5, 4, 3, 5, 5, 4, 4, 4, 8, 1, 11, 4, 8, 1, 3, 2, 2, 3, 3, 76, 94, 114, 144, 0]"""
j20,2,proactive_quantile_0.9,60,False,inf,0.15246009826660156,inf,"[0, 0, 0, 0, 2, 4, 2, 10, 11, 17, 9, 17, 18, 4, 16, 7, 12, 12, 27, 17, 29, 0, 0, 0, 0, 143]","""[0, 1, 4, 5, 3, 4, 7, 4, 3, 3, 6, 2, 10, 4, 13, 6, 6, 1, 1, 8, 1, 76, 94, 114, 144, 0]"""
j20,2,reactive,60,False,inf,inf,inf,null,"[0, 1, 4, 5, 3, 4, 7, 4, 3, 3, 6, 2, 10, 4, 13, 6, 6, 1, 1, 8, 1, 76, 94, 114, 144, 0]"
j20,2,stnu,60,True,32,0.8327305316925049,0.023548603057861328,"[0, 0, 0, 0, 1, 4, 1, 14, 10, 18, 8, 18, 18, 4, 14, 7, 10, 10, 27, 16, 30, 0, 0, 0, 0, 32]","""[0, 1, 9, 5, 3, 4, 7, 4, 4, 3, 1, 2, 12, 3, 13, 3, 6, 1, 1, 16, 1, 76, 94, 114, 144, 0]"""
j20,2,proactive_quantile_0.9,60,False,inf,0.08031034469604492,inf,"[0, 0, 0, 0, 2, 4, 2, 13, 9, 20, 9, 20, 20, 4, 12, 6, 9, 9, 23, 14, 30, 0, 0, 0, 0, 143]","""[0, 1, 5, 5, 3, 6, 3, 6, 1, 4, 2, 3, 1, 1, 3, 3, 1, 1, 2, 9, 2, 76, 94, 114, 144, 0]"""
j20,2,reactive,60,False,inf,inf,inf,null,"[0, 1, 5, 5, 3, 6, 3, 6, 1, 4, 2, 3, 1, 1, 3, 3, 1, 1, 2, 9, 2, 76, 94, 114, 144, 0]"
j20,2,stnu,60,True,39,0.7745218276977539,0.02432084083557129,"[0, 0, 0, 0, 11, 17, 11, 7, 19, 25, 20, 18, 17, 17, 25, 17, 18, 20, 36, 30, 34, 0, 0, 0, 0, 39]","""[0, 5, 7, 11, 6, 2, 3, 7, 6, 9, 10, 2, 1, 1, 4, 1, 1, 1, 3, 5, 2, 76, 94, 114, 144, 0]"""
j20,2,proactive_quantile_0.9,60,True,50,0.06441783905029297,0.0018591880798339844,"[0, 0, 0, 0, 3, 10, 20, 9, 9, 14, 3, 19, 13, 10, 19, 14, 27, 30, 37, 32, 27, 0, 0, 0, 0, 0, 0, 0, 0, 0, 0, 135]","""[0, 2, 6, 3, 10, 8, 7, 11, 4, 4, 5, 3, 10, 4, 7, 4, 4, 8, 5, 10, 7, 58, 136, 103, 120, 35, 56, 111, 79, 81, 131, 0]"""
j20,2,reactive,60,False,inf,inf,inf,null,"[0, 2, 6, 3, 10, 8, 7, 11, 4, 4, 5, 3, 10, 4, 7, 4, 4, 8, 5, 10, 7, 58, 136, 103, 120, 35, 56, 111, 79, 81, 131, 0]"
j20,2,stnu,60,True,26,0.7174382209777832,0.03499245643615723,"[0, 0, 0, 0, 2, 7, 11, 4, 7, 11, 2, 15, 10, 4, 14, 11, 18, 18, 21, 21, 15, 0, 0, 0, 0, 0, 0, 0, 0, 0, 0, 26]","""[0, 2, 4, 2, 5, 2, 4, 2, 4, 3, 8, 3, 5, 3, 6, 2, 3, 1, 2, 1, 11, 58, 136, 103, 120, 35, 56, 111, 79, 81, 131, 0]"""
j20,2,proactive_quantile_0.9,60,True,50,0.09389352798461914,0.0018036365509033203,"[0, 0, 0, 0, 3, 10, 20, 9, 9, 14, 3, 19, 13, 10, 19, 14, 27, 30, 37, 32, 27, 0, 0, 0, 0, 0, 0, 0, 0, 0, 0, 135]","""[0, 4, 6, 1, 1, 8, 7, 1, 4, 1, 6, 9, 16, 2, 3, 7, 4, 5, 15, 4, 4, 58, 136, 103, 120, 35, 56, 111, 79, 81, 131, 0]"""
j20,2,reactive,60,False,inf,inf,inf,null,"[0, 4, 6, 1, 1, 8, 7, 1, 4, 1, 6, 9, 16, 2, 3, 7, 4, 5, 15, 4, 4, 58, 136, 103, 120, 35, 56, 111, 79, 81, 131, 0]"
j20,2,stnu,60,True,29,0.6702122688293457,0.034375667572021484,"[0, 0, 0, 0, 3, 8, 14, 8, 6, 10, 3, 18, 12, 8, 16, 12, 21, 21, 25, 25, 18, 0, 0, 0, 0, 0, 0, 0, 0, 0, 0, 29]","""[0, 3, 8, 4, 3, 6, 2, 2, 4, 3, 7, 3, 6, 4, 1, 4, 4, 3, 1, 4, 5, 58, 136, 103, 120, 35, 56, 111, 79, 81, 131, 0]"""
j20,2,proactive_quantile_0.9,60,True,27,0.06276369094848633,0.0017037391662597656,"[0, 0, 0, 0, 2, 7, 14, 8, 8, 13, 2, 16, 11, 7, 16, 13, 18, 18, 21, 21, 16, 0, 0, 0, 0, 0, 0, 0, 0, 0, 0, 135]","""[0, 1, 1, 3, 4, 4, 1, 3, 1, 3, 3, 1, 5, 2, 3, 1, 3, 1, 1, 3, 12, 58, 136, 103, 120, 35, 56, 111, 79, 81, 131, 0]"""
j20,2,reactive,60,True,28,0.06276369094848633,0.39110589027404785,"[0, 0, 0, 0, 2, 7, 14, 8, 8, 13, 2, 16, 11, 7, 16, 13, 18, 18, 21, 21, 16, 0, 0, 0, 0, 0, 0, 0, 0, 0, 0, 28]","[0, 1, 1, 3, 4, 4, 1, 3, 1, 3, 3, 1, 5, 2, 3, 1, 3, 1, 1, 3, 12, 58, 136, 103, 120, 35, 56, 111, 79, 81, 131, 0]"
j20,2,stnu,60,True,23,0.6576576232910156,0.034313201904296875,"[0, 0, 0, 0, 1, 5, 9, 3, 5, 6, 1, 11, 6, 1, 9, 6, 12, 12, 15, 15, 11, 0, 0, 0, 0, 0, 0, 0, 0, 0, 0, 23]","""[0, 1, 1, 3, 4, 4, 1, 3, 1, 3, 3, 1, 5, 2, 3, 1, 3, 1, 1, 3, 12, 58, 136, 103, 120, 35, 56, 111, 79, 81, 131, 0]"""
j20,2,proactive_quantile_0.9,60,True,50,0.07263851165771484,0.0018191337585449219,"[0, 0, 0, 0, 3, 10, 20, 9, 9, 14, 3, 19, 13, 10, 19, 14, 27, 30, 37, 32, 27, 0, 0, 0, 0, 0, 0, 0, 0, 0, 0, 135]","""[0, 2, 7, 9, 1, 8, 10, 9, 2, 4, 5, 5, 10, 4, 9, 3, 3, 3, 11, 11, 11, 58, 136, 103, 120, 35, 56, 111, 79, 81, 131, 0]"""
j20,2,reactive,60,True,48,0.07263851165771484,0.3744938373565674,"[0, 0, 0, 0, 3, 10, 20, 9, 9, 14, 3, 19, 13, 10, 19, 14, 27, 30, 37, 32, 27, 0, 0, 0, 0, 0, 0, 0, 0, 0, 0, 48]","[0, 2, 7, 9, 1, 8, 10, 9, 2, 4, 5, 5, 10, 4, 9, 3, 3, 3, 11, 11, 11, 58, 136, 103, 120, 35, 56, 111, 79, 81, 131, 0]"
j20,2,stnu,60,True,42,0.6800189018249512,0.03240776062011719,"[0, 0, 0, 0, 2, 7, 18, 9, 9, 11, 2, 15, 9, 7, 18, 11, 20, 28, 31, 23, 20, 0, 0, 0, 0, 0, 0, 0, 0, 0, 0, 42]","""[0, 2, 7, 9, 1, 8, 10, 9, 2, 4, 5, 5, 10, 4, 9, 3, 3, 3, 11, 11, 11, 58, 136, 103, 120, 35, 56, 111, 79, 81, 131, 0]"""
j20,2,proactive_quantile_0.9,60,True,50,0.07073354721069336,0.0018520355224609375,"[0, 0, 0, 0, 3, 10, 20, 9, 9, 14, 3, 19, 13, 10, 19, 14, 27, 30, 37, 32, 27, 0, 0, 0, 0, 0, 0, 0, 0, 0, 0, 135]","""[0, 2, 3, 5, 9, 4, 5, 2, 4, 2, 8, 3, 9, 3, 3, 1, 1, 3, 6, 2, 5, 58, 136, 103, 120, 35, 56, 111, 79, 81, 131, 0]"""
j20,2,reactive,60,True,43,0.07073354721069336,0.42902278900146484,"[0, 0, 0, 0, 3, 10, 20, 9, 9, 14, 3, 19, 13, 10, 19, 14, 27, 30, 37, 32, 27, 0, 0, 0, 0, 0, 0, 0, 0, 0, 0, 43]","[0, 2, 3, 5, 9, 4, 5, 2, 4, 2, 8, 3, 9, 3, 3, 1, 1, 3, 6, 2, 5, 58, 136, 103, 120, 35, 56, 111, 79, 81, 131, 0]"
j20,2,stnu,60,True,28,0.7534713745117188,0.03263711929321289,"[0, 0, 0, 0, 2, 3, 10, 5, 5, 11, 2, 13, 10, 3, 13, 11, 19, 19, 22, 20, 19, 0, 0, 0, 0, 0, 0, 0, 0, 0, 0, 28]","""[0, 2, 3, 5, 9, 4, 5, 2, 4, 2, 8, 3, 9, 3, 3, 1, 1, 3, 6, 2, 5, 58, 136, 103, 120, 35, 56, 111, 79, 81, 131, 0]"""
j20,2,proactive_quantile_0.9,60,True,50,0.07241606712341309,0.0018510818481445312,"[0, 0, 0, 0, 3, 10, 20, 9, 9, 14, 3, 19, 13, 10, 19, 14, 27, 30, 37, 32, 27, 0, 0, 0, 0, 0, 0, 0, 0, 0, 0, 135]","""[0, 3, 7, 7, 2, 5, 3, 10, 6, 5, 6, 8, 3, 1, 9, 8, 3, 3, 4, 11, 13, 58, 136, 103, 120, 35, 56, 111, 79, 81, 131, 0]"""
j20,2,reactive,60,False,inf,inf,inf,null,"[0, 3, 7, 7, 2, 5, 3, 10, 6, 5, 6, 8, 3, 1, 9, 8, 3, 3, 4, 11, 13, 58, 136, 103, 120, 35, 56, 111, 79, 81, 131, 0]"
j20,2,stnu,60,True,40,0.9358429908752441,0.03254199028015137,"[0, 0, 0, 0, 3, 7, 17, 7, 7, 13, 3, 18, 9, 7, 18, 13, 26, 26, 29, 29, 26, 0, 0, 0, 0, 0, 0, 0, 0, 0, 0, 40]","""[0, 3, 7, 7, 2, 5, 3, 10, 6, 5, 6, 8, 3, 1, 9, 8, 3, 3, 4, 11, 13, 58, 136, 103, 120, 35, 56, 111, 79, 81, 131, 0]"""
j20,2,proactive_quantile_0.9,60,True,27,0.09049224853515625,0.0017740726470947266,"[0, 0, 0, 0, 2, 7, 14, 8, 8, 13, 2, 16, 11, 7, 16, 13, 18, 18, 21, 21, 16, 0, 0, 0, 0, 0, 0, 0, 0, 0, 0, 135]","""[0, 2, 1, 4, 2, 4, 3, 3, 4, 2, 8, 1, 1, 3, 4, 2, 3, 2, 2, 2, 10, 58, 136, 103, 120, 35, 56, 111, 79, 81, 131, 0]"""
j20,2,reactive,60,True,26,0.09049224853515625,0.32294511795043945,"[0, 0, 0, 0, 2, 7, 14, 8, 8, 13, 2, 16, 11, 7, 16, 13, 18, 18, 21, 21, 16, 0, 0, 0, 0, 0, 0, 0, 0, 0, 0, 26]","[0, 2, 1, 4, 2, 4, 3, 3, 4, 2, 8, 1, 1, 3, 4, 2, 3, 2, 2, 2, 10, 58, 136, 103, 120, 35, 56, 111, 79, 81, 131, 0]"
j20,2,stnu,60,True,42,0.8041591644287109,0.03267192840576172,"[0, 0, 0, 0, 1, 4, 19, 10, 10, 14, 1, 20, 10, 4, 20, 14, 25, 30, 31, 28, 25, 0, 0, 0, 0, 0, 0, 0, 0, 0, 0, 42]","""[0, 1, 4, 10, 6, 2, 11, 9, 4, 6, 9, 5, 7, 1, 5, 1, 3, 1, 11, 6, 15, 58, 136, 103, 120, 35, 56, 111, 79, 81, 131, 0]"""
j20,2,proactive_quantile_0.9,60,True,50,0.09027886390686035,0.0018460750579833984,"[0, 0, 0, 0, 3, 10, 20, 9, 9, 14, 3, 19, 13, 10, 19, 14, 27, 30, 37, 32, 27, 0, 0, 0, 0, 0, 0, 0, 0, 0, 0, 135]","""[0, 3, 12, 1, 3, 3, 1, 11, 4, 6, 8, 6, 16, 2, 9, 5, 2, 4, 14, 5, 8, 58, 136, 103, 120, 35, 56, 111, 79, 81, 131, 0]"""
j20,2,reactive,60,False,inf,inf,inf,null,"[0, 3, 12, 1, 3, 3, 1, 11, 4, 6, 8, 6, 16, 2, 9, 5, 2, 4, 14, 5, 8, 58, 136, 103, 120, 35, 56, 111, 79, 81, 131, 0]"
j20,2,stnu,60,True,46,0.7920207977294922,0.03249216079711914,"[0, 0, 0, 0, 3, 12, 15, 1, 3, 7, 3, 14, 12, 12, 14, 11, 28, 28, 32, 30, 28, 0, 0, 0, 0, 0, 0, 0, 0, 0, 0, 46]","""[0, 3, 12, 1, 3, 3, 1, 11, 4, 6, 8, 6, 16, 2, 9, 5, 2, 4, 14, 5, 8, 58, 136, 103, 120, 35, 56, 111, 79, 81, 131, 0]"""
j20,2,proactive_quantile_0.9,60,True,50,0.06949162483215332,0.0018134117126464844,"[0, 0, 0, 0, 3, 10, 20, 9, 9, 14, 3, 19, 13, 10, 19, 14, 27, 30, 37, 32, 27, 0, 0, 0, 0, 0, 0, 0, 0, 0, 0, 135]","""[0, 2, 2, 4, 7, 7, 12, 12, 1, 4, 12, 5, 9, 2, 7, 7, 1, 4, 10, 3, 3, 58, 136, 103, 120, 35, 56, 111, 79, 81, 131, 0]"""
j20,2,reactive,60,False,inf,inf,inf,null,"[0, 2, 2, 4, 7, 7, 12, 12, 1, 4, 12, 5, 9, 2, 7, 7, 1, 4, 10, 3, 3, 58, 136, 103, 120, 35, 56, 111, 79, 81, 131, 0]"
j20,2,stnu,60,True,26,0.7947168350219727,0.03431272506713867,"[0, 0, 0, 0, 3, 6, 10, 9, 9, 13, 3, 17, 13, 5, 17, 10, 19, 19, 22, 22, 14, 0, 0, 0, 0, 0, 0, 0, 0, 0, 0, 26]","""[0, 3, 5, 9, 3, 3, 2, 1, 1, 4, 10, 2, 1, 3, 5, 1, 2, 3, 3, 4, 12, 58, 136, 103, 120, 35, 56, 111, 79, 81, 131, 0]"""
j20,2,proactive_quantile_0.9,60,True,50,0.07244324684143066,0.001817941665649414,"[0, 0, 0, 0, 3, 10, 20, 9, 9, 14, 3, 19, 13, 10, 19, 14, 27, 30, 37, 32, 27, 0, 0, 0, 0, 0, 0, 0, 0, 0, 0, 135]","""[0, 2, 6, 5, 5, 10, 10, 1, 1, 2, 9, 2, 5, 3, 1, 3, 3, 4, 3, 10, 13, 58, 136, 103, 120, 35, 56, 111, 79, 81, 131, 0]"""
j20,2,reactive,60,True,42,0.07244324684143066,0.36736512184143066,"[0, 0, 0, 0, 3, 10, 20, 9, 9, 14, 3, 19, 13, 10, 19, 14, 27, 30, 37, 32, 27, 0, 0, 0, 0, 0, 0, 0, 0, 0, 0, 42]","[0, 2, 6, 5, 5, 10, 10, 1, 1, 2, 9, 2, 5, 3, 1, 3, 3, 4, 3, 10, 13, 58, 136, 103, 120, 35, 56, 111, 79, 81, 131, 0]"
j20,2,stnu,60,True,21,0.8975975513458252,0.03419232368469238,"[0, 0, 0, 0, 1, 4, 10, 2, 4, 8, 1, 14, 8, 1, 12, 5, 15, 15, 17, 17, 14, 0, 0, 0, 0, 0, 0, 0, 0, 0, 0, 21]","""[0, 1, 1, 2, 3, 6, 4, 1, 1, 4, 7, 1, 6, 4, 2, 4, 1, 2, 3, 3, 7, 58, 136, 103, 120, 35, 56, 111, 79, 81, 131, 0]"""
j20,2,proactive_quantile_0.9,60,False,inf,0.13851594924926758,inf,"[0, 0, 0, 0, 2, 2, 4, 10, 7, 11, 9, 13, 13, 16, 2, 20, 20, 26, 31, 28, 20, 0, 0, 0, 0, 159]","""[0, 13, 1, 3, 3, 6, 4, 1, 2, 3, 12, 6, 4, 10, 3, 4, 7, 4, 5, 2, 14, 136, 150, 160, 70, 0]"""
j20,2,reactive,60,False,inf,inf,inf,null,"[0, 13, 1, 3, 3, 6, 4, 1, 2, 3, 12, 6, 4, 10, 3, 4, 7, 4, 5, 2, 14, 136, 150, 160, 70, 0]"
j20,2,stnu,60,True,33,2.283236026763916,0.02480006217956543,"[0, 0, 0, 0, 1, 1, 4, 11, 8, 13, 11, 13, 13, 16, 1, 16, 23, 23, 30, 30, 23, 0, 0, 0, 0, 33]","""[0, 13, 1, 3, 3, 6, 4, 1, 3, 3, 12, 7, 2, 2, 3, 4, 7, 4, 3, 2, 5, 136, 150, 160, 70, 0]"""
j20,2,proactive_quantile_0.9,60,True,37,0.06871628761291504,0.0011508464813232422,"[0, 0, 0, 0, 2, 2, 4, 10, 7, 11, 9, 13, 13, 16, 2, 16, 20, 21, 28, 28, 20, 0, 0, 0, 0, 159]","""[0, 5, 2, 3, 2, 7, 4, 2, 2, 6, 10, 6, 1, 2, 1, 5, 6, 5, 2, 3, 7, 136, 150, 160, 70, 0]"""
j20,2,reactive,60,False,inf,inf,inf,null,"[0, 5, 2, 3, 2, 7, 4, 2, 2, 6, 10, 6, 1, 2, 1, 5, 6, 5, 2, 3, 7, 136, 150, 160, 70, 0]"
j20,2,stnu,60,True,30,3.176408529281616,0.025081396102905273,"[0, 0, 0, 0, 2, 2, 4, 10, 8, 9, 10, 12, 12, 15, 2, 15, 20, 20, 27, 27, 20, 0, 0, 0, 0, 30]","""[0, 5, 2, 3, 2, 7, 4, 2, 2, 6, 10, 6, 1, 2, 1, 5, 6, 5, 2, 3, 7, 136, 150, 160, 70, 0]"""
j20,2,proactive_quantile_0.9,60,True,37,0.07344794273376465,0.0011279582977294922,"[0, 0, 0, 0, 2, 2, 4, 10, 7, 11, 9, 13, 13, 16, 2, 16, 20, 21, 28, 28, 20, 0, 0, 0, 0, 159]","""[0, 9, 1, 3, 3, 2, 1, 2, 1, 4, 6, 4, 3, 3, 1, 5, 3, 3, 1, 8, 6, 136, 150, 160, 70, 0]"""
j20,2,reactive,60,False,inf,inf,inf,null,"[0, 9, 1, 3, 3, 2, 1, 2, 1, 4, 6, 4, 3, 3, 1, 5, 3, 3, 1, 8, 6, 136, 150, 160, 70, 0]"
j20,2,stnu,60,True,30,3.2328224182128906,0.024981021881103516,"[0, 0, 0, 0, 1, 1, 4, 6, 5, 9, 6, 9, 9, 13, 1, 13, 16, 18, 22, 22, 16, 0, 0, 0, 0, 30]","""[0, 9, 1, 3, 3, 2, 1, 2, 1, 4, 6, 4, 3, 3, 1, 5, 3, 3, 1, 8, 6, 136, 150, 160, 70, 0]"""
j20,2,proactive_quantile_0.9,60,False,inf,0.07716989517211914,inf,"[0, 0, 0, 0, 2, 2, 4, 10, 7, 11, 9, 13, 13, 16, 2, 16, 20, 21, 28, 28, 20, 0, 0, 0, 0, 159]","""[0, 4, 3, 3, 3, 3, 4, 2, 1, 4, 10, 5, 2, 3, 3, 5, 3, 3, 3, 10, 3, 136, 150, 160, 70, 0]"""
j20,2,reactive,60,False,inf,inf,inf,null,"[0, 4, 3, 3, 3, 3, 4, 2, 1, 4, 10, 5, 2, 3, 3, 5, 3, 3, 3, 10, 3, 136, 150, 160, 70, 0]"
j20,2,stnu,60,True,34,2.8252007961273193,0.024578571319580078,"[0, 0, 0, 0, 3, 3, 6, 11, 10, 6, 11, 13, 13, 15, 3, 15, 21, 21, 24, 24, 21, 0, 0, 0, 0, 34]","""[0, 4, 3, 3, 3, 3, 4, 2, 1, 4, 10, 5, 2, 3, 3, 5, 3, 3, 3, 10, 3, 136, 150, 160, 70, 0]"""
j20,2,proactive_quantile_0.9,60,True,37,0.18869423866271973,0.001173257827758789,"[0, 0, 0, 0, 2, 2, 4, 10, 7, 11, 9, 13, 13, 16, 2, 16, 20, 21, 28, 28, 20, 0, 0, 0, 0, 159]","""[0, 2, 2, 2, 2, 6, 1, 2, 1, 4, 4, 2, 2, 2, 3, 6, 5, 2, 6, 9, 3, 136, 150, 160, 70, 0]"""
j20,2,reactive,60,False,inf,inf,inf,null,"[0, 2, 2, 2, 2, 6, 1, 2, 1, 4, 4, 2, 2, 2, 3, 6, 5, 2, 6, 9, 3, 136, 150, 160, 70, 0]"
j20,2,stnu,60,True,29,1.9925181865692139,0.024773120880126953,"[0, 0, 0, 0, 2, 2, 5, 8, 6, 8, 7, 10, 10, 12, 2, 12, 14, 18, 20, 20, 14, 0, 0, 0, 0, 29]","""[0, 2, 2, 2, 2, 6, 1, 2, 1, 4, 4, 2, 2, 2, 3, 6, 5, 2, 6, 9, 3, 136, 150, 160, 70, 0]"""
j20,2,proactive_quantile_0.9,60,False,inf,0.08359241485595703,inf,"[0, 0, 0, 0, 2, 2, 4, 10, 7, 11, 9, 13, 13, 16, 2, 16, 20, 21, 28, 28, 20, 0, 0, 0, 0, 159]","""[0, 3, 3, 2, 3, 3, 2, 1, 2, 3, 5, 6, 3, 2, 2, 2, 5, 1, 5, 7, 5, 136, 150, 160, 70, 0]"""
j20,2,reactive,60,False,inf,inf,inf,null,"[0, 3, 3, 2, 3, 3, 2, 1, 2, 3, 5, 6, 3, 2, 2, 2, 5, 1, 5, 7, 5, 136, 150, 160, 70, 0]"
j20,2,stnu,60,True,54,6.205115795135498,0.024941444396972656,"[0, 0, 0, 0, 6, 6, 9, 17, 16, 9, 21, 26, 26, 26, 6, 31, 31, 39, 40, 39, 31, 0, 0, 0, 0, 54]","""[0, 3, 6, 4, 3, 8, 7, 9, 5, 8, 8, 2, 5, 12, 3, 8, 6, 1, 14, 1, 5, 136, 150, 160, 70, 0]"""
j20,2,proactive_quantile_0.9,60,False,inf,0.07249212265014648,inf,"[0, 0, 0, 0, 2, 2, 4, 10, 7, 11, 9, 13, 13, 16, 2, 16, 20, 21, 28, 28, 20, 0, 0, 0, 0, 159]","""[0, 6, 3, 2, 1, 9, 1, 3, 1, 4, 11, 7, 2, 2, 1, 1, 5, 3, 2, 5, 4, 136, 150, 160, 70, 0]"""
j20,2,reactive,60,False,inf,inf,inf,null,"[0, 6, 3, 2, 1, 9, 1, 3, 1, 4, 11, 7, 2, 2, 1, 1, 5, 3, 2, 5, 4, 136, 150, 160, 70, 0]"
j20,2,stnu,60,True,32,1.3534955978393555,0.024924278259277344,"[0, 0, 0, 0, 3, 3, 4, 12, 5, 12, 6, 15, 15, 17, 3, 17, 22, 22, 27, 27, 22, 0, 0, 0, 0, 32]","""[0, 6, 3, 2, 1, 9, 1, 3, 1, 4, 11, 7, 2, 2, 1, 1, 5, 3, 2, 5, 4, 136, 150, 160, 70, 0]"""
j20,2,proactive_quantile_0.9,60,False,inf,0.08690643310546875,inf,"[0, 0, 0, 0, 2, 2, 4, 10, 7, 11, 9, 13, 13, 16, 2, 16, 20, 21, 28, 28, 20, 0, 0, 0, 0, 159]","""[0, 2, 2, 3, 1, 7, 4, 3, 3, 4, 12, 8, 4, 3, 2, 2, 5, 4, 5, 6, 4, 136, 150, 160, 70, 0]"""
j20,2,reactive,60,False,inf,inf,inf,null,"[0, 2, 2, 3, 1, 7, 4, 3, 3, 4, 12, 8, 4, 3, 2, 2, 5, 4, 5, 6, 4, 136, 150, 160, 70, 0]"
j20,2,stnu,60,True,34,2.210916042327881,0.024937868118286133,"[0, 0, 0, 0, 2, 2, 4, 11, 8, 9, 11, 14, 14, 18, 2, 18, 23, 23, 28, 28, 23, 0, 0, 0, 0, 34]","""[0, 2, 2, 3, 1, 7, 4, 3, 3, 4, 12, 8, 4, 3, 2, 2, 5, 4, 5, 6, 4, 136, 150, 160, 70, 0]"""
j20,2,proactive_quantile_0.9,60,True,37,0.0766446590423584,0.0011186599731445312,"[0, 0, 0, 0, 2, 2, 4, 10, 7, 11, 9, 13, 13, 16, 2, 16, 20, 21, 28, 28, 20, 0, 0, 0, 0, 159]","""[0, 2, 2, 1, 3, 9, 3, 4, 1, 4, 9, 2, 2, 3, 2, 1, 4, 4, 5, 5, 3, 136, 150, 160, 70, 0]"""
j20,2,reactive,60,False,inf,inf,inf,null,"[0, 2, 2, 1, 3, 9, 3, 4, 1, 4, 9, 2, 2, 3, 2, 1, 4, 4, 5, 5, 3, 136, 150, 160, 70, 0]"
j20,2,stnu,60,True,29,3.871727705001831,0.02481842041015625,"[0, 0, 0, 0, 2, 2, 5, 11, 8, 11, 9, 15, 15, 17, 2, 17, 20, 20, 24, 24, 20, 0, 0, 0, 0, 29]","""[0, 2, 2, 1, 3, 9, 3, 4, 1, 4, 9, 2, 2, 3, 2, 1, 4, 4, 5, 5, 3, 136, 150, 160, 70, 0]"""
j20,2,proactive_quantile_0.9,60,False,inf,0.07604169845581055,inf,"[0, 0, 0, 0, 2, 2, 4, 10, 7, 11, 9, 13, 13, 16, 2, 16, 20, 21, 28, 28, 20, 0, 0, 0, 0, 159]","""[0, 7, 2, 1, 1, 8, 3, 4, 1, 6, 12, 6, 3, 3, 3, 5, 8, 6, 3, 1, 2, 136, 150, 160, 70, 0]"""
j20,2,reactive,60,False,inf,inf,inf,null,"[0, 7, 2, 1, 1, 8, 3, 4, 1, 6, 12, 6, 3, 3, 3, 5, 8, 6, 3, 1, 2, 136, 150, 160, 70, 0]"
j20,2,stnu,60,True,32,3.802568197250366,0.025006532669067383,"[0, 0, 0, 0, 2, 2, 5, 10, 8, 10, 9, 14, 14, 17, 2, 17, 21, 22, 29, 29, 21, 0, 0, 0, 0, 32]","""[0, 7, 2, 1, 1, 8, 3, 4, 1, 6, 12, 6, 3, 3, 3, 5, 8, 6, 3, 1, 2, 136, 150, 160, 70, 0]"""
j20,2,proactive_quantile_0.9,60,False,inf,0.1565713882446289,inf,"[0, 0, 0, 0, 7, 2, 9, 14, 12, 17, 14, 17, 22, 22, 9, 14, 23, 21, 26, 25, 24, 0, 0, 146]","""[0, 4, 2, 2, 1, 4, 1, 2, 1, 2, 1, 2, 4, 2, 3, 7, 1, 3, 10, 10, 4, 40, 147, 0]"""
j20,2,reactive,60,False,inf,inf,inf,null,"[0, 4, 2, 2, 1, 4, 1, 2, 1, 2, 1, 2, 4, 2, 3, 7, 1, 3, 10, 10, 4, 40, 147, 0]"
j20,2,stnu,60,True,29,2.6031622886657715,0.021846294403076172,"[0, 0, 0, 0, 4, 2, 5, 8, 8, 10, 6, 10, 12, 15, 5, 8, 18, 15, 19, 17, 18, 0, 0, 29]","""[0, 4, 2, 2, 1, 4, 1, 2, 1, 2, 1, 2, 4, 2, 3, 7, 1, 3, 10, 10, 4, 40, 147, 0]"""
j20,2,proactive_quantile_0.9,60,False,inf,0.07279825210571289,inf,"[0, 0, 0, 0, 7, 2, 9, 14, 12, 17, 14, 17, 22, 22, 9, 14, 23, 21, 26, 25, 24, 0, 0, 146]","""[0, 7, 5, 3, 1, 6, 3, 3, 2, 3, 3, 1, 3, 2, 4, 2, 4, 1, 7, 9, 11, 40, 147, 0]"""
j20,2,reactive,60,False,inf,inf,inf,null,"[0, 7, 5, 3, 1, 6, 3, 3, 2, 3, 3, 1, 3, 2, 4, 2, 4, 1, 7, 9, 11, 40, 147, 0]"
j20,2,stnu,60,True,31,1.4288930892944336,0.021671295166015625,"[0, 0, 0, 0, 7, 3, 8, 12, 12, 15, 11, 15, 18, 18, 8, 12, 17, 16, 21, 21, 20, 0, 0, 31]","""[0, 7, 5, 3, 1, 6, 3, 3, 2, 3, 3, 1, 3, 2, 4, 2, 4, 1, 7, 9, 11, 40, 147, 0]"""
j20,2,proactive_quantile_0.9,60,True,39,0.15654850006103516,0.0005738735198974609,"[0, 0, 0, 0, 7, 2, 9, 14, 12, 17, 14, 17, 22, 22, 9, 14, 23, 21, 26, 25, 24, 0, 0, 146]","""[0, 6, 2, 2, 3, 3, 5, 4, 3, 3, 2, 4, 3, 1, 1, 1, 2, 3, 6, 5, 10, 40, 147, 0]"""
j20,2,reactive,60,False,inf,inf,inf,null,"[0, 6, 2, 2, 3, 3, 5, 4, 3, 3, 2, 4, 3, 1, 1, 1, 2, 3, 6, 5, 10, 40, 147, 0]"
j20,2,stnu,60,True,35,3.048358917236328,0.02171921730041504,"[0, 0, 0, 0, 6, 2, 9, 14, 10, 18, 14, 18, 21, 21, 9, 14, 25, 22, 27, 24, 25, 0, 0, 35]","""[0, 6, 2, 2, 3, 3, 5, 4, 3, 3, 2, 4, 3, 1, 1, 1, 2, 3, 6, 5, 10, 40, 147, 0]"""
j20,2,proactive_quantile_0.9,60,False,inf,0.08300113677978516,inf,"[0, 0, 0, 0, 7, 2, 9, 14, 12, 17, 14, 17, 22, 22, 9, 14, 23, 21, 26, 25, 24, 0, 0, 146]","""[0, 3, 5, 3, 3, 8, 5, 3, 2, 4, 3, 4, 2, 3, 2, 5, 4, 1, 1, 3, 7, 40, 147, 0]"""
j20,2,reactive,60,False,inf,inf,inf,null,"[0, 3, 5, 3, 3, 8, 5, 3, 2, 4, 3, 4, 2, 3, 2, 5, 4, 1, 1, 3, 7, 40, 147, 0]"
j20,2,stnu,60,True,49,1.7649896144866943,0.021998167037963867,"[0, 0, 0, 0, 5, 3, 8, 13, 11, 16, 13, 16, 19, 25, 8, 13, 25, 23, 30, 34, 28, 0, 0, 49]","""[0, 3, 5, 3, 3, 8, 5, 3, 2, 3, 3, 9, 15, 3, 2, 10, 5, 1, 1, 15, 4, 40, 147, 0]"""
j20,2,proactive_quantile_0.9,60,False,inf,0.07620573043823242,inf,"[0, 0, 0, 0, 7, 2, 9, 14, 12, 17, 14, 17, 22, 22, 9, 14, 23, 21, 26, 25, 24, 0, 0, 146]","""[0, 5, 5, 3, 1, 12, 4, 3, 1, 5, 3, 2, 2, 2, 1, 8, 3, 2, 7, 15, 9, 40, 147, 0]"""
j20,2,reactive,60,False,inf,inf,inf,null,"[0, 5, 5, 3, 1, 12, 4, 3, 1, 5, 3, 2, 2, 2, 1, 8, 3, 2, 7, 15, 9, 40, 147, 0]"
j20,2,stnu,60,True,40,1.6350758075714111,0.021610260009765625,"[0, 0, 0, 0, 5, 3, 6, 15, 15, 18, 15, 18, 23, 23, 6, 15, 25, 23, 28, 25, 25, 0, 0, 40]","""[0, 5, 5, 3, 1, 12, 4, 3, 1, 5, 3, 2, 2, 2, 1, 8, 3, 2, 7, 15, 9, 40, 147, 0]"""
j20,2,proactive_quantile_0.9,60,False,inf,0.1512925624847412,inf,"[0, 0, 0, 0, 7, 2, 9, 14, 12, 17, 14, 17, 22, 22, 9, 14, 23, 21, 26, 25, 24, 0, 0, 146]","""[0, 4, 2, 2, 2, 12, 6, 3, 5, 4, 1, 3, 1, 1, 4, 3, 2, 1, 3, 6, 11, 40, 147, 0]"""
j20,2,reactive,60,False,inf,inf,inf,null,"[0, 4, 2, 2, 2, 12, 6, 3, 5, 4, 1, 3, 1, 1, 4, 3, 2, 1, 3, 6, 11, 40, 147, 0]"
j20,2,stnu,60,True,35,1.4996850490570068,0.021570682525634766,"[0, 0, 0, 0, 4, 2, 6, 14, 14, 19, 14, 19, 23, 23, 6, 14, 23, 22, 25, 24, 24, 0, 0, 35]","""[0, 4, 2, 2, 2, 12, 6, 3, 5, 4, 1, 3, 1, 1, 4, 3, 2, 1, 3, 6, 11, 40, 147, 0]"""
j20,2,proactive_quantile_0.9,60,False,inf,0.15614986419677734,inf,"[0, 0, 0, 0, 7, 2, 9, 14, 12, 17, 14, 17, 22, 22, 9, 14, 23, 21, 26, 25, 24, 0, 0, 146]","""[0, 4, 1, 1, 2, 7, 5, 3, 6, 1, 2, 2, 1, 2, 1, 8, 2, 2, 1, 6, 12, 40, 147, 0]"""
j20,2,reactive,60,False,inf,inf,inf,null,"[0, 4, 1, 1, 2, 7, 5, 3, 6, 1, 2, 2, 1, 2, 1, 8, 2, 2, 1, 6, 12, 40, 147, 0]"
j20,2,stnu,60,True,33,3.5372865200042725,0.021767854690551758,"[0, 0, 0, 0, 4, 1, 6, 11, 8, 14, 11, 14, 15, 19, 6, 11, 21, 19, 23, 21, 21, 0, 0, 33]","""[0, 4, 1, 1, 2, 7, 5, 3, 6, 1, 2, 2, 1, 2, 1, 8, 2, 2, 1, 6, 12, 40, 147, 0]"""
j20,2,proactive_quantile_0.9,60,True,39,0.07842016220092773,0.0006005764007568359,"[0, 0, 0, 0, 7, 2, 9, 14, 12, 17, 14, 17, 22, 22, 9, 14, 23, 21, 26, 25, 24, 0, 0, 146]","""[0, 8, 1, 1, 3, 5, 2, 4, 1, 4, 2, 2, 3, 3, 1, 1, 4, 2, 1, 10, 7, 40, 147, 0]"""
j20,2,reactive,60,False,inf,inf,inf,null,"[0, 8, 1, 1, 3, 5, 2, 4, 1, 4, 2, 2, 3, 3, 1, 1, 4, 2, 1, 10, 7, 40, 147, 0]"
j20,2,stnu,60,True,34,1.8224780559539795,0.021654844284057617,"[0, 0, 0, 0, 8, 1, 11, 13, 12, 17, 13, 17, 21, 21, 11, 13, 21, 19, 25, 24, 24, 0, 0, 34]","""[0, 8, 1, 1, 3, 5, 2, 4, 1, 4, 2, 2, 3, 3, 1, 1, 4, 2, 1, 10, 7, 40, 147, 0]"""
j20,2,proactive_quantile_0.9,60,True,39,0.07439756393432617,0.0005633831024169922,"[0, 0, 0, 0, 7, 2, 9, 14, 12, 17, 14, 17, 22, 22, 9, 14, 23, 21, 26, 25, 24, 0, 0, 146]","""[0, 1, 1, 3, 1, 10, 2, 1, 5, 1, 2, 3, 3, 1, 4, 6, 1, 3, 3, 5, 6, 40, 147, 0]"""
j20,2,reactive,60,False,inf,inf,inf,null,"[0, 1, 1, 3, 1, 10, 2, 1, 5, 1, 2, 3, 3, 1, 4, 6, 1, 3, 3, 5, 6, 40, 147, 0]"
j20,2,stnu,60,True,30,1.9182918071746826,0.021788597106933594,"[0, 0, 0, 0, 1, 3, 2, 13, 13, 18, 13, 18, 19, 19, 3, 13, 24, 21, 25, 22, 24, 0, 0, 30]","""[0, 1, 1, 3, 1, 10, 2, 1, 5, 1, 2, 3, 3, 1, 4, 6, 1, 3, 3, 5, 6, 40, 147, 0]"""
j20,2,proactive_quantile_0.9,60,False,inf,0.0727531909942627,inf,"[0, 0, 0, 0, 7, 2, 9, 14, 12, 17, 14, 17, 22, 22, 9, 14, 23, 21, 26, 25, 24, 0, 0, 146]","""[0, 5, 3, 2, 3, 11, 3, 4, 4, 2, 2, 1, 2, 1, 1, 8, 2, 2, 2, 8, 5, 40, 147, 0]"""
j20,2,reactive,60,False,inf,inf,inf,null,"[0, 5, 3, 2, 3, 11, 3, 4, 4, 2, 2, 1, 2, 1, 1, 8, 2, 2, 2, 8, 5, 40, 147, 0]"
j20,2,stnu,60,True,30,2.941263198852539,0.021845340728759766,"[0, 0, 0, 0, 5, 2, 8, 13, 13, 17, 13, 17, 19, 21, 8, 13, 23, 21, 25, 22, 23, 0, 0, 30]","""[0, 5, 3, 2, 3, 11, 3, 4, 4, 2, 2, 1, 2, 1, 1, 8, 2, 2, 2, 8, 5, 40, 147, 0]"""
j20,2,proactive_quantile_0.9,60,True,64,0.07386898994445801,0.0004923343658447266,"[0, 0, 0, 0, 11, 9, 21, 11, 20, 30, 11, 25, 41, 30, 27, 41, 40, 49, 54, 32, 48, 0, 0, 65]","""[0, 6, 5, 1, 4, 2, 6, 4, 7, 11, 3, 1, 6, 12, 5, 5, 5, 4, 6, 5, 5, 22, 66, 0]"""
j20,2,reactive,60,False,inf,inf,inf,null,"[0, 6, 5, 1, 4, 2, 6, 4, 7, 11, 3, 1, 6, 12, 5, 5, 5, 4, 6, 5, 5, 22, 66, 0]"
j20,2,stnu,60,True,44,2.9593303203582764,0.021826982498168945,"[0, 0, 0, 0, 7, 3, 17, 9, 17, 22, 7, 19, 28, 22, 19, 28, 32, 32, 36, 22, 29, 0, 0, 44]","""[0, 7, 3, 4, 1, 6, 5, 8, 2, 6, 4, 3, 1, 9, 2, 4, 2, 4, 8, 12, 6, 22, 66, 0]"""
j20,2,proactive_quantile_0.9,60,False,inf,0.0729825496673584,inf,"[0, 0, 0, 0, 8, 2, 18, 9, 16, 23, 8, 21, 28, 23, 21, 28, 32, 31, 37, 24, 30, 0, 0, 65]","""[0, 5, 3, 3, 10, 2, 2, 7, 3, 4, 4, 3, 3, 8, 1, 4, 4, 6, 5, 12, 4, 22, 66, 0]"""
j20,2,reactive,60,False,inf,inf,inf,null,"[0, 5, 3, 3, 10, 2, 2, 7, 3, 4, 4, 3, 3, 8, 1, 4, 4, 6, 5, 12, 4, 22, 66, 0]"
j20,2,stnu,60,True,36,3.9604809284210205,0.021885156631469727,"[0, 0, 0, 0, 5, 3, 15, 5, 12, 17, 5, 15, 21, 17, 15, 21, 25, 25, 31, 18, 24, 0, 0, 36]","""[0, 5, 3, 3, 10, 2, 2, 7, 3, 4, 4, 3, 3, 8, 1, 4, 4, 6, 5, 12, 4, 22, 66, 0]"""
j20,2,proactive_quantile_0.9,60,True,48,0.15995049476623535,0.00042247772216796875,"[0, 0, 0, 0, 8, 2, 18, 9, 16, 23, 8, 21, 28, 23, 21, 28, 32, 31, 37, 24, 30, 0, 0, 65]","""[0, 9, 2, 5, 5, 3, 2, 5, 1, 1, 3, 1, 1, 3, 3, 4, 1, 1, 11, 6, 2, 22, 66, 0]"""
j20,2,reactive,60,False,inf,inf,inf,null,"[0, 9, 2, 5, 5, 3, 2, 5, 1, 1, 3, 1, 1, 3, 3, 4, 1, 1, 11, 6, 2, 22, 66, 0]"
j20,2,stnu,60,True,38,2.1440770626068115,0.021622657775878906,"[0, 0, 0, 0, 9, 2, 19, 9, 14, 21, 9, 19, 22, 21, 19, 22, 26, 26, 27, 22, 23, 0, 0, 38]","""[0, 9, 2, 5, 10, 3, 2, 5, 1, 1, 3, 1, 1, 3, 3, 4, 1, 1, 1, 16, 1, 22, 66, 0]"""
j20,2,proactive_quantile_0.9,60,False,inf,0.0524444580078125,inf,"[0, 0, 0, 0, 8, 2, 18, 9, 16, 23, 8, 21, 28, 23, 21, 28, 32, 31, 37, 24, 30, 0, 0, 65]","""[0, 6, 2, 6, 1, 4, 4, 3, 3, 6, 11, 4, 3, 7, 3, 2, 5, 1, 7, 9, 1, 22, 66, 0]"""
j20,2,reactive,60,False,inf,inf,inf,null,"[0, 6, 2, 6, 1, 4, 4, 3, 3, 6, 11, 4, 3, 7, 3, 2, 5, 1, 7, 9, 1, 22, 66, 0]"
j20,2,stnu,60,True,36,2.6683123111724854,0.021984577178955078,"[0, 0, 0, 0, 6, 2, 9, 6, 9, 13, 6, 17, 21, 17, 17, 21, 24, 24, 29, 21, 24, 0, 0, 36]","""[0, 6, 2, 6, 1, 4, 4, 3, 3, 6, 11, 4, 3, 7, 3, 2, 5, 1, 7, 9, 1, 22, 66, 0]"""
j20,2,proactive_quantile_0.9,60,True,44,0.07940936088562012,0.0004456043243408203,"[0, 0, 0, 0, 8, 2, 18, 9, 16, 23, 8, 21, 28, 23, 21, 28, 32, 31, 37, 24, 30, 0, 0, 65]","""[0, 7, 3, 1, 3, 3, 4, 1, 3, 6, 7, 3, 2, 3, 1, 4, 3, 5, 5, 11, 5, 22, 66, 0]"""
j20,2,reactive,60,False,inf,inf,inf,null,"[0, 7, 3, 1, 3, 3, 4, 1, 3, 6, 7, 3, 2, 3, 1, 4, 3, 5, 5, 11, 5, 22, 66, 0]"
j20,2,stnu,60,True,34,4.979964256286621,0.022023439407348633,"[0, 0, 0, 0, 7, 3, 10, 7, 8, 14, 7, 14, 20, 14, 14, 20, 24, 24, 29, 17, 22, 0, 0, 34]","""[0, 7, 3, 1, 3, 3, 4, 1, 3, 6, 7, 3, 2, 3, 1, 4, 3, 5, 5, 11, 5, 22, 66, 0]"""
j20,2,proactive_quantile_0.9,60,True,44,0.07709765434265137,0.0004525184631347656,"[0, 0, 0, 0, 8, 2, 18, 9, 16, 23, 8, 21, 28, 23, 21, 28, 32, 31, 37, 24, 30, 0, 0, 65]","""[0, 3, 1, 5, 7, 3, 3, 4, 3, 5, 4, 1, 2, 8, 3, 3, 5, 2, 1, 5, 4, 22, 66, 0]"""
j20,2,reactive,60,True,38,0.07709765434265137,0.2763984203338623,"[0, 0, 0, 0, 8, 2, 18, 9, 16, 23, 8, 21, 28, 23, 21, 28, 32, 31, 37, 24, 30, 0, 0, 38]","[0, 3, 1, 5, 7, 3, 3, 4, 3, 5, 4, 1, 2, 8, 3, 3, 5, 2, 1, 5, 4, 22, 66, 0]"
j20,2,stnu,60,True,29,5.075862407684326,0.021802425384521484,"[0, 0, 0, 0, 5, 1, 12, 4, 8, 15, 5, 12, 20, 15, 12, 20, 23, 23, 28, 15, 22, 0, 0, 29]","""[0, 3, 1, 5, 7, 3, 3, 4, 3, 5, 4, 1, 2, 8, 3, 3, 5, 2, 1, 5, 4, 22, 66, 0]"""
j20,2,proactive_quantile_0.9,60,False,inf,0.15532851219177246,inf,"[0, 0, 0, 0, 8, 2, 18, 9, 16, 23, 8, 21, 28, 23, 21, 28, 32, 31, 37, 24, 30, 0, 0, 65]","""[0, 5, 1, 5, 12, 8, 5, 5, 3, 1, 7, 4, 2, 2, 3, 2, 5, 2, 5, 10, 4, 22, 66, 0]"""
j20,2,reactive,60,False,inf,inf,inf,null,"[0, 5, 1, 5, 12, 8, 5, 5, 3, 1, 7, 4, 2, 2, 3, 2, 5, 2, 5, 10, 4, 22, 66, 0]"
j20,2,stnu,60,True,35,3.7329211235046387,0.021746158599853516,"[0, 0, 0, 0, 5, 1, 17, 9, 14, 22, 5, 17, 23, 22, 17, 23, 25, 25, 30, 22, 25, 0, 0, 35]","""[0, 5, 1, 5, 12, 8, 5, 5, 3, 1, 7, 4, 2, 2, 3, 2, 5, 2, 5, 10, 4, 22, 66, 0]"""
j20,2,proactive_quantile_0.9,60,True,44,0.08464932441711426,0.0004813671112060547,"[0, 0, 0, 0, 8, 2, 18, 9, 16, 23, 8, 21, 28, 23, 21, 28, 32, 31, 37, 24, 30, 0, 0, 65]","""[0, 8, 1, 5, 10, 1, 4, 5, 1, 5, 12, 3, 1, 5, 2, 2, 2, 6, 5, 5, 5, 22, 66, 0]"""
j20,2,reactive,60,True,42,0.08464932441711426,0.2786071300506592,"[0, 0, 0, 0, 8, 2, 18, 9, 16, 23, 8, 21, 28, 23, 21, 28, 32, 31, 37, 24, 30, 0, 0, 42]","[0, 8, 1, 5, 10, 1, 4, 5, 1, 5, 12, 3, 1, 5, 2, 2, 2, 6, 5, 5, 5, 22, 66, 0]"
j20,2,stnu,60,True,40,0.9629757404327393,0.021918296813964844,"[0, 0, 0, 0, 8, 1, 18, 8, 13, 22, 8, 20, 27, 22, 20, 27, 29, 29, 35, 23, 28, 0, 0, 40]","""[0, 8, 1, 5, 10, 1, 4, 5, 1, 5, 12, 3, 1, 5, 2, 2, 2, 6, 5, 5, 5, 22, 66, 0]"""
j20,2,proactive_quantile_0.9,60,True,64,0.08770561218261719,0.0005145072937011719,"[0, 0, 0, 0, 11, 9, 21, 11, 20, 30, 11, 25, 41, 30, 27, 41, 40, 49, 54, 32, 48, 0, 0, 65]","""[0, 7, 1, 2, 10, 7, 10, 10, 1, 10, 7, 3, 5, 3, 2, 3, 1, 6, 9, 2, 7, 22, 66, 0]"""
j20,2,reactive,60,False,inf,inf,inf,null,"[0, 7, 1, 2, 10, 7, 10, 10, 1, 10, 7, 3, 5, 3, 2, 3, 1, 6, 9, 2, 7, 22, 66, 0]"
j20,2,stnu,60,True,37,1.0079352855682373,0.021971464157104492,"[0, 0, 0, 0, 4, 1, 15, 8, 15, 20, 4, 19, 25, 20, 19, 25, 26, 27, 33, 22, 27, 0, 0, 37]","""[0, 4, 1, 3, 1, 7, 5, 7, 4, 5, 8, 3, 2, 3, 3, 1, 3, 6, 4, 5, 4, 22, 66, 0]"""
j20,2,proactive_quantile_0.9,60,False,inf,0.07485222816467285,inf,"[0, 0, 0, 0, 8, 2, 18, 9, 16, 23, 8, 21, 28, 23, 21, 28, 32, 31, 37, 24, 30, 0, 0, 65]","""[0, 3, 3, 5, 5, 3, 2, 3, 1, 4, 10, 4, 2, 7, 4, 2, 3, 4, 8, 7, 4, 22, 66, 0]"""
j20,2,reactive,60,False,inf,inf,inf,null,"[0, 3, 3, 5, 5, 3, 2, 3, 1, 4, 10, 4, 2, 7, 4, 2, 3, 4, 8, 7, 4, 22, 66, 0]"
j20,2,stnu,60,True,33,0.6656284332275391,0.021701574325561523,"[0, 0, 0, 0, 5, 3, 10, 6, 9, 12, 5, 15, 19, 15, 15, 19, 22, 21, 25, 19, 21, 0, 0, 33]","""[0, 3, 3, 5, 5, 3, 2, 3, 1, 4, 10, 4, 2, 7, 4, 2, 3, 4, 8, 7, 4, 22, 66, 0]"""
j20,2,proactive_quantile_0.9,60,False,inf,0.08145308494567871,inf,"[0, 0, 0, 0, 5, 5, 10, 5, 10, 3, 13, 8, 13, 13, 23, 3, 12, 23, 28, 26, 14, 0, 0, 0, 0, 0, 0, 0, 0, 0, 0, 0, 0, 0, 0, 0, 0, 148]","""[0, 3, 1, 3, 4, 3, 1, 3, 4, 1, 8, 1, 3, 5, 4, 2, 2, 2, 4, 4, 4, 81, 67, 100, 25, 71, 102, 113, 86, 140, 56, 138, 127, 16, 54, 116, 149, 0]"""
j20,2,reactive,60,False,inf,inf,inf,null,"[0, 3, 1, 3, 4, 3, 1, 3, 4, 1, 8, 1, 3, 5, 4, 2, 2, 2, 4, 4, 4, 81, 67, 100, 25, 71, 102, 113, 86, 140, 56, 138, 127, 16, 54, 116, 149, 0]"
j20,2,stnu,60,False,inf,0.6380059719085693,inf,[],"""[0, 6, 3, 3, 5, 6, 1, 4, 6, 11, 2, 6, 3, 8, 1, 3, 1, 4, 4, 4, 4, 81, 67, 100, 25, 71, 102, 113, 86, 140, 56, 138, 127, 16, 54, 116, 149, 0]"""
j20,2,proactive_quantile_0.9,60,True,36,0.09561038017272949,0.002541780471801758,"[0, 0, 0, 0, 5, 5, 10, 5, 10, 3, 13, 8, 13, 13, 23, 3, 12, 23, 28, 26, 14, 0, 0, 0, 0, 0, 0, 0, 0, 0, 0, 0, 0, 0, 0, 0, 0, 148]","""[0, 1, 4, 3, 2, 1, 1, 1, 2, 2, 3, 2, 1, 3, 5, 1, 2, 4, 2, 8, 1, 81, 67, 100, 25, 71, 102, 113, 86, 140, 56, 138, 127, 16, 54, 116, 149, 0]"""
j20,2,reactive,60,False,inf,inf,inf,null,"[0, 1, 4, 3, 2, 1, 1, 1, 2, 2, 3, 2, 1, 3, 5, 1, 2, 4, 2, 8, 1, 81, 67, 100, 25, 71, 102, 113, 86, 140, 56, 138, 127, 16, 54, 116, 149, 0]"
j20,2,stnu,60,False,inf,0.8595795631408691,inf,[],"""[0, 12, 3, 3, 4, 7, 3, 2, 6, 7, 4, 1, 6, 5, 3, 6, 4, 5, 8, 8, 6, 81, 67, 100, 25, 71, 102, 113, 86, 140, 56, 138, 127, 16, 54, 116, 149, 0]"""
j20,2,proactive_quantile_0.9,60,True,36,0.08062195777893066,0.002676725387573242,"[0, 0, 0, 0, 5, 5, 10, 5, 10, 3, 13, 8, 13, 13, 23, 3, 12, 23, 28, 26, 14, 0, 0, 0, 0, 0, 0, 0, 0, 0, 0, 0, 0, 0, 0, 0, 0, 148]","""[0, 1, 2, 2, 3, 2, 3, 1, 1, 1, 3, 2, 4, 3, 5, 4, 2, 1, 3, 8, 4, 81, 67, 100, 25, 71, 102, 113, 86, 140, 56, 138, 127, 16, 54, 116, 149, 0]"""
j20,2,reactive,60,False,inf,inf,inf,null,"[0, 1, 2, 2, 3, 2, 3, 1, 1, 1, 3, 2, 4, 3, 5, 4, 2, 1, 3, 8, 4, 81, 67, 100, 25, 71, 102, 113, 86, 140, 56, 138, 127, 16, 54, 116, 149, 0]"
j20,2,stnu,60,True,32,0.8891100883483887,0.05219388008117676,"[0, 0, 0, 0, 2, 2, 8, 2, 8, 2, 3, 6, 11, 9, 16, 2, 11, 18, 24, 19, 12, 0, 0, 0, 0, 0, 0, 0, 0, 0, 0, 0, 0, 0, 0, 0, 0, 32]","""[0, 1, 2, 2, 3, 2, 3, 1, 1, 1, 7, 2, 7, 1, 8, 4, 1, 1, 8, 8, 4, 81, 67, 100, 25, 71, 102, 113, 86, 140, 56, 138, 127, 16, 54, 116, 149, 0]"""
j20,2,proactive_quantile_0.9,60,False,inf,0.154160737991333,inf,"[0, 0, 0, 0, 5, 5, 10, 5, 10, 3, 13, 8, 13, 13, 23, 3, 12, 23, 28, 26, 14, 0, 0, 0, 0, 0, 0, 0, 0, 0, 0, 0, 0, 0, 0, 0, 0, 148]","""[0, 2, 4, 4, 2, 3, 2, 1, 1, 2, 12, 2, 3, 2, 5, 1, 3, 1, 2, 3, 2, 81, 67, 100, 25, 71, 102, 113, 86, 140, 56, 138, 127, 16, 54, 116, 149, 0]"""
j20,2,reactive,60,False,inf,inf,inf,null,"[0, 2, 4, 4, 2, 3, 2, 1, 1, 2, 12, 2, 3, 2, 5, 1, 3, 1, 2, 3, 2, 81, 67, 100, 25, 71, 102, 113, 86, 140, 56, 138, 127, 16, 54, 116, 149, 0]"
j20,2,stnu,60,False,inf,0.7293267250061035,inf,[],"""[0, 12, 1, 4, 5, 9, 9, 1, 5, 5, 13, 3, 1, 7, 6, 6, 3, 3, 5, 3, 4, 81, 67, 100, 25, 71, 102, 113, 86, 140, 56, 138, 127, 16, 54, 116, 149, 0]"""
j20,2,proactive_quantile_0.9,60,True,36,0.14050722122192383,0.002594470977783203,"[0, 0, 0, 0, 5, 5, 10, 5, 10, 3, 13, 8, 13, 13, 23, 3, 12, 23, 28, 26, 14, 0, 0, 0, 0, 0, 0, 0, 0, 0, 0, 0, 0, 0, 0, 0, 0, 148]","""[0, 2, 4, 1, 5, 4, 1, 1, 3, 6, 9, 3, 2, 5, 5, 2, 2, 3, 3, 5, 2, 81, 67, 100, 25, 71, 102, 113, 86, 140, 56, 138, 127, 16, 54, 116, 149, 0]"""
j20,2,reactive,60,True,31,0.14050722122192383,0.4974558353424072,"[0, 0, 0, 0, 5, 5, 10, 5, 10, 3, 13, 8, 13, 13, 23, 3, 12, 23, 28, 26, 14, 0, 0, 0, 0, 0, 0, 0, 0, 0, 0, 0, 0, 0, 0, 0, 0, 31]","[0, 2, 4, 1, 5, 4, 1, 1, 3, 6, 9, 3, 2, 5, 5, 2, 2, 3, 3, 5, 2, 81, 67, 100, 25, 71, 102, 113, 86, 140, 56, 138, 127, 16, 54, 116, 149, 0]"
j20,2,stnu,60,False,inf,0.6483795642852783,inf,[],"""[0, 6, 4, 1, 5, 6, 7, 3, 1, 8, 2, 6, 4, 2, 8, 1, 3, 3, 4, 5, 8, 81, 67, 100, 25, 71, 102, 113, 86, 140, 56, 138, 127, 16, 54, 116, 149, 0]"""
j20,2,proactive_quantile_0.9,60,False,inf,0.14785432815551758,inf,"[0, 0, 0, 0, 5, 5, 10, 5, 10, 3, 13, 8, 13, 13, 23, 3, 12, 23, 28, 26, 14, 0, 0, 0, 0, 0, 0, 0, 0, 0, 0, 0, 0, 0, 0, 0, 0, 148]","""[0, 3, 4, 1, 4, 4, 2, 4, 2, 7, 6, 1, 3, 1, 5, 2, 1, 2, 2, 7, 3, 81, 67, 100, 25, 71, 102, 113, 86, 140, 56, 138, 127, 16, 54, 116, 149, 0]"""
j20,2,reactive,60,False,inf,inf,inf,null,"[0, 3, 4, 1, 4, 4, 2, 4, 2, 7, 6, 1, 3, 1, 5, 2, 1, 2, 2, 7, 3, 81, 67, 100, 25, 71, 102, 113, 86, 140, 56, 138, 127, 16, 54, 116, 149, 0]"
j20,2,stnu,60,True,28,0.9004256725311279,0.05227160453796387,"[0, 0, 0, 0, 4, 4, 9, 4, 9, 3, 11, 8, 11, 11, 17, 3, 11, 17, 22, 21, 12, 0, 0, 0, 0, 0, 0, 0, 0, 0, 0, 0, 0, 0, 0, 0, 0, 28]","""[0, 3, 4, 1, 4, 1, 2, 4, 2, 7, 6, 1, 3, 1, 5, 2, 1, 4, 2, 7, 3, 81, 67, 100, 25, 71, 102, 113, 86, 140, 56, 138, 127, 16, 54, 116, 149, 0]"""
j20,2,proactive_quantile_0.9,60,False,inf,0.09728550910949707,inf,"[0, 0, 0, 0, 5, 5, 10, 5, 10, 3, 13, 8, 13, 13, 23, 3, 12, 23, 28, 26, 14, 0, 0, 0, 0, 0, 0, 0, 0, 0, 0, 0, 0, 0, 0, 0, 0, 148]","""[0, 2, 4, 4, 2, 2, 3, 1, 4, 11, 2, 3, 3, 5, 2, 1, 3, 4, 2, 7, 1, 81, 67, 100, 25, 71, 102, 113, 86, 140, 56, 138, 127, 16, 54, 116, 149, 0]"""
j20,2,reactive,60,False,inf,inf,inf,null,"[0, 2, 4, 4, 2, 2, 3, 1, 4, 11, 2, 3, 3, 5, 2, 1, 3, 4, 2, 7, 1, 81, 67, 100, 25, 71, 102, 113, 86, 140, 56, 138, 127, 16, 54, 116, 149, 0]"
j20,2,stnu,60,True,25,0.7342119216918945,0.05230426788330078,"[0, 0, 0, 0, 4, 4, 8, 4, 8, 4, 13, 5, 13, 12, 16, 4, 11, 16, 18, 18, 14, 0, 0, 0, 0, 0, 0, 0, 0, 0, 0, 0, 0, 0, 0, 0, 0, 25]","""[0, 2, 4, 4, 2, 1, 3, 1, 4, 9, 2, 3, 3, 5, 2, 1, 3, 2, 2, 7, 1, 81, 67, 100, 25, 71, 102, 113, 86, 140, 56, 138, 127, 16, 54, 116, 149, 0]"""
j20,2,proactive_quantile_0.9,60,True,36,0.14022541046142578,0.002626180648803711,"[0, 0, 0, 0, 5, 5, 10, 5, 10, 3, 13, 8, 13, 13, 23, 3, 12, 23, 28, 26, 14, 0, 0, 0, 0, 0, 0, 0, 0, 0, 0, 0, 0, 0, 0, 0, 0, 148]","""[0, 1, 3, 4, 3, 1, 1, 3, 3, 6, 11, 3, 3, 3, 5, 3, 2, 4, 2, 2, 4, 81, 67, 100, 25, 71, 102, 113, 86, 140, 56, 138, 127, 16, 54, 116, 149, 0]"""
j20,2,reactive,60,False,inf,inf,inf,null,"[0, 1, 3, 4, 3, 1, 1, 3, 3, 6, 11, 3, 3, 3, 5, 3, 2, 4, 2, 2, 4, 81, 67, 100, 25, 71, 102, 113, 86, 140, 56, 138, 127, 16, 54, 116, 149, 0]"
j20,2,stnu,60,True,29,0.8331215381622314,0.052165985107421875,"[0, 0, 0, 0, 3, 4, 10, 3, 10, 4, 11, 7, 13, 13, 22, 4, 11, 22, 27, 26, 13, 0, 0, 0, 0, 0, 0, 0, 0, 0, 0, 0, 0, 0, 0, 0, 0, 29]","""[0, 1, 3, 4, 3, 1, 1, 3, 3, 3, 11, 3, 3, 3, 5, 3, 2, 4, 2, 2, 4, 81, 67, 100, 25, 71, 102, 113, 86, 140, 56, 138, 127, 16, 54, 116, 149, 0]"""
j20,2,proactive_quantile_0.9,60,True,36,0.11281466484069824,0.0026972293853759766,"[0, 0, 0, 0, 5, 5, 10, 5, 10, 3, 13, 8, 13, 13, 23, 3, 12, 23, 28, 26, 14, 0, 0, 0, 0, 0, 0, 0, 0, 0, 0, 0, 0, 0, 0, 0, 0, 148]","""[0, 2, 5, 1, 3, 4, 1, 3, 3, 10, 11, 2, 4, 5, 5, 3, 2, 2, 4, 5, 1, 81, 67, 100, 25, 71, 102, 113, 86, 140, 56, 138, 127, 16, 54, 116, 149, 0]"""
j20,2,reactive,60,False,inf,inf,inf,null,"[0, 2, 5, 1, 3, 4, 1, 3, 3, 10, 11, 2, 4, 5, 5, 3, 2, 2, 4, 5, 1, 81, 67, 100, 25, 71, 102, 113, 86, 140, 56, 138, 127, 16, 54, 116, 149, 0]"
j20,2,stnu,60,True,31,0.9162533283233643,0.052315711975097656,"[0, 0, 0, 0, 5, 5, 10, 5, 10, 2, 11, 8, 13, 13, 22, 2, 11, 22, 27, 26, 13, 0, 0, 0, 0, 0, 0, 0, 0, 0, 0, 0, 0, 0, 0, 0, 0, 31]","""[0, 2, 5, 1, 3, 3, 1, 3, 3, 5, 11, 2, 4, 5, 5, 3, 2, 4, 4, 5, 1, 81, 67, 100, 25, 71, 102, 113, 86, 140, 56, 138, 127, 16, 54, 116, 149, 0]"""
j20,2,proactive_quantile_0.9,60,False,inf,0.08041977882385254,inf,"[0, 0, 0, 0, 5, 5, 10, 5, 10, 3, 13, 8, 13, 13, 23, 3, 12, 23, 28, 26, 14, 0, 0, 0, 0, 0, 0, 0, 0, 0, 0, 0, 0, 0, 0, 0, 0, 148]","""[0, 3, 6, 2, 4, 4, 1, 4, 1, 4, 6, 2, 3, 3, 4, 3, 3, 4, 2, 9, 1, 81, 67, 100, 25, 71, 102, 113, 86, 140, 56, 138, 127, 16, 54, 116, 149, 0]"""
j20,2,reactive,60,False,inf,inf,inf,null,"[0, 3, 6, 2, 4, 4, 1, 4, 1, 4, 6, 2, 3, 3, 4, 3, 3, 4, 2, 9, 1, 81, 67, 100, 25, 71, 102, 113, 86, 140, 56, 138, 127, 16, 54, 116, 149, 0]"
j20,2,stnu,60,True,30,0.9168214797973633,0.05182027816772461,"[0, 0, 0, 0, 6, 6, 12, 6, 12, 3, 13, 10, 13, 13, 19, 3, 13, 19, 23, 21, 16, 0, 0, 0, 0, 0, 0, 0, 0, 0, 0, 0, 0, 0, 0, 0, 0, 30]","""[0, 3, 6, 2, 4, 4, 1, 4, 1, 3, 6, 2, 3, 3, 4, 3, 3, 2, 2, 9, 1, 81, 67, 100, 25, 71, 102, 113, 86, 140, 56, 138, 127, 16, 54, 116, 149, 0]"""
j20,2,proactive_quantile_0.9,60,False,inf,0.06766462326049805,inf,"[0, 0, 0, 0, 3, 5, 3, 7, 4, 9, 8, 9, 17, 17, 2, 7, 24, 19, 27, 22, 22, 0, 0, 0, 0, 0, 0, 0, 0, 138]","""[0, 2, 4, 1, 3, 1, 4, 3, 1, 1, 2, 1, 1, 1, 1, 3, 2, 3, 4, 2, 1, 40, 91, 103, 139, 83, 42, 46, 24, 0]"""
j20,2,reactive,60,False,inf,inf,inf,null,"[0, 2, 4, 1, 3, 1, 4, 3, 1, 1, 2, 1, 1, 1, 1, 3, 2, 3, 4, 2, 1, 40, 91, 103, 139, 83, 42, 46, 24, 0]"
j20,2,stnu,60,True,22,0.7244100570678711,0.031543731689453125,"[0, 0, 0, 0, 4, 7, 4, 8, 4, 11, 8, 11, 12, 12, 1, 8, 13, 13, 18, 16, 16, 0, 0, 0, 0, 0, 0, 0, 0, 22]","""[0, 2, 4, 1, 3, 1, 4, 3, 1, 1, 2, 1, 1, 1, 1, 3, 2, 3, 4, 2, 1, 40, 91, 103, 139, 83, 42, 46, 24, 0]"""
j20,2,proactive_quantile_0.9,60,False,inf,0.31403040885925293,inf,"[0, 0, 0, 0, 3, 5, 3, 7, 3, 12, 13, 8, 17, 17, 2, 9, 30, 24, 33, 27, 27, 0, 0, 0, 0, 0, 0, 0, 0, 138]","""[0, 1, 4, 3, 2, 1, 5, 2, 2, 14, 6, 10, 1, 8, 1, 7, 2, 3, 4, 2, 3, 40, 91, 103, 139, 83, 42, 46, 24, 0]"""
j20,2,reactive,60,False,inf,inf,inf,null,"[0, 1, 4, 3, 2, 1, 5, 2, 2, 14, 6, 10, 1, 8, 1, 7, 2, 3, 4, 2, 3, 40, 91, 103, 139, 83, 42, 46, 24, 0]"
j20,2,stnu,60,True,39,1.0725221633911133,0.03093123435974121,"[0, 0, 0, 0, 4, 6, 4, 7, 4, 9, 9, 9, 19, 19, 3, 9, 33, 27, 35, 30, 30, 0, 0, 0, 0, 0, 0, 0, 0, 39]","""[0, 1, 4, 3, 2, 1, 5, 2, 2, 14, 6, 10, 1, 8, 1, 7, 2, 3, 4, 2, 3, 40, 91, 103, 139, 83, 42, 46, 24, 0]"""
j20,2,proactive_quantile_0.9,60,True,36,0.3153955936431885,0.0012199878692626953,"[0, 0, 0, 0, 3, 5, 3, 7, 3, 12, 13, 8, 17, 17, 2, 9, 30, 24, 33, 27, 27, 0, 0, 0, 0, 0, 0, 0, 0, 138]","""[0, 1, 3, 3, 2, 1, 2, 3, 6, 12, 1, 6, 8, 2, 2, 5, 2, 2, 3, 1, 3, 40, 91, 103, 139, 83, 42, 46, 24, 0]"""
j20,2,reactive,60,False,inf,inf,inf,null,"[0, 1, 3, 3, 2, 1, 2, 3, 6, 12, 1, 6, 8, 2, 2, 5, 2, 2, 3, 1, 3, 40, 91, 103, 139, 83, 42, 46, 24, 0]"
j20,2,stnu,60,True,32,0.9516746997833252,0.03171873092651367,"[0, 0, 0, 0, 3, 5, 2, 7, 5, 10, 5, 10, 19, 19, 3, 7, 27, 20, 29, 22, 22, 0, 0, 0, 0, 0, 0, 0, 0, 32]","""[0, 1, 2, 3, 2, 1, 2, 3, 2, 1, 1, 9, 8, 1, 2, 1, 2, 2, 3, 1, 3, 40, 91, 103, 139, 83, 42, 46, 24, 0]"""
j20,2,proactive_quantile_0.9,60,False,inf,0.3107483386993408,inf,"[0, 0, 0, 0, 3, 5, 3, 7, 3, 12, 13, 8, 17, 17, 2, 9, 30, 24, 33, 27, 27, 0, 0, 0, 0, 0, 0, 0, 0, 138]","""[0, 4, 4, 2, 1, 3, 5, 3, 3, 12, 2, 4, 5, 3, 2, 2, 4, 3, 4, 1, 3, 40, 91, 103, 139, 83, 42, 46, 24, 0]"""
j20,2,reactive,60,False,inf,inf,inf,null,"[0, 4, 4, 2, 1, 3, 5, 3, 3, 12, 2, 4, 5, 3, 2, 2, 4, 3, 4, 1, 3, 40, 91, 103, 139, 83, 42, 46, 24, 0]"
j20,2,stnu,60,True,30,0.6875362396240234,0.031505584716796875,"[0, 0, 0, 0, 2, 3, 4, 7, 4, 10, 9, 10, 17, 17, 2, 7, 22, 18, 26, 21, 21, 0, 0, 0, 0, 0, 0, 0, 0, 30]","""[0, 4, 1, 2, 1, 3, 5, 3, 3, 3, 8, 5, 5, 1, 2, 2, 4, 3, 4, 1, 3, 40, 91, 103, 139, 83, 42, 46, 24, 0]"""
j20,2,proactive_quantile_0.9,60,False,inf,0.31284022331237793,inf,"[0, 0, 0, 0, 3, 5, 3, 7, 3, 12, 13, 8, 17, 17, 2, 9, 30, 24, 33, 27, 27, 0, 0, 0, 0, 0, 0, 0, 0, 138]","""[0, 3, 4, 1, 1, 2, 4, 1, 6, 8, 4, 2, 3, 7, 1, 7, 2, 2, 3, 2, 4, 40, 91, 103, 139, 83, 42, 46, 24, 0]"""
j20,2,reactive,60,False,inf,inf,inf,null,"[0, 3, 4, 1, 1, 2, 4, 1, 6, 8, 4, 2, 3, 7, 1, 7, 2, 2, 3, 2, 4, 40, 91, 103, 139, 83, 42, 46, 24, 0]"
j20,2,stnu,60,True,28,0.6897213459014893,0.031642913818359375,"[0, 0, 0, 0, 4, 5, 4, 7, 4, 9, 8, 9, 16, 16, 1, 7, 19, 19, 25, 21, 21, 0, 0, 0, 0, 0, 0, 0, 0, 28]","""[0, 3, 4, 1, 1, 2, 4, 1, 3, 2, 8, 4, 3, 3, 1, 2, 2, 2, 3, 2, 4, 40, 91, 103, 139, 83, 42, 46, 24, 0]"""
j20,2,proactive_quantile_0.9,60,False,inf,0.08944487571716309,inf,"[0, 3, 0, 0, 3, 5, 3, 10, 3, 12, 10, 10, 19, 19, 3, 10, 26, 22, 40, 29, 29, 0, 0, 0, 0, 0, 0, 0, 0, 138]","""[0, 2, 2, 4, 1, 1, 8, 2, 4, 4, 7, 8, 1, 3, 7, 4, 6, 1, 6, 2, 3, 40, 91, 103, 139, 83, 42, 46, 24, 0]"""
j20,2,reactive,60,False,inf,inf,inf,null,"[0, 2, 2, 4, 1, 1, 8, 2, 4, 4, 7, 8, 1, 3, 7, 4, 6, 1, 6, 2, 3, 40, 91, 103, 139, 83, 42, 46, 24, 0]"
j20,2,stnu,60,True,31,0.9292693138122559,0.030811786651611328,"[0, 0, 0, 0, 4, 5, 4, 6, 4, 8, 8, 8, 16, 16, 1, 8, 24, 20, 27, 22, 22, 0, 0, 0, 0, 0, 0, 0, 0, 31]","""[0, 3, 4, 1, 1, 1, 4, 2, 4, 7, 5, 8, 1, 4, 3, 4, 3, 2, 4, 2, 2, 40, 91, 103, 139, 83, 42, 46, 24, 0]"""
j20,2,proactive_quantile_0.9,60,True,30,0.07040715217590332,0.0012390613555908203,"[0, 0, 0, 0, 3, 5, 3, 7, 4, 9, 8, 9, 17, 17, 2, 7, 24, 19, 27, 22, 22, 0, 0, 0, 0, 0, 0, 0, 0, 138]","""[0, 2, 3, 3, 2, 2, 2, 1, 3, 3, 5, 9, 1, 1, 1, 1, 1, 1, 1, 2, 2, 40, 91, 103, 139, 83, 42, 46, 24, 0]"""
j20,2,reactive,60,False,inf,inf,inf,null,"[0, 2, 3, 3, 2, 2, 2, 1, 3, 3, 5, 9, 1, 1, 1, 1, 1, 1, 1, 2, 2, 40, 91, 103, 139, 83, 42, 46, 24, 0]"
j20,2,stnu,60,True,22,0.6757986545562744,0.031572580337524414,"[0, 0, 0, 0, 3, 5, 3, 7, 4, 8, 5, 8, 17, 17, 3, 7, 18, 18, 21, 19, 19, 0, 0, 0, 0, 0, 0, 0, 0, 22]","""[0, 2, 3, 3, 2, 2, 2, 1, 3, 3, 5, 9, 1, 1, 1, 1, 1, 1, 1, 2, 2, 40, 91, 103, 139, 83, 42, 46, 24, 0]"""
j20,2,proactive_quantile_0.9,60,False,inf,0.07574892044067383,inf,"[0, 0, 0, 0, 3, 5, 3, 7, 4, 9, 8, 9, 17, 17, 2, 7, 24, 19, 27, 22, 22, 0, 0, 0, 0, 0, 0, 0, 0, 138]","""[0, 1, 3, 1, 1, 3, 6, 1, 2, 7, 2, 9, 4, 2, 1, 3, 1, 3, 2, 2, 2, 40, 91, 103, 139, 83, 42, 46, 24, 0]"""
j20,2,reactive,60,False,inf,inf,inf,null,"[0, 1, 3, 1, 1, 3, 6, 1, 2, 7, 2, 9, 4, 2, 1, 3, 1, 3, 2, 2, 2, 40, 91, 103, 139, 83, 42, 46, 24, 0]"
j20,2,stnu,60,True,28,0.6822586059570312,0.03165578842163086,"[0, 0, 0, 0, 3, 4, 3, 7, 3, 10, 9, 10, 19, 19, 1, 7, 23, 21, 26, 24, 24, 0, 0, 0, 0, 0, 0, 0, 0, 28]","""[0, 1, 3, 1, 1, 3, 6, 1, 2, 7, 2, 9, 4, 2, 1, 3, 1, 3, 2, 2, 2, 40, 91, 103, 139, 83, 42, 46, 24, 0]"""
j20,2,proactive_quantile_0.9,60,False,inf,0.30748605728149414,inf,"[0, 0, 0, 0, 3, 5, 3, 7, 3, 12, 13, 8, 17, 17, 2, 9, 30, 24, 33, 27, 27, 0, 0, 0, 0, 0, 0, 0, 0, 138]","""[0, 4, 4, 1, 3, 1, 2, 3, 5, 7, 4, 9, 4, 1, 2, 1, 1, 3, 4, 3, 4, 40, 91, 103, 139, 83, 42, 46, 24, 0]"""
j20,2,reactive,60,False,inf,inf,inf,null,"[0, 4, 4, 1, 3, 1, 2, 3, 5, 7, 4, 9, 4, 1, 2, 1, 1, 3, 4, 3, 4, 40, 91, 103, 139, 83, 42, 46, 24, 0]"
j20,2,stnu,60,True,31,0.9553143978118896,0.031025409698486328,"[0, 0, 0, 0, 4, 7, 4, 8, 4, 11, 11, 9, 18, 18, 1, 11, 26, 19, 27, 22, 22, 0, 0, 0, 0, 0, 0, 0, 0, 31]","""[0, 4, 4, 1, 3, 1, 2, 3, 5, 7, 4, 9, 4, 1, 2, 1, 1, 3, 4, 3, 4, 40, 91, 103, 139, 83, 42, 46, 24, 0]"""
j20,2,proactive_quantile_0.9,60,False,inf,0.3125896453857422,inf,"[0, 0, 0, 0, 3, 5, 3, 7, 3, 9, 8, 8, 16, 16, 2, 16, 23, 18, 26, 21, 21, 0, 0, 0, 0, 0, 0, 0, 0, 138]","""[0, 1, 2, 3, 2, 2, 3, 1, 4, 3, 1, 8, 6, 1, 3, 3, 2, 3, 2, 1, 2, 40, 91, 103, 139, 83, 42, 46, 24, 0]"""
j20,2,reactive,60,False,inf,inf,inf,null,"[0, 1, 2, 3, 2, 2, 3, 1, 4, 3, 1, 8, 6, 1, 3, 3, 2, 3, 2, 1, 2, 40, 91, 103, 139, 83, 42, 46, 24, 0]"
j20,2,stnu,60,True,29,0.9372222423553467,0.030991077423095703,"[0, 0, 0, 0, 3, 6, 2, 8, 2, 9, 9, 8, 9, 16, 3, 9, 27, 22, 28, 25, 25, 0, 0, 0, 0, 0, 0, 0, 0, 29]","""[0, 1, 2, 3, 2, 2, 3, 1, 4, 7, 4, 1, 6, 6, 3, 7, 1, 3, 1, 1, 2, 40, 91, 103, 139, 83, 42, 46, 24, 0]"""
j20,2,proactive_quantile_0.9,60,True,41,0.1564934253692627,0.0008647441864013672,"[0, 0, 0, 0, 2, 7, 7, 2, 10, 7, 15, 5, 8, 12, 15, 25, 10, 25, 35, 15, 30, 0, 0, 0, 161]","""[0, 2, 1, 3, 2, 3, 2, 2, 3, 2, 3, 4, 2, 2, 6, 2, 1, 12, 3, 12, 7, 40, 130, 162, 0]"""
j20,2,reactive,60,False,inf,inf,inf,null,"[0, 2, 1, 3, 2, 3, 2, 2, 3, 2, 3, 4, 2, 2, 6, 2, 1, 12, 3, 12, 7, 40, 130, 162, 0]"
j20,2,stnu,60,True,55,0.7167341709136963,0.022933006286621094,"[0, 8, 0, 0, 2, 8, 10, 2, 12, 3, 11, 8, 21, 22, 11, 21, 33, 35, 47, 12, 28, 0, 0, 0, 55]","""[0, 2, 2, 3, 6, 3, 2, 5, 3, 6, 4, 13, 1, 11, 9, 7, 1, 12, 8, 8, 7, 40, 130, 162, 0]"""
j20,2,proactive_quantile_0.9,60,False,inf,0.08376574516296387,inf,"[0, 0, 0, 0, 2, 7, 7, 2, 10, 7, 15, 5, 8, 12, 15, 25, 10, 25, 35, 15, 30, 0, 0, 0, 161]","""[0, 4, 2, 8, 1, 9, 4, 3, 1, 2, 6, 2, 2, 5, 5, 1, 1, 7, 2, 3, 12, 40, 130, 162, 0]"""
j20,2,reactive,60,False,inf,inf,inf,null,"[0, 4, 2, 8, 1, 9, 4, 3, 1, 2, 6, 2, 2, 5, 5, 1, 1, 7, 2, 3, 12, 40, 130, 162, 0]"
j20,2,stnu,60,True,65,0.788154125213623,0.02319192886352539,"[0, 13, 0, 0, 5, 13, 17, 5, 21, 13, 22, 9, 34, 35, 22, 34, 48, 50, 57, 22, 35, 0, 0, 0, 65]","""[0, 4, 5, 13, 4, 9, 4, 9, 7, 2, 12, 11, 1, 13, 2, 1, 2, 7, 8, 12, 12, 40, 130, 162, 0]"""
j20,2,proactive_quantile_0.9,60,False,inf,0.1292891502380371,inf,"[0, 13, 0, 0, 7, 13, 18, 7, 21, 13, 21, 12, 32, 35, 21, 32, 48, 51, 61, 21, 39, 0, 0, 0, 161]","""[0, 4, 7, 8, 6, 5, 3, 9, 2, 3, 13, 5, 3, 5, 5, 8, 1, 9, 4, 12, 6, 40, 130, 162, 0]"""
j20,2,reactive,60,False,inf,inf,inf,null,"[0, 4, 7, 8, 6, 5, 3, 9, 2, 3, 13, 5, 3, 5, 5, 8, 1, 9, 4, 12, 6, 40, 130, 162, 0]"
j20,2,stnu,60,True,28,0.7836966514587402,0.02288341522216797,"[0, 0, 0, 0, 2, 7, 7, 2, 11, 7, 13, 6, 10, 13, 13, 18, 11, 18, 27, 13, 19, 0, 0, 0, 28]","""[0, 4, 2, 7, 4, 5, 3, 1, 2, 3, 1, 4, 1, 5, 3, 1, 2, 9, 1, 12, 6, 40, 130, 162, 0]"""
j20,2,proactive_quantile_0.9,60,False,inf,0.07378935813903809,inf,"[0, 0, 0, 0, 2, 7, 7, 2, 10, 7, 15, 5, 8, 12, 15, 25, 10, 25, 35, 15, 30, 0, 0, 0, 161]","""[0, 4, 3, 4, 2, 7, 1, 1, 2, 2, 5, 3, 3, 6, 9, 4, 1, 8, 4, 12, 6, 40, 130, 162, 0]"""
j20,2,reactive,60,False,inf,inf,inf,null,"[0, 4, 3, 4, 2, 7, 1, 1, 2, 2, 5, 3, 3, 6, 9, 4, 1, 8, 4, 12, 6, 40, 130, 162, 0]"
j20,2,stnu,60,True,34,0.9400200843811035,0.0225985050201416,"[0, 0, 0, 0, 3, 5, 5, 3, 11, 4, 13, 5, 8, 13, 13, 22, 11, 22, 30, 12, 26, 0, 0, 0, 34]","""[0, 4, 3, 4, 2, 7, 1, 1, 2, 2, 5, 3, 3, 6, 9, 4, 1, 8, 4, 12, 6, 40, 130, 162, 0]"""
j20,2,proactive_quantile_0.9,60,True,41,0.1622326374053955,0.0008509159088134766,"[0, 0, 0, 0, 2, 7, 7, 2, 10, 7, 15, 5, 8, 12, 15, 25, 10, 25, 35, 15, 30, 0, 0, 0, 161]","""[0, 4, 1, 1, 2, 5, 3, 3, 3, 4, 10, 1, 1, 1, 9, 4, 1, 3, 2, 2, 13, 40, 130, 162, 0]"""
j20,2,reactive,60,False,inf,inf,inf,null,"[0, 4, 1, 1, 2, 5, 3, 3, 3, 4, 10, 1, 1, 1, 9, 4, 1, 3, 2, 2, 13, 40, 130, 162, 0]"
j20,2,stnu,60,True,54,0.7973179817199707,0.022989511489868164,"[0, 12, 0, 0, 2, 12, 17, 2, 20, 12, 17, 8, 30, 31, 17, 30, 40, 45, 48, 20, 32, 0, 0, 0, 54]","""[0, 4, 2, 12, 6, 5, 3, 6, 4, 5, 13, 10, 1, 9, 11, 2, 3, 3, 6, 8, 13, 40, 130, 162, 0]"""
j20,2,proactive_quantile_0.9,60,False,inf,0.15359711647033691,inf,"[0, 0, 0, 0, 2, 7, 7, 2, 10, 7, 15, 5, 8, 12, 15, 25, 10, 25, 35, 15, 30, 0, 0, 0, 161]","""[0, 1, 3, 8, 1, 6, 1, 3, 2, 4, 3, 4, 3, 2, 8, 1, 1, 11, 2, 5, 8, 40, 130, 162, 0]"""
j20,2,reactive,60,False,inf,inf,inf,null,"[0, 1, 3, 8, 1, 6, 1, 3, 2, 4, 3, 4, 3, 2, 8, 1, 1, 11, 2, 5, 8, 40, 130, 162, 0]"
j20,2,stnu,60,True,36,0.8015904426574707,0.022981882095336914,"[0, 0, 0, 0, 3, 8, 8, 3, 13, 8, 15, 6, 10, 15, 15, 23, 13, 23, 34, 14, 24, 0, 0, 0, 36]","""[0, 1, 3, 8, 1, 6, 1, 3, 2, 4, 3, 4, 3, 2, 8, 1, 1, 11, 2, 5, 8, 40, 130, 162, 0]"""
j20,2,proactive_quantile_0.9,60,True,41,0.15199017524719238,0.0008795261383056641,"[0, 0, 0, 0, 2, 7, 7, 2, 10, 7, 15, 5, 8, 12, 15, 25, 10, 25, 35, 15, 30, 0, 0, 0, 161]","""[0, 2, 2, 6, 4, 6, 2, 3, 2, 1, 2, 4, 1, 2, 7, 1, 3, 11, 6, 10, 10, 40, 130, 162, 0]"""
j20,2,reactive,60,False,inf,inf,inf,null,"[0, 2, 2, 6, 4, 6, 2, 3, 2, 1, 2, 4, 1, 2, 7, 1, 3, 11, 6, 10, 10, 40, 130, 162, 0]"
j20,2,stnu,60,True,38,0.7939329147338867,0.02289414405822754,"[0, 0, 0, 0, 2, 6, 6, 2, 11, 6, 13, 6, 10, 13, 14, 21, 11, 21, 32, 14, 22, 0, 0, 0, 38]","""[0, 2, 2, 6, 4, 6, 2, 3, 2, 1, 2, 4, 1, 2, 7, 1, 3, 11, 6, 10, 10, 40, 130, 162, 0]"""
j20,2,proactive_quantile_0.9,60,True,41,0.17148041725158691,0.0008549690246582031,"[0, 0, 0, 0, 2, 7, 7, 2, 10, 7, 15, 5, 8, 12, 15, 25, 10, 25, 35, 15, 30, 0, 0, 0, 161]","""[0, 2, 1, 3, 4, 1, 3, 1, 3, 2, 10, 3, 1, 6, 5, 2, 2, 8, 6, 9, 11, 40, 130, 162, 0]"""
j20,2,reactive,60,False,inf,inf,inf,null,"[0, 2, 1, 3, 4, 1, 3, 1, 3, 2, 10, 3, 1, 6, 5, 2, 2, 8, 6, 9, 11, 40, 130, 162, 0]"
j20,2,stnu,60,True,60,0.6660404205322266,0.02309703826904297,"[0, 11, 0, 0, 3, 11, 13, 3, 16, 11, 13, 6, 20, 26, 13, 26, 41, 44, 52, 16, 31, 0, 0, 0, 60]","""[0, 2, 3, 11, 3, 1, 3, 1, 1, 1, 5, 14, 4, 15, 3, 5, 3, 8, 8, 10, 11, 40, 130, 162, 0]"""
j20,2,proactive_quantile_0.9,60,False,inf,0.07454729080200195,inf,"[0, 0, 0, 0, 2, 7, 7, 2, 10, 7, 15, 5, 8, 12, 15, 25, 10, 25, 35, 15, 30, 0, 0, 0, 161]","""[0, 3, 1, 1, 2, 3, 2, 1, 3, 3, 3, 1, 2, 5, 2, 5, 3, 9, 2, 11, 10, 40, 130, 162, 0]"""
j20,2,reactive,60,False,inf,inf,inf,null,"[0, 3, 1, 1, 2, 3, 2, 1, 3, 3, 3, 1, 2, 5, 2, 5, 3, 9, 2, 11, 10, 40, 130, 162, 0]"
j20,2,stnu,60,True,29,0.7141356468200684,0.02301788330078125,"[0, 0, 0, 0, 1, 3, 3, 1, 6, 2, 9, 3, 4, 9, 9, 14, 6, 14, 23, 9, 19, 0, 0, 0, 29]","""[0, 3, 1, 1, 2, 3, 2, 1, 3, 3, 3, 1, 2, 5, 2, 5, 3, 9, 2, 11, 10, 40, 130, 162, 0]"""
j20,2,proactive_quantile_0.9,60,False,inf,0.07643938064575195,inf,"[0, 0, 0, 0, 2, 7, 7, 2, 10, 7, 15, 5, 8, 12, 15, 25, 10, 25, 35, 15, 30, 0, 0, 0, 161]","""[0, 4, 1, 7, 3, 1, 3, 2, 1, 1, 5, 1, 3, 4, 3, 4, 1, 7, 5, 7, 4, 40, 130, 162, 0]"""
j20,2,reactive,60,False,inf,inf,inf,null,"[0, 4, 1, 7, 3, 1, 3, 2, 1, 1, 5, 1, 3, 4, 3, 4, 1, 7, 5, 7, 4, 40, 130, 162, 0]"
j20,2,stnu,60,True,28,0.760127067565918,0.022812366485595703,"[0, 0, 0, 0, 1, 7, 7, 1, 10, 7, 11, 4, 5, 11, 11, 16, 10, 16, 23, 11, 20, 0, 0, 0, 28]","""[0, 4, 1, 7, 3, 1, 3, 2, 1, 1, 5, 1, 3, 4, 3, 4, 1, 7, 5, 7, 4, 40, 130, 162, 0]"""
j20,2,proactive_quantile_0.9,60,False,inf,0.05617856979370117,inf,"[0, 0, 0, 0, 3, 7, 12, 12, 3, 15, 6, 15, 27, 18, 20, 27, 36, 41, 36, 44, 44, 0, 0, 0, 0, 0, 0, 0, 0, 141]","""[0, 3, 6, 5, 4, 6, 1, 2, 2, 4, 5, 1, 4, 3, 1, 4, 6, 3, 7, 3, 4, 97, 92, 42, 94, 132, 130, 33, 142, 0]"""
j20,2,reactive,60,False,inf,inf,inf,null,"[0, 3, 6, 5, 4, 6, 1, 2, 2, 4, 5, 1, 4, 3, 1, 4, 6, 3, 7, 3, 4, 97, 92, 42, 94, 132, 130, 33, 142, 0]"
j20,2,stnu,60,True,41,0.7710251808166504,0.035588741302490234,"[0, 0, 0, 0, 3, 7, 13, 13, 3, 15, 7, 15, 20, 16, 19, 20, 28, 34, 28, 37, 37, 0, 0, 0, 0, 0, 0, 0, 0, 41]","""[0, 3, 6, 5, 4, 6, 1, 2, 2, 4, 5, 1, 8, 3, 1, 4, 6, 3, 7, 3, 4, 97, 92, 42, 94, 132, 130, 33, 142, 0]"""
j20,2,proactive_quantile_0.9,60,False,inf,0.16016435623168945,inf,"[0, 0, 0, 0, 3, 7, 12, 12, 3, 15, 6, 15, 27, 18, 20, 27, 36, 41, 36, 44, 44, 0, 0, 0, 0, 0, 0, 0, 0, 141]","""[0, 4, 6, 5, 4, 6, 3, 2, 1, 6, 6, 3, 7, 8, 6, 4, 3, 4, 5, 14, 4, 97, 92, 42, 94, 132, 130, 33, 142, 0]"""
j20,2,reactive,60,False,inf,inf,inf,null,"[0, 4, 6, 5, 4, 6, 3, 2, 1, 6, 6, 3, 7, 8, 6, 4, 3, 4, 5, 14, 4, 97, 92, 42, 94, 132, 130, 33, 142, 0]"
j20,2,stnu,60,True,58,0.7111883163452148,0.035428524017333984,"[0, 0, 0, 0, 4, 8, 14, 14, 4, 17, 8, 17, 29, 20, 23, 29, 37, 40, 37, 44, 44, 0, 0, 0, 0, 0, 0, 0, 0, 58]","""[0, 4, 6, 5, 4, 6, 3, 2, 1, 6, 6, 3, 8, 8, 6, 4, 3, 4, 5, 14, 4, 97, 92, 42, 94, 132, 130, 33, 142, 0]"""
j20,2,proactive_quantile_0.9,60,True,57,0.07633113861083984,0.001558065414428711,"[0, 0, 0, 0, 3, 7, 12, 12, 3, 15, 6, 15, 27, 18, 20, 27, 36, 41, 36, 44, 44, 0, 0, 0, 0, 0, 0, 0, 0, 141]","""[0, 1, 8, 4, 1, 3, 1, 3, 1, 3, 4, 4, 6, 3, 6, 1, 4, 1, 4, 12, 5, 97, 92, 42, 94, 132, 130, 33, 142, 0]"""
j20,2,reactive,60,False,inf,inf,inf,null,"[0, 1, 8, 4, 1, 3, 1, 3, 1, 3, 4, 4, 6, 3, 6, 1, 4, 1, 4, 12, 5, 97, 92, 42, 94, 132, 130, 33, 142, 0]"
j20,2,stnu,60,True,42,0.8552582263946533,0.03584432601928711,"[0, 0, 0, 0, 1, 8, 11, 11, 1, 14, 2, 14, 24, 18, 18, 24, 25, 29, 25, 30, 30, 0, 0, 0, 0, 0, 0, 0, 0, 42]","""[0, 1, 8, 4, 1, 3, 1, 3, 1, 3, 4, 4, 1, 3, 6, 1, 4, 1, 4, 12, 5, 97, 92, 42, 94, 132, 130, 33, 142, 0]"""
j20,2,proactive_quantile_0.9,60,False,inf,0.08994126319885254,inf,"[0, 0, 0, 0, 3, 7, 12, 12, 3, 15, 6, 15, 27, 18, 20, 27, 36, 41, 36, 44, 44, 0, 0, 0, 0, 0, 0, 0, 0, 141]","""[0, 1, 4, 2, 1, 5, 3, 2, 1, 6, 5, 4, 9, 10, 8, 2, 1, 2, 2, 15, 11, 97, 92, 42, 94, 132, 130, 33, 142, 0]"""
j20,2,reactive,60,False,inf,inf,inf,null,"[0, 1, 4, 2, 1, 5, 3, 2, 1, 6, 5, 4, 9, 10, 8, 2, 1, 2, 2, 15, 11, 97, 92, 42, 94, 132, 130, 33, 142, 0]"
j20,2,stnu,60,False,inf,0.6284542083740234,inf,[],"""[0, 1, 6, 5, 5, 5, 11, 2, 6, 9, 13, 4, 9, 7, 4, 3, 9, 6, 1, 6, 3, 97, 92, 42, 94, 132, 130, 33, 142, 0]"""
j20,2,proactive_quantile_0.9,60,False,inf,0.0739450454711914,inf,"[0, 0, 0, 0, 3, 7, 12, 12, 3, 15, 6, 15, 27, 18, 20, 27, 36, 41, 36, 44, 44, 0, 0, 0, 0, 0, 0, 0, 0, 141]","""[0, 2, 5, 2, 3, 6, 1, 3, 1, 1, 2, 3, 2, 10, 5, 4, 2, 1, 8, 11, 5, 97, 92, 42, 94, 132, 130, 33, 142, 0]"""
j20,2,reactive,60,False,inf,inf,inf,null,"[0, 2, 5, 2, 3, 6, 1, 3, 1, 1, 2, 3, 2, 10, 5, 4, 2, 1, 8, 11, 5, 97, 92, 42, 94, 132, 130, 33, 142, 0]"
j20,2,stnu,60,True,50,0.7862076759338379,0.035727500915527344,"[0, 0, 0, 0, 2, 5, 11, 11, 2, 14, 5, 14, 27, 17, 17, 27, 31, 33, 31, 39, 39, 0, 0, 0, 0, 0, 0, 0, 0, 50]","""[0, 2, 5, 2, 3, 6, 1, 3, 1, 1, 2, 3, 1, 10, 5, 4, 2, 1, 8, 11, 5, 97, 92, 42, 94, 132, 130, 33, 142, 0]"""
j20,2,proactive_quantile_0.9,60,False,inf,0.10036873817443848,inf,"[0, 0, 0, 0, 3, 7, 12, 12, 3, 15, 6, 15, 27, 18, 20, 27, 36, 41, 36, 44, 44, 0, 0, 0, 0, 0, 0, 0, 0, 141]","""[0, 4, 2, 5, 4, 1, 2, 2, 1, 4, 6, 1, 4, 8, 5, 3, 6, 2, 4, 5, 7, 97, 92, 42, 94, 132, 130, 33, 142, 0]"""
j20,2,reactive,60,False,inf,inf,inf,null,"[0, 4, 2, 5, 4, 1, 2, 2, 1, 4, 6, 1, 4, 8, 5, 3, 6, 2, 4, 5, 7, 97, 92, 42, 94, 132, 130, 33, 142, 0]"
j20,2,stnu,60,True,41,0.8189241886138916,0.03539872169494629,"[0, 0, 0, 0, 4, 8, 9, 9, 4, 14, 8, 11, 23, 14, 18, 23, 26, 32, 26, 34, 34, 0, 0, 0, 0, 0, 0, 0, 0, 41]","""[0, 4, 2, 5, 4, 1, 2, 2, 1, 4, 6, 1, 3, 8, 5, 3, 6, 2, 4, 5, 7, 97, 92, 42, 94, 132, 130, 33, 142, 0]"""
j20,2,proactive_quantile_0.9,60,False,inf,0.10365009307861328,inf,"[0, 0, 0, 0, 3, 7, 12, 12, 3, 15, 6, 15, 27, 18, 20, 27, 36, 41, 36, 44, 44, 0, 0, 0, 0, 0, 0, 0, 0, 141]","""[0, 3, 3, 5, 1, 4, 2, 2, 2, 6, 2, 4, 1, 6, 5, 2, 3, 4, 9, 5, 13, 97, 92, 42, 94, 132, 130, 33, 142, 0]"""
j20,2,reactive,60,False,inf,inf,inf,null,"[0, 3, 3, 5, 1, 4, 2, 2, 2, 6, 2, 4, 1, 6, 5, 2, 3, 4, 9, 5, 13, 97, 92, 42, 94, 132, 130, 33, 142, 0]"
j20,2,stnu,60,True,46,0.9116895198822021,0.035198211669921875,"[0, 0, 0, 0, 3, 5, 9, 9, 3, 11, 5, 11, 22, 15, 17, 22, 24, 27, 24, 33, 33, 0, 0, 0, 0, 0, 0, 0, 0, 46]","""[0, 3, 3, 5, 1, 4, 2, 2, 2, 6, 2, 4, 2, 6, 5, 2, 3, 4, 9, 5, 13, 97, 92, 42, 94, 132, 130, 33, 142, 0]"""
j20,2,proactive_quantile_0.9,60,True,57,0.0743865966796875,0.0015451908111572266,"[0, 0, 0, 0, 3, 7, 12, 12, 3, 15, 6, 15, 27, 18, 20, 27, 36, 41, 36, 44, 44, 0, 0, 0, 0, 0, 0, 0, 0, 141]","""[0, 1, 2, 3, 1, 1, 3, 4, 1, 2, 2, 4, 9, 1, 3, 1, 2, 1, 2, 15, 11, 97, 92, 42, 94, 132, 130, 33, 142, 0]"""
j20,2,reactive,60,False,inf,inf,inf,null,"[0, 1, 2, 3, 1, 1, 3, 4, 1, 2, 2, 4, 9, 1, 3, 1, 2, 1, 2, 15, 11, 97, 92, 42, 94, 132, 130, 33, 142, 0]"
j20,2,stnu,60,True,41,0.8734588623046875,0.03554940223693848,"[0, 0, 0, 0, 1, 3, 4, 4, 1, 8, 2, 8, 15, 12, 12, 15, 23, 25, 23, 26, 26, 0, 0, 0, 0, 0, 0, 0, 0, 41]","""[0, 1, 2, 3, 1, 1, 3, 4, 1, 2, 2, 4, 8, 1, 3, 1, 2, 1, 2, 15, 11, 97, 92, 42, 94, 132, 130, 33, 142, 0]"""
j20,2,proactive_quantile_0.9,60,False,inf,0.1033942699432373,inf,"[0, 0, 0, 0, 3, 7, 12, 12, 3, 15, 6, 15, 27, 18, 20, 27, 36, 41, 36, 44, 44, 0, 0, 0, 0, 0, 0, 0, 0, 141]","""[0, 3, 1, 7, 4, 1, 2, 1, 3, 1, 8, 2, 8, 3, 4, 2, 5, 4, 2, 7, 11, 97, 92, 42, 94, 132, 130, 33, 142, 0]"""
j20,2,reactive,60,False,inf,inf,inf,null,"[0, 3, 1, 7, 4, 1, 2, 1, 3, 1, 8, 2, 8, 3, 4, 2, 5, 4, 2, 7, 11, 97, 92, 42, 94, 132, 130, 33, 142, 0]"
j20,2,stnu,60,False,inf,0.6342332363128662,inf,[],"""[0, 8, 3, 7, 6, 1, 11, 1, 7, 7, 9, 2, 8, 1, 2, 6, 8, 5, 1, 8, 4, 97, 92, 42, 94, 132, 130, 33, 142, 0]"""
j20,2,proactive_quantile_0.9,60,False,inf,0.09917330741882324,inf,"[0, 0, 0, 0, 3, 7, 12, 12, 3, 15, 6, 15, 27, 18, 20, 27, 36, 41, 36, 44, 44, 0, 0, 0, 0, 0, 0, 0, 0, 141]","""[0, 4, 8, 7, 1, 1, 1, 4, 1, 5, 5, 1, 6, 7, 5, 3, 5, 2, 9, 15, 10, 97, 92, 42, 94, 132, 130, 33, 142, 0]"""
j20,2,reactive,60,False,inf,inf,inf,null,"[0, 4, 8, 7, 1, 1, 1, 4, 1, 5, 5, 1, 6, 7, 5, 3, 5, 2, 9, 15, 10, 97, 92, 42, 94, 132, 130, 33, 142, 0]"
j20,2,stnu,60,False,inf,0.7171142101287842,inf,[],"""[0, 8, 9, 2, 11, 1, 9, 4, 9, 2, 2, 1, 6, 7, 6, 9, 3, 9, 1, 11, 9, 97, 92, 42, 94, 132, 130, 33, 142, 0]"""
j20,2,proactive_quantile_0.9,60,False,inf,0.07299113273620605,inf,"[0, 0, 0, 0, 3, 9, 3, 3, 14, 5, 25, 6, 7, 13, 11, 19, 11, 19, 34, 16, 26, 0, 0, 0, 0, 67]","""[0, 3, 1, 3, 2, 1, 3, 6, 4, 3, 10, 3, 5, 4, 1, 6, 1, 2, 8, 2, 3, 48, 68, 34, 68, 0]"""
j20,2,reactive,60,False,inf,inf,inf,null,"[0, 3, 1, 3, 2, 1, 3, 6, 4, 3, 10, 3, 5, 4, 1, 6, 1, 2, 8, 2, 3, 48, 68, 34, 68, 0]"
j20,2,stnu,60,True,35,0.8060317039489746,0.02615952491760254,"[0, 0, 0, 0, 3, 9, 3, 3, 13, 5, 17, 6, 8, 11, 10, 17, 10, 15, 27, 15, 23, 0, 0, 0, 0, 35]","""[0, 3, 1, 3, 2, 1, 3, 6, 4, 3, 10, 3, 5, 4, 1, 6, 1, 2, 8, 2, 3, 48, 68, 34, 68, 0]"""
j20,2,proactive_quantile_0.9,60,False,inf,0.05838298797607422,inf,"[0, 0, 0, 0, 3, 9, 3, 3, 14, 5, 25, 6, 7, 13, 11, 19, 11, 19, 34, 16, 26, 0, 0, 0, 0, 67]","""[0, 3, 4, 3, 1, 2, 1, 4, 13, 2, 1, 3, 7, 1, 3, 2, 4, 6, 13, 2, 1, 48, 68, 34, 68, 0]"""
j20,2,reactive,60,False,inf,inf,inf,null,"[0, 3, 4, 3, 1, 2, 1, 4, 13, 2, 1, 3, 7, 1, 3, 2, 4, 6, 13, 2, 1, 48, 68, 34, 68, 0]"
j20,2,stnu,60,True,42,0.6474812030792236,0.025209665298461914,"[0, 0, 0, 0, 5, 21, 12, 3, 12, 5, 15, 17, 21, 17, 21, 28, 12, 28, 34, 23, 34, 0, 0, 0, 0, 42]","""[0, 12, 5, 3, 3, 5, 5, 4, 3, 1, 1, 4, 7, 4, 2, 2, 4, 6, 5, 8, 8, 48, 68, 34, 68, 0]"""
j20,2,proactive_quantile_0.9,60,False,inf,0.16913342475891113,inf,"[0, 0, 0, 0, 3, 9, 3, 3, 14, 5, 25, 6, 7, 13, 11, 19, 11, 19, 34, 16, 26, 0, 0, 0, 0, 67]","""[0, 2, 2, 4, 3, 3, 2, 4, 8, 2, 7, 4, 1, 3, 2, 8, 3, 5, 13, 4, 2, 48, 68, 34, 68, 0]"""
j20,2,reactive,60,False,inf,inf,inf,null,"[0, 2, 2, 4, 3, 3, 2, 4, 8, 2, 7, 4, 1, 3, 2, 8, 3, 5, 13, 4, 2, 48, 68, 34, 68, 0]"
j20,2,stnu,60,True,44,0.7733626365661621,0.02595210075378418,"[0, 0, 0, 0, 4, 9, 2, 4, 14, 7, 22, 4, 9, 14, 12, 21, 12, 17, 31, 17, 29, 0, 0, 0, 0, 44]","""[0, 2, 2, 4, 3, 3, 2, 4, 8, 2, 7, 4, 1, 3, 2, 8, 3, 5, 13, 4, 2, 48, 68, 34, 68, 0]"""
j20,2,proactive_quantile_0.9,60,False,inf,0.05903458595275879,inf,"[0, 0, 0, 0, 3, 9, 3, 3, 14, 5, 25, 6, 7, 13, 11, 19, 11, 19, 34, 16, 26, 0, 0, 0, 0, 67]","""[0, 4, 3, 1, 2, 1, 4, 1, 10, 1, 6, 4, 1, 1, 3, 2, 9, 3, 15, 2, 2, 48, 68, 34, 68, 0]"""
j20,2,reactive,60,False,inf,inf,inf,null,"[0, 4, 3, 1, 2, 1, 4, 1, 10, 1, 6, 4, 1, 1, 3, 2, 9, 3, 15, 2, 2, 48, 68, 34, 68, 0]"
j20,2,stnu,60,True,47,0.8497369289398193,0.026684999465942383,"[0, 0, 0, 0, 4, 12, 4, 3, 16, 6, 26, 8, 8, 16, 13, 22, 13, 22, 32, 17, 26, 0, 0, 0, 0, 47]","""[0, 4, 3, 1, 2, 1, 4, 1, 10, 1, 6, 4, 1, 1, 3, 2, 9, 3, 15, 2, 2, 48, 68, 34, 68, 0]"""
j20,2,proactive_quantile_0.9,60,False,inf,0.15666770935058594,inf,"[0, 0, 0, 0, 3, 9, 3, 3, 14, 5, 25, 6, 7, 13, 11, 19, 11, 19, 34, 16, 26, 0, 0, 0, 0, 67]","""[0, 1, 1, 3, 1, 1, 3, 8, 12, 1, 2, 4, 7, 1, 1, 7, 5, 5, 12, 2, 1, 48, 68, 34, 68, 0]"""
j20,2,reactive,60,False,inf,inf,inf,null,"[0, 1, 1, 3, 1, 1, 3, 8, 12, 1, 2, 4, 7, 1, 1, 7, 5, 5, 12, 2, 1, 48, 68, 34, 68, 0]"
j20,2,stnu,60,True,38,0.6890802383422852,0.026297569274902344,"[0, 0, 0, 0, 3, 8, 1, 3, 12, 4, 24, 4, 5, 12, 11, 16, 11, 16, 26, 13, 24, 0, 0, 0, 0, 38]","""[0, 1, 1, 3, 1, 1, 3, 8, 12, 1, 2, 4, 7, 1, 1, 7, 5, 5, 12, 2, 1, 48, 68, 34, 68, 0]"""
j20,2,proactive_quantile_0.9,60,False,inf,0.09590816497802734,inf,"[0, 0, 0, 0, 3, 9, 3, 3, 14, 5, 25, 6, 7, 13, 11, 19, 11, 19, 34, 16, 26, 0, 0, 0, 0, 67]","""[0, 4, 2, 4, 2, 1, 3, 2, 7, 3, 4, 2, 2, 2, 1, 8, 2, 3, 12, 4, 3, 48, 68, 34, 68, 0]"""
j20,2,reactive,60,False,inf,inf,inf,null,"[0, 4, 2, 4, 2, 1, 3, 2, 7, 3, 4, 2, 2, 2, 1, 8, 2, 3, 12, 4, 3, 48, 68, 34, 68, 0]"
j20,2,stnu,60,True,40,0.7683699131011963,0.02615833282470703,"[0, 0, 0, 0, 4, 9, 4, 4, 11, 6, 18, 7, 9, 11, 10, 17, 10, 13, 28, 13, 25, 0, 0, 0, 0, 40]","""[0, 4, 2, 4, 2, 1, 3, 2, 7, 3, 4, 2, 2, 2, 1, 8, 2, 3, 12, 4, 3, 48, 68, 34, 68, 0]"""
j20,2,proactive_quantile_0.9,60,False,inf,0.09976720809936523,inf,"[0, 0, 0, 0, 3, 9, 3, 3, 14, 5, 25, 6, 7, 13, 11, 19, 11, 19, 34, 16, 26, 0, 0, 0, 0, 67]","""[0, 4, 3, 1, 1, 3, 3, 8, 10, 1, 8, 4, 4, 2, 1, 7, 1, 5, 12, 4, 1, 48, 68, 34, 68, 0]"""
j20,2,reactive,60,False,inf,inf,inf,null,"[0, 4, 3, 1, 1, 3, 3, 8, 10, 1, 8, 4, 4, 2, 1, 7, 1, 5, 12, 4, 1, 48, 68, 34, 68, 0]"
j20,2,stnu,60,True,39,0.7792940139770508,0.025502443313598633,"[0, 0, 0, 0, 4, 5, 4, 5, 14, 3, 21, 7, 11, 8, 13, 16, 13, 16, 27, 14, 20, 0, 0, 0, 0, 39]","""[0, 4, 3, 1, 1, 3, 3, 8, 6, 1, 6, 4, 5, 2, 1, 7, 1, 4, 12, 1, 1, 48, 68, 34, 68, 0]"""
j20,2,proactive_quantile_0.9,60,False,inf,0.14626193046569824,inf,"[0, 0, 0, 0, 8, 34, 13, 5, 13, 8, 23, 24, 29, 24, 32, 36, 16, 36, 43, 35, 43, 0, 0, 0, 0, 67]","""[0, 3, 3, 4, 2, 4, 2, 7, 4, 9, 8, 6, 8, 7, 4, 7, 3, 1, 7, 7, 3, 48, 68, 34, 68, 0]"""
j20,2,reactive,60,False,inf,inf,inf,null,"[0, 3, 3, 4, 2, 4, 2, 7, 4, 9, 8, 6, 8, 7, 4, 7, 3, 1, 7, 7, 3, 48, 68, 34, 68, 0]"
j20,2,stnu,60,True,38,0.7766048908233643,0.02605414390563965,"[0, 0, 0, 0, 4, 9, 4, 1, 17, 7, 24, 5, 9, 12, 11, 18, 11, 17, 32, 17, 25, 0, 0, 0, 0, 38]","""[0, 4, 1, 1, 3, 2, 1, 7, 7, 2, 8, 3, 8, 1, 1, 7, 3, 1, 6, 1, 4, 48, 68, 34, 68, 0]"""
j20,2,proactive_quantile_0.9,60,False,inf,0.08111763000488281,inf,"[0, 0, 0, 0, 3, 9, 3, 3, 14, 5, 25, 6, 7, 13, 11, 19, 11, 19, 34, 16, 26, 0, 0, 0, 0, 67]","""[0, 1, 1, 4, 2, 1, 4, 9, 13, 1, 9, 3, 6, 4, 1, 6, 1, 1, 5, 1, 3, 48, 68, 34, 68, 0]"""
j20,2,reactive,60,False,inf,inf,inf,null,"[0, 1, 1, 4, 2, 1, 4, 9, 13, 1, 9, 3, 6, 4, 1, 6, 1, 1, 5, 1, 3, 48, 68, 34, 68, 0]"
j20,2,stnu,60,True,41,0.7704451084136963,0.026242733001708984,"[0, 0, 0, 0, 4, 8, 1, 4, 14, 6, 27, 5, 7, 14, 13, 19, 13, 18, 36, 18, 27, 0, 0, 0, 0, 41]","""[0, 1, 1, 4, 2, 1, 4, 9, 13, 1, 9, 3, 6, 4, 1, 6, 1, 1, 5, 1, 3, 48, 68, 34, 68, 0]"""
j20,2,proactive_quantile_0.9,60,False,inf,0.07251358032226562,inf,"[0, 0, 0, 0, 3, 9, 3, 3, 14, 5, 25, 6, 7, 13, 11, 19, 11, 19, 34, 16, 26, 0, 0, 0, 0, 67]","""[0, 1, 2, 2, 3, 2, 4, 9, 11, 2, 3, 3, 8, 4, 3, 3, 7, 6, 13, 4, 1, 48, 68, 34, 68, 0]"""
j20,2,reactive,60,False,inf,inf,inf,null,"[0, 1, 2, 2, 3, 2, 4, 9, 11, 2, 3, 3, 8, 4, 3, 3, 7, 6, 13, 4, 1, 48, 68, 34, 68, 0]"
j20,2,stnu,60,True,42,0.7156784534454346,0.02626204490661621,"[0, 0, 0, 0, 2, 9, 2, 2, 15, 5, 26, 6, 7, 14, 11, 22, 11, 18, 29, 18, 26, 0, 0, 0, 0, 42]","""[0, 1, 2, 2, 3, 2, 4, 9, 11, 2, 3, 3, 8, 4, 3, 3, 7, 6, 13, 4, 1, 48, 68, 34, 68, 0]"""
